,cluster
SRA-ACAAGCTAAAGACGGA,6
SRA-ACAAGCTAAAGGTACA,3
SRA-ACAAGCTAACACAGAA,3
SRA-ACAAGCTAACAGCAGA,2
SRA-ACAAGCTAACCTCCAA,2
SRA-ACAAGCTAACGCTCGA,3
SRA-ACAAGCTAACGTATCA,3
SRA-ACAAGCTAACTATGCA,2
SRA-ACAAGCTAAGAGTCAA,2
SRA-ACAAGCTAAGATCGCA,2
SRA-ACAAGCTAAGCAGGAA,3
SRA-ACAAGCTAAGTCACTA,3
SRA-ACAAGCTAATCCTGTA,0
SRA-ACAAGCTAATTGAGGA,3
SRA-ACAAGCTACAACCACA,0
SRA-ACAAGCTAGACTAGTA,2
SRA-ACAAGCTACAATGGAA,2
SRA-ACAAGCTACACTTCGA,0
SRA-ACAAGCTACAGCGTTA,0
SRA-ACAAGCTACATACCAA,0
SRA-ACAAGCTACCAGTTCA,3
SRA-ACAAGCTACCGAAGTA,0
SRA-ACAAGCTACCGTGAGA,0
SRA-ACAAGCTACCTCCTGA,0
SRA-ACAAGCTACGAACTTA,3
SRA-ACAAGCTACGACTGGA,0
SRA-ACAAGCTACGCATACA,0
SRA-ACAAGCTACTCAATGA,0
SRA-ACAAGCTACTGAGCCA,3
SRA-ACAAGCTACTGGCATA,2
SRA-ACAAGCTAGAATCTGA,2
SRA-ACAAGCTACAAGACTA,3
SRA-ACAAGCTAGAGCTGAA,0
SRA-ACAAGCTAGATAGACA,9
SRA-ACAAGCTAGCCACATA,8
SRA-CTGTAGCCAAGGTACA,3
SRA-CTGTAGCCACACAGAA,0
SRA-CTGTAGCCACCTCCAA,2
SRA-CTGTAGCCACGCTCGA,2
SRA-CTGTAGCCACGTATCA,2
SRA-CTGTAGCCACTATGCA,0
SRA-CTGTAGCCAGAGTCAA,3
SRA-CTGTAGCCAGATCGCA,0
SRA-CTGTAGCCAGCAGGAA,2
SRA-CTGTAGCCAGTCACTA,0
SRA-CTGTAGCCATCCTGTA,0
SRA-CTGTAGCCATTGAGGA,3
SRA-CTGTAGCCCAACCACA,2
SRA-CTGTAGCCGACTAGTA,2
SRA-CTGTAGCCCAATGGAA,6
SRA-CTGTAGCCCACTTCGA,2
SRA-CTGTAGCCCAGCGTTA,2
SRA-CTGTAGCCCATACCAA,6
SRA-CTGTAGCCCCAGTTCA,2
SRA-CTGTAGCCCCGAAGTA,0
SRA-CTGTAGCCCCGTGAGA,3
SRA-CTGTAGCCCCTCCTGA,3
SRA-CTGTAGCCCGAACTTA,0
SRA-CTGTAGCCCGACTGGA,0
SRA-CTGTAGCCCGCATACA,0
SRA-CTGTAGCCCTCAATGA,0
SRA-CTGTAGCCCTGAGCCA,3
SRA-CTGTAGCCCTGGCATA,3
SRA-CTGTAGCCGAATCTGA,6
SRA-CTGTAGCCCAAGACTA,2
SRA-CTGTAGCCGAGCTGAA,0
SRA-CTGTAGCCGATAGACA,9
SRA-CTGTAGCCGCCACATA,1
SRA-AGTACAAGCTGTAGCC,2
SRA-AGTACAAGACACAGAA,3
SRA-AGTACAAGACAGCAGA,2
SRA-AGTACAAGACCTCCAA,3
SRA-AGTACAAGACGCTCGA,6
SRA-AGTACAAGACGTATCA,2
SRA-AGTACAAGACTATGCA,2
SRA-AGTACAAGAGAGTCAA,3
SRA-AGTACAAGAGATCGCA,0
SRA-AGTACAAGAGCAGGAA,0
SRA-AGTACAAGAGTCACTA,0
SRA-AGTACAAGATCCTGTA,3
SRA-AGTACAAGATTGAGGA,3
SRA-AGTACAAGCAACCACA,3
SRA-AGTACAAGGACTAGTA,6
SRA-AGTACAAGCAATGGAA,6
SRA-AGTACAAGCACTTCGA,2
SRA-AGTACAAGCAGCGTTA,2
SRA-AGTACAAGCATACCAA,3
SRA-AGTACAAGCCAGTTCA,2
SRA-AGTACAAGCCGAAGTA,0
SRA-AGTACAAGCCGTGAGA,0
SRA-AGTACAAGCCTCCTGA,0
SRA-AGTACAAGCGAACTTA,0
SRA-AGTACAAGCGACTGGA,0
SRA-AGTACAAGCGCATACA,0
SRA-AGTACAAGCTCAATGA,0
SRA-AGTACAAGCTGAGCCA,0
SRA-AGTACAAGCTGGCATA,3
SRA-AGTACAAGGAATCTGA,3
SRA-AGTACAAGCAAGACTA,6
SRA-AGTACAAGGAGCTGAA,0
SRA-AGTACAAGGATAGACA,0
SRA-AGTACAAGACCACTGT,3
SRA-AGTACAAGGCCACATA,8
SRA-AGTACAAGACATTGGC,3
SRA-AGTACAAGCAGATCTG,2
SRA-AACAACCAACAAGCTA,2
SRA-AACAACCACTGTAGCC,7
SRA-AACAACCAAGTACAAG,3
SRA-AACAACCAAACAACCA,0
SRA-AACAACCAAACCGAGA,0
SRA-AACAACCAAACGCTTA,3
SRA-AACAACCAACACAGAA,3
SRA-AACAACCAACAGCAGA,0
SRA-AACAACCAACCTCCAA,3
SRA-AACAACCAACGCTCGA,2
SRA-AACAACCAACGTATCA,3
SRA-AACAACCAACTATGCA,3
SRA-AACAACCAAGAGTCAA,0
SRA-AACAACCAAGATCGCA,0
SRA-AACAACCAAGCAGGAA,3
SRA-AACAACCAAGTCACTA,0
SRA-AACAACCAATCCTGTA,3
SRA-AACAACCAATTGAGGA,3
SRA-AACAACCACAACCACA,3
SRA-AACAACCAGACTAGTA,2
SRA-AACAACCACAATGGAA,2
SRA-AACAACCACACTTCGA,3
SRA-AACAACCACAGCGTTA,2
SRA-AACAACCACATACCAA,2
SRA-AACAACCACCAGTTCA,2
SRA-AACAACCACCGAAGTA,3
SRA-AACAACCACCGTGAGA,0
SRA-AACAACCACCTCCTGA,0
SRA-AACAACCAAGTGGTCA,6
SRA-AACAACCACGAACTTA,0
SRA-AACAACCACGACTGGA,0
SRA-AACAACCACGCATACA,0
SRA-AACAACCACTCAATGA,0
SRA-AACAACCACTGAGCCA,0
SRA-AACAACCACTGGCATA,0
SRA-AACAACCAGAATCTGA,3
SRA-AACAACCACAAGACTA,2
SRA-AACAACCAGAGCTGAA,3
SRA-AACAACCAGATAGACA,0
SRA-AACAACCAACCACTGT,3
SRA-AACAACCAGCCACATA,8
SRA-AACAACCAACATTGGC,2
SRA-AACAACCACAGATCTG,2
SRA-AACAACCACATCAAGT,3
SRA-AACAACCACGCTGATC,0
SRA-AACCGAGAACAAGCTA,2
SRA-AACCGAGACTGTAGCC,3
SRA-AACCGAGAAGTACAAG,3
SRA-AACCGAGAAACAACCA,2
SRA-AACCGAGAAACCGAGA,3
SRA-AACCGAGAAACGCTTA,2
SRA-AACCGAGAAAGACGGA,0
SRA-AACCGAGAAAGGTACA,0
SRA-AACCGAGAACACAGAA,0
SRA-AACCGAGAACAGCAGA,0
SRA-AACCGAGAACCTCCAA,0
SRA-AACCGAGAACGCTCGA,3
SRA-AACCGAGAACGTATCA,6
SRA-AACCGAGAACTATGCA,2
SRA-AACCGAGAAGAGTCAA,2
SRA-AACCGAGAAGATCGCA,0
SRA-AACCGAGAAGCAGGAA,0
SRA-AACCGAGAAGTCACTA,0
SRA-AACCGAGAATCCTGTA,0
SRA-AACCGAGAATTGAGGA,0
SRA-AACCGAGACAACCACA,3
SRA-AACCGAGAGACTAGTA,3
SRA-AACCGAGACAATGGAA,0
SRA-AACCGAGACACTTCGA,1
SRA-AACCGAGACAGCGTTA,0
SRA-AACCGAGACATACCAA,6
SRA-AACCGAGACCAGTTCA,2
SRA-AACCGAGACCGAAGTA,2
SRA-AACCGAGACCGTGAGA,3
SRA-AACCGAGACCTCCTGA,0
SRA-AACCGAGAAGTGGTCA,2
SRA-AACCGAGACGAACTTA,0
SRA-AACCGAGACGACTGGA,0
SRA-AACCGAGACGCATACA,0
SRA-AACCGAGACTCAATGA,4
SRA-AACCGAGACTGAGCCA,0
SRA-AACCGAGACTGGCATA,0
SRA-AACCGAGAGAATCTGA,2
SRA-AACCGAGACAAGACTA,2
SRA-AACCGAGAGAGCTGAA,0
SRA-AACCGAGAGATAGACA,4
SRA-AACCGAGAACCACTGT,2
SRA-AACCGAGAGCCACATA,4
SRA-AACCGAGAACATTGGC,3
SRA-AACCGAGACAGATCTG,3
SRA-AACCGAGACATCAAGT,3
SRA-AACCGAGACGCTGATC,2
SRA-AACGCTTAACAAGCTA,3
SRA-AACGCTTACTGTAGCC,3
SRA-AACGCTTAAGTACAAG,2
SRA-AACGCTTAAACAACCA,2
SRA-AACGCTTAAACCGAGA,2
SRA-AACGCTTAAACGCTTA,2
SRA-AACGCTTAAAGACGGA,0
SRA-AACGCTTAAAGGTACA,0
SRA-AACGCTTAACACAGAA,0
SRA-AACGCTTAACAGCAGA,3
SRA-AACGCTTAAAACATCG,2
SRA-AACGCTTAACCTCCAA,3
SRA-AACGCTTAACGCTCGA,7
SRA-AACGCTTAACGTATCA,2
SRA-AACGCTTAACTATGCA,2
SRA-AACGCTTAAGAGTCAA,2
SRA-AACGCTTAAGATCGCA,3
SRA-AACGCTTAAGCAGGAA,0
SRA-AACGCTTAAGTCACTA,0
SRA-AACGCTTAATCCTGTA,3
SRA-AACGCTTAATTGAGGA,3
SRA-AACGCTTAATGCCTAA,0
SRA-AACGCTTACAACCACA,3
SRA-AACGCTTAGACTAGTA,3
SRA-AACGCTTACAATGGAA,3
SRA-AACGCTTACACTTCGA,0
SRA-AACGCTTACAGCGTTA,2
SRA-AACGCTTACATACCAA,0
SRA-AACGCTTACCAGTTCA,2
SRA-AACGCTTACCGAAGTA,3
SRA-AACGCTTACCGTGAGA,0
SRA-AACGCTTACCTCCTGA,3
SRA-AACGCTTAAGTGGTCA,2
SRA-AACGCTTACGAACTTA,0
SRA-AACGCTTACGACTGGA,0
SRA-AACGCTTACGCATACA,4
SRA-AACGCTTACTCAATGA,1
SRA-AACGCTTACTGAGCCA,0
SRA-AACGCTTACTGGCATA,0
SRA-AACGCTTAGAATCTGA,0
SRA-AACGCTTACAAGACTA,2
SRA-AACGCTTAGAGCTGAA,3
SRA-AACGCTTAGATAGACA,4
SRA-AACGCTTAACCACTGT,2
SRA-AACGCTTAGCCACATA,4
SRA-AACGCTTAACATTGGC,3
SRA-AACGCTTACAGATCTG,2
SRA-AACGCTTACATCAAGT,0
SRA-AACGCTTACGCTGATC,0
SRA-AAGACGGAAACGTGAT,3
SRA-AAGACGGAACAAGCTA,3
SRA-AAGACGGACTGTAGCC,0
SRA-AAGACGGAAGTACAAG,3
SRA-AAGACGGAAACAACCA,3
SRA-AAGACGGAAACCGAGA,2
SRA-AAGACGGAAACGCTTA,2
SRA-AAGACGGAAAGACGGA,3
SRA-AAGACGGAAAGGTACA,2
SRA-AAGACGGAACACAGAA,2
SRA-AAGACGGAACAGCAGA,2
SRA-AAGACGGAAAACATCG,7
SRA-AAGACGGAACCTCCAA,3
SRA-AAGACGGAACGCTCGA,0
SRA-AAGACGGAACGTATCA,2
SRA-AAGACGGAACTATGCA,2
SRA-AAGACGGAAGAGTCAA,3
SRA-AAGACGGAAGATCGCA,0
SRA-AAGACGGAAGCAGGAA,3
SRA-AAGACGGAAGTCACTA,0
SRA-AAGACGGAATCCTGTA,3
SRA-AAGACGGAATTGAGGA,0
SRA-AAGACGGAATGCCTAA,0
SRA-AAGACGGACAACCACA,2
SRA-AAGACGGAGACTAGTA,3
SRA-AAGACGGACAATGGAA,2
SRA-AAGACGGACAGCGTTA,0
SRA-AAGACGGACATACCAA,0
SRA-AAGACGGACCAGTTCA,0
SRA-AAGACGGACCGAAGTA,0
SRA-AAGACGGACCGTGAGA,3
SRA-AAGACGGACCTCCTGA,0
SRA-AAGACGGAAGTGGTCA,2
SRA-AAGACGGACGAACTTA,3
SRA-AAGACGGACGACTGGA,0
SRA-AAGACGGACGCATACA,0
SRA-AAGACGGACTCAATGA,4
SRA-AAGACGGACTGAGCCA,0
SRA-AAGACGGACTGGCATA,0
SRA-AAGACGGAGAATCTGA,0
SRA-AAGACGGACAAGACTA,2
SRA-AAGACGGAGAGCTGAA,3
SRA-AAGACGGAGATAGACA,4
SRA-AAGACGGAACCACTGT,2
SRA-AAGACGGAGCCACATA,4
SRA-AAGACGGAACATTGGC,2
SRA-AAGACGGACAGATCTG,2
SRA-AAGACGGACATCAAGT,3
SRA-AAGACGGACGCTGATC,3
SRA-AAGGTACAAACGTGAT,1
SRA-AAGGTACAACAAGCTA,0
SRA-AAGGTACACTGTAGCC,0
SRA-AAGGTACAAGTACAAG,0
SRA-AAGGTACAAACAACCA,0
SRA-AAGGTACAAACCGAGA,0
SRA-AAGGTACAAACGCTTA,0
SRA-AAGGTACAAAGACGGA,1
SRA-AAGGTACAAAGGTACA,3
SRA-AAGGTACAACACAGAA,3
SRA-AAGGTACAACAGCAGA,2
SRA-AAGGTACAAAACATCG,0
SRA-AAGGTACAACCTCCAA,3
SRA-AAGGTACAACGCTCGA,0
SRA-AAGGTACAACGTATCA,2
SRA-AAGGTACAACTATGCA,2
SRA-AAGGTACAAGAGTCAA,2
SRA-AAGGTACAAGATCGCA,0
SRA-AAGGTACAAGCAGGAA,2
SRA-AAGGTACAAGTCACTA,0
SRA-AAGGTACAATCCTGTA,0
SRA-AAGGTACAATTGAGGA,0
SRA-AAGGTACAATGCCTAA,0
SRA-AAGGTACACAACCACA,3
SRA-AAGGTACAGACTAGTA,0
SRA-AAGGTACACAATGGAA,0
SRA-AAGGTACACACTTCGA,0
SRA-AAGGTACACAGCGTTA,0
SRA-AAGGTACACATACCAA,4
SRA-AAGGTACACCAGTTCA,4
SRA-AAGGTACACCGAAGTA,0
SRA-AAGGTACACCGTGAGA,0
SRA-AAGGTACACCTCCTGA,0
SRA-AAGGTACAAGTGGTCA,2
SRA-AAGGTACACGAACTTA,0
SRA-AAGGTACACGACTGGA,1
SRA-AAGGTACACGCATACA,1
SRA-AAGGTACACTCAATGA,4
SRA-AAGGTACACTGAGCCA,0
SRA-AAGGTACACTGGCATA,0
SRA-AAGGTACAGAATCTGA,0
SRA-AAGGTACACAAGACTA,3
SRA-AAGGTACAGAGCTGAA,2
SRA-AAGGTACAGATAGACA,4
SRA-AAGGTACAACCACTGT,3
SRA-AAGGTACAGCCACATA,1
SRA-AAGGTACAACATTGGC,2
SRA-AAGGTACACAGATCTG,2
SRA-AAGGTACACATCAAGT,0
SRA-AAGGTACACGCTGATC,3
SRA-ACACAGAAAACGTGAT,0
SRA-ACACAGAAACAAGCTA,0
SRA-ACACAGAACTGTAGCC,1
SRA-ACACAGAAAGTACAAG,1
SRA-ACACAGAAAACAACCA,0
SRA-ACACAGAAAACCGAGA,1
SRA-ACACAGAAAACGCTTA,3
SRA-ACACAGAAAAGACGGA,0
SRA-ACACAGAAAAGGTACA,0
SRA-ACACAGAAACACAGAA,0
SRA-ACACAGAAACAGCAGA,0
SRA-ACACAGAAAAACATCG,0
SRA-ACACAGAAACCTCCAA,0
SRA-ACACAGAAACGCTCGA,2
SRA-ACACAGAAACGTATCA,2
SRA-ACACAGAAACTATGCA,2
SRA-ACACAGAAAGAGTCAA,6
SRA-ACACAGAAAGATCGCA,2
SRA-ACACAGAAAGCAGGAA,3
SRA-ACACAGAAAGTCACTA,0
SRA-ACACAGAAATCCTGTA,0
SRA-ACACAGAAATTGAGGA,0
SRA-ACACAGAAATGCCTAA,2
SRA-ACACAGAACAACCACA,0
SRA-ACACAGAAGACTAGTA,2
SRA-ACACAGAACAATGGAA,2
SRA-ACACAGAACACTTCGA,0
SRA-ACACAGAACAGCGTTA,0
SRA-ACACAGAACATACCAA,4
SRA-ACACAGAACCAGTTCA,4
SRA-ACACAGAACCGAAGTA,0
SRA-ACACAGAACCGTGAGA,0
SRA-ACACAGAACCTCCTGA,0
SRA-ACACAGAAAGTGGTCA,2
SRA-ACACAGAACGAACTTA,4
SRA-ACACAGAACGACTGGA,4
SRA-ACACAGAACGCATACA,0
SRA-ACACAGAACTCAATGA,4
SRA-ACACAGAACTGAGCCA,0
SRA-ACACAGAACTGGCATA,0
SRA-ACACAGAAGAATCTGA,0
SRA-ACACAGAACAAGACTA,3
SRA-ACACAGAAGAGCTGAA,2
SRA-ACACAGAAGATAGACA,4
SRA-ACACAGAAACCACTGT,3
SRA-ACACAGAAGCCACATA,4
SRA-ACACAGAAACATTGGC,3
SRA-ACACAGAACAGATCTG,0
SRA-ACACAGAACATCAAGT,0
SRA-ACACAGAACGCTGATC,0
SRA-ACAGCAGAAACGTGAT,0
SRA-ACAGCAGAACAAGCTA,3
SRA-ACAGCAGACTGTAGCC,0
SRA-ACAGCAGAAGTACAAG,0
SRA-ACAGCAGAAACAACCA,0
SRA-ACAGCAGAAACCGAGA,0
SRA-ACAGCAGAAACGCTTA,0
SRA-ACAGCAGAAAGACGGA,0
SRA-ACAGCAGAAAGGTACA,0
SRA-ACAGCAGAACACAGAA,0
SRA-ACAGCAGAACAGCAGA,3
SRA-ACAGCAGAAAACATCG,0
SRA-ACAGCAGAACCTCCAA,3
SRA-ACAGCAGAACGCTCGA,2
SRA-ACAGCAGAACGTATCA,3
SRA-ACAGCAGAACTATGCA,2
SRA-ACAGCAGAAGAGTCAA,2
SRA-ACAGCAGAAGATCGCA,0
SRA-ACAGCAGAAGCAGGAA,2
SRA-ACAGCAGAAGTCACTA,3
SRA-ACAGCAGAATCCTGTA,0
SRA-ACAGCAGAATTGAGGA,0
SRA-ACAGCAGAATGCCTAA,2
SRA-ACAGCAGACAACCACA,0
SRA-ACAGCAGAGACTAGTA,3
SRA-ACAGCAGACAATGGAA,0
SRA-ACAGCAGACACTTCGA,0
SRA-ACAGCAGACAGCGTTA,1
SRA-ACAGCAGACATACCAA,4
SRA-ACAGCAGACCAGTTCA,1
SRA-ACAGCAGACCGAAGTA,0
SRA-ACAGCAGACCGTGAGA,3
SRA-ACAGCAGACCTCCTGA,0
SRA-ACAGCAGAAGTGGTCA,2
SRA-ACAGCAGACGAACTTA,1
SRA-ACAGCAGACGACTGGA,0
SRA-ACAGCAGACGCATACA,4
SRA-ACAGCAGACTCAATGA,0
SRA-ACAGCAGACTGAGCCA,0
SRA-ACAGCAGACTGGCATA,0
SRA-ACAGCAGAGAATCTGA,0
SRA-ACAGCAGACAAGACTA,2
SRA-ACAGCAGAGAGCTGAA,2
SRA-ACAGCAGAGATAGACA,4
SRA-ACAGCAGAACCACTGT,2
SRA-ACAGCAGAGCCACATA,4
SRA-ACAGCAGAACATTGGC,0
SRA-ACAGCAGACAGATCTG,1
SRA-ACAGCAGACATCAAGT,1
SRA-ACAGCAGACGCTGATC,0
SRA-AACGTGATAAGACGGA,3
SRA-AACGTGATAAGGTACA,6
SRA-AACGTGATACACAGAA,3
SRA-AACGTGATACAGCAGA,6
SRA-AACGTGATAAACATCG,0
SRA-AACGTGATACCTCCAA,6
SRA-AACGTGATACGCTCGA,0
SRA-AACGTGATACGTATCA,7
SRA-AACGTGATACTATGCA,3
SRA-AACGTGATAGAGTCAA,0
SRA-AACGTGATAGATCGCA,0
SRA-AACGTGATAGCAGGAA,0
SRA-AACGTGATAGTCACTA,2
SRA-AACGTGATATCCTGTA,0
SRA-AACGTGATATTGAGGA,6
SRA-AACGTGATATGCCTAA,0
SRA-AACGTGATCAACCACA,2
SRA-AACGTGATGACTAGTA,2
SRA-AACGTGATCAATGGAA,3
SRA-AACGTGATCACTTCGA,0
SRA-AACGTGATCAGCGTTA,2
SRA-AACGTGATCATACCAA,2
SRA-AACGTGATCCAGTTCA,3
SRA-AACGTGATCCGAAGTA,6
SRA-AACGTGATCCGTGAGA,0
SRA-AACGTGATCCTCCTGA,3
SRA-AACGTGATAGTGGTCA,0
SRA-AACGTGATCGAACTTA,0
SRA-AACGTGATCGCATACA,3
SRA-AACGTGATCTCAATGA,0
SRA-AACGTGATCTGAGCCA,3
SRA-AACGTGATCTGGCATA,3
SRA-AACGTGATGAATCTGA,0
SRA-AACGTGATCAAGACTA,0
SRA-AACGTGATGAGCTGAA,4
SRA-AACGTGATGATAGACA,0
SRA-AACGTGATACCACTGT,8
SRA-AACGTGATGCCACATA,0
SRA-AACGTGATACATTGGC,0
SRA-AACGTGATCAGATCTG,0
SRA-ACCTCCAAAACGTGAT,0
SRA-ACCTCCAAACAAGCTA,1
SRA-ACCTCCAACTGTAGCC,1
SRA-ACCTCCAAAGTACAAG,0
SRA-ACCTCCAAAACAACCA,0
SRA-ACCTCCAAAACCGAGA,0
SRA-ACCTCCAAAACGCTTA,0
SRA-ACCTCCAAAAGACGGA,0
SRA-ACCTCCAAAAGGTACA,0
SRA-ACCTCCAAACACAGAA,0
SRA-ACCTCCAAACAGCAGA,0
SRA-ACCTCCAAAAACATCG,2
SRA-ACCTCCAAACCTCCAA,0
SRA-ACCTCCAAACGCTCGA,0
SRA-ACCTCCAAACGTATCA,3
SRA-ACCTCCAAACTATGCA,0
SRA-ACCTCCAAAGAGTCAA,7
SRA-ACCTCCAAAGATCGCA,0
SRA-ACCTCCAAAGCAGGAA,0
SRA-ACCTCCAAAGTCACTA,0
SRA-ACCTCCAAATCCTGTA,0
SRA-ACCTCCAAATTGAGGA,0
SRA-ACCTCCAAATGCCTAA,2
SRA-ACCTCCAACAACCACA,2
SRA-ACCTCCAAGACTAGTA,0
SRA-ACCTCCAACAATGGAA,0
SRA-ACCTCCAACACTTCGA,0
SRA-ACCTCCAACAGCGTTA,4
SRA-ACCTCCAACATACCAA,4
SRA-ACCTCCAACCAGTTCA,0
SRA-ACCTCCAACCGAAGTA,0
SRA-ACCTCCAACCGTGAGA,3
SRA-ACCTCCAACCTCCTGA,0
SRA-ACCTCCAAAGTGGTCA,2
SRA-ACCTCCAACGAACTTA,0
SRA-ACCTCCAACGACTGGA,0
SRA-ACCTCCAACGCATACA,0
SRA-ACCTCCAACTCAATGA,4
SRA-ACCTCCAACTGAGCCA,0
SRA-ACCTCCAACTGGCATA,0
SRA-ACCTCCAAGAATCTGA,3
SRA-ACCTCCAACAAGACTA,2
SRA-ACCTCCAAGAGCTGAA,2
SRA-ACCTCCAAGATAGACA,4
SRA-ACCTCCAAACCACTGT,0
SRA-ACCTCCAAGCCACATA,4
SRA-ACCTCCAAACATTGGC,8
SRA-ACCTCCAACAGATCTG,8
SRA-ACCTCCAACATCAAGT,1
SRA-ACCTCCAACGCTGATC,4
SRA-ACGCTCGAAACGTGAT,7
SRA-ACGCTCGAACAAGCTA,3
SRA-ACGCTCGACTGTAGCC,0
SRA-ACGCTCGAAGTACAAG,3
SRA-ACGCTCGAAACAACCA,0
SRA-ACGCTCGAAACCGAGA,0
SRA-ACGCTCGAAACGCTTA,0
SRA-ACGCTCGAAAGACGGA,0
SRA-ACGCTCGAAAGGTACA,0
SRA-ACGCTCGAACACAGAA,0
SRA-ACGCTCGAACAGCAGA,0
SRA-ACGCTCGAAAACATCG,3
SRA-ACGCTCGAACCTCCAA,0
SRA-ACGCTCGAACGCTCGA,0
SRA-ACGCTCGAACGTATCA,3
SRA-ACGCTCGAACTATGCA,0
SRA-ACGCTCGAAGAGTCAA,0
SRA-ACGCTCGAAGATCGCA,0
SRA-ACGCTCGAAGCAGGAA,0
SRA-ACGCTCGAAGTCACTA,0
SRA-ACGCTCGAATCCTGTA,0
SRA-ACGCTCGAATTGAGGA,0
SRA-ACGCTCGAATGCCTAA,2
SRA-ACGCTCGACAACCACA,3
SRA-ACGCTCGAGACTAGTA,0
SRA-ACGCTCGACAATGGAA,1
SRA-ACGCTCGACACTTCGA,1
SRA-ACGCTCGACAGCGTTA,4
SRA-ACGCTCGACATACCAA,4
SRA-ACGCTCGACCAGTTCA,3
SRA-ACGCTCGACCGAAGTA,3
SRA-ACGCTCGACCGTGAGA,0
SRA-ACGCTCGACCTCCTGA,0
SRA-ACGCTCGAAGTGGTCA,2
SRA-ACGCTCGACGAACTTA,0
SRA-ACGCTCGACGACTGGA,1
SRA-ACGCTCGACGCATACA,0
SRA-ACGCTCGACTCAATGA,0
SRA-ACGCTCGACTGAGCCA,0
SRA-ACGCTCGACTGGCATA,0
SRA-ACGCTCGAGAATCTGA,0
SRA-ACGCTCGACAAGACTA,0
SRA-ACGCTCGAGAGCTGAA,0
SRA-ACGCTCGAGATAGACA,0
SRA-ACGCTCGAACCACTGT,0
SRA-ACGCTCGAGCCACATA,4
SRA-ACGCTCGAACATTGGC,8
SRA-ACGCTCGACAGATCTG,0
SRA-ACGCTCGACATCAAGT,4
SRA-ACGCTCGACGCTGATC,1
SRA-ACGTATCAAACGTGAT,2
SRA-ACGTATCAACAAGCTA,0
SRA-ACGTATCACTGTAGCC,0
SRA-ACGTATCAAGTACAAG,0
SRA-ACGTATCAAACAACCA,0
SRA-ACGTATCAAACCGAGA,0
SRA-ACGTATCAAACGCTTA,0
SRA-ACGTATCAAAGACGGA,0
SRA-ACGTATCAAAGGTACA,0
SRA-ACGTATCAACACAGAA,0
SRA-ACGTATCAACAGCAGA,0
SRA-ACGTATCAAAACATCG,2
SRA-ACGTATCAACCTCCAA,0
SRA-ACGTATCAACGCTCGA,0
SRA-ACGTATCAACGTATCA,3
SRA-ACGTATCAACTATGCA,3
SRA-ACGTATCAAGAGTCAA,0
SRA-ACGTATCAAGATCGCA,0
SRA-ACGTATCAAGCAGGAA,0
SRA-ACGTATCAAGTCACTA,0
SRA-ACGTATCAATCCTGTA,0
SRA-ACGTATCAATTGAGGA,0
SRA-ACGTATCAATGCCTAA,2
SRA-ACGTATCACAACCACA,0
SRA-ACGTATCAGACTAGTA,0
SRA-ACGTATCACAATGGAA,0
SRA-ACGTATCACACTTCGA,1
SRA-ACGTATCACAGCGTTA,4
SRA-ACGTATCACATACCAA,4
SRA-ACGTATCACCAGTTCA,3
SRA-ACGTATCACCGAAGTA,2
SRA-ACGTATCACCGTGAGA,0
SRA-ACGTATCACCTCCTGA,0
SRA-ACGTATCAAGTGGTCA,2
SRA-ACGTATCACGAACTTA,0
SRA-ACGTATCACGACTGGA,0
SRA-ACGTATCACGCATACA,1
SRA-ACGTATCACTCAATGA,0
SRA-ACGTATCACTGAGCCA,3
SRA-ACGTATCACTGGCATA,0
SRA-ACGTATCAGAATCTGA,3
SRA-ACGTATCACAAGACTA,3
SRA-ACGTATCAGAGCTGAA,3
SRA-ACGTATCAGATAGACA,2
SRA-ACGTATCAACCACTGT,8
SRA-ACGTATCAGCCACATA,4
SRA-ACGTATCAACATTGGC,8
SRA-ACGTATCACAGATCTG,1
SRA-ACGTATCACATCAAGT,1
SRA-ACGTATCACGCTGATC,0
SRA-ACTATGCAAACGTGAT,3
SRA-ACTATGCAACAAGCTA,2
SRA-ACTATGCACTGTAGCC,3
SRA-ACTATGCAAGTACAAG,0
SRA-ACTATGCAAACAACCA,0
SRA-ACTATGCAAACCGAGA,0
SRA-ACTATGCAAACGCTTA,0
SRA-ACTATGCAAAGACGGA,0
SRA-ACTATGCAAAGGTACA,0
SRA-ACTATGCAACACAGAA,0
SRA-ACTATGCAACAGCAGA,0
SRA-ACTATGCAAAACATCG,3
SRA-ACTATGCAACCTCCAA,0
SRA-ACTATGCAACGCTCGA,0
SRA-ACTATGCAACGTATCA,0
SRA-ACTATGCAACTATGCA,0
SRA-ACTATGCAAGAGTCAA,0
SRA-ACTATGCAAGATCGCA,0
SRA-ACTATGCAAGCAGGAA,0
SRA-ACTATGCAAGTCACTA,0
SRA-ACTATGCAATCCTGTA,0
SRA-ACTATGCAATTGAGGA,0
SRA-ACTATGCAATGCCTAA,0
SRA-ACTATGCACAACCACA,0
SRA-ACTATGCAGACTAGTA,1
SRA-ACTATGCACAATGGAA,0
SRA-ACTATGCACACTTCGA,0
SRA-ACTATGCACAGCGTTA,4
SRA-ACTATGCACATACCAA,1
SRA-ACTATGCACCAGTTCA,3
SRA-ACTATGCACCGAAGTA,3
SRA-ACTATGCACCGTGAGA,0
SRA-ACTATGCACCTCCTGA,0
SRA-ACTATGCAAGTGGTCA,0
SRA-ACTATGCACGAACTTA,0
SRA-ACTATGCACGACTGGA,0
SRA-ACTATGCACGCATACA,0
SRA-ACTATGCACTCAATGA,0
SRA-ACTATGCACTGAGCCA,3
SRA-ACTATGCACTGGCATA,2
SRA-ACTATGCAGAATCTGA,2
SRA-ACTATGCAGAGCTGAA,2
SRA-ACTATGCAGATAGACA,0
SRA-ACTATGCAACCACTGT,8
SRA-ACTATGCAGCCACATA,4
SRA-ACTATGCAACATTGGC,1
SRA-ACTATGCACAGATCTG,0
SRA-ACTATGCACATCAAGT,3
SRA-ACTATGCACGCTGATC,3
SRA-AGAGTCAAAACGTGAT,3
SRA-AGAGTCAAACAAGCTA,2
SRA-AGAGTCAACTGTAGCC,0
SRA-AGAGTCAAAGTACAAG,0
SRA-AGAGTCAAAACAACCA,0
SRA-AGAGTCAAAACCGAGA,0
SRA-AGAGTCAAAACGCTTA,0
SRA-AGAGTCAAAAGACGGA,0
SRA-AGAGTCAAAAGGTACA,0
SRA-AGAGTCAAACACAGAA,0
SRA-AGAGTCAAACAGCAGA,0
SRA-AGAGTCAAAAACATCG,0
SRA-AGAGTCAAACCTCCAA,0
SRA-AGAGTCAAACGCTCGA,0
SRA-AGAGTCAAACGTATCA,0
SRA-AGAGTCAAACTATGCA,0
SRA-AGAGTCAAAGAGTCAA,0
SRA-AGAGTCAAAGATCGCA,0
SRA-AGAGTCAAAGCAGGAA,0
SRA-AGAGTCAAAGTCACTA,4
SRA-AGAGTCAAATCCTGTA,4
SRA-AGAGTCAAATTGAGGA,4
SRA-AGAGTCAAATGCCTAA,8
SRA-AGAGTCAACAACCACA,0
SRA-AGAGTCAAGACTAGTA,4
SRA-AGAGTCAACAATGGAA,1
SRA-AGAGTCAACACTTCGA,0
SRA-AGAGTCAACAGCGTTA,0
SRA-AGAGTCAACATACCAA,0
SRA-AGAGTCAACCAGTTCA,0
SRA-AGAGTCAACCGAAGTA,0
SRA-AGAGTCAACCGTGAGA,0
SRA-AGAGTCAACCTCCTGA,3
SRA-AGAGTCAAAGTGGTCA,3
SRA-AGAGTCAACGAACTTA,0
SRA-AGAGTCAACGACTGGA,0
SRA-AGAGTCAACGCATACA,0
SRA-AGAGTCAACTCAATGA,0
SRA-AGAGTCAACTGAGCCA,2
SRA-AGAGTCAACTGGCATA,2
SRA-AGAGTCAAGAGCTGAA,3
SRA-AGAGTCAAGATAGACA,0
SRA-AGAGTCAAACCACTGT,8
SRA-AGAGTCAAGCCACATA,4
SRA-AGAGTCAAACATTGGC,4
SRA-AGAGTCAACAGATCTG,1
SRA-AGAGTCAACATCAAGT,0
SRA-AGAGTCAACGCTGATC,3
SRA-AGATCGCAAACGTGAT,0
SRA-AGATCGCAACAAGCTA,3
SRA-AGATCGCACTGTAGCC,3
SRA-AGATCGCAAGTACAAG,0
SRA-AGATCGCAAACAACCA,0
SRA-AGATCGCAAACCGAGA,0
SRA-AGATCGCAAACGCTTA,0
SRA-AGATCGCAAAGACGGA,0
SRA-AGATCGCAAAGGTACA,0
SRA-AGATCGCAACACAGAA,0
SRA-AGATCGCAACAGCAGA,0
SRA-AGATCGCAAAACATCG,0
SRA-AGATCGCAACCTCCAA,0
SRA-AGATCGCAACGCTCGA,0
SRA-AGATCGCAACGTATCA,3
SRA-AGATCGCAACTATGCA,0
SRA-AGATCGCAAGAGTCAA,0
SRA-AGATCGCAAGATCGCA,4
SRA-AGATCGCAAGCAGGAA,4
SRA-AGATCGCAAGTCACTA,4
SRA-AGATCGCAATCCTGTA,4
SRA-AGATCGCAATTGAGGA,4
SRA-AGATCGCAATGCCTAA,8
SRA-AGATCGCACAACCACA,0
SRA-AGATCGCAGACTAGTA,4
SRA-AGATCGCACAATGGAA,0
SRA-AGATCGCACACTTCGA,0
SRA-AGATCGCACAGCGTTA,0
SRA-AGATCGCACATACCAA,3
SRA-AGATCGCACCAGTTCA,3
SRA-AGATCGCACCGAAGTA,3
SRA-AGATCGCACCGTGAGA,0
SRA-AGATCGCACCTCCTGA,3
SRA-AGATCGCAAGTGGTCA,3
SRA-AGATCGCACGAACTTA,0
SRA-AGATCGCACGACTGGA,0
SRA-AGATCGCACGCATACA,0
SRA-AGATCGCACTCAATGA,0
SRA-AGATCGCACTGAGCCA,2
SRA-AGATCGCACTGGCATA,2
SRA-AGATCGCAGAGCTGAA,0
SRA-AGATCGCAGATAGACA,0
SRA-AGATCGCAACCACTGT,4
SRA-AGATCGCAGCCACATA,4
SRA-AGATCGCAACATTGGC,4
SRA-AGATCGCACAGATCTG,4
SRA-AGATCGCACATCAAGT,1
SRA-AGATCGCACGCTGATC,0
SRA-AGCAGGAAAACGTGAT,8
SRA-AGCAGGAAACAAGCTA,0
SRA-AGCAGGAACTGTAGCC,0
SRA-AGCAGGAAAGTACAAG,0
SRA-AGCAGGAAAACAACCA,1
SRA-AGCAGGAAAACCGAGA,1
SRA-AGCAGGAAAACGCTTA,1
SRA-AGCAGGAAAAGACGGA,0
SRA-AGCAGGAAAAGGTACA,0
SRA-AGCAGGAAACACAGAA,0
SRA-AGCAGGAAACAGCAGA,9
SRA-AGCAGGAAAAACATCG,0
SRA-AGCAGGAAACCTCCAA,1
SRA-AGCAGGAAACGCTCGA,9
SRA-AGCAGGAAACGTATCA,0
SRA-AGCAGGAAACTATGCA,4
SRA-AGCAGGAAAGAGTCAA,4
SRA-AGCAGGAAAGATCGCA,4
SRA-AGCAGGAAAGCAGGAA,4
SRA-AGCAGGAAAGTCACTA,4
SRA-AGCAGGAAATCCTGTA,4
SRA-AGCAGGAAATTGAGGA,4
SRA-AGCAGGAAATGCCTAA,8
SRA-AGCAGGAACAACCACA,4
SRA-AGCAGGAAGACTAGTA,0
SRA-AGCAGGAACAATGGAA,4
SRA-AGCAGGAACACTTCGA,4
SRA-AGCAGGAACAGCGTTA,0
SRA-AGCAGGAACATACCAA,0
SRA-AGCAGGAACCAGTTCA,0
SRA-AGCAGGAACCGAAGTA,0
SRA-AGCAGGAACCGTGAGA,0
SRA-AGCAGGAACCTCCTGA,0
SRA-AGCAGGAAAGTGGTCA,0
SRA-AGCAGGAACGAACTTA,0
SRA-AGCAGGAACGACTGGA,1
SRA-AGCAGGAACGCATACA,9
SRA-AGCAGGAACTCAATGA,1
SRA-AGCAGGAACTGAGCCA,0
SRA-AGCAGGAAGAGCTGAA,0
SRA-AGCAGGAAGATAGACA,1
SRA-AGCAGGAAACCACTGT,4
SRA-AGCAGGAAGCCACATA,0
SRA-AGCAGGAAACATTGGC,4
SRA-AGCAGGAACAGATCTG,4
SRA-AGCAGGAACATCAAGT,4
SRA-AGCAGGAACGCTGATC,0
SRA-AGTCACTAAACGTGAT,8
SRA-AGTCACTAACAAGCTA,0
SRA-AGTCACTACTGTAGCC,0
SRA-AGTCACTAAGTACAAG,0
SRA-AGTCACTAAACAACCA,1
SRA-AGTCACTAAACCGAGA,1
SRA-AGTCACTAAACGCTTA,4
SRA-AGTCACTAAAGACGGA,1
SRA-AGTCACTAAAGGTACA,1
SRA-AGTCACTAACACAGAA,0
SRA-AGTCACTAACAGCAGA,1
SRA-AGTCACTAAAACATCG,0
SRA-AGTCACTAACCTCCAA,0
SRA-AGTCACTAACGCTCGA,4
SRA-AGTCACTAACGTATCA,0
SRA-AGTCACTAACTATGCA,4
SRA-AGTCACTAAGAGTCAA,4
SRA-AGTCACTAAGATCGCA,4
SRA-AGTCACTAAGCAGGAA,4
SRA-AGTCACTAAGTCACTA,4
SRA-AGTCACTAATCCTGTA,4
SRA-AGTCACTAATTGAGGA,4
SRA-AGTCACTAATGCCTAA,4
SRA-AGTCACTACAACCACA,1
SRA-AGTCACTAGACTAGTA,4
SRA-AGTCACTACAATGGAA,4
SRA-AGTCACTACACTTCGA,1
SRA-AGTCACTACAGCGTTA,0
SRA-AGTCACTACATACCAA,0
SRA-AGTCACTACCAGTTCA,0
SRA-AGTCACTACCGAAGTA,0
SRA-AGTCACTACCGTGAGA,0
SRA-AGTCACTACCTCCTGA,0
SRA-AGTCACTAAGTGGTCA,0
SRA-AGTCACTACGAACTTA,0
SRA-AGTCACTACGACTGGA,0
SRA-AGTCACTACGCATACA,0
SRA-AGTCACTAGATAGACA,4
SRA-AGTCACTAACCACTGT,4
SRA-AGTCACTAGCCACATA,0
SRA-AGTCACTAACATTGGC,0
SRA-AGTCACTACAGATCTG,4
SRA-AGTCACTACATCAAGT,4
SRA-AGTCACTACGCTGATC,4
SRA-ATCCTGTAAACGTGAT,4
SRA-ATCCTGTAACAAGCTA,0
SRA-ATCCTGTACTGTAGCC,0
SRA-ATCCTGTAAGTACAAG,0
SRA-ATCCTGTAAACAACCA,0
SRA-ATCCTGTAAACCGAGA,0
SRA-ATCCTGTAAACGCTTA,0
SRA-ATCCTGTAAAGACGGA,1
SRA-ATCCTGTAAAGGTACA,0
SRA-ATCCTGTAACACAGAA,0
SRA-ATCCTGTAACAGCAGA,0
SRA-ATCCTGTAAAACATCG,0
SRA-ATCCTGTAACCTCCAA,0
SRA-ATCCTGTAACGCTCGA,4
SRA-ATCCTGTAACGTATCA,0
SRA-ATCCTGTAACTATGCA,4
SRA-ATCCTGTAAGAGTCAA,4
SRA-ATCCTGTAAGATCGCA,4
SRA-ATCCTGTAAGCAGGAA,4
SRA-ATCCTGTAAGTCACTA,4
SRA-ATCCTGTAATCCTGTA,4
SRA-ATCCTGTAATTGAGGA,4
SRA-ATCCTGTAATGCCTAA,4
SRA-ATCCTGTACAACCACA,4
SRA-ATCCTGTAGACTAGTA,8
SRA-ATCCTGTACAATGGAA,4
SRA-ATCCTGTACACTTCGA,1
SRA-ATCCTGTACAGCGTTA,0
SRA-ATCCTGTACATACCAA,0
SRA-ATCCTGTACCAGTTCA,0
SRA-ATCCTGTACCGAAGTA,3
SRA-ATCCTGTACCGTGAGA,0
SRA-ATCCTGTAAGTGGTCA,0
SRA-ATCCTGTAGATAGACA,1
SRA-ATCCTGTAACCACTGT,1
SRA-ATCCTGTAGCCACATA,0
SRA-ATCCTGTAACATTGGC,0
SRA-ATCCTGTACAGATCTG,0
SRA-ATCCTGTACATCAAGT,4
SRA-ATCCTGTACGCTGATC,4
SRA-ATTGAGGAAACGTGAT,0
SRA-ATTGAGGAACAAGCTA,3
SRA-ATTGAGGACTGTAGCC,0
SRA-ATTGAGGAAGTACAAG,0
SRA-ATTGAGGAAACAACCA,0
SRA-ATTGAGGAAACCGAGA,0
SRA-ATTGAGGAAACGCTTA,0
SRA-ATTGAGGAAAGACGGA,0
SRA-ATTGAGGAAAGGTACA,0
SRA-ATTGAGGAACACAGAA,8
SRA-ATTGAGGAACAGCAGA,0
SRA-ATTGAGGAAAACATCG,1
SRA-ATTGAGGAACCTCCAA,0
SRA-ATTGAGGAACGCTCGA,0
SRA-ATTGAGGAACGTATCA,0
SRA-ATTGAGGAACTATGCA,0
SRA-ATTGAGGAAGAGTCAA,0
SRA-ATTGAGGAAGATCGCA,8
SRA-ATTGAGGAAGCAGGAA,4
SRA-ATTGAGGAAGTCACTA,0
SRA-ATTGAGGAATCCTGTA,4
SRA-ATTGAGGAATTGAGGA,4
SRA-ATTGAGGAATGCCTAA,4
SRA-ATTGAGGACAACCACA,0
SRA-ATTGAGGAGACTAGTA,0
SRA-ATTGAGGACAATGGAA,0
SRA-ATTGAGGACACTTCGA,0
SRA-ATTGAGGACAGCGTTA,2
SRA-ATTGAGGACATACCAA,0
SRA-ATTGAGGAAGTGGTCA,0
SRA-ATTGAGGAGAGCTGAA,0
SRA-ATTGAGGAGATAGACA,4
SRA-ATTGAGGAACCACTGT,4
SRA-ATTGAGGAGCCACATA,0
SRA-ATTGAGGAACATTGGC,4
SRA-ATTGAGGACAGATCTG,4
SRA-ATTGAGGACATCAAGT,4
SRA-ATTGAGGACGCTGATC,4
SRA-AAACATCGAACGTGAT,0
SRA-AAACATCGAAGACGGA,3
SRA-AAACATCGAAGGTACA,2
SRA-AAACATCGACACAGAA,2
SRA-AAACATCGACAGCAGA,2
SRA-AAACATCGAAACATCG,0
SRA-AAACATCGACCTCCAA,2
SRA-AAACATCGACGCTCGA,3
SRA-AAACATCGACGTATCA,3
SRA-AAACATCGACTATGCA,0
SRA-AAACATCGAGAGTCAA,3
SRA-AAACATCGAGATCGCA,3
SRA-AAACATCGAGCAGGAA,0
SRA-AAACATCGAGTCACTA,11
SRA-AAACATCGATCCTGTA,0
SRA-AAACATCGATTGAGGA,0
SRA-AAACATCGATGCCTAA,8
SRA-AAACATCGCAACCACA,2
SRA-AAACATCGGACTAGTA,2
SRA-AAACATCGCAATGGAA,6
SRA-AAACATCGCACTTCGA,2
SRA-AAACATCGCAGCGTTA,6
SRA-AAACATCGCATACCAA,2
SRA-AAACATCGCCAGTTCA,3
SRA-AAACATCGCCGAAGTA,2
SRA-AAACATCGCCGTGAGA,0
SRA-AAACATCGCCTCCTGA,2
SRA-AAACATCGAGTGGTCA,0
SRA-AAACATCGCGAACTTA,0
SRA-AAACATCGCGACTGGA,2
SRA-AAACATCGCGCATACA,2
SRA-AAACATCGCTCAATGA,2
SRA-AAACATCGCTGAGCCA,0
SRA-AAACATCGCTGGCATA,0
SRA-AAACATCGGAATCTGA,8
SRA-AAACATCGCAAGACTA,0
SRA-AAACATCGGAGCTGAA,0
SRA-AAACATCGGATAGACA,2
SRA-AAACATCGACCACTGT,0
SRA-AAACATCGGCCACATA,3
SRA-AAACATCGACATTGGC,0
SRA-AAACATCGCAGATCTG,2
SRA-CAACCACAAACGTGAT,0
SRA-CAACCACAACAAGCTA,3
SRA-CAACCACACTGTAGCC,3
SRA-CAACCACAAGTACAAG,3
SRA-CAACCACAAACAACCA,0
SRA-CAACCACAAACCGAGA,0
SRA-CAACCACAAACGCTTA,0
SRA-CAACCACAAAGACGGA,0
SRA-CAACCACAAAGGTACA,0
SRA-CAACCACAACACAGAA,0
SRA-CAACCACAACAGCAGA,0
SRA-CAACCACAAAACATCG,0
SRA-CAACCACAACCTCCAA,0
SRA-CAACCACAACGCTCGA,1
SRA-CAACCACAACGTATCA,0
SRA-CAACCACAACTATGCA,0
SRA-CAACCACAAGAGTCAA,8
SRA-CAACCACAAGATCGCA,8
SRA-CAACCACAAGCAGGAA,8
SRA-CAACCACAAGTCACTA,8
SRA-CAACCACAATCCTGTA,4
SRA-CAACCACAATTGAGGA,4
SRA-CAACCACAATGCCTAA,8
SRA-CAACCACACAACCACA,0
SRA-CAACCACAGACTAGTA,3
SRA-CAACCACACAATGGAA,2
SRA-CAACCACACACTTCGA,0
SRA-CAACCACACAGCGTTA,0
SRA-CAACCACACATACCAA,0
SRA-CAACCACACCAGTTCA,0
SRA-CAACCACACCGAAGTA,7
SRA-CAACCACACCGTGAGA,3
SRA-CAACCACACCTCCTGA,3
SRA-CAACCACAAGTGGTCA,0
SRA-CAACCACACGAACTTA,0
SRA-CAACCACACGACTGGA,3
SRA-CAACCACACGCATACA,0
SRA-CAACCACACTCAATGA,0
SRA-CAACCACACTGAGCCA,0
SRA-CAACCACACTGGCATA,0
SRA-CAACCACAGAATCTGA,0
SRA-CAACCACACAAGACTA,0
SRA-CAACCACAGAGCTGAA,0
SRA-CAACCACAGATAGACA,1
SRA-CAACCACAACCACTGT,4
SRA-CAACCACAGCCACATA,3
SRA-CAACCACAACATTGGC,4
SRA-CAACCACACAGATCTG,4
SRA-CAACCACACATCAAGT,4
SRA-CAACCACACGCTGATC,0
SRA-GACTAGTAAACGTGAT,3
SRA-GACTAGTAACAAGCTA,0
SRA-GACTAGTACTGTAGCC,3
SRA-GACTAGTAAGTACAAG,3
SRA-GACTAGTAAACAACCA,3
SRA-GACTAGTAAACCGAGA,0
SRA-GACTAGTAAACGCTTA,0
SRA-GACTAGTAAAGACGGA,4
SRA-GACTAGTAAAGGTACA,0
SRA-GACTAGTAACACAGAA,0
SRA-GACTAGTAACAGCAGA,9
SRA-GACTAGTAAAACATCG,0
SRA-GACTAGTAACCTCCAA,1
SRA-GACTAGTAACGCTCGA,1
SRA-GACTAGTAACGTATCA,0
SRA-GACTAGTAACTATGCA,1
SRA-GACTAGTAAGAGTCAA,8
SRA-GACTAGTAAGATCGCA,4
SRA-GACTAGTAAGCAGGAA,8
SRA-GACTAGTAAGTCACTA,4
SRA-GACTAGTAATCCTGTA,4
SRA-GACTAGTAATTGAGGA,1
SRA-GACTAGTAATGCCTAA,0
SRA-GACTAGTACAACCACA,0
SRA-GACTAGTAGACTAGTA,0
SRA-GACTAGTACAATGGAA,4
SRA-GACTAGTACACTTCGA,4
SRA-GACTAGTACAGCGTTA,4
SRA-GACTAGTACATACCAA,4
SRA-GACTAGTACCAGTTCA,0
SRA-GACTAGTACCGAAGTA,3
SRA-GACTAGTACCGTGAGA,3
SRA-GACTAGTACCTCCTGA,0
SRA-GACTAGTAAGTGGTCA,0
SRA-GACTAGTACGAACTTA,0
SRA-GACTAGTACGACTGGA,0
SRA-GACTAGTACGCATACA,4
SRA-GACTAGTACTCAATGA,4
SRA-GACTAGTACTGAGCCA,4
SRA-GACTAGTACTGGCATA,4
SRA-GACTAGTAGAATCTGA,4
SRA-GACTAGTACAAGACTA,4
SRA-GACTAGTAGAGCTGAA,4
SRA-GACTAGTAGATAGACA,4
SRA-GACTAGTAACCACTGT,8
SRA-GACTAGTAGCCACATA,0
SRA-GACTAGTAACATTGGC,4
SRA-GACTAGTACAGATCTG,0
SRA-GACTAGTACATCAAGT,0
SRA-GACTAGTACGCTGATC,3
SRA-CAATGGAAAACGTGAT,3
SRA-CAATGGAAACAAGCTA,0
SRA-CAATGGAACTGTAGCC,0
SRA-CAATGGAAAGTACAAG,0
SRA-CAATGGAAAACAACCA,0
SRA-CAATGGAAAACCGAGA,0
SRA-CAATGGAAAACGCTTA,0
SRA-CAATGGAAAAGACGGA,0
SRA-CAATGGAAAAGGTACA,0
SRA-CAATGGAAACACAGAA,1
SRA-CAATGGAAACAGCAGA,5
SRA-CAATGGAAAAACATCG,3
SRA-CAATGGAAACCTCCAA,1
SRA-CAATGGAAACGCTCGA,1
SRA-CAATGGAAACGTATCA,0
SRA-CAATGGAAACTATGCA,1
SRA-CAATGGAAAGAGTCAA,0
SRA-CAATGGAAAGATCGCA,0
SRA-CAATGGAAAGCAGGAA,0
SRA-CAATGGAAAGTCACTA,0
SRA-CAATGGAAATCCTGTA,1
SRA-CAATGGAAATTGAGGA,4
SRA-CAATGGAAATGCCTAA,11
SRA-CAATGGAACAACCACA,3
SRA-CAATGGAAGACTAGTA,4
SRA-CAATGGAACAATGGAA,4
SRA-CAATGGAACACTTCGA,1
SRA-CAATGGAACAGCGTTA,4
SRA-CAATGGAACATACCAA,4
SRA-CAATGGAACCAGTTCA,0
SRA-CAATGGAACCGAAGTA,0
SRA-CAATGGAACCGTGAGA,4
SRA-CAATGGAACCTCCTGA,4
SRA-CAATGGAAAGTGGTCA,3
SRA-CAATGGAACGAACTTA,4
SRA-CAATGGAACGACTGGA,4
SRA-CAATGGAACGCATACA,4
SRA-CAATGGAACTCAATGA,4
SRA-CAATGGAACTGAGCCA,0
SRA-CAATGGAACTGGCATA,0
SRA-CAATGGAAGAATCTGA,4
SRA-CAATGGAACAAGACTA,4
SRA-CAATGGAAGAGCTGAA,4
SRA-CAATGGAAGATAGACA,4
SRA-CAATGGAAACCACTGT,0
SRA-CAATGGAAGCCACATA,4
SRA-CAATGGAAACATTGGC,0
SRA-CAATGGAACAGATCTG,8
SRA-CAATGGAACATCAAGT,0
SRA-CAATGGAACGCTGATC,0
SRA-CACTTCGAAACGTGAT,3
SRA-CACTTCGAACAAGCTA,0
SRA-CACTTCGACTGTAGCC,3
SRA-CACTTCGAAGTACAAG,2
SRA-CACTTCGAAACAACCA,0
SRA-CACTTCGAAACCGAGA,3
SRA-CACTTCGAAACGCTTA,0
SRA-CACTTCGAAAGACGGA,0
SRA-CACTTCGAAAGGTACA,0
SRA-CACTTCGAACACAGAA,0
SRA-CACTTCGAACAGCAGA,0
SRA-CACTTCGAAAACATCG,2
SRA-CACTTCGAACCTCCAA,1
SRA-CACTTCGAACGCTCGA,1
SRA-CACTTCGAACGTATCA,0
SRA-CACTTCGAACTATGCA,1
SRA-CACTTCGAAGAGTCAA,0
SRA-CACTTCGAAGATCGCA,0
SRA-CACTTCGAAGCAGGAA,0
SRA-CACTTCGAAGTCACTA,0
SRA-CACTTCGAATCCTGTA,0
SRA-CACTTCGAATTGAGGA,5
SRA-CACTTCGAATGCCTAA,11
SRA-CACTTCGACAACCACA,9
SRA-CACTTCGAGACTAGTA,4
SRA-CACTTCGACAATGGAA,4
SRA-CACTTCGACACTTCGA,4
SRA-CACTTCGACAGCGTTA,5
SRA-CACTTCGACATACCAA,4
SRA-CACTTCGACCAGTTCA,4
SRA-CACTTCGACCGAAGTA,4
SRA-CACTTCGACCGTGAGA,4
SRA-CACTTCGACCTCCTGA,4
SRA-CACTTCGAAGTGGTCA,3
SRA-CACTTCGACGAACTTA,4
SRA-CACTTCGACGACTGGA,4
SRA-CACTTCGACGCATACA,4
SRA-CACTTCGACTCAATGA,4
SRA-CACTTCGACTGAGCCA,4
SRA-CACTTCGACTGGCATA,9
SRA-CACTTCGAGAATCTGA,1
SRA-CACTTCGACAAGACTA,4
SRA-CACTTCGAGAGCTGAA,4
SRA-CACTTCGAGATAGACA,4
SRA-CACTTCGAACCACTGT,8
SRA-CACTTCGAGCCACATA,1
SRA-CACTTCGAACATTGGC,8
SRA-CACTTCGACAGATCTG,0
SRA-CACTTCGACATCAAGT,0
SRA-CACTTCGACGCTGATC,0
SRA-CAGCGTTAAACGTGAT,3
SRA-CAGCGTTAACAAGCTA,2
SRA-CAGCGTTACTGTAGCC,6
SRA-CAGCGTTAAGTACAAG,2
SRA-CAGCGTTAAACAACCA,2
SRA-CAGCGTTAAACCGAGA,2
SRA-CAGCGTTAAACGCTTA,3
SRA-CAGCGTTAAAGACGGA,0
SRA-CAGCGTTAAAGGTACA,0
SRA-CAGCGTTAACACAGAA,3
SRA-CAGCGTTAACAGCAGA,3
SRA-CAGCGTTAAAACATCG,3
SRA-CAGCGTTAACCTCCAA,0
SRA-CAGCGTTAACGCTCGA,0
SRA-CAGCGTTAACGTATCA,3
SRA-CAGCGTTAACTATGCA,0
SRA-CAGCGTTAAGAGTCAA,2
SRA-CAGCGTTAAGATCGCA,3
SRA-CAGCGTTAAGCAGGAA,0
SRA-CAGCGTTAAGTCACTA,0
SRA-CAGCGTTAATCCTGTA,0
SRA-CAGCGTTAATTGAGGA,4
SRA-CAGCGTTAATGCCTAA,11
SRA-CAGCGTTACAACCACA,0
SRA-CAGCGTTAGACTAGTA,4
SRA-CAGCGTTACAATGGAA,4
SRA-CAGCGTTACACTTCGA,4
SRA-CAGCGTTACAGCGTTA,5
SRA-CAGCGTTACATACCAA,4
SRA-CAGCGTTACCAGTTCA,4
SRA-CAGCGTTACCGAAGTA,3
SRA-CAGCGTTACCGTGAGA,0
SRA-CAGCGTTACCTCCTGA,5
SRA-CAGCGTTAAGTGGTCA,2
SRA-CAGCGTTACGAACTTA,0
SRA-CAGCGTTACGACTGGA,4
SRA-CAGCGTTACGCATACA,4
SRA-CAGCGTTACTCAATGA,4
SRA-CAGCGTTACTGAGCCA,0
SRA-CAGCGTTACTGGCATA,0
SRA-CAGCGTTAGAATCTGA,4
SRA-CAGCGTTACAAGACTA,4
SRA-CAGCGTTAGAGCTGAA,4
SRA-CAGCGTTAGATAGACA,1
SRA-CAGCGTTAACCACTGT,0
SRA-CAGCGTTAGCCACATA,1
SRA-CAGCGTTAACATTGGC,3
SRA-CAGCGTTACAGATCTG,0
SRA-CAGCGTTACATCAAGT,3
SRA-CAGCGTTACGCTGATC,3
SRA-CATACCAAAACGTGAT,11
SRA-CATACCAAACAAGCTA,0
SRA-CATACCAACTGTAGCC,0
SRA-CATACCAAAGTACAAG,5
SRA-CATACCAAAACAACCA,3
SRA-CATACCAAAACCGAGA,3
SRA-CATACCAAAACGCTTA,3
SRA-CATACCAAAAGACGGA,2
SRA-CATACCAAAAGGTACA,3
SRA-CATACCAAACACAGAA,3
SRA-CATACCAAACAGCAGA,2
SRA-CATACCAAAAACATCG,3
SRA-CATACCAAACCTCCAA,3
SRA-CATACCAAACGCTCGA,1
SRA-CATACCAAACGTATCA,0
SRA-CATACCAAACTATGCA,3
SRA-CATACCAAAGAGTCAA,4
SRA-CATACCAAAGATCGCA,4
SRA-CATACCAAAGCAGGAA,4
SRA-CATACCAAAGTCACTA,4
SRA-CATACCAAATCCTGTA,4
SRA-CATACCAAATTGAGGA,4
SRA-CATACCAAATGCCTAA,3
SRA-CATACCAACAACCACA,3
SRA-CATACCAAGACTAGTA,4
SRA-CATACCAACAATGGAA,4
SRA-CATACCAACACTTCGA,9
SRA-CATACCAACAGCGTTA,4
SRA-CATACCAACATACCAA,4
SRA-CATACCAACCAGTTCA,4
SRA-CATACCAACCGAAGTA,4
SRA-CATACCAACCGTGAGA,5
SRA-CATACCAACCTCCTGA,5
SRA-CATACCAAAGTGGTCA,6
SRA-CATACCAACGAACTTA,4
SRA-CATACCAACGACTGGA,4
SRA-CATACCAACGCATACA,4
SRA-CATACCAACTCAATGA,4
SRA-CATACCAACTGAGCCA,4
SRA-CATACCAACTGGCATA,4
SRA-CATACCAAGAATCTGA,4
SRA-CATACCAACAAGACTA,4
SRA-CATACCAAGAGCTGAA,1
SRA-CATACCAAGATAGACA,1
SRA-CATACCAAACCACTGT,0
SRA-CATACCAAGCCACATA,4
SRA-CATACCAAACATTGGC,0
SRA-CATACCAACAGATCTG,4
SRA-CATACCAACATCAAGT,4
SRA-CATACCAACGCTGATC,4
SRA-CCAGTTCAAACGTGAT,2
SRA-CCAGTTCAACAAGCTA,5
SRA-CCAGTTCACTGTAGCC,4
SRA-CCAGTTCAAGTACAAG,4
SRA-CCAGTTCAAACAACCA,4
SRA-CCAGTTCAAACCGAGA,3
SRA-CCAGTTCAAACGCTTA,2
SRA-CCAGTTCAAAGACGGA,3
SRA-CCAGTTCAAAGGTACA,6
SRA-CCAGTTCAACACAGAA,2
SRA-CCAGTTCAACAGCAGA,2
SRA-CCAGTTCAAAACATCG,2
SRA-CCAGTTCAACCTCCAA,3
SRA-CCAGTTCAACGCTCGA,0
SRA-CCAGTTCAACGTATCA,0
SRA-CCAGTTCAACTATGCA,4
SRA-CCAGTTCAAGAGTCAA,4
SRA-CCAGTTCAAGATCGCA,4
SRA-CCAGTTCAAGCAGGAA,4
SRA-CCAGTTCAAGTCACTA,4
SRA-CCAGTTCAATCCTGTA,4
SRA-CCAGTTCAATTGAGGA,5
SRA-CCAGTTCAATGCCTAA,0
SRA-CCAGTTCACAACCACA,0
SRA-CCAGTTCAGACTAGTA,4
SRA-CCAGTTCACAATGGAA,4
SRA-CCAGTTCACACTTCGA,4
SRA-CCAGTTCACAGCGTTA,4
SRA-CCAGTTCACATACCAA,4
SRA-CCAGTTCACCAGTTCA,5
SRA-CCAGTTCACCGAAGTA,4
SRA-CCAGTTCACCGTGAGA,4
SRA-CCAGTTCACCTCCTGA,4
SRA-CCAGTTCAAGTGGTCA,0
SRA-CCAGTTCACGAACTTA,4
SRA-CCAGTTCACGACTGGA,4
SRA-CCAGTTCACGCATACA,5
SRA-CCAGTTCACTCAATGA,4
SRA-CCAGTTCACTGAGCCA,4
SRA-CCAGTTCACTGGCATA,4
SRA-CCAGTTCAGAATCTGA,4
SRA-CCAGTTCACAAGACTA,5
SRA-CCAGTTCAGAGCTGAA,4
SRA-CCAGTTCAGATAGACA,4
SRA-CCAGTTCAACCACTGT,4
SRA-CCAGTTCAGCCACATA,7
SRA-CCAGTTCAACATTGGC,4
SRA-CCAGTTCACAGATCTG,4
SRA-CCAGTTCACATCAAGT,4
SRA-CCAGTTCACGCTGATC,4
SRA-CCGAAGTAAACGTGAT,4
SRA-CCGAAGTAACAAGCTA,4
SRA-CCGAAGTACTGTAGCC,5
SRA-CCGAAGTAAGTACAAG,5
SRA-CCGAAGTAAACAACCA,4
SRA-CCGAAGTAAACCGAGA,4
SRA-CCGAAGTAAACGCTTA,0
SRA-CCGAAGTAAAGACGGA,0
SRA-CCGAAGTAAAGGTACA,3
SRA-CCGAAGTAACACAGAA,2
SRA-CCGAAGTAACAGCAGA,3
SRA-CCGAAGTAAAACATCG,5
SRA-CCGAAGTAACCTCCAA,3
SRA-CCGAAGTAACGCTCGA,0
SRA-CCGAAGTAACGTATCA,0
SRA-CCGAAGTAACTATGCA,4
SRA-CCGAAGTAAGAGTCAA,4
SRA-CCGAAGTAAGATCGCA,4
SRA-CCGAAGTAAGCAGGAA,4
SRA-CCGAAGTAAGTCACTA,4
SRA-CCGAAGTAATCCTGTA,4
SRA-CCGAAGTAATTGAGGA,4
SRA-CCGAAGTAATGCCTAA,5
SRA-CCGAAGTACAACCACA,4
SRA-CCGAAGTAGACTAGTA,4
SRA-CCGAAGTACAATGGAA,4
SRA-CCGAAGTACACTTCGA,4
SRA-CCGAAGTACAGCGTTA,4
SRA-CCGAAGTACATACCAA,4
SRA-CCGAAGTACCAGTTCA,4
SRA-CCGAAGTACCGAAGTA,4
SRA-CCGAAGTACCGTGAGA,4
SRA-CCGAAGTACCTCCTGA,4
SRA-CCGAAGTAAGTGGTCA,3
SRA-CCGAAGTACGAACTTA,4
SRA-CCGAAGTACGACTGGA,4
SRA-CCGAAGTACGCATACA,5
SRA-CCGAAGTACTCAATGA,5
SRA-CCGAAGTACTGAGCCA,4
SRA-CCGAAGTACTGGCATA,4
SRA-CCGAAGTAGAATCTGA,1
SRA-CCGAAGTACAAGACTA,4
SRA-CCGAAGTAGAGCTGAA,3
SRA-CCGAAGTAGATAGACA,0
SRA-CCGAAGTAACCACTGT,4
SRA-CCGAAGTAGCCACATA,4
SRA-CCGAAGTAACATTGGC,4
SRA-CCGAAGTACAGATCTG,4
SRA-CCGAAGTACATCAAGT,4
SRA-CCGAAGTACGCTGATC,5
SRA-CCGTGAGAAACGTGAT,4
SRA-CCGTGAGAACAAGCTA,4
SRA-CCGTGAGACTGTAGCC,4
SRA-CCGTGAGAAGTACAAG,5
SRA-CCGTGAGAAACAACCA,4
SRA-CCGTGAGAAACCGAGA,4
SRA-CCGTGAGAAACGCTTA,4
SRA-CCGTGAGAAAGACGGA,4
SRA-CCGTGAGAAAGGTACA,2
SRA-CCGTGAGAACACAGAA,3
SRA-CCGTGAGAACAGCAGA,2
SRA-CCGTGAGAAAACATCG,10
SRA-CCGTGAGAACCTCCAA,3
SRA-CCGTGAGAACGCTCGA,3
SRA-CCGTGAGAACGTATCA,0
SRA-CCGTGAGAACTATGCA,4
SRA-CCGTGAGAAGAGTCAA,4
SRA-CCGTGAGAAGATCGCA,4
SRA-CCGTGAGAAGCAGGAA,4
SRA-CCGTGAGAAGTCACTA,4
SRA-CCGTGAGAATCCTGTA,4
SRA-CCGTGAGAATTGAGGA,4
SRA-CCGTGAGAATGCCTAA,4
SRA-CCGTGAGACAACCACA,4
SRA-CCGTGAGAGACTAGTA,4
SRA-CCGTGAGACAATGGAA,3
SRA-CCGTGAGACACTTCGA,4
SRA-CCGTGAGACAGCGTTA,4
SRA-CCGTGAGACATACCAA,4
SRA-CCGTGAGACCAGTTCA,4
SRA-CCGTGAGACCGAAGTA,4
SRA-CCGTGAGACCGTGAGA,4
SRA-CCGTGAGACCTCCTGA,4
SRA-CCGTGAGAAGTGGTCA,0
SRA-CCGTGAGACGAACTTA,4
SRA-CCGTGAGACGACTGGA,4
SRA-CCGTGAGACGCATACA,4
SRA-CCGTGAGACTCAATGA,4
SRA-CCGTGAGACTGAGCCA,4
SRA-CCGTGAGACTGGCATA,0
SRA-CCGTGAGAGAATCTGA,0
SRA-CCGTGAGACAAGACTA,2
SRA-CCGTGAGAACCACTGT,4
SRA-CCGTGAGAGCCACATA,4
SRA-CCGTGAGAACATTGGC,4
SRA-CCGTGAGACAGATCTG,4
SRA-CCGTGAGACATCAAGT,5
SRA-CCGTGAGACGCTGATC,5
SRA-CCTCCTGAAACGTGAT,4
SRA-CCTCCTGAACAAGCTA,4
SRA-CCTCCTGACTGTAGCC,4
SRA-CCTCCTGAAGTACAAG,4
SRA-CCTCCTGAAACAACCA,4
SRA-CCTCCTGAAACCGAGA,5
SRA-CCTCCTGAAACGCTTA,5
SRA-CCTCCTGAAAGACGGA,4
SRA-CCTCCTGAAAGGTACA,0
SRA-CCTCCTGAAAACATCG,10
SRA-CCTCCTGAACCTCCAA,2
SRA-CCTCCTGAACGCTCGA,0
SRA-CCTCCTGAACGTATCA,0
SRA-CCTCCTGAACTATGCA,4
SRA-CCTCCTGAAGAGTCAA,4
SRA-CCTCCTGAAGATCGCA,4
SRA-CCTCCTGAAGCAGGAA,5
SRA-CCTCCTGAAGTCACTA,4
SRA-CCTCCTGAATCCTGTA,4
SRA-CCTCCTGAATTGAGGA,4
SRA-CCTCCTGAATGCCTAA,4
SRA-CCTCCTGACAACCACA,4
SRA-CCTCCTGACATACCAA,3
SRA-CCTCCTGACCAGTTCA,2
SRA-CCTCCTGACCGAAGTA,4
SRA-CCTCCTGACCGTGAGA,4
SRA-CCTCCTGACCTCCTGA,4
SRA-CCTCCTGAAGTGGTCA,0
SRA-CCTCCTGACGAACTTA,4
SRA-CCTCCTGACGACTGGA,4
SRA-CCTCCTGACGCATACA,0
SRA-CCTCCTGACTCAATGA,0
SRA-CCTCCTGACTGAGCCA,2
SRA-CCTCCTGACTGGCATA,3
SRA-CCTCCTGAACCACTGT,4
SRA-CCTCCTGAGCCACATA,4
SRA-CCTCCTGAACATTGGC,4
SRA-CCTCCTGACAGATCTG,4
SRA-CCTCCTGACATCAAGT,4
SRA-CCTCCTGACGCTGATC,4
SRA-ATGCCTAAAAGACGGA,0
SRA-ATGCCTAAAAGGTACA,2
SRA-ATGCCTAAACACAGAA,3
SRA-ATGCCTAAACAGCAGA,2
SRA-ATGCCTAAAAACATCG,0
SRA-ATGCCTAAACCTCCAA,2
SRA-ATGCCTAAACGCTCGA,3
SRA-ATGCCTAAACGTATCA,2
SRA-ATGCCTAAACTATGCA,3
SRA-ATGCCTAAAGAGTCAA,3
SRA-ATGCCTAAAGATCGCA,0
SRA-ATGCCTAAAGCAGGAA,11
SRA-ATGCCTAAAGTCACTA,11
SRA-ATGCCTAAATCCTGTA,0
SRA-ATGCCTAAATTGAGGA,0
SRA-ATGCCTAAATGCCTAA,0
SRA-ATGCCTAACAACCACA,3
SRA-ATGCCTAAGACTAGTA,2
SRA-ATGCCTAACAATGGAA,2
SRA-ATGCCTAACACTTCGA,6
SRA-ATGCCTAACATACCAA,0
SRA-ATGCCTAACCAGTTCA,2
SRA-ATGCCTAACCGAAGTA,0
SRA-ATGCCTAACCGTGAGA,0
SRA-ATGCCTAACCTCCTGA,0
SRA-ATGCCTAAAGTGGTCA,0
SRA-ATGCCTAACGAACTTA,0
SRA-ATGCCTAACGACTGGA,2
SRA-ATGCCTAACGCATACA,0
SRA-ATGCCTAACTCAATGA,1
SRA-ATGCCTAACTGAGCCA,0
SRA-ATGCCTAACTGGCATA,0
SRA-ATGCCTAAGAATCTGA,8
SRA-ATGCCTAACAAGACTA,8
SRA-ATGCCTAAGAGCTGAA,0
SRA-ATGCCTAAGATAGACA,2
SRA-ATGCCTAAACCACTGT,1
SRA-ATGCCTAAGCCACATA,0
SRA-ATGCCTAAACATTGGC,0
SRA-CGAACTTAAACGTGAT,4
SRA-CGAACTTAACAAGCTA,4
SRA-CGAACTTACTGTAGCC,4
SRA-CGAACTTAAGTACAAG,4
SRA-CGAACTTAAACAACCA,5
SRA-CGAACTTAAACCGAGA,5
SRA-CGAACTTAAACGCTTA,4
SRA-CGAACTTAAAGACGGA,4
SRA-CGAACTTAAAGGTACA,4
SRA-CGAACTTAACACAGAA,3
SRA-CGAACTTAAAACATCG,10
SRA-CGAACTTAACCTCCAA,0
SRA-CGAACTTAACGCTCGA,3
SRA-CGAACTTAACGTATCA,0
SRA-CGAACTTAACTATGCA,4
SRA-CGAACTTAAGAGTCAA,4
SRA-CGAACTTAAGATCGCA,5
SRA-CGAACTTAAGCAGGAA,4
SRA-CGAACTTAAGTCACTA,4
SRA-CGAACTTAATCCTGTA,4
SRA-CGAACTTAATTGAGGA,4
SRA-CGAACTTAATGCCTAA,4
SRA-CGAACTTACAACCACA,4
SRA-CGAACTTAGACTAGTA,4
SRA-CGAACTTACATACCAA,0
SRA-CGAACTTACCAGTTCA,0
SRA-CGAACTTACCGAAGTA,8
SRA-CGAACTTACCGTGAGA,8
SRA-CGAACTTACCTCCTGA,4
SRA-CGAACTTAAGTGGTCA,0
SRA-CGAACTTACGAACTTA,4
SRA-CGAACTTACGACTGGA,3
SRA-CGAACTTAACCACTGT,4
SRA-CGAACTTAGCCACATA,0
SRA-CGAACTTAACATTGGC,4
SRA-CGAACTTACAGATCTG,4
SRA-CGAACTTACATCAAGT,4
SRA-CGAACTTACGCTGATC,4
SRA-CGACTGGAAACGTGAT,4
SRA-CGACTGGAACAAGCTA,4
SRA-CGACTGGACTGTAGCC,4
SRA-CGACTGGAAGTACAAG,4
SRA-CGACTGGAAACAACCA,5
SRA-CGACTGGAAACCGAGA,5
SRA-CGACTGGAAACGCTTA,4
SRA-CGACTGGAAAGACGGA,4
SRA-CGACTGGAAAGGTACA,1
SRA-CGACTGGAACACAGAA,4
SRA-CGACTGGAAAACATCG,10
SRA-CGACTGGAACGCTCGA,0
SRA-CGACTGGAACGTATCA,3
SRA-CGACTGGAACTATGCA,0
SRA-CGACTGGAAGAGTCAA,4
SRA-CGACTGGAAGATCGCA,4
SRA-CGACTGGAAGCAGGAA,4
SRA-CGACTGGAAGTCACTA,4
SRA-CGACTGGAATCCTGTA,4
SRA-CGACTGGAATTGAGGA,4
SRA-CGACTGGAATGCCTAA,4
SRA-CGACTGGACAACCACA,5
SRA-CGACTGGAGACTAGTA,4
SRA-CGACTGGACAATGGAA,4
SRA-CGACTGGACATACCAA,3
SRA-CGACTGGACCAGTTCA,4
SRA-CGACTGGACCGAAGTA,4
SRA-CGACTGGACCGTGAGA,0
SRA-CGACTGGACCTCCTGA,8
SRA-CGACTGGAAGTGGTCA,0
SRA-CGACTGGACGAACTTA,1
SRA-CGACTGGACGACTGGA,1
SRA-CGACTGGACGCATACA,0
SRA-CGACTGGAACCACTGT,4
SRA-CGACTGGAGCCACATA,3
SRA-CGACTGGAACATTGGC,4
SRA-CGACTGGACAGATCTG,5
SRA-CGACTGGACATCAAGT,4
SRA-CGACTGGACGCTGATC,4
SRA-CGCATACAAACGTGAT,4
SRA-CGCATACAACAAGCTA,4
SRA-CGCATACACTGTAGCC,4
SRA-CGCATACAAGTACAAG,4
SRA-CGCATACAAACAACCA,4
SRA-CGCATACAAACCGAGA,4
SRA-CGCATACAAACGCTTA,4
SRA-CGCATACAAAGACGGA,4
SRA-CGCATACAAAGGTACA,0
SRA-CGCATACAACACAGAA,4
SRA-CGCATACAAAACATCG,10
SRA-CGCATACAACGCTCGA,3
SRA-CGCATACAACGTATCA,3
SRA-CGCATACAACTATGCA,0
SRA-CGCATACAAGAGTCAA,0
SRA-CGCATACAAGATCGCA,1
SRA-CGCATACAAGCAGGAA,4
SRA-CGCATACAAGTCACTA,4
SRA-CGCATACAATCCTGTA,4
SRA-CGCATACAATTGAGGA,4
SRA-CGCATACAATGCCTAA,4
SRA-CGCATACACAACCACA,5
SRA-CGCATACAGACTAGTA,4
SRA-CGCATACACAATGGAA,4
SRA-CGCATACACACTTCGA,0
SRA-CGCATACACAGCGTTA,4
SRA-CGCATACACATACCAA,4
SRA-CGCATACACCAGTTCA,4
SRA-CGCATACACCGAAGTA,4
SRA-CGCATACACCGTGAGA,4
SRA-CGCATACACCTCCTGA,4
SRA-CGCATACAAGTGGTCA,0
SRA-CGCATACACGAACTTA,4
SRA-CGCATACACGACTGGA,8
SRA-CGCATACACGCATACA,1
SRA-CGCATACACTCAATGA,0
SRA-CGCATACAACCACTGT,4
SRA-CGCATACAGCCACATA,3
SRA-CGCATACAACATTGGC,4
SRA-CGCATACACAGATCTG,4
SRA-CGCATACACATCAAGT,4
SRA-CGCATACACGCTGATC,4
SRA-CTCAATGAAACGTGAT,4
SRA-CTCAATGAACAAGCTA,4
SRA-CTCAATGACTGTAGCC,4
SRA-CTCAATGAAGTACAAG,4
SRA-CTCAATGAAACAACCA,4
SRA-CTCAATGAAACCGAGA,0
SRA-CTCAATGAAACGCTTA,4
SRA-CTCAATGAAAGACGGA,4
SRA-CTCAATGAAAGGTACA,0
SRA-CTCAATGAACACAGAA,0
SRA-CTCAATGAAAACATCG,10
SRA-CTCAATGAACGTATCA,3
SRA-CTCAATGAACTATGCA,2
SRA-CTCAATGAAGAGTCAA,2
SRA-CTCAATGAAGATCGCA,4
SRA-CTCAATGAAGCAGGAA,4
SRA-CTCAATGAAGTCACTA,4
SRA-CTCAATGAATCCTGTA,4
SRA-CTCAATGAATTGAGGA,5
SRA-CTCAATGAATGCCTAA,4
SRA-CTCAATGACAACCACA,5
SRA-CTCAATGAGACTAGTA,4
SRA-CTCAATGACAATGGAA,4
SRA-CTCAATGACACTTCGA,4
SRA-CTCAATGACAGCGTTA,1
SRA-CTCAATGACATACCAA,4
SRA-CTCAATGACCAGTTCA,4
SRA-CTCAATGACCGAAGTA,4
SRA-CTCAATGACCGTGAGA,4
SRA-CTCAATGACCTCCTGA,1
SRA-CTCAATGAAGTGGTCA,5
SRA-CTCAATGACGAACTTA,4
SRA-CTCAATGACGACTGGA,1
SRA-CTCAATGACGCATACA,4
SRA-CTCAATGACTCAATGA,0
SRA-CTCAATGACTGAGCCA,2
SRA-CTCAATGACTGGCATA,3
SRA-CTCAATGAGAATCTGA,11
SRA-CTCAATGACAAGACTA,3
SRA-CTCAATGAGAGCTGAA,3
SRA-CTCAATGAGATAGACA,0
SRA-CTCAATGAACCACTGT,4
SRA-CTCAATGAGCCACATA,3
SRA-CTCAATGAACATTGGC,4
SRA-CTCAATGACAGATCTG,4
SRA-CTCAATGACATCAAGT,4
SRA-CTCAATGACGCTGATC,4
SRA-CTGAGCCAAACGTGAT,10
SRA-CTGAGCCAACAAGCTA,4
SRA-CTGAGCCACTGTAGCC,4
SRA-CTGAGCCAAGTACAAG,4
SRA-CTGAGCCAAACAACCA,0
SRA-CTGAGCCAAACCGAGA,3
SRA-CTGAGCCAAACGCTTA,4
SRA-CTGAGCCAAAGACGGA,4
SRA-CTGAGCCAAAGGTACA,3
SRA-CTGAGCCAACACAGAA,2
SRA-CTGAGCCAAAACATCG,10
SRA-CTGAGCCAACGTATCA,3
SRA-CTGAGCCAACTATGCA,3
SRA-CTGAGCCAAGAGTCAA,3
SRA-CTGAGCCAAGATCGCA,0
SRA-CTGAGCCAAGCAGGAA,0
SRA-CTGAGCCAAGTCACTA,4
SRA-CTGAGCCAATCCTGTA,4
SRA-CTGAGCCAATTGAGGA,4
SRA-CTGAGCCAATGCCTAA,2
SRA-CTGAGCCACAACCACA,4
SRA-CTGAGCCAGACTAGTA,5
SRA-CTGAGCCACAATGGAA,4
SRA-CTGAGCCACACTTCGA,4
SRA-CTGAGCCACAGCGTTA,5
SRA-CTGAGCCACATACCAA,5
SRA-CTGAGCCACCAGTTCA,4
SRA-CTGAGCCACCGAAGTA,4
SRA-CTGAGCCACCGTGAGA,4
SRA-CTGAGCCACCTCCTGA,4
SRA-CTGAGCCAAGTGGTCA,4
SRA-CTGAGCCACGAACTTA,4
SRA-CTGAGCCACGACTGGA,4
SRA-CTGAGCCACGCATACA,8
SRA-CTGAGCCACTCAATGA,0
SRA-CTGAGCCACTGAGCCA,3
SRA-CTGAGCCACTGGCATA,2
SRA-CTGAGCCAGAATCTGA,3
SRA-CTGAGCCACAAGACTA,2
SRA-CTGAGCCAGATAGACA,0
SRA-CTGAGCCAACCACTGT,4
SRA-CTGAGCCAGCCACATA,3
SRA-CTGAGCCAACATTGGC,4
SRA-CTGAGCCACAGATCTG,4
SRA-CTGAGCCACATCAAGT,4
SRA-CTGAGCCACGCTGATC,4
SRA-CTGGCATAAACGTGAT,10
SRA-CTGGCATAACAAGCTA,4
SRA-CTGGCATACTGTAGCC,2
SRA-CTGGCATAAGTACAAG,3
SRA-CTGGCATAAACAACCA,3
SRA-CTGGCATAAACCGAGA,0
SRA-CTGGCATAAACGCTTA,4
SRA-CTGGCATAAAGACGGA,4
SRA-CTGGCATAAAGGTACA,3
SRA-CTGGCATAAAACATCG,4
SRA-CTGGCATAACGTATCA,3
SRA-CTGGCATAACTATGCA,3
SRA-CTGGCATAAGAGTCAA,3
SRA-CTGGCATAAGATCGCA,0
SRA-CTGGCATAAGCAGGAA,0
SRA-CTGGCATAAGTCACTA,5
SRA-CTGGCATAATCCTGTA,4
SRA-CTGGCATAATTGAGGA,4
SRA-CTGGCATAATGCCTAA,2
SRA-CTGGCATACAACCACA,4
SRA-CTGGCATAGACTAGTA,4
SRA-CTGGCATACAATGGAA,4
SRA-CTGGCATACACTTCGA,4
SRA-CTGGCATACAGCGTTA,4
SRA-CTGGCATACATACCAA,4
SRA-CTGGCATACCAGTTCA,5
SRA-CTGGCATACCGAAGTA,4
SRA-CTGGCATACCGTGAGA,4
SRA-CTGGCATACCTCCTGA,4
SRA-CTGGCATAAGTGGTCA,0
SRA-CTGGCATACGAACTTA,5
SRA-CTGGCATACGACTGGA,4
SRA-CTGGCATACGCATACA,8
SRA-CTGGCATACTCAATGA,2
SRA-CTGGCATACTGAGCCA,2
SRA-CTGGCATACTGGCATA,2
SRA-CTGGCATACAAGACTA,3
SRA-CTGGCATAGAGCTGAA,2
SRA-CTGGCATAGATAGACA,7
SRA-CTGGCATAACCACTGT,4
SRA-CTGGCATAGCCACATA,2
SRA-CTGGCATAACATTGGC,4
SRA-CTGGCATACAGATCTG,4
SRA-CTGGCATACATCAAGT,4
SRA-CTGGCATACGCTGATC,4
SRA-GAATCTGAAACGTGAT,10
SRA-GAATCTGAAACAACCA,4
SRA-GAATCTGAAACCGAGA,4
SRA-GAATCTGAAACGCTTA,4
SRA-GAATCTGAAAGACGGA,0
SRA-GAATCTGAAAGGTACA,3
SRA-GAATCTGAAAACATCG,4
SRA-GAATCTGAACGTATCA,2
SRA-GAATCTGAACTATGCA,6
SRA-GAATCTGAAGAGTCAA,2
SRA-GAATCTGAAGATCGCA,2
SRA-GAATCTGAAGCAGGAA,2
SRA-GAATCTGAAGTCACTA,3
SRA-GAATCTGAATCCTGTA,4
SRA-GAATCTGAATTGAGGA,4
SRA-GAATCTGAATGCCTAA,4
SRA-GAATCTGACAACCACA,9
SRA-GAATCTGAGACTAGTA,4
SRA-GAATCTGACAATGGAA,4
SRA-GAATCTGACACTTCGA,1
SRA-GAATCTGACAGCGTTA,5
SRA-GAATCTGACATACCAA,5
SRA-GAATCTGACCAGTTCA,4
SRA-GAATCTGACCGAAGTA,4
SRA-GAATCTGACCGTGAGA,1
SRA-GAATCTGACCTCCTGA,8
SRA-GAATCTGAAGTGGTCA,4
SRA-GAATCTGACGAACTTA,4
SRA-GAATCTGACGACTGGA,8
SRA-GAATCTGACGCATACA,11
SRA-GAATCTGACTCAATGA,3
SRA-GAATCTGACTGAGCCA,2
SRA-GAATCTGACTGGCATA,2
SRA-GAATCTGAGAATCTGA,0
SRA-GAATCTGACAAGACTA,3
SRA-GAATCTGAGAGCTGAA,2
SRA-GAATCTGAGATAGACA,11
SRA-GAATCTGAACCACTGT,4
SRA-GAATCTGAGCCACATA,11
SRA-GAATCTGAACATTGGC,4
SRA-GAATCTGACAGATCTG,4
SRA-GAATCTGACATCAAGT,3
SRA-GAATCTGACGCTGATC,2
SRA-CAAGACTAAACGTGAT,10
SRA-CAAGACTAAGTACAAG,4
SRA-CAAGACTAAACAACCA,4
SRA-CAAGACTAAACCGAGA,4
SRA-CAAGACTAAACGCTTA,0
SRA-CAAGACTAAAGACGGA,0
SRA-CAAGACTAAAGGTACA,2
SRA-CAAGACTAAAACATCG,10
SRA-CAAGACTAACGCTCGA,3
SRA-CAAGACTAACGTATCA,2
SRA-CAAGACTAACTATGCA,2
SRA-CAAGACTAAGAGTCAA,2
SRA-CAAGACTAAGATCGCA,3
SRA-CAAGACTAAGCAGGAA,2
SRA-CAAGACTAAGTCACTA,3
SRA-CAAGACTAATCCTGTA,5
SRA-CAAGACTAATTGAGGA,5
SRA-CAAGACTAATGCCTAA,4
SRA-CAAGACTACAACCACA,4
SRA-CAAGACTAGACTAGTA,4
SRA-CAAGACTACAATGGAA,4
SRA-CAAGACTACACTTCGA,1
SRA-CAAGACTACAGCGTTA,4
SRA-CAAGACTACATACCAA,4
SRA-CAAGACTACCAGTTCA,4
SRA-CAAGACTACCGAAGTA,4
SRA-CAAGACTACCGTGAGA,4
SRA-CAAGACTACCTCCTGA,4
SRA-CAAGACTAAGTGGTCA,4
SRA-CAAGACTACGAACTTA,4
SRA-CAAGACTACGACTGGA,4
SRA-CAAGACTACGCATACA,4
SRA-CAAGACTACTCAATGA,4
SRA-CAAGACTACTGAGCCA,2
SRA-CAAGACTACTGGCATA,2
SRA-CAAGACTAGAATCTGA,3
SRA-CAAGACTACAAGACTA,2
SRA-CAAGACTAGAGCTGAA,3
SRA-CAAGACTAGATAGACA,11
SRA-CAAGACTAACCACTGT,4
SRA-CAAGACTAGCCACATA,3
SRA-CAAGACTAACATTGGC,3
SRA-GAGCTGAAAACGTGAT,10
SRA-GAGCTGAAAGTACAAG,4
SRA-GAGCTGAAAACAACCA,5
SRA-GAGCTGAAAACCGAGA,0
SRA-GAGCTGAAAACGCTTA,0
SRA-GAGCTGAAAAGACGGA,0
SRA-GAGCTGAAACAGCAGA,2
SRA-GAGCTGAAAAACATCG,10
SRA-GAGCTGAAACCTCCAA,3
SRA-GAGCTGAAACGCTCGA,0
SRA-GAGCTGAAACGTATCA,2
SRA-GAGCTGAAACTATGCA,6
SRA-GAGCTGAAAGAGTCAA,2
SRA-GAGCTGAAAGATCGCA,0
SRA-GAGCTGAAAGCAGGAA,0
SRA-GAGCTGAAAGTCACTA,4
SRA-GAGCTGAAATCCTGTA,4
SRA-GAGCTGAAATTGAGGA,5
SRA-GAGCTGAAATGCCTAA,2
SRA-GAGCTGAACAACCACA,4
SRA-GAGCTGAAGACTAGTA,4
SRA-GAGCTGAACAATGGAA,4
SRA-GAGCTGAACACTTCGA,4
SRA-GAGCTGAACAGCGTTA,4
SRA-GAGCTGAACATACCAA,4
SRA-GAGCTGAACCAGTTCA,4
SRA-GAGCTGAACCGAAGTA,4
SRA-GAGCTGAACCGTGAGA,4
SRA-GAGCTGAACCTCCTGA,4
SRA-GAGCTGAAAGTGGTCA,4
SRA-GAGCTGAACGAACTTA,4
SRA-GAGCTGAACGACTGGA,4
SRA-GAGCTGAACGCATACA,4
SRA-GAGCTGAACTCAATGA,4
SRA-GAGCTGAACTGAGCCA,0
SRA-GAGCTGAACTGGCATA,2
SRA-GAGCTGAAGAATCTGA,0
SRA-GAGCTGAACAAGACTA,3
SRA-GAGCTGAAGAGCTGAA,3
SRA-GAGCTGAAGATAGACA,11
SRA-GAGCTGAAACCACTGT,4
SRA-GAGCTGAAGCCACATA,2
SRA-GAGCTGAAACATTGGC,4
SRA-GATAGACAAACGTGAT,4
SRA-GATAGACACTGTAGCC,0
SRA-GATAGACAAGTACAAG,4
SRA-GATAGACAAACAACCA,4
SRA-GATAGACAAACCGAGA,3
SRA-GATAGACAAACGCTTA,0
SRA-GATAGACAAAGACGGA,2
SRA-GATAGACAACAGCAGA,2
SRA-GATAGACAAAACATCG,10
SRA-GATAGACAACCTCCAA,2
SRA-GATAGACAACGCTCGA,2
SRA-GATAGACAACGTATCA,6
SRA-GATAGACAACTATGCA,3
SRA-GATAGACAAGAGTCAA,2
SRA-GATAGACAAGATCGCA,2
SRA-GATAGACAAGCAGGAA,0
SRA-GATAGACAAGTCACTA,5
SRA-GATAGACAATCCTGTA,4
SRA-GATAGACAATTGAGGA,5
SRA-GATAGACAATGCCTAA,10
SRA-GATAGACACAACCACA,5
SRA-GATAGACAGACTAGTA,1
SRA-GATAGACACAATGGAA,4
SRA-GATAGACACACTTCGA,4
SRA-GATAGACACCAGTTCA,3
SRA-GATAGACACCGAAGTA,4
SRA-GATAGACACCGTGAGA,2
SRA-GATAGACAAGTGGTCA,4
SRA-GATAGACACGCATACA,3
SRA-GATAGACACTCAATGA,4
SRA-GATAGACACTGAGCCA,11
SRA-GATAGACACTGGCATA,0
SRA-GATAGACAGAATCTGA,2
SRA-GATAGACACAAGACTA,3
SRA-GATAGACAGAGCTGAA,3
SRA-GATAGACAGATAGACA,2
SRA-GATAGACAACCACTGT,4
SRA-GATAGACAGCCACATA,0
SRA-GATAGACAACATTGGC,4
SRA-AGTGGTCAAAGGTACA,6
SRA-AGTGGTCAACACAGAA,6
SRA-AGTGGTCAACAGCAGA,2
SRA-AGTGGTCAACCTCCAA,2
SRA-AGTGGTCAACGCTCGA,3
SRA-AGTGGTCAACGTATCA,2
SRA-AGTGGTCAACTATGCA,3
SRA-AGTGGTCAAGAGTCAA,2
SRA-AGTGGTCAAGATCGCA,3
SRA-AGTGGTCAAGCAGGAA,2
SRA-AGTGGTCAAGTCACTA,0
SRA-AGTGGTCAATCCTGTA,3
SRA-AGTGGTCAATTGAGGA,0
SRA-AGTGGTCAATGCCTAA,2
SRA-AGTGGTCACAACCACA,3
SRA-AGTGGTCAGACTAGTA,3
SRA-AGTGGTCACAATGGAA,3
SRA-AGTGGTCACACTTCGA,3
SRA-AGTGGTCACAGCGTTA,0
SRA-AGTGGTCACATACCAA,0
SRA-AGTGGTCACCAGTTCA,0
SRA-AGTGGTCACCGAAGTA,0
SRA-AGTGGTCACCGTGAGA,2
SRA-AGTGGTCACCTCCTGA,0
SRA-AGTGGTCAAGTGGTCA,2
SRA-AGTGGTCACGAACTTA,0
SRA-AGTGGTCACGACTGGA,0
SRA-AGTGGTCACGCATACA,4
SRA-AGTGGTCACTCAATGA,1
SRA-AGTGGTCACTGAGCCA,3
SRA-AGTGGTCACTGGCATA,3
SRA-AGTGGTCAGAATCTGA,0
SRA-AGTGGTCACAAGACTA,0
SRA-AGTGGTCAGAGCTGAA,3
SRA-AGTGGTCAGATAGACA,0
SRA-AGTGGTCAACCACTGT,6
SRA-AGTGGTCAGCCACATA,0
SRA-GCCACATAAACGTGAT,0
SRA-GCCACATACTGTAGCC,0
SRA-GCCACATAAGTACAAG,4
SRA-GCCACATAAACAACCA,4
SRA-GCCACATAAACCGAGA,3
SRA-GCCACATAAACGCTTA,2
SRA-GCCACATAACACAGAA,6
SRA-GCCACATAACAGCAGA,2
SRA-GCCACATAAAACATCG,10
SRA-GCCACATAACCTCCAA,2
SRA-GCCACATAACGCTCGA,2
SRA-GCCACATAACGTATCA,2
SRA-GCCACATAACTATGCA,5
SRA-GCCACATAAGAGTCAA,0
SRA-GCCACATAAGATCGCA,5
SRA-GCCACATAAGCAGGAA,4
SRA-GCCACATAAGTCACTA,5
SRA-GCCACATAATCCTGTA,4
SRA-GCCACATAATTGAGGA,4
SRA-GCCACATAATGCCTAA,4
SRA-GCCACATACAACCACA,4
SRA-GCCACATAGACTAGTA,4
SRA-GCCACATACAATGGAA,4
SRA-GCCACATACACTTCGA,6
SRA-GCCACATAAGTGGTCA,5
SRA-GCCACATACTCAATGA,4
SRA-GCCACATACTGAGCCA,9
SRA-GCCACATACTGGCATA,4
SRA-GCCACATAGAATCTGA,2
SRA-GCCACATACAAGACTA,3
SRA-GCCACATAGAGCTGAA,11
SRA-GCCACATAGATAGACA,3
SRA-GCCACATAACCACTGT,4
SRA-GCCACATAGCCACATA,6
SRA-GCCACATAACATTGGC,4
SRA-GCCACATACAGATCTG,4
SRA-ACCACTGTAAGGTACA,7
SRA-ACCACTGTACACAGAA,2
SRA-ACCACTGTACAGCAGA,6
SRA-ACCACTGTACCTCCAA,2
SRA-ACCACTGTACGCTCGA,3
SRA-ACCACTGTACGTATCA,3
SRA-ACCACTGTACTATGCA,2
SRA-ACCACTGTAGAGTCAA,6
SRA-ACCACTGTAGATCGCA,2
SRA-ACCACTGTAGCAGGAA,2
SRA-ACCACTGTAGTCACTA,3
SRA-ACCACTGTATCCTGTA,0
SRA-ACCACTGTATTGAGGA,0
SRA-ACCACTGTCAACCACA,3
SRA-ACCACTGTGACTAGTA,0
SRA-ACCACTGTCAATGGAA,0
SRA-ACCACTGTCACTTCGA,0
SRA-ACCACTGTCAGCGTTA,0
SRA-ACCACTGTCATACCAA,0
SRA-ACCACTGTCCAGTTCA,0
SRA-ACCACTGTCCGAAGTA,2
SRA-ACCACTGTCCGTGAGA,0
SRA-ACCACTGTCCTCCTGA,0
SRA-ACCACTGTCGAACTTA,0
SRA-ACCACTGTCGACTGGA,4
SRA-ACCACTGTCGCATACA,4
SRA-ACCACTGTCTCAATGA,1
SRA-ACCACTGTCTGAGCCA,0
SRA-ACCACTGTCTGGCATA,0
SRA-ACCACTGTGAATCTGA,0
SRA-ACCACTGTCAAGACTA,2
SRA-ACCACTGTGAGCTGAA,2
SRA-ACCACTGTGATAGACA,4
SRA-ACCACTGTGCCACATA,9
SRA-ACATTGGCAAGGTACA,3
SRA-ACATTGGCACACAGAA,2
SRA-ACATTGGCACAGCAGA,6
SRA-ACATTGGCACCTCCAA,3
SRA-ACATTGGCACGCTCGA,2
SRA-ACATTGGCACGTATCA,2
SRA-ACATTGGCACTATGCA,3
SRA-ACATTGGCAGAGTCAA,6
SRA-ACATTGGCAGATCGCA,3
SRA-ACATTGGCAGCAGGAA,6
SRA-ACATTGGCAGTCACTA,2
SRA-ACATTGGCATCCTGTA,0
SRA-ACATTGGCATTGAGGA,0
SRA-ACATTGGCCAACCACA,3
SRA-ACATTGGCGACTAGTA,3
SRA-ACATTGGCCAATGGAA,0
SRA-ACATTGGCCACTTCGA,0
SRA-ACATTGGCCAGCGTTA,0
SRA-ACATTGGCCATACCAA,0
SRA-ACATTGGCCCAGTTCA,0
SRA-ACATTGGCCCGAAGTA,3
SRA-ACATTGGCCCGTGAGA,3
SRA-ACATTGGCCCTCCTGA,0
SRA-ACATTGGCCGAACTTA,4
SRA-ACATTGGCCGACTGGA,4
SRA-ACATTGGCCGCATACA,4
SRA-ACATTGGCCTCAATGA,0
SRA-ACATTGGCCTGAGCCA,0
SRA-ACATTGGCCTGGCATA,0
SRA-ACATTGGCGAATCTGA,2
SRA-ACATTGGCCAAGACTA,2
SRA-ACATTGGCGAGCTGAA,0
SRA-ACATTGGCGATAGACA,4
SRA-ACATTGGCGCCACATA,4
SRA-CAGATCTGAAGACGGA,0
SRA-CAGATCTGAAGGTACA,2
SRA-CAGATCTGACACAGAA,6
SRA-CAGATCTGACAGCAGA,2
SRA-CAGATCTGACCTCCAA,3
SRA-CAGATCTGACGCTCGA,3
SRA-CAGATCTGACGTATCA,6
SRA-CAGATCTGACTATGCA,3
SRA-CAGATCTGAGAGTCAA,3
SRA-CAGATCTGAGATCGCA,3
SRA-CAGATCTGAGCAGGAA,2
SRA-CAGATCTGAGTCACTA,0
SRA-CAGATCTGATCCTGTA,3
SRA-CAGATCTGATTGAGGA,0
SRA-CAGATCTGCAACCACA,7
SRA-CAGATCTGGACTAGTA,0
SRA-CAGATCTGCAATGGAA,7
SRA-CAGATCTGCACTTCGA,0
SRA-CAGATCTGCAGCGTTA,0
SRA-CAGATCTGCATACCAA,0
SRA-CAGATCTGCCAGTTCA,0
SRA-CAGATCTGCCGAAGTA,0
SRA-CAGATCTGCCGTGAGA,0
SRA-CAGATCTGCCTCCTGA,0
SRA-CAGATCTGCGAACTTA,4
SRA-CAGATCTGCGACTGGA,4
SRA-CAGATCTGCGCATACA,0
SRA-CAGATCTGCTCAATGA,0
SRA-CAGATCTGCTGAGCCA,0
SRA-CAGATCTGCTGGCATA,3
SRA-CAGATCTGGAATCTGA,0
SRA-CAGATCTGCAAGACTA,2
SRA-CAGATCTGGAGCTGAA,4
SRA-CAGATCTGGATAGACA,4
SRA-CAGATCTGGCCACATA,4
SRA-CATCAAGTAAGACGGA,7
SRA-CATCAAGTACACAGAA,2
SRA-CATCAAGTACAGCAGA,2
SRA-CATCAAGTACCTCCAA,3
SRA-CATCAAGTACGCTCGA,3
SRA-CATCAAGTACGTATCA,3
SRA-CATCAAGTACTATGCA,3
SRA-CATCAAGTAGAGTCAA,3
SRA-CATCAAGTAGATCGCA,7
SRA-CATCAAGTAGCAGGAA,2
SRA-CATCAAGTAGTCACTA,0
SRA-CATCAAGTATCCTGTA,0
SRA-CATCAAGTATTGAGGA,0
SRA-CATCAAGTCAACCACA,3
SRA-CATCAAGTGACTAGTA,3
SRA-CATCAAGTCAATGGAA,0
SRA-CATCAAGTCACTTCGA,0
SRA-CATCAAGTCAGCGTTA,0
SRA-CATCAAGTCATACCAA,0
SRA-CATCAAGTCCAGTTCA,0
SRA-CATCAAGTCCGAAGTA,1
SRA-CATCAAGTCCGTGAGA,0
SRA-CATCAAGTCCTCCTGA,1
SRA-CATCAAGTCGAACTTA,4
SRA-CATCAAGTCGACTGGA,4
SRA-CATCAAGTCGCATACA,0
SRA-CATCAAGTCTCAATGA,0
SRA-CATCAAGTCTGAGCCA,0
SRA-CATCAAGTCTGGCATA,0
SRA-CATCAAGTGAATCTGA,2
SRA-CATCAAGTCAAGACTA,2
SRA-CATCAAGTGAGCTGAA,5
SRA-CATCAAGTGATAGACA,4
SRA-CATCAAGTGCCACATA,4
SRA-CGCTGATCAAGACGGA,0
SRA-CGCTGATCACACAGAA,2
SRA-CGCTGATCACAGCAGA,2
SRA-CGCTGATCACCTCCAA,2
SRA-CGCTGATCACGCTCGA,3
SRA-CGCTGATCACGTATCA,2
SRA-CGCTGATCACTATGCA,3
SRA-CGCTGATCAGAGTCAA,3
SRA-CGCTGATCAGATCGCA,2
SRA-CGCTGATCAGCAGGAA,3
SRA-CGCTGATCAGTCACTA,0
SRA-CGCTGATCATCCTGTA,0
SRA-CGCTGATCATTGAGGA,3
SRA-CGCTGATCCAACCACA,0
SRA-CGCTGATCGACTAGTA,0
SRA-CGCTGATCCAATGGAA,2
SRA-CGCTGATCCACTTCGA,0
SRA-CGCTGATCCAGCGTTA,0
SRA-CGCTGATCCATACCAA,1
SRA-CGCTGATCCCAGTTCA,0
SRA-CGCTGATCCCGAAGTA,0
SRA-CGCTGATCCCGTGAGA,0
SRA-CGCTGATCCCTCCTGA,0
SRA-CGCTGATCCGAACTTA,1
SRA-CGCTGATCCGACTGGA,0
SRA-CGCTGATCCGCATACA,1
SRA-CGCTGATCCTCAATGA,0
SRA-CGCTGATCCTGAGCCA,0
SRA-CGCTGATCCTGGCATA,2
SRA-CGCTGATCGAATCTGA,3
SRA-CGCTGATCCAAGACTA,3
SRA-CGCTGATCGAGCTGAA,4
SRA-CGCTGATCGATAGACA,4
SRA-CGCTGATCGCCACATA,8
Mux2-ACAAGCTAACAAGCTA,1
Mux2-ACAAGCTACTGTAGCC,1
Mux2-ACAAGCTAAGTACAAG,1
Mux2-ACAAGCTAAACAACCA,1
Mux2-ACAAGCTAAACCGAGA,1
Mux2-ACAAGCTAAACGCTTA,1
Mux2-ACAAGCTAAAGACGGA,1
Mux2-ACAAGCTAAAGGTACA,3
Mux2-ACAAGCTAACACAGAA,3
Mux2-ACAAGCTAACAGCAGA,2
Mux2-ACAAGCTAAAACATCG,5
Mux2-ACAAGCTAACCTCCAA,1
Mux2-ACAAGCTAACGCTCGA,1
Mux2-ACAAGCTAACGTATCA,1
Mux2-ACAAGCTAACTATGCA,1
Mux2-ACAAGCTAAGAGTCAA,1
Mux2-ACAAGCTAAGATCGCA,1
Mux2-ACAAGCTAAGCAGGAA,2
Mux2-ACAAGCTAAGTCACTA,3
Mux2-ACAAGCTAATCCTGTA,1
Mux2-ACAAGCTAATTGAGGA,0
Mux2-ACAAGCTAATGCCTAA,3
Mux2-ACAAGCTACAACCACA,2
Mux2-ACAAGCTAGACTAGTA,3
Mux2-ACAAGCTACAATGGAA,6
Mux2-ACAAGCTACACTTCGA,6
Mux2-ACAAGCTACAGCGTTA,6
Mux2-ACAAGCTACCGAAGTA,6
Mux2-ACAAGCTACCGTGAGA,3
Mux2-ACAAGCTACCTCCTGA,2
Mux2-ACAAGCTAAGTGGTCA,2
Mux2-ACAAGCTACGAACTTA,2
Mux2-ACAAGCTACGACTGGA,5
Mux2-ACAAGCTACGCATACA,5
Mux2-ACAAGCTACTCAATGA,5
Mux2-ACAAGCTACTGAGCCA,6
Mux2-ACAAGCTACTGGCATA,6
Mux2-ACAAGCTAGAATCTGA,2
Mux2-ACAAGCTACAAGACTA,5
Mux2-ACAAGCTAGAGCTGAA,5
Mux2-ACAAGCTAGATAGACA,5
Mux2-ACAAGCTAACCACTGT,1
Mux2-ACAAGCTAGCCACATA,4
Mux2-ACAAGCTAACATTGGC,1
Mux2-ACAAGCTACAGATCTG,3
Mux2-ACAAGCTACATCAAGT,1
Mux2-ACAAGCTACGCTGATC,1
Mux2-CTGTAGCCAACGTGAT,1
Mux2-CTGTAGCCACAAGCTA,0
Mux2-CTGTAGCCCTGTAGCC,3
Mux2-CTGTAGCCAGTACAAG,3
Mux2-CTGTAGCCAACAACCA,2
Mux2-CTGTAGCCAACCGAGA,1
Mux2-CTGTAGCCAACGCTTA,1
Mux2-CTGTAGCCAAGACGGA,1
Mux2-CTGTAGCCAAGGTACA,2
Mux2-CTGTAGCCACACAGAA,0
Mux2-CTGTAGCCACAGCAGA,2
Mux2-CTGTAGCCAAACATCG,3
Mux2-CTGTAGCCACCTCCAA,3
Mux2-CTGTAGCCACGCTCGA,3
Mux2-CTGTAGCCACGTATCA,1
Mux2-CTGTAGCCACTATGCA,1
Mux2-CTGTAGCCAGAGTCAA,1
Mux2-CTGTAGCCAGATCGCA,1
Mux2-CTGTAGCCAGCAGGAA,2
Mux2-CTGTAGCCAGTCACTA,3
Mux2-CTGTAGCCATCCTGTA,0
Mux2-CTGTAGCCATTGAGGA,0
Mux2-CTGTAGCCATGCCTAA,3
Mux2-CTGTAGCCCAACCACA,2
Mux2-CTGTAGCCGACTAGTA,0
Mux2-CTGTAGCCCAATGGAA,2
Mux2-CTGTAGCCCACTTCGA,6
Mux2-CTGTAGCCCAGCGTTA,6
Mux2-CTGTAGCCCATACCAA,6
Mux2-CTGTAGCCCCGAAGTA,6
Mux2-CTGTAGCCCCGTGAGA,2
Mux2-CTGTAGCCCCTCCTGA,2
Mux2-CTGTAGCCCGAACTTA,6
Mux2-CTGTAGCCCGACTGGA,6
Mux2-CTGTAGCCCTCAATGA,2
Mux2-CTGTAGCCCTGAGCCA,6
Mux2-CTGTAGCCCTGGCATA,6
Mux2-CTGTAGCCGAATCTGA,2
Mux2-CTGTAGCCCAAGACTA,5
Mux2-CTGTAGCCGAGCTGAA,5
Mux2-CTGTAGCCGATAGACA,5
Mux2-CTGTAGCCGCCACATA,4
Mux2-CTGTAGCCACATTGGC,1
Mux2-CTGTAGCCCAGATCTG,1
Mux2-CTGTAGCCCATCAAGT,3
Mux2-CTGTAGCCCGCTGATC,1
Mux2-AGTACAAGAACGTGAT,1
Mux2-AGTACAAGACAAGCTA,2
Mux2-AGTACAAGCTGTAGCC,3
Mux2-AGTACAAGAGTACAAG,1
Mux2-AGTACAAGAACAACCA,3
Mux2-AGTACAAGAACCGAGA,1
Mux2-AGTACAAGAACGCTTA,3
Mux2-AGTACAAGAAGACGGA,1
Mux2-AGTACAAGAAGGTACA,3
Mux2-AGTACAAGACACAGAA,0
Mux2-AGTACAAGACAGCAGA,0
Mux2-AGTACAAGAAACATCG,3
Mux2-AGTACAAGACCTCCAA,1
Mux2-AGTACAAGACGCTCGA,1
Mux2-AGTACAAGACGTATCA,1
Mux2-AGTACAAGACTATGCA,1
Mux2-AGTACAAGAGAGTCAA,1
Mux2-AGTACAAGAGATCGCA,1
Mux2-AGTACAAGAGCAGGAA,0
Mux2-AGTACAAGAGTCACTA,3
Mux2-AGTACAAGATCCTGTA,1
Mux2-AGTACAAGATTGAGGA,0
Mux2-AGTACAAGATGCCTAA,0
Mux2-AGTACAAGCAACCACA,2
Mux2-AGTACAAGGACTAGTA,0
Mux2-AGTACAAGCAATGGAA,2
Mux2-AGTACAAGCACTTCGA,0
Mux2-AGTACAAGCAGCGTTA,3
Mux2-AGTACAAGCATACCAA,2
Mux2-AGTACAAGCCAGTTCA,6
Mux2-AGTACAAGCCGAAGTA,2
Mux2-AGTACAAGCCGTGAGA,6
Mux2-AGTACAAGCCTCCTGA,2
Mux2-AGTACAAGCGAACTTA,2
Mux2-AGTACAAGCGACTGGA,2
Mux2-AGTACAAGCTCAATGA,2
Mux2-AGTACAAGCTGAGCCA,6
Mux2-AGTACAAGCTGGCATA,6
Mux2-AGTACAAGGAATCTGA,2
Mux2-AGTACAAGCAAGACTA,5
Mux2-AGTACAAGGAGCTGAA,5
Mux2-AGTACAAGGATAGACA,5
Mux2-AGTACAAGACCACTGT,1
Mux2-AGTACAAGGCCACATA,4
Mux2-AGTACAAGACATTGGC,1
Mux2-AGTACAAGCAGATCTG,1
Mux2-AGTACAAGCATCAAGT,3
Mux2-AGTACAAGCGCTGATC,3
Mux2-AACAACCAAACGTGAT,1
Mux2-AACAACCAACAAGCTA,1
Mux2-AACAACCACTGTAGCC,1
Mux2-AACAACCAAGTACAAG,1
Mux2-AACAACCAAACAACCA,1
Mux2-AACAACCAAACCGAGA,1
Mux2-AACAACCAAACGCTTA,1
Mux2-AACAACCAAAGACGGA,1
Mux2-AACAACCAAAGGTACA,3
Mux2-AACAACCAACACAGAA,1
Mux2-AACAACCAACAGCAGA,0
Mux2-AACAACCAAAACATCG,1
Mux2-AACAACCAACCTCCAA,1
Mux2-AACAACCAACGCTCGA,1
Mux2-AACAACCAACGTATCA,1
Mux2-AACAACCAACTATGCA,1
Mux2-AACAACCAAGAGTCAA,1
Mux2-AACAACCAAGATCGCA,1
Mux2-AACAACCAAGCAGGAA,3
Mux2-AACAACCAAGTCACTA,1
Mux2-AACAACCAATCCTGTA,1
Mux2-AACAACCAATTGAGGA,1
Mux2-AACAACCAATGCCTAA,3
Mux2-AACAACCACAACCACA,2
Mux2-AACAACCAGACTAGTA,0
Mux2-AACAACCACAATGGAA,2
Mux2-AACAACCACACTTCGA,2
Mux2-AACAACCACAGCGTTA,0
Mux2-AACAACCACATACCAA,0
Mux2-AACAACCACCAGTTCA,0
Mux2-AACAACCACCGAAGTA,2
Mux2-AACAACCACCGTGAGA,2
Mux2-AACAACCACCTCCTGA,5
Mux2-AACAACCAAGTGGTCA,2
Mux2-AACAACCACGACTGGA,2
Mux2-AACAACCACGCATACA,2
Mux2-AACAACCACTCAATGA,2
Mux2-AACAACCACTGAGCCA,6
Mux2-AACAACCACTGGCATA,6
Mux2-AACAACCAGAATCTGA,2
Mux2-AACAACCACAAGACTA,5
Mux2-AACAACCAGAGCTGAA,5
Mux2-AACAACCAGATAGACA,5
Mux2-AACAACCAACCACTGT,1
Mux2-AACAACCAGCCACATA,4
Mux2-AACAACCAACATTGGC,1
Mux2-AACAACCACAGATCTG,1
Mux2-AACAACCACATCAAGT,3
Mux2-AACAACCACGCTGATC,1
Mux2-AACCGAGAAACGTGAT,1
Mux2-AACCGAGAACAAGCTA,3
Mux2-AACCGAGACTGTAGCC,3
Mux2-AACCGAGAAGTACAAG,1
Mux2-AACCGAGAAACAACCA,3
Mux2-AACCGAGAAACCGAGA,1
Mux2-AACCGAGAAACGCTTA,1
Mux2-AACCGAGAAAGACGGA,1
Mux2-AACCGAGAAAGGTACA,3
Mux2-AACCGAGAACACAGAA,3
Mux2-AACCGAGAACAGCAGA,3
Mux2-AACCGAGAAAACATCG,1
Mux2-AACCGAGAACCTCCAA,1
Mux2-AACCGAGAACGCTCGA,1
Mux2-AACCGAGAACGTATCA,1
Mux2-AACCGAGAACTATGCA,1
Mux2-AACCGAGAAGAGTCAA,1
Mux2-AACCGAGAAGATCGCA,1
Mux2-AACCGAGAAGCAGGAA,0
Mux2-AACCGAGAAGTCACTA,1
Mux2-AACCGAGAATCCTGTA,1
Mux2-AACCGAGAATTGAGGA,1
Mux2-AACCGAGAATGCCTAA,1
Mux2-AACCGAGACAACCACA,3
Mux2-AACCGAGAGACTAGTA,0
Mux2-AACCGAGACAATGGAA,2
Mux2-AACCGAGACACTTCGA,0
Mux2-AACCGAGACAGCGTTA,0
Mux2-AACCGAGACATACCAA,10
Mux2-AACCGAGACCAGTTCA,10
Mux2-AACCGAGACCGAAGTA,0
Mux2-AACCGAGACCGTGAGA,10
Mux2-AACCGAGACCTCCTGA,10
Mux2-AACCGAGAAGTGGTCA,2
Mux2-AACCGAGACGAACTTA,2
Mux2-AACCGAGACGCATACA,2
Mux2-AACCGAGACTCAATGA,2
Mux2-AACCGAGACTGAGCCA,6
Mux2-AACCGAGACTGGCATA,6
Mux2-AACCGAGAGAATCTGA,2
Mux2-AACCGAGACAAGACTA,5
Mux2-AACCGAGAGAGCTGAA,5
Mux2-AACCGAGAGATAGACA,5
Mux2-AACCGAGAACCACTGT,1
Mux2-AACCGAGAGCCACATA,4
Mux2-AACCGAGAACATTGGC,1
Mux2-AACCGAGACAGATCTG,1
Mux2-AACCGAGACATCAAGT,1
Mux2-AACCGAGACGCTGATC,1
Mux2-AACGCTTAAACGTGAT,1
Mux2-AACGCTTAACAAGCTA,1
Mux2-AACGCTTACTGTAGCC,3
Mux2-AACGCTTAAGTACAAG,3
Mux2-AACGCTTAAACAACCA,3
Mux2-AACGCTTAAACCGAGA,1
Mux2-AACGCTTAAACGCTTA,1
Mux2-AACGCTTAAAGACGGA,1
Mux2-AACGCTTAAAGGTACA,0
Mux2-AACGCTTAACACAGAA,0
Mux2-AACGCTTAACAGCAGA,3
Mux2-AACGCTTAAAACATCG,1
Mux2-AACGCTTAACCTCCAA,1
Mux2-AACGCTTAACGCTCGA,1
Mux2-AACGCTTAACGTATCA,1
Mux2-AACGCTTAACTATGCA,1
Mux2-AACGCTTAAGAGTCAA,1
Mux2-AACGCTTAAGATCGCA,4
Mux2-AACGCTTAAGCAGGAA,1
Mux2-AACGCTTAAGTCACTA,1
Mux2-AACGCTTAATCCTGTA,1
Mux2-AACGCTTAATTGAGGA,1
Mux2-AACGCTTAATGCCTAA,1
Mux2-AACGCTTACAACCACA,0
Mux2-AACGCTTAGACTAGTA,0
Mux2-AACGCTTACAATGGAA,2
Mux2-AACGCTTACACTTCGA,3
Mux2-AACGCTTACAGCGTTA,2
Mux2-AACGCTTACATACCAA,10
Mux2-AACGCTTACCAGTTCA,10
Mux2-AACGCTTACCGAAGTA,10
Mux2-AACGCTTACCGTGAGA,10
Mux2-AACGCTTACCTCCTGA,10
Mux2-AACGCTTAAGTGGTCA,2
Mux2-AACGCTTACGAACTTA,10
Mux2-AACGCTTACGACTGGA,0
Mux2-AACGCTTACGCATACA,5
Mux2-AACGCTTACTCAATGA,5
Mux2-AACGCTTACTGAGCCA,6
Mux2-AACGCTTACTGGCATA,6
Mux2-AACGCTTAGAATCTGA,2
Mux2-AACGCTTACAAGACTA,5
Mux2-AACGCTTAGAGCTGAA,5
Mux2-AACGCTTAGATAGACA,5
Mux2-AACGCTTAACCACTGT,1
Mux2-AACGCTTAGCCACATA,5
Mux2-AACGCTTAACATTGGC,1
Mux2-AACGCTTACAGATCTG,1
Mux2-AACGCTTACATCAAGT,3
Mux2-AACGCTTACGCTGATC,1
Mux2-AAGACGGAAACGTGAT,1
Mux2-AAGACGGAACAAGCTA,3
Mux2-AAGACGGACTGTAGCC,1
Mux2-AAGACGGAAGTACAAG,3
Mux2-AAGACGGAAACAACCA,1
Mux2-AAGACGGAAACCGAGA,8
Mux2-AAGACGGAAACGCTTA,1
Mux2-AAGACGGAAAGACGGA,1
Mux2-AAGACGGAAAGGTACA,0
Mux2-AAGACGGAACACAGAA,1
Mux2-AAGACGGAACAGCAGA,0
Mux2-AAGACGGAAAACATCG,3
Mux2-AAGACGGAACCTCCAA,1
Mux2-AAGACGGAACGCTCGA,1
Mux2-AAGACGGAACGTATCA,1
Mux2-AAGACGGAACTATGCA,1
Mux2-AAGACGGAAGAGTCAA,1
Mux2-AAGACGGAAGATCGCA,1
Mux2-AAGACGGAAGCAGGAA,0
Mux2-AAGACGGAAGTCACTA,8
Mux2-AAGACGGAATCCTGTA,1
Mux2-AAGACGGAATTGAGGA,1
Mux2-AAGACGGAATGCCTAA,3
Mux2-AAGACGGACAACCACA,1
Mux2-AAGACGGAGACTAGTA,1
Mux2-AAGACGGACAATGGAA,0
Mux2-AAGACGGACACTTCGA,0
Mux2-AAGACGGACAGCGTTA,0
Mux2-AAGACGGACATACCAA,10
Mux2-AAGACGGACCAGTTCA,10
Mux2-AAGACGGACCGAAGTA,10
Mux2-AAGACGGACCGTGAGA,10
Mux2-AAGACGGACCTCCTGA,10
Mux2-AAGACGGAAGTGGTCA,2
Mux2-AAGACGGACGAACTTA,10
Mux2-AAGACGGACGACTGGA,0
Mux2-AAGACGGACTCAATGA,5
Mux2-AAGACGGACTGAGCCA,2
Mux2-AAGACGGACTGGCATA,2
Mux2-AAGACGGAGAATCTGA,5
Mux2-AAGACGGACAAGACTA,5
Mux2-AAGACGGAGAGCTGAA,5
Mux2-AAGACGGAGATAGACA,4
Mux2-AAGACGGAACCACTGT,1
Mux2-AAGACGGAGCCACATA,5
Mux2-AAGACGGAACATTGGC,1
Mux2-AAGACGGACAGATCTG,1
Mux2-AAGACGGACATCAAGT,1
Mux2-AAGACGGACGCTGATC,1
Mux2-AAGGTACAAACGTGAT,1
Mux2-AAGGTACAACAAGCTA,1
Mux2-AAGGTACACTGTAGCC,1
Mux2-AAGGTACAAGTACAAG,1
Mux2-AAGGTACAAACAACCA,1
Mux2-AAGGTACAAACCGAGA,1
Mux2-AAGGTACAAACGCTTA,1
Mux2-AAGGTACAAAGACGGA,1
Mux2-AAGGTACAAAGGTACA,0
Mux2-AAGGTACAACACAGAA,0
Mux2-AAGGTACAACAGCAGA,2
Mux2-AAGGTACAAAACATCG,1
Mux2-AAGGTACAACCTCCAA,1
Mux2-AAGGTACAACGCTCGA,1
Mux2-AAGGTACAACGTATCA,1
Mux2-AAGGTACAACTATGCA,0
Mux2-AAGGTACAAGAGTCAA,1
Mux2-AAGGTACAAGATCGCA,4
Mux2-AAGGTACAAGCAGGAA,1
Mux2-AAGGTACAAGTCACTA,1
Mux2-AAGGTACAATCCTGTA,1
Mux2-AAGGTACAATTGAGGA,1
Mux2-AAGGTACAATGCCTAA,1
Mux2-AAGGTACACAACCACA,1
Mux2-AAGGTACAGACTAGTA,1
Mux2-AAGGTACACAATGGAA,3
Mux2-AAGGTACACACTTCGA,0
Mux2-AAGGTACACAGCGTTA,0
Mux2-AAGGTACACATACCAA,8
Mux2-AAGGTACACCAGTTCA,10
Mux2-AAGGTACACCGAAGTA,10
Mux2-AAGGTACACCGTGAGA,10
Mux2-AAGGTACACCTCCTGA,10
Mux2-AAGGTACAAGTGGTCA,6
Mux2-AAGGTACACGAACTTA,10
Mux2-AAGGTACACGACTGGA,10
Mux2-AAGGTACACTCAATGA,2
Mux2-AAGGTACACTGAGCCA,6
Mux2-AAGGTACACTGGCATA,2
Mux2-AAGGTACAGAATCTGA,5
Mux2-AAGGTACACAAGACTA,5
Mux2-AAGGTACAGAGCTGAA,5
Mux2-AAGGTACAGATAGACA,5
Mux2-AAGGTACAACCACTGT,1
Mux2-AAGGTACAGCCACATA,8
Mux2-AAGGTACAACATTGGC,1
Mux2-AAGGTACACAGATCTG,1
Mux2-AAGGTACACATCAAGT,1
Mux2-AAGGTACACGCTGATC,1
Mux2-ACACAGAAAACGTGAT,1
Mux2-ACACAGAAACAAGCTA,1
Mux2-ACACAGAACTGTAGCC,1
Mux2-ACACAGAAAGTACAAG,1
Mux2-ACACAGAAAACAACCA,3
Mux2-ACACAGAAAACCGAGA,0
Mux2-ACACAGAAAACGCTTA,3
Mux2-ACACAGAAAAGACGGA,1
Mux2-ACACAGAAAAGGTACA,2
Mux2-ACACAGAAACACAGAA,0
Mux2-ACACAGAAACAGCAGA,2
Mux2-ACACAGAAAAACATCG,3
Mux2-ACACAGAAACCTCCAA,0
Mux2-ACACAGAAACGCTCGA,0
Mux2-ACACAGAAACGTATCA,1
Mux2-ACACAGAAACTATGCA,1
Mux2-ACACAGAAAGAGTCAA,1
Mux2-ACACAGAAAGATCGCA,1
Mux2-ACACAGAAAGCAGGAA,0
Mux2-ACACAGAAAGTCACTA,1
Mux2-ACACAGAAATCCTGTA,1
Mux2-ACACAGAAATTGAGGA,0
Mux2-ACACAGAACAACCACA,0
Mux2-ACACAGAAGACTAGTA,0
Mux2-ACACAGAACAATGGAA,3
Mux2-ACACAGAACACTTCGA,2
Mux2-ACACAGAACAGCGTTA,0
Mux2-ACACAGAACATACCAA,8
Mux2-ACACAGAACCAGTTCA,10
Mux2-ACACAGAACCGAAGTA,10
Mux2-ACACAGAACCGTGAGA,10
Mux2-ACACAGAACCTCCTGA,10
Mux2-ACACAGAACGAACTTA,10
Mux2-ACACAGAACGACTGGA,10
Mux2-ACACAGAACGCATACA,2
Mux2-ACACAGAACTCAATGA,2
Mux2-ACACAGAACTGAGCCA,6
Mux2-ACACAGAACTGGCATA,6
Mux2-ACACAGAAGAATCTGA,5
Mux2-ACACAGAACAAGACTA,5
Mux2-ACACAGAAGAGCTGAA,5
Mux2-ACACAGAAGATAGACA,4
Mux2-ACACAGAAACCACTGT,1
Mux2-ACACAGAAGCCACATA,5
Mux2-ACACAGAAACATTGGC,1
Mux2-ACACAGAACATCAAGT,3
Mux2-ACACAGAACGCTGATC,3
Mux2-ACAGCAGAAACGTGAT,1
Mux2-ACAGCAGAACAAGCTA,3
Mux2-ACAGCAGACTGTAGCC,3
Mux2-ACAGCAGAAGTACAAG,1
Mux2-ACAGCAGAAACAACCA,1
Mux2-ACAGCAGAAACCGAGA,1
Mux2-ACAGCAGAAACGCTTA,1
Mux2-ACAGCAGAAAGACGGA,1
Mux2-ACAGCAGAAAGGTACA,2
Mux2-ACAGCAGAACACAGAA,3
Mux2-ACAGCAGAACAGCAGA,0
Mux2-ACAGCAGAAAACATCG,0
Mux2-ACAGCAGAACCTCCAA,1
Mux2-ACAGCAGAACGCTCGA,0
Mux2-ACAGCAGAACGTATCA,1
Mux2-ACAGCAGAACTATGCA,8
Mux2-ACAGCAGAAGAGTCAA,1
Mux2-ACAGCAGAAGATCGCA,4
Mux2-ACAGCAGAAGCAGGAA,3
Mux2-ACAGCAGAAGTCACTA,1
Mux2-ACAGCAGAATCCTGTA,1
Mux2-ACAGCAGAATTGAGGA,1
Mux2-ACAGCAGACAACCACA,0
Mux2-ACAGCAGAGACTAGTA,1
Mux2-ACAGCAGACAATGGAA,0
Mux2-ACAGCAGACACTTCGA,0
Mux2-ACAGCAGACAGCGTTA,0
Mux2-ACAGCAGACATACCAA,0
Mux2-ACAGCAGACCAGTTCA,8
Mux2-ACAGCAGACCGAAGTA,10
Mux2-ACAGCAGACCGTGAGA,10
Mux2-ACAGCAGACCTCCTGA,3
Mux2-ACAGCAGACGAACTTA,10
Mux2-ACAGCAGACGACTGGA,10
Mux2-ACAGCAGACGCATACA,2
Mux2-ACAGCAGACTCAATGA,2
Mux2-ACAGCAGACTGAGCCA,6
Mux2-ACAGCAGACTGGCATA,2
Mux2-ACAGCAGAGAATCTGA,5
Mux2-ACAGCAGACAAGACTA,5
Mux2-ACAGCAGAGAGCTGAA,5
Mux2-ACAGCAGAGATAGACA,4
Mux2-ACAGCAGAGCCACATA,5
Mux2-ACAGCAGACAGATCTG,1
Mux2-ACAGCAGACATCAAGT,1
Mux2-ACAGCAGACGCTGATC,3
Mux2-AACGTGATAACGTGAT,8
Mux2-AACGTGATACAAGCTA,5
Mux2-AACGTGATCTGTAGCC,5
Mux2-AACGTGATAGTACAAG,5
Mux2-AACGTGATAACGCTTA,5
Mux2-AACGTGATAAGACGGA,5
Mux2-AACGTGATAAGGTACA,2
Mux2-AACGTGATACACAGAA,2
Mux2-AACGTGATACAGCAGA,2
Mux2-AACGTGATAAACATCG,11
Mux2-AACGTGATACCTCCAA,5
Mux2-AACGTGATACGCTCGA,5
Mux2-AACGTGATACGTATCA,5
Mux2-AACGTGATACTATGCA,5
Mux2-AACGTGATAGAGTCAA,5
Mux2-AACGTGATAGCAGGAA,2
Mux2-AACGTGATATCCTGTA,5
Mux2-AACGTGATATGCCTAA,5
Mux2-AACGTGATAGTGGTCA,6
Mux2-AACGTGATGAGCTGAA,6
Mux2-AACGTGATGATAGACA,6
Mux2-AACGTGATACCACTGT,1
Mux2-AACGTGATGCCACATA,2
Mux2-AACGTGATACATTGGC,11
Mux2-AACGTGATCAGATCTG,11
Mux2-AACGTGATCATCAAGT,11
Mux2-AACGTGATCGCTGATC,11
Mux2-ACCTCCAAAACGTGAT,1
Mux2-ACCTCCAAACAAGCTA,1
Mux2-ACCTCCAACTGTAGCC,1
Mux2-ACCTCCAAAGTACAAG,1
Mux2-ACCTCCAAAACAACCA,1
Mux2-ACCTCCAAAACCGAGA,1
Mux2-ACCTCCAAAACGCTTA,1
Mux2-ACCTCCAAAAGACGGA,1
Mux2-ACCTCCAAAAGGTACA,0
Mux2-ACCTCCAAACACAGAA,3
Mux2-ACCTCCAAACAGCAGA,1
Mux2-ACCTCCAAAAACATCG,1
Mux2-ACCTCCAAACCTCCAA,1
Mux2-ACCTCCAAACGCTCGA,1
Mux2-ACCTCCAAACGTATCA,1
Mux2-ACCTCCAAACTATGCA,1
Mux2-ACCTCCAAAGAGTCAA,1
Mux2-ACCTCCAAAGATCGCA,1
Mux2-ACCTCCAAAGCAGGAA,1
Mux2-ACCTCCAAAGTCACTA,1
Mux2-ACCTCCAAATCCTGTA,1
Mux2-ACCTCCAAATTGAGGA,1
Mux2-ACCTCCAAATGCCTAA,1
Mux2-ACCTCCAACAACCACA,1
Mux2-ACCTCCAAGACTAGTA,4
Mux2-ACCTCCAACAATGGAA,1
Mux2-ACCTCCAACACTTCGA,1
Mux2-ACCTCCAACAGCGTTA,1
Mux2-ACCTCCAACATACCAA,1
Mux2-ACCTCCAACCAGTTCA,10
Mux2-ACCTCCAACCGAAGTA,8
Mux2-ACCTCCAACCGTGAGA,10
Mux2-ACCTCCAACCTCCTGA,10
Mux2-ACCTCCAAAGTGGTCA,2
Mux2-ACCTCCAACGAACTTA,10
Mux2-ACCTCCAACGACTGGA,10
Mux2-ACCTCCAACGCATACA,0
Mux2-ACCTCCAACTCAATGA,5
Mux2-ACCTCCAACTGAGCCA,2
Mux2-ACCTCCAACTGGCATA,2
Mux2-ACCTCCAAGAATCTGA,5
Mux2-ACCTCCAACAAGACTA,5
Mux2-ACCTCCAAGAGCTGAA,5
Mux2-ACCTCCAAGATAGACA,5
Mux2-ACCTCCAAACCACTGT,1
Mux2-ACCTCCAAGCCACATA,2
Mux2-ACCTCCAAACATTGGC,1
Mux2-ACCTCCAACAGATCTG,1
Mux2-ACCTCCAACATCAAGT,1
Mux2-ACCTCCAACGCTGATC,1
Mux2-ACGCTCGAAACGTGAT,1
Mux2-ACGCTCGAACAAGCTA,3
Mux2-ACGCTCGACTGTAGCC,3
Mux2-ACGCTCGAAGTACAAG,3
Mux2-ACGCTCGAAACAACCA,3
Mux2-ACGCTCGAAACCGAGA,6
Mux2-ACGCTCGAAACGCTTA,2
Mux2-ACGCTCGAAAGACGGA,1
Mux2-ACGCTCGAAAGGTACA,2
Mux2-ACGCTCGAACACAGAA,6
Mux2-ACGCTCGAACAGCAGA,3
Mux2-ACGCTCGAAAACATCG,3
Mux2-ACGCTCGAACCTCCAA,3
Mux2-ACGCTCGAACGCTCGA,2
Mux2-ACGCTCGAACGTATCA,0
Mux2-ACGCTCGAACTATGCA,1
Mux2-ACGCTCGAAGAGTCAA,1
Mux2-ACGCTCGAAGATCGCA,1
Mux2-ACGCTCGAAGCAGGAA,0
Mux2-ACGCTCGAAGTCACTA,0
Mux2-ACGCTCGAATTGAGGA,0
Mux2-ACGCTCGAATGCCTAA,6
Mux2-ACGCTCGACAACCACA,0
Mux2-ACGCTCGAGACTAGTA,0
Mux2-ACGCTCGACAATGGAA,2
Mux2-ACGCTCGACACTTCGA,0
Mux2-ACGCTCGACAGCGTTA,0
Mux2-ACGCTCGACATACCAA,8
Mux2-ACGCTCGACCAGTTCA,0
Mux2-ACGCTCGACCGAAGTA,2
Mux2-ACGCTCGACCGTGAGA,10
Mux2-ACGCTCGACCTCCTGA,10
Mux2-ACGCTCGACGAACTTA,10
Mux2-ACGCTCGACGACTGGA,10
Mux2-ACGCTCGACGCATACA,2
Mux2-ACGCTCGACTCAATGA,2
Mux2-ACGCTCGACTGAGCCA,2
Mux2-ACGCTCGACTGGCATA,2
Mux2-ACGCTCGAGAATCTGA,5
Mux2-ACGCTCGACAAGACTA,5
Mux2-ACGCTCGAGAGCTGAA,5
Mux2-ACGCTCGAGATAGACA,4
Mux2-ACGCTCGAACCACTGT,1
Mux2-ACGCTCGAGCCACATA,5
Mux2-ACGCTCGAACATTGGC,1
Mux2-ACGCTCGACAGATCTG,1
Mux2-ACGCTCGACATCAAGT,1
Mux2-ACGCTCGACGCTGATC,3
Mux2-ACGTATCAAACGTGAT,1
Mux2-ACGTATCAACAAGCTA,3
Mux2-ACGTATCACTGTAGCC,2
Mux2-ACGTATCAAGTACAAG,3
Mux2-ACGTATCAAACAACCA,2
Mux2-ACGTATCAAACCGAGA,6
Mux2-ACGTATCAACACAGAA,3
Mux2-ACGTATCAACAGCAGA,2
Mux2-ACGTATCAAAACATCG,5
Mux2-ACGTATCAACCTCCAA,0
Mux2-ACGTATCAACGCTCGA,2
Mux2-ACGTATCAACGTATCA,8
Mux2-ACGTATCAACTATGCA,10
Mux2-ACGTATCAAGAGTCAA,1
Mux2-ACGTATCAAGATCGCA,1
Mux2-ACGTATCAAGCAGGAA,2
Mux2-ACGTATCAAGTCACTA,1
Mux2-ACGTATCAATCCTGTA,1
Mux2-ACGTATCAATTGAGGA,0
Mux2-ACGTATCACAACCACA,2
Mux2-ACGTATCAGACTAGTA,0
Mux2-ACGTATCACAATGGAA,2
Mux2-ACGTATCACACTTCGA,3
Mux2-ACGTATCACAGCGTTA,0
Mux2-ACGTATCACATACCAA,8
Mux2-ACGTATCACCAGTTCA,10
Mux2-ACGTATCACCGAAGTA,2
Mux2-ACGTATCACCGTGAGA,10
Mux2-ACGTATCACCTCCTGA,10
Mux2-ACGTATCACGAACTTA,10
Mux2-ACGTATCACGACTGGA,10
Mux2-ACGTATCACGCATACA,5
Mux2-ACGTATCACTCAATGA,2
Mux2-ACGTATCACTGAGCCA,2
Mux2-ACGTATCACTGGCATA,2
Mux2-ACGTATCAGAATCTGA,5
Mux2-ACGTATCACAAGACTA,4
Mux2-ACGTATCAGAGCTGAA,4
Mux2-ACGTATCAGATAGACA,4
Mux2-ACGTATCAACCACTGT,1
Mux2-ACGTATCAGCCACATA,5
Mux2-ACGTATCAACATTGGC,1
Mux2-ACGTATCACAGATCTG,3
Mux2-ACGTATCACATCAAGT,1
Mux2-ACGTATCACGCTGATC,3
Mux2-ACTATGCAAACGTGAT,1
Mux2-ACTATGCAACAAGCTA,1
Mux2-ACTATGCACTGTAGCC,1
Mux2-ACTATGCAAGTACAAG,1
Mux2-ACTATGCAAAGGTACA,2
Mux2-ACTATGCAACACAGAA,0
Mux2-ACTATGCAACAGCAGA,3
Mux2-ACTATGCAACCTCCAA,1
Mux2-ACTATGCAACGCTCGA,0
Mux2-ACTATGCAACGTATCA,1
Mux2-ACTATGCAACTATGCA,1
Mux2-ACTATGCAAGAGTCAA,1
Mux2-ACTATGCAAGATCGCA,1
Mux2-ACTATGCAAGCAGGAA,1
Mux2-ACTATGCAAGTCACTA,1
Mux2-ACTATGCAATCCTGTA,1
Mux2-ACTATGCAATTGAGGA,1
Mux2-ACTATGCACAACCACA,1
Mux2-ACTATGCAGACTAGTA,1
Mux2-ACTATGCACAATGGAA,0
Mux2-ACTATGCACACTTCGA,1
Mux2-ACTATGCACAGCGTTA,0
Mux2-ACTATGCACATACCAA,1
Mux2-ACTATGCACCAGTTCA,1
Mux2-ACTATGCACCGAAGTA,10
Mux2-ACTATGCACCGTGAGA,10
Mux2-ACTATGCACCTCCTGA,10
Mux2-ACTATGCACGAACTTA,10
Mux2-ACTATGCACGACTGGA,10
Mux2-ACTATGCACGCATACA,5
Mux2-ACTATGCACTCAATGA,4
Mux2-ACTATGCACTGAGCCA,5
Mux2-ACTATGCAACCACTGT,1
Mux2-ACTATGCAGCCACATA,4
Mux2-ACTATGCAACATTGGC,1
Mux2-ACTATGCACAGATCTG,1
Mux2-ACTATGCACATCAAGT,1
Mux2-ACTATGCACGCTGATC,1
Mux2-AGAGTCAAACAAGCTA,1
Mux2-AGAGTCAAAACGCTTA,0
Mux2-AGAGTCAAAAGACGGA,3
Mux2-AGAGTCAAAAGGTACA,6
Mux2-AGAGTCAAACACAGAA,2
Mux2-AGAGTCAAACAGCAGA,6
Mux2-AGAGTCAAACCTCCAA,3
Mux2-AGAGTCAAACGCTCGA,3
Mux2-AGAGTCAAACGTATCA,1
Mux2-AGAGTCAAACTATGCA,10
Mux2-AGAGTCAAAGAGTCAA,1
Mux2-AGAGTCAAATCCTGTA,1
Mux2-AGAGTCAAATTGAGGA,0
Mux2-AGAGTCAACAACCACA,1
Mux2-AGAGTCAAGACTAGTA,0
Mux2-AGAGTCAACAATGGAA,0
Mux2-AGAGTCAACACTTCGA,0
Mux2-AGAGTCAACAGCGTTA,0
Mux2-AGAGTCAACATACCAA,8
Mux2-AGAGTCAACCAGTTCA,0
Mux2-AGAGTCAACCGAAGTA,10
Mux2-AGAGTCAACCGTGAGA,10
Mux2-AGAGTCAACCTCCTGA,10
Mux2-AGAGTCAACGAACTTA,10
Mux2-AGAGTCAACGACTGGA,10
Mux2-AGAGTCAACGCATACA,2
Mux2-AGAGTCAACTCAATGA,5
Mux2-AGAGTCAACTGAGCCA,2
Mux2-AGAGTCAACTGGCATA,2
Mux2-AGAGTCAAGAATCTGA,2
Mux2-AGAGTCAAGAGCTGAA,5
Mux2-AGAGTCAACAGATCTG,1
Mux2-AGAGTCAACATCAAGT,1
Mux2-AGAGTCAACGCTGATC,1
Mux2-AGATCGCAAACCGAGA,3
Mux2-AGATCGCAAACGCTTA,6
Mux2-AGATCGCAAAGACGGA,2
Mux2-AGATCGCAAAGGTACA,2
Mux2-AGATCGCAACACAGAA,2
Mux2-AGATCGCAACAGCAGA,6
Mux2-AGATCGCAATCCTGTA,1
Mux2-AGATCGCAATTGAGGA,0
Mux2-AGATCGCACAACCACA,0
Mux2-AGATCGCAGACTAGTA,1
Mux2-AGATCGCACAATGGAA,0
Mux2-AGATCGCACACTTCGA,0
Mux2-AGATCGCACAGCGTTA,0
Mux2-AGATCGCACATACCAA,1
Mux2-AGATCGCACCAGTTCA,10
Mux2-AGATCGCACCGAAGTA,10
Mux2-AGATCGCACCGTGAGA,10
Mux2-AGATCGCACCTCCTGA,10
Mux2-AGATCGCACGAACTTA,10
Mux2-AGATCGCACGACTGGA,10
Mux2-AGATCGCACGCATACA,0
Mux2-AGATCGCACTCAATGA,5
Mux2-AGATCGCACTGAGCCA,2
Mux2-AGATCGCACTGGCATA,2
Mux2-AGATCGCAGAATCTGA,2
Mux2-AGATCGCAGAGCTGAA,6
Mux2-AGCAGGAAAACAACCA,2
Mux2-AGCAGGAAAACCGAGA,6
Mux2-AGCAGGAAAACGCTTA,6
Mux2-AGCAGGAAAAGACGGA,6
Mux2-AGCAGGAAATTGAGGA,2
Mux2-AGCAGGAACAACCACA,0
Mux2-AGCAGGAAGACTAGTA,0
Mux2-AGCAGGAACAATGGAA,2
Mux2-AGCAGGAACACTTCGA,0
Mux2-AGCAGGAACAGCGTTA,0
Mux2-AGCAGGAACATACCAA,8
Mux2-AGCAGGAACCAGTTCA,10
Mux2-AGCAGGAACCGAAGTA,10
Mux2-AGCAGGAACCGTGAGA,10
Mux2-AGCAGGAACCTCCTGA,10
Mux2-AGCAGGAACGAACTTA,10
Mux2-AGCAGGAACGACTGGA,2
Mux2-AGCAGGAACGCATACA,0
Mux2-AGCAGGAACTCAATGA,5
Mux2-AGCAGGAACTGAGCCA,6
Mux2-AGCAGGAACTGGCATA,6
Mux2-AGCAGGAAGAATCTGA,2
Mux2-AGCAGGAAGCCACATA,2
Mux2-AGTCACTACTGTAGCC,6
Mux2-AGTCACTAAGTACAAG,2
Mux2-AGTCACTAAACAACCA,2
Mux2-AGTCACTAAACCGAGA,6
Mux2-AGTCACTAATCCTGTA,0
Mux2-AGTCACTAATTGAGGA,0
Mux2-AGTCACTACAACCACA,0
Mux2-AGTCACTAGACTAGTA,0
Mux2-AGTCACTACAATGGAA,0
Mux2-AGTCACTACACTTCGA,0
Mux2-AGTCACTACAGCGTTA,0
Mux2-AGTCACTACATACCAA,8
Mux2-AGTCACTACCAGTTCA,10
Mux2-AGTCACTACCGAAGTA,10
Mux2-AGTCACTACCGTGAGA,10
Mux2-AGTCACTACCTCCTGA,10
Mux2-AGTCACTACGAACTTA,10
Mux2-AGTCACTACGACTGGA,2
Mux2-AGTCACTACGCATACA,5
Mux2-AGTCACTACTCAATGA,4
Mux2-AGTCACTACTGAGCCA,2
Mux2-AGTCACTACTGGCATA,6
Mux2-AGTCACTAGAATCTGA,2
Mux2-AGTCACTAGCCACATA,2
Mux2-ATCCTGTAACAAGCTA,6
Mux2-ATCCTGTACTGTAGCC,2
Mux2-ATCCTGTAAGTACAAG,6
Mux2-ATCCTGTAACAGCAGA,6
Mux2-ATCCTGTAACCTCCAA,2
Mux2-ATCCTGTAACGCTCGA,6
Mux2-ATCCTGTAACGTATCA,2
Mux2-ATCCTGTAACTATGCA,3
Mux2-ATCCTGTAAGTCACTA,0
Mux2-ATCCTGTAATTGAGGA,0
Mux2-ATCCTGTACAACCACA,0
Mux2-ATCCTGTAGACTAGTA,0
Mux2-ATCCTGTACAATGGAA,0
Mux2-ATCCTGTACACTTCGA,2
Mux2-ATCCTGTACAGCGTTA,0
Mux2-ATCCTGTACATACCAA,8
Mux2-ATCCTGTACCAGTTCA,10
Mux2-ATCCTGTACCGAAGTA,10
Mux2-ATCCTGTACCGTGAGA,10
Mux2-ATCCTGTACCTCCTGA,10
Mux2-ATCCTGTACGAACTTA,2
Mux2-ATCCTGTACGACTGGA,3
Mux2-ATCCTGTACGCATACA,5
Mux2-ATCCTGTACTCAATGA,5
Mux2-ATCCTGTACTGAGCCA,2
Mux2-ATCCTGTACTGGCATA,2
Mux2-ATCCTGTAGAATCTGA,4
Mux2-ATCCTGTAGCCACATA,2
Mux2-ATTGAGGAACAAGCTA,2
Mux2-ATTGAGGACTGTAGCC,6
Mux2-ATTGAGGAAACGCTTA,6
Mux2-ATTGAGGAAAGACGGA,6
Mux2-ATTGAGGAAAGGTACA,6
Mux2-ATTGAGGAACACAGAA,6
Mux2-ATTGAGGAACAGCAGA,2
Mux2-ATTGAGGAACCTCCAA,2
Mux2-ATTGAGGAACGCTCGA,6
Mux2-ATTGAGGAACGTATCA,0
Mux2-ATTGAGGAACTATGCA,9
Mux2-ATTGAGGAAGAGTCAA,11
Mux2-ATTGAGGAAGATCGCA,0
Mux2-ATTGAGGAAGCAGGAA,2
Mux2-ATTGAGGAAGTCACTA,8
Mux2-ATTGAGGAATCCTGTA,9
Mux2-ATTGAGGAATTGAGGA,2
Mux2-ATTGAGGACAACCACA,0
Mux2-ATTGAGGAGACTAGTA,8
Mux2-ATTGAGGACAATGGAA,0
Mux2-ATTGAGGACACTTCGA,2
Mux2-ATTGAGGACAGCGTTA,0
Mux2-ATTGAGGACATACCAA,8
Mux2-ATTGAGGACCAGTTCA,10
Mux2-ATTGAGGACCGAAGTA,2
Mux2-ATTGAGGACCGTGAGA,10
Mux2-ATTGAGGACCTCCTGA,10
Mux2-ATTGAGGACGAACTTA,6
Mux2-ATTGAGGACGACTGGA,2
Mux2-ATTGAGGACGCATACA,5
Mux2-ATTGAGGACTCAATGA,5
Mux2-ATTGAGGACTGAGCCA,6
Mux2-ATTGAGGACTGGCATA,6
Mux2-ATTGAGGAGCCACATA,6
Mux2-ATTGAGGACGCTGATC,6
Mux2-AAACATCGAACGTGAT,1
Mux2-AAACATCGACAAGCTA,5
Mux2-AAACATCGCTGTAGCC,5
Mux2-AAACATCGAGTACAAG,5
Mux2-AAACATCGAACCGAGA,2
Mux2-AAACATCGAACGCTTA,5
Mux2-AAACATCGAAGACGGA,5
Mux2-AAACATCGAAGGTACA,2
Mux2-AAACATCGACACAGAA,5
Mux2-AAACATCGACAGCAGA,5
Mux2-AAACATCGAAACATCG,3
Mux2-AAACATCGACCTCCAA,5
Mux2-AAACATCGACGCTCGA,5
Mux2-AAACATCGACGTATCA,3
Mux2-AAACATCGACTATGCA,5
Mux2-AAACATCGAGAGTCAA,3
Mux2-AAACATCGAGTCACTA,5
Mux2-AAACATCGATCCTGTA,5
Mux2-AAACATCGATTGAGGA,5
Mux2-AAACATCGATGCCTAA,0
Mux2-AAACATCGCAACCACA,5
Mux2-AAACATCGGACTAGTA,5
Mux2-AAACATCGCAATGGAA,5
Mux2-AAACATCGCACTTCGA,0
Mux2-AAACATCGCAGCGTTA,2
Mux2-AAACATCGCATACCAA,5
Mux2-AAACATCGCCAGTTCA,5
Mux2-AAACATCGCCGAAGTA,2
Mux2-AAACATCGCCGTGAGA,5
Mux2-AAACATCGCCTCCTGA,5
Mux2-AAACATCGAGTGGTCA,6
Mux2-AAACATCGCAAGACTA,6
Mux2-AAACATCGGAGCTGAA,6
Mux2-AAACATCGGATAGACA,6
Mux2-AAACATCGACCACTGT,1
Mux2-AAACATCGGCCACATA,2
Mux2-AAACATCGACATTGGC,1
Mux2-AAACATCGCAGATCTG,1
Mux2-AAACATCGCATCAAGT,11
Mux2-AAACATCGCGCTGATC,5
Mux2-CAACCACAAACAACCA,2
Mux2-CAACCACAAACCGAGA,2
Mux2-CAACCACAAACGCTTA,2
Mux2-CAACCACAAAGACGGA,9
Mux2-CAACCACAAAGGTACA,6
Mux2-CAACCACAACCTCCAA,0
Mux2-CAACCACAACGCTCGA,9
Mux2-CAACCACAACGTATCA,9
Mux2-CAACCACAACTATGCA,9
Mux2-CAACCACAAGAGTCAA,1
Mux2-CAACCACAAGATCGCA,9
Mux2-CAACCACAAGCAGGAA,9
Mux2-CAACCACAAGTCACTA,11
Mux2-CAACCACAATCCTGTA,11
Mux2-CAACCACAATTGAGGA,3
Mux2-CAACCACACAACCACA,3
Mux2-CAACCACAGACTAGTA,8
Mux2-CAACCACACAATGGAA,2
Mux2-CAACCACACACTTCGA,0
Mux2-CAACCACACAGCGTTA,0
Mux2-CAACCACACATACCAA,8
Mux2-CAACCACACCAGTTCA,10
Mux2-CAACCACACCGAAGTA,10
Mux2-CAACCACACCGTGAGA,10
Mux2-CAACCACACCTCCTGA,10
Mux2-CAACCACACGAACTTA,6
Mux2-CAACCACACGACTGGA,5
Mux2-CAACCACACGCATACA,5
Mux2-CAACCACACTCAATGA,4
Mux2-CAACCACACTGAGCCA,2
Mux2-CAACCACACTGGCATA,2
Mux2-CAACCACAGCCACATA,2
Mux2-CAACCACACATCAAGT,0
Mux2-CAACCACACGCTGATC,2
Mux2-GACTAGTAAGTACAAG,9
Mux2-GACTAGTAAACAACCA,9
Mux2-GACTAGTAAACCGAGA,9
Mux2-GACTAGTAAACGCTTA,2
Mux2-GACTAGTAACAGCAGA,6
Mux2-GACTAGTAACCTCCAA,9
Mux2-GACTAGTAACGCTCGA,9
Mux2-GACTAGTAACGTATCA,9
Mux2-GACTAGTAACTATGCA,9
Mux2-GACTAGTAAGAGTCAA,9
Mux2-GACTAGTAAGATCGCA,9
Mux2-GACTAGTAAGCAGGAA,3
Mux2-GACTAGTAAGTCACTA,0
Mux2-GACTAGTAATCCTGTA,8
Mux2-GACTAGTAATTGAGGA,0
Mux2-GACTAGTACAACCACA,0
Mux2-GACTAGTAGACTAGTA,0
Mux2-GACTAGTACAATGGAA,0
Mux2-GACTAGTACACTTCGA,0
Mux2-GACTAGTACAGCGTTA,0
Mux2-GACTAGTACATACCAA,8
Mux2-GACTAGTACCAGTTCA,10
Mux2-GACTAGTACCGAAGTA,10
Mux2-GACTAGTACCGTGAGA,10
Mux2-GACTAGTACCTCCTGA,2
Mux2-GACTAGTACGAACTTA,6
Mux2-GACTAGTACGACTGGA,5
Mux2-GACTAGTACGCATACA,5
Mux2-GACTAGTACTCAATGA,4
Mux2-GACTAGTACTGAGCCA,2
Mux2-GACTAGTACTGGCATA,6
Mux2-GACTAGTAGCCACATA,2
Mux2-GACTAGTACAGATCTG,3
Mux2-GACTAGTACATCAAGT,2
Mux2-CAATGGAACTGTAGCC,9
Mux2-CAATGGAAAGTACAAG,9
Mux2-CAATGGAAAACAACCA,9
Mux2-CAATGGAAAACCGAGA,2
Mux2-CAATGGAAAACGCTTA,3
Mux2-CAATGGAAAAGGTACA,6
Mux2-CAATGGAAACACAGAA,2
Mux2-CAATGGAAACAGCAGA,2
Mux2-CAATGGAAACCTCCAA,9
Mux2-CAATGGAAACGCTCGA,9
Mux2-CAATGGAAACGTATCA,9
Mux2-CAATGGAAAGAGTCAA,9
Mux2-CAATGGAAAGATCGCA,9
Mux2-CAATGGAAAGCAGGAA,2
Mux2-CAATGGAAAGTCACTA,0
Mux2-CAATGGAAATCCTGTA,0
Mux2-CAATGGAAATTGAGGA,0
Mux2-CAATGGAACAACCACA,0
Mux2-CAATGGAAGACTAGTA,1
Mux2-CAATGGAACAATGGAA,3
Mux2-CAATGGAACACTTCGA,0
Mux2-CAATGGAACAGCGTTA,3
Mux2-CAATGGAACATACCAA,10
Mux2-CAATGGAACCAGTTCA,10
Mux2-CAATGGAACCGAAGTA,10
Mux2-CAATGGAACCGTGAGA,10
Mux2-CAATGGAACCTCCTGA,0
Mux2-CAATGGAACGAACTTA,2
Mux2-CAATGGAACGACTGGA,5
Mux2-CAATGGAACGCATACA,5
Mux2-CAATGGAACTCAATGA,4
Mux2-CAATGGAACTGAGCCA,2
Mux2-CAATGGAAGATAGACA,6
Mux2-CAATGGAAGCCACATA,2
Mux2-CAATGGAAACATTGGC,3
Mux2-CAATGGAACAGATCTG,2
Mux2-CACTTCGAACAAGCTA,2
Mux2-CACTTCGACTGTAGCC,9
Mux2-CACTTCGAAGTACAAG,2
Mux2-CACTTCGAAACCGAGA,2
Mux2-CACTTCGAAAGACGGA,11
Mux2-CACTTCGAAAGGTACA,6
Mux2-CACTTCGAACACAGAA,9
Mux2-CACTTCGAACAGCAGA,2
Mux2-CACTTCGAACCTCCAA,9
Mux2-CACTTCGAACGCTCGA,9
Mux2-CACTTCGAACGTATCA,9
Mux2-CACTTCGAACTATGCA,9
Mux2-CACTTCGAAGAGTCAA,9
Mux2-CACTTCGAAGATCGCA,9
Mux2-CACTTCGAAGTCACTA,0
Mux2-CACTTCGAATCCTGTA,2
Mux2-CACTTCGAATTGAGGA,0
Mux2-CACTTCGACAACCACA,0
Mux2-CACTTCGAGACTAGTA,1
Mux2-CACTTCGACAATGGAA,0
Mux2-CACTTCGACACTTCGA,0
Mux2-CACTTCGACAGCGTTA,2
Mux2-CACTTCGACATACCAA,8
Mux2-CACTTCGACCAGTTCA,10
Mux2-CACTTCGACCGAAGTA,10
Mux2-CACTTCGACCGTGAGA,1
Mux2-CACTTCGACCTCCTGA,0
Mux2-CACTTCGACGAACTTA,2
Mux2-CACTTCGACGACTGGA,5
Mux2-CACTTCGACGCATACA,5
Mux2-CACTTCGACTCAATGA,5
Mux2-CACTTCGACTGAGCCA,2
Mux2-CACTTCGACTGGCATA,2
Mux2-CACTTCGAGATAGACA,6
Mux2-CACTTCGAACCACTGT,0
Mux2-CACTTCGAGCCACATA,6
Mux2-CAGCGTTAACAAGCTA,9
Mux2-CAGCGTTACTGTAGCC,9
Mux2-CAGCGTTAAGTACAAG,2
Mux2-CAGCGTTAAACAACCA,11
Mux2-CAGCGTTAAACCGAGA,11
Mux2-CAGCGTTAAAGACGGA,0
Mux2-CAGCGTTAACAGCAGA,9
Mux2-CAGCGTTAACCTCCAA,9
Mux2-CAGCGTTAACGCTCGA,9
Mux2-CAGCGTTAACGTATCA,9
Mux2-CAGCGTTAACTATGCA,9
Mux2-CAGCGTTAAGAGTCAA,9
Mux2-CAGCGTTAAGATCGCA,9
Mux2-CAGCGTTAAGCAGGAA,2
Mux2-CAGCGTTAAGTCACTA,0
Mux2-CAGCGTTAATCCTGTA,0
Mux2-CAGCGTTAATTGAGGA,8
Mux2-CAGCGTTACAACCACA,0
Mux2-CAGCGTTAGACTAGTA,8
Mux2-CAGCGTTACAATGGAA,0
Mux2-CAGCGTTACACTTCGA,0
Mux2-CAGCGTTACAGCGTTA,2
Mux2-CAGCGTTACATACCAA,0
Mux2-CAGCGTTACCAGTTCA,10
Mux2-CAGCGTTACCGAAGTA,10
Mux2-CAGCGTTACCGTGAGA,10
Mux2-CAGCGTTACCTCCTGA,2
Mux2-CAGCGTTAAGTGGTCA,6
Mux2-CAGCGTTACGAACTTA,2
Mux2-CAGCGTTACGACTGGA,5
Mux2-CAGCGTTACGCATACA,5
Mux2-CAGCGTTACTCAATGA,5
Mux2-CAGCGTTACTGAGCCA,2
Mux2-CAGCGTTAGAATCTGA,6
Mux2-CAGCGTTAGATAGACA,6
Mux2-CAGCGTTAGCCACATA,2
Mux2-CATACCAAACAAGCTA,11
Mux2-CATACCAACTGTAGCC,3
Mux2-CATACCAAAGTACAAG,0
Mux2-CATACCAAAACAACCA,3
Mux2-CATACCAAAACCGAGA,3
Mux2-CATACCAAAACGCTTA,11
Mux2-CATACCAAAAGACGGA,7
Mux2-CATACCAAAAGGTACA,2
Mux2-CATACCAAACACAGAA,2
Mux2-CATACCAAACAGCAGA,2
Mux2-CATACCAAACCTCCAA,9
Mux2-CATACCAAACGCTCGA,3
Mux2-CATACCAAACGTATCA,1
Mux2-CATACCAAACTATGCA,1
Mux2-CATACCAAAGAGTCAA,1
Mux2-CATACCAAAGCAGGAA,0
Mux2-CATACCAAAGTCACTA,0
Mux2-CATACCAAATCCTGTA,8
Mux2-CATACCAAATTGAGGA,0
Mux2-CATACCAAATGCCTAA,0
Mux2-CATACCAACAACCACA,2
Mux2-CATACCAAGACTAGTA,0
Mux2-CATACCAACAATGGAA,2
Mux2-CATACCAACACTTCGA,2
Mux2-CATACCAACAGCGTTA,2
Mux2-CATACCAACATACCAA,3
Mux2-CATACCAACCAGTTCA,10
Mux2-CATACCAACCGAAGTA,10
Mux2-CATACCAACCGTGAGA,10
Mux2-CATACCAACCTCCTGA,10
Mux2-CATACCAACGAACTTA,5
Mux2-CATACCAACGACTGGA,5
Mux2-CATACCAACGCATACA,5
Mux2-CATACCAACTCAATGA,5
Mux2-CATACCAACTGAGCCA,6
Mux2-CATACCAAGAATCTGA,2
Mux2-CATACCAAGATAGACA,2
Mux2-CATACCAACGCTGATC,3
Mux2-CCAGTTCAACAAGCTA,2
Mux2-CCAGTTCACTGTAGCC,11
Mux2-CCAGTTCAAGTACAAG,11
Mux2-CCAGTTCAAACAACCA,11
Mux2-CCAGTTCAAACCGAGA,2
Mux2-CCAGTTCAAACGCTTA,11
Mux2-CCAGTTCAAAGGTACA,6
Mux2-CCAGTTCAACACAGAA,2
Mux2-CCAGTTCAACAGCAGA,2
Mux2-CCAGTTCAAAACATCG,2
Mux2-CCAGTTCAACCTCCAA,9
Mux2-CCAGTTCAACGCTCGA,9
Mux2-CCAGTTCAACGTATCA,9
Mux2-CCAGTTCAACTATGCA,9
Mux2-CCAGTTCAAGAGTCAA,9
Mux2-CCAGTTCAAGATCGCA,9
Mux2-CCAGTTCAAGCAGGAA,2
Mux2-CCAGTTCAAGTCACTA,0
Mux2-CCAGTTCAATCCTGTA,0
Mux2-CCAGTTCAATTGAGGA,8
Mux2-CCAGTTCACAACCACA,0
Mux2-CCAGTTCAGACTAGTA,1
Mux2-CCAGTTCACAATGGAA,0
Mux2-CCAGTTCACACTTCGA,2
Mux2-CCAGTTCACAGCGTTA,2
Mux2-CCAGTTCACATACCAA,2
Mux2-CCAGTTCACCAGTTCA,10
Mux2-CCAGTTCACCGAAGTA,10
Mux2-CCAGTTCACCGTGAGA,2
Mux2-CCAGTTCACCTCCTGA,10
Mux2-CCAGTTCACGAACTTA,6
Mux2-CCAGTTCACGACTGGA,5
Mux2-CCAGTTCACGCATACA,5
Mux2-CCAGTTCACTCAATGA,5
Mux2-CCAGTTCACTGAGCCA,2
Mux2-CCAGTTCAGAATCTGA,6
Mux2-CCAGTTCAGATAGACA,6
Mux2-CCAGTTCACGCTGATC,9
Mux2-CCGAAGTAAACGTGAT,10
Mux2-CCGAAGTAACAAGCTA,11
Mux2-CCGAAGTACTGTAGCC,9
Mux2-CCGAAGTAAGTACAAG,2
Mux2-CCGAAGTAAACAACCA,9
Mux2-CCGAAGTAAACCGAGA,11
Mux2-CCGAAGTAAACGCTTA,11
Mux2-CCGAAGTAAAGACGGA,9
Mux2-CCGAAGTAAAGGTACA,2
Mux2-CCGAAGTAACACAGAA,9
Mux2-CCGAAGTAACAGCAGA,2
Mux2-CCGAAGTAAAACATCG,2
Mux2-CCGAAGTAACCTCCAA,9
Mux2-CCGAAGTAACGCTCGA,9
Mux2-CCGAAGTAACGTATCA,9
Mux2-CCGAAGTAACTATGCA,9
Mux2-CCGAAGTAAGAGTCAA,9
Mux2-CCGAAGTAAGCAGGAA,6
Mux2-CCGAAGTAATCCTGTA,0
Mux2-CCGAAGTAATTGAGGA,0
Mux2-CCGAAGTACAACCACA,0
Mux2-CCGAAGTAGACTAGTA,8
Mux2-CCGAAGTACAATGGAA,0
Mux2-CCGAAGTACACTTCGA,3
Mux2-CCGAAGTACAGCGTTA,11
Mux2-CCGAAGTACATACCAA,8
Mux2-CCGAAGTACCAGTTCA,8
Mux2-CCGAAGTACCGAAGTA,10
Mux2-CCGAAGTACCGTGAGA,10
Mux2-CCGAAGTACCTCCTGA,10
Mux2-CCGAAGTACGAACTTA,2
Mux2-CCGAAGTACGACTGGA,5
Mux2-CCGAAGTACGCATACA,5
Mux2-CCGAAGTACTCAATGA,5
Mux2-CCGAAGTACTGAGCCA,2
Mux2-CCGAAGTACTGGCATA,6
Mux2-CCGAAGTAGAATCTGA,6
Mux2-CCGAAGTAGAGCTGAA,6
Mux2-CCGAAGTAGATAGACA,6
Mux2-CCGTGAGAAACGTGAT,1
Mux2-CCGTGAGAACAAGCTA,9
Mux2-CCGTGAGACTGTAGCC,9
Mux2-CCGTGAGAAGTACAAG,9
Mux2-CCGTGAGAAACAACCA,9
Mux2-CCGTGAGAAACCGAGA,9
Mux2-CCGTGAGAAACGCTTA,11
Mux2-CCGTGAGAAAGACGGA,9
Mux2-CCGTGAGAAAGGTACA,2
Mux2-CCGTGAGAACACAGAA,2
Mux2-CCGTGAGAACAGCAGA,2
Mux2-CCGTGAGAACCTCCAA,9
Mux2-CCGTGAGAACGCTCGA,11
Mux2-CCGTGAGAACGTATCA,9
Mux2-CCGTGAGAACTATGCA,9
Mux2-CCGTGAGAAGAGTCAA,9
Mux2-CCGTGAGAAGTCACTA,0
Mux2-CCGTGAGAATCCTGTA,0
Mux2-CCGTGAGAATTGAGGA,0
Mux2-CCGTGAGACAACCACA,0
Mux2-CCGTGAGAGACTAGTA,0
Mux2-CCGTGAGACAATGGAA,0
Mux2-CCGTGAGACACTTCGA,2
Mux2-CCGTGAGACAGCGTTA,2
Mux2-CCGTGAGACATACCAA,0
Mux2-CCGTGAGACCAGTTCA,8
Mux2-CCGTGAGACCGAAGTA,10
Mux2-CCGTGAGACCGTGAGA,10
Mux2-CCGTGAGACCTCCTGA,10
Mux2-CCGTGAGACGAACTTA,2
Mux2-CCGTGAGACGACTGGA,5
Mux2-CCGTGAGACGCATACA,5
Mux2-CCGTGAGACTCAATGA,5
Mux2-CCGTGAGACTGAGCCA,2
Mux2-CCGTGAGAGATAGACA,6
Mux2-CCGTGAGAACCACTGT,1
Mux2-CCGTGAGAACATTGGC,3
Mux2-CCGTGAGACAGATCTG,2
Mux2-CCGTGAGACATCAAGT,3
Mux2-CCGTGAGACGCTGATC,9
Mux2-CCTCCTGAACAAGCTA,0
Mux2-CCTCCTGACTGTAGCC,9
Mux2-CCTCCTGAAGTACAAG,9
Mux2-CCTCCTGAAACAACCA,9
Mux2-CCTCCTGAAACCGAGA,9
Mux2-CCTCCTGAAACGCTTA,9
Mux2-CCTCCTGAAAGACGGA,9
Mux2-CCTCCTGAAAGGTACA,2
Mux2-CCTCCTGAACACAGAA,9
Mux2-CCTCCTGAACAGCAGA,2
Mux2-CCTCCTGAAAACATCG,11
Mux2-CCTCCTGAACGCTCGA,9
Mux2-CCTCCTGAACGTATCA,9
Mux2-CCTCCTGAACTATGCA,9
Mux2-CCTCCTGAAGAGTCAA,9
Mux2-CCTCCTGAAGTCACTA,11
Mux2-CCTCCTGAATCCTGTA,0
Mux2-CCTCCTGAATTGAGGA,0
Mux2-CCTCCTGAATGCCTAA,1
Mux2-CCTCCTGACAACCACA,0
Mux2-CCTCCTGAGACTAGTA,0
Mux2-CCTCCTGACAATGGAA,0
Mux2-CCTCCTGACACTTCGA,0
Mux2-CCTCCTGACAGCGTTA,11
Mux2-CCTCCTGACATACCAA,11
Mux2-CCTCCTGACCAGTTCA,8
Mux2-CCTCCTGACCGAAGTA,10
Mux2-CCTCCTGACCGTGAGA,10
Mux2-CCTCCTGACCTCCTGA,10
Mux2-CCTCCTGAAGTGGTCA,6
Mux2-CCTCCTGACGAACTTA,2
Mux2-CCTCCTGACGACTGGA,5
Mux2-CCTCCTGACGCATACA,5
Mux2-CCTCCTGACTCAATGA,5
Mux2-CCTCCTGACTGAGCCA,2
Mux2-CCTCCTGACTGGCATA,6
Mux2-CCTCCTGAGAGCTGAA,6
Mux2-CCTCCTGAGATAGACA,6
Mux2-CCTCCTGAACCACTGT,1
Mux2-CCTCCTGAACATTGGC,1
Mux2-CCTCCTGACAGATCTG,1
Mux2-CCTCCTGACATCAAGT,1
Mux2-CCTCCTGACGCTGATC,2
Mux2-ATGCCTAAAACGTGAT,4
Mux2-ATGCCTAAACAAGCTA,0
Mux2-ATGCCTAACTGTAGCC,5
Mux2-ATGCCTAAAGTACAAG,5
Mux2-ATGCCTAAAACCGAGA,2
Mux2-ATGCCTAAAACGCTTA,5
Mux2-ATGCCTAAAAGACGGA,5
Mux2-ATGCCTAAAAGGTACA,2
Mux2-ATGCCTAAACACAGAA,5
Mux2-ATGCCTAAACAGCAGA,2
Mux2-ATGCCTAAAAACATCG,5
Mux2-ATGCCTAAACCTCCAA,5
Mux2-ATGCCTAAACGCTCGA,5
Mux2-ATGCCTAAACGTATCA,5
Mux2-ATGCCTAAACTATGCA,5
Mux2-ATGCCTAAAGTCACTA,5
Mux2-ATGCCTAAATCCTGTA,5
Mux2-ATGCCTAAATTGAGGA,0
Mux2-ATGCCTAAATGCCTAA,3
Mux2-ATGCCTAACAACCACA,5
Mux2-ATGCCTAAGACTAGTA,5
Mux2-ATGCCTAACAATGGAA,5
Mux2-ATGCCTAACACTTCGA,5
Mux2-ATGCCTAACAGCGTTA,2
Mux2-ATGCCTAACATACCAA,5
Mux2-ATGCCTAACCAGTTCA,5
Mux2-ATGCCTAACCGAAGTA,5
Mux2-ATGCCTAACCGTGAGA,5
Mux2-ATGCCTAACCTCCTGA,5
Mux2-ATGCCTAAAGTGGTCA,2
Mux2-ATGCCTAACGAACTTA,5
Mux2-ATGCCTAACGACTGGA,5
Mux2-ATGCCTAAGAATCTGA,6
Mux2-ATGCCTAACAAGACTA,6
Mux2-ATGCCTAAGAGCTGAA,6
Mux2-ATGCCTAAGATAGACA,6
Mux2-ATGCCTAAACCACTGT,1
Mux2-ATGCCTAAGCCACATA,2
Mux2-ATGCCTAAACATTGGC,1
Mux2-ATGCCTAACAGATCTG,11
Mux2-ATGCCTAACATCAAGT,0
Mux2-ATGCCTAACGCTGATC,0
Mux2-CGAACTTAAACGTGAT,1
Mux2-CGAACTTAACAAGCTA,1
Mux2-CGAACTTACTGTAGCC,1
Mux2-CGAACTTAAGTACAAG,1
Mux2-CGAACTTAAACAACCA,1
Mux2-CGAACTTAAACCGAGA,1
Mux2-CGAACTTAAACGCTTA,1
Mux2-CGAACTTAAAGACGGA,9
Mux2-CGAACTTAAAGGTACA,2
Mux2-CGAACTTAACAGCAGA,2
Mux2-CGAACTTAAAACATCG,1
Mux2-CGAACTTAACCTCCAA,11
Mux2-CGAACTTAACGCTCGA,1
Mux2-CGAACTTAACTATGCA,9
Mux2-CGAACTTAAGAGTCAA,9
Mux2-CGAACTTAAGATCGCA,9
Mux2-CGAACTTAAGCAGGAA,6
Mux2-CGAACTTAAGTCACTA,9
Mux2-CGAACTTAATCCTGTA,0
Mux2-CGAACTTAATTGAGGA,0
Mux2-CGAACTTAATGCCTAA,1
Mux2-CGAACTTACAACCACA,0
Mux2-CGAACTTAGACTAGTA,0
Mux2-CGAACTTACAATGGAA,0
Mux2-CGAACTTACACTTCGA,0
Mux2-CGAACTTACAGCGTTA,2
Mux2-CGAACTTACATACCAA,11
Mux2-CGAACTTACCAGTTCA,8
Mux2-CGAACTTACCGAAGTA,8
Mux2-CGAACTTACCGTGAGA,10
Mux2-CGAACTTACCTCCTGA,10
Mux2-CGAACTTAAGTGGTCA,6
Mux2-CGAACTTACGAACTTA,5
Mux2-CGAACTTACGACTGGA,10
Mux2-CGAACTTACGCATACA,10
Mux2-CGAACTTACTCAATGA,5
Mux2-CGAACTTACTGAGCCA,2
Mux2-CGAACTTACTGGCATA,2
Mux2-CGAACTTAGAATCTGA,2
Mux2-CGAACTTACAAGACTA,6
Mux2-CGAACTTAGAGCTGAA,6
Mux2-CGAACTTAACCACTGT,1
Mux2-CGAACTTAACATTGGC,1
Mux2-CGAACTTACAGATCTG,1
Mux2-CGAACTTACATCAAGT,1
Mux2-CGAACTTACGCTGATC,1
Mux2-CGACTGGAAACGTGAT,1
Mux2-CGACTGGAACAAGCTA,11
Mux2-CGACTGGACTGTAGCC,3
Mux2-CGACTGGAAGTACAAG,1
Mux2-CGACTGGAAACAACCA,1
Mux2-CGACTGGAAACCGAGA,1
Mux2-CGACTGGAAACGCTTA,1
Mux2-CGACTGGAAAGACGGA,1
Mux2-CGACTGGAAAGGTACA,6
Mux2-CGACTGGAACACAGAA,2
Mux2-CGACTGGAACAGCAGA,2
Mux2-CGACTGGAAAACATCG,1
Mux2-CGACTGGAACCTCCAA,11
Mux2-CGACTGGAACGCTCGA,9
Mux2-CGACTGGAACTATGCA,1
Mux2-CGACTGGAAGAGTCAA,1
Mux2-CGACTGGAAGATCGCA,1
Mux2-CGACTGGAAGCAGGAA,2
Mux2-CGACTGGAAGTCACTA,9
Mux2-CGACTGGAATCCTGTA,0
Mux2-CGACTGGAATTGAGGA,0
Mux2-CGACTGGAATGCCTAA,1
Mux2-CGACTGGACAACCACA,3
Mux2-CGACTGGAGACTAGTA,1
Mux2-CGACTGGACAATGGAA,0
Mux2-CGACTGGACACTTCGA,11
Mux2-CGACTGGACATACCAA,11
Mux2-CGACTGGACCAGTTCA,0
Mux2-CGACTGGACCGAAGTA,2
Mux2-CGACTGGACCGTGAGA,10
Mux2-CGACTGGACCTCCTGA,10
Mux2-CGACTGGAAGTGGTCA,6
Mux2-CGACTGGACGAACTTA,5
Mux2-CGACTGGACGACTGGA,5
Mux2-CGACTGGACGCATACA,5
Mux2-CGACTGGACTCAATGA,5
Mux2-CGACTGGACTGAGCCA,2
Mux2-CGACTGGACTGGCATA,2
Mux2-CGACTGGAGAATCTGA,2
Mux2-CGACTGGAGAGCTGAA,6
Mux2-CGACTGGAACCACTGT,1
Mux2-CGACTGGAACATTGGC,1
Mux2-CGACTGGACAGATCTG,3
Mux2-CGACTGGACATCAAGT,3
Mux2-CGACTGGACGCTGATC,1
Mux2-CGCATACAAACGTGAT,1
Mux2-CGCATACAACAAGCTA,9
Mux2-CGCATACACTGTAGCC,1
Mux2-CGCATACAAGTACAAG,3
Mux2-CGCATACAAACAACCA,1
Mux2-CGCATACAAACCGAGA,2
Mux2-CGCATACAAACGCTTA,1
Mux2-CGCATACAAAGACGGA,1
Mux2-CGCATACAAAGGTACA,2
Mux2-CGCATACAACACAGAA,0
Mux2-CGCATACAACAGCAGA,2
Mux2-CGCATACAAAACATCG,1
Mux2-CGCATACAACCTCCAA,1
Mux2-CGCATACAACGCTCGA,11
Mux2-CGCATACAACGTATCA,8
Mux2-CGCATACAACTATGCA,1
Mux2-CGCATACAAGAGTCAA,1
Mux2-CGCATACAAGATCGCA,1
Mux2-CGCATACAAGCAGGAA,2
Mux2-CGCATACAAGTCACTA,0
Mux2-CGCATACAATCCTGTA,1
Mux2-CGCATACAATTGAGGA,0
Mux2-CGCATACAATGCCTAA,1
Mux2-CGCATACACAACCACA,0
Mux2-CGCATACAGACTAGTA,0
Mux2-CGCATACACAATGGAA,0
Mux2-CGCATACACACTTCGA,2
Mux2-CGCATACACATACCAA,11
Mux2-CGCATACACCAGTTCA,0
Mux2-CGCATACACCGAAGTA,10
Mux2-CGCATACACCGTGAGA,10
Mux2-CGCATACACCTCCTGA,10
Mux2-CGCATACAAGTGGTCA,6
Mux2-CGCATACACGAACTTA,0
Mux2-CGCATACACGACTGGA,5
Mux2-CGCATACACGCATACA,5
Mux2-CGCATACACTCAATGA,5
Mux2-CGCATACACTGAGCCA,2
Mux2-CGCATACACTGGCATA,2
Mux2-CGCATACAGAATCTGA,2
Mux2-CGCATACACAAGACTA,2
Mux2-CGCATACAGAGCTGAA,6
Mux2-CGCATACAACCACTGT,1
Mux2-CGCATACAACATTGGC,1
Mux2-CGCATACACAGATCTG,1
Mux2-CGCATACACATCAAGT,1
Mux2-CGCATACACGCTGATC,1
Mux2-CTCAATGAAACGTGAT,1
Mux2-CTCAATGAACAAGCTA,2
Mux2-CTCAATGACTGTAGCC,1
Mux2-CTCAATGAAGTACAAG,11
Mux2-CTCAATGAAACAACCA,1
Mux2-CTCAATGAAACCGAGA,1
Mux2-CTCAATGAAACGCTTA,1
Mux2-CTCAATGAAAGACGGA,1
Mux2-CTCAATGAAAGGTACA,2
Mux2-CTCAATGAACACAGAA,2
Mux2-CTCAATGAACAGCAGA,11
Mux2-CTCAATGAAAACATCG,1
Mux2-CTCAATGAACCTCCAA,11
Mux2-CTCAATGAACGCTCGA,11
Mux2-CTCAATGAACGTATCA,1
Mux2-CTCAATGAACTATGCA,1
Mux2-CTCAATGAAGAGTCAA,1
Mux2-CTCAATGAAGATCGCA,1
Mux2-CTCAATGAAGCAGGAA,3
Mux2-CTCAATGAAGTCACTA,0
Mux2-CTCAATGAATCCTGTA,0
Mux2-CTCAATGAATTGAGGA,0
Mux2-CTCAATGAATGCCTAA,1
Mux2-CTCAATGACAACCACA,3
Mux2-CTCAATGAGACTAGTA,0
Mux2-CTCAATGACAATGGAA,2
Mux2-CTCAATGACACTTCGA,2
Mux2-CTCAATGACAGCGTTA,2
Mux2-CTCAATGACATACCAA,11
Mux2-CTCAATGACCAGTTCA,0
Mux2-CTCAATGACCGAAGTA,0
Mux2-CTCAATGACCGTGAGA,10
Mux2-CTCAATGACCTCCTGA,10
Mux2-CTCAATGAAGTGGTCA,6
Mux2-CTCAATGACGAACTTA,2
Mux2-CTCAATGACGACTGGA,5
Mux2-CTCAATGACGCATACA,5
Mux2-CTCAATGACTCAATGA,5
Mux2-CTCAATGACTGAGCCA,2
Mux2-CTCAATGACTGGCATA,2
Mux2-CTCAATGAGAATCTGA,2
Mux2-CTCAATGACAAGACTA,2
Mux2-CTCAATGAACCACTGT,1
Mux2-CTCAATGAACATTGGC,1
Mux2-CTCAATGACAGATCTG,1
Mux2-CTCAATGACATCAAGT,1
Mux2-CTCAATGACGCTGATC,1
Mux2-CTGAGCCAAACGTGAT,1
Mux2-CTGAGCCAACAAGCTA,1
Mux2-CTGAGCCACTGTAGCC,1
Mux2-CTGAGCCAAGTACAAG,1
Mux2-CTGAGCCAAACAACCA,1
Mux2-CTGAGCCAAACCGAGA,1
Mux2-CTGAGCCAAACGCTTA,1
Mux2-CTGAGCCAAAGACGGA,3
Mux2-CTGAGCCAAAGGTACA,2
Mux2-CTGAGCCAACACAGAA,9
Mux2-CTGAGCCAACAGCAGA,11
Mux2-CTGAGCCAAAACATCG,1
Mux2-CTGAGCCAACCTCCAA,0
Mux2-CTGAGCCAACGCTCGA,11
Mux2-CTGAGCCAACGTATCA,1
Mux2-CTGAGCCAACTATGCA,1
Mux2-CTGAGCCAAGAGTCAA,1
Mux2-CTGAGCCAAGATCGCA,1
Mux2-CTGAGCCAAGCAGGAA,3
Mux2-CTGAGCCAAGTCACTA,1
Mux2-CTGAGCCAATCCTGTA,1
Mux2-CTGAGCCAATTGAGGA,3
Mux2-CTGAGCCAATGCCTAA,1
Mux2-CTGAGCCACAACCACA,0
Mux2-CTGAGCCAGACTAGTA,8
Mux2-CTGAGCCACAATGGAA,2
Mux2-CTGAGCCACACTTCGA,6
Mux2-CTGAGCCACAGCGTTA,2
Mux2-CTGAGCCACATACCAA,0
Mux2-CTGAGCCACCAGTTCA,0
Mux2-CTGAGCCACCGAAGTA,0
Mux2-CTGAGCCACCGTGAGA,10
Mux2-CTGAGCCACCTCCTGA,10
Mux2-CTGAGCCAAGTGGTCA,6
Mux2-CTGAGCCACGAACTTA,2
Mux2-CTGAGCCACGACTGGA,5
Mux2-CTGAGCCACGCATACA,5
Mux2-CTGAGCCACTCAATGA,5
Mux2-CTGAGCCACTGAGCCA,6
Mux2-CTGAGCCACTGGCATA,2
Mux2-CTGAGCCAGAATCTGA,2
Mux2-CTGAGCCACAAGACTA,5
Mux2-CTGAGCCAACCACTGT,1
Mux2-CTGAGCCAACATTGGC,1
Mux2-CTGAGCCACAGATCTG,1
Mux2-CTGAGCCACATCAAGT,1
Mux2-CTGAGCCACGCTGATC,9
Mux2-CTGGCATAAACGTGAT,1
Mux2-CTGGCATAACAAGCTA,1
Mux2-CTGGCATACTGTAGCC,1
Mux2-CTGGCATAAGTACAAG,1
Mux2-CTGGCATAAACAACCA,1
Mux2-CTGGCATAAACCGAGA,1
Mux2-CTGGCATAAACGCTTA,1
Mux2-CTGGCATAAAGACGGA,3
Mux2-CTGGCATAAAGGTACA,2
Mux2-CTGGCATAACACAGAA,9
Mux2-CTGGCATAACAGCAGA,2
Mux2-CTGGCATAAAACATCG,1
Mux2-CTGGCATAACCTCCAA,1
Mux2-CTGGCATAACGCTCGA,1
Mux2-CTGGCATAACGTATCA,1
Mux2-CTGGCATAACTATGCA,1
Mux2-CTGGCATAAGAGTCAA,1
Mux2-CTGGCATAAGATCGCA,1
Mux2-CTGGCATAAGCAGGAA,1
Mux2-CTGGCATAAGTCACTA,1
Mux2-CTGGCATAATCCTGTA,1
Mux2-CTGGCATAATTGAGGA,1
Mux2-CTGGCATAATGCCTAA,1
Mux2-CTGGCATACAACCACA,0
Mux2-CTGGCATAGACTAGTA,1
Mux2-CTGGCATACAATGGAA,2
Mux2-CTGGCATACACTTCGA,6
Mux2-CTGGCATACAGCGTTA,3
Mux2-CTGGCATACCAGTTCA,10
Mux2-CTGGCATACCGAAGTA,10
Mux2-CTGGCATACCGTGAGA,10
Mux2-CTGGCATACCTCCTGA,10
Mux2-CTGGCATAAGTGGTCA,6
Mux2-CTGGCATACGAACTTA,0
Mux2-CTGGCATACGACTGGA,5
Mux2-CTGGCATACGCATACA,5
Mux2-CTGGCATACTCAATGA,5
Mux2-CTGGCATACTGAGCCA,2
Mux2-CTGGCATACTGGCATA,2
Mux2-CTGGCATAGAATCTGA,5
Mux2-CTGGCATACAAGACTA,2
Mux2-CTGGCATAACCACTGT,1
Mux2-CTGGCATAACATTGGC,1
Mux2-CTGGCATACAGATCTG,1
Mux2-CTGGCATACATCAAGT,3
Mux2-CTGGCATACGCTGATC,1
Mux2-GAATCTGAAACGTGAT,1
Mux2-GAATCTGAACAAGCTA,11
Mux2-GAATCTGACTGTAGCC,11
Mux2-GAATCTGAAGTACAAG,11
Mux2-GAATCTGAAACAACCA,1
Mux2-GAATCTGAAACCGAGA,1
Mux2-GAATCTGAAACGCTTA,1
Mux2-GAATCTGAAAGACGGA,1
Mux2-GAATCTGAAAGGTACA,2
Mux2-GAATCTGAACACAGAA,11
Mux2-GAATCTGAACAGCAGA,2
Mux2-GAATCTGAAAACATCG,1
Mux2-GAATCTGAACCTCCAA,1
Mux2-GAATCTGAACGCTCGA,1
Mux2-GAATCTGAACGTATCA,1
Mux2-GAATCTGAACTATGCA,1
Mux2-GAATCTGAAGAGTCAA,1
Mux2-GAATCTGAAGATCGCA,1
Mux2-GAATCTGAAGCAGGAA,0
Mux2-GAATCTGAAGTCACTA,1
Mux2-GAATCTGAATCCTGTA,1
Mux2-GAATCTGAATTGAGGA,0
Mux2-GAATCTGAATGCCTAA,1
Mux2-GAATCTGACAACCACA,7
Mux2-GAATCTGAGACTAGTA,0
Mux2-GAATCTGACAATGGAA,2
Mux2-GAATCTGACACTTCGA,6
Mux2-GAATCTGACAGCGTTA,2
Mux2-GAATCTGACATACCAA,2
Mux2-GAATCTGACCAGTTCA,1
Mux2-GAATCTGACCGAAGTA,0
Mux2-GAATCTGACCGTGAGA,10
Mux2-GAATCTGACCTCCTGA,10
Mux2-GAATCTGAAGTGGTCA,6
Mux2-GAATCTGACGAACTTA,2
Mux2-GAATCTGACGACTGGA,5
Mux2-GAATCTGACGCATACA,5
Mux2-GAATCTGACTCAATGA,5
Mux2-GAATCTGACTGAGCCA,2
Mux2-GAATCTGACTGGCATA,2
Mux2-GAATCTGAGAATCTGA,5
Mux2-GAATCTGACAAGACTA,0
Mux2-GAATCTGAACCACTGT,1
Mux2-GAATCTGAACATTGGC,1
Mux2-GAATCTGACAGATCTG,3
Mux2-GAATCTGACATCAAGT,3
Mux2-GAATCTGACGCTGATC,1
Mux2-CAAGACTAAACGTGAT,1
Mux2-CAAGACTAACAAGCTA,11
Mux2-CAAGACTAAGTACAAG,11
Mux2-CAAGACTAAACAACCA,11
Mux2-CAAGACTAAACCGAGA,11
Mux2-CAAGACTAAACGCTTA,1
Mux2-CAAGACTAACACAGAA,11
Mux2-CAAGACTAACAGCAGA,2
Mux2-CAAGACTAAAACATCG,0
Mux2-CAAGACTAACCTCCAA,11
Mux2-CAAGACTAACGCTCGA,11
Mux2-CAAGACTAACGTATCA,1
Mux2-CAAGACTAACTATGCA,1
Mux2-CAAGACTAAGAGTCAA,1
Mux2-CAAGACTAAGATCGCA,1
Mux2-CAAGACTAAGCAGGAA,1
Mux2-CAAGACTAAGTCACTA,1
Mux2-CAAGACTAATCCTGTA,1
Mux2-CAAGACTAATTGAGGA,1
Mux2-CAAGACTAATGCCTAA,1
Mux2-CAAGACTACAACCACA,0
Mux2-CAAGACTAGACTAGTA,0
Mux2-CAAGACTACAATGGAA,2
Mux2-CAAGACTACACTTCGA,6
Mux2-CAAGACTACAGCGTTA,2
Mux2-CAAGACTACATACCAA,0
Mux2-CAAGACTACCAGTTCA,1
Mux2-CAAGACTACCGAAGTA,8
Mux2-CAAGACTACCGTGAGA,10
Mux2-CAAGACTACCTCCTGA,10
Mux2-CAAGACTAAGTGGTCA,6
Mux2-CAAGACTACGAACTTA,2
Mux2-CAAGACTACGACTGGA,5
Mux2-CAAGACTACGCATACA,5
Mux2-CAAGACTACTCAATGA,5
Mux2-CAAGACTACTGAGCCA,2
Mux2-CAAGACTACTGGCATA,2
Mux2-CAAGACTAGAATCTGA,5
Mux2-CAAGACTAACCACTGT,1
Mux2-CAAGACTAACATTGGC,1
Mux2-CAAGACTACAGATCTG,1
Mux2-CAAGACTACATCAAGT,7
Mux2-CAAGACTACGCTGATC,11
Mux2-GAGCTGAAAACGTGAT,1
Mux2-GAGCTGAAACAAGCTA,11
Mux2-GAGCTGAACTGTAGCC,11
Mux2-GAGCTGAAAGTACAAG,11
Mux2-GAGCTGAAAACAACCA,11
Mux2-GAGCTGAAAACGCTTA,11
Mux2-GAGCTGAAAAGACGGA,1
Mux2-GAGCTGAAAAGGTACA,2
Mux2-GAGCTGAAACACAGAA,11
Mux2-GAGCTGAAACAGCAGA,2
Mux2-GAGCTGAAAAACATCG,9
Mux2-GAGCTGAAACCTCCAA,1
Mux2-GAGCTGAAACGCTCGA,1
Mux2-GAGCTGAAACGTATCA,1
Mux2-GAGCTGAAACTATGCA,1
Mux2-GAGCTGAAAGAGTCAA,1
Mux2-GAGCTGAAAGATCGCA,1
Mux2-GAGCTGAAAGCAGGAA,1
Mux2-GAGCTGAAAGTCACTA,1
Mux2-GAGCTGAAATCCTGTA,1
Mux2-GAGCTGAAATGCCTAA,0
Mux2-GAGCTGAACAACCACA,0
Mux2-GAGCTGAAGACTAGTA,1
Mux2-GAGCTGAACAATGGAA,0
Mux2-GAGCTGAACACTTCGA,3
Mux2-GAGCTGAACAGCGTTA,2
Mux2-GAGCTGAACATACCAA,11
Mux2-GAGCTGAACCAGTTCA,1
Mux2-GAGCTGAACCGAAGTA,10
Mux2-GAGCTGAACCGTGAGA,1
Mux2-GAGCTGAACCTCCTGA,0
Mux2-GAGCTGAAAGTGGTCA,2
Mux2-GAGCTGAACGAACTTA,5
Mux2-GAGCTGAACGACTGGA,10
Mux2-GAGCTGAACGCATACA,5
Mux2-GAGCTGAACTCAATGA,5
Mux2-GAGCTGAACTGAGCCA,2
Mux2-GAGCTGAACTGGCATA,2
Mux2-GAGCTGAAGAATCTGA,5
Mux2-GAGCTGAAACCACTGT,1
Mux2-GAGCTGAAACATTGGC,1
Mux2-GAGCTGAACAGATCTG,1
Mux2-GAGCTGAACATCAAGT,0
Mux2-GAGCTGAACGCTGATC,11
Mux2-GATAGACAAACGTGAT,1
Mux2-GATAGACAACAAGCTA,0
Mux2-GATAGACACTGTAGCC,11
Mux2-GATAGACAAGTACAAG,11
Mux2-GATAGACAAACAACCA,0
Mux2-GATAGACAAACCGAGA,0
Mux2-GATAGACAAACGCTTA,1
Mux2-GATAGACAAAGACGGA,1
Mux2-GATAGACAAAGGTACA,0
Mux2-GATAGACAACACAGAA,2
Mux2-GATAGACAACAGCAGA,11
Mux2-GATAGACAAAACATCG,1
Mux2-GATAGACAACCTCCAA,1
Mux2-GATAGACAACGCTCGA,1
Mux2-GATAGACAACGTATCA,1
Mux2-GATAGACAACTATGCA,1
Mux2-GATAGACAAGAGTCAA,1
Mux2-GATAGACAAGATCGCA,1
Mux2-GATAGACAAGCAGGAA,1
Mux2-GATAGACAAGTCACTA,1
Mux2-GATAGACAATTGAGGA,1
Mux2-GATAGACAATGCCTAA,0
Mux2-GATAGACACAACCACA,1
Mux2-GATAGACAGACTAGTA,1
Mux2-GATAGACACAATGGAA,0
Mux2-GATAGACACACTTCGA,1
Mux2-GATAGACACAGCGTTA,0
Mux2-GATAGACACATACCAA,1
Mux2-GATAGACACCAGTTCA,8
Mux2-GATAGACACCGAAGTA,8
Mux2-GATAGACACCGTGAGA,10
Mux2-GATAGACACCTCCTGA,1
Mux2-GATAGACAAGTGGTCA,2
Mux2-GATAGACACGAACTTA,2
Mux2-GATAGACACGACTGGA,5
Mux2-GATAGACACGCATACA,5
Mux2-GATAGACACTCAATGA,5
Mux2-GATAGACACTGAGCCA,2
Mux2-GATAGACACTGGCATA,2
Mux2-GATAGACAGAATCTGA,5
Mux2-GATAGACAACCACTGT,1
Mux2-GATAGACAACATTGGC,1
Mux2-GATAGACACAGATCTG,1
Mux2-GATAGACACATCAAGT,1
Mux2-GATAGACACGCTGATC,1
Mux2-AGTGGTCAAACGTGAT,1
Mux2-AGTGGTCAACAAGCTA,1
Mux2-AGTGGTCACTGTAGCC,3
Mux2-AGTGGTCAAGTACAAG,1
Mux2-AGTGGTCAAACAACCA,5
Mux2-AGTGGTCAAACCGAGA,5
Mux2-AGTGGTCAAACGCTTA,5
Mux2-AGTGGTCAAAGACGGA,5
Mux2-AGTGGTCAAAGGTACA,3
Mux2-AGTGGTCAACACAGAA,5
Mux2-AGTGGTCAACAGCAGA,11
Mux2-AGTGGTCAAAACATCG,1
Mux2-AGTGGTCAACCTCCAA,5
Mux2-AGTGGTCAACGCTCGA,5
Mux2-AGTGGTCAACGTATCA,5
Mux2-AGTGGTCAACTATGCA,4
Mux2-AGTGGTCAAGAGTCAA,4
Mux2-AGTGGTCAAGATCGCA,4
Mux2-AGTGGTCAATCCTGTA,5
Mux2-AGTGGTCAATTGAGGA,5
Mux2-AGTGGTCAATGCCTAA,1
Mux2-AGTGGTCAGACTAGTA,5
Mux2-AGTGGTCACAATGGAA,5
Mux2-AGTGGTCACACTTCGA,5
Mux2-AGTGGTCACAGCGTTA,5
Mux2-AGTGGTCACATACCAA,5
Mux2-AGTGGTCACCAGTTCA,5
Mux2-AGTGGTCACCGAAGTA,0
Mux2-AGTGGTCACCGTGAGA,0
Mux2-AGTGGTCACCTCCTGA,5
Mux2-AGTGGTCAAGTGGTCA,2
Mux2-AGTGGTCACGAACTTA,3
Mux2-AGTGGTCACGACTGGA,5
Mux2-AGTGGTCACGCATACA,5
Mux2-AGTGGTCACTCAATGA,5
Mux2-AGTGGTCACTGAGCCA,6
Mux2-AGTGGTCACTGGCATA,6
Mux2-AGTGGTCAGAATCTGA,2
Mux2-AGTGGTCACAAGACTA,2
Mux2-AGTGGTCAGAGCTGAA,2
Mux2-AGTGGTCAGATAGACA,2
Mux2-AGTGGTCAACCACTGT,8
Mux2-AGTGGTCAGCCACATA,4
Mux2-AGTGGTCAACATTGGC,4
Mux2-AGTGGTCACAGATCTG,1
Mux2-AGTGGTCACATCAAGT,1
Mux2-AGTGGTCACGCTGATC,1
Mux2-GCCACATAAACGTGAT,1
Mux2-GCCACATAACAAGCTA,1
Mux2-GCCACATACTGTAGCC,1
Mux2-GCCACATAAGTACAAG,1
Mux2-GCCACATAAACAACCA,1
Mux2-GCCACATAAACCGAGA,1
Mux2-GCCACATAAACGCTTA,1
Mux2-GCCACATAAAGACGGA,1
Mux2-GCCACATAAAGGTACA,1
Mux2-GCCACATAACACAGAA,1
Mux2-GCCACATAACAGCAGA,1
Mux2-GCCACATAAAACATCG,1
Mux2-GCCACATAACCTCCAA,1
Mux2-GCCACATAACGCTCGA,1
Mux2-GCCACATAACGTATCA,1
Mux2-GCCACATAACTATGCA,0
Mux2-GCCACATAAGAGTCAA,0
Mux2-GCCACATAAGATCGCA,0
Mux2-GCCACATAAGCAGGAA,1
Mux2-GCCACATAAGTCACTA,1
Mux2-GCCACATAATCCTGTA,1
Mux2-GCCACATAATGCCTAA,1
Mux2-GCCACATACAACCACA,1
Mux2-GCCACATAGACTAGTA,1
Mux2-GCCACATACAATGGAA,1
Mux2-GCCACATACACTTCGA,1
Mux2-GCCACATACAGCGTTA,1
Mux2-GCCACATACATACCAA,1
Mux2-GCCACATACCAGTTCA,1
Mux2-GCCACATACCGAAGTA,1
Mux2-GCCACATACCGTGAGA,1
Mux2-GCCACATACCTCCTGA,2
Mux2-GCCACATAAGTGGTCA,0
Mux2-GCCACATACGACTGGA,0
Mux2-GCCACATACGCATACA,1
Mux2-GCCACATACTCAATGA,1
Mux2-GCCACATACTGAGCCA,2
Mux2-GCCACATACTGGCATA,5
Mux2-GCCACATAACCACTGT,2
Mux2-GCCACATAACATTGGC,0
Mux2-GCCACATACAGATCTG,1
Mux2-GCCACATACATCAAGT,1
Mux2-GCCACATACGCTGATC,1
Mux2-ACCACTGTAACGTGAT,11
Mux2-ACCACTGTACAAGCTA,3
Mux2-ACCACTGTCTGTAGCC,1
Mux2-ACCACTGTAGTACAAG,1
Mux2-ACCACTGTAACAACCA,1
Mux2-ACCACTGTAACCGAGA,3
Mux2-ACCACTGTAACGCTTA,1
Mux2-ACCACTGTAAGACGGA,1
Mux2-ACCACTGTAAGGTACA,2
Mux2-ACCACTGTACACAGAA,0
Mux2-ACCACTGTACAGCAGA,0
Mux2-ACCACTGTAAACATCG,1
Mux2-ACCACTGTACCTCCAA,3
Mux2-ACCACTGTACGCTCGA,1
Mux2-ACCACTGTACGTATCA,1
Mux2-ACCACTGTACTATGCA,1
Mux2-ACCACTGTAGAGTCAA,4
Mux2-ACCACTGTAGATCGCA,1
Mux2-ACCACTGTAGCAGGAA,0
Mux2-ACCACTGTATTGAGGA,3
Mux2-ACCACTGTATGCCTAA,1
Mux2-ACCACTGTCAACCACA,0
Mux2-ACCACTGTGACTAGTA,5
Mux2-ACCACTGTCAATGGAA,5
Mux2-ACCACTGTCACTTCGA,5
Mux2-ACCACTGTCAGCGTTA,5
Mux2-ACCACTGTCATACCAA,5
Mux2-ACCACTGTCCAGTTCA,5
Mux2-ACCACTGTCCGAAGTA,0
Mux2-ACCACTGTCCGTGAGA,5
Mux2-ACCACTGTCCTCCTGA,5
Mux2-ACCACTGTAGTGGTCA,3
Mux2-ACCACTGTCGAACTTA,5
Mux2-ACCACTGTCGACTGGA,5
Mux2-ACCACTGTCGCATACA,11
Mux2-ACCACTGTCTCAATGA,5
Mux2-ACCACTGTCTGAGCCA,2
Mux2-ACCACTGTCTGGCATA,2
Mux2-ACCACTGTGAATCTGA,2
Mux2-ACCACTGTCAAGACTA,2
Mux2-ACCACTGTGAGCTGAA,5
Mux2-ACCACTGTGATAGACA,2
Mux2-ACCACTGTACCACTGT,8
Mux2-ACCACTGTGCCACATA,4
Mux2-ACCACTGTACATTGGC,4
Mux2-ACCACTGTCAGATCTG,1
Mux2-ACCACTGTCATCAAGT,1
Mux2-ACCACTGTCGCTGATC,1
Mux2-ACATTGGCAACGTGAT,0
Mux2-ACATTGGCACAAGCTA,1
Mux2-ACATTGGCCTGTAGCC,1
Mux2-ACATTGGCAGTACAAG,1
Mux2-ACATTGGCAACAACCA,3
Mux2-ACATTGGCAACCGAGA,1
Mux2-ACATTGGCAACGCTTA,1
Mux2-ACATTGGCAAGACGGA,1
Mux2-ACATTGGCAAGGTACA,3
Mux2-ACATTGGCACACAGAA,1
Mux2-ACATTGGCACAGCAGA,0
Mux2-ACATTGGCAAACATCG,1
Mux2-ACATTGGCACCTCCAA,1
Mux2-ACATTGGCACGCTCGA,1
Mux2-ACATTGGCACGTATCA,1
Mux2-ACATTGGCACTATGCA,4
Mux2-ACATTGGCAGAGTCAA,1
Mux2-ACATTGGCAGATCGCA,4
Mux2-ACATTGGCAGCAGGAA,0
Mux2-ACATTGGCAGTCACTA,5
Mux2-ACATTGGCATGCCTAA,1
Mux2-ACATTGGCCAACCACA,0
Mux2-ACATTGGCGACTAGTA,5
Mux2-ACATTGGCCACTTCGA,5
Mux2-ACATTGGCCAGCGTTA,0
Mux2-ACATTGGCCATACCAA,5
Mux2-ACATTGGCCCAGTTCA,5
Mux2-ACATTGGCCCGAAGTA,2
Mux2-ACATTGGCCCGTGAGA,5
Mux2-ACATTGGCCCTCCTGA,5
Mux2-ACATTGGCAGTGGTCA,2
Mux2-ACATTGGCCGAACTTA,5
Mux2-ACATTGGCCGACTGGA,5
Mux2-ACATTGGCCGCATACA,5
Mux2-ACATTGGCCTCAATGA,5
Mux2-ACATTGGCCTGAGCCA,2
Mux2-ACATTGGCCTGGCATA,2
Mux2-ACATTGGCGAATCTGA,5
Mux2-ACATTGGCCAAGACTA,4
Mux2-ACATTGGCGAGCTGAA,5
Mux2-ACATTGGCGATAGACA,2
Mux2-ACATTGGCACCACTGT,8
Mux2-ACATTGGCGCCACATA,4
Mux2-ACATTGGCACATTGGC,1
Mux2-ACATTGGCCAGATCTG,1
Mux2-ACATTGGCCATCAAGT,1
Mux2-ACATTGGCCGCTGATC,1
Mux2-CAGATCTGAACGTGAT,1
Mux2-CAGATCTGACAAGCTA,3
Mux2-CAGATCTGCTGTAGCC,0
Mux2-CAGATCTGAGTACAAG,2
Mux2-CAGATCTGAACAACCA,0
Mux2-CAGATCTGAACCGAGA,2
Mux2-CAGATCTGAACGCTTA,3
Mux2-CAGATCTGAAGACGGA,0
Mux2-CAGATCTGAAGGTACA,2
Mux2-CAGATCTGACACAGAA,6
Mux2-CAGATCTGACAGCAGA,2
Mux2-CAGATCTGAAACATCG,2
Mux2-CAGATCTGACCTCCAA,0
Mux2-CAGATCTGACGCTCGA,3
Mux2-CAGATCTGACGTATCA,1
Mux2-CAGATCTGACTATGCA,1
Mux2-CAGATCTGAGAGTCAA,1
Mux2-CAGATCTGAGATCGCA,1
Mux2-CAGATCTGAGTCACTA,2
Mux2-CAGATCTGATCCTGTA,5
Mux2-CAGATCTGATGCCTAA,0
Mux2-CAGATCTGCACTTCGA,6
Mux2-CAGATCTGCAGCGTTA,2
Mux2-CAGATCTGCATACCAA,0
Mux2-CAGATCTGCCAGTTCA,2
Mux2-CAGATCTGCCGAAGTA,2
Mux2-CAGATCTGCCGTGAGA,2
Mux2-CAGATCTGCCTCCTGA,2
Mux2-CAGATCTGAGTGGTCA,2
Mux2-CAGATCTGCGAACTTA,5
Mux2-CAGATCTGCGACTGGA,5
Mux2-CAGATCTGCGCATACA,5
Mux2-CAGATCTGCTCAATGA,5
Mux2-CAGATCTGCTGAGCCA,6
Mux2-CAGATCTGCTGGCATA,6
Mux2-CAGATCTGGAATCTGA,5
Mux2-CAGATCTGCAAGACTA,5
Mux2-CAGATCTGGAGCTGAA,5
Mux2-CAGATCTGGATAGACA,2
Mux2-CAGATCTGACCACTGT,1
Mux2-CAGATCTGGCCACATA,4
Mux2-CAGATCTGACATTGGC,1
Mux2-CAGATCTGCAGATCTG,0
Mux2-CAGATCTGCATCAAGT,3
Mux2-CAGATCTGCGCTGATC,3
Mux2-CATCAAGTAACGTGAT,1
Mux2-CATCAAGTACAAGCTA,3
Mux2-CATCAAGTCTGTAGCC,0
Mux2-CATCAAGTAGTACAAG,0
Mux2-CATCAAGTAACAACCA,3
Mux2-CATCAAGTAACCGAGA,3
Mux2-CATCAAGTAACGCTTA,1
Mux2-CATCAAGTAAGACGGA,1
Mux2-CATCAAGTAAGGTACA,2
Mux2-CATCAAGTACACAGAA,2
Mux2-CATCAAGTACAGCAGA,2
Mux2-CATCAAGTAAACATCG,0
Mux2-CATCAAGTACCTCCAA,2
Mux2-CATCAAGTACGCTCGA,3
Mux2-CATCAAGTACGTATCA,1
Mux2-CATCAAGTACTATGCA,1
Mux2-CATCAAGTAGAGTCAA,1
Mux2-CATCAAGTAGATCGCA,1
Mux2-CATCAAGTAGCAGGAA,2
Mux2-CATCAAGTAGTCACTA,2
Mux2-CATCAAGTATCCTGTA,3
Mux2-CATCAAGTATTGAGGA,0
Mux2-CATCAAGTATGCCTAA,2
Mux2-CATCAAGTCAACCACA,6
Mux2-CATCAAGTGACTAGTA,2
Mux2-CATCAAGTCAATGGAA,6
Mux2-CATCAAGTCACTTCGA,6
Mux2-CATCAAGTCAGCGTTA,6
Mux2-CATCAAGTCATACCAA,6
Mux2-CATCAAGTCCAGTTCA,2
Mux2-CATCAAGTCCGAAGTA,6
Mux2-CATCAAGTCCGTGAGA,2
Mux2-CATCAAGTCCTCCTGA,2
Mux2-CATCAAGTAGTGGTCA,2
Mux2-CATCAAGTCGAACTTA,2
Mux2-CATCAAGTCGACTGGA,2
Mux2-CATCAAGTCGCATACA,5
Mux2-CATCAAGTCTCAATGA,5
Mux2-CATCAAGTCTGAGCCA,6
Mux2-CATCAAGTCTGGCATA,6
Mux2-CATCAAGTGAATCTGA,2
Mux2-CATCAAGTCAAGACTA,5
Mux2-CATCAAGTGAGCTGAA,5
Mux2-CATCAAGTGATAGACA,5
Mux2-CATCAAGTACCACTGT,1
Mux2-CATCAAGTGCCACATA,4
Mux2-CATCAAGTACATTGGC,1
Mux2-CATCAAGTCAGATCTG,0
Mux2-CATCAAGTCATCAAGT,3
Mux2-CATCAAGTCGCTGATC,2
Mux2-CGCTGATCAACGTGAT,1
Mux2-CGCTGATCACAAGCTA,0
Mux2-CGCTGATCCTGTAGCC,3
Mux2-CGCTGATCAGTACAAG,1
Mux2-CGCTGATCAACAACCA,1
Mux2-CGCTGATCAACCGAGA,1
Mux2-CGCTGATCAACGCTTA,1
Mux2-CGCTGATCAAGACGGA,1
Mux2-CGCTGATCAAGGTACA,2
Mux2-CGCTGATCACACAGAA,2
Mux2-CGCTGATCACAGCAGA,3
Mux2-CGCTGATCAAACATCG,3
Mux2-CGCTGATCACCTCCAA,3
Mux2-CGCTGATCACGCTCGA,3
Mux2-CGCTGATCACGTATCA,1
Mux2-CGCTGATCACTATGCA,1
Mux2-CGCTGATCAGAGTCAA,1
Mux2-CGCTGATCAGATCGCA,1
Mux2-CGCTGATCAGCAGGAA,3
Mux2-CGCTGATCAGTCACTA,0
Mux2-CGCTGATCATCCTGTA,1
Mux2-CGCTGATCATTGAGGA,3
Mux2-CGCTGATCATGCCTAA,1
Mux2-CGCTGATCCAACCACA,6
Mux2-CGCTGATCGACTAGTA,11
Mux2-CGCTGATCCAATGGAA,6
Mux2-CGCTGATCCACTTCGA,2
Mux2-CGCTGATCCAGCGTTA,6
Mux2-CGCTGATCCATACCAA,2
Mux2-CGCTGATCCCAGTTCA,2
Mux2-CGCTGATCCCGAAGTA,2
Mux2-CGCTGATCCCGTGAGA,6
Mux2-CGCTGATCCCTCCTGA,2
Mux2-CGCTGATCAGTGGTCA,6
Mux2-CGCTGATCCGAACTTA,2
Mux2-CGCTGATCCGACTGGA,5
Mux2-CGCTGATCCGCATACA,5
Mux2-CGCTGATCCTCAATGA,5
Mux2-CGCTGATCCTGAGCCA,2
Mux2-CGCTGATCCTGGCATA,6
Mux2-CGCTGATCGAATCTGA,2
Mux2-CGCTGATCCAAGACTA,5
Mux2-CGCTGATCGAGCTGAA,10
Mux2-CGCTGATCGATAGACA,5
Mux2-CGCTGATCACCACTGT,1
Mux2-CGCTGATCGCCACATA,4
Mux2-CGCTGATCACATTGGC,1
Mux2-CGCTGATCCAGATCTG,1
Mux2-CGCTGATCCATCAAGT,1
Mux2-CGCTGATCCGCTGATC,3
Mux4-ACAAGCTAACAAGCTA,2
Mux4-ACAAGCTACTGTAGCC,0
Mux4-ACAAGCTAAGTACAAG,0
Mux4-ACAAGCTAAACAACCA,1
Mux4-ACAAGCTAAACCGAGA,1
Mux4-ACAAGCTAAACGCTTA,1
Mux4-ACAAGCTAAAGACGGA,1
Mux4-ACAAGCTAAAGGTACA,3
Mux4-ACAAGCTAACACAGAA,1
Mux4-ACAAGCTAACAGCAGA,1
Mux4-ACAAGCTAAAACATCG,2
Mux4-ACAAGCTAACCTCCAA,1
Mux4-ACAAGCTAACGCTCGA,8
Mux4-ACAAGCTAACGTATCA,1
Mux4-ACAAGCTAACTATGCA,1
Mux4-ACAAGCTAAGAGTCAA,1
Mux4-ACAAGCTAAGATCGCA,1
Mux4-ACAAGCTAAGCAGGAA,1
Mux4-ACAAGCTAAGTCACTA,1
Mux4-ACAAGCTAATCCTGTA,1
Mux4-ACAAGCTAATTGAGGA,1
Mux4-ACAAGCTAATGCCTAA,5
Mux4-ACAAGCTACAACCACA,8
Mux4-ACAAGCTAGACTAGTA,1
Mux4-ACAAGCTACAATGGAA,1
Mux4-ACAAGCTACACTTCGA,1
Mux4-ACAAGCTACAGCGTTA,1
Mux4-ACAAGCTACATACCAA,3
Mux4-ACAAGCTACCAGTTCA,1
Mux4-ACAAGCTACCGAAGTA,1
Mux4-ACAAGCTACCGTGAGA,1
Mux4-ACAAGCTACCTCCTGA,1
Mux4-ACAAGCTAAGTGGTCA,6
Mux4-ACAAGCTACGAACTTA,10
Mux4-ACAAGCTACGACTGGA,10
Mux4-ACAAGCTACGCATACA,10
Mux4-ACAAGCTACTCAATGA,10
Mux4-ACAAGCTACTGAGCCA,2
Mux4-ACAAGCTACTGGCATA,2
Mux4-ACAAGCTAGAATCTGA,10
Mux4-ACAAGCTACAAGACTA,1
Mux4-ACAAGCTAGAGCTGAA,1
Mux4-ACAAGCTAGATAGACA,1
Mux4-ACAAGCTAACCACTGT,0
Mux4-ACAAGCTAGCCACATA,1
Mux4-ACAAGCTAACATTGGC,2
Mux4-ACAAGCTACAGATCTG,3
Mux4-ACAAGCTACATCAAGT,6
Mux4-ACAAGCTACGCTGATC,5
Mux4-CTGTAGCCAACGTGAT,5
Mux4-CTGTAGCCACAAGCTA,2
Mux4-CTGTAGCCCTGTAGCC,0
Mux4-CTGTAGCCAGTACAAG,5
Mux4-CTGTAGCCAACAACCA,1
Mux4-CTGTAGCCAACCGAGA,1
Mux4-CTGTAGCCAACGCTTA,1
Mux4-CTGTAGCCAAGACGGA,1
Mux4-CTGTAGCCAAGGTACA,2
Mux4-CTGTAGCCACACAGAA,1
Mux4-CTGTAGCCACAGCAGA,1
Mux4-CTGTAGCCAAACATCG,2
Mux4-CTGTAGCCACCTCCAA,1
Mux4-CTGTAGCCACGCTCGA,1
Mux4-CTGTAGCCACGTATCA,0
Mux4-CTGTAGCCACTATGCA,1
Mux4-CTGTAGCCAGAGTCAA,1
Mux4-CTGTAGCCAGATCGCA,1
Mux4-CTGTAGCCAGCAGGAA,1
Mux4-CTGTAGCCAGTCACTA,1
Mux4-CTGTAGCCATCCTGTA,1
Mux4-CTGTAGCCATTGAGGA,1
Mux4-CTGTAGCCATGCCTAA,5
Mux4-CTGTAGCCCAACCACA,1
Mux4-CTGTAGCCGACTAGTA,1
Mux4-CTGTAGCCCAATGGAA,1
Mux4-CTGTAGCCCACTTCGA,1
Mux4-CTGTAGCCCAGCGTTA,1
Mux4-CTGTAGCCCATACCAA,0
Mux4-CTGTAGCCCCAGTTCA,10
Mux4-CTGTAGCCCCGAAGTA,10
Mux4-CTGTAGCCCCGTGAGA,1
Mux4-CTGTAGCCCCTCCTGA,10
Mux4-CTGTAGCCAGTGGTCA,6
Mux4-CTGTAGCCCGAACTTA,10
Mux4-CTGTAGCCCGACTGGA,10
Mux4-CTGTAGCCCGCATACA,1
Mux4-CTGTAGCCCTCAATGA,0
Mux4-CTGTAGCCCTGAGCCA,3
Mux4-CTGTAGCCCTGGCATA,3
Mux4-CTGTAGCCGAATCTGA,10
Mux4-CTGTAGCCCAAGACTA,1
Mux4-CTGTAGCCGAGCTGAA,1
Mux4-CTGTAGCCGATAGACA,10
Mux4-CTGTAGCCACCACTGT,5
Mux4-CTGTAGCCGCCACATA,4
Mux4-CTGTAGCCACATTGGC,2
Mux4-CTGTAGCCCAGATCTG,2
Mux4-CTGTAGCCCATCAAGT,6
Mux4-CTGTAGCCCGCTGATC,3
Mux4-AGTACAAGAACGTGAT,5
Mux4-AGTACAAGACAAGCTA,3
Mux4-AGTACAAGCTGTAGCC,0
Mux4-AGTACAAGAGTACAAG,0
Mux4-AGTACAAGAACAACCA,1
Mux4-AGTACAAGAACCGAGA,1
Mux4-AGTACAAGAACGCTTA,1
Mux4-AGTACAAGAAGACGGA,1
Mux4-AGTACAAGAAGGTACA,2
Mux4-AGTACAAGACACAGAA,1
Mux4-AGTACAAGACAGCAGA,1
Mux4-AGTACAAGAAACATCG,5
Mux4-AGTACAAGACCTCCAA,1
Mux4-AGTACAAGACGCTCGA,0
Mux4-AGTACAAGACGTATCA,0
Mux4-AGTACAAGACTATGCA,1
Mux4-AGTACAAGAGAGTCAA,1
Mux4-AGTACAAGAGATCGCA,1
Mux4-AGTACAAGAGCAGGAA,1
Mux4-AGTACAAGAGTCACTA,1
Mux4-AGTACAAGATCCTGTA,1
Mux4-AGTACAAGATTGAGGA,1
Mux4-AGTACAAGATGCCTAA,2
Mux4-AGTACAAGCAACCACA,10
Mux4-AGTACAAGGACTAGTA,1
Mux4-AGTACAAGCAATGGAA,8
Mux4-AGTACAAGCACTTCGA,10
Mux4-AGTACAAGCAGCGTTA,1
Mux4-AGTACAAGCATACCAA,2
Mux4-AGTACAAGCCAGTTCA,10
Mux4-AGTACAAGCCGAAGTA,1
Mux4-AGTACAAGCCGTGAGA,1
Mux4-AGTACAAGCCTCCTGA,10
Mux4-AGTACAAGAGTGGTCA,6
Mux4-AGTACAAGCGAACTTA,0
Mux4-AGTACAAGCGACTGGA,1
Mux4-AGTACAAGCGCATACA,0
Mux4-AGTACAAGCTCAATGA,0
Mux4-AGTACAAGCTGAGCCA,0
Mux4-AGTACAAGCTGGCATA,3
Mux4-AGTACAAGGAATCTGA,1
Mux4-AGTACAAGCAAGACTA,1
Mux4-AGTACAAGGAGCTGAA,1
Mux4-AGTACAAGGATAGACA,1
Mux4-AGTACAAGACCACTGT,5
Mux4-AGTACAAGGCCACATA,10
Mux4-AGTACAAGACATTGGC,5
Mux4-AGTACAAGCAGATCTG,2
Mux4-AGTACAAGCATCAAGT,6
Mux4-AGTACAAGCGCTGATC,1
Mux4-AACAACCAAACGTGAT,5
Mux4-AACAACCAACAAGCTA,2
Mux4-AACAACCACTGTAGCC,2
Mux4-AACAACCAAGTACAAG,3
Mux4-AACAACCAAACAACCA,0
Mux4-AACAACCAAACCGAGA,1
Mux4-AACAACCAAACGCTTA,1
Mux4-AACAACCAAAGACGGA,1
Mux4-AACAACCAAAGGTACA,2
Mux4-AACAACCAACACAGAA,1
Mux4-AACAACCAACAGCAGA,0
Mux4-AACAACCAAAACATCG,5
Mux4-AACAACCAACCTCCAA,0
Mux4-AACAACCAACGCTCGA,3
Mux4-AACAACCAACGTATCA,3
Mux4-AACAACCAACTATGCA,0
Mux4-AACAACCAAGAGTCAA,2
Mux4-AACAACCAAGATCGCA,0
Mux4-AACAACCAAGCAGGAA,0
Mux4-AACAACCAAGTCACTA,0
Mux4-AACAACCAATCCTGTA,0
Mux4-AACAACCAATTGAGGA,2
Mux4-AACAACCAATGCCTAA,5
Mux4-AACAACCACAACCACA,0
Mux4-AACAACCAGACTAGTA,0
Mux4-AACAACCACAATGGAA,1
Mux4-AACAACCACACTTCGA,1
Mux4-AACAACCACAGCGTTA,1
Mux4-AACAACCACATACCAA,2
Mux4-AACAACCACCAGTTCA,1
Mux4-AACAACCACCGAAGTA,1
Mux4-AACAACCACCGTGAGA,1
Mux4-AACAACCACCTCCTGA,0
Mux4-AACAACCAAGTGGTCA,6
Mux4-AACAACCACGAACTTA,0
Mux4-AACAACCACGACTGGA,1
Mux4-AACAACCACGCATACA,2
Mux4-AACAACCACTGAGCCA,6
Mux4-AACAACCACTGGCATA,3
Mux4-AACAACCAGAATCTGA,10
Mux4-AACAACCACAAGACTA,1
Mux4-AACAACCAGAGCTGAA,1
Mux4-AACAACCAGATAGACA,0
Mux4-AACAACCAACCACTGT,5
Mux4-AACAACCAGCCACATA,10
Mux4-AACAACCAACATTGGC,2
Mux4-AACAACCACAGATCTG,6
Mux4-AACAACCACATCAAGT,6
Mux4-AACAACCACGCTGATC,5
Mux4-AACCGAGAAACGTGAT,5
Mux4-AACCGAGAACAAGCTA,2
Mux4-AACCGAGACTGTAGCC,2
Mux4-AACCGAGAAGTACAAG,0
Mux4-AACCGAGAAACAACCA,3
Mux4-AACCGAGAAACCGAGA,1
Mux4-AACCGAGAAACGCTTA,1
Mux4-AACCGAGAAAGACGGA,5
Mux4-AACCGAGAAAGGTACA,2
Mux4-AACCGAGAACACAGAA,1
Mux4-AACCGAGAACAGCAGA,0
Mux4-AACCGAGAAAACATCG,5
Mux4-AACCGAGAACCTCCAA,1
Mux4-AACCGAGAACGCTCGA,1
Mux4-AACCGAGAACGTATCA,3
Mux4-AACCGAGAACTATGCA,3
Mux4-AACCGAGAAGAGTCAA,0
Mux4-AACCGAGAAGATCGCA,0
Mux4-AACCGAGAAGCAGGAA,0
Mux4-AACCGAGAAGTCACTA,0
Mux4-AACCGAGAATCCTGTA,0
Mux4-AACCGAGAATTGAGGA,3
Mux4-AACCGAGAATGCCTAA,5
Mux4-AACCGAGACAACCACA,0
Mux4-AACCGAGAGACTAGTA,2
Mux4-AACCGAGACAATGGAA,1
Mux4-AACCGAGACACTTCGA,1
Mux4-AACCGAGACAGCGTTA,1
Mux4-AACCGAGACATACCAA,0
Mux4-AACCGAGACCAGTTCA,1
Mux4-AACCGAGACCGAAGTA,1
Mux4-AACCGAGACCGTGAGA,1
Mux4-AACCGAGACCTCCTGA,1
Mux4-AACCGAGAAGTGGTCA,6
Mux4-AACCGAGACGAACTTA,0
Mux4-AACCGAGACGACTGGA,0
Mux4-AACCGAGACGCATACA,2
Mux4-AACCGAGACTGAGCCA,2
Mux4-AACCGAGACTGGCATA,6
Mux4-AACCGAGAGAATCTGA,1
Mux4-AACCGAGACAAGACTA,0
Mux4-AACCGAGAGAGCTGAA,1
Mux4-AACCGAGAGATAGACA,0
Mux4-AACCGAGAACCACTGT,5
Mux4-AACCGAGAGCCACATA,1
Mux4-AACCGAGAACATTGGC,2
Mux4-AACCGAGACAGATCTG,2
Mux4-AACCGAGACATCAAGT,6
Mux4-AACCGAGACGCTGATC,5
Mux4-AACGCTTAAACGTGAT,2
Mux4-AACGCTTAACAAGCTA,2
Mux4-AACGCTTACTGTAGCC,2
Mux4-AACGCTTAAGTACAAG,2
Mux4-AACGCTTAAACAACCA,0
Mux4-AACGCTTAAACCGAGA,2
Mux4-AACGCTTAAACGCTTA,1
Mux4-AACGCTTAAAGACGGA,1
Mux4-AACGCTTAAAGGTACA,2
Mux4-AACGCTTAACACAGAA,1
Mux4-AACGCTTAACAGCAGA,0
Mux4-AACGCTTAAAACATCG,2
Mux4-AACGCTTAACCTCCAA,1
Mux4-AACGCTTAACGCTCGA,3
Mux4-AACGCTTAACGTATCA,2
Mux4-AACGCTTAACTATGCA,3
Mux4-AACGCTTAAGAGTCAA,2
Mux4-AACGCTTAAGATCGCA,5
Mux4-AACGCTTAAGCAGGAA,2
Mux4-AACGCTTAAGTCACTA,0
Mux4-AACGCTTAATCCTGTA,2
Mux4-AACGCTTAATTGAGGA,3
Mux4-AACGCTTAATGCCTAA,5
Mux4-AACGCTTACAACCACA,3
Mux4-AACGCTTAGACTAGTA,2
Mux4-AACGCTTACAATGGAA,3
Mux4-AACGCTTACACTTCGA,3
Mux4-AACGCTTACAGCGTTA,1
Mux4-AACGCTTACATACCAA,2
Mux4-AACGCTTACCAGTTCA,1
Mux4-AACGCTTACCGAAGTA,3
Mux4-AACGCTTACCGTGAGA,1
Mux4-AACGCTTACCTCCTGA,1
Mux4-AACGCTTAAGTGGTCA,6
Mux4-AACGCTTACGAACTTA,0
Mux4-AACGCTTACGACTGGA,3
Mux4-AACGCTTACGCATACA,2
Mux4-AACGCTTACTGGCATA,6
Mux4-AACGCTTAGAATCTGA,0
Mux4-AACGCTTACAAGACTA,0
Mux4-AACGCTTAGAGCTGAA,0
Mux4-AACGCTTAGATAGACA,0
Mux4-AACGCTTAACCACTGT,5
Mux4-AACGCTTAGCCACATA,1
Mux4-AACGCTTAACATTGGC,2
Mux4-AACGCTTACAGATCTG,6
Mux4-AACGCTTACATCAAGT,6
Mux4-AACGCTTACGCTGATC,5
Mux4-AAGACGGAAACGTGAT,5
Mux4-AAGACGGAACAAGCTA,3
Mux4-AAGACGGACTGTAGCC,0
Mux4-AAGACGGAAGTACAAG,3
Mux4-AAGACGGAAACAACCA,0
Mux4-AAGACGGAAACCGAGA,1
Mux4-AAGACGGAAACGCTTA,1
Mux4-AAGACGGAAAGACGGA,1
Mux4-AAGACGGAAAGGTACA,3
Mux4-AAGACGGAACACAGAA,1
Mux4-AAGACGGAACAGCAGA,10
Mux4-AAGACGGAAAACATCG,5
Mux4-AAGACGGAACCTCCAA,1
Mux4-AAGACGGAACGCTCGA,1
Mux4-AAGACGGAACGTATCA,0
Mux4-AAGACGGAACTATGCA,1
Mux4-AAGACGGAAGAGTCAA,2
Mux4-AAGACGGAAGATCGCA,0
Mux4-AAGACGGAAGCAGGAA,0
Mux4-AAGACGGAATCCTGTA,0
Mux4-AAGACGGAATTGAGGA,3
Mux4-AAGACGGAATGCCTAA,5
Mux4-AAGACGGACAACCACA,0
Mux4-AAGACGGAGACTAGTA,3
Mux4-AAGACGGACAATGGAA,2
Mux4-AAGACGGACACTTCGA,3
Mux4-AAGACGGACAGCGTTA,1
Mux4-AAGACGGACATACCAA,2
Mux4-AAGACGGACCAGTTCA,3
Mux4-AAGACGGACCGAAGTA,0
Mux4-AAGACGGACCGTGAGA,0
Mux4-AAGACGGACCTCCTGA,1
Mux4-AAGACGGAAGTGGTCA,6
Mux4-AAGACGGACGAACTTA,3
Mux4-AAGACGGACTCAATGA,2
Mux4-AAGACGGACTGAGCCA,6
Mux4-AAGACGGACTGGCATA,2
Mux4-AAGACGGAGAATCTGA,1
Mux4-AAGACGGACAAGACTA,3
Mux4-AAGACGGAGAGCTGAA,0
Mux4-AAGACGGAGATAGACA,3
Mux4-AAGACGGAACCACTGT,5
Mux4-AAGACGGAGCCACATA,1
Mux4-AAGACGGAACATTGGC,3
Mux4-AAGACGGACAGATCTG,2
Mux4-AAGACGGACATCAAGT,6
Mux4-AAGACGGACGCTGATC,5
Mux4-AAGGTACAAACGTGAT,5
Mux4-AAGGTACAACAAGCTA,2
Mux4-AAGGTACACTGTAGCC,0
Mux4-AAGGTACAAGTACAAG,2
Mux4-AAGGTACAAACAACCA,3
Mux4-AAGGTACAAACCGAGA,0
Mux4-AAGGTACAAACGCTTA,1
Mux4-AAGGTACAAAGACGGA,1
Mux4-AAGGTACAAAGGTACA,3
Mux4-AAGGTACAACACAGAA,1
Mux4-AAGGTACAACAGCAGA,0
Mux4-AAGGTACAAAACATCG,2
Mux4-AAGGTACAACCTCCAA,1
Mux4-AAGGTACAACGCTCGA,3
Mux4-AAGGTACAACGTATCA,0
Mux4-AAGGTACAACTATGCA,0
Mux4-AAGGTACAAGAGTCAA,2
Mux4-AAGGTACAAGATCGCA,5
Mux4-AAGGTACAAGCAGGAA,3
Mux4-AAGGTACAAGTCACTA,3
Mux4-AAGGTACAATCCTGTA,2
Mux4-AAGGTACAATTGAGGA,3
Mux4-AAGGTACAATGCCTAA,2
Mux4-AAGGTACACAACCACA,2
Mux4-AAGGTACAGACTAGTA,2
Mux4-AAGGTACACAATGGAA,2
Mux4-AAGGTACACACTTCGA,0
Mux4-AAGGTACACAGCGTTA,0
Mux4-AAGGTACACATACCAA,6
Mux4-AAGGTACACCAGTTCA,3
Mux4-AAGGTACACCGAAGTA,2
Mux4-AAGGTACACCGTGAGA,0
Mux4-AAGGTACACCTCCTGA,1
Mux4-AAGGTACAAGTGGTCA,2
Mux4-AAGGTACACGAACTTA,2
Mux4-AAGGTACACTGAGCCA,6
Mux4-AAGGTACACTGGCATA,6
Mux4-AAGGTACAGAATCTGA,1
Mux4-AAGGTACACAAGACTA,1
Mux4-AAGGTACAGAGCTGAA,1
Mux4-AAGGTACAGATAGACA,0
Mux4-AAGGTACAACCACTGT,5
Mux4-AAGGTACAACATTGGC,2
Mux4-AAGGTACACAGATCTG,2
Mux4-AAGGTACACATCAAGT,6
Mux4-AAGGTACACGCTGATC,3
Mux4-ACACAGAAAACGTGAT,3
Mux4-ACACAGAAACAAGCTA,2
Mux4-ACACAGAACTGTAGCC,0
Mux4-ACACAGAAAGTACAAG,3
Mux4-ACACAGAAAACAACCA,0
Mux4-ACACAGAAAACCGAGA,0
Mux4-ACACAGAAAACGCTTA,1
Mux4-ACACAGAAAAGACGGA,1
Mux4-ACACAGAAAAGGTACA,2
Mux4-ACACAGAAACACAGAA,1
Mux4-ACACAGAAACAGCAGA,0
Mux4-ACACAGAAAAACATCG,2
Mux4-ACACAGAAACCTCCAA,3
Mux4-ACACAGAAACGCTCGA,3
Mux4-ACACAGAAACGTATCA,0
Mux4-ACACAGAAACTATGCA,0
Mux4-ACACAGAAAGAGTCAA,3
Mux4-ACACAGAAAGATCGCA,3
Mux4-ACACAGAAAGCAGGAA,2
Mux4-ACACAGAAAGTCACTA,0
Mux4-ACACAGAAATCCTGTA,2
Mux4-ACACAGAAATTGAGGA,3
Mux4-ACACAGAAATGCCTAA,5
Mux4-ACACAGAACAACCACA,3
Mux4-ACACAGAAGACTAGTA,2
Mux4-ACACAGAACAATGGAA,3
Mux4-ACACAGAACACTTCGA,0
Mux4-ACACAGAACAGCGTTA,1
Mux4-ACACAGAACATACCAA,3
Mux4-ACACAGAACCAGTTCA,3
Mux4-ACACAGAACCGAAGTA,3
Mux4-ACACAGAACCGTGAGA,1
Mux4-ACACAGAAAGTGGTCA,6
Mux4-ACACAGAAACCACTGT,5
Mux4-ACACAGAAACATTGGC,2
Mux4-ACACAGAACAGATCTG,2
Mux4-ACACAGAACATCAAGT,6
Mux4-ACACAGAACGCTGATC,2
Mux4-ACAGCAGAAACGTGAT,5
Mux4-ACAGCAGAACAAGCTA,3
Mux4-ACAGCAGACTGTAGCC,0
Mux4-ACAGCAGAAGTACAAG,0
Mux4-ACAGCAGAAACAACCA,0
Mux4-ACAGCAGAAACCGAGA,0
Mux4-ACAGCAGAAACGCTTA,0
Mux4-ACAGCAGAAAGACGGA,0
Mux4-ACAGCAGAAAGGTACA,0
Mux4-ACAGCAGAACACAGAA,1
Mux4-ACAGCAGAACAGCAGA,3
Mux4-ACAGCAGAAAACATCG,2
Mux4-ACAGCAGAACCTCCAA,2
Mux4-ACAGCAGAACGCTCGA,0
Mux4-ACAGCAGAAGCAGGAA,3
Mux4-ACAGCAGAAGTCACTA,3
Mux4-ACAGCAGAATCCTGTA,2
Mux4-ACAGCAGAATTGAGGA,3
Mux4-ACAGCAGAATGCCTAA,5
Mux4-ACAGCAGACAACCACA,2
Mux4-ACAGCAGAGACTAGTA,2
Mux4-ACAGCAGACAATGGAA,2
Mux4-ACAGCAGACACTTCGA,2
Mux4-ACAGCAGACAGCGTTA,3
Mux4-ACAGCAGACATACCAA,6
Mux4-ACAGCAGACCGAAGTA,2
Mux4-ACAGCAGAAGTGGTCA,6
Mux4-ACAGCAGAACCACTGT,5
Mux4-ACAGCAGAACATTGGC,5
Mux4-ACAGCAGACAGATCTG,6
Mux4-ACAGCAGACATCAAGT,6
Mux4-ACAGCAGACGCTGATC,5
Mux4-AACGTGATAACGTGAT,1
Mux4-AACGTGATACAAGCTA,5
Mux4-AACGTGATCTGTAGCC,3
Mux4-AACGTGATAGTACAAG,5
Mux4-AACGTGATAACAACCA,4
Mux4-AACGTGATAACCGAGA,4
Mux4-AACGTGATAACGCTTA,1
Mux4-AACGTGATAAGACGGA,1
Mux4-AACGTGATAAGGTACA,2
Mux4-AACGTGATACACAGAA,1
Mux4-AACGTGATACAGCAGA,5
Mux4-AACGTGATAAACATCG,4
Mux4-AACGTGATACCTCCAA,1
Mux4-AACGTGATACGCTCGA,8
Mux4-AACGTGATACGTATCA,8
Mux4-AACGTGATACTATGCA,1
Mux4-AACGTGATAGAGTCAA,1
Mux4-AACGTGATAGATCGCA,1
Mux4-AACGTGATAGCAGGAA,1
Mux4-AACGTGATAGTCACTA,4
Mux4-AACGTGATATCCTGTA,0
Mux4-AACGTGATATTGAGGA,1
Mux4-AACGTGATATGCCTAA,4
Mux4-AACGTGATCAACCACA,0
Mux4-AACGTGATGACTAGTA,1
Mux4-AACGTGATCAATGGAA,10
Mux4-AACGTGATCACTTCGA,10
Mux4-AACGTGATCAGCGTTA,1
Mux4-AACGTGATCATACCAA,2
Mux4-AACGTGATCCAGTTCA,1
Mux4-AACGTGATCCGAAGTA,10
Mux4-AACGTGATCCGTGAGA,1
Mux4-AACGTGATCCTCCTGA,4
Mux4-AACGTGATAGTGGTCA,6
Mux4-AACGTGATCGAACTTA,1
Mux4-AACGTGATCGACTGGA,5
Mux4-AACGTGATCGCATACA,1
Mux4-AACGTGATCTCAATGA,4
Mux4-AACGTGATCTGAGCCA,3
Mux4-AACGTGATCTGGCATA,0
Mux4-AACGTGATGAATCTGA,9
Mux4-AACGTGATCAAGACTA,1
Mux4-AACGTGATGAGCTGAA,1
Mux4-AACGTGATGATAGACA,1
Mux4-AACGTGATACCACTGT,1
Mux4-AACGTGATGCCACATA,9
Mux4-AACGTGATACATTGGC,5
Mux4-AACGTGATCAGATCTG,3
Mux4-AACGTGATCATCAAGT,2
Mux4-AACGTGATCGCTGATC,5
Mux4-ACCTCCAAAACGTGAT,5
Mux4-ACCTCCAAACAAGCTA,2
Mux4-ACCTCCAACTGTAGCC,0
Mux4-ACCTCCAAAGTACAAG,0
Mux4-ACCTCCAAAACAACCA,0
Mux4-ACCTCCAAAACCGAGA,0
Mux4-ACCTCCAAAACGCTTA,0
Mux4-ACCTCCAAAAGACGGA,0
Mux4-ACCTCCAAAAGGTACA,2
Mux4-ACCTCCAAACACAGAA,3
Mux4-ACCTCCAAAAACATCG,2
Mux4-ACCTCCAAATTGAGGA,2
Mux4-ACCTCCAAATGCCTAA,5
Mux4-ACCTCCAACAACCACA,3
Mux4-ACCTCCAAGACTAGTA,2
Mux4-ACCTCCAACAATGGAA,3
Mux4-ACCTCCAACACTTCGA,3
Mux4-ACCTCCAACATACCAA,6
Mux4-ACCTCCAACCAGTTCA,2
Mux4-ACCTCCAAAGTGGTCA,6
Mux4-ACCTCCAAACCACTGT,3
Mux4-ACCTCCAAACATTGGC,2
Mux4-ACCTCCAACAGATCTG,6
Mux4-ACCTCCAACATCAAGT,6
Mux4-ACCTCCAACGCTGATC,2
Mux4-ACGCTCGAAACGTGAT,5
Mux4-ACGCTCGAACAAGCTA,2
Mux4-ACGCTCGACTGTAGCC,2
Mux4-ACGCTCGAAGTACAAG,5
Mux4-ACGCTCGAAACAACCA,0
Mux4-ACGCTCGAAACCGAGA,3
Mux4-ACGCTCGAAACGCTTA,0
Mux4-ACGCTCGAAAGACGGA,0
Mux4-ACGCTCGAAAGGTACA,2
Mux4-ACGCTCGAACACAGAA,2
Mux4-ACGCTCGAAAACATCG,5
Mux4-ACGCTCGAACGCTCGA,2
Mux4-ACGCTCGAACGTATCA,6
Mux4-ACGCTCGAACTATGCA,2
Mux4-ACGCTCGAAGAGTCAA,6
Mux4-ACGCTCGAATGCCTAA,5
Mux4-ACGCTCGAGACTAGTA,6
Mux4-ACGCTCGACAATGGAA,2
Mux4-ACGCTCGACACTTCGA,3
Mux4-ACGCTCGACAGCGTTA,0
Mux4-ACGCTCGACATACCAA,6
Mux4-ACGCTCGAAGTGGTCA,6
Mux4-ACGCTCGAACCACTGT,5
Mux4-ACGCTCGAACATTGGC,2
Mux4-ACGCTCGACAGATCTG,2
Mux4-ACGCTCGACATCAAGT,6
Mux4-ACGCTCGACGCTGATC,5
Mux4-ACGTATCAAACGTGAT,5
Mux4-ACGTATCAACAAGCTA,2
Mux4-ACGTATCACTGTAGCC,0
Mux4-ACGTATCAAGTACAAG,2
Mux4-ACGTATCAAACAACCA,0
Mux4-ACGTATCAAACCGAGA,2
Mux4-ACGTATCAAACGCTTA,0
Mux4-ACGTATCAAAGACGGA,0
Mux4-ACGTATCAAAGGTACA,2
Mux4-ACGTATCAACACAGAA,0
Mux4-ACGTATCAACAGCAGA,2
Mux4-ACGTATCAAAACATCG,2
Mux4-ACGTATCAACGCTCGA,2
Mux4-ACGTATCAACGTATCA,2
Mux4-ACGTATCAACTATGCA,0
Mux4-ACGTATCAAGAGTCAA,2
Mux4-ACGTATCAAGATCGCA,3
Mux4-ACGTATCAAGCAGGAA,2
Mux4-ACGTATCAATGCCTAA,5
Mux4-ACGTATCACACTTCGA,6
Mux4-ACGTATCACAGCGTTA,3
Mux4-ACGTATCACATACCAA,2
Mux4-ACGTATCAAGTGGTCA,6
Mux4-ACGTATCAACCACTGT,5
Mux4-ACGTATCAACATTGGC,2
Mux4-ACGTATCACAGATCTG,2
Mux4-ACGTATCACATCAAGT,6
Mux4-ACGTATCACGCTGATC,5
Mux4-ACTATGCAAACGTGAT,5
Mux4-ACTATGCAACAAGCTA,5
Mux4-ACTATGCACTGTAGCC,8
Mux4-ACTATGCAAGTACAAG,8
Mux4-ACTATGCAAACAACCA,1
Mux4-ACTATGCAAACGCTTA,1
Mux4-ACTATGCAAAGACGGA,8
Mux4-ACTATGCAAAGGTACA,0
Mux4-ACTATGCAACACAGAA,1
Mux4-ACTATGCAACAGCAGA,8
Mux4-ACTATGCAAAACATCG,5
Mux4-ACTATGCAACCTCCAA,1
Mux4-ACTATGCAACGCTCGA,1
Mux4-ACTATGCAACGTATCA,1
Mux4-ACTATGCAACTATGCA,1
Mux4-ACTATGCAAGAGTCAA,0
Mux4-ACTATGCAAGCAGGAA,9
Mux4-ACTATGCAAGTCACTA,1
Mux4-ACTATGCAATCCTGTA,9
Mux4-ACTATGCAATTGAGGA,1
Mux4-ACTATGCAATGCCTAA,4
Mux4-ACTATGCACAACCACA,1
Mux4-ACTATGCAGACTAGTA,0
Mux4-ACTATGCACAATGGAA,1
Mux4-ACTATGCACAGCGTTA,0
Mux4-ACTATGCACATACCAA,2
Mux4-ACTATGCACCAGTTCA,1
Mux4-ACTATGCAAGTGGTCA,6
Mux4-ACTATGCAACCACTGT,1
Mux4-ACTATGCAACATTGGC,1
Mux4-ACTATGCACAGATCTG,5
Mux4-ACTATGCACATCAAGT,2
Mux4-ACTATGCACGCTGATC,1
Mux4-AGAGTCAAAACGTGAT,5
Mux4-AGAGTCAAACAAGCTA,2
Mux4-AGAGTCAACTGTAGCC,2
Mux4-AGAGTCAAAGTACAAG,0
Mux4-AGAGTCAAAACCGAGA,3
Mux4-AGAGTCAAAACGCTTA,0
Mux4-AGAGTCAAAAGACGGA,3
Mux4-AGAGTCAAAAGGTACA,2
Mux4-AGAGTCAAACACAGAA,0
Mux4-AGAGTCAAACAGCAGA,3
Mux4-AGAGTCAAAAACATCG,2
Mux4-AGAGTCAAACCTCCAA,0
Mux4-AGAGTCAAACGCTCGA,0
Mux4-AGAGTCAAAGATCGCA,0
Mux4-AGAGTCAAAGCAGGAA,2
Mux4-AGAGTCAAAGTCACTA,1
Mux4-AGAGTCAAATCCTGTA,3
Mux4-AGAGTCAAATTGAGGA,2
Mux4-AGAGTCAAATGCCTAA,5
Mux4-AGAGTCAACAACCACA,3
Mux4-AGAGTCAAGACTAGTA,3
Mux4-AGAGTCAACAATGGAA,0
Mux4-AGAGTCAACACTTCGA,0
Mux4-AGAGTCAACATACCAA,6
Mux4-AGAGTCAACCAGTTCA,0
Mux4-AGAGTCAACCGAAGTA,2
Mux4-AGAGTCAAAGTGGTCA,6
Mux4-AGAGTCAAACCACTGT,5
Mux4-AGAGTCAAACATTGGC,2
Mux4-AGAGTCAACAGATCTG,2
Mux4-AGAGTCAACATCAAGT,6
Mux4-AGAGTCAACGCTGATC,5
Mux4-AGATCGCAAACGTGAT,5
Mux4-AGATCGCAACAAGCTA,2
Mux4-AGATCGCACTGTAGCC,0
Mux4-AGATCGCAAACAACCA,0
Mux4-AGATCGCAAACCGAGA,1
Mux4-AGATCGCAAACGCTTA,8
Mux4-AGATCGCAAAGACGGA,0
Mux4-AGATCGCAAAGGTACA,2
Mux4-AGATCGCAACAGCAGA,2
Mux4-AGATCGCAAAACATCG,2
Mux4-AGATCGCAACCTCCAA,1
Mux4-AGATCGCAACGCTCGA,3
Mux4-AGATCGCAACGTATCA,5
Mux4-AGATCGCAACTATGCA,9
Mux4-AGATCGCAAGAGTCAA,0
Mux4-AGATCGCAAGATCGCA,0
Mux4-AGATCGCAAGCAGGAA,0
Mux4-AGATCGCAAGTCACTA,9
Mux4-AGATCGCAATCCTGTA,0
Mux4-AGATCGCAATTGAGGA,3
Mux4-AGATCGCAATGCCTAA,5
Mux4-AGATCGCACAACCACA,2
Mux4-AGATCGCAGACTAGTA,0
Mux4-AGATCGCACAATGGAA,0
Mux4-AGATCGCACACTTCGA,0
Mux4-AGATCGCACAGCGTTA,1
Mux4-AGATCGCACATACCAA,6
Mux4-AGATCGCACCAGTTCA,0
Mux4-AGATCGCACCGAAGTA,1
Mux4-AGATCGCACCGTGAGA,3
Mux4-AGATCGCAAGTGGTCA,6
Mux4-AGATCGCAACCACTGT,4
Mux4-AGATCGCAACATTGGC,5
Mux4-AGATCGCACAGATCTG,2
Mux4-AGATCGCACATCAAGT,2
Mux4-AGATCGCACGCTGATC,1
Mux4-AGCAGGAAAACGTGAT,5
Mux4-AGCAGGAAACAAGCTA,2
Mux4-AGCAGGAACTGTAGCC,2
Mux4-AGCAGGAAAACAACCA,0
Mux4-AGCAGGAAAACCGAGA,0
Mux4-AGCAGGAAAACGCTTA,0
Mux4-AGCAGGAAAAGACGGA,1
Mux4-AGCAGGAAAAGGTACA,3
Mux4-AGCAGGAAACACAGAA,0
Mux4-AGCAGGAAAAACATCG,2
Mux4-AGCAGGAAACCTCCAA,2
Mux4-AGCAGGAAACGCTCGA,9
Mux4-AGCAGGAAACGTATCA,2
Mux4-AGCAGGAAACTATGCA,1
Mux4-AGCAGGAAAGAGTCAA,2
Mux4-AGCAGGAAAGATCGCA,9
Mux4-AGCAGGAAAGCAGGAA,0
Mux4-AGCAGGAAAGTCACTA,9
Mux4-AGCAGGAAATCCTGTA,2
Mux4-AGCAGGAAATTGAGGA,0
Mux4-AGCAGGAAATGCCTAA,5
Mux4-AGCAGGAAGACTAGTA,2
Mux4-AGCAGGAACAATGGAA,0
Mux4-AGCAGGAACACTTCGA,1
Mux4-AGCAGGAACAGCGTTA,1
Mux4-AGCAGGAACATACCAA,6
Mux4-AGCAGGAACCAGTTCA,1
Mux4-AGCAGGAACCGAAGTA,0
Mux4-AGCAGGAACCGTGAGA,1
Mux4-AGCAGGAACCTCCTGA,1
Mux4-AGCAGGAAAGTGGTCA,6
Mux4-AGCAGGAAACCACTGT,4
Mux4-AGCAGGAAACATTGGC,5
Mux4-AGCAGGAACAGATCTG,2
Mux4-AGCAGGAACATCAAGT,6
Mux4-AGCAGGAACGCTGATC,5
Mux4-AGTCACTAAACGTGAT,5
Mux4-AGTCACTAACAAGCTA,2
Mux4-AGTCACTAAACAACCA,8
Mux4-AGTCACTAAACCGAGA,0
Mux4-AGTCACTAAACGCTTA,0
Mux4-AGTCACTAAAGACGGA,0
Mux4-AGTCACTAAAGGTACA,2
Mux4-AGTCACTAACAGCAGA,0
Mux4-AGTCACTAAAACATCG,5
Mux4-AGTCACTAACCTCCAA,0
Mux4-AGTCACTAACTATGCA,1
Mux4-AGTCACTAAGAGTCAA,2
Mux4-AGTCACTAAGATCGCA,0
Mux4-AGTCACTAAGCAGGAA,0
Mux4-AGTCACTAATGCCTAA,5
Mux4-AGTCACTACAACCACA,0
Mux4-AGTCACTAGACTAGTA,1
Mux4-AGTCACTACAATGGAA,0
Mux4-AGTCACTACACTTCGA,0
Mux4-AGTCACTACAGCGTTA,1
Mux4-AGTCACTACATACCAA,2
Mux4-AGTCACTACCAGTTCA,1
Mux4-AGTCACTACCGTGAGA,1
Mux4-AGTCACTACCTCCTGA,1
Mux4-AGTCACTAAGTGGTCA,6
Mux4-AGTCACTAACCACTGT,4
Mux4-AGTCACTAACATTGGC,5
Mux4-AGTCACTACAGATCTG,2
Mux4-AGTCACTACATCAAGT,6
Mux4-AGTCACTACGCTGATC,5
Mux4-ATCCTGTAAACGTGAT,5
Mux4-ATCCTGTAACAAGCTA,2
Mux4-ATCCTGTAAACAACCA,0
Mux4-ATCCTGTAAACCGAGA,0
Mux4-ATCCTGTAAACGCTTA,9
Mux4-ATCCTGTAAAGACGGA,1
Mux4-ATCCTGTAAAACATCG,5
Mux4-ATCCTGTAACGTATCA,3
Mux4-ATCCTGTAACTATGCA,1
Mux4-ATCCTGTAAGAGTCAA,0
Mux4-ATCCTGTAAGATCGCA,9
Mux4-ATCCTGTAAGCAGGAA,0
Mux4-ATCCTGTAAGTCACTA,1
Mux4-ATCCTGTAATTGAGGA,3
Mux4-ATCCTGTAATGCCTAA,5
Mux4-ATCCTGTACAACCACA,3
Mux4-ATCCTGTAGACTAGTA,0
Mux4-ATCCTGTACAATGGAA,0
Mux4-ATCCTGTACACTTCGA,1
Mux4-ATCCTGTACAGCGTTA,1
Mux4-ATCCTGTACATACCAA,2
Mux4-ATCCTGTACCAGTTCA,1
Mux4-ATCCTGTACCTCCTGA,1
Mux4-ATCCTGTAAGTGGTCA,6
Mux4-ATCCTGTACGAACTTA,1
Mux4-ATCCTGTAACCACTGT,4
Mux4-ATCCTGTAACATTGGC,1
Mux4-ATCCTGTACAGATCTG,3
Mux4-ATCCTGTACATCAAGT,6
Mux4-ATCCTGTACGCTGATC,5
Mux4-ATTGAGGAAACGTGAT,5
Mux4-ATTGAGGAACAAGCTA,3
Mux4-ATTGAGGAAACAACCA,0
Mux4-ATTGAGGAAACCGAGA,0
Mux4-ATTGAGGAAACGCTTA,0
Mux4-ATTGAGGAAAGACGGA,0
Mux4-ATTGAGGAAAGGTACA,0
Mux4-ATTGAGGAACAGCAGA,0
Mux4-ATTGAGGAAAACATCG,5
Mux4-ATTGAGGAACCTCCAA,0
Mux4-ATTGAGGAACGCTCGA,0
Mux4-ATTGAGGAACGTATCA,2
Mux4-ATTGAGGAACTATGCA,1
Mux4-ATTGAGGAAGAGTCAA,2
Mux4-ATTGAGGAAGATCGCA,0
Mux4-ATTGAGGAAGCAGGAA,3
Mux4-ATTGAGGAAGTCACTA,1
Mux4-ATTGAGGAATCCTGTA,0
Mux4-ATTGAGGAATTGAGGA,0
Mux4-ATTGAGGAATGCCTAA,5
Mux4-ATTGAGGACAACCACA,0
Mux4-ATTGAGGAGACTAGTA,0
Mux4-ATTGAGGACAATGGAA,0
Mux4-ATTGAGGACACTTCGA,0
Mux4-ATTGAGGACAGCGTTA,1
Mux4-ATTGAGGACATACCAA,2
Mux4-ATTGAGGACCAGTTCA,1
Mux4-ATTGAGGAAGTGGTCA,6
Mux4-ATTGAGGACGAACTTA,0
Mux4-ATTGAGGACGACTGGA,1
Mux4-ATTGAGGAACCACTGT,1
Mux4-ATTGAGGAACATTGGC,1
Mux4-ATTGAGGACAGATCTG,2
Mux4-ATTGAGGACATCAAGT,2
Mux4-ATTGAGGACGCTGATC,1
Mux4-AAACATCGAACGTGAT,4
Mux4-AAACATCGACAAGCTA,2
Mux4-AAACATCGCTGTAGCC,0
Mux4-AAACATCGAGTACAAG,5
Mux4-AAACATCGAACAACCA,8
Mux4-AAACATCGAACCGAGA,9
Mux4-AAACATCGAACGCTTA,1
Mux4-AAACATCGAAGACGGA,0
Mux4-AAACATCGAAGGTACA,2
Mux4-AAACATCGACACAGAA,3
Mux4-AAACATCGACAGCAGA,0
Mux4-AAACATCGAAACATCG,10
Mux4-AAACATCGACCTCCAA,0
Mux4-AAACATCGACGCTCGA,3
Mux4-AAACATCGACGTATCA,0
Mux4-AAACATCGACTATGCA,8
Mux4-AAACATCGAGAGTCAA,1
Mux4-AAACATCGAGATCGCA,1
Mux4-AAACATCGAGCAGGAA,1
Mux4-AAACATCGAGTCACTA,1
Mux4-AAACATCGATCCTGTA,1
Mux4-AAACATCGATTGAGGA,1
Mux4-AAACATCGATGCCTAA,5
Mux4-AAACATCGCAACCACA,1
Mux4-AAACATCGGACTAGTA,1
Mux4-AAACATCGCAATGGAA,1
Mux4-AAACATCGCACTTCGA,1
Mux4-AAACATCGCAGCGTTA,1
Mux4-AAACATCGCATACCAA,3
Mux4-AAACATCGCCAGTTCA,10
Mux4-AAACATCGCCGAAGTA,1
Mux4-AAACATCGCCGTGAGA,10
Mux4-AAACATCGCCTCCTGA,10
Mux4-AAACATCGAGTGGTCA,6
Mux4-AAACATCGCGAACTTA,4
Mux4-AAACATCGCGACTGGA,10
Mux4-AAACATCGCGCATACA,4
Mux4-AAACATCGCTCAATGA,4
Mux4-AAACATCGCTGAGCCA,0
Mux4-AAACATCGCTGGCATA,0
Mux4-AAACATCGGAATCTGA,10
Mux4-AAACATCGCAAGACTA,1
Mux4-AAACATCGGAGCTGAA,1
Mux4-AAACATCGGATAGACA,1
Mux4-AAACATCGACCACTGT,1
Mux4-AAACATCGGCCACATA,1
Mux4-AAACATCGACATTGGC,5
Mux4-AAACATCGCAGATCTG,2
Mux4-AAACATCGCATCAAGT,6
Mux4-AAACATCGCGCTGATC,5
Mux4-CAACCACAAACGTGAT,1
Mux4-CAACCACAACAAGCTA,0
Mux4-CAACCACAAACAACCA,5
Mux4-CAACCACAAACCGAGA,2
Mux4-CAACCACAAACGCTTA,0
Mux4-CAACCACAAAGACGGA,1
Mux4-CAACCACAAAGGTACA,2
Mux4-CAACCACAACAGCAGA,0
Mux4-CAACCACAAAACATCG,5
Mux4-CAACCACAACCTCCAA,0
Mux4-CAACCACAACGCTCGA,0
Mux4-CAACCACAACGTATCA,0
Mux4-CAACCACAACTATGCA,4
Mux4-CAACCACAAGAGTCAA,0
Mux4-CAACCACAAGATCGCA,1
Mux4-CAACCACAAGCAGGAA,0
Mux4-CAACCACAAGTCACTA,1
Mux4-CAACCACAATCCTGTA,0
Mux4-CAACCACAATTGAGGA,9
Mux4-CAACCACAATGCCTAA,4
Mux4-CAACCACACAACCACA,9
Mux4-CAACCACAGACTAGTA,1
Mux4-CAACCACACAATGGAA,1
Mux4-CAACCACACACTTCGA,1
Mux4-CAACCACACAGCGTTA,1
Mux4-CAACCACACATACCAA,2
Mux4-CAACCACACCAGTTCA,1
Mux4-CAACCACAAGTGGTCA,6
Mux4-CAACCACACGACTGGA,1
Mux4-CAACCACACGCATACA,1
Mux4-CAACCACAACCACTGT,1
Mux4-CAACCACAACATTGGC,1
Mux4-CAACCACACAGATCTG,5
Mux4-CAACCACACATCAAGT,6
Mux4-GACTAGTAAACGTGAT,1
Mux4-GACTAGTAACAAGCTA,0
Mux4-GACTAGTAAACAACCA,0
Mux4-GACTAGTAAACCGAGA,0
Mux4-GACTAGTAAACGCTTA,3
Mux4-GACTAGTAAAGACGGA,3
Mux4-GACTAGTAAAGGTACA,6
Mux4-GACTAGTAACACAGAA,1
Mux4-GACTAGTAACAGCAGA,0
Mux4-GACTAGTAAAACATCG,5
Mux4-GACTAGTAACCTCCAA,0
Mux4-GACTAGTAACGCTCGA,0
Mux4-GACTAGTAACGTATCA,0
Mux4-GACTAGTAACTATGCA,9
Mux4-GACTAGTAAGAGTCAA,0
Mux4-GACTAGTAAGATCGCA,0
Mux4-GACTAGTAAGCAGGAA,0
Mux4-GACTAGTAAGTCACTA,1
Mux4-GACTAGTAATCCTGTA,1
Mux4-GACTAGTAATTGAGGA,1
Mux4-GACTAGTAATGCCTAA,5
Mux4-GACTAGTACAACCACA,1
Mux4-GACTAGTAGACTAGTA,1
Mux4-GACTAGTACAATGGAA,8
Mux4-GACTAGTACACTTCGA,1
Mux4-GACTAGTACAGCGTTA,1
Mux4-GACTAGTACATACCAA,3
Mux4-GACTAGTAAGTGGTCA,6
Mux4-GACTAGTACGCATACA,0
Mux4-GACTAGTACTCAATGA,1
Mux4-GACTAGTAACCACTGT,1
Mux4-GACTAGTAACATTGGC,5
Mux4-GACTAGTACAGATCTG,0
Mux4-GACTAGTACATCAAGT,2
Mux4-GACTAGTACGCTGATC,1
Mux4-CAATGGAAAACGTGAT,1
Mux4-CAATGGAAACAAGCTA,0
Mux4-CAATGGAAAACAACCA,3
Mux4-CAATGGAAAACCGAGA,0
Mux4-CAATGGAAAACGCTTA,0
Mux4-CAATGGAAAAGACGGA,3
Mux4-CAATGGAAAAGGTACA,2
Mux4-CAATGGAAACACAGAA,0
Mux4-CAATGGAAACAGCAGA,2
Mux4-CAATGGAAAAACATCG,5
Mux4-CAATGGAAACCTCCAA,0
Mux4-CAATGGAAACTATGCA,0
Mux4-CAATGGAAAGAGTCAA,2
Mux4-CAATGGAAAGATCGCA,3
Mux4-CAATGGAAAGCAGGAA,3
Mux4-CAATGGAAAGTCACTA,3
Mux4-CAATGGAAATCCTGTA,1
Mux4-CAATGGAAATTGAGGA,1
Mux4-CAATGGAAATGCCTAA,4
Mux4-CAATGGAACAACCACA,9
Mux4-CAATGGAAGACTAGTA,9
Mux4-CAATGGAACAATGGAA,3
Mux4-CAATGGAACACTTCGA,1
Mux4-CAATGGAACCAGTTCA,1
Mux4-CAATGGAACCGAAGTA,1
Mux4-CAATGGAACCGTGAGA,1
Mux4-CAATGGAACCTCCTGA,1
Mux4-CAATGGAAAGTGGTCA,6
Mux4-CAATGGAACTCAATGA,1
Mux4-CAATGGAACTGAGCCA,6
Mux4-CAATGGAAACCACTGT,1
Mux4-CAATGGAAACATTGGC,0
Mux4-CAATGGAACAGATCTG,0
Mux4-CAATGGAACATCAAGT,6
Mux4-CAATGGAACGCTGATC,1
Mux4-CACTTCGAAACGTGAT,1
Mux4-CACTTCGAACAAGCTA,3
Mux4-CACTTCGAAACAACCA,2
Mux4-CACTTCGAAACCGAGA,3
Mux4-CACTTCGAAACGCTTA,2
Mux4-CACTTCGAAAGACGGA,2
Mux4-CACTTCGAAAGGTACA,2
Mux4-CACTTCGAACACAGAA,0
Mux4-CACTTCGAACAGCAGA,3
Mux4-CACTTCGAAAACATCG,2
Mux4-CACTTCGAACCTCCAA,2
Mux4-CACTTCGAACGCTCGA,3
Mux4-CACTTCGAACTATGCA,3
Mux4-CACTTCGAAGAGTCAA,3
Mux4-CACTTCGAAGTCACTA,3
Mux4-CACTTCGAATCCTGTA,3
Mux4-CACTTCGAATTGAGGA,0
Mux4-CACTTCGAATGCCTAA,1
Mux4-CACTTCGACAACCACA,1
Mux4-CACTTCGAGACTAGTA,1
Mux4-CACTTCGACAATGGAA,1
Mux4-CACTTCGACACTTCGA,1
Mux4-CACTTCGACAGCGTTA,1
Mux4-CACTTCGACATACCAA,2
Mux4-CACTTCGACCAGTTCA,1
Mux4-CACTTCGACCGAAGTA,3
Mux4-CACTTCGACCGTGAGA,1
Mux4-CACTTCGACCTCCTGA,1
Mux4-CACTTCGAAGTGGTCA,2
Mux4-CACTTCGACGAACTTA,1
Mux4-CACTTCGACGACTGGA,3
Mux4-CACTTCGACGCATACA,0
Mux4-CACTTCGACTGAGCCA,6
Mux4-CACTTCGAACCACTGT,1
Mux4-CACTTCGAACATTGGC,0
Mux4-CACTTCGACAGATCTG,2
Mux4-CACTTCGACATCAAGT,6
Mux4-CACTTCGACGCTGATC,1
Mux4-CAGCGTTAAACGTGAT,1
Mux4-CAGCGTTAACAAGCTA,2
Mux4-CAGCGTTAAACAACCA,3
Mux4-CAGCGTTAAACCGAGA,0
Mux4-CAGCGTTAAACGCTTA,0
Mux4-CAGCGTTAAAGACGGA,2
Mux4-CAGCGTTAAAGGTACA,2
Mux4-CAGCGTTAACACAGAA,1
Mux4-CAGCGTTAACAGCAGA,0
Mux4-CAGCGTTAAAACATCG,5
Mux4-CAGCGTTAACCTCCAA,0
Mux4-CAGCGTTAACGCTCGA,3
Mux4-CAGCGTTAACTATGCA,3
Mux4-CAGCGTTAAGAGTCAA,3
Mux4-CAGCGTTAAGATCGCA,2
Mux4-CAGCGTTAAGCAGGAA,2
Mux4-CAGCGTTAAGTCACTA,1
Mux4-CAGCGTTAATCCTGTA,11
Mux4-CAGCGTTAATTGAGGA,1
Mux4-CAGCGTTAATGCCTAA,4
Mux4-CAGCGTTACAACCACA,1
Mux4-CAGCGTTAGACTAGTA,1
Mux4-CAGCGTTACAATGGAA,1
Mux4-CAGCGTTACACTTCGA,1
Mux4-CAGCGTTACAGCGTTA,1
Mux4-CAGCGTTACATACCAA,2
Mux4-CAGCGTTACCAGTTCA,1
Mux4-CAGCGTTACCGAAGTA,1
Mux4-CAGCGTTACCGTGAGA,1
Mux4-CAGCGTTACCTCCTGA,1
Mux4-CAGCGTTAAGTGGTCA,6
Mux4-CAGCGTTACGAACTTA,1
Mux4-CAGCGTTACGACTGGA,1
Mux4-CAGCGTTACGCATACA,1
Mux4-CAGCGTTACTCAATGA,1
Mux4-CAGCGTTACTGAGCCA,6
Mux4-CAGCGTTACTGGCATA,2
Mux4-CAGCGTTAACCACTGT,4
Mux4-CAGCGTTAACATTGGC,1
Mux4-CAGCGTTACAGATCTG,0
Mux4-CAGCGTTACATCAAGT,6
Mux4-CAGCGTTACGCTGATC,1
Mux4-CATACCAAAACGTGAT,0
Mux4-CATACCAAACAAGCTA,2
Mux4-CATACCAAAACCGAGA,0
Mux4-CATACCAAAACGCTTA,0
Mux4-CATACCAAAAGACGGA,3
Mux4-CATACCAAAAGGTACA,2
Mux4-CATACCAAACACAGAA,1
Mux4-CATACCAAACAGCAGA,0
Mux4-CATACCAAAAACATCG,2
Mux4-CATACCAAACCTCCAA,3
Mux4-CATACCAAACGCTCGA,0
Mux4-CATACCAAACGTATCA,2
Mux4-CATACCAAACTATGCA,3
Mux4-CATACCAAAGAGTCAA,3
Mux4-CATACCAAAGATCGCA,3
Mux4-CATACCAAAGCAGGAA,2
Mux4-CATACCAAAGTCACTA,11
Mux4-CATACCAAATCCTGTA,11
Mux4-CATACCAAATTGAGGA,1
Mux4-CATACCAAATGCCTAA,4
Mux4-CATACCAACAACCACA,1
Mux4-CATACCAAGACTAGTA,1
Mux4-CATACCAACAATGGAA,1
Mux4-CATACCAACACTTCGA,1
Mux4-CATACCAACAGCGTTA,1
Mux4-CATACCAACATACCAA,3
Mux4-CATACCAACCAGTTCA,1
Mux4-CATACCAACCGAAGTA,1
Mux4-CATACCAACCGTGAGA,1
Mux4-CATACCAACCTCCTGA,1
Mux4-CATACCAAAGTGGTCA,6
Mux4-CATACCAACGAACTTA,1
Mux4-CATACCAACGACTGGA,1
Mux4-CATACCAACGCATACA,1
Mux4-CATACCAACTCAATGA,1
Mux4-CATACCAACTGAGCCA,2
Mux4-CATACCAACTGGCATA,6
Mux4-CATACCAAACCACTGT,4
Mux4-CATACCAAACATTGGC,0
Mux4-CATACCAACAGATCTG,2
Mux4-CATACCAACATCAAGT,6
Mux4-CATACCAACGCTGATC,1
Mux4-CCAGTTCAAACGTGAT,4
Mux4-CCAGTTCAACAAGCTA,0
Mux4-CCAGTTCAAACCGAGA,2
Mux4-CCAGTTCAAACGCTTA,0
Mux4-CCAGTTCAAAGACGGA,3
Mux4-CCAGTTCAAAGGTACA,2
Mux4-CCAGTTCAACACAGAA,1
Mux4-CCAGTTCAACAGCAGA,0
Mux4-CCAGTTCAAAACATCG,2
Mux4-CCAGTTCAACCTCCAA,0
Mux4-CCAGTTCAACGCTCGA,0
Mux4-CCAGTTCAACGTATCA,3
Mux4-CCAGTTCAACTATGCA,0
Mux4-CCAGTTCAAGAGTCAA,2
Mux4-CCAGTTCAAGATCGCA,3
Mux4-CCAGTTCAAGCAGGAA,2
Mux4-CCAGTTCAAGTCACTA,3
Mux4-CCAGTTCAATCCTGTA,11
Mux4-CCAGTTCAATTGAGGA,1
Mux4-CCAGTTCAATGCCTAA,1
Mux4-CCAGTTCACAACCACA,11
Mux4-CCAGTTCAGACTAGTA,1
Mux4-CCAGTTCACAATGGAA,1
Mux4-CCAGTTCACACTTCGA,1
Mux4-CCAGTTCACAGCGTTA,1
Mux4-CCAGTTCACATACCAA,2
Mux4-CCAGTTCACCAGTTCA,1
Mux4-CCAGTTCACCGAAGTA,1
Mux4-CCAGTTCACCGTGAGA,1
Mux4-CCAGTTCACCTCCTGA,1
Mux4-CCAGTTCAAGTGGTCA,6
Mux4-CCAGTTCACGAACTTA,1
Mux4-CCAGTTCACGACTGGA,1
Mux4-CCAGTTCACGCATACA,1
Mux4-CCAGTTCACTCAATGA,1
Mux4-CCAGTTCACTGAGCCA,2
Mux4-CCAGTTCACTGGCATA,2
Mux4-CCAGTTCAGAATCTGA,0
Mux4-CCAGTTCAACCACTGT,5
Mux4-CCAGTTCAACATTGGC,0
Mux4-CCAGTTCACAGATCTG,0
Mux4-CCAGTTCACATCAAGT,2
Mux4-CCAGTTCACGCTGATC,8
Mux4-CCGAAGTAAACGTGAT,5
Mux4-CCGAAGTAACAAGCTA,2
Mux4-CCGAAGTACTGTAGCC,0
Mux4-CCGAAGTAAACCGAGA,2
Mux4-CCGAAGTAAACGCTTA,0
Mux4-CCGAAGTAAAGACGGA,3
Mux4-CCGAAGTAAAGGTACA,3
Mux4-CCGAAGTAACACAGAA,1
Mux4-CCGAAGTAACAGCAGA,0
Mux4-CCGAAGTAAAACATCG,2
Mux4-CCGAAGTAACCTCCAA,1
Mux4-CCGAAGTAACGCTCGA,0
Mux4-CCGAAGTAACGTATCA,2
Mux4-CCGAAGTAACTATGCA,0
Mux4-CCGAAGTAAGAGTCAA,3
Mux4-CCGAAGTAAGATCGCA,11
Mux4-CCGAAGTAAGCAGGAA,3
Mux4-CCGAAGTAAGTCACTA,1
Mux4-CCGAAGTAATCCTGTA,1
Mux4-CCGAAGTAATTGAGGA,1
Mux4-CCGAAGTAATGCCTAA,1
Mux4-CCGAAGTACAACCACA,1
Mux4-CCGAAGTAGACTAGTA,1
Mux4-CCGAAGTACAATGGAA,1
Mux4-CCGAAGTACAGCGTTA,1
Mux4-CCGAAGTACATACCAA,2
Mux4-CCGAAGTACCAGTTCA,1
Mux4-CCGAAGTACCGAAGTA,1
Mux4-CCGAAGTACCGTGAGA,1
Mux4-CCGAAGTACCTCCTGA,1
Mux4-CCGAAGTAAGTGGTCA,6
Mux4-CCGAAGTACGAACTTA,1
Mux4-CCGAAGTACGACTGGA,1
Mux4-CCGAAGTACGCATACA,1
Mux4-CCGAAGTACTCAATGA,1
Mux4-CCGAAGTACTGAGCCA,11
Mux4-CCGAAGTACTGGCATA,2
Mux4-CCGAAGTAGAATCTGA,9
Mux4-CCGAAGTAACCACTGT,4
Mux4-CCGAAGTAACATTGGC,3
Mux4-CCGAAGTACAGATCTG,3
Mux4-CCGAAGTACATCAAGT,6
Mux4-CCGAAGTACGCTGATC,1
Mux4-CCGTGAGAAACGTGAT,9
Mux4-CCGTGAGAACAAGCTA,8
Mux4-CCGTGAGACTGTAGCC,8
Mux4-CCGTGAGAAACAACCA,0
Mux4-CCGTGAGAAACCGAGA,0
Mux4-CCGTGAGAAACGCTTA,0
Mux4-CCGTGAGAAAGACGGA,0
Mux4-CCGTGAGAAAGGTACA,2
Mux4-CCGTGAGAACACAGAA,3
Mux4-CCGTGAGAACAGCAGA,1
Mux4-CCGTGAGAAAACATCG,2
Mux4-CCGTGAGAACCTCCAA,1
Mux4-CCGTGAGAACGCTCGA,0
Mux4-CCGTGAGAACGTATCA,2
Mux4-CCGTGAGAACTATGCA,0
Mux4-CCGTGAGAAGAGTCAA,11
Mux4-CCGTGAGAAGATCGCA,2
Mux4-CCGTGAGAAGCAGGAA,2
Mux4-CCGTGAGAAGTCACTA,2
Mux4-CCGTGAGAATCCTGTA,1
Mux4-CCGTGAGAATTGAGGA,1
Mux4-CCGTGAGAATGCCTAA,1
Mux4-CCGTGAGACAACCACA,1
Mux4-CCGTGAGAGACTAGTA,1
Mux4-CCGTGAGACAATGGAA,1
Mux4-CCGTGAGACACTTCGA,2
Mux4-CCGTGAGACAGCGTTA,0
Mux4-CCGTGAGACCAGTTCA,0
Mux4-CCGTGAGACCGTGAGA,1
Mux4-CCGTGAGACCTCCTGA,1
Mux4-CCGTGAGAAGTGGTCA,6
Mux4-CCGTGAGACGAACTTA,1
Mux4-CCGTGAGACGACTGGA,1
Mux4-CCGTGAGACGCATACA,1
Mux4-CCGTGAGACTCAATGA,1
Mux4-CCGTGAGACTGAGCCA,2
Mux4-CCGTGAGACTGGCATA,2
Mux4-CCGTGAGAGAATCTGA,1
Mux4-CCGTGAGACAAGACTA,3
Mux4-CCGTGAGAACCACTGT,1
Mux4-CCGTGAGAACATTGGC,0
Mux4-CCGTGAGACAGATCTG,3
Mux4-CCGTGAGACATCAAGT,6
Mux4-CCGTGAGACGCTGATC,1
Mux4-CCTCCTGAACAAGCTA,2
Mux4-CCTCCTGACTGTAGCC,0
Mux4-CCTCCTGAAACAACCA,2
Mux4-CCTCCTGAAACCGAGA,2
Mux4-CCTCCTGAAACGCTTA,2
Mux4-CCTCCTGAAAGACGGA,2
Mux4-CCTCCTGAAAGGTACA,2
Mux4-CCTCCTGAACACAGAA,3
Mux4-CCTCCTGAACAGCAGA,2
Mux4-CCTCCTGAAAACATCG,2
Mux4-CCTCCTGAACCTCCAA,3
Mux4-CCTCCTGAACGCTCGA,0
Mux4-CCTCCTGAACGTATCA,3
Mux4-CCTCCTGAACTATGCA,11
Mux4-CCTCCTGAAGAGTCAA,2
Mux4-CCTCCTGAAGATCGCA,11
Mux4-CCTCCTGAAGCAGGAA,11
Mux4-CCTCCTGAAGTCACTA,11
Mux4-CCTCCTGAATCCTGTA,11
Mux4-CCTCCTGAATTGAGGA,11
Mux4-CCTCCTGAATGCCTAA,5
Mux4-CCTCCTGACAACCACA,3
Mux4-CCTCCTGAGACTAGTA,2
Mux4-CCTCCTGACACTTCGA,2
Mux4-CCTCCTGACAGCGTTA,2
Mux4-CCTCCTGACATACCAA,6
Mux4-CCTCCTGACCAGTTCA,2
Mux4-CCTCCTGAAGTGGTCA,6
Mux4-CCTCCTGACGAACTTA,2
Mux4-CCTCCTGACGACTGGA,1
Mux4-CCTCCTGACGCATACA,11
Mux4-CCTCCTGACTCAATGA,1
Mux4-CCTCCTGACTGAGCCA,11
Mux4-CCTCCTGACTGGCATA,2
Mux4-CCTCCTGAGAATCTGA,2
Mux4-CCTCCTGACAAGACTA,0
Mux4-CCTCCTGAACCACTGT,1
Mux4-CCTCCTGAACATTGGC,0
Mux4-CCTCCTGACAGATCTG,2
Mux4-CCTCCTGACATCAAGT,6
Mux4-CCTCCTGACGCTGATC,0
Mux4-ATGCCTAAAACGTGAT,4
Mux4-ATGCCTAAACAAGCTA,5
Mux4-ATGCCTAACTGTAGCC,0
Mux4-ATGCCTAAAGTACAAG,0
Mux4-ATGCCTAAAACAACCA,8
Mux4-ATGCCTAAAACCGAGA,3
Mux4-ATGCCTAAAACGCTTA,0
Mux4-ATGCCTAAAAGACGGA,0
Mux4-ATGCCTAAAAGGTACA,2
Mux4-ATGCCTAAACACAGAA,1
Mux4-ATGCCTAAACAGCAGA,3
Mux4-ATGCCTAAAAACATCG,4
Mux4-ATGCCTAAACCTCCAA,1
Mux4-ATGCCTAAACGCTCGA,8
Mux4-ATGCCTAAACGTATCA,1
Mux4-ATGCCTAAACTATGCA,1
Mux4-ATGCCTAAAGAGTCAA,1
Mux4-ATGCCTAAAGATCGCA,1
Mux4-ATGCCTAAAGCAGGAA,1
Mux4-ATGCCTAAAGTCACTA,1
Mux4-ATGCCTAAATCCTGTA,1
Mux4-ATGCCTAAATTGAGGA,1
Mux4-ATGCCTAAATGCCTAA,4
Mux4-ATGCCTAACAACCACA,1
Mux4-ATGCCTAAGACTAGTA,1
Mux4-ATGCCTAACAATGGAA,1
Mux4-ATGCCTAACACTTCGA,1
Mux4-ATGCCTAACAGCGTTA,1
Mux4-ATGCCTAACATACCAA,0
Mux4-ATGCCTAACCAGTTCA,1
Mux4-ATGCCTAACCGAAGTA,1
Mux4-ATGCCTAACCGTGAGA,1
Mux4-ATGCCTAACCTCCTGA,10
Mux4-ATGCCTAAAGTGGTCA,6
Mux4-ATGCCTAACGAACTTA,1
Mux4-ATGCCTAACGACTGGA,1
Mux4-ATGCCTAACGCATACA,10
Mux4-ATGCCTAACTCAATGA,4
Mux4-ATGCCTAACTGAGCCA,2
Mux4-ATGCCTAACTGGCATA,3
Mux4-ATGCCTAAGAATCTGA,1
Mux4-ATGCCTAACAAGACTA,1
Mux4-ATGCCTAAGAGCTGAA,1
Mux4-ATGCCTAAGATAGACA,1
Mux4-ATGCCTAAGCCACATA,1
Mux4-ATGCCTAAACATTGGC,5
Mux4-ATGCCTAACAGATCTG,2
Mux4-ATGCCTAACATCAAGT,6
Mux4-ATGCCTAACGCTGATC,5
Mux4-CGAACTTAACAAGCTA,3
Mux4-CGAACTTACTGTAGCC,8
Mux4-CGAACTTAAGTACAAG,0
Mux4-CGAACTTAAACAACCA,8
Mux4-CGAACTTAAACCGAGA,2
Mux4-CGAACTTAAACGCTTA,2
Mux4-CGAACTTAAAGACGGA,3
Mux4-CGAACTTAAAGGTACA,2
Mux4-CGAACTTAACACAGAA,1
Mux4-CGAACTTAACAGCAGA,0
Mux4-CGAACTTAAAACATCG,2
Mux4-CGAACTTAACCTCCAA,0
Mux4-CGAACTTAACGCTCGA,1
Mux4-CGAACTTAACGTATCA,3
Mux4-CGAACTTAACTATGCA,1
Mux4-CGAACTTAAGAGTCAA,11
Mux4-CGAACTTAAGATCGCA,1
Mux4-CGAACTTAAGCAGGAA,11
Mux4-CGAACTTAAGTCACTA,1
Mux4-CGAACTTAATCCTGTA,1
Mux4-CGAACTTAATTGAGGA,1
Mux4-CGAACTTAATGCCTAA,2
Mux4-CGAACTTACAACCACA,11
Mux4-CGAACTTAGACTAGTA,11
Mux4-CGAACTTACAATGGAA,2
Mux4-CGAACTTACACTTCGA,0
Mux4-CGAACTTACAGCGTTA,2
Mux4-CGAACTTACCGAAGTA,3
Mux4-CGAACTTACCGTGAGA,11
Mux4-CGAACTTAAGTGGTCA,6
Mux4-CGAACTTACGCATACA,1
Mux4-CGAACTTACTCAATGA,1
Mux4-CGAACTTACTGAGCCA,2
Mux4-CGAACTTACTGGCATA,2
Mux4-CGAACTTAGAATCTGA,8
Mux4-CGAACTTACAAGACTA,3
Mux4-CGAACTTAGAGCTGAA,2
Mux4-CGAACTTAACCACTGT,1
Mux4-CGAACTTAACATTGGC,0
Mux4-CGAACTTACAGATCTG,2
Mux4-CGAACTTACATCAAGT,6
Mux4-CGAACTTACGCTGATC,1
Mux4-CGACTGGAACAAGCTA,0
Mux4-CGACTGGACTGTAGCC,8
Mux4-CGACTGGAAGTACAAG,8
Mux4-CGACTGGAAACCGAGA,0
Mux4-CGACTGGAAAGACGGA,2
Mux4-CGACTGGAAAGGTACA,2
Mux4-CGACTGGAACACAGAA,1
Mux4-CGACTGGAACAGCAGA,0
Mux4-CGACTGGAAAACATCG,2
Mux4-CGACTGGAACCTCCAA,0
Mux4-CGACTGGAACGCTCGA,1
Mux4-CGACTGGAACGTATCA,1
Mux4-CGACTGGAACTATGCA,1
Mux4-CGACTGGAAGAGTCAA,11
Mux4-CGACTGGAAGATCGCA,1
Mux4-CGACTGGAAGCAGGAA,1
Mux4-CGACTGGAAGTCACTA,1
Mux4-CGACTGGAATCCTGTA,1
Mux4-CGACTGGAATTGAGGA,1
Mux4-CGACTGGAATGCCTAA,0
Mux4-CGACTGGACAACCACA,1
Mux4-CGACTGGAGACTAGTA,0
Mux4-CGACTGGACAATGGAA,1
Mux4-CGACTGGACACTTCGA,1
Mux4-CGACTGGACAGCGTTA,11
Mux4-CGACTGGACATACCAA,2
Mux4-CGACTGGACCAGTTCA,0
Mux4-CGACTGGACCGAAGTA,3
Mux4-CGACTGGACCGTGAGA,3
Mux4-CGACTGGAAGTGGTCA,6
Mux4-CGACTGGACGCATACA,2
Mux4-CGACTGGACTCAATGA,1
Mux4-CGACTGGACTGAGCCA,3
Mux4-CGACTGGACTGGCATA,2
Mux4-CGACTGGAGAATCTGA,1
Mux4-CGACTGGACAAGACTA,2
Mux4-CGACTGGAGAGCTGAA,3
Mux4-CGACTGGAGATAGACA,2
Mux4-CGACTGGAACCACTGT,5
Mux4-CGACTGGAGCCACATA,2
Mux4-CGACTGGAACATTGGC,2
Mux4-CGACTGGACAGATCTG,2
Mux4-CGACTGGACATCAAGT,6
Mux4-CGACTGGACGCTGATC,1
Mux4-CGCATACAACAAGCTA,2
Mux4-CGCATACACTGTAGCC,8
Mux4-CGCATACAAGTACAAG,0
Mux4-CGCATACAAACCGAGA,2
Mux4-CGCATACAAAGACGGA,3
Mux4-CGCATACAAAGGTACA,6
Mux4-CGCATACAACACAGAA,0
Mux4-CGCATACAACAGCAGA,2
Mux4-CGCATACAAAACATCG,2
Mux4-CGCATACAACCTCCAA,0
Mux4-CGCATACAACGCTCGA,2
Mux4-CGCATACAACGTATCA,0
Mux4-CGCATACAACTATGCA,1
Mux4-CGCATACAAGAGTCAA,11
Mux4-CGCATACAAGATCGCA,11
Mux4-CGCATACAAGCAGGAA,11
Mux4-CGCATACAAGTCACTA,1
Mux4-CGCATACAATCCTGTA,11
Mux4-CGCATACAATTGAGGA,11
Mux4-CGCATACAATGCCTAA,0
Mux4-CGCATACACAACCACA,2
Mux4-CGCATACAGACTAGTA,11
Mux4-CGCATACACAATGGAA,3
Mux4-CGCATACACACTTCGA,3
Mux4-CGCATACACAGCGTTA,1
Mux4-CGCATACACATACCAA,2
Mux4-CGCATACACCAGTTCA,1
Mux4-CGCATACACCGAAGTA,11
Mux4-CGCATACACCGTGAGA,1
Mux4-CGCATACACCTCCTGA,0
Mux4-CGCATACAAGTGGTCA,6
Mux4-CGCATACACGAACTTA,2
Mux4-CGCATACACGACTGGA,2
Mux4-CGCATACACGCATACA,2
Mux4-CGCATACACTCAATGA,2
Mux4-CGCATACACTGAGCCA,6
Mux4-CGCATACACTGGCATA,6
Mux4-CGCATACAGAATCTGA,2
Mux4-CGCATACACAAGACTA,0
Mux4-CGCATACAGAGCTGAA,2
Mux4-CGCATACAGATAGACA,2
Mux4-CGCATACAACCACTGT,9
Mux4-CGCATACAGCCACATA,2
Mux4-CGCATACAACATTGGC,2
Mux4-CGCATACACAGATCTG,6
Mux4-CGCATACACATCAAGT,6
Mux4-CGCATACACGCTGATC,0
Mux4-CTCAATGAACAAGCTA,2
Mux4-CTCAATGACTGTAGCC,2
Mux4-CTCAATGAAGTACAAG,0
Mux4-CTCAATGAAACAACCA,0
Mux4-CTCAATGAAACCGAGA,2
Mux4-CTCAATGAAACGCTTA,6
Mux4-CTCAATGAAAGACGGA,2
Mux4-CTCAATGAAAGGTACA,6
Mux4-CTCAATGAACACAGAA,2
Mux4-CTCAATGAACAGCAGA,3
Mux4-CTCAATGAACCTCCAA,2
Mux4-CTCAATGAACGCTCGA,0
Mux4-CTCAATGAACGTATCA,2
Mux4-CTCAATGAACTATGCA,0
Mux4-CTCAATGAAGAGTCAA,3
Mux4-CTCAATGAAGATCGCA,0
Mux4-CTCAATGAAGCAGGAA,0
Mux4-CTCAATGAAGTCACTA,11
Mux4-CTCAATGAATCCTGTA,2
Mux4-CTCAATGAATTGAGGA,1
Mux4-CTCAATGAATGCCTAA,9
Mux4-CTCAATGACAACCACA,1
Mux4-CTCAATGAGACTAGTA,11
Mux4-CTCAATGACAATGGAA,11
Mux4-CTCAATGACACTTCGA,9
Mux4-CTCAATGACAGCGTTA,1
Mux4-CTCAATGACATACCAA,6
Mux4-CTCAATGACCAGTTCA,11
Mux4-CTCAATGACCGAAGTA,3
Mux4-CTCAATGACCGTGAGA,11
Mux4-CTCAATGACCTCCTGA,2
Mux4-CTCAATGAAGTGGTCA,6
Mux4-CTCAATGACGAACTTA,3
Mux4-CTCAATGACGACTGGA,2
Mux4-CTCAATGACGCATACA,2
Mux4-CTCAATGACTCAATGA,2
Mux4-CTCAATGACTGAGCCA,6
Mux4-CTCAATGACTGGCATA,2
Mux4-CTCAATGAGAATCTGA,2
Mux4-CTCAATGACAAGACTA,0
Mux4-CTCAATGAGAGCTGAA,0
Mux4-CTCAATGAGATAGACA,0
Mux4-CTCAATGAACCACTGT,0
Mux4-CTCAATGAGCCACATA,1
Mux4-CTCAATGAACATTGGC,2
Mux4-CTCAATGACAGATCTG,2
Mux4-CTCAATGACATCAAGT,6
Mux4-CTCAATGACGCTGATC,0
Mux4-CTGAGCCAACAAGCTA,0
Mux4-CTGAGCCACTGTAGCC,1
Mux4-CTGAGCCAAGTACAAG,1
Mux4-CTGAGCCAAACAACCA,1
Mux4-CTGAGCCAAACCGAGA,0
Mux4-CTGAGCCAAACGCTTA,0
Mux4-CTGAGCCAAAGACGGA,2
Mux4-CTGAGCCAAAGGTACA,2
Mux4-CTGAGCCAACACAGAA,0
Mux4-CTGAGCCAACAGCAGA,0
Mux4-CTGAGCCAACCTCCAA,1
Mux4-CTGAGCCAACGCTCGA,1
Mux4-CTGAGCCAACGTATCA,1
Mux4-CTGAGCCAACTATGCA,1
Mux4-CTGAGCCAAGAGTCAA,1
Mux4-CTGAGCCAAGATCGCA,1
Mux4-CTGAGCCAAGCAGGAA,1
Mux4-CTGAGCCAAGTCACTA,1
Mux4-CTGAGCCAATCCTGTA,1
Mux4-CTGAGCCAATTGAGGA,1
Mux4-CTGAGCCAATGCCTAA,4
Mux4-CTGAGCCACAACCACA,1
Mux4-CTGAGCCAGACTAGTA,1
Mux4-CTGAGCCACAATGGAA,1
Mux4-CTGAGCCACACTTCGA,1
Mux4-CTGAGCCACAGCGTTA,1
Mux4-CTGAGCCACATACCAA,3
Mux4-CTGAGCCACCAGTTCA,1
Mux4-CTGAGCCACCGAAGTA,1
Mux4-CTGAGCCACCGTGAGA,1
Mux4-CTGAGCCACCTCCTGA,1
Mux4-CTGAGCCAAGTGGTCA,6
Mux4-CTGAGCCACGAACTTA,1
Mux4-CTGAGCCACGACTGGA,1
Mux4-CTGAGCCACGCATACA,8
Mux4-CTGAGCCACTCAATGA,8
Mux4-CTGAGCCACTGAGCCA,6
Mux4-CTGAGCCACTGGCATA,2
Mux4-CTGAGCCAGAATCTGA,1
Mux4-CTGAGCCACAAGACTA,1
Mux4-CTGAGCCAGAGCTGAA,1
Mux4-CTGAGCCAGATAGACA,1
Mux4-CTGAGCCAACCACTGT,4
Mux4-CTGAGCCAGCCACATA,1
Mux4-CTGAGCCAACATTGGC,5
Mux4-CTGAGCCACAGATCTG,0
Mux4-CTGAGCCACATCAAGT,2
Mux4-CTGAGCCACGCTGATC,1
Mux4-CTGGCATAACAAGCTA,2
Mux4-CTGGCATACTGTAGCC,0
Mux4-CTGGCATAAGTACAAG,1
Mux4-CTGGCATAAACAACCA,8
Mux4-CTGGCATAAACCGAGA,0
Mux4-CTGGCATAAACGCTTA,0
Mux4-CTGGCATAAAGACGGA,0
Mux4-CTGGCATAAAGGTACA,2
Mux4-CTGGCATAACACAGAA,1
Mux4-CTGGCATAACAGCAGA,0
Mux4-CTGGCATAACCTCCAA,0
Mux4-CTGGCATAACGCTCGA,1
Mux4-CTGGCATAACGTATCA,1
Mux4-CTGGCATAACTATGCA,1
Mux4-CTGGCATAAGAGTCAA,1
Mux4-CTGGCATAAGATCGCA,1
Mux4-CTGGCATAAGCAGGAA,1
Mux4-CTGGCATAAGTCACTA,1
Mux4-CTGGCATAATCCTGTA,1
Mux4-CTGGCATAATTGAGGA,1
Mux4-CTGGCATAATGCCTAA,4
Mux4-CTGGCATACAACCACA,1
Mux4-CTGGCATAGACTAGTA,1
Mux4-CTGGCATACAATGGAA,1
Mux4-CTGGCATACACTTCGA,1
Mux4-CTGGCATACAGCGTTA,1
Mux4-CTGGCATACATACCAA,2
Mux4-CTGGCATACCAGTTCA,1
Mux4-CTGGCATACCGAAGTA,1
Mux4-CTGGCATACCGTGAGA,1
Mux4-CTGGCATACCTCCTGA,1
Mux4-CTGGCATAAGTGGTCA,2
Mux4-CTGGCATACGAACTTA,1
Mux4-CTGGCATACGACTGGA,1
Mux4-CTGGCATACGCATACA,1
Mux4-CTGGCATACTCAATGA,1
Mux4-CTGGCATACTGAGCCA,3
Mux4-CTGGCATACTGGCATA,2
Mux4-CTGGCATAGAATCTGA,1
Mux4-CTGGCATACAAGACTA,1
Mux4-CTGGCATAGAGCTGAA,1
Mux4-CTGGCATAGATAGACA,1
Mux4-CTGGCATAACCACTGT,1
Mux4-CTGGCATAGCCACATA,1
Mux4-CTGGCATAACATTGGC,5
Mux4-CTGGCATACAGATCTG,2
Mux4-CTGGCATACATCAAGT,6
Mux4-CTGGCATACGCTGATC,5
Mux4-GAATCTGAACAAGCTA,2
Mux4-GAATCTGACTGTAGCC,5
Mux4-GAATCTGAAGTACAAG,8
Mux4-GAATCTGAAACAACCA,8
Mux4-GAATCTGAAACCGAGA,0
Mux4-GAATCTGAAACGCTTA,0
Mux4-GAATCTGAAAGACGGA,0
Mux4-GAATCTGAAAGGTACA,2
Mux4-GAATCTGAACACAGAA,1
Mux4-GAATCTGAACAGCAGA,0
Mux4-GAATCTGAACCTCCAA,0
Mux4-GAATCTGAACGCTCGA,0
Mux4-GAATCTGAACGTATCA,1
Mux4-GAATCTGAACTATGCA,1
Mux4-GAATCTGAAGAGTCAA,1
Mux4-GAATCTGAAGATCGCA,1
Mux4-GAATCTGAAGCAGGAA,1
Mux4-GAATCTGAAGTCACTA,1
Mux4-GAATCTGAATCCTGTA,1
Mux4-GAATCTGAATTGAGGA,1
Mux4-GAATCTGAATGCCTAA,4
Mux4-GAATCTGACAACCACA,1
Mux4-GAATCTGAGACTAGTA,1
Mux4-GAATCTGACAATGGAA,1
Mux4-GAATCTGACACTTCGA,1
Mux4-GAATCTGACAGCGTTA,1
Mux4-GAATCTGACATACCAA,0
Mux4-GAATCTGACCAGTTCA,1
Mux4-GAATCTGACCGAAGTA,1
Mux4-GAATCTGACCGTGAGA,1
Mux4-GAATCTGACCTCCTGA,1
Mux4-GAATCTGAAGTGGTCA,6
Mux4-GAATCTGACGAACTTA,1
Mux4-GAATCTGACGACTGGA,1
Mux4-GAATCTGACGCATACA,1
Mux4-GAATCTGACTCAATGA,1
Mux4-GAATCTGACTGAGCCA,2
Mux4-GAATCTGACTGGCATA,2
Mux4-GAATCTGAGAATCTGA,1
Mux4-GAATCTGACAAGACTA,1
Mux4-GAATCTGAGAGCTGAA,0
Mux4-GAATCTGAGATAGACA,3
Mux4-GAATCTGAACCACTGT,4
Mux4-GAATCTGAGCCACATA,0
Mux4-GAATCTGAACATTGGC,5
Mux4-GAATCTGACAGATCTG,5
Mux4-GAATCTGACATCAAGT,2
Mux4-GAATCTGACGCTGATC,5
Mux4-CAAGACTAACAAGCTA,6
Mux4-CAAGACTACTGTAGCC,2
Mux4-CAAGACTAAGTACAAG,2
Mux4-CAAGACTAAACAACCA,0
Mux4-CAAGACTAAACCGAGA,2
Mux4-CAAGACTAAACGCTTA,2
Mux4-CAAGACTAAAGACGGA,2
Mux4-CAAGACTAAAGGTACA,2
Mux4-CAAGACTAACACAGAA,3
Mux4-CAAGACTAACAGCAGA,3
Mux4-CAAGACTAACCTCCAA,2
Mux4-CAAGACTAACGCTCGA,6
Mux4-CAAGACTAACGTATCA,2
Mux4-CAAGACTAACTATGCA,3
Mux4-CAAGACTAAGAGTCAA,2
Mux4-CAAGACTAAGATCGCA,11
Mux4-CAAGACTAAGCAGGAA,11
Mux4-CAAGACTAAGTCACTA,1
Mux4-CAAGACTAATCCTGTA,11
Mux4-CAAGACTAATTGAGGA,3
Mux4-CAAGACTAATGCCTAA,5
Mux4-CAAGACTACAACCACA,1
Mux4-CAAGACTAGACTAGTA,1
Mux4-CAAGACTACAATGGAA,0
Mux4-CAAGACTACACTTCGA,1
Mux4-CAAGACTACAGCGTTA,1
Mux4-CAAGACTACATACCAA,2
Mux4-CAAGACTACCAGTTCA,1
Mux4-CAAGACTACCGAAGTA,1
Mux4-CAAGACTACCGTGAGA,1
Mux4-CAAGACTACCTCCTGA,1
Mux4-CAAGACTAAGTGGTCA,6
Mux4-CAAGACTACGAACTTA,1
Mux4-CAAGACTACGACTGGA,1
Mux4-CAAGACTACGCATACA,3
Mux4-CAAGACTACTCAATGA,0
Mux4-CAAGACTACTGAGCCA,3
Mux4-CAAGACTACTGGCATA,2
Mux4-CAAGACTACAAGACTA,2
Mux4-CAAGACTAGAGCTGAA,2
Mux4-CAAGACTAGATAGACA,6
Mux4-CAAGACTAACCACTGT,5
Mux4-CAAGACTAGCCACATA,6
Mux4-CAAGACTAACATTGGC,5
Mux4-CAAGACTACAGATCTG,2
Mux4-CAAGACTACATCAAGT,2
Mux4-CAAGACTACGCTGATC,5
Mux4-GAGCTGAAACAAGCTA,6
Mux4-GAGCTGAACTGTAGCC,3
Mux4-GAGCTGAAAGTACAAG,0
Mux4-GAGCTGAAAACAACCA,8
Mux4-GAGCTGAAAACCGAGA,2
Mux4-GAGCTGAAAACGCTTA,2
Mux4-GAGCTGAAAAGACGGA,2
Mux4-GAGCTGAAAAGGTACA,6
Mux4-GAGCTGAAACACAGAA,2
Mux4-GAGCTGAAACAGCAGA,2
Mux4-GAGCTGAAACCTCCAA,2
Mux4-GAGCTGAAACGCTCGA,2
Mux4-GAGCTGAAACGTATCA,2
Mux4-GAGCTGAAACTATGCA,3
Mux4-GAGCTGAAAGAGTCAA,3
Mux4-GAGCTGAAAGATCGCA,2
Mux4-GAGCTGAAAGCAGGAA,11
Mux4-GAGCTGAAAGTCACTA,11
Mux4-GAGCTGAAATCCTGTA,3
Mux4-GAGCTGAAATTGAGGA,1
Mux4-GAGCTGAAATGCCTAA,5
Mux4-GAGCTGAACAACCACA,1
Mux4-GAGCTGAAGACTAGTA,1
Mux4-GAGCTGAACAATGGAA,1
Mux4-GAGCTGAACACTTCGA,1
Mux4-GAGCTGAACAGCGTTA,1
Mux4-GAGCTGAACATACCAA,2
Mux4-GAGCTGAACCAGTTCA,1
Mux4-GAGCTGAACCGAAGTA,1
Mux4-GAGCTGAACCGTGAGA,1
Mux4-GAGCTGAACCTCCTGA,1
Mux4-GAGCTGAAAGTGGTCA,6
Mux4-GAGCTGAACGAACTTA,0
Mux4-GAGCTGAACGACTGGA,1
Mux4-GAGCTGAACGCATACA,1
Mux4-GAGCTGAACTCAATGA,1
Mux4-GAGCTGAACTGAGCCA,6
Mux4-GAGCTGAACTGGCATA,6
Mux4-GAGCTGAAGAATCTGA,2
Mux4-GAGCTGAACAAGACTA,6
Mux4-GAGCTGAAGAGCTGAA,2
Mux4-GAGCTGAAGATAGACA,6
Mux4-GAGCTGAAACCACTGT,5
Mux4-GAGCTGAAGCCACATA,2
Mux4-GAGCTGAAACATTGGC,2
Mux4-GAGCTGAACAGATCTG,2
Mux4-GAGCTGAACATCAAGT,6
Mux4-GAGCTGAACGCTGATC,2
Mux4-GATAGACAACAAGCTA,2
Mux4-GATAGACACTGTAGCC,0
Mux4-GATAGACAAGTACAAG,8
Mux4-GATAGACAAACAACCA,1
Mux4-GATAGACAAACCGAGA,1
Mux4-GATAGACAAACGCTTA,1
Mux4-GATAGACAAAGACGGA,8
Mux4-GATAGACAAAGGTACA,2
Mux4-GATAGACAACACAGAA,8
Mux4-GATAGACAACAGCAGA,2
Mux4-GATAGACAAAACATCG,6
Mux4-GATAGACAACCTCCAA,0
Mux4-GATAGACAACGCTCGA,0
Mux4-GATAGACAACGTATCA,2
Mux4-GATAGACAACTATGCA,1
Mux4-GATAGACAAGAGTCAA,2
Mux4-GATAGACAAGATCGCA,3
Mux4-GATAGACAAGCAGGAA,3
Mux4-GATAGACAAGTCACTA,1
Mux4-GATAGACAATCCTGTA,0
Mux4-GATAGACAATTGAGGA,0
Mux4-GATAGACAATGCCTAA,2
Mux4-GATAGACACAACCACA,1
Mux4-GATAGACAGACTAGTA,4
Mux4-GATAGACACAATGGAA,1
Mux4-GATAGACACACTTCGA,1
Mux4-GATAGACACAGCGTTA,1
Mux4-GATAGACACATACCAA,2
Mux4-GATAGACACCAGTTCA,1
Mux4-GATAGACACCGAAGTA,1
Mux4-GATAGACACCGTGAGA,1
Mux4-GATAGACACCTCCTGA,1
Mux4-GATAGACAAGTGGTCA,6
Mux4-GATAGACACGAACTTA,0
Mux4-GATAGACACGACTGGA,1
Mux4-GATAGACACGCATACA,3
Mux4-GATAGACACTCAATGA,0
Mux4-GATAGACACTGAGCCA,6
Mux4-GATAGACACTGGCATA,6
Mux4-GATAGACAGAATCTGA,3
Mux4-GATAGACAGAGCTGAA,3
Mux4-GATAGACAGATAGACA,2
Mux4-GATAGACAACCACTGT,5
Mux4-GATAGACAGCCACATA,2
Mux4-GATAGACAACATTGGC,2
Mux4-GATAGACACAGATCTG,2
Mux4-GATAGACACATCAAGT,6
Mux4-GATAGACACGCTGATC,5
Mux4-AGTGGTCAAACGTGAT,4
Mux4-AGTGGTCAACAAGCTA,0
Mux4-AGTGGTCACTGTAGCC,2
Mux4-AGTGGTCAAGTACAAG,0
Mux4-AGTGGTCAAACAACCA,1
Mux4-AGTGGTCAAACCGAGA,0
Mux4-AGTGGTCAAACGCTTA,0
Mux4-AGTGGTCAAAGACGGA,0
Mux4-AGTGGTCAAAGGTACA,2
Mux4-AGTGGTCAACACAGAA,1
Mux4-AGTGGTCAACAGCAGA,0
Mux4-AGTGGTCAAAACATCG,5
Mux4-AGTGGTCAACCTCCAA,1
Mux4-AGTGGTCAACGCTCGA,0
Mux4-AGTGGTCAACGTATCA,0
Mux4-AGTGGTCAACTATGCA,1
Mux4-AGTGGTCAAGAGTCAA,1
Mux4-AGTGGTCAAGATCGCA,1
Mux4-AGTGGTCAAGCAGGAA,1
Mux4-AGTGGTCAAGTCACTA,1
Mux4-AGTGGTCAATCCTGTA,1
Mux4-AGTGGTCAATTGAGGA,1
Mux4-AGTGGTCAATGCCTAA,5
Mux4-AGTGGTCACAACCACA,1
Mux4-AGTGGTCAGACTAGTA,1
Mux4-AGTGGTCACAATGGAA,1
Mux4-AGTGGTCACACTTCGA,1
Mux4-AGTGGTCACAGCGTTA,1
Mux4-AGTGGTCACATACCAA,2
Mux4-AGTGGTCACCAGTTCA,1
Mux4-AGTGGTCACCGAAGTA,1
Mux4-AGTGGTCACCGTGAGA,10
Mux4-AGTGGTCACCTCCTGA,10
Mux4-AGTGGTCAAGTGGTCA,6
Mux4-AGTGGTCACGAACTTA,10
Mux4-AGTGGTCACGACTGGA,1
Mux4-AGTGGTCACGCATACA,1
Mux4-AGTGGTCACTCAATGA,1
Mux4-AGTGGTCACTGAGCCA,3
Mux4-AGTGGTCACTGGCATA,0
Mux4-AGTGGTCAGAATCTGA,10
Mux4-AGTGGTCACAAGACTA,1
Mux4-AGTGGTCAGAGCTGAA,1
Mux4-AGTGGTCAGATAGACA,1
Mux4-AGTGGTCAACCACTGT,4
Mux4-AGTGGTCAGCCACATA,1
Mux4-AGTGGTCAACATTGGC,5
Mux4-AGTGGTCACAGATCTG,2
Mux4-AGTGGTCACATCAAGT,2
Mux4-AGTGGTCACGCTGATC,5
Mux4-GCCACATAACAAGCTA,2
Mux4-GCCACATACTGTAGCC,0
Mux4-GCCACATAAGTACAAG,1
Mux4-GCCACATAAACAACCA,1
Mux4-GCCACATAAACCGAGA,8
Mux4-GCCACATAAACGCTTA,1
Mux4-GCCACATAAAGACGGA,1
Mux4-GCCACATAAAGGTACA,0
Mux4-GCCACATAACACAGAA,1
Mux4-GCCACATAACAGCAGA,1
Mux4-GCCACATAACCTCCAA,1
Mux4-GCCACATAACGCTCGA,1
Mux4-GCCACATAACGTATCA,1
Mux4-GCCACATAACTATGCA,1
Mux4-GCCACATAAGAGTCAA,1
Mux4-GCCACATAAGATCGCA,3
Mux4-GCCACATAAGCAGGAA,1
Mux4-GCCACATAAGTCACTA,1
Mux4-GCCACATAATCCTGTA,1
Mux4-GCCACATAATTGAGGA,1
Mux4-GCCACATAATGCCTAA,5
Mux4-GCCACATACAACCACA,1
Mux4-GCCACATAGACTAGTA,1
Mux4-GCCACATACAATGGAA,1
Mux4-GCCACATACACTTCGA,1
Mux4-GCCACATACAGCGTTA,1
Mux4-GCCACATACATACCAA,7
Mux4-GCCACATACCAGTTCA,1
Mux4-GCCACATACCGAAGTA,1
Mux4-GCCACATACCGTGAGA,1
Mux4-GCCACATACCTCCTGA,1
Mux4-GCCACATAAGTGGTCA,6
Mux4-GCCACATACGAACTTA,0
Mux4-GCCACATACGACTGGA,0
Mux4-GCCACATACGCATACA,0
Mux4-GCCACATACTCAATGA,0
Mux4-GCCACATACTGAGCCA,6
Mux4-GCCACATACTGGCATA,2
Mux4-GCCACATAGAATCTGA,1
Mux4-GCCACATACAAGACTA,1
Mux4-GCCACATAGAGCTGAA,0
Mux4-GCCACATAGATAGACA,7
Mux4-GCCACATAACCACTGT,9
Mux4-GCCACATAGCCACATA,2
Mux4-GCCACATAACATTGGC,2
Mux4-GCCACATACAGATCTG,6
Mux4-GCCACATACATCAAGT,2
Mux4-GCCACATACGCTGATC,5
Mux4-ACCACTGTAACGTGAT,4
Mux4-ACCACTGTACAAGCTA,2
Mux4-ACCACTGTCTGTAGCC,2
Mux4-ACCACTGTAGTACAAG,5
Mux4-ACCACTGTAACAACCA,5
Mux4-ACCACTGTAACCGAGA,1
Mux4-ACCACTGTAACGCTTA,1
Mux4-ACCACTGTAAGACGGA,1
Mux4-ACCACTGTAAGGTACA,2
Mux4-ACCACTGTACACAGAA,1
Mux4-ACCACTGTACAGCAGA,0
Mux4-ACCACTGTAAACATCG,5
Mux4-ACCACTGTACCTCCAA,3
Mux4-ACCACTGTACGCTCGA,1
Mux4-ACCACTGTACGTATCA,0
Mux4-ACCACTGTACTATGCA,1
Mux4-ACCACTGTAGAGTCAA,1
Mux4-ACCACTGTAGATCGCA,1
Mux4-ACCACTGTAGCAGGAA,1
Mux4-ACCACTGTAGTCACTA,1
Mux4-ACCACTGTATCCTGTA,1
Mux4-ACCACTGTATTGAGGA,1
Mux4-ACCACTGTATGCCTAA,5
Mux4-ACCACTGTCAACCACA,1
Mux4-ACCACTGTGACTAGTA,1
Mux4-ACCACTGTCAATGGAA,1
Mux4-ACCACTGTCACTTCGA,1
Mux4-ACCACTGTCAGCGTTA,1
Mux4-ACCACTGTCATACCAA,3
Mux4-ACCACTGTCCAGTTCA,1
Mux4-ACCACTGTCCGAAGTA,1
Mux4-ACCACTGTCCGTGAGA,1
Mux4-ACCACTGTCCTCCTGA,10
Mux4-ACCACTGTAGTGGTCA,6
Mux4-ACCACTGTCGAACTTA,0
Mux4-ACCACTGTCGACTGGA,10
Mux4-ACCACTGTCGCATACA,10
Mux4-ACCACTGTCTCAATGA,1
Mux4-ACCACTGTCTGAGCCA,3
Mux4-ACCACTGTCTGGCATA,2
Mux4-ACCACTGTGAATCTGA,10
Mux4-ACCACTGTCAAGACTA,1
Mux4-ACCACTGTGAGCTGAA,1
Mux4-ACCACTGTGATAGACA,1
Mux4-ACCACTGTACCACTGT,5
Mux4-ACCACTGTGCCACATA,1
Mux4-ACCACTGTACATTGGC,3
Mux4-ACCACTGTCAGATCTG,6
Mux4-ACCACTGTCATCAAGT,6
Mux4-ACCACTGTCGCTGATC,3
Mux4-ACATTGGCAACGTGAT,4
Mux4-ACATTGGCACAAGCTA,2
Mux4-ACATTGGCCTGTAGCC,2
Mux4-ACATTGGCAGTACAAG,2
Mux4-ACATTGGCAACAACCA,5
Mux4-ACATTGGCAACCGAGA,1
Mux4-ACATTGGCAACGCTTA,1
Mux4-ACATTGGCAAGACGGA,1
Mux4-ACATTGGCAAGGTACA,2
Mux4-ACATTGGCACACAGAA,1
Mux4-ACATTGGCACAGCAGA,1
Mux4-ACATTGGCAAACATCG,1
Mux4-ACATTGGCACCTCCAA,1
Mux4-ACATTGGCACGCTCGA,1
Mux4-ACATTGGCACGTATCA,1
Mux4-ACATTGGCACTATGCA,1
Mux4-ACATTGGCAGAGTCAA,1
Mux4-ACATTGGCAGATCGCA,1
Mux4-ACATTGGCAGCAGGAA,1
Mux4-ACATTGGCAGTCACTA,1
Mux4-ACATTGGCATCCTGTA,1
Mux4-ACATTGGCATTGAGGA,1
Mux4-ACATTGGCATGCCTAA,5
Mux4-ACATTGGCCAACCACA,1
Mux4-ACATTGGCGACTAGTA,1
Mux4-ACATTGGCCAATGGAA,1
Mux4-ACATTGGCCACTTCGA,1
Mux4-ACATTGGCCAGCGTTA,1
Mux4-ACATTGGCCATACCAA,0
Mux4-ACATTGGCCCAGTTCA,1
Mux4-ACATTGGCCCGAAGTA,1
Mux4-ACATTGGCCCGTGAGA,1
Mux4-ACATTGGCCCTCCTGA,1
Mux4-ACATTGGCAGTGGTCA,6
Mux4-ACATTGGCCGAACTTA,1
Mux4-ACATTGGCCGACTGGA,1
Mux4-ACATTGGCCGCATACA,0
Mux4-ACATTGGCCTCAATGA,10
Mux4-ACATTGGCCTGAGCCA,0
Mux4-ACATTGGCCTGGCATA,0
Mux4-ACATTGGCGAATCTGA,10
Mux4-ACATTGGCCAAGACTA,1
Mux4-ACATTGGCGAGCTGAA,1
Mux4-ACATTGGCGATAGACA,1
Mux4-ACATTGGCACCACTGT,4
Mux4-ACATTGGCGCCACATA,1
Mux4-ACATTGGCACATTGGC,2
Mux4-ACATTGGCCAGATCTG,2
Mux4-ACATTGGCCATCAAGT,6
Mux4-ACATTGGCCGCTGATC,5
Mux4-CAGATCTGAACGTGAT,4
Mux4-CAGATCTGACAAGCTA,2
Mux4-CAGATCTGCTGTAGCC,3
Mux4-CAGATCTGAGTACAAG,0
Mux4-CAGATCTGAACAACCA,1
Mux4-CAGATCTGAACCGAGA,1
Mux4-CAGATCTGAACGCTTA,0
Mux4-CAGATCTGAAGACGGA,1
Mux4-CAGATCTGAAGGTACA,2
Mux4-CAGATCTGACACAGAA,1
Mux4-CAGATCTGACAGCAGA,1
Mux4-CAGATCTGAAACATCG,2
Mux4-CAGATCTGACCTCCAA,1
Mux4-CAGATCTGACGCTCGA,1
Mux4-CAGATCTGACGTATCA,0
Mux4-CAGATCTGACTATGCA,1
Mux4-CAGATCTGAGAGTCAA,1
Mux4-CAGATCTGAGATCGCA,1
Mux4-CAGATCTGAGCAGGAA,1
Mux4-CAGATCTGAGTCACTA,1
Mux4-CAGATCTGATCCTGTA,1
Mux4-CAGATCTGATTGAGGA,1
Mux4-CAGATCTGATGCCTAA,5
Mux4-CAGATCTGCAACCACA,1
Mux4-CAGATCTGGACTAGTA,1
Mux4-CAGATCTGCAATGGAA,1
Mux4-CAGATCTGCACTTCGA,1
Mux4-CAGATCTGCAGCGTTA,1
Mux4-CAGATCTGCATACCAA,3
Mux4-CAGATCTGCCAGTTCA,1
Mux4-CAGATCTGCCGAAGTA,1
Mux4-CAGATCTGCCGTGAGA,1
Mux4-CAGATCTGCCTCCTGA,1
Mux4-CAGATCTGAGTGGTCA,6
Mux4-CAGATCTGCGAACTTA,0
Mux4-CAGATCTGCGACTGGA,1
Mux4-CAGATCTGCGCATACA,0
Mux4-CAGATCTGCTCAATGA,1
Mux4-CAGATCTGCTGAGCCA,2
Mux4-CAGATCTGCTGGCATA,0
Mux4-CAGATCTGGAATCTGA,10
Mux4-CAGATCTGCAAGACTA,1
Mux4-CAGATCTGGAGCTGAA,1
Mux4-CAGATCTGGATAGACA,0
Mux4-CAGATCTGACCACTGT,5
Mux4-CAGATCTGGCCACATA,1
Mux4-CAGATCTGACATTGGC,5
Mux4-CAGATCTGCAGATCTG,6
Mux4-CAGATCTGCATCAAGT,6
Mux4-CAGATCTGCGCTGATC,5
Mux4-CATCAAGTAACGTGAT,4
Mux4-CATCAAGTACAAGCTA,0
Mux4-CATCAAGTCTGTAGCC,0
Mux4-CATCAAGTAGTACAAG,5
Mux4-CATCAAGTAACAACCA,8
Mux4-CATCAAGTAACCGAGA,1
Mux4-CATCAAGTAACGCTTA,1
Mux4-CATCAAGTAAGACGGA,1
Mux4-CATCAAGTAAGGTACA,3
Mux4-CATCAAGTACACAGAA,1
Mux4-CATCAAGTACAGCAGA,1
Mux4-CATCAAGTAAACATCG,2
Mux4-CATCAAGTACCTCCAA,1
Mux4-CATCAAGTACGCTCGA,1
Mux4-CATCAAGTACGTATCA,1
Mux4-CATCAAGTACTATGCA,1
Mux4-CATCAAGTAGAGTCAA,0
Mux4-CATCAAGTAGATCGCA,1
Mux4-CATCAAGTAGCAGGAA,1
Mux4-CATCAAGTAGTCACTA,1
Mux4-CATCAAGTATCCTGTA,1
Mux4-CATCAAGTATTGAGGA,1
Mux4-CATCAAGTATGCCTAA,5
Mux4-CATCAAGTCAACCACA,1
Mux4-CATCAAGTGACTAGTA,1
Mux4-CATCAAGTCAATGGAA,1
Mux4-CATCAAGTCACTTCGA,1
Mux4-CATCAAGTCAGCGTTA,1
Mux4-CATCAAGTCATACCAA,2
Mux4-CATCAAGTCCAGTTCA,1
Mux4-CATCAAGTCCGAAGTA,1
Mux4-CATCAAGTCCGTGAGA,1
Mux4-CATCAAGTCCTCCTGA,1
Mux4-CATCAAGTAGTGGTCA,6
Mux4-CATCAAGTCGAACTTA,10
Mux4-CATCAAGTCGACTGGA,10
Mux4-CATCAAGTCGCATACA,10
Mux4-CATCAAGTCTCAATGA,10
Mux4-CATCAAGTCTGAGCCA,0
Mux4-CATCAAGTCTGGCATA,0
Mux4-CATCAAGTGAATCTGA,10
Mux4-CATCAAGTCAAGACTA,10
Mux4-CATCAAGTGAGCTGAA,1
Mux4-CATCAAGTGATAGACA,0
Mux4-CATCAAGTACCACTGT,5
Mux4-CATCAAGTGCCACATA,1
Mux4-CATCAAGTACATTGGC,2
Mux4-CATCAAGTCAGATCTG,2
Mux4-CATCAAGTCATCAAGT,6
Mux4-CATCAAGTCGCTGATC,5
Mux4-CGCTGATCAACGTGAT,4
Mux4-CGCTGATCACAAGCTA,0
Mux4-CGCTGATCCTGTAGCC,3
Mux4-CGCTGATCAGTACAAG,3
Mux4-CGCTGATCAACAACCA,8
Mux4-CGCTGATCAACCGAGA,1
Mux4-CGCTGATCAACGCTTA,1
Mux4-CGCTGATCAAGACGGA,1
Mux4-CGCTGATCAAGGTACA,3
Mux4-CGCTGATCACACAGAA,10
Mux4-CGCTGATCACAGCAGA,1
Mux4-CGCTGATCAAACATCG,5
Mux4-CGCTGATCACCTCCAA,8
Mux4-CGCTGATCACGCTCGA,1
Mux4-CGCTGATCACGTATCA,1
Mux4-CGCTGATCACTATGCA,1
Mux4-CGCTGATCAGAGTCAA,1
Mux4-CGCTGATCAGATCGCA,1
Mux4-CGCTGATCAGCAGGAA,1
Mux4-CGCTGATCAGTCACTA,1
Mux4-CGCTGATCATCCTGTA,1
Mux4-CGCTGATCATTGAGGA,1
Mux4-CGCTGATCATGCCTAA,5
Mux4-CGCTGATCCAACCACA,1
Mux4-CGCTGATCGACTAGTA,1
Mux4-CGCTGATCCAATGGAA,1
Mux4-CGCTGATCCACTTCGA,1
Mux4-CGCTGATCCAGCGTTA,1
Mux4-CGCTGATCCATACCAA,2
Mux4-CGCTGATCCCAGTTCA,1
Mux4-CGCTGATCCCGAAGTA,1
Mux4-CGCTGATCCCGTGAGA,1
Mux4-CGCTGATCCCTCCTGA,1
Mux4-CGCTGATCAGTGGTCA,6
Mux4-CGCTGATCCGAACTTA,10
Mux4-CGCTGATCCGACTGGA,10
Mux4-CGCTGATCCGCATACA,1
Mux4-CGCTGATCCTCAATGA,10
Mux4-CGCTGATCCTGAGCCA,3
Mux4-CGCTGATCCTGGCATA,2
Mux4-CGCTGATCGAATCTGA,10
Mux4-CGCTGATCCAAGACTA,1
Mux4-CGCTGATCGAGCTGAA,1
Mux4-CGCTGATCGATAGACA,1
Mux4-CGCTGATCACCACTGT,0
Mux4-CGCTGATCGCCACATA,1
Mux4-CGCTGATCACATTGGC,5
Mux4-CGCTGATCCAGATCTG,5
Mux4-CGCTGATCCATCAAGT,6
Mux4-CGCTGATCCGCTGATC,5
spatial-atac-AACGTGATAAACATCG,6
spatial-atac-AACGTGATATGCCTAA,2
spatial-atac-AACGTGATAGTGGTCA,6
spatial-atac-AACGTGATACCACTGT,2
spatial-atac-AACGTGATACATTGGC,6
spatial-atac-AACGTGATCAGATCTG,6
spatial-atac-AACGTGATCATCAAGT,2
spatial-atac-AACGTGATCGCTGATC,6
spatial-atac-AACGTGATACAAGCTA,2
spatial-atac-AACGTGATCTGTAGCC,0
spatial-atac-AACGTGATAGTACAAG,5
spatial-atac-AACGTGATAACAACCA,0
spatial-atac-AACGTGATAACCGAGA,4
spatial-atac-AACGTGATAACGCTTA,4
spatial-atac-AACGTGATAAGACGGA,0
spatial-atac-AACGTGATAAGGTACA,3
spatial-atac-AACGTGATACACAGAA,2
spatial-atac-AACGTGATACAGCAGA,3
spatial-atac-AACGTGATACCTCCAA,2
spatial-atac-AACGTGATACGCTCGA,7
spatial-atac-AACGTGATACGTATCA,2
spatial-atac-AACGTGATACTATGCA,2
spatial-atac-AACGTGATAGAGTCAA,5
spatial-atac-AACGTGATAGATCGCA,6
spatial-atac-AACGTGATAGCAGGAA,3
spatial-atac-AACGTGATAGTCACTA,5
spatial-atac-AACGTGATATCCTGTA,5
spatial-atac-AACGTGATATTGAGGA,0
spatial-atac-AACGTGATCAACCACA,0
spatial-atac-AACGTGATGACTAGTA,0
spatial-atac-AACGTGATCAATGGAA,0
spatial-atac-AACGTGATCACTTCGA,1
spatial-atac-AACGTGATCAGCGTTA,3
spatial-atac-AACGTGATCATACCAA,0
spatial-atac-AACGTGATCCAGTTCA,8
spatial-atac-AACGTGATCCGAAGTA,1
spatial-atac-AACGTGATCCGTGAGA,3
spatial-atac-AACGTGATCCTCCTGA,2
spatial-atac-AACGTGATCGAACTTA,4
spatial-atac-AACGTGATCGACTGGA,1
spatial-atac-AACGTGATCGCATACA,0
spatial-atac-AACGTGATCTCAATGA,5
spatial-atac-AACGTGATCTGAGCCA,5
spatial-atac-AACGTGATCTGGCATA,1
spatial-atac-AACGTGATGAATCTGA,5
spatial-atac-AACGTGATCAAGACTA,4
spatial-atac-AACGTGATGAGCTGAA,0
spatial-atac-AACGTGATGATAGACA,1
spatial-atac-AACGTGATGCCACATA,4
spatial-atac-AAACATCGAACGTGAT,6
spatial-atac-AAACATCGAAACATCG,3
spatial-atac-AAACATCGATGCCTAA,2
spatial-atac-AAACATCGAGTGGTCA,2
spatial-atac-AAACATCGACCACTGT,6
spatial-atac-AAACATCGACATTGGC,2
spatial-atac-AAACATCGCAGATCTG,6
spatial-atac-AAACATCGCATCAAGT,4
spatial-atac-AAACATCGCGCTGATC,2
spatial-atac-AAACATCGACAAGCTA,2
spatial-atac-AAACATCGCTGTAGCC,5
spatial-atac-AAACATCGAGTACAAG,1
spatial-atac-AAACATCGAACAACCA,4
spatial-atac-AAACATCGAACCGAGA,4
spatial-atac-AAACATCGAACGCTTA,4
spatial-atac-AAACATCGAAGACGGA,4
spatial-atac-AAACATCGAAGGTACA,1
spatial-atac-AAACATCGACACAGAA,3
spatial-atac-AAACATCGACAGCAGA,0
spatial-atac-AAACATCGACCTCCAA,11
spatial-atac-AAACATCGACGCTCGA,4
spatial-atac-AAACATCGACGTATCA,0
spatial-atac-AAACATCGACTATGCA,0
spatial-atac-AAACATCGAGAGTCAA,3
spatial-atac-AAACATCGAGATCGCA,6
spatial-atac-AAACATCGAGCAGGAA,5
spatial-atac-AAACATCGAGTCACTA,3
spatial-atac-AAACATCGATCCTGTA,0
spatial-atac-AAACATCGATTGAGGA,5
spatial-atac-AAACATCGCAACCACA,0
spatial-atac-AAACATCGGACTAGTA,0
spatial-atac-AAACATCGCAATGGAA,1
spatial-atac-AAACATCGCACTTCGA,0
spatial-atac-AAACATCGCAGCGTTA,3
spatial-atac-AAACATCGCATACCAA,3
spatial-atac-AAACATCGCCAGTTCA,2
spatial-atac-AAACATCGCCGAAGTA,0
spatial-atac-AAACATCGCCGTGAGA,11
spatial-atac-AAACATCGCCTCCTGA,3
spatial-atac-AAACATCGCGAACTTA,3
spatial-atac-AAACATCGCGACTGGA,0
spatial-atac-AAACATCGCGCATACA,2
spatial-atac-AAACATCGCTCAATGA,0
spatial-atac-AAACATCGCTGAGCCA,2
spatial-atac-AAACATCGCTGGCATA,4
spatial-atac-AAACATCGGAATCTGA,4
spatial-atac-AAACATCGCAAGACTA,4
spatial-atac-AAACATCGGAGCTGAA,4
spatial-atac-AAACATCGGATAGACA,10
spatial-atac-AAACATCGGCCACATA,4
spatial-atac-ATGCCTAAAACGTGAT,0
spatial-atac-ATGCCTAAAAACATCG,3
spatial-atac-ATGCCTAAATGCCTAA,2
spatial-atac-ATGCCTAAAGTGGTCA,6
spatial-atac-ATGCCTAAACCACTGT,2
spatial-atac-ATGCCTAAACATTGGC,2
spatial-atac-ATGCCTAACAGATCTG,2
spatial-atac-ATGCCTAACATCAAGT,2
spatial-atac-ATGCCTAACGCTGATC,6
spatial-atac-ATGCCTAAACAAGCTA,0
spatial-atac-ATGCCTAACTGTAGCC,0
spatial-atac-ATGCCTAAAGTACAAG,4
spatial-atac-ATGCCTAAAACAACCA,4
spatial-atac-ATGCCTAAAACCGAGA,4
spatial-atac-ATGCCTAAAACGCTTA,4
spatial-atac-ATGCCTAAAAGACGGA,0
spatial-atac-ATGCCTAAAAGGTACA,0
spatial-atac-ATGCCTAAACACAGAA,1
spatial-atac-ATGCCTAAACAGCAGA,3
spatial-atac-ATGCCTAAACCTCCAA,11
spatial-atac-ATGCCTAAACGCTCGA,11
spatial-atac-ATGCCTAAACGTATCA,2
spatial-atac-ATGCCTAAACTATGCA,0
spatial-atac-ATGCCTAAAGAGTCAA,5
spatial-atac-ATGCCTAAAGATCGCA,6
spatial-atac-ATGCCTAAAGCAGGAA,3
spatial-atac-ATGCCTAAAGTCACTA,3
spatial-atac-ATGCCTAAATCCTGTA,2
spatial-atac-ATGCCTAAATTGAGGA,0
spatial-atac-ATGCCTAACAACCACA,0
spatial-atac-ATGCCTAAGACTAGTA,0
spatial-atac-ATGCCTAACAATGGAA,0
spatial-atac-ATGCCTAACACTTCGA,4
spatial-atac-ATGCCTAACAGCGTTA,3
spatial-atac-ATGCCTAACATACCAA,2
spatial-atac-ATGCCTAACCAGTTCA,2
spatial-atac-ATGCCTAACCGAAGTA,3
spatial-atac-ATGCCTAACCGTGAGA,0
spatial-atac-ATGCCTAACCTCCTGA,0
spatial-atac-ATGCCTAACGAACTTA,10
spatial-atac-ATGCCTAACGACTGGA,3
spatial-atac-ATGCCTAACGCATACA,0
spatial-atac-ATGCCTAACTCAATGA,4
spatial-atac-ATGCCTAACTGAGCCA,5
spatial-atac-ATGCCTAACTGGCATA,0
spatial-atac-ATGCCTAAGAATCTGA,4
spatial-atac-ATGCCTAACAAGACTA,1
spatial-atac-ATGCCTAAGAGCTGAA,4
spatial-atac-ATGCCTAAGATAGACA,1
spatial-atac-ATGCCTAAGCCACATA,4
spatial-atac-AGTGGTCAAACGTGAT,3
spatial-atac-AGTGGTCAAAACATCG,3
spatial-atac-AGTGGTCAATGCCTAA,3
spatial-atac-AGTGGTCAAGTGGTCA,6
spatial-atac-AGTGGTCAACCACTGT,2
spatial-atac-AGTGGTCAACATTGGC,6
spatial-atac-AGTGGTCACAGATCTG,2
spatial-atac-AGTGGTCACATCAAGT,11
spatial-atac-AGTGGTCACGCTGATC,2
spatial-atac-AGTGGTCAACAAGCTA,3
spatial-atac-AGTGGTCACTGTAGCC,3
spatial-atac-AGTGGTCAAGTACAAG,5
spatial-atac-AGTGGTCAAACAACCA,5
spatial-atac-AGTGGTCAAACCGAGA,3
spatial-atac-AGTGGTCAAACGCTTA,4
spatial-atac-AGTGGTCAAAGACGGA,4
spatial-atac-AGTGGTCAAAGGTACA,0
spatial-atac-AGTGGTCAACACAGAA,4
spatial-atac-AGTGGTCAACAGCAGA,0
spatial-atac-AGTGGTCAACCTCCAA,2
spatial-atac-AGTGGTCAACGCTCGA,11
spatial-atac-AGTGGTCAACGTATCA,11
spatial-atac-AGTGGTCAACTATGCA,5
spatial-atac-AGTGGTCAAGAGTCAA,5
spatial-atac-AGTGGTCAAGATCGCA,6
spatial-atac-AGTGGTCAAGCAGGAA,5
spatial-atac-AGTGGTCAAGTCACTA,0
spatial-atac-AGTGGTCAATCCTGTA,3
spatial-atac-AGTGGTCAATTGAGGA,0
spatial-atac-AGTGGTCACAACCACA,0
spatial-atac-AGTGGTCAGACTAGTA,0
spatial-atac-AGTGGTCACAATGGAA,11
spatial-atac-AGTGGTCACACTTCGA,8
spatial-atac-AGTGGTCACAGCGTTA,3
spatial-atac-AGTGGTCACATACCAA,8
spatial-atac-AGTGGTCACCAGTTCA,2
spatial-atac-AGTGGTCACCGAAGTA,2
spatial-atac-AGTGGTCACCGTGAGA,5
spatial-atac-AGTGGTCACCTCCTGA,3
spatial-atac-AGTGGTCACGAACTTA,2
spatial-atac-AGTGGTCACGACTGGA,5
spatial-atac-AGTGGTCACGCATACA,2
spatial-atac-AGTGGTCACTCAATGA,4
spatial-atac-AGTGGTCACTGAGCCA,4
spatial-atac-AGTGGTCACTGGCATA,1
spatial-atac-AGTGGTCAGAATCTGA,4
spatial-atac-AGTGGTCACAAGACTA,5
spatial-atac-AGTGGTCAGAGCTGAA,0
spatial-atac-AGTGGTCAGATAGACA,0
spatial-atac-AGTGGTCAGCCACATA,4
spatial-atac-ACCACTGTAACGTGAT,3
spatial-atac-ACCACTGTAAACATCG,2
spatial-atac-ACCACTGTATGCCTAA,6
spatial-atac-ACCACTGTAGTGGTCA,6
spatial-atac-ACCACTGTACCACTGT,6
spatial-atac-ACCACTGTACATTGGC,6
spatial-atac-ACCACTGTCAGATCTG,3
spatial-atac-ACCACTGTCATCAAGT,2
spatial-atac-ACCACTGTCGCTGATC,2
spatial-atac-ACCACTGTACAAGCTA,5
spatial-atac-ACCACTGTCTGTAGCC,5
spatial-atac-ACCACTGTAGTACAAG,11
spatial-atac-ACCACTGTAACAACCA,4
spatial-atac-ACCACTGTAACCGAGA,4
spatial-atac-ACCACTGTAACGCTTA,1
spatial-atac-ACCACTGTAAGACGGA,4
spatial-atac-ACCACTGTAAGGTACA,0
spatial-atac-ACCACTGTACACAGAA,5
spatial-atac-ACCACTGTACAGCAGA,5
spatial-atac-ACCACTGTACCTCCAA,3
spatial-atac-ACCACTGTACGCTCGA,1
spatial-atac-ACCACTGTACGTATCA,5
spatial-atac-ACCACTGTACTATGCA,2
spatial-atac-ACCACTGTAGAGTCAA,0
spatial-atac-ACCACTGTAGATCGCA,6
spatial-atac-ACCACTGTAGCAGGAA,3
spatial-atac-ACCACTGTAGTCACTA,0
spatial-atac-ACCACTGTATCCTGTA,0
spatial-atac-ACCACTGTATTGAGGA,3
spatial-atac-ACCACTGTCAACCACA,0
spatial-atac-ACCACTGTGACTAGTA,5
spatial-atac-ACCACTGTCAATGGAA,11
spatial-atac-ACCACTGTCACTTCGA,11
spatial-atac-ACCACTGTCAGCGTTA,3
spatial-atac-ACCACTGTCATACCAA,0
spatial-atac-ACCACTGTCCAGTTCA,3
spatial-atac-ACCACTGTCCGAAGTA,3
spatial-atac-ACCACTGTCCGTGAGA,9
spatial-atac-ACCACTGTCCTCCTGA,2
spatial-atac-ACCACTGTCGAACTTA,0
spatial-atac-ACCACTGTCGACTGGA,0
spatial-atac-ACCACTGTCGCATACA,2
spatial-atac-ACCACTGTCTCAATGA,0
spatial-atac-ACCACTGTCTGAGCCA,5
spatial-atac-ACCACTGTCTGGCATA,5
spatial-atac-ACCACTGTGAATCTGA,1
spatial-atac-ACCACTGTCAAGACTA,4
spatial-atac-ACCACTGTGAGCTGAA,4
spatial-atac-ACCACTGTGATAGACA,4
spatial-atac-ACCACTGTGCCACATA,4
spatial-atac-ACATTGGCAACGTGAT,2
spatial-atac-ACATTGGCAAACATCG,6
spatial-atac-ACATTGGCATGCCTAA,2
spatial-atac-ACATTGGCAGTGGTCA,6
spatial-atac-ACATTGGCACCACTGT,2
spatial-atac-ACATTGGCACATTGGC,2
spatial-atac-ACATTGGCCAGATCTG,2
spatial-atac-ACATTGGCCATCAAGT,3
spatial-atac-ACATTGGCCGCTGATC,3
spatial-atac-ACATTGGCACAAGCTA,3
spatial-atac-ACATTGGCCTGTAGCC,2
spatial-atac-ACATTGGCAGTACAAG,4
spatial-atac-ACATTGGCAACAACCA,4
spatial-atac-ACATTGGCAACCGAGA,4
spatial-atac-ACATTGGCAACGCTTA,4
spatial-atac-ACATTGGCAAGACGGA,11
spatial-atac-ACATTGGCAAGGTACA,0
spatial-atac-ACATTGGCACACAGAA,5
spatial-atac-ACATTGGCACAGCAGA,0
spatial-atac-ACATTGGCACCTCCAA,3
spatial-atac-ACATTGGCACGCTCGA,8
spatial-atac-ACATTGGCACGTATCA,5
spatial-atac-ACATTGGCACTATGCA,3
spatial-atac-ACATTGGCAGAGTCAA,9
spatial-atac-ACATTGGCAGATCGCA,6
spatial-atac-ACATTGGCAGCAGGAA,0
spatial-atac-ACATTGGCAGTCACTA,0
spatial-atac-ACATTGGCATCCTGTA,3
spatial-atac-ACATTGGCATTGAGGA,0
spatial-atac-ACATTGGCCAACCACA,11
spatial-atac-ACATTGGCGACTAGTA,3
spatial-atac-ACATTGGCCAATGGAA,3
spatial-atac-ACATTGGCCACTTCGA,0
spatial-atac-ACATTGGCCAGCGTTA,2
spatial-atac-ACATTGGCCATACCAA,1
spatial-atac-ACATTGGCCCAGTTCA,11
spatial-atac-ACATTGGCCCGAAGTA,0
spatial-atac-ACATTGGCCCGTGAGA,0
spatial-atac-ACATTGGCCCTCCTGA,3
spatial-atac-ACATTGGCCGAACTTA,11
spatial-atac-ACATTGGCCGACTGGA,0
spatial-atac-ACATTGGCCGCATACA,2
spatial-atac-ACATTGGCCTCAATGA,3
spatial-atac-ACATTGGCCTGAGCCA,3
spatial-atac-ACATTGGCCTGGCATA,4
spatial-atac-ACATTGGCGAATCTGA,4
spatial-atac-ACATTGGCCAAGACTA,4
spatial-atac-ACATTGGCGAGCTGAA,5
spatial-atac-ACATTGGCGATAGACA,0
spatial-atac-ACATTGGCGCCACATA,0
spatial-atac-CAGATCTGAACGTGAT,6
spatial-atac-CAGATCTGAAACATCG,3
spatial-atac-CAGATCTGATGCCTAA,7
spatial-atac-CAGATCTGAGTGGTCA,2
spatial-atac-CAGATCTGACCACTGT,2
spatial-atac-CAGATCTGACATTGGC,2
spatial-atac-CAGATCTGCAGATCTG,2
spatial-atac-CAGATCTGCATCAAGT,0
spatial-atac-CAGATCTGCGCTGATC,3
spatial-atac-CAGATCTGACAAGCTA,5
spatial-atac-CAGATCTGCTGTAGCC,2
spatial-atac-CAGATCTGAGTACAAG,4
spatial-atac-CAGATCTGAACAACCA,4
spatial-atac-CAGATCTGAACCGAGA,4
spatial-atac-CAGATCTGAACGCTTA,5
spatial-atac-CAGATCTGAAGACGGA,5
spatial-atac-CAGATCTGAAGGTACA,3
spatial-atac-CAGATCTGACACAGAA,0
spatial-atac-CAGATCTGACAGCAGA,2
spatial-atac-CAGATCTGACCTCCAA,4
spatial-atac-CAGATCTGACGCTCGA,10
spatial-atac-CAGATCTGACGTATCA,0
spatial-atac-CAGATCTGACTATGCA,0
spatial-atac-CAGATCTGAGAGTCAA,0
spatial-atac-CAGATCTGAGATCGCA,6
spatial-atac-CAGATCTGAGCAGGAA,0
spatial-atac-CAGATCTGAGTCACTA,9
spatial-atac-CAGATCTGATCCTGTA,3
spatial-atac-CAGATCTGATTGAGGA,1
spatial-atac-CAGATCTGCAACCACA,3
spatial-atac-CAGATCTGGACTAGTA,11
spatial-atac-CAGATCTGCAATGGAA,5
spatial-atac-CAGATCTGCACTTCGA,1
spatial-atac-CAGATCTGCAGCGTTA,0
spatial-atac-CAGATCTGCATACCAA,1
spatial-atac-CAGATCTGCCAGTTCA,0
spatial-atac-CAGATCTGCCGAAGTA,3
spatial-atac-CAGATCTGCCGTGAGA,2
spatial-atac-CAGATCTGCCTCCTGA,3
spatial-atac-CAGATCTGCGAACTTA,5
spatial-atac-CAGATCTGCGACTGGA,0
spatial-atac-CAGATCTGCGCATACA,2
spatial-atac-CAGATCTGCTCAATGA,5
spatial-atac-CAGATCTGCTGAGCCA,3
spatial-atac-CAGATCTGCTGGCATA,2
spatial-atac-CAGATCTGGAATCTGA,1
spatial-atac-CAGATCTGCAAGACTA,4
spatial-atac-CAGATCTGGAGCTGAA,4
spatial-atac-CAGATCTGGATAGACA,4
spatial-atac-CAGATCTGGCCACATA,4
spatial-atac-CATCAAGTAACGTGAT,6
spatial-atac-CATCAAGTAAACATCG,3
spatial-atac-CATCAAGTATGCCTAA,3
spatial-atac-CATCAAGTAGTGGTCA,2
spatial-atac-CATCAAGTACCACTGT,2
spatial-atac-CATCAAGTACATTGGC,2
spatial-atac-CATCAAGTCAGATCTG,5
spatial-atac-CATCAAGTCATCAAGT,5
spatial-atac-CATCAAGTCGCTGATC,3
spatial-atac-CATCAAGTACAAGCTA,0
spatial-atac-CATCAAGTCTGTAGCC,4
spatial-atac-CATCAAGTAGTACAAG,4
spatial-atac-CATCAAGTAACAACCA,4
spatial-atac-CATCAAGTAACCGAGA,4
spatial-atac-CATCAAGTAACGCTTA,1
spatial-atac-CATCAAGTAAGACGGA,0
spatial-atac-CATCAAGTAAGGTACA,4
spatial-atac-CATCAAGTACACAGAA,3
spatial-atac-CATCAAGTACAGCAGA,5
spatial-atac-CATCAAGTACCTCCAA,11
spatial-atac-CATCAAGTACGCTCGA,1
spatial-atac-CATCAAGTACGTATCA,3
spatial-atac-CATCAAGTACTATGCA,1
spatial-atac-CATCAAGTAGAGTCAA,1
spatial-atac-CATCAAGTAGATCGCA,6
spatial-atac-CATCAAGTAGCAGGAA,1
spatial-atac-CATCAAGTAGTCACTA,8
spatial-atac-CATCAAGTATCCTGTA,1
spatial-atac-CATCAAGTATTGAGGA,0
spatial-atac-CATCAAGTCAACCACA,0
spatial-atac-CATCAAGTGACTAGTA,0
spatial-atac-CATCAAGTCAATGGAA,0
spatial-atac-CATCAAGTCACTTCGA,1
spatial-atac-CATCAAGTCAGCGTTA,3
spatial-atac-CATCAAGTCATACCAA,8
spatial-atac-CATCAAGTCCAGTTCA,11
spatial-atac-CATCAAGTCCGAAGTA,2
spatial-atac-CATCAAGTCCGTGAGA,0
spatial-atac-CATCAAGTCCTCCTGA,11
spatial-atac-CATCAAGTCGAACTTA,3
spatial-atac-CATCAAGTCGACTGGA,3
spatial-atac-CATCAAGTCGCATACA,2
spatial-atac-CATCAAGTCTCAATGA,2
spatial-atac-CATCAAGTCTGAGCCA,0
spatial-atac-CATCAAGTCTGGCATA,5
spatial-atac-CATCAAGTGAATCTGA,0
spatial-atac-CATCAAGTCAAGACTA,1
spatial-atac-CATCAAGTGAGCTGAA,1
spatial-atac-CATCAAGTGATAGACA,1
spatial-atac-CATCAAGTGCCACATA,5
spatial-atac-CGCTGATCAACGTGAT,6
spatial-atac-CGCTGATCAAACATCG,3
spatial-atac-CGCTGATCATGCCTAA,2
spatial-atac-CGCTGATCAGTGGTCA,6
spatial-atac-CGCTGATCACCACTGT,2
spatial-atac-CGCTGATCACATTGGC,2
spatial-atac-CGCTGATCCAGATCTG,3
spatial-atac-CGCTGATCCATCAAGT,2
spatial-atac-CGCTGATCCGCTGATC,2
spatial-atac-CGCTGATCACAAGCTA,2
spatial-atac-CGCTGATCCTGTAGCC,4
spatial-atac-CGCTGATCAGTACAAG,4
spatial-atac-CGCTGATCAACAACCA,4
spatial-atac-CGCTGATCAACCGAGA,4
spatial-atac-CGCTGATCAACGCTTA,3
spatial-atac-CGCTGATCAAGACGGA,3
spatial-atac-CGCTGATCAAGGTACA,0
spatial-atac-CGCTGATCACACAGAA,5
spatial-atac-CGCTGATCACAGCAGA,2
spatial-atac-CGCTGATCACCTCCAA,5
spatial-atac-CGCTGATCACGCTCGA,3
spatial-atac-CGCTGATCACGTATCA,0
spatial-atac-CGCTGATCACTATGCA,3
spatial-atac-CGCTGATCAGAGTCAA,0
spatial-atac-CGCTGATCAGATCGCA,6
spatial-atac-CGCTGATCAGCAGGAA,3
spatial-atac-CGCTGATCAGTCACTA,0
spatial-atac-CGCTGATCATCCTGTA,0
spatial-atac-CGCTGATCATTGAGGA,0
spatial-atac-CGCTGATCCAACCACA,0
spatial-atac-CGCTGATCGACTAGTA,0
spatial-atac-CGCTGATCCAATGGAA,3
spatial-atac-CGCTGATCCACTTCGA,0
spatial-atac-CGCTGATCCAGCGTTA,2
spatial-atac-CGCTGATCCATACCAA,3
spatial-atac-CGCTGATCCCAGTTCA,3
spatial-atac-CGCTGATCCCGAAGTA,3
spatial-atac-CGCTGATCCCGTGAGA,3
spatial-atac-CGCTGATCCCTCCTGA,3
spatial-atac-CGCTGATCCGAACTTA,3
spatial-atac-CGCTGATCCGACTGGA,11
spatial-atac-CGCTGATCCGCATACA,2
spatial-atac-CGCTGATCCTCAATGA,0
spatial-atac-CGCTGATCCTGAGCCA,3
spatial-atac-CGCTGATCCTGGCATA,3
spatial-atac-CGCTGATCGAATCTGA,1
spatial-atac-CGCTGATCCAAGACTA,0
spatial-atac-CGCTGATCGAGCTGAA,0
spatial-atac-CGCTGATCGATAGACA,4
spatial-atac-CGCTGATCGCCACATA,4
spatial-atac-ACAAGCTAAACGTGAT,2
spatial-atac-ACAAGCTAAAACATCG,3
spatial-atac-ACAAGCTAATGCCTAA,0
spatial-atac-ACAAGCTAAGTGGTCA,2
spatial-atac-ACAAGCTAACCACTGT,2
spatial-atac-ACAAGCTAACATTGGC,2
spatial-atac-ACAAGCTACAGATCTG,3
spatial-atac-ACAAGCTACATCAAGT,11
spatial-atac-ACAAGCTACGCTGATC,2
spatial-atac-ACAAGCTAACAAGCTA,4
spatial-atac-ACAAGCTACTGTAGCC,4
spatial-atac-ACAAGCTAAGTACAAG,4
spatial-atac-ACAAGCTAAACAACCA,4
spatial-atac-ACAAGCTAAACCGAGA,0
spatial-atac-ACAAGCTAAACGCTTA,4
spatial-atac-ACAAGCTAAAGACGGA,9
spatial-atac-ACAAGCTAAAGGTACA,0
spatial-atac-ACAAGCTAACACAGAA,0
spatial-atac-ACAAGCTAACAGCAGA,0
spatial-atac-ACAAGCTAACCTCCAA,11
spatial-atac-ACAAGCTAACGCTCGA,0
spatial-atac-ACAAGCTAACGTATCA,1
spatial-atac-ACAAGCTAACTATGCA,8
spatial-atac-ACAAGCTAAGAGTCAA,1
spatial-atac-ACAAGCTAAGATCGCA,6
spatial-atac-ACAAGCTAAGCAGGAA,0
spatial-atac-ACAAGCTAAGTCACTA,1
spatial-atac-ACAAGCTAATCCTGTA,10
spatial-atac-ACAAGCTAATTGAGGA,11
spatial-atac-ACAAGCTACAACCACA,9
spatial-atac-ACAAGCTAGACTAGTA,3
spatial-atac-ACAAGCTACAATGGAA,0
spatial-atac-ACAAGCTACACTTCGA,1
spatial-atac-ACAAGCTACAGCGTTA,0
spatial-atac-ACAAGCTACATACCAA,0
spatial-atac-ACAAGCTACCAGTTCA,0
spatial-atac-ACAAGCTACCGAAGTA,3
spatial-atac-ACAAGCTACCGTGAGA,3
spatial-atac-ACAAGCTACCTCCTGA,11
spatial-atac-ACAAGCTACGAACTTA,1
spatial-atac-ACAAGCTACGACTGGA,0
spatial-atac-ACAAGCTACGCATACA,2
spatial-atac-ACAAGCTACTCAATGA,11
spatial-atac-ACAAGCTACTGAGCCA,3
spatial-atac-ACAAGCTACTGGCATA,0
spatial-atac-ACAAGCTAGAATCTGA,0
spatial-atac-ACAAGCTACAAGACTA,5
spatial-atac-ACAAGCTAGAGCTGAA,0
spatial-atac-ACAAGCTAGATAGACA,4
spatial-atac-ACAAGCTAGCCACATA,4
spatial-atac-CTGTAGCCAACGTGAT,3
spatial-atac-CTGTAGCCAAACATCG,0
spatial-atac-CTGTAGCCATGCCTAA,3
spatial-atac-CTGTAGCCAGTGGTCA,6
spatial-atac-CTGTAGCCACCACTGT,2
spatial-atac-CTGTAGCCACATTGGC,3
spatial-atac-CTGTAGCCCAGATCTG,5
spatial-atac-CTGTAGCCCATCAAGT,5
spatial-atac-CTGTAGCCCGCTGATC,2
spatial-atac-CTGTAGCCACAAGCTA,0
spatial-atac-CTGTAGCCCTGTAGCC,4
spatial-atac-CTGTAGCCAGTACAAG,4
spatial-atac-CTGTAGCCAACAACCA,4
spatial-atac-CTGTAGCCAACCGAGA,4
spatial-atac-CTGTAGCCAACGCTTA,1
spatial-atac-CTGTAGCCAAGACGGA,0
spatial-atac-CTGTAGCCAAGGTACA,3
spatial-atac-CTGTAGCCACACAGAA,5
spatial-atac-CTGTAGCCACAGCAGA,0
spatial-atac-CTGTAGCCACCTCCAA,2
spatial-atac-CTGTAGCCACGCTCGA,0
spatial-atac-CTGTAGCCACGTATCA,3
spatial-atac-CTGTAGCCACTATGCA,1
spatial-atac-CTGTAGCCAGAGTCAA,5
spatial-atac-CTGTAGCCAGATCGCA,6
spatial-atac-CTGTAGCCAGCAGGAA,0
spatial-atac-CTGTAGCCAGTCACTA,1
spatial-atac-CTGTAGCCATCCTGTA,1
spatial-atac-CTGTAGCCATTGAGGA,1
spatial-atac-CTGTAGCCCAACCACA,8
spatial-atac-CTGTAGCCGACTAGTA,11
spatial-atac-CTGTAGCCCAATGGAA,11
spatial-atac-CTGTAGCCCACTTCGA,1
spatial-atac-CTGTAGCCCAGCGTTA,3
spatial-atac-CTGTAGCCCATACCAA,1
spatial-atac-CTGTAGCCCCAGTTCA,0
spatial-atac-CTGTAGCCCCGAAGTA,0
spatial-atac-CTGTAGCCCCGTGAGA,3
spatial-atac-CTGTAGCCCCTCCTGA,3
spatial-atac-CTGTAGCCCGAACTTA,1
spatial-atac-CTGTAGCCCGACTGGA,0
spatial-atac-CTGTAGCCCGCATACA,6
spatial-atac-CTGTAGCCCTCAATGA,2
spatial-atac-CTGTAGCCCTGAGCCA,11
spatial-atac-CTGTAGCCCTGGCATA,11
spatial-atac-CTGTAGCCGAATCTGA,4
spatial-atac-CTGTAGCCCAAGACTA,5
spatial-atac-CTGTAGCCGAGCTGAA,1
spatial-atac-CTGTAGCCGATAGACA,1
spatial-atac-CTGTAGCCGCCACATA,4
spatial-atac-AGTACAAGAACGTGAT,0
spatial-atac-AGTACAAGAAACATCG,0
spatial-atac-AGTACAAGATGCCTAA,2
spatial-atac-AGTACAAGAGTGGTCA,2
spatial-atac-AGTACAAGACCACTGT,2
spatial-atac-AGTACAAGACATTGGC,2
spatial-atac-AGTACAAGCAGATCTG,0
spatial-atac-AGTACAAGCATCAAGT,0
spatial-atac-AGTACAAGCGCTGATC,4
spatial-atac-AGTACAAGACAAGCTA,3
spatial-atac-AGTACAAGCTGTAGCC,0
spatial-atac-AGTACAAGAGTACAAG,9
spatial-atac-AGTACAAGAACAACCA,0
spatial-atac-AGTACAAGAACCGAGA,5
spatial-atac-AGTACAAGAACGCTTA,0
spatial-atac-AGTACAAGAAGACGGA,0
spatial-atac-AGTACAAGAAGGTACA,5
spatial-atac-AGTACAAGACACAGAA,3
spatial-atac-AGTACAAGACAGCAGA,3
spatial-atac-AGTACAAGACCTCCAA,3
spatial-atac-AGTACAAGACGCTCGA,1
spatial-atac-AGTACAAGACGTATCA,0
spatial-atac-AGTACAAGACTATGCA,0
spatial-atac-AGTACAAGAGAGTCAA,1
spatial-atac-AGTACAAGAGATCGCA,6
spatial-atac-AGTACAAGAGCAGGAA,0
spatial-atac-AGTACAAGAGTCACTA,1
spatial-atac-AGTACAAGATCCTGTA,0
spatial-atac-AGTACAAGATTGAGGA,1
spatial-atac-AGTACAAGCAACCACA,0
spatial-atac-AGTACAAGGACTAGTA,3
spatial-atac-AGTACAAGCAATGGAA,0
spatial-atac-AGTACAAGCACTTCGA,4
spatial-atac-AGTACAAGCAGCGTTA,3
spatial-atac-AGTACAAGCATACCAA,1
spatial-atac-AGTACAAGCCAGTTCA,0
spatial-atac-AGTACAAGCCGAAGTA,0
spatial-atac-AGTACAAGCCGTGAGA,3
spatial-atac-AGTACAAGCCTCCTGA,0
spatial-atac-AGTACAAGCGAACTTA,0
spatial-atac-AGTACAAGCGACTGGA,1
spatial-atac-AGTACAAGCGCATACA,2
spatial-atac-AGTACAAGCTCAATGA,0
spatial-atac-AGTACAAGCTGAGCCA,3
spatial-atac-AGTACAAGCTGGCATA,0
spatial-atac-AGTACAAGGAATCTGA,8
spatial-atac-AGTACAAGCAAGACTA,5
spatial-atac-AGTACAAGGAGCTGAA,5
spatial-atac-AGTACAAGGATAGACA,1
spatial-atac-AGTACAAGGCCACATA,2
spatial-atac-AACAACCAAACGTGAT,0
spatial-atac-AACAACCAAAACATCG,4
spatial-atac-AACAACCAATGCCTAA,5
spatial-atac-AACAACCAAGTGGTCA,6
spatial-atac-AACAACCAACCACTGT,3
spatial-atac-AACAACCAACATTGGC,4
spatial-atac-AACAACCACAGATCTG,0
spatial-atac-AACAACCACATCAAGT,4
spatial-atac-AACAACCACGCTGATC,4
spatial-atac-AACAACCAACAAGCTA,5
spatial-atac-AACAACCACTGTAGCC,5
spatial-atac-AACAACCAAGTACAAG,5
spatial-atac-AACAACCAAACAACCA,11
spatial-atac-AACAACCAAACCGAGA,0
spatial-atac-AACAACCAAACGCTTA,5
spatial-atac-AACAACCAAAGACGGA,5
spatial-atac-AACAACCAAAGGTACA,3
spatial-atac-AACAACCAACACAGAA,5
spatial-atac-AACAACCAACAGCAGA,5
spatial-atac-AACAACCAACCTCCAA,10
spatial-atac-AACAACCAACGCTCGA,3
spatial-atac-AACAACCAACGTATCA,10
spatial-atac-AACAACCAACTATGCA,8
spatial-atac-AACAACCAAGAGTCAA,1
spatial-atac-AACAACCAAGATCGCA,6
spatial-atac-AACAACCAAGCAGGAA,0
spatial-atac-AACAACCAAGTCACTA,1
spatial-atac-AACAACCAATCCTGTA,1
spatial-atac-AACAACCAATTGAGGA,1
spatial-atac-AACAACCACAACCACA,0
spatial-atac-AACAACCAGACTAGTA,3
spatial-atac-AACAACCACAATGGAA,3
spatial-atac-AACAACCACACTTCGA,3
spatial-atac-AACAACCACAGCGTTA,3
spatial-atac-AACAACCACATACCAA,10
spatial-atac-AACAACCACCAGTTCA,0
spatial-atac-AACAACCACCGAAGTA,3
spatial-atac-AACAACCACCGTGAGA,3
spatial-atac-AACAACCACCTCCTGA,2
spatial-atac-AACAACCACGAACTTA,1
spatial-atac-AACAACCACGACTGGA,1
spatial-atac-AACAACCACGCATACA,3
spatial-atac-AACAACCACTCAATGA,2
spatial-atac-AACAACCACTGAGCCA,0
spatial-atac-AACAACCACTGGCATA,4
spatial-atac-AACAACCAGAATCTGA,5
spatial-atac-AACAACCACAAGACTA,5
spatial-atac-AACAACCAGAGCTGAA,5
spatial-atac-AACAACCAGATAGACA,1
spatial-atac-AACAACCAGCCACATA,0
spatial-atac-AACCGAGAAACGTGAT,4
spatial-atac-AACCGAGAAAACATCG,4
spatial-atac-AACCGAGAATGCCTAA,0
spatial-atac-AACCGAGAAGTGGTCA,2
spatial-atac-AACCGAGAACCACTGT,2
spatial-atac-AACCGAGAACATTGGC,5
spatial-atac-AACCGAGACAGATCTG,0
spatial-atac-AACCGAGACATCAAGT,4
spatial-atac-AACCGAGACGCTGATC,4
spatial-atac-AACCGAGAACAAGCTA,0
spatial-atac-AACCGAGACTGTAGCC,1
spatial-atac-AACCGAGAAGTACAAG,4
spatial-atac-AACCGAGAAACAACCA,0
spatial-atac-AACCGAGAAACCGAGA,5
spatial-atac-AACCGAGAAACGCTTA,1
spatial-atac-AACCGAGAAAGACGGA,11
spatial-atac-AACCGAGAAAGGTACA,0
spatial-atac-AACCGAGAACACAGAA,5
spatial-atac-AACCGAGAACAGCAGA,5
spatial-atac-AACCGAGAACCTCCAA,9
spatial-atac-AACCGAGAACGCTCGA,1
spatial-atac-AACCGAGAACGTATCA,8
spatial-atac-AACCGAGAACTATGCA,9
spatial-atac-AACCGAGAAGAGTCAA,1
spatial-atac-AACCGAGAAGATCGCA,6
spatial-atac-AACCGAGAAGCAGGAA,0
spatial-atac-AACCGAGACAACCACA,1
spatial-atac-AACCGAGAGACTAGTA,0
spatial-atac-AACCGAGACAATGGAA,0
spatial-atac-AACCGAGACACTTCGA,1
spatial-atac-AACCGAGACAGCGTTA,2
spatial-atac-AACCGAGACATACCAA,0
spatial-atac-AACCGAGACCAGTTCA,0
spatial-atac-AACCGAGACCGAAGTA,0
spatial-atac-AACCGAGACCGTGAGA,0
spatial-atac-AACCGAGACCTCCTGA,0
spatial-atac-AACCGAGACGAACTTA,0
spatial-atac-AACCGAGACGACTGGA,1
spatial-atac-AACCGAGACGCATACA,2
spatial-atac-AACCGAGACTCAATGA,3
spatial-atac-AACCGAGACTGAGCCA,1
spatial-atac-AACCGAGACTGGCATA,0
spatial-atac-AACCGAGAGAATCTGA,0
spatial-atac-AACCGAGACAAGACTA,4
spatial-atac-AACCGAGAGAGCTGAA,0
spatial-atac-AACCGAGAGATAGACA,2
spatial-atac-AACCGAGAGCCACATA,4
spatial-atac-AACGCTTAAACGTGAT,4
spatial-atac-AACGCTTAAAACATCG,0
spatial-atac-AACGCTTAATGCCTAA,9
spatial-atac-AACGCTTAAGTGGTCA,2
spatial-atac-AACGCTTAACCACTGT,2
spatial-atac-AACGCTTAACATTGGC,2
spatial-atac-AACGCTTACAGATCTG,5
spatial-atac-AACGCTTACATCAAGT,0
spatial-atac-AACGCTTACGCTGATC,2
spatial-atac-AACGCTTAACAAGCTA,4
spatial-atac-AACGCTTACTGTAGCC,4
spatial-atac-AACGCTTAAGTACAAG,4
spatial-atac-AACGCTTAAACAACCA,0
spatial-atac-AACGCTTAAACCGAGA,4
spatial-atac-AACGCTTAAACGCTTA,4
spatial-atac-AACGCTTAAAGACGGA,0
spatial-atac-AACGCTTAAAGGTACA,5
spatial-atac-AACGCTTAACACAGAA,5
spatial-atac-AACGCTTAACAGCAGA,3
spatial-atac-AACGCTTAACCTCCAA,8
spatial-atac-AACGCTTAACGCTCGA,1
spatial-atac-AACGCTTAACGTATCA,1
spatial-atac-AACGCTTAACTATGCA,0
spatial-atac-AACGCTTAAGAGTCAA,1
spatial-atac-AACGCTTAAGATCGCA,6
spatial-atac-AACGCTTACAACCACA,7
spatial-atac-AACGCTTAGACTAGTA,7
spatial-atac-AACGCTTACAATGGAA,0
spatial-atac-AACGCTTACACTTCGA,1
spatial-atac-AACGCTTACAGCGTTA,3
spatial-atac-AACGCTTACATACCAA,1
spatial-atac-AACGCTTACCAGTTCA,0
spatial-atac-AACGCTTACCGAAGTA,9
spatial-atac-AACGCTTACCGTGAGA,1
spatial-atac-AACGCTTACCTCCTGA,1
spatial-atac-AACGCTTACGAACTTA,0
spatial-atac-AACGCTTACGACTGGA,4
spatial-atac-AACGCTTACGCATACA,3
spatial-atac-AACGCTTACTCAATGA,0
spatial-atac-AACGCTTACTGAGCCA,0
spatial-atac-AACGCTTACTGGCATA,0
spatial-atac-AACGCTTAGAATCTGA,1
spatial-atac-AACGCTTACAAGACTA,0
spatial-atac-AACGCTTAGAGCTGAA,10
spatial-atac-AACGCTTAGATAGACA,1
spatial-atac-AACGCTTAGCCACATA,0
spatial-atac-AAGACGGAAACGTGAT,4
spatial-atac-AAGACGGAAAACATCG,4
spatial-atac-AAGACGGAATGCCTAA,4
spatial-atac-AAGACGGAAGTGGTCA,3
spatial-atac-AAGACGGAACCACTGT,0
spatial-atac-AAGACGGAACATTGGC,2
spatial-atac-AAGACGGACAGATCTG,0
spatial-atac-AAGACGGACATCAAGT,4
spatial-atac-AAGACGGACGCTGATC,4
spatial-atac-AAGACGGAACAAGCTA,4
spatial-atac-AAGACGGACTGTAGCC,9
spatial-atac-AAGACGGAAGTACAAG,5
spatial-atac-AAGACGGAAACAACCA,3
spatial-atac-AAGACGGAAACCGAGA,3
spatial-atac-AAGACGGAAACGCTTA,1
spatial-atac-AAGACGGAAAGACGGA,0
spatial-atac-AAGACGGAAAGGTACA,5
spatial-atac-AAGACGGAACACAGAA,0
spatial-atac-AAGACGGAACAGCAGA,1
spatial-atac-AAGACGGAACCTCCAA,1
spatial-atac-AAGACGGAACGCTCGA,1
spatial-atac-AAGACGGAACGTATCA,2
spatial-atac-AAGACGGAACTATGCA,0
spatial-atac-AAGACGGAAGAGTCAA,8
spatial-atac-AAGACGGAAGATCGCA,6
spatial-atac-AAGACGGAGACTAGTA,0
spatial-atac-AAGACGGACAATGGAA,1
spatial-atac-AAGACGGACACTTCGA,0
spatial-atac-AAGACGGACAGCGTTA,0
spatial-atac-AAGACGGACATACCAA,3
spatial-atac-AAGACGGACCAGTTCA,0
spatial-atac-AAGACGGACCGAAGTA,2
spatial-atac-AAGACGGACCGTGAGA,8
spatial-atac-AAGACGGACCTCCTGA,1
spatial-atac-AAGACGGACGAACTTA,3
spatial-atac-AAGACGGACGACTGGA,5
spatial-atac-AAGACGGACGCATACA,3
spatial-atac-AAGACGGACTCAATGA,1
spatial-atac-AAGACGGACTGAGCCA,0
spatial-atac-AAGACGGACTGGCATA,4
spatial-atac-AAGACGGAGAATCTGA,1
spatial-atac-AAGACGGACAAGACTA,0
spatial-atac-AAGACGGAGAGCTGAA,0
spatial-atac-AAGACGGAGATAGACA,0
spatial-atac-AAGACGGAGCCACATA,4
spatial-atac-AAGGTACAAACGTGAT,4
spatial-atac-AAGGTACAAAACATCG,4
spatial-atac-AAGGTACAATGCCTAA,4
spatial-atac-AAGGTACAAGTGGTCA,2
spatial-atac-AAGGTACAACCACTGT,2
spatial-atac-AAGGTACAACATTGGC,2
spatial-atac-AAGGTACACAGATCTG,5
spatial-atac-AAGGTACACATCAAGT,0
spatial-atac-AAGGTACACGCTGATC,5
spatial-atac-AAGGTACAACAAGCTA,3
spatial-atac-AAGGTACACTGTAGCC,3
spatial-atac-AAGGTACAAGTACAAG,4
spatial-atac-AAGGTACAAACAACCA,0
spatial-atac-AAGGTACAAACCGAGA,3
spatial-atac-AAGGTACAAACGCTTA,0
spatial-atac-AAGGTACAAAGACGGA,0
spatial-atac-AAGGTACAAAGGTACA,9
spatial-atac-AAGGTACAACACAGAA,9
spatial-atac-AAGGTACAACAGCAGA,3
spatial-atac-AAGGTACAACCTCCAA,8
spatial-atac-AAGGTACAACGCTCGA,1
spatial-atac-AAGGTACAACGTATCA,0
spatial-atac-AAGGTACAACTATGCA,1
spatial-atac-AAGGTACAAGAGTCAA,1
spatial-atac-AAGGTACACAATGGAA,0
spatial-atac-AAGGTACACACTTCGA,0
spatial-atac-AAGGTACACAGCGTTA,2
spatial-atac-AAGGTACACATACCAA,1
spatial-atac-AAGGTACACCAGTTCA,1
spatial-atac-AAGGTACACCGAAGTA,0
spatial-atac-AAGGTACACCGTGAGA,1
spatial-atac-AAGGTACACCTCCTGA,8
spatial-atac-AAGGTACACGAACTTA,0
spatial-atac-AAGGTACACGACTGGA,0
spatial-atac-AAGGTACACGCATACA,3
spatial-atac-AAGGTACACTCAATGA,1
spatial-atac-AAGGTACACTGAGCCA,1
spatial-atac-AAGGTACACTGGCATA,0
spatial-atac-AAGGTACAGAATCTGA,1
spatial-atac-AAGGTACACAAGACTA,1
spatial-atac-AAGGTACAGAGCTGAA,0
spatial-atac-AAGGTACAGATAGACA,1
spatial-atac-AAGGTACAGCCACATA,4
spatial-atac-ACACAGAAAACGTGAT,4
spatial-atac-ACACAGAAAAACATCG,5
spatial-atac-ACACAGAAATGCCTAA,4
spatial-atac-ACACAGAAAGTGGTCA,0
spatial-atac-ACACAGAAACCACTGT,4
spatial-atac-ACACAGAAACATTGGC,0
spatial-atac-ACACAGAACAGATCTG,4
spatial-atac-ACACAGAACATCAAGT,0
spatial-atac-ACACAGAACGCTGATC,2
spatial-atac-ACACAGAAACAAGCTA,0
spatial-atac-ACACAGAACTGTAGCC,0
spatial-atac-ACACAGAAAGTACAAG,1
spatial-atac-ACACAGAAAACAACCA,0
spatial-atac-ACACAGAAAACCGAGA,5
spatial-atac-ACACAGAAAACGCTTA,4
spatial-atac-ACACAGAAAAGACGGA,5
spatial-atac-ACACAGAAAAGGTACA,0
spatial-atac-ACACAGAAACACAGAA,3
spatial-atac-ACACAGAAACAGCAGA,0
spatial-atac-ACACAGAAACCTCCAA,3
spatial-atac-ACACAGAAACGCTCGA,0
spatial-atac-ACACAGAAACGTATCA,0
spatial-atac-ACACAGAAACTATGCA,1
spatial-atac-ACACAGAAAGAGTCAA,1
spatial-atac-ACACAGAACACTTCGA,0
spatial-atac-ACACAGAACAGCGTTA,0
spatial-atac-ACACAGAACATACCAA,3
spatial-atac-ACACAGAACCAGTTCA,0
spatial-atac-ACACAGAACCGAAGTA,1
spatial-atac-ACACAGAACCGTGAGA,0
spatial-atac-ACACAGAACCTCCTGA,0
spatial-atac-ACACAGAACGAACTTA,0
spatial-atac-ACACAGAACGACTGGA,0
spatial-atac-ACACAGAACGCATACA,3
spatial-atac-ACACAGAACTCAATGA,4
spatial-atac-ACACAGAACTGAGCCA,1
spatial-atac-ACACAGAACTGGCATA,0
spatial-atac-ACACAGAAGAATCTGA,1
spatial-atac-ACACAGAACAAGACTA,1
spatial-atac-ACACAGAAGAGCTGAA,2
spatial-atac-ACACAGAAGATAGACA,10
spatial-atac-ACACAGAAGCCACATA,0
spatial-atac-ACAGCAGAAACGTGAT,4
spatial-atac-ACAGCAGAAAACATCG,11
spatial-atac-ACAGCAGAATGCCTAA,0
spatial-atac-ACAGCAGAAGTGGTCA,3
spatial-atac-ACAGCAGAACCACTGT,0
spatial-atac-ACAGCAGAACATTGGC,4
spatial-atac-ACAGCAGACAGATCTG,0
spatial-atac-ACAGCAGACATCAAGT,0
spatial-atac-ACAGCAGACGCTGATC,3
spatial-atac-ACAGCAGAACAAGCTA,0
spatial-atac-ACAGCAGACTGTAGCC,5
spatial-atac-ACAGCAGAAGTACAAG,9
spatial-atac-ACAGCAGAAACAACCA,0
spatial-atac-ACAGCAGAAACCGAGA,9
spatial-atac-ACAGCAGAAACGCTTA,4
spatial-atac-ACAGCAGAAAGACGGA,3
spatial-atac-ACAGCAGAAAGGTACA,5
spatial-atac-ACAGCAGAACACAGAA,1
spatial-atac-ACAGCAGAACAGCAGA,1
spatial-atac-ACAGCAGAACCTCCAA,1
spatial-atac-ACAGCAGAACGCTCGA,0
spatial-atac-ACAGCAGAACGTATCA,1
spatial-atac-ACAGCAGAACTATGCA,3
spatial-atac-ACAGCAGAAGAGTCAA,8
spatial-atac-ACAGCAGACACTTCGA,0
spatial-atac-ACAGCAGACAGCGTTA,0
spatial-atac-ACAGCAGACATACCAA,10
spatial-atac-ACAGCAGACCAGTTCA,0
spatial-atac-ACAGCAGACCGAAGTA,0
spatial-atac-ACAGCAGACCGTGAGA,1
spatial-atac-ACAGCAGACCTCCTGA,3
spatial-atac-ACAGCAGACGAACTTA,0
spatial-atac-ACAGCAGACGACTGGA,3
spatial-atac-ACAGCAGACGCATACA,6
spatial-atac-ACAGCAGACTCAATGA,1
spatial-atac-ACAGCAGACTGAGCCA,1
spatial-atac-ACAGCAGACTGGCATA,0
spatial-atac-ACAGCAGAGAATCTGA,1
spatial-atac-ACAGCAGACAAGACTA,5
spatial-atac-ACAGCAGAGAGCTGAA,0
spatial-atac-ACAGCAGAGATAGACA,0
spatial-atac-ACAGCAGAGCCACATA,2
spatial-atac-ACCTCCAAAACGTGAT,0
spatial-atac-ACCTCCAAAAACATCG,0
spatial-atac-ACCTCCAAATGCCTAA,4
spatial-atac-ACCTCCAAAGTGGTCA,3
spatial-atac-ACCTCCAAACCACTGT,3
spatial-atac-ACCTCCAAACATTGGC,5
spatial-atac-ACCTCCAACAGATCTG,0
spatial-atac-ACCTCCAACATCAAGT,0
spatial-atac-ACCTCCAACGCTGATC,5
spatial-atac-ACCTCCAAACAAGCTA,0
spatial-atac-ACCTCCAACTGTAGCC,0
spatial-atac-ACCTCCAAAGTACAAG,1
spatial-atac-ACCTCCAAAACAACCA,5
spatial-atac-ACCTCCAAAACCGAGA,5
spatial-atac-ACCTCCAAAACGCTTA,1
spatial-atac-ACCTCCAAAAGACGGA,11
spatial-atac-ACCTCCAAAAGGTACA,5
spatial-atac-ACCTCCAAACACAGAA,4
spatial-atac-ACCTCCAAACAGCAGA,3
spatial-atac-ACCTCCAAACCTCCAA,0
spatial-atac-ACCTCCAAACGCTCGA,1
spatial-atac-ACCTCCAAACGTATCA,3
spatial-atac-ACCTCCAAACTATGCA,3
spatial-atac-ACCTCCAAAGAGTCAA,1
spatial-atac-ACCTCCAAAGATCGCA,6
spatial-atac-ACCTCCAAAGCAGGAA,0
spatial-atac-ACCTCCAAAGTCACTA,7
spatial-atac-ACCTCCAAATCCTGTA,7
spatial-atac-ACCTCCAAATTGAGGA,1
spatial-atac-ACCTCCAACAGCGTTA,2
spatial-atac-ACCTCCAACATACCAA,0
spatial-atac-ACCTCCAACCAGTTCA,0
spatial-atac-ACCTCCAACCGAAGTA,0
spatial-atac-ACCTCCAACCGTGAGA,3
spatial-atac-ACCTCCAACCTCCTGA,0
spatial-atac-ACCTCCAACGAACTTA,11
spatial-atac-ACCTCCAACGACTGGA,11
spatial-atac-ACCTCCAACGCATACA,2
spatial-atac-ACCTCCAACTCAATGA,1
spatial-atac-ACCTCCAACTGAGCCA,1
spatial-atac-ACCTCCAACTGGCATA,1
spatial-atac-ACCTCCAAGAATCTGA,1
spatial-atac-ACCTCCAACAAGACTA,1
spatial-atac-ACCTCCAAGAGCTGAA,1
spatial-atac-ACCTCCAAGATAGACA,1
spatial-atac-ACCTCCAAGCCACATA,0
spatial-atac-ACGCTCGAAACGTGAT,4
spatial-atac-ACGCTCGAAAACATCG,0
spatial-atac-ACGCTCGAATGCCTAA,0
spatial-atac-ACGCTCGAAGTGGTCA,3
spatial-atac-ACGCTCGAACCACTGT,3
spatial-atac-ACGCTCGAACATTGGC,0
spatial-atac-ACGCTCGACAGATCTG,4
spatial-atac-ACGCTCGACATCAAGT,4
spatial-atac-ACGCTCGACGCTGATC,0
spatial-atac-ACGCTCGAACAAGCTA,0
spatial-atac-ACGCTCGACTGTAGCC,4
spatial-atac-ACGCTCGAAGTACAAG,4
spatial-atac-ACGCTCGAAACAACCA,4
spatial-atac-ACGCTCGAAACCGAGA,0
spatial-atac-ACGCTCGAAACGCTTA,2
spatial-atac-ACGCTCGAAAGACGGA,10
spatial-atac-ACGCTCGAAAGGTACA,5
spatial-atac-ACGCTCGAACACAGAA,0
spatial-atac-ACGCTCGAACAGCAGA,0
spatial-atac-ACGCTCGAACCTCCAA,1
spatial-atac-ACGCTCGAACGCTCGA,0
spatial-atac-ACGCTCGAACGTATCA,0
spatial-atac-ACGCTCGAACTATGCA,3
spatial-atac-ACGCTCGAAGAGTCAA,1
spatial-atac-ACGCTCGAAGATCGCA,6
spatial-atac-ACGCTCGAAGCAGGAA,7
spatial-atac-ACGCTCGAAGTCACTA,7
spatial-atac-ACGCTCGAATCCTGTA,0
spatial-atac-ACGCTCGAATTGAGGA,1
spatial-atac-ACGCTCGACAACCACA,7
spatial-atac-ACGCTCGAGACTAGTA,7
spatial-atac-ACGCTCGACAGCGTTA,3
spatial-atac-ACGCTCGACATACCAA,1
spatial-atac-ACGCTCGACCAGTTCA,0
spatial-atac-ACGCTCGACCGAAGTA,1
spatial-atac-ACGCTCGACCGTGAGA,1
spatial-atac-ACGCTCGACCTCCTGA,4
spatial-atac-ACGCTCGACGAACTTA,5
spatial-atac-ACGCTCGACGACTGGA,3
spatial-atac-ACGCTCGACGCATACA,2
spatial-atac-ACGCTCGACTCAATGA,0
spatial-atac-ACGCTCGACTGAGCCA,5
spatial-atac-ACGCTCGACTGGCATA,0
spatial-atac-ACGCTCGAGAATCTGA,1
spatial-atac-ACGCTCGACAAGACTA,1
spatial-atac-ACGCTCGAGAGCTGAA,0
spatial-atac-ACGCTCGAGATAGACA,1
spatial-atac-ACGCTCGAGCCACATA,4
spatial-atac-ACGTATCAAACGTGAT,4
spatial-atac-ACGTATCAAAACATCG,3
spatial-atac-ACGTATCAATGCCTAA,0
spatial-atac-ACGTATCAAGTGGTCA,2
spatial-atac-ACGTATCAACCACTGT,0
spatial-atac-ACGTATCAACATTGGC,4
spatial-atac-ACGTATCACAGATCTG,4
spatial-atac-ACGTATCACATCAAGT,4
spatial-atac-ACGTATCACGCTGATC,4
spatial-atac-ACGTATCAACAAGCTA,4
spatial-atac-ACGTATCACTGTAGCC,4
spatial-atac-ACGTATCAAGTACAAG,4
spatial-atac-ACGTATCAAACAACCA,4
spatial-atac-ACGTATCAAACCGAGA,5
spatial-atac-ACGTATCAAACGCTTA,1
spatial-atac-ACGTATCAAAGACGGA,1
spatial-atac-ACGTATCAAAGGTACA,3
spatial-atac-ACGTATCAACACAGAA,0
spatial-atac-ACGTATCAACAGCAGA,0
spatial-atac-ACGTATCAACCTCCAA,1
spatial-atac-ACGTATCAACGCTCGA,1
spatial-atac-ACGTATCAACGTATCA,1
spatial-atac-ACGTATCAACTATGCA,0
spatial-atac-ACGTATCAAGAGTCAA,1
spatial-atac-ACGTATCAAGATCGCA,6
spatial-atac-ACGTATCAAGCAGGAA,0
spatial-atac-ACGTATCAAGTCACTA,1
spatial-atac-ACGTATCAATCCTGTA,1
spatial-atac-ACGTATCAATTGAGGA,1
spatial-atac-ACGTATCACAACCACA,7
spatial-atac-ACGTATCAGACTAGTA,7
spatial-atac-ACGTATCACAGCGTTA,3
spatial-atac-ACGTATCACATACCAA,0
spatial-atac-ACGTATCACCAGTTCA,1
spatial-atac-ACGTATCACCGAAGTA,8
spatial-atac-ACGTATCACCGTGAGA,0
spatial-atac-ACGTATCACCTCCTGA,1
spatial-atac-ACGTATCACGAACTTA,0
spatial-atac-ACGTATCACGACTGGA,0
spatial-atac-ACGTATCACGCATACA,3
spatial-atac-ACGTATCACTCAATGA,3
spatial-atac-ACGTATCACTGAGCCA,8
spatial-atac-ACGTATCACTGGCATA,0
spatial-atac-ACGTATCAGAATCTGA,1
spatial-atac-ACGTATCACAAGACTA,1
spatial-atac-ACGTATCAGAGCTGAA,1
spatial-atac-ACGTATCAGATAGACA,1
spatial-atac-ACGTATCAGCCACATA,0
spatial-atac-ACTATGCAAACGTGAT,4
spatial-atac-ACTATGCAAAACATCG,0
spatial-atac-ACTATGCAATGCCTAA,11
spatial-atac-ACTATGCAAGTGGTCA,2
spatial-atac-ACTATGCAACCACTGT,0
spatial-atac-ACTATGCAACATTGGC,0
spatial-atac-ACTATGCACAGATCTG,3
spatial-atac-ACTATGCACATCAAGT,5
spatial-atac-ACTATGCACGCTGATC,4
spatial-atac-ACTATGCAACAAGCTA,4
spatial-atac-ACTATGCACTGTAGCC,4
spatial-atac-ACTATGCAAGTACAAG,4
spatial-atac-ACTATGCAAACAACCA,5
spatial-atac-ACTATGCAAACCGAGA,0
spatial-atac-ACTATGCAAACGCTTA,4
spatial-atac-ACTATGCAAAGACGGA,5
spatial-atac-ACTATGCAAAGGTACA,0
spatial-atac-ACTATGCAACACAGAA,3
spatial-atac-ACTATGCAACAGCAGA,8
spatial-atac-ACTATGCAACCTCCAA,3
spatial-atac-ACTATGCAACGCTCGA,3
spatial-atac-ACTATGCAACGTATCA,3
spatial-atac-ACTATGCAACTATGCA,7
spatial-atac-ACTATGCAAGAGTCAA,7
spatial-atac-ACTATGCAAGATCGCA,6
spatial-atac-ACTATGCAAGCAGGAA,0
spatial-atac-ACTATGCAAGTCACTA,4
spatial-atac-ACTATGCAATCCTGTA,1
spatial-atac-ACTATGCAATTGAGGA,4
spatial-atac-ACTATGCACAACCACA,1
spatial-atac-ACTATGCAGACTAGTA,7
spatial-atac-ACTATGCACAGCGTTA,3
spatial-atac-ACTATGCACATACCAA,1
spatial-atac-ACTATGCACCAGTTCA,1
spatial-atac-ACTATGCACCGAAGTA,9
spatial-atac-ACTATGCACCGTGAGA,8
spatial-atac-ACTATGCACCTCCTGA,1
spatial-atac-ACTATGCACGAACTTA,3
spatial-atac-ACTATGCACGACTGGA,1
spatial-atac-ACTATGCACGCATACA,6
spatial-atac-ACTATGCACTCAATGA,5
spatial-atac-ACTATGCACTGAGCCA,11
spatial-atac-ACTATGCACTGGCATA,0
spatial-atac-ACTATGCAGAATCTGA,1
spatial-atac-ACTATGCACAAGACTA,1
spatial-atac-ACTATGCAGAGCTGAA,1
spatial-atac-ACTATGCAGATAGACA,1
spatial-atac-ACTATGCAGCCACATA,5
spatial-atac-AGAGTCAAAACGTGAT,4
spatial-atac-AGAGTCAAAAACATCG,11
spatial-atac-AGAGTCAAATGCCTAA,11
spatial-atac-AGAGTCAAAGTGGTCA,6
spatial-atac-AGAGTCAAACCACTGT,5
spatial-atac-AGAGTCAAACATTGGC,3
spatial-atac-AGAGTCAACAGATCTG,5
spatial-atac-AGAGTCAACATCAAGT,1
spatial-atac-AGAGTCAACGCTGATC,4
spatial-atac-AGAGTCAAACAAGCTA,4
spatial-atac-AGAGTCAACTGTAGCC,4
spatial-atac-AGAGTCAAAGTACAAG,1
spatial-atac-AGAGTCAAAACAACCA,8
spatial-atac-AGAGTCAAAACCGAGA,4
spatial-atac-AGAGTCAAAACGCTTA,1
spatial-atac-AGAGTCAAAAGACGGA,11
spatial-atac-AGAGTCAAAAGGTACA,5
spatial-atac-AGAGTCAAACACAGAA,1
spatial-atac-AGAGTCAAACAGCAGA,5
spatial-atac-AGAGTCAAACCTCCAA,0
spatial-atac-AGAGTCAAACGCTCGA,1
spatial-atac-AGAGTCAAACGTATCA,1
spatial-atac-AGAGTCAAACTATGCA,7
spatial-atac-AGAGTCAAAGAGTCAA,4
spatial-atac-AGAGTCAAAGATCGCA,6
spatial-atac-AGAGTCAAAGCAGGAA,0
spatial-atac-AGAGTCAAAGTCACTA,1
spatial-atac-AGAGTCAAATCCTGTA,1
spatial-atac-AGAGTCAAATTGAGGA,4
spatial-atac-AGAGTCAACAACCACA,7
spatial-atac-AGAGTCAAGACTAGTA,7
spatial-atac-AGAGTCAACAGCGTTA,0
spatial-atac-AGAGTCAACATACCAA,7
spatial-atac-AGAGTCAACCAGTTCA,1
spatial-atac-AGAGTCAACCGAAGTA,0
spatial-atac-AGAGTCAACCGTGAGA,10
spatial-atac-AGAGTCAACCTCCTGA,1
spatial-atac-AGAGTCAACGAACTTA,4
spatial-atac-AGAGTCAACGACTGGA,1
spatial-atac-AGAGTCAACGCATACA,2
spatial-atac-AGAGTCAACTCAATGA,5
spatial-atac-AGAGTCAACTGAGCCA,0
spatial-atac-AGAGTCAACTGGCATA,1
spatial-atac-AGAGTCAAGAATCTGA,1
spatial-atac-AGAGTCAACAAGACTA,1
spatial-atac-AGAGTCAAGAGCTGAA,4
spatial-atac-AGAGTCAAGATAGACA,1
spatial-atac-AGAGTCAAGCCACATA,5
spatial-atac-AGATCGCAAACGTGAT,4
spatial-atac-AGATCGCAAAACATCG,0
spatial-atac-AGATCGCAATGCCTAA,2
spatial-atac-AGATCGCAAGTGGTCA,2
spatial-atac-AGATCGCAACCACTGT,0
spatial-atac-AGATCGCAACATTGGC,0
spatial-atac-AGATCGCACAGATCTG,0
spatial-atac-AGATCGCACATCAAGT,8
spatial-atac-AGATCGCACGCTGATC,4
spatial-atac-AGATCGCAACAAGCTA,4
spatial-atac-AGATCGCACTGTAGCC,4
spatial-atac-AGATCGCAAGTACAAG,4
spatial-atac-AGATCGCAAACAACCA,1
spatial-atac-AGATCGCAAACCGAGA,1
spatial-atac-AGATCGCAAACGCTTA,5
spatial-atac-AGATCGCAAAGACGGA,0
spatial-atac-AGATCGCAAAGGTACA,0
spatial-atac-AGATCGCAACACAGAA,8
spatial-atac-AGATCGCAACAGCAGA,3
spatial-atac-AGATCGCAACCTCCAA,0
spatial-atac-AGATCGCAACGCTCGA,0
spatial-atac-AGATCGCAACGTATCA,7
spatial-atac-AGATCGCAACTATGCA,3
spatial-atac-AGATCGCAAGAGTCAA,1
spatial-atac-AGATCGCAAGATCGCA,6
spatial-atac-AGATCGCAAGCAGGAA,1
spatial-atac-AGATCGCAAGTCACTA,8
spatial-atac-AGATCGCAATCCTGTA,0
spatial-atac-AGATCGCAATTGAGGA,1
spatial-atac-AGATCGCACAACCACA,0
spatial-atac-AGATCGCAGACTAGTA,7
spatial-atac-AGATCGCACAATGGAA,1
spatial-atac-AGATCGCACACTTCGA,1
spatial-atac-AGATCGCACAGCGTTA,0
spatial-atac-AGATCGCACATACCAA,0
spatial-atac-AGATCGCACCAGTTCA,0
spatial-atac-AGATCGCACCGAAGTA,0
spatial-atac-AGATCGCACCGTGAGA,8
spatial-atac-AGATCGCACCTCCTGA,0
spatial-atac-AGATCGCACGAACTTA,1
spatial-atac-AGATCGCACGACTGGA,1
spatial-atac-AGATCGCACGCATACA,3
spatial-atac-AGATCGCACTCAATGA,8
spatial-atac-AGATCGCACTGAGCCA,0
spatial-atac-AGATCGCACTGGCATA,3
spatial-atac-AGATCGCAGAATCTGA,1
spatial-atac-AGATCGCACAAGACTA,1
spatial-atac-AGATCGCAGAGCTGAA,1
spatial-atac-AGATCGCAGATAGACA,0
spatial-atac-AGATCGCAGCCACATA,0
spatial-atac-AGCAGGAAAACGTGAT,5
spatial-atac-AGCAGGAAAAACATCG,2
spatial-atac-AGCAGGAAATGCCTAA,2
spatial-atac-AGCAGGAAAGTGGTCA,6
spatial-atac-AGCAGGAAACCACTGT,6
spatial-atac-AGCAGGAAACATTGGC,3
spatial-atac-AGCAGGAACAGATCTG,9
spatial-atac-AGCAGGAACATCAAGT,0
spatial-atac-AGCAGGAACGCTGATC,0
spatial-atac-AGCAGGAAACAAGCTA,0
spatial-atac-AGCAGGAACTGTAGCC,4
spatial-atac-AGCAGGAAAGTACAAG,4
spatial-atac-AGCAGGAAAACAACCA,5
spatial-atac-AGCAGGAAAACCGAGA,5
spatial-atac-AGCAGGAAAACGCTTA,0
spatial-atac-AGCAGGAAAAGACGGA,0
spatial-atac-AGCAGGAAAAGGTACA,3
spatial-atac-AGCAGGAAACACAGAA,3
spatial-atac-AGCAGGAAACAGCAGA,2
spatial-atac-AGCAGGAAACCTCCAA,0
spatial-atac-AGCAGGAAACGCTCGA,0
spatial-atac-AGCAGGAAACGTATCA,0
spatial-atac-AGCAGGAAACTATGCA,0
spatial-atac-AGCAGGAAAGAGTCAA,0
spatial-atac-AGCAGGAAAGATCGCA,6
spatial-atac-AGCAGGAAAGCAGGAA,0
spatial-atac-AGCAGGAAAGTCACTA,3
spatial-atac-AGCAGGAAATCCTGTA,0
spatial-atac-AGCAGGAAATTGAGGA,3
spatial-atac-AGCAGGAACAACCACA,0
spatial-atac-AGCAGGAAGACTAGTA,0
spatial-atac-AGCAGGAACAATGGAA,3
spatial-atac-AGCAGGAACACTTCGA,3
spatial-atac-AGCAGGAACAGCGTTA,3
spatial-atac-AGCAGGAACATACCAA,0
spatial-atac-AGCAGGAACCAGTTCA,0
spatial-atac-AGCAGGAACCGAAGTA,1
spatial-atac-AGCAGGAACCGTGAGA,0
spatial-atac-AGCAGGAACCTCCTGA,3
spatial-atac-AGCAGGAACGAACTTA,1
spatial-atac-AGCAGGAACGACTGGA,0
spatial-atac-AGCAGGAACGCATACA,3
spatial-atac-AGCAGGAACTCAATGA,0
spatial-atac-AGCAGGAACTGAGCCA,0
spatial-atac-AGCAGGAACTGGCATA,0
spatial-atac-AGCAGGAAGAATCTGA,1
spatial-atac-AGCAGGAACAAGACTA,1
spatial-atac-AGCAGGAAGAGCTGAA,1
spatial-atac-AGCAGGAAGATAGACA,1
spatial-atac-AGCAGGAAGCCACATA,2
spatial-atac-AGTCACTAAACGTGAT,3
spatial-atac-AGTCACTAAAACATCG,2
spatial-atac-AGTCACTAATGCCTAA,4
spatial-atac-AGTCACTAAGTGGTCA,2
spatial-atac-AGTCACTAACCACTGT,0
spatial-atac-AGTCACTAACATTGGC,0
spatial-atac-AGTCACTACAGATCTG,9
spatial-atac-AGTCACTACATCAAGT,4
spatial-atac-AGTCACTACGCTGATC,3
spatial-atac-AGTCACTAACAAGCTA,0
spatial-atac-AGTCACTACTGTAGCC,4
spatial-atac-AGTCACTAAGTACAAG,4
spatial-atac-AGTCACTAAACAACCA,5
spatial-atac-AGTCACTAAACCGAGA,4
spatial-atac-AGTCACTAAACGCTTA,5
spatial-atac-AGTCACTAAAGACGGA,0
spatial-atac-AGTCACTAAAGGTACA,5
spatial-atac-AGTCACTAACACAGAA,1
spatial-atac-AGTCACTAACAGCAGA,0
spatial-atac-AGTCACTAACCTCCAA,7
spatial-atac-AGTCACTAACGCTCGA,1
spatial-atac-AGTCACTAACGTATCA,0
spatial-atac-AGTCACTAACTATGCA,1
spatial-atac-AGTCACTAAGAGTCAA,0
spatial-atac-AGTCACTAAGATCGCA,6
spatial-atac-AGTCACTAAGCAGGAA,1
spatial-atac-AGTCACTAAGTCACTA,7
spatial-atac-AGTCACTAATCCTGTA,0
spatial-atac-AGTCACTAATTGAGGA,0
spatial-atac-AGTCACTACAACCACA,7
spatial-atac-AGTCACTAGACTAGTA,0
spatial-atac-AGTCACTACAATGGAA,5
spatial-atac-AGTCACTACACTTCGA,1
spatial-atac-AGTCACTACAGCGTTA,0
spatial-atac-AGTCACTACATACCAA,0
spatial-atac-AGTCACTACCAGTTCA,0
spatial-atac-AGTCACTACCGAAGTA,1
spatial-atac-AGTCACTACCGTGAGA,1
spatial-atac-AGTCACTACCTCCTGA,0
spatial-atac-AGTCACTACGAACTTA,1
spatial-atac-AGTCACTACGACTGGA,1
spatial-atac-AGTCACTACGCATACA,2
spatial-atac-AGTCACTACTCAATGA,0
spatial-atac-AGTCACTACTGAGCCA,0
spatial-atac-AGTCACTACTGGCATA,1
spatial-atac-AGTCACTAGAATCTGA,1
spatial-atac-AGTCACTACAAGACTA,1
spatial-atac-AGTCACTAGAGCTGAA,1
spatial-atac-AGTCACTAGATAGACA,1
spatial-atac-AGTCACTAGCCACATA,4
spatial-atac-ATCCTGTAAAACATCG,2
spatial-atac-ATCCTGTAATGCCTAA,2
spatial-atac-ATCCTGTAAGTGGTCA,2
spatial-atac-ATCCTGTAACCACTGT,3
spatial-atac-ATCCTGTAACATTGGC,0
spatial-atac-ATCCTGTACAGATCTG,5
spatial-atac-ATCCTGTACATCAAGT,0
spatial-atac-ATCCTGTACGCTGATC,4
spatial-atac-ATCCTGTAACAAGCTA,4
spatial-atac-ATCCTGTACTGTAGCC,4
spatial-atac-ATCCTGTAAGTACAAG,10
spatial-atac-ATCCTGTAAACAACCA,0
spatial-atac-ATCCTGTAAACCGAGA,4
spatial-atac-ATCCTGTAAACGCTTA,1
spatial-atac-ATCCTGTAAAGACGGA,10
spatial-atac-ATCCTGTAAAGGTACA,11
spatial-atac-ATCCTGTAACACAGAA,0
spatial-atac-ATCCTGTAACAGCAGA,0
spatial-atac-ATCCTGTAACCTCCAA,3
spatial-atac-ATCCTGTAACGCTCGA,3
spatial-atac-ATCCTGTAACGTATCA,0
spatial-atac-ATCCTGTAACTATGCA,0
spatial-atac-ATCCTGTAAGAGTCAA,0
spatial-atac-ATCCTGTAAGATCGCA,6
spatial-atac-ATCCTGTAAGCAGGAA,3
spatial-atac-ATCCTGTAAGTCACTA,7
spatial-atac-ATCCTGTAATCCTGTA,7
spatial-atac-ATCCTGTAATTGAGGA,7
spatial-atac-ATCCTGTACAACCACA,0
spatial-atac-ATCCTGTAGACTAGTA,3
spatial-atac-ATCCTGTACAATGGAA,3
spatial-atac-ATCCTGTACACTTCGA,0
spatial-atac-ATCCTGTACAGCGTTA,0
spatial-atac-ATCCTGTACATACCAA,10
spatial-atac-ATCCTGTACCAGTTCA,8
spatial-atac-ATCCTGTACCGAAGTA,0
spatial-atac-ATCCTGTACCGTGAGA,3
spatial-atac-ATCCTGTACCTCCTGA,8
spatial-atac-ATCCTGTACGAACTTA,1
spatial-atac-ATCCTGTACGACTGGA,1
spatial-atac-ATCCTGTACGCATACA,3
spatial-atac-ATCCTGTACTCAATGA,0
spatial-atac-ATCCTGTACTGAGCCA,3
spatial-atac-ATCCTGTACTGGCATA,1
spatial-atac-ATCCTGTAGAATCTGA,1
spatial-atac-ATCCTGTACAAGACTA,1
spatial-atac-ATCCTGTAGAGCTGAA,1
spatial-atac-ATCCTGTAGATAGACA,1
spatial-atac-ATCCTGTAGCCACATA,4
spatial-atac-ATTGAGGAATGCCTAA,2
spatial-atac-ATTGAGGAAGTGGTCA,2
spatial-atac-ATTGAGGAACCACTGT,0
spatial-atac-ATTGAGGAACATTGGC,0
spatial-atac-ATTGAGGACAGATCTG,3
spatial-atac-ATTGAGGACATCAAGT,8
spatial-atac-ATTGAGGACGCTGATC,4
spatial-atac-ATTGAGGAACAAGCTA,4
spatial-atac-ATTGAGGACTGTAGCC,1
spatial-atac-ATTGAGGAAGTACAAG,5
spatial-atac-ATTGAGGAAACAACCA,1
spatial-atac-ATTGAGGAAACCGAGA,4
spatial-atac-ATTGAGGAAACGCTTA,10
spatial-atac-ATTGAGGAAAGACGGA,0
spatial-atac-ATTGAGGAACACAGAA,7
spatial-atac-ATTGAGGAACAGCAGA,0
spatial-atac-ATTGAGGAACCTCCAA,1
spatial-atac-ATTGAGGAACGCTCGA,1
spatial-atac-ATTGAGGAACGTATCA,1
spatial-atac-ATTGAGGAACTATGCA,0
spatial-atac-ATTGAGGAAGAGTCAA,7
spatial-atac-ATTGAGGAAGATCGCA,6
spatial-atac-ATTGAGGAAGCAGGAA,7
spatial-atac-ATTGAGGAAGTCACTA,7
spatial-atac-ATTGAGGAATCCTGTA,7
spatial-atac-ATTGAGGAATTGAGGA,0
spatial-atac-ATTGAGGACAACCACA,1
spatial-atac-ATTGAGGAGACTAGTA,0
spatial-atac-ATTGAGGACAATGGAA,0
spatial-atac-ATTGAGGACACTTCGA,7
spatial-atac-ATTGAGGACAGCGTTA,0
spatial-atac-ATTGAGGACATACCAA,7
spatial-atac-ATTGAGGACCAGTTCA,0
spatial-atac-ATTGAGGACCGAAGTA,3
spatial-atac-ATTGAGGACCGTGAGA,0
spatial-atac-ATTGAGGACCTCCTGA,3
spatial-atac-ATTGAGGACGAACTTA,1
spatial-atac-ATTGAGGACGACTGGA,11
spatial-atac-ATTGAGGACGCATACA,2
spatial-atac-ATTGAGGACTCAATGA,3
spatial-atac-ATTGAGGACTGAGCCA,3
spatial-atac-ATTGAGGACTGGCATA,1
spatial-atac-ATTGAGGAGAATCTGA,1
spatial-atac-ATTGAGGACAAGACTA,1
spatial-atac-ATTGAGGAGAGCTGAA,1
spatial-atac-ATTGAGGAGATAGACA,0
spatial-atac-ATTGAGGAGCCACATA,0
spatial-atac-CAACCACAACCACTGT,3
spatial-atac-CAACCACAACATTGGC,4
spatial-atac-CAACCACACAGATCTG,5
spatial-atac-CAACCACACATCAAGT,9
spatial-atac-CAACCACACGCTGATC,0
spatial-atac-CAACCACAACAAGCTA,5
spatial-atac-CAACCACACTGTAGCC,0
spatial-atac-CAACCACAAGTACAAG,1
spatial-atac-CAACCACAAACAACCA,5
spatial-atac-CAACCACAAACCGAGA,10
spatial-atac-CAACCACAACACAGAA,4
spatial-atac-CAACCACAACAGCAGA,1
spatial-atac-CAACCACAACCTCCAA,1
spatial-atac-CAACCACAACGCTCGA,7
spatial-atac-CAACCACAACGTATCA,7
spatial-atac-CAACCACAACTATGCA,7
spatial-atac-CAACCACAAGAGTCAA,7
spatial-atac-CAACCACAAGATCGCA,6
spatial-atac-CAACCACAAGCAGGAA,0
spatial-atac-CAACCACAAGTCACTA,3
spatial-atac-CAACCACAATCCTGTA,3
spatial-atac-CAACCACAATTGAGGA,0
spatial-atac-CAACCACACAACCACA,0
spatial-atac-CAACCACAGACTAGTA,5
spatial-atac-CAACCACACAATGGAA,1
spatial-atac-CAACCACACACTTCGA,0
spatial-atac-CAACCACACAGCGTTA,0
spatial-atac-CAACCACACATACCAA,3
spatial-atac-CAACCACACCAGTTCA,10
spatial-atac-CAACCACACCGAAGTA,1
spatial-atac-CAACCACACCGTGAGA,1
spatial-atac-CAACCACACCTCCTGA,4
spatial-atac-CAACCACACGAACTTA,1
spatial-atac-CAACCACACGACTGGA,1
spatial-atac-CAACCACACGCATACA,2
spatial-atac-CAACCACACTCAATGA,0
spatial-atac-CAACCACACTGAGCCA,0
spatial-atac-CAACCACACTGGCATA,1
spatial-atac-CAACCACAGAATCTGA,1
spatial-atac-CAACCACACAAGACTA,7
spatial-atac-CAACCACAGAGCTGAA,4
spatial-atac-CAACCACAGATAGACA,1
spatial-atac-CAACCACAGCCACATA,4
spatial-atac-GACTAGTACAGATCTG,0
spatial-atac-GACTAGTACATCAAGT,5
spatial-atac-GACTAGTACGCTGATC,4
spatial-atac-GACTAGTAACAAGCTA,0
spatial-atac-GACTAGTACTGTAGCC,1
spatial-atac-GACTAGTAAGTACAAG,0
spatial-atac-GACTAGTAACAGCAGA,1
spatial-atac-GACTAGTAACCTCCAA,1
spatial-atac-GACTAGTAACGCTCGA,7
spatial-atac-GACTAGTAACGTATCA,7
spatial-atac-GACTAGTAACTATGCA,0
spatial-atac-GACTAGTAAGAGTCAA,0
spatial-atac-GACTAGTAAGATCGCA,6
spatial-atac-GACTAGTAAGCAGGAA,1
spatial-atac-GACTAGTAAGTCACTA,1
spatial-atac-GACTAGTAATCCTGTA,3
spatial-atac-GACTAGTAATTGAGGA,0
spatial-atac-GACTAGTACAACCACA,2
spatial-atac-GACTAGTAGACTAGTA,3
spatial-atac-GACTAGTACAATGGAA,0
spatial-atac-GACTAGTACACTTCGA,0
spatial-atac-GACTAGTACAGCGTTA,2
spatial-atac-GACTAGTACATACCAA,1
spatial-atac-GACTAGTACCAGTTCA,3
spatial-atac-GACTAGTACCGAAGTA,1
spatial-atac-GACTAGTACCGTGAGA,1
spatial-atac-GACTAGTACCTCCTGA,5
spatial-atac-GACTAGTACGAACTTA,3
spatial-atac-GACTAGTACGACTGGA,4
spatial-atac-GACTAGTACGCATACA,3
spatial-atac-GACTAGTACTCAATGA,1
spatial-atac-GACTAGTACTGAGCCA,0
spatial-atac-GACTAGTACTGGCATA,3
spatial-atac-GACTAGTAGAATCTGA,1
spatial-atac-GACTAGTACAAGACTA,1
spatial-atac-GACTAGTAGAGCTGAA,1
spatial-atac-GACTAGTAGATAGACA,1
spatial-atac-GACTAGTAGCCACATA,4
spatial-atac-CAATGGAAACCTCCAA,0
spatial-atac-CAATGGAAACGCTCGA,1
spatial-atac-CAATGGAAACGTATCA,7
spatial-atac-CAATGGAAACTATGCA,3
spatial-atac-CAATGGAAAGAGTCAA,3
spatial-atac-CAATGGAAAGATCGCA,6
spatial-atac-CAATGGAAAGCAGGAA,1
spatial-atac-CAATGGAAAGTCACTA,1
spatial-atac-CAATGGAAATCCTGTA,0
spatial-atac-CAATGGAAATTGAGGA,0
spatial-atac-CAATGGAACAACCACA,3
spatial-atac-CAATGGAAGACTAGTA,1
spatial-atac-CAATGGAACAATGGAA,0
spatial-atac-CAATGGAACACTTCGA,0
spatial-atac-CAATGGAACAGCGTTA,2
spatial-atac-CAATGGAACATACCAA,0
spatial-atac-CAATGGAACCAGTTCA,0
spatial-atac-CAATGGAACCGAAGTA,1
spatial-atac-CAATGGAACCGTGAGA,1
spatial-atac-CAATGGAACCTCCTGA,11
spatial-atac-CAATGGAACGAACTTA,0
spatial-atac-CAATGGAACGACTGGA,1
spatial-atac-CAATGGAACGCATACA,0
spatial-atac-CAATGGAACTCAATGA,1
spatial-atac-CAATGGAACTGAGCCA,3
spatial-atac-CAATGGAACTGGCATA,4
spatial-atac-CAATGGAAGAATCTGA,1
spatial-atac-CAATGGAACAAGACTA,0
spatial-atac-CAATGGAAGAGCTGAA,1
spatial-atac-CAATGGAAGATAGACA,1
spatial-atac-CAATGGAAGCCACATA,4
spatial-atac-CACTTCGAAGTACAAG,7
spatial-atac-CACTTCGAAACAACCA,7
spatial-atac-CACTTCGAAACCGAGA,1
spatial-atac-CACTTCGAAACGCTTA,1
spatial-atac-CACTTCGAAAGACGGA,7
spatial-atac-CACTTCGAACGCTCGA,0
spatial-atac-CACTTCGAACGTATCA,0
spatial-atac-CACTTCGAACTATGCA,3
spatial-atac-CACTTCGAAGAGTCAA,4
spatial-atac-CACTTCGAAGATCGCA,6
spatial-atac-CACTTCGAAGCAGGAA,0
spatial-atac-CACTTCGAAGTCACTA,1
spatial-atac-CACTTCGAATCCTGTA,1
spatial-atac-CACTTCGAATTGAGGA,0
spatial-atac-CACTTCGACAACCACA,1
spatial-atac-CACTTCGAGACTAGTA,1
spatial-atac-CACTTCGACAATGGAA,1
spatial-atac-CACTTCGACACTTCGA,1
spatial-atac-CACTTCGACAGCGTTA,0
spatial-atac-CACTTCGACATACCAA,11
spatial-atac-CACTTCGACCAGTTCA,0
spatial-atac-CACTTCGACCGAAGTA,1
spatial-atac-CACTTCGACCGTGAGA,1
spatial-atac-CACTTCGACCTCCTGA,1
spatial-atac-CACTTCGACGAACTTA,1
spatial-atac-CACTTCGACGACTGGA,1
spatial-atac-CACTTCGACGCATACA,0
spatial-atac-CACTTCGACTCAATGA,0
spatial-atac-CACTTCGACTGAGCCA,3
spatial-atac-CACTTCGACTGGCATA,1
spatial-atac-CACTTCGAGAATCTGA,1
spatial-atac-CACTTCGACAAGACTA,1
spatial-atac-CACTTCGAGAGCTGAA,1
spatial-atac-CACTTCGAGATAGACA,1
spatial-atac-CACTTCGAGCCACATA,1
spatial-atac-CAGCGTTAACAAGCTA,0
spatial-atac-CAGCGTTACTGTAGCC,7
spatial-atac-CAGCGTTAAGTACAAG,1
spatial-atac-CAGCGTTAAACAACCA,3
spatial-atac-CAGCGTTAAACCGAGA,8
spatial-atac-CAGCGTTAAACGCTTA,1
spatial-atac-CAGCGTTAAAGACGGA,0
spatial-atac-CAGCGTTAAAGGTACA,1
spatial-atac-CAGCGTTAACGCTCGA,8
spatial-atac-CAGCGTTAACGTATCA,5
spatial-atac-CAGCGTTAACTATGCA,3
spatial-atac-CAGCGTTAAGAGTCAA,1
spatial-atac-CAGCGTTAAGATCGCA,6
spatial-atac-CAGCGTTAAGCAGGAA,0
spatial-atac-CAGCGTTAAGTCACTA,1
spatial-atac-CAGCGTTAATCCTGTA,0
spatial-atac-CAGCGTTAATTGAGGA,0
spatial-atac-CAGCGTTACAACCACA,1
spatial-atac-CAGCGTTAGACTAGTA,1
spatial-atac-CAGCGTTACAATGGAA,1
spatial-atac-CAGCGTTACACTTCGA,1
spatial-atac-CAGCGTTACAGCGTTA,0
spatial-atac-CAGCGTTACATACCAA,1
spatial-atac-CAGCGTTACCAGTTCA,5
spatial-atac-CAGCGTTACCGAAGTA,1
spatial-atac-CAGCGTTACCGTGAGA,0
spatial-atac-CAGCGTTACCTCCTGA,1
spatial-atac-CAGCGTTACGAACTTA,0
spatial-atac-CAGCGTTACGACTGGA,1
spatial-atac-CAGCGTTACGCATACA,3
spatial-atac-CAGCGTTACTCAATGA,1
spatial-atac-CAGCGTTACTGAGCCA,0
spatial-atac-CAGCGTTACTGGCATA,1
spatial-atac-CAGCGTTAGAATCTGA,1
spatial-atac-CAGCGTTACAAGACTA,1
spatial-atac-CAGCGTTAGAGCTGAA,1
spatial-atac-CAGCGTTAGATAGACA,1
spatial-atac-CAGCGTTAGCCACATA,4
spatial-atac-CATACCAACGCTGATC,1
spatial-atac-CATACCAAACAAGCTA,0
spatial-atac-CATACCAACTGTAGCC,1
spatial-atac-CATACCAAAGTACAAG,1
spatial-atac-CATACCAAAACAACCA,0
spatial-atac-CATACCAAAACCGAGA,0
spatial-atac-CATACCAAAACGCTTA,1
spatial-atac-CATACCAAAAGACGGA,3
spatial-atac-CATACCAAAAGGTACA,1
spatial-atac-CATACCAAACACAGAA,1
spatial-atac-CATACCAAACGCTCGA,11
spatial-atac-CATACCAAACGTATCA,11
spatial-atac-CATACCAAACTATGCA,0
spatial-atac-CATACCAAAGAGTCAA,1
spatial-atac-CATACCAAAGATCGCA,6
spatial-atac-CATACCAAAGCAGGAA,0
spatial-atac-CATACCAAAGTCACTA,1
spatial-atac-CATACCAAATCCTGTA,0
spatial-atac-CATACCAAATTGAGGA,1
spatial-atac-CATACCAACAACCACA,1
spatial-atac-CATACCAAGACTAGTA,1
spatial-atac-CATACCAACAATGGAA,1
spatial-atac-CATACCAACACTTCGA,1
spatial-atac-CATACCAACAGCGTTA,0
spatial-atac-CATACCAACATACCAA,8
spatial-atac-CATACCAACCAGTTCA,4
spatial-atac-CATACCAACCGAAGTA,0
spatial-atac-CATACCAACCGTGAGA,0
spatial-atac-CATACCAACCTCCTGA,1
spatial-atac-CATACCAACGAACTTA,1
spatial-atac-CATACCAACGACTGGA,9
spatial-atac-CATACCAACGCATACA,2
spatial-atac-CATACCAACTCAATGA,1
spatial-atac-CATACCAACTGAGCCA,0
spatial-atac-CATACCAACTGGCATA,0
spatial-atac-CATACCAAGAATCTGA,1
spatial-atac-CATACCAACAAGACTA,1
spatial-atac-CATACCAAGAGCTGAA,1
spatial-atac-CATACCAAGATAGACA,1
spatial-atac-CATACCAAGCCACATA,1
spatial-atac-CCAGTTCACATCAAGT,1
spatial-atac-CCAGTTCACGCTGATC,0
spatial-atac-CCAGTTCAACAAGCTA,11
spatial-atac-CCAGTTCACTGTAGCC,0
spatial-atac-CCAGTTCAAGTACAAG,1
spatial-atac-CCAGTTCAAACAACCA,1
spatial-atac-CCAGTTCAAACCGAGA,7
spatial-atac-CCAGTTCAAACGCTTA,1
spatial-atac-CCAGTTCAAAGACGGA,9
spatial-atac-CCAGTTCAAAGGTACA,3
spatial-atac-CCAGTTCAACACAGAA,0
spatial-atac-CCAGTTCAACAGCAGA,0
spatial-atac-CCAGTTCAACGCTCGA,11
spatial-atac-CCAGTTCAACGTATCA,3
spatial-atac-CCAGTTCAACTATGCA,1
spatial-atac-CCAGTTCAAGAGTCAA,1
spatial-atac-CCAGTTCAAGATCGCA,6
spatial-atac-CCAGTTCAAGCAGGAA,3
spatial-atac-CCAGTTCAAGTCACTA,1
spatial-atac-CCAGTTCAATCCTGTA,4
spatial-atac-CCAGTTCAATTGAGGA,1
spatial-atac-CCAGTTCACAACCACA,1
spatial-atac-CCAGTTCAGACTAGTA,4
spatial-atac-CCAGTTCACAATGGAA,1
spatial-atac-CCAGTTCACACTTCGA,1
spatial-atac-CCAGTTCACAGCGTTA,3
spatial-atac-CCAGTTCACATACCAA,1
spatial-atac-CCAGTTCACCAGTTCA,0
spatial-atac-CCAGTTCACCGAAGTA,0
spatial-atac-CCAGTTCACCGTGAGA,1
spatial-atac-CCAGTTCACCTCCTGA,1
spatial-atac-CCAGTTCACGAACTTA,1
spatial-atac-CCAGTTCACGACTGGA,1
spatial-atac-CCAGTTCACGCATACA,3
spatial-atac-CCAGTTCACTCAATGA,1
spatial-atac-CCAGTTCACTGAGCCA,1
spatial-atac-CCAGTTCACTGGCATA,1
spatial-atac-CCAGTTCAGAATCTGA,1
spatial-atac-CCAGTTCACAAGACTA,1
spatial-atac-CCAGTTCAGAGCTGAA,4
spatial-atac-CCAGTTCAGATAGACA,1
spatial-atac-CCAGTTCAGCCACATA,4
spatial-atac-CCGAAGTACAGATCTG,0
spatial-atac-CCGAAGTACATCAAGT,2
spatial-atac-CCGAAGTACGCTGATC,3
spatial-atac-CCGAAGTAACAAGCTA,3
spatial-atac-CCGAAGTACTGTAGCC,0
spatial-atac-CCGAAGTAAGTACAAG,1
spatial-atac-CCGAAGTAAACAACCA,9
spatial-atac-CCGAAGTAAACCGAGA,1
spatial-atac-CCGAAGTAAACGCTTA,1
spatial-atac-CCGAAGTAAAGACGGA,7
spatial-atac-CCGAAGTAAAGGTACA,7
spatial-atac-CCGAAGTAACACAGAA,1
spatial-atac-CCGAAGTAACAGCAGA,0
spatial-atac-CCGAAGTAACGCTCGA,11
spatial-atac-CCGAAGTAACGTATCA,1
spatial-atac-CCGAAGTAACTATGCA,1
spatial-atac-CCGAAGTAAGAGTCAA,1
spatial-atac-CCGAAGTAAGATCGCA,6
spatial-atac-CCGAAGTAAGCAGGAA,0
spatial-atac-CCGAAGTAAGTCACTA,1
spatial-atac-CCGAAGTAATCCTGTA,0
spatial-atac-CCGAAGTAATTGAGGA,1
spatial-atac-CCGAAGTACAACCACA,1
spatial-atac-CCGAAGTAGACTAGTA,0
spatial-atac-CCGAAGTACAATGGAA,1
spatial-atac-CCGAAGTACACTTCGA,1
spatial-atac-CCGAAGTACAGCGTTA,2
spatial-atac-CCGAAGTACATACCAA,1
spatial-atac-CCGAAGTACCAGTTCA,0
spatial-atac-CCGAAGTACCGAAGTA,3
spatial-atac-CCGAAGTACCGTGAGA,0
spatial-atac-CCGAAGTACCTCCTGA,8
spatial-atac-CCGAAGTACGAACTTA,5
spatial-atac-CCGAAGTACGACTGGA,1
spatial-atac-CCGAAGTACGCATACA,2
spatial-atac-CCGAAGTACTCAATGA,1
spatial-atac-CCGAAGTACTGAGCCA,0
spatial-atac-CCGAAGTACTGGCATA,1
spatial-atac-CCGAAGTAGAATCTGA,1
spatial-atac-CCGAAGTACAAGACTA,1
spatial-atac-CCGAAGTAGAGCTGAA,4
spatial-atac-CCGAAGTAGATAGACA,1
spatial-atac-CCGAAGTAGCCACATA,4
spatial-atac-CCGTGAGACAGATCTG,0
spatial-atac-CCGTGAGACATCAAGT,11
spatial-atac-CCGTGAGACGCTGATC,0
spatial-atac-CCGTGAGAACAAGCTA,3
spatial-atac-CCGTGAGACTGTAGCC,0
spatial-atac-CCGTGAGAAGTACAAG,1
spatial-atac-CCGTGAGAAACAACCA,1
spatial-atac-CCGTGAGAAACCGAGA,0
spatial-atac-CCGTGAGAAACGCTTA,7
spatial-atac-CCGTGAGAAAGACGGA,7
spatial-atac-CCGTGAGAAAGGTACA,0
spatial-atac-CCGTGAGAACACAGAA,0
spatial-atac-CCGTGAGAACAGCAGA,2
spatial-atac-CCGTGAGAACCTCCAA,3
spatial-atac-CCGTGAGAACGCTCGA,10
spatial-atac-CCGTGAGAACGTATCA,5
spatial-atac-CCGTGAGAACTATGCA,1
spatial-atac-CCGTGAGAAGAGTCAA,1
spatial-atac-CCGTGAGAAGATCGCA,6
spatial-atac-CCGTGAGAAGCAGGAA,0
spatial-atac-CCGTGAGAAGTCACTA,1
spatial-atac-CCGTGAGAATCCTGTA,1
spatial-atac-CCGTGAGAATTGAGGA,1
spatial-atac-CCGTGAGACAACCACA,1
spatial-atac-CCGTGAGAGACTAGTA,1
spatial-atac-CCGTGAGACAATGGAA,1
spatial-atac-CCGTGAGACACTTCGA,0
spatial-atac-CCGTGAGACAGCGTTA,0
spatial-atac-CCGTGAGACATACCAA,3
spatial-atac-CCGTGAGACCAGTTCA,1
spatial-atac-CCGTGAGACCGAAGTA,2
spatial-atac-CCGTGAGACCGTGAGA,3
spatial-atac-CCGTGAGACCTCCTGA,1
spatial-atac-CCGTGAGACGAACTTA,0
spatial-atac-CCGTGAGACGACTGGA,0
spatial-atac-CCGTGAGACGCATACA,3
spatial-atac-CCGTGAGACTCAATGA,0
spatial-atac-CCGTGAGACTGAGCCA,1
spatial-atac-CCGTGAGACTGGCATA,0
spatial-atac-CCGTGAGAGAATCTGA,1
spatial-atac-CCGTGAGACAAGACTA,1
spatial-atac-CCGTGAGAGAGCTGAA,0
spatial-atac-CCGTGAGAGATAGACA,1
spatial-atac-CCGTGAGAGCCACATA,4
spatial-atac-CCTCCTGACAGATCTG,1
spatial-atac-CCTCCTGACATCAAGT,0
spatial-atac-CCTCCTGACGCTGATC,3
spatial-atac-CCTCCTGAACAAGCTA,1
spatial-atac-CCTCCTGACTGTAGCC,0
spatial-atac-CCTCCTGAAGTACAAG,1
spatial-atac-CCTCCTGAAACAACCA,7
spatial-atac-CCTCCTGAAACCGAGA,1
spatial-atac-CCTCCTGAAACGCTTA,1
spatial-atac-CCTCCTGAAAGACGGA,7
spatial-atac-CCTCCTGAAAGGTACA,3
spatial-atac-CCTCCTGAACACAGAA,2
spatial-atac-CCTCCTGAACAGCAGA,0
spatial-atac-CCTCCTGAACCTCCAA,2
spatial-atac-CCTCCTGAACGCTCGA,10
spatial-atac-CCTCCTGAACGTATCA,0
spatial-atac-CCTCCTGAACTATGCA,0
spatial-atac-CCTCCTGAAGAGTCAA,1
spatial-atac-CCTCCTGAAGATCGCA,6
spatial-atac-CCTCCTGAAGCAGGAA,3
spatial-atac-CCTCCTGAAGTCACTA,1
spatial-atac-CCTCCTGAATCCTGTA,1
spatial-atac-CCTCCTGAATTGAGGA,0
spatial-atac-CCTCCTGACAACCACA,1
spatial-atac-CCTCCTGAGACTAGTA,0
spatial-atac-CCTCCTGACAATGGAA,1
spatial-atac-CCTCCTGACACTTCGA,1
spatial-atac-CCTCCTGACAGCGTTA,0
spatial-atac-CCTCCTGACATACCAA,1
spatial-atac-CCTCCTGACCAGTTCA,1
spatial-atac-CCTCCTGACCGAAGTA,1
spatial-atac-CCTCCTGACCGTGAGA,0
spatial-atac-CCTCCTGACCTCCTGA,1
spatial-atac-CCTCCTGACGAACTTA,1
spatial-atac-CCTCCTGACGACTGGA,1
spatial-atac-CCTCCTGACGCATACA,2
spatial-atac-CCTCCTGACTCAATGA,1
spatial-atac-CCTCCTGACTGAGCCA,1
spatial-atac-CCTCCTGACTGGCATA,4
spatial-atac-CCTCCTGAGAATCTGA,1
spatial-atac-CCTCCTGACAAGACTA,1
spatial-atac-CCTCCTGAGAGCTGAA,1
spatial-atac-CCTCCTGAGATAGACA,1
spatial-atac-CCTCCTGAGCCACATA,4
spatial-atac-CGAACTTAACATTGGC,3
spatial-atac-CGAACTTACAGATCTG,0
spatial-atac-CGAACTTACATCAAGT,0
spatial-atac-CGAACTTACGCTGATC,11
spatial-atac-CGAACTTAACAAGCTA,5
spatial-atac-CGAACTTACTGTAGCC,7
spatial-atac-CGAACTTAAGTACAAG,1
spatial-atac-CGAACTTAAACAACCA,1
spatial-atac-CGAACTTAAAGACGGA,1
spatial-atac-CGAACTTAAAGGTACA,5
spatial-atac-CGAACTTAACACAGAA,2
spatial-atac-CGAACTTAACAGCAGA,5
spatial-atac-CGAACTTAACCTCCAA,0
spatial-atac-CGAACTTAACGCTCGA,0
spatial-atac-CGAACTTAACGTATCA,0
spatial-atac-CGAACTTAACTATGCA,0
spatial-atac-CGAACTTAAGAGTCAA,3
spatial-atac-CGAACTTAAGATCGCA,6
spatial-atac-CGAACTTAAGCAGGAA,1
spatial-atac-CGAACTTAAGTCACTA,8
spatial-atac-CGAACTTAATCCTGTA,1
spatial-atac-CGAACTTAATTGAGGA,0
spatial-atac-CGAACTTACAACCACA,1
spatial-atac-CGAACTTAGACTAGTA,0
spatial-atac-CGAACTTACAATGGAA,1
spatial-atac-CGAACTTACACTTCGA,1
spatial-atac-CGAACTTACAGCGTTA,0
spatial-atac-CGAACTTACATACCAA,1
spatial-atac-CGAACTTACCAGTTCA,1
spatial-atac-CGAACTTACCGAAGTA,4
spatial-atac-CGAACTTACCGTGAGA,0
spatial-atac-CGAACTTACCTCCTGA,1
spatial-atac-CGAACTTACGAACTTA,1
spatial-atac-CGAACTTACGACTGGA,1
spatial-atac-CGAACTTACGCATACA,2
spatial-atac-CGAACTTACTCAATGA,0
spatial-atac-CGAACTTACTGAGCCA,0
spatial-atac-CGAACTTACTGGCATA,0
spatial-atac-CGAACTTAGAATCTGA,1
spatial-atac-CGAACTTACAAGACTA,1
spatial-atac-CGAACTTAGAGCTGAA,0
spatial-atac-CGAACTTAGATAGACA,1
spatial-atac-CGAACTTAGCCACATA,4
spatial-atac-CGACTGGAACCACTGT,11
spatial-atac-CGACTGGAACATTGGC,0
spatial-atac-CGACTGGACAGATCTG,0
spatial-atac-CGACTGGACATCAAGT,8
spatial-atac-CGACTGGACGCTGATC,3
spatial-atac-CGACTGGAACAAGCTA,0
spatial-atac-CGACTGGACTGTAGCC,0
spatial-atac-CGACTGGAAACCGAGA,2
spatial-atac-CGACTGGAAAGGTACA,0
spatial-atac-CGACTGGAACACAGAA,2
spatial-atac-CGACTGGAACAGCAGA,11
spatial-atac-CGACTGGAACCTCCAA,3
spatial-atac-CGACTGGAACGCTCGA,3
spatial-atac-CGACTGGAACGTATCA,0
spatial-atac-CGACTGGAACTATGCA,1
spatial-atac-CGACTGGAAGAGTCAA,1
spatial-atac-CGACTGGAAGATCGCA,6
spatial-atac-CGACTGGAAGCAGGAA,1
spatial-atac-CGACTGGAAGTCACTA,1
spatial-atac-CGACTGGAATCCTGTA,11
spatial-atac-CGACTGGAATTGAGGA,1
spatial-atac-CGACTGGACAACCACA,0
spatial-atac-CGACTGGAGACTAGTA,0
spatial-atac-CGACTGGACAATGGAA,1
spatial-atac-CGACTGGACACTTCGA,1
spatial-atac-CGACTGGACAGCGTTA,0
spatial-atac-CGACTGGACATACCAA,1
spatial-atac-CGACTGGACCAGTTCA,1
spatial-atac-CGACTGGACCGAAGTA,1
spatial-atac-CGACTGGACCGTGAGA,0
spatial-atac-CGACTGGACCTCCTGA,1
spatial-atac-CGACTGGACGAACTTA,1
spatial-atac-CGACTGGACGACTGGA,1
spatial-atac-CGACTGGACGCATACA,3
spatial-atac-CGACTGGACTCAATGA,0
spatial-atac-CGACTGGACTGAGCCA,1
spatial-atac-CGACTGGACTGGCATA,1
spatial-atac-CGACTGGAGAATCTGA,4
spatial-atac-CGACTGGACAAGACTA,4
spatial-atac-CGACTGGAGAGCTGAA,1
spatial-atac-CGACTGGAGATAGACA,1
spatial-atac-CGACTGGAGCCACATA,4
spatial-atac-CGCATACAAGTGGTCA,2
spatial-atac-CGCATACAACCACTGT,0
spatial-atac-CGCATACAACATTGGC,11
spatial-atac-CGCATACACAGATCTG,5
spatial-atac-CGCATACACATCAAGT,0
spatial-atac-CGCATACACGCTGATC,0
spatial-atac-CGCATACAACAAGCTA,3
spatial-atac-CGCATACACTGTAGCC,3
spatial-atac-CGCATACAAGTACAAG,1
spatial-atac-CGCATACAAACAACCA,3
spatial-atac-CGCATACAAACCGAGA,0
spatial-atac-CGCATACAACACAGAA,3
spatial-atac-CGCATACAACAGCAGA,0
spatial-atac-CGCATACAACCTCCAA,0
spatial-atac-CGCATACAACGCTCGA,8
spatial-atac-CGCATACAACGTATCA,4
spatial-atac-CGCATACAACTATGCA,9
spatial-atac-CGCATACAAGAGTCAA,1
spatial-atac-CGCATACAAGATCGCA,2
spatial-atac-CGCATACAAGCAGGAA,0
spatial-atac-CGCATACAAGTCACTA,0
spatial-atac-CGCATACAATCCTGTA,1
spatial-atac-CGCATACAATTGAGGA,1
spatial-atac-CGCATACACAACCACA,1
spatial-atac-CGCATACAGACTAGTA,4
spatial-atac-CGCATACACAATGGAA,1
spatial-atac-CGCATACACACTTCGA,1
spatial-atac-CGCATACACAGCGTTA,0
spatial-atac-CGCATACACATACCAA,4
spatial-atac-CGCATACACCAGTTCA,0
spatial-atac-CGCATACACCGAAGTA,1
spatial-atac-CGCATACACCGTGAGA,0
spatial-atac-CGCATACACCTCCTGA,0
spatial-atac-CGCATACACGAACTTA,1
spatial-atac-CGCATACACGACTGGA,1
spatial-atac-CGCATACACGCATACA,2
spatial-atac-CGCATACACTCAATGA,0
spatial-atac-CGCATACACTGAGCCA,1
spatial-atac-CGCATACACTGGCATA,1
spatial-atac-CGCATACAGAATCTGA,1
spatial-atac-CGCATACACAAGACTA,1
spatial-atac-CGCATACAGAGCTGAA,4
spatial-atac-CGCATACAGATAGACA,1
spatial-atac-CGCATACAGCCACATA,4
spatial-atac-CTCAATGAATGCCTAA,3
spatial-atac-CTCAATGAAGTGGTCA,2
spatial-atac-CTCAATGAACCACTGT,0
spatial-atac-CTCAATGAACATTGGC,0
spatial-atac-CTCAATGACATCAAGT,0
spatial-atac-CTCAATGAACACAGAA,7
spatial-atac-CTCAATGAACAGCAGA,0
spatial-atac-CTCAATGAACCTCCAA,0
spatial-atac-CTCAATGAACGCTCGA,0
spatial-atac-CTCAATGAACGTATCA,0
spatial-atac-CTCAATGAACTATGCA,0
spatial-atac-CTCAATGAAGAGTCAA,1
spatial-atac-CTCAATGAAGATCGCA,6
spatial-atac-CTCAATGAAGCAGGAA,1
spatial-atac-CTCAATGAAGTCACTA,0
spatial-atac-CTCAATGAATCCTGTA,0
spatial-atac-CTCAATGAATTGAGGA,4
spatial-atac-CTCAATGACAACCACA,1
spatial-atac-CTCAATGAGACTAGTA,1
spatial-atac-CTCAATGACAATGGAA,1
spatial-atac-CTCAATGACACTTCGA,1
spatial-atac-CTCAATGACAGCGTTA,3
spatial-atac-CTCAATGACATACCAA,1
spatial-atac-CTCAATGACCAGTTCA,11
spatial-atac-CTCAATGACCGAAGTA,1
spatial-atac-CTCAATGACCGTGAGA,1
spatial-atac-CTCAATGACCTCCTGA,4
spatial-atac-CTCAATGACGAACTTA,0
spatial-atac-CTCAATGACGACTGGA,1
spatial-atac-CTCAATGACGCATACA,7
spatial-atac-CTCAATGACTCAATGA,0
spatial-atac-CTCAATGACTGAGCCA,1
spatial-atac-CTCAATGACTGGCATA,1
spatial-atac-CTCAATGAGAATCTGA,4
spatial-atac-CTCAATGACAAGACTA,3
spatial-atac-CTCAATGAGAGCTGAA,1
spatial-atac-CTCAATGAGATAGACA,1
spatial-atac-CTCAATGAGCCACATA,4
spatial-atac-CTGAGCCAATGCCTAA,1
spatial-atac-CTGAGCCAAGTGGTCA,2
spatial-atac-CTGAGCCAACCACTGT,0
spatial-atac-CTGAGCCAAGTACAAG,7
spatial-atac-CTGAGCCAAACAACCA,7
spatial-atac-CTGAGCCAAACCGAGA,7
spatial-atac-CTGAGCCAAACGCTTA,7
spatial-atac-CTGAGCCAAAGACGGA,7
spatial-atac-CTGAGCCAAAGGTACA,0
spatial-atac-CTGAGCCAACACAGAA,7
spatial-atac-CTGAGCCAACAGCAGA,7
spatial-atac-CTGAGCCAACCTCCAA,7
spatial-atac-CTGAGCCAACGCTCGA,0
spatial-atac-CTGAGCCAACGTATCA,1
spatial-atac-CTGAGCCAACTATGCA,0
spatial-atac-CTGAGCCAAGAGTCAA,1
spatial-atac-CTGAGCCAAGATCGCA,6
spatial-atac-CTGAGCCAAGCAGGAA,1
spatial-atac-CTGAGCCAAGTCACTA,1
spatial-atac-CTGAGCCAATCCTGTA,1
spatial-atac-CTGAGCCAATTGAGGA,1
spatial-atac-CTGAGCCACAACCACA,1
spatial-atac-CTGAGCCAGACTAGTA,1
spatial-atac-CTGAGCCACAATGGAA,1
spatial-atac-CTGAGCCACACTTCGA,1
spatial-atac-CTGAGCCACAGCGTTA,0
spatial-atac-CTGAGCCACATACCAA,1
spatial-atac-CTGAGCCACCAGTTCA,1
spatial-atac-CTGAGCCACCGAAGTA,1
spatial-atac-CTGAGCCACCGTGAGA,1
spatial-atac-CTGAGCCACCTCCTGA,0
spatial-atac-CTGAGCCACGAACTTA,11
spatial-atac-CTGAGCCACGACTGGA,1
spatial-atac-CTGAGCCACGCATACA,2
spatial-atac-CTGAGCCACTCAATGA,1
spatial-atac-CTGAGCCACTGAGCCA,1
spatial-atac-CTGAGCCACTGGCATA,1
spatial-atac-CTGAGCCAGAATCTGA,1
spatial-atac-CTGAGCCACAAGACTA,0
spatial-atac-CTGAGCCAGAGCTGAA,1
spatial-atac-CTGAGCCAGATAGACA,1
spatial-atac-CTGAGCCAGCCACATA,1
spatial-atac-CTGGCATAAGTGGTCA,6
spatial-atac-CTGGCATACTGTAGCC,7
spatial-atac-CTGGCATAAGTACAAG,1
spatial-atac-CTGGCATAAACAACCA,4
spatial-atac-CTGGCATAAACCGAGA,1
spatial-atac-CTGGCATAAACGCTTA,7
spatial-atac-CTGGCATAAAGACGGA,0
spatial-atac-CTGGCATAAAGGTACA,0
spatial-atac-CTGGCATAACACAGAA,0
spatial-atac-CTGGCATAACAGCAGA,0
spatial-atac-CTGGCATAACCTCCAA,1
spatial-atac-CTGGCATAACGCTCGA,7
spatial-atac-CTGGCATAACGTATCA,7
spatial-atac-CTGGCATAACTATGCA,7
spatial-atac-CTGGCATAAGAGTCAA,3
spatial-atac-CTGGCATAAGATCGCA,6
spatial-atac-CTGGCATAAGCAGGAA,4
spatial-atac-CTGGCATAAGTCACTA,1
spatial-atac-CTGGCATAATCCTGTA,0
spatial-atac-CTGGCATAATTGAGGA,4
spatial-atac-CTGGCATACAACCACA,0
spatial-atac-CTGGCATAGACTAGTA,1
spatial-atac-CTGGCATACAATGGAA,1
spatial-atac-CTGGCATACACTTCGA,1
spatial-atac-CTGGCATACAGCGTTA,0
spatial-atac-CTGGCATACATACCAA,1
spatial-atac-CTGGCATACCAGTTCA,1
spatial-atac-CTGGCATACCGAAGTA,0
spatial-atac-CTGGCATACCGTGAGA,1
spatial-atac-CTGGCATACCTCCTGA,1
spatial-atac-CTGGCATACGAACTTA,1
spatial-atac-CTGGCATACGACTGGA,11
spatial-atac-CTGGCATACGCATACA,0
spatial-atac-CTGGCATACTCAATGA,1
spatial-atac-CTGGCATACTGAGCCA,1
spatial-atac-CTGGCATACTGGCATA,1
spatial-atac-CTGGCATAGAATCTGA,1
spatial-atac-CTGGCATACAAGACTA,3
spatial-atac-CTGGCATAGAGCTGAA,1
spatial-atac-CTGGCATAGATAGACA,1
spatial-atac-CTGGCATAGCCACATA,1
spatial-atac-GAATCTGACTGTAGCC,7
spatial-atac-GAATCTGAAGTACAAG,4
spatial-atac-GAATCTGAAACAACCA,3
spatial-atac-GAATCTGAAACCGAGA,1
spatial-atac-GAATCTGAAACGCTTA,1
spatial-atac-GAATCTGAAAGACGGA,0
spatial-atac-GAATCTGAAAGGTACA,1
spatial-atac-GAATCTGAACACAGAA,0
spatial-atac-GAATCTGAACAGCAGA,0
spatial-atac-GAATCTGAACCTCCAA,0
spatial-atac-GAATCTGAACGCTCGA,0
spatial-atac-GAATCTGAACGTATCA,10
spatial-atac-GAATCTGAACTATGCA,0
spatial-atac-GAATCTGAAGAGTCAA,0
spatial-atac-GAATCTGAAGATCGCA,6
spatial-atac-GAATCTGAAGCAGGAA,3
spatial-atac-GAATCTGAAGTCACTA,1
spatial-atac-GAATCTGAATCCTGTA,4
spatial-atac-GAATCTGAATTGAGGA,8
spatial-atac-GAATCTGACAACCACA,1
spatial-atac-GAATCTGAGACTAGTA,1
spatial-atac-GAATCTGACAATGGAA,1
spatial-atac-GAATCTGACACTTCGA,1
spatial-atac-GAATCTGACAGCGTTA,0
spatial-atac-GAATCTGACATACCAA,0
spatial-atac-GAATCTGACCAGTTCA,1
spatial-atac-GAATCTGACCGAAGTA,8
spatial-atac-GAATCTGACCGTGAGA,1
spatial-atac-GAATCTGACCTCCTGA,1
spatial-atac-GAATCTGACGAACTTA,5
spatial-atac-GAATCTGACGACTGGA,4
spatial-atac-GAATCTGACGCATACA,0
spatial-atac-GAATCTGACTCAATGA,1
spatial-atac-GAATCTGACTGAGCCA,1
spatial-atac-GAATCTGACTGGCATA,1
spatial-atac-GAATCTGAGAATCTGA,1
spatial-atac-GAATCTGACAAGACTA,1
spatial-atac-GAATCTGAGAGCTGAA,4
spatial-atac-GAATCTGAGATAGACA,1
spatial-atac-GAATCTGAGCCACATA,4
spatial-atac-CAAGACTAACCACTGT,3
spatial-atac-CAAGACTAACATTGGC,0
spatial-atac-CAAGACTACAGATCTG,1
spatial-atac-CAAGACTACATCAAGT,7
spatial-atac-CAAGACTACGCTGATC,3
spatial-atac-CAAGACTACTGTAGCC,0
spatial-atac-CAAGACTAAGTACAAG,0
spatial-atac-CAAGACTAAACAACCA,7
spatial-atac-CAAGACTAAACCGAGA,1
spatial-atac-CAAGACTAAACGCTTA,7
spatial-atac-CAAGACTAAAGACGGA,1
spatial-atac-CAAGACTAAAGGTACA,1
spatial-atac-CAAGACTAACACAGAA,7
spatial-atac-CAAGACTAACAGCAGA,0
spatial-atac-CAAGACTAACCTCCAA,0
spatial-atac-CAAGACTAACGCTCGA,1
spatial-atac-CAAGACTAACGTATCA,1
spatial-atac-CAAGACTAACTATGCA,4
spatial-atac-CAAGACTAAGAGTCAA,1
spatial-atac-CAAGACTAAGATCGCA,6
spatial-atac-CAAGACTAAGCAGGAA,1
spatial-atac-CAAGACTAAGTCACTA,0
spatial-atac-CAAGACTAATCCTGTA,1
spatial-atac-CAAGACTAATTGAGGA,1
spatial-atac-CAAGACTACAACCACA,1
spatial-atac-CAAGACTAGACTAGTA,1
spatial-atac-CAAGACTACAATGGAA,1
spatial-atac-CAAGACTACACTTCGA,1
spatial-atac-CAAGACTACAGCGTTA,0
spatial-atac-CAAGACTACATACCAA,1
spatial-atac-CAAGACTACCAGTTCA,8
spatial-atac-CAAGACTACCGAAGTA,1
spatial-atac-CAAGACTACCGTGAGA,0
spatial-atac-CAAGACTACCTCCTGA,3
spatial-atac-CAAGACTACGAACTTA,5
spatial-atac-CAAGACTACGACTGGA,1
spatial-atac-CAAGACTACGCATACA,0
spatial-atac-CAAGACTACTCAATGA,1
spatial-atac-CAAGACTACTGAGCCA,1
spatial-atac-CAAGACTACTGGCATA,1
spatial-atac-CAAGACTAGAATCTGA,4
spatial-atac-CAAGACTACAAGACTA,4
spatial-atac-CAAGACTAGAGCTGAA,4
spatial-atac-CAAGACTAGATAGACA,0
spatial-atac-CAAGACTAGCCACATA,4
spatial-atac-GAGCTGAAAGTGGTCA,3
spatial-atac-GAGCTGAAACCACTGT,3
spatial-atac-GAGCTGAAACATTGGC,2
spatial-atac-GAGCTGAACAGATCTG,0
spatial-atac-GAGCTGAACATCAAGT,4
spatial-atac-GAGCTGAACGCTGATC,0
spatial-atac-GAGCTGAAACAAGCTA,0
spatial-atac-GAGCTGAACTGTAGCC,7
spatial-atac-GAGCTGAAAGTACAAG,0
spatial-atac-GAGCTGAAAACAACCA,4
spatial-atac-GAGCTGAAAACCGAGA,3
spatial-atac-GAGCTGAAAACGCTTA,0
spatial-atac-GAGCTGAAAAGACGGA,0
spatial-atac-GAGCTGAAAAGGTACA,1
spatial-atac-GAGCTGAAACACAGAA,1
spatial-atac-GAGCTGAAACAGCAGA,1
spatial-atac-GAGCTGAAACCTCCAA,1
spatial-atac-GAGCTGAAACGCTCGA,0
spatial-atac-GAGCTGAAACGTATCA,0
spatial-atac-GAGCTGAAACTATGCA,0
spatial-atac-GAGCTGAAAGAGTCAA,1
spatial-atac-GAGCTGAAAGATCGCA,6
spatial-atac-GAGCTGAAAGCAGGAA,0
spatial-atac-GAGCTGAAAGTCACTA,1
spatial-atac-GAGCTGAAATCCTGTA,0
spatial-atac-GAGCTGAAATTGAGGA,0
spatial-atac-GAGCTGAACAACCACA,3
spatial-atac-GAGCTGAAGACTAGTA,0
spatial-atac-GAGCTGAACAATGGAA,0
spatial-atac-GAGCTGAACACTTCGA,1
spatial-atac-GAGCTGAACAGCGTTA,0
spatial-atac-GAGCTGAACATACCAA,1
spatial-atac-GAGCTGAACCAGTTCA,1
spatial-atac-GAGCTGAACCGAAGTA,0
spatial-atac-GAGCTGAACCGTGAGA,3
spatial-atac-GAGCTGAACCTCCTGA,11
spatial-atac-GAGCTGAACGAACTTA,4
spatial-atac-GAGCTGAACGACTGGA,1
spatial-atac-GAGCTGAACGCATACA,0
spatial-atac-GAGCTGAACTCAATGA,4
spatial-atac-GAGCTGAACTGAGCCA,1
spatial-atac-GAGCTGAACTGGCATA,4
spatial-atac-GAGCTGAAGAATCTGA,4
spatial-atac-GAGCTGAACAAGACTA,4
spatial-atac-GAGCTGAAGAGCTGAA,5
spatial-atac-GAGCTGAAGATAGACA,1
spatial-atac-GAGCTGAAGCCACATA,4
spatial-atac-GATAGACAATGCCTAA,0
spatial-atac-GATAGACAAGTGGTCA,2
spatial-atac-GATAGACAACCACTGT,3
spatial-atac-GATAGACAACATTGGC,3
spatial-atac-GATAGACACAGATCTG,2
spatial-atac-GATAGACACATCAAGT,1
spatial-atac-GATAGACACGCTGATC,0
spatial-atac-GATAGACAACAAGCTA,0
spatial-atac-GATAGACACTGTAGCC,0
spatial-atac-GATAGACAAGTACAAG,7
spatial-atac-GATAGACAAACAACCA,7
spatial-atac-GATAGACAAACCGAGA,0
spatial-atac-GATAGACAAACGCTTA,0
spatial-atac-GATAGACAAAGACGGA,1
spatial-atac-GATAGACAAAGGTACA,0
spatial-atac-GATAGACAACACAGAA,1
spatial-atac-GATAGACAACAGCAGA,1
spatial-atac-GATAGACAACCTCCAA,0
spatial-atac-GATAGACAACGCTCGA,0
spatial-atac-GATAGACAACGTATCA,0
spatial-atac-GATAGACAACTATGCA,1
spatial-atac-GATAGACAAGAGTCAA,0
spatial-atac-GATAGACAAGATCGCA,2
spatial-atac-GATAGACAAGCAGGAA,1
spatial-atac-GATAGACAAGTCACTA,1
spatial-atac-GATAGACAATCCTGTA,1
spatial-atac-GATAGACAATTGAGGA,0
spatial-atac-GATAGACACAACCACA,0
spatial-atac-GATAGACAGACTAGTA,0
spatial-atac-GATAGACACAATGGAA,11
spatial-atac-GATAGACACACTTCGA,0
spatial-atac-GATAGACACAGCGTTA,0
spatial-atac-GATAGACACATACCAA,1
spatial-atac-GATAGACACCAGTTCA,0
spatial-atac-GATAGACACCGAAGTA,0
spatial-atac-GATAGACACCGTGAGA,3
spatial-atac-GATAGACACCTCCTGA,11
spatial-atac-GATAGACACGAACTTA,1
spatial-atac-GATAGACACGACTGGA,0
spatial-atac-GATAGACACGCATACA,0
spatial-atac-GATAGACACTCAATGA,1
spatial-atac-GATAGACACTGAGCCA,0
spatial-atac-GATAGACACTGGCATA,0
spatial-atac-GATAGACAGAATCTGA,0
spatial-atac-GATAGACACAAGACTA,5
spatial-atac-GATAGACAGAGCTGAA,1
spatial-atac-GATAGACAGATAGACA,0
spatial-atac-GATAGACAGCCACATA,0
spatial-atac-GCCACATAATGCCTAA,2
spatial-atac-GCCACATAAGTGGTCA,2
spatial-atac-GCCACATAACCACTGT,2
spatial-atac-GCCACATAACATTGGC,3
spatial-atac-GCCACATACAGATCTG,0
spatial-atac-GCCACATACATCAAGT,0
spatial-atac-GCCACATACGCTGATC,0
spatial-atac-GCCACATAACAAGCTA,3
spatial-atac-GCCACATACTGTAGCC,9
spatial-atac-GCCACATAAGTACAAG,0
spatial-atac-GCCACATAAACAACCA,0
spatial-atac-GCCACATAAACCGAGA,1
spatial-atac-GCCACATAAACGCTTA,5
spatial-atac-GCCACATAAAGACGGA,3
spatial-atac-GCCACATAAAGGTACA,2
spatial-atac-GCCACATAACACAGAA,3
spatial-atac-GCCACATAACAGCAGA,0
spatial-atac-GCCACATAACCTCCAA,3
spatial-atac-GCCACATAACGCTCGA,1
spatial-atac-GCCACATAACGTATCA,0
spatial-atac-GCCACATAACTATGCA,0
spatial-atac-GCCACATAAGAGTCAA,1
spatial-atac-GCCACATAAGATCGCA,6
spatial-atac-GCCACATAAGCAGGAA,1
spatial-atac-GCCACATAAGTCACTA,1
spatial-atac-GCCACATAATCCTGTA,0
spatial-atac-GCCACATAATTGAGGA,0
spatial-atac-GCCACATACAACCACA,1
spatial-atac-GCCACATAGACTAGTA,11
spatial-atac-GCCACATACAATGGAA,8
spatial-atac-GCCACATACACTTCGA,1
spatial-atac-GCCACATACAGCGTTA,0
spatial-atac-GCCACATACATACCAA,1
spatial-atac-GCCACATACCAGTTCA,0
spatial-atac-GCCACATACCGAAGTA,0
spatial-atac-GCCACATACCGTGAGA,0
spatial-atac-GCCACATACCTCCTGA,8
spatial-atac-GCCACATACGAACTTA,8
spatial-atac-GCCACATACGACTGGA,8
spatial-atac-GCCACATACGCATACA,2
spatial-atac-GCCACATACTCAATGA,11
spatial-atac-GCCACATACTGAGCCA,0
spatial-atac-GCCACATACTGGCATA,4
spatial-atac-GCCACATAGAATCTGA,1
spatial-atac-GCCACATACAAGACTA,4
spatial-atac-GCCACATAGAGCTGAA,4
spatial-atac-GCCACATAGATAGACA,2
spatial-atac-GCCACATAGCCACATA,1
cut-H3K4me3-AACGTGATAAACATCG,5
cut-H3K4me3-AACGTGATATGCCTAA,5
cut-H3K4me3-AACGTGATAGTGGTCA,5
cut-H3K4me3-AACGTGATACCACTGT,5
cut-H3K4me3-AACGTGATACATTGGC,5
cut-H3K4me3-AACGTGATCAGATCTG,5
cut-H3K4me3-AACGTGATCATCAAGT,6
cut-H3K4me3-AACGTGATCGCTGATC,4
cut-H3K4me3-AACGTGATACAAGCTA,1
cut-H3K4me3-AACGTGATCTGTAGCC,5
cut-H3K4me3-AACGTGATAGTACAAG,5
cut-H3K4me3-AACGTGATAACAACCA,1
cut-H3K4me3-AACGTGATAACCGAGA,5
cut-H3K4me3-AACGTGATAACGCTTA,5
cut-H3K4me3-AACGTGATAAGACGGA,2
cut-H3K4me3-AACGTGATAAGGTACA,5
cut-H3K4me3-AACGTGATACACAGAA,1
cut-H3K4me3-AACGTGATACAGCAGA,1
cut-H3K4me3-AACGTGATACCTCCAA,1
cut-H3K4me3-AACGTGATACGCTCGA,10
cut-H3K4me3-AACGTGATACGTATCA,6
cut-H3K4me3-AACGTGATACTATGCA,0
cut-H3K4me3-AACGTGATAGAGTCAA,1
cut-H3K4me3-AACGTGATAGATCGCA,0
cut-H3K4me3-AACGTGATAGCAGGAA,1
cut-H3K4me3-AACGTGATAGTCACTA,10
cut-H3K4me3-AACGTGATATCCTGTA,1
cut-H3K4me3-AACGTGATATTGAGGA,1
cut-H3K4me3-AACGTGATCAACCACA,1
cut-H3K4me3-AACGTGATGACTAGTA,1
cut-H3K4me3-AACGTGATCAATGGAA,1
cut-H3K4me3-AACGTGATCACTTCGA,1
cut-H3K4me3-AACGTGATCAGCGTTA,1
cut-H3K4me3-AACGTGATCATACCAA,1
cut-H3K4me3-AACGTGATCCAGTTCA,1
cut-H3K4me3-AACGTGATCCGAAGTA,1
cut-H3K4me3-AACGTGATCCGTGAGA,1
cut-H3K4me3-AACGTGATCCTCCTGA,5
cut-H3K4me3-AACGTGATCGAACTTA,1
cut-H3K4me3-AACGTGATCGACTGGA,0
cut-H3K4me3-AAACATCGAACGTGAT,5
cut-H3K4me3-AAACATCGAAACATCG,5
cut-H3K4me3-AAACATCGATGCCTAA,5
cut-H3K4me3-AAACATCGAGTGGTCA,5
cut-H3K4me3-AAACATCGACCACTGT,5
cut-H3K4me3-AAACATCGACATTGGC,5
cut-H3K4me3-AAACATCGCAGATCTG,5
cut-H3K4me3-AAACATCGCATCAAGT,6
cut-H3K4me3-AAACATCGCGCTGATC,5
cut-H3K4me3-AAACATCGACAAGCTA,5
cut-H3K4me3-AAACATCGCTGTAGCC,2
cut-H3K4me3-AAACATCGAGTACAAG,5
cut-H3K4me3-AAACATCGAACAACCA,5
cut-H3K4me3-AAACATCGAACCGAGA,1
cut-H3K4me3-AAACATCGAACGCTTA,5
cut-H3K4me3-AAACATCGAAGACGGA,3
cut-H3K4me3-AAACATCGAAGGTACA,5
cut-H3K4me3-AAACATCGACACAGAA,5
cut-H3K4me3-AAACATCGACAGCAGA,1
cut-H3K4me3-AAACATCGACCTCCAA,1
cut-H3K4me3-AAACATCGACGCTCGA,1
cut-H3K4me3-AAACATCGACGTATCA,6
cut-H3K4me3-AAACATCGACTATGCA,5
cut-H3K4me3-AAACATCGAGAGTCAA,1
cut-H3K4me3-AAACATCGAGATCGCA,8
cut-H3K4me3-AAACATCGAGCAGGAA,1
cut-H3K4me3-AAACATCGAGTCACTA,5
cut-H3K4me3-AAACATCGATCCTGTA,1
cut-H3K4me3-AAACATCGATTGAGGA,1
cut-H3K4me3-AAACATCGCAACCACA,1
cut-H3K4me3-AAACATCGGACTAGTA,1
cut-H3K4me3-AAACATCGCAATGGAA,1
cut-H3K4me3-AAACATCGCACTTCGA,1
cut-H3K4me3-AAACATCGCAGCGTTA,1
cut-H3K4me3-AAACATCGCATACCAA,1
cut-H3K4me3-AAACATCGCCAGTTCA,1
cut-H3K4me3-AAACATCGCCGAAGTA,1
cut-H3K4me3-AAACATCGCCGTGAGA,1
cut-H3K4me3-AAACATCGCCTCCTGA,5
cut-H3K4me3-AAACATCGCGAACTTA,1
cut-H3K4me3-AAACATCGCGACTGGA,2
cut-H3K4me3-ATGCCTAAAACGTGAT,5
cut-H3K4me3-ATGCCTAAAAACATCG,5
cut-H3K4me3-ATGCCTAAATGCCTAA,5
cut-H3K4me3-ATGCCTAAAGTGGTCA,5
cut-H3K4me3-ATGCCTAAACCACTGT,5
cut-H3K4me3-ATGCCTAAACATTGGC,5
cut-H3K4me3-ATGCCTAACAGATCTG,2
cut-H3K4me3-ATGCCTAACATCAAGT,6
cut-H3K4me3-ATGCCTAACGCTGATC,3
cut-H3K4me3-ATGCCTAAACAAGCTA,5
cut-H3K4me3-ATGCCTAACTGTAGCC,2
cut-H3K4me3-ATGCCTAAAGTACAAG,6
cut-H3K4me3-ATGCCTAAAACAACCA,5
cut-H3K4me3-ATGCCTAAAACCGAGA,5
cut-H3K4me3-ATGCCTAAAACGCTTA,5
cut-H3K4me3-ATGCCTAAAAGACGGA,4
cut-H3K4me3-ATGCCTAAAAGGTACA,5
cut-H3K4me3-ATGCCTAAACACAGAA,1
cut-H3K4me3-ATGCCTAAACAGCAGA,1
cut-H3K4me3-ATGCCTAAACCTCCAA,1
cut-H3K4me3-ATGCCTAAACGCTCGA,1
cut-H3K4me3-ATGCCTAAACGTATCA,6
cut-H3K4me3-ATGCCTAAACTATGCA,1
cut-H3K4me3-ATGCCTAAAGAGTCAA,1
cut-H3K4me3-ATGCCTAAAGATCGCA,1
cut-H3K4me3-ATGCCTAAAGCAGGAA,1
cut-H3K4me3-ATGCCTAAAGTCACTA,1
cut-H3K4me3-ATGCCTAAATCCTGTA,1
cut-H3K4me3-ATGCCTAAATTGAGGA,1
cut-H3K4me3-ATGCCTAACAACCACA,1
cut-H3K4me3-ATGCCTAAGACTAGTA,1
cut-H3K4me3-ATGCCTAACAATGGAA,1
cut-H3K4me3-ATGCCTAACACTTCGA,1
cut-H3K4me3-ATGCCTAACAGCGTTA,1
cut-H3K4me3-ATGCCTAACATACCAA,1
cut-H3K4me3-ATGCCTAACCAGTTCA,1
cut-H3K4me3-ATGCCTAACCGAAGTA,1
cut-H3K4me3-ATGCCTAACCGTGAGA,1
cut-H3K4me3-ATGCCTAACCTCCTGA,2
cut-H3K4me3-ATGCCTAACGAACTTA,5
cut-H3K4me3-ATGCCTAACGACTGGA,2
cut-H3K4me3-ATGCCTAACGCATACA,2
cut-H3K4me3-ATGCCTAACTCAATGA,2
cut-H3K4me3-AGTGGTCAAACGTGAT,5
cut-H3K4me3-AGTGGTCAAAACATCG,5
cut-H3K4me3-AGTGGTCAATGCCTAA,2
cut-H3K4me3-AGTGGTCAAGTGGTCA,2
cut-H3K4me3-AGTGGTCAACCACTGT,5
cut-H3K4me3-AGTGGTCAACATTGGC,2
cut-H3K4me3-AGTGGTCACAGATCTG,2
cut-H3K4me3-AGTGGTCACATCAAGT,6
cut-H3K4me3-AGTGGTCACGCTGATC,2
cut-H3K4me3-AGTGGTCAACAAGCTA,2
cut-H3K4me3-AGTGGTCACTGTAGCC,2
cut-H3K4me3-AGTGGTCAAGTACAAG,2
cut-H3K4me3-AGTGGTCAAACAACCA,2
cut-H3K4me3-AGTGGTCAAACCGAGA,5
cut-H3K4me3-AGTGGTCAAACGCTTA,5
cut-H3K4me3-AGTGGTCAAAGACGGA,5
cut-H3K4me3-AGTGGTCAAAGGTACA,5
cut-H3K4me3-AGTGGTCAACACAGAA,1
cut-H3K4me3-AGTGGTCAACAGCAGA,5
cut-H3K4me3-AGTGGTCAACCTCCAA,1
cut-H3K4me3-AGTGGTCAACGCTCGA,1
cut-H3K4me3-AGTGGTCAACGTATCA,6
cut-H3K4me3-AGTGGTCAACTATGCA,1
cut-H3K4me3-AGTGGTCAAGAGTCAA,1
cut-H3K4me3-AGTGGTCAAGATCGCA,1
cut-H3K4me3-AGTGGTCAAGCAGGAA,4
cut-H3K4me3-AGTGGTCAAGTCACTA,1
cut-H3K4me3-AGTGGTCAATCCTGTA,1
cut-H3K4me3-AGTGGTCAATTGAGGA,1
cut-H3K4me3-AGTGGTCACAACCACA,1
cut-H3K4me3-AGTGGTCAGACTAGTA,1
cut-H3K4me3-AGTGGTCACAATGGAA,1
cut-H3K4me3-AGTGGTCACACTTCGA,1
cut-H3K4me3-AGTGGTCACAGCGTTA,10
cut-H3K4me3-AGTGGTCACATACCAA,1
cut-H3K4me3-AGTGGTCACCAGTTCA,1
cut-H3K4me3-AGTGGTCACCGAAGTA,1
cut-H3K4me3-AGTGGTCACCGTGAGA,5
cut-H3K4me3-AGTGGTCACCTCCTGA,0
cut-H3K4me3-AGTGGTCACGAACTTA,5
cut-H3K4me3-AGTGGTCACGACTGGA,0
cut-H3K4me3-AGTGGTCACGCATACA,6
cut-H3K4me3-AGTGGTCACTCAATGA,2
cut-H3K4me3-ACCACTGTAACGTGAT,5
cut-H3K4me3-ACCACTGTAAACATCG,5
cut-H3K4me3-ACCACTGTATGCCTAA,2
cut-H3K4me3-ACCACTGTAGTGGTCA,2
cut-H3K4me3-ACCACTGTACCACTGT,5
cut-H3K4me3-ACCACTGTACATTGGC,2
cut-H3K4me3-ACCACTGTCAGATCTG,2
cut-H3K4me3-ACCACTGTCATCAAGT,6
cut-H3K4me3-ACCACTGTCGCTGATC,6
cut-H3K4me3-ACCACTGTACAAGCTA,0
cut-H3K4me3-ACCACTGTCTGTAGCC,2
cut-H3K4me3-ACCACTGTAGTACAAG,2
cut-H3K4me3-ACCACTGTAACAACCA,5
cut-H3K4me3-ACCACTGTAACCGAGA,2
cut-H3K4me3-ACCACTGTAACGCTTA,2
cut-H3K4me3-ACCACTGTAAGACGGA,5
cut-H3K4me3-ACCACTGTAAGGTACA,5
cut-H3K4me3-ACCACTGTACACAGAA,1
cut-H3K4me3-ACCACTGTACAGCAGA,1
cut-H3K4me3-ACCACTGTACCTCCAA,1
cut-H3K4me3-ACCACTGTACGCTCGA,1
cut-H3K4me3-ACCACTGTACGTATCA,6
cut-H3K4me3-ACCACTGTACTATGCA,1
cut-H3K4me3-ACCACTGTAGAGTCAA,8
cut-H3K4me3-ACCACTGTAGATCGCA,1
cut-H3K4me3-ACCACTGTAGCAGGAA,1
cut-H3K4me3-ACCACTGTAGTCACTA,1
cut-H3K4me3-ACCACTGTATCCTGTA,1
cut-H3K4me3-ACCACTGTATTGAGGA,1
cut-H3K4me3-ACCACTGTCAACCACA,1
cut-H3K4me3-ACCACTGTGACTAGTA,1
cut-H3K4me3-ACCACTGTCAATGGAA,10
cut-H3K4me3-ACCACTGTCACTTCGA,1
cut-H3K4me3-ACCACTGTCAGCGTTA,10
cut-H3K4me3-ACCACTGTCATACCAA,1
cut-H3K4me3-ACCACTGTCCAGTTCA,1
cut-H3K4me3-ACCACTGTCCGAAGTA,5
cut-H3K4me3-ACCACTGTCCGTGAGA,1
cut-H3K4me3-ACCACTGTCCTCCTGA,6
cut-H3K4me3-ACCACTGTCGAACTTA,0
cut-H3K4me3-ACATTGGCAACGTGAT,5
cut-H3K4me3-ACATTGGCAAACATCG,5
cut-H3K4me3-ACATTGGCATGCCTAA,5
cut-H3K4me3-ACATTGGCAGTGGTCA,2
cut-H3K4me3-ACATTGGCACCACTGT,4
cut-H3K4me3-ACATTGGCACATTGGC,2
cut-H3K4me3-ACATTGGCCAGATCTG,2
cut-H3K4me3-ACATTGGCCATCAAGT,6
cut-H3K4me3-ACATTGGCCGCTGATC,2
cut-H3K4me3-ACATTGGCCTGTAGCC,2
cut-H3K4me3-ACATTGGCAGTACAAG,6
cut-H3K4me3-ACATTGGCAACAACCA,5
cut-H3K4me3-ACATTGGCAACCGAGA,2
cut-H3K4me3-ACATTGGCAAGACGGA,2
cut-H3K4me3-ACATTGGCAAGGTACA,5
cut-H3K4me3-ACATTGGCACACAGAA,5
cut-H3K4me3-ACATTGGCACAGCAGA,1
cut-H3K4me3-ACATTGGCACCTCCAA,1
cut-H3K4me3-ACATTGGCACGCTCGA,1
cut-H3K4me3-ACATTGGCACGTATCA,6
cut-H3K4me3-ACATTGGCACTATGCA,1
cut-H3K4me3-ACATTGGCAGAGTCAA,1
cut-H3K4me3-ACATTGGCAGATCGCA,1
cut-H3K4me3-ACATTGGCAGCAGGAA,1
cut-H3K4me3-ACATTGGCAGTCACTA,1
cut-H3K4me3-ACATTGGCATCCTGTA,1
cut-H3K4me3-ACATTGGCATTGAGGA,1
cut-H3K4me3-ACATTGGCCAACCACA,1
cut-H3K4me3-ACATTGGCGACTAGTA,1
cut-H3K4me3-ACATTGGCCAATGGAA,11
cut-H3K4me3-ACATTGGCCACTTCGA,5
cut-H3K4me3-ACATTGGCCAGCGTTA,8
cut-H3K4me3-ACATTGGCCATACCAA,1
cut-H3K4me3-ACATTGGCCCAGTTCA,0
cut-H3K4me3-ACATTGGCCCGAAGTA,5
cut-H3K4me3-ACATTGGCCCGTGAGA,2
cut-H3K4me3-ACATTGGCCCTCCTGA,6
cut-H3K4me3-ACATTGGCCTGGCATA,2
cut-H3K4me3-ACATTGGCGAATCTGA,0
cut-H3K4me3-ACATTGGCCAAGACTA,6
cut-H3K4me3-CAGATCTGAACGTGAT,5
cut-H3K4me3-CAGATCTGAAACATCG,5
cut-H3K4me3-CAGATCTGATGCCTAA,5
cut-H3K4me3-CAGATCTGAGTGGTCA,5
cut-H3K4me3-CAGATCTGACCACTGT,5
cut-H3K4me3-CAGATCTGACATTGGC,2
cut-H3K4me3-CAGATCTGCAGATCTG,2
cut-H3K4me3-CAGATCTGCATCAAGT,6
cut-H3K4me3-CAGATCTGCGCTGATC,2
cut-H3K4me3-CAGATCTGAGTACAAG,2
cut-H3K4me3-CAGATCTGAACAACCA,2
cut-H3K4me3-CAGATCTGAAGGTACA,3
cut-H3K4me3-CAGATCTGACACAGAA,5
cut-H3K4me3-CAGATCTGACAGCAGA,5
cut-H3K4me3-CAGATCTGACCTCCAA,1
cut-H3K4me3-CAGATCTGACGCTCGA,1
cut-H3K4me3-CAGATCTGACGTATCA,6
cut-H3K4me3-CAGATCTGACTATGCA,1
cut-H3K4me3-CAGATCTGAGAGTCAA,1
cut-H3K4me3-CAGATCTGAGATCGCA,5
cut-H3K4me3-CAGATCTGAGCAGGAA,1
cut-H3K4me3-CAGATCTGAGTCACTA,1
cut-H3K4me3-CAGATCTGATCCTGTA,1
cut-H3K4me3-CAGATCTGATTGAGGA,1
cut-H3K4me3-CAGATCTGCAACCACA,1
cut-H3K4me3-CAGATCTGGACTAGTA,8
cut-H3K4me3-CAGATCTGCAATGGAA,11
cut-H3K4me3-CAGATCTGCACTTCGA,8
cut-H3K4me3-CAGATCTGCAGCGTTA,2
cut-H3K4me3-CAGATCTGCGCATACA,2
cut-H3K4me3-CAGATCTGCTCAATGA,2
cut-H3K4me3-CAGATCTGCTGAGCCA,0
cut-H3K4me3-CAGATCTGCTGGCATA,0
cut-H3K4me3-CAGATCTGGAATCTGA,0
cut-H3K4me3-CAGATCTGCAAGACTA,6
cut-H3K4me3-CATCAAGTAACGTGAT,5
cut-H3K4me3-CATCAAGTAAACATCG,5
cut-H3K4me3-CATCAAGTATGCCTAA,2
cut-H3K4me3-CATCAAGTAGTGGTCA,2
cut-H3K4me3-CATCAAGTACCACTGT,5
cut-H3K4me3-CATCAAGTACATTGGC,5
cut-H3K4me3-CATCAAGTCAGATCTG,2
cut-H3K4me3-CATCAAGTCATCAAGT,6
cut-H3K4me3-CATCAAGTCGCTGATC,6
cut-H3K4me3-CATCAAGTACAAGCTA,0
cut-H3K4me3-CATCAAGTAAGGTACA,2
cut-H3K4me3-CATCAAGTACACAGAA,5
cut-H3K4me3-CATCAAGTACAGCAGA,5
cut-H3K4me3-CATCAAGTACCTCCAA,5
cut-H3K4me3-CATCAAGTACGCTCGA,1
cut-H3K4me3-CATCAAGTACGTATCA,6
cut-H3K4me3-CATCAAGTACTATGCA,1
cut-H3K4me3-CATCAAGTAGAGTCAA,1
cut-H3K4me3-CATCAAGTAGATCGCA,5
cut-H3K4me3-CATCAAGTAGCAGGAA,10
cut-H3K4me3-CATCAAGTAGTCACTA,1
cut-H3K4me3-CATCAAGTATCCTGTA,5
cut-H3K4me3-CATCAAGTATTGAGGA,1
cut-H3K4me3-CATCAAGTCAACCACA,8
cut-H3K4me3-CATCAAGTGACTAGTA,11
cut-H3K4me3-CATCAAGTCAATGGAA,2
cut-H3K4me3-CATCAAGTCGACTGGA,2
cut-H3K4me3-CATCAAGTCGCATACA,1
cut-H3K4me3-CATCAAGTCTCAATGA,7
cut-H3K4me3-CATCAAGTCTGAGCCA,0
cut-H3K4me3-CATCAAGTCTGGCATA,11
cut-H3K4me3-CATCAAGTGAATCTGA,8
cut-H3K4me3-CATCAAGTCAAGACTA,6
cut-H3K4me3-CATCAAGTGAGCTGAA,6
cut-H3K4me3-CGCTGATCAACGTGAT,5
cut-H3K4me3-CGCTGATCAAACATCG,5
cut-H3K4me3-CGCTGATCATGCCTAA,3
cut-H3K4me3-CGCTGATCAGTGGTCA,2
cut-H3K4me3-CGCTGATCACCACTGT,5
cut-H3K4me3-CGCTGATCACATTGGC,5
cut-H3K4me3-CGCTGATCCAGATCTG,5
cut-H3K4me3-CGCTGATCCATCAAGT,6
cut-H3K4me3-CGCTGATCCGCTGATC,6
cut-H3K4me3-CGCTGATCACAAGCTA,3
cut-H3K4me3-CGCTGATCAGTACAAG,6
cut-H3K4me3-CGCTGATCAACAACCA,2
cut-H3K4me3-CGCTGATCAACCGAGA,2
cut-H3K4me3-CGCTGATCACAGCAGA,2
cut-H3K4me3-CGCTGATCACCTCCAA,2
cut-H3K4me3-CGCTGATCACGCTCGA,5
cut-H3K4me3-CGCTGATCACGTATCA,2
cut-H3K4me3-CGCTGATCACTATGCA,5
cut-H3K4me3-CGCTGATCAGAGTCAA,1
cut-H3K4me3-CGCTGATCAGATCGCA,5
cut-H3K4me3-CGCTGATCAGCAGGAA,5
cut-H3K4me3-CGCTGATCAGTCACTA,8
cut-H3K4me3-CGCTGATCATCCTGTA,5
cut-H3K4me3-CGCTGATCATTGAGGA,8
cut-H3K4me3-CGCTGATCCAACCACA,9
cut-H3K4me3-CGCTGATCCCTCCTGA,6
cut-H3K4me3-CGCTGATCCGAACTTA,3
cut-H3K4me3-CGCTGATCCGACTGGA,8
cut-H3K4me3-CGCTGATCCGCATACA,8
cut-H3K4me3-CGCTGATCCTCAATGA,7
cut-H3K4me3-CGCTGATCCTGAGCCA,0
cut-H3K4me3-CGCTGATCCTGGCATA,7
cut-H3K4me3-CGCTGATCGAATCTGA,1
cut-H3K4me3-CGCTGATCCAAGACTA,6
cut-H3K4me3-CGCTGATCGAGCTGAA,2
cut-H3K4me3-CGCTGATCGATAGACA,6
cut-H3K4me3-ACAAGCTAAACGTGAT,5
cut-H3K4me3-ACAAGCTAAAACATCG,5
cut-H3K4me3-ACAAGCTAATGCCTAA,5
cut-H3K4me3-ACAAGCTAAGTGGTCA,2
cut-H3K4me3-ACAAGCTAACCACTGT,5
cut-H3K4me3-ACAAGCTAACATTGGC,5
cut-H3K4me3-ACAAGCTACAGATCTG,5
cut-H3K4me3-ACAAGCTACATCAAGT,6
cut-H3K4me3-ACAAGCTACGCTGATC,6
cut-H3K4me3-ACAAGCTAACAAGCTA,0
cut-H3K4me3-ACAAGCTAAACCGAGA,2
cut-H3K4me3-ACAAGCTAAACGCTTA,2
cut-H3K4me3-ACAAGCTAACGTATCA,6
cut-H3K4me3-ACAAGCTAACTATGCA,5
cut-H3K4me3-ACAAGCTAAGAGTCAA,5
cut-H3K4me3-ACAAGCTAAGATCGCA,5
cut-H3K4me3-ACAAGCTAAGCAGGAA,5
cut-H3K4me3-ACAAGCTAAGTCACTA,1
cut-H3K4me3-ACAAGCTAATCCTGTA,5
cut-H3K4me3-ACAAGCTAATTGAGGA,0
cut-H3K4me3-ACAAGCTACAACCACA,0
cut-H3K4me3-ACAAGCTAGACTAGTA,0
cut-H3K4me3-ACAAGCTACAATGGAA,5
cut-H3K4me3-ACAAGCTACCTCCTGA,2
cut-H3K4me3-ACAAGCTACGAACTTA,0
cut-H3K4me3-ACAAGCTACGACTGGA,1
cut-H3K4me3-ACAAGCTACGCATACA,8
cut-H3K4me3-ACAAGCTACTCAATGA,1
cut-H3K4me3-ACAAGCTACTGAGCCA,3
cut-H3K4me3-ACAAGCTACTGGCATA,1
cut-H3K4me3-ACAAGCTAGAATCTGA,11
cut-H3K4me3-ACAAGCTACAAGACTA,0
cut-H3K4me3-ACAAGCTAGAGCTGAA,11
cut-H3K4me3-ACAAGCTAGATAGACA,6
cut-H3K4me3-CTGTAGCCAACGTGAT,5
cut-H3K4me3-CTGTAGCCAAACATCG,5
cut-H3K4me3-CTGTAGCCATGCCTAA,5
cut-H3K4me3-CTGTAGCCAGTGGTCA,2
cut-H3K4me3-CTGTAGCCACCACTGT,5
cut-H3K4me3-CTGTAGCCACATTGGC,5
cut-H3K4me3-CTGTAGCCCAGATCTG,5
cut-H3K4me3-CTGTAGCCCATCAAGT,6
cut-H3K4me3-CTGTAGCCCGCTGATC,2
cut-H3K4me3-CTGTAGCCACAAGCTA,0
cut-H3K4me3-CTGTAGCCCTGTAGCC,2
cut-H3K4me3-CTGTAGCCAACGCTTA,5
cut-H3K4me3-CTGTAGCCAAGACGGA,6
cut-H3K4me3-CTGTAGCCAAGGTACA,2
cut-H3K4me3-CTGTAGCCACGTATCA,6
cut-H3K4me3-CTGTAGCCACTATGCA,0
cut-H3K4me3-CTGTAGCCAGAGTCAA,2
cut-H3K4me3-CTGTAGCCAGATCGCA,2
cut-H3K4me3-CTGTAGCCAGCAGGAA,11
cut-H3K4me3-CTGTAGCCAGTCACTA,7
cut-H3K4me3-CTGTAGCCATCCTGTA,8
cut-H3K4me3-CTGTAGCCATTGAGGA,8
cut-H3K4me3-CTGTAGCCCAACCACA,1
cut-H3K4me3-CTGTAGCCGACTAGTA,1
cut-H3K4me3-CTGTAGCCCAATGGAA,7
cut-H3K4me3-CTGTAGCCCACTTCGA,0
cut-H3K4me3-CTGTAGCCCAGCGTTA,2
cut-H3K4me3-CTGTAGCCCATACCAA,2
cut-H3K4me3-CTGTAGCCCCGTGAGA,0
cut-H3K4me3-CTGTAGCCCCTCCTGA,0
cut-H3K4me3-CTGTAGCCCGAACTTA,8
cut-H3K4me3-CTGTAGCCCGACTGGA,7
cut-H3K4me3-CTGTAGCCCGCATACA,7
cut-H3K4me3-CTGTAGCCCTCAATGA,7
cut-H3K4me3-CTGTAGCCCTGAGCCA,1
cut-H3K4me3-CTGTAGCCCTGGCATA,1
cut-H3K4me3-CTGTAGCCGAATCTGA,11
cut-H3K4me3-CTGTAGCCCAAGACTA,0
cut-H3K4me3-CTGTAGCCGAGCTGAA,11
cut-H3K4me3-CTGTAGCCGATAGACA,2
cut-H3K4me3-CTGTAGCCGCCACATA,6
cut-H3K4me3-AGTACAAGAACGTGAT,5
cut-H3K4me3-AGTACAAGAAACATCG,5
cut-H3K4me3-AGTACAAGATGCCTAA,5
cut-H3K4me3-AGTACAAGAGTGGTCA,3
cut-H3K4me3-AGTACAAGACCACTGT,5
cut-H3K4me3-AGTACAAGACATTGGC,5
cut-H3K4me3-AGTACAAGCAGATCTG,5
cut-H3K4me3-AGTACAAGCATCAAGT,6
cut-H3K4me3-AGTACAAGCGCTGATC,2
cut-H3K4me3-AGTACAAGACAAGCTA,2
cut-H3K4me3-AGTACAAGCTGTAGCC,2
cut-H3K4me3-AGTACAAGAGTACAAG,6
cut-H3K4me3-AGTACAAGAACCGAGA,2
cut-H3K4me3-AGTACAAGAACGCTTA,2
cut-H3K4me3-AGTACAAGAAGACGGA,2
cut-H3K4me3-AGTACAAGAAGGTACA,2
cut-H3K4me3-AGTACAAGACACAGAA,5
cut-H3K4me3-AGTACAAGACAGCAGA,2
cut-H3K4me3-AGTACAAGACCTCCAA,5
cut-H3K4me3-AGTACAAGACGCTCGA,5
cut-H3K4me3-AGTACAAGACGTATCA,6
cut-H3K4me3-AGTACAAGACTATGCA,2
cut-H3K4me3-AGTACAAGAGAGTCAA,0
cut-H3K4me3-AGTACAAGAGATCGCA,0
cut-H3K4me3-AGTACAAGAGCAGGAA,1
cut-H3K4me3-AGTACAAGAGTCACTA,1
cut-H3K4me3-AGTACAAGATCCTGTA,1
cut-H3K4me3-AGTACAAGATTGAGGA,8
cut-H3K4me3-AGTACAAGCAACCACA,0
cut-H3K4me3-AGTACAAGGACTAGTA,1
cut-H3K4me3-AGTACAAGCAATGGAA,1
cut-H3K4me3-AGTACAAGCACTTCGA,11
cut-H3K4me3-AGTACAAGCAGCGTTA,2
cut-H3K4me3-AGTACAAGCATACCAA,3
cut-H3K4me3-AGTACAAGCCGTGAGA,2
cut-H3K4me3-AGTACAAGCCTCCTGA,2
cut-H3K4me3-AGTACAAGCGAACTTA,11
cut-H3K4me3-AGTACAAGCGACTGGA,7
cut-H3K4me3-AGTACAAGCGCATACA,1
cut-H3K4me3-AGTACAAGCTCAATGA,1
cut-H3K4me3-AGTACAAGCTGAGCCA,7
cut-H3K4me3-AGTACAAGCTGGCATA,1
cut-H3K4me3-AGTACAAGGAATCTGA,11
cut-H3K4me3-AGTACAAGCAAGACTA,2
cut-H3K4me3-AGTACAAGGAGCTGAA,1
cut-H3K4me3-AGTACAAGGATAGACA,3
cut-H3K4me3-AGTACAAGGCCACATA,2
cut-H3K4me3-AACAACCAAACGTGAT,5
cut-H3K4me3-AACAACCAAAACATCG,5
cut-H3K4me3-AACAACCAATGCCTAA,4
cut-H3K4me3-AACAACCAAGTGGTCA,2
cut-H3K4me3-AACAACCAACCACTGT,5
cut-H3K4me3-AACAACCAACATTGGC,5
cut-H3K4me3-AACAACCACAGATCTG,5
cut-H3K4me3-AACAACCACATCAAGT,6
cut-H3K4me3-AACAACCACGCTGATC,6
cut-H3K4me3-AACAACCAACAAGCTA,2
cut-H3K4me3-AACAACCACTGTAGCC,2
cut-H3K4me3-AACAACCAAACGCTTA,2
cut-H3K4me3-AACAACCAAAGACGGA,2
cut-H3K4me3-AACAACCAAAGGTACA,2
cut-H3K4me3-AACAACCAACACAGAA,2
cut-H3K4me3-AACAACCAACAGCAGA,5
cut-H3K4me3-AACAACCAACCTCCAA,2
cut-H3K4me3-AACAACCAACGCTCGA,0
cut-H3K4me3-AACAACCAACGTATCA,2
cut-H3K4me3-AACAACCAACTATGCA,2
cut-H3K4me3-AACAACCAAGAGTCAA,3
cut-H3K4me3-AACAACCAAGATCGCA,2
cut-H3K4me3-AACAACCAAGCAGGAA,1
cut-H3K4me3-AACAACCAAGTCACTA,0
cut-H3K4me3-AACAACCAATCCTGTA,8
cut-H3K4me3-AACAACCAATTGAGGA,1
cut-H3K4me3-AACAACCACAACCACA,0
cut-H3K4me3-AACAACCAGACTAGTA,8
cut-H3K4me3-AACAACCACAATGGAA,0
cut-H3K4me3-AACAACCACACTTCGA,1
cut-H3K4me3-AACAACCACAGCGTTA,8
cut-H3K4me3-AACAACCACATACCAA,0
cut-H3K4me3-AACAACCACCAGTTCA,11
cut-H3K4me3-AACAACCACCGAAGTA,0
cut-H3K4me3-AACAACCACCGTGAGA,0
cut-H3K4me3-AACAACCACCTCCTGA,2
cut-H3K4me3-AACAACCACGAACTTA,1
cut-H3K4me3-AACAACCACGACTGGA,1
cut-H3K4me3-AACAACCACGCATACA,1
cut-H3K4me3-AACAACCACTCAATGA,7
cut-H3K4me3-AACAACCACTGAGCCA,1
cut-H3K4me3-AACAACCACTGGCATA,7
cut-H3K4me3-AACAACCAGAATCTGA,11
cut-H3K4me3-AACAACCACAAGACTA,2
cut-H3K4me3-AACAACCAGAGCTGAA,7
cut-H3K4me3-AACAACCAGATAGACA,0
cut-H3K4me3-AACAACCAGCCACATA,0
cut-H3K4me3-AACCGAGAAACGTGAT,5
cut-H3K4me3-AACCGAGAAAACATCG,2
cut-H3K4me3-AACCGAGAATGCCTAA,2
cut-H3K4me3-AACCGAGAAGTGGTCA,2
cut-H3K4me3-AACCGAGAACCACTGT,5
cut-H3K4me3-AACCGAGAACATTGGC,5
cut-H3K4me3-AACCGAGACAGATCTG,5
cut-H3K4me3-AACCGAGACATCAAGT,6
cut-H3K4me3-AACCGAGACGCTGATC,2
cut-H3K4me3-AACCGAGAACAAGCTA,5
cut-H3K4me3-AACCGAGACTGTAGCC,2
cut-H3K4me3-AACCGAGAAGTACAAG,2
cut-H3K4me3-AACCGAGAAACAACCA,5
cut-H3K4me3-AACCGAGAAACGCTTA,3
cut-H3K4me3-AACCGAGAAAGACGGA,2
cut-H3K4me3-AACCGAGAAAGGTACA,3
cut-H3K4me3-AACCGAGAACACAGAA,5
cut-H3K4me3-AACCGAGAACAGCAGA,0
cut-H3K4me3-AACCGAGAACCTCCAA,3
cut-H3K4me3-AACCGAGAACGCTCGA,1
cut-H3K4me3-AACCGAGAACGTATCA,6
cut-H3K4me3-AACCGAGAACTATGCA,0
cut-H3K4me3-AACCGAGAAGAGTCAA,0
cut-H3K4me3-AACCGAGAAGATCGCA,3
cut-H3K4me3-AACCGAGAAGCAGGAA,1
cut-H3K4me3-AACCGAGAAGTCACTA,1
cut-H3K4me3-AACCGAGAATCCTGTA,1
cut-H3K4me3-AACCGAGAATTGAGGA,1
cut-H3K4me3-AACCGAGACAACCACA,1
cut-H3K4me3-AACCGAGAGACTAGTA,1
cut-H3K4me3-AACCGAGACAATGGAA,1
cut-H3K4me3-AACCGAGACACTTCGA,1
cut-H3K4me3-AACCGAGACAGCGTTA,8
cut-H3K4me3-AACCGAGACATACCAA,9
cut-H3K4me3-AACCGAGACCAGTTCA,1
cut-H3K4me3-AACCGAGACCGAAGTA,0
cut-H3K4me3-AACCGAGACCGTGAGA,0
cut-H3K4me3-AACCGAGACCTCCTGA,2
cut-H3K4me3-AACCGAGACGAACTTA,1
cut-H3K4me3-AACCGAGACGACTGGA,1
cut-H3K4me3-AACCGAGACGCATACA,7
cut-H3K4me3-AACCGAGACTCAATGA,1
cut-H3K4me3-AACCGAGACTGAGCCA,8
cut-H3K4me3-AACCGAGACTGGCATA,7
cut-H3K4me3-AACCGAGAGAATCTGA,1
cut-H3K4me3-AACCGAGACAAGACTA,0
cut-H3K4me3-AACCGAGAGAGCTGAA,1
cut-H3K4me3-AACCGAGAGATAGACA,2
cut-H3K4me3-AACCGAGAGCCACATA,0
cut-H3K4me3-AACGCTTAAACGTGAT,5
cut-H3K4me3-AACGCTTAAAACATCG,5
cut-H3K4me3-AACGCTTAATGCCTAA,2
cut-H3K4me3-AACGCTTAAGTGGTCA,2
cut-H3K4me3-AACGCTTAACCACTGT,5
cut-H3K4me3-AACGCTTAACATTGGC,5
cut-H3K4me3-AACGCTTACAGATCTG,5
cut-H3K4me3-AACGCTTACATCAAGT,6
cut-H3K4me3-AACGCTTACGCTGATC,2
cut-H3K4me3-AACGCTTAACAAGCTA,5
cut-H3K4me3-AACGCTTACTGTAGCC,2
cut-H3K4me3-AACGCTTAAGTACAAG,6
cut-H3K4me3-AACGCTTAAACGCTTA,0
cut-H3K4me3-AACGCTTAAAGACGGA,6
cut-H3K4me3-AACGCTTAAAGGTACA,6
cut-H3K4me3-AACGCTTAACACAGAA,3
cut-H3K4me3-AACGCTTAACAGCAGA,8
cut-H3K4me3-AACGCTTAACCTCCAA,1
cut-H3K4me3-AACGCTTAACGCTCGA,1
cut-H3K4me3-AACGCTTAACGTATCA,6
cut-H3K4me3-AACGCTTAACTATGCA,8
cut-H3K4me3-AACGCTTAAGAGTCAA,8
cut-H3K4me3-AACGCTTAAGATCGCA,0
cut-H3K4me3-AACGCTTAAGCAGGAA,3
cut-H3K4me3-AACGCTTAAGTCACTA,1
cut-H3K4me3-AACGCTTAATCCTGTA,1
cut-H3K4me3-AACGCTTAATTGAGGA,1
cut-H3K4me3-AACGCTTACAACCACA,1
cut-H3K4me3-AACGCTTAGACTAGTA,7
cut-H3K4me3-AACGCTTACAATGGAA,7
cut-H3K4me3-AACGCTTACACTTCGA,7
cut-H3K4me3-AACGCTTACAGCGTTA,1
cut-H3K4me3-AACGCTTACATACCAA,1
cut-H3K4me3-AACGCTTACCAGTTCA,7
cut-H3K4me3-AACGCTTACCGAAGTA,1
cut-H3K4me3-AACGCTTACCGTGAGA,1
cut-H3K4me3-AACGCTTACCTCCTGA,0
cut-H3K4me3-AACGCTTACGAACTTA,8
cut-H3K4me3-AACGCTTACGACTGGA,0
cut-H3K4me3-AACGCTTACGCATACA,1
cut-H3K4me3-AACGCTTACTCAATGA,0
cut-H3K4me3-AACGCTTACTGAGCCA,0
cut-H3K4me3-AACGCTTACTGGCATA,4
cut-H3K4me3-AACGCTTAGAATCTGA,1
cut-H3K4me3-AACGCTTACAAGACTA,2
cut-H3K4me3-AACGCTTAGAGCTGAA,1
cut-H3K4me3-AACGCTTAGATAGACA,2
cut-H3K4me3-AACGCTTAGCCACATA,2
cut-H3K4me3-AAGACGGAAACGTGAT,4
cut-H3K4me3-AAGACGGAAAACATCG,5
cut-H3K4me3-AAGACGGAATGCCTAA,3
cut-H3K4me3-AAGACGGAAGTGGTCA,2
cut-H3K4me3-AAGACGGAACCACTGT,5
cut-H3K4me3-AAGACGGAACATTGGC,5
cut-H3K4me3-AAGACGGACAGATCTG,5
cut-H3K4me3-AAGACGGACATCAAGT,6
cut-H3K4me3-AAGACGGACGCTGATC,2
cut-H3K4me3-AAGACGGAACAAGCTA,5
cut-H3K4me3-AAGACGGACTGTAGCC,3
cut-H3K4me3-AAGACGGAAACGCTTA,3
cut-H3K4me3-AAGACGGAAAGACGGA,6
cut-H3K4me3-AAGACGGAAAGGTACA,0
cut-H3K4me3-AAGACGGAACACAGAA,8
cut-H3K4me3-AAGACGGAACAGCAGA,8
cut-H3K4me3-AAGACGGAACCTCCAA,1
cut-H3K4me3-AAGACGGAACGCTCGA,7
cut-H3K4me3-AAGACGGAACGTATCA,6
cut-H3K4me3-AAGACGGAACTATGCA,7
cut-H3K4me3-AAGACGGAAGAGTCAA,7
cut-H3K4me3-AAGACGGAAGATCGCA,7
cut-H3K4me3-AAGACGGAAGCAGGAA,1
cut-H3K4me3-AAGACGGAAGTCACTA,1
cut-H3K4me3-AAGACGGAATCCTGTA,0
cut-H3K4me3-AAGACGGAATTGAGGA,1
cut-H3K4me3-AAGACGGACAACCACA,1
cut-H3K4me3-AAGACGGAGACTAGTA,1
cut-H3K4me3-AAGACGGACAATGGAA,8
cut-H3K4me3-AAGACGGACACTTCGA,7
cut-H3K4me3-AAGACGGACAGCGTTA,11
cut-H3K4me3-AAGACGGACATACCAA,1
cut-H3K4me3-AAGACGGACCAGTTCA,1
cut-H3K4me3-AAGACGGACCGAAGTA,1
cut-H3K4me3-AAGACGGACCGTGAGA,1
cut-H3K4me3-AAGACGGACCTCCTGA,5
cut-H3K4me3-AAGACGGACGAACTTA,1
cut-H3K4me3-AAGACGGACGACTGGA,8
cut-H3K4me3-AAGACGGACGCATACA,1
cut-H3K4me3-AAGACGGACTCAATGA,0
cut-H3K4me3-AAGACGGACTGAGCCA,2
cut-H3K4me3-AAGACGGACTGGCATA,0
cut-H3K4me3-AAGACGGAGAATCTGA,1
cut-H3K4me3-AAGACGGACAAGACTA,6
cut-H3K4me3-AAGACGGAGAGCTGAA,0
cut-H3K4me3-AAGACGGAGATAGACA,2
cut-H3K4me3-AAGACGGAGCCACATA,2
cut-H3K4me3-AAGGTACAAACGTGAT,5
cut-H3K4me3-AAGGTACAAAACATCG,5
cut-H3K4me3-AAGGTACAATGCCTAA,5
cut-H3K4me3-AAGGTACAAGTGGTCA,6
cut-H3K4me3-AAGGTACAACCACTGT,4
cut-H3K4me3-AAGGTACAACATTGGC,5
cut-H3K4me3-AAGGTACACAGATCTG,5
cut-H3K4me3-AAGGTACACATCAAGT,6
cut-H3K4me3-AAGGTACACGCTGATC,3
cut-H3K4me3-AAGGTACAACAAGCTA,5
cut-H3K4me3-AAGGTACACTGTAGCC,2
cut-H3K4me3-AAGGTACAAACAACCA,5
cut-H3K4me3-AAGGTACAAACCGAGA,2
cut-H3K4me3-AAGGTACAAACGCTTA,2
cut-H3K4me3-AAGGTACAAAGACGGA,2
cut-H3K4me3-AAGGTACAAAGGTACA,8
cut-H3K4me3-AAGGTACAACACAGAA,1
cut-H3K4me3-AAGGTACAACAGCAGA,8
cut-H3K4me3-AAGGTACAACCTCCAA,1
cut-H3K4me3-AAGGTACAACGCTCGA,7
cut-H3K4me3-AAGGTACAACGTATCA,6
cut-H3K4me3-AAGGTACAACTATGCA,1
cut-H3K4me3-AAGGTACAAGAGTCAA,1
cut-H3K4me3-AAGGTACAAGATCGCA,7
cut-H3K4me3-AAGGTACAAGCAGGAA,1
cut-H3K4me3-AAGGTACAAGTCACTA,1
cut-H3K4me3-AAGGTACAATCCTGTA,1
cut-H3K4me3-AAGGTACAATTGAGGA,7
cut-H3K4me3-AAGGTACACAACCACA,1
cut-H3K4me3-AAGGTACAGACTAGTA,0
cut-H3K4me3-AAGGTACACAATGGAA,1
cut-H3K4me3-AAGGTACACACTTCGA,1
cut-H3K4me3-AAGGTACACAGCGTTA,1
cut-H3K4me3-AAGGTACACATACCAA,7
cut-H3K4me3-AAGGTACACCAGTTCA,1
cut-H3K4me3-AAGGTACACCGAAGTA,1
cut-H3K4me3-AAGGTACACCGTGAGA,1
cut-H3K4me3-AAGGTACACCTCCTGA,0
cut-H3K4me3-AAGGTACACGAACTTA,1
cut-H3K4me3-AAGGTACACGACTGGA,1
cut-H3K4me3-AAGGTACACGCATACA,0
cut-H3K4me3-AAGGTACACTCAATGA,0
cut-H3K4me3-AAGGTACACTGAGCCA,0
cut-H3K4me3-AAGGTACACTGGCATA,8
cut-H3K4me3-AAGGTACAGAATCTGA,1
cut-H3K4me3-AAGGTACACAAGACTA,6
cut-H3K4me3-AAGGTACAGAGCTGAA,2
cut-H3K4me3-AAGGTACAGATAGACA,2
cut-H3K4me3-AAGGTACAGCCACATA,2
cut-H3K4me3-ACACAGAAAACGTGAT,4
cut-H3K4me3-ACACAGAAAAACATCG,0
cut-H3K4me3-ACACAGAAATGCCTAA,2
cut-H3K4me3-ACACAGAAAGTGGTCA,2
cut-H3K4me3-ACACAGAAACCACTGT,5
cut-H3K4me3-ACACAGAAACATTGGC,2
cut-H3K4me3-ACACAGAACAGATCTG,5
cut-H3K4me3-ACACAGAACATCAAGT,6
cut-H3K4me3-ACACAGAACGCTGATC,2
cut-H3K4me3-ACACAGAAACAAGCTA,5
cut-H3K4me3-ACACAGAACTGTAGCC,6
cut-H3K4me3-ACACAGAAAACAACCA,4
cut-H3K4me3-ACACAGAAAACCGAGA,2
cut-H3K4me3-ACACAGAAAACGCTTA,8
cut-H3K4me3-ACACAGAAAAGACGGA,0
cut-H3K4me3-ACACAGAAAAGGTACA,1
cut-H3K4me3-ACACAGAAACACAGAA,7
cut-H3K4me3-ACACAGAAACAGCAGA,8
cut-H3K4me3-ACACAGAAACCTCCAA,1
cut-H3K4me3-ACACAGAAACGCTCGA,1
cut-H3K4me3-ACACAGAAACGTATCA,6
cut-H3K4me3-ACACAGAAACTATGCA,7
cut-H3K4me3-ACACAGAAAGAGTCAA,1
cut-H3K4me3-ACACAGAAAGATCGCA,1
cut-H3K4me3-ACACAGAAAGCAGGAA,1
cut-H3K4me3-ACACAGAAAGTCACTA,1
cut-H3K4me3-ACACAGAAATCCTGTA,1
cut-H3K4me3-ACACAGAAATTGAGGA,8
cut-H3K4me3-ACACAGAACAACCACA,7
cut-H3K4me3-ACACAGAAGACTAGTA,1
cut-H3K4me3-ACACAGAACAATGGAA,7
cut-H3K4me3-ACACAGAACACTTCGA,7
cut-H3K4me3-ACACAGAACAGCGTTA,7
cut-H3K4me3-ACACAGAACATACCAA,3
cut-H3K4me3-ACACAGAACCAGTTCA,7
cut-H3K4me3-ACACAGAACCGAAGTA,1
cut-H3K4me3-ACACAGAACCGTGAGA,1
cut-H3K4me3-ACACAGAACCTCCTGA,0
cut-H3K4me3-ACACAGAACGAACTTA,1
cut-H3K4me3-ACACAGAACGACTGGA,1
cut-H3K4me3-ACACAGAACGCATACA,1
cut-H3K4me3-ACACAGAACTGAGCCA,2
cut-H3K4me3-ACACAGAACTGGCATA,0
cut-H3K4me3-ACACAGAAGAATCTGA,1
cut-H3K4me3-ACACAGAACAAGACTA,6
cut-H3K4me3-ACACAGAAGAGCTGAA,3
cut-H3K4me3-ACACAGAAGATAGACA,2
cut-H3K4me3-ACACAGAAGCCACATA,2
cut-H3K4me3-ACAGCAGAAACGTGAT,4
cut-H3K4me3-ACAGCAGAAAACATCG,5
cut-H3K4me3-ACAGCAGAATGCCTAA,2
cut-H3K4me3-ACAGCAGAAGTGGTCA,2
cut-H3K4me3-ACAGCAGAACCACTGT,5
cut-H3K4me3-ACAGCAGAACATTGGC,5
cut-H3K4me3-ACAGCAGACAGATCTG,5
cut-H3K4me3-ACAGCAGACATCAAGT,6
cut-H3K4me3-ACAGCAGACGCTGATC,2
cut-H3K4me3-ACAGCAGAACAAGCTA,4
cut-H3K4me3-ACAGCAGACTGTAGCC,2
cut-H3K4me3-ACAGCAGAAGTACAAG,6
cut-H3K4me3-ACAGCAGAAACAACCA,2
cut-H3K4me3-ACAGCAGAAACCGAGA,1
cut-H3K4me3-ACAGCAGAAACGCTTA,7
cut-H3K4me3-ACAGCAGAAAGACGGA,0
cut-H3K4me3-ACAGCAGAAAGGTACA,1
cut-H3K4me3-ACAGCAGAACACAGAA,0
cut-H3K4me3-ACAGCAGAACAGCAGA,3
cut-H3K4me3-ACAGCAGAACCTCCAA,1
cut-H3K4me3-ACAGCAGAACGCTCGA,7
cut-H3K4me3-ACAGCAGAACGTATCA,6
cut-H3K4me3-ACAGCAGAACTATGCA,1
cut-H3K4me3-ACAGCAGAAGAGTCAA,8
cut-H3K4me3-ACAGCAGAAGATCGCA,1
cut-H3K4me3-ACAGCAGAAGCAGGAA,8
cut-H3K4me3-ACAGCAGAAGTCACTA,8
cut-H3K4me3-ACAGCAGAATCCTGTA,7
cut-H3K4me3-ACAGCAGAATTGAGGA,1
cut-H3K4me3-ACAGCAGACAACCACA,7
cut-H3K4me3-ACAGCAGAGACTAGTA,7
cut-H3K4me3-ACAGCAGACAATGGAA,8
cut-H3K4me3-ACAGCAGACACTTCGA,8
cut-H3K4me3-ACAGCAGACAGCGTTA,7
cut-H3K4me3-ACAGCAGACATACCAA,8
cut-H3K4me3-ACAGCAGACCAGTTCA,1
cut-H3K4me3-ACAGCAGACCGAAGTA,1
cut-H3K4me3-ACAGCAGACCGTGAGA,1
cut-H3K4me3-ACAGCAGACCTCCTGA,2
cut-H3K4me3-ACAGCAGACGAACTTA,1
cut-H3K4me3-ACAGCAGACGACTGGA,1
cut-H3K4me3-ACAGCAGACGCATACA,1
cut-H3K4me3-ACAGCAGACTCAATGA,1
cut-H3K4me3-ACAGCAGACTGAGCCA,2
cut-H3K4me3-ACAGCAGACTGGCATA,0
cut-H3K4me3-ACAGCAGAGAATCTGA,1
cut-H3K4me3-ACAGCAGACAAGACTA,2
cut-H3K4me3-ACAGCAGAGAGCTGAA,2
cut-H3K4me3-ACAGCAGAGATAGACA,2
cut-H3K4me3-ACAGCAGAGCCACATA,2
cut-H3K4me3-ACCTCCAAAACGTGAT,5
cut-H3K4me3-ACCTCCAAAAACATCG,5
cut-H3K4me3-ACCTCCAAATGCCTAA,2
cut-H3K4me3-ACCTCCAAAGTGGTCA,2
cut-H3K4me3-ACCTCCAAACCACTGT,5
cut-H3K4me3-ACCTCCAAACATTGGC,5
cut-H3K4me3-ACCTCCAACAGATCTG,5
cut-H3K4me3-ACCTCCAACATCAAGT,6
cut-H3K4me3-ACCTCCAACGCTGATC,5
cut-H3K4me3-ACCTCCAAACAAGCTA,1
cut-H3K4me3-ACCTCCAACTGTAGCC,2
cut-H3K4me3-ACCTCCAAAGTACAAG,2
cut-H3K4me3-ACCTCCAAAACAACCA,5
cut-H3K4me3-ACCTCCAAAACCGAGA,7
cut-H3K4me3-ACCTCCAAAACGCTTA,1
cut-H3K4me3-ACCTCCAAAAGACGGA,0
cut-H3K4me3-ACCTCCAAAAGGTACA,8
cut-H3K4me3-ACCTCCAAACACAGAA,8
cut-H3K4me3-ACCTCCAAACAGCAGA,3
cut-H3K4me3-ACCTCCAAACCTCCAA,7
cut-H3K4me3-ACCTCCAAACGCTCGA,1
cut-H3K4me3-ACCTCCAAACGTATCA,6
cut-H3K4me3-ACCTCCAAACTATGCA,7
cut-H3K4me3-ACCTCCAAAGAGTCAA,1
cut-H3K4me3-ACCTCCAAAGATCGCA,7
cut-H3K4me3-ACCTCCAAAGCAGGAA,1
cut-H3K4me3-ACCTCCAAAGTCACTA,1
cut-H3K4me3-ACCTCCAAATCCTGTA,7
cut-H3K4me3-ACCTCCAAATTGAGGA,7
cut-H3K4me3-ACCTCCAACAACCACA,1
cut-H3K4me3-ACCTCCAAGACTAGTA,7
cut-H3K4me3-ACCTCCAACAATGGAA,0
cut-H3K4me3-ACCTCCAACACTTCGA,7
cut-H3K4me3-ACCTCCAACAGCGTTA,7
cut-H3K4me3-ACCTCCAACATACCAA,0
cut-H3K4me3-ACCTCCAACCAGTTCA,1
cut-H3K4me3-ACCTCCAACCGAAGTA,1
cut-H3K4me3-ACCTCCAACCGTGAGA,1
cut-H3K4me3-ACCTCCAACCTCCTGA,2
cut-H3K4me3-ACCTCCAACGAACTTA,0
cut-H3K4me3-ACCTCCAACGACTGGA,1
cut-H3K4me3-ACCTCCAACGCATACA,1
cut-H3K4me3-ACCTCCAACTCAATGA,1
cut-H3K4me3-ACCTCCAACTGGCATA,0
cut-H3K4me3-ACCTCCAAGAATCTGA,1
cut-H3K4me3-ACCTCCAACAAGACTA,2
cut-H3K4me3-ACCTCCAAGAGCTGAA,2
cut-H3K4me3-ACCTCCAAGATAGACA,3
cut-H3K4me3-ACCTCCAAGCCACATA,2
cut-H3K4me3-ACGCTCGAAACGTGAT,5
cut-H3K4me3-ACGCTCGAAAACATCG,5
cut-H3K4me3-ACGCTCGAATGCCTAA,2
cut-H3K4me3-ACGCTCGAAGTGGTCA,5
cut-H3K4me3-ACGCTCGAACCACTGT,5
cut-H3K4me3-ACGCTCGAACATTGGC,5
cut-H3K4me3-ACGCTCGACAGATCTG,5
cut-H3K4me3-ACGCTCGACATCAAGT,6
cut-H3K4me3-ACGCTCGACGCTGATC,5
cut-H3K4me3-ACGCTCGAACAAGCTA,5
cut-H3K4me3-ACGCTCGACTGTAGCC,2
cut-H3K4me3-ACGCTCGAAGTACAAG,2
cut-H3K4me3-ACGCTCGAAACAACCA,1
cut-H3K4me3-ACGCTCGAAACCGAGA,1
cut-H3K4me3-ACGCTCGAAACGCTTA,1
cut-H3K4me3-ACGCTCGAAAGACGGA,0
cut-H3K4me3-ACGCTCGAAAGGTACA,1
cut-H3K4me3-ACGCTCGAACACAGAA,1
cut-H3K4me3-ACGCTCGAACAGCAGA,1
cut-H3K4me3-ACGCTCGAACCTCCAA,4
cut-H3K4me3-ACGCTCGAACGCTCGA,7
cut-H3K4me3-ACGCTCGAACGTATCA,6
cut-H3K4me3-ACGCTCGAACTATGCA,7
cut-H3K4me3-ACGCTCGAAGAGTCAA,1
cut-H3K4me3-ACGCTCGAAGATCGCA,7
cut-H3K4me3-ACGCTCGAAGCAGGAA,8
cut-H3K4me3-ACGCTCGAAGTCACTA,1
cut-H3K4me3-ACGCTCGAATCCTGTA,8
cut-H3K4me3-ACGCTCGAATTGAGGA,7
cut-H3K4me3-ACGCTCGACAACCACA,1
cut-H3K4me3-ACGCTCGAGACTAGTA,7
cut-H3K4me3-ACGCTCGACAATGGAA,1
cut-H3K4me3-ACGCTCGACACTTCGA,7
cut-H3K4me3-ACGCTCGACAGCGTTA,11
cut-H3K4me3-ACGCTCGACATACCAA,1
cut-H3K4me3-ACGCTCGACCAGTTCA,1
cut-H3K4me3-ACGCTCGACCGAAGTA,7
cut-H3K4me3-ACGCTCGACCGTGAGA,7
cut-H3K4me3-ACGCTCGACCTCCTGA,0
cut-H3K4me3-ACGCTCGACGAACTTA,1
cut-H3K4me3-ACGCTCGACGACTGGA,1
cut-H3K4me3-ACGCTCGACGCATACA,1
cut-H3K4me3-ACGCTCGACTCAATGA,1
cut-H3K4me3-ACGCTCGACTGAGCCA,2
cut-H3K4me3-ACGCTCGACTGGCATA,0
cut-H3K4me3-ACGCTCGAGAATCTGA,1
cut-H3K4me3-ACGCTCGAGCCACATA,2
cut-H3K4me3-ACGTATCAAACGTGAT,5
cut-H3K4me3-ACGTATCAAAACATCG,2
cut-H3K4me3-ACGTATCAATGCCTAA,5
cut-H3K4me3-ACGTATCAAGTGGTCA,2
cut-H3K4me3-ACGTATCAACCACTGT,5
cut-H3K4me3-ACGTATCAACATTGGC,5
cut-H3K4me3-ACGTATCACAGATCTG,5
cut-H3K4me3-ACGTATCACATCAAGT,6
cut-H3K4me3-ACGTATCACGCTGATC,2
cut-H3K4me3-ACGTATCAACAAGCTA,5
cut-H3K4me3-ACGTATCACTGTAGCC,6
cut-H3K4me3-ACGTATCAAGTACAAG,2
cut-H3K4me3-ACGTATCAAACAACCA,0
cut-H3K4me3-ACGTATCAAACCGAGA,1
cut-H3K4me3-ACGTATCAAACGCTTA,0
cut-H3K4me3-ACGTATCAAAGACGGA,0
cut-H3K4me3-ACGTATCAAAGGTACA,0
cut-H3K4me3-ACGTATCAACACAGAA,0
cut-H3K4me3-ACGTATCAACAGCAGA,0
cut-H3K4me3-ACGTATCAACCTCCAA,8
cut-H3K4me3-ACGTATCAACGCTCGA,1
cut-H3K4me3-ACGTATCAACGTATCA,6
cut-H3K4me3-ACGTATCAACTATGCA,8
cut-H3K4me3-ACGTATCAAGAGTCAA,1
cut-H3K4me3-ACGTATCAAGATCGCA,1
cut-H3K4me3-ACGTATCAAGCAGGAA,7
cut-H3K4me3-ACGTATCAAGTCACTA,0
cut-H3K4me3-ACGTATCAATCCTGTA,7
cut-H3K4me3-ACGTATCAATTGAGGA,7
cut-H3K4me3-ACGTATCACAACCACA,0
cut-H3K4me3-ACGTATCAGACTAGTA,7
cut-H3K4me3-ACGTATCACAATGGAA,11
cut-H3K4me3-ACGTATCACACTTCGA,0
cut-H3K4me3-ACGTATCACAGCGTTA,8
cut-H3K4me3-ACGTATCACATACCAA,8
cut-H3K4me3-ACGTATCACCAGTTCA,11
cut-H3K4me3-ACGTATCACCGAAGTA,1
cut-H3K4me3-ACGTATCACCGTGAGA,1
cut-H3K4me3-ACGTATCACCTCCTGA,0
cut-H3K4me3-ACGTATCACGAACTTA,1
cut-H3K4me3-ACGTATCACGACTGGA,1
cut-H3K4me3-ACGTATCACGCATACA,1
cut-H3K4me3-ACGTATCACTCAATGA,0
cut-H3K4me3-ACGTATCACTGAGCCA,0
cut-H3K4me3-ACGTATCAGATAGACA,2
cut-H3K4me3-ACGTATCAGCCACATA,2
cut-H3K4me3-ACTATGCAAACGTGAT,5
cut-H3K4me3-ACTATGCAAAACATCG,2
cut-H3K4me3-ACTATGCAATGCCTAA,2
cut-H3K4me3-ACTATGCAAGTGGTCA,3
cut-H3K4me3-ACTATGCAACCACTGT,5
cut-H3K4me3-ACTATGCAACATTGGC,5
cut-H3K4me3-ACTATGCACAGATCTG,5
cut-H3K4me3-ACTATGCACATCAAGT,6
cut-H3K4me3-ACTATGCACGCTGATC,5
cut-H3K4me3-ACTATGCAACAAGCTA,5
cut-H3K4me3-ACTATGCACTGTAGCC,3
cut-H3K4me3-ACTATGCAAGTACAAG,6
cut-H3K4me3-ACTATGCAAACAACCA,2
cut-H3K4me3-ACTATGCAAACCGAGA,0
cut-H3K4me3-ACTATGCAAACGCTTA,0
cut-H3K4me3-ACTATGCAAAGACGGA,2
cut-H3K4me3-ACTATGCAAAGGTACA,2
cut-H3K4me3-ACTATGCAACACAGAA,1
cut-H3K4me3-ACTATGCAACAGCAGA,0
cut-H3K4me3-ACTATGCAACCTCCAA,7
cut-H3K4me3-ACTATGCAACGCTCGA,7
cut-H3K4me3-ACTATGCAACGTATCA,6
cut-H3K4me3-ACTATGCAACTATGCA,7
cut-H3K4me3-ACTATGCAAGAGTCAA,1
cut-H3K4me3-ACTATGCAAGATCGCA,1
cut-H3K4me3-ACTATGCAAGCAGGAA,0
cut-H3K4me3-ACTATGCAAGTCACTA,1
cut-H3K4me3-ACTATGCAATCCTGTA,7
cut-H3K4me3-ACTATGCAATTGAGGA,7
cut-H3K4me3-ACTATGCACAACCACA,0
cut-H3K4me3-ACTATGCAGACTAGTA,0
cut-H3K4me3-ACTATGCACAATGGAA,8
cut-H3K4me3-ACTATGCACACTTCGA,1
cut-H3K4me3-ACTATGCACAGCGTTA,8
cut-H3K4me3-ACTATGCACATACCAA,1
cut-H3K4me3-ACTATGCACCAGTTCA,8
cut-H3K4me3-ACTATGCACCGAAGTA,8
cut-H3K4me3-ACTATGCACCGTGAGA,11
cut-H3K4me3-ACTATGCACCTCCTGA,2
cut-H3K4me3-ACTATGCACGAACTTA,8
cut-H3K4me3-ACTATGCACGACTGGA,1
cut-H3K4me3-ACTATGCACGCATACA,1
cut-H3K4me3-ACTATGCACTCAATGA,1
cut-H3K4me3-ACTATGCACTGAGCCA,0
cut-H3K4me3-ACTATGCACTGGCATA,0
cut-H3K4me3-ACTATGCAGAATCTGA,0
cut-H3K4me3-ACTATGCAGAGCTGAA,2
cut-H3K4me3-ACTATGCAGATAGACA,2
cut-H3K4me3-ACTATGCAGCCACATA,2
cut-H3K4me3-AGAGTCAAAACGTGAT,5
cut-H3K4me3-AGAGTCAAAAACATCG,5
cut-H3K4me3-AGAGTCAAATGCCTAA,2
cut-H3K4me3-AGAGTCAAAGTGGTCA,2
cut-H3K4me3-AGAGTCAAACCACTGT,2
cut-H3K4me3-AGAGTCAAACATTGGC,5
cut-H3K4me3-AGAGTCAACAGATCTG,5
cut-H3K4me3-AGAGTCAACATCAAGT,6
cut-H3K4me3-AGAGTCAACGCTGATC,5
cut-H3K4me3-AGAGTCAAACAAGCTA,4
cut-H3K4me3-AGAGTCAACTGTAGCC,5
cut-H3K4me3-AGAGTCAAAGTACAAG,3
cut-H3K4me3-AGAGTCAAAACAACCA,0
cut-H3K4me3-AGAGTCAAAACCGAGA,0
cut-H3K4me3-AGAGTCAAAACGCTTA,2
cut-H3K4me3-AGAGTCAAAAGACGGA,3
cut-H3K4me3-AGAGTCAAAAGGTACA,2
cut-H3K4me3-AGAGTCAAACACAGAA,1
cut-H3K4me3-AGAGTCAAACAGCAGA,7
cut-H3K4me3-AGAGTCAAACCTCCAA,1
cut-H3K4me3-AGAGTCAAACGCTCGA,7
cut-H3K4me3-AGAGTCAAACGTATCA,6
cut-H3K4me3-AGAGTCAAACTATGCA,7
cut-H3K4me3-AGAGTCAAAGAGTCAA,1
cut-H3K4me3-AGAGTCAAAGATCGCA,10
cut-H3K4me3-AGAGTCAAAGCAGGAA,1
cut-H3K4me3-AGAGTCAAAGTCACTA,1
cut-H3K4me3-AGAGTCAAATCCTGTA,1
cut-H3K4me3-AGAGTCAAATTGAGGA,1
cut-H3K4me3-AGAGTCAACAACCACA,8
cut-H3K4me3-AGAGTCAAGACTAGTA,1
cut-H3K4me3-AGAGTCAACAATGGAA,0
cut-H3K4me3-AGAGTCAACACTTCGA,0
cut-H3K4me3-AGAGTCAACAGCGTTA,8
cut-H3K4me3-AGAGTCAACATACCAA,11
cut-H3K4me3-AGAGTCAACCAGTTCA,8
cut-H3K4me3-AGAGTCAACCGAAGTA,1
cut-H3K4me3-AGAGTCAACCGTGAGA,1
cut-H3K4me3-AGAGTCAACCTCCTGA,0
cut-H3K4me3-AGAGTCAACGAACTTA,0
cut-H3K4me3-AGAGTCAACGACTGGA,11
cut-H3K4me3-AGAGTCAACGCATACA,1
cut-H3K4me3-AGAGTCAACTCAATGA,7
cut-H3K4me3-AGAGTCAACTGAGCCA,0
cut-H3K4me3-AGAGTCAACTGGCATA,1
cut-H3K4me3-AGAGTCAAGAATCTGA,1
cut-H3K4me3-AGAGTCAACAAGACTA,2
cut-H3K4me3-AGAGTCAAGAGCTGAA,2
cut-H3K4me3-AGAGTCAAGATAGACA,2
cut-H3K4me3-AGAGTCAAGCCACATA,2
cut-H3K4me3-AGATCGCAAACGTGAT,5
cut-H3K4me3-AGATCGCAAAACATCG,2
cut-H3K4me3-AGATCGCAATGCCTAA,5
cut-H3K4me3-AGATCGCAAGTGGTCA,2
cut-H3K4me3-AGATCGCAACCACTGT,5
cut-H3K4me3-AGATCGCAACATTGGC,2
cut-H3K4me3-AGATCGCACAGATCTG,5
cut-H3K4me3-AGATCGCACATCAAGT,6
cut-H3K4me3-AGATCGCACGCTGATC,5
cut-H3K4me3-AGATCGCAACAAGCTA,3
cut-H3K4me3-AGATCGCACTGTAGCC,2
cut-H3K4me3-AGATCGCAAGTACAAG,2
cut-H3K4me3-AGATCGCAAACAACCA,0
cut-H3K4me3-AGATCGCAAACCGAGA,1
cut-H3K4me3-AGATCGCAAACGCTTA,0
cut-H3K4me3-AGATCGCAAAGACGGA,6
cut-H3K4me3-AGATCGCAAAGGTACA,0
cut-H3K4me3-AGATCGCAACACAGAA,4
cut-H3K4me3-AGATCGCAACAGCAGA,0
cut-H3K4me3-AGATCGCAACCTCCAA,1
cut-H3K4me3-AGATCGCAACGCTCGA,7
cut-H3K4me3-AGATCGCAACGTATCA,6
cut-H3K4me3-AGATCGCAACTATGCA,0
cut-H3K4me3-AGATCGCAAGAGTCAA,1
cut-H3K4me3-AGATCGCAAGATCGCA,1
cut-H3K4me3-AGATCGCAAGCAGGAA,8
cut-H3K4me3-AGATCGCAAGTCACTA,1
cut-H3K4me3-AGATCGCAATCCTGTA,1
cut-H3K4me3-AGATCGCAATTGAGGA,1
cut-H3K4me3-AGATCGCACAACCACA,0
cut-H3K4me3-AGATCGCAGACTAGTA,0
cut-H3K4me3-AGATCGCACAATGGAA,2
cut-H3K4me3-AGATCGCACCAGTTCA,1
cut-H3K4me3-AGATCGCACCGAAGTA,1
cut-H3K4me3-AGATCGCACCGTGAGA,8
cut-H3K4me3-AGATCGCACCTCCTGA,0
cut-H3K4me3-AGATCGCACGAACTTA,10
cut-H3K4me3-AGATCGCACGACTGGA,1
cut-H3K4me3-AGATCGCACGCATACA,1
cut-H3K4me3-AGATCGCACTCAATGA,8
cut-H3K4me3-AGATCGCACTGAGCCA,0
cut-H3K4me3-AGATCGCACTGGCATA,1
cut-H3K4me3-AGATCGCAGAATCTGA,1
cut-H3K4me3-AGATCGCACAAGACTA,6
cut-H3K4me3-AGATCGCAGAGCTGAA,3
cut-H3K4me3-AGATCGCAGATAGACA,2
cut-H3K4me3-AGATCGCAGCCACATA,2
cut-H3K4me3-AGCAGGAAAACGTGAT,2
cut-H3K4me3-AGCAGGAAAAACATCG,2
cut-H3K4me3-AGCAGGAAATGCCTAA,2
cut-H3K4me3-AGCAGGAAAGTGGTCA,6
cut-H3K4me3-AGCAGGAAACCACTGT,0
cut-H3K4me3-AGCAGGAAACATTGGC,2
cut-H3K4me3-AGCAGGAACAGATCTG,5
cut-H3K4me3-AGCAGGAACATCAAGT,6
cut-H3K4me3-AGCAGGAACGCTGATC,5
cut-H3K4me3-AGCAGGAAACAAGCTA,1
cut-H3K4me3-AGCAGGAACTGTAGCC,0
cut-H3K4me3-AGCAGGAAAGTACAAG,2
cut-H3K4me3-AGCAGGAAAACAACCA,0
cut-H3K4me3-AGCAGGAAAACCGAGA,7
cut-H3K4me3-AGCAGGAAAACGCTTA,0
cut-H3K4me3-AGCAGGAAAAGACGGA,2
cut-H3K4me3-AGCAGGAAAAGGTACA,2
cut-H3K4me3-AGCAGGAAACACAGAA,1
cut-H3K4me3-AGCAGGAAACAGCAGA,0
cut-H3K4me3-AGCAGGAAACCTCCAA,7
cut-H3K4me3-AGCAGGAAACGCTCGA,1
cut-H3K4me3-AGCAGGAAACGTATCA,6
cut-H3K4me3-AGCAGGAAACTATGCA,0
cut-H3K4me3-AGCAGGAAAGAGTCAA,1
cut-H3K4me3-AGCAGGAAAGATCGCA,2
cut-H3K4me3-AGCAGGAAAGCAGGAA,8
cut-H3K4me3-AGCAGGAAAGTCACTA,0
cut-H3K4me3-AGCAGGAAATCCTGTA,0
cut-H3K4me3-AGCAGGAAATTGAGGA,3
cut-H3K4me3-AGCAGGAACAACCACA,0
cut-H3K4me3-AGCAGGAAGACTAGTA,9
cut-H3K4me3-AGCAGGAACAATGGAA,2
cut-H3K4me3-AGCAGGAACACTTCGA,0
cut-H3K4me3-AGCAGGAACAGCGTTA,2
cut-H3K4me3-AGCAGGAACATACCAA,2
cut-H3K4me3-AGCAGGAACCAGTTCA,0
cut-H3K4me3-AGCAGGAACCGAAGTA,0
cut-H3K4me3-AGCAGGAACCGTGAGA,0
cut-H3K4me3-AGCAGGAACCTCCTGA,2
cut-H3K4me3-AGCAGGAACGAACTTA,0
cut-H3K4me3-AGCAGGAACGACTGGA,8
cut-H3K4me3-AGCAGGAACGCATACA,7
cut-H3K4me3-AGCAGGAACTCAATGA,0
cut-H3K4me3-AGCAGGAACTGAGCCA,2
cut-H3K4me3-AGCAGGAACTGGCATA,6
cut-H3K4me3-AGCAGGAAGAATCTGA,4
cut-H3K4me3-AGCAGGAACAAGACTA,2
cut-H3K4me3-AGCAGGAAGAGCTGAA,2
cut-H3K4me3-AGCAGGAAGATAGACA,0
cut-H3K4me3-AGCAGGAAGCCACATA,2
cut-H3K4me3-AGTCACTAAACGTGAT,10
cut-H3K4me3-AGTCACTAAAACATCG,5
cut-H3K4me3-AGTCACTAATGCCTAA,2
cut-H3K4me3-AGTCACTAAGTGGTCA,2
cut-H3K4me3-AGTCACTAACCACTGT,5
cut-H3K4me3-AGTCACTAACATTGGC,2
cut-H3K4me3-AGTCACTACAGATCTG,2
cut-H3K4me3-AGTCACTACATCAAGT,6
cut-H3K4me3-AGTCACTACGCTGATC,5
cut-H3K4me3-AGTCACTAACAAGCTA,11
cut-H3K4me3-AGTCACTACTGTAGCC,1
cut-H3K4me3-AGTCACTAAGTACAAG,2
cut-H3K4me3-AGTCACTAAACAACCA,4
cut-H3K4me3-AGTCACTAAACCGAGA,7
cut-H3K4me3-AGTCACTAAACGCTTA,1
cut-H3K4me3-AGTCACTAAAGACGGA,2
cut-H3K4me3-AGTCACTAAAGGTACA,0
cut-H3K4me3-AGTCACTAACACAGAA,8
cut-H3K4me3-AGTCACTAACAGCAGA,0
cut-H3K4me3-AGTCACTAACCTCCAA,1
cut-H3K4me3-AGTCACTAACGCTCGA,7
cut-H3K4me3-AGTCACTAACGTATCA,6
cut-H3K4me3-AGTCACTAACTATGCA,1
cut-H3K4me3-AGTCACTAAGAGTCAA,1
cut-H3K4me3-AGTCACTAAGATCGCA,7
cut-H3K4me3-AGTCACTAAGCAGGAA,8
cut-H3K4me3-AGTCACTAAGTCACTA,3
cut-H3K4me3-AGTCACTAATCCTGTA,1
cut-H3K4me3-AGTCACTAATTGAGGA,1
cut-H3K4me3-AGTCACTACAACCACA,0
cut-H3K4me3-AGTCACTAGACTAGTA,1
cut-H3K4me3-AGTCACTACAATGGAA,0
cut-H3K4me3-AGTCACTACACTTCGA,11
cut-H3K4me3-AGTCACTACAGCGTTA,11
cut-H3K4me3-AGTCACTACATACCAA,0
cut-H3K4me3-AGTCACTACCAGTTCA,1
cut-H3K4me3-AGTCACTACCGAAGTA,1
cut-H3K4me3-AGTCACTACCGTGAGA,8
cut-H3K4me3-AGTCACTACCTCCTGA,2
cut-H3K4me3-AGTCACTACGAACTTA,2
cut-H3K4me3-AGTCACTACGACTGGA,1
cut-H3K4me3-AGTCACTACGCATACA,0
cut-H3K4me3-AGTCACTACTCAATGA,2
cut-H3K4me3-AGTCACTACTGAGCCA,0
cut-H3K4me3-AGTCACTACTGGCATA,2
cut-H3K4me3-AGTCACTAGAATCTGA,1
cut-H3K4me3-AGTCACTACAAGACTA,0
cut-H3K4me3-AGTCACTAGAGCTGAA,0
cut-H3K4me3-AGTCACTAGATAGACA,0
cut-H3K4me3-AGTCACTAGCCACATA,1
cut-H3K4me3-ATCCTGTAAACGTGAT,2
cut-H3K4me3-ATCCTGTAAAACATCG,2
cut-H3K4me3-ATCCTGTAATGCCTAA,3
cut-H3K4me3-ATCCTGTAAGTGGTCA,2
cut-H3K4me3-ATCCTGTAACCACTGT,0
cut-H3K4me3-ATCCTGTAACATTGGC,6
cut-H3K4me3-ATCCTGTACAGATCTG,2
cut-H3K4me3-ATCCTGTACATCAAGT,6
cut-H3K4me3-ATCCTGTACGCTGATC,0
cut-H3K4me3-ATCCTGTAACAAGCTA,1
cut-H3K4me3-ATCCTGTACTGTAGCC,0
cut-H3K4me3-ATCCTGTAAGTACAAG,2
cut-H3K4me3-ATCCTGTAAACAACCA,1
cut-H3K4me3-ATCCTGTAAACCGAGA,8
cut-H3K4me3-ATCCTGTAAACGCTTA,3
cut-H3K4me3-ATCCTGTAAAGACGGA,6
cut-H3K4me3-ATCCTGTAAAGGTACA,0
cut-H3K4me3-ATCCTGTAACACAGAA,1
cut-H3K4me3-ATCCTGTAACAGCAGA,0
cut-H3K4me3-ATCCTGTAACCTCCAA,1
cut-H3K4me3-ATCCTGTAACGCTCGA,1
cut-H3K4me3-ATCCTGTAACGTATCA,6
cut-H3K4me3-ATCCTGTAACTATGCA,1
cut-H3K4me3-ATCCTGTAAGAGTCAA,7
cut-H3K4me3-ATCCTGTAAGATCGCA,7
cut-H3K4me3-ATCCTGTAAGCAGGAA,8
cut-H3K4me3-ATCCTGTAAGTCACTA,1
cut-H3K4me3-ATCCTGTAATCCTGTA,1
cut-H3K4me3-ATCCTGTAATTGAGGA,3
cut-H3K4me3-ATCCTGTACAACCACA,1
cut-H3K4me3-ATCCTGTAGACTAGTA,8
cut-H3K4me3-ATCCTGTACAATGGAA,8
cut-H3K4me3-ATCCTGTACACTTCGA,1
cut-H3K4me3-ATCCTGTACAGCGTTA,0
cut-H3K4me3-ATCCTGTACATACCAA,0
cut-H3K4me3-ATCCTGTACCAGTTCA,1
cut-H3K4me3-ATCCTGTACCGAAGTA,1
cut-H3K4me3-ATCCTGTACCGTGAGA,0
cut-H3K4me3-ATCCTGTACCTCCTGA,2
cut-H3K4me3-ATCCTGTACGAACTTA,3
cut-H3K4me3-ATCCTGTACGACTGGA,2
cut-H3K4me3-ATCCTGTACGCATACA,6
cut-H3K4me3-ATCCTGTACTCAATGA,6
cut-H3K4me3-ATCCTGTACTGAGCCA,2
cut-H3K4me3-ATCCTGTACTGGCATA,0
cut-H3K4me3-ATCCTGTAGAATCTGA,5
cut-H3K4me3-ATCCTGTACAAGACTA,2
cut-H3K4me3-ATCCTGTAGAGCTGAA,0
cut-H3K4me3-ATCCTGTAGATAGACA,0
cut-H3K4me3-ATCCTGTAGCCACATA,2
cut-H3K4me3-ATTGAGGAAACGTGAT,2
cut-H3K4me3-ATTGAGGAAAACATCG,2
cut-H3K4me3-ATTGAGGAATGCCTAA,5
cut-H3K4me3-ATTGAGGAAGTGGTCA,2
cut-H3K4me3-ATTGAGGAACCACTGT,5
cut-H3K4me3-ATTGAGGAACATTGGC,4
cut-H3K4me3-ATTGAGGACAGATCTG,2
cut-H3K4me3-ATTGAGGACATCAAGT,6
cut-H3K4me3-ATTGAGGACGCTGATC,5
cut-H3K4me3-ATTGAGGAACAAGCTA,1
cut-H3K4me3-ATTGAGGACTGTAGCC,2
cut-H3K4me3-ATTGAGGAAGTACAAG,2
cut-H3K4me3-ATTGAGGAAACAACCA,0
cut-H3K4me3-ATTGAGGAAACCGAGA,1
cut-H3K4me3-ATTGAGGAAACGCTTA,1
cut-H3K4me3-ATTGAGGAAAGACGGA,3
cut-H3K4me3-ATTGAGGAAAGGTACA,0
cut-H3K4me3-ATTGAGGAACACAGAA,11
cut-H3K4me3-ATTGAGGAACAGCAGA,0
cut-H3K4me3-ATTGAGGAACCTCCAA,1
cut-H3K4me3-ATTGAGGAACGCTCGA,8
cut-H3K4me3-ATTGAGGAACGTATCA,6
cut-H3K4me3-ATTGAGGAACTATGCA,8
cut-H3K4me3-ATTGAGGAAGCAGGAA,11
cut-H3K4me3-ATTGAGGAAGTCACTA,0
cut-H3K4me3-ATTGAGGAATCCTGTA,1
cut-H3K4me3-ATTGAGGAATTGAGGA,8
cut-H3K4me3-ATTGAGGACAACCACA,9
cut-H3K4me3-ATTGAGGAGACTAGTA,9
cut-H3K4me3-ATTGAGGACAATGGAA,9
cut-H3K4me3-ATTGAGGACACTTCGA,8
cut-H3K4me3-ATTGAGGACAGCGTTA,10
cut-H3K4me3-ATTGAGGACATACCAA,2
cut-H3K4me3-ATTGAGGACCAGTTCA,1
cut-H3K4me3-ATTGAGGACCGAAGTA,1
cut-H3K4me3-ATTGAGGACCGTGAGA,1
cut-H3K4me3-ATTGAGGACCTCCTGA,2
cut-H3K4me3-ATTGAGGACGAACTTA,0
cut-H3K4me3-ATTGAGGACGACTGGA,1
cut-H3K4me3-ATTGAGGACGCATACA,0
cut-H3K4me3-ATTGAGGACTCAATGA,2
cut-H3K4me3-ATTGAGGACTGAGCCA,6
cut-H3K4me3-ATTGAGGACTGGCATA,1
cut-H3K4me3-ATTGAGGAGAATCTGA,4
cut-H3K4me3-ATTGAGGACAAGACTA,2
cut-H3K4me3-ATTGAGGAGAGCTGAA,0
cut-H3K4me3-ATTGAGGAGATAGACA,0
cut-H3K4me3-ATTGAGGAGCCACATA,2
cut-H3K4me3-CAACCACAAACGTGAT,4
cut-H3K4me3-CAACCACAAAACATCG,2
cut-H3K4me3-CAACCACAATGCCTAA,2
cut-H3K4me3-CAACCACAAGTGGTCA,2
cut-H3K4me3-CAACCACAACCACTGT,2
cut-H3K4me3-CAACCACAACATTGGC,2
cut-H3K4me3-CAACCACACAGATCTG,5
cut-H3K4me3-CAACCACACATCAAGT,6
cut-H3K4me3-CAACCACACGCTGATC,2
cut-H3K4me3-CAACCACAACAAGCTA,1
cut-H3K4me3-CAACCACACTGTAGCC,0
cut-H3K4me3-CAACCACAAGTACAAG,2
cut-H3K4me3-CAACCACAAACAACCA,1
cut-H3K4me3-CAACCACAAACCGAGA,7
cut-H3K4me3-CAACCACAAACGCTTA,0
cut-H3K4me3-CAACCACAAAGACGGA,0
cut-H3K4me3-CAACCACAAAGGTACA,0
cut-H3K4me3-CAACCACAACACAGAA,1
cut-H3K4me3-CAACCACAACAGCAGA,0
cut-H3K4me3-CAACCACAACCTCCAA,1
cut-H3K4me3-CAACCACAACGCTCGA,3
cut-H3K4me3-CAACCACAACGTATCA,6
cut-H3K4me3-CAACCACAACTATGCA,0
cut-H3K4me3-CAACCACAAGCAGGAA,6
cut-H3K4me3-CAACCACAAGTCACTA,0
cut-H3K4me3-CAACCACAATCCTGTA,9
cut-H3K4me3-CAACCACAATTGAGGA,9
cut-H3K4me3-CAACCACACAACCACA,0
cut-H3K4me3-CAACCACAGACTAGTA,1
cut-H3K4me3-CAACCACACAATGGAA,9
cut-H3K4me3-CAACCACACACTTCGA,8
cut-H3K4me3-CAACCACACAGCGTTA,1
cut-H3K4me3-CAACCACACATACCAA,0
cut-H3K4me3-CAACCACACCAGTTCA,9
cut-H3K4me3-CAACCACACCGAAGTA,8
cut-H3K4me3-CAACCACACCGTGAGA,9
cut-H3K4me3-CAACCACACCTCCTGA,2
cut-H3K4me3-CAACCACACGAACTTA,3
cut-H3K4me3-CAACCACACGACTGGA,1
cut-H3K4me3-CAACCACACGCATACA,3
cut-H3K4me3-CAACCACACTCAATGA,2
cut-H3K4me3-CAACCACACTGAGCCA,2
cut-H3K4me3-CAACCACACTGGCATA,0
cut-H3K4me3-CAACCACAGAATCTGA,1
cut-H3K4me3-CAACCACACAAGACTA,3
cut-H3K4me3-CAACCACAGAGCTGAA,2
cut-H3K4me3-CAACCACAGATAGACA,2
cut-H3K4me3-CAACCACAGCCACATA,2
cut-H3K4me3-GACTAGTAAACGTGAT,5
cut-H3K4me3-GACTAGTAAAACATCG,5
cut-H3K4me3-GACTAGTAATGCCTAA,2
cut-H3K4me3-GACTAGTAAGTGGTCA,5
cut-H3K4me3-GACTAGTAACCACTGT,5
cut-H3K4me3-GACTAGTAACATTGGC,2
cut-H3K4me3-GACTAGTACAGATCTG,2
cut-H3K4me3-GACTAGTACATCAAGT,6
cut-H3K4me3-GACTAGTACGCTGATC,0
cut-H3K4me3-GACTAGTAACAAGCTA,8
cut-H3K4me3-GACTAGTACTGTAGCC,3
cut-H3K4me3-GACTAGTAAGTACAAG,2
cut-H3K4me3-GACTAGTAAACAACCA,1
cut-H3K4me3-GACTAGTAAACCGAGA,7
cut-H3K4me3-GACTAGTAAACGCTTA,0
cut-H3K4me3-GACTAGTAAAGACGGA,0
cut-H3K4me3-GACTAGTAAAGGTACA,0
cut-H3K4me3-GACTAGTAACACAGAA,1
cut-H3K4me3-GACTAGTAACAGCAGA,0
cut-H3K4me3-GACTAGTAACCTCCAA,11
cut-H3K4me3-GACTAGTAACGCTCGA,1
cut-H3K4me3-GACTAGTAACGTATCA,6
cut-H3K4me3-GACTAGTAACTATGCA,0
cut-H3K4me3-GACTAGTAAGCAGGAA,2
cut-H3K4me3-GACTAGTAAGTCACTA,0
cut-H3K4me3-GACTAGTAATCCTGTA,9
cut-H3K4me3-GACTAGTAATTGAGGA,1
cut-H3K4me3-GACTAGTACAACCACA,2
cut-H3K4me3-GACTAGTAGACTAGTA,2
cut-H3K4me3-GACTAGTACAATGGAA,0
cut-H3K4me3-GACTAGTACACTTCGA,9
cut-H3K4me3-GACTAGTACAGCGTTA,0
cut-H3K4me3-GACTAGTACATACCAA,3
cut-H3K4me3-GACTAGTACCAGTTCA,1
cut-H3K4me3-GACTAGTACCGAAGTA,1
cut-H3K4me3-GACTAGTACCGTGAGA,9
cut-H3K4me3-GACTAGTACCTCCTGA,2
cut-H3K4me3-GACTAGTACGAACTTA,9
cut-H3K4me3-GACTAGTACGACTGGA,1
cut-H3K4me3-GACTAGTACGCATACA,1
cut-H3K4me3-GACTAGTACTCAATGA,2
cut-H3K4me3-GACTAGTACTGAGCCA,0
cut-H3K4me3-GACTAGTACTGGCATA,8
cut-H3K4me3-GACTAGTAGAATCTGA,1
cut-H3K4me3-GACTAGTACAAGACTA,2
cut-H3K4me3-GACTAGTAGAGCTGAA,0
cut-H3K4me3-GACTAGTAGATAGACA,2
cut-H3K4me3-GACTAGTAGCCACATA,0
cut-H3K4me3-CAATGGAAAACGTGAT,5
cut-H3K4me3-CAATGGAAAAACATCG,2
cut-H3K4me3-CAATGGAAATGCCTAA,2
cut-H3K4me3-CAATGGAAAGTGGTCA,2
cut-H3K4me3-CAATGGAAACCACTGT,5
cut-H3K4me3-CAATGGAAACATTGGC,2
cut-H3K4me3-CAATGGAACAGATCTG,2
cut-H3K4me3-CAATGGAACATCAAGT,6
cut-H3K4me3-CAATGGAACGCTGATC,2
cut-H3K4me3-CAATGGAAACAAGCTA,1
cut-H3K4me3-CAATGGAACTGTAGCC,2
cut-H3K4me3-CAATGGAAAGTACAAG,0
cut-H3K4me3-CAATGGAAAACAACCA,7
cut-H3K4me3-CAATGGAAAACCGAGA,8
cut-H3K4me3-CAATGGAAAACGCTTA,3
cut-H3K4me3-CAATGGAAAAGACGGA,0
cut-H3K4me3-CAATGGAAAAGGTACA,3
cut-H3K4me3-CAATGGAAACACAGAA,0
cut-H3K4me3-CAATGGAAACAGCAGA,0
cut-H3K4me3-CAATGGAAACCTCCAA,1
cut-H3K4me3-CAATGGAAACGCTCGA,0
cut-H3K4me3-CAATGGAAACGTATCA,6
cut-H3K4me3-CAATGGAAACTATGCA,11
cut-H3K4me3-CAATGGAAAGCAGGAA,0
cut-H3K4me3-CAATGGAAAGTCACTA,9
cut-H3K4me3-CAATGGAAATCCTGTA,4
cut-H3K4me3-CAATGGAAATTGAGGA,3
cut-H3K4me3-CAATGGAACAACCACA,2
cut-H3K4me3-CAATGGAAGACTAGTA,0
cut-H3K4me3-CAATGGAACAATGGAA,2
cut-H3K4me3-CAATGGAACACTTCGA,9
cut-H3K4me3-CAATGGAACAGCGTTA,9
cut-H3K4me3-CAATGGAACATACCAA,4
cut-H3K4me3-CAATGGAACCAGTTCA,9
cut-H3K4me3-CAATGGAACCGAAGTA,1
cut-H3K4me3-CAATGGAACCGTGAGA,9
cut-H3K4me3-CAATGGAACCTCCTGA,2
cut-H3K4me3-CAATGGAACGAACTTA,11
cut-H3K4me3-CAATGGAACGACTGGA,1
cut-H3K4me3-CAATGGAACGCATACA,1
cut-H3K4me3-CAATGGAACTCAATGA,2
cut-H3K4me3-CAATGGAACTGAGCCA,2
cut-H3K4me3-CAATGGAACTGGCATA,8
cut-H3K4me3-CAATGGAAGAATCTGA,1
cut-H3K4me3-CAATGGAACAAGACTA,2
cut-H3K4me3-CAATGGAAGAGCTGAA,2
cut-H3K4me3-CAATGGAAGATAGACA,2
cut-H3K4me3-CAATGGAAGCCACATA,2
cut-H3K4me3-CACTTCGAAACGTGAT,2
cut-H3K4me3-CACTTCGAAAACATCG,5
cut-H3K4me3-CACTTCGAATGCCTAA,2
cut-H3K4me3-CACTTCGAAGTGGTCA,6
cut-H3K4me3-CACTTCGAACCACTGT,2
cut-H3K4me3-CACTTCGAACATTGGC,2
cut-H3K4me3-CACTTCGACAGATCTG,2
cut-H3K4me3-CACTTCGACATCAAGT,6
cut-H3K4me3-CACTTCGACGCTGATC,0
cut-H3K4me3-CACTTCGAACAAGCTA,1
cut-H3K4me3-CACTTCGACTGTAGCC,0
cut-H3K4me3-CACTTCGAAGTACAAG,2
cut-H3K4me3-CACTTCGAAACAACCA,1
cut-H3K4me3-CACTTCGAAACCGAGA,3
cut-H3K4me3-CACTTCGAAACGCTTA,0
cut-H3K4me3-CACTTCGAAAGACGGA,0
cut-H3K4me3-CACTTCGAAAGGTACA,0
cut-H3K4me3-CACTTCGAACACAGAA,0
cut-H3K4me3-CACTTCGAACAGCAGA,2
cut-H3K4me3-CACTTCGAACCTCCAA,1
cut-H3K4me3-CACTTCGAACGCTCGA,0
cut-H3K4me3-CACTTCGAACGTATCA,6
cut-H3K4me3-CACTTCGAACTATGCA,0
cut-H3K4me3-CACTTCGAAGATCGCA,0
cut-H3K4me3-CACTTCGAAGCAGGAA,0
cut-H3K4me3-CACTTCGAAGTCACTA,9
cut-H3K4me3-CACTTCGAATCCTGTA,9
cut-H3K4me3-CACTTCGAATTGAGGA,4
cut-H3K4me3-CACTTCGACAACCACA,0
cut-H3K4me3-CACTTCGAGACTAGTA,9
cut-H3K4me3-CACTTCGACAATGGAA,3
cut-H3K4me3-CACTTCGACACTTCGA,11
cut-H3K4me3-CACTTCGACAGCGTTA,3
cut-H3K4me3-CACTTCGACATACCAA,4
cut-H3K4me3-CACTTCGACCAGTTCA,4
cut-H3K4me3-CACTTCGACCGAAGTA,4
cut-H3K4me3-CACTTCGACCGTGAGA,0
cut-H3K4me3-CACTTCGACCTCCTGA,3
cut-H3K4me3-CACTTCGACGAACTTA,0
cut-H3K4me3-CACTTCGACGACTGGA,9
cut-H3K4me3-CACTTCGACGCATACA,1
cut-H3K4me3-CACTTCGACTCAATGA,2
cut-H3K4me3-CACTTCGACTGAGCCA,2
cut-H3K4me3-CACTTCGACTGGCATA,4
cut-H3K4me3-CACTTCGAGAATCTGA,7
cut-H3K4me3-CACTTCGACAAGACTA,2
cut-H3K4me3-CACTTCGAGAGCTGAA,2
cut-H3K4me3-CACTTCGAGATAGACA,2
cut-H3K4me3-CACTTCGAGCCACATA,2
cut-H3K4me3-CAGCGTTAATGCCTAA,2
cut-H3K4me3-CAGCGTTAAGTGGTCA,2
cut-H3K4me3-CAGCGTTAACCACTGT,6
cut-H3K4me3-CAGCGTTAACATTGGC,2
cut-H3K4me3-CAGCGTTACAGATCTG,1
cut-H3K4me3-CAGCGTTACATCAAGT,6
cut-H3K4me3-CAGCGTTACGCTGATC,2
cut-H3K4me3-CAGCGTTAACAAGCTA,1
cut-H3K4me3-CAGCGTTACTGTAGCC,0
cut-H3K4me3-CAGCGTTAAGTACAAG,0
cut-H3K4me3-CAGCGTTAAACAACCA,7
cut-H3K4me3-CAGCGTTAAACCGAGA,3
cut-H3K4me3-CAGCGTTAAACGCTTA,0
cut-H3K4me3-CAGCGTTAAAGACGGA,3
cut-H3K4me3-CAGCGTTAAAGGTACA,0
cut-H3K4me3-CAGCGTTAACACAGAA,0
cut-H3K4me3-CAGCGTTAACAGCAGA,2
cut-H3K4me3-CAGCGTTAACCTCCAA,1
cut-H3K4me3-CAGCGTTAACGCTCGA,8
cut-H3K4me3-CAGCGTTAACGTATCA,6
cut-H3K4me3-CAGCGTTAAGATCGCA,2
cut-H3K4me3-CAGCGTTAAGCAGGAA,2
cut-H3K4me3-CAGCGTTAAGTCACTA,0
cut-H3K4me3-CAGCGTTAATCCTGTA,1
cut-H3K4me3-CAGCGTTAATTGAGGA,9
cut-H3K4me3-CAGCGTTACAACCACA,1
cut-H3K4me3-CAGCGTTAGACTAGTA,0
cut-H3K4me3-CAGCGTTACAATGGAA,2
cut-H3K4me3-CAGCGTTACACTTCGA,2
cut-H3K4me3-CAGCGTTACAGCGTTA,4
cut-H3K4me3-CAGCGTTACATACCAA,3
cut-H3K4me3-CAGCGTTACCAGTTCA,3
cut-H3K4me3-CAGCGTTACCGAAGTA,3
cut-H3K4me3-CAGCGTTACCGTGAGA,0
cut-H3K4me3-CAGCGTTACCTCCTGA,3
cut-H3K4me3-CAGCGTTACGAACTTA,2
cut-H3K4me3-CAGCGTTACGACTGGA,1
cut-H3K4me3-CAGCGTTACGCATACA,2
cut-H3K4me3-CAGCGTTACTCAATGA,6
cut-H3K4me3-CAGCGTTACTGAGCCA,2
cut-H3K4me3-CAGCGTTACTGGCATA,0
cut-H3K4me3-CAGCGTTAGAATCTGA,1
cut-H3K4me3-CAGCGTTACAAGACTA,2
cut-H3K4me3-CAGCGTTAGAGCTGAA,2
cut-H3K4me3-CAGCGTTAGATAGACA,2
cut-H3K4me3-CAGCGTTAGCCACATA,2
cut-H3K4me3-CATACCAACATCAAGT,6
cut-H3K4me3-CATACCAACGCTGATC,0
cut-H3K4me3-CATACCAAACAAGCTA,1
cut-H3K4me3-CATACCAACTGTAGCC,0
cut-H3K4me3-CATACCAAAGTACAAG,0
cut-H3K4me3-CATACCAAAACAACCA,7
cut-H3K4me3-CATACCAAAACCGAGA,3
cut-H3K4me3-CATACCAAAACGCTTA,0
cut-H3K4me3-CATACCAAAAGACGGA,2
cut-H3K4me3-CATACCAAAAGGTACA,0
cut-H3K4me3-CATACCAAACACAGAA,4
cut-H3K4me3-CATACCAAACAGCAGA,3
cut-H3K4me3-CATACCAAACCTCCAA,1
cut-H3K4me3-CATACCAAACGCTCGA,8
cut-H3K4me3-CATACCAAACTATGCA,0
cut-H3K4me3-CATACCAAAGAGTCAA,0
cut-H3K4me3-CATACCAAAGATCGCA,3
cut-H3K4me3-CATACCAAAGCAGGAA,3
cut-H3K4me3-CATACCAAAGTCACTA,0
cut-H3K4me3-CATACCAAATCCTGTA,1
cut-H3K4me3-CATACCAAATTGAGGA,1
cut-H3K4me3-CATACCAACAACCACA,0
cut-H3K4me3-CATACCAAGACTAGTA,1
cut-H3K4me3-CATACCAACAATGGAA,1
cut-H3K4me3-CATACCAACACTTCGA,3
cut-H3K4me3-CATACCAACAGCGTTA,2
cut-H3K4me3-CATACCAACATACCAA,0
cut-H3K4me3-CATACCAACCAGTTCA,1
cut-H3K4me3-CATACCAACCGAAGTA,1
cut-H3K4me3-CATACCAACCGTGAGA,4
cut-H3K4me3-CATACCAACCTCCTGA,3
cut-H3K4me3-CATACCAACGAACTTA,3
cut-H3K4me3-CATACCAACGACTGGA,1
cut-H3K4me3-CATACCAACGCATACA,1
cut-H3K4me3-CATACCAACTCAATGA,2
cut-H3K4me3-CATACCAACTGAGCCA,6
cut-H3K4me3-CATACCAACTGGCATA,2
cut-H3K4me3-CATACCAAGAATCTGA,7
cut-H3K4me3-CATACCAACAAGACTA,2
cut-H3K4me3-CATACCAAGAGCTGAA,2
cut-H3K4me3-CATACCAAGATAGACA,2
cut-H3K4me3-CATACCAAGCCACATA,2
cut-H3K4me3-CCAGTTCACGCTGATC,2
cut-H3K4me3-CCAGTTCAACAAGCTA,7
cut-H3K4me3-CCAGTTCACTGTAGCC,0
cut-H3K4me3-CCAGTTCAAGTACAAG,0
cut-H3K4me3-CCAGTTCAAACAACCA,7
cut-H3K4me3-CCAGTTCAAACCGAGA,0
cut-H3K4me3-CCAGTTCAAACGCTTA,0
cut-H3K4me3-CCAGTTCAAAGACGGA,0
cut-H3K4me3-CCAGTTCAAAGGTACA,2
cut-H3K4me3-CCAGTTCAACACAGAA,0
cut-H3K4me3-CCAGTTCAACAGCAGA,5
cut-H3K4me3-CCAGTTCAACCTCCAA,1
cut-H3K4me3-CCAGTTCAACGCTCGA,1
cut-H3K4me3-CCAGTTCAACGTATCA,6
cut-H3K4me3-CCAGTTCAACTATGCA,0
cut-H3K4me3-CCAGTTCAAGAGTCAA,1
cut-H3K4me3-CCAGTTCAAGATCGCA,2
cut-H3K4me3-CCAGTTCAAGCAGGAA,0
cut-H3K4me3-CCAGTTCAAGTCACTA,1
cut-H3K4me3-CCAGTTCAATCCTGTA,1
cut-H3K4me3-CCAGTTCAATTGAGGA,1
cut-H3K4me3-CCAGTTCACAACCACA,0
cut-H3K4me3-CCAGTTCAGACTAGTA,1
cut-H3K4me3-CCAGTTCACAATGGAA,3
cut-H3K4me3-CCAGTTCACACTTCGA,1
cut-H3K4me3-CCAGTTCACAGCGTTA,0
cut-H3K4me3-CCAGTTCACATACCAA,2
cut-H3K4me3-CCAGTTCACCAGTTCA,1
cut-H3K4me3-CCAGTTCACCGAAGTA,1
cut-H3K4me3-CCAGTTCACCGTGAGA,4
cut-H3K4me3-CCAGTTCACCTCCTGA,2
cut-H3K4me3-CCAGTTCACGAACTTA,2
cut-H3K4me3-CCAGTTCACGACTGGA,0
cut-H3K4me3-CCAGTTCACGCATACA,0
cut-H3K4me3-CCAGTTCACTCAATGA,2
cut-H3K4me3-CCAGTTCACTGAGCCA,2
cut-H3K4me3-CCAGTTCACTGGCATA,2
cut-H3K4me3-CCAGTTCAGAATCTGA,1
cut-H3K4me3-CCAGTTCACAAGACTA,2
cut-H3K4me3-CCAGTTCAGAGCTGAA,0
cut-H3K4me3-CCAGTTCAGATAGACA,2
cut-H3K4me3-CCAGTTCAGCCACATA,6
cut-H3K4me3-CCGAAGTAACAAGCTA,0
cut-H3K4me3-CCGAAGTACTGTAGCC,3
cut-H3K4me3-CCGAAGTAAGTACAAG,0
cut-H3K4me3-CCGAAGTAAACAACCA,7
cut-H3K4me3-CCGAAGTAAACCGAGA,3
cut-H3K4me3-CCGAAGTAAACGCTTA,0
cut-H3K4me3-CCGAAGTAAAGACGGA,2
cut-H3K4me3-CCGAAGTAACCTCCAA,1
cut-H3K4me3-CCGAAGTAACGCTCGA,0
cut-H3K4me3-CCGAAGTAACGTATCA,6
cut-H3K4me3-CCGAAGTAACTATGCA,0
cut-H3K4me3-CCGAAGTAAGAGTCAA,1
cut-H3K4me3-CCGAAGTAAGATCGCA,1
cut-H3K4me3-CCGAAGTAAGCAGGAA,3
cut-H3K4me3-CCGAAGTAAGTCACTA,0
cut-H3K4me3-CCGAAGTAATCCTGTA,1
cut-H3K4me3-CCGAAGTAATTGAGGA,1
cut-H3K4me3-CCGAAGTACAACCACA,0
cut-H3K4me3-CCGAAGTAGACTAGTA,1
cut-H3K4me3-CCGAAGTACAATGGAA,2
cut-H3K4me3-CCGAAGTACACTTCGA,1
cut-H3K4me3-CCGAAGTACAGCGTTA,0
cut-H3K4me3-CCGAAGTACATACCAA,0
cut-H3K4me3-CCGAAGTACCAGTTCA,3
cut-H3K4me3-CCGAAGTACCGAAGTA,1
cut-H3K4me3-CCGAAGTACCGTGAGA,1
cut-H3K4me3-CCGAAGTACCTCCTGA,3
cut-H3K4me3-CCGAAGTACGAACTTA,2
cut-H3K4me3-CCGAAGTACGACTGGA,2
cut-H3K4me3-CCGAAGTACGCATACA,2
cut-H3K4me3-CCGAAGTACTCAATGA,2
cut-H3K4me3-CCGAAGTACTGAGCCA,6
cut-H3K4me3-CCGAAGTACTGGCATA,2
cut-H3K4me3-CCGAAGTAGAATCTGA,4
cut-H3K4me3-CCGAAGTACAAGACTA,2
cut-H3K4me3-CCGAAGTAGAGCTGAA,0
cut-H3K4me3-CCGAAGTAGATAGACA,0
cut-H3K4me3-CCGAAGTAGCCACATA,2
cut-H3K4me3-CCGTGAGAACAAGCTA,0
cut-H3K4me3-CCGTGAGACTGTAGCC,0
cut-H3K4me3-CCGTGAGAAGTACAAG,2
cut-H3K4me3-CCGTGAGAAACAACCA,8
cut-H3K4me3-CCGTGAGAAACCGAGA,0
cut-H3K4me3-CCGTGAGAAACGCTTA,2
cut-H3K4me3-CCGTGAGAAAGACGGA,6
cut-H3K4me3-CCGTGAGAACCTCCAA,1
cut-H3K4me3-CCGTGAGAACGCTCGA,0
cut-H3K4me3-CCGTGAGAACGTATCA,6
cut-H3K4me3-CCGTGAGAACTATGCA,2
cut-H3K4me3-CCGTGAGAAGAGTCAA,1
cut-H3K4me3-CCGTGAGAAGATCGCA,1
cut-H3K4me3-CCGTGAGAAGCAGGAA,2
cut-H3K4me3-CCGTGAGAAGTCACTA,2
cut-H3K4me3-CCGTGAGAATCCTGTA,1
cut-H3K4me3-CCGTGAGAATTGAGGA,1
cut-H3K4me3-CCGTGAGACAACCACA,3
cut-H3K4me3-CCGTGAGAGACTAGTA,1
cut-H3K4me3-CCGTGAGACAATGGAA,2
cut-H3K4me3-CCGTGAGACACTTCGA,10
cut-H3K4me3-CCGTGAGACAGCGTTA,0
cut-H3K4me3-CCGTGAGACATACCAA,0
cut-H3K4me3-CCGTGAGACCAGTTCA,1
cut-H3K4me3-CCGTGAGACCGAAGTA,1
cut-H3K4me3-CCGTGAGACCGTGAGA,0
cut-H3K4me3-CCGTGAGACCTCCTGA,2
cut-H3K4me3-CCGTGAGACGAACTTA,2
cut-H3K4me3-CCGTGAGACGACTGGA,3
cut-H3K4me3-CCGTGAGACGCATACA,2
cut-H3K4me3-CCGTGAGACTCAATGA,2
cut-H3K4me3-CCGTGAGACTGAGCCA,6
cut-H3K4me3-CCGTGAGACTGGCATA,6
cut-H3K4me3-CCGTGAGAGAATCTGA,0
cut-H3K4me3-CCGTGAGACAAGACTA,6
cut-H3K4me3-CCGTGAGAGAGCTGAA,2
cut-H3K4me3-CCGTGAGAGATAGACA,3
cut-H3K4me3-CCGTGAGAGCCACATA,2
cut-H3K4me3-CCTCCTGACATCAAGT,6
cut-H3K4me3-CCTCCTGACGCTGATC,2
cut-H3K4me3-CCTCCTGAACAAGCTA,5
cut-H3K4me3-CCTCCTGAACCTCCAA,1
cut-H3K4me3-CCTCCTGAACGCTCGA,3
cut-H3K4me3-CCTCCTGAACGTATCA,6
cut-H3K4me3-CCTCCTGAACTATGCA,2
cut-H3K4me3-CCTCCTGAAGAGTCAA,1
cut-H3K4me3-CCTCCTGAAGATCGCA,1
cut-H3K4me3-CCTCCTGAAGCAGGAA,0
cut-H3K4me3-CCTCCTGAAGTCACTA,2
cut-H3K4me3-CCTCCTGAATCCTGTA,1
cut-H3K4me3-CCTCCTGAATTGAGGA,1
cut-H3K4me3-CCTCCTGACAACCACA,0
cut-H3K4me3-CCTCCTGAGACTAGTA,1
cut-H3K4me3-CCTCCTGACAATGGAA,0
cut-H3K4me3-CCTCCTGACACTTCGA,1
cut-H3K4me3-CCTCCTGACAGCGTTA,3
cut-H3K4me3-CCTCCTGACATACCAA,0
cut-H3K4me3-CCTCCTGACCAGTTCA,1
cut-H3K4me3-CCTCCTGACCGAAGTA,1
cut-H3K4me3-CCTCCTGACCGTGAGA,0
cut-H3K4me3-CCTCCTGACCTCCTGA,0
cut-H3K4me3-CCTCCTGACGAACTTA,3
cut-H3K4me3-CCTCCTGACGACTGGA,2
cut-H3K4me3-CCTCCTGACGCATACA,6
cut-H3K4me3-CCTCCTGACTCAATGA,6
cut-H3K4me3-CCTCCTGACTGAGCCA,6
cut-H3K4me3-CCTCCTGACTGGCATA,2
cut-H3K4me3-CCTCCTGAGAATCTGA,1
cut-H3K4me3-CCTCCTGACAAGACTA,2
cut-H3K4me3-CCTCCTGAGAGCTGAA,2
cut-H3K4me3-CCTCCTGAGATAGACA,2
cut-H3K4me3-CCTCCTGAGCCACATA,2
cut-H3K4me3-CGAACTTACATCAAGT,6
cut-H3K4me3-CGAACTTACGCTGATC,2
cut-H3K4me3-CGAACTTAACAAGCTA,1
cut-H3K4me3-CGAACTTACTGTAGCC,2
cut-H3K4me3-CGAACTTAAGTACAAG,2
cut-H3K4me3-CGAACTTAAACCGAGA,2
cut-H3K4me3-CGAACTTAAACGCTTA,6
cut-H3K4me3-CGAACTTAACCTCCAA,1
cut-H3K4me3-CGAACTTAACGCTCGA,3
cut-H3K4me3-CGAACTTAACGTATCA,6
cut-H3K4me3-CGAACTTAACTATGCA,0
cut-H3K4me3-CGAACTTAAGAGTCAA,1
cut-H3K4me3-CGAACTTAAGATCGCA,1
cut-H3K4me3-CGAACTTAAGCAGGAA,0
cut-H3K4me3-CGAACTTAAGTCACTA,0
cut-H3K4me3-CGAACTTAATCCTGTA,1
cut-H3K4me3-CGAACTTAATTGAGGA,1
cut-H3K4me3-CGAACTTACAACCACA,0
cut-H3K4me3-CGAACTTAGACTAGTA,1
cut-H3K4me3-CGAACTTACAATGGAA,2
cut-H3K4me3-CGAACTTACACTTCGA,1
cut-H3K4me3-CGAACTTACAGCGTTA,0
cut-H3K4me3-CGAACTTACATACCAA,0
cut-H3K4me3-CGAACTTACCAGTTCA,1
cut-H3K4me3-CGAACTTACCGAAGTA,1
cut-H3K4me3-CGAACTTACCGTGAGA,0
cut-H3K4me3-CGAACTTACCTCCTGA,0
cut-H3K4me3-CGAACTTACGAACTTA,2
cut-H3K4me3-CGAACTTACGACTGGA,2
cut-H3K4me3-CGAACTTACGCATACA,6
cut-H3K4me3-CGAACTTACTCAATGA,2
cut-H3K4me3-CGAACTTACTGAGCCA,2
cut-H3K4me3-CGAACTTACTGGCATA,1
cut-H3K4me3-CGAACTTAGAATCTGA,1
cut-H3K4me3-CGAACTTACAAGACTA,2
cut-H3K4me3-CGAACTTAGAGCTGAA,2
cut-H3K4me3-CGAACTTAGATAGACA,2
cut-H3K4me3-CGAACTTAGCCACATA,2
cut-H3K4me3-CGACTGGACATCAAGT,6
cut-H3K4me3-CGACTGGACGCTGATC,3
cut-H3K4me3-CGACTGGAACAAGCTA,1
cut-H3K4me3-CGACTGGACTGTAGCC,3
cut-H3K4me3-CGACTGGAAGTACAAG,0
cut-H3K4me3-CGACTGGAAACAACCA,2
cut-H3K4me3-CGACTGGAAACCGAGA,3
cut-H3K4me3-CGACTGGAAACGCTTA,2
cut-H3K4me3-CGACTGGAACCTCCAA,0
cut-H3K4me3-CGACTGGAACGCTCGA,0
cut-H3K4me3-CGACTGGAACGTATCA,6
cut-H3K4me3-CGACTGGAACTATGCA,2
cut-H3K4me3-CGACTGGAAGAGTCAA,1
cut-H3K4me3-CGACTGGAAGATCGCA,1
cut-H3K4me3-CGACTGGAAGCAGGAA,2
cut-H3K4me3-CGACTGGAAGTCACTA,0
cut-H3K4me3-CGACTGGAATCCTGTA,1
cut-H3K4me3-CGACTGGAATTGAGGA,1
cut-H3K4me3-CGACTGGACAACCACA,3
cut-H3K4me3-CGACTGGAGACTAGTA,1
cut-H3K4me3-CGACTGGACAATGGAA,0
cut-H3K4me3-CGACTGGACACTTCGA,1
cut-H3K4me3-CGACTGGACAGCGTTA,3
cut-H3K4me3-CGACTGGACATACCAA,2
cut-H3K4me3-CGACTGGACCAGTTCA,1
cut-H3K4me3-CGACTGGACCGAAGTA,1
cut-H3K4me3-CGACTGGACCGTGAGA,2
cut-H3K4me3-CGACTGGACCTCCTGA,3
cut-H3K4me3-CGACTGGACGAACTTA,0
cut-H3K4me3-CGACTGGACGACTGGA,1
cut-H3K4me3-CGACTGGACGCATACA,6
cut-H3K4me3-CGACTGGACTCAATGA,6
cut-H3K4me3-CGACTGGACTGAGCCA,6
cut-H3K4me3-CGACTGGACTGGCATA,4
cut-H3K4me3-CGACTGGAGAATCTGA,1
cut-H3K4me3-CGACTGGACAAGACTA,3
cut-H3K4me3-CGACTGGAGAGCTGAA,2
cut-H3K4me3-CGACTGGAGATAGACA,2
cut-H3K4me3-CGACTGGAGCCACATA,2
cut-H3K4me3-CGCATACACATCAAGT,6
cut-H3K4me3-CGCATACACGCTGATC,0
cut-H3K4me3-CGCATACAACAAGCTA,1
cut-H3K4me3-CGCATACACTGTAGCC,2
cut-H3K4me3-CGCATACAAGTACAAG,3
cut-H3K4me3-CGCATACAAACAACCA,2
cut-H3K4me3-CGCATACAACGCTCGA,0
cut-H3K4me3-CGCATACAACGTATCA,6
cut-H3K4me3-CGCATACAACTATGCA,2
cut-H3K4me3-CGCATACAAGAGTCAA,1
cut-H3K4me3-CGCATACAAGATCGCA,1
cut-H3K4me3-CGCATACAAGCAGGAA,0
cut-H3K4me3-CGCATACAAGTCACTA,0
cut-H3K4me3-CGCATACAATCCTGTA,1
cut-H3K4me3-CGCATACAATTGAGGA,1
cut-H3K4me3-CGCATACACAACCACA,0
cut-H3K4me3-CGCATACAGACTAGTA,1
cut-H3K4me3-CGCATACACAATGGAA,2
cut-H3K4me3-CGCATACACACTTCGA,1
cut-H3K4me3-CGCATACACAGCGTTA,2
cut-H3K4me3-CGCATACACATACCAA,0
cut-H3K4me3-CGCATACACCAGTTCA,1
cut-H3K4me3-CGCATACACCGAAGTA,1
cut-H3K4me3-CGCATACACCGTGAGA,0
cut-H3K4me3-CGCATACACCTCCTGA,0
cut-H3K4me3-CGCATACACGAACTTA,2
cut-H3K4me3-CGCATACACGACTGGA,1
cut-H3K4me3-CGCATACACGCATACA,0
cut-H3K4me3-CGCATACACTCAATGA,3
cut-H3K4me3-CGCATACACTGAGCCA,3
cut-H3K4me3-CGCATACACTGGCATA,2
cut-H3K4me3-CGCATACAGAATCTGA,1
cut-H3K4me3-CGCATACACAAGACTA,2
cut-H3K4me3-CGCATACAGAGCTGAA,2
cut-H3K4me3-CGCATACAGATAGACA,2
cut-H3K4me3-CGCATACAGCCACATA,2
cut-H3K4me3-CTCAATGACAGATCTG,1
cut-H3K4me3-CTCAATGACATCAAGT,2
cut-H3K4me3-CTCAATGACGCTGATC,2
cut-H3K4me3-CTCAATGAACAAGCTA,1
cut-H3K4me3-CTCAATGACTGTAGCC,0
cut-H3K4me3-CTCAATGAAGTACAAG,2
cut-H3K4me3-CTCAATGAACGCTCGA,0
cut-H3K4me3-CTCAATGAACGTATCA,6
cut-H3K4me3-CTCAATGAACTATGCA,0
cut-H3K4me3-CTCAATGAAGAGTCAA,1
cut-H3K4me3-CTCAATGAAGATCGCA,1
cut-H3K4me3-CTCAATGAAGCAGGAA,1
cut-H3K4me3-CTCAATGAAGTCACTA,0
cut-H3K4me3-CTCAATGAATCCTGTA,1
cut-H3K4me3-CTCAATGAATTGAGGA,1
cut-H3K4me3-CTCAATGACAACCACA,0
cut-H3K4me3-CTCAATGAGACTAGTA,1
cut-H3K4me3-CTCAATGACAATGGAA,2
cut-H3K4me3-CTCAATGACACTTCGA,0
cut-H3K4me3-CTCAATGACAGCGTTA,0
cut-H3K4me3-CTCAATGACATACCAA,2
cut-H3K4me3-CTCAATGACCAGTTCA,0
cut-H3K4me3-CTCAATGACCGAAGTA,7
cut-H3K4me3-CTCAATGACCGTGAGA,0
cut-H3K4me3-CTCAATGACCTCCTGA,2
cut-H3K4me3-CTCAATGACGAACTTA,2
cut-H3K4me3-CTCAATGACGACTGGA,1
cut-H3K4me3-CTCAATGACGCATACA,9
cut-H3K4me3-CTCAATGACTCAATGA,2
cut-H3K4me3-CTCAATGACTGAGCCA,6
cut-H3K4me3-CTCAATGACTGGCATA,1
cut-H3K4me3-CTCAATGAGAATCTGA,7
cut-H3K4me3-CTCAATGACAAGACTA,6
cut-H3K4me3-CTCAATGAGAGCTGAA,0
cut-H3K4me3-CTCAATGAGATAGACA,2
cut-H3K4me3-CTCAATGAGCCACATA,2
cut-H3K4me3-CTGAGCCACAGATCTG,3
cut-H3K4me3-CTGAGCCACATCAAGT,6
cut-H3K4me3-CTGAGCCACGCTGATC,2
cut-H3K4me3-CTGAGCCAACAAGCTA,1
cut-H3K4me3-CTGAGCCACTGTAGCC,0
cut-H3K4me3-CTGAGCCAACGCTCGA,0
cut-H3K4me3-CTGAGCCAACGTATCA,6
cut-H3K4me3-CTGAGCCAACTATGCA,3
cut-H3K4me3-CTGAGCCAAGAGTCAA,1
cut-H3K4me3-CTGAGCCAAGATCGCA,1
cut-H3K4me3-CTGAGCCAAGCAGGAA,0
cut-H3K4me3-CTGAGCCAAGTCACTA,0
cut-H3K4me3-CTGAGCCAATCCTGTA,1
cut-H3K4me3-CTGAGCCAATTGAGGA,1
cut-H3K4me3-CTGAGCCACAACCACA,0
cut-H3K4me3-CTGAGCCAGACTAGTA,1
cut-H3K4me3-CTGAGCCACAATGGAA,1
cut-H3K4me3-CTGAGCCACACTTCGA,10
cut-H3K4me3-CTGAGCCACAGCGTTA,0
cut-H3K4me3-CTGAGCCACATACCAA,2
cut-H3K4me3-CTGAGCCACCAGTTCA,1
cut-H3K4me3-CTGAGCCACCGAAGTA,1
cut-H3K4me3-CTGAGCCACCGTGAGA,0
cut-H3K4me3-CTGAGCCACCTCCTGA,1
cut-H3K4me3-CTGAGCCACGAACTTA,2
cut-H3K4me3-CTGAGCCACGACTGGA,1
cut-H3K4me3-CTGAGCCACGCATACA,0
cut-H3K4me3-CTGAGCCACTCAATGA,3
cut-H3K4me3-CTGAGCCACTGAGCCA,2
cut-H3K4me3-CTGAGCCACTGGCATA,3
cut-H3K4me3-CTGAGCCAGAATCTGA,1
cut-H3K4me3-CTGAGCCACAAGACTA,2
cut-H3K4me3-CTGAGCCAGAGCTGAA,2
cut-H3K4me3-CTGAGCCAGATAGACA,2
cut-H3K4me3-CTGAGCCAGCCACATA,2
cut-H3K4me3-CTGGCATAACATTGGC,2
cut-H3K4me3-CTGGCATACAGATCTG,1
cut-H3K4me3-CTGGCATACATCAAGT,6
cut-H3K4me3-CTGGCATACGCTGATC,0
cut-H3K4me3-CTGGCATAACAAGCTA,1
cut-H3K4me3-CTGGCATACTGTAGCC,2
cut-H3K4me3-CTGGCATAACGCTCGA,2
cut-H3K4me3-CTGGCATAACGTATCA,6
cut-H3K4me3-CTGGCATAACTATGCA,0
cut-H3K4me3-CTGGCATAAGAGTCAA,1
cut-H3K4me3-CTGGCATAAGATCGCA,1
cut-H3K4me3-CTGGCATAAGCAGGAA,0
cut-H3K4me3-CTGGCATAAGTCACTA,0
cut-H3K4me3-CTGGCATAATCCTGTA,1
cut-H3K4me3-CTGGCATAATTGAGGA,1
cut-H3K4me3-CTGGCATACAACCACA,1
cut-H3K4me3-CTGGCATAGACTAGTA,1
cut-H3K4me3-CTGGCATACAATGGAA,0
cut-H3K4me3-CTGGCATACACTTCGA,1
cut-H3K4me3-CTGGCATACAGCGTTA,2
cut-H3K4me3-CTGGCATACATACCAA,0
cut-H3K4me3-CTGGCATACCAGTTCA,0
cut-H3K4me3-CTGGCATACCGAAGTA,1
cut-H3K4me3-CTGGCATACCGTGAGA,4
cut-H3K4me3-CTGGCATACCTCCTGA,3
cut-H3K4me3-CTGGCATACGAACTTA,0
cut-H3K4me3-CTGGCATACGACTGGA,1
cut-H3K4me3-CTGGCATACGCATACA,1
cut-H3K4me3-CTGGCATACTCAATGA,2
cut-H3K4me3-CTGGCATACTGAGCCA,2
cut-H3K4me3-CTGGCATACTGGCATA,1
cut-H3K4me3-CTGGCATAGAATCTGA,1
cut-H3K4me3-CTGGCATACAAGACTA,6
cut-H3K4me3-CTGGCATAGAGCTGAA,2
cut-H3K4me3-CTGGCATAGATAGACA,2
cut-H3K4me3-CTGGCATAGCCACATA,0
cut-H3K4me3-GAATCTGAACATTGGC,0
cut-H3K4me3-GAATCTGACAGATCTG,1
cut-H3K4me3-GAATCTGACATCAAGT,6
cut-H3K4me3-GAATCTGACGCTGATC,2
cut-H3K4me3-GAATCTGAACAAGCTA,1
cut-H3K4me3-GAATCTGACTGTAGCC,2
cut-H3K4me3-GAATCTGAACTATGCA,0
cut-H3K4me3-GAATCTGAAGAGTCAA,1
cut-H3K4me3-GAATCTGAAGATCGCA,1
cut-H3K4me3-GAATCTGAAGCAGGAA,0
cut-H3K4me3-GAATCTGAAGTCACTA,1
cut-H3K4me3-GAATCTGAATCCTGTA,7
cut-H3K4me3-GAATCTGAATTGAGGA,0
cut-H3K4me3-GAATCTGACAACCACA,0
cut-H3K4me3-GAATCTGAGACTAGTA,1
cut-H3K4me3-GAATCTGACAATGGAA,2
cut-H3K4me3-GAATCTGACACTTCGA,0
cut-H3K4me3-GAATCTGACAGCGTTA,0
cut-H3K4me3-GAATCTGACATACCAA,3
cut-H3K4me3-GAATCTGACCAGTTCA,0
cut-H3K4me3-GAATCTGACCGAAGTA,0
cut-H3K4me3-GAATCTGACCGTGAGA,0
cut-H3K4me3-GAATCTGACCTCCTGA,3
cut-H3K4me3-GAATCTGACGAACTTA,2
cut-H3K4me3-GAATCTGACGACTGGA,1
cut-H3K4me3-GAATCTGACGCATACA,1
cut-H3K4me3-GAATCTGACTCAATGA,0
cut-H3K4me3-GAATCTGACTGAGCCA,2
cut-H3K4me3-GAATCTGACTGGCATA,0
cut-H3K4me3-GAATCTGAGAATCTGA,7
cut-H3K4me3-GAATCTGACAAGACTA,2
cut-H3K4me3-GAATCTGAGAGCTGAA,6
cut-H3K4me3-GAATCTGAGATAGACA,2
cut-H3K4me3-GAATCTGAGCCACATA,2
cut-H3K4me3-CAAGACTAACATTGGC,2
cut-H3K4me3-CAAGACTACAGATCTG,1
cut-H3K4me3-CAAGACTACATCAAGT,2
cut-H3K4me3-CAAGACTACGCTGATC,2
cut-H3K4me3-CAAGACTAACAAGCTA,1
cut-H3K4me3-CAAGACTACTGTAGCC,2
cut-H3K4me3-CAAGACTAAGAGTCAA,1
cut-H3K4me3-CAAGACTAAGATCGCA,9
cut-H3K4me3-CAAGACTAAGCAGGAA,2
cut-H3K4me3-CAAGACTAAGTCACTA,3
cut-H3K4me3-CAAGACTAATCCTGTA,1
cut-H3K4me3-CAAGACTAATTGAGGA,1
cut-H3K4me3-CAAGACTACAACCACA,0
cut-H3K4me3-CAAGACTAGACTAGTA,1
cut-H3K4me3-CAAGACTACAATGGAA,2
cut-H3K4me3-CAAGACTACACTTCGA,0
cut-H3K4me3-CAAGACTACAGCGTTA,2
cut-H3K4me3-CAAGACTACATACCAA,0
cut-H3K4me3-CAAGACTACCAGTTCA,0
cut-H3K4me3-CAAGACTACCGAAGTA,0
cut-H3K4me3-CAAGACTACCGTGAGA,0
cut-H3K4me3-CAAGACTACCTCCTGA,2
cut-H3K4me3-CAAGACTACGAACTTA,0
cut-H3K4me3-CAAGACTACGACTGGA,0
cut-H3K4me3-CAAGACTACGCATACA,1
cut-H3K4me3-CAAGACTACTCAATGA,0
cut-H3K4me3-CAAGACTACTGAGCCA,2
cut-H3K4me3-CAAGACTACTGGCATA,2
cut-H3K4me3-CAAGACTAGAATCTGA,4
cut-H3K4me3-CAAGACTACAAGACTA,2
cut-H3K4me3-CAAGACTAGAGCTGAA,2
cut-H3K4me3-CAAGACTAGATAGACA,2
cut-H3K4me3-CAAGACTAGCCACATA,0
cut-H3K4me3-GAGCTGAAACATTGGC,0
cut-H3K4me3-GAGCTGAACAGATCTG,1
cut-H3K4me3-GAGCTGAACATCAAGT,6
cut-H3K4me3-GAGCTGAACGCTGATC,0
cut-H3K4me3-GAGCTGAAACAAGCTA,1
cut-H3K4me3-GAGCTGAACTGTAGCC,2
cut-H3K4me3-GAGCTGAAAGTACAAG,2
cut-H3K4me3-GAGCTGAAAGATCGCA,2
cut-H3K4me3-GAGCTGAAAGCAGGAA,2
cut-H3K4me3-GAGCTGAAAGTCACTA,0
cut-H3K4me3-GAGCTGAAATCCTGTA,7
cut-H3K4me3-GAGCTGAAATTGAGGA,1
cut-H3K4me3-GAGCTGAACAACCACA,1
cut-H3K4me3-GAGCTGAAGACTAGTA,1
cut-H3K4me3-GAGCTGAACAATGGAA,2
cut-H3K4me3-GAGCTGAACACTTCGA,3
cut-H3K4me3-GAGCTGAACAGCGTTA,2
cut-H3K4me3-GAGCTGAACATACCAA,2
cut-H3K4me3-GAGCTGAACCAGTTCA,0
cut-H3K4me3-GAGCTGAACCGAAGTA,0
cut-H3K4me3-GAGCTGAACCGTGAGA,0
cut-H3K4me3-GAGCTGAACCTCCTGA,2
cut-H3K4me3-GAGCTGAACGAACTTA,3
cut-H3K4me3-GAGCTGAACGACTGGA,1
cut-H3K4me3-GAGCTGAACGCATACA,1
cut-H3K4me3-GAGCTGAACTCAATGA,3
cut-H3K4me3-GAGCTGAACTGAGCCA,2
cut-H3K4me3-GAGCTGAACTGGCATA,2
cut-H3K4me3-GAGCTGAAGAATCTGA,1
cut-H3K4me3-GAGCTGAACAAGACTA,6
cut-H3K4me3-GAGCTGAAGAGCTGAA,2
cut-H3K4me3-GAGCTGAAGATAGACA,2
cut-H3K4me3-GAGCTGAAGCCACATA,2
cut-H3K4me3-GATAGACAACATTGGC,2
cut-H3K4me3-GATAGACACAGATCTG,1
cut-H3K4me3-GATAGACACATCAAGT,6
cut-H3K4me3-GATAGACACGCTGATC,2
cut-H3K4me3-GATAGACAACAAGCTA,1
cut-H3K4me3-GATAGACACTGTAGCC,6
cut-H3K4me3-GATAGACAAGTACAAG,2
cut-H3K4me3-GATAGACAAGATCGCA,2
cut-H3K4me3-GATAGACAAGCAGGAA,2
cut-H3K4me3-GATAGACAAGTCACTA,0
cut-H3K4me3-GATAGACAATCCTGTA,1
cut-H3K4me3-GATAGACAATTGAGGA,0
cut-H3K4me3-GATAGACACAACCACA,0
cut-H3K4me3-GATAGACAGACTAGTA,0
cut-H3K4me3-GATAGACACAATGGAA,2
cut-H3K4me3-GATAGACACACTTCGA,0
cut-H3K4me3-GATAGACACAGCGTTA,2
cut-H3K4me3-GATAGACACATACCAA,2
cut-H3K4me3-GATAGACACCAGTTCA,0
cut-H3K4me3-GATAGACACCGAAGTA,2
cut-H3K4me3-GATAGACACCGTGAGA,0
cut-H3K4me3-GATAGACACCTCCTGA,2
cut-H3K4me3-GATAGACACGAACTTA,0
cut-H3K4me3-GATAGACACGACTGGA,0
cut-H3K4me3-GATAGACACGCATACA,1
cut-H3K4me3-GATAGACACTCAATGA,2
cut-H3K4me3-GATAGACACTGAGCCA,2
cut-H3K4me3-GATAGACACTGGCATA,2
cut-H3K4me3-GATAGACAGAATCTGA,1
cut-H3K4me3-GATAGACACAAGACTA,2
cut-H3K4me3-GATAGACAGAGCTGAA,2
cut-H3K4me3-GATAGACAGATAGACA,2
cut-H3K4me3-GATAGACAGCCACATA,2
cut-H3K4me3-GCCACATAACATTGGC,2
cut-H3K4me3-GCCACATACAGATCTG,7
cut-H3K4me3-GCCACATACATCAAGT,6
cut-H3K4me3-GCCACATACGCTGATC,0
cut-H3K4me3-GCCACATAACAAGCTA,1
cut-H3K4me3-GCCACATACTGTAGCC,2
cut-H3K4me3-GCCACATAAGTACAAG,2
cut-H3K4me3-GCCACATAAACAACCA,1
cut-H3K4me3-GCCACATAACGTATCA,2
cut-H3K4me3-GCCACATAACTATGCA,2
cut-H3K4me3-GCCACATAAGAGTCAA,0
cut-H3K4me3-GCCACATAAGATCGCA,0
cut-H3K4me3-GCCACATAAGCAGGAA,2
cut-H3K4me3-GCCACATAAGTCACTA,0
cut-H3K4me3-GCCACATAATCCTGTA,1
cut-H3K4me3-GCCACATAATTGAGGA,0
cut-H3K4me3-GCCACATACAACCACA,0
cut-H3K4me3-GCCACATAGACTAGTA,0
cut-H3K4me3-GCCACATACAATGGAA,2
cut-H3K4me3-GCCACATACACTTCGA,0
cut-H3K4me3-GCCACATACAGCGTTA,2
cut-H3K4me3-GCCACATACATACCAA,2
cut-H3K4me3-GCCACATACCAGTTCA,0
cut-H3K4me3-GCCACATACCGAAGTA,3
cut-H3K4me3-GCCACATACCGTGAGA,2
cut-H3K4me3-GCCACATACCTCCTGA,3
cut-H3K4me3-GCCACATACGAACTTA,2
cut-H3K4me3-GCCACATACGACTGGA,4
cut-H3K4me3-GCCACATACGCATACA,0
cut-H3K4me3-GCCACATACTCAATGA,0
cut-H3K4me3-GCCACATACTGAGCCA,2
cut-H3K4me3-GCCACATACTGGCATA,0
cut-H3K4me3-GCCACATAGAATCTGA,1
cut-H3K4me3-GCCACATACAAGACTA,6
cut-H3K4me3-GCCACATAGAGCTGAA,6
cut-H3K4me3-GCCACATAGATAGACA,2
cut-H3K4me3-GCCACATAGCCACATA,6
cut-H3K27ac-AACGTGATAAACATCG,11
cut-H3K27ac-AACGTGATATGCCTAA,4
cut-H3K27ac-AACGTGATCGCTGATC,4
cut-H3K27ac-AACGTGATACAAGCTA,4
cut-H3K27ac-AACGTGATCTGTAGCC,0
cut-H3K27ac-AACGTGATAGTACAAG,4
cut-H3K27ac-AACGTGATAACAACCA,4
cut-H3K27ac-AACGTGATAACCGAGA,4
cut-H3K27ac-AACGTGATAAGGTACA,1
cut-H3K27ac-AACGTGATACACAGAA,1
cut-H3K27ac-AACGTGATACAGCAGA,1
cut-H3K27ac-AACGTGATACCTCCAA,11
cut-H3K27ac-AACGTGATACGCTCGA,4
cut-H3K27ac-AACGTGATACGTATCA,2
cut-H3K27ac-AACGTGATACTATGCA,5
cut-H3K27ac-AACGTGATAGAGTCAA,4
cut-H3K27ac-AACGTGATAGATCGCA,4
cut-H3K27ac-AACGTGATAGCAGGAA,3
cut-H3K27ac-AACGTGATAGTCACTA,3
cut-H3K27ac-AACGTGATATCCTGTA,11
cut-H3K27ac-AACGTGATATTGAGGA,5
cut-H3K27ac-AACGTGATCAACCACA,1
cut-H3K27ac-AACGTGATGACTAGTA,1
cut-H3K27ac-AACGTGATCAATGGAA,1
cut-H3K27ac-AACGTGATCACTTCGA,0
cut-H3K27ac-AACGTGATCAGCGTTA,3
cut-H3K27ac-AACGTGATCATACCAA,3
cut-H3K27ac-AACGTGATCCAGTTCA,5
cut-H3K27ac-AACGTGATCCGAAGTA,0
cut-H3K27ac-AACGTGATCCGTGAGA,0
cut-H3K27ac-AACGTGATCCTCCTGA,3
cut-H3K27ac-AACGTGATCGAACTTA,7
cut-H3K27ac-AAACATCGAACGTGAT,4
cut-H3K27ac-AAACATCGAAACATCG,5
cut-H3K27ac-AAACATCGATGCCTAA,4
cut-H3K27ac-AAACATCGAGTGGTCA,3
cut-H3K27ac-AAACATCGCATCAAGT,4
cut-H3K27ac-AAACATCGCGCTGATC,4
cut-H3K27ac-AAACATCGACAAGCTA,4
cut-H3K27ac-AAACATCGCTGTAGCC,4
cut-H3K27ac-AAACATCGAGTACAAG,4
cut-H3K27ac-AAACATCGAACAACCA,4
cut-H3K27ac-AAACATCGAACCGAGA,4
cut-H3K27ac-AAACATCGAACGCTTA,4
cut-H3K27ac-AAACATCGAAGACGGA,4
cut-H3K27ac-AAACATCGAAGGTACA,4
cut-H3K27ac-AAACATCGACACAGAA,4
cut-H3K27ac-AAACATCGACAGCAGA,4
cut-H3K27ac-AAACATCGACCTCCAA,4
cut-H3K27ac-AAACATCGACGCTCGA,4
cut-H3K27ac-AAACATCGACGTATCA,3
cut-H3K27ac-AAACATCGACTATGCA,1
cut-H3K27ac-AAACATCGAGAGTCAA,4
cut-H3K27ac-AAACATCGAGATCGCA,5
cut-H3K27ac-AAACATCGAGCAGGAA,11
cut-H3K27ac-AAACATCGAGTCACTA,10
cut-H3K27ac-AAACATCGATCCTGTA,1
cut-H3K27ac-AAACATCGATTGAGGA,3
cut-H3K27ac-AAACATCGCAACCACA,1
cut-H3K27ac-AAACATCGGACTAGTA,4
cut-H3K27ac-AAACATCGCAATGGAA,0
cut-H3K27ac-AAACATCGCACTTCGA,10
cut-H3K27ac-AAACATCGCAGCGTTA,0
cut-H3K27ac-AAACATCGCATACCAA,10
cut-H3K27ac-AAACATCGCCAGTTCA,10
cut-H3K27ac-AAACATCGCCGAAGTA,2
cut-H3K27ac-AAACATCGCCGTGAGA,3
cut-H3K27ac-AAACATCGCCTCCTGA,2
cut-H3K27ac-AAACATCGCGAACTTA,10
cut-H3K27ac-AAACATCGCGACTGGA,11
cut-H3K27ac-AAACATCGCGCATACA,3
cut-H3K27ac-AAACATCGCTCAATGA,3
cut-H3K27ac-AAACATCGCTGAGCCA,2
cut-H3K27ac-ATGCCTAAAACGTGAT,4
cut-H3K27ac-ATGCCTAAAAACATCG,11
cut-H3K27ac-ATGCCTAAATGCCTAA,4
cut-H3K27ac-ATGCCTAAAGTGGTCA,2
cut-H3K27ac-ATGCCTAAACCACTGT,4
cut-H3K27ac-ATGCCTAAACATTGGC,4
cut-H3K27ac-ATGCCTAACAGATCTG,4
cut-H3K27ac-ATGCCTAACATCAAGT,4
cut-H3K27ac-ATGCCTAACGCTGATC,4
cut-H3K27ac-ATGCCTAAACAAGCTA,4
cut-H3K27ac-ATGCCTAACTGTAGCC,1
cut-H3K27ac-ATGCCTAAAGTACAAG,5
cut-H3K27ac-ATGCCTAAAACAACCA,4
cut-H3K27ac-ATGCCTAAAACCGAGA,4
cut-H3K27ac-ATGCCTAAAACGCTTA,1
cut-H3K27ac-ATGCCTAAAAGACGGA,4
cut-H3K27ac-ATGCCTAAAAGGTACA,4
cut-H3K27ac-ATGCCTAAACACAGAA,4
cut-H3K27ac-ATGCCTAAACAGCAGA,4
cut-H3K27ac-ATGCCTAAACCTCCAA,1
cut-H3K27ac-ATGCCTAAACGCTCGA,4
cut-H3K27ac-ATGCCTAAACGTATCA,6
cut-H3K27ac-ATGCCTAAACTATGCA,4
cut-H3K27ac-ATGCCTAAAGAGTCAA,4
cut-H3K27ac-ATGCCTAAAGATCGCA,4
cut-H3K27ac-ATGCCTAAAGCAGGAA,5
cut-H3K27ac-ATGCCTAAAGTCACTA,12
cut-H3K27ac-ATGCCTAAATCCTGTA,10
cut-H3K27ac-ATGCCTAAATTGAGGA,3
cut-H3K27ac-ATGCCTAACAACCACA,0
cut-H3K27ac-ATGCCTAAGACTAGTA,1
cut-H3K27ac-ATGCCTAACAATGGAA,11
cut-H3K27ac-ATGCCTAACACTTCGA,10
cut-H3K27ac-ATGCCTAACAGCGTTA,2
cut-H3K27ac-ATGCCTAACATACCAA,3
cut-H3K27ac-ATGCCTAACCAGTTCA,10
cut-H3K27ac-ATGCCTAACCGAAGTA,2
cut-H3K27ac-ATGCCTAACCGTGAGA,5
cut-H3K27ac-ATGCCTAACCTCCTGA,2
cut-H3K27ac-ATGCCTAACGAACTTA,2
cut-H3K27ac-ATGCCTAACGACTGGA,1
cut-H3K27ac-ATGCCTAACGCATACA,1
cut-H3K27ac-ATGCCTAACTCAATGA,3
cut-H3K27ac-ATGCCTAACTGAGCCA,3
cut-H3K27ac-ATGCCTAACTGGCATA,2
cut-H3K27ac-ATGCCTAAGAATCTGA,2
cut-H3K27ac-ATGCCTAACAAGACTA,3
cut-H3K27ac-AGTGGTCAAACGTGAT,4
cut-H3K27ac-AGTGGTCAAAACATCG,3
cut-H3K27ac-AGTGGTCAATGCCTAA,11
cut-H3K27ac-AGTGGTCAAGTGGTCA,0
cut-H3K27ac-AGTGGTCAACCACTGT,4
cut-H3K27ac-AGTGGTCAACATTGGC,4
cut-H3K27ac-AGTGGTCACAGATCTG,8
cut-H3K27ac-AGTGGTCACATCAAGT,4
cut-H3K27ac-AGTGGTCACGCTGATC,4
cut-H3K27ac-AGTGGTCAACAAGCTA,5
cut-H3K27ac-AGTGGTCACTGTAGCC,0
cut-H3K27ac-AGTGGTCAAGTACAAG,0
cut-H3K27ac-AGTGGTCAAACAACCA,4
cut-H3K27ac-AGTGGTCAAACCGAGA,4
cut-H3K27ac-AGTGGTCAAACGCTTA,4
cut-H3K27ac-AGTGGTCAAAGACGGA,4
cut-H3K27ac-AGTGGTCAAAGGTACA,4
cut-H3K27ac-AGTGGTCAACACAGAA,4
cut-H3K27ac-AGTGGTCAACAGCAGA,4
cut-H3K27ac-AGTGGTCAACCTCCAA,4
cut-H3K27ac-AGTGGTCAACGCTCGA,4
cut-H3K27ac-AGTGGTCAACGTATCA,6
cut-H3K27ac-AGTGGTCAACTATGCA,4
cut-H3K27ac-AGTGGTCAAGAGTCAA,4
cut-H3K27ac-AGTGGTCAAGATCGCA,4
cut-H3K27ac-AGTGGTCAAGCAGGAA,4
cut-H3K27ac-AGTGGTCAAGTCACTA,4
cut-H3K27ac-AGTGGTCAGACTAGTA,3
cut-H3K27ac-AGTGGTCACAATGGAA,2
cut-H3K27ac-AGTGGTCACACTTCGA,0
cut-H3K27ac-AGTGGTCACAGCGTTA,0
cut-H3K27ac-AGTGGTCACATACCAA,0
cut-H3K27ac-AGTGGTCACCAGTTCA,4
cut-H3K27ac-AGTGGTCACCGAAGTA,0
cut-H3K27ac-AGTGGTCACCGTGAGA,2
cut-H3K27ac-AGTGGTCACCTCCTGA,7
cut-H3K27ac-AGTGGTCACGAACTTA,4
cut-H3K27ac-AGTGGTCACGACTGGA,12
cut-H3K27ac-AGTGGTCACGCATACA,5
cut-H3K27ac-AGTGGTCACTCAATGA,8
cut-H3K27ac-AGTGGTCACTGAGCCA,4
cut-H3K27ac-AGTGGTCACTGGCATA,5
cut-H3K27ac-AGTGGTCAGAATCTGA,4
cut-H3K27ac-AGTGGTCACAAGACTA,0
cut-H3K27ac-AGTGGTCAGAGCTGAA,3
cut-H3K27ac-AGTGGTCAGATAGACA,5
cut-H3K27ac-ACCACTGTAACGTGAT,4
cut-H3K27ac-ACCACTGTAAACATCG,11
cut-H3K27ac-ACCACTGTATGCCTAA,4
cut-H3K27ac-ACCACTGTAGTGGTCA,0
cut-H3K27ac-ACCACTGTACCACTGT,1
cut-H3K27ac-ACCACTGTACATTGGC,4
cut-H3K27ac-ACCACTGTCAGATCTG,4
cut-H3K27ac-ACCACTGTCATCAAGT,4
cut-H3K27ac-ACCACTGTCGCTGATC,4
cut-H3K27ac-ACCACTGTACAAGCTA,0
cut-H3K27ac-ACCACTGTCTGTAGCC,0
cut-H3K27ac-ACCACTGTAGTACAAG,0
cut-H3K27ac-ACCACTGTAACAACCA,4
cut-H3K27ac-ACCACTGTAACCGAGA,4
cut-H3K27ac-ACCACTGTAACGCTTA,4
cut-H3K27ac-ACCACTGTAAGACGGA,4
cut-H3K27ac-ACCACTGTAAGGTACA,4
cut-H3K27ac-ACCACTGTACACAGAA,4
cut-H3K27ac-ACCACTGTACAGCAGA,4
cut-H3K27ac-ACCACTGTACCTCCAA,4
cut-H3K27ac-ACCACTGTACGCTCGA,1
cut-H3K27ac-ACCACTGTACGTATCA,2
cut-H3K27ac-ACCACTGTACTATGCA,4
cut-H3K27ac-ACCACTGTATTGAGGA,5
cut-H3K27ac-ACCACTGTCAATGGAA,3
cut-H3K27ac-ACCACTGTCACTTCGA,4
cut-H3K27ac-ACCACTGTCAGCGTTA,4
cut-H3K27ac-ACCACTGTCATACCAA,1
cut-H3K27ac-ACCACTGTCCAGTTCA,1
cut-H3K27ac-ACCACTGTCCGAAGTA,3
cut-H3K27ac-ACCACTGTCCGTGAGA,5
cut-H3K27ac-ACCACTGTCCTCCTGA,2
cut-H3K27ac-ACCACTGTCGAACTTA,4
cut-H3K27ac-ACCACTGTCGACTGGA,1
cut-H3K27ac-ACCACTGTCGCATACA,1
cut-H3K27ac-ACCACTGTCTCAATGA,1
cut-H3K27ac-ACCACTGTCTGAGCCA,4
cut-H3K27ac-ACCACTGTCTGGCATA,0
cut-H3K27ac-ACCACTGTGAATCTGA,3
cut-H3K27ac-ACCACTGTCAAGACTA,3
cut-H3K27ac-ACCACTGTGAGCTGAA,3
cut-H3K27ac-ACCACTGTGATAGACA,11
cut-H3K27ac-ACCACTGTGCCACATA,3
cut-H3K27ac-ACATTGGCAACGTGAT,4
cut-H3K27ac-ACATTGGCAAACATCG,0
cut-H3K27ac-ACATTGGCATGCCTAA,4
cut-H3K27ac-ACATTGGCAGTGGTCA,3
cut-H3K27ac-ACATTGGCACCACTGT,0
cut-H3K27ac-ACATTGGCACATTGGC,8
cut-H3K27ac-ACATTGGCCAGATCTG,4
cut-H3K27ac-ACATTGGCCATCAAGT,4
cut-H3K27ac-ACATTGGCCGCTGATC,0
cut-H3K27ac-ACATTGGCACAAGCTA,0
cut-H3K27ac-ACATTGGCCTGTAGCC,0
cut-H3K27ac-ACATTGGCAGTACAAG,0
cut-H3K27ac-ACATTGGCAACAACCA,4
cut-H3K27ac-ACATTGGCAACCGAGA,4
cut-H3K27ac-ACATTGGCAACGCTTA,4
cut-H3K27ac-ACATTGGCAAGACGGA,4
cut-H3K27ac-ACATTGGCAAGGTACA,4
cut-H3K27ac-ACATTGGCACACAGAA,5
cut-H3K27ac-ACATTGGCACAGCAGA,9
cut-H3K27ac-ACATTGGCACCTCCAA,4
cut-H3K27ac-ACATTGGCACGCTCGA,4
cut-H3K27ac-ACATTGGCACGTATCA,2
cut-H3K27ac-ACATTGGCACTATGCA,1
cut-H3K27ac-ACATTGGCAGAGTCAA,4
cut-H3K27ac-ACATTGGCATTGAGGA,1
cut-H3K27ac-ACATTGGCCAACCACA,1
cut-H3K27ac-ACATTGGCGACTAGTA,1
cut-H3K27ac-ACATTGGCCAATGGAA,4
cut-H3K27ac-ACATTGGCCACTTCGA,1
cut-H3K27ac-ACATTGGCCCTCCTGA,3
cut-H3K27ac-ACATTGGCCGAACTTA,4
cut-H3K27ac-ACATTGGCCGACTGGA,1
cut-H3K27ac-ACATTGGCCGCATACA,4
cut-H3K27ac-ACATTGGCCTCAATGA,4
cut-H3K27ac-ACATTGGCCTGAGCCA,4
cut-H3K27ac-ACATTGGCCTGGCATA,4
cut-H3K27ac-ACATTGGCGAATCTGA,8
cut-H3K27ac-ACATTGGCCAAGACTA,7
cut-H3K27ac-ACATTGGCGAGCTGAA,3
cut-H3K27ac-ACATTGGCGATAGACA,3
cut-H3K27ac-ACATTGGCGCCACATA,4
cut-H3K27ac-CAGATCTGAACGTGAT,4
cut-H3K27ac-CAGATCTGAAACATCG,11
cut-H3K27ac-CAGATCTGATGCCTAA,8
cut-H3K27ac-CAGATCTGAGTGGTCA,3
cut-H3K27ac-CAGATCTGACCACTGT,0
cut-H3K27ac-CAGATCTGACATTGGC,0
cut-H3K27ac-CAGATCTGCAGATCTG,4
cut-H3K27ac-CAGATCTGCATCAAGT,5
cut-H3K27ac-CAGATCTGCGCTGATC,3
cut-H3K27ac-CAGATCTGACAAGCTA,0
cut-H3K27ac-CAGATCTGCTGTAGCC,3
cut-H3K27ac-CAGATCTGAGTACAAG,0
cut-H3K27ac-CAGATCTGAACAACCA,9
cut-H3K27ac-CAGATCTGAACCGAGA,1
cut-H3K27ac-CAGATCTGAACGCTTA,1
cut-H3K27ac-CAGATCTGAAGACGGA,1
cut-H3K27ac-CAGATCTGAAGGTACA,9
cut-H3K27ac-CAGATCTGACACAGAA,4
cut-H3K27ac-CAGATCTGACAGCAGA,9
cut-H3K27ac-CAGATCTGACCTCCAA,4
cut-H3K27ac-CAGATCTGACGCTCGA,4
cut-H3K27ac-CAGATCTGACGTATCA,3
cut-H3K27ac-CAGATCTGACTATGCA,1
cut-H3K27ac-CAGATCTGAGAGTCAA,4
cut-H3K27ac-CAGATCTGAGATCGCA,4
cut-H3K27ac-CAGATCTGGACTAGTA,5
cut-H3K27ac-CAGATCTGCCGAAGTA,3
cut-H3K27ac-CAGATCTGCCGTGAGA,2
cut-H3K27ac-CAGATCTGCCTCCTGA,3
cut-H3K27ac-CAGATCTGCGAACTTA,4
cut-H3K27ac-CAGATCTGCGACTGGA,4
cut-H3K27ac-CAGATCTGCGCATACA,1
cut-H3K27ac-CAGATCTGCTCAATGA,4
cut-H3K27ac-CAGATCTGCTGAGCCA,4
cut-H3K27ac-CAGATCTGCTGGCATA,1
cut-H3K27ac-CAGATCTGGAATCTGA,1
cut-H3K27ac-CAGATCTGCAAGACTA,8
cut-H3K27ac-CAGATCTGGAGCTGAA,10
cut-H3K27ac-CAGATCTGGATAGACA,3
cut-H3K27ac-CAGATCTGGCCACATA,2
cut-H3K27ac-CATCAAGTAACGTGAT,4
cut-H3K27ac-CATCAAGTAAACATCG,1
cut-H3K27ac-CATCAAGTATGCCTAA,4
cut-H3K27ac-CATCAAGTAGTGGTCA,3
cut-H3K27ac-CATCAAGTACCACTGT,3
cut-H3K27ac-CATCAAGTACATTGGC,9
cut-H3K27ac-CATCAAGTCAGATCTG,3
cut-H3K27ac-CATCAAGTCATCAAGT,5
cut-H3K27ac-CATCAAGTCGCTGATC,9
cut-H3K27ac-CATCAAGTACAAGCTA,5
cut-H3K27ac-CATCAAGTCTGTAGCC,9
cut-H3K27ac-CATCAAGTAGTACAAG,9
cut-H3K27ac-CATCAAGTAACAACCA,3
cut-H3K27ac-CATCAAGTAACCGAGA,0
cut-H3K27ac-CATCAAGTAACGCTTA,0
cut-H3K27ac-CATCAAGTAAGACGGA,0
cut-H3K27ac-CATCAAGTAAGGTACA,0
cut-H3K27ac-CATCAAGTACACAGAA,0
cut-H3K27ac-CATCAAGTACAGCAGA,0
cut-H3K27ac-CATCAAGTACCTCCAA,5
cut-H3K27ac-CATCAAGTACGCTCGA,5
cut-H3K27ac-CATCAAGTACGTATCA,3
cut-H3K27ac-CATCAAGTACTATGCA,4
cut-H3K27ac-CATCAAGTAGAGTCAA,5
cut-H3K27ac-CATCAAGTAGATCGCA,4
cut-H3K27ac-CATCAAGTCATACCAA,4
cut-H3K27ac-CATCAAGTCCAGTTCA,2
cut-H3K27ac-CATCAAGTCCGAAGTA,3
cut-H3K27ac-CATCAAGTCCGTGAGA,10
cut-H3K27ac-CATCAAGTCCTCCTGA,0
cut-H3K27ac-CATCAAGTCGAACTTA,4
cut-H3K27ac-CATCAAGTCGACTGGA,4
cut-H3K27ac-CATCAAGTCGCATACA,4
cut-H3K27ac-CATCAAGTCTCAATGA,4
cut-H3K27ac-CATCAAGTCTGAGCCA,0
cut-H3K27ac-CATCAAGTCTGGCATA,4
cut-H3K27ac-CATCAAGTGAATCTGA,4
cut-H3K27ac-CATCAAGTCAAGACTA,8
cut-H3K27ac-CATCAAGTGAGCTGAA,3
cut-H3K27ac-CATCAAGTGATAGACA,3
cut-H3K27ac-CATCAAGTGCCACATA,6
cut-H3K27ac-CGCTGATCAACGTGAT,0
cut-H3K27ac-CGCTGATCAAACATCG,3
cut-H3K27ac-CGCTGATCATGCCTAA,5
cut-H3K27ac-CGCTGATCAGTGGTCA,9
cut-H3K27ac-CGCTGATCACCACTGT,3
cut-H3K27ac-CGCTGATCACATTGGC,0
cut-H3K27ac-CGCTGATCCAGATCTG,9
cut-H3K27ac-CGCTGATCCATCAAGT,0
cut-H3K27ac-CGCTGATCCGCTGATC,3
cut-H3K27ac-CGCTGATCACAAGCTA,3
cut-H3K27ac-CGCTGATCCTGTAGCC,0
cut-H3K27ac-CGCTGATCAGTACAAG,3
cut-H3K27ac-CGCTGATCAACAACCA,3
cut-H3K27ac-CGCTGATCAACCGAGA,11
cut-H3K27ac-CGCTGATCAACGCTTA,3
cut-H3K27ac-CGCTGATCAAGACGGA,3
cut-H3K27ac-CGCTGATCAAGGTACA,3
cut-H3K27ac-CGCTGATCACACAGAA,3
cut-H3K27ac-CGCTGATCACAGCAGA,0
cut-H3K27ac-CGCTGATCACCTCCAA,4
cut-H3K27ac-CGCTGATCACGCTCGA,0
cut-H3K27ac-CGCTGATCACGTATCA,2
cut-H3K27ac-CGCTGATCACTATGCA,1
cut-H3K27ac-CGCTGATCAGAGTCAA,0
cut-H3K27ac-CGCTGATCAGATCGCA,4
cut-H3K27ac-CGCTGATCAGCAGGAA,0
cut-H3K27ac-CGCTGATCCACTTCGA,4
cut-H3K27ac-CGCTGATCCAGCGTTA,10
cut-H3K27ac-CGCTGATCCATACCAA,5
cut-H3K27ac-CGCTGATCCCAGTTCA,4
cut-H3K27ac-CGCTGATCCCGAAGTA,0
cut-H3K27ac-CGCTGATCCCGTGAGA,1
cut-H3K27ac-CGCTGATCCCTCCTGA,3
cut-H3K27ac-CGCTGATCCGAACTTA,4
cut-H3K27ac-CGCTGATCCGACTGGA,4
cut-H3K27ac-CGCTGATCCGCATACA,4
cut-H3K27ac-CGCTGATCCTCAATGA,4
cut-H3K27ac-CGCTGATCCTGAGCCA,5
cut-H3K27ac-CGCTGATCCTGGCATA,9
cut-H3K27ac-CGCTGATCGAATCTGA,9
cut-H3K27ac-CGCTGATCCAAGACTA,2
cut-H3K27ac-CGCTGATCGAGCTGAA,7
cut-H3K27ac-CGCTGATCGATAGACA,10
cut-H3K27ac-CGCTGATCGCCACATA,8
cut-H3K27ac-ACAAGCTAAACGTGAT,4
cut-H3K27ac-ACAAGCTAAAACATCG,0
cut-H3K27ac-ACAAGCTAATGCCTAA,5
cut-H3K27ac-ACAAGCTAAGTGGTCA,3
cut-H3K27ac-ACAAGCTAACCACTGT,3
cut-H3K27ac-ACAAGCTAACATTGGC,0
cut-H3K27ac-ACAAGCTACAGATCTG,5
cut-H3K27ac-ACAAGCTACATCAAGT,9
cut-H3K27ac-ACAAGCTACGCTGATC,0
cut-H3K27ac-ACAAGCTAACAAGCTA,3
cut-H3K27ac-ACAAGCTACTGTAGCC,0
cut-H3K27ac-ACAAGCTAAGTACAAG,2
cut-H3K27ac-ACAAGCTAAACAACCA,2
cut-H3K27ac-ACAAGCTAAACCGAGA,2
cut-H3K27ac-ACAAGCTAAACGCTTA,3
cut-H3K27ac-ACAAGCTAAAGACGGA,2
cut-H3K27ac-ACAAGCTAAAGGTACA,3
cut-H3K27ac-ACAAGCTAACACAGAA,0
cut-H3K27ac-ACAAGCTAACAGCAGA,3
cut-H3K27ac-ACAAGCTAACCTCCAA,3
cut-H3K27ac-ACAAGCTAACGCTCGA,3
cut-H3K27ac-ACAAGCTAACGTATCA,2
cut-H3K27ac-ACAAGCTAACTATGCA,1
cut-H3K27ac-ACAAGCTAAGAGTCAA,0
cut-H3K27ac-ACAAGCTAAGATCGCA,10
cut-H3K27ac-ACAAGCTAAGCAGGAA,4
cut-H3K27ac-ACAAGCTAGACTAGTA,1
cut-H3K27ac-ACAAGCTACAATGGAA,8
cut-H3K27ac-ACAAGCTACACTTCGA,4
cut-H3K27ac-ACAAGCTACAGCGTTA,4
cut-H3K27ac-ACAAGCTACATACCAA,4
cut-H3K27ac-ACAAGCTACCAGTTCA,1
cut-H3K27ac-ACAAGCTACCGAAGTA,0
cut-H3K27ac-ACAAGCTACCGTGAGA,4
cut-H3K27ac-ACAAGCTACCTCCTGA,3
cut-H3K27ac-ACAAGCTACGAACTTA,5
cut-H3K27ac-ACAAGCTACGACTGGA,4
cut-H3K27ac-ACAAGCTACGCATACA,4
cut-H3K27ac-ACAAGCTACTCAATGA,4
cut-H3K27ac-ACAAGCTACTGAGCCA,3
cut-H3K27ac-ACAAGCTACTGGCATA,0
cut-H3K27ac-ACAAGCTAGAATCTGA,11
cut-H3K27ac-ACAAGCTACAAGACTA,2
cut-H3K27ac-ACAAGCTAGAGCTGAA,10
cut-H3K27ac-ACAAGCTAGATAGACA,2
cut-H3K27ac-ACAAGCTAGCCACATA,3
cut-H3K27ac-CTGTAGCCAACGTGAT,4
cut-H3K27ac-CTGTAGCCAAACATCG,9
cut-H3K27ac-CTGTAGCCATGCCTAA,4
cut-H3K27ac-CTGTAGCCAGTGGTCA,3
cut-H3K27ac-CTGTAGCCACCACTGT,3
cut-H3K27ac-CTGTAGCCACATTGGC,5
cut-H3K27ac-CTGTAGCCCAGATCTG,0
cut-H3K27ac-CTGTAGCCCATCAAGT,9
cut-H3K27ac-CTGTAGCCCGCTGATC,0
cut-H3K27ac-CTGTAGCCACAAGCTA,3
cut-H3K27ac-CTGTAGCCCTGTAGCC,3
cut-H3K27ac-CTGTAGCCAGTACAAG,0
cut-H3K27ac-CTGTAGCCAACAACCA,3
cut-H3K27ac-CTGTAGCCAACCGAGA,3
cut-H3K27ac-CTGTAGCCAACGCTTA,0
cut-H3K27ac-CTGTAGCCAAGACGGA,3
cut-H3K27ac-CTGTAGCCAAGGTACA,2
cut-H3K27ac-CTGTAGCCACACAGAA,0
cut-H3K27ac-CTGTAGCCACAGCAGA,2
cut-H3K27ac-CTGTAGCCACGCTCGA,5
cut-H3K27ac-CTGTAGCCACGTATCA,3
cut-H3K27ac-CTGTAGCCACTATGCA,1
cut-H3K27ac-CTGTAGCCAGAGTCAA,9
cut-H3K27ac-CTGTAGCCAGATCGCA,4
cut-H3K27ac-CTGTAGCCAGCAGGAA,1
cut-H3K27ac-CTGTAGCCATTGAGGA,4
cut-H3K27ac-CTGTAGCCCAACCACA,2
cut-H3K27ac-CTGTAGCCGACTAGTA,4
cut-H3K27ac-CTGTAGCCCAATGGAA,1
cut-H3K27ac-CTGTAGCCCACTTCGA,1
cut-H3K27ac-CTGTAGCCCAGCGTTA,4
cut-H3K27ac-CTGTAGCCCATACCAA,4
cut-H3K27ac-CTGTAGCCCCAGTTCA,4
cut-H3K27ac-CTGTAGCCCCGAAGTA,2
cut-H3K27ac-CTGTAGCCCCGTGAGA,4
cut-H3K27ac-CTGTAGCCCCTCCTGA,3
cut-H3K27ac-CTGTAGCCCGAACTTA,4
cut-H3K27ac-CTGTAGCCCGACTGGA,4
cut-H3K27ac-CTGTAGCCCGCATACA,9
cut-H3K27ac-CTGTAGCCCTCAATGA,3
cut-H3K27ac-CTGTAGCCCTGAGCCA,3
cut-H3K27ac-CTGTAGCCCTGGCATA,0
cut-H3K27ac-CTGTAGCCGAATCTGA,10
cut-H3K27ac-CTGTAGCCCAAGACTA,11
cut-H3K27ac-CTGTAGCCGAGCTGAA,2
cut-H3K27ac-CTGTAGCCGATAGACA,6
cut-H3K27ac-CTGTAGCCGCCACATA,6
cut-H3K27ac-AGTACAAGAACGTGAT,4
cut-H3K27ac-AGTACAAGAAACATCG,4
cut-H3K27ac-AGTACAAGATGCCTAA,4
cut-H3K27ac-AGTACAAGAGTGGTCA,0
cut-H3K27ac-AGTACAAGACCACTGT,3
cut-H3K27ac-AGTACAAGACATTGGC,0
cut-H3K27ac-AGTACAAGCAGATCTG,9
cut-H3K27ac-AGTACAAGCATCAAGT,0
cut-H3K27ac-AGTACAAGCGCTGATC,9
cut-H3K27ac-AGTACAAGACAAGCTA,3
cut-H3K27ac-AGTACAAGCTGTAGCC,3
cut-H3K27ac-AGTACAAGAGTACAAG,3
cut-H3K27ac-AGTACAAGAACAACCA,3
cut-H3K27ac-AGTACAAGAACCGAGA,3
cut-H3K27ac-AGTACAAGAAGACGGA,3
cut-H3K27ac-AGTACAAGAAGGTACA,0
cut-H3K27ac-AGTACAAGACACAGAA,3
cut-H3K27ac-AGTACAAGACAGCAGA,2
cut-H3K27ac-AGTACAAGACCTCCAA,3
cut-H3K27ac-AGTACAAGACGCTCGA,0
cut-H3K27ac-AGTACAAGACGTATCA,3
cut-H3K27ac-AGTACAAGACTATGCA,4
cut-H3K27ac-AGTACAAGAGAGTCAA,0
cut-H3K27ac-AGTACAAGAGATCGCA,4
cut-H3K27ac-AGTACAAGAGCAGGAA,4
cut-H3K27ac-AGTACAAGAGTCACTA,4
cut-H3K27ac-AGTACAAGATCCTGTA,1
cut-H3K27ac-AGTACAAGATTGAGGA,4
cut-H3K27ac-AGTACAAGCAACCACA,1
cut-H3K27ac-AGTACAAGGACTAGTA,4
cut-H3K27ac-AGTACAAGCAATGGAA,4
cut-H3K27ac-AGTACAAGCACTTCGA,4
cut-H3K27ac-AGTACAAGCAGCGTTA,4
cut-H3K27ac-AGTACAAGCATACCAA,4
cut-H3K27ac-AGTACAAGCCAGTTCA,4
cut-H3K27ac-AGTACAAGCCGAAGTA,3
cut-H3K27ac-AGTACAAGCCGTGAGA,4
cut-H3K27ac-AGTACAAGCCTCCTGA,0
cut-H3K27ac-AGTACAAGCGAACTTA,9
cut-H3K27ac-AGTACAAGCGACTGGA,9
cut-H3K27ac-AGTACAAGCGCATACA,3
cut-H3K27ac-AGTACAAGCTCAATGA,3
cut-H3K27ac-AGTACAAGCTGAGCCA,2
cut-H3K27ac-AGTACAAGCTGGCATA,3
cut-H3K27ac-AGTACAAGGAATCTGA,2
cut-H3K27ac-AGTACAAGCAAGACTA,3
cut-H3K27ac-AGTACAAGGAGCTGAA,2
cut-H3K27ac-AGTACAAGGATAGACA,10
cut-H3K27ac-AGTACAAGGCCACATA,3
cut-H3K27ac-AACAACCAAACGTGAT,4
cut-H3K27ac-AACAACCAAAACATCG,1
cut-H3K27ac-AACAACCAATGCCTAA,4
cut-H3K27ac-AACAACCAAGTGGTCA,3
cut-H3K27ac-AACAACCAACCACTGT,3
cut-H3K27ac-AACAACCAACATTGGC,0
cut-H3K27ac-AACAACCACAGATCTG,0
cut-H3K27ac-AACAACCACATCAAGT,5
cut-H3K27ac-AACAACCACGCTGATC,5
cut-H3K27ac-AACAACCAACAAGCTA,3
cut-H3K27ac-AACAACCACTGTAGCC,3
cut-H3K27ac-AACAACCAAGTACAAG,3
cut-H3K27ac-AACAACCAAACAACCA,2
cut-H3K27ac-AACAACCAAACCGAGA,0
cut-H3K27ac-AACAACCAACACAGAA,0
cut-H3K27ac-AACAACCAACAGCAGA,2
cut-H3K27ac-AACAACCAACCTCCAA,2
cut-H3K27ac-AACAACCAACGCTCGA,3
cut-H3K27ac-AACAACCAACTATGCA,1
cut-H3K27ac-AACAACCAAGAGTCAA,9
cut-H3K27ac-AACAACCAAGATCGCA,1
cut-H3K27ac-AACAACCAAGCAGGAA,1
cut-H3K27ac-AACAACCAAGTCACTA,4
cut-H3K27ac-AACAACCAATCCTGTA,4
cut-H3K27ac-AACAACCAATTGAGGA,4
cut-H3K27ac-AACAACCACAACCACA,4
cut-H3K27ac-AACAACCAGACTAGTA,1
cut-H3K27ac-AACAACCACAATGGAA,4
cut-H3K27ac-AACAACCACACTTCGA,4
cut-H3K27ac-AACAACCACAGCGTTA,1
cut-H3K27ac-AACAACCACATACCAA,4
cut-H3K27ac-AACAACCACCAGTTCA,4
cut-H3K27ac-AACAACCACCGAAGTA,3
cut-H3K27ac-AACAACCACCGTGAGA,9
cut-H3K27ac-AACAACCACCTCCTGA,3
cut-H3K27ac-AACAACCACGAACTTA,7
cut-H3K27ac-AACAACCACGACTGGA,0
cut-H3K27ac-AACAACCACGCATACA,3
cut-H3K27ac-AACAACCACTCAATGA,2
cut-H3K27ac-AACAACCACTGAGCCA,3
cut-H3K27ac-AACAACCACTGGCATA,3
cut-H3K27ac-AACAACCAGAATCTGA,3
cut-H3K27ac-AACAACCACAAGACTA,3
cut-H3K27ac-AACAACCAGAGCTGAA,7
cut-H3K27ac-AACAACCAGATAGACA,4
cut-H3K27ac-AACAACCAGCCACATA,10
cut-H3K27ac-AACCGAGAAACGTGAT,4
cut-H3K27ac-AACCGAGAAAACATCG,4
cut-H3K27ac-AACCGAGAATGCCTAA,5
cut-H3K27ac-AACCGAGAAGTGGTCA,0
cut-H3K27ac-AACCGAGAACCACTGT,5
cut-H3K27ac-AACCGAGAACATTGGC,0
cut-H3K27ac-AACCGAGACAGATCTG,9
cut-H3K27ac-AACCGAGACATCAAGT,9
cut-H3K27ac-AACCGAGACGCTGATC,3
cut-H3K27ac-AACCGAGAACAAGCTA,3
cut-H3K27ac-AACCGAGACTGTAGCC,2
cut-H3K27ac-AACCGAGAAGTACAAG,3
cut-H3K27ac-AACCGAGAAACAACCA,2
cut-H3K27ac-AACCGAGAAACCGAGA,3
cut-H3K27ac-AACCGAGAAACGCTTA,2
cut-H3K27ac-AACCGAGAACACAGAA,3
cut-H3K27ac-AACCGAGAACAGCAGA,0
cut-H3K27ac-AACCGAGAACCTCCAA,3
cut-H3K27ac-AACCGAGAACGTATCA,2
cut-H3K27ac-AACCGAGAACTATGCA,5
cut-H3K27ac-AACCGAGAAGAGTCAA,2
cut-H3K27ac-AACCGAGAAGATCGCA,9
cut-H3K27ac-AACCGAGAAGCAGGAA,4
cut-H3K27ac-AACCGAGAAGTCACTA,9
cut-H3K27ac-AACCGAGAATCCTGTA,4
cut-H3K27ac-AACCGAGAATTGAGGA,1
cut-H3K27ac-AACCGAGACAACCACA,1
cut-H3K27ac-AACCGAGAGACTAGTA,4
cut-H3K27ac-AACCGAGACAATGGAA,4
cut-H3K27ac-AACCGAGACACTTCGA,1
cut-H3K27ac-AACCGAGACCAGTTCA,7
cut-H3K27ac-AACCGAGACCGAAGTA,2
cut-H3K27ac-AACCGAGACCGTGAGA,3
cut-H3K27ac-AACCGAGACCTCCTGA,6
cut-H3K27ac-AACCGAGACGAACTTA,2
cut-H3K27ac-AACCGAGACGACTGGA,3
cut-H3K27ac-AACCGAGACGCATACA,2
cut-H3K27ac-AACCGAGACTCAATGA,3
cut-H3K27ac-AACCGAGACTGAGCCA,3
cut-H3K27ac-AACCGAGACTGGCATA,3
cut-H3K27ac-AACCGAGAGAATCTGA,5
cut-H3K27ac-AACCGAGACAAGACTA,4
cut-H3K27ac-AACCGAGAGAGCTGAA,1
cut-H3K27ac-AACCGAGAGATAGACA,1
cut-H3K27ac-AACCGAGAGCCACATA,10
cut-H3K27ac-AACGCTTAAACGTGAT,4
cut-H3K27ac-AACGCTTAAAACATCG,8
cut-H3K27ac-AACGCTTAATGCCTAA,4
cut-H3K27ac-AACGCTTAAGTGGTCA,5
cut-H3K27ac-AACGCTTAACCACTGT,5
cut-H3K27ac-AACGCTTAACATTGGC,3
cut-H3K27ac-AACGCTTACAGATCTG,9
cut-H3K27ac-AACGCTTACATCAAGT,5
cut-H3K27ac-AACGCTTACGCTGATC,3
cut-H3K27ac-AACGCTTAACAAGCTA,3
cut-H3K27ac-AACGCTTACTGTAGCC,0
cut-H3K27ac-AACGCTTAAGTACAAG,3
cut-H3K27ac-AACGCTTAAACAACCA,2
cut-H3K27ac-AACGCTTAAACCGAGA,11
cut-H3K27ac-AACGCTTAAAGGTACA,3
cut-H3K27ac-AACGCTTAACACAGAA,0
cut-H3K27ac-AACGCTTAACAGCAGA,3
cut-H3K27ac-AACGCTTAACGTATCA,2
cut-H3K27ac-AACGCTTAACTATGCA,10
cut-H3K27ac-AACGCTTAAGAGTCAA,0
cut-H3K27ac-AACGCTTAAGATCGCA,3
cut-H3K27ac-AACGCTTAAGCAGGAA,4
cut-H3K27ac-AACGCTTAAGTCACTA,4
cut-H3K27ac-AACGCTTAATCCTGTA,1
cut-H3K27ac-AACGCTTAATTGAGGA,4
cut-H3K27ac-AACGCTTACAACCACA,9
cut-H3K27ac-AACGCTTAGACTAGTA,4
cut-H3K27ac-AACGCTTACAATGGAA,4
cut-H3K27ac-AACGCTTACACTTCGA,0
cut-H3K27ac-AACGCTTACAGCGTTA,4
cut-H3K27ac-AACGCTTACATACCAA,3
cut-H3K27ac-AACGCTTACCAGTTCA,4
cut-H3K27ac-AACGCTTACCGAAGTA,3
cut-H3K27ac-AACGCTTACCGTGAGA,2
cut-H3K27ac-AACGCTTACCTCCTGA,2
cut-H3K27ac-AACGCTTACGAACTTA,2
cut-H3K27ac-AACGCTTACGACTGGA,5
cut-H3K27ac-AACGCTTACGCATACA,2
cut-H3K27ac-AACGCTTACTCAATGA,6
cut-H3K27ac-AACGCTTACTGAGCCA,2
cut-H3K27ac-AACGCTTACTGGCATA,2
cut-H3K27ac-AACGCTTAGAATCTGA,2
cut-H3K27ac-AACGCTTACAAGACTA,1
cut-H3K27ac-AACGCTTAGAGCTGAA,1
cut-H3K27ac-AACGCTTAGATAGACA,4
cut-H3K27ac-AACGCTTAGCCACATA,9
cut-H3K27ac-AAGACGGAAACGTGAT,4
cut-H3K27ac-AAGACGGAAAACATCG,4
cut-H3K27ac-AAGACGGAATGCCTAA,8
cut-H3K27ac-AAGACGGAAGTGGTCA,0
cut-H3K27ac-AAGACGGAACCACTGT,0
cut-H3K27ac-AAGACGGAACATTGGC,3
cut-H3K27ac-AAGACGGACAGATCTG,9
cut-H3K27ac-AAGACGGACATCAAGT,0
cut-H3K27ac-AAGACGGACGCTGATC,3
cut-H3K27ac-AAGACGGAACAAGCTA,0
cut-H3K27ac-AAGACGGACTGTAGCC,0
cut-H3K27ac-AAGACGGAAGTACAAG,9
cut-H3K27ac-AAGACGGAAACAACCA,0
cut-H3K27ac-AAGACGGAAACCGAGA,0
cut-H3K27ac-AAGACGGAACACAGAA,3
cut-H3K27ac-AAGACGGAACAGCAGA,3
cut-H3K27ac-AAGACGGAACCTCCAA,3
cut-H3K27ac-AAGACGGAACGCTCGA,2
cut-H3K27ac-AAGACGGAAGATCGCA,3
cut-H3K27ac-AAGACGGAAGCAGGAA,3
cut-H3K27ac-AAGACGGAAGTCACTA,0
cut-H3K27ac-AAGACGGAATCCTGTA,5
cut-H3K27ac-AAGACGGAATTGAGGA,0
cut-H3K27ac-AAGACGGACAACCACA,9
cut-H3K27ac-AAGACGGAGACTAGTA,3
cut-H3K27ac-AAGACGGACAATGGAA,3
cut-H3K27ac-AAGACGGACACTTCGA,7
cut-H3K27ac-AAGACGGACAGCGTTA,2
cut-H3K27ac-AAGACGGACATACCAA,3
cut-H3K27ac-AAGACGGACCGAAGTA,2
cut-H3K27ac-AAGACGGACCGTGAGA,3
cut-H3K27ac-AAGACGGACCTCCTGA,3
cut-H3K27ac-AAGACGGACGAACTTA,2
cut-H3K27ac-AAGACGGACGACTGGA,0
cut-H3K27ac-AAGACGGACGCATACA,2
cut-H3K27ac-AAGACGGACTCAATGA,3
cut-H3K27ac-AAGACGGACTGAGCCA,6
cut-H3K27ac-AAGACGGACTGGCATA,3
cut-H3K27ac-AAGACGGAGAATCTGA,12
cut-H3K27ac-AAGACGGACAAGACTA,4
cut-H3K27ac-AAGACGGAGAGCTGAA,1
cut-H3K27ac-AAGACGGAGATAGACA,1
cut-H3K27ac-AAGACGGAGCCACATA,0
cut-H3K27ac-AAGGTACAAACGTGAT,4
cut-H3K27ac-AAGGTACAAAACATCG,4
cut-H3K27ac-AAGGTACAATGCCTAA,4
cut-H3K27ac-AAGGTACAAGTGGTCA,9
cut-H3K27ac-AAGGTACAACCACTGT,9
cut-H3K27ac-AAGGTACAACATTGGC,9
cut-H3K27ac-AAGGTACACAGATCTG,5
cut-H3K27ac-AAGGTACACATCAAGT,0
cut-H3K27ac-AAGGTACACGCTGATC,0
cut-H3K27ac-AAGGTACAACAAGCTA,3
cut-H3K27ac-AAGGTACACTGTAGCC,3
cut-H3K27ac-AAGGTACAAGTACAAG,9
cut-H3K27ac-AAGGTACAAACAACCA,3
cut-H3K27ac-AAGGTACAAACCGAGA,6
cut-H3K27ac-AAGGTACAAACGCTTA,3
cut-H3K27ac-AAGGTACAAAGACGGA,0
cut-H3K27ac-AAGGTACAACACAGAA,3
cut-H3K27ac-AAGGTACAACAGCAGA,3
cut-H3K27ac-AAGGTACAACCTCCAA,0
cut-H3K27ac-AAGGTACAACGCTCGA,0
cut-H3K27ac-AAGGTACAACGTATCA,3
cut-H3K27ac-AAGGTACAACTATGCA,0
cut-H3K27ac-AAGGTACAAGAGTCAA,0
cut-H3K27ac-AAGGTACAAGATCGCA,0
cut-H3K27ac-AAGGTACAAGCAGGAA,0
cut-H3K27ac-AAGGTACAAGTCACTA,2
cut-H3K27ac-AAGGTACAATCCTGTA,5
cut-H3K27ac-AAGGTACAATTGAGGA,3
cut-H3K27ac-AAGGTACACAACCACA,11
cut-H3K27ac-AAGGTACAGACTAGTA,0
cut-H3K27ac-AAGGTACACAATGGAA,0
cut-H3K27ac-AAGGTACACACTTCGA,1
cut-H3K27ac-AAGGTACACAGCGTTA,1
cut-H3K27ac-AAGGTACACATACCAA,4
cut-H3K27ac-AAGGTACACCAGTTCA,1
cut-H3K27ac-AAGGTACACCGAAGTA,0
cut-H3K27ac-AAGGTACACCGTGAGA,3
cut-H3K27ac-AAGGTACACCTCCTGA,2
cut-H3K27ac-AAGGTACACGAACTTA,0
cut-H3K27ac-AAGGTACACGACTGGA,3
cut-H3K27ac-AAGGTACACGCATACA,3
cut-H3K27ac-AAGGTACACTCAATGA,7
cut-H3K27ac-AAGGTACACTGAGCCA,0
cut-H3K27ac-AAGGTACACTGGCATA,1
cut-H3K27ac-AAGGTACAGAATCTGA,1
cut-H3K27ac-AAGGTACACAAGACTA,4
cut-H3K27ac-AAGGTACAGAGCTGAA,1
cut-H3K27ac-AAGGTACAGATAGACA,0
cut-H3K27ac-AAGGTACAGCCACATA,0
cut-H3K27ac-ACACAGAAAACGTGAT,0
cut-H3K27ac-ACACAGAAAAACATCG,4
cut-H3K27ac-ACACAGAAATGCCTAA,9
cut-H3K27ac-ACACAGAAAGTGGTCA,5
cut-H3K27ac-ACACAGAAACCACTGT,0
cut-H3K27ac-ACACAGAAACATTGGC,2
cut-H3K27ac-ACACAGAACAGATCTG,5
cut-H3K27ac-ACACAGAACATCAAGT,9
cut-H3K27ac-ACACAGAACGCTGATC,3
cut-H3K27ac-ACACAGAAACAAGCTA,0
cut-H3K27ac-ACACAGAACTGTAGCC,0
cut-H3K27ac-ACACAGAAAGTACAAG,5
cut-H3K27ac-ACACAGAAAACAACCA,3
cut-H3K27ac-ACACAGAAAACCGAGA,3
cut-H3K27ac-ACACAGAAAACGCTTA,3
cut-H3K27ac-ACACAGAAAAGACGGA,0
cut-H3K27ac-ACACAGAAACACAGAA,0
cut-H3K27ac-ACACAGAAACAGCAGA,9
cut-H3K27ac-ACACAGAAACCTCCAA,3
cut-H3K27ac-ACACAGAAACGCTCGA,2
cut-H3K27ac-ACACAGAAACGTATCA,2
cut-H3K27ac-ACACAGAAACTATGCA,2
cut-H3K27ac-ACACAGAAAGAGTCAA,3
cut-H3K27ac-ACACAGAAAGATCGCA,10
cut-H3K27ac-ACACAGAAAGCAGGAA,10
cut-H3K27ac-ACACAGAAAGTCACTA,4
cut-H3K27ac-ACACAGAAATCCTGTA,2
cut-H3K27ac-ACACAGAAATTGAGGA,0
cut-H3K27ac-ACACAGAACAACCACA,11
cut-H3K27ac-ACACAGAAGACTAGTA,1
cut-H3K27ac-ACACAGAACAATGGAA,1
cut-H3K27ac-ACACAGAACACTTCGA,1
cut-H3K27ac-ACACAGAACAGCGTTA,1
cut-H3K27ac-ACACAGAACATACCAA,1
cut-H3K27ac-ACACAGAACCAGTTCA,4
cut-H3K27ac-ACACAGAACCGAAGTA,0
cut-H3K27ac-ACACAGAACCGTGAGA,4
cut-H3K27ac-ACACAGAACCTCCTGA,2
cut-H3K27ac-ACACAGAACGAACTTA,2
cut-H3K27ac-ACACAGAACGACTGGA,10
cut-H3K27ac-ACACAGAACGCATACA,2
cut-H3K27ac-ACACAGAACTCAATGA,2
cut-H3K27ac-ACACAGAACTGAGCCA,3
cut-H3K27ac-ACACAGAACTGGCATA,3
cut-H3K27ac-ACACAGAAGAATCTGA,2
cut-H3K27ac-ACACAGAACAAGACTA,4
cut-H3K27ac-ACACAGAAGAGCTGAA,1
cut-H3K27ac-ACACAGAAGATAGACA,1
cut-H3K27ac-ACACAGAAGCCACATA,0
cut-H3K27ac-ACAGCAGAAACGTGAT,0
cut-H3K27ac-ACAGCAGAAAACATCG,5
cut-H3K27ac-ACAGCAGAATGCCTAA,9
cut-H3K27ac-ACAGCAGAAGTGGTCA,0
cut-H3K27ac-ACAGCAGAACCACTGT,3
cut-H3K27ac-ACAGCAGAACATTGGC,0
cut-H3K27ac-ACAGCAGACAGATCTG,5
cut-H3K27ac-ACAGCAGACATCAAGT,0
cut-H3K27ac-ACAGCAGACGCTGATC,3
cut-H3K27ac-ACAGCAGAACAAGCTA,0
cut-H3K27ac-ACAGCAGACTGTAGCC,5
cut-H3K27ac-ACAGCAGAAGTACAAG,2
cut-H3K27ac-ACAGCAGAAACAACCA,2
cut-H3K27ac-ACAGCAGAAACCGAGA,0
cut-H3K27ac-ACAGCAGAAACGCTTA,3
cut-H3K27ac-ACAGCAGAAAGACGGA,0
cut-H3K27ac-ACAGCAGAACACAGAA,7
cut-H3K27ac-ACAGCAGAACAGCAGA,3
cut-H3K27ac-ACAGCAGAACCTCCAA,3
cut-H3K27ac-ACAGCAGAACGCTCGA,3
cut-H3K27ac-ACAGCAGAACGTATCA,3
cut-H3K27ac-ACAGCAGAACTATGCA,0
cut-H3K27ac-ACAGCAGAAGAGTCAA,0
cut-H3K27ac-ACAGCAGAAGATCGCA,3
cut-H3K27ac-ACAGCAGAAGCAGGAA,10
cut-H3K27ac-ACAGCAGAAGTCACTA,10
cut-H3K27ac-ACAGCAGAATCCTGTA,10
cut-H3K27ac-ACAGCAGAATTGAGGA,3
cut-H3K27ac-ACAGCAGACAACCACA,1
cut-H3K27ac-ACAGCAGAGACTAGTA,1
cut-H3K27ac-ACAGCAGACAATGGAA,1
cut-H3K27ac-ACAGCAGACACTTCGA,4
cut-H3K27ac-ACAGCAGACAGCGTTA,1
cut-H3K27ac-ACAGCAGACATACCAA,1
cut-H3K27ac-ACAGCAGACCAGTTCA,1
cut-H3K27ac-ACAGCAGACCGAAGTA,2
cut-H3K27ac-ACAGCAGACCGTGAGA,4
cut-H3K27ac-ACAGCAGACCTCCTGA,2
cut-H3K27ac-ACAGCAGACGAACTTA,7
cut-H3K27ac-ACAGCAGACGACTGGA,10
cut-H3K27ac-ACAGCAGACGCATACA,0
cut-H3K27ac-ACAGCAGACTCAATGA,3
cut-H3K27ac-ACAGCAGACTGGCATA,3
cut-H3K27ac-ACAGCAGAGAATCTGA,1
cut-H3K27ac-ACAGCAGACAAGACTA,0
cut-H3K27ac-ACAGCAGAGAGCTGAA,1
cut-H3K27ac-ACAGCAGAGATAGACA,1
cut-H3K27ac-ACAGCAGAGCCACATA,0
cut-H3K27ac-ACCTCCAAAACGTGAT,3
cut-H3K27ac-ACCTCCAAAAACATCG,3
cut-H3K27ac-ACCTCCAAATGCCTAA,3
cut-H3K27ac-ACCTCCAAAGTGGTCA,3
cut-H3K27ac-ACCTCCAAACCACTGT,2
cut-H3K27ac-ACCTCCAAACATTGGC,6
cut-H3K27ac-ACCTCCAACAGATCTG,2
cut-H3K27ac-ACCTCCAACATCAAGT,3
cut-H3K27ac-ACCTCCAACGCTGATC,0
cut-H3K27ac-ACCTCCAAACAAGCTA,0
cut-H3K27ac-ACCTCCAACTGTAGCC,9
cut-H3K27ac-ACCTCCAAAGTACAAG,0
cut-H3K27ac-ACCTCCAAAACAACCA,3
cut-H3K27ac-ACCTCCAAAACCGAGA,0
cut-H3K27ac-ACCTCCAAAACGCTTA,3
cut-H3K27ac-ACCTCCAAAAGACGGA,2
cut-H3K27ac-ACCTCCAAACACAGAA,0
cut-H3K27ac-ACCTCCAAACAGCAGA,3
cut-H3K27ac-ACCTCCAAACCTCCAA,3
cut-H3K27ac-ACCTCCAAACGCTCGA,2
cut-H3K27ac-ACCTCCAAACGTATCA,3
cut-H3K27ac-ACCTCCAAACTATGCA,0
cut-H3K27ac-ACCTCCAAAGAGTCAA,3
cut-H3K27ac-ACCTCCAAAGATCGCA,0
cut-H3K27ac-ACCTCCAAAGCAGGAA,3
cut-H3K27ac-ACCTCCAAAGTCACTA,0
cut-H3K27ac-ACCTCCAAATCCTGTA,5
cut-H3K27ac-ACCTCCAAATTGAGGA,3
cut-H3K27ac-ACCTCCAACAACCACA,1
cut-H3K27ac-ACCTCCAAGACTAGTA,1
cut-H3K27ac-ACCTCCAACAATGGAA,1
cut-H3K27ac-ACCTCCAACACTTCGA,0
cut-H3K27ac-ACCTCCAACAGCGTTA,11
cut-H3K27ac-ACCTCCAACATACCAA,4
cut-H3K27ac-ACCTCCAACCAGTTCA,1
cut-H3K27ac-ACCTCCAACCGAAGTA,0
cut-H3K27ac-ACCTCCAACCGTGAGA,0
cut-H3K27ac-ACCTCCAACCTCCTGA,2
cut-H3K27ac-ACCTCCAACGAACTTA,3
cut-H3K27ac-ACCTCCAACGACTGGA,4
cut-H3K27ac-ACCTCCAACGCATACA,2
cut-H3K27ac-ACCTCCAACTGGCATA,0
cut-H3K27ac-ACCTCCAAGAATCTGA,1
cut-H3K27ac-ACCTCCAACAAGACTA,3
cut-H3K27ac-ACCTCCAAGAGCTGAA,0
cut-H3K27ac-ACCTCCAAGATAGACA,11
cut-H3K27ac-ACCTCCAAGCCACATA,0
cut-H3K27ac-ACGCTCGAAACGTGAT,2
cut-H3K27ac-ACGCTCGAAAACATCG,2
cut-H3K27ac-ACGCTCGAATGCCTAA,2
cut-H3K27ac-ACGCTCGAAGTGGTCA,3
cut-H3K27ac-ACGCTCGAACCACTGT,3
cut-H3K27ac-ACGCTCGAACATTGGC,3
cut-H3K27ac-ACGCTCGACAGATCTG,3
cut-H3K27ac-ACGCTCGACATCAAGT,3
cut-H3K27ac-ACGCTCGACGCTGATC,2
cut-H3K27ac-ACGCTCGAACAAGCTA,3
cut-H3K27ac-ACGCTCGACTGTAGCC,0
cut-H3K27ac-ACGCTCGAAGTACAAG,9
cut-H3K27ac-ACGCTCGAAACAACCA,3
cut-H3K27ac-ACGCTCGAAACCGAGA,0
cut-H3K27ac-ACGCTCGAAACGCTTA,2
cut-H3K27ac-ACGCTCGAAAGACGGA,7
cut-H3K27ac-ACGCTCGAACACAGAA,3
cut-H3K27ac-ACGCTCGAACAGCAGA,2
cut-H3K27ac-ACGCTCGAACCTCCAA,0
cut-H3K27ac-ACGCTCGAACGCTCGA,3
cut-H3K27ac-ACGCTCGAACGTATCA,3
cut-H3K27ac-ACGCTCGAACTATGCA,4
cut-H3K27ac-ACGCTCGAAGAGTCAA,0
cut-H3K27ac-ACGCTCGAAGATCGCA,0
cut-H3K27ac-ACGCTCGAAGCAGGAA,0
cut-H3K27ac-ACGCTCGAAGTCACTA,3
cut-H3K27ac-ACGCTCGAATCCTGTA,1
cut-H3K27ac-ACGCTCGAATTGAGGA,0
cut-H3K27ac-ACGCTCGACAACCACA,4
cut-H3K27ac-ACGCTCGAGACTAGTA,1
cut-H3K27ac-ACGCTCGACAATGGAA,0
cut-H3K27ac-ACGCTCGACACTTCGA,3
cut-H3K27ac-ACGCTCGACAGCGTTA,4
cut-H3K27ac-ACGCTCGACATACCAA,0
cut-H3K27ac-ACGCTCGACCAGTTCA,4
cut-H3K27ac-ACGCTCGACCGAAGTA,0
cut-H3K27ac-ACGCTCGACCGTGAGA,1
cut-H3K27ac-ACGCTCGACCTCCTGA,1
cut-H3K27ac-ACGCTCGACGAACTTA,4
cut-H3K27ac-ACGCTCGACGACTGGA,4
cut-H3K27ac-ACGCTCGACGCATACA,3
cut-H3K27ac-ACGCTCGACTGGCATA,3
cut-H3K27ac-ACGCTCGAGAATCTGA,4
cut-H3K27ac-ACGCTCGACAAGACTA,3
cut-H3K27ac-ACGCTCGAGAGCTGAA,0
cut-H3K27ac-ACGCTCGAGATAGACA,2
cut-H3K27ac-ACGCTCGAGCCACATA,0
cut-H3K27ac-ACGTATCAAACGTGAT,3
cut-H3K27ac-ACGTATCAAAACATCG,2
cut-H3K27ac-ACGTATCAATGCCTAA,9
cut-H3K27ac-ACGTATCAAGTGGTCA,6
cut-H3K27ac-ACGTATCAACCACTGT,3
cut-H3K27ac-ACGTATCAACATTGGC,3
cut-H3K27ac-ACGTATCACAGATCTG,0
cut-H3K27ac-ACGTATCACATCAAGT,3
cut-H3K27ac-ACGTATCACGCTGATC,9
cut-H3K27ac-ACGTATCAACAAGCTA,0
cut-H3K27ac-ACGTATCACTGTAGCC,9
cut-H3K27ac-ACGTATCAAGTACAAG,5
cut-H3K27ac-ACGTATCAAACAACCA,2
cut-H3K27ac-ACGTATCAAACCGAGA,2
cut-H3K27ac-ACGTATCAAAGACGGA,2
cut-H3K27ac-ACGTATCAACACAGAA,3
cut-H3K27ac-ACGTATCAACAGCAGA,3
cut-H3K27ac-ACGTATCAACCTCCAA,0
cut-H3K27ac-ACGTATCAACGCTCGA,2
cut-H3K27ac-ACGTATCAACGTATCA,3
cut-H3K27ac-ACGTATCAACTATGCA,4
cut-H3K27ac-ACGTATCAAGAGTCAA,0
cut-H3K27ac-ACGTATCAAGATCGCA,11
cut-H3K27ac-ACGTATCAAGCAGGAA,0
cut-H3K27ac-ACGTATCAAGTCACTA,1
cut-H3K27ac-ACGTATCAATCCTGTA,1
cut-H3K27ac-ACGTATCAATTGAGGA,5
cut-H3K27ac-ACGTATCACAACCACA,4
cut-H3K27ac-ACGTATCAGACTAGTA,1
cut-H3K27ac-ACGTATCACAATGGAA,0
cut-H3K27ac-ACGTATCACACTTCGA,0
cut-H3K27ac-ACGTATCACAGCGTTA,3
cut-H3K27ac-ACGTATCACATACCAA,3
cut-H3K27ac-ACGTATCACCAGTTCA,3
cut-H3K27ac-ACGTATCACCGAAGTA,2
cut-H3K27ac-ACGTATCACCGTGAGA,3
cut-H3K27ac-ACGTATCACCTCCTGA,7
cut-H3K27ac-ACGTATCACGAACTTA,3
cut-H3K27ac-ACGTATCACGACTGGA,4
cut-H3K27ac-ACGTATCACGCATACA,1
cut-H3K27ac-ACGTATCACTCAATGA,0
cut-H3K27ac-ACGTATCACTGAGCCA,0
cut-H3K27ac-ACGTATCACTGGCATA,5
cut-H3K27ac-ACGTATCAGAATCTGA,1
cut-H3K27ac-ACGTATCACAAGACTA,0
cut-H3K27ac-ACGTATCAGAGCTGAA,3
cut-H3K27ac-ACGTATCAGATAGACA,11
cut-H3K27ac-ACGTATCAGCCACATA,3
cut-H3K27ac-ACTATGCAAACGTGAT,0
cut-H3K27ac-ACTATGCAAAACATCG,6
cut-H3K27ac-ACTATGCAATGCCTAA,3
cut-H3K27ac-ACTATGCAAGTGGTCA,2
cut-H3K27ac-ACTATGCAACCACTGT,3
cut-H3K27ac-ACTATGCAACATTGGC,9
cut-H3K27ac-ACTATGCACAGATCTG,4
cut-H3K27ac-ACTATGCACATCAAGT,3
cut-H3K27ac-ACTATGCACGCTGATC,2
cut-H3K27ac-ACTATGCAACAAGCTA,3
cut-H3K27ac-ACTATGCACTGTAGCC,0
cut-H3K27ac-ACTATGCAAGTACAAG,0
cut-H3K27ac-ACTATGCAAACAACCA,3
cut-H3K27ac-ACTATGCAAACCGAGA,3
cut-H3K27ac-ACTATGCAAAGACGGA,2
cut-H3K27ac-ACTATGCAAAGGTACA,3
cut-H3K27ac-ACTATGCAACACAGAA,3
cut-H3K27ac-ACTATGCAACAGCAGA,2
cut-H3K27ac-ACTATGCAACCTCCAA,0
cut-H3K27ac-ACTATGCAACGCTCGA,1
cut-H3K27ac-ACTATGCAACGTATCA,3
cut-H3K27ac-ACTATGCAACTATGCA,4
cut-H3K27ac-ACTATGCAAGAGTCAA,0
cut-H3K27ac-ACTATGCAAGATCGCA,1
cut-H3K27ac-ACTATGCAAGCAGGAA,4
cut-H3K27ac-ACTATGCAAGTCACTA,4
cut-H3K27ac-ACTATGCAATCCTGTA,11
cut-H3K27ac-ACTATGCAATTGAGGA,0
cut-H3K27ac-ACTATGCACAACCACA,1
cut-H3K27ac-ACTATGCAGACTAGTA,1
cut-H3K27ac-ACTATGCACAATGGAA,3
cut-H3K27ac-ACTATGCACACTTCGA,3
cut-H3K27ac-ACTATGCACAGCGTTA,0
cut-H3K27ac-ACTATGCACATACCAA,1
cut-H3K27ac-ACTATGCACCAGTTCA,0
cut-H3K27ac-ACTATGCACCGAAGTA,3
cut-H3K27ac-ACTATGCACCGTGAGA,4
cut-H3K27ac-ACTATGCACCTCCTGA,3
cut-H3K27ac-ACTATGCACGAACTTA,0
cut-H3K27ac-ACTATGCACGACTGGA,1
cut-H3K27ac-ACTATGCACGCATACA,4
cut-H3K27ac-ACTATGCACTCAATGA,1
cut-H3K27ac-ACTATGCACTGAGCCA,0
cut-H3K27ac-ACTATGCACTGGCATA,0
cut-H3K27ac-ACTATGCAGAATCTGA,0
cut-H3K27ac-ACTATGCACAAGACTA,3
cut-H3K27ac-ACTATGCAGAGCTGAA,0
cut-H3K27ac-ACTATGCAGATAGACA,0
cut-H3K27ac-ACTATGCAGCCACATA,3
cut-H3K27ac-AGAGTCAAAACGTGAT,0
cut-H3K27ac-AGAGTCAAAAACATCG,2
cut-H3K27ac-AGAGTCAAATGCCTAA,0
cut-H3K27ac-AGAGTCAAAGTGGTCA,3
cut-H3K27ac-AGAGTCAAACCACTGT,0
cut-H3K27ac-AGAGTCAAACATTGGC,2
cut-H3K27ac-AGAGTCAACAGATCTG,4
cut-H3K27ac-AGAGTCAACATCAAGT,3
cut-H3K27ac-AGAGTCAACGCTGATC,0
cut-H3K27ac-AGAGTCAAACAAGCTA,3
cut-H3K27ac-AGAGTCAACTGTAGCC,9
cut-H3K27ac-AGAGTCAAAGTACAAG,9
cut-H3K27ac-AGAGTCAAAACAACCA,0
cut-H3K27ac-AGAGTCAAAACCGAGA,0
cut-H3K27ac-AGAGTCAAAAGACGGA,3
cut-H3K27ac-AGAGTCAAAAGGTACA,2
cut-H3K27ac-AGAGTCAAACACAGAA,0
cut-H3K27ac-AGAGTCAAACAGCAGA,2
cut-H3K27ac-AGAGTCAAACCTCCAA,1
cut-H3K27ac-AGAGTCAAACGCTCGA,1
cut-H3K27ac-AGAGTCAAACGTATCA,3
cut-H3K27ac-AGAGTCAAACTATGCA,1
cut-H3K27ac-AGAGTCAAAGAGTCAA,3
cut-H3K27ac-AGAGTCAAAGATCGCA,4
cut-H3K27ac-AGAGTCAAAGCAGGAA,4
cut-H3K27ac-AGAGTCAAAGTCACTA,1
cut-H3K27ac-AGAGTCAAATCCTGTA,1
cut-H3K27ac-AGAGTCAAATTGAGGA,1
cut-H3K27ac-AGAGTCAACAACCACA,1
cut-H3K27ac-AGAGTCAAGACTAGTA,1
cut-H3K27ac-AGAGTCAACAATGGAA,3
cut-H3K27ac-AGAGTCAACACTTCGA,1
cut-H3K27ac-AGAGTCAACAGCGTTA,11
cut-H3K27ac-AGAGTCAACATACCAA,1
cut-H3K27ac-AGAGTCAACCAGTTCA,1
cut-H3K27ac-AGAGTCAACCGAAGTA,0
cut-H3K27ac-AGAGTCAACCGTGAGA,0
cut-H3K27ac-AGAGTCAACCTCCTGA,3
cut-H3K27ac-AGAGTCAACGAACTTA,3
cut-H3K27ac-AGAGTCAACGACTGGA,1
cut-H3K27ac-AGAGTCAACGCATACA,4
cut-H3K27ac-AGAGTCAACTCAATGA,1
cut-H3K27ac-AGAGTCAACTGAGCCA,5
cut-H3K27ac-AGAGTCAACTGGCATA,5
cut-H3K27ac-AGAGTCAAGAATCTGA,1
cut-H3K27ac-AGAGTCAACAAGACTA,3
cut-H3K27ac-AGAGTCAAGCCACATA,3
cut-H3K27ac-AGATCGCAAACGTGAT,3
cut-H3K27ac-AGATCGCAAAACATCG,0
cut-H3K27ac-AGATCGCAATGCCTAA,0
cut-H3K27ac-AGATCGCAAGTGGTCA,6
cut-H3K27ac-AGATCGCAACCACTGT,0
cut-H3K27ac-AGATCGCAACATTGGC,0
cut-H3K27ac-AGATCGCACAGATCTG,4
cut-H3K27ac-AGATCGCACATCAAGT,0
cut-H3K27ac-AGATCGCACGCTGATC,3
cut-H3K27ac-AGATCGCAACAAGCTA,0
cut-H3K27ac-AGATCGCACTGTAGCC,3
cut-H3K27ac-AGATCGCAAGTACAAG,9
cut-H3K27ac-AGATCGCAAACAACCA,0
cut-H3K27ac-AGATCGCAAACCGAGA,0
cut-H3K27ac-AGATCGCAAAGACGGA,3
cut-H3K27ac-AGATCGCAAAGGTACA,3
cut-H3K27ac-AGATCGCAACACAGAA,3
cut-H3K27ac-AGATCGCAACAGCAGA,0
cut-H3K27ac-AGATCGCAACCTCCAA,1
cut-H3K27ac-AGATCGCAACGCTCGA,0
cut-H3K27ac-AGATCGCAACGTATCA,3
cut-H3K27ac-AGATCGCAACTATGCA,4
cut-H3K27ac-AGATCGCAAGAGTCAA,0
cut-H3K27ac-AGATCGCAAGATCGCA,1
cut-H3K27ac-AGATCGCAAGCAGGAA,1
cut-H3K27ac-AGATCGCAAGTCACTA,1
cut-H3K27ac-AGATCGCAATCCTGTA,4
cut-H3K27ac-AGATCGCAATTGAGGA,5
cut-H3K27ac-AGATCGCACAACCACA,1
cut-H3K27ac-AGATCGCAGACTAGTA,1
cut-H3K27ac-AGATCGCACAATGGAA,1
cut-H3K27ac-AGATCGCACACTTCGA,0
cut-H3K27ac-AGATCGCACAGCGTTA,1
cut-H3K27ac-AGATCGCACATACCAA,1
cut-H3K27ac-AGATCGCACCAGTTCA,1
cut-H3K27ac-AGATCGCACCGAAGTA,0
cut-H3K27ac-AGATCGCACCGTGAGA,0
cut-H3K27ac-AGATCGCACCTCCTGA,0
cut-H3K27ac-AGATCGCACGAACTTA,0
cut-H3K27ac-AGATCGCACGACTGGA,1
cut-H3K27ac-AGATCGCACGCATACA,5
cut-H3K27ac-AGATCGCACTCAATGA,1
cut-H3K27ac-AGATCGCACTGAGCCA,3
cut-H3K27ac-AGATCGCACTGGCATA,3
cut-H3K27ac-AGATCGCAGAATCTGA,1
cut-H3K27ac-AGATCGCACAAGACTA,3
cut-H3K27ac-AGATCGCAGAGCTGAA,3
cut-H3K27ac-AGATCGCAGCCACATA,3
cut-H3K27ac-AGCAGGAAAACGTGAT,0
cut-H3K27ac-AGCAGGAAAAACATCG,3
cut-H3K27ac-AGCAGGAAATGCCTAA,2
cut-H3K27ac-AGCAGGAAAGTGGTCA,3
cut-H3K27ac-AGCAGGAAACCACTGT,3
cut-H3K27ac-AGCAGGAAACATTGGC,3
cut-H3K27ac-AGCAGGAACAGATCTG,0
cut-H3K27ac-AGCAGGAACATCAAGT,0
cut-H3K27ac-AGCAGGAACGCTGATC,3
cut-H3K27ac-AGCAGGAAACAAGCTA,3
cut-H3K27ac-AGCAGGAACTGTAGCC,3
cut-H3K27ac-AGCAGGAAAGTACAAG,3
cut-H3K27ac-AGCAGGAAAACAACCA,3
cut-H3K27ac-AGCAGGAAAACCGAGA,0
cut-H3K27ac-AGCAGGAAAACGCTTA,0
cut-H3K27ac-AGCAGGAAAAGACGGA,3
cut-H3K27ac-AGCAGGAAAAGGTACA,0
cut-H3K27ac-AGCAGGAAACACAGAA,1
cut-H3K27ac-AGCAGGAAACAGCAGA,0
cut-H3K27ac-AGCAGGAAACCTCCAA,1
cut-H3K27ac-AGCAGGAAACGCTCGA,0
cut-H3K27ac-AGCAGGAAACGTATCA,6
cut-H3K27ac-AGCAGGAAACTATGCA,4
cut-H3K27ac-AGCAGGAAAGAGTCAA,3
cut-H3K27ac-AGCAGGAAAGATCGCA,3
cut-H3K27ac-AGCAGGAAAGCAGGAA,1
cut-H3K27ac-AGCAGGAAAGTCACTA,5
cut-H3K27ac-AGCAGGAAATCCTGTA,1
cut-H3K27ac-AGCAGGAAATTGAGGA,2
cut-H3K27ac-AGCAGGAACAACCACA,1
cut-H3K27ac-AGCAGGAAGACTAGTA,0
cut-H3K27ac-AGCAGGAACAATGGAA,0
cut-H3K27ac-AGCAGGAACACTTCGA,0
cut-H3K27ac-AGCAGGAACAGCGTTA,0
cut-H3K27ac-AGCAGGAACATACCAA,0
cut-H3K27ac-AGCAGGAACCAGTTCA,1
cut-H3K27ac-AGCAGGAACCGAAGTA,3
cut-H3K27ac-AGCAGGAACCGTGAGA,0
cut-H3K27ac-AGCAGGAACCTCCTGA,3
cut-H3K27ac-AGCAGGAACGAACTTA,0
cut-H3K27ac-AGCAGGAACGACTGGA,1
cut-H3K27ac-AGCAGGAACGCATACA,0
cut-H3K27ac-AGCAGGAACTCAATGA,3
cut-H3K27ac-AGCAGGAACTGAGCCA,3
cut-H3K27ac-AGCAGGAACTGGCATA,3
cut-H3K27ac-AGCAGGAAGAATCTGA,0
cut-H3K27ac-AGCAGGAACAAGACTA,0
cut-H3K27ac-AGCAGGAAGAGCTGAA,0
cut-H3K27ac-AGCAGGAAGCCACATA,3
cut-H3K27ac-AGTCACTAAACGTGAT,0
cut-H3K27ac-AGTCACTAAAACATCG,3
cut-H3K27ac-AGTCACTAATGCCTAA,3
cut-H3K27ac-AGTCACTAAGTGGTCA,3
cut-H3K27ac-AGTCACTAACCACTGT,0
cut-H3K27ac-AGTCACTAACATTGGC,3
cut-H3K27ac-AGTCACTACAGATCTG,3
cut-H3K27ac-AGTCACTACATCAAGT,9
cut-H3K27ac-AGTCACTACGCTGATC,3
cut-H3K27ac-AGTCACTAACAAGCTA,0
cut-H3K27ac-AGTCACTACTGTAGCC,3
cut-H3K27ac-AGTCACTAAGTACAAG,0
cut-H3K27ac-AGTCACTAAACAACCA,0
cut-H3K27ac-AGTCACTAAACCGAGA,3
cut-H3K27ac-AGTCACTAAACGCTTA,7
cut-H3K27ac-AGTCACTAAAGACGGA,3
cut-H3K27ac-AGTCACTAAAGGTACA,3
cut-H3K27ac-AGTCACTAACACAGAA,4
cut-H3K27ac-AGTCACTAACAGCAGA,3
cut-H3K27ac-AGTCACTAACCTCCAA,0
cut-H3K27ac-AGTCACTAACGCTCGA,2
cut-H3K27ac-AGTCACTAACGTATCA,2
cut-H3K27ac-AGTCACTAACTATGCA,4
cut-H3K27ac-AGTCACTAAGAGTCAA,3
cut-H3K27ac-AGTCACTAAGATCGCA,0
cut-H3K27ac-AGTCACTAAGCAGGAA,1
cut-H3K27ac-AGTCACTAAGTCACTA,0
cut-H3K27ac-AGTCACTAATCCTGTA,1
cut-H3K27ac-AGTCACTAATTGAGGA,3
cut-H3K27ac-AGTCACTACAACCACA,1
cut-H3K27ac-AGTCACTAGACTAGTA,3
cut-H3K27ac-AGTCACTACAATGGAA,0
cut-H3K27ac-AGTCACTACACTTCGA,3
cut-H3K27ac-AGTCACTACAGCGTTA,1
cut-H3K27ac-AGTCACTACATACCAA,1
cut-H3K27ac-AGTCACTACCAGTTCA,1
cut-H3K27ac-AGTCACTACCGAAGTA,3
cut-H3K27ac-AGTCACTACCGTGAGA,0
cut-H3K27ac-AGTCACTACCTCCTGA,3
cut-H3K27ac-AGTCACTACGAACTTA,3
cut-H3K27ac-AGTCACTACGACTGGA,11
cut-H3K27ac-AGTCACTACGCATACA,0
cut-H3K27ac-AGTCACTACTCAATGA,3
cut-H3K27ac-AGTCACTACTGAGCCA,0
cut-H3K27ac-AGTCACTACTGGCATA,3
cut-H3K27ac-AGTCACTAGAATCTGA,1
cut-H3K27ac-AGTCACTACAAGACTA,0
cut-H3K27ac-AGTCACTAGAGCTGAA,0
cut-H3K27ac-AGTCACTAGCCACATA,3
cut-H3K27ac-ATCCTGTAAACGTGAT,3
cut-H3K27ac-ATCCTGTAAAACATCG,3
cut-H3K27ac-ATCCTGTAATGCCTAA,3
cut-H3K27ac-ATCCTGTAAGTGGTCA,3
cut-H3K27ac-ATCCTGTAACCACTGT,3
cut-H3K27ac-ATCCTGTAACATTGGC,0
cut-H3K27ac-ATCCTGTACAGATCTG,3
cut-H3K27ac-ATCCTGTACATCAAGT,0
cut-H3K27ac-ATCCTGTACGCTGATC,3
cut-H3K27ac-ATCCTGTAACAAGCTA,0
cut-H3K27ac-ATCCTGTACTGTAGCC,3
cut-H3K27ac-ATCCTGTAAGTACAAG,0
cut-H3K27ac-ATCCTGTAAACAACCA,9
cut-H3K27ac-ATCCTGTAAACCGAGA,0
cut-H3K27ac-ATCCTGTAAACGCTTA,0
cut-H3K27ac-ATCCTGTAAAGACGGA,3
cut-H3K27ac-ATCCTGTAAAGGTACA,3
cut-H3K27ac-ATCCTGTAACACAGAA,0
cut-H3K27ac-ATCCTGTAACAGCAGA,3
cut-H3K27ac-ATCCTGTAACCTCCAA,0
cut-H3K27ac-ATCCTGTAACGCTCGA,0
cut-H3K27ac-ATCCTGTAACGTATCA,3
cut-H3K27ac-ATCCTGTAACTATGCA,4
cut-H3K27ac-ATCCTGTAAGAGTCAA,0
cut-H3K27ac-ATCCTGTAAGATCGCA,0
cut-H3K27ac-ATCCTGTAAGCAGGAA,3
cut-H3K27ac-ATCCTGTAAGTCACTA,0
cut-H3K27ac-ATCCTGTAATCCTGTA,1
cut-H3K27ac-ATCCTGTAATTGAGGA,3
cut-H3K27ac-ATCCTGTACAACCACA,1
cut-H3K27ac-ATCCTGTAGACTAGTA,0
cut-H3K27ac-ATCCTGTACAATGGAA,0
cut-H3K27ac-ATCCTGTACACTTCGA,0
cut-H3K27ac-ATCCTGTACAGCGTTA,1
cut-H3K27ac-ATCCTGTACATACCAA,3
cut-H3K27ac-ATCCTGTACCAGTTCA,3
cut-H3K27ac-ATCCTGTACCGAAGTA,3
cut-H3K27ac-ATCCTGTACCGTGAGA,3
cut-H3K27ac-ATCCTGTACCTCCTGA,0
cut-H3K27ac-ATCCTGTACGAACTTA,3
cut-H3K27ac-ATCCTGTACGACTGGA,1
cut-H3K27ac-ATCCTGTACGCATACA,0
cut-H3K27ac-ATCCTGTACTCAATGA,3
cut-H3K27ac-ATCCTGTACTGAGCCA,3
cut-H3K27ac-ATCCTGTACTGGCATA,2
cut-H3K27ac-ATCCTGTAGAATCTGA,1
cut-H3K27ac-ATCCTGTACAAGACTA,0
cut-H3K27ac-ATCCTGTAGAGCTGAA,0
cut-H3K27ac-ATTGAGGAAACGTGAT,3
cut-H3K27ac-ATTGAGGAAAACATCG,3
cut-H3K27ac-ATTGAGGAATGCCTAA,3
cut-H3K27ac-ATTGAGGAAGTGGTCA,3
cut-H3K27ac-ATTGAGGAACCACTGT,0
cut-H3K27ac-ATTGAGGAACATTGGC,3
cut-H3K27ac-ATTGAGGACAGATCTG,4
cut-H3K27ac-ATTGAGGACATCAAGT,0
cut-H3K27ac-ATTGAGGACGCTGATC,0
cut-H3K27ac-ATTGAGGAACAAGCTA,9
cut-H3K27ac-ATTGAGGACTGTAGCC,3
cut-H3K27ac-ATTGAGGAAGTACAAG,3
cut-H3K27ac-ATTGAGGAAACAACCA,0
cut-H3K27ac-ATTGAGGAAACCGAGA,2
cut-H3K27ac-ATTGAGGAAACGCTTA,3
cut-H3K27ac-ATTGAGGAAAGACGGA,3
cut-H3K27ac-ATTGAGGAAAGGTACA,0
cut-H3K27ac-ATTGAGGAACACAGAA,11
cut-H3K27ac-ATTGAGGAACAGCAGA,2
cut-H3K27ac-ATTGAGGAACCTCCAA,0
cut-H3K27ac-ATTGAGGAACGCTCGA,3
cut-H3K27ac-ATTGAGGAACGTATCA,3
cut-H3K27ac-ATTGAGGAACTATGCA,1
cut-H3K27ac-ATTGAGGAAGAGTCAA,3
cut-H3K27ac-ATTGAGGAAGATCGCA,1
cut-H3K27ac-ATTGAGGAAGCAGGAA,1
cut-H3K27ac-ATTGAGGAATCCTGTA,1
cut-H3K27ac-ATTGAGGAATTGAGGA,0
cut-H3K27ac-ATTGAGGACAACCACA,1
cut-H3K27ac-ATTGAGGAGACTAGTA,0
cut-H3K27ac-ATTGAGGACAATGGAA,0
cut-H3K27ac-ATTGAGGACACTTCGA,3
cut-H3K27ac-ATTGAGGACAGCGTTA,3
cut-H3K27ac-ATTGAGGACATACCAA,1
cut-H3K27ac-ATTGAGGACCAGTTCA,0
cut-H3K27ac-ATTGAGGACCGAAGTA,3
cut-H3K27ac-ATTGAGGACCGTGAGA,3
cut-H3K27ac-ATTGAGGACCTCCTGA,3
cut-H3K27ac-ATTGAGGACGAACTTA,3
cut-H3K27ac-ATTGAGGACGACTGGA,1
cut-H3K27ac-ATTGAGGACGCATACA,0
cut-H3K27ac-ATTGAGGACTCAATGA,3
cut-H3K27ac-ATTGAGGACTGAGCCA,3
cut-H3K27ac-ATTGAGGACTGGCATA,3
cut-H3K27ac-ATTGAGGAGAATCTGA,1
cut-H3K27ac-ATTGAGGACAAGACTA,1
cut-H3K27ac-ATTGAGGAGAGCTGAA,0
cut-H3K27ac-ATTGAGGAGATAGACA,3
cut-H3K27ac-ATTGAGGAGCCACATA,2
cut-H3K27ac-CAACCACAAACGTGAT,3
cut-H3K27ac-CAACCACAAAACATCG,0
cut-H3K27ac-CAACCACAATGCCTAA,0
cut-H3K27ac-CAACCACAAGTGGTCA,3
cut-H3K27ac-CAACCACAACCACTGT,3
cut-H3K27ac-CAACCACAACATTGGC,0
cut-H3K27ac-CAACCACACAGATCTG,3
cut-H3K27ac-CAACCACACATCAAGT,3
cut-H3K27ac-CAACCACACGCTGATC,2
cut-H3K27ac-CAACCACAACAAGCTA,3
cut-H3K27ac-CAACCACACTGTAGCC,3
cut-H3K27ac-CAACCACAAGTACAAG,0
cut-H3K27ac-CAACCACAAACAACCA,0
cut-H3K27ac-CAACCACAAACCGAGA,0
cut-H3K27ac-CAACCACAAACGCTTA,0
cut-H3K27ac-CAACCACAAAGACGGA,0
cut-H3K27ac-CAACCACAAAGGTACA,0
cut-H3K27ac-CAACCACAACACAGAA,3
cut-H3K27ac-CAACCACAACAGCAGA,3
cut-H3K27ac-CAACCACAACCTCCAA,0
cut-H3K27ac-CAACCACAACGCTCGA,0
cut-H3K27ac-CAACCACAACGTATCA,3
cut-H3K27ac-CAACCACAACTATGCA,1
cut-H3K27ac-CAACCACAAGAGTCAA,0
cut-H3K27ac-CAACCACAAGATCGCA,1
cut-H3K27ac-CAACCACAAGCAGGAA,1
cut-H3K27ac-CAACCACAATCCTGTA,0
cut-H3K27ac-CAACCACAATTGAGGA,0
cut-H3K27ac-CAACCACACAACCACA,4
cut-H3K27ac-CAACCACAGACTAGTA,1
cut-H3K27ac-CAACCACACAATGGAA,3
cut-H3K27ac-CAACCACACACTTCGA,0
cut-H3K27ac-CAACCACACAGCGTTA,0
cut-H3K27ac-CAACCACACATACCAA,3
cut-H3K27ac-CAACCACACCAGTTCA,1
cut-H3K27ac-CAACCACACCGAAGTA,3
cut-H3K27ac-CAACCACACCGTGAGA,3
cut-H3K27ac-CAACCACACCTCCTGA,0
cut-H3K27ac-CAACCACACGAACTTA,3
cut-H3K27ac-CAACCACACGACTGGA,4
cut-H3K27ac-CAACCACACGCATACA,3
cut-H3K27ac-CAACCACACTCAATGA,0
cut-H3K27ac-CAACCACACTGAGCCA,2
cut-H3K27ac-CAACCACACTGGCATA,3
cut-H3K27ac-CAACCACAGAATCTGA,1
cut-H3K27ac-CAACCACACAAGACTA,0
cut-H3K27ac-CAACCACAGAGCTGAA,3
cut-H3K27ac-CAACCACAGATAGACA,3
cut-H3K27ac-CAACCACAGCCACATA,0
cut-H3K27ac-GACTAGTAAACGTGAT,1
cut-H3K27ac-GACTAGTAAAACATCG,3
cut-H3K27ac-GACTAGTAATGCCTAA,4
cut-H3K27ac-GACTAGTAAGTGGTCA,2
cut-H3K27ac-GACTAGTAACCACTGT,3
cut-H3K27ac-GACTAGTAACATTGGC,0
cut-H3K27ac-GACTAGTACAGATCTG,0
cut-H3K27ac-GACTAGTACATCAAGT,0
cut-H3K27ac-GACTAGTACGCTGATC,0
cut-H3K27ac-GACTAGTAACAAGCTA,0
cut-H3K27ac-GACTAGTACTGTAGCC,3
cut-H3K27ac-GACTAGTAAGTACAAG,5
cut-H3K27ac-GACTAGTAAACAACCA,3
cut-H3K27ac-GACTAGTAAACCGAGA,3
cut-H3K27ac-GACTAGTAAACGCTTA,3
cut-H3K27ac-GACTAGTAAAGACGGA,3
cut-H3K27ac-GACTAGTAAAGGTACA,0
cut-H3K27ac-GACTAGTAACACAGAA,0
cut-H3K27ac-GACTAGTAACAGCAGA,0
cut-H3K27ac-GACTAGTAACCTCCAA,0
cut-H3K27ac-GACTAGTAACGCTCGA,0
cut-H3K27ac-GACTAGTAACGTATCA,3
cut-H3K27ac-GACTAGTAACTATGCA,1
cut-H3K27ac-GACTAGTAAGAGTCAA,0
cut-H3K27ac-GACTAGTAAGATCGCA,1
cut-H3K27ac-GACTAGTAAGCAGGAA,4
cut-H3K27ac-GACTAGTAATCCTGTA,1
cut-H3K27ac-GACTAGTAATTGAGGA,0
cut-H3K27ac-GACTAGTACAACCACA,1
cut-H3K27ac-GACTAGTAGACTAGTA,0
cut-H3K27ac-GACTAGTACAATGGAA,3
cut-H3K27ac-GACTAGTACACTTCGA,0
cut-H3K27ac-GACTAGTACAGCGTTA,0
cut-H3K27ac-GACTAGTACATACCAA,0
cut-H3K27ac-GACTAGTACCAGTTCA,0
cut-H3K27ac-GACTAGTACCGAAGTA,3
cut-H3K27ac-GACTAGTACGACTGGA,4
cut-H3K27ac-GACTAGTACGCATACA,3
cut-H3K27ac-GACTAGTACTCAATGA,0
cut-H3K27ac-GACTAGTACTGAGCCA,3
cut-H3K27ac-GACTAGTACTGGCATA,3
cut-H3K27ac-GACTAGTAGAATCTGA,0
cut-H3K27ac-GACTAGTACAAGACTA,0
cut-H3K27ac-GACTAGTAGAGCTGAA,3
cut-H3K27ac-GACTAGTAGATAGACA,3
cut-H3K27ac-GACTAGTAGCCACATA,3
cut-H3K27ac-CAATGGAAAACGTGAT,1
cut-H3K27ac-CAATGGAAAAACATCG,3
cut-H3K27ac-CAATGGAAATGCCTAA,4
cut-H3K27ac-CAATGGAAAGTGGTCA,9
cut-H3K27ac-CAATGGAAACCACTGT,3
cut-H3K27ac-CAATGGAACATCAAGT,3
cut-H3K27ac-CAATGGAACGCTGATC,3
cut-H3K27ac-CAATGGAAACAAGCTA,0
cut-H3K27ac-CAATGGAACTGTAGCC,3
cut-H3K27ac-CAATGGAAAGTACAAG,3
cut-H3K27ac-CAATGGAAAACAACCA,0
cut-H3K27ac-CAATGGAAAACCGAGA,3
cut-H3K27ac-CAATGGAAAACGCTTA,3
cut-H3K27ac-CAATGGAAAAGACGGA,1
cut-H3K27ac-CAATGGAAAAGGTACA,0
cut-H3K27ac-CAATGGAAACACAGAA,0
cut-H3K27ac-CAATGGAAACAGCAGA,3
cut-H3K27ac-CAATGGAAACCTCCAA,0
cut-H3K27ac-CAATGGAAACGCTCGA,3
cut-H3K27ac-CAATGGAAACGTATCA,2
cut-H3K27ac-CAATGGAAACTATGCA,1
cut-H3K27ac-CAATGGAAAGAGTCAA,3
cut-H3K27ac-CAATGGAAAGATCGCA,0
cut-H3K27ac-CAATGGAAAGCAGGAA,3
cut-H3K27ac-CAATGGAAATCCTGTA,0
cut-H3K27ac-CAATGGAAATTGAGGA,3
cut-H3K27ac-CAATGGAACAACCACA,1
cut-H3K27ac-CAATGGAAGACTAGTA,3
cut-H3K27ac-CAATGGAACAATGGAA,3
cut-H3K27ac-CAATGGAACACTTCGA,3
cut-H3K27ac-CAATGGAACAGCGTTA,3
cut-H3K27ac-CAATGGAACATACCAA,3
cut-H3K27ac-CAATGGAACCGAAGTA,3
cut-H3K27ac-CAATGGAACCGTGAGA,0
cut-H3K27ac-CAATGGAACCTCCTGA,3
cut-H3K27ac-CAATGGAACGAACTTA,3
cut-H3K27ac-CAATGGAACGACTGGA,1
cut-H3K27ac-CAATGGAACGCATACA,0
cut-H3K27ac-CAATGGAACTCAATGA,3
cut-H3K27ac-CAATGGAACTGAGCCA,2
cut-H3K27ac-CAATGGAACTGGCATA,0
cut-H3K27ac-CAATGGAAGAATCTGA,0
cut-H3K27ac-CAATGGAACAAGACTA,0
cut-H3K27ac-CAATGGAAGAGCTGAA,3
cut-H3K27ac-CAATGGAAGATAGACA,3
cut-H3K27ac-CAATGGAAGCCACATA,3
cut-H3K27ac-CACTTCGAAACGTGAT,4
cut-H3K27ac-CACTTCGAAAACATCG,5
cut-H3K27ac-CACTTCGAATGCCTAA,1
cut-H3K27ac-CACTTCGAAGTGGTCA,3
cut-H3K27ac-CACTTCGAACCACTGT,3
cut-H3K27ac-CACTTCGAACATTGGC,3
cut-H3K27ac-CACTTCGACAGATCTG,3
cut-H3K27ac-CACTTCGAACAAGCTA,3
cut-H3K27ac-CACTTCGACTGTAGCC,3
cut-H3K27ac-CACTTCGAAGTACAAG,0
cut-H3K27ac-CACTTCGAAACAACCA,3
cut-H3K27ac-CACTTCGAAACCGAGA,4
cut-H3K27ac-CACTTCGAAACGCTTA,1
cut-H3K27ac-CACTTCGAAAGACGGA,1
cut-H3K27ac-CACTTCGAAAGGTACA,1
cut-H3K27ac-CACTTCGAACACAGAA,1
cut-H3K27ac-CACTTCGAACAGCAGA,3
cut-H3K27ac-CACTTCGAACCTCCAA,0
cut-H3K27ac-CACTTCGAACGCTCGA,0
cut-H3K27ac-CACTTCGAACGTATCA,3
cut-H3K27ac-CACTTCGAACTATGCA,1
cut-H3K27ac-CACTTCGAAGAGTCAA,3
cut-H3K27ac-CACTTCGAAGATCGCA,1
cut-H3K27ac-CACTTCGAAGCAGGAA,3
cut-H3K27ac-CACTTCGAATCCTGTA,5
cut-H3K27ac-CACTTCGAATTGAGGA,0
cut-H3K27ac-CACTTCGACAACCACA,1
cut-H3K27ac-CACTTCGAGACTAGTA,0
cut-H3K27ac-CACTTCGACAATGGAA,0
cut-H3K27ac-CACTTCGACACTTCGA,0
cut-H3K27ac-CACTTCGACAGCGTTA,0
cut-H3K27ac-CACTTCGACATACCAA,0
cut-H3K27ac-CACTTCGACCAGTTCA,0
cut-H3K27ac-CACTTCGACCGAAGTA,3
cut-H3K27ac-CACTTCGACCGTGAGA,0
cut-H3K27ac-CACTTCGACCTCCTGA,0
cut-H3K27ac-CACTTCGACGAACTTA,3
cut-H3K27ac-CACTTCGACGACTGGA,3
cut-H3K27ac-CACTTCGACGCATACA,3
cut-H3K27ac-CACTTCGACTCAATGA,3
cut-H3K27ac-CACTTCGACTGAGCCA,3
cut-H3K27ac-CACTTCGACTGGCATA,2
cut-H3K27ac-CACTTCGAGAATCTGA,3
cut-H3K27ac-CACTTCGACAAGACTA,3
cut-H3K27ac-CACTTCGAGAGCTGAA,3
cut-H3K27ac-CACTTCGAGATAGACA,3
cut-H3K27ac-CACTTCGAGCCACATA,2
cut-H3K27ac-CAGCGTTAAACGTGAT,9
cut-H3K27ac-CAGCGTTAAAACATCG,3
cut-H3K27ac-CAGCGTTAATGCCTAA,11
cut-H3K27ac-CAGCGTTAAGTGGTCA,2
cut-H3K27ac-CAGCGTTAACCACTGT,3
cut-H3K27ac-CAGCGTTAACATTGGC,3
cut-H3K27ac-CAGCGTTACAGATCTG,4
cut-H3K27ac-CAGCGTTACATCAAGT,3
cut-H3K27ac-CAGCGTTACGCTGATC,3
cut-H3K27ac-CAGCGTTAACAAGCTA,3
cut-H3K27ac-CAGCGTTACTGTAGCC,0
cut-H3K27ac-CAGCGTTAAGTACAAG,3
cut-H3K27ac-CAGCGTTAAACAACCA,0
cut-H3K27ac-CAGCGTTAAACCGAGA,1
cut-H3K27ac-CAGCGTTAAACGCTTA,1
cut-H3K27ac-CAGCGTTAAAGACGGA,1
cut-H3K27ac-CAGCGTTAAAGGTACA,1
cut-H3K27ac-CAGCGTTAACACAGAA,0
cut-H3K27ac-CAGCGTTAACAGCAGA,3
cut-H3K27ac-CAGCGTTAACCTCCAA,3
cut-H3K27ac-CAGCGTTAACGCTCGA,3
cut-H3K27ac-CAGCGTTAACGTATCA,6
cut-H3K27ac-CAGCGTTAACTATGCA,1
cut-H3K27ac-CAGCGTTAAGAGTCAA,0
cut-H3K27ac-CAGCGTTAAGATCGCA,0
cut-H3K27ac-CAGCGTTAAGCAGGAA,0
cut-H3K27ac-CAGCGTTAATCCTGTA,0
cut-H3K27ac-CAGCGTTAATTGAGGA,3
cut-H3K27ac-CAGCGTTACAACCACA,1
cut-H3K27ac-CAGCGTTAGACTAGTA,3
cut-H3K27ac-CAGCGTTACAATGGAA,3
cut-H3K27ac-CAGCGTTACACTTCGA,11
cut-H3K27ac-CAGCGTTACAGCGTTA,0
cut-H3K27ac-CAGCGTTACATACCAA,3
cut-H3K27ac-CAGCGTTACCAGTTCA,3
cut-H3K27ac-CAGCGTTACCGAAGTA,3
cut-H3K27ac-CAGCGTTACCGTGAGA,0
cut-H3K27ac-CAGCGTTACCTCCTGA,0
cut-H3K27ac-CAGCGTTACGAACTTA,0
cut-H3K27ac-CAGCGTTACGACTGGA,9
cut-H3K27ac-CAGCGTTACGCATACA,0
cut-H3K27ac-CAGCGTTACTCAATGA,3
cut-H3K27ac-CAGCGTTACTGAGCCA,2
cut-H3K27ac-CAGCGTTACTGGCATA,3
cut-H3K27ac-CAGCGTTAGAATCTGA,3
cut-H3K27ac-CAGCGTTACAAGACTA,3
cut-H3K27ac-CAGCGTTAGAGCTGAA,3
cut-H3K27ac-CAGCGTTAGATAGACA,3
cut-H3K27ac-CAGCGTTAGCCACATA,3
cut-H3K27ac-CATACCAAAACGTGAT,3
cut-H3K27ac-CATACCAAAAACATCG,3
cut-H3K27ac-CATACCAAATGCCTAA,3
cut-H3K27ac-CATACCAAAGTGGTCA,3
cut-H3K27ac-CATACCAAACCACTGT,3
cut-H3K27ac-CATACCAAACATTGGC,3
cut-H3K27ac-CATACCAACAGATCTG,3
cut-H3K27ac-CATACCAACATCAAGT,0
cut-H3K27ac-CATACCAACGCTGATC,3
cut-H3K27ac-CATACCAAACAAGCTA,0
cut-H3K27ac-CATACCAACTGTAGCC,0
cut-H3K27ac-CATACCAAAGTACAAG,3
cut-H3K27ac-CATACCAAAACAACCA,3
cut-H3K27ac-CATACCAAAACCGAGA,1
cut-H3K27ac-CATACCAAAACGCTTA,0
cut-H3K27ac-CATACCAAAAGACGGA,3
cut-H3K27ac-CATACCAAAAGGTACA,0
cut-H3K27ac-CATACCAAACACAGAA,3
cut-H3K27ac-CATACCAAACAGCAGA,0
cut-H3K27ac-CATACCAAACCTCCAA,3
cut-H3K27ac-CATACCAAACGCTCGA,3
cut-H3K27ac-CATACCAAACGTATCA,6
cut-H3K27ac-CATACCAAACTATGCA,1
cut-H3K27ac-CATACCAAAGAGTCAA,3
cut-H3K27ac-CATACCAAAGATCGCA,5
cut-H3K27ac-CATACCAAAGCAGGAA,1
cut-H3K27ac-CATACCAAATTGAGGA,2
cut-H3K27ac-CATACCAACAACCACA,0
cut-H3K27ac-CATACCAAGACTAGTA,3
cut-H3K27ac-CATACCAACAATGGAA,3
cut-H3K27ac-CATACCAACACTTCGA,0
cut-H3K27ac-CATACCAACAGCGTTA,3
cut-H3K27ac-CATACCAACATACCAA,0
cut-H3K27ac-CATACCAACCAGTTCA,0
cut-H3K27ac-CATACCAACCGAAGTA,3
cut-H3K27ac-CATACCAACCGTGAGA,3
cut-H3K27ac-CATACCAACCTCCTGA,0
cut-H3K27ac-CATACCAACGAACTTA,3
cut-H3K27ac-CATACCAACGACTGGA,9
cut-H3K27ac-CATACCAACGCATACA,0
cut-H3K27ac-CATACCAACTCAATGA,6
cut-H3K27ac-CATACCAACTGAGCCA,3
cut-H3K27ac-CATACCAACTGGCATA,3
cut-H3K27ac-CATACCAAGAATCTGA,3
cut-H3K27ac-CATACCAACAAGACTA,2
cut-H3K27ac-CATACCAAGAGCTGAA,2
cut-H3K27ac-CATACCAAGATAGACA,6
cut-H3K27ac-CATACCAAGCCACATA,3
cut-H3K27ac-CCAGTTCAAACGTGAT,0
cut-H3K27ac-CCAGTTCAAAACATCG,3
cut-H3K27ac-CCAGTTCAATGCCTAA,4
cut-H3K27ac-CCAGTTCAAGTGGTCA,3
cut-H3K27ac-CCAGTTCAACCACTGT,0
cut-H3K27ac-CCAGTTCAACATTGGC,0
cut-H3K27ac-CCAGTTCACAGATCTG,9
cut-H3K27ac-CCAGTTCACATCAAGT,3
cut-H3K27ac-CCAGTTCACGCTGATC,3
cut-H3K27ac-CCAGTTCAACAAGCTA,3
cut-H3K27ac-CCAGTTCACTGTAGCC,0
cut-H3K27ac-CCAGTTCAAGTACAAG,3
cut-H3K27ac-CCAGTTCAAACAACCA,0
cut-H3K27ac-CCAGTTCAAACCGAGA,1
cut-H3K27ac-CCAGTTCAAACGCTTA,0
cut-H3K27ac-CCAGTTCAAAGACGGA,3
cut-H3K27ac-CCAGTTCAAAGGTACA,0
cut-H3K27ac-CCAGTTCAACACAGAA,5
cut-H3K27ac-CCAGTTCAACAGCAGA,0
cut-H3K27ac-CCAGTTCAACCTCCAA,0
cut-H3K27ac-CCAGTTCAACGCTCGA,0
cut-H3K27ac-CCAGTTCAACGTATCA,3
cut-H3K27ac-CCAGTTCAACTATGCA,1
cut-H3K27ac-CCAGTTCAAGAGTCAA,3
cut-H3K27ac-CCAGTTCAAGATCGCA,3
cut-H3K27ac-CCAGTTCAAGCAGGAA,0
cut-H3K27ac-CCAGTTCAAGTCACTA,0
cut-H3K27ac-CCAGTTCACAACCACA,3
cut-H3K27ac-CCAGTTCAGACTAGTA,0
cut-H3K27ac-CCAGTTCACAATGGAA,0
cut-H3K27ac-CCAGTTCACACTTCGA,3
cut-H3K27ac-CCAGTTCACAGCGTTA,3
cut-H3K27ac-CCAGTTCACATACCAA,3
cut-H3K27ac-CCAGTTCACCAGTTCA,0
cut-H3K27ac-CCAGTTCACCGAAGTA,0
cut-H3K27ac-CCAGTTCACCGTGAGA,3
cut-H3K27ac-CCAGTTCACCTCCTGA,0
cut-H3K27ac-CCAGTTCACGAACTTA,3
cut-H3K27ac-CCAGTTCACGACTGGA,9
cut-H3K27ac-CCAGTTCACGCATACA,3
cut-H3K27ac-CCAGTTCACTCAATGA,3
cut-H3K27ac-CCAGTTCACTGAGCCA,2
cut-H3K27ac-CCAGTTCACTGGCATA,2
cut-H3K27ac-CCAGTTCAGAATCTGA,3
cut-H3K27ac-CCAGTTCACAAGACTA,2
cut-H3K27ac-CCAGTTCAGAGCTGAA,3
cut-H3K27ac-CCAGTTCAGATAGACA,3
cut-H3K27ac-CCAGTTCAGCCACATA,0
cut-H3K27ac-CCGAAGTAAACGTGAT,0
cut-H3K27ac-CCGAAGTAAAACATCG,11
cut-H3K27ac-CCGAAGTAATGCCTAA,1
cut-H3K27ac-CCGAAGTAAGTGGTCA,2
cut-H3K27ac-CCGAAGTAACCACTGT,0
cut-H3K27ac-CCGAAGTAACATTGGC,3
cut-H3K27ac-CCGAAGTACAGATCTG,3
cut-H3K27ac-CCGAAGTACATCAAGT,0
cut-H3K27ac-CCGAAGTACGCTGATC,0
cut-H3K27ac-CCGAAGTAACAAGCTA,3
cut-H3K27ac-CCGAAGTACTGTAGCC,3
cut-H3K27ac-CCGAAGTAAGTACAAG,0
cut-H3K27ac-CCGAAGTAAACAACCA,0
cut-H3K27ac-CCGAAGTAAACCGAGA,0
cut-H3K27ac-CCGAAGTAAACGCTTA,3
cut-H3K27ac-CCGAAGTAAAGACGGA,3
cut-H3K27ac-CCGAAGTAAAGGTACA,0
cut-H3K27ac-CCGAAGTAACACAGAA,0
cut-H3K27ac-CCGAAGTAACAGCAGA,3
cut-H3K27ac-CCGAAGTAACCTCCAA,3
cut-H3K27ac-CCGAAGTAACGCTCGA,0
cut-H3K27ac-CCGAAGTAACGTATCA,2
cut-H3K27ac-CCGAAGTAACTATGCA,3
cut-H3K27ac-CCGAAGTAAGAGTCAA,3
cut-H3K27ac-CCGAAGTAAGATCGCA,3
cut-H3K27ac-CCGAAGTAAGCAGGAA,0
cut-H3K27ac-CCGAAGTAAGTCACTA,0
cut-H3K27ac-CCGAAGTACAACCACA,3
cut-H3K27ac-CCGAAGTAGACTAGTA,3
cut-H3K27ac-CCGAAGTACAATGGAA,0
cut-H3K27ac-CCGAAGTACACTTCGA,0
cut-H3K27ac-CCGAAGTACAGCGTTA,3
cut-H3K27ac-CCGAAGTACATACCAA,0
cut-H3K27ac-CCGAAGTACCAGTTCA,3
cut-H3K27ac-CCGAAGTACCGAAGTA,3
cut-H3K27ac-CCGAAGTACCGTGAGA,3
cut-H3K27ac-CCGAAGTACCTCCTGA,0
cut-H3K27ac-CCGAAGTACGAACTTA,0
cut-H3K27ac-CCGAAGTACGACTGGA,1
cut-H3K27ac-CCGAAGTACGCATACA,3
cut-H3K27ac-CCGAAGTACTCAATGA,3
cut-H3K27ac-CCGAAGTACTGAGCCA,3
cut-H3K27ac-CCGAAGTACTGGCATA,2
cut-H3K27ac-CCGAAGTAGAATCTGA,0
cut-H3K27ac-CCGAAGTACAAGACTA,3
cut-H3K27ac-CCGAAGTAGAGCTGAA,2
cut-H3K27ac-CCGAAGTAGATAGACA,3
cut-H3K27ac-CCGAAGTAGCCACATA,0
cut-H3K27ac-CCGTGAGAAACGTGAT,0
cut-H3K27ac-CCGTGAGAAAACATCG,0
cut-H3K27ac-CCGTGAGAATGCCTAA,0
cut-H3K27ac-CCGTGAGAAGTGGTCA,3
cut-H3K27ac-CCGTGAGAACCACTGT,2
cut-H3K27ac-CCGTGAGAACATTGGC,0
cut-H3K27ac-CCGTGAGACAGATCTG,2
cut-H3K27ac-CCGTGAGACATCAAGT,0
cut-H3K27ac-CCGTGAGACGCTGATC,3
cut-H3K27ac-CCGTGAGAACAAGCTA,3
cut-H3K27ac-CCGTGAGACTGTAGCC,3
cut-H3K27ac-CCGTGAGAAGTACAAG,3
cut-H3K27ac-CCGTGAGAAACAACCA,3
cut-H3K27ac-CCGTGAGAAACCGAGA,0
cut-H3K27ac-CCGTGAGAAACGCTTA,3
cut-H3K27ac-CCGTGAGAAAGACGGA,0
cut-H3K27ac-CCGTGAGAAAGGTACA,0
cut-H3K27ac-CCGTGAGAACACAGAA,0
cut-H3K27ac-CCGTGAGAACAGCAGA,3
cut-H3K27ac-CCGTGAGAACCTCCAA,0
cut-H3K27ac-CCGTGAGAACGCTCGA,0
cut-H3K27ac-CCGTGAGAACGTATCA,2
cut-H3K27ac-CCGTGAGAACTATGCA,0
cut-H3K27ac-CCGTGAGAAGAGTCAA,3
cut-H3K27ac-CCGTGAGAAGATCGCA,3
cut-H3K27ac-CCGTGAGAAGCAGGAA,3
cut-H3K27ac-CCGTGAGAAGTCACTA,0
cut-H3K27ac-CCGTGAGACAACCACA,0
cut-H3K27ac-CCGTGAGAGACTAGTA,3
cut-H3K27ac-CCGTGAGACAATGGAA,0
cut-H3K27ac-CCGTGAGACACTTCGA,0
cut-H3K27ac-CCGTGAGACAGCGTTA,0
cut-H3K27ac-CCGTGAGACATACCAA,3
cut-H3K27ac-CCGTGAGACCAGTTCA,3
cut-H3K27ac-CCGTGAGACCGAAGTA,3
cut-H3K27ac-CCGTGAGACCGTGAGA,0
cut-H3K27ac-CCGTGAGACCTCCTGA,3
cut-H3K27ac-CCGTGAGACGAACTTA,0
cut-H3K27ac-CCGTGAGACGACTGGA,9
cut-H3K27ac-CCGTGAGACGCATACA,0
cut-H3K27ac-CCGTGAGACTCAATGA,1
cut-H3K27ac-CCGTGAGACTGAGCCA,3
cut-H3K27ac-CCGTGAGACTGGCATA,0
cut-H3K27ac-CCGTGAGAGAATCTGA,3
cut-H3K27ac-CCGTGAGACAAGACTA,2
cut-H3K27ac-CCGTGAGAGAGCTGAA,3
cut-H3K27ac-CCGTGAGAGATAGACA,0
cut-H3K27ac-CCGTGAGAGCCACATA,2
cut-H3K27ac-CCTCCTGAAGTGGTCA,3
cut-H3K27ac-CCTCCTGAACCACTGT,3
cut-H3K27ac-CCTCCTGAACATTGGC,2
cut-H3K27ac-CCTCCTGACAGATCTG,3
cut-H3K27ac-CCTCCTGACATCAAGT,2
cut-H3K27ac-CCTCCTGACGCTGATC,0
cut-H3K27ac-CCTCCTGAACAAGCTA,3
cut-H3K27ac-CCTCCTGACTGTAGCC,0
cut-H3K27ac-CCTCCTGAAGTACAAG,0
cut-H3K27ac-CCTCCTGAAACAACCA,3
cut-H3K27ac-CCTCCTGAAACCGAGA,0
cut-H3K27ac-CCTCCTGAAACGCTTA,3
cut-H3K27ac-CCTCCTGAAAGACGGA,0
cut-H3K27ac-CCTCCTGAAAGGTACA,0
cut-H3K27ac-CCTCCTGAACACAGAA,3
cut-H3K27ac-CCTCCTGAACAGCAGA,0
cut-H3K27ac-CCTCCTGAACCTCCAA,0
cut-H3K27ac-CCTCCTGAACGCTCGA,3
cut-H3K27ac-CCTCCTGAACGTATCA,2
cut-H3K27ac-CCTCCTGAACTATGCA,3
cut-H3K27ac-CCTCCTGAAGAGTCAA,2
cut-H3K27ac-CCTCCTGAAGATCGCA,0
cut-H3K27ac-CCTCCTGAAGCAGGAA,0
cut-H3K27ac-CCTCCTGAATTGAGGA,3
cut-H3K27ac-CCTCCTGAGACTAGTA,0
cut-H3K27ac-CCTCCTGACAATGGAA,3
cut-H3K27ac-CCTCCTGACACTTCGA,3
cut-H3K27ac-CCTCCTGACAGCGTTA,2
cut-H3K27ac-CCTCCTGACATACCAA,0
cut-H3K27ac-CCTCCTGACCAGTTCA,0
cut-H3K27ac-CCTCCTGACCGAAGTA,2
cut-H3K27ac-CCTCCTGACCGTGAGA,3
cut-H3K27ac-CCTCCTGACCTCCTGA,0
cut-H3K27ac-CCTCCTGACGAACTTA,3
cut-H3K27ac-CCTCCTGACGACTGGA,4
cut-H3K27ac-CCTCCTGACGCATACA,4
cut-H3K27ac-CCTCCTGACTCAATGA,4
cut-H3K27ac-CCTCCTGACTGAGCCA,0
cut-H3K27ac-CCTCCTGACTGGCATA,0
cut-H3K27ac-CCTCCTGAGAATCTGA,3
cut-H3K27ac-CCTCCTGACAAGACTA,2
cut-H3K27ac-CCTCCTGAGAGCTGAA,0
cut-H3K27ac-CCTCCTGAGATAGACA,3
cut-H3K27ac-CCTCCTGAGCCACATA,2
cut-H3K27ac-CGAACTTAACCACTGT,2
cut-H3K27ac-CGAACTTAACATTGGC,3
cut-H3K27ac-CGAACTTACAGATCTG,3
cut-H3K27ac-CGAACTTACATCAAGT,2
cut-H3K27ac-CGAACTTACGCTGATC,2
cut-H3K27ac-CGAACTTAACAAGCTA,3
cut-H3K27ac-CGAACTTACTGTAGCC,3
cut-H3K27ac-CGAACTTAAGTACAAG,3
cut-H3K27ac-CGAACTTAAACAACCA,0
cut-H3K27ac-CGAACTTAAACCGAGA,0
cut-H3K27ac-CGAACTTAAACGCTTA,3
cut-H3K27ac-CGAACTTAAAGACGGA,1
cut-H3K27ac-CGAACTTAAAGGTACA,3
cut-H3K27ac-CGAACTTAACACAGAA,0
cut-H3K27ac-CGAACTTAACAGCAGA,3
cut-H3K27ac-CGAACTTAACCTCCAA,0
cut-H3K27ac-CGAACTTAACGCTCGA,3
cut-H3K27ac-CGAACTTAACGTATCA,3
cut-H3K27ac-CGAACTTAACTATGCA,0
cut-H3K27ac-CGAACTTAAGAGTCAA,3
cut-H3K27ac-CGAACTTAAGATCGCA,3
cut-H3K27ac-CGAACTTAAGCAGGAA,0
cut-H3K27ac-CGAACTTAATTGAGGA,0
cut-H3K27ac-CGAACTTAGACTAGTA,3
cut-H3K27ac-CGAACTTACAATGGAA,3
cut-H3K27ac-CGAACTTACACTTCGA,3
cut-H3K27ac-CGAACTTACAGCGTTA,3
cut-H3K27ac-CGAACTTACATACCAA,3
cut-H3K27ac-CGAACTTACCAGTTCA,3
cut-H3K27ac-CGAACTTACCGTGAGA,2
cut-H3K27ac-CGAACTTACCTCCTGA,1
cut-H3K27ac-CGAACTTACGAACTTA,0
cut-H3K27ac-CGAACTTACGACTGGA,4
cut-H3K27ac-CGAACTTACGCATACA,3
cut-H3K27ac-CGAACTTACTCAATGA,0
cut-H3K27ac-CGAACTTACTGAGCCA,4
cut-H3K27ac-CGAACTTACTGGCATA,2
cut-H3K27ac-CGAACTTAGAATCTGA,3
cut-H3K27ac-CGAACTTACAAGACTA,3
cut-H3K27ac-CGAACTTAGAGCTGAA,2
cut-H3K27ac-CGAACTTAGATAGACA,0
cut-H3K27ac-CGAACTTAGCCACATA,3
cut-H3K27ac-CGACTGGACTGTAGCC,2
cut-H3K27ac-CGACTGGAAGTACAAG,3
cut-H3K27ac-CGACTGGAAACAACCA,0
cut-H3K27ac-CGACTGGAAACCGAGA,1
cut-H3K27ac-CGACTGGAAACGCTTA,0
cut-H3K27ac-CGACTGGAAAGACGGA,0
cut-H3K27ac-CGACTGGAAAGGTACA,0
cut-H3K27ac-CGACTGGAACACAGAA,0
cut-H3K27ac-CGACTGGAACAGCAGA,3
cut-H3K27ac-CGACTGGAACCTCCAA,0
cut-H3K27ac-CGACTGGAACGCTCGA,3
cut-H3K27ac-CGACTGGAACGTATCA,3
cut-H3K27ac-CGACTGGAACTATGCA,0
cut-H3K27ac-CGACTGGAAGAGTCAA,0
cut-H3K27ac-CGACTGGAAGATCGCA,0
cut-H3K27ac-CGACTGGAATCCTGTA,2
cut-H3K27ac-CGACTGGAGACTAGTA,3
cut-H3K27ac-CGACTGGACAATGGAA,3
cut-H3K27ac-CGACTGGACACTTCGA,0
cut-H3K27ac-CGACTGGACAGCGTTA,3
cut-H3K27ac-CGACTGGACATACCAA,3
cut-H3K27ac-CGACTGGACCTCCTGA,7
cut-H3K27ac-CGACTGGACGAACTTA,3
cut-H3K27ac-CGACTGGACGACTGGA,1
cut-H3K27ac-CGACTGGACGCATACA,0
cut-H3K27ac-CGACTGGACTCAATGA,0
cut-H3K27ac-CGACTGGACTGAGCCA,3
cut-H3K27ac-CGACTGGACTGGCATA,3
cut-H3K27ac-CGACTGGAGAATCTGA,0
cut-H3K27ac-CGACTGGACAAGACTA,3
cut-H3K27ac-CGACTGGAGAGCTGAA,2
cut-H3K27ac-CGACTGGAGATAGACA,3
cut-H3K27ac-CGACTGGAGCCACATA,2
cut-H3K27ac-CGCATACAAGTACAAG,3
cut-H3K27ac-CGCATACAAACAACCA,0
cut-H3K27ac-CGCATACAAACCGAGA,1
cut-H3K27ac-CGCATACAAACGCTTA,3
cut-H3K27ac-CGCATACAAAGACGGA,3
cut-H3K27ac-CGCATACAAAGGTACA,0
cut-H3K27ac-CGCATACAACACAGAA,3
cut-H3K27ac-CGCATACAACAGCAGA,3
cut-H3K27ac-CGCATACAACCTCCAA,0
cut-H3K27ac-CGCATACAACGCTCGA,0
cut-H3K27ac-CGCATACAACGTATCA,2
cut-H3K27ac-CGCATACAACTATGCA,3
cut-H3K27ac-CGCATACAAGAGTCAA,0
cut-H3K27ac-CGCATACAAGTCACTA,0
cut-H3K27ac-CGCATACAATCCTGTA,0
cut-H3K27ac-CGCATACAGACTAGTA,1
cut-H3K27ac-CGCATACACAATGGAA,1
cut-H3K27ac-CGCATACACACTTCGA,3
cut-H3K27ac-CGCATACACAGCGTTA,4
cut-H3K27ac-CGCATACACATACCAA,1
cut-H3K27ac-CGCATACACCAGTTCA,4
cut-H3K27ac-CGCATACACCGAAGTA,0
cut-H3K27ac-CGCATACACCGTGAGA,0
cut-H3K27ac-CGCATACACCTCCTGA,3
cut-H3K27ac-CGCATACACGAACTTA,3
cut-H3K27ac-CGCATACACGACTGGA,4
cut-H3K27ac-CGCATACACGCATACA,3
cut-H3K27ac-CGCATACACTCAATGA,0
cut-H3K27ac-CGCATACACTGAGCCA,3
cut-H3K27ac-CGCATACACTGGCATA,3
cut-H3K27ac-CGCATACAGAATCTGA,0
cut-H3K27ac-CGCATACACAAGACTA,3
cut-H3K27ac-CGCATACAGAGCTGAA,0
cut-H3K27ac-CGCATACAGATAGACA,3
cut-H3K27ac-CGCATACAGCCACATA,3
cut-H3K27ac-CTCAATGAAGTACAAG,3
cut-H3K27ac-CTCAATGAAACAACCA,3
cut-H3K27ac-CTCAATGAAACCGAGA,1
cut-H3K27ac-CTCAATGAAACGCTTA,3
cut-H3K27ac-CTCAATGAAAGACGGA,3
cut-H3K27ac-CTCAATGAAAGGTACA,3
cut-H3K27ac-CTCAATGAACACAGAA,3
cut-H3K27ac-CTCAATGAACAGCAGA,0
cut-H3K27ac-CTCAATGAAGATCGCA,2
cut-H3K27ac-CTCAATGAAGCAGGAA,0
cut-H3K27ac-CTCAATGAAGTCACTA,0
cut-H3K27ac-CTCAATGAATCCTGTA,4
cut-H3K27ac-CTCAATGAATTGAGGA,3
cut-H3K27ac-CTCAATGACAACCACA,4
cut-H3K27ac-CTCAATGAGACTAGTA,0
cut-H3K27ac-CTCAATGACAATGGAA,0
cut-H3K27ac-CTCAATGACACTTCGA,0
cut-H3K27ac-CTCAATGACAGCGTTA,3
cut-H3K27ac-CTCAATGACATACCAA,4
cut-H3K27ac-CTCAATGACCAGTTCA,4
cut-H3K27ac-CTCAATGACCGAAGTA,3
cut-H3K27ac-CTCAATGACCGTGAGA,3
cut-H3K27ac-CTCAATGACCTCCTGA,3
cut-H3K27ac-CTCAATGACGAACTTA,0
cut-H3K27ac-CTCAATGACGACTGGA,1
cut-H3K27ac-CTCAATGACGCATACA,3
cut-H3K27ac-CTCAATGAGAATCTGA,3
cut-H3K27ac-CTCAATGACAAGACTA,6
cut-H3K27ac-CTCAATGAGAGCTGAA,3
cut-H3K27ac-CTCAATGAGATAGACA,3
cut-H3K27ac-CTCAATGAGCCACATA,3
cut-H3K27ac-CTGAGCCAAACCGAGA,3
cut-H3K27ac-CTGAGCCAAACGCTTA,3
cut-H3K27ac-CTGAGCCAAAGACGGA,5
cut-H3K27ac-CTGAGCCAAAGGTACA,0
cut-H3K27ac-CTGAGCCAACACAGAA,2
cut-H3K27ac-CTGAGCCAACTATGCA,3
cut-H3K27ac-CTGAGCCAAGAGTCAA,3
cut-H3K27ac-CTGAGCCAAGATCGCA,0
cut-H3K27ac-CTGAGCCAAGCAGGAA,0
cut-H3K27ac-CTGAGCCAAGTCACTA,3
cut-H3K27ac-CTGAGCCAATCCTGTA,4
cut-H3K27ac-CTGAGCCAATTGAGGA,1
cut-H3K27ac-CTGAGCCACAACCACA,4
cut-H3K27ac-CTGAGCCAGACTAGTA,4
cut-H3K27ac-CTGAGCCACAATGGAA,3
cut-H3K27ac-CTGAGCCACACTTCGA,4
cut-H3K27ac-CTGAGCCACAGCGTTA,0
cut-H3K27ac-CTGAGCCACATACCAA,0
cut-H3K27ac-CTGAGCCACCAGTTCA,4
cut-H3K27ac-CTGAGCCACCGAAGTA,3
cut-H3K27ac-CTGAGCCACCGTGAGA,0
cut-H3K27ac-CTGAGCCACCTCCTGA,3
cut-H3K27ac-CTGAGCCACGAACTTA,0
cut-H3K27ac-CTGAGCCACGACTGGA,4
cut-H3K27ac-CTGAGCCACGCATACA,0
cut-H3K27ac-CTGAGCCAGAATCTGA,4
cut-H3K27ac-CTGAGCCACAAGACTA,0
cut-H3K27ac-CTGAGCCAGAGCTGAA,2
cut-H3K27ac-CTGAGCCAGATAGACA,2
cut-H3K27ac-CTGAGCCAGCCACATA,3
cut-H3K27ac-CTGGCATAACACAGAA,3
cut-H3K27ac-CTGGCATAACTATGCA,4
cut-H3K27ac-CTGGCATAAGAGTCAA,3
cut-H3K27ac-CTGGCATAAGATCGCA,4
cut-H3K27ac-CTGGCATAAGCAGGAA,0
cut-H3K27ac-CTGGCATAAGTCACTA,0
cut-H3K27ac-CTGGCATAATCCTGTA,4
cut-H3K27ac-CTGGCATAATTGAGGA,3
cut-H3K27ac-CTGGCATACAACCACA,4
cut-H3K27ac-CTGGCATAGACTAGTA,4
cut-H3K27ac-CTGGCATACAATGGAA,3
cut-H3K27ac-CTGGCATACACTTCGA,0
cut-H3K27ac-CTGGCATACAGCGTTA,4
cut-H3K27ac-CTGGCATACATACCAA,4
cut-H3K27ac-CTGGCATACCAGTTCA,4
cut-H3K27ac-CTGGCATACCGAAGTA,0
cut-H3K27ac-CTGGCATACCGTGAGA,3
cut-H3K27ac-CTGGCATACCTCCTGA,0
cut-H3K27ac-CTGGCATACGAACTTA,3
cut-H3K27ac-CTGGCATACGACTGGA,4
cut-H3K27ac-CTGGCATACGCATACA,3
cut-H3K27ac-CTGGCATACTCAATGA,3
cut-H3K27ac-CTGGCATACTGGCATA,2
cut-H3K27ac-CTGGCATAGAATCTGA,2
cut-H3K27ac-CTGGCATACAAGACTA,2
cut-H3K27ac-CTGGCATAGAGCTGAA,3
cut-H3K27ac-CTGGCATAGATAGACA,3
cut-H3K27ac-CTGGCATAGCCACATA,2
cut-H3K27ac-GAATCTGACTGTAGCC,3
cut-H3K27ac-GAATCTGAAGTACAAG,0
cut-H3K27ac-GAATCTGAAAGGTACA,0
cut-H3K27ac-GAATCTGAACACAGAA,3
cut-H3K27ac-GAATCTGAACTATGCA,3
cut-H3K27ac-GAATCTGAAGAGTCAA,2
cut-H3K27ac-GAATCTGAAGATCGCA,4
cut-H3K27ac-GAATCTGAAGCAGGAA,0
cut-H3K27ac-GAATCTGAAGTCACTA,3
cut-H3K27ac-GAATCTGAATCCTGTA,4
cut-H3K27ac-GAATCTGAATTGAGGA,1
cut-H3K27ac-GAATCTGACAACCACA,4
cut-H3K27ac-GAATCTGAGACTAGTA,4
cut-H3K27ac-GAATCTGACAATGGAA,0
cut-H3K27ac-GAATCTGACACTTCGA,3
cut-H3K27ac-GAATCTGACAGCGTTA,4
cut-H3K27ac-GAATCTGACATACCAA,3
cut-H3K27ac-GAATCTGACCAGTTCA,4
cut-H3K27ac-GAATCTGACCGAAGTA,3
cut-H3K27ac-GAATCTGACCGTGAGA,0
cut-H3K27ac-GAATCTGACCTCCTGA,1
cut-H3K27ac-GAATCTGACGAACTTA,0
cut-H3K27ac-GAATCTGACGACTGGA,4
cut-H3K27ac-GAATCTGACGCATACA,0
cut-H3K27ac-GAATCTGACTCAATGA,3
cut-H3K27ac-GAATCTGACTGAGCCA,3
cut-H3K27ac-GAATCTGACTGGCATA,3
cut-H3K27ac-GAATCTGAGAATCTGA,3
cut-H3K27ac-GAATCTGACAAGACTA,3
cut-H3K27ac-GAATCTGAGAGCTGAA,3
cut-H3K27ac-GAATCTGAGATAGACA,6
cut-H3K27ac-GAATCTGAGCCACATA,0
cut-H3K27ac-CAAGACTACTGTAGCC,3
cut-H3K27ac-CAAGACTAAGTACAAG,2
cut-H3K27ac-CAAGACTAAACAACCA,0
cut-H3K27ac-CAAGACTAAACCGAGA,3
cut-H3K27ac-CAAGACTAAAGGTACA,3
cut-H3K27ac-CAAGACTAACTATGCA,0
cut-H3K27ac-CAAGACTAAGAGTCAA,3
cut-H3K27ac-CAAGACTAAGATCGCA,0
cut-H3K27ac-CAAGACTAAGCAGGAA,0
cut-H3K27ac-CAAGACTAAGTCACTA,3
cut-H3K27ac-CAAGACTAATCCTGTA,3
cut-H3K27ac-CAAGACTAATTGAGGA,0
cut-H3K27ac-CAAGACTACAACCACA,0
cut-H3K27ac-CAAGACTAGACTAGTA,0
cut-H3K27ac-CAAGACTACAATGGAA,0
cut-H3K27ac-CAAGACTACACTTCGA,3
cut-H3K27ac-CAAGACTACAGCGTTA,4
cut-H3K27ac-CAAGACTACATACCAA,4
cut-H3K27ac-CAAGACTACCAGTTCA,4
cut-H3K27ac-CAAGACTACCGAAGTA,0
cut-H3K27ac-CAAGACTACCGTGAGA,0
cut-H3K27ac-CAAGACTACCTCCTGA,3
cut-H3K27ac-CAAGACTACGAACTTA,3
cut-H3K27ac-CAAGACTACGACTGGA,4
cut-H3K27ac-CAAGACTACGCATACA,3
cut-H3K27ac-CAAGACTACTCAATGA,4
cut-H3K27ac-CAAGACTACTGAGCCA,0
cut-H3K27ac-CAAGACTACTGGCATA,0
cut-H3K27ac-CAAGACTAGAATCTGA,3
cut-H3K27ac-CAAGACTACAAGACTA,6
cut-H3K27ac-CAAGACTAGAGCTGAA,3
cut-H3K27ac-CAAGACTAGATAGACA,3
cut-H3K27ac-CAAGACTAGCCACATA,2
cut-H3K27ac-GAGCTGAAACAAGCTA,3
cut-H3K27ac-GAGCTGAACTGTAGCC,0
cut-H3K27ac-GAGCTGAAAGTACAAG,0
cut-H3K27ac-GAGCTGAAAACAACCA,0
cut-H3K27ac-GAGCTGAAAACCGAGA,3
cut-H3K27ac-GAGCTGAAAAGACGGA,4
cut-H3K27ac-GAGCTGAAAGATCGCA,3
cut-H3K27ac-GAGCTGAAAGCAGGAA,3
cut-H3K27ac-GAGCTGAAAGTCACTA,0
cut-H3K27ac-GAGCTGAAATCCTGTA,0
cut-H3K27ac-GAGCTGAAATTGAGGA,0
cut-H3K27ac-GAGCTGAACAACCACA,3
cut-H3K27ac-GAGCTGAAGACTAGTA,0
cut-H3K27ac-GAGCTGAACAATGGAA,0
cut-H3K27ac-GAGCTGAACACTTCGA,3
cut-H3K27ac-GAGCTGAACAGCGTTA,4
cut-H3K27ac-GAGCTGAACATACCAA,4
cut-H3K27ac-GAGCTGAACCAGTTCA,3
cut-H3K27ac-GAGCTGAACCGAAGTA,3
cut-H3K27ac-GAGCTGAACCGTGAGA,0
cut-H3K27ac-GAGCTGAACCTCCTGA,3
cut-H3K27ac-GAGCTGAACGAACTTA,3
cut-H3K27ac-GAGCTGAACGACTGGA,4
cut-H3K27ac-GAGCTGAACGCATACA,0
cut-H3K27ac-GAGCTGAACTCAATGA,4
cut-H3K27ac-GAGCTGAACTGAGCCA,4
cut-H3K27ac-GAGCTGAACTGGCATA,0
cut-H3K27ac-GAGCTGAAGAATCTGA,0
cut-H3K27ac-GAGCTGAACAAGACTA,2
cut-H3K27ac-GAGCTGAAGAGCTGAA,2
cut-H3K27ac-GAGCTGAAGATAGACA,3
cut-H3K27ac-GAGCTGAAGCCACATA,0
cut-H3K27ac-GATAGACAACAAGCTA,3
cut-H3K27ac-GATAGACACTGTAGCC,3
cut-H3K27ac-GATAGACAAGTACAAG,3
cut-H3K27ac-GATAGACAAACAACCA,3
cut-H3K27ac-GATAGACAAACGCTTA,0
cut-H3K27ac-GATAGACAAAGACGGA,0
cut-H3K27ac-GATAGACAAGAGTCAA,3
cut-H3K27ac-GATAGACAAGATCGCA,3
cut-H3K27ac-GATAGACAAGCAGGAA,0
cut-H3K27ac-GATAGACAAGTCACTA,0
cut-H3K27ac-GATAGACAATCCTGTA,4
cut-H3K27ac-GATAGACAATTGAGGA,0
cut-H3K27ac-GATAGACACAACCACA,3
cut-H3K27ac-GATAGACAGACTAGTA,0
cut-H3K27ac-GATAGACACAATGGAA,0
cut-H3K27ac-GATAGACACACTTCGA,0
cut-H3K27ac-GATAGACACAGCGTTA,0
cut-H3K27ac-GATAGACACATACCAA,0
cut-H3K27ac-GATAGACACCAGTTCA,1
cut-H3K27ac-GATAGACACCGAAGTA,0
cut-H3K27ac-GATAGACACCGTGAGA,3
cut-H3K27ac-GATAGACACCTCCTGA,3
cut-H3K27ac-GATAGACACGAACTTA,3
cut-H3K27ac-GATAGACACGACTGGA,4
cut-H3K27ac-GATAGACACGCATACA,1
cut-H3K27ac-GATAGACACTCAATGA,4
cut-H3K27ac-GATAGACACTGAGCCA,0
cut-H3K27ac-GATAGACACTGGCATA,0
cut-H3K27ac-GATAGACAGAATCTGA,0
cut-H3K27ac-GATAGACACAAGACTA,6
cut-H3K27ac-GATAGACAGAGCTGAA,3
cut-H3K27ac-GATAGACAGATAGACA,0
cut-H3K27ac-GATAGACAGCCACATA,3
cut-H3K27ac-GCCACATAACAAGCTA,2
cut-H3K27ac-GCCACATACTGTAGCC,3
cut-H3K27ac-GCCACATAAGTACAAG,3
cut-H3K27ac-GCCACATAAACAACCA,3
cut-H3K27ac-GCCACATAACTATGCA,3
cut-H3K27ac-GCCACATAAGAGTCAA,3
cut-H3K27ac-GCCACATAAGATCGCA,3
cut-H3K27ac-GCCACATAAGCAGGAA,3
cut-H3K27ac-GCCACATAAGTCACTA,0
cut-H3K27ac-GCCACATAATCCTGTA,3
cut-H3K27ac-GCCACATAATTGAGGA,3
cut-H3K27ac-GCCACATACAACCACA,4
cut-H3K27ac-GCCACATAGACTAGTA,3
cut-H3K27ac-GCCACATACAATGGAA,3
cut-H3K27ac-GCCACATACACTTCGA,3
cut-H3K27ac-GCCACATACAGCGTTA,3
cut-H3K27ac-GCCACATACATACCAA,3
cut-H3K27ac-GCCACATACCAGTTCA,3
cut-H3K27ac-GCCACATACCGAAGTA,0
cut-H3K27ac-GCCACATACCGTGAGA,0
cut-H3K27ac-GCCACATACCTCCTGA,3
cut-H3K27ac-GCCACATACGAACTTA,3
cut-H3K27ac-GCCACATACGACTGGA,4
cut-H3K27ac-GCCACATACGCATACA,0
cut-H3K27ac-GCCACATACTCAATGA,0
cut-H3K27ac-GCCACATACTGAGCCA,4
cut-H3K27ac-GCCACATACTGGCATA,3
cut-H3K27ac-GCCACATAGAATCTGA,0
cut-H3K27ac-GCCACATACAAGACTA,3
cut-H3K27ac-GCCACATAGAGCTGAA,3
cut-H3K27ac-GCCACATAGATAGACA,3
cut-H3K27ac-GCCACATAGCCACATA,3
cut-H3K27me3-AACGTGATAAACATCG,0
cut-H3K27me3-AACGTGATATGCCTAA,0
cut-H3K27me3-AACGTGATAGTGGTCA,7
cut-H3K27me3-AACGTGATACAAGCTA,0
cut-H3K27me3-AACGTGATCTGTAGCC,4
cut-H3K27me3-AACGTGATAGTACAAG,4
cut-H3K27me3-AACGTGATAACAACCA,4
cut-H3K27me3-AACGTGATAACCGAGA,0
cut-H3K27me3-AACGTGATAACGCTTA,7
cut-H3K27me3-AACGTGATACACAGAA,0
cut-H3K27me3-AACGTGATACAGCAGA,1
cut-H3K27me3-AACGTGATACCTCCAA,3
cut-H3K27me3-AACGTGATACGCTCGA,0
cut-H3K27me3-AACGTGATACGTATCA,7
cut-H3K27me3-AACGTGATACTATGCA,2
cut-H3K27me3-AACGTGATAGAGTCAA,3
cut-H3K27me3-AACGTGATAGATCGCA,2
cut-H3K27me3-AACGTGATAGCAGGAA,8
cut-H3K27me3-AACGTGATAGTCACTA,2
cut-H3K27me3-AACGTGATATCCTGTA,2
cut-H3K27me3-AACGTGATATTGAGGA,0
cut-H3K27me3-AACGTGATCAACCACA,2
cut-H3K27me3-AACGTGATGACTAGTA,2
cut-H3K27me3-AACGTGATCAATGGAA,2
cut-H3K27me3-AACGTGATCACTTCGA,1
cut-H3K27me3-AACGTGATCAGCGTTA,2
cut-H3K27me3-AACGTGATCATACCAA,1
cut-H3K27me3-AAACATCGAACGTGAT,4
cut-H3K27me3-AAACATCGAAACATCG,0
cut-H3K27me3-AAACATCGATGCCTAA,0
cut-H3K27me3-AAACATCGAGTGGTCA,2
cut-H3K27me3-AAACATCGCGCTGATC,0
cut-H3K27me3-AAACATCGACAAGCTA,4
cut-H3K27me3-AAACATCGCTGTAGCC,4
cut-H3K27me3-AAACATCGAGTACAAG,4
cut-H3K27me3-AAACATCGAACAACCA,0
cut-H3K27me3-AAACATCGAACCGAGA,4
cut-H3K27me3-AAACATCGAACGCTTA,4
cut-H3K27me3-AAACATCGAAGACGGA,7
cut-H3K27me3-AAACATCGAAGGTACA,0
cut-H3K27me3-AAACATCGACACAGAA,4
cut-H3K27me3-AAACATCGACAGCAGA,1
cut-H3K27me3-AAACATCGACCTCCAA,5
cut-H3K27me3-AAACATCGACGCTCGA,0
cut-H3K27me3-AAACATCGACGTATCA,2
cut-H3K27me3-AAACATCGACTATGCA,10
cut-H3K27me3-AAACATCGAGAGTCAA,0
cut-H3K27me3-AAACATCGAGATCGCA,2
cut-H3K27me3-AAACATCGAGCAGGAA,0
cut-H3K27me3-AAACATCGAGTCACTA,2
cut-H3K27me3-AAACATCGATCCTGTA,0
cut-H3K27me3-AAACATCGATTGAGGA,0
cut-H3K27me3-AAACATCGCAACCACA,2
cut-H3K27me3-AAACATCGGACTAGTA,0
cut-H3K27me3-AAACATCGCAATGGAA,2
cut-H3K27me3-AAACATCGCACTTCGA,3
cut-H3K27me3-AAACATCGCAGCGTTA,0
cut-H3K27me3-AAACATCGCATACCAA,0
cut-H3K27me3-AAACATCGCCAGTTCA,3
cut-H3K27me3-AAACATCGCCGAAGTA,7
cut-H3K27me3-AAACATCGCCGTGAGA,3
cut-H3K27me3-AAACATCGCCTCCTGA,7
cut-H3K27me3-AAACATCGCGAACTTA,0
cut-H3K27me3-AAACATCGCGACTGGA,7
cut-H3K27me3-AAACATCGCGCATACA,7
cut-H3K27me3-AAACATCGCTCAATGA,7
cut-H3K27me3-AAACATCGCTGAGCCA,0
cut-H3K27me3-AAACATCGCTGGCATA,0
cut-H3K27me3-AAACATCGGAATCTGA,3
cut-H3K27me3-AAACATCGCAAGACTA,7
cut-H3K27me3-ATGCCTAAAACGTGAT,4
cut-H3K27me3-ATGCCTAAAAACATCG,4
cut-H3K27me3-ATGCCTAAATGCCTAA,4
cut-H3K27me3-ATGCCTAAAGTGGTCA,7
cut-H3K27me3-ATGCCTAAACCACTGT,0
cut-H3K27me3-ATGCCTAAACATTGGC,2
cut-H3K27me3-ATGCCTAACAGATCTG,3
cut-H3K27me3-ATGCCTAACATCAAGT,0
cut-H3K27me3-ATGCCTAACGCTGATC,4
cut-H3K27me3-ATGCCTAAACAAGCTA,4
cut-H3K27me3-ATGCCTAACTGTAGCC,4
cut-H3K27me3-ATGCCTAAAGTACAAG,4
cut-H3K27me3-ATGCCTAAAACAACCA,0
cut-H3K27me3-ATGCCTAAAACCGAGA,4
cut-H3K27me3-ATGCCTAAAACGCTTA,4
cut-H3K27me3-ATGCCTAAAAGACGGA,2
cut-H3K27me3-ATGCCTAAAAGGTACA,4
cut-H3K27me3-ATGCCTAAACACAGAA,4
cut-H3K27me3-ATGCCTAAACAGCAGA,1
cut-H3K27me3-ATGCCTAAACCTCCAA,0
cut-H3K27me3-ATGCCTAAACGCTCGA,0
cut-H3K27me3-ATGCCTAAACGTATCA,0
cut-H3K27me3-ATGCCTAAACTATGCA,0
cut-H3K27me3-ATGCCTAAAGAGTCAA,0
cut-H3K27me3-ATGCCTAAAGATCGCA,0
cut-H3K27me3-ATGCCTAAAGCAGGAA,5
cut-H3K27me3-ATGCCTAAAGTCACTA,3
cut-H3K27me3-ATGCCTAAATCCTGTA,3
cut-H3K27me3-ATGCCTAAATTGAGGA,3
cut-H3K27me3-ATGCCTAACAACCACA,2
cut-H3K27me3-ATGCCTAAGACTAGTA,7
cut-H3K27me3-ATGCCTAACAATGGAA,2
cut-H3K27me3-ATGCCTAACACTTCGA,0
cut-H3K27me3-ATGCCTAACAGCGTTA,3
cut-H3K27me3-ATGCCTAACATACCAA,2
cut-H3K27me3-ATGCCTAACCAGTTCA,0
cut-H3K27me3-ATGCCTAACCGAAGTA,7
cut-H3K27me3-ATGCCTAACCGTGAGA,2
cut-H3K27me3-ATGCCTAACCTCCTGA,7
cut-H3K27me3-ATGCCTAACGAACTTA,2
cut-H3K27me3-ATGCCTAACGACTGGA,7
cut-H3K27me3-ATGCCTAACGCATACA,2
cut-H3K27me3-ATGCCTAACTCAATGA,2
cut-H3K27me3-ATGCCTAACTGAGCCA,2
cut-H3K27me3-ATGCCTAACTGGCATA,7
cut-H3K27me3-ATGCCTAAGAATCTGA,7
cut-H3K27me3-ATGCCTAACAAGACTA,7
cut-H3K27me3-ATGCCTAAGAGCTGAA,7
cut-H3K27me3-ATGCCTAAGATAGACA,0
cut-H3K27me3-ATGCCTAAGCCACATA,3
cut-H3K27me3-AGTGGTCAAACGTGAT,4
cut-H3K27me3-AGTGGTCAAAACATCG,0
cut-H3K27me3-AGTGGTCAATGCCTAA,0
cut-H3K27me3-AGTGGTCAAGTGGTCA,0
cut-H3K27me3-AGTGGTCAACCACTGT,0
cut-H3K27me3-AGTGGTCAACATTGGC,4
cut-H3K27me3-AGTGGTCACAGATCTG,4
cut-H3K27me3-AGTGGTCACATCAAGT,4
cut-H3K27me3-AGTGGTCACGCTGATC,4
cut-H3K27me3-AGTGGTCAACAAGCTA,4
cut-H3K27me3-AGTGGTCACTGTAGCC,4
cut-H3K27me3-AGTGGTCAAGTACAAG,4
cut-H3K27me3-AGTGGTCAAACAACCA,4
cut-H3K27me3-AGTGGTCAAACCGAGA,4
cut-H3K27me3-AGTGGTCAAACGCTTA,4
cut-H3K27me3-AGTGGTCAAAGACGGA,3
cut-H3K27me3-AGTGGTCAAAGGTACA,4
cut-H3K27me3-AGTGGTCAACACAGAA,5
cut-H3K27me3-AGTGGTCAACAGCAGA,0
cut-H3K27me3-AGTGGTCAACCTCCAA,10
cut-H3K27me3-AGTGGTCAACGCTCGA,10
cut-H3K27me3-AGTGGTCAACGTATCA,1
cut-H3K27me3-AGTGGTCAACTATGCA,0
cut-H3K27me3-AGTGGTCAAGAGTCAA,0
cut-H3K27me3-AGTGGTCAAGATCGCA,2
cut-H3K27me3-AGTGGTCAAGCAGGAA,9
cut-H3K27me3-AGTGGTCAAGTCACTA,5
cut-H3K27me3-AGTGGTCAATCCTGTA,0
cut-H3K27me3-AGTGGTCAATTGAGGA,2
cut-H3K27me3-AGTGGTCACACTTCGA,0
cut-H3K27me3-AGTGGTCACAGCGTTA,3
cut-H3K27me3-AGTGGTCACATACCAA,7
cut-H3K27me3-AGTGGTCACCAGTTCA,7
cut-H3K27me3-AGTGGTCACCGAAGTA,7
cut-H3K27me3-AGTGGTCACCGTGAGA,2
cut-H3K27me3-AGTGGTCACCTCCTGA,7
cut-H3K27me3-AGTGGTCACGAACTTA,2
cut-H3K27me3-AGTGGTCACGACTGGA,2
cut-H3K27me3-AGTGGTCACGCATACA,7
cut-H3K27me3-AGTGGTCACTCAATGA,0
cut-H3K27me3-AGTGGTCACTGAGCCA,0
cut-H3K27me3-AGTGGTCACTGGCATA,1
cut-H3K27me3-AGTGGTCAGAATCTGA,3
cut-H3K27me3-AGTGGTCACAAGACTA,2
cut-H3K27me3-AGTGGTCAGAGCTGAA,0
cut-H3K27me3-AGTGGTCAGATAGACA,7
cut-H3K27me3-AGTGGTCAGCCACATA,7
cut-H3K27me3-ACCACTGTAACGTGAT,4
cut-H3K27me3-ACCACTGTAAACATCG,0
cut-H3K27me3-ACCACTGTATGCCTAA,3
cut-H3K27me3-ACCACTGTAGTGGTCA,7
cut-H3K27me3-ACCACTGTACCACTGT,0
cut-H3K27me3-ACCACTGTACATTGGC,4
cut-H3K27me3-ACCACTGTCAGATCTG,4
cut-H3K27me3-ACCACTGTCATCAAGT,4
cut-H3K27me3-ACCACTGTCGCTGATC,4
cut-H3K27me3-ACCACTGTACAAGCTA,4
cut-H3K27me3-ACCACTGTCTGTAGCC,4
cut-H3K27me3-ACCACTGTAGTACAAG,0
cut-H3K27me3-ACCACTGTAACAACCA,0
cut-H3K27me3-ACCACTGTAACCGAGA,4
cut-H3K27me3-ACCACTGTAACGCTTA,5
cut-H3K27me3-ACCACTGTAAGACGGA,10
cut-H3K27me3-ACCACTGTAAGGTACA,1
cut-H3K27me3-ACCACTGTACACAGAA,1
cut-H3K27me3-ACCACTGTACAGCAGA,11
cut-H3K27me3-ACCACTGTACCTCCAA,5
cut-H3K27me3-ACCACTGTACGCTCGA,0
cut-H3K27me3-ACCACTGTACGTATCA,3
cut-H3K27me3-ACCACTGTACTATGCA,10
cut-H3K27me3-ACCACTGTAGAGTCAA,0
cut-H3K27me3-ACCACTGTAGATCGCA,2
cut-H3K27me3-ACCACTGTAGCAGGAA,9
cut-H3K27me3-ACCACTGTAGTCACTA,4
cut-H3K27me3-ACCACTGTATCCTGTA,4
cut-H3K27me3-ACCACTGTATTGAGGA,0
cut-H3K27me3-ACCACTGTCAACCACA,2
cut-H3K27me3-ACCACTGTCACTTCGA,0
cut-H3K27me3-ACCACTGTCAGCGTTA,2
cut-H3K27me3-ACCACTGTCATACCAA,3
cut-H3K27me3-ACCACTGTCCAGTTCA,0
cut-H3K27me3-ACCACTGTCCGAAGTA,0
cut-H3K27me3-ACCACTGTCCGTGAGA,3
cut-H3K27me3-ACCACTGTCCTCCTGA,7
cut-H3K27me3-ACCACTGTCGAACTTA,0
cut-H3K27me3-ACCACTGTCGACTGGA,5
cut-H3K27me3-ACCACTGTCGCATACA,2
cut-H3K27me3-ACCACTGTCTCAATGA,1
cut-H3K27me3-ACCACTGTCTGAGCCA,1
cut-H3K27me3-ACCACTGTCTGGCATA,5
cut-H3K27me3-ACCACTGTGAATCTGA,4
cut-H3K27me3-ACCACTGTCAAGACTA,0
cut-H3K27me3-ACCACTGTGAGCTGAA,0
cut-H3K27me3-ACCACTGTGATAGACA,2
cut-H3K27me3-ACCACTGTGCCACATA,7
cut-H3K27me3-ACATTGGCAACGTGAT,4
cut-H3K27me3-ACATTGGCAAACATCG,4
cut-H3K27me3-ACATTGGCATGCCTAA,0
cut-H3K27me3-ACATTGGCAGTGGTCA,7
cut-H3K27me3-ACATTGGCACCACTGT,0
cut-H3K27me3-ACATTGGCACATTGGC,4
cut-H3K27me3-ACATTGGCCAGATCTG,4
cut-H3K27me3-ACATTGGCCATCAAGT,4
cut-H3K27me3-ACATTGGCCGCTGATC,0
cut-H3K27me3-ACATTGGCACAAGCTA,0
cut-H3K27me3-ACATTGGCCTGTAGCC,0
cut-H3K27me3-ACATTGGCAGTACAAG,0
cut-H3K27me3-ACATTGGCAACAACCA,0
cut-H3K27me3-ACATTGGCAACCGAGA,4
cut-H3K27me3-ACATTGGCAACGCTTA,5
cut-H3K27me3-ACATTGGCAAGACGGA,0
cut-H3K27me3-ACATTGGCAAGGTACA,5
cut-H3K27me3-ACATTGGCACACAGAA,5
cut-H3K27me3-ACATTGGCACAGCAGA,0
cut-H3K27me3-ACATTGGCACCTCCAA,5
cut-H3K27me3-ACATTGGCACGCTCGA,3
cut-H3K27me3-ACATTGGCACGTATCA,0
cut-H3K27me3-ACATTGGCACTATGCA,0
cut-H3K27me3-ACATTGGCAGAGTCAA,0
cut-H3K27me3-ACATTGGCAGATCGCA,0
cut-H3K27me3-ACATTGGCAGCAGGAA,4
cut-H3K27me3-ACATTGGCAGTCACTA,1
cut-H3K27me3-ACATTGGCATCCTGTA,0
cut-H3K27me3-ACATTGGCGACTAGTA,0
cut-H3K27me3-ACATTGGCCACTTCGA,0
cut-H3K27me3-ACATTGGCCATACCAA,1
cut-H3K27me3-ACATTGGCCCAGTTCA,9
cut-H3K27me3-ACATTGGCCCGAAGTA,1
cut-H3K27me3-ACATTGGCCCGTGAGA,1
cut-H3K27me3-ACATTGGCCGACTGGA,4
cut-H3K27me3-ACATTGGCCGCATACA,0
cut-H3K27me3-ACATTGGCCTCAATGA,5
cut-H3K27me3-ACATTGGCCTGAGCCA,4
cut-H3K27me3-ACATTGGCCTGGCATA,5
cut-H3K27me3-ACATTGGCGAATCTGA,1
cut-H3K27me3-ACATTGGCCAAGACTA,5
cut-H3K27me3-ACATTGGCGAGCTGAA,2
cut-H3K27me3-ACATTGGCGATAGACA,0
cut-H3K27me3-ACATTGGCGCCACATA,7
cut-H3K27me3-CAGATCTGAACGTGAT,2
cut-H3K27me3-CAGATCTGAAACATCG,2
cut-H3K27me3-CAGATCTGATGCCTAA,2
cut-H3K27me3-CAGATCTGAGTGGTCA,2
cut-H3K27me3-CAGATCTGACCACTGT,7
cut-H3K27me3-CAGATCTGACATTGGC,7
cut-H3K27me3-CAGATCTGCAGATCTG,7
cut-H3K27me3-CAGATCTGCATCAAGT,2
cut-H3K27me3-CAGATCTGCGCTGATC,7
cut-H3K27me3-CAGATCTGACAAGCTA,7
cut-H3K27me3-CAGATCTGCTGTAGCC,7
cut-H3K27me3-CAGATCTGAGTACAAG,7
cut-H3K27me3-CAGATCTGAACAACCA,2
cut-H3K27me3-CAGATCTGAACCGAGA,2
cut-H3K27me3-CAGATCTGAACGCTTA,2
cut-H3K27me3-CAGATCTGAAGACGGA,7
cut-H3K27me3-CAGATCTGAAGGTACA,7
cut-H3K27me3-CAGATCTGACACAGAA,7
cut-H3K27me3-CAGATCTGACAGCAGA,2
cut-H3K27me3-CAGATCTGACCTCCAA,7
cut-H3K27me3-CAGATCTGACGCTCGA,7
cut-H3K27me3-CAGATCTGACGTATCA,7
cut-H3K27me3-CAGATCTGACTATGCA,2
cut-H3K27me3-CAGATCTGAGAGTCAA,2
cut-H3K27me3-CAGATCTGAGATCGCA,7
cut-H3K27me3-CAGATCTGAGCAGGAA,7
cut-H3K27me3-CAGATCTGCATACCAA,2
cut-H3K27me3-CAGATCTGCGAACTTA,2
cut-H3K27me3-CAGATCTGCGACTGGA,3
cut-H3K27me3-CAGATCTGCGCATACA,2
cut-H3K27me3-CAGATCTGCTCAATGA,2
cut-H3K27me3-CAGATCTGCTGAGCCA,2
cut-H3K27me3-CAGATCTGCTGGCATA,7
cut-H3K27me3-CAGATCTGGAATCTGA,7
cut-H3K27me3-CAGATCTGCAAGACTA,2
cut-H3K27me3-CAGATCTGGAGCTGAA,2
cut-H3K27me3-CAGATCTGGATAGACA,7
cut-H3K27me3-CAGATCTGGCCACATA,7
cut-H3K27me3-CATCAAGTAACGTGAT,7
cut-H3K27me3-CATCAAGTAAACATCG,7
cut-H3K27me3-CATCAAGTATGCCTAA,2
cut-H3K27me3-CATCAAGTAGTGGTCA,2
cut-H3K27me3-CATCAAGTACCACTGT,2
cut-H3K27me3-CATCAAGTACATTGGC,7
cut-H3K27me3-CATCAAGTCAGATCTG,7
cut-H3K27me3-CATCAAGTCATCAAGT,7
cut-H3K27me3-CATCAAGTCGCTGATC,2
cut-H3K27me3-CATCAAGTACAAGCTA,2
cut-H3K27me3-CATCAAGTCTGTAGCC,7
cut-H3K27me3-CATCAAGTAGTACAAG,7
cut-H3K27me3-CATCAAGTAACAACCA,2
cut-H3K27me3-CATCAAGTAACCGAGA,7
cut-H3K27me3-CATCAAGTAACGCTTA,7
cut-H3K27me3-CATCAAGTAAGACGGA,7
cut-H3K27me3-CATCAAGTAAGGTACA,2
cut-H3K27me3-CATCAAGTACACAGAA,7
cut-H3K27me3-CATCAAGTACAGCAGA,2
cut-H3K27me3-CATCAAGTACCTCCAA,2
cut-H3K27me3-CATCAAGTACGCTCGA,2
cut-H3K27me3-CATCAAGTACGTATCA,7
cut-H3K27me3-CATCAAGTACTATGCA,2
cut-H3K27me3-CATCAAGTAGAGTCAA,2
cut-H3K27me3-CATCAAGTAGATCGCA,7
cut-H3K27me3-CATCAAGTAGCAGGAA,7
cut-H3K27me3-CATCAAGTAGTCACTA,2
cut-H3K27me3-CATCAAGTCAATGGAA,7
cut-H3K27me3-CATCAAGTCACTTCGA,2
cut-H3K27me3-CATCAAGTCAGCGTTA,2
cut-H3K27me3-CATCAAGTCCTCCTGA,7
cut-H3K27me3-CATCAAGTCGAACTTA,7
cut-H3K27me3-CATCAAGTCGACTGGA,2
cut-H3K27me3-CATCAAGTCGCATACA,2
cut-H3K27me3-CATCAAGTCTCAATGA,7
cut-H3K27me3-CATCAAGTCTGAGCCA,7
cut-H3K27me3-CATCAAGTCTGGCATA,7
cut-H3K27me3-CATCAAGTGAATCTGA,7
cut-H3K27me3-CATCAAGTCAAGACTA,7
cut-H3K27me3-CATCAAGTGAGCTGAA,2
cut-H3K27me3-CATCAAGTGATAGACA,7
cut-H3K27me3-CATCAAGTGCCACATA,7
cut-H3K27me3-CGCTGATCAACGTGAT,4
cut-H3K27me3-CGCTGATCAAACATCG,4
cut-H3K27me3-CGCTGATCATGCCTAA,4
cut-H3K27me3-CGCTGATCAGTGGTCA,0
cut-H3K27me3-CGCTGATCACCACTGT,0
cut-H3K27me3-CGCTGATCACATTGGC,4
cut-H3K27me3-CGCTGATCCAGATCTG,4
cut-H3K27me3-CGCTGATCCATCAAGT,4
cut-H3K27me3-CGCTGATCCGCTGATC,4
cut-H3K27me3-CGCTGATCACAAGCTA,4
cut-H3K27me3-CGCTGATCCTGTAGCC,5
cut-H3K27me3-CGCTGATCAGTACAAG,4
cut-H3K27me3-CGCTGATCAACAACCA,4
cut-H3K27me3-CGCTGATCAACCGAGA,5
cut-H3K27me3-CGCTGATCAACGCTTA,0
cut-H3K27me3-CGCTGATCAAGACGGA,0
cut-H3K27me3-CGCTGATCAAGGTACA,5
cut-H3K27me3-CGCTGATCACACAGAA,5
cut-H3K27me3-CGCTGATCACAGCAGA,11
cut-H3K27me3-CGCTGATCACCTCCAA,3
cut-H3K27me3-CGCTGATCACGCTCGA,3
cut-H3K27me3-CGCTGATCACGTATCA,0
cut-H3K27me3-CGCTGATCACTATGCA,10
cut-H3K27me3-CGCTGATCAGAGTCAA,1
cut-H3K27me3-CGCTGATCAGATCGCA,3
cut-H3K27me3-CGCTGATCAGCAGGAA,9
cut-H3K27me3-CGCTGATCAGTCACTA,4
cut-H3K27me3-CGCTGATCATCCTGTA,1
cut-H3K27me3-CGCTGATCCAATGGAA,7
cut-H3K27me3-CGCTGATCCACTTCGA,1
cut-H3K27me3-CGCTGATCCCAGTTCA,0
cut-H3K27me3-CGCTGATCCCGAAGTA,4
cut-H3K27me3-CGCTGATCCCGTGAGA,4
cut-H3K27me3-CGCTGATCCCTCCTGA,4
cut-H3K27me3-CGCTGATCCGAACTTA,4
cut-H3K27me3-CGCTGATCCGACTGGA,4
cut-H3K27me3-CGCTGATCCGCATACA,5
cut-H3K27me3-CGCTGATCCTCAATGA,1
cut-H3K27me3-CGCTGATCCTGAGCCA,1
cut-H3K27me3-CGCTGATCCTGGCATA,5
cut-H3K27me3-CGCTGATCGAATCTGA,4
cut-H3K27me3-CGCTGATCCAAGACTA,5
cut-H3K27me3-CGCTGATCGAGCTGAA,1
cut-H3K27me3-CGCTGATCGATAGACA,0
cut-H3K27me3-CGCTGATCGCCACATA,0
cut-H3K27me3-ACAAGCTAAACGTGAT,4
cut-H3K27me3-ACAAGCTAAAACATCG,4
cut-H3K27me3-ACAAGCTAATGCCTAA,4
cut-H3K27me3-ACAAGCTAAGTGGTCA,0
cut-H3K27me3-ACAAGCTAACCACTGT,7
cut-H3K27me3-ACAAGCTAACATTGGC,2
cut-H3K27me3-ACAAGCTACAGATCTG,3
cut-H3K27me3-ACAAGCTACATCAAGT,0
cut-H3K27me3-ACAAGCTACGCTGATC,2
cut-H3K27me3-ACAAGCTAACAAGCTA,3
cut-H3K27me3-ACAAGCTACTGTAGCC,2
cut-H3K27me3-ACAAGCTAAGTACAAG,7
cut-H3K27me3-ACAAGCTAAACAACCA,7
cut-H3K27me3-ACAAGCTAAACCGAGA,7
cut-H3K27me3-ACAAGCTAAACGCTTA,7
cut-H3K27me3-ACAAGCTAAAGACGGA,7
cut-H3K27me3-ACAAGCTAAAGGTACA,2
cut-H3K27me3-ACAAGCTAACACAGAA,7
cut-H3K27me3-ACAAGCTAACAGCAGA,0
cut-H3K27me3-ACAAGCTAACCTCCAA,2
cut-H3K27me3-ACAAGCTAACGCTCGA,2
cut-H3K27me3-ACAAGCTAACGTATCA,0
cut-H3K27me3-ACAAGCTAACTATGCA,7
cut-H3K27me3-ACAAGCTAAGAGTCAA,0
cut-H3K27me3-ACAAGCTAAGATCGCA,2
cut-H3K27me3-ACAAGCTAAGCAGGAA,5
cut-H3K27me3-ACAAGCTAAGTCACTA,0
cut-H3K27me3-ACAAGCTAATCCTGTA,0
cut-H3K27me3-ACAAGCTACAGCGTTA,0
cut-H3K27me3-ACAAGCTACATACCAA,4
cut-H3K27me3-ACAAGCTACCAGTTCA,4
cut-H3K27me3-ACAAGCTACCGAAGTA,4
cut-H3K27me3-ACAAGCTACCGTGAGA,5
cut-H3K27me3-ACAAGCTACCTCCTGA,0
cut-H3K27me3-ACAAGCTACGAACTTA,4
cut-H3K27me3-ACAAGCTACGACTGGA,4
cut-H3K27me3-ACAAGCTACGCATACA,7
cut-H3K27me3-ACAAGCTACTCAATGA,5
cut-H3K27me3-ACAAGCTACTGAGCCA,3
cut-H3K27me3-ACAAGCTACTGGCATA,1
cut-H3K27me3-ACAAGCTAGAATCTGA,3
cut-H3K27me3-ACAAGCTACAAGACTA,0
cut-H3K27me3-ACAAGCTAGAGCTGAA,10
cut-H3K27me3-ACAAGCTAGATAGACA,7
cut-H3K27me3-ACAAGCTAGCCACATA,2
cut-H3K27me3-CTGTAGCCAACGTGAT,11
cut-H3K27me3-CTGTAGCCAAACATCG,0
cut-H3K27me3-CTGTAGCCATGCCTAA,3
cut-H3K27me3-CTGTAGCCAGTGGTCA,2
cut-H3K27me3-CTGTAGCCACCACTGT,2
cut-H3K27me3-CTGTAGCCACATTGGC,0
cut-H3K27me3-CTGTAGCCCAGATCTG,2
cut-H3K27me3-CTGTAGCCCATCAAGT,0
cut-H3K27me3-CTGTAGCCCGCTGATC,0
cut-H3K27me3-CTGTAGCCACAAGCTA,3
cut-H3K27me3-CTGTAGCCCTGTAGCC,7
cut-H3K27me3-CTGTAGCCAGTACAAG,2
cut-H3K27me3-CTGTAGCCAACAACCA,7
cut-H3K27me3-CTGTAGCCAACCGAGA,2
cut-H3K27me3-CTGTAGCCAACGCTTA,2
cut-H3K27me3-CTGTAGCCAAGACGGA,2
cut-H3K27me3-CTGTAGCCAAGGTACA,2
cut-H3K27me3-CTGTAGCCACACAGAA,2
cut-H3K27me3-CTGTAGCCACAGCAGA,2
cut-H3K27me3-CTGTAGCCACCTCCAA,0
cut-H3K27me3-CTGTAGCCACGCTCGA,7
cut-H3K27me3-CTGTAGCCACGTATCA,3
cut-H3K27me3-CTGTAGCCACTATGCA,7
cut-H3K27me3-CTGTAGCCAGAGTCAA,0
cut-H3K27me3-CTGTAGCCAGATCGCA,2
cut-H3K27me3-CTGTAGCCAGCAGGAA,5
cut-H3K27me3-CTGTAGCCAGTCACTA,5
cut-H3K27me3-CTGTAGCCATCCTGTA,0
cut-H3K27me3-CTGTAGCCATTGAGGA,0
cut-H3K27me3-CTGTAGCCCACTTCGA,4
cut-H3K27me3-CTGTAGCCCAGCGTTA,4
cut-H3K27me3-CTGTAGCCCATACCAA,4
cut-H3K27me3-CTGTAGCCCCAGTTCA,0
cut-H3K27me3-CTGTAGCCCCGAAGTA,0
cut-H3K27me3-CTGTAGCCCCGTGAGA,1
cut-H3K27me3-CTGTAGCCCCTCCTGA,0
cut-H3K27me3-CTGTAGCCCGAACTTA,0
cut-H3K27me3-CTGTAGCCCGACTGGA,5
cut-H3K27me3-CTGTAGCCCGCATACA,0
cut-H3K27me3-CTGTAGCCCTCAATGA,5
cut-H3K27me3-CTGTAGCCCTGAGCCA,5
cut-H3K27me3-CTGTAGCCCTGGCATA,0
cut-H3K27me3-CTGTAGCCGAATCTGA,3
cut-H3K27me3-CTGTAGCCCAAGACTA,7
cut-H3K27me3-CTGTAGCCGAGCTGAA,2
cut-H3K27me3-CTGTAGCCGATAGACA,7
cut-H3K27me3-CTGTAGCCGCCACATA,7
cut-H3K27me3-AGTACAAGAACGTGAT,4
cut-H3K27me3-AGTACAAGAAACATCG,0
cut-H3K27me3-AGTACAAGATGCCTAA,11
cut-H3K27me3-AGTACAAGAGTGGTCA,0
cut-H3K27me3-AGTACAAGACCACTGT,0
cut-H3K27me3-AGTACAAGACATTGGC,2
cut-H3K27me3-AGTACAAGCAGATCTG,3
cut-H3K27me3-AGTACAAGCATCAAGT,3
cut-H3K27me3-AGTACAAGCGCTGATC,0
cut-H3K27me3-AGTACAAGACAAGCTA,3
cut-H3K27me3-AGTACAAGCTGTAGCC,7
cut-H3K27me3-AGTACAAGAGTACAAG,7
cut-H3K27me3-AGTACAAGAACAACCA,2
cut-H3K27me3-AGTACAAGAACCGAGA,7
cut-H3K27me3-AGTACAAGAACGCTTA,7
cut-H3K27me3-AGTACAAGAAGACGGA,2
cut-H3K27me3-AGTACAAGAAGGTACA,7
cut-H3K27me3-AGTACAAGACACAGAA,7
cut-H3K27me3-AGTACAAGACAGCAGA,2
cut-H3K27me3-AGTACAAGACCTCCAA,7
cut-H3K27me3-AGTACAAGACGCTCGA,7
cut-H3K27me3-AGTACAAGACGTATCA,0
cut-H3K27me3-AGTACAAGACTATGCA,2
cut-H3K27me3-AGTACAAGAGAGTCAA,10
cut-H3K27me3-AGTACAAGAGATCGCA,2
cut-H3K27me3-AGTACAAGAGCAGGAA,5
cut-H3K27me3-AGTACAAGAGTCACTA,5
cut-H3K27me3-AGTACAAGATCCTGTA,4
cut-H3K27me3-AGTACAAGATTGAGGA,0
cut-H3K27me3-AGTACAAGCAACCACA,0
cut-H3K27me3-AGTACAAGGACTAGTA,0
cut-H3K27me3-AGTACAAGCAATGGAA,7
cut-H3K27me3-AGTACAAGCACTTCGA,4
cut-H3K27me3-AGTACAAGCAGCGTTA,0
cut-H3K27me3-AGTACAAGCATACCAA,0
cut-H3K27me3-AGTACAAGCCAGTTCA,3
cut-H3K27me3-AGTACAAGCCGAAGTA,0
cut-H3K27me3-AGTACAAGCCGTGAGA,0
cut-H3K27me3-AGTACAAGCCTCCTGA,0
cut-H3K27me3-AGTACAAGCGAACTTA,5
cut-H3K27me3-AGTACAAGCGACTGGA,5
cut-H3K27me3-AGTACAAGCGCATACA,0
cut-H3K27me3-AGTACAAGCTCAATGA,10
cut-H3K27me3-AGTACAAGCTGAGCCA,2
cut-H3K27me3-AGTACAAGCTGGCATA,2
cut-H3K27me3-AGTACAAGGAATCTGA,7
cut-H3K27me3-AGTACAAGCAAGACTA,2
cut-H3K27me3-AGTACAAGGAGCTGAA,7
cut-H3K27me3-AGTACAAGGATAGACA,7
cut-H3K27me3-AGTACAAGGCCACATA,0
cut-H3K27me3-AACAACCAAACGTGAT,5
cut-H3K27me3-AACAACCAAAACATCG,3
cut-H3K27me3-AACAACCAATGCCTAA,5
cut-H3K27me3-AACAACCAAGTGGTCA,2
cut-H3K27me3-AACAACCAACCACTGT,2
cut-H3K27me3-AACAACCAACATTGGC,0
cut-H3K27me3-AACAACCACAGATCTG,2
cut-H3K27me3-AACAACCACATCAAGT,9
cut-H3K27me3-AACAACCACGCTGATC,0
cut-H3K27me3-AACAACCAACAAGCTA,7
cut-H3K27me3-AACAACCACTGTAGCC,7
cut-H3K27me3-AACAACCAAGTACAAG,7
cut-H3K27me3-AACAACCAAACAACCA,2
cut-H3K27me3-AACAACCAAACCGAGA,2
cut-H3K27me3-AACAACCAAACGCTTA,7
cut-H3K27me3-AACAACCAAAGACGGA,2
cut-H3K27me3-AACAACCAAAGGTACA,7
cut-H3K27me3-AACAACCAACACAGAA,2
cut-H3K27me3-AACAACCAACAGCAGA,7
cut-H3K27me3-AACAACCAACCTCCAA,0
cut-H3K27me3-AACAACCAACGCTCGA,2
cut-H3K27me3-AACAACCAACGTATCA,0
cut-H3K27me3-AACAACCAACTATGCA,2
cut-H3K27me3-AACAACCAAGAGTCAA,2
cut-H3K27me3-AACAACCAAGATCGCA,7
cut-H3K27me3-AACAACCAAGCAGGAA,5
cut-H3K27me3-AACAACCAAGTCACTA,4
cut-H3K27me3-AACAACCAATCCTGTA,4
cut-H3K27me3-AACAACCAATTGAGGA,0
cut-H3K27me3-AACAACCACAACCACA,7
cut-H3K27me3-AACAACCAGACTAGTA,0
cut-H3K27me3-AACAACCACAATGGAA,7
cut-H3K27me3-AACAACCACACTTCGA,0
cut-H3K27me3-AACAACCACAGCGTTA,2
cut-H3K27me3-AACAACCACATACCAA,2
cut-H3K27me3-AACAACCACCAGTTCA,2
cut-H3K27me3-AACAACCACCGAAGTA,3
cut-H3K27me3-AACAACCACCGTGAGA,3
cut-H3K27me3-AACAACCACCTCCTGA,3
cut-H3K27me3-AACAACCACGAACTTA,10
cut-H3K27me3-AACAACCACGACTGGA,5
cut-H3K27me3-AACAACCACGCATACA,2
cut-H3K27me3-AACAACCACTCAATGA,7
cut-H3K27me3-AACAACCACTGAGCCA,7
cut-H3K27me3-AACAACCACTGGCATA,2
cut-H3K27me3-AACAACCAGAATCTGA,7
cut-H3K27me3-AACAACCACAAGACTA,7
cut-H3K27me3-AACAACCAGAGCTGAA,7
cut-H3K27me3-AACAACCAGATAGACA,2
cut-H3K27me3-AACAACCAGCCACATA,2
cut-H3K27me3-AACCGAGAAACGTGAT,5
cut-H3K27me3-AACCGAGAAAACATCG,5
cut-H3K27me3-AACCGAGAATGCCTAA,4
cut-H3K27me3-AACCGAGAAGTGGTCA,7
cut-H3K27me3-AACCGAGAACCACTGT,7
cut-H3K27me3-AACCGAGAACATTGGC,7
cut-H3K27me3-AACCGAGACAGATCTG,2
cut-H3K27me3-AACCGAGACATCAAGT,5
cut-H3K27me3-AACCGAGACGCTGATC,3
cut-H3K27me3-AACCGAGAACAAGCTA,2
cut-H3K27me3-AACCGAGACTGTAGCC,7
cut-H3K27me3-AACCGAGAAGTACAAG,2
cut-H3K27me3-AACCGAGAAACAACCA,7
cut-H3K27me3-AACCGAGAAACCGAGA,7
cut-H3K27me3-AACCGAGAAACGCTTA,2
cut-H3K27me3-AACCGAGAAAGACGGA,7
cut-H3K27me3-AACCGAGAAAGGTACA,7
cut-H3K27me3-AACCGAGAACACAGAA,7
cut-H3K27me3-AACCGAGAACAGCAGA,2
cut-H3K27me3-AACCGAGAACCTCCAA,7
cut-H3K27me3-AACCGAGAACGCTCGA,2
cut-H3K27me3-AACCGAGAACGTATCA,0
cut-H3K27me3-AACCGAGAACTATGCA,7
cut-H3K27me3-AACCGAGAAGAGTCAA,7
cut-H3K27me3-AACCGAGAAGATCGCA,7
cut-H3K27me3-AACCGAGAAGCAGGAA,9
cut-H3K27me3-AACCGAGAAGTCACTA,3
cut-H3K27me3-AACCGAGAATCCTGTA,5
cut-H3K27me3-AACCGAGAATTGAGGA,0
cut-H3K27me3-AACCGAGACAACCACA,2
cut-H3K27me3-AACCGAGAGACTAGTA,0
cut-H3K27me3-AACCGAGACAATGGAA,2
cut-H3K27me3-AACCGAGACACTTCGA,3
cut-H3K27me3-AACCGAGACAGCGTTA,2
cut-H3K27me3-AACCGAGACATACCAA,3
cut-H3K27me3-AACCGAGACCAGTTCA,3
cut-H3K27me3-AACCGAGACCGAAGTA,1
cut-H3K27me3-AACCGAGACCGTGAGA,3
cut-H3K27me3-AACCGAGACCTCCTGA,0
cut-H3K27me3-AACCGAGACGAACTTA,2
cut-H3K27me3-AACCGAGACGACTGGA,7
cut-H3K27me3-AACCGAGACGCATACA,2
cut-H3K27me3-AACCGAGACTCAATGA,2
cut-H3K27me3-AACCGAGACTGAGCCA,7
cut-H3K27me3-AACCGAGACTGGCATA,7
cut-H3K27me3-AACCGAGAGAATCTGA,7
cut-H3K27me3-AACCGAGACAAGACTA,2
cut-H3K27me3-AACCGAGAGAGCTGAA,0
cut-H3K27me3-AACCGAGAGATAGACA,6
cut-H3K27me3-AACCGAGAGCCACATA,2
cut-H3K27me3-AACGCTTAAACGTGAT,4
cut-H3K27me3-AACGCTTAAAACATCG,4
cut-H3K27me3-AACGCTTAATGCCTAA,4
cut-H3K27me3-AACGCTTAAGTGGTCA,7
cut-H3K27me3-AACGCTTAACCACTGT,7
cut-H3K27me3-AACGCTTAACATTGGC,0
cut-H3K27me3-AACGCTTACAGATCTG,3
cut-H3K27me3-AACGCTTACATCAAGT,5
cut-H3K27me3-AACGCTTACGCTGATC,10
cut-H3K27me3-AACGCTTAACAAGCTA,0
cut-H3K27me3-AACGCTTACTGTAGCC,2
cut-H3K27me3-AACGCTTAAGTACAAG,2
cut-H3K27me3-AACGCTTAAACAACCA,2
cut-H3K27me3-AACGCTTAAACCGAGA,3
cut-H3K27me3-AACGCTTAAACGCTTA,7
cut-H3K27me3-AACGCTTAAAGACGGA,7
cut-H3K27me3-AACGCTTAAAGGTACA,7
cut-H3K27me3-AACGCTTAACACAGAA,7
cut-H3K27me3-AACGCTTAACAGCAGA,6
cut-H3K27me3-AACGCTTAACCTCCAA,2
cut-H3K27me3-AACGCTTAACGCTCGA,7
cut-H3K27me3-AACGCTTAACGTATCA,0
cut-H3K27me3-AACGCTTAACTATGCA,2
cut-H3K27me3-AACGCTTAAGAGTCAA,2
cut-H3K27me3-AACGCTTAAGATCGCA,2
cut-H3K27me3-AACGCTTAAGCAGGAA,9
cut-H3K27me3-AACGCTTAAGTCACTA,0
cut-H3K27me3-AACGCTTAATCCTGTA,0
cut-H3K27me3-AACGCTTAATTGAGGA,0
cut-H3K27me3-AACGCTTACAACCACA,0
cut-H3K27me3-AACGCTTAGACTAGTA,3
cut-H3K27me3-AACGCTTACAATGGAA,6
cut-H3K27me3-AACGCTTACACTTCGA,3
cut-H3K27me3-AACGCTTACAGCGTTA,0
cut-H3K27me3-AACGCTTACATACCAA,0
cut-H3K27me3-AACGCTTACCAGTTCA,7
cut-H3K27me3-AACGCTTACCGAAGTA,3
cut-H3K27me3-AACGCTTACCGTGAGA,3
cut-H3K27me3-AACGCTTACCTCCTGA,7
cut-H3K27me3-AACGCTTACGAACTTA,7
cut-H3K27me3-AACGCTTACGACTGGA,2
cut-H3K27me3-AACGCTTACGCATACA,7
cut-H3K27me3-AACGCTTACTCAATGA,7
cut-H3K27me3-AACGCTTACTGAGCCA,7
cut-H3K27me3-AACGCTTACTGGCATA,0
cut-H3K27me3-AACGCTTAGAATCTGA,7
cut-H3K27me3-AACGCTTACAAGACTA,2
cut-H3K27me3-AACGCTTAGAGCTGAA,2
cut-H3K27me3-AACGCTTAGATAGACA,2
cut-H3K27me3-AACGCTTAGCCACATA,7
cut-H3K27me3-AAGACGGAAACGTGAT,4
cut-H3K27me3-AAGACGGAAAACATCG,4
cut-H3K27me3-AAGACGGAATGCCTAA,0
cut-H3K27me3-AAGACGGAAGTGGTCA,7
cut-H3K27me3-AAGACGGAACCACTGT,0
cut-H3K27me3-AAGACGGAACATTGGC,4
cut-H3K27me3-AAGACGGACAGATCTG,11
cut-H3K27me3-AAGACGGACATCAAGT,9
cut-H3K27me3-AAGACGGACGCTGATC,0
cut-H3K27me3-AAGACGGAACAAGCTA,1
cut-H3K27me3-AAGACGGACTGTAGCC,1
cut-H3K27me3-AAGACGGAAGTACAAG,9
cut-H3K27me3-AAGACGGAAACAACCA,3
cut-H3K27me3-AAGACGGAAACCGAGA,2
cut-H3K27me3-AAGACGGAAACGCTTA,7
cut-H3K27me3-AAGACGGAAAGACGGA,2
cut-H3K27me3-AAGACGGAAAGGTACA,7
cut-H3K27me3-AAGACGGAACACAGAA,2
cut-H3K27me3-AAGACGGAACAGCAGA,7
cut-H3K27me3-AAGACGGAACCTCCAA,7
cut-H3K27me3-AAGACGGAACGCTCGA,2
cut-H3K27me3-AAGACGGAACGTATCA,3
cut-H3K27me3-AAGACGGAACTATGCA,2
cut-H3K27me3-AAGACGGAAGAGTCAA,7
cut-H3K27me3-AAGACGGAAGATCGCA,2
cut-H3K27me3-AAGACGGAAGCAGGAA,1
cut-H3K27me3-AAGACGGAAGTCACTA,3
cut-H3K27me3-AAGACGGAATCCTGTA,1
cut-H3K27me3-AAGACGGAATTGAGGA,0
cut-H3K27me3-AAGACGGACAACCACA,7
cut-H3K27me3-AAGACGGAGACTAGTA,3
cut-H3K27me3-AAGACGGACAATGGAA,2
cut-H3K27me3-AAGACGGACACTTCGA,0
cut-H3K27me3-AAGACGGACAGCGTTA,7
cut-H3K27me3-AAGACGGACATACCAA,0
cut-H3K27me3-AAGACGGACCAGTTCA,0
cut-H3K27me3-AAGACGGACCGAAGTA,0
cut-H3K27me3-AAGACGGACCGTGAGA,3
cut-H3K27me3-AAGACGGACCTCCTGA,2
cut-H3K27me3-AAGACGGACGAACTTA,2
cut-H3K27me3-AAGACGGACGACTGGA,7
cut-H3K27me3-AAGACGGACGCATACA,6
cut-H3K27me3-AAGACGGACTCAATGA,7
cut-H3K27me3-AAGACGGACTGAGCCA,2
cut-H3K27me3-AAGACGGACTGGCATA,7
cut-H3K27me3-AAGACGGAGAATCTGA,7
cut-H3K27me3-AAGACGGACAAGACTA,2
cut-H3K27me3-AAGACGGAGAGCTGAA,7
cut-H3K27me3-AAGACGGAGATAGACA,2
cut-H3K27me3-AAGACGGAGCCACATA,2
cut-H3K27me3-AAGGTACAAACGTGAT,4
cut-H3K27me3-AAGGTACAAAACATCG,4
cut-H3K27me3-AAGGTACAATGCCTAA,3
cut-H3K27me3-AAGGTACAAGTGGTCA,7
cut-H3K27me3-AAGGTACAACCACTGT,0
cut-H3K27me3-AAGGTACAACATTGGC,4
cut-H3K27me3-AAGGTACACAGATCTG,9
cut-H3K27me3-AAGGTACACATCAAGT,9
cut-H3K27me3-AAGGTACACGCTGATC,11
cut-H3K27me3-AAGGTACAACAAGCTA,0
cut-H3K27me3-AAGGTACACTGTAGCC,5
cut-H3K27me3-AAGGTACAAGTACAAG,5
cut-H3K27me3-AAGGTACAAACAACCA,0
cut-H3K27me3-AAGGTACAAACCGAGA,7
cut-H3K27me3-AAGGTACAAACGCTTA,0
cut-H3K27me3-AAGGTACAAAGACGGA,2
cut-H3K27me3-AAGGTACAAAGGTACA,0
cut-H3K27me3-AAGGTACAACACAGAA,2
cut-H3K27me3-AAGGTACAACAGCAGA,7
cut-H3K27me3-AAGGTACAACCTCCAA,2
cut-H3K27me3-AAGGTACAACGCTCGA,7
cut-H3K27me3-AAGGTACAACGTATCA,2
cut-H3K27me3-AAGGTACAACTATGCA,2
cut-H3K27me3-AAGGTACAAGAGTCAA,7
cut-H3K27me3-AAGGTACAAGATCGCA,2
cut-H3K27me3-AAGGTACAAGCAGGAA,3
cut-H3K27me3-AAGGTACAAGTCACTA,0
cut-H3K27me3-AAGGTACAATCCTGTA,7
cut-H3K27me3-AAGGTACAATTGAGGA,3
cut-H3K27me3-AAGGTACACAACCACA,7
cut-H3K27me3-AAGGTACAGACTAGTA,7
cut-H3K27me3-AAGGTACACAATGGAA,2
cut-H3K27me3-AAGGTACACACTTCGA,0
cut-H3K27me3-AAGGTACACAGCGTTA,7
cut-H3K27me3-AAGGTACACATACCAA,0
cut-H3K27me3-AAGGTACACCAGTTCA,3
cut-H3K27me3-AAGGTACACCGAAGTA,0
cut-H3K27me3-AAGGTACACCGTGAGA,2
cut-H3K27me3-AAGGTACACCTCCTGA,3
cut-H3K27me3-AAGGTACACGAACTTA,3
cut-H3K27me3-AAGGTACACGACTGGA,2
cut-H3K27me3-AAGGTACACGCATACA,7
cut-H3K27me3-AAGGTACACTCAATGA,7
cut-H3K27me3-AAGGTACACTGAGCCA,2
cut-H3K27me3-AAGGTACACTGGCATA,2
cut-H3K27me3-AAGGTACAGAATCTGA,7
cut-H3K27me3-AAGGTACACAAGACTA,7
cut-H3K27me3-AAGGTACAGAGCTGAA,2
cut-H3K27me3-AAGGTACAGATAGACA,7
cut-H3K27me3-AAGGTACAGCCACATA,0
cut-H3K27me3-ACACAGAAAACGTGAT,5
cut-H3K27me3-ACACAGAAAAACATCG,4
cut-H3K27me3-ACACAGAAATGCCTAA,4
cut-H3K27me3-ACACAGAAAGTGGTCA,0
cut-H3K27me3-ACACAGAAACCACTGT,4
cut-H3K27me3-ACACAGAAACATTGGC,4
cut-H3K27me3-ACACAGAACAGATCTG,9
cut-H3K27me3-ACACAGAACATCAAGT,8
cut-H3K27me3-ACACAGAACGCTGATC,5
cut-H3K27me3-ACACAGAAACAAGCTA,0
cut-H3K27me3-ACACAGAACTGTAGCC,0
cut-H3K27me3-ACACAGAAAGTACAAG,3
cut-H3K27me3-ACACAGAAAACAACCA,4
cut-H3K27me3-ACACAGAAAACCGAGA,0
cut-H3K27me3-ACACAGAAAACGCTTA,2
cut-H3K27me3-ACACAGAAAAGACGGA,7
cut-H3K27me3-ACACAGAAAAGGTACA,0
cut-H3K27me3-ACACAGAAACACAGAA,7
cut-H3K27me3-ACACAGAAACAGCAGA,7
cut-H3K27me3-ACACAGAAACCTCCAA,7
cut-H3K27me3-ACACAGAAACGCTCGA,7
cut-H3K27me3-ACACAGAAACGTATCA,7
cut-H3K27me3-ACACAGAAACTATGCA,7
cut-H3K27me3-ACACAGAAAGAGTCAA,7
cut-H3K27me3-ACACAGAAAGATCGCA,2
cut-H3K27me3-ACACAGAAAGCAGGAA,0
cut-H3K27me3-ACACAGAAAGTCACTA,0
cut-H3K27me3-ACACAGAAATCCTGTA,0
cut-H3K27me3-ACACAGAAATTGAGGA,7
cut-H3K27me3-ACACAGAACAACCACA,7
cut-H3K27me3-ACACAGAAGACTAGTA,7
cut-H3K27me3-ACACAGAACAATGGAA,7
cut-H3K27me3-ACACAGAACACTTCGA,0
cut-H3K27me3-ACACAGAACAGCGTTA,3
cut-H3K27me3-ACACAGAACATACCAA,2
cut-H3K27me3-ACACAGAACCAGTTCA,0
cut-H3K27me3-ACACAGAACCGAAGTA,0
cut-H3K27me3-ACACAGAACCGTGAGA,0
cut-H3K27me3-ACACAGAACCTCCTGA,0
cut-H3K27me3-ACACAGAACGAACTTA,0
cut-H3K27me3-ACACAGAACGACTGGA,0
cut-H3K27me3-ACACAGAACGCATACA,7
cut-H3K27me3-ACACAGAACTCAATGA,2
cut-H3K27me3-ACACAGAACTGAGCCA,7
cut-H3K27me3-ACACAGAACTGGCATA,2
cut-H3K27me3-ACACAGAAGAATCTGA,7
cut-H3K27me3-ACACAGAACAAGACTA,7
cut-H3K27me3-ACACAGAAGAGCTGAA,2
cut-H3K27me3-ACACAGAAGATAGACA,0
cut-H3K27me3-ACACAGAAGCCACATA,0
cut-H3K27me3-ACAGCAGAAACGTGAT,0
cut-H3K27me3-ACAGCAGAAAACATCG,5
cut-H3K27me3-ACAGCAGAATGCCTAA,4
cut-H3K27me3-ACAGCAGAAGTGGTCA,3
cut-H3K27me3-ACAGCAGAACCACTGT,0
cut-H3K27me3-ACAGCAGAACATTGGC,0
cut-H3K27me3-ACAGCAGACAGATCTG,3
cut-H3K27me3-ACAGCAGACATCAAGT,9
cut-H3K27me3-ACAGCAGACGCTGATC,1
cut-H3K27me3-ACAGCAGAACAAGCTA,3
cut-H3K27me3-ACAGCAGACTGTAGCC,3
cut-H3K27me3-ACAGCAGAAGTACAAG,0
cut-H3K27me3-ACAGCAGAAACAACCA,4
cut-H3K27me3-ACAGCAGAAACCGAGA,0
cut-H3K27me3-ACAGCAGAAACGCTTA,7
cut-H3K27me3-ACAGCAGAAAGACGGA,2
cut-H3K27me3-ACAGCAGAAAGGTACA,0
cut-H3K27me3-ACAGCAGAACACAGAA,7
cut-H3K27me3-ACAGCAGAACAGCAGA,7
cut-H3K27me3-ACAGCAGAACCTCCAA,7
cut-H3K27me3-ACAGCAGAACGCTCGA,2
cut-H3K27me3-ACAGCAGAACGTATCA,7
cut-H3K27me3-ACAGCAGAACTATGCA,7
cut-H3K27me3-ACAGCAGAAGAGTCAA,7
cut-H3K27me3-ACAGCAGAAGATCGCA,2
cut-H3K27me3-ACAGCAGAAGCAGGAA,0
cut-H3K27me3-ACAGCAGAAGTCACTA,0
cut-H3K27me3-ACAGCAGAATCCTGTA,7
cut-H3K27me3-ACAGCAGAATTGAGGA,3
cut-H3K27me3-ACAGCAGACAACCACA,0
cut-H3K27me3-ACAGCAGAGACTAGTA,2
cut-H3K27me3-ACAGCAGACAATGGAA,2
cut-H3K27me3-ACAGCAGACACTTCGA,1
cut-H3K27me3-ACAGCAGACAGCGTTA,0
cut-H3K27me3-ACAGCAGACATACCAA,1
cut-H3K27me3-ACAGCAGACCAGTTCA,1
cut-H3K27me3-ACAGCAGACCGAAGTA,1
cut-H3K27me3-ACAGCAGACCGTGAGA,1
cut-H3K27me3-ACAGCAGACCTCCTGA,1
cut-H3K27me3-ACAGCAGACGAACTTA,1
cut-H3K27me3-ACAGCAGACGACTGGA,1
cut-H3K27me3-ACAGCAGACGCATACA,2
cut-H3K27me3-ACAGCAGACTCAATGA,0
cut-H3K27me3-ACAGCAGACTGAGCCA,7
cut-H3K27me3-ACAGCAGACTGGCATA,2
cut-H3K27me3-ACAGCAGAGAATCTGA,0
cut-H3K27me3-ACAGCAGACAAGACTA,2
cut-H3K27me3-ACCTCCAAAACGTGAT,0
cut-H3K27me3-ACCTCCAAAAACATCG,4
cut-H3K27me3-ACCTCCAAATGCCTAA,4
cut-H3K27me3-ACCTCCAAAGTGGTCA,10
cut-H3K27me3-ACCTCCAAACCACTGT,3
cut-H3K27me3-ACCTCCAAACATTGGC,7
cut-H3K27me3-ACCTCCAACAGATCTG,7
cut-H3K27me3-ACCTCCAACATCAAGT,3
cut-H3K27me3-ACCTCCAACGCTGATC,0
cut-H3K27me3-ACCTCCAAACAAGCTA,0
cut-H3K27me3-ACCTCCAACTGTAGCC,3
cut-H3K27me3-ACCTCCAAAGTACAAG,4
cut-H3K27me3-ACCTCCAAAACAACCA,0
cut-H3K27me3-ACCTCCAAAACCGAGA,7
cut-H3K27me3-ACCTCCAAAACGCTTA,7
cut-H3K27me3-ACCTCCAAAAGACGGA,2
cut-H3K27me3-ACCTCCAAAAGGTACA,2
cut-H3K27me3-ACCTCCAAACACAGAA,7
cut-H3K27me3-ACCTCCAAACAGCAGA,2
cut-H3K27me3-ACCTCCAAACCTCCAA,3
cut-H3K27me3-ACCTCCAAACGCTCGA,7
cut-H3K27me3-ACCTCCAAACGTATCA,3
cut-H3K27me3-ACCTCCAAACTATGCA,7
cut-H3K27me3-ACCTCCAAAGAGTCAA,7
cut-H3K27me3-ACCTCCAAAGATCGCA,7
cut-H3K27me3-ACCTCCAAAGCAGGAA,1
cut-H3K27me3-ACCTCCAAAGTCACTA,3
cut-H3K27me3-ACCTCCAAATCCTGTA,2
cut-H3K27me3-ACCTCCAAATTGAGGA,0
cut-H3K27me3-ACCTCCAACAACCACA,7
cut-H3K27me3-ACCTCCAAGACTAGTA,2
cut-H3K27me3-ACCTCCAACAATGGAA,7
cut-H3K27me3-ACCTCCAACACTTCGA,1
cut-H3K27me3-ACCTCCAACAGCGTTA,0
cut-H3K27me3-ACCTCCAACATACCAA,4
cut-H3K27me3-ACCTCCAACCAGTTCA,4
cut-H3K27me3-ACCTCCAACCGAAGTA,1
cut-H3K27me3-ACCTCCAACCGTGAGA,4
cut-H3K27me3-ACCTCCAACCTCCTGA,1
cut-H3K27me3-ACCTCCAACGAACTTA,1
cut-H3K27me3-ACCTCCAACGACTGGA,1
cut-H3K27me3-ACCTCCAACGCATACA,0
cut-H3K27me3-ACCTCCAACTCAATGA,3
cut-H3K27me3-ACCTCCAACTGAGCCA,3
cut-H3K27me3-ACCTCCAACTGGCATA,3
cut-H3K27me3-ACGCTCGAAACGTGAT,7
cut-H3K27me3-ACGCTCGAAAACATCG,2
cut-H3K27me3-ACGCTCGAATGCCTAA,3
cut-H3K27me3-ACGCTCGAAGTGGTCA,7
cut-H3K27me3-ACGCTCGAACCACTGT,7
cut-H3K27me3-ACGCTCGAACATTGGC,0
cut-H3K27me3-ACGCTCGACAGATCTG,0
cut-H3K27me3-ACGCTCGACATCAAGT,7
cut-H3K27me3-ACGCTCGACGCTGATC,7
cut-H3K27me3-ACGCTCGAACAAGCTA,0
cut-H3K27me3-ACGCTCGACTGTAGCC,0
cut-H3K27me3-ACGCTCGAAGTACAAG,7
cut-H3K27me3-ACGCTCGAAACAACCA,7
cut-H3K27me3-ACGCTCGAAACCGAGA,2
cut-H3K27me3-ACGCTCGAAACGCTTA,0
cut-H3K27me3-ACGCTCGAAAGACGGA,6
cut-H3K27me3-ACGCTCGAAAGGTACA,7
cut-H3K27me3-ACGCTCGAACACAGAA,2
cut-H3K27me3-ACGCTCGAACAGCAGA,7
cut-H3K27me3-ACGCTCGAACCTCCAA,2
cut-H3K27me3-ACGCTCGAACGCTCGA,2
cut-H3K27me3-ACGCTCGAACGTATCA,0
cut-H3K27me3-ACGCTCGAACTATGCA,2
cut-H3K27me3-ACGCTCGAAGAGTCAA,3
cut-H3K27me3-ACGCTCGAAGATCGCA,7
cut-H3K27me3-ACGCTCGAAGCAGGAA,12
cut-H3K27me3-ACGCTCGAAGTCACTA,1
cut-H3K27me3-ACGCTCGAATCCTGTA,1
cut-H3K27me3-ACGCTCGAATTGAGGA,0
cut-H3K27me3-ACGCTCGACAACCACA,3
cut-H3K27me3-ACGCTCGAGACTAGTA,0
cut-H3K27me3-ACGCTCGACAATGGAA,0
cut-H3K27me3-ACGCTCGACACTTCGA,1
cut-H3K27me3-ACGCTCGACAGCGTTA,0
cut-H3K27me3-ACGCTCGACATACCAA,0
cut-H3K27me3-ACGCTCGACCAGTTCA,1
cut-H3K27me3-ACGCTCGACCGAAGTA,1
cut-H3K27me3-ACGCTCGACCGTGAGA,1
cut-H3K27me3-ACGCTCGACCTCCTGA,0
cut-H3K27me3-ACGCTCGACGAACTTA,1
cut-H3K27me3-ACGCTCGACGACTGGA,1
cut-H3K27me3-ACGCTCGACGCATACA,3
cut-H3K27me3-ACGCTCGACTCAATGA,0
cut-H3K27me3-ACGCTCGACTGAGCCA,0
cut-H3K27me3-ACGCTCGACTGGCATA,3
cut-H3K27me3-ACGCTCGAGAATCTGA,0
cut-H3K27me3-ACGCTCGACAAGACTA,0
cut-H3K27me3-ACGCTCGAGAGCTGAA,1
cut-H3K27me3-ACGCTCGAGATAGACA,7
cut-H3K27me3-ACGCTCGAGCCACATA,0
cut-H3K27me3-ACGTATCAAACGTGAT,3
cut-H3K27me3-ACGTATCAAAACATCG,7
cut-H3K27me3-ACGTATCAATGCCTAA,7
cut-H3K27me3-ACGTATCAAGTGGTCA,2
cut-H3K27me3-ACGTATCAACCACTGT,2
cut-H3K27me3-ACGTATCAACATTGGC,0
cut-H3K27me3-ACGTATCACAGATCTG,7
cut-H3K27me3-ACGTATCACATCAAGT,2
cut-H3K27me3-ACGTATCACGCTGATC,7
cut-H3K27me3-ACGTATCAACAAGCTA,0
cut-H3K27me3-ACGTATCACTGTAGCC,11
cut-H3K27me3-ACGTATCAAGTACAAG,2
cut-H3K27me3-ACGTATCAAACAACCA,7
cut-H3K27me3-ACGTATCAAACCGAGA,7
cut-H3K27me3-ACGTATCAAACGCTTA,2
cut-H3K27me3-ACGTATCAAAGACGGA,7
cut-H3K27me3-ACGTATCAAAGGTACA,2
cut-H3K27me3-ACGTATCAACACAGAA,2
cut-H3K27me3-ACGTATCAACAGCAGA,2
cut-H3K27me3-ACGTATCAACCTCCAA,2
cut-H3K27me3-ACGTATCAACGCTCGA,7
cut-H3K27me3-ACGTATCAACGTATCA,0
cut-H3K27me3-ACGTATCAACTATGCA,2
cut-H3K27me3-ACGTATCAAGAGTCAA,0
cut-H3K27me3-ACGTATCAAGATCGCA,7
cut-H3K27me3-ACGTATCAAGCAGGAA,12
cut-H3K27me3-ACGTATCAAGTCACTA,1
cut-H3K27me3-ACGTATCAATCCTGTA,1
cut-H3K27me3-ACGTATCAATTGAGGA,0
cut-H3K27me3-ACGTATCACAACCACA,0
cut-H3K27me3-ACGTATCAGACTAGTA,0
cut-H3K27me3-ACGTATCACAATGGAA,2
cut-H3K27me3-ACGTATCACACTTCGA,1
cut-H3K27me3-ACGTATCACAGCGTTA,2
cut-H3K27me3-ACGTATCACATACCAA,9
cut-H3K27me3-ACGTATCACCAGTTCA,9
cut-H3K27me3-ACGTATCACCGAAGTA,9
cut-H3K27me3-ACGTATCACCGTGAGA,0
cut-H3K27me3-ACGTATCACCTCCTGA,2
cut-H3K27me3-ACGTATCACGAACTTA,0
cut-H3K27me3-ACGTATCACGACTGGA,1
cut-H3K27me3-ACGTATCACGCATACA,7
cut-H3K27me3-ACGTATCACTCAATGA,0
cut-H3K27me3-ACGTATCACTGAGCCA,0
cut-H3K27me3-ACGTATCACTGGCATA,0
cut-H3K27me3-ACGTATCAGAATCTGA,0
cut-H3K27me3-ACGTATCACAAGACTA,3
cut-H3K27me3-ACGTATCAGAGCTGAA,1
cut-H3K27me3-ACGTATCAGATAGACA,1
cut-H3K27me3-ACGTATCAGCCACATA,1
cut-H3K27me3-ACTATGCAAACGTGAT,1
cut-H3K27me3-ACTATGCAAAACATCG,7
cut-H3K27me3-ACTATGCAATGCCTAA,2
cut-H3K27me3-ACTATGCAAGTGGTCA,7
cut-H3K27me3-ACTATGCAACCACTGT,2
cut-H3K27me3-ACTATGCAACATTGGC,0
cut-H3K27me3-ACTATGCACAGATCTG,0
cut-H3K27me3-ACTATGCACATCAAGT,0
cut-H3K27me3-ACTATGCACGCTGATC,11
cut-H3K27me3-ACTATGCAACAAGCTA,4
cut-H3K27me3-ACTATGCACTGTAGCC,4
cut-H3K27me3-ACTATGCAAGTACAAG,4
cut-H3K27me3-ACTATGCAAACAACCA,0
cut-H3K27me3-ACTATGCAAACCGAGA,2
cut-H3K27me3-ACTATGCAAACGCTTA,2
cut-H3K27me3-ACTATGCAAAGACGGA,7
cut-H3K27me3-ACTATGCAAAGGTACA,0
cut-H3K27me3-ACTATGCAACACAGAA,0
cut-H3K27me3-ACTATGCAACAGCAGA,0
cut-H3K27me3-ACTATGCAACCTCCAA,7
cut-H3K27me3-ACTATGCAACGCTCGA,7
cut-H3K27me3-ACTATGCAACGTATCA,0
cut-H3K27me3-ACTATGCAACTATGCA,2
cut-H3K27me3-ACTATGCAAGAGTCAA,2
cut-H3K27me3-ACTATGCAAGATCGCA,2
cut-H3K27me3-ACTATGCAAGCAGGAA,12
cut-H3K27me3-ACTATGCAAGTCACTA,1
cut-H3K27me3-ACTATGCAATCCTGTA,1
cut-H3K27me3-ACTATGCAATTGAGGA,0
cut-H3K27me3-ACTATGCACAACCACA,3
cut-H3K27me3-ACTATGCAGACTAGTA,0
cut-H3K27me3-ACTATGCACAATGGAA,7
cut-H3K27me3-ACTATGCACACTTCGA,1
cut-H3K27me3-ACTATGCACAGCGTTA,1
cut-H3K27me3-ACTATGCACATACCAA,1
cut-H3K27me3-ACTATGCACCAGTTCA,0
cut-H3K27me3-ACTATGCACCGAAGTA,0
cut-H3K27me3-ACTATGCACCGTGAGA,3
cut-H3K27me3-ACTATGCACCTCCTGA,7
cut-H3K27me3-ACTATGCACGAACTTA,0
cut-H3K27me3-ACTATGCACGACTGGA,0
cut-H3K27me3-ACTATGCACGCATACA,2
cut-H3K27me3-ACTATGCACTCAATGA,1
cut-H3K27me3-ACTATGCACTGAGCCA,1
cut-H3K27me3-ACTATGCACTGGCATA,1
cut-H3K27me3-ACTATGCAGAATCTGA,1
cut-H3K27me3-ACTATGCACAAGACTA,3
cut-H3K27me3-ACTATGCAGAGCTGAA,5
cut-H3K27me3-ACTATGCAGATAGACA,8
cut-H3K27me3-ACTATGCAGCCACATA,1
cut-H3K27me3-AGAGTCAAAACGTGAT,4
cut-H3K27me3-AGAGTCAAAAACATCG,8
cut-H3K27me3-AGAGTCAAATGCCTAA,7
cut-H3K27me3-AGAGTCAAAGTGGTCA,7
cut-H3K27me3-AGAGTCAAACCACTGT,3
cut-H3K27me3-AGAGTCAAACATTGGC,1
cut-H3K27me3-AGAGTCAACAGATCTG,4
cut-H3K27me3-AGAGTCAACATCAAGT,1
cut-H3K27me3-AGAGTCAACGCTGATC,4
cut-H3K27me3-AGAGTCAAACAAGCTA,4
cut-H3K27me3-AGAGTCAACTGTAGCC,4
cut-H3K27me3-AGAGTCAAAGTACAAG,4
cut-H3K27me3-AGAGTCAAAACAACCA,0
cut-H3K27me3-AGAGTCAAAACCGAGA,0
cut-H3K27me3-AGAGTCAAAACGCTTA,3
cut-H3K27me3-AGAGTCAAAAGACGGA,2
cut-H3K27me3-AGAGTCAAAAGGTACA,0
cut-H3K27me3-AGAGTCAAACACAGAA,2
cut-H3K27me3-AGAGTCAAACAGCAGA,0
cut-H3K27me3-AGAGTCAAACCTCCAA,2
cut-H3K27me3-AGAGTCAAACGCTCGA,2
cut-H3K27me3-AGAGTCAAACGTATCA,1
cut-H3K27me3-AGAGTCAAACTATGCA,2
cut-H3K27me3-AGAGTCAAAGAGTCAA,3
cut-H3K27me3-AGAGTCAAAGATCGCA,7
cut-H3K27me3-AGAGTCAAAGCAGGAA,12
cut-H3K27me3-AGAGTCAAAGTCACTA,1
cut-H3K27me3-AGAGTCAAATCCTGTA,1
cut-H3K27me3-AGAGTCAAATTGAGGA,1
cut-H3K27me3-AGAGTCAACAACCACA,0
cut-H3K27me3-AGAGTCAAGACTAGTA,1
cut-H3K27me3-AGAGTCAACAATGGAA,7
cut-H3K27me3-AGAGTCAACACTTCGA,1
cut-H3K27me3-AGAGTCAACAGCGTTA,1
cut-H3K27me3-AGAGTCAACATACCAA,1
cut-H3K27me3-AGAGTCAACCAGTTCA,1
cut-H3K27me3-AGAGTCAACCGAAGTA,3
cut-H3K27me3-AGAGTCAACCGTGAGA,0
cut-H3K27me3-AGAGTCAACCTCCTGA,0
cut-H3K27me3-AGAGTCAACGAACTTA,4
cut-H3K27me3-AGAGTCAACGACTGGA,1
cut-H3K27me3-AGAGTCAACGCATACA,0
cut-H3K27me3-AGAGTCAACTCAATGA,1
cut-H3K27me3-AGAGTCAACTGAGCCA,1
cut-H3K27me3-AGAGTCAACTGGCATA,1
cut-H3K27me3-AGAGTCAAGAATCTGA,1
cut-H3K27me3-AGAGTCAACAAGACTA,0
cut-H3K27me3-AGAGTCAAGAGCTGAA,8
cut-H3K27me3-AGAGTCAAGATAGACA,1
cut-H3K27me3-AGAGTCAAGCCACATA,1
cut-H3K27me3-AGATCGCAAACGTGAT,4
cut-H3K27me3-AGATCGCAAAACATCG,4
cut-H3K27me3-AGATCGCAATGCCTAA,4
cut-H3K27me3-AGATCGCAAGTGGTCA,7
cut-H3K27me3-AGATCGCAACCACTGT,1
cut-H3K27me3-AGATCGCAACATTGGC,4
cut-H3K27me3-AGATCGCACAGATCTG,4
cut-H3K27me3-AGATCGCACATCAAGT,4
cut-H3K27me3-AGATCGCACGCTGATC,4
cut-H3K27me3-AGATCGCAACAAGCTA,4
cut-H3K27me3-AGATCGCACTGTAGCC,4
cut-H3K27me3-AGATCGCAAGTACAAG,4
cut-H3K27me3-AGATCGCAAACAACCA,3
cut-H3K27me3-AGATCGCAAACCGAGA,0
cut-H3K27me3-AGATCGCAAACGCTTA,0
cut-H3K27me3-AGATCGCAAAGACGGA,2
cut-H3K27me3-AGATCGCAAAGGTACA,0
cut-H3K27me3-AGATCGCAACACAGAA,3
cut-H3K27me3-AGATCGCAACAGCAGA,2
cut-H3K27me3-AGATCGCAACCTCCAA,7
cut-H3K27me3-AGATCGCAACGCTCGA,0
cut-H3K27me3-AGATCGCAACGTATCA,0
cut-H3K27me3-AGATCGCAACTATGCA,2
cut-H3K27me3-AGATCGCAAGAGTCAA,0
cut-H3K27me3-AGATCGCAAGATCGCA,2
cut-H3K27me3-AGATCGCAAGCAGGAA,12
cut-H3K27me3-AGATCGCAAGTCACTA,4
cut-H3K27me3-AGATCGCAATCCTGTA,1
cut-H3K27me3-AGATCGCAATTGAGGA,1
cut-H3K27me3-AGATCGCACAACCACA,0
cut-H3K27me3-AGATCGCAGACTAGTA,1
cut-H3K27me3-AGATCGCACAATGGAA,2
cut-H3K27me3-AGATCGCACACTTCGA,1
cut-H3K27me3-AGATCGCACAGCGTTA,1
cut-H3K27me3-AGATCGCACATACCAA,1
cut-H3K27me3-AGATCGCACCAGTTCA,8
cut-H3K27me3-AGATCGCACCGAAGTA,5
cut-H3K27me3-AGATCGCACCGTGAGA,1
cut-H3K27me3-AGATCGCACCTCCTGA,1
cut-H3K27me3-AGATCGCACGAACTTA,1
cut-H3K27me3-AGATCGCACGACTGGA,1
cut-H3K27me3-AGATCGCACGCATACA,10
cut-H3K27me3-AGATCGCACTCAATGA,1
cut-H3K27me3-AGATCGCACTGAGCCA,1
cut-H3K27me3-AGATCGCACTGGCATA,1
cut-H3K27me3-AGATCGCAGAATCTGA,1
cut-H3K27me3-AGATCGCACAAGACTA,0
cut-H3K27me3-AGATCGCAGAGCTGAA,1
cut-H3K27me3-AGATCGCAGATAGACA,8
cut-H3K27me3-AGATCGCAGCCACATA,8
cut-H3K27me3-AGCAGGAAAACGTGAT,4
cut-H3K27me3-AGCAGGAAAAACATCG,0
cut-H3K27me3-AGCAGGAAATGCCTAA,7
cut-H3K27me3-AGCAGGAAAGTGGTCA,7
cut-H3K27me3-AGCAGGAAACCACTGT,0
cut-H3K27me3-AGCAGGAAACATTGGC,10
cut-H3K27me3-AGCAGGAACAGATCTG,4
cut-H3K27me3-AGCAGGAACATCAAGT,4
cut-H3K27me3-AGCAGGAACGCTGATC,4
cut-H3K27me3-AGCAGGAAACAAGCTA,4
cut-H3K27me3-AGCAGGAACTGTAGCC,4
cut-H3K27me3-AGCAGGAAAGTACAAG,3
cut-H3K27me3-AGCAGGAAAACAACCA,2
cut-H3K27me3-AGCAGGAAAACCGAGA,3
cut-H3K27me3-AGCAGGAAAACGCTTA,2
cut-H3K27me3-AGCAGGAAAAGACGGA,2
cut-H3K27me3-AGCAGGAAAAGGTACA,0
cut-H3K27me3-AGCAGGAAACACAGAA,0
cut-H3K27me3-AGCAGGAAACAGCAGA,0
cut-H3K27me3-AGCAGGAAACCTCCAA,2
cut-H3K27me3-AGCAGGAAACGCTCGA,7
cut-H3K27me3-AGCAGGAAACGTATCA,0
cut-H3K27me3-AGCAGGAAACTATGCA,3
cut-H3K27me3-AGCAGGAAAGAGTCAA,0
cut-H3K27me3-AGCAGGAAAGATCGCA,0
cut-H3K27me3-AGCAGGAAAGCAGGAA,1
cut-H3K27me3-AGCAGGAAAGTCACTA,1
cut-H3K27me3-AGCAGGAAATCCTGTA,1
cut-H3K27me3-AGCAGGAAATTGAGGA,0
cut-H3K27me3-AGCAGGAACAACCACA,0
cut-H3K27me3-AGCAGGAAGACTAGTA,1
cut-H3K27me3-AGCAGGAACAATGGAA,2
cut-H3K27me3-AGCAGGAACACTTCGA,1
cut-H3K27me3-AGCAGGAACAGCGTTA,1
cut-H3K27me3-AGCAGGAACATACCAA,1
cut-H3K27me3-AGCAGGAACCAGTTCA,1
cut-H3K27me3-AGCAGGAACCGAAGTA,1
cut-H3K27me3-AGCAGGAACCGTGAGA,1
cut-H3K27me3-AGCAGGAACCTCCTGA,1
cut-H3K27me3-AGCAGGAACGAACTTA,1
cut-H3K27me3-AGCAGGAACGACTGGA,1
cut-H3K27me3-AGCAGGAACGCATACA,0
cut-H3K27me3-AGCAGGAACTCAATGA,1
cut-H3K27me3-AGCAGGAACTGAGCCA,0
cut-H3K27me3-AGCAGGAACTGGCATA,0
cut-H3K27me3-AGCAGGAAGAATCTGA,1
cut-H3K27me3-AGCAGGAACAAGACTA,3
cut-H3K27me3-AGCAGGAAGAGCTGAA,1
cut-H3K27me3-AGCAGGAAGATAGACA,1
cut-H3K27me3-AGCAGGAAGCCACATA,1
cut-H3K27me3-AGTCACTAAACGTGAT,0
cut-H3K27me3-AGTCACTAAGTGGTCA,0
cut-H3K27me3-AGTCACTAACCACTGT,7
cut-H3K27me3-AGTCACTAACATTGGC,4
cut-H3K27me3-AGTCACTACAGATCTG,4
cut-H3K27me3-AGTCACTACATCAAGT,4
cut-H3K27me3-AGTCACTACGCTGATC,4
cut-H3K27me3-AGTCACTAACAAGCTA,4
cut-H3K27me3-AGTCACTACTGTAGCC,5
cut-H3K27me3-AGTCACTAAGTACAAG,0
cut-H3K27me3-AGTCACTAAACAACCA,3
cut-H3K27me3-AGTCACTAAACCGAGA,0
cut-H3K27me3-AGTCACTAAACGCTTA,0
cut-H3K27me3-AGTCACTAAAGACGGA,2
cut-H3K27me3-AGTCACTAAAGGTACA,0
cut-H3K27me3-AGTCACTAACACAGAA,0
cut-H3K27me3-AGTCACTAACAGCAGA,0
cut-H3K27me3-AGTCACTAACCTCCAA,0
cut-H3K27me3-AGTCACTAACGCTCGA,0
cut-H3K27me3-AGTCACTAACGTATCA,0
cut-H3K27me3-AGTCACTAACTATGCA,0
cut-H3K27me3-AGTCACTAAGAGTCAA,1
cut-H3K27me3-AGTCACTAAGATCGCA,0
cut-H3K27me3-AGTCACTAAGCAGGAA,12
cut-H3K27me3-AGTCACTAAGTCACTA,1
cut-H3K27me3-AGTCACTAATCCTGTA,1
cut-H3K27me3-AGTCACTAATTGAGGA,1
cut-H3K27me3-AGTCACTACAACCACA,0
cut-H3K27me3-AGTCACTAGACTAGTA,1
cut-H3K27me3-AGTCACTACAATGGAA,7
cut-H3K27me3-AGTCACTACACTTCGA,1
cut-H3K27me3-AGTCACTACAGCGTTA,1
cut-H3K27me3-AGTCACTACATACCAA,1
cut-H3K27me3-AGTCACTACCAGTTCA,1
cut-H3K27me3-AGTCACTACCGAAGTA,1
cut-H3K27me3-AGTCACTACCGTGAGA,1
cut-H3K27me3-AGTCACTACCTCCTGA,1
cut-H3K27me3-AGTCACTACGAACTTA,1
cut-H3K27me3-AGTCACTACGACTGGA,1
cut-H3K27me3-AGTCACTACGCATACA,3
cut-H3K27me3-AGTCACTACTCAATGA,1
cut-H3K27me3-AGTCACTACTGAGCCA,1
cut-H3K27me3-AGTCACTACTGGCATA,1
cut-H3K27me3-AGTCACTAGAATCTGA,1
cut-H3K27me3-AGTCACTACAAGACTA,3
cut-H3K27me3-AGTCACTAGAGCTGAA,1
cut-H3K27me3-AGTCACTAGATAGACA,8
cut-H3K27me3-AGTCACTAGCCACATA,8
cut-H3K27me3-ATCCTGTAAGTGGTCA,2
cut-H3K27me3-ATCCTGTAACCACTGT,2
cut-H3K27me3-ATCCTGTAACATTGGC,4
cut-H3K27me3-ATCCTGTACAGATCTG,4
cut-H3K27me3-ATCCTGTACATCAAGT,4
cut-H3K27me3-ATCCTGTACGCTGATC,4
cut-H3K27me3-ATCCTGTAACAAGCTA,0
cut-H3K27me3-ATCCTGTACTGTAGCC,0
cut-H3K27me3-ATCCTGTAAGTACAAG,0
cut-H3K27me3-ATCCTGTAAACAACCA,3
cut-H3K27me3-ATCCTGTAAACCGAGA,0
cut-H3K27me3-ATCCTGTAAACGCTTA,3
cut-H3K27me3-ATCCTGTAAAGACGGA,2
cut-H3K27me3-ATCCTGTAAAGGTACA,0
cut-H3K27me3-ATCCTGTAACACAGAA,3
cut-H3K27me3-ATCCTGTAACAGCAGA,0
cut-H3K27me3-ATCCTGTAACCTCCAA,0
cut-H3K27me3-ATCCTGTAACGCTCGA,0
cut-H3K27me3-ATCCTGTAACGTATCA,5
cut-H3K27me3-ATCCTGTAACTATGCA,3
cut-H3K27me3-ATCCTGTAAGAGTCAA,0
cut-H3K27me3-ATCCTGTAAGATCGCA,2
cut-H3K27me3-ATCCTGTAAGCAGGAA,12
cut-H3K27me3-ATCCTGTAAGTCACTA,1
cut-H3K27me3-ATCCTGTAATCCTGTA,1
cut-H3K27me3-ATCCTGTAATTGAGGA,1
cut-H3K27me3-ATCCTGTACAACCACA,0
cut-H3K27me3-ATCCTGTAGACTAGTA,1
cut-H3K27me3-ATCCTGTACAATGGAA,2
cut-H3K27me3-ATCCTGTACACTTCGA,1
cut-H3K27me3-ATCCTGTACAGCGTTA,1
cut-H3K27me3-ATCCTGTACATACCAA,1
cut-H3K27me3-ATCCTGTACCAGTTCA,1
cut-H3K27me3-ATCCTGTACCGAAGTA,1
cut-H3K27me3-ATCCTGTACCGTGAGA,1
cut-H3K27me3-ATCCTGTACCTCCTGA,1
cut-H3K27me3-ATCCTGTACGAACTTA,1
cut-H3K27me3-ATCCTGTACGACTGGA,1
cut-H3K27me3-ATCCTGTACGCATACA,0
cut-H3K27me3-ATCCTGTACTCAATGA,0
cut-H3K27me3-ATCCTGTACTGAGCCA,1
cut-H3K27me3-ATCCTGTACTGGCATA,3
cut-H3K27me3-ATCCTGTAGAATCTGA,2
cut-H3K27me3-ATCCTGTACAAGACTA,2
cut-H3K27me3-ATCCTGTAGAGCTGAA,4
cut-H3K27me3-ATCCTGTAGATAGACA,1
cut-H3K27me3-ATCCTGTAGCCACATA,1
cut-H3K27me3-ATTGAGGAAACGTGAT,0
cut-H3K27me3-ATTGAGGAACCACTGT,3
cut-H3K27me3-ATTGAGGAACATTGGC,4
cut-H3K27me3-ATTGAGGACAGATCTG,4
cut-H3K27me3-ATTGAGGACATCAAGT,4
cut-H3K27me3-ATTGAGGACGCTGATC,4
cut-H3K27me3-ATTGAGGAACAAGCTA,4
cut-H3K27me3-ATTGAGGACTGTAGCC,0
cut-H3K27me3-ATTGAGGAAGTACAAG,3
cut-H3K27me3-ATTGAGGAAACAACCA,0
cut-H3K27me3-ATTGAGGAAACCGAGA,4
cut-H3K27me3-ATTGAGGAAACGCTTA,4
cut-H3K27me3-ATTGAGGAAAGACGGA,7
cut-H3K27me3-ATTGAGGAAAGGTACA,0
cut-H3K27me3-ATTGAGGAACACAGAA,3
cut-H3K27me3-ATTGAGGAACAGCAGA,0
cut-H3K27me3-ATTGAGGAACCTCCAA,0
cut-H3K27me3-ATTGAGGAACGCTCGA,2
cut-H3K27me3-ATTGAGGAACGTATCA,5
cut-H3K27me3-ATTGAGGAACTATGCA,0
cut-H3K27me3-ATTGAGGAAGAGTCAA,3
cut-H3K27me3-ATTGAGGAAGATCGCA,2
cut-H3K27me3-ATTGAGGAAGCAGGAA,12
cut-H3K27me3-ATTGAGGAAGTCACTA,1
cut-H3K27me3-ATTGAGGAATCCTGTA,1
cut-H3K27me3-ATTGAGGAATTGAGGA,1
cut-H3K27me3-ATTGAGGACAACCACA,3
cut-H3K27me3-ATTGAGGAGACTAGTA,1
cut-H3K27me3-ATTGAGGACAATGGAA,7
cut-H3K27me3-ATTGAGGACACTTCGA,1
cut-H3K27me3-ATTGAGGACAGCGTTA,1
cut-H3K27me3-ATTGAGGACATACCAA,1
cut-H3K27me3-ATTGAGGACCAGTTCA,1
cut-H3K27me3-ATTGAGGACCGAAGTA,1
cut-H3K27me3-ATTGAGGACCGTGAGA,1
cut-H3K27me3-ATTGAGGACCTCCTGA,1
cut-H3K27me3-ATTGAGGACGAACTTA,1
cut-H3K27me3-ATTGAGGACGACTGGA,1
cut-H3K27me3-ATTGAGGACGCATACA,3
cut-H3K27me3-ATTGAGGACTCAATGA,1
cut-H3K27me3-ATTGAGGACTGAGCCA,0
cut-H3K27me3-ATTGAGGACTGGCATA,0
cut-H3K27me3-ATTGAGGAGAATCTGA,2
cut-H3K27me3-ATTGAGGACAAGACTA,3
cut-H3K27me3-ATTGAGGAGAGCTGAA,1
cut-H3K27me3-ATTGAGGAGATAGACA,1
cut-H3K27me3-ATTGAGGAGCCACATA,1
cut-H3K27me3-CAACCACAAACGTGAT,0
cut-H3K27me3-CAACCACAAAACATCG,2
cut-H3K27me3-CAACCACAACCACTGT,0
cut-H3K27me3-CAACCACAACATTGGC,4
cut-H3K27me3-CAACCACACAGATCTG,4
cut-H3K27me3-CAACCACACATCAAGT,4
cut-H3K27me3-CAACCACACGCTGATC,0
cut-H3K27me3-CAACCACAACAAGCTA,4
cut-H3K27me3-CAACCACACTGTAGCC,4
cut-H3K27me3-CAACCACAAGTACAAG,4
cut-H3K27me3-CAACCACAAACAACCA,3
cut-H3K27me3-CAACCACAAACCGAGA,4
cut-H3K27me3-CAACCACAAACGCTTA,8
cut-H3K27me3-CAACCACAAAGACGGA,7
cut-H3K27me3-CAACCACAAAGGTACA,0
cut-H3K27me3-CAACCACAACACAGAA,0
cut-H3K27me3-CAACCACAACAGCAGA,0
cut-H3K27me3-CAACCACAACCTCCAA,0
cut-H3K27me3-CAACCACAACGCTCGA,3
cut-H3K27me3-CAACCACAACGTATCA,0
cut-H3K27me3-CAACCACAACTATGCA,3
cut-H3K27me3-CAACCACAAGAGTCAA,10
cut-H3K27me3-CAACCACAAGATCGCA,7
cut-H3K27me3-CAACCACAAGCAGGAA,12
cut-H3K27me3-CAACCACAAGTCACTA,1
cut-H3K27me3-CAACCACAATCCTGTA,1
cut-H3K27me3-CAACCACAATTGAGGA,1
cut-H3K27me3-CAACCACACAACCACA,0
cut-H3K27me3-CAACCACAGACTAGTA,1
cut-H3K27me3-CAACCACACAATGGAA,2
cut-H3K27me3-CAACCACACACTTCGA,1
cut-H3K27me3-CAACCACACAGCGTTA,1
cut-H3K27me3-CAACCACACATACCAA,1
cut-H3K27me3-CAACCACACCAGTTCA,1
cut-H3K27me3-CAACCACACCGAAGTA,1
cut-H3K27me3-CAACCACACCGTGAGA,1
cut-H3K27me3-CAACCACACCTCCTGA,1
cut-H3K27me3-CAACCACACGAACTTA,1
cut-H3K27me3-CAACCACACGACTGGA,1
cut-H3K27me3-CAACCACACGCATACA,2
cut-H3K27me3-CAACCACACTCAATGA,0
cut-H3K27me3-CAACCACACTGAGCCA,1
cut-H3K27me3-CAACCACACTGGCATA,1
cut-H3K27me3-CAACCACAGAATCTGA,3
cut-H3K27me3-CAACCACACAAGACTA,0
cut-H3K27me3-CAACCACAGAGCTGAA,1
cut-H3K27me3-CAACCACAGATAGACA,9
cut-H3K27me3-CAACCACAGCCACATA,4
cut-H3K27me3-GACTAGTAAACGTGAT,0
cut-H3K27me3-GACTAGTAAAACATCG,0
cut-H3K27me3-GACTAGTAATGCCTAA,2
cut-H3K27me3-GACTAGTAACCACTGT,0
cut-H3K27me3-GACTAGTAACATTGGC,4
cut-H3K27me3-GACTAGTACAGATCTG,4
cut-H3K27me3-GACTAGTACATCAAGT,4
cut-H3K27me3-GACTAGTACGCTGATC,0
cut-H3K27me3-GACTAGTAACAAGCTA,4
cut-H3K27me3-GACTAGTACTGTAGCC,5
cut-H3K27me3-GACTAGTAAGTACAAG,5
cut-H3K27me3-GACTAGTAAACAACCA,4
cut-H3K27me3-GACTAGTAAACCGAGA,4
cut-H3K27me3-GACTAGTAAACGCTTA,8
cut-H3K27me3-GACTAGTAAAGACGGA,2
cut-H3K27me3-GACTAGTAAAGGTACA,0
cut-H3K27me3-GACTAGTAACACAGAA,11
cut-H3K27me3-GACTAGTAACAGCAGA,3
cut-H3K27me3-GACTAGTAACCTCCAA,0
cut-H3K27me3-GACTAGTAACGCTCGA,0
cut-H3K27me3-GACTAGTAACGTATCA,1
cut-H3K27me3-GACTAGTAACTATGCA,2
cut-H3K27me3-GACTAGTAAGAGTCAA,3
cut-H3K27me3-GACTAGTAAGATCGCA,2
cut-H3K27me3-GACTAGTAAGCAGGAA,12
cut-H3K27me3-GACTAGTAAGTCACTA,1
cut-H3K27me3-GACTAGTAATCCTGTA,1
cut-H3K27me3-GACTAGTAATTGAGGA,1
cut-H3K27me3-GACTAGTACAACCACA,0
cut-H3K27me3-GACTAGTAGACTAGTA,1
cut-H3K27me3-GACTAGTACAATGGAA,7
cut-H3K27me3-GACTAGTACACTTCGA,1
cut-H3K27me3-GACTAGTACAGCGTTA,1
cut-H3K27me3-GACTAGTACATACCAA,1
cut-H3K27me3-GACTAGTACCAGTTCA,1
cut-H3K27me3-GACTAGTACCGAAGTA,1
cut-H3K27me3-GACTAGTACCGTGAGA,1
cut-H3K27me3-GACTAGTACCTCCTGA,1
cut-H3K27me3-GACTAGTACGAACTTA,1
cut-H3K27me3-GACTAGTACGACTGGA,1
cut-H3K27me3-GACTAGTACGCATACA,2
cut-H3K27me3-GACTAGTACTCAATGA,0
cut-H3K27me3-GACTAGTAGAATCTGA,1
cut-H3K27me3-GACTAGTACAAGACTA,0
cut-H3K27me3-GACTAGTAGAGCTGAA,1
cut-H3K27me3-GACTAGTAGATAGACA,3
cut-H3K27me3-GACTAGTAGCCACATA,3
cut-H3K27me3-CAATGGAAAAACATCG,8
cut-H3K27me3-CAATGGAAATGCCTAA,2
cut-H3K27me3-CAATGGAAACCACTGT,0
cut-H3K27me3-CAATGGAAACATTGGC,4
cut-H3K27me3-CAATGGAACAGATCTG,4
cut-H3K27me3-CAATGGAACATCAAGT,4
cut-H3K27me3-CAATGGAACGCTGATC,0
cut-H3K27me3-CAATGGAAACAAGCTA,0
cut-H3K27me3-CAATGGAACTGTAGCC,5
cut-H3K27me3-CAATGGAAAGTACAAG,4
cut-H3K27me3-CAATGGAAAACAACCA,4
cut-H3K27me3-CAATGGAAAACCGAGA,8
cut-H3K27me3-CAATGGAAAACGCTTA,4
cut-H3K27me3-CAATGGAAAAGACGGA,3
cut-H3K27me3-CAATGGAAAAGGTACA,11
cut-H3K27me3-CAATGGAAACACAGAA,1
cut-H3K27me3-CAATGGAAACAGCAGA,0
cut-H3K27me3-CAATGGAAACCTCCAA,0
cut-H3K27me3-CAATGGAAACGCTCGA,3
cut-H3K27me3-CAATGGAAACGTATCA,1
cut-H3K27me3-CAATGGAAACTATGCA,7
cut-H3K27me3-CAATGGAAAGAGTCAA,0
cut-H3K27me3-CAATGGAAAGATCGCA,2
cut-H3K27me3-CAATGGAAAGCAGGAA,12
cut-H3K27me3-CAATGGAAAGTCACTA,1
cut-H3K27me3-CAATGGAAATCCTGTA,1
cut-H3K27me3-CAATGGAAATTGAGGA,1
cut-H3K27me3-CAATGGAACAACCACA,3
cut-H3K27me3-CAATGGAACAATGGAA,7
cut-H3K27me3-CAATGGAACACTTCGA,1
cut-H3K27me3-CAATGGAACAGCGTTA,1
cut-H3K27me3-CAATGGAACATACCAA,1
cut-H3K27me3-CAATGGAACCAGTTCA,1
cut-H3K27me3-CAATGGAACCGAAGTA,1
cut-H3K27me3-CAATGGAACCGTGAGA,1
cut-H3K27me3-CAATGGAACCTCCTGA,0
cut-H3K27me3-CAATGGAAGAATCTGA,1
cut-H3K27me3-CAATGGAACAAGACTA,2
cut-H3K27me3-CAATGGAAGAGCTGAA,0
cut-H3K27me3-CAATGGAAGATAGACA,10
cut-H3K27me3-CAATGGAAGCCACATA,1
cut-H3K27me3-CACTTCGAATGCCTAA,0
cut-H3K27me3-CACTTCGAAGTGGTCA,7
cut-H3K27me3-CACTTCGAACCACTGT,0
cut-H3K27me3-CACTTCGAACATTGGC,0
cut-H3K27me3-CACTTCGACAGATCTG,4
cut-H3K27me3-CACTTCGACATCAAGT,4
cut-H3K27me3-CACTTCGACGCTGATC,0
cut-H3K27me3-CACTTCGACTGTAGCC,4
cut-H3K27me3-CACTTCGAAGTACAAG,4
cut-H3K27me3-CACTTCGAAACAACCA,4
cut-H3K27me3-CACTTCGAAACCGAGA,4
cut-H3K27me3-CACTTCGAAACGCTTA,4
cut-H3K27me3-CACTTCGAAAGACGGA,0
cut-H3K27me3-CACTTCGAAAGGTACA,1
cut-H3K27me3-CACTTCGAACACAGAA,9
cut-H3K27me3-CACTTCGAACAGCAGA,1
cut-H3K27me3-CACTTCGAACCTCCAA,0
cut-H3K27me3-CACTTCGAACGCTCGA,3
cut-H3K27me3-CACTTCGAACGTATCA,1
cut-H3K27me3-CACTTCGAACTATGCA,0
cut-H3K27me3-CACTTCGAAGAGTCAA,0
cut-H3K27me3-CACTTCGAAGATCGCA,7
cut-H3K27me3-CACTTCGAAGCAGGAA,12
cut-H3K27me3-CACTTCGAAGTCACTA,1
cut-H3K27me3-CACTTCGAATCCTGTA,1
cut-H3K27me3-CACTTCGAATTGAGGA,1
cut-H3K27me3-CACTTCGACAACCACA,5
cut-H3K27me3-CACTTCGACAATGGAA,7
cut-H3K27me3-CACTTCGACACTTCGA,1
cut-H3K27me3-CACTTCGACAGCGTTA,1
cut-H3K27me3-CACTTCGACATACCAA,1
cut-H3K27me3-CACTTCGACCAGTTCA,1
cut-H3K27me3-CACTTCGACCGAAGTA,1
cut-H3K27me3-CACTTCGACCGTGAGA,1
cut-H3K27me3-CACTTCGACTGGCATA,0
cut-H3K27me3-CACTTCGAGAATCTGA,1
cut-H3K27me3-CACTTCGACAAGACTA,3
cut-H3K27me3-CACTTCGAGAGCTGAA,1
cut-H3K27me3-CACTTCGAGATAGACA,0
cut-H3K27me3-CACTTCGAGCCACATA,0
cut-H3K27me3-CAGCGTTAATGCCTAA,4
cut-H3K27me3-CAGCGTTAAGTGGTCA,0
cut-H3K27me3-CAGCGTTAACCACTGT,9
cut-H3K27me3-CAGCGTTAACATTGGC,0
cut-H3K27me3-CAGCGTTACAGATCTG,0
cut-H3K27me3-CAGCGTTACATCAAGT,4
cut-H3K27me3-CAGCGTTACGCTGATC,3
cut-H3K27me3-CAGCGTTAAGTACAAG,0
cut-H3K27me3-CAGCGTTAAACAACCA,0
cut-H3K27me3-CAGCGTTAAACCGAGA,4
cut-H3K27me3-CAGCGTTAAACGCTTA,4
cut-H3K27me3-CAGCGTTAAAGACGGA,3
cut-H3K27me3-CAGCGTTAAAGGTACA,1
cut-H3K27me3-CAGCGTTAACACAGAA,9
cut-H3K27me3-CAGCGTTAACAGCAGA,1
cut-H3K27me3-CAGCGTTAACCTCCAA,1
cut-H3K27me3-CAGCGTTAACGCTCGA,0
cut-H3K27me3-CAGCGTTAACGTATCA,1
cut-H3K27me3-CAGCGTTAACTATGCA,0
cut-H3K27me3-CAGCGTTAAGAGTCAA,0
cut-H3K27me3-CAGCGTTAAGATCGCA,3
cut-H3K27me3-CAGCGTTAAGCAGGAA,12
cut-H3K27me3-CAGCGTTAAGTCACTA,1
cut-H3K27me3-CAGCGTTAATCCTGTA,1
cut-H3K27me3-CAGCGTTAATTGAGGA,1
cut-H3K27me3-CAGCGTTACAACCACA,0
cut-H3K27me3-CAGCGTTAGACTAGTA,1
cut-H3K27me3-CAGCGTTACAATGGAA,7
cut-H3K27me3-CAGCGTTACACTTCGA,1
cut-H3K27me3-CAGCGTTACAGCGTTA,1
cut-H3K27me3-CAGCGTTACATACCAA,1
cut-H3K27me3-CAGCGTTACCAGTTCA,1
cut-H3K27me3-CAGCGTTACCGAAGTA,1
cut-H3K27me3-CAGCGTTACCGTGAGA,1
cut-H3K27me3-CAGCGTTACCTCCTGA,0
cut-H3K27me3-CAGCGTTACGAACTTA,1
cut-H3K27me3-CAGCGTTACGACTGGA,1
cut-H3K27me3-CAGCGTTACGCATACA,2
cut-H3K27me3-CAGCGTTACTCAATGA,3
cut-H3K27me3-CAGCGTTACTGAGCCA,0
cut-H3K27me3-CAGCGTTACTGGCATA,3
cut-H3K27me3-CAGCGTTAGAATCTGA,0
cut-H3K27me3-CAGCGTTACAAGACTA,0
cut-H3K27me3-CAGCGTTAGAGCTGAA,10
cut-H3K27me3-CAGCGTTAGATAGACA,3
cut-H3K27me3-CAGCGTTAGCCACATA,3
cut-H3K27me3-CATACCAAATGCCTAA,8
cut-H3K27me3-CATACCAAAGTGGTCA,5
cut-H3K27me3-CATACCAAACCACTGT,4
cut-H3K27me3-CATACCAAACATTGGC,0
cut-H3K27me3-CATACCAACAGATCTG,0
cut-H3K27me3-CATACCAAAGTACAAG,0
cut-H3K27me3-CATACCAAAACAACCA,0
cut-H3K27me3-CATACCAAAACCGAGA,4
cut-H3K27me3-CATACCAAAACGCTTA,8
cut-H3K27me3-CATACCAAAAGACGGA,2
cut-H3K27me3-CATACCAAAAGGTACA,1
cut-H3K27me3-CATACCAAACACAGAA,1
cut-H3K27me3-CATACCAAACAGCAGA,1
cut-H3K27me3-CATACCAAACCTCCAA,1
cut-H3K27me3-CATACCAAACGCTCGA,0
cut-H3K27me3-CATACCAAACGTATCA,1
cut-H3K27me3-CATACCAAACTATGCA,3
cut-H3K27me3-CATACCAAAGAGTCAA,1
cut-H3K27me3-CATACCAAAGATCGCA,0
cut-H3K27me3-CATACCAAAGCAGGAA,12
cut-H3K27me3-CATACCAAAGTCACTA,1
cut-H3K27me3-CATACCAAATCCTGTA,1
cut-H3K27me3-CATACCAAATTGAGGA,1
cut-H3K27me3-CATACCAACAACCACA,0
cut-H3K27me3-CATACCAAGACTAGTA,1
cut-H3K27me3-CATACCAACACTTCGA,1
cut-H3K27me3-CATACCAACAGCGTTA,1
cut-H3K27me3-CATACCAACATACCAA,1
cut-H3K27me3-CATACCAACCAGTTCA,0
cut-H3K27me3-CATACCAACCGAAGTA,1
cut-H3K27me3-CATACCAACCGTGAGA,1
cut-H3K27me3-CATACCAACCTCCTGA,0
cut-H3K27me3-CATACCAACGAACTTA,0
cut-H3K27me3-CATACCAACGACTGGA,1
cut-H3K27me3-CATACCAACGCATACA,0
cut-H3K27me3-CATACCAACTCAATGA,0
cut-H3K27me3-CATACCAACTGAGCCA,0
cut-H3K27me3-CATACCAACTGGCATA,0
cut-H3K27me3-CATACCAAGAATCTGA,0
cut-H3K27me3-CATACCAACAAGACTA,2
cut-H3K27me3-CATACCAAGAGCTGAA,0
cut-H3K27me3-CATACCAAGATAGACA,2
cut-H3K27me3-CATACCAAGCCACATA,2
cut-H3K27me3-CCAGTTCAAGTGGTCA,5
cut-H3K27me3-CCAGTTCAACCACTGT,8
cut-H3K27me3-CCAGTTCAACATTGGC,0
cut-H3K27me3-CCAGTTCACAGATCTG,2
cut-H3K27me3-CCAGTTCACATCAAGT,7
cut-H3K27me3-CCAGTTCACTGTAGCC,7
cut-H3K27me3-CCAGTTCAAGTACAAG,0
cut-H3K27me3-CCAGTTCAAACAACCA,0
cut-H3K27me3-CCAGTTCAAACCGAGA,4
cut-H3K27me3-CCAGTTCAAACGCTTA,8
cut-H3K27me3-CCAGTTCAAAGACGGA,10
cut-H3K27me3-CCAGTTCAAAGGTACA,1
cut-H3K27me3-CCAGTTCAACACAGAA,1
cut-H3K27me3-CCAGTTCAACAGCAGA,1
cut-H3K27me3-CCAGTTCAACCTCCAA,1
cut-H3K27me3-CCAGTTCAACGCTCGA,1
cut-H3K27me3-CCAGTTCAACGTATCA,1
cut-H3K27me3-CCAGTTCAACTATGCA,0
cut-H3K27me3-CCAGTTCAAGAGTCAA,1
cut-H3K27me3-CCAGTTCAAGATCGCA,0
cut-H3K27me3-CCAGTTCAAGCAGGAA,12
cut-H3K27me3-CCAGTTCAAGTCACTA,1
cut-H3K27me3-CCAGTTCAATCCTGTA,1
cut-H3K27me3-CCAGTTCAATTGAGGA,0
cut-H3K27me3-CCAGTTCACAACCACA,0
cut-H3K27me3-CCAGTTCAGACTAGTA,1
cut-H3K27me3-CCAGTTCACATACCAA,1
cut-H3K27me3-CCAGTTCACCAGTTCA,0
cut-H3K27me3-CCAGTTCACCGAAGTA,9
cut-H3K27me3-CCAGTTCACCGTGAGA,9
cut-H3K27me3-CCAGTTCACCTCCTGA,0
cut-H3K27me3-CCAGTTCACGAACTTA,9
cut-H3K27me3-CCAGTTCACGACTGGA,9
cut-H3K27me3-CCAGTTCACGCATACA,0
cut-H3K27me3-CCAGTTCACTCAATGA,0
cut-H3K27me3-CCAGTTCACTGAGCCA,3
cut-H3K27me3-CCAGTTCACTGGCATA,0
cut-H3K27me3-CCAGTTCAGAATCTGA,0
cut-H3K27me3-CCAGTTCACAAGACTA,7
cut-H3K27me3-CCAGTTCAGAGCTGAA,0
cut-H3K27me3-CCAGTTCAGATAGACA,2
cut-H3K27me3-CCAGTTCAGCCACATA,3
cut-H3K27me3-CCGAAGTAAACGTGAT,7
cut-H3K27me3-CCGAAGTAAGTGGTCA,7
cut-H3K27me3-CCGAAGTAACCACTGT,0
cut-H3K27me3-CCGAAGTAACATTGGC,0
cut-H3K27me3-CCGAAGTACAGATCTG,0
cut-H3K27me3-CCGAAGTACATCAAGT,2
cut-H3K27me3-CCGAAGTACGCTGATC,7
cut-H3K27me3-CCGAAGTAACAAGCTA,2
cut-H3K27me3-CCGAAGTACTGTAGCC,3
cut-H3K27me3-CCGAAGTAAGTACAAG,4
cut-H3K27me3-CCGAAGTAAACAACCA,11
cut-H3K27me3-CCGAAGTAAACCGAGA,4
cut-H3K27me3-CCGAAGTAAACGCTTA,1
cut-H3K27me3-CCGAAGTAAAGACGGA,0
cut-H3K27me3-CCGAAGTAAAGGTACA,1
cut-H3K27me3-CCGAAGTAACACAGAA,1
cut-H3K27me3-CCGAAGTAACAGCAGA,1
cut-H3K27me3-CCGAAGTAACCTCCAA,1
cut-H3K27me3-CCGAAGTAACGCTCGA,0
cut-H3K27me3-CCGAAGTAACGTATCA,1
cut-H3K27me3-CCGAAGTAACTATGCA,0
cut-H3K27me3-CCGAAGTAAGAGTCAA,0
cut-H3K27me3-CCGAAGTAAGATCGCA,3
cut-H3K27me3-CCGAAGTAAGCAGGAA,12
cut-H3K27me3-CCGAAGTAAGTCACTA,1
cut-H3K27me3-CCGAAGTAATCCTGTA,1
cut-H3K27me3-CCGAAGTAATTGAGGA,1
cut-H3K27me3-CCGAAGTACAACCACA,0
cut-H3K27me3-CCGAAGTAGACTAGTA,1
cut-H3K27me3-CCGAAGTACAGCGTTA,0
cut-H3K27me3-CCGAAGTACATACCAA,1
cut-H3K27me3-CCGAAGTACCAGTTCA,0
cut-H3K27me3-CCGAAGTACCGAAGTA,9
cut-H3K27me3-CCGAAGTACCGTGAGA,9
cut-H3K27me3-CCGAAGTACCTCCTGA,0
cut-H3K27me3-CCGAAGTACGAACTTA,9
cut-H3K27me3-CCGAAGTACGACTGGA,9
cut-H3K27me3-CCGAAGTACGCATACA,0
cut-H3K27me3-CCGAAGTACTCAATGA,2
cut-H3K27me3-CCGAAGTACTGAGCCA,0
cut-H3K27me3-CCGAAGTACTGGCATA,0
cut-H3K27me3-CCGAAGTAGAATCTGA,0
cut-H3K27me3-CCGAAGTACAAGACTA,3
cut-H3K27me3-CCGAAGTAGAGCTGAA,1
cut-H3K27me3-CCGAAGTAGATAGACA,0
cut-H3K27me3-CCGAAGTAGCCACATA,0
cut-H3K27me3-CCGTGAGAAACGTGAT,0
cut-H3K27me3-CCGTGAGAAAACATCG,0
cut-H3K27me3-CCGTGAGAATGCCTAA,2
cut-H3K27me3-CCGTGAGAAGTGGTCA,7
cut-H3K27me3-CCGTGAGAACCACTGT,3
cut-H3K27me3-CCGTGAGAACATTGGC,0
cut-H3K27me3-CCGTGAGACAGATCTG,11
cut-H3K27me3-CCGTGAGACATCAAGT,2
cut-H3K27me3-CCGTGAGACGCTGATC,0
cut-H3K27me3-CCGTGAGAACAAGCTA,0
cut-H3K27me3-CCGTGAGACTGTAGCC,8
cut-H3K27me3-CCGTGAGAAGTACAAG,8
cut-H3K27me3-CCGTGAGAAACAACCA,4
cut-H3K27me3-CCGTGAGAAACCGAGA,0
cut-H3K27me3-CCGTGAGAAACGCTTA,1
cut-H3K27me3-CCGTGAGAAAGACGGA,0
cut-H3K27me3-CCGTGAGAAAGGTACA,0
cut-H3K27me3-CCGTGAGAACACAGAA,9
cut-H3K27me3-CCGTGAGAACAGCAGA,8
cut-H3K27me3-CCGTGAGAACCTCCAA,1
cut-H3K27me3-CCGTGAGAACGCTCGA,0
cut-H3K27me3-CCGTGAGAACGTATCA,1
cut-H3K27me3-CCGTGAGAACTATGCA,0
cut-H3K27me3-CCGTGAGAAGAGTCAA,0
cut-H3K27me3-CCGTGAGAAGATCGCA,2
cut-H3K27me3-CCGTGAGAAGCAGGAA,12
cut-H3K27me3-CCGTGAGAAGTCACTA,1
cut-H3K27me3-CCGTGAGAATCCTGTA,1
cut-H3K27me3-CCGTGAGAATTGAGGA,5
cut-H3K27me3-CCGTGAGACAACCACA,0
cut-H3K27me3-CCGTGAGAGACTAGTA,1
cut-H3K27me3-CCGTGAGACAGCGTTA,0
cut-H3K27me3-CCGTGAGACATACCAA,1
cut-H3K27me3-CCGTGAGACCAGTTCA,9
cut-H3K27me3-CCGTGAGACCGAAGTA,9
cut-H3K27me3-CCGTGAGACCGTGAGA,9
cut-H3K27me3-CCGTGAGACCTCCTGA,0
cut-H3K27me3-CCGTGAGACGAACTTA,9
cut-H3K27me3-CCGTGAGACGACTGGA,9
cut-H3K27me3-CCGTGAGACGCATACA,0
cut-H3K27me3-CCGTGAGACTCAATGA,0
cut-H3K27me3-CCGTGAGACTGAGCCA,0
cut-H3K27me3-CCGTGAGACTGGCATA,1
cut-H3K27me3-CCGTGAGAGAATCTGA,1
cut-H3K27me3-CCGTGAGACAAGACTA,0
cut-H3K27me3-CCGTGAGAGAGCTGAA,1
cut-H3K27me3-CCGTGAGAGATAGACA,0
cut-H3K27me3-CCGTGAGAGCCACATA,0
cut-H3K27me3-CCTCCTGAAACGTGAT,5
cut-H3K27me3-CCTCCTGAAAACATCG,8
cut-H3K27me3-CCTCCTGAATGCCTAA,2
cut-H3K27me3-CCTCCTGAAGTGGTCA,2
cut-H3K27me3-CCTCCTGAACCACTGT,0
cut-H3K27me3-CCTCCTGAACATTGGC,8
cut-H3K27me3-CCTCCTGACAGATCTG,4
cut-H3K27me3-CCTCCTGACATCAAGT,8
cut-H3K27me3-CCTCCTGACGCTGATC,8
cut-H3K27me3-CCTCCTGAACAAGCTA,4
cut-H3K27me3-CCTCCTGACTGTAGCC,4
cut-H3K27me3-CCTCCTGAAGTACAAG,0
cut-H3K27me3-CCTCCTGAAACAACCA,0
cut-H3K27me3-CCTCCTGAAACCGAGA,3
cut-H3K27me3-CCTCCTGAAACGCTTA,9
cut-H3K27me3-CCTCCTGAAAGACGGA,0
cut-H3K27me3-CCTCCTGAAAGGTACA,11
cut-H3K27me3-CCTCCTGAACACAGAA,1
cut-H3K27me3-CCTCCTGAACAGCAGA,1
cut-H3K27me3-CCTCCTGAACCTCCAA,1
cut-H3K27me3-CCTCCTGAACGCTCGA,0
cut-H3K27me3-CCTCCTGAACGTATCA,1
cut-H3K27me3-CCTCCTGAACTATGCA,0
cut-H3K27me3-CCTCCTGAAGAGTCAA,0
cut-H3K27me3-CCTCCTGAAGATCGCA,2
cut-H3K27me3-CCTCCTGAAGCAGGAA,12
cut-H3K27me3-CCTCCTGAAGTCACTA,1
cut-H3K27me3-CCTCCTGAATCCTGTA,1
cut-H3K27me3-CCTCCTGAATTGAGGA,1
cut-H3K27me3-CCTCCTGACAACCACA,3
cut-H3K27me3-CCTCCTGAGACTAGTA,1
cut-H3K27me3-CCTCCTGACAGCGTTA,2
cut-H3K27me3-CCTCCTGACATACCAA,0
cut-H3K27me3-CCTCCTGACCAGTTCA,9
cut-H3K27me3-CCTCCTGACCGAAGTA,9
cut-H3K27me3-CCTCCTGACCGTGAGA,9
cut-H3K27me3-CCTCCTGACCTCCTGA,0
cut-H3K27me3-CCTCCTGACGAACTTA,9
cut-H3K27me3-CCTCCTGACGACTGGA,9
cut-H3K27me3-CCTCCTGACGCATACA,0
cut-H3K27me3-CCTCCTGACTCAATGA,0
cut-H3K27me3-CCTCCTGACTGAGCCA,0
cut-H3K27me3-CCTCCTGACTGGCATA,1
cut-H3K27me3-CCTCCTGAGAATCTGA,0
cut-H3K27me3-CCTCCTGACAAGACTA,0
cut-H3K27me3-CCTCCTGAGAGCTGAA,9
cut-H3K27me3-CCTCCTGAGATAGACA,1
cut-H3K27me3-CCTCCTGAGCCACATA,0
cut-H3K27me3-CGAACTTAATGCCTAA,4
cut-H3K27me3-CGAACTTAAGTGGTCA,0
cut-H3K27me3-CGAACTTAACCACTGT,8
cut-H3K27me3-CGAACTTAACATTGGC,8
cut-H3K27me3-CGAACTTACAGATCTG,8
cut-H3K27me3-CGAACTTACATCAAGT,8
cut-H3K27me3-CGAACTTACGCTGATC,4
cut-H3K27me3-CGAACTTAACAAGCTA,4
cut-H3K27me3-CGAACTTACTGTAGCC,0
cut-H3K27me3-CGAACTTAAGTACAAG,0
cut-H3K27me3-CGAACTTAAACAACCA,0
cut-H3K27me3-CGAACTTAAACCGAGA,3
cut-H3K27me3-CGAACTTAAACGCTTA,9
cut-H3K27me3-CGAACTTAAAGACGGA,2
cut-H3K27me3-CGAACTTAAAGGTACA,3
cut-H3K27me3-CGAACTTAACACAGAA,11
cut-H3K27me3-CGAACTTAACAGCAGA,1
cut-H3K27me3-CGAACTTAACCTCCAA,11
cut-H3K27me3-CGAACTTAACGCTCGA,3
cut-H3K27me3-CGAACTTAACGTATCA,0
cut-H3K27me3-CGAACTTAACTATGCA,0
cut-H3K27me3-CGAACTTAAGAGTCAA,0
cut-H3K27me3-CGAACTTAAGATCGCA,3
cut-H3K27me3-CGAACTTAAGCAGGAA,12
cut-H3K27me3-CGAACTTAAGTCACTA,1
cut-H3K27me3-CGAACTTAATCCTGTA,1
cut-H3K27me3-CGAACTTAATTGAGGA,0
cut-H3K27me3-CGAACTTACAACCACA,2
cut-H3K27me3-CGAACTTAGACTAGTA,1
cut-H3K27me3-CGAACTTACAGCGTTA,0
cut-H3K27me3-CGAACTTACCAGTTCA,9
cut-H3K27me3-CGAACTTACCGAAGTA,9
cut-H3K27me3-CGAACTTACCGTGAGA,9
cut-H3K27me3-CGAACTTACCTCCTGA,0
cut-H3K27me3-CGAACTTACGAACTTA,9
cut-H3K27me3-CGAACTTACTCAATGA,0
cut-H3K27me3-CGAACTTACTGAGCCA,0
cut-H3K27me3-CGAACTTACTGGCATA,0
cut-H3K27me3-CGAACTTAGAATCTGA,0
cut-H3K27me3-CGAACTTACAAGACTA,0
cut-H3K27me3-CGAACTTAGAGCTGAA,9
cut-H3K27me3-CGAACTTAGATAGACA,9
cut-H3K27me3-CGAACTTAGCCACATA,0
cut-H3K27me3-CGACTGGACATCAAGT,8
cut-H3K27me3-CGACTGGACGCTGATC,8
cut-H3K27me3-CGACTGGAACAAGCTA,0
cut-H3K27me3-CGACTGGACTGTAGCC,2
cut-H3K27me3-CGACTGGAAGTACAAG,1
cut-H3K27me3-CGACTGGAAACCGAGA,1
cut-H3K27me3-CGACTGGAAACGCTTA,1
cut-H3K27me3-CGACTGGAAAGACGGA,0
cut-H3K27me3-CGACTGGAAAGGTACA,1
cut-H3K27me3-CGACTGGAACACAGAA,9
cut-H3K27me3-CGACTGGAACAGCAGA,1
cut-H3K27me3-CGACTGGAACCTCCAA,0
cut-H3K27me3-CGACTGGAACGCTCGA,0
cut-H3K27me3-CGACTGGAACGTATCA,3
cut-H3K27me3-CGACTGGAACTATGCA,0
cut-H3K27me3-CGACTGGAAGAGTCAA,0
cut-H3K27me3-CGACTGGAAGATCGCA,2
cut-H3K27me3-CGACTGGAAGCAGGAA,12
cut-H3K27me3-CGACTGGAAGTCACTA,1
cut-H3K27me3-CGACTGGAATCCTGTA,1
cut-H3K27me3-CGACTGGAATTGAGGA,1
cut-H3K27me3-CGACTGGACAACCACA,3
cut-H3K27me3-CGACTGGACACTTCGA,1
cut-H3K27me3-CGACTGGACAGCGTTA,0
cut-H3K27me3-CGACTGGACCAGTTCA,9
cut-H3K27me3-CGACTGGACCGAAGTA,9
cut-H3K27me3-CGACTGGACCGTGAGA,9
cut-H3K27me3-CGACTGGACCTCCTGA,0
cut-H3K27me3-CGACTGGACGAACTTA,9
cut-H3K27me3-CGACTGGACTGAGCCA,0
cut-H3K27me3-CGACTGGACTGGCATA,10
cut-H3K27me3-CGACTGGAGAATCTGA,9
cut-H3K27me3-CGACTGGACAAGACTA,2
cut-H3K27me3-CGACTGGAGAGCTGAA,1
cut-H3K27me3-CGACTGGAGATAGACA,0
cut-H3K27me3-CGACTGGAGCCACATA,1
cut-H3K27me3-CGCATACAAACGCTTA,1
cut-H3K27me3-CGCATACAAAGACGGA,2
cut-H3K27me3-CGCATACAAAGGTACA,1
cut-H3K27me3-CGCATACAACACAGAA,1
cut-H3K27me3-CGCATACAACAGCAGA,1
cut-H3K27me3-CGCATACAACCTCCAA,1
cut-H3K27me3-CGCATACAACGCTCGA,0
cut-H3K27me3-CGCATACAACGTATCA,0
cut-H3K27me3-CGCATACAACTATGCA,0
cut-H3K27me3-CGCATACAAGAGTCAA,3
cut-H3K27me3-CGCATACAAGATCGCA,7
cut-H3K27me3-CGCATACAAGCAGGAA,12
cut-H3K27me3-CGCATACAAGTCACTA,0
cut-H3K27me3-CGCATACAATCCTGTA,1
cut-H3K27me3-CGCATACAATTGAGGA,2
cut-H3K27me3-CGCATACACAATGGAA,7
cut-H3K27me3-CGCATACACACTTCGA,1
cut-H3K27me3-CGCATACACCGAAGTA,1
cut-H3K27me3-CGCATACACCGTGAGA,1
cut-H3K27me3-CGCATACACCTCCTGA,8
cut-H3K27me3-CGCATACACGAACTTA,1
cut-H3K27me3-CGCATACACGACTGGA,1
cut-H3K27me3-CGCATACACGCATACA,3
cut-H3K27me3-CGCATACACTCAATGA,3
cut-H3K27me3-CGCATACACTGAGCCA,0
cut-H3K27me3-CGCATACACTGGCATA,0
cut-H3K27me3-CGCATACAGAATCTGA,0
cut-H3K27me3-CGCATACACAAGACTA,3
cut-H3K27me3-CGCATACAGAGCTGAA,1
cut-H3K27me3-CGCATACAGATAGACA,3
cut-H3K27me3-CGCATACAGCCACATA,1
cut-H3K27me3-CTCAATGAAAGACGGA,0
cut-H3K27me3-CTCAATGAAAGGTACA,1
cut-H3K27me3-CTCAATGAACACAGAA,1
cut-H3K27me3-CTCAATGAACAGCAGA,1
cut-H3K27me3-CTCAATGAACCTCCAA,1
cut-H3K27me3-CTCAATGAACGCTCGA,2
cut-H3K27me3-CTCAATGAACGTATCA,3
cut-H3K27me3-CTCAATGAACTATGCA,0
cut-H3K27me3-CTCAATGAGACTAGTA,0
cut-H3K27me3-CTCAATGACAATGGAA,2
cut-H3K27me3-CTCAATGACACTTCGA,0
cut-H3K27me3-CTCAATGACAGCGTTA,2
cut-H3K27me3-CTCAATGACATACCAA,1
cut-H3K27me3-CTCAATGACCAGTTCA,1
cut-H3K27me3-CTCAATGACCGAAGTA,1
cut-H3K27me3-CTCAATGACCGTGAGA,1
cut-H3K27me3-CTCAATGACCTCCTGA,1
cut-H3K27me3-CTCAATGACGAACTTA,1
cut-H3K27me3-CTCAATGACGACTGGA,1
cut-H3K27me3-CTCAATGACGCATACA,0
cut-H3K27me3-CTCAATGACTCAATGA,0
cut-H3K27me3-CTCAATGACTGAGCCA,1
cut-H3K27me3-CTCAATGACTGGCATA,1
cut-H3K27me3-CTCAATGAGAATCTGA,1
cut-H3K27me3-CTCAATGACAAGACTA,0
cut-H3K27me3-CTCAATGAGAGCTGAA,1
cut-H3K27me3-CTCAATGAGATAGACA,2
cut-H3K27me3-CTCAATGAGCCACATA,9
cut-H3K27me3-CTGAGCCAAAGGTACA,1
cut-H3K27me3-CTGAGCCAACACAGAA,1
cut-H3K27me3-CTGAGCCAACAGCAGA,1
cut-H3K27me3-CTGAGCCAACCTCCAA,1
cut-H3K27me3-CTGAGCCAACGCTCGA,5
cut-H3K27me3-CTGAGCCAACGTATCA,5
cut-H3K27me3-CTGAGCCAATCCTGTA,11
cut-H3K27me3-CTGAGCCAATTGAGGA,0
cut-H3K27me3-CTGAGCCACAACCACA,0
cut-H3K27me3-CTGAGCCAGACTAGTA,1
cut-H3K27me3-CTGAGCCACAATGGAA,7
cut-H3K27me3-CTGAGCCACACTTCGA,1
cut-H3K27me3-CTGAGCCACAGCGTTA,1
cut-H3K27me3-CTGAGCCACATACCAA,1
cut-H3K27me3-CTGAGCCACCAGTTCA,1
cut-H3K27me3-CTGAGCCACCGAAGTA,1
cut-H3K27me3-CTGAGCCACCGTGAGA,1
cut-H3K27me3-CTGAGCCACCTCCTGA,1
cut-H3K27me3-CTGAGCCACGAACTTA,1
cut-H3K27me3-CTGAGCCACGACTGGA,1
cut-H3K27me3-CTGAGCCACGCATACA,0
cut-H3K27me3-CTGAGCCACTCAATGA,0
cut-H3K27me3-CTGAGCCACTGAGCCA,1
cut-H3K27me3-CTGAGCCACTGGCATA,1
cut-H3K27me3-CTGAGCCAGAATCTGA,1
cut-H3K27me3-CTGAGCCACAAGACTA,0
cut-H3K27me3-CTGAGCCAGAGCTGAA,1
cut-H3K27me3-CTGAGCCAGATAGACA,1
cut-H3K27me3-CTGAGCCAGCCACATA,0
cut-H3K27me3-CTGGCATAAGTCACTA,1
cut-H3K27me3-CTGGCATAATCCTGTA,1
cut-H3K27me3-CTGGCATAATTGAGGA,1
cut-H3K27me3-CTGGCATACAACCACA,2
cut-H3K27me3-CTGGCATAGACTAGTA,1
cut-H3K27me3-CTGGCATACAATGGAA,7
cut-H3K27me3-CTGGCATACACTTCGA,1
cut-H3K27me3-CTGGCATACAGCGTTA,1
cut-H3K27me3-CTGGCATACATACCAA,1
cut-H3K27me3-CTGGCATACCAGTTCA,1
cut-H3K27me3-CTGGCATACCGAAGTA,1
cut-H3K27me3-CTGGCATACCGTGAGA,1
cut-H3K27me3-CTGGCATACCTCCTGA,1
cut-H3K27me3-CTGGCATACGAACTTA,1
cut-H3K27me3-CTGGCATACGACTGGA,1
cut-H3K27me3-CTGGCATACGCATACA,0
cut-H3K27me3-CTGGCATACTCAATGA,2
cut-H3K27me3-CTGGCATACTGAGCCA,1
cut-H3K27me3-CTGGCATACTGGCATA,1
cut-H3K27me3-CTGGCATAGAATCTGA,1
cut-H3K27me3-CTGGCATACAAGACTA,0
cut-H3K27me3-CTGGCATAGAGCTGAA,1
cut-H3K27me3-CTGGCATAGATAGACA,1
cut-H3K27me3-CTGGCATAGCCACATA,0
cut-H3K27me3-GAATCTGAAGTCACTA,1
cut-H3K27me3-GAATCTGAATCCTGTA,1
cut-H3K27me3-GAATCTGAATTGAGGA,1
cut-H3K27me3-GAATCTGACAACCACA,0
cut-H3K27me3-GAATCTGAGACTAGTA,1
cut-H3K27me3-GAATCTGACAATGGAA,7
cut-H3K27me3-GAATCTGACACTTCGA,1
cut-H3K27me3-GAATCTGACAGCGTTA,0
cut-H3K27me3-GAATCTGACATACCAA,1
cut-H3K27me3-GAATCTGACCAGTTCA,1
cut-H3K27me3-GAATCTGACCGAAGTA,1
cut-H3K27me3-GAATCTGACCGTGAGA,1
cut-H3K27me3-GAATCTGACCTCCTGA,1
cut-H3K27me3-GAATCTGACGAACTTA,1
cut-H3K27me3-GAATCTGACGACTGGA,1
cut-H3K27me3-GAATCTGACGCATACA,0
cut-H3K27me3-GAATCTGACTCAATGA,0
cut-H3K27me3-GAATCTGACTGAGCCA,1
cut-H3K27me3-GAATCTGACTGGCATA,1
cut-H3K27me3-GAATCTGAGAATCTGA,1
cut-H3K27me3-GAATCTGACAAGACTA,0
cut-H3K27me3-GAATCTGAGAGCTGAA,1
cut-H3K27me3-GAATCTGAGATAGACA,1
cut-H3K27me3-GAATCTGAGCCACATA,3
cut-H3K27me3-CAAGACTAAAGGTACA,1
cut-H3K27me3-CAAGACTAACACAGAA,0
cut-H3K27me3-CAAGACTAACAGCAGA,1
cut-H3K27me3-CAAGACTAACCTCCAA,5
cut-H3K27me3-CAAGACTAAGTCACTA,1
cut-H3K27me3-CAAGACTAATCCTGTA,1
cut-H3K27me3-CAAGACTAATTGAGGA,1
cut-H3K27me3-CAAGACTACAACCACA,0
cut-H3K27me3-CAAGACTAGACTAGTA,1
cut-H3K27me3-CAAGACTACAATGGAA,2
cut-H3K27me3-CAAGACTACACTTCGA,1
cut-H3K27me3-CAAGACTACAGCGTTA,1
cut-H3K27me3-CAAGACTACATACCAA,1
cut-H3K27me3-CAAGACTACCAGTTCA,1
cut-H3K27me3-CAAGACTACCGAAGTA,1
cut-H3K27me3-CAAGACTACCGTGAGA,8
cut-H3K27me3-CAAGACTACCTCCTGA,1
cut-H3K27me3-CAAGACTACGAACTTA,1
cut-H3K27me3-CAAGACTACGACTGGA,1
cut-H3K27me3-CAAGACTACGCATACA,0
cut-H3K27me3-CAAGACTACTCAATGA,0
cut-H3K27me3-CAAGACTACTGAGCCA,4
cut-H3K27me3-CAAGACTACTGGCATA,1
cut-H3K27me3-CAAGACTAGAATCTGA,1
cut-H3K27me3-CAAGACTACAAGACTA,0
cut-H3K27me3-CAAGACTAGAGCTGAA,1
cut-H3K27me3-CAAGACTAGATAGACA,1
cut-H3K27me3-CAAGACTAGCCACATA,8
cut-H3K27me3-GAGCTGAAAACGCTTA,0
cut-H3K27me3-GAGCTGAAAAGACGGA,0
cut-H3K27me3-GAGCTGAAAAGGTACA,1
cut-H3K27me3-GAGCTGAAACACAGAA,1
cut-H3K27me3-GAGCTGAAACAGCAGA,1
cut-H3K27me3-GAGCTGAAACCTCCAA,1
cut-H3K27me3-GAGCTGAAATTGAGGA,1
cut-H3K27me3-GAGCTGAACAACCACA,0
cut-H3K27me3-GAGCTGAAGACTAGTA,1
cut-H3K27me3-GAGCTGAACAATGGAA,2
cut-H3K27me3-GAGCTGAACACTTCGA,1
cut-H3K27me3-GAGCTGAACAGCGTTA,0
cut-H3K27me3-GAGCTGAACATACCAA,1
cut-H3K27me3-GAGCTGAACCAGTTCA,1
cut-H3K27me3-GAGCTGAACCGAAGTA,1
cut-H3K27me3-GAGCTGAACCGTGAGA,1
cut-H3K27me3-GAGCTGAACCTCCTGA,1
cut-H3K27me3-GAGCTGAACGAACTTA,1
cut-H3K27me3-GAGCTGAACGACTGGA,1
cut-H3K27me3-GAGCTGAACGCATACA,0
cut-H3K27me3-GAGCTGAACTCAATGA,0
cut-H3K27me3-GAGCTGAACTGAGCCA,1
cut-H3K27me3-GAGCTGAACTGGCATA,1
cut-H3K27me3-GAGCTGAAGAATCTGA,1
cut-H3K27me3-GAGCTGAACAAGACTA,0
cut-H3K27me3-GAGCTGAAGAGCTGAA,1
cut-H3K27me3-GAGCTGAAGATAGACA,1
cut-H3K27me3-GAGCTGAAGCCACATA,1
cut-H3K27me3-GATAGACAAACCGAGA,0
cut-H3K27me3-GATAGACAAACGCTTA,1
cut-H3K27me3-GATAGACAAAGACGGA,3
cut-H3K27me3-GATAGACAAAGGTACA,1
cut-H3K27me3-GATAGACAACACAGAA,1
cut-H3K27me3-GATAGACAACAGCAGA,1
cut-H3K27me3-GATAGACACAACCACA,0
cut-H3K27me3-GATAGACAGACTAGTA,0
cut-H3K27me3-GATAGACACAATGGAA,2
cut-H3K27me3-GATAGACACACTTCGA,1
cut-H3K27me3-GATAGACACAGCGTTA,1
cut-H3K27me3-GATAGACACATACCAA,1
cut-H3K27me3-GATAGACACCAGTTCA,1
cut-H3K27me3-GATAGACACCGAAGTA,1
cut-H3K27me3-GATAGACACCGTGAGA,1
cut-H3K27me3-GATAGACACCTCCTGA,1
cut-H3K27me3-GATAGACACGAACTTA,1
cut-H3K27me3-GATAGACACGACTGGA,1
cut-H3K27me3-GATAGACACGCATACA,0
cut-H3K27me3-GATAGACACTCAATGA,0
cut-H3K27me3-GATAGACACTGAGCCA,1
cut-H3K27me3-GATAGACACTGGCATA,1
cut-H3K27me3-GATAGACAGAATCTGA,1
cut-H3K27me3-GATAGACACAAGACTA,0
cut-H3K27me3-GATAGACAGAGCTGAA,1
cut-H3K27me3-GATAGACAGATAGACA,1
cut-H3K27me3-GATAGACAGCCACATA,1
cut-H3K27me3-GCCACATAAACAACCA,0
cut-H3K27me3-GCCACATAAACCGAGA,1
cut-H3K27me3-GCCACATAAACGCTTA,1
cut-H3K27me3-GCCACATAAAGACGGA,2
cut-H3K27me3-GCCACATAAAGGTACA,3
cut-H3K27me3-GCCACATAACACAGAA,0
cut-H3K27me3-GCCACATAACAGCAGA,0
cut-H3K27me3-GCCACATAGACTAGTA,1
cut-H3K27me3-GCCACATACAATGGAA,2
cut-H3K27me3-GCCACATACACTTCGA,1
cut-H3K27me3-GCCACATACAGCGTTA,0
cut-H3K27me3-GCCACATACATACCAA,1
cut-H3K27me3-GCCACATACCAGTTCA,1
cut-H3K27me3-GCCACATACCGAAGTA,1
cut-H3K27me3-GCCACATACCGTGAGA,1
cut-H3K27me3-GCCACATACCTCCTGA,1
cut-H3K27me3-GCCACATACGAACTTA,1
cut-H3K27me3-GCCACATACGACTGGA,1
cut-H3K27me3-GCCACATACGCATACA,0
cut-H3K27me3-GCCACATACTCAATGA,0
cut-H3K27me3-GCCACATACTGAGCCA,1
cut-H3K27me3-GCCACATACTGGCATA,1
cut-H3K27me3-GCCACATAGAATCTGA,1
cut-H3K27me3-GCCACATACAAGACTA,7
cut-H3K27me3-GCCACATAGAGCTGAA,1
cut-H3K27me3-GCCACATAGATAGACA,1
cut-H3K27me3-GCCACATAGCCACATA,1
