,cluster
s1-AACACTTGGCAAGGAA-1,3
s1-AACAGGATTCATAGTT-1,1
s1-AACAGGTTATTGCACC-1,3
s1-AACAGGTTCACCGAAG-1,1
s1-AACAGTCAGGCTCCGC-1,9
s1-AACAGTCGTGTCGCGG-1,4
s1-AACATACTCATATGCG-1,9
s1-AACATAGTCTATCTAC-1,0
s1-AACATATTCTTGCGAA-1,4
s1-AACATCGCGTGACCAC-1,4
s1-AACATCTAATGACCGG-1,0
s1-AACATGACGCAGCGTG-1,6
s1-AACCAAGGTATCAGGC-1,8
s1-AACCAATCTGGTTGGC-1,2
s1-AACCACTAACATGATT-1,7
s1-AACCACTGCCATAGCC-1,2
s1-AACCAGAATCAGACGT-1,6
s1-AACCATGAATTGCCTT-1,4
s1-AACCGCCAGACTACTT-1,2
s1-AACCGTGCTTATGTTG-1,0
s1-AACCTAAGATACTGAG-1,0
s1-AACCTACAGAGGTAGT-1,0
s1-AACCTACTGTAACTCA-1,1
s1-AACCTGACAGTGCCGC-1,5
s1-AACCTTAGCGTCCGGT-1,0
s1-AACGAAGCGTGGAAGT-1,1
s1-AACGAATTGACCGGTT-1,8
s1-AACGAGCCTCTTCGGC-1,6
s1-AACGAGCTAATAACTA-1,9
s1-AACGGCACAGAATATT-1,1
s1-AACGGTAATCGACCTG-1,9
s1-AACTAACGAACTAGAT-1,4
s1-AACTAGCACTGTTCGA-1,1
s1-AACTAGCATCACGTAC-1,0
s1-AACTAGCCTAATAGCA-1,8
s1-AACTAGCCTTGCAATA-1,5
s1-AACTAGGCCTGACACC-1,2
s1-AACTATCGTCATAGTC-1,0
s1-AACTATCTAGCAGTAT-1,9
s1-AACTATGCTGCATTCG-1,7
s1-AACTATGTGCTTGTTA-1,2
s1-AACTATTCTGCGGCCT-1,3
s1-AACTCAACCTTGACCA-1,0
s1-AACTCAACTTGACAGC-1,2
s1-AACTCACCGAACTTAT-1,5
s1-AACTCACCTCGGTGTT-1,2
s1-AACTCACGGAGTACGT-1,4
s1-AACTCAGATCCATGCC-1,7
s1-AACTGCAACGTCCTGG-1,2
s1-AACTGCCTCGATAGGT-1,5
s1-AACTGCGAACCTTACC-1,5
s1-AACTGCGATCGACTAA-1,4
s1-AACTGCGGTCCGAAGC-1,9
s1-AACTGCTACCTCGATA-1,2
s1-AACTTCAAGGATAATC-1,0
s1-AACTTCAGATACTACC-1,2
s1-AACTTCAGCATGGCCG-1,4
s1-AACTTCATCTTCTGGT-1,6
s1-AACTTCGCTTAGTCAG-1,0
s1-AACTTGCAACTTGGAC-1,3
s1-AACTTGGTTAATACTA-1,7
s1-AACTTGGTTACATAAC-1,6
s1-AAGAATTCTGGCTGCA-1,8
s1-AAGACAATCTCCTGCA-1,6
s1-AAGACTAAGGAGATCC-1,0
s1-AAGACTCAAGGCTCCA-1,9
s1-AAGACTGTCATAGTGC-1,2
s1-AAGAGCAGATGTGCCA-1,1
s1-AAGATACAGGCGAACG-1,4
s1-AAGATAGGCTTGCTTA-1,0
s1-AAGATATTGGACGTCC-1,4
s1-AAGATCTGTAACTTGT-1,8
s1-AAGATGAAGGTCATCG-1,4
s1-AAGATGGCCGCTAGTT-1,7
s1-AAGATTAGGCTGTCTA-1,7
s1-AAGATTATCTAGCATA-1,3
s1-AAGCAGCGGACACGTG-1,2
s1-AAGCAGTATCAGAATC-1,6
s1-AAGCAGTGAGTGCGAC-1,0
s1-AAGCAGTGGCATCACT-1,0
s1-AAGCAGTGGCTCATCC-1,6
s1-AAGCAGTGTAGAATCT-1,5
s1-AAGCATCAAGCGTGAT-1,1
s1-AAGCATTGAGTGGTTG-1,3
s1-AAGCCACCATTCAAGA-1,6
s1-AAGCCACTATGTCTAA-1,0
s1-AAGCCAGATATCAGAA-1,4
s1-AAGCCAGATCCAACAT-1,0
s1-AAGCCAGGCCGACGTG-1,8
s1-AAGCCAGGCTGCTTGA-1,0
s1-AAGCCAGGTTACGAAC-1,6
s1-AAGCCATCCGTGCTAT-1,2
s1-AAGCCATCGCGATATG-1,9
s1-AAGCCATTATCGAAGG-1,0
s1-AAGCCATTATCTGCCA-1,0
s1-AAGCGAGGAAGTGAAC-1,7
s1-AAGCGTTCGTCTGTCC-1,5
s1-AAGGACATAACCGCAC-1,4
s1-AAGGACCAACATGGCT-1,9
s1-AAGGAGGCACTCAATT-1,5
s1-AAGGCAGTCTGATCAC-1,1
s1-AAGGCATGAACAGCTC-1,5
s1-AAGGCCAATTCAATAA-1,0
s1-AAGGCCAGTCGCAATT-1,1
s1-AAGGCCGACCTACCTG-1,3
s1-AAGGCCGACTATGTAA-1,1
s1-AAGGCCGATTCTGAGC-1,3
s1-AAGGCCTCGCGAGGAA-1,0
s1-AAGGCGAACTAGTAGA-1,1
s1-AAGGCGACGGTGTCGG-1,0
s1-AAGGCGAGGTTCATGT-1,3
s1-AAGGCGCCGACAATCT-1,4
s1-AAGGTGATCCGTGACG-1,4
s1-AAGGTGCCGCTAAGGT-1,4
s1-AAGGTGGATATGATCG-1,0
s1-AAGGTTCATGCGGTGC-1,4
s1-AAGGTTGCAGAAGCAG-1,7
s1-AAGGTTGCTGAGTTGA-1,1
s1-AAGTACTAAGGTTACG-1,0
s1-AAGTACTACAGTAGAA-1,9
s1-AAGTACTGGATGCGCA-1,2
s1-AAGTATTGTAGGTCGC-1,3
s1-AAGTCGCTATCCTGTC-1,2
s1-AAGTCGGACACTTCAG-1,1
s1-AAGTCTACCGGTTGGA-1,5
s1-AAGTCTGTCAATTCTT-1,1
s1-AAGTCTTAAGTTGCCA-1,2
s1-AAGTGAGCCTGTTACA-1,8
s1-AAGTGGACGAATCTAC-1,3
s1-AAGTGGCGAAGTTAAT-1,0
s1-AAGTGGCGAGTGTACA-1,8
s1-AAGTGGTTCCTCGCGT-1,5
s1-AAGTTAAGCACTATAA-1,1
s1-AAGTTACTATTACATC-1,0
s1-AAGTTCCTATTGCTGG-1,2
s1-AATAACATGTGCTATG-1,1
s1-AATAACATGTTACGTC-1,6
s1-AATAACGTAACTGTGA-1,1
s1-AATAACGTATTGAACA-1,4
s1-AATAACTCTACGATGT-1,1
s1-AATAACTTCATACGGA-1,0
s1-AATACGAGAACACTCG-1,9
s1-AATACGGTACGGCCTA-1,5
s1-AATACGTAGACAGTTA-1,2
s1-AATACTAACCACTTAT-1,2
s1-AATAGATAGCCTAACC-1,3
s1-AATAGCACGGAAGCGA-1,4
s1-AATAGTATAGTTGTCG-1,3
s1-AATAGTCGTTATCTAG-1,1
s1-AATAGTGCTCATAGAA-1,7
s1-AATAGTGGAAGAGCAT-1,6
s1-AATAGTTGGTGCTCAG-1,2
s1-AATATTAGGCTTCTGG-1,1
s1-AATCCGACCACGGTCC-1,0
s1-AATCCGCCGACCTGAG-1,6
s1-AATCCGCCTGGTCAAT-1,0
s1-AATCCGGAGCTTGTCT-1,6
s1-AATCCTCGTCACAGGC-1,6
s1-AATCGAACGGACGGAG-1,0
s1-AATCGACTATCGCTAG-1,4
s1-AATCTTAGCCTCTGTC-1,2
s1-AATGAACTACGTCCAG-1,4
s1-AATGAAGACGGTTCAG-1,3
s1-AATGAAGAGGATGTAT-1,4
s1-AATGAATCGGAAGGCA-1,8
s1-AATGATCTTGACAGCG-1,0
s1-AATGATTACAACCTAA-1,2
s1-AATGCAATCACTGTCG-1,1
s1-AATGCCGACGAGCAAC-1,0
s1-AATGCGAACCTCGCGT-1,7
s1-AATGGACATCCTACTC-1,1
s1-AATGGAGGACCTGGTG-1,8
s1-AATGGCATAGTATCAT-1,1
s1-AATGGTCGATACTCGG-1,9
s1-AATGGTCTCGAGCGCT-1,5
s1-AATGGTGCGTCCTAAC-1,3
s1-AATGGTTATTCTAGCT-1,9
s1-AATGGTTGAGTCGGAA-1,7
s1-AATGTACTTAACATCA-1,2
s1-AATGTAGTCTTACGAG-1,2
s1-AATGTCAGGTCATTAC-1,7
s1-AATTAGCAACCGTTCC-1,9
s1-AATTAGCTTAGGTGTA-1,5
s1-AATTCTCAGACGCAAC-1,1
s1-AATTCTCGCACCAGTA-1,0
s1-AATTCTTGGATACGGA-1,6
s1-AATTGAATTCACTAGA-1,4
s1-AATTGCATTGAAGAAT-1,5
s1-AATTGCGGTGCTAATA-1,1
s1-AATTGCGTCAGACACT-1,1
s1-AATTGGACGGCATCGT-1,1
s1-AATTGGAGACATGGAG-1,3
s1-AATTGGCTTGAGTTGC-1,1
s1-AATTGGTTATGATACA-1,1
s1-AATTGTAGAATCCTAG-1,6
s1-ACAACCTTGGTGTCAA-1,7
s1-ACAACGAGCGATCTGA-1,0
s1-ACAACGCCGATAGTAT-1,1
s1-ACAACGTGGAGCTACT-1,0
s1-ACAACTAAGGTGTTAT-1,2
s1-ACAACTAAGTGGCGCT-1,3
s1-ACAACTGAATCCAGTC-1,4
s1-ACAACTGTCGTGGATA-1,8
s1-ACAATACACTTCCATC-1,7
s1-ACAATACAGGCGCCGT-1,2
s1-ACAATACGCCTTATTC-1,9
s1-ACAATTGGTCGCGTAA-1,2
s1-ACAGAATAAGAACCAT-1,0
s1-ACAGAATAAGATAGTG-1,3
s1-ACAGAATCCGTTGCTT-1,0
s1-ACAGAATCTTGATAAG-1,2
s1-ACAGAATGTCTTATTG-1,0
s1-ACAGAATGTTGAGTCC-1,7
s1-ACAGATCTGAAGTATC-1,6
s1-ACAGCCAGGCATAAGC-1,5
s1-ACAGGAACTACAGAAC-1,1
s1-ACAGGACTGAGCCGAT-1,0
s1-ACAGGATACCGGATTC-1,6
s1-ACAGGCACGCGAGGAT-1,6
s1-ACAGGCATTGAACCAT-1,5
s1-ACAGGTACCAAGGAAG-1,8
s1-ACAGGTTCAGTGAACG-1,0
s1-ACAGTACGCACTACCT-1,6
s1-ACATAAGCAATGCGGT-1,5
s1-ACATCGCCACAAGAGG-1,1
s1-ACATCGGCTTACAAGG-1,6
s1-ACATCGTAGACAGGTT-1,0
s1-ACATCGTCGGTCTACC-1,2
s1-ACATCTATCCGAACCA-1,4
s1-ACATCTCGACAACCAC-1,0
s1-ACATCTCGCATAGAAT-1,8
s1-ACATGGATGCGTAAGC-1,8
s1-ACATGTTCACCGGCAG-1,0
s1-ACATGTTCCACTGATA-1,2
s1-ACATGTTCCAGGACGT-1,0
s1-ACATGTTGCTTGATCT-1,0
s1-ACATTCCTGAGTTCCG-1,4
s1-ACATTGAAGGCGGTGC-1,6
s1-ACATTGAATACGCATA-1,1
s1-ACATTGATCGTAATCC-1,4
s1-ACATTGCAGTTCGGCA-1,4
s1-ACATTGGTTCACAGTG-1,3
s1-ACATTGGTTCTGCCGT-1,9
s1-ACATTGTACATTCTTG-1,0
s1-ACCAAGCACTTGCGCA-1,5
s1-ACCAAGGCTTCGCTAG-1,4
s1-ACCAAGTGATGGTGAG-1,7
s1-ACCAAGTGGCTGTATG-1,3
s1-ACCAATCATGGTTCAT-1,7
s1-ACCAATGAGCCTCATC-1,0
s1-ACCAATGATCGCGGCC-1,4
s1-ACCACGGCCTCGCACC-1,0
s1-ACCAGTATGAAGTTCC-1,7
s1-ACCATAACTCCTCGTA-1,5
s1-ACCATCCGTTCGAGTG-1,4
s1-ACCATTAGATCGTGGC-1,0
s1-ACCGAAGATGTCGGCA-1,8
s1-ACCGAAGCCGAATTAA-1,3
s1-ACCGAGGTGATACCGA-1,4
s1-ACCGATTCCGGATACT-1,7
s1-ACCGATTGAGGATCTG-1,4
s1-ACCGCAGGTCGAGTTG-1,7
s1-ACCGGACGCCAAGCGT-1,1
s1-ACCGGCACCATACTGC-1,1
s1-ACCGGCACGTACGAAC-1,0
s1-ACCGGCCGACCTGCAC-1,3
s1-ACCGGCCTCAGGAGTT-1,3
s1-ACCGGCTATCGTGCGG-1,3
s1-ACCGTACACGACCGTC-1,1
s1-ACCGTACTATCGGAGG-1,2
s1-ACCGTAGGCGGAGGTT-1,5
s1-ACCTAAGTAGAACAGA-1,7
s1-ACCTAAGTGATAATCA-1,4
s1-ACCTAATGTTACCAAT-1,8
s1-ACCTAATTGTCGCTGA-1,8
s1-ACCTATAACGAACTAC-1,2
s1-ACCTATGCTACCGGAT-1,6
s1-ACCTCCACAGAACTCA-1,4
s1-ACCTCCGATTATAAGA-1,4
s1-ACCTCCTAGAGGCATG-1,1
s1-ACCTCGCACTAAGAGC-1,7
s1-ACCTGCCACTATCAAT-1,0
s1-ACCTGCTTATAGTTCG-1,0
s1-ACCTGCTTGAGCCTGG-1,3
s1-ACCTGCTTGCTACGAC-1,0
s1-ACCTGTCTGCGGTTGT-1,0
s1-ACCTGTGGTCACCTCG-1,8
s1-ACCTTCAGACCTCGGT-1,0
s1-ACCTTCGGTGCTACGA-1,6
s1-ACCTTGGCTCTGTAAG-1,9
s1-ACGAACATAGGATCGG-1,2
s1-ACGAACGCACGAGCAC-1,0
s1-ACGAAGCTCATCCTCG-1,5
s1-ACGACAAGCACTTCAC-1,0
s1-ACGACTGAAGACTTAC-1,2
s1-ACGAGGACCTGCTAGT-1,3
s1-ACGAGTGCGTGCGTTC-1,4
s1-ACGATGACTATTAGAT-1,2
s1-ACGATGCGAAGGAGCA-1,0
s1-ACGATGCTCCAATACA-1,3
s1-ACGATGTCGCACAATC-1,0
s1-ACGATGTCGTTGCCAA-1,0
s1-ACGATGTTACCTCATT-1,1
s1-ACGCAACGAAGAGTAT-1,1
s1-ACGCAACGTGTAATTG-1,6
s1-ACGCAAGGCATAAGTC-1,5
s1-ACGCAATAGTATACGA-1,1
s1-ACGCACATTGTAAGTA-1,0
s1-ACGCCGGCATCACTGG-1,0
s1-ACGCGGAAGAGTTCCG-1,2
s1-ACGCGTAGACTCAACT-1,7
s1-ACGCGTCGGTGAGGTT-1,8
s1-ACGCTCAGTGCTATTC-1,0
s1-ACGCTGCGATTAACGA-1,8
s1-ACGGCCGGAACGCTAG-1,6
s1-ACGGCCGTCAACGTAT-1,0
s1-ACGGCCGTGACATTAA-1,6
s1-ACGGCCTTGCCAGAAC-1,3
s1-ACGGCTATGGCATACC-1,0
s1-ACGGCTTAACGATAGT-1,5
s1-ACGGCTTACGTATGCC-1,5
s1-ACGGCTTATTGGTATG-1,0
s1-ACGGCTTCAGGTACCG-1,5
s1-ACGGCTTCCATCGGAA-1,1
s1-ACGGCTTGTTCAATCG-1,8
s1-ACGGTCGGACAGGCGA-1,4
s1-ACGGTGATAATGTTAC-1,6
s1-ACGGTGTACGGTGCCA-1,1
s1-ACGGTTACATCCGAAG-1,1
s1-ACGGTTCACCTTCCGG-1,1
s1-ACGGTTCGCAAGTAAC-1,0
s1-ACGGTTCGTACAGTTG-1,2
s1-ACGGTTCGTCCGACCG-1,1
s1-ACGTCAGATTACTTCG-1,9
s1-ACGTGCAATTATTCGG-1,1
s1-ACGTTAATACAATGAC-1,2
s1-ACGTTAGGCTCAAGCC-1,4
s1-ACGTTCACATGATCTG-1,1
s1-ACGTTCACGACTAGGT-1,1
s1-ACGTTCCATTACCTCA-1,0
s1-ACGTTCGTCCGCCTAT-1,4
s1-ACGTTCTATGCACGAC-1,3
s1-ACGTTCTGCCATAATC-1,0
s1-ACTAATAGTCAACATA-1,5
s1-ACTAATCGGCCACCGA-1,7
s1-ACTAGATCTGAAGCGG-1,1
s1-ACTATGAGGTTCTGTC-1,9
s1-ACTATTACCAGGTGCT-1,1
s1-ACTATTAGACAGGCTG-1,3
s1-ACTATTGCGAGCTAGA-1,5
s1-ACTCAGCTCGAGTGTC-1,1
s1-ACTCAGCTTCTGAGAC-1,6
s1-ACTCAGGCCTGCAACT-1,8
s1-ACTCAGTGAGCCTCCA-1,1
s1-ACTCCACGTTCGCTAC-1,0
s1-ACTCCAGGCCGAAGAC-1,3
s1-ACTCCAGTAGCTCCAG-1,5
s1-ACTCCTATGTTCCTAC-1,0
s1-ACTCGAACGTTCGTTA-1,6
s1-ACTCGAGTCCAAGTTG-1,4
s1-ACTCGATTGATATCCA-1,1
s1-ACTCGTATTGTCAGAA-1,6
s1-ACTCTAAGCTTGCGCC-1,2
s1-ACTCTACTTCCGCATT-1,2
s1-ACTCTTGCGGAGAACC-1,6
s1-ACTGACGGCGAATAGT-1,6
s1-ACTGACGTGATATTGG-1,2
s1-ACTGACTCTGCTGGCC-1,1
s1-ACTGACTGTCATCTAC-1,3
s1-ACTGAGCGATTACTAA-1,4
s1-ACTGAGCGCAACTCAT-1,0
s1-ACTGATACTCCATTAC-1,7
s1-ACTGATAGCACGGTCT-1,0
s1-ACTGCCGTTGGTGAGC-1,6
s1-ACTGGTAAGGCCTCAG-1,4
s1-ACTGGTGATTCCGATC-1,5
s1-ACTGGTTCTGAACGAT-1,1
s1-ACTGTACAATTCTACT-1,5
s1-ACTGTACATCCGATAC-1,6
s1-ACTGTAGACAAGGAAT-1,1
s1-ACTGTAGCAGCTTCTG-1,9
s1-ACTGTATGATCCTCAT-1,0
s1-ACTGTATTCTAGTCCA-1,5
s1-ACTTAAGCCAGTAGGA-1,0
s1-ACTTCGACGGATCATT-1,3
s1-ACTTGAAGCGAGCGGT-1,2
s1-ACTTGAATTAACTTAG-1,6
s1-ACTTGAGCCGTTCTTA-1,8
s1-AGAACAGGAGCATGGA-1,1
s1-AGAACTTCGATGCGTA-1,3
s1-AGAAGCAATGAGGAAC-1,1
s1-AGAAGCAGCCTAAGCT-1,2
s1-AGAAGCGATGTTCTAA-1,4
s1-AGAAGGATGGTATGAA-1,9
s1-AGAAGGCGTAGAATAG-1,6
s1-AGAAGTTAACCAGAGC-1,3
s1-AGAAGTTGAGCGCAAG-1,1
s1-AGAATTCTGTTGACAA-1,5
s1-AGACAAGACGTATCGC-1,2
s1-AGACATCTTAGCACCT-1,2
s1-AGACCGAACCGATGTC-1,6
s1-AGACCGACCGCAGACA-1,0
s1-AGACCGCCGGCCAATG-1,0
s1-AGACCGGACTGTCCAT-1,3
s1-AGACCGGAGCAACGCT-1,6
s1-AGACCGGTATCCGTGG-1,0
s1-AGACCGTCACTGAGCT-1,1
s1-AGACCGTCATTAGTTA-1,1
s1-AGACCTATCCTTATAG-1,4
s1-AGACCTCAGCGAGGTG-1,6
s1-AGACCTTCGCGTGAAC-1,1
s1-AGACGCGTGATGCATC-1,7
s1-AGACGCTTGGCCTCAC-1,4
s1-AGACGGCCTTACGGAG-1,0
s1-AGACGTAGGCGGACCG-1,2
s1-AGACGTGGCGTTGAGT-1,1
s1-AGACTACGTGCTCCAT-1,4
s1-AGACTCAGACAGATAA-1,6
s1-AGACTCATGACCTGGC-1,2
s1-AGACTCATTGCGGACA-1,2
s1-AGACTCCGCTTCGTAT-1,9
s1-AGACTCCTGTATGGCG-1,2
s1-AGACTCGACTCCTAAT-1,5
s1-AGACTCTATTAGCGCT-1,7
s1-AGACTGGTAAGGAGGT-1,0
s1-AGATAACCAATACGCC-1,0
s1-AGATAAGCCACTCATA-1,2
s1-AGATCAACTCGCTATG-1,9
s1-AGATCAGTCGATAGAA-1,0
s1-AGATCATTCACGCTGT-1,4
s1-AGATCTAACGAGCTCA-1,4
s1-AGATCTCCGCCTTATT-1,0
s1-AGATGAGGCGCCTCCA-1,5
s1-AGATGCTCCGTCATCT-1,3
s1-AGATTGAGTTAGGAAC-1,1
s1-AGATTGCGCCTCGCTC-1,3
s1-AGCAATAACAATTCCA-1,7
s1-AGCACCTCCAATCACG-1,0
s1-AGCACGAGATAACGGT-1,3
s1-AGCACGATACCTAAGC-1,7
s1-AGCACGCTCGATCTAA-1,3
s1-AGCACGGAGGCAGTCA-1,5
s1-AGCACGTGCACCTCTG-1,0
s1-AGCACGTGCACTGTAA-1,6
s1-AGCACTCATACAGAAC-1,7
s1-AGCACTGCATCCTAGC-1,8
s1-AGCAGGTAAGTATCTG-1,0
s1-AGCAGGTATGCCATTG-1,6
s1-AGCAGGTGCAATGGTT-1,0
s1-AGCATGAGCGAATATT-1,0
s1-AGCATGCACCGCGTCA-1,1
s1-AGCATTAGACGGATTG-1,7
s1-AGCCAGATACTCGAAC-1,5
s1-AGCCAGCGGCAAGCGT-1,8
s1-AGCCATCCGTCAACTC-1,4
s1-AGCCGATGTTCTACTC-1,7
s1-AGCCGGCCTATTCCAG-1,3
s1-AGCCGTAGTGGAGTGC-1,8
s1-AGCCGTATCTTCGTCT-1,3
s1-AGCCGTATTCAACCGT-1,2
s1-AGCCTACGGTGACCAA-1,4
s1-AGCCTCCGAACTACCA-1,5
s1-AGCCTCGCATGGTCCT-1,2
s1-AGCCTCTATGCAGCAA-1,7
s1-AGCGACAGCTACATCG-1,0
s1-AGCGACATCCTTCTAA-1,4
s1-AGCGACATTCGATCTG-1,0
s1-AGCGACCGTTCTATAC-1,7
s1-AGCGACTATGTATCTT-1,7
s1-AGCGAGAACAGATTCT-1,8
s1-AGCGAGGAACTGGTCC-1,8
s1-AGCGCATCGTGGTCGA-1,4
s1-AGCGGAATGTCGCTGT-1,1
s1-AGCGGTACGCCGAGAA-1,2
s1-AGCGGTGAGTGACATG-1,3
s1-AGCGGTGCAGGCATCT-1,6
s1-AGCGGTTAATCGAAGT-1,5
s1-AGCGGTTACAATACGC-1,2
s1-AGCGGTTAGACTCGCC-1,2
s1-AGCGTGCGCCTGATCG-1,1
s1-AGCGTGCTTCGCTCAT-1,3
s1-AGCGTGGCACCGACAA-1,2
s1-AGCGTGTATGTACGGT-1,9
s1-AGCGTTATACCTGTTG-1,8
s1-AGCGTTGGCTCACGAT-1,9
s1-AGCTACCAGCGTTACT-1,5
s1-AGCTAGCGTACAGTAA-1,7
s1-AGCTATAAGTCCAGCA-1,6
s1-AGCTATAGAATAGTCT-1,2
s1-AGCTCAACATCGTCCG-1,0
s1-AGCTCACTATGCAGTT-1,4
s1-AGCTCGACAGGCGATA-1,0
s1-AGCTCGCATTAGGATT-1,4
s1-AGCTGACGTAACGCTG-1,1
s1-AGCTGTACGCTGACTC-1,7
s1-AGCTGTCCAGATGCTA-1,7
s1-AGCTGTTCCGGTGATT-1,6
s1-AGCTGTTGAAGGCCTT-1,4
s1-AGCTTGAGTCAGGCCG-1,8
s1-AGCTTGGATGCAAGCC-1,1
s1-AGGAATTACGGTGACG-1,0
s1-AGGACCAGTAACCTAA-1,1
s1-AGGACCAGTGCGCCAG-1,0
s1-AGGACCGCAATAGTTA-1,1
s1-AGGACCGTAGATGCTA-1,1
s1-AGGACCTGTACCATTC-1,3
s1-AGGACGAAGCCTCCTT-1,5
s1-AGGACGAATGCTTCAA-1,2
s1-AGGACGTATCGCCGTA-1,7
s1-AGGACGTCGGCACGAA-1,2
s1-AGGACTAGGACCGCAG-1,1
s1-AGGACTGAAGTGCCTT-1,8
s1-AGGACTGGATGAAGAC-1,5
s1-AGGAGCAGCGTTAATA-1,7
s1-AGGAGCATAATCCACT-1,2
s1-AGGAGCATCACTCAGC-1,5
s1-AGGAGCATCTTAACTC-1,4
s1-AGGAGCCGCTGAGTAG-1,6
s1-AGGAGCCTCGAACGTT-1,4
s1-AGGATAACCGGTCGGA-1,8
s1-AGGATACCTCCGAGCG-1,7
s1-AGGATAGGCTCAGTTG-1,8
s1-AGGATATCGCGAATAC-1,3
s1-AGGATCAACATTCGTT-1,3
s1-AGGATCCGTGAGGCGG-1,3
s1-AGGATCTTAATGGTGA-1,0
s1-AGGATTCTACGCCTAG-1,2
s1-AGGCAACTAGCGTACC-1,8
s1-AGGCAATGTCAGCTGG-1,6
s1-AGGCATGCATGGAATT-1,6
s1-AGGCATTAAGTCTGGC-1,3
s1-AGGCATTACTATAGTA-1,0
s1-AGGCCGCAGAATAACG-1,9
s1-AGGCCTGTCTAGTGGC-1,9
s1-AGGCGATTCCACTTCT-1,7
s1-AGGCTGCAGCTCAGGC-1,6
s1-AGGCTGCGCAGCAACT-1,4
s1-AGGCTTAACCGATTGT-1,6
s1-AGGCTTAGCATTAACC-1,0
s1-AGGTACAGCTATGATA-1,5
s1-AGGTACCAGACGCCAG-1,7
s1-AGGTACTCTGCCACCG-1,4
s1-AGGTCTCACGCCAATA-1,6
s1-AGGTCTTCCATCGCCG-1,2
s1-AGGTGAAGTGACGACT-1,3
s1-AGGTGAATCCACAACC-1,4
s1-AGGTGAGCAATGTCTT-1,2
s1-AGGTGAGGTAGAATAC-1,0
s1-AGGTGATTGGCGGTAT-1,4
s1-AGGTGGCACTTGTCAG-1,9
s1-AGGTGGCTGTCGCCAA-1,0
s1-AGGTTACATTCCACGC-1,0
s1-AGGTTAGTGGCCATAG-1,3
s1-AGGTTCCACGCCGAAG-1,0
s1-AGGTTGAGTAGGAGAT-1,0
s1-AGTAAGCTCGGCCAAT-1,2
s1-AGTACATATGTAGGAA-1,7
s1-AGTACCGAACCGCAAT-1,4
s1-AGTACCGTTGTACGCC-1,1
s1-AGTAGACAGTAAGGAG-1,8
s1-AGTAGAGCATGGACGT-1,0
s1-AGTATTACGGTATTCG-1,1
s1-AGTATTAGCTGATCGA-1,0
s1-AGTATTCAGCTGAATG-1,1
s1-AGTATTCGTCGGTATC-1,1
s1-AGTATTGATTGAGTCA-1,0
s1-AGTATTGGTATGTCTA-1,7
s1-AGTCACTTATTCAAGG-1,0
s1-AGTCCGTGATCACTAC-1,0
s1-AGTCGCAGGAACGAGT-1,6
s1-AGTCGCCACTCGGCGA-1,8
s1-AGTCGGACCGTGCTTA-1,8
s1-AGTCGGTCTAATCTGT-1,1
s1-AGTCGGTTATACATAG-1,1
s1-AGTCGGTTGGTTGGCG-1,5
s1-AGTCGTTGCCTTACCT-1,0
s1-AGTCTAGGATTGTCAC-1,1
s1-AGTGAGGTCTGTGCTC-1,0
s1-AGTGAGTATTCTAAGT-1,8
s1-AGTGCAATAACTAACA-1,6
s1-AGTGCCAGATGCTCTG-1,3
s1-AGTGCGCAACATGCGT-1,2
s1-AGTGGTATGTCCAAGT-1,1
s1-AGTGTAAGCCTGCAAG-1,4
s1-AGTGTACCTCTGTATG-1,0
s1-AGTGTCATGGTTGTGG-1,8
s1-AGTGTCGTGGCATGTT-1,0
s1-AGTGTCTAGGCTAATA-1,3
s1-AGTGTCTTAAGCTTGT-1,1
s1-AGTGTTCGAGGATGAA-1,3
s1-AGTTAACGAGCCACTC-1,4
s1-AGTTAAGACTGGCTCC-1,2
s1-AGTTACCTCACCAGCA-1,3
s1-AGTTAGAAGGACGAAT-1,5
s1-AGTTATCCTGAACGAA-1,2
s1-AGTTCGGCACATACGG-1,1
s1-AGTTCGTCTAGTGCAG-1,0
s1-AGTTCGTGCAGACCTT-1,7
s1-AGTTCGTGCATGTCGA-1,9
s1-AGTTGGCAACGTTGTC-1,0
s1-AGTTGGCACCAGTTAC-1,2
s1-AGTTGTACTTAATGGA-1,1
s1-AGTTGTCCACAGACCA-1,3
s1-ATAACCTAGAACCTGC-1,8
s1-ATAACGAAGAGCACGC-1,5
s1-ATAAGAATCATGCATC-1,3
s1-ATAAGACCAATCGCGG-1,9
s1-ATAAGGAATAGAACAT-1,2
s1-ATAAGGCGGACAAGTT-1,9
s1-ATAAGTACCACGAGTT-1,2
s1-ATAATCGTAGTTATTC-1,1
s1-ATAATTAGTTCTACGG-1,0
s1-ATACAAGGTCAGTAGA-1,3
s1-ATACAATTGCGGTATT-1,2
s1-ATACATCAAGGATTGC-1,8
s1-ATACATCACGCCTTCT-1,2
s1-ATACATCACTGTCCGG-1,5
s1-ATACATCATGCACCAA-1,9
s1-ATACCGTTCCAGTCCA-1,4
s1-ATACGACATCTAGACC-1,6
s1-ATACGCGGTGAAGCCG-1,4
s1-ATACGCTGAGATCAGA-1,1
s1-ATACGGCACGTTACGA-1,7
s1-ATACGGCGACTGGTCT-1,6
s1-ATACTAGCCACTTCGC-1,1
s1-ATACTAGCCATTAGTT-1,7
s1-ATACTAGTAACTGAGT-1,9
s1-ATACTATCAACTTGTA-1,1
s1-ATACTATGGTTACATT-1,2
s1-ATACTGACTTCGGCAC-1,0
s1-ATACTGGACCACAGCC-1,7
s1-ATACTGGAGGATAACG-1,1
s1-ATAGAACCTCTACCGA-1,7
s1-ATAGAACGTTCGATCT-1,1
s1-ATAGAATTCTAGGCCG-1,5
s1-ATAGACATGGCTATGG-1,3
s1-ATAGATGCCTAAGCAC-1,0
s1-ATAGATTGAGTTCGAG-1,0
s1-ATAGCACCTGCTGTCT-1,3
s1-ATAGCGGCGAGTAATT-1,4
s1-ATAGCTATTCGCACTC-1,2
s1-ATAGCTTCACAACCGT-1,1
s1-ATAGCTTCGTGGAACG-1,6
s1-ATAGGCCGATAGAAGT-1,2
s1-ATAGGCCGATGATCTA-1,4
s1-ATAGTACTATGGTTCT-1,1
s1-ATAGTCCGCCGTTGGC-1,7
s1-ATAGTCGCTAAGGTAT-1,4
s1-ATAGTGAGTGAGGATT-1,2
s1-ATAGTGTCAGATGTAG-1,0
s1-ATAGTTAAGCCTGCCG-1,0
s1-ATAGTTAAGGCACGAG-1,0
s1-ATAGTTAGTCCTTAAT-1,8
s1-ATAGTTCATCGGATCT-1,6
s1-ATAGTTCGCAGCCGTG-1,6
s1-ATAGTTCGGTTCCAGA-1,2
s1-ATCAAGGAGCTTACAT-1,4
s1-ATCAATCTGCAGGACC-1,7
s1-ATCACCAGTTCGGCGA-1,2
s1-ATCACGTTCAATGATA-1,0
s1-ATCAGATACCAGCTGT-1,2
s1-ATCAGTAAGCTCGCCG-1,2
s1-ATCATTCACCAGATTG-1,3
s1-ATCATTCCAACTTCGC-1,1
s1-ATCATTGTCCATGCCA-1,7
s1-ATCCAACGCCACATCG-1,3
s1-ATCCACATGTTGGACC-1,5
s1-ATCCACTCGTACTCGG-1,7
s1-ATCCGAGTACAGGAAT-1,5
s1-ATCCGAGTACCACGTG-1,5
s1-ATCCGAGTCACTTGTA-1,4
s1-ATCCGATGACCTCGGA-1,0
s1-ATCCGATGTCTGTCAC-1,6
s1-ATCCGGATCGCCGTAT-1,6
s1-ATCCGGATGACGTAAC-1,2
s1-ATCCGGTACCGTCCTT-1,1
s1-ATCCGGTATCACAAGT-1,8
s1-ATCCGTAGCTTCAGTA-1,3
s1-ATCCGTAGTGTCGCTC-1,7
s1-ATCCGTGGAACTTCAA-1,0
s1-ATCCTCCAGCCATTGT-1,7
s1-ATCCTCGTTCCAGGCC-1,1
s1-ATCGAACATGCTAAGC-1,0
s1-ATCGAACTCGTCCGGC-1,3
s1-ATCGACAGCGGCAACA-1,9
s1-ATCGACCGGAGTATCG-1,4
s1-ATCGATGTCAGATAGA-1,1
s1-ATCGCAATGCACTAAC-1,1
s1-ATCGCAGTAACTTATT-1,5
s1-ATCGCAGTAATATCAG-1,4
s1-ATCGCAGTCTATGGCA-1,2
s1-ATCGCATCACGCATCT-1,4
s1-ATCGGCTCTATGCCTC-1,4
s1-ATCGTAACTACCTCTT-1,8
s1-ATCGTAATCCACATGC-1,3
s1-ATCGTACAACTGGCTA-1,5
s1-ATCGTACACCTATGCC-1,3
s1-ATCGTACCGCGTACGC-1,0
s1-ATCGTAGCATGTAGAT-1,0
s1-ATCGTATTACTCGGAG-1,0
s1-ATCGTCACCATGTCAC-1,0
s1-ATCGTCAGTTAGTCCA-1,8
s1-ATCGTCCTAGTACGAA-1,7
s1-ATCGTCTTAACGAAGG-1,6
s1-ATCTACAGGAGTGCAC-1,1
s1-ATCTACCATATTCCAG-1,0
s1-ATCTACTCACATCTCC-1,8
s1-ATCTCCTTGCGATACA-1,0
s1-ATCTGAAGTATGCACG-1,6
s1-ATCTGACCGGAGTCCT-1,8
s1-ATCTGAGGAACGGTTG-1,8
s1-ATCTGATACTTCATTA-1,4
s1-ATCTGCCGTCTACAGC-1,1
s1-ATCTGGATCCTCAGAC-1,8
s1-ATCTGTACGCGTCTCC-1,0
s1-ATCTTAGACGCCTACT-1,2
s1-ATCTTAGACTTGATCT-1,4
s1-ATCTTAGATAGGTTCA-1,6
s1-ATCTTAGTGGCATGGA-1,7
s1-ATCTTCGGACATACTA-1,3
s1-ATCTTGGCTTCGTCCT-1,1
s1-ATGAACAATCGATGCG-1,3
s1-ATGAAGCTGAATCCAG-1,0
s1-ATGACACTAATCGCAC-1,4
s1-ATGACCAGACGGCCGG-1,8
s1-ATGACCTCACTTAACC-1,0
s1-ATGACGAGATCATTAA-1,0
s1-ATGAGCTACATGGAAG-1,5
s1-ATGAGCTATTCGAAGA-1,0
s1-ATGAGTACGCTTCCTA-1,1
s1-ATGAGTCTTAGGAAGG-1,4
s1-ATGATAATTCCTTGCG-1,3
s1-ATGATATCTAGTCTTA-1,1
s1-ATGCATCCTGACTCAC-1,3
s1-ATGCATGCCTGCGATG-1,8
s1-ATGCATGGTTCCGCCT-1,1
s1-ATGCATGGTTGCTGTA-1,9
s1-ATGCATGTATGTGAGT-1,3
s1-ATGCATGTCACTCGTG-1,0
s1-ATGCATGTCGATGTGG-1,0
s1-ATGCATTAGATATCCA-1,4
s1-ATGCCAGCTGCCATCT-1,0
s1-ATGCCGTCGATAAGAC-1,0
s1-ATGCCGTTGTGAAGCG-1,2
s1-ATGCCTTCGTAAGTTA-1,0
s1-ATGCTACTGAATAGTA-1,6
s1-ATGCTCATGCCTGCCT-1,0
s1-ATGCTCCAACCTGGCC-1,3
s1-ATGCTCCGTTCTACTG-1,1
s1-ATGCTCGCCTCCAATT-1,1
s1-ATGCTGAATGCAATAG-1,0
s1-ATGCTGCGGATGGTTG-1,7
s1-ATGCTGGCTTACTACA-1,0
s1-ATGCTTACTCTAGGAA-1,5
s1-ATGCTTGGACGAACTT-1,1
s1-ATGGAGGCCACGGCTT-1,0
s1-ATGGAGGTTCACCGGT-1,4
s1-ATGGAGTAATCGGACC-1,3
s1-ATGGAGTCTTCGCAGT-1,6
s1-ATGGCATTATGGCTCG-1,2
s1-ATGGTAACGGACCGGA-1,0
s1-ATGTAAGAGCCACCTC-1,5
s1-ATGTAATTGTCGTTCG-1,2
s1-ATGTACAGTGCCTATG-1,3
s1-ATGTACATCGTGGTTA-1,6
s1-ATGTACATGAACTCCG-1,3
s1-ATGTACCATTATTGTC-1,6
s1-ATGTACCGATCCAGAA-1,0
s1-ATGTACTACCGACTTC-1,1
s1-ATGTACTCTGCAGCAC-1,2
s1-ATGTAGAAGCGAATAG-1,3
s1-ATGTAGCCGACCAAGG-1,6
s1-ATGTAGGTAACCGTAC-1,2
s1-ATGTAGGTTGGCGAGG-1,9
s1-ATGTATCCAAGGTGGC-1,7
s1-ATGTATCCATAAGTTG-1,1
s1-ATGTATCGGAATACGG-1,2
s1-ATGTATGAGTACCGGA-1,0
s1-ATGTATGTTATTGAAG-1,0
s1-ATGTCATACTTAGACC-1,7
s1-ATGTCGGACTGAAGTA-1,6
s1-ATGTCGGATAAGCCGA-1,1
s1-ATGTCGGCTGTCGTAA-1,1
s1-ATGTCGTTACCAGACG-1,0
s1-ATGTCTAACTGGCGAA-1,4
s1-ATGTCTGCGTTGCAGC-1,7
s1-ATGTGAATCCATACGA-1,5
s1-ATGTGAATTGCTGACC-1,1
s1-ATGTGATCCGTCTAAC-1,0
s1-ATGTGCGTCTGAACAG-1,2
s1-ATGTGCTAACATCGAA-1,4
s1-ATGTGCTTGTGCTACC-1,9
s1-ATGTTAAGATTACTGA-1,1
s1-ATGTTACGCCATTCCT-1,4
s1-ATGTTAGACTATCTCA-1,0
s1-ATGTTCGCAGAAGTCT-1,1
s1-ATGTTCTGCCTTATCT-1,0
s1-ATTAAGAACAGCTCCG-1,0
s1-ATTAAGAATAACGCTT-1,0
s1-ATTAAGCGTCCTGCCG-1,4
s1-ATTAAGTGGCCTAAGG-1,6
s1-ATTACATGTTATTGAC-1,0
s1-ATTACATTGAAGTATG-1,1
s1-ATTACCTTCGCAGAAG-1,0
s1-ATTACTCCGTGAAGCG-1,1
s1-ATTACTGAGTGCCTCC-1,2
s1-ATTACTGTACGCGGTG-1,0
s1-ATTACTGTCGCATATT-1,1
s1-ATTAGATAAGACGGCG-1,3
s1-ATTAGATTCGTACTCA-1,4
s1-ATTAGCAGGATGTATT-1,9
s1-ATTAGCCTCACTTCTA-1,3
s1-ATTAGCCTCAGTAGAT-1,3
s1-ATTAGCGAGCATGCTG-1,0
s1-ATTAGTCGTGTTATGC-1,9
s1-ATTAGTGAGGTATCGC-1,0
s1-ATTAGTGCTTGGTCAT-1,8
s1-ATTAGTTCACAGACTC-1,0
s1-ATTATCACAACTCGGC-1,5
s1-ATTATCCAGGTGAAGT-1,1
s1-ATTATCCATTGTGACA-1,0
s1-ATTATCGAAGCCTAAG-1,4
s1-ATTATCGAGTGCAGAT-1,2
s1-ATTATCTAGATTAACG-1,0
s1-ATTATGATACTGCGCA-1,7
s1-ATTATGCCATCGTTAA-1,2
s1-ATTATGTTAAGGTAGT-1,4
s1-ATTCAAGATTAGTTGC-1,2
s1-ATTCACATAGGATGAG-1,3
s1-ATTCACATCGTCACAG-1,7
s1-ATTCACATCTTATTCT-1,1
s1-ATTCACCTGACCAGTT-1,1
s1-ATTCACGCTGTTATCG-1,3
s1-ATTCACGTCGCAGGCT-1,2
s1-ATTCACTCACGTGCAC-1,2
s1-ATTCAGCTCCTACTAA-1,5
s1-ATTCATAGCGAAGCGT-1,2
s1-ATTCATAGTTCTAACT-1,7
s1-ATTCCATTGTGAACGC-1,1
s1-ATTCCGCAACGCCGCT-1,3
s1-ATTCCGCTCCATCAGC-1,3
s1-ATTCCGGTTACATACC-1,3
s1-ATTCCGTAAGGATTCC-1,9
s1-ATTCCTGCCTTAACAG-1,2
s1-ATTCGCTCGCGGAGGC-1,5
s1-ATTCGGAAGCTATTAC-1,2
s1-ATTCGTTAGAATTCGG-1,4
s1-ATTCTAACGCCTGTTA-1,2
s1-ATTCTACAGCCAGCAC-1,4
s1-ATTCTACGTGGCAGAT-1,0
s1-ATTCTACTGGTCGTTC-1,2
s1-ATTCTAGGACATCAGT-1,1
s1-ATTCTAGTCCACAAGA-1,2
s1-ATTCTGAGTACTGTAG-1,6
s1-ATTCTTGAGGCGACGC-1,0
s1-ATTCTTGGAGTGATAG-1,0
s1-ATTGACGAGCAGCGAC-1,5
s1-ATTGACGCATCTCAAC-1,1
s1-ATTGACGCCACCTTCT-1,7
s1-ATTGACGCCAGCCAAG-1,0
s1-ATTGACTGAATACTAT-1,8
s1-ATTGATAACACTAAGA-1,0
s1-ATTGCACGACCACTTG-1,1
s1-ATTGCAGTTCTTCATT-1,6
s1-ATTGCATATTGTTATC-1,8
s1-ATTGCATCACTGACTG-1,2
s1-ATTGCCTGATGTGCGG-1,4
s1-ATTGCCTTGTCTAAGT-1,7
s1-ATTGCGTAGTTAGGAG-1,4
s1-ATTGGCACCACGCCAT-1,3
s1-ATTGGCCTAGGAATCG-1,4
s1-ATTGGCCTTCCGTGCA-1,3
s1-ATTGGCGAATTGCACT-1,4
s1-ATTGGCTAACAGACAA-1,1
s1-ATTGTTAAGTAGACTA-1,0
s1-ATTGTTACGACTAGCG-1,2
s1-ATTGTTATACTTCACG-1,0
s1-CAACAGGTCAGAGGAC-1,2
s1-CAACCGTACTGATCTT-1,5
s1-CAACCGTATTACTGTA-1,0
s1-CAACCGTTAACAGACC-1,4
s1-CAACCGTTAATGTCAT-1,4
s1-CAACGCTTGCTCCTAC-1,3
s1-CAACGGCACTCAGTCC-1,0
s1-CAACTGACAAGACAAG-1,0
s1-CAACTGCAGTGCAATA-1,0
s1-CAACTGCATTCGACTC-1,3
s1-CAACTGCTGGAGTTAT-1,2
s1-CAACTTGGACATAGAT-1,6
s1-CAACTTGGTACGATGT-1,4
s1-CAAGACCACTATCGAA-1,0
s1-CAAGATAAGTGCAATG-1,5
s1-CAAGATTACCGATCAT-1,3
s1-CAAGATTAGATGAGTT-1,1
s1-CAAGATTCGTCAGCTG-1,0
s1-CAAGCCGCCATAGAGG-1,2
s1-CAAGGTCTCAATACAG-1,0
s1-CAAGTACTCCGCATCG-1,3
s1-CAAGTACTTATTAAGC-1,4
s1-CAAGTACTTCAATAGT-1,8
s1-CAAGTAGCCTCGATCC-1,3
s1-CAAGTATCGGCAACCA-1,4
s1-CAAGTCCATCGGCGGT-1,8
s1-CAAGTCCGCTACCGTT-1,6
s1-CAAGTCTTGGCGATAG-1,7
s1-CAAGTGAATTGGATGC-1,6
s1-CAAGTGTTCGCCACGC-1,0
s1-CAAGTGTTGACGGCCA-1,3
s1-CAATAACTACATTAAC-1,3
s1-CAATAACTCAAGGCAA-1,0
s1-CAATAAGCGGCCAGAT-1,9
s1-CAATAAGGTAACTCGT-1,9
s1-CAATAATCGTAGGATA-1,5
s1-CAATCCGAGGTGCTAG-1,9
s1-CAATCGTCGGAGCATG-1,3
s1-CAATCTATGAGGTCAG-1,5
s1-CAATGCATTGACGGCA-1,2
s1-CAATGCGGATGCTGGT-1,3
s1-CAATTACAGGTGTCAT-1,4
s1-CAATTGAACCGGCTCG-1,1
s1-CAATTGTTGACGTGAG-1,6
s1-CACCAGGCACGCTATC-1,5
s1-CACCATAAGCTGGCTG-1,6
s1-CACCATAGGTAACCAG-1,4
s1-CACCATTCTTACGAGC-1,1
s1-CACCGAGTCTTGGACA-1,7
s1-CACCTACATGATTGAT-1,8
s1-CACCTACCGCTACCTT-1,1
s1-CACCTAGAATACTTCT-1,2
s1-CACCTAGACGAGCCGG-1,3
s1-CACCTATTACTCAGAT-1,4
s1-CACCTCGAGCGATGCT-1,1
s1-CACCTCGAGGACTCTA-1,7
s1-CACCTTAGCTATTGTC-1,8
s1-CACCTTGCGAGTTATG-1,4
s1-CACGACCTCCGTCATA-1,0
s1-CACGAGGCCATCCACT-1,2
s1-CACGAGGTATAGGTAT-1,0
s1-CACGATCATACAATTA-1,0
s1-CACGCCACAATCGCAC-1,0
s1-CACGCCACTCCTTCAT-1,4
s1-CACGCTTATCAATCTT-1,8
s1-CACGGATTCTCATCAC-1,1
s1-CACGGCGACGGTGCCT-1,0
s1-CACGGCGATACATACG-1,0
s1-CACGGCTGCGCTTGGC-1,0
s1-CACGGCTTACTCCGTT-1,0
s1-CACGGTCTTGGTTAAT-1,1
s1-CACGTACGTAGCTCAT-1,0
s1-CACGTAGGTAGGCTGA-1,1
s1-CACGTCAAGTGCGATC-1,1
s1-CACGTCCAATTCGACT-1,0
s1-CACGTCCACGACCTAT-1,0
s1-CACGTCCATCTACTGA-1,0
s1-CACGTGGCGGCACTAG-1,8
s1-CACGTTGCACATACCG-1,0
s1-CACTACAATATTGCGG-1,5
s1-CACTACCTTCGCTTCA-1,7
s1-CACTACTGCGGAATTG-1,2
s1-CACTACTGGCTGAACC-1,7
s1-CACTAGTCGACATCTA-1,6
s1-CACTCAAGACCATGCA-1,4
s1-CACTCAAGACGGACTA-1,7
s1-CACTCAAGGCGGCACT-1,4
s1-CACTCAATAAGCCGAA-1,1
s1-CACTCAATGGTTCGGA-1,4
s1-CACTCAGTACTCCGCT-1,5
s1-CACTCAGTGGTCCTTC-1,6
s1-CACTCATCACGTTACG-1,6
s1-CACTCGTAGGCCACGG-1,3
s1-CACTGGATCGATACGA-1,1
s1-CACTGGCCAGCCAGAT-1,2
s1-CACTGGCGGTAACACC-1,5
s1-CACTGGTGAGACGCTT-1,0
s1-CACTGGTGAGTTATCG-1,2
s1-CACTTGACATTCAGAA-1,3
s1-CAGAACATGATAGGAC-1,7
s1-CAGAACGTATCGACTT-1,0
s1-CAGAAGTCGCGGTTAT-1,2
s1-CAGAATTCTTGAACCA-1,1
s1-CAGACACTTACAAGAC-1,2
s1-CAGACAGTCGGATCTG-1,0
s1-CAGACGAATGAGGAAC-1,3
s1-CAGACGATACAGATCG-1,1
s1-CAGACGCAGTAGGTCT-1,1
s1-CAGAGGCACTTAAGTC-1,3
s1-CAGAGGCGAATTGCCA-1,0
s1-CAGAGTCATGTACAGG-1,0
s1-CAGATACAGCACTCGT-1,1
s1-CAGATTATCATAACGC-1,1
s1-CAGATTCCGTATGCGA-1,8
s1-CAGATTGCCTGTAAGT-1,1
s1-CAGCACGCTAATCAGA-1,1
s1-CAGCATAGACTAGGCA-1,4
s1-CAGCATCCTCGCCACT-1,5
s1-CAGCCAACGATAGCTT-1,6
s1-CAGCCAGTCCTGTCGG-1,6
s1-CAGCCATGTCTGCCGT-1,4
s1-CAGCCTCGTGGCTCAC-1,2
s1-CAGCCTGGTTGAACTA-1,5
s1-CAGCGATAACTGAACC-1,0
s1-CAGCGATAATGCGATT-1,5
s1-CAGCTCACGCACTAGA-1,2
s1-CAGCTCCTCGGATTCT-1,3
s1-CAGCTGGATGCGGCTA-1,0
s1-CAGCTGGCGATAAGTG-1,9
s1-CAGCTGTTGCCGGAGT-1,8
s1-CAGCTTCACTACCGTG-1,3
s1-CAGCTTGACGCCATTA-1,4
s1-CAGCTTGGTTCGGTCG-1,8
s1-CAGGACAGAAGGCTGG-1,0
s1-CAGGACATGGTAATGC-1,1
s1-CAGGAGCGTATCGCAT-1,0
s1-CAGGCCAACAGCGAGT-1,0
s1-CAGGCCAACGGTCGTA-1,1
s1-CAGGCCGTATCTGTTA-1,8
s1-CAGGCGAGGTCTTGGA-1,8
s1-CAGGTACCACTCGCGG-1,4
s1-CAGGTTCCACTAATCC-1,3
s1-CAGTAATATCACTACG-1,9
s1-CAGTACAGTTGTGGAA-1,0
s1-CAGTAGATTGACGGAT-1,0
s1-CAGTATCTTACACTAA-1,1
s1-CAGTATGCGTGGCGCT-1,2
s1-CAGTCAGCCGATCCGG-1,1
s1-CAGTCTGGTAATCTAC-1,0
s1-CAGTCTGTGGCGCTGC-1,5
s1-CAGTGAACAGCAACGA-1,0
s1-CAGTGAAGATACATAA-1,6
s1-CAGTGATATTGATGTC-1,4
s1-CAGTGCCTTGCGGTCT-1,1
s1-CAGTTGCAACCGAGAT-1,0
s1-CAGTTGCACGGACAGG-1,1
s1-CAGTTGCGACTTCTCG-1,1
s1-CAGTTGCTCACGTGTC-1,1
s1-CATACAATGAGTAGCT-1,4
s1-CATACCTCGATTGTTC-1,0
s1-CATAGAACATTGAACA-1,5
s1-CATATCCGTTCACCTC-1,7
s1-CATATGTTGACTGGCG-1,0
s1-CATATTCATCCGCATT-1,4
s1-CATCAGATACTAATCG-1,1
s1-CATCAGGTAGGACCGT-1,6
s1-CATCAGGTGCCTGATA-1,1
s1-CATCAGTAATCAGACA-1,4
s1-CATCCGAAGCGTATGG-1,2
s1-CATCCGCCTAAGGAAC-1,8
s1-CATCCGGTACCAACGA-1,7
s1-CATCCGTGCGGTCTAC-1,0
s1-CATCCGTGGTCGTAAG-1,1
s1-CATCCTAGTGGTATGT-1,0
s1-CATCCTGGTACCTGCT-1,6
s1-CATCGCGGTCGGTGCG-1,8
s1-CATCGGATCCTACCTG-1,4
s1-CATCGGCATGTCGAAG-1,5
s1-CATCGGCCTGCATATC-1,2
s1-CATCGGTAGCGTCCGA-1,0
s1-CATCTGGCCATACTAG-1,8
s1-CATGATACTCAGGATT-1,0
s1-CATGATAGGCCATGAG-1,2
s1-CATGATGCATGTGCTA-1,6
s1-CATGATGCTAGCCATG-1,2
s1-CATGCACGCCGACGGA-1,0
s1-CATGCAGAAGTCAGGA-1,1
s1-CATGCATATGACGTCG-1,6
s1-CATGCATATTCTGCCT-1,5
s1-CATGCGCTACTGGAGG-1,8
s1-CATGCGGCCGGAATTC-1,4
s1-CATGCTCATCTGAACG-1,2
s1-CATGGCTACTGTACGT-1,4
s1-CATGGTGAGGCAGCAT-1,0
s1-CATGTCCACCTGCGTC-1,2
s1-CATGTTACCGAAGGCG-1,2
s1-CATGTTATTGATGCAG-1,1
s1-CATTAACTATTGTTCC-1,3
s1-CATTAGGATAGTGAAT-1,5
s1-CATTAGGCAATGGTTA-1,2
s1-CATTCTCCAGTCACCA-1,0
s1-CATTGCAGCGAAGACC-1,1
s1-CATTGCGTGCCACCTT-1,1
s1-CATTGCTATGTTAGCT-1,1
s1-CATTGGCGGTTGAGTC-1,2
s1-CCAACAGGAACACGGT-1,5
s1-CCAACTGGAGATTCAT-1,4
s1-CCAACTTGCCACCGTA-1,3
s1-CCAAGCCTGTATTAAT-1,2
s1-CCAAGCTGGCCATTGC-1,8
s1-CCAATACCAACACGCC-1,3
s1-CCAATAGAAGACTTGG-1,4
s1-CCAATAGCGGTACGTG-1,2
s1-CCAATCTAACGTGACG-1,1
s1-CCAATCTTGCCTATGG-1,1
s1-CCAATTATGACACTGG-1,0
s1-CCACAGGAAGATGTGC-1,0
s1-CCACATGGCGACGTCT-1,3
s1-CCACGAACGCTGCCGC-1,0
s1-CCACGATCCTAATCCG-1,1
s1-CCACGGTACACCAACC-1,2
s1-CCACGTCAATCAACAT-1,4
s1-CCACGTCGGTCGCTTC-1,8
s1-CCACGTGCCACCTCAA-1,3
s1-CCACGTGGACTGCGGT-1,5
s1-CCACTAATCACCGGTA-1,9
s1-CCACTCCAGCACCTAC-1,5
s1-CCACTCTGTAGTCGGA-1,6
s1-CCAGAACCGTGCATCC-1,4
s1-CCAGACAATATCGTTA-1,3
s1-CCAGACAGAACCTAAG-1,0
s1-CCAGACATCCGGTTCT-1,7
s1-CCAGACATCGGCACGC-1,2
s1-CCAGACCAGCGGCAAG-1,4
s1-CCAGATAGACGAGGTG-1,3
s1-CCAGATGATATGTAGG-1,0
s1-CCAGATTGTAGCCTAC-1,0
s1-CCAGCACTCGACTGAC-1,2
s1-CCAGCGGATTCCGCTG-1,6
s1-CCAGGTCCACATCCAT-1,9
s1-CCAGGTTACGAGACTG-1,4
s1-CCAGTGTCTAGCTACG-1,0
s1-CCATAGCCGTACGCAC-1,0
s1-CCATAGTATTGTCTGC-1,1
s1-CCATAGTTCGAGTAAG-1,2
s1-CCATCGGACAACCGTG-1,4
s1-CCATCTGTGGCATCGT-1,8
s1-CCATGAACAATGCTCC-1,5
s1-CCATGAACATCGTTGG-1,4
s1-CCATGGTTCCAATGTC-1,0
s1-CCATTCCGGTTCTTCC-1,8
s1-CCATTCGTCTGCTCTA-1,9
s1-CCATTGGCAATTCTCA-1,6
s1-CCGAAGCCAGGTTCAG-1,4
s1-CCGACAACGTCATCGG-1,7
s1-CCGACAAGACTGTACT-1,3
s1-CCGACAGACTGTGCCT-1,5
s1-CCGAGGATGACTCGTC-1,1
s1-CCGATAATGGAGCCTT-1,2
s1-CCGATGGAACATCAGC-1,7
s1-CCGATTAGCGAGTGTA-1,0
s1-CCGATTCCATAAGAGT-1,5
s1-CCGATTCCTCACTACA-1,0
s1-CCGCAAGGAAGGAGGC-1,6
s1-CCGCAAGGTACCGTTG-1,2
s1-CCGCAAGTAGCGGACT-1,6
s1-CCGCAATCCGTGGTTG-1,6
s1-CCGCAGTGATCACTGT-1,7
s1-CCGCATAGTACAGGTT-1,7
s1-CCGCATGTAGTTAGAC-1,5
s1-CCGCCACTGCGTTGGC-1,5
s1-CCGCCATACTTCACCA-1,1
s1-CCGCGAGGTGCGATGG-1,4
s1-CCGCGTATCGTTGCAG-1,0
s1-CCGCGTCGTTGGTCTG-1,7
s1-CCGCGTTACCTTGGCG-1,8
s1-CCGCGTTGACGGAACG-1,4
s1-CCGCTCAATCTGGAAC-1,5
s1-CCGCTCATACAAGTCA-1,3
s1-CCGCTCGCTAGTCTAA-1,4
s1-CCGCTCTGCTGAATTC-1,2
s1-CCGCTCTGGATATCGG-1,4
s1-CCGCTGTCACCTGCAA-1,1
s1-CCGCTGTTGCCATACG-1,0
s1-CCGGAGAAGCTAACCA-1,1
s1-CCGGAGACAAGAATAA-1,0
s1-CCGGATCTCCGAAGCG-1,0
s1-CCGGCAATGAAGTGAA-1,1
s1-CCGGCATAGGCAAGTG-1,8
s1-CCGGCGAACCGTGCAC-1,1
s1-CCGGCGAATGTACAGG-1,6
s1-CCGGCGCAGCATGCGA-1,8
s1-CCGGCGCTAAGGATGA-1,0
s1-CCGGCGTCCTCATTGT-1,3
s1-CCGGCGTCTTAATAAG-1,1
s1-CCGGTGGAGCTGGCTC-1,6
s1-CCGTATAATCTGGCCG-1,8
s1-CCGTCTTATGGACGAG-1,0
s1-CCGTGAAGGATAACAG-1,1
s1-CCGTGCACATCTGGCA-1,4
s1-CCGTGCTGGCAATATG-1,4
s1-CCGTGGCGTCGGTGCT-1,7
s1-CCTAACGCGATTGCAT-1,4
s1-CCTAACTACGAATATG-1,0
s1-CCTAACTTATGTTGGA-1,1
s1-CCTAAGCATGCCTTGT-1,0
s1-CCTAAGGTTACAGTAA-1,0
s1-CCTAATAGCGGACAGA-1,5
s1-CCTAATCCACAAGGAT-1,1
s1-CCTAATCGGCAGTCAC-1,0
s1-CCTAATGGCACTGTTC-1,2
s1-CCTACACCGACATTAC-1,1
s1-CCTACCACTCCAGTTA-1,7
s1-CCTACCATCGCAGTAT-1,6
s1-CCTACCATGTGATCAC-1,1
s1-CCTACGAGCTGGCCGG-1,3
s1-CCTAGCCTAGTACCGG-1,8
s1-CCTAGCCTTCATCGGC-1,3
s1-CCTAGTCAGCGAACCA-1,2
s1-CCTAGTCAGTCCTTAT-1,3
s1-CCTATCTATCAATCGC-1,0
s1-CCTATGATGGTCAATG-1,0
s1-CCTATGCCAGCAATCC-1,8
s1-CCTATGCCGTCGGCAC-1,1
s1-CCTATGCCTTCTTGTT-1,2
s1-CCTATGTCTTACCGGC-1,3
s1-CCTCACAATACAACTG-1,9
s1-CCTCACATGTACCTGG-1,4
s1-CCTCACATGTCTTACT-1,1
s1-CCTCACCTAGTGGCAA-1,3
s1-CCTCACGTTACTCGCA-1,5
s1-CCTCACTTCCTTCCGA-1,6
s1-CCTCATGATTATCTGA-1,1
s1-CCTCCGAAGCTGTACC-1,4
s1-CCTCGATAGAATAGGA-1,1
s1-CCTCGGAAGGCATGCA-1,2
s1-CCTCGGATCTTGCGGT-1,1
s1-CCTCGGTATGACAGTA-1,8
s1-CCTCTACCGTGATTGG-1,1
s1-CCTCTAGCTGGTCCGC-1,8
s1-CCTCTTCGAGCGGTTG-1,9
s1-CCTGAAGCGTATAGCA-1,6
s1-CCTGAAGTGCATGCAT-1,4
s1-CCTGCTCGCCGTCCAG-1,2
s1-CCTGGATCTAGAGCCA-1,7
s1-CCTGGATTGCGTAACA-1,6
s1-CCTGGCAACGAACGTC-1,9
s1-CCTGGCTTATGGTCTG-1,0
s1-CCTGTCCTCAGTTGTA-1,8
s1-CCTGTCTAAGTAGGCT-1,9
s1-CCTGTCTGATAGGTGA-1,3
s1-CCTGTCTGCATAGGTC-1,8
s1-CCTGTCTTACAATCCT-1,7
s1-CCTTAGATCTGTAATA-1,7
s1-CCTTAGTCTGTCACTG-1,3
s1-CCTTAGTTATACCAGA-1,5
s1-CCTTATAGGTCTCAAC-1,8
s1-CCTTCACCGACGGACA-1,9
s1-CCTTCCAACCTTCAGA-1,0
s1-CCTTCCGCTCCGGCAT-1,2
s1-CCTTGTCTACTTAGAC-1,3
s1-CCTTGTCTAGTTCTTG-1,0
s1-CCTTGTCTTACGGTTC-1,0
s1-CCTTGTGATGGTCTAG-1,2
s1-CGAACCAGAAGTCTGG-1,2
s1-CGAACGTGAAGTCCAA-1,4
s1-CGAACTACAGATGTAA-1,0
s1-CGAAGACCGCCAGGCG-1,3
s1-CGAAGATCCGAAGGCA-1,4
s1-CGAAGTCGTTGGCTCG-1,5
s1-CGAATGGACCGTCTTG-1,0
s1-CGAATTACTGCTCCGG-1,0
s1-CGACAAGTACTCCTTA-1,0
s1-CGACAAGTGATGCGCA-1,4
s1-CGACAATCATACGCAC-1,1
s1-CGACAATTATTCTGTC-1,1
s1-CGACAATTCGTCATGT-1,4
s1-CGACATTGTATGGAGG-1,3
s1-CGACCAGAACTGTCAT-1,9
s1-CGACCAGAAGGATCCG-1,2
s1-CGACCAGATTCAGTGA-1,6
s1-CGACCAGCCTTGATTA-1,2
s1-CGACCTATACTGACGT-1,1
s1-CGACCTGCATCTGCAT-1,1
s1-CGACCTTGGCGTTCTA-1,9
s1-CGACGCAACATGGCGA-1,2
s1-CGACGCAGCCTTAGTC-1,8
s1-CGACGCCAAGGTGCAA-1,0
s1-CGACGCCGCAAGTAGC-1,9
s1-CGACGCTCCGCACGTG-1,1
s1-CGACTAATGTTAGGCT-1,4
s1-CGACTAGGAGATAAGC-1,0
s1-CGACTAGGTCCTTAAC-1,6
s1-CGACTATTGGTACTAT-1,4
s1-CGACTGAACGAATGCT-1,1
s1-CGACTTCACTCGGCAT-1,0
s1-CGACTTCGCAAGCGGT-1,7
s1-CGAGATGCCGCATCTT-1,4
s1-CGAGATGCGGTATGCG-1,0
s1-CGAGCCTGCAAGGTTA-1,1
s1-CGAGCGAGCCACGCTA-1,2
s1-CGAGCGGCACAGTAGG-1,7
s1-CGAGCGTAATGGAGTG-1,0
s1-CGAGCGTATGCCAGCG-1,4
s1-CGAGCGTGAAGTTAGC-1,4
s1-CGAGCGTGCATTGTGG-1,4
s1-CGAGCGTGGACTGGAA-1,5
s1-CGAGCTAAGGCCTGTA-1,0
s1-CGAGCTATGTCCTCGC-1,3
s1-CGAGCTTAGAATACCT-1,3
s1-CGAGGAAGACTTAGAT-1,2
s1-CGAGGACGTAATAGGC-1,4
s1-CGAGGAGCGTTCGTTA-1,0
s1-CGAGGAGTCTAAGGAT-1,1
s1-CGAGGATTCGATCATA-1,1
s1-CGAGGCATCCAAGTCC-1,7
s1-CGAGTCACTCATAGAT-1,0
s1-CGAGTCATCCGCACCA-1,1
s1-CGAGTCCATGTCAACA-1,4
s1-CGAGTCCGTTGGAACT-1,1
s1-CGAGTCTTGTACTGCC-1,4
s1-CGAGTGCGGCTCGTGG-1,1
s1-CGATAAGAATTCCAGT-1,8
s1-CGATAAGGATAGGCAA-1,2
s1-CGATAAGGTGCCTGAC-1,7
s1-CGATGACCTCATCCTC-1,4
s1-CGATGAGGCCAACGTA-1,8
s1-CGATGATCAGCTATAA-1,1
s1-CGATGCACCAGGCCTC-1,2
s1-CGATGCCTGCTCACCG-1,0
s1-CGATGTCCGACTACAG-1,1
s1-CGATTAACTAATCTTA-1,0
s1-CGATTGGAACAGGCCA-1,0
s1-CGCAACCATGCACCGA-1,1
s1-CGCAAGTAGAGCTTGA-1,4
s1-CGCAATGTATCCAATG-1,5
s1-CGCACGCAGGTAAGTC-1,0
s1-CGCACGGCTGTCAGGT-1,5
s1-CGCACGTAGCATTGTT-1,0
s1-CGCACGTATGAAGGCC-1,0
s1-CGCACGTGACTGTTGG-1,0
s1-CGCACTAACTACCGGT-1,1
s1-CGCACTCACCAGCACG-1,4
s1-CGCACTGTGAGCCTGT-1,1
s1-CGCACTTAAGGCATGC-1,1
s1-CGCAGACACTGGCGTA-1,0
s1-CGCAGAGCAGTCCGAG-1,1
s1-CGCAGATAGATGTTCT-1,2
s1-CGCAGATATGGACAGT-1,7
s1-CGCAGATTCGACCGAA-1,1
s1-CGCATCTTGACTTAGT-1,1
s1-CGCATGAGGAGCGTCT-1,0
s1-CGCATGGAATTCACGA-1,2
s1-CGCCACAATAGCTCAA-1,5
s1-CGCCACATGCGTCCAA-1,0
s1-CGCCATGAGGCGATGA-1,2
s1-CGCCGGTATCTAGCAC-1,2
s1-CGCCTCGAGCCACTCG-1,3
s1-CGCCTCGATAATGCGG-1,2
s1-CGCCTCGGAACTGTGC-1,3
s1-CGCCTCGTACGAAGGC-1,2
s1-CGCCTCGTAGTCGTGA-1,4
s1-CGCCTCTAATTCGCGG-1,1
s1-CGCCTCTACTCGGAAC-1,4
s1-CGCCTCTGACTATTGT-1,4
s1-CGCCTTACGAGTAGCG-1,1
s1-CGCCTTAGCGGCCTCC-1,7
s1-CGCCTTAGGATCGGCA-1,0
s1-CGCCTTATCTTGGCGA-1,0
s1-CGCCTTGACGTGAATC-1,9
s1-CGCCTTGTGAAGTCTA-1,8
s1-CGCTACTCAGCCATAG-1,0
s1-CGCTAGACTTCATCAC-1,1
s1-CGCTAGCCGCATGCAT-1,0
s1-CGCTATAGCGATCGCC-1,4
s1-CGCTATAGTCTTCATC-1,7
s1-CGCTATGGTTGGTTAA-1,5
s1-CGCTATTAATCTATAA-1,4
s1-CGCTATTATGATACGT-1,9
s1-CGCTCGCAATTGGCGA-1,1
s1-CGCTCGGCCGGTTGTC-1,2
s1-CGCTCGGTACTGCGAA-1,8
s1-CGCTGCGAGTCCACAT-1,0
s1-CGCTGCTATGACAGAC-1,9
s1-CGCTGCTTCGCATACT-1,1
s1-CGCTGTGACATAGGCA-1,1
s1-CGCTTAGAATTCTTAC-1,1
s1-CGCTTATGGTTAGGAT-1,1
s1-CGCTTGCGTACGGCAC-1,5
s1-CGCTTGGCTTGGATCT-1,3
s1-CGGAACCGATTGAGTC-1,4
s1-CGGACACTATGTATCA-1,6
s1-CGGACTGTGAGTATAG-1,1
s1-CGGAGCCATCTGGATA-1,1
s1-CGGAGCCGCAATAGCC-1,0
s1-CGGAGCGGTAAGACGC-1,2
s1-CGGAGCTCACTTGCAT-1,6
s1-CGGAGCTCTTCCAACG-1,4
s1-CGGAGGCTAGTCGGCA-1,5
s1-CGGAGTAAGTGCACAT-1,1
s1-CGGAGTCTTACGTGAA-1,0
s1-CGGAGTGGCGACTAAG-1,0
s1-CGGAGTGGTCAAGTAT-1,0
s1-CGGATGTTGAACCACG-1,8
s1-CGGATTCCAGACGGTT-1,1
s1-CGGATTGCGTCTACCT-1,0
s1-CGGCAACCACTAGCAT-1,8
s1-CGGCAACCTAAGTCCA-1,0
s1-CGGCAAGATGCGTCGG-1,7
s1-CGGCAATCAACGTGGA-1,0
s1-CGGCACTCCGGTTCGC-1,1
s1-CGGCACTCTAGCGGAA-1,7
s1-CGGCATGGCCGCTTGT-1,3
s1-CGGCATTATCGCGTGG-1,5
s1-CGGCCATCAACCGGCG-1,0
s1-CGGCCTAACGATAATG-1,6
s1-CGGCCTGCGATCGATG-1,6
s1-CGGCCTGTCTGTCTGT-1,9
s1-CGGCGTAGCGCTAGGA-1,1
s1-CGGCGTTGGTTGCAGC-1,9
s1-CGGCTCGTGGAGTACT-1,9
s1-CGGCTGACCGCTCGCA-1,7
s1-CGGCTGTACATGATGT-1,7
s1-CGGCTTACGTGCACGA-1,6
s1-CGGCTTATTCGCTAAT-1,9
s1-CGGCTTCTACGATATG-1,7
s1-CGGCTTGTGCCGGCCT-1,0
s1-CGGTAGAACGTGACTT-1,6
s1-CGGTAGATTCCTATGC-1,2
s1-CGGTATAGGATGAGCG-1,2
s1-CGGTCAACGGCGGATT-1,0
s1-CGGTCATGGAGGACTC-1,2
s1-CGGTCCATACTTGAGC-1,4
s1-CGGTCCATGCGACTCC-1,7
s1-CGGTCCATTACAACTA-1,8
s1-CGGTCCGGTTCTTAGC-1,2
s1-CGGTCTAGATCGAATG-1,0
s1-CGGTCTGCGTATCTGG-1,1
s1-CGGTCTGCTTGAATGA-1,9
s1-CGGTCTTGCTATTCTA-1,1
s1-CGGTGAACGGTTAGAT-1,0
s1-CGGTGAACTCACATTG-1,1
s1-CGGTGAACTCCACCAG-1,0
s1-CGGTTACCATCAACCA-1,0
s1-CGGTTACGTCCATGAA-1,4
s1-CGGTTATCTGTCTTAA-1,3
s1-CGGTTGATTGAGCGCC-1,1
s1-CGTAACATAAGTCATC-1,5
s1-CGTAACATCGTTACGG-1,6
s1-CGTAACATTCGCGATA-1,4
s1-CGTAACATTGGCTGAG-1,3
s1-CGTAACCGGTATGCTA-1,0
s1-CGTAACCTGACATCGA-1,5
s1-CGTAAGCCGACCGCTT-1,0
s1-CGTAAGGATACGGCAC-1,4
s1-CGTACAGACGAGGACC-1,1
s1-CGTACAGGCCGCACTG-1,5
s1-CGTACAGTAAGTAATG-1,0
s1-CGTACATCACTGGATG-1,6
s1-CGTAGCCAAGTCCGTC-1,0
s1-CGTAGCCTTGAGCAAG-1,5
s1-CGTAGTACAAGGTACT-1,6
s1-CGTAGTACGCATAATG-1,1
s1-CGTAGTGACTCAAGGA-1,8
s1-CGTAGTTCGTTGGTAG-1,3
s1-CGTCAAGGCGGAATGT-1,1
s1-CGTCAGAACGTTGCCG-1,1
s1-CGTCCAATCTGCGTCC-1,0
s1-CGTCCATAATCCGCTT-1,6
s1-CGTCCATCCTAGCATC-1,6
s1-CGTCCATCGTCCAATA-1,1
s1-CGTCCATGTAGCGTCT-1,0
s1-CGTCGGATCGCAGAAC-1,7
s1-CGTCGGCAGACGGTAT-1,0
s1-CGTCGGCGGTAGATCA-1,1
s1-CGTGAATGGTCCTGCG-1,3
s1-CGTGAGCAATGGACAT-1,1
s1-CGTGAGCTGTTATCGT-1,0
s1-CGTGCGGATTCATGTA-1,1
s1-CGTGGCTACATCCATT-1,2
s1-CGTGGCTCCTTGTCTT-1,3
s1-CGTGTACGATGATTGT-1,0
s1-CGTGTAGACACCTTCC-1,0
s1-CGTGTATGAGGCCAGG-1,0
s1-CGTGTTAACCTGAAGC-1,9
s1-CGTGTTACCATATGTA-1,6
s1-CGTGTTAGATGGTATC-1,1
s1-CGTGTTGGACGTCTGG-1,7
s1-CGTTACAGTGCACTCA-1,1
s1-CGTTACGTGCAGATGG-1,6
s1-CGTTCCTGTCACCGTG-1,7
s1-CGTTCTCGAGGTTCGC-1,0
s1-CGTTGGTCGTCACTGT-1,1
s1-CGTTGTGAGCAAGTGG-1,7
s1-CTAACAGTATACCGGC-1,2
s1-CTAACGTGAATGATGT-1,6
s1-CTAACGTTAGGCAATG-1,0
s1-CTAAGCGTGCCTGCAA-1,1
s1-CTAAGCTCCACGATCA-1,0
s1-CTAAGCTTACAGTACG-1,0
s1-CTAAGTCAAGATCATG-1,0
s1-CTAAGTGGCCGATTAG-1,1
s1-CTAATCACTCCGAGAC-1,4
s1-CTAATCTGGCCGTGTT-1,8
s1-CTAATGACATCATTCT-1,9
s1-CTAATGAGCGAGGCTA-1,1
s1-CTAATTACGCAATGGA-1,4
s1-CTAATTATGTTGCCGC-1,0
s1-CTACAACCGCTGTCTA-1,1
s1-CTACAGAACCAGTTGA-1,5
s1-CTACAGAATTAATGAC-1,2
s1-CTACAGATCGGTCGCC-1,8
s1-CTACAGATGGTCATAC-1,2
s1-CTACAGCGTCTACACT-1,1
s1-CTACAGGTAGAATTCC-1,8
s1-CTACAGGTCGCTAAGC-1,0
s1-CTACATCTACTGGCTT-1,1
s1-CTACCAGACCTCTTAG-1,1
s1-CTACCAGGAGACATCT-1,3
s1-CTACCATCGATGAGAA-1,4
s1-CTACCTGTAATAAGCA-1,4
s1-CTACCTTATCAACTGA-1,2
s1-CTACGAATCAGCCTGG-1,5
s1-CTACGAATTGGCTGGT-1,3
s1-CTACGAGCCGGACGGT-1,1
s1-CTACGAGCCTGGAGAC-1,9
s1-CTACGATGCGTCCGGC-1,0
s1-CTACGCTACATCTGTT-1,0
s1-CTACGCTTAGAAGTGC-1,1
s1-CTACTGCTCCGACAGT-1,0
s1-CTACTTATGAACATAA-1,5
s1-CTAGACGATTGAGCTA-1,1
s1-CTAGCAACCAGTGCGG-1,8
s1-CTAGCACGATCACTGT-1,4
s1-CTAGCACGCCAAGCTT-1,7
s1-CTAGCATAGAGCGAGC-1,6
s1-CTAGCCGAAGATGGAC-1,9
s1-CTAGCGCCTAGCTTAA-1,5
s1-CTAGGACGCAAGCATT-1,1
s1-CTAGGCCAGGAGTACG-1,0
s1-CTAGTCAGGCGACAGT-1,5
s1-CTAGTGTTCAGATCCG-1,9
s1-CTAGTTATGTCCAAGG-1,5
s1-CTAGTTCTACATGACG-1,0
s1-CTATAACCAGCAGTAT-1,6
s1-CTATAACTCCTGGAGG-1,1
s1-CTATACCGACTCGCAT-1,2
s1-CTATAGATCCACAAGC-1,0
s1-CTATCCATAATCGATA-1,4
s1-CTATCCATTAGCTCGA-1,1
s1-CTATCCATTGAGCCAC-1,0
s1-CTATCCGCTGCAATTG-1,6
s1-CTATCGAGATGCCTAC-1,5
s1-CTATCGATCTGCGTGA-1,1
s1-CTATCGGATATCGGAG-1,5
s1-CTATCGGCCGTCTGAC-1,0
s1-CTATCGTATCAGCGTG-1,5
s1-CTATCGTATGATAGGA-1,0
s1-CTATCGTTACAACCTT-1,0
s1-CTATCGTTATCCGTCG-1,3
s1-CTATCGTTCCGCTCGT-1,4
s1-CTATGCACCAATCCAG-1,0
s1-CTATGCAGACCTCGCC-1,0
s1-CTATGCCATGCGGACA-1,0
s1-CTATGCCATTGGAGAA-1,4
s1-CTATGCCGTACAGCGT-1,1
s1-CTATGGCCAACGCCGG-1,1
s1-CTATGTAGGCCGAACG-1,8
s1-CTATGTCAGGAACCTC-1,7
s1-CTATGTCGTTCCGCTA-1,6
s1-CTATGTGCGGTTGACT-1,3
s1-CTATTAAGCCAGCACT-1,7
s1-CTATTACCGTCATATT-1,4
s1-CTATTAGCGGCTTCGT-1,3
s1-CTATTAGTACTGGCTC-1,6
s1-CTATTATGAGATACGA-1,1
s1-CTATTATGGCACCTCG-1,5
s1-CTATTCCGGCCGTCGG-1,3
s1-CTATTCCTTACCTAGG-1,7
s1-CTATTCGTCTTACATA-1,3
s1-CTATTCTGCAACGCAC-1,9
s1-CTATTCTGTAGGACCT-1,3
s1-CTCAAGATACAACGGA-1,7
s1-CTCAATACGTTAACCG-1,1
s1-CTCAATGACCATTAAG-1,5
s1-CTCAATTGGCGATTCC-1,6
s1-CTCACCAGGAATTGAC-1,4
s1-CTCACCAGTGTAAGTT-1,7
s1-CTCACCGCCTGTGAGT-1,4
s1-CTCACCGCTCTAATCA-1,6
s1-CTCACCGTGACTCGGA-1,6
s1-CTCACCTGAGACTAAG-1,0
s1-CTCACCTGCCGACTAA-1,2
s1-CTCACCTGGCTTAGGT-1,4
s1-CTCACCTTAATAAGAT-1,2
s1-CTCACCTTATCTCCTT-1,7
s1-CTCACCTTCTGAAGTA-1,1
s1-CTCACGAGTAGATGAG-1,2
s1-CTCACGATCTCCGGAG-1,1
s1-CTCACGTATTCAAGCG-1,2
s1-CTCACGTTCGGTCTGC-1,8
s1-CTCAGAAGACAACTCG-1,8
s1-CTCAGGATACGCGGCA-1,2
s1-CTCAGGCACGTCAGAC-1,0
s1-CTCAGGTCACTACAGC-1,2
s1-CTCAGGTCGTGCTCGC-1,1
s1-CTCATAATAGCACCGT-1,4
s1-CTCATAGCCAATGTCG-1,0
s1-CTCATATGATAACTAT-1,7
s1-CTCATATGTAACCGTG-1,4
s1-CTCATCCTGGCAAGTC-1,2
s1-CTCCAAGCGTCCTTCA-1,0
s1-CTCCACGCTAGCTAGA-1,2
s1-CTCCACTGGCTAATGG-1,2
s1-CTCCAGAATATTACAT-1,9
s1-CTCCATGGCGACCAGT-1,6
s1-CTCCGCAGCCGCCTTC-1,6
s1-CTCCGGATCCTCGCTC-1,8
s1-CTCCGGCCTACAGCTT-1,7
s1-CTCCGGTTCAGCGGAT-1,4
s1-CTCCTACATTGTATCT-1,3
s1-CTCCTACCTCGTGGTA-1,2
s1-CTCCTACTTGAGTAAG-1,8
s1-CTCCTGTCGAAGCCAA-1,1
s1-CTCCTTATCTTAAGAC-1,2
s1-CTCCTTATGGAACCTT-1,0
s1-CTCCTTGAATTGGCTA-1,4
s1-CTCGACAGCACTCGGA-1,1
s1-CTCGACTCCTAATGGA-1,2
s1-CTCGATGCGGTGTTAA-1,0
s1-CTCGATGTTGAACGGC-1,2
s1-CTCGATGTTGCTATGT-1,0
s1-CTCGCATACTCAACTC-1,2
s1-CTCGCTAGCACCATCT-1,2
s1-CTCGCTGTTCATAGAT-1,5
s1-CTCGGAATTCTTGATA-1,0
s1-CTCGGACTAACGTGGC-1,5
s1-CTCGGAGTCTTAAGGA-1,1
s1-CTCGGATCGGAATACG-1,4
s1-CTCGGTCTCCAACTGC-1,2
s1-CTCGTCGCGATTAATT-1,2
s1-CTCGTTCTGTCACGTT-1,8
s1-CTCGTTGCACCTTAGG-1,0
s1-CTGAAGCGGTTGCCAA-1,7
s1-CTGAAGGAGCCTCACT-1,1
s1-CTGAAGGATCTGTACG-1,2
s1-CTGAAGGTGCTCGAGG-1,2
s1-CTGAAGTGCTATGGCG-1,9
s1-CTGAAGTGCTGAACTG-1,1
s1-CTGAAGTTGCAGACAT-1,1
s1-CTGAATTCGCGTAAGG-1,2
s1-CTGACCGCCAATTAGG-1,4
s1-CTGACGTATCCGCCAC-1,4
s1-CTGACTCCGAATCTGC-1,0
s1-CTGACTCGAATTCGTG-1,0
s1-CTGACTGATTAGGCTG-1,2
s1-CTGACTGGTATGATAA-1,1
s1-CTGACTGGTCTACCTT-1,4
s1-CTGACTGTGGCCGGTT-1,3
s1-CTGATTAACAGCGGCC-1,6
s1-CTGATTAACGCAAGAA-1,7
s1-CTGATTACAATGTCCA-1,3
s1-CTGATTAGGTGCCGAA-1,0
s1-CTGATTATCAATAGAC-1,2
s1-CTGCATAATGGACCGC-1,0
s1-CTGCATTGAGGAGCCG-1,8
s1-CTGCCGATTGCGATGT-1,1
s1-CTGCCGTGAAGTCGCA-1,3
s1-CTGCCTAGTGAATAAG-1,7
s1-CTGCCTCCAACACCAG-1,2
s1-CTGCCTGACACGGATT-1,4
s1-CTGCCTGTGAGCCAGG-1,7
s1-CTGCTCATTAGAGTGC-1,0
s1-CTGGAACAATAGACAG-1,1
s1-CTGGAAGGCAACCGGA-1,0
s1-CTGGAAGTCTAAGCTC-1,0
s1-CTGGAATAGTGCAAGT-1,2
s1-CTGGAATGGATCAGCA-1,1
s1-CTGGAATGTCCGGCCT-1,4
s1-CTGGCACTTCTGCGTC-1,4
s1-CTGGCCTTACCACTTA-1,0
s1-CTGGCCTTGCATTCGG-1,0
s1-CTGGCGCACTTACTGA-1,1
s1-CTGGCGCATATCCGTG-1,5
s1-CTGGCGGACAACGCAC-1,1
s1-CTGGCTGGACGCTTGG-1,3
s1-CTGGTAATTAATCTGG-1,4
s1-CTGGTGATCCTGAAGG-1,1
s1-CTGGTGATCGCCGTAG-1,1
s1-CTGGTGCACGATCAAG-1,6
s1-CTGGTGCGTTCACGAG-1,5
s1-CTGGTGCTACAGTATT-1,9
s1-CTGGTGCTTATGACCA-1,2
s1-CTGGTGGCCAATAAGT-1,1
s1-CTGGTGGCCTTCCGAC-1,8
s1-CTGGTTGGACATCACC-1,5
s1-CTGGTTGGCTTGTTAC-1,4
s1-CTGTATCGAAGTGGAT-1,7
s1-CTGTATCGGAAGCTCC-1,9
s1-CTGTATCTTCGCCATA-1,4
s1-CTGTATGGCTCAACAT-1,1
s1-CTGTCACTCGGCCTTA-1,3
s1-CTGTCAGATCGATGCG-1,1
s1-CTGTCAGGCTTCCTAA-1,6
s1-CTGTCTATCCACATCT-1,8
s1-CTGTGCGTGAGCCGTC-1,4
s1-CTGTGGCTTGTCAGCT-1,3
s1-CTGTGGTAAGCTAATA-1,0
s1-CTGTTCCAGAAGCTGA-1,8
s1-CTGTTCGTATGCACCA-1,0
s1-CTGTTCTGCTCAGGAC-1,5
s1-CTGTTGCTACTCACAG-1,5
s1-CTTAATACGGCTAGCA-1,8
s1-CTTACGAACTCCGTCC-1,0
s1-CTTACGCAACTCAACG-1,9
s1-CTTACGCCATGCACAG-1,1
s1-CTTACGGTAAGCCGAA-1,1
s1-CTTACGTCATCCTTAT-1,0
s1-CTTAGCAACTAGGACC-1,0
s1-CTTAGCAAGGACAGCC-1,2
s1-CTTAGCACGACAGAAC-1,1
s1-CTTAGCCTAATGGTAA-1,2
s1-CTTAGCCTGTAAGACA-1,0
s1-CTTAGCGTAGCGTGCG-1,3
s1-CTTAGCTACCATCTCA-1,4
s1-CTTAGCTACGCAAGGT-1,2
s1-CTTAGCTATCCTTGCG-1,5
s1-CTTAGCTTAGTTCTCG-1,3
s1-CTTAGCTTCGCTGACC-1,2
s1-CTTAGTAAGCGTGGCA-1,1
s1-CTTAGTCCTCATAAGT-1,5
s1-CTTAGTCTATCGAGAC-1,1
s1-CTTAGTCTCGACAACT-1,3
s1-CTTAGTCTGTGCATCC-1,5
s1-CTTAGTCTTATTCGGA-1,3
s1-CTTAGTGCGACCTATT-1,1
s1-CTTAGTGCGTTGACGC-1,5
s1-CTTAGTGGCTAAGACG-1,5
s1-CTTAGTGGTACACGAC-1,2
s1-CTTAGTTGAATCACCT-1,0
s1-CTTAGTTGCTCGTTGT-1,3
s1-CTTAGTTGGAGCGACC-1,4
s1-CTTATTCACTAGCTGG-1,3
s1-CTTCAAGTCGACCTTC-1,3
s1-CTTCAATCGTACTACG-1,0
s1-CTTCATGCCTAGACGG-1,5
s1-CTTCATTGGATACCAC-1,1
s1-CTTCCAATTGAAGATT-1,1
s1-CTTCCACGATCCTGTA-1,7
s1-CTTCCGACGCACAACC-1,8
s1-CTTCCGTCGCTGCATC-1,8
s1-CTTCGACCAAGCCGAG-1,8
s1-CTTCGACTCCAGACTG-1,7
s1-CTTCGATAACATTGGT-1,1
s1-CTTCGATACTCCGACC-1,8
s1-CTTCGATATGTAGGAG-1,9
s1-CTTCGATGGACGTACC-1,5
s1-CTTCGCCGCAACATTA-1,0
s1-CTTCGGCTCACTACCT-1,7
s1-CTTCGTATTAATACGG-1,0
s1-CTTCGTCAAGACTCGT-1,2
s1-CTTCTACTCAAGTCGT-1,3
s1-CTTCTGAGCCAGGAAC-1,9
s1-CTTCTGTACGGACATC-1,0
s1-CTTGAACTTAGAGGAA-1,0
s1-CTTGAGCCTTGTTCCA-1,8
s1-CTTGAGTCCAAGGCTG-1,0
s1-CTTGATGCAATCACAA-1,1
s1-CTTGCCGGAAGACGCA-1,2
s1-CTTGCGTAACAGCAGT-1,1
s1-CTTGGACAGGTTAGAA-1,0
s1-CTTGGACTTGTCTGTC-1,7
s1-CTTGGAGGCCACCTGC-1,7
s1-CTTGGTCGGAAGTAGC-1,6
s1-CTTGGTTAGAGTCATC-1,1
s1-CTTGTATCGTATGATT-1,7
s1-CTTGTCAAGGCGTCAA-1,2
s1-CTTGTCAGTTCGGTAA-1,6
s1-GAACAAGGTCGAGCAA-1,8
s1-GAACAGATAACCTTAA-1,3
s1-GAACAGATCCGCTAGA-1,0
s1-GAACATTCGACACGTA-1,0
s1-GAACCGAACGAAGACT-1,1
s1-GAACCTTAGTTGATTA-1,4
s1-GAACGCCAGTGCATAC-1,0
s1-GAACGCTAGAAGGCTA-1,2
s1-GAACTAACTCTACGTG-1,1
s1-GAACTACAAGTAGGAG-1,1
s1-GAACTACCTTATCATA-1,8
s1-GAACTCATAGTGAGTG-1,8
s1-GAACTCCTCATACATA-1,0
s1-GAACTCCTGGAGGCTC-1,0
s1-GAACTGTAACTCAGGC-1,0
s1-GAACTTGGTGAGGATA-1,2
s1-GAAGCGATTGCCGAAT-1,6
s1-GAAGCGGCTGATCAGT-1,0
s1-GAAGCGTATCATCGTT-1,7
s1-GAAGCGTCCATAGTTG-1,0
s1-GAAGCTGTTCTACATC-1,1
s1-GAAGGATGGTATACGT-1,4
s1-GAATAAGGAGAACTAA-1,2
s1-GAATACAGACGAACTG-1,0
s1-GAATACCTGCCACGGC-1,4
s1-GAATACTAAGGCGAAT-1,1
s1-GAATCAATTACCGACC-1,6
s1-GAATCATAGTCTGAAG-1,2
s1-GAATCATGAACCAGTG-1,8
s1-GAATGACAACTAGTCA-1,4
s1-GAATGACACGACTAGG-1,1
s1-GAATGACCACAATCGA-1,4
s1-GAATGAGTATAGACCA-1,2
s1-GAATGGCCAAGGAGGC-1,6
s1-GAATGTATTGGATCAA-1,5
s1-GAATGTGCCTAGCAGA-1,6
s1-GAATTAACCTTCAATT-1,0
s1-GAATTCACAACTGCAG-1,2
s1-GACAACATCATGCCGC-1,6
s1-GACAACCTAGGAGTCT-1,4
s1-GACAACGGACTCAGCT-1,3
s1-GACAACGGCGATGTTA-1,2
s1-GACAACTTAACCAACC-1,2
s1-GACAACTTGATTGTGA-1,6
s1-GACAAGCCTCGTTAGT-1,7
s1-GACAAGCTGAATCTGG-1,3
s1-GACAATCTATTAGATT-1,1
s1-GACAATGACAAGCTTA-1,9
s1-GACAATTGTATGCTTC-1,1
s1-GACAGCAACTCAGAAC-1,9
s1-GACAGTCACTTCGCTC-1,0
s1-GACATCACCGTTGCGT-1,0
s1-GACATCCTTCATTATC-1,7
s1-GACATCTGCGGTCTTG-1,0
s1-GACATTATCTTAATCT-1,5
s1-GACCAATTGCGTCAGA-1,5
s1-GACCACATTCTTGAAT-1,3
s1-GACCACGGCGTACATA-1,7
s1-GACCACTCCTGACGTT-1,5
s1-GACCACTTAGACAGGT-1,0
s1-GACCGAAGACTGGCAG-1,0
s1-GACCGAATCTAATACG-1,6
s1-GACCGACAATAGGAAT-1,9
s1-GACCGAGGCAACGTTC-1,0
s1-GACCGGCCATGTACCG-1,1
s1-GACCGTATTAGACCGG-1,5
s1-GACCTGCTGTACGAAG-1,6
s1-GACGAGCTGCACTCGT-1,6
s1-GACGCAGCGTCAAGTT-1,0
s1-GACGCCTCGTCAGAGG-1,3
s1-GACGCCTCTTGATTGT-1,6
s1-GACGGCTTAGGTGCGA-1,8
s1-GACGGTACCTGGCCGT-1,7
s1-GACGGTGGTTGATGTC-1,0
s1-GACGTACAGGAACGCT-1,0
s1-GACGTAGACTGCCGCA-1,4
s1-GACGTCTTATCTCAGC-1,9
s1-GACGTGGTGCTCCAGA-1,8
s1-GACTACGAGTTCCATT-1,3
s1-GACTACGCCTATAGCC-1,0
s1-GACTAGATTAGCTAAC-1,7
s1-GACTAGTAATCTTGCT-1,3
s1-GACTGCCATAGAATAC-1,0
s1-GACTGCGGTCTGCGTG-1,3
s1-GACTTCATACCGCTGT-1,1
s1-GACTTGAACGTCCGTA-1,0
s1-GACTTGAAGCCATAGC-1,4
s1-GAGCACCATTCGCTGT-1,4
s1-GAGCAGACTAGTGGTA-1,1
s1-GAGCATCTCCAGTCTG-1,4
s1-GAGCCAAGCGATCGTA-1,4
s1-GAGCCAGCTTACGGTA-1,6
s1-GAGCCTCACGTATGTA-1,2
s1-GAGCCTCCAGTACCGA-1,0
s1-GAGCGAATCGGTAGAA-1,0
s1-GAGCGATACTCCAGGC-1,5
s1-GAGCGGCAATGGAATA-1,5
s1-GAGCGGTGTTATCAAC-1,4
s1-GAGCTAACCTACTTAC-1,7
s1-GAGCTAAGGTTGCGTT-1,1
s1-GAGCTACAAGATCAAG-1,1
s1-GAGCTACAGCTCGGTA-1,7
s1-GAGCTGCGGTGGTAAT-1,6
s1-GAGGAAGGCAACGGCG-1,4
s1-GAGGACAGATCGCCTA-1,1
s1-GAGGACAGTGATCGGC-1,4
s1-GAGGACGAGTCCTAGT-1,5
s1-GAGGATACCAGGTACG-1,4
s1-GAGGATCCAGAACTGG-1,3
s1-GAGGATGAGGATCCTC-1,4
s1-GAGGATGATAGGAAGG-1,1
s1-GAGGCCACAAGGTGCA-1,1
s1-GAGGCCACTTCTAGAT-1,5
s1-GAGGCCAGCAGAGGTT-1,1
s1-GAGGCGCTCCATTCCT-1,0
s1-GAGGTAACATTCGATC-1,9
s1-GAGGTAACTAGACAGT-1,5
s1-GAGGTAACTGCGAGAC-1,8
s1-GAGGTATTAATAGCGG-1,3
s1-GAGGTCACTGTAAGCT-1,2
s1-GAGGTGCATTCGGATC-1,0
s1-GAGGTGCCTCTTCGTG-1,6
s1-GAGGTGCGGCTGACCA-1,9
s1-GAGGTGGCTCGAGGTT-1,3
s1-GAGGTGTAGCAACTCA-1,2
s1-GAGTAACGTGGCTTGA-1,0
s1-GAGTAGACGCAGGCTC-1,3
s1-GAGTAGATACGTCAAC-1,7
s1-GAGTAGATTATGGTTC-1,9
s1-GAGTAGGATGGTAGTC-1,2
s1-GAGTCACGTCCTTAGA-1,9
s1-GAGTCCACGCCTGAAG-1,1
s1-GAGTCCACTCATAACA-1,1
s1-GAGTCCTACCTCTGCA-1,6
s1-GAGTCCTCTAGCGACA-1,0
s1-GAGTCTCGAGATAGTC-1,2
s1-GAGTCTGACTATAGAA-1,1
s1-GAGTCTGGTGAATGAG-1,0
s1-GAGTGCAGCGTCATCG-1,8
s1-GAGTGCCGCATTAGGC-1,3
s1-GAGTGCGGATACAGTC-1,4
s1-GAGTGGAGCAAGCGCA-1,2
s1-GAGTTAATCTCGTTAT-1,2
s1-GAGTTAATTCCACTGG-1,0
s1-GAGTTACTCAATGGAA-1,0
s1-GAGTTAGCAGTAGATG-1,8
s1-GAGTTCTATCGTGCCT-1,3
s1-GAGTTGGTATTAATAG-1,9
s1-GATAAGCACGTGCGTA-1,0
s1-GATAAGTTGGCGATTA-1,2
s1-GATAATCAGCTATTGT-1,1
s1-GATACATAACGCATGT-1,4
s1-GATACCTCGCGACTGC-1,7
s1-GATACTTCACTCAGCA-1,6
s1-GATACTTCTAGTGGAG-1,0
s1-GATAGAGTCTGAATCG-1,4
s1-GATAGAGTGATAAGCT-1,0
s1-GATAGATGTTGAAGAT-1,0
s1-GATAGCTAATGGATAG-1,6
s1-GATAGTGACACTCCAA-1,1
s1-GATATCCATATGAGGC-1,7
s1-GATATCTTGTGACACG-1,0
s1-GATATGCTCACGTTAC-1,0
s1-GATCACGAACGTTGAG-1,4
s1-GATCCACCGCGTGCAA-1,8
s1-GATCCGGACATACACC-1,1
s1-GATCGGAGATACGCAG-1,0
s1-GATCGTAACATTAATA-1,5
s1-GATCGTAAGAGTCGCA-1,9
s1-GATCGTCATGCGGAGG-1,4
s1-GATCGTGGCCACAACC-1,3
s1-GATCGTTGATGGATGC-1,4
s1-GATCGTTGGAATGACA-1,6
s1-GATCTATGAAGATGCG-1,1
s1-GATCTTGTCATGATCT-1,0
s1-GATGACTCTGAATCTT-1,1
s1-GATGAGTGAACGGCTG-1,2
s1-GATGCCAGACATAATG-1,3
s1-GATGCCGACAGATATT-1,5
s1-GATGCCTAGAGTCTGT-1,2
s1-GATGGACCTGGACGGA-1,1
s1-GATGGACGGCAGATGA-1,0
s1-GATGTAGCGAGGTCCA-1,8
s1-GATGTAGGAGTTGGCC-1,2
s1-GATGTTCTATAGGATA-1,7
s1-GATTATGTGACATGAT-1,6
s1-GATTCCAAGTCCTGTA-1,4
s1-GATTCCATACTGAACC-1,0
s1-GATTCCATTGAGTTGA-1,2
s1-GATTCCGCTATCGGCT-1,1
s1-GATTCCGCTGCAAGAT-1,1
s1-GATTCCGTGCGTATAC-1,2
s1-GATTCCTGCAGATCGT-1,0
s1-GATTCGCCATGTATCA-1,2
s1-GATTGACTCCATGCGA-1,0
s1-GATTGTCGCAACGAGG-1,8
s1-GCAACAGCGTGGATCA-1,3
s1-GCAACAGCTCCTATGA-1,4
s1-GCAACAGGCCATTGAC-1,1
s1-GCAACATACATCAGCA-1,1
s1-GCAACATCAGTCAAGT-1,7
s1-GCAACATGGTTCTTCA-1,6
s1-GCAAGAATGTTCCACC-1,0
s1-GCAAGATAGGTTAACT-1,1
s1-GCAAGCACTACCGCCA-1,5
s1-GCAAGCTTATTGACGT-1,5
s1-GCAATACATGAGGACA-1,3
s1-GCAATCAACTCCAGAT-1,6
s1-GCAATCCTCGAGCGTT-1,0
s1-GCAATCGTGACTCCAA-1,0
s1-GCAATTAATCAACGTA-1,6
s1-GCAATTCCTATCATAC-1,0
s1-GCAATTCTGTGACAGA-1,0
s1-GCACAGCTGTGGTTGA-1,6
s1-GCACAGTCTTGATAGA-1,3
s1-GCACATGCCGGTCTGG-1,0
s1-GCACCGAAGATGTCTA-1,4
s1-GCACCTAGCCGAATCT-1,8
s1-GCACCTAGTAATTATC-1,0
s1-GCACCTTAATCGGATA-1,6
s1-GCACCTTACTGGCTAC-1,2
s1-GCACCTTAGCCTCGCA-1,3
s1-GCACGAGCAGTACCGA-1,5
s1-GCACGAGCTATTGTCG-1,4
s1-GCACGAGGTCACGGAC-1,4
s1-GCACGCAACCATACCA-1,1
s1-GCACGCATAGATTGCT-1,1
s1-GCACGCATAGGCGATC-1,2
s1-GCACGCTTCGTTGTTC-1,6
s1-GCACGGAAGGATAGTA-1,5
s1-GCACTACACTATTGCG-1,6
s1-GCACTCCGACTGGCGT-1,4
s1-GCACTCTGTTGCCATA-1,2
s1-GCACTCTTGCTACCGA-1,4
s1-GCACTGAATATGACAG-1,6
s1-GCACTGCCTCGATGCG-1,3
s1-GCACTGGACGCAGCAC-1,9
s1-GCACTGTTGCGGCCTT-1,1
s1-GCAGACGCCTGGTTAT-1,0
s1-GCAGATACGTTGAACG-1,0
s1-GCAGATCCTAATGTGG-1,2
s1-GCAGATCGGTAATTAT-1,4
s1-GCAGCCGGATGCCGCA-1,5
s1-GCAGCGACAGTTCGGT-1,0
s1-GCAGCGATCTAACGAA-1,5
s1-GCAGGCAGTGATCTAC-1,6
s1-GCAGGCCATTCCTGCC-1,3
s1-GCAGGCTACCGTCCTT-1,0
s1-GCAGGCTGGTTCCAAG-1,1
s1-GCAGGTCACTACCTCA-1,9
s1-GCAGGTGCTGATGCTT-1,9
s1-GCAGTAGATGTCCAAT-1,6
s1-GCATAACCGAGGTGAT-1,0
s1-GCATACTAGCATCGAA-1,8
s1-GCATGACGGATTATCA-1,3
s1-GCATGCTGAGACAGGT-1,2
s1-GCATGTCGAGTGTCTT-1,2
s1-GCATTACCTGTCAAGA-1,3
s1-GCATTGACTACAGCGA-1,2
s1-GCATTGCTGTTCCATC-1,7
s1-GCATTGGTTACCAAGC-1,0
s1-GCCAACGAGCGGCATA-1,9
s1-GCCACGAAGGAATTCC-1,5
s1-GCCACGCCTTAGTACG-1,9
s1-GCCACTATAGACCATA-1,1
s1-GCCACTCCGTCACCTC-1,5
s1-GCCAGACAGACGCCTA-1,3
s1-GCCAGACATCTATCAC-1,8
s1-GCCAGGCTTAATGGCC-1,7
s1-GCCAGTAGACGATACC-1,1
s1-GCCAGTTAATTCTTGC-1,0
s1-GCCAGTTCCTCGTGCC-1,3
s1-GCCATTCTCGTGTAGA-1,5
s1-GCCATTGCATGTTAAC-1,4
s1-GCCATTGTAACTGATC-1,0
s1-GCCATTGTAATGTCTT-1,5
s1-GCCGAGTCCTCGTCCA-1,8
s1-GCCGATCGAGTGAAGT-1,1
s1-GCCGATCTCGTGACTC-1,5
s1-GCCGCACTTCGTCTAT-1,7
s1-GCCGCTGATTGGCCAG-1,0
s1-GCCGCTTCTAAGGTGA-1,5
s1-GCCGGCAATAGGCAGG-1,6
s1-GCCGGCATTCCGCCGA-1,6
s1-GCCGGCGAACCATTGT-1,1
s1-GCCGGCGTGAACTTGC-1,8
s1-GCCGGTATGCTCATGC-1,8
s1-GCCGTACCAGATCTAG-1,5
s1-GCCGTATGCCAGTCTT-1,3
s1-GCCTATAGCATACCTT-1,1
s1-GCCTCATGCGAGCAGG-1,0
s1-GCCTCCGTCTACCTCG-1,0
s1-GCCTCCTGCGGCCGTT-1,5
s1-GCCTGGAACGTCTGCT-1,5
s1-GCCTGGACCTATTGTC-1,7
s1-GCCTGGAGCAAGTTAG-1,2
s1-GCCTGGTACATGGTCG-1,3
s1-GCCTGGTCAGGTTGCC-1,0
s1-GCCTGTGAAGTCGGCG-1,4
s1-GCCTGTGACACCAGAA-1,5
s1-GCCTGTGATAGATTGG-1,6
s1-GCCTGTTAACGGACGA-1,4
s1-GCCTGTTAGGTTGTGA-1,7
s1-GCCTTCGCTTATGTTC-1,1
s1-GCCTTCTGATTCCGTC-1,2
s1-GCCTTCTGTCACGCTC-1,3
s1-GCCTTGAGATCTGAGC-1,3
s1-GCCTTGCCACTTCTGA-1,8
s1-GCCTTGGCGAACAATC-1,1
s1-GCGAAGTTGGCGTGCA-1,4
s1-GCGAATAGTGGCTAAT-1,0
s1-GCGAATCGAGAACACG-1,3
s1-GCGAATGCAGTGTCAA-1,8
s1-GCGAATTGGCTAGCCA-1,0
s1-GCGACACTAAGCTAAG-1,0
s1-GCGACAGTGCCGCACC-1,2
s1-GCGACGTAGAGCGTTA-1,0
s1-GCGAGCGGACCATAAC-1,5
s1-GCGAGCGGTTGTCATG-1,2
s1-GCGAGCTAACTCCTAG-1,4
s1-GCGAGGATCGACCTTA-1,1
s1-GCGAGTTGAACGTCGA-1,7
s1-GCGATCTTGCTCACGC-1,3
s1-GCGATGACCGTGTAAT-1,3
s1-GCGATGTACTGCTATT-1,0
s1-GCGATTCTAACAGTAA-1,7
s1-GCGGCAAGTGTTATGT-1,8
s1-GCGGTCCTGTAGTCTG-1,3
s1-GCGGTCGTTGATCTTG-1,3
s1-GCGGTGGCCGACGCAT-1,1
s1-GCGGTTGCCTCGACGG-1,4
s1-GCGTAACGTTACAGGT-1,0
s1-GCGTACCGGAACGACA-1,5
s1-GCGTACCGGATGGCTC-1,9
s1-GCGTACCGTGTATCAG-1,7
s1-GCGTACGAATCTAATC-1,1
s1-GCGTCCAGCAATTGGC-1,6
s1-GCGTCCTCTGCCGTTG-1,9
s1-GCGTCGGAATGCTGCC-1,8
s1-GCGTCGGTCACGCCAG-1,2
s1-GCGTCTCGCAACTCAT-1,1
s1-GCGTGAACGTGACTCA-1,6
s1-GCGTTAATAGTCAGTA-1,1
s1-GCGTTCGAGGCCACAA-1,5
s1-GCGTTGTATCGGAGCT-1,0
s1-GCTAACAGATTGGTAG-1,4
s1-GCTAACCATAGGCGTT-1,2
s1-GCTACATCTGTACTCA-1,6
s1-GCTACCATCCTGTAGA-1,1
s1-GCTACCTAGTCCGTTC-1,4
s1-GCTACTTCTGACGCGA-1,6
s1-GCTATGCGTGAACGGT-1,0
s1-GCTCAACCACGGCAAC-1,0
s1-GCTCATACAATTAGAC-1,1
s1-GCTCCGAGACTACATA-1,0
s1-GCTCCGGCAACATGAT-1,8
s1-GCTCCTATGTCTTCGC-1,0
s1-GCTCGATGCTCGCATG-1,3
s1-GCTCGCATCGTCATTA-1,0
s1-GCTCGGAGATGAATGT-1,5
s1-GCTCGTAACGGAGCAC-1,4
s1-GCTCGTCTGCCGCAAT-1,6
s1-GCTGAATGACCGTGAG-1,2
s1-GCTGACAGCCGGAGCG-1,3
s1-GCTGACTTGTCTCAAT-1,3
s1-GCTGAGGACAAGAAGT-1,0
s1-GCTGAGTGTTCAACCG-1,0
s1-GCTGCCGCCTATGTAG-1,2
s1-GCTGCGCAATGGAAGC-1,4
s1-GCTGCGTTATGTGGAC-1,6
s1-GCTGGATGACTCTACC-1,3
s1-GCTGTAGTGCTGTCGC-1,1
s1-GCTGTCGCGATGGTAG-1,0
s1-GCTGTTATGGTTGCCG-1,7
s1-GCTGTTCAACCGAATA-1,1
s1-GCTGTTCATCAGCGTC-1,0
s1-GCTGTTGATAGTCTTA-1,0
s1-GCTTAATAGAGGCGAG-1,6
s1-GCTTACATGTTGCGCT-1,6
s1-GCTTACCTCGTGCTAT-1,8
s1-GCTTCGCTCAAGCGAT-1,0
s1-GCTTCGGCATCAGAGT-1,0
s1-GCTTCTAAGTCTGACG-1,6
s1-GCTTCTAGCGTTCATT-1,8
s1-GCTTCTCAGACCGCCT-1,6
s1-GCTTCTCCAGAACCGC-1,2
s1-GCTTCTGTTACGAGAA-1,6
s1-GCTTCTTGGACGAGCG-1,1
s1-GCTTGAACTCCATCCA-1,7
s1-GCTTGAACTCGCCATG-1,4
s1-GCTTGACCTCCGCTTC-1,2
s1-GCTTGAGCTCTTGACA-1,7
s1-GCTTGCAATACAAGGC-1,7
s1-GCTTGCCATAGTGGAT-1,5
s1-GCTTGCTTACTTAACG-1,5
s1-GCTTGGATCCAACCGG-1,0
s1-GCTTGGATGCTCGCTT-1,3
s1-GCTTGGCTGCGGTAAC-1,3
s1-GCTTGGTCAACCGTGG-1,6
s1-GCTTGGTGTTCGAACA-1,0
s1-GGAACATCGTGGAATC-1,1
s1-GGAACTTCGACATGTC-1,1
s1-GGAAGAATAACTAACC-1,5
s1-GGAAGCATTAGAGGCA-1,2
s1-GGAAGCTGAGATAAGG-1,4
s1-GGAAGTCTTGTCGCAT-1,0
s1-GGAATCCTTAGACTGT-1,2
s1-GGAATGGCAACTTGGA-1,3
s1-GGACAGTGCGGCAACA-1,1
s1-GGACCACTTATCGTTC-1,0
s1-GGACCATCACCGCCAA-1,5
s1-GGACCGATCTGGATTA-1,1
s1-GGACCGCTTCCTGGCA-1,3
s1-GGACGGCTATCGACCA-1,7
s1-GGACGGTGCAGTAGGA-1,3
s1-GGACGTACATACCAGA-1,4
s1-GGACGTAGTGTAGAAG-1,5
s1-GGACGTCGAACGGCTT-1,0
s1-GGACGTCGAGGATTCA-1,4
s1-GGACGTCGCACGAGAA-1,7
s1-GGACGTTAGATATTAC-1,1
s1-GGACGTTAGATTCAGG-1,6
s1-GGACGTTGGAGGTGAT-1,0
s1-GGACTCACGGTCCAAT-1,5
s1-GGAGAAGCCAAGCGCT-1,0
s1-GGAGATAGGAATGGTC-1,4
s1-GGAGATCCGTAGGATA-1,0
s1-GGAGATCCTGTACCAG-1,1
s1-GGAGATGCGTGCAGTA-1,0
s1-GGAGATGGCTCGAGAT-1,0
s1-GGAGCAATGCGGTGCA-1,4
s1-GGAGCGAATTGGACGG-1,3
s1-GGAGCGAGTGTAACTT-1,2
s1-GGAGCGGCACCTCGTA-1,3
s1-GGAGGCACATAGCGTA-1,1
s1-GGAGGTCGTAGGAGCT-1,8
s1-GGAGTCCAGATAGCTT-1,0
s1-GGAGTCTAAGGCCGCT-1,5
s1-GGAGTCTAAGTGGTCC-1,3
s1-GGAGTGTCCATGTATT-1,3
s1-GGATAAGTCAGGATAG-1,0
s1-GGATAATTATGCTGGT-1,6
s1-GGATAATTCAATGCTG-1,1
s1-GGATCGAGTGTCCACT-1,6
s1-GGATCGATACCTCCGG-1,4
s1-GGATCGCTGGCATATT-1,1
s1-GGATCGGACGTCTTGT-1,7
s1-GGATGGATCACTCATA-1,6
s1-GGATGTAACTAATCCG-1,9
s1-GGATTCCGACGTGATG-1,4
s1-GGATTCGATGTCCGGA-1,0
s1-GGCAAGACAATCAGCT-1,0
s1-GGCAATGCGAACTTAA-1,3
s1-GGCACGACGGACGTCG-1,5
s1-GGCAGCCGGCACTTCC-1,1
s1-GGCAGCGTATACGACT-1,8
s1-GGCAGCTCCTGGACGG-1,8
s1-GGCAGGAAGTCTTCTA-1,7
s1-GGCATAATCCTATCGC-1,1
s1-GGCATAATCCTTCATG-1,4
s1-GGCATACATGGCTCAG-1,3
s1-GGCATTCCGATGCTCG-1,0
s1-GGCATTGCTAAGAATG-1,1
s1-GGCCAAGATGGATGGC-1,1
s1-GGCCAATAACGCTACA-1,3
s1-GGCCAGTAGGTATGAG-1,5
s1-GGCCGCCAACTATTGC-1,0
s1-GGCCGTCCAGTAGGAC-1,3
s1-GGCCTGCGTTATGCCG-1,0
s1-GGCCTTCGACCAGGTA-1,0
s1-GGCCTTGGATGTTGTC-1,7
s1-GGCGACCATAGCGTTA-1,2
s1-GGCGACTTCTTGATGT-1,3
s1-GGCGAGGCAGCCTACT-1,3
s1-GGCGATCGGTCTGCTC-1,6
s1-GGCGCCAAGGAGCGCT-1,1
s1-GGCGCCACCGGAGCAA-1,1
s1-GGCGCCACTGAACATC-1,1
s1-GGCGCCGTCGGACATA-1,8
s1-GGCGCCTTGGCCTAAG-1,4
s1-GGCGCTAATATGCTCC-1,0
s1-GGCGGAAGTCTTGTAG-1,1
s1-GGCGGAGCACTGATAA-1,1
s1-GGCGGAGTTGAACTAT-1,1
s1-GGCGGATACAACGCAC-1,6
s1-GGCGGATATTGATTGA-1,6
s1-GGCGTCGCCGTATGAT-1,0
s1-GGCGTCGGTAGTGATA-1,0
s1-GGCGTGGACCTTAGAT-1,3
s1-GGCGTGGCACGGCACT-1,0
s1-GGCGTGTAATTACTTA-1,6
s1-GGCTCAATCAACATGA-1,3
s1-GGCTGACGCCGAATCA-1,0
s1-GGCTGCTAACTTCGCT-1,6
s1-GGCTGCTCCATAGCTG-1,3
s1-GGCTGTTCAATGTCAA-1,0
s1-GGCTTGCCATAGGCTC-1,5
s1-GGTAAGGCGACGATGA-1,1
s1-GGTACCACCTATACCT-1,5
s1-GGTACCAGGTAGTGTT-1,1
s1-GGTACGAAGAACTCGA-1,9
s1-GGTACGATCGACTTAA-1,1
s1-GGTACGCTTACCTGCG-1,7
s1-GGTACGGAGCATCAGC-1,1
s1-GGTACGGTATGCTCCA-1,0
s1-GGTACGTGCTCGGCAA-1,5
s1-GGTACTGTGATCTTCC-1,0
s1-GGTAGCCATCAATCCG-1,8
s1-GGTAGCGTACATCTGT-1,0
s1-GGTAGCTTAGCCAATC-1,6
s1-GGTAGGTCTGGCTAAC-1,8
s1-GGTAGGTTGTTACGGC-1,6
s1-GGTAGGTTGTTCTAAG-1,2
s1-GGTAGTACAGGTTAGA-1,0
s1-GGTAGTACCGCAACAG-1,3
s1-GGTATGCAACAGTGGC-1,3
s1-GGTATGGTCAGGTTGG-1,9
s1-GGTCACCGCATAACAA-1,1
s1-GGTCATGCTCTGCCAA-1,7
s1-GGTCCTGCGAGTAGGT-1,1
s1-GGTCTGAAGGTTCGAA-1,9
s1-GGTCTGAAGTATGTCA-1,0
s1-GGTCTGAGATCCGCCA-1,8
s1-GGTCTGCGAACTGTAT-1,8
s1-GGTCTGGTATGTGGCC-1,6
s1-GGTCTGGTTGTAGAAC-1,9
s1-GGTCTTATAGGCTGGC-1,3
s1-GGTCTTCCGCACATCC-1,2
s1-GGTCTTCCGGCTGGAC-1,1
s1-GGTCTTGAACCGGCCA-1,2
s1-GGTCTTGCACGTTGCG-1,2
s1-GGTGCAATCAGACTTC-1,3
s1-GGTGCACTCCGGTTCG-1,5
s1-GGTGCAGGCACCGCGT-1,3
s1-GGTGCAGTGGTCTTAT-1,5
s1-GGTGCAGTTCCATATG-1,0
s1-GGTGCGCAACTAACGG-1,0
s1-GGTGGCTTATTGCGTG-1,0
s1-GGTGTCACCAGCGAAC-1,0
s1-GGTTACAGCCGGCCGG-1,5
s1-GGTTACCAGACAACAT-1,0
s1-GGTTACGGACGATTAA-1,1
s1-GGTTAGACTCACTAGC-1,0
s1-GGTTAGACTCGGAGGT-1,3
s1-GGTTAGCTTCATGAGT-1,6
s1-GGTTAGTATGAGTGTC-1,0
s1-GGTTAGTCGGCAGCGA-1,7
s1-GGTTCAAGGTTAAGCC-1,9
s1-GGTTCACCGACTCACG-1,8
s1-GGTTCATTCCGGCCTC-1,8
s1-GGTTCTATACCGCTTG-1,5
s1-GGTTCTCCTATCAGTT-1,1
s1-GGTTCTCGTGATGTGA-1,3
s1-GGTTCTGGAGTCTACC-1,3
s1-GGTTGACCAAGACATG-1,6
s1-GGTTGCGATTGAACAG-1,5
s1-GTAACACCGAGCGTTA-1,8
s1-GTAACATACACCTGTT-1,0
s1-GTAACATCTTATAATG-1,9
s1-GTAACCACCTACAACC-1,7
s1-GTAACCTAGCGTCACG-1,5
s1-GTAAGTAATTACAATC-1,7
s1-GTAAGTATTGCTATCG-1,5
s1-GTAAGTTGCGGAGCGT-1,8
s1-GTAAGTTGCTGGTGGA-1,3
s1-GTAATCACGCACAGCT-1,5
s1-GTAATCAGGCGGACGG-1,1
s1-GTAATCTTGTCTAGTT-1,1
s1-GTAATGACGGTCTACG-1,3
s1-GTAATGATCACGTAAG-1,5
s1-GTACAACTCGGCAGAA-1,3
s1-GTACAGAACAGGACTC-1,9
s1-GTACAGAACCGATTAT-1,5
s1-GTACAGAACGCAGCGT-1,0
s1-GTACAGATGACATCGC-1,6
s1-GTACAGCCGTTACAGA-1,1
s1-GTACAGCTGAGCCGGA-1,4
s1-GTACAGGAACGAATGG-1,0
s1-GTACAGTATCGGAATT-1,2
s1-GTACATAAGCTACGCC-1,2
s1-GTACCTACAATACGAA-1,1
s1-GTACCTGAAGTGAATG-1,1
s1-GTACCTGTCTTACTGT-1,4
s1-GTACCTTCATGTGCAA-1,5
s1-GTACGAAGATTATCCG-1,1
s1-GTACGAAGGATTATTG-1,1
s1-GTACGAATTCTACCAA-1,2
s1-GTACGAGGTAGTGCAC-1,1
s1-GTACGATTAGTCTACA-1,2
s1-GTACGCCATAGATGGT-1,4
s1-GTACGCCTCGCTTCCA-1,3
s1-GTACGCTCGCCAACAT-1,9
s1-GTACGCTTGATACCAC-1,6
s1-GTACTACCGTTAGGTG-1,1
s1-GTACTGCATAAGGTTA-1,1
s1-GTACTTAACTTCAGCG-1,2
s1-GTACTTACTTCATACC-1,0
s1-GTACTTCTGATCCTCG-1,3
s1-GTAGAAGGACATCATA-1,4
s1-GTAGAAGTAAGCTGCG-1,6
s1-GTAGACCAGAATACTC-1,0
s1-GTAGACCTGTCAACCA-1,1
s1-GTAGCAACGACCGTGG-1,0
s1-GTAGCACGAGCTCAAG-1,1
s1-GTAGCAGAACATGGTG-1,0
s1-GTAGCAGAAGACTCTT-1,6
s1-GTAGCAGAGCAATAGC-1,0
s1-GTAGCATAGTTACAGG-1,7
s1-GTAGCATCGAAGGTCT-1,4
s1-GTAGCCAGTGCGGTTG-1,1
s1-GTAGCCGCACTCCATC-1,0
s1-GTAGCCTAAGGTTAGT-1,6
s1-GTAGCGCCTGAACTCA-1,5
s1-GTAGCGCTCATCAGGT-1,0
s1-GTAGGAGCAACAGGCA-1,6
s1-GTAGGTGATAATTCAC-1,0
s1-GTAGTCAGACCAATGT-1,9
s1-GTAGTCCAGCGGACAT-1,0
s1-GTAGTCCATTGTTCGT-1,9
s1-GTAGTGACATTACGAC-1,0
s1-GTAGTTGTTCATGTAG-1,2
s1-GTATACATTGGCTCAG-1,0
s1-GTATACGATACCTTGT-1,0
s1-GTATACGGTACACGCA-1,8
s1-GTATACGGTTAAGATA-1,4
s1-GTATCTACAGATCTCC-1,2
s1-GTATCTAGCTACCAGC-1,8
s1-GTATCTGTCAACGGTG-1,8
s1-GTATCTGTGGCGTCTA-1,4
s1-GTATCTGTGGTCCAGC-1,4
s1-GTATGACATAAGACGG-1,3
s1-GTATGATAGTATGGAT-1,1
s1-GTATGATCACTTGACG-1,3
s1-GTATGCCTATCTTGCG-1,0
s1-GTATGCCTTACTCCAC-1,0
s1-GTATGCGGTATCATGA-1,0
s1-GTATGCTTGCGACTAA-1,5
s1-GTATGGTGGAGCGGCC-1,4
s1-GTATGTAGCAGGCATA-1,5
s1-GTATGTAGCTCACCTT-1,0
s1-GTATGTGCAAGCCGGA-1,8
s1-GTATGTTAGTTCTACC-1,1
s1-GTATGTTCTGGATCGC-1,4
s1-GTATTACGAGTCAATC-1,5
s1-GTATTACGGCCATTAT-1,6
s1-GTATTACGGTATTGAG-1,0
s1-GTATTAGGTTATCTGC-1,0
s1-GTATTATGAGTTAGCG-1,8
s1-GTATTCCAAGTTACCT-1,1
s1-GTATTCCGCTCGGATG-1,6
s1-GTATTCGTGACTTGAT-1,1
s1-GTATTCTAAGTGCTGT-1,6
s1-GTCAACAGACGCACGT-1,6
s1-GTCAACAGCATAGATT-1,1
s1-GTCAACAGCGCACCGA-1,0
s1-GTCAACAGTTAAGTGA-1,1
s1-GTCAACATGGTGCTAT-1,4
s1-GTCAACCTGACGATAG-1,3
s1-GTCACCAAGAGCGGTG-1,0
s1-GTCACTAAGAGGAATA-1,1
s1-GTCACTAAGCCAGCGG-1,2
s1-GTCACTACTTAATGGA-1,0
s1-GTCACTGAATCTCACC-1,2
s1-GTCACTTACGTGTATG-1,6
s1-GTCACTTATCCAAGAC-1,1
s1-GTCACTTATGAATGCG-1,2
s1-GTCACTTATGTCGTAT-1,2
s1-GTCAGCCAACATCACG-1,0
s1-GTCAGCCATTGTGCGG-1,5
s1-GTCAGCCTCCGAACCT-1,3
s1-GTCAGCGATGTAATTG-1,3
s1-GTCAGCGATTGATTCA-1,6
s1-GTCAGCTAGATCGACA-1,3
s1-GTCAGCTCAATCAAGG-1,0
s1-GTCAGGACAAGCCATG-1,7
s1-GTCAGGATCAACCAAC-1,1
s1-GTCAGGTACGTGGCAT-1,8
s1-GTCAGTAATCCAATTA-1,0
s1-GTCAGTAGGTGACCGG-1,1
s1-GTCAGTGAGGATCGTT-1,2
s1-GTCAGTGCCAGAATAA-1,2
s1-GTCAGTGCTGACAGCG-1,9
s1-GTCAGTTCTGCCTGGA-1,2
s1-GTCATCACGTGGTTCA-1,0
s1-GTCATCACTATTGTGC-1,8
s1-GTCATCAGTAGACCAG-1,1
s1-GTCCATCTATACAAGG-1,0
s1-GTCCGAATGCGGACAG-1,7
s1-GTCCGACAGCCGCATT-1,3
s1-GTCCTGCTTACGGCTG-1,0
s1-GTCCTTATACATTACG-1,4
s1-GTCCTTCATCAGATCA-1,1
s1-GTCCTTCATGGATTAG-1,4
s1-GTCCTTCGGAACCTGC-1,1
s1-GTCGAAGTCGTGTTCT-1,0
s1-GTCGCAACGAGCTGAC-1,0
s1-GTCGCACGCAGCCTGC-1,6
s1-GTCGCAGATTACTGCA-1,0
s1-GTCGCATGCGGTAGAT-1,2
s1-GTCGCATTACCAGGCA-1,6
s1-GTCGCTAAGTGAGGTT-1,3
s1-GTCGGCCGTTGTGAAT-1,0
s1-GTCGGCCTCCGGCATC-1,4
s1-GTCGTAGACTGACAAG-1,5
s1-GTCGTGCTAATGCCTT-1,6
s1-GTCGTGTTCATGTCAG-1,0
s1-GTCTAAGATCGGACTA-1,1
s1-GTCTAAGCGGCACGCC-1,7
s1-GTCTAATACGGCTAAG-1,1
s1-GTCTAGCATGGTACGT-1,6
s1-GTCTAGCGTTGTGACC-1,0
s1-GTCTAGGACAGGATAA-1,5
s1-GTCTAGTCTAGCGACG-1,0
s1-GTCTATAGAATCGAGC-1,1
s1-GTCTATCAATGGATTA-1,0
s1-GTCTATCAGTACTAAT-1,3
s1-GTCTATCCAGGACGTC-1,0
s1-GTCTATGGTGAAGAGC-1,1
s1-GTCTATGTTAATAGAA-1,5
s1-GTCTATTAGTGAGGCC-1,5
s1-GTCTATTGCGAGTTAC-1,1
s1-GTCTCATGACTAGTTG-1,0
s1-GTCTGATAGATTATAA-1,6
s1-GTCTGATATCTGAATT-1,0
s1-GTCTGCTCAACACCAA-1,0
s1-GTCTGTGGATCTGACG-1,5
s1-GTCTTCGATAGGTGTT-1,5
s1-GTCTTCGGTAGCTACA-1,0
s1-GTCTTGAACAATTACA-1,0
s1-GTCTTGACAATAGCAA-1,8
s1-GTCTTGACTTGCTCTG-1,4
s1-GTCTTGATTGCCACCT-1,3
s1-GTCTTGCGATGAATGC-1,3
s1-GTCTTGCGGCGATTCA-1,1
s1-GTCTTGCTCAGATTAC-1,4
s1-GTCTTGCTGGACGATA-1,3
s1-GTCTTGTATTGTAGAT-1,0
s1-GTGAACATTCAACGAT-1,1
s1-GTGAACGGTTCTAACG-1,6
s1-GTGAACTCGTGGTATC-1,4
s1-GTGAACTGAGTTCGGC-1,4
s1-GTGAAGATGAGTGCCT-1,3
s1-GTGAAGCCACAACCGG-1,5
s1-GTGAAGTGATCGTGCT-1,1
s1-GTGAATTAGACATTGC-1,5
s1-GTGACAAGATGCTCAT-1,8
s1-GTGACAATAGGTATGT-1,5
s1-GTGACAATTGCGATAA-1,4
s1-GTGACATACAGGTCCT-1,6
s1-GTGACATAGTTAGCTG-1,4
s1-GTGACATATGCTAGAT-1,1
s1-GTGACATGCAATTAAT-1,1
s1-GTGACATGTACCACCT-1,0
s1-GTGACCGGAGTCATAC-1,2
s1-GTGACCGTGGATTAGC-1,0
s1-GTGACTATGGCATGGA-1,4
s1-GTGACTGTCCTGGTAT-1,2
s1-GTGACTTCAACATCCG-1,0
s1-GTGACTTCCTCACGAC-1,5
s1-GTGAGCACCAGCATCC-1,0
s1-GTGAGGTACGCTGAGT-1,4
s1-GTGATCTACGAGATCC-1,8
s1-GTGATGGATTAGAACA-1,2
s1-GTGCAACGACGGTGTT-1,1
s1-GTGCAACTACTGTACG-1,2
s1-GTGCACCAATCATAAC-1,5
s1-GTGCACCGAATGTTAA-1,0
s1-GTGCACTTGTAAGCAC-1,0
s1-GTGCAGCCGGTCTGCA-1,6
s1-GTGCAGGACTCCAAGG-1,7
s1-GTGCAGGCACTCTAGG-1,8
s1-GTGCAGGCTGGACATG-1,5
s1-GTGCAGTGGTAGATTC-1,4
s1-GTGCAGTTGTGGCGCT-1,2
s1-GTGCATGGTTGAGTTC-1,3
s1-GTGCATTCCTGTGGTC-1,1
s1-GTGCATTGCAATGTTG-1,7
s1-GTGCCACCTTGAGCAT-1,0
s1-GTGCCGCATCCTTCCT-1,6
s1-GTGCCGTCCTGTCAGC-1,8
s1-GTGCCTGACACGTTGG-1,1
s1-GTGCGTTCACGGATAA-1,5
s1-GTGCTCAATGCAACCT-1,0
s1-GTGCTCGCTTGATCGG-1,4
s1-GTGGAACAGAAGTCGA-1,8
s1-GTGGACCAACTAGGAG-1,4
s1-GTGGATTAACAGCGGT-1,1
s1-GTGGCGACCTAATATT-1,5
s1-GTGGCGACTGATTAAC-1,3
s1-GTGGCGAGGAAGGCTA-1,0
s1-GTGGCGATAGGCAGAA-1,7
s1-GTGGCGATCTGCGATA-1,4
s1-GTGGCGCACCTGTTCC-1,0
s1-GTGGCGCCACGCTGAG-1,2
s1-GTGGCGCCACTACGCT-1,2
s1-GTGGCGCCAGACTCGA-1,1
s1-GTGGCGCCAGCTAACC-1,0
s1-GTGGCTGAATGCGAGT-1,6
s1-GTGGCTTCCTACCGTT-1,3
s1-GTGGTAAGCCTCTTCG-1,7
s1-GTGGTACTGTTGTAGC-1,9
s1-GTGGTACTTGGTTGGA-1,1
s1-GTGGTAGGTCTAAGAA-1,1
s1-GTGGTCGCTCTGTAGC-1,8
s1-GTGGTTACCTTGCGCA-1,7
s1-GTGGTTGACAAGGAGC-1,5
s1-GTGGTTGCCGCTTCAA-1,2
s1-GTTAACAACTTCGGAT-1,1
s1-GTTAACTCCGACCACT-1,1
s1-GTTAATGGCGCAACGC-1,3
s1-GTTACAGGTACATGGC-1,6
s1-GTTAGACAATGGATGA-1,3
s1-GTTAGAGGTGTTAAGA-1,0
s1-GTTAGGAAGTATACGA-1,4
s1-GTTAGGCCTGAACATC-1,7
s1-GTTAGGTACTAACTGG-1,5
s1-GTTAGGTCCACTGGCG-1,1
s1-GTTATGATACGATTAT-1,2
s1-GTTATGTTGCTTAGAT-1,1
s1-GTTATTCGGCCATTCG-1,0
s1-GTTATTCGTAACGTCC-1,1
s1-GTTATTGCTGAATCCG-1,9
s1-GTTCATACCTTGGTTA-1,2
s1-GTTCATCTTACATTCC-1,1
s1-GTTCCAGTGCCTTACC-1,8
s1-GTTCCGATGAACCGGC-1,6
s1-GTTCCGGCTGCAGTCA-1,6
s1-GTTCCGTATGGTAACG-1,0
s1-GTTCCGTCATACGGCT-1,2
s1-GTTCCGTCTTATCTTA-1,8
s1-GTTCCTGAACCTTCAA-1,3
s1-GTTCCTTGAGGAACGC-1,2
s1-GTTCGAATCACGTACG-1,4
s1-GTTCGAGCTCGCGAAT-1,4
s1-GTTCGCTGGTATTAGA-1,0
s1-GTTCGTAGGTAGTGAA-1,0
s1-GTTCTACTATACGAAC-1,4
s1-GTTCTACTATCATATT-1,9
s1-GTTCTACTTATGGTAG-1,4
s1-GTTCTTACTGAAGTAT-1,0
s1-GTTCTTGATCTGTTGA-1,0
s1-GTTGAAGGAAGTCGGC-1,9
s1-GTTGAATAAGTCAGCA-1,0
s1-GTTGAATCAACCTGGC-1,7
s1-GTTGAATGGTACAGTA-1,0
s1-GTTGAATGTTGCTGCC-1,1
s1-GTTGAATTATTCGGTG-1,2
s1-GTTGAATTCATAAGAT-1,4
s1-GTTGACATGAACCAAC-1,1
s1-GTTGACGAACCAGAAC-1,2
s1-GTTGACGGATAGCCAT-1,9
s1-GTTGACGTCAGATTAG-1,0
s1-GTTGACTAGAGCACGT-1,3
s1-GTTGACTTCTATGCTG-1,4
s1-GTTGAGAATCACGGAG-1,6
s1-GTTGAGCTTCGTCCGG-1,1
s1-GTTGCCACAAGTCATA-1,9
s1-GTTGCCACGACAAGAA-1,0
s1-GTTGCTACGTCTTAAT-1,0
s1-GTTGCTAGATCGTTGA-1,4
s1-GTTGCTTGCAATCACT-1,4
s1-GTTGGCGTGAGCGACC-1,5
s1-GTTGGTCCGCCAATCT-1,8
s1-GTTGTCCTGTGATGTA-1,0
s1-GTTGTCGTAATATGGA-1,7
s1-TAACAGCAGGCCTTAC-1,6
s1-TAACAGGAACCGACAA-1,1
s1-TAACAGGTCCATACCA-1,8
s1-TAACAGTCTACTATGG-1,4
s1-TAACAGTTCCACTTCG-1,0
s1-TAACATGCGTGCGAAC-1,0
s1-TAACATGGCCACCTCC-1,3
s1-TAACCAAGGTGCTCTA-1,7
s1-TAACCAGATACGCTTC-1,9
s1-TAACCGGATGGACAGG-1,6
s1-TAACCTACGGACTCGT-1,4
s1-TAACCTTGAGACTTCG-1,9
s1-TAACGAATCCTAGATA-1,3
s1-TAACGAATGCTCCAAT-1,5
s1-TAACGACCTTGCCTAT-1,2
s1-TAACGAGCCGAAGGTC-1,8
s1-TAACGAGCGTCTGGCC-1,4
s1-TAACGAGTTGCCAACC-1,1
s1-TAACGCATTGGTCCAA-1,1
s1-TAACGCGTAATATGGC-1,0
s1-TAACGCGTCCTACAAC-1,7
s1-TAACGCTCACATTCTA-1,4
s1-TAACGCTCATACGGCA-1,3
s1-TAACGCTTATGCCATA-1,0
s1-TAACGCTTCGGCACTT-1,6
s1-TAACGTCACTATAATC-1,1
s1-TAACGTGATTCACTAG-1,9
s1-TAACGTGCCATAGTTA-1,0
s1-TAACGTTGCGTCGATG-1,9
s1-TAACTCCAACATGGAC-1,0
s1-TAACTCCAGGTAGGCT-1,0
s1-TAACTTGCACGGCGGA-1,2
s1-TAAGAACAGGTGTAAC-1,4
s1-TAAGAATATGAGATAG-1,4
s1-TAAGACCGAGTGAACA-1,5
s1-TAAGACCTCAAGTGCC-1,0
s1-TAAGATTGAGATTACA-1,3
s1-TAAGATTGCTCACTTC-1,1
s1-TAAGATTGGCGGTCGT-1,7
s1-TAAGCAAGTAATGTGG-1,0
s1-TAAGCACGAGACCTAC-1,3
s1-TAAGCAGTAGATACTC-1,1
s1-TAAGCCACAATTGCCT-1,5
s1-TAAGCCATACGACACG-1,7
s1-TAAGCCTGGCTTCAGT-1,0
s1-TAAGCCTGTAGCGTCC-1,2
s1-TAAGCTCCTTCACGCC-1,7
s1-TAAGGACGCCTGGTTG-1,3
s1-TAAGGATCTGAAGATA-1,3
s1-TAAGGATTGGAAGTGG-1,9
s1-TAAGGTACGGATAGTG-1,7
s1-TAAGGTATGAATGCTA-1,0
s1-TAAGGTCCGTGACCGT-1,5
s1-TAAGTGGCCGCTCACC-1,1
s1-TAATACCGTTAATTGC-1,0
s1-TAATAGCGCTGTACTC-1,1
s1-TAATCGACATTGTTGG-1,9
s1-TAATCTGATAAGATGT-1,3
s1-TAATGACGAAGCGGCT-1,6
s1-TAATGATCCGGTTATT-1,5
s1-TAATGTGCACGATCTG-1,5
s1-TAATTAAGGAGTACTG-1,5
s1-TAATTACCGGTGCGAG-1,8
s1-TAATTAGCTCGATTGT-1,0
s1-TAATTCCTGCAGAAGG-1,0
s1-TAATTGACGTCGTTCC-1,2
s1-TAATTGATTCTGTCGC-1,0
s1-TACAACGGACGGCTCA-1,0
s1-TACAAGCAGATCGTTG-1,9
s1-TACAAGCGCCATCGGA-1,4
s1-TACAAGCGCCTCTACA-1,0
s1-TACAAGCGGAAGTACG-1,1
s1-TACAAGGTTATGCGGT-1,0
s1-TACAAGTCGAATGCAA-1,7
s1-TACAAGTGTCTGTCCG-1,5
s1-TACACCAGTGCCGACA-1,1
s1-TACACCTCGTACTCCA-1,0
s1-TACACCTTGCGGCAGG-1,0
s1-TACACTCAGTAGAATG-1,7
s1-TACACTGCAGGTTAGA-1,3
s1-TACACTGCGTCCGGAC-1,0
s1-TACACTGTAGTCAACG-1,4
s1-TACACTGTCGAACCAA-1,2
s1-TACACTTCGAGGTGAC-1,5
s1-TACACTTCGCACCGAT-1,2
s1-TACAGTACTTAGTGTA-1,9
s1-TACAGTCTCGGCACGG-1,6
s1-TACATAGCAGACCAAG-1,7
s1-TACATATGCACCAGTG-1,0
s1-TACATCGGACAACTGG-1,6
s1-TACATCGTCAGCGGTT-1,1
s1-TACATTGAATACGATC-1,4
s1-TACATTGAATGAACGT-1,0
s1-TACATTGACTGAGTCC-1,6
s1-TACCACAGGCCATTGC-1,0
s1-TACCAGACAACCTCAG-1,9
s1-TACCTCAGGCAACAGA-1,1
s1-TACCTGCGGTTGTCCT-1,3
s1-TACCTGTTAACGGCCT-1,4
s1-TACGACGCGATTCAAG-1,2
s1-TACGACGTCTCATATT-1,0
s1-TACGACTCTGAACACT-1,4
s1-TACGAGATTGGTCTGT-1,9
s1-TACGCCGGAGTTCTGA-1,2
s1-TACGCCTTGCCGTGTT-1,5
s1-TACGCTCCGGTTGGTA-1,1
s1-TACGCTTCCGCAAGCT-1,3
s1-TACGGAACAGACGCGG-1,0
s1-TACGGAATACTCGTTC-1,0
s1-TACGGAATTGAACCAA-1,1
s1-TACGGAGGAAGCACCT-1,1
s1-TACGGAGTCAACGAAG-1,7
s1-TACGGATCAGCCATCC-1,2
s1-TACGGATCCTTGCGAT-1,0
s1-TACGGATCTTGCGATG-1,0
s1-TACGGCCTTGTAGGAG-1,5
s1-TACGGTAGTTGCGTGA-1,8
s1-TACGGTTAATGTACTA-1,3
s1-TACGTAATCTAGTAAG-1,9
s1-TACGTACACCTTAAGC-1,6
s1-TACGTATCGAGGTTGT-1,3
s1-TACGTGGAGGCATGGC-1,7
s1-TACGTGGCATCATATG-1,4
s1-TACGTGTACATCCGTG-1,4
s1-TACGTTACTGGTAGCG-1,5
s1-TACTAGGATCAATGGC-1,0
s1-TACTAGTACCGGATGG-1,3
s1-TACTATGTTGAATCTT-1,2
s1-TACTCCGAAGTAGAAT-1,2
s1-TACTCCGCCAATACAA-1,2
s1-TACTCCTACATCAACT-1,0
s1-TAGAATTCAACGTGGC-1,7
s1-TAGACAGGAGATCATT-1,4
s1-TAGACAGTTCAGATTA-1,9
s1-TAGACATACGTCTAAT-1,2
s1-TAGACATATGGCGAGG-1,3
s1-TAGACATGGTTAGGTC-1,3
s1-TAGACATTGACTTGCA-1,2
s1-TAGACCAGGATATCGG-1,0
s1-TAGACCAGGTACGATC-1,0
s1-TAGACCATCGATTGAG-1,6
s1-TAGACCATTGCTTAGA-1,1
s1-TAGACCGAAGCAGAGC-1,5
s1-TAGACCGCGGAAGGAC-1,2
s1-TAGACCGGCCAGTACG-1,0
s1-TAGACCTGAGGAGCTG-1,0
s1-TAGAGCAGACAGTCCA-1,1
s1-TAGAGGCGATTGATTC-1,1
s1-TAGATGAGCCGTCATT-1,4
s1-TAGATGCGTGCCAGCG-1,0
s1-TAGATGCTGTATCGTA-1,4
s1-TAGATGGCTGTATGCC-1,0
s1-TAGATGTCGAGGCCAG-1,0
s1-TAGCAATTATGGACCG-1,0
s1-TAGCAGTCGTCATGAA-1,5
s1-TAGCAGTGATTCTGTC-1,0
s1-TAGCCGCAATACCTGC-1,9
s1-TAGCCGTAGCCAGGTG-1,7
s1-TAGCGGACCACTGTTA-1,7
s1-TAGCGTACCTTGACAT-1,8
s1-TAGCGTACGGAGCGCC-1,7
s1-TAGCGTATAGCGCTAA-1,3
s1-TAGCGTCACGACAGGC-1,2
s1-TAGCGTCTCGGTCTAT-1,7
s1-TAGCGTGGTATTGTGC-1,4
s1-TAGCGTTATGACCTCC-1,7
s1-TAGCTACCATACTGCT-1,8
s1-TAGCTACCTGTAGGAT-1,5
s1-TAGCTAGAAGCGATCA-1,2
s1-TAGCTAGAGCACGCCG-1,2
s1-TAGCTAGAGGCCTGAA-1,8
s1-TAGCTATGTTGAGCAC-1,1
s1-TAGCTCGAATCGTCCG-1,1
s1-TAGCTTAAGCTGGCGT-1,1
s1-TAGGACATCAGCATGG-1,2
s1-TAGGACGGCCAGCCGA-1,0
s1-TAGGACTTCATGTTAT-1,6
s1-TAGGAGGCGTATTGCC-1,0
s1-TAGGATGCACCGTTCA-1,8
s1-TAGGCAGGCGGACGCC-1,0
s1-TAGGCAGTGCGTAGAC-1,4
s1-TAGGCATCGGAGCCTC-1,5
s1-TAGGCATCTGCGGACC-1,3
s1-TAGGCGAGCGATCGGT-1,0
s1-TAGGCGCATATCTAAC-1,1
s1-TAGGCTCCGGCATACA-1,9
s1-TAGGCTTATCTAGCTC-1,0
s1-TAGGTCCGTAGCCTAT-1,8
s1-TAGGTCTACTCGTGAA-1,3
s1-TAGGTCTGCCTCTGTA-1,3
s1-TAGGTCTTGGCTCGTC-1,8
s1-TAGTAAGCGGTGGATA-1,0
s1-TAGTATAACCTCGACA-1,6
s1-TAGTATCCAATTACGT-1,1
s1-TAGTATTGCCGAGTTG-1,5
s1-TAGTCACTGGATAGGC-1,6
s1-TAGTGAACATGCAGAT-1,1
s1-TAGTGAATGTTCAGTG-1,3
s1-TAGTGACCGTCGATTA-1,1
s1-TAGTGACTCAATTGCT-1,3
s1-TAGTGACTCGCTCCGC-1,8
s1-TAGTGAGGACATGTTG-1,8
s1-TAGTGAGGACGCGAAT-1,6
s1-TAGTGAGGTATCGACC-1,5
s1-TAGTGATGACTCCTGG-1,8
s1-TAGTGCACTATTGTCA-1,0
s1-TAGTGCAGCTGGCGTC-1,7
s1-TAGTGCAGTGCGGTAG-1,8
s1-TAGTGGTTGAACCAAT-1,0
s1-TAGTTCAATCGACCTC-1,1
s1-TAGTTCCGATAGAATC-1,8
s1-TAGTTCGAATTAGCGG-1,1
s1-TAGTTCGAGTAGGAAG-1,3
s1-TAGTTCGATCCTCACG-1,4
s1-TAGTTCGTTGCTAATT-1,7
s1-TAGTTGAGCCAGCCAG-1,0
s1-TAGTTGAGTTCTGCAC-1,0
s1-TAGTTGGCTTAGGCCT-1,8
s1-TATCAACGAATATGAG-1,0
s1-TATCAAGGCCGCGTGG-1,0
s1-TATCAAGGCTCGTCGG-1,4
s1-TATCAATCGCCGAGTG-1,7
s1-TATCAATGCCGCTCAC-1,0
s1-TATCACATAGCGAACT-1,2
s1-TATCACCGGCATCGTG-1,2
s1-TATCACTTCGAGCCGT-1,0
s1-TATCATGGATGTTGCC-1,1
s1-TATCCAAGCGCCGTAG-1,2
s1-TATCCAATACCGCAAT-1,2
s1-TATCCACTTGCGTATC-1,8
s1-TATCCGACGTCTAGAT-1,7
s1-TATCCGATCTTGGCGG-1,7
s1-TATCCTGCGGTTGATC-1,1
s1-TATCTAATCACCTCGG-1,4
s1-TATCTAGTCGCATGCA-1,1
s1-TATCTAGTGAATGATC-1,2
s1-TATCTAGTGCCATATT-1,2
s1-TATGAACTACGCGGTG-1,0
s1-TATGAAGCGACCGTCC-1,3
s1-TATGACAAGTGGAAGA-1,7
s1-TATGACAATGCTTGAA-1,1
s1-TATGACAGCGAGAAGC-1,8
s1-TATGACCGATGAAGTG-1,6
s1-TATGACGCGTATGTCG-1,3
s1-TATGACGGAGATTGGC-1,3
s1-TATGAGCGATCCATTA-1,1
s1-TATGAGGATCTACTGG-1,1
s1-TATGAGTTCCGAGTGA-1,2
s1-TATGCCACAGCCGGTG-1,8
s1-TATGCGTACCTGAGTC-1,0
s1-TATGCTCCTGGTTAGT-1,5
s1-TATGGATATGGTGCGA-1,0
s1-TATGGCAGTTCGTCTA-1,3
s1-TATGGCCATAATAGAC-1,0
s1-TATGGCCGGCGACACT-1,0
s1-TATGGCCTCACGTACA-1,6
s1-TATGTAGAGCTGATCA-1,0
s1-TATGTCATAAGCGTCG-1,0
s1-TATGTCGAGGTTGAAG-1,1
s1-TATGTTAGGCCGAACC-1,7
s1-TATGTTGCAGTCTAGG-1,6
s1-TATGTTGGCGAGAACA-1,4
s1-TATGTTGGTAGGTCGT-1,8
s1-TATGTTGGTCCAGTGA-1,8
s1-TATTAACTTCCGCTCA-1,2
s1-TATTAAGCAGCGCCGG-1,6
s1-TATTAATAGAATGGCA-1,7
s1-TATTAATATGTCGACT-1,4
s1-TATTCCGGTTGTTAAT-1,6
s1-TATTCGACAACCGTGA-1,2
s1-TATTCGACATTACTAT-1,8
s1-TATTCGATGATCTAGT-1,0
s1-TATTCGGTGGAGATTC-1,0
s1-TATTCGTGCGTTCTGG-1,6
s1-TATTCGTTAATGCTCC-1,5
s1-TATTCGTTATCGCCTG-1,6
s1-TATTCTAAGGCTCATC-1,0
s1-TATTCTAGAATCGGAC-1,0
s1-TATTCTCAGCGGCTGG-1,0
s1-TATTCTCCTATGATGG-1,0
s1-TATTCTCGTGCTTGGC-1,4
s1-TATTGAATCCGACTAA-1,2
s1-TATTGAATTAAGCGTT-1,4
s1-TATTGAGCATGGACCG-1,4
s1-TATTGATCGTGATCTT-1,1
s1-TATTGATCTACTTCGG-1,0
s1-TCAACAATGGAGGCCT-1,2
s1-TCAACACCAATCATTA-1,6
s1-TCAACAGGACAGCAAC-1,5
s1-TCAACAGGCCATGCCG-1,3
s1-TCAACATGGATACAAC-1,1
s1-TCAACCGGAGACCTCG-1,0
s1-TCAAGGAACCTATTGC-1,5
s1-TCAAGGACGTTAGGAG-1,6
s1-TCAAGGCAACGCGGCT-1,3
s1-TCAAGGCCATAGCCTG-1,5
s1-TCAAGGCGTCTACTCC-1,0
s1-TCAAGGTATCAACTTA-1,8
s1-TCAAGGTCTGAATATG-1,0
s1-TCAAGTGATGGTTAAT-1,0
s1-TCAATATTCCGGTTAG-1,3
s1-TCAATTAATAGAACCT-1,2
s1-TCACAAGACTTAGCTT-1,4
s1-TCACAAGATGACTCGA-1,2
s1-TCACAAGCTCGAGGCA-1,1
s1-TCACAAGGAGAACAAG-1,0
s1-TCACAGCACCAAGGTT-1,1
s1-TCACATAAGCGTTGCC-1,7
s1-TCACATAGACCTCCGT-1,5
s1-TCACATCCTGTCGCGG-1,3
s1-TCACATCCTTCTCAGT-1,2
s1-TCACATTGTCGGTGAC-1,1
s1-TCACCATAGATTGTTA-1,1
s1-TCACCGTTGCTAATGG-1,1
s1-TCACGACATCAGAAGG-1,0
s1-TCACGATACCTAGCCA-1,2
s1-TCACGCTATCCACTAC-1,3
s1-TCACGTCTAAGACTAG-1,4
s1-TCACTACCAAGCCTGT-1,4
s1-TCACTACGACTCTGCG-1,9
s1-TCACTCCGCTCACTGG-1,7
s1-TCAGAATCGATATCAT-1,2
s1-TCAGAATCTAATAGTC-1,0
s1-TCAGATTACCAGGTTA-1,3
s1-TCAGCGCCTAGTCTTA-1,6
s1-TCAGCGTGACCTTACC-1,3
s1-TCAGCTACCAACTCCG-1,1
s1-TCAGCTAGGATGTACT-1,2
s1-TCAGCTATTAATCGCT-1,2
s1-TCAGCTCGCCAGGATG-1,2
s1-TCAGGAGCAACGGTCG-1,1
s1-TCAGGATACACTACAA-1,1
s1-TCAGGTCTAGTAAGCA-1,4
s1-TCAGTATGTAGGACAA-1,1
s1-TCAGTCAGCGATCAGA-1,5
s1-TCAGTCATTGCAAGTG-1,0
s1-TCAGTCCAACGGAAGT-1,2
s1-TCAGTCGAAGTATCTA-1,5
s1-TCAGTCGCCAAGGTTG-1,1
s1-TCAGTCGTGCCGGCAG-1,3
s1-TCAGTGAAGAGTTCTA-1,4
s1-TCAGTTCAGAATCTCG-1,5
s1-TCAGTTCTCCGGACCG-1,8
s1-TCAGTTGACAGTGCCA-1,0
s1-TCATAGCTTCCAGTAC-1,1
s1-TCATAGGTAGTGACGA-1,0
s1-TCATAGGTGAGTCGAC-1,2
s1-TCATAGTAGACTCATA-1,0
s1-TCATCCACGTGGTCAC-1,6
s1-TCATCCATGCCAAGCG-1,0
s1-TCATCGCTGTGCAACA-1,0
s1-TCATCGGCCTGTGCGG-1,0
s1-TCATCGTTATGTATCT-1,2
s1-TCATCTATCCACGATT-1,1
s1-TCATCTCCAACCACCT-1,0
s1-TCATCTGCCGCTATTC-1,8
s1-TCATCTTCCACGTATG-1,1
s1-TCATCTTCGACACCGT-1,4
s1-TCATGAGGCTTGACGC-1,6
s1-TCATGAGGTTGATATG-1,1
s1-TCATGAGTAAGACATC-1,7
s1-TCATGATTCTGATACT-1,5
s1-TCATGCAGCGCCTTCG-1,0
s1-TCATTCACGCGAGCTC-1,4
s1-TCATTCACTGTAATGG-1,2
s1-TCATTGATAGACTTGC-1,1
s1-TCATTGCAAGTGCTCA-1,4
s1-TCATTGGCGACCGACG-1,6
s1-TCATTGTTCAATGCGT-1,2
s1-TCCAACAGATGCGGCA-1,4
s1-TCCAACGAAGATGCTT-1,8
s1-TCCAACGTGGTTGTTC-1,1
s1-TCCAACTAAGACTCCA-1,2
s1-TCCAACTGAATAAGGT-1,0
s1-TCCAACTGCCGCCATA-1,2
s1-TCCAACTGGCTGAAGA-1,5
s1-TCCAAGACCGCTTGAT-1,0
s1-TCCAATAACGTGCTAG-1,6
s1-TCCAATACTATCTGTT-1,1
s1-TCCAATACTGGAGCGT-1,0
s1-TCCAATCCAGATACAT-1,1
s1-TCCAATCTAACACGCA-1,2
s1-TCCAATTAGCAATCAA-1,3
s1-TCCAATTGGTTACAGT-1,2
s1-TCCACCAAGTGACGAA-1,0
s1-TCCAGAGGTCGACAGC-1,7
s1-TCCAGATCTTCGCTTA-1,7
s1-TCCAGTACCGAGCGCA-1,4
s1-TCCAGTACGTGCTATG-1,8
s1-TCCAGTCAGTACATTA-1,0
s1-TCCAGTGATGCGTATC-1,6
s1-TCCAGTGATTGGTGCT-1,1
s1-TCCAGTTGAAGTAGCA-1,6
s1-TCCAGTTGCGGTGCAC-1,4
s1-TCCATAGCGACTCAGT-1,9
s1-TCCATCGGCTAGACGA-1,0
s1-TCCATGATGTGATCAA-1,1
s1-TCCATGCGTCCACCAG-1,5
s1-TCCATGCGTCGGTTAC-1,9
s1-TCCGAACATAGTCTGA-1,2
s1-TCCGAACCTCAACCAT-1,1
s1-TCCGAATACTCGCTGG-1,5
s1-TCCGAATAGAAGCACC-1,4
s1-TCCGAATCATGTTGTC-1,1
s1-TCCGAATCGCAGGTTC-1,2
s1-TCCGAGTACGACTTAG-1,8
s1-TCCGATGCGTATCCGG-1,1
s1-TCCGCCAACATTGCTC-1,1
s1-TCCGCCAAGGTCCGTT-1,8
s1-TCCGCCAGTGATTAAT-1,2
s1-TCCGCCGGTCTATTCA-1,8
s1-TCCGCCTTGTTCTGAT-1,3
s1-TCCGGCTATGCTCAGT-1,3
s1-TCCGGCTCTATGGACA-1,1
s1-TCCGGTACGTGGCCTC-1,4
s1-TCCGGTTCCGTTCTAG-1,3
s1-TCCGTCCACTCGGAGC-1,5
s1-TCCGTCGGTACAAGTT-1,0
s1-TCCGTGTCTTACATAA-1,1
s1-TCCGTGTTCTGTTCTG-1,1
s1-TCCTAATTGCGGCCTG-1,3
s1-TCCTAATTGCTCAACG-1,3
s1-TCCTACAAGCTCGAAC-1,2
s1-TCCTACCGATCGTGGC-1,4
s1-TCCTACCGGTTCCTAG-1,6
s1-TCCTACGTAAGCCAGA-1,6
s1-TCCTAGGTATCTGATG-1,1
s1-TCCTATCCTCGAATCA-1,5
s1-TCCTATCCTGTCAATA-1,5
s1-TCCTATGAGGATTGTT-1,1
s1-TCCTATTGACTGTTGA-1,1
s1-TCCTCAATGAGGAACG-1,0
s1-TCCTCACGTGTAGACG-1,1
s1-TCCTCAGTCGGATGCG-1,6
s1-TCCTCATCGTGCTGGA-1,0
s1-TCCTCATGGCACCGTT-1,7
s1-TCCTGAAGCGTGCACT-1,1
s1-TCCTGACACTTCACGG-1,5
s1-TCCTGACAGGCAGCAA-1,4
s1-TCCTGATAAGTGCCGT-1,4
s1-TCCTGATCACCGGTCC-1,4
s1-TCCTGCCGTGTCTAAG-1,0
s1-TCCTGCTACATGCAGA-1,4
s1-TCCTGGTGGCAATAGC-1,1
s1-TCCTTACTCGCAATGA-1,9
s1-TCCTTCCAACCGCAAC-1,5
s1-TCCTTGAACAGGACCA-1,1
s1-TCCTTGGCTCAAGAGT-1,1
s1-TCGAATCTTGCGTTAC-1,6
s1-TCGAATGGTTCCACGC-1,7
s1-TCGAATTAGTTACTCC-1,8
s1-TCGAATTGTACACTAT-1,1
s1-TCGACCAATCCGGTTG-1,9
s1-TCGACGAAGAGCAAGT-1,3
s1-TCGACTTATTAATCCT-1,6
s1-TCGAGCTGGTTGCCGA-1,4
s1-TCGAGTGGTAGGTCAC-1,3
s1-TCGATATTAGACATAC-1,1
s1-TCGATATTGTCCTAAC-1,6
s1-TCGATCCAGTCTGTAG-1,1
s1-TCGATCGCACCTAATC-1,4
s1-TCGATCGTTGTCTGAA-1,7
s1-TCGATCTAATGTTAGT-1,1
s1-TCGATCTAGCCGATTC-1,6
s1-TCGCAATAGTGACGCA-1,1
s1-TCGCAATGATAGTTCA-1,0
s1-TCGCACGATTCGGTGG-1,7
s1-TCGCACTCTTGGACAG-1,1
s1-TCGCACTGCTGTGCTC-1,0
s1-TCGCACTGTACGGCGA-1,8
s1-TCGCACTTACTGAAGT-1,6
s1-TCGCACTTGGTCCGTC-1,6
s1-TCGCCAGGCATGCCTC-1,0
s1-TCGCCGTATCATGCTT-1,0
s1-TCGCCTAGATAATTAA-1,0
s1-TCGCCTATCGACTCCT-1,3
s1-TCGCCTGACGGCCACT-1,0
s1-TCGCCTGCGTGCGTGG-1,6
s1-TCGCCTGGTGGATTCT-1,9
s1-TCGCGACGTGGTAAGT-1,4
s1-TCGCGGTAGTATGATC-1,5
s1-TCGCTTACTCGCAAGT-1,6
s1-TCGCTTGTTCCAGTTG-1,2
s1-TCGGAACGTCTGCAAG-1,3
s1-TCGGAATCAGCCTAAC-1,5
s1-TCGGACATTCTATGAG-1,8
s1-TCGGACCAGGATCGCC-1,9
s1-TCGGACGGCCGAGGAA-1,8
s1-TCGGACGTTGCCTCAG-1,7
s1-TCGGACTGCCACCTCC-1,6
s1-TCGGAGCGTTACCTCG-1,0
s1-TCGGAGTGGTACTTGC-1,9
s1-TCGGAGTTGTCTTGTT-1,1
s1-TCGGCACTGGCGCCGA-1,0
s1-TCGGCGACCTCGCTGA-1,3
s1-TCGGCGCAGAATGTCT-1,0
s1-TCGGCGCAGATAGATA-1,2
s1-TCGGCGCTATCACGTG-1,9
s1-TCGGCGTAAGGCCTTA-1,4
s1-TCGGTAATTACGTGGA-1,2
s1-TCGGTAGGCATCACGC-1,2
s1-TCGGTATCGTAATTGG-1,4
s1-TCGGTGATCGCCGGCC-1,3
s1-TCGGTGTCAACAGGCA-1,6
s1-TCGGTGTCTAACCAAG-1,1
s1-TCGTAAGGCGTTCAGG-1,7
s1-TCGTATACAAGACGAG-1,4
s1-TCGTATCAACAGCACC-1,5
s1-TCGTATCACGTTATGA-1,5
s1-TCGTATCCTGATGCAA-1,1
s1-TCGTATCGGTCTCCTT-1,6
s1-TCGTATGCCGGACGTT-1,8
s1-TCGTATGTCGTGCCTA-1,6
s1-TCGTATTAGATCCGGT-1,0
s1-TCGTATTCTGAGTGGC-1,0
s1-TCGTCAAGCCTAATCT-1,5
s1-TCGTCAAGTCCAGGTT-1,0
s1-TCGTCACGATGTTCGA-1,6
s1-TCGTCAGAACAGCCAG-1,0
s1-TCGTCCAGCATGGCTT-1,1
s1-TCGTGCCTCGGTAGTT-1,0
s1-TCGTTAGCCAGGCCAG-1,6
s1-TCTAACAAGCCAATCC-1,1
s1-TCTAACCGTGCTAGCT-1,3
s1-TCTAACTCTATGTTCT-1,5
s1-TCTACAACTGGAACTT-1,3
s1-TCTACACTAATTACTC-1,8
s1-TCTACACTGAGCTTCT-1,5
s1-TCTACAGCACGTCCGA-1,1
s1-TCTACAGGTACGCAGT-1,2
s1-TCTACATGAACTATAC-1,8
s1-TCTACATGAATCTGAT-1,1
s1-TCTACATGTCCGACTT-1,1
s1-TCTACATTGGAGTAAT-1,7
s1-TCTACTATGCTAGCTC-1,1
s1-TCTACTCCGACTCGGC-1,2
s1-TCTACTCGAGCAGAGG-1,8
s1-TCTACTGTCTCAATGA-1,8
s1-TCTACTTAGGTTCTTA-1,8
s1-TCTACTTCACCGTGGA-1,0
s1-TCTAGAACTTCTTGCA-1,9
s1-TCTAGAATTGCGGTTG-1,0
s1-TCTAGAGTCTCCACGC-1,4
s1-TCTAGATAAGGTTAGC-1,1
s1-TCTAGCGACACCGAGC-1,0
s1-TCTAGGCGGAAGGCAC-1,0
s1-TCTATGATCGGTGCCT-1,1
s1-TCTATTCCTTCCGGAA-1,7
s1-TCTATTCTGCATTGGC-1,1
s1-TCTGAGCGTAATTGTC-1,4
s1-TCTGAGTCAGATCTTG-1,1
s1-TCTGATCATAATGATT-1,4
s1-TCTGCAAGGACGGCAA-1,2
s1-TCTGCAATTCACAAGA-1,0
s1-TCTGCCTGGATGTCAG-1,1
s1-TCTGCGCTTGCAGATA-1,7
s1-TCTGCGTGCTATTCTA-1,3
s1-TCTGCGTGCTTCAGAC-1,2
s1-TCTGCGTTAGATAGGT-1,9
s1-TCTGGACGCTAAGACA-1,7
s1-TCTGGATATTAACCTA-1,1
s1-TCTGGTAATCGTCCAA-1,4
s1-TCTGGTATCTGTAGCC-1,9
s1-TCTGGTCCTCCACTGT-1,1
s1-TCTGTACGCTGTCCTC-1,1
s1-TCTGTCACCGTTAATA-1,3
s1-TCTTACATTACTTCGC-1,0
s1-TCTTACCGCTCGTATG-1,7
s1-TCTTACGAATCAGTGC-1,1
s1-TCTTACGAGGAATAAG-1,3
s1-TCTTACGAGGCCGACA-1,7
s1-TCTTACGGCCGCAACA-1,1
s1-TCTTACTCTGTATGCG-1,8
s1-TCTTACTGAGACTAGT-1,3
s1-TCTTAGATGCCTCCGA-1,1
s1-TCTTAGGCGACAGTCA-1,0
s1-TCTTAGTCGCGGCAGA-1,9
s1-TCTTAGTCGTCTCGGC-1,1
s1-TCTTAGTCTGCCATCA-1,6
s1-TCTTCGAACAGCGTTA-1,2
s1-TCTTCGAATTGTATAC-1,6
s1-TCTTCGCCATTCGAAT-1,1
s1-TCTTCGTCAGACCAGG-1,0
s1-TCTTGAGTCATTATAC-1,1
s1-TCTTGCACCAATCTAT-1,4
s1-TCTTGCACGGTGAGCC-1,7
s1-TCTTGCACGTCTAATG-1,4
s1-TCTTGCACTATTCAGA-1,0
s1-TCTTGCACTGGTGCTC-1,6
s1-TCTTGCATAGACAATA-1,4
s1-TCTTGCCACGTTCACT-1,0
s1-TCTTGCCATCGTTGTA-1,0
s1-TCTTGCCGGCAGTCTA-1,0
s1-TCTTGCTCCGTCGGCA-1,1
s1-TCTTGCTGTCCTAGGC-1,0
s1-TCTTGTTATTCTTGAT-1,0
s1-TGAACGAATCTTAATT-1,4
s1-TGAACGGACACGTATC-1,2
s1-TGAACGGATCTGGTAC-1,2
s1-TGAACGGATTCAAGTT-1,4
s1-TGAAGATACAATCTGC-1,0
s1-TGAAGCACCGTCATGA-1,1
s1-TGAAGTATGATCGTGC-1,2
s1-TGAATGCGGTTATGGA-1,1
s1-TGAATGTACCTTCGTC-1,7
s1-TGAATGTTGACATCGT-1,2
s1-TGAATTATGCCGCAGT-1,1
s1-TGAATTCGTGGTATAA-1,0
s1-TGACAGTACTATTCTA-1,0
s1-TGACATTACAACGCCG-1,1
s1-TGACCAACAGATAGGT-1,1
s1-TGACCAAGCTGCACAT-1,5
s1-TGACCAAGTAAGGACC-1,7
s1-TGACCAATCAGCCACG-1,1
s1-TGACCAGCACTCCAGC-1,7
s1-TGACCAGGCTCATGCA-1,9
s1-TGACCAGGTATGACCT-1,1
s1-TGACCATCCATCTGCT-1,4
s1-TGACCATGTACACTCA-1,6
s1-TGACCTCCTTCAGATT-1,6
s1-TGACCTGTCTATCTCG-1,6
s1-TGACGCCTGCTTGTGA-1,4
s1-TGACGCTCACCAAGCC-1,5
s1-TGACGCTCGCGGTAGT-1,3
s1-TGACGCTGCGATAGTA-1,3
s1-TGACGCTTACTAGACA-1,9
s1-TGACGGAGCGCTATAC-1,8
s1-TGACTCCAAGTCTACC-1,2
s1-TGACTCGGCCGACCGA-1,9
s1-TGACTCTGCTCGCACG-1,6
s1-TGACTTAATGCGTTGG-1,9
s1-TGACTTCGGCGTAACA-1,1
s1-TGACTTGCACTCACGG-1,1
s1-TGAGACAAGGACGACC-1,2
s1-TGAGACAGAAGTGCTC-1,3
s1-TGAGACTATTGAATCT-1,8
s1-TGAGATGCTCTAATGA-1,5
s1-TGAGCCGCGTGATCAT-1,6
s1-TGAGGAATCCATAGAA-1,0
s1-TGAGGACCACTGTTAC-1,7
s1-TGAGGTAGGACTACTG-1,1
s1-TGAGTAAGCGCAATCC-1,0
s1-TGAGTACGCTGCTCAG-1,4
s1-TGAGTATTCTAGGACT-1,2
s1-TGAGTGACCTACTCGT-1,1
s1-TGAGTGAGATCGCTAA-1,5
s1-TGAGTGAGGCACGCCT-1,2
s1-TGAGTGCAGAGGACCA-1,6
s1-TGAGTTGTTAGCACCG-1,3
s1-TGATAAGCAGTAAGAA-1,0
s1-TGATAGGAGCATCAAC-1,0
s1-TGATCCGCACTCCTTA-1,1
s1-TGATCGGACCTGGATG-1,1
s1-TGATGGAACTAACGAA-1,0
s1-TGATGGATGATCACGG-1,4
s1-TGATGGCCGGCATCGC-1,1
s1-TGATGGCTGCGACGAT-1,6
s1-TGATGGTTCCACTGAT-1,2
s1-TGATTAGAATGACATA-1,1
s1-TGATTCAAGATCGAGC-1,5
s1-TGATTCGTCTGGATCT-1,9
s1-TGCAACAGTGAAGCTC-1,1
s1-TGCAACGTTACCTGGT-1,8
s1-TGCACCGGTCACCTCC-1,5
s1-TGCACGAGTAGAGTTA-1,5
s1-TGCACGAGTGTCAGCC-1,8
s1-TGCACGCTCCTATCCG-1,1
s1-TGCACGGCTGAGACTT-1,1
s1-TGCACGGCTGGTAAGG-1,0
s1-TGCACGGTAGACGGTA-1,3
s1-TGCACGTAGTTCGAAG-1,3
s1-TGCACGTGATTATCAA-1,1
s1-TGCACTCCAGCTACTC-1,6
s1-TGCAGAATCGGAGGCT-1,4
s1-TGCAGACAATACTGTT-1,3
s1-TGCAGACGAACCAGAT-1,9
s1-TGCAGAGCCTTGCCGG-1,4
s1-TGCAGAGGTCGTAATT-1,8
s1-TGCAGTACAACGAGTG-1,0
s1-TGCAGTCGAGCACCAA-1,3
s1-TGCAGTTATTCCACTC-1,1
s1-TGCATTAATGGCCACC-1,2
s1-TGCATTCACGTGTACT-1,4
s1-TGCATTCGCCAGCGAT-1,5
s1-TGCATTCGCTACAATG-1,6
s1-TGCATTCTTACGGAGG-1,6
s1-TGCATTGCTGTCGGCG-1,1
s1-TGCCAATCCATGTCTA-1,1
s1-TGCCACAATGCTACCG-1,1
s1-TGCCACTATCAGGCAG-1,7
s1-TGCCACTCAACCGGCC-1,5
s1-TGCCACTTAAGTGATG-1,9
s1-TGCCAGCTATTGTAGA-1,2
s1-TGCCAGGATGAGGTTC-1,3
s1-TGCCAGTGATTCGTGC-1,2
s1-TGCCGAATCAAGCGTC-1,7
s1-TGCCGACGATGAACTG-1,0
s1-TGCCGAGTTAAGAACG-1,0
s1-TGCCGGAACTTAGGCA-1,8
s1-TGCCGGCATTATAGAT-1,2
s1-TGCCTAAGTTAATTAT-1,1
s1-TGCCTATCAATGCCAT-1,2
s1-TGCCTATCGGCTATGT-1,3
s1-TGCCTATGGACTGGTC-1,4
s1-TGCCTTAGGCGTCTAT-1,0
s1-TGCGAATTCTCCGCAC-1,8
s1-TGCGACTACGTGCGAG-1,0
s1-TGCGAGCCAGACGAAT-1,9
s1-TGCGATCTTGCTCGAT-1,0
s1-TGCGATGCAGGTGCGA-1,6
s1-TGCGATTAGCTCCGCC-1,2
s1-TGCGCCAGTAATGATC-1,6
s1-TGCGCCGAACGGACTC-1,2
s1-TGCGCCGATCGCGAAG-1,1
s1-TGCGCCTCTTCGGCGA-1,4
s1-TGCGCTCATAGAACGA-1,0
s1-TGCGGACCATGGTACC-1,0
s1-TGCGGACGATACGGAC-1,3
s1-TGCGGACTCACGTGAT-1,2
s1-TGCGGACTTAACTTCC-1,2
s1-TGCGGACTTCTGTCGC-1,2
s1-TGCGGATCATCCTAGA-1,9
s1-TGCGGATCGGATCTTA-1,7
s1-TGCGTATCTTGTACCG-1,1
s1-TGCGTCTGGATCGGAT-1,1
s1-TGCGTGTCAGCCAGTG-1,8
s1-TGCGTGTCGGCGGATA-1,3
s1-TGCGTTAGCACGTACC-1,0
s1-TGCGTTATGTTCCGGA-1,4
s1-TGCGTTGTATTGCCTG-1,0
s1-TGCTACGCTGCGTGGA-1,7
s1-TGCTACTTGTGGCTGG-1,2
s1-TGCTATAATGTCGCTG-1,0
s1-TGCTATCCATGTAATA-1,3
s1-TGCTATCCTAAGACGA-1,5
s1-TGCTATGGTTGCGACA-1,5
s1-TGCTATTGCGGCGTGG-1,6
s1-TGCTATTGTCAAGGAG-1,4
s1-TGCTCAGATTGGTAGC-1,2
s1-TGCTCCTAACGGAAGA-1,9
s1-TGCTGTATTAGCGGTC-1,0
s1-TGCTGTCAGAACGAAG-1,2
s1-TGCTGTCTTGTTAATG-1,3
s1-TGCTGTGAAGTCAAGA-1,0
s1-TGCTTACTCACCGGTC-1,3
s1-TGCTTAGCTCCTGGCT-1,2
s1-TGCTTAGTTGACTTAC-1,1
s1-TGCTTATGAATAAGCA-1,0
s1-TGCTTATGACGCTGGC-1,0
s1-TGCTTATGCGGTTCTG-1,5
s1-TGGAAGACTAGTCTTG-1,0
s1-TGGAAGCCATAACAGT-1,5
s1-TGGAAGCTCCATCGAC-1,1
s1-TGGAAGGTTCGCTTGC-1,8
s1-TGGAAGTCTGGACTAA-1,4
s1-TGGACGCCTGCGACCG-1,3
s1-TGGACTGACGTACCAC-1,1
s1-TGGACTGAGTACCTAG-1,8
s1-TGGAGTGAACGCGGTC-1,1
s1-TGGAGTGATGGCTCTT-1,1
s1-TGGAGTGCTCCTGATC-1,3
s1-TGGAGTTGGTGAATCA-1,0
s1-TGGATCATTGTAACGG-1,8
s1-TGGATCCAGTCACTTC-1,2
s1-TGGCAAGCGACACTTA-1,1
s1-TGGCATCGATCAATTG-1,5
s1-TGGCATGCGTTCACGC-1,5
s1-TGGCATGTTCGAACAG-1,5
s1-TGGCCAACATTCTGAG-1,1
s1-TGGCCAAGCTGGCACC-1,6
s1-TGGCCACTCCGCGGAC-1,0
s1-TGGCCACTCCTGAGTG-1,8
s1-TGGCCAGAGTATCTCC-1,0
s1-TGGCCAGATCCGGACA-1,1
s1-TGGCCGTCTATCAGGA-1,9
s1-TGGCCTGACATACTCA-1,1
s1-TGGCCTGGCACTGTGG-1,0
s1-TGGCGAATTCTATGGT-1,4
s1-TGGCGACACTGCCGGA-1,1
s1-TGGCGACAGCACGGCC-1,0
s1-TGGCGAGCCACTAGCG-1,6
s1-TGGCGAGCTCCACGTG-1,7
s1-TGGCTCCGCATCAGAT-1,1
s1-TGGTACAAGACACTGA-1,0
s1-TGGTACCAATACTTAC-1,7
s1-TGGTACCAGATTGTTA-1,5
s1-TGGTACGGACGTAGTT-1,8
s1-TGGTACGGTCGGCGAA-1,0
s1-TGGTACTGACCGCTGC-1,4
s1-TGGTACTGGTATCTTG-1,1
s1-TGGTAGCATCAAGTCT-1,1
s1-TGGTAGCCAGTTGACA-1,5
s1-TGGTATGCAAGTCTAT-1,0
s1-TGGTATTAGCTAGACC-1,0
s1-TGGTATTCCTAGTCCA-1,8
s1-TGGTATTGAGTTGTAA-1,1
s1-TGGTCGAGATCTGTAA-1,4
s1-TGGTCGCCGGCTTACT-1,2
s1-TGGTCTGCTCAGGTTG-1,6
s1-TGGTGCACGACCTTAG-1,3
s1-TGGTGCAGACCGAAGT-1,1
s1-TGGTGCAGTACCATGC-1,0
s1-TGGTGCATTGTAATCC-1,6
s1-TGGTGCCGCTGCAACA-1,5
s1-TGGTGCCTAGCACGGC-1,8
s1-TGGTGCGAGGTCGTAT-1,3
s1-TGGTTGAACACGCCAA-1,0
s1-TGGTTGCCTCCGGCTT-1,5
s1-TGGTTGGTATCGGCAT-1,4
s1-TGTAAGATCTTCACAT-1,2
s1-TGTAAGGTGAGCGACC-1,1
s1-TGTAATCATATGAGAC-1,0
s1-TGTAATCGAGACTGGC-1,4
s1-TGTAATGCACTACGAG-1,0
s1-TGTAATGCCTAACACC-1,4
s1-TGTAATTGTATCCTCG-1,5
s1-TGTACCAACTACGCAT-1,7
s1-TGTACCAATATTAGTC-1,4
s1-TGTACCACATACTGGT-1,5
s1-TGTAGCCGTACATAAC-1,4
s1-TGTAGGATCAGAGCGT-1,0
s1-TGTAGGCAGGTCTAGC-1,4
s1-TGTAGGTCACTACATG-1,0
s1-TGTAGGTCTGAACGCA-1,6
s1-TGTAGGTTCTGGCTTA-1,1
s1-TGTATCACGGTGGAAC-1,2
s1-TGTATCGGCGGTCGCA-1,9
s1-TGTATGATTGTAGGTG-1,1
s1-TGTATGCAGGATTCAC-1,4
s1-TGTATGCCTATCTTAT-1,4
s1-TGTATGCTCGCCTAGT-1,0
s1-TGTATGGTGCCAAGGT-1,2
s1-TGTCAACTCATCAACG-1,1
s1-TGTCAACTTATTCAAT-1,4
s1-TGTCAAGCGGATCGGT-1,2
s1-TGTCACAGACGTATCC-1,0
s1-TGTCAGAAGTTGTAAC-1,3
s1-TGTCAGACGAAGCACC-1,4
s1-TGTCAGTGGCTTCCAT-1,0
s1-TGTCATGCATGAGCAC-1,2
s1-TGTCCATGTATGGAAT-1,0
s1-TGTCCTCAACGTTCTA-1,7
s1-TGTCGAGTGCGTTAGC-1,5
s1-TGTCGATTCACGTAGT-1,6
s1-TGTCGCGGAAGAGCTA-1,1
s1-TGTCGTTCATACGATA-1,0
s1-TGTCTAAGCAGACGTA-1,5
s1-TGTCTACTAGATTGCC-1,4
s1-TGTCTGTAAGCGAACT-1,2
s1-TGTCTTGCGACTAATT-1,6
s1-TGTCTTGGAATTGGCA-1,8
s1-TGTTAAGGAAGTCTTA-1,0
s1-TGTTACCTATTGGACA-1,8
s1-TGTTCACTGTCTTCCT-1,2
s1-TGTTCAGAACGGTGTA-1,1
s1-TGTTCATAGTATGACG-1,2
s1-TGTTCATTGGTCCAAG-1,0
s1-TGTTCCTCACATTAAT-1,9
s1-TGTTCTGCTCTGTCGT-1,3
s1-TGTTGCGTCCAAGATT-1,2
s1-TGTTGGAACCTTCCGC-1,1
s1-TGTTGGAACGAGGTCA-1,1
s1-TGTTGGATGGACTTCT-1,5
s1-TGTTGGCCAGACCTAC-1,6
s2-rna-AACACTTGGCAAGGAA-1,3
s2-rna-AACAGGATTCATAGTT-1,0
s2-rna-AACAGGTTATTGCACC-1,2
s2-rna-AACAGGTTCACCGAAG-1,3
s2-rna-AACAGTCAGGCTCCGC-1,0
s2-rna-AACAGTCCACGCGGTG-1,3
s2-rna-AACATACTCATATGCG-1,1
s2-rna-AACATAGTCTATCTAC-1,9
s2-rna-AACATCTAATGACCGG-1,5
s2-rna-AACATCTTAAGGCTCA-1,0
s2-rna-AACATGCGCAAGTGAG-1,4
s2-rna-AACCAAGGTATCAGGC-1,2
s2-rna-AACCAATCTGGTTGGC-1,3
s2-rna-AACCACTAACATGATT-1,9
s2-rna-AACCACTGCCATAGCC-1,2
s2-rna-AACCAGAATCAGACGT-1,1
s2-rna-AACCATCGGAAGCGAC-1,4
s2-rna-AACCGCCAGACTACTT-1,1
s2-rna-AACCGTGCTTATGTTG-1,9
s2-rna-AACCTAAGATACTGAG-1,1
s2-rna-AACCTACAGAGGTAGT-1,3
s2-rna-AACCTACCTACCGGTT-1,4
s2-rna-AACCTACTGTAACTCA-1,9
s2-rna-AACCTGACAGTGCCGC-1,4
s2-rna-AACCTTAGCGTCCGGT-1,5
s2-rna-AACGAAGCGTGGAAGT-1,2
s2-rna-AACGAATTGACCGGTT-1,8
s2-rna-AACGACATTAAGATGG-1,4
s2-rna-AACGAGCCTCTTCGGC-1,3
s2-rna-AACGAGCTAATAACTA-1,6
s2-rna-AACGCACTGGTGCTCG-1,0
s2-rna-AACGGCACAGAATATT-1,0
s2-rna-AACGGTAATCGACCTG-1,5
s2-rna-AACGTCGCGACAAGGT-1,8
s2-rna-AACTAGCACTGTTCGA-1,6
s2-rna-AACTAGCATCACGTAC-1,3
s2-rna-AACTAGCCTAATAGCA-1,0
s2-rna-AACTAGCCTTGCAATA-1,3
s2-rna-AACTAGGCCTGACACC-1,1
s2-rna-AACTATCGTCATAGTC-1,4
s2-rna-AACTATCTAGCAGTAT-1,0
s2-rna-AACTATGCTGCATTCG-1,1
s2-rna-AACTATGTGCTTGTTA-1,1
s2-rna-AACTATTCTGCGGCCT-1,3
s2-rna-AACTCAACCTTGACCA-1,8
s2-rna-AACTCAACTTGACAGC-1,3
s2-rna-AACTCACCGAACTTAT-1,8
s2-rna-AACTCACCTCGGTGTT-1,6
s2-rna-AACTCACGGAGTACGT-1,1
s2-rna-AACTCAGATCCATGCC-1,0
s2-rna-AACTGCAACGTCCTGG-1,8
s2-rna-AACTGCAATACGGATT-1,4
s2-rna-AACTGCCGGAGTAACA-1,7
s2-rna-AACTGCCTCGATAGGT-1,0
s2-rna-AACTGCGAACCTTACC-1,2
s2-rna-AACTGCGGTCCGAAGC-1,0
s2-rna-AACTGCTACCTCGATA-1,5
s2-rna-AACTTATGATACGTAC-1,5
s2-rna-AACTTCAAGGATAATC-1,0
s2-rna-AACTTCACAATAACTG-1,2
s2-rna-AACTTCAGATACTACC-1,3
s2-rna-AACTTCATCTTCTGGT-1,2
s2-rna-AACTTCGCTTAGTCAG-1,0
s2-rna-AACTTGCAACTTGGAC-1,0
s2-rna-AACTTGCTCGTAACCG-1,4
s2-rna-AACTTGGTTACATAAC-1,1
s2-rna-AAGAATTCTGGCTGCA-1,1
s2-rna-AAGACAATCTCCTGCA-1,1
s2-rna-AAGACTAAGGAGATCC-1,2
s2-rna-AAGACTCAAGGCTCCA-1,3
s2-rna-AAGACTGTCATAGTGC-1,2
s2-rna-AAGAGCAGATGTGCCA-1,3
s2-rna-AAGATAGGCTTGCTTA-1,1
s2-rna-AAGATATTGGACGTCC-1,9
s2-rna-AAGATCTGTAACTTGT-1,3
s2-rna-AAGATGCACTATACTT-1,4
s2-rna-AAGATGGCCGCTAGTT-1,5
s2-rna-AAGATTAGGCTGTCTA-1,0
s2-rna-AAGATTATCTAGCATA-1,1
s2-rna-AAGATTCTGGTCGCGA-1,6
s2-rna-AAGCAAGAGCGTGATC-1,0
s2-rna-AAGCACTCAGGAATGT-1,6
s2-rna-AAGCAGCGGACACGTG-1,1
s2-rna-AAGCAGTATCAGAATC-1,2
s2-rna-AAGCAGTGAGTGCGAC-1,7
s2-rna-AAGCAGTGGCATCACT-1,3
s2-rna-AAGCAGTGGCTCATCC-1,2
s2-rna-AAGCAGTGTAGAATCT-1,7
s2-rna-AAGCATCAAGCGTGAT-1,5
s2-rna-AAGCATTGAGTGGTTG-1,2
s2-rna-AAGCCACCATTCAAGA-1,3
s2-rna-AAGCCACTATGTCTAA-1,2
s2-rna-AAGCCAGATATCAGAA-1,5
s2-rna-AAGCCAGGCCGACGTG-1,5
s2-rna-AAGCCAGGCTGCTTGA-1,5
s2-rna-AAGCCAGGTTACGAAC-1,3
s2-rna-AAGCCATCCGTGCTAT-1,0
s2-rna-AAGCCATCGCGATATG-1,3
s2-rna-AAGCCATTATCTGCCA-1,2
s2-rna-AAGCGAGGAAGTGAAC-1,7
s2-rna-AAGCGTTCGTCTGTCC-1,2
s2-rna-AAGGACCAACATGGCT-1,2
s2-rna-AAGGAGGCACTCAATT-1,0
s2-rna-AAGGAGTGGCTACCAA-1,7
s2-rna-AAGGCAGTCTGATCAC-1,3
s2-rna-AAGGCATGAACAGCTC-1,8
s2-rna-AAGGCCAATTCAATAA-1,1
s2-rna-AAGGCCAGCAATCGCC-1,6
s2-rna-AAGGCCAGTCGCAATT-1,3
s2-rna-AAGGCCGACCTACCTG-1,3
s2-rna-AAGGCCGACTATGTAA-1,2
s2-rna-AAGGCCGATTCTGAGC-1,1
s2-rna-AAGGCGAACTAGTAGA-1,2
s2-rna-AAGGCGACGGTGTCGG-1,1
s2-rna-AAGGCGAGGTTCATGT-1,4
s2-rna-AAGGCGCCGACAATCT-1,5
s2-rna-AAGGTGGATATGATCG-1,2
s2-rna-AAGGTTGCTGAGTTGA-1,8
s2-rna-AAGTACTAAGGTTACG-1,1
s2-rna-AAGTACTACAGTAGAA-1,7
s2-rna-AAGTACTGGATGCGCA-1,3
s2-rna-AAGTCGCTATCCTGTC-1,2
s2-rna-AAGTCGGACACTTCAG-1,2
s2-rna-AAGTCTACCGGTTGGA-1,7
s2-rna-AAGTCTGTCAATTCTT-1,1
s2-rna-AAGTCTTAAGTTGCCA-1,5
s2-rna-AAGTGAGCCTGTTACA-1,5
s2-rna-AAGTGGACGAATCTAC-1,4
s2-rna-AAGTGGCGAAGTTAAT-1,3
s2-rna-AAGTGGCGAGTGTACA-1,3
s2-rna-AAGTGGTTCCTCGCGT-1,2
s2-rna-AAGTTAAGCACTATAA-1,4
s2-rna-AAGTTACTATTACATC-1,7
s2-rna-AAGTTCCTATTGCTGG-1,2
s2-rna-AATAACATGTGCTATG-1,4
s2-rna-AATAACATGTTACGTC-1,3
s2-rna-AATAACGTAACTGTGA-1,0
s2-rna-AATAACGTATTGAACA-1,5
s2-rna-AATAACTCTAATACAG-1,4
s2-rna-AATAACTCTACGATGT-1,6
s2-rna-AATAACTTCATACGGA-1,5
s2-rna-AATACGAGAACACTCG-1,7
s2-rna-AATACGCATATCCAGA-1,0
s2-rna-AATACGGTACGGCCTA-1,0
s2-rna-AATACGTAGACAGTTA-1,5
s2-rna-AATACTAACCACTTAT-1,0
s2-rna-AATAGATAGCCTAACC-1,0
s2-rna-AATAGCACGGAAGCGA-1,5
s2-rna-AATAGTATAGTTGTCG-1,2
s2-rna-AATAGTCGTTATCTAG-1,1
s2-rna-AATAGTGCTCATAGAA-1,2
s2-rna-AATAGTGGAAGAGCAT-1,2
s2-rna-AATAGTTGGTGCTCAG-1,2
s2-rna-AATATTAGGCTTCTGG-1,8
s2-rna-AATCCGCCGACCTGAG-1,8
s2-rna-AATCCGCCTGGTCAAT-1,2
s2-rna-AATCCGGAGCTTGTCT-1,8
s2-rna-AATCCTCGTCACAGGC-1,4
s2-rna-AATCGAACGGACGGAG-1,1
s2-rna-AATCGACTATCGCTAG-1,5
s2-rna-AATCTATCTAACCGAG-1,4
s2-rna-AATCTGCGAGACGTTC-1,3
s2-rna-AATCTGCGTTCCTTAC-1,8
s2-rna-AATCTTAGCCTCTGTC-1,5
s2-rna-AATGAACTACGTCCAG-1,3
s2-rna-AATGAAGACGGTTCAG-1,1
s2-rna-AATGAATCGGAAGGCA-1,1
s2-rna-AATGATCTTGACAGCG-1,5
s2-rna-AATGATTACAACCTAA-1,3
s2-rna-AATGCAATCACTGTCG-1,0
s2-rna-AATGCCGACGAGCAAC-1,5
s2-rna-AATGCCGCGATTGAGC-1,4
s2-rna-AATGCGAACCTCGCGT-1,6
s2-rna-AATGGACATCCTACTC-1,2
s2-rna-AATGGAGGACCTGGTG-1,0
s2-rna-AATGGCATAGTATCAT-1,0
s2-rna-AATGGTCGATACTCGG-1,0
s2-rna-AATGGTCTCGAGCGCT-1,4
s2-rna-AATGGTGCGTCCTAAC-1,6
s2-rna-AATGGTTATTCTAGCT-1,4
s2-rna-AATGTACTTAACATCA-1,5
s2-rna-AATGTAGTCTTACGAG-1,1
s2-rna-AATGTCAGGTCATTAC-1,1
s2-rna-AATTAGCAACCGTTCC-1,2
s2-rna-AATTAGCTTAGGTGTA-1,4
s2-rna-AATTATACCTCAATGA-1,4
s2-rna-AATTCTCAGACGCAAC-1,3
s2-rna-AATTCTCGCACCAGTA-1,0
s2-rna-AATTCTTGGATACGGA-1,1
s2-rna-AATTGCATTGAAGAAT-1,8
s2-rna-AATTGCGGTGCTAATA-1,7
s2-rna-AATTGCGTCAGACACT-1,0
s2-rna-AATTGGACGGCATCGT-1,8
s2-rna-AATTGGAGACATGGAG-1,0
s2-rna-AATTGGCTTGAGTTGC-1,5
s2-rna-AATTGGTTATGATACA-1,2
s2-rna-AATTGTAGAATCCTAG-1,5
s2-rna-ACAACCTTGGTGTCAA-1,4
s2-rna-ACAACGCCGATAGTAT-1,2
s2-rna-ACAACGTGAATTCACG-1,4
s2-rna-ACAACGTGGAGCTACT-1,9
s2-rna-ACAACTAAGGTGTTAT-1,2
s2-rna-ACAACTAAGTGGCGCT-1,5
s2-rna-ACAACTGTCGTGGATA-1,3
s2-rna-ACAATACACTTCCATC-1,0
s2-rna-ACAATACAGGCGCCGT-1,3
s2-rna-ACAATACGCCTTATTC-1,1
s2-rna-ACAATTGGTCGCGTAA-1,3
s2-rna-ACAGAATAAGAACCAT-1,5
s2-rna-ACAGAATAAGATAGTG-1,1
s2-rna-ACAGAATCCGTTGCTT-1,0
s2-rna-ACAGAATCTTGATAAG-1,3
s2-rna-ACAGAATGTCTTATTG-1,3
s2-rna-ACAGAATGTTGAGTCC-1,5
s2-rna-ACAGATCTGAAGTATC-1,4
s2-rna-ACAGCCAGGCATAAGC-1,2
s2-rna-ACAGGAACTACAGAAC-1,3
s2-rna-ACAGGACTGAGCCGAT-1,8
s2-rna-ACAGGATACCGGATTC-1,2
s2-rna-ACAGGCACGCGAGGAT-1,2
s2-rna-ACAGGCATTGAACCAT-1,4
s2-rna-ACAGGTTCAGTGAACG-1,5
s2-rna-ACAGTACGCACTACCT-1,6
s2-rna-ACATAAGCAATGCGGT-1,6
s2-rna-ACATCGCCACAAGAGG-1,2
s2-rna-ACATCGGCTTACAAGG-1,1
s2-rna-ACATCGTAGACAGGTT-1,4
s2-rna-ACATCGTCGGTCTACC-1,7
s2-rna-ACATCTATCCGAACCA-1,5
s2-rna-ACATCTCGACAACCAC-1,1
s2-rna-ACATCTCGCATAGAAT-1,4
s2-rna-ACATGGATGCGTAAGC-1,1
s2-rna-ACATGTTCCAGGACGT-1,1
s2-rna-ACATGTTGCTTGATCT-1,3
s2-rna-ACATTCCTGAGTTCCG-1,5
s2-rna-ACATTGAAGGCGGTGC-1,3
s2-rna-ACATTGAATACGCATA-1,5
s2-rna-ACATTGCAGTTCGGCA-1,5
s2-rna-ACATTGGTTCACAGTG-1,3
s2-rna-ACATTGGTTCTGCCGT-1,0
s2-rna-ACATTGTACATTCTTG-1,2
s2-rna-ACCAAGCACTTGCGCA-1,8
s2-rna-ACCAAGTGATGGTGAG-1,2
s2-rna-ACCAAGTGGCTGTATG-1,2
s2-rna-ACCAATGAGCCTCATC-1,0
s2-rna-ACCACGGATCCGGATA-1,7
s2-rna-ACCACGGCCTCGCACC-1,0
s2-rna-ACCAGTATGAAGTTCC-1,3
s2-rna-ACCATAACTCCTCGTA-1,4
s2-rna-ACCATCCGTTCGAGTG-1,5
s2-rna-ACCATTAGATCGTGGC-1,2
s2-rna-ACCGAAGATGTCGGCA-1,9
s2-rna-ACCGAAGCCGAATTAA-1,1
s2-rna-ACCGAGGTGATACCGA-1,3
s2-rna-ACCGGACGCCAAGCGT-1,0
s2-rna-ACCGGCACCATACTGC-1,0
s2-rna-ACCGGCACGTACGAAC-1,5
s2-rna-ACCGGCCTCAGGAGTT-1,6
s2-rna-ACCGGCTATCGTGCGG-1,6
s2-rna-ACCGTACACGACCGTC-1,3
s2-rna-ACCGTACTATCGGAGG-1,5
s2-rna-ACCGTAGGCGGAGGTT-1,8
s2-rna-ACCTAATGTTACCAAT-1,1
s2-rna-ACCTAATTGTCGCTGA-1,7
s2-rna-ACCTATAACGAACTAC-1,7
s2-rna-ACCTATGCTACCGGAT-1,0
s2-rna-ACCTCCACAGCTACGT-1,2
s2-rna-ACCTCCTAGAGGCATG-1,2
s2-rna-ACCTGCACTAGATGGC-1,4
s2-rna-ACCTGCCACTATCAAT-1,3
s2-rna-ACCTGCTTATAGTTCG-1,6
s2-rna-ACCTGCTTCCACATTG-1,6
s2-rna-ACCTGCTTGAGCCTGG-1,6
s2-rna-ACCTGCTTGCTACGAC-1,2
s2-rna-ACCTGTGGTCACCTCG-1,6
s2-rna-ACCTTCGGTGCTACGA-1,4
s2-rna-ACGAACATAGGATCGG-1,4
s2-rna-ACGAACGCACGAGCAC-1,7
s2-rna-ACGAAGCTCATCCTCG-1,6
s2-rna-ACGACAAGCACTTCAC-1,1
s2-rna-ACGACTGAAGACTTAC-1,1
s2-rna-ACGAGGACCTGCTAGT-1,2
s2-rna-ACGAGTGCGTGCGTTC-1,5
s2-rna-ACGATGACTATTAGAT-1,3
s2-rna-ACGATGCGAAGGAGCA-1,5
s2-rna-ACGATGCTCCAATACA-1,2
s2-rna-ACGATGTCGCACAATC-1,0
s2-rna-ACGATGTCGTTGCCAA-1,5
s2-rna-ACGATGTTACCTCATT-1,3
s2-rna-ACGCAACGAAGAGTAT-1,6
s2-rna-ACGCAACGTGTAATTG-1,6
s2-rna-ACGCAAGGCATAAGTC-1,8
s2-rna-ACGCAATAGTATACGA-1,6
s2-rna-ACGCACATTGTAAGTA-1,7
s2-rna-ACGCCGGCATCACTGG-1,0
s2-rna-ACGCGGAAGAGTTCCG-1,0
s2-rna-ACGCGTAGACTCAACT-1,4
s2-rna-ACGCGTCGGTGAGGTT-1,9
s2-rna-ACGCGTTCCAGCCTTC-1,0
s2-rna-ACGCGTTCGCGATCAT-1,7
s2-rna-ACGCTCAGTGCTATTC-1,2
s2-rna-ACGCTGCGATTAACGA-1,2
s2-rna-ACGGCCGGAACGCTAG-1,0
s2-rna-ACGGCCGTCAACGTAT-1,2
s2-rna-ACGGCCGTGACATTAA-1,3
s2-rna-ACGGCCTGGCTAAGTT-1,4
s2-rna-ACGGCCTTGCCAGAAC-1,5
s2-rna-ACGGCTATGGCATACC-1,1
s2-rna-ACGGCTTAACGATAGT-1,0
s2-rna-ACGGCTTACGTATGCC-1,7
s2-rna-ACGGCTTATTGGTATG-1,0
s2-rna-ACGGCTTCAGGTACCG-1,8
s2-rna-ACGGCTTCCATCGGAA-1,0
s2-rna-ACGGCTTGTTCAATCG-1,0
s2-rna-ACGGTCGGACAGGCGA-1,5
s2-rna-ACGGTGATAATGTTAC-1,0
s2-rna-ACGGTGTACGGTGCCA-1,6
s2-rna-ACGGTTACATCCGAAG-1,6
s2-rna-ACGGTTCACCTTCCGG-1,3
s2-rna-ACGGTTCGCAAGTAAC-1,5
s2-rna-ACGGTTCGTACAGTTG-1,6
s2-rna-ACGGTTCGTCCGACCG-1,0
s2-rna-ACGTCAGATTACTTCG-1,9
s2-rna-ACGTGCAATTATTCGG-1,9
s2-rna-ACGTTAATACAATGAC-1,3
s2-rna-ACGTTCACATGATCTG-1,7
s2-rna-ACGTTCACGACTAGGT-1,1
s2-rna-ACGTTCCATTACCTCA-1,4
s2-rna-ACGTTCGTCCGCCTAT-1,5
s2-rna-ACGTTCTATGCACGAC-1,2
s2-rna-ACGTTCTGCCATAATC-1,1
s2-rna-ACTAATAGTCAACATA-1,4
s2-rna-ACTAATCGGCCACCGA-1,6
s2-rna-ACTACAATGACCGTAA-1,0
s2-rna-ACTACGTCTAATGGCC-1,6
s2-rna-ACTAGATCTGAAGCGG-1,0
s2-rna-ACTATGAGGTTCTGTC-1,4
s2-rna-ACTATTACCAGGTGCT-1,5
s2-rna-ACTATTAGACAGGCTG-1,0
s2-rna-ACTATTGCGAGCTAGA-1,4
s2-rna-ACTCAGCTCGAGTGTC-1,4
s2-rna-ACTCAGCTTCTGAGAC-1,3
s2-rna-ACTCAGGCCTGCAACT-1,2
s2-rna-ACTCAGTGAGCCTCCA-1,0
s2-rna-ACTCCAGGCCGAAGAC-1,0
s2-rna-ACTCCAGTAGCTCCAG-1,7
s2-rna-ACTCCTATGTTCCTAC-1,2
s2-rna-ACTCGAACGTTCGTTA-1,2
s2-rna-ACTCGAGTCCAAGTTG-1,6
s2-rna-ACTCGATAAGACCAGG-1,2
s2-rna-ACTCGATTGATATCCA-1,0
s2-rna-ACTCGTATTGTCAGAA-1,1
s2-rna-ACTCTAAGCTTGCGCC-1,3
s2-rna-ACTCTACTTCCGCATT-1,3
s2-rna-ACTCTTGCGGAGAACC-1,1
s2-rna-ACTGACGGCGAATAGT-1,7
s2-rna-ACTGACGTGATATTGG-1,1
s2-rna-ACTGACTCTGCTGGCC-1,2
s2-rna-ACTGACTGTCATCTAC-1,0
s2-rna-ACTGAGACCTTAGCAC-1,5
s2-rna-ACTGAGCGCAACTCAT-1,1
s2-rna-ACTGATACTCCATTAC-1,4
s2-rna-ACTGATGTCCACTCGC-1,4
s2-rna-ACTGCAAGGCTTCTCG-1,4
s2-rna-ACTGCCGTTGGTGAGC-1,6
s2-rna-ACTGGTAAGGCCTCAG-1,5
s2-rna-ACTGGTGATTCCGATC-1,0
s2-rna-ACTGGTTCTGAACGAT-1,3
s2-rna-ACTGTACAATTCTACT-1,0
s2-rna-ACTGTACATCCGATAC-1,4
s2-rna-ACTGTAGACAAGGAAT-1,2
s2-rna-ACTGTAGAGTGCCGGC-1,0
s2-rna-ACTGTAGCAGCTTCTG-1,0
s2-rna-ACTGTATTCTAGTCCA-1,4
s2-rna-ACTTAAGCCAGTAGGA-1,5
s2-rna-ACTTGAAGCGAGCGGT-1,3
s2-rna-ACTTGAATGTATTGGA-1,4
s2-rna-ACTTGAATTAACTTAG-1,0
s2-rna-ACTTGAATTAGCCGGT-1,4
s2-rna-ACTTGAGCCGTTCTTA-1,1
s2-rna-AGAACAGGAGCATGGA-1,0
s2-rna-AGAACTTCGATGCGTA-1,2
s2-rna-AGAAGCAGCCTAAGCT-1,3
s2-rna-AGAAGCTTGCCTCCGC-1,0
s2-rna-AGAAGGATGGTATGAA-1,0
s2-rna-AGAAGGCGTAGAATAG-1,1
s2-rna-AGAAGTTAACCAGAGC-1,5
s2-rna-AGAAGTTGAGCGCAAG-1,3
s2-rna-AGAATTCTGTTGACAA-1,2
s2-rna-AGACAAGACGTATCGC-1,2
s2-rna-AGACATCTTAGCACCT-1,1
s2-rna-AGACCGAACCGATGTC-1,9
s2-rna-AGACCGACCGCAGACA-1,2
s2-rna-AGACCGCCGGCCAATG-1,8
s2-rna-AGACCGGACTGTCCAT-1,7
s2-rna-AGACCGGAGCAACGCT-1,5
s2-rna-AGACCGGTATCCGTGG-1,7
s2-rna-AGACCGTCATTAGTTA-1,1
s2-rna-AGACCTATCCTTATAG-1,8
s2-rna-AGACCTCAGCGAGGTG-1,0
s2-rna-AGACCTGATAACAGTG-1,4
s2-rna-AGACCTTCGCGTGAAC-1,1
s2-rna-AGACGCGTGATGCATC-1,7
s2-rna-AGACGGCCTTACGGAG-1,1
s2-rna-AGACGTAGGCGGACCG-1,6
s2-rna-AGACGTGGCGTTGAGT-1,2
s2-rna-AGACTCAGACAGATAA-1,6
s2-rna-AGACTCATGACCTGGC-1,3
s2-rna-AGACTCATTGCGGACA-1,2
s2-rna-AGACTCCGCTTCGTAT-1,9
s2-rna-AGACTCCTGTATGGCG-1,6
s2-rna-AGACTCCTTATCATAC-1,0
s2-rna-AGACTCGACTCCTAAT-1,4
s2-rna-AGACTGGTAAGGAGGT-1,5
s2-rna-AGATAACCAATACGCC-1,5
s2-rna-AGATAAGCCACTCATA-1,8
s2-rna-AGATACAAGGATGGTG-1,7
s2-rna-AGATCAACTCGCTATG-1,3
s2-rna-AGATCAGTCGATAGAA-1,3
s2-rna-AGATCATTCACGCTGT-1,9
s2-rna-AGATCTCCGCCTTATT-1,2
s2-rna-AGATGAGGCGCCTCCA-1,4
s2-rna-AGATGCACGTAGGTGC-1,1
s2-rna-AGATGCTCCGTCATCT-1,0
s2-rna-AGATTGAGTTAGGAAC-1,0
s2-rna-AGATTGCGCCTCGCTC-1,8
s2-rna-AGCACGAGATAACGGT-1,6
s2-rna-AGCACGATACCTAAGC-1,6
s2-rna-AGCACGCTCGATCTAA-1,2
s2-rna-AGCACGGAGGCAGTCA-1,8
s2-rna-AGCACGTGCACTGTAA-1,2
s2-rna-AGCACTCATACAGAAC-1,5
s2-rna-AGCAGGTAAGTATCTG-1,0
s2-rna-AGCAGGTATGCCATTG-1,1
s2-rna-AGCAGGTGCAATGGTT-1,9
s2-rna-AGCATAATTCCAGATA-1,4
s2-rna-AGCATGAGCGAATATT-1,1
s2-rna-AGCATGCACCGCGTCA-1,2
s2-rna-AGCATTAGACGGATTG-1,4
s2-rna-AGCCAGATACTCGAAC-1,4
s2-rna-AGCCAGATCAAGATTC-1,4
s2-rna-AGCCAGCGGCAAGCGT-1,3
s2-rna-AGCCGATGTTCTACTC-1,1
s2-rna-AGCCGGCCTATTCCAG-1,2
s2-rna-AGCCGTAGTGGAGTGC-1,0
s2-rna-AGCCGTATCTTCGTCT-1,0
s2-rna-AGCCGTATTCAACCGT-1,8
s2-rna-AGCCGTTGCATCCTAG-1,0
s2-rna-AGCCTCCGAACTACCA-1,0
s2-rna-AGCCTCGCATGGTCCT-1,5
s2-rna-AGCCTCTGTTCCGATG-1,4
s2-rna-AGCGACTATGTATCTT-1,1
s2-rna-AGCGAGAACAGATTCT-1,1
s2-rna-AGCGAGGAACTGGTCC-1,3
s2-rna-AGCGCATCGTGGTCGA-1,7
s2-rna-AGCGGAATGTCGCTGT-1,1
s2-rna-AGCGGCGAATAATCTT-1,7
s2-rna-AGCGGTACGCCGAGAA-1,1
s2-rna-AGCGGTGAGTGACATG-1,8
s2-rna-AGCGGTGCAGGCATCT-1,2
s2-rna-AGCGGTTAATCGAAGT-1,4
s2-rna-AGCGGTTACAATACGC-1,3
s2-rna-AGCGGTTAGACTCGCC-1,6
s2-rna-AGCGTGCCTGTATGCC-1,4
s2-rna-AGCGTGCGCCTGATCG-1,2
s2-rna-AGCGTGCTTCGCTCAT-1,1
s2-rna-AGCGTGGCACCGACAA-1,1
s2-rna-AGCGTGTATGTACGGT-1,4
s2-rna-AGCGTTACAGTCCTGG-1,2
s2-rna-AGCGTTATACCTGTTG-1,5
s2-rna-AGCGTTGGCTCACGAT-1,5
s2-rna-AGCTACCAGCGTTACT-1,9
s2-rna-AGCTAGCGTACAGTAA-1,4
s2-rna-AGCTATAAGTCCAGCA-1,2
s2-rna-AGCTATAGAATAGTCT-1,8
s2-rna-AGCTCAACATCGTCCG-1,3
s2-rna-AGCTCGACAGGCGATA-1,3
s2-rna-AGCTGACGTAACGCTG-1,0
s2-rna-AGCTGTTCCGGTGATT-1,1
s2-rna-AGCTGTTGAAGGCCTT-1,7
s2-rna-AGCTTCGCTGCGGTCA-1,7
s2-rna-AGCTTGAGTCAGGCCG-1,1
s2-rna-AGCTTGGATGCAAGCC-1,0
s2-rna-AGGAATTACGGTGACG-1,1
s2-rna-AGGACCAGTAACCTAA-1,0
s2-rna-AGGACCAGTGCGCCAG-1,9
s2-rna-AGGACCGCAATAGTTA-1,7
s2-rna-AGGACCGTAGATGCTA-1,2
s2-rna-AGGACCTGTACCATTC-1,3
s2-rna-AGGACGAAGCCTCCTT-1,2
s2-rna-AGGACGAATGCTTCAA-1,2
s2-rna-AGGACGTATCGCCGTA-1,2
s2-rna-AGGACGTCGGCACGAA-1,1
s2-rna-AGGACTAGGACCGCAG-1,1
s2-rna-AGGACTGAAGTGCCTT-1,3
s2-rna-AGGACTGGATGAAGAC-1,3
s2-rna-AGGAGCAGCGTTAATA-1,4
s2-rna-AGGAGCATAATCCACT-1,1
s2-rna-AGGAGCATCACTCAGC-1,8
s2-rna-AGGAGCCGCTGAGTAG-1,7
s2-rna-AGGAGCCTCGAACGTT-1,5
s2-rna-AGGAGCGAATGCGTTA-1,4
s2-rna-AGGAGTACAGTGCATA-1,4
s2-rna-AGGATAACCGGTCGGA-1,6
s2-rna-AGGATACCTCCGAGCG-1,4
s2-rna-AGGATAGAGTTAATCA-1,4
s2-rna-AGGATATCGCGAATAC-1,1
s2-rna-AGGATCAACATTCGTT-1,9
s2-rna-AGGATCCGTGAGGCGG-1,3
s2-rna-AGGATTCTACGCCTAG-1,1
s2-rna-AGGCAACTAGCGTACC-1,1
s2-rna-AGGCAATGTCAGCTGG-1,1
s2-rna-AGGCATTAAGTCTGGC-1,4
s2-rna-AGGCATTACTATAGTA-1,1
s2-rna-AGGCCGCAGAATAACG-1,5
s2-rna-AGGCCTGTCTAGTGGC-1,4
s2-rna-AGGCTGCAGCTCAGGC-1,2
s2-rna-AGGCTGCGCAGCAACT-1,9
s2-rna-AGGCTTAACCGATTGT-1,2
s2-rna-AGGTACAGCTATGATA-1,8
s2-rna-AGGTACCAGACGCCAG-1,0
s2-rna-AGGTCTCACGCCAATA-1,2
s2-rna-AGGTCTTCCATCGCCG-1,1
s2-rna-AGGTGAAGTGACGACT-1,0
s2-rna-AGGTGAATCCACAACC-1,5
s2-rna-AGGTGAGCAATGTCTT-1,5
s2-rna-AGGTGATTGGCGGTAT-1,1
s2-rna-AGGTGGACTTGCCACC-1,6
s2-rna-AGGTGGCACTTGTCAG-1,3
s2-rna-AGGTGGCTGTCGCCAA-1,7
s2-rna-AGGTTACATTCCACGC-1,9
s2-rna-AGGTTAGTGGCCATAG-1,9
s2-rna-AGGTTCCACGCCGAAG-1,3
s2-rna-AGGTTGAGTAGGAGAT-1,3
s2-rna-AGTAAGCTCGGCCAAT-1,1
s2-rna-AGTACATATGTAGGAA-1,4
s2-rna-AGTACCGTTGTACGCC-1,6
s2-rna-AGTAGACAGTAAGGAG-1,3
s2-rna-AGTAGAGCATGGACGT-1,1
s2-rna-AGTATTACGGTATTCG-1,3
s2-rna-AGTATTCAGCTGAATG-1,0
s2-rna-AGTATTCGTCGGTATC-1,0
s2-rna-AGTCACTTATTCAAGG-1,1
s2-rna-AGTCCGTGATCACTAC-1,1
s2-rna-AGTCGCAGGAACGAGT-1,0
s2-rna-AGTCGCCACTCGGCGA-1,6
s2-rna-AGTCGGACCGTGCTTA-1,0
s2-rna-AGTCGGTCTAATCTGT-1,0
s2-rna-AGTCGGTTATACATAG-1,2
s2-rna-AGTCGGTTGGTTGGCG-1,0
s2-rna-AGTCGTTGCCGCCAAC-1,4
s2-rna-AGTCGTTGCCTTACCT-1,5
s2-rna-AGTCTAGGATTGTCAC-1,2
s2-rna-AGTGAGGTCTGTGCTC-1,1
s2-rna-AGTGAGTATTCTAAGT-1,2
s2-rna-AGTGCAATAACTAACA-1,2
s2-rna-AGTGCCAGATGCTCTG-1,2
s2-rna-AGTGCGCAACATGCGT-1,2
s2-rna-AGTGCTTCGCGGACGC-1,4
s2-rna-AGTGGTATGTCCAAGT-1,0
s2-rna-AGTGTACCTCTGTATG-1,1
s2-rna-AGTGTCATGGTTGTGG-1,1
s2-rna-AGTGTCGTGGCATGTT-1,7
s2-rna-AGTGTCTAGGCTAATA-1,0
s2-rna-AGTGTCTGAACTGTGG-1,1
s2-rna-AGTGTCTTAAGCTTGT-1,2
s2-rna-AGTGTTCGAGGATGAA-1,7
s2-rna-AGTTAAGACTGGCTCC-1,1
s2-rna-AGTTACCTCACCAGCA-1,1
s2-rna-AGTTAGAAGGACGAAT-1,4
s2-rna-AGTTATCCTGAACGAA-1,8
s2-rna-AGTTCGGCACATACGG-1,6
s2-rna-AGTTCGTCTAGTGCAG-1,2
s2-rna-AGTTCGTGCAGACCTT-1,0
s2-rna-AGTTCGTGCATGTCGA-1,5
s2-rna-AGTTGGCACCAGTTAC-1,3
s2-rna-AGTTGTACTTAATGGA-1,0
s2-rna-AGTTGTCCACAGACCA-1,2
s2-rna-ATAACCTAGAACCTGC-1,1
s2-rna-ATAACGAAGAGCACGC-1,1
s2-rna-ATAAGAATCATGCATC-1,0
s2-rna-ATAAGACCAATCGCGG-1,0
s2-rna-ATAAGGAATAGAACAT-1,0
s2-rna-ATAAGGCGGACAAGTT-1,0
s2-rna-ATAAGTACCACGAGTT-1,3
s2-rna-ATAATCGTAGTTATTC-1,2
s2-rna-ATAATTAGTTCTACGG-1,1
s2-rna-ATAATTATCGACCACG-1,0
s2-rna-ATACAAGGTCAGTAGA-1,1
s2-rna-ATACAATTGCGGTATT-1,1
s2-rna-ATACATCAAGGATTGC-1,3
s2-rna-ATACATCACGCCTTCT-1,3
s2-rna-ATACATCACTGTCCGG-1,4
s2-rna-ATACATCATGCACCAA-1,7
s2-rna-ATACGACATCTAGACC-1,1
s2-rna-ATACGCTGAGATCAGA-1,3
s2-rna-ATACGGCACGTTACGA-1,0
s2-rna-ATACGGCGACTGGTCT-1,2
s2-rna-ATACTAGCCACTTCGC-1,3
s2-rna-ATACTAGCCATTAGTT-1,6
s2-rna-ATACTAGTAACTGAGT-1,2
s2-rna-ATACTATCAACTTGTA-1,3
s2-rna-ATACTGACTTCGGCAC-1,5
s2-rna-ATACTGGACCACAGCC-1,4
s2-rna-ATACTGGAGGATAACG-1,1
s2-rna-ATAGAACGTTCGATCT-1,0
s2-rna-ATAGAAGGAGCAGTAG-1,0
s2-rna-ATAGAATTCTAGGCCG-1,7
s2-rna-ATAGACATGGCTATGG-1,2
s2-rna-ATAGATGCCTAAGCAC-1,1
s2-rna-ATAGATTGAGTTCGAG-1,2
s2-rna-ATAGCACCTGCTGTCT-1,6
s2-rna-ATAGCTATTCGCACTC-1,3
s2-rna-ATAGCTTCACAACCGT-1,1
s2-rna-ATAGCTTCGTGGAACG-1,1
s2-rna-ATAGGCCGATAGAAGT-1,9
s2-rna-ATAGGCCGGTAATTCT-1,7
s2-rna-ATAGTACTATGGTTCT-1,1
s2-rna-ATAGTCCGCCGTTGGC-1,1
s2-rna-ATAGTGAGTGAGGATT-1,1
s2-rna-ATAGTGTCAGATGTAG-1,7
s2-rna-ATAGTTAAGCCTGCCG-1,5
s2-rna-ATAGTTAAGGCACGAG-1,3
s2-rna-ATAGTTCATCGGATCT-1,0
s2-rna-ATAGTTCCTAGGCCGG-1,4
s2-rna-ATAGTTCGCAGCCGTG-1,8
s2-rna-ATAGTTCGGTTCCAGA-1,5
s2-rna-ATCAAGGAGCTTACAT-1,7
s2-rna-ATCAATCTGCAGGACC-1,0
s2-rna-ATCAATGGTTGTACCT-1,4
s2-rna-ATCACCAGTTCGGCGA-1,9
s2-rna-ATCACGTTCAATGATA-1,2
s2-rna-ATCAGATACCAGCTGT-1,9
s2-rna-ATCAGTAAGCTCGCCG-1,1
s2-rna-ATCATTCACCAGATTG-1,8
s2-rna-ATCATTCCAACTTCGC-1,3
s2-rna-ATCATTGTCCATGCCA-1,6
s2-rna-ATCCAACGCCACATCG-1,0
s2-rna-ATCCACATGTTGGACC-1,0
s2-rna-ATCCACTCGTACTCGG-1,6
s2-rna-ATCCGAGTACAGGAAT-1,4
s2-rna-ATCCGAGTACCACGTG-1,2
s2-rna-ATCCGAGTCACTTGTA-1,5
s2-rna-ATCCGATGACCTCGGA-1,9
s2-rna-ATCCGATGTCTGTCAC-1,2
s2-rna-ATCCGGATCGCCGTAT-1,8
s2-rna-ATCCGGATGACGTAAC-1,2
s2-rna-ATCCGGTATCACAAGT-1,1
s2-rna-ATCCGTAGCTTCAGTA-1,1
s2-rna-ATCCGTAGTGTCGCTC-1,0
s2-rna-ATCCGTGGAACTTCAA-1,2
s2-rna-ATCCTCCAGCCATTGT-1,7
s2-rna-ATCCTCGTTCCAGGCC-1,1
s2-rna-ATCGAACATGCTAAGC-1,2
s2-rna-ATCGAATCTAGCAGAC-1,4
s2-rna-ATCGACAGCGGCAACA-1,6
s2-rna-ATCGACCGGAGTATCG-1,5
s2-rna-ATCGATGTCAGATAGA-1,1
s2-rna-ATCGCAATGCACTAAC-1,2
s2-rna-ATCGCAGTAACTTATT-1,1
s2-rna-ATCGCAGTCTATGGCA-1,0
s2-rna-ATCGCATCACGCATCT-1,5
s2-rna-ATCGGCTCTATGCCTC-1,0
s2-rna-ATCGTAACTACCTCTT-1,1
s2-rna-ATCGTAATCCACATGC-1,0
s2-rna-ATCGTACAACTGGCTA-1,4
s2-rna-ATCGTACACCTATGCC-1,6
s2-rna-ATCGTAGCATGTAGAT-1,7
s2-rna-ATCGTATTACTCGGAG-1,1
s2-rna-ATCGTATTGGAATCCT-1,0
s2-rna-ATCGTCACCATGTCAC-1,3
s2-rna-ATCGTCAGTTAGTCCA-1,2
s2-rna-ATCGTCTTAACGAAGG-1,8
s2-rna-ATCTACAGGAGTGCAC-1,0
s2-rna-ATCTACCATATTCCAG-1,2
s2-rna-ATCTACGACAGCTCTT-1,2
s2-rna-ATCTACTCACATCTCC-1,1
s2-rna-ATCTCCTTGCGATACA-1,2
s2-rna-ATCTGAAGTATGCACG-1,7
s2-rna-ATCTGACCGGAGTCCT-1,5
s2-rna-ATCTGAGGAACGGTTG-1,1
s2-rna-ATCTGATACTTCATTA-1,5
s2-rna-ATCTGCCGTCTACAGC-1,3
s2-rna-ATCTGGATCCTCAGAC-1,0
s2-rna-ATCTGTACGCGTCTCC-1,1
s2-rna-ATCTTAGACGCCTACT-1,5
s2-rna-ATCTTAGATAGGTTCA-1,1
s2-rna-ATCTTAGTGGCATGGA-1,4
s2-rna-ATCTTATCAGCAATAC-1,4
s2-rna-ATCTTCGGACATACTA-1,1
s2-rna-ATCTTGGCTTCGTCCT-1,0
s2-rna-ATGAACAATCGATGCG-1,3
s2-rna-ATGAAGCTGAATCCAG-1,3
s2-rna-ATGACACTAATCGCAC-1,1
s2-rna-ATGACCAGACGGCCGG-1,8
s2-rna-ATGACCTCACGCACTG-1,4
s2-rna-ATGACCTCACTTAACC-1,0
s2-rna-ATGACGAGATCATTAA-1,5
s2-rna-ATGAGCTACATGGAAG-1,4
s2-rna-ATGAGCTATTCGAAGA-1,9
s2-rna-ATGAGTACGCTTCCTA-1,0
s2-rna-ATGATAATTCCTTGCG-1,0
s2-rna-ATGATATCTAGTCTTA-1,0
s2-rna-ATGATTGATTCCGAAT-1,2
s2-rna-ATGCATCCTGACTCAC-1,3
s2-rna-ATGCATGCCTGCGATG-1,2
s2-rna-ATGCATGGTTCCGCCT-1,3
s2-rna-ATGCATGGTTGCTGTA-1,2
s2-rna-ATGCATGTATGTGAGT-1,3
s2-rna-ATGCATGTCACTCGTG-1,7
s2-rna-ATGCCAGCTGCCATCT-1,1
s2-rna-ATGCCGTTGTGAAGCG-1,0
s2-rna-ATGCCTTCGTAAGTTA-1,3
s2-rna-ATGCTACTGAATAGTA-1,7
s2-rna-ATGCTCCAACCTGGCC-1,4
s2-rna-ATGCTCCGTTCTACTG-1,2
s2-rna-ATGCTCGCCTCCAATT-1,2
s2-rna-ATGCTGAATGCAATAG-1,2
s2-rna-ATGCTGCCTACTGCAT-1,4
s2-rna-ATGCTTACTCTAGGAA-1,1
s2-rna-ATGCTTGGACGAACTT-1,1
s2-rna-ATGGAGCGCACTCGGT-1,7
s2-rna-ATGGAGGCCACGGCTT-1,4
s2-rna-ATGGAGTAATCGGACC-1,3
s2-rna-ATGGAGTCTTCGCAGT-1,5
s2-rna-ATGGCATTATGGCTCG-1,2
s2-rna-ATGGTAACGGACCGGA-1,3
s2-rna-ATGTAAGAGCCACCTC-1,0
s2-rna-ATGTAATTGTCGTTCG-1,0
s2-rna-ATGTACAGTGCCTATG-1,3
s2-rna-ATGTACATCGTGGTTA-1,3
s2-rna-ATGTACATGAACTCCG-1,0
s2-rna-ATGTACCATTATTGTC-1,9
s2-rna-ATGTACCGATCCAGAA-1,1
s2-rna-ATGTACTACCGACTTC-1,3
s2-rna-ATGTACTCTGCAGCAC-1,8
s2-rna-ATGTAGAAGCGAATAG-1,7
s2-rna-ATGTAGCCGACCAAGG-1,5
s2-rna-ATGTAGGTAACCGTAC-1,6
s2-rna-ATGTAGGTTGGCGAGG-1,5
s2-rna-ATGTATCCAAGGTGGC-1,7
s2-rna-ATGTATCCATAAGTTG-1,2
s2-rna-ATGTATCGGAATACGG-1,2
s2-rna-ATGTATGAGTACCGGA-1,3
s2-rna-ATGTCATACTTAGACC-1,5
s2-rna-ATGTCGGACTGAAGTA-1,1
s2-rna-ATGTCGGATAAGCCGA-1,1
s2-rna-ATGTCGGCTGTCGTAA-1,3
s2-rna-ATGTCGTTACCAGACG-1,5
s2-rna-ATGTCTAACTGGCGAA-1,9
s2-rna-ATGTGAATCCATACGA-1,7
s2-rna-ATGTGAATTGCTGACC-1,3
s2-rna-ATGTGATCCGTCTAAC-1,0
s2-rna-ATGTGCGTCTGAACAG-1,3
s2-rna-ATGTGCTAACATCGAA-1,4
s2-rna-ATGTGCTTGTGCTACC-1,6
s2-rna-ATGTTAAGATTACTGA-1,0
s2-rna-ATGTTAGACTATCTCA-1,4
s2-rna-ATGTTCGCAGAAGTCT-1,5
s2-rna-ATGTTCTGCCTTATCT-1,3
s2-rna-ATTAAGAACAGCTCCG-1,1
s2-rna-ATTAAGAATAACGCTT-1,1
s2-rna-ATTAAGCGTCCTGCCG-1,9
s2-rna-ATTAAGTGGCCTAAGG-1,2
s2-rna-ATTACAAGCAAGTGTC-1,4
s2-rna-ATTACATTGAAGTATG-1,3
s2-rna-ATTACCTTCGCAGAAG-1,3
s2-rna-ATTACTCCGTGAAGCG-1,2
s2-rna-ATTACTGAGTGCCTCC-1,3
s2-rna-ATTACTGTACGCGGTG-1,2
s2-rna-ATTACTGTCGCATATT-1,3
s2-rna-ATTAGACCAAGTATAC-1,7
s2-rna-ATTAGATAAGACGGCG-1,0
s2-rna-ATTAGCAGGATGTATT-1,0
s2-rna-ATTAGCCTCACTTCTA-1,6
s2-rna-ATTAGCCTCAGTAGAT-1,9
s2-rna-ATTAGCGAGCATGCTG-1,0
s2-rna-ATTAGTCGTGTTATGC-1,4
s2-rna-ATTAGTGAGGTATCGC-1,3
s2-rna-ATTAGTGCTTGGTCAT-1,1
s2-rna-ATTAGTTCACAGACTC-1,3
s2-rna-ATTATCACAACTCGGC-1,6
s2-rna-ATTATCAGTTCGATGC-1,4
s2-rna-ATTATCCAGGTGAAGT-1,2
s2-rna-ATTATCGAGTGCAGAT-1,3
s2-rna-ATTATCTAGATTAACG-1,1
s2-rna-ATTATCTTATTGAGAC-1,0
s2-rna-ATTATGATACTGCGCA-1,7
s2-rna-ATTATGCCATCGTTAA-1,9
s2-rna-ATTATGTTAAGGTAGT-1,5
s2-rna-ATTCAAGATTAGTTGC-1,2
s2-rna-ATTCACATAGGATGAG-1,1
s2-rna-ATTCACATCTTATTCT-1,1
s2-rna-ATTCACCTGACCAGTT-1,2
s2-rna-ATTCACGCTGTTATCG-1,0
s2-rna-ATTCACGTCGCAGGCT-1,3
s2-rna-ATTCACTCACGTGCAC-1,8
s2-rna-ATTCAGCTCCTACTAA-1,0
s2-rna-ATTCAGTCACCGCCAT-1,4
s2-rna-ATTCATAGCGAAGCGT-1,8
s2-rna-ATTCCATTGTGAACGC-1,0
s2-rna-ATTCCGCAACGCCGCT-1,6
s2-rna-ATTCCGCTCCATCAGC-1,3
s2-rna-ATTCCGGACCGGTCTT-1,7
s2-rna-ATTCCGGTTACATACC-1,8
s2-rna-ATTCCGTAAGGATTCC-1,0
s2-rna-ATTCCTGCCTTAACAG-1,3
s2-rna-ATTCCTTCGAAGGTGC-1,0
s2-rna-ATTCGCTCGCGGAGGC-1,2
s2-rna-ATTCGGAAGCTATTAC-1,2
s2-rna-ATTCGTGCCGACATGT-1,6
s2-rna-ATTCGTTAGAATTCGG-1,7
s2-rna-ATTCTACGTGGCAGAT-1,8
s2-rna-ATTCTACTGGTCGTTC-1,2
s2-rna-ATTCTAGGACATCAGT-1,2
s2-rna-ATTCTAGTCCACAAGA-1,8
s2-rna-ATTCTGAGTACTGTAG-1,3
s2-rna-ATTCTTGAGGCGACGC-1,9
s2-rna-ATTCTTGGAGTGATAG-1,5
s2-rna-ATTGACGAGCAGCGAC-1,4
s2-rna-ATTGACGCATCTCAAC-1,3
s2-rna-ATTGACGCCACCTTCT-1,4
s2-rna-ATTGACGCCAGCCAAG-1,1
s2-rna-ATTGACTTATGTGGTA-1,4
s2-rna-ATTGATAACACTAAGA-1,0
s2-rna-ATTGCACGACCACTTG-1,8
s2-rna-ATTGCACGCATAACAG-1,4
s2-rna-ATTGCAGTTCTTCATT-1,0
s2-rna-ATTGCATATTGTTATC-1,4
s2-rna-ATTGCATCACTGACTG-1,0
s2-rna-ATTGCCTGATGTGCGG-1,7
s2-rna-ATTGCCTTACGCAGTT-1,4
s2-rna-ATTGCCTTGTCTAAGT-1,4
s2-rna-ATTGCGTAGTTAGGAG-1,9
s2-rna-ATTGGCCTAGGAATCG-1,7
s2-rna-ATTGGCCTTCCGTGCA-1,4
s2-rna-ATTGGCGAATTGCACT-1,7
s2-rna-ATTGGCTAACAGACAA-1,2
s2-rna-ATTGTTAAGTAGACTA-1,5
s2-rna-ATTGTTACGACTAGCG-1,5
s2-rna-ATTGTTATACTTCACG-1,9
s2-rna-CAACAGGTCAGAGGAC-1,9
s2-rna-CAACCGTACTGATCTT-1,7
s2-rna-CAACCGTATTACTGTA-1,6
s2-rna-CAACCGTTAACAGACC-1,7
s2-rna-CAACGCTTGCTCCTAC-1,5
s2-rna-CAACGGCACTCAGTCC-1,6
s2-rna-CAACTGACAAGACAAG-1,7
s2-rna-CAACTGCAGTGCAATA-1,1
s2-rna-CAACTGCATTCGACTC-1,9
s2-rna-CAACTGCTGGAGTTAT-1,0
s2-rna-CAACTTGGACATAGAT-1,3
s2-rna-CAACTTGGTACGATGT-1,1
s2-rna-CAAGACCACTATCGAA-1,1
s2-rna-CAAGATAAGTGCAATG-1,3
s2-rna-CAAGATTACCGATCAT-1,6
s2-rna-CAAGATTAGATGAGTT-1,8
s2-rna-CAAGATTCGTCAGCTG-1,1
s2-rna-CAAGCCGCCATAGAGG-1,8
s2-rna-CAAGCCTCCACTATCT-1,7
s2-rna-CAAGGCAAGCATCTCG-1,6
s2-rna-CAAGGTCTCAATACAG-1,4
s2-rna-CAAGTACTCCGCATCG-1,6
s2-rna-CAAGTACTTATTAAGC-1,9
s2-rna-CAAGTACTTCAATAGT-1,1
s2-rna-CAAGTAGCCTCGATCC-1,1
s2-rna-CAAGTATCGGCAACCA-1,5
s2-rna-CAAGTCCGCTACCGTT-1,0
s2-rna-CAAGTCGCAGTCACTC-1,4
s2-rna-CAAGTCTTGGCGATAG-1,4
s2-rna-CAAGTGAATTGGATGC-1,9
s2-rna-CAAGTGTTCGCCACGC-1,3
s2-rna-CAAGTGTTGACGGCCA-1,3
s2-rna-CAATAACTACATTAAC-1,2
s2-rna-CAATAACTCAAGGCAA-1,1
s2-rna-CAATAAGAACCGACTT-1,7
s2-rna-CAATAAGCGGCCAGAT-1,0
s2-rna-CAATAAGGTAACTCGT-1,9
s2-rna-CAATAATCGTAGGATA-1,4
s2-rna-CAATCCGAGGTGCTAG-1,4
s2-rna-CAATCGTCGGAGCATG-1,3
s2-rna-CAATCGTGAAGTGATA-1,0
s2-rna-CAATCTATGAGGTCAG-1,0
s2-rna-CAATCTGAGTCGACTC-1,4
s2-rna-CAATCTTATTAGAATG-1,4
s2-rna-CAATGCAGATCATAGA-1,4
s2-rna-CAATGCATTGACGGCA-1,5
s2-rna-CAATGCGGATGCTGGT-1,8
s2-rna-CAATGGCTGAGCGATT-1,4
s2-rna-CAATTGAACCGGCTCG-1,9
s2-rna-CAATTGTTGACGTGAG-1,3
s2-rna-CACCAGGCACGCTATC-1,4
s2-rna-CACCATAAGCTGGCTG-1,2
s2-rna-CACCATTCTTACGAGC-1,8
s2-rna-CACCGAGTCTTGGACA-1,0
s2-rna-CACCTACATGATTGAT-1,9
s2-rna-CACCTACCGCTACCTT-1,2
s2-rna-CACCTAGAATACTTCT-1,3
s2-rna-CACCTAGACGAGCCGG-1,6
s2-rna-CACCTATTACTCAGAT-1,7
s2-rna-CACCTCGAGCGATGCT-1,2
s2-rna-CACCTCGAGGACTCTA-1,0
s2-rna-CACCTTAGCTATTGTC-1,1
s2-rna-CACCTTGCGAGTTATG-1,7
s2-rna-CACGAGGCCATCCACT-1,1
s2-rna-CACGAGGTATAGGTAT-1,1
s2-rna-CACGATCATACAATTA-1,6
s2-rna-CACGCCACAATCGCAC-1,4
s2-rna-CACGCCACTCCTTCAT-1,7
s2-rna-CACGCTTATCAATCTT-1,7
s2-rna-CACGGATTCTCATCAC-1,0
s2-rna-CACGGCGATACATACG-1,9
s2-rna-CACGGCTGCGCTTGGC-1,1
s2-rna-CACGGCTTACTCCGTT-1,1
s2-rna-CACGGTCTTGGTTAAT-1,5
s2-rna-CACGTACGTAGCTCAT-1,2
s2-rna-CACGTAGGTAGGCTGA-1,2
s2-rna-CACGTCAAGTGCGATC-1,2
s2-rna-CACGTCCAATTCGACT-1,9
s2-rna-CACGTCCACGACCTAT-1,1
s2-rna-CACGTCCATCTACTGA-1,0
s2-rna-CACGTGGCGGCACTAG-1,1
s2-rna-CACGTTGCACATACCG-1,1
s2-rna-CACTACAATATTGCGG-1,2
s2-rna-CACTACCATACGCAGA-1,6
s2-rna-CACTACCTTCGCTTCA-1,5
s2-rna-CACTACTGCGGAATTG-1,1
s2-rna-CACTACTGGCTGAACC-1,3
s2-rna-CACTAGTCGACATCTA-1,1
s2-rna-CACTCAAGACCATGCA-1,5
s2-rna-CACTCAAGACGGACTA-1,7
s2-rna-CACTCAATAAGCCGAA-1,8
s2-rna-CACTCAATGGTTCGGA-1,7
s2-rna-CACTCAGTACTCCGCT-1,3
s2-rna-CACTCAGTGGTCCTTC-1,3
s2-rna-CACTCATCACGTTACG-1,1
s2-rna-CACTGGATCGATACGA-1,7
s2-rna-CACTGGCCAGCCAGAT-1,1
s2-rna-CACTGGCGGTAACACC-1,2
s2-rna-CACTGGTGAGACGCTT-1,3
s2-rna-CACTGGTGAGTTATCG-1,2
s2-rna-CACTGGTGGCGTCGTT-1,4
s2-rna-CACTTGACATTCAGAA-1,0
s2-rna-CAGAACATGATAGGAC-1,9
s2-rna-CAGAACGTATCGACTT-1,5
s2-rna-CAGAAGATTAGAATGG-1,3
s2-rna-CAGAAGTCGCGGTTAT-1,0
s2-rna-CAGAATTCTTGAACCA-1,8
s2-rna-CAGACACTTACAAGAC-1,5
s2-rna-CAGACAGTCGGATCTG-1,1
s2-rna-CAGACGAATGAGGAAC-1,2
s2-rna-CAGACGATACAGATCG-1,5
s2-rna-CAGACGCACTACTGAC-1,4
s2-rna-CAGACGCAGTAGGTCT-1,0
s2-rna-CAGAGCAATGGCTTCT-1,4
s2-rna-CAGAGGCACTTAAGTC-1,2
s2-rna-CAGAGGCGAATTGCCA-1,9
s2-rna-CAGAGTCAATCCGCTG-1,4
s2-rna-CAGAGTCATGTACAGG-1,9
s2-rna-CAGATACAGCACTCGT-1,0
s2-rna-CAGATTATCATAACGC-1,3
s2-rna-CAGATTCCGTATGCGA-1,1
s2-rna-CAGATTGCCTGTAAGT-1,0
s2-rna-CAGCACGCTAATCAGA-1,0
s2-rna-CAGCATAGACTAGGCA-1,3
s2-rna-CAGCATCCTCGCCACT-1,4
s2-rna-CAGCCAACGATAGCTT-1,0
s2-rna-CAGCCAGTCCTGTCGG-1,3
s2-rna-CAGCCATGTCTGCCGT-1,1
s2-rna-CAGCCTCGTGGCTCAC-1,0
s2-rna-CAGCCTGGTTGAACTA-1,4
s2-rna-CAGCGATAACTGAACC-1,2
s2-rna-CAGCGATAATGCGATT-1,0
s2-rna-CAGCTCCTCGGATTCT-1,2
s2-rna-CAGCTGGATGCGGCTA-1,0
s2-rna-CAGCTGGCGATAAGTG-1,0
s2-rna-CAGCTGTTGCCGGAGT-1,3
s2-rna-CAGCTTCACTACCGTG-1,5
s2-rna-CAGCTTGGTTCGGTCG-1,1
s2-rna-CAGGACAGAAGGCTGG-1,1
s2-rna-CAGGACATGGTAATGC-1,6
s2-rna-CAGGAGCGTATCGCAT-1,1
s2-rna-CAGGCCAACAGCGAGT-1,5
s2-rna-CAGGCCAACGGTCGTA-1,8
s2-rna-CAGGCCGTATCTGTTA-1,1
s2-rna-CAGGCGAGGTCTTGGA-1,6
s2-rna-CAGTAATATCACTACG-1,4
s2-rna-CAGTACAGTTGTGGAA-1,1
s2-rna-CAGTAGATTGACGGAT-1,1
s2-rna-CAGTATACTGCAGCAA-1,0
s2-rna-CAGTATCTTACACTAA-1,5
s2-rna-CAGTATGCGTGGCGCT-1,0
s2-rna-CAGTCAGCCGATCCGG-1,1
s2-rna-CAGTCTGGTAATCTAC-1,2
s2-rna-CAGTCTGTGGCGCTGC-1,0
s2-rna-CAGTGAACAGCAACGA-1,6
s2-rna-CAGTGAAGATACATAA-1,6
s2-rna-CAGTGCCTTGCGGTCT-1,3
s2-rna-CAGTTGCAACCGAGAT-1,5
s2-rna-CAGTTGCACGGACAGG-1,4
s2-rna-CAGTTGCGACTTCTCG-1,1
s2-rna-CAGTTGCTCACGTGTC-1,0
s2-rna-CATACAATGAGTAGCT-1,2
s2-rna-CATACCTCGATTGTTC-1,1
s2-rna-CATAGAACATTGAACA-1,0
s2-rna-CATAGCTTGACAACGG-1,0
s2-rna-CATATCAGACTATCCA-1,4
s2-rna-CATATCCGTTCACCTC-1,4
s2-rna-CATATGTTGACTGGCG-1,5
s2-rna-CATATTCATCCGCATT-1,9
s2-rna-CATATTCTTGTCGTAA-1,4
s2-rna-CATCAGATACTAATCG-1,1
s2-rna-CATCAGGTAGGACCGT-1,0
s2-rna-CATCAGGTGCCTGATA-1,6
s2-rna-CATCAGTAATCAGACA-1,7
s2-rna-CATCCGAAGCGTATGG-1,2
s2-rna-CATCCGCCTAAGGAAC-1,1
s2-rna-CATCCGGTACCAACGA-1,5
s2-rna-CATCCGTGCGGTCTAC-1,1
s2-rna-CATCCGTGGTCGTAAG-1,2
s2-rna-CATCCTAGTGGTATGT-1,5
s2-rna-CATCCTGGTACCTGCT-1,8
s2-rna-CATCCTTCGACTAAGT-1,4
s2-rna-CATCGCGGTCGGTGCG-1,1
s2-rna-CATCGGATCCTACCTG-1,5
s2-rna-CATCGGCATGTCGAAG-1,5
s2-rna-CATCGGCCTGCATATC-1,1
s2-rna-CATCGGTAGCGTCCGA-1,5
s2-rna-CATCTGGCCATACTAG-1,7
s2-rna-CATGATAGGCCATGAG-1,2
s2-rna-CATGATGCATGTGCTA-1,2
s2-rna-CATGATGCTAGCCATG-1,2
s2-rna-CATGCACGCCGACGGA-1,7
s2-rna-CATGCAGAAGTCAGGA-1,0
s2-rna-CATGCATATGACGTCG-1,5
s2-rna-CATGCATATTCTGCCT-1,4
s2-rna-CATGCGCTACTGGAGG-1,9
s2-rna-CATGCGGCCGGAATTC-1,5
s2-rna-CATGCTCATCTGAACG-1,2
s2-rna-CATGGCTACTGTACGT-1,5
s2-rna-CATGGTGAGGCAGCAT-1,7
s2-rna-CATGTCCACCTGCGTC-1,0
s2-rna-CATGTTACCGAAGGCG-1,8
s2-rna-CATGTTATTGATGCAG-1,0
s2-rna-CATTAACTATTGTTCC-1,3
s2-rna-CATTAGGATAGTGAAT-1,3
s2-rna-CATTAGGCAATGGTTA-1,6
s2-rna-CATTCTCCAGTCACCA-1,3
s2-rna-CATTCTGTGCATGCTC-1,7
s2-rna-CATTGCAGCGAAGACC-1,4
s2-rna-CATTGCGTGCCACCTT-1,2
s2-rna-CATTGCTATGTTAGCT-1,5
s2-rna-CATTGGCGGTTGAGTC-1,1
s2-rna-CATTGTCGGTCGCTAG-1,4
s2-rna-CCAACAGGAACACGGT-1,1
s2-rna-CCAACTTGCCACCGTA-1,0
s2-rna-CCAACTTGCGTTAACC-1,4
s2-rna-CCAAGCTGGCCATTGC-1,5
s2-rna-CCAATACCAACACGCC-1,6
s2-rna-CCAATCTAACGTGACG-1,6
s2-rna-CCAATCTTGCCTATGG-1,8
s2-rna-CCAATTATGACACTGG-1,1
s2-rna-CCACAGGAAGATGTGC-1,7
s2-rna-CCACATGGCGACGTCT-1,8
s2-rna-CCACGAACGCTGCCGC-1,2
s2-rna-CCACGATCCTAATCCG-1,6
s2-rna-CCACGGTACACCAACC-1,0
s2-rna-CCACGTCGGTCGCTTC-1,0
s2-rna-CCACGTGCCACCTCAA-1,1
s2-rna-CCACGTGGACTGCGGT-1,4
s2-rna-CCACTAATCACCGGTA-1,0
s2-rna-CCACTCCAGCACCTAC-1,4
s2-rna-CCAGAACCGTGCATCC-1,9
s2-rna-CCAGACAATATCGTTA-1,3
s2-rna-CCAGACAGAACCTAAG-1,6
s2-rna-CCAGACATCCGGTTCT-1,0
s2-rna-CCAGACATCGGCACGC-1,3
s2-rna-CCAGATAGACGAGGTG-1,6
s2-rna-CCAGATGATATGTAGG-1,3
s2-rna-CCAGATTGTAGCCTAC-1,0
s2-rna-CCAGCACTCGACTGAC-1,1
s2-rna-CCAGCGGATTCCGCTG-1,0
s2-rna-CCAGGTCCACATCCAT-1,1
s2-rna-CCAGGTTACGAGACTG-1,1
s2-rna-CCAGTGTCACAGCGCC-1,0
s2-rna-CCAGTTGTGATGCAAG-1,4
s2-rna-CCATAGTATTGTCTGC-1,6
s2-rna-CCATAGTTCGAGTAAG-1,5
s2-rna-CCATCTGTGGCATCGT-1,1
s2-rna-CCATGAACAATGCTCC-1,9
s2-rna-CCATGGTTCCAATGTC-1,7
s2-rna-CCATTATCGTTACCTT-1,4
s2-rna-CCATTCGTCTGCTCTA-1,6
s2-rna-CCATTGGCAATTCTCA-1,0
s2-rna-CCGAAGCCAGGTTCAG-1,7
s2-rna-CCGACAACGTCATCGG-1,1
s2-rna-CCGACAAGACTGTACT-1,2
s2-rna-CCGACAGACTGTGCCT-1,0
s2-rna-CCGAGGATGACTCGTC-1,1
s2-rna-CCGATAATGGAGCCTT-1,3
s2-rna-CCGATGGAACATCAGC-1,1
s2-rna-CCGATTAGCGAGTGTA-1,1
s2-rna-CCGATTCCATAAGAGT-1,9
s2-rna-CCGATTCCTCACTACA-1,2
s2-rna-CCGCAAGGAAGGAGGC-1,8
s2-rna-CCGCAAGGTACCGTTG-1,1
s2-rna-CCGCAAGTAGCGGACT-1,1
s2-rna-CCGCAATCCGTGGTTG-1,9
s2-rna-CCGCATAGTACAGGTT-1,4
s2-rna-CCGCATGTAGTTAGAC-1,8
s2-rna-CCGCCACTGCGTTGGC-1,8
s2-rna-CCGCCATACTTCACCA-1,2
s2-rna-CCGCGACCGTAGCTAT-1,4
s2-rna-CCGCGAGGTGCGATGG-1,5
s2-rna-CCGCGTATCGTTGCAG-1,1
s2-rna-CCGCGTCGTTGGTCTG-1,1
s2-rna-CCGCGTTACCTTGGCG-1,3
s2-rna-CCGCTCAATCTGGAAC-1,6
s2-rna-CCGCTCATACAAGTCA-1,8
s2-rna-CCGCTCGCTAGTCTAA-1,1
s2-rna-CCGCTCTGCTGAATTC-1,2
s2-rna-CCGCTCTGGATATCGG-1,4
s2-rna-CCGCTGTCACCTGCAA-1,0
s2-rna-CCGCTGTTGCCATACG-1,3
s2-rna-CCGGAGAAGCTAACCA-1,2
s2-rna-CCGGAGACAAGAATAA-1,5
s2-rna-CCGGATCTCCGAAGCG-1,5
s2-rna-CCGGCAATGAAGTGAA-1,1
s2-rna-CCGGCATAGGCAAGTG-1,4
s2-rna-CCGGCGAACCGTGCAC-1,7
s2-rna-CCGGCGCAGCATGCGA-1,1
s2-rna-CCGGCGCTAAGGATGA-1,0
s2-rna-CCGGCGTCCTCATTGT-1,1
s2-rna-CCGGCGTCTTAATAAG-1,3
s2-rna-CCGTATAATCTGGCCG-1,1
s2-rna-CCGTCTTATGGACGAG-1,1
s2-rna-CCGTGAAGGATAACAG-1,2
s2-rna-CCGTGCACATCTGGCA-1,9
s2-rna-CCGTGCTGGCAATATG-1,5
s2-rna-CCGTGGCGTCGGTGCT-1,4
s2-rna-CCTAACGCGATTGCAT-1,9
s2-rna-CCTAACTTATGTTGGA-1,2
s2-rna-CCTAAGCATGCCTTGT-1,0
s2-rna-CCTAATAGCGGACAGA-1,4
s2-rna-CCTAATCAGGCCATTA-1,2
s2-rna-CCTAATCCACAAGGAT-1,0
s2-rna-CCTAATCGGCAGTCAC-1,7
s2-rna-CCTAATGGCACTGTTC-1,6
s2-rna-CCTACACCGACATTAC-1,2
s2-rna-CCTACCACTCCAGTTA-1,8
s2-rna-CCTACCATCGCAGTAT-1,2
s2-rna-CCTACCATGTGATCAC-1,3
s2-rna-CCTACGAGCTGGCCGG-1,2
s2-rna-CCTAGCCTAGTACCGG-1,6
s2-rna-CCTAGCCTTCATCGGC-1,3
s2-rna-CCTAGTCAGCGAACCA-1,9
s2-rna-CCTAGTCAGTCCTTAT-1,1
s2-rna-CCTATGATGGTCAATG-1,5
s2-rna-CCTATGCCAGCAATCC-1,3
s2-rna-CCTATGCCGTCGGCAC-1,1
s2-rna-CCTATGCCTTCTTGTT-1,0
s2-rna-CCTATGTCTTACCGGC-1,1
s2-rna-CCTCACAATACAACTG-1,0
s2-rna-CCTCACATGTACCTGG-1,5
s2-rna-CCTCACATGTCTTACT-1,8
s2-rna-CCTCACCTAGTGGCAA-1,0
s2-rna-CCTCACGTTACTCGCA-1,4
s2-rna-CCTCACTTCCTTCCGA-1,0
s2-rna-CCTCATGATTATCTGA-1,3
s2-rna-CCTCCGAAGCTGTACC-1,5
s2-rna-CCTCGATAGAATAGGA-1,1
s2-rna-CCTCGGAAGGCATGCA-1,6
s2-rna-CCTCGGATCTTGCGGT-1,3
s2-rna-CCTCGGCGCCGATTGA-1,4
s2-rna-CCTCGGTATGACAGTA-1,1
s2-rna-CCTCTACCGTGATTGG-1,3
s2-rna-CCTCTATGTTGCTTAT-1,1
s2-rna-CCTCTTCGAGCGGTTG-1,4
s2-rna-CCTGAAGCAATGCACG-1,6
s2-rna-CCTGAAGCGTATAGCA-1,2
s2-rna-CCTGAAGTGCATGCAT-1,1
s2-rna-CCTGCTCGCCGTCCAG-1,7
s2-rna-CCTGGATTGCGTAACA-1,5
s2-rna-CCTGGCATACCTGTCA-1,3
s2-rna-CCTGGCTTATGGTCTG-1,3
s2-rna-CCTGTCCTCAGTTGTA-1,2
s2-rna-CCTGTCTAAGTAGGCT-1,4
s2-rna-CCTGTCTGATAGGTGA-1,3
s2-rna-CCTGTCTGCATAGGTC-1,1
s2-rna-CCTGTCTTACAATCCT-1,0
s2-rna-CCTTAGATCTGTAATA-1,4
s2-rna-CCTTAGTCTGTCACTG-1,8
s2-rna-CCTTAGTTATACCAGA-1,0
s2-rna-CCTTATGAGGCGTTCC-1,4
s2-rna-CCTTCACCGACGGACA-1,0
s2-rna-CCTTCCAACCTTCAGA-1,3
s2-rna-CCTTCCACTGCCTAAG-1,4
s2-rna-CCTTCCGCTCCGGCAT-1,1
s2-rna-CCTTGTCTACTTAGAC-1,0
s2-rna-CCTTGTCTTACGGTTC-1,0
s2-rna-CCTTGTGATGGTCTAG-1,1
s2-rna-CGAACCAGAAGTCTGG-1,8
s2-rna-CGAACGTGAAGTCCAA-1,5
s2-rna-CGAACTACAGATGTAA-1,6
s2-rna-CGAAGACCGCCAGGCG-1,0
s2-rna-CGAAGATCCGAAGGCA-1,5
s2-rna-CGAAGTCGTTGGCTCG-1,0
s2-rna-CGAATCCTGATAGGTG-1,4
s2-rna-CGAATGGACCGTCTTG-1,2
s2-rna-CGAATTACTGCTCCGG-1,5
s2-rna-CGACAAGTACTCCTTA-1,8
s2-rna-CGACAATCATACGCAC-1,2
s2-rna-CGACAATTATTCTGTC-1,2
s2-rna-CGACAATTCGTCATGT-1,7
s2-rna-CGACATTGTATGGAGG-1,2
s2-rna-CGACCAGAACTGTCAT-1,0
s2-rna-CGACCAGAAGGATCCG-1,1
s2-rna-CGACCAGATTCAGTGA-1,7
s2-rna-CGACCAGCCTTGATTA-1,6
s2-rna-CGACCTATACTGACGT-1,8
s2-rna-CGACCTGCATCTGCAT-1,0
s2-rna-CGACCTTGGCGTTCTA-1,9
s2-rna-CGACGCAACATGGCGA-1,1
s2-rna-CGACGCAGCCTTAGTC-1,1
s2-rna-CGACGCCAAGGTGCAA-1,8
s2-rna-CGACGCCGCAAGTAGC-1,1
s2-rna-CGACGCCGGAGTTGAG-1,7
s2-rna-CGACGCTCCGCACGTG-1,1
s2-rna-CGACTAATCGGCTCCT-1,8
s2-rna-CGACTAATGTTAGGCT-1,1
s2-rna-CGACTAGGAGATAAGC-1,3
s2-rna-CGACTAGGTCCTTAAC-1,1
s2-rna-CGACTGAACGAATGCT-1,6
s2-rna-CGACTTCACTCGGCAT-1,0
s2-rna-CGACTTCGCAAGCGGT-1,4
s2-rna-CGAGATGCGGTATGCG-1,3
s2-rna-CGAGCCTGCAAGGTTA-1,2
s2-rna-CGAGCGAGCCACGCTA-1,6
s2-rna-CGAGCGGCACAGTAGG-1,7
s2-rna-CGAGCGTAATGGAGTG-1,1
s2-rna-CGAGCGTATGCCAGCG-1,5
s2-rna-CGAGCGTGCATTGTGG-1,5
s2-rna-CGAGCGTGGACTGGAA-1,4
s2-rna-CGAGCTATGTCCTCGC-1,0
s2-rna-CGAGCTTAGAATACCT-1,3
s2-rna-CGAGGAAGACTTAGAT-1,1
s2-rna-CGAGGACGTAATAGGC-1,7
s2-rna-CGAGGAGCATGCTATG-1,4
s2-rna-CGAGGAGCGTTCGTTA-1,8
s2-rna-CGAGGAGTCTAAGGAT-1,2
s2-rna-CGAGGATTCGATCATA-1,3
s2-rna-CGAGGCATCCAAGTCC-1,6
s2-rna-CGAGTCACTCATAGAT-1,1
s2-rna-CGAGTCATCCGCACCA-1,3
s2-rna-CGAGTCCATGTCAACA-1,5
s2-rna-CGAGTCCGTTGGAACT-1,2
s2-rna-CGAGTCTTGTACTGCC-1,7
s2-rna-CGAGTGCGGCTCGTGG-1,2
s2-rna-CGATAAGAATTCCAGT-1,3
s2-rna-CGATAAGGATAGGCAA-1,2
s2-rna-CGATAAGGTGCCTGAC-1,2
s2-rna-CGATGACCTCATCCTC-1,5
s2-rna-CGATGAGGCCAACGTA-1,1
s2-rna-CGATGATCAGCTATAA-1,3
s2-rna-CGATGATCCTGCAGCC-1,4
s2-rna-CGATGCACCAGGCCTC-1,5
s2-rna-CGATGTCCGACTACAG-1,1
s2-rna-CGATTAACTAATCTTA-1,9
s2-rna-CGATTGGAACAGGCCA-1,0
s2-rna-CGCAACCATGCACCGA-1,2
s2-rna-CGCAATGTATCCAATG-1,7
s2-rna-CGCACGCAGGTAAGTC-1,0
s2-rna-CGCACGCATAATGGTG-1,4
s2-rna-CGCACGGCTGTCAGGT-1,0
s2-rna-CGCACGTAGCATTGTT-1,1
s2-rna-CGCACGTATGAAGGCC-1,5
s2-rna-CGCACGTGACTGTTGG-1,8
s2-rna-CGCACTAACTACCGGT-1,0
s2-rna-CGCACTCACCAGCACG-1,9
s2-rna-CGCACTGTGAGCCTGT-1,9
s2-rna-CGCACTTAAGGCATGC-1,5
s2-rna-CGCAGACACTGGCGTA-1,5
s2-rna-CGCAGAGCAGTCCGAG-1,0
s2-rna-CGCAGATAGATGTTCT-1,1
s2-rna-CGCAGATATGGACAGT-1,4
s2-rna-CGCAGATTCGACCGAA-1,1
s2-rna-CGCATCTTGACTTAGT-1,3
s2-rna-CGCATGAGGAGCGTCT-1,0
s2-rna-CGCATGGAATTCACGA-1,6
s2-rna-CGCCAACCTGGCGAAT-1,4
s2-rna-CGCCACAATAGCTCAA-1,6
s2-rna-CGCCACATGCGTCCAA-1,7
s2-rna-CGCCATGAGGCGATGA-1,3
s2-rna-CGCCGGTATCTAGCAC-1,8
s2-rna-CGCCTCGAGCCACTCG-1,0
s2-rna-CGCCTCGATAATGCGG-1,2
s2-rna-CGCCTCGGAACTGTGC-1,7
s2-rna-CGCCTCGTACGAAGGC-1,9
s2-rna-CGCCTCTAATTCGCGG-1,0
s2-rna-CGCCTCTACTCGGAAC-1,5
s2-rna-CGCCTCTGACTATTGT-1,9
s2-rna-CGCCTTACGAGTAGCG-1,8
s2-rna-CGCCTTAGGATCGGCA-1,3
s2-rna-CGCCTTATCTTGGCGA-1,2
s2-rna-CGCCTTGACGTGAATC-1,2
s2-rna-CGCCTTGTGAAGTCTA-1,1
s2-rna-CGCTACTCAGCCATAG-1,5
s2-rna-CGCTAGACTTCATCAC-1,0
s2-rna-CGCTAGCCGCATGCAT-1,1
s2-rna-CGCTATAGTCTTCATC-1,9
s2-rna-CGCTATGGTTGGTTAA-1,4
s2-rna-CGCTATTAATCTATAA-1,0
s2-rna-CGCTATTATGATACGT-1,2
s2-rna-CGCTCGCAATTGGCGA-1,4
s2-rna-CGCTCGGCCGGTTGTC-1,2
s2-rna-CGCTCGGTACTGCGAA-1,2
s2-rna-CGCTGCAATCGCTGTT-1,7
s2-rna-CGCTGCGAGTCCACAT-1,5
s2-rna-CGCTGCTATGACAGAC-1,0
s2-rna-CGCTGCTTCGCATACT-1,8
s2-rna-CGCTGTGACATAGGCA-1,1
s2-rna-CGCTTAGAATTCTTAC-1,1
s2-rna-CGCTTATGGTTAGGAT-1,3
s2-rna-CGCTTGCGTACGGCAC-1,2
s2-rna-CGCTTGGCTTGGATCT-1,0
s2-rna-CGGACTGTGAGTATAG-1,3
s2-rna-CGGAGCCGCAATAGCC-1,5
s2-rna-CGGAGCGGTAAGACGC-1,0
s2-rna-CGGAGCTCACTTGCAT-1,0
s2-rna-CGGAGGCTAGTCGGCA-1,6
s2-rna-CGGAGTAAGTGCACAT-1,2
s2-rna-CGGAGTCTTACGTGAA-1,9
s2-rna-CGGAGTGGCGACTAAG-1,1
s2-rna-CGGAGTGGTCAAGTAT-1,3
s2-rna-CGGATGTTGAACCACG-1,0
s2-rna-CGGATTCCAGACGGTT-1,8
s2-rna-CGGATTGCGTCTACCT-1,5
s2-rna-CGGCAACCACTAGCAT-1,2
s2-rna-CGGCAACCTAAGTCCA-1,3
s2-rna-CGGCAAGATGCGTCGG-1,2
s2-rna-CGGCAATCAACGTGGA-1,8
s2-rna-CGGCACTCCGGTTCGC-1,1
s2-rna-CGGCACTCTAGCGGAA-1,4
s2-rna-CGGCATGGCCGCTTGT-1,4
s2-rna-CGGCATTATCGCGTGG-1,7
s2-rna-CGGCCTAACGATAATG-1,1
s2-rna-CGGCCTGCGATCGATG-1,0
s2-rna-CGGCCTGTCTGTCTGT-1,2
s2-rna-CGGCGTAGCGCTAGGA-1,1
s2-rna-CGGCGTTGGTTGCAGC-1,5
s2-rna-CGGCTCGTGGAGTACT-1,6
s2-rna-CGGCTTACGTGCACGA-1,2
s2-rna-CGGCTTATTCGCTAAT-1,0
s2-rna-CGGCTTCTACGATATG-1,4
s2-rna-CGGCTTGTGCCGGCCT-1,5
s2-rna-CGGTAGAACGTGACTT-1,2
s2-rna-CGGTAGATTCCTATGC-1,7
s2-rna-CGGTATAGGATGAGCG-1,1
s2-rna-CGGTCAACGGCGGATT-1,4
s2-rna-CGGTCATGGAGGACTC-1,1
s2-rna-CGGTCCATGCGACTCC-1,4
s2-rna-CGGTCCATTACAACTA-1,3
s2-rna-CGGTCCGGTTCTTAGC-1,2
s2-rna-CGGTCTAGATCGAATG-1,1
s2-rna-CGGTCTGCGGACTCTG-1,4
s2-rna-CGGTCTGCGTATCTGG-1,5
s2-rna-CGGTCTGCTTGAATGA-1,6
s2-rna-CGGTCTTGCTATTCTA-1,0
s2-rna-CGGTGAACGGTTAGAT-1,2
s2-rna-CGGTGAACTCACATTG-1,0
s2-rna-CGGTTATCTGTCTTAA-1,3
s2-rna-CGGTTGATTGAGCGCC-1,0
s2-rna-CGTAACATAAGTCATC-1,0
s2-rna-CGTAACATCGTTACGG-1,0
s2-rna-CGTAACATTCGCGATA-1,2
s2-rna-CGTAACATTGGCTGAG-1,3
s2-rna-CGTAACCTGACATCGA-1,6
s2-rna-CGTAAGCCGACCGCTT-1,6
s2-rna-CGTACAGACGAGGACC-1,0
s2-rna-CGTACAGGCCGCACTG-1,4
s2-rna-CGTACAGTAAGTAATG-1,9
s2-rna-CGTACATCACTGGATG-1,0
s2-rna-CGTAGCCAAGTCCGTC-1,0
s2-rna-CGTAGCCTTGAGCAAG-1,4
s2-rna-CGTAGTACAAGGTACT-1,5
s2-rna-CGTAGTACGCATAATG-1,9
s2-rna-CGTAGTGACTCAAGGA-1,1
s2-rna-CGTAGTTCGTTGGTAG-1,0
s2-rna-CGTCAAGGCGGAATGT-1,1
s2-rna-CGTCAGAACGTTGCCG-1,1
s2-rna-CGTCCAATCTGCGTCC-1,1
s2-rna-CGTCCACCATTCGGTG-1,0
s2-rna-CGTCCATAATCCGCTT-1,1
s2-rna-CGTCCATCCTAGCATC-1,5
s2-rna-CGTCCATCGTCCAATA-1,3
s2-rna-CGTCCATGTAGCGTCT-1,5
s2-rna-CGTCGGCAGACGGTAT-1,3
s2-rna-CGTCGGCGGTAGATCA-1,3
s2-rna-CGTGAGCAATGGACAT-1,5
s2-rna-CGTGAGCTGTTATCGT-1,1
s2-rna-CGTGAGGCCTACAAGT-1,3
s2-rna-CGTGCGGATTCATGTA-1,0
s2-rna-CGTGGCTCCTTGTCTT-1,0
s2-rna-CGTGTACGATGATTGT-1,1
s2-rna-CGTGTAGTATTCTTGG-1,4
s2-rna-CGTGTTAACCTGAAGC-1,9
s2-rna-CGTGTTACCATATGTA-1,2
s2-rna-CGTGTTAGATGGTATC-1,3
s2-rna-CGTGTTGGACGTCTGG-1,4
s2-rna-CGTTAACGAGAAGGAC-1,4
s2-rna-CGTTACAGTGCACTCA-1,0
s2-rna-CGTTCCTGTCACCGTG-1,4
s2-rna-CGTTCTCGAGGTTCGC-1,9
s2-rna-CGTTGGTCGTCACTGT-1,0
s2-rna-CGTTGGTGGCGTCTGC-1,4
s2-rna-CGTTGTGAGCAAGTGG-1,2
s2-rna-CTAACAGTATACCGGC-1,8
s2-rna-CTAACCTCACCGAAGA-1,4
s2-rna-CTAACGTGAATGATGT-1,2
s2-rna-CTAACGTTAGGCAATG-1,5
s2-rna-CTAAGCGTGCCTGCAA-1,1
s2-rna-CTAAGCTCCACGATCA-1,2
s2-rna-CTAAGCTTACAGTACG-1,1
s2-rna-CTAAGTCAAGATCATG-1,2
s2-rna-CTAAGTGGCCGATTAG-1,0
s2-rna-CTAATCACTCCGAGAC-1,1
s2-rna-CTAATCTGGCCGTGTT-1,6
s2-rna-CTAATGACATCATTCT-1,2
s2-rna-CTAATGAGCGAGGCTA-1,4
s2-rna-CTAATTATGTTGCCGC-1,1
s2-rna-CTACAACCGCTGTCTA-1,4
s2-rna-CTACAGAACCAGTTGA-1,0
s2-rna-CTACAGAATTAATGAC-1,3
s2-rna-CTACAGATCGGTCGCC-1,2
s2-rna-CTACAGATGGTCATAC-1,1
s2-rna-CTACAGCGTCTACACT-1,3
s2-rna-CTACAGGTAGAATTCC-1,1
s2-rna-CTACAGGTCGCTAAGC-1,2
s2-rna-CTACATCTACTGGCTT-1,8
s2-rna-CTACCAGACCTCTTAG-1,1
s2-rna-CTACCAGGAGACATCT-1,1
s2-rna-CTACCATCGATGAGAA-1,1
s2-rna-CTACCTGTGCGATGTA-1,4
s2-rna-CTACCTTATCAACTGA-1,2
s2-rna-CTACGAATCAGCCTGG-1,3
s2-rna-CTACGAATTGGCTGGT-1,3
s2-rna-CTACGAGCCGGACGGT-1,0
s2-rna-CTACGAGCCTGGAGAC-1,6
s2-rna-CTACGATGCGTCCGGC-1,7
s2-rna-CTACGCTACATCTGTT-1,6
s2-rna-CTACGCTTAGAAGTGC-1,0
s2-rna-CTACTCGGCGTCTAAT-1,4
s2-rna-CTACTGCTCCGACAGT-1,8
s2-rna-CTACTTATGAACATAA-1,4
s2-rna-CTAGACGATTGAGCTA-1,1
s2-rna-CTAGCAACCAGTGCGG-1,5
s2-rna-CTAGCACGATCACTGT-1,5
s2-rna-CTAGCACGCCAAGCTT-1,4
s2-rna-CTAGCATAGAGCGAGC-1,3
s2-rna-CTAGCCGAAGATGGAC-1,6
s2-rna-CTAGCCGATTCAATGC-1,0
s2-rna-CTAGCGCCTAGCTTAA-1,6
s2-rna-CTAGGACGCAAGCATT-1,2
s2-rna-CTAGGCCAGGAGTACG-1,2
s2-rna-CTAGTCAGGCGACAGT-1,3
s2-rna-CTAGTTATGTCCAAGG-1,2
s2-rna-CTATAACCAGCAGTAT-1,6
s2-rna-CTATAACTACGCCTGG-1,1
s2-rna-CTATAACTCCTGGAGG-1,5
s2-rna-CTATACCGACTCGCAT-1,0
s2-rna-CTATAGATCCACAAGC-1,4
s2-rna-CTATCCATTAGCTCGA-1,1
s2-rna-CTATCCATTGAGCCAC-1,7
s2-rna-CTATCCGCTGCAATTG-1,2
s2-rna-CTATCCGTACGTTGGC-1,4
s2-rna-CTATCGAATGGTCTGT-1,7
s2-rna-CTATCGAGATGCCTAC-1,0
s2-rna-CTATCGGATATCGGAG-1,2
s2-rna-CTATCGGCTTAACTAG-1,4
s2-rna-CTATCGTATCAGCGTG-1,2
s2-rna-CTATCGTATGATAGGA-1,5
s2-rna-CTATCGTTACAACCTT-1,1
s2-rna-CTATGCCACGAGGCTG-1,0
s2-rna-CTATGCCATGCGGACA-1,9
s2-rna-CTATGCCATTGGAGAA-1,7
s2-rna-CTATGCCGTACAGCGT-1,2
s2-rna-CTATGGCCAACGCCGG-1,7
s2-rna-CTATGTAGGCCGAACG-1,1
s2-rna-CTATGTCGTTCCGCTA-1,6
s2-rna-CTATGTGCCTTCAGGT-1,6
s2-rna-CTATGTGCGGTTGACT-1,3
s2-rna-CTATTAAGCCAGCACT-1,5
s2-rna-CTATTAGCGGCTTCGT-1,6
s2-rna-CTATTAGTACTGGCTC-1,4
s2-rna-CTATTATGAGATACGA-1,2
s2-rna-CTATTATGGCACCTCG-1,0
s2-rna-CTATTCCGGCCGTCGG-1,8
s2-rna-CTATTCGTCTTACATA-1,1
s2-rna-CTATTCTGCAACGCAC-1,0
s2-rna-CTATTCTGTAGGACCT-1,8
s2-rna-CTCAACATCCAGATTG-1,6
s2-rna-CTCAAGATACAACGGA-1,7
s2-rna-CTCAATACGTTAACCG-1,9
s2-rna-CTCAATGACCATTAAG-1,8
s2-rna-CTCAATTGGCGATTCC-1,5
s2-rna-CTCACCAGGAATTGAC-1,5
s2-rna-CTCACCGAGGATCCGC-1,0
s2-rna-CTCACCGCTCTAATCA-1,0
s2-rna-CTCACCTGAGACTAAG-1,3
s2-rna-CTCACCTGCCGACTAA-1,1
s2-rna-CTCACCTGGCTTAGGT-1,5
s2-rna-CTCACCTTAATAAGAT-1,0
s2-rna-CTCACCTTATCTCCTT-1,4
s2-rna-CTCACCTTCTGAAGTA-1,0
s2-rna-CTCACGAGTAGATGAG-1,6
s2-rna-CTCACGATCTCCGGAG-1,2
s2-rna-CTCACGTATTCAAGCG-1,0
s2-rna-CTCACGTTCGGTCTGC-1,6
s2-rna-CTCAGAAGACAACTCG-1,1
s2-rna-CTCAGGATACGCGGCA-1,3
s2-rna-CTCAGGCACGTCAGAC-1,2
s2-rna-CTCAGGTCACTACAGC-1,1
s2-rna-CTCAGGTCGTGCTCGC-1,2
s2-rna-CTCATAGCCAATGTCG-1,2
s2-rna-CTCATCCTGGCAAGTC-1,0
s2-rna-CTCCACGCTAGCTAGA-1,2
s2-rna-CTCCACTGGCTAATGG-1,1
s2-rna-CTCCAGAATATTACAT-1,5
s2-rna-CTCCATGGCGACCAGT-1,1
s2-rna-CTCCGCAGCCGCCTTC-1,6
s2-rna-CTCCGGATCCTCGCTC-1,6
s2-rna-CTCCGGCCTACAGCTT-1,3
s2-rna-CTCCGGTTCAGCGGAT-1,9
s2-rna-CTCCTACATTGTATCT-1,3
s2-rna-CTCCTACCTCGTGGTA-1,0
s2-rna-CTCCTACTTGAGTAAG-1,1
s2-rna-CTCCTGTCGAAGCCAA-1,3
s2-rna-CTCCTTATCTTAAGAC-1,0
s2-rna-CTCCTTATGGAACCTT-1,8
s2-rna-CTCGACAGCACTCGGA-1,6
s2-rna-CTCGACTCCTAATGGA-1,7
s2-rna-CTCGATGCGGTGTTAA-1,3
s2-rna-CTCGATGTTGAACGGC-1,1
s2-rna-CTCGATGTTGCTATGT-1,6
s2-rna-CTCGCATACTCAACTC-1,3
s2-rna-CTCGCTAGCACCATCT-1,2
s2-rna-CTCGCTGTTCATAGAT-1,0
s2-rna-CTCGGAATTCTTGATA-1,7
s2-rna-CTCGGACTAACGTGGC-1,0
s2-rna-CTCGGAGTCTTAAGGA-1,1
s2-rna-CTCGGATCGGAATACG-1,3
s2-rna-CTCGGTCTCCAACTGC-1,0
s2-rna-CTCGTCGCGATTAATT-1,1
s2-rna-CTCGTTCTGTCACGTT-1,3
s2-rna-CTGAAGCGGTTGCCAA-1,3
s2-rna-CTGAAGCGTGGTGAAG-1,4
s2-rna-CTGAAGGAGCCTCACT-1,1
s2-rna-CTGAAGGATCTGTACG-1,1
s2-rna-CTGAAGGTGCTCGAGG-1,1
s2-rna-CTGAAGTGCTATGGCG-1,5
s2-rna-CTGAAGTGCTGAACTG-1,3
s2-rna-CTGAAGTTGCAGACAT-1,8
s2-rna-CTGAATTCGCGTAAGG-1,2
s2-rna-CTGACCGCCAATTAGG-1,5
s2-rna-CTGACGTATCCGCCAC-1,5
s2-rna-CTGACTCCGAATCTGC-1,2
s2-rna-CTGACTCGAATTCGTG-1,6
s2-rna-CTGACTGATTAGGCTG-1,5
s2-rna-CTGACTGGTATGATAA-1,4
s2-rna-CTGACTGGTCTACCTT-1,4
s2-rna-CTGACTGTGGCCGGTT-1,0
s2-rna-CTGATGCCAATGCTTC-1,4
s2-rna-CTGATTAACAGCGGCC-1,1
s2-rna-CTGATTAACGCAAGAA-1,4
s2-rna-CTGATTACAATGTCCA-1,0
s2-rna-CTGATTAGGTGCCGAA-1,9
s2-rna-CTGATTATCAATAGAC-1,3
s2-rna-CTGCATAATGGACCGC-1,9
s2-rna-CTGCATTGAGCACGGA-1,4
s2-rna-CTGCATTGAGGAGCCG-1,4
s2-rna-CTGCCGATTGCGATGT-1,0
s2-rna-CTGCCGCTTCGGCTGC-1,0
s2-rna-CTGCCGTGAAGTCGCA-1,1
s2-rna-CTGCCTCCAACACCAG-1,5
s2-rna-CTGCCTGACACGGATT-1,1
s2-rna-CTGCCTGTGAGCCAGG-1,4
s2-rna-CTGCTCATTAGAGTGC-1,1
s2-rna-CTGGAACAATAGACAG-1,1
s2-rna-CTGGAAGGCAACCGGA-1,7
s2-rna-CTGGAAGTCTAAGCTC-1,7
s2-rna-CTGGAATAGGAATTAG-1,7
s2-rna-CTGGAATAGTGCAAGT-1,0
s2-rna-CTGGAATGGATCAGCA-1,8
s2-rna-CTGGCACTTCTGCGTC-1,7
s2-rna-CTGGCCTTACCACTTA-1,3
s2-rna-CTGGCCTTGCATTCGG-1,1
s2-rna-CTGGCGCACTTACTGA-1,8
s2-rna-CTGGCGCATATCCGTG-1,9
s2-rna-CTGGCGGACAACGCAC-1,6
s2-rna-CTGGCTGGACGCTTGG-1,2
s2-rna-CTGGTACTCGAAGTGG-1,4
s2-rna-CTGGTGAGGTCTCGTC-1,9
s2-rna-CTGGTGATCCTGAAGG-1,3
s2-rna-CTGGTGATCGCCGTAG-1,0
s2-rna-CTGGTGCACCATACCA-1,6
s2-rna-CTGGTGCACGATCAAG-1,6
s2-rna-CTGGTGCGAGAAGCTT-1,1
s2-rna-CTGGTGCGTTCACGAG-1,6
s2-rna-CTGGTGCTACAGTATT-1,1
s2-rna-CTGGTGCTTATGACCA-1,0
s2-rna-CTGGTGGCCAATAAGT-1,8
s2-rna-CTGGTTGGACATCACC-1,7
s2-rna-CTGGTTGGCTTGTTAC-1,5
s2-rna-CTGTATCGGAAGCTCC-1,7
s2-rna-CTGTATCTTCGCCATA-1,5
s2-rna-CTGTATGGCTCAACAT-1,0
s2-rna-CTGTCACTCGGCCTTA-1,8
s2-rna-CTGTCAGATCGATGCG-1,8
s2-rna-CTGTCAGGCTTCCTAA-1,9
s2-rna-CTGTCTATCCACATCT-1,0
s2-rna-CTGTGCAGATGATAAT-1,0
s2-rna-CTGTGCGTGAGCCGTC-1,4
s2-rna-CTGTGGCTTGTCAGCT-1,3
s2-rna-CTGTGGTAAGCTAATA-1,2
s2-rna-CTGTTATGGCCAGCGG-1,0
s2-rna-CTGTTCCAGAAGCTGA-1,1
s2-rna-CTGTTCGTATGCACCA-1,1
s2-rna-CTGTTCTGCTCAGGAC-1,0
s2-rna-CTGTTGCTACTCACAG-1,0
s2-rna-CTTACGAACTCCGTCC-1,8
s2-rna-CTTACGCAGAGGCTCG-1,4
s2-rna-CTTACGCCATGCACAG-1,4
s2-rna-CTTACGGTAAGCCGAA-1,3
s2-rna-CTTACGTCATCCTTAT-1,1
s2-rna-CTTAGCAACTAGGACC-1,2
s2-rna-CTTAGCAAGGACAGCC-1,2
s2-rna-CTTAGCACGACAGAAC-1,2
s2-rna-CTTAGCCTAATGGTAA-1,3
s2-rna-CTTAGCGTAGCGTGCG-1,8
s2-rna-CTTAGCTACCATCTCA-1,4
s2-rna-CTTAGCTACGCAAGGT-1,3
s2-rna-CTTAGCTATCCTTGCG-1,2
s2-rna-CTTAGCTTAGTTCTCG-1,8
s2-rna-CTTAGCTTCGCTGACC-1,8
s2-rna-CTTAGTAAGCGTGGCA-1,3
s2-rna-CTTAGTCCTCATAAGT-1,0
s2-rna-CTTAGTCTATCGAGAC-1,1
s2-rna-CTTAGTCTCGACAACT-1,8
s2-rna-CTTAGTCTGTGCATCC-1,4
s2-rna-CTTAGTCTTATTCGGA-1,1
s2-rna-CTTAGTCTTCGATGTC-1,7
s2-rna-CTTAGTGCGACCTATT-1,1
s2-rna-CTTAGTGCGTTGACGC-1,4
s2-rna-CTTAGTGGCTAAGACG-1,2
s2-rna-CTTAGTGGTACACGAC-1,2
s2-rna-CTTAGTTGCTCGTTGT-1,0
s2-rna-CTTAGTTGGAGCGACC-1,5
s2-rna-CTTATTCACTAGCTGG-1,0
s2-rna-CTTCAAGTCGACCTTC-1,8
s2-rna-CTTCATGCCTAGACGG-1,4
s2-rna-CTTCATTGGATACCAC-1,1
s2-rna-CTTCCAATTGAAGATT-1,2
s2-rna-CTTCCACGATCCTGTA-1,4
s2-rna-CTTCCACGCCTTCCTG-1,8
s2-rna-CTTCCGACGCACAACC-1,1
s2-rna-CTTCCGTCGCTGCATC-1,0
s2-rna-CTTCGACCAAGCCGAG-1,1
s2-rna-CTTCGACTCCAGACTG-1,7
s2-rna-CTTCGAGTGATGGAAT-1,4
s2-rna-CTTCGATAACATTGGT-1,1
s2-rna-CTTCGATACTCCGACC-1,8
s2-rna-CTTCGATATGTAGGAG-1,0
s2-rna-CTTCGATGGACGTACC-1,4
s2-rna-CTTCGCCGCAACATTA-1,6
s2-rna-CTTCGGCTCACTACCT-1,9
s2-rna-CTTCGTATTAATACGG-1,8
s2-rna-CTTCGTCAAGACTCGT-1,1
s2-rna-CTTCTGAGCCAGGAAC-1,6
s2-rna-CTTCTGAGGTCGCATA-1,4
s2-rna-CTTCTGTACGGACATC-1,1
s2-rna-CTTGAACCGAGTTAAT-1,2
s2-rna-CTTGAACTTAGAGGAA-1,0
s2-rna-CTTGAGCCTTGTTCCA-1,2
s2-rna-CTTGAGTCCAAGGCTG-1,5
s2-rna-CTTGATGCAATCACAA-1,1
s2-rna-CTTGCCGGAAGACGCA-1,1
s2-rna-CTTGCGTAACAGCAGT-1,5
s2-rna-CTTGGACAGGTTAGAA-1,7
s2-rna-CTTGGACATTACAGGA-1,7
s2-rna-CTTGGAGGCCACCTGC-1,4
s2-rna-CTTGGTCGGAAGTAGC-1,9
s2-rna-CTTGGTTAGAGTCATC-1,1
s2-rna-CTTGTCAAGGCGTCAA-1,1
s2-rna-CTTGTCAGTTCGGTAA-1,5
s2-rna-GAACAAGGTCGAGCAA-1,1
s2-rna-GAACAGATAACCTTAA-1,2
s2-rna-GAACAGATCCGCTAGA-1,7
s2-rna-GAACATTCGACACGTA-1,2
s2-rna-GAACCGAACGAAGACT-1,1
s2-rna-GAACGCCACGGTGGTT-1,3
s2-rna-GAACGCCAGTGCATAC-1,1
s2-rna-GAACGCTAGAAGGCTA-1,6
s2-rna-GAACTAACTCTACGTG-1,0
s2-rna-GAACTACAAGTAGGAG-1,1
s2-rna-GAACTACCTTATCATA-1,5
s2-rna-GAACTATCGTCTCGTC-1,6
s2-rna-GAACTCATAGTGAGTG-1,1
s2-rna-GAACTCCTCATACATA-1,1
s2-rna-GAACTCCTGGAGGCTC-1,6
s2-rna-GAACTGTAACTCAGGC-1,2
s2-rna-GAACTTGGTGAGGATA-1,1
s2-rna-GAAGCGATTGCCGAAT-1,0
s2-rna-GAAGCGGCTGATCAGT-1,5
s2-rna-GAAGCGTCCATAGTTG-1,7
s2-rna-GAAGCTGCCTCGTGAG-1,4
s2-rna-GAAGCTGTTCTACATC-1,0
s2-rna-GAAGCTTGACGCTTAA-1,4
s2-rna-GAAGGATGGTATACGT-1,5
s2-rna-GAATAAGGAGAACTAA-1,8
s2-rna-GAATACAGACGAACTG-1,3
s2-rna-GAATACCTGCCACGGC-1,7
s2-rna-GAATACTAAGGCGAAT-1,0
s2-rna-GAATCAATTACCGACC-1,2
s2-rna-GAATCATAGTCTGAAG-1,8
s2-rna-GAATCATGAACCAGTG-1,9
s2-rna-GAATCATTATGAGCTG-1,4
s2-rna-GAATGACAACTAGTCA-1,5
s2-rna-GAATGACACGACTAGG-1,5
s2-rna-GAATGACCACAATCGA-1,1
s2-rna-GAATGAGTATAGACCA-1,3
s2-rna-GAATGGCCAAGGAGGC-1,1
s2-rna-GAATGTATTGGATCAA-1,3
s2-rna-GAATGTGCCTAGCAGA-1,0
s2-rna-GAATTAACCTTCAATT-1,1
s2-rna-GACAACATCATGCCGC-1,3
s2-rna-GACAACCTAGGAGTCT-1,5
s2-rna-GACAACGGACTCAGCT-1,1
s2-rna-GACAACGGCGATGTTA-1,1
s2-rna-GACAACTTAACCAACC-1,0
s2-rna-GACAACTTGATTGTGA-1,0
s2-rna-GACAAGCTGAATCTGG-1,5
s2-rna-GACAAGGTGGTCCGGC-1,6
s2-rna-GACAATCTATTAGATT-1,2
s2-rna-GACAATGACAAGCTTA-1,8
s2-rna-GACAATTGTATGCTTC-1,1
s2-rna-GACAGCAACTCAGAAC-1,7
s2-rna-GACAGTCACTTCGCTC-1,6
s2-rna-GACATCCTCAACCTCG-1,2
s2-rna-GACATCCTTCATTATC-1,0
s2-rna-GACATCTGCGGTCTTG-1,9
s2-rna-GACATTATCTTAATCT-1,0
s2-rna-GACCAATTGCGTCAGA-1,7
s2-rna-GACCACATTCTTGAAT-1,5
s2-rna-GACCACGGCGTACATA-1,3
s2-rna-GACCACTCCTGACGTT-1,6
s2-rna-GACCACTTAGACAGGT-1,5
s2-rna-GACCGAATCTAATACG-1,0
s2-rna-GACCGACAATAGGAAT-1,2
s2-rna-GACCGGCCATGTACCG-1,0
s2-rna-GACCGTATTAGACCGG-1,0
s2-rna-GACCTGCTGTACGAAG-1,4
s2-rna-GACCTGTCGATTGCAG-1,4
s2-rna-GACGAGCTGCACTCGT-1,8
s2-rna-GACGAGTGCTGGAGAT-1,6
s2-rna-GACGCAGCGTCAAGTT-1,8
s2-rna-GACGCCTCGTCAGAGG-1,3
s2-rna-GACGCCTCTTGATTGT-1,0
s2-rna-GACGGCTTAGGTGCGA-1,2
s2-rna-GACGGTACCTGGCCGT-1,8
s2-rna-GACGGTGGTTGATGTC-1,1
s2-rna-GACGTACAGGAACGCT-1,3
s2-rna-GACGTCTTATCTCAGC-1,9
s2-rna-GACGTGGTGCTCCAGA-1,5
s2-rna-GACTACGAGTTCCATT-1,2
s2-rna-GACTAGATTAGCTAAC-1,6
s2-rna-GACTAGTAATCTTGCT-1,8
s2-rna-GACTGACAGGAACCAG-1,4
s2-rna-GACTGCCATAGAATAC-1,8
s2-rna-GACTGCGGTCTGCGTG-1,2
s2-rna-GACTTCATACCGCTGT-1,2
s2-rna-GACTTGAACGTCCGTA-1,2
s2-rna-GACTTGAAGCCATAGC-1,4
s2-rna-GAGCCAAGCGATCGTA-1,3
s2-rna-GAGCCAGCTTACGGTA-1,1
s2-rna-GAGCCAGTATTGTCAA-1,0
s2-rna-GAGCCTCACGTATGTA-1,0
s2-rna-GAGCCTCCAGTACCGA-1,9
s2-rna-GAGCGAATCGGTAGAA-1,2
s2-rna-GAGCGATACTCCAGGC-1,0
s2-rna-GAGCGGCAATGGAATA-1,2
s2-rna-GAGCTAACCTACTTAC-1,9
s2-rna-GAGCTAAGGTTGCGTT-1,3
s2-rna-GAGCTACAAGATCAAG-1,0
s2-rna-GAGCTACAGCTCGGTA-1,8
s2-rna-GAGGAAGGCAACGGCG-1,5
s2-rna-GAGGACAGATCGCCTA-1,2
s2-rna-GAGGACGAGTCCTAGT-1,0
s2-rna-GAGGATCCAGAACTGG-1,3
s2-rna-GAGGATGATAGGAAGG-1,0
s2-rna-GAGGCCACAAGGTGCA-1,2
s2-rna-GAGGCCACTTCTAGAT-1,2
s2-rna-GAGGCCAGCAGAGGTT-1,3
s2-rna-GAGGCCATGGCTCGGA-1,4
s2-rna-GAGGCGCTCCATTCCT-1,0
s2-rna-GAGGTAACATTCGATC-1,0
s2-rna-GAGGTAACTAGACAGT-1,7
s2-rna-GAGGTAACTGCGAGAC-1,1
s2-rna-GAGGTACAACCTTCCG-1,4
s2-rna-GAGGTATTAATAGCGG-1,8
s2-rna-GAGGTCACTGTAAGCT-1,2
s2-rna-GAGGTCCAAGTAGCTA-1,7
s2-rna-GAGGTGAGATCATTGG-1,4
s2-rna-GAGGTGAGGATTCATT-1,5
s2-rna-GAGGTGCATTCGGATC-1,1
s2-rna-GAGGTGCGGCTGACCA-1,0
s2-rna-GAGGTGGCTCGAGGTT-1,6
s2-rna-GAGGTGTAGCAACTCA-1,3
s2-rna-GAGGTTAGATCGAAGA-1,6
s2-rna-GAGTAACGTGGCTTGA-1,3
s2-rna-GAGTAGACGCAGGCTC-1,2
s2-rna-GAGTAGATACGTCAAC-1,4
s2-rna-GAGTAGATTATGGTTC-1,9
s2-rna-GAGTAGGATGGTAGTC-1,1
s2-rna-GAGTCCACGCCTGAAG-1,5
s2-rna-GAGTCCACTCATAACA-1,2
s2-rna-GAGTCCTACCTCTGCA-1,2
s2-rna-GAGTCCTCTAGCGACA-1,8
s2-rna-GAGTCTCGAGATAGTC-1,6
s2-rna-GAGTCTGACTATAGAA-1,0
s2-rna-GAGTCTGGTGAATGAG-1,0
s2-rna-GAGTGCAGCGTCATCG-1,1
s2-rna-GAGTGCCGCATTAGGC-1,3
s2-rna-GAGTGCGGATACAGTC-1,5
s2-rna-GAGTGCGTACTGTAAC-1,4
s2-rna-GAGTGGAGCAAGCGCA-1,2
s2-rna-GAGTTAATCTCGTTAT-1,2
s2-rna-GAGTTAATTCCACTGG-1,0
s2-rna-GAGTTACTCAATGGAA-1,0
s2-rna-GAGTTAGCAGTAGATG-1,9
s2-rna-GAGTTCTATCGTGCCT-1,8
s2-rna-GAGTTGGTATTAATAG-1,8
s2-rna-GATAAGCACGTGCGTA-1,9
s2-rna-GATAAGTTGGCGATTA-1,5
s2-rna-GATAATCAGCTATTGT-1,4
s2-rna-GATACCTCGCGACTGC-1,4
s2-rna-GATACTTCACTCAGCA-1,1
s2-rna-GATAGAGTCTGAATCG-1,0
s2-rna-GATAGAGTGATAAGCT-1,3
s2-rna-GATAGATGTTGAAGAT-1,3
s2-rna-GATAGCTAATGGATAG-1,0
s2-rna-GATAGTGACACTCCAA-1,1
s2-rna-GATATCCATATGAGGC-1,5
s2-rna-GATATCTTGTGACACG-1,4
s2-rna-GATATGCTCACGTTAC-1,1
s2-rna-GATCCACCGCGTGCAA-1,1
s2-rna-GATCCGGACATACACC-1,2
s2-rna-GATCGGAGATACGCAG-1,1
s2-rna-GATCGTAACATTAATA-1,4
s2-rna-GATCGTAAGAGTCGCA-1,9
s2-rna-GATCGTCATGCGGAGG-1,5
s2-rna-GATCGTGGCCACAACC-1,0
s2-rna-GATCTATGAAGATGCG-1,3
s2-rna-GATCTTGTCATGATCT-1,3
s2-rna-GATGACTCTGAATCTT-1,5
s2-rna-GATGAGTGAACGGCTG-1,1
s2-rna-GATGCCAGACATAATG-1,6
s2-rna-GATGCCGACAGATATT-1,7
s2-rna-GATGCCTAGAGTCTGT-1,3
s2-rna-GATGGACCTGGACGGA-1,1
s2-rna-GATGGACGGCAGATGA-1,0
s2-rna-GATGTAGCGAGGTCCA-1,1
s2-rna-GATGTAGGAGTTGGCC-1,2
s2-rna-GATTATGTGACATGAT-1,3
s2-rna-GATTCCATACTGAACC-1,3
s2-rna-GATTCCATTGAGTTGA-1,8
s2-rna-GATTCCGCTATCGGCT-1,4
s2-rna-GATTCCGCTGCAAGAT-1,2
s2-rna-GATTCCGTGCGTATAC-1,1
s2-rna-GATTCCTGCAGATCGT-1,9
s2-rna-GATTCGCCATGTATCA-1,6
s2-rna-GATTGACTCCATGCGA-1,1
s2-rna-GATTGTCGCAACGAGG-1,0
s2-rna-GCAACAGCCTGCTCTA-1,6
s2-rna-GCAACAGCGTGGATCA-1,6
s2-rna-GCAACAGCTCCTATGA-1,9
s2-rna-GCAACAGGCCATTGAC-1,3
s2-rna-GCAACATACATCAGCA-1,8
s2-rna-GCAACATGGTTCTTCA-1,3
s2-rna-GCAAGAATGTTCCACC-1,4
s2-rna-GCAAGATAGGTTAACT-1,2
s2-rna-GCAAGCACTACCGCCA-1,3
s2-rna-GCAAGCTTATTGACGT-1,4
s2-rna-GCAATACATGAGGACA-1,2
s2-rna-GCAATCCTCGAGCGTT-1,2
s2-rna-GCAATCGTGACTCCAA-1,5
s2-rna-GCAATTAATCAACGTA-1,4
s2-rna-GCAATTCCTATCATAC-1,2
s2-rna-GCAATTCTGTGACAGA-1,0
s2-rna-GCACAGCTGTGGTTGA-1,3
s2-rna-GCACATGCCGGTCTGG-1,9
s2-rna-GCACCGAAGATGTCTA-1,1
s2-rna-GCACCTAGCCGAATCT-1,8
s2-rna-GCACCTAGTAATTATC-1,1
s2-rna-GCACCTTACTGGCTAC-1,3
s2-rna-GCACCTTAGCCTCGCA-1,0
s2-rna-GCACGAGCAGTACCGA-1,4
s2-rna-GCACGAGCTATTGTCG-1,9
s2-rna-GCACGCAACCATACCA-1,0
s2-rna-GCACGCATAGATTGCT-1,2
s2-rna-GCACGCATAGGCGATC-1,1
s2-rna-GCACGCTTCGTTGTTC-1,8
s2-rna-GCACGGAAGGATAGTA-1,0
s2-rna-GCACTACACTATTGCG-1,2
s2-rna-GCACTCCGACTGGCGT-1,7
s2-rna-GCACTCTGTTGCCATA-1,1
s2-rna-GCACTCTTGCTACCGA-1,5
s2-rna-GCACTGAATATGACAG-1,2
s2-rna-GCACTGCCTCGATGCG-1,2
s2-rna-GCACTGGACGCAGCAC-1,9
s2-rna-GCACTGTTGCGGCCTT-1,0
s2-rna-GCAGACGCCTGGTTAT-1,3
s2-rna-GCAGATACGTTGAACG-1,1
s2-rna-GCAGATAGTTGGAGAC-1,4
s2-rna-GCAGATCCTAATGTGG-1,3
s2-rna-GCAGCCGGATGCCGCA-1,4
s2-rna-GCAGCGACAGTTCGGT-1,5
s2-rna-GCAGCGATCTAACGAA-1,2
s2-rna-GCAGGCAGTGATCTAC-1,0
s2-rna-GCAGGCCATTCCTGCC-1,2
s2-rna-GCAGGCTACCGTCCTT-1,0
s2-rna-GCAGGCTGGTTCCAAG-1,6
s2-rna-GCAGGTCACTACCTCA-1,1
s2-rna-GCAGGTGCTGATGCTT-1,1
s2-rna-GCAGTAGATGTCCAAT-1,2
s2-rna-GCATAACCGAGGTGAT-1,1
s2-rna-GCATACTAGCATCGAA-1,3
s2-rna-GCATGACGGATTATCA-1,1
s2-rna-GCATGCTGAGACAGGT-1,2
s2-rna-GCATGTCGAGTGTCTT-1,1
s2-rna-GCATTACCTGTCAAGA-1,3
s2-rna-GCATTGACTACAGCGA-1,3
s2-rna-GCATTGCTGTTCCATC-1,4
s2-rna-GCATTGGTTACCAAGC-1,2
s2-rna-GCCACGAAGGAATTCC-1,8
s2-rna-GCCACGACCGTTAAGT-1,4
s2-rna-GCCACGCCTTAGTACG-1,7
s2-rna-GCCACTATAGACCATA-1,1
s2-rna-GCCACTCCGTCACCTC-1,2
s2-rna-GCCAGACAGACGCCTA-1,5
s2-rna-GCCAGACATCTATCAC-1,1
s2-rna-GCCAGTAGACGATACC-1,1
s2-rna-GCCAGTTCCTCGTGCC-1,3
s2-rna-GCCATTCTCGTGTAGA-1,4
s2-rna-GCCATTGCATGTTAAC-1,5
s2-rna-GCCATTGTAACTGATC-1,8
s2-rna-GCCATTGTAATGTCTT-1,8
s2-rna-GCCGAGTCCTCGTCCA-1,2
s2-rna-GCCGATACGGTATCAG-1,7
s2-rna-GCCGATCGAGTGAAGT-1,4
s2-rna-GCCGATCTCGTGACTC-1,4
s2-rna-GCCGCTGATTGGCCAG-1,3
s2-rna-GCCGCTTCTAAGGTGA-1,8
s2-rna-GCCGGCAATAGGCAGG-1,1
s2-rna-GCCGGCATTCCGCCGA-1,6
s2-rna-GCCGGCGAACCATTGT-1,0
s2-rna-GCCGGCGTAGGTGACG-1,4
s2-rna-GCCGGCGTGAACTTGC-1,3
s2-rna-GCCGGTATGCTCATGC-1,6
s2-rna-GCCGTACCAGATCTAG-1,8
s2-rna-GCCGTATGCCAGTCTT-1,4
s2-rna-GCCTATAGCATACCTT-1,9
s2-rna-GCCTCATGCGAGCAGG-1,4
s2-rna-GCCTCCGTCTACCTCG-1,0
s2-rna-GCCTCCTGCGGCCGTT-1,8
s2-rna-GCCTGGACCTATTGTC-1,0
s2-rna-GCCTGGAGCAAGTTAG-1,3
s2-rna-GCCTGGTACATGGTCG-1,0
s2-rna-GCCTGGTCAGGTTGCC-1,3
s2-rna-GCCTGTGAAGTCGGCG-1,1
s2-rna-GCCTGTGACACCAGAA-1,2
s2-rna-GCCTGTGATAGATTGG-1,5
s2-rna-GCCTTCGCTTATGTTC-1,8
s2-rna-GCCTTCTGATTCCGTC-1,5
s2-rna-GCCTTCTGTCACGCTC-1,2
s2-rna-GCCTTGAGATCTGAGC-1,2
s2-rna-GCCTTGCCACTTCTGA-1,3
s2-rna-GCCTTGGCGAACAATC-1,2
s2-rna-GCGAATAGTGGCTAAT-1,1
s2-rna-GCGAATCGAGAACACG-1,3
s2-rna-GCGAATGCAGTGTCAA-1,5
s2-rna-GCGAATTGGCTAGCCA-1,5
s2-rna-GCGACACTAAGCTAAG-1,6
s2-rna-GCGACAGTGCCGCACC-1,3
s2-rna-GCGACGTAGAGCGTTA-1,5
s2-rna-GCGAGCGGACCATAAC-1,2
s2-rna-GCGAGCGGTTGTCATG-1,6
s2-rna-GCGAGCTAACTCCTAG-1,7
s2-rna-GCGAGGATCGACCTTA-1,1
s2-rna-GCGATCTTGCTCACGC-1,6
s2-rna-GCGATGACCGTGTAAT-1,0
s2-rna-GCGATGTACTGCTATT-1,5
s2-rna-GCGATTCTAACAGTAA-1,7
s2-rna-GCGGAGCCTGTAACAT-1,4
s2-rna-GCGGCAAGTGTTATGT-1,1
s2-rna-GCGGTCCTGTAGTCTG-1,4
s2-rna-GCGGTCGGCGTACCTT-1,4
s2-rna-GCGGTCGTTGATCTTG-1,4
s2-rna-GCGGTGGCCGACGCAT-1,0
s2-rna-GCGGTTGCCTCGACGG-1,9
s2-rna-GCGTAACGTTACAGGT-1,1
s2-rna-GCGTACCGGAACGACA-1,2
s2-rna-GCGTACCGGATGGCTC-1,0
s2-rna-GCGTACCGTGTATCAG-1,3
s2-rna-GCGTACGAATCTAATC-1,2
s2-rna-GCGTCCAGCAATTGGC-1,7
s2-rna-GCGTCCTCTGCCGTTG-1,4
s2-rna-GCGTCGGAATGCTGCC-1,2
s2-rna-GCGTCGGTCACGCCAG-1,4
s2-rna-GCGTCTCGCAACTCAT-1,0
s2-rna-GCGTTAATAGTCAGTA-1,5
s2-rna-GCGTTCGAGGCCACAA-1,4
s2-rna-GCGTTGTATCGGAGCT-1,3
s2-rna-GCTAACCATAGGCGTT-1,1
s2-rna-GCTACCATCCTGTAGA-1,2
s2-rna-GCTACTTCTGACGCGA-1,1
s2-rna-GCTATGCGTGAACGGT-1,0
s2-rna-GCTCAACCACGGCAAC-1,0
s2-rna-GCTCATACAATTAGAC-1,8
s2-rna-GCTCCGAGACTACATA-1,1
s2-rna-GCTCCGGCAACATGAT-1,7
s2-rna-GCTCCTATGTCTTCGC-1,1
s2-rna-GCTCGATGCTCGCATG-1,0
s2-rna-GCTCGCATCGTCATTA-1,1
s2-rna-GCTCGGACCTTCAAGT-1,4
s2-rna-GCTCGGAGATGAATGT-1,1
s2-rna-GCTCGTCTGCCGCAAT-1,2
s2-rna-GCTGAATGACCGTGAG-1,1
s2-rna-GCTGACAGCCGGAGCG-1,0
s2-rna-GCTGACCGCATCGGAT-1,4
s2-rna-GCTGACTTGTCTCAAT-1,8
s2-rna-GCTGAGGACAAGAAGT-1,3
s2-rna-GCTGAGTGTTCAACCG-1,3
s2-rna-GCTGCCGCCTATGTAG-1,1
s2-rna-GCTGCGTTATGTGGAC-1,9
s2-rna-GCTGGATGACTCTACC-1,0
s2-rna-GCTGTAGTGCTGTCGC-1,1
s2-rna-GCTGTTATGGTTGCCG-1,5
s2-rna-GCTGTTCAACCGAATA-1,5
s2-rna-GCTGTTGATAGTCTTA-1,3
s2-rna-GCTTAATAGAGGCGAG-1,0
s2-rna-GCTTACATGTTGCGCT-1,9
s2-rna-GCTTAGACTACCAATG-1,7
s2-rna-GCTTATCCGCATTCTT-1,4
s2-rna-GCTTCGCTCAAGCGAT-1,4
s2-rna-GCTTCGGCATCAGAGT-1,2
s2-rna-GCTTCTAAGTCTGACG-1,2
s2-rna-GCTTCTAGCGTTCATT-1,1
s2-rna-GCTTCTCAGACCGCCT-1,3
s2-rna-GCTTCTCCAGAACCGC-1,3
s2-rna-GCTTCTGTTACGAGAA-1,1
s2-rna-GCTTCTTGAATCGGTT-1,2
s2-rna-GCTTCTTGGACGAGCG-1,0
s2-rna-GCTTGAACTCCATCCA-1,9
s2-rna-GCTTGACCTCCGCTTC-1,5
s2-rna-GCTTGAGCTCTTGACA-1,0
s2-rna-GCTTGCAATACAAGGC-1,5
s2-rna-GCTTGCCATAGTGGAT-1,0
s2-rna-GCTTGCTTACTTAACG-1,2
s2-rna-GCTTGGATCCAACCGG-1,9
s2-rna-GCTTGGATGCTCGCTT-1,2
s2-rna-GCTTGGCTGCGGTAAC-1,3
s2-rna-GCTTGGTCAACCGTGG-1,2
s2-rna-GCTTGGTGTTCGAACA-1,5
s2-rna-GGAACATCGTGGAATC-1,6
s2-rna-GGAACGATAACATTAT-1,0
s2-rna-GGAACTTCGACATGTC-1,1
s2-rna-GGAAGAATAACTAACC-1,4
s2-rna-GGAAGCAGTCATTCAG-1,7
s2-rna-GGAAGCATTAGAGGCA-1,9
s2-rna-GGAAGTCTTGTCGCAT-1,5
s2-rna-GGAATCCTTAGACTGT-1,1
s2-rna-GGAATGCACCTCAATA-1,4
s2-rna-GGAATGGCAACTTGGA-1,3
s2-rna-GGACAGTGCGGCAACA-1,0
s2-rna-GGACCACTTATCGTTC-1,9
s2-rna-GGACCATCACCGCCAA-1,2
s2-rna-GGACCGATCTGGATTA-1,8
s2-rna-GGACCGCTTCCTGGCA-1,1
s2-rna-GGACGGCTATCGACCA-1,4
s2-rna-GGACGGTATGCGGCTG-1,4
s2-rna-GGACGGTGCAGTAGGA-1,7
s2-rna-GGACGTACATACCAGA-1,5
s2-rna-GGACGTACTTCGGACA-1,7
s2-rna-GGACGTAGTGTAGAAG-1,0
s2-rna-GGACGTCGAACGGCTT-1,3
s2-rna-GGACGTCGAGGATTCA-1,3
s2-rna-GGACGTCGCACGAGAA-1,3
s2-rna-GGACGTTAGATATTAC-1,2
s2-rna-GGACGTTAGATTCAGG-1,2
s2-rna-GGACGTTGGAGGTGAT-1,0
s2-rna-GGACTCACGGTCCAAT-1,4
s2-rna-GGACTCACTAGAGCCG-1,0
s2-rna-GGAGAAGCCAAGCGCT-1,2
s2-rna-GGAGACTATTGTGACA-1,0
s2-rna-GGAGATCCGTAGGATA-1,7
s2-rna-GGAGATCCTGTACCAG-1,2
s2-rna-GGAGATGCGTGCAGTA-1,3
s2-rna-GGAGATGGCTCGAGAT-1,0
s2-rna-GGAGATGTGCCATAAC-1,0
s2-rna-GGAGCGAATTGGACGG-1,6
s2-rna-GGAGCGAGTGTAACTT-1,1
s2-rna-GGAGCGGCACCTCGTA-1,6
s2-rna-GGAGGTCGTAGGAGCT-1,2
s2-rna-GGAGTCCAGATAGCTT-1,1
s2-rna-GGAGTCTAAGGCCGCT-1,4
s2-rna-GGAGTCTAAGTGGTCC-1,6
s2-rna-GGAGTGTCCATGTATT-1,7
s2-rna-GGATAAGTCAGGATAG-1,3
s2-rna-GGATAATTATGCTGGT-1,0
s2-rna-GGATAATTCAATGCTG-1,5
s2-rna-GGATCGAGTGTCCACT-1,4
s2-rna-GGATCGCTGGCATATT-1,2
s2-rna-GGATGGATCACTCATA-1,0
s2-rna-GGATGTAACTAATCCG-1,4
s2-rna-GGATTCCGACGTGATG-1,8
s2-rna-GGCAAGACAATCAGCT-1,5
s2-rna-GGCAATGCGAACTTAA-1,0
s2-rna-GGCACGACGGACGTCG-1,4
s2-rna-GGCAGCCGGCACTTCC-1,2
s2-rna-GGCAGCGTATACGACT-1,9
s2-rna-GGCAGCTCCTGGACGG-1,3
s2-rna-GGCAGGAAGTCTTCTA-1,7
s2-rna-GGCATAATCCTATCGC-1,0
s2-rna-GGCATAATCCTTCATG-1,5
s2-rna-GGCATACATGGCTCAG-1,0
s2-rna-GGCATTCCGATGCTCG-1,2
s2-rna-GGCATTGCTAAGAATG-1,9
s2-rna-GGCCAAGATGGATGGC-1,0
s2-rna-GGCCAGTAGGTATGAG-1,7
s2-rna-GGCCATGCTCCTCGTG-1,2
s2-rna-GGCCATTAGCTAGTGG-1,0
s2-rna-GGCCGCCAACTATTGC-1,5
s2-rna-GGCCGTCCAGTAGGAC-1,1
s2-rna-GGCCTGCGTTATGCCG-1,1
s2-rna-GGCCTTCGACCAGGTA-1,3
s2-rna-GGCCTTGGATGTTGTC-1,5
s2-rna-GGCGACCATAGCGTTA-1,7
s2-rna-GGCGAGGCAGCCTACT-1,9
s2-rna-GGCGATCGGTCTGCTC-1,2
s2-rna-GGCGCCAAGGAGCGCT-1,1
s2-rna-GGCGCCACCGGAGCAA-1,2
s2-rna-GGCGCCACTGAACATC-1,2
s2-rna-GGCGCCGTCGGACATA-1,5
s2-rna-GGCGCCGTGGTTACAT-1,4
s2-rna-GGCGCTAATATGCTCC-1,1
s2-rna-GGCGGAAGTCTTGTAG-1,8
s2-rna-GGCGGAGCACTGATAA-1,6
s2-rna-GGCGGAGTTGAACTAT-1,3
s2-rna-GGCGGATACAACGCAC-1,5
s2-rna-GGCGGATATTGATTGA-1,2
s2-rna-GGCGTCGCCGTATGAT-1,1
s2-rna-GGCGTCGGTAGTGATA-1,8
s2-rna-GGCGTGGCACGGCACT-1,3
s2-rna-GGCGTGTAATTACTTA-1,8
s2-rna-GGCTCAATCAACATGA-1,8
s2-rna-GGCTGACGCCGAATCA-1,2
s2-rna-GGCTGTTCAATGTCAA-1,0
s2-rna-GGCTTGCCATAGGCTC-1,6
s2-rna-GGTAAGGCGACGATGA-1,3
s2-rna-GGTACCACCTATACCT-1,4
s2-rna-GGTACCAGGTAGTGTT-1,2
s2-rna-GGTACGATCGACTTAA-1,3
s2-rna-GGTACGCTTACCTGCG-1,6
s2-rna-GGTACGGAGCATCAGC-1,2
s2-rna-GGTACGGTATGCTCCA-1,1
s2-rna-GGTACGTGCTCGGCAA-1,2
s2-rna-GGTACTGTGATCTTCC-1,5
s2-rna-GGTAGCCAAGGTACTT-1,6
s2-rna-GGTAGCCATCAATCCG-1,2
s2-rna-GGTAGCGTACATCTGT-1,7
s2-rna-GGTAGCTTAGCCAATC-1,1
s2-rna-GGTAGGCCACATGCAA-1,4
s2-rna-GGTAGGTTGTTACGGC-1,6
s2-rna-GGTAGGTTGTTCTAAG-1,5
s2-rna-GGTAGTACAGGTTAGA-1,3
s2-rna-GGTAGTACCGCAACAG-1,8
s2-rna-GGTAGTGCATGAAGTG-1,4
s2-rna-GGTAGTTGAAGTCCAT-1,5
s2-rna-GGTATGCAACAGTGGC-1,5
s2-rna-GGTATGGTCAGGTTGG-1,5
s2-rna-GGTATGGTTGTCCTCG-1,0
s2-rna-GGTCACCGCATAACAA-1,0
s2-rna-GGTCATGCTCTGCCAA-1,4
s2-rna-GGTCCTGCGAGTAGGT-1,3
s2-rna-GGTCTGAAGGTTCGAA-1,4
s2-rna-GGTCTGAAGTATGTCA-1,0
s2-rna-GGTCTGCGAACTGTAT-1,0
s2-rna-GGTCTGGTATGTGGCC-1,0
s2-rna-GGTCTGGTTGTAGAAC-1,5
s2-rna-GGTCTTATAGGCTGGC-1,1
s2-rna-GGTCTTCCGCACATCC-1,2
s2-rna-GGTCTTCCGGCTGGAC-1,0
s2-rna-GGTCTTGAACCGGCCA-1,1
s2-rna-GGTGCAATCAGACTTC-1,2
s2-rna-GGTGCACTCCGGTTCG-1,1
s2-rna-GGTGCAGGCACCGCGT-1,2
s2-rna-GGTGCAGTGGTCTTAT-1,8
s2-rna-GGTGCAGTTCCATATG-1,3
s2-rna-GGTGCATCCAGAACGG-1,4
s2-rna-GGTGGCTTATTGCGTG-1,2
s2-rna-GGTGTCACCAGCGAAC-1,3
s2-rna-GGTTACAGCCGGCCGG-1,2
s2-rna-GGTTACCAGACAACAT-1,9
s2-rna-GGTTACGGACGATTAA-1,2
s2-rna-GGTTAGACTCACTAGC-1,0
s2-rna-GGTTAGACTCGGAGGT-1,9
s2-rna-GGTTAGATGAGTCTAA-1,4
s2-rna-GGTTAGCTTCATGAGT-1,2
s2-rna-GGTTAGTATGAGTGTC-1,3
s2-rna-GGTTCAAGGTTAAGCC-1,4
s2-rna-GGTTCACCGACTCACG-1,3
s2-rna-GGTTCATTCCGGCCTC-1,3
s2-rna-GGTTCTATACCGCTTG-1,0
s2-rna-GGTTCTCCTATCAGTT-1,2
s2-rna-GGTTCTCGTGATGTGA-1,9
s2-rna-GGTTCTGGAGTCTACC-1,4
s2-rna-GGTTGACCATTGCTGT-1,4
s2-rna-GGTTGATAAGTACCTG-1,4
s2-rna-GGTTGCGATTGAACAG-1,7
s2-rna-GGTTGCTACCGGAACA-1,0
s2-rna-GTAACACCGAGCGTTA-1,1
s2-rna-GTAACATACACCTGTT-1,3
s2-rna-GTAACATCTTATAATG-1,4
s2-rna-GTAACCACCTACAACC-1,4
s2-rna-GTAACCTAGCGTCACG-1,8
s2-rna-GTAAGTAATTACAATC-1,7
s2-rna-GTAAGTATTGCTATCG-1,6
s2-rna-GTAAGTTGCGGAGCGT-1,3
s2-rna-GTAAGTTGCTGGTGGA-1,2
s2-rna-GTAATAGTCCTAAGCC-1,7
s2-rna-GTAATCACGCACAGCT-1,0
s2-rna-GTAATCAGGCGGACGG-1,2
s2-rna-GTAATCTTGTCTAGTT-1,3
s2-rna-GTAATGACGGTCTACG-1,5
s2-rna-GTAATGATCACGTAAG-1,8
s2-rna-GTACAACTCGGCAGAA-1,2
s2-rna-GTACAGAACAGGACTC-1,0
s2-rna-GTACAGATGACATCGC-1,8
s2-rna-GTACAGCCGTTACAGA-1,2
s2-rna-GTACAGCTGAGCCGGA-1,5
s2-rna-GTACAGGAACGAATGG-1,5
s2-rna-GTACAGTATCGGAATT-1,1
s2-rna-GTACATAAGCTACGCC-1,5
s2-rna-GTACCTGAAGTGAATG-1,2
s2-rna-GTACCTTCATGTGCAA-1,2
s2-rna-GTACGAACAGACTAGG-1,7
s2-rna-GTACGAAGATTATCCG-1,1
s2-rna-GTACGAAGGATTATTG-1,2
s2-rna-GTACGAATTACATAAT-1,8
s2-rna-GTACGAATTCTACCAA-1,8
s2-rna-GTACGACAGCTCCGGA-1,4
s2-rna-GTACGAGGTAGTGCAC-1,2
s2-rna-GTACGATTAGTCTACA-1,1
s2-rna-GTACGCCTCGCTTCCA-1,2
s2-rna-GTACGCTCGCCAACAT-1,0
s2-rna-GTACGCTTGATACCAC-1,9
s2-rna-GTACGGTTAATGCAGG-1,4
s2-rna-GTACTACCGTTAGGTG-1,6
s2-rna-GTACTGCATAAGGTTA-1,0
s2-rna-GTACTTAACTTCAGCG-1,1
s2-rna-GTACTTACTTCATACC-1,3
s2-rna-GTACTTAGTTGCGAAT-1,4
s2-rna-GTACTTCTGATCCTCG-1,6
s2-rna-GTAGAAGGACATCATA-1,0
s2-rna-GTAGAAGTAAGCTGCG-1,0
s2-rna-GTAGAATCGCACATCG-1,6
s2-rna-GTAGACCTGTCAACCA-1,4
s2-rna-GTAGCAACGACCGTGG-1,1
s2-rna-GTAGCACGAGCTCAAG-1,2
s2-rna-GTAGCAGAACATGGTG-1,1
s2-rna-GTAGCAGAAGACTCTT-1,4
s2-rna-GTAGCAGAGCAATAGC-1,5
s2-rna-GTAGCATCGAAGGTCT-1,5
s2-rna-GTAGCCAGTGCGGTTG-1,9
s2-rna-GTAGCCGCACTCCATC-1,1
s2-rna-GTAGCCTAAGGTTAGT-1,5
s2-rna-GTAGCGCCTGAACTCA-1,6
s2-rna-GTAGCGCTAGATCCGT-1,4
s2-rna-GTAGCGCTCATCAGGT-1,0
s2-rna-GTAGCGTGGCACGCAG-1,4
s2-rna-GTAGGAGCAACAGGCA-1,2
s2-rna-GTAGGTGATAATTCAC-1,6
s2-rna-GTAGTCAGACCAATGT-1,9
s2-rna-GTAGTCCAGCGGACAT-1,5
s2-rna-GTAGTCCATTGTTCGT-1,4
s2-rna-GTAGTCCGTGTACTAA-1,7
s2-rna-GTATAAGGCGTCTTCA-1,4
s2-rna-GTATACATAGGTTGCC-1,7
s2-rna-GTATACATTGGCTCAG-1,9
s2-rna-GTATACGGTACACGCA-1,6
s2-rna-GTATCTACAGATCTCC-1,1
s2-rna-GTATCTAGCTACCAGC-1,2
s2-rna-GTATCTGTCAACGGTG-1,1
s2-rna-GTATCTGTGGCGTCTA-1,5
s2-rna-GTATGACATAAGACGG-1,5
s2-rna-GTATGATAGTATGGAT-1,6
s2-rna-GTATGATCACTTGACG-1,7
s2-rna-GTATGCGGTATCATGA-1,2
s2-rna-GTATGCTTGCGACTAA-1,4
s2-rna-GTATGGTGGAGCGGCC-1,5
s2-rna-GTATGTAGCAGGCATA-1,0
s2-rna-GTATGTAGCTCACCTT-1,1
s2-rna-GTATGTGCAAGCCGGA-1,1
s2-rna-GTATGTTAGTTCTACC-1,4
s2-rna-GTATGTTCTGGATCGC-1,9
s2-rna-GTATTACGAGTCAATC-1,8
s2-rna-GTATTACGGCCATTAT-1,2
s2-rna-GTATTACGGTATTGAG-1,2
s2-rna-GTATTAGGTTATCTGC-1,0
s2-rna-GTATTATGAGTTAGCG-1,3
s2-rna-GTATTCCAAGTTACCT-1,0
s2-rna-GTATTCCGCTCGGATG-1,1
s2-rna-GTATTCGTGACTTGAT-1,0
s2-rna-GTATTCTAAGTGCTGT-1,2
s2-rna-GTCAACAGACGCACGT-1,0
s2-rna-GTCAACAGCATAGATT-1,1
s2-rna-GTCAACAGCGCACCGA-1,1
s2-rna-GTCAACAGTTAAGTGA-1,0
s2-rna-GTCAACATGGTGCTAT-1,3
s2-rna-GTCAACCTGACGATAG-1,0
s2-rna-GTCACCAAGAGCGGTG-1,1
s2-rna-GTCACTAAGAGGAATA-1,1
s2-rna-GTCACTAAGCCAGCGG-1,0
s2-rna-GTCACTACTTAATGGA-1,1
s2-rna-GTCACTGAATCTCACC-1,1
s2-rna-GTCACTTACGTGTATG-1,9
s2-rna-GTCACTTATCCAAGAC-1,2
s2-rna-GTCACTTATGAATGCG-1,1
s2-rna-GTCACTTATGTCGTAT-1,2
s2-rna-GTCAGCCAACATCACG-1,3
s2-rna-GTCAGCCATTGTGCGG-1,4
s2-rna-GTCAGCCTCCGAACCT-1,2
s2-rna-GTCAGCGATGTAATTG-1,6
s2-rna-GTCAGCGATTGATTCA-1,7
s2-rna-GTCAGCTCAATCAAGG-1,3
s2-rna-GTCAGCTGGTGAGGCG-1,4
s2-rna-GTCAGGATCAACCAAC-1,5
s2-rna-GTCAGGTACGTGGCAT-1,1
s2-rna-GTCAGTAATCCAATTA-1,1
s2-rna-GTCAGTAGGTGACCGG-1,2
s2-rna-GTCAGTGAGGATCGTT-1,0
s2-rna-GTCAGTGCCAGAATAA-1,3
s2-rna-GTCAGTGCTGACAGCG-1,0
s2-rna-GTCAGTTCTGCCTGGA-1,2
s2-rna-GTCATCACGTGGTTCA-1,2
s2-rna-GTCATCACTATTGTGC-1,2
s2-rna-GTCATCAGTAGACCAG-1,3
s2-rna-GTCCATCTATACAAGG-1,1
s2-rna-GTCCGAATGCGGACAG-1,9
s2-rna-GTCCGACAGCCGCATT-1,3
s2-rna-GTCCTGCTTACGGCTG-1,0
s2-rna-GTCCTTCATCAGATCA-1,1
s2-rna-GTCCTTCATGGATTAG-1,5
s2-rna-GTCCTTCGGAACCTGC-1,8
s2-rna-GTCGAAGTCGTGTTCT-1,1
s2-rna-GTCGAGAACTAGACGA-1,4
s2-rna-GTCGAGTGCTCCTTCG-1,4
s2-rna-GTCGCAACGAGCTGAC-1,9
s2-rna-GTCGCACGCAGCCTGC-1,1
s2-rna-GTCGCAGATTACTGCA-1,2
s2-rna-GTCGCATGCGGTAGAT-1,7
s2-rna-GTCGCATTACCAGGCA-1,9
s2-rna-GTCGCTAAGTGAGGTT-1,6
s2-rna-GTCGGCCGTTGTGAAT-1,0
s2-rna-GTCGGCCTCCGGCATC-1,5
s2-rna-GTCGTAGACTGACAAG-1,0
s2-rna-GTCGTGCTAATGCCTT-1,6
s2-rna-GTCGTGTTCATGTCAG-1,4
s2-rna-GTCTAAGATCGGACTA-1,3
s2-rna-GTCTAAGCGGCACGCC-1,4
s2-rna-GTCTAATACGGCTAAG-1,0
s2-rna-GTCTAGCATGGTACGT-1,2
s2-rna-GTCTAGCGTTGTGACC-1,7
s2-rna-GTCTAGGACAGGATAA-1,7
s2-rna-GTCTAGTCTAGCGACG-1,3
s2-rna-GTCTATCAATGGATTA-1,8
s2-rna-GTCTATCAGTACTAAT-1,6
s2-rna-GTCTATCCAGGACGTC-1,2
s2-rna-GTCTATGGTGAAGAGC-1,0
s2-rna-GTCTATGTTAATAGAA-1,0
s2-rna-GTCTATTAGTGAGGCC-1,7
s2-rna-GTCTATTGCGAGTTAC-1,0
s2-rna-GTCTCATGACTAGTTG-1,1
s2-rna-GTCTCGACTGACGAGT-1,1
s2-rna-GTCTGAACAAGGTTAG-1,7
s2-rna-GTCTGATAGATTATAA-1,0
s2-rna-GTCTGATATCTGAATT-1,0
s2-rna-GTCTGCTCAACACCAA-1,5
s2-rna-GTCTGTGGATCTGACG-1,3
s2-rna-GTCTTCGATAGGTGTT-1,4
s2-rna-GTCTTCGGTAGCTACA-1,0
s2-rna-GTCTTGAACAATTACA-1,1
s2-rna-GTCTTGACAATAGCAA-1,6
s2-rna-GTCTTGACTTGCTCTG-1,0
s2-rna-GTCTTGATTGCCACCT-1,8
s2-rna-GTCTTGCGATGAATGC-1,7
s2-rna-GTCTTGCGGCGATTCA-1,4
s2-rna-GTCTTGCTGGACGATA-1,6
s2-rna-GTCTTGTATTGTAGAT-1,1
s2-rna-GTGAACATTCAACGAT-1,2
s2-rna-GTGAACGGTTCTAACG-1,2
s2-rna-GTGAACTCGTGGTATC-1,7
s2-rna-GTGAAGATGAGTGCCT-1,0
s2-rna-GTGAAGCCACAACCGG-1,4
s2-rna-GTGAAGTGATCGTGCT-1,2
s2-rna-GTGAATTAGACATTGC-1,4
s2-rna-GTGACAAGATGCTCAT-1,3
s2-rna-GTGACAATAGGTATGT-1,0
s2-rna-GTGACATACAGGTCCT-1,6
s2-rna-GTGACATATGCTAGAT-1,2
s2-rna-GTGACATGTACCACCT-1,5
s2-rna-GTGACCGGAGTCATAC-1,2
s2-rna-GTGACCGTGGATTAGC-1,3
s2-rna-GTGACTGTCCTGGTAT-1,3
s2-rna-GTGACTTCAACATCCG-1,7
s2-rna-GTGACTTCCTCACGAC-1,8
s2-rna-GTGAGCACCAGCATCC-1,7
s2-rna-GTGATCTACGAGATCC-1,3
s2-rna-GTGATGGATTAGAACA-1,9
s2-rna-GTGCAACGACGGTGTT-1,0
s2-rna-GTGCAACTACTGTACG-1,3
s2-rna-GTGCACCAATCATAAC-1,0
s2-rna-GTGCACTTGTAAGCAC-1,5
s2-rna-GTGCAGCCGGTCTGCA-1,3
s2-rna-GTGCAGGACTCCAAGG-1,5
s2-rna-GTGCAGGCACTCTAGG-1,0
s2-rna-GTGCAGGCTGGACATG-1,8
s2-rna-GTGCAGTTGTGGCGCT-1,6
s2-rna-GTGCATGGTTGAGTTC-1,9
s2-rna-GTGCATTCCTGTGGTC-1,0
s2-rna-GTGCATTGCAATGTTG-1,1
s2-rna-GTGCCGCATCCTTCCT-1,7
s2-rna-GTGCCGTCCTGTCAGC-1,1
s2-rna-GTGCCTGACACGTTGG-1,6
s2-rna-GTGCGTTCACGGATAA-1,4
s2-rna-GTGCTCAATGCAACCT-1,1
s2-rna-GTGGAACAGAAGTCGA-1,3
s2-rna-GTGGATAATCATAATC-1,4
s2-rna-GTGGCGACCTAATATT-1,4
s2-rna-GTGGCGAGGAAGGCTA-1,0
s2-rna-GTGGCGATAGGCAGAA-1,5
s2-rna-GTGGCGATCTGCGATA-1,5
s2-rna-GTGGCGCACCTGTTCC-1,3
s2-rna-GTGGCGCCAACAGCTC-1,4
s2-rna-GTGGCGCCACTACGCT-1,5
s2-rna-GTGGCGCCAGACTCGA-1,2
s2-rna-GTGGCGCCAGCTAACC-1,2
s2-rna-GTGGCTGAATGCGAGT-1,0
s2-rna-GTGGCTTCCTACCGTT-1,6
s2-rna-GTGGTACTGTTGTAGC-1,0
s2-rna-GTGGTACTTGGTTGGA-1,4
s2-rna-GTGGTAGGTCTAAGAA-1,2
s2-rna-GTGGTCGCTCTGTAGC-1,2
s2-rna-GTGGTTACCTTGCGCA-1,9
s2-rna-GTGGTTGACAAGGAGC-1,0
s2-rna-GTGGTTGCACGCGGCA-1,4
s2-rna-GTGGTTGCCGCTTCAA-1,1
s2-rna-GTTAACAACTTCGGAT-1,6
s2-rna-GTTAACTCCGACCACT-1,6
s2-rna-GTTACAGGTACATGGC-1,4
s2-rna-GTTAGACAATGGATGA-1,5
s2-rna-GTTAGAGGTGTTAAGA-1,9
s2-rna-GTTAGGAAGTATACGA-1,7
s2-rna-GTTAGGTACTAACTGG-1,0
s2-rna-GTTAGGTCCACTGGCG-1,5
s2-rna-GTTATGATACGATTAT-1,2
s2-rna-GTTATGTTGCTTAGAT-1,5
s2-rna-GTTATTCGGCCATTCG-1,8
s2-rna-GTTATTCGTAACGTCC-1,0
s2-rna-GTTATTGCTGAATCCG-1,4
s2-rna-GTTCATACCTTGGTTA-1,2
s2-rna-GTTCATCTTACATTCC-1,8
s2-rna-GTTCCAGTGCCTTACC-1,1
s2-rna-GTTCCGATGAACCGGC-1,4
s2-rna-GTTCCGTACCTCCACT-1,4
s2-rna-GTTCCGTCATACGGCT-1,5
s2-rna-GTTCCGTCTTATCTTA-1,1
s2-rna-GTTCCTGAACCTTCAA-1,2
s2-rna-GTTCCTTGAGGAACGC-1,0
s2-rna-GTTCGCTGGTATTAGA-1,8
s2-rna-GTTCGTAGGTAGTGAA-1,1
s2-rna-GTTCTACTATCATATT-1,4
s2-rna-GTTCTACTTATGGTAG-1,5
s2-rna-GTTCTTACTGAAGTAT-1,1
s2-rna-GTTCTTGATCTGTTGA-1,2
s2-rna-GTTGAAGGAAGTCGGC-1,1
s2-rna-GTTGAATAAGTCAGCA-1,8
s2-rna-GTTGAATCAACCTGGC-1,7
s2-rna-GTTGAATGGTACAGTA-1,6
s2-rna-GTTGAATGTTGCTGCC-1,1
s2-rna-GTTGACATGAACCAAC-1,2
s2-rna-GTTGACGAACCAGAAC-1,1
s2-rna-GTTGACGGATAGCCAT-1,9
s2-rna-GTTGACGTCAGATTAG-1,1
s2-rna-GTTGACTAGAGCACGT-1,3
s2-rna-GTTGACTTCTATGCTG-1,7
s2-rna-GTTGAGCTTCGTCCGG-1,2
s2-rna-GTTGCCACAAGTCATA-1,7
s2-rna-GTTGCCACGACAAGAA-1,5
s2-rna-GTTGCTACGTCTTAAT-1,5
s2-rna-GTTGCTTGCAATCACT-1,7
s2-rna-GTTGGCGTGAGCGACC-1,3
s2-rna-GTTGGTCCGCCAATCT-1,2
s2-rna-GTTGTCCTGTGATGTA-1,1
s2-rna-GTTGTCGTAATATGGA-1,4
s2-rna-TAACAGCAGGCCTTAC-1,7
s2-rna-TAACAGGAACCGACAA-1,0
s2-rna-TAACAGGTCCATACCA-1,1
s2-rna-TAACATGCGTGCGAAC-1,3
s2-rna-TAACATGGCCACCTCC-1,2
s2-rna-TAACCAAGGTGCTCTA-1,4
s2-rna-TAACCGGATGGACAGG-1,3
s2-rna-TAACCGTACCATCCTG-1,0
s2-rna-TAACCTTGAGACTTCG-1,9
s2-rna-TAACGAATCCTAGATA-1,0
s2-rna-TAACGAATGCTCCAAT-1,4
s2-rna-TAACGACCTTGCCTAT-1,5
s2-rna-TAACGAGCCGAAGGTC-1,3
s2-rna-TAACGAGCGTCTGGCC-1,7
s2-rna-TAACGAGTTGCCAACC-1,2
s2-rna-TAACGCATTGGTCCAA-1,6
s2-rna-TAACGCGTAATATGGC-1,2
s2-rna-TAACGCGTCAAGCGTT-1,4
s2-rna-TAACGCGTCCTACAAC-1,1
s2-rna-TAACGCTCATACGGCA-1,7
s2-rna-TAACGCTTATGCCATA-1,1
s2-rna-TAACGCTTCGGCACTT-1,6
s2-rna-TAACGTCACTATAATC-1,1
s2-rna-TAACGTGATTCACTAG-1,0
s2-rna-TAACGTGCCATAGTTA-1,3
s2-rna-TAACGTTGCGTCGATG-1,9
s2-rna-TAACTCCAACATGGAC-1,7
s2-rna-TAACTTGCACGGCGGA-1,1
s2-rna-TAAGAACAGGTGTAAC-1,5
s2-rna-TAAGAATATGAGATAG-1,2
s2-rna-TAAGACCGAGTGAACA-1,8
s2-rna-TAAGATTAGATATTCC-1,4
s2-rna-TAAGATTGAGATTACA-1,1
s2-rna-TAAGATTGCTCACTTC-1,2
s2-rna-TAAGCAAGTAATGTGG-1,5
s2-rna-TAAGCACGAGACCTAC-1,0
s2-rna-TAAGCAGTAGATACTC-1,6
s2-rna-TAAGCCACAATTGCCT-1,6
s2-rna-TAAGCCTGGCTTCAGT-1,0
s2-rna-TAAGCCTGTAGCGTCC-1,1
s2-rna-TAAGCTCCTTCACGCC-1,9
s2-rna-TAAGGACGCCTGGTTG-1,3
s2-rna-TAAGGATCTGAAGATA-1,1
s2-rna-TAAGGATTGGAAGTGG-1,6
s2-rna-TAAGGTATGAATGCTA-1,5
s2-rna-TAAGGTCCGTGACCGT-1,8
s2-rna-TAAGTGGCCGCTCACC-1,2
s2-rna-TAATACCATTCTAGAT-1,4
s2-rna-TAATACCGTTAATTGC-1,3
s2-rna-TAATAGCGCTGTACTC-1,3
s2-rna-TAATCGACATTGTTGG-1,3
s2-rna-TAATCGCAATGTAATA-1,8
s2-rna-TAATCTGATAAGATGT-1,9
s2-rna-TAATGACGAAGCGGCT-1,0
s2-rna-TAATGATCCGGTTATT-1,7
s2-rna-TAATGATCTACTAACC-1,4
s2-rna-TAATGTGCACGATCTG-1,0
s2-rna-TAATTAAGGAGTACTG-1,9
s2-rna-TAATTACCGGTGCGAG-1,2
s2-rna-TAATTAGCTCGATTGT-1,0
s2-rna-TAATTCCTGCAGAAGG-1,7
s2-rna-TAATTGACGTCGTTCC-1,7
s2-rna-TAATTGATTCTGTCGC-1,5
s2-rna-TACAACGGACGGCTCA-1,3
s2-rna-TACAAGCAGATCGTTG-1,4
s2-rna-TACAAGCGCCTCTACA-1,3
s2-rna-TACAAGCGGAAGTACG-1,8
s2-rna-TACAAGGTCGACAAGT-1,7
s2-rna-TACAAGTGTCTGTCCG-1,9
s2-rna-TACACCAGTGCCGACA-1,0
s2-rna-TACACCTCGTACTCCA-1,0
s2-rna-TACACCTTGCGGCAGG-1,2
s2-rna-TACACTCAGTAGAATG-1,0
s2-rna-TACACTGCAGGTTAGA-1,3
s2-rna-TACACTGCGTCCGGAC-1,2
s2-rna-TACACTGTAGTCAACG-1,5
s2-rna-TACACTGTCGAACCAA-1,2
s2-rna-TACACTTCGAGGTGAC-1,6
s2-rna-TACACTTCGCACCGAT-1,0
s2-rna-TACAGTACTTAGTGTA-1,9
s2-rna-TACAGTCTCGGCACGG-1,4
s2-rna-TACATAGCAGACCAAG-1,4
s2-rna-TACATATGCACCAGTG-1,6
s2-rna-TACATCGGACAACTGG-1,2
s2-rna-TACATCGTCAGCGGTT-1,3
s2-rna-TACATCTAACATGTCC-1,0
s2-rna-TACATTGAATACGATC-1,0
s2-rna-TACATTGAATGAACGT-1,7
s2-rna-TACATTGACTGAGTCC-1,7
s2-rna-TACCAGACAACCTCAG-1,0
s2-rna-TACCATCTCGGCCGAA-1,7
s2-rna-TACCATTGTCCGCCTT-1,4
s2-rna-TACCTCAGCGGTTGAT-1,4
s2-rna-TACCTCAGGCAACAGA-1,2
s2-rna-TACCTGCGGTTGTCCT-1,8
s2-rna-TACCTGTTAACGGCCT-1,5
s2-rna-TACGACCGAGCGCAAC-1,6
s2-rna-TACGACGCGATTCAAG-1,2
s2-rna-TACGACGTCTCATATT-1,2
s2-rna-TACGACTCTGAACACT-1,1
s2-rna-TACGACTGATAATCGC-1,4
s2-rna-TACGAGATTGGTCTGT-1,0
s2-rna-TACGCCGGAGTTCTGA-1,1
s2-rna-TACGCCTTGCCGTGTT-1,3
s2-rna-TACGCTCCGGTTGGTA-1,2
s2-rna-TACGGAACAGACGCGG-1,0
s2-rna-TACGGAATACTCGTTC-1,3
s2-rna-TACGGAATTGAACCAA-1,3
s2-rna-TACGGAGGAAGCACCT-1,2
s2-rna-TACGGATCAGCCATCC-1,2
s2-rna-TACGGATCCTTGCGAT-1,5
s2-rna-TACGGCCTTGTAGGAG-1,0
s2-rna-TACGGTAGTTGCGTGA-1,1
s2-rna-TACGGTTAATGTACTA-1,1
s2-rna-TACGTAATCTAGTAAG-1,9
s2-rna-TACGTACACCTTAAGC-1,1
s2-rna-TACGTATCGAGGTTGT-1,6
s2-rna-TACGTGGAGGCATGGC-1,5
s2-rna-TACGTGGCATCATATG-1,9
s2-rna-TACGTGTACATCCGTG-1,5
s2-rna-TACGTTACTGGTAGCG-1,4
s2-rna-TACTAGGATCAATGGC-1,1
s2-rna-TACTAGTACCGGATGG-1,6
s2-rna-TACTATGTTGAATCTT-1,8
s2-rna-TACTCACTACTCACTC-1,4
s2-rna-TACTCCGAAGTAGAAT-1,1
s2-rna-TACTCCGCCAATACAA-1,3
s2-rna-TACTCCTACATCAACT-1,2
s2-rna-TACTCCTGAAGGATTA-1,4
s2-rna-TAGAATTCAACGTGGC-1,5
s2-rna-TAGACAATACTGGAAG-1,4
s2-rna-TAGACACCGGCGTCAA-1,0
s2-rna-TAGACAGGAGATCATT-1,1
s2-rna-TAGACAGTTCAGATTA-1,0
s2-rna-TAGACATACGTCTAAT-1,1
s2-rna-TAGACATGGTTAGGTC-1,2
s2-rna-TAGACCAGGATATCGG-1,5
s2-rna-TAGACCATCGATTGAG-1,7
s2-rna-TAGACCATTGCTTAGA-1,5
s2-rna-TAGACCGAAGCAGAGC-1,3
s2-rna-TAGACCGCGGAAGGAC-1,3
s2-rna-TAGACCGGCCAGTACG-1,0
s2-rna-TAGACCTGAGGAGCTG-1,1
s2-rna-TAGAGCAGACAGTCCA-1,0
s2-rna-TAGAGGCGATTGATTC-1,2
s2-rna-TAGATGAGCCGTCATT-1,9
s2-rna-TAGATGCGTGCCAGCG-1,4
s2-rna-TAGATGGCTGTATGCC-1,2
s2-rna-TAGATGTCGAGGCCAG-1,7
s2-rna-TAGCAATACTCGAACA-1,4
s2-rna-TAGCAATTATGGACCG-1,5
s2-rna-TAGCAGTCGTCATGAA-1,2
s2-rna-TAGCAGTGATTCTGTC-1,0
s2-rna-TAGCCGCAATACCTGC-1,6
s2-rna-TAGCGTACCTTGACAT-1,3
s2-rna-TAGCGTACGGAGCGCC-1,4
s2-rna-TAGCGTATAGCGCTAA-1,2
s2-rna-TAGCGTCACGACAGGC-1,3
s2-rna-TAGCGTCTCGGTCTAT-1,4
s2-rna-TAGCGTTATGACCTCC-1,4
s2-rna-TAGCTACCATACTGCT-1,2
s2-rna-TAGCTACCTGTAGGAT-1,7
s2-rna-TAGCTAGAAGCGATCA-1,0
s2-rna-TAGCTAGAGCACGCCG-1,3
s2-rna-TAGCTAGAGGCCTGAA-1,3
s2-rna-TAGCTATGTTGAGCAC-1,4
s2-rna-TAGCTCGAATCGTCCG-1,2
s2-rna-TAGCTTAAGCTGGCGT-1,3
s2-rna-TAGGACATCAGCATGG-1,1
s2-rna-TAGGACGGCCAGCCGA-1,3
s2-rna-TAGGACTTCATGTTAT-1,5
s2-rna-TAGGAGCCAGACTCAG-1,4
s2-rna-TAGGAGGCGTATTGCC-1,4
s2-rna-TAGGATGCACCGTTCA-1,3
s2-rna-TAGGCATCGGAGCCTC-1,4
s2-rna-TAGGCATCTGCGGACC-1,8
s2-rna-TAGGCGAGCGATCGGT-1,6
s2-rna-TAGGCGCATATCTAAC-1,2
s2-rna-TAGGCTCCGGCATACA-1,0
s2-rna-TAGGCTTATCTAGCTC-1,5
s2-rna-TAGGTCTACTCGTGAA-1,9
s2-rna-TAGGTCTGCCTCTGTA-1,1
s2-rna-TAGGTCTTGGCTCGTC-1,2
s2-rna-TAGTAAGCGGTGGATA-1,5
s2-rna-TAGTATAACCTCGACA-1,8
s2-rna-TAGTATCCAATTACGT-1,0
s2-rna-TAGTATTGCCGAGTTG-1,2
s2-rna-TAGTCACTGGATAGGC-1,5
s2-rna-TAGTGAACATGCAGAT-1,2
s2-rna-TAGTGAATGTTCAGTG-1,3
s2-rna-TAGTGACCAGTTGCGG-1,4
s2-rna-TAGTGACCGTCGATTA-1,0
s2-rna-TAGTGACTCAATTGCT-1,6
s2-rna-TAGTGACTCGCTCCGC-1,1
s2-rna-TAGTGAGGACATGTTG-1,1
s2-rna-TAGTGAGGTATCGACC-1,8
s2-rna-TAGTGATGACTCCTGG-1,0
s2-rna-TAGTGCACATAGTCTG-1,0
s2-rna-TAGTGCACTATTGTCA-1,4
s2-rna-TAGTGCAGCTGGCGTC-1,0
s2-rna-TAGTGCAGTGCGGTAG-1,0
s2-rna-TAGTGCGTGGAGAAGT-1,4
s2-rna-TAGTGCTGTAGCGTTG-1,8
s2-rna-TAGTGGTTGAACCAAT-1,6
s2-rna-TAGTTACATAGAAGAT-1,4
s2-rna-TAGTTCAATCGACCTC-1,3
s2-rna-TAGTTCCGATAGAATC-1,1
s2-rna-TAGTTCGAATTAGCGG-1,2
s2-rna-TAGTTCGAGTAGGAAG-1,2
s2-rna-TAGTTCGATCCTCACG-1,5
s2-rna-TAGTTGAGCCAGCCAG-1,7
s2-rna-TAGTTGAGTTCTGCAC-1,5
s2-rna-TAGTTGGCTTAGGCCT-1,6
s2-rna-TATCAACGAATATGAG-1,0
s2-rna-TATCAAGGCCGCGTGG-1,1
s2-rna-TATCAAGGCTCGTCGG-1,9
s2-rna-TATCAATCGCCGAGTG-1,7
s2-rna-TATCAATGCCGCTCAC-1,6
s2-rna-TATCACATAGCGAACT-1,5
s2-rna-TATCACCGGCATCGTG-1,0
s2-rna-TATCACTTCGAGCCGT-1,0
s2-rna-TATCATGGATGTTGCC-1,2
s2-rna-TATCCAAGCGCCGTAG-1,1
s2-rna-TATCCAATACCGCAAT-1,9
s2-rna-TATCCACTTGCGTATC-1,9
s2-rna-TATCCGATCTTGGCGG-1,4
s2-rna-TATCCTGCGGTTGATC-1,0
s2-rna-TATCTAGTCGCATGCA-1,8
s2-rna-TATCTAGTGAATGATC-1,5
s2-rna-TATCTAGTGCCATATT-1,5
s2-rna-TATGAACTACGCGGTG-1,3
s2-rna-TATGAAGCGACCGTCC-1,6
s2-rna-TATGACAATGCTTGAA-1,1
s2-rna-TATGACAGCGAGAAGC-1,3
s2-rna-TATGACCGATGAAGTG-1,6
s2-rna-TATGACGCGTATGTCG-1,1
s2-rna-TATGACGGAGATTGGC-1,8
s2-rna-TATGACTCAATGATCG-1,0
s2-rna-TATGAGCGATCCATTA-1,8
s2-rna-TATGAGGATCTACTGG-1,8
s2-rna-TATGAGTTCCGAGTGA-1,3
s2-rna-TATGCCACAGCCGGTG-1,7
s2-rna-TATGCTCCTGGTTAGT-1,0
s2-rna-TATGGAGTTCTACGGC-1,4
s2-rna-TATGGATATGGTGCGA-1,9
s2-rna-TATGGCAGTTCGTCTA-1,1
s2-rna-TATGGCCATAATAGAC-1,0
s2-rna-TATGGCCGGCGACACT-1,5
s2-rna-TATGGCCTCACGTACA-1,2
s2-rna-TATGTAGAGCTGATCA-1,1
s2-rna-TATGTCATAAGCGTCG-1,1
s2-rna-TATGTCGAGGTTGAAG-1,2
s2-rna-TATGTTGCAGTCTAGG-1,1
s2-rna-TATGTTGGTAGGTCGT-1,1
s2-rna-TATGTTGGTCCAGTGA-1,1
s2-rna-TATTAACTTCCGCTCA-1,1
s2-rna-TATTAAGCAGCGCCGG-1,5
s2-rna-TATTAATAGAATGGCA-1,7
s2-rna-TATTAATATGTCGACT-1,5
s2-rna-TATTCCGGTTGTTAAT-1,1
s2-rna-TATTCGACAACCGTGA-1,5
s2-rna-TATTCGACATTACTAT-1,2
s2-rna-TATTCGGTGGAGATTC-1,1
s2-rna-TATTCGTGCGTTCTGG-1,4
s2-rna-TATTCGTTAACAGGCA-1,4
s2-rna-TATTCGTTAATGCTCC-1,1
s2-rna-TATTCGTTATCGCCTG-1,1
s2-rna-TATTCTAAGGCTCATC-1,2
s2-rna-TATTCTAGAATCGGAC-1,1
s2-rna-TATTCTCAGCGGCTGG-1,8
s2-rna-TATTCTCCTATGATGG-1,1
s2-rna-TATTGAATCCGACTAA-1,8
s2-rna-TATTGAATGAATGTGG-1,6
s2-rna-TATTGATCGTGATCTT-1,7
s2-rna-TATTGATCTACTTCGG-1,5
s2-rna-TCAACAATGGAGGCCT-1,5
s2-rna-TCAACACCAATCATTA-1,5
s2-rna-TCAACAGGACAGCAAC-1,2
s2-rna-TCAACAGGCCATGCCG-1,4
s2-rna-TCAACATGGATACAAC-1,5
s2-rna-TCAACCGGAGACCTCG-1,0
s2-rna-TCAAGGAACCTATTGC-1,0
s2-rna-TCAAGGACGTTAGGAG-1,5
s2-rna-TCAAGGCAACGCGGCT-1,0
s2-rna-TCAAGGCCATAGCCTG-1,4
s2-rna-TCAAGGTACACGAAGA-1,4
s2-rna-TCAAGGTATCAACTTA-1,2
s2-rna-TCAAGGTCTGAATATG-1,3
s2-rna-TCAAGTGATGGTTAAT-1,5
s2-rna-TCAATATTCCGGTTAG-1,7
s2-rna-TCAATATTCGACAAGA-1,4
s2-rna-TCAATTAATAGAACCT-1,5
s2-rna-TCACAAGATGACTCGA-1,1
s2-rna-TCACAAGCTCGAGGCA-1,2
s2-rna-TCACAAGGAGAACAAG-1,5
s2-rna-TCACAGCACCAAGGTT-1,2
s2-rna-TCACATAAGCGTTGCC-1,0
s2-rna-TCACATAGACCTCCGT-1,2
s2-rna-TCACATCCTGTCGCGG-1,6
s2-rna-TCACATCCTTCTCAGT-1,2
s2-rna-TCACATTGTCGGTGAC-1,0
s2-rna-TCACCATAGATTGTTA-1,3
s2-rna-TCACCGTTGCTAATGG-1,3
s2-rna-TCACGACATCAGAAGG-1,6
s2-rna-TCACGATACCTAGCCA-1,1
s2-rna-TCACGCTATCCACTAC-1,5
s2-rna-TCACTACGACTCTGCG-1,2
s2-rna-TCACTCCGCTCACTGG-1,5
s2-rna-TCAGAATCGATATCAT-1,6
s2-rna-TCAGAATCTAATAGTC-1,2
s2-rna-TCAGACCGGCCTGCTC-1,7
s2-rna-TCAGATTACCAGGTTA-1,4
s2-rna-TCAGCGCCTAGTCTTA-1,7
s2-rna-TCAGCGTGACCTTACC-1,0
s2-rna-TCAGCTACCAACTCCG-1,2
s2-rna-TCAGCTAGGATGTACT-1,1
s2-rna-TCAGCTATTAATCGCT-1,5
s2-rna-TCAGCTCGCCAGGATG-1,1
s2-rna-TCAGGAGCAACGGTCG-1,1
s2-rna-TCAGGATACACTACAA-1,8
s2-rna-TCAGTATGTAGGACAA-1,6
s2-rna-TCAGTCAGCGATCAGA-1,2
s2-rna-TCAGTCATTGCAAGTG-1,5
s2-rna-TCAGTCCAACGGAAGT-1,4
s2-rna-TCAGTCGAAGTATCTA-1,4
s2-rna-TCAGTCGCCAAGGTTG-1,8
s2-rna-TCAGTCGTGCCGGCAG-1,8
s2-rna-TCAGTGAAGAGTTCTA-1,9
s2-rna-TCAGTTCAGAATCTCG-1,8
s2-rna-TCAGTTCTCCGGACCG-1,3
s2-rna-TCAGTTGACAGTGCCA-1,0
s2-rna-TCAGTTGCTAAGCCTA-1,9
s2-rna-TCATAGCTTCCAGTAC-1,5
s2-rna-TCATAGGTAGTGACGA-1,1
s2-rna-TCATAGGTATTGCGTG-1,4
s2-rna-TCATAGGTGAGTCGAC-1,3
s2-rna-TCATAGTAGACTCATA-1,4
s2-rna-TCATCCACGTGGTCAC-1,2
s2-rna-TCATCCATGCCAAGCG-1,3
s2-rna-TCATCGCTGTGCAACA-1,3
s2-rna-TCATCGGCCTGTGCGG-1,3
s2-rna-TCATCGTTATGTATCT-1,0
s2-rna-TCATCTATCCACGATT-1,3
s2-rna-TCATCTCCAACCACCT-1,3
s2-rna-TCATCTCCAGCCGGTG-1,4
s2-rna-TCATCTGCCGCTATTC-1,5
s2-rna-TCATCTTCCACGTATG-1,1
s2-rna-TCATCTTCGACACCGT-1,9
s2-rna-TCATGAGGCTTGACGC-1,1
s2-rna-TCATGAGGTTGATATG-1,6
s2-rna-TCATGAGTAAGACATC-1,7
s2-rna-TCATGATTCTGATACT-1,7
s2-rna-TCATTACGGCACAGTA-1,4
s2-rna-TCATTCACGCGAGCTC-1,7
s2-rna-TCATTCACTGTAATGG-1,3
s2-rna-TCATTGATAGACTTGC-1,6
s2-rna-TCATTGATAGGTGGAA-1,2
s2-rna-TCATTGGCGACCGACG-1,3
s2-rna-TCATTGTTCAATGCGT-1,1
s2-rna-TCCAACGAAGATGCTT-1,1
s2-rna-TCCAACGTGGTTGTTC-1,1
s2-rna-TCCAACTAAGACTCCA-1,1
s2-rna-TCCAACTGAATAAGGT-1,1
s2-rna-TCCAACTGCCGCCATA-1,1
s2-rna-TCCAACTGGCTGAAGA-1,6
s2-rna-TCCAAGACCGCTTGAT-1,1
s2-rna-TCCAATAACGTGCTAG-1,9
s2-rna-TCCAATACTATCTGTT-1,3
s2-rna-TCCAATCCAGATACAT-1,2
s2-rna-TCCAATCTAACACGCA-1,0
s2-rna-TCCAATGCAAGTATCT-1,4
s2-rna-TCCAATTAGCAATCAA-1,6
s2-rna-TCCAATTGGTTACAGT-1,5
s2-rna-TCCACCAAGTGACGAA-1,5
s2-rna-TCCACGCTGAGTACTT-1,7
s2-rna-TCCAGATCTTCGCTTA-1,4
s2-rna-TCCAGTACCGAGCGCA-1,5
s2-rna-TCCAGTACGTGCTATG-1,3
s2-rna-TCCAGTCACGGTGGCT-1,1
s2-rna-TCCAGTCAGTACATTA-1,5
s2-rna-TCCAGTGATGCGTATC-1,4
s2-rna-TCCAGTGATTGGTGCT-1,3
s2-rna-TCCATCGGCTAGACGA-1,5
s2-rna-TCCATGATGTGATCAA-1,0
s2-rna-TCCATGCGTCCACCAG-1,2
s2-rna-TCCATGCGTCGGTTAC-1,3
s2-rna-TCCATGTCGGACCGAC-1,4
s2-rna-TCCGAACATAGTCTGA-1,6
s2-rna-TCCGAACCTCAACCAT-1,1
s2-rna-TCCGAATACCGAATAG-1,4
s2-rna-TCCGAATACTCGCTGG-1,0
s2-rna-TCCGAATAGAAGCACC-1,6
s2-rna-TCCGAATCATGTTGTC-1,6
s2-rna-TCCGAATCGCAGGTTC-1,3
s2-rna-TCCGAGTACGACTTAG-1,1
s2-rna-TCCGATGCGTATCCGG-1,3
s2-rna-TCCGCCAACATTGCTC-1,3
s2-rna-TCCGCCAAGGTCCGTT-1,2
s2-rna-TCCGCCAGTGATTAAT-1,9
s2-rna-TCCGCCGGTCTATTCA-1,3
s2-rna-TCCGCCTTGTTCTGAT-1,1
s2-rna-TCCGGCTATGCTCAGT-1,1
s2-rna-TCCGGCTCTATGGACA-1,6
s2-rna-TCCGGTACGTGGCCTC-1,1
s2-rna-TCCGGTTCCGTTCTAG-1,1
s2-rna-TCCGTCATAAGATGAC-1,4
s2-rna-TCCGTCCACTCGGAGC-1,9
s2-rna-TCCGTCGGTACAAGTT-1,0
s2-rna-TCCGTGTCTTACATAA-1,2
s2-rna-TCCGTGTTCTGTTCTG-1,0
s2-rna-TCCGTTGGAGCTCACT-1,2
s2-rna-TCCTAAGCGGTTCATC-1,0
s2-rna-TCCTAATTGCGGCCTG-1,4
s2-rna-TCCTAATTGCTCAACG-1,3
s2-rna-TCCTACAAGCTCGAAC-1,3
s2-rna-TCCTACCGATCGTGGC-1,5
s2-rna-TCCTACCGGTTCCTAG-1,6
s2-rna-TCCTAGGTATCTGATG-1,2
s2-rna-TCCTATCCTCGAATCA-1,7
s2-rna-TCCTATCCTGTCAATA-1,4
s2-rna-TCCTATGAGGATTGTT-1,8
s2-rna-TCCTATTGACTGTTGA-1,6
s2-rna-TCCTCAATGAGGAACG-1,3
s2-rna-TCCTCACGTGTAGACG-1,2
s2-rna-TCCTCAGTCGGATGCG-1,0
s2-rna-TCCTCATCGTGCTGGA-1,8
s2-rna-TCCTCATGGCACCGTT-1,6
s2-rna-TCCTGAAGCGTGCACT-1,1
s2-rna-TCCTGACACTTCACGG-1,4
s2-rna-TCCTGATAAGTGCCGT-1,6
s2-rna-TCCTGCCGTGTCTAAG-1,1
s2-rna-TCCTGGTGGCAATAGC-1,1
s2-rna-TCCTTACTCGCAATGA-1,9
s2-rna-TCCTTCCAACCGCAAC-1,4
s2-rna-TCCTTGAACAGGACCA-1,6
s2-rna-TCCTTGGCTCAAGAGT-1,1
s2-rna-TCGAATCTTGCGTTAC-1,5
s2-rna-TCGAATGGTTCCACGC-1,5
s2-rna-TCGAATTAGTTACTCC-1,3
s2-rna-TCGAATTGTACACTAT-1,2
s2-rna-TCGACCTGCAGCTCAG-1,4
s2-rna-TCGACGAAGAGCAAGT-1,6
s2-rna-TCGAGTGGTAGGTCAC-1,1
s2-rna-TCGATATTAGACATAC-1,1
s2-rna-TCGATCCAGTCTGTAG-1,0
s2-rna-TCGATCGCACCTAATC-1,9
s2-rna-TCGATCGTTGTCTGAA-1,4
s2-rna-TCGATCTAATGTTAGT-1,2
s2-rna-TCGATCTAGCCGATTC-1,1
s2-rna-TCGCAATAGTGACGCA-1,5
s2-rna-TCGCACCTCATGTCAG-1,4
s2-rna-TCGCACTCTTGGACAG-1,6
s2-rna-TCGCACTGCTGTGCTC-1,3
s2-rna-TCGCACTGTACGGCGA-1,1
s2-rna-TCGCACTTACTGAAGT-1,3
s2-rna-TCGCACTTGGTCCGTC-1,4
s2-rna-TCGCCGTATCATGCTT-1,1
s2-rna-TCGCCGTTCGCCACAG-1,4
s2-rna-TCGCCTAGATAATTAA-1,8
s2-rna-TCGCCTATCGACTCCT-1,3
s2-rna-TCGCCTGACGGCCACT-1,1
s2-rna-TCGCCTGCGTGCGTGG-1,2
s2-rna-TCGCCTGGTGGATTCT-1,4
s2-rna-TCGCGGAGTACAACCA-1,1
s2-rna-TCGCGGAGTTAGACTT-1,6
s2-rna-TCGCGGTAGTATGATC-1,4
s2-rna-TCGCTTACTCGCAAGT-1,8
s2-rna-TCGCTTGTTCCAGTTG-1,1
s2-rna-TCGGAACGTCTGCAAG-1,3
s2-rna-TCGGAATCAGCCTAAC-1,8
s2-rna-TCGGACATTCTATGAG-1,2
s2-rna-TCGGACCAGGATCGCC-1,3
s2-rna-TCGGACGGCCGAGGAA-1,5
s2-rna-TCGGACGTTGCCTCAG-1,4
s2-rna-TCGGACTGCCACCTCC-1,1
s2-rna-TCGGAGCGTTACCTCG-1,5
s2-rna-TCGGAGTGGTACTTGC-1,3
s2-rna-TCGGAGTTGTCTTGTT-1,8
s2-rna-TCGGCACTGGCGCCGA-1,7
s2-rna-TCGGCGACCTCGCTGA-1,7
s2-rna-TCGGCGCAGAATGTCT-1,1
s2-rna-TCGGCGCAGATAGATA-1,1
s2-rna-TCGGCGCTATCACGTG-1,4
s2-rna-TCGGTAATAGCGGTTC-1,4
s2-rna-TCGGTAATTACGTGGA-1,1
s2-rna-TCGGTAGGCATCACGC-1,2
s2-rna-TCGGTATCGTAATTGG-1,5
s2-rna-TCGGTGATCGCCGGCC-1,0
s2-rna-TCGGTGTCTAACCAAG-1,8
s2-rna-TCGTAAGGCGTTCAGG-1,2
s2-rna-TCGTATACAAGACGAG-1,5
s2-rna-TCGTATAGGAGCCTAT-1,0
s2-rna-TCGTATCAACAGCACC-1,4
s2-rna-TCGTATCACGTTATGA-1,1
s2-rna-TCGTATCCTGATGCAA-1,4
s2-rna-TCGTATCGGTCTCCTT-1,6
s2-rna-TCGTATGCCGGACGTT-1,1
s2-rna-TCGTATGTCGTGCCTA-1,4
s2-rna-TCGTATTAGATCCGGT-1,1
s2-rna-TCGTATTCTGAGTGGC-1,3
s2-rna-TCGTCAAGCCTAATCT-1,7
s2-rna-TCGTCACGATGTTCGA-1,9
s2-rna-TCGTCAGAACAGCCAG-1,3
s2-rna-TCGTCCAGCATGGCTT-1,2
s2-rna-TCGTGCCTCGGTAGTT-1,3
s2-rna-TCGTTAGCCAGGCCAG-1,4
s2-rna-TCGTTAGCTTACTCAT-1,4
s2-rna-TCTAACAAGCCAATCC-1,6
s2-rna-TCTAACCGTGCTAGCT-1,7
s2-rna-TCTAACTCTATGTTCT-1,8
s2-rna-TCTACAACTGGAACTT-1,3
s2-rna-TCTACACTAATTACTC-1,2
s2-rna-TCTACACTGAGCTTCT-1,8
s2-rna-TCTACAGCACGTCCGA-1,3
s2-rna-TCTACAGGTACGCAGT-1,6
s2-rna-TCTACATGAACTATAC-1,2
s2-rna-TCTACATGAATCTGAT-1,5
s2-rna-TCTACATGTCCGACTT-1,9
s2-rna-TCTACATTGGAGTAAT-1,7
s2-rna-TCTACTATGCTAGCTC-1,9
s2-rna-TCTACTCCGACTCGGC-1,4
s2-rna-TCTACTCGAGCAGAGG-1,4
s2-rna-TCTACTGTCTCAATGA-1,3
s2-rna-TCTACTTAGGTTCTTA-1,1
s2-rna-TCTACTTAGTATTAGT-1,7
s2-rna-TCTACTTCACCGTGGA-1,1
s2-rna-TCTAGAACTTCTTGCA-1,7
s2-rna-TCTAGAATTGCGGTTG-1,3
s2-rna-TCTAGAGTCTCCACGC-1,5
s2-rna-TCTAGATAAGGTTAGC-1,1
s2-rna-TCTAGCTTATTCGCCA-1,7
s2-rna-TCTAGGCGGAAGGCAC-1,1
s2-rna-TCTATCCGTGTTGCCA-1,6
s2-rna-TCTATGATCGGTGCCT-1,5
s2-rna-TCTATTCCTTCCGGAA-1,5
s2-rna-TCTATTCTGCATTGGC-1,3
s2-rna-TCTGAGCGTAATTGTC-1,5
s2-rna-TCTGAGTCAGATCTTG-1,3
s2-rna-TCTGATCATAATGATT-1,7
s2-rna-TCTGCAAGGACGGCAA-1,2
s2-rna-TCTGCAATTCACAAGA-1,5
s2-rna-TCTGCCTGGATGTCAG-1,0
s2-rna-TCTGCGCTTGCAGATA-1,4
s2-rna-TCTGCGTGCTATTCTA-1,3
s2-rna-TCTGCGTGCTTCAGAC-1,5
s2-rna-TCTGCGTTAGATAGGT-1,1
s2-rna-TCTGGACGCTAAGACA-1,0
s2-rna-TCTGGATATTAACCTA-1,0
s2-rna-TCTGGTATCTGTAGCC-1,9
s2-rna-TCTGGTCCTCCACTGT-1,7
s2-rna-TCTGTACCTCACTCGC-1,4
s2-rna-TCTGTACGCTGTCCTC-1,4
s2-rna-TCTGTCACCGTTAATA-1,6
s2-rna-TCTTACATTACTTCGC-1,0
s2-rna-TCTTACCGCTCGTATG-1,1
s2-rna-TCTTACGAATCAGTGC-1,2
s2-rna-TCTTACGAGGAATAAG-1,8
s2-rna-TCTTACGAGGCCGACA-1,5
s2-rna-TCTTACGGCCGCAACA-1,2
s2-rna-TCTTACTCTGTATGCG-1,1
s2-rna-TCTTACTGAGACTAGT-1,0
s2-rna-TCTTAGATGCCTCCGA-1,1
s2-rna-TCTTAGGCGACAGTCA-1,3
s2-rna-TCTTAGTCGCGGCAGA-1,0
s2-rna-TCTTAGTCGTCTCGGC-1,1
s2-rna-TCTTAGTCTGCCATCA-1,1
s2-rna-TCTTCGAACAGCGTTA-1,3
s2-rna-TCTTCGAATTGTATAC-1,3
s2-rna-TCTTCGCCATTCGAAT-1,0
s2-rna-TCTTCGTCAGACCAGG-1,8
s2-rna-TCTTGAGTCATTATAC-1,4
s2-rna-TCTTGCACCAATCTAT-1,5
s2-rna-TCTTGCACGGTGAGCC-1,9
s2-rna-TCTTGCACGTCTAATG-1,7
s2-rna-TCTTGCACTATTCAGA-1,8
s2-rna-TCTTGCACTGGTGCTC-1,5
s2-rna-TCTTGCAGACTGCGAG-1,3
s2-rna-TCTTGCCATCGTTGTA-1,1
s2-rna-TCTTGCCGGCAGTCTA-1,1
s2-rna-TCTTGCGGCCTTAGTG-1,4
s2-rna-TCTTGCTCCGTCGGCA-1,8
s2-rna-TCTTGCTGTCCTAGGC-1,9
s2-rna-TCTTGTTATTCTTGAT-1,5
s2-rna-TGAACGGACACGTATC-1,3
s2-rna-TGAACGGATCTGGTAC-1,1
s2-rna-TGAACGGATTCAAGTT-1,7
s2-rna-TGAAGATACAATCTGC-1,6
s2-rna-TGAAGCACCGTCATGA-1,0
s2-rna-TGAAGTATGATCGTGC-1,1
s2-rna-TGAATGCGGTTATGGA-1,2
s2-rna-TGAATGGTGCTTCGAT-1,0
s2-rna-TGAATGTACCTTCGTC-1,0
s2-rna-TGAATGTTGACATCGT-1,3
s2-rna-TGAATTATGCCGCAGT-1,2
s2-rna-TGAATTCGTGGTATAA-1,2
s2-rna-TGACAGTACTATTCTA-1,5
s2-rna-TGACATTACAACGCCG-1,3
s2-rna-TGACCAACAGATAGGT-1,6
s2-rna-TGACCAAGCTGCACAT-1,0
s2-rna-TGACCAAGTAAGGACC-1,5
s2-rna-TGACCAATCAGCCACG-1,0
s2-rna-TGACCAGCACTCCAGC-1,0
s2-rna-TGACCAGGCTCATGCA-1,2
s2-rna-TGACCAGGTATGACCT-1,2
s2-rna-TGACCATCCATCTGCT-1,7
s2-rna-TGACCATGTACACTCA-1,6
s2-rna-TGACCTCCTTCAGATT-1,1
s2-rna-TGACCTGTCTATCTCG-1,5
s2-rna-TGACGCTCACCAAGCC-1,2
s2-rna-TGACGCTCGCGGTAGT-1,6
s2-rna-TGACGCTGCGATAGTA-1,3
s2-rna-TGACGCTTACTAGACA-1,8
s2-rna-TGACGGAGCGCTATAC-1,6
s2-rna-TGACTCCAAGTCTACC-1,5
s2-rna-TGACTCGGCCGACCGA-1,7
s2-rna-TGACTCTGCTCGCACG-1,1
s2-rna-TGACTTAATGCGTTGG-1,7
s2-rna-TGACTTCGGCGTAACA-1,3
s2-rna-TGACTTGCACTCACGG-1,2
s2-rna-TGAGACAAGGACGACC-1,1
s2-rna-TGAGACAGAAGTGCTC-1,0
s2-rna-TGAGACTATTGAATCT-1,0
s2-rna-TGAGATGCTCTAATGA-1,0
s2-rna-TGAGCATAGTCTTATT-1,0
s2-rna-TGAGCCGCGTGATCAT-1,6
s2-rna-TGAGGAATCCATAGAA-1,3
s2-rna-TGAGGACCACTGTTAC-1,4
s2-rna-TGAGGTAGGACTACTG-1,0
s2-rna-TGAGTAAGCGCAATCC-1,1
s2-rna-TGAGTATTCTAGGACT-1,2
s2-rna-TGAGTCGCCTCCGTCG-1,6
s2-rna-TGAGTGACCTACTCGT-1,7
s2-rna-TGAGTGAGATCGCTAA-1,0
s2-rna-TGAGTGAGGCACGCCT-1,3
s2-rna-TGAGTGCAGAGGACCA-1,3
s2-rna-TGAGTTGTCCTCGCTT-1,4
s2-rna-TGATAAGCAGTAAGAA-1,1
s2-rna-TGATAGGAGCATCAAC-1,3
s2-rna-TGATCCGCACTCCTTA-1,2
s2-rna-TGATCGGACCTGGATG-1,1
s2-rna-TGATGGATGATCACGG-1,9
s2-rna-TGATGGCCGGCATCGC-1,8
s2-rna-TGATGGCGCAGGCTAG-1,4
s2-rna-TGATGGCTGCGACGAT-1,1
s2-rna-TGATTAGAATGACATA-1,0
s2-rna-TGATTCAAGATCGAGC-1,0
s2-rna-TGATTCGTCTGGATCT-1,7
s2-rna-TGCAACAGTGAAGCTC-1,0
s2-rna-TGCAACGTTACCTGGT-1,3
s2-rna-TGCACCGGTCACCTCC-1,0
s2-rna-TGCACGAATGTACTAA-1,4
s2-rna-TGCACGAGTAGAGTTA-1,4
s2-rna-TGCACGAGTGTCAGCC-1,1
s2-rna-TGCACGCTCCTATCCG-1,0
s2-rna-TGCACGGCTGAGACTT-1,8
s2-rna-TGCACGGCTGGTAAGG-1,7
s2-rna-TGCACGTAGTTCGAAG-1,1
s2-rna-TGCACTCCAGCTACTC-1,6
s2-rna-TGCAGAAGCAGTAGGC-1,0
s2-rna-TGCAGACAATACTGTT-1,0
s2-rna-TGCAGACGAACCAGAT-1,0
s2-rna-TGCAGAGGTCGTAATT-1,6
s2-rna-TGCAGATGAGATCTAG-1,4
s2-rna-TGCAGTACAACGAGTG-1,6
s2-rna-TGCAGTCGAGCACCAA-1,5
s2-rna-TGCAGTTATTCCACTC-1,5
s2-rna-TGCATTAATGGCCACC-1,0
s2-rna-TGCATTCGCCAGCGAT-1,0
s2-rna-TGCATTCGCTACAATG-1,5
s2-rna-TGCATTCTTACGGAGG-1,1
s2-rna-TGCATTGCTGTCGGCG-1,1
s2-rna-TGCCAATCCATGTCTA-1,2
s2-rna-TGCCACAATGCTACCG-1,0
s2-rna-TGCCACCTATTACATT-1,7
s2-rna-TGCCACTATCAGGCAG-1,5
s2-rna-TGCCACTCAACCGGCC-1,2
s2-rna-TGCCACTTAAGTGATG-1,6
s2-rna-TGCCAGCTATTGTAGA-1,5
s2-rna-TGCCAGGATGAGGTTC-1,0
s2-rna-TGCCAGTGATTCGTGC-1,7
s2-rna-TGCCGAATCAAGCGTC-1,6
s2-rna-TGCCGAGTTAAGAACG-1,9
s2-rna-TGCCGGAACTTAGGCA-1,2
s2-rna-TGCCGGCATTATAGAT-1,9
s2-rna-TGCCTAAGTTAATTAT-1,1
s2-rna-TGCCTATCAATGCCAT-1,3
s2-rna-TGCCTATCGGCTATGT-1,4
s2-rna-TGCCTTAGGCGTCTAT-1,1
s2-rna-TGCGAACATATCGGCT-1,6
s2-rna-TGCGAATCCGGCTTGA-1,4
s2-rna-TGCGAATTCTCCGCAC-1,8
s2-rna-TGCGACTACGTGCGAG-1,1
s2-rna-TGCGAGCCAGACGAAT-1,7
s2-rna-TGCGATACGCCTCGCA-1,4
s2-rna-TGCGATGCAGGTGCGA-1,6
s2-rna-TGCGATGTGCCTTGGC-1,2
s2-rna-TGCGATTAGCTCCGCC-1,3
s2-rna-TGCGCCAGTAATGATC-1,0
s2-rna-TGCGCCGAACGGACTC-1,3
s2-rna-TGCGCCGATCGCGAAG-1,2
s2-rna-TGCGCCTCTTCGGCGA-1,9
s2-rna-TGCGCTCATAGAACGA-1,1
s2-rna-TGCGGACTCACGTGAT-1,3
s2-rna-TGCGGACTTAACTTCC-1,1
s2-rna-TGCGGACTTCTGTCGC-1,1
s2-rna-TGCGGATCATCCTAGA-1,4
s2-rna-TGCGGATCGGATCTTA-1,8
s2-rna-TGCGTATCTTGTACCG-1,2
s2-rna-TGCGTCTGGATCGGAT-1,0
s2-rna-TGCGTGTCAGCCAGTG-1,3
s2-rna-TGCGTGTCGGCGGATA-1,2
s2-rna-TGCGTTAGCACGTACC-1,2
s2-rna-TGCGTTATGTTCCGGA-1,1
s2-rna-TGCGTTGTATTGCCTG-1,1
s2-rna-TGCTACGCTGCGTGGA-1,4
s2-rna-TGCTACTTGTGGCTGG-1,8
s2-rna-TGCTATAATGTCGCTG-1,7
s2-rna-TGCTATCCATGTAATA-1,1
s2-rna-TGCTATCCTAAGACGA-1,4
s2-rna-TGCTATGGTTGCGACA-1,4
s2-rna-TGCTATTGCGGCGTGG-1,0
s2-rna-TGCTATTGTCAAGGAG-1,5
s2-rna-TGCTCCTAACGGAAGA-1,0
s2-rna-TGCTGTCAGAACGAAG-1,3
s2-rna-TGCTGTCTTGTTAATG-1,1
s2-rna-TGCTGTGAAGTCAAGA-1,2
s2-rna-TGCTTACTCACCGGTC-1,9
s2-rna-TGCTTAGCCTGTTGGT-1,8
s2-rna-TGCTTAGCTCCTGGCT-1,8
s2-rna-TGCTTAGTTGACTTAC-1,5
s2-rna-TGCTTATGAATAAGCA-1,6
s2-rna-TGCTTATGACGCTGGC-1,1
s2-rna-TGCTTATGCGGTTCTG-1,4
s2-rna-TGGAAGACGTGAGTAG-1,3
s2-rna-TGGAAGCCATAACAGT-1,4
s2-rna-TGGAAGCTCCATCGAC-1,2
s2-rna-TGGACGCCTGCGACCG-1,0
s2-rna-TGGACTGACGTACCAC-1,3
s2-rna-TGGACTGAGTACCTAG-1,0
s2-rna-TGGAGTCGGCAAGCTC-1,1
s2-rna-TGGAGTGAACGCGGTC-1,1
s2-rna-TGGAGTGATGGCTCTT-1,0
s2-rna-TGGAGTGCTCCTGATC-1,0
s2-rna-TGGATCATTGTAACGG-1,2
s2-rna-TGGATCCAGTCACTTC-1,1
s2-rna-TGGCAAGCGACACTTA-1,2
s2-rna-TGGCATCGATCAATTG-1,6
s2-rna-TGGCATGCGTTCACGC-1,4
s2-rna-TGGCATGTTCGAACAG-1,2
s2-rna-TGGCCAACATTCTGAG-1,6
s2-rna-TGGCCAAGCTGGCACC-1,3
s2-rna-TGGCCACTCCGCGGAC-1,5
s2-rna-TGGCCACTCCTGAGTG-1,8
s2-rna-TGGCCAGAGTATCTCC-1,9
s2-rna-TGGCCAGATCCGGACA-1,1
s2-rna-TGGCCGTCTATCAGGA-1,7
s2-rna-TGGCCTGACATACTCA-1,8
s2-rna-TGGCCTGGCACTGTGG-1,1
s2-rna-TGGCGACACTGCCGGA-1,3
s2-rna-TGGCGAGCCACTAGCG-1,6
s2-rna-TGGCGAGCTCCACGTG-1,4
s2-rna-TGGCTCACTCAATCAC-1,7
s2-rna-TGGCTCCGCATCAGAT-1,1
s2-rna-TGGCTGGACCTTAGGA-1,3
s2-rna-TGGTACAAGACACTGA-1,1
s2-rna-TGGTACAAGACCAATC-1,7
s2-rna-TGGTACCAATACTTAC-1,7
s2-rna-TGGTACCAGATTGTTA-1,4
s2-rna-TGGTACGGACGTAGTT-1,2
s2-rna-TGGTACGGTCGGCGAA-1,0
s2-rna-TGGTACTGGTATCTTG-1,2
s2-rna-TGGTAGCATCAAGTCT-1,8
s2-rna-TGGTAGCCAGTTGACA-1,0
s2-rna-TGGTATGCAAGTCTAT-1,0
s2-rna-TGGTATTAGCTAGACC-1,6
s2-rna-TGGTATTCCTAGTCCA-1,3
s2-rna-TGGTATTGAGTTGTAA-1,3
s2-rna-TGGTCATCTAGGTCAT-1,4
s2-rna-TGGTCGCCGGCTTACT-1,1
s2-rna-TGGTCTGCTCAGGTTG-1,1
s2-rna-TGGTGCACGACCTTAG-1,1
s2-rna-TGGTGCAGACCGAAGT-1,1
s2-rna-TGGTGCAGTACCATGC-1,7
s2-rna-TGGTGCATTGTAATCC-1,6
s2-rna-TGGTGCCGCTGCAACA-1,2
s2-rna-TGGTGCCTAGCACGGC-1,3
s2-rna-TGGTGCGAACGTGGCG-1,2
s2-rna-TGGTGCGAATCCTGCT-1,4
s2-rna-TGGTGCGAGGTCGTAT-1,0
s2-rna-TGGTTGAACACGCCAA-1,1
s2-rna-TGGTTGCCTCCGGCTT-1,0
s2-rna-TGGTTGGTATCGGCAT-1,7
s2-rna-TGTAAGATCTTCACAT-1,3
s2-rna-TGTAAGGTGAGCGACC-1,0
s2-rna-TGTAATCATATGAGAC-1,2
s2-rna-TGTAATCGAGACTGGC-1,7
s2-rna-TGTAATGCACTACGAG-1,9
s2-rna-TGTAATGCCTAACACC-1,5
s2-rna-TGTAATTGTATCCTCG-1,7
s2-rna-TGTACCAACTACGCAT-1,9
s2-rna-TGTACCACATACTGGT-1,6
s2-rna-TGTAGGATCAGAGCGT-1,7
s2-rna-TGTAGGCACGTACCTC-1,3
s2-rna-TGTAGGTCACTACATG-1,6
s2-rna-TGTAGGTCTGAACGCA-1,3
s2-rna-TGTAGGTTCTGGCTTA-1,3
s2-rna-TGTATCGGCGGTCGCA-1,0
s2-rna-TGTATGATTGTAGGTG-1,5
s2-rna-TGTATGGTGCCAAGGT-1,6
s2-rna-TGTCAACTCATCAACG-1,2
s2-rna-TGTCAAGCGGATCGGT-1,5
s2-rna-TGTCACAGACGTATCC-1,9
s2-rna-TGTCAGAAGTTGTAAC-1,1
s2-rna-TGTCAGACGAAGCACC-1,9
s2-rna-TGTCAGATAAGGTGAC-1,6
s2-rna-TGTCAGTGGCTTCCAT-1,3
s2-rna-TGTCATGCATGAGCAC-1,3
s2-rna-TGTCATGTGACACGCT-1,4
s2-rna-TGTCCATGTATGGAAT-1,1
s2-rna-TGTCCGGATGGCAGTT-1,4
s2-rna-TGTCCTCAACGTTCTA-1,0
s2-rna-TGTCGAGTGCGTTAGC-1,8
s2-rna-TGTCGATTCACGTAGT-1,1
s2-rna-TGTCGCGGAAGAGCTA-1,1
s2-rna-TGTCGTTCATACGATA-1,5
s2-rna-TGTCTAAGCAGACGTA-1,0
s2-rna-TGTCTACTAGATTGCC-1,3
s2-rna-TGTCTGTAAGCGAACT-1,3
s2-rna-TGTCTTGCGACTAATT-1,1
s2-rna-TGTCTTGGAATTGGCA-1,0
s2-rna-TGTTAAGGAAGTCTTA-1,5
s2-rna-TGTTACCTATTGGACA-1,3
s2-rna-TGTTCACTGTCTTCCT-1,2
s2-rna-TGTTCAGAACGGTGTA-1,3
s2-rna-TGTTCAGCGAGGCAGT-1,7
s2-rna-TGTTCATAGTATGACG-1,4
s2-rna-TGTTCATTGGTCCAAG-1,5
s2-rna-TGTTCCTCACATTAAT-1,8
s2-rna-TGTTCTGCTCTGTCGT-1,3
s2-rna-TGTTGCGTCCAAGATT-1,1
s2-rna-TGTTGGAACCTTCCGC-1,0
s2-rna-TGTTGGAACGAGGTCA-1,3
s2-rna-TGTTGGATGGACTTCT-1,2
s2-rna-TGTTGGCCAGACCTAC-1,3
s2-adt-AACACTTGGCAAGGAA-1,1
s2-adt-AACAGGATTCATAGTT-1,0
s2-adt-AACAGGTTATTGCACC-1,4
s2-adt-AACAGGTTCACCGAAG-1,3
s2-adt-AACAGTCAGGCTCCGC-1,4
s2-adt-AACAGTCCACGCGGTG-1,2
s2-adt-AACATACTCATATGCG-1,7
s2-adt-AACATAGTCTATCTAC-1,9
s2-adt-AACATCTAATGACCGG-1,5
s2-adt-AACATCTTAAGGCTCA-1,0
s2-adt-AACATGCGCAAGTGAG-1,7
s2-adt-AACCAAGGTATCAGGC-1,3
s2-adt-AACCAATCTGGTTGGC-1,3
s2-adt-AACCACTAACATGATT-1,5
s2-adt-AACCACTGCCATAGCC-1,4
s2-adt-AACCAGAATCAGACGT-1,1
s2-adt-AACCATCGGAAGCGAC-1,4
s2-adt-AACCGCCAGACTACTT-1,3
s2-adt-AACCGTGCTTATGTTG-1,9
s2-adt-AACCTAAGATACTGAG-1,5
s2-adt-AACCTACAGAGGTAGT-1,6
s2-adt-AACCTACCTACCGGTT-1,4
s2-adt-AACCTACTGTAACTCA-1,9
s2-adt-AACCTGACAGTGCCGC-1,4
s2-adt-AACCTTAGCGTCCGGT-1,5
s2-adt-AACGAAGCGTGGAAGT-1,0
s2-adt-AACGAATTGACCGGTT-1,2
s2-adt-AACGACATTAAGATGG-1,4
s2-adt-AACGAGCCTCTTCGGC-1,2
s2-adt-AACGAGCTAATAACTA-1,6
s2-adt-AACGCACTGGTGCTCG-1,4
s2-adt-AACGGCACAGAATATT-1,0
s2-adt-AACGGTAATCGACCTG-1,7
s2-adt-AACGTCGCGACAAGGT-1,0
s2-adt-AACTAGCACTGTTCGA-1,2
s2-adt-AACTAGCATCACGTAC-1,9
s2-adt-AACTAGCCTAATAGCA-1,4
s2-adt-AACTAGCCTTGCAATA-1,2
s2-adt-AACTAGGCCTGACACC-1,3
s2-adt-AACTATCGTCATAGTC-1,7
s2-adt-AACTATCTAGCAGTAT-1,0
s2-adt-AACTATGCTGCATTCG-1,5
s2-adt-AACTATGTGCTTGTTA-1,1
s2-adt-AACTATTCTGCGGCCT-1,6
s2-adt-AACTCAACCTTGACCA-1,0
s2-adt-AACTCAACTTGACAGC-1,3
s2-adt-AACTCACCGAACTTAT-1,0
s2-adt-AACTCACCTCGGTGTT-1,0
s2-adt-AACTCACGGAGTACGT-1,5
s2-adt-AACTCAGATCCATGCC-1,0
s2-adt-AACTGCAACGTCCTGG-1,1
s2-adt-AACTGCAATACGGATT-1,4
s2-adt-AACTGCCGGAGTAACA-1,7
s2-adt-AACTGCCTCGATAGGT-1,0
s2-adt-AACTGCGAACCTTACC-1,0
s2-adt-AACTGCGGTCCGAAGC-1,8
s2-adt-AACTGCTACCTCGATA-1,1
s2-adt-AACTTATGATACGTAC-1,7
s2-adt-AACTTCAAGGATAATC-1,0
s2-adt-AACTTCACAATAACTG-1,0
s2-adt-AACTTCAGATACTACC-1,3
s2-adt-AACTTCATCTTCTGGT-1,0
s2-adt-AACTTCGCTTAGTCAG-1,0
s2-adt-AACTTGCAACTTGGAC-1,8
s2-adt-AACTTGCTCGTAACCG-1,4
s2-adt-AACTTGGTTACATAAC-1,0
s2-adt-AAGAATTCTGGCTGCA-1,1
s2-adt-AAGACAATCTCCTGCA-1,1
s2-adt-AAGACTAAGGAGATCC-1,3
s2-adt-AAGACTCAAGGCTCCA-1,3
s2-adt-AAGACTGTCATAGTGC-1,8
s2-adt-AAGAGCAGATGTGCCA-1,1
s2-adt-AAGATAGGCTTGCTTA-1,5
s2-adt-AAGATATTGGACGTCC-1,9
s2-adt-AAGATCTGTAACTTGT-1,6
s2-adt-AAGATGCACTATACTT-1,4
s2-adt-AAGATGGCCGCTAGTT-1,5
s2-adt-AAGATTAGGCTGTCTA-1,8
s2-adt-AAGATTATCTAGCATA-1,1
s2-adt-AAGATTCTGGTCGCGA-1,2
s2-adt-AAGCAAGAGCGTGATC-1,0
s2-adt-AAGCACTCAGGAATGT-1,0
s2-adt-AAGCAGCGGACACGTG-1,9
s2-adt-AAGCAGTATCAGAATC-1,2
s2-adt-AAGCAGTGAGTGCGAC-1,7
s2-adt-AAGCAGTGGCATCACT-1,1
s2-adt-AAGCAGTGGCTCATCC-1,9
s2-adt-AAGCAGTGTAGAATCT-1,7
s2-adt-AAGCATCAAGCGTGAT-1,3
s2-adt-AAGCATTGAGTGGTTG-1,2
s2-adt-AAGCCACCATTCAAGA-1,9
s2-adt-AAGCCACTATGTCTAA-1,6
s2-adt-AAGCCAGATATCAGAA-1,5
s2-adt-AAGCCAGGCCGACGTG-1,6
s2-adt-AAGCCAGGCTGCTTGA-1,5
s2-adt-AAGCCAGGTTACGAAC-1,2
s2-adt-AAGCCATCCGTGCTAT-1,7
s2-adt-AAGCCATCGCGATATG-1,3
s2-adt-AAGCCATTATCTGCCA-1,0
s2-adt-AAGCGAGGAAGTGAAC-1,7
s2-adt-AAGCGTTCGTCTGTCC-1,0
s2-adt-AAGGACCAACATGGCT-1,0
s2-adt-AAGGAGGCACTCAATT-1,0
s2-adt-AAGGAGTGGCTACCAA-1,7
s2-adt-AAGGCAGTCTGATCAC-1,1
s2-adt-AAGGCATGAACAGCTC-1,0
s2-adt-AAGGCCAATTCAATAA-1,7
s2-adt-AAGGCCAGCAATCGCC-1,0
s2-adt-AAGGCCAGTCGCAATT-1,1
s2-adt-AAGGCCGACCTACCTG-1,3
s2-adt-AAGGCCGACTATGTAA-1,1
s2-adt-AAGGCCGATTCTGAGC-1,8
s2-adt-AAGGCGAACTAGTAGA-1,8
s2-adt-AAGGCGACGGTGTCGG-1,1
s2-adt-AAGGCGAGGTTCATGT-1,0
s2-adt-AAGGCGCCGACAATCT-1,5
s2-adt-AAGGTGGATATGATCG-1,2
s2-adt-AAGGTTGCTGAGTTGA-1,0
s2-adt-AAGTACTAAGGTTACG-1,1
s2-adt-AAGTACTACAGTAGAA-1,4
s2-adt-AAGTACTGGATGCGCA-1,0
s2-adt-AAGTCGCTATCCTGTC-1,2
s2-adt-AAGTCGGACACTTCAG-1,2
s2-adt-AAGTCTACCGGTTGGA-1,7
s2-adt-AAGTCTGTCAATTCTT-1,6
s2-adt-AAGTCTTAAGTTGCCA-1,6
s2-adt-AAGTGAGCCTGTTACA-1,6
s2-adt-AAGTGGACGAATCTAC-1,4
s2-adt-AAGTGGCGAAGTTAAT-1,1
s2-adt-AAGTGGCGAGTGTACA-1,8
s2-adt-AAGTGGTTCCTCGCGT-1,8
s2-adt-AAGTTAAGCACTATAA-1,0
s2-adt-AAGTTACTATTACATC-1,3
s2-adt-AAGTTCCTATTGCTGG-1,2
s2-adt-AATAACATGTGCTATG-1,0
s2-adt-AATAACATGTTACGTC-1,1
s2-adt-AATAACGTAACTGTGA-1,0
s2-adt-AATAACGTATTGAACA-1,5
s2-adt-AATAACTCTAATACAG-1,4
s2-adt-AATAACTCTACGATGT-1,6
s2-adt-AATAACTTCATACGGA-1,6
s2-adt-AATACGAGAACACTCG-1,7
s2-adt-AATACGCATATCCAGA-1,3
s2-adt-AATACGGTACGGCCTA-1,8
s2-adt-AATACGTAGACAGTTA-1,1
s2-adt-AATACTAACCACTTAT-1,0
s2-adt-AATAGATAGCCTAACC-1,3
s2-adt-AATAGCACGGAAGCGA-1,5
s2-adt-AATAGTATAGTTGTCG-1,3
s2-adt-AATAGTCGTTATCTAG-1,3
s2-adt-AATAGTGCTCATAGAA-1,6
s2-adt-AATAGTGGAAGAGCAT-1,9
s2-adt-AATAGTTGGTGCTCAG-1,6
s2-adt-AATATTAGGCTTCTGG-1,6
s2-adt-AATCCGCCGACCTGAG-1,2
s2-adt-AATCCGCCTGGTCAAT-1,3
s2-adt-AATCCGGAGCTTGTCT-1,2
s2-adt-AATCCTCGTCACAGGC-1,4
s2-adt-AATCGAACGGACGGAG-1,3
s2-adt-AATCGACTATCGCTAG-1,5
s2-adt-AATCTATCTAACCGAG-1,4
s2-adt-AATCTGCGAGACGTTC-1,8
s2-adt-AATCTGCGTTCCTTAC-1,6
s2-adt-AATCTTAGCCTCTGTC-1,5
s2-adt-AATGAACTACGTCCAG-1,2
s2-adt-AATGAAGACGGTTCAG-1,8
s2-adt-AATGAATCGGAAGGCA-1,3
s2-adt-AATGATCTTGACAGCG-1,9
s2-adt-AATGATTACAACCTAA-1,3
s2-adt-AATGCAATCACTGTCG-1,2
s2-adt-AATGCCGACGAGCAAC-1,3
s2-adt-AATGCCGCGATTGAGC-1,4
s2-adt-AATGCGAACCTCGCGT-1,7
s2-adt-AATGGACATCCTACTC-1,8
s2-adt-AATGGAGGACCTGGTG-1,3
s2-adt-AATGGCATAGTATCAT-1,2
s2-adt-AATGGTCGATACTCGG-1,0
s2-adt-AATGGTCTCGAGCGCT-1,4
s2-adt-AATGGTGCGTCCTAAC-1,6
s2-adt-AATGGTTATTCTAGCT-1,0
s2-adt-AATGTACTTAACATCA-1,5
s2-adt-AATGTAGTCTTACGAG-1,8
s2-adt-AATGTCAGGTCATTAC-1,8
s2-adt-AATTAGCAACCGTTCC-1,0
s2-adt-AATTAGCTTAGGTGTA-1,7
s2-adt-AATTATACCTCAATGA-1,7
s2-adt-AATTCTCAGACGCAAC-1,6
s2-adt-AATTCTCGCACCAGTA-1,0
s2-adt-AATTCTTGGATACGGA-1,1
s2-adt-AATTGCATTGAAGAAT-1,2
s2-adt-AATTGCGGTGCTAATA-1,0
s2-adt-AATTGCGTCAGACACT-1,0
s2-adt-AATTGGACGGCATCGT-1,6
s2-adt-AATTGGAGACATGGAG-1,0
s2-adt-AATTGGCTTGAGTTGC-1,5
s2-adt-AATTGGTTATGATACA-1,3
s2-adt-AATTGTAGAATCCTAG-1,1
s2-adt-ACAACCTTGGTGTCAA-1,4
s2-adt-ACAACGCCGATAGTAT-1,0
s2-adt-ACAACGTGAATTCACG-1,4
s2-adt-ACAACGTGGAGCTACT-1,5
s2-adt-ACAACTAAGGTGTTAT-1,0
s2-adt-ACAACTAAGTGGCGCT-1,5
s2-adt-ACAACTGTCGTGGATA-1,6
s2-adt-ACAATACACTTCCATC-1,4
s2-adt-ACAATACAGGCGCCGT-1,1
s2-adt-ACAATACGCCTTATTC-1,5
s2-adt-ACAATTGGTCGCGTAA-1,8
s2-adt-ACAGAATAAGAACCAT-1,5
s2-adt-ACAGAATAAGATAGTG-1,1
s2-adt-ACAGAATCCGTTGCTT-1,0
s2-adt-ACAGAATCTTGATAAG-1,1
s2-adt-ACAGAATGTCTTATTG-1,3
s2-adt-ACAGAATGTTGAGTCC-1,5
s2-adt-ACAGATCTGAAGTATC-1,4
s2-adt-ACAGCCAGGCATAAGC-1,0
s2-adt-ACAGGAACTACAGAAC-1,2
s2-adt-ACAGGACTGAGCCGAT-1,1
s2-adt-ACAGGATACCGGATTC-1,2
s2-adt-ACAGGCACGCGAGGAT-1,0
s2-adt-ACAGGCATTGAACCAT-1,4
s2-adt-ACAGGTTCAGTGAACG-1,1
s2-adt-ACAGTACGCACTACCT-1,2
s2-adt-ACATAAGCAATGCGGT-1,6
s2-adt-ACATCGCCACAAGAGG-1,6
s2-adt-ACATCGGCTTACAAGG-1,1
s2-adt-ACATCGTAGACAGGTT-1,7
s2-adt-ACATCGTCGGTCTACC-1,1
s2-adt-ACATCTATCCGAACCA-1,5
s2-adt-ACATCTCGACAACCAC-1,5
s2-adt-ACATCTCGCATAGAAT-1,4
s2-adt-ACATGGATGCGTAAGC-1,1
s2-adt-ACATGTTCCAGGACGT-1,1
s2-adt-ACATGTTGCTTGATCT-1,3
s2-adt-ACATTCCTGAGTTCCG-1,5
s2-adt-ACATTGAAGGCGGTGC-1,2
s2-adt-ACATTGAATACGCATA-1,5
s2-adt-ACATTGCAGTTCGGCA-1,5
s2-adt-ACATTGGTTCACAGTG-1,1
s2-adt-ACATTGGTTCTGCCGT-1,3
s2-adt-ACATTGTACATTCTTG-1,1
s2-adt-ACCAAGCACTTGCGCA-1,0
s2-adt-ACCAAGTGATGGTGAG-1,0
s2-adt-ACCAAGTGGCTGTATG-1,0
s2-adt-ACCAATGAGCCTCATC-1,1
s2-adt-ACCACGGATCCGGATA-1,1
s2-adt-ACCACGGCCTCGCACC-1,6
s2-adt-ACCAGTATGAAGTTCC-1,1
s2-adt-ACCATAACTCCTCGTA-1,4
s2-adt-ACCATCCGTTCGAGTG-1,5
s2-adt-ACCATTAGATCGTGGC-1,6
s2-adt-ACCGAAGATGTCGGCA-1,6
s2-adt-ACCGAAGCCGAATTAA-1,1
s2-adt-ACCGAGGTGATACCGA-1,3
s2-adt-ACCGGACGCCAAGCGT-1,0
s2-adt-ACCGGCACCATACTGC-1,0
s2-adt-ACCGGCACGTACGAAC-1,5
s2-adt-ACCGGCCTCAGGAGTT-1,6
s2-adt-ACCGGCTATCGTGCGG-1,6
s2-adt-ACCGTACACGACCGTC-1,1
s2-adt-ACCGTACTATCGGAGG-1,5
s2-adt-ACCGTAGGCGGAGGTT-1,1
s2-adt-ACCTAATGTTACCAAT-1,5
s2-adt-ACCTAATTGTCGCTGA-1,7
s2-adt-ACCTATAACGAACTAC-1,1
s2-adt-ACCTATGCTACCGGAT-1,0
s2-adt-ACCTCCACAGCTACGT-1,0
s2-adt-ACCTCCTAGAGGCATG-1,2
s2-adt-ACCTGCACTAGATGGC-1,4
s2-adt-ACCTGCCACTATCAAT-1,6
s2-adt-ACCTGCTTATAGTTCG-1,6
s2-adt-ACCTGCTTCCACATTG-1,2
s2-adt-ACCTGCTTGAGCCTGG-1,0
s2-adt-ACCTGCTTGCTACGAC-1,3
s2-adt-ACCTGTGGTCACCTCG-1,1
s2-adt-ACCTTCGGTGCTACGA-1,4
s2-adt-ACGAACATAGGATCGG-1,4
s2-adt-ACGAACGCACGAGCAC-1,1
s2-adt-ACGAAGCTCATCCTCG-1,6
s2-adt-ACGACAAGCACTTCAC-1,1
s2-adt-ACGACTGAAGACTTAC-1,1
s2-adt-ACGAGGACCTGCTAGT-1,6
s2-adt-ACGAGTGCGTGCGTTC-1,5
s2-adt-ACGATGACTATTAGAT-1,1
s2-adt-ACGATGCGAAGGAGCA-1,1
s2-adt-ACGATGCTCCAATACA-1,2
s2-adt-ACGATGTCGCACAATC-1,0
s2-adt-ACGATGTCGTTGCCAA-1,1
s2-adt-ACGATGTTACCTCATT-1,2
s2-adt-ACGCAACGAAGAGTAT-1,0
s2-adt-ACGCAACGTGTAATTG-1,0
s2-adt-ACGCAAGGCATAAGTC-1,0
s2-adt-ACGCAATAGTATACGA-1,2
s2-adt-ACGCACATTGTAAGTA-1,2
s2-adt-ACGCCGGCATCACTGG-1,0
s2-adt-ACGCGGAAGAGTTCCG-1,4
s2-adt-ACGCGTAGACTCAACT-1,4
s2-adt-ACGCGTCGGTGAGGTT-1,1
s2-adt-ACGCGTTCCAGCCTTC-1,4
s2-adt-ACGCGTTCGCGATCAT-1,7
s2-adt-ACGCTCAGTGCTATTC-1,2
s2-adt-ACGCTGCGATTAACGA-1,2
s2-adt-ACGGCCGGAACGCTAG-1,0
s2-adt-ACGGCCGTCAACGTAT-1,1
s2-adt-ACGGCCGTGACATTAA-1,7
s2-adt-ACGGCCTGGCTAAGTT-1,4
s2-adt-ACGGCCTTGCCAGAAC-1,6
s2-adt-ACGGCTATGGCATACC-1,1
s2-adt-ACGGCTTAACGATAGT-1,0
s2-adt-ACGGCTTACGTATGCC-1,7
s2-adt-ACGGCTTATTGGTATG-1,3
s2-adt-ACGGCTTCAGGTACCG-1,0
s2-adt-ACGGCTTCCATCGGAA-1,0
s2-adt-ACGGCTTGTTCAATCG-1,0
s2-adt-ACGGTCGGACAGGCGA-1,5
s2-adt-ACGGTGATAATGTTAC-1,2
s2-adt-ACGGTGTACGGTGCCA-1,2
s2-adt-ACGGTTACATCCGAAG-1,8
s2-adt-ACGGTTCACCTTCCGG-1,8
s2-adt-ACGGTTCGCAAGTAAC-1,3
s2-adt-ACGGTTCGTACAGTTG-1,8
s2-adt-ACGGTTCGTCCGACCG-1,0
s2-adt-ACGTCAGATTACTTCG-1,7
s2-adt-ACGTGCAATTATTCGG-1,1
s2-adt-ACGTTAATACAATGAC-1,3
s2-adt-ACGTTCACATGATCTG-1,7
s2-adt-ACGTTCACGACTAGGT-1,3
s2-adt-ACGTTCCATTACCTCA-1,4
s2-adt-ACGTTCGTCCGCCTAT-1,5
s2-adt-ACGTTCTATGCACGAC-1,2
s2-adt-ACGTTCTGCCATAATC-1,1
s2-adt-ACTAATAGTCAACATA-1,4
s2-adt-ACTAATCGGCCACCGA-1,0
s2-adt-ACTACAATGACCGTAA-1,4
s2-adt-ACTACGTCTAATGGCC-1,3
s2-adt-ACTAGATCTGAAGCGG-1,0
s2-adt-ACTATGAGGTTCTGTC-1,7
s2-adt-ACTATTACCAGGTGCT-1,9
s2-adt-ACTATTAGACAGGCTG-1,4
s2-adt-ACTATTGCGAGCTAGA-1,4
s2-adt-ACTCAGCTCGAGTGTC-1,4
s2-adt-ACTCAGCTTCTGAGAC-1,8
s2-adt-ACTCAGGCCTGCAACT-1,1
s2-adt-ACTCAGTGAGCCTCCA-1,0
s2-adt-ACTCCAGGCCGAAGAC-1,0
s2-adt-ACTCCAGTAGCTCCAG-1,4
s2-adt-ACTCCTATGTTCCTAC-1,1
s2-adt-ACTCGAACGTTCGTTA-1,8
s2-adt-ACTCGAGTCCAAGTTG-1,7
s2-adt-ACTCGATAAGACCAGG-1,0
s2-adt-ACTCGATTGATATCCA-1,0
s2-adt-ACTCGTATTGTCAGAA-1,8
s2-adt-ACTCTAAGCTTGCGCC-1,0
s2-adt-ACTCTACTTCCGCATT-1,1
s2-adt-ACTCTTGCGGAGAACC-1,1
s2-adt-ACTGACGGCGAATAGT-1,7
s2-adt-ACTGACGTGATATTGG-1,3
s2-adt-ACTGACTCTGCTGGCC-1,8
s2-adt-ACTGACTGTCATCTAC-1,3
s2-adt-ACTGAGACCTTAGCAC-1,7
s2-adt-ACTGAGCGCAACTCAT-1,1
s2-adt-ACTGATACTCCATTAC-1,4
s2-adt-ACTGATGTCCACTCGC-1,4
s2-adt-ACTGCAAGGCTTCTCG-1,4
s2-adt-ACTGCCGTTGGTGAGC-1,9
s2-adt-ACTGGTAAGGCCTCAG-1,5
s2-adt-ACTGGTGATTCCGATC-1,8
s2-adt-ACTGGTTCTGAACGAT-1,3
s2-adt-ACTGTACAATTCTACT-1,0
s2-adt-ACTGTACATCCGATAC-1,0
s2-adt-ACTGTAGACAAGGAAT-1,2
s2-adt-ACTGTAGAGTGCCGGC-1,0
s2-adt-ACTGTAGCAGCTTCTG-1,4
s2-adt-ACTGTATTCTAGTCCA-1,4
s2-adt-ACTTAAGCCAGTAGGA-1,3
s2-adt-ACTTGAAGCGAGCGGT-1,2
s2-adt-ACTTGAATGTATTGGA-1,4
s2-adt-ACTTGAATTAACTTAG-1,2
s2-adt-ACTTGAATTAGCCGGT-1,8
s2-adt-ACTTGAGCCGTTCTTA-1,3
s2-adt-AGAACAGGAGCATGGA-1,0
s2-adt-AGAACTTCGATGCGTA-1,1
s2-adt-AGAAGCAGCCTAAGCT-1,1
s2-adt-AGAAGCTTGCCTCCGC-1,6
s2-adt-AGAAGGATGGTATGAA-1,0
s2-adt-AGAAGGCGTAGAATAG-1,5
s2-adt-AGAAGTTAACCAGAGC-1,6
s2-adt-AGAAGTTGAGCGCAAG-1,6
s2-adt-AGAATTCTGTTGACAA-1,0
s2-adt-AGACAAGACGTATCGC-1,2
s2-adt-AGACATCTTAGCACCT-1,1
s2-adt-AGACCGAACCGATGTC-1,9
s2-adt-AGACCGACCGCAGACA-1,2
s2-adt-AGACCGCCGGCCAATG-1,8
s2-adt-AGACCGGACTGTCCAT-1,7
s2-adt-AGACCGGAGCAACGCT-1,5
s2-adt-AGACCGGTATCCGTGG-1,8
s2-adt-AGACCGTCATTAGTTA-1,2
s2-adt-AGACCTATCCTTATAG-1,0
s2-adt-AGACCTCAGCGAGGTG-1,0
s2-adt-AGACCTGATAACAGTG-1,4
s2-adt-AGACCTTCGCGTGAAC-1,7
s2-adt-AGACGCGTGATGCATC-1,7
s2-adt-AGACGGCCTTACGGAG-1,1
s2-adt-AGACGTAGGCGGACCG-1,6
s2-adt-AGACGTGGCGTTGAGT-1,3
s2-adt-AGACTCAGACAGATAA-1,2
s2-adt-AGACTCATGACCTGGC-1,8
s2-adt-AGACTCATTGCGGACA-1,2
s2-adt-AGACTCCGCTTCGTAT-1,9
s2-adt-AGACTCCTGTATGGCG-1,8
s2-adt-AGACTCCTTATCATAC-1,0
s2-adt-AGACTCGACTCCTAAT-1,4
s2-adt-AGACTGGTAAGGAGGT-1,5
s2-adt-AGATAACCAATACGCC-1,5
s2-adt-AGATAAGCCACTCATA-1,2
s2-adt-AGATACAAGGATGGTG-1,7
s2-adt-AGATCAACTCGCTATG-1,7
s2-adt-AGATCAGTCGATAGAA-1,1
s2-adt-AGATCATTCACGCTGT-1,5
s2-adt-AGATCTCCGCCTTATT-1,1
s2-adt-AGATGAGGCGCCTCCA-1,4
s2-adt-AGATGCACGTAGGTGC-1,7
s2-adt-AGATGCTCCGTCATCT-1,0
s2-adt-AGATTGAGTTAGGAAC-1,0
s2-adt-AGATTGCGCCTCGCTC-1,1
s2-adt-AGCACGAGATAACGGT-1,6
s2-adt-AGCACGATACCTAAGC-1,8
s2-adt-AGCACGCTCGATCTAA-1,1
s2-adt-AGCACGGAGGCAGTCA-1,7
s2-adt-AGCACGTGCACTGTAA-1,2
s2-adt-AGCACTCATACAGAAC-1,5
s2-adt-AGCAGGTAAGTATCTG-1,0
s2-adt-AGCAGGTATGCCATTG-1,5
s2-adt-AGCAGGTGCAATGGTT-1,5
s2-adt-AGCATAATTCCAGATA-1,4
s2-adt-AGCATGAGCGAATATT-1,3
s2-adt-AGCATGCACCGCGTCA-1,2
s2-adt-AGCATTAGACGGATTG-1,4
s2-adt-AGCCAGATACTCGAAC-1,4
s2-adt-AGCCAGATCAAGATTC-1,4
s2-adt-AGCCAGCGGCAAGCGT-1,6
s2-adt-AGCCGATGTTCTACTC-1,1
s2-adt-AGCCGGCCTATTCCAG-1,3
s2-adt-AGCCGTAGTGGAGTGC-1,2
s2-adt-AGCCGTATCTTCGTCT-1,6
s2-adt-AGCCGTATTCAACCGT-1,1
s2-adt-AGCCGTTGCATCCTAG-1,8
s2-adt-AGCCTCCGAACTACCA-1,0
s2-adt-AGCCTCGCATGGTCCT-1,5
s2-adt-AGCCTCTGTTCCGATG-1,4
s2-adt-AGCGACTATGTATCTT-1,5
s2-adt-AGCGAGAACAGATTCT-1,1
s2-adt-AGCGAGGAACTGGTCC-1,3
s2-adt-AGCGCATCGTGGTCGA-1,7
s2-adt-AGCGGAATGTCGCTGT-1,1
s2-adt-AGCGGCGAATAATCTT-1,7
s2-adt-AGCGGTACGCCGAGAA-1,3
s2-adt-AGCGGTGAGTGACATG-1,2
s2-adt-AGCGGTGCAGGCATCT-1,0
s2-adt-AGCGGTTAATCGAAGT-1,4
s2-adt-AGCGGTTACAATACGC-1,3
s2-adt-AGCGGTTAGACTCGCC-1,1
s2-adt-AGCGTGCCTGTATGCC-1,0
s2-adt-AGCGTGCGCCTGATCG-1,0
s2-adt-AGCGTGCTTCGCTCAT-1,8
s2-adt-AGCGTGGCACCGACAA-1,1
s2-adt-AGCGTGTATGTACGGT-1,0
s2-adt-AGCGTTACAGTCCTGG-1,2
s2-adt-AGCGTTATACCTGTTG-1,1
s2-adt-AGCGTTGGCTCACGAT-1,3
s2-adt-AGCTACCAGCGTTACT-1,9
s2-adt-AGCTAGCGTACAGTAA-1,7
s2-adt-AGCTATAAGTCCAGCA-1,8
s2-adt-AGCTATAGAATAGTCT-1,3
s2-adt-AGCTCAACATCGTCCG-1,2
s2-adt-AGCTCGACAGGCGATA-1,2
s2-adt-AGCTGACGTAACGCTG-1,2
s2-adt-AGCTGTTCCGGTGATT-1,3
s2-adt-AGCTGTTGAAGGCCTT-1,7
s2-adt-AGCTTCGCTGCGGTCA-1,7
s2-adt-AGCTTGAGTCAGGCCG-1,3
s2-adt-AGCTTGGATGCAAGCC-1,0
s2-adt-AGGAATTACGGTGACG-1,2
s2-adt-AGGACCAGTAACCTAA-1,0
s2-adt-AGGACCAGTGCGCCAG-1,6
s2-adt-AGGACCGCAATAGTTA-1,0
s2-adt-AGGACCGTAGATGCTA-1,1
s2-adt-AGGACCTGTACCATTC-1,2
s2-adt-AGGACGAAGCCTCCTT-1,1
s2-adt-AGGACGAATGCTTCAA-1,3
s2-adt-AGGACGTATCGCCGTA-1,6
s2-adt-AGGACGTCGGCACGAA-1,1
s2-adt-AGGACTAGGACCGCAG-1,6
s2-adt-AGGACTGAAGTGCCTT-1,5
s2-adt-AGGACTGGATGAAGAC-1,2
s2-adt-AGGAGCAGCGTTAATA-1,4
s2-adt-AGGAGCATAATCCACT-1,1
s2-adt-AGGAGCATCACTCAGC-1,0
s2-adt-AGGAGCCGCTGAGTAG-1,0
s2-adt-AGGAGCCTCGAACGTT-1,5
s2-adt-AGGAGCGAATGCGTTA-1,4
s2-adt-AGGAGTACAGTGCATA-1,4
s2-adt-AGGATAACCGGTCGGA-1,1
s2-adt-AGGATACCTCCGAGCG-1,4
s2-adt-AGGATAGAGTTAATCA-1,4
s2-adt-AGGATATCGCGAATAC-1,1
s2-adt-AGGATCAACATTCGTT-1,9
s2-adt-AGGATCCGTGAGGCGG-1,6
s2-adt-AGGATTCTACGCCTAG-1,1
s2-adt-AGGCAACTAGCGTACC-1,3
s2-adt-AGGCAATGTCAGCTGG-1,5
s2-adt-AGGCATTAAGTCTGGC-1,0
s2-adt-AGGCATTACTATAGTA-1,1
s2-adt-AGGCCGCAGAATAACG-1,9
s2-adt-AGGCCTGTCTAGTGGC-1,4
s2-adt-AGGCTGCAGCTCAGGC-1,0
s2-adt-AGGCTGCGCAGCAACT-1,5
s2-adt-AGGCTTAACCGATTGT-1,3
s2-adt-AGGTACAGCTATGATA-1,0
s2-adt-AGGTACCAGACGCCAG-1,0
s2-adt-AGGTCTCACGCCAATA-1,2
s2-adt-AGGTCTTCCATCGCCG-1,1
s2-adt-AGGTGAAGTGACGACT-1,0
s2-adt-AGGTGAATCCACAACC-1,7
s2-adt-AGGTGAGCAATGTCTT-1,2
s2-adt-AGGTGATTGGCGGTAT-1,3
s2-adt-AGGTGGACTTGCCACC-1,2
s2-adt-AGGTGGCACTTGTCAG-1,0
s2-adt-AGGTGGCTGTCGCCAA-1,7
s2-adt-AGGTTACATTCCACGC-1,9
s2-adt-AGGTTAGTGGCCATAG-1,9
s2-adt-AGGTTCCACGCCGAAG-1,0
s2-adt-AGGTTGAGTAGGAGAT-1,1
s2-adt-AGTAAGCTCGGCCAAT-1,3
s2-adt-AGTACATATGTAGGAA-1,4
s2-adt-AGTACCGTTGTACGCC-1,2
s2-adt-AGTAGACAGTAAGGAG-1,3
s2-adt-AGTAGAGCATGGACGT-1,1
s2-adt-AGTATTACGGTATTCG-1,3
s2-adt-AGTATTCAGCTGAATG-1,0
s2-adt-AGTATTCGTCGGTATC-1,0
s2-adt-AGTCACTTATTCAAGG-1,1
s2-adt-AGTCCGTGATCACTAC-1,2
s2-adt-AGTCGCAGGAACGAGT-1,0
s2-adt-AGTCGCCACTCGGCGA-1,2
s2-adt-AGTCGGACCGTGCTTA-1,3
s2-adt-AGTCGGTCTAATCTGT-1,4
s2-adt-AGTCGGTTATACATAG-1,3
s2-adt-AGTCGGTTGGTTGGCG-1,8
s2-adt-AGTCGTTGCCGCCAAC-1,4
s2-adt-AGTCGTTGCCTTACCT-1,5
s2-adt-AGTCTAGGATTGTCAC-1,0
s2-adt-AGTGAGGTCTGTGCTC-1,2
s2-adt-AGTGAGTATTCTAAGT-1,2
s2-adt-AGTGCAATAACTAACA-1,1
s2-adt-AGTGCCAGATGCTCTG-1,0
s2-adt-AGTGCGCAACATGCGT-1,2
s2-adt-AGTGCTTCGCGGACGC-1,4
s2-adt-AGTGGTATGTCCAAGT-1,0
s2-adt-AGTGTACCTCTGTATG-1,6
s2-adt-AGTGTCATGGTTGTGG-1,1
s2-adt-AGTGTCGTGGCATGTT-1,7
s2-adt-AGTGTCTAGGCTAATA-1,0
s2-adt-AGTGTCTGAACTGTGG-1,0
s2-adt-AGTGTCTTAAGCTTGT-1,0
s2-adt-AGTGTTCGAGGATGAA-1,7
s2-adt-AGTTAAGACTGGCTCC-1,2
s2-adt-AGTTACCTCACCAGCA-1,1
s2-adt-AGTTAGAAGGACGAAT-1,4
s2-adt-AGTTATCCTGAACGAA-1,8
s2-adt-AGTTCGGCACATACGG-1,2
s2-adt-AGTTCGTCTAGTGCAG-1,1
s2-adt-AGTTCGTGCAGACCTT-1,1
s2-adt-AGTTCGTGCATGTCGA-1,9
s2-adt-AGTTGGCACCAGTTAC-1,1
s2-adt-AGTTGTACTTAATGGA-1,0
s2-adt-AGTTGTCCACAGACCA-1,0
s2-adt-ATAACCTAGAACCTGC-1,1
s2-adt-ATAACGAAGAGCACGC-1,5
s2-adt-ATAAGAATCATGCATC-1,6
s2-adt-ATAAGACCAATCGCGG-1,6
s2-adt-ATAAGGAATAGAACAT-1,0
s2-adt-ATAAGGCGGACAAGTT-1,8
s2-adt-ATAAGTACCACGAGTT-1,6
s2-adt-ATAATCGTAGTTATTC-1,0
s2-adt-ATAATTAGTTCTACGG-1,5
s2-adt-ATAATTATCGACCACG-1,0
s2-adt-ATACAAGGTCAGTAGA-1,3
s2-adt-ATACAATTGCGGTATT-1,1
s2-adt-ATACATCAAGGATTGC-1,2
s2-adt-ATACATCACGCCTTCT-1,8
s2-adt-ATACATCACTGTCCGG-1,4
s2-adt-ATACATCATGCACCAA-1,4
s2-adt-ATACGACATCTAGACC-1,1
s2-adt-ATACGCTGAGATCAGA-1,8
s2-adt-ATACGGCACGTTACGA-1,4
s2-adt-ATACGGCGACTGGTCT-1,1
s2-adt-ATACTAGCCACTTCGC-1,5
s2-adt-ATACTAGCCATTAGTT-1,0
s2-adt-ATACTAGTAACTGAGT-1,6
s2-adt-ATACTATCAACTTGTA-1,0
s2-adt-ATACTGACTTCGGCAC-1,5
s2-adt-ATACTGGACCACAGCC-1,4
s2-adt-ATACTGGAGGATAACG-1,2
s2-adt-ATAGAACGTTCGATCT-1,0
s2-adt-ATAGAAGGAGCAGTAG-1,0
s2-adt-ATAGAATTCTAGGCCG-1,8
s2-adt-ATAGACATGGCTATGG-1,3
s2-adt-ATAGATGCCTAAGCAC-1,1
s2-adt-ATAGATTGAGTTCGAG-1,2
s2-adt-ATAGCACCTGCTGTCT-1,6
s2-adt-ATAGCTATTCGCACTC-1,1
s2-adt-ATAGCTTCACAACCGT-1,3
s2-adt-ATAGCTTCGTGGAACG-1,3
s2-adt-ATAGGCCGATAGAAGT-1,9
s2-adt-ATAGGCCGGTAATTCT-1,6
s2-adt-ATAGTACTATGGTTCT-1,1
s2-adt-ATAGTCCGCCGTTGGC-1,0
s2-adt-ATAGTGAGTGAGGATT-1,2
s2-adt-ATAGTGTCAGATGTAG-1,7
s2-adt-ATAGTTAAGCCTGCCG-1,5
s2-adt-ATAGTTAAGGCACGAG-1,1
s2-adt-ATAGTTCATCGGATCT-1,0
s2-adt-ATAGTTCCTAGGCCGG-1,8
s2-adt-ATAGTTCGCAGCCGTG-1,1
s2-adt-ATAGTTCGGTTCCAGA-1,3
s2-adt-ATCAAGGAGCTTACAT-1,7
s2-adt-ATCAATCTGCAGGACC-1,0
s2-adt-ATCAATGGTTGTACCT-1,4
s2-adt-ATCACCAGTTCGGCGA-1,9
s2-adt-ATCACGTTCAATGATA-1,9
s2-adt-ATCAGATACCAGCTGT-1,9
s2-adt-ATCAGTAAGCTCGCCG-1,3
s2-adt-ATCATTCACCAGATTG-1,8
s2-adt-ATCATTCCAACTTCGC-1,0
s2-adt-ATCATTGTCCATGCCA-1,3
s2-adt-ATCCAACGCCACATCG-1,0
s2-adt-ATCCACATGTTGGACC-1,4
s2-adt-ATCCACTCGTACTCGG-1,9
s2-adt-ATCCGAGTACAGGAAT-1,4
s2-adt-ATCCGAGTACCACGTG-1,3
s2-adt-ATCCGAGTCACTTGTA-1,5
s2-adt-ATCCGATGACCTCGGA-1,3
s2-adt-ATCCGATGTCTGTCAC-1,0
s2-adt-ATCCGGATCGCCGTAT-1,0
s2-adt-ATCCGGATGACGTAAC-1,2
s2-adt-ATCCGGTATCACAAGT-1,3
s2-adt-ATCCGTAGCTTCAGTA-1,6
s2-adt-ATCCGTAGTGTCGCTC-1,6
s2-adt-ATCCGTGGAACTTCAA-1,6
s2-adt-ATCCTCCAGCCATTGT-1,7
s2-adt-ATCCTCGTTCCAGGCC-1,2
s2-adt-ATCGAACATGCTAAGC-1,9
s2-adt-ATCGAATCTAGCAGAC-1,4
s2-adt-ATCGACAGCGGCAACA-1,6
s2-adt-ATCGACCGGAGTATCG-1,5
s2-adt-ATCGATGTCAGATAGA-1,0
s2-adt-ATCGCAATGCACTAAC-1,2
s2-adt-ATCGCAGTAACTTATT-1,2
s2-adt-ATCGCAGTCTATGGCA-1,0
s2-adt-ATCGCATCACGCATCT-1,5
s2-adt-ATCGGCTCTATGCCTC-1,8
s2-adt-ATCGTAACTACCTCTT-1,2
s2-adt-ATCGTAATCCACATGC-1,0
s2-adt-ATCGTACAACTGGCTA-1,4
s2-adt-ATCGTACACCTATGCC-1,0
s2-adt-ATCGTAGCATGTAGAT-1,6
s2-adt-ATCGTATTACTCGGAG-1,8
s2-adt-ATCGTATTGGAATCCT-1,0
s2-adt-ATCGTCACCATGTCAC-1,0
s2-adt-ATCGTCAGTTAGTCCA-1,3
s2-adt-ATCGTCTTAACGAAGG-1,0
s2-adt-ATCTACAGGAGTGCAC-1,0
s2-adt-ATCTACCATATTCCAG-1,2
s2-adt-ATCTACGACAGCTCTT-1,8
s2-adt-ATCTACTCACATCTCC-1,1
s2-adt-ATCTCCTTGCGATACA-1,2
s2-adt-ATCTGAAGTATGCACG-1,7
s2-adt-ATCTGACCGGAGTCCT-1,5
s2-adt-ATCTGAGGAACGGTTG-1,8
s2-adt-ATCTGATACTTCATTA-1,5
s2-adt-ATCTGCCGTCTACAGC-1,8
s2-adt-ATCTGGATCCTCAGAC-1,0
s2-adt-ATCTGTACGCGTCTCC-1,1
s2-adt-ATCTTAGACGCCTACT-1,5
s2-adt-ATCTTAGATAGGTTCA-1,5
s2-adt-ATCTTAGTGGCATGGA-1,4
s2-adt-ATCTTATCAGCAATAC-1,4
s2-adt-ATCTTCGGACATACTA-1,1
s2-adt-ATCTTGGCTTCGTCCT-1,0
s2-adt-ATGAACAATCGATGCG-1,0
s2-adt-ATGAAGCTGAATCCAG-1,0
s2-adt-ATGACACTAATCGCAC-1,1
s2-adt-ATGACCAGACGGCCGG-1,8
s2-adt-ATGACCTCACGCACTG-1,4
s2-adt-ATGACCTCACTTAACC-1,0
s2-adt-ATGACGAGATCATTAA-1,5
s2-adt-ATGAGCTACATGGAAG-1,7
s2-adt-ATGAGCTATTCGAAGA-1,1
s2-adt-ATGAGTACGCTTCCTA-1,0
s2-adt-ATGATAATTCCTTGCG-1,0
s2-adt-ATGATATCTAGTCTTA-1,3
s2-adt-ATGATTGATTCCGAAT-1,0
s2-adt-ATGCATCCTGACTCAC-1,0
s2-adt-ATGCATGCCTGCGATG-1,2
s2-adt-ATGCATGGTTCCGCCT-1,2
s2-adt-ATGCATGGTTGCTGTA-1,0
s2-adt-ATGCATGTATGTGAGT-1,8
s2-adt-ATGCATGTCACTCGTG-1,0
s2-adt-ATGCCAGCTGCCATCT-1,3
s2-adt-ATGCCGTTGTGAAGCG-1,0
s2-adt-ATGCCTTCGTAAGTTA-1,6
s2-adt-ATGCTACTGAATAGTA-1,1
s2-adt-ATGCTCCAACCTGGCC-1,8
s2-adt-ATGCTCCGTTCTACTG-1,2
s2-adt-ATGCTCGCCTCCAATT-1,0
s2-adt-ATGCTGAATGCAATAG-1,1
s2-adt-ATGCTGCCTACTGCAT-1,0
s2-adt-ATGCTTACTCTAGGAA-1,7
s2-adt-ATGCTTGGACGAACTT-1,1
s2-adt-ATGGAGCGCACTCGGT-1,4
s2-adt-ATGGAGGCCACGGCTT-1,0
s2-adt-ATGGAGTAATCGGACC-1,6
s2-adt-ATGGAGTCTTCGCAGT-1,5
s2-adt-ATGGCATTATGGCTCG-1,0
s2-adt-ATGGTAACGGACCGGA-1,3
s2-adt-ATGTAAGAGCCACCTC-1,0
s2-adt-ATGTAATTGTCGTTCG-1,0
s2-adt-ATGTACAGTGCCTATG-1,0
s2-adt-ATGTACATCGTGGTTA-1,8
s2-adt-ATGTACATGAACTCCG-1,0
s2-adt-ATGTACCATTATTGTC-1,0
s2-adt-ATGTACCGATCCAGAA-1,1
s2-adt-ATGTACTACCGACTTC-1,1
s2-adt-ATGTACTCTGCAGCAC-1,2
s2-adt-ATGTAGAAGCGAATAG-1,1
s2-adt-ATGTAGCCGACCAAGG-1,1
s2-adt-ATGTAGGTAACCGTAC-1,8
s2-adt-ATGTAGGTTGGCGAGG-1,6
s2-adt-ATGTATCCAAGGTGGC-1,7
s2-adt-ATGTATCCATAAGTTG-1,2
s2-adt-ATGTATCGGAATACGG-1,0
s2-adt-ATGTATGAGTACCGGA-1,6
s2-adt-ATGTCATACTTAGACC-1,3
s2-adt-ATGTCGGACTGAAGTA-1,9
s2-adt-ATGTCGGATAAGCCGA-1,2
s2-adt-ATGTCGGCTGTCGTAA-1,2
s2-adt-ATGTCGTTACCAGACG-1,5
s2-adt-ATGTCTAACTGGCGAA-1,5
s2-adt-ATGTGAATCCATACGA-1,7
s2-adt-ATGTGAATTGCTGACC-1,0
s2-adt-ATGTGATCCGTCTAAC-1,0
s2-adt-ATGTGCGTCTGAACAG-1,8
s2-adt-ATGTGCTAACATCGAA-1,4
s2-adt-ATGTGCTTGTGCTACC-1,0
s2-adt-ATGTTAAGATTACTGA-1,0
s2-adt-ATGTTAGACTATCTCA-1,7
s2-adt-ATGTTCGCAGAAGTCT-1,5
s2-adt-ATGTTCTGCCTTATCT-1,0
s2-adt-ATTAAGAACAGCTCCG-1,3
s2-adt-ATTAAGAATAACGCTT-1,1
s2-adt-ATTAAGCGTCCTGCCG-1,3
s2-adt-ATTAAGTGGCCTAAGG-1,0
s2-adt-ATTACAAGCAAGTGTC-1,4
s2-adt-ATTACATTGAAGTATG-1,8
s2-adt-ATTACCTTCGCAGAAG-1,0
s2-adt-ATTACTCCGTGAAGCG-1,6
s2-adt-ATTACTGAGTGCCTCC-1,6
s2-adt-ATTACTGTACGCGGTG-1,3
s2-adt-ATTACTGTCGCATATT-1,2
s2-adt-ATTAGACCAAGTATAC-1,4
s2-adt-ATTAGATAAGACGGCG-1,8
s2-adt-ATTAGCAGGATGTATT-1,0
s2-adt-ATTAGCCTCACTTCTA-1,2
s2-adt-ATTAGCCTCAGTAGAT-1,9
s2-adt-ATTAGCGAGCATGCTG-1,3
s2-adt-ATTAGTCGTGTTATGC-1,4
s2-adt-ATTAGTGAGGTATCGC-1,5
s2-adt-ATTAGTGCTTGGTCAT-1,1
s2-adt-ATTAGTTCACAGACTC-1,5
s2-adt-ATTATCACAACTCGGC-1,6
s2-adt-ATTATCAGTTCGATGC-1,7
s2-adt-ATTATCCAGGTGAAGT-1,3
s2-adt-ATTATCGAGTGCAGAT-1,1
s2-adt-ATTATCTAGATTAACG-1,6
s2-adt-ATTATCTTATTGAGAC-1,0
s2-adt-ATTATGATACTGCGCA-1,9
s2-adt-ATTATGCCATCGTTAA-1,5
s2-adt-ATTATGTTAAGGTAGT-1,5
s2-adt-ATTCAAGATTAGTTGC-1,0
s2-adt-ATTCACATAGGATGAG-1,1
s2-adt-ATTCACATCTTATTCT-1,1
s2-adt-ATTCACCTGACCAGTT-1,4
s2-adt-ATTCACGCTGTTATCG-1,0
s2-adt-ATTCACGTCGCAGGCT-1,2
s2-adt-ATTCACTCACGTGCAC-1,2
s2-adt-ATTCAGCTCCTACTAA-1,0
s2-adt-ATTCAGTCACCGCCAT-1,7
s2-adt-ATTCATAGCGAAGCGT-1,2
s2-adt-ATTCCATTGTGAACGC-1,0
s2-adt-ATTCCGCAACGCCGCT-1,6
s2-adt-ATTCCGCTCCATCAGC-1,1
s2-adt-ATTCCGGACCGGTCTT-1,7
s2-adt-ATTCCGGTTACATACC-1,8
s2-adt-ATTCCGTAAGGATTCC-1,2
s2-adt-ATTCCTGCCTTAACAG-1,1
s2-adt-ATTCCTTCGAAGGTGC-1,0
s2-adt-ATTCGCTCGCGGAGGC-1,0
s2-adt-ATTCGGAAGCTATTAC-1,2
s2-adt-ATTCGTGCCGACATGT-1,2
s2-adt-ATTCGTTAGAATTCGG-1,7
s2-adt-ATTCTACGTGGCAGAT-1,1
s2-adt-ATTCTACTGGTCGTTC-1,2
s2-adt-ATTCTAGGACATCAGT-1,8
s2-adt-ATTCTAGTCCACAAGA-1,6
s2-adt-ATTCTGAGTACTGTAG-1,9
s2-adt-ATTCTTGAGGCGACGC-1,9
s2-adt-ATTCTTGGAGTGATAG-1,8
s2-adt-ATTGACGAGCAGCGAC-1,4
s2-adt-ATTGACGCATCTCAAC-1,2
s2-adt-ATTGACGCCACCTTCT-1,0
s2-adt-ATTGACGCCAGCCAAG-1,1
s2-adt-ATTGACTTATGTGGTA-1,4
s2-adt-ATTGATAACACTAAGA-1,0
s2-adt-ATTGCACGACCACTTG-1,7
s2-adt-ATTGCACGCATAACAG-1,0
s2-adt-ATTGCAGTTCTTCATT-1,0
s2-adt-ATTGCATATTGTTATC-1,4
s2-adt-ATTGCATCACTGACTG-1,0
s2-adt-ATTGCCTGATGTGCGG-1,8
s2-adt-ATTGCCTTACGCAGTT-1,4
s2-adt-ATTGCCTTGTCTAAGT-1,4
s2-adt-ATTGCGTAGTTAGGAG-1,7
s2-adt-ATTGGCCTAGGAATCG-1,1
s2-adt-ATTGGCCTTCCGTGCA-1,8
s2-adt-ATTGGCGAATTGCACT-1,7
s2-adt-ATTGGCTAACAGACAA-1,0
s2-adt-ATTGTTAAGTAGACTA-1,5
s2-adt-ATTGTTACGACTAGCG-1,6
s2-adt-ATTGTTATACTTCACG-1,2
s2-adt-CAACAGGTCAGAGGAC-1,9
s2-adt-CAACCGTACTGATCTT-1,7
s2-adt-CAACCGTATTACTGTA-1,3
s2-adt-CAACCGTTAACAGACC-1,1
s2-adt-CAACGCTTGCTCCTAC-1,1
s2-adt-CAACGGCACTCAGTCC-1,5
s2-adt-CAACTGACAAGACAAG-1,7
s2-adt-CAACTGCAGTGCAATA-1,1
s2-adt-CAACTGCATTCGACTC-1,9
s2-adt-CAACTGCTGGAGTTAT-1,0
s2-adt-CAACTTGGACATAGAT-1,7
s2-adt-CAACTTGGTACGATGT-1,5
s2-adt-CAAGACCACTATCGAA-1,1
s2-adt-CAAGATAAGTGCAATG-1,8
s2-adt-CAAGATTACCGATCAT-1,6
s2-adt-CAAGATTAGATGAGTT-1,0
s2-adt-CAAGATTCGTCAGCTG-1,6
s2-adt-CAAGCCGCCATAGAGG-1,8
s2-adt-CAAGCCTCCACTATCT-1,4
s2-adt-CAAGGCAAGCATCTCG-1,7
s2-adt-CAAGGTCTCAATACAG-1,8
s2-adt-CAAGTACTCCGCATCG-1,8
s2-adt-CAAGTACTTATTAAGC-1,9
s2-adt-CAAGTACTTCAATAGT-1,8
s2-adt-CAAGTAGCCTCGATCC-1,3
s2-adt-CAAGTATCGGCAACCA-1,5
s2-adt-CAAGTCCGCTACCGTT-1,8
s2-adt-CAAGTCGCAGTCACTC-1,0
s2-adt-CAAGTCTTGGCGATAG-1,4
s2-adt-CAAGTGAATTGGATGC-1,1
s2-adt-CAAGTGTTCGCCACGC-1,3
s2-adt-CAAGTGTTGACGGCCA-1,8
s2-adt-CAATAACTACATTAAC-1,8
s2-adt-CAATAACTCAAGGCAA-1,5
s2-adt-CAATAAGAACCGACTT-1,7
s2-adt-CAATAAGCGGCCAGAT-1,0
s2-adt-CAATAAGGTAACTCGT-1,9
s2-adt-CAATAATCGTAGGATA-1,4
s2-adt-CAATCCGAGGTGCTAG-1,4
s2-adt-CAATCGTCGGAGCATG-1,8
s2-adt-CAATCGTGAAGTGATA-1,0
s2-adt-CAATCTATGAGGTCAG-1,3
s2-adt-CAATCTGAGTCGACTC-1,7
s2-adt-CAATCTTATTAGAATG-1,4
s2-adt-CAATGCAGATCATAGA-1,4
s2-adt-CAATGCATTGACGGCA-1,1
s2-adt-CAATGCGGATGCTGGT-1,3
s2-adt-CAATGGCTGAGCGATT-1,7
s2-adt-CAATTGAACCGGCTCG-1,1
s2-adt-CAATTGTTGACGTGAG-1,0
s2-adt-CACCAGGCACGCTATC-1,4
s2-adt-CACCATAAGCTGGCTG-1,1
s2-adt-CACCATTCTTACGAGC-1,2
s2-adt-CACCGAGTCTTGGACA-1,0
s2-adt-CACCTACATGATTGAT-1,7
s2-adt-CACCTACCGCTACCTT-1,2
s2-adt-CACCTAGAATACTTCT-1,3
s2-adt-CACCTAGACGAGCCGG-1,3
s2-adt-CACCTATTACTCAGAT-1,7
s2-adt-CACCTCGAGCGATGCT-1,8
s2-adt-CACCTCGAGGACTCTA-1,0
s2-adt-CACCTTAGCTATTGTC-1,1
s2-adt-CACCTTGCGAGTTATG-1,7
s2-adt-CACGAGGCCATCCACT-1,3
s2-adt-CACGAGGTATAGGTAT-1,1
s2-adt-CACGATCATACAATTA-1,8
s2-adt-CACGCCACAATCGCAC-1,0
s2-adt-CACGCCACTCCTTCAT-1,7
s2-adt-CACGCTTATCAATCTT-1,1
s2-adt-CACGGATTCTCATCAC-1,7
s2-adt-CACGGCGATACATACG-1,5
s2-adt-CACGGCTGCGCTTGGC-1,1
s2-adt-CACGGCTTACTCCGTT-1,8
s2-adt-CACGGTCTTGGTTAAT-1,3
s2-adt-CACGTACGTAGCTCAT-1,8
s2-adt-CACGTAGGTAGGCTGA-1,0
s2-adt-CACGTCAAGTGCGATC-1,0
s2-adt-CACGTCCAATTCGACT-1,3
s2-adt-CACGTCCACGACCTAT-1,2
s2-adt-CACGTCCATCTACTGA-1,0
s2-adt-CACGTGGCGGCACTAG-1,6
s2-adt-CACGTTGCACATACCG-1,1
s2-adt-CACTACAATATTGCGG-1,1
s2-adt-CACTACCATACGCAGA-1,3
s2-adt-CACTACCTTCGCTTCA-1,5
s2-adt-CACTACTGCGGAATTG-1,1
s2-adt-CACTACTGGCTGAACC-1,6
s2-adt-CACTAGTCGACATCTA-1,1
s2-adt-CACTCAAGACCATGCA-1,5
s2-adt-CACTCAAGACGGACTA-1,7
s2-adt-CACTCAATAAGCCGAA-1,8
s2-adt-CACTCAATGGTTCGGA-1,9
s2-adt-CACTCAGTACTCCGCT-1,1
s2-adt-CACTCAGTGGTCCTTC-1,3
s2-adt-CACTCATCACGTTACG-1,3
s2-adt-CACTGGATCGATACGA-1,0
s2-adt-CACTGGCCAGCCAGAT-1,8
s2-adt-CACTGGCGGTAACACC-1,8
s2-adt-CACTGGTGAGACGCTT-1,2
s2-adt-CACTGGTGAGTTATCG-1,3
s2-adt-CACTGGTGGCGTCGTT-1,4
s2-adt-CACTTGACATTCAGAA-1,5
s2-adt-CAGAACATGATAGGAC-1,9
s2-adt-CAGAACGTATCGACTT-1,1
s2-adt-CAGAAGATTAGAATGG-1,3
s2-adt-CAGAAGTCGCGGTTAT-1,6
s2-adt-CAGAATTCTTGAACCA-1,2
s2-adt-CAGACACTTACAAGAC-1,5
s2-adt-CAGACAGTCGGATCTG-1,1
s2-adt-CAGACGAATGAGGAAC-1,1
s2-adt-CAGACGATACAGATCG-1,5
s2-adt-CAGACGCACTACTGAC-1,4
s2-adt-CAGACGCAGTAGGTCT-1,0
s2-adt-CAGAGCAATGGCTTCT-1,0
s2-adt-CAGAGGCACTTAAGTC-1,0
s2-adt-CAGAGGCGAATTGCCA-1,5
s2-adt-CAGAGTCAATCCGCTG-1,4
s2-adt-CAGAGTCATGTACAGG-1,7
s2-adt-CAGATACAGCACTCGT-1,2
s2-adt-CAGATTATCATAACGC-1,3
s2-adt-CAGATTCCGTATGCGA-1,1
s2-adt-CAGATTGCCTGTAAGT-1,4
s2-adt-CAGCACGCTAATCAGA-1,2
s2-adt-CAGCATAGACTAGGCA-1,3
s2-adt-CAGCATCCTCGCCACT-1,4
s2-adt-CAGCCAACGATAGCTT-1,4
s2-adt-CAGCCAGTCCTGTCGG-1,3
s2-adt-CAGCCATGTCTGCCGT-1,1
s2-adt-CAGCCTCGTGGCTCAC-1,0
s2-adt-CAGCCTGGTTGAACTA-1,4
s2-adt-CAGCGATAACTGAACC-1,2
s2-adt-CAGCGATAATGCGATT-1,0
s2-adt-CAGCTCCTCGGATTCT-1,0
s2-adt-CAGCTGGATGCGGCTA-1,2
s2-adt-CAGCTGGCGATAAGTG-1,2
s2-adt-CAGCTGTTGCCGGAGT-1,6
s2-adt-CAGCTTCACTACCGTG-1,6
s2-adt-CAGCTTGGTTCGGTCG-1,3
s2-adt-CAGGACAGAAGGCTGG-1,5
s2-adt-CAGGACATGGTAATGC-1,8
s2-adt-CAGGAGCGTATCGCAT-1,3
s2-adt-CAGGCCAACAGCGAGT-1,5
s2-adt-CAGGCCAACGGTCGTA-1,8
s2-adt-CAGGCCGTATCTGTTA-1,1
s2-adt-CAGGCGAGGTCTTGGA-1,8
s2-adt-CAGTAATATCACTACG-1,4
s2-adt-CAGTACAGTTGTGGAA-1,3
s2-adt-CAGTAGATTGACGGAT-1,1
s2-adt-CAGTATACTGCAGCAA-1,0
s2-adt-CAGTATCTTACACTAA-1,5
s2-adt-CAGTATGCGTGGCGCT-1,0
s2-adt-CAGTCAGCCGATCCGG-1,3
s2-adt-CAGTCTGGTAATCTAC-1,3
s2-adt-CAGTCTGTGGCGCTGC-1,2
s2-adt-CAGTGAACAGCAACGA-1,2
s2-adt-CAGTGAAGATACATAA-1,0
s2-adt-CAGTGCCTTGCGGTCT-1,3
s2-adt-CAGTTGCAACCGAGAT-1,5
s2-adt-CAGTTGCACGGACAGG-1,4
s2-adt-CAGTTGCGACTTCTCG-1,1
s2-adt-CAGTTGCTCACGTGTC-1,0
s2-adt-CATACAATGAGTAGCT-1,8
s2-adt-CATACCTCGATTGTTC-1,1
s2-adt-CATAGAACATTGAACA-1,0
s2-adt-CATAGCTTGACAACGG-1,0
s2-adt-CATATCAGACTATCCA-1,4
s2-adt-CATATCCGTTCACCTC-1,4
s2-adt-CATATGTTGACTGGCG-1,5
s2-adt-CATATTCATCCGCATT-1,9
s2-adt-CATATTCTTGTCGTAA-1,7
s2-adt-CATCAGATACTAATCG-1,2
s2-adt-CATCAGGTAGGACCGT-1,8
s2-adt-CATCAGGTGCCTGATA-1,3
s2-adt-CATCAGTAATCAGACA-1,7
s2-adt-CATCCGAAGCGTATGG-1,8
s2-adt-CATCCGCCTAAGGAAC-1,3
s2-adt-CATCCGGTACCAACGA-1,5
s2-adt-CATCCGTGCGGTCTAC-1,5
s2-adt-CATCCGTGGTCGTAAG-1,6
s2-adt-CATCCTAGTGGTATGT-1,6
s2-adt-CATCCTGGTACCTGCT-1,2
s2-adt-CATCCTTCGACTAAGT-1,4
s2-adt-CATCGCGGTCGGTGCG-1,8
s2-adt-CATCGGATCCTACCTG-1,5
s2-adt-CATCGGCATGTCGAAG-1,9
s2-adt-CATCGGCCTGCATATC-1,1
s2-adt-CATCGGTAGCGTCCGA-1,5
s2-adt-CATCTGGCCATACTAG-1,7
s2-adt-CATGATAGGCCATGAG-1,3
s2-adt-CATGATGCATGTGCTA-1,3
s2-adt-CATGATGCTAGCCATG-1,6
s2-adt-CATGCACGCCGACGGA-1,7
s2-adt-CATGCAGAAGTCAGGA-1,0
s2-adt-CATGCATATGACGTCG-1,1
s2-adt-CATGCATATTCTGCCT-1,4
s2-adt-CATGCGCTACTGGAGG-1,9
s2-adt-CATGCGGCCGGAATTC-1,5
s2-adt-CATGCTCATCTGAACG-1,2
s2-adt-CATGGCTACTGTACGT-1,5
s2-adt-CATGGTGAGGCAGCAT-1,7
s2-adt-CATGTCCACCTGCGTC-1,0
s2-adt-CATGTTACCGAAGGCG-1,1
s2-adt-CATGTTATTGATGCAG-1,2
s2-adt-CATTAACTATTGTTCC-1,3
s2-adt-CATTAGGATAGTGAAT-1,2
s2-adt-CATTAGGCAATGGTTA-1,6
s2-adt-CATTCTCCAGTCACCA-1,3
s2-adt-CATTCTGTGCATGCTC-1,4
s2-adt-CATTGCAGCGAAGACC-1,4
s2-adt-CATTGCGTGCCACCTT-1,0
s2-adt-CATTGCTATGTTAGCT-1,7
s2-adt-CATTGGCGGTTGAGTC-1,1
s2-adt-CATTGTCGGTCGCTAG-1,4
s2-adt-CCAACAGGAACACGGT-1,1
s2-adt-CCAACTTGCCACCGTA-1,4
s2-adt-CCAACTTGCGTTAACC-1,4
s2-adt-CCAAGCTGGCCATTGC-1,1
s2-adt-CCAATACCAACACGCC-1,6
s2-adt-CCAATCTAACGTGACG-1,0
s2-adt-CCAATCTTGCCTATGG-1,0
s2-adt-CCAATTATGACACTGG-1,1
s2-adt-CCACAGGAAGATGTGC-1,7
s2-adt-CCACATGGCGACGTCT-1,0
s2-adt-CCACGAACGCTGCCGC-1,0
s2-adt-CCACGATCCTAATCCG-1,0
s2-adt-CCACGGTACACCAACC-1,0
s2-adt-CCACGTCGGTCGCTTC-1,2
s2-adt-CCACGTGCCACCTCAA-1,8
s2-adt-CCACGTGGACTGCGGT-1,4
s2-adt-CCACTAATCACCGGTA-1,0
s2-adt-CCACTCCAGCACCTAC-1,4
s2-adt-CCAGAACCGTGCATCC-1,2
s2-adt-CCAGACAATATCGTTA-1,1
s2-adt-CCAGACAGAACCTAAG-1,6
s2-adt-CCAGACATCCGGTTCT-1,0
s2-adt-CCAGACATCGGCACGC-1,3
s2-adt-CCAGATAGACGAGGTG-1,8
s2-adt-CCAGATGATATGTAGG-1,2
s2-adt-CCAGATTGTAGCCTAC-1,1
s2-adt-CCAGCACTCGACTGAC-1,2
s2-adt-CCAGCGGATTCCGCTG-1,0
s2-adt-CCAGGTCCACATCCAT-1,3
s2-adt-CCAGGTTACGAGACTG-1,1
s2-adt-CCAGTGTCACAGCGCC-1,0
s2-adt-CCAGTTGTGATGCAAG-1,4
s2-adt-CCATAGTATTGTCTGC-1,2
s2-adt-CCATAGTTCGAGTAAG-1,5
s2-adt-CCATCTGTGGCATCGT-1,2
s2-adt-CCATGAACAATGCTCC-1,9
s2-adt-CCATGGTTCCAATGTC-1,7
s2-adt-CCATTATCGTTACCTT-1,4
s2-adt-CCATTCGTCTGCTCTA-1,9
s2-adt-CCATTGGCAATTCTCA-1,0
s2-adt-CCGAAGCCAGGTTCAG-1,7
s2-adt-CCGACAACGTCATCGG-1,1
s2-adt-CCGACAAGACTGTACT-1,6
s2-adt-CCGACAGACTGTGCCT-1,0
s2-adt-CCGAGGATGACTCGTC-1,0
s2-adt-CCGATAATGGAGCCTT-1,1
s2-adt-CCGATGGAACATCAGC-1,1
s2-adt-CCGATTAGCGAGTGTA-1,1
s2-adt-CCGATTCCATAAGAGT-1,9
s2-adt-CCGATTCCTCACTACA-1,0
s2-adt-CCGCAAGGAAGGAGGC-1,2
s2-adt-CCGCAAGGTACCGTTG-1,3
s2-adt-CCGCAAGTAGCGGACT-1,9
s2-adt-CCGCAATCCGTGGTTG-1,5
s2-adt-CCGCATAGTACAGGTT-1,4
s2-adt-CCGCATGTAGTTAGAC-1,1
s2-adt-CCGCCACTGCGTTGGC-1,0
s2-adt-CCGCCATACTTCACCA-1,3
s2-adt-CCGCGACCGTAGCTAT-1,0
s2-adt-CCGCGAGGTGCGATGG-1,5
s2-adt-CCGCGTATCGTTGCAG-1,1
s2-adt-CCGCGTCGTTGGTCTG-1,1
s2-adt-CCGCGTTACCTTGGCG-1,8
s2-adt-CCGCTCAATCTGGAAC-1,6
s2-adt-CCGCTCATACAAGTCA-1,3
s2-adt-CCGCTCGCTAGTCTAA-1,1
s2-adt-CCGCTCTGCTGAATTC-1,6
s2-adt-CCGCTCTGGATATCGG-1,7
s2-adt-CCGCTGTCACCTGCAA-1,0
s2-adt-CCGCTGTTGCCATACG-1,1
s2-adt-CCGGAGAAGCTAACCA-1,2
s2-adt-CCGGAGACAAGAATAA-1,5
s2-adt-CCGGATCTCCGAAGCG-1,3
s2-adt-CCGGCAATGAAGTGAA-1,0
s2-adt-CCGGCATAGGCAAGTG-1,6
s2-adt-CCGGCGAACCGTGCAC-1,0
s2-adt-CCGGCGCAGCATGCGA-1,2
s2-adt-CCGGCGCTAAGGATGA-1,0
s2-adt-CCGGCGTCCTCATTGT-1,8
s2-adt-CCGGCGTCTTAATAAG-1,3
s2-adt-CCGTATAATCTGGCCG-1,8
s2-adt-CCGTCTTATGGACGAG-1,1
s2-adt-CCGTGAAGGATAACAG-1,6
s2-adt-CCGTGCACATCTGGCA-1,9
s2-adt-CCGTGCTGGCAATATG-1,3
s2-adt-CCGTGGCGTCGGTGCT-1,0
s2-adt-CCTAACGCGATTGCAT-1,9
s2-adt-CCTAACTTATGTTGGA-1,6
s2-adt-CCTAAGCATGCCTTGT-1,4
s2-adt-CCTAATAGCGGACAGA-1,4
s2-adt-CCTAATCAGGCCATTA-1,0
s2-adt-CCTAATCCACAAGGAT-1,8
s2-adt-CCTAATCGGCAGTCAC-1,7
s2-adt-CCTAATGGCACTGTTC-1,6
s2-adt-CCTACACCGACATTAC-1,3
s2-adt-CCTACCACTCCAGTTA-1,0
s2-adt-CCTACCATCGCAGTAT-1,2
s2-adt-CCTACCATGTGATCAC-1,2
s2-adt-CCTACGAGCTGGCCGG-1,3
s2-adt-CCTAGCCTAGTACCGG-1,3
s2-adt-CCTAGCCTTCATCGGC-1,1
s2-adt-CCTAGTCAGCGAACCA-1,9
s2-adt-CCTAGTCAGTCCTTAT-1,2
s2-adt-CCTATGATGGTCAATG-1,5
s2-adt-CCTATGCCAGCAATCC-1,7
s2-adt-CCTATGCCGTCGGCAC-1,5
s2-adt-CCTATGCCTTCTTGTT-1,0
s2-adt-CCTATGTCTTACCGGC-1,1
s2-adt-CCTCACAATACAACTG-1,4
s2-adt-CCTCACATGTACCTGG-1,5
s2-adt-CCTCACATGTCTTACT-1,0
s2-adt-CCTCACCTAGTGGCAA-1,0
s2-adt-CCTCACGTTACTCGCA-1,0
s2-adt-CCTCACTTCCTTCCGA-1,0
s2-adt-CCTCATGATTATCTGA-1,3
s2-adt-CCTCCGAAGCTGTACC-1,5
s2-adt-CCTCGATAGAATAGGA-1,8
s2-adt-CCTCGGAAGGCATGCA-1,6
s2-adt-CCTCGGATCTTGCGGT-1,3
s2-adt-CCTCGGCGCCGATTGA-1,4
s2-adt-CCTCGGTATGACAGTA-1,6
s2-adt-CCTCTACCGTGATTGG-1,1
s2-adt-CCTCTATGTTGCTTAT-1,7
s2-adt-CCTCTTCGAGCGGTTG-1,7
s2-adt-CCTGAAGCAATGCACG-1,0
s2-adt-CCTGAAGCGTATAGCA-1,2
s2-adt-CCTGAAGTGCATGCAT-1,5
s2-adt-CCTGCTCGCCGTCCAG-1,1
s2-adt-CCTGGATTGCGTAACA-1,5
s2-adt-CCTGGCATACCTGTCA-1,2
s2-adt-CCTGGCTTATGGTCTG-1,0
s2-adt-CCTGTCCTCAGTTGTA-1,1
s2-adt-CCTGTCTAAGTAGGCT-1,7
s2-adt-CCTGTCTGATAGGTGA-1,1
s2-adt-CCTGTCTGCATAGGTC-1,3
s2-adt-CCTGTCTTACAATCCT-1,0
s2-adt-CCTTAGATCTGTAATA-1,0
s2-adt-CCTTAGTCTGTCACTG-1,0
s2-adt-CCTTAGTTATACCAGA-1,2
s2-adt-CCTTATGAGGCGTTCC-1,4
s2-adt-CCTTCACCGACGGACA-1,0
s2-adt-CCTTCCAACCTTCAGA-1,0
s2-adt-CCTTCCACTGCCTAAG-1,4
s2-adt-CCTTCCGCTCCGGCAT-1,3
s2-adt-CCTTGTCTACTTAGAC-1,6
s2-adt-CCTTGTCTTACGGTTC-1,0
s2-adt-CCTTGTGATGGTCTAG-1,1
s2-adt-CGAACCAGAAGTCTGG-1,0
s2-adt-CGAACGTGAAGTCCAA-1,5
s2-adt-CGAACTACAGATGTAA-1,1
s2-adt-CGAAGACCGCCAGGCG-1,0
s2-adt-CGAAGATCCGAAGGCA-1,5
s2-adt-CGAAGTCGTTGGCTCG-1,0
s2-adt-CGAATCCTGATAGGTG-1,4
s2-adt-CGAATGGACCGTCTTG-1,0
s2-adt-CGAATTACTGCTCCGG-1,5
s2-adt-CGACAAGTACTCCTTA-1,0
s2-adt-CGACAATCATACGCAC-1,0
s2-adt-CGACAATTATTCTGTC-1,8
s2-adt-CGACAATTCGTCATGT-1,7
s2-adt-CGACATTGTATGGAGG-1,2
s2-adt-CGACCAGAACTGTCAT-1,0
s2-adt-CGACCAGAAGGATCCG-1,3
s2-adt-CGACCAGATTCAGTGA-1,7
s2-adt-CGACCAGCCTTGATTA-1,0
s2-adt-CGACCTATACTGACGT-1,0
s2-adt-CGACCTGCATCTGCAT-1,0
s2-adt-CGACCTTGGCGTTCTA-1,9
s2-adt-CGACGCAACATGGCGA-1,5
s2-adt-CGACGCAGCCTTAGTC-1,1
s2-adt-CGACGCCAAGGTGCAA-1,7
s2-adt-CGACGCCGCAAGTAGC-1,1
s2-adt-CGACGCCGGAGTTGAG-1,7
s2-adt-CGACGCTCCGCACGTG-1,2
s2-adt-CGACTAATCGGCTCCT-1,0
s2-adt-CGACTAATGTTAGGCT-1,9
s2-adt-CGACTAGGAGATAAGC-1,1
s2-adt-CGACTAGGTCCTTAAC-1,3
s2-adt-CGACTGAACGAATGCT-1,9
s2-adt-CGACTTCACTCGGCAT-1,8
s2-adt-CGACTTCGCAAGCGGT-1,4
s2-adt-CGAGATGCGGTATGCG-1,3
s2-adt-CGAGCCTGCAAGGTTA-1,8
s2-adt-CGAGCGAGCCACGCTA-1,8
s2-adt-CGAGCGGCACAGTAGG-1,9
s2-adt-CGAGCGTAATGGAGTG-1,1
s2-adt-CGAGCGTATGCCAGCG-1,7
s2-adt-CGAGCGTGCATTGTGG-1,5
s2-adt-CGAGCGTGGACTGGAA-1,4
s2-adt-CGAGCTATGTCCTCGC-1,6
s2-adt-CGAGCTTAGAATACCT-1,0
s2-adt-CGAGGAAGACTTAGAT-1,2
s2-adt-CGAGGACGTAATAGGC-1,7
s2-adt-CGAGGAGCATGCTATG-1,7
s2-adt-CGAGGAGCGTTCGTTA-1,0
s2-adt-CGAGGAGTCTAAGGAT-1,1
s2-adt-CGAGGATTCGATCATA-1,1
s2-adt-CGAGGCATCCAAGTCC-1,8
s2-adt-CGAGTCACTCATAGAT-1,7
s2-adt-CGAGTCATCCGCACCA-1,1
s2-adt-CGAGTCCATGTCAACA-1,5
s2-adt-CGAGTCCGTTGGAACT-1,2
s2-adt-CGAGTCTTGTACTGCC-1,7
s2-adt-CGAGTGCGGCTCGTGG-1,0
s2-adt-CGATAAGAATTCCAGT-1,3
s2-adt-CGATAAGGATAGGCAA-1,3
s2-adt-CGATAAGGTGCCTGAC-1,2
s2-adt-CGATGACCTCATCCTC-1,5
s2-adt-CGATGAGGCCAACGTA-1,1
s2-adt-CGATGATCAGCTATAA-1,8
s2-adt-CGATGATCCTGCAGCC-1,7
s2-adt-CGATGCACCAGGCCTC-1,6
s2-adt-CGATGTCCGACTACAG-1,1
s2-adt-CGATTAACTAATCTTA-1,5
s2-adt-CGATTGGAACAGGCCA-1,0
s2-adt-CGCAACCATGCACCGA-1,2
s2-adt-CGCAATGTATCCAATG-1,0
s2-adt-CGCACGCAGGTAAGTC-1,0
s2-adt-CGCACGCATAATGGTG-1,4
s2-adt-CGCACGGCTGTCAGGT-1,0
s2-adt-CGCACGTAGCATTGTT-1,6
s2-adt-CGCACGTATGAAGGCC-1,5
s2-adt-CGCACGTGACTGTTGG-1,0
s2-adt-CGCACTAACTACCGGT-1,0
s2-adt-CGCACTCACCAGCACG-1,9
s2-adt-CGCACTGTGAGCCTGT-1,6
s2-adt-CGCACTTAAGGCATGC-1,5
s2-adt-CGCAGACACTGGCGTA-1,3
s2-adt-CGCAGAGCAGTCCGAG-1,4
s2-adt-CGCAGATAGATGTTCT-1,3
s2-adt-CGCAGATATGGACAGT-1,4
s2-adt-CGCAGATTCGACCGAA-1,7
s2-adt-CGCATCTTGACTTAGT-1,8
s2-adt-CGCATGAGGAGCGTCT-1,0
s2-adt-CGCATGGAATTCACGA-1,6
s2-adt-CGCCAACCTGGCGAAT-1,4
s2-adt-CGCCACAATAGCTCAA-1,1
s2-adt-CGCCACATGCGTCCAA-1,6
s2-adt-CGCCATGAGGCGATGA-1,1
s2-adt-CGCCGGTATCTAGCAC-1,3
s2-adt-CGCCTCGAGCCACTCG-1,0
s2-adt-CGCCTCGATAATGCGG-1,6
s2-adt-CGCCTCGGAACTGTGC-1,4
s2-adt-CGCCTCGTACGAAGGC-1,1
s2-adt-CGCCTCTAATTCGCGG-1,2
s2-adt-CGCCTCTACTCGGAAC-1,5
s2-adt-CGCCTCTGACTATTGT-1,5
s2-adt-CGCCTTACGAGTAGCG-1,0
s2-adt-CGCCTTAGGATCGGCA-1,5
s2-adt-CGCCTTATCTTGGCGA-1,0
s2-adt-CGCCTTGACGTGAATC-1,0
s2-adt-CGCCTTGTGAAGTCTA-1,1
s2-adt-CGCTACTCAGCCATAG-1,9
s2-adt-CGCTAGACTTCATCAC-1,0
s2-adt-CGCTAGCCGCATGCAT-1,1
s2-adt-CGCTATAGTCTTCATC-1,9
s2-adt-CGCTATGGTTGGTTAA-1,0
s2-adt-CGCTATTAATCTATAA-1,6
s2-adt-CGCTATTATGATACGT-1,0
s2-adt-CGCTCGCAATTGGCGA-1,0
s2-adt-CGCTCGGCCGGTTGTC-1,8
s2-adt-CGCTCGGTACTGCGAA-1,8
s2-adt-CGCTGCAATCGCTGTT-1,7
s2-adt-CGCTGCGAGTCCACAT-1,1
s2-adt-CGCTGCTATGACAGAC-1,6
s2-adt-CGCTGCTTCGCATACT-1,0
s2-adt-CGCTGTGACATAGGCA-1,3
s2-adt-CGCTTAGAATTCTTAC-1,3
s2-adt-CGCTTATGGTTAGGAT-1,2
s2-adt-CGCTTGCGTACGGCAC-1,2
s2-adt-CGCTTGGCTTGGATCT-1,0
s2-adt-CGGACTGTGAGTATAG-1,2
s2-adt-CGGAGCCGCAATAGCC-1,5
s2-adt-CGGAGCGGTAAGACGC-1,0
s2-adt-CGGAGCTCACTTGCAT-1,0
s2-adt-CGGAGGCTAGTCGGCA-1,6
s2-adt-CGGAGTAAGTGCACAT-1,0
s2-adt-CGGAGTCTTACGTGAA-1,1
s2-adt-CGGAGTGGCGACTAAG-1,1
s2-adt-CGGAGTGGTCAAGTAT-1,2
s2-adt-CGGATGTTGAACCACG-1,1
s2-adt-CGGATTCCAGACGGTT-1,7
s2-adt-CGGATTGCGTCTACCT-1,3
s2-adt-CGGCAACCACTAGCAT-1,6
s2-adt-CGGCAACCTAAGTCCA-1,2
s2-adt-CGGCAAGATGCGTCGG-1,1
s2-adt-CGGCAATCAACGTGGA-1,0
s2-adt-CGGCACTCCGGTTCGC-1,1
s2-adt-CGGCACTCTAGCGGAA-1,0
s2-adt-CGGCATGGCCGCTTGT-1,7
s2-adt-CGGCATTATCGCGTGG-1,0
s2-adt-CGGCCTAACGATAATG-1,5
s2-adt-CGGCCTGCGATCGATG-1,0
s2-adt-CGGCCTGTCTGTCTGT-1,8
s2-adt-CGGCGTAGCGCTAGGA-1,5
s2-adt-CGGCGTTGGTTGCAGC-1,3
s2-adt-CGGCTCGTGGAGTACT-1,0
s2-adt-CGGCTTACGTGCACGA-1,2
s2-adt-CGGCTTATTCGCTAAT-1,0
s2-adt-CGGCTTCTACGATATG-1,4
s2-adt-CGGCTTGTGCCGGCCT-1,1
s2-adt-CGGTAGAACGTGACTT-1,2
s2-adt-CGGTAGATTCCTATGC-1,0
s2-adt-CGGTATAGGATGAGCG-1,2
s2-adt-CGGTCAACGGCGGATT-1,0
s2-adt-CGGTCATGGAGGACTC-1,8
s2-adt-CGGTCCATGCGACTCC-1,4
s2-adt-CGGTCCATTACAACTA-1,3
s2-adt-CGGTCCGGTTCTTAGC-1,3
s2-adt-CGGTCTAGATCGAATG-1,1
s2-adt-CGGTCTGCGGACTCTG-1,4
s2-adt-CGGTCTGCGTATCTGG-1,5
s2-adt-CGGTCTGCTTGAATGA-1,0
s2-adt-CGGTCTTGCTATTCTA-1,8
s2-adt-CGGTGAACGGTTAGAT-1,2
s2-adt-CGGTGAACTCACATTG-1,0
s2-adt-CGGTTATCTGTCTTAA-1,6
s2-adt-CGGTTGATTGAGCGCC-1,0
s2-adt-CGTAACATAAGTCATC-1,4
s2-adt-CGTAACATCGTTACGG-1,0
s2-adt-CGTAACATTCGCGATA-1,8
s2-adt-CGTAACATTGGCTGAG-1,6
s2-adt-CGTAACCTGACATCGA-1,0
s2-adt-CGTAAGCCGACCGCTT-1,0
s2-adt-CGTACAGACGAGGACC-1,6
s2-adt-CGTACAGGCCGCACTG-1,4
s2-adt-CGTACAGTAAGTAATG-1,9
s2-adt-CGTACATCACTGGATG-1,8
s2-adt-CGTAGCCAAGTCCGTC-1,8
s2-adt-CGTAGCCTTGAGCAAG-1,7
s2-adt-CGTAGTACAAGGTACT-1,5
s2-adt-CGTAGTACGCATAATG-1,9
s2-adt-CGTAGTGACTCAAGGA-1,1
s2-adt-CGTAGTTCGTTGGTAG-1,0
s2-adt-CGTCAAGGCGGAATGT-1,2
s2-adt-CGTCAGAACGTTGCCG-1,1
s2-adt-CGTCCAATCTGCGTCC-1,3
s2-adt-CGTCCACCATTCGGTG-1,0
s2-adt-CGTCCATAATCCGCTT-1,0
s2-adt-CGTCCATCCTAGCATC-1,3
s2-adt-CGTCCATCGTCCAATA-1,3
s2-adt-CGTCCATGTAGCGTCT-1,5
s2-adt-CGTCGGCAGACGGTAT-1,1
s2-adt-CGTCGGCGGTAGATCA-1,8
s2-adt-CGTGAGCAATGGACAT-1,5
s2-adt-CGTGAGCTGTTATCGT-1,1
s2-adt-CGTGAGGCCTACAAGT-1,0
s2-adt-CGTGCGGATTCATGTA-1,0
s2-adt-CGTGGCTCCTTGTCTT-1,3
s2-adt-CGTGTACGATGATTGT-1,6
s2-adt-CGTGTAGTATTCTTGG-1,0
s2-adt-CGTGTTAACCTGAAGC-1,9
s2-adt-CGTGTTACCATATGTA-1,0
s2-adt-CGTGTTAGATGGTATC-1,1
s2-adt-CGTGTTGGACGTCTGG-1,4
s2-adt-CGTTAACGAGAAGGAC-1,4
s2-adt-CGTTACAGTGCACTCA-1,0
s2-adt-CGTTCCTGTCACCGTG-1,4
s2-adt-CGTTCTCGAGGTTCGC-1,6
s2-adt-CGTTGGTCGTCACTGT-1,0
s2-adt-CGTTGGTGGCGTCTGC-1,4
s2-adt-CGTTGTGAGCAAGTGG-1,6
s2-adt-CTAACAGTATACCGGC-1,0
s2-adt-CTAACCTCACCGAAGA-1,0
s2-adt-CTAACGTGAATGATGT-1,2
s2-adt-CTAACGTTAGGCAATG-1,3
s2-adt-CTAAGCGTGCCTGCAA-1,2
s2-adt-CTAAGCTCCACGATCA-1,1
s2-adt-CTAAGCTTACAGTACG-1,1
s2-adt-CTAAGTCAAGATCATG-1,3
s2-adt-CTAAGTGGCCGATTAG-1,2
s2-adt-CTAATCACTCCGAGAC-1,7
s2-adt-CTAATCTGGCCGTGTT-1,1
s2-adt-CTAATGACATCATTCT-1,0
s2-adt-CTAATGAGCGAGGCTA-1,0
s2-adt-CTAATTATGTTGCCGC-1,7
s2-adt-CTACAACCGCTGTCTA-1,0
s2-adt-CTACAGAACCAGTTGA-1,0
s2-adt-CTACAGAATTAATGAC-1,3
s2-adt-CTACAGATCGGTCGCC-1,1
s2-adt-CTACAGATGGTCATAC-1,1
s2-adt-CTACAGCGTCTACACT-1,2
s2-adt-CTACAGGTAGAATTCC-1,5
s2-adt-CTACAGGTCGCTAAGC-1,8
s2-adt-CTACATCTACTGGCTT-1,2
s2-adt-CTACCAGACCTCTTAG-1,1
s2-adt-CTACCAGGAGACATCT-1,1
s2-adt-CTACCATCGATGAGAA-1,7
s2-adt-CTACCTGTGCGATGTA-1,0
s2-adt-CTACCTTATCAACTGA-1,1
s2-adt-CTACGAATCAGCCTGG-1,4
s2-adt-CTACGAATTGGCTGGT-1,3
s2-adt-CTACGAGCCGGACGGT-1,2
s2-adt-CTACGAGCCTGGAGAC-1,3
s2-adt-CTACGATGCGTCCGGC-1,1
s2-adt-CTACGCTACATCTGTT-1,0
s2-adt-CTACGCTTAGAAGTGC-1,0
s2-adt-CTACTCGGCGTCTAAT-1,4
s2-adt-CTACTGCTCCGACAGT-1,3
s2-adt-CTACTTATGAACATAA-1,4
s2-adt-CTAGACGATTGAGCTA-1,1
s2-adt-CTAGCAACCAGTGCGG-1,5
s2-adt-CTAGCACGATCACTGT-1,5
s2-adt-CTAGCACGCCAAGCTT-1,4
s2-adt-CTAGCATAGAGCGAGC-1,5
s2-adt-CTAGCCGAAGATGGAC-1,6
s2-adt-CTAGCCGATTCAATGC-1,4
s2-adt-CTAGCGCCTAGCTTAA-1,6
s2-adt-CTAGGACGCAAGCATT-1,8
s2-adt-CTAGGCCAGGAGTACG-1,2
s2-adt-CTAGTCAGGCGACAGT-1,2
s2-adt-CTAGTTATGTCCAAGG-1,0
s2-adt-CTATAACCAGCAGTAT-1,9
s2-adt-CTATAACTACGCCTGG-1,7
s2-adt-CTATAACTCCTGGAGG-1,5
s2-adt-CTATACCGACTCGCAT-1,0
s2-adt-CTATAGATCCACAAGC-1,0
s2-adt-CTATCCATTAGCTCGA-1,1
s2-adt-CTATCCATTGAGCCAC-1,7
s2-adt-CTATCCGCTGCAATTG-1,2
s2-adt-CTATCCGTACGTTGGC-1,7
s2-adt-CTATCGAATGGTCTGT-1,7
s2-adt-CTATCGAGATGCCTAC-1,0
s2-adt-CTATCGGATATCGGAG-1,0
s2-adt-CTATCGGCTTAACTAG-1,0
s2-adt-CTATCGTATCAGCGTG-1,8
s2-adt-CTATCGTATGATAGGA-1,5
s2-adt-CTATCGTTACAACCTT-1,3
s2-adt-CTATGCCACGAGGCTG-1,4
s2-adt-CTATGCCATGCGGACA-1,5
s2-adt-CTATGCCATTGGAGAA-1,7
s2-adt-CTATGCCGTACAGCGT-1,2
s2-adt-CTATGGCCAACGCCGG-1,6
s2-adt-CTATGTAGGCCGAACG-1,1
s2-adt-CTATGTCGTTCCGCTA-1,3
s2-adt-CTATGTGCCTTCAGGT-1,2
s2-adt-CTATGTGCGGTTGACT-1,8
s2-adt-CTATTAAGCCAGCACT-1,5
s2-adt-CTATTAGCGGCTTCGT-1,6
s2-adt-CTATTAGTACTGGCTC-1,0
s2-adt-CTATTATGAGATACGA-1,2
s2-adt-CTATTATGGCACCTCG-1,0
s2-adt-CTATTCCGGCCGTCGG-1,3
s2-adt-CTATTCGTCTTACATA-1,1
s2-adt-CTATTCTGCAACGCAC-1,8
s2-adt-CTATTCTGTAGGACCT-1,1
s2-adt-CTCAACATCCAGATTG-1,0
s2-adt-CTCAAGATACAACGGA-1,7
s2-adt-CTCAATACGTTAACCG-1,2
s2-adt-CTCAATGACCATTAAG-1,0
s2-adt-CTCAATTGGCGATTCC-1,5
s2-adt-CTCACCAGGAATTGAC-1,5
s2-adt-CTCACCGAGGATCCGC-1,0
s2-adt-CTCACCGCTCTAATCA-1,0
s2-adt-CTCACCTGAGACTAAG-1,3
s2-adt-CTCACCTGCCGACTAA-1,7
s2-adt-CTCACCTGGCTTAGGT-1,5
s2-adt-CTCACCTTAATAAGAT-1,5
s2-adt-CTCACCTTATCTCCTT-1,0
s2-adt-CTCACCTTCTGAAGTA-1,2
s2-adt-CTCACGAGTAGATGAG-1,1
s2-adt-CTCACGATCTCCGGAG-1,0
s2-adt-CTCACGTATTCAAGCG-1,0
s2-adt-CTCACGTTCGGTCTGC-1,8
s2-adt-CTCAGAAGACAACTCG-1,2
s2-adt-CTCAGGATACGCGGCA-1,3
s2-adt-CTCAGGCACGTCAGAC-1,1
s2-adt-CTCAGGTCACTACAGC-1,1
s2-adt-CTCAGGTCGTGCTCGC-1,3
s2-adt-CTCATAGCCAATGTCG-1,3
s2-adt-CTCATCCTGGCAAGTC-1,0
s2-adt-CTCCACGCTAGCTAGA-1,2
s2-adt-CTCCACTGGCTAATGG-1,1
s2-adt-CTCCAGAATATTACAT-1,3
s2-adt-CTCCATGGCGACCAGT-1,1
s2-adt-CTCCGCAGCCGCCTTC-1,0
s2-adt-CTCCGGATCCTCGCTC-1,3
s2-adt-CTCCGGCCTACAGCTT-1,1
s2-adt-CTCCGGTTCAGCGGAT-1,9
s2-adt-CTCCTACATTGTATCT-1,2
s2-adt-CTCCTACCTCGTGGTA-1,3
s2-adt-CTCCTACTTGAGTAAG-1,5
s2-adt-CTCCTGTCGAAGCCAA-1,7
s2-adt-CTCCTTATCTTAAGAC-1,0
s2-adt-CTCCTTATGGAACCTT-1,1
s2-adt-CTCGACAGCACTCGGA-1,2
s2-adt-CTCGACTCCTAATGGA-1,7
s2-adt-CTCGATGCGGTGTTAA-1,3
s2-adt-CTCGATGTTGAACGGC-1,1
s2-adt-CTCGATGTTGCTATGT-1,8
s2-adt-CTCGCATACTCAACTC-1,2
s2-adt-CTCGCTAGCACCATCT-1,2
s2-adt-CTCGCTGTTCATAGAT-1,0
s2-adt-CTCGGAATTCTTGATA-1,7
s2-adt-CTCGGACTAACGTGGC-1,4
s2-adt-CTCGGAGTCTTAAGGA-1,1
s2-adt-CTCGGATCGGAATACG-1,1
s2-adt-CTCGGTCTCCAACTGC-1,0
s2-adt-CTCGTCGCGATTAATT-1,1
s2-adt-CTCGTTCTGTCACGTT-1,3
s2-adt-CTGAAGCGGTTGCCAA-1,0
s2-adt-CTGAAGCGTGGTGAAG-1,4
s2-adt-CTGAAGGAGCCTCACT-1,2
s2-adt-CTGAAGGATCTGTACG-1,3
s2-adt-CTGAAGGTGCTCGAGG-1,1
s2-adt-CTGAAGTGCTATGGCG-1,6
s2-adt-CTGAAGTGCTGAACTG-1,2
s2-adt-CTGAAGTTGCAGACAT-1,7
s2-adt-CTGAATTCGCGTAAGG-1,0
s2-adt-CTGACCGCCAATTAGG-1,5
s2-adt-CTGACGTATCCGCCAC-1,5
s2-adt-CTGACTCCGAATCTGC-1,3
s2-adt-CTGACTCGAATTCGTG-1,2
s2-adt-CTGACTGATTAGGCTG-1,5
s2-adt-CTGACTGGTATGATAA-1,4
s2-adt-CTGACTGGTCTACCTT-1,4
s2-adt-CTGACTGTGGCCGGTT-1,8
s2-adt-CTGATGCCAATGCTTC-1,4
s2-adt-CTGATTAACAGCGGCC-1,3
s2-adt-CTGATTAACGCAAGAA-1,4
s2-adt-CTGATTACAATGTCCA-1,0
s2-adt-CTGATTAGGTGCCGAA-1,7
s2-adt-CTGATTATCAATAGAC-1,6
s2-adt-CTGCATAATGGACCGC-1,9
s2-adt-CTGCATTGAGCACGGA-1,4
s2-adt-CTGCATTGAGGAGCCG-1,4
s2-adt-CTGCCGATTGCGATGT-1,2
s2-adt-CTGCCGCTTCGGCTGC-1,0
s2-adt-CTGCCGTGAAGTCGCA-1,1
s2-adt-CTGCCTCCAACACCAG-1,1
s2-adt-CTGCCTGACACGGATT-1,3
s2-adt-CTGCCTGTGAGCCAGG-1,8
s2-adt-CTGCTCATTAGAGTGC-1,1
s2-adt-CTGGAACAATAGACAG-1,1
s2-adt-CTGGAAGGCAACCGGA-1,9
s2-adt-CTGGAAGTCTAAGCTC-1,7
s2-adt-CTGGAATAGGAATTAG-1,1
s2-adt-CTGGAATAGTGCAAGT-1,8
s2-adt-CTGGAATGGATCAGCA-1,0
s2-adt-CTGGCACTTCTGCGTC-1,7
s2-adt-CTGGCCTTACCACTTA-1,3
s2-adt-CTGGCCTTGCATTCGG-1,3
s2-adt-CTGGCGCACTTACTGA-1,8
s2-adt-CTGGCGCATATCCGTG-1,9
s2-adt-CTGGCGGACAACGCAC-1,1
s2-adt-CTGGCTGGACGCTTGG-1,0
s2-adt-CTGGTACTCGAAGTGG-1,4
s2-adt-CTGGTGAGGTCTCGTC-1,9
s2-adt-CTGGTGATCCTGAAGG-1,5
s2-adt-CTGGTGATCGCCGTAG-1,0
s2-adt-CTGGTGCACCATACCA-1,2
s2-adt-CTGGTGCACGATCAAG-1,9
s2-adt-CTGGTGCGAGAAGCTT-1,7
s2-adt-CTGGTGCGTTCACGAG-1,1
s2-adt-CTGGTGCTACAGTATT-1,9
s2-adt-CTGGTGCTTATGACCA-1,8
s2-adt-CTGGTGGCCAATAAGT-1,2
s2-adt-CTGGTTGGACATCACC-1,7
s2-adt-CTGGTTGGCTTGTTAC-1,5
s2-adt-CTGTATCGGAAGCTCC-1,7
s2-adt-CTGTATCTTCGCCATA-1,7
s2-adt-CTGTATGGCTCAACAT-1,0
s2-adt-CTGTCACTCGGCCTTA-1,1
s2-adt-CTGTCAGATCGATGCG-1,0
s2-adt-CTGTCAGGCTTCCTAA-1,9
s2-adt-CTGTCTATCCACATCT-1,0
s2-adt-CTGTGCAGATGATAAT-1,3
s2-adt-CTGTGCGTGAGCCGTC-1,7
s2-adt-CTGTGGCTTGTCAGCT-1,6
s2-adt-CTGTGGTAAGCTAATA-1,6
s2-adt-CTGTTATGGCCAGCGG-1,0
s2-adt-CTGTTCCAGAAGCTGA-1,1
s2-adt-CTGTTCGTATGCACCA-1,1
s2-adt-CTGTTCTGCTCAGGAC-1,0
s2-adt-CTGTTGCTACTCACAG-1,0
s2-adt-CTTACGAACTCCGTCC-1,7
s2-adt-CTTACGCAGAGGCTCG-1,4
s2-adt-CTTACGCCATGCACAG-1,4
s2-adt-CTTACGGTAAGCCGAA-1,2
s2-adt-CTTACGTCATCCTTAT-1,1
s2-adt-CTTAGCAACTAGGACC-1,0
s2-adt-CTTAGCAAGGACAGCC-1,6
s2-adt-CTTAGCACGACAGAAC-1,2
s2-adt-CTTAGCCTAATGGTAA-1,6
s2-adt-CTTAGCGTAGCGTGCG-1,8
s2-adt-CTTAGCTACCATCTCA-1,8
s2-adt-CTTAGCTACGCAAGGT-1,1
s2-adt-CTTAGCTATCCTTGCG-1,2
s2-adt-CTTAGCTTAGTTCTCG-1,0
s2-adt-CTTAGCTTCGCTGACC-1,0
s2-adt-CTTAGTAAGCGTGGCA-1,8
s2-adt-CTTAGTCCTCATAAGT-1,0
s2-adt-CTTAGTCTATCGAGAC-1,3
s2-adt-CTTAGTCTCGACAACT-1,0
s2-adt-CTTAGTCTGTGCATCC-1,4
s2-adt-CTTAGTCTTATTCGGA-1,1
s2-adt-CTTAGTCTTCGATGTC-1,1
s2-adt-CTTAGTGCGACCTATT-1,1
s2-adt-CTTAGTGCGTTGACGC-1,4
s2-adt-CTTAGTGGCTAAGACG-1,2
s2-adt-CTTAGTGGTACACGAC-1,1
s2-adt-CTTAGTTGCTCGTTGT-1,6
s2-adt-CTTAGTTGGAGCGACC-1,5
s2-adt-CTTATTCACTAGCTGG-1,0
s2-adt-CTTCAAGTCGACCTTC-1,8
s2-adt-CTTCATGCCTAGACGG-1,0
s2-adt-CTTCATTGGATACCAC-1,6
s2-adt-CTTCCAATTGAAGATT-1,2
s2-adt-CTTCCACGATCCTGTA-1,4
s2-adt-CTTCCACGCCTTCCTG-1,0
s2-adt-CTTCCGACGCACAACC-1,1
s2-adt-CTTCCGTCGCTGCATC-1,0
s2-adt-CTTCGACCAAGCCGAG-1,1
s2-adt-CTTCGACTCCAGACTG-1,7
s2-adt-CTTCGAGTGATGGAAT-1,4
s2-adt-CTTCGATAACATTGGT-1,3
s2-adt-CTTCGATACTCCGACC-1,2
s2-adt-CTTCGATATGTAGGAG-1,0
s2-adt-CTTCGATGGACGTACC-1,4
s2-adt-CTTCGCCGCAACATTA-1,3
s2-adt-CTTCGGCTCACTACCT-1,9
s2-adt-CTTCGTATTAATACGG-1,5
s2-adt-CTTCGTCAAGACTCGT-1,1
s2-adt-CTTCTGAGCCAGGAAC-1,2
s2-adt-CTTCTGAGGTCGCATA-1,4
s2-adt-CTTCTGTACGGACATC-1,1
s2-adt-CTTGAACCGAGTTAAT-1,4
s2-adt-CTTGAACTTAGAGGAA-1,0
s2-adt-CTTGAGCCTTGTTCCA-1,1
s2-adt-CTTGAGTCCAAGGCTG-1,5
s2-adt-CTTGATGCAATCACAA-1,3
s2-adt-CTTGCCGGAAGACGCA-1,6
s2-adt-CTTGCGTAACAGCAGT-1,1
s2-adt-CTTGGACAGGTTAGAA-1,7
s2-adt-CTTGGACATTACAGGA-1,7
s2-adt-CTTGGAGGCCACCTGC-1,4
s2-adt-CTTGGTCGGAAGTAGC-1,9
s2-adt-CTTGGTTAGAGTCATC-1,6
s2-adt-CTTGTCAAGGCGTCAA-1,5
s2-adt-CTTGTCAGTTCGGTAA-1,5
s2-adt-GAACAAGGTCGAGCAA-1,3
s2-adt-GAACAGATAACCTTAA-1,1
s2-adt-GAACAGATCCGCTAGA-1,1
s2-adt-GAACATTCGACACGTA-1,2
s2-adt-GAACCGAACGAAGACT-1,3
s2-adt-GAACGCCACGGTGGTT-1,7
s2-adt-GAACGCCAGTGCATAC-1,1
s2-adt-GAACGCTAGAAGGCTA-1,6
s2-adt-GAACTAACTCTACGTG-1,0
s2-adt-GAACTACAAGTAGGAG-1,1
s2-adt-GAACTACCTTATCATA-1,1
s2-adt-GAACTATCGTCTCGTC-1,3
s2-adt-GAACTCATAGTGAGTG-1,1
s2-adt-GAACTCCTCATACATA-1,3
s2-adt-GAACTCCTGGAGGCTC-1,3
s2-adt-GAACTGTAACTCAGGC-1,2
s2-adt-GAACTTGGTGAGGATA-1,1
s2-adt-GAAGCGATTGCCGAAT-1,4
s2-adt-GAAGCGGCTGATCAGT-1,3
s2-adt-GAAGCGTCCATAGTTG-1,0
s2-adt-GAAGCTGCCTCGTGAG-1,4
s2-adt-GAAGCTGTTCTACATC-1,0
s2-adt-GAAGCTTGACGCTTAA-1,7
s2-adt-GAAGGATGGTATACGT-1,5
s2-adt-GAATAAGGAGAACTAA-1,8
s2-adt-GAATACAGACGAACTG-1,1
s2-adt-GAATACCTGCCACGGC-1,7
s2-adt-GAATACTAAGGCGAAT-1,8
s2-adt-GAATCAATTACCGACC-1,2
s2-adt-GAATCATAGTCTGAAG-1,1
s2-adt-GAATCATGAACCAGTG-1,9
s2-adt-GAATCATTATGAGCTG-1,4
s2-adt-GAATGACAACTAGTCA-1,5
s2-adt-GAATGACACGACTAGG-1,3
s2-adt-GAATGACCACAATCGA-1,3
s2-adt-GAATGAGTATAGACCA-1,3
s2-adt-GAATGGCCAAGGAGGC-1,1
s2-adt-GAATGTATTGGATCAA-1,0
s2-adt-GAATGTGCCTAGCAGA-1,6
s2-adt-GAATTAACCTTCAATT-1,1
s2-adt-GACAACATCATGCCGC-1,3
s2-adt-GACAACCTAGGAGTCT-1,5
s2-adt-GACAACGGACTCAGCT-1,6
s2-adt-GACAACGGCGATGTTA-1,3
s2-adt-GACAACTTAACCAACC-1,2
s2-adt-GACAACTTGATTGTGA-1,2
s2-adt-GACAAGCTGAATCTGG-1,3
s2-adt-GACAAGGTGGTCCGGC-1,3
s2-adt-GACAATCTATTAGATT-1,0
s2-adt-GACAATGACAAGCTTA-1,0
s2-adt-GACAATTGTATGCTTC-1,0
s2-adt-GACAGCAACTCAGAAC-1,0
s2-adt-GACAGTCACTTCGCTC-1,2
s2-adt-GACATCCTCAACCTCG-1,8
s2-adt-GACATCCTTCATTATC-1,4
s2-adt-GACATCTGCGGTCTTG-1,9
s2-adt-GACATTATCTTAATCT-1,0
s2-adt-GACCAATTGCGTCAGA-1,4
s2-adt-GACCACATTCTTGAAT-1,1
s2-adt-GACCACGGCGTACATA-1,3
s2-adt-GACCACTCCTGACGTT-1,7
s2-adt-GACCACTTAGACAGGT-1,5
s2-adt-GACCGAATCTAATACG-1,1
s2-adt-GACCGACAATAGGAAT-1,3
s2-adt-GACCGGCCATGTACCG-1,0
s2-adt-GACCGTATTAGACCGG-1,0
s2-adt-GACCTGCTGTACGAAG-1,0
s2-adt-GACCTGTCGATTGCAG-1,4
s2-adt-GACGAGCTGCACTCGT-1,0
s2-adt-GACGAGTGCTGGAGAT-1,2
s2-adt-GACGCAGCGTCAAGTT-1,3
s2-adt-GACGCCTCGTCAGAGG-1,3
s2-adt-GACGCCTCTTGATTGT-1,0
s2-adt-GACGGCTTAGGTGCGA-1,8
s2-adt-GACGGTACCTGGCCGT-1,8
s2-adt-GACGGTGGTTGATGTC-1,1
s2-adt-GACGTACAGGAACGCT-1,3
s2-adt-GACGTCTTATCTCAGC-1,6
s2-adt-GACGTGGTGCTCCAGA-1,5
s2-adt-GACTACGAGTTCCATT-1,1
s2-adt-GACTAGATTAGCTAAC-1,6
s2-adt-GACTAGTAATCTTGCT-1,1
s2-adt-GACTGACAGGAACCAG-1,4
s2-adt-GACTGCCATAGAATAC-1,4
s2-adt-GACTGCGGTCTGCGTG-1,2
s2-adt-GACTTCATACCGCTGT-1,0
s2-adt-GACTTGAACGTCCGTA-1,3
s2-adt-GACTTGAAGCCATAGC-1,7
s2-adt-GAGCCAAGCGATCGTA-1,3
s2-adt-GAGCCAGCTTACGGTA-1,1
s2-adt-GAGCCAGTATTGTCAA-1,0
s2-adt-GAGCCTCACGTATGTA-1,0
s2-adt-GAGCCTCCAGTACCGA-1,7
s2-adt-GAGCGAATCGGTAGAA-1,3
s2-adt-GAGCGATACTCCAGGC-1,0
s2-adt-GAGCGGCAATGGAATA-1,0
s2-adt-GAGCTAACCTACTTAC-1,9
s2-adt-GAGCTAAGGTTGCGTT-1,0
s2-adt-GAGCTACAAGATCAAG-1,1
s2-adt-GAGCTACAGCTCGGTA-1,3
s2-adt-GAGGAAGGCAACGGCG-1,5
s2-adt-GAGGACAGATCGCCTA-1,2
s2-adt-GAGGACGAGTCCTAGT-1,0
s2-adt-GAGGATCCAGAACTGG-1,1
s2-adt-GAGGATGATAGGAAGG-1,0
s2-adt-GAGGCCACAAGGTGCA-1,8
s2-adt-GAGGCCACTTCTAGAT-1,2
s2-adt-GAGGCCAGCAGAGGTT-1,2
s2-adt-GAGGCCATGGCTCGGA-1,4
s2-adt-GAGGCGCTCCATTCCT-1,0
s2-adt-GAGGTAACATTCGATC-1,6
s2-adt-GAGGTAACTAGACAGT-1,7
s2-adt-GAGGTAACTGCGAGAC-1,3
s2-adt-GAGGTACAACCTTCCG-1,4
s2-adt-GAGGTATTAATAGCGG-1,2
s2-adt-GAGGTCACTGTAAGCT-1,3
s2-adt-GAGGTCCAAGTAGCTA-1,7
s2-adt-GAGGTGAGATCATTGG-1,7
s2-adt-GAGGTGAGGATTCATT-1,5
s2-adt-GAGGTGCATTCGGATC-1,2
s2-adt-GAGGTGCGGCTGACCA-1,4
s2-adt-GAGGTGGCTCGAGGTT-1,6
s2-adt-GAGGTGTAGCAACTCA-1,2
s2-adt-GAGGTTAGATCGAAGA-1,0
s2-adt-GAGTAACGTGGCTTGA-1,3
s2-adt-GAGTAGACGCAGGCTC-1,3
s2-adt-GAGTAGATACGTCAAC-1,4
s2-adt-GAGTAGATTATGGTTC-1,9
s2-adt-GAGTAGGATGGTAGTC-1,3
s2-adt-GAGTCCACGCCTGAAG-1,1
s2-adt-GAGTCCACTCATAACA-1,1
s2-adt-GAGTCCTACCTCTGCA-1,3
s2-adt-GAGTCCTCTAGCGACA-1,3
s2-adt-GAGTCTCGAGATAGTC-1,1
s2-adt-GAGTCTGACTATAGAA-1,4
s2-adt-GAGTCTGGTGAATGAG-1,0
s2-adt-GAGTGCAGCGTCATCG-1,3
s2-adt-GAGTGCCGCATTAGGC-1,3
s2-adt-GAGTGCGGATACAGTC-1,5
s2-adt-GAGTGCGTACTGTAAC-1,0
s2-adt-GAGTGGAGCAAGCGCA-1,0
s2-adt-GAGTTAATCTCGTTAT-1,0
s2-adt-GAGTTAATTCCACTGG-1,1
s2-adt-GAGTTACTCAATGGAA-1,2
s2-adt-GAGTTAGCAGTAGATG-1,9
s2-adt-GAGTTCTATCGTGCCT-1,3
s2-adt-GAGTTGGTATTAATAG-1,0
s2-adt-GATAAGCACGTGCGTA-1,9
s2-adt-GATAAGTTGGCGATTA-1,5
s2-adt-GATAATCAGCTATTGT-1,0
s2-adt-GATACCTCGCGACTGC-1,4
s2-adt-GATACTTCACTCAGCA-1,1
s2-adt-GATAGAGTCTGAATCG-1,4
s2-adt-GATAGAGTGATAAGCT-1,1
s2-adt-GATAGATGTTGAAGAT-1,7
s2-adt-GATAGCTAATGGATAG-1,0
s2-adt-GATAGTGACACTCCAA-1,7
s2-adt-GATATCCATATGAGGC-1,3
s2-adt-GATATCTTGTGACACG-1,0
s2-adt-GATATGCTCACGTTAC-1,5
s2-adt-GATCCACCGCGTGCAA-1,1
s2-adt-GATCCGGACATACACC-1,2
s2-adt-GATCGGAGATACGCAG-1,1
s2-adt-GATCGTAACATTAATA-1,4
s2-adt-GATCGTAAGAGTCGCA-1,6
s2-adt-GATCGTCATGCGGAGG-1,5
s2-adt-GATCGTGGCCACAACC-1,0
s2-adt-GATCTATGAAGATGCG-1,1
s2-adt-GATCTTGTCATGATCT-1,2
s2-adt-GATGACTCTGAATCTT-1,5
s2-adt-GATGAGTGAACGGCTG-1,2
s2-adt-GATGCCAGACATAATG-1,6
s2-adt-GATGCCGACAGATATT-1,4
s2-adt-GATGCCTAGAGTCTGT-1,8
s2-adt-GATGGACCTGGACGGA-1,3
s2-adt-GATGGACGGCAGATGA-1,3
s2-adt-GATGTAGCGAGGTCCA-1,8
s2-adt-GATGTAGGAGTTGGCC-1,1
s2-adt-GATTATGTGACATGAT-1,0
s2-adt-GATTCCATACTGAACC-1,3
s2-adt-GATTCCATTGAGTTGA-1,0
s2-adt-GATTCCGCTATCGGCT-1,0
s2-adt-GATTCCGCTGCAAGAT-1,8
s2-adt-GATTCCGTGCGTATAC-1,6
s2-adt-GATTCCTGCAGATCGT-1,9
s2-adt-GATTCGCCATGTATCA-1,3
s2-adt-GATTGACTCCATGCGA-1,5
s2-adt-GATTGTCGCAACGAGG-1,7
s2-adt-GCAACAGCCTGCTCTA-1,0
s2-adt-GCAACAGCGTGGATCA-1,3
s2-adt-GCAACAGCTCCTATGA-1,5
s2-adt-GCAACAGGCCATTGAC-1,8
s2-adt-GCAACATACATCAGCA-1,6
s2-adt-GCAACATGGTTCTTCA-1,7
s2-adt-GCAAGAATGTTCCACC-1,0
s2-adt-GCAAGATAGGTTAACT-1,8
s2-adt-GCAAGCACTACCGCCA-1,6
s2-adt-GCAAGCTTATTGACGT-1,7
s2-adt-GCAATACATGAGGACA-1,0
s2-adt-GCAATCCTCGAGCGTT-1,1
s2-adt-GCAATCGTGACTCCAA-1,5
s2-adt-GCAATTAATCAACGTA-1,6
s2-adt-GCAATTCCTATCATAC-1,1
s2-adt-GCAATTCTGTGACAGA-1,0
s2-adt-GCACAGCTGTGGTTGA-1,1
s2-adt-GCACATGCCGGTCTGG-1,7
s2-adt-GCACCGAAGATGTCTA-1,7
s2-adt-GCACCTAGCCGAATCT-1,8
s2-adt-GCACCTAGTAATTATC-1,7
s2-adt-GCACCTTACTGGCTAC-1,3
s2-adt-GCACCTTAGCCTCGCA-1,0
s2-adt-GCACGAGCAGTACCGA-1,0
s2-adt-GCACGAGCTATTGTCG-1,1
s2-adt-GCACGCAACCATACCA-1,0
s2-adt-GCACGCATAGATTGCT-1,3
s2-adt-GCACGCATAGGCGATC-1,1
s2-adt-GCACGCTTCGTTGTTC-1,2
s2-adt-GCACGGAAGGATAGTA-1,4
s2-adt-GCACTACACTATTGCG-1,0
s2-adt-GCACTCCGACTGGCGT-1,7
s2-adt-GCACTCTGTTGCCATA-1,1
s2-adt-GCACTCTTGCTACCGA-1,5
s2-adt-GCACTGAATATGACAG-1,1
s2-adt-GCACTGCCTCGATGCG-1,1
s2-adt-GCACTGGACGCAGCAC-1,9
s2-adt-GCACTGTTGCGGCCTT-1,0
s2-adt-GCAGACGCCTGGTTAT-1,1
s2-adt-GCAGATACGTTGAACG-1,7
s2-adt-GCAGATAGTTGGAGAC-1,4
s2-adt-GCAGATCCTAATGTGG-1,1
s2-adt-GCAGCCGGATGCCGCA-1,4
s2-adt-GCAGCGACAGTTCGGT-1,5
s2-adt-GCAGCGATCTAACGAA-1,8
s2-adt-GCAGGCAGTGATCTAC-1,0
s2-adt-GCAGGCCATTCCTGCC-1,8
s2-adt-GCAGGCTACCGTCCTT-1,4
s2-adt-GCAGGCTGGTTCCAAG-1,8
s2-adt-GCAGGTCACTACCTCA-1,1
s2-adt-GCAGGTGCTGATGCTT-1,8
s2-adt-GCAGTAGATGTCCAAT-1,8
s2-adt-GCATAACCGAGGTGAT-1,2
s2-adt-GCATACTAGCATCGAA-1,3
s2-adt-GCATGACGGATTATCA-1,1
s2-adt-GCATGCTGAGACAGGT-1,0
s2-adt-GCATGTCGAGTGTCTT-1,5
s2-adt-GCATTACCTGTCAAGA-1,1
s2-adt-GCATTGACTACAGCGA-1,6
s2-adt-GCATTGCTGTTCCATC-1,4
s2-adt-GCATTGGTTACCAAGC-1,0
s2-adt-GCCACGAAGGAATTCC-1,0
s2-adt-GCCACGACCGTTAAGT-1,4
s2-adt-GCCACGCCTTAGTACG-1,7
s2-adt-GCCACTATAGACCATA-1,2
s2-adt-GCCACTCCGTCACCTC-1,0
s2-adt-GCCAGACAGACGCCTA-1,6
s2-adt-GCCAGACATCTATCAC-1,1
s2-adt-GCCAGTAGACGATACC-1,1
s2-adt-GCCAGTTCCTCGTGCC-1,8
s2-adt-GCCATTCTCGTGTAGA-1,4
s2-adt-GCCATTGCATGTTAAC-1,5
s2-adt-GCCATTGTAACTGATC-1,1
s2-adt-GCCATTGTAATGTCTT-1,0
s2-adt-GCCGAGTCCTCGTCCA-1,2
s2-adt-GCCGATACGGTATCAG-1,4
s2-adt-GCCGATCGAGTGAAGT-1,4
s2-adt-GCCGATCTCGTGACTC-1,4
s2-adt-GCCGCTGATTGGCCAG-1,1
s2-adt-GCCGCTTCTAAGGTGA-1,0
s2-adt-GCCGGCAATAGGCAGG-1,3
s2-adt-GCCGGCATTCCGCCGA-1,0
s2-adt-GCCGGCGAACCATTGT-1,8
s2-adt-GCCGGCGTAGGTGACG-1,3
s2-adt-GCCGGCGTGAACTTGC-1,1
s2-adt-GCCGGTATGCTCATGC-1,8
s2-adt-GCCGTACCAGATCTAG-1,8
s2-adt-GCCGTATGCCAGTCTT-1,0
s2-adt-GCCTATAGCATACCTT-1,2
s2-adt-GCCTCATGCGAGCAGG-1,7
s2-adt-GCCTCCGTCTACCTCG-1,3
s2-adt-GCCTCCTGCGGCCGTT-1,0
s2-adt-GCCTGGACCTATTGTC-1,4
s2-adt-GCCTGGAGCAAGTTAG-1,6
s2-adt-GCCTGGTACATGGTCG-1,0
s2-adt-GCCTGGTCAGGTTGCC-1,3
s2-adt-GCCTGTGAAGTCGGCG-1,1
s2-adt-GCCTGTGACACCAGAA-1,2
s2-adt-GCCTGTGATAGATTGG-1,5
s2-adt-GCCTTCGCTTATGTTC-1,2
s2-adt-GCCTTCTGATTCCGTC-1,5
s2-adt-GCCTTCTGTCACGCTC-1,0
s2-adt-GCCTTGAGATCTGAGC-1,6
s2-adt-GCCTTGCCACTTCTGA-1,1
s2-adt-GCCTTGGCGAACAATC-1,2
s2-adt-GCGAATAGTGGCTAAT-1,1
s2-adt-GCGAATCGAGAACACG-1,2
s2-adt-GCGAATGCAGTGTCAA-1,5
s2-adt-GCGAATTGGCTAGCCA-1,5
s2-adt-GCGACACTAAGCTAAG-1,0
s2-adt-GCGACAGTGCCGCACC-1,1
s2-adt-GCGACGTAGAGCGTTA-1,5
s2-adt-GCGAGCGGACCATAAC-1,0
s2-adt-GCGAGCGGTTGTCATG-1,6
s2-adt-GCGAGCTAACTCCTAG-1,1
s2-adt-GCGAGGATCGACCTTA-1,0
s2-adt-GCGATCTTGCTCACGC-1,1
s2-adt-GCGATGACCGTGTAAT-1,6
s2-adt-GCGATGTACTGCTATT-1,1
s2-adt-GCGATTCTAACAGTAA-1,7
s2-adt-GCGGAGCCTGTAACAT-1,7
s2-adt-GCGGCAAGTGTTATGT-1,2
s2-adt-GCGGTCCTGTAGTCTG-1,3
s2-adt-GCGGTCGGCGTACCTT-1,0
s2-adt-GCGGTCGTTGATCTTG-1,6
s2-adt-GCGGTGGCCGACGCAT-1,0
s2-adt-GCGGTTGCCTCGACGG-1,3
s2-adt-GCGTAACGTTACAGGT-1,7
s2-adt-GCGTACCGGAACGACA-1,2
s2-adt-GCGTACCGGATGGCTC-1,0
s2-adt-GCGTACCGTGTATCAG-1,6
s2-adt-GCGTACGAATCTAATC-1,1
s2-adt-GCGTCCAGCAATTGGC-1,8
s2-adt-GCGTCCTCTGCCGTTG-1,4
s2-adt-GCGTCGGAATGCTGCC-1,0
s2-adt-GCGTCGGTCACGCCAG-1,0
s2-adt-GCGTCTCGCAACTCAT-1,2
s2-adt-GCGTTAATAGTCAGTA-1,5
s2-adt-GCGTTCGAGGCCACAA-1,4
s2-adt-GCGTTGTATCGGAGCT-1,3
s2-adt-GCTAACCATAGGCGTT-1,1
s2-adt-GCTACCATCCTGTAGA-1,0
s2-adt-GCTACTTCTGACGCGA-1,1
s2-adt-GCTATGCGTGAACGGT-1,8
s2-adt-GCTCAACCACGGCAAC-1,0
s2-adt-GCTCATACAATTAGAC-1,0
s2-adt-GCTCCGAGACTACATA-1,1
s2-adt-GCTCCGGCAACATGAT-1,0
s2-adt-GCTCCTATGTCTTCGC-1,3
s2-adt-GCTCGATGCTCGCATG-1,0
s2-adt-GCTCGCATCGTCATTA-1,1
s2-adt-GCTCGGACCTTCAAGT-1,4
s2-adt-GCTCGGAGATGAATGT-1,6
s2-adt-GCTCGTCTGCCGCAAT-1,3
s2-adt-GCTGAATGACCGTGAG-1,1
s2-adt-GCTGACAGCCGGAGCG-1,4
s2-adt-GCTGACCGCATCGGAT-1,0
s2-adt-GCTGACTTGTCTCAAT-1,2
s2-adt-GCTGAGGACAAGAAGT-1,1
s2-adt-GCTGAGTGTTCAACCG-1,1
s2-adt-GCTGCCGCCTATGTAG-1,1
s2-adt-GCTGCGTTATGTGGAC-1,9
s2-adt-GCTGGATGACTCTACC-1,0
s2-adt-GCTGTAGTGCTGTCGC-1,1
s2-adt-GCTGTTATGGTTGCCG-1,5
s2-adt-GCTGTTCAACCGAATA-1,5
s2-adt-GCTGTTGATAGTCTTA-1,0
s2-adt-GCTTAATAGAGGCGAG-1,0
s2-adt-GCTTACATGTTGCGCT-1,9
s2-adt-GCTTAGACTACCAATG-1,7
s2-adt-GCTTATCCGCATTCTT-1,4
s2-adt-GCTTCGCTCAAGCGAT-1,0
s2-adt-GCTTCGGCATCAGAGT-1,0
s2-adt-GCTTCTAAGTCTGACG-1,2
s2-adt-GCTTCTAGCGTTCATT-1,6
s2-adt-GCTTCTCAGACCGCCT-1,3
s2-adt-GCTTCTCCAGAACCGC-1,5
s2-adt-GCTTCTGTTACGAGAA-1,1
s2-adt-GCTTCTTGAATCGGTT-1,8
s2-adt-GCTTCTTGGACGAGCG-1,0
s2-adt-GCTTGAACTCCATCCA-1,9
s2-adt-GCTTGACCTCCGCTTC-1,5
s2-adt-GCTTGAGCTCTTGACA-1,0
s2-adt-GCTTGCAATACAAGGC-1,5
s2-adt-GCTTGCCATAGTGGAT-1,7
s2-adt-GCTTGCTTACTTAACG-1,2
s2-adt-GCTTGGATCCAACCGG-1,9
s2-adt-GCTTGGATGCTCGCTT-1,1
s2-adt-GCTTGGCTGCGGTAAC-1,0
s2-adt-GCTTGGTCAACCGTGG-1,0
s2-adt-GCTTGGTGTTCGAACA-1,3
s2-adt-GGAACATCGTGGAATC-1,3
s2-adt-GGAACGATAACATTAT-1,0
s2-adt-GGAACTTCGACATGTC-1,2
s2-adt-GGAAGAATAACTAACC-1,4
s2-adt-GGAAGCAGTCATTCAG-1,7
s2-adt-GGAAGCATTAGAGGCA-1,9
s2-adt-GGAAGTCTTGTCGCAT-1,1
s2-adt-GGAATCCTTAGACTGT-1,8
s2-adt-GGAATGCACCTCAATA-1,4
s2-adt-GGAATGGCAACTTGGA-1,2
s2-adt-GGACAGTGCGGCAACA-1,8
s2-adt-GGACCACTTATCGTTC-1,7
s2-adt-GGACCATCACCGCCAA-1,0
s2-adt-GGACCGATCTGGATTA-1,0
s2-adt-GGACCGCTTCCTGGCA-1,3
s2-adt-GGACGGCTATCGACCA-1,4
s2-adt-GGACGGTATGCGGCTG-1,4
s2-adt-GGACGGTGCAGTAGGA-1,4
s2-adt-GGACGTACATACCAGA-1,5
s2-adt-GGACGTACTTCGGACA-1,7
s2-adt-GGACGTAGTGTAGAAG-1,0
s2-adt-GGACGTCGAACGGCTT-1,3
s2-adt-GGACGTCGAGGATTCA-1,6
s2-adt-GGACGTCGCACGAGAA-1,5
s2-adt-GGACGTTAGATATTAC-1,2
s2-adt-GGACGTTAGATTCAGG-1,9
s2-adt-GGACGTTGGAGGTGAT-1,0
s2-adt-GGACTCACGGTCCAAT-1,4
s2-adt-GGACTCACTAGAGCCG-1,0
s2-adt-GGAGAAGCCAAGCGCT-1,3
s2-adt-GGAGACTATTGTGACA-1,0
s2-adt-GGAGATCCGTAGGATA-1,7
s2-adt-GGAGATCCTGTACCAG-1,0
s2-adt-GGAGATGCGTGCAGTA-1,3
s2-adt-GGAGATGGCTCGAGAT-1,4
s2-adt-GGAGATGTGCCATAAC-1,0
s2-adt-GGAGCGAATTGGACGG-1,8
s2-adt-GGAGCGAGTGTAACTT-1,1
s2-adt-GGAGCGGCACCTCGTA-1,2
s2-adt-GGAGGTCGTAGGAGCT-1,8
s2-adt-GGAGTCCAGATAGCTT-1,1
s2-adt-GGAGTCTAAGGCCGCT-1,7
s2-adt-GGAGTCTAAGTGGTCC-1,6
s2-adt-GGAGTGTCCATGTATT-1,7
s2-adt-GGATAAGTCAGGATAG-1,2
s2-adt-GGATAATTATGCTGGT-1,0
s2-adt-GGATAATTCAATGCTG-1,1
s2-adt-GGATCGAGTGTCCACT-1,4
s2-adt-GGATCGCTGGCATATT-1,0
s2-adt-GGATGGATCACTCATA-1,2
s2-adt-GGATGTAACTAATCCG-1,4
s2-adt-GGATTCCGACGTGATG-1,0
s2-adt-GGCAAGACAATCAGCT-1,5
s2-adt-GGCAATGCGAACTTAA-1,4
s2-adt-GGCACGACGGACGTCG-1,4
s2-adt-GGCAGCCGGCACTTCC-1,0
s2-adt-GGCAGCGTATACGACT-1,2
s2-adt-GGCAGCTCCTGGACGG-1,6
s2-adt-GGCAGGAAGTCTTCTA-1,9
s2-adt-GGCATAATCCTATCGC-1,8
s2-adt-GGCATAATCCTTCATG-1,5
s2-adt-GGCATACATGGCTCAG-1,3
s2-adt-GGCATTCCGATGCTCG-1,3
s2-adt-GGCATTGCTAAGAATG-1,1
s2-adt-GGCCAAGATGGATGGC-1,0
s2-adt-GGCCAGTAGGTATGAG-1,0
s2-adt-GGCCATGCTCCTCGTG-1,6
s2-adt-GGCCATTAGCTAGTGG-1,0
s2-adt-GGCCGCCAACTATTGC-1,5
s2-adt-GGCCGTCCAGTAGGAC-1,3
s2-adt-GGCCTGCGTTATGCCG-1,5
s2-adt-GGCCTTCGACCAGGTA-1,3
s2-adt-GGCCTTGGATGTTGTC-1,1
s2-adt-GGCGACCATAGCGTTA-1,1
s2-adt-GGCGAGGCAGCCTACT-1,6
s2-adt-GGCGATCGGTCTGCTC-1,2
s2-adt-GGCGCCAAGGAGCGCT-1,1
s2-adt-GGCGCCACCGGAGCAA-1,1
s2-adt-GGCGCCACTGAACATC-1,0
s2-adt-GGCGCCGTCGGACATA-1,5
s2-adt-GGCGCCGTGGTTACAT-1,4
s2-adt-GGCGCTAATATGCTCC-1,1
s2-adt-GGCGGAAGTCTTGTAG-1,2
s2-adt-GGCGGAGCACTGATAA-1,3
s2-adt-GGCGGAGTTGAACTAT-1,2
s2-adt-GGCGGATACAACGCAC-1,3
s2-adt-GGCGGATATTGATTGA-1,2
s2-adt-GGCGTCGCCGTATGAT-1,1
s2-adt-GGCGTCGGTAGTGATA-1,3
s2-adt-GGCGTGGCACGGCACT-1,1
s2-adt-GGCGTGTAATTACTTA-1,0
s2-adt-GGCTCAATCAACATGA-1,2
s2-adt-GGCTGACGCCGAATCA-1,2
s2-adt-GGCTGTTCAATGTCAA-1,0
s2-adt-GGCTTGCCATAGGCTC-1,3
s2-adt-GGTAAGGCGACGATGA-1,2
s2-adt-GGTACCACCTATACCT-1,4
s2-adt-GGTACCAGGTAGTGTT-1,0
s2-adt-GGTACGATCGACTTAA-1,1
s2-adt-GGTACGCTTACCTGCG-1,6
s2-adt-GGTACGGAGCATCAGC-1,6
s2-adt-GGTACGGTATGCTCCA-1,5
s2-adt-GGTACGTGCTCGGCAA-1,2
s2-adt-GGTACTGTGATCTTCC-1,1
s2-adt-GGTAGCCAAGGTACTT-1,7
s2-adt-GGTAGCCATCAATCCG-1,0
s2-adt-GGTAGCGTACATCTGT-1,7
s2-adt-GGTAGCTTAGCCAATC-1,2
s2-adt-GGTAGGCCACATGCAA-1,4
s2-adt-GGTAGGTTGTTACGGC-1,2
s2-adt-GGTAGGTTGTTCTAAG-1,5
s2-adt-GGTAGTACAGGTTAGA-1,2
s2-adt-GGTAGTACCGCAACAG-1,2
s2-adt-GGTAGTGCATGAAGTG-1,4
s2-adt-GGTAGTTGAAGTCCAT-1,3
s2-adt-GGTATGCAACAGTGGC-1,1
s2-adt-GGTATGGTCAGGTTGG-1,5
s2-adt-GGTATGGTTGTCCTCG-1,0
s2-adt-GGTCACCGCATAACAA-1,0
s2-adt-GGTCATGCTCTGCCAA-1,4
s2-adt-GGTCCTGCGAGTAGGT-1,8
s2-adt-GGTCTGAAGGTTCGAA-1,7
s2-adt-GGTCTGAAGTATGTCA-1,0
s2-adt-GGTCTGCGAACTGTAT-1,0
s2-adt-GGTCTGGTATGTGGCC-1,8
s2-adt-GGTCTGGTTGTAGAAC-1,6
s2-adt-GGTCTTATAGGCTGGC-1,6
s2-adt-GGTCTTCCGCACATCC-1,1
s2-adt-GGTCTTCCGGCTGGAC-1,8
s2-adt-GGTCTTGAACCGGCCA-1,2
s2-adt-GGTGCAATCAGACTTC-1,6
s2-adt-GGTGCACTCCGGTTCG-1,8
s2-adt-GGTGCAGGCACCGCGT-1,1
s2-adt-GGTGCAGTGGTCTTAT-1,1
s2-adt-GGTGCAGTTCCATATG-1,9
s2-adt-GGTGCATCCAGAACGG-1,4
s2-adt-GGTGGCTTATTGCGTG-1,1
s2-adt-GGTGTCACCAGCGAAC-1,0
s2-adt-GGTTACAGCCGGCCGG-1,2
s2-adt-GGTTACCAGACAACAT-1,5
s2-adt-GGTTACGGACGATTAA-1,8
s2-adt-GGTTAGACTCACTAGC-1,7
s2-adt-GGTTAGACTCGGAGGT-1,9
s2-adt-GGTTAGATGAGTCTAA-1,4
s2-adt-GGTTAGCTTCATGAGT-1,3
s2-adt-GGTTAGTATGAGTGTC-1,1
s2-adt-GGTTCAAGGTTAAGCC-1,4
s2-adt-GGTTCACCGACTCACG-1,3
s2-adt-GGTTCATTCCGGCCTC-1,1
s2-adt-GGTTCTATACCGCTTG-1,0
s2-adt-GGTTCTCCTATCAGTT-1,1
s2-adt-GGTTCTCGTGATGTGA-1,9
s2-adt-GGTTCTGGAGTCTACC-1,0
s2-adt-GGTTGACCATTGCTGT-1,4
s2-adt-GGTTGATAAGTACCTG-1,4
s2-adt-GGTTGCGATTGAACAG-1,7
s2-adt-GGTTGCTACCGGAACA-1,0
s2-adt-GTAACACCGAGCGTTA-1,1
s2-adt-GTAACATACACCTGTT-1,1
s2-adt-GTAACATCTTATAATG-1,0
s2-adt-GTAACCACCTACAACC-1,4
s2-adt-GTAACCTAGCGTCACG-1,4
s2-adt-GTAAGTAATTACAATC-1,7
s2-adt-GTAAGTATTGCTATCG-1,2
s2-adt-GTAAGTTGCGGAGCGT-1,1
s2-adt-GTAAGTTGCTGGTGGA-1,3
s2-adt-GTAATAGTCCTAAGCC-1,7
s2-adt-GTAATCACGCACAGCT-1,0
s2-adt-GTAATCAGGCGGACGG-1,2
s2-adt-GTAATCTTGTCTAGTT-1,5
s2-adt-GTAATGACGGTCTACG-1,6
s2-adt-GTAATGATCACGTAAG-1,0
s2-adt-GTACAACTCGGCAGAA-1,2
s2-adt-GTACAGAACAGGACTC-1,0
s2-adt-GTACAGATGACATCGC-1,2
s2-adt-GTACAGCCGTTACAGA-1,2
s2-adt-GTACAGCTGAGCCGGA-1,3
s2-adt-GTACAGGAACGAATGG-1,5
s2-adt-GTACAGTATCGGAATT-1,1
s2-adt-GTACATAAGCTACGCC-1,5
s2-adt-GTACCTGAAGTGAATG-1,3
s2-adt-GTACCTTCATGTGCAA-1,8
s2-adt-GTACGAACAGACTAGG-1,4
s2-adt-GTACGAAGATTATCCG-1,1
s2-adt-GTACGAAGGATTATTG-1,0
s2-adt-GTACGAATTACATAAT-1,0
s2-adt-GTACGAATTCTACCAA-1,0
s2-adt-GTACGACAGCTCCGGA-1,7
s2-adt-GTACGAGGTAGTGCAC-1,1
s2-adt-GTACGATTAGTCTACA-1,3
s2-adt-GTACGCCTCGCTTCCA-1,3
s2-adt-GTACGCTCGCCAACAT-1,0
s2-adt-GTACGCTTGATACCAC-1,9
s2-adt-GTACGGTTAATGCAGG-1,4
s2-adt-GTACTACCGTTAGGTG-1,0
s2-adt-GTACTGCATAAGGTTA-1,8
s2-adt-GTACTTAACTTCAGCG-1,2
s2-adt-GTACTTACTTCATACC-1,6
s2-adt-GTACTTAGTTGCGAAT-1,4
s2-adt-GTACTTCTGATCCTCG-1,0
s2-adt-GTAGAAGGACATCATA-1,0
s2-adt-GTAGAAGTAAGCTGCG-1,0
s2-adt-GTAGAATCGCACATCG-1,6
s2-adt-GTAGACCTGTCAACCA-1,4
s2-adt-GTAGCAACGACCGTGG-1,3
s2-adt-GTAGCACGAGCTCAAG-1,0
s2-adt-GTAGCAGAACATGGTG-1,3
s2-adt-GTAGCAGAAGACTCTT-1,7
s2-adt-GTAGCAGAGCAATAGC-1,5
s2-adt-GTAGCATCGAAGGTCT-1,5
s2-adt-GTAGCCAGTGCGGTTG-1,9
s2-adt-GTAGCCGCACTCCATC-1,5
s2-adt-GTAGCCTAAGGTTAGT-1,7
s2-adt-GTAGCGCCTGAACTCA-1,0
s2-adt-GTAGCGCTAGATCCGT-1,4
s2-adt-GTAGCGCTCATCAGGT-1,0
s2-adt-GTAGCGTGGCACGCAG-1,7
s2-adt-GTAGGAGCAACAGGCA-1,3
s2-adt-GTAGGTGATAATTCAC-1,6
s2-adt-GTAGTCAGACCAATGT-1,7
s2-adt-GTAGTCCAGCGGACAT-1,6
s2-adt-GTAGTCCATTGTTCGT-1,4
s2-adt-GTAGTCCGTGTACTAA-1,7
s2-adt-GTATAAGGCGTCTTCA-1,7
s2-adt-GTATACATAGGTTGCC-1,7
s2-adt-GTATACATTGGCTCAG-1,9
s2-adt-GTATACGGTACACGCA-1,8
s2-adt-GTATCTACAGATCTCC-1,8
s2-adt-GTATCTAGCTACCAGC-1,8
s2-adt-GTATCTGTCAACGGTG-1,6
s2-adt-GTATCTGTGGCGTCTA-1,5
s2-adt-GTATGACATAAGACGG-1,6
s2-adt-GTATGATAGTATGGAT-1,6
s2-adt-GTATGATCACTTGACG-1,7
s2-adt-GTATGCGGTATCATGA-1,6
s2-adt-GTATGCTTGCGACTAA-1,7
s2-adt-GTATGGTGGAGCGGCC-1,3
s2-adt-GTATGTAGCAGGCATA-1,0
s2-adt-GTATGTAGCTCACCTT-1,1
s2-adt-GTATGTGCAAGCCGGA-1,1
s2-adt-GTATGTTAGTTCTACC-1,0
s2-adt-GTATGTTCTGGATCGC-1,9
s2-adt-GTATTACGAGTCAATC-1,2
s2-adt-GTATTACGGCCATTAT-1,8
s2-adt-GTATTACGGTATTGAG-1,1
s2-adt-GTATTAGGTTATCTGC-1,2
s2-adt-GTATTATGAGTTAGCG-1,6
s2-adt-GTATTCCAAGTTACCT-1,0
s2-adt-GTATTCCGCTCGGATG-1,5
s2-adt-GTATTCGTGACTTGAT-1,6
s2-adt-GTATTCTAAGTGCTGT-1,3
s2-adt-GTCAACAGACGCACGT-1,0
s2-adt-GTCAACAGCATAGATT-1,3
s2-adt-GTCAACAGCGCACCGA-1,8
s2-adt-GTCAACAGTTAAGTGA-1,6
s2-adt-GTCAACATGGTGCTAT-1,2
s2-adt-GTCAACCTGACGATAG-1,8
s2-adt-GTCACCAAGAGCGGTG-1,7
s2-adt-GTCACTAAGAGGAATA-1,1
s2-adt-GTCACTAAGCCAGCGG-1,6
s2-adt-GTCACTACTTAATGGA-1,5
s2-adt-GTCACTGAATCTCACC-1,1
s2-adt-GTCACTTACGTGTATG-1,9
s2-adt-GTCACTTATCCAAGAC-1,8
s2-adt-GTCACTTATGAATGCG-1,1
s2-adt-GTCACTTATGTCGTAT-1,6
s2-adt-GTCAGCCAACATCACG-1,1
s2-adt-GTCAGCCATTGTGCGG-1,4
s2-adt-GTCAGCCTCCGAACCT-1,0
s2-adt-GTCAGCGATGTAATTG-1,6
s2-adt-GTCAGCGATTGATTCA-1,7
s2-adt-GTCAGCTCAATCAAGG-1,6
s2-adt-GTCAGCTGGTGAGGCG-1,0
s2-adt-GTCAGGATCAACCAAC-1,5
s2-adt-GTCAGGTACGTGGCAT-1,5
s2-adt-GTCAGTAATCCAATTA-1,3
s2-adt-GTCAGTAGGTGACCGG-1,1
s2-adt-GTCAGTGAGGATCGTT-1,0
s2-adt-GTCAGTGCCAGAATAA-1,6
s2-adt-GTCAGTGCTGACAGCG-1,7
s2-adt-GTCAGTTCTGCCTGGA-1,2
s2-adt-GTCATCACGTGGTTCA-1,6
s2-adt-GTCATCACTATTGTGC-1,8
s2-adt-GTCATCAGTAGACCAG-1,2
s2-adt-GTCCATCTATACAAGG-1,8
s2-adt-GTCCGAATGCGGACAG-1,9
s2-adt-GTCCGACAGCCGCATT-1,6
s2-adt-GTCCTGCTTACGGCTG-1,3
s2-adt-GTCCTTCATCAGATCA-1,3
s2-adt-GTCCTTCATGGATTAG-1,5
s2-adt-GTCCTTCGGAACCTGC-1,7
s2-adt-GTCGAAGTCGTGTTCT-1,5
s2-adt-GTCGAGAACTAGACGA-1,4
s2-adt-GTCGAGTGCTCCTTCG-1,4
s2-adt-GTCGCAACGAGCTGAC-1,9
s2-adt-GTCGCACGCAGCCTGC-1,3
s2-adt-GTCGCAGATTACTGCA-1,3
s2-adt-GTCGCATGCGGTAGAT-1,6
s2-adt-GTCGCATTACCAGGCA-1,5
s2-adt-GTCGCTAAGTGAGGTT-1,6
s2-adt-GTCGGCCGTTGTGAAT-1,8
s2-adt-GTCGGCCTCCGGCATC-1,5
s2-adt-GTCGTAGACTGACAAG-1,0
s2-adt-GTCGTGCTAATGCCTT-1,3
s2-adt-GTCGTGTTCATGTCAG-1,0
s2-adt-GTCTAAGATCGGACTA-1,2
s2-adt-GTCTAAGCGGCACGCC-1,4
s2-adt-GTCTAATACGGCTAAG-1,0
s2-adt-GTCTAGCATGGTACGT-1,8
s2-adt-GTCTAGCGTTGTGACC-1,1
s2-adt-GTCTAGGACAGGATAA-1,4
s2-adt-GTCTAGTCTAGCGACG-1,1
s2-adt-GTCTATCAATGGATTA-1,0
s2-adt-GTCTATCAGTACTAAT-1,8
s2-adt-GTCTATCCAGGACGTC-1,3
s2-adt-GTCTATGGTGAAGAGC-1,0
s2-adt-GTCTATGTTAATAGAA-1,0
s2-adt-GTCTATTAGTGAGGCC-1,7
s2-adt-GTCTATTGCGAGTTAC-1,7
s2-adt-GTCTCATGACTAGTTG-1,1
s2-adt-GTCTCGACTGACGAGT-1,7
s2-adt-GTCTGAACAAGGTTAG-1,7
s2-adt-GTCTGATAGATTATAA-1,0
s2-adt-GTCTGATATCTGAATT-1,0
s2-adt-GTCTGCTCAACACCAA-1,2
s2-adt-GTCTGTGGATCTGACG-1,8
s2-adt-GTCTTCGATAGGTGTT-1,4
s2-adt-GTCTTCGGTAGCTACA-1,1
s2-adt-GTCTTGAACAATTACA-1,1
s2-adt-GTCTTGACAATAGCAA-1,8
s2-adt-GTCTTGACTTGCTCTG-1,7
s2-adt-GTCTTGATTGCCACCT-1,0
s2-adt-GTCTTGCGATGAATGC-1,6
s2-adt-GTCTTGCGGCGATTCA-1,2
s2-adt-GTCTTGCTGGACGATA-1,1
s2-adt-GTCTTGTATTGTAGAT-1,1
s2-adt-GTGAACATTCAACGAT-1,0
s2-adt-GTGAACGGTTCTAACG-1,2
s2-adt-GTGAACTCGTGGTATC-1,7
s2-adt-GTGAAGATGAGTGCCT-1,8
s2-adt-GTGAAGCCACAACCGG-1,4
s2-adt-GTGAAGTGATCGTGCT-1,6
s2-adt-GTGAATTAGACATTGC-1,4
s2-adt-GTGACAAGATGCTCAT-1,8
s2-adt-GTGACAATAGGTATGT-1,0
s2-adt-GTGACATACAGGTCCT-1,3
s2-adt-GTGACATATGCTAGAT-1,0
s2-adt-GTGACATGTACCACCT-1,5
s2-adt-GTGACCGGAGTCATAC-1,2
s2-adt-GTGACCGTGGATTAGC-1,3
s2-adt-GTGACTGTCCTGGTAT-1,8
s2-adt-GTGACTTCAACATCCG-1,6
s2-adt-GTGACTTCCTCACGAC-1,0
s2-adt-GTGAGCACCAGCATCC-1,7
s2-adt-GTGATCTACGAGATCC-1,3
s2-adt-GTGATGGATTAGAACA-1,9
s2-adt-GTGCAACGACGGTGTT-1,0
s2-adt-GTGCAACTACTGTACG-1,2
s2-adt-GTGCACCAATCATAAC-1,0
s2-adt-GTGCACTTGTAAGCAC-1,1
s2-adt-GTGCAGCCGGTCTGCA-1,3
s2-adt-GTGCAGGACTCCAAGG-1,5
s2-adt-GTGCAGGCACTCTAGG-1,0
s2-adt-GTGCAGGCTGGACATG-1,0
s2-adt-GTGCAGTTGTGGCGCT-1,3
s2-adt-GTGCATGGTTGAGTTC-1,9
s2-adt-GTGCATTCCTGTGGTC-1,0
s2-adt-GTGCATTGCAATGTTG-1,5
s2-adt-GTGCCGCATCCTTCCT-1,0
s2-adt-GTGCCGTCCTGTCAGC-1,3
s2-adt-GTGCCTGACACGTTGG-1,6
s2-adt-GTGCGTTCACGGATAA-1,4
s2-adt-GTGCTCAATGCAACCT-1,3
s2-adt-GTGGAACAGAAGTCGA-1,1
s2-adt-GTGGATAATCATAATC-1,0
s2-adt-GTGGCGACCTAATATT-1,4
s2-adt-GTGGCGAGGAAGGCTA-1,0
s2-adt-GTGGCGATAGGCAGAA-1,5
s2-adt-GTGGCGATCTGCGATA-1,5
s2-adt-GTGGCGCACCTGTTCC-1,1
s2-adt-GTGGCGCCAACAGCTC-1,4
s2-adt-GTGGCGCCACTACGCT-1,1
s2-adt-GTGGCGCCAGACTCGA-1,6
s2-adt-GTGGCGCCAGCTAACC-1,3
s2-adt-GTGGCTGAATGCGAGT-1,0
s2-adt-GTGGCTTCCTACCGTT-1,6
s2-adt-GTGGTACTGTTGTAGC-1,6
s2-adt-GTGGTACTTGGTTGGA-1,4
s2-adt-GTGGTAGGTCTAAGAA-1,0
s2-adt-GTGGTCGCTCTGTAGC-1,1
s2-adt-GTGGTTACCTTGCGCA-1,9
s2-adt-GTGGTTGACAAGGAGC-1,7
s2-adt-GTGGTTGCACGCGGCA-1,4
s2-adt-GTGGTTGCCGCTTCAA-1,2
s2-adt-GTTAACAACTTCGGAT-1,8
s2-adt-GTTAACTCCGACCACT-1,1
s2-adt-GTTACAGGTACATGGC-1,0
s2-adt-GTTAGACAATGGATGA-1,1
s2-adt-GTTAGAGGTGTTAAGA-1,1
s2-adt-GTTAGGAAGTATACGA-1,7
s2-adt-GTTAGGTACTAACTGG-1,0
s2-adt-GTTAGGTCCACTGGCG-1,3
s2-adt-GTTATGATACGATTAT-1,1
s2-adt-GTTATGTTGCTTAGAT-1,1
s2-adt-GTTATTCGGCCATTCG-1,3
s2-adt-GTTATTCGTAACGTCC-1,4
s2-adt-GTTATTGCTGAATCCG-1,6
s2-adt-GTTCATACCTTGGTTA-1,2
s2-adt-GTTCATCTTACATTCC-1,2
s2-adt-GTTCCAGTGCCTTACC-1,8
s2-adt-GTTCCGATGAACCGGC-1,0
s2-adt-GTTCCGTACCTCCACT-1,0
s2-adt-GTTCCGTCATACGGCT-1,6
s2-adt-GTTCCGTCTTATCTTA-1,3
s2-adt-GTTCCTGAACCTTCAA-1,2
s2-adt-GTTCCTTGAGGAACGC-1,2
s2-adt-GTTCGCTGGTATTAGA-1,0
s2-adt-GTTCGTAGGTAGTGAA-1,7
s2-adt-GTTCTACTATCATATT-1,0
s2-adt-GTTCTACTTATGGTAG-1,5
s2-adt-GTTCTTACTGAAGTAT-1,3
s2-adt-GTTCTTGATCTGTTGA-1,1
s2-adt-GTTGAAGGAAGTCGGC-1,7
s2-adt-GTTGAATAAGTCAGCA-1,0
s2-adt-GTTGAATCAACCTGGC-1,7
s2-adt-GTTGAATGGTACAGTA-1,3
s2-adt-GTTGAATGTTGCTGCC-1,2
s2-adt-GTTGACATGAACCAAC-1,3
s2-adt-GTTGACGAACCAGAAC-1,3
s2-adt-GTTGACGGATAGCCAT-1,9
s2-adt-GTTGACGTCAGATTAG-1,5
s2-adt-GTTGACTAGAGCACGT-1,8
s2-adt-GTTGACTTCTATGCTG-1,7
s2-adt-GTTGAGCTTCGTCCGG-1,0
s2-adt-GTTGCCACAAGTCATA-1,7
s2-adt-GTTGCCACGACAAGAA-1,5
s2-adt-GTTGCTACGTCTTAAT-1,5
s2-adt-GTTGCTTGCAATCACT-1,7
s2-adt-GTTGGCGTGAGCGACC-1,2
s2-adt-GTTGGTCCGCCAATCT-1,8
s2-adt-GTTGTCCTGTGATGTA-1,3
s2-adt-GTTGTCGTAATATGGA-1,4
s2-adt-TAACAGCAGGCCTTAC-1,7
s2-adt-TAACAGGAACCGACAA-1,0
s2-adt-TAACAGGTCCATACCA-1,1
s2-adt-TAACATGCGTGCGAAC-1,1
s2-adt-TAACATGGCCACCTCC-1,6
s2-adt-TAACCAAGGTGCTCTA-1,0
s2-adt-TAACCGGATGGACAGG-1,3
s2-adt-TAACCGTACCATCCTG-1,4
s2-adt-TAACCTTGAGACTTCG-1,9
s2-adt-TAACGAATCCTAGATA-1,0
s2-adt-TAACGAATGCTCCAAT-1,4
s2-adt-TAACGACCTTGCCTAT-1,5
s2-adt-TAACGAGCCGAAGGTC-1,3
s2-adt-TAACGAGCGTCTGGCC-1,7
s2-adt-TAACGAGTTGCCAACC-1,0
s2-adt-TAACGCATTGGTCCAA-1,8
s2-adt-TAACGCGTAATATGGC-1,8
s2-adt-TAACGCGTCAAGCGTT-1,0
s2-adt-TAACGCGTCCTACAAC-1,5
s2-adt-TAACGCTCATACGGCA-1,0
s2-adt-TAACGCTTATGCCATA-1,1
s2-adt-TAACGCTTCGGCACTT-1,3
s2-adt-TAACGTCACTATAATC-1,2
s2-adt-TAACGTGATTCACTAG-1,8
s2-adt-TAACGTGCCATAGTTA-1,3
s2-adt-TAACGTTGCGTCGATG-1,7
s2-adt-TAACTCCAACATGGAC-1,7
s2-adt-TAACTTGCACGGCGGA-1,9
s2-adt-TAAGAACAGGTGTAAC-1,5
s2-adt-TAAGAATATGAGATAG-1,1
s2-adt-TAAGACCGAGTGAACA-1,2
s2-adt-TAAGATTAGATATTCC-1,4
s2-adt-TAAGATTGAGATTACA-1,1
s2-adt-TAAGATTGCTCACTTC-1,0
s2-adt-TAAGCAAGTAATGTGG-1,5
s2-adt-TAAGCACGAGACCTAC-1,0
s2-adt-TAAGCAGTAGATACTC-1,8
s2-adt-TAAGCCACAATTGCCT-1,6
s2-adt-TAAGCCTGGCTTCAGT-1,8
s2-adt-TAAGCCTGTAGCGTCC-1,3
s2-adt-TAAGCTCCTTCACGCC-1,9
s2-adt-TAAGGACGCCTGGTTG-1,6
s2-adt-TAAGGATCTGAAGATA-1,5
s2-adt-TAAGGATTGGAAGTGG-1,3
s2-adt-TAAGGTATGAATGCTA-1,1
s2-adt-TAAGGTCCGTGACCGT-1,8
s2-adt-TAAGTGGCCGCTCACC-1,2
s2-adt-TAATACCATTCTAGAT-1,4
s2-adt-TAATACCGTTAATTGC-1,1
s2-adt-TAATAGCGCTGTACTC-1,8
s2-adt-TAATCGACATTGTTGG-1,2
s2-adt-TAATCGCAATGTAATA-1,0
s2-adt-TAATCTGATAAGATGT-1,9
s2-adt-TAATGACGAAGCGGCT-1,0
s2-adt-TAATGATCCGGTTATT-1,0
s2-adt-TAATGATCTACTAACC-1,0
s2-adt-TAATGTGCACGATCTG-1,0
s2-adt-TAATTAAGGAGTACTG-1,9
s2-adt-TAATTACCGGTGCGAG-1,8
s2-adt-TAATTAGCTCGATTGT-1,3
s2-adt-TAATTCCTGCAGAAGG-1,7
s2-adt-TAATTGACGTCGTTCC-1,9
s2-adt-TAATTGATTCTGTCGC-1,5
s2-adt-TACAACGGACGGCTCA-1,1
s2-adt-TACAAGCAGATCGTTG-1,0
s2-adt-TACAAGCGCCTCTACA-1,1
s2-adt-TACAAGCGGAAGTACG-1,6
s2-adt-TACAAGGTCGACAAGT-1,7
s2-adt-TACAAGTGTCTGTCCG-1,6
s2-adt-TACACCAGTGCCGACA-1,0
s2-adt-TACACCTCGTACTCCA-1,0
s2-adt-TACACCTTGCGGCAGG-1,6
s2-adt-TACACTCAGTAGAATG-1,0
s2-adt-TACACTGCAGGTTAGA-1,1
s2-adt-TACACTGCGTCCGGAC-1,2
s2-adt-TACACTGTAGTCAACG-1,5
s2-adt-TACACTGTCGAACCAA-1,6
s2-adt-TACACTTCGAGGTGAC-1,0
s2-adt-TACACTTCGCACCGAT-1,0
s2-adt-TACAGTACTTAGTGTA-1,3
s2-adt-TACAGTCTCGGCACGG-1,4
s2-adt-TACATAGCAGACCAAG-1,4
s2-adt-TACATATGCACCAGTG-1,0
s2-adt-TACATCGGACAACTGG-1,2
s2-adt-TACATCGTCAGCGGTT-1,8
s2-adt-TACATCTAACATGTCC-1,0
s2-adt-TACATTGAATACGATC-1,4
s2-adt-TACATTGAATGAACGT-1,7
s2-adt-TACATTGACTGAGTCC-1,7
s2-adt-TACCAGACAACCTCAG-1,6
s2-adt-TACCATCTCGGCCGAA-1,7
s2-adt-TACCATTGTCCGCCTT-1,4
s2-adt-TACCTCAGCGGTTGAT-1,4
s2-adt-TACCTCAGGCAACAGA-1,1
s2-adt-TACCTGCGGTTGTCCT-1,8
s2-adt-TACCTGTTAACGGCCT-1,5
s2-adt-TACGACCGAGCGCAAC-1,0
s2-adt-TACGACGCGATTCAAG-1,2
s2-adt-TACGACGTCTCATATT-1,2
s2-adt-TACGACTCTGAACACT-1,5
s2-adt-TACGACTGATAATCGC-1,4
s2-adt-TACGAGATTGGTCTGT-1,0
s2-adt-TACGCCGGAGTTCTGA-1,1
s2-adt-TACGCCTTGCCGTGTT-1,0
s2-adt-TACGCTCCGGTTGGTA-1,3
s2-adt-TACGGAACAGACGCGG-1,0
s2-adt-TACGGAATACTCGTTC-1,1
s2-adt-TACGGAATTGAACCAA-1,3
s2-adt-TACGGAGGAAGCACCT-1,2
s2-adt-TACGGATCAGCCATCC-1,0
s2-adt-TACGGATCCTTGCGAT-1,2
s2-adt-TACGGCCTTGTAGGAG-1,0
s2-adt-TACGGTAGTTGCGTGA-1,5
s2-adt-TACGGTTAATGTACTA-1,1
s2-adt-TACGTAATCTAGTAAG-1,7
s2-adt-TACGTACACCTTAAGC-1,3
s2-adt-TACGTATCGAGGTTGT-1,3
s2-adt-TACGTGGAGGCATGGC-1,5
s2-adt-TACGTGGCATCATATG-1,9
s2-adt-TACGTGTACATCCGTG-1,5
s2-adt-TACGTTACTGGTAGCG-1,4
s2-adt-TACTAGGATCAATGGC-1,3
s2-adt-TACTAGTACCGGATGG-1,6
s2-adt-TACTATGTTGAATCTT-1,3
s2-adt-TACTCACTACTCACTC-1,0
s2-adt-TACTCCGAAGTAGAAT-1,1
s2-adt-TACTCCGCCAATACAA-1,3
s2-adt-TACTCCTACATCAACT-1,8
s2-adt-TACTCCTGAAGGATTA-1,4
s2-adt-TAGAATTCAACGTGGC-1,5
s2-adt-TAGACAATACTGGAAG-1,4
s2-adt-TAGACACCGGCGTCAA-1,0
s2-adt-TAGACAGGAGATCATT-1,1
s2-adt-TAGACAGTTCAGATTA-1,0
s2-adt-TAGACATACGTCTAAT-1,6
s2-adt-TAGACATGGTTAGGTC-1,8
s2-adt-TAGACCAGGATATCGG-1,5
s2-adt-TAGACCATCGATTGAG-1,3
s2-adt-TAGACCATTGCTTAGA-1,5
s2-adt-TAGACCGAAGCAGAGC-1,1
s2-adt-TAGACCGCGGAAGGAC-1,0
s2-adt-TAGACCGGCCAGTACG-1,0
s2-adt-TAGACCTGAGGAGCTG-1,0
s2-adt-TAGAGCAGACAGTCCA-1,0
s2-adt-TAGAGGCGATTGATTC-1,8
s2-adt-TAGATGAGCCGTCATT-1,9
s2-adt-TAGATGCGTGCCAGCG-1,0
s2-adt-TAGATGGCTGTATGCC-1,1
s2-adt-TAGATGTCGAGGCCAG-1,3
s2-adt-TAGCAATACTCGAACA-1,4
s2-adt-TAGCAATTATGGACCG-1,3
s2-adt-TAGCAGTCGTCATGAA-1,0
s2-adt-TAGCAGTGATTCTGTC-1,0
s2-adt-TAGCCGCAATACCTGC-1,6
s2-adt-TAGCGTACCTTGACAT-1,1
s2-adt-TAGCGTACGGAGCGCC-1,4
s2-adt-TAGCGTATAGCGCTAA-1,1
s2-adt-TAGCGTCACGACAGGC-1,6
s2-adt-TAGCGTCTCGGTCTAT-1,4
s2-adt-TAGCGTTATGACCTCC-1,4
s2-adt-TAGCTACCATACTGCT-1,2
s2-adt-TAGCTACCTGTAGGAT-1,0
s2-adt-TAGCTAGAAGCGATCA-1,3
s2-adt-TAGCTAGAGCACGCCG-1,5
s2-adt-TAGCTAGAGGCCTGAA-1,2
s2-adt-TAGCTATGTTGAGCAC-1,4
s2-adt-TAGCTCGAATCGTCCG-1,1
s2-adt-TAGCTTAAGCTGGCGT-1,0
s2-adt-TAGGACATCAGCATGG-1,8
s2-adt-TAGGACGGCCAGCCGA-1,1
s2-adt-TAGGACTTCATGTTAT-1,5
s2-adt-TAGGAGCCAGACTCAG-1,4
s2-adt-TAGGAGGCGTATTGCC-1,7
s2-adt-TAGGATGCACCGTTCA-1,2
s2-adt-TAGGCATCGGAGCCTC-1,0
s2-adt-TAGGCATCTGCGGACC-1,8
s2-adt-TAGGCGAGCGATCGGT-1,0
s2-adt-TAGGCGCATATCTAAC-1,2
s2-adt-TAGGCTCCGGCATACA-1,8
s2-adt-TAGGCTTATCTAGCTC-1,9
s2-adt-TAGGTCTACTCGTGAA-1,6
s2-adt-TAGGTCTGCCTCTGTA-1,6
s2-adt-TAGGTCTTGGCTCGTC-1,8
s2-adt-TAGTAAGCGGTGGATA-1,5
s2-adt-TAGTATAACCTCGACA-1,6
s2-adt-TAGTATCCAATTACGT-1,0
s2-adt-TAGTATTGCCGAGTTG-1,0
s2-adt-TAGTCACTGGATAGGC-1,1
s2-adt-TAGTGAACATGCAGAT-1,3
s2-adt-TAGTGAATGTTCAGTG-1,2
s2-adt-TAGTGACCAGTTGCGG-1,4
s2-adt-TAGTGACCGTCGATTA-1,0
s2-adt-TAGTGACTCAATTGCT-1,3
s2-adt-TAGTGACTCGCTCCGC-1,3
s2-adt-TAGTGAGGACATGTTG-1,8
s2-adt-TAGTGAGGTATCGACC-1,0
s2-adt-TAGTGATGACTCCTGG-1,8
s2-adt-TAGTGCACATAGTCTG-1,4
s2-adt-TAGTGCACTATTGTCA-1,0
s2-adt-TAGTGCAGCTGGCGTC-1,4
s2-adt-TAGTGCAGTGCGGTAG-1,3
s2-adt-TAGTGCGTGGAGAAGT-1,4
s2-adt-TAGTGCTGTAGCGTTG-1,7
s2-adt-TAGTGGTTGAACCAAT-1,6
s2-adt-TAGTTACATAGAAGAT-1,0
s2-adt-TAGTTCAATCGACCTC-1,0
s2-adt-TAGTTCCGATAGAATC-1,1
s2-adt-TAGTTCGAATTAGCGG-1,2
s2-adt-TAGTTCGAGTAGGAAG-1,3
s2-adt-TAGTTCGATCCTCACG-1,5
s2-adt-TAGTTGAGCCAGCCAG-1,7
s2-adt-TAGTTGAGTTCTGCAC-1,5
s2-adt-TAGTTGGCTTAGGCCT-1,6
s2-adt-TATCAACGAATATGAG-1,2
s2-adt-TATCAAGGCCGCGTGG-1,1
s2-adt-TATCAAGGCTCGTCGG-1,9
s2-adt-TATCAATCGCCGAGTG-1,7
s2-adt-TATCAATGCCGCTCAC-1,6
s2-adt-TATCACATAGCGAACT-1,1
s2-adt-TATCACCGGCATCGTG-1,0
s2-adt-TATCACTTCGAGCCGT-1,0
s2-adt-TATCATGGATGTTGCC-1,1
s2-adt-TATCCAAGCGCCGTAG-1,1
s2-adt-TATCCAATACCGCAAT-1,9
s2-adt-TATCCACTTGCGTATC-1,1
s2-adt-TATCCGATCTTGGCGG-1,4
s2-adt-TATCCTGCGGTTGATC-1,0
s2-adt-TATCTAGTCGCATGCA-1,6
s2-adt-TATCTAGTGAATGATC-1,1
s2-adt-TATCTAGTGCCATATT-1,6
s2-adt-TATGAACTACGCGGTG-1,0
s2-adt-TATGAAGCGACCGTCC-1,2
s2-adt-TATGACAATGCTTGAA-1,8
s2-adt-TATGACAGCGAGAAGC-1,3
s2-adt-TATGACCGATGAAGTG-1,0
s2-adt-TATGACGCGTATGTCG-1,8
s2-adt-TATGACGGAGATTGGC-1,3
s2-adt-TATGACTCAATGATCG-1,4
s2-adt-TATGAGCGATCCATTA-1,0
s2-adt-TATGAGGATCTACTGG-1,2
s2-adt-TATGAGTTCCGAGTGA-1,6
s2-adt-TATGCCACAGCCGGTG-1,7
s2-adt-TATGCTCCTGGTTAGT-1,4
s2-adt-TATGGAGTTCTACGGC-1,4
s2-adt-TATGGATATGGTGCGA-1,9
s2-adt-TATGGCAGTTCGTCTA-1,1
s2-adt-TATGGCCATAATAGAC-1,0
s2-adt-TATGGCCGGCGACACT-1,3
s2-adt-TATGGCCTCACGTACA-1,0
s2-adt-TATGTAGAGCTGATCA-1,1
s2-adt-TATGTCATAAGCGTCG-1,5
s2-adt-TATGTCGAGGTTGAAG-1,0
s2-adt-TATGTTGCAGTCTAGG-1,1
s2-adt-TATGTTGGTAGGTCGT-1,1
s2-adt-TATGTTGGTCCAGTGA-1,3
s2-adt-TATTAACTTCCGCTCA-1,1
s2-adt-TATTAAGCAGCGCCGG-1,5
s2-adt-TATTAATAGAATGGCA-1,7
s2-adt-TATTAATATGTCGACT-1,5
s2-adt-TATTCCGGTTGTTAAT-1,7
s2-adt-TATTCGACAACCGTGA-1,5
s2-adt-TATTCGACATTACTAT-1,5
s2-adt-TATTCGGTGGAGATTC-1,3
s2-adt-TATTCGTGCGTTCTGG-1,4
s2-adt-TATTCGTTAACAGGCA-1,4
s2-adt-TATTCGTTAATGCTCC-1,4
s2-adt-TATTCGTTATCGCCTG-1,7
s2-adt-TATTCTAAGGCTCATC-1,2
s2-adt-TATTCTAGAATCGGAC-1,5
s2-adt-TATTCTCAGCGGCTGG-1,0
s2-adt-TATTCTCCTATGATGG-1,1
s2-adt-TATTGAATCCGACTAA-1,2
s2-adt-TATTGAATGAATGTGG-1,2
s2-adt-TATTGATCGTGATCTT-1,2
s2-adt-TATTGATCTACTTCGG-1,5
s2-adt-TCAACAATGGAGGCCT-1,3
s2-adt-TCAACACCAATCATTA-1,3
s2-adt-TCAACAGGACAGCAAC-1,8
s2-adt-TCAACAGGCCATGCCG-1,4
s2-adt-TCAACATGGATACAAC-1,5
s2-adt-TCAACCGGAGACCTCG-1,8
s2-adt-TCAAGGAACCTATTGC-1,0
s2-adt-TCAAGGACGTTAGGAG-1,1
s2-adt-TCAAGGCAACGCGGCT-1,6
s2-adt-TCAAGGCCATAGCCTG-1,4
s2-adt-TCAAGGTACACGAAGA-1,0
s2-adt-TCAAGGTATCAACTTA-1,8
s2-adt-TCAAGGTCTGAATATG-1,1
s2-adt-TCAAGTGATGGTTAAT-1,5
s2-adt-TCAATATTCCGGTTAG-1,9
s2-adt-TCAATATTCGACAAGA-1,4
s2-adt-TCAATTAATAGAACCT-1,5
s2-adt-TCACAAGATGACTCGA-1,1
s2-adt-TCACAAGCTCGAGGCA-1,2
s2-adt-TCACAAGGAGAACAAG-1,5
s2-adt-TCACAGCACCAAGGTT-1,6
s2-adt-TCACATAAGCGTTGCC-1,0
s2-adt-TCACATAGACCTCCGT-1,0
s2-adt-TCACATCCTGTCGCGG-1,0
s2-adt-TCACATCCTTCTCAGT-1,2
s2-adt-TCACATTGTCGGTGAC-1,0
s2-adt-TCACCATAGATTGTTA-1,1
s2-adt-TCACCGTTGCTAATGG-1,1
s2-adt-TCACGACATCAGAAGG-1,0
s2-adt-TCACGATACCTAGCCA-1,3
s2-adt-TCACGCTATCCACTAC-1,5
s2-adt-TCACTACGACTCTGCG-1,6
s2-adt-TCACTCCGCTCACTGG-1,5
s2-adt-TCAGAATCGATATCAT-1,2
s2-adt-TCAGAATCTAATAGTC-1,2
s2-adt-TCAGACCGGCCTGCTC-1,7
s2-adt-TCAGATTACCAGGTTA-1,0
s2-adt-TCAGCGCCTAGTCTTA-1,7
s2-adt-TCAGCGTGACCTTACC-1,0
s2-adt-TCAGCTACCAACTCCG-1,0
s2-adt-TCAGCTAGGATGTACT-1,1
s2-adt-TCAGCTATTAATCGCT-1,1
s2-adt-TCAGCTCGCCAGGATG-1,1
s2-adt-TCAGGAGCAACGGTCG-1,2
s2-adt-TCAGGATACACTACAA-1,0
s2-adt-TCAGTATGTAGGACAA-1,8
s2-adt-TCAGTCAGCGATCAGA-1,0
s2-adt-TCAGTCATTGCAAGTG-1,5
s2-adt-TCAGTCCAACGGAAGT-1,0
s2-adt-TCAGTCGAAGTATCTA-1,4
s2-adt-TCAGTCGCCAAGGTTG-1,0
s2-adt-TCAGTCGTGCCGGCAG-1,8
s2-adt-TCAGTGAAGAGTTCTA-1,9
s2-adt-TCAGTTCAGAATCTCG-1,1
s2-adt-TCAGTTCTCCGGACCG-1,8
s2-adt-TCAGTTGACAGTGCCA-1,0
s2-adt-TCAGTTGCTAAGCCTA-1,7
s2-adt-TCATAGCTTCCAGTAC-1,1
s2-adt-TCATAGGTAGTGACGA-1,5
s2-adt-TCATAGGTATTGCGTG-1,8
s2-adt-TCATAGGTGAGTCGAC-1,6
s2-adt-TCATAGTAGACTCATA-1,7
s2-adt-TCATCCACGTGGTCAC-1,0
s2-adt-TCATCCATGCCAAGCG-1,9
s2-adt-TCATCGCTGTGCAACA-1,3
s2-adt-TCATCGGCCTGTGCGG-1,8
s2-adt-TCATCGTTATGTATCT-1,0
s2-adt-TCATCTATCCACGATT-1,3
s2-adt-TCATCTCCAACCACCT-1,1
s2-adt-TCATCTCCAGCCGGTG-1,8
s2-adt-TCATCTGCCGCTATTC-1,6
s2-adt-TCATCTTCCACGTATG-1,0
s2-adt-TCATCTTCGACACCGT-1,3
s2-adt-TCATGAGGCTTGACGC-1,3
s2-adt-TCATGAGGTTGATATG-1,0
s2-adt-TCATGAGTAAGACATC-1,7
s2-adt-TCATGATTCTGATACT-1,7
s2-adt-TCATTACGGCACAGTA-1,4
s2-adt-TCATTCACGCGAGCTC-1,7
s2-adt-TCATTCACTGTAATGG-1,6
s2-adt-TCATTGATAGACTTGC-1,8
s2-adt-TCATTGATAGGTGGAA-1,0
s2-adt-TCATTGGCGACCGACG-1,2
s2-adt-TCATTGTTCAATGCGT-1,8
s2-adt-TCCAACGAAGATGCTT-1,3
s2-adt-TCCAACGTGGTTGTTC-1,3
s2-adt-TCCAACTAAGACTCCA-1,1
s2-adt-TCCAACTGAATAAGGT-1,1
s2-adt-TCCAACTGCCGCCATA-1,1
s2-adt-TCCAACTGGCTGAAGA-1,6
s2-adt-TCCAAGACCGCTTGAT-1,1
s2-adt-TCCAATAACGTGCTAG-1,9
s2-adt-TCCAATACTATCTGTT-1,8
s2-adt-TCCAATCCAGATACAT-1,0
s2-adt-TCCAATCTAACACGCA-1,0
s2-adt-TCCAATGCAAGTATCT-1,4
s2-adt-TCCAATTAGCAATCAA-1,8
s2-adt-TCCAATTGGTTACAGT-1,5
s2-adt-TCCACCAAGTGACGAA-1,5
s2-adt-TCCACGCTGAGTACTT-1,4
s2-adt-TCCAGATCTTCGCTTA-1,4
s2-adt-TCCAGTACCGAGCGCA-1,5
s2-adt-TCCAGTACGTGCTATG-1,1
s2-adt-TCCAGTCACGGTGGCT-1,4
s2-adt-TCCAGTCAGTACATTA-1,1
s2-adt-TCCAGTGATGCGTATC-1,0
s2-adt-TCCAGTGATTGGTGCT-1,1
s2-adt-TCCATCGGCTAGACGA-1,5
s2-adt-TCCATGATGTGATCAA-1,0
s2-adt-TCCATGCGTCCACCAG-1,6
s2-adt-TCCATGCGTCGGTTAC-1,3
s2-adt-TCCATGTCGGACCGAC-1,0
s2-adt-TCCGAACATAGTCTGA-1,6
s2-adt-TCCGAACCTCAACCAT-1,1
s2-adt-TCCGAATACCGAATAG-1,4
s2-adt-TCCGAATACTCGCTGG-1,0
s2-adt-TCCGAATAGAAGCACC-1,6
s2-adt-TCCGAATCATGTTGTC-1,3
s2-adt-TCCGAATCGCAGGTTC-1,1
s2-adt-TCCGAGTACGACTTAG-1,3
s2-adt-TCCGATGCGTATCCGG-1,8
s2-adt-TCCGCCAACATTGCTC-1,1
s2-adt-TCCGCCAAGGTCCGTT-1,2
s2-adt-TCCGCCAGTGATTAAT-1,2
s2-adt-TCCGCCGGTCTATTCA-1,3
s2-adt-TCCGCCTTGTTCTGAT-1,3
s2-adt-TCCGGCTATGCTCAGT-1,3
s2-adt-TCCGGCTCTATGGACA-1,6
s2-adt-TCCGGTACGTGGCCTC-1,1
s2-adt-TCCGGTTCCGTTCTAG-1,3
s2-adt-TCCGTCATAAGATGAC-1,4
s2-adt-TCCGTCCACTCGGAGC-1,9
s2-adt-TCCGTCGGTACAAGTT-1,3
s2-adt-TCCGTGTCTTACATAA-1,8
s2-adt-TCCGTGTTCTGTTCTG-1,0
s2-adt-TCCGTTGGAGCTCACT-1,6
s2-adt-TCCTAAGCGGTTCATC-1,8
s2-adt-TCCTAATTGCGGCCTG-1,2
s2-adt-TCCTAATTGCTCAACG-1,9
s2-adt-TCCTACAAGCTCGAAC-1,1
s2-adt-TCCTACCGATCGTGGC-1,5
s2-adt-TCCTACCGGTTCCTAG-1,3
s2-adt-TCCTAGGTATCTGATG-1,1
s2-adt-TCCTATCCTCGAATCA-1,4
s2-adt-TCCTATCCTGTCAATA-1,7
s2-adt-TCCTATGAGGATTGTT-1,8
s2-adt-TCCTATTGACTGTTGA-1,8
s2-adt-TCCTCAATGAGGAACG-1,2
s2-adt-TCCTCACGTGTAGACG-1,0
s2-adt-TCCTCAGTCGGATGCG-1,0
s2-adt-TCCTCATCGTGCTGGA-1,0
s2-adt-TCCTCATGGCACCGTT-1,3
s2-adt-TCCTGAAGCGTGCACT-1,1
s2-adt-TCCTGACACTTCACGG-1,0
s2-adt-TCCTGATAAGTGCCGT-1,2
s2-adt-TCCTGCCGTGTCTAAG-1,3
s2-adt-TCCTGGTGGCAATAGC-1,1
s2-adt-TCCTTACTCGCAATGA-1,9
s2-adt-TCCTTCCAACCGCAAC-1,4
s2-adt-TCCTTGAACAGGACCA-1,3
s2-adt-TCCTTGGCTCAAGAGT-1,1
s2-adt-TCGAATCTTGCGTTAC-1,1
s2-adt-TCGAATGGTTCCACGC-1,5
s2-adt-TCGAATTAGTTACTCC-1,1
s2-adt-TCGAATTGTACACTAT-1,2
s2-adt-TCGACCTGCAGCTCAG-1,4
s2-adt-TCGACGAAGAGCAAGT-1,6
s2-adt-TCGAGTGGTAGGTCAC-1,1
s2-adt-TCGATATTAGACATAC-1,1
s2-adt-TCGATCCAGTCTGTAG-1,2
s2-adt-TCGATCGCACCTAATC-1,5
s2-adt-TCGATCGTTGTCTGAA-1,4
s2-adt-TCGATCTAATGTTAGT-1,0
s2-adt-TCGATCTAGCCGATTC-1,1
s2-adt-TCGCAATAGTGACGCA-1,5
s2-adt-TCGCACCTCATGTCAG-1,4
s2-adt-TCGCACTCTTGGACAG-1,0
s2-adt-TCGCACTGCTGTGCTC-1,2
s2-adt-TCGCACTGTACGGCGA-1,3
s2-adt-TCGCACTTACTGAAGT-1,1
s2-adt-TCGCACTTGGTCCGTC-1,0
s2-adt-TCGCCGTATCATGCTT-1,5
s2-adt-TCGCCGTTCGCCACAG-1,4
s2-adt-TCGCCTAGATAATTAA-1,0
s2-adt-TCGCCTATCGACTCCT-1,2
s2-adt-TCGCCTGACGGCCACT-1,1
s2-adt-TCGCCTGCGTGCGTGG-1,0
s2-adt-TCGCCTGGTGGATTCT-1,0
s2-adt-TCGCGGAGTACAACCA-1,7
s2-adt-TCGCGGAGTTAGACTT-1,3
s2-adt-TCGCGGTAGTATGATC-1,4
s2-adt-TCGCTTACTCGCAAGT-1,7
s2-adt-TCGCTTGTTCCAGTTG-1,5
s2-adt-TCGGAACGTCTGCAAG-1,0
s2-adt-TCGGAATCAGCCTAAC-1,0
s2-adt-TCGGACATTCTATGAG-1,2
s2-adt-TCGGACCAGGATCGCC-1,6
s2-adt-TCGGACGGCCGAGGAA-1,5
s2-adt-TCGGACGTTGCCTCAG-1,4
s2-adt-TCGGACTGCCACCTCC-1,2
s2-adt-TCGGAGCGTTACCTCG-1,5
s2-adt-TCGGAGTGGTACTTGC-1,3
s2-adt-TCGGAGTTGTCTTGTT-1,0
s2-adt-TCGGCACTGGCGCCGA-1,7
s2-adt-TCGGCGACCTCGCTGA-1,7
s2-adt-TCGGCGCAGAATGTCT-1,2
s2-adt-TCGGCGCAGATAGATA-1,8
s2-adt-TCGGCGCTATCACGTG-1,4
s2-adt-TCGGTAATAGCGGTTC-1,0
s2-adt-TCGGTAATTACGTGGA-1,1
s2-adt-TCGGTAGGCATCACGC-1,1
s2-adt-TCGGTATCGTAATTGG-1,5
s2-adt-TCGGTGATCGCCGGCC-1,1
s2-adt-TCGGTGTCTAACCAAG-1,6
s2-adt-TCGTAAGGCGTTCAGG-1,0
s2-adt-TCGTATACAAGACGAG-1,5
s2-adt-TCGTATAGGAGCCTAT-1,0
s2-adt-TCGTATCAACAGCACC-1,4
s2-adt-TCGTATCACGTTATGA-1,3
s2-adt-TCGTATCCTGATGCAA-1,4
s2-adt-TCGTATCGGTCTCCTT-1,0
s2-adt-TCGTATGCCGGACGTT-1,3
s2-adt-TCGTATGTCGTGCCTA-1,0
s2-adt-TCGTATTAGATCCGGT-1,8
s2-adt-TCGTATTCTGAGTGGC-1,3
s2-adt-TCGTCAAGCCTAATCT-1,7
s2-adt-TCGTCACGATGTTCGA-1,9
s2-adt-TCGTCAGAACAGCCAG-1,2
s2-adt-TCGTCCAGCATGGCTT-1,8
s2-adt-TCGTGCCTCGGTAGTT-1,6
s2-adt-TCGTTAGCCAGGCCAG-1,0
s2-adt-TCGTTAGCTTACTCAT-1,4
s2-adt-TCTAACAAGCCAATCC-1,8
s2-adt-TCTAACCGTGCTAGCT-1,6
s2-adt-TCTAACTCTATGTTCT-1,4
s2-adt-TCTACAACTGGAACTT-1,6
s2-adt-TCTACACTAATTACTC-1,1
s2-adt-TCTACACTGAGCTTCT-1,7
s2-adt-TCTACAGCACGTCCGA-1,0
s2-adt-TCTACAGGTACGCAGT-1,2
s2-adt-TCTACATGAACTATAC-1,8
s2-adt-TCTACATGAATCTGAT-1,1
s2-adt-TCTACATGTCCGACTT-1,2
s2-adt-TCTACATTGGAGTAAT-1,0
s2-adt-TCTACTATGCTAGCTC-1,6
s2-adt-TCTACTCCGACTCGGC-1,0
s2-adt-TCTACTCGAGCAGAGG-1,7
s2-adt-TCTACTGTCTCAATGA-1,1
s2-adt-TCTACTTAGGTTCTTA-1,2
s2-adt-TCTACTTAGTATTAGT-1,7
s2-adt-TCTACTTCACCGTGGA-1,3
s2-adt-TCTAGAACTTCTTGCA-1,3
s2-adt-TCTAGAATTGCGGTTG-1,6
s2-adt-TCTAGAGTCTCCACGC-1,5
s2-adt-TCTAGATAAGGTTAGC-1,3
s2-adt-TCTAGCTTATTCGCCA-1,7
s2-adt-TCTAGGCGGAAGGCAC-1,1
s2-adt-TCTATCCGTGTTGCCA-1,6
s2-adt-TCTATGATCGGTGCCT-1,1
s2-adt-TCTATTCCTTCCGGAA-1,5
s2-adt-TCTATTCTGCATTGGC-1,3
s2-adt-TCTGAGCGTAATTGTC-1,5
s2-adt-TCTGAGTCAGATCTTG-1,1
s2-adt-TCTGATCATAATGATT-1,7
s2-adt-TCTGCAAGGACGGCAA-1,2
s2-adt-TCTGCAATTCACAAGA-1,5
s2-adt-TCTGCCTGGATGTCAG-1,0
s2-adt-TCTGCGCTTGCAGATA-1,4
s2-adt-TCTGCGTGCTATTCTA-1,1
s2-adt-TCTGCGTGCTTCAGAC-1,1
s2-adt-TCTGCGTTAGATAGGT-1,8
s2-adt-TCTGGACGCTAAGACA-1,0
s2-adt-TCTGGATATTAACCTA-1,0
s2-adt-TCTGGTATCTGTAGCC-1,9
s2-adt-TCTGGTCCTCCACTGT-1,8
s2-adt-TCTGTACCTCACTCGC-1,4
s2-adt-TCTGTACGCTGTCCTC-1,0
s2-adt-TCTGTCACCGTTAATA-1,6
s2-adt-TCTTACATTACTTCGC-1,1
s2-adt-TCTTACCGCTCGTATG-1,1
s2-adt-TCTTACGAATCAGTGC-1,8
s2-adt-TCTTACGAGGAATAAG-1,8
s2-adt-TCTTACGAGGCCGACA-1,6
s2-adt-TCTTACGGCCGCAACA-1,3
s2-adt-TCTTACTCTGTATGCG-1,3
s2-adt-TCTTACTGAGACTAGT-1,0
s2-adt-TCTTAGATGCCTCCGA-1,2
s2-adt-TCTTAGGCGACAGTCA-1,0
s2-adt-TCTTAGTCGCGGCAGA-1,0
s2-adt-TCTTAGTCGTCTCGGC-1,2
s2-adt-TCTTAGTCTGCCATCA-1,0
s2-adt-TCTTCGAACAGCGTTA-1,3
s2-adt-TCTTCGAATTGTATAC-1,3
s2-adt-TCTTCGCCATTCGAAT-1,8
s2-adt-TCTTCGTCAGACCAGG-1,6
s2-adt-TCTTGAGTCATTATAC-1,8
s2-adt-TCTTGCACCAATCTAT-1,5
s2-adt-TCTTGCACGGTGAGCC-1,9
s2-adt-TCTTGCACGTCTAATG-1,7
s2-adt-TCTTGCACTATTCAGA-1,2
s2-adt-TCTTGCACTGGTGCTC-1,5
s2-adt-TCTTGCAGACTGCGAG-1,0
s2-adt-TCTTGCCATCGTTGTA-1,0
s2-adt-TCTTGCCGGCAGTCTA-1,1
s2-adt-TCTTGCGGCCTTAGTG-1,4
s2-adt-TCTTGCTCCGTCGGCA-1,2
s2-adt-TCTTGCTGTCCTAGGC-1,6
s2-adt-TCTTGTTATTCTTGAT-1,5
s2-adt-TGAACGGACACGTATC-1,1
s2-adt-TGAACGGATCTGGTAC-1,3
s2-adt-TGAACGGATTCAAGTT-1,7
s2-adt-TGAAGATACAATCTGC-1,3
s2-adt-TGAAGCACCGTCATGA-1,0
s2-adt-TGAAGTATGATCGTGC-1,1
s2-adt-TGAATGCGGTTATGGA-1,2
s2-adt-TGAATGGTGCTTCGAT-1,0
s2-adt-TGAATGTACCTTCGTC-1,6
s2-adt-TGAATGTTGACATCGT-1,0
s2-adt-TGAATTATGCCGCAGT-1,2
s2-adt-TGAATTCGTGGTATAA-1,6
s2-adt-TGACAGTACTATTCTA-1,5
s2-adt-TGACATTACAACGCCG-1,2
s2-adt-TGACCAACAGATAGGT-1,8
s2-adt-TGACCAAGCTGCACAT-1,0
s2-adt-TGACCAAGTAAGGACC-1,9
s2-adt-TGACCAATCAGCCACG-1,0
s2-adt-TGACCAGCACTCCAGC-1,0
s2-adt-TGACCAGGCTCATGCA-1,6
s2-adt-TGACCAGGTATGACCT-1,0
s2-adt-TGACCATCCATCTGCT-1,7
s2-adt-TGACCATGTACACTCA-1,2
s2-adt-TGACCTCCTTCAGATT-1,1
s2-adt-TGACCTGTCTATCTCG-1,5
s2-adt-TGACGCTCACCAAGCC-1,8
s2-adt-TGACGCTCGCGGTAGT-1,8
s2-adt-TGACGCTGCGATAGTA-1,6
s2-adt-TGACGCTTACTAGACA-1,8
s2-adt-TGACGGAGCGCTATAC-1,6
s2-adt-TGACTCCAAGTCTACC-1,1
s2-adt-TGACTCGGCCGACCGA-1,3
s2-adt-TGACTCTGCTCGCACG-1,3
s2-adt-TGACTTAATGCGTTGG-1,0
s2-adt-TGACTTCGGCGTAACA-1,2
s2-adt-TGACTTGCACTCACGG-1,6
s2-adt-TGAGACAAGGACGACC-1,3
s2-adt-TGAGACAGAAGTGCTC-1,2
s2-adt-TGAGACTATTGAATCT-1,1
s2-adt-TGAGATGCTCTAATGA-1,7
s2-adt-TGAGCATAGTCTTATT-1,0
s2-adt-TGAGCCGCGTGATCAT-1,2
s2-adt-TGAGGAATCCATAGAA-1,3
s2-adt-TGAGGACCACTGTTAC-1,4
s2-adt-TGAGGTAGGACTACTG-1,0
s2-adt-TGAGTAAGCGCAATCC-1,1
s2-adt-TGAGTATTCTAGGACT-1,6
s2-adt-TGAGTCGCCTCCGTCG-1,3
s2-adt-TGAGTGACCTACTCGT-1,7
s2-adt-TGAGTGAGATCGCTAA-1,0
s2-adt-TGAGTGAGGCACGCCT-1,1
s2-adt-TGAGTGCAGAGGACCA-1,0
s2-adt-TGAGTTGTCCTCGCTT-1,4
s2-adt-TGATAAGCAGTAAGAA-1,1
s2-adt-TGATAGGAGCATCAAC-1,1
s2-adt-TGATCCGCACTCCTTA-1,1
s2-adt-TGATCGGACCTGGATG-1,3
s2-adt-TGATGGATGATCACGG-1,9
s2-adt-TGATGGCCGGCATCGC-1,2
s2-adt-TGATGGCGCAGGCTAG-1,4
s2-adt-TGATGGCTGCGACGAT-1,3
s2-adt-TGATTAGAATGACATA-1,8
s2-adt-TGATTCAAGATCGAGC-1,4
s2-adt-TGATTCGTCTGGATCT-1,1
s2-adt-TGCAACAGTGAAGCTC-1,0
s2-adt-TGCAACGTTACCTGGT-1,8
s2-adt-TGCACCGGTCACCTCC-1,0
s2-adt-TGCACGAATGTACTAA-1,4
s2-adt-TGCACGAGTAGAGTTA-1,4
s2-adt-TGCACGAGTGTCAGCC-1,1
s2-adt-TGCACGCTCCTATCCG-1,0
s2-adt-TGCACGGCTGAGACTT-1,3
s2-adt-TGCACGGCTGGTAAGG-1,7
s2-adt-TGCACGTAGTTCGAAG-1,1
s2-adt-TGCACTCCAGCTACTC-1,6
s2-adt-TGCAGAAGCAGTAGGC-1,0
s2-adt-TGCAGACAATACTGTT-1,8
s2-adt-TGCAGACGAACCAGAT-1,3
s2-adt-TGCAGAGGTCGTAATT-1,3
s2-adt-TGCAGATGAGATCTAG-1,7
s2-adt-TGCAGTACAACGAGTG-1,0
s2-adt-TGCAGTCGAGCACCAA-1,1
s2-adt-TGCAGTTATTCCACTC-1,6
s2-adt-TGCATTAATGGCCACC-1,0
s2-adt-TGCATTCGCCAGCGAT-1,0
s2-adt-TGCATTCGCTACAATG-1,3
s2-adt-TGCATTCTTACGGAGG-1,3
s2-adt-TGCATTGCTGTCGGCG-1,1
s2-adt-TGCCAATCCATGTCTA-1,8
s2-adt-TGCCACAATGCTACCG-1,7
s2-adt-TGCCACCTATTACATT-1,7
s2-adt-TGCCACTATCAGGCAG-1,5
s2-adt-TGCCACTCAACCGGCC-1,6
s2-adt-TGCCACTTAAGTGATG-1,5
s2-adt-TGCCAGCTATTGTAGA-1,1
s2-adt-TGCCAGGATGAGGTTC-1,0
s2-adt-TGCCAGTGATTCGTGC-1,1
s2-adt-TGCCGAATCAAGCGTC-1,0
s2-adt-TGCCGAGTTAAGAACG-1,1
s2-adt-TGCCGGAACTTAGGCA-1,8
s2-adt-TGCCGGCATTATAGAT-1,9
s2-adt-TGCCTAAGTTAATTAT-1,1
s2-adt-TGCCTATCAATGCCAT-1,6
s2-adt-TGCCTATCGGCTATGT-1,2
s2-adt-TGCCTTAGGCGTCTAT-1,7
s2-adt-TGCGAACATATCGGCT-1,6
s2-adt-TGCGAATCCGGCTTGA-1,4
s2-adt-TGCGAATTCTCCGCAC-1,0
s2-adt-TGCGACTACGTGCGAG-1,3
s2-adt-TGCGAGCCAGACGAAT-1,7
s2-adt-TGCGATACGCCTCGCA-1,4
s2-adt-TGCGATGCAGGTGCGA-1,3
s2-adt-TGCGATGTGCCTTGGC-1,2
s2-adt-TGCGATTAGCTCCGCC-1,2
s2-adt-TGCGCCAGTAATGATC-1,0
s2-adt-TGCGCCGAACGGACTC-1,1
s2-adt-TGCGCCGATCGCGAAG-1,0
s2-adt-TGCGCCTCTTCGGCGA-1,9
s2-adt-TGCGCTCATAGAACGA-1,1
s2-adt-TGCGGACTCACGTGAT-1,0
s2-adt-TGCGGACTTAACTTCC-1,5
s2-adt-TGCGGACTTCTGTCGC-1,3
s2-adt-TGCGGATCATCCTAGA-1,4
s2-adt-TGCGGATCGGATCTTA-1,0
s2-adt-TGCGTATCTTGTACCG-1,0
s2-adt-TGCGTCTGGATCGGAT-1,0
s2-adt-TGCGTGTCAGCCAGTG-1,3
s2-adt-TGCGTGTCGGCGGATA-1,0
s2-adt-TGCGTTAGCACGTACC-1,9
s2-adt-TGCGTTATGTTCCGGA-1,1
s2-adt-TGCGTTGTATTGCCTG-1,7
s2-adt-TGCTACGCTGCGTGGA-1,4
s2-adt-TGCTACTTGTGGCTGG-1,8
s2-adt-TGCTATAATGTCGCTG-1,1
s2-adt-TGCTATCCATGTAATA-1,1
s2-adt-TGCTATCCTAAGACGA-1,4
s2-adt-TGCTATGGTTGCGACA-1,4
s2-adt-TGCTATTGCGGCGTGG-1,8
s2-adt-TGCTATTGTCAAGGAG-1,5
s2-adt-TGCTCCTAACGGAAGA-1,0
s2-adt-TGCTGTCAGAACGAAG-1,1
s2-adt-TGCTGTCTTGTTAATG-1,1
s2-adt-TGCTGTGAAGTCAAGA-1,2
s2-adt-TGCTTACTCACCGGTC-1,9
s2-adt-TGCTTAGCCTGTTGGT-1,8
s2-adt-TGCTTAGCTCCTGGCT-1,0
s2-adt-TGCTTAGTTGACTTAC-1,5
s2-adt-TGCTTATGAATAAGCA-1,9
s2-adt-TGCTTATGACGCTGGC-1,1
s2-adt-TGCTTATGCGGTTCTG-1,4
s2-adt-TGGAAGACGTGAGTAG-1,0
s2-adt-TGGAAGCCATAACAGT-1,0
s2-adt-TGGAAGCTCCATCGAC-1,1
s2-adt-TGGACGCCTGCGACCG-1,2
s2-adt-TGGACTGACGTACCAC-1,8
s2-adt-TGGACTGAGTACCTAG-1,8
s2-adt-TGGAGTCGGCAAGCTC-1,7
s2-adt-TGGAGTGAACGCGGTC-1,8
s2-adt-TGGAGTGATGGCTCTT-1,0
s2-adt-TGGAGTGCTCCTGATC-1,0
s2-adt-TGGATCATTGTAACGG-1,2
s2-adt-TGGATCCAGTCACTTC-1,7
s2-adt-TGGCAAGCGACACTTA-1,2
s2-adt-TGGCATCGATCAATTG-1,3
s2-adt-TGGCATGCGTTCACGC-1,0
s2-adt-TGGCATGTTCGAACAG-1,4
s2-adt-TGGCCAACATTCTGAG-1,0
s2-adt-TGGCCAAGCTGGCACC-1,3
s2-adt-TGGCCACTCCGCGGAC-1,5
s2-adt-TGGCCACTCCTGAGTG-1,9
s2-adt-TGGCCAGAGTATCTCC-1,9
s2-adt-TGGCCAGATCCGGACA-1,1
s2-adt-TGGCCGTCTATCAGGA-1,7
s2-adt-TGGCCTGACATACTCA-1,8
s2-adt-TGGCCTGGCACTGTGG-1,1
s2-adt-TGGCGACACTGCCGGA-1,8
s2-adt-TGGCGAGCCACTAGCG-1,0
s2-adt-TGGCGAGCTCCACGTG-1,4
s2-adt-TGGCTCACTCAATCAC-1,2
s2-adt-TGGCTCCGCATCAGAT-1,3
s2-adt-TGGCTGGACCTTAGGA-1,3
s2-adt-TGGTACAAGACACTGA-1,2
s2-adt-TGGTACAAGACCAATC-1,7
s2-adt-TGGTACCAATACTTAC-1,4
s2-adt-TGGTACCAGATTGTTA-1,0
s2-adt-TGGTACGGACGTAGTT-1,2
s2-adt-TGGTACGGTCGGCGAA-1,0
s2-adt-TGGTACTGGTATCTTG-1,8
s2-adt-TGGTAGCATCAAGTCT-1,2
s2-adt-TGGTAGCCAGTTGACA-1,0
s2-adt-TGGTATGCAAGTCTAT-1,4
s2-adt-TGGTATTAGCTAGACC-1,0
s2-adt-TGGTATTCCTAGTCCA-1,8
s2-adt-TGGTATTGAGTTGTAA-1,8
s2-adt-TGGTCATCTAGGTCAT-1,4
s2-adt-TGGTCGCCGGCTTACT-1,1
s2-adt-TGGTCTGCTCAGGTTG-1,1
s2-adt-TGGTGCACGACCTTAG-1,2
s2-adt-TGGTGCAGACCGAAGT-1,1
s2-adt-TGGTGCAGTACCATGC-1,7
s2-adt-TGGTGCATTGTAATCC-1,0
s2-adt-TGGTGCCGCTGCAACA-1,0
s2-adt-TGGTGCCTAGCACGGC-1,6
s2-adt-TGGTGCGAACGTGGCG-1,0
s2-adt-TGGTGCGAATCCTGCT-1,4
s2-adt-TGGTGCGAGGTCGTAT-1,8
s2-adt-TGGTTGAACACGCCAA-1,1
s2-adt-TGGTTGCCTCCGGCTT-1,0
s2-adt-TGGTTGGTATCGGCAT-1,7
s2-adt-TGTAAGATCTTCACAT-1,1
s2-adt-TGTAAGGTGAGCGACC-1,0
s2-adt-TGTAATCATATGAGAC-1,0
s2-adt-TGTAATCGAGACTGGC-1,7
s2-adt-TGTAATGCACTACGAG-1,7
s2-adt-TGTAATGCCTAACACC-1,5
s2-adt-TGTAATTGTATCCTCG-1,7
s2-adt-TGTACCAACTACGCAT-1,9
s2-adt-TGTACCACATACTGGT-1,9
s2-adt-TGTAGGATCAGAGCGT-1,3
s2-adt-TGTAGGCACGTACCTC-1,0
s2-adt-TGTAGGTCACTACATG-1,6
s2-adt-TGTAGGTCTGAACGCA-1,3
s2-adt-TGTAGGTTCTGGCTTA-1,8
s2-adt-TGTATCGGCGGTCGCA-1,8
s2-adt-TGTATGATTGTAGGTG-1,5
s2-adt-TGTATGGTGCCAAGGT-1,8
s2-adt-TGTCAACTCATCAACG-1,0
s2-adt-TGTCAAGCGGATCGGT-1,5
s2-adt-TGTCACAGACGTATCC-1,9
s2-adt-TGTCAGAAGTTGTAAC-1,3
s2-adt-TGTCAGACGAAGCACC-1,0
s2-adt-TGTCAGATAAGGTGAC-1,6
s2-adt-TGTCAGTGGCTTCCAT-1,1
s2-adt-TGTCATGCATGAGCAC-1,6
s2-adt-TGTCATGTGACACGCT-1,4
s2-adt-TGTCCATGTATGGAAT-1,2
s2-adt-TGTCCGGATGGCAGTT-1,4
s2-adt-TGTCCTCAACGTTCTA-1,4
s2-adt-TGTCGAGTGCGTTAGC-1,0
s2-adt-TGTCGATTCACGTAGT-1,3
s2-adt-TGTCGCGGAAGAGCTA-1,5
s2-adt-TGTCGTTCATACGATA-1,3
s2-adt-TGTCTAAGCAGACGTA-1,0
s2-adt-TGTCTACTAGATTGCC-1,3
s2-adt-TGTCTGTAAGCGAACT-1,0
s2-adt-TGTCTTGCGACTAATT-1,1
s2-adt-TGTCTTGGAATTGGCA-1,1
s2-adt-TGTTAAGGAAGTCTTA-1,5
s2-adt-TGTTACCTATTGGACA-1,3
s2-adt-TGTTCACTGTCTTCCT-1,2
s2-adt-TGTTCAGAACGGTGTA-1,8
s2-adt-TGTTCAGCGAGGCAGT-1,7
s2-adt-TGTTCATAGTATGACG-1,4
s2-adt-TGTTCATTGGTCCAAG-1,5
s2-adt-TGTTCCTCACATTAAT-1,1
s2-adt-TGTTCTGCTCTGTCGT-1,3
s2-adt-TGTTGCGTCCAAGATT-1,2
s2-adt-TGTTGGAACCTTCCGC-1,0
s2-adt-TGTTGGAACGAGGTCA-1,1
s2-adt-TGTTGGATGGACTTCT-1,0
s2-adt-TGTTGGCCAGACCTAC-1,8
