,cluster
rna+H3K4me3-CTAAGGTCAACGTGAT,4
rna+H3K4me3-CTAAGGTCACAAGCTA,9
rna+H3K4me3-CTAAGGTCTTGCTGGA,1
rna+H3K4me3-CTAAGGTCCTGTAGCC,9
rna+H3K4me3-CTAAGGTCAGTACAAG,9
rna+H3K4me3-CTAAGGTCAACAACCA,1
rna+H3K4me3-CTAAGGTCAACCGAGA,9
rna+H3K4me3-CTAAGGTCAACGCTTA,9
rna+H3K4me3-CTAAGGTCAAGACGGA,9
rna+H3K4me3-CTAAGGTCAAGGTACA,2
rna+H3K4me3-CTAAGGTCACACAGAA,1
rna+H3K4me3-CTAAGGTCACAGCAGA,11
rna+H3K4me3-CTAAGGTCAAACATCG,9
rna+H3K4me3-CTAAGGTCACCTCCAA,1
rna+H3K4me3-CTAAGGTCACGCTCGA,6
rna+H3K4me3-CTAAGGTCACGTATCA,1
rna+H3K4me3-CTAAGGTCACTATGCA,2
rna+H3K4me3-CTAAGGTCAGAGTCAA,9
rna+H3K4me3-CTAAGGTCAGATCGCA,9
rna+H3K4me3-CTAAGGTCAGCAGGAA,1
rna+H3K4me3-CTAAGGTCAGTCACTA,9
rna+H3K4me3-CTAAGGTCATCCTGTA,1
rna+H3K4me3-CTAAGGTCATTGAGGA,10
rna+H3K4me3-CTAAGGTCATGCCTAA,8
rna+H3K4me3-CTAAGGTCCAACCACA,10
rna+H3K4me3-CTAAGGTCGACTAGTA,4
rna+H3K4me3-CTAAGGTCCAATGGAA,1
rna+H3K4me3-CTAAGGTCCACTTCGA,9
rna+H3K4me3-CTAAGGTCCAGCGTTA,1
rna+H3K4me3-CTAAGGTCCATACCAA,1
rna+H3K4me3-CTAAGGTCCCAGTTCA,1
rna+H3K4me3-CTAAGGTCCCGAAGTA,9
rna+H3K4me3-CTAAGGTCCCGTGAGA,2
rna+H3K4me3-CTAAGGTCCCTCCTGA,1
rna+H3K4me3-CTAAGGTCAGTGGTCA,10
rna+H3K4me3-CTAAGGTCCGAACTTA,1
rna+H3K4me3-CTAAGGTCCGACTGGA,1
rna+H3K4me3-CTAAGGTCCGCATACA,1
rna+H3K4me3-CTAAGGTCCTCAATGA,1
rna+H3K4me3-CTAAGGTCCTGAGCCA,1
rna+H3K4me3-CTAAGGTCCTGGCATA,1
rna+H3K4me3-CTAAGGTCGAATCTGA,1
rna+H3K4me3-CTAAGGTCCAAGACTA,1
rna+H3K4me3-CTAAGGTCGAGCTGAA,5
rna+H3K4me3-CTAAGGTCGATAGACA,4
rna+H3K4me3-CTAAGGTCACCACTGT,2
rna+H3K4me3-CTAAGGTCGCCACATA,1
rna+H3K4me3-CTAAGGTCGCGAGTAA,1
rna+H3K4me3-CTAAGGTCGCTAACGA,4
rna+H3K4me3-CTAAGGTCGCTCGGTA,5
rna+H3K4me3-CTAAGGTCGGAGAACA,4
rna+H3K4me3-CTAAGGTCGGTGCGAA,4
rna+H3K4me3-CTAAGGTCGTACGCAA,4
rna+H3K4me3-CTAAGGTCGTCGTAGA,4
rna+H3K4me3-CTAAGGTCGTCTGTCA,12
rna+H3K4me3-CTAAGGTCGTGTTCTA,4
rna+H3K4me3-CTAAGGTCACATTGGC,1
rna+H3K4me3-CTAAGGTCTAGGATGA,4
rna+H3K4me3-CTAAGGTCTATCAGCA,4
rna+H3K4me3-CTAAGGTCTCCGTCTA,2
rna+H3K4me3-CTAAGGTCTCTTCACA,4
rna+H3K4me3-CTAAGGTCTGAAGAGA,4
rna+H3K4me3-CTAAGGTCTGGAACAA,12
rna+H3K4me3-CTAAGGTCTGGCTTCA,4
rna+H3K4me3-CTAAGGTCTGGTGGTA,4
rna+H3K4me3-CTAAGGTCTTCACGCA,2
rna+H3K4me3-CTAAGGTCAACTCACC,4
rna+H3K4me3-CTAAGGTCCAGATCTG,8
rna+H3K4me3-CTAAGGTCAAGAGATC,1
rna+H3K4me3-CTAAGGTCAAGGACAC,1
rna+H3K4me3-CTAAGGTCAATCCGTC,8
rna+H3K4me3-CTAAGGTCAATGTTGC,6
rna+H3K4me3-CTAAGGTCACACGACC,4
rna+H3K4me3-CTAAGGTCACAGATTC,8
rna+H3K4me3-CTAAGGTCAGATGTAC,1
rna+H3K4me3-CTAAGGTCAGCACCTC,1
rna+H3K4me3-CTAAGGTCAGCCATGC,1
rna+H3K4me3-CTAAGGTCAGGCTAAC,1
rna+H3K4me3-CTAAGGTCCATCAAGT,9
rna+H3K4me3-CTAAGGTCATAGCGAC,1
rna+H3K4me3-CTAAGGTCATCATTCC,10
rna+H3K4me3-CTAAGGTCATTGGCTC,1
rna+H3K4me3-CTAAGGTCCAAGGAGC,7
rna+H3K4me3-CTAAGGTCCACCTTAC,9
rna+H3K4me3-CTAAGGTCCCATCCTC,1
rna+H3K4me3-CTAAGGTCCCGACAAC,1
rna+H3K4me3-CTAAGGTCCCTAATCC,10
rna+H3K4me3-CTAAGGTCCCTCTATC,1
rna+H3K4me3-CTAAGGTCCGACACAC,10
rna+H3K4me3-CTAAGGTCCGCTGATC,2
rna+H3K4me3-CTAAGGTCCGGATTGC,5
rna+H3K4me3-CTAAGGTCCTAAGGTC,5
rna+H3K4me3-CTAAGGTCGAACAGGC,14
rna+H3K4me3-CTAAGGTCGACAGTGC,8
rna+H3K4me3-CTAAGGTCGAGTTAGC,4
rna+H3K4me3-CTAAGGTCGATGAATC,5
rna+H3K4me3-CTAAGGTCGCCAAGAC,1
rna+H3K4me3-CTAAGGTCCGGAAGAA,1
rna+H3K4me3-CTAAGGTCGTGACAAG,9
rna+H3K4me3-CTAAGGTCGAACCAGA,9
rna+H3K4me3-CGGATTGCAACGTGAT,8
rna+H3K4me3-CGGATTGCACAAGCTA,9
rna+H3K4me3-CGGATTGCTTGCTGGA,1
rna+H3K4me3-CGGATTGCCTGTAGCC,9
rna+H3K4me3-CGGATTGCAGTACAAG,8
rna+H3K4me3-CGGATTGCAACAACCA,9
rna+H3K4me3-CGGATTGCAACCGAGA,8
rna+H3K4me3-CGGATTGCAACGCTTA,2
rna+H3K4me3-CGGATTGCAAGACGGA,1
rna+H3K4me3-CGGATTGCAAGGTACA,1
rna+H3K4me3-CGGATTGCACACAGAA,1
rna+H3K4me3-CGGATTGCACAGCAGA,10
rna+H3K4me3-CGGATTGCAAACATCG,9
rna+H3K4me3-CGGATTGCACCTCCAA,2
rna+H3K4me3-CGGATTGCACGCTCGA,5
rna+H3K4me3-CGGATTGCACGTATCA,2
rna+H3K4me3-CGGATTGCACTATGCA,9
rna+H3K4me3-CGGATTGCAGAGTCAA,8
rna+H3K4me3-CGGATTGCAGATCGCA,14
rna+H3K4me3-CGGATTGCAGCAGGAA,4
rna+H3K4me3-CGGATTGCAGTCACTA,1
rna+H3K4me3-CGGATTGCATCCTGTA,2
rna+H3K4me3-CGGATTGCATTGAGGA,1
rna+H3K4me3-CGGATTGCATGCCTAA,10
rna+H3K4me3-CGGATTGCCAACCACA,10
rna+H3K4me3-CGGATTGCGACTAGTA,2
rna+H3K4me3-CGGATTGCCAATGGAA,1
rna+H3K4me3-CGGATTGCCACTTCGA,1
rna+H3K4me3-CGGATTGCCAGCGTTA,1
rna+H3K4me3-CGGATTGCCATACCAA,1
rna+H3K4me3-CGGATTGCCCAGTTCA,1
rna+H3K4me3-CGGATTGCCCGAAGTA,1
rna+H3K4me3-CGGATTGCCCGTGAGA,1
rna+H3K4me3-CGGATTGCCCTCCTGA,1
rna+H3K4me3-CGGATTGCAGTGGTCA,1
rna+H3K4me3-CGGATTGCCGAACTTA,1
rna+H3K4me3-CGGATTGCCGACTGGA,1
rna+H3K4me3-CGGATTGCCGCATACA,1
rna+H3K4me3-CGGATTGCCTCAATGA,4
rna+H3K4me3-CGGATTGCCTGAGCCA,11
rna+H3K4me3-CGGATTGCCTGGCATA,4
rna+H3K4me3-CGGATTGCGAATCTGA,10
rna+H3K4me3-CGGATTGCCAAGACTA,1
rna+H3K4me3-CGGATTGCGAGCTGAA,2
rna+H3K4me3-CGGATTGCGATAGACA,4
rna+H3K4me3-CGGATTGCACCACTGT,7
rna+H3K4me3-CGGATTGCGCCACATA,2
rna+H3K4me3-CGGATTGCGCGAGTAA,4
rna+H3K4me3-CGGATTGCGCTAACGA,4
rna+H3K4me3-CGGATTGCGCTCGGTA,4
rna+H3K4me3-CGGATTGCGGAGAACA,4
rna+H3K4me3-CGGATTGCGGTGCGAA,4
rna+H3K4me3-CGGATTGCGTACGCAA,4
rna+H3K4me3-CGGATTGCGTCGTAGA,4
rna+H3K4me3-CGGATTGCGTCTGTCA,4
rna+H3K4me3-CGGATTGCGTGTTCTA,4
rna+H3K4me3-CGGATTGCACATTGGC,9
rna+H3K4me3-CGGATTGCTAGGATGA,4
rna+H3K4me3-CGGATTGCTATCAGCA,4
rna+H3K4me3-CGGATTGCTCCGTCTA,4
rna+H3K4me3-CGGATTGCTCTTCACA,4
rna+H3K4me3-CGGATTGCTGAAGAGA,2
rna+H3K4me3-CGGATTGCTGGAACAA,4
rna+H3K4me3-CGGATTGCTGGCTTCA,4
rna+H3K4me3-CGGATTGCTGGTGGTA,5
rna+H3K4me3-CGGATTGCTTCACGCA,4
rna+H3K4me3-CGGATTGCAACTCACC,4
rna+H3K4me3-CGGATTGCCAGATCTG,9
rna+H3K4me3-CGGATTGCAAGAGATC,2
rna+H3K4me3-CGGATTGCAAGGACAC,5
rna+H3K4me3-CGGATTGCAATCCGTC,2
rna+H3K4me3-CGGATTGCAATGTTGC,1
rna+H3K4me3-CGGATTGCACACGACC,8
rna+H3K4me3-CGGATTGCACAGATTC,1
rna+H3K4me3-CGGATTGCAGATGTAC,8
rna+H3K4me3-CGGATTGCAGCACCTC,4
rna+H3K4me3-CGGATTGCAGCCATGC,2
rna+H3K4me3-CGGATTGCAGGCTAAC,2
rna+H3K4me3-CGGATTGCCATCAAGT,8
rna+H3K4me3-CGGATTGCATAGCGAC,1
rna+H3K4me3-CGGATTGCATCATTCC,5
rna+H3K4me3-CGGATTGCATTGGCTC,1
rna+H3K4me3-CGGATTGCCAAGGAGC,9
rna+H3K4me3-CGGATTGCCACCTTAC,8
rna+H3K4me3-CGGATTGCCCATCCTC,9
rna+H3K4me3-CGGATTGCCCGACAAC,1
rna+H3K4me3-CGGATTGCCCTAATCC,1
rna+H3K4me3-CGGATTGCCCTCTATC,2
rna+H3K4me3-CGGATTGCCGACACAC,12
rna+H3K4me3-CGGATTGCCGCTGATC,9
rna+H3K4me3-CGGATTGCCGGATTGC,5
rna+H3K4me3-CGGATTGCCTAAGGTC,2
rna+H3K4me3-CGGATTGCGAACAGGC,14
rna+H3K4me3-CGGATTGCGACAGTGC,2
rna+H3K4me3-CGGATTGCGAGTTAGC,2
rna+H3K4me3-CGGATTGCGATGAATC,1
rna+H3K4me3-CGGATTGCGCCAAGAC,1
rna+H3K4me3-CGGATTGCCGGAAGAA,1
rna+H3K4me3-CGGATTGCGTGACAAG,1
rna+H3K4me3-CGGATTGCGAACCAGA,1
rna+H3K4me3-CGACACACAACGTGAT,9
rna+H3K4me3-CGACACACACAAGCTA,9
rna+H3K4me3-CGACACACTTGCTGGA,7
rna+H3K4me3-CGACACACCTGTAGCC,2
rna+H3K4me3-CGACACACAGTACAAG,12
rna+H3K4me3-CGACACACAACAACCA,9
rna+H3K4me3-CGACACACAACCGAGA,9
rna+H3K4me3-CGACACACAACGCTTA,12
rna+H3K4me3-CGACACACAAGACGGA,7
rna+H3K4me3-CGACACACAAGGTACA,9
rna+H3K4me3-CGACACACACACAGAA,5
rna+H3K4me3-CGACACACACAGCAGA,1
rna+H3K4me3-CGACACACAAACATCG,1
rna+H3K4me3-CGACACACACCTCCAA,5
rna+H3K4me3-CGACACACACGCTCGA,2
rna+H3K4me3-CGACACACACGTATCA,14
rna+H3K4me3-CGACACACACTATGCA,14
rna+H3K4me3-CGACACACAGAGTCAA,1
rna+H3K4me3-CGACACACAGATCGCA,10
rna+H3K4me3-CGACACACAGCAGGAA,11
rna+H3K4me3-CGACACACAGTCACTA,1
rna+H3K4me3-CGACACACATCCTGTA,1
rna+H3K4me3-CGACACACATTGAGGA,1
rna+H3K4me3-CGACACACATGCCTAA,9
rna+H3K4me3-CGACACACCAACCACA,2
rna+H3K4me3-CGACACACGACTAGTA,1
rna+H3K4me3-CGACACACCAATGGAA,1
rna+H3K4me3-CGACACACCACTTCGA,1
rna+H3K4me3-CGACACACCAGCGTTA,2
rna+H3K4me3-CGACACACCATACCAA,2
rna+H3K4me3-CGACACACCCAGTTCA,4
rna+H3K4me3-CGACACACCCGAAGTA,14
rna+H3K4me3-CGACACACCCGTGAGA,1
rna+H3K4me3-CGACACACCCTCCTGA,12
rna+H3K4me3-CGACACACAGTGGTCA,2
rna+H3K4me3-CGACACACCGAACTTA,1
rna+H3K4me3-CGACACACCGACTGGA,1
rna+H3K4me3-CGACACACCGCATACA,2
rna+H3K4me3-CGACACACCTCAATGA,8
rna+H3K4me3-CGACACACCTGAGCCA,4
rna+H3K4me3-CGACACACCTGGCATA,10
rna+H3K4me3-CGACACACGAATCTGA,5
rna+H3K4me3-CGACACACCAAGACTA,10
rna+H3K4me3-CGACACACGAGCTGAA,2
rna+H3K4me3-CGACACACGATAGACA,5
rna+H3K4me3-CGACACACACCACTGT,9
rna+H3K4me3-CGACACACGCCACATA,4
rna+H3K4me3-CGACACACGCGAGTAA,4
rna+H3K4me3-CGACACACGCTAACGA,4
rna+H3K4me3-CGACACACGCTCGGTA,10
rna+H3K4me3-CGACACACGGAGAACA,4
rna+H3K4me3-CGACACACGGTGCGAA,11
rna+H3K4me3-CGACACACGTACGCAA,4
rna+H3K4me3-CGACACACGTCGTAGA,5
rna+H3K4me3-CGACACACGTCTGTCA,5
rna+H3K4me3-CGACACACGTGTTCTA,2
rna+H3K4me3-CGACACACACATTGGC,2
rna+H3K4me3-CGACACACTAGGATGA,4
rna+H3K4me3-CGACACACTATCAGCA,4
rna+H3K4me3-CGACACACTCCGTCTA,4
rna+H3K4me3-CGACACACTCTTCACA,4
rna+H3K4me3-CGACACACTGAAGAGA,4
rna+H3K4me3-CGACACACTGGAACAA,5
rna+H3K4me3-CGACACACTGGCTTCA,4
rna+H3K4me3-CGACACACTGGTGGTA,4
rna+H3K4me3-CGACACACTTCACGCA,13
rna+H3K4me3-CGACACACAACTCACC,13
rna+H3K4me3-CGACACACCAGATCTG,9
rna+H3K4me3-CGACACACAAGAGATC,12
rna+H3K4me3-CGACACACAAGGACAC,4
rna+H3K4me3-CGACACACAATCCGTC,1
rna+H3K4me3-CGACACACAATGTTGC,2
rna+H3K4me3-CGACACACACACGACC,2
rna+H3K4me3-CGACACACACAGATTC,2
rna+H3K4me3-CGACACACAGATGTAC,2
rna+H3K4me3-CGACACACAGCACCTC,1
rna+H3K4me3-CGACACACAGCCATGC,1
rna+H3K4me3-CGACACACAGGCTAAC,5
rna+H3K4me3-CGACACACCATCAAGT,9
rna+H3K4me3-CGACACACATAGCGAC,1
rna+H3K4me3-CGACACACATCATTCC,1
rna+H3K4me3-CGACACACATTGGCTC,1
rna+H3K4me3-CGACACACCAAGGAGC,10
rna+H3K4me3-CGACACACCACCTTAC,1
rna+H3K4me3-CGACACACCCATCCTC,1
rna+H3K4me3-CGACACACCCGACAAC,1
rna+H3K4me3-CGACACACCCTAATCC,9
rna+H3K4me3-CGACACACCCTCTATC,1
rna+H3K4me3-CGACACACCGACACAC,2
rna+H3K4me3-CGACACACCGCTGATC,9
rna+H3K4me3-CGACACACCGGATTGC,14
rna+H3K4me3-CGACACACCTAAGGTC,10
rna+H3K4me3-CGACACACGAACAGGC,14
rna+H3K4me3-CGACACACGACAGTGC,5
rna+H3K4me3-CGACACACGAGTTAGC,4
rna+H3K4me3-CGACACACGATGAATC,5
rna+H3K4me3-CGACACACGCCAAGAC,2
rna+H3K4me3-CGACACACCGGAAGAA,1
rna+H3K4me3-CGACACACGTGACAAG,1
rna+H3K4me3-CGACACACGAACCAGA,1
rna+H3K4me3-CCTCTATCAACGTGAT,2
rna+H3K4me3-CCTCTATCACAAGCTA,1
rna+H3K4me3-CCTCTATCTTGCTGGA,2
rna+H3K4me3-CCTCTATCCTGTAGCC,9
rna+H3K4me3-CCTCTATCAGTACAAG,1
rna+H3K4me3-CCTCTATCAACAACCA,9
rna+H3K4me3-CCTCTATCAACCGAGA,2
rna+H3K4me3-CCTCTATCAACGCTTA,8
rna+H3K4me3-CCTCTATCAAGACGGA,4
rna+H3K4me3-CCTCTATCAAGGTACA,2
rna+H3K4me3-CCTCTATCACACAGAA,5
rna+H3K4me3-CCTCTATCACAGCAGA,2
rna+H3K4me3-CCTCTATCAAACATCG,8
rna+H3K4me3-CCTCTATCACCTCCAA,2
rna+H3K4me3-CCTCTATCACGCTCGA,6
rna+H3K4me3-CCTCTATCACGTATCA,1
rna+H3K4me3-CCTCTATCACTATGCA,1
rna+H3K4me3-CCTCTATCAGAGTCAA,2
rna+H3K4me3-CCTCTATCAGATCGCA,9
rna+H3K4me3-CCTCTATCAGCAGGAA,1
rna+H3K4me3-CCTCTATCAGTCACTA,1
rna+H3K4me3-CCTCTATCATCCTGTA,10
rna+H3K4me3-CCTCTATCATTGAGGA,1
rna+H3K4me3-CCTCTATCATGCCTAA,1
rna+H3K4me3-CCTCTATCCAACCACA,1
rna+H3K4me3-CCTCTATCGACTAGTA,1
rna+H3K4me3-CCTCTATCCAATGGAA,1
rna+H3K4me3-CCTCTATCCACTTCGA,1
rna+H3K4me3-CCTCTATCCAGCGTTA,2
rna+H3K4me3-CCTCTATCCATACCAA,2
rna+H3K4me3-CCTCTATCCCAGTTCA,8
rna+H3K4me3-CCTCTATCCCGAAGTA,1
rna+H3K4me3-CCTCTATCCCGTGAGA,1
rna+H3K4me3-CCTCTATCCCTCCTGA,2
rna+H3K4me3-CCTCTATCAGTGGTCA,1
rna+H3K4me3-CCTCTATCCGAACTTA,1
rna+H3K4me3-CCTCTATCCGACTGGA,4
rna+H3K4me3-CCTCTATCCGCATACA,11
rna+H3K4me3-CCTCTATCCTCAATGA,1
rna+H3K4me3-CCTCTATCCTGAGCCA,1
rna+H3K4me3-CCTCTATCCTGGCATA,4
rna+H3K4me3-CCTCTATCGAATCTGA,4
rna+H3K4me3-CCTCTATCCAAGACTA,4
rna+H3K4me3-CCTCTATCGAGCTGAA,4
rna+H3K4me3-CCTCTATCGATAGACA,2
rna+H3K4me3-CCTCTATCACCACTGT,4
rna+H3K4me3-CCTCTATCGCCACATA,4
rna+H3K4me3-CCTCTATCGCGAGTAA,4
rna+H3K4me3-CCTCTATCGCTAACGA,4
rna+H3K4me3-CCTCTATCGCTCGGTA,4
rna+H3K4me3-CCTCTATCGGAGAACA,4
rna+H3K4me3-CCTCTATCGGTGCGAA,4
rna+H3K4me3-CCTCTATCGTACGCAA,4
rna+H3K4me3-CCTCTATCGTCGTAGA,3
rna+H3K4me3-CCTCTATCGTCTGTCA,4
rna+H3K4me3-CCTCTATCGTGTTCTA,5
rna+H3K4me3-CCTCTATCACATTGGC,9
rna+H3K4me3-CCTCTATCTAGGATGA,4
rna+H3K4me3-CCTCTATCTATCAGCA,4
rna+H3K4me3-CCTCTATCTCCGTCTA,5
rna+H3K4me3-CCTCTATCTCTTCACA,5
rna+H3K4me3-CCTCTATCTGAAGAGA,4
rna+H3K4me3-CCTCTATCTGGAACAA,5
rna+H3K4me3-CCTCTATCTGGCTTCA,4
rna+H3K4me3-CCTCTATCTGGTGGTA,4
rna+H3K4me3-CCTCTATCTTCACGCA,4
rna+H3K4me3-CCTCTATCAACTCACC,10
rna+H3K4me3-CCTCTATCCAGATCTG,9
rna+H3K4me3-CCTCTATCAAGAGATC,4
rna+H3K4me3-CCTCTATCAAGGACAC,4
rna+H3K4me3-CCTCTATCAATCCGTC,8
rna+H3K4me3-CCTCTATCAATGTTGC,2
rna+H3K4me3-CCTCTATCACACGACC,1
rna+H3K4me3-CCTCTATCACAGATTC,1
rna+H3K4me3-CCTCTATCAGATGTAC,8
rna+H3K4me3-CCTCTATCAGCACCTC,11
rna+H3K4me3-CCTCTATCAGCCATGC,8
rna+H3K4me3-CCTCTATCAGGCTAAC,1
rna+H3K4me3-CCTCTATCCATCAAGT,9
rna+H3K4me3-CCTCTATCATAGCGAC,2
rna+H3K4me3-CCTCTATCATCATTCC,1
rna+H3K4me3-CCTCTATCATTGGCTC,1
rna+H3K4me3-CCTCTATCCAAGGAGC,11
rna+H3K4me3-CCTCTATCCACCTTAC,2
rna+H3K4me3-CCTCTATCCCATCCTC,1
rna+H3K4me3-CCTCTATCCCGACAAC,1
rna+H3K4me3-CCTCTATCCCTAATCC,1
rna+H3K4me3-CCTCTATCCCTCTATC,1
rna+H3K4me3-CCTCTATCCGACACAC,10
rna+H3K4me3-CCTCTATCCGCTGATC,9
rna+H3K4me3-CCTCTATCCGGATTGC,5
rna+H3K4me3-CCTCTATCCTAAGGTC,2
rna+H3K4me3-CCTCTATCGAACAGGC,14
rna+H3K4me3-CCTCTATCGACAGTGC,5
rna+H3K4me3-CCTCTATCGAGTTAGC,2
rna+H3K4me3-CCTCTATCGATGAATC,5
rna+H3K4me3-CCTCTATCGCCAAGAC,5
rna+H3K4me3-CCTCTATCCGGAAGAA,1
rna+H3K4me3-CCTCTATCGTGACAAG,5
rna+H3K4me3-CCTCTATCGAACCAGA,1
rna+H3K4me3-CCTAATCCAACGTGAT,9
rna+H3K4me3-CCTAATCCACAAGCTA,9
rna+H3K4me3-CCTAATCCTTGCTGGA,1
rna+H3K4me3-CCTAATCCCTGTAGCC,9
rna+H3K4me3-CCTAATCCAGTACAAG,9
rna+H3K4me3-CCTAATCCAACAACCA,9
rna+H3K4me3-CCTAATCCAACCGAGA,2
rna+H3K4me3-CCTAATCCAACGCTTA,6
rna+H3K4me3-CCTAATCCAAGACGGA,1
rna+H3K4me3-CCTAATCCAAGGTACA,1
rna+H3K4me3-CCTAATCCACACAGAA,1
rna+H3K4me3-CCTAATCCACAGCAGA,5
rna+H3K4me3-CCTAATCCAAACATCG,5
rna+H3K4me3-CCTAATCCACCTCCAA,2
rna+H3K4me3-CCTAATCCACGCTCGA,9
rna+H3K4me3-CCTAATCCACGTATCA,7
rna+H3K4me3-CCTAATCCACTATGCA,1
rna+H3K4me3-CCTAATCCAGAGTCAA,9
rna+H3K4me3-CCTAATCCAGATCGCA,1
rna+H3K4me3-CCTAATCCAGCAGGAA,10
rna+H3K4me3-CCTAATCCAGTCACTA,9
rna+H3K4me3-CCTAATCCATCCTGTA,1
rna+H3K4me3-CCTAATCCATTGAGGA,2
rna+H3K4me3-CCTAATCCATGCCTAA,9
rna+H3K4me3-CCTAATCCCAACCACA,1
rna+H3K4me3-CCTAATCCGACTAGTA,1
rna+H3K4me3-CCTAATCCCAATGGAA,2
rna+H3K4me3-CCTAATCCCACTTCGA,1
rna+H3K4me3-CCTAATCCCAGCGTTA,1
rna+H3K4me3-CCTAATCCCATACCAA,2
rna+H3K4me3-CCTAATCCCCAGTTCA,1
rna+H3K4me3-CCTAATCCCCGAAGTA,4
rna+H3K4me3-CCTAATCCCCGTGAGA,1
rna+H3K4me3-CCTAATCCCCTCCTGA,1
rna+H3K4me3-CCTAATCCAGTGGTCA,10
rna+H3K4me3-CCTAATCCCGAACTTA,8
rna+H3K4me3-CCTAATCCCGACTGGA,4
rna+H3K4me3-CCTAATCCCGCATACA,1
rna+H3K4me3-CCTAATCCCTCAATGA,4
rna+H3K4me3-CCTAATCCCTGAGCCA,8
rna+H3K4me3-CCTAATCCCTGGCATA,4
rna+H3K4me3-CCTAATCCGAATCTGA,4
rna+H3K4me3-CCTAATCCCAAGACTA,5
rna+H3K4me3-CCTAATCCGAGCTGAA,4
rna+H3K4me3-CCTAATCCGATAGACA,2
rna+H3K4me3-CCTAATCCACCACTGT,2
rna+H3K4me3-CCTAATCCGCCACATA,4
rna+H3K4me3-CCTAATCCGCGAGTAA,4
rna+H3K4me3-CCTAATCCGCTAACGA,5
rna+H3K4me3-CCTAATCCGCTCGGTA,4
rna+H3K4me3-CCTAATCCGGAGAACA,4
rna+H3K4me3-CCTAATCCGGTGCGAA,13
rna+H3K4me3-CCTAATCCGTACGCAA,13
rna+H3K4me3-CCTAATCCGTCGTAGA,13
rna+H3K4me3-CCTAATCCGTCTGTCA,13
rna+H3K4me3-CCTAATCCGTGTTCTA,5
rna+H3K4me3-CCTAATCCACATTGGC,10
rna+H3K4me3-CCTAATCCTAGGATGA,4
rna+H3K4me3-CCTAATCCTATCAGCA,4
rna+H3K4me3-CCTAATCCTCCGTCTA,4
rna+H3K4me3-CCTAATCCTCTTCACA,8
rna+H3K4me3-CCTAATCCTGAAGAGA,13
rna+H3K4me3-CCTAATCCTGGAACAA,5
rna+H3K4me3-CCTAATCCTGGCTTCA,4
rna+H3K4me3-CCTAATCCTGGTGGTA,5
rna+H3K4me3-CCTAATCCTTCACGCA,4
rna+H3K4me3-CCTAATCCAACTCACC,5
rna+H3K4me3-CCTAATCCCAGATCTG,9
rna+H3K4me3-CCTAATCCAAGAGATC,2
rna+H3K4me3-CCTAATCCAAGGACAC,4
rna+H3K4me3-CCTAATCCAATCCGTC,10
rna+H3K4me3-CCTAATCCAATGTTGC,1
rna+H3K4me3-CCTAATCCACACGACC,1
rna+H3K4me3-CCTAATCCACAGATTC,10
rna+H3K4me3-CCTAATCCAGATGTAC,12
rna+H3K4me3-CCTAATCCAGCACCTC,1
rna+H3K4me3-CCTAATCCAGCCATGC,1
rna+H3K4me3-CCTAATCCAGGCTAAC,1
rna+H3K4me3-CCTAATCCCATCAAGT,9
rna+H3K4me3-CCTAATCCATAGCGAC,7
rna+H3K4me3-CCTAATCCATCATTCC,1
rna+H3K4me3-CCTAATCCATTGGCTC,11
rna+H3K4me3-CCTAATCCCAAGGAGC,9
rna+H3K4me3-CCTAATCCCACCTTAC,2
rna+H3K4me3-CCTAATCCCCATCCTC,6
rna+H3K4me3-CCTAATCCCCGACAAC,2
rna+H3K4me3-CCTAATCCCCTAATCC,2
rna+H3K4me3-CCTAATCCCCTCTATC,9
rna+H3K4me3-CCTAATCCCGACACAC,2
rna+H3K4me3-CCTAATCCCGCTGATC,5
rna+H3K4me3-CCTAATCCCGGATTGC,8
rna+H3K4me3-CCTAATCCCTAAGGTC,7
rna+H3K4me3-CCTAATCCGAACAGGC,14
rna+H3K4me3-CCTAATCCGACAGTGC,2
rna+H3K4me3-CCTAATCCGAGTTAGC,2
rna+H3K4me3-CCTAATCCGATGAATC,2
rna+H3K4me3-CCTAATCCGCCAAGAC,1
rna+H3K4me3-CCTAATCCCGGAAGAA,1
rna+H3K4me3-CCTAATCCGTGACAAG,8
rna+H3K4me3-CCTAATCCGAACCAGA,1
rna+H3K4me3-CCGACAACAACGTGAT,1
rna+H3K4me3-CCGACAACACAAGCTA,9
rna+H3K4me3-CCGACAACTTGCTGGA,1
rna+H3K4me3-CCGACAACCTGTAGCC,9
rna+H3K4me3-CCGACAACAGTACAAG,12
rna+H3K4me3-CCGACAACAACAACCA,9
rna+H3K4me3-CCGACAACAACCGAGA,8
rna+H3K4me3-CCGACAACAACGCTTA,6
rna+H3K4me3-CCGACAACAAGACGGA,1
rna+H3K4me3-CCGACAACAAGGTACA,5
rna+H3K4me3-CCGACAACACACAGAA,1
rna+H3K4me3-CCGACAACACAGCAGA,10
rna+H3K4me3-CCGACAACAAACATCG,9
rna+H3K4me3-CCGACAACACCTCCAA,9
rna+H3K4me3-CCGACAACACGCTCGA,4
rna+H3K4me3-CCGACAACACGTATCA,12
rna+H3K4me3-CCGACAACACTATGCA,1
rna+H3K4me3-CCGACAACAGAGTCAA,1
rna+H3K4me3-CCGACAACAGATCGCA,1
rna+H3K4me3-CCGACAACAGCAGGAA,10
rna+H3K4me3-CCGACAACAGTCACTA,1
rna+H3K4me3-CCGACAACATCCTGTA,1
rna+H3K4me3-CCGACAACATTGAGGA,1
rna+H3K4me3-CCGACAACATGCCTAA,9
rna+H3K4me3-CCGACAACCAACCACA,1
rna+H3K4me3-CCGACAACGACTAGTA,1
rna+H3K4me3-CCGACAACCAATGGAA,1
rna+H3K4me3-CCGACAACCACTTCGA,1
rna+H3K4me3-CCGACAACCAGCGTTA,2
rna+H3K4me3-CCGACAACCATACCAA,1
rna+H3K4me3-CCGACAACCCAGTTCA,1
rna+H3K4me3-CCGACAACCCGAAGTA,1
rna+H3K4me3-CCGACAACCCGTGAGA,4
rna+H3K4me3-CCGACAACCCTCCTGA,8
rna+H3K4me3-CCGACAACAGTGGTCA,9
rna+H3K4me3-CCGACAACCGAACTTA,2
rna+H3K4me3-CCGACAACCGACTGGA,11
rna+H3K4me3-CCGACAACCGCATACA,4
rna+H3K4me3-CCGACAACCTCAATGA,4
rna+H3K4me3-CCGACAACCTGAGCCA,12
rna+H3K4me3-CCGACAACCTGGCATA,10
rna+H3K4me3-CCGACAACGAATCTGA,10
rna+H3K4me3-CCGACAACCAAGACTA,4
rna+H3K4me3-CCGACAACGAGCTGAA,5
rna+H3K4me3-CCGACAACGATAGACA,4
rna+H3K4me3-CCGACAACACCACTGT,9
rna+H3K4me3-CCGACAACGCCACATA,5
rna+H3K4me3-CCGACAACGCGAGTAA,2
rna+H3K4me3-CCGACAACGCTAACGA,4
rna+H3K4me3-CCGACAACGCTCGGTA,0
rna+H3K4me3-CCGACAACGGAGAACA,4
rna+H3K4me3-CCGACAACGGTGCGAA,0
rna+H3K4me3-CCGACAACGTACGCAA,3
rna+H3K4me3-CCGACAACGTCGTAGA,0
rna+H3K4me3-CCGACAACGTCTGTCA,0
rna+H3K4me3-CCGACAACGTGTTCTA,13
rna+H3K4me3-CCGACAACACATTGGC,9
rna+H3K4me3-CCGACAACTAGGATGA,4
rna+H3K4me3-CCGACAACTATCAGCA,13
rna+H3K4me3-CCGACAACTCCGTCTA,13
rna+H3K4me3-CCGACAACTCTTCACA,13
rna+H3K4me3-CCGACAACTGAAGAGA,13
rna+H3K4me3-CCGACAACTGGAACAA,7
rna+H3K4me3-CCGACAACTGGCTTCA,4
rna+H3K4me3-CCGACAACTGGTGGTA,4
rna+H3K4me3-CCGACAACTTCACGCA,4
rna+H3K4me3-CCGACAACAACTCACC,4
rna+H3K4me3-CCGACAACCAGATCTG,8
rna+H3K4me3-CCGACAACAAGAGATC,5
rna+H3K4me3-CCGACAACAAGGACAC,8
rna+H3K4me3-CCGACAACAATCCGTC,5
rna+H3K4me3-CCGACAACAATGTTGC,2
rna+H3K4me3-CCGACAACACACGACC,1
rna+H3K4me3-CCGACAACACAGATTC,1
rna+H3K4me3-CCGACAACAGATGTAC,1
rna+H3K4me3-CCGACAACAGCACCTC,1
rna+H3K4me3-CCGACAACAGCCATGC,1
rna+H3K4me3-CCGACAACAGGCTAAC,1
rna+H3K4me3-CCGACAACCATCAAGT,9
rna+H3K4me3-CCGACAACATAGCGAC,1
rna+H3K4me3-CCGACAACATCATTCC,7
rna+H3K4me3-CCGACAACATTGGCTC,1
rna+H3K4me3-CCGACAACCAAGGAGC,1
rna+H3K4me3-CCGACAACCACCTTAC,12
rna+H3K4me3-CCGACAACCCATCCTC,12
rna+H3K4me3-CCGACAACCCGACAAC,1
rna+H3K4me3-CCGACAACCCTAATCC,1
rna+H3K4me3-CCGACAACCCTCTATC,1
rna+H3K4me3-CCGACAACCGACACAC,2
rna+H3K4me3-CCGACAACCGCTGATC,1
rna+H3K4me3-CCGACAACCGGATTGC,2
rna+H3K4me3-CCGACAACCTAAGGTC,2
rna+H3K4me3-CCGACAACGAACAGGC,14
rna+H3K4me3-CCGACAACGACAGTGC,2
rna+H3K4me3-CCGACAACGAGTTAGC,10
rna+H3K4me3-CCGACAACGATGAATC,5
rna+H3K4me3-CCGACAACGCCAAGAC,1
rna+H3K4me3-CCGACAACCGGAAGAA,1
rna+H3K4me3-CCGACAACGTGACAAG,1
rna+H3K4me3-CCGACAACGAACCAGA,7
rna+H3K4me3-CCATCCTCAACGTGAT,5
rna+H3K4me3-CCATCCTCACAAGCTA,9
rna+H3K4me3-CCATCCTCTTGCTGGA,1
rna+H3K4me3-CCATCCTCCTGTAGCC,2
rna+H3K4me3-CCATCCTCAGTACAAG,4
rna+H3K4me3-CCATCCTCAACAACCA,1
rna+H3K4me3-CCATCCTCAACCGAGA,12
rna+H3K4me3-CCATCCTCAACGCTTA,2
rna+H3K4me3-CCATCCTCAAGACGGA,1
rna+H3K4me3-CCATCCTCAAGGTACA,4
rna+H3K4me3-CCATCCTCACACAGAA,2
rna+H3K4me3-CCATCCTCACAGCAGA,1
rna+H3K4me3-CCATCCTCAAACATCG,9
rna+H3K4me3-CCATCCTCACCTCCAA,12
rna+H3K4me3-CCATCCTCACGCTCGA,2
rna+H3K4me3-CCATCCTCACGTATCA,1
rna+H3K4me3-CCATCCTCACTATGCA,1
rna+H3K4me3-CCATCCTCAGAGTCAA,7
rna+H3K4me3-CCATCCTCAGATCGCA,1
rna+H3K4me3-CCATCCTCAGCAGGAA,1
rna+H3K4me3-CCATCCTCAGTCACTA,1
rna+H3K4me3-CCATCCTCATCCTGTA,4
rna+H3K4me3-CCATCCTCATTGAGGA,1
rna+H3K4me3-CCATCCTCATGCCTAA,2
rna+H3K4me3-CCATCCTCCAACCACA,1
rna+H3K4me3-CCATCCTCGACTAGTA,1
rna+H3K4me3-CCATCCTCCAATGGAA,1
rna+H3K4me3-CCATCCTCCACTTCGA,1
rna+H3K4me3-CCATCCTCCAGCGTTA,9
rna+H3K4me3-CCATCCTCCATACCAA,1
rna+H3K4me3-CCATCCTCCCAGTTCA,1
rna+H3K4me3-CCATCCTCCCGAAGTA,5
rna+H3K4me3-CCATCCTCCCGTGAGA,10
rna+H3K4me3-CCATCCTCCCTCCTGA,1
rna+H3K4me3-CCATCCTCAGTGGTCA,2
rna+H3K4me3-CCATCCTCCGAACTTA,4
rna+H3K4me3-CCATCCTCCGACTGGA,4
rna+H3K4me3-CCATCCTCCGCATACA,12
rna+H3K4me3-CCATCCTCCTCAATGA,5
rna+H3K4me3-CCATCCTCCTGAGCCA,4
rna+H3K4me3-CCATCCTCCTGGCATA,4
rna+H3K4me3-CCATCCTCGAATCTGA,4
rna+H3K4me3-CCATCCTCCAAGACTA,4
rna+H3K4me3-CCATCCTCGAGCTGAA,4
rna+H3K4me3-CCATCCTCGATAGACA,4
rna+H3K4me3-CCATCCTCACCACTGT,9
rna+H3K4me3-CCATCCTCGCCACATA,0
rna+H3K4me3-CCATCCTCGCGAGTAA,11
rna+H3K4me3-CCATCCTCGCTAACGA,0
rna+H3K4me3-CCATCCTCGCTCGGTA,0
rna+H3K4me3-CCATCCTCGGAGAACA,0
rna+H3K4me3-CCATCCTCGGTGCGAA,8
rna+H3K4me3-CCATCCTCGTACGCAA,2
rna+H3K4me3-CCATCCTCGTCGTAGA,11
rna+H3K4me3-CCATCCTCGTCTGTCA,0
rna+H3K4me3-CCATCCTCGTGTTCTA,5
rna+H3K4me3-CCATCCTCACATTGGC,4
rna+H3K4me3-CCATCCTCTAGGATGA,13
rna+H3K4me3-CCATCCTCTATCAGCA,13
rna+H3K4me3-CCATCCTCTCCGTCTA,13
rna+H3K4me3-CCATCCTCTCTTCACA,13
rna+H3K4me3-CCATCCTCTGAAGAGA,13
rna+H3K4me3-CCATCCTCTGGAACAA,4
rna+H3K4me3-CCATCCTCTGGCTTCA,13
rna+H3K4me3-CCATCCTCTGGTGGTA,4
rna+H3K4me3-CCATCCTCTTCACGCA,4
rna+H3K4me3-CCATCCTCAACTCACC,4
rna+H3K4me3-CCATCCTCCAGATCTG,9
rna+H3K4me3-CCATCCTCAAGAGATC,4
rna+H3K4me3-CCATCCTCAAGGACAC,8
rna+H3K4me3-CCATCCTCAATCCGTC,4
rna+H3K4me3-CCATCCTCAATGTTGC,1
rna+H3K4me3-CCATCCTCACACGACC,10
rna+H3K4me3-CCATCCTCACAGATTC,1
rna+H3K4me3-CCATCCTCAGATGTAC,1
rna+H3K4me3-CCATCCTCAGCACCTC,1
rna+H3K4me3-CCATCCTCAGCCATGC,1
rna+H3K4me3-CCATCCTCAGGCTAAC,1
rna+H3K4me3-CCATCCTCCATCAAGT,9
rna+H3K4me3-CCATCCTCATAGCGAC,1
rna+H3K4me3-CCATCCTCATCATTCC,5
rna+H3K4me3-CCATCCTCATTGGCTC,1
rna+H3K4me3-CCATCCTCCAAGGAGC,1
rna+H3K4me3-CCATCCTCCACCTTAC,1
rna+H3K4me3-CCATCCTCCCATCCTC,1
rna+H3K4me3-CCATCCTCCCGACAAC,1
rna+H3K4me3-CCATCCTCCCTAATCC,1
rna+H3K4me3-CCATCCTCCCTCTATC,1
rna+H3K4me3-CCATCCTCCGACACAC,8
rna+H3K4me3-CCATCCTCCGCTGATC,9
rna+H3K4me3-CCATCCTCCGGATTGC,10
rna+H3K4me3-CCATCCTCCTAAGGTC,5
rna+H3K4me3-CCATCCTCGAACAGGC,8
rna+H3K4me3-CCATCCTCGACAGTGC,10
rna+H3K4me3-CCATCCTCGAGTTAGC,2
rna+H3K4me3-CCATCCTCGATGAATC,14
rna+H3K4me3-CCATCCTCGCCAAGAC,14
rna+H3K4me3-CCATCCTCCGGAAGAA,1
rna+H3K4me3-CCATCCTCGTGACAAG,1
rna+H3K4me3-CCATCCTCGAACCAGA,1
rna+H3K4me3-CACCTTACAACGTGAT,9
rna+H3K4me3-CACCTTACACAAGCTA,9
rna+H3K4me3-CACCTTACTTGCTGGA,8
rna+H3K4me3-CACCTTACCTGTAGCC,1
rna+H3K4me3-CACCTTACAGTACAAG,10
rna+H3K4me3-CACCTTACAACAACCA,1
rna+H3K4me3-CACCTTACAACCGAGA,9
rna+H3K4me3-CACCTTACAACGCTTA,6
rna+H3K4me3-CACCTTACAAGACGGA,9
rna+H3K4me3-CACCTTACAAGGTACA,9
rna+H3K4me3-CACCTTACACACAGAA,5
rna+H3K4me3-CACCTTACACAGCAGA,1
rna+H3K4me3-CACCTTACAAACATCG,10
rna+H3K4me3-CACCTTACACCTCCAA,1
rna+H3K4me3-CACCTTACACGCTCGA,1
rna+H3K4me3-CACCTTACACGTATCA,2
rna+H3K4me3-CACCTTACACTATGCA,1
rna+H3K4me3-CACCTTACAGAGTCAA,1
rna+H3K4me3-CACCTTACAGATCGCA,1
rna+H3K4me3-CACCTTACAGCAGGAA,2
rna+H3K4me3-CACCTTACAGTCACTA,1
rna+H3K4me3-CACCTTACATCCTGTA,1
rna+H3K4me3-CACCTTACATTGAGGA,2
rna+H3K4me3-CACCTTACATGCCTAA,2
rna+H3K4me3-CACCTTACCAACCACA,1
rna+H3K4me3-CACCTTACGACTAGTA,2
rna+H3K4me3-CACCTTACCAATGGAA,1
rna+H3K4me3-CACCTTACCACTTCGA,10
rna+H3K4me3-CACCTTACCAGCGTTA,2
rna+H3K4me3-CACCTTACCATACCAA,2
rna+H3K4me3-CACCTTACCCAGTTCA,1
rna+H3K4me3-CACCTTACCCGAAGTA,2
rna+H3K4me3-CACCTTACCCGTGAGA,4
rna+H3K4me3-CACCTTACCCTCCTGA,9
rna+H3K4me3-CACCTTACAGTGGTCA,2
rna+H3K4me3-CACCTTACCGAACTTA,4
rna+H3K4me3-CACCTTACCGACTGGA,4
rna+H3K4me3-CACCTTACCGCATACA,4
rna+H3K4me3-CACCTTACCTCAATGA,4
rna+H3K4me3-CACCTTACCTGAGCCA,4
rna+H3K4me3-CACCTTACCTGGCATA,4
rna+H3K4me3-CACCTTACGAATCTGA,2
rna+H3K4me3-CACCTTACCAAGACTA,5
rna+H3K4me3-CACCTTACGAGCTGAA,4
rna+H3K4me3-CACCTTACGATAGACA,11
rna+H3K4me3-CACCTTACACCACTGT,9
rna+H3K4me3-CACCTTACGCCACATA,4
rna+H3K4me3-CACCTTACGCGAGTAA,10
rna+H3K4me3-CACCTTACGCTAACGA,8
rna+H3K4me3-CACCTTACGCTCGGTA,5
rna+H3K4me3-CACCTTACGGAGAACA,0
rna+H3K4me3-CACCTTACGGTGCGAA,0
rna+H3K4me3-CACCTTACGTACGCAA,2
rna+H3K4me3-CACCTTACGTCGTAGA,0
rna+H3K4me3-CACCTTACGTCTGTCA,2
rna+H3K4me3-CACCTTACGTGTTCTA,0
rna+H3K4me3-CACCTTACACATTGGC,9
rna+H3K4me3-CACCTTACTAGGATGA,0
rna+H3K4me3-CACCTTACTATCAGCA,13
rna+H3K4me3-CACCTTACTCCGTCTA,13
rna+H3K4me3-CACCTTACTCTTCACA,13
rna+H3K4me3-CACCTTACTGAAGAGA,13
rna+H3K4me3-CACCTTACTGGAACAA,13
rna+H3K4me3-CACCTTACTGGCTTCA,4
rna+H3K4me3-CACCTTACTGGTGGTA,4
rna+H3K4me3-CACCTTACTTCACGCA,4
rna+H3K4me3-CACCTTACAACTCACC,12
rna+H3K4me3-CACCTTACCAGATCTG,9
rna+H3K4me3-CACCTTACAAGAGATC,4
rna+H3K4me3-CACCTTACAAGGACAC,8
rna+H3K4me3-CACCTTACAATCCGTC,4
rna+H3K4me3-CACCTTACAATGTTGC,1
rna+H3K4me3-CACCTTACACACGACC,1
rna+H3K4me3-CACCTTACACAGATTC,7
rna+H3K4me3-CACCTTACAGATGTAC,1
rna+H3K4me3-CACCTTACAGCACCTC,1
rna+H3K4me3-CACCTTACAGCCATGC,1
rna+H3K4me3-CACCTTACAGGCTAAC,1
rna+H3K4me3-CACCTTACCATCAAGT,9
rna+H3K4me3-CACCTTACATAGCGAC,8
rna+H3K4me3-CACCTTACATCATTCC,11
rna+H3K4me3-CACCTTACATTGGCTC,1
rna+H3K4me3-CACCTTACCAAGGAGC,1
rna+H3K4me3-CACCTTACCACCTTAC,1
rna+H3K4me3-CACCTTACCCATCCTC,1
rna+H3K4me3-CACCTTACCCGACAAC,1
rna+H3K4me3-CACCTTACCCTAATCC,1
rna+H3K4me3-CACCTTACCCTCTATC,10
rna+H3K4me3-CACCTTACCGACACAC,5
rna+H3K4me3-CACCTTACCGCTGATC,2
rna+H3K4me3-CACCTTACCGGATTGC,2
rna+H3K4me3-CACCTTACCTAAGGTC,2
rna+H3K4me3-CACCTTACGAACAGGC,14
rna+H3K4me3-CACCTTACGACAGTGC,2
rna+H3K4me3-CACCTTACGAGTTAGC,5
rna+H3K4me3-CACCTTACGATGAATC,5
rna+H3K4me3-CACCTTACGCCAAGAC,5
rna+H3K4me3-CACCTTACCGGAAGAA,5
rna+H3K4me3-CACCTTACGTGACAAG,10
rna+H3K4me3-CACCTTACGAACCAGA,8
rna+H3K4me3-CAAGGAGCAACGTGAT,2
rna+H3K4me3-CAAGGAGCACAAGCTA,9
rna+H3K4me3-CAAGGAGCTTGCTGGA,2
rna+H3K4me3-CAAGGAGCCTGTAGCC,4
rna+H3K4me3-CAAGGAGCAGTACAAG,9
rna+H3K4me3-CAAGGAGCAACAACCA,12
rna+H3K4me3-CAAGGAGCAACCGAGA,8
rna+H3K4me3-CAAGGAGCAACGCTTA,9
rna+H3K4me3-CAAGGAGCAAGACGGA,2
rna+H3K4me3-CAAGGAGCAAGGTACA,1
rna+H3K4me3-CAAGGAGCACACAGAA,2
rna+H3K4me3-CAAGGAGCACAGCAGA,10
rna+H3K4me3-CAAGGAGCAAACATCG,9
rna+H3K4me3-CAAGGAGCACCTCCAA,7
rna+H3K4me3-CAAGGAGCACGCTCGA,1
rna+H3K4me3-CAAGGAGCACGTATCA,1
rna+H3K4me3-CAAGGAGCACTATGCA,5
rna+H3K4me3-CAAGGAGCAGAGTCAA,1
rna+H3K4me3-CAAGGAGCAGATCGCA,10
rna+H3K4me3-CAAGGAGCAGCAGGAA,1
rna+H3K4me3-CAAGGAGCAGTCACTA,10
rna+H3K4me3-CAAGGAGCATCCTGTA,1
rna+H3K4me3-CAAGGAGCATTGAGGA,4
rna+H3K4me3-CAAGGAGCATGCCTAA,2
rna+H3K4me3-CAAGGAGCCAACCACA,1
rna+H3K4me3-CAAGGAGCGACTAGTA,1
rna+H3K4me3-CAAGGAGCCAATGGAA,1
rna+H3K4me3-CAAGGAGCCACTTCGA,8
rna+H3K4me3-CAAGGAGCCAGCGTTA,1
rna+H3K4me3-CAAGGAGCCATACCAA,1
rna+H3K4me3-CAAGGAGCCCAGTTCA,1
rna+H3K4me3-CAAGGAGCCCGAAGTA,1
rna+H3K4me3-CAAGGAGCCCGTGAGA,4
rna+H3K4me3-CAAGGAGCCCTCCTGA,9
rna+H3K4me3-CAAGGAGCAGTGGTCA,9
rna+H3K4me3-CAAGGAGCCGAACTTA,12
rna+H3K4me3-CAAGGAGCCGACTGGA,5
rna+H3K4me3-CAAGGAGCCGCATACA,4
rna+H3K4me3-CAAGGAGCCTCAATGA,4
rna+H3K4me3-CAAGGAGCCTGAGCCA,2
rna+H3K4me3-CAAGGAGCCTGGCATA,11
rna+H3K4me3-CAAGGAGCGAATCTGA,0
rna+H3K4me3-CAAGGAGCCAAGACTA,4
rna+H3K4me3-CAAGGAGCGAGCTGAA,0
rna+H3K4me3-CAAGGAGCGATAGACA,0
rna+H3K4me3-CAAGGAGCACCACTGT,9
rna+H3K4me3-CAAGGAGCGCCACATA,0
rna+H3K4me3-CAAGGAGCGCGAGTAA,0
rna+H3K4me3-CAAGGAGCGCTAACGA,11
rna+H3K4me3-CAAGGAGCGCTCGGTA,0
rna+H3K4me3-CAAGGAGCGGAGAACA,2
rna+H3K4me3-CAAGGAGCGGTGCGAA,11
rna+H3K4me3-CAAGGAGCGTACGCAA,4
rna+H3K4me3-CAAGGAGCGTCGTAGA,4
rna+H3K4me3-CAAGGAGCGTCTGTCA,0
rna+H3K4me3-CAAGGAGCGTGTTCTA,10
rna+H3K4me3-CAAGGAGCACATTGGC,9
rna+H3K4me3-CAAGGAGCTAGGATGA,0
rna+H3K4me3-CAAGGAGCTATCAGCA,10
rna+H3K4me3-CAAGGAGCTCCGTCTA,13
rna+H3K4me3-CAAGGAGCTCTTCACA,13
rna+H3K4me3-CAAGGAGCTGAAGAGA,13
rna+H3K4me3-CAAGGAGCTGGAACAA,13
rna+H3K4me3-CAAGGAGCTGGCTTCA,13
rna+H3K4me3-CAAGGAGCTGGTGGTA,5
rna+H3K4me3-CAAGGAGCTTCACGCA,13
rna+H3K4me3-CAAGGAGCAACTCACC,4
rna+H3K4me3-CAAGGAGCCAGATCTG,9
rna+H3K4me3-CAAGGAGCAAGAGATC,4
rna+H3K4me3-CAAGGAGCAAGGACAC,4
rna+H3K4me3-CAAGGAGCAATCCGTC,10
rna+H3K4me3-CAAGGAGCAATGTTGC,10
rna+H3K4me3-CAAGGAGCACACGACC,10
rna+H3K4me3-CAAGGAGCACAGATTC,5
rna+H3K4me3-CAAGGAGCAGATGTAC,1
rna+H3K4me3-CAAGGAGCAGCACCTC,1
rna+H3K4me3-CAAGGAGCAGCCATGC,2
rna+H3K4me3-CAAGGAGCAGGCTAAC,1
rna+H3K4me3-CAAGGAGCCATCAAGT,9
rna+H3K4me3-CAAGGAGCATAGCGAC,7
rna+H3K4me3-CAAGGAGCATCATTCC,1
rna+H3K4me3-CAAGGAGCATTGGCTC,8
rna+H3K4me3-CAAGGAGCCAAGGAGC,1
rna+H3K4me3-CAAGGAGCCACCTTAC,2
rna+H3K4me3-CAAGGAGCCCATCCTC,1
rna+H3K4me3-CAAGGAGCCCGACAAC,1
rna+H3K4me3-CAAGGAGCCCTAATCC,2
rna+H3K4me3-CAAGGAGCCCTCTATC,2
rna+H3K4me3-CAAGGAGCCGACACAC,7
rna+H3K4me3-CAAGGAGCCGCTGATC,9
rna+H3K4me3-CAAGGAGCCGGATTGC,10
rna+H3K4me3-CAAGGAGCCTAAGGTC,12
rna+H3K4me3-CAAGGAGCGAACAGGC,14
rna+H3K4me3-CAAGGAGCGACAGTGC,13
rna+H3K4me3-CAAGGAGCGAGTTAGC,5
rna+H3K4me3-CAAGGAGCGATGAATC,7
rna+H3K4me3-CAAGGAGCGCCAAGAC,8
rna+H3K4me3-CAAGGAGCCGGAAGAA,1
rna+H3K4me3-CAAGGAGCGTGACAAG,10
rna+H3K4me3-CAAGGAGCGAACCAGA,2
rna+H3K4me3-ATTGGCTCAACGTGAT,9
rna+H3K4me3-ATTGGCTCACAAGCTA,2
rna+H3K4me3-ATTGGCTCTTGCTGGA,1
rna+H3K4me3-ATTGGCTCCTGTAGCC,4
rna+H3K4me3-ATTGGCTCAGTACAAG,1
rna+H3K4me3-ATTGGCTCAACAACCA,9
rna+H3K4me3-ATTGGCTCAACCGAGA,6
rna+H3K4me3-ATTGGCTCAACGCTTA,12
rna+H3K4me3-ATTGGCTCAAGACGGA,1
rna+H3K4me3-ATTGGCTCAAGGTACA,10
rna+H3K4me3-ATTGGCTCACACAGAA,5
rna+H3K4me3-ATTGGCTCACAGCAGA,8
rna+H3K4me3-ATTGGCTCAAACATCG,2
rna+H3K4me3-ATTGGCTCACCTCCAA,1
rna+H3K4me3-ATTGGCTCACGCTCGA,9
rna+H3K4me3-ATTGGCTCACGTATCA,1
rna+H3K4me3-ATTGGCTCACTATGCA,1
rna+H3K4me3-ATTGGCTCAGAGTCAA,2
rna+H3K4me3-ATTGGCTCAGATCGCA,1
rna+H3K4me3-ATTGGCTCAGCAGGAA,1
rna+H3K4me3-ATTGGCTCAGTCACTA,1
rna+H3K4me3-ATTGGCTCATCCTGTA,1
rna+H3K4me3-ATTGGCTCATTGAGGA,1
rna+H3K4me3-ATTGGCTCATGCCTAA,9
rna+H3K4me3-ATTGGCTCCAACCACA,1
rna+H3K4me3-ATTGGCTCGACTAGTA,2
rna+H3K4me3-ATTGGCTCCAATGGAA,1
rna+H3K4me3-ATTGGCTCCACTTCGA,8
rna+H3K4me3-ATTGGCTCCAGCGTTA,4
rna+H3K4me3-ATTGGCTCCATACCAA,1
rna+H3K4me3-ATTGGCTCCCAGTTCA,5
rna+H3K4me3-ATTGGCTCCCGAAGTA,1
rna+H3K4me3-ATTGGCTCCCGTGAGA,2
rna+H3K4me3-ATTGGCTCCCTCCTGA,8
rna+H3K4me3-ATTGGCTCAGTGGTCA,2
rna+H3K4me3-ATTGGCTCCGAACTTA,10
rna+H3K4me3-ATTGGCTCCGACTGGA,2
rna+H3K4me3-ATTGGCTCCGCATACA,4
rna+H3K4me3-ATTGGCTCCTCAATGA,11
rna+H3K4me3-ATTGGCTCCTGAGCCA,10
rna+H3K4me3-ATTGGCTCCTGGCATA,0
rna+H3K4me3-ATTGGCTCGAATCTGA,2
rna+H3K4me3-ATTGGCTCCAAGACTA,0
rna+H3K4me3-ATTGGCTCGAGCTGAA,0
rna+H3K4me3-ATTGGCTCGATAGACA,0
rna+H3K4me3-ATTGGCTCACCACTGT,9
rna+H3K4me3-ATTGGCTCGCCACATA,0
rna+H3K4me3-ATTGGCTCGCGAGTAA,2
rna+H3K4me3-ATTGGCTCGCTAACGA,0
rna+H3K4me3-ATTGGCTCGCTCGGTA,10
rna+H3K4me3-ATTGGCTCGGAGAACA,0
rna+H3K4me3-ATTGGCTCGGTGCGAA,0
rna+H3K4me3-ATTGGCTCGTACGCAA,3
rna+H3K4me3-ATTGGCTCGTCGTAGA,0
rna+H3K4me3-ATTGGCTCGTCTGTCA,4
rna+H3K4me3-ATTGGCTCGTGTTCTA,0
rna+H3K4me3-ATTGGCTCACATTGGC,9
rna+H3K4me3-ATTGGCTCTAGGATGA,11
rna+H3K4me3-ATTGGCTCTATCAGCA,0
rna+H3K4me3-ATTGGCTCTCCGTCTA,0
rna+H3K4me3-ATTGGCTCTCTTCACA,0
rna+H3K4me3-ATTGGCTCTGAAGAGA,5
rna+H3K4me3-ATTGGCTCTGGAACAA,13
rna+H3K4me3-ATTGGCTCTGGCTTCA,13
rna+H3K4me3-ATTGGCTCTGGTGGTA,5
rna+H3K4me3-ATTGGCTCTTCACGCA,4
rna+H3K4me3-ATTGGCTCAACTCACC,4
rna+H3K4me3-ATTGGCTCCAGATCTG,9
rna+H3K4me3-ATTGGCTCAAGAGATC,4
rna+H3K4me3-ATTGGCTCAAGGACAC,5
rna+H3K4me3-ATTGGCTCAATCCGTC,2
rna+H3K4me3-ATTGGCTCAATGTTGC,13
rna+H3K4me3-ATTGGCTCACACGACC,10
rna+H3K4me3-ATTGGCTCACAGATTC,4
rna+H3K4me3-ATTGGCTCAGATGTAC,7
rna+H3K4me3-ATTGGCTCAGCACCTC,1
rna+H3K4me3-ATTGGCTCAGCCATGC,1
rna+H3K4me3-ATTGGCTCAGGCTAAC,8
rna+H3K4me3-ATTGGCTCCATCAAGT,14
rna+H3K4me3-ATTGGCTCATAGCGAC,2
rna+H3K4me3-ATTGGCTCATCATTCC,1
rna+H3K4me3-ATTGGCTCATTGGCTC,1
rna+H3K4me3-ATTGGCTCCAAGGAGC,1
rna+H3K4me3-ATTGGCTCCACCTTAC,1
rna+H3K4me3-ATTGGCTCCCATCCTC,1
rna+H3K4me3-ATTGGCTCCCGACAAC,8
rna+H3K4me3-ATTGGCTCCCTAATCC,1
rna+H3K4me3-ATTGGCTCCCTCTATC,2
rna+H3K4me3-ATTGGCTCCGACACAC,5
rna+H3K4me3-ATTGGCTCCGCTGATC,2
rna+H3K4me3-ATTGGCTCCGGATTGC,5
rna+H3K4me3-ATTGGCTCCTAAGGTC,2
rna+H3K4me3-ATTGGCTCGAACAGGC,14
rna+H3K4me3-ATTGGCTCGACAGTGC,14
rna+H3K4me3-ATTGGCTCGAGTTAGC,2
rna+H3K4me3-ATTGGCTCGATGAATC,5
rna+H3K4me3-ATTGGCTCGCCAAGAC,2
rna+H3K4me3-ATTGGCTCCGGAAGAA,10
rna+H3K4me3-ATTGGCTCGTGACAAG,1
rna+H3K4me3-ATTGGCTCGAACCAGA,7
rna+H3K4me3-ATCATTCCAACGTGAT,9
rna+H3K4me3-ATCATTCCACAAGCTA,7
rna+H3K4me3-ATCATTCCTTGCTGGA,1
rna+H3K4me3-ATCATTCCCTGTAGCC,1
rna+H3K4me3-ATCATTCCAGTACAAG,10
rna+H3K4me3-ATCATTCCAACAACCA,4
rna+H3K4me3-ATCATTCCAACCGAGA,4
rna+H3K4me3-ATCATTCCAACGCTTA,1
rna+H3K4me3-ATCATTCCAAGACGGA,2
rna+H3K4me3-ATCATTCCAAGGTACA,2
rna+H3K4me3-ATCATTCCACACAGAA,9
rna+H3K4me3-ATCATTCCACAGCAGA,2
rna+H3K4me3-ATCATTCCAAACATCG,9
rna+H3K4me3-ATCATTCCACCTCCAA,1
rna+H3K4me3-ATCATTCCACGCTCGA,10
rna+H3K4me3-ATCATTCCACGTATCA,1
rna+H3K4me3-ATCATTCCACTATGCA,1
rna+H3K4me3-ATCATTCCAGAGTCAA,1
rna+H3K4me3-ATCATTCCAGATCGCA,1
rna+H3K4me3-ATCATTCCAGCAGGAA,1
rna+H3K4me3-ATCATTCCAGTCACTA,1
rna+H3K4me3-ATCATTCCATCCTGTA,2
rna+H3K4me3-ATCATTCCATTGAGGA,2
rna+H3K4me3-ATCATTCCATGCCTAA,9
rna+H3K4me3-ATCATTCCCAACCACA,1
rna+H3K4me3-ATCATTCCGACTAGTA,1
rna+H3K4me3-ATCATTCCCAATGGAA,4
rna+H3K4me3-ATCATTCCCACTTCGA,2
rna+H3K4me3-ATCATTCCCAGCGTTA,2
rna+H3K4me3-ATCATTCCCATACCAA,1
rna+H3K4me3-ATCATTCCCCAGTTCA,4
rna+H3K4me3-ATCATTCCCCGAAGTA,12
rna+H3K4me3-ATCATTCCCCGTGAGA,10
rna+H3K4me3-ATCATTCCCCTCCTGA,4
rna+H3K4me3-ATCATTCCAGTGGTCA,9
rna+H3K4me3-ATCATTCCCGAACTTA,4
rna+H3K4me3-ATCATTCCCGACTGGA,4
rna+H3K4me3-ATCATTCCCGCATACA,11
rna+H3K4me3-ATCATTCCCTCAATGA,11
rna+H3K4me3-ATCATTCCCTGAGCCA,4
rna+H3K4me3-ATCATTCCCTGGCATA,8
rna+H3K4me3-ATCATTCCGAATCTGA,2
rna+H3K4me3-ATCATTCCCAAGACTA,0
rna+H3K4me3-ATCATTCCGAGCTGAA,2
rna+H3K4me3-ATCATTCCGATAGACA,0
rna+H3K4me3-ATCATTCCACCACTGT,9
rna+H3K4me3-ATCATTCCGCCACATA,0
rna+H3K4me3-ATCATTCCGCGAGTAA,0
rna+H3K4me3-ATCATTCCGCTAACGA,11
rna+H3K4me3-ATCATTCCGCTCGGTA,0
rna+H3K4me3-ATCATTCCGGAGAACA,4
rna+H3K4me3-ATCATTCCGGTGCGAA,7
rna+H3K4me3-ATCATTCCGTACGCAA,5
rna+H3K4me3-ATCATTCCGTCGTAGA,4
rna+H3K4me3-ATCATTCCGTCTGTCA,4
rna+H3K4me3-ATCATTCCGTGTTCTA,0
rna+H3K4me3-ATCATTCCACATTGGC,9
rna+H3K4me3-ATCATTCCTAGGATGA,4
rna+H3K4me3-ATCATTCCTATCAGCA,0
rna+H3K4me3-ATCATTCCTCCGTCTA,2
rna+H3K4me3-ATCATTCCTCTTCACA,4
rna+H3K4me3-ATCATTCCTGAAGAGA,13
rna+H3K4me3-ATCATTCCTGGAACAA,13
rna+H3K4me3-ATCATTCCTGGCTTCA,13
rna+H3K4me3-ATCATTCCTGGTGGTA,13
rna+H3K4me3-ATCATTCCTTCACGCA,13
rna+H3K4me3-ATCATTCCAACTCACC,4
rna+H3K4me3-ATCATTCCCAGATCTG,2
rna+H3K4me3-ATCATTCCAAGAGATC,4
rna+H3K4me3-ATCATTCCAAGGACAC,4
rna+H3K4me3-ATCATTCCAATCCGTC,5
rna+H3K4me3-ATCATTCCAATGTTGC,4
rna+H3K4me3-ATCATTCCACACGACC,4
rna+H3K4me3-ATCATTCCACAGATTC,4
rna+H3K4me3-ATCATTCCAGATGTAC,4
rna+H3K4me3-ATCATTCCAGCACCTC,1
rna+H3K4me3-ATCATTCCAGCCATGC,1
rna+H3K4me3-ATCATTCCAGGCTAAC,1
rna+H3K4me3-ATCATTCCCATCAAGT,9
rna+H3K4me3-ATCATTCCATAGCGAC,4
rna+H3K4me3-ATCATTCCATCATTCC,1
rna+H3K4me3-ATCATTCCATTGGCTC,2
rna+H3K4me3-ATCATTCCCAAGGAGC,9
rna+H3K4me3-ATCATTCCCACCTTAC,5
rna+H3K4me3-ATCATTCCCCATCCTC,8
rna+H3K4me3-ATCATTCCCCGACAAC,1
rna+H3K4me3-ATCATTCCCCTAATCC,1
rna+H3K4me3-ATCATTCCCCTCTATC,10
rna+H3K4me3-ATCATTCCCGACACAC,5
rna+H3K4me3-ATCATTCCCGCTGATC,1
rna+H3K4me3-ATCATTCCCGGATTGC,8
rna+H3K4me3-ATCATTCCCTAAGGTC,5
rna+H3K4me3-ATCATTCCGAACAGGC,14
rna+H3K4me3-ATCATTCCGACAGTGC,5
rna+H3K4me3-ATCATTCCGAGTTAGC,5
rna+H3K4me3-ATCATTCCGATGAATC,5
rna+H3K4me3-ATCATTCCGCCAAGAC,8
rna+H3K4me3-ATCATTCCCGGAAGAA,5
rna+H3K4me3-ATCATTCCGTGACAAG,10
rna+H3K4me3-ATCATTCCGAACCAGA,2
rna+H3K4me3-ATAGCGACAACGTGAT,10
rna+H3K4me3-ATAGCGACACAAGCTA,1
rna+H3K4me3-ATAGCGACTTGCTGGA,1
rna+H3K4me3-ATAGCGACCTGTAGCC,2
rna+H3K4me3-ATAGCGACAGTACAAG,2
rna+H3K4me3-ATAGCGACAACAACCA,9
rna+H3K4me3-ATAGCGACAACCGAGA,1
rna+H3K4me3-ATAGCGACAACGCTTA,4
rna+H3K4me3-ATAGCGACAAGACGGA,2
rna+H3K4me3-ATAGCGACAAGGTACA,5
rna+H3K4me3-ATAGCGACACACAGAA,9
rna+H3K4me3-ATAGCGACACAGCAGA,1
rna+H3K4me3-ATAGCGACAAACATCG,9
rna+H3K4me3-ATAGCGACACCTCCAA,10
rna+H3K4me3-ATAGCGACACGCTCGA,2
rna+H3K4me3-ATAGCGACACGTATCA,8
rna+H3K4me3-ATAGCGACACTATGCA,1
rna+H3K4me3-ATAGCGACAGAGTCAA,1
rna+H3K4me3-ATAGCGACAGATCGCA,1
rna+H3K4me3-ATAGCGACAGCAGGAA,1
rna+H3K4me3-ATAGCGACAGTCACTA,1
rna+H3K4me3-ATAGCGACATCCTGTA,4
rna+H3K4me3-ATAGCGACATTGAGGA,8
rna+H3K4me3-ATAGCGACATGCCTAA,9
rna+H3K4me3-ATAGCGACCAACCACA,8
rna+H3K4me3-ATAGCGACGACTAGTA,9
rna+H3K4me3-ATAGCGACCAATGGAA,1
rna+H3K4me3-ATAGCGACCACTTCGA,5
rna+H3K4me3-ATAGCGACCAGCGTTA,2
rna+H3K4me3-ATAGCGACCATACCAA,2
rna+H3K4me3-ATAGCGACCCAGTTCA,4
rna+H3K4me3-ATAGCGACCCGAAGTA,13
rna+H3K4me3-ATAGCGACCCGTGAGA,4
rna+H3K4me3-ATAGCGACCCTCCTGA,2
rna+H3K4me3-ATAGCGACAGTGGTCA,1
rna+H3K4me3-ATAGCGACCGAACTTA,0
rna+H3K4me3-ATAGCGACCGACTGGA,2
rna+H3K4me3-ATAGCGACCGCATACA,0
rna+H3K4me3-ATAGCGACCTCAATGA,2
rna+H3K4me3-ATAGCGACCTGAGCCA,4
rna+H3K4me3-ATAGCGACCTGGCATA,0
rna+H3K4me3-ATAGCGACGAATCTGA,4
rna+H3K4me3-ATAGCGACCAAGACTA,11
rna+H3K4me3-ATAGCGACGAGCTGAA,0
rna+H3K4me3-ATAGCGACGATAGACA,10
rna+H3K4me3-ATAGCGACACCACTGT,5
rna+H3K4me3-ATAGCGACGCCACATA,0
rna+H3K4me3-ATAGCGACGCGAGTAA,12
rna+H3K4me3-ATAGCGACGCTAACGA,8
rna+H3K4me3-ATAGCGACGCTCGGTA,3
rna+H3K4me3-ATAGCGACGGAGAACA,0
rna+H3K4me3-ATAGCGACGGTGCGAA,0
rna+H3K4me3-ATAGCGACGTACGCAA,11
rna+H3K4me3-ATAGCGACGTCGTAGA,11
rna+H3K4me3-ATAGCGACGTCTGTCA,4
rna+H3K4me3-ATAGCGACGTGTTCTA,10
rna+H3K4me3-ATAGCGACACATTGGC,9
rna+H3K4me3-ATAGCGACTAGGATGA,11
rna+H3K4me3-ATAGCGACTATCAGCA,0
rna+H3K4me3-ATAGCGACTCCGTCTA,11
rna+H3K4me3-ATAGCGACTCTTCACA,5
rna+H3K4me3-ATAGCGACTGAAGAGA,8
rna+H3K4me3-ATAGCGACTGGAACAA,8
rna+H3K4me3-ATAGCGACTGGCTTCA,13
rna+H3K4me3-ATAGCGACTGGTGGTA,13
rna+H3K4me3-ATAGCGACTTCACGCA,13
rna+H3K4me3-ATAGCGACAACTCACC,13
rna+H3K4me3-ATAGCGACCAGATCTG,9
rna+H3K4me3-ATAGCGACAAGAGATC,5
rna+H3K4me3-ATAGCGACAAGGACAC,5
rna+H3K4me3-ATAGCGACAATCCGTC,10
rna+H3K4me3-ATAGCGACAATGTTGC,4
rna+H3K4me3-ATAGCGACACACGACC,11
rna+H3K4me3-ATAGCGACACAGATTC,5
rna+H3K4me3-ATAGCGACAGATGTAC,4
rna+H3K4me3-ATAGCGACAGCACCTC,5
rna+H3K4me3-ATAGCGACAGCCATGC,1
rna+H3K4me3-ATAGCGACAGGCTAAC,1
rna+H3K4me3-ATAGCGACCATCAAGT,9
rna+H3K4me3-ATAGCGACATAGCGAC,9
rna+H3K4me3-ATAGCGACATCATTCC,2
rna+H3K4me3-ATAGCGACATTGGCTC,11
rna+H3K4me3-ATAGCGACCAAGGAGC,5
rna+H3K4me3-ATAGCGACCACCTTAC,1
rna+H3K4me3-ATAGCGACCCATCCTC,2
rna+H3K4me3-ATAGCGACCCGACAAC,1
rna+H3K4me3-ATAGCGACCCTAATCC,5
rna+H3K4me3-ATAGCGACCCTCTATC,8
rna+H3K4me3-ATAGCGACCGACACAC,5
rna+H3K4me3-ATAGCGACCGCTGATC,9
rna+H3K4me3-ATAGCGACCGGATTGC,12
rna+H3K4me3-ATAGCGACCTAAGGTC,2
rna+H3K4me3-ATAGCGACGAACAGGC,14
rna+H3K4me3-ATAGCGACGACAGTGC,5
rna+H3K4me3-ATAGCGACGAGTTAGC,5
rna+H3K4me3-ATAGCGACGATGAATC,5
rna+H3K4me3-ATAGCGACGCCAAGAC,5
rna+H3K4me3-ATAGCGACCGGAAGAA,1
rna+H3K4me3-ATAGCGACGTGACAAG,1
rna+H3K4me3-ATAGCGACGAACCAGA,5
rna+H3K4me3-AGGCTAACAACGTGAT,10
rna+H3K4me3-AGGCTAACACAAGCTA,1
rna+H3K4me3-AGGCTAACTTGCTGGA,1
rna+H3K4me3-AGGCTAACCTGTAGCC,9
rna+H3K4me3-AGGCTAACAGTACAAG,12
rna+H3K4me3-AGGCTAACAACAACCA,1
rna+H3K4me3-AGGCTAACAACCGAGA,5
rna+H3K4me3-AGGCTAACAACGCTTA,1
rna+H3K4me3-AGGCTAACAAGACGGA,1
rna+H3K4me3-AGGCTAACAAGGTACA,9
rna+H3K4me3-AGGCTAACACACAGAA,1
rna+H3K4me3-AGGCTAACACAGCAGA,1
rna+H3K4me3-AGGCTAACAAACATCG,2
rna+H3K4me3-AGGCTAACACCTCCAA,1
rna+H3K4me3-AGGCTAACACGCTCGA,1
rna+H3K4me3-AGGCTAACACGTATCA,1
rna+H3K4me3-AGGCTAACACTATGCA,1
rna+H3K4me3-AGGCTAACAGAGTCAA,1
rna+H3K4me3-AGGCTAACAGATCGCA,1
rna+H3K4me3-AGGCTAACAGCAGGAA,8
rna+H3K4me3-AGGCTAACAGTCACTA,1
rna+H3K4me3-AGGCTAACATCCTGTA,1
rna+H3K4me3-AGGCTAACATTGAGGA,1
rna+H3K4me3-AGGCTAACATGCCTAA,9
rna+H3K4me3-AGGCTAACCAACCACA,1
rna+H3K4me3-AGGCTAACGACTAGTA,1
rna+H3K4me3-AGGCTAACCAATGGAA,10
rna+H3K4me3-AGGCTAACCACTTCGA,4
rna+H3K4me3-AGGCTAACCAGCGTTA,12
rna+H3K4me3-AGGCTAACCATACCAA,5
rna+H3K4me3-AGGCTAACCCAGTTCA,4
rna+H3K4me3-AGGCTAACCCGAAGTA,4
rna+H3K4me3-AGGCTAACCCGTGAGA,4
rna+H3K4me3-AGGCTAACCCTCCTGA,8
rna+H3K4me3-AGGCTAACAGTGGTCA,9
rna+H3K4me3-AGGCTAACCGAACTTA,12
rna+H3K4me3-AGGCTAACCGACTGGA,4
rna+H3K4me3-AGGCTAACCGCATACA,0
rna+H3K4me3-AGGCTAACCTCAATGA,8
rna+H3K4me3-AGGCTAACCTGAGCCA,5
rna+H3K4me3-AGGCTAACCTGGCATA,11
rna+H3K4me3-AGGCTAACGAATCTGA,10
rna+H3K4me3-AGGCTAACCAAGACTA,10
rna+H3K4me3-AGGCTAACGAGCTGAA,10
rna+H3K4me3-AGGCTAACGATAGACA,0
rna+H3K4me3-AGGCTAACACCACTGT,9
rna+H3K4me3-AGGCTAACGCCACATA,0
rna+H3K4me3-AGGCTAACGCGAGTAA,3
rna+H3K4me3-AGGCTAACGCTAACGA,11
rna+H3K4me3-AGGCTAACGCTCGGTA,0
rna+H3K4me3-AGGCTAACGGAGAACA,0
rna+H3K4me3-AGGCTAACGGTGCGAA,10
rna+H3K4me3-AGGCTAACGTACGCAA,3
rna+H3K4me3-AGGCTAACGTCGTAGA,8
rna+H3K4me3-AGGCTAACGTCTGTCA,11
rna+H3K4me3-AGGCTAACGTGTTCTA,0
rna+H3K4me3-AGGCTAACACATTGGC,9
rna+H3K4me3-AGGCTAACTAGGATGA,0
rna+H3K4me3-AGGCTAACTATCAGCA,0
rna+H3K4me3-AGGCTAACTCCGTCTA,11
rna+H3K4me3-AGGCTAACTCTTCACA,0
rna+H3K4me3-AGGCTAACTGAAGAGA,0
rna+H3K4me3-AGGCTAACTGGAACAA,0
rna+H3K4me3-AGGCTAACTGGCTTCA,13
rna+H3K4me3-AGGCTAACTGGTGGTA,13
rna+H3K4me3-AGGCTAACTTCACGCA,13
rna+H3K4me3-AGGCTAACAACTCACC,13
rna+H3K4me3-AGGCTAACCAGATCTG,9
rna+H3K4me3-AGGCTAACAAGAGATC,13
rna+H3K4me3-AGGCTAACAAGGACAC,13
rna+H3K4me3-AGGCTAACAATCCGTC,10
rna+H3K4me3-AGGCTAACAATGTTGC,4
rna+H3K4me3-AGGCTAACACACGACC,4
rna+H3K4me3-AGGCTAACACAGATTC,5
rna+H3K4me3-AGGCTAACAGATGTAC,14
rna+H3K4me3-AGGCTAACAGCACCTC,10
rna+H3K4me3-AGGCTAACAGCCATGC,4
rna+H3K4me3-AGGCTAACAGGCTAAC,4
rna+H3K4me3-AGGCTAACCATCAAGT,4
rna+H3K4me3-AGGCTAACATAGCGAC,2
rna+H3K4me3-AGGCTAACATCATTCC,1
rna+H3K4me3-AGGCTAACATTGGCTC,5
rna+H3K4me3-AGGCTAACCAAGGAGC,1
rna+H3K4me3-AGGCTAACCACCTTAC,1
rna+H3K4me3-AGGCTAACCCATCCTC,1
rna+H3K4me3-AGGCTAACCCGACAAC,1
rna+H3K4me3-AGGCTAACCCTAATCC,6
rna+H3K4me3-AGGCTAACCCTCTATC,5
rna+H3K4me3-AGGCTAACCGACACAC,5
rna+H3K4me3-AGGCTAACCGCTGATC,2
rna+H3K4me3-AGGCTAACCGGATTGC,2
rna+H3K4me3-AGGCTAACCTAAGGTC,5
rna+H3K4me3-AGGCTAACGAACAGGC,14
rna+H3K4me3-AGGCTAACGACAGTGC,14
rna+H3K4me3-AGGCTAACGAGTTAGC,2
rna+H3K4me3-AGGCTAACGATGAATC,5
rna+H3K4me3-AGGCTAACGCCAAGAC,5
rna+H3K4me3-AGGCTAACCGGAAGAA,1
rna+H3K4me3-AGGCTAACGTGACAAG,1
rna+H3K4me3-AGGCTAACGAACCAGA,1
rna+H3K4me3-AGCCATGCAACGTGAT,12
rna+H3K4me3-AGCCATGCACAAGCTA,9
rna+H3K4me3-AGCCATGCTTGCTGGA,7
rna+H3K4me3-AGCCATGCCTGTAGCC,5
rna+H3K4me3-AGCCATGCAGTACAAG,7
rna+H3K4me3-AGCCATGCAACAACCA,1
rna+H3K4me3-AGCCATGCAACCGAGA,4
rna+H3K4me3-AGCCATGCAACGCTTA,4
rna+H3K4me3-AGCCATGCAAGACGGA,9
rna+H3K4me3-AGCCATGCAAGGTACA,14
rna+H3K4me3-AGCCATGCACACAGAA,6
rna+H3K4me3-AGCCATGCACAGCAGA,14
rna+H3K4me3-AGCCATGCAAACATCG,12
rna+H3K4me3-AGCCATGCACCTCCAA,1
rna+H3K4me3-AGCCATGCACGCTCGA,1
rna+H3K4me3-AGCCATGCACGTATCA,1
rna+H3K4me3-AGCCATGCACTATGCA,1
rna+H3K4me3-AGCCATGCAGAGTCAA,2
rna+H3K4me3-AGCCATGCAGATCGCA,1
rna+H3K4me3-AGCCATGCAGCAGGAA,1
rna+H3K4me3-AGCCATGCAGTCACTA,1
rna+H3K4me3-AGCCATGCATCCTGTA,4
rna+H3K4me3-AGCCATGCATTGAGGA,1
rna+H3K4me3-AGCCATGCATGCCTAA,9
rna+H3K4me3-AGCCATGCCAACCACA,1
rna+H3K4me3-AGCCATGCGACTAGTA,14
rna+H3K4me3-AGCCATGCCAATGGAA,5
rna+H3K4me3-AGCCATGCCACTTCGA,8
rna+H3K4me3-AGCCATGCCAGCGTTA,4
rna+H3K4me3-AGCCATGCCATACCAA,4
rna+H3K4me3-AGCCATGCCCAGTTCA,4
rna+H3K4me3-AGCCATGCCCGAAGTA,4
rna+H3K4me3-AGCCATGCCCGTGAGA,2
rna+H3K4me3-AGCCATGCCCTCCTGA,2
rna+H3K4me3-AGCCATGCAGTGGTCA,9
rna+H3K4me3-AGCCATGCCGAACTTA,0
rna+H3K4me3-AGCCATGCCGACTGGA,0
rna+H3K4me3-AGCCATGCCGCATACA,5
rna+H3K4me3-AGCCATGCCTCAATGA,11
rna+H3K4me3-AGCCATGCCTGAGCCA,0
rna+H3K4me3-AGCCATGCCTGGCATA,11
rna+H3K4me3-AGCCATGCGAATCTGA,4
rna+H3K4me3-AGCCATGCCAAGACTA,8
rna+H3K4me3-AGCCATGCGAGCTGAA,0
rna+H3K4me3-AGCCATGCGATAGACA,0
rna+H3K4me3-AGCCATGCACCACTGT,8
rna+H3K4me3-AGCCATGCGCCACATA,0
rna+H3K4me3-AGCCATGCGCGAGTAA,0
rna+H3K4me3-AGCCATGCGCTAACGA,0
rna+H3K4me3-AGCCATGCGCTCGGTA,8
rna+H3K4me3-AGCCATGCGGAGAACA,4
rna+H3K4me3-AGCCATGCGGTGCGAA,0
rna+H3K4me3-AGCCATGCGTACGCAA,0
rna+H3K4me3-AGCCATGCGTCGTAGA,0
rna+H3K4me3-AGCCATGCGTCTGTCA,10
rna+H3K4me3-AGCCATGCGTGTTCTA,8
rna+H3K4me3-AGCCATGCACATTGGC,9
rna+H3K4me3-AGCCATGCTAGGATGA,3
rna+H3K4me3-AGCCATGCTATCAGCA,10
rna+H3K4me3-AGCCATGCTCCGTCTA,11
rna+H3K4me3-AGCCATGCTCTTCACA,5
rna+H3K4me3-AGCCATGCTGAAGAGA,11
rna+H3K4me3-AGCCATGCTGGAACAA,3
rna+H3K4me3-AGCCATGCTGGCTTCA,0
rna+H3K4me3-AGCCATGCTGGTGGTA,13
rna+H3K4me3-AGCCATGCTTCACGCA,13
rna+H3K4me3-AGCCATGCAACTCACC,13
rna+H3K4me3-AGCCATGCCAGATCTG,9
rna+H3K4me3-AGCCATGCAAGAGATC,13
rna+H3K4me3-AGCCATGCAAGGACAC,4
rna+H3K4me3-AGCCATGCAATCCGTC,5
rna+H3K4me3-AGCCATGCAATGTTGC,4
rna+H3K4me3-AGCCATGCACACGACC,4
rna+H3K4me3-AGCCATGCACAGATTC,10
rna+H3K4me3-AGCCATGCAGATGTAC,4
rna+H3K4me3-AGCCATGCAGCACCTC,4
rna+H3K4me3-AGCCATGCAGCCATGC,4
rna+H3K4me3-AGCCATGCAGGCTAAC,5
rna+H3K4me3-AGCCATGCCATCAAGT,9
rna+H3K4me3-AGCCATGCATAGCGAC,8
rna+H3K4me3-AGCCATGCATCATTCC,5
rna+H3K4me3-AGCCATGCATTGGCTC,6
rna+H3K4me3-AGCCATGCCAAGGAGC,7
rna+H3K4me3-AGCCATGCCACCTTAC,8
rna+H3K4me3-AGCCATGCCCATCCTC,8
rna+H3K4me3-AGCCATGCCCGACAAC,7
rna+H3K4me3-AGCCATGCCCTAATCC,7
rna+H3K4me3-AGCCATGCCCTCTATC,2
rna+H3K4me3-AGCCATGCCGACACAC,10
rna+H3K4me3-AGCCATGCCGCTGATC,9
rna+H3K4me3-AGCCATGCCGGATTGC,5
rna+H3K4me3-AGCCATGCCTAAGGTC,5
rna+H3K4me3-AGCCATGCGAACAGGC,14
rna+H3K4me3-AGCCATGCGACAGTGC,14
rna+H3K4me3-AGCCATGCGAGTTAGC,5
rna+H3K4me3-AGCCATGCGATGAATC,2
rna+H3K4me3-AGCCATGCGCCAAGAC,8
rna+H3K4me3-AGCCATGCCGGAAGAA,5
rna+H3K4me3-AGCCATGCGTGACAAG,7
rna+H3K4me3-AGCCATGCGAACCAGA,5
rna+H3K4me3-AGCACCTCAACGTGAT,9
rna+H3K4me3-AGCACCTCACAAGCTA,1
rna+H3K4me3-AGCACCTCTTGCTGGA,1
rna+H3K4me3-AGCACCTCCTGTAGCC,8
rna+H3K4me3-AGCACCTCAGTACAAG,1
rna+H3K4me3-AGCACCTCAACAACCA,1
rna+H3K4me3-AGCACCTCAACCGAGA,1
rna+H3K4me3-AGCACCTCAACGCTTA,1
rna+H3K4me3-AGCACCTCAAGACGGA,1
rna+H3K4me3-AGCACCTCAAGGTACA,1
rna+H3K4me3-AGCACCTCACACAGAA,9
rna+H3K4me3-AGCACCTCACAGCAGA,1
rna+H3K4me3-AGCACCTCAAACATCG,9
rna+H3K4me3-AGCACCTCACCTCCAA,10
rna+H3K4me3-AGCACCTCACGCTCGA,4
rna+H3K4me3-AGCACCTCACGTATCA,1
rna+H3K4me3-AGCACCTCACTATGCA,5
rna+H3K4me3-AGCACCTCAGAGTCAA,2
rna+H3K4me3-AGCACCTCAGATCGCA,1
rna+H3K4me3-AGCACCTCAGCAGGAA,1
rna+H3K4me3-AGCACCTCAGTCACTA,1
rna+H3K4me3-AGCACCTCATCCTGTA,1
rna+H3K4me3-AGCACCTCATTGAGGA,1
rna+H3K4me3-AGCACCTCATGCCTAA,9
rna+H3K4me3-AGCACCTCCAACCACA,1
rna+H3K4me3-AGCACCTCGACTAGTA,4
rna+H3K4me3-AGCACCTCCAATGGAA,1
rna+H3K4me3-AGCACCTCCACTTCGA,4
rna+H3K4me3-AGCACCTCCAGCGTTA,10
rna+H3K4me3-AGCACCTCCATACCAA,10
rna+H3K4me3-AGCACCTCCCAGTTCA,2
rna+H3K4me3-AGCACCTCCCGAAGTA,2
rna+H3K4me3-AGCACCTCCCGTGAGA,2
rna+H3K4me3-AGCACCTCCCTCCTGA,0
rna+H3K4me3-AGCACCTCAGTGGTCA,9
rna+H3K4me3-AGCACCTCCGAACTTA,5
rna+H3K4me3-AGCACCTCCGACTGGA,0
rna+H3K4me3-AGCACCTCCGCATACA,0
rna+H3K4me3-AGCACCTCCTCAATGA,11
rna+H3K4me3-AGCACCTCCTGAGCCA,7
rna+H3K4me3-AGCACCTCCTGGCATA,4
rna+H3K4me3-AGCACCTCGAATCTGA,0
rna+H3K4me3-AGCACCTCCAAGACTA,0
rna+H3K4me3-AGCACCTCGAGCTGAA,11
rna+H3K4me3-AGCACCTCGATAGACA,11
rna+H3K4me3-AGCACCTCACCACTGT,9
rna+H3K4me3-AGCACCTCGCCACATA,0
rna+H3K4me3-AGCACCTCGCGAGTAA,0
rna+H3K4me3-AGCACCTCGCTAACGA,0
rna+H3K4me3-AGCACCTCGCTCGGTA,0
rna+H3K4me3-AGCACCTCGGAGAACA,2
rna+H3K4me3-AGCACCTCGGTGCGAA,0
rna+H3K4me3-AGCACCTCGTACGCAA,0
rna+H3K4me3-AGCACCTCGTCGTAGA,4
rna+H3K4me3-AGCACCTCGTCTGTCA,2
rna+H3K4me3-AGCACCTCGTGTTCTA,11
rna+H3K4me3-AGCACCTCACATTGGC,9
rna+H3K4me3-AGCACCTCTAGGATGA,3
rna+H3K4me3-AGCACCTCTATCAGCA,0
rna+H3K4me3-AGCACCTCTCCGTCTA,0
rna+H3K4me3-AGCACCTCTCTTCACA,4
rna+H3K4me3-AGCACCTCTGAAGAGA,3
rna+H3K4me3-AGCACCTCTGGAACAA,0
rna+H3K4me3-AGCACCTCTGGCTTCA,0
rna+H3K4me3-AGCACCTCTGGTGGTA,3
rna+H3K4me3-AGCACCTCTTCACGCA,13
rna+H3K4me3-AGCACCTCAACTCACC,13
rna+H3K4me3-AGCACCTCCAGATCTG,9
rna+H3K4me3-AGCACCTCAAGAGATC,13
rna+H3K4me3-AGCACCTCAAGGACAC,13
rna+H3K4me3-AGCACCTCAATCCGTC,5
rna+H3K4me3-AGCACCTCAATGTTGC,10
rna+H3K4me3-AGCACCTCACACGACC,4
rna+H3K4me3-AGCACCTCACAGATTC,10
rna+H3K4me3-AGCACCTCAGATGTAC,4
rna+H3K4me3-AGCACCTCAGCACCTC,4
rna+H3K4me3-AGCACCTCAGCCATGC,5
rna+H3K4me3-AGCACCTCAGGCTAAC,4
rna+H3K4me3-AGCACCTCCATCAAGT,2
rna+H3K4me3-AGCACCTCATAGCGAC,4
rna+H3K4me3-AGCACCTCATCATTCC,4
rna+H3K4me3-AGCACCTCATTGGCTC,4
rna+H3K4me3-AGCACCTCCAAGGAGC,5
rna+H3K4me3-AGCACCTCCACCTTAC,2
rna+H3K4me3-AGCACCTCCCATCCTC,2
rna+H3K4me3-AGCACCTCCCGACAAC,5
rna+H3K4me3-AGCACCTCCCTAATCC,8
rna+H3K4me3-AGCACCTCCCTCTATC,12
rna+H3K4me3-AGCACCTCCGACACAC,5
rna+H3K4me3-AGCACCTCCGCTGATC,9
rna+H3K4me3-AGCACCTCCGGATTGC,5
rna+H3K4me3-AGCACCTCCTAAGGTC,5
rna+H3K4me3-AGCACCTCGAACAGGC,14
rna+H3K4me3-AGCACCTCGACAGTGC,5
rna+H3K4me3-AGCACCTCGAGTTAGC,2
rna+H3K4me3-AGCACCTCGATGAATC,5
rna+H3K4me3-AGCACCTCGCCAAGAC,5
rna+H3K4me3-AGCACCTCCGGAAGAA,5
rna+H3K4me3-AGCACCTCGTGACAAG,8
rna+H3K4me3-AGCACCTCGAACCAGA,1
rna+H3K4me3-AGATGTACAACGTGAT,9
rna+H3K4me3-AGATGTACACAAGCTA,1
rna+H3K4me3-AGATGTACTTGCTGGA,7
rna+H3K4me3-AGATGTACCTGTAGCC,6
rna+H3K4me3-AGATGTACAGTACAAG,1
rna+H3K4me3-AGATGTACAACAACCA,1
rna+H3K4me3-AGATGTACAACCGAGA,2
rna+H3K4me3-AGATGTACAACGCTTA,9
rna+H3K4me3-AGATGTACAAGACGGA,8
rna+H3K4me3-AGATGTACAAGGTACA,1
rna+H3K4me3-AGATGTACACACAGAA,4
rna+H3K4me3-AGATGTACACAGCAGA,2
rna+H3K4me3-AGATGTACAAACATCG,9
rna+H3K4me3-AGATGTACACCTCCAA,2
rna+H3K4me3-AGATGTACACGCTCGA,1
rna+H3K4me3-AGATGTACACGTATCA,4
rna+H3K4me3-AGATGTACACTATGCA,1
rna+H3K4me3-AGATGTACAGAGTCAA,1
rna+H3K4me3-AGATGTACAGATCGCA,2
rna+H3K4me3-AGATGTACAGCAGGAA,1
rna+H3K4me3-AGATGTACAGTCACTA,1
rna+H3K4me3-AGATGTACATCCTGTA,1
rna+H3K4me3-AGATGTACATTGAGGA,5
rna+H3K4me3-AGATGTACATGCCTAA,9
rna+H3K4me3-AGATGTACCAACCACA,4
rna+H3K4me3-AGATGTACGACTAGTA,1
rna+H3K4me3-AGATGTACCAATGGAA,4
rna+H3K4me3-AGATGTACCACTTCGA,5
rna+H3K4me3-AGATGTACCAGCGTTA,4
rna+H3K4me3-AGATGTACCATACCAA,0
rna+H3K4me3-AGATGTACCCAGTTCA,0
rna+H3K4me3-AGATGTACCCGAAGTA,2
rna+H3K4me3-AGATGTACCCGTGAGA,0
rna+H3K4me3-AGATGTACCCTCCTGA,0
rna+H3K4me3-AGATGTACAGTGGTCA,9
rna+H3K4me3-AGATGTACCGAACTTA,0
rna+H3K4me3-AGATGTACCGACTGGA,2
rna+H3K4me3-AGATGTACCGCATACA,4
rna+H3K4me3-AGATGTACCTCAATGA,11
rna+H3K4me3-AGATGTACCTGAGCCA,0
rna+H3K4me3-AGATGTACCTGGCATA,4
rna+H3K4me3-AGATGTACGAATCTGA,0
rna+H3K4me3-AGATGTACCAAGACTA,3
rna+H3K4me3-AGATGTACGAGCTGAA,10
rna+H3K4me3-AGATGTACGATAGACA,3
rna+H3K4me3-AGATGTACACCACTGT,2
rna+H3K4me3-AGATGTACGCCACATA,1
rna+H3K4me3-AGATGTACGCGAGTAA,8
rna+H3K4me3-AGATGTACGCTAACGA,10
rna+H3K4me3-AGATGTACGCTCGGTA,11
rna+H3K4me3-AGATGTACGGAGAACA,11
rna+H3K4me3-AGATGTACGGTGCGAA,12
rna+H3K4me3-AGATGTACGTACGCAA,10
rna+H3K4me3-AGATGTACGTCGTAGA,0
rna+H3K4me3-AGATGTACGTCTGTCA,0
rna+H3K4me3-AGATGTACGTGTTCTA,0
rna+H3K4me3-AGATGTACACATTGGC,1
rna+H3K4me3-AGATGTACTAGGATGA,8
rna+H3K4me3-AGATGTACTATCAGCA,2
rna+H3K4me3-AGATGTACTCCGTCTA,2
rna+H3K4me3-AGATGTACTCTTCACA,4
rna+H3K4me3-AGATGTACTGAAGAGA,3
rna+H3K4me3-AGATGTACTGGAACAA,8
rna+H3K4me3-AGATGTACTGGCTTCA,3
rna+H3K4me3-AGATGTACTGGTGGTA,5
rna+H3K4me3-AGATGTACTTCACGCA,13
rna+H3K4me3-AGATGTACAACTCACC,13
rna+H3K4me3-AGATGTACCAGATCTG,4
rna+H3K4me3-AGATGTACAAGAGATC,13
rna+H3K4me3-AGATGTACAAGGACAC,13
rna+H3K4me3-AGATGTACAATCCGTC,4
rna+H3K4me3-AGATGTACAATGTTGC,8
rna+H3K4me3-AGATGTACACACGACC,8
rna+H3K4me3-AGATGTACACAGATTC,4
rna+H3K4me3-AGATGTACAGATGTAC,4
rna+H3K4me3-AGATGTACAGCACCTC,4
rna+H3K4me3-AGATGTACAGCCATGC,4
rna+H3K4me3-AGATGTACAGGCTAAC,10
rna+H3K4me3-AGATGTACCATCAAGT,2
rna+H3K4me3-AGATGTACATAGCGAC,4
rna+H3K4me3-AGATGTACATCATTCC,4
rna+H3K4me3-AGATGTACATTGGCTC,8
rna+H3K4me3-AGATGTACCAAGGAGC,2
rna+H3K4me3-AGATGTACCACCTTAC,2
rna+H3K4me3-AGATGTACCCATCCTC,2
rna+H3K4me3-AGATGTACCCGACAAC,1
rna+H3K4me3-AGATGTACCCTAATCC,1
rna+H3K4me3-AGATGTACCCTCTATC,8
rna+H3K4me3-AGATGTACCGACACAC,5
rna+H3K4me3-AGATGTACCGCTGATC,2
rna+H3K4me3-AGATGTACCGGATTGC,8
rna+H3K4me3-AGATGTACCTAAGGTC,5
rna+H3K4me3-AGATGTACGAACAGGC,14
rna+H3K4me3-AGATGTACGACAGTGC,5
rna+H3K4me3-AGATGTACGAGTTAGC,3
rna+H3K4me3-AGATGTACGATGAATC,8
rna+H3K4me3-AGATGTACGCCAAGAC,8
rna+H3K4me3-AGATGTACCGGAAGAA,1
rna+H3K4me3-AGATGTACGTGACAAG,5
rna+H3K4me3-AGATGTACGAACCAGA,5
rna+H3K4me3-ACAGATTCAACGTGAT,9
rna+H3K4me3-ACAGATTCACAAGCTA,10
rna+H3K4me3-ACAGATTCTTGCTGGA,4
rna+H3K4me3-ACAGATTCCTGTAGCC,8
rna+H3K4me3-ACAGATTCAGTACAAG,10
rna+H3K4me3-ACAGATTCAACAACCA,8
rna+H3K4me3-ACAGATTCAACCGAGA,5
rna+H3K4me3-ACAGATTCAACGCTTA,10
rna+H3K4me3-ACAGATTCAAGACGGA,9
rna+H3K4me3-ACAGATTCAAGGTACA,1
rna+H3K4me3-ACAGATTCACACAGAA,1
rna+H3K4me3-ACAGATTCACAGCAGA,1
rna+H3K4me3-ACAGATTCAAACATCG,9
rna+H3K4me3-ACAGATTCACCTCCAA,1
rna+H3K4me3-ACAGATTCACGCTCGA,1
rna+H3K4me3-ACAGATTCACGTATCA,1
rna+H3K4me3-ACAGATTCACTATGCA,5
rna+H3K4me3-ACAGATTCAGAGTCAA,1
rna+H3K4me3-ACAGATTCAGATCGCA,2
rna+H3K4me3-ACAGATTCAGCAGGAA,1
rna+H3K4me3-ACAGATTCAGTCACTA,1
rna+H3K4me3-ACAGATTCATCCTGTA,4
rna+H3K4me3-ACAGATTCATTGAGGA,4
rna+H3K4me3-ACAGATTCATGCCTAA,9
rna+H3K4me3-ACAGATTCCAACCACA,2
rna+H3K4me3-ACAGATTCGACTAGTA,4
rna+H3K4me3-ACAGATTCCAATGGAA,4
rna+H3K4me3-ACAGATTCCACTTCGA,10
rna+H3K4me3-ACAGATTCCAGCGTTA,4
rna+H3K4me3-ACAGATTCCATACCAA,0
rna+H3K4me3-ACAGATTCCCAGTTCA,8
rna+H3K4me3-ACAGATTCCCGAAGTA,0
rna+H3K4me3-ACAGATTCCCGTGAGA,8
rna+H3K4me3-ACAGATTCCCTCCTGA,0
rna+H3K4me3-ACAGATTCAGTGGTCA,9
rna+H3K4me3-ACAGATTCCGAACTTA,2
rna+H3K4me3-ACAGATTCCGACTGGA,0
rna+H3K4me3-ACAGATTCCGCATACA,4
rna+H3K4me3-ACAGATTCCTCAATGA,4
rna+H3K4me3-ACAGATTCCTGAGCCA,11
rna+H3K4me3-ACAGATTCCTGGCATA,0
rna+H3K4me3-ACAGATTCGAATCTGA,8
rna+H3K4me3-ACAGATTCCAAGACTA,0
rna+H3K4me3-ACAGATTCGAGCTGAA,0
rna+H3K4me3-ACAGATTCGATAGACA,0
rna+H3K4me3-ACAGATTCACCACTGT,9
rna+H3K4me3-ACAGATTCGCCACATA,2
rna+H3K4me3-ACAGATTCGCGAGTAA,11
rna+H3K4me3-ACAGATTCGCTAACGA,0
rna+H3K4me3-ACAGATTCGCTCGGTA,4
rna+H3K4me3-ACAGATTCGGAGAACA,0
rna+H3K4me3-ACAGATTCGGTGCGAA,0
rna+H3K4me3-ACAGATTCGTACGCAA,0
rna+H3K4me3-ACAGATTCGTCGTAGA,0
rna+H3K4me3-ACAGATTCGTCTGTCA,5
rna+H3K4me3-ACAGATTCGTGTTCTA,4
rna+H3K4me3-ACAGATTCACATTGGC,9
rna+H3K4me3-ACAGATTCTAGGATGA,4
rna+H3K4me3-ACAGATTCTATCAGCA,4
rna+H3K4me3-ACAGATTCTCCGTCTA,4
rna+H3K4me3-ACAGATTCTCTTCACA,0
rna+H3K4me3-ACAGATTCTGAAGAGA,0
rna+H3K4me3-ACAGATTCTGGAACAA,0
rna+H3K4me3-ACAGATTCTGGCTTCA,11
rna+H3K4me3-ACAGATTCTGGTGGTA,0
rna+H3K4me3-ACAGATTCTTCACGCA,13
rna+H3K4me3-ACAGATTCAACTCACC,13
rna+H3K4me3-ACAGATTCCAGATCTG,9
rna+H3K4me3-ACAGATTCAAGAGATC,13
rna+H3K4me3-ACAGATTCAAGGACAC,13
rna+H3K4me3-ACAGATTCAATCCGTC,13
rna+H3K4me3-ACAGATTCAATGTTGC,13
rna+H3K4me3-ACAGATTCACACGACC,2
rna+H3K4me3-ACAGATTCACAGATTC,4
rna+H3K4me3-ACAGATTCAGATGTAC,4
rna+H3K4me3-ACAGATTCAGCACCTC,4
rna+H3K4me3-ACAGATTCAGCCATGC,4
rna+H3K4me3-ACAGATTCAGGCTAAC,5
rna+H3K4me3-ACAGATTCCATCAAGT,5
rna+H3K4me3-ACAGATTCATAGCGAC,4
rna+H3K4me3-ACAGATTCATCATTCC,4
rna+H3K4me3-ACAGATTCATTGGCTC,4
rna+H3K4me3-ACAGATTCCAAGGAGC,4
rna+H3K4me3-ACAGATTCCACCTTAC,10
rna+H3K4me3-ACAGATTCCCATCCTC,13
rna+H3K4me3-ACAGATTCCCGACAAC,7
rna+H3K4me3-ACAGATTCCCTAATCC,5
rna+H3K4me3-ACAGATTCCCTCTATC,1
rna+H3K4me3-ACAGATTCCGACACAC,2
rna+H3K4me3-ACAGATTCCGCTGATC,9
rna+H3K4me3-ACAGATTCCGGATTGC,7
rna+H3K4me3-ACAGATTCCTAAGGTC,14
rna+H3K4me3-ACAGATTCGAACAGGC,14
rna+H3K4me3-ACAGATTCGACAGTGC,5
rna+H3K4me3-ACAGATTCGAGTTAGC,2
rna+H3K4me3-ACAGATTCGATGAATC,5
rna+H3K4me3-ACAGATTCGCCAAGAC,1
rna+H3K4me3-ACAGATTCCGGAAGAA,12
rna+H3K4me3-ACAGATTCGTGACAAG,1
rna+H3K4me3-ACAGATTCGAACCAGA,4
rna+H3K4me3-ACACGACCAACGTGAT,2
rna+H3K4me3-ACACGACCACAAGCTA,9
rna+H3K4me3-ACACGACCTTGCTGGA,4
rna+H3K4me3-ACACGACCCTGTAGCC,8
rna+H3K4me3-ACACGACCAGTACAAG,8
rna+H3K4me3-ACACGACCAACAACCA,1
rna+H3K4me3-ACACGACCAACCGAGA,1
rna+H3K4me3-ACACGACCAACGCTTA,5
rna+H3K4me3-ACACGACCAAGACGGA,1
rna+H3K4me3-ACACGACCAAGGTACA,1
rna+H3K4me3-ACACGACCACACAGAA,1
rna+H3K4me3-ACACGACCACAGCAGA,1
rna+H3K4me3-ACACGACCAAACATCG,9
rna+H3K4me3-ACACGACCACCTCCAA,1
rna+H3K4me3-ACACGACCACGCTCGA,1
rna+H3K4me3-ACACGACCACGTATCA,4
rna+H3K4me3-ACACGACCACTATGCA,1
rna+H3K4me3-ACACGACCAGAGTCAA,1
rna+H3K4me3-ACACGACCAGATCGCA,4
rna+H3K4me3-ACACGACCAGCAGGAA,1
rna+H3K4me3-ACACGACCAGTCACTA,2
rna+H3K4me3-ACACGACCATCCTGTA,2
rna+H3K4me3-ACACGACCATTGAGGA,1
rna+H3K4me3-ACACGACCATGCCTAA,9
rna+H3K4me3-ACACGACCCAACCACA,4
rna+H3K4me3-ACACGACCGACTAGTA,4
rna+H3K4me3-ACACGACCCAATGGAA,2
rna+H3K4me3-ACACGACCCACTTCGA,11
rna+H3K4me3-ACACGACCCAGCGTTA,0
rna+H3K4me3-ACACGACCCATACCAA,0
rna+H3K4me3-ACACGACCCCAGTTCA,0
rna+H3K4me3-ACACGACCCCGAAGTA,4
rna+H3K4me3-ACACGACCCCGTGAGA,4
rna+H3K4me3-ACACGACCCCTCCTGA,0
rna+H3K4me3-ACACGACCAGTGGTCA,4
rna+H3K4me3-ACACGACCCGAACTTA,0
rna+H3K4me3-ACACGACCCGACTGGA,2
rna+H3K4me3-ACACGACCCGCATACA,4
rna+H3K4me3-ACACGACCCTCAATGA,0
rna+H3K4me3-ACACGACCCTGAGCCA,0
rna+H3K4me3-ACACGACCCTGGCATA,0
rna+H3K4me3-ACACGACCGAATCTGA,0
rna+H3K4me3-ACACGACCCAAGACTA,0
rna+H3K4me3-ACACGACCGAGCTGAA,0
rna+H3K4me3-ACACGACCGATAGACA,0
rna+H3K4me3-ACACGACCACCACTGT,9
rna+H3K4me3-ACACGACCGCCACATA,11
rna+H3K4me3-ACACGACCGCGAGTAA,4
rna+H3K4me3-ACACGACCGCTAACGA,0
rna+H3K4me3-ACACGACCGCTCGGTA,2
rna+H3K4me3-ACACGACCGGAGAACA,0
rna+H3K4me3-ACACGACCGGTGCGAA,8
rna+H3K4me3-ACACGACCGTACGCAA,5
rna+H3K4me3-ACACGACCGTCGTAGA,0
rna+H3K4me3-ACACGACCGTCTGTCA,0
rna+H3K4me3-ACACGACCGTGTTCTA,11
rna+H3K4me3-ACACGACCACATTGGC,9
rna+H3K4me3-ACACGACCTAGGATGA,5
rna+H3K4me3-ACACGACCTATCAGCA,4
rna+H3K4me3-ACACGACCTCCGTCTA,11
rna+H3K4me3-ACACGACCTCTTCACA,0
rna+H3K4me3-ACACGACCTGAAGAGA,2
rna+H3K4me3-ACACGACCTGGAACAA,3
rna+H3K4me3-ACACGACCTGGCTTCA,8
rna+H3K4me3-ACACGACCTGGTGGTA,3
rna+H3K4me3-ACACGACCTTCACGCA,0
rna+H3K4me3-ACACGACCAACTCACC,13
rna+H3K4me3-ACACGACCCAGATCTG,9
rna+H3K4me3-ACACGACCAAGAGATC,13
rna+H3K4me3-ACACGACCAAGGACAC,13
rna+H3K4me3-ACACGACCAATCCGTC,13
rna+H3K4me3-ACACGACCAATGTTGC,13
rna+H3K4me3-ACACGACCACACGACC,10
rna+H3K4me3-ACACGACCACAGATTC,4
rna+H3K4me3-ACACGACCAGATGTAC,4
rna+H3K4me3-ACACGACCAGCACCTC,2
rna+H3K4me3-ACACGACCAGCCATGC,4
rna+H3K4me3-ACACGACCAGGCTAAC,4
rna+H3K4me3-ACACGACCCATCAAGT,2
rna+H3K4me3-ACACGACCATAGCGAC,4
rna+H3K4me3-ACACGACCATCATTCC,10
rna+H3K4me3-ACACGACCATTGGCTC,4
rna+H3K4me3-ACACGACCCAAGGAGC,4
rna+H3K4me3-ACACGACCCACCTTAC,4
rna+H3K4me3-ACACGACCCCATCCTC,6
rna+H3K4me3-ACACGACCCCGACAAC,4
rna+H3K4me3-ACACGACCCCTAATCC,5
rna+H3K4me3-ACACGACCCCTCTATC,5
rna+H3K4me3-ACACGACCCGACACAC,1
rna+H3K4me3-ACACGACCCGCTGATC,9
rna+H3K4me3-ACACGACCCGGATTGC,5
rna+H3K4me3-ACACGACCCTAAGGTC,2
rna+H3K4me3-ACACGACCGAACAGGC,14
rna+H3K4me3-ACACGACCGACAGTGC,14
rna+H3K4me3-ACACGACCGAGTTAGC,8
rna+H3K4me3-ACACGACCGATGAATC,5
rna+H3K4me3-ACACGACCGCCAAGAC,1
rna+H3K4me3-ACACGACCCGGAAGAA,5
rna+H3K4me3-ACACGACCGTGACAAG,4
rna+H3K4me3-ACACGACCGAACCAGA,4
rna+H3K4me3-AATGTTGCAACGTGAT,9
rna+H3K4me3-AATGTTGCACAAGCTA,5
rna+H3K4me3-AATGTTGCTTGCTGGA,5
rna+H3K4me3-AATGTTGCCTGTAGCC,1
rna+H3K4me3-AATGTTGCAGTACAAG,8
rna+H3K4me3-AATGTTGCAACAACCA,1
rna+H3K4me3-AATGTTGCAACCGAGA,2
rna+H3K4me3-AATGTTGCAACGCTTA,1
rna+H3K4me3-AATGTTGCAAGACGGA,2
rna+H3K4me3-AATGTTGCAAGGTACA,9
rna+H3K4me3-AATGTTGCACACAGAA,1
rna+H3K4me3-AATGTTGCACAGCAGA,1
rna+H3K4me3-AATGTTGCAAACATCG,9
rna+H3K4me3-AATGTTGCACCTCCAA,1
rna+H3K4me3-AATGTTGCACGCTCGA,1
rna+H3K4me3-AATGTTGCACGTATCA,1
rna+H3K4me3-AATGTTGCACTATGCA,1
rna+H3K4me3-AATGTTGCAGAGTCAA,1
rna+H3K4me3-AATGTTGCAGATCGCA,1
rna+H3K4me3-AATGTTGCAGCAGGAA,1
rna+H3K4me3-AATGTTGCAGTCACTA,1
rna+H3K4me3-AATGTTGCATCCTGTA,1
rna+H3K4me3-AATGTTGCATTGAGGA,11
rna+H3K4me3-AATGTTGCATGCCTAA,9
rna+H3K4me3-AATGTTGCCAACCACA,4
rna+H3K4me3-AATGTTGCGACTAGTA,11
rna+H3K4me3-AATGTTGCCAATGGAA,8
rna+H3K4me3-AATGTTGCCACTTCGA,4
rna+H3K4me3-AATGTTGCCAGCGTTA,0
rna+H3K4me3-AATGTTGCCATACCAA,0
rna+H3K4me3-AATGTTGCCCAGTTCA,2
rna+H3K4me3-AATGTTGCCCGAAGTA,3
rna+H3K4me3-AATGTTGCCCGTGAGA,11
rna+H3K4me3-AATGTTGCCCTCCTGA,0
rna+H3K4me3-AATGTTGCAGTGGTCA,3
rna+H3K4me3-AATGTTGCCGAACTTA,0
rna+H3K4me3-AATGTTGCCGACTGGA,11
rna+H3K4me3-AATGTTGCCGCATACA,8
rna+H3K4me3-AATGTTGCCTCAATGA,0
rna+H3K4me3-AATGTTGCCTGAGCCA,2
rna+H3K4me3-AATGTTGCCTGGCATA,0
rna+H3K4me3-AATGTTGCGAATCTGA,0
rna+H3K4me3-AATGTTGCCAAGACTA,11
rna+H3K4me3-AATGTTGCGAGCTGAA,0
rna+H3K4me3-AATGTTGCGATAGACA,0
rna+H3K4me3-AATGTTGCACCACTGT,2
rna+H3K4me3-AATGTTGCGCCACATA,11
rna+H3K4me3-AATGTTGCGCGAGTAA,0
rna+H3K4me3-AATGTTGCGCTAACGA,0
rna+H3K4me3-AATGTTGCGCTCGGTA,4
rna+H3K4me3-AATGTTGCGGAGAACA,4
rna+H3K4me3-AATGTTGCGGTGCGAA,0
rna+H3K4me3-AATGTTGCGTACGCAA,0
rna+H3K4me3-AATGTTGCGTCGTAGA,0
rna+H3K4me3-AATGTTGCGTCTGTCA,0
rna+H3K4me3-AATGTTGCGTGTTCTA,3
rna+H3K4me3-AATGTTGCACATTGGC,9
rna+H3K4me3-AATGTTGCTAGGATGA,0
rna+H3K4me3-AATGTTGCTATCAGCA,11
rna+H3K4me3-AATGTTGCTCCGTCTA,0
rna+H3K4me3-AATGTTGCTCTTCACA,4
rna+H3K4me3-AATGTTGCTGAAGAGA,0
rna+H3K4me3-AATGTTGCTGGAACAA,0
rna+H3K4me3-AATGTTGCTGGCTTCA,8
rna+H3K4me3-AATGTTGCTGGTGGTA,0
rna+H3K4me3-AATGTTGCTTCACGCA,8
rna+H3K4me3-AATGTTGCAACTCACC,8
rna+H3K4me3-AATGTTGCCAGATCTG,12
rna+H3K4me3-AATGTTGCAAGAGATC,13
rna+H3K4me3-AATGTTGCAAGGACAC,13
rna+H3K4me3-AATGTTGCAATCCGTC,13
rna+H3K4me3-AATGTTGCAATGTTGC,13
rna+H3K4me3-AATGTTGCACACGACC,13
rna+H3K4me3-AATGTTGCACAGATTC,4
rna+H3K4me3-AATGTTGCAGATGTAC,4
rna+H3K4me3-AATGTTGCAGCACCTC,4
rna+H3K4me3-AATGTTGCAGCCATGC,4
rna+H3K4me3-AATGTTGCAGGCTAAC,10
rna+H3K4me3-AATGTTGCCATCAAGT,8
rna+H3K4me3-AATGTTGCATAGCGAC,4
rna+H3K4me3-AATGTTGCATCATTCC,4
rna+H3K4me3-AATGTTGCATTGGCTC,10
rna+H3K4me3-AATGTTGCCAAGGAGC,10
rna+H3K4me3-AATGTTGCCACCTTAC,5
rna+H3K4me3-AATGTTGCCCATCCTC,7
rna+H3K4me3-AATGTTGCCCGACAAC,7
rna+H3K4me3-AATGTTGCCCTAATCC,4
rna+H3K4me3-AATGTTGCCCTCTATC,10
rna+H3K4me3-AATGTTGCCGACACAC,1
rna+H3K4me3-AATGTTGCCGCTGATC,9
rna+H3K4me3-AATGTTGCCGGATTGC,10
rna+H3K4me3-AATGTTGCCTAAGGTC,14
rna+H3K4me3-AATGTTGCGAACAGGC,14
rna+H3K4me3-AATGTTGCGACAGTGC,14
rna+H3K4me3-AATGTTGCGAGTTAGC,5
rna+H3K4me3-AATGTTGCGATGAATC,1
rna+H3K4me3-AATGTTGCGCCAAGAC,1
rna+H3K4me3-AATGTTGCCGGAAGAA,10
rna+H3K4me3-AATGTTGCGTGACAAG,5
rna+H3K4me3-AATGTTGCGAACCAGA,4
rna+H3K4me3-AATCCGTCAACGTGAT,9
rna+H3K4me3-AATCCGTCACAAGCTA,2
rna+H3K4me3-AATCCGTCTTGCTGGA,4
rna+H3K4me3-AATCCGTCCTGTAGCC,9
rna+H3K4me3-AATCCGTCAGTACAAG,1
rna+H3K4me3-AATCCGTCAACAACCA,1
rna+H3K4me3-AATCCGTCAACCGAGA,10
rna+H3K4me3-AATCCGTCAACGCTTA,8
rna+H3K4me3-AATCCGTCAAGACGGA,2
rna+H3K4me3-AATCCGTCAAGGTACA,1
rna+H3K4me3-AATCCGTCACACAGAA,10
rna+H3K4me3-AATCCGTCACAGCAGA,1
rna+H3K4me3-AATCCGTCAAACATCG,9
rna+H3K4me3-AATCCGTCACCTCCAA,1
rna+H3K4me3-AATCCGTCACGCTCGA,2
rna+H3K4me3-AATCCGTCACGTATCA,1
rna+H3K4me3-AATCCGTCACTATGCA,4
rna+H3K4me3-AATCCGTCAGAGTCAA,1
rna+H3K4me3-AATCCGTCAGATCGCA,1
rna+H3K4me3-AATCCGTCAGCAGGAA,1
rna+H3K4me3-AATCCGTCAGTCACTA,1
rna+H3K4me3-AATCCGTCATCCTGTA,1
rna+H3K4me3-AATCCGTCATTGAGGA,4
rna+H3K4me3-AATCCGTCATGCCTAA,9
rna+H3K4me3-AATCCGTCCAACCACA,4
rna+H3K4me3-AATCCGTCGACTAGTA,8
rna+H3K4me3-AATCCGTCCAATGGAA,0
rna+H3K4me3-AATCCGTCCACTTCGA,0
rna+H3K4me3-AATCCGTCCAGCGTTA,0
rna+H3K4me3-AATCCGTCCATACCAA,11
rna+H3K4me3-AATCCGTCCCAGTTCA,0
rna+H3K4me3-AATCCGTCCCGAAGTA,0
rna+H3K4me3-AATCCGTCCCGTGAGA,0
rna+H3K4me3-AATCCGTCCCTCCTGA,0
rna+H3K4me3-AATCCGTCAGTGGTCA,9
rna+H3K4me3-AATCCGTCCGAACTTA,10
rna+H3K4me3-AATCCGTCCGACTGGA,0
rna+H3K4me3-AATCCGTCCGCATACA,6
rna+H3K4me3-AATCCGTCCTCAATGA,0
rna+H3K4me3-AATCCGTCCTGAGCCA,0
rna+H3K4me3-AATCCGTCCTGGCATA,10
rna+H3K4me3-AATCCGTCGAATCTGA,11
rna+H3K4me3-AATCCGTCCAAGACTA,8
rna+H3K4me3-AATCCGTCGAGCTGAA,4
rna+H3K4me3-AATCCGTCGATAGACA,0
rna+H3K4me3-AATCCGTCACCACTGT,9
rna+H3K4me3-AATCCGTCGCCACATA,11
rna+H3K4me3-AATCCGTCGCGAGTAA,0
rna+H3K4me3-AATCCGTCGCTAACGA,0
rna+H3K4me3-AATCCGTCGCTCGGTA,0
rna+H3K4me3-AATCCGTCGGAGAACA,7
rna+H3K4me3-AATCCGTCGGTGCGAA,0
rna+H3K4me3-AATCCGTCGTACGCAA,11
rna+H3K4me3-AATCCGTCGTCGTAGA,0
rna+H3K4me3-AATCCGTCGTCTGTCA,3
rna+H3K4me3-AATCCGTCGTGTTCTA,11
rna+H3K4me3-AATCCGTCACATTGGC,2
rna+H3K4me3-AATCCGTCTAGGATGA,4
rna+H3K4me3-AATCCGTCTATCAGCA,0
rna+H3K4me3-AATCCGTCTCCGTCTA,0
rna+H3K4me3-AATCCGTCTCTTCACA,3
rna+H3K4me3-AATCCGTCTGAAGAGA,0
rna+H3K4me3-AATCCGTCTGGAACAA,8
rna+H3K4me3-AATCCGTCTGGCTTCA,0
rna+H3K4me3-AATCCGTCTGGTGGTA,11
rna+H3K4me3-AATCCGTCTTCACGCA,3
rna+H3K4me3-AATCCGTCAACTCACC,13
rna+H3K4me3-AATCCGTCCAGATCTG,9
rna+H3K4me3-AATCCGTCAAGAGATC,11
rna+H3K4me3-AATCCGTCAAGGACAC,13
rna+H3K4me3-AATCCGTCAATCCGTC,13
rna+H3K4me3-AATCCGTCAATGTTGC,13
rna+H3K4me3-AATCCGTCACACGACC,13
rna+H3K4me3-AATCCGTCACAGATTC,13
rna+H3K4me3-AATCCGTCAGATGTAC,5
rna+H3K4me3-AATCCGTCAGCACCTC,10
rna+H3K4me3-AATCCGTCAGCCATGC,4
rna+H3K4me3-AATCCGTCAGGCTAAC,10
rna+H3K4me3-AATCCGTCCATCAAGT,6
rna+H3K4me3-AATCCGTCATAGCGAC,4
rna+H3K4me3-AATCCGTCATCATTCC,2
rna+H3K4me3-AATCCGTCATTGGCTC,4
rna+H3K4me3-AATCCGTCCAAGGAGC,4
rna+H3K4me3-AATCCGTCCACCTTAC,4
rna+H3K4me3-AATCCGTCCCATCCTC,10
rna+H3K4me3-AATCCGTCCCGACAAC,2
rna+H3K4me3-AATCCGTCCCTAATCC,14
rna+H3K4me3-AATCCGTCCCTCTATC,4
rna+H3K4me3-AATCCGTCCGACACAC,1
rna+H3K4me3-AATCCGTCCGCTGATC,7
rna+H3K4me3-AATCCGTCCGGATTGC,5
rna+H3K4me3-AATCCGTCCTAAGGTC,5
rna+H3K4me3-AATCCGTCGAACAGGC,14
rna+H3K4me3-AATCCGTCGACAGTGC,5
rna+H3K4me3-AATCCGTCGAGTTAGC,5
rna+H3K4me3-AATCCGTCGATGAATC,1
rna+H3K4me3-AATCCGTCGCCAAGAC,2
rna+H3K4me3-AATCCGTCCGGAAGAA,4
rna+H3K4me3-AATCCGTCGTGACAAG,5
rna+H3K4me3-AATCCGTCGAACCAGA,10
rna+H3K4me3-GAACCAGAAACGTGAT,12
rna+H3K4me3-GAACCAGAACAAGCTA,2
rna+H3K4me3-GAACCAGATTGCTGGA,1
rna+H3K4me3-GAACCAGACTGTAGCC,9
rna+H3K4me3-GAACCAGAAGTACAAG,9
rna+H3K4me3-GAACCAGAAACAACCA,1
rna+H3K4me3-GAACCAGAAACCGAGA,9
rna+H3K4me3-GAACCAGAAACGCTTA,9
rna+H3K4me3-GAACCAGAAAGACGGA,9
rna+H3K4me3-GAACCAGAAAGGTACA,1
rna+H3K4me3-GAACCAGAACACAGAA,9
rna+H3K4me3-GAACCAGAACAGCAGA,9
rna+H3K4me3-GAACCAGAAAACATCG,5
rna+H3K4me3-GAACCAGAACCTCCAA,9
rna+H3K4me3-GAACCAGAACGCTCGA,9
rna+H3K4me3-GAACCAGAACGTATCA,9
rna+H3K4me3-GAACCAGAACTATGCA,2
rna+H3K4me3-GAACCAGAAGAGTCAA,9
rna+H3K4me3-GAACCAGAAGATCGCA,8
rna+H3K4me3-GAACCAGAAGCAGGAA,2
rna+H3K4me3-GAACCAGAAGTCACTA,4
rna+H3K4me3-GAACCAGAATCCTGTA,9
rna+H3K4me3-GAACCAGAATTGAGGA,1
rna+H3K4me3-GAACCAGAATGCCTAA,5
rna+H3K4me3-GAACCAGACAACCACA,9
rna+H3K4me3-GAACCAGAGACTAGTA,2
rna+H3K4me3-GAACCAGACAATGGAA,10
rna+H3K4me3-GAACCAGACACTTCGA,9
rna+H3K4me3-GAACCAGACAGCGTTA,4
rna+H3K4me3-GAACCAGACATACCAA,2
rna+H3K4me3-GAACCAGACCAGTTCA,4
rna+H3K4me3-GAACCAGACCGAAGTA,4
rna+H3K4me3-GAACCAGACCGTGAGA,13
rna+H3K4me3-GAACCAGACCTCCTGA,1
rna+H3K4me3-GAACCAGAAGTGGTCA,9
rna+H3K4me3-GAACCAGACGAACTTA,1
rna+H3K4me3-GAACCAGACGACTGGA,1
rna+H3K4me3-GAACCAGACGCATACA,1
rna+H3K4me3-GAACCAGACTCAATGA,9
rna+H3K4me3-GAACCAGACTGAGCCA,3
rna+H3K4me3-GAACCAGACTGGCATA,1
rna+H3K4me3-GAACCAGAGAATCTGA,1
rna+H3K4me3-GAACCAGACAAGACTA,11
rna+H3K4me3-GAACCAGAGAGCTGAA,1
rna+H3K4me3-GAACCAGAGATAGACA,1
rna+H3K4me3-GAACCAGAACCACTGT,1
rna+H3K4me3-GAACCAGAGCCACATA,11
rna+H3K4me3-GAACCAGAGCGAGTAA,1
rna+H3K4me3-GAACCAGAGCTAACGA,1
rna+H3K4me3-GAACCAGAGCTCGGTA,1
rna+H3K4me3-GAACCAGAGGAGAACA,1
rna+H3K4me3-GAACCAGAGGTGCGAA,8
rna+H3K4me3-GAACCAGAGTACGCAA,1
rna+H3K4me3-GAACCAGAGTCGTAGA,1
rna+H3K4me3-GAACCAGAGTCTGTCA,1
rna+H3K4me3-GAACCAGAGTGTTCTA,11
rna+H3K4me3-GAACCAGAACATTGGC,8
rna+H3K4me3-GAACCAGATAGGATGA,1
rna+H3K4me3-GAACCAGATATCAGCA,1
rna+H3K4me3-GAACCAGATCCGTCTA,8
rna+H3K4me3-GAACCAGATCTTCACA,5
rna+H3K4me3-GAACCAGATGAAGAGA,4
rna+H3K4me3-GAACCAGATGGAACAA,1
rna+H3K4me3-GAACCAGATGGCTTCA,1
rna+H3K4me3-GAACCAGATGGTGGTA,2
rna+H3K4me3-GAACCAGATTCACGCA,1
rna+H3K4me3-GAACCAGAAACTCACC,1
rna+H3K4me3-GAACCAGACAGATCTG,9
rna+H3K4me3-GAACCAGAAAGAGATC,1
rna+H3K4me3-GAACCAGAAAGGACAC,1
rna+H3K4me3-GAACCAGAAATCCGTC,1
rna+H3K4me3-GAACCAGAAATGTTGC,1
rna+H3K4me3-GAACCAGAACACGACC,2
rna+H3K4me3-GAACCAGAACAGATTC,8
rna+H3K4me3-GAACCAGAAGATGTAC,1
rna+H3K4me3-GAACCAGAAGCACCTC,1
rna+H3K4me3-GAACCAGAAGCCATGC,2
rna+H3K4me3-GAACCAGAAGGCTAAC,6
rna+H3K4me3-GAACCAGACATCAAGT,9
rna+H3K4me3-GAACCAGAATAGCGAC,9
rna+H3K4me3-GAACCAGAATCATTCC,2
rna+H3K4me3-GAACCAGAATTGGCTC,2
rna+H3K4me3-GAACCAGACAAGGAGC,14
rna+H3K4me3-GAACCAGACACCTTAC,8
rna+H3K4me3-GAACCAGACCATCCTC,1
rna+H3K4me3-GAACCAGACCGACAAC,1
rna+H3K4me3-GAACCAGACCTAATCC,1
rna+H3K4me3-GAACCAGACCTCTATC,2
rna+H3K4me3-GAACCAGACGACACAC,7
rna+H3K4me3-GAACCAGACGCTGATC,9
rna+H3K4me3-GAACCAGACGGATTGC,10
rna+H3K4me3-GAACCAGACTAAGGTC,2
rna+H3K4me3-GAACCAGAGAACAGGC,2
rna+H3K4me3-GAACCAGAGACAGTGC,10
rna+H3K4me3-GAACCAGAGAGTTAGC,5
rna+H3K4me3-GAACCAGAGATGAATC,5
rna+H3K4me3-GAACCAGAGCCAAGAC,1
rna+H3K4me3-GAACCAGACGGAAGAA,1
rna+H3K4me3-GAACCAGAGTGACAAG,2
rna+H3K4me3-GAACCAGAGAACCAGA,8
rna+H3K4me3-AAGGACACAACGTGAT,9
rna+H3K4me3-AAGGACACACAAGCTA,1
rna+H3K4me3-AAGGACACTTGCTGGA,7
rna+H3K4me3-AAGGACACCTGTAGCC,9
rna+H3K4me3-AAGGACACAGTACAAG,11
rna+H3K4me3-AAGGACACAACAACCA,1
rna+H3K4me3-AAGGACACAACCGAGA,1
rna+H3K4me3-AAGGACACAACGCTTA,1
rna+H3K4me3-AAGGACACAAGACGGA,6
rna+H3K4me3-AAGGACACAAGGTACA,1
rna+H3K4me3-AAGGACACACACAGAA,1
rna+H3K4me3-AAGGACACACAGCAGA,6
rna+H3K4me3-AAGGACACAAACATCG,9
rna+H3K4me3-AAGGACACACCTCCAA,2
rna+H3K4me3-AAGGACACACGCTCGA,2
rna+H3K4me3-AAGGACACACGTATCA,2
rna+H3K4me3-AAGGACACACTATGCA,8
rna+H3K4me3-AAGGACACAGAGTCAA,9
rna+H3K4me3-AAGGACACAGATCGCA,2
rna+H3K4me3-AAGGACACAGCAGGAA,2
rna+H3K4me3-AAGGACACAGTCACTA,2
rna+H3K4me3-AAGGACACATCCTGTA,4
rna+H3K4me3-AAGGACACATTGAGGA,5
rna+H3K4me3-AAGGACACATGCCTAA,9
rna+H3K4me3-AAGGACACCAACCACA,4
rna+H3K4me3-AAGGACACGACTAGTA,11
rna+H3K4me3-AAGGACACCAATGGAA,3
rna+H3K4me3-AAGGACACCACTTCGA,0
rna+H3K4me3-AAGGACACCAGCGTTA,0
rna+H3K4me3-AAGGACACCATACCAA,0
rna+H3K4me3-AAGGACACCCAGTTCA,0
rna+H3K4me3-AAGGACACCCGAAGTA,2
rna+H3K4me3-AAGGACACCCGTGAGA,8
rna+H3K4me3-AAGGACACCCTCCTGA,0
rna+H3K4me3-AAGGACACAGTGGTCA,9
rna+H3K4me3-AAGGACACCGAACTTA,0
rna+H3K4me3-AAGGACACCGACTGGA,0
rna+H3K4me3-AAGGACACCGCATACA,0
rna+H3K4me3-AAGGACACCTCAATGA,0
rna+H3K4me3-AAGGACACCTGAGCCA,0
rna+H3K4me3-AAGGACACCTGGCATA,8
rna+H3K4me3-AAGGACACGAATCTGA,12
rna+H3K4me3-AAGGACACCAAGACTA,0
rna+H3K4me3-AAGGACACGAGCTGAA,2
rna+H3K4me3-AAGGACACGATAGACA,2
rna+H3K4me3-AAGGACACACCACTGT,9
rna+H3K4me3-AAGGACACGCCACATA,9
rna+H3K4me3-AAGGACACGCGAGTAA,3
rna+H3K4me3-AAGGACACGCTAACGA,2
rna+H3K4me3-AAGGACACGCTCGGTA,12
rna+H3K4me3-AAGGACACGGAGAACA,0
rna+H3K4me3-AAGGACACGGTGCGAA,11
rna+H3K4me3-AAGGACACGTACGCAA,0
rna+H3K4me3-AAGGACACGTCGTAGA,0
rna+H3K4me3-AAGGACACGTCTGTCA,0
rna+H3K4me3-AAGGACACGTGTTCTA,0
rna+H3K4me3-AAGGACACACATTGGC,9
rna+H3K4me3-AAGGACACTAGGATGA,0
rna+H3K4me3-AAGGACACTATCAGCA,0
rna+H3K4me3-AAGGACACTCCGTCTA,3
rna+H3K4me3-AAGGACACTCTTCACA,3
rna+H3K4me3-AAGGACACTGAAGAGA,8
rna+H3K4me3-AAGGACACTGGAACAA,10
rna+H3K4me3-AAGGACACTGGCTTCA,0
rna+H3K4me3-AAGGACACTGGTGGTA,0
rna+H3K4me3-AAGGACACTTCACGCA,0
rna+H3K4me3-AAGGACACAACTCACC,3
rna+H3K4me3-AAGGACACCAGATCTG,1
rna+H3K4me3-AAGGACACAAGAGATC,5
rna+H3K4me3-AAGGACACAAGGACAC,3
rna+H3K4me3-AAGGACACAATCCGTC,13
rna+H3K4me3-AAGGACACAATGTTGC,13
rna+H3K4me3-AAGGACACACACGACC,13
rna+H3K4me3-AAGGACACACAGATTC,13
rna+H3K4me3-AAGGACACAGATGTAC,5
rna+H3K4me3-AAGGACACAGCACCTC,4
rna+H3K4me3-AAGGACACAGCCATGC,10
rna+H3K4me3-AAGGACACAGGCTAAC,4
rna+H3K4me3-AAGGACACCATCAAGT,1
rna+H3K4me3-AAGGACACATAGCGAC,4
rna+H3K4me3-AAGGACACATCATTCC,4
rna+H3K4me3-AAGGACACATTGGCTC,4
rna+H3K4me3-AAGGACACCAAGGAGC,4
rna+H3K4me3-AAGGACACCACCTTAC,4
rna+H3K4me3-AAGGACACCCATCCTC,4
rna+H3K4me3-AAGGACACCCGACAAC,4
rna+H3K4me3-AAGGACACCCTAATCC,4
rna+H3K4me3-AAGGACACCCTCTATC,12
rna+H3K4me3-AAGGACACCGACACAC,1
rna+H3K4me3-AAGGACACCGCTGATC,1
rna+H3K4me3-AAGGACACCGGATTGC,10
rna+H3K4me3-AAGGACACCTAAGGTC,2
rna+H3K4me3-AAGGACACGAACAGGC,14
rna+H3K4me3-AAGGACACGACAGTGC,2
rna+H3K4me3-AAGGACACGAGTTAGC,5
rna+H3K4me3-AAGGACACGATGAATC,1
rna+H3K4me3-AAGGACACGCCAAGAC,8
rna+H3K4me3-AAGGACACCGGAAGAA,4
rna+H3K4me3-AAGGACACGTGACAAG,2
rna+H3K4me3-AAGGACACGAACCAGA,4
rna+H3K4me3-AAGAGATCAACGTGAT,9
rna+H3K4me3-AAGAGATCACAAGCTA,1
rna+H3K4me3-AAGAGATCTTGCTGGA,8
rna+H3K4me3-AAGAGATCCTGTAGCC,9
rna+H3K4me3-AAGAGATCAGTACAAG,2
rna+H3K4me3-AAGAGATCAACAACCA,9
rna+H3K4me3-AAGAGATCAACCGAGA,4
rna+H3K4me3-AAGAGATCAACGCTTA,1
rna+H3K4me3-AAGAGATCAAGACGGA,1
rna+H3K4me3-AAGAGATCAAGGTACA,1
rna+H3K4me3-AAGAGATCACACAGAA,1
rna+H3K4me3-AAGAGATCACAGCAGA,1
rna+H3K4me3-AAGAGATCAAACATCG,9
rna+H3K4me3-AAGAGATCACCTCCAA,2
rna+H3K4me3-AAGAGATCACGCTCGA,2
rna+H3K4me3-AAGAGATCACGTATCA,1
rna+H3K4me3-AAGAGATCACTATGCA,2
rna+H3K4me3-AAGAGATCAGAGTCAA,2
rna+H3K4me3-AAGAGATCAGATCGCA,1
rna+H3K4me3-AAGAGATCAGCAGGAA,4
rna+H3K4me3-AAGAGATCAGTCACTA,4
rna+H3K4me3-AAGAGATCATCCTGTA,4
rna+H3K4me3-AAGAGATCATTGAGGA,6
rna+H3K4me3-AAGAGATCATGCCTAA,9
rna+H3K4me3-AAGAGATCCAACCACA,0
rna+H3K4me3-AAGAGATCGACTAGTA,0
rna+H3K4me3-AAGAGATCCAATGGAA,0
rna+H3K4me3-AAGAGATCCACTTCGA,7
rna+H3K4me3-AAGAGATCCAGCGTTA,0
rna+H3K4me3-AAGAGATCCATACCAA,1
rna+H3K4me3-AAGAGATCCCAGTTCA,0
rna+H3K4me3-AAGAGATCCCGAAGTA,4
rna+H3K4me3-AAGAGATCCCGTGAGA,0
rna+H3K4me3-AAGAGATCCCTCCTGA,2
rna+H3K4me3-AAGAGATCAGTGGTCA,9
rna+H3K4me3-AAGAGATCCGAACTTA,5
rna+H3K4me3-AAGAGATCCGACTGGA,0
rna+H3K4me3-AAGAGATCCGCATACA,0
rna+H3K4me3-AAGAGATCCTCAATGA,0
rna+H3K4me3-AAGAGATCCTGAGCCA,0
rna+H3K4me3-AAGAGATCCTGGCATA,0
rna+H3K4me3-AAGAGATCGAATCTGA,0
rna+H3K4me3-AAGAGATCCAAGACTA,0
rna+H3K4me3-AAGAGATCGAGCTGAA,11
rna+H3K4me3-AAGAGATCGATAGACA,2
rna+H3K4me3-AAGAGATCACCACTGT,9
rna+H3K4me3-AAGAGATCGCCACATA,5
rna+H3K4me3-AAGAGATCGCGAGTAA,0
rna+H3K4me3-AAGAGATCGCTAACGA,4
rna+H3K4me3-AAGAGATCGCTCGGTA,2
rna+H3K4me3-AAGAGATCGGAGAACA,0
rna+H3K4me3-AAGAGATCGGTGCGAA,2
rna+H3K4me3-AAGAGATCGTACGCAA,0
rna+H3K4me3-AAGAGATCGTCGTAGA,0
rna+H3K4me3-AAGAGATCGTCTGTCA,2
rna+H3K4me3-AAGAGATCGTGTTCTA,3
rna+H3K4me3-AAGAGATCACATTGGC,8
rna+H3K4me3-AAGAGATCTAGGATGA,0
rna+H3K4me3-AAGAGATCTATCAGCA,0
rna+H3K4me3-AAGAGATCTCCGTCTA,3
rna+H3K4me3-AAGAGATCTCTTCACA,0
rna+H3K4me3-AAGAGATCTGAAGAGA,3
rna+H3K4me3-AAGAGATCTGGAACAA,11
rna+H3K4me3-AAGAGATCTGGCTTCA,3
rna+H3K4me3-AAGAGATCTGGTGGTA,3
rna+H3K4me3-AAGAGATCTTCACGCA,0
rna+H3K4me3-AAGAGATCAACTCACC,0
rna+H3K4me3-AAGAGATCCAGATCTG,2
rna+H3K4me3-AAGAGATCAAGAGATC,5
rna+H3K4me3-AAGAGATCAAGGACAC,13
rna+H3K4me3-AAGAGATCAATCCGTC,13
rna+H3K4me3-AAGAGATCAATGTTGC,13
rna+H3K4me3-AAGAGATCACACGACC,5
rna+H3K4me3-AAGAGATCACAGATTC,13
rna+H3K4me3-AAGAGATCAGATGTAC,13
rna+H3K4me3-AAGAGATCAGCACCTC,10
rna+H3K4me3-AAGAGATCAGCCATGC,4
rna+H3K4me3-AAGAGATCAGGCTAAC,4
rna+H3K4me3-AAGAGATCCATCAAGT,9
rna+H3K4me3-AAGAGATCATAGCGAC,4
rna+H3K4me3-AAGAGATCATCATTCC,4
rna+H3K4me3-AAGAGATCATTGGCTC,5
rna+H3K4me3-AAGAGATCCAAGGAGC,4
rna+H3K4me3-AAGAGATCCACCTTAC,10
rna+H3K4me3-AAGAGATCCCATCCTC,4
rna+H3K4me3-AAGAGATCCCGACAAC,4
rna+H3K4me3-AAGAGATCCCTAATCC,4
rna+H3K4me3-AAGAGATCCCTCTATC,4
rna+H3K4me3-AAGAGATCCGACACAC,4
rna+H3K4me3-AAGAGATCCGCTGATC,4
rna+H3K4me3-AAGAGATCCGGATTGC,2
rna+H3K4me3-AAGAGATCCTAAGGTC,2
rna+H3K4me3-AAGAGATCGAACAGGC,4
rna+H3K4me3-AAGAGATCGACAGTGC,14
rna+H3K4me3-AAGAGATCGAGTTAGC,1
rna+H3K4me3-AAGAGATCGATGAATC,5
rna+H3K4me3-AAGAGATCGCCAAGAC,4
rna+H3K4me3-AAGAGATCCGGAAGAA,4
rna+H3K4me3-AAGAGATCGTGACAAG,2
rna+H3K4me3-AAGAGATCGAACCAGA,4
rna+H3K4me3-AACTCACCAACGTGAT,9
rna+H3K4me3-AACTCACCACAAGCTA,5
rna+H3K4me3-AACTCACCTTGCTGGA,4
rna+H3K4me3-AACTCACCCTGTAGCC,2
rna+H3K4me3-AACTCACCAGTACAAG,9
rna+H3K4me3-AACTCACCAACAACCA,1
rna+H3K4me3-AACTCACCAACCGAGA,1
rna+H3K4me3-AACTCACCAACGCTTA,1
rna+H3K4me3-AACTCACCAAGACGGA,9
rna+H3K4me3-AACTCACCAAGGTACA,1
rna+H3K4me3-AACTCACCACACAGAA,1
rna+H3K4me3-AACTCACCACAGCAGA,4
rna+H3K4me3-AACTCACCAAACATCG,1
rna+H3K4me3-AACTCACCACCTCCAA,1
rna+H3K4me3-AACTCACCACGCTCGA,10
rna+H3K4me3-AACTCACCACGTATCA,2
rna+H3K4me3-AACTCACCACTATGCA,4
rna+H3K4me3-AACTCACCAGAGTCAA,1
rna+H3K4me3-AACTCACCAGATCGCA,1
rna+H3K4me3-AACTCACCAGCAGGAA,1
rna+H3K4me3-AACTCACCAGTCACTA,5
rna+H3K4me3-AACTCACCATCCTGTA,4
rna+H3K4me3-AACTCACCATTGAGGA,12
rna+H3K4me3-AACTCACCATGCCTAA,9
rna+H3K4me3-AACTCACCCAACCACA,2
rna+H3K4me3-AACTCACCGACTAGTA,0
rna+H3K4me3-AACTCACCCAATGGAA,0
rna+H3K4me3-AACTCACCCACTTCGA,10
rna+H3K4me3-AACTCACCCAGCGTTA,4
rna+H3K4me3-AACTCACCCATACCAA,0
rna+H3K4me3-AACTCACCCCAGTTCA,0
rna+H3K4me3-AACTCACCCCGAAGTA,0
rna+H3K4me3-AACTCACCCCGTGAGA,0
rna+H3K4me3-AACTCACCCCTCCTGA,11
rna+H3K4me3-AACTCACCAGTGGTCA,9
rna+H3K4me3-AACTCACCCGAACTTA,0
rna+H3K4me3-AACTCACCCGACTGGA,2
rna+H3K4me3-AACTCACCCGCATACA,8
rna+H3K4me3-AACTCACCCTCAATGA,11
rna+H3K4me3-AACTCACCCTGAGCCA,11
rna+H3K4me3-AACTCACCCTGGCATA,0
rna+H3K4me3-AACTCACCGAATCTGA,0
rna+H3K4me3-AACTCACCCAAGACTA,0
rna+H3K4me3-AACTCACCGAGCTGAA,0
rna+H3K4me3-AACTCACCGATAGACA,0
rna+H3K4me3-AACTCACCACCACTGT,9
rna+H3K4me3-AACTCACCGCCACATA,0
rna+H3K4me3-AACTCACCGCGAGTAA,2
rna+H3K4me3-AACTCACCGCTAACGA,10
rna+H3K4me3-AACTCACCGCTCGGTA,2
rna+H3K4me3-AACTCACCGGAGAACA,8
rna+H3K4me3-AACTCACCGGTGCGAA,2
rna+H3K4me3-AACTCACCGTACGCAA,0
rna+H3K4me3-AACTCACCGTCGTAGA,2
rna+H3K4me3-AACTCACCGTCTGTCA,0
rna+H3K4me3-AACTCACCGTGTTCTA,0
rna+H3K4me3-AACTCACCACATTGGC,5
rna+H3K4me3-AACTCACCTAGGATGA,0
rna+H3K4me3-AACTCACCTATCAGCA,10
rna+H3K4me3-AACTCACCTCCGTCTA,10
rna+H3K4me3-AACTCACCTCTTCACA,8
rna+H3K4me3-AACTCACCTGAAGAGA,11
rna+H3K4me3-AACTCACCTGGAACAA,3
rna+H3K4me3-AACTCACCTGGCTTCA,13
rna+H3K4me3-AACTCACCTGGTGGTA,0
rna+H3K4me3-AACTCACCTTCACGCA,5
rna+H3K4me3-AACTCACCAACTCACC,5
rna+H3K4me3-AACTCACCCAGATCTG,11
rna+H3K4me3-AACTCACCAAGAGATC,8
rna+H3K4me3-AACTCACCAAGGACAC,3
rna+H3K4me3-AACTCACCAATCCGTC,13
rna+H3K4me3-AACTCACCAATGTTGC,13
rna+H3K4me3-AACTCACCACACGACC,13
rna+H3K4me3-AACTCACCACAGATTC,13
rna+H3K4me3-AACTCACCAGATGTAC,13
rna+H3K4me3-AACTCACCAGCACCTC,13
rna+H3K4me3-AACTCACCAGCCATGC,5
rna+H3K4me3-AACTCACCAGGCTAAC,4
rna+H3K4me3-AACTCACCCATCAAGT,2
rna+H3K4me3-AACTCACCATAGCGAC,4
rna+H3K4me3-AACTCACCATCATTCC,4
rna+H3K4me3-AACTCACCATTGGCTC,4
rna+H3K4me3-AACTCACCCAAGGAGC,10
rna+H3K4me3-AACTCACCCACCTTAC,4
rna+H3K4me3-AACTCACCCCATCCTC,5
rna+H3K4me3-AACTCACCCCGACAAC,4
rna+H3K4me3-AACTCACCCCTAATCC,8
rna+H3K4me3-AACTCACCCCTCTATC,4
rna+H3K4me3-AACTCACCCGACACAC,5
rna+H3K4me3-AACTCACCCGCTGATC,9
rna+H3K4me3-AACTCACCCGGATTGC,10
rna+H3K4me3-AACTCACCCTAAGGTC,4
rna+H3K4me3-AACTCACCGAACAGGC,10
rna+H3K4me3-AACTCACCGACAGTGC,4
rna+H3K4me3-AACTCACCGAGTTAGC,5
rna+H3K4me3-AACTCACCGATGAATC,5
rna+H3K4me3-AACTCACCGCCAAGAC,4
rna+H3K4me3-AACTCACCCGGAAGAA,4
rna+H3K4me3-AACTCACCGTGACAAG,2
rna+H3K4me3-AACTCACCGAACCAGA,4
rna+H3K4me3-TTCACGCAAACGTGAT,9
rna+H3K4me3-TTCACGCAACAAGCTA,2
rna+H3K4me3-TTCACGCATTGCTGGA,10
rna+H3K4me3-TTCACGCACTGTAGCC,10
rna+H3K4me3-TTCACGCAAGTACAAG,2
rna+H3K4me3-TTCACGCAAACAACCA,1
rna+H3K4me3-TTCACGCAAACCGAGA,1
rna+H3K4me3-TTCACGCAAACGCTTA,1
rna+H3K4me3-TTCACGCAAAGACGGA,1
rna+H3K4me3-TTCACGCAAAGGTACA,1
rna+H3K4me3-TTCACGCAACACAGAA,1
rna+H3K4me3-TTCACGCAACAGCAGA,1
rna+H3K4me3-TTCACGCAAAACATCG,9
rna+H3K4me3-TTCACGCAACCTCCAA,1
rna+H3K4me3-TTCACGCAACGCTCGA,1
rna+H3K4me3-TTCACGCAACGTATCA,1
rna+H3K4me3-TTCACGCAACTATGCA,2
rna+H3K4me3-TTCACGCAAGAGTCAA,9
rna+H3K4me3-TTCACGCAAGATCGCA,1
rna+H3K4me3-TTCACGCAAGCAGGAA,8
rna+H3K4me3-TTCACGCAAGTCACTA,10
rna+H3K4me3-TTCACGCAATCCTGTA,8
rna+H3K4me3-TTCACGCAATTGAGGA,0
rna+H3K4me3-TTCACGCAATGCCTAA,9
rna+H3K4me3-TTCACGCACAACCACA,5
rna+H3K4me3-TTCACGCAGACTAGTA,14
rna+H3K4me3-TTCACGCACAATGGAA,7
rna+H3K4me3-TTCACGCACACTTCGA,3
rna+H3K4me3-TTCACGCACAGCGTTA,8
rna+H3K4me3-TTCACGCACATACCAA,2
rna+H3K4me3-TTCACGCACCAGTTCA,0
rna+H3K4me3-TTCACGCACCGAAGTA,0
rna+H3K4me3-TTCACGCACCGTGAGA,0
rna+H3K4me3-TTCACGCACCTCCTGA,10
rna+H3K4me3-TTCACGCAAGTGGTCA,7
rna+H3K4me3-TTCACGCACGAACTTA,0
rna+H3K4me3-TTCACGCACGACTGGA,11
rna+H3K4me3-TTCACGCACGCATACA,0
rna+H3K4me3-TTCACGCACTCAATGA,3
rna+H3K4me3-TTCACGCACTGAGCCA,14
rna+H3K4me3-TTCACGCACTGGCATA,8
rna+H3K4me3-TTCACGCAGAATCTGA,10
rna+H3K4me3-TTCACGCACAAGACTA,8
rna+H3K4me3-TTCACGCAGAGCTGAA,4
rna+H3K4me3-TTCACGCAGATAGACA,0
rna+H3K4me3-TTCACGCAACCACTGT,2
rna+H3K4me3-TTCACGCAGCCACATA,0
rna+H3K4me3-TTCACGCAGCGAGTAA,0
rna+H3K4me3-TTCACGCAGCTAACGA,0
rna+H3K4me3-TTCACGCAGCTCGGTA,4
rna+H3K4me3-TTCACGCAGGAGAACA,3
rna+H3K4me3-TTCACGCAGGTGCGAA,4
rna+H3K4me3-TTCACGCAGTACGCAA,0
rna+H3K4me3-TTCACGCAGTCGTAGA,0
rna+H3K4me3-TTCACGCAGTCTGTCA,5
rna+H3K4me3-TTCACGCAGTGTTCTA,11
rna+H3K4me3-TTCACGCAACATTGGC,4
rna+H3K4me3-TTCACGCATAGGATGA,4
rna+H3K4me3-TTCACGCATATCAGCA,0
rna+H3K4me3-TTCACGCATCCGTCTA,0
rna+H3K4me3-TTCACGCATCTTCACA,0
rna+H3K4me3-TTCACGCATGAAGAGA,3
rna+H3K4me3-TTCACGCATGGAACAA,0
rna+H3K4me3-TTCACGCATGGCTTCA,3
rna+H3K4me3-TTCACGCATGGTGGTA,3
rna+H3K4me3-TTCACGCATTCACGCA,3
rna+H3K4me3-TTCACGCAAACTCACC,3
rna+H3K4me3-TTCACGCACAGATCTG,9
rna+H3K4me3-TTCACGCAAAGAGATC,11
rna+H3K4me3-TTCACGCAAAGGACAC,2
rna+H3K4me3-TTCACGCAAATCCGTC,13
rna+H3K4me3-TTCACGCAAATGTTGC,13
rna+H3K4me3-TTCACGCAACACGACC,13
rna+H3K4me3-TTCACGCAACAGATTC,13
rna+H3K4me3-TTCACGCAAGATGTAC,13
rna+H3K4me3-TTCACGCAAGCACCTC,13
rna+H3K4me3-TTCACGCAAGCCATGC,13
rna+H3K4me3-TTCACGCAAGGCTAAC,13
rna+H3K4me3-TTCACGCACATCAAGT,4
rna+H3K4me3-TTCACGCAATAGCGAC,10
rna+H3K4me3-TTCACGCAATCATTCC,4
rna+H3K4me3-TTCACGCAATTGGCTC,4
rna+H3K4me3-TTCACGCACAAGGAGC,4
rna+H3K4me3-TTCACGCACACCTTAC,8
rna+H3K4me3-TTCACGCACCATCCTC,4
rna+H3K4me3-TTCACGCACCGACAAC,5
rna+H3K4me3-TTCACGCACCTAATCC,4
rna+H3K4me3-TTCACGCACCTCTATC,4
rna+H3K4me3-TTCACGCACGACACAC,8
rna+H3K4me3-TTCACGCACGCTGATC,2
rna+H3K4me3-TTCACGCACGGATTGC,4
rna+H3K4me3-TTCACGCACTAAGGTC,5
rna+H3K4me3-TTCACGCAGAACAGGC,4
rna+H3K4me3-TTCACGCAGACAGTGC,4
rna+H3K4me3-TTCACGCAGAGTTAGC,10
rna+H3K4me3-TTCACGCAGATGAATC,10
rna+H3K4me3-TTCACGCAGCCAAGAC,4
rna+H3K4me3-TTCACGCACGGAAGAA,7
rna+H3K4me3-TTCACGCAGTGACAAG,4
rna+H3K4me3-TTCACGCAGAACCAGA,4
rna+H3K4me3-TGGTGGTAAACGTGAT,9
rna+H3K4me3-TGGTGGTAACAAGCTA,2
rna+H3K4me3-TGGTGGTATTGCTGGA,4
rna+H3K4me3-TGGTGGTACTGTAGCC,14
rna+H3K4me3-TGGTGGTAAGTACAAG,1
rna+H3K4me3-TGGTGGTAAACAACCA,1
rna+H3K4me3-TGGTGGTAAACCGAGA,1
rna+H3K4me3-TGGTGGTAAACGCTTA,1
rna+H3K4me3-TGGTGGTAAAGACGGA,2
rna+H3K4me3-TGGTGGTAAAGGTACA,1
rna+H3K4me3-TGGTGGTAACACAGAA,1
rna+H3K4me3-TGGTGGTAACAGCAGA,4
rna+H3K4me3-TGGTGGTAAAACATCG,12
rna+H3K4me3-TGGTGGTAACCTCCAA,2
rna+H3K4me3-TGGTGGTAACGCTCGA,1
rna+H3K4me3-TGGTGGTAACGTATCA,4
rna+H3K4me3-TGGTGGTAACTATGCA,1
rna+H3K4me3-TGGTGGTAAGAGTCAA,8
rna+H3K4me3-TGGTGGTAAGATCGCA,2
rna+H3K4me3-TGGTGGTAAGCAGGAA,4
rna+H3K4me3-TGGTGGTAAGTCACTA,4
rna+H3K4me3-TGGTGGTAATCCTGTA,0
rna+H3K4me3-TGGTGGTAATTGAGGA,0
rna+H3K4me3-TGGTGGTAATGCCTAA,10
rna+H3K4me3-TGGTGGTACAACCACA,0
rna+H3K4me3-TGGTGGTAGACTAGTA,8
rna+H3K4me3-TGGTGGTACAATGGAA,0
rna+H3K4me3-TGGTGGTACACTTCGA,0
rna+H3K4me3-TGGTGGTACAGCGTTA,0
rna+H3K4me3-TGGTGGTACATACCAA,5
rna+H3K4me3-TGGTGGTACCAGTTCA,2
rna+H3K4me3-TGGTGGTACCGAAGTA,0
rna+H3K4me3-TGGTGGTACCGTGAGA,5
rna+H3K4me3-TGGTGGTACCTCCTGA,2
rna+H3K4me3-TGGTGGTAAGTGGTCA,2
rna+H3K4me3-TGGTGGTACGAACTTA,2
rna+H3K4me3-TGGTGGTACGACTGGA,11
rna+H3K4me3-TGGTGGTACGCATACA,11
rna+H3K4me3-TGGTGGTACTCAATGA,11
rna+H3K4me3-TGGTGGTACTGAGCCA,9
rna+H3K4me3-TGGTGGTACTGGCATA,2
rna+H3K4me3-TGGTGGTAGAATCTGA,11
rna+H3K4me3-TGGTGGTACAAGACTA,0
rna+H3K4me3-TGGTGGTAGAGCTGAA,0
rna+H3K4me3-TGGTGGTAGATAGACA,11
rna+H3K4me3-TGGTGGTAACCACTGT,5
rna+H3K4me3-TGGTGGTAGCCACATA,0
rna+H3K4me3-TGGTGGTAGCGAGTAA,8
rna+H3K4me3-TGGTGGTAGCTAACGA,0
rna+H3K4me3-TGGTGGTAGCTCGGTA,0
rna+H3K4me3-TGGTGGTAGGAGAACA,2
rna+H3K4me3-TGGTGGTAGGTGCGAA,4
rna+H3K4me3-TGGTGGTAGTACGCAA,0
rna+H3K4me3-TGGTGGTAGTCGTAGA,0
rna+H3K4me3-TGGTGGTAGTCTGTCA,0
rna+H3K4me3-TGGTGGTAGTGTTCTA,4
rna+H3K4me3-TGGTGGTAACATTGGC,9
rna+H3K4me3-TGGTGGTATAGGATGA,2
rna+H3K4me3-TGGTGGTATATCAGCA,0
rna+H3K4me3-TGGTGGTATCCGTCTA,4
rna+H3K4me3-TGGTGGTATCTTCACA,4
rna+H3K4me3-TGGTGGTATGAAGAGA,11
rna+H3K4me3-TGGTGGTATGGAACAA,0
rna+H3K4me3-TGGTGGTATGGCTTCA,0
rna+H3K4me3-TGGTGGTATGGTGGTA,12
rna+H3K4me3-TGGTGGTATTCACGCA,3
rna+H3K4me3-TGGTGGTAAACTCACC,0
rna+H3K4me3-TGGTGGTACAGATCTG,4
rna+H3K4me3-TGGTGGTAAAGAGATC,3
rna+H3K4me3-TGGTGGTAAAGGACAC,13
rna+H3K4me3-TGGTGGTAAATCCGTC,13
rna+H3K4me3-TGGTGGTAAATGTTGC,13
rna+H3K4me3-TGGTGGTAACACGACC,13
rna+H3K4me3-TGGTGGTAACAGATTC,13
rna+H3K4me3-TGGTGGTAAGATGTAC,13
rna+H3K4me3-TGGTGGTAAGCACCTC,13
rna+H3K4me3-TGGTGGTAAGCCATGC,13
rna+H3K4me3-TGGTGGTAAGGCTAAC,13
rna+H3K4me3-TGGTGGTACATCAAGT,6
rna+H3K4me3-TGGTGGTAATAGCGAC,8
rna+H3K4me3-TGGTGGTAATCATTCC,5
rna+H3K4me3-TGGTGGTAATTGGCTC,10
rna+H3K4me3-TGGTGGTACAAGGAGC,10
rna+H3K4me3-TGGTGGTACACCTTAC,4
rna+H3K4me3-TGGTGGTACCATCCTC,10
rna+H3K4me3-TGGTGGTACCGACAAC,8
rna+H3K4me3-TGGTGGTACCTAATCC,4
rna+H3K4me3-TGGTGGTACCTCTATC,12
rna+H3K4me3-TGGTGGTACGACACAC,4
rna+H3K4me3-TGGTGGTACGCTGATC,1
rna+H3K4me3-TGGTGGTACGGATTGC,2
rna+H3K4me3-TGGTGGTACTAAGGTC,4
rna+H3K4me3-TGGTGGTAGAACAGGC,4
rna+H3K4me3-TGGTGGTAGACAGTGC,5
rna+H3K4me3-TGGTGGTAGAGTTAGC,4
rna+H3K4me3-TGGTGGTAGATGAATC,4
rna+H3K4me3-TGGTGGTAGCCAAGAC,4
rna+H3K4me3-TGGTGGTACGGAAGAA,4
rna+H3K4me3-TGGTGGTAGTGACAAG,4
rna+H3K4me3-TGGTGGTAGAACCAGA,5
rna+H3K4me3-TGGCTTCAAACGTGAT,9
rna+H3K4me3-TGGCTTCAACAAGCTA,1
rna+H3K4me3-TGGCTTCATTGCTGGA,4
rna+H3K4me3-TGGCTTCACTGTAGCC,6
rna+H3K4me3-TGGCTTCAAGTACAAG,1
rna+H3K4me3-TGGCTTCAAACAACCA,1
rna+H3K4me3-TGGCTTCAAACCGAGA,10
rna+H3K4me3-TGGCTTCAAACGCTTA,1
rna+H3K4me3-TGGCTTCAAAGACGGA,1
rna+H3K4me3-TGGCTTCAAAGGTACA,10
rna+H3K4me3-TGGCTTCAACACAGAA,1
rna+H3K4me3-TGGCTTCAACAGCAGA,1
rna+H3K4me3-TGGCTTCAAAACATCG,6
rna+H3K4me3-TGGCTTCAACCTCCAA,1
rna+H3K4me3-TGGCTTCAACGCTCGA,4
rna+H3K4me3-TGGCTTCAACGTATCA,4
rna+H3K4me3-TGGCTTCAACTATGCA,10
rna+H3K4me3-TGGCTTCAAGAGTCAA,1
rna+H3K4me3-TGGCTTCAAGATCGCA,4
rna+H3K4me3-TGGCTTCAAGCAGGAA,5
rna+H3K4me3-TGGCTTCAAGTCACTA,4
rna+H3K4me3-TGGCTTCAATCCTGTA,8
rna+H3K4me3-TGGCTTCAATTGAGGA,11
rna+H3K4me3-TGGCTTCAATGCCTAA,9
rna+H3K4me3-TGGCTTCACAACCACA,0
rna+H3K4me3-TGGCTTCAGACTAGTA,0
rna+H3K4me3-TGGCTTCACAATGGAA,0
rna+H3K4me3-TGGCTTCACACTTCGA,0
rna+H3K4me3-TGGCTTCACAGCGTTA,2
rna+H3K4me3-TGGCTTCACATACCAA,0
rna+H3K4me3-TGGCTTCACCAGTTCA,4
rna+H3K4me3-TGGCTTCACCGAAGTA,4
rna+H3K4me3-TGGCTTCACCGTGAGA,8
rna+H3K4me3-TGGCTTCACCTCCTGA,0
rna+H3K4me3-TGGCTTCAAGTGGTCA,1
rna+H3K4me3-TGGCTTCACGAACTTA,0
rna+H3K4me3-TGGCTTCACGACTGGA,0
rna+H3K4me3-TGGCTTCACGCATACA,0
rna+H3K4me3-TGGCTTCACTCAATGA,2
rna+H3K4me3-TGGCTTCACTGAGCCA,0
rna+H3K4me3-TGGCTTCACTGGCATA,0
rna+H3K4me3-TGGCTTCAGAATCTGA,0
rna+H3K4me3-TGGCTTCACAAGACTA,8
rna+H3K4me3-TGGCTTCAGAGCTGAA,11
rna+H3K4me3-TGGCTTCAGATAGACA,0
rna+H3K4me3-TGGCTTCAACCACTGT,9
rna+H3K4me3-TGGCTTCAGCCACATA,8
rna+H3K4me3-TGGCTTCAGCGAGTAA,11
rna+H3K4me3-TGGCTTCAGCTAACGA,0
rna+H3K4me3-TGGCTTCAGCTCGGTA,10
rna+H3K4me3-TGGCTTCAGGAGAACA,0
rna+H3K4me3-TGGCTTCAGGTGCGAA,0
rna+H3K4me3-TGGCTTCAGTACGCAA,0
rna+H3K4me3-TGGCTTCAGTCGTAGA,0
rna+H3K4me3-TGGCTTCAGTCTGTCA,0
rna+H3K4me3-TGGCTTCAGTGTTCTA,0
rna+H3K4me3-TGGCTTCAACATTGGC,2
rna+H3K4me3-TGGCTTCATAGGATGA,0
rna+H3K4me3-TGGCTTCATATCAGCA,0
rna+H3K4me3-TGGCTTCATCCGTCTA,11
rna+H3K4me3-TGGCTTCATCTTCACA,11
rna+H3K4me3-TGGCTTCATGAAGAGA,8
rna+H3K4me3-TGGCTTCATGGAACAA,0
rna+H3K4me3-TGGCTTCATGGCTTCA,3
rna+H3K4me3-TGGCTTCATGGTGGTA,3
rna+H3K4me3-TGGCTTCATTCACGCA,3
rna+H3K4me3-TGGCTTCAAACTCACC,0
rna+H3K4me3-TGGCTTCACAGATCTG,9
rna+H3K4me3-TGGCTTCAAAGAGATC,0
rna+H3K4me3-TGGCTTCAAAGGACAC,0
rna+H3K4me3-TGGCTTCAAATCCGTC,13
rna+H3K4me3-TGGCTTCAAATGTTGC,13
rna+H3K4me3-TGGCTTCAACACGACC,13
rna+H3K4me3-TGGCTTCAACAGATTC,13
rna+H3K4me3-TGGCTTCAAGATGTAC,13
rna+H3K4me3-TGGCTTCAAGCACCTC,5
rna+H3K4me3-TGGCTTCAAGCCATGC,13
rna+H3K4me3-TGGCTTCAAGGCTAAC,5
rna+H3K4me3-TGGCTTCACATCAAGT,2
rna+H3K4me3-TGGCTTCAATAGCGAC,4
rna+H3K4me3-TGGCTTCAATCATTCC,12
rna+H3K4me3-TGGCTTCAATTGGCTC,8
rna+H3K4me3-TGGCTTCACAAGGAGC,4
rna+H3K4me3-TGGCTTCACACCTTAC,4
rna+H3K4me3-TGGCTTCACCATCCTC,4
rna+H3K4me3-TGGCTTCACCGACAAC,4
rna+H3K4me3-TGGCTTCACCTAATCC,4
rna+H3K4me3-TGGCTTCACCTCTATC,4
rna+H3K4me3-TGGCTTCACGACACAC,2
rna+H3K4me3-TGGCTTCACGCTGATC,8
rna+H3K4me3-TGGCTTCACGGATTGC,4
rna+H3K4me3-TGGCTTCACTAAGGTC,4
rna+H3K4me3-TGGCTTCAGAACAGGC,8
rna+H3K4me3-TGGCTTCAGACAGTGC,4
rna+H3K4me3-TGGCTTCAGAGTTAGC,10
rna+H3K4me3-TGGCTTCAGATGAATC,4
rna+H3K4me3-TGGCTTCAGCCAAGAC,4
rna+H3K4me3-TGGCTTCACGGAAGAA,4
rna+H3K4me3-TGGCTTCAGTGACAAG,4
rna+H3K4me3-TGGCTTCAGAACCAGA,5
rna+H3K4me3-TGGAACAAAACGTGAT,9
rna+H3K4me3-TGGAACAAACAAGCTA,2
rna+H3K4me3-TGGAACAATTGCTGGA,10
rna+H3K4me3-TGGAACAACTGTAGCC,1
rna+H3K4me3-TGGAACAAAGTACAAG,9
rna+H3K4me3-TGGAACAAAACAACCA,14
rna+H3K4me3-TGGAACAAAACCGAGA,1
rna+H3K4me3-TGGAACAAAACGCTTA,1
rna+H3K4me3-TGGAACAAAAGACGGA,1
rna+H3K4me3-TGGAACAAAAGGTACA,1
rna+H3K4me3-TGGAACAAACACAGAA,1
rna+H3K4me3-TGGAACAAACAGCAGA,1
rna+H3K4me3-TGGAACAAAAACATCG,9
rna+H3K4me3-TGGAACAAACCTCCAA,1
rna+H3K4me3-TGGAACAAACGCTCGA,1
rna+H3K4me3-TGGAACAAACGTATCA,1
rna+H3K4me3-TGGAACAAACTATGCA,1
rna+H3K4me3-TGGAACAAAGAGTCAA,6
rna+H3K4me3-TGGAACAAAGATCGCA,2
rna+H3K4me3-TGGAACAAAGCAGGAA,5
rna+H3K4me3-TGGAACAAAGTCACTA,11
rna+H3K4me3-TGGAACAAATCCTGTA,2
rna+H3K4me3-TGGAACAAATTGAGGA,0
rna+H3K4me3-TGGAACAAATGCCTAA,9
rna+H3K4me3-TGGAACAACAACCACA,0
rna+H3K4me3-TGGAACAAGACTAGTA,0
rna+H3K4me3-TGGAACAACAATGGAA,2
rna+H3K4me3-TGGAACAACACTTCGA,4
rna+H3K4me3-TGGAACAACAGCGTTA,5
rna+H3K4me3-TGGAACAACATACCAA,8
rna+H3K4me3-TGGAACAACCAGTTCA,0
rna+H3K4me3-TGGAACAACCGAAGTA,0
rna+H3K4me3-TGGAACAACCGTGAGA,11
rna+H3K4me3-TGGAACAACCTCCTGA,8
rna+H3K4me3-TGGAACAAAGTGGTCA,1
rna+H3K4me3-TGGAACAACGAACTTA,0
rna+H3K4me3-TGGAACAACGACTGGA,0
rna+H3K4me3-TGGAACAACGCATACA,0
rna+H3K4me3-TGGAACAACTCAATGA,8
rna+H3K4me3-TGGAACAACTGAGCCA,8
rna+H3K4me3-TGGAACAACTGGCATA,0
rna+H3K4me3-TGGAACAAGAATCTGA,0
rna+H3K4me3-TGGAACAACAAGACTA,3
rna+H3K4me3-TGGAACAAGAGCTGAA,11
rna+H3K4me3-TGGAACAAGATAGACA,10
rna+H3K4me3-TGGAACAAACCACTGT,7
rna+H3K4me3-TGGAACAAGCCACATA,0
rna+H3K4me3-TGGAACAAGCGAGTAA,4
rna+H3K4me3-TGGAACAAGCTAACGA,2
rna+H3K4me3-TGGAACAAGCTCGGTA,2
rna+H3K4me3-TGGAACAAGGAGAACA,0
rna+H3K4me3-TGGAACAAGGTGCGAA,4
rna+H3K4me3-TGGAACAAGTACGCAA,11
rna+H3K4me3-TGGAACAAGTCGTAGA,0
rna+H3K4me3-TGGAACAAGTCTGTCA,0
rna+H3K4me3-TGGAACAAGTGTTCTA,0
rna+H3K4me3-TGGAACAAACATTGGC,4
rna+H3K4me3-TGGAACAATAGGATGA,2
rna+H3K4me3-TGGAACAATATCAGCA,0
rna+H3K4me3-TGGAACAATCCGTCTA,0
rna+H3K4me3-TGGAACAATCTTCACA,0
rna+H3K4me3-TGGAACAATGAAGAGA,11
rna+H3K4me3-TGGAACAATGGAACAA,2
rna+H3K4me3-TGGAACAATGGCTTCA,2
rna+H3K4me3-TGGAACAATGGTGGTA,3
rna+H3K4me3-TGGAACAATTCACGCA,0
rna+H3K4me3-TGGAACAAAACTCACC,0
rna+H3K4me3-TGGAACAACAGATCTG,8
rna+H3K4me3-TGGAACAAAAGAGATC,5
rna+H3K4me3-TGGAACAAAAGGACAC,0
rna+H3K4me3-TGGAACAAAATCCGTC,13
rna+H3K4me3-TGGAACAAAATGTTGC,13
rna+H3K4me3-TGGAACAAACACGACC,13
rna+H3K4me3-TGGAACAAACAGATTC,13
rna+H3K4me3-TGGAACAAAGATGTAC,5
rna+H3K4me3-TGGAACAAAGCACCTC,7
rna+H3K4me3-TGGAACAAAGCCATGC,8
rna+H3K4me3-TGGAACAAAGGCTAAC,5
rna+H3K4me3-TGGAACAACATCAAGT,2
rna+H3K4me3-TGGAACAAATAGCGAC,4
rna+H3K4me3-TGGAACAAATCATTCC,5
rna+H3K4me3-TGGAACAAATTGGCTC,4
rna+H3K4me3-TGGAACAACAAGGAGC,10
rna+H3K4me3-TGGAACAACACCTTAC,4
rna+H3K4me3-TGGAACAACCATCCTC,10
rna+H3K4me3-TGGAACAACCGACAAC,4
rna+H3K4me3-TGGAACAACCTAATCC,10
rna+H3K4me3-TGGAACAACCTCTATC,10
rna+H3K4me3-TGGAACAACGACACAC,4
rna+H3K4me3-TGGAACAACGCTGATC,6
rna+H3K4me3-TGGAACAACGGATTGC,4
rna+H3K4me3-TGGAACAACTAAGGTC,2
rna+H3K4me3-TGGAACAAGAACAGGC,4
rna+H3K4me3-TGGAACAAGACAGTGC,4
rna+H3K4me3-TGGAACAAGAGTTAGC,4
rna+H3K4me3-TGGAACAAGATGAATC,8
rna+H3K4me3-TGGAACAAGCCAAGAC,4
rna+H3K4me3-TGGAACAACGGAAGAA,4
rna+H3K4me3-TGGAACAAGTGACAAG,8
rna+H3K4me3-TGGAACAAGAACCAGA,10
rna+H3K4me3-TGAAGAGAAACGTGAT,9
rna+H3K4me3-TGAAGAGAACAAGCTA,5
rna+H3K4me3-TGAAGAGATTGCTGGA,4
rna+H3K4me3-TGAAGAGACTGTAGCC,1
rna+H3K4me3-TGAAGAGAAGTACAAG,2
rna+H3K4me3-TGAAGAGAAACAACCA,6
rna+H3K4me3-TGAAGAGAAACCGAGA,1
rna+H3K4me3-TGAAGAGAAACGCTTA,9
rna+H3K4me3-TGAAGAGAAAGACGGA,7
rna+H3K4me3-TGAAGAGAAAGGTACA,1
rna+H3K4me3-TGAAGAGAACACAGAA,1
rna+H3K4me3-TGAAGAGAACAGCAGA,1
rna+H3K4me3-TGAAGAGAAAACATCG,9
rna+H3K4me3-TGAAGAGAACCTCCAA,8
rna+H3K4me3-TGAAGAGAACGCTCGA,8
rna+H3K4me3-TGAAGAGAACGTATCA,1
rna+H3K4me3-TGAAGAGAACTATGCA,8
rna+H3K4me3-TGAAGAGAAGAGTCAA,4
rna+H3K4me3-TGAAGAGAAGATCGCA,4
rna+H3K4me3-TGAAGAGAAGCAGGAA,11
rna+H3K4me3-TGAAGAGAAGTCACTA,11
rna+H3K4me3-TGAAGAGAATCCTGTA,0
rna+H3K4me3-TGAAGAGAATTGAGGA,0
rna+H3K4me3-TGAAGAGAATGCCTAA,9
rna+H3K4me3-TGAAGAGACAACCACA,0
rna+H3K4me3-TGAAGAGAGACTAGTA,0
rna+H3K4me3-TGAAGAGACAATGGAA,14
rna+H3K4me3-TGAAGAGACACTTCGA,8
rna+H3K4me3-TGAAGAGACAGCGTTA,0
rna+H3K4me3-TGAAGAGACATACCAA,0
rna+H3K4me3-TGAAGAGACCAGTTCA,11
rna+H3K4me3-TGAAGAGACCGAAGTA,0
rna+H3K4me3-TGAAGAGACCGTGAGA,0
rna+H3K4me3-TGAAGAGACCTCCTGA,4
rna+H3K4me3-TGAAGAGAAGTGGTCA,4
rna+H3K4me3-TGAAGAGACGAACTTA,10
rna+H3K4me3-TGAAGAGACGACTGGA,0
rna+H3K4me3-TGAAGAGACGCATACA,12
rna+H3K4me3-TGAAGAGACTCAATGA,4
rna+H3K4me3-TGAAGAGACTGAGCCA,8
rna+H3K4me3-TGAAGAGACTGGCATA,0
rna+H3K4me3-TGAAGAGAGAATCTGA,11
rna+H3K4me3-TGAAGAGACAAGACTA,8
rna+H3K4me3-TGAAGAGAGAGCTGAA,0
rna+H3K4me3-TGAAGAGAGATAGACA,0
rna+H3K4me3-TGAAGAGAACCACTGT,9
rna+H3K4me3-TGAAGAGAGCCACATA,0
rna+H3K4me3-TGAAGAGAGCGAGTAA,0
rna+H3K4me3-TGAAGAGAGCTAACGA,5
rna+H3K4me3-TGAAGAGAGCTCGGTA,0
rna+H3K4me3-TGAAGAGAGGAGAACA,0
rna+H3K4me3-TGAAGAGAGGTGCGAA,11
rna+H3K4me3-TGAAGAGAGTACGCAA,0
rna+H3K4me3-TGAAGAGAGTCGTAGA,0
rna+H3K4me3-TGAAGAGAGTCTGTCA,4
rna+H3K4me3-TGAAGAGAGTGTTCTA,11
rna+H3K4me3-TGAAGAGAACATTGGC,11
rna+H3K4me3-TGAAGAGATAGGATGA,8
rna+H3K4me3-TGAAGAGATATCAGCA,0
rna+H3K4me3-TGAAGAGATCCGTCTA,11
rna+H3K4me3-TGAAGAGATCTTCACA,8
rna+H3K4me3-TGAAGAGATGAAGAGA,8
rna+H3K4me3-TGAAGAGATGGAACAA,10
rna+H3K4me3-TGAAGAGATGGCTTCA,4
rna+H3K4me3-TGAAGAGATGGTGGTA,4
rna+H3K4me3-TGAAGAGATTCACGCA,0
rna+H3K4me3-TGAAGAGAAACTCACC,0
rna+H3K4me3-TGAAGAGACAGATCTG,8
rna+H3K4me3-TGAAGAGAAAGAGATC,5
rna+H3K4me3-TGAAGAGAAAGGACAC,3
rna+H3K4me3-TGAAGAGAAATCCGTC,14
rna+H3K4me3-TGAAGAGAAATGTTGC,13
rna+H3K4me3-TGAAGAGAACACGACC,13
rna+H3K4me3-TGAAGAGAACAGATTC,13
rna+H3K4me3-TGAAGAGAAGATGTAC,13
rna+H3K4me3-TGAAGAGAAGCACCTC,13
rna+H3K4me3-TGAAGAGAAGCCATGC,10
rna+H3K4me3-TGAAGAGAAGGCTAAC,7
rna+H3K4me3-TGAAGAGACATCAAGT,6
rna+H3K4me3-TGAAGAGAATAGCGAC,2
rna+H3K4me3-TGAAGAGAATCATTCC,4
rna+H3K4me3-TGAAGAGAATTGGCTC,4
rna+H3K4me3-TGAAGAGACAAGGAGC,10
rna+H3K4me3-TGAAGAGACACCTTAC,4
rna+H3K4me3-TGAAGAGACCATCCTC,2
rna+H3K4me3-TGAAGAGACCGACAAC,4
rna+H3K4me3-TGAAGAGACCTAATCC,4
rna+H3K4me3-TGAAGAGACCTCTATC,4
rna+H3K4me3-TGAAGAGACGACACAC,4
rna+H3K4me3-TGAAGAGACGCTGATC,4
rna+H3K4me3-TGAAGAGACGGATTGC,4
rna+H3K4me3-TGAAGAGACTAAGGTC,4
rna+H3K4me3-TGAAGAGAGAACAGGC,4
rna+H3K4me3-TGAAGAGAGACAGTGC,5
rna+H3K4me3-TGAAGAGAGAGTTAGC,4
rna+H3K4me3-TGAAGAGAGATGAATC,4
rna+H3K4me3-TGAAGAGAGCCAAGAC,10
rna+H3K4me3-TGAAGAGACGGAAGAA,13
rna+H3K4me3-TGAAGAGAGTGACAAG,8
rna+H3K4me3-TGAAGAGAGAACCAGA,4
rna+H3K4me3-TCTTCACAAACGTGAT,9
rna+H3K4me3-TCTTCACAACAAGCTA,5
rna+H3K4me3-TCTTCACATTGCTGGA,12
rna+H3K4me3-TCTTCACACTGTAGCC,5
rna+H3K4me3-TCTTCACAAGTACAAG,7
rna+H3K4me3-TCTTCACAAACAACCA,9
rna+H3K4me3-TCTTCACAAACCGAGA,1
rna+H3K4me3-TCTTCACAAACGCTTA,1
rna+H3K4me3-TCTTCACAAAGACGGA,1
rna+H3K4me3-TCTTCACAAAGGTACA,1
rna+H3K4me3-TCTTCACAACACAGAA,1
rna+H3K4me3-TCTTCACAACAGCAGA,1
rna+H3K4me3-TCTTCACAAAACATCG,9
rna+H3K4me3-TCTTCACAACCTCCAA,1
rna+H3K4me3-TCTTCACAACGCTCGA,1
rna+H3K4me3-TCTTCACAACGTATCA,10
rna+H3K4me3-TCTTCACAACTATGCA,2
rna+H3K4me3-TCTTCACAAGAGTCAA,1
rna+H3K4me3-TCTTCACAAGATCGCA,4
rna+H3K4me3-TCTTCACAAGCAGGAA,2
rna+H3K4me3-TCTTCACAAGTCACTA,11
rna+H3K4me3-TCTTCACAATCCTGTA,0
rna+H3K4me3-TCTTCACAATTGAGGA,8
rna+H3K4me3-TCTTCACAATGCCTAA,9
rna+H3K4me3-TCTTCACACAACCACA,3
rna+H3K4me3-TCTTCACAGACTAGTA,0
rna+H3K4me3-TCTTCACACAATGGAA,12
rna+H3K4me3-TCTTCACACACTTCGA,0
rna+H3K4me3-TCTTCACACAGCGTTA,0
rna+H3K4me3-TCTTCACACATACCAA,0
rna+H3K4me3-TCTTCACACCAGTTCA,0
rna+H3K4me3-TCTTCACACCGAAGTA,0
rna+H3K4me3-TCTTCACACCGTGAGA,4
rna+H3K4me3-TCTTCACACCTCCTGA,0
rna+H3K4me3-TCTTCACAAGTGGTCA,9
rna+H3K4me3-TCTTCACACGAACTTA,0
rna+H3K4me3-TCTTCACACGACTGGA,0
rna+H3K4me3-TCTTCACACGCATACA,0
rna+H3K4me3-TCTTCACACTCAATGA,11
rna+H3K4me3-TCTTCACACTGAGCCA,0
rna+H3K4me3-TCTTCACACTGGCATA,3
rna+H3K4me3-TCTTCACAGAATCTGA,0
rna+H3K4me3-TCTTCACACAAGACTA,3
rna+H3K4me3-TCTTCACAGAGCTGAA,4
rna+H3K4me3-TCTTCACAGATAGACA,0
rna+H3K4me3-TCTTCACAACCACTGT,1
rna+H3K4me3-TCTTCACAGCCACATA,8
rna+H3K4me3-TCTTCACAGCGAGTAA,10
rna+H3K4me3-TCTTCACAGCTAACGA,0
rna+H3K4me3-TCTTCACAGCTCGGTA,11
rna+H3K4me3-TCTTCACAGGAGAACA,3
rna+H3K4me3-TCTTCACAGGTGCGAA,0
rna+H3K4me3-TCTTCACAGTACGCAA,0
rna+H3K4me3-TCTTCACAGTCGTAGA,8
rna+H3K4me3-TCTTCACAGTCTGTCA,0
rna+H3K4me3-TCTTCACAGTGTTCTA,2
rna+H3K4me3-TCTTCACAACATTGGC,4
rna+H3K4me3-TCTTCACATAGGATGA,3
rna+H3K4me3-TCTTCACATATCAGCA,4
rna+H3K4me3-TCTTCACATCCGTCTA,8
rna+H3K4me3-TCTTCACATCTTCACA,2
rna+H3K4me3-TCTTCACATGAAGAGA,3
rna+H3K4me3-TCTTCACATGGAACAA,0
rna+H3K4me3-TCTTCACATGGCTTCA,11
rna+H3K4me3-TCTTCACATGGTGGTA,0
rna+H3K4me3-TCTTCACATTCACGCA,2
rna+H3K4me3-TCTTCACAAACTCACC,13
rna+H3K4me3-TCTTCACACAGATCTG,14
rna+H3K4me3-TCTTCACAAAGAGATC,3
rna+H3K4me3-TCTTCACAAAGGACAC,0
rna+H3K4me3-TCTTCACAAATCCGTC,8
rna+H3K4me3-TCTTCACAAATGTTGC,13
rna+H3K4me3-TCTTCACAACACGACC,13
rna+H3K4me3-TCTTCACAACAGATTC,7
rna+H3K4me3-TCTTCACAAGATGTAC,13
rna+H3K4me3-TCTTCACAAGCACCTC,5
rna+H3K4me3-TCTTCACAAGCCATGC,5
rna+H3K4me3-TCTTCACAAGGCTAAC,5
rna+H3K4me3-TCTTCACACATCAAGT,9
rna+H3K4me3-TCTTCACAATAGCGAC,13
rna+H3K4me3-TCTTCACAATCATTCC,5
rna+H3K4me3-TCTTCACAATTGGCTC,8
rna+H3K4me3-TCTTCACACAAGGAGC,4
rna+H3K4me3-TCTTCACACACCTTAC,4
rna+H3K4me3-TCTTCACACCATCCTC,2
rna+H3K4me3-TCTTCACACCGACAAC,2
rna+H3K4me3-TCTTCACACCTAATCC,8
rna+H3K4me3-TCTTCACACCTCTATC,5
rna+H3K4me3-TCTTCACACGACACAC,4
rna+H3K4me3-TCTTCACACGCTGATC,4
rna+H3K4me3-TCTTCACACGGATTGC,5
rna+H3K4me3-TCTTCACACTAAGGTC,5
rna+H3K4me3-TCTTCACAGAACAGGC,4
rna+H3K4me3-TCTTCACAGACAGTGC,4
rna+H3K4me3-TCTTCACAGAGTTAGC,4
rna+H3K4me3-TCTTCACAGATGAATC,4
rna+H3K4me3-TCTTCACAGCCAAGAC,8
rna+H3K4me3-TCTTCACACGGAAGAA,4
rna+H3K4me3-TCTTCACAGTGACAAG,5
rna+H3K4me3-TCTTCACAGAACCAGA,5
rna+H3K4me3-TCCGTCTAAACGTGAT,9
rna+H3K4me3-TCCGTCTAACAAGCTA,7
rna+H3K4me3-TCCGTCTATTGCTGGA,4
rna+H3K4me3-TCCGTCTACTGTAGCC,9
rna+H3K4me3-TCCGTCTAAGTACAAG,5
rna+H3K4me3-TCCGTCTAAACAACCA,5
rna+H3K4me3-TCCGTCTAAACCGAGA,1
rna+H3K4me3-TCCGTCTAAACGCTTA,8
rna+H3K4me3-TCCGTCTAAAGACGGA,4
rna+H3K4me3-TCCGTCTAAAGGTACA,1
rna+H3K4me3-TCCGTCTAACACAGAA,1
rna+H3K4me3-TCCGTCTAACAGCAGA,2
rna+H3K4me3-TCCGTCTAAAACATCG,2
rna+H3K4me3-TCCGTCTAACCTCCAA,1
rna+H3K4me3-TCCGTCTAACGCTCGA,1
rna+H3K4me3-TCCGTCTAACGTATCA,1
rna+H3K4me3-TCCGTCTAACTATGCA,4
rna+H3K4me3-TCCGTCTAAGAGTCAA,1
rna+H3K4me3-TCCGTCTAAGATCGCA,4
rna+H3K4me3-TCCGTCTAAGCAGGAA,0
rna+H3K4me3-TCCGTCTAAGTCACTA,3
rna+H3K4me3-TCCGTCTAATCCTGTA,3
rna+H3K4me3-TCCGTCTAATTGAGGA,8
rna+H3K4me3-TCCGTCTAATGCCTAA,5
rna+H3K4me3-TCCGTCTACAACCACA,0
rna+H3K4me3-TCCGTCTAGACTAGTA,0
rna+H3K4me3-TCCGTCTACAATGGAA,11
rna+H3K4me3-TCCGTCTACACTTCGA,0
rna+H3K4me3-TCCGTCTACAGCGTTA,0
rna+H3K4me3-TCCGTCTACATACCAA,0
rna+H3K4me3-TCCGTCTACCAGTTCA,0
rna+H3K4me3-TCCGTCTACCGAAGTA,0
rna+H3K4me3-TCCGTCTACCGTGAGA,0
rna+H3K4me3-TCCGTCTACCTCCTGA,0
rna+H3K4me3-TCCGTCTAAGTGGTCA,7
rna+H3K4me3-TCCGTCTACGAACTTA,5
rna+H3K4me3-TCCGTCTACGACTGGA,0
rna+H3K4me3-TCCGTCTACGCATACA,0
rna+H3K4me3-TCCGTCTACTCAATGA,8
rna+H3K4me3-TCCGTCTACTGAGCCA,4
rna+H3K4me3-TCCGTCTACTGGCATA,11
rna+H3K4me3-TCCGTCTAGAATCTGA,8
rna+H3K4me3-TCCGTCTACAAGACTA,8
rna+H3K4me3-TCCGTCTAGAGCTGAA,8
rna+H3K4me3-TCCGTCTAGATAGACA,10
rna+H3K4me3-TCCGTCTAACCACTGT,1
rna+H3K4me3-TCCGTCTAGCCACATA,0
rna+H3K4me3-TCCGTCTAGCGAGTAA,0
rna+H3K4me3-TCCGTCTAGCTAACGA,2
rna+H3K4me3-TCCGTCTAGCTCGGTA,10
rna+H3K4me3-TCCGTCTAGGAGAACA,7
rna+H3K4me3-TCCGTCTAGGTGCGAA,0
rna+H3K4me3-TCCGTCTAGTACGCAA,5
rna+H3K4me3-TCCGTCTAGTCGTAGA,0
rna+H3K4me3-TCCGTCTAGTCTGTCA,4
rna+H3K4me3-TCCGTCTAGTGTTCTA,0
rna+H3K4me3-TCCGTCTAACATTGGC,9
rna+H3K4me3-TCCGTCTATAGGATGA,0
rna+H3K4me3-TCCGTCTATATCAGCA,10
rna+H3K4me3-TCCGTCTATCCGTCTA,11
rna+H3K4me3-TCCGTCTATCTTCACA,2
rna+H3K4me3-TCCGTCTATGAAGAGA,11
rna+H3K4me3-TCCGTCTATGGAACAA,11
rna+H3K4me3-TCCGTCTATGGCTTCA,0
rna+H3K4me3-TCCGTCTATGGTGGTA,11
rna+H3K4me3-TCCGTCTATTCACGCA,0
rna+H3K4me3-TCCGTCTAAACTCACC,3
rna+H3K4me3-TCCGTCTACAGATCTG,7
rna+H3K4me3-TCCGTCTAAAGAGATC,0
rna+H3K4me3-TCCGTCTAAAGGACAC,5
rna+H3K4me3-TCCGTCTAAATCCGTC,13
rna+H3K4me3-TCCGTCTAAATGTTGC,13
rna+H3K4me3-TCCGTCTAACACGACC,13
rna+H3K4me3-TCCGTCTAACAGATTC,5
rna+H3K4me3-TCCGTCTAAGATGTAC,7
rna+H3K4me3-TCCGTCTAAGCACCTC,5
rna+H3K4me3-TCCGTCTAAGCCATGC,7
rna+H3K4me3-TCCGTCTAAGGCTAAC,7
rna+H3K4me3-TCCGTCTACATCAAGT,9
rna+H3K4me3-TCCGTCTAATAGCGAC,5
rna+H3K4me3-TCCGTCTAATCATTCC,4
rna+H3K4me3-TCCGTCTAATTGGCTC,14
rna+H3K4me3-TCCGTCTACAAGGAGC,10
rna+H3K4me3-TCCGTCTACACCTTAC,4
rna+H3K4me3-TCCGTCTACCATCCTC,4
rna+H3K4me3-TCCGTCTACCGACAAC,11
rna+H3K4me3-TCCGTCTACCTAATCC,7
rna+H3K4me3-TCCGTCTACCTCTATC,4
rna+H3K4me3-TCCGTCTACGACACAC,4
rna+H3K4me3-TCCGTCTACGCTGATC,5
rna+H3K4me3-TCCGTCTACGGATTGC,10
rna+H3K4me3-TCCGTCTACTAAGGTC,10
rna+H3K4me3-TCCGTCTAGAACAGGC,4
rna+H3K4me3-TCCGTCTAGACAGTGC,4
rna+H3K4me3-TCCGTCTAGAGTTAGC,11
rna+H3K4me3-TCCGTCTAGATGAATC,10
rna+H3K4me3-TCCGTCTAGCCAAGAC,12
rna+H3K4me3-TCCGTCTACGGAAGAA,5
rna+H3K4me3-TCCGTCTAGTGACAAG,4
rna+H3K4me3-TCCGTCTAGAACCAGA,4
rna+H3K4me3-GTGACAAGAACGTGAT,2
rna+H3K4me3-GTGACAAGACAAGCTA,9
rna+H3K4me3-GTGACAAGTTGCTGGA,1
rna+H3K4me3-GTGACAAGCTGTAGCC,9
rna+H3K4me3-GTGACAAGAGTACAAG,1
rna+H3K4me3-GTGACAAGAACAACCA,9
rna+H3K4me3-GTGACAAGAACCGAGA,8
rna+H3K4me3-GTGACAAGAACGCTTA,9
rna+H3K4me3-GTGACAAGAAGACGGA,1
rna+H3K4me3-GTGACAAGAAGGTACA,9
rna+H3K4me3-GTGACAAGACACAGAA,9
rna+H3K4me3-GTGACAAGACAGCAGA,9
rna+H3K4me3-GTGACAAGAAACATCG,12
rna+H3K4me3-GTGACAAGACCTCCAA,9
rna+H3K4me3-GTGACAAGACGCTCGA,1
rna+H3K4me3-GTGACAAGACGTATCA,2
rna+H3K4me3-GTGACAAGACTATGCA,9
rna+H3K4me3-GTGACAAGAGAGTCAA,1
rna+H3K4me3-GTGACAAGAGATCGCA,2
rna+H3K4me3-GTGACAAGAGCAGGAA,1
rna+H3K4me3-GTGACAAGAGTCACTA,9
rna+H3K4me3-GTGACAAGATCCTGTA,2
rna+H3K4me3-GTGACAAGATTGAGGA,2
rna+H3K4me3-GTGACAAGATGCCTAA,9
rna+H3K4me3-GTGACAAGCAACCACA,8
rna+H3K4me3-GTGACAAGGACTAGTA,5
rna+H3K4me3-GTGACAAGCAATGGAA,9
rna+H3K4me3-GTGACAAGCACTTCGA,4
rna+H3K4me3-GTGACAAGCAGCGTTA,2
rna+H3K4me3-GTGACAAGCATACCAA,2
rna+H3K4me3-GTGACAAGCCAGTTCA,6
rna+H3K4me3-GTGACAAGCCGAAGTA,1
rna+H3K4me3-GTGACAAGCCGTGAGA,11
rna+H3K4me3-GTGACAAGCCTCCTGA,6
rna+H3K4me3-GTGACAAGAGTGGTCA,1
rna+H3K4me3-GTGACAAGCGAACTTA,2
rna+H3K4me3-GTGACAAGCGACTGGA,10
rna+H3K4me3-GTGACAAGCGCATACA,1
rna+H3K4me3-GTGACAAGCTCAATGA,10
rna+H3K4me3-GTGACAAGCTGAGCCA,1
rna+H3K4me3-GTGACAAGCTGGCATA,9
rna+H3K4me3-GTGACAAGGAATCTGA,7
rna+H3K4me3-GTGACAAGCAAGACTA,8
rna+H3K4me3-GTGACAAGGAGCTGAA,1
rna+H3K4me3-GTGACAAGGATAGACA,1
rna+H3K4me3-GTGACAAGACCACTGT,9
rna+H3K4me3-GTGACAAGGCCACATA,1
rna+H3K4me3-GTGACAAGGCGAGTAA,1
rna+H3K4me3-GTGACAAGGCTAACGA,1
rna+H3K4me3-GTGACAAGGCTCGGTA,1
rna+H3K4me3-GTGACAAGGGAGAACA,1
rna+H3K4me3-GTGACAAGGGTGCGAA,7
rna+H3K4me3-GTGACAAGGTACGCAA,1
rna+H3K4me3-GTGACAAGGTCGTAGA,1
rna+H3K4me3-GTGACAAGGTCTGTCA,8
rna+H3K4me3-GTGACAAGGTGTTCTA,10
rna+H3K4me3-GTGACAAGACATTGGC,2
rna+H3K4me3-GTGACAAGTAGGATGA,1
rna+H3K4me3-GTGACAAGTATCAGCA,1
rna+H3K4me3-GTGACAAGTCCGTCTA,1
rna+H3K4me3-GTGACAAGTCTTCACA,1
rna+H3K4me3-GTGACAAGTGAAGAGA,4
rna+H3K4me3-GTGACAAGTGGAACAA,1
rna+H3K4me3-GTGACAAGTGGCTTCA,5
rna+H3K4me3-GTGACAAGTGGTGGTA,9
rna+H3K4me3-GTGACAAGTTCACGCA,3
rna+H3K4me3-GTGACAAGAACTCACC,1
rna+H3K4me3-GTGACAAGCAGATCTG,2
rna+H3K4me3-GTGACAAGAAGAGATC,1
rna+H3K4me3-GTGACAAGAAGGACAC,4
rna+H3K4me3-GTGACAAGAATCCGTC,13
rna+H3K4me3-GTGACAAGAATGTTGC,1
rna+H3K4me3-GTGACAAGACACGACC,1
rna+H3K4me3-GTGACAAGACAGATTC,4
rna+H3K4me3-GTGACAAGAGATGTAC,1
rna+H3K4me3-GTGACAAGAGCACCTC,10
rna+H3K4me3-GTGACAAGAGCCATGC,4
rna+H3K4me3-GTGACAAGAGGCTAAC,1
rna+H3K4me3-GTGACAAGCATCAAGT,9
rna+H3K4me3-GTGACAAGATAGCGAC,8
rna+H3K4me3-GTGACAAGATCATTCC,1
rna+H3K4me3-GTGACAAGATTGGCTC,1
rna+H3K4me3-GTGACAAGCAAGGAGC,9
rna+H3K4me3-GTGACAAGCACCTTAC,9
rna+H3K4me3-GTGACAAGCCATCCTC,2
rna+H3K4me3-GTGACAAGCCGACAAC,9
rna+H3K4me3-GTGACAAGCCTAATCC,1
rna+H3K4me3-GTGACAAGCCTCTATC,2
rna+H3K4me3-GTGACAAGCGACACAC,8
rna+H3K4me3-GTGACAAGCGCTGATC,10
rna+H3K4me3-GTGACAAGCGGATTGC,8
rna+H3K4me3-GTGACAAGCTAAGGTC,8
rna+H3K4me3-GTGACAAGGAACAGGC,5
rna+H3K4me3-GTGACAAGGACAGTGC,5
rna+H3K4me3-GTGACAAGGAGTTAGC,5
rna+H3K4me3-GTGACAAGGATGAATC,8
rna+H3K4me3-GTGACAAGGCCAAGAC,2
rna+H3K4me3-GTGACAAGCGGAAGAA,1
rna+H3K4me3-GTGACAAGGTGACAAG,8
rna+H3K4me3-GTGACAAGGAACCAGA,9
rna+H3K4me3-TATCAGCAAACGTGAT,9
rna+H3K4me3-TATCAGCAACAAGCTA,12
rna+H3K4me3-TATCAGCATTGCTGGA,4
rna+H3K4me3-TATCAGCACTGTAGCC,1
rna+H3K4me3-TATCAGCAAGTACAAG,4
rna+H3K4me3-TATCAGCAAACAACCA,4
rna+H3K4me3-TATCAGCAAACCGAGA,2
rna+H3K4me3-TATCAGCAAACGCTTA,2
rna+H3K4me3-TATCAGCAAAGACGGA,1
rna+H3K4me3-TATCAGCAAAGGTACA,1
rna+H3K4me3-TATCAGCAACACAGAA,1
rna+H3K4me3-TATCAGCAACAGCAGA,1
rna+H3K4me3-TATCAGCAAAACATCG,2
rna+H3K4me3-TATCAGCAACCTCCAA,10
rna+H3K4me3-TATCAGCAACGCTCGA,1
rna+H3K4me3-TATCAGCAACGTATCA,4
rna+H3K4me3-TATCAGCAACTATGCA,4
rna+H3K4me3-TATCAGCAAGAGTCAA,4
rna+H3K4me3-TATCAGCAAGATCGCA,4
rna+H3K4me3-TATCAGCAAGCAGGAA,4
rna+H3K4me3-TATCAGCAAGTCACTA,3
rna+H3K4me3-TATCAGCAATCCTGTA,0
rna+H3K4me3-TATCAGCAATTGAGGA,8
rna+H3K4me3-TATCAGCAATGCCTAA,2
rna+H3K4me3-TATCAGCACAACCACA,10
rna+H3K4me3-TATCAGCAGACTAGTA,2
rna+H3K4me3-TATCAGCACAATGGAA,2
rna+H3K4me3-TATCAGCACACTTCGA,11
rna+H3K4me3-TATCAGCACAGCGTTA,0
rna+H3K4me3-TATCAGCACATACCAA,0
rna+H3K4me3-TATCAGCACCAGTTCA,0
rna+H3K4me3-TATCAGCACCGAAGTA,10
rna+H3K4me3-TATCAGCACCGTGAGA,7
rna+H3K4me3-TATCAGCACCTCCTGA,2
rna+H3K4me3-TATCAGCAAGTGGTCA,5
rna+H3K4me3-TATCAGCACGAACTTA,2
rna+H3K4me3-TATCAGCACGACTGGA,8
rna+H3K4me3-TATCAGCACGCATACA,11
rna+H3K4me3-TATCAGCACTCAATGA,12
rna+H3K4me3-TATCAGCACTGAGCCA,8
rna+H3K4me3-TATCAGCACTGGCATA,0
rna+H3K4me3-TATCAGCAGAATCTGA,2
rna+H3K4me3-TATCAGCACAAGACTA,3
rna+H3K4me3-TATCAGCAGAGCTGAA,0
rna+H3K4me3-TATCAGCAGATAGACA,5
rna+H3K4me3-TATCAGCAACCACTGT,9
rna+H3K4me3-TATCAGCAGCCACATA,2
rna+H3K4me3-TATCAGCAGCGAGTAA,0
rna+H3K4me3-TATCAGCAGCTAACGA,3
rna+H3K4me3-TATCAGCAGCTCGGTA,0
rna+H3K4me3-TATCAGCAGGAGAACA,10
rna+H3K4me3-TATCAGCAGGTGCGAA,5
rna+H3K4me3-TATCAGCAGTACGCAA,8
rna+H3K4me3-TATCAGCAGTCGTAGA,8
rna+H3K4me3-TATCAGCAGTCTGTCA,2
rna+H3K4me3-TATCAGCAGTGTTCTA,10
rna+H3K4me3-TATCAGCAACATTGGC,9
rna+H3K4me3-TATCAGCATAGGATGA,11
rna+H3K4me3-TATCAGCATATCAGCA,5
rna+H3K4me3-TATCAGCATCCGTCTA,14
rna+H3K4me3-TATCAGCATCTTCACA,11
rna+H3K4me3-TATCAGCATGAAGAGA,3
rna+H3K4me3-TATCAGCATGGAACAA,5
rna+H3K4me3-TATCAGCATGGCTTCA,0
rna+H3K4me3-TATCAGCATGGTGGTA,3
rna+H3K4me3-TATCAGCATTCACGCA,0
rna+H3K4me3-TATCAGCAAACTCACC,8
rna+H3K4me3-TATCAGCACAGATCTG,2
rna+H3K4me3-TATCAGCAAAGAGATC,0
rna+H3K4me3-TATCAGCAAAGGACAC,0
rna+H3K4me3-TATCAGCAAATCCGTC,13
rna+H3K4me3-TATCAGCAAATGTTGC,13
rna+H3K4me3-TATCAGCAACACGACC,13
rna+H3K4me3-TATCAGCAACAGATTC,7
rna+H3K4me3-TATCAGCAAGATGTAC,7
rna+H3K4me3-TATCAGCAAGCACCTC,11
rna+H3K4me3-TATCAGCAAGCCATGC,2
rna+H3K4me3-TATCAGCAAGGCTAAC,7
rna+H3K4me3-TATCAGCACATCAAGT,9
rna+H3K4me3-TATCAGCAATAGCGAC,4
rna+H3K4me3-TATCAGCAATCATTCC,7
rna+H3K4me3-TATCAGCAATTGGCTC,4
rna+H3K4me3-TATCAGCACAAGGAGC,5
rna+H3K4me3-TATCAGCACACCTTAC,4
rna+H3K4me3-TATCAGCACCATCCTC,4
rna+H3K4me3-TATCAGCACCGACAAC,4
rna+H3K4me3-TATCAGCACCTAATCC,8
rna+H3K4me3-TATCAGCACCTCTATC,10
rna+H3K4me3-TATCAGCACGACACAC,10
rna+H3K4me3-TATCAGCACGCTGATC,1
rna+H3K4me3-TATCAGCACGGATTGC,4
rna+H3K4me3-TATCAGCACTAAGGTC,4
rna+H3K4me3-TATCAGCAGAACAGGC,4
rna+H3K4me3-TATCAGCAGACAGTGC,4
rna+H3K4me3-TATCAGCAGAGTTAGC,4
rna+H3K4me3-TATCAGCAGATGAATC,4
rna+H3K4me3-TATCAGCAGCCAAGAC,4
rna+H3K4me3-TATCAGCACGGAAGAA,4
rna+H3K4me3-TATCAGCAGTGACAAG,4
rna+H3K4me3-TATCAGCAGAACCAGA,4
rna+H3K4me3-TAGGATGAAACGTGAT,6
rna+H3K4me3-TAGGATGAACAAGCTA,6
rna+H3K4me3-TAGGATGATTGCTGGA,4
rna+H3K4me3-TAGGATGACTGTAGCC,8
rna+H3K4me3-TAGGATGAAGTACAAG,1
rna+H3K4me3-TAGGATGAAACAACCA,9
rna+H3K4me3-TAGGATGAAACCGAGA,9
rna+H3K4me3-TAGGATGAAACGCTTA,1
rna+H3K4me3-TAGGATGAAAGACGGA,6
rna+H3K4me3-TAGGATGAAAGGTACA,1
rna+H3K4me3-TAGGATGAACACAGAA,1
rna+H3K4me3-TAGGATGAACAGCAGA,1
rna+H3K4me3-TAGGATGAAAACATCG,1
rna+H3K4me3-TAGGATGAACCTCCAA,1
rna+H3K4me3-TAGGATGAACGCTCGA,1
rna+H3K4me3-TAGGATGAACGTATCA,1
rna+H3K4me3-TAGGATGAACTATGCA,4
rna+H3K4me3-TAGGATGAAGAGTCAA,10
rna+H3K4me3-TAGGATGAAGATCGCA,2
rna+H3K4me3-TAGGATGAAGCAGGAA,11
rna+H3K4me3-TAGGATGAAGTCACTA,0
rna+H3K4me3-TAGGATGAATCCTGTA,3
rna+H3K4me3-TAGGATGAATTGAGGA,0
rna+H3K4me3-TAGGATGAATGCCTAA,7
rna+H3K4me3-TAGGATGACAACCACA,11
rna+H3K4me3-TAGGATGAGACTAGTA,11
rna+H3K4me3-TAGGATGACAATGGAA,2
rna+H3K4me3-TAGGATGACACTTCGA,0
rna+H3K4me3-TAGGATGACAGCGTTA,8
rna+H3K4me3-TAGGATGACATACCAA,3
rna+H3K4me3-TAGGATGACCAGTTCA,11
rna+H3K4me3-TAGGATGACCGAAGTA,0
rna+H3K4me3-TAGGATGACCGTGAGA,1
rna+H3K4me3-TAGGATGACCTCCTGA,0
rna+H3K4me3-TAGGATGAAGTGGTCA,10
rna+H3K4me3-TAGGATGACGAACTTA,7
rna+H3K4me3-TAGGATGACGACTGGA,0
rna+H3K4me3-TAGGATGACGCATACA,3
rna+H3K4me3-TAGGATGACTCAATGA,0
rna+H3K4me3-TAGGATGACTGAGCCA,8
rna+H3K4me3-TAGGATGACTGGCATA,0
rna+H3K4me3-TAGGATGAGAATCTGA,0
rna+H3K4me3-TAGGATGACAAGACTA,11
rna+H3K4me3-TAGGATGAGAGCTGAA,0
rna+H3K4me3-TAGGATGAGATAGACA,2
rna+H3K4me3-TAGGATGAACCACTGT,8
rna+H3K4me3-TAGGATGAGCCACATA,0
rna+H3K4me3-TAGGATGAGCGAGTAA,0
rna+H3K4me3-TAGGATGAGCTAACGA,0
rna+H3K4me3-TAGGATGAGCTCGGTA,3
rna+H3K4me3-TAGGATGAGGAGAACA,0
rna+H3K4me3-TAGGATGAGGTGCGAA,8
rna+H3K4me3-TAGGATGAGTACGCAA,12
rna+H3K4me3-TAGGATGAGTCGTAGA,11
rna+H3K4me3-TAGGATGAGTCTGTCA,4
rna+H3K4me3-TAGGATGAGTGTTCTA,3
rna+H3K4me3-TAGGATGAACATTGGC,8
rna+H3K4me3-TAGGATGATAGGATGA,0
rna+H3K4me3-TAGGATGATATCAGCA,2
rna+H3K4me3-TAGGATGATCCGTCTA,2
rna+H3K4me3-TAGGATGATCTTCACA,8
rna+H3K4me3-TAGGATGATGAAGAGA,0
rna+H3K4me3-TAGGATGATGGAACAA,0
rna+H3K4me3-TAGGATGATGGCTTCA,0
rna+H3K4me3-TAGGATGATGGTGGTA,10
rna+H3K4me3-TAGGATGATTCACGCA,0
rna+H3K4me3-TAGGATGAAACTCACC,3
rna+H3K4me3-TAGGATGACAGATCTG,5
rna+H3K4me3-TAGGATGAAAGAGATC,5
rna+H3K4me3-TAGGATGAAAGGACAC,3
rna+H3K4me3-TAGGATGAAATCCGTC,13
rna+H3K4me3-TAGGATGAAATGTTGC,13
rna+H3K4me3-TAGGATGAACACGACC,13
rna+H3K4me3-TAGGATGAACAGATTC,5
rna+H3K4me3-TAGGATGAAGATGTAC,10
rna+H3K4me3-TAGGATGAAGCACCTC,7
rna+H3K4me3-TAGGATGAAGCCATGC,3
rna+H3K4me3-TAGGATGAAGGCTAAC,5
rna+H3K4me3-TAGGATGACATCAAGT,7
rna+H3K4me3-TAGGATGAATAGCGAC,7
rna+H3K4me3-TAGGATGAATCATTCC,5
rna+H3K4me3-TAGGATGAATTGGCTC,2
rna+H3K4me3-TAGGATGACAAGGAGC,5
rna+H3K4me3-TAGGATGACACCTTAC,4
rna+H3K4me3-TAGGATGACCATCCTC,4
rna+H3K4me3-TAGGATGACCGACAAC,10
rna+H3K4me3-TAGGATGACCTAATCC,8
rna+H3K4me3-TAGGATGACCTCTATC,11
rna+H3K4me3-TAGGATGACGACACAC,2
rna+H3K4me3-TAGGATGACGCTGATC,6
rna+H3K4me3-TAGGATGACGGATTGC,10
rna+H3K4me3-TAGGATGACTAAGGTC,4
rna+H3K4me3-TAGGATGAGAACAGGC,4
rna+H3K4me3-TAGGATGAGACAGTGC,2
rna+H3K4me3-TAGGATGAGAGTTAGC,4
rna+H3K4me3-TAGGATGAGATGAATC,4
rna+H3K4me3-TAGGATGAGCCAAGAC,4
rna+H3K4me3-TAGGATGACGGAAGAA,8
rna+H3K4me3-TAGGATGAGTGACAAG,4
rna+H3K4me3-TAGGATGAGAACCAGA,5
rna+H3K4me3-GTGTTCTAAACGTGAT,9
rna+H3K4me3-GTGTTCTAACAAGCTA,1
rna+H3K4me3-GTGTTCTATTGCTGGA,4
rna+H3K4me3-GTGTTCTACTGTAGCC,1
rna+H3K4me3-GTGTTCTAAGTACAAG,1
rna+H3K4me3-GTGTTCTAAACAACCA,7
rna+H3K4me3-GTGTTCTAAACCGAGA,9
rna+H3K4me3-GTGTTCTAAACGCTTA,1
rna+H3K4me3-GTGTTCTAAAGACGGA,1
rna+H3K4me3-GTGTTCTAAAGGTACA,1
rna+H3K4me3-GTGTTCTAACACAGAA,1
rna+H3K4me3-GTGTTCTAACAGCAGA,5
rna+H3K4me3-GTGTTCTAAAACATCG,9
rna+H3K4me3-GTGTTCTAACCTCCAA,1
rna+H3K4me3-GTGTTCTAACGCTCGA,10
rna+H3K4me3-GTGTTCTAACGTATCA,8
rna+H3K4me3-GTGTTCTAACTATGCA,10
rna+H3K4me3-GTGTTCTAAGAGTCAA,5
rna+H3K4me3-GTGTTCTAAGATCGCA,7
rna+H3K4me3-GTGTTCTAAGCAGGAA,2
rna+H3K4me3-GTGTTCTAAGTCACTA,5
rna+H3K4me3-GTGTTCTAATCCTGTA,0
rna+H3K4me3-GTGTTCTAATTGAGGA,0
rna+H3K4me3-GTGTTCTAATGCCTAA,9
rna+H3K4me3-GTGTTCTACAACCACA,11
rna+H3K4me3-GTGTTCTAGACTAGTA,8
rna+H3K4me3-GTGTTCTACAATGGAA,8
rna+H3K4me3-GTGTTCTACACTTCGA,8
rna+H3K4me3-GTGTTCTACAGCGTTA,4
rna+H3K4me3-GTGTTCTACATACCAA,2
rna+H3K4me3-GTGTTCTACCAGTTCA,0
rna+H3K4me3-GTGTTCTACCGAAGTA,0
rna+H3K4me3-GTGTTCTACCGTGAGA,5
rna+H3K4me3-GTGTTCTACCTCCTGA,0
rna+H3K4me3-GTGTTCTAAGTGGTCA,8
rna+H3K4me3-GTGTTCTACGAACTTA,2
rna+H3K4me3-GTGTTCTACGACTGGA,0
rna+H3K4me3-GTGTTCTACGCATACA,9
rna+H3K4me3-GTGTTCTACTCAATGA,5
rna+H3K4me3-GTGTTCTACTGAGCCA,11
rna+H3K4me3-GTGTTCTACTGGCATA,3
rna+H3K4me3-GTGTTCTAGAATCTGA,8
rna+H3K4me3-GTGTTCTACAAGACTA,0
rna+H3K4me3-GTGTTCTAGAGCTGAA,3
rna+H3K4me3-GTGTTCTAGATAGACA,0
rna+H3K4me3-GTGTTCTAACCACTGT,14
rna+H3K4me3-GTGTTCTAGCCACATA,8
rna+H3K4me3-GTGTTCTAGCGAGTAA,0
rna+H3K4me3-GTGTTCTAGCTAACGA,11
rna+H3K4me3-GTGTTCTAGCTCGGTA,0
rna+H3K4me3-GTGTTCTAGGAGAACA,0
rna+H3K4me3-GTGTTCTAGGTGCGAA,2
rna+H3K4me3-GTGTTCTAGTACGCAA,0
rna+H3K4me3-GTGTTCTAGTCGTAGA,0
rna+H3K4me3-GTGTTCTAGTCTGTCA,11
rna+H3K4me3-GTGTTCTAGTGTTCTA,11
rna+H3K4me3-GTGTTCTAACATTGGC,5
rna+H3K4me3-GTGTTCTATAGGATGA,7
rna+H3K4me3-GTGTTCTATATCAGCA,0
rna+H3K4me3-GTGTTCTATCCGTCTA,0
rna+H3K4me3-GTGTTCTATCTTCACA,11
rna+H3K4me3-GTGTTCTATGAAGAGA,11
rna+H3K4me3-GTGTTCTATGGAACAA,0
rna+H3K4me3-GTGTTCTATGGCTTCA,2
rna+H3K4me3-GTGTTCTATGGTGGTA,3
rna+H3K4me3-GTGTTCTATTCACGCA,0
rna+H3K4me3-GTGTTCTAAACTCACC,11
rna+H3K4me3-GTGTTCTACAGATCTG,6
rna+H3K4me3-GTGTTCTAAAGAGATC,3
rna+H3K4me3-GTGTTCTAAAGGACAC,10
rna+H3K4me3-GTGTTCTAAATCCGTC,13
rna+H3K4me3-GTGTTCTAAATGTTGC,13
rna+H3K4me3-GTGTTCTAACACGACC,13
rna+H3K4me3-GTGTTCTAACAGATTC,2
rna+H3K4me3-GTGTTCTAAGATGTAC,7
rna+H3K4me3-GTGTTCTAAGCACCTC,7
rna+H3K4me3-GTGTTCTAAGCCATGC,1
rna+H3K4me3-GTGTTCTAAGGCTAAC,7
rna+H3K4me3-GTGTTCTACATCAAGT,9
rna+H3K4me3-GTGTTCTAATAGCGAC,5
rna+H3K4me3-GTGTTCTAATCATTCC,7
rna+H3K4me3-GTGTTCTAATTGGCTC,7
rna+H3K4me3-GTGTTCTACAAGGAGC,5
rna+H3K4me3-GTGTTCTACACCTTAC,5
rna+H3K4me3-GTGTTCTACCATCCTC,11
rna+H3K4me3-GTGTTCTACCGACAAC,1
rna+H3K4me3-GTGTTCTACCTAATCC,10
rna+H3K4me3-GTGTTCTACCTCTATC,4
rna+H3K4me3-GTGTTCTACGACACAC,5
rna+H3K4me3-GTGTTCTACGCTGATC,9
rna+H3K4me3-GTGTTCTACGGATTGC,4
rna+H3K4me3-GTGTTCTACTAAGGTC,4
rna+H3K4me3-GTGTTCTAGAACAGGC,4
rna+H3K4me3-GTGTTCTAGACAGTGC,2
rna+H3K4me3-GTGTTCTAGAGTTAGC,12
rna+H3K4me3-GTGTTCTAGATGAATC,4
rna+H3K4me3-GTGTTCTAGCCAAGAC,10
rna+H3K4me3-GTGTTCTACGGAAGAA,10
rna+H3K4me3-GTGTTCTAGTGACAAG,10
rna+H3K4me3-GTGTTCTAGAACCAGA,2
rna+H3K4me3-GTCTGTCAAACGTGAT,9
rna+H3K4me3-GTCTGTCAACAAGCTA,1
rna+H3K4me3-GTCTGTCATTGCTGGA,4
rna+H3K4me3-GTCTGTCACTGTAGCC,1
rna+H3K4me3-GTCTGTCAAGTACAAG,6
rna+H3K4me3-GTCTGTCAAACAACCA,1
rna+H3K4me3-GTCTGTCAAACCGAGA,6
rna+H3K4me3-GTCTGTCAAACGCTTA,1
rna+H3K4me3-GTCTGTCAAAGACGGA,5
rna+H3K4me3-GTCTGTCAAAGGTACA,4
rna+H3K4me3-GTCTGTCAACACAGAA,1
rna+H3K4me3-GTCTGTCAACAGCAGA,1
rna+H3K4me3-GTCTGTCAAAACATCG,9
rna+H3K4me3-GTCTGTCAACCTCCAA,1
rna+H3K4me3-GTCTGTCAACGCTCGA,5
rna+H3K4me3-GTCTGTCAACGTATCA,7
rna+H3K4me3-GTCTGTCAACTATGCA,5
rna+H3K4me3-GTCTGTCAAGAGTCAA,4
rna+H3K4me3-GTCTGTCAAGATCGCA,4
rna+H3K4me3-GTCTGTCAAGCAGGAA,8
rna+H3K4me3-GTCTGTCAAGTCACTA,8
rna+H3K4me3-GTCTGTCAATCCTGTA,10
rna+H3K4me3-GTCTGTCAATTGAGGA,0
rna+H3K4me3-GTCTGTCAATGCCTAA,5
rna+H3K4me3-GTCTGTCACAACCACA,3
rna+H3K4me3-GTCTGTCAGACTAGTA,11
rna+H3K4me3-GTCTGTCACAATGGAA,0
rna+H3K4me3-GTCTGTCACACTTCGA,0
rna+H3K4me3-GTCTGTCACAGCGTTA,14
rna+H3K4me3-GTCTGTCACATACCAA,0
rna+H3K4me3-GTCTGTCACCAGTTCA,0
rna+H3K4me3-GTCTGTCACCGAAGTA,0
rna+H3K4me3-GTCTGTCACCGTGAGA,8
rna+H3K4me3-GTCTGTCACCTCCTGA,0
rna+H3K4me3-GTCTGTCAAGTGGTCA,2
rna+H3K4me3-GTCTGTCACGAACTTA,0
rna+H3K4me3-GTCTGTCACGACTGGA,0
rna+H3K4me3-GTCTGTCACGCATACA,0
rna+H3K4me3-GTCTGTCACTCAATGA,11
rna+H3K4me3-GTCTGTCACTGAGCCA,10
rna+H3K4me3-GTCTGTCACTGGCATA,8
rna+H3K4me3-GTCTGTCAGAATCTGA,0
rna+H3K4me3-GTCTGTCACAAGACTA,0
rna+H3K4me3-GTCTGTCAGAGCTGAA,7
rna+H3K4me3-GTCTGTCAGATAGACA,0
rna+H3K4me3-GTCTGTCAACCACTGT,6
rna+H3K4me3-GTCTGTCAGCCACATA,8
rna+H3K4me3-GTCTGTCAGCGAGTAA,4
rna+H3K4me3-GTCTGTCAGCTAACGA,8
rna+H3K4me3-GTCTGTCAGCTCGGTA,2
rna+H3K4me3-GTCTGTCAGGAGAACA,0
rna+H3K4me3-GTCTGTCAGGTGCGAA,0
rna+H3K4me3-GTCTGTCAGTACGCAA,0
rna+H3K4me3-GTCTGTCAGTCGTAGA,0
rna+H3K4me3-GTCTGTCAGTCTGTCA,0
rna+H3K4me3-GTCTGTCAGTGTTCTA,0
rna+H3K4me3-GTCTGTCAACATTGGC,4
rna+H3K4me3-GTCTGTCATAGGATGA,0
rna+H3K4me3-GTCTGTCATATCAGCA,11
rna+H3K4me3-GTCTGTCATCCGTCTA,0
rna+H3K4me3-GTCTGTCATCTTCACA,0
rna+H3K4me3-GTCTGTCATGAAGAGA,10
rna+H3K4me3-GTCTGTCATGGAACAA,0
rna+H3K4me3-GTCTGTCATGGCTTCA,0
rna+H3K4me3-GTCTGTCATGGTGGTA,3
rna+H3K4me3-GTCTGTCATTCACGCA,3
rna+H3K4me3-GTCTGTCAAACTCACC,3
rna+H3K4me3-GTCTGTCACAGATCTG,6
rna+H3K4me3-GTCTGTCAAAGAGATC,3
rna+H3K4me3-GTCTGTCAAAGGACAC,13
rna+H3K4me3-GTCTGTCAAATCCGTC,13
rna+H3K4me3-GTCTGTCAAATGTTGC,13
rna+H3K4me3-GTCTGTCAACACGACC,10
rna+H3K4me3-GTCTGTCAACAGATTC,2
rna+H3K4me3-GTCTGTCAAGATGTAC,12
rna+H3K4me3-GTCTGTCAAGCACCTC,7
rna+H3K4me3-GTCTGTCAAGCCATGC,7
rna+H3K4me3-GTCTGTCAAGGCTAAC,7
rna+H3K4me3-GTCTGTCACATCAAGT,12
rna+H3K4me3-GTCTGTCAATAGCGAC,7
rna+H3K4me3-GTCTGTCAATCATTCC,10
rna+H3K4me3-GTCTGTCAATTGGCTC,0
rna+H3K4me3-GTCTGTCACAAGGAGC,8
rna+H3K4me3-GTCTGTCACACCTTAC,4
rna+H3K4me3-GTCTGTCACCATCCTC,10
rna+H3K4me3-GTCTGTCACCGACAAC,4
rna+H3K4me3-GTCTGTCACCTAATCC,8
rna+H3K4me3-GTCTGTCACCTCTATC,10
rna+H3K4me3-GTCTGTCACGACACAC,4
rna+H3K4me3-GTCTGTCACGCTGATC,1
rna+H3K4me3-GTCTGTCACGGATTGC,8
rna+H3K4me3-GTCTGTCACTAAGGTC,5
rna+H3K4me3-GTCTGTCAGAACAGGC,5
rna+H3K4me3-GTCTGTCAGACAGTGC,11
rna+H3K4me3-GTCTGTCAGAGTTAGC,2
rna+H3K4me3-GTCTGTCAGATGAATC,12
rna+H3K4me3-GTCTGTCAGCCAAGAC,10
rna+H3K4me3-GTCTGTCACGGAAGAA,4
rna+H3K4me3-GTCTGTCAGTGACAAG,4
rna+H3K4me3-GTCTGTCAGAACCAGA,8
rna+H3K4me3-GTCGTAGAAACGTGAT,8
rna+H3K4me3-GTCGTAGAACAAGCTA,1
rna+H3K4me3-GTCGTAGATTGCTGGA,5
rna+H3K4me3-GTCGTAGACTGTAGCC,2
rna+H3K4me3-GTCGTAGAAGTACAAG,1
rna+H3K4me3-GTCGTAGAAACAACCA,4
rna+H3K4me3-GTCGTAGAAACCGAGA,9
rna+H3K4me3-GTCGTAGAAACGCTTA,1
rna+H3K4me3-GTCGTAGAAAGACGGA,2
rna+H3K4me3-GTCGTAGAAAGGTACA,1
rna+H3K4me3-GTCGTAGAACACAGAA,1
rna+H3K4me3-GTCGTAGAACAGCAGA,9
rna+H3K4me3-GTCGTAGAAAACATCG,2
rna+H3K4me3-GTCGTAGAACCTCCAA,1
rna+H3K4me3-GTCGTAGAACGCTCGA,6
rna+H3K4me3-GTCGTAGAACGTATCA,4
rna+H3K4me3-GTCGTAGAACTATGCA,10
rna+H3K4me3-GTCGTAGAAGAGTCAA,1
rna+H3K4me3-GTCGTAGAAGATCGCA,0
rna+H3K4me3-GTCGTAGAAGCAGGAA,0
rna+H3K4me3-GTCGTAGAAGTCACTA,0
rna+H3K4me3-GTCGTAGAATCCTGTA,0
rna+H3K4me3-GTCGTAGAATTGAGGA,0
rna+H3K4me3-GTCGTAGAATGCCTAA,9
rna+H3K4me3-GTCGTAGACAACCACA,2
rna+H3K4me3-GTCGTAGAGACTAGTA,0
rna+H3K4me3-GTCGTAGACAATGGAA,0
rna+H3K4me3-GTCGTAGACACTTCGA,14
rna+H3K4me3-GTCGTAGACAGCGTTA,8
rna+H3K4me3-GTCGTAGACATACCAA,0
rna+H3K4me3-GTCGTAGACCAGTTCA,0
rna+H3K4me3-GTCGTAGACCGAAGTA,0
rna+H3K4me3-GTCGTAGACCGTGAGA,2
rna+H3K4me3-GTCGTAGACCTCCTGA,3
rna+H3K4me3-GTCGTAGAAGTGGTCA,6
rna+H3K4me3-GTCGTAGACGAACTTA,0
rna+H3K4me3-GTCGTAGACGACTGGA,4
rna+H3K4me3-GTCGTAGACGCATACA,0
rna+H3K4me3-GTCGTAGACTCAATGA,0
rna+H3K4me3-GTCGTAGACTGAGCCA,11
rna+H3K4me3-GTCGTAGACTGGCATA,8
rna+H3K4me3-GTCGTAGAGAATCTGA,8
rna+H3K4me3-GTCGTAGACAAGACTA,0
rna+H3K4me3-GTCGTAGAGAGCTGAA,2
rna+H3K4me3-GTCGTAGAGATAGACA,8
rna+H3K4me3-GTCGTAGAACCACTGT,2
rna+H3K4me3-GTCGTAGAGCCACATA,0
rna+H3K4me3-GTCGTAGAGCGAGTAA,5
rna+H3K4me3-GTCGTAGAGCTAACGA,0
rna+H3K4me3-GTCGTAGAGCTCGGTA,8
rna+H3K4me3-GTCGTAGAGGAGAACA,0
rna+H3K4me3-GTCGTAGAGGTGCGAA,8
rna+H3K4me3-GTCGTAGAGTACGCAA,0
rna+H3K4me3-GTCGTAGAGTCGTAGA,7
rna+H3K4me3-GTCGTAGAGTCTGTCA,0
rna+H3K4me3-GTCGTAGAGTGTTCTA,2
rna+H3K4me3-GTCGTAGAACATTGGC,9
rna+H3K4me3-GTCGTAGATAGGATGA,10
rna+H3K4me3-GTCGTAGATATCAGCA,4
rna+H3K4me3-GTCGTAGATCCGTCTA,0
rna+H3K4me3-GTCGTAGATCTTCACA,10
rna+H3K4me3-GTCGTAGATGAAGAGA,0
rna+H3K4me3-GTCGTAGATGGAACAA,0
rna+H3K4me3-GTCGTAGATGGCTTCA,0
rna+H3K4me3-GTCGTAGATGGTGGTA,11
rna+H3K4me3-GTCGTAGATTCACGCA,0
rna+H3K4me3-GTCGTAGAAACTCACC,5
rna+H3K4me3-GTCGTAGACAGATCTG,2
rna+H3K4me3-GTCGTAGAAAGAGATC,0
rna+H3K4me3-GTCGTAGAAAGGACAC,13
rna+H3K4me3-GTCGTAGAAATCCGTC,13
rna+H3K4me3-GTCGTAGAAATGTTGC,13
rna+H3K4me3-GTCGTAGAACACGACC,5
rna+H3K4me3-GTCGTAGAACAGATTC,5
rna+H3K4me3-GTCGTAGAAGATGTAC,10
rna+H3K4me3-GTCGTAGAAGCACCTC,7
rna+H3K4me3-GTCGTAGAAGCCATGC,10
rna+H3K4me3-GTCGTAGAAGGCTAAC,7
rna+H3K4me3-GTCGTAGACATCAAGT,1
rna+H3K4me3-GTCGTAGAATAGCGAC,7
rna+H3K4me3-GTCGTAGAATCATTCC,7
rna+H3K4me3-GTCGTAGAATTGGCTC,7
rna+H3K4me3-GTCGTAGACAAGGAGC,5
rna+H3K4me3-GTCGTAGACACCTTAC,2
rna+H3K4me3-GTCGTAGACCATCCTC,2
rna+H3K4me3-GTCGTAGACCGACAAC,7
rna+H3K4me3-GTCGTAGACCTAATCC,7
rna+H3K4me3-GTCGTAGACCTCTATC,5
rna+H3K4me3-GTCGTAGACGACACAC,5
rna+H3K4me3-GTCGTAGACGCTGATC,1
rna+H3K4me3-GTCGTAGACGGATTGC,8
rna+H3K4me3-GTCGTAGACTAAGGTC,4
rna+H3K4me3-GTCGTAGAGAACAGGC,5
rna+H3K4me3-GTCGTAGAGACAGTGC,5
rna+H3K4me3-GTCGTAGAGAGTTAGC,2
rna+H3K4me3-GTCGTAGAGATGAATC,4
rna+H3K4me3-GTCGTAGAGCCAAGAC,8
rna+H3K4me3-GTCGTAGACGGAAGAA,5
rna+H3K4me3-GTCGTAGAGTGACAAG,2
rna+H3K4me3-GTCGTAGAGAACCAGA,7
rna+H3K4me3-GTACGCAAAACGTGAT,6
rna+H3K4me3-GTACGCAAACAAGCTA,1
rna+H3K4me3-GTACGCAATTGCTGGA,2
rna+H3K4me3-GTACGCAACTGTAGCC,1
rna+H3K4me3-GTACGCAAAGTACAAG,6
rna+H3K4me3-GTACGCAAAACAACCA,1
rna+H3K4me3-GTACGCAAAACCGAGA,1
rna+H3K4me3-GTACGCAAAACGCTTA,1
rna+H3K4me3-GTACGCAAAAGACGGA,4
rna+H3K4me3-GTACGCAAAAGGTACA,6
rna+H3K4me3-GTACGCAAACACAGAA,1
rna+H3K4me3-GTACGCAAACAGCAGA,1
rna+H3K4me3-GTACGCAAAAACATCG,8
rna+H3K4me3-GTACGCAAACCTCCAA,8
rna+H3K4me3-GTACGCAAACGCTCGA,1
rna+H3K4me3-GTACGCAAACGTATCA,2
rna+H3K4me3-GTACGCAAACTATGCA,4
rna+H3K4me3-GTACGCAAAGAGTCAA,8
rna+H3K4me3-GTACGCAAAGATCGCA,0
rna+H3K4me3-GTACGCAAAGCAGGAA,2
rna+H3K4me3-GTACGCAAAGTCACTA,2
rna+H3K4me3-GTACGCAAATCCTGTA,0
rna+H3K4me3-GTACGCAAATTGAGGA,0
rna+H3K4me3-GTACGCAAATGCCTAA,9
rna+H3K4me3-GTACGCAACAACCACA,0
rna+H3K4me3-GTACGCAAGACTAGTA,10
rna+H3K4me3-GTACGCAACAATGGAA,0
rna+H3K4me3-GTACGCAACACTTCGA,5
rna+H3K4me3-GTACGCAACAGCGTTA,0
rna+H3K4me3-GTACGCAACATACCAA,0
rna+H3K4me3-GTACGCAACCAGTTCA,11
rna+H3K4me3-GTACGCAACCGAAGTA,0
rna+H3K4me3-GTACGCAACCGTGAGA,0
rna+H3K4me3-GTACGCAACCTCCTGA,0
rna+H3K4me3-GTACGCAAAGTGGTCA,9
rna+H3K4me3-GTACGCAACGAACTTA,7
rna+H3K4me3-GTACGCAACGACTGGA,8
rna+H3K4me3-GTACGCAACGCATACA,0
rna+H3K4me3-GTACGCAACTCAATGA,0
rna+H3K4me3-GTACGCAACTGAGCCA,11
rna+H3K4me3-GTACGCAACTGGCATA,0
rna+H3K4me3-GTACGCAAGAATCTGA,2
rna+H3K4me3-GTACGCAACAAGACTA,8
rna+H3K4me3-GTACGCAAGAGCTGAA,0
rna+H3K4me3-GTACGCAAGATAGACA,2
rna+H3K4me3-GTACGCAAACCACTGT,2
rna+H3K4me3-GTACGCAAGCCACATA,2
rna+H3K4me3-GTACGCAAGCGAGTAA,3
rna+H3K4me3-GTACGCAAGCTAACGA,8
rna+H3K4me3-GTACGCAAGCTCGGTA,0
rna+H3K4me3-GTACGCAAGGAGAACA,4
rna+H3K4me3-GTACGCAAGGTGCGAA,0
rna+H3K4me3-GTACGCAAGTACGCAA,2
rna+H3K4me3-GTACGCAAGTCGTAGA,0
rna+H3K4me3-GTACGCAAGTCTGTCA,0
rna+H3K4me3-GTACGCAAGTGTTCTA,3
rna+H3K4me3-GTACGCAAACATTGGC,8
rna+H3K4me3-GTACGCAATAGGATGA,2
rna+H3K4me3-GTACGCAATATCAGCA,8
rna+H3K4me3-GTACGCAATCCGTCTA,3
rna+H3K4me3-GTACGCAATCTTCACA,3
rna+H3K4me3-GTACGCAATGAAGAGA,2
rna+H3K4me3-GTACGCAATGGAACAA,12
rna+H3K4me3-GTACGCAATGGCTTCA,0
rna+H3K4me3-GTACGCAATGGTGGTA,11
rna+H3K4me3-GTACGCAATTCACGCA,0
rna+H3K4me3-GTACGCAAAACTCACC,5
rna+H3K4me3-GTACGCAACAGATCTG,2
rna+H3K4me3-GTACGCAAAAGAGATC,0
rna+H3K4me3-GTACGCAAAAGGACAC,13
rna+H3K4me3-GTACGCAAAATCCGTC,13
rna+H3K4me3-GTACGCAAAATGTTGC,13
rna+H3K4me3-GTACGCAAACACGACC,7
rna+H3K4me3-GTACGCAAACAGATTC,7
rna+H3K4me3-GTACGCAAAGATGTAC,7
rna+H3K4me3-GTACGCAAAGCACCTC,7
rna+H3K4me3-GTACGCAAAGCCATGC,7
rna+H3K4me3-GTACGCAAAGGCTAAC,2
rna+H3K4me3-GTACGCAACATCAAGT,6
rna+H3K4me3-GTACGCAAATAGCGAC,7
rna+H3K4me3-GTACGCAAATCATTCC,7
rna+H3K4me3-GTACGCAAATTGGCTC,5
rna+H3K4me3-GTACGCAACAAGGAGC,4
rna+H3K4me3-GTACGCAACACCTTAC,7
rna+H3K4me3-GTACGCAACCATCCTC,7
rna+H3K4me3-GTACGCAACCGACAAC,2
rna+H3K4me3-GTACGCAACCTAATCC,10
rna+H3K4me3-GTACGCAACCTCTATC,7
rna+H3K4me3-GTACGCAACGACACAC,5
rna+H3K4me3-GTACGCAACGCTGATC,9
rna+H3K4me3-GTACGCAACGGATTGC,4
rna+H3K4me3-GTACGCAACTAAGGTC,2
rna+H3K4me3-GTACGCAAGAACAGGC,14
rna+H3K4me3-GTACGCAAGACAGTGC,5
rna+H3K4me3-GTACGCAAGAGTTAGC,1
rna+H3K4me3-GTACGCAAGATGAATC,5
rna+H3K4me3-GTACGCAAGCCAAGAC,7
rna+H3K4me3-GTACGCAACGGAAGAA,7
rna+H3K4me3-GTACGCAAGTGACAAG,7
rna+H3K4me3-GTACGCAAGAACCAGA,7
rna+H3K4me3-GGTGCGAAAACGTGAT,9
rna+H3K4me3-GGTGCGAAACAAGCTA,10
rna+H3K4me3-GGTGCGAATTGCTGGA,5
rna+H3K4me3-GGTGCGAACTGTAGCC,2
rna+H3K4me3-GGTGCGAAAGTACAAG,2
rna+H3K4me3-GGTGCGAAAACAACCA,7
rna+H3K4me3-GGTGCGAAAACCGAGA,6
rna+H3K4me3-GGTGCGAAAACGCTTA,6
rna+H3K4me3-GGTGCGAAAAGACGGA,6
rna+H3K4me3-GGTGCGAAAAGGTACA,2
rna+H3K4me3-GGTGCGAAACACAGAA,4
rna+H3K4me3-GGTGCGAAACAGCAGA,1
rna+H3K4me3-GGTGCGAAAAACATCG,9
rna+H3K4me3-GGTGCGAAACCTCCAA,9
rna+H3K4me3-GGTGCGAAACGCTCGA,1
rna+H3K4me3-GGTGCGAAACGTATCA,1
rna+H3K4me3-GGTGCGAAACTATGCA,12
rna+H3K4me3-GGTGCGAAAGAGTCAA,4
rna+H3K4me3-GGTGCGAAAGATCGCA,4
rna+H3K4me3-GGTGCGAAAGCAGGAA,0
rna+H3K4me3-GGTGCGAAAGTCACTA,0
rna+H3K4me3-GGTGCGAAATCCTGTA,0
rna+H3K4me3-GGTGCGAAATTGAGGA,0
rna+H3K4me3-GGTGCGAAATGCCTAA,6
rna+H3K4me3-GGTGCGAACAACCACA,0
rna+H3K4me3-GGTGCGAAGACTAGTA,0
rna+H3K4me3-GGTGCGAACAATGGAA,5
rna+H3K4me3-GGTGCGAACACTTCGA,0
rna+H3K4me3-GGTGCGAACAGCGTTA,0
rna+H3K4me3-GGTGCGAACATACCAA,0
rna+H3K4me3-GGTGCGAACCAGTTCA,8
rna+H3K4me3-GGTGCGAACCGAAGTA,0
rna+H3K4me3-GGTGCGAACCGTGAGA,0
rna+H3K4me3-GGTGCGAACCTCCTGA,0
rna+H3K4me3-GGTGCGAAAGTGGTCA,9
rna+H3K4me3-GGTGCGAACGAACTTA,0
rna+H3K4me3-GGTGCGAACGACTGGA,11
rna+H3K4me3-GGTGCGAACGCATACA,0
rna+H3K4me3-GGTGCGAACTCAATGA,8
rna+H3K4me3-GGTGCGAACTGAGCCA,0
rna+H3K4me3-GGTGCGAACTGGCATA,0
rna+H3K4me3-GGTGCGAAGAATCTGA,8
rna+H3K4me3-GGTGCGAACAAGACTA,0
rna+H3K4me3-GGTGCGAAGAGCTGAA,5
rna+H3K4me3-GGTGCGAAGATAGACA,11
rna+H3K4me3-GGTGCGAAACCACTGT,2
rna+H3K4me3-GGTGCGAAGCCACATA,0
rna+H3K4me3-GGTGCGAAGCGAGTAA,0
rna+H3K4me3-GGTGCGAAGCTAACGA,3
rna+H3K4me3-GGTGCGAAGCTCGGTA,0
rna+H3K4me3-GGTGCGAAGGAGAACA,12
rna+H3K4me3-GGTGCGAAGGTGCGAA,5
rna+H3K4me3-GGTGCGAAGTACGCAA,0
rna+H3K4me3-GGTGCGAAGTCGTAGA,0
rna+H3K4me3-GGTGCGAAGTCTGTCA,10
rna+H3K4me3-GGTGCGAAGTGTTCTA,0
rna+H3K4me3-GGTGCGAAACATTGGC,8
rna+H3K4me3-GGTGCGAATAGGATGA,8
rna+H3K4me3-GGTGCGAATATCAGCA,0
rna+H3K4me3-GGTGCGAATCCGTCTA,2
rna+H3K4me3-GGTGCGAATCTTCACA,0
rna+H3K4me3-GGTGCGAATGAAGAGA,4
rna+H3K4me3-GGTGCGAATGGAACAA,11
rna+H3K4me3-GGTGCGAATGGCTTCA,8
rna+H3K4me3-GGTGCGAATGGTGGTA,2
rna+H3K4me3-GGTGCGAATTCACGCA,3
rna+H3K4me3-GGTGCGAAAACTCACC,4
rna+H3K4me3-GGTGCGAACAGATCTG,12
rna+H3K4me3-GGTGCGAAAAGAGATC,3
rna+H3K4me3-GGTGCGAAAAGGACAC,13
rna+H3K4me3-GGTGCGAAAATCCGTC,13
rna+H3K4me3-GGTGCGAAAATGTTGC,5
rna+H3K4me3-GGTGCGAAACACGACC,7
rna+H3K4me3-GGTGCGAAACAGATTC,7
rna+H3K4me3-GGTGCGAAAGATGTAC,5
rna+H3K4me3-GGTGCGAAAGCACCTC,5
rna+H3K4me3-GGTGCGAAAGCCATGC,7
rna+H3K4me3-GGTGCGAAAGGCTAAC,0
rna+H3K4me3-GGTGCGAACATCAAGT,8
rna+H3K4me3-GGTGCGAAATAGCGAC,8
rna+H3K4me3-GGTGCGAAATCATTCC,2
rna+H3K4me3-GGTGCGAAATTGGCTC,5
rna+H3K4me3-GGTGCGAACAAGGAGC,5
rna+H3K4me3-GGTGCGAACACCTTAC,10
rna+H3K4me3-GGTGCGAACCATCCTC,7
rna+H3K4me3-GGTGCGAACCGACAAC,7
rna+H3K4me3-GGTGCGAACCTAATCC,9
rna+H3K4me3-GGTGCGAACCTCTATC,5
rna+H3K4me3-GGTGCGAACGACACAC,10
rna+H3K4me3-GGTGCGAACGCTGATC,8
rna+H3K4me3-GGTGCGAACGGATTGC,1
rna+H3K4me3-GGTGCGAACTAAGGTC,7
rna+H3K4me3-GGTGCGAAGAACAGGC,5
rna+H3K4me3-GGTGCGAAGACAGTGC,8
rna+H3K4me3-GGTGCGAAGAGTTAGC,8
rna+H3K4me3-GGTGCGAAGATGAATC,5
rna+H3K4me3-GGTGCGAAGCCAAGAC,5
rna+H3K4me3-GGTGCGAACGGAAGAA,2
rna+H3K4me3-GGTGCGAAGTGACAAG,7
rna+H3K4me3-GGTGCGAAGAACCAGA,11
rna+H3K4me3-GGAGAACAAACGTGAT,9
rna+H3K4me3-GGAGAACAACAAGCTA,1
rna+H3K4me3-GGAGAACATTGCTGGA,5
rna+H3K4me3-GGAGAACACTGTAGCC,9
rna+H3K4me3-GGAGAACAAGTACAAG,6
rna+H3K4me3-GGAGAACAAACAACCA,1
rna+H3K4me3-GGAGAACAAACCGAGA,1
rna+H3K4me3-GGAGAACAAACGCTTA,9
rna+H3K4me3-GGAGAACAAAGACGGA,5
rna+H3K4me3-GGAGAACAAAGGTACA,2
rna+H3K4me3-GGAGAACAACACAGAA,1
rna+H3K4me3-GGAGAACAACAGCAGA,6
rna+H3K4me3-GGAGAACAAAACATCG,6
rna+H3K4me3-GGAGAACAACCTCCAA,8
rna+H3K4me3-GGAGAACAACGCTCGA,6
rna+H3K4me3-GGAGAACAACGTATCA,1
rna+H3K4me3-GGAGAACAACTATGCA,8
rna+H3K4me3-GGAGAACAAGAGTCAA,2
rna+H3K4me3-GGAGAACAAGATCGCA,10
rna+H3K4me3-GGAGAACAAGCAGGAA,8
rna+H3K4me3-GGAGAACAAGTCACTA,8
rna+H3K4me3-GGAGAACAATCCTGTA,0
rna+H3K4me3-GGAGAACAATTGAGGA,8
rna+H3K4me3-GGAGAACAATGCCTAA,10
rna+H3K4me3-GGAGAACACAACCACA,4
rna+H3K4me3-GGAGAACAGACTAGTA,3
rna+H3K4me3-GGAGAACACAATGGAA,0
rna+H3K4me3-GGAGAACACACTTCGA,5
rna+H3K4me3-GGAGAACACAGCGTTA,0
rna+H3K4me3-GGAGAACACATACCAA,0
rna+H3K4me3-GGAGAACACCAGTTCA,3
rna+H3K4me3-GGAGAACACCGAAGTA,0
rna+H3K4me3-GGAGAACACCGTGAGA,0
rna+H3K4me3-GGAGAACACCTCCTGA,12
rna+H3K4me3-GGAGAACAAGTGGTCA,9
rna+H3K4me3-GGAGAACACGAACTTA,0
rna+H3K4me3-GGAGAACACGACTGGA,0
rna+H3K4me3-GGAGAACACGCATACA,0
rna+H3K4me3-GGAGAACACTCAATGA,0
rna+H3K4me3-GGAGAACACTGAGCCA,13
rna+H3K4me3-GGAGAACACTGGCATA,11
rna+H3K4me3-GGAGAACAGAATCTGA,2
rna+H3K4me3-GGAGAACACAAGACTA,0
rna+H3K4me3-GGAGAACAGAGCTGAA,8
rna+H3K4me3-GGAGAACAGATAGACA,0
rna+H3K4me3-GGAGAACAACCACTGT,9
rna+H3K4me3-GGAGAACAGCCACATA,3
rna+H3K4me3-GGAGAACAGCGAGTAA,2
rna+H3K4me3-GGAGAACAGCTAACGA,0
rna+H3K4me3-GGAGAACAGCTCGGTA,8
rna+H3K4me3-GGAGAACAGGAGAACA,8
rna+H3K4me3-GGAGAACAGGTGCGAA,0
rna+H3K4me3-GGAGAACAGTACGCAA,0
rna+H3K4me3-GGAGAACAGTCGTAGA,0
rna+H3K4me3-GGAGAACAGTCTGTCA,0
rna+H3K4me3-GGAGAACAGTGTTCTA,3
rna+H3K4me3-GGAGAACAACATTGGC,2
rna+H3K4me3-GGAGAACATAGGATGA,0
rna+H3K4me3-GGAGAACATATCAGCA,2
rna+H3K4me3-GGAGAACATCCGTCTA,0
rna+H3K4me3-GGAGAACATCTTCACA,11
rna+H3K4me3-GGAGAACATGAAGAGA,5
rna+H3K4me3-GGAGAACATGGAACAA,3
rna+H3K4me3-GGAGAACATGGCTTCA,3
rna+H3K4me3-GGAGAACATGGTGGTA,11
rna+H3K4me3-GGAGAACATTCACGCA,7
rna+H3K4me3-GGAGAACAAACTCACC,13
rna+H3K4me3-GGAGAACACAGATCTG,10
rna+H3K4me3-GGAGAACAAAGAGATC,5
rna+H3K4me3-GGAGAACAAAGGACAC,13
rna+H3K4me3-GGAGAACAAATCCGTC,13
rna+H3K4me3-GGAGAACAAATGTTGC,5
rna+H3K4me3-GGAGAACAACACGACC,7
rna+H3K4me3-GGAGAACAACAGATTC,7
rna+H3K4me3-GGAGAACAAGATGTAC,7
rna+H3K4me3-GGAGAACAAGCACCTC,7
rna+H3K4me3-GGAGAACAAGCCATGC,7
rna+H3K4me3-GGAGAACAAGGCTAAC,7
rna+H3K4me3-GGAGAACACATCAAGT,6
rna+H3K4me3-GGAGAACAATAGCGAC,7
rna+H3K4me3-GGAGAACAATCATTCC,7
rna+H3K4me3-GGAGAACAATTGGCTC,5
rna+H3K4me3-GGAGAACACAAGGAGC,2
rna+H3K4me3-GGAGAACACACCTTAC,0
rna+H3K4me3-GGAGAACACCATCCTC,7
rna+H3K4me3-GGAGAACACCGACAAC,5
rna+H3K4me3-GGAGAACACCTAATCC,7
rna+H3K4me3-GGAGAACACCTCTATC,7
rna+H3K4me3-GGAGAACACGACACAC,5
rna+H3K4me3-GGAGAACACGCTGATC,6
rna+H3K4me3-GGAGAACACGGATTGC,5
rna+H3K4me3-GGAGAACACTAAGGTC,5
rna+H3K4me3-GGAGAACAGAACAGGC,10
rna+H3K4me3-GGAGAACAGACAGTGC,2
rna+H3K4me3-GGAGAACAGAGTTAGC,1
rna+H3K4me3-GGAGAACAGATGAATC,5
rna+H3K4me3-GGAGAACAGCCAAGAC,5
rna+H3K4me3-GGAGAACACGGAAGAA,2
rna+H3K4me3-GGAGAACAGTGACAAG,7
rna+H3K4me3-GGAGAACAGAACCAGA,8
rna+H3K4me3-GCTCGGTAAACGTGAT,9
rna+H3K4me3-GCTCGGTAACAAGCTA,12
rna+H3K4me3-GCTCGGTATTGCTGGA,7
rna+H3K4me3-GCTCGGTACTGTAGCC,6
rna+H3K4me3-GCTCGGTAAGTACAAG,5
rna+H3K4me3-GCTCGGTAAACAACCA,1
rna+H3K4me3-GCTCGGTAAACCGAGA,1
rna+H3K4me3-GCTCGGTAAACGCTTA,1
rna+H3K4me3-GCTCGGTAAAGACGGA,1
rna+H3K4me3-GCTCGGTAAAGGTACA,5
rna+H3K4me3-GCTCGGTAACACAGAA,1
rna+H3K4me3-GCTCGGTAACAGCAGA,4
rna+H3K4me3-GCTCGGTAAAACATCG,6
rna+H3K4me3-GCTCGGTAACCTCCAA,2
rna+H3K4me3-GCTCGGTAACGCTCGA,1
rna+H3K4me3-GCTCGGTAACGTATCA,10
rna+H3K4me3-GCTCGGTAACTATGCA,2
rna+H3K4me3-GCTCGGTAAGAGTCAA,10
rna+H3K4me3-GCTCGGTAAGATCGCA,2
rna+H3K4me3-GCTCGGTAAGCAGGAA,0
rna+H3K4me3-GCTCGGTAAGTCACTA,0
rna+H3K4me3-GCTCGGTAATCCTGTA,0
rna+H3K4me3-GCTCGGTAATTGAGGA,0
rna+H3K4me3-GCTCGGTAATGCCTAA,6
rna+H3K4me3-GCTCGGTACAACCACA,0
rna+H3K4me3-GCTCGGTAGACTAGTA,0
rna+H3K4me3-GCTCGGTACAATGGAA,0
rna+H3K4me3-GCTCGGTACACTTCGA,8
rna+H3K4me3-GCTCGGTACAGCGTTA,0
rna+H3K4me3-GCTCGGTACATACCAA,8
rna+H3K4me3-GCTCGGTACCAGTTCA,0
rna+H3K4me3-GCTCGGTACCGAAGTA,0
rna+H3K4me3-GCTCGGTACCGTGAGA,0
rna+H3K4me3-GCTCGGTACCTCCTGA,0
rna+H3K4me3-GCTCGGTAAGTGGTCA,10
rna+H3K4me3-GCTCGGTACGAACTTA,3
rna+H3K4me3-GCTCGGTACGACTGGA,8
rna+H3K4me3-GCTCGGTACGCATACA,4
rna+H3K4me3-GCTCGGTACTCAATGA,2
rna+H3K4me3-GCTCGGTACTGAGCCA,0
rna+H3K4me3-GCTCGGTACTGGCATA,1
rna+H3K4me3-GCTCGGTAGAATCTGA,11
rna+H3K4me3-GCTCGGTACAAGACTA,0
rna+H3K4me3-GCTCGGTAGAGCTGAA,0
rna+H3K4me3-GCTCGGTAGATAGACA,0
rna+H3K4me3-GCTCGGTAACCACTGT,6
rna+H3K4me3-GCTCGGTAGCCACATA,11
rna+H3K4me3-GCTCGGTAGCGAGTAA,0
rna+H3K4me3-GCTCGGTAGCTAACGA,0
rna+H3K4me3-GCTCGGTAGCTCGGTA,10
rna+H3K4me3-GCTCGGTAGGAGAACA,0
rna+H3K4me3-GCTCGGTAGGTGCGAA,10
rna+H3K4me3-GCTCGGTAGTACGCAA,8
rna+H3K4me3-GCTCGGTAGTCGTAGA,0
rna+H3K4me3-GCTCGGTAGTCTGTCA,0
rna+H3K4me3-GCTCGGTAGTGTTCTA,3
rna+H3K4me3-GCTCGGTAACATTGGC,5
rna+H3K4me3-GCTCGGTATAGGATGA,2
rna+H3K4me3-GCTCGGTATATCAGCA,3
rna+H3K4me3-GCTCGGTATCCGTCTA,3
rna+H3K4me3-GCTCGGTATCTTCACA,0
rna+H3K4me3-GCTCGGTATGAAGAGA,3
rna+H3K4me3-GCTCGGTATGGAACAA,0
rna+H3K4me3-GCTCGGTATGGCTTCA,4
rna+H3K4me3-GCTCGGTATGGTGGTA,0
rna+H3K4me3-GCTCGGTATTCACGCA,0
rna+H3K4me3-GCTCGGTAAACTCACC,3
rna+H3K4me3-GCTCGGTACAGATCTG,2
rna+H3K4me3-GCTCGGTAAAGAGATC,3
rna+H3K4me3-GCTCGGTAAAGGACAC,13
rna+H3K4me3-GCTCGGTAAATCCGTC,13
rna+H3K4me3-GCTCGGTAAATGTTGC,13
rna+H3K4me3-GCTCGGTAACACGACC,7
rna+H3K4me3-GCTCGGTAACAGATTC,5
rna+H3K4me3-GCTCGGTAAGATGTAC,7
rna+H3K4me3-GCTCGGTAAGCACCTC,5
rna+H3K4me3-GCTCGGTAAGCCATGC,5
rna+H3K4me3-GCTCGGTAAGGCTAAC,2
rna+H3K4me3-GCTCGGTACATCAAGT,2
rna+H3K4me3-GCTCGGTAATAGCGAC,7
rna+H3K4me3-GCTCGGTAATCATTCC,5
rna+H3K4me3-GCTCGGTAATTGGCTC,8
rna+H3K4me3-GCTCGGTACAAGGAGC,8
rna+H3K4me3-GCTCGGTACACCTTAC,7
rna+H3K4me3-GCTCGGTACCATCCTC,7
rna+H3K4me3-GCTCGGTACCGACAAC,7
rna+H3K4me3-GCTCGGTACCTAATCC,7
rna+H3K4me3-GCTCGGTACCTCTATC,12
rna+H3K4me3-GCTCGGTACGACACAC,4
rna+H3K4me3-GCTCGGTACGCTGATC,8
rna+H3K4me3-GCTCGGTACGGATTGC,5
rna+H3K4me3-GCTCGGTACTAAGGTC,13
rna+H3K4me3-GCTCGGTAGAACAGGC,8
rna+H3K4me3-GCTCGGTAGACAGTGC,2
rna+H3K4me3-GCTCGGTAGAGTTAGC,8
rna+H3K4me3-GCTCGGTAGATGAATC,8
rna+H3K4me3-GCTCGGTAGCCAAGAC,5
rna+H3K4me3-GCTCGGTACGGAAGAA,7
rna+H3K4me3-GCTCGGTAGTGACAAG,5
rna+H3K4me3-GCTCGGTAGAACCAGA,2
rna+H3K4me3-GCTAACGAAACGTGAT,6
rna+H3K4me3-GCTAACGAACAAGCTA,6
rna+H3K4me3-GCTAACGATTGCTGGA,10
rna+H3K4me3-GCTAACGACTGTAGCC,6
rna+H3K4me3-GCTAACGAAGTACAAG,4
rna+H3K4me3-GCTAACGAAACAACCA,6
rna+H3K4me3-GCTAACGAAACCGAGA,6
rna+H3K4me3-GCTAACGAAACGCTTA,1
rna+H3K4me3-GCTAACGAAAGACGGA,1
rna+H3K4me3-GCTAACGAAAGGTACA,6
rna+H3K4me3-GCTAACGAACACAGAA,1
rna+H3K4me3-GCTAACGAACAGCAGA,6
rna+H3K4me3-GCTAACGAAAACATCG,9
rna+H3K4me3-GCTAACGAACCTCCAA,2
rna+H3K4me3-GCTAACGAACGCTCGA,6
rna+H3K4me3-GCTAACGAACGTATCA,2
rna+H3K4me3-GCTAACGAACTATGCA,4
rna+H3K4me3-GCTAACGAAGAGTCAA,5
rna+H3K4me3-GCTAACGAAGATCGCA,4
rna+H3K4me3-GCTAACGAAGCAGGAA,8
rna+H3K4me3-GCTAACGAAGTCACTA,8
rna+H3K4me3-GCTAACGAATCCTGTA,0
rna+H3K4me3-GCTAACGAATTGAGGA,0
rna+H3K4me3-GCTAACGAATGCCTAA,9
rna+H3K4me3-GCTAACGACAACCACA,3
rna+H3K4me3-GCTAACGAGACTAGTA,0
rna+H3K4me3-GCTAACGACAATGGAA,8
rna+H3K4me3-GCTAACGACACTTCGA,0
rna+H3K4me3-GCTAACGACAGCGTTA,0
rna+H3K4me3-GCTAACGACATACCAA,0
rna+H3K4me3-GCTAACGACCAGTTCA,12
rna+H3K4me3-GCTAACGACCGAAGTA,0
rna+H3K4me3-GCTAACGACCGTGAGA,0
rna+H3K4me3-GCTAACGACCTCCTGA,0
rna+H3K4me3-GCTAACGAAGTGGTCA,2
rna+H3K4me3-GCTAACGACGAACTTA,0
rna+H3K4me3-GCTAACGACGACTGGA,0
rna+H3K4me3-GCTAACGACGCATACA,2
rna+H3K4me3-GCTAACGACTCAATGA,8
rna+H3K4me3-GCTAACGACTGAGCCA,0
rna+H3K4me3-GCTAACGACTGGCATA,2
rna+H3K4me3-GCTAACGAGAATCTGA,0
rna+H3K4me3-GCTAACGACAAGACTA,0
rna+H3K4me3-GCTAACGAGAGCTGAA,0
rna+H3K4me3-GCTAACGAGATAGACA,10
rna+H3K4me3-GCTAACGAACCACTGT,6
rna+H3K4me3-GCTAACGAGCCACATA,8
rna+H3K4me3-GCTAACGAGCGAGTAA,0
rna+H3K4me3-GCTAACGAGCTAACGA,9
rna+H3K4me3-GCTAACGAGCTCGGTA,3
rna+H3K4me3-GCTAACGAGGAGAACA,0
rna+H3K4me3-GCTAACGAGGTGCGAA,2
rna+H3K4me3-GCTAACGAGTACGCAA,0
rna+H3K4me3-GCTAACGAGTCGTAGA,0
rna+H3K4me3-GCTAACGAGTCTGTCA,3
rna+H3K4me3-GCTAACGAGTGTTCTA,0
rna+H3K4me3-GCTAACGAACATTGGC,2
rna+H3K4me3-GCTAACGATAGGATGA,4
rna+H3K4me3-GCTAACGATATCAGCA,11
rna+H3K4me3-GCTAACGATCCGTCTA,0
rna+H3K4me3-GCTAACGATCTTCACA,4
rna+H3K4me3-GCTAACGATGAAGAGA,0
rna+H3K4me3-GCTAACGATGGAACAA,0
rna+H3K4me3-GCTAACGATGGCTTCA,2
rna+H3K4me3-GCTAACGATGGTGGTA,3
rna+H3K4me3-GCTAACGATTCACGCA,8
rna+H3K4me3-GCTAACGAAACTCACC,3
rna+H3K4me3-GCTAACGACAGATCTG,2
rna+H3K4me3-GCTAACGAAAGAGATC,13
rna+H3K4me3-GCTAACGAAAGGACAC,13
rna+H3K4me3-GCTAACGAAATCCGTC,13
rna+H3K4me3-GCTAACGAAATGTTGC,7
rna+H3K4me3-GCTAACGAACACGACC,8
rna+H3K4me3-GCTAACGAACAGATTC,7
rna+H3K4me3-GCTAACGAAGATGTAC,7
rna+H3K4me3-GCTAACGAAGCACCTC,11
rna+H3K4me3-GCTAACGAAGCCATGC,5
rna+H3K4me3-GCTAACGAAGGCTAAC,7
rna+H3K4me3-GCTAACGACATCAAGT,6
rna+H3K4me3-GCTAACGAATAGCGAC,7
rna+H3K4me3-GCTAACGAATCATTCC,7
rna+H3K4me3-GCTAACGAATTGGCTC,7
rna+H3K4me3-GCTAACGACAAGGAGC,7
rna+H3K4me3-GCTAACGACACCTTAC,7
rna+H3K4me3-GCTAACGACCATCCTC,7
rna+H3K4me3-GCTAACGACCGACAAC,7
rna+H3K4me3-GCTAACGACCTAATCC,7
rna+H3K4me3-GCTAACGACCTCTATC,5
rna+H3K4me3-GCTAACGACGACACAC,2
rna+H3K4me3-GCTAACGACGCTGATC,6
rna+H3K4me3-GCTAACGACGGATTGC,5
rna+H3K4me3-GCTAACGACTAAGGTC,5
rna+H3K4me3-GCTAACGAGAACAGGC,2
rna+H3K4me3-GCTAACGAGACAGTGC,10
rna+H3K4me3-GCTAACGAGAGTTAGC,5
rna+H3K4me3-GCTAACGAGATGAATC,1
rna+H3K4me3-GCTAACGAGCCAAGAC,5
rna+H3K4me3-GCTAACGACGGAAGAA,7
rna+H3K4me3-GCTAACGAGTGACAAG,5
rna+H3K4me3-GCTAACGAGAACCAGA,2
rna+H3K4me3-CGGAAGAAAACGTGAT,1
rna+H3K4me3-CGGAAGAAACAAGCTA,5
rna+H3K4me3-CGGAAGAATTGCTGGA,9
rna+H3K4me3-CGGAAGAACTGTAGCC,2
rna+H3K4me3-CGGAAGAAAGTACAAG,9
rna+H3K4me3-CGGAAGAAAACAACCA,9
rna+H3K4me3-CGGAAGAAAACCGAGA,9
rna+H3K4me3-CGGAAGAAAACGCTTA,9
rna+H3K4me3-CGGAAGAAAAGACGGA,2
rna+H3K4me3-CGGAAGAAAAGGTACA,9
rna+H3K4me3-CGGAAGAAACACAGAA,9
rna+H3K4me3-CGGAAGAAACAGCAGA,9
rna+H3K4me3-CGGAAGAAAAACATCG,9
rna+H3K4me3-CGGAAGAAACCTCCAA,9
rna+H3K4me3-CGGAAGAAACGCTCGA,1
rna+H3K4me3-CGGAAGAAACGTATCA,4
rna+H3K4me3-CGGAAGAAACTATGCA,8
rna+H3K4me3-CGGAAGAAAGAGTCAA,2
rna+H3K4me3-CGGAAGAAAGATCGCA,9
rna+H3K4me3-CGGAAGAAAGCAGGAA,8
rna+H3K4me3-CGGAAGAAAGTCACTA,8
rna+H3K4me3-CGGAAGAAATCCTGTA,4
rna+H3K4me3-CGGAAGAAATTGAGGA,5
rna+H3K4me3-CGGAAGAAATGCCTAA,1
rna+H3K4me3-CGGAAGAACAACCACA,1
rna+H3K4me3-CGGAAGAAGACTAGTA,9
rna+H3K4me3-CGGAAGAACAATGGAA,4
rna+H3K4me3-CGGAAGAACACTTCGA,9
rna+H3K4me3-CGGAAGAACAGCGTTA,9
rna+H3K4me3-CGGAAGAACATACCAA,10
rna+H3K4me3-CGGAAGAACCAGTTCA,1
rna+H3K4me3-CGGAAGAACCGAAGTA,7
rna+H3K4me3-CGGAAGAACCGTGAGA,9
rna+H3K4me3-CGGAAGAACCTCCTGA,1
rna+H3K4me3-CGGAAGAAAGTGGTCA,9
rna+H3K4me3-CGGAAGAACGAACTTA,1
rna+H3K4me3-CGGAAGAACGACTGGA,1
rna+H3K4me3-CGGAAGAACGCATACA,2
rna+H3K4me3-CGGAAGAACTCAATGA,1
rna+H3K4me3-CGGAAGAACTGAGCCA,8
rna+H3K4me3-CGGAAGAACTGGCATA,1
rna+H3K4me3-CGGAAGAAGAATCTGA,1
rna+H3K4me3-CGGAAGAACAAGACTA,1
rna+H3K4me3-CGGAAGAAGAGCTGAA,1
rna+H3K4me3-CGGAAGAAGATAGACA,1
rna+H3K4me3-CGGAAGAAACCACTGT,2
rna+H3K4me3-CGGAAGAAGCCACATA,5
rna+H3K4me3-CGGAAGAAGCGAGTAA,1
rna+H3K4me3-CGGAAGAAGCTAACGA,1
rna+H3K4me3-CGGAAGAAGCTCGGTA,1
rna+H3K4me3-CGGAAGAAGGAGAACA,8
rna+H3K4me3-CGGAAGAAGGTGCGAA,1
rna+H3K4me3-CGGAAGAAGTACGCAA,8
rna+H3K4me3-CGGAAGAAGTCGTAGA,1
rna+H3K4me3-CGGAAGAAGTCTGTCA,1
rna+H3K4me3-CGGAAGAAGTGTTCTA,1
rna+H3K4me3-CGGAAGAAACATTGGC,1
rna+H3K4me3-CGGAAGAATAGGATGA,8
rna+H3K4me3-CGGAAGAATATCAGCA,5
rna+H3K4me3-CGGAAGAATCCGTCTA,1
rna+H3K4me3-CGGAAGAATCTTCACA,1
rna+H3K4me3-CGGAAGAATGAAGAGA,2
rna+H3K4me3-CGGAAGAATGGAACAA,1
rna+H3K4me3-CGGAAGAATGGCTTCA,1
rna+H3K4me3-CGGAAGAATGGTGGTA,1
rna+H3K4me3-CGGAAGAATTCACGCA,4
rna+H3K4me3-CGGAAGAAAACTCACC,1
rna+H3K4me3-CGGAAGAACAGATCTG,8
rna+H3K4me3-CGGAAGAAAAGAGATC,10
rna+H3K4me3-CGGAAGAAAAGGACAC,1
rna+H3K4me3-CGGAAGAAAATCCGTC,2
rna+H3K4me3-CGGAAGAAAATGTTGC,1
rna+H3K4me3-CGGAAGAAACACGACC,2
rna+H3K4me3-CGGAAGAAACAGATTC,4
rna+H3K4me3-CGGAAGAAAGATGTAC,5
rna+H3K4me3-CGGAAGAAAGCACCTC,7
rna+H3K4me3-CGGAAGAAAGCCATGC,1
rna+H3K4me3-CGGAAGAAAGGCTAAC,1
rna+H3K4me3-CGGAAGAACATCAAGT,5
rna+H3K4me3-CGGAAGAAATAGCGAC,1
rna+H3K4me3-CGGAAGAAATCATTCC,1
rna+H3K4me3-CGGAAGAAATTGGCTC,14
rna+H3K4me3-CGGAAGAACAAGGAGC,9
rna+H3K4me3-CGGAAGAACACCTTAC,9
rna+H3K4me3-CGGAAGAACCATCCTC,8
rna+H3K4me3-CGGAAGAACCGACAAC,5
rna+H3K4me3-CGGAAGAACCTAATCC,1
rna+H3K4me3-CGGAAGAACCTCTATC,1
rna+H3K4me3-CGGAAGAACGACACAC,10
rna+H3K4me3-CGGAAGAACGCTGATC,9
rna+H3K4me3-CGGAAGAACGGATTGC,5
rna+H3K4me3-CGGAAGAACTAAGGTC,4
rna+H3K4me3-CGGAAGAAGAACAGGC,14
rna+H3K4me3-CGGAAGAAGACAGTGC,2
rna+H3K4me3-CGGAAGAAGAGTTAGC,5
rna+H3K4me3-CGGAAGAAGATGAATC,10
rna+H3K4me3-CGGAAGAAGCCAAGAC,1
rna+H3K4me3-CGGAAGAACGGAAGAA,1
rna+H3K4me3-CGGAAGAAGTGACAAG,1
rna+H3K4me3-CGGAAGAAGAACCAGA,1
rna+H3K4me3-GCGAGTAAAACGTGAT,6
rna+H3K4me3-GCGAGTAAACAAGCTA,6
rna+H3K4me3-GCGAGTAATTGCTGGA,7
rna+H3K4me3-GCGAGTAACTGTAGCC,1
rna+H3K4me3-GCGAGTAAAGTACAAG,6
rna+H3K4me3-GCGAGTAAAACAACCA,1
rna+H3K4me3-GCGAGTAAAACCGAGA,8
rna+H3K4me3-GCGAGTAAAACGCTTA,1
rna+H3K4me3-GCGAGTAAAAGACGGA,1
rna+H3K4me3-GCGAGTAAAAGGTACA,7
rna+H3K4me3-GCGAGTAAACACAGAA,6
rna+H3K4me3-GCGAGTAAACAGCAGA,6
rna+H3K4me3-GCGAGTAAAAACATCG,8
rna+H3K4me3-GCGAGTAAACCTCCAA,6
rna+H3K4me3-GCGAGTAAACGCTCGA,12
rna+H3K4me3-GCGAGTAAACGTATCA,8
rna+H3K4me3-GCGAGTAAACTATGCA,5
rna+H3K4me3-GCGAGTAAAGAGTCAA,2
rna+H3K4me3-GCGAGTAAAGATCGCA,12
rna+H3K4me3-GCGAGTAAAGCAGGAA,2
rna+H3K4me3-GCGAGTAAAGTCACTA,14
rna+H3K4me3-GCGAGTAAATCCTGTA,4
rna+H3K4me3-GCGAGTAAATTGAGGA,1
rna+H3K4me3-GCGAGTAAATGCCTAA,6
rna+H3K4me3-GCGAGTAACAACCACA,3
rna+H3K4me3-GCGAGTAAGACTAGTA,0
rna+H3K4me3-GCGAGTAACAATGGAA,2
rna+H3K4me3-GCGAGTAACACTTCGA,0
rna+H3K4me3-GCGAGTAACAGCGTTA,2
rna+H3K4me3-GCGAGTAACATACCAA,11
rna+H3K4me3-GCGAGTAACCAGTTCA,5
rna+H3K4me3-GCGAGTAACCGAAGTA,0
rna+H3K4me3-GCGAGTAACCGTGAGA,9
rna+H3K4me3-GCGAGTAACCTCCTGA,8
rna+H3K4me3-GCGAGTAAAGTGGTCA,12
rna+H3K4me3-GCGAGTAACGAACTTA,2
rna+H3K4me3-GCGAGTAACGACTGGA,4
rna+H3K4me3-GCGAGTAACGCATACA,0
rna+H3K4me3-GCGAGTAACTCAATGA,0
rna+H3K4me3-GCGAGTAACTGAGCCA,10
rna+H3K4me3-GCGAGTAACTGGCATA,8
rna+H3K4me3-GCGAGTAAGAATCTGA,0
rna+H3K4me3-GCGAGTAACAAGACTA,11
rna+H3K4me3-GCGAGTAAGAGCTGAA,0
rna+H3K4me3-GCGAGTAAGATAGACA,0
rna+H3K4me3-GCGAGTAAACCACTGT,2
rna+H3K4me3-GCGAGTAAGCCACATA,3
rna+H3K4me3-GCGAGTAAGCGAGTAA,4
rna+H3K4me3-GCGAGTAAGCTAACGA,11
rna+H3K4me3-GCGAGTAAGCTCGGTA,2
rna+H3K4me3-GCGAGTAAGGAGAACA,8
rna+H3K4me3-GCGAGTAAGGTGCGAA,0
rna+H3K4me3-GCGAGTAAGTACGCAA,0
rna+H3K4me3-GCGAGTAAGTCGTAGA,3
rna+H3K4me3-GCGAGTAAGTCTGTCA,0
rna+H3K4me3-GCGAGTAAGTGTTCTA,8
rna+H3K4me3-GCGAGTAAACATTGGC,6
rna+H3K4me3-GCGAGTAATAGGATGA,2
rna+H3K4me3-GCGAGTAATATCAGCA,11
rna+H3K4me3-GCGAGTAATCCGTCTA,3
rna+H3K4me3-GCGAGTAATCTTCACA,0
rna+H3K4me3-GCGAGTAATGAAGAGA,0
rna+H3K4me3-GCGAGTAATGGAACAA,3
rna+H3K4me3-GCGAGTAATGGCTTCA,5
rna+H3K4me3-GCGAGTAATGGTGGTA,7
rna+H3K4me3-GCGAGTAATTCACGCA,3
rna+H3K4me3-GCGAGTAAAACTCACC,5
rna+H3K4me3-GCGAGTAACAGATCTG,6
rna+H3K4me3-GCGAGTAAAAGAGATC,13
rna+H3K4me3-GCGAGTAAAAGGACAC,13
rna+H3K4me3-GCGAGTAAAATCCGTC,13
rna+H3K4me3-GCGAGTAAAATGTTGC,7
rna+H3K4me3-GCGAGTAAACACGACC,10
rna+H3K4me3-GCGAGTAAACAGATTC,7
rna+H3K4me3-GCGAGTAAAGATGTAC,7
rna+H3K4me3-GCGAGTAAAGCACCTC,10
rna+H3K4me3-GCGAGTAAAGCCATGC,5
rna+H3K4me3-GCGAGTAAAGGCTAAC,2
rna+H3K4me3-GCGAGTAACATCAAGT,6
rna+H3K4me3-GCGAGTAAATAGCGAC,7
rna+H3K4me3-GCGAGTAAATCATTCC,12
rna+H3K4me3-GCGAGTAAATTGGCTC,7
rna+H3K4me3-GCGAGTAACAAGGAGC,7
rna+H3K4me3-GCGAGTAACACCTTAC,4
rna+H3K4me3-GCGAGTAACCATCCTC,7
rna+H3K4me3-GCGAGTAACCGACAAC,7
rna+H3K4me3-GCGAGTAACCTAATCC,7
rna+H3K4me3-GCGAGTAACCTCTATC,7
rna+H3K4me3-GCGAGTAACGACACAC,2
rna+H3K4me3-GCGAGTAACGCTGATC,2
rna+H3K4me3-GCGAGTAACGGATTGC,5
rna+H3K4me3-GCGAGTAACTAAGGTC,8
rna+H3K4me3-GCGAGTAAGAACAGGC,10
rna+H3K4me3-GCGAGTAAGACAGTGC,8
rna+H3K4me3-GCGAGTAAGAGTTAGC,13
rna+H3K4me3-GCGAGTAAGATGAATC,5
rna+H3K4me3-GCGAGTAAGCCAAGAC,5
rna+H3K4me3-GCGAGTAACGGAAGAA,5
rna+H3K4me3-GCGAGTAAGTGACAAG,7
rna+H3K4me3-GCGAGTAAGAACCAGA,2
rna+H3K4me3-GCCACATAAACGTGAT,9
rna+H3K4me3-GCCACATAACAAGCTA,9
rna+H3K4me3-GCCACATATTGCTGGA,5
rna+H3K4me3-GCCACATACTGTAGCC,1
rna+H3K4me3-GCCACATAAGTACAAG,6
rna+H3K4me3-GCCACATAAACAACCA,1
rna+H3K4me3-GCCACATAAACCGAGA,1
rna+H3K4me3-GCCACATAAACGCTTA,2
rna+H3K4me3-GCCACATAAAGACGGA,1
rna+H3K4me3-GCCACATAAAGGTACA,9
rna+H3K4me3-GCCACATAACACAGAA,6
rna+H3K4me3-GCCACATAACAGCAGA,9
rna+H3K4me3-GCCACATAAAACATCG,6
rna+H3K4me3-GCCACATAACCTCCAA,1
rna+H3K4me3-GCCACATAACGCTCGA,6
rna+H3K4me3-GCCACATAACGTATCA,2
rna+H3K4me3-GCCACATAACTATGCA,10
rna+H3K4me3-GCCACATAAGAGTCAA,12
rna+H3K4me3-GCCACATAAGATCGCA,4
rna+H3K4me3-GCCACATAAGCAGGAA,14
rna+H3K4me3-GCCACATAAGTCACTA,14
rna+H3K4me3-GCCACATAATCCTGTA,0
rna+H3K4me3-GCCACATAATTGAGGA,4
rna+H3K4me3-GCCACATAATGCCTAA,2
rna+H3K4me3-GCCACATACAACCACA,10
rna+H3K4me3-GCCACATAGACTAGTA,11
rna+H3K4me3-GCCACATACAATGGAA,2
rna+H3K4me3-GCCACATACACTTCGA,0
rna+H3K4me3-GCCACATACAGCGTTA,12
rna+H3K4me3-GCCACATACATACCAA,7
rna+H3K4me3-GCCACATACCAGTTCA,2
rna+H3K4me3-GCCACATACCGAAGTA,0
rna+H3K4me3-GCCACATACCGTGAGA,0
rna+H3K4me3-GCCACATACCTCCTGA,11
rna+H3K4me3-GCCACATAAGTGGTCA,8
rna+H3K4me3-GCCACATACGAACTTA,0
rna+H3K4me3-GCCACATACGACTGGA,0
rna+H3K4me3-GCCACATACGCATACA,0
rna+H3K4me3-GCCACATACTCAATGA,8
rna+H3K4me3-GCCACATACTGAGCCA,10
rna+H3K4me3-GCCACATACTGGCATA,0
rna+H3K4me3-GCCACATAGAATCTGA,0
rna+H3K4me3-GCCACATACAAGACTA,3
rna+H3K4me3-GCCACATAGAGCTGAA,0
rna+H3K4me3-GCCACATAGATAGACA,11
rna+H3K4me3-GCCACATAACCACTGT,2
rna+H3K4me3-GCCACATAGCCACATA,3
rna+H3K4me3-GCCACATAGCGAGTAA,0
rna+H3K4me3-GCCACATAGCTAACGA,3
rna+H3K4me3-GCCACATAGCTCGGTA,0
rna+H3K4me3-GCCACATAGGAGAACA,0
rna+H3K4me3-GCCACATAGGTGCGAA,0
rna+H3K4me3-GCCACATAGTACGCAA,0
rna+H3K4me3-GCCACATAGTCGTAGA,0
rna+H3K4me3-GCCACATAGTCTGTCA,0
rna+H3K4me3-GCCACATAGTGTTCTA,0
rna+H3K4me3-GCCACATAACATTGGC,12
rna+H3K4me3-GCCACATATAGGATGA,0
rna+H3K4me3-GCCACATATATCAGCA,2
rna+H3K4me3-GCCACATATCCGTCTA,3
rna+H3K4me3-GCCACATATCTTCACA,5
rna+H3K4me3-GCCACATATGAAGAGA,0
rna+H3K4me3-GCCACATATGGAACAA,10
rna+H3K4me3-GCCACATATGGCTTCA,11
rna+H3K4me3-GCCACATATGGTGGTA,0
rna+H3K4me3-GCCACATATTCACGCA,11
rna+H3K4me3-GCCACATAAACTCACC,0
rna+H3K4me3-GCCACATACAGATCTG,4
rna+H3K4me3-GCCACATAAAGAGATC,13
rna+H3K4me3-GCCACATAAAGGACAC,13
rna+H3K4me3-GCCACATAAATCCGTC,5
rna+H3K4me3-GCCACATAAATGTTGC,7
rna+H3K4me3-GCCACATAACACGACC,5
rna+H3K4me3-GCCACATAACAGATTC,7
rna+H3K4me3-GCCACATAAGATGTAC,1
rna+H3K4me3-GCCACATAAGCACCTC,7
rna+H3K4me3-GCCACATAAGCCATGC,7
rna+H3K4me3-GCCACATAAGGCTAAC,5
rna+H3K4me3-GCCACATACATCAAGT,8
rna+H3K4me3-GCCACATAATAGCGAC,3
rna+H3K4me3-GCCACATAATCATTCC,8
rna+H3K4me3-GCCACATAATTGGCTC,9
rna+H3K4me3-GCCACATACAAGGAGC,7
rna+H3K4me3-GCCACATACACCTTAC,14
rna+H3K4me3-GCCACATACCATCCTC,11
rna+H3K4me3-GCCACATACCGACAAC,5
rna+H3K4me3-GCCACATACCTAATCC,7
rna+H3K4me3-GCCACATACCTCTATC,4
rna+H3K4me3-GCCACATACGACACAC,5
rna+H3K4me3-GCCACATACGCTGATC,6
rna+H3K4me3-GCCACATACGGATTGC,1
rna+H3K4me3-GCCACATACTAAGGTC,5
rna+H3K4me3-GCCACATAGAACAGGC,10
rna+H3K4me3-GCCACATAGACAGTGC,14
rna+H3K4me3-GCCACATAGAGTTAGC,5
rna+H3K4me3-GCCACATAGATGAATC,1
rna+H3K4me3-GCCACATAGCCAAGAC,5
rna+H3K4me3-GCCACATACGGAAGAA,5
rna+H3K4me3-GCCACATAGTGACAAG,7
rna+H3K4me3-GCCACATAGAACCAGA,3
rna+H3K4me3-GATAGACAAACGTGAT,6
rna+H3K4me3-GATAGACAACAAGCTA,2
rna+H3K4me3-GATAGACATTGCTGGA,5
rna+H3K4me3-GATAGACACTGTAGCC,6
rna+H3K4me3-GATAGACAAGTACAAG,5
rna+H3K4me3-GATAGACAAACAACCA,6
rna+H3K4me3-GATAGACAAACCGAGA,6
rna+H3K4me3-GATAGACAAACGCTTA,1
rna+H3K4me3-GATAGACAAAGACGGA,8
rna+H3K4me3-GATAGACAAAGGTACA,6
rna+H3K4me3-GATAGACAACACAGAA,8
rna+H3K4me3-GATAGACAACAGCAGA,6
rna+H3K4me3-GATAGACAAAACATCG,9
rna+H3K4me3-GATAGACAACCTCCAA,6
rna+H3K4me3-GATAGACAACGCTCGA,6
rna+H3K4me3-GATAGACAACGTATCA,8
rna+H3K4me3-GATAGACAACTATGCA,1
rna+H3K4me3-GATAGACAAGAGTCAA,12
rna+H3K4me3-GATAGACAAGATCGCA,4
rna+H3K4me3-GATAGACAAGCAGGAA,10
rna+H3K4me3-GATAGACAAGTCACTA,8
rna+H3K4me3-GATAGACAATCCTGTA,0
rna+H3K4me3-GATAGACAATTGAGGA,0
rna+H3K4me3-GATAGACAATGCCTAA,6
rna+H3K4me3-GATAGACACAACCACA,8
rna+H3K4me3-GATAGACAGACTAGTA,0
rna+H3K4me3-GATAGACACAATGGAA,0
rna+H3K4me3-GATAGACACACTTCGA,12
rna+H3K4me3-GATAGACACAGCGTTA,4
rna+H3K4me3-GATAGACACATACCAA,5
rna+H3K4me3-GATAGACACCAGTTCA,3
rna+H3K4me3-GATAGACACCGAAGTA,0
rna+H3K4me3-GATAGACACCGTGAGA,0
rna+H3K4me3-GATAGACACCTCCTGA,8
rna+H3K4me3-GATAGACAAGTGGTCA,9
rna+H3K4me3-GATAGACACGAACTTA,8
rna+H3K4me3-GATAGACACGACTGGA,0
rna+H3K4me3-GATAGACACGCATACA,2
rna+H3K4me3-GATAGACACTCAATGA,0
rna+H3K4me3-GATAGACACTGAGCCA,0
rna+H3K4me3-GATAGACACTGGCATA,0
rna+H3K4me3-GATAGACAGAATCTGA,0
rna+H3K4me3-GATAGACACAAGACTA,0
rna+H3K4me3-GATAGACAGAGCTGAA,11
rna+H3K4me3-GATAGACAGATAGACA,0
rna+H3K4me3-GATAGACAACCACTGT,6
rna+H3K4me3-GATAGACAGCCACATA,0
rna+H3K4me3-GATAGACAGCGAGTAA,2
rna+H3K4me3-GATAGACAGCTAACGA,4
rna+H3K4me3-GATAGACAGCTCGGTA,0
rna+H3K4me3-GATAGACAGGAGAACA,0
rna+H3K4me3-GATAGACAGGTGCGAA,8
rna+H3K4me3-GATAGACAGTACGCAA,2
rna+H3K4me3-GATAGACAGTCGTAGA,0
rna+H3K4me3-GATAGACAGTCTGTCA,0
rna+H3K4me3-GATAGACAGTGTTCTA,0
rna+H3K4me3-GATAGACAACATTGGC,1
rna+H3K4me3-GATAGACATAGGATGA,3
rna+H3K4me3-GATAGACATATCAGCA,0
rna+H3K4me3-GATAGACATCCGTCTA,0
rna+H3K4me3-GATAGACATCTTCACA,0
rna+H3K4me3-GATAGACATGAAGAGA,0
rna+H3K4me3-GATAGACATGGAACAA,8
rna+H3K4me3-GATAGACATGGCTTCA,3
rna+H3K4me3-GATAGACATGGTGGTA,3
rna+H3K4me3-GATAGACATTCACGCA,3
rna+H3K4me3-GATAGACAAACTCACC,3
rna+H3K4me3-GATAGACACAGATCTG,5
rna+H3K4me3-GATAGACAAAGAGATC,13
rna+H3K4me3-GATAGACAAAGGACAC,13
rna+H3K4me3-GATAGACAAATCCGTC,13
rna+H3K4me3-GATAGACAAATGTTGC,7
rna+H3K4me3-GATAGACAACACGACC,7
rna+H3K4me3-GATAGACAACAGATTC,7
rna+H3K4me3-GATAGACAAGATGTAC,13
rna+H3K4me3-GATAGACAAGCACCTC,7
rna+H3K4me3-GATAGACAAGCCATGC,5
rna+H3K4me3-GATAGACAAGGCTAAC,7
rna+H3K4me3-GATAGACACATCAAGT,6
rna+H3K4me3-GATAGACAATAGCGAC,5
rna+H3K4me3-GATAGACAATCATTCC,3
rna+H3K4me3-GATAGACAATTGGCTC,7
rna+H3K4me3-GATAGACACAAGGAGC,5
rna+H3K4me3-GATAGACACACCTTAC,7
rna+H3K4me3-GATAGACACCATCCTC,7
rna+H3K4me3-GATAGACACCGACAAC,7
rna+H3K4me3-GATAGACACCTAATCC,7
rna+H3K4me3-GATAGACACCTCTATC,7
rna+H3K4me3-GATAGACACGACACAC,5
rna+H3K4me3-GATAGACACGCTGATC,6
rna+H3K4me3-GATAGACACGGATTGC,1
rna+H3K4me3-GATAGACACTAAGGTC,5
rna+H3K4me3-GATAGACAGAACAGGC,13
rna+H3K4me3-GATAGACAGACAGTGC,14
rna+H3K4me3-GATAGACAGAGTTAGC,2
rna+H3K4me3-GATAGACAGATGAATC,1
rna+H3K4me3-GATAGACAGCCAAGAC,5
rna+H3K4me3-GATAGACACGGAAGAA,7
rna+H3K4me3-GATAGACAGTGACAAG,2
rna+H3K4me3-GATAGACAGAACCAGA,7
rna+H3K4me3-GAGCTGAAAACGTGAT,6
rna+H3K4me3-GAGCTGAAACAAGCTA,6
rna+H3K4me3-GAGCTGAATTGCTGGA,7
rna+H3K4me3-GAGCTGAACTGTAGCC,6
rna+H3K4me3-GAGCTGAAAGTACAAG,1
rna+H3K4me3-GAGCTGAAAACAACCA,6
rna+H3K4me3-GAGCTGAAAACCGAGA,12
rna+H3K4me3-GAGCTGAAAACGCTTA,1
rna+H3K4me3-GAGCTGAAAAGACGGA,6
rna+H3K4me3-GAGCTGAAAAGGTACA,6
rna+H3K4me3-GAGCTGAAACACAGAA,1
rna+H3K4me3-GAGCTGAAACAGCAGA,6
rna+H3K4me3-GAGCTGAAAAACATCG,5
rna+H3K4me3-GAGCTGAAACCTCCAA,6
rna+H3K4me3-GAGCTGAAACGCTCGA,4
rna+H3K4me3-GAGCTGAAACGTATCA,4
rna+H3K4me3-GAGCTGAAACTATGCA,10
rna+H3K4me3-GAGCTGAAAGAGTCAA,4
rna+H3K4me3-GAGCTGAAAGATCGCA,8
rna+H3K4me3-GAGCTGAAAGCAGGAA,4
rna+H3K4me3-GAGCTGAAAGTCACTA,10
rna+H3K4me3-GAGCTGAAATCCTGTA,8
rna+H3K4me3-GAGCTGAAATTGAGGA,0
rna+H3K4me3-GAGCTGAAATGCCTAA,12
rna+H3K4me3-GAGCTGAACAACCACA,8
rna+H3K4me3-GAGCTGAAGACTAGTA,2
rna+H3K4me3-GAGCTGAACAATGGAA,0
rna+H3K4me3-GAGCTGAACACTTCGA,8
rna+H3K4me3-GAGCTGAACAGCGTTA,0
rna+H3K4me3-GAGCTGAACATACCAA,0
rna+H3K4me3-GAGCTGAACCAGTTCA,0
rna+H3K4me3-GAGCTGAACCGAAGTA,4
rna+H3K4me3-GAGCTGAACCGTGAGA,0
rna+H3K4me3-GAGCTGAACCTCCTGA,0
rna+H3K4me3-GAGCTGAAAGTGGTCA,8
rna+H3K4me3-GAGCTGAACGAACTTA,4
rna+H3K4me3-GAGCTGAACGACTGGA,5
rna+H3K4me3-GAGCTGAACGCATACA,0
rna+H3K4me3-GAGCTGAACTCAATGA,0
rna+H3K4me3-GAGCTGAACTGAGCCA,0
rna+H3K4me3-GAGCTGAACTGGCATA,0
rna+H3K4me3-GAGCTGAAGAATCTGA,0
rna+H3K4me3-GAGCTGAACAAGACTA,0
rna+H3K4me3-GAGCTGAAGAGCTGAA,0
rna+H3K4me3-GAGCTGAAGATAGACA,0
rna+H3K4me3-GAGCTGAAACCACTGT,14
rna+H3K4me3-GAGCTGAAGCCACATA,0
rna+H3K4me3-GAGCTGAAGCGAGTAA,0
rna+H3K4me3-GAGCTGAAGCTAACGA,0
rna+H3K4me3-GAGCTGAAGCTCGGTA,0
rna+H3K4me3-GAGCTGAAGGAGAACA,0
rna+H3K4me3-GAGCTGAAGGTGCGAA,5
rna+H3K4me3-GAGCTGAAGTACGCAA,0
rna+H3K4me3-GAGCTGAAGTCGTAGA,0
rna+H3K4me3-GAGCTGAAGTCTGTCA,0
rna+H3K4me3-GAGCTGAAGTGTTCTA,0
rna+H3K4me3-GAGCTGAAACATTGGC,6
rna+H3K4me3-GAGCTGAATAGGATGA,3
rna+H3K4me3-GAGCTGAATATCAGCA,4
rna+H3K4me3-GAGCTGAATCCGTCTA,8
rna+H3K4me3-GAGCTGAATCTTCACA,4
rna+H3K4me3-GAGCTGAATGAAGAGA,0
rna+H3K4me3-GAGCTGAATGGAACAA,3
rna+H3K4me3-GAGCTGAATGGCTTCA,4
rna+H3K4me3-GAGCTGAATGGTGGTA,0
rna+H3K4me3-GAGCTGAATTCACGCA,0
rna+H3K4me3-GAGCTGAAAACTCACC,0
rna+H3K4me3-GAGCTGAACAGATCTG,5
rna+H3K4me3-GAGCTGAAAAGAGATC,13
rna+H3K4me3-GAGCTGAAAAGGACAC,13
rna+H3K4me3-GAGCTGAAAATCCGTC,13
rna+H3K4me3-GAGCTGAAAATGTTGC,7
rna+H3K4me3-GAGCTGAAACACGACC,5
rna+H3K4me3-GAGCTGAAACAGATTC,7
rna+H3K4me3-GAGCTGAAAGATGTAC,10
rna+H3K4me3-GAGCTGAAAGCACCTC,5
rna+H3K4me3-GAGCTGAAAGCCATGC,1
rna+H3K4me3-GAGCTGAAAGGCTAAC,4
rna+H3K4me3-GAGCTGAACATCAAGT,14
rna+H3K4me3-GAGCTGAAATAGCGAC,7
rna+H3K4me3-GAGCTGAAATCATTCC,2
rna+H3K4me3-GAGCTGAAATTGGCTC,5
rna+H3K4me3-GAGCTGAACAAGGAGC,10
rna+H3K4me3-GAGCTGAACACCTTAC,5
rna+H3K4me3-GAGCTGAACCATCCTC,1
rna+H3K4me3-GAGCTGAACCGACAAC,5
rna+H3K4me3-GAGCTGAACCTAATCC,7
rna+H3K4me3-GAGCTGAACCTCTATC,5
rna+H3K4me3-GAGCTGAACGACACAC,2
rna+H3K4me3-GAGCTGAACGCTGATC,8
rna+H3K4me3-GAGCTGAACGGATTGC,1
rna+H3K4me3-GAGCTGAACTAAGGTC,2
rna+H3K4me3-GAGCTGAAGAACAGGC,5
rna+H3K4me3-GAGCTGAAGACAGTGC,8
rna+H3K4me3-GAGCTGAAGAGTTAGC,8
rna+H3K4me3-GAGCTGAAGATGAATC,1
rna+H3K4me3-GAGCTGAAGCCAAGAC,5
rna+H3K4me3-GAGCTGAACGGAAGAA,7
rna+H3K4me3-GAGCTGAAGTGACAAG,7
rna+H3K4me3-GAGCTGAAGAACCAGA,7
rna+H3K4me3-CAAGACTAAACGTGAT,5
rna+H3K4me3-CAAGACTAACAAGCTA,6
rna+H3K4me3-CAAGACTATTGCTGGA,7
rna+H3K4me3-CAAGACTACTGTAGCC,6
rna+H3K4me3-CAAGACTAAGTACAAG,1
rna+H3K4me3-CAAGACTAAACAACCA,10
rna+H3K4me3-CAAGACTAAACCGAGA,1
rna+H3K4me3-CAAGACTAAACGCTTA,1
rna+H3K4me3-CAAGACTAAAGACGGA,8
rna+H3K4me3-CAAGACTAAAGGTACA,6
rna+H3K4me3-CAAGACTAACACAGAA,6
rna+H3K4me3-CAAGACTAACAGCAGA,8
rna+H3K4me3-CAAGACTAAAACATCG,6
rna+H3K4me3-CAAGACTAACCTCCAA,6
rna+H3K4me3-CAAGACTAACGCTCGA,7
rna+H3K4me3-CAAGACTAACGTATCA,6
rna+H3K4me3-CAAGACTAACTATGCA,2
rna+H3K4me3-CAAGACTAAGAGTCAA,5
rna+H3K4me3-CAAGACTAAGATCGCA,1
rna+H3K4me3-CAAGACTAAGCAGGAA,2
rna+H3K4me3-CAAGACTAAGTCACTA,12
rna+H3K4me3-CAAGACTAATCCTGTA,0
rna+H3K4me3-CAAGACTAATTGAGGA,0
rna+H3K4me3-CAAGACTAATGCCTAA,12
rna+H3K4me3-CAAGACTACAACCACA,12
rna+H3K4me3-CAAGACTAGACTAGTA,2
rna+H3K4me3-CAAGACTACAATGGAA,3
rna+H3K4me3-CAAGACTACACTTCGA,0
rna+H3K4me3-CAAGACTACAGCGTTA,8
rna+H3K4me3-CAAGACTACATACCAA,0
rna+H3K4me3-CAAGACTACCAGTTCA,0
rna+H3K4me3-CAAGACTACCGAAGTA,8
rna+H3K4me3-CAAGACTACCGTGAGA,0
rna+H3K4me3-CAAGACTACCTCCTGA,0
rna+H3K4me3-CAAGACTAAGTGGTCA,12
rna+H3K4me3-CAAGACTACGAACTTA,4
rna+H3K4me3-CAAGACTACGACTGGA,8
rna+H3K4me3-CAAGACTACGCATACA,0
rna+H3K4me3-CAAGACTACTCAATGA,0
rna+H3K4me3-CAAGACTACTGAGCCA,11
rna+H3K4me3-CAAGACTACTGGCATA,0
rna+H3K4me3-CAAGACTAGAATCTGA,2
rna+H3K4me3-CAAGACTACAAGACTA,12
rna+H3K4me3-CAAGACTAGAGCTGAA,0
rna+H3K4me3-CAAGACTAGATAGACA,0
rna+H3K4me3-CAAGACTAACCACTGT,2
rna+H3K4me3-CAAGACTAGCCACATA,11
rna+H3K4me3-CAAGACTAGCGAGTAA,2
rna+H3K4me3-CAAGACTAGCTAACGA,0
rna+H3K4me3-CAAGACTAGCTCGGTA,0
rna+H3K4me3-CAAGACTAGGAGAACA,8
rna+H3K4me3-CAAGACTAGGTGCGAA,14
rna+H3K4me3-CAAGACTAGTACGCAA,11
rna+H3K4me3-CAAGACTAGTCGTAGA,0
rna+H3K4me3-CAAGACTAGTCTGTCA,0
rna+H3K4me3-CAAGACTAGTGTTCTA,0
rna+H3K4me3-CAAGACTAACATTGGC,6
rna+H3K4me3-CAAGACTATAGGATGA,8
rna+H3K4me3-CAAGACTATATCAGCA,5
rna+H3K4me3-CAAGACTATCCGTCTA,4
rna+H3K4me3-CAAGACTATCTTCACA,3
rna+H3K4me3-CAAGACTATGAAGAGA,0
rna+H3K4me3-CAAGACTATGGAACAA,8
rna+H3K4me3-CAAGACTATGGCTTCA,3
rna+H3K4me3-CAAGACTATGGTGGTA,11
rna+H3K4me3-CAAGACTATTCACGCA,11
rna+H3K4me3-CAAGACTAAACTCACC,11
rna+H3K4me3-CAAGACTACAGATCTG,6
rna+H3K4me3-CAAGACTAAAGAGATC,13
rna+H3K4me3-CAAGACTAAAGGACAC,13
rna+H3K4me3-CAAGACTAAATCCGTC,5
rna+H3K4me3-CAAGACTAAATGTTGC,7
rna+H3K4me3-CAAGACTAACACGACC,5
rna+H3K4me3-CAAGACTAACAGATTC,2
rna+H3K4me3-CAAGACTAAGATGTAC,1
rna+H3K4me3-CAAGACTAAGCACCTC,13
rna+H3K4me3-CAAGACTAAGCCATGC,7
rna+H3K4me3-CAAGACTAAGGCTAAC,7
rna+H3K4me3-CAAGACTACATCAAGT,6
rna+H3K4me3-CAAGACTAATAGCGAC,10
rna+H3K4me3-CAAGACTAATCATTCC,7
rna+H3K4me3-CAAGACTAATTGGCTC,0
rna+H3K4me3-CAAGACTACAAGGAGC,8
rna+H3K4me3-CAAGACTACACCTTAC,7
rna+H3K4me3-CAAGACTACCATCCTC,7
rna+H3K4me3-CAAGACTACCGACAAC,7
rna+H3K4me3-CAAGACTACCTAATCC,7
rna+H3K4me3-CAAGACTACCTCTATC,5
rna+H3K4me3-CAAGACTACGACACAC,1
rna+H3K4me3-CAAGACTACGCTGATC,6
rna+H3K4me3-CAAGACTACGGATTGC,1
rna+H3K4me3-CAAGACTACTAAGGTC,5
rna+H3K4me3-CAAGACTAGAACAGGC,5
rna+H3K4me3-CAAGACTAGACAGTGC,14
rna+H3K4me3-CAAGACTAGAGTTAGC,5
rna+H3K4me3-CAAGACTAGATGAATC,1
rna+H3K4me3-CAAGACTAGCCAAGAC,1
rna+H3K4me3-CAAGACTACGGAAGAA,2
rna+H3K4me3-CAAGACTAGTGACAAG,5
rna+H3K4me3-CAAGACTAGAACCAGA,7
rna+H3K4me3-GAATCTGAAACGTGAT,6
rna+H3K4me3-GAATCTGAACAAGCTA,6
rna+H3K4me3-GAATCTGATTGCTGGA,4
rna+H3K4me3-GAATCTGACTGTAGCC,6
rna+H3K4me3-GAATCTGAAGTACAAG,8
rna+H3K4me3-GAATCTGAAACAACCA,1
rna+H3K4me3-GAATCTGAAACCGAGA,6
rna+H3K4me3-GAATCTGAAACGCTTA,1
rna+H3K4me3-GAATCTGAAAGACGGA,6
rna+H3K4me3-GAATCTGAAAGGTACA,6
rna+H3K4me3-GAATCTGAACACAGAA,2
rna+H3K4me3-GAATCTGAACAGCAGA,6
rna+H3K4me3-GAATCTGAAAACATCG,6
rna+H3K4me3-GAATCTGAACCTCCAA,1
rna+H3K4me3-GAATCTGAACGCTCGA,8
rna+H3K4me3-GAATCTGAACGTATCA,6
rna+H3K4me3-GAATCTGAACTATGCA,2
rna+H3K4me3-GAATCTGAAGAGTCAA,6
rna+H3K4me3-GAATCTGAAGATCGCA,4
rna+H3K4me3-GAATCTGAAGCAGGAA,2
rna+H3K4me3-GAATCTGAAGTCACTA,12
rna+H3K4me3-GAATCTGAATCCTGTA,0
rna+H3K4me3-GAATCTGAATTGAGGA,4
rna+H3K4me3-GAATCTGAATGCCTAA,9
rna+H3K4me3-GAATCTGACAACCACA,0
rna+H3K4me3-GAATCTGAGACTAGTA,7
rna+H3K4me3-GAATCTGACAATGGAA,3
rna+H3K4me3-GAATCTGACACTTCGA,3
rna+H3K4me3-GAATCTGACAGCGTTA,10
rna+H3K4me3-GAATCTGACATACCAA,11
rna+H3K4me3-GAATCTGACCAGTTCA,10
rna+H3K4me3-GAATCTGACCGAAGTA,0
rna+H3K4me3-GAATCTGACCGTGAGA,0
rna+H3K4me3-GAATCTGACCTCCTGA,0
rna+H3K4me3-GAATCTGAAGTGGTCA,2
rna+H3K4me3-GAATCTGACGAACTTA,5
rna+H3K4me3-GAATCTGACGACTGGA,2
rna+H3K4me3-GAATCTGACGCATACA,0
rna+H3K4me3-GAATCTGACTCAATGA,5
rna+H3K4me3-GAATCTGACTGAGCCA,0
rna+H3K4me3-GAATCTGACTGGCATA,0
rna+H3K4me3-GAATCTGAGAATCTGA,0
rna+H3K4me3-GAATCTGACAAGACTA,8
rna+H3K4me3-GAATCTGAGAGCTGAA,0
rna+H3K4me3-GAATCTGAGATAGACA,11
rna+H3K4me3-GAATCTGAACCACTGT,10
rna+H3K4me3-GAATCTGAGCCACATA,0
rna+H3K4me3-GAATCTGAGCGAGTAA,3
rna+H3K4me3-GAATCTGAGCTAACGA,0
rna+H3K4me3-GAATCTGAGCTCGGTA,0
rna+H3K4me3-GAATCTGAGGAGAACA,3
rna+H3K4me3-GAATCTGAGGTGCGAA,0
rna+H3K4me3-GAATCTGAGTACGCAA,0
rna+H3K4me3-GAATCTGAGTCGTAGA,5
rna+H3K4me3-GAATCTGAGTCTGTCA,4
rna+H3K4me3-GAATCTGAGTGTTCTA,0
rna+H3K4me3-GAATCTGAACATTGGC,6
rna+H3K4me3-GAATCTGATAGGATGA,0
rna+H3K4me3-GAATCTGATATCAGCA,3
rna+H3K4me3-GAATCTGATCCGTCTA,11
rna+H3K4me3-GAATCTGATCTTCACA,0
rna+H3K4me3-GAATCTGATGAAGAGA,0
rna+H3K4me3-GAATCTGATGGAACAA,1
rna+H3K4me3-GAATCTGATGGCTTCA,3
rna+H3K4me3-GAATCTGATGGTGGTA,2
rna+H3K4me3-GAATCTGATTCACGCA,0
rna+H3K4me3-GAATCTGAAACTCACC,11
rna+H3K4me3-GAATCTGACAGATCTG,2
rna+H3K4me3-GAATCTGAAAGAGATC,13
rna+H3K4me3-GAATCTGAAAGGACAC,13
rna+H3K4me3-GAATCTGAAATCCGTC,7
rna+H3K4me3-GAATCTGAAATGTTGC,7
rna+H3K4me3-GAATCTGAACACGACC,8
rna+H3K4me3-GAATCTGAACAGATTC,2
rna+H3K4me3-GAATCTGAAGATGTAC,5
rna+H3K4me3-GAATCTGAAGCACCTC,5
rna+H3K4me3-GAATCTGAAGCCATGC,7
rna+H3K4me3-GAATCTGAAGGCTAAC,2
rna+H3K4me3-GAATCTGACATCAAGT,6
rna+H3K4me3-GAATCTGAATAGCGAC,7
rna+H3K4me3-GAATCTGAATCATTCC,8
rna+H3K4me3-GAATCTGAATTGGCTC,7
rna+H3K4me3-GAATCTGACAAGGAGC,7
rna+H3K4me3-GAATCTGACACCTTAC,5
rna+H3K4me3-GAATCTGACCATCCTC,7
rna+H3K4me3-GAATCTGACCGACAAC,5
rna+H3K4me3-GAATCTGACCTAATCC,7
rna+H3K4me3-GAATCTGACCTCTATC,7
rna+H3K4me3-GAATCTGACGACACAC,1
rna+H3K4me3-GAATCTGACGCTGATC,9
rna+H3K4me3-GAATCTGACGGATTGC,8
rna+H3K4me3-GAATCTGACTAAGGTC,5
rna+H3K4me3-GAATCTGAGAACAGGC,5
rna+H3K4me3-GAATCTGAGACAGTGC,14
rna+H3K4me3-GAATCTGAGAGTTAGC,5
rna+H3K4me3-GAATCTGAGATGAATC,1
rna+H3K4me3-GAATCTGAGCCAAGAC,2
rna+H3K4me3-GAATCTGACGGAAGAA,7
rna+H3K4me3-GAATCTGAGTGACAAG,7
rna+H3K4me3-GAATCTGAGAACCAGA,11
rna+H3K4me3-CTGGCATAAACGTGAT,6
rna+H3K4me3-CTGGCATAACAAGCTA,6
rna+H3K4me3-CTGGCATATTGCTGGA,10
rna+H3K4me3-CTGGCATACTGTAGCC,6
rna+H3K4me3-CTGGCATAAGTACAAG,12
rna+H3K4me3-CTGGCATAAACAACCA,12
rna+H3K4me3-CTGGCATAAACCGAGA,1
rna+H3K4me3-CTGGCATAAACGCTTA,1
rna+H3K4me3-CTGGCATAAAGACGGA,6
rna+H3K4me3-CTGGCATAAAGGTACA,1
rna+H3K4me3-CTGGCATAACACAGAA,1
rna+H3K4me3-CTGGCATAACAGCAGA,10
rna+H3K4me3-CTGGCATAAAACATCG,1
rna+H3K4me3-CTGGCATAACCTCCAA,1
rna+H3K4me3-CTGGCATAACGCTCGA,6
rna+H3K4me3-CTGGCATAACGTATCA,6
rna+H3K4me3-CTGGCATAACTATGCA,2
rna+H3K4me3-CTGGCATAAGAGTCAA,4
rna+H3K4me3-CTGGCATAAGATCGCA,2
rna+H3K4me3-CTGGCATAAGCAGGAA,4
rna+H3K4me3-CTGGCATAAGTCACTA,1
rna+H3K4me3-CTGGCATAATCCTGTA,3
rna+H3K4me3-CTGGCATAATTGAGGA,0
rna+H3K4me3-CTGGCATAATGCCTAA,8
rna+H3K4me3-CTGGCATACAACCACA,0
rna+H3K4me3-CTGGCATAGACTAGTA,5
rna+H3K4me3-CTGGCATACAATGGAA,0
rna+H3K4me3-CTGGCATACACTTCGA,5
rna+H3K4me3-CTGGCATACAGCGTTA,2
rna+H3K4me3-CTGGCATACATACCAA,2
rna+H3K4me3-CTGGCATACCAGTTCA,0
rna+H3K4me3-CTGGCATACCGAAGTA,0
rna+H3K4me3-CTGGCATACCGTGAGA,0
rna+H3K4me3-CTGGCATACCTCCTGA,0
rna+H3K4me3-CTGGCATAAGTGGTCA,9
rna+H3K4me3-CTGGCATACGAACTTA,0
rna+H3K4me3-CTGGCATACGACTGGA,0
rna+H3K4me3-CTGGCATACGCATACA,0
rna+H3K4me3-CTGGCATACTCAATGA,9
rna+H3K4me3-CTGGCATACTGAGCCA,0
rna+H3K4me3-CTGGCATACTGGCATA,11
rna+H3K4me3-CTGGCATAGAATCTGA,0
rna+H3K4me3-CTGGCATACAAGACTA,0
rna+H3K4me3-CTGGCATAGAGCTGAA,12
rna+H3K4me3-CTGGCATAGATAGACA,14
rna+H3K4me3-CTGGCATAACCACTGT,1
rna+H3K4me3-CTGGCATAGCCACATA,2
rna+H3K4me3-CTGGCATAGCGAGTAA,3
rna+H3K4me3-CTGGCATAGCTAACGA,2
rna+H3K4me3-CTGGCATAGCTCGGTA,12
rna+H3K4me3-CTGGCATAGGAGAACA,8
rna+H3K4me3-CTGGCATAGGTGCGAA,0
rna+H3K4me3-CTGGCATAGTACGCAA,10
rna+H3K4me3-CTGGCATAGTCGTAGA,11
rna+H3K4me3-CTGGCATAGTCTGTCA,0
rna+H3K4me3-CTGGCATAGTGTTCTA,0
rna+H3K4me3-CTGGCATAACATTGGC,6
rna+H3K4me3-CTGGCATATAGGATGA,8
rna+H3K4me3-CTGGCATATATCAGCA,11
rna+H3K4me3-CTGGCATATCCGTCTA,8
rna+H3K4me3-CTGGCATATCTTCACA,0
rna+H3K4me3-CTGGCATATGAAGAGA,10
rna+H3K4me3-CTGGCATATGGAACAA,0
rna+H3K4me3-CTGGCATATGGCTTCA,0
rna+H3K4me3-CTGGCATATGGTGGTA,0
rna+H3K4me3-CTGGCATATTCACGCA,7
rna+H3K4me3-CTGGCATAAACTCACC,11
rna+H3K4me3-CTGGCATACAGATCTG,10
rna+H3K4me3-CTGGCATAAAGAGATC,13
rna+H3K4me3-CTGGCATAAAGGACAC,13
rna+H3K4me3-CTGGCATAAATCCGTC,13
rna+H3K4me3-CTGGCATAAATGTTGC,5
rna+H3K4me3-CTGGCATAACACGACC,7
rna+H3K4me3-CTGGCATAACAGATTC,14
rna+H3K4me3-CTGGCATAAGATGTAC,2
rna+H3K4me3-CTGGCATAAGCACCTC,7
rna+H3K4me3-CTGGCATAAGCCATGC,7
rna+H3K4me3-CTGGCATAAGGCTAAC,7
rna+H3K4me3-CTGGCATACATCAAGT,4
rna+H3K4me3-CTGGCATAATAGCGAC,5
rna+H3K4me3-CTGGCATAATCATTCC,7
rna+H3K4me3-CTGGCATAATTGGCTC,5
rna+H3K4me3-CTGGCATACAAGGAGC,7
rna+H3K4me3-CTGGCATACACCTTAC,12
rna+H3K4me3-CTGGCATACCATCCTC,7
rna+H3K4me3-CTGGCATACCGACAAC,7
rna+H3K4me3-CTGGCATACCTAATCC,10
rna+H3K4me3-CTGGCATACCTCTATC,7
rna+H3K4me3-CTGGCATACGACACAC,7
rna+H3K4me3-CTGGCATACGCTGATC,5
rna+H3K4me3-CTGGCATACGGATTGC,4
rna+H3K4me3-CTGGCATACTAAGGTC,2
rna+H3K4me3-CTGGCATAGAACAGGC,5
rna+H3K4me3-CTGGCATAGACAGTGC,14
rna+H3K4me3-CTGGCATAGAGTTAGC,8
rna+H3K4me3-CTGGCATAGATGAATC,5
rna+H3K4me3-CTGGCATAGCCAAGAC,4
rna+H3K4me3-CTGGCATACGGAAGAA,2
rna+H3K4me3-CTGGCATAGTGACAAG,7
rna+H3K4me3-CTGGCATAGAACCAGA,4
rna+H3K4me3-CTGAGCCAAACGTGAT,6
rna+H3K4me3-CTGAGCCAACAAGCTA,1
rna+H3K4me3-CTGAGCCATTGCTGGA,5
rna+H3K4me3-CTGAGCCACTGTAGCC,2
rna+H3K4me3-CTGAGCCAAGTACAAG,12
rna+H3K4me3-CTGAGCCAAACAACCA,6
rna+H3K4me3-CTGAGCCAAACCGAGA,5
rna+H3K4me3-CTGAGCCAAACGCTTA,6
rna+H3K4me3-CTGAGCCAAAGACGGA,1
rna+H3K4me3-CTGAGCCAAAGGTACA,10
rna+H3K4me3-CTGAGCCAACACAGAA,6
rna+H3K4me3-CTGAGCCAACAGCAGA,6
rna+H3K4me3-CTGAGCCAAAACATCG,6
rna+H3K4me3-CTGAGCCAACCTCCAA,6
rna+H3K4me3-CTGAGCCAACGCTCGA,7
rna+H3K4me3-CTGAGCCAACGTATCA,1
rna+H3K4me3-CTGAGCCAACTATGCA,8
rna+H3K4me3-CTGAGCCAAGAGTCAA,10
rna+H3K4me3-CTGAGCCAAGATCGCA,8
rna+H3K4me3-CTGAGCCAAGCAGGAA,4
rna+H3K4me3-CTGAGCCAAGTCACTA,4
rna+H3K4me3-CTGAGCCAATCCTGTA,8
rna+H3K4me3-CTGAGCCAATTGAGGA,3
rna+H3K4me3-CTGAGCCAATGCCTAA,2
rna+H3K4me3-CTGAGCCACAACCACA,8
rna+H3K4me3-CTGAGCCAGACTAGTA,0
rna+H3K4me3-CTGAGCCACAATGGAA,8
rna+H3K4me3-CTGAGCCACACTTCGA,2
rna+H3K4me3-CTGAGCCACAGCGTTA,11
rna+H3K4me3-CTGAGCCACATACCAA,11
rna+H3K4me3-CTGAGCCACCAGTTCA,8
rna+H3K4me3-CTGAGCCACCGAAGTA,3
rna+H3K4me3-CTGAGCCACCGTGAGA,8
rna+H3K4me3-CTGAGCCACCTCCTGA,0
rna+H3K4me3-CTGAGCCAAGTGGTCA,6
rna+H3K4me3-CTGAGCCACGAACTTA,0
rna+H3K4me3-CTGAGCCACGACTGGA,0
rna+H3K4me3-CTGAGCCACGCATACA,8
rna+H3K4me3-CTGAGCCACTCAATGA,2
rna+H3K4me3-CTGAGCCACTGAGCCA,5
rna+H3K4me3-CTGAGCCACTGGCATA,0
rna+H3K4me3-CTGAGCCAGAATCTGA,8
rna+H3K4me3-CTGAGCCACAAGACTA,0
rna+H3K4me3-CTGAGCCAGAGCTGAA,10
rna+H3K4me3-CTGAGCCAGATAGACA,4
rna+H3K4me3-CTGAGCCAACCACTGT,2
rna+H3K4me3-CTGAGCCAGCCACATA,0
rna+H3K4me3-CTGAGCCAGCGAGTAA,3
rna+H3K4me3-CTGAGCCAGCTAACGA,0
rna+H3K4me3-CTGAGCCAGCTCGGTA,4
rna+H3K4me3-CTGAGCCAGGAGAACA,0
rna+H3K4me3-CTGAGCCAGGTGCGAA,0
rna+H3K4me3-CTGAGCCAGTACGCAA,11
rna+H3K4me3-CTGAGCCAGTCGTAGA,4
rna+H3K4me3-CTGAGCCAGTCTGTCA,4
rna+H3K4me3-CTGAGCCAGTGTTCTA,3
rna+H3K4me3-CTGAGCCAACATTGGC,2
rna+H3K4me3-CTGAGCCATAGGATGA,0
rna+H3K4me3-CTGAGCCATATCAGCA,0
rna+H3K4me3-CTGAGCCATCCGTCTA,2
rna+H3K4me3-CTGAGCCATCTTCACA,0
rna+H3K4me3-CTGAGCCATGAAGAGA,11
rna+H3K4me3-CTGAGCCATGGAACAA,0
rna+H3K4me3-CTGAGCCATGGCTTCA,8
rna+H3K4me3-CTGAGCCATGGTGGTA,11
rna+H3K4me3-CTGAGCCATTCACGCA,0
rna+H3K4me3-CTGAGCCAAACTCACC,3
rna+H3K4me3-CTGAGCCACAGATCTG,6
rna+H3K4me3-CTGAGCCAAAGAGATC,13
rna+H3K4me3-CTGAGCCAAAGGACAC,13
rna+H3K4me3-CTGAGCCAAATCCGTC,13
rna+H3K4me3-CTGAGCCAAATGTTGC,14
rna+H3K4me3-CTGAGCCAACACGACC,7
rna+H3K4me3-CTGAGCCAACAGATTC,5
rna+H3K4me3-CTGAGCCAAGATGTAC,10
rna+H3K4me3-CTGAGCCAAGCACCTC,1
rna+H3K4me3-CTGAGCCAAGCCATGC,7
rna+H3K4me3-CTGAGCCAAGGCTAAC,7
rna+H3K4me3-CTGAGCCACATCAAGT,8
rna+H3K4me3-CTGAGCCAATAGCGAC,2
rna+H3K4me3-CTGAGCCAATCATTCC,7
rna+H3K4me3-CTGAGCCAATTGGCTC,11
rna+H3K4me3-CTGAGCCACAAGGAGC,11
rna+H3K4me3-CTGAGCCACACCTTAC,5
rna+H3K4me3-CTGAGCCACCATCCTC,10
rna+H3K4me3-CTGAGCCACCGACAAC,7
rna+H3K4me3-CTGAGCCACCTAATCC,7
rna+H3K4me3-CTGAGCCACCTCTATC,7
rna+H3K4me3-CTGAGCCACGACACAC,2
rna+H3K4me3-CTGAGCCACGCTGATC,2
rna+H3K4me3-CTGAGCCACGGATTGC,8
rna+H3K4me3-CTGAGCCACTAAGGTC,7
rna+H3K4me3-CTGAGCCAGAACAGGC,2
rna+H3K4me3-CTGAGCCAGACAGTGC,14
rna+H3K4me3-CTGAGCCAGAGTTAGC,4
rna+H3K4me3-CTGAGCCAGATGAATC,5
rna+H3K4me3-CTGAGCCAGCCAAGAC,8
rna+H3K4me3-CTGAGCCACGGAAGAA,8
rna+H3K4me3-CTGAGCCAGTGACAAG,7
rna+H3K4me3-CTGAGCCAGAACCAGA,8
rna+H3K4me3-CTCAATGAAACGTGAT,6
rna+H3K4me3-CTCAATGAACAAGCTA,6
rna+H3K4me3-CTCAATGATTGCTGGA,4
rna+H3K4me3-CTCAATGACTGTAGCC,8
rna+H3K4me3-CTCAATGAAGTACAAG,6
rna+H3K4me3-CTCAATGAAACAACCA,5
rna+H3K4me3-CTCAATGAAACCGAGA,6
rna+H3K4me3-CTCAATGAAACGCTTA,8
rna+H3K4me3-CTCAATGAAAGACGGA,6
rna+H3K4me3-CTCAATGAAAGGTACA,6
rna+H3K4me3-CTCAATGAACACAGAA,8
rna+H3K4me3-CTCAATGAACAGCAGA,6
rna+H3K4me3-CTCAATGAAAACATCG,6
rna+H3K4me3-CTCAATGAACCTCCAA,6
rna+H3K4me3-CTCAATGAACGCTCGA,8
rna+H3K4me3-CTCAATGAACGTATCA,6
rna+H3K4me3-CTCAATGAACTATGCA,6
rna+H3K4me3-CTCAATGAAGAGTCAA,6
rna+H3K4me3-CTCAATGAAGATCGCA,2
rna+H3K4me3-CTCAATGAAGCAGGAA,10
rna+H3K4me3-CTCAATGAAGTCACTA,10
rna+H3K4me3-CTCAATGAATCCTGTA,4
rna+H3K4me3-CTCAATGAATTGAGGA,3
rna+H3K4me3-CTCAATGAATGCCTAA,6
rna+H3K4me3-CTCAATGACAACCACA,0
rna+H3K4me3-CTCAATGAGACTAGTA,0
rna+H3K4me3-CTCAATGACAATGGAA,8
rna+H3K4me3-CTCAATGACACTTCGA,3
rna+H3K4me3-CTCAATGACAGCGTTA,10
rna+H3K4me3-CTCAATGACATACCAA,0
rna+H3K4me3-CTCAATGACCAGTTCA,0
rna+H3K4me3-CTCAATGACCGAAGTA,8
rna+H3K4me3-CTCAATGACCGTGAGA,8
rna+H3K4me3-CTCAATGACCTCCTGA,0
rna+H3K4me3-CTCAATGAAGTGGTCA,9
rna+H3K4me3-CTCAATGACGAACTTA,2
rna+H3K4me3-CTCAATGACGACTGGA,0
rna+H3K4me3-CTCAATGACGCATACA,0
rna+H3K4me3-CTCAATGACTCAATGA,3
rna+H3K4me3-CTCAATGACTGAGCCA,0
rna+H3K4me3-CTCAATGACTGGCATA,0
rna+H3K4me3-CTCAATGAGAATCTGA,0
rna+H3K4me3-CTCAATGACAAGACTA,0
rna+H3K4me3-CTCAATGAGAGCTGAA,0
rna+H3K4me3-CTCAATGAGATAGACA,8
rna+H3K4me3-CTCAATGAACCACTGT,6
rna+H3K4me3-CTCAATGAGCCACATA,0
rna+H3K4me3-CTCAATGAGCGAGTAA,3
rna+H3K4me3-CTCAATGAGCTAACGA,0
rna+H3K4me3-CTCAATGAGCTCGGTA,0
rna+H3K4me3-CTCAATGAGGAGAACA,0
rna+H3K4me3-CTCAATGAGGTGCGAA,8
rna+H3K4me3-CTCAATGAGTACGCAA,0
rna+H3K4me3-CTCAATGAGTCGTAGA,3
rna+H3K4me3-CTCAATGAGTCTGTCA,0
rna+H3K4me3-CTCAATGAGTGTTCTA,0
rna+H3K4me3-CTCAATGAACATTGGC,6
rna+H3K4me3-CTCAATGATAGGATGA,0
rna+H3K4me3-CTCAATGATATCAGCA,11
rna+H3K4me3-CTCAATGATCCGTCTA,12
rna+H3K4me3-CTCAATGATCTTCACA,0
rna+H3K4me3-CTCAATGATGAAGAGA,0
rna+H3K4me3-CTCAATGATGGAACAA,11
rna+H3K4me3-CTCAATGATGGCTTCA,3
rna+H3K4me3-CTCAATGATGGTGGTA,0
rna+H3K4me3-CTCAATGATTCACGCA,3
rna+H3K4me3-CTCAATGAAACTCACC,10
rna+H3K4me3-CTCAATGACAGATCTG,2
rna+H3K4me3-CTCAATGAAAGAGATC,13
rna+H3K4me3-CTCAATGAAAGGACAC,13
rna+H3K4me3-CTCAATGAAATCCGTC,13
rna+H3K4me3-CTCAATGAAATGTTGC,5
rna+H3K4me3-CTCAATGAACACGACC,5
rna+H3K4me3-CTCAATGAACAGATTC,7
rna+H3K4me3-CTCAATGAAGATGTAC,5
rna+H3K4me3-CTCAATGAAGCACCTC,7
rna+H3K4me3-CTCAATGAAGCCATGC,5
rna+H3K4me3-CTCAATGAAGGCTAAC,5
rna+H3K4me3-CTCAATGACATCAAGT,6
rna+H3K4me3-CTCAATGAATAGCGAC,7
rna+H3K4me3-CTCAATGAATCATTCC,10
rna+H3K4me3-CTCAATGAATTGGCTC,7
rna+H3K4me3-CTCAATGACAAGGAGC,5
rna+H3K4me3-CTCAATGACACCTTAC,7
rna+H3K4me3-CTCAATGACCATCCTC,7
rna+H3K4me3-CTCAATGACCGACAAC,5
rna+H3K4me3-CTCAATGACCTAATCC,2
rna+H3K4me3-CTCAATGACCTCTATC,9
rna+H3K4me3-CTCAATGACGACACAC,7
rna+H3K4me3-CTCAATGACGCTGATC,9
rna+H3K4me3-CTCAATGACGGATTGC,7
rna+H3K4me3-CTCAATGACTAAGGTC,4
rna+H3K4me3-CTCAATGAGAACAGGC,7
rna+H3K4me3-CTCAATGAGACAGTGC,14
rna+H3K4me3-CTCAATGAGAGTTAGC,5
rna+H3K4me3-CTCAATGAGATGAATC,7
rna+H3K4me3-CTCAATGAGCCAAGAC,7
rna+H3K4me3-CTCAATGACGGAAGAA,7
rna+H3K4me3-CTCAATGAGTGACAAG,10
rna+H3K4me3-CTCAATGAGAACCAGA,7
rna+H3K4me3-CGCATACAAACGTGAT,2
rna+H3K4me3-CGCATACAACAAGCTA,6
rna+H3K4me3-CGCATACATTGCTGGA,2
rna+H3K4me3-CGCATACACTGTAGCC,6
rna+H3K4me3-CGCATACAAGTACAAG,6
rna+H3K4me3-CGCATACAAACAACCA,6
rna+H3K4me3-CGCATACAAACCGAGA,1
rna+H3K4me3-CGCATACAAACGCTTA,6
rna+H3K4me3-CGCATACAAAGACGGA,6
rna+H3K4me3-CGCATACAAAGGTACA,6
rna+H3K4me3-CGCATACAACACAGAA,6
rna+H3K4me3-CGCATACAACAGCAGA,9
rna+H3K4me3-CGCATACAAAACATCG,8
rna+H3K4me3-CGCATACAACCTCCAA,6
rna+H3K4me3-CGCATACAACGCTCGA,6
rna+H3K4me3-CGCATACAACGTATCA,6
rna+H3K4me3-CGCATACAACTATGCA,6
rna+H3K4me3-CGCATACAAGAGTCAA,6
rna+H3K4me3-CGCATACAAGATCGCA,6
rna+H3K4me3-CGCATACAAGCAGGAA,6
rna+H3K4me3-CGCATACAAGTCACTA,6
rna+H3K4me3-CGCATACAATCCTGTA,12
rna+H3K4me3-CGCATACAATTGAGGA,0
rna+H3K4me3-CGCATACAATGCCTAA,6
rna+H3K4me3-CGCATACACAACCACA,2
rna+H3K4me3-CGCATACAGACTAGTA,0
rna+H3K4me3-CGCATACACAATGGAA,12
rna+H3K4me3-CGCATACACACTTCGA,7
rna+H3K4me3-CGCATACACAGCGTTA,8
rna+H3K4me3-CGCATACACATACCAA,0
rna+H3K4me3-CGCATACACCAGTTCA,0
rna+H3K4me3-CGCATACACCGAAGTA,5
rna+H3K4me3-CGCATACACCGTGAGA,0
rna+H3K4me3-CGCATACACCTCCTGA,2
rna+H3K4me3-CGCATACAAGTGGTCA,8
rna+H3K4me3-CGCATACACGAACTTA,8
rna+H3K4me3-CGCATACACGACTGGA,10
rna+H3K4me3-CGCATACACGCATACA,4
rna+H3K4me3-CGCATACACTCAATGA,14
rna+H3K4me3-CGCATACACTGAGCCA,0
rna+H3K4me3-CGCATACACTGGCATA,0
rna+H3K4me3-CGCATACAGAATCTGA,4
rna+H3K4me3-CGCATACACAAGACTA,8
rna+H3K4me3-CGCATACAGAGCTGAA,10
rna+H3K4me3-CGCATACAGATAGACA,2
rna+H3K4me3-CGCATACAACCACTGT,6
rna+H3K4me3-CGCATACAGCCACATA,0
rna+H3K4me3-CGCATACAGCGAGTAA,3
rna+H3K4me3-CGCATACAGCTAACGA,0
rna+H3K4me3-CGCATACAGCTCGGTA,0
rna+H3K4me3-CGCATACAGGAGAACA,10
rna+H3K4me3-CGCATACAGGTGCGAA,2
rna+H3K4me3-CGCATACAGTACGCAA,11
rna+H3K4me3-CGCATACAGTCGTAGA,0
rna+H3K4me3-CGCATACAGTCTGTCA,3
rna+H3K4me3-CGCATACAGTGTTCTA,2
rna+H3K4me3-CGCATACAACATTGGC,6
rna+H3K4me3-CGCATACATAGGATGA,3
rna+H3K4me3-CGCATACATATCAGCA,4
rna+H3K4me3-CGCATACATCCGTCTA,7
rna+H3K4me3-CGCATACATCTTCACA,10
rna+H3K4me3-CGCATACATGAAGAGA,0
rna+H3K4me3-CGCATACATGGAACAA,3
rna+H3K4me3-CGCATACATGGCTTCA,0
rna+H3K4me3-CGCATACATGGTGGTA,8
rna+H3K4me3-CGCATACATTCACGCA,3
rna+H3K4me3-CGCATACAAACTCACC,13
rna+H3K4me3-CGCATACACAGATCTG,1
rna+H3K4me3-CGCATACAAAGAGATC,13
rna+H3K4me3-CGCATACAAAGGACAC,13
rna+H3K4me3-CGCATACAAATCCGTC,13
rna+H3K4me3-CGCATACAAATGTTGC,7
rna+H3K4me3-CGCATACAACACGACC,7
rna+H3K4me3-CGCATACAACAGATTC,7
rna+H3K4me3-CGCATACAAGATGTAC,5
rna+H3K4me3-CGCATACAAGCACCTC,7
rna+H3K4me3-CGCATACAAGCCATGC,7
rna+H3K4me3-CGCATACAAGGCTAAC,7
rna+H3K4me3-CGCATACACATCAAGT,6
rna+H3K4me3-CGCATACAATAGCGAC,14
rna+H3K4me3-CGCATACAATCATTCC,7
rna+H3K4me3-CGCATACAATTGGCTC,3
rna+H3K4me3-CGCATACACAAGGAGC,2
rna+H3K4me3-CGCATACACACCTTAC,8
rna+H3K4me3-CGCATACACCATCCTC,7
rna+H3K4me3-CGCATACACCGACAAC,7
rna+H3K4me3-CGCATACACCTAATCC,4
rna+H3K4me3-CGCATACACCTCTATC,7
rna+H3K4me3-CGCATACACGACACAC,5
rna+H3K4me3-CGCATACACGCTGATC,5
rna+H3K4me3-CGCATACACGGATTGC,5
rna+H3K4me3-CGCATACACTAAGGTC,5
rna+H3K4me3-CGCATACAGAACAGGC,10
rna+H3K4me3-CGCATACAGACAGTGC,5
rna+H3K4me3-CGCATACAGAGTTAGC,4
rna+H3K4me3-CGCATACAGATGAATC,3
rna+H3K4me3-CGCATACAGCCAAGAC,2
rna+H3K4me3-CGCATACACGGAAGAA,12
rna+H3K4me3-CGCATACAGTGACAAG,7
rna+H3K4me3-CGCATACAGAACCAGA,7
rna+H3K4me3-GCCAAGACAACGTGAT,5
rna+H3K4me3-GCCAAGACACAAGCTA,2
rna+H3K4me3-GCCAAGACTTGCTGGA,1
rna+H3K4me3-GCCAAGACCTGTAGCC,1
rna+H3K4me3-GCCAAGACAGTACAAG,5
rna+H3K4me3-GCCAAGACAACAACCA,9
rna+H3K4me3-GCCAAGACAACCGAGA,9
rna+H3K4me3-GCCAAGACAACGCTTA,9
rna+H3K4me3-GCCAAGACAAGACGGA,9
rna+H3K4me3-GCCAAGACAAGGTACA,9
rna+H3K4me3-GCCAAGACACACAGAA,9
rna+H3K4me3-GCCAAGACACAGCAGA,9
rna+H3K4me3-GCCAAGACAAACATCG,9
rna+H3K4me3-GCCAAGACACCTCCAA,9
rna+H3K4me3-GCCAAGACACGCTCGA,10
rna+H3K4me3-GCCAAGACACGTATCA,8
rna+H3K4me3-GCCAAGACACTATGCA,10
rna+H3K4me3-GCCAAGACAGAGTCAA,1
rna+H3K4me3-GCCAAGACAGATCGCA,11
rna+H3K4me3-GCCAAGACAGCAGGAA,1
rna+H3K4me3-GCCAAGACAGTCACTA,1
rna+H3K4me3-GCCAAGACATCCTGTA,1
rna+H3K4me3-GCCAAGACATTGAGGA,4
rna+H3K4me3-GCCAAGACATGCCTAA,1
rna+H3K4me3-GCCAAGACCAACCACA,8
rna+H3K4me3-GCCAAGACGACTAGTA,2
rna+H3K4me3-GCCAAGACCAATGGAA,9
rna+H3K4me3-GCCAAGACCACTTCGA,1
rna+H3K4me3-GCCAAGACCAGCGTTA,1
rna+H3K4me3-GCCAAGACCATACCAA,9
rna+H3K4me3-GCCAAGACCCAGTTCA,9
rna+H3K4me3-GCCAAGACCCGAAGTA,1
rna+H3K4me3-GCCAAGACCCGTGAGA,1
rna+H3K4me3-GCCAAGACCCTCCTGA,1
rna+H3K4me3-GCCAAGACAGTGGTCA,9
rna+H3K4me3-GCCAAGACCGAACTTA,9
rna+H3K4me3-GCCAAGACCGACTGGA,7
rna+H3K4me3-GCCAAGACCGCATACA,5
rna+H3K4me3-GCCAAGACCTCAATGA,2
rna+H3K4me3-GCCAAGACCTGAGCCA,1
rna+H3K4me3-GCCAAGACCTGGCATA,1
rna+H3K4me3-GCCAAGACGAATCTGA,1
rna+H3K4me3-GCCAAGACCAAGACTA,1
rna+H3K4me3-GCCAAGACGAGCTGAA,1
rna+H3K4me3-GCCAAGACGATAGACA,9
rna+H3K4me3-GCCAAGACACCACTGT,1
rna+H3K4me3-GCCAAGACGCCACATA,4
rna+H3K4me3-GCCAAGACGCGAGTAA,1
rna+H3K4me3-GCCAAGACGCTAACGA,1
rna+H3K4me3-GCCAAGACGCTCGGTA,1
rna+H3K4me3-GCCAAGACGGAGAACA,1
rna+H3K4me3-GCCAAGACGGTGCGAA,1
rna+H3K4me3-GCCAAGACGTACGCAA,1
rna+H3K4me3-GCCAAGACGTCGTAGA,1
rna+H3K4me3-GCCAAGACGTCTGTCA,1
rna+H3K4me3-GCCAAGACGTGTTCTA,1
rna+H3K4me3-GCCAAGACACATTGGC,9
rna+H3K4me3-GCCAAGACTAGGATGA,1
rna+H3K4me3-GCCAAGACTATCAGCA,1
rna+H3K4me3-GCCAAGACTCCGTCTA,1
rna+H3K4me3-GCCAAGACTCTTCACA,4
rna+H3K4me3-GCCAAGACTGAAGAGA,1
rna+H3K4me3-GCCAAGACTGGAACAA,5
rna+H3K4me3-GCCAAGACTGGCTTCA,4
rna+H3K4me3-GCCAAGACTGGTGGTA,1
rna+H3K4me3-GCCAAGACTTCACGCA,2
rna+H3K4me3-GCCAAGACAACTCACC,13
rna+H3K4me3-GCCAAGACCAGATCTG,4
rna+H3K4me3-GCCAAGACAAGAGATC,5
rna+H3K4me3-GCCAAGACAAGGACAC,1
rna+H3K4me3-GCCAAGACAATCCGTC,1
rna+H3K4me3-GCCAAGACAATGTTGC,1
rna+H3K4me3-GCCAAGACACACGACC,1
rna+H3K4me3-GCCAAGACACAGATTC,1
rna+H3K4me3-GCCAAGACAGATGTAC,2
rna+H3K4me3-GCCAAGACAGCACCTC,1
rna+H3K4me3-GCCAAGACAGCCATGC,1
rna+H3K4me3-GCCAAGACAGGCTAAC,1
rna+H3K4me3-GCCAAGACCATCAAGT,2
rna+H3K4me3-GCCAAGACATAGCGAC,14
rna+H3K4me3-GCCAAGACATCATTCC,1
rna+H3K4me3-GCCAAGACATTGGCTC,2
rna+H3K4me3-GCCAAGACCAAGGAGC,9
rna+H3K4me3-GCCAAGACCACCTTAC,9
rna+H3K4me3-GCCAAGACCCATCCTC,7
rna+H3K4me3-GCCAAGACCCGACAAC,1
rna+H3K4me3-GCCAAGACCCTAATCC,1
rna+H3K4me3-GCCAAGACCCTCTATC,1
rna+H3K4me3-GCCAAGACCGACACAC,1
rna+H3K4me3-GCCAAGACCGCTGATC,3
rna+H3K4me3-GCCAAGACCGGATTGC,8
rna+H3K4me3-GCCAAGACCTAAGGTC,5
rna+H3K4me3-GCCAAGACGAACAGGC,14
rna+H3K4me3-GCCAAGACGACAGTGC,2
rna+H3K4me3-GCCAAGACGAGTTAGC,8
rna+H3K4me3-GCCAAGACGATGAATC,5
rna+H3K4me3-GCCAAGACGCCAAGAC,1
rna+H3K4me3-GCCAAGACCGGAAGAA,1
rna+H3K4me3-GCCAAGACGTGACAAG,1
rna+H3K4me3-GCCAAGACGAACCAGA,9
rna+H3K4me3-CGACTGGAAACGTGAT,6
rna+H3K4me3-CGACTGGAACAAGCTA,6
rna+H3K4me3-CGACTGGATTGCTGGA,2
rna+H3K4me3-CGACTGGACTGTAGCC,2
rna+H3K4me3-CGACTGGAAGTACAAG,2
rna+H3K4me3-CGACTGGAAACAACCA,5
rna+H3K4me3-CGACTGGAAACCGAGA,8
rna+H3K4me3-CGACTGGAAACGCTTA,6
rna+H3K4me3-CGACTGGAAAGACGGA,6
rna+H3K4me3-CGACTGGAAAGGTACA,6
rna+H3K4me3-CGACTGGAACACAGAA,2
rna+H3K4me3-CGACTGGAACAGCAGA,6
rna+H3K4me3-CGACTGGAAAACATCG,2
rna+H3K4me3-CGACTGGAACCTCCAA,6
rna+H3K4me3-CGACTGGAACGCTCGA,6
rna+H3K4me3-CGACTGGAACGTATCA,1
rna+H3K4me3-CGACTGGAACTATGCA,1
rna+H3K4me3-CGACTGGAAGAGTCAA,6
rna+H3K4me3-CGACTGGAAGATCGCA,5
rna+H3K4me3-CGACTGGAAGCAGGAA,8
rna+H3K4me3-CGACTGGAAGTCACTA,8
rna+H3K4me3-CGACTGGAATCCTGTA,4
rna+H3K4me3-CGACTGGAATTGAGGA,4
rna+H3K4me3-CGACTGGAATGCCTAA,6
rna+H3K4me3-CGACTGGACAACCACA,0
rna+H3K4me3-CGACTGGAGACTAGTA,3
rna+H3K4me3-CGACTGGACAATGGAA,11
rna+H3K4me3-CGACTGGACACTTCGA,0
rna+H3K4me3-CGACTGGACAGCGTTA,0
rna+H3K4me3-CGACTGGACATACCAA,0
rna+H3K4me3-CGACTGGACCAGTTCA,5
rna+H3K4me3-CGACTGGACCGAAGTA,10
rna+H3K4me3-CGACTGGACCGTGAGA,0
rna+H3K4me3-CGACTGGACCTCCTGA,0
rna+H3K4me3-CGACTGGAAGTGGTCA,6
rna+H3K4me3-CGACTGGACGAACTTA,0
rna+H3K4me3-CGACTGGACGACTGGA,0
rna+H3K4me3-CGACTGGACGCATACA,0
rna+H3K4me3-CGACTGGACTCAATGA,0
rna+H3K4me3-CGACTGGACTGAGCCA,8
rna+H3K4me3-CGACTGGACTGGCATA,10
rna+H3K4me3-CGACTGGAGAATCTGA,3
rna+H3K4me3-CGACTGGACAAGACTA,0
rna+H3K4me3-CGACTGGAGAGCTGAA,0
rna+H3K4me3-CGACTGGAGATAGACA,3
rna+H3K4me3-CGACTGGAACCACTGT,12
rna+H3K4me3-CGACTGGAGCCACATA,3
rna+H3K4me3-CGACTGGAGCGAGTAA,12
rna+H3K4me3-CGACTGGAGCTAACGA,10
rna+H3K4me3-CGACTGGAGCTCGGTA,0
rna+H3K4me3-CGACTGGAGGAGAACA,7
rna+H3K4me3-CGACTGGAGGTGCGAA,10
rna+H3K4me3-CGACTGGAGTACGCAA,2
rna+H3K4me3-CGACTGGAGTCGTAGA,4
rna+H3K4me3-CGACTGGAGTCTGTCA,3
rna+H3K4me3-CGACTGGAGTGTTCTA,3
rna+H3K4me3-CGACTGGAACATTGGC,6
rna+H3K4me3-CGACTGGATAGGATGA,0
rna+H3K4me3-CGACTGGATATCAGCA,0
rna+H3K4me3-CGACTGGATCCGTCTA,5
rna+H3K4me3-CGACTGGATCTTCACA,2
rna+H3K4me3-CGACTGGATGAAGAGA,0
rna+H3K4me3-CGACTGGATGGAACAA,0
rna+H3K4me3-CGACTGGATGGCTTCA,7
rna+H3K4me3-CGACTGGATGGTGGTA,0
rna+H3K4me3-CGACTGGATTCACGCA,0
rna+H3K4me3-CGACTGGAAACTCACC,13
rna+H3K4me3-CGACTGGACAGATCTG,2
rna+H3K4me3-CGACTGGAAAGAGATC,13
rna+H3K4me3-CGACTGGAAAGGACAC,13
rna+H3K4me3-CGACTGGAAATCCGTC,13
rna+H3K4me3-CGACTGGAAATGTTGC,13
rna+H3K4me3-CGACTGGAACACGACC,12
rna+H3K4me3-CGACTGGAACAGATTC,7
rna+H3K4me3-CGACTGGAAGATGTAC,14
rna+H3K4me3-CGACTGGAAGCACCTC,7
rna+H3K4me3-CGACTGGAAGCCATGC,7
rna+H3K4me3-CGACTGGAAGGCTAAC,5
rna+H3K4me3-CGACTGGACATCAAGT,8
rna+H3K4me3-CGACTGGAATAGCGAC,7
rna+H3K4me3-CGACTGGAATCATTCC,7
rna+H3K4me3-CGACTGGAATTGGCTC,7
rna+H3K4me3-CGACTGGACAAGGAGC,5
rna+H3K4me3-CGACTGGACACCTTAC,7
rna+H3K4me3-CGACTGGACCATCCTC,7
rna+H3K4me3-CGACTGGACCGACAAC,7
rna+H3K4me3-CGACTGGACCTAATCC,7
rna+H3K4me3-CGACTGGACCTCTATC,7
rna+H3K4me3-CGACTGGACGACACAC,3
rna+H3K4me3-CGACTGGACGCTGATC,6
rna+H3K4me3-CGACTGGACGGATTGC,5
rna+H3K4me3-CGACTGGACTAAGGTC,9
rna+H3K4me3-CGACTGGAGAACAGGC,4
rna+H3K4me3-CGACTGGAGACAGTGC,14
rna+H3K4me3-CGACTGGAGAGTTAGC,5
rna+H3K4me3-CGACTGGAGATGAATC,12
rna+H3K4me3-CGACTGGAGCCAAGAC,2
rna+H3K4me3-CGACTGGACGGAAGAA,8
rna+H3K4me3-CGACTGGAGTGACAAG,7
rna+H3K4me3-CGACTGGAGAACCAGA,7
rna+H3K4me3-CGAACTTAAACGTGAT,6
rna+H3K4me3-CGAACTTAACAAGCTA,6
rna+H3K4me3-CGAACTTATTGCTGGA,5
rna+H3K4me3-CGAACTTACTGTAGCC,6
rna+H3K4me3-CGAACTTAAGTACAAG,6
rna+H3K4me3-CGAACTTAAACAACCA,1
rna+H3K4me3-CGAACTTAAACCGAGA,8
rna+H3K4me3-CGAACTTAAACGCTTA,10
rna+H3K4me3-CGAACTTAAAGACGGA,6
rna+H3K4me3-CGAACTTAAAGGTACA,8
rna+H3K4me3-CGAACTTAACACAGAA,6
rna+H3K4me3-CGAACTTAACAGCAGA,8
rna+H3K4me3-CGAACTTAAAACATCG,5
rna+H3K4me3-CGAACTTAACCTCCAA,6
rna+H3K4me3-CGAACTTAACGCTCGA,6
rna+H3K4me3-CGAACTTAACGTATCA,6
rna+H3K4me3-CGAACTTAACTATGCA,6
rna+H3K4me3-CGAACTTAAGAGTCAA,2
rna+H3K4me3-CGAACTTAAGATCGCA,6
rna+H3K4me3-CGAACTTAAGCAGGAA,7
rna+H3K4me3-CGAACTTAAGTCACTA,1
rna+H3K4me3-CGAACTTAATCCTGTA,6
rna+H3K4me3-CGAACTTAATTGAGGA,2
rna+H3K4me3-CGAACTTAATGCCTAA,6
rna+H3K4me3-CGAACTTACAACCACA,8
rna+H3K4me3-CGAACTTAGACTAGTA,0
rna+H3K4me3-CGAACTTACAATGGAA,0
rna+H3K4me3-CGAACTTACACTTCGA,0
rna+H3K4me3-CGAACTTACAGCGTTA,0
rna+H3K4me3-CGAACTTACATACCAA,0
rna+H3K4me3-CGAACTTACCAGTTCA,0
rna+H3K4me3-CGAACTTACCGAAGTA,11
rna+H3K4me3-CGAACTTACCGTGAGA,0
rna+H3K4me3-CGAACTTACCTCCTGA,8
rna+H3K4me3-CGAACTTAAGTGGTCA,8
rna+H3K4me3-CGAACTTACGAACTTA,0
rna+H3K4me3-CGAACTTACGACTGGA,8
rna+H3K4me3-CGAACTTACGCATACA,0
rna+H3K4me3-CGAACTTACTCAATGA,0
rna+H3K4me3-CGAACTTACTGAGCCA,0
rna+H3K4me3-CGAACTTACTGGCATA,0
rna+H3K4me3-CGAACTTAGAATCTGA,0
rna+H3K4me3-CGAACTTACAAGACTA,0
rna+H3K4me3-CGAACTTAGAGCTGAA,0
rna+H3K4me3-CGAACTTAGATAGACA,0
rna+H3K4me3-CGAACTTAACCACTGT,6
rna+H3K4me3-CGAACTTAGCCACATA,0
rna+H3K4me3-CGAACTTAGCGAGTAA,3
rna+H3K4me3-CGAACTTAGCTAACGA,0
rna+H3K4me3-CGAACTTAGCTCGGTA,6
rna+H3K4me3-CGAACTTAGGAGAACA,0
rna+H3K4me3-CGAACTTAGGTGCGAA,3
rna+H3K4me3-CGAACTTAGTACGCAA,0
rna+H3K4me3-CGAACTTAGTCGTAGA,0
rna+H3K4me3-CGAACTTAGTCTGTCA,3
rna+H3K4me3-CGAACTTAGTGTTCTA,3
rna+H3K4me3-CGAACTTAACATTGGC,6
rna+H3K4me3-CGAACTTATAGGATGA,0
rna+H3K4me3-CGAACTTATATCAGCA,0
rna+H3K4me3-CGAACTTATCCGTCTA,3
rna+H3K4me3-CGAACTTATCTTCACA,10
rna+H3K4me3-CGAACTTATGAAGAGA,3
rna+H3K4me3-CGAACTTATGGAACAA,11
rna+H3K4me3-CGAACTTATGGCTTCA,3
rna+H3K4me3-CGAACTTATGGTGGTA,0
rna+H3K4me3-CGAACTTATTCACGCA,3
rna+H3K4me3-CGAACTTAAACTCACC,13
rna+H3K4me3-CGAACTTACAGATCTG,10
rna+H3K4me3-CGAACTTAAAGAGATC,13
rna+H3K4me3-CGAACTTAAAGGACAC,13
rna+H3K4me3-CGAACTTAAATCCGTC,13
rna+H3K4me3-CGAACTTAAATGTTGC,13
rna+H3K4me3-CGAACTTAACACGACC,7
rna+H3K4me3-CGAACTTAACAGATTC,7
rna+H3K4me3-CGAACTTAAGATGTAC,7
rna+H3K4me3-CGAACTTAAGCACCTC,7
rna+H3K4me3-CGAACTTAAGCCATGC,7
rna+H3K4me3-CGAACTTAAGGCTAAC,11
rna+H3K4me3-CGAACTTACATCAAGT,6
rna+H3K4me3-CGAACTTAATAGCGAC,4
rna+H3K4me3-CGAACTTAATCATTCC,4
rna+H3K4me3-CGAACTTAATTGGCTC,8
rna+H3K4me3-CGAACTTACAAGGAGC,7
rna+H3K4me3-CGAACTTACACCTTAC,4
rna+H3K4me3-CGAACTTACCATCCTC,10
rna+H3K4me3-CGAACTTACCGACAAC,8
rna+H3K4me3-CGAACTTACCTAATCC,7
rna+H3K4me3-CGAACTTACCTCTATC,7
rna+H3K4me3-CGAACTTACGACACAC,7
rna+H3K4me3-CGAACTTACGCTGATC,6
rna+H3K4me3-CGAACTTACGGATTGC,7
rna+H3K4me3-CGAACTTACTAAGGTC,2
rna+H3K4me3-CGAACTTAGAACAGGC,8
rna+H3K4me3-CGAACTTAGACAGTGC,14
rna+H3K4me3-CGAACTTAGAGTTAGC,5
rna+H3K4me3-CGAACTTAGATGAATC,4
rna+H3K4me3-CGAACTTAGCCAAGAC,8
rna+H3K4me3-CGAACTTACGGAAGAA,7
rna+H3K4me3-CGAACTTAGTGACAAG,2
rna+H3K4me3-CGAACTTAGAACCAGA,7
rna+H3K4me3-CCTCCTGAAACGTGAT,6
rna+H3K4me3-CCTCCTGAACAAGCTA,12
rna+H3K4me3-CCTCCTGATTGCTGGA,7
rna+H3K4me3-CCTCCTGACTGTAGCC,5
rna+H3K4me3-CCTCCTGAAGTACAAG,12
rna+H3K4me3-CCTCCTGAAACAACCA,5
rna+H3K4me3-CCTCCTGAAACCGAGA,2
rna+H3K4me3-CCTCCTGAAACGCTTA,14
rna+H3K4me3-CCTCCTGAAAGACGGA,6
rna+H3K4me3-CCTCCTGAAAGGTACA,6
rna+H3K4me3-CCTCCTGAACACAGAA,6
rna+H3K4me3-CCTCCTGAACAGCAGA,6
rna+H3K4me3-CCTCCTGAAAACATCG,8
rna+H3K4me3-CCTCCTGAACCTCCAA,5
rna+H3K4me3-CCTCCTGAACGCTCGA,6
rna+H3K4me3-CCTCCTGAACGTATCA,6
rna+H3K4me3-CCTCCTGAACTATGCA,6
rna+H3K4me3-CCTCCTGAAGAGTCAA,6
rna+H3K4me3-CCTCCTGAAGATCGCA,6
rna+H3K4me3-CCTCCTGAAGCAGGAA,6
rna+H3K4me3-CCTCCTGAAGTCACTA,6
rna+H3K4me3-CCTCCTGAATCCTGTA,6
rna+H3K4me3-CCTCCTGAATTGAGGA,7
rna+H3K4me3-CCTCCTGAATGCCTAA,6
rna+H3K4me3-CCTCCTGACAACCACA,10
rna+H3K4me3-CCTCCTGAGACTAGTA,0
rna+H3K4me3-CCTCCTGACAATGGAA,0
rna+H3K4me3-CCTCCTGACACTTCGA,0
rna+H3K4me3-CCTCCTGACAGCGTTA,0
rna+H3K4me3-CCTCCTGACATACCAA,0
rna+H3K4me3-CCTCCTGACCAGTTCA,2
rna+H3K4me3-CCTCCTGACCGAAGTA,0
rna+H3K4me3-CCTCCTGACCGTGAGA,0
rna+H3K4me3-CCTCCTGACCTCCTGA,0
rna+H3K4me3-CCTCCTGAAGTGGTCA,1
rna+H3K4me3-CCTCCTGACGAACTTA,0
rna+H3K4me3-CCTCCTGACGACTGGA,9
rna+H3K4me3-CCTCCTGACGCATACA,2
rna+H3K4me3-CCTCCTGACTCAATGA,0
rna+H3K4me3-CCTCCTGACTGAGCCA,0
rna+H3K4me3-CCTCCTGACTGGCATA,8
rna+H3K4me3-CCTCCTGAGAATCTGA,3
rna+H3K4me3-CCTCCTGACAAGACTA,5
rna+H3K4me3-CCTCCTGAGAGCTGAA,2
rna+H3K4me3-CCTCCTGAGATAGACA,10
rna+H3K4me3-CCTCCTGAACCACTGT,6
rna+H3K4me3-CCTCCTGAGCCACATA,8
rna+H3K4me3-CCTCCTGAGCGAGTAA,3
rna+H3K4me3-CCTCCTGAGCTAACGA,2
rna+H3K4me3-CCTCCTGAGCTCGGTA,0
rna+H3K4me3-CCTCCTGAGGAGAACA,0
rna+H3K4me3-CCTCCTGAGGTGCGAA,0
rna+H3K4me3-CCTCCTGAGTACGCAA,0
rna+H3K4me3-CCTCCTGAGTCGTAGA,0
rna+H3K4me3-CCTCCTGAGTCTGTCA,8
rna+H3K4me3-CCTCCTGAGTGTTCTA,0
rna+H3K4me3-CCTCCTGAACATTGGC,6
rna+H3K4me3-CCTCCTGATAGGATGA,0
rna+H3K4me3-CCTCCTGATATCAGCA,8
rna+H3K4me3-CCTCCTGATCCGTCTA,2
rna+H3K4me3-CCTCCTGATCTTCACA,5
rna+H3K4me3-CCTCCTGATGAAGAGA,0
rna+H3K4me3-CCTCCTGATGGAACAA,0
rna+H3K4me3-CCTCCTGATGGCTTCA,5
rna+H3K4me3-CCTCCTGATGGTGGTA,3
rna+H3K4me3-CCTCCTGATTCACGCA,3
rna+H3K4me3-CCTCCTGAAACTCACC,13
rna+H3K4me3-CCTCCTGACAGATCTG,5
rna+H3K4me3-CCTCCTGAAAGAGATC,13
rna+H3K4me3-CCTCCTGAAAGGACAC,13
rna+H3K4me3-CCTCCTGAAATCCGTC,13
rna+H3K4me3-CCTCCTGAAATGTTGC,13
rna+H3K4me3-CCTCCTGAACACGACC,5
rna+H3K4me3-CCTCCTGAACAGATTC,7
rna+H3K4me3-CCTCCTGAAGATGTAC,7
rna+H3K4me3-CCTCCTGAAGCACCTC,7
rna+H3K4me3-CCTCCTGAAGCCATGC,7
rna+H3K4me3-CCTCCTGAAGGCTAAC,7
rna+H3K4me3-CCTCCTGACATCAAGT,14
rna+H3K4me3-CCTCCTGAATAGCGAC,7
rna+H3K4me3-CCTCCTGAATCATTCC,7
rna+H3K4me3-CCTCCTGAATTGGCTC,7
rna+H3K4me3-CCTCCTGACAAGGAGC,14
rna+H3K4me3-CCTCCTGACACCTTAC,7
rna+H3K4me3-CCTCCTGACCATCCTC,2
rna+H3K4me3-CCTCCTGACCGACAAC,7
rna+H3K4me3-CCTCCTGACCTAATCC,8
rna+H3K4me3-CCTCCTGACCTCTATC,5
rna+H3K4me3-CCTCCTGACGACACAC,7
rna+H3K4me3-CCTCCTGACGCTGATC,5
rna+H3K4me3-CCTCCTGACGGATTGC,7
rna+H3K4me3-CCTCCTGACTAAGGTC,5
rna+H3K4me3-CCTCCTGAGAACAGGC,5
rna+H3K4me3-CCTCCTGAGACAGTGC,2
rna+H3K4me3-CCTCCTGAGAGTTAGC,2
rna+H3K4me3-CCTCCTGAGATGAATC,8
rna+H3K4me3-CCTCCTGAGCCAAGAC,7
rna+H3K4me3-CCTCCTGACGGAAGAA,4
rna+H3K4me3-CCTCCTGAGTGACAAG,5
rna+H3K4me3-CCTCCTGAGAACCAGA,2
rna+H3K4me3-CCGTGAGAAACGTGAT,5
rna+H3K4me3-CCGTGAGAACAAGCTA,6
rna+H3K4me3-CCGTGAGATTGCTGGA,10
rna+H3K4me3-CCGTGAGACTGTAGCC,8
rna+H3K4me3-CCGTGAGAAGTACAAG,6
rna+H3K4me3-CCGTGAGAAACAACCA,6
rna+H3K4me3-CCGTGAGAAACCGAGA,13
rna+H3K4me3-CCGTGAGAAACGCTTA,6
rna+H3K4me3-CCGTGAGAAAGACGGA,5
rna+H3K4me3-CCGTGAGAAAGGTACA,6
rna+H3K4me3-CCGTGAGAACACAGAA,6
rna+H3K4me3-CCGTGAGAACAGCAGA,6
rna+H3K4me3-CCGTGAGAAAACATCG,10
rna+H3K4me3-CCGTGAGAACCTCCAA,6
rna+H3K4me3-CCGTGAGAACGCTCGA,6
rna+H3K4me3-CCGTGAGAACGTATCA,6
rna+H3K4me3-CCGTGAGAACTATGCA,6
rna+H3K4me3-CCGTGAGAAGAGTCAA,12
rna+H3K4me3-CCGTGAGAAGATCGCA,6
rna+H3K4me3-CCGTGAGAAGCAGGAA,8
rna+H3K4me3-CCGTGAGAAGTCACTA,12
rna+H3K4me3-CCGTGAGAATCCTGTA,4
rna+H3K4me3-CCGTGAGAATTGAGGA,6
rna+H3K4me3-CCGTGAGAATGCCTAA,6
rna+H3K4me3-CCGTGAGACAACCACA,4
rna+H3K4me3-CCGTGAGAGACTAGTA,3
rna+H3K4me3-CCGTGAGACAATGGAA,4
rna+H3K4me3-CCGTGAGACACTTCGA,0
rna+H3K4me3-CCGTGAGACAGCGTTA,11
rna+H3K4me3-CCGTGAGACATACCAA,0
rna+H3K4me3-CCGTGAGACCAGTTCA,0
rna+H3K4me3-CCGTGAGACCGAAGTA,3
rna+H3K4me3-CCGTGAGACCGTGAGA,0
rna+H3K4me3-CCGTGAGACCTCCTGA,0
rna+H3K4me3-CCGTGAGAAGTGGTCA,12
rna+H3K4me3-CCGTGAGACGAACTTA,11
rna+H3K4me3-CCGTGAGACGACTGGA,3
rna+H3K4me3-CCGTGAGACGCATACA,2
rna+H3K4me3-CCGTGAGACTCAATGA,0
rna+H3K4me3-CCGTGAGACTGAGCCA,0
rna+H3K4me3-CCGTGAGACTGGCATA,10
rna+H3K4me3-CCGTGAGAGAATCTGA,11
rna+H3K4me3-CCGTGAGACAAGACTA,12
rna+H3K4me3-CCGTGAGAGAGCTGAA,11
rna+H3K4me3-CCGTGAGAGATAGACA,0
rna+H3K4me3-CCGTGAGAACCACTGT,5
rna+H3K4me3-CCGTGAGAGCCACATA,11
rna+H3K4me3-CCGTGAGAGCGAGTAA,0
rna+H3K4me3-CCGTGAGAGCTAACGA,0
rna+H3K4me3-CCGTGAGAGCTCGGTA,0
rna+H3K4me3-CCGTGAGAGGAGAACA,0
rna+H3K4me3-CCGTGAGAGGTGCGAA,0
rna+H3K4me3-CCGTGAGAGTACGCAA,11
rna+H3K4me3-CCGTGAGAGTCGTAGA,3
rna+H3K4me3-CCGTGAGAGTCTGTCA,0
rna+H3K4me3-CCGTGAGAGTGTTCTA,0
rna+H3K4me3-CCGTGAGAACATTGGC,12
rna+H3K4me3-CCGTGAGATAGGATGA,0
rna+H3K4me3-CCGTGAGATATCAGCA,5
rna+H3K4me3-CCGTGAGATCCGTCTA,8
rna+H3K4me3-CCGTGAGATCTTCACA,3
rna+H3K4me3-CCGTGAGATGAAGAGA,0
rna+H3K4me3-CCGTGAGATGGAACAA,0
rna+H3K4me3-CCGTGAGATGGCTTCA,3
rna+H3K4me3-CCGTGAGATGGTGGTA,3
rna+H3K4me3-CCGTGAGATTCACGCA,11
rna+H3K4me3-CCGTGAGAAACTCACC,13
rna+H3K4me3-CCGTGAGACAGATCTG,5
rna+H3K4me3-CCGTGAGAAAGAGATC,13
rna+H3K4me3-CCGTGAGAAAGGACAC,13
rna+H3K4me3-CCGTGAGAAATCCGTC,13
rna+H3K4me3-CCGTGAGAAATGTTGC,13
rna+H3K4me3-CCGTGAGAACACGACC,7
rna+H3K4me3-CCGTGAGAACAGATTC,7
rna+H3K4me3-CCGTGAGAAGATGTAC,7
rna+H3K4me3-CCGTGAGAAGCACCTC,7
rna+H3K4me3-CCGTGAGAAGCCATGC,7
rna+H3K4me3-CCGTGAGAAGGCTAAC,7
rna+H3K4me3-CCGTGAGACATCAAGT,6
rna+H3K4me3-CCGTGAGAATAGCGAC,1
rna+H3K4me3-CCGTGAGAATCATTCC,10
rna+H3K4me3-CCGTGAGAATTGGCTC,7
rna+H3K4me3-CCGTGAGACAAGGAGC,4
rna+H3K4me3-CCGTGAGACACCTTAC,7
rna+H3K4me3-CCGTGAGACCATCCTC,10
rna+H3K4me3-CCGTGAGACCGACAAC,5
rna+H3K4me3-CCGTGAGACCTAATCC,5
rna+H3K4me3-CCGTGAGACCTCTATC,7
rna+H3K4me3-CCGTGAGACGACACAC,8
rna+H3K4me3-CCGTGAGACGCTGATC,6
rna+H3K4me3-CCGTGAGACGGATTGC,7
rna+H3K4me3-CCGTGAGACTAAGGTC,2
rna+H3K4me3-CCGTGAGAGAACAGGC,5
rna+H3K4me3-CCGTGAGAGACAGTGC,14
rna+H3K4me3-CCGTGAGAGAGTTAGC,4
rna+H3K4me3-CCGTGAGAGATGAATC,7
rna+H3K4me3-CCGTGAGAGCCAAGAC,2
rna+H3K4me3-CCGTGAGACGGAAGAA,7
rna+H3K4me3-CCGTGAGAGTGACAAG,7
rna+H3K4me3-CCGTGAGAGAACCAGA,7
rna+H3K4me3-CCGAAGTAAACGTGAT,6
rna+H3K4me3-CCGAAGTAACAAGCTA,6
rna+H3K4me3-CCGAAGTATTGCTGGA,7
rna+H3K4me3-CCGAAGTACTGTAGCC,5
rna+H3K4me3-CCGAAGTAAGTACAAG,6
rna+H3K4me3-CCGAAGTAAACAACCA,5
rna+H3K4me3-CCGAAGTAAACCGAGA,6
rna+H3K4me3-CCGAAGTAAACGCTTA,6
rna+H3K4me3-CCGAAGTAAAGACGGA,10
rna+H3K4me3-CCGAAGTAAAGGTACA,12
rna+H3K4me3-CCGAAGTAACACAGAA,8
rna+H3K4me3-CCGAAGTAACAGCAGA,2
rna+H3K4me3-CCGAAGTAAAACATCG,6
rna+H3K4me3-CCGAAGTAACCTCCAA,6
rna+H3K4me3-CCGAAGTAACGCTCGA,6
rna+H3K4me3-CCGAAGTAACGTATCA,6
rna+H3K4me3-CCGAAGTAACTATGCA,1
rna+H3K4me3-CCGAAGTAAGAGTCAA,6
rna+H3K4me3-CCGAAGTAAGATCGCA,6
rna+H3K4me3-CCGAAGTAAGCAGGAA,4
rna+H3K4me3-CCGAAGTAAGTCACTA,4
rna+H3K4me3-CCGAAGTAATCCTGTA,6
rna+H3K4me3-CCGAAGTAATTGAGGA,6
rna+H3K4me3-CCGAAGTAATGCCTAA,6
rna+H3K4me3-CCGAAGTACAACCACA,1
rna+H3K4me3-CCGAAGTAGACTAGTA,4
rna+H3K4me3-CCGAAGTACAATGGAA,12
rna+H3K4me3-CCGAAGTACACTTCGA,0
rna+H3K4me3-CCGAAGTACAGCGTTA,0
rna+H3K4me3-CCGAAGTACATACCAA,0
rna+H3K4me3-CCGAAGTACCAGTTCA,3
rna+H3K4me3-CCGAAGTACCGAAGTA,5
rna+H3K4me3-CCGAAGTACCGTGAGA,5
rna+H3K4me3-CCGAAGTACCTCCTGA,0
rna+H3K4me3-CCGAAGTAAGTGGTCA,9
rna+H3K4me3-CCGAAGTACGAACTTA,3
rna+H3K4me3-CCGAAGTACGACTGGA,5
rna+H3K4me3-CCGAAGTACGCATACA,0
rna+H3K4me3-CCGAAGTACTCAATGA,0
rna+H3K4me3-CCGAAGTACTGAGCCA,9
rna+H3K4me3-CCGAAGTACTGGCATA,0
rna+H3K4me3-CCGAAGTAGAATCTGA,3
rna+H3K4me3-CCGAAGTACAAGACTA,8
rna+H3K4me3-CCGAAGTAGAGCTGAA,0
rna+H3K4me3-CCGAAGTAGATAGACA,4
rna+H3K4me3-CCGAAGTAACCACTGT,6
rna+H3K4me3-CCGAAGTAGCCACATA,0
rna+H3K4me3-CCGAAGTAGCGAGTAA,0
rna+H3K4me3-CCGAAGTAGCTAACGA,0
rna+H3K4me3-CCGAAGTAGCTCGGTA,3
rna+H3K4me3-CCGAAGTAGGAGAACA,0
rna+H3K4me3-CCGAAGTAGGTGCGAA,8
rna+H3K4me3-CCGAAGTAGTACGCAA,0
rna+H3K4me3-CCGAAGTAGTCGTAGA,0
rna+H3K4me3-CCGAAGTAGTCTGTCA,0
rna+H3K4me3-CCGAAGTAGTGTTCTA,2
rna+H3K4me3-CCGAAGTAACATTGGC,6
rna+H3K4me3-CCGAAGTATAGGATGA,8
rna+H3K4me3-CCGAAGTATATCAGCA,11
rna+H3K4me3-CCGAAGTATCCGTCTA,11
rna+H3K4me3-CCGAAGTATCTTCACA,11
rna+H3K4me3-CCGAAGTATGAAGAGA,8
rna+H3K4me3-CCGAAGTATGGAACAA,10
rna+H3K4me3-CCGAAGTATGGCTTCA,0
rna+H3K4me3-CCGAAGTATGGTGGTA,3
rna+H3K4me3-CCGAAGTATTCACGCA,3
rna+H3K4me3-CCGAAGTAAACTCACC,10
rna+H3K4me3-CCGAAGTACAGATCTG,6
rna+H3K4me3-CCGAAGTAAAGAGATC,13
rna+H3K4me3-CCGAAGTAAAGGACAC,3
rna+H3K4me3-CCGAAGTAAATCCGTC,3
rna+H3K4me3-CCGAAGTAAATGTTGC,3
rna+H3K4me3-CCGAAGTAACACGACC,13
rna+H3K4me3-CCGAAGTAACAGATTC,7
rna+H3K4me3-CCGAAGTAAGATGTAC,7
rna+H3K4me3-CCGAAGTAAGCACCTC,7
rna+H3K4me3-CCGAAGTAAGCCATGC,7
rna+H3K4me3-CCGAAGTAAGGCTAAC,7
rna+H3K4me3-CCGAAGTACATCAAGT,6
rna+H3K4me3-CCGAAGTAATAGCGAC,7
rna+H3K4me3-CCGAAGTAATCATTCC,2
rna+H3K4me3-CCGAAGTAATTGGCTC,11
rna+H3K4me3-CCGAAGTACAAGGAGC,5
rna+H3K4me3-CCGAAGTACACCTTAC,4
rna+H3K4me3-CCGAAGTACCATCCTC,4
rna+H3K4me3-CCGAAGTACCGACAAC,7
rna+H3K4me3-CCGAAGTACCTAATCC,10
rna+H3K4me3-CCGAAGTACCTCTATC,7
rna+H3K4me3-CCGAAGTACGACACAC,7
rna+H3K4me3-CCGAAGTACGCTGATC,6
rna+H3K4me3-CCGAAGTACGGATTGC,5
rna+H3K4me3-CCGAAGTACTAAGGTC,10
rna+H3K4me3-CCGAAGTAGAACAGGC,10
rna+H3K4me3-CCGAAGTAGACAGTGC,14
rna+H3K4me3-CCGAAGTAGAGTTAGC,5
rna+H3K4me3-CCGAAGTAGATGAATC,5
rna+H3K4me3-CCGAAGTAGCCAAGAC,8
rna+H3K4me3-CCGAAGTACGGAAGAA,5
rna+H3K4me3-CCGAAGTAGTGACAAG,8
rna+H3K4me3-CCGAAGTAGAACCAGA,4
rna+H3K4me3-CCAGTTCAAACGTGAT,11
rna+H3K4me3-CCAGTTCAACAAGCTA,6
rna+H3K4me3-CCAGTTCATTGCTGGA,2
rna+H3K4me3-CCAGTTCACTGTAGCC,6
rna+H3K4me3-CCAGTTCAAGTACAAG,2
rna+H3K4me3-CCAGTTCAAACAACCA,5
rna+H3K4me3-CCAGTTCAAACCGAGA,6
rna+H3K4me3-CCAGTTCAAACGCTTA,6
rna+H3K4me3-CCAGTTCAAAGACGGA,6
rna+H3K4me3-CCAGTTCAAAGGTACA,6
rna+H3K4me3-CCAGTTCAACACAGAA,8
rna+H3K4me3-CCAGTTCAACAGCAGA,5
rna+H3K4me3-CCAGTTCAAAACATCG,2
rna+H3K4me3-CCAGTTCAACCTCCAA,8
rna+H3K4me3-CCAGTTCAACGCTCGA,6
rna+H3K4me3-CCAGTTCAACGTATCA,6
rna+H3K4me3-CCAGTTCAACTATGCA,1
rna+H3K4me3-CCAGTTCAAGAGTCAA,6
rna+H3K4me3-CCAGTTCAAGATCGCA,12
rna+H3K4me3-CCAGTTCAAGCAGGAA,6
rna+H3K4me3-CCAGTTCAAGTCACTA,9
rna+H3K4me3-CCAGTTCAATCCTGTA,6
rna+H3K4me3-CCAGTTCAATTGAGGA,1
rna+H3K4me3-CCAGTTCAATGCCTAA,6
rna+H3K4me3-CCAGTTCACAACCACA,6
rna+H3K4me3-CCAGTTCAGACTAGTA,4
rna+H3K4me3-CCAGTTCACAATGGAA,2
rna+H3K4me3-CCAGTTCACACTTCGA,0
rna+H3K4me3-CCAGTTCACAGCGTTA,11
rna+H3K4me3-CCAGTTCACATACCAA,0
rna+H3K4me3-CCAGTTCACCAGTTCA,0
rna+H3K4me3-CCAGTTCACCGAAGTA,0
rna+H3K4me3-CCAGTTCACCGTGAGA,7
rna+H3K4me3-CCAGTTCACCTCCTGA,11
rna+H3K4me3-CCAGTTCAAGTGGTCA,1
rna+H3K4me3-CCAGTTCACGAACTTA,0
rna+H3K4me3-CCAGTTCACGACTGGA,3
rna+H3K4me3-CCAGTTCACGCATACA,0
rna+H3K4me3-CCAGTTCACTCAATGA,3
rna+H3K4me3-CCAGTTCACTGAGCCA,3
rna+H3K4me3-CCAGTTCACTGGCATA,8
rna+H3K4me3-CCAGTTCAGAATCTGA,0
rna+H3K4me3-CCAGTTCACAAGACTA,0
rna+H3K4me3-CCAGTTCAGAGCTGAA,0
rna+H3K4me3-CCAGTTCAGATAGACA,9
rna+H3K4me3-CCAGTTCAACCACTGT,6
rna+H3K4me3-CCAGTTCAGCCACATA,0
rna+H3K4me3-CCAGTTCAGCGAGTAA,0
rna+H3K4me3-CCAGTTCAGCTAACGA,5
rna+H3K4me3-CCAGTTCAGCTCGGTA,0
rna+H3K4me3-CCAGTTCAGGAGAACA,4
rna+H3K4me3-CCAGTTCAGGTGCGAA,0
rna+H3K4me3-CCAGTTCAGTACGCAA,11
rna+H3K4me3-CCAGTTCAGTCGTAGA,2
rna+H3K4me3-CCAGTTCAGTCTGTCA,0
rna+H3K4me3-CCAGTTCAGTGTTCTA,2
rna+H3K4me3-CCAGTTCAACATTGGC,6
rna+H3K4me3-CCAGTTCATAGGATGA,2
rna+H3K4me3-CCAGTTCATATCAGCA,8
rna+H3K4me3-CCAGTTCATCCGTCTA,0
rna+H3K4me3-CCAGTTCATCTTCACA,2
rna+H3K4me3-CCAGTTCATGAAGAGA,11
rna+H3K4me3-CCAGTTCATGGAACAA,2
rna+H3K4me3-CCAGTTCATGGCTTCA,5
rna+H3K4me3-CCAGTTCATGGTGGTA,3
rna+H3K4me3-CCAGTTCATTCACGCA,3
rna+H3K4me3-CCAGTTCAAACTCACC,3
rna+H3K4me3-CCAGTTCACAGATCTG,6
rna+H3K4me3-CCAGTTCAAAGAGATC,13
rna+H3K4me3-CCAGTTCAAAGGACAC,3
rna+H3K4me3-CCAGTTCAAATCCGTC,7
rna+H3K4me3-CCAGTTCAAATGTTGC,11
rna+H3K4me3-CCAGTTCAACACGACC,8
rna+H3K4me3-CCAGTTCAACAGATTC,13
rna+H3K4me3-CCAGTTCAAGATGTAC,7
rna+H3K4me3-CCAGTTCAAGCACCTC,10
rna+H3K4me3-CCAGTTCAAGCCATGC,4
rna+H3K4me3-CCAGTTCAAGGCTAAC,6
rna+H3K4me3-CCAGTTCACATCAAGT,2
rna+H3K4me3-CCAGTTCAATAGCGAC,5
rna+H3K4me3-CCAGTTCAATCATTCC,10
rna+H3K4me3-CCAGTTCAATTGGCTC,2
rna+H3K4me3-CCAGTTCACAAGGAGC,4
rna+H3K4me3-CCAGTTCACACCTTAC,2
rna+H3K4me3-CCAGTTCACCATCCTC,7
rna+H3K4me3-CCAGTTCACCGACAAC,7
rna+H3K4me3-CCAGTTCACCTAATCC,9
rna+H3K4me3-CCAGTTCACCTCTATC,10
rna+H3K4me3-CCAGTTCACGACACAC,7
rna+H3K4me3-CCAGTTCACGCTGATC,6
rna+H3K4me3-CCAGTTCACGGATTGC,5
rna+H3K4me3-CCAGTTCACTAAGGTC,2
rna+H3K4me3-CCAGTTCAGAACAGGC,14
rna+H3K4me3-CCAGTTCAGACAGTGC,14
rna+H3K4me3-CCAGTTCAGAGTTAGC,10
rna+H3K4me3-CCAGTTCAGATGAATC,12
rna+H3K4me3-CCAGTTCAGCCAAGAC,7
rna+H3K4me3-CCAGTTCACGGAAGAA,7
rna+H3K4me3-CCAGTTCAGTGACAAG,7
rna+H3K4me3-CCAGTTCAGAACCAGA,5
rna+H3K4me3-CATACCAAAACGTGAT,8
rna+H3K4me3-CATACCAAACAAGCTA,6
rna+H3K4me3-CATACCAATTGCTGGA,7
rna+H3K4me3-CATACCAACTGTAGCC,6
rna+H3K4me3-CATACCAAAGTACAAG,6
rna+H3K4me3-CATACCAAAACAACCA,6
rna+H3K4me3-CATACCAAAACCGAGA,1
rna+H3K4me3-CATACCAAAACGCTTA,2
rna+H3K4me3-CATACCAAAAGACGGA,6
rna+H3K4me3-CATACCAAAAGGTACA,6
rna+H3K4me3-CATACCAAACACAGAA,2
rna+H3K4me3-CATACCAAACAGCAGA,6
rna+H3K4me3-CATACCAAAAACATCG,10
rna+H3K4me3-CATACCAAACCTCCAA,6
rna+H3K4me3-CATACCAAACGCTCGA,8
rna+H3K4me3-CATACCAAACGTATCA,5
rna+H3K4me3-CATACCAAACTATGCA,1
rna+H3K4me3-CATACCAAAGAGTCAA,6
rna+H3K4me3-CATACCAAAGATCGCA,12
rna+H3K4me3-CATACCAAAGCAGGAA,8
rna+H3K4me3-CATACCAAAGTCACTA,8
rna+H3K4me3-CATACCAAATCCTGTA,6
rna+H3K4me3-CATACCAAATTGAGGA,5
rna+H3K4me3-CATACCAAATGCCTAA,12
rna+H3K4me3-CATACCAACAACCACA,1
rna+H3K4me3-CATACCAAGACTAGTA,8
rna+H3K4me3-CATACCAACAATGGAA,4
rna+H3K4me3-CATACCAACACTTCGA,11
rna+H3K4me3-CATACCAACAGCGTTA,0
rna+H3K4me3-CATACCAACATACCAA,2
rna+H3K4me3-CATACCAACCAGTTCA,0
rna+H3K4me3-CATACCAACCGAAGTA,0
rna+H3K4me3-CATACCAACCGTGAGA,0
rna+H3K4me3-CATACCAACCTCCTGA,0
rna+H3K4me3-CATACCAAAGTGGTCA,6
rna+H3K4me3-CATACCAACGAACTTA,5
rna+H3K4me3-CATACCAACGACTGGA,4
rna+H3K4me3-CATACCAACGCATACA,0
rna+H3K4me3-CATACCAACTCAATGA,8
rna+H3K4me3-CATACCAACTGAGCCA,0
rna+H3K4me3-CATACCAACTGGCATA,0
rna+H3K4me3-CATACCAAGAATCTGA,0
rna+H3K4me3-CATACCAACAAGACTA,2
rna+H3K4me3-CATACCAAGAGCTGAA,14
rna+H3K4me3-CATACCAAGATAGACA,11
rna+H3K4me3-CATACCAAACCACTGT,10
rna+H3K4me3-CATACCAAGCCACATA,3
rna+H3K4me3-CATACCAAGCGAGTAA,0
rna+H3K4me3-CATACCAAGCTAACGA,0
rna+H3K4me3-CATACCAAGCTCGGTA,2
rna+H3K4me3-CATACCAAGGAGAACA,0
rna+H3K4me3-CATACCAAGGTGCGAA,0
rna+H3K4me3-CATACCAAGTACGCAA,3
rna+H3K4me3-CATACCAAGTCGTAGA,2
rna+H3K4me3-CATACCAAGTCTGTCA,0
rna+H3K4me3-CATACCAAGTGTTCTA,2
rna+H3K4me3-CATACCAAACATTGGC,6
rna+H3K4me3-CATACCAATAGGATGA,3
rna+H3K4me3-CATACCAATATCAGCA,0
rna+H3K4me3-CATACCAATCCGTCTA,3
rna+H3K4me3-CATACCAATCTTCACA,3
rna+H3K4me3-CATACCAATGAAGAGA,3
rna+H3K4me3-CATACCAATGGAACAA,3
rna+H3K4me3-CATACCAATGGCTTCA,3
rna+H3K4me3-CATACCAATGGTGGTA,3
rna+H3K4me3-CATACCAATTCACGCA,3
rna+H3K4me3-CATACCAAAACTCACC,13
rna+H3K4me3-CATACCAACAGATCTG,6
rna+H3K4me3-CATACCAAAAGAGATC,11
rna+H3K4me3-CATACCAAAAGGACAC,3
rna+H3K4me3-CATACCAAAATCCGTC,3
rna+H3K4me3-CATACCAAAATGTTGC,5
rna+H3K4me3-CATACCAAACACGACC,3
rna+H3K4me3-CATACCAAACAGATTC,3
rna+H3K4me3-CATACCAAAGATGTAC,7
rna+H3K4me3-CATACCAAAGCACCTC,7
rna+H3K4me3-CATACCAAAGCCATGC,5
rna+H3K4me3-CATACCAAAGGCTAAC,7
rna+H3K4me3-CATACCAACATCAAGT,10
rna+H3K4me3-CATACCAAATAGCGAC,8
rna+H3K4me3-CATACCAAATCATTCC,7
rna+H3K4me3-CATACCAAATTGGCTC,5
rna+H3K4me3-CATACCAACAAGGAGC,7
rna+H3K4me3-CATACCAACACCTTAC,2
rna+H3K4me3-CATACCAACCATCCTC,7
rna+H3K4me3-CATACCAACCGACAAC,8
rna+H3K4me3-CATACCAACCTAATCC,3
rna+H3K4me3-CATACCAACCTCTATC,7
rna+H3K4me3-CATACCAACGACACAC,10
rna+H3K4me3-CATACCAACGCTGATC,2
rna+H3K4me3-CATACCAACGGATTGC,8
rna+H3K4me3-CATACCAACTAAGGTC,5
rna+H3K4me3-CATACCAAGAACAGGC,5
rna+H3K4me3-CATACCAAGACAGTGC,14
rna+H3K4me3-CATACCAAGAGTTAGC,5
rna+H3K4me3-CATACCAAGATGAATC,4
rna+H3K4me3-CATACCAAGCCAAGAC,7
rna+H3K4me3-CATACCAACGGAAGAA,7
rna+H3K4me3-CATACCAAGTGACAAG,10
rna+H3K4me3-CATACCAAGAACCAGA,8
rna+H3K4me3-CAGCGTTAAACGTGAT,2
rna+H3K4me3-CAGCGTTAACAAGCTA,6
rna+H3K4me3-CAGCGTTATTGCTGGA,12
rna+H3K4me3-CAGCGTTACTGTAGCC,2
rna+H3K4me3-CAGCGTTAAGTACAAG,6
rna+H3K4me3-CAGCGTTAAACAACCA,6
rna+H3K4me3-CAGCGTTAAACCGAGA,2
rna+H3K4me3-CAGCGTTAAACGCTTA,5
rna+H3K4me3-CAGCGTTAAAGACGGA,6
rna+H3K4me3-CAGCGTTAAAGGTACA,4
rna+H3K4me3-CAGCGTTAACACAGAA,8
rna+H3K4me3-CAGCGTTAACAGCAGA,6
rna+H3K4me3-CAGCGTTAAAACATCG,2
rna+H3K4me3-CAGCGTTAACCTCCAA,12
rna+H3K4me3-CAGCGTTAACGCTCGA,2
rna+H3K4me3-CAGCGTTAACGTATCA,1
rna+H3K4me3-CAGCGTTAACTATGCA,6
rna+H3K4me3-CAGCGTTAAGAGTCAA,6
rna+H3K4me3-CAGCGTTAAGATCGCA,6
rna+H3K4me3-CAGCGTTAAGCAGGAA,8
rna+H3K4me3-CAGCGTTAAGTCACTA,7
rna+H3K4me3-CAGCGTTAATCCTGTA,8
rna+H3K4me3-CAGCGTTAATTGAGGA,1
rna+H3K4me3-CAGCGTTAATGCCTAA,6
rna+H3K4me3-CAGCGTTACAACCACA,1
rna+H3K4me3-CAGCGTTAGACTAGTA,5
rna+H3K4me3-CAGCGTTACAATGGAA,4
rna+H3K4me3-CAGCGTTACACTTCGA,12
rna+H3K4me3-CAGCGTTACAGCGTTA,3
rna+H3K4me3-CAGCGTTACATACCAA,2
rna+H3K4me3-CAGCGTTACCAGTTCA,0
rna+H3K4me3-CAGCGTTACCGAAGTA,0
rna+H3K4me3-CAGCGTTACCGTGAGA,5
rna+H3K4me3-CAGCGTTACCTCCTGA,0
rna+H3K4me3-CAGCGTTAAGTGGTCA,6
rna+H3K4me3-CAGCGTTACGAACTTA,8
rna+H3K4me3-CAGCGTTACGACTGGA,0
rna+H3K4me3-CAGCGTTACGCATACA,0
rna+H3K4me3-CAGCGTTACTCAATGA,2
rna+H3K4me3-CAGCGTTACTGAGCCA,12
rna+H3K4me3-CAGCGTTACTGGCATA,0
rna+H3K4me3-CAGCGTTAGAATCTGA,10
rna+H3K4me3-CAGCGTTACAAGACTA,3
rna+H3K4me3-CAGCGTTAGAGCTGAA,11
rna+H3K4me3-CAGCGTTAGATAGACA,2
rna+H3K4me3-CAGCGTTAACCACTGT,1
rna+H3K4me3-CAGCGTTAGCCACATA,0
rna+H3K4me3-CAGCGTTAGCGAGTAA,3
rna+H3K4me3-CAGCGTTAGCTAACGA,0
rna+H3K4me3-CAGCGTTAGCTCGGTA,5
rna+H3K4me3-CAGCGTTAGGAGAACA,12
rna+H3K4me3-CAGCGTTAGGTGCGAA,2
rna+H3K4me3-CAGCGTTAGTACGCAA,3
rna+H3K4me3-CAGCGTTAGTCGTAGA,2
rna+H3K4me3-CAGCGTTAGTCTGTCA,0
rna+H3K4me3-CAGCGTTAGTGTTCTA,0
rna+H3K4me3-CAGCGTTAACATTGGC,6
rna+H3K4me3-CAGCGTTATAGGATGA,0
rna+H3K4me3-CAGCGTTATATCAGCA,0
rna+H3K4me3-CAGCGTTATCCGTCTA,3
rna+H3K4me3-CAGCGTTATCTTCACA,3
rna+H3K4me3-CAGCGTTATGAAGAGA,11
rna+H3K4me3-CAGCGTTATGGAACAA,0
rna+H3K4me3-CAGCGTTATGGCTTCA,13
rna+H3K4me3-CAGCGTTATGGTGGTA,3
rna+H3K4me3-CAGCGTTATTCACGCA,3
rna+H3K4me3-CAGCGTTAAACTCACC,5
rna+H3K4me3-CAGCGTTACAGATCTG,2
rna+H3K4me3-CAGCGTTAAAGAGATC,3
rna+H3K4me3-CAGCGTTAAAGGACAC,3
rna+H3K4me3-CAGCGTTAAATCCGTC,3
rna+H3K4me3-CAGCGTTAAATGTTGC,12
rna+H3K4me3-CAGCGTTAACACGACC,3
rna+H3K4me3-CAGCGTTAACAGATTC,4
rna+H3K4me3-CAGCGTTAAGATGTAC,5
rna+H3K4me3-CAGCGTTAAGCACCTC,5
rna+H3K4me3-CAGCGTTAAGCCATGC,8
rna+H3K4me3-CAGCGTTAAGGCTAAC,5
rna+H3K4me3-CAGCGTTACATCAAGT,5
rna+H3K4me3-CAGCGTTAATAGCGAC,4
rna+H3K4me3-CAGCGTTAATCATTCC,10
rna+H3K4me3-CAGCGTTAATTGGCTC,3
rna+H3K4me3-CAGCGTTACAAGGAGC,0
rna+H3K4me3-CAGCGTTACACCTTAC,7
rna+H3K4me3-CAGCGTTACCATCCTC,5
rna+H3K4me3-CAGCGTTACCGACAAC,10
rna+H3K4me3-CAGCGTTACCTAATCC,2
rna+H3K4me3-CAGCGTTACCTCTATC,3
rna+H3K4me3-CAGCGTTACGACACAC,5
rna+H3K4me3-CAGCGTTACGCTGATC,2
rna+H3K4me3-CAGCGTTACGGATTGC,7
rna+H3K4me3-CAGCGTTACTAAGGTC,5
rna+H3K4me3-CAGCGTTAGAACAGGC,5
rna+H3K4me3-CAGCGTTAGACAGTGC,14
rna+H3K4me3-CAGCGTTAGAGTTAGC,5
rna+H3K4me3-CAGCGTTAGATGAATC,5
rna+H3K4me3-CAGCGTTAGCCAAGAC,7
rna+H3K4me3-CAGCGTTACGGAAGAA,7
rna+H3K4me3-CAGCGTTAGTGACAAG,7
rna+H3K4me3-CAGCGTTAGAACCAGA,5
rna+H3K4me3-CACTTCGAAACGTGAT,12
rna+H3K4me3-CACTTCGAACAAGCTA,9
rna+H3K4me3-CACTTCGATTGCTGGA,7
rna+H3K4me3-CACTTCGACTGTAGCC,12
rna+H3K4me3-CACTTCGAAGTACAAG,6
rna+H3K4me3-CACTTCGAAACAACCA,12
rna+H3K4me3-CACTTCGAAACCGAGA,6
rna+H3K4me3-CACTTCGAAACGCTTA,2
rna+H3K4me3-CACTTCGAAAGACGGA,8
rna+H3K4me3-CACTTCGAAAGGTACA,6
rna+H3K4me3-CACTTCGAACACAGAA,6
rna+H3K4me3-CACTTCGAACAGCAGA,6
rna+H3K4me3-CACTTCGAAAACATCG,5
rna+H3K4me3-CACTTCGAACCTCCAA,12
rna+H3K4me3-CACTTCGAACGCTCGA,1
rna+H3K4me3-CACTTCGAACGTATCA,6
rna+H3K4me3-CACTTCGAACTATGCA,6
rna+H3K4me3-CACTTCGAAGAGTCAA,6
rna+H3K4me3-CACTTCGAAGATCGCA,6
rna+H3K4me3-CACTTCGAAGCAGGAA,2
rna+H3K4me3-CACTTCGAAGTCACTA,2
rna+H3K4me3-CACTTCGAATCCTGTA,8
rna+H3K4me3-CACTTCGAATTGAGGA,8
rna+H3K4me3-CACTTCGAATGCCTAA,12
rna+H3K4me3-CACTTCGACAACCACA,14
rna+H3K4me3-CACTTCGAGACTAGTA,6
rna+H3K4me3-CACTTCGACAATGGAA,1
rna+H3K4me3-CACTTCGACACTTCGA,6
rna+H3K4me3-CACTTCGACAGCGTTA,12
rna+H3K4me3-CACTTCGACATACCAA,3
rna+H3K4me3-CACTTCGACCAGTTCA,0
rna+H3K4me3-CACTTCGACCGAAGTA,11
rna+H3K4me3-CACTTCGACCGTGAGA,3
rna+H3K4me3-CACTTCGACCTCCTGA,0
rna+H3K4me3-CACTTCGAAGTGGTCA,8
rna+H3K4me3-CACTTCGACGAACTTA,0
rna+H3K4me3-CACTTCGACGACTGGA,4
rna+H3K4me3-CACTTCGACGCATACA,10
rna+H3K4me3-CACTTCGACTCAATGA,11
rna+H3K4me3-CACTTCGACTGAGCCA,0
rna+H3K4me3-CACTTCGACTGGCATA,4
rna+H3K4me3-CACTTCGAGAATCTGA,3
rna+H3K4me3-CACTTCGACAAGACTA,3
rna+H3K4me3-CACTTCGAGAGCTGAA,3
rna+H3K4me3-CACTTCGAGATAGACA,5
rna+H3K4me3-CACTTCGAACCACTGT,5
rna+H3K4me3-CACTTCGAGCCACATA,0
rna+H3K4me3-CACTTCGAGCGAGTAA,2
rna+H3K4me3-CACTTCGAGCTAACGA,2
rna+H3K4me3-CACTTCGAGCTCGGTA,8
rna+H3K4me3-CACTTCGAGGAGAACA,3
rna+H3K4me3-CACTTCGAGGTGCGAA,8
rna+H3K4me3-CACTTCGAGTACGCAA,0
rna+H3K4me3-CACTTCGAGTCGTAGA,0
rna+H3K4me3-CACTTCGAGTCTGTCA,3
rna+H3K4me3-CACTTCGAGTGTTCTA,0
rna+H3K4me3-CACTTCGAACATTGGC,6
rna+H3K4me3-CACTTCGATAGGATGA,0
rna+H3K4me3-CACTTCGATATCAGCA,3
rna+H3K4me3-CACTTCGATCCGTCTA,0
rna+H3K4me3-CACTTCGATCTTCACA,0
rna+H3K4me3-CACTTCGATGAAGAGA,3
rna+H3K4me3-CACTTCGATGGAACAA,0
rna+H3K4me3-CACTTCGATGGCTTCA,3
rna+H3K4me3-CACTTCGATGGTGGTA,3
rna+H3K4me3-CACTTCGATTCACGCA,3
rna+H3K4me3-CACTTCGAAACTCACC,3
rna+H3K4me3-CACTTCGACAGATCTG,6
rna+H3K4me3-CACTTCGAAAGAGATC,3
rna+H3K4me3-CACTTCGAAAGGACAC,3
rna+H3K4me3-CACTTCGAAATCCGTC,3
rna+H3K4me3-CACTTCGAAATGTTGC,3
rna+H3K4me3-CACTTCGAACACGACC,3
rna+H3K4me3-CACTTCGAACAGATTC,3
rna+H3K4me3-CACTTCGAAGATGTAC,13
rna+H3K4me3-CACTTCGAAGCACCTC,7
rna+H3K4me3-CACTTCGAAGCCATGC,7
rna+H3K4me3-CACTTCGAAGGCTAAC,11
rna+H3K4me3-CACTTCGACATCAAGT,8
rna+H3K4me3-CACTTCGAATAGCGAC,10
rna+H3K4me3-CACTTCGAATCATTCC,7
rna+H3K4me3-CACTTCGAATTGGCTC,14
rna+H3K4me3-CACTTCGACAAGGAGC,7
rna+H3K4me3-CACTTCGACACCTTAC,5
rna+H3K4me3-CACTTCGACCATCCTC,7
rna+H3K4me3-CACTTCGACCGACAAC,7
rna+H3K4me3-CACTTCGACCTAATCC,2
rna+H3K4me3-CACTTCGACCTCTATC,5
rna+H3K4me3-CACTTCGACGACACAC,8
rna+H3K4me3-CACTTCGACGCTGATC,10
rna+H3K4me3-CACTTCGACGGATTGC,7
rna+H3K4me3-CACTTCGACTAAGGTC,10
rna+H3K4me3-CACTTCGAGAACAGGC,2
rna+H3K4me3-CACTTCGAGACAGTGC,14
rna+H3K4me3-CACTTCGAGAGTTAGC,2
rna+H3K4me3-CACTTCGAGATGAATC,7
rna+H3K4me3-CACTTCGAGCCAAGAC,7
rna+H3K4me3-CACTTCGACGGAAGAA,5
rna+H3K4me3-CACTTCGAGTGACAAG,7
rna+H3K4me3-CACTTCGAGAACCAGA,8
rna+H3K4me3-CAATGGAAAACGTGAT,5
rna+H3K4me3-CAATGGAAACAAGCTA,2
rna+H3K4me3-CAATGGAATTGCTGGA,12
rna+H3K4me3-CAATGGAACTGTAGCC,6
rna+H3K4me3-CAATGGAAAGTACAAG,5
rna+H3K4me3-CAATGGAAAACAACCA,6
rna+H3K4me3-CAATGGAAAACCGAGA,4
rna+H3K4me3-CAATGGAAAACGCTTA,5
rna+H3K4me3-CAATGGAAAAGACGGA,6
rna+H3K4me3-CAATGGAAAAGGTACA,5
rna+H3K4me3-CAATGGAAACACAGAA,14
rna+H3K4me3-CAATGGAAACAGCAGA,8
rna+H3K4me3-CAATGGAAAAACATCG,2
rna+H3K4me3-CAATGGAAACCTCCAA,6
rna+H3K4me3-CAATGGAAACGCTCGA,12
rna+H3K4me3-CAATGGAAACGTATCA,6
rna+H3K4me3-CAATGGAAACTATGCA,6
rna+H3K4me3-CAATGGAAAGAGTCAA,6
rna+H3K4me3-CAATGGAAAGATCGCA,6
rna+H3K4me3-CAATGGAAAGCAGGAA,6
rna+H3K4me3-CAATGGAAAGTCACTA,6
rna+H3K4me3-CAATGGAAATCCTGTA,6
rna+H3K4me3-CAATGGAAATTGAGGA,6
rna+H3K4me3-CAATGGAAATGCCTAA,10
rna+H3K4me3-CAATGGAACAACCACA,10
rna+H3K4me3-CAATGGAAGACTAGTA,1
rna+H3K4me3-CAATGGAACAATGGAA,8
rna+H3K4me3-CAATGGAACACTTCGA,7
rna+H3K4me3-CAATGGAACAGCGTTA,1
rna+H3K4me3-CAATGGAACATACCAA,11
rna+H3K4me3-CAATGGAACCAGTTCA,2
rna+H3K4me3-CAATGGAACCGAAGTA,0
rna+H3K4me3-CAATGGAACCGTGAGA,3
rna+H3K4me3-CAATGGAACCTCCTGA,0
rna+H3K4me3-CAATGGAAAGTGGTCA,12
rna+H3K4me3-CAATGGAACGAACTTA,3
rna+H3K4me3-CAATGGAACGACTGGA,0
rna+H3K4me3-CAATGGAACGCATACA,0
rna+H3K4me3-CAATGGAACTCAATGA,0
rna+H3K4me3-CAATGGAACTGAGCCA,10
rna+H3K4me3-CAATGGAACTGGCATA,7
rna+H3K4me3-CAATGGAAGAATCTGA,0
rna+H3K4me3-CAATGGAACAAGACTA,3
rna+H3K4me3-CAATGGAAGAGCTGAA,3
rna+H3K4me3-CAATGGAAGATAGACA,3
rna+H3K4me3-CAATGGAAACCACTGT,6
rna+H3K4me3-CAATGGAAGCCACATA,0
rna+H3K4me3-CAATGGAAGCGAGTAA,0
rna+H3K4me3-CAATGGAAGCTAACGA,1
rna+H3K4me3-CAATGGAAGCTCGGTA,0
rna+H3K4me3-CAATGGAAGGAGAACA,0
rna+H3K4me3-CAATGGAAGGTGCGAA,3
rna+H3K4me3-CAATGGAAGTACGCAA,8
rna+H3K4me3-CAATGGAAGTCGTAGA,3
rna+H3K4me3-CAATGGAAGTCTGTCA,3
rna+H3K4me3-CAATGGAAGTGTTCTA,0
rna+H3K4me3-CAATGGAAACATTGGC,6
rna+H3K4me3-CAATGGAATAGGATGA,0
rna+H3K4me3-CAATGGAATATCAGCA,3
rna+H3K4me3-CAATGGAATCCGTCTA,2
rna+H3K4me3-CAATGGAATCTTCACA,13
rna+H3K4me3-CAATGGAATGAAGAGA,3
rna+H3K4me3-CAATGGAATGGAACAA,3
rna+H3K4me3-CAATGGAATGGCTTCA,12
rna+H3K4me3-CAATGGAATGGTGGTA,3
rna+H3K4me3-CAATGGAATTCACGCA,13
rna+H3K4me3-CAATGGAAAACTCACC,3
rna+H3K4me3-CAATGGAACAGATCTG,2
rna+H3K4me3-CAATGGAAAAGAGATC,3
rna+H3K4me3-CAATGGAAAAGGACAC,3
rna+H3K4me3-CAATGGAAAATCCGTC,11
rna+H3K4me3-CAATGGAAAATGTTGC,3
rna+H3K4me3-CAATGGAAACACGACC,3
rna+H3K4me3-CAATGGAAACAGATTC,3
rna+H3K4me3-CAATGGAAAGATGTAC,7
rna+H3K4me3-CAATGGAAAGCACCTC,7
rna+H3K4me3-CAATGGAAAGCCATGC,7
rna+H3K4me3-CAATGGAAAGGCTAAC,5
rna+H3K4me3-CAATGGAACATCAAGT,6
rna+H3K4me3-CAATGGAAATAGCGAC,2
rna+H3K4me3-CAATGGAAATCATTCC,8
rna+H3K4me3-CAATGGAAATTGGCTC,4
rna+H3K4me3-CAATGGAACAAGGAGC,12
rna+H3K4me3-CAATGGAACACCTTAC,7
rna+H3K4me3-CAATGGAACCATCCTC,7
rna+H3K4me3-CAATGGAACCGACAAC,8
rna+H3K4me3-CAATGGAACCTAATCC,8
rna+H3K4me3-CAATGGAACCTCTATC,7
rna+H3K4me3-CAATGGAACGACACAC,8
rna+H3K4me3-CAATGGAACGCTGATC,6
rna+H3K4me3-CAATGGAACGGATTGC,5
rna+H3K4me3-CAATGGAACTAAGGTC,7
rna+H3K4me3-CAATGGAAGAACAGGC,5
rna+H3K4me3-CAATGGAAGACAGTGC,5
rna+H3K4me3-CAATGGAAGAGTTAGC,7
rna+H3K4me3-CAATGGAAGATGAATC,4
rna+H3K4me3-CAATGGAAGCCAAGAC,5
rna+H3K4me3-CAATGGAACGGAAGAA,4
rna+H3K4me3-CAATGGAAGTGACAAG,7
rna+H3K4me3-CAATGGAAGAACCAGA,5
rna+H3K4me3-GATGAATCAACGTGAT,1
rna+H3K4me3-GATGAATCACAAGCTA,9
rna+H3K4me3-GATGAATCTTGCTGGA,1
rna+H3K4me3-GATGAATCCTGTAGCC,2
rna+H3K4me3-GATGAATCAGTACAAG,6
rna+H3K4me3-GATGAATCAACAACCA,9
rna+H3K4me3-GATGAATCAACCGAGA,9
rna+H3K4me3-GATGAATCAACGCTTA,9
rna+H3K4me3-GATGAATCAAGACGGA,2
rna+H3K4me3-GATGAATCAAGGTACA,9
rna+H3K4me3-GATGAATCACACAGAA,9
rna+H3K4me3-GATGAATCACAGCAGA,9
rna+H3K4me3-GATGAATCAAACATCG,9
rna+H3K4me3-GATGAATCACCTCCAA,2
rna+H3K4me3-GATGAATCACGCTCGA,12
rna+H3K4me3-GATGAATCACGTATCA,9
rna+H3K4me3-GATGAATCACTATGCA,5
rna+H3K4me3-GATGAATCAGAGTCAA,4
rna+H3K4me3-GATGAATCAGATCGCA,4
rna+H3K4me3-GATGAATCAGCAGGAA,2
rna+H3K4me3-GATGAATCAGTCACTA,4
rna+H3K4me3-GATGAATCATCCTGTA,7
rna+H3K4me3-GATGAATCATTGAGGA,1
rna+H3K4me3-GATGAATCATGCCTAA,2
rna+H3K4me3-GATGAATCCAACCACA,1
rna+H3K4me3-GATGAATCGACTAGTA,1
rna+H3K4me3-GATGAATCCAATGGAA,1
rna+H3K4me3-GATGAATCCACTTCGA,9
rna+H3K4me3-GATGAATCCAGCGTTA,8
rna+H3K4me3-GATGAATCCATACCAA,9
rna+H3K4me3-GATGAATCCCAGTTCA,3
rna+H3K4me3-GATGAATCCCGAAGTA,2
rna+H3K4me3-GATGAATCCCGTGAGA,2
rna+H3K4me3-GATGAATCCCTCCTGA,1
rna+H3K4me3-GATGAATCAGTGGTCA,10
rna+H3K4me3-GATGAATCCGAACTTA,7
rna+H3K4me3-GATGAATCCGACTGGA,1
rna+H3K4me3-GATGAATCCGCATACA,1
rna+H3K4me3-GATGAATCCTCAATGA,9
rna+H3K4me3-GATGAATCCTGAGCCA,1
rna+H3K4me3-GATGAATCCTGGCATA,1
rna+H3K4me3-GATGAATCGAATCTGA,1
rna+H3K4me3-GATGAATCCAAGACTA,4
rna+H3K4me3-GATGAATCGAGCTGAA,7
rna+H3K4me3-GATGAATCGATAGACA,1
rna+H3K4me3-GATGAATCACCACTGT,1
rna+H3K4me3-GATGAATCGCCACATA,1
rna+H3K4me3-GATGAATCGCGAGTAA,4
rna+H3K4me3-GATGAATCGCTAACGA,1
rna+H3K4me3-GATGAATCGCTCGGTA,1
rna+H3K4me3-GATGAATCGGAGAACA,1
rna+H3K4me3-GATGAATCGGTGCGAA,4
rna+H3K4me3-GATGAATCGTACGCAA,2
rna+H3K4me3-GATGAATCGTCGTAGA,9
rna+H3K4me3-GATGAATCGTCTGTCA,4
rna+H3K4me3-GATGAATCGTGTTCTA,8
rna+H3K4me3-GATGAATCACATTGGC,10
rna+H3K4me3-GATGAATCTAGGATGA,1
rna+H3K4me3-GATGAATCTATCAGCA,1
rna+H3K4me3-GATGAATCTCCGTCTA,1
rna+H3K4me3-GATGAATCTCTTCACA,1
rna+H3K4me3-GATGAATCTGAAGAGA,1
rna+H3K4me3-GATGAATCTGGAACAA,1
rna+H3K4me3-GATGAATCTGGCTTCA,4
rna+H3K4me3-GATGAATCTGGTGGTA,11
rna+H3K4me3-GATGAATCTTCACGCA,10
rna+H3K4me3-GATGAATCAACTCACC,1
rna+H3K4me3-GATGAATCCAGATCTG,9
rna+H3K4me3-GATGAATCAAGAGATC,5
rna+H3K4me3-GATGAATCAAGGACAC,1
rna+H3K4me3-GATGAATCAATCCGTC,1
rna+H3K4me3-GATGAATCAATGTTGC,1
rna+H3K4me3-GATGAATCACACGACC,1
rna+H3K4me3-GATGAATCACAGATTC,1
rna+H3K4me3-GATGAATCAGATGTAC,10
rna+H3K4me3-GATGAATCAGCACCTC,1
rna+H3K4me3-GATGAATCAGCCATGC,1
rna+H3K4me3-GATGAATCAGGCTAAC,1
rna+H3K4me3-GATGAATCCATCAAGT,8
rna+H3K4me3-GATGAATCATAGCGAC,1
rna+H3K4me3-GATGAATCATCATTCC,5
rna+H3K4me3-GATGAATCATTGGCTC,1
rna+H3K4me3-GATGAATCCAAGGAGC,1
rna+H3K4me3-GATGAATCCACCTTAC,1
rna+H3K4me3-GATGAATCCCATCCTC,1
rna+H3K4me3-GATGAATCCCGACAAC,1
rna+H3K4me3-GATGAATCCCTAATCC,1
rna+H3K4me3-GATGAATCCCTCTATC,5
rna+H3K4me3-GATGAATCCGACACAC,12
rna+H3K4me3-GATGAATCCGCTGATC,8
rna+H3K4me3-GATGAATCCGGATTGC,10
rna+H3K4me3-GATGAATCCTAAGGTC,5
rna+H3K4me3-GATGAATCGAACAGGC,2
rna+H3K4me3-GATGAATCGACAGTGC,5
rna+H3K4me3-GATGAATCGAGTTAGC,5
rna+H3K4me3-GATGAATCGATGAATC,2
rna+H3K4me3-GATGAATCGCCAAGAC,7
rna+H3K4me3-GATGAATCCGGAAGAA,1
rna+H3K4me3-GATGAATCGTGACAAG,1
rna+H3K4me3-GATGAATCGAACCAGA,1
rna+H3K4me3-GACTAGTAAACGTGAT,4
rna+H3K4me3-GACTAGTAACAAGCTA,6
rna+H3K4me3-GACTAGTATTGCTGGA,10
rna+H3K4me3-GACTAGTACTGTAGCC,6
rna+H3K4me3-GACTAGTAAGTACAAG,6
rna+H3K4me3-GACTAGTAAACAACCA,6
rna+H3K4me3-GACTAGTAAACCGAGA,12
rna+H3K4me3-GACTAGTAAACGCTTA,6
rna+H3K4me3-GACTAGTAAAGACGGA,5
rna+H3K4me3-GACTAGTAAAGGTACA,8
rna+H3K4me3-GACTAGTAACACAGAA,6
rna+H3K4me3-GACTAGTAACAGCAGA,10
rna+H3K4me3-GACTAGTAAAACATCG,2
rna+H3K4me3-GACTAGTAACCTCCAA,2
rna+H3K4me3-GACTAGTAACGCTCGA,1
rna+H3K4me3-GACTAGTAACGTATCA,6
rna+H3K4me3-GACTAGTAACTATGCA,6
rna+H3K4me3-GACTAGTAAGAGTCAA,6
rna+H3K4me3-GACTAGTAAGATCGCA,6
rna+H3K4me3-GACTAGTAAGCAGGAA,5
rna+H3K4me3-GACTAGTAAGTCACTA,5
rna+H3K4me3-GACTAGTAATCCTGTA,6
rna+H3K4me3-GACTAGTAATTGAGGA,8
rna+H3K4me3-GACTAGTAATGCCTAA,12
rna+H3K4me3-GACTAGTACAACCACA,6
rna+H3K4me3-GACTAGTAGACTAGTA,1
rna+H3K4me3-GACTAGTACAATGGAA,5
rna+H3K4me3-GACTAGTACACTTCGA,6
rna+H3K4me3-GACTAGTACAGCGTTA,4
rna+H3K4me3-GACTAGTACATACCAA,2
rna+H3K4me3-GACTAGTACCAGTTCA,0
rna+H3K4me3-GACTAGTACCGAAGTA,8
rna+H3K4me3-GACTAGTACCGTGAGA,0
rna+H3K4me3-GACTAGTACCTCCTGA,8
rna+H3K4me3-GACTAGTAAGTGGTCA,12
rna+H3K4me3-GACTAGTACGAACTTA,0
rna+H3K4me3-GACTAGTACGACTGGA,6
rna+H3K4me3-GACTAGTACGCATACA,0
rna+H3K4me3-GACTAGTACTCAATGA,3
rna+H3K4me3-GACTAGTACTGAGCCA,8
rna+H3K4me3-GACTAGTACTGGCATA,7
rna+H3K4me3-GACTAGTAGAATCTGA,3
rna+H3K4me3-GACTAGTACAAGACTA,0
rna+H3K4me3-GACTAGTAGAGCTGAA,11
rna+H3K4me3-GACTAGTAGATAGACA,2
rna+H3K4me3-GACTAGTAACCACTGT,6
rna+H3K4me3-GACTAGTAGCCACATA,12
rna+H3K4me3-GACTAGTAGCGAGTAA,0
rna+H3K4me3-GACTAGTAGCTAACGA,7
rna+H3K4me3-GACTAGTAGCTCGGTA,3
rna+H3K4me3-GACTAGTAGGAGAACA,2
rna+H3K4me3-GACTAGTAGGTGCGAA,0
rna+H3K4me3-GACTAGTAGTACGCAA,0
rna+H3K4me3-GACTAGTAGTCGTAGA,0
rna+H3K4me3-GACTAGTAGTCTGTCA,0
rna+H3K4me3-GACTAGTAGTGTTCTA,3
rna+H3K4me3-GACTAGTAACATTGGC,6
rna+H3K4me3-GACTAGTATAGGATGA,2
rna+H3K4me3-GACTAGTATATCAGCA,11
rna+H3K4me3-GACTAGTATCCGTCTA,0
rna+H3K4me3-GACTAGTATCTTCACA,5
rna+H3K4me3-GACTAGTATGAAGAGA,3
rna+H3K4me3-GACTAGTATGGAACAA,0
rna+H3K4me3-GACTAGTATGGCTTCA,3
rna+H3K4me3-GACTAGTATGGTGGTA,5
rna+H3K4me3-GACTAGTATTCACGCA,3
rna+H3K4me3-GACTAGTAAACTCACC,3
rna+H3K4me3-GACTAGTACAGATCTG,6
rna+H3K4me3-GACTAGTAAAGAGATC,3
rna+H3K4me3-GACTAGTAAAGGACAC,3
rna+H3K4me3-GACTAGTAAATCCGTC,3
rna+H3K4me3-GACTAGTAAATGTTGC,8
rna+H3K4me3-GACTAGTAACACGACC,3
rna+H3K4me3-GACTAGTAACAGATTC,3
rna+H3K4me3-GACTAGTAAGATGTAC,3
rna+H3K4me3-GACTAGTAAGCACCTC,4
rna+H3K4me3-GACTAGTAAGCCATGC,10
rna+H3K4me3-GACTAGTAAGGCTAAC,5
rna+H3K4me3-GACTAGTACATCAAGT,6
rna+H3K4me3-GACTAGTAATAGCGAC,2
rna+H3K4me3-GACTAGTAATCATTCC,2
rna+H3K4me3-GACTAGTAATTGGCTC,5
rna+H3K4me3-GACTAGTACAAGGAGC,2
rna+H3K4me3-GACTAGTACACCTTAC,7
rna+H3K4me3-GACTAGTACCATCCTC,7
rna+H3K4me3-GACTAGTACCGACAAC,7
rna+H3K4me3-GACTAGTACCTAATCC,7
rna+H3K4me3-GACTAGTACCTCTATC,7
rna+H3K4me3-GACTAGTACGACACAC,2
rna+H3K4me3-GACTAGTACGCTGATC,8
rna+H3K4me3-GACTAGTACGGATTGC,4
rna+H3K4me3-GACTAGTACTAAGGTC,5
rna+H3K4me3-GACTAGTAGAACAGGC,2
rna+H3K4me3-GACTAGTAGACAGTGC,14
rna+H3K4me3-GACTAGTAGAGTTAGC,5
rna+H3K4me3-GACTAGTAGATGAATC,4
rna+H3K4me3-GACTAGTAGCCAAGAC,10
rna+H3K4me3-GACTAGTACGGAAGAA,7
rna+H3K4me3-GACTAGTAGTGACAAG,7
rna+H3K4me3-GACTAGTAGAACCAGA,7
rna+H3K4me3-CAACCACAAACGTGAT,12
rna+H3K4me3-CAACCACAACAAGCTA,6
rna+H3K4me3-CAACCACATTGCTGGA,10
rna+H3K4me3-CAACCACACTGTAGCC,6
rna+H3K4me3-CAACCACAAGTACAAG,5
rna+H3K4me3-CAACCACAAACAACCA,12
rna+H3K4me3-CAACCACAAACCGAGA,6
rna+H3K4me3-CAACCACAAACGCTTA,6
rna+H3K4me3-CAACCACAAAGACGGA,2
rna+H3K4me3-CAACCACAAAGGTACA,8
rna+H3K4me3-CAACCACAACACAGAA,8
rna+H3K4me3-CAACCACAACAGCAGA,5
rna+H3K4me3-CAACCACAAAACATCG,8
rna+H3K4me3-CAACCACAACCTCCAA,6
rna+H3K4me3-CAACCACAACGCTCGA,12
rna+H3K4me3-CAACCACAACGTATCA,6
rna+H3K4me3-CAACCACAACTATGCA,6
rna+H3K4me3-CAACCACAAGAGTCAA,6
rna+H3K4me3-CAACCACAAGATCGCA,6
rna+H3K4me3-CAACCACAAGCAGGAA,6
rna+H3K4me3-CAACCACAAGTCACTA,6
rna+H3K4me3-CAACCACAATCCTGTA,6
rna+H3K4me3-CAACCACAATTGAGGA,6
rna+H3K4me3-CAACCACAATGCCTAA,6
rna+H3K4me3-CAACCACACAACCACA,6
rna+H3K4me3-CAACCACAGACTAGTA,8
rna+H3K4me3-CAACCACACAATGGAA,6
rna+H3K4me3-CAACCACACACTTCGA,2
rna+H3K4me3-CAACCACACAGCGTTA,1
rna+H3K4me3-CAACCACACATACCAA,3
rna+H3K4me3-CAACCACACCAGTTCA,2
rna+H3K4me3-CAACCACACCGAAGTA,0
rna+H3K4me3-CAACCACACCGTGAGA,8
rna+H3K4me3-CAACCACACCTCCTGA,1
rna+H3K4me3-CAACCACAAGTGGTCA,14
rna+H3K4me3-CAACCACACGAACTTA,2
rna+H3K4me3-CAACCACACGACTGGA,3
rna+H3K4me3-CAACCACACGCATACA,8
rna+H3K4me3-CAACCACACTCAATGA,0
rna+H3K4me3-CAACCACACTGAGCCA,3
rna+H3K4me3-CAACCACACTGGCATA,3
rna+H3K4me3-CAACCACAGAATCTGA,2
rna+H3K4me3-CAACCACACAAGACTA,10
rna+H3K4me3-CAACCACAGAGCTGAA,8
rna+H3K4me3-CAACCACAGATAGACA,0
rna+H3K4me3-CAACCACAACCACTGT,8
rna+H3K4me3-CAACCACAGCCACATA,0
rna+H3K4me3-CAACCACAGCGAGTAA,12
rna+H3K4me3-CAACCACAGCTAACGA,11
rna+H3K4me3-CAACCACAGCTCGGTA,0
rna+H3K4me3-CAACCACAGGAGAACA,0
rna+H3K4me3-CAACCACAGGTGCGAA,12
rna+H3K4me3-CAACCACAGTACGCAA,8
rna+H3K4me3-CAACCACAGTCGTAGA,0
rna+H3K4me3-CAACCACAGTCTGTCA,0
rna+H3K4me3-CAACCACAGTGTTCTA,7
rna+H3K4me3-CAACCACAACATTGGC,6
rna+H3K4me3-CAACCACATAGGATGA,3
rna+H3K4me3-CAACCACATATCAGCA,0
rna+H3K4me3-CAACCACATCCGTCTA,0
rna+H3K4me3-CAACCACATCTTCACA,3
rna+H3K4me3-CAACCACATGAAGAGA,11
rna+H3K4me3-CAACCACATGGAACAA,2
rna+H3K4me3-CAACCACATGGCTTCA,11
rna+H3K4me3-CAACCACATGGTGGTA,3
rna+H3K4me3-CAACCACATTCACGCA,2
rna+H3K4me3-CAACCACAAACTCACC,3
rna+H3K4me3-CAACCACACAGATCTG,8
rna+H3K4me3-CAACCACAAAGAGATC,3
rna+H3K4me3-CAACCACAAAGGACAC,3
rna+H3K4me3-CAACCACAAATCCGTC,3
rna+H3K4me3-CAACCACAAATGTTGC,7
rna+H3K4me3-CAACCACAACACGACC,3
rna+H3K4me3-CAACCACAACAGATTC,3
rna+H3K4me3-CAACCACAAGATGTAC,3
rna+H3K4me3-CAACCACAAGCACCTC,8
rna+H3K4me3-CAACCACAAGCCATGC,5
rna+H3K4me3-CAACCACAAGGCTAAC,2
rna+H3K4me3-CAACCACACATCAAGT,6
rna+H3K4me3-CAACCACAATAGCGAC,10
rna+H3K4me3-CAACCACAATCATTCC,5
rna+H3K4me3-CAACCACAATTGGCTC,7
rna+H3K4me3-CAACCACACAAGGAGC,4
rna+H3K4me3-CAACCACACACCTTAC,7
rna+H3K4me3-CAACCACACCATCCTC,7
rna+H3K4me3-CAACCACACCGACAAC,10
rna+H3K4me3-CAACCACACCTAATCC,7
rna+H3K4me3-CAACCACACCTCTATC,7
rna+H3K4me3-CAACCACACGACACAC,7
rna+H3K4me3-CAACCACACGCTGATC,6
rna+H3K4me3-CAACCACACGGATTGC,12
rna+H3K4me3-CAACCACACTAAGGTC,5
rna+H3K4me3-CAACCACAGAACAGGC,5
rna+H3K4me3-CAACCACAGACAGTGC,14
rna+H3K4me3-CAACCACAGAGTTAGC,12
rna+H3K4me3-CAACCACAGATGAATC,7
rna+H3K4me3-CAACCACAGCCAAGAC,7
rna+H3K4me3-CAACCACACGGAAGAA,7
rna+H3K4me3-CAACCACAGTGACAAG,2
rna+H3K4me3-CAACCACAGAACCAGA,7
rna+H3K4me3-ATTGAGGAAACGTGAT,14
rna+H3K4me3-ATTGAGGAACAAGCTA,8
rna+H3K4me3-ATTGAGGATTGCTGGA,7
rna+H3K4me3-ATTGAGGACTGTAGCC,2
rna+H3K4me3-ATTGAGGAAGTACAAG,5
rna+H3K4me3-ATTGAGGAAACAACCA,8
rna+H3K4me3-ATTGAGGAAACCGAGA,10
rna+H3K4me3-ATTGAGGAAACGCTTA,6
rna+H3K4me3-ATTGAGGAAAGACGGA,6
rna+H3K4me3-ATTGAGGAAAGGTACA,6
rna+H3K4me3-ATTGAGGAACACAGAA,6
rna+H3K4me3-ATTGAGGAACAGCAGA,12
rna+H3K4me3-ATTGAGGAAAACATCG,1
rna+H3K4me3-ATTGAGGAACCTCCAA,12
rna+H3K4me3-ATTGAGGAACGCTCGA,6
rna+H3K4me3-ATTGAGGAACGTATCA,1
rna+H3K4me3-ATTGAGGAACTATGCA,12
rna+H3K4me3-ATTGAGGAAGAGTCAA,6
rna+H3K4me3-ATTGAGGAAGATCGCA,5
rna+H3K4me3-ATTGAGGAAGCAGGAA,6
rna+H3K4me3-ATTGAGGAAGTCACTA,6
rna+H3K4me3-ATTGAGGAATCCTGTA,6
rna+H3K4me3-ATTGAGGAATTGAGGA,6
rna+H3K4me3-ATTGAGGAATGCCTAA,6
rna+H3K4me3-ATTGAGGACAACCACA,6
rna+H3K4me3-ATTGAGGAGACTAGTA,6
rna+H3K4me3-ATTGAGGACAATGGAA,2
rna+H3K4me3-ATTGAGGACACTTCGA,1
rna+H3K4me3-ATTGAGGACAGCGTTA,6
rna+H3K4me3-ATTGAGGACATACCAA,8
rna+H3K4me3-ATTGAGGACCAGTTCA,2
rna+H3K4me3-ATTGAGGACCGAAGTA,3
rna+H3K4me3-ATTGAGGACCGTGAGA,2
rna+H3K4me3-ATTGAGGACCTCCTGA,0
rna+H3K4me3-ATTGAGGAAGTGGTCA,5
rna+H3K4me3-ATTGAGGACGAACTTA,0
rna+H3K4me3-ATTGAGGACGACTGGA,2
rna+H3K4me3-ATTGAGGACGCATACA,0
rna+H3K4me3-ATTGAGGACTCAATGA,3
rna+H3K4me3-ATTGAGGACTGAGCCA,2
rna+H3K4me3-ATTGAGGACTGGCATA,0
rna+H3K4me3-ATTGAGGAGAATCTGA,3
rna+H3K4me3-ATTGAGGACAAGACTA,8
rna+H3K4me3-ATTGAGGAGAGCTGAA,0
rna+H3K4me3-ATTGAGGAGATAGACA,0
rna+H3K4me3-ATTGAGGAACCACTGT,5
rna+H3K4me3-ATTGAGGAGCCACATA,11
rna+H3K4me3-ATTGAGGAGCGAGTAA,0
rna+H3K4me3-ATTGAGGAGCTAACGA,11
rna+H3K4me3-ATTGAGGAGCTCGGTA,0
rna+H3K4me3-ATTGAGGAGGAGAACA,0
rna+H3K4me3-ATTGAGGAGGTGCGAA,3
rna+H3K4me3-ATTGAGGAGTACGCAA,3
rna+H3K4me3-ATTGAGGAGTCGTAGA,3
rna+H3K4me3-ATTGAGGAGTCTGTCA,0
rna+H3K4me3-ATTGAGGAGTGTTCTA,3
rna+H3K4me3-ATTGAGGAACATTGGC,12
rna+H3K4me3-ATTGAGGATAGGATGA,3
rna+H3K4me3-ATTGAGGATATCAGCA,2
rna+H3K4me3-ATTGAGGATCCGTCTA,11
rna+H3K4me3-ATTGAGGATCTTCACA,3
rna+H3K4me3-ATTGAGGATGAAGAGA,0
rna+H3K4me3-ATTGAGGATGGAACAA,3
rna+H3K4me3-ATTGAGGATGGCTTCA,3
rna+H3K4me3-ATTGAGGATGGTGGTA,3
rna+H3K4me3-ATTGAGGATTCACGCA,3
rna+H3K4me3-ATTGAGGAAACTCACC,3
rna+H3K4me3-ATTGAGGACAGATCTG,1
rna+H3K4me3-ATTGAGGAAAGAGATC,2
rna+H3K4me3-ATTGAGGAAAGGACAC,3
rna+H3K4me3-ATTGAGGAAATCCGTC,11
rna+H3K4me3-ATTGAGGAAATGTTGC,3
rna+H3K4me3-ATTGAGGAACACGACC,11
rna+H3K4me3-ATTGAGGAACAGATTC,3
rna+H3K4me3-ATTGAGGAAGATGTAC,11
rna+H3K4me3-ATTGAGGAAGCACCTC,3
rna+H3K4me3-ATTGAGGAAGCCATGC,2
rna+H3K4me3-ATTGAGGAAGGCTAAC,12
rna+H3K4me3-ATTGAGGACATCAAGT,6
rna+H3K4me3-ATTGAGGAATAGCGAC,7
rna+H3K4me3-ATTGAGGAATCATTCC,7
rna+H3K4me3-ATTGAGGAATTGGCTC,7
rna+H3K4me3-ATTGAGGACAAGGAGC,7
rna+H3K4me3-ATTGAGGACACCTTAC,2
rna+H3K4me3-ATTGAGGACCATCCTC,7
rna+H3K4me3-ATTGAGGACCGACAAC,7
rna+H3K4me3-ATTGAGGACCTAATCC,7
rna+H3K4me3-ATTGAGGACCTCTATC,7
rna+H3K4me3-ATTGAGGACGACACAC,5
rna+H3K4me3-ATTGAGGACGCTGATC,2
rna+H3K4me3-ATTGAGGACGGATTGC,7
rna+H3K4me3-ATTGAGGACTAAGGTC,5
rna+H3K4me3-ATTGAGGAGAACAGGC,10
rna+H3K4me3-ATTGAGGAGACAGTGC,8
rna+H3K4me3-ATTGAGGAGAGTTAGC,2
rna+H3K4me3-ATTGAGGAGATGAATC,4
rna+H3K4me3-ATTGAGGAGCCAAGAC,7
rna+H3K4me3-ATTGAGGACGGAAGAA,7
rna+H3K4me3-ATTGAGGAGTGACAAG,5
rna+H3K4me3-ATTGAGGAGAACCAGA,7
rna+H3K4me3-ATCCTGTAAACGTGAT,8
rna+H3K4me3-ATCCTGTAACAAGCTA,6
rna+H3K4me3-ATCCTGTATTGCTGGA,7
rna+H3K4me3-ATCCTGTACTGTAGCC,6
rna+H3K4me3-ATCCTGTAAGTACAAG,12
rna+H3K4me3-ATCCTGTAAACAACCA,5
rna+H3K4me3-ATCCTGTAAACCGAGA,5
rna+H3K4me3-ATCCTGTAAACGCTTA,6
rna+H3K4me3-ATCCTGTAAAGACGGA,6
rna+H3K4me3-ATCCTGTAAAGGTACA,2
rna+H3K4me3-ATCCTGTAACACAGAA,2
rna+H3K4me3-ATCCTGTAACAGCAGA,8
rna+H3K4me3-ATCCTGTAAAACATCG,14
rna+H3K4me3-ATCCTGTAACCTCCAA,6
rna+H3K4me3-ATCCTGTAACGCTCGA,6
rna+H3K4me3-ATCCTGTAACGTATCA,6
rna+H3K4me3-ATCCTGTAACTATGCA,2
rna+H3K4me3-ATCCTGTAAGAGTCAA,6
rna+H3K4me3-ATCCTGTAAGATCGCA,6
rna+H3K4me3-ATCCTGTAAGCAGGAA,12
rna+H3K4me3-ATCCTGTAAGTCACTA,4
rna+H3K4me3-ATCCTGTAATCCTGTA,14
rna+H3K4me3-ATCCTGTAATTGAGGA,6
rna+H3K4me3-ATCCTGTAATGCCTAA,12
rna+H3K4me3-ATCCTGTACAACCACA,6
rna+H3K4me3-ATCCTGTAGACTAGTA,6
rna+H3K4me3-ATCCTGTACAATGGAA,8
rna+H3K4me3-ATCCTGTACACTTCGA,2
rna+H3K4me3-ATCCTGTACAGCGTTA,6
rna+H3K4me3-ATCCTGTACATACCAA,4
rna+H3K4me3-ATCCTGTACCAGTTCA,3
rna+H3K4me3-ATCCTGTACCGAAGTA,3
rna+H3K4me3-ATCCTGTACCGTGAGA,0
rna+H3K4me3-ATCCTGTACCTCCTGA,3
rna+H3K4me3-ATCCTGTAAGTGGTCA,5
rna+H3K4me3-ATCCTGTACGAACTTA,8
rna+H3K4me3-ATCCTGTACGACTGGA,8
rna+H3K4me3-ATCCTGTACGCATACA,7
rna+H3K4me3-ATCCTGTACTCAATGA,10
rna+H3K4me3-ATCCTGTACTGAGCCA,0
rna+H3K4me3-ATCCTGTACTGGCATA,3
rna+H3K4me3-ATCCTGTAGAATCTGA,0
rna+H3K4me3-ATCCTGTACAAGACTA,11
rna+H3K4me3-ATCCTGTAGAGCTGAA,3
rna+H3K4me3-ATCCTGTAGATAGACA,0
rna+H3K4me3-ATCCTGTAACCACTGT,10
rna+H3K4me3-ATCCTGTAGCCACATA,0
rna+H3K4me3-ATCCTGTAGCGAGTAA,0
rna+H3K4me3-ATCCTGTAGCTAACGA,7
rna+H3K4me3-ATCCTGTAGCTCGGTA,0
rna+H3K4me3-ATCCTGTAGGAGAACA,0
rna+H3K4me3-ATCCTGTAGGTGCGAA,3
rna+H3K4me3-ATCCTGTAGTACGCAA,0
rna+H3K4me3-ATCCTGTAGTCGTAGA,0
rna+H3K4me3-ATCCTGTAGTCTGTCA,0
rna+H3K4me3-ATCCTGTAGTGTTCTA,3
rna+H3K4me3-ATCCTGTAACATTGGC,8
rna+H3K4me3-ATCCTGTATAGGATGA,3
rna+H3K4me3-ATCCTGTATATCAGCA,3
rna+H3K4me3-ATCCTGTATCCGTCTA,3
rna+H3K4me3-ATCCTGTATCTTCACA,3
rna+H3K4me3-ATCCTGTATGAAGAGA,3
rna+H3K4me3-ATCCTGTATGGAACAA,11
rna+H3K4me3-ATCCTGTATGGCTTCA,11
rna+H3K4me3-ATCCTGTATGGTGGTA,3
rna+H3K4me3-ATCCTGTATTCACGCA,4
rna+H3K4me3-ATCCTGTAAACTCACC,3
rna+H3K4me3-ATCCTGTACAGATCTG,6
rna+H3K4me3-ATCCTGTAAAGAGATC,3
rna+H3K4me3-ATCCTGTAAAGGACAC,3
rna+H3K4me3-ATCCTGTAAATCCGTC,3
rna+H3K4me3-ATCCTGTAAATGTTGC,3
rna+H3K4me3-ATCCTGTAACACGACC,2
rna+H3K4me3-ATCCTGTAACAGATTC,3
rna+H3K4me3-ATCCTGTAAGATGTAC,3
rna+H3K4me3-ATCCTGTAAGCACCTC,3
rna+H3K4me3-ATCCTGTAAGCCATGC,10
rna+H3K4me3-ATCCTGTAAGGCTAAC,8
rna+H3K4me3-ATCCTGTACATCAAGT,10
rna+H3K4me3-ATCCTGTAATAGCGAC,7
rna+H3K4me3-ATCCTGTAATCATTCC,5
rna+H3K4me3-ATCCTGTAATTGGCTC,7
rna+H3K4me3-ATCCTGTACAAGGAGC,4
rna+H3K4me3-ATCCTGTACACCTTAC,7
rna+H3K4me3-ATCCTGTACCATCCTC,7
rna+H3K4me3-ATCCTGTACCGACAAC,1
rna+H3K4me3-ATCCTGTACCTAATCC,4
rna+H3K4me3-ATCCTGTACCTCTATC,5
rna+H3K4me3-ATCCTGTACGACACAC,5
rna+H3K4me3-ATCCTGTACGCTGATC,8
rna+H3K4me3-ATCCTGTACGGATTGC,7
rna+H3K4me3-ATCCTGTACTAAGGTC,14
rna+H3K4me3-ATCCTGTAGAACAGGC,5
rna+H3K4me3-ATCCTGTAGACAGTGC,2
rna+H3K4me3-ATCCTGTAGAGTTAGC,8
rna+H3K4me3-ATCCTGTAGATGAATC,2
rna+H3K4me3-ATCCTGTAGCCAAGAC,7
rna+H3K4me3-ATCCTGTACGGAAGAA,9
rna+H3K4me3-ATCCTGTAGTGACAAG,7
rna+H3K4me3-ATCCTGTAGAACCAGA,7
rna+H3K4me3-AGTCACTAACAAGCTA,6
rna+H3K4me3-AGTCACTATTGCTGGA,4
rna+H3K4me3-AGTCACTACTGTAGCC,8
rna+H3K4me3-AGTCACTAAGTACAAG,2
rna+H3K4me3-AGTCACTAAACAACCA,12
rna+H3K4me3-AGTCACTAAACCGAGA,8
rna+H3K4me3-AGTCACTAAACGCTTA,8
rna+H3K4me3-AGTCACTAAAGACGGA,6
rna+H3K4me3-AGTCACTAAAGGTACA,6
rna+H3K4me3-AGTCACTAACACAGAA,6
rna+H3K4me3-AGTCACTAACAGCAGA,6
rna+H3K4me3-AGTCACTAAAACATCG,14
rna+H3K4me3-AGTCACTAACCTCCAA,2
rna+H3K4me3-AGTCACTAACGCTCGA,6
rna+H3K4me3-AGTCACTAACGTATCA,8
rna+H3K4me3-AGTCACTAACTATGCA,6
rna+H3K4me3-AGTCACTAAGAGTCAA,6
rna+H3K4me3-AGTCACTAAGATCGCA,10
rna+H3K4me3-AGTCACTAAGCAGGAA,5
rna+H3K4me3-AGTCACTAAGTCACTA,5
rna+H3K4me3-AGTCACTAATCCTGTA,6
rna+H3K4me3-AGTCACTAATTGAGGA,7
rna+H3K4me3-AGTCACTAATGCCTAA,2
rna+H3K4me3-AGTCACTACAACCACA,6
rna+H3K4me3-AGTCACTAGACTAGTA,6
rna+H3K4me3-AGTCACTACAATGGAA,2
rna+H3K4me3-AGTCACTACACTTCGA,6
rna+H3K4me3-AGTCACTACAGCGTTA,6
rna+H3K4me3-AGTCACTACATACCAA,12
rna+H3K4me3-AGTCACTACCAGTTCA,4
rna+H3K4me3-AGTCACTACCGAAGTA,12
rna+H3K4me3-AGTCACTACCGTGAGA,12
rna+H3K4me3-AGTCACTACCTCCTGA,0
rna+H3K4me3-AGTCACTAAGTGGTCA,11
rna+H3K4me3-AGTCACTACGAACTTA,2
rna+H3K4me3-AGTCACTACGACTGGA,3
rna+H3K4me3-AGTCACTACGCATACA,8
rna+H3K4me3-AGTCACTACTCAATGA,3
rna+H3K4me3-AGTCACTACTGAGCCA,8
rna+H3K4me3-AGTCACTACTGGCATA,3
rna+H3K4me3-AGTCACTAGAATCTGA,3
rna+H3K4me3-AGTCACTACAAGACTA,0
rna+H3K4me3-AGTCACTAGAGCTGAA,3
rna+H3K4me3-AGTCACTAGATAGACA,0
rna+H3K4me3-AGTCACTAACCACTGT,10
rna+H3K4me3-AGTCACTAGCCACATA,3
rna+H3K4me3-AGTCACTAGCGAGTAA,2
rna+H3K4me3-AGTCACTAGCTAACGA,5
rna+H3K4me3-AGTCACTAGCTCGGTA,0
rna+H3K4me3-AGTCACTAGGAGAACA,0
rna+H3K4me3-AGTCACTAGGTGCGAA,8
rna+H3K4me3-AGTCACTAGTACGCAA,5
rna+H3K4me3-AGTCACTAGTCGTAGA,3
rna+H3K4me3-AGTCACTAGTCTGTCA,3
rna+H3K4me3-AGTCACTAGTGTTCTA,3
rna+H3K4me3-AGTCACTAACATTGGC,5
rna+H3K4me3-AGTCACTATAGGATGA,0
rna+H3K4me3-AGTCACTATATCAGCA,3
rna+H3K4me3-AGTCACTATCCGTCTA,0
rna+H3K4me3-AGTCACTATCTTCACA,3
rna+H3K4me3-AGTCACTATGAAGAGA,3
rna+H3K4me3-AGTCACTATGGAACAA,3
rna+H3K4me3-AGTCACTATGGCTTCA,11
rna+H3K4me3-AGTCACTATGGTGGTA,0
rna+H3K4me3-AGTCACTATTCACGCA,3
rna+H3K4me3-AGTCACTAAACTCACC,10
rna+H3K4me3-AGTCACTACAGATCTG,10
rna+H3K4me3-AGTCACTAAAGAGATC,3
rna+H3K4me3-AGTCACTAAAGGACAC,3
rna+H3K4me3-AGTCACTAAATCCGTC,3
rna+H3K4me3-AGTCACTAAATGTTGC,3
rna+H3K4me3-AGTCACTAACACGACC,3
rna+H3K4me3-AGTCACTAACAGATTC,11
rna+H3K4me3-AGTCACTAAGATGTAC,5
rna+H3K4me3-AGTCACTAAGCACCTC,3
rna+H3K4me3-AGTCACTAAGCCATGC,3
rna+H3K4me3-AGTCACTAAGGCTAAC,7
rna+H3K4me3-AGTCACTACATCAAGT,10
rna+H3K4me3-AGTCACTAATAGCGAC,11
rna+H3K4me3-AGTCACTAATCATTCC,11
rna+H3K4me3-AGTCACTAATTGGCTC,4
rna+H3K4me3-AGTCACTACAAGGAGC,5
rna+H3K4me3-AGTCACTACACCTTAC,7
rna+H3K4me3-AGTCACTACCATCCTC,3
rna+H3K4me3-AGTCACTACCGACAAC,7
rna+H3K4me3-AGTCACTACCTAATCC,5
rna+H3K4me3-AGTCACTACCTCTATC,2
rna+H3K4me3-AGTCACTACGACACAC,5
rna+H3K4me3-AGTCACTACGCTGATC,5
rna+H3K4me3-AGTCACTACGGATTGC,14
rna+H3K4me3-AGTCACTACTAAGGTC,7
rna+H3K4me3-AGTCACTAGAACAGGC,5
rna+H3K4me3-AGTCACTAGACAGTGC,5
rna+H3K4me3-AGTCACTAGAGTTAGC,14
rna+H3K4me3-AGTCACTAGATGAATC,12
rna+H3K4me3-AGTCACTAGCCAAGAC,2
rna+H3K4me3-AGTCACTACGGAAGAA,7
rna+H3K4me3-AGTCACTAGTGACAAG,10
rna+H3K4me3-AGTCACTAGAACCAGA,2
rna+H3K4me3-AGCAGGAAACAAGCTA,5
rna+H3K4me3-AGCAGGAATTGCTGGA,7
rna+H3K4me3-AGCAGGAACTGTAGCC,6
rna+H3K4me3-AGCAGGAAAGTACAAG,8
rna+H3K4me3-AGCAGGAAAACAACCA,6
rna+H3K4me3-AGCAGGAAAACCGAGA,12
rna+H3K4me3-AGCAGGAAAACGCTTA,6
rna+H3K4me3-AGCAGGAAAAGACGGA,2
rna+H3K4me3-AGCAGGAAAAGGTACA,10
rna+H3K4me3-AGCAGGAAACACAGAA,6
rna+H3K4me3-AGCAGGAAACAGCAGA,8
rna+H3K4me3-AGCAGGAAACCTCCAA,6
rna+H3K4me3-AGCAGGAAACGCTCGA,6
rna+H3K4me3-AGCAGGAAACGTATCA,6
rna+H3K4me3-AGCAGGAAACTATGCA,8
rna+H3K4me3-AGCAGGAAAGAGTCAA,6
rna+H3K4me3-AGCAGGAAAGATCGCA,5
rna+H3K4me3-AGCAGGAAAGCAGGAA,7
rna+H3K4me3-AGCAGGAAAGTCACTA,7
rna+H3K4me3-AGCAGGAAATCCTGTA,6
rna+H3K4me3-AGCAGGAAATTGAGGA,6
rna+H3K4me3-AGCAGGAAATGCCTAA,14
rna+H3K4me3-AGCAGGAACAACCACA,8
rna+H3K4me3-AGCAGGAAGACTAGTA,6
rna+H3K4me3-AGCAGGAACAATGGAA,11
rna+H3K4me3-AGCAGGAACACTTCGA,12
rna+H3K4me3-AGCAGGAACAGCGTTA,8
rna+H3K4me3-AGCAGGAACATACCAA,5
rna+H3K4me3-AGCAGGAACCAGTTCA,5
rna+H3K4me3-AGCAGGAACCGAAGTA,0
rna+H3K4me3-AGCAGGAACCGTGAGA,11
rna+H3K4me3-AGCAGGAACCTCCTGA,0
rna+H3K4me3-AGCAGGAAAGTGGTCA,3
rna+H3K4me3-AGCAGGAACGAACTTA,8
rna+H3K4me3-AGCAGGAACGACTGGA,3
rna+H3K4me3-AGCAGGAACGCATACA,0
rna+H3K4me3-AGCAGGAACTCAATGA,8
rna+H3K4me3-AGCAGGAACTGAGCCA,3
rna+H3K4me3-AGCAGGAACTGGCATA,0
rna+H3K4me3-AGCAGGAAGAATCTGA,0
rna+H3K4me3-AGCAGGAACAAGACTA,0
rna+H3K4me3-AGCAGGAAGAGCTGAA,3
rna+H3K4me3-AGCAGGAAGATAGACA,0
rna+H3K4me3-AGCAGGAAACCACTGT,5
rna+H3K4me3-AGCAGGAAGCCACATA,0
rna+H3K4me3-AGCAGGAAGCGAGTAA,0
rna+H3K4me3-AGCAGGAAGCTAACGA,0
rna+H3K4me3-AGCAGGAAGCTCGGTA,8
rna+H3K4me3-AGCAGGAAGGAGAACA,3
rna+H3K4me3-AGCAGGAAGGTGCGAA,0
rna+H3K4me3-AGCAGGAAGTACGCAA,3
rna+H3K4me3-AGCAGGAAGTCGTAGA,2
rna+H3K4me3-AGCAGGAAGTCTGTCA,3
rna+H3K4me3-AGCAGGAAGTGTTCTA,3
rna+H3K4me3-AGCAGGAAACATTGGC,8
rna+H3K4me3-AGCAGGAATAGGATGA,8
rna+H3K4me3-AGCAGGAATATCAGCA,5
rna+H3K4me3-AGCAGGAATCCGTCTA,0
rna+H3K4me3-AGCAGGAATCTTCACA,0
rna+H3K4me3-AGCAGGAATGAAGAGA,2
rna+H3K4me3-AGCAGGAATGGAACAA,0
rna+H3K4me3-AGCAGGAATGGCTTCA,11
rna+H3K4me3-AGCAGGAATGGTGGTA,0
rna+H3K4me3-AGCAGGAATTCACGCA,10
rna+H3K4me3-AGCAGGAAAACTCACC,2
rna+H3K4me3-AGCAGGAACAGATCTG,12
rna+H3K4me3-AGCAGGAAAAGAGATC,3
rna+H3K4me3-AGCAGGAAAAGGACAC,8
rna+H3K4me3-AGCAGGAAAATCCGTC,3
rna+H3K4me3-AGCAGGAAAATGTTGC,3
rna+H3K4me3-AGCAGGAAACACGACC,3
rna+H3K4me3-AGCAGGAAACAGATTC,11
rna+H3K4me3-AGCAGGAAAGATGTAC,3
rna+H3K4me3-AGCAGGAAAGCACCTC,3
rna+H3K4me3-AGCAGGAAAGCCATGC,8
rna+H3K4me3-AGCAGGAAAGGCTAAC,5
rna+H3K4me3-AGCAGGAACATCAAGT,6
rna+H3K4me3-AGCAGGAAATAGCGAC,2
rna+H3K4me3-AGCAGGAAATCATTCC,10
rna+H3K4me3-AGCAGGAAATTGGCTC,10
rna+H3K4me3-AGCAGGAACAAGGAGC,2
rna+H3K4me3-AGCAGGAACACCTTAC,7
rna+H3K4me3-AGCAGGAACCATCCTC,7
rna+H3K4me3-AGCAGGAACCGACAAC,7
rna+H3K4me3-AGCAGGAACCTAATCC,7
rna+H3K4me3-AGCAGGAACCTCTATC,7
rna+H3K4me3-AGCAGGAACGACACAC,7
rna+H3K4me3-AGCAGGAACGCTGATC,10
rna+H3K4me3-AGCAGGAACGGATTGC,2
rna+H3K4me3-AGCAGGAACTAAGGTC,7
rna+H3K4me3-AGCAGGAAGAACAGGC,2
rna+H3K4me3-AGCAGGAAGACAGTGC,12
rna+H3K4me3-AGCAGGAAGAGTTAGC,4
rna+H3K4me3-AGCAGGAAGATGAATC,7
rna+H3K4me3-AGCAGGAAGCCAAGAC,7
rna+H3K4me3-AGCAGGAACGGAAGAA,8
rna+H3K4me3-AGCAGGAAGTGACAAG,7
rna+H3K4me3-AGCAGGAAGAACCAGA,2
rna+H3K4me3-AGATCGCAACAAGCTA,12
rna+H3K4me3-AGATCGCATTGCTGGA,2
rna+H3K4me3-AGATCGCACTGTAGCC,8
rna+H3K4me3-AGATCGCAAGTACAAG,6
rna+H3K4me3-AGATCGCAAACAACCA,6
rna+H3K4me3-AGATCGCAAACCGAGA,1
rna+H3K4me3-AGATCGCAAACGCTTA,6
rna+H3K4me3-AGATCGCAAAGACGGA,2
rna+H3K4me3-AGATCGCAAAGGTACA,2
rna+H3K4me3-AGATCGCAACACAGAA,8
rna+H3K4me3-AGATCGCAACAGCAGA,12
rna+H3K4me3-AGATCGCAACCTCCAA,6
rna+H3K4me3-AGATCGCAACGCTCGA,2
rna+H3K4me3-AGATCGCAACGTATCA,7
rna+H3K4me3-AGATCGCAACTATGCA,8
rna+H3K4me3-AGATCGCAAGAGTCAA,8
rna+H3K4me3-AGATCGCAAGATCGCA,2
rna+H3K4me3-AGATCGCAAGCAGGAA,6
rna+H3K4me3-AGATCGCAAGTCACTA,9
rna+H3K4me3-AGATCGCAATCCTGTA,8
rna+H3K4me3-AGATCGCAATTGAGGA,6
rna+H3K4me3-AGATCGCAATGCCTAA,14
rna+H3K4me3-AGATCGCACAACCACA,6
rna+H3K4me3-AGATCGCAGACTAGTA,6
rna+H3K4me3-AGATCGCACAATGGAA,6
rna+H3K4me3-AGATCGCACACTTCGA,8
rna+H3K4me3-AGATCGCACAGCGTTA,6
rna+H3K4me3-AGATCGCACATACCAA,2
rna+H3K4me3-AGATCGCACCAGTTCA,4
rna+H3K4me3-AGATCGCACCGAAGTA,11
rna+H3K4me3-AGATCGCACCGTGAGA,0
rna+H3K4me3-AGATCGCACCTCCTGA,10
rna+H3K4me3-AGATCGCAAGTGGTCA,2
rna+H3K4me3-AGATCGCACGAACTTA,3
rna+H3K4me3-AGATCGCACGACTGGA,3
rna+H3K4me3-AGATCGCACGCATACA,11
rna+H3K4me3-AGATCGCACTCAATGA,0
rna+H3K4me3-AGATCGCACTGAGCCA,10
rna+H3K4me3-AGATCGCACTGGCATA,11
rna+H3K4me3-AGATCGCAGAATCTGA,3
rna+H3K4me3-AGATCGCACAAGACTA,0
rna+H3K4me3-AGATCGCAGAGCTGAA,8
rna+H3K4me3-AGATCGCAGATAGACA,7
rna+H3K4me3-AGATCGCAACCACTGT,5
rna+H3K4me3-AGATCGCAGCCACATA,0
rna+H3K4me3-AGATCGCAGCGAGTAA,0
rna+H3K4me3-AGATCGCAGCTAACGA,8
rna+H3K4me3-AGATCGCAGCTCGGTA,3
rna+H3K4me3-AGATCGCAGGAGAACA,10
rna+H3K4me3-AGATCGCAGGTGCGAA,0
rna+H3K4me3-AGATCGCAGTACGCAA,3
rna+H3K4me3-AGATCGCAGTCGTAGA,8
rna+H3K4me3-AGATCGCAGTCTGTCA,3
rna+H3K4me3-AGATCGCAGTGTTCTA,3
rna+H3K4me3-AGATCGCAACATTGGC,12
rna+H3K4me3-AGATCGCATAGGATGA,2
rna+H3K4me3-AGATCGCATATCAGCA,11
rna+H3K4me3-AGATCGCATCCGTCTA,4
rna+H3K4me3-AGATCGCATCTTCACA,2
rna+H3K4me3-AGATCGCATGAAGAGA,0
rna+H3K4me3-AGATCGCATGGAACAA,0
rna+H3K4me3-AGATCGCATGGCTTCA,3
rna+H3K4me3-AGATCGCATGGTGGTA,0
rna+H3K4me3-AGATCGCATTCACGCA,3
rna+H3K4me3-AGATCGCAAACTCACC,3
rna+H3K4me3-AGATCGCACAGATCTG,12
rna+H3K4me3-AGATCGCAAAGAGATC,0
rna+H3K4me3-AGATCGCAAAGGACAC,3
rna+H3K4me3-AGATCGCAAATCCGTC,5
rna+H3K4me3-AGATCGCAAATGTTGC,2
rna+H3K4me3-AGATCGCAACACGACC,3
rna+H3K4me3-AGATCGCAACAGATTC,3
rna+H3K4me3-AGATCGCAAGATGTAC,3
rna+H3K4me3-AGATCGCAAGCACCTC,3
rna+H3K4me3-AGATCGCAAGCCATGC,8
rna+H3K4me3-AGATCGCAAGGCTAAC,3
rna+H3K4me3-AGATCGCACATCAAGT,6
rna+H3K4me3-AGATCGCAATAGCGAC,7
rna+H3K4me3-AGATCGCAATCATTCC,4
rna+H3K4me3-AGATCGCAATTGGCTC,5
rna+H3K4me3-AGATCGCACAAGGAGC,8
rna+H3K4me3-AGATCGCACACCTTAC,7
rna+H3K4me3-AGATCGCACCATCCTC,4
rna+H3K4me3-AGATCGCACCGACAAC,4
rna+H3K4me3-AGATCGCACCTAATCC,5
rna+H3K4me3-AGATCGCACCTCTATC,7
rna+H3K4me3-AGATCGCACGACACAC,2
rna+H3K4me3-AGATCGCACGCTGATC,7
rna+H3K4me3-AGATCGCACGGATTGC,2
rna+H3K4me3-AGATCGCACTAAGGTC,1
rna+H3K4me3-AGATCGCAGAACAGGC,5
rna+H3K4me3-AGATCGCAGACAGTGC,10
rna+H3K4me3-AGATCGCAGAGTTAGC,2
rna+H3K4me3-AGATCGCAGATGAATC,7
rna+H3K4me3-AGATCGCAGCCAAGAC,7
rna+H3K4me3-AGATCGCACGGAAGAA,4
rna+H3K4me3-AGATCGCAGTGACAAG,7
rna+H3K4me3-AGATCGCAGAACCAGA,7
rna+H3K4me3-AGAGTCAAACAAGCTA,10
rna+H3K4me3-AGAGTCAATTGCTGGA,10
rna+H3K4me3-AGAGTCAACTGTAGCC,5
rna+H3K4me3-AGAGTCAAAGTACAAG,8
rna+H3K4me3-AGAGTCAAAACAACCA,10
rna+H3K4me3-AGAGTCAAAACCGAGA,8
rna+H3K4me3-AGAGTCAAAACGCTTA,2
rna+H3K4me3-AGAGTCAAAAGACGGA,6
rna+H3K4me3-AGAGTCAAAAGGTACA,6
rna+H3K4me3-AGAGTCAAACACAGAA,6
rna+H3K4me3-AGAGTCAAACAGCAGA,5
rna+H3K4me3-AGAGTCAAACCTCCAA,1
rna+H3K4me3-AGAGTCAAACGCTCGA,8
rna+H3K4me3-AGAGTCAAACGTATCA,6
rna+H3K4me3-AGAGTCAAACTATGCA,10
rna+H3K4me3-AGAGTCAAAGAGTCAA,8
rna+H3K4me3-AGAGTCAAAGATCGCA,8
rna+H3K4me3-AGAGTCAAAGCAGGAA,12
rna+H3K4me3-AGAGTCAAAGTCACTA,12
rna+H3K4me3-AGAGTCAAATCCTGTA,6
rna+H3K4me3-AGAGTCAAATTGAGGA,12
rna+H3K4me3-AGAGTCAACAACCACA,2
rna+H3K4me3-AGAGTCAAGACTAGTA,11
rna+H3K4me3-AGAGTCAACAATGGAA,12
rna+H3K4me3-AGAGTCAACACTTCGA,7
rna+H3K4me3-AGAGTCAACAGCGTTA,11
rna+H3K4me3-AGAGTCAACATACCAA,6
rna+H3K4me3-AGAGTCAACCAGTTCA,10
rna+H3K4me3-AGAGTCAACCGAAGTA,5
rna+H3K4me3-AGAGTCAACCGTGAGA,0
rna+H3K4me3-AGAGTCAACCTCCTGA,0
rna+H3K4me3-AGAGTCAAAGTGGTCA,14
rna+H3K4me3-AGAGTCAACGAACTTA,2
rna+H3K4me3-AGAGTCAACGACTGGA,0
rna+H3K4me3-AGAGTCAACGCATACA,14
rna+H3K4me3-AGAGTCAACTCAATGA,0
rna+H3K4me3-AGAGTCAACTGAGCCA,3
rna+H3K4me3-AGAGTCAACTGGCATA,8
rna+H3K4me3-AGAGTCAAGAATCTGA,10
rna+H3K4me3-AGAGTCAACAAGACTA,0
rna+H3K4me3-AGAGTCAAGAGCTGAA,3
rna+H3K4me3-AGAGTCAAGATAGACA,0
rna+H3K4me3-AGAGTCAAACCACTGT,14
rna+H3K4me3-AGAGTCAAGCCACATA,3
rna+H3K4me3-AGAGTCAAGCGAGTAA,2
rna+H3K4me3-AGAGTCAAGCTAACGA,0
rna+H3K4me3-AGAGTCAAGCTCGGTA,0
rna+H3K4me3-AGAGTCAAGGAGAACA,14
rna+H3K4me3-AGAGTCAAGGTGCGAA,10
rna+H3K4me3-AGAGTCAAGTACGCAA,3
rna+H3K4me3-AGAGTCAAGTCGTAGA,3
rna+H3K4me3-AGAGTCAAGTCTGTCA,2
rna+H3K4me3-AGAGTCAAGTGTTCTA,12
rna+H3K4me3-AGAGTCAAACATTGGC,8
rna+H3K4me3-AGAGTCAATAGGATGA,4
rna+H3K4me3-AGAGTCAATATCAGCA,4
rna+H3K4me3-AGAGTCAATCCGTCTA,13
rna+H3K4me3-AGAGTCAATCTTCACA,10
rna+H3K4me3-AGAGTCAATGAAGAGA,8
rna+H3K4me3-AGAGTCAATGGAACAA,2
rna+H3K4me3-AGAGTCAATGGCTTCA,3
rna+H3K4me3-AGAGTCAATGGTGGTA,5
rna+H3K4me3-AGAGTCAATTCACGCA,11
rna+H3K4me3-AGAGTCAAAACTCACC,8
rna+H3K4me3-AGAGTCAACAGATCTG,2
rna+H3K4me3-AGAGTCAAAAGAGATC,3
rna+H3K4me3-AGAGTCAAAAGGACAC,3
rna+H3K4me3-AGAGTCAAAATCCGTC,11
rna+H3K4me3-AGAGTCAAAATGTTGC,12
rna+H3K4me3-AGAGTCAAACACGACC,3
rna+H3K4me3-AGAGTCAAACAGATTC,0
rna+H3K4me3-AGAGTCAAAGATGTAC,3
rna+H3K4me3-AGAGTCAAAGCACCTC,13
rna+H3K4me3-AGAGTCAAAGCCATGC,3
rna+H3K4me3-AGAGTCAAAGGCTAAC,3
rna+H3K4me3-AGAGTCAACATCAAGT,5
rna+H3K4me3-AGAGTCAAATAGCGAC,10
rna+H3K4me3-AGAGTCAAATCATTCC,8
rna+H3K4me3-AGAGTCAAATTGGCTC,12
rna+H3K4me3-AGAGTCAACAAGGAGC,5
rna+H3K4me3-AGAGTCAACACCTTAC,2
rna+H3K4me3-AGAGTCAACCATCCTC,5
rna+H3K4me3-AGAGTCAACCGACAAC,7
rna+H3K4me3-AGAGTCAACCTAATCC,10
rna+H3K4me3-AGAGTCAACCTCTATC,7
rna+H3K4me3-AGAGTCAACGACACAC,7
rna+H3K4me3-AGAGTCAACGCTGATC,8
rna+H3K4me3-AGAGTCAACGGATTGC,5
rna+H3K4me3-AGAGTCAACTAAGGTC,7
rna+H3K4me3-AGAGTCAAGAACAGGC,5
rna+H3K4me3-AGAGTCAAGACAGTGC,11
rna+H3K4me3-AGAGTCAAGAGTTAGC,8
rna+H3K4me3-AGAGTCAAGATGAATC,2
rna+H3K4me3-AGAGTCAAGCCAAGAC,7
rna+H3K4me3-AGAGTCAACGGAAGAA,7
rna+H3K4me3-AGAGTCAAGTGACAAG,7
rna+H3K4me3-AGAGTCAAGAACCAGA,1
rna+H3K4me3-ACTATGCAACAAGCTA,5
rna+H3K4me3-ACTATGCATTGCTGGA,5
rna+H3K4me3-ACTATGCACTGTAGCC,12
rna+H3K4me3-ACTATGCAAGTACAAG,6
rna+H3K4me3-ACTATGCAAACAACCA,6
rna+H3K4me3-ACTATGCAAACCGAGA,6
rna+H3K4me3-ACTATGCAAACGCTTA,6
rna+H3K4me3-ACTATGCAAAGACGGA,6
rna+H3K4me3-ACTATGCAAAGGTACA,5
rna+H3K4me3-ACTATGCAACACAGAA,8
rna+H3K4me3-ACTATGCAACAGCAGA,6
rna+H3K4me3-ACTATGCAACCTCCAA,7
rna+H3K4me3-ACTATGCAACGCTCGA,5
rna+H3K4me3-ACTATGCAACGTATCA,8
rna+H3K4me3-ACTATGCAACTATGCA,2
rna+H3K4me3-ACTATGCAAGAGTCAA,10
rna+H3K4me3-ACTATGCAAGATCGCA,12
rna+H3K4me3-ACTATGCAAGCAGGAA,4
rna+H3K4me3-ACTATGCAAGTCACTA,4
rna+H3K4me3-ACTATGCAATCCTGTA,8
rna+H3K4me3-ACTATGCAATTGAGGA,6
rna+H3K4me3-ACTATGCACAACCACA,6
rna+H3K4me3-ACTATGCAGACTAGTA,6
rna+H3K4me3-ACTATGCACAATGGAA,5
rna+H3K4me3-ACTATGCACACTTCGA,6
rna+H3K4me3-ACTATGCACAGCGTTA,6
rna+H3K4me3-ACTATGCACATACCAA,10
rna+H3K4me3-ACTATGCACCAGTTCA,1
rna+H3K4me3-ACTATGCACCGAAGTA,4
rna+H3K4me3-ACTATGCACCGTGAGA,6
rna+H3K4me3-ACTATGCACCTCCTGA,3
rna+H3K4me3-ACTATGCACGAACTTA,3
rna+H3K4me3-ACTATGCACGACTGGA,3
rna+H3K4me3-ACTATGCACGCATACA,3
rna+H3K4me3-ACTATGCACTCAATGA,8
rna+H3K4me3-ACTATGCACTGAGCCA,3
rna+H3K4me3-ACTATGCACTGGCATA,11
rna+H3K4me3-ACTATGCAGAATCTGA,2
rna+H3K4me3-ACTATGCACAAGACTA,3
rna+H3K4me3-ACTATGCAGAGCTGAA,3
rna+H3K4me3-ACTATGCAGATAGACA,0
rna+H3K4me3-ACTATGCAACCACTGT,14
rna+H3K4me3-ACTATGCAGCCACATA,0
rna+H3K4me3-ACTATGCAGCGAGTAA,8
rna+H3K4me3-ACTATGCAGCTAACGA,8
rna+H3K4me3-ACTATGCAGCTCGGTA,5
rna+H3K4me3-ACTATGCAGGAGAACA,3
rna+H3K4me3-ACTATGCAGGTGCGAA,8
rna+H3K4me3-ACTATGCAGTACGCAA,3
rna+H3K4me3-ACTATGCAGTCGTAGA,5
rna+H3K4me3-ACTATGCAGTCTGTCA,2
rna+H3K4me3-ACTATGCAGTGTTCTA,12
rna+H3K4me3-ACTATGCAACATTGGC,5
rna+H3K4me3-ACTATGCATAGGATGA,10
rna+H3K4me3-ACTATGCATATCAGCA,4
rna+H3K4me3-ACTATGCATCCGTCTA,4
rna+H3K4me3-ACTATGCATCTTCACA,10
rna+H3K4me3-ACTATGCATGAAGAGA,0
rna+H3K4me3-ACTATGCATGGAACAA,3
rna+H3K4me3-ACTATGCATGGCTTCA,3
rna+H3K4me3-ACTATGCATGGTGGTA,2
rna+H3K4me3-ACTATGCATTCACGCA,3
rna+H3K4me3-ACTATGCAAACTCACC,3
rna+H3K4me3-ACTATGCACAGATCTG,2
rna+H3K4me3-ACTATGCAAAGAGATC,10
rna+H3K4me3-ACTATGCAAAGGACAC,3
rna+H3K4me3-ACTATGCAAATCCGTC,3
rna+H3K4me3-ACTATGCAAATGTTGC,3
rna+H3K4me3-ACTATGCAACACGACC,3
rna+H3K4me3-ACTATGCAACAGATTC,3
rna+H3K4me3-ACTATGCAAGATGTAC,11
rna+H3K4me3-ACTATGCAAGCACCTC,3
rna+H3K4me3-ACTATGCAAGCCATGC,3
rna+H3K4me3-ACTATGCAAGGCTAAC,3
rna+H3K4me3-ACTATGCACATCAAGT,12
rna+H3K4me3-ACTATGCAATAGCGAC,7
rna+H3K4me3-ACTATGCAATCATTCC,7
rna+H3K4me3-ACTATGCAATTGGCTC,10
rna+H3K4me3-ACTATGCACAAGGAGC,10
rna+H3K4me3-ACTATGCACACCTTAC,5
rna+H3K4me3-ACTATGCACCATCCTC,5
rna+H3K4me3-ACTATGCACCGACAAC,7
rna+H3K4me3-ACTATGCACCTAATCC,7
rna+H3K4me3-ACTATGCACCTCTATC,7
rna+H3K4me3-ACTATGCACGACACAC,2
rna+H3K4me3-ACTATGCACGCTGATC,5
rna+H3K4me3-ACTATGCACGGATTGC,8
rna+H3K4me3-ACTATGCACTAAGGTC,2
rna+H3K4me3-ACTATGCAGAACAGGC,2
rna+H3K4me3-ACTATGCAGACAGTGC,5
rna+H3K4me3-ACTATGCAGAGTTAGC,5
rna+H3K4me3-ACTATGCAGATGAATC,5
rna+H3K4me3-ACTATGCAGCCAAGAC,8
rna+H3K4me3-ACTATGCACGGAAGAA,7
rna+H3K4me3-ACTATGCAGTGACAAG,7
rna+H3K4me3-ACTATGCAGAACCAGA,8
rna+H3K4me3-ACGTATCAACAAGCTA,8
rna+H3K4me3-ACGTATCATTGCTGGA,4
rna+H3K4me3-ACGTATCACTGTAGCC,5
rna+H3K4me3-ACGTATCAAGTACAAG,10
rna+H3K4me3-ACGTATCAAACAACCA,12
rna+H3K4me3-ACGTATCAAACCGAGA,6
rna+H3K4me3-ACGTATCAAACGCTTA,6
rna+H3K4me3-ACGTATCAAAGACGGA,2
rna+H3K4me3-ACGTATCAAAGGTACA,1
rna+H3K4me3-ACGTATCAACACAGAA,6
rna+H3K4me3-ACGTATCAACAGCAGA,8
rna+H3K4me3-ACGTATCAACCTCCAA,2
rna+H3K4me3-ACGTATCAACGCTCGA,6
rna+H3K4me3-ACGTATCAACGTATCA,11
rna+H3K4me3-ACGTATCAACTATGCA,6
rna+H3K4me3-ACGTATCAAGAGTCAA,6
rna+H3K4me3-ACGTATCAAGATCGCA,8
rna+H3K4me3-ACGTATCAAGCAGGAA,10
rna+H3K4me3-ACGTATCAAGTCACTA,10
rna+H3K4me3-ACGTATCAATCCTGTA,12
rna+H3K4me3-ACGTATCAATTGAGGA,6
rna+H3K4me3-ACGTATCACAACCACA,6
rna+H3K4me3-ACGTATCAGACTAGTA,5
rna+H3K4me3-ACGTATCACAATGGAA,1
rna+H3K4me3-ACGTATCACACTTCGA,2
rna+H3K4me3-ACGTATCACAGCGTTA,6
rna+H3K4me3-ACGTATCACATACCAA,7
rna+H3K4me3-ACGTATCACCAGTTCA,10
rna+H3K4me3-ACGTATCACCGAAGTA,4
rna+H3K4me3-ACGTATCACCGTGAGA,1
rna+H3K4me3-ACGTATCACCTCCTGA,5
rna+H3K4me3-ACGTATCACGAACTTA,0
rna+H3K4me3-ACGTATCACGACTGGA,6
rna+H3K4me3-ACGTATCACGCATACA,0
rna+H3K4me3-ACGTATCACTCAATGA,3
rna+H3K4me3-ACGTATCACTGAGCCA,0
rna+H3K4me3-ACGTATCACTGGCATA,0
rna+H3K4me3-ACGTATCAGAATCTGA,8
rna+H3K4me3-ACGTATCACAAGACTA,0
rna+H3K4me3-ACGTATCAGAGCTGAA,3
rna+H3K4me3-ACGTATCAGATAGACA,3
rna+H3K4me3-ACGTATCAGCCACATA,8
rna+H3K4me3-ACGTATCAGCGAGTAA,3
rna+H3K4me3-ACGTATCAGCTAACGA,3
rna+H3K4me3-ACGTATCAGCTCGGTA,3
rna+H3K4me3-ACGTATCAGGAGAACA,0
rna+H3K4me3-ACGTATCAGGTGCGAA,0
rna+H3K4me3-ACGTATCAGTACGCAA,8
rna+H3K4me3-ACGTATCAGTCGTAGA,3
rna+H3K4me3-ACGTATCAGTCTGTCA,2
rna+H3K4me3-ACGTATCAGTGTTCTA,4
rna+H3K4me3-ACGTATCAACATTGGC,14
rna+H3K4me3-ACGTATCATAGGATGA,4
rna+H3K4me3-ACGTATCATATCAGCA,4
rna+H3K4me3-ACGTATCATCCGTCTA,10
rna+H3K4me3-ACGTATCATCTTCACA,2
rna+H3K4me3-ACGTATCATGAAGAGA,3
rna+H3K4me3-ACGTATCATGGAACAA,10
rna+H3K4me3-ACGTATCATGGCTTCA,3
rna+H3K4me3-ACGTATCATGGTGGTA,0
rna+H3K4me3-ACGTATCATTCACGCA,11
rna+H3K4me3-ACGTATCAAACTCACC,0
rna+H3K4me3-ACGTATCACAGATCTG,2
rna+H3K4me3-ACGTATCAAAGAGATC,3
rna+H3K4me3-ACGTATCAAAGGACAC,3
rna+H3K4me3-ACGTATCAAATCCGTC,11
rna+H3K4me3-ACGTATCAAATGTTGC,0
rna+H3K4me3-ACGTATCAACACGACC,0
rna+H3K4me3-ACGTATCAACAGATTC,2
rna+H3K4me3-ACGTATCAAGATGTAC,3
rna+H3K4me3-ACGTATCAAGCACCTC,3
rna+H3K4me3-ACGTATCAAGCCATGC,2
rna+H3K4me3-ACGTATCAAGGCTAAC,3
rna+H3K4me3-ACGTATCACATCAAGT,5
rna+H3K4me3-ACGTATCAATAGCGAC,5
rna+H3K4me3-ACGTATCAATCATTCC,5
rna+H3K4me3-ACGTATCAATTGGCTC,7
rna+H3K4me3-ACGTATCACAAGGAGC,7
rna+H3K4me3-ACGTATCACACCTTAC,7
rna+H3K4me3-ACGTATCACCATCCTC,7
rna+H3K4me3-ACGTATCACCGACAAC,7
rna+H3K4me3-ACGTATCACCTAATCC,7
rna+H3K4me3-ACGTATCACCTCTATC,7
rna+H3K4me3-ACGTATCACGACACAC,7
rna+H3K4me3-ACGTATCACGCTGATC,8
rna+H3K4me3-ACGTATCACGGATTGC,12
rna+H3K4me3-ACGTATCACTAAGGTC,2
rna+H3K4me3-ACGTATCAGAACAGGC,5
rna+H3K4me3-ACGTATCAGACAGTGC,8
rna+H3K4me3-ACGTATCAGAGTTAGC,7
rna+H3K4me3-ACGTATCAGATGAATC,5
rna+H3K4me3-ACGTATCAGCCAAGAC,5
rna+H3K4me3-ACGTATCACGGAAGAA,5
rna+H3K4me3-ACGTATCAGTGACAAG,7
rna+H3K4me3-ACGTATCAGAACCAGA,7
rna+H3K4me3-GAGTTAGCAACGTGAT,9
rna+H3K4me3-GAGTTAGCACAAGCTA,5
rna+H3K4me3-GAGTTAGCTTGCTGGA,5
rna+H3K4me3-GAGTTAGCCTGTAGCC,9
rna+H3K4me3-GAGTTAGCAGTACAAG,9
rna+H3K4me3-GAGTTAGCAACAACCA,9
rna+H3K4me3-GAGTTAGCAACCGAGA,9
rna+H3K4me3-GAGTTAGCAACGCTTA,9
rna+H3K4me3-GAGTTAGCAAGACGGA,9
rna+H3K4me3-GAGTTAGCAAGGTACA,9
rna+H3K4me3-GAGTTAGCACACAGAA,9
rna+H3K4me3-GAGTTAGCACAGCAGA,5
rna+H3K4me3-GAGTTAGCAAACATCG,1
rna+H3K4me3-GAGTTAGCACCTCCAA,1
rna+H3K4me3-GAGTTAGCACGCTCGA,9
rna+H3K4me3-GAGTTAGCACGTATCA,1
rna+H3K4me3-GAGTTAGCACTATGCA,1
rna+H3K4me3-GAGTTAGCAGAGTCAA,9
rna+H3K4me3-GAGTTAGCAGATCGCA,9
rna+H3K4me3-GAGTTAGCAGCAGGAA,7
rna+H3K4me3-GAGTTAGCAGTCACTA,9
rna+H3K4me3-GAGTTAGCATCCTGTA,2
rna+H3K4me3-GAGTTAGCATTGAGGA,2
rna+H3K4me3-GAGTTAGCATGCCTAA,9
rna+H3K4me3-GAGTTAGCCAACCACA,8
rna+H3K4me3-GAGTTAGCGACTAGTA,2
rna+H3K4me3-GAGTTAGCCAATGGAA,1
rna+H3K4me3-GAGTTAGCCACTTCGA,1
rna+H3K4me3-GAGTTAGCCAGCGTTA,1
rna+H3K4me3-GAGTTAGCCATACCAA,1
rna+H3K4me3-GAGTTAGCCCAGTTCA,1
rna+H3K4me3-GAGTTAGCCCGAAGTA,9
rna+H3K4me3-GAGTTAGCCCGTGAGA,9
rna+H3K4me3-GAGTTAGCCCTCCTGA,1
rna+H3K4me3-GAGTTAGCAGTGGTCA,12
rna+H3K4me3-GAGTTAGCCGAACTTA,1
rna+H3K4me3-GAGTTAGCCGACTGGA,1
rna+H3K4me3-GAGTTAGCCGCATACA,1
rna+H3K4me3-GAGTTAGCCTCAATGA,1
rna+H3K4me3-GAGTTAGCCTGAGCCA,1
rna+H3K4me3-GAGTTAGCCTGGCATA,7
rna+H3K4me3-GAGTTAGCGAATCTGA,1
rna+H3K4me3-GAGTTAGCCAAGACTA,8
rna+H3K4me3-GAGTTAGCGAGCTGAA,1
rna+H3K4me3-GAGTTAGCGATAGACA,1
rna+H3K4me3-GAGTTAGCACCACTGT,5
rna+H3K4me3-GAGTTAGCGCCACATA,1
rna+H3K4me3-GAGTTAGCGCGAGTAA,1
rna+H3K4me3-GAGTTAGCGCTAACGA,1
rna+H3K4me3-GAGTTAGCGCTCGGTA,4
rna+H3K4me3-GAGTTAGCGGAGAACA,1
rna+H3K4me3-GAGTTAGCGGTGCGAA,2
rna+H3K4me3-GAGTTAGCGTACGCAA,4
rna+H3K4me3-GAGTTAGCGTCGTAGA,4
rna+H3K4me3-GAGTTAGCGTCTGTCA,8
rna+H3K4me3-GAGTTAGCGTGTTCTA,10
rna+H3K4me3-GAGTTAGCACATTGGC,9
rna+H3K4me3-GAGTTAGCTAGGATGA,12
rna+H3K4me3-GAGTTAGCTATCAGCA,1
rna+H3K4me3-GAGTTAGCTCCGTCTA,1
rna+H3K4me3-GAGTTAGCTCTTCACA,5
rna+H3K4me3-GAGTTAGCTGAAGAGA,9
rna+H3K4me3-GAGTTAGCTGGAACAA,4
rna+H3K4me3-GAGTTAGCTGGCTTCA,8
rna+H3K4me3-GAGTTAGCTGGTGGTA,10
rna+H3K4me3-GAGTTAGCTTCACGCA,5
rna+H3K4me3-GAGTTAGCAACTCACC,1
rna+H3K4me3-GAGTTAGCCAGATCTG,9
rna+H3K4me3-GAGTTAGCAAGAGATC,5
rna+H3K4me3-GAGTTAGCAAGGACAC,1
rna+H3K4me3-GAGTTAGCAATCCGTC,1
rna+H3K4me3-GAGTTAGCAATGTTGC,1
rna+H3K4me3-GAGTTAGCACACGACC,1
rna+H3K4me3-GAGTTAGCACAGATTC,1
rna+H3K4me3-GAGTTAGCAGATGTAC,1
rna+H3K4me3-GAGTTAGCAGCACCTC,3
rna+H3K4me3-GAGTTAGCAGCCATGC,1
rna+H3K4me3-GAGTTAGCAGGCTAAC,1
rna+H3K4me3-GAGTTAGCCATCAAGT,2
rna+H3K4me3-GAGTTAGCATAGCGAC,8
rna+H3K4me3-GAGTTAGCATCATTCC,1
rna+H3K4me3-GAGTTAGCATTGGCTC,9
rna+H3K4me3-GAGTTAGCCAAGGAGC,1
rna+H3K4me3-GAGTTAGCCACCTTAC,1
rna+H3K4me3-GAGTTAGCCCATCCTC,5
rna+H3K4me3-GAGTTAGCCCGACAAC,5
rna+H3K4me3-GAGTTAGCCCTAATCC,1
rna+H3K4me3-GAGTTAGCCCTCTATC,1
rna+H3K4me3-GAGTTAGCCGACACAC,11
rna+H3K4me3-GAGTTAGCCGCTGATC,9
rna+H3K4me3-GAGTTAGCCGGATTGC,5
rna+H3K4me3-GAGTTAGCCTAAGGTC,8
rna+H3K4me3-GAGTTAGCGAACAGGC,14
rna+H3K4me3-GAGTTAGCGACAGTGC,4
rna+H3K4me3-GAGTTAGCGAGTTAGC,8
rna+H3K4me3-GAGTTAGCGATGAATC,2
rna+H3K4me3-GAGTTAGCGCCAAGAC,7
rna+H3K4me3-GAGTTAGCCGGAAGAA,1
rna+H3K4me3-GAGTTAGCGTGACAAG,1
rna+H3K4me3-GAGTTAGCGAACCAGA,1
rna+H3K4me3-ACGCTCGAACAAGCTA,14
rna+H3K4me3-ACGCTCGATTGCTGGA,2
rna+H3K4me3-ACGCTCGACTGTAGCC,8
rna+H3K4me3-ACGCTCGAAGTACAAG,10
rna+H3K4me3-ACGCTCGAAACAACCA,2
rna+H3K4me3-ACGCTCGAAACCGAGA,12
rna+H3K4me3-ACGCTCGAAACGCTTA,6
rna+H3K4me3-ACGCTCGAAAGACGGA,6
rna+H3K4me3-ACGCTCGAAAGGTACA,6
rna+H3K4me3-ACGCTCGAACACAGAA,6
rna+H3K4me3-ACGCTCGAACAGCAGA,2
rna+H3K4me3-ACGCTCGAACCTCCAA,6
rna+H3K4me3-ACGCTCGAACGCTCGA,6
rna+H3K4me3-ACGCTCGAACGTATCA,8
rna+H3K4me3-ACGCTCGAACTATGCA,2
rna+H3K4me3-ACGCTCGAAGAGTCAA,12
rna+H3K4me3-ACGCTCGAAGATCGCA,10
rna+H3K4me3-ACGCTCGAAGCAGGAA,12
rna+H3K4me3-ACGCTCGAAGTCACTA,12
rna+H3K4me3-ACGCTCGAATCCTGTA,6
rna+H3K4me3-ACGCTCGAATTGAGGA,6
rna+H3K4me3-ACGCTCGACAACCACA,5
rna+H3K4me3-ACGCTCGAGACTAGTA,6
rna+H3K4me3-ACGCTCGACAATGGAA,2
rna+H3K4me3-ACGCTCGACACTTCGA,9
rna+H3K4me3-ACGCTCGACAGCGTTA,8
rna+H3K4me3-ACGCTCGACATACCAA,2
rna+H3K4me3-ACGCTCGACCAGTTCA,6
rna+H3K4me3-ACGCTCGACCGAAGTA,8
rna+H3K4me3-ACGCTCGACCGTGAGA,6
rna+H3K4me3-ACGCTCGACCTCCTGA,6
rna+H3K4me3-ACGCTCGACGAACTTA,3
rna+H3K4me3-ACGCTCGACGACTGGA,4
rna+H3K4me3-ACGCTCGACGCATACA,12
rna+H3K4me3-ACGCTCGACTCAATGA,0
rna+H3K4me3-ACGCTCGACTGAGCCA,0
rna+H3K4me3-ACGCTCGACTGGCATA,0
rna+H3K4me3-ACGCTCGAGAATCTGA,10
rna+H3K4me3-ACGCTCGACAAGACTA,0
rna+H3K4me3-ACGCTCGAGAGCTGAA,5
rna+H3K4me3-ACGCTCGAGATAGACA,3
rna+H3K4me3-ACGCTCGAGCCACATA,3
rna+H3K4me3-ACGCTCGAGCGAGTAA,3
rna+H3K4me3-ACGCTCGAGCTAACGA,10
rna+H3K4me3-ACGCTCGAGCTCGGTA,8
rna+H3K4me3-ACGCTCGAGGAGAACA,3
rna+H3K4me3-ACGCTCGAGGTGCGAA,3
rna+H3K4me3-ACGCTCGAGTACGCAA,3
rna+H3K4me3-ACGCTCGAGTCGTAGA,5
rna+H3K4me3-ACGCTCGAGTCTGTCA,4
rna+H3K4me3-ACGCTCGAGTGTTCTA,10
rna+H3K4me3-ACGCTCGAACATTGGC,8
rna+H3K4me3-ACGCTCGATAGGATGA,11
rna+H3K4me3-ACGCTCGATATCAGCA,4
rna+H3K4me3-ACGCTCGATCCGTCTA,4
rna+H3K4me3-ACGCTCGATCTTCACA,4
rna+H3K4me3-ACGCTCGATGAAGAGA,0
rna+H3K4me3-ACGCTCGATGGAACAA,11
rna+H3K4me3-ACGCTCGATGGCTTCA,5
rna+H3K4me3-ACGCTCGATGGTGGTA,3
rna+H3K4me3-ACGCTCGATTCACGCA,11
rna+H3K4me3-ACGCTCGAAACTCACC,3
rna+H3K4me3-ACGCTCGACAGATCTG,14
rna+H3K4me3-ACGCTCGAAAGAGATC,0
rna+H3K4me3-ACGCTCGAAAGGACAC,3
rna+H3K4me3-ACGCTCGAAATCCGTC,3
rna+H3K4me3-ACGCTCGAAATGTTGC,3
rna+H3K4me3-ACGCTCGAACACGACC,5
rna+H3K4me3-ACGCTCGAACAGATTC,3
rna+H3K4me3-ACGCTCGAAGATGTAC,3
rna+H3K4me3-ACGCTCGAAGCACCTC,3
rna+H3K4me3-ACGCTCGAAGCCATGC,3
rna+H3K4me3-ACGCTCGAAGGCTAAC,11
rna+H3K4me3-ACGCTCGACATCAAGT,14
rna+H3K4me3-ACGCTCGAATAGCGAC,3
rna+H3K4me3-ACGCTCGAATCATTCC,2
rna+H3K4me3-ACGCTCGAATTGGCTC,7
rna+H3K4me3-ACGCTCGACAAGGAGC,5
rna+H3K4me3-ACGCTCGACACCTTAC,7
rna+H3K4me3-ACGCTCGACCATCCTC,3
rna+H3K4me3-ACGCTCGACCGACAAC,7
rna+H3K4me3-ACGCTCGACCTAATCC,2
rna+H3K4me3-ACGCTCGACCTCTATC,2
rna+H3K4me3-ACGCTCGACGACACAC,7
rna+H3K4me3-ACGCTCGACGCTGATC,2
rna+H3K4me3-ACGCTCGACGGATTGC,7
rna+H3K4me3-ACGCTCGACTAAGGTC,8
rna+H3K4me3-ACGCTCGAGAACAGGC,2
rna+H3K4me3-ACGCTCGAGACAGTGC,14
rna+H3K4me3-ACGCTCGAGAGTTAGC,7
rna+H3K4me3-ACGCTCGAGATGAATC,10
rna+H3K4me3-ACGCTCGAGCCAAGAC,2
rna+H3K4me3-ACGCTCGACGGAAGAA,7
rna+H3K4me3-ACGCTCGAGTGACAAG,7
rna+H3K4me3-ACGCTCGAGAACCAGA,6
rna+H3K4me3-ACCTCCAAACAAGCTA,5
rna+H3K4me3-ACCTCCAATTGCTGGA,14
rna+H3K4me3-ACCTCCAACTGTAGCC,2
rna+H3K4me3-ACCTCCAAAGTACAAG,12
rna+H3K4me3-ACCTCCAAAACAACCA,8
rna+H3K4me3-ACCTCCAAAACCGAGA,6
rna+H3K4me3-ACCTCCAAAACGCTTA,6
rna+H3K4me3-ACCTCCAAAAGACGGA,6
rna+H3K4me3-ACCTCCAAAAGGTACA,5
rna+H3K4me3-ACCTCCAAACACAGAA,6
rna+H3K4me3-ACCTCCAAACAGCAGA,6
rna+H3K4me3-ACCTCCAAACCTCCAA,4
rna+H3K4me3-ACCTCCAAACGCTCGA,6
rna+H3K4me3-ACCTCCAAACGTATCA,12
rna+H3K4me3-ACCTCCAAACTATGCA,5
rna+H3K4me3-ACCTCCAAAGAGTCAA,4
rna+H3K4me3-ACCTCCAAAGATCGCA,2
rna+H3K4me3-ACCTCCAAAGCAGGAA,6
rna+H3K4me3-ACCTCCAAAGTCACTA,9
rna+H3K4me3-ACCTCCAAATCCTGTA,9
rna+H3K4me3-ACCTCCAAATTGAGGA,6
rna+H3K4me3-ACCTCCAACAACCACA,6
rna+H3K4me3-ACCTCCAAGACTAGTA,6
rna+H3K4me3-ACCTCCAACAATGGAA,7
rna+H3K4me3-ACCTCCAACACTTCGA,8
rna+H3K4me3-ACCTCCAACAGCGTTA,6
rna+H3K4me3-ACCTCCAACATACCAA,5
rna+H3K4me3-ACCTCCAACCAGTTCA,4
rna+H3K4me3-ACCTCCAACCGAAGTA,12
rna+H3K4me3-ACCTCCAACCGTGAGA,4
rna+H3K4me3-ACCTCCAACCTCCTGA,6
rna+H3K4me3-ACCTCCAACGAACTTA,7
rna+H3K4me3-ACCTCCAACGACTGGA,3
rna+H3K4me3-ACCTCCAACGCATACA,0
rna+H3K4me3-ACCTCCAACTCAATGA,3
rna+H3K4me3-ACCTCCAACTGAGCCA,3
rna+H3K4me3-ACCTCCAACTGGCATA,0
rna+H3K4me3-ACCTCCAAGAATCTGA,0
rna+H3K4me3-ACCTCCAACAAGACTA,0
rna+H3K4me3-ACCTCCAAGAGCTGAA,0
rna+H3K4me3-ACCTCCAAGATAGACA,3
rna+H3K4me3-ACCTCCAAGCCACATA,3
rna+H3K4me3-ACCTCCAAGCGAGTAA,8
rna+H3K4me3-ACCTCCAAGCTAACGA,3
rna+H3K4me3-ACCTCCAAGCTCGGTA,3
rna+H3K4me3-ACCTCCAAGGAGAACA,3
rna+H3K4me3-ACCTCCAAGGTGCGAA,3
rna+H3K4me3-ACCTCCAAGTACGCAA,0
rna+H3K4me3-ACCTCCAAGTCGTAGA,3
rna+H3K4me3-ACCTCCAAGTCTGTCA,4
rna+H3K4me3-ACCTCCAAGTGTTCTA,12
rna+H3K4me3-ACCTCCAATAGGATGA,12
rna+H3K4me3-ACCTCCAATATCAGCA,11
rna+H3K4me3-ACCTCCAATCCGTCTA,2
rna+H3K4me3-ACCTCCAATCTTCACA,11
rna+H3K4me3-ACCTCCAATGAAGAGA,2
rna+H3K4me3-ACCTCCAATGGAACAA,3
rna+H3K4me3-ACCTCCAATGGCTTCA,0
rna+H3K4me3-ACCTCCAATGGTGGTA,3
rna+H3K4me3-ACCTCCAATTCACGCA,3
rna+H3K4me3-ACCTCCAAAACTCACC,2
rna+H3K4me3-ACCTCCAACAGATCTG,12
rna+H3K4me3-ACCTCCAAAAGAGATC,3
rna+H3K4me3-ACCTCCAAAAGGACAC,3
rna+H3K4me3-ACCTCCAAAATCCGTC,11
rna+H3K4me3-ACCTCCAAAATGTTGC,3
rna+H3K4me3-ACCTCCAAACACGACC,10
rna+H3K4me3-ACCTCCAAACAGATTC,10
rna+H3K4me3-ACCTCCAAAGATGTAC,2
rna+H3K4me3-ACCTCCAAAGCACCTC,2
rna+H3K4me3-ACCTCCAAAGCCATGC,3
rna+H3K4me3-ACCTCCAAAGGCTAAC,3
rna+H3K4me3-ACCTCCAACATCAAGT,14
rna+H3K4me3-ACCTCCAAATAGCGAC,3
rna+H3K4me3-ACCTCCAAATCATTCC,7
rna+H3K4me3-ACCTCCAAATTGGCTC,7
rna+H3K4me3-ACCTCCAACAAGGAGC,7
rna+H3K4me3-ACCTCCAACACCTTAC,8
rna+H3K4me3-ACCTCCAACCATCCTC,11
rna+H3K4me3-ACCTCCAACCGACAAC,10
rna+H3K4me3-ACCTCCAACCTAATCC,8
rna+H3K4me3-ACCTCCAACCTCTATC,7
rna+H3K4me3-ACCTCCAACGACACAC,7
rna+H3K4me3-ACCTCCAACGCTGATC,12
rna+H3K4me3-ACCTCCAACGGATTGC,7
rna+H3K4me3-ACCTCCAACTAAGGTC,7
rna+H3K4me3-ACCTCCAAGAACAGGC,2
rna+H3K4me3-ACCTCCAAGACAGTGC,5
rna+H3K4me3-ACCTCCAAGAGTTAGC,14
rna+H3K4me3-ACCTCCAAGATGAATC,12
rna+H3K4me3-ACCTCCAAGCCAAGAC,7
rna+H3K4me3-ACCTCCAACGGAAGAA,5
rna+H3K4me3-ACCTCCAAGTGACAAG,7
rna+H3K4me3-ACCTCCAAGAACCAGA,5
rna+H3K4me3-ACAGCAGAACAAGCTA,5
rna+H3K4me3-ACAGCAGATTGCTGGA,7
rna+H3K4me3-ACAGCAGACTGTAGCC,5
rna+H3K4me3-ACAGCAGAAGTACAAG,12
rna+H3K4me3-ACAGCAGAAACAACCA,1
rna+H3K4me3-ACAGCAGAAACCGAGA,6
rna+H3K4me3-ACAGCAGAAACGCTTA,6
rna+H3K4me3-ACAGCAGAAAGACGGA,6
rna+H3K4me3-ACAGCAGAAAGGTACA,6
rna+H3K4me3-ACAGCAGAACACAGAA,12
rna+H3K4me3-ACAGCAGAACAGCAGA,6
rna+H3K4me3-ACAGCAGAACCTCCAA,6
rna+H3K4me3-ACAGCAGAACGCTCGA,6
rna+H3K4me3-ACAGCAGAACGTATCA,10
rna+H3K4me3-ACAGCAGAACTATGCA,8
rna+H3K4me3-ACAGCAGAAGAGTCAA,4
rna+H3K4me3-ACAGCAGAAGATCGCA,6
rna+H3K4me3-ACAGCAGAAGCAGGAA,2
rna+H3K4me3-ACAGCAGAAGTCACTA,2
rna+H3K4me3-ACAGCAGAATCCTGTA,8
rna+H3K4me3-ACAGCAGAATTGAGGA,1
rna+H3K4me3-ACAGCAGACAACCACA,6
rna+H3K4me3-ACAGCAGAGACTAGTA,6
rna+H3K4me3-ACAGCAGACAATGGAA,1
rna+H3K4me3-ACAGCAGACACTTCGA,6
rna+H3K4me3-ACAGCAGACAGCGTTA,10
rna+H3K4me3-ACAGCAGACATACCAA,2
rna+H3K4me3-ACAGCAGACCAGTTCA,1
rna+H3K4me3-ACAGCAGACCGAAGTA,12
rna+H3K4me3-ACAGCAGACCGTGAGA,6
rna+H3K4me3-ACAGCAGACCTCCTGA,8
rna+H3K4me3-ACAGCAGACGAACTTA,6
rna+H3K4me3-ACAGCAGACGACTGGA,7
rna+H3K4me3-ACAGCAGACGCATACA,3
rna+H3K4me3-ACAGCAGACTCAATGA,0
rna+H3K4me3-ACAGCAGACTGAGCCA,10
rna+H3K4me3-ACAGCAGACTGGCATA,3
rna+H3K4me3-ACAGCAGAGAATCTGA,8
rna+H3K4me3-ACAGCAGACAAGACTA,0
rna+H3K4me3-ACAGCAGAGAGCTGAA,0
rna+H3K4me3-ACAGCAGAGATAGACA,0
rna+H3K4me3-ACAGCAGAGCCACATA,10
rna+H3K4me3-ACAGCAGAGCGAGTAA,0
rna+H3K4me3-ACAGCAGAGCTAACGA,3
rna+H3K4me3-ACAGCAGAGCTCGGTA,3
rna+H3K4me3-ACAGCAGAGGAGAACA,10
rna+H3K4me3-ACAGCAGAGGTGCGAA,3
rna+H3K4me3-ACAGCAGAGTACGCAA,3
rna+H3K4me3-ACAGCAGAGTCGTAGA,4
rna+H3K4me3-ACAGCAGAGTCTGTCA,5
rna+H3K4me3-ACAGCAGAGTGTTCTA,2
rna+H3K4me3-ACAGCAGATAGGATGA,4
rna+H3K4me3-ACAGCAGATATCAGCA,4
rna+H3K4me3-ACAGCAGATCCGTCTA,10
rna+H3K4me3-ACAGCAGATCTTCACA,4
rna+H3K4me3-ACAGCAGATGAAGAGA,3
rna+H3K4me3-ACAGCAGATGGAACAA,0
rna+H3K4me3-ACAGCAGATGGCTTCA,11
rna+H3K4me3-ACAGCAGATGGTGGTA,3
rna+H3K4me3-ACAGCAGATTCACGCA,3
rna+H3K4me3-ACAGCAGAAACTCACC,3
rna+H3K4me3-ACAGCAGAAAGAGATC,3
rna+H3K4me3-ACAGCAGAAAGGACAC,3
rna+H3K4me3-ACAGCAGAAATCCGTC,3
rna+H3K4me3-ACAGCAGAAATGTTGC,3
rna+H3K4me3-ACAGCAGAACACGACC,3
rna+H3K4me3-ACAGCAGAACAGATTC,3
rna+H3K4me3-ACAGCAGAAGATGTAC,3
rna+H3K4me3-ACAGCAGAAGCACCTC,3
rna+H3K4me3-ACAGCAGAAGCCATGC,3
rna+H3K4me3-ACAGCAGAAGGCTAAC,0
rna+H3K4me3-ACAGCAGACATCAAGT,14
rna+H3K4me3-ACAGCAGAATAGCGAC,3
rna+H3K4me3-ACAGCAGAATCATTCC,7
rna+H3K4me3-ACAGCAGAATTGGCTC,5
rna+H3K4me3-ACAGCAGACAAGGAGC,4
rna+H3K4me3-ACAGCAGACACCTTAC,7
rna+H3K4me3-ACAGCAGACCATCCTC,7
rna+H3K4me3-ACAGCAGACCGACAAC,2
rna+H3K4me3-ACAGCAGACCTAATCC,7
rna+H3K4me3-ACAGCAGACCTCTATC,10
rna+H3K4me3-ACAGCAGACGACACAC,7
rna+H3K4me3-ACAGCAGACGCTGATC,2
rna+H3K4me3-ACAGCAGACGGATTGC,14
rna+H3K4me3-ACAGCAGACTAAGGTC,2
rna+H3K4me3-ACAGCAGAGAACAGGC,7
rna+H3K4me3-ACAGCAGAGACAGTGC,8
rna+H3K4me3-ACAGCAGAGAGTTAGC,12
rna+H3K4me3-ACAGCAGAGATGAATC,4
rna+H3K4me3-ACAGCAGAGCCAAGAC,7
rna+H3K4me3-ACAGCAGACGGAAGAA,7
rna+H3K4me3-ACAGCAGAGTGACAAG,7
rna+H3K4me3-ACAGCAGAGAACCAGA,7
rna+H3K4me3-ACACAGAAACAAGCTA,12
rna+H3K4me3-ACACAGAATTGCTGGA,7
rna+H3K4me3-ACACAGAACTGTAGCC,14
rna+H3K4me3-ACACAGAAAGTACAAG,5
rna+H3K4me3-ACACAGAAAACAACCA,6
rna+H3K4me3-ACACAGAAAACCGAGA,2
rna+H3K4me3-ACACAGAAAACGCTTA,6
rna+H3K4me3-ACACAGAAAAGACGGA,5
rna+H3K4me3-ACACAGAAAAGGTACA,8
rna+H3K4me3-ACACAGAAACACAGAA,6
rna+H3K4me3-ACACAGAAACAGCAGA,6
rna+H3K4me3-ACACAGAAACCTCCAA,8
rna+H3K4me3-ACACAGAAACGCTCGA,6
rna+H3K4me3-ACACAGAAACGTATCA,10
rna+H3K4me3-ACACAGAAACTATGCA,6
rna+H3K4me3-ACACAGAAAGAGTCAA,8
rna+H3K4me3-ACACAGAAAGATCGCA,6
rna+H3K4me3-ACACAGAAAGCAGGAA,5
rna+H3K4me3-ACACAGAAAGTCACTA,5
rna+H3K4me3-ACACAGAAATCCTGTA,11
rna+H3K4me3-ACACAGAAATTGAGGA,6
rna+H3K4me3-ACACAGAACAACCACA,1
rna+H3K4me3-ACACAGAAGACTAGTA,4
rna+H3K4me3-ACACAGAACAATGGAA,1
rna+H3K4me3-ACACAGAACACTTCGA,6
rna+H3K4me3-ACACAGAACAGCGTTA,6
rna+H3K4me3-ACACAGAACATACCAA,10
rna+H3K4me3-ACACAGAACCAGTTCA,6
rna+H3K4me3-ACACAGAACCGAAGTA,2
rna+H3K4me3-ACACAGAACCGTGAGA,8
rna+H3K4me3-ACACAGAACCTCCTGA,12
rna+H3K4me3-ACACAGAACGAACTTA,2
rna+H3K4me3-ACACAGAACGACTGGA,7
rna+H3K4me3-ACACAGAACGCATACA,4
rna+H3K4me3-ACACAGAACTCAATGA,3
rna+H3K4me3-ACACAGAACTGAGCCA,3
rna+H3K4me3-ACACAGAACTGGCATA,5
rna+H3K4me3-ACACAGAAGAATCTGA,2
rna+H3K4me3-ACACAGAACAAGACTA,12
rna+H3K4me3-ACACAGAAGAGCTGAA,0
rna+H3K4me3-ACACAGAAGATAGACA,3
rna+H3K4me3-ACACAGAAGCCACATA,3
rna+H3K4me3-ACACAGAAGCGAGTAA,3
rna+H3K4me3-ACACAGAAGCTAACGA,3
rna+H3K4me3-ACACAGAAGCTCGGTA,3
rna+H3K4me3-ACACAGAAGGAGAACA,11
rna+H3K4me3-ACACAGAAGGTGCGAA,11
rna+H3K4me3-ACACAGAAGTACGCAA,3
rna+H3K4me3-ACACAGAAGTCGTAGA,4
rna+H3K4me3-ACACAGAAGTCTGTCA,2
rna+H3K4me3-ACACAGAAGTGTTCTA,4
rna+H3K4me3-ACACAGAATAGGATGA,4
rna+H3K4me3-ACACAGAATATCAGCA,4
rna+H3K4me3-ACACAGAATCCGTCTA,4
rna+H3K4me3-ACACAGAATCTTCACA,8
rna+H3K4me3-ACACAGAATGAAGAGA,3
rna+H3K4me3-ACACAGAATGGAACAA,0
rna+H3K4me3-ACACAGAATGGCTTCA,0
rna+H3K4me3-ACACAGAATGGTGGTA,3
rna+H3K4me3-ACACAGAATTCACGCA,3
rna+H3K4me3-ACACAGAAAACTCACC,3
rna+H3K4me3-ACACAGAAAAGAGATC,3
rna+H3K4me3-ACACAGAAAAGGACAC,11
rna+H3K4me3-ACACAGAAAATCCGTC,8
rna+H3K4me3-ACACAGAAAATGTTGC,5
rna+H3K4me3-ACACAGAAACACGACC,0
rna+H3K4me3-ACACAGAAACAGATTC,11
rna+H3K4me3-ACACAGAAAGATGTAC,3
rna+H3K4me3-ACACAGAAAGCACCTC,3
rna+H3K4me3-ACACAGAAAGCCATGC,3
rna+H3K4me3-ACACAGAAAGGCTAAC,3
rna+H3K4me3-ACACAGAACATCAAGT,14
rna+H3K4me3-ACACAGAAATAGCGAC,3
rna+H3K4me3-ACACAGAAATCATTCC,3
rna+H3K4me3-ACACAGAAATTGGCTC,3
rna+H3K4me3-ACACAGAACAAGGAGC,4
rna+H3K4me3-ACACAGAACACCTTAC,7
rna+H3K4me3-ACACAGAACCATCCTC,7
rna+H3K4me3-ACACAGAACCGACAAC,7
rna+H3K4me3-ACACAGAACCTAATCC,7
rna+H3K4me3-ACACAGAACCTCTATC,5
rna+H3K4me3-ACACAGAACGACACAC,11
rna+H3K4me3-ACACAGAACGCTGATC,14
rna+H3K4me3-ACACAGAACGGATTGC,11
rna+H3K4me3-ACACAGAACTAAGGTC,7
rna+H3K4me3-ACACAGAAGAACAGGC,7
rna+H3K4me3-ACACAGAAGACAGTGC,14
rna+H3K4me3-ACACAGAAGAGTTAGC,5
rna+H3K4me3-ACACAGAAGATGAATC,10
rna+H3K4me3-ACACAGAAGCCAAGAC,2
rna+H3K4me3-ACACAGAACGGAAGAA,7
rna+H3K4me3-ACACAGAAGTGACAAG,8
rna+H3K4me3-ACACAGAAGAACCAGA,2
rna+H3K4me3-AAGGTACAACAAGCTA,12
rna+H3K4me3-AAGGTACATTGCTGGA,7
rna+H3K4me3-AAGGTACACTGTAGCC,5
rna+H3K4me3-AAGGTACAAGTACAAG,5
rna+H3K4me3-AAGGTACAAACAACCA,12
rna+H3K4me3-AAGGTACAAACCGAGA,12
rna+H3K4me3-AAGGTACAAACGCTTA,5
rna+H3K4me3-AAGGTACAAAGACGGA,6
rna+H3K4me3-AAGGTACAAAGGTACA,10
rna+H3K4me3-AAGGTACAACACAGAA,6
rna+H3K4me3-AAGGTACAACAGCAGA,6
rna+H3K4me3-AAGGTACAACCTCCAA,6
rna+H3K4me3-AAGGTACAACGCTCGA,6
rna+H3K4me3-AAGGTACAACGTATCA,5
rna+H3K4me3-AAGGTACAACTATGCA,2
rna+H3K4me3-AAGGTACAAGAGTCAA,6
rna+H3K4me3-AAGGTACAAGATCGCA,5
rna+H3K4me3-AAGGTACAAGCAGGAA,12
rna+H3K4me3-AAGGTACAAGTCACTA,6
rna+H3K4me3-AAGGTACAATCCTGTA,2
rna+H3K4me3-AAGGTACAATTGAGGA,12
rna+H3K4me3-AAGGTACACAACCACA,8
rna+H3K4me3-AAGGTACAGACTAGTA,5
rna+H3K4me3-AAGGTACACAATGGAA,8
rna+H3K4me3-AAGGTACACACTTCGA,6
rna+H3K4me3-AAGGTACACAGCGTTA,4
rna+H3K4me3-AAGGTACACATACCAA,4
rna+H3K4me3-AAGGTACACCAGTTCA,6
rna+H3K4me3-AAGGTACACCGAAGTA,6
rna+H3K4me3-AAGGTACACCGTGAGA,6
rna+H3K4me3-AAGGTACACCTCCTGA,10
rna+H3K4me3-AAGGTACACGAACTTA,7
rna+H3K4me3-AAGGTACACGACTGGA,4
rna+H3K4me3-AAGGTACACGCATACA,8
rna+H3K4me3-AAGGTACACTCAATGA,3
rna+H3K4me3-AAGGTACACTGAGCCA,3
rna+H3K4me3-AAGGTACACTGGCATA,3
rna+H3K4me3-AAGGTACAGAATCTGA,5
rna+H3K4me3-AAGGTACACAAGACTA,3
rna+H3K4me3-AAGGTACAGAGCTGAA,3
rna+H3K4me3-AAGGTACAGATAGACA,3
rna+H3K4me3-AAGGTACAGCCACATA,3
rna+H3K4me3-AAGGTACAGCGAGTAA,3
rna+H3K4me3-AAGGTACAGCTAACGA,3
rna+H3K4me3-AAGGTACAGCTCGGTA,3
rna+H3K4me3-AAGGTACAGGAGAACA,2
rna+H3K4me3-AAGGTACAGGTGCGAA,8
rna+H3K4me3-AAGGTACAGTACGCAA,2
rna+H3K4me3-AAGGTACAGTCGTAGA,7
rna+H3K4me3-AAGGTACAGTCTGTCA,4
rna+H3K4me3-AAGGTACAGTGTTCTA,4
rna+H3K4me3-AAGGTACATAGGATGA,4
rna+H3K4me3-AAGGTACATATCAGCA,4
rna+H3K4me3-AAGGTACATCCGTCTA,3
rna+H3K4me3-AAGGTACATCTTCACA,3
rna+H3K4me3-AAGGTACATGAAGAGA,3
rna+H3K4me3-AAGGTACATGGAACAA,3
rna+H3K4me3-AAGGTACATGGCTTCA,7
rna+H3K4me3-AAGGTACATGGTGGTA,3
rna+H3K4me3-AAGGTACATTCACGCA,3
rna+H3K4me3-AAGGTACAAACTCACC,3
rna+H3K4me3-AAGGTACAAAGAGATC,3
rna+H3K4me3-AAGGTACAAAGGACAC,5
rna+H3K4me3-AAGGTACAAATCCGTC,3
rna+H3K4me3-AAGGTACAAATGTTGC,3
rna+H3K4me3-AAGGTACAACACGACC,3
rna+H3K4me3-AAGGTACAACAGATTC,3
rna+H3K4me3-AAGGTACAAGATGTAC,3
rna+H3K4me3-AAGGTACAAGCACCTC,3
rna+H3K4me3-AAGGTACAAGCCATGC,3
rna+H3K4me3-AAGGTACAAGGCTAAC,3
rna+H3K4me3-AAGGTACACATCAAGT,14
rna+H3K4me3-AAGGTACAATAGCGAC,3
rna+H3K4me3-AAGGTACAATCATTCC,3
rna+H3K4me3-AAGGTACAATTGGCTC,3
rna+H3K4me3-AAGGTACACAAGGAGC,7
rna+H3K4me3-AAGGTACACACCTTAC,7
rna+H3K4me3-AAGGTACACCATCCTC,7
rna+H3K4me3-AAGGTACACCGACAAC,2
rna+H3K4me3-AAGGTACACCTAATCC,8
rna+H3K4me3-AAGGTACACCTCTATC,3
rna+H3K4me3-AAGGTACACGACACAC,10
rna+H3K4me3-AAGGTACACGCTGATC,12
rna+H3K4me3-AAGGTACACGGATTGC,7
rna+H3K4me3-AAGGTACACTAAGGTC,7
rna+H3K4me3-AAGGTACAGAACAGGC,5
rna+H3K4me3-AAGGTACAGACAGTGC,6
rna+H3K4me3-AAGGTACAGAGTTAGC,5
rna+H3K4me3-AAGGTACAGATGAATC,14
rna+H3K4me3-AAGGTACAGCCAAGAC,5
rna+H3K4me3-AAGGTACACGGAAGAA,7
rna+H3K4me3-AAGGTACAGTGACAAG,7
rna+H3K4me3-AAGGTACAGAACCAGA,7
rna+H3K4me3-AAGACGGAACAAGCTA,6
rna+H3K4me3-AAGACGGATTGCTGGA,2
rna+H3K4me3-AAGACGGACTGTAGCC,14
rna+H3K4me3-AAGACGGAAGTACAAG,2
rna+H3K4me3-AAGACGGAAACAACCA,2
rna+H3K4me3-AAGACGGAAACCGAGA,2
rna+H3K4me3-AAGACGGAAACGCTTA,10
rna+H3K4me3-AAGACGGAAAGACGGA,6
rna+H3K4me3-AAGACGGAAAGGTACA,6
rna+H3K4me3-AAGACGGAACACAGAA,6
rna+H3K4me3-AAGACGGAACAGCAGA,6
rna+H3K4me3-AAGACGGAACCTCCAA,5
rna+H3K4me3-AAGACGGAACGCTCGA,6
rna+H3K4me3-AAGACGGAACGTATCA,6
rna+H3K4me3-AAGACGGAACTATGCA,0
rna+H3K4me3-AAGACGGAAGAGTCAA,8
rna+H3K4me3-AAGACGGAAGATCGCA,5
rna+H3K4me3-AAGACGGAAGCAGGAA,12
rna+H3K4me3-AAGACGGAAGTCACTA,2
rna+H3K4me3-AAGACGGAATCCTGTA,2
rna+H3K4me3-AAGACGGAATTGAGGA,5
rna+H3K4me3-AAGACGGACAACCACA,9
rna+H3K4me3-AAGACGGAGACTAGTA,10
rna+H3K4me3-AAGACGGACAATGGAA,12
rna+H3K4me3-AAGACGGACACTTCGA,4
rna+H3K4me3-AAGACGGACAGCGTTA,6
rna+H3K4me3-AAGACGGACATACCAA,12
rna+H3K4me3-AAGACGGACCAGTTCA,6
rna+H3K4me3-AAGACGGACCGAAGTA,5
rna+H3K4me3-AAGACGGACCGTGAGA,11
rna+H3K4me3-AAGACGGACCTCCTGA,7
rna+H3K4me3-AAGACGGACGAACTTA,4
rna+H3K4me3-AAGACGGACGACTGGA,5
rna+H3K4me3-AAGACGGACGCATACA,1
rna+H3K4me3-AAGACGGACTCAATGA,1
rna+H3K4me3-AAGACGGACTGAGCCA,4
rna+H3K4me3-AAGACGGACTGGCATA,3
rna+H3K4me3-AAGACGGAGAATCTGA,11
rna+H3K4me3-AAGACGGACAAGACTA,3
rna+H3K4me3-AAGACGGAGAGCTGAA,0
rna+H3K4me3-AAGACGGAGATAGACA,11
rna+H3K4me3-AAGACGGAGCCACATA,3
rna+H3K4me3-AAGACGGAGCGAGTAA,8
rna+H3K4me3-AAGACGGAGCTAACGA,2
rna+H3K4me3-AAGACGGAGCTCGGTA,3
rna+H3K4me3-AAGACGGAGGAGAACA,14
rna+H3K4me3-AAGACGGAGGTGCGAA,3
rna+H3K4me3-AAGACGGAGTACGCAA,5
rna+H3K4me3-AAGACGGAGTCGTAGA,3
rna+H3K4me3-AAGACGGAGTCTGTCA,11
rna+H3K4me3-AAGACGGAGTGTTCTA,12
rna+H3K4me3-AAGACGGATAGGATGA,4
rna+H3K4me3-AAGACGGATATCAGCA,8
rna+H3K4me3-AAGACGGATCCGTCTA,3
rna+H3K4me3-AAGACGGATCTTCACA,3
rna+H3K4me3-AAGACGGATGAAGAGA,3
rna+H3K4me3-AAGACGGATGGAACAA,8
rna+H3K4me3-AAGACGGATGGCTTCA,2
rna+H3K4me3-AAGACGGATGGTGGTA,3
rna+H3K4me3-AAGACGGATTCACGCA,11
rna+H3K4me3-AAGACGGAAACTCACC,8
rna+H3K4me3-AAGACGGAAAGAGATC,11
rna+H3K4me3-AAGACGGAAAGGACAC,3
rna+H3K4me3-AAGACGGAAATCCGTC,3
rna+H3K4me3-AAGACGGAAATGTTGC,3
rna+H3K4me3-AAGACGGAACACGACC,11
rna+H3K4me3-AAGACGGAACAGATTC,3
rna+H3K4me3-AAGACGGAAGATGTAC,3
rna+H3K4me3-AAGACGGAAGCACCTC,5
rna+H3K4me3-AAGACGGAAGCCATGC,3
rna+H3K4me3-AAGACGGAAGGCTAAC,0
rna+H3K4me3-AAGACGGAATAGCGAC,3
rna+H3K4me3-AAGACGGAATCATTCC,3
rna+H3K4me3-AAGACGGAATTGGCTC,3
rna+H3K4me3-AAGACGGACAAGGAGC,7
rna+H3K4me3-AAGACGGACACCTTAC,5
rna+H3K4me3-AAGACGGACCATCCTC,5
rna+H3K4me3-AAGACGGACCGACAAC,7
rna+H3K4me3-AAGACGGACCTAATCC,7
rna+H3K4me3-AAGACGGACCTCTATC,7
rna+H3K4me3-AAGACGGACGACACAC,7
rna+H3K4me3-AAGACGGACGCTGATC,14
rna+H3K4me3-AAGACGGACGGATTGC,8
rna+H3K4me3-AAGACGGACTAAGGTC,7
rna+H3K4me3-AAGACGGAGAACAGGC,4
rna+H3K4me3-AAGACGGAGACAGTGC,5
rna+H3K4me3-AAGACGGAGAGTTAGC,5
rna+H3K4me3-AAGACGGAGATGAATC,5
rna+H3K4me3-AAGACGGAGCCAAGAC,2
rna+H3K4me3-AAGACGGACGGAAGAA,7
rna+H3K4me3-AAGACGGAGTGACAAG,3
rna+H3K4me3-AAGACGGAGAACCAGA,7
rna+H3K4me3-AACGCTTAACAAGCTA,2
rna+H3K4me3-AACGCTTATTGCTGGA,7
rna+H3K4me3-AACGCTTACTGTAGCC,12
rna+H3K4me3-AACGCTTAAGTACAAG,7
rna+H3K4me3-AACGCTTAAACAACCA,8
rna+H3K4me3-AACGCTTAAACCGAGA,11
rna+H3K4me3-AACGCTTAAACGCTTA,6
rna+H3K4me3-AACGCTTAAAGACGGA,7
rna+H3K4me3-AACGCTTAAAGGTACA,1
rna+H3K4me3-AACGCTTAACACAGAA,6
rna+H3K4me3-AACGCTTAACAGCAGA,6
rna+H3K4me3-AACGCTTAACCTCCAA,6
rna+H3K4me3-AACGCTTAACGCTCGA,6
rna+H3K4me3-AACGCTTAACGTATCA,6
rna+H3K4me3-AACGCTTAACTATGCA,4
rna+H3K4me3-AACGCTTAAGAGTCAA,2
rna+H3K4me3-AACGCTTAAGATCGCA,6
rna+H3K4me3-AACGCTTAAGCAGGAA,6
rna+H3K4me3-AACGCTTAAGTCACTA,12
rna+H3K4me3-AACGCTTAATCCTGTA,6
rna+H3K4me3-AACGCTTAATTGAGGA,6
rna+H3K4me3-AACGCTTACAACCACA,14
rna+H3K4me3-AACGCTTAGACTAGTA,6
rna+H3K4me3-AACGCTTACAATGGAA,8
rna+H3K4me3-AACGCTTACACTTCGA,4
rna+H3K4me3-AACGCTTACAGCGTTA,8
rna+H3K4me3-AACGCTTACATACCAA,2
rna+H3K4me3-AACGCTTACCAGTTCA,12
rna+H3K4me3-AACGCTTACCGAAGTA,2
rna+H3K4me3-AACGCTTACCGTGAGA,1
rna+H3K4me3-AACGCTTACCTCCTGA,6
rna+H3K4me3-AACGCTTACGAACTTA,7
rna+H3K4me3-AACGCTTACGACTGGA,7
rna+H3K4me3-AACGCTTACGCATACA,12
rna+H3K4me3-AACGCTTACTCAATGA,2
rna+H3K4me3-AACGCTTACTGAGCCA,5
rna+H3K4me3-AACGCTTACTGGCATA,7
rna+H3K4me3-AACGCTTAGAATCTGA,3
rna+H3K4me3-AACGCTTACAAGACTA,12
rna+H3K4me3-AACGCTTAGAGCTGAA,0
rna+H3K4me3-AACGCTTAGATAGACA,8
rna+H3K4me3-AACGCTTAGCCACATA,0
rna+H3K4me3-AACGCTTAGCGAGTAA,0
rna+H3K4me3-AACGCTTAGCTAACGA,0
rna+H3K4me3-AACGCTTAGCTCGGTA,3
rna+H3K4me3-AACGCTTAGGAGAACA,3
rna+H3K4me3-AACGCTTAGGTGCGAA,2
rna+H3K4me3-AACGCTTAGTACGCAA,2
rna+H3K4me3-AACGCTTAGTCGTAGA,12
rna+H3K4me3-AACGCTTAGTCTGTCA,12
rna+H3K4me3-AACGCTTAGTGTTCTA,3
rna+H3K4me3-AACGCTTATAGGATGA,3
rna+H3K4me3-AACGCTTATATCAGCA,3
rna+H3K4me3-AACGCTTATCCGTCTA,0
rna+H3K4me3-AACGCTTATCTTCACA,0
rna+H3K4me3-AACGCTTATGAAGAGA,5
rna+H3K4me3-AACGCTTATGGAACAA,3
rna+H3K4me3-AACGCTTATGGCTTCA,3
rna+H3K4me3-AACGCTTATGGTGGTA,3
rna+H3K4me3-AACGCTTATTCACGCA,3
rna+H3K4me3-AACGCTTAAACTCACC,3
rna+H3K4me3-AACGCTTAAAGAGATC,3
rna+H3K4me3-AACGCTTAAAGGACAC,3
rna+H3K4me3-AACGCTTAAATCCGTC,3
rna+H3K4me3-AACGCTTAAATGTTGC,3
rna+H3K4me3-AACGCTTAACACGACC,8
rna+H3K4me3-AACGCTTAACAGATTC,5
rna+H3K4me3-AACGCTTAAGATGTAC,3
rna+H3K4me3-AACGCTTAAGCACCTC,3
rna+H3K4me3-AACGCTTAAGCCATGC,3
rna+H3K4me3-AACGCTTAAGGCTAAC,2
rna+H3K4me3-AACGCTTAATAGCGAC,3
rna+H3K4me3-AACGCTTAATCATTCC,3
rna+H3K4me3-AACGCTTAATTGGCTC,7
rna+H3K4me3-AACGCTTACAAGGAGC,7
rna+H3K4me3-AACGCTTACACCTTAC,5
rna+H3K4me3-AACGCTTACCATCCTC,7
rna+H3K4me3-AACGCTTACCGACAAC,7
rna+H3K4me3-AACGCTTACCTAATCC,7
rna+H3K4me3-AACGCTTACCTCTATC,7
rna+H3K4me3-AACGCTTACGACACAC,7
rna+H3K4me3-AACGCTTACGGATTGC,7
rna+H3K4me3-AACGCTTACTAAGGTC,5
rna+H3K4me3-AACGCTTAGAACAGGC,14
rna+H3K4me3-AACGCTTAGACAGTGC,14
rna+H3K4me3-AACGCTTAGAGTTAGC,14
rna+H3K4me3-AACGCTTAGATGAATC,12
rna+H3K4me3-AACGCTTAGCCAAGAC,14
rna+H3K4me3-AACGCTTACGGAAGAA,10
rna+H3K4me3-AACGCTTAGTGACAAG,5
rna+H3K4me3-AACGCTTAGAACCAGA,7
rna+H3K4me3-AACCGAGAACAAGCTA,14
rna+H3K4me3-AACCGAGATTGCTGGA,8
rna+H3K4me3-AACCGAGACTGTAGCC,14
rna+H3K4me3-AACCGAGAAGTACAAG,12
rna+H3K4me3-AACCGAGAAACAACCA,2
rna+H3K4me3-AACCGAGAAACCGAGA,2
rna+H3K4me3-AACCGAGAAACGCTTA,8
rna+H3K4me3-AACCGAGAAAGACGGA,14
rna+H3K4me3-AACCGAGAAAGGTACA,6
rna+H3K4me3-AACCGAGAACACAGAA,6
rna+H3K4me3-AACCGAGAACAGCAGA,6
rna+H3K4me3-AACCGAGAACCTCCAA,6
rna+H3K4me3-AACCGAGAACGCTCGA,6
rna+H3K4me3-AACCGAGAACGTATCA,6
rna+H3K4me3-AACCGAGAACTATGCA,6
rna+H3K4me3-AACCGAGAAGAGTCAA,6
rna+H3K4me3-AACCGAGAAGATCGCA,6
rna+H3K4me3-AACCGAGAAGCAGGAA,6
rna+H3K4me3-AACCGAGAAGTCACTA,10
rna+H3K4me3-AACCGAGAATCCTGTA,2
rna+H3K4me3-AACCGAGAATTGAGGA,2
rna+H3K4me3-AACCGAGACAACCACA,12
rna+H3K4me3-AACCGAGAGACTAGTA,4
rna+H3K4me3-AACCGAGACAATGGAA,2
rna+H3K4me3-AACCGAGACACTTCGA,7
rna+H3K4me3-AACCGAGACAGCGTTA,2
rna+H3K4me3-AACCGAGACATACCAA,8
rna+H3K4me3-AACCGAGACCAGTTCA,2
rna+H3K4me3-AACCGAGACCGAAGTA,2
rna+H3K4me3-AACCGAGACCGTGAGA,6
rna+H3K4me3-AACCGAGACCTCCTGA,1
rna+H3K4me3-AACCGAGACGAACTTA,2
rna+H3K4me3-AACCGAGACGACTGGA,12
rna+H3K4me3-AACCGAGACGCATACA,8
rna+H3K4me3-AACCGAGACTCAATGA,6
rna+H3K4me3-AACCGAGACTGAGCCA,6
rna+H3K4me3-AACCGAGACTGGCATA,6
rna+H3K4me3-AACCGAGAGAATCTGA,7
rna+H3K4me3-AACCGAGACAAGACTA,4
rna+H3K4me3-AACCGAGAGAGCTGAA,3
rna+H3K4me3-AACCGAGAGATAGACA,2
rna+H3K4me3-AACCGAGAGCCACATA,3
rna+H3K4me3-AACCGAGAGCGAGTAA,3
rna+H3K4me3-AACCGAGAGCTAACGA,8
rna+H3K4me3-AACCGAGAGCTCGGTA,3
rna+H3K4me3-AACCGAGAGGAGAACA,3
rna+H3K4me3-AACCGAGAGGTGCGAA,3
rna+H3K4me3-AACCGAGAGTACGCAA,2
rna+H3K4me3-AACCGAGAGTCGTAGA,3
rna+H3K4me3-AACCGAGAGTCTGTCA,2
rna+H3K4me3-AACCGAGAGTGTTCTA,3
rna+H3K4me3-AACCGAGATAGGATGA,0
rna+H3K4me3-AACCGAGATATCAGCA,11
rna+H3K4me3-AACCGAGATCCGTCTA,3
rna+H3K4me3-AACCGAGATCTTCACA,2
rna+H3K4me3-AACCGAGATGAAGAGA,2
rna+H3K4me3-AACCGAGATGGAACAA,3
rna+H3K4me3-AACCGAGATGGCTTCA,8
rna+H3K4me3-AACCGAGATGGTGGTA,3
rna+H3K4me3-AACCGAGATTCACGCA,0
rna+H3K4me3-AACCGAGAAACTCACC,5
rna+H3K4me3-AACCGAGAAAGAGATC,3
rna+H3K4me3-AACCGAGAAAGGACAC,3
rna+H3K4me3-AACCGAGAAATCCGTC,7
rna+H3K4me3-AACCGAGAAATGTTGC,0
rna+H3K4me3-AACCGAGAACACGACC,3
rna+H3K4me3-AACCGAGAACAGATTC,3
rna+H3K4me3-AACCGAGAAGATGTAC,3
rna+H3K4me3-AACCGAGAAGCACCTC,3
rna+H3K4me3-AACCGAGAAGCCATGC,3
rna+H3K4me3-AACCGAGAAGGCTAAC,3
rna+H3K4me3-AACCGAGAATAGCGAC,3
rna+H3K4me3-AACCGAGAATCATTCC,11
rna+H3K4me3-AACCGAGAATTGGCTC,3
rna+H3K4me3-AACCGAGACAAGGAGC,3
rna+H3K4me3-AACCGAGACACCTTAC,4
rna+H3K4me3-AACCGAGACCATCCTC,7
rna+H3K4me3-AACCGAGACCGACAAC,12
rna+H3K4me3-AACCGAGACCTAATCC,7
rna+H3K4me3-AACCGAGACCTCTATC,11
rna+H3K4me3-AACCGAGACGACACAC,7
rna+H3K4me3-AACCGAGACGGATTGC,5
rna+H3K4me3-AACCGAGACTAAGGTC,12
rna+H3K4me3-AACCGAGAGAACAGGC,14
rna+H3K4me3-AACCGAGAGACAGTGC,2
rna+H3K4me3-AACCGAGAGAGTTAGC,12
rna+H3K4me3-AACCGAGAGATGAATC,2
rna+H3K4me3-AACCGAGAGCCAAGAC,7
rna+H3K4me3-AACCGAGACGGAAGAA,7
rna+H3K4me3-AACCGAGAGTGACAAG,6
rna+H3K4me3-AACCGAGAGAACCAGA,2
rna+H3K4me3-AACAACCATTGCTGGA,7
rna+H3K4me3-AACAACCACTGTAGCC,14
rna+H3K4me3-AACAACCAAGTACAAG,12
rna+H3K4me3-AACAACCAAACAACCA,2
rna+H3K4me3-AACAACCAAACCGAGA,5
rna+H3K4me3-AACAACCAAACGCTTA,5
rna+H3K4me3-AACAACCAAAGACGGA,2
rna+H3K4me3-AACAACCAAAGGTACA,6
rna+H3K4me3-AACAACCAACACAGAA,6
rna+H3K4me3-AACAACCAACAGCAGA,6
rna+H3K4me3-AACAACCAACCTCCAA,6
rna+H3K4me3-AACAACCAACGCTCGA,6
rna+H3K4me3-AACAACCAACGTATCA,6
rna+H3K4me3-AACAACCAACTATGCA,6
rna+H3K4me3-AACAACCAAGAGTCAA,6
rna+H3K4me3-AACAACCAAGATCGCA,6
rna+H3K4me3-AACAACCAAGCAGGAA,12
rna+H3K4me3-AACAACCAAGTCACTA,6
rna+H3K4me3-AACAACCAATCCTGTA,8
rna+H3K4me3-AACAACCAATTGAGGA,6
rna+H3K4me3-AACAACCACAACCACA,5
rna+H3K4me3-AACAACCAGACTAGTA,5
rna+H3K4me3-AACAACCACAATGGAA,2
rna+H3K4me3-AACAACCACACTTCGA,8
rna+H3K4me3-AACAACCACAGCGTTA,5
rna+H3K4me3-AACAACCACATACCAA,5
rna+H3K4me3-AACAACCACCAGTTCA,10
rna+H3K4me3-AACAACCACCGAAGTA,10
rna+H3K4me3-AACAACCACCGTGAGA,12
rna+H3K4me3-AACAACCACCTCCTGA,6
rna+H3K4me3-AACAACCACGAACTTA,5
rna+H3K4me3-AACAACCACGACTGGA,12
rna+H3K4me3-AACAACCACGCATACA,2
rna+H3K4me3-AACAACCACTCAATGA,12
rna+H3K4me3-AACAACCACTGAGCCA,12
rna+H3K4me3-AACAACCACTGGCATA,6
rna+H3K4me3-AACAACCAGAATCTGA,4
rna+H3K4me3-AACAACCACAAGACTA,7
rna+H3K4me3-AACAACCAGAGCTGAA,3
rna+H3K4me3-AACAACCAGATAGACA,3
rna+H3K4me3-AACAACCAGCCACATA,3
rna+H3K4me3-AACAACCAGCGAGTAA,3
rna+H3K4me3-AACAACCAGCTAACGA,3
rna+H3K4me3-AACAACCAGCTCGGTA,3
rna+H3K4me3-AACAACCAGGAGAACA,12
rna+H3K4me3-AACAACCAGGTGCGAA,3
rna+H3K4me3-AACAACCAGTACGCAA,5
rna+H3K4me3-AACAACCAGTCGTAGA,10
rna+H3K4me3-AACAACCAGTCTGTCA,0
rna+H3K4me3-AACAACCAGTGTTCTA,8
rna+H3K4me3-AACAACCATAGGATGA,8
rna+H3K4me3-AACAACCATATCAGCA,3
rna+H3K4me3-AACAACCATCCGTCTA,3
rna+H3K4me3-AACAACCATCTTCACA,0
rna+H3K4me3-AACAACCATGAAGAGA,3
rna+H3K4me3-AACAACCATGGAACAA,2
rna+H3K4me3-AACAACCATGGCTTCA,3
rna+H3K4me3-AACAACCATGGTGGTA,0
rna+H3K4me3-AACAACCATTCACGCA,10
rna+H3K4me3-AACAACCAAACTCACC,3
rna+H3K4me3-AACAACCAAAGAGATC,3
rna+H3K4me3-AACAACCAAAGGACAC,3
rna+H3K4me3-AACAACCAAATCCGTC,3
rna+H3K4me3-AACAACCAAATGTTGC,3
rna+H3K4me3-AACAACCAACACGACC,5
rna+H3K4me3-AACAACCAACAGATTC,12
rna+H3K4me3-AACAACCAAGATGTAC,3
rna+H3K4me3-AACAACCAAGCACCTC,0
rna+H3K4me3-AACAACCAAGCCATGC,12
rna+H3K4me3-AACAACCAAGGCTAAC,3
rna+H3K4me3-AACAACCAATAGCGAC,3
rna+H3K4me3-AACAACCAATCATTCC,3
rna+H3K4me3-AACAACCAATTGGCTC,3
rna+H3K4me3-AACAACCACAAGGAGC,3
rna+H3K4me3-AACAACCACACCTTAC,7
rna+H3K4me3-AACAACCACCATCCTC,7
rna+H3K4me3-AACAACCACCGACAAC,7
rna+H3K4me3-AACAACCACCTAATCC,7
rna+H3K4me3-AACAACCACCTCTATC,7
rna+H3K4me3-AACAACCACGACACAC,7
rna+H3K4me3-AACAACCACGGATTGC,2
rna+H3K4me3-AACAACCACTAAGGTC,7
rna+H3K4me3-AACAACCAGAACAGGC,2
rna+H3K4me3-AACAACCAGACAGTGC,5
rna+H3K4me3-AACAACCAGAGTTAGC,12
rna+H3K4me3-AACAACCAGATGAATC,7
rna+H3K4me3-AACAACCAGCCAAGAC,8
rna+H3K4me3-AACAACCACGGAAGAA,5
rna+H3K4me3-AACAACCAGTGACAAG,7
rna+H3K4me3-AACAACCAGAACCAGA,7
rna+H3K4me3-AGTACAAGTTGCTGGA,7
rna+H3K4me3-AGTACAAGCTGTAGCC,2
rna+H3K4me3-AGTACAAGAGTACAAG,5
rna+H3K4me3-AGTACAAGAACAACCA,6
rna+H3K4me3-AGTACAAGAACCGAGA,8
rna+H3K4me3-AGTACAAGAACGCTTA,2
rna+H3K4me3-AGTACAAGAAGACGGA,5
rna+H3K4me3-AGTACAAGAAGGTACA,12
rna+H3K4me3-AGTACAAGACACAGAA,12
rna+H3K4me3-AGTACAAGACAGCAGA,6
rna+H3K4me3-AGTACAAGACCTCCAA,6
rna+H3K4me3-AGTACAAGACGCTCGA,6
rna+H3K4me3-AGTACAAGACGTATCA,4
rna+H3K4me3-AGTACAAGACTATGCA,8
rna+H3K4me3-AGTACAAGAGAGTCAA,6
rna+H3K4me3-AGTACAAGAGATCGCA,6
rna+H3K4me3-AGTACAAGAGCAGGAA,6
rna+H3K4me3-AGTACAAGAGTCACTA,6
rna+H3K4me3-AGTACAAGATCCTGTA,6
rna+H3K4me3-AGTACAAGATTGAGGA,6
rna+H3K4me3-AGTACAAGCAACCACA,6
rna+H3K4me3-AGTACAAGGACTAGTA,10
rna+H3K4me3-AGTACAAGCAATGGAA,6
rna+H3K4me3-AGTACAAGCACTTCGA,12
rna+H3K4me3-AGTACAAGCAGCGTTA,2
rna+H3K4me3-AGTACAAGCATACCAA,2
rna+H3K4me3-AGTACAAGCCAGTTCA,6
rna+H3K4me3-AGTACAAGCCGAAGTA,10
rna+H3K4me3-AGTACAAGCCGTGAGA,9
rna+H3K4me3-AGTACAAGCCTCCTGA,5
rna+H3K4me3-AGTACAAGCGAACTTA,8
rna+H3K4me3-AGTACAAGCGACTGGA,6
rna+H3K4me3-AGTACAAGCGCATACA,7
rna+H3K4me3-AGTACAAGCTCAATGA,2
rna+H3K4me3-AGTACAAGCTGAGCCA,2
rna+H3K4me3-AGTACAAGCTGGCATA,5
rna+H3K4me3-AGTACAAGGAATCTGA,1
rna+H3K4me3-AGTACAAGCAAGACTA,7
rna+H3K4me3-AGTACAAGGAGCTGAA,2
rna+H3K4me3-AGTACAAGGATAGACA,3
rna+H3K4me3-AGTACAAGGCCACATA,3
rna+H3K4me3-AGTACAAGGCGAGTAA,3
rna+H3K4me3-AGTACAAGGCTAACGA,3
rna+H3K4me3-AGTACAAGGCTCGGTA,8
rna+H3K4me3-AGTACAAGGGAGAACA,3
rna+H3K4me3-AGTACAAGGGTGCGAA,3
rna+H3K4me3-AGTACAAGGTACGCAA,11
rna+H3K4me3-AGTACAAGGTCGTAGA,8
rna+H3K4me3-AGTACAAGGTCTGTCA,3
rna+H3K4me3-AGTACAAGGTGTTCTA,0
rna+H3K4me3-AGTACAAGTAGGATGA,3
rna+H3K4me3-AGTACAAGTATCAGCA,9
rna+H3K4me3-AGTACAAGTCCGTCTA,3
rna+H3K4me3-AGTACAAGTCTTCACA,0
rna+H3K4me3-AGTACAAGTGAAGAGA,3
rna+H3K4me3-AGTACAAGTGGAACAA,8
rna+H3K4me3-AGTACAAGTGGCTTCA,3
rna+H3K4me3-AGTACAAGTGGTGGTA,3
rna+H3K4me3-AGTACAAGTTCACGCA,3
rna+H3K4me3-AGTACAAGAACTCACC,3
rna+H3K4me3-AGTACAAGAAGAGATC,3
rna+H3K4me3-AGTACAAGAAGGACAC,3
rna+H3K4me3-AGTACAAGAATCCGTC,3
rna+H3K4me3-AGTACAAGAATGTTGC,3
rna+H3K4me3-AGTACAAGACACGACC,0
rna+H3K4me3-AGTACAAGACAGATTC,0
rna+H3K4me3-AGTACAAGAGATGTAC,3
rna+H3K4me3-AGTACAAGAGCACCTC,2
rna+H3K4me3-AGTACAAGAGCCATGC,3
rna+H3K4me3-AGTACAAGAGGCTAAC,0
rna+H3K4me3-AGTACAAGATAGCGAC,3
rna+H3K4me3-AGTACAAGATCATTCC,3
rna+H3K4me3-AGTACAAGATTGGCTC,3
rna+H3K4me3-AGTACAAGCAAGGAGC,7
rna+H3K4me3-AGTACAAGCACCTTAC,10
rna+H3K4me3-AGTACAAGCCATCCTC,7
rna+H3K4me3-AGTACAAGCCGACAAC,7
rna+H3K4me3-AGTACAAGCCTAATCC,7
rna+H3K4me3-AGTACAAGCCTCTATC,7
rna+H3K4me3-AGTACAAGCGACACAC,5
rna+H3K4me3-AGTACAAGCGGATTGC,7
rna+H3K4me3-AGTACAAGCTAAGGTC,5
rna+H3K4me3-AGTACAAGGAACAGGC,8
rna+H3K4me3-AGTACAAGGACAGTGC,5
rna+H3K4me3-AGTACAAGGAGTTAGC,6
rna+H3K4me3-AGTACAAGGATGAATC,1
rna+H3K4me3-AGTACAAGGCCAAGAC,7
rna+H3K4me3-AGTACAAGCGGAAGAA,5
rna+H3K4me3-AGTACAAGGTGACAAG,7
rna+H3K4me3-AGTACAAGGAACCAGA,3
rna+H3K4me3-GACAGTGCAACGTGAT,1
rna+H3K4me3-GACAGTGCACAAGCTA,2
rna+H3K4me3-GACAGTGCTTGCTGGA,7
rna+H3K4me3-GACAGTGCCTGTAGCC,9
rna+H3K4me3-GACAGTGCAGTACAAG,9
rna+H3K4me3-GACAGTGCAACAACCA,9
rna+H3K4me3-GACAGTGCAACCGAGA,5
rna+H3K4me3-GACAGTGCAACGCTTA,9
rna+H3K4me3-GACAGTGCAAGACGGA,9
rna+H3K4me3-GACAGTGCAAGGTACA,9
rna+H3K4me3-GACAGTGCACACAGAA,9
rna+H3K4me3-GACAGTGCACAGCAGA,7
rna+H3K4me3-GACAGTGCAAACATCG,1
rna+H3K4me3-GACAGTGCACCTCCAA,2
rna+H3K4me3-GACAGTGCACGCTCGA,2
rna+H3K4me3-GACAGTGCACGTATCA,7
rna+H3K4me3-GACAGTGCACTATGCA,10
rna+H3K4me3-GACAGTGCAGAGTCAA,6
rna+H3K4me3-GACAGTGCAGATCGCA,9
rna+H3K4me3-GACAGTGCAGCAGGAA,4
rna+H3K4me3-GACAGTGCAGTCACTA,4
rna+H3K4me3-GACAGTGCATCCTGTA,1
rna+H3K4me3-GACAGTGCATTGAGGA,1
rna+H3K4me3-GACAGTGCATGCCTAA,9
rna+H3K4me3-GACAGTGCCAACCACA,1
rna+H3K4me3-GACAGTGCGACTAGTA,10
rna+H3K4me3-GACAGTGCCAATGGAA,1
rna+H3K4me3-GACAGTGCCACTTCGA,1
rna+H3K4me3-GACAGTGCCAGCGTTA,1
rna+H3K4me3-GACAGTGCCATACCAA,1
rna+H3K4me3-GACAGTGCCCAGTTCA,1
rna+H3K4me3-GACAGTGCCCGAAGTA,1
rna+H3K4me3-GACAGTGCCCGTGAGA,1
rna+H3K4me3-GACAGTGCCCTCCTGA,1
rna+H3K4me3-GACAGTGCAGTGGTCA,8
rna+H3K4me3-GACAGTGCCGAACTTA,1
rna+H3K4me3-GACAGTGCCGACTGGA,1
rna+H3K4me3-GACAGTGCCGCATACA,1
rna+H3K4me3-GACAGTGCCTCAATGA,2
rna+H3K4me3-GACAGTGCCTGAGCCA,1
rna+H3K4me3-GACAGTGCCTGGCATA,1
rna+H3K4me3-GACAGTGCGAATCTGA,2
rna+H3K4me3-GACAGTGCCAAGACTA,1
rna+H3K4me3-GACAGTGCGAGCTGAA,1
rna+H3K4me3-GACAGTGCGATAGACA,4
rna+H3K4me3-GACAGTGCACCACTGT,5
rna+H3K4me3-GACAGTGCGCCACATA,1
rna+H3K4me3-GACAGTGCGCGAGTAA,1
rna+H3K4me3-GACAGTGCGCTAACGA,4
rna+H3K4me3-GACAGTGCGCTCGGTA,4
rna+H3K4me3-GACAGTGCGGAGAACA,5
rna+H3K4me3-GACAGTGCGGTGCGAA,5
rna+H3K4me3-GACAGTGCGTACGCAA,1
rna+H3K4me3-GACAGTGCGTCGTAGA,4
rna+H3K4me3-GACAGTGCGTCTGTCA,4
rna+H3K4me3-GACAGTGCGTGTTCTA,4
rna+H3K4me3-GACAGTGCACATTGGC,9
rna+H3K4me3-GACAGTGCTAGGATGA,0
rna+H3K4me3-GACAGTGCTATCAGCA,4
rna+H3K4me3-GACAGTGCTCCGTCTA,4
rna+H3K4me3-GACAGTGCTCTTCACA,5
rna+H3K4me3-GACAGTGCTGAAGAGA,4
rna+H3K4me3-GACAGTGCTGGAACAA,7
rna+H3K4me3-GACAGTGCTGGCTTCA,4
rna+H3K4me3-GACAGTGCTGGTGGTA,7
rna+H3K4me3-GACAGTGCTTCACGCA,5
rna+H3K4me3-GACAGTGCAACTCACC,8
rna+H3K4me3-GACAGTGCCAGATCTG,9
rna+H3K4me3-GACAGTGCAAGAGATC,10
rna+H3K4me3-GACAGTGCAAGGACAC,4
rna+H3K4me3-GACAGTGCAATCCGTC,4
rna+H3K4me3-GACAGTGCAATGTTGC,1
rna+H3K4me3-GACAGTGCACACGACC,1
rna+H3K4me3-GACAGTGCACAGATTC,1
rna+H3K4me3-GACAGTGCAGATGTAC,1
rna+H3K4me3-GACAGTGCAGCACCTC,4
rna+H3K4me3-GACAGTGCAGCCATGC,5
rna+H3K4me3-GACAGTGCAGGCTAAC,8
rna+H3K4me3-GACAGTGCCATCAAGT,5
rna+H3K4me3-GACAGTGCATAGCGAC,10
rna+H3K4me3-GACAGTGCATCATTCC,1
rna+H3K4me3-GACAGTGCATTGGCTC,10
rna+H3K4me3-GACAGTGCCAAGGAGC,1
rna+H3K4me3-GACAGTGCCACCTTAC,9
rna+H3K4me3-GACAGTGCCCATCCTC,1
rna+H3K4me3-GACAGTGCCCGACAAC,8
rna+H3K4me3-GACAGTGCCCTAATCC,1
rna+H3K4me3-GACAGTGCCCTCTATC,1
rna+H3K4me3-GACAGTGCCGACACAC,5
rna+H3K4me3-GACAGTGCCGCTGATC,9
rna+H3K4me3-GACAGTGCCGGATTGC,11
rna+H3K4me3-GACAGTGCCTAAGGTC,12
rna+H3K4me3-GACAGTGCGAACAGGC,14
rna+H3K4me3-GACAGTGCGACAGTGC,4
rna+H3K4me3-GACAGTGCGAGTTAGC,8
rna+H3K4me3-GACAGTGCGATGAATC,2
rna+H3K4me3-GACAGTGCGCCAAGAC,2
rna+H3K4me3-GACAGTGCCGGAAGAA,1
rna+H3K4me3-GACAGTGCGTGACAAG,1
rna+H3K4me3-GACAGTGCGAACCAGA,5
rna+H3K4me3-CTGTAGCCTTGCTGGA,6
rna+H3K4me3-CTGTAGCCAGTACAAG,12
rna+H3K4me3-CTGTAGCCAACAACCA,2
rna+H3K4me3-CTGTAGCCAACCGAGA,12
rna+H3K4me3-CTGTAGCCAACGCTTA,5
rna+H3K4me3-CTGTAGCCAAGACGGA,10
rna+H3K4me3-CTGTAGCCAAGGTACA,12
rna+H3K4me3-CTGTAGCCACACAGAA,5
rna+H3K4me3-CTGTAGCCACAGCAGA,2
rna+H3K4me3-CTGTAGCCACCTCCAA,8
rna+H3K4me3-CTGTAGCCACGCTCGA,6
rna+H3K4me3-CTGTAGCCACGTATCA,6
rna+H3K4me3-CTGTAGCCACTATGCA,6
rna+H3K4me3-CTGTAGCCAGAGTCAA,6
rna+H3K4me3-CTGTAGCCAGATCGCA,6
rna+H3K4me3-CTGTAGCCAGCAGGAA,6
rna+H3K4me3-CTGTAGCCAGTCACTA,6
rna+H3K4me3-CTGTAGCCATCCTGTA,6
rna+H3K4me3-CTGTAGCCATTGAGGA,6
rna+H3K4me3-CTGTAGCCCAACCACA,6
rna+H3K4me3-CTGTAGCCGACTAGTA,6
rna+H3K4me3-CTGTAGCCCAATGGAA,6
rna+H3K4me3-CTGTAGCCCACTTCGA,6
rna+H3K4me3-CTGTAGCCCAGCGTTA,6
rna+H3K4me3-CTGTAGCCCATACCAA,6
rna+H3K4me3-CTGTAGCCCCAGTTCA,12
rna+H3K4me3-CTGTAGCCCCGAAGTA,8
rna+H3K4me3-CTGTAGCCCCGTGAGA,5
rna+H3K4me3-CTGTAGCCCCTCCTGA,4
rna+H3K4me3-CTGTAGCCCGAACTTA,12
rna+H3K4me3-CTGTAGCCCGACTGGA,5
rna+H3K4me3-CTGTAGCCCGCATACA,12
rna+H3K4me3-CTGTAGCCCTCAATGA,7
rna+H3K4me3-CTGTAGCCCTGAGCCA,7
rna+H3K4me3-CTGTAGCCCTGGCATA,2
rna+H3K4me3-CTGTAGCCGAATCTGA,2
rna+H3K4me3-CTGTAGCCCAAGACTA,6
rna+H3K4me3-CTGTAGCCGAGCTGAA,12
rna+H3K4me3-CTGTAGCCGATAGACA,3
rna+H3K4me3-CTGTAGCCGCCACATA,3
rna+H3K4me3-CTGTAGCCGCGAGTAA,3
rna+H3K4me3-CTGTAGCCGCTAACGA,10
rna+H3K4me3-CTGTAGCCGCTCGGTA,3
rna+H3K4me3-CTGTAGCCGGAGAACA,12
rna+H3K4me3-CTGTAGCCGGTGCGAA,7
rna+H3K4me3-CTGTAGCCGTACGCAA,2
rna+H3K4me3-CTGTAGCCGTCGTAGA,3
rna+H3K4me3-CTGTAGCCGTCTGTCA,8
rna+H3K4me3-CTGTAGCCGTGTTCTA,3
rna+H3K4me3-CTGTAGCCTAGGATGA,8
rna+H3K4me3-CTGTAGCCTATCAGCA,0
rna+H3K4me3-CTGTAGCCTCCGTCTA,3
rna+H3K4me3-CTGTAGCCTCTTCACA,10
rna+H3K4me3-CTGTAGCCTGAAGAGA,2
rna+H3K4me3-CTGTAGCCTGGAACAA,8
rna+H3K4me3-CTGTAGCCTGGCTTCA,3
rna+H3K4me3-CTGTAGCCTGGTGGTA,3
rna+H3K4me3-CTGTAGCCTTCACGCA,2
rna+H3K4me3-CTGTAGCCAACTCACC,8
rna+H3K4me3-CTGTAGCCAAGAGATC,0
rna+H3K4me3-CTGTAGCCAAGGACAC,3
rna+H3K4me3-CTGTAGCCAATCCGTC,0
rna+H3K4me3-CTGTAGCCAATGTTGC,3
rna+H3K4me3-CTGTAGCCACACGACC,3
rna+H3K4me3-CTGTAGCCACAGATTC,0
rna+H3K4me3-CTGTAGCCAGATGTAC,5
rna+H3K4me3-CTGTAGCCAGCACCTC,3
rna+H3K4me3-CTGTAGCCAGCCATGC,4
rna+H3K4me3-CTGTAGCCAGGCTAAC,3
rna+H3K4me3-CTGTAGCCATAGCGAC,2
rna+H3K4me3-CTGTAGCCATCATTCC,3
rna+H3K4me3-CTGTAGCCATTGGCTC,3
rna+H3K4me3-CTGTAGCCCAAGGAGC,3
rna+H3K4me3-CTGTAGCCCACCTTAC,7
rna+H3K4me3-CTGTAGCCCCATCCTC,7
rna+H3K4me3-CTGTAGCCCCGACAAC,7
rna+H3K4me3-CTGTAGCCCCTAATCC,12
rna+H3K4me3-CTGTAGCCCCTCTATC,13
rna+H3K4me3-CTGTAGCCCGACACAC,5
rna+H3K4me3-CTGTAGCCCGGATTGC,7
rna+H3K4me3-CTGTAGCCCTAAGGTC,5
rna+H3K4me3-CTGTAGCCGAACAGGC,5
rna+H3K4me3-CTGTAGCCGACAGTGC,5
rna+H3K4me3-CTGTAGCCGAGTTAGC,5
rna+H3K4me3-CTGTAGCCGATGAATC,5
rna+H3K4me3-CTGTAGCCGCCAAGAC,8
rna+H3K4me3-CTGTAGCCCGGAAGAA,7
rna+H3K4me3-CTGTAGCCGTGACAAG,7
rna+H3K4me3-CTGTAGCCGAACCAGA,7
rna+H3K4me3-ACAAGCTATTGCTGGA,7
rna+H3K4me3-ACAAGCTAAACAACCA,14
rna+H3K4me3-ACAAGCTAAACCGAGA,2
rna+H3K4me3-ACAAGCTAAACGCTTA,14
rna+H3K4me3-ACAAGCTAAAGACGGA,5
rna+H3K4me3-ACAAGCTAAAGGTACA,5
rna+H3K4me3-ACAAGCTAACACAGAA,2
rna+H3K4me3-ACAAGCTAACAGCAGA,5
rna+H3K4me3-ACAAGCTAACCTCCAA,2
rna+H3K4me3-ACAAGCTAACGCTCGA,6
rna+H3K4me3-ACAAGCTAACGTATCA,8
rna+H3K4me3-ACAAGCTAACTATGCA,12
rna+H3K4me3-ACAAGCTAAGAGTCAA,6
rna+H3K4me3-ACAAGCTAAGATCGCA,6
rna+H3K4me3-ACAAGCTAAGCAGGAA,6
rna+H3K4me3-ACAAGCTAAGTCACTA,6
rna+H3K4me3-ACAAGCTAATCCTGTA,6
rna+H3K4me3-ACAAGCTAATTGAGGA,6
rna+H3K4me3-ACAAGCTACAACCACA,6
rna+H3K4me3-ACAAGCTAGACTAGTA,6
rna+H3K4me3-ACAAGCTACAATGGAA,6
rna+H3K4me3-ACAAGCTACACTTCGA,8
rna+H3K4me3-ACAAGCTACAGCGTTA,6
rna+H3K4me3-ACAAGCTACATACCAA,12
rna+H3K4me3-ACAAGCTACCAGTTCA,8
rna+H3K4me3-ACAAGCTACCGAAGTA,5
rna+H3K4me3-ACAAGCTACCGTGAGA,6
rna+H3K4me3-ACAAGCTACCTCCTGA,5
rna+H3K4me3-ACAAGCTACGAACTTA,12
rna+H3K4me3-ACAAGCTACGACTGGA,6
rna+H3K4me3-ACAAGCTACGCATACA,4
rna+H3K4me3-ACAAGCTACTCAATGA,11
rna+H3K4me3-ACAAGCTACTGAGCCA,2
rna+H3K4me3-ACAAGCTACTGGCATA,1
rna+H3K4me3-ACAAGCTAGAATCTGA,11
rna+H3K4me3-ACAAGCTACAAGACTA,2
rna+H3K4me3-ACAAGCTAGAGCTGAA,1
rna+H3K4me3-ACAAGCTAGATAGACA,4
rna+H3K4me3-ACAAGCTAGCCACATA,7
rna+H3K4me3-ACAAGCTAGCGAGTAA,3
rna+H3K4me3-ACAAGCTAGCTAACGA,3
rna+H3K4me3-ACAAGCTAGCTCGGTA,3
rna+H3K4me3-ACAAGCTAGGAGAACA,3
rna+H3K4me3-ACAAGCTAGGTGCGAA,3
rna+H3K4me3-ACAAGCTAGTACGCAA,3
rna+H3K4me3-ACAAGCTAGTCGTAGA,3
rna+H3K4me3-ACAAGCTAGTCTGTCA,3
rna+H3K4me3-ACAAGCTAGTGTTCTA,8
rna+H3K4me3-ACAAGCTATAGGATGA,2
rna+H3K4me3-ACAAGCTATATCAGCA,0
rna+H3K4me3-ACAAGCTATCCGTCTA,5
rna+H3K4me3-ACAAGCTATCTTCACA,5
rna+H3K4me3-ACAAGCTATGAAGAGA,0
rna+H3K4me3-ACAAGCTATGGAACAA,3
rna+H3K4me3-ACAAGCTATGGCTTCA,3
rna+H3K4me3-ACAAGCTATGGTGGTA,8
rna+H3K4me3-ACAAGCTATTCACGCA,3
rna+H3K4me3-ACAAGCTAAACTCACC,3
rna+H3K4me3-ACAAGCTAAAGAGATC,3
rna+H3K4me3-ACAAGCTAAAGGACAC,3
rna+H3K4me3-ACAAGCTAAATCCGTC,5
rna+H3K4me3-ACAAGCTAAATGTTGC,0
rna+H3K4me3-ACAAGCTAACACGACC,3
rna+H3K4me3-ACAAGCTAACAGATTC,3
rna+H3K4me3-ACAAGCTAAGATGTAC,3
rna+H3K4me3-ACAAGCTAAGCACCTC,7
rna+H3K4me3-ACAAGCTAAGCCATGC,3
rna+H3K4me3-ACAAGCTAAGGCTAAC,3
rna+H3K4me3-ACAAGCTAATAGCGAC,0
rna+H3K4me3-ACAAGCTAATCATTCC,3
rna+H3K4me3-ACAAGCTAATTGGCTC,8
rna+H3K4me3-ACAAGCTACAAGGAGC,3
rna+H3K4me3-ACAAGCTACACCTTAC,8
rna+H3K4me3-ACAAGCTACCATCCTC,8
rna+H3K4me3-ACAAGCTACCGACAAC,7
rna+H3K4me3-ACAAGCTACCTAATCC,3
rna+H3K4me3-ACAAGCTACCTCTATC,7
rna+H3K4me3-ACAAGCTACGACACAC,7
rna+H3K4me3-ACAAGCTACGGATTGC,5
rna+H3K4me3-ACAAGCTACTAAGGTC,14
rna+H3K4me3-ACAAGCTAGAACAGGC,5
rna+H3K4me3-ACAAGCTAGACAGTGC,8
rna+H3K4me3-ACAAGCTAGAGTTAGC,2
rna+H3K4me3-ACAAGCTAGATGAATC,7
rna+H3K4me3-ACAAGCTAGCCAAGAC,5
rna+H3K4me3-ACAAGCTACGGAAGAA,14
rna+H3K4me3-ACAAGCTAGTGACAAG,3
rna+H3K4me3-ACAAGCTAGAACCAGA,7
rna+H3K4me3-CGCTGATCTTGCTGGA,7
rna+H3K4me3-CGCTGATCAACCGAGA,14
rna+H3K4me3-CGCTGATCAACGCTTA,5
rna+H3K4me3-CGCTGATCAAGACGGA,2
rna+H3K4me3-CGCTGATCAAGGTACA,2
rna+H3K4me3-CGCTGATCACACAGAA,2
rna+H3K4me3-CGCTGATCACAGCAGA,2
rna+H3K4me3-CGCTGATCACCTCCAA,2
rna+H3K4me3-CGCTGATCACGCTCGA,10
rna+H3K4me3-CGCTGATCACGTATCA,6
rna+H3K4me3-CGCTGATCACTATGCA,8
rna+H3K4me3-CGCTGATCAGAGTCAA,5
rna+H3K4me3-CGCTGATCAGATCGCA,10
rna+H3K4me3-CGCTGATCAGCAGGAA,7
rna+H3K4me3-CGCTGATCAGTCACTA,6
rna+H3K4me3-CGCTGATCATCCTGTA,6
rna+H3K4me3-CGCTGATCATTGAGGA,6
rna+H3K4me3-CGCTGATCCAACCACA,6
rna+H3K4me3-CGCTGATCGACTAGTA,6
rna+H3K4me3-CGCTGATCCAATGGAA,6
rna+H3K4me3-CGCTGATCCACTTCGA,6
rna+H3K4me3-CGCTGATCCAGCGTTA,8
rna+H3K4me3-CGCTGATCCATACCAA,6
rna+H3K4me3-CGCTGATCCCAGTTCA,8
rna+H3K4me3-CGCTGATCCCGAAGTA,5
rna+H3K4me3-CGCTGATCCCGTGAGA,2
rna+H3K4me3-CGCTGATCCCTCCTGA,6
rna+H3K4me3-CGCTGATCCGAACTTA,6
rna+H3K4me3-CGCTGATCCGACTGGA,8
rna+H3K4me3-CGCTGATCCGCATACA,12
rna+H3K4me3-CGCTGATCCTCAATGA,11
rna+H3K4me3-CGCTGATCCTGAGCCA,5
rna+H3K4me3-CGCTGATCCTGGCATA,4
rna+H3K4me3-CGCTGATCGAATCTGA,8
rna+H3K4me3-CGCTGATCCAAGACTA,7
rna+H3K4me3-CGCTGATCGAGCTGAA,7
rna+H3K4me3-CGCTGATCGATAGACA,8
rna+H3K4me3-CGCTGATCGCCACATA,10
rna+H3K4me3-CGCTGATCGCGAGTAA,3
rna+H3K4me3-CGCTGATCGCTAACGA,3
rna+H3K4me3-CGCTGATCGCTCGGTA,3
rna+H3K4me3-CGCTGATCGGAGAACA,8
rna+H3K4me3-CGCTGATCGGTGCGAA,3
rna+H3K4me3-CGCTGATCGTACGCAA,3
rna+H3K4me3-CGCTGATCGTCGTAGA,3
rna+H3K4me3-CGCTGATCGTCTGTCA,3
rna+H3K4me3-CGCTGATCGTGTTCTA,3
rna+H3K4me3-CGCTGATCTAGGATGA,3
rna+H3K4me3-CGCTGATCTATCAGCA,3
rna+H3K4me3-CGCTGATCTCCGTCTA,12
rna+H3K4me3-CGCTGATCTCTTCACA,0
rna+H3K4me3-CGCTGATCTGAAGAGA,3
rna+H3K4me3-CGCTGATCTGGAACAA,3
rna+H3K4me3-CGCTGATCTGGCTTCA,3
rna+H3K4me3-CGCTGATCTGGTGGTA,2
rna+H3K4me3-CGCTGATCTTCACGCA,3
rna+H3K4me3-CGCTGATCAACTCACC,8
rna+H3K4me3-CGCTGATCAAGAGATC,3
rna+H3K4me3-CGCTGATCAAGGACAC,3
rna+H3K4me3-CGCTGATCAATCCGTC,11
rna+H3K4me3-CGCTGATCAATGTTGC,3
rna+H3K4me3-CGCTGATCACACGACC,3
rna+H3K4me3-CGCTGATCACAGATTC,10
rna+H3K4me3-CGCTGATCAGATGTAC,3
rna+H3K4me3-CGCTGATCAGCACCTC,5
rna+H3K4me3-CGCTGATCAGCCATGC,5
rna+H3K4me3-CGCTGATCAGGCTAAC,3
rna+H3K4me3-CGCTGATCATAGCGAC,7
rna+H3K4me3-CGCTGATCATCATTCC,10
rna+H3K4me3-CGCTGATCATTGGCTC,3
rna+H3K4me3-CGCTGATCCAAGGAGC,3
rna+H3K4me3-CGCTGATCCACCTTAC,7
rna+H3K4me3-CGCTGATCCCATCCTC,7
rna+H3K4me3-CGCTGATCCCGACAAC,7
rna+H3K4me3-CGCTGATCCCTAATCC,5
rna+H3K4me3-CGCTGATCCCTCTATC,7
rna+H3K4me3-CGCTGATCCGACACAC,7
rna+H3K4me3-CGCTGATCCGGATTGC,7
rna+H3K4me3-CGCTGATCCTAAGGTC,5
rna+H3K4me3-CGCTGATCGAACAGGC,14
rna+H3K4me3-CGCTGATCGACAGTGC,14
rna+H3K4me3-CGCTGATCGAGTTAGC,14
rna+H3K4me3-CGCTGATCGATGAATC,5
rna+H3K4me3-CGCTGATCGCCAAGAC,2
rna+H3K4me3-CGCTGATCCGGAAGAA,4
rna+H3K4me3-CGCTGATCGTGACAAG,7
rna+H3K4me3-CGCTGATCGAACCAGA,7
rna+H3K4me3-CATCAAGTTTGCTGGA,4
rna+H3K4me3-CATCAAGTAACGCTTA,14
rna+H3K4me3-CATCAAGTAAGACGGA,12
rna+H3K4me3-CATCAAGTAAGGTACA,12
rna+H3K4me3-CATCAAGTACACAGAA,12
rna+H3K4me3-CATCAAGTACAGCAGA,8
rna+H3K4me3-CATCAAGTACCTCCAA,12
rna+H3K4me3-CATCAAGTACGCTCGA,8
rna+H3K4me3-CATCAAGTACGTATCA,11
rna+H3K4me3-CATCAAGTACTATGCA,12
rna+H3K4me3-CATCAAGTAGAGTCAA,4
rna+H3K4me3-CATCAAGTAGATCGCA,2
rna+H3K4me3-CATCAAGTAGCAGGAA,2
rna+H3K4me3-CATCAAGTAGTCACTA,2
rna+H3K4me3-CATCAAGTATCCTGTA,2
rna+H3K4me3-CATCAAGTATTGAGGA,6
rna+H3K4me3-CATCAAGTCAACCACA,6
rna+H3K4me3-CATCAAGTGACTAGTA,6
rna+H3K4me3-CATCAAGTCAATGGAA,6
rna+H3K4me3-CATCAAGTCACTTCGA,6
rna+H3K4me3-CATCAAGTCAGCGTTA,6
rna+H3K4me3-CATCAAGTCATACCAA,6
rna+H3K4me3-CATCAAGTCCAGTTCA,6
rna+H3K4me3-CATCAAGTCCGAAGTA,5
rna+H3K4me3-CATCAAGTCCGTGAGA,8
rna+H3K4me3-CATCAAGTCCTCCTGA,6
rna+H3K4me3-CATCAAGTCGAACTTA,5
rna+H3K4me3-CATCAAGTCGACTGGA,6
rna+H3K4me3-CATCAAGTCGCATACA,2
rna+H3K4me3-CATCAAGTCTCAATGA,8
rna+H3K4me3-CATCAAGTCTGAGCCA,8
rna+H3K4me3-CATCAAGTCTGGCATA,7
rna+H3K4me3-CATCAAGTGAATCTGA,5
rna+H3K4me3-CATCAAGTCAAGACTA,12
rna+H3K4me3-CATCAAGTGAGCTGAA,12
rna+H3K4me3-CATCAAGTGATAGACA,2
rna+H3K4me3-CATCAAGTGCCACATA,4
rna+H3K4me3-CATCAAGTGCGAGTAA,4
rna+H3K4me3-CATCAAGTGCTAACGA,5
rna+H3K4me3-CATCAAGTGCTCGGTA,4
rna+H3K4me3-CATCAAGTGGAGAACA,11
rna+H3K4me3-CATCAAGTGGTGCGAA,3
rna+H3K4me3-CATCAAGTGTACGCAA,2
rna+H3K4me3-CATCAAGTGTCGTAGA,0
rna+H3K4me3-CATCAAGTGTCTGTCA,0
rna+H3K4me3-CATCAAGTGTGTTCTA,0
rna+H3K4me3-CATCAAGTTAGGATGA,11
rna+H3K4me3-CATCAAGTTATCAGCA,3
rna+H3K4me3-CATCAAGTTCCGTCTA,3
rna+H3K4me3-CATCAAGTTCTTCACA,3
rna+H3K4me3-CATCAAGTTGAAGAGA,3
rna+H3K4me3-CATCAAGTTGGAACAA,3
rna+H3K4me3-CATCAAGTTGGCTTCA,3
rna+H3K4me3-CATCAAGTTGGTGGTA,3
rna+H3K4me3-CATCAAGTTTCACGCA,3
rna+H3K4me3-CATCAAGTAACTCACC,3
rna+H3K4me3-CATCAAGTAAGAGATC,3
rna+H3K4me3-CATCAAGTAAGGACAC,12
rna+H3K4me3-CATCAAGTAATCCGTC,3
rna+H3K4me3-CATCAAGTAATGTTGC,0
rna+H3K4me3-CATCAAGTACACGACC,3
rna+H3K4me3-CATCAAGTACAGATTC,3
rna+H3K4me3-CATCAAGTAGATGTAC,3
rna+H3K4me3-CATCAAGTAGCACCTC,10
rna+H3K4me3-CATCAAGTAGCCATGC,3
rna+H3K4me3-CATCAAGTAGGCTAAC,3
rna+H3K4me3-CATCAAGTATAGCGAC,3
rna+H3K4me3-CATCAAGTATCATTCC,7
rna+H3K4me3-CATCAAGTATTGGCTC,7
rna+H3K4me3-CATCAAGTCAAGGAGC,7
rna+H3K4me3-CATCAAGTCACCTTAC,7
rna+H3K4me3-CATCAAGTCCATCCTC,7
rna+H3K4me3-CATCAAGTCCGACAAC,2
rna+H3K4me3-CATCAAGTCCTAATCC,2
rna+H3K4me3-CATCAAGTCCTCTATC,4
rna+H3K4me3-CATCAAGTCGACACAC,6
rna+H3K4me3-CATCAAGTCGGATTGC,7
rna+H3K4me3-CATCAAGTCTAAGGTC,14
rna+H3K4me3-CATCAAGTGAACAGGC,14
rna+H3K4me3-CATCAAGTGACAGTGC,14
rna+H3K4me3-CATCAAGTGAGTTAGC,14
rna+H3K4me3-CATCAAGTGATGAATC,5
rna+H3K4me3-CATCAAGTGCCAAGAC,7
rna+H3K4me3-CATCAAGTCGGAAGAA,2
rna+H3K4me3-CATCAAGTGTGACAAG,6
rna+H3K4me3-CATCAAGTGAACCAGA,7
rna+H3K4me3-CAGATCTGTTGCTGGA,2
rna+H3K4me3-CAGATCTGAAGACGGA,14
rna+H3K4me3-CAGATCTGAAGGTACA,5
rna+H3K4me3-CAGATCTGACACAGAA,13
rna+H3K4me3-CAGATCTGACAGCAGA,12
rna+H3K4me3-CAGATCTGACCTCCAA,2
rna+H3K4me3-CAGATCTGACGCTCGA,2
rna+H3K4me3-CAGATCTGACGTATCA,2
rna+H3K4me3-CAGATCTGACTATGCA,12
rna+H3K4me3-CAGATCTGAGAGTCAA,12
rna+H3K4me3-CAGATCTGAGATCGCA,12
rna+H3K4me3-CAGATCTGAGCAGGAA,2
rna+H3K4me3-CAGATCTGAGTCACTA,2
rna+H3K4me3-CAGATCTGATCCTGTA,9
rna+H3K4me3-CAGATCTGATTGAGGA,8
rna+H3K4me3-CAGATCTGCAACCACA,6
rna+H3K4me3-CAGATCTGGACTAGTA,6
rna+H3K4me3-CAGATCTGCAATGGAA,6
rna+H3K4me3-CAGATCTGCACTTCGA,6
rna+H3K4me3-CAGATCTGCAGCGTTA,6
rna+H3K4me3-CAGATCTGCATACCAA,6
rna+H3K4me3-CAGATCTGCCAGTTCA,6
rna+H3K4me3-CAGATCTGCCGAAGTA,5
rna+H3K4me3-CAGATCTGCCGTGAGA,9
rna+H3K4me3-CAGATCTGCCTCCTGA,6
rna+H3K4me3-CAGATCTGCGAACTTA,3
rna+H3K4me3-CAGATCTGCGACTGGA,6
rna+H3K4me3-CAGATCTGCGCATACA,5
rna+H3K4me3-CAGATCTGCTCAATGA,6
rna+H3K4me3-CAGATCTGCTGAGCCA,2
rna+H3K4me3-CAGATCTGCTGGCATA,12
rna+H3K4me3-CAGATCTGGAATCTGA,0
rna+H3K4me3-CAGATCTGCAAGACTA,10
rna+H3K4me3-CAGATCTGGAGCTGAA,10
rna+H3K4me3-CAGATCTGGATAGACA,12
rna+H3K4me3-CAGATCTGGCCACATA,8
rna+H3K4me3-CAGATCTGGCGAGTAA,7
rna+H3K4me3-CAGATCTGGCTAACGA,3
rna+H3K4me3-CAGATCTGGCTCGGTA,0
rna+H3K4me3-CAGATCTGGGAGAACA,11
rna+H3K4me3-CAGATCTGGGTGCGAA,12
rna+H3K4me3-CAGATCTGGTACGCAA,0
rna+H3K4me3-CAGATCTGGTCGTAGA,3
rna+H3K4me3-CAGATCTGGTCTGTCA,11
rna+H3K4me3-CAGATCTGGTGTTCTA,0
rna+H3K4me3-CAGATCTGTAGGATGA,5
rna+H3K4me3-CAGATCTGTATCAGCA,3
rna+H3K4me3-CAGATCTGTCCGTCTA,3
rna+H3K4me3-CAGATCTGTCTTCACA,3
rna+H3K4me3-CAGATCTGTGAAGAGA,3
rna+H3K4me3-CAGATCTGTGGAACAA,3
rna+H3K4me3-CAGATCTGTGGCTTCA,3
rna+H3K4me3-CAGATCTGTGGTGGTA,0
rna+H3K4me3-CAGATCTGTTCACGCA,3
rna+H3K4me3-CAGATCTGAACTCACC,0
rna+H3K4me3-CAGATCTGAAGAGATC,5
rna+H3K4me3-CAGATCTGAAGGACAC,7
rna+H3K4me3-CAGATCTGAATCCGTC,3
rna+H3K4me3-CAGATCTGAATGTTGC,2
rna+H3K4me3-CAGATCTGACACGACC,3
rna+H3K4me3-CAGATCTGACAGATTC,0
rna+H3K4me3-CAGATCTGAGATGTAC,0
rna+H3K4me3-CAGATCTGAGCACCTC,3
rna+H3K4me3-CAGATCTGAGCCATGC,3
rna+H3K4me3-CAGATCTGAGGCTAAC,0
rna+H3K4me3-CAGATCTGATAGCGAC,8
rna+H3K4me3-CAGATCTGATCATTCC,3
rna+H3K4me3-CAGATCTGATTGGCTC,3
rna+H3K4me3-CAGATCTGCAAGGAGC,3
rna+H3K4me3-CAGATCTGCACCTTAC,8
rna+H3K4me3-CAGATCTGCCATCCTC,12
rna+H3K4me3-CAGATCTGCCGACAAC,7
rna+H3K4me3-CAGATCTGCCTAATCC,7
rna+H3K4me3-CAGATCTGCCTCTATC,8
rna+H3K4me3-CAGATCTGCGACACAC,5
rna+H3K4me3-CAGATCTGCGGATTGC,2
rna+H3K4me3-CAGATCTGCTAAGGTC,14
rna+H3K4me3-CAGATCTGGAACAGGC,14
rna+H3K4me3-CAGATCTGGACAGTGC,8
rna+H3K4me3-CAGATCTGGAGTTAGC,5
rna+H3K4me3-CAGATCTGGATGAATC,8
rna+H3K4me3-CAGATCTGGCCAAGAC,5
rna+H3K4me3-CAGATCTGCGGAAGAA,7
rna+H3K4me3-CAGATCTGGTGACAAG,7
rna+H3K4me3-CAGATCTGGAACCAGA,5
rna+H3K4me3-ACATTGGCTTGCTGGA,7
rna+H3K4me3-ACATTGGCAAGGTACA,14
rna+H3K4me3-ACATTGGCACACAGAA,14
rna+H3K4me3-ACATTGGCACAGCAGA,12
rna+H3K4me3-ACATTGGCACCTCCAA,12
rna+H3K4me3-ACATTGGCACGCTCGA,2
rna+H3K4me3-ACATTGGCACGTATCA,12
rna+H3K4me3-ACATTGGCACTATGCA,5
rna+H3K4me3-ACATTGGCAGAGTCAA,2
rna+H3K4me3-ACATTGGCAGATCGCA,2
rna+H3K4me3-ACATTGGCAGCAGGAA,12
rna+H3K4me3-ACATTGGCAGTCACTA,12
rna+H3K4me3-ACATTGGCATCCTGTA,14
rna+H3K4me3-ACATTGGCATTGAGGA,2
rna+H3K4me3-ACATTGGCCAACCACA,5
rna+H3K4me3-ACATTGGCGACTAGTA,5
rna+H3K4me3-ACATTGGCCAATGGAA,6
rna+H3K4me3-ACATTGGCCACTTCGA,6
rna+H3K4me3-ACATTGGCCAGCGTTA,6
rna+H3K4me3-ACATTGGCCATACCAA,6
rna+H3K4me3-ACATTGGCCCAGTTCA,8
rna+H3K4me3-ACATTGGCCCGAAGTA,6
rna+H3K4me3-ACATTGGCCCGTGAGA,6
rna+H3K4me3-ACATTGGCCCTCCTGA,6
rna+H3K4me3-ACATTGGCCGAACTTA,7
rna+H3K4me3-ACATTGGCCGACTGGA,2
rna+H3K4me3-ACATTGGCCGCATACA,5
rna+H3K4me3-ACATTGGCCTCAATGA,6
rna+H3K4me3-ACATTGGCCTGAGCCA,2
rna+H3K4me3-ACATTGGCCTGGCATA,8
rna+H3K4me3-ACATTGGCGAATCTGA,6
rna+H3K4me3-ACATTGGCCAAGACTA,7
rna+H3K4me3-ACATTGGCGAGCTGAA,10
rna+H3K4me3-ACATTGGCGATAGACA,7
rna+H3K4me3-ACATTGGCGCCACATA,2
rna+H3K4me3-ACATTGGCGCGAGTAA,3
rna+H3K4me3-ACATTGGCGCTAACGA,3
rna+H3K4me3-ACATTGGCGCTCGGTA,3
rna+H3K4me3-ACATTGGCGGAGAACA,3
rna+H3K4me3-ACATTGGCGGTGCGAA,3
rna+H3K4me3-ACATTGGCGTACGCAA,0
rna+H3K4me3-ACATTGGCGTCGTAGA,3
rna+H3K4me3-ACATTGGCGTCTGTCA,0
rna+H3K4me3-ACATTGGCGTGTTCTA,3
rna+H3K4me3-ACATTGGCTAGGATGA,0
rna+H3K4me3-ACATTGGCTATCAGCA,8
rna+H3K4me3-ACATTGGCTCCGTCTA,3
rna+H3K4me3-ACATTGGCTCTTCACA,0
rna+H3K4me3-ACATTGGCTGAAGAGA,0
rna+H3K4me3-ACATTGGCTGGAACAA,8
rna+H3K4me3-ACATTGGCTGGCTTCA,3
rna+H3K4me3-ACATTGGCTGGTGGTA,3
rna+H3K4me3-ACATTGGCTTCACGCA,3
rna+H3K4me3-ACATTGGCAACTCACC,5
rna+H3K4me3-ACATTGGCAAGAGATC,8
rna+H3K4me3-ACATTGGCAAGGACAC,3
rna+H3K4me3-ACATTGGCAATCCGTC,0
rna+H3K4me3-ACATTGGCAATGTTGC,3
rna+H3K4me3-ACATTGGCACACGACC,3
rna+H3K4me3-ACATTGGCACAGATTC,3
rna+H3K4me3-ACATTGGCAGATGTAC,3
rna+H3K4me3-ACATTGGCAGCACCTC,3
rna+H3K4me3-ACATTGGCAGCCATGC,3
rna+H3K4me3-ACATTGGCAGGCTAAC,0
rna+H3K4me3-ACATTGGCATAGCGAC,0
rna+H3K4me3-ACATTGGCATCATTCC,5
rna+H3K4me3-ACATTGGCATTGGCTC,3
rna+H3K4me3-ACATTGGCCAAGGAGC,3
rna+H3K4me3-ACATTGGCCACCTTAC,2
rna+H3K4me3-ACATTGGCCCATCCTC,2
rna+H3K4me3-ACATTGGCCCGACAAC,10
rna+H3K4me3-ACATTGGCCCTAATCC,7
rna+H3K4me3-ACATTGGCCCTCTATC,5
rna+H3K4me3-ACATTGGCCGACACAC,6
rna+H3K4me3-ACATTGGCCGGATTGC,7
rna+H3K4me3-ACATTGGCCTAAGGTC,14
rna+H3K4me3-ACATTGGCGAACAGGC,14
rna+H3K4me3-ACATTGGCGACAGTGC,5
rna+H3K4me3-ACATTGGCGAGTTAGC,2
rna+H3K4me3-ACATTGGCGATGAATC,14
rna+H3K4me3-ACATTGGCGCCAAGAC,5
rna+H3K4me3-ACATTGGCCGGAAGAA,5
rna+H3K4me3-ACATTGGCGTGACAAG,7
rna+H3K4me3-ACATTGGCGAACCAGA,3
rna+H3K4me3-ACCACTGTTTGCTGGA,2
rna+H3K4me3-ACCACTGTACACAGAA,2
rna+H3K4me3-ACCACTGTACAGCAGA,14
rna+H3K4me3-ACCACTGTACCTCCAA,4
rna+H3K4me3-ACCACTGTACGCTCGA,4
rna+H3K4me3-ACCACTGTACGTATCA,4
rna+H3K4me3-ACCACTGTACTATGCA,12
rna+H3K4me3-ACCACTGTAGAGTCAA,14
rna+H3K4me3-ACCACTGTAGATCGCA,2
rna+H3K4me3-ACCACTGTAGCAGGAA,2
rna+H3K4me3-ACCACTGTAGTCACTA,2
rna+H3K4me3-ACCACTGTATCCTGTA,5
rna+H3K4me3-ACCACTGTATTGAGGA,12
rna+H3K4me3-ACCACTGTCAACCACA,5
rna+H3K4me3-ACCACTGTGACTAGTA,10
rna+H3K4me3-ACCACTGTCAATGGAA,8
rna+H3K4me3-ACCACTGTCACTTCGA,6
rna+H3K4me3-ACCACTGTCAGCGTTA,6
rna+H3K4me3-ACCACTGTCATACCAA,6
rna+H3K4me3-ACCACTGTCCAGTTCA,6
rna+H3K4me3-ACCACTGTCCGAAGTA,6
rna+H3K4me3-ACCACTGTCCGTGAGA,6
rna+H3K4me3-ACCACTGTCCTCCTGA,6
rna+H3K4me3-ACCACTGTCGAACTTA,9
rna+H3K4me3-ACCACTGTCGACTGGA,6
rna+H3K4me3-ACCACTGTCGCATACA,5
rna+H3K4me3-ACCACTGTCTCAATGA,2
rna+H3K4me3-ACCACTGTCTGAGCCA,7
rna+H3K4me3-ACCACTGTCTGGCATA,7
rna+H3K4me3-ACCACTGTGAATCTGA,5
rna+H3K4me3-ACCACTGTCAAGACTA,7
rna+H3K4me3-ACCACTGTGAGCTGAA,10
rna+H3K4me3-ACCACTGTGATAGACA,7
rna+H3K4me3-ACCACTGTGCCACATA,2
rna+H3K4me3-ACCACTGTGCGAGTAA,3
rna+H3K4me3-ACCACTGTGCTAACGA,3
rna+H3K4me3-ACCACTGTGCTCGGTA,3
rna+H3K4me3-ACCACTGTGGAGAACA,8
rna+H3K4me3-ACCACTGTGGTGCGAA,5
rna+H3K4me3-ACCACTGTGTACGCAA,12
rna+H3K4me3-ACCACTGTGTCGTAGA,3
rna+H3K4me3-ACCACTGTGTCTGTCA,8
rna+H3K4me3-ACCACTGTGTGTTCTA,3
rna+H3K4me3-ACCACTGTTAGGATGA,0
rna+H3K4me3-ACCACTGTTATCAGCA,3
rna+H3K4me3-ACCACTGTTCCGTCTA,3
rna+H3K4me3-ACCACTGTTCTTCACA,3
rna+H3K4me3-ACCACTGTTGAAGAGA,3
rna+H3K4me3-ACCACTGTTGGAACAA,11
rna+H3K4me3-ACCACTGTTGGCTTCA,3
rna+H3K4me3-ACCACTGTTGGTGGTA,3
rna+H3K4me3-ACCACTGTTTCACGCA,3
rna+H3K4me3-ACCACTGTAACTCACC,3
rna+H3K4me3-ACCACTGTAAGAGATC,3
rna+H3K4me3-ACCACTGTAAGGACAC,3
rna+H3K4me3-ACCACTGTAATCCGTC,3
rna+H3K4me3-ACCACTGTAATGTTGC,3
rna+H3K4me3-ACCACTGTACACGACC,0
rna+H3K4me3-ACCACTGTACAGATTC,3
rna+H3K4me3-ACCACTGTAGATGTAC,10
rna+H3K4me3-ACCACTGTAGCACCTC,3
rna+H3K4me3-ACCACTGTAGCCATGC,3
rna+H3K4me3-ACCACTGTAGGCTAAC,11
rna+H3K4me3-ACCACTGTATAGCGAC,3
rna+H3K4me3-ACCACTGTATCATTCC,6
rna+H3K4me3-ACCACTGTATTGGCTC,7
rna+H3K4me3-ACCACTGTCAAGGAGC,7
rna+H3K4me3-ACCACTGTCACCTTAC,3
rna+H3K4me3-ACCACTGTCCATCCTC,3
rna+H3K4me3-ACCACTGTCCGACAAC,7
rna+H3K4me3-ACCACTGTCCTAATCC,10
rna+H3K4me3-ACCACTGTCCTCTATC,5
rna+H3K4me3-ACCACTGTCGACACAC,7
rna+H3K4me3-ACCACTGTCGGATTGC,5
rna+H3K4me3-ACCACTGTCTAAGGTC,8
rna+H3K4me3-ACCACTGTGAACAGGC,14
rna+H3K4me3-ACCACTGTGACAGTGC,14
rna+H3K4me3-ACCACTGTGAGTTAGC,14
rna+H3K4me3-ACCACTGTGATGAATC,14
rna+H3K4me3-ACCACTGTGCCAAGAC,5
rna+H3K4me3-ACCACTGTCGGAAGAA,8
rna+H3K4me3-ACCACTGTGTGACAAG,8
rna+H3K4me3-ACCACTGTGAACCAGA,7
rna+H3K4me3-AGTGGTCATTGCTGGA,14
rna+H3K4me3-AGTGGTCAACAGCAGA,4
rna+H3K4me3-AGTGGTCAACCTCCAA,14
rna+H3K4me3-AGTGGTCAACGCTCGA,4
rna+H3K4me3-AGTGGTCAACGTATCA,12
rna+H3K4me3-AGTGGTCAACTATGCA,12
rna+H3K4me3-AGTGGTCAAGAGTCAA,12
rna+H3K4me3-AGTGGTCAAGATCGCA,4
rna+H3K4me3-AGTGGTCAAGCAGGAA,12
rna+H3K4me3-AGTGGTCAAGTCACTA,12
rna+H3K4me3-AGTGGTCAATCCTGTA,5
rna+H3K4me3-AGTGGTCAATTGAGGA,12
rna+H3K4me3-AGTGGTCACAACCACA,12
rna+H3K4me3-AGTGGTCAGACTAGTA,14
rna+H3K4me3-AGTGGTCACAATGGAA,8
rna+H3K4me3-AGTGGTCACACTTCGA,5
rna+H3K4me3-AGTGGTCACAGCGTTA,6
rna+H3K4me3-AGTGGTCACATACCAA,6
rna+H3K4me3-AGTGGTCACCAGTTCA,6
rna+H3K4me3-AGTGGTCACCGAAGTA,8
rna+H3K4me3-AGTGGTCACCGTGAGA,6
rna+H3K4me3-AGTGGTCACCTCCTGA,6
rna+H3K4me3-AGTGGTCACGAACTTA,6
rna+H3K4me3-AGTGGTCACGACTGGA,6
rna+H3K4me3-AGTGGTCACGCATACA,5
rna+H3K4me3-AGTGGTCACTCAATGA,7
rna+H3K4me3-AGTGGTCACTGAGCCA,6
rna+H3K4me3-AGTGGTCACTGGCATA,8
rna+H3K4me3-AGTGGTCAGAATCTGA,7
rna+H3K4me3-AGTGGTCACAAGACTA,2
rna+H3K4me3-AGTGGTCAGAGCTGAA,6
rna+H3K4me3-AGTGGTCAGATAGACA,10
rna+H3K4me3-AGTGGTCAGCCACATA,4
rna+H3K4me3-AGTGGTCAGCGAGTAA,4
rna+H3K4me3-AGTGGTCAGCTAACGA,8
rna+H3K4me3-AGTGGTCAGCTCGGTA,3
rna+H3K4me3-AGTGGTCAGGAGAACA,8
rna+H3K4me3-AGTGGTCAGGTGCGAA,3
rna+H3K4me3-AGTGGTCAGTACGCAA,3
rna+H3K4me3-AGTGGTCAGTCGTAGA,3
rna+H3K4me3-AGTGGTCAGTCTGTCA,11
rna+H3K4me3-AGTGGTCAGTGTTCTA,2
rna+H3K4me3-AGTGGTCATAGGATGA,3
rna+H3K4me3-AGTGGTCATATCAGCA,11
rna+H3K4me3-AGTGGTCATCCGTCTA,3
rna+H3K4me3-AGTGGTCATCTTCACA,0
rna+H3K4me3-AGTGGTCATGAAGAGA,3
rna+H3K4me3-AGTGGTCATGGAACAA,3
rna+H3K4me3-AGTGGTCATGGCTTCA,8
rna+H3K4me3-AGTGGTCATGGTGGTA,3
rna+H3K4me3-AGTGGTCATTCACGCA,11
rna+H3K4me3-AGTGGTCAAACTCACC,3
rna+H3K4me3-AGTGGTCAAAGAGATC,0
rna+H3K4me3-AGTGGTCAAAGGACAC,3
rna+H3K4me3-AGTGGTCAAATCCGTC,3
rna+H3K4me3-AGTGGTCAAATGTTGC,3
rna+H3K4me3-AGTGGTCAACACGACC,2
rna+H3K4me3-AGTGGTCAACAGATTC,5
rna+H3K4me3-AGTGGTCAAGATGTAC,11
rna+H3K4me3-AGTGGTCAAGCACCTC,3
rna+H3K4me3-AGTGGTCAAGCCATGC,0
rna+H3K4me3-AGTGGTCAAGGCTAAC,0
rna+H3K4me3-AGTGGTCAATAGCGAC,3
rna+H3K4me3-AGTGGTCAATCATTCC,3
rna+H3K4me3-AGTGGTCAATTGGCTC,3
rna+H3K4me3-AGTGGTCACAAGGAGC,3
rna+H3K4me3-AGTGGTCACACCTTAC,3
rna+H3K4me3-AGTGGTCACCATCCTC,3
rna+H3K4me3-AGTGGTCACCGACAAC,3
rna+H3K4me3-AGTGGTCACCTAATCC,7
rna+H3K4me3-AGTGGTCACCTCTATC,7
rna+H3K4me3-AGTGGTCACGACACAC,11
rna+H3K4me3-AGTGGTCACGGATTGC,2
rna+H3K4me3-AGTGGTCACTAAGGTC,14
rna+H3K4me3-AGTGGTCAGAACAGGC,14
rna+H3K4me3-AGTGGTCAGACAGTGC,14
rna+H3K4me3-AGTGGTCAGAGTTAGC,14
rna+H3K4me3-AGTGGTCAGATGAATC,14
rna+H3K4me3-AGTGGTCAGCCAAGAC,5
rna+H3K4me3-AGTGGTCACGGAAGAA,4
rna+H3K4me3-AGTGGTCAGTGACAAG,5
rna+H3K4me3-AGTGGTCAGAACCAGA,7
rna+H3K4me3-ATGCCTAATTGCTGGA,2
rna+H3K4me3-ATGCCTAAACGCTCGA,14
rna+H3K4me3-ATGCCTAAACGTATCA,8
rna+H3K4me3-ATGCCTAAACTATGCA,10
rna+H3K4me3-ATGCCTAAAGAGTCAA,12
rna+H3K4me3-ATGCCTAAAGATCGCA,6
rna+H3K4me3-ATGCCTAAAGCAGGAA,5
rna+H3K4me3-ATGCCTAAAGTCACTA,5
rna+H3K4me3-ATGCCTAAATCCTGTA,2
rna+H3K4me3-ATGCCTAAATTGAGGA,4
rna+H3K4me3-ATGCCTAACAACCACA,6
rna+H3K4me3-ATGCCTAAGACTAGTA,14
rna+H3K4me3-ATGCCTAACAATGGAA,4
rna+H3K4me3-ATGCCTAACACTTCGA,12
rna+H3K4me3-ATGCCTAACAGCGTTA,6
rna+H3K4me3-ATGCCTAACATACCAA,8
rna+H3K4me3-ATGCCTAACCAGTTCA,6
rna+H3K4me3-ATGCCTAACCGAAGTA,6
rna+H3K4me3-ATGCCTAACCGTGAGA,6
rna+H3K4me3-ATGCCTAACCTCCTGA,6
rna+H3K4me3-ATGCCTAACGAACTTA,6
rna+H3K4me3-ATGCCTAACGACTGGA,6
rna+H3K4me3-ATGCCTAACGCATACA,2
rna+H3K4me3-ATGCCTAACTCAATGA,5
rna+H3K4me3-ATGCCTAACTGAGCCA,12
rna+H3K4me3-ATGCCTAACTGGCATA,7
rna+H3K4me3-ATGCCTAAGAATCTGA,7
rna+H3K4me3-ATGCCTAACAAGACTA,4
rna+H3K4me3-ATGCCTAAGAGCTGAA,5
rna+H3K4me3-ATGCCTAAGATAGACA,12
rna+H3K4me3-ATGCCTAAGCCACATA,7
rna+H3K4me3-ATGCCTAAGCGAGTAA,9
rna+H3K4me3-ATGCCTAAGCTAACGA,3
rna+H3K4me3-ATGCCTAAGCTCGGTA,3
rna+H3K4me3-ATGCCTAAGGAGAACA,2
rna+H3K4me3-ATGCCTAAGGTGCGAA,3
rna+H3K4me3-ATGCCTAAGTACGCAA,2
rna+H3K4me3-ATGCCTAAGTCGTAGA,3
rna+H3K4me3-ATGCCTAAGTCTGTCA,3
rna+H3K4me3-ATGCCTAAGTGTTCTA,3
rna+H3K4me3-ATGCCTAATAGGATGA,0
rna+H3K4me3-ATGCCTAATATCAGCA,3
rna+H3K4me3-ATGCCTAATCCGTCTA,3
rna+H3K4me3-ATGCCTAATCTTCACA,3
rna+H3K4me3-ATGCCTAATGAAGAGA,3
rna+H3K4me3-ATGCCTAATGGAACAA,2
rna+H3K4me3-ATGCCTAATGGCTTCA,0
rna+H3K4me3-ATGCCTAATGGTGGTA,3
rna+H3K4me3-ATGCCTAATTCACGCA,8
rna+H3K4me3-ATGCCTAAAACTCACC,3
rna+H3K4me3-ATGCCTAAAAGAGATC,3
rna+H3K4me3-ATGCCTAAAAGGACAC,2
rna+H3K4me3-ATGCCTAAAATCCGTC,3
rna+H3K4me3-ATGCCTAAAATGTTGC,3
rna+H3K4me3-ATGCCTAAACACGACC,3
rna+H3K4me3-ATGCCTAAACAGATTC,12
rna+H3K4me3-ATGCCTAAAGATGTAC,3
rna+H3K4me3-ATGCCTAAAGCACCTC,3
rna+H3K4me3-ATGCCTAAAGCCATGC,0
rna+H3K4me3-ATGCCTAAAGGCTAAC,3
rna+H3K4me3-ATGCCTAAATAGCGAC,11
rna+H3K4me3-ATGCCTAAATCATTCC,7
rna+H3K4me3-ATGCCTAAATTGGCTC,5
rna+H3K4me3-ATGCCTAACAAGGAGC,8
rna+H3K4me3-ATGCCTAACACCTTAC,3
rna+H3K4me3-ATGCCTAACCATCCTC,3
rna+H3K4me3-ATGCCTAACCGACAAC,11
rna+H3K4me3-ATGCCTAACCTAATCC,4
rna+H3K4me3-ATGCCTAACCTCTATC,8
rna+H3K4me3-ATGCCTAACGACACAC,7
rna+H3K4me3-ATGCCTAACGGATTGC,14
rna+H3K4me3-ATGCCTAACTAAGGTC,14
rna+H3K4me3-ATGCCTAAGAACAGGC,14
rna+H3K4me3-ATGCCTAAGACAGTGC,14
rna+H3K4me3-ATGCCTAAGAGTTAGC,14
rna+H3K4me3-ATGCCTAAGATGAATC,14
rna+H3K4me3-ATGCCTAAGCCAAGAC,8
rna+H3K4me3-ATGCCTAACGGAAGAA,5
rna+H3K4me3-ATGCCTAAGTGACAAG,2
rna+H3K4me3-ATGCCTAAGAACCAGA,7
rna+H3K4me3-AAACATCGTTGCTGGA,3
rna+H3K4me3-AAACATCGACGTATCA,14
rna+H3K4me3-AAACATCGACTATGCA,14
rna+H3K4me3-AAACATCGAGAGTCAA,12
rna+H3K4me3-AAACATCGAGATCGCA,12
rna+H3K4me3-AAACATCGAGCAGGAA,5
rna+H3K4me3-AAACATCGAGTCACTA,5
rna+H3K4me3-AAACATCGATCCTGTA,4
rna+H3K4me3-AAACATCGATTGAGGA,4
rna+H3K4me3-AAACATCGCAACCACA,12
rna+H3K4me3-AAACATCGGACTAGTA,2
rna+H3K4me3-AAACATCGCAATGGAA,10
rna+H3K4me3-AAACATCGCACTTCGA,6
rna+H3K4me3-AAACATCGCAGCGTTA,2
rna+H3K4me3-AAACATCGCATACCAA,6
rna+H3K4me3-AAACATCGCCAGTTCA,6
rna+H3K4me3-AAACATCGCCGAAGTA,6
rna+H3K4me3-AAACATCGCCGTGAGA,9
rna+H3K4me3-AAACATCGCCTCCTGA,6
rna+H3K4me3-AAACATCGCGAACTTA,6
rna+H3K4me3-AAACATCGCGACTGGA,6
rna+H3K4me3-AAACATCGCGCATACA,6
rna+H3K4me3-AAACATCGCTCAATGA,6
rna+H3K4me3-AAACATCGCTGAGCCA,5
rna+H3K4me3-AAACATCGCTGGCATA,6
rna+H3K4me3-AAACATCGGAATCTGA,2
rna+H3K4me3-AAACATCGCAAGACTA,6
rna+H3K4me3-AAACATCGGAGCTGAA,7
rna+H3K4me3-AAACATCGGATAGACA,12
rna+H3K4me3-AAACATCGGCCACATA,4
rna+H3K4me3-AAACATCGGCGAGTAA,11
rna+H3K4me3-AAACATCGGCTAACGA,2
rna+H3K4me3-AAACATCGGCTCGGTA,3
rna+H3K4me3-AAACATCGGGAGAACA,3
rna+H3K4me3-AAACATCGGGTGCGAA,3
rna+H3K4me3-AAACATCGGTACGCAA,5
rna+H3K4me3-AAACATCGGTCGTAGA,3
rna+H3K4me3-AAACATCGGTCTGTCA,12
rna+H3K4me3-AAACATCGGTGTTCTA,0
rna+H3K4me3-AAACATCGTAGGATGA,3
rna+H3K4me3-AAACATCGTATCAGCA,0
rna+H3K4me3-AAACATCGTCCGTCTA,0
rna+H3K4me3-AAACATCGTCTTCACA,0
rna+H3K4me3-AAACATCGTGAAGAGA,2
rna+H3K4me3-AAACATCGTGGAACAA,0
rna+H3K4me3-AAACATCGTGGCTTCA,5
rna+H3K4me3-AAACATCGTGGTGGTA,3
rna+H3K4me3-AAACATCGTTCACGCA,3
rna+H3K4me3-AAACATCGAACTCACC,5
rna+H3K4me3-AAACATCGAAGAGATC,3
rna+H3K4me3-AAACATCGAAGGACAC,11
rna+H3K4me3-AAACATCGAATCCGTC,2
rna+H3K4me3-AAACATCGAATGTTGC,0
rna+H3K4me3-AAACATCGACACGACC,3
rna+H3K4me3-AAACATCGACAGATTC,11
rna+H3K4me3-AAACATCGAGATGTAC,12
rna+H3K4me3-AAACATCGAGCACCTC,0
rna+H3K4me3-AAACATCGAGCCATGC,2
rna+H3K4me3-AAACATCGAGGCTAAC,3
rna+H3K4me3-AAACATCGATAGCGAC,8
rna+H3K4me3-AAACATCGATCATTCC,5
rna+H3K4me3-AAACATCGATTGGCTC,4
rna+H3K4me3-AAACATCGCAAGGAGC,8
rna+H3K4me3-AAACATCGCACCTTAC,3
rna+H3K4me3-AAACATCGCCATCCTC,0
rna+H3K4me3-AAACATCGCCGACAAC,3
rna+H3K4me3-AAACATCGCCTAATCC,10
rna+H3K4me3-AAACATCGCCTCTATC,3
rna+H3K4me3-AAACATCGCGACACAC,7
rna+H3K4me3-AAACATCGCGGATTGC,14
rna+H3K4me3-AAACATCGCTAAGGTC,12
rna+H3K4me3-AAACATCGGAACAGGC,5
rna+H3K4me3-AAACATCGGACAGTGC,2
rna+H3K4me3-AAACATCGGAGTTAGC,14
rna+H3K4me3-AAACATCGGATGAATC,14
rna+H3K4me3-AAACATCGGCCAAGAC,14
rna+H3K4me3-AAACATCGCGGAAGAA,2
rna+H3K4me3-AAACATCGGTGACAAG,7
rna+H3K4me3-AAACATCGGAACCAGA,3
rna+H3K4me3-GAACAGGCAACGTGAT,9
rna+H3K4me3-GAACAGGCACAAGCTA,9
rna+H3K4me3-GAACAGGCTTGCTGGA,1
rna+H3K4me3-GAACAGGCCTGTAGCC,9
rna+H3K4me3-GAACAGGCAGTACAAG,1
rna+H3K4me3-GAACAGGCAACAACCA,9
rna+H3K4me3-GAACAGGCAACCGAGA,9
rna+H3K4me3-GAACAGGCAACGCTTA,9
rna+H3K4me3-GAACAGGCAAGACGGA,9
rna+H3K4me3-GAACAGGCAAGGTACA,2
rna+H3K4me3-GAACAGGCACACAGAA,8
rna+H3K4me3-GAACAGGCACAGCAGA,7
rna+H3K4me3-GAACAGGCAAACATCG,9
rna+H3K4me3-GAACAGGCACCTCCAA,12
rna+H3K4me3-GAACAGGCACGCTCGA,4
rna+H3K4me3-GAACAGGCACGTATCA,12
rna+H3K4me3-GAACAGGCACTATGCA,1
rna+H3K4me3-GAACAGGCAGAGTCAA,7
rna+H3K4me3-GAACAGGCAGATCGCA,1
rna+H3K4me3-GAACAGGCAGCAGGAA,1
rna+H3K4me3-GAACAGGCAGTCACTA,1
rna+H3K4me3-GAACAGGCATCCTGTA,9
rna+H3K4me3-GAACAGGCATTGAGGA,2
rna+H3K4me3-GAACAGGCATGCCTAA,1
rna+H3K4me3-GAACAGGCCAACCACA,1
rna+H3K4me3-GAACAGGCGACTAGTA,2
rna+H3K4me3-GAACAGGCCAATGGAA,1
rna+H3K4me3-GAACAGGCCACTTCGA,1
rna+H3K4me3-GAACAGGCCAGCGTTA,1
rna+H3K4me3-GAACAGGCCATACCAA,1
rna+H3K4me3-GAACAGGCCCAGTTCA,9
rna+H3K4me3-GAACAGGCCCGAAGTA,2
rna+H3K4me3-GAACAGGCCCGTGAGA,8
rna+H3K4me3-GAACAGGCCCTCCTGA,1
rna+H3K4me3-GAACAGGCAGTGGTCA,2
rna+H3K4me3-GAACAGGCCGAACTTA,1
rna+H3K4me3-GAACAGGCCGACTGGA,4
rna+H3K4me3-GAACAGGCCGCATACA,1
rna+H3K4me3-GAACAGGCCTCAATGA,1
rna+H3K4me3-GAACAGGCCTGAGCCA,2
rna+H3K4me3-GAACAGGCCTGGCATA,1
rna+H3K4me3-GAACAGGCGAATCTGA,1
rna+H3K4me3-GAACAGGCCAAGACTA,1
rna+H3K4me3-GAACAGGCGAGCTGAA,1
rna+H3K4me3-GAACAGGCGATAGACA,2
rna+H3K4me3-GAACAGGCACCACTGT,9
rna+H3K4me3-GAACAGGCGCCACATA,10
rna+H3K4me3-GAACAGGCGCGAGTAA,10
rna+H3K4me3-GAACAGGCGCTAACGA,1
rna+H3K4me3-GAACAGGCGCTCGGTA,1
rna+H3K4me3-GAACAGGCGGAGAACA,1
rna+H3K4me3-GAACAGGCGGTGCGAA,4
rna+H3K4me3-GAACAGGCGTACGCAA,4
rna+H3K4me3-GAACAGGCGTCGTAGA,5
rna+H3K4me3-GAACAGGCGTCTGTCA,5
rna+H3K4me3-GAACAGGCGTGTTCTA,4
rna+H3K4me3-GAACAGGCACATTGGC,5
rna+H3K4me3-GAACAGGCTAGGATGA,4
rna+H3K4me3-GAACAGGCTATCAGCA,14
rna+H3K4me3-GAACAGGCTCCGTCTA,4
rna+H3K4me3-GAACAGGCTCTTCACA,5
rna+H3K4me3-GAACAGGCTGAAGAGA,5
rna+H3K4me3-GAACAGGCTGGAACAA,5
rna+H3K4me3-GAACAGGCTGGCTTCA,5
rna+H3K4me3-GAACAGGCTGGTGGTA,4
rna+H3K4me3-GAACAGGCTTCACGCA,11
rna+H3K4me3-GAACAGGCAACTCACC,5
rna+H3K4me3-GAACAGGCCAGATCTG,12
rna+H3K4me3-GAACAGGCAAGAGATC,4
rna+H3K4me3-GAACAGGCAAGGACAC,8
rna+H3K4me3-GAACAGGCAATCCGTC,10
rna+H3K4me3-GAACAGGCAATGTTGC,1
rna+H3K4me3-GAACAGGCACACGACC,2
rna+H3K4me3-GAACAGGCACAGATTC,1
rna+H3K4me3-GAACAGGCAGATGTAC,1
rna+H3K4me3-GAACAGGCAGCACCTC,1
rna+H3K4me3-GAACAGGCAGCCATGC,1
rna+H3K4me3-GAACAGGCAGGCTAAC,10
rna+H3K4me3-GAACAGGCCATCAAGT,9
rna+H3K4me3-GAACAGGCATAGCGAC,7
rna+H3K4me3-GAACAGGCATCATTCC,1
rna+H3K4me3-GAACAGGCATTGGCTC,1
rna+H3K4me3-GAACAGGCCAAGGAGC,2
rna+H3K4me3-GAACAGGCCACCTTAC,1
rna+H3K4me3-GAACAGGCCCATCCTC,1
rna+H3K4me3-GAACAGGCCCGACAAC,9
rna+H3K4me3-GAACAGGCCCTAATCC,1
rna+H3K4me3-GAACAGGCCCTCTATC,1
rna+H3K4me3-GAACAGGCCGACACAC,2
rna+H3K4me3-GAACAGGCCGCTGATC,9
rna+H3K4me3-GAACAGGCCGGATTGC,8
rna+H3K4me3-GAACAGGCCTAAGGTC,5
rna+H3K4me3-GAACAGGCGAACAGGC,14
rna+H3K4me3-GAACAGGCGACAGTGC,5
rna+H3K4me3-GAACAGGCGAGTTAGC,5
rna+H3K4me3-GAACAGGCGATGAATC,2
rna+H3K4me3-GAACAGGCGCCAAGAC,1
rna+H3K4me3-GAACAGGCCGGAAGAA,1
rna+H3K4me3-GAACAGGCGTGACAAG,1
rna+H3K4me3-GAACAGGCGAACCAGA,10
