,0,1,2,3,4,5,6,7,8,9
E15_5-S1#AACCTGCGACTCAATA-1,0.21264991,-0.5313045,-1.1792591,0.22584885,-1.2223359,1.6379683,1.1521623,1.588454,-0.6194367,-1.2647473
E15_5-S1#AACCTGCGAGAACGTC-1,-0.6215216,-0.22113886,-0.6685828,0.093346015,-0.6650907,0.91076505,0.2537574,1.396138,0.26189813,-0.7395706
E15_5-S1#AACCTGCGAGAGCTAT-1,-0.33631837,-0.2821172,-0.41855264,0.7501155,0.22242123,0.6626574,-0.2847557,0.3455829,-0.29314142,-0.36589175
E15_5-S1#AACCTGCGCCGAGAAT-1,-0.05179493,-0.32244688,-0.051620997,1.1242486,-0.25487325,0.2958346,-0.18434837,-0.2891045,-0.49770528,0.23181102
E15_5-S1#AACCTGCGCTAAGAGA-1,-1.0600275,-0.1566942,-0.8963052,0.22046246,-0.6037346,1.8032664,-0.4069885,1.8109307,0.3300305,-1.0409402
E15_5-S1#AACCTGCGCTGATGGT-1,-0.18112709,-0.30296567,0.12552361,1.2150532,-0.36067522,0.14179766,-0.24894802,-0.24723272,-0.48945183,0.34802604
E15_5-S1#AACCTGCGCTTGCGCC-1,-0.41265038,0.025446407,-1.074652,-0.034905244,-0.6868439,1.8296229,-0.17839214,1.741879,-0.06086475,-1.1486399
E15_5-S1#AACCTGCGGATCTTAC-1,-0.2599311,-0.3637271,0.11688323,0.6676715,-0.441639,0.38329124,0.52802557,-0.3163241,-0.40093595,0.086685784
E15_5-S1#AACCTGCGGCAGGTCC-1,-0.5181942,-0.30105668,-0.3535269,0.61134124,-0.22585416,0.68260485,-0.23525289,0.9554043,-0.121949375,-0.49351624
E15_5-S1#AACCTGCGGCCATTCT-1,3.1926782,-1.1453868,-0.8167658,2.1915684,-2.1663265,-1.0046021,3.312305,-0.7722105,-1.1366782,-1.654582
E15_5-S1#AACCTGCGGCGTTGGA-1,-0.5398218,-0.23631799,-0.14948279,0.2687278,-0.36309293,0.75529593,0.58232355,0.16697294,-0.1730204,-0.31158435
E15_5-S1#AACCTGCGGGTACTGC-1,-0.27857372,-0.5237026,-0.37867528,-0.1525015,-0.608173,1.5073901,0.33676282,1.3121116,-0.3639584,-0.8506801
E15_5-S1#AACCTGCGTAGAATTA-1,1.4745293,-0.8614043,-1.0541625,0.85195094,-1.8819411,0.016616132,2.2777247,1.7466748,-0.994584,-1.5754042
E15_5-S1#AACCTGCGTCCTACCA-1,-0.5700735,0.2900061,-0.90222573,-0.15632924,-0.7151357,1.2048551,0.4597344,1.6593792,-0.4000806,-0.87013036
E15_5-S1#AACCTGCGTCGGCCTT-1,-1.298484,0.047725253,-0.14836988,-0.8663975,-0.16313918,0.14934489,0.24890545,1.6870552,0.8568149,-0.5134552
E15_5-S1#AACCTGCGTTGACTTC-1,-0.9268812,-0.19082724,-0.60569775,0.5149423,-0.22383732,1.5428016,-0.16646254,1.3979083,-0.37848237,-0.9634639
E15_5-S1#AAGAAGCTAATTAAGA-1,3.4999826,-1.2859548,-0.7722716,2.462527,-2.2287953,-1.0000798,3.6011598,-1.4966357,-1.1567103,-1.6232221
E15_5-S1#AAGAAGCTACCGCCAA-1,-0.49506742,-0.8269036,0.43091458,-0.83930343,-0.7966963,-0.58875656,1.876854,2.9634724,-0.78333294,-0.9411809
E15_5-S1#AAGAAGCTACGGAGGC-1,3.1284864,-0.8287194,-1.2005242,1.9611341,-1.5135572,-0.45831636,1.2824606,-0.7309408,-0.44709498,-1.1929282
E15_5-S1#AAGAAGCTACTCAATA-1,2.5454183,-1.2209058,-0.57856464,-1.6216656,3.0792365,-1.2248197,-0.9221615,-1.4301143,-1.1494704,2.5230472
E15_5-S1#AAGAAGCTACTTAACC-1,-0.737067,-0.6294266,-0.23713742,0.1622068,-0.64538234,1.3464444,-0.38877365,1.4478861,0.24709001,-0.56584024
E15_5-S1#AAGAAGCTAGAACGTC-1,3.216915,-0.59801304,-1.1457024,1.8939543,0.028913453,-0.6502253,-0.49183342,-0.25028417,-0.35775533,-1.6459688
E15_5-S1#AAGAAGCTAGAGCTAT-1,2.5603347,-1.2796628,-0.8317811,-1.4345975,3.130325,-1.1757523,-1.1369679,-1.0143515,-1.215089,2.3975422
E15_5-S1#AAGAAGCTATAAGGAG-1,-0.4857348,-0.25722888,-0.00042176247,0.00085643306,-0.24199075,0.36536163,0.48858523,0.31961876,0.02436036,-0.2134062
E15_5-S1#AAGAAGCTATCATATT-1,-1.3472958,1.8005404,-0.96828324,0.32367116,-0.94250846,0.84552383,-0.46507332,1.3667171,0.2777539,-0.89104575
E15_5-S1#AAGAAGCTCAACCGCT-1,-0.9281606,-0.26925534,-0.4032036,1.4943308,-0.61384356,0.6438638,0.02327026,0.35201615,-0.13376725,-0.16525061
E15_5-S1#AAGAAGCTCCAGTTCC-1,-0.92819375,-0.73550326,0.39923766,-0.25504768,-0.73315763,1.0398209,0.07722314,2.0171294,-0.30899465,-0.57251394
E15_5-S1#AAGAAGCTCCGAGAAT-1,3.105969,-1.1283677,-0.6110619,-1.5496029,3.0377288,-1.2239479,-1.0631859,-1.4692762,-1.2517304,2.1534755
E15_5-S1#AAGAAGCTCCGATTCC-1,0.19674203,-0.84897965,-0.60927135,0.41265652,-0.994395,-0.32542303,0.7237012,3.33652,-0.8616318,-1.0299187
E15_5-S1#AAGAAGCTCGAACGCC-1,0.066608086,-0.5744285,-0.5276592,-0.5333988,-0.027053315,0.9752632,0.518504,0.9565244,-0.09467223,-0.7596875
E15_5-S1#AAGAAGCTCTAAGAGA-1,2.4647636,-1.2385452,-0.626177,-1.5026983,3.0527818,-1.2961625,-1.0367045,-0.8918752,-1.2840794,2.358697
E15_5-S1#AAGAAGCTCTGATGGT-1,2.7798047,-1.1340364,-0.6226047,-1.6965499,3.1313684,-1.266129,-1.018345,-1.3039713,-1.2299132,2.3603768
E15_5-S1#AAGAAGCTCTTGCGCC-1,3.3553696,-0.620674,-1.2136271,1.6179044,1.4456519,-0.7130413,-1.2356232,-0.82457715,-0.5463081,-1.265075
E15_5-S1#AAGAAGCTGACCTTGA-1,2.2242954,-0.806123,-1.212701,1.9139487,-1.842534,-0.49266374,1.5251588,0.69803727,-0.53590554,-1.4715124
E15_5-S1#AAGAAGCTGATCTTAC-1,2.1303382,-1.3665938,-0.80543774,-1.0817217,2.913336,-1.1439834,-1.1608417,-0.8214884,-1.177279,2.5136712
E15_5-S1#AAGAAGCTGCAGGTCC-1,2.8953269,-0.67058533,-1.2979926,2.0142634,-1.265212,-0.69900495,0.28397742,0.8943555,-0.40960437,-1.7455239
E15_5-S1#AAGAAGCTGCCATTCT-1,2.9223962,-1.0871794,-0.6524577,-1.4162031,3.0947323,-1.3216611,-1.1210858,-1.2176771,-1.2674073,2.0665426
E15_5-S1#AAGAAGCTGCCGCAAC-1,3.3186042,-0.92745626,-0.64297867,-1.479571,2.5153847,-1.2070972,-0.6332037,-1.415136,-1.2673765,1.7388303
E15_5-S1#AAGAAGCTGCGTTGGA-1,2.4623866,-1.2938884,-0.8032486,-1.2649579,3.052206,-1.1304313,-1.1369352,-1.0037782,-1.1899437,2.308591
E15_5-S1#AAGAAGCTGGCTGAGC-1,-0.79671687,-0.49680492,-0.27396947,-0.29465282,-0.8169223,0.8588862,0.5739675,2.261979,-0.17330132,-0.84246516
E15_5-S1#AAGAAGCTGGTACTGC-1,3.4341521,-0.86803657,-1.2990649,0.7635215,2.3708806,-0.63712776,-1.2999691,-1.2040002,-0.78495455,-0.4754011
E15_5-S1#AAGAAGCTTAGAATTA-1,3.283853,-0.9633359,-0.93476033,-1.0378287,2.7907772,-1.0655525,-1.1648996,-1.2329454,-1.001557,1.3262491
E15_5-S1#AAGAAGCTTAGAGTAA-1,2.5193563,-0.6583075,-1.393119,2.088087,-1.4846404,-0.6789086,0.9482397,0.6889843,-0.49613482,-1.5335569
E15_5-S1#AAGAAGCTTAGATCTA-1,2.5748327,-1.0667313,-0.5971854,2.1121957,-1.9725206,-0.7028219,2.6232293,-0.77900195,-1.0492798,-1.142717
E15_5-S1#AAGAAGCTTCCTACCA-1,2.7706454,-1.0658742,-0.6288007,-1.615431,3.0933104,-1.261984,-0.9489144,-1.2872901,-1.2379816,2.1823199
E15_5-S1#AAGAAGCTTCGGCCTT-1,3.144741,-0.64805925,-1.298876,2.090301,-0.87394536,-0.5326658,-0.14096454,0.33214328,-0.36538544,-1.707289
E15_5-S1#AAGAAGCTTGAGTCTG-1,3.186644,-0.9416822,-0.72608304,-0.04665209,1.7221837,-0.8192558,-0.2901501,-1.5644529,-1.1170923,0.5965407
E15_5-S1#AAGAAGCTTGCCGGCA-1,-0.51007485,-0.73877394,-0.32791644,0.22808714,-1.038293,1.7234746,0.51656985,1.7822925,-0.76076066,-0.8746052
E15_5-S1#AAGAAGCTTGCGGACC-1,2.9322379,-0.04899922,-0.6896045,-0.1488148,-0.032382037,-1.1720765,1.2148346,-0.98285794,-0.19033502,-0.8820025
E15_5-S1#AAGAAGCTTGGTCAGC-1,-0.5522609,-0.25204897,-0.10299583,1.0682654,-0.33638495,0.5492314,-0.20010193,0.06793293,-0.4571883,0.2155511
E15_5-S1#AAGAAGCTTTACCGAG-1,-1.0347972,-0.26555613,-0.41823417,0.65924025,-0.93753356,1.9326179,-0.11908037,1.3242707,-0.4922933,-0.64863425
E15_5-S1#AAGAAGCTTTATTCAT-1,1.4644935,-0.99187833,-0.647617,1.5730894,-1.7172713,-0.27899712,2.1545603,-0.014310334,-0.8707518,-0.6713171
E15_5-S1#AAGAAGCTTTGACTTC-1,2.7370262,-1.1822987,-0.6323425,-1.4057122,3.048185,-1.283017,-1.0488458,-1.2160645,-1.212809,2.195878
E15_5-S1#AATTAAGAAAGAAGCT-1,-0.8835919,-0.55679584,-0.14231905,2.114034,-0.69841814,0.98199654,-0.45895505,-0.30102426,-0.65731645,0.6023903
E15_5-S1#AATTAAGAAATTAAGA-1,-1.7138177,2.3671296,2.0600924,-0.08268634,0.41107813,-1.966207,-0.08926144,1.0015144,-0.92699564,-1.0608466
E15_5-S1#AATTAAGAACCGCCAA-1,-1.2564745,0.986916,-0.76673496,0.53736407,-0.3775717,0.5553597,-0.7051287,1.4656811,0.34053606,-0.77994704
E15_5-S1#AATTAAGAACGGAGGC-1,-0.7816891,-0.7208345,1.3489828,1.9123647,-1.1384411,-0.24502836,-0.5651877,-0.39022124,-0.47729534,1.0573497
E15_5-S1#AATTAAGAACTATGCA-1,-1.0482509,-0.5194103,-0.19430587,1.82362,-0.4422293,1.215196,-0.28862515,-0.89979273,-0.6167263,0.9705245
E15_5-S1#AATTAAGAACTCAATA-1,0.06703486,-0.84139305,-0.53665566,1.3348902,0.90186983,-0.47896644,-0.5275058,-0.90283704,-0.8637374,1.8473003
E15_5-S1#AATTAAGAACTTAACC-1,-1.267012,-0.9914888,0.83399934,-0.6506219,-0.10959977,0.17179403,-0.3387712,2.2177575,-0.055050265,0.18899319
E15_5-S1#AATTAAGAAGAACGTC-1,-0.5989191,-0.34529126,-0.5566532,1.7186637,0.87676495,0.70996904,-0.4141202,-0.0017021224,-0.5048304,-0.88388133
E15_5-S1#AATTAAGAAGAGAAGG-1,-0.7375422,-0.41358754,0.02164644,1.5573363,-0.48724744,1.124074,-0.13673629,-0.45934173,-0.5976782,0.1290766
E15_5-S1#AATTAAGAAGAGCTAT-1,0.5543324,-0.7126635,-1.1312637,2.5580192,2.469078,-0.5943038,-0.5914409,-0.64097816,-0.6107697,-1.3000098
E15_5-S1#AATTAAGAATAAGGAG-1,-0.63582695,-0.24686775,-0.33104867,0.32848215,-0.24260598,0.34964556,-0.2937112,1.5167515,-0.04964086,-0.39517784
E15_5-S1#AATTAAGAATCATATT-1,-0.79311675,-0.4880867,0.6440764,1.1419457,-0.7253383,0.38466007,-0.092722684,-0.59399015,-0.57126707,1.0938393
E15_5-S1#AATTAAGACAACCGCT-1,-1.1836352,-0.4465658,-0.057962596,0.123112425,-0.6357185,1.2497017,-0.28046986,1.7419043,0.055739354,-0.5661058
E15_5-S1#AATTAAGACATACTCC-1,-1.2201309,-0.16808811,-0.28658158,-0.36802015,-0.8189445,0.85084397,1.0976392,1.9033289,-0.12013163,-0.86991477
E15_5-S1#AATTAAGACCAGTTCC-1,-1.3084433,-0.6956515,-0.47454777,0.30655533,-0.3105091,0.64461887,-0.7273975,2.0467963,0.15849504,0.36008355
E15_5-S1#AATTAAGACCGAGAAT-1,-0.727532,-0.88829184,3.151294,2.271417,-0.84280646,-0.2998685,-0.8926743,-1.1081202,-0.4638361,-0.19958131
E15_5-S1#AATTAAGACCGATTCC-1,-1.1371406,2.044603,-0.7035953,0.26702806,-0.26767898,-0.22090174,-0.9472389,1.7096717,-0.038523316,-0.7062241
E15_5-S1#AATTAAGACGAACGCC-1,-0.7848698,-0.2309635,-0.11588622,0.10171948,-0.407779,0.4733239,-0.16228762,1.4894468,0.094880134,-0.45758423
E15_5-S1#AATTAAGACGACGCGA-1,-1.0395142,-0.6556424,0.32003152,1.9989325,-0.94133526,0.6466759,-0.55854815,-0.27101097,-0.5575965,1.0580074
E15_5-S1#AATTAAGACTAAGAGA-1,-0.7247974,-0.4031986,-0.6056928,0.7095885,0.82740015,0.24208917,-0.5530923,0.123364836,-0.57448614,0.9588245
E15_5-S1#AATTAAGACTGATGGT-1,-0.8269631,-1.1021546,3.6603673,2.5875342,-0.9272431,-0.30350727,-0.9279882,-1.5218719,-0.4750825,-0.16309059
E15_5-S1#AATTAAGACTTGCGCC-1,0.09670942,-0.29476145,-0.45118815,1.2566942,0.46094373,0.44829473,-0.3603434,-0.051661044,-0.4562454,-0.6484425
E15_5-S1#AATTAAGAGAAGATCG-1,-0.7010447,-0.46642715,0.10780516,1.7848154,-0.6010843,0.9987679,-0.2887699,-0.3243366,-0.58930695,0.07958094
E15_5-S1#AATTAAGAGACCTTGA-1,-0.854504,-0.3650541,-0.37747246,1.2813358,-0.4580143,1.1465166,-0.35778177,0.78248364,-0.10838549,-0.68912387
E15_5-S1#AATTAAGAGATACGGA-1,-0.9430808,-0.54822135,-0.03374563,2.1994948,-0.62395006,0.7415778,-0.39927927,-0.7680752,-0.6191954,0.9944751
E15_5-S1#AATTAAGAGATCTTAC-1,-0.8749583,-1.1425197,3.8539836,2.7248845,-0.915262,-0.3506356,-1.019029,-1.511642,-0.50211114,-0.26271027
E15_5-S1#AATTAAGAGCAGGTCC-1,-1.2491828,-0.16859916,-0.63762194,2.065087,0.9075305,0.72452193,-0.2984747,-0.14808755,-0.47786456,-0.7173088
E15_5-S1#AATTAAGAGCCATTCT-1,0.5874264,-0.71289176,-1.3081763,2.9317274,2.6337411,-0.7670325,-0.76809293,-0.797461,-0.74512583,-1.0541148
E15_5-S1#AATTAAGAGCCGCAAC-1,-1.1497695,-0.62907636,2.7571795,1.7107193,-0.47830272,-0.47574222,-0.977718,-0.0406313,-0.32591957,-0.3907392
E15_5-S1#AATTAAGAGCGTTGGA-1,-0.7883365,-1.0250739,3.503525,2.4376497,-0.9207373,-0.31672394,-0.93287253,-1.34772,-0.44540584,-0.16430518
E15_5-S1#AATTAAGAGCTAACTT-1,-1.172818,2.2643528,-0.99301445,-0.1284642,-1.1381203,0.5156822,-0.56843567,1.5703549,0.514885,-0.86442256
E15_5-S1#AATTAAGAGGCTGAGC-1,-0.869601,-0.2268361,-0.14217469,-0.1940077,-0.37267143,0.5213859,-0.08313887,1.551039,0.33047256,-0.5144676
E15_5-S1#AATTAAGAGGTACTGC-1,-0.28381377,-0.40654892,-0.56741273,1.7478518,1.0927035,0.5859176,-0.40203264,-0.53115666,-0.58148295,-0.65402496
E15_5-S1#AATTAAGAGGTATGCT-1,-0.514528,-0.17639582,-0.067556396,0.3952474,-0.08782072,0.45483267,0.05377771,0.22448097,-0.13403106,-0.14800677
E15_5-S1#AATTAAGATAGAATTA-1,-0.33148575,-0.3037582,-0.51456416,1.0360805,0.7151844,0.74093854,-0.3345817,-0.09932199,-0.43715292,-0.47133866
E15_5-S1#AATTAAGATAGAGTAA-1,-0.95681083,-0.25216824,-0.64360595,1.9398007,0.15024944,0.8916637,-0.35452425,0.34708464,-0.38422173,-0.73746735
E15_5-S1#AATTAAGATAGATCTA-1,-1.0636569,-0.70601225,1.204215,2.1267953,-0.7331027,-0.13606097,-0.32072657,-0.9262279,-0.6432309,1.1980076
E15_5-S1#AATTAAGATCCGGCCT-1,-0.710951,-0.40317348,-0.16086772,1.735449,-0.589861,1.0004216,-0.3968465,0.11664636,-0.5918727,0.0010552946
E15_5-S1#AATTAAGATCCTACCA-1,-0.8780623,-0.82681304,2.7926033,1.9938328,-0.19053331,-0.39354172,-0.5729339,-1.5099493,-0.63263434,0.21803203
E15_5-S1#AATTAAGATCGGCCTT-1,-0.7166593,-0.21336359,-0.50890404,2.0045483,0.33204278,0.5277293,-0.32515624,0.045174107,-0.36478257,-0.78062886
E15_5-S1#AATTAAGATCTGATAC-1,-0.6175827,-0.5449647,-0.02227742,1.8683128,-0.6517641,0.74669087,-0.37097222,-0.5207626,-0.63153946,0.7448593
E15_5-S1#AATTAAGATGAGTCTG-1,-0.8245711,-1.0492135,3.3357482,2.5917642,-0.9991276,-0.30989605,-0.7420138,-1.4236827,-0.5181995,-0.0608079
E15_5-S1#AATTAAGATGCCGGCA-1,-0.91978383,-0.6704974,1.1388997,1.8898159,-1.1163065,0.30581445,-0.42782518,-0.1980889,-0.45999885,0.45797086
E15_5-S1#AATTAAGATGCGGACC-1,-0.7865169,-0.94287986,3.1088407,2.3615475,-0.6732182,-0.43926495,-0.7815291,-1.1635096,-0.5824809,-0.1009886
E15_5-S1#AATTAAGATGGTCAGC-1,-1.1231676,-0.5408541,0.29653808,1.7260091,-0.83664274,0.58188796,-0.33804825,-0.52828246,-0.5251102,1.28767
E15_5-S1#AATTAAGATTACCGAG-1,-1.1285826,-0.6381843,0.9431609,2.159519,-1.1247255,0.2944098,-0.49559447,-0.53937733,-0.469727,0.99910164
E15_5-S1#AATTAAGATTATCCGG-1,-0.8586238,-0.52793473,-0.082912475,2.1548405,-0.5392349,0.6679528,-0.44799304,-0.59295785,-0.5746368,0.8015003
E15_5-S1#AATTAAGATTATTCAT-1,-1.0356811,-0.68733907,0.90121305,2.0773284,-0.6479962,0.30102956,-0.3654924,-0.71987885,-0.6319633,0.80878
E15_5-S1#AATTAAGATTGACTTC-1,0.8131008,-0.8087312,-1.4589577,2.9027853,2.8092203,-0.8255578,-0.8659188,-0.62376267,-0.73573345,-1.2064447
E15_5-S1#ACCGCCAAAATTAAGA-1,-0.22431342,-0.41201058,-0.121418685,0.9084179,-0.3264409,0.37751162,-0.37597087,-0.37441868,-0.5319544,1.080598
E15_5-S1#ACCGCCAAACGGAGGC-1,-1.0827432,-0.917981,-0.7606985,1.3177799,0.10540939,-0.8365912,-1.2107593,1.2848678,-0.6550386,2.7557547
E15_5-S1#ACCGCCAAACTATGCA-1,-0.60277873,-0.3995846,-1.3583577,-0.0054335967,-0.5293767,0.9875476,-1.0150812,1.1575239,0.25390422,1.511637
E15_5-S1#ACCGCCAAACTCAATA-1,-0.47084385,-0.6451973,0.4892934,-0.64178383,0.23284979,-1.0976391,1.6619248,2.7675712,-1.5619434,-0.7342318
E15_5-S1#ACCGCCAAAGAACGTC-1,-1.0401222,2.5311282,-1.156481,-0.3932033,-0.93875,0.4218479,-0.516747,1.5077853,0.4287457,-0.84420377
E15_5-S1#ACCGCCAAAGAGCTAT-1,0.08501802,-0.9734291,-0.7871716,0.9966142,-0.15251133,-0.19353922,-0.042612657,2.7347116,-1.0014826,-0.66559744
E15_5-S1#ACCGCCAAATCATATT-1,-1.3260133,-0.50854445,-0.73695654,1.0307631,-0.49754304,0.22473942,-1.0269299,1.4109694,-0.47595292,1.905468
E15_5-S1#ACCGCCAACAACCGCT-1,-0.9367982,-0.4507854,-0.19187088,-0.61867654,-0.5632012,0.007148529,0.0476026,1.4447403,1.8285601,-0.5667193
E15_5-S1#ACCGCCAACCGAGAAT-1,-0.66381997,-0.77589905,0.28021824,2.0690756,-0.3338904,-0.87666017,-0.5354921,-0.8863631,-0.78037536,2.5032063
E15_5-S1#ACCGCCAACGACGCGA-1,0.5158789,-0.9304698,-1.2955371,-0.517781,-0.50966597,0.73659605,-0.8809664,0.2562178,0.514155,2.1115727
E15_5-S1#ACCGCCAACTAAGAGA-1,-1.1371989,0.16453093,0.64239526,-0.42803368,-0.07184329,-0.7929968,1.3785775,1.7181526,-0.7746488,-0.69893515
E15_5-S1#ACCGCCAACTGATGGT-1,-0.9738177,-0.7304378,0.13420087,2.0659053,-0.20606163,-0.87714535,-0.61603916,-0.40964606,-0.75532335,2.3683646
E15_5-S1#ACCGCCAACTTGCGCC-1,-0.6354512,0.75463474,-1.4304063,-0.17393488,-0.24955997,1.4958868,-0.30792382,2.089182,-0.46189985,-1.0805273
E15_5-S1#ACCGCCAAGACCTTGA-1,-1.0316858,-0.7121861,-0.28758615,-0.9623567,-0.3416318,-0.95363986,-0.59491193,1.5162706,4.0134745,-0.64574677
E15_5-S1#ACCGCCAAGATACGGA-1,-0.57369554,-0.26900798,-0.06577567,0.7795197,-0.16242602,0.9760858,0.15325955,-0.36281464,-0.56590617,0.09076098
E15_5-S1#ACCGCCAAGATCTTAC-1,-0.9805934,-0.6328947,0.55394864,1.8623962,-0.7755244,-0.27183837,-0.35505664,-0.3210312,-0.5228433,1.443437
E15_5-S1#ACCGCCAAGCAGGTCC-1,-1.0417823,-0.7588026,-0.38434127,-0.73402345,-0.32985556,-0.7300209,-0.7658531,1.8241566,3.5566788,-0.6361564
E15_5-S1#ACCGCCAAGCCATTCT-1,-1.3318454,3.44698,-0.68203104,0.5453458,-0.20604897,-1.1157559,-1.0314627,1.5003788,-0.44365686,-0.6819038
E15_5-S1#ACCGCCAAGCCGCAAC-1,-0.9977021,-0.5798391,0.87982154,1.5283723,-0.54721826,-1.0233471,0.04789243,-0.6125801,-0.8901546,2.194755
E15_5-S1#ACCGCCAAGCGTTGGA-1,-0.64792293,-0.671951,0.29705834,0.7488485,-0.71604174,0.5747214,-0.26942635,0.60129654,-0.4569055,0.54032266
E15_5-S1#ACCGCCAAGGTACTGC-1,-1.09079,3.0502484,-0.5836199,0.25389746,-0.4643248,-0.6610488,-0.910175,1.3729821,-0.36210832,-0.6050613
E15_5-S1#ACCGCCAATAGAATTA-1,-1.0169959,2.3056173,-0.75947344,0.6897868,-0.0053183846,-0.25836977,-0.8301311,0.9496401,-0.48690897,-0.58784676
E15_5-S1#ACCGCCAATAGAGTAA-1,-0.98665017,-0.74705094,-0.44962367,-0.72842735,-0.5031669,-0.6575958,-0.6883936,1.8417549,3.632584,-0.7134306
E15_5-S1#ACCGCCAATAGATCTA-1,-1.632039,-0.7539714,-1.0134425,0.5229565,0.8322425,-1.3053966,-1.4723878,2.136951,-0.8067921,3.4918795
E15_5-S1#ACCGCCAATCCTACCA-1,-1.3011391,1.1421762,-0.32135278,-0.38880983,-0.30659086,-0.42356586,0.8406704,1.6610897,-0.69991326,-0.2025645
E15_5-S1#ACCGCCAATCGGCCTT-1,-0.9003343,-0.0962922,-1.2997301,-0.24388428,-0.9622693,0.89104843,-0.71916926,2.0195987,2.2087252,-0.89769304
E15_5-S1#ACCGCCAATGAGTCTG-1,-0.76757675,-0.65596724,0.3430306,1.8348333,-1.0568628,-0.8057905,-0.3221191,-0.007849444,-0.5954636,2.0337658
E15_5-S1#ACCGCCAATGCGGACC-1,-1.305405,-0.3417381,0.39287037,1.1171674,-0.15816453,-1.5381376,-0.059058923,0.30629957,-1.0683408,2.6545079
E15_5-S1#ACCGCCAATGGTCAGC-1,-1.1530503,-0.36693794,-0.8456347,0.5418723,-0.46242237,1.046335,-1.0410469,1.6407769,0.12160662,0.5185016
E15_5-S1#ACCGCCAATTACCGAG-1,-1.0310566,0.04644057,-0.47916755,-0.13338366,-0.61747915,1.5524011,-0.9157936,0.9959474,-0.236301,0.81839275
E15_5-S1#ACCGCCAATTGACTTC-1,0.4248876,0.052276235,-1.696763,0.19101715,-0.31143028,0.66692734,-0.7735066,2.5009837,-0.14579557,-0.90859663
E15_5-S1#ACGGAGGCAACCTGCG-1,-0.5367307,-0.09318513,-0.51673436,-0.2995742,-0.45545968,0.68366855,0.23363666,1.5252417,-0.064649105,-0.47621372
E15_5-S1#ACGGAGGCAAGAAGCT-1,0.05876434,-0.5076116,-0.35136443,1.9931394,-0.6138078,0.8252826,-0.58397603,-0.3207675,-0.61791295,0.11825406
E15_5-S1#ACGGAGGCAATTAAGA-1,-0.079551734,-0.6211819,0.30867985,1.3861669,-0.53917,-0.12880296,0.3595937,-1.1328752,-0.7058911,1.1530324
E15_5-S1#ACGGAGGCACCGCCAA-1,-0.87333435,0.18891892,-0.30184722,-0.4661293,-0.4691438,0.7240917,-0.28956252,1.3664587,0.51559937,-0.39505154
E15_5-S1#ACGGAGGCACGGAGGC-1,-1.1539389,1.6733372,1.8369422,0.1364448,0.03549332,-1.6573042,0.08139945,0.71920997,-0.8818732,-0.78971094
E15_5-S1#ACGGAGGCACTATGCA-1,-1.0646625,-0.59551084,0.16702087,1.5682179,-0.96015537,0.6468288,-0.7509182,-0.12809016,-0.34688672,1.4641564
E15_5-S1#ACGGAGGCACTCAATA-1,-1.5662929,-0.19667786,0.9729079,2.1784174,1.3965497,-0.776714,-0.15063536,-1.4159639,-1.068666,0.6270749
E15_5-S1#ACGGAGGCACTTAACC-1,-1.0777934,-0.86501455,0.6441898,-0.50140476,-0.48783234,0.094758086,-0.2401781,2.1724744,0.3459079,-0.08510709
E15_5-S1#ACGGAGGCAGAACGTC-1,-0.32826588,0.22509727,-0.8759474,1.7794156,-0.23669007,0.48490253,-0.29343188,0.45079166,-0.19559652,-1.0102754
E15_5-S1#ACGGAGGCAGAGAAGG-1,-0.19925761,-0.5366683,-0.6436156,2.2944608,-0.9406076,-0.03797362,-0.3816119,-0.26591963,-0.41120768,1.1224012
E15_5-S1#ACGGAGGCAGAGCTAT-1,0.7809976,-0.55511904,-0.73204374,2.1142943,0.98058045,-0.7271884,-0.38480046,-1.1646531,-1.0409398,0.7288723
E15_5-S1#ACGGAGGCATAAGGAG-1,-0.33582234,-0.23405375,-0.46979883,-0.5210837,-0.25551555,0.23640053,0.056906674,1.7918273,0.1661212,-0.43498152
E15_5-S1#ACGGAGGCATCATATT-1,-0.979343,-0.46842584,-0.68434286,1.7218131,-0.6191894,0.3061774,-0.5978154,-0.09302374,-0.33506912,1.7492188
E15_5-S1#ACGGAGGCCAACCGCT-1,-1.3154964,-1.309964,3.698304,-1.7785879,0.14224567,-1.329516,-1.2753993,4.064264,-0.3884427,-0.50740683
E15_5-S1#ACGGAGGCCATACTCC-1,0.040579334,-0.3002949,-0.34646428,0.12364559,-0.2459934,0.4675526,-0.1317809,0.9406645,-0.35868865,-0.18921986
E15_5-S1#ACGGAGGCCCAGTTCC-1,-0.88236064,-0.47202945,0.00063284487,-0.9878167,-0.43395478,0.013930775,0.021856733,1.8343202,1.3260168,-0.42059562
E15_5-S1#ACGGAGGCCCGAGAAT-1,-0.7756171,-0.9358988,3.6118526,2.734286,-1.0237387,-0.43881375,-1.2630177,-1.0804485,-0.37202245,-0.45658177
E15_5-S1#ACGGAGGCCCGATTCC-1,-0.87223923,-0.46923822,-0.8837247,0.57191896,-0.583102,0.594171,-0.77715236,2.1968815,0.27116084,-0.04867603
E15_5-S1#ACGGAGGCCGAACGCC-1,-0.87827235,-0.90887475,2.1115854,-0.88328975,-0.43237048,-0.51756054,-0.40569216,2.6505475,-0.2809675,-0.45510504
E15_5-S1#ACGGAGGCCGACGCGA-1,-0.54456246,-0.6533568,-0.1123738,1.9209106,-1.0480719,0.13220237,-0.319096,-0.57556117,-0.40869325,1.6086023
E15_5-S1#ACGGAGGCCTAAGAGA-1,0.12507707,-0.44279096,-0.68098146,1.5781637,0.38620862,-0.2854727,0.25362614,-1.2312708,-0.78658897,1.0840292
E15_5-S1#ACGGAGGCCTGATGGT-1,-0.86497337,-0.9724455,3.7930903,2.8405395,-1.0904734,-0.4627818,-1.3748003,-1.0689079,-0.29532382,-0.50392395
E15_5-S1#ACGGAGGCCTTGCGCC-1,-0.8690308,-0.38036805,-0.10933949,1.946934,0.30757096,-0.21170814,-0.31008694,-0.36534247,-0.5100438,0.5014147
E15_5-S1#ACGGAGGCGAAGATCG-1,0.04078694,-0.69058675,-0.11947813,2.090081,-0.8939789,0.80659246,-0.66684765,-0.79574317,-0.68734413,0.91651815
E15_5-S1#ACGGAGGCGACCTTGA-1,-0.2008404,-0.9485939,-0.16577266,-0.47244728,-0.49719602,0.25669482,0.82029223,2.1429467,-0.49164802,-0.4434355
E15_5-S1#ACGGAGGCGATACGGA-1,-0.7674814,-0.6281086,0.12008331,1.730121,-0.9233299,1.0844035,-0.42548043,-0.44140097,-0.45756644,0.7087599
E15_5-S1#ACGGAGGCGATCTTAC-1,-0.69924825,-0.89385194,3.6647863,2.6605933,-0.8706508,-0.49603117,-1.3757068,-1.0528958,-0.40162027,-0.5353744
E15_5-S1#ACGGAGGCGCAGGTCC-1,-0.7488457,0.19906807,-0.81569517,1.5447192,0.03607779,0.9910705,-0.5456249,0.77157795,-0.40092072,-1.0314271
E15_5-S1#ACGGAGGCGCCATTCT-1,-0.38054216,-0.27833068,-0.49926037,1.6039871,0.51206255,-0.4904604,-0.16157863,-0.35265437,-0.5149571,0.56173384
E15_5-S1#ACGGAGGCGCCGCAAC-1,-1.0995443,-0.34891814,3.044918,1.7279665,-0.43033803,-0.74383825,-1.3111084,-0.11941148,-0.20171213,-0.5180137
E15_5-S1#ACGGAGGCGCGTTGGA-1,-1.1838772,-0.58552223,2.4497962,2.1933558,0.36577636,-0.47139788,-0.56721634,-1.4504467,-0.6176407,-0.13282698
E15_5-S1#ACGGAGGCGCTAACTT-1,-0.9796298,-0.4290356,-0.6003721,0.59967834,-0.68036956,1.7110877,-0.8977216,1.5237333,0.17439902,-0.42176956
E15_5-S1#ACGGAGGCGGCTGAGC-1,-0.7690709,-1.14324,1.5962943,-0.48539343,0.28625774,-0.847562,-0.6481511,2.9158401,-0.9391186,0.03414372
E15_5-S1#ACGGAGGCGGTACTGC-1,-0.82070494,-0.12451116,-0.33990046,1.975081,0.2945078,0.15735471,-0.09060805,-0.18038332,-0.39976993,-0.47106567
E15_5-S1#ACGGAGGCGGTATGCT-1,-0.59313023,-0.11233001,-1.3044361,-1.2596248,-1.3555675,1.5766842,1.6353258,2.5356412,0.38857186,-1.5111347
E15_5-S1#ACGGAGGCTAGAATTA-1,0.24410075,-0.36626562,-0.8702023,1.8118165,0.8260004,0.29049096,-0.49934494,-0.22969788,-0.5711482,-0.6357495
E15_5-S1#ACGGAGGCTAGAGTAA-1,-0.94252235,-0.09553697,-0.42266774,0.8552404,-0.13966829,2.050316,-0.43268448,1.1303843,-0.8266399,-1.1762211
E15_5-S1#ACGGAGGCTAGATCTA-1,-0.25363657,-0.65565544,0.7818423,1.3893813,-0.74588954,-0.27550566,0.15074019,-0.86043525,-0.71942997,1.1885886
E15_5-S1#ACGGAGGCTCCGGCCT-1,0.21399699,-0.5397954,-0.4916056,2.5613928,-0.7369316,1.0756541,-0.7830182,-0.43321633,-0.83322096,-0.033255912
E15_5-S1#ACGGAGGCTCCTACCA-1,-1.5324787,-0.19038768,1.6180435,2.0615325,1.2716833,-0.7837376,-0.07976904,-1.6780598,-1.0740764,0.38724977
E15_5-S1#ACGGAGGCTCGGCCTT-1,-0.47268915,-0.18618585,-0.67281175,1.9080316,0.1285018,0.34088683,-0.08075328,-0.09399705,-0.36346495,-0.50751823
E15_5-S1#ACGGAGGCTCTGATAC-1,0.56484437,-0.6934043,-0.75437564,1.6910266,-0.34052843,0.35860217,-0.69446105,-0.91190046,-0.3986732,1.1788701
E15_5-S1#ACGGAGGCTGAGTCTG-1,-0.61071306,-1.0634679,3.7492964,2.924856,-1.2249287,-0.4452906,-1.3853039,-0.98388475,-0.40684265,-0.5537208
E15_5-S1#ACGGAGGCTGCCGGCA-1,-0.9248257,-0.66809076,0.9448426,1.8715719,-1.2563851,-0.2114656,-0.2687138,-0.5269679,-0.49429962,1.5343338
E15_5-S1#ACGGAGGCTGCGGACC-1,-1.0331161,-0.7028792,3.327353,2.4320812,-0.7645724,-0.73027545,-1.1634943,-0.5266462,-0.34272167,-0.49572903
E15_5-S1#ACGGAGGCTGGTCAGC-1,-0.9271396,-0.46720025,-0.09872837,1.2532017,-1.1867791,0.91407734,0.09483956,-0.03927555,-0.37481025,0.83181447
E15_5-S1#ACGGAGGCTTACCGAG-1,-0.84713846,-0.5541452,0.43043542,2.041954,-1.0983132,-0.10415672,-0.22460665,-0.65158,-0.45269376,1.4602448
E15_5-S1#ACGGAGGCTTATCCGG-1,-0.15157974,-0.6055138,-0.39597204,1.5319507,-1.0449021,1.4218,-0.11980874,-0.5257305,-0.51918304,0.40893912
E15_5-S1#ACGGAGGCTTATTCAT-1,-0.5034396,-0.59966916,0.8849784,1.6675465,-0.9152437,-0.06821874,-0.12680455,-0.83683145,-0.57801443,1.0756967
E15_5-S1#ACGGAGGCTTGACTTC-1,-0.35560802,-0.7000013,-0.64403963,1.7512972,1.231375,-0.73606616,-0.62004316,-0.5195479,-0.8415332,1.4341669
E15_5-S1#ACTATGCAAAGAAGCT-1,0.41537118,-0.2945111,-0.44182757,-0.110298894,0.118756145,0.24099979,-0.044857115,0.5081428,-0.20045763,-0.19131753
E15_5-S1#ACTATGCAAATTAAGA-1,0.9870713,-0.5529344,-0.37387478,-0.092288494,-0.03616071,0.16818836,0.20882222,0.34000456,-0.44921085,-0.19961716
E15_5-S1#ACTATGCAACCGCCAA-1,-1.7382755,-0.48583287,-0.2301749,-1.2768149,0.8619897,-0.027059913,-1.0148687,2.197616,0.18398704,1.529434
E15_5-S1#ACTATGCAACGGAGGC-1,2.5795145,-0.8300916,-0.78363335,-0.29759654,0.18964404,-0.5642035,0.4079823,-1.2344259,-0.26015767,0.79296774
E15_5-S1#ACTATGCAACTATGCA-1,0.17096797,3.2897072,0.4627435,-2.8310702,1.9471143,-2.6335645,1.6666378,1.80743,-2.4525034,-1.4274626
E15_5-S1#ACTATGCAACTCAATA-1,0.51058495,-0.55994445,-0.87949103,0.68451536,1.0321575,0.7424809,-0.936866,0.6267463,-0.70619875,-0.5139851
E15_5-S1#ACTATGCAACTTAACC-1,0.16011763,-0.5448797,-0.6287112,1.3984319,-0.38757116,0.46804535,-0.14413851,0.2999936,-0.392604,-0.22868386
E15_5-S1#ACTATGCAAGAACGTC-1,0.06716358,-0.3162987,-0.8798869,1.4692184,1.406831,0.5552758,-0.7485052,0.13879132,-0.47244045,-1.2201488
E15_5-S1#ACTATGCAAGAGCTAT-1,-0.2831416,-0.8415742,-1.2884432,3.2984107,3.3186557,-0.8899094,-0.7713652,-0.84707326,-0.8236064,-0.871953
E15_5-S1#ACTATGCAATAAGGAG-1,-0.3951829,-0.24078105,-0.4698412,-0.56987816,-0.22815487,0.09419084,0.25867355,1.7971239,0.16051565,-0.40666574
E15_5-S1#ACTATGCAATCATATT-1,0.9611703,-0.7648612,-0.39120883,-0.05484487,-0.79594076,0.297658,0.75699306,0.96828914,-0.4377966,-0.5394581
E15_5-S1#ACTATGCACAACCGCT-1,0.53880775,-0.9116375,-0.85827315,0.27833447,-1.039247,1.7979618,-0.2948216,0.9039997,0.50014997,-0.91527444
E15_5-S1#ACTATGCACCAGTTCC-1,-0.71777385,-0.61599785,-0.42156038,-0.07307986,-0.39974424,1.6684834,-0.24737343,1.434766,0.12648416,-0.75420403
E15_5-S1#ACTATGCACCGAGAAT-1,2.4729683,-0.7465832,-0.63699967,-0.7319107,-0.730675,-0.5411226,2.6837077,-1.4278141,-0.60795105,0.26638007
E15_5-S1#ACTATGCACCGATTCC-1,-0.7149549,-0.44732398,-0.49288923,-0.9140038,-0.5589062,0.7631545,0.18477659,1.8742068,1.0017016,-0.6957615
E15_5-S1#ACTATGCACGAACGCC-1,-0.9635062,1.7332532,-0.58442014,-0.81574255,-0.2278292,0.25765628,-0.29868102,1.5274369,0.13068001,-0.7588473
E15_5-S1#ACTATGCACGACGCGA-1,-0.043105584,-0.3396696,-0.5842872,-0.41170606,-0.42627227,1.0092155,0.36546385,0.9296236,-0.14999351,-0.34926867
E15_5-S1#ACTATGCACTAAGAGA-1,0.20683701,-0.4277616,-0.7254101,0.95479405,1.0351739,0.28706512,-0.6287585,0.5501906,-0.49154317,-0.7605874
E15_5-S1#ACTATGCACTGATGGT-1,2.25284,-1.0823376,-0.8852686,-1.5385739,0.9867335,-0.37614647,-0.46222574,-0.9846494,-0.44746792,2.5370963
E15_5-S1#ACTATGCACTTGCGCC-1,0.8880705,-0.47421426,-0.6680255,0.740092,0.44008663,0.2716789,-0.7746355,0.9535349,-0.58839405,-0.7881937
E15_5-S1#ACTATGCAGAAGATCG-1,-0.9095557,3.005484,-0.8784765,-0.48170656,-0.7664444,-0.15137985,-0.6808042,1.5741462,0.13102466,-0.84228754
E15_5-S1#ACTATGCAGACCTTGA-1,1.2919152,-0.7618545,-1.2147679,2.0468545,1.7329576,-0.63485754,-0.8793312,-0.15918937,-0.13165523,-1.2900715
E15_5-S1#ACTATGCAGATACGGA-1,-0.31293678,-0.26567706,-0.37941775,-0.7723436,-0.55650645,1.2522004,1.6839173,0.5069463,-0.23529541,-0.9208868
E15_5-S1#ACTATGCAGATCTTAC-1,2.1130319,-1.1665432,-0.5272439,-1.8945087,2.1066766,-1.1308086,-1.1386441,-0.41771445,-1.1881937,3.2439485
E15_5-S1#ACTATGCAGCAGGTCC-1,-0.42165655,-1.056509,-1.187358,3.2589796,3.8031833,-1.093522,-0.70504534,-0.80983156,-0.83118796,-0.9570525
E15_5-S1#ACTATGCAGCCATTCT-1,0.15007834,-0.5004344,-1.02513,2.4940712,2.265218,-0.69071364,-0.66031504,-0.37713695,-0.636908,-1.0187297
E15_5-S1#ACTATGCAGCCGCAAC-1,2.4384978,-0.8682883,-0.3428424,0.32178527,-0.98496443,-0.88767815,3.0560505,-1.2991683,-0.80303854,-0.6303531
E15_5-S1#ACTATGCAGCGTTGGA-1,0.491126,-0.6243702,-0.5483858,-0.9552825,0.7216856,0.41390908,-0.6777824,0.2761062,-0.48267946,1.3856735
E15_5-S1#ACTATGCAGGCTGAGC-1,-0.66585326,-0.2902676,-0.5516657,-0.9864586,-0.4989278,0.39724585,0.54506445,1.8753796,0.7763857,-0.6009024
E15_5-S1#ACTATGCAGGTACTGC-1,0.7270557,-0.3664147,-0.63062507,0.18123257,0.93274623,0.2744622,-0.49376175,0.6447746,-0.49869868,-0.770771
E15_5-S1#ACTATGCATAGAATTA-1,-0.2492705,-0.45100924,-1.0147963,2.6328561,2.2737596,-0.45304292,-0.710346,-0.4744465,-0.615169,-0.9385351
E15_5-S1#ACTATGCATAGAGTAA-1,-0.79526085,-0.97940934,-1.2236553,3.5505152,3.9358625,-1.0282745,-0.64644146,-0.8903916,-0.8724034,-1.0505415
E15_5-S1#ACTATGCATAGATCTA-1,2.038172,-0.7521727,-0.7909493,-0.94426256,0.7120813,-0.009137048,0.145192,-0.8730569,-0.33249292,0.8066262
E15_5-S1#ACTATGCATCCTACCA-1,0.86629254,-0.808977,-0.9340559,-0.89172554,1.0524074,0.22314428,-0.77096516,0.5641416,-0.85935676,1.5590948
E15_5-S1#ACTATGCATCGGCCTT-1,-0.20735538,-0.55961215,-1.2417098,2.621832,2.5744076,-0.7484406,-0.73579776,-0.06693326,-0.4877036,-1.1486869
E15_5-S1#ACTATGCATCTGATAC-1,-0.24068628,-0.13050827,-0.71080935,-0.47677723,-0.31864712,1.1891665,0.22336182,1.3883903,-0.106416464,-0.8170739
E15_5-S1#ACTATGCATGAGTCTG-1,2.7978122,-1.2250098,-0.71688735,1.352283,-1.4389268,-0.76418644,3.0433133,-0.95767164,-0.89372957,-1.1969967
E15_5-S1#ACTATGCATGCCGGCA-1,1.7658393,-0.95120984,-0.7431136,-1.2106028,1.5522121,-0.4042986,-0.7598247,-0.03206389,-0.5752378,1.3582999
E15_5-S1#ACTATGCATGCGGACC-1,3.1334047,-1.1536862,0.30272293,0.55242383,-1.022437,-1.3822763,2.61377,-1.7487364,-1.3611395,0.0659543
E15_5-S1#ACTATGCATGGTCAGC-1,-0.001448892,0.7998118,-0.71286726,-0.05385723,-0.16237387,0.33613223,-0.1552642,1.4276359,-0.6757465,-0.802022
E15_5-S1#ACTATGCATTACCGAG-1,0.65198326,-0.55473036,-0.33200914,0.1281112,-0.47490177,0.17530757,0.4021768,1.0916322,-0.5757505,-0.51181924
E15_5-S1#ACTATGCATTATCCGG-1,-0.615115,-0.06462925,-0.5491439,-0.982958,-0.19869609,0.94086623,2.0334144,0.22878522,0.022610307,-0.81513387
E15_5-S1#ACTATGCATTATTCAT-1,1.2155235,-0.74010426,-0.621323,-0.6439931,0.94549,-0.12394692,-1.0078928,0.39603063,-0.45483842,1.0350547
E15_5-S1#ACTATGCATTGACTTC-1,-0.13143066,-0.518454,-1.1920174,3.0030768,2.6950698,-0.86312765,-0.80420965,-0.56484616,-0.6354525,-0.9886086
E15_5-S1#ACTCAATAAACCTGCG-1,-0.78433985,-0.51520276,-0.012761883,2.2253501,-1.0183784,1.2672997,0.013752349,-0.5497511,-0.53858835,-0.08737965
E15_5-S1#ACTCAATAAATTAAGA-1,-0.11549304,-0.213926,-0.37214702,-0.7091861,-0.44720936,0.50044996,1.6767336,0.4782288,-0.25802732,-0.5394234
E15_5-S1#ACTCAATAACCGCCAA-1,-0.7720437,-0.5695828,-0.52727914,-0.8123238,-0.24622783,1.2275425,-0.39865112,1.7632502,0.80445325,-0.46913776
E15_5-S1#ACTCAATAACGGAGGC-1,0.32096753,-0.717281,-0.66660964,1.2663041,-1.2985171,0.39290166,0.20823398,-0.72394377,-0.27942085,1.4973649
E15_5-S1#ACTCAATAACTATGCA-1,-0.8349131,-0.49180767,-0.3423408,1.6894034,-1.0824975,0.41956043,-0.6943934,-0.011594266,-0.20785272,1.5564353
E15_5-S1#ACTCAATAACTCAATA-1,-1.2467192,1.0058525,0.5634181,0.50937754,0.33725145,-1.3275162,0.391723,0.1434486,-0.9484886,0.571653
E15_5-S1#ACTCAATAACTTAACC-1,-0.23782882,-0.63847065,-0.35380122,-0.52205026,-0.49510124,0.39666727,0.040926788,2.2860959,0.14588034,-0.62231815
E15_5-S1#ACTCAATAAGAACGTC-1,0.1402158,-0.1482302,-0.74111456,-0.1578635,-0.2430551,1.0127847,0.78711575,0.93761456,-0.40040573,-1.1870618
E15_5-S1#ACTCAATAAGAGCTAT-1,0.08483191,-0.5815679,-0.59519327,1.3644825,0.9099551,-0.03747116,-0.7923597,-0.16613199,-0.5282982,0.34175253
E15_5-S1#ACTCAATAATAAGGAG-1,-0.3268262,-0.43860722,-0.45729133,-0.8953302,-0.4948152,0.06841547,0.790951,2.1892517,0.1870736,-0.62282145
E15_5-S1#ACTCAATAATCATATT-1,-1.2212799,-0.476643,-0.37666783,1.8875635,-1.2279124,0.349132,-0.72654563,0.5726201,-0.21372265,1.4334558
E15_5-S1#ACTCAATACAACCGCT-1,-0.34094685,-0.48194534,-0.036102667,-0.37690097,-0.42419076,0.06973907,-0.23333128,2.2053943,0.08666845,-0.46838403
E15_5-S1#ACTCAATACATACTCC-1,-0.045109484,-0.51982236,-0.855005,0.1086855,1.097919,0.6213746,-0.7815544,-0.5898468,-0.55639356,1.5197525
E15_5-S1#ACTCAATACCAGTTCC-1,-0.7333907,-0.50244784,-0.6237638,-0.44508517,-0.47699648,0.4759013,-0.6122016,2.1706975,1.2203878,-0.47310096
E15_5-S1#ACTCAATACCGAGAAT-1,-1.0258522,-0.3882674,0.385158,2.142075,-1.1810987,0.0035393164,0.25039765,-0.8908847,-0.31307298,1.0180057
E15_5-S1#ACTCAATACCGATTCC-1,-0.108987436,-0.8363409,-0.33757684,-0.30775028,-0.75396425,0.07262849,1.1187459,2.8411558,-0.9229437,-0.7649668
E15_5-S1#ACTCAATACGAACGCC-1,-0.72896034,-0.34920058,-0.085198745,-1.2236232,-0.6673322,0.4357336,1.3463645,1.7145987,0.3793168,-0.8216988
E15_5-S1#ACTCAATACGACGCGA-1,-0.4449052,-0.61767805,-0.6455914,2.306628,-1.2732811,-0.2495574,-0.6831738,-0.09111924,-0.20955774,1.9082359
E15_5-S1#ACTCAATACTAAGAGA-1,-0.9659304,-0.3692589,-0.39907753,1.7067212,0.1630353,-0.3136109,-0.55007637,0.0023870468,-0.44398105,1.1697917
E15_5-S1#ACTCAATACTGATGGT-1,-0.42473513,-0.4886505,-0.06053204,2.0132947,-0.64277226,-0.47606862,0.026791818,-1.0312806,-0.55765074,1.6416035
E15_5-S1#ACTCAATACTTGCGCC-1,0.6820494,-0.46748546,-0.58296263,0.60311276,-0.0143817095,0.7675104,0.11088379,0.43716022,-0.60846406,-0.92742264
E15_5-S1#ACTCAATAGACCTTGA-1,0.1241135,-1.0566901,-0.42102098,0.13876669,-0.58646506,-0.19828452,1.2391335,2.9084818,-1.3515352,-0.7964994
E15_5-S1#ACTCAATAGATACGGA-1,-0.17052777,-0.6330038,-0.6121958,2.1865807,-1.0878093,-0.15793388,-0.28836656,-0.89066464,-0.33820873,1.9921298
E15_5-S1#ACTCAATAGATCTTAC-1,0.038871497,-0.5653511,-0.36871266,1.8735677,-1.0656962,-0.37735814,0.25918558,-1.1097845,-0.46406332,1.7793413
E15_5-S1#ACTCAATAGCAGGTCC-1,-1.0571746,-0.7902641,-0.27707475,-0.85971296,-0.3701379,-0.31241432,-0.3636737,2.064219,2.4503152,-0.48408213
E15_5-S1#ACTCAATAGCCATTCT-1,-0.7293663,-0.16315742,-0.18983175,1.1889919,0.40105787,-0.3489411,-0.07002559,-0.06527966,-0.5208958,0.4974479
E15_5-S1#ACTCAATAGCCGCAAC-1,-0.9648607,-0.26901636,0.7059441,1.6345496,-0.9917388,-0.6501527,0.08240064,-0.1631226,-0.46840948,1.0844063
E15_5-S1#ACTCAATAGCGTTGGA-1,-0.19789398,-0.67349553,-0.022086453,1.95116,-0.031426113,-0.2682538,0.008737052,-1.2401382,-0.8158664,1.2892635
E15_5-S1#ACTCAATAGCTAACTT-1,-0.65329623,-0.5003848,-0.1379905,1.7659491,-1.1695244,1.4779377,-0.15410861,0.1270772,-0.5771432,-0.17851609
E15_5-S1#ACTCAATAGGCTGAGC-1,-0.6955947,-0.3274956,-0.4039759,-0.33449996,-0.2029129,0.5012051,-0.17395207,2.6261477,-0.22134036,-0.7675816
E15_5-S1#ACTCAATAGGTACTGC-1,-1.0127375,-0.39437738,0.755405,1.6379808,0.08226588,0.44651896,-0.5474023,-0.08242747,-0.4612507,-0.42397547
E15_5-S1#ACTCAATAGGTATGCT-1,-0.9346926,-0.61952734,1.3785571,2.1373782,-0.3467412,0.7017826,-0.4775484,-0.9206488,-0.6948154,-0.22374412
E15_5-S1#ACTCAATATAGAATTA-1,-1.2404997,-0.14809385,0.5981692,1.7552927,0.5835833,0.06242258,-0.37772626,-0.56583214,-0.44245565,-0.22486004
E15_5-S1#ACTCAATATAGAGTAA-1,-0.44640276,-1.1490117,2.553547,-1.2805074,0.2645931,-1.0949631,-0.086894415,2.9784298,-1.0610613,-0.67772895
E15_5-S1#ACTCAATATAGATCTA-1,-0.40542534,-0.33022067,0.03984097,0.8906169,0.009328814,0.3571014,-0.117673695,-0.44930065,-0.5275475,0.53327966
E15_5-S1#ACTCAATATCCTACCA-1,-1.13121,-0.2886865,1.0666937,1.8509439,0.86610395,-0.8207353,-0.050190933,-1.4147629,-0.91010624,0.83195037
E15_5-S1#ACTCAATATCGGCCTT-1,-0.6352508,-0.12647004,-0.23293293,0.08592409,0.6141912,1.0621512,0.037273794,0.39588133,-0.31144363,-0.88932425
E15_5-S1#ACTCAATATCTGATAC-1,-0.9961373,-0.48464277,-0.21418753,1.706622,-0.1362265,1.1323142,-0.6228398,-0.39712256,-0.5462813,0.55850154
E15_5-S1#ACTCAATATGAGTCTG-1,-0.7740089,-0.5879443,1.610434,1.9012474,-0.66133213,-0.02262597,-0.4620389,-0.8731898,-0.4999221,0.36938086
E15_5-S1#ACTCAATATGCCGGCA-1,-0.65883195,-0.43071255,0.24113542,1.3361738,-0.13078262,0.9105598,-0.37063184,-0.24613282,-0.5566268,-0.094150275
E15_5-S1#ACTCAATATGCGGACC-1,-0.149448,-0.7872965,1.011849,1.816939,-0.88366807,-0.68463486,0.30138108,-1.3342516,-0.7924154,1.5015452
E15_5-S1#ACTCAATATGGTCAGC-1,-0.91932654,-0.2035526,0.1037891,1.1446795,-0.13768317,0.7284299,-0.28762376,-0.22965285,-0.5561776,0.35711804
E15_5-S1#ACTCAATATTACCGAG-1,-1.1651031,-0.57539535,0.78277576,2.5054162,-0.7579826,-0.1603989,-0.54387724,-0.5939394,-0.4670765,0.97558093
E15_5-S1#ACTCAATATTATCCGG-1,-1.0624917,-0.5775905,0.70161337,2.1833057,-0.34364393,0.3895411,-0.66714615,-0.9263893,-0.5116459,0.8144472
E15_5-S1#ACTCAATATTATTCAT-1,-0.63961387,-0.43348768,0.5324141,0.23081714,-0.17940554,0.8938383,-0.18090124,0.19935307,-0.4176861,-0.00532822
E15_5-S1#ACTCAATATTGACTTC-1,-0.8517276,-0.33795798,0.030480837,1.6689408,0.742273,0.30397648,-0.5156759,-0.06866966,-0.38308993,-0.58854985
E15_5-S1#ACTTAACCAAGAAGCT-1,0.7696784,-0.780453,-0.9559203,1.0200152,1.4191699,1.2796619,-0.69201237,-1.5940509,-1.0046766,0.5385875
E15_5-S1#ACTTAACCACGGAGGC-1,-0.38047597,-1.0122159,-0.7143186,-0.68424976,1.762977,-1.3980116,-1.4327793,1.4820842,-1.1103269,3.4873164
E15_5-S1#ACTTAACCACTATGCA-1,-1.4358414,-0.18384928,-0.10790728,0.6164139,-0.06364966,0.90425646,-0.9204677,1.1430169,-0.72495043,0.77297854
E15_5-S1#ACTTAACCACTCAATA-1,-0.60962975,0.29660183,-0.2890095,0.2880436,-0.012789102,-0.28941917,0.3306953,1.9121509,-1.0883808,-0.5382632
E15_5-S1#ACTTAACCACTTAACC-1,-1.447156,0.70865107,0.69247663,-2.0540886,-0.82408905,-0.8802918,1.4419208,1.5837991,1.2901635,-0.51138556
E15_5-S1#ACTTAACCAGAACGTC-1,-0.3447168,0.76448685,-1.4219753,-0.47639155,-0.51941216,1.8683802,-0.9362261,2.0471938,0.035695937,-1.0170345
E15_5-S1#ACTTAACCAGAGAAGG-1,-0.17322154,-0.66615236,-0.75947183,0.9511809,1.63054,0.21443887,-0.83091784,-1.0751907,-0.80321556,1.5120101
E15_5-S1#ACTTAACCAGAGCTAT-1,0.020303283,-1.1434736,0.3314588,-0.8577747,0.0025412422,-0.9117925,1.6597637,3.5213943,-1.8344425,-0.7879783
E15_5-S1#ACTTAACCATCATATT-1,-0.65097487,-0.17614108,-0.048823092,0.47662702,0.3628999,0.8632493,-0.18356466,-0.26360443,-0.35044307,-0.029225025
E15_5-S1#ACTTAACCCAACCGCT-1,-0.7161449,-0.8888271,-0.53794897,-1.043053,-0.27603406,-0.51650447,-0.91926825,1.6312057,3.6670463,-0.40047118
E15_5-S1#ACTTAACCCCGAGAAT-1,-0.49064845,-0.6544909,1.1576344,1.2858093,-0.5138861,-0.36014488,-0.2042431,-0.81017685,-0.66351485,1.2536613
E15_5-S1#ACTTAACCCGACGCGA-1,-0.31079903,-0.84214854,-0.6739147,0.5325374,0.91522956,-0.72973806,-1.1320773,0.43488625,-0.8274955,2.6335201
E15_5-S1#ACTTAACCCTAAGAGA-1,-0.69160205,-0.66680163,-0.86182153,0.92304194,-0.543353,0.47665897,-0.22362313,2.7570481,-0.67515385,-0.49439356
E15_5-S1#ACTTAACCCTGATGGT-1,-0.6773852,-0.50777197,0.99875164,1.275901,-0.57956374,-0.1627562,-0.0037955493,-0.9617985,-0.59822136,1.2166401
E15_5-S1#ACTTAACCCTTGCGCC-1,0.009551935,-0.25179598,-1.249966,0.059978623,-0.38002774,1.8280972,-0.5850593,2.092327,-0.42826766,-1.0948383
E15_5-S1#ACTTAACCGAAGATCG-1,-0.08370614,-0.75371367,-0.8523041,1.4095995,0.67673177,1.3852922,-0.76530135,-1.4370208,-0.8551146,1.2755374
E15_5-S1#ACTTAACCGACCTTGA-1,-0.6442989,-0.90901566,-0.4763252,-0.9151326,-0.6164947,-0.49544078,-0.7528488,1.6595633,3.7647762,-0.6147829
E15_5-S1#ACTTAACCGATACGGA-1,-0.6553601,-0.45819333,0.15731819,1.1354876,-0.26604378,0.7366541,0.0013726717,-0.6855778,-0.53207916,0.56642175
E15_5-S1#ACTTAACCGATCTTAC-1,-0.8388525,-0.55889106,1.0158437,1.4766308,-0.67524916,-0.094971105,0.16375598,-1.1832765,-0.6414565,1.3364662
E15_5-S1#ACTTAACCGCAGGTCC-1,-0.8432,0.20411198,-1.3023275,-0.14531124,-0.82960373,1.3330147,-1.0360336,2.0154247,1.4697737,-0.8658489
E15_5-S1#ACTTAACCGCCATTCT-1,-0.5472867,0.69735324,-0.96503067,-0.024226077,-0.06337725,1.1277486,-0.04428011,1.6991969,-0.89508796,-0.9850099
E15_5-S1#ACTTAACCGCCGCAAC-1,-0.7306467,-0.5262312,0.7706638,1.2212843,-0.787628,-0.40487128,0.42380932,-0.5586037,-0.76275855,1.3549817
E15_5-S1#ACTTAACCGCGTTGGA-1,-0.6833385,-0.4528527,0.397834,1.3025036,-0.36902085,0.064614594,-0.5621383,-0.0022964552,-0.4404672,0.74516195
E15_5-S1#ACTTAACCGGTACTGC-1,-0.5312139,0.48073784,-0.32135987,0.39348432,0.38244715,0.72124493,-0.10105244,0.2068322,-0.45958117,-0.77153915
E15_5-S1#ACTTAACCTAGAATTA-1,-1.1531712,2.6732767,-0.7722185,1.0304966,-0.22479516,-0.49369073,-1.1227279,1.2391864,-0.40262818,-0.77372813
E15_5-S1#ACTTAACCTAGAGTAA-1,-0.8749019,-0.48626587,-0.6358287,-0.30237535,-0.40078488,0.22072269,-0.6514409,1.7987337,2.2313106,-0.8991694
E15_5-S1#ACTTAACCTAGATCTA-1,-0.28422552,-0.37805015,-0.20058602,0.7463367,0.31736717,0.5538746,-0.37811124,-0.3828116,-0.53251797,0.53872406
E15_5-S1#ACTTAACCTCCGGCCT-1,-0.29114518,-0.21679044,-0.16642836,0.32061014,0.521681,0.3535108,-0.13962153,-0.003627263,-0.23151478,-0.1466744
E15_5-S1#ACTTAACCTCCTACCA-1,-0.9497483,0.25479734,0.23890017,0.485296,-0.0054629464,-0.7453879,0.13903666,1.2088687,-0.9804197,0.35411978
E15_5-S1#ACTTAACCTCGGCCTT-1,-1.2145293,2.8172226,-0.80908155,0.09689537,-0.51720977,-0.2138208,-0.7773997,1.4466802,-0.1528161,-0.6759408
E15_5-S1#ACTTAACCTCTGATAC-1,2.0670488,-1.397571,-1.6092358,-1.4771188,-0.9586527,0.8940073,-0.7873555,-1.1813937,1.6365061,2.8137653
E15_5-S1#ACTTAACCTGAGTCTG-1,-0.9349161,-0.5065921,0.8106409,1.2182716,-0.38414285,0.05699709,-0.47402442,-0.34276536,-0.57023776,1.126769
E15_5-S1#ACTTAACCTGCCGGCA-1,-0.22474101,-0.33488053,-0.07162636,0.9431969,0.16317075,0.52666837,-0.25314352,-0.3718436,-0.48140845,0.10460743
E15_5-S1#ACTTAACCTGCGGACC-1,-0.6304129,-0.8233449,-0.3830252,0.8720613,0.9786965,-1.3523735,-0.9917814,0.5644943,-1.0434757,2.8091614
E15_5-S1#ACTTAACCTTACCGAG-1,-0.35326886,-0.32223737,-0.15845841,1.0239397,0.36741188,0.6078952,-0.34361953,-0.27297413,-0.45224214,-0.09644637
E15_5-S1#ACTTAACCTTATCCGG-1,-0.3204082,-0.5605488,-0.44883734,0.8287831,0.05967918,0.84120053,-0.24916306,-0.894719,-0.66749924,1.4115129
E15_5-S1#ACTTAACCTTGACTTC-1,-0.053277608,-0.9087078,-0.8887882,0.95482624,0.10325939,-0.01653636,-0.4876811,2.5058553,-0.8704001,-0.3385496
E15_5-S1#AGAACGTCAACCTGCG-1,-1.1113449,-0.46042168,-0.09468855,1.6850395,0.37632692,1.7845324,-0.49628693,-0.6244193,-0.74451977,-0.31421795
E15_5-S1#AGAACGTCAATTAAGA-1,-0.6926574,-0.60709536,-0.2525119,2.4717097,0.5624554,-0.6451576,-0.5148677,-1.0382842,-0.85257876,1.5689877
E15_5-S1#AGAACGTCACCGCCAA-1,-1.0394953,-0.89105946,-0.41649663,-1.1033382,0.3645119,-0.88946664,-1.0673199,1.6145829,3.4254966,0.0025847368
E15_5-S1#AGAACGTCACGGAGGC-1,-0.58268744,-0.5679845,-0.11175987,2.3486567,0.50335944,-0.9074966,-0.4609487,-1.3247291,-0.82648957,1.9300796
E15_5-S1#AGAACGTCACTATGCA-1,-0.69405925,-0.2934092,0.089252174,0.9332844,0.26525104,0.44284558,-0.34029487,0.027650964,-0.3189851,-0.11153576
E15_5-S1#AGAACGTCACTCAATA-1,-1.1341703,0.43868876,-0.7778094,0.16576384,0.34307635,0.24988054,-0.62149096,1.3498496,-0.6862683,0.67247987
E15_5-S1#AGAACGTCACTTAACC-1,-0.878717,-0.820522,-0.37632844,-0.8222272,-0.76798457,-0.94635594,-0.5807814,2.466739,3.7175214,-0.99134344
E15_5-S1#AGAACGTCAGAACGTC-1,-0.44208786,0.9446484,-1.0581135,0.48107824,-0.03205552,0.09641131,-0.38770396,1.2449155,-0.41639543,-0.4306971
E15_5-S1#AGAACGTCAGAGCTAT-1,-0.33518648,-0.5042514,-0.5722729,1.214308,0.7657301,0.3486464,-0.65143085,0.9404927,-0.45999187,-0.7460437
E15_5-S1#AGAACGTCATCATATT-1,-0.82604903,-0.44284225,-0.4394029,2.4763086,0.47964433,-0.92358816,-0.7824039,-1.0212655,-0.73849237,2.218091
E15_5-S1#AGAACGTCCAACCGCT-1,-0.98406726,-0.23232779,0.1308572,-0.03315244,-0.27033335,0.41199392,-0.2510281,1.482,0.40392923,-0.6578714
E15_5-S1#AGAACGTCCCAGTTCC-1,-0.8208993,-0.8995872,-0.6067098,-0.9998726,-0.6014621,-0.6020239,-0.7508942,1.4609702,4.383046,-0.56256723
E15_5-S1#AGAACGTCCCGAGAAT-1,-0.60329515,-0.70442855,0.7530163,1.9238479,-0.3742285,-0.61292106,-0.32707593,-1.1077582,-0.6209165,1.6737593
E15_5-S1#AGAACGTCCCGATTCC-1,-0.8491363,-0.8276485,-0.5536593,-0.83738756,-0.48479939,-0.41902936,-0.81260693,1.9685565,3.3958886,-0.58017755
E15_5-S1#AGAACGTCCGACGCGA-1,-0.5793317,-0.31769636,-0.04979967,0.96182495,0.30198106,0.30778512,-0.39976212,-0.363487,-0.5808124,0.7192983
E15_5-S1#AGAACGTCCTAAGAGA-1,-1.3363817,-0.15622619,-0.6642583,0.92486316,0.7845868,-0.68414897,-0.9496391,1.5069882,-0.7914941,1.3657103
E15_5-S1#AGAACGTCCTGATGGT-1,-1.1235954,-0.46729085,0.6171233,1.9204369,0.066844486,-0.44870654,-0.2529032,-1.0525534,-0.62523395,1.3658786
E15_5-S1#AGAACGTCCTTGCGCC-1,-1.2742283,-0.5552178,-0.48654968,-0.0745281,0.66096133,-0.3478733,-0.73040813,2.0820134,-0.48329884,1.2091297
E15_5-S1#AGAACGTCGACCTTGA-1,-0.4099845,-0.1111241,-0.83394766,-0.4535071,-0.11016089,1.5489073,-0.03517904,1.5850701,-0.55971336,-0.62036085
E15_5-S1#AGAACGTCGATACGGA-1,-0.31166053,-0.6932103,-0.4105143,1.0240064,0.53101206,0.57858944,-0.69674057,-0.97499716,-0.714124,1.6676391
E15_5-S1#AGAACGTCGATCTTAC-1,-0.48915175,-0.80347335,1.2788438,1.4476347,-0.13819496,-0.14117415,-0.5186667,-1.0812014,-0.8068719,1.2522558
E15_5-S1#AGAACGTCGCAGGTCC-1,-0.3425419,-0.0668931,-1.1343879,0.027556019,-0.28682062,1.2266129,-0.35442826,1.9041097,-0.33967677,-0.6335299
E15_5-S1#AGAACGTCGCCATTCT-1,-1.2529916,1.6711954,-1.1368445,1.1247895,-0.22511104,-0.45167363,-0.9511151,1.1016926,0.012724496,0.1073336
E15_5-S1#AGAACGTCGCCGCAAC-1,-1.271575,-0.31109336,0.8168653,1.2502816,-0.62789387,-0.8768474,-0.18238427,0.38654903,-0.60535616,1.4214541
E15_5-S1#AGAACGTCGCGTTGGA-1,-0.04265064,-0.7032534,-0.26606938,0.8903795,-0.32527724,0.41283852,0.11540129,-0.6845213,-0.704428,1.3075806
E15_5-S1#AGAACGTCGCTAACTT-1,-0.6008499,-0.2485677,-0.28424528,0.5137161,0.46377456,0.6692168,-0.28583667,0.09203525,-0.454101,0.13485782
E15_5-S1#AGAACGTCGGTACTGC-1,-0.7845446,-0.5502207,2.031622,-0.48427725,0.13743685,-1.3968117,0.45954555,2.6628842,-1.3178715,-0.75776297
E15_5-S1#AGAACGTCGGTATGCT-1,-0.72288036,-0.4194075,0.79029423,1.4604435,-0.016483344,0.75773954,-0.2139407,-0.6068997,-0.61072063,-0.41814533
E15_5-S1#AGAACGTCTAGAATTA-1,-0.2396931,-1.2331324,2.1249273,-1.0416195,0.54763734,-1.5680741,0.37179556,3.349773,-1.6666493,-0.6449644
E15_5-S1#AGAACGTCTAGAGTAA-1,-0.44829953,0.0060233995,-1.1143718,-0.10549705,-0.22139429,1.6644319,-0.28492907,1.9434912,-0.43338463,-1.0060701
E15_5-S1#AGAACGTCTAGATCTA-1,-0.48169345,-0.59131855,-0.11425321,2.4460754,0.42624158,-0.78597367,-0.3953261,-1.355423,-0.9664623,1.8181336
E15_5-S1#AGAACGTCTCCTACCA-1,-0.2233542,0.064407535,-0.30048552,0.64221656,-0.39998046,-0.3561512,0.2687604,-0.02463484,-0.7499156,1.0791373
E15_5-S1#AGAACGTCTCGGCCTT-1,-0.6888568,0.3184234,-1.049178,0.111466154,-0.19831383,0.99427795,-0.6116898,1.8213795,-0.1175106,-0.5799981
E15_5-S1#AGAACGTCTCTGATAC-1,-0.7894433,-0.1693926,0.08504208,0.44844332,0.41290766,0.6837808,-0.029466748,-0.11769697,-0.38125646,-0.14291777
E15_5-S1#AGAACGTCTGAGTCTG-1,-0.853275,-0.49265385,1.2030373,1.4504895,-0.6827445,-0.15042497,-0.3061902,-0.5720565,-0.4688691,0.8726873
E15_5-S1#AGAACGTCTGCCGGCA-1,-0.7386209,-0.43098888,-0.13300335,1.6236824,-0.044984676,0.5672102,-0.48656812,-0.82393605,-0.65724635,1.1244557
E15_5-S1#AGAACGTCTGCGGACC-1,-0.26271477,-0.5171921,0.3212492,1.7125034,0.02768405,-0.9411309,0.025138281,-1.3954716,-0.8989521,1.9288867
E15_5-S1#AGAACGTCTGGTCAGC-1,-0.64659935,-0.56561226,0.0032743886,1.9124845,0.15374649,0.26044908,-0.6685248,-0.67891186,-0.73772705,0.9674207
E15_5-S1#AGAACGTCTTACCGAG-1,-0.94585884,-0.7520979,0.13623464,2.3729906,0.29856682,-0.87458754,-0.79282564,-0.9084818,-0.9022692,2.3683286
E15_5-S1#AGAACGTCTTATTCAT-1,-0.9988397,-0.57004344,0.22256157,2.2023516,-0.08948971,-0.7801981,-0.42329732,-0.94587684,-0.76833487,2.1511667
E15_5-S1#AGAACGTCTTGACTTC-1,-1.1608008,1.1011447,-1.1252644,0.95044124,0.15212639,0.13440107,-1.1648424,1.4560671,0.037407722,-0.3806805
E15_5-S1#AGAGAAGGAATTAAGA-1,-0.74072826,0.42284516,-0.58623,-0.27130967,-0.8335121,1.4382429,0.5780165,1.3561784,-0.4763141,-0.8871889
E15_5-S1#AGAGAAGGACCGCCAA-1,-0.80221003,-0.39947048,0.124756604,-0.5094614,-0.17710862,0.95072883,-0.08729762,1.2901706,0.068216965,-0.4583249
E15_5-S1#AGAGAAGGACGGAGGC-1,1.1995319,-0.9766282,-0.9538969,1.4869612,-1.6665634,-0.30142534,2.2451453,0.8132607,-0.8031348,-1.0432504
E15_5-S1#AGAGAAGGACTCAATA-1,3.3250713,-0.51724017,-0.8764009,0.54247504,1.152052,-0.9398787,-0.43835074,-1.0179682,-0.5523104,-0.6774495
E15_5-S1#AGAGAAGGACTTAACC-1,-0.4589817,-0.48041221,-0.15330043,-1.0637861,-0.35132992,0.39954475,1.1397747,2.6353076,-0.6446324,-1.022184
E15_5-S1#AGAGAAGGAGAACGTC-1,2.4109561,-0.91093886,-0.72692984,1.9871562,-1.99995,-0.5631422,2.345029,-0.18143512,-0.8360427,-1.5247027
E15_5-S1#AGAGAAGGAGAGCTAT-1,3.451536,-0.58570105,-0.923229,1.8937346,1.0472492,-0.9110413,-1.5324427,-0.8547889,-0.5079845,-1.0773321
E15_5-S1#AGAGAAGGATAAGGAG-1,-0.6054039,-0.19487199,-0.12026087,0.15504408,0.28711617,0.522406,-0.13248333,0.404827,-0.0058908463,-0.31048235
E15_5-S1#AGAGAAGGCAACCGCT-1,-0.42486915,-0.8755816,0.18097815,-1.2859242,-0.7191334,0.39606842,1.7150724,2.4594572,-0.71424985,-0.73181796
E15_5-S1#AGAGAAGGCCAGTTCC-1,-0.99462646,-0.41663587,0.0008380227,-0.6207509,-0.054138124,1.2525553,0.62862754,1.3329465,-0.15522182,-0.9735942
E15_5-S1#AGAGAAGGCCGAGAAT-1,3.0930412,-0.96894836,-0.6722617,1.9548448,-1.6509075,-0.792412,1.7001555,-0.57145935,-0.8006306,-1.291422
E15_5-S1#AGAGAAGGCCGATTCC-1,-0.9603205,-0.31818765,-0.216705,-0.57332593,-0.04776007,0.79366165,-0.17007309,1.7973962,0.3782262,-0.6829119
E15_5-S1#AGAGAAGGCGAACGCC-1,0.20482507,-0.5241752,-0.33600694,-0.6647146,-0.08210723,0.7123038,0.5407133,0.84669614,-0.07664912,-0.6208851
E15_5-S1#AGAGAAGGCTAAGAGA-1,3.170885,-0.7627755,-0.9904381,1.6345444,1.1232605,-0.7448654,-1.2755886,-0.43570927,-0.58534926,-1.133964
E15_5-S1#AGAGAAGGCTGATGGT-1,3.1647685,-0.7023116,-0.7353259,1.9129617,-1.0098878,-1.0103269,0.52478546,-0.63676345,-0.43734553,-1.0705544
E15_5-S1#AGAGAAGGCTTGCGCC-1,3.2193747,-1.1783714,-0.90569925,2.686785,-1.9938961,-1.0125815,1.6623167,-0.29047662,-0.8472536,-1.3401976
E15_5-S1#AGAGAAGGGACCTTGA-1,-0.42819387,-0.33525625,-0.6619054,0.36944687,0.01889627,1.4342712,-0.60218215,1.5824977,-0.39785028,-0.9797243
E15_5-S1#AGAGAAGGGATCTTAC-1,3.2307084,-0.53735024,-0.79399157,1.5754732,0.051007036,-0.85847276,-0.57145697,-0.87702334,-0.36989924,-0.8489943
E15_5-S1#AGAGAAGGGCAGGTCC-1,1.0467714,-0.5575377,-0.68854004,1.3299295,-0.348027,0.6801363,-0.29282883,0.29267836,-0.4373648,-1.0252173
E15_5-S1#AGAGAAGGGCCATTCT-1,3.5156808,-0.6765343,-0.94818175,2.3667526,-0.28005943,-0.9749658,-0.706321,-0.53200954,-0.47874355,-1.2856181
E15_5-S1#AGAGAAGGGCCGCAAC-1,2.7975488,-1.0287455,-0.06610404,1.9639019,-1.8334557,-1.0152072,2.2556057,-0.6998408,-1.0216646,-1.3520387
E15_5-S1#AGAGAAGGGCGTTGGA-1,3.3688688,-0.602883,-0.9292008,1.2821358,1.0945752,-0.917406,-1.0094783,-0.9312121,-0.5518979,-0.80350184
E15_5-S1#AGAGAAGGGGCTGAGC-1,-0.8194439,-0.19610798,-0.10311345,-0.30955994,0.047588024,0.61011475,-0.10082392,1.2971417,0.11952299,-0.54531825
E15_5-S1#AGAGAAGGGGTACTGC-1,3.3940763,-0.89318573,-1.1448836,2.6991527,-1.1435542,-0.6822048,-0.33539987,-0.056935284,-0.56910294,-1.2679627
E15_5-S1#AGAGAAGGTAGAATTA-1,3.4782364,-0.8525593,-1.107378,2.5496209,-0.79254025,-0.85725933,-0.53764755,-0.1271385,-0.5076152,-1.2457188
E15_5-S1#AGAGAAGGTAGAGTAA-1,-0.28668118,0.050408114,-1.1846023,0.52962697,-0.62007695,1.8919086,-0.94109917,1.7932248,-0.10272083,-1.1299883
E15_5-S1#AGAGAAGGTAGATCTA-1,0.08689461,-0.6957834,-0.2621039,-0.7621909,-0.78941333,1.0082868,1.2758188,1.8540436,-0.95861965,-0.75693274
E15_5-S1#AGAGAAGGTCCTACCA-1,3.2499244,0.35686558,-0.5955634,-1.4496187,1.16202,-1.1907276,0.64234275,-0.893752,-0.8214229,-0.46006837
E15_5-S1#AGAGAAGGTCGGCCTT-1,0.89984745,-0.48476195,-0.5705022,0.9350476,-0.14459027,0.613525,-0.21716663,0.34189954,-0.43062797,-0.9426705
E15_5-S1#AGAGAAGGTGAGTCTG-1,3.5660129,-1.4940445,-0.60859174,2.686258,-2.103711,-1.2743585,3.4313846,-1.3555028,-1.2242141,-1.6232324
E15_5-S1#AGAGAAGGTGCCGGCA-1,-0.34707507,-0.29191014,0.3448811,0.7761562,-0.011520173,0.2144567,-0.3049285,-0.019612715,-0.3647511,0.004303826
E15_5-S1#AGAGAAGGTGCGGACC-1,4.023838,-1.7113059,-0.4080184,2.6064057,-2.0442216,-1.6358547,4.239086,-1.7164105,-1.5123609,-1.8411579
E15_5-S1#AGAGAAGGTTATTCAT-1,-0.5452342,2.7267535,-0.80399156,0.5302643,-0.8758083,-0.21626052,-1.0214908,1.2044067,-0.17747438,-0.82116485
E15_5-S1#AGAGAAGGTTGACTTC-1,3.8545058,-0.6147708,-1.295393,2.3387465,-1.080084,-1.0566797,-0.30142137,-0.6026927,-0.015981305,-1.2262292
E15_5-S1#AGAGCTATAACCTGCG-1,-1.0539111,-0.577744,0.4541087,2.5264332,-0.5198426,1.0768915,-0.27701348,-0.91330576,-0.5695705,-0.14604615
E15_5-S1#AGAGCTATAATTAAGA-1,0.54810125,-0.3364441,0.38496345,-0.44725388,-0.3062106,-0.22516319,1.765189,-0.6491492,-0.5790366,-0.15499617
E15_5-S1#AGAGCTATACCGCCAA-1,-1.1842729,0.42797664,-0.9029691,-0.48598173,-0.45793822,1.2818953,-0.4451933,1.7174696,0.6175693,-0.5685553
E15_5-S1#AGAGCTATACGGAGGC-1,0.08210549,-0.5496115,0.55071175,0.9843611,-0.30713856,0.49962395,0.62692136,-1.0397925,-0.80449265,-0.042688332
E15_5-S1#AGAGCTATACTATGCA-1,-0.75588226,-0.630891,0.24061184,1.7076747,-0.63965625,-0.1863013,-0.52066123,-0.41764176,-0.39562786,1.5983751
E15_5-S1#AGAGCTATACTCAATA-1,-1.248585,-0.10621046,1.1596754,1.7420378,0.39949104,-0.8113708,-0.105827644,-1.141803,-0.7385176,0.85111016
E15_5-S1#AGAGCTATACTTAACC-1,0.3220252,-1.0202276,-1.0827706,0.8290656,-1.0871114,-0.1588094,0.18944141,3.0204046,-0.3208467,-0.69117105
E15_5-S1#AGAGCTATAGAACGTC-1,0.32791036,-0.16792972,-0.42527428,0.6006652,0.050589673,0.8203519,0.046699613,0.5073806,-0.6458162,-1.114577
E15_5-S1#AGAGCTATAGAGCTAT-1,-1.5219545,0.61165863,0.52024144,1.2661144,0.08920359,-1.0306364,-0.090011515,0.52836293,-0.51142037,0.13844201
E15_5-S1#AGAGCTATATAAGGAG-1,-0.6619955,-0.29644385,-1.0813633,-0.254691,-1.0616426,1.7298305,-0.24518642,2.2176776,0.790446,-1.1366314
E15_5-S1#AGAGCTATATCATATT-1,-0.9916425,-0.46870023,0.8080301,2.3621695,-0.6486592,-0.63101906,-0.17163575,-1.1768395,-0.7336761,1.6519725
E15_5-S1#AGAGCTATCAACCGCT-1,0.07060201,-0.8013556,-0.8031446,0.566563,-0.75198513,-0.6662747,-0.21379924,3.738772,-0.7681827,-0.37119493
E15_5-S1#AGAGCTATCCAGTTCC-1,-0.8174787,-0.6062914,-0.6168829,0.1375022,-0.54712194,1.2579992,-0.48912323,2.264212,0.16071308,-0.74352825
E15_5-S1#AGAGCTATCCGAGAAT-1,-0.9236889,-0.6920275,1.1205846,2.7225764,-1.2386305,-0.8512228,-0.19861363,-0.95538723,-0.7194744,1.7358836
E15_5-S1#AGAGCTATCCGATTCC-1,-0.6104188,-0.43667874,-0.85848534,-0.57560945,-0.9206476,1.0774536,0.079927675,1.9238156,0.8350798,-0.51443666
E15_5-S1#AGAGCTATCGAACGCC-1,-1.3290714,1.4711678,-1.6469939,-0.7200294,-1.2405736,1.3368847,-0.46730047,2.3620422,1.426008,-1.192134
E15_5-S1#AGAGCTATCGACGCGA-1,-0.6273834,-0.731418,0.18021975,2.1456246,-0.86288923,-0.46554285,-0.6681488,-0.5746055,-0.49812883,2.102272
E15_5-S1#AGAGCTATCTAAGAGA-1,-0.8898281,-0.5244497,0.8603436,1.4877009,0.3796343,-0.44740283,-0.26535404,-0.7821882,-0.70221615,0.8837602
E15_5-S1#AGAGCTATCTGATGGT-1,-0.90280443,-0.33127525,0.9435525,2.2733176,-0.589462,-0.7487257,0.20293407,-1.1991228,-0.6857663,1.0373523
E15_5-S1#AGAGCTATCTTGCGCC-1,0.702489,-0.513288,-0.31839943,0.75873375,0.07882442,0.48221248,-0.1359418,0.39523885,-0.5341454,-0.9157239
E15_5-S1#AGAGCTATGACCTTGA-1,0.06533663,-0.7090621,-0.21759357,-0.32934657,-0.95389915,0.12727484,0.83256775,1.6349003,0.45746517,-0.9076432
E15_5-S1#AGAGCTATGATACGGA-1,-0.6687441,-0.4215411,0.11101374,2.0247905,-1.0171311,0.31115204,-0.23484361,-0.78296214,-0.3654654,1.043731
E15_5-S1#AGAGCTATGATCTTAC-1,-0.4014252,-0.5852508,0.80678004,2.3154373,-0.7108376,-0.74295926,0.43824744,-1.4224826,-0.9675503,1.270041
E15_5-S1#AGAGCTATGCAGGTCC-1,-0.09835787,-0.85275507,-1.1157568,0.9982628,-0.74665755,0.8735522,-0.24431887,2.4567175,-0.63322353,-0.63746303
E15_5-S1#AGAGCTATGCCATTCT-1,-0.6134422,0.1883876,-0.017053075,1.210683,0.0738689,-0.24727641,0.044190165,-0.29085428,-0.43920356,0.090699844
E15_5-S1#AGAGCTATGCCGCAAC-1,-1.520467,-0.5750911,1.6477134,2.4169114,-1.2979996,-0.96324855,0.01086862,-0.15699208,-0.6128062,1.0511115
E15_5-S1#AGAGCTATGCGTTGGA-1,-0.19544768,-0.7261696,1.0587372,2.0521262,-0.56043625,-0.6202536,0.22180909,-1.2799637,-0.86613065,0.9157291
E15_5-S1#AGAGCTATGCTAACTT-1,-0.10059596,-0.5692164,-0.57508415,1.853917,0.93617964,0.37183008,-0.32343912,-1.4251493,-0.98424566,0.8158039
E15_5-S1#AGAGCTATGGCTGAGC-1,-0.71022916,-0.32808056,-0.5427344,-0.4159995,-0.7262062,0.50202763,-0.30086073,2.1410391,1.0945204,-0.7134765
E15_5-S1#AGAGCTATGGTACTGC-1,0.069711454,-0.3725751,0.15064749,0.75738835,-0.25091916,0.59747297,0.37389806,-0.22041075,-0.5471318,-0.5580815
E15_5-S1#AGAGCTATGGTATGCT-1,0.0008152332,-0.53888136,0.20782158,2.235653,-0.4504701,0.17784937,-0.3547004,-0.6181694,-0.5772489,-0.08266885
E15_5-S1#AGAGCTATTAGAATTA-1,0.22514698,-0.27128986,-0.15947825,1.0731401,0.049761645,0.4652575,0.38784602,-0.364577,-0.67962164,-0.72618556
E15_5-S1#AGAGCTATTAGAGTAA-1,0.6619585,-0.7694568,-0.59057534,0.71882796,-0.47559282,-0.75013274,-0.5480933,3.2966235,-0.80649745,-0.7370616
E15_5-S1#AGAGCTATTAGATCTA-1,0.17874023,-0.38543227,0.62923664,0.052771017,-0.16364759,-0.061769918,0.9955103,-0.99474794,-0.45454806,0.20388755
E15_5-S1#AGAGCTATTCCTACCA-1,-1.3234391,-0.07890804,1.4296156,1.9468712,0.30320513,-0.94427496,0.048071694,-1.6246934,-0.92112464,1.1646765
E15_5-S1#AGAGCTATTCGGCCTT-1,-0.102754,-0.65372425,-0.7128028,-0.715157,-0.70025134,0.29758814,1.0249996,1.1071651,1.4020497,-0.9471131
E15_5-S1#AGAGCTATTGAGTCTG-1,-0.8658766,-0.7353464,1.7078022,2.7642643,-1.2783552,-0.8686909,-0.05247011,-1.0989672,-0.76967,1.19731
E15_5-S1#AGAGCTATTGCCGGCA-1,0.34792426,-0.47376737,0.14435886,1.385463,-0.685816,0.11877136,0.12114582,-0.6018033,-0.51059085,0.15431422
E15_5-S1#AGAGCTATTGCGGACC-1,-0.50364155,-0.4349896,0.75859636,2.1025956,-0.43926132,-1.0709798,0.281008,-1.2385802,-0.88053,1.4257824
E15_5-S1#AGAGCTATTGGTCAGC-1,-0.8517095,-0.52653205,0.51337564,1.937798,-0.33380032,-0.06611651,-0.6823171,-0.65451163,-0.48229754,1.1461111
E15_5-S1#AGAGCTATTTACCGAG-1,-0.56202745,-0.6986509,0.22621998,1.9526019,-0.34194565,-0.48008916,-0.65704393,-0.781251,-0.5391559,1.881342
E15_5-S1#AGAGCTATTTATCCGG-1,0.26245946,-0.73566,-0.24835007,1.6645999,0.12523574,-0.30578935,-0.81252,-0.9515123,-0.67294365,1.6744804
E15_5-S1#AGAGCTATTTATTCAT-1,0.07627655,-0.38159993,0.28618187,0.885208,-0.33191696,0.42566863,0.41636762,-0.72392184,-0.6158409,-0.03642304
E15_5-S1#AGAGCTATTTGACTTC-1,-0.68390214,-0.37878123,0.5733995,1.4217042,0.6000141,-0.32564828,-0.034150444,-0.5867505,-0.7113296,0.12544432
E15_5-S1#ATAAGGAGAATTAAGA-1,-0.7751209,-0.72931904,-0.9564236,0.26916566,0.65219516,-0.8236714,-1.5313971,1.6095843,-0.5910491,2.876036
E15_5-S1#ATAAGGAGACGGAGGC-1,0.22811833,-0.58415055,0.3070706,0.47183096,0.060323723,0.113510646,0.23649526,-1.0055336,-0.63347983,0.80581445
E15_5-S1#ATAAGGAGACTCAATA-1,-0.19976704,-0.511399,0.12757675,-0.21084963,-0.34030375,-0.7343094,1.607228,2.5285697,-1.4097283,-0.85701776
E15_5-S1#ATAAGGAGAGAACGTC-1,1.4496872,-1.0215292,-0.8942253,-0.357309,-0.1917961,-0.62197334,-1.0093595,2.8309,-0.546317,0.3619222
E15_5-S1#ATAAGGAGAGAGCTAT-1,-0.64023757,-0.64800286,-1.3298094,0.99857944,-1.4039493,1.0722059,-0.9420621,2.4566417,1.202674,-0.7660401
E15_5-S1#ATAAGGAGCCGAGAAT-1,-0.7174927,-0.3654908,0.7622401,1.4014442,-0.8803748,0.21854112,0.40148368,-0.78254604,-0.3208831,0.28307813
E15_5-S1#ATAAGGAGCTAAGAGA-1,-0.1276636,-0.44683766,-1.0134779,0.7473973,-0.30909684,0.99813,-1.0195719,2.235701,-0.24549484,-0.8190858
E15_5-S1#ATAAGGAGCTGATGGT-1,-1.0221804,-0.618379,0.38470036,0.25271896,-0.9942257,1.1294429,0.10740267,1.0443681,-0.17982422,-0.104023874
E15_5-S1#ATAAGGAGCTTGCGCC-1,0.87761617,-1.1881218,-1.2409053,-0.4376292,0.009231458,0.35758018,-1.0461037,2.3069174,-0.24264096,0.60405564
E15_5-S1#ATAAGGAGGATCTTAC-1,-0.42053714,-0.65112376,0.3732617,0.72052276,-1.0068762,0.7,-0.46364117,1.1529081,-0.37827322,-0.02624102
E15_5-S1#ATAAGGAGGCAGGTCC-1,-0.74031717,-1.3057584,3.4720435,-1.3650727,0.5295053,-1.3404233,-1.7004884,3.7788954,-0.66101587,-0.6673684
E15_5-S1#ATAAGGAGGCCATTCT-1,-1.3103487,3.461612,-0.7791323,-0.047507945,-0.6216576,-0.95548564,-1.2303636,1.961688,-0.037942994,-0.440861
E15_5-S1#ATAAGGAGGCCGCAAC-1,-0.87280726,-0.534862,1.1555622,1.9477336,-1.0444539,-0.7242751,-0.011997357,-0.77159417,-0.5232615,1.379955
E15_5-S1#ATAAGGAGGCGTTGGA-1,-0.914392,-0.25529385,-0.2804584,0.8909621,-0.68822825,0.13122436,-0.4605223,2.1457596,-0.5838088,0.0147576
E15_5-S1#ATAAGGAGGGTACTGC-1,-1.0612011,3.1342013,-0.57710457,0.0707189,-0.3720734,-0.5480566,-1.1008351,1.3885242,-0.3624581,-0.5717156
E15_5-S1#ATAAGGAGTAGAATTA-1,-0.9869195,2.3594818,-0.510093,0.46732455,0.036141075,-0.09244251,-0.8118197,0.6798602,-0.44759476,-0.6939381
E15_5-S1#ATAAGGAGTAGATCTA-1,-0.25224453,-0.6338626,-0.21735269,0.22873929,0.3600188,-0.06670783,-0.88691926,-0.15453422,-0.4205117,2.0433748
E15_5-S1#ATAAGGAGTCCTACCA-1,-0.54053056,-0.7258764,0.29160652,-0.4332145,0.016647331,-0.8323181,1.1871954,2.4193206,-1.2574531,-0.12537695
E15_5-S1#ATAAGGAGTCGGCCTT-1,-0.52799565,-1.2738225,3.0567114,-1.1735247,0.81577015,-1.3565035,-1.4208679,3.2669525,-0.8967404,-0.48997954
E15_5-S1#ATAAGGAGTGAGTCTG-1,-0.138838,-0.54332185,0.77055204,2.0430393,-1.2147311,-0.17149264,-0.43501556,-0.5151462,-0.39621088,0.601165
E15_5-S1#ATAAGGAGTGCCGGCA-1,-0.45001546,-1.0007665,-0.90364915,0.7108703,0.46735772,-0.8408827,-1.4263843,1.1402837,-0.5258839,2.8290706
E15_5-S1#ATAAGGAGTGCGGACC-1,-0.31811205,-0.5429863,0.27102596,1.557554,-0.7522963,-0.560023,-0.2237598,-0.9320717,-0.554028,2.054697
E15_5-S1#ATAAGGAGTTATTCAT-1,-1.9451797,-1.0072306,-1.2323875,0.70091635,1.0828763,-1.7521586,-1.4890358,2.6296368,-0.8710361,3.883599
E15_5-S1#ATAAGGAGTTGACTTC-1,-0.514077,0.2164251,-1.3655674,-0.43798816,-0.7280689,1.7258275,-0.7777552,2.0885634,0.8196364,-1.0269958
E15_5-S1#ATCATATTAAGAAGCT-1,-0.231386,-0.04122218,-0.21855336,-0.503124,-0.06638944,0.23262578,1.3102583,-0.0048189904,0.124974474,-0.6023646
E15_5-S1#ATCATATTAATTAAGA-1,0.5862403,-0.48487973,-0.15467907,0.8447451,-0.48548448,0.9963989,0.8980299,-0.96863055,-0.8134788,-0.4182616
E15_5-S1#ATCATATTACCGCCAA-1,-0.75362134,-0.37986287,-0.6703969,0.45589542,-0.80420965,1.179758,-0.6727872,2.3202739,0.28072238,-0.95577157
E15_5-S1#ATCATATTACGGAGGC-1,0.16864032,-0.7306118,-0.6024824,0.41071126,-0.15018922,1.9586455,-0.20646715,0.43211797,-0.8755975,-0.40476704
E15_5-S1#ATCATATTACTATGCA-1,-0.14238408,-0.35326552,-0.38298827,0.8200308,-0.048643555,0.65881926,-0.46140668,0.65269333,-0.3453402,-0.3975151
E15_5-S1#ATCATATTACTCAATA-1,0.3725268,-0.50614923,-0.942118,1.7152531,1.9179904,-0.3871721,-0.62375534,-0.13223886,-0.52296627,-0.8913705
E15_5-S1#ATCATATTACTTAACC-1,-1.0566926,-0.4477725,-0.41085497,0.15621881,-1.0225515,1.9317847,-0.17907797,1.4676784,0.39905164,-0.8377841
E15_5-S1#ATCATATTAGAACGTC-1,0.39301333,-0.38693467,-0.64881253,1.079505,0.4195414,0.99869883,-0.28491962,-0.18766145,-0.47389743,-0.9085328
E15_5-S1#ATCATATTAGAGCTAT-1,0.09449271,-0.8372908,-1.288195,3.1817303,3.176249,-0.84653634,-0.7973318,-0.9115454,-0.8130148,-0.9585579
E15_5-S1#ATCATATTATAAGGAG-1,-0.5888522,-0.264765,-0.5252879,-0.12834376,-0.41912958,0.4076914,-0.5779219,2.436187,0.19587076,-0.53544897
E15_5-S1#ATCATATTATCATATT-1,-1.0391291,2.4484603,-0.029046642,-0.8718803,0.6217356,-1.4878522,0.037466995,1.7473663,-1.0004231,-0.4266976
E15_5-S1#ATCATATTCAACCGCT-1,-0.78575873,-0.29404938,0.8587694,1.8435448,-0.16952205,0.037607156,-0.5710293,0.014562026,-0.2535129,-0.68061113
E15_5-S1#ATCATATTCCAGTTCC-1,-1.2796963,-0.6202304,-0.681101,0.48386997,-0.8783218,1.5602593,-0.62927145,2.0611274,0.891871,-0.9085067
E15_5-S1#ATCATATTCCGAGAAT-1,2.2415035,-0.83894247,-1.1370819,-0.55707073,-0.5051203,-0.28353956,0.60538054,-1.5690007,-0.19828369,2.242155
E15_5-S1#ATCATATTCCGATTCC-1,-0.65690976,-0.26830024,-0.41247824,-0.33026555,-0.10704751,0.52459157,-0.31299928,1.8027676,0.41169706,-0.65105575
E15_5-S1#ATCATATTCGAACGCC-1,-1.081965,0.3481037,-0.43190894,-0.1551285,-0.6769943,0.59569466,-0.6208242,2.025331,0.7256925,-0.728001
E15_5-S1#ATCATATTCGACGCGA-1,-0.3003578,-0.04331209,-0.41702223,0.039981753,-0.18980096,0.71595824,0.5476121,0.31774873,-0.1750952,-0.4957125
E15_5-S1#ATCATATTCTAAGAGA-1,-0.19971576,-0.85221595,-1.3857837,3.5682175,3.5446875,-0.9263605,-0.9255921,-0.92407227,-0.84441966,-1.0547451
E15_5-S1#ATCATATTCTGATGGT-1,1.9838413,-0.8725261,-0.62107795,-0.84510046,-0.07097248,-0.08091786,0.40977076,-1.4770471,-0.5183384,2.0923681
E15_5-S1#ATCATATTCTTGCGCC-1,-0.4510815,-0.53028995,-1.1274405,3.231178,2.983234,-0.6632593,-0.6425718,-0.8879944,-0.6656881,-1.2460866
E15_5-S1#ATCATATTGAAGATCG-1,-0.4058845,-0.4595788,-0.3128451,-0.7554638,-0.45424527,1.3949181,1.232869,0.6752115,-0.15446442,-0.7605165
E15_5-S1#ATCATATTGACCTTGA-1,-0.8213182,-0.18975237,-0.1767232,1.8008355,-0.032999586,0.9828636,0.002714876,-0.33827573,-0.19257881,-1.0347661
E15_5-S1#ATCATATTGATACGGA-1,-0.1950137,-0.2947785,-0.046101354,0.28706288,-0.26260576,0.6025269,0.7924255,-0.2721333,-0.31950638,-0.29187638
E15_5-S1#ATCATATTGATCTTAC-1,1.9043278,-0.8722856,-0.7020918,-0.6508844,0.90000415,-0.5993767,-0.6597816,-1.1249663,-0.6854822,2.4905367
E15_5-S1#ATCATATTGCAGGTCC-1,-0.2106769,-0.26065877,-0.5329426,0.6622175,0.44929042,0.38224703,-0.37986428,0.4313284,0.12195967,-0.66290045
E15_5-S1#ATCATATTGCCATTCT-1,-0.17469546,-0.62257135,-1.0889705,3.1196702,2.8338847,-0.7933113,-0.70431036,-0.746417,-0.69085723,-1.1324216
E15_5-S1#ATCATATTGCCGCAAC-1,1.4578743,-0.39183939,-0.6644959,-0.36124367,-0.9480439,-0.1571365,1.3858787,-1.328328,-0.36469,1.3720243
E15_5-S1#ATCATATTGCGTTGGA-1,0.66885275,-0.6626262,-1.0366528,-0.54682493,1.1596802,-0.19810385,-1.1656876,0.7588954,-0.9885132,2.0109801
E15_5-S1#ATCATATTGGCTGAGC-1,-0.56430846,-0.27831852,-0.3149748,-0.4118883,-0.08461984,0.31052926,-0.15641154,1.6859657,0.3889565,-0.57492983
E15_5-S1#ATCATATTGGTACTGC-1,0.37132937,-0.3447159,-0.43111238,1.086479,0.60835946,0.27987525,-0.45297217,-0.12674642,-0.3648005,-0.6256956
E15_5-S1#ATCATATTTAGAATTA-1,0.12120081,-0.2908172,-0.5556405,1.2527591,1.1144433,0.36291572,-0.44010743,-0.4131929,-0.3943192,-0.7572418
E15_5-S1#ATCATATTTAGAGTAA-1,-0.0699587,-0.329036,-0.42342013,0.87706864,0.058441687,0.26710257,-0.4358782,0.8049199,0.03301354,-0.7822534
E15_5-S1#ATCATATTTAGATCTA-1,0.111324206,-0.6577298,-0.45733345,0.29043606,-0.53013855,1.6210183,-0.4318965,0.720025,-0.5635032,-0.10220202
E15_5-S1#ATCATATTTCCGGCCT-1,-0.3209615,0.0154691,-0.22953022,0.20549512,-0.10932546,0.2948719,0.2892568,0.21007887,-0.046874568,-0.30848005
E15_5-S1#ATCATATTTCCTACCA-1,0.4508664,-0.73300445,-0.77151,0.39749867,1.1942319,-0.28471082,-0.7662239,0.3305362,-0.9367151,1.1190312
E15_5-S1#ATCATATTTCGGCCTT-1,0.38962406,-0.43529448,-0.6177327,1.0968302,0.38714305,0.56111187,-0.56347793,0.10022822,-0.12680778,-0.7916245
E15_5-S1#ATCATATTTCTGATAC-1,0.38072622,-0.6292472,0.05888229,-0.87418014,-0.45044333,0.6326848,2.0173445,-0.06837313,-0.55301356,-0.51438034
E15_5-S1#ATCATATTTGAGTCTG-1,1.037838,-0.7653232,-0.4941345,0.50077176,-0.20401646,1.2012405,0.010999647,-0.86504763,-0.58383775,0.16150975
E15_5-S1#ATCATATTTGCCGGCA-1,1.0970963,-0.7957452,-0.4808151,1.1526406,-1.4667752,0.6411428,1.0426266,0.09897858,-0.54135305,-0.7477965
E15_5-S1#ATCATATTTGCGGACC-1,0.31846404,-0.6936454,-0.28398758,0.062922925,-0.8213519,1.2233663,-0.057304386,0.29324415,-0.40826416,0.36655608
E15_5-S1#ATCATATTTGGTCAGC-1,-1.0639046,1.6850011,-0.34973478,-0.08284415,-0.3319733,0.24210218,-0.31999415,1.3530558,-0.4513924,-0.68031573
E15_5-S1#ATCATATTTTACCGAG-1,-0.5603042,-0.30410913,-0.5322362,0.98034453,-0.7268576,1.8509867,-0.57692623,1.2159172,-0.53754795,-0.8092669
E15_5-S1#ATCATATTTTATCCGG-1,0.09029417,-0.34974405,-0.17538376,0.07509746,-0.25310126,0.62783873,0.780452,0.11819092,-0.37168017,-0.541964
E15_5-S1#ATCATATTTTATTCAT-1,0.562709,-0.4373774,-0.5168732,0.7178543,-0.73275435,1.1940694,-0.057383925,0.14695822,-0.31828973,-0.5589122
E15_5-S1#ATCATATTTTGACTTC-1,-0.5776014,-0.88154626,-1.4054732,3.834081,3.7987046,-0.9586437,-0.833448,-0.8581253,-0.95852625,-1.1594216
E15_5-S1#CAACCGCTAAGAAGCT-1,0.29904395,-0.59966516,-0.08114079,0.60320866,0.44669566,0.58533967,-0.042732485,-1.1724286,-0.6522062,0.6138853
E15_5-S1#CAACCGCTACGGAGGC-1,-0.043141138,-0.3284737,-0.6381158,-0.030815069,-0.06368145,-0.27434814,-0.38548556,-0.075493634,-0.30517083,2.144725
E15_5-S1#CAACCGCTACTCAATA-1,-0.31058916,0.52944976,-0.3213275,0.22054619,0.20044643,-0.794408,0.24787068,1.7704946,-1.1000668,-0.44241622
E15_5-S1#CAACCGCTACTTAACC-1,-0.9819036,-0.6157323,-0.14837517,-0.93116724,-0.40265355,-0.9690538,-0.74437386,1.6896157,3.63772,-0.53407615
E15_5-S1#CAACCGCTAGAACGTC-1,0.32462108,-0.028054088,-1.0817987,-0.44453233,-0.018861271,1.4041151,-0.423029,1.8011489,-0.55575407,-0.9778556
E15_5-S1#CAACCGCTAGAGAAGG-1,0.6273011,-0.67394435,-0.3148068,1.4128345,0.4781572,0.44870177,-0.4831847,-1.1066055,-0.72336245,0.33490914
E15_5-S1#CAACCGCTAGAGCTAT-1,-0.24089141,-1.3261342,1.2382624,-1.3985363,0.039162405,-1.3282483,1.9311528,3.4532957,-1.7770414,-0.59102154
E15_5-S1#CAACCGCTCAACCGCT-1,-1.5182041,-0.7634822,0.9477904,-1.2730159,-0.21389991,-1.8366349,-0.58214855,2.080691,3.9176097,-0.7587054
E15_5-S1#CAACCGCTCATACTCC-1,-0.085148714,-0.24627265,-0.23228472,0.3654339,-0.031995147,0.52420646,0.057406638,0.15930635,-0.13412958,-0.37652248
E15_5-S1#CAACCGCTCCGAGAAT-1,-0.10303059,-0.43746018,0.6390601,1.2196119,-0.90170616,-0.6298645,0.62324053,-0.8448843,-0.61023337,1.0452666
E15_5-S1#CAACCGCTCGACGCGA-1,-0.14323385,-1.2524097,-0.852726,1.4430418,1.9007734,-1.4594471,-1.2211901,-0.31542465,-1.0767708,2.977387
E15_5-S1#CAACCGCTCTAAGAGA-1,-1.0281895,0.38413623,-1.0502052,0.3781718,-0.1519436,-0.1611628,-0.5263847,2.0468917,-0.30743346,0.41611937
E15_5-S1#CAACCGCTCTGATGGT-1,0.2489969,-0.70954555,1.0106199,1.3900502,-0.94405794,-0.8051243,0.4107752,-1.2589575,-0.7219999,1.3792433
E15_5-S1#CAACCGCTCTTGCGCC-1,0.40912202,-0.25781265,-1.2175454,-0.38655084,-0.5215013,2.4389858,-0.47632653,1.8258965,-0.46898714,-1.3452804
E15_5-S1#CAACCGCTGAAGATCG-1,1.2332848,-0.8127803,-1.086212,0.7502897,1.4375522,1.0209179,-0.85581666,-1.4436563,-0.8562674,0.6126881
E15_5-S1#CAACCGCTGACCTTGA-1,-0.6504981,-0.8194555,-0.56439406,-0.8241464,-0.5095574,-0.54623103,-1.0461081,1.8617277,3.7348855,-0.63622266
E15_5-S1#CAACCGCTGATACGGA-1,0.49895415,-0.82220596,-1.0740248,0.81612235,0.61066407,0.75875056,-0.5819839,-1.3650165,-0.6668385,1.8255783
E15_5-S1#CAACCGCTGATCTTAC-1,-0.85404694,-0.63298887,0.48445266,1.6223183,0.011201475,-0.9781193,-0.57045245,-0.3564971,-0.7990032,2.0731354
E15_5-S1#CAACCGCTGCAGGTCC-1,-1.0241884,1.899706,-1.6662351,-0.91638064,-1.0817429,1.4712763,-0.9270984,1.9470521,1.1831234,-0.88551235
E15_5-S1#CAACCGCTGCCATTCT-1,-0.08968784,0.31047887,-1.3002322,0.61762255,-0.15896979,0.23574422,-0.13981223,2.2181432,-0.91330266,-0.7799844
E15_5-S1#CAACCGCTGCCGCAAC-1,-0.7747705,-0.37290865,0.8919919,1.3176279,-0.8493617,-0.81327057,0.23341024,-0.3423712,-0.7369851,1.4466377
E15_5-S1#CAACCGCTGCGTTGGA-1,-1.1647664,-0.7399112,0.58212024,1.9155152,-0.42591384,-0.67935157,-0.72910976,0.1253936,-0.67459977,1.7906234
E15_5-S1#CAACCGCTGCTAACTT-1,-0.5500005,-0.5544434,-0.7450547,1.8612168,0.9550655,1.1930945,-0.6635274,-1.0445442,-0.7252507,0.27344435
E15_5-S1#CAACCGCTGGTACTGC-1,-1.122338,2.9771113,-0.48976517,0.2698658,-0.17849214,-0.72062653,-0.9170809,1.3487457,-0.48789728,-0.6795229
E15_5-S1#CAACCGCTTAGAATTA-1,-0.25298256,1.7398301,-1.6135799,-0.685796,-0.2330319,0.8382882,-0.6586144,1.9528685,-0.24134853,-0.8456335
E15_5-S1#CAACCGCTTAGAGTAA-1,-0.36696097,-0.76346016,-1.0782064,-0.45234504,-0.9437923,0.3242234,-1.084529,2.2706332,2.922355,-0.8279179
E15_5-S1#CAACCGCTTCCGGCCT-1,-0.17619842,-0.67307615,-0.5713409,1.6896832,0.9844416,1.4041026,-0.5814003,-1.392065,-0.8592902,0.17514344
E15_5-S1#CAACCGCTTCCTACCA-1,-1.0356531,0.3880094,0.14569342,0.4002913,0.035953995,-1.0047299,-0.014417734,0.7909317,-0.9051967,1.1991177
E15_5-S1#CAACCGCTTCGGCCTT-1,-0.61542916,0.47985393,-1.3284864,-0.7028874,-0.06808886,2.511018,-0.16273764,1.959259,-0.4709868,-1.6015143
E15_5-S1#CAACCGCTTCTGATAC-1,0.5309709,-0.9348325,-1.2441664,-0.8187294,0.5185055,2.1977577,-1.1606749,-0.0076997876,-0.22771946,1.1465881
E15_5-S1#CAACCGCTTGAGTCTG-1,-0.60168326,-0.75042737,0.573183,1.3205131,-0.002516739,-0.79980046,-0.70085776,-0.36282867,-0.7155634,2.0399816
E15_5-S1#CAACCGCTTGCGGACC-1,-0.921406,-0.5742318,0.5461627,1.5135546,0.052771192,-1.037245,-0.3297416,-0.5471026,-0.89846563,2.195704
E15_5-S1#CAACCGCTTTACCGAG-1,-0.09526303,-0.37392196,-0.27996728,1.2439821,0.23114267,0.55714655,-0.51429,-0.37643582,-0.558641,0.16624779
E15_5-S1#CAACCGCTTTATCCGG-1,0.89116627,-0.9386142,-0.8940022,0.7688009,0.35964394,1.1917223,-0.262979,-1.7702446,-0.78966355,1.4441704
E15_5-S1#CAACCGCTTTGACTTC-1,-0.136013,-1.0305985,2.0427434,-1.8483742,0.23804827,-1.4022311,1.6929207,3.1157694,-1.7260493,-0.9462156
E15_5-S1#CATACTCCAATTAAGA-1,-0.34426606,0.13041446,-0.3597445,0.3902108,0.3527134,0.3645787,0.3839099,-0.3445753,-0.43214533,-0.1410962
E15_5-S1#CATACTCCACCGCCAA-1,-0.84754896,-0.20499413,-0.34505916,-0.3350991,0.047052857,0.7098386,-0.3099761,1.6490127,0.16757666,-0.53080344
E15_5-S1#CATACTCCACGGAGGC-1,-0.18890792,-0.3648612,-1.002606,-0.36219144,-0.38808867,2.290255,-0.6178391,1.6914303,-0.22151536,-0.8356757
E15_5-S1#CATACTCCACTCAATA-1,3.2141964,-0.55913377,-0.8160808,1.6830797,-1.5371503,-1.1367941,1.7569308,-0.6447581,-0.32977027,-1.6305195
E15_5-S1#CATACTCCACTTAACC-1,-0.8098241,-0.45532298,0.033800796,-0.63527036,0.01800315,0.90108925,0.65378535,0.82349944,0.26423407,-0.7939944
E15_5-S1#CATACTCCAGAACGTC-1,2.5836182,-0.7896497,-0.9397637,2.2689486,-1.680125,-0.48979867,1.1651113,-0.1822636,-0.5497665,-1.3863105
E15_5-S1#CATACTCCAGAGCTAT-1,3.3592098,-0.83189636,-0.98918635,2.4703786,-0.8582674,-0.82177913,-0.3444729,-0.05289513,-0.52615106,-1.4049399
E15_5-S1#CATACTCCCAACCGCT-1,-0.83442026,-0.45410252,0.13723616,-0.87853,-0.2863033,0.81546545,0.9450597,0.9410723,0.32415694,-0.70963454
E15_5-S1#CATACTCCCCAGTTCC-1,-0.712558,-0.29475877,-0.32731593,-0.3011401,0.013821466,0.6613717,-0.40194565,1.6924033,0.17165148,-0.50152963
E15_5-S1#CATACTCCCCGAGAAT-1,0.72819453,-0.596388,0.39632204,1.3324592,-0.6170897,0.01190883,-0.05749872,-0.66793406,-0.6979833,0.1680092
E15_5-S1#CATACTCCCCGATTCC-1,-0.8805713,-0.14359385,-0.55242205,-0.5208389,-0.07280152,1.04715,-0.3137763,1.5071423,0.45413208,-0.52442044
E15_5-S1#CATACTCCCTAAGAGA-1,3.3718383,-0.8357686,-0.9962177,2.5191724,-1.2322997,-0.85895103,0.13050936,-0.19326591,-0.48846534,-1.4165521
E15_5-S1#CATACTCCCTGATGGT-1,1.2601987,-0.8682902,0.797363,1.202456,-0.6065369,-0.2981609,0.19544475,-1.0089397,-0.8675699,0.1940354
E15_5-S1#CATACTCCCTTGCGCC-1,2.3106341,-0.8436336,-0.47984555,1.8546636,-1.5939609,-0.510543,1.82736,-0.6669902,-0.70849454,-1.1891898
E15_5-S1#CATACTCCGACCTTGA-1,-0.18573011,-0.5324991,-0.7310081,0.09359074,0.32402852,1.3422415,-0.4806734,1.5744116,-0.36162302,-1.0427387
E15_5-S1#CATACTCCGATCTTAC-1,2.818927,-1.0567518,-0.39132264,2.3073237,-1.7572405,-0.7739272,1.6081051,-1.0769513,-0.87294817,-0.80521405
E15_5-S1#CATACTCCGCAGGTCC-1,-0.38143086,-0.37517214,-0.121621616,-0.9316977,-0.40155828,0.49235728,1.1831689,2.3590407,-0.87851477,-0.94457144
E15_5-S1#CATACTCCGCCATTCT-1,2.1685581,-0.6263497,-0.8570974,1.6702707,-0.5621137,-0.14468555,-0.24740699,0.113202885,-0.37319753,-1.141181
E15_5-S1#CATACTCCGCCGCAAC-1,3.4658525,-1.3307989,-0.0010145754,2.1520588,-1.9175228,-1.3238959,3.7797813,-1.6530795,-1.4194249,-1.7519557
E15_5-S1#CATACTCCGCGTTGGA-1,3.2702978,-0.9792662,-0.7688485,2.4638739,-1.3103427,-0.88323885,0.80854285,-0.79948604,-0.73228806,-1.0692438
E15_5-S1#CATACTCCGGCTGAGC-1,-0.8963029,-0.18707643,-0.43525067,-0.5616048,0.33408454,0.725942,-0.18584222,1.4799213,0.29900357,-0.5728743
E15_5-S1#CATACTCCGGTACTGC-1,3.2291465,-1.3613312,-0.6587911,2.511096,-1.9348096,-1.2902853,2.8444707,-0.8386198,-1.0777302,-1.4231462
E15_5-S1#CATACTCCTAGAATTA-1,1.3973749,-0.53094304,-0.6610831,1.4096467,0.21004765,0.22350457,-0.30508137,-0.23507981,-0.52549285,-0.9828937
E15_5-S1#CATACTCCTAGAGTAA-1,-0.10462129,-0.70738405,0.13588963,-1.3257173,-0.2558612,0.030762345,1.607014,2.46704,-0.7982219,-1.0489005
E15_5-S1#CATACTCCTAGATCTA-1,-0.6555557,3.35496,-0.7384769,0.12201949,-0.91363573,-0.7682642,-1.1663541,1.6670855,-0.17807297,-0.72370553
E15_5-S1#CATACTCCTCCTACCA-1,3.074057,-0.66430146,-0.6759718,1.5918385,-1.4458889,-1.0282491,1.8784418,-0.83306605,-0.44609258,-1.4507674
E15_5-S1#CATACTCCTCGGCCTT-1,0.34609252,-0.44331416,-0.9876183,0.5159334,-0.9942871,1.9239551,-0.23773688,1.1606061,-0.29457858,-0.98905206
E15_5-S1#CATACTCCTGAGTCTG-1,1.6002904,-1.0481058,-0.7938922,1.601874,-1.7318319,-0.5252035,2.2634563,0.5523499,-0.796247,-1.1226901
E15_5-S1#CATACTCCTGCGGACC-1,-0.2081256,-0.16098101,0.10398335,-0.2982038,-1.0232744,0.26545703,1.4929662,1.696377,-0.9272236,-0.940975
E15_5-S1#CATACTCCTTGACTTC-1,3.5036712,-0.90550923,-1.0194951,2.625688,-1.6647662,-0.8742555,0.6509267,-0.22186807,-0.53514165,-1.5592501
E15_5-S1#CCAGTTCCAAGAAGCT-1,0.33970204,-0.6097339,-0.9188763,1.2770989,1.3001664,0.92165536,-0.74539703,-1.0162966,-0.7398161,0.19149727
E15_5-S1#CCAGTTCCACGGAGGC-1,-0.8452167,-1.1167959,-0.85067105,0.6882682,1.3483784,-1.2022856,-1.3676772,1.2194115,-0.9749672,3.1015553
E15_5-S1#CCAGTTCCACTATGCA-1,-0.54712355,-0.20137714,-0.24084574,0.43193966,0.4392196,0.43821174,-0.36521235,0.1745883,-0.25617477,0.12677425
E15_5-S1#CCAGTTCCACTCAATA-1,-1.2195221,0.33060515,-0.16325787,-0.23649499,0.014677942,-0.3654303,0.16629769,2.035153,-0.86946905,0.30744064
E15_5-S1#CCAGTTCCAGAACGTC-1,-0.020647041,0.34547222,-1.4518439,-1.0372305,-0.6625662,2.2415602,-0.39427936,1.899827,0.25801718,-1.1783098
E15_5-S1#CCAGTTCCAGAGCTAT-1,0.060605194,-1.1259325,0.16416495,-0.71031135,0.12994203,-0.63332295,1.2629211,3.093974,-1.5332919,-0.70874894
E15_5-S1#CCAGTTCCATCATATT-1,-1.6053897,0.221121,-0.8901064,0.028650746,-0.07374357,1.1032608,-1.1148664,1.3319247,-0.22752848,1.2266775
E15_5-S1#CCAGTTCCCAACCGCT-1,-0.63488716,-0.8113902,-0.3323893,-0.880409,-0.447097,-0.7274803,-0.8001343,1.38623,3.861415,-0.61385757
E15_5-S1#CCAGTTCCCCGAGAAT-1,-0.99396753,-0.7480221,0.53202426,1.8620415,-0.0097307265,-0.9474871,-0.7768497,-0.42233422,-0.69253266,2.1968582
E15_5-S1#CCAGTTCCCGACGCGA-1,0.9988448,-1.0593098,-1.1334374,0.6246278,1.1582333,-0.3632486,-1.0626441,-0.9886021,-0.8243598,2.649896
E15_5-S1#CCAGTTCCCTAAGAGA-1,0.03072584,-0.985132,-0.13159636,0.19267102,0.0044306256,-0.7273739,-0.21523234,3.4403317,-1.1132696,-0.49555498
E15_5-S1#CCAGTTCCCTGATGGT-1,-0.59153813,-0.5900009,0.7374096,1.4807378,-0.81420434,-0.19411176,-0.36279467,-0.36537635,-0.5001015,1.1999805
E15_5-S1#CCAGTTCCCTTGCGCC-1,0.3908076,0.017867535,-1.3627236,-0.7736921,-0.1968954,1.7309754,-0.7370169,1.975934,-0.17234221,-0.8729144
E15_5-S1#CCAGTTCCGAAGATCG-1,-0.3522278,-0.3301143,-0.5202758,-0.5872998,1.002817,1.553035,0.89840096,-0.48433158,-0.55416965,-0.6258341
E15_5-S1#CCAGTTCCGACCTTGA-1,-0.61194444,-0.7251141,-0.38014808,-0.9194328,-0.5696572,-0.8303506,-0.79811174,1.5988984,3.8538325,-0.61797196
E15_5-S1#CCAGTTCCGATACGGA-1,-0.9275447,-0.50974846,0.390014,1.5572796,-0.48333806,0.94367224,0.20611301,-0.97705406,-0.6456525,0.44625878
E15_5-S1#CCAGTTCCGATCTTAC-1,-0.52272433,-0.45675188,0.39411083,1.166852,-0.1341792,0.277254,0.07284883,-1.0319053,-0.5916819,0.826177
E15_5-S1#CCAGTTCCGCAGGTCC-1,-0.6497475,-0.89152604,-1.1012229,0.4496719,-0.8817169,0.65612096,-1.3008444,2.1529348,2.6301525,-1.0638223
E15_5-S1#CCAGTTCCGCCATTCT-1,-1.3265944,2.2744071,-0.8319275,0.38514555,-0.25133243,-0.33477116,-0.9471454,1.6743068,-0.2793638,-0.36272466
E15_5-S1#CCAGTTCCGCCGCAAC-1,-0.27821368,-0.6363069,0.7105453,1.4104432,-0.34245807,-0.923693,-0.060204342,-0.9539169,-0.82215434,1.8959585
E15_5-S1#CCAGTTCCGCGTTGGA-1,-0.2315302,-0.7890606,0.3286725,0.9529626,-0.2999065,0.26782757,-0.8116302,0.6587283,-0.5832151,0.50715184
E15_5-S1#CCAGTTCCGGTACTGC-1,-1.0420557,3.5599682,-0.7887568,-0.025624758,-0.57106394,-0.5884886,-0.9860621,1.8426211,-0.44104385,-0.9594936
E15_5-S1#CCAGTTCCTAGAATTA-1,-0.11423922,0.0033694329,-0.6246162,0.5647467,1.0647172,0.45638087,-0.46504936,0.039230194,-0.35107118,-0.5734684
E15_5-S1#CCAGTTCCTAGAGTAA-1,-0.6698614,-0.8054971,-0.5915524,-0.85729945,-0.036077797,-0.4752723,-1.0961667,1.4011617,3.499453,-0.36888763
E15_5-S1#CCAGTTCCTAGATCTA-1,-0.35791,-0.63553524,-0.23767282,0.25726283,0.81968373,-0.21097994,-0.8879367,0.01237651,-0.6710074,1.9117192
E15_5-S1#CCAGTTCCTCCTACCA-1,-0.72793645,0.5599382,-0.008430243,0.22236216,-0.25179952,-0.84401673,0.19610173,1.3147856,-0.96633375,0.50532895
E15_5-S1#CCAGTTCCTCGGCCTT-1,-1.1314862,3.0468934,-1.3789973,-0.3277294,-1.0582234,-0.079783246,-1.1838868,2.0239058,0.9513461,-0.8620389
E15_5-S1#CCAGTTCCTGAGTCTG-1,-0.5288601,-0.5225565,0.69118637,1.5378605,-0.5868554,-0.20431054,-0.45408675,-0.59725213,-0.4674661,1.1323406
E15_5-S1#CCAGTTCCTGCGGACC-1,-0.6915591,-0.6412256,-0.5353575,1.1717595,0.21414274,-1.0442744,-0.7076283,0.5152536,-0.8126434,2.5315328
E15_5-S1#CCAGTTCCTTACCGAG-1,-0.24860647,-0.20585403,-0.34579924,0.4732911,0.33078465,0.7072114,-0.29543424,-0.22927588,-0.34026632,0.15394904
E15_5-S1#CCAGTTCCTTATCCGG-1,1.927809,-1.2551029,-1.2279723,-1.4105663,-0.6887018,0.7776189,-0.7933678,-1.0205939,1.1199925,2.570885
E15_5-S1#CCAGTTCCTTGACTTC-1,-0.02162989,-0.7661656,-0.98129296,0.8852936,-0.15442228,0.38485104,-0.610466,2.4240038,-0.65651405,-0.50365746
E15_5-S1#CCGAGAATAACCTGCG-1,-1.3735595,-0.59811354,-0.14810982,1.8042367,-0.543799,1.6983905,-0.7357032,1.1530912,-0.6249726,-0.63146037
E15_5-S1#CCGAGAATAATTAAGA-1,-0.6486892,-0.6803364,1.0319468,1.6865852,-0.9972186,-0.26329952,-0.34363663,-0.81402874,-0.53881216,1.5674893
E15_5-S1#CCGAGAATACCGCCAA-1,-0.48022968,-0.64243275,0.21906722,-0.29855043,-0.39143908,0.3243287,-0.5704615,2.2308435,0.12392085,-0.51504695
E15_5-S1#CCGAGAATACGGAGGC-1,-0.63711596,-0.5768019,0.16696241,1.6830791,-0.5056934,-0.17250854,-0.36030394,-0.54103076,-0.48182756,1.4252405
E15_5-S1#CCGAGAATACTATGCA-1,-1.5449237,-0.3756658,0.69758976,1.8608187,-1.2962666,0.14271182,-0.4750993,0.31977633,-0.24285048,0.9139092
E15_5-S1#CCGAGAATACTCAATA-1,-0.7680446,-0.24110977,0.4230721,1.761748,1.2959834,-0.80103517,0.04996595,-1.3803737,-1.1286184,0.7884123
E15_5-S1#CCGAGAATACTTAACC-1,-1.12025,-1.0009834,2.1172676,-1.0335093,-0.36627576,-0.38226512,-0.48807737,2.79678,0.006530352,-0.5292171
E15_5-S1#CCGAGAATAGAACGTC-1,-1.218161,-0.023679756,-0.47097534,1.7128426,0.036760934,0.35870832,-0.2829036,0.064239666,-0.15748055,-0.019351304
E15_5-S1#CCGAGAATAGAGAAGG-1,0.23601653,-0.73908424,-0.9836012,1.9282446,1.282363,0.6041599,-0.737971,-1.1860682,-0.83928996,0.43523073
E15_5-S1#CCGAGAATAGAGCTAT-1,-0.2122041,-0.55858266,-0.41154513,1.8834126,1.0840793,-0.41640916,-0.36307845,-0.72658145,-0.7440889,0.4649979
E15_5-S1#CCGAGAATATAAGGAG-1,0.01205267,-0.6113777,-0.23675275,0.28309813,-0.4747311,-0.66040915,-0.5006562,3.5945385,-0.678874,-0.7268881
E15_5-S1#CCGAGAATATCATATT-1,-1.2359827,-0.3539627,0.18682481,1.8325108,-0.5531763,0.023307335,-0.6180484,0.28558338,-0.37195963,0.8049034
E15_5-S1#CCGAGAATCAACCGCT-1,-0.34211135,-0.6456893,-0.09623507,-0.59491783,-0.33244395,0.32973373,-0.24712534,2.2169266,0.3739574,-0.6620947
E15_5-S1#CCGAGAATCATACTCC-1,-0.44736218,-0.47974303,-0.19005847,1.8529391,0.6510078,0.8690599,-0.52069944,-0.652294,-0.6844543,-0.39839536
E15_5-S1#CCGAGAATCCAGTTCC-1,-0.93072015,-0.9165411,1.8934175,-0.98786145,-0.20796278,0.032512672,-0.7079073,2.4478877,0.05358098,-0.6764059
E15_5-S1#CCGAGAATCCGAGAAT-1,-1.3733648,1.8294067,2.1465666,-0.808477,0.11930342,-1.9846879,1.1837556,1.5267426,-1.44833,-1.1909149
E15_5-S1#CCGAGAATCCGATTCC-1,0.016925745,-0.92782915,-0.0051801,-1.0300726,-0.6127427,-0.08604632,0.98292494,2.7668753,-0.456303,-0.64855194
E15_5-S1#CCGAGAATCGAACGCC-1,0.16740769,-0.67786574,-0.685036,0.30787635,-0.6061681,-0.094921365,-0.1999494,3.262316,-0.531295,-0.9423645
E15_5-S1#CCGAGAATCGACGCGA-1,-1.1338995,-0.45609343,0.6042681,1.5749414,-0.2790119,0.3047817,-0.47538742,-0.53268766,-0.52272105,0.91580987
E15_5-S1#CCGAGAATCTAAGAGA-1,-0.6497765,-0.46908954,0.054813027,1.8627837,0.7957645,-0.07871329,-0.2103334,-0.91141707,-0.79935044,0.4053191
E15_5-S1#CCGAGAATCTGATGGT-1,-1.2231994,-0.44182947,1.0624803,1.8930578,0.7573437,-0.5787579,-0.030352086,-1.3471377,-0.9654261,0.8738205
E15_5-S1#CCGAGAATCTTGCGCC-1,-0.8445462,-0.42821535,0.6028126,1.9444565,0.20552038,0.03374913,-0.29461694,-0.546441,-0.46554446,-0.2071746
E15_5-S1#CCGAGAATGACCTTGA-1,-0.006729453,-1.2432082,-0.68272465,0.7620701,-0.9668463,0.29216436,0.26976353,3.0372171,-0.80998886,-0.6517178
E15_5-S1#CCGAGAATGATACGGA-1,-1.0700992,-0.45795694,0.6706423,2.024485,-0.75530684,-0.091914415,-0.17047682,-0.771115,-0.38691488,1.0086567
E15_5-S1#CCGAGAATGATCTTAC-1,-1.1695877,-0.4060126,0.7018246,2.4669988,1.1978673,-0.7631641,-0.18796049,-1.296988,-1.1652853,0.62230766
E15_5-S1#CCGAGAATGCAGGTCC-1,-0.9173427,-0.36455458,-0.22902863,0.41161758,0.8133656,1.2920067,-0.6332803,0.86398125,-0.36210966,-0.8746551
E15_5-S1#CCGAGAATGCCATTCT-1,-1.2579012,0.09319547,0.52699614,1.7182705,1.1141297,-0.59956515,0.012505449,-0.9960652,-0.817845,0.2062791
E15_5-S1#CCGAGAATGCCGCAAC-1,-1.2164215,0.0004417114,2.0722327,1.2475653,0.2626989,-0.95593596,-0.65792227,-0.5556348,-0.6399156,0.44289157
E15_5-S1#CCGAGAATGCGTTGGA-1,-1.2432303,-0.37161824,0.87763214,2.355778,1.1994883,-0.507475,-0.38564488,-1.0971191,-0.8627991,0.03498858
E15_5-S1#CCGAGAATGCTAACTT-1,-0.7175514,-0.5496051,-0.42258185,2.0340183,0.048891693,1.3031824,-0.5738823,-0.019848965,-0.52741605,-0.57520676
E15_5-S1#CCGAGAATGGCTGAGC-1,-0.53309715,-0.47701105,-0.14075837,-0.9179311,-0.36552212,0.066344425,0.5393089,2.6229393,0.012731299,-0.80700415
E15_5-S1#CCGAGAATGGTACTGC-1,-1.1151983,-0.09853105,0.297434,2.0948222,0.6026506,-0.14191648,-0.2842784,-0.32001784,-0.45409456,-0.58087033
E15_5-S1#CCGAGAATGGTATGCT-1,-0.83239084,-0.54736114,-0.22846389,2.4665914,0.16754559,1.140718,-0.5370872,-0.77896744,-0.74978906,-0.100795
E15_5-S1#CCGAGAATTAGAATTA-1,-0.9569825,-0.10566445,0.43669096,1.8083105,1.0681391,-0.31421524,-0.04691125,-0.95914096,-0.9134163,-0.01681
E15_5-S1#CCGAGAATTAGAGTAA-1,-0.58281976,-0.91670877,1.1718377,-0.0018939977,-0.38917467,0.14695142,0.27295,2.1309037,-0.78517526,-1.0468704
E15_5-S1#CCGAGAATTAGATCTA-1,-0.7540281,-0.37266898,0.67945933,1.5415882,-0.50031626,0.105224304,-0.3234411,-0.5609075,-0.5022499,0.6873398
E15_5-S1#CCGAGAATTCCGGCCT-1,0.2105376,-0.637451,-0.61451304,-0.1828566,1.4329858,0.080869764,-0.7520413,-0.7440829,-0.6218858,1.8284376
E15_5-S1#CCGAGAATTCCTACCA-1,-1.6421807,-0.3161923,1.2252378,2.1238842,1.6971012,-0.8789734,-0.0013899878,-1.5369457,-1.2363914,0.56584996
E15_5-S1#CCGAGAATTCGGCCTT-1,-0.63745946,-0.41591933,-0.051564362,1.3516477,0.47035038,0.87560225,-0.47269416,0.13688968,-0.51967245,-0.7371802
E15_5-S1#CCGAGAATTCTGATAC-1,-0.5721413,-0.9447345,-0.40379518,1.4342486,0.89134043,-0.9038118,-1.0046293,0.07215266,-0.7990193,2.2303896
E15_5-S1#CCGAGAATTGAGTCTG-1,-0.40653118,-0.6302985,0.9873407,1.8138266,-0.67893064,-0.48016855,-0.1470958,-0.8550548,-0.63217163,1.0290838
E15_5-S1#CCGAGAATTGCCGGCA-1,-0.308908,-0.61619204,0.62905174,1.6488662,-0.68453777,-0.2361588,-0.58064157,-0.620392,-0.54092336,1.3098356
E15_5-S1#CCGAGAATTGCGGACC-1,-0.08040879,-0.6879867,0.9805608,1.834034,-0.2970038,-0.9315301,0.041868433,-1.2643535,-0.83945715,1.244277
E15_5-S1#CCGAGAATTGGTCAGC-1,-1.1927238,-0.51971596,0.29486942,2.0831277,-0.3503517,-0.5745636,-0.54744285,-0.49727422,-0.5183932,1.8224683
E15_5-S1#CCGAGAATTTACCGAG-1,-1.0592093,-0.43699825,0.53002036,1.6978418,-0.78016394,0.27880704,-0.3214184,-0.4748485,-0.42329144,0.9892608
E15_5-S1#CCGAGAATTTATCCGG-1,-0.23663658,-0.46087924,-0.26666355,1.8954569,-0.9668153,0.27900288,0.045541257,-1.0874329,-0.44493565,1.2433622
E15_5-S1#CCGAGAATTTATTCAT-1,-0.05573876,-0.72344494,0.70401436,1.7456889,-1.2761388,-0.3911503,0.49031413,-1.1945987,-0.65008175,1.3511355
E15_5-S1#CCGAGAATTTGACTTC-1,-0.15363796,-0.41843688,0.36033845,1.6882058,-0.033000167,-0.5019163,-0.09517602,-0.8148931,-0.71788895,0.68640506
E15_5-S1#CCGATTCCAATTAAGA-1,-0.53191084,-0.08419126,-0.7177389,0.29276544,-0.3007841,-0.36447215,-1.0135334,0.8485187,-0.3684067,2.239753
E15_5-S1#CCGATTCCACGGAGGC-1,0.72786105,-0.6791162,-0.1501759,1.1783383,-0.74866253,-0.0051463805,-0.46465355,-0.87317675,-0.5803703,1.5951021
E15_5-S1#CCGATTCCACTATGCA-1,-0.416575,-0.5506762,-0.6483321,0.35457504,-0.89006466,1.5237381,-1.1033163,1.3530542,-0.06333897,0.4409359
E15_5-S1#CCGATTCCACTCAATA-1,0.52023625,-0.9580156,0.48046446,-0.6241159,0.4565224,-1.1758239,1.4976767,2.5532036,-1.8623213,-0.8878268
E15_5-S1#CCGATTCCAGAACGTC-1,-1.1894046,3.0440917,-1.2994874,-0.6137458,-1.0084454,-0.15487228,-0.8018137,2.1075437,0.81029224,-0.89415836
E15_5-S1#CCGATTCCAGAGCTAT-1,0.424886,-0.5787384,-0.5749792,1.0005733,-0.07991948,0.46629572,-1.1509755,1.9414663,-0.5682014,-0.8804075
E15_5-S1#CCGATTCCATCATATT-1,-0.6786784,-0.6421108,-0.5413828,0.033005897,-0.14738475,1.019666,-1.1335222,0.7608642,-0.48493883,1.8144819
E15_5-S1#CCGATTCCCCGAGAAT-1,-0.8041611,-0.71362185,0.010215271,1.9553014,-0.60471946,-0.8310246,-0.5761043,-0.31740385,-0.5751272,2.4566457
E15_5-S1#CCGATTCCCGACGCGA-1,-0.162786,-0.38759983,-0.2361043,0.39016593,-0.56116045,1.1812633,-0.2947873,0.1821729,-0.20664287,0.095478565
E15_5-S1#CCGATTCCCTAAGAGA-1,-0.36514643,-0.8702322,0.980787,-0.5130402,-0.045551367,-1.3151859,1.5853385,2.4704902,-1.2314032,-0.69605625
E15_5-S1#CCGATTCCCTGATGGT-1,-0.6751036,-0.76682603,0.8514242,1.9667706,-0.52656484,-0.66875243,-0.61118954,-0.72424614,-0.74865973,1.9031476
E15_5-S1#CCGATTCCCTTGCGCC-1,-0.12898481,0.14574118,-1.0873563,0.09748799,-0.72013783,1.9323817,0.10888008,1.2190446,-0.37780592,-1.1892506
E15_5-S1#CCGATTCCGACCTTGA-1,-1.2801979,-0.99758327,1.4842114,-1.3852044,-0.95265007,-0.8273113,1.0277064,2.2653975,1.5385212,-0.87288976
E15_5-S1#CCGATTCCGATCTTAC-1,-0.32372147,-0.69987,1.1572263,1.7208439,-0.91015774,-0.22219416,-0.16575375,-1.1262206,-0.62334675,1.1931942
E15_5-S1#CCGATTCCGCAGGTCC-1,-0.6297574,-0.83068514,-0.65497875,-0.45859152,-0.7008656,-0.45637766,-1.08347,2.2811499,3.4073784,-0.8738022
E15_5-S1#CCGATTCCGCCATTCT-1,-0.9862331,3.1571891,-0.9402032,-0.08794448,-0.36441746,-0.34448585,-1.2656457,1.7566987,-0.24717477,-0.67778337
E15_5-S1#CCGATTCCGCCGCAAC-1,-0.8002592,-0.60692316,0.90156275,1.7654136,-0.66729933,-0.9561335,-0.24876754,-0.36868137,-0.85649294,1.8375809
E15_5-S1#CCGATTCCGCGTTGGA-1,0.0120145045,-0.79701585,0.3987656,0.77143145,-0.9515342,1.0087374,-0.06338605,-0.01992962,-0.5926362,0.23355302
E15_5-S1#CCGATTCCGGTACTGC-1,-1.1913339,3.349861,-0.5087292,0.47199637,-0.66967964,-0.50274014,-1.0838685,1.1334935,-0.24351588,-0.75548357
E15_5-S1#CCGATTCCTAGAATTA-1,-1.0769814,3.5317223,-0.38932228,0.117336854,-0.5559818,-0.81592035,-0.95884645,1.2053561,-0.41623154,-0.64113116
E15_5-S1#CCGATTCCTAGAGTAA-1,-0.6933892,-1.165466,2.539729,-1.0757222,-0.24162124,-0.85879385,-0.7803391,3.2414193,-0.106666416,-0.8591503
E15_5-S1#CCGATTCCTAGATCTA-1,-0.8797296,-0.7482242,-0.9906955,0.66894895,0.4628922,-1.0084008,-1.5616531,1.5630342,-0.70306647,3.1968942
E15_5-S1#CCGATTCCTCCTACCA-1,-0.5718649,0.24331656,0.1746254,-0.43433994,-0.06510292,-0.7544116,1.2292538,1.9972557,-1.2665242,-0.5522078
E15_5-S1#CCGATTCCTCGGCCTT-1,-0.60431594,-0.69176793,-0.5069186,-0.96960205,-0.57544434,-0.8174319,-0.88744056,1.5937775,4.02715,-0.5680063
E15_5-S1#CCGATTCCTGAGTCTG-1,0.110746205,-0.66485834,0.5100701,1.6649367,-0.9450966,-0.51905304,-0.26150522,-0.73856187,-0.58259505,1.425917
E15_5-S1#CCGATTCCTGCGGACC-1,-0.09579683,-0.545928,0.6749663,1.2164644,-0.39785185,-1.2244245,0.2455613,-0.7874984,-0.99740565,1.911913
E15_5-S1#CCGATTCCTGGTCAGC-1,-0.6186336,-0.35305133,-0.38187397,-0.5455853,-0.58667076,1.1196342,-0.24572676,0.45780963,-0.12752502,1.281623
E15_5-S1#CCGATTCCTTGACTTC-1,0.15151921,0.7892537,-1.5152117,0.39306664,-0.7735201,0.8128566,-0.60091794,2.15161,-0.18667339,-1.2219831
E15_5-S1#CGAACGCCAATTAAGA-1,-0.77395463,-0.67705506,-0.95347065,0.48382202,0.26614252,-0.7198554,-1.5890646,1.3483409,-0.31836557,2.9334607
E15_5-S1#CGAACGCCACGGAGGC-1,0.75174767,-0.7266693,-0.15426007,1.4154733,-0.6854071,-0.3243777,-0.38721547,-1.0329964,-0.6387439,1.782449
E15_5-S1#CGAACGCCACTCAATA-1,-0.17586577,-0.0030340683,0.19681898,-0.73501533,0.16869414,-1.0115126,1.6274086,2.103242,-1.2065178,-0.9642182
E15_5-S1#CGAACGCCAGAACGTC-1,0.6716624,-1.102402,-0.9978386,-0.59824055,-0.11497222,0.39321634,-0.75347936,2.1377182,-0.3249905,0.6893264
E15_5-S1#CGAACGCCAGAGCTAT-1,-0.18714228,-0.5198702,-1.2505088,0.6035279,-0.7706775,1.3759025,-0.78253776,2.270697,0.34443358,-1.0838249
E15_5-S1#CGAACGCCCCGAGAAT-1,-0.284812,-0.66176736,0.68770176,1.4497557,-1.2000861,-0.14013593,-0.04133826,-0.45452672,-0.441004,1.0862131
E15_5-S1#CGAACGCCCTAAGAGA-1,0.010225376,-0.924293,-0.97837657,0.9943248,-0.63128173,0.6855071,-0.6297918,2.6779823,-0.63942033,-0.56487614
E15_5-S1#CGAACGCCCTGATGGT-1,-0.27475828,-0.60608435,0.78522974,1.315113,-0.9952409,0.18257536,0.52457184,-0.8266307,-0.56569016,0.4609146
E15_5-S1#CGAACGCCCTTGCGCC-1,0.5530816,-0.5543607,-0.35029736,0.48185545,-0.560109,0.7111191,-0.6643814,1.5437686,-0.45098528,-0.709691
E15_5-S1#CGAACGCCGATCTTAC-1,-0.77722985,-0.71363556,-0.4288246,0.2166948,-1.0487401,1.3797231,-0.58718044,1.2953758,0.25695917,0.40685776
E15_5-S1#CGAACGCCGCAGGTCC-1,-0.015687095,-0.9227006,-0.9215039,0.06455158,-0.38855287,0.9524809,-0.70524347,2.1276636,0.24514599,-0.436154
E15_5-S1#CGAACGCCGCCATTCT-1,-1.0612265,4.2376738,-0.5562577,-0.5442441,-0.65980417,-1.1951276,-1.2558271,2.2964244,-0.42903984,-0.83257097
E15_5-S1#CGAACGCCGCCGCAAC-1,-0.73039716,-0.7212278,1.0366168,1.820519,-0.82333654,-0.8081167,-0.2254681,-0.6773965,-0.6873673,1.8161745
E15_5-S1#CGAACGCCGCGTTGGA-1,-0.0011589527,-0.7452201,0.041594267,0.602409,-1.0227612,1.0115435,-0.5274437,1.6196518,-0.61184484,-0.36676973
E15_5-S1#CGAACGCCGGTACTGC-1,-0.9858812,2.7952173,-1.0658662,-0.2078565,-0.48885703,-0.71503603,-0.81299615,2.38782,-0.21389422,-0.69264984
E15_5-S1#CGAACGCCTAGAATTA-1,-1.0613984,4.2365766,-0.71805066,-0.020720817,-0.73892957,-1.1016729,-1.4204012,1.9865887,-0.3239013,-0.8380902
E15_5-S1#CGAACGCCTAGAGTAA-1,-0.602708,-0.58588946,-0.8109036,-0.8861089,-0.9233768,0.7685131,0.5410069,1.54556,1.9666452,-1.0127383
E15_5-S1#CGAACGCCTAGATCTA-1,0.28359282,-0.78711617,-0.55096424,0.6560206,-0.08975846,-0.33730766,-0.8488274,-0.058767587,-0.49728528,2.2304134
E15_5-S1#CGAACGCCTCCTACCA-1,-1.2285568,0.3213332,0.9972412,-1.7965137,0.5059778,-1.3058708,1.6597977,2.829474,-1.468436,-0.514447
E15_5-S1#CGAACGCCTCGGCCTT-1,0.4941601,-1.061135,-0.8173025,0.1283475,-0.6120081,0.11576467,-0.58874315,2.3653305,-0.092226245,0.06781258
E15_5-S1#CGAACGCCTGAGTCTG-1,0.00088596344,-0.6296923,0.5276715,0.9346508,-0.7378352,-0.28912,-0.6117818,-0.2403923,-0.41515073,1.4607642
E15_5-S1#CGAACGCCTGCCGGCA-1,0.6453672,-0.6209472,0.22995707,0.12006892,-0.68042725,0.003466908,0.882181,-0.57210296,-0.4506647,0.44310096
E15_5-S1#CGAACGCCTGCGGACC-1,0.16811754,-0.7349032,0.12983139,1.1897529,-0.09434956,-1.0740337,-0.16624455,-0.76849335,-0.88436955,2.2346923
E15_5-S1#CGAACGCCTTATTCAT-1,-0.59918845,-0.9907356,-0.88698816,0.7192304,0.18132862,-0.60562676,-1.4131212,1.2339996,-0.5042713,2.8653731
E15_5-S1#CGAACGCCTTGACTTC-1,0.0020324811,0.6751499,-1.8094229,-1.1825597,-0.52547795,1.7494128,-0.11538275,2.1186202,0.1600512,-1.0724232
E15_5-S1#CGACGCGAAATTAAGA-1,1.9468623,-0.99140054,-0.5509372,-1.0591416,1.9330109,-0.71759033,-0.752391,-0.7502552,-0.7622324,1.7040752
E15_5-S1#CGACGCGAACCGCCAA-1,-1.40308,-1.0381532,-0.40573576,-0.23127998,0.24274474,0.46355918,-1.0848228,2.2588453,0.08512501,1.1127974
E15_5-S1#CGACGCGAACGGAGGC-1,1.5991855,-0.88195515,-0.53319573,-0.6611201,1.3219949,-0.48825076,-0.5511373,-0.5492371,-0.74990606,1.4936218
E15_5-S1#CGACGCGAACTATGCA-1,-0.4958113,-0.46500978,-0.6249596,0.7841533,0.19060737,2.0722942,-0.45498094,0.73882866,-0.67805016,-1.0670718
E15_5-S1#CGACGCGAACTCAATA-1,-0.20896281,-0.43015194,-0.83955026,2.663634,3.1831846,-0.75509846,-0.48418754,-1.1632812,-0.831797,-1.1337894
E15_5-S1#CGACGCGAACTTAACC-1,0.7817366,-0.6190205,-0.6946155,1.1000298,-1.2490213,0.649971,0.729875,0.07097414,0.09177016,-0.86169946
E15_5-S1#CGACGCGAAGAACGTC-1,-0.41192982,-0.6520431,-1.0473921,3.286709,3.3990197,-0.7747741,-0.6528506,-1.0668334,-0.87231356,-1.2075925
E15_5-S1#CGACGCGAAGAGCTAT-1,-0.4138605,-0.6057285,-0.97399884,3.070182,3.339221,-0.72782314,-0.5675795,-1.1655865,-0.8836589,-1.0711673
E15_5-S1#CGACGCGAATAAGGAG-1,-0.1300256,-0.28850543,-0.2936478,-0.18313773,-0.3297279,0.40866336,-0.011917185,1.1162899,0.17887865,-0.46687025
E15_5-S1#CGACGCGAATCATATT-1,0.20595945,-0.38624272,-0.47275552,1.483151,-0.31656396,0.77686167,-0.7343719,0.59034234,-0.46383795,-0.6825424
E15_5-S1#CGACGCGACAACCGCT-1,1.9190999,-0.68187463,-0.98215896,1.570032,-1.4937831,-0.06434417,1.1290983,0.023386724,-0.15984797,-1.2596079
E15_5-S1#CGACGCGACCAGTTCC-1,-1.1396492,-0.55440223,-0.63584065,1.0884552,-0.8823888,2.279422,-0.7781138,1.7010481,-0.018285446,-1.0602453
E15_5-S1#CGACGCGACCGAGAAT-1,0.46417105,-0.46322814,0.3229443,0.95544064,-0.63809556,0.0189379,0.07665748,-0.566829,-0.4626297,0.29263103
E15_5-S1#CGACGCGACCGATTCC-1,-1.0114784,-0.71434265,-0.5760911,0.6535384,-0.7161969,1.1705271,-0.6927281,2.2771842,0.37510136,-0.7655141
E15_5-S1#CGACGCGACGAACGCC-1,-0.92890996,1.8456899,-0.63830495,0.3744576,-0.11213787,-0.056032263,-1.0462967,1.3261324,0.0753458,-0.8399441
E15_5-S1#CGACGCGACGACGCGA-1,-1.7075438,2.0479283,0.32566825,0.8954269,1.7598116,-1.8503163,-0.31425884,0.9788129,-0.8349067,-1.3006222
E15_5-S1#CGACGCGACTAAGAGA-1,-0.22486337,-0.56812775,-0.9143737,2.8284833,3.095056,-0.77533686,-0.52213025,-0.93508613,-0.81780165,-1.1658198
E15_5-S1#CGACGCGACTGATGGT-1,1.0684075,-0.8457005,0.07937432,0.30204853,0.4954566,-0.22937214,-0.27950802,-0.9762639,-0.90036774,1.2859253
E15_5-S1#CGACGCGACTTGCGCC-1,-0.59869766,-0.5925627,-1.1961199,3.5246224,3.31632,-0.70821637,-0.6734895,-1.0360849,-0.79722375,-1.2385474
E15_5-S1#CGACGCGAGACCTTGA-1,2.0711234,-0.5497685,-1.2486315,2.0953755,1.563048,-0.4972253,-0.50828314,-0.98075753,-0.6773945,-1.2674866
E15_5-S1#CGACGCGAGATACGGA-1,-0.24164003,-0.55125207,-0.12055134,0.4129633,-0.47199735,1.4165983,0.5921878,0.71968454,-0.7151807,-1.0408125
E15_5-S1#CGACGCGAGATCTTAC-1,-0.02002714,-0.8457912,-0.17276745,0.5582995,-0.46533543,1.8507764,-0.17715737,-0.5589145,-0.84283954,0.6737567
E15_5-S1#CGACGCGAGCAGGTCC-1,-0.59632814,-0.7018048,-1.1044495,3.086923,3.494524,-0.69378614,-0.5370176,-0.8817207,-0.6962317,-1.3701082
E15_5-S1#CGACGCGAGCCATTCT-1,-0.54074216,-0.4704251,-0.94883835,3.056395,3.3283634,-0.6990515,-0.46517888,-1.1876897,-0.9420032,-1.1308297
E15_5-S1#CGACGCGAGCCGCAAC-1,-1.1946886,0.8114776,0.5708076,1.3474505,1.0690625,-1.2468199,-0.50655925,0.9726799,-0.731038,-1.0923722
E15_5-S1#CGACGCGAGCGTTGGA-1,0.83203375,-1.2517675,-1.0829709,1.0755717,2.1949944,-0.86645675,-1.1718111,0.026658073,-0.69616556,0.93991363
E15_5-S1#CGACGCGAGGCTGAGC-1,-0.6488877,-0.11514849,-0.4843609,-0.29174256,-0.2222368,1.1664914,0.02850993,1.0315711,0.26349252,-0.7276887
E15_5-S1#CGACGCGAGGTACTGC-1,-0.3396823,-0.6029925,-1.118949,3.2360935,2.9940858,-0.6531157,-0.59802353,-0.9661626,-0.7748937,-1.17636
E15_5-S1#CGACGCGATAGAATTA-1,-0.71797734,-0.6112768,-1.0931132,3.4792614,3.5137625,-0.65952414,-0.59239656,-1.1665158,-0.9636878,-1.1885321
E15_5-S1#CGACGCGATAGAGTAA-1,-0.4603735,-0.7266281,-1.0699393,3.0937006,3.409283,-0.792354,-0.5977913,-0.7822474,-0.7547006,-1.3189492
E15_5-S1#CGACGCGATAGATCTA-1,1.5594376,-0.9190502,-0.4370733,-0.94856316,1.5503596,-0.5038932,-0.55225194,-0.52494925,-0.77051336,1.5464972
E15_5-S1#CGACGCGATCCTACCA-1,0.391194,-0.14896533,-0.45245507,1.0120443,2.417665,-0.9604609,-0.09410107,-0.76456165,-0.8073772,-0.59298205
E15_5-S1#CGACGCGATCGGCCTT-1,-0.70699704,-0.6677798,-1.0823509,3.360056,3.6040533,-0.79142857,-0.606768,-0.9290056,-0.8814417,-1.2983376
E15_5-S1#CGACGCGATCTGATAC-1,-0.87852407,2.9147174,-0.7351151,0.7954047,-0.72055024,-0.24857531,-1.1923972,1.1930877,-0.12365079,-1.004397
E15_5-S1#CGACGCGATGAGTCTG-1,0.5292261,-0.4957188,0.67816055,0.8122754,-0.6774392,-0.059043497,0.2743204,-0.39145842,-0.45518893,-0.21513359
E15_5-S1#CGACGCGATGCCGGCA-1,0.52584875,-0.51724344,-0.39672074,1.0847472,0.29421297,0.90186024,-0.27392513,-0.4207021,-0.5959284,-0.60214937
E15_5-S1#CGACGCGATGCGGACC-1,3.0128195,-1.2539179,-0.57245505,-2.2065275,3.002581,-1.2207508,-1.0140138,-1.5347263,-1.0484765,2.835467
E15_5-S1#CGACGCGATGGTCAGC-1,-0.30475515,-0.7321818,0.02638606,0.6975575,-0.33310047,2.0241175,0.6034619,-0.2915305,-0.8445329,-0.8454224
E15_5-S1#CGACGCGATTACCGAG-1,0.06163036,-0.36423862,-0.4031932,1.3422031,-0.19035117,0.7406237,-0.6128714,0.3650365,-0.35808235,-0.58075684
E15_5-S1#CGACGCGATTATCCGG-1,-0.4359524,-0.3321108,-0.3719036,1.2995429,0.22310987,1.0541923,-0.5245774,0.23274563,-0.45398447,-0.6910621
E15_5-S1#CGACGCGATTATTCAT-1,1.875495,-1.144031,-0.66777843,-0.9801662,2.1451416,-0.7700326,-0.9032151,-0.5937107,-0.8403253,1.8786229
E15_5-S1#CGACGCGATTGACTTC-1,-0.6040238,-0.52309895,-1.0009981,3.152582,3.2863255,-0.6449098,-0.518714,-1.0834925,-0.8815601,-1.1821096
E15_5-S1#CTAAGAGAAACCTGCG-1,-0.6202276,-0.5436497,0.25817835,2.2427747,-1.0861032,0.98612016,-0.3163085,-0.6335707,-0.55189335,0.26467958
E15_5-S1#CTAAGAGAAATTAAGA-1,0.42682365,-0.5407732,0.07804397,-0.2300549,-0.6652505,0.27413878,1.2707394,-0.040516637,-0.25758576,-0.31556472
E15_5-S1#CTAAGAGAACCGCCAA-1,-0.36618447,-0.4573461,-0.39474735,-0.91721916,-0.74230427,1.1121776,1.1415586,1.115889,0.17821127,-0.67003495
E15_5-S1#CTAAGAGAACGGAGGC-1,0.2770912,-0.5883474,-0.0038938522,1.4548125,-0.9114966,0.70590645,-0.13518523,-0.6043264,-0.6419819,0.44742113
E15_5-S1#CTAAGAGAACTATGCA-1,-0.69610065,-0.6174106,0.59578425,2.1428869,-1.3872125,-0.02269838,-0.56493765,-0.33753744,-0.319883,1.2071092
E15_5-S1#CTAAGAGAACTCAATA-1,-0.7706172,-0.28567493,0.36776975,1.5473316,-0.17632815,-0.16453281,0.17634015,-0.8558732,-0.605254,0.7668388
E15_5-S1#CTAAGAGAACTTAACC-1,0.16817604,-0.8112196,-0.050064005,0.115595065,-0.68400884,-0.5027394,-0.11088218,3.340512,-0.7889782,-0.676391
E15_5-S1#CTAAGAGAAGAACGTC-1,0.5265646,-0.5315019,-0.43190423,-0.0052556507,-0.32902133,1.0053366,0.8567807,-0.04039518,-0.35656413,-0.6940393
E15_5-S1#CTAAGAGAAGAGCTAT-1,0.3526384,-0.51115966,0.17336822,1.3611878,-0.47824085,0.5604378,-0.47525036,-0.055053435,-0.5062306,-0.4216974
E15_5-S1#CTAAGAGAATAAGGAG-1,-0.4896739,-0.35801753,-0.29070842,-0.56783134,-0.47991103,0.7974323,0.57430714,1.0166996,0.3714682,-0.5737651
E15_5-S1#CTAAGAGAATCATATT-1,-0.6597892,-0.61157537,0.59149605,2.209592,-1.2903583,0.22599332,-0.34052947,-0.93360573,-0.5033628,1.3121394
E15_5-S1#CTAAGAGACAACCGCT-1,-0.123145,-0.6703057,-0.2514508,-0.6727424,-0.77636427,-0.14067651,0.8662595,3.0210924,-0.43573913,-0.8169279
E15_5-S1#CTAAGAGACATACTCC-1,-0.087267004,-0.4688116,0.016832992,-0.24241033,-0.21844369,0.40626222,1.5376983,-0.120508865,-0.30087617,-0.52247596
E15_5-S1#CTAAGAGACCAGTTCC-1,-0.9748761,-0.92630774,0.2660164,-0.36163458,-0.92211306,1.1525778,-0.112439364,1.6340053,0.2859944,-0.041223094
E15_5-S1#CTAAGAGACCGAGAAT-1,0.082019895,-0.7022248,0.33230266,1.9840189,-0.9304151,-0.18963227,-0.060057215,-1.0715503,-0.662168,1.2177061
E15_5-S1#CTAAGAGACCGATTCC-1,-0.42799824,-0.5699307,-0.63155293,-0.40172234,-1.0382589,1.2356939,0.25372002,2.3637328,0.043052338,-0.8267359
E15_5-S1#CTAAGAGACGAACGCC-1,-0.43740565,-0.57172304,-0.7170911,-0.18053338,-0.8783501,1.6407655,0.07843463,1.6173744,0.3534394,-0.90491074
E15_5-S1#CTAAGAGACGACGCGA-1,-0.5322565,-0.5886378,0.22945246,2.2649462,-1.2894346,0.18159324,-0.58707166,-0.63450384,-0.4493786,1.4052913
E15_5-S1#CTAAGAGACTAAGAGA-1,-0.36830053,0.39529794,-0.08641899,0.65526915,-0.34171212,-0.5432972,0.68576187,0.12532042,-0.85967404,0.3377535
E15_5-S1#CTAAGAGACTGATGGT-1,-0.7231712,-0.6395512,1.090079,2.3512537,-1.0802824,-0.24479273,-0.31058076,-0.9927862,-0.5470255,1.0968573
E15_5-S1#CTAAGAGACTTGCGCC-1,0.63786274,-0.38494492,-0.39073053,0.6192263,0.18673185,0.5018724,0.007630216,-0.15421629,-0.4182971,-0.60513467
E15_5-S1#CTAAGAGAGACCTTGA-1,-0.21073547,-0.8070949,-0.13162988,0.4057595,-0.9528687,0.3836993,-0.56251407,2.4161992,0.27634352,-0.8171584
E15_5-S1#CTAAGAGAGATACGGA-1,-0.3629784,-0.60445213,-0.13340867,1.6960733,-0.7906025,0.08556702,-0.7496603,-0.63513553,-0.6266934,2.1212907
E15_5-S1#CTAAGAGAGATCTTAC-1,0.53316283,-0.8551263,0.7566009,2.0444367,-1.2583369,-0.65426916,0.6506761,-1.4557849,-0.9043324,1.1429731
E15_5-S1#CTAAGAGAGCAGGTCC-1,-0.10745038,-1.0782266,-0.95900404,-0.68689466,-0.84874624,1.5330313,-0.23845947,1.6940805,1.7564116,-1.064742
E15_5-S1#CTAAGAGAGCCATTCT-1,0.022524966,-0.42510048,-0.052671496,1.3712287,-0.46142387,0.98444366,0.1668262,-0.65992534,-0.6134542,-0.33244812
E15_5-S1#CTAAGAGAGCCGCAAC-1,-0.16069229,-0.6732704,0.8648835,1.9461968,-1.337289,-0.35740203,0.4837523,-1.071356,-0.5443621,0.84953934
E15_5-S1#CTAAGAGAGCGTTGGA-1,-0.23923065,-0.5943968,0.5962778,1.9644058,-1.1370076,0.02928939,-0.0461354,-0.86127025,-0.46272373,0.7507913
E15_5-S1#CTAAGAGAGCTAACTT-1,-0.3704259,-0.4241937,0.035531275,1.2502065,-0.56543374,1.157805,-0.0019241031,-0.21809688,-0.5065547,-0.35691378
E15_5-S1#CTAAGAGAGGCTGAGC-1,-0.50385994,-0.9012522,-0.010544407,-0.64659804,-1.0539752,1.6409067,0.94110376,1.7075325,-0.14949535,-1.0238178
E15_5-S1#CTAAGAGAGGTACTGC-1,0.13601936,-0.48259312,-0.042047784,0.41643262,0.23854123,0.3316229,0.26430836,0.1727439,-0.48486608,-0.5501614
E15_5-S1#CTAAGAGAGGTATGCT-1,-0.6757164,-0.26819843,-0.21738367,1.1596763,-0.26860878,1.3485262,-0.04639892,0.19726953,-0.49558926,-0.73357666
E15_5-S1#CTAAGAGATAGAATTA-1,-0.89397323,0.07497557,0.13159491,0.91730213,0.4397311,0.56781113,-0.0888286,0.23428953,-0.60432285,-0.77857953
E15_5-S1#CTAAGAGATAGAGTAA-1,-0.4010594,-0.18123895,-0.64989436,-0.24151681,-0.006783914,0.7095251,-0.286637,1.8346438,0.10032278,-0.87736124
E15_5-S1#CTAAGAGATAGATCTA-1,-0.31747484,-0.28487676,-0.19422361,-0.22418962,-0.25982237,0.7220497,0.53759193,0.6962273,-0.43807334,-0.23720844
E15_5-S1#CTAAGAGATCCTACCA-1,-0.9645567,-0.11635736,1.0676004,1.6817827,0.3016392,-0.79144114,0.18803717,-1.3280591,-0.77618015,0.7375347
E15_5-S1#CTAAGAGATCGGCCTT-1,-0.66638905,-0.1310288,-0.29117477,0.1547859,-0.15620543,1.0202745,-0.27772808,1.4399073,-0.07768938,-1.0147524
E15_5-S1#CTAAGAGATGAGTCTG-1,0.090450674,-0.6926475,0.21566899,1.9579796,-0.77409416,-0.29654604,-0.088764004,-0.86996686,-0.6158899,1.073809
E15_5-S1#CTAAGAGATGCCGGCA-1,-0.90762204,-0.3171631,-0.52410144,0.008596536,-0.43282473,1.7755784,-0.1140929,0.6412179,-0.15860146,0.029012708
E15_5-S1#CTAAGAGATGCGGACC-1,0.37381938,-0.33854532,-0.412745,1.5837101,-0.8883896,-0.31642044,0.8981744,-1.308925,-0.5176078,0.9269291
E15_5-S1#CTAAGAGATGGTCAGC-1,-0.85905564,-0.10327892,0.20756505,0.7272525,-0.64189243,0.39413226,-0.07570501,0.09048633,-0.42602977,0.6865256
E15_5-S1#CTAAGAGATTACCGAG-1,-0.89148295,-0.5550009,0.23622891,2.1703749,-0.8319593,0.49600807,-0.43881935,-0.7278503,-0.4753614,1.0178622
E15_5-S1#CTAAGAGATTATCCGG-1,-0.6539077,-0.39899483,0.116706625,1.7305346,-0.45276988,0.6325634,-0.29154572,-0.46146443,-0.369739,0.14861707
E15_5-S1#CTAAGAGATTATTCAT-1,-0.6305405,0.09669944,-0.22123875,-0.24952286,0.052998804,0.9097092,0.9731042,0.082559355,-0.49029493,-0.52347386
E15_5-S1#CTAAGAGATTGACTTC-1,-0.81774384,-0.3007773,-0.42918307,1.0975192,1.054307,0.8359135,-0.38688907,-0.037751466,-0.5036695,-0.5117253
E15_5-S1#CTGATGGTAACCTGCG-1,-1.0398917,-0.60573536,0.3095413,2.230584,-0.64292,0.6117173,-0.6020985,-0.1328617,-0.53572214,0.40738687
E15_5-S1#CTGATGGTAATTAAGA-1,-0.79135096,-0.5710103,0.7634195,1.7042451,-0.9990399,0.073620215,-0.7347296,-0.23574005,-0.35537535,1.1459615
E15_5-S1#CTGATGGTACCGCCAA-1,-1.0470904,-0.32782355,-0.7466574,0.6571163,-0.76843536,0.9071692,-0.6844592,2.4529994,0.19689418,-0.63971305
E15_5-S1#CTGATGGTACGGAGGC-1,-0.5205992,-0.61924994,0.46952522,2.0749698,-0.8551774,-0.23435633,-0.72631115,-0.6957695,-0.46172494,1.5686935
E15_5-S1#CTGATGGTACTATGCA-1,-1.3266392,-0.18187845,0.42139217,1.2164826,-1.1498682,0.7205557,-0.029667266,-0.17369908,-0.21017763,0.7134994
E15_5-S1#CTGATGGTACTCAATA-1,-0.748146,-0.07500422,-0.2337249,1.5394063,0.124187544,-0.42166346,-0.20077348,-0.23065685,-0.4774441,0.72381914
E15_5-S1#CTGATGGTACTTAACC-1,-0.5317068,-0.8716111,0.916288,-0.28602096,-0.55225205,-0.216977,-0.25759706,2.6347675,-0.17407523,-0.66081536
E15_5-S1#CTGATGGTAGAACGTC-1,-0.860679,-0.37587193,0.25316986,1.5527837,0.28058118,0.6579836,-0.37927863,-0.10731148,-0.5359968,-0.48538047
E15_5-S1#CTGATGGTAGAGAAGG-1,0.328056,-1.0218979,-1.0239618,1.1687094,1.6876411,-0.56308,-1.1828423,-0.78325105,-0.88292646,2.2735531
E15_5-S1#CTGATGGTAGAGCTAT-1,-0.6139834,-0.35345274,0.1245878,1.9595714,-0.4606468,-0.1929952,-0.545189,0.16487134,-0.34498763,0.26222438
E15_5-S1#CTGATGGTATAAGGAG-1,-0.84046936,-0.080147386,-0.51250815,-0.6566906,-0.19728573,0.32551986,0.08407681,2.4492679,0.06117075,-0.6329339
E15_5-S1#CTGATGGTATCATATT-1,-0.9331413,-0.22966942,0.08831547,1.3251715,-0.5516362,0.6233353,-0.3793708,-0.11303081,-0.24098265,0.41100898
E15_5-S1#CTGATGGTCAACCGCT-1,-0.16465421,-0.8159636,-0.37863687,0.010226656,-0.75835955,0.25729382,-0.007273145,2.6075795,-0.11651224,-0.6337003
E15_5-S1#CTGATGGTCATACTCC-1,-0.91017634,-0.46172842,-0.63959527,2.0411925,0.27527434,1.4580277,-0.4390495,-0.49157408,-0.66236085,-0.17001015
E15_5-S1#CTGATGGTCCAGTTCC-1,-1.1163801,-0.95528525,0.10823372,-0.15106423,-0.19732435,-0.2696818,-0.5212985,2.6409152,-0.07192114,0.53380644
E15_5-S1#CTGATGGTCCGAGAAT-1,-1.0063648,-0.5617818,1.1589711,2.2677658,-0.6555484,-0.43420988,-0.55640006,-0.7351477,-0.5006546,1.0233704
E15_5-S1#CTGATGGTCCGATTCC-1,-0.59270257,-0.24069375,-0.41521585,-0.05846925,-0.79103184,0.8409118,0.13599306,2.2055795,-0.21097335,-0.8733977
E15_5-S1#CTGATGGTCGAACGCC-1,-0.6732418,-0.2951186,-0.35403094,-0.33032614,-0.4203324,0.44463155,-0.16149926,2.4830854,0.027108245,-0.72027606
E15_5-S1#CTGATGGTCGACGCGA-1,-1.0920423,-0.3155467,0.371233,1.7577204,-0.64007384,0.5870519,-0.36076438,-0.37565672,-0.47139826,0.53947693
E15_5-S1#CTGATGGTCTAAGAGA-1,-0.9877055,-0.32135528,0.12923038,1.9322482,-0.054817982,0.1596438,-0.35672173,-0.46666053,-0.44923422,0.41537285
E15_5-S1#CTGATGGTCTGATGGT-1,-1.390771,0.65786636,1.0689435,1.1987996,0.17589825,-1.1123271,0.22349669,0.056311943,-0.76419795,-0.114020154
E15_5-S1#CTGATGGTCTTGCGCC-1,-1.144709,-0.36823836,-0.14210945,1.9686894,0.13036995,1.0049493,-0.43651056,0.03335055,-0.5104598,-0.53533196
E15_5-S1#CTGATGGTGACCTTGA-1,-0.29966316,-1.2103648,2.1198127,-1.0028452,-0.17602417,-0.70129734,-0.31312832,3.1075726,-0.9666547,-0.5574077
E15_5-S1#CTGATGGTGATACGGA-1,-0.8712656,-0.60236865,0.05771261,1.6140708,-0.45185384,0.012304915,-0.8262844,-0.25588894,-0.63907486,1.9626479
E15_5-S1#CTGATGGTGATCTTAC-1,-1.284545,-0.44649836,0.6643457,2.4449964,1.3818824,-0.86277056,-0.41054994,-1.480731,-1.1456252,1.1394954
E15_5-S1#CTGATGGTGCAGGTCC-1,-0.69447863,-0.025805626,-0.8361232,0.24945189,0.6055805,1.0689229,-0.33058497,1.0198932,-0.17075214,-0.8861039
E15_5-S1#CTGATGGTGCCATTCT-1,-1.4651614,0.1322013,0.22044486,1.6343209,0.4084545,-0.07007339,-0.161632,-0.0047207177,-0.44384193,-0.24999204
E15_5-S1#CTGATGGTGCCGCAAC-1,-1.2558336,-0.30174172,1.1364832,1.7083298,-1.0087669,-0.53653,-0.45711786,0.16593488,-0.300687,0.8499291
E15_5-S1#CTGATGGTGCGTTGGA-1,-1.14616,-0.42751443,0.38145006,2.1666682,0.94816977,-0.28346297,-0.41543508,-0.97483015,-0.7131745,0.4642891
E15_5-S1#CTGATGGTGCTAACTT-1,-0.44805148,-0.36103615,-0.32078087,1.4854048,-0.11111584,1.1357645,-0.33402652,-0.020257093,-0.49236396,-0.5335374
E15_5-S1#CTGATGGTGGCTGAGC-1,-0.753991,-0.29542437,-0.32437456,-0.7605882,-0.43118396,0.5327643,0.5012585,2.2202055,0.08341217,-0.7720784
E15_5-S1#CTGATGGTGGTACTGC-1,-0.95164084,-0.17702827,0.06061767,1.616945,-0.037728414,0.6868816,-0.1106782,-0.51410854,-0.4002936,-0.17296633
E15_5-S1#CTGATGGTGGTATGCT-1,-0.77361065,-0.5040598,0.2126411,2.131538,-0.17858082,1.042495,-0.44040406,-0.39108956,-0.5838202,-0.5151092
E15_5-S1#CTGATGGTTAGAATTA-1,-0.5126934,-0.49068478,0.5098193,1.6137524,0.5338386,0.24404413,-0.3173039,-0.83166987,-0.6053825,-0.14371997
E15_5-S1#CTGATGGTTAGAGTAA-1,-0.8247024,-0.3186389,-0.7707291,0.8449977,-0.015593253,0.876346,-0.84914917,2.1938722,-0.3488803,-0.7875228
E15_5-S1#CTGATGGTTAGATCTA-1,-0.5642754,-0.21192753,0.1139497,1.5349687,-0.6953908,0.31314513,-0.13609326,-0.47167936,-0.36247167,0.47977445
E15_5-S1#CTGATGGTTCCTACCA-1,-1.0628114,-0.37280077,0.6165617,1.8105534,1.1523366,-0.70133066,-0.026661433,-1.3321097,-1.0587885,0.9750509
E15_5-S1#CTGATGGTTCGGCCTT-1,-0.5975808,-0.14479002,-0.12948173,0.9062878,0.5384437,0.84721994,-0.37549642,0.43232426,-0.5921315,-0.88479507
E15_5-S1#CTGATGGTTCTGATAC-1,-0.7158224,-0.52898175,0.1035198,1.6363583,-0.22636977,-0.027563363,-0.38783702,-0.5191885,-0.5082402,1.1741248
E15_5-S1#CTGATGGTTGAGTCTG-1,-0.40384236,-0.5417811,0.86557716,1.7327852,-0.9067177,-0.033838853,-0.5907477,-0.24325454,-0.47746515,0.5992849
E15_5-S1#CTGATGGTTGCCGGCA-1,-0.07274377,-0.4560315,0.5092863,1.5457679,-1.086992,0.025507823,-0.14334896,-0.345089,-0.4245819,0.44822514
E15_5-S1#CTGATGGTTGCGGACC-1,-0.13253097,-0.7420354,0.3112193,1.9144679,-0.59180963,-0.80335355,-0.38108212,-0.5518168,-0.73316044,1.7101015
E15_5-S1#CTGATGGTTGGTCAGC-1,-1.1272305,-0.43618828,0.16478567,1.5142492,-0.9287736,1.0955964,-0.52071285,0.16314,-0.45619863,0.5313325
E15_5-S1#CTGATGGTTTACCGAG-1,-0.46313494,-0.3835952,0.6689806,1.595388,-0.99505615,0.266977,0.0950508,-0.16460769,-0.4124017,-0.20760068
E15_5-S1#CTGATGGTTTATCCGG-1,-0.57903636,-0.5276268,-0.50839645,2.0241766,-0.60969895,0.250884,-0.3565933,-1.0090041,-0.5035301,1.8188254
E15_5-S1#CTGATGGTTTATTCAT-1,-0.5667764,-0.5301479,0.48280612,1.52358,-0.59119916,0.006048251,-0.5671222,-0.52158684,-0.5087765,1.2731745
E15_5-S1#CTGATGGTTTGACTTC-1,-0.64826024,-0.3754117,0.040633816,1.8961085,-0.32090142,-0.13083532,-0.3146625,0.036916416,-0.38206658,0.19847894
E15_5-S1#CTTGCGCCAACCTGCG-1,-0.8994522,-0.2888657,-0.24923715,1.6124667,-0.41512823,1.7231485,-0.22118546,-0.077829726,-0.5978137,-0.58610296
E15_5-S1#CTTGCGCCAATTAAGA-1,0.27036333,-0.60148436,-0.28855595,1.8516096,-0.6287126,-0.5516639,-0.014768943,-0.859682,-0.56324935,1.3861442
E15_5-S1#CTTGCGCCACCGCCAA-1,-1.1020455,-0.8239577,-0.4851594,-1.0033277,0.14390396,-1.1466795,-1.2018555,1.943775,4.069678,-0.3943315
E15_5-S1#CTTGCGCCACGGAGGC-1,-0.5862923,-0.55551624,0.37092543,1.6847779,-0.6823788,-0.46032405,-0.23769017,-0.5943987,-0.44213885,1.5030355
E15_5-S1#CTTGCGCCACTATGCA-1,-0.4734923,-0.47384754,0.035263848,1.9299071,-0.058095027,0.2969094,-0.563128,-0.55692124,-0.61179215,0.4751959
E15_5-S1#CTTGCGCCACTCAATA-1,-1.2574983,1.0090435,-0.5442165,-0.22703502,0.29916126,0.07785878,-0.5971849,1.3392012,-0.48897192,0.38964188
E15_5-S1#CTTGCGCCACTTAACC-1,-0.672265,-0.41289246,-1.1647444,-0.8713542,-1.1031903,0.49747324,0.017330125,2.2279696,2.4902232,-1.0085495
E15_5-S1#CTTGCGCCAGAACGTC-1,-1.2417293,0.5802533,-0.93607694,0.02878499,-0.08943466,0.546311,-0.23137406,1.8560939,-0.57566833,0.06284006
E15_5-S1#CTTGCGCCAGAGCTAT-1,-1.346093,1.7990254,-1.1325606,0.41452026,0.5076846,-0.6850286,-1.4262418,1.4872705,-0.26541638,0.6468398
E15_5-S1#CTTGCGCCATCATATT-1,-1.060407,-0.53164154,-0.24963391,1.9395344,0.22943212,-1.0151696,-0.8671387,0.2040808,-0.8295481,2.1804917
E15_5-S1#CTTGCGCCCAACCGCT-1,-0.35415068,-0.036022592,-1.6648508,-0.5135678,-0.9763884,2.2170863,-0.44273555,2.4127936,0.62929845,-1.2714626
E15_5-S1#CTTGCGCCCCAGTTCC-1,-0.7655394,-0.902924,-0.5650631,-0.97487366,-0.5987989,-0.8941309,-0.8782729,2.01771,4.337696,-0.77580297
E15_5-S1#CTTGCGCCCCGAGAAT-1,0.020988658,-0.85554457,0.30165428,1.7546381,-0.26185048,-1.0076094,-0.35242394,-0.9435727,-0.743361,2.087081
E15_5-S1#CTTGCGCCCCGATTCC-1,-0.94332767,-0.7942988,-0.49371845,-0.89505893,-0.59318835,-0.6396846,-0.7030637,1.9813511,3.87094,-0.78995055
E15_5-S1#CTTGCGCCCGACGCGA-1,-0.34021646,-0.12065308,-0.26227707,0.31391683,0.36147803,0.554247,0.02042057,-0.056883767,-0.30999714,-0.16003491
E15_5-S1#CTTGCGCCCTAAGAGA-1,-1.467993,0.18242025,-0.66907823,0.8598179,0.5144104,-0.6986833,-1.0246125,1.6028773,-0.36295095,1.0637925
E15_5-S1#CTTGCGCCCTGATGGT-1,0.46025297,-0.8881699,0.37983942,1.3818302,-0.28968954,-0.7861092,-0.3029014,-0.8590228,-0.80975693,1.7137275
E15_5-S1#CTTGCGCCCTTGCGCC-1,-1.0156829,1.3628489,1.1469494,-2.019718,0.4130393,-1.8807007,1.9992138,2.328258,-1.4582968,-0.8759115
E15_5-S1#CTTGCGCCGACCTTGA-1,-0.11731901,-0.19483486,-1.0598805,-0.7438187,-0.68754625,1.7141906,0.50560516,1.9050721,-0.16156526,-1.1599033
E15_5-S1#CTTGCGCCGATACGGA-1,-0.3440593,-0.28361863,-0.14448406,0.5276056,0.2654543,0.7338341,0.41860098,-0.33662087,-0.5559472,-0.28076488
E15_5-S1#CTTGCGCCGATCTTAC-1,1.2681106,-0.9124116,-0.3385408,1.2464774,-1.4412107,-0.5914321,1.1551954,-1.3267976,-0.7374003,1.6780094
E15_5-S1#CTTGCGCCGCAGGTCC-1,-0.23413885,0.26052752,-1.4483682,-0.039454862,-0.25459954,1.2539843,-0.58477515,2.2370527,-0.31939572,-0.8708324
E15_5-S1#CTTGCGCCGCCATTCT-1,-0.99216694,1.0159225,-0.91450787,0.9077934,0.40676045,0.49049908,-0.70542544,1.2509191,-0.60207057,-0.8577237
E15_5-S1#CTTGCGCCGCCGCAAC-1,-0.76857144,-0.41630742,0.6467668,1.2351674,-0.7421223,-0.4957886,-0.063488156,0.1443733,-0.49327174,0.9532422
E15_5-S1#CTTGCGCCGCGTTGGA-1,1.3421626,-0.84759593,-0.7731988,1.2152141,-1.6165679,-0.1372337,1.5446502,-1.6333821,-0.4863932,1.3923447
E15_5-S1#CTTGCGCCGGCTGAGC-1,-0.77318203,-0.69783735,-0.45252028,-0.9483598,-0.5599753,-0.06765978,-0.08131981,1.1777198,2.989951,-0.58681625
E15_5-S1#CTTGCGCCGGTACTGC-1,-0.42679164,-0.8492434,2.4002535,-1.202843,0.20614958,-1.5808536,0.69276834,3.1481576,-1.3132735,-1.0743239
E15_5-S1#CTTGCGCCGGTATGCT-1,-0.871479,-0.10037926,-0.10112852,1.0153893,-0.31181693,1.4128449,-0.010202616,0.5540134,-0.68356544,-0.9036758
E15_5-S1#CTTGCGCCTAGAATTA-1,-0.5698494,-0.018086351,-0.6879392,0.57484275,-0.03565105,0.09161259,0.19320124,2.2060633,-1.0129173,-0.7412769
E15_5-S1#CTTGCGCCTAGAGTAA-1,-0.44926906,-0.03000243,-1.1165167,-0.09884898,-0.8512428,1.6019396,-0.4792441,1.9248222,0.44184476,-0.94348234
E15_5-S1#CTTGCGCCTAGATCTA-1,-0.010667047,-0.5265051,-0.35028216,1.2008775,-0.120814376,0.5550184,-0.12198751,-1.0163053,-0.65117455,1.0418401
E15_5-S1#CTTGCGCCTCCTACCA-1,0.20816582,0.23437838,-0.44027984,0.12293344,-0.89725685,-0.28676862,0.7978309,-0.0054188063,-0.5284592,0.79487485
E15_5-S1#CTTGCGCCTCGGCCTT-1,-0.6725104,2.07944,-1.4420455,-0.71644217,-0.60093594,0.5118631,0.108694255,1.9863882,-0.11945889,-1.1349932
E15_5-S1#CTTGCGCCTGAGTCTG-1,-0.6434612,-0.48510724,0.85102636,1.5137933,-0.9173645,-0.108489275,0.11569335,-0.8082636,-0.43273723,0.9149099
E15_5-S1#CTTGCGCCTGCCGGCA-1,-0.8340406,-0.6199838,0.6957858,2.3381426,-0.7989609,-0.56094724,-0.3783543,-0.71629274,-0.6029377,1.4775887
E15_5-S1#CTTGCGCCTGCGGACC-1,-0.19501224,-0.5253221,0.5835911,1.5572672,-0.37666732,-0.79941046,0.33599174,-1.339015,-0.8541784,1.6127554
E15_5-S1#CTTGCGCCTGGTCAGC-1,0.04385187,-0.35660002,-0.6346989,1.937823,-0.215518,-0.6972836,-0.0941107,-1.1972351,-0.6050078,1.8187791
E15_5-S1#CTTGCGCCTTACCGAG-1,-0.80760574,-0.3730542,0.17979252,1.7175092,-0.6733715,-0.076263204,0.2074674,-0.8910988,-0.42739376,1.144018
E15_5-S1#CTTGCGCCTTATTCAT-1,-1.0277534,-0.5766722,0.33954242,2.0460808,-0.52206564,-0.6194103,-0.64661825,-0.06272542,-0.50459963,1.5742216
E15_5-S1#CTTGCGCCTTGACTTC-1,-1.1363049,2.0257506,-0.98761755,1.2395545,0.73558545,-1.1108788,-1.5370286,1.4009461,-0.5202776,-0.10972957
E15_5-S1#GAAGATCGAATTAAGA-1,3.2571523,-0.8123052,-0.9904229,1.8706378,-1.910631,-1.0488268,2.2776139,-0.39236215,-0.4801947,-1.7706609
E15_5-S1#GAAGATCGACCGCCAA-1,-1.2815782,-0.13630556,-0.27270135,-0.81475466,-0.21899305,1.7502699,0.28189453,1.8204936,-0.23605718,-0.8922682
E15_5-S1#GAAGATCGACGGAGGC-1,3.772887,-0.9538506,-0.9472943,-1.1996162,2.6607378,-0.9762129,-0.90130335,-1.4968425,-1.1055738,1.1470691
E15_5-S1#GAAGATCGACTTAACC-1,0.18833946,-0.62243366,-0.2524565,1.1802052,-0.5080557,0.6620027,-0.5968141,0.9060009,-0.40570408,-0.5510842
E15_5-S1#GAAGATCGAGAACGTC-1,3.365952,-0.7324813,-1.1320163,1.5852735,2.0125198,-0.6888385,-1.5651224,-0.9669579,-0.63441914,-1.2439097
E15_5-S1#GAAGATCGATAAGGAG-1,-0.47715583,-0.10649675,-0.43825796,-0.3573222,-0.117449164,0.50234646,0.4158756,1.162879,-0.015564457,-0.56885475
E15_5-S1#GAAGATCGATCATATT-1,-0.6689819,0.049293615,-0.24974604,-0.26443207,-0.78311455,0.8552965,1.1569885,1.432022,-0.5944557,-0.93287027
E15_5-S1#GAAGATCGCAACCGCT-1,0.95295835,-0.4825312,-1.0128008,1.5668085,-1.4600366,0.6648387,0.64250845,0.61162955,-0.04000955,-1.4433653
E15_5-S1#GAAGATCGCCAGTTCC-1,-0.7685444,-0.5928412,-0.47835946,0.061945707,-0.22149542,1.954086,-0.60323554,1.3468148,-0.13195407,-0.5664163
E15_5-S1#GAAGATCGCCGAGAAT-1,1.8789741,-1.1694508,-0.6747642,-1.036879,2.5197124,-0.9617615,-1.301921,-0.39530432,-1.006246,2.1476402
E15_5-S1#GAAGATCGCCGATTCC-1,0.07701774,-0.9394183,0.37550592,-0.74840736,-0.82099766,-0.7202753,1.7888143,3.379566,-1.377426,-1.0143793
E15_5-S1#GAAGATCGCGAACGCC-1,0.5302827,-0.57720006,-0.97923994,-0.8917458,-1.1706686,0.7713888,1.9045739,2.6509964,-0.8806977,-1.3576897
E15_5-S1#GAAGATCGCTGATGGT-1,0.24278353,-0.6108801,0.5776485,0.48949057,-0.31880343,0.10211334,0.5460384,-0.84838665,-0.6682575,0.4882534
E15_5-S1#GAAGATCGCTTGCGCC-1,3.4459097,-0.78779614,-1.1024194,1.0471116,2.5169663,-0.7524166,-1.7364329,-1.0558554,-0.67338413,-0.90168303
E15_5-S1#GAAGATCGGACCTTGA-1,2.3487566,-0.59453654,-1.3196588,2.0043974,-2.0152574,-0.118103236,1.3464547,0.30891094,-0.24006553,-1.720898
E15_5-S1#GAAGATCGGCAGGTCC-1,3.0543196,-0.41616678,-1.3114561,2.1686387,0.3250232,-0.51433736,-1.3955623,-0.03743366,-0.13463642,-1.7383888
E15_5-S1#GAAGATCGGCCATTCT-1,1.9632139,-1.529575,-0.81782436,-1.6835762,3.0959408,-1.3550696,-1.1384763,0.21712828,-1.3542416,2.6024797
E15_5-S1#GAAGATCGGCCGCAAC-1,3.053893,-1.2855921,-0.72353286,-1.8589079,3.381325,-1.2763252,-1.2274684,-1.2501673,-1.2970476,2.4838233
E15_5-S1#GAAGATCGGGCTGAGC-1,0.84636104,-0.8849323,-0.022248939,-0.66470176,-0.9804367,-0.79103756,2.2752864,3.2590377,-1.6445488,-1.3927795
E15_5-S1#GAAGATCGGGTACTGC-1,3.1561055,-1.1425093,-0.8089132,-1.6275748,3.2589462,-1.1368871,-1.2761639,-1.3588114,-1.2114502,2.1472583
E15_5-S1#GAAGATCGTAGAATTA-1,2.746591,-1.4309143,-0.863304,-1.9557841,3.401562,-1.2708086,-1.2456386,-1.0458174,-1.1943587,2.8584726
E15_5-S1#GAAGATCGTAGAGTAA-1,3.336611,-0.7108793,-1.1445751,2.6794071,-0.62645954,-0.6203932,-1.1554673,0.08973747,-0.29558522,-1.5523959
E15_5-S1#GAAGATCGTAGATCTA-1,2.8214293,-0.6103081,-0.82591885,-0.42256412,0.3537211,-0.6644947,0.29184303,-1.0483221,-0.23693785,0.34155247
E15_5-S1#GAAGATCGTCGGCCTT-1,3.4220197,-0.66335106,-1.1737658,2.0661342,1.6143286,-0.7950189,-1.7229483,-0.62049156,-0.55957323,-1.5673335
E15_5-S1#GAAGATCGTGAGTCTG-1,2.9876494,-1.3694806,-0.9807556,-1.5074953,3.148977,-1.0804765,-1.5453275,-1.1587592,-1.0138255,2.5194933
E15_5-S1#GAAGATCGTGCCGGCA-1,3.4059143,-1.3187137,-0.86644727,2.570885,-2.2463357,-1.0411916,3.4563768,-0.97342277,-1.0312102,-1.9558544
E15_5-S1#GAAGATCGTGCGGACC-1,3.7576594,-0.9638381,-0.6243267,-2.2270198,3.4025607,-1.214931,-1.1385463,-1.8885899,-1.3221353,2.2191677
E15_5-S1#GAAGATCGTGGTCAGC-1,-0.72532475,1.5883404,-1.1253535,-0.079111636,-1.0606744,1.4989432,-0.38955337,1.5922945,-0.21701291,-1.0825472
E15_5-S1#GAAGATCGTTACCGAG-1,-0.50229025,-0.5395243,-0.05281327,-0.037720844,-0.88087076,1.5226327,0.06584121,1.983459,-0.70933014,-0.84938335
E15_5-S1#GAAGATCGTTATTCAT-1,3.2654383,-1.1669025,-0.7834646,2.3696978,-2.1291177,-0.99746716,3.2960598,-1.186231,-0.96128476,-1.7067281
E15_5-S1#GAAGATCGTTGACTTC-1,0.5762713,-0.58352417,-0.7004253,0.19150876,0.9931223,0.54889214,-0.8288926,0.67769945,-0.53276116,-0.34189066
E15_5-S1#GACCTTGAAAGAAGCT-1,0.17168075,-0.43612036,-0.49609444,-0.20973209,0.08705457,0.8896318,0.5631469,-0.3574485,-0.4599541,0.24783555
E15_5-S1#GACCTTGAACGGAGGC-1,0.38867617,-0.6342558,-0.15537418,0.38002667,-0.26317862,-0.21619527,-0.8812235,-0.02255847,-0.6674467,2.0715296
E15_5-S1#GACCTTGAACTATGCA-1,-0.38849777,-0.23038691,-0.20139998,0.49819604,-0.33367816,0.81158006,-0.121277206,0.33272004,-0.46236777,0.09511159
E15_5-S1#GACCTTGAACTCAATA-1,-0.77253693,0.7378034,-0.39052317,0.19796622,-0.116843045,-0.2099661,-0.1470748,1.6323287,-0.809944,-0.12121034
E15_5-S1#GACCTTGAACTTAACC-1,-1.0434513,-0.86516494,-0.45839113,-1.0460312,-0.38266602,-0.7839106,-0.73166656,1.8476361,4.109833,-0.646187
E15_5-S1#GACCTTGAAGAACGTC-1,0.12156644,0.041114196,-1.0473355,-0.6654899,-0.32899305,1.6564976,0.41129255,1.7719264,-0.7488859,-1.2116929
E15_5-S1#GACCTTGAAGAGAAGG-1,0.36040676,-0.43320116,-0.18601806,-0.32570377,-0.2914148,0.43575898,1.2965045,-0.035781585,-0.41973606,-0.40081468
E15_5-S1#GACCTTGAAGAGCTAT-1,0.7047915,-1.2306147,0.46612662,-0.28414923,-0.13833779,-0.8120457,0.67068136,3.0003948,-1.4651451,-0.9117019
E15_5-S1#GACCTTGACAACCGCT-1,-0.99380374,-0.92671454,-0.29759333,-1.1287518,-0.49594083,-0.8590422,-0.49634847,1.8487308,4.109929,-0.76046515
E15_5-S1#GACCTTGACATACTCC-1,-0.5434966,-0.56663126,-0.56784844,-0.47832385,0.4038319,1.0482059,-0.976081,0.37639308,-0.4034626,1.7074127
E15_5-S1#GACCTTGACCAGTTCC-1,-0.8089827,-0.8694355,-0.21411975,-1.0342574,-0.4571604,-0.577488,-0.21358365,1.1986376,3.5177474,-0.5413576
E15_5-S1#GACCTTGACCGAGAAT-1,-0.12774053,-0.7826749,1.0967697,1.3946022,-1.2310433,0.25756052,0.27728444,-0.5682284,-0.63487005,0.3183404
E15_5-S1#GACCTTGACGACGCGA-1,-0.009558171,-1.1518571,-0.9826108,0.8510494,1.4135339,-1.2078168,-1.5005281,0.41851145,-0.86886126,3.0381372
E15_5-S1#GACCTTGACTAAGAGA-1,-1.4348577,0.40481773,-0.65429693,0.14546493,-0.17668818,0.18287182,-0.89618075,2.077864,-0.34034005,0.6913452
E15_5-S1#GACCTTGACTGATGGT-1,-0.6838115,-0.5499594,0.6412798,1.5732498,-1.0623908,-0.22938216,0.054371346,-0.70344234,-0.5218581,1.4819436
E15_5-S1#GACCTTGACTTGCGCC-1,-0.036638174,1.5738351,-1.4034421,-0.63630944,-0.5377695,1.5417498,-0.23362985,1.7804265,-0.7048798,-1.3433424
E15_5-S1#GACCTTGAGAAGATCG-1,0.11066985,-0.66340095,-0.660618,0.16117689,1.0356611,0.4653917,-0.72154117,-0.43229374,-0.52341783,1.2283721
E15_5-S1#GACCTTGAGACCTTGA-1,-0.3567019,-0.22024615,-0.6810567,-1.0361269,-0.46800664,-0.08133069,-0.3920682,1.4425156,2.2330568,-0.44003507
E15_5-S1#GACCTTGAGATACGGA-1,0.6590757,-0.6732442,-0.66831076,1.0079478,-0.526102,0.38910323,1.265847,-2.091662,-0.72187424,1.3592193
E15_5-S1#GACCTTGAGATCTTAC-1,-0.3934855,-0.6189081,0.70272774,1.6401678,-0.85600567,-0.42507577,-0.030595114,-0.97610694,-0.5687382,1.5260202
E15_5-S1#GACCTTGAGCAGGTCC-1,-0.5813053,0.7101962,-1.0508316,-0.45566195,-0.47508487,1.9280192,-0.83048064,1.6729892,0.021490656,-0.939331
E15_5-S1#GACCTTGAGCCATTCT-1,-0.49712384,-0.3557057,2.0428395,-1.4022504,0.6218818,-1.5431567,0.7119764,2.6992183,-1.5201584,-0.75752085
E15_5-S1#GACCTTGAGCCGCAAC-1,-0.38224518,-0.44535834,0.71890324,1.1799078,-1.0077407,-0.6164291,0.30887616,-0.49270648,-0.7125721,1.449365
E15_5-S1#GACCTTGAGCGTTGGA-1,0.020518571,-0.7259144,0.50540376,1.4596611,-0.98859555,-0.5131315,-0.2773423,-0.26329625,-0.59384453,1.3765411
E15_5-S1#GACCTTGAGCTAACTT-1,0.18020566,-0.64989316,-0.7932751,1.0212563,-0.123547964,1.7326329,-0.4944094,-0.59453803,-0.78598225,0.5075511
E15_5-S1#GACCTTGAGGTACTGC-1,-1.0257037,3.8020523,-0.45119843,0.10223484,-0.49987397,-1.2354807,-1.3444974,2.037437,-0.51760566,-0.8673642
E15_5-S1#GACCTTGAGGTATGCT-1,-0.23723175,-0.34010512,-0.15537952,-0.031128269,-0.50307465,0.23133203,0.8130293,0.7896514,-0.20760392,-0.3594895
E15_5-S1#GACCTTGATAGAATTA-1,0.62545997,-0.34287548,-0.8073547,0.7531128,-0.011235923,0.36251116,-0.8811914,1.9278811,-0.7673635,-0.858944
E15_5-S1#GACCTTGATAGAGTAA-1,-1.406045,2.9490557,-1.7761023,-1.1208307,-1.5079653,-0.09300014,-0.85218334,2.4540927,2.2134826,-0.8605045
E15_5-S1#GACCTTGATCCTACCA-1,-0.4027522,0.12047614,0.09275825,0.5159328,-0.21523818,-0.84645575,0.3801698,0.62180626,-1.0273144,0.7606173
E15_5-S1#GACCTTGATCGGCCTT-1,0.10824112,-0.38939244,-1.1810632,-1.0532537,-0.27631804,1.6956239,0.29670846,2.0284424,-0.2836534,-0.945335
E15_5-S1#GACCTTGATCTGATAC-1,-0.25322688,-0.5391817,-0.9735762,0.09523128,0.5596547,1.9872644,-1.1903515,-0.39051858,-0.049403705,0.754108
E15_5-S1#GACCTTGATGAGTCTG-1,-0.5842278,-0.7045991,0.063468404,1.869468,-0.38450062,-0.9301545,-0.6522927,-0.27520138,-0.7447523,2.342792
E15_5-S1#GACCTTGATGCGGACC-1,-0.70479614,-0.59803236,0.76541275,1.3303906,0.28181124,-1.3660717,-0.45843542,-0.90748006,-1.1190994,2.7763002
E15_5-S1#GACCTTGATTATCCGG-1,0.66354966,-0.89621425,-1.1260594,0.10138795,0.43633297,1.3727766,-1.0595775,-0.7966027,-0.45242167,1.7568283
E15_5-S1#GACCTTGATTGACTTC-1,-0.3942148,-1.2694721,3.075229,-1.2867596,0.8075566,-1.3879069,-1.014366,3.3058138,-1.1088946,-0.7269852
E15_5-S1#GATACGGAAATTAAGA-1,1.1295911,-0.6816436,-0.13934945,0.27689955,-0.08226717,-0.017252514,0.4974646,-0.6286379,-0.7458357,0.39103118
E15_5-S1#GATACGGAACCGCCAA-1,-0.69629943,-0.45671162,-0.28922588,-0.2444455,-0.6836687,1.1925842,0.17479567,1.9611565,-0.24789423,-0.71029073
E15_5-S1#GATACGGAACTATGCA-1,-0.5904315,-0.54650676,-0.4331682,0.014422361,-0.5670874,2.2227852,0.30790207,0.99991,-0.5583767,-0.84944904
E15_5-S1#GATACGGAACTCAATA-1,0.12598139,-0.51391256,-0.79534465,2.3227696,2.9262495,-0.8374245,-0.29247043,-0.9123071,-0.7730533,-1.2504879
E15_5-S1#GATACGGAACTTAACC-1,1.4973887,-0.5757215,-0.8776985,1.2377027,-1.3831463,0.5528121,0.29948997,0.55937463,-0.2733268,-1.0368752
E15_5-S1#GATACGGAAGAACGTC-1,-0.8949985,-0.50280374,-1.0213869,3.3623157,3.3516514,-0.692378,-0.5661158,-0.90764517,-0.76469123,-1.3639479
E15_5-S1#GATACGGAAGAGCTAT-1,-0.30938706,-0.5737844,-1.0543629,3.104952,3.2765505,-0.7480279,-0.57910144,-0.91164297,-0.77814317,-1.4270526
E15_5-S1#GATACGGAATAAGGAG-1,-0.45424733,1.1123081,-0.6915712,-0.31744784,-0.20029068,0.5959905,-0.44626886,1.187019,-0.14137518,-0.6441165
E15_5-S1#GATACGGAATCATATT-1,2.485754,-0.93748325,-0.83944714,1.9655808,-1.8761513,-0.5256579,2.7766478,-0.63940126,-0.82862014,-1.5812215
E15_5-S1#GATACGGACAACCGCT-1,1.2490722,-0.84372336,-0.72479504,0.14448246,-1.0716623,0.44083124,0.30940282,1.0786475,0.3622783,-0.944534
E15_5-S1#GATACGGACCAGTTCC-1,-0.3246143,-0.55317396,-0.25560808,0.5145244,-0.55943984,1.1971966,-0.32143873,1.2438926,-0.49163097,-0.44970757
E15_5-S1#GATACGGACCGATTCC-1,-1.1250687,-0.97423476,0.08163795,0.3253341,-0.4372996,0.3596928,-0.44454542,2.749587,-0.46606138,-0.069041744
E15_5-S1#GATACGGACGAACGCC-1,-0.44205528,2.1896274,-0.860918,0.24608776,0.23429866,-0.625576,-1.1907301,1.1396648,-0.00572259,-0.6846767
E15_5-S1#GATACGGACGACGCGA-1,-0.19744402,-0.40659657,-0.14601916,-0.3055735,-0.6498857,0.94818807,1.3357322,0.81913155,-0.61090237,-0.78663033
E15_5-S1#GATACGGACTAAGAGA-1,-0.39754546,-0.64830554,-1.0035269,3.0258713,3.3176136,-0.8646273,-0.5159371,-0.73241615,-0.7681547,-1.412972
E15_5-S1#GATACGGACTTGCGCC-1,-0.76746064,-0.455608,-1.0230856,3.2015598,2.985652,-0.61960006,-0.56980705,-0.85204184,-0.69150513,-1.2081033
E15_5-S1#GATACGGAGACCTTGA-1,2.5669503,-0.76376283,-1.450394,2.4901567,2.5692263,-0.7481138,-1.2534312,-1.1852224,-0.7592734,-1.4661359
E15_5-S1#GATACGGAGATACGGA-1,0.6346765,0.6045098,-0.527616,0.6413361,1.3871778,-0.79783547,0.07248506,0.39565778,-0.8680685,-1.5423232
E15_5-S1#GATACGGAGCAGGTCC-1,-0.2022526,-0.63997495,-1.0680829,2.754656,3.2209146,-0.7859972,-0.5255041,-0.7583059,-0.60504246,-1.3904105
E15_5-S1#GATACGGAGCCATTCT-1,-0.78035295,-0.45811045,-1.0267032,3.230062,3.257261,-0.74800587,-0.5324682,-0.7975778,-0.798737,-1.3453673
E15_5-S1#GATACGGAGCGTTGGA-1,0.88062716,-1.3408387,-0.8752931,-0.008492023,2.2471385,-1.0273465,-1.3493928,0.6381369,-1.0653784,1.9008389
E15_5-S1#GATACGGAGGCTGAGC-1,-0.61508083,-0.61809623,-0.6083618,1.0270115,-0.7510571,0.5280148,-0.7854775,2.7823179,-0.20667355,-0.75259733
E15_5-S1#GATACGGAGGTACTGC-1,-0.70975626,-0.48534688,-0.99964416,3.201098,3.161699,-0.70312417,-0.511207,-0.88269544,-0.772817,-1.2982063
E15_5-S1#GATACGGATAGAATTA-1,-0.7058537,-0.4642168,-0.99504614,3.1619215,3.1601753,-0.7069708,-0.48171327,-0.786961,-0.7764052,-1.4049301
E15_5-S1#GATACGGATAGAGTAA-1,-0.28261182,-0.55536294,-1.1067241,2.8076448,2.9783716,-0.6019313,-0.53833735,-0.70785314,-0.61944765,-1.3737484
E15_5-S1#GATACGGATCCTACCA-1,0.38799965,-0.4021444,-0.29105175,-0.261239,2.2062087,-1.1570702,-0.2202622,0.12627521,-0.9118135,0.5230974
E15_5-S1#GATACGGATCGGCCTT-1,-0.5770486,-0.5825762,-1.0221949,3.1580834,3.2299554,-0.65351015,-0.52986264,-0.83842915,-0.7475943,-1.4368228
E15_5-S1#GATACGGATGCCGGCA-1,3.4140553,-1.2284572,-0.7942058,-1.8508905,3.2395995,-1.0816098,-1.3050828,-1.4209905,-1.154735,2.1823168
E15_5-S1#GATACGGATGGTCAGC-1,-0.34518155,-0.28540057,-0.2018911,-0.010690657,-0.3671362,1.2041606,0.5652942,0.23553988,-0.45597368,-0.33872095
E15_5-S1#GATACGGATTACCGAG-1,2.8058808,-0.5631325,-0.6506838,0.35538,0.19267793,-0.7424259,0.33618253,-1.0961164,-0.42182022,-0.21594237
E15_5-S1#GATACGGATTATCCGG-1,-0.557365,3.1952586,-0.66384375,0.4201226,-0.6983492,-0.3890018,-1.336178,1.2185421,-0.3495993,-0.8395864
E15_5-S1#GATACGGATTATTCAT-1,2.7692099,-1.4594452,-0.8680376,-1.7562921,3.1647599,-1.1003147,-1.4458369,-0.9666013,-1.0547563,2.7173145
E15_5-S1#GATACGGATTGACTTC-1,-0.7495435,-0.40134186,-0.8713075,3.0208163,3.189151,-0.74384344,-0.435925,-0.82370293,-0.79432416,-1.3899789
E15_5-S1#GATCTTACAACCTGCG-1,-0.63869077,-0.43483797,0.29615992,1.9515957,-0.96211886,0.88248014,-0.45271075,-0.1446795,-0.5143692,0.017171472
E15_5-S1#GATCTTACAATTAAGA-1,-0.38249558,-0.53016925,0.5192615,1.4614979,-1.3702208,0.12847373,-0.012897275,-0.33335382,-0.3822865,0.90219027
E15_5-S1#GATCTTACACCGCCAA-1,-0.6634302,-0.77920467,-1.037161,0.25038308,-0.88342494,1.4976672,-0.47812274,2.3955672,0.40957615,-0.71185005
E15_5-S1#GATCTTACACGGAGGC-1,-0.29679418,-0.5284027,0.5078965,1.8298694,-1.3239008,0.02940502,-0.57157934,-0.27013326,-0.31517446,0.93881375
E15_5-S1#GATCTTACACTATGCA-1,-0.5211415,-0.62309325,-0.09294453,1.6269977,-1.0447991,-0.2206325,-0.9193282,0.51533175,-0.4653445,1.7449541
E15_5-S1#GATCTTACACTCAATA-1,-0.17243668,-0.2578787,0.34484893,1.5897796,-0.54409707,-0.69620454,0.19663613,-0.80299747,-0.67482173,1.0171716
E15_5-S1#GATCTTACACTTAACC-1,-0.61573595,-0.4544737,-0.18438098,-0.43262923,-0.67318875,0.98952776,-0.28837764,2.074689,0.105913274,-0.52134365
E15_5-S1#GATCTTACAGAACGTC-1,-0.32771978,-0.4340057,0.15284736,1.2650641,-0.7032112,0.84894264,0.5538374,0.04936559,-0.63690937,-0.7682111
E15_5-S1#GATCTTACAGAGAAGG-1,0.69617695,-0.84966457,-0.6772292,0.20059852,1.0000546,-0.15199383,-1.0703611,-0.52722585,-0.80368584,2.1833303
E15_5-S1#GATCTTACAGAGCTAT-1,-0.1768744,-0.44444486,-0.058028072,1.6950631,-0.4248564,0.2020813,-0.2997265,-0.09891201,-0.4439367,0.049634505
E15_5-S1#GATCTTACATAAGGAG-1,-0.5071311,-0.25436127,-0.21529716,-0.44768342,-0.42117813,0.4620574,0.46242878,1.3858275,-0.006802086,-0.45786056
E15_5-S1#GATCTTACATCATATT-1,-0.70247436,-0.4955139,0.5350896,1.3470422,-1.2741221,0.39976168,0.0334667,-0.27107814,-0.38839954,0.8162278
E15_5-S1#GATCTTACCAACCGCT-1,-0.2000206,-0.90905666,-0.5182951,-0.37545407,-0.8114517,0.8466825,0.3176846,2.29696,0.04834416,-0.69539315
E15_5-S1#GATCTTACCATACTCC-1,-0.1666966,-0.6345745,0.13834158,2.0293877,-0.3228586,0.5891279,-0.59096515,-0.84490883,-0.71087074,0.5140173
E15_5-S1#GATCTTACCCAGTTCC-1,-1.2623819,-0.45571303,0.3870657,0.6325251,-0.90488136,0.20109278,-0.26222476,1.348676,-0.33879852,0.6546401
E15_5-S1#GATCTTACCCGAGAAT-1,-0.69971436,-0.6470761,1.311327,2.194614,-1.2422036,-0.23624457,-0.31638312,-0.7942277,-0.45999157,0.8899001
E15_5-S1#GATCTTACCCGATTCC-1,-0.4002273,-0.5705724,-0.2695341,-0.7332195,-0.8393052,0.7031395,0.99560654,2.550107,-0.5572073,-0.8787872
E15_5-S1#GATCTTACCGAACGCC-1,-0.7847929,-0.20663668,-0.15459552,-0.27737018,-0.59334296,1.0498278,0.021370616,1.6949713,-0.12262574,-0.6268057
E15_5-S1#GATCTTACCGACGCGA-1,-0.78053087,-0.54760456,0.03535755,2.0789313,-1.2461224,-0.1456112,-0.7231597,0.42789504,-0.2631209,1.1639657
E15_5-S1#GATCTTACCTAAGAGA-1,-0.3389097,-0.52991635,-0.019791557,1.6702806,-0.7318092,0.5279978,-0.19450803,-0.21986485,-0.55473405,0.39125532
E15_5-S1#GATCTTACCTGATGGT-1,-0.98827666,-0.354133,0.8133552,2.0672457,-0.7369905,-0.16903682,0.04456269,-0.84181136,-0.49634296,0.6614276
E15_5-S1#GATCTTACCTTGCGCC-1,-0.26933518,-0.4844051,0.34043798,1.6379997,-0.8835986,0.54474545,0.4025252,-0.4603215,-0.60170454,-0.22634332
E15_5-S1#GATCTTACGACCTTGA-1,-0.8668652,-0.548798,-0.55025357,0.583575,-0.97005993,1.1104367,-0.5717306,2.0497332,0.38716525,-0.62320286
E15_5-S1#GATCTTACGATACGGA-1,-0.32535696,-0.5311608,-0.12704559,1.7010843,-0.9946531,0.38469118,-0.4035984,-0.338771,-0.3928163,1.0276266
E15_5-S1#GATCTTACGATCTTAC-1,-1.5682623,1.160875,1.0249768,0.84605825,-0.13307755,-1.1532726,1.0269644,-1.0036192,-0.8100518,0.6094088
E15_5-S1#GATCTTACGCAGGTCC-1,-0.63882357,-0.6711169,-0.5115013,-0.7359382,0.45242506,1.6440661,-0.71279734,1.4453639,-0.46246094,0.19078335
E15_5-S1#GATCTTACGCCATTCT-1,-0.9016148,-0.26318508,0.02954297,1.502455,-0.10298982,-0.5743088,-0.58033293,0.11246256,-0.56150025,1.3394711
E15_5-S1#GATCTTACGCCGCAAC-1,-1.1716925,-0.27615705,1.4334365,1.7064435,-0.94423693,-0.49497846,-0.309872,0.09323429,-0.4158543,0.37967688
E15_5-S1#GATCTTACGCGTTGGA-1,-1.1720963,-0.4513396,1.2817814,2.140083,-0.48206264,-0.30603224,-0.25104624,-1.040672,-0.59919953,0.88058424
E15_5-S1#GATCTTACGCTAACTT-1,-0.37913144,-0.4269866,-0.066944346,1.8441737,-0.8886877,0.9485222,-0.52426255,0.049111295,-0.47507894,-0.080715686
E15_5-S1#GATCTTACGGCTGAGC-1,-0.5887572,-0.36812967,-0.29114705,-0.7259448,-0.562487,0.64635986,0.47531968,2.1770065,-0.07070092,-0.69151914
E15_5-S1#GATCTTACGGTACTGC-1,-0.6424168,-0.4890048,0.3234653,1.3457373,-0.8115212,0.65917695,-0.2916,0.052356895,-0.4446863,0.29849255
E15_5-S1#GATCTTACGGTATGCT-1,-0.597721,-0.6057135,0.28994778,2.0153127,-0.79308546,1.3797734,-0.2673027,-0.2845957,-0.63841224,-0.49820343
E15_5-S1#GATCTTACTAGAATTA-1,-0.017154194,-0.49629152,0.17260401,1.3696789,-0.47889376,0.4267217,-0.45384824,-0.12239075,-0.5094962,0.109070055
E15_5-S1#GATCTTACTAGAGTAA-1,-0.59760535,-0.4340841,-0.6000471,0.16910456,-0.44377366,1.3514922,-0.7147764,1.902507,0.03630664,-0.66912365
E15_5-S1#GATCTTACTAGATCTA-1,-0.13754278,-0.46284395,0.07251988,1.1453589,-1.1937588,0.27181482,0.14469914,-0.37491247,-0.48519003,1.0198554
E15_5-S1#GATCTTACTCCTACCA-1,-0.90997946,0.05672806,0.936194,1.604724,0.12055965,-0.6132263,0.73196846,-1.4714649,-0.8328169,0.37731323
E15_5-S1#GATCTTACTCGGCCTT-1,-0.095171236,-0.5327421,-0.4241001,0.6365339,-0.59320843,1.6022259,0.04631518,0.39458895,-0.46661374,-0.56782824
E15_5-S1#GATCTTACTCTGATAC-1,-0.44557077,-0.668588,0.53736675,1.9544585,-1.2365946,0.03323115,-0.12043229,-0.8514228,-0.58614236,1.3836944
E15_5-S1#GATCTTACTGAGTCTG-1,0.22373095,-0.6415507,0.85915124,1.9028666,-1.1951878,-0.25660163,-0.3431418,-0.61695385,-0.65132064,0.7190077
E15_5-S1#GATCTTACTGCCGGCA-1,-0.17937364,-0.5057073,0.062747486,1.5371252,-1.1435531,-0.043743998,-0.57010764,-0.3739124,-0.39825004,1.6147754
E15_5-S1#GATCTTACTGCGGACC-1,-0.00566821,-0.7140101,0.68236357,1.7716061,-1.3686095,-0.36963168,0.34563178,-1.0093671,-0.6092836,1.2769686
E15_5-S1#GATCTTACTGGTCAGC-1,-0.6466607,-0.36259353,0.4406064,1.3490057,-1.5543057,-0.105629966,0.7200449,-0.3892423,-0.2914001,0.84017533
E15_5-S1#GATCTTACTTACCGAG-1,-0.78119844,-0.5802552,0.461784,2.1191945,-1.4124585,0.74744236,-0.48395538,-0.08082697,-0.35147232,0.361746
E15_5-S1#GATCTTACTTATCCGG-1,-0.39137405,-0.3400715,0.083955154,1.7612244,-0.86957073,0.14374179,-0.23845516,-0.4311899,-0.3282454,0.6099855
E15_5-S1#GATCTTACTTATTCAT-1,-0.76778054,-0.5300019,0.47353002,1.8519795,-1.1552584,0.05113113,-0.5643609,-0.03066606,-0.36495906,1.0363864
E15_5-S1#GATCTTACTTGACTTC-1,-0.7751227,-0.30824018,0.6875144,1.7767416,-0.15420379,-0.22348472,-0.35362524,-0.60523355,-0.5247286,0.48038262
E15_5-S1#GCAGGTCCAACCTGCG-1,-0.56713754,-0.20273326,-0.36781844,-0.36732084,-0.53013545,1.0460933,0.5864992,1.0287427,-0.051254164,-0.57493544
E15_5-S1#GCAGGTCCAATTAAGA-1,-0.08181497,-0.6236836,0.29042694,1.7322116,-0.85039604,-0.17372309,-0.08793377,-1.0264356,-0.5142719,1.3356203
E15_5-S1#GCAGGTCCACCGCCAA-1,-0.6554103,-0.43141183,-0.470623,-0.85718095,-0.54103005,0.21874845,0.025748357,1.9241698,1.3277583,-0.5407686
E15_5-S1#GCAGGTCCACGGAGGC-1,-0.8044724,-0.62891155,0.24354076,2.596234,-0.57030874,-0.77236193,-0.52953964,-1.0624089,-0.63637245,2.1646008
E15_5-S1#GCAGGTCCACTATGCA-1,-0.003596337,-1.1490269,-1.0751045,0.2761949,1.6444622,-1.2114114,-1.5562493,1.0856441,-0.8901566,2.8792436
E15_5-S1#GCAGGTCCACTCAATA-1,-0.9078824,1.8182689,-0.42518207,0.404154,-0.15367194,-0.6236054,-0.45942503,1.1099094,-0.49352062,-0.2690448
E15_5-S1#GCAGGTCCACTTAACC-1,-0.9325112,-0.9175182,-0.40643525,-1.0892421,-0.43841913,-0.7670009,-0.6460408,1.9003192,4.046062,-0.7492136
E15_5-S1#GCAGGTCCAGAACGTC-1,-1.2940528,3.6219966,-1.0502646,-0.42970946,-0.53185034,-0.8399013,-1.0516522,2.5220687,-0.16656119,-0.78007364
E15_5-S1#GCAGGTCCAGAGCTAT-1,-1.1028544,2.6240213,-0.94914865,1.065363,0.604562,-0.8798193,-1.1298528,1.1909872,-0.39567935,-1.0275792
E15_5-S1#GCAGGTCCCAACCGCT-1,-0.54271346,-1.040564,-0.5286793,-0.8977308,-0.7519581,-0.69341826,-0.855076,2.31791,3.949588,-0.9573581
E15_5-S1#GCAGGTCCCCAGTTCC-1,-0.4026444,-0.9374386,-0.6009223,-0.86720496,-0.5966233,-0.5384526,-1.0592316,1.7339184,3.8294222,-0.5608229
E15_5-S1#GCAGGTCCCCGAGAAT-1,0.15133382,-0.43585762,0.2338194,1.2704391,-0.045593064,-0.70121616,0.38393697,-0.9364051,-0.6997978,0.7793404
E15_5-S1#GCAGGTCCCGACGCGA-1,0.9263199,-0.7606853,-1.1140538,0.7776321,0.41215646,1.2608846,-0.15433013,-1.4521137,-0.6451089,0.74929875
E15_5-S1#GCAGGTCCCTAAGAGA-1,-1.684338,2.4100232,-0.8542122,0.40769583,0.6894238,-1.0480623,-1.5722044,1.4485357,-0.6222244,0.82536286
E15_5-S1#GCAGGTCCCTGATGGT-1,-0.75530106,-0.6580356,0.11812679,1.6243026,-0.0085464325,-0.91180974,-0.51679796,-0.12284187,-0.7514861,1.9823892
E15_5-S1#GCAGGTCCCTTGCGCC-1,-1.0921608,3.7582853,-0.87271094,0.87342495,-0.5212108,-1.1964363,-1.6539689,1.9800798,-0.32085675,-0.95444554
E15_5-S1#GCAGGTCCGAAGATCG-1,0.2594942,-0.21753098,-0.55991334,-0.24556383,0.2809094,0.57167053,0.9120386,-0.31356952,-0.30316338,-0.38437185
E15_5-S1#GCAGGTCCGACCTTGA-1,-0.9030166,0.61331147,-1.7260059,-0.7637308,-1.7542349,1.9275751,-0.36008257,2.2481241,2.1726491,-1.4545891
E15_5-S1#GCAGGTCCGATACGGA-1,0.9369889,-0.839713,-1.2265953,0.35721093,0.61169374,2.01083,-0.46787536,-1.4717005,-0.6652075,0.75436825
E15_5-S1#GCAGGTCCGATCTTAC-1,0.2812169,-0.7546982,-0.14602973,1.3776871,-0.12125434,-0.9318165,-0.1642535,-0.59128374,-0.8289463,1.8793783
E15_5-S1#GCAGGTCCGCAGGTCC-1,-0.49151978,1.8328632,-0.7113111,-1.5636065,-0.3048905,-0.38923672,0.8282289,1.0921321,0.3366656,-0.62932503
E15_5-S1#GCAGGTCCGCCATTCT-1,-0.71567404,-1.3306968,2.914212,-1.8112228,0.03363542,-1.2523235,0.61238605,3.678189,-1.1444663,-0.9840391
E15_5-S1#GCAGGTCCGCCGCAAC-1,0.39184937,-0.6135511,0.69629353,0.599805,-0.3815626,-0.41936153,0.22956917,-0.5603049,-0.57446826,0.63173133
E15_5-S1#GCAGGTCCGCGTTGGA-1,0.095194176,-0.8140583,-0.7867208,0.7286326,0.7959132,-0.3536948,-0.9396515,0.21362871,-0.6791349,1.7398916
E15_5-S1#GCAGGTCCGGTACTGC-1,0.3777448,-0.015705036,-1.3895408,0.45031637,-0.5997102,1.0120218,-0.44653738,2.2824805,-0.5367099,-1.1343601
E15_5-S1#GCAGGTCCGGTATGCT-1,0.19659097,-0.27520537,-0.658175,0.6567317,-0.14140244,1.1037393,0.3925362,-0.0030490905,-0.4678923,-0.80387396
E15_5-S1#GCAGGTCCTAGAATTA-1,-0.1664764,-1.4705037,1.7619667,-1.4212936,-0.24487019,-1.4017671,1.9590697,3.6761856,-1.593193,-1.099118
E15_5-S1#GCAGGTCCTAGAGTAA-1,-0.053454097,-0.06603958,-1.2926944,-0.96529394,-0.5423195,2.6529493,-0.90705067,2.1672993,0.30918103,-1.3025774
E15_5-S1#GCAGGTCCTAGATCTA-1,-0.15766738,-0.48967558,-0.54731077,2.571779,-0.08814688,-0.82293993,-0.49269545,-0.8778576,-0.7079099,1.6124244
E15_5-S1#GCAGGTCCTCCTACCA-1,-0.39226454,0.04142777,-0.6393604,0.4411474,0.44957677,-0.8275593,-0.19914201,0.5688785,-0.8795155,1.4368113
E15_5-S1#GCAGGTCCTCGGCCTT-1,0.4122888,-0.27288443,-1.187337,-0.2015064,-0.0693249,1.9695973,-0.62137866,2.0642228,-0.7198542,-1.3738234
E15_5-S1#GCAGGTCCTCTGATAC-1,-0.3606372,-0.40078166,-0.9520172,0.3119512,1.3782382,-0.07834792,-0.62765586,-0.28607222,-0.4930413,1.5083638
E15_5-S1#GCAGGTCCTGAGTCTG-1,-0.38366577,-0.66256386,0.041925624,1.9145024,0.078726225,-0.92894936,-0.45068502,-0.80733067,-0.6979301,1.8959707
E15_5-S1#GCAGGTCCTGCCGGCA-1,0.74868196,-0.6759385,-0.7890959,1.7848222,-0.24524565,-0.26040968,-0.5514458,-0.8668452,-0.50066084,1.3561373
E15_5-S1#GCAGGTCCTGCGGACC-1,-0.90581805,-0.48401517,0.32745606,1.7126126,0.836853,-1.1500707,-0.101457834,-1.2677555,-1.0759063,2.1081018
E15_5-S1#GCAGGTCCTTATCCGG-1,-0.97956395,0.20877428,-0.9824598,0.08373614,0.44943562,2.5404153,-0.6879772,0.789619,-0.49238956,-0.9295901
E15_5-S1#GCAGGTCCTTATTCAT-1,0.8550041,-0.82518077,-0.7232254,1.2230971,-0.0058013014,-0.45679608,-0.21785405,-0.8832654,-0.64579934,1.6798211
E15_5-S1#GCAGGTCCTTGACTTC-1,-1.347535,1.6190623,-0.30465662,0.2874595,0.10142418,-0.8211747,-0.38306606,2.0300517,-0.7175325,-0.46403286
E15_5-S1#GCCATTCTAACCTGCG-1,-0.675536,-0.58618444,-0.16988203,1.9167675,-0.898532,1.6508597,-0.109239876,-0.55332255,-0.54679936,-0.028130855
E15_5-S1#GCCATTCTAATTAAGA-1,-0.026900783,-0.6415344,0.22824699,1.6446612,-0.9811839,-0.16035184,0.13661501,-0.9668344,-0.4583016,1.2255837
E15_5-S1#GCCATTCTACCGCCAA-1,-0.83132005,-0.65347004,-1.3061672,-0.82634366,-1.4233934,0.5245265,-0.11852379,2.602755,3.0308757,-0.9989389
E15_5-S1#GCCATTCTACGGAGGC-1,0.0713794,-0.8507293,-0.62835306,1.6614935,-0.26250604,-0.6152291,-0.9890768,-0.15295936,-0.5738266,2.3398073
E15_5-S1#GCCATTCTACTATGCA-1,-0.6858636,-0.30496007,-0.26127142,1.415714,-0.19618788,-0.028923266,-0.3815024,-0.27565745,-0.41938126,1.1380334
E15_5-S1#GCCATTCTACTCAATA-1,-1.4718297,0.08644788,1.1236148,1.7920985,0.3265967,-0.87197965,0.09641943,-1.1154743,-0.7528698,0.78697634
E15_5-S1#GCCATTCTACTTAACC-1,-1.1080729,-1.1957444,-1.1319237,-0.23495398,-0.008063376,0.28557754,-1.4063665,2.5782697,0.6137114,1.6075664
E15_5-S1#GCCATTCTAGAACGTC-1,0.11384523,-1.3467345,1.6115739,-1.0861827,-0.5372528,-0.771019,1.4135662,2.632355,-1.140831,-0.8893206
E15_5-S1#GCCATTCTAGAGCTAT-1,-1.1461965,-0.3553337,1.0410532,1.8731108,0.16093396,-0.5825602,-0.111612916,-0.921517,-0.5683534,0.6104761
E15_5-S1#GCCATTCTATAAGGAG-1,-0.111432254,-0.21876842,-0.63158095,-0.44402018,-0.23607112,0.6988077,0.04992886,1.3706077,0.0757154,-0.55318695
E15_5-S1#GCCATTCTATCATATT-1,-0.747794,-0.5557845,0.037809107,1.9749863,0.06776048,-0.5082151,-0.32771456,-0.8273054,-0.7279349,1.6141926
E15_5-S1#GCCATTCTCAACCGCT-1,0.7863698,-1.3161118,-1.0673933,0.12098108,-1.511914,0.20445314,1.4131655,3.2448182,-0.9194321,-0.9549365
E15_5-S1#GCCATTCTCCAGTTCC-1,-0.92151195,1.3719549,-1.1195953,-0.3631833,-0.6963621,0.6558353,-1.1477027,1.8416151,1.0073277,-0.6283778
E15_5-S1#GCCATTCTCCGAGAAT-1,-1.2328287,-0.3980926,0.7303717,1.9597033,0.0373503,-0.86893,-0.07642798,-0.84061915,-0.6772258,1.366699
E15_5-S1#GCCATTCTCCGATTCC-1,-0.5719892,-0.93091,-0.483973,-0.94516855,-0.6410283,-0.8585583,-0.96792805,2.1787024,3.9817517,-0.7608987
E15_5-S1#GCCATTCTCGAACGCC-1,-0.33054364,-0.8290628,-0.48766464,-1.1181054,-0.4544648,-0.22736076,-0.12781022,1.1033075,3.0743835,-0.60267866
E15_5-S1#GCCATTCTCGACGCGA-1,-0.32768667,-0.41397732,-0.52848935,0.92879426,-0.25377718,0.9587334,0.02042817,-0.8872093,-0.48661485,0.9897988
E15_5-S1#GCCATTCTCTAAGAGA-1,-0.93139553,-0.3234679,0.63829994,1.7873774,0.118774116,-0.23682511,-0.14877465,-0.5201181,-0.5513989,0.16752887
E15_5-S1#GCCATTCTCTGATGGT-1,-0.75816405,-0.4062977,0.2959823,1.7786609,0.36590827,-0.52829194,-0.008960877,-0.92656004,-0.78942966,0.9771528
E15_5-S1#GCCATTCTCTTGCGCC-1,0.6528996,-0.68509245,0.7558426,-1.4215671,0.36531842,-0.20964076,1.8316561,1.5542762,-1.6456888,-1.1980041
E15_5-S1#GCCATTCTGACCTTGA-1,0.35819304,-1.0304419,-0.18136103,-0.18397324,-0.71853614,-0.54140824,1.7700416,3.0858872,-1.3450996,-1.2133019
E15_5-S1#GCCATTCTGATACGGA-1,0.035751723,-0.92294437,-0.66275126,1.806754,0.13166834,-0.98744845,-0.85108083,-0.34913447,-0.6975015,2.496687
E15_5-S1#GCCATTCTGATCTTAC-1,-0.9815665,-0.39595854,1.0541922,2.176517,-0.9031142,-0.7989288,0.33092397,-0.9695714,-0.691532,1.1790384
E15_5-S1#GCCATTCTGCAGGTCC-1,0.51670265,-1.0514462,-1.5042006,-0.22750722,0.0077172657,1.0348818,-0.26719743,2.7904177,-0.7759017,-0.52346617
E15_5-S1#GCCATTCTGCCATTCT-1,-1.0707593,2.8057282,1.614165,-0.92492497,0.24150452,-2.493193,0.89892644,1.2446077,-1.2532754,-1.0627794
E15_5-S1#GCCATTCTGCCGCAAC-1,-2.0535297,0.9743331,0.54855514,1.127635,-1.3245461,-0.46648985,-0.37561145,1.2047555,-0.48889503,0.8537932
E15_5-S1#GCCATTCTGCGTTGGA-1,-0.6255006,-0.6004874,1.1815897,2.1342514,0.052892826,-0.73171586,-0.2198396,-1.1005085,-0.8392774,0.74859554
E15_5-S1#GCCATTCTGCTAACTT-1,0.14195241,-0.6140334,-0.7544302,0.017487355,0.92769873,1.1570991,-0.5836452,-0.62358063,-0.7270425,1.0584941
E15_5-S1#GCCATTCTGGCTGAGC-1,-0.36599955,-0.90647227,-0.55822796,-0.9481954,-0.4734059,-0.47628212,-0.8716935,1.6632892,3.4679084,-0.53092104
E15_5-S1#GCCATTCTGGTACTGC-1,0.71388805,-0.3749733,-0.93668836,0.65231484,0.44929188,1.0865523,-0.51156867,0.87940186,-0.70358235,-1.2546362
E15_5-S1#GCCATTCTGGTATGCT-1,-0.5709562,-0.46895313,-0.6503551,2.1593914,-0.17495704,2.0279531,-0.12511146,-0.72878593,-0.5755156,-0.8927099
E15_5-S1#GCCATTCTTAGAATTA-1,0.43996903,0.29777429,-0.87772644,0.54221404,0.5110519,0.8490753,0.034599293,-0.03307358,-0.6191038,-1.1447799
E15_5-S1#GCCATTCTTAGAGTAA-1,0.090485506,-0.87070435,-1.4572318,-0.15203749,-0.17657864,1.0342569,-0.25217733,2.6875017,-0.4483151,-0.4551994
E15_5-S1#GCCATTCTTAGATCTA-1,0.09348176,-0.6199076,-0.032106638,1.418932,-0.2937404,-0.028533734,-0.462798,-0.7914698,-0.5638304,1.2799728
E15_5-S1#GCCATTCTTCCTACCA-1,-1.2020016,0.5101535,1.3582145,1.427916,0.49767137,-1.0467678,0.46113986,-1.5386353,-0.9719793,0.5042887
E15_5-S1#GCCATTCTTCGGCCTT-1,-0.0060250377,-0.732788,-1.0913056,0.41903433,-0.8328263,0.58293015,0.65110505,2.4214141,-0.86266816,-0.5488705
E15_5-S1#GCCATTCTTGAGTCTG-1,0.5436809,-0.65260977,-0.083930954,0.79852486,-0.82314867,0.45592502,-0.73318714,0.56732774,-0.43241894,0.35983688
E15_5-S1#GCCATTCTTGCCGGCA-1,0.37182713,-0.5988951,-0.44813535,1.7908387,-0.37429056,-0.30151916,-0.4532409,-0.74044406,-0.5313153,1.2851746
E15_5-S1#GCCATTCTTGCGGACC-1,0.6698879,-0.9092493,-0.18185312,1.0553875,-0.18175834,-0.4296016,-0.15584375,-0.45537236,-0.85005015,1.4384533
E15_5-S1#GCCATTCTTGGTCAGC-1,-0.7548927,-0.554358,0.09484995,2.1537142,-0.2329489,-0.3504678,-0.2917682,-0.8213247,-0.54434633,1.3015426
E15_5-S1#GCCATTCTTTACCGAG-1,0.23844187,-0.5765431,-0.050006777,1.6746324,-0.84196466,0.14486739,0.08018388,-0.67638206,-0.45948845,0.46625954
E15_5-S1#GCCATTCTTTATCCGG-1,-0.26660913,-0.5747052,-0.77998203,1.5984998,0.33647296,-0.0806404,-0.50205916,-0.6699603,-0.61913556,1.558119
E15_5-S1#GCCATTCTTTATTCAT-1,0.34085554,-0.42667574,-0.33166116,1.4614702,-0.20483492,0.1649116,-0.51154745,-0.41364455,-0.45725596,0.37838227
E15_5-S1#GCCATTCTTTGACTTC-1,-0.62337697,0.4891626,0.20561157,1.2486517,-0.3819208,-0.77990055,0.4929937,0.58370924,-0.7139121,-0.5210184
E15_5-S1#GCCGCAACAACCTGCG-1,0.008302674,-0.40859893,-0.90677685,-0.7546584,-0.97038686,1.4326673,0.97852397,2.048502,-0.22640458,-1.2011704
E15_5-S1#GCCGCAACAAGAAGCT-1,0.88917565,-1.1056408,-0.9287397,0.3108168,1.7052215,-0.60195875,-1.4961437,-0.21848433,-0.9286088,2.374362
E15_5-S1#GCCGCAACAATTAAGA-1,0.65948176,-0.65366435,-0.20608841,1.6435404,-0.9518118,0.30091262,0.51390463,-0.94695145,-0.7010985,0.34177527
E15_5-S1#GCCGCAACACCGCCAA-1,-1.1814862,-1.0542471,2.8283477,-1.2071893,0.017225124,-0.41475034,-0.9402041,3.2154105,-0.5411109,-0.7219952
E15_5-S1#GCCGCAACACGGAGGC-1,0.4318351,-0.7654958,0.24482283,1.1616055,-0.80084115,0.07591828,0.70897096,-1.2448502,-0.8654624,1.0534967
E15_5-S1#GCCGCAACACTATGCA-1,-0.6187058,-0.7377101,-0.43579304,1.0270426,0.40135458,-0.42520002,-1.012078,0.64587945,-0.8034065,1.9586167
E15_5-S1#GCCGCAACACTCAATA-1,-0.8854713,-0.43888435,0.20017195,1.9611816,1.3713123,-0.5278427,-0.18935768,-0.7247413,-0.7523666,-0.014001791
E15_5-S1#GCCGCAACACTTAACC-1,-0.87317216,-1.2934769,4.034307,-0.8158554,-0.77307665,-0.8453646,-1.976799,4.3178434,-0.7213899,-1.0530162
E15_5-S1#GCCGCAACAGAACGTC-1,-0.5218861,-0.24073352,-0.5863781,1.5213906,-0.044956304,0.6566205,-0.5762278,0.46809655,-0.40438992,-0.27153593
E15_5-S1#GCCGCAACAGAGAAGG-1,0.46942672,-0.46042284,-0.4782404,2.130924,-0.61883616,0.7227358,-0.3024269,-0.56977075,-0.5672997,-0.32608977
E15_5-S1#GCCGCAACAGAGCTAT-1,0.9230324,-0.5096611,-0.681704,1.7174895,0.82080865,-0.032017566,-0.6031335,-0.45055708,-0.51844543,-0.66581184
E15_5-S1#GCCGCAACATAAGGAG-1,-0.17684817,-0.2832866,-0.6108055,-0.47263104,-0.28051677,0.5398017,-0.14016865,2.0249152,-0.019943535,-0.5805166
E15_5-S1#GCCGCAACATCATATT-1,-0.7120916,-0.34924424,-0.042531773,1.9892403,-0.7278887,0.3807573,-0.42677283,-0.44010913,-0.2793681,0.6080086
E15_5-S1#GCCGCAACCAACCGCT-1,-0.10117437,-0.40223536,-0.66166383,-0.6872342,-0.37044376,0.7681944,0.07081191,1.8327416,0.302504,-0.7515002
E15_5-S1#GCCGCAACCATACTCC-1,-0.15988621,-0.41438156,-0.5070048,2.2419658,-0.81948525,1.1250606,-0.23454708,-0.164352,-0.46568406,-0.6016854
E15_5-S1#GCCGCAACCCAGTTCC-1,-1.0148537,-1.4483901,3.9722357,-1.0461366,-0.33067694,-1.0425928,-1.6456802,4.2053986,-0.7131423,-0.93616164
E15_5-S1#GCCGCAACCCGAGAAT-1,-0.6152999,-0.9221678,3.5007348,2.816603,-1.006726,-0.43926874,-1.138569,-1.111203,-0.407177,-0.6769259
E15_5-S1#GCCGCAACCCGATTCC-1,-0.20833439,-0.52273715,-0.08710227,-0.70228547,-0.57466525,0.48820838,0.010118461,2.3409393,-0.08349746,-0.66064394
E15_5-S1#GCCGCAACCGAACGCC-1,0.25894797,-0.4642499,-0.6432791,-0.33008468,-0.59074837,0.11653003,-0.4088899,3.1355987,-0.32569116,-0.7481336
E15_5-S1#GCCGCAACCGACGCGA-1,-0.2378273,-0.43276888,0.0075536035,1.5760481,-0.81184745,0.2082788,-0.287308,-0.53965783,-0.44554213,0.9630711
E15_5-S1#GCCGCAACCTAAGAGA-1,0.19642395,-0.52255267,-0.40441075,1.5511339,1.1004527,-0.03481186,-0.47093004,-0.8098141,-0.6050546,-0.00043647923
E15_5-S1#GCCGCAACCTGATGGT-1,-0.66310066,-0.6425596,2.458166,2.1052787,-0.5035119,-0.19804525,-0.5091865,-1.0860806,-0.3783069,-0.582653
E15_5-S1#GCCGCAACCTTGCGCC-1,0.33406606,-0.23879804,-0.50279087,1.4853449,-0.11429286,0.43369094,0.04379655,-0.2677942,-0.4315645,-0.741658
E15_5-S1#GCCGCAACGACCTTGA-1,0.38461405,-0.54934293,-0.5519116,-0.24868011,-0.5401719,0.07751488,-0.21379897,2.6748154,-0.2599105,-0.77312815
E15_5-S1#GCCGCAACGATACGGA-1,0.03836824,-0.4149565,-0.17471741,1.3282077,-0.8822196,0.2595396,0.7773028,-0.87739253,-0.44714794,0.3930156
E15_5-S1#GCCGCAACGATCTTAC-1,-0.7157329,-0.51102394,0.2180591,2.2358136,1.1133991,-0.11286526,-0.32133296,-0.9448689,-0.666743,-0.2947047
E15_5-S1#GCCGCAACGCAGGTCC-1,-0.33936545,0.0382759,-0.9615192,-0.03849589,0.39606467,1.3730364,0.23335196,1.0436265,-0.536064,-1.2089111
E15_5-S1#GCCGCAACGCCATTCT-1,0.40625304,-0.36546323,-0.6145247,1.8781573,0.7400155,-0.25939858,-0.1677637,-0.66677046,-0.5619564,-0.38854864
E15_5-S1#GCCGCAACGCCGCAAC-1,-1.6081859,2.1743965,3.1167567,-2.3853703,-0.55208415,-1.7686013,1.1949385,2.0580773,-1.4016516,-0.8282757
E15_5-S1#GCCGCAACGCGTTGGA-1,-0.4543566,-0.59409916,-0.09606102,2.1240551,1.4213375,-0.21335949,-0.33271775,-0.8980721,-0.7922525,-0.16447395
E15_5-S1#GCCGCAACGCTAACTT-1,-0.26438132,-0.42419758,-0.46974137,2.5683324,-0.5762923,0.7992575,-0.40399548,-0.09987951,-0.40612605,-0.7229763
E15_5-S1#GCCGCAACGGCTGAGC-1,-0.23015799,-0.41532674,-0.41479853,-0.72094077,-0.25640765,0.42586485,0.035797406,2.3068118,-0.027761698,-0.7030807
E15_5-S1#GCCGCAACGGTACTGC-1,-0.20872776,-0.32774228,-0.29774147,1.6805743,0.3762489,0.38992333,-0.44639367,-0.24792938,-0.40425956,-0.5139522
E15_5-S1#GCCGCAACGGTATGCT-1,0.39204392,-0.2671162,-0.534994,0.33261877,-0.16663827,0.729621,0.13627689,0.18214607,-0.3201251,-0.48383307
E15_5-S1#GCCGCAACTAGAATTA-1,-0.04224285,-0.28343737,-0.46124828,1.3928338,0.59051317,-0.11825518,-0.38984314,0.069483235,-0.42026737,-0.337536
E15_5-S1#GCCGCAACTAGAGTAA-1,0.5529147,-0.98327065,-0.5244903,-0.49310547,-0.43193197,1.1986951,0.5916672,2.1468763,-0.9411182,-1.1162367
E15_5-S1#GCCGCAACTAGATCTA-1,0.49206266,-0.7106432,0.18378566,1.3125225,-0.9232759,-0.1384059,0.27762267,-0.9471072,-0.6473001,1.1007389
E15_5-S1#GCCGCAACTCCGGCCT-1,1.3548121,-0.59939283,-0.7697051,1.0585685,1.0556163,0.42171904,-0.71673495,-0.9832264,-0.82319874,0.001542367
E15_5-S1#GCCGCAACTCCTACCA-1,-0.9942963,-0.5248983,0.52033514,1.893576,1.4648409,-0.67315114,-0.13090034,-0.8146276,-0.85975343,0.11887524
E15_5-S1#GCCGCAACTCGGCCTT-1,0.49448523,-0.4126022,-0.5422911,1.1878,-0.15969877,0.6948654,-0.32628396,0.20216513,-0.47934067,-0.659099
E15_5-S1#GCCGCAACTGAGTCTG-1,-0.010781448,-0.8377527,2.3187747,1.8860654,-0.6024926,-0.48159993,-0.7307421,-0.98712873,-0.6489658,0.09462318
E15_5-S1#GCCGCAACTGCCGGCA-1,1.1113867,-0.6305546,-0.14600728,1.6986276,-0.91080755,0.008147879,0.025016183,-0.8296996,-0.68684846,0.3607395
E15_5-S1#GCCGCAACTGCGGACC-1,-0.36789495,-0.798024,1.8312656,1.9397516,0.15317169,-0.777055,-0.1292532,-1.5046344,-0.9269621,0.57963467
E15_5-S1#GCCGCAACTGGTCAGC-1,-0.83666146,-0.44231904,-0.07139775,1.7445849,-0.8897745,0.2771705,-0.5710153,-0.0014456064,-0.4798711,1.2707293
E15_5-S1#GCCGCAACTTACCGAG-1,-0.2928484,-0.28887463,0.011647403,2.1628919,-1.2637998,-0.11180264,-0.38994917,-0.119137496,-0.22514126,0.5170144
E15_5-S1#GCCGCAACTTATCCGG-1,0.021184482,-0.391121,-0.31225646,1.4718323,-0.45091018,0.5214955,0.02182329,-0.6159259,-0.49097297,0.224851
E15_5-S1#GCCGCAACTTATTCAT-1,0.5048821,-0.68835723,-0.1810067,1.3852073,-1.0991629,0.65062964,0.048658535,-0.6395484,-0.51048315,0.529181
E15_5-S1#GCCGCAACTTGACTTC-1,0.51531357,-0.5843062,-0.6398918,1.6762044,0.6736837,0.21584207,-0.15537663,-0.7768116,-0.68076044,-0.24389715
E15_5-S1#GCGTTGGAAACCTGCG-1,-0.6233145,-0.3439809,-0.554216,2.2878633,-0.5583863,0.69770634,-0.36755687,0.6081527,-0.35144404,-0.79482365
E15_5-S1#GCGTTGGAAATTAAGA-1,0.19969314,-0.6163955,-0.2179184,1.2884154,-0.9560999,0.4789696,0.65978795,-0.8857135,-0.42628193,0.47554323
E15_5-S1#GCGTTGGAACCGCCAA-1,-0.57651913,-0.56630534,-1.1031823,-0.13370395,-0.6857737,1.1342413,-0.43022972,2.2527783,0.45772403,-0.3490296
E15_5-S1#GCGTTGGAACGGAGGC-1,0.677119,-0.6241729,0.09857441,1.3908011,-0.7668303,-0.3406784,-0.4486476,-0.6271249,-0.5496606,1.1906203
E15_5-S1#GCGTTGGAACTATGCA-1,-0.16193464,-0.51643586,0.10690401,1.5997145,-1.3851783,-0.07866034,-0.007623516,-0.08952461,-0.3088709,0.84160954
E15_5-S1#GCGTTGGAACTCAATA-1,-0.86407244,-0.3192857,0.3085603,1.7491628,0.9293725,-0.6454092,0.00914504,-1.0588259,-0.8609143,0.7522668
E15_5-S1#GCGTTGGAACTTAACC-1,-1.2197839,-0.32247335,0.5998697,0.82157576,-0.6555341,0.07026796,-0.38499492,0.53677195,0.14112563,0.41317528
E15_5-S1#GCGTTGGAAGAACGTC-1,-0.15484418,-0.5905988,-0.04148237,1.118174,0.13468607,1.2170287,0.16612595,-0.5550328,-0.67854184,-0.6155149
E15_5-S1#GCGTTGGAAGAGCTAT-1,-1.1767834,-0.15808356,-0.23707265,2.308275,1.4773479,-0.10069218,-0.3032085,-0.50623274,-0.44209912,-0.86145055
E15_5-S1#GCGTTGGAATAAGGAG-1,-0.60445595,-0.2769122,-0.5896784,0.02090254,-0.021676674,0.42704782,-0.5108988,2.1679828,-0.027798712,-0.5845124
E15_5-S1#GCGTTGGAATCATATT-1,-0.9327017,-0.5061038,0.5474162,1.5531899,-0.19287321,0.37856326,-0.517901,-0.6754101,-0.56934446,0.9151648
E15_5-S1#GCGTTGGACAACCGCT-1,-0.97494835,-0.65305346,-0.7951467,0.9919324,-0.6703563,1.4390291,-0.91416603,2.2691045,0.06260101,-0.7549961
E15_5-S1#GCGTTGGACATACTCC-1,-0.54922485,-0.53539586,-0.780677,2.1532989,1.1151886,1.3655691,-0.56476307,-1.0146346,-0.8120099,-0.37735128
E15_5-S1#GCGTTGGACCAGTTCC-1,-1.7691675,-0.808259,-0.6560417,0.5113006,0.42815292,-0.6216134,-1.2484728,2.213986,0.009239197,1.9408758
E15_5-S1#GCGTTGGACCGAGAAT-1,-0.86392,-0.53345484,1.095417,2.0147452,-0.56282884,-0.40789545,-0.49552417,-0.94311464,-0.48117265,1.177748
E15_5-S1#GCGTTGGACCGATTCC-1,0.71381843,-1.2218878,-0.65901256,0.9379014,-1.0665665,-0.34403324,0.0045924634,3.3522735,-0.8985158,-0.8185698
E15_5-S1#GCGTTGGACGAACGCC-1,-0.09784834,-0.5780365,0.10197187,-0.99914193,-0.4234957,-0.31768638,1.3447459,2.399057,-0.6305364,-0.79902923
E15_5-S1#GCGTTGGACGACGCGA-1,-0.86189884,-0.634352,0.061851196,2.0454817,0.011706552,-0.15544115,-0.5503395,-1.0388882,-0.74100924,1.8628898
E15_5-S1#GCGTTGGACTAAGAGA-1,-0.7476857,-0.32244277,-0.36303106,1.8829085,0.9197584,-0.13054404,-0.4347168,-0.66647536,-0.49619314,0.35842195
E15_5-S1#GCGTTGGACTGATGGT-1,-0.70903826,-0.5153393,0.38665557,1.9368756,0.4599904,-0.42383844,-0.23018968,-0.9950957,-0.72735715,0.8173371
E15_5-S1#GCGTTGGACTTGCGCC-1,-0.60463464,-0.2140908,0.30187523,1.5910892,0.52749336,0.56089973,-0.45468342,-0.8286802,-0.52451557,-0.35475275
E15_5-S1#GCGTTGGAGACCTTGA-1,-0.20974821,-0.87706167,-1.0554385,1.156454,-0.6636078,0.5864348,-1.0744498,2.5390902,0.2603477,-0.6620206
E15_5-S1#GCGTTGGAGATACGGA-1,-1.0387648,-0.38837856,-0.3266757,2.0372102,0.18305726,0.66487044,-0.55299413,-0.7654424,-0.5188881,0.70600575
E15_5-S1#GCGTTGGAGATCTTAC-1,-0.6469553,-0.5174865,0.26637846,2.2176948,0.914771,-0.58917475,-0.35773003,-0.82348996,-0.84617555,0.38216782
E15_5-S1#GCGTTGGAGCAGGTCC-1,-0.684036,-0.45386466,-0.22035028,-0.3311271,1.2148151,-0.33680305,-0.91742134,0.7463996,-0.6225072,1.6048949
E15_5-S1#GCGTTGGAGCCATTCT-1,-0.6801444,-0.125436,0.23853089,1.842461,1.1105692,-0.2376869,-0.25410482,-0.65565383,-0.47271982,-0.76581526
E15_5-S1#GCGTTGGAGCCGCAAC-1,-1.2758015,-0.49934587,1.5106497,1.8518345,-0.64201725,-0.5514075,-0.5449233,-0.25318357,-0.57831293,0.98250777
E15_5-S1#GCGTTGGAGCGTTGGA-1,-0.19013453,0.69436955,0.97864246,0.34081522,0.20453265,-1.4157714,0.83243674,0.011039533,-1.1276706,-0.3282598
E15_5-S1#GCGTTGGAGCTAACTT-1,-0.9997164,-0.4507327,-0.78963935,2.3480182,1.0330505,1.1915796,-0.44211477,-0.615464,-0.6481137,-0.6268674
E15_5-S1#GCGTTGGAGGCTGAGC-1,-0.31417888,-0.57910717,-0.05276461,-0.44405365,-0.3657502,-0.40326917,0.32911974,3.2388961,-0.55114484,-0.85774744
E15_5-S1#GCGTTGGAGGTACTGC-1,-0.60368735,-0.41231212,0.75705343,1.6912009,0.1665855,0.105489835,-0.5426571,-0.6289685,-0.41686276,-0.115841836
E15_5-S1#GCGTTGGAGGTATGCT-1,-0.5867705,-0.46768337,-0.32270283,2.4825,0.5195133,0.84227055,-0.5651899,-0.6770107,-0.56768644,-0.65724015
E15_5-S1#GCGTTGGATAGAATTA-1,-0.9316902,-0.19262378,-0.28716835,1.7126939,0.89278483,1.0203778,-0.4503747,-0.6332809,-0.51662433,-0.61409426
E15_5-S1#GCGTTGGATAGAGTAA-1,-0.7420923,-0.97934467,1.7741951,-1.4241924,0.42160794,-0.6364358,0.07816375,2.43097,-0.55893284,-0.3639386
E15_5-S1#GCGTTGGATAGATCTA-1,-0.59960634,-0.5065652,0.33265013,1.7998707,-0.36873034,-0.007867098,-0.37649643,-0.83808285,-0.57242095,1.1372482
E15_5-S1#GCGTTGGATCCTACCA-1,-0.899102,-0.15401064,0.52620345,1.461319,0.87997264,-0.7710633,0.105203584,-1.1618172,-0.87964183,0.8929364
E15_5-S1#GCGTTGGATCGGCCTT-1,-0.32678628,-0.70262206,-0.5992699,0.4011369,0.8012021,1.9853114,-0.7313122,0.3099097,-0.7062058,-0.43136394
E15_5-S1#GCGTTGGATCTGATAC-1,-0.5047547,-0.5435514,-0.22872677,1.6918349,0.027097575,0.92587006,-0.5686775,-0.7064274,-0.55430424,0.46163952
E15_5-S1#GCGTTGGATGAGTCTG-1,-0.46151322,-0.639761,0.77903223,1.5015817,-0.28428262,-0.36846024,-0.7354913,-0.53048056,-0.5788665,1.3182417
E15_5-S1#GCGTTGGATGCCGGCA-1,-0.26067758,-0.52203214,0.08997564,1.4860833,-0.3039421,0.4218927,-0.52802044,-0.57586426,-0.5589013,0.75148636
E15_5-S1#GCGTTGGATGCGGACC-1,-0.24974246,-0.6375187,0.9452547,1.5618973,-0.5885353,-0.689184,0.20102277,-1.2761393,-0.79970855,1.5326536
E15_5-S1#GCGTTGGATGGTCAGC-1,-0.92316884,-0.43610817,0.51357853,1.6312631,-0.7700418,0.55311114,-0.4263315,-0.21540041,-0.36143142,0.4345294
E15_5-S1#GCGTTGGATTACCGAG-1,-0.8140196,-0.597257,0.32593492,1.8048614,-0.31573385,-0.21260047,-0.5721229,-0.6188948,-0.52511185,1.5249443
E15_5-S1#GCGTTGGATTATCCGG-1,-0.4902672,-0.6365805,-0.25554013,1.8123875,0.4335784,0.6538371,-0.35894334,-1.0653957,-0.76286566,0.66978985
E15_5-S1#GCGTTGGATTATTCAT-1,-0.47811702,-0.5040697,0.51428795,1.5805341,-0.16890883,-0.015639417,-0.5813287,-0.64667237,-0.55711895,0.857033
E15_5-S1#GCGTTGGATTGACTTC-1,-0.49153784,-0.40709832,-0.34626105,2.1296093,1.1861386,0.2758833,-0.5037142,-0.6225383,-0.44920588,-0.7712757
E15_5-S1#GCTAACTTACCGCCAA-1,-0.58329934,-0.22790405,-0.5561627,0.28684235,0.3547229,0.6222634,-0.4599304,0.99614185,0.048502363,-0.48117635
E15_5-S1#GCTAACTTACGGAGGC-1,-0.7229142,1.5784509,-0.7523744,0.18228318,0.14772254,0.69908917,0.34067,-0.32621005,-0.5658093,-0.5809077
E15_5-S1#GCTAACTTACTCAATA-1,3.4033625,-1.2977419,-0.910064,2.3212883,-1.7889023,-1.3487103,3.2559981,-1.1921036,-0.8712159,-1.5719109
E15_5-S1#GCTAACTTACTTAACC-1,-0.5704489,-0.3916131,-0.5384687,0.07714333,0.13141376,0.68371433,-0.4258203,1.1603365,0.46068498,-0.586942
E15_5-S1#GCTAACTTAGAACGTC-1,-0.06073226,-0.8374527,-0.15284395,-0.76271105,-0.27556187,1.406751,1.1241914,1.6795717,-1.0824294,-1.0387827
E15_5-S1#GCTAACTTAGAGCTAT-1,0.39951533,-0.3991086,-0.72802186,1.2600898,1.4089862,0.19307469,-0.6245434,-0.29594165,-0.4879052,-0.72614527
E15_5-S1#GCTAACTTCAACCGCT-1,-0.33473006,-0.2958246,-0.48974487,0.12319169,0.32004705,0.47485968,-0.4269847,0.9309969,0.19485685,-0.4966679
E15_5-S1#GCTAACTTCCAGTTCC-1,-0.55508554,-0.28200093,-0.52665496,-0.05864906,0.2853819,0.54064995,-0.45619628,1.3922844,0.18630856,-0.52603793
E15_5-S1#GCTAACTTCCGAGAAT-1,-1.0902814,-0.4669877,-0.86388934,0.9626928,-1.1114383,2.123935,-0.89852613,2.2078974,-0.11822226,-0.7451802
E15_5-S1#GCTAACTTCTAAGAGA-1,3.118419,-1.0862857,-0.85912466,2.4828832,-1.7916839,-0.7828753,1.8918566,-1.011856,-0.7229768,-1.2383564
E15_5-S1#GCTAACTTCTGATGGT-1,2.8324246,-1.2064902,-0.6819122,2.4105392,-1.9624672,-0.76038647,2.4833255,-1.1454607,-0.81703544,-1.1525366
E15_5-S1#GCTAACTTCTTGCGCC-1,0.4981753,-0.5590545,-0.3495217,-0.3613976,0.11354402,0.85236657,0.87366414,0.4983506,-0.68483186,-0.88129497
E15_5-S1#GCTAACTTGACCTTGA-1,-0.057867765,-0.5284686,-0.42088798,-0.42354506,0.21044074,0.6060227,0.38420925,0.73588365,0.28466782,-0.7904549
E15_5-S1#GCTAACTTGATCTTAC-1,3.1989179,-1.1903181,-0.84181136,2.351876,-1.9383116,-1.1277444,2.8995867,-1.0923951,-0.7941295,-1.4656703
E15_5-S1#GCTAACTTGCAGGTCC-1,-0.46383962,-0.3627826,-0.8269734,0.025060102,0.6161782,1.9131223,0.039825782,0.5245261,-0.3887142,-1.0764025
E15_5-S1#GCTAACTTGCCATTCT-1,0.6425148,-0.41483626,-0.74160534,1.0365986,1.0336808,0.8215304,-0.3301178,-0.57064164,-0.5707496,-0.9063741
E15_5-S1#GCTAACTTGCCGCAAC-1,0.038614,-0.029153919,-0.8340156,-0.20452575,-1.5958022,0.39139473,1.8758087,2.170518,-0.641203,-1.1716347
E15_5-S1#GCTAACTTGCGTTGGA-1,3.3353765,-1.2363014,-0.9969818,2.4526813,-1.9144013,-1.1809778,2.9486465,-1.1061053,-0.7729757,-1.5289614
E15_5-S1#GCTAACTTGGTACTGC-1,2.0017025,-0.7318856,-0.5572912,1.5402782,-1.2560868,-0.20292908,1.0564749,-0.118931815,-0.53348714,-1.1978438
E15_5-S1#GCTAACTTTAGAATTA-1,3.2291253,-1.1875365,-0.91603225,2.6292326,-1.9311637,-1.1094239,2.2386873,-0.7817759,-0.8589322,-1.3121808
E15_5-S1#GCTAACTTTAGAGTAA-1,-0.29570684,-0.25186753,-0.605441,0.091785505,0.715866,0.82855535,-0.3276395,0.54384995,-0.13484788,-0.5645539
E15_5-S1#GCTAACTTTCCTACCA-1,3.4897687,-1.1943574,-0.3632875,1.999752,-2.0412965,-1.5406404,3.3846598,-1.2528552,-1.0877818,-1.3939619
E15_5-S1#GCTAACTTTCGGCCTT-1,0.29750368,-0.82821304,-0.11500576,-1.3271332,-0.55590856,-0.2655947,2.255076,2.4432604,-0.8369071,-1.067078
E15_5-S1#GCTAACTTTGAGTCTG-1,-0.8294018,0.1484834,-0.65820706,-0.9110025,-0.72436213,1.3968941,0.7934922,1.6295826,-0.06309322,-0.7823857
E15_5-S1#GCTAACTTTGCGGACC-1,-0.67234,1.4724045,-0.39990115,-0.13585818,-0.27187055,0.4524653,0.008516081,0.17791508,-0.39804476,-0.23328622
E15_5-S1#GCTAACTTTTGACTTC-1,2.6667573,-1.0857545,-0.724966,2.277863,-1.3882192,-0.5080012,1.785343,-0.98293775,-0.74329156,-1.2967931
E15_5-S1#GGCTGAGCAATTAAGA-1,-0.9806066,-0.9121048,-1.0450453,0.54181635,0.71824133,-0.8795789,-1.4791901,1.6070237,-0.7100658,3.1395102
E15_5-S1#GGCTGAGCACGGAGGC-1,0.23526984,-0.57846177,-0.46334428,1.3341439,0.30746162,0.15239234,-0.7676772,-0.891711,-0.77425027,1.4461768
E15_5-S1#GGCTGAGCACTCAATA-1,-0.78914344,0.7986501,0.6125683,-1.337071,0.17346784,-1.0962487,1.3753202,2.2988913,-1.3850827,-0.6513517
E15_5-S1#GGCTGAGCAGAACGTC-1,0.40833357,-0.6442917,-1.3503196,-0.78908765,-0.8858157,1.5078523,-0.9055421,2.0837724,1.5283364,-0.95323807
E15_5-S1#GGCTGAGCAGAGCTAT-1,-0.17526402,-0.4714104,-1.418793,0.9440421,-0.01204966,0.74118096,-1.5002733,2.3490396,0.10561594,-0.5620882
E15_5-S1#GGCTGAGCCCGAGAAT-1,-0.47215796,-0.7115114,0.75893176,1.5302662,0.10817923,-0.5761321,-0.5568135,-0.975439,-0.64825946,1.5429361
E15_5-S1#GGCTGAGCCTAAGAGA-1,0.0039930157,-0.79371923,-0.4773637,0.022805808,-0.1742982,-0.45344746,1.2009602,2.9261749,-1.2663494,-0.98875606
E15_5-S1#GGCTGAGCCTGATGGT-1,-0.5912289,-0.62320834,0.7691732,1.6739694,-0.8011904,-0.44565818,-0.5051531,-0.3779957,-0.3825443,1.2838364
E15_5-S1#GGCTGAGCCTTGCGCC-1,-1.024369,2.29528,-1.3532155,0.15529035,-0.6817605,0.6045477,-1.3887967,1.8812131,0.3528265,-0.84101605
E15_5-S1#GGCTGAGCGACCTTGA-1,-0.06497183,-0.55752176,0.16191871,-0.7262276,0.29699174,0.105271064,-0.11846407,1.5848172,-0.0009864308,-0.680827
E15_5-S1#GGCTGAGCGATCTTAC-1,-0.9297722,-0.4355527,0.8941229,1.4533758,-0.12313503,-0.39222655,-0.41363534,-0.4972038,-0.5048743,0.94890136
E15_5-S1#GGCTGAGCGCAGGTCC-1,-0.4252694,-0.9010097,-0.6117806,0.36195445,-0.14191608,0.31594384,-0.50224984,2.2501383,0.048566982,-0.39437795
E15_5-S1#GGCTGAGCGCCATTCT-1,-1.2971538,3.7969873,-0.7315756,-0.35591274,-0.4300087,-1.0334811,-0.729816,1.7767856,-0.18348731,-0.8123376
E15_5-S1#GGCTGAGCGCCGCAAC-1,-1.2207621,-0.4033724,0.57149214,1.368627,0.12175436,-1.1019045,-0.42680743,0.013482245,-0.80221975,1.8797106
E15_5-S1#GGCTGAGCGCGTTGGA-1,-0.62933135,-0.68352926,-0.37919468,0.3322597,-0.26172382,0.70071507,-0.53177595,1.3891425,-0.6590642,0.72250175
E15_5-S1#GGCTGAGCGGTACTGC-1,0.19008198,-0.93401,-1.3930124,-0.5759713,0.33150783,0.35407388,-1.0263003,2.2150497,-0.13745916,0.9760395
E15_5-S1#GGCTGAGCTAGAATTA-1,-1.061888,4.10163,-0.8069783,0.2127718,-0.7058246,-0.8715272,-1.4364188,1.7791244,-0.35464203,-0.8562475
E15_5-S1#GGCTGAGCTAGAGTAA-1,-0.6785861,-1.1436698,3.109843,-0.9199139,-0.12913826,-0.8477062,-1.1756212,3.3828113,-0.7402408,-0.85777795
E15_5-S1#GGCTGAGCTAGATCTA-1,-0.16344714,-0.81678504,-0.8394516,0.08658665,0.9538713,-0.570198,-1.3401065,0.7681973,-0.6292934,2.5506265
E15_5-S1#GGCTGAGCTCCTACCA-1,-1.1091835,0.70486635,0.44526148,-1.4898336,-0.08863486,-0.73219985,1.326689,2.4262955,-1.0673018,-0.41595832
E15_5-S1#GGCTGAGCTCGGCCTT-1,-0.4717661,-0.793812,-1.226433,0.568459,-0.6175319,0.8593915,-1.4606314,2.1244168,1.4755355,-0.4576282
E15_5-S1#GGCTGAGCTGAGTCTG-1,-0.110087804,-0.6358143,0.33513185,0.5143001,0.16885114,-0.13572654,-0.68070877,-0.6125618,-0.7632778,1.9198937
E15_5-S1#GGCTGAGCTGCGGACC-1,-0.22286886,-0.62943447,0.26324618,1.4418113,-0.27148193,-0.97927666,-0.19436465,-0.71518445,-0.67604345,1.9835966
E15_5-S1#GGCTGAGCTTATTCAT-1,0.0764205,-0.4521925,-0.29218042,0.51925695,0.52569646,0.25385106,-0.5994295,-0.50517225,-0.5352551,1.0090048
E15_5-S1#GGCTGAGCTTGACTTC-1,-0.42672503,1.7912829,-1.7353433,-1.0850649,-0.6031805,1.0015622,-0.20719759,1.9481678,0.31920666,-1.002708
E15_5-S1#GGTACTGCAACCTGCG-1,-0.7851104,-0.44663393,0.09102155,1.8644557,0.06420215,1.0511223,-0.5062352,-0.39636457,-0.5158417,-0.4206159
E15_5-S1#GGTACTGCAATTAAGA-1,0.51536745,-0.7456479,-0.446645,1.6897279,0.28963852,-0.5411894,-0.66021353,-1.1054326,-0.7153272,1.7197222
E15_5-S1#GGTACTGCACCGCCAA-1,-0.4450665,-0.86548257,-0.6542947,-0.8519896,-0.51344895,-0.29386097,-1.1321894,1.9827871,3.3189397,-0.54539406
E15_5-S1#GGTACTGCACGGAGGC-1,-0.49759245,-0.75690305,0.051140383,2.195327,0.70735574,-0.91668755,-0.69379944,-1.1118932,-0.8061721,1.8292246
E15_5-S1#GGTACTGCACTATGCA-1,-0.51143056,-0.5598476,-0.3064905,2.2825744,0.6158295,-0.9179528,-0.76300514,-1.0209453,-0.80566233,1.9869304
E15_5-S1#GGTACTGCACTCAATA-1,-0.83339727,0.55873835,-0.3605224,0.09280584,0.045095883,0.63503736,-0.038788974,0.7943211,-0.8198919,-0.07339812
E15_5-S1#GGTACTGCACTTAACC-1,-1.2181058,3.0254102,-1.4436133,-0.06589709,-1.1284823,-0.08156123,-1.0899956,2.3963857,0.67291766,-1.0670581
E15_5-S1#GGTACTGCAGAACGTC-1,-0.9034814,0.28153616,-1.1802912,0.7998187,-0.38916615,0.98216975,-0.8248217,2.1993415,-0.24564627,-0.7194594
E15_5-S1#GGTACTGCAGAGCTAT-1,-0.8087924,0.09585013,-0.99317515,0.4566902,0.57590735,1.3408741,-1.0405617,1.2937763,-0.3044293,-0.61613923
E15_5-S1#GGTACTGCATCATATT-1,-0.7769019,-0.39889306,0.24421221,1.7273933,0.03003776,-0.019705972,-0.2176146,-1.0231186,-0.667016,1.1016068
E15_5-S1#GGTACTGCCAACCGCT-1,-0.48303413,-0.29918462,-1.0326065,-1.1449362,-0.6667488,0.8371388,0.73749936,1.9817449,0.4099855,-0.3398584
E15_5-S1#GGTACTGCCCAGTTCC-1,-0.7091726,-0.82963705,-0.47616714,-0.9694151,-0.5290553,-0.89559156,-0.9431382,2.301379,3.8744347,-0.8236369
E15_5-S1#GGTACTGCCCGAGAAT-1,0.052217115,-0.82347363,0.46086046,1.4603935,0.36469024,-0.6516174,-0.704255,-1.0710303,-0.78794056,1.7001555
E15_5-S1#GGTACTGCCCGATTCC-1,-0.5693992,-0.8523802,-0.4922968,-0.9572847,-0.4745774,-0.92325974,-0.96276796,2.1035275,3.8840408,-0.7556026
E15_5-S1#GGTACTGCCGAACGCC-1,-0.6971315,-0.34339613,-0.44696513,-0.671092,0.21576433,0.28639132,-0.068975344,1.0846567,1.1218282,-0.4810804
E15_5-S1#GGTACTGCCGACGCGA-1,0.3626347,-0.8477567,-0.72827905,2.1201222,0.8161898,-0.90962446,-1.0127068,-1.0615944,-0.8573658,2.1183803
E15_5-S1#GGTACTGCCTAAGAGA-1,-0.8741432,-0.51670635,-0.6844837,0.872232,1.0534222,1.4175544,-0.73322344,0.66144377,-0.5212457,-0.67484987
E15_5-S1#GGTACTGCCTGATGGT-1,0.92454934,-0.8674164,0.41284105,0.88376224,-0.81885934,-0.4143039,0.62960315,-1.4437703,-0.8838415,1.5774356
E15_5-S1#GGTACTGCCTTGCGCC-1,-0.5928483,-1.119151,2.8555567,-1.5866218,0.6565522,-1.1551654,-0.6242684,3.0658798,-0.820443,-0.67949086
E15_5-S1#GGTACTGCGACCTTGA-1,0.7596142,-1.267037,-0.011463776,-1.2640427,-0.5542406,-0.4353785,1.4547588,2.911413,-0.95832,-0.63530356
E15_5-S1#GGTACTGCGATCTTAC-1,1.2787681,-0.9676048,0.3579764,1.1187294,-1.0820403,-0.7962764,1.5564868,-1.9232941,-1.1022787,1.5595334
E15_5-S1#GGTACTGCGCAGGTCC-1,-0.60791296,0.32237527,-1.2548584,-0.29641014,-0.39391446,1.4651091,-0.1392735,1.8281046,-0.066002704,-0.8572167
E15_5-S1#GGTACTGCGCCATTCT-1,-1.0019002,0.9004485,-0.7498207,0.59666544,0.1542861,0.56288916,-0.3505436,1.1804851,-0.40705222,-0.88545763
E15_5-S1#GGTACTGCGCCGCAAC-1,-0.3478427,-0.42505217,0.49498433,1.3313547,-0.20797588,-0.86177295,0.07324453,-0.854265,-0.70124173,1.498567
E15_5-S1#GGTACTGCGCGTTGGA-1,-0.04217331,-0.6204177,-0.7957167,0.35847494,-0.14780737,1.1257914,-0.9334862,0.8277208,-0.41964805,0.64726233
E15_5-S1#GGTACTGCGGCTGAGC-1,-0.38953066,-0.9793182,-0.4361096,-0.9714615,-0.5284523,-0.630151,-0.8693056,1.4402758,3.9327211,-0.568668
E15_5-S1#GGTACTGCGGTACTGC-1,0.35286844,0.5108017,0.9333949,-1.775841,0.59735465,-1.6682667,1.9713279,2.1139455,-1.8614354,-1.1741498
E15_5-S1#GGTACTGCGGTATGCT-1,-1.015692,-0.5980997,0.50737983,2.1103592,0.39994752,0.93603617,-0.55681825,-1.0558057,-0.66917205,-0.058135174
E15_5-S1#GGTACTGCTAGAATTA-1,-0.15629347,-0.101682216,-0.67120427,0.43538424,0.55244875,0.79202557,-0.2957719,1.1894517,-0.8868677,-0.85749084
E15_5-S1#GGTACTGCTAGAGTAA-1,0.31429544,-0.30174536,-1.0416386,-0.65228707,-0.23319677,0.7035888,0.70485634,2.201614,-0.93630916,-0.75917757
E15_5-S1#GGTACTGCTAGATCTA-1,-0.3806041,-0.6371203,0.29991966,1.6694702,0.103474945,-0.23638977,-0.38831246,-1.1234382,-0.76260465,1.4556048
E15_5-S1#GGTACTGCTCCTACCA-1,-0.9245198,0.8595933,0.11946026,-0.015515614,-0.21574605,-0.12703586,0.34541777,0.79178023,-0.84843713,0.015002798
E15_5-S1#GGTACTGCTCGGCCTT-1,-0.6654493,1.5503465,-1.1979067,-0.43140048,-0.49949354,0.4513122,0.21924533,1.7774593,-0.23189682,-0.9722166
E15_5-S1#GGTACTGCTGAGTCTG-1,-0.11822559,-0.57713336,0.66537166,1.7243954,-0.65399617,-0.39232814,-0.12193668,-0.8816694,-0.5719759,0.9274981
E15_5-S1#GGTACTGCTGCCGGCA-1,-0.7706101,-0.5297389,0.13154298,2.4146395,-0.28759667,-0.48906,-0.5658563,-0.82432246,-0.52671885,1.4477205
E15_5-S1#GGTACTGCTGCGGACC-1,-0.07324256,-0.51941305,0.57966614,1.5393928,0.22258936,-0.98380846,0.34025407,-1.6505167,-1.1381176,1.683196
E15_5-S1#GGTACTGCTGGTCAGC-1,-0.9099651,-0.72342163,-0.2359003,1.7607677,0.446943,-1.0762908,-0.86914986,-0.15733323,-0.8062758,2.5706258
E15_5-S1#GGTACTGCTTACCGAG-1,-0.39384946,-0.48892003,-0.07242629,2.3434958,-0.18653052,-0.7800971,-0.13645831,-1.1162966,-0.7607006,1.5917829
E15_5-S1#GGTACTGCTTATTCAT-1,-0.59927917,-0.5417051,0.3009057,2.0408523,-0.49334586,-0.83085126,-0.18547149,-0.80353504,-0.7012285,1.8136582
E15_5-S1#GGTACTGCTTGACTTC-1,-0.78443396,0.5934164,-1.0531645,0.6486351,0.43181542,0.48173466,-0.88625973,1.3810521,-0.273851,-0.53894436
E15_5-S1#GGTATGCTACTCAATA-1,-0.21943812,0.9635057,-0.8665244,0.35633048,-0.76464546,0.39526162,0.3878159,1.1783237,-0.6351704,-0.79545903
E15_5-S1#GGTATGCTACTTAACC-1,-0.4213115,-0.24075164,-0.4323554,-0.25188938,-0.07802695,0.39643753,-0.21675529,1.7919807,-0.034982253,-0.5123459
E15_5-S1#GGTATGCTAGAACGTC-1,0.5169234,-0.5631118,-0.6254036,0.0573337,-0.057318684,1.1930891,0.7572518,0.38703546,-0.5641568,-1.1016428
E15_5-S1#GGTATGCTAGAGCTAT-1,1.1369168,-0.43578446,-1.1146505,0.85308295,-1.2223533,0.6341991,0.97322476,0.84257627,-0.45006698,-1.2171444
E15_5-S1#GGTATGCTCAACCGCT-1,-0.42295262,-0.27242774,-0.43404165,-0.36263138,-0.127207,0.28306633,0.023414573,1.6723974,0.1726545,-0.5322724
E15_5-S1#GGTATGCTCCGAGAAT-1,-0.4943463,1.0431875,-1.1445057,-0.5504597,-0.6791951,1.7412755,0.12932485,1.5457573,-0.5855389,-1.0054996
E15_5-S1#GGTATGCTCTAAGAGA-1,0.092356265,0.17520615,-1.0664978,0.35981694,-0.5129982,1.8412883,-0.5040351,1.185245,-0.6432636,-0.927118
E15_5-S1#GGTATGCTCTGATGGT-1,-0.68869424,0.17839496,-0.6217355,-0.62778395,-1.0196168,1.1335541,0.94246596,1.8851389,-0.1506602,-1.0310631
E15_5-S1#GGTATGCTCTTGCGCC-1,2.768124,-0.839659,-1.1485453,1.638817,-1.7714504,-1.0733368,1.5116776,1.3910726,-0.65199363,-1.8247062
E15_5-S1#GGTATGCTGACCTTGA-1,0.48425382,-0.39879718,-0.56255406,-0.05516981,0.10931368,0.4025909,-0.082487226,0.712087,0.028438818,-0.63767594
E15_5-S1#GGTATGCTGATCTTAC-1,-0.352606,-0.38705668,0.06707609,-0.0054869736,-0.91346145,0.2804788,0.89901465,2.0642674,-1.0262233,-0.6260024
E15_5-S1#GGTATGCTGCAGGTCC-1,-0.43816996,-0.015234452,-0.8387548,-0.607918,0.11640811,1.2886939,0.6104604,1.2129973,-0.23270021,-1.095782
E15_5-S1#GGTATGCTGCCATTCT-1,2.254838,-0.640063,-1.1215292,1.4594603,-1.6866693,-0.99490964,2.1458855,0.811382,-0.57641834,-1.6519762
E15_5-S1#GGTATGCTGCCGCAAC-1,-0.65308505,3.4753942,-0.5562633,1.0687315,-0.75721705,-0.8477663,-1.4211581,1.2532204,-0.5003268,-1.0615296
E15_5-S1#GGTATGCTGCGTTGGA-1,-0.5472794,-0.49964228,-0.76949704,0.5629569,-0.8745498,1.3259754,-0.08910748,2.2846713,-0.5197129,-0.8738147
E15_5-S1#GGTATGCTGGTACTGC-1,2.5477276,-0.69998384,-1.0619278,1.3954724,-1.7855862,-1.0387695,1.8033772,1.6666387,-0.93806964,-1.8888794
E15_5-S1#GGTATGCTTAGAATTA-1,2.5893512,-1.2428681,-1.1198565,1.8023902,-1.7440721,-1.2762111,2.599462,1.0204895,-0.9130866,-1.715599
E15_5-S1#GGTATGCTTAGAGTAA-1,-0.6288297,-0.1161273,-0.78251994,-0.45435518,-0.26425493,1.8138475,0.053343866,1.5380645,-0.10926533,-1.0499038
E15_5-S1#GGTATGCTTCCTACCA-1,-0.7092493,0.83926564,-0.28714025,-0.7129483,-0.72371244,-0.030375894,1.3570951,2.00135,-0.91187465,-0.82240987
E15_5-S1#GGTATGCTTCGGCCTT-1,0.82506055,-0.40006217,-0.687888,0.5195518,0.122088335,0.6980311,-0.29310364,0.5107506,-0.4940853,-0.80034316
E15_5-S1#GGTATGCTTGAGTCTG-1,0.35834032,-0.46251154,0.32562312,1.0605521,-0.48224017,-0.061724786,0.14195628,-0.48645857,-0.5815322,0.1879955
E15_5-S1#GGTATGCTTTGACTTC-1,-0.6434504,0.2891126,-0.9878438,1.1179545,0.30587742,1.1835996,-0.52892846,1.2210126,-0.47582865,-1.4815054
E15_5-S1#TAGAATTAAACCTGCG-1,-0.5082143,-0.42513615,-0.4585778,2.1168764,-0.067178875,1.1535654,-0.35951206,-0.57331246,-0.5687091,-0.30980116
E15_5-S1#TAGAATTAAATTAAGA-1,0.61984515,-0.66930944,-0.02807673,1.7517468,-0.5553875,-0.5657917,-0.47511417,-0.8091396,-0.5428507,1.2740779
E15_5-S1#TAGAATTAACCGCCAA-1,-0.50478077,-0.77898914,-0.5263633,-0.89231277,-0.556674,-0.69909453,-0.91246474,1.4124227,3.8206003,-0.36234373
E15_5-S1#TAGAATTAACGGAGGC-1,0.22460543,-0.7325964,-0.1666368,1.6101537,0.2983834,-0.11962642,-0.45644933,-1.1276685,-0.94429976,1.4141345
E15_5-S1#TAGAATTAACTATGCA-1,-0.2544467,-0.56525207,-0.33029637,1.0578259,0.0326231,-0.3961705,-0.40422022,-0.10850867,-0.7149057,1.6833513
E15_5-S1#TAGAATTAACTCAATA-1,-1.0006297,-0.0754332,1.0487998,1.8467249,0.4943227,-0.8488699,-0.09755409,-1.2134682,-0.9066768,0.75278455
E15_5-S1#TAGAATTAACTTAACC-1,-0.56230867,0.7434553,-1.1836109,-0.4293398,-0.563733,0.86624926,-0.024435967,1.9532218,-0.1973731,-0.602125
E15_5-S1#TAGAATTAAGAACGTC-1,-0.13556735,-1.129142,1.1868696,0.40931952,-0.6414444,-0.47951776,0.16420715,2.6717763,-1.0269276,-1.0195737
E15_5-S1#TAGAATTAAGAGCTAT-1,-0.7744232,-0.34969696,0.75582355,1.8694507,0.48228922,-0.2496028,-0.37170988,-0.31522754,-0.3984062,-0.6484969
E15_5-S1#TAGAATTAATCATATT-1,-0.4439091,-0.6023779,-0.20011784,1.7955703,0.40901047,-0.46616998,-0.5955931,-0.8815722,-0.6997046,1.6848639
E15_5-S1#TAGAATTACAACCGCT-1,-0.2529576,-0.7285562,-0.55498785,-0.5542341,-0.7163945,0.97198814,0.56632006,2.3494122,-0.31007662,-0.7705137
E15_5-S1#TAGAATTACCAGTTCC-1,-1.1348974,1.1519082,-1.5624413,-0.98789865,-1.0642085,0.35688233,-0.5095578,2.3400576,2.083576,-0.6734205
E15_5-S1#TAGAATTACCGAGAAT-1,0.9843797,-0.87035817,-0.4184945,0.9840453,-0.8861598,0.7466289,0.36868468,-1.3763406,-0.66363615,1.1312506
E15_5-S1#TAGAATTACCGATTCC-1,-0.6300045,-0.8339553,-0.50510955,-0.83756495,-0.6034887,-0.77231896,-0.86284584,1.64545,3.9537988,-0.55396086
E15_5-S1#TAGAATTACGAACGCC-1,-0.48316073,-0.72338885,-0.43106136,-0.98775923,-0.4285305,-0.2783992,-0.025333632,1.0255091,2.8855834,-0.55345905
E15_5-S1#TAGAATTACGACGCGA-1,-0.18478388,-0.6224607,-0.34306923,2.3348298,0.22270134,-0.66151106,-0.6070691,-0.9799356,-0.73486817,1.5761665
E15_5-S1#TAGAATTACTAAGAGA-1,-0.7887913,-0.23966295,0.13524218,2.0259855,0.378036,-0.06451734,-0.2872605,-0.6348206,-0.48723662,-0.0369744
E15_5-S1#TAGAATTACTGATGGT-1,-0.22253093,-0.64718795,-0.009125974,0.6882069,-1.1837122,0.15274645,0.55493784,0.31653666,-0.6632236,1.0133528
E15_5-S1#TAGAATTACTTGCGCC-1,-0.47095516,-1.0224361,2.6025152,-0.8142853,0.24826634,-1.1219374,-0.5319751,2.9171066,-1.1320032,-0.67429584
E15_5-S1#TAGAATTAGACCTTGA-1,0.14838113,-0.7438877,-0.20592998,-0.29157808,-0.94966644,-0.4584206,1.6485934,2.8092396,-1.0078492,-0.94888204
E15_5-S1#TAGAATTAGATACGGA-1,0.42740837,-0.59648407,-0.4858458,2.3915458,-0.23676117,-0.55602217,-0.6018654,-0.903017,-0.7464063,1.3074478
E15_5-S1#TAGAATTAGATCTTAC-1,-1.4412745,-0.35128075,1.5407571,1.76827,-0.44766286,-0.27479836,-0.5918187,0.04599097,-0.530193,0.28201017
E15_5-S1#TAGAATTAGCAGGTCC-1,-0.21024056,-0.2941401,-1.4044695,-0.4161873,-0.103954844,1.3204461,-0.3290276,2.2573397,-0.29328328,-0.52648276
E15_5-S1#TAGAATTAGCCATTCT-1,-0.7244852,0.3751177,-0.0785402,1.0842011,0.31441674,-0.11314284,0.17240661,-0.1273678,-0.38173708,-0.52086914
E15_5-S1#TAGAATTAGCCGCAAC-1,0.07057333,-0.7106021,0.7229917,1.026951,-0.05290754,-0.39920133,-0.70980245,-0.43439892,-0.5779028,1.0642992
E15_5-S1#TAGAATTAGCGTTGGA-1,-1.0698208,-0.41812253,1.3068988,1.9473499,0.28661045,-0.43898326,-0.17184125,-1.2981421,-0.837665,0.69371593
E15_5-S1#TAGAATTAGCTAACTT-1,-0.2392836,-0.5367663,-0.70079654,0.8094785,1.1618288,0.6895251,-0.48777467,-1.0468272,-0.7993219,1.1499376
E15_5-S1#TAGAATTAGGCTGAGC-1,-0.54512024,-0.81080896,-0.48158866,-0.9083419,-0.4999197,-0.59436774,-0.7695934,1.6084372,3.505821,-0.50451714
E15_5-S1#TAGAATTAGGTACTGC-1,-0.67439467,0.3231743,-0.7146552,0.43978652,0.120060325,0.9864665,-0.20868048,1.8171962,-1.1173261,-0.9716276
E15_5-S1#TAGAATTAGGTATGCT-1,-0.3478849,-0.45680168,-0.34748206,2.4106734,-0.090261325,0.8796172,-0.29206,-0.7079677,-0.5484431,-0.49938992
E15_5-S1#TAGAATTATAGAATTA-1,-0.94018173,1.2022535,0.26776305,-0.29861847,-0.33878672,-0.85745394,0.6812842,1.113982,-0.35194618,-0.4782957
E15_5-S1#TAGAATTATAGAGTAA-1,0.8152211,-0.95635384,-1.0165955,-0.3978345,-1.0124818,0.095280215,1.1758456,3.0015745,-0.87239504,-0.8322605
E15_5-S1#TAGAATTATAGATCTA-1,0.15361875,-0.563256,0.30558708,1.6015589,-0.78971833,-0.2684284,-0.2270816,-0.7683898,-0.47605675,1.0321662
E15_5-S1#TAGAATTATCCTACCA-1,-1.498937,0.072588906,1.5167745,1.905677,0.9657999,-0.9818121,0.033309862,-1.7443696,-1.1106559,0.84162474
E15_5-S1#TAGAATTATCGGCCTT-1,0.017578159,-0.39480096,-0.9307795,-0.28325495,0.046490245,0.8243427,0.36671445,2.0937371,-1.0305192,-0.70950806
E15_5-S1#TAGAATTATGAGTCTG-1,0.19306628,-0.7678747,0.18914385,1.723549,-0.37205,-0.66929287,-0.68639845,-0.92214996,-0.6703843,1.982391
E15_5-S1#TAGAATTATGCCGGCA-1,-0.34478927,-0.46889776,-0.26053113,2.2481365,-0.53176326,-0.31751305,-0.507197,-0.49440765,-0.4373703,1.114333
E15_5-S1#TAGAATTATGCGGACC-1,0.6850031,-0.76698476,0.35647413,1.6500579,-0.23969501,-0.9047066,0.019654222,-1.3679782,-0.9103717,1.4785469
E15_5-S1#TAGAATTATGGTCAGC-1,-0.43477365,-0.48838705,0.6978529,1.4702976,-0.43133917,-0.13553606,0.05177477,-0.9348737,-0.59025085,0.79523516
E15_5-S1#TAGAATTATTACCGAG-1,-0.52202624,-0.37360603,0.055000216,1.7455962,-0.09916075,0.37305242,-0.031480163,-0.8637083,-0.59212655,0.3084593
E15_5-S1#TAGAATTATTATTCAT-1,-0.6685122,-0.5018348,0.16861956,2.3017519,-0.5745843,-0.3218634,-0.3754263,-0.7966612,-0.59521425,1.3637252
E15_5-S1#TAGAATTATTGACTTC-1,-1.0998641,-0.32896978,0.5074282,1.6394272,0.7686725,-0.48398888,-0.1866037,-0.673072,-0.69920576,0.5561764
E15_5-S1#TAGAGTAAAATTAAGA-1,0.201125,-0.50381607,-0.528117,0.9733242,0.3073873,0.7810545,-0.11372021,-1.0194074,-0.7624733,0.6646429
E15_5-S1#TAGAGTAAACCGCCAA-1,-0.88576806,-0.2100597,-0.16211651,-1.5518597,-0.60772026,-0.24196953,2.2564158,0.81802523,1.4312226,-0.84616995
E15_5-S1#TAGAGTAAACGGAGGC-1,-0.8219966,-1.18322,-0.7999707,0.8511402,1.3813843,-1.4592258,-1.4513085,1.1714313,-0.96036094,3.2721264
E15_5-S1#TAGAGTAAACTATGCA-1,-0.06994458,-0.9937729,-0.80024564,0.38636562,1.527412,-0.73186195,-1.181852,0.39468968,-0.9389858,2.4081957
E15_5-S1#TAGAGTAAACTCAATA-1,-0.06163223,-0.48991242,-0.76916385,-0.052510682,0.46591207,0.19887367,-0.29438037,1.0483241,-0.82447433,0.77896404
E15_5-S1#TAGAGTAAACTTAACC-1,-0.74462837,-0.8158175,-0.34136027,-0.9657895,-0.49405944,-0.47131047,-0.46197683,1.5543143,3.248846,-0.5082178
E15_5-S1#TAGAGTAAAGAACGTC-1,0.5901513,-0.18147261,-1.1817716,-0.5999883,0.21381713,1.9715121,-0.7695423,1.813254,-0.77103513,-1.0849246
E15_5-S1#TAGAGTAAAGAGCTAT-1,-0.7304855,-0.4874962,-0.8291979,0.52864254,0.067705736,0.09486598,-0.3188408,2.29767,-0.6494602,0.026596487
E15_5-S1#TAGAGTAACAACCGCT-1,-0.5982184,-0.8842801,-0.62178105,-0.78573334,-0.73556286,-0.340546,-0.86196154,2.0281918,3.5656724,-0.76578104
E15_5-S1#TAGAGTAACATACTCC-1,0.005286373,-0.16648555,-0.4507175,0.20554505,0.22549817,0.53548986,0.0056592114,0.3022187,-0.28224444,-0.3802499
E15_5-S1#TAGAGTAACCAGTTCC-1,-0.78753555,-0.8599363,-0.2374976,-0.96150565,-0.39336327,-0.57619834,-0.57329124,1.5699528,3.2445273,-0.4251524
E15_5-S1#TAGAGTAACCGAGAAT-1,-0.15233251,-0.6174451,0.6389343,1.2124604,-0.4420759,-0.1953176,0.43101025,-1.1865569,-0.69302744,1.0043507
E15_5-S1#TAGAGTAACGACGCGA-1,0.40046984,-0.5957161,-0.66479903,1.3448994,-0.22040702,0.79675937,-0.27763528,-0.94450855,-0.8259706,0.9869081
E15_5-S1#TAGAGTAACTAAGAGA-1,-1.0802636,-0.23100215,-0.9509503,0.77319515,0.2643775,-0.0014665723,-1.0920353,2.1320162,-0.6600117,0.84614074
E15_5-S1#TAGAGTAACTGATGGT-1,-0.548522,-0.8342305,0.23616466,1.6363512,0.43547654,-0.9710529,-0.75120986,-0.57056826,-0.7453743,2.1129653
E15_5-S1#TAGAGTAACTTGCGCC-1,-0.64260805,2.6915739,-0.76646376,0.48773292,0.07382248,-0.31472653,-1.0308894,1.0060117,-0.59472716,-0.909726
E15_5-S1#TAGAGTAAGAAGATCG-1,0.037258744,-0.46086338,-0.6526488,0.1436757,1.5247743,0.5965758,-0.48754367,-0.8615159,-0.70912874,0.86941594
E15_5-S1#TAGAGTAAGACCTTGA-1,-0.6941665,-0.8353689,-0.6821902,-0.819315,-0.72139776,-0.72121507,-0.9622522,2.521271,3.7467937,-0.83215916
E15_5-S1#TAGAGTAAGATACGGA-1,1.2073884,-0.8172202,-1.2465044,1.2464206,-0.24539128,1.2854587,0.18926571,-1.8449621,-0.736643,0.96218795
E15_5-S1#TAGAGTAAGATCTTAC-1,0.16586742,-0.74698615,0.782963,1.5910677,-0.54601735,-0.6653901,0.03888705,-1.2822435,-0.7806022,1.442454
E15_5-S1#TAGAGTAAGCAGGTCC-1,-0.04518416,-0.2580108,-1.3470745,-0.75174534,-0.16416228,2.1847029,-0.9243841,2.0942025,0.08743813,-0.8757825
E15_5-S1#TAGAGTAAGCCATTCT-1,-0.67475545,-1.2210727,2.9677136,-1.1741972,0.8273182,-1.3921455,-1.168188,3.2392564,-1.0624079,-0.34152147
E15_5-S1#TAGAGTAAGCCGCAAC-1,-0.29651022,-0.54263353,0.589591,1.1951013,-0.6975232,-0.56022465,0.17506796,-0.60437983,-0.6831178,1.4246291
E15_5-S1#TAGAGTAAGCGTTGGA-1,0.0215907,-0.64861387,0.14605609,1.650933,0.14690779,-0.6758373,-0.4531519,-0.7300786,-0.6128011,1.1549951
E15_5-S1#TAGAGTAAGCTAACTT-1,0.0032925121,-0.46985412,-0.37424362,-0.42430684,0.3677759,0.6342725,-0.22820204,0.15056613,-0.45786762,0.7985671
E15_5-S1#TAGAGTAAGGTACTGC-1,-0.74170357,2.4298942,-0.6457462,-0.19108018,-0.091539025,-0.3029769,-0.7227248,1.6502187,-0.76394534,-0.620397
E15_5-S1#TAGAGTAAGGTATGCT-1,-0.5813599,-0.68727154,-0.13208278,1.8483653,0.42430747,1.2034403,-0.10016042,-1.3109868,-0.94289124,0.2786396
E15_5-S1#TAGAGTAATAGAATTA-1,0.16905993,-0.43387562,-1.1958028,0.80267304,-0.40372443,0.59780186,-0.5192358,2.319735,-0.65579075,-0.6808407
E15_5-S1#TAGAGTAATAGAGTAA-1,-1.0625588,2.3411975,-0.4340765,-1.8225027,-0.280199,-0.6691507,0.326985,1.5805671,0.26134706,-0.241609
E15_5-S1#TAGAGTAATAGATCTA-1,-0.19232337,-0.704689,-0.4582069,0.8424908,0.804693,-0.68834454,-0.9004458,-0.026399225,-0.7170062,2.0402312
E15_5-S1#TAGAGTAATCCTACCA-1,-0.012461036,-0.64726305,-0.19499707,0.7829178,0.35565147,-0.6831161,-0.32712126,0.5682145,-0.89133775,1.0495124
E15_5-S1#TAGAGTAATCGGCCTT-1,-0.0842786,-0.23935345,-0.98882365,0.051560737,0.3623212,1.940076,-0.584248,1.4225054,-0.7243674,-1.155392
E15_5-S1#TAGAGTAATCTGATAC-1,0.25552687,-0.5730016,-0.8961592,0.21166515,1.1330016,1.0404739,-0.778562,-0.6578261,-0.563019,0.82790023
E15_5-S1#TAGAGTAATGAGTCTG-1,-0.39323208,-0.976714,-0.5258569,1.2014347,0.5156536,-0.9856058,-1.0934594,0.47830835,-0.7874951,2.5669665
E15_5-S1#TAGAGTAATGCGGACC-1,-1.0838333,-1.0907068,-0.65555376,-0.1551308,1.916265,-1.940853,-1.6700091,1.9360485,-1.1956259,3.9393995
E15_5-S1#TAGAGTAATTATCCGG-1,0.32008612,-0.7745838,-1.0248172,0.95016116,1.1757989,2.1270719,-0.54258025,-0.8449076,-0.9784014,-0.4078279
E15_5-S1#TAGAGTAATTGACTTC-1,-0.67281485,-1.2711327,2.8600726,-1.2975832,0.4831843,-1.2801462,-0.6368971,3.3115444,-1.0134509,-0.48277608
E15_5-S1#TAGATCTAAACCTGCG-1,-0.15177688,-0.12501785,-0.4187824,0.57903606,0.09245952,0.5328045,-0.11572512,0.08804941,-0.31286132,-0.16818586
E15_5-S1#TAGATCTAAAGAAGCT-1,-0.019106325,-0.5636943,0.025539491,2.3520253,0.22481729,0.20292647,-0.5748526,-0.75295484,-0.68828535,-0.20641527
E15_5-S1#TAGATCTAAATTAAGA-1,-0.61311233,-0.60523653,1.6903908,2.0641758,-0.7279385,-0.36383945,-0.22581857,-0.9714644,-0.561958,0.3148012
E15_5-S1#TAGATCTAACCGCCAA-1,-1.354602,-0.19050159,-0.78448147,0.73845637,-0.7135598,1.2541404,-1.0137465,2.111852,0.3394274,-0.38698474
E15_5-S1#TAGATCTAACGGAGGC-1,-0.54590803,-0.6993138,2.3631816,2.1795416,-0.7761231,-0.43364084,-0.49617618,-0.98216087,-0.43880558,-0.17059469
E15_5-S1#TAGATCTAACTATGCA-1,-1.0433571,-0.5196959,1.1039897,1.9279112,-0.82069224,0.29452935,0.104219325,-0.8024255,-0.50274986,0.25827098
E15_5-S1#TAGATCTAACTCAATA-1,0.59960485,-0.6043168,-0.119818844,1.6941041,1.2549314,-0.9740441,-0.18648908,-1.3076929,-1.4289622,1.0726836
E15_5-S1#TAGATCTAACTTAACC-1,-1.1113819,-0.38246784,0.075360194,0.041585043,-0.5327278,0.68827945,-0.12650605,1.9807705,-0.07804081,-0.55487067
E15_5-S1#TAGATCTAAGAACGTC-1,-0.026909659,-0.3929759,-0.8107471,2.6233785,1.5584918,-0.35477963,-0.44296923,-0.5096824,-0.48259497,-1.1612115
E15_5-S1#TAGATCTAAGAGAAGG-1,-0.09627185,-0.4913968,-0.2164824,2.686243,-0.21974221,0.3414624,-0.5238215,-0.7079698,-0.5751593,-0.19686174
E15_5-S1#TAGATCTAAGAGCTAT-1,0.83342505,-1.0317508,-1.0972446,2.135276,2.2618425,-1.0399889,-1.0816803,-1.1386809,-1.1271625,1.2859643
E15_5-S1#TAGATCTAATAAGGAG-1,-0.7919464,-0.18046273,-0.70494616,0.74826616,-0.40703437,0.7380503,-0.6691292,2.2002053,-0.34130004,-0.5917029
E15_5-S1#TAGATCTAATCATATT-1,-0.9480431,-0.51300335,1.139104,1.7648308,-1.0198874,0.18932982,0.07693131,-0.96222544,-0.48561758,0.758581
E15_5-S1#TAGATCTACAACCGCT-1,-1.1496753,-0.8036452,1.1819559,-0.3272377,-0.63732296,0.73927945,-0.00068596005,2.3018312,-0.5845908,-0.71990883
E15_5-S1#TAGATCTACATACTCC-1,-1.0476127,-0.14195919,-0.29139996,1.7221166,-0.37710428,1.1304164,-0.5268831,0.53312016,-0.4357181,-0.56497586
E15_5-S1#TAGATCTACCAGTTCC-1,-1.0164281,-0.5925804,-0.9174461,0.45447758,0.110483766,0.33561072,-1.2231572,2.2050052,0.2283259,0.41570848
E15_5-S1#TAGATCTACCGAGAAT-1,-0.529194,-1.0633466,3.954274,3.0914462,-1.1452307,-0.52143496,-1.3344646,-1.2446064,-0.45573813,-0.751705
E15_5-S1#TAGATCTACCGATTCC-1,-0.5086452,-0.21348971,-0.5223077,-0.48653543,0.011018826,0.53178847,-0.17247467,1.7896583,0.25024095,-0.679254
E15_5-S1#TAGATCTACGAACGCC-1,-0.60547435,0.074330695,-0.38766676,-0.16981587,-0.13807821,0.4822364,-0.16240112,1.8188283,-0.22159293,-0.69036615
E15_5-S1#TAGATCTACGACGCGA-1,-0.81683606,-0.45429996,0.030313242,1.960225,-0.43049395,0.80653125,-0.122819446,-1.0106051,-0.5666283,0.60461336
E15_5-S1#TAGATCTACTAAGAGA-1,0.817648,-0.6603498,-0.8762047,1.7414298,1.354341,-0.37140322,-0.521581,-1.097903,-1.0407287,0.6547514
E15_5-S1#TAGATCTACTGATGGT-1,-0.64883095,-1.0908133,4.284428,3.3618476,-1.2813985,-0.59923255,-1.4119112,-1.2810034,-0.36460173,-0.9684847
E15_5-S1#TAGATCTACTTGCGCC-1,0.2984419,-0.51434773,-0.71249276,3.0566304,1.6508899,-0.2950704,-0.81598586,-0.66525954,-0.55505514,-1.447751
E15_5-S1#TAGATCTAGAAGATCG-1,-0.21179959,-0.52431977,-0.40216905,1.6507027,0.12581483,1.3021296,-0.467576,-0.7656589,-0.75256884,0.045444876
E15_5-S1#TAGATCTAGACCTTGA-1,-0.69054997,-0.49894607,-0.15865771,-0.4955928,-0.44686103,1.4613457,0.09825053,1.245112,0.2563188,-0.77041936
E15_5-S1#TAGATCTAGATACGGA-1,-1.029751,-0.5091129,-0.13048585,1.7775137,-0.6453388,1.1014954,-0.54428196,-0.20593242,-0.5037816,0.6896755
E15_5-S1#TAGATCTAGATCTTAC-1,-0.6512849,-1.08037,3.7552414,2.7450595,-1.0279932,-0.29449946,-1.0434506,-1.3550309,-0.474438,-0.573234
E15_5-S1#TAGATCTAGCAGGTCC-1,-1.3597172,0.23716474,-0.8536213,1.9127779,0.5430797,0.44543487,-0.5721243,1.1310833,-0.32002613,-1.1640514
E15_5-S1#TAGATCTAGCCATTCT-1,-0.011699885,-0.5199049,-0.879743,2.271097,1.9694637,-0.5806658,-0.5103795,-0.3831499,-0.59489304,-0.76012474
E15_5-S1#TAGATCTAGCCGCAAC-1,-0.8949148,-0.6850005,2.7044468,1.7492769,-0.65398633,-0.3997507,-1.0740294,-0.0359153,-0.3042397,-0.405887
E15_5-S1#TAGATCTAGCGTTGGA-1,-0.48546633,-0.8234247,2.9077725,2.1423717,-0.5342157,-0.1900846,-0.746099,-1.4464861,-0.6392015,-0.18516585
E15_5-S1#TAGATCTAGCTAACTT-1,-0.93677247,-0.31111497,-0.43079498,-0.66470265,-0.6665704,1.008517,1.5776561,1.7060697,-0.42617622,-0.8561114
E15_5-S1#TAGATCTAGGCTGAGC-1,-0.8933486,-0.12157308,-0.56991386,-0.16870838,-0.22228664,0.999624,-0.42026544,1.9056317,0.10392547,-0.6130853
E15_5-S1#TAGATCTAGGTACTGC-1,-0.58986735,-0.35717988,-0.6511921,1.8664485,0.75866175,1.024954,-0.4736623,-0.05149874,-0.58273107,-0.9439328
E15_5-S1#TAGATCTAGGTATGCT-1,-1.027692,3.1365244,-0.80760014,-0.31618926,-0.8829301,-0.18942761,-0.68459815,1.5613046,-0.015124783,-0.7742668
E15_5-S1#TAGATCTATAGAATTA-1,-0.4825695,-0.31074548,-0.6292152,1.8664771,1.097343,0.7498405,-0.56903887,-0.57200515,-0.4627454,-0.6873412
E15_5-S1#TAGATCTATAGAGTAA-1,-1.0599002,-0.12739067,-0.62850195,1.556521,0.10976576,1.0192499,-0.51544166,0.82407963,-0.2320793,-0.94630253
E15_5-S1#TAGATCTATAGATCTA-1,-1.7976266,3.0745976,2.6241138,-1.2812226,0.26719004,-2.6094396,0.62350667,1.5382047,-1.3057042,-1.1336195
E15_5-S1#TAGATCTATCCGGCCT-1,-0.15526207,-0.39675504,-0.35407832,1.7132462,-0.035034545,0.87975156,-0.3639092,-0.4809001,-0.70678806,-0.10027029
E15_5-S1#TAGATCTATCCTACCA-1,-1.2558764,-0.42789266,2.3638055,2.099836,0.8556098,-0.38806432,-0.37408265,-1.6717304,-0.6850759,-0.516529
E15_5-S1#TAGATCTATCGGCCTT-1,-1.0311705,-0.1436322,-0.6531842,2.1492274,0.7708958,0.6242069,-0.31661078,0.22131106,-0.45031464,-1.1707289
E15_5-S1#TAGATCTATCTGATAC-1,-0.8528749,-0.42488217,-0.4116076,1.9093308,-0.40472117,1.1242758,-0.483378,-0.3096104,-0.47543967,0.3289072
E15_5-S1#TAGATCTATGAGTCTG-1,-0.7722107,-1.048339,3.7326584,2.8369932,-1.0215539,-0.41842598,-0.96358013,-1.3057905,-0.4523431,-0.58740777
E15_5-S1#TAGATCTATGCCGGCA-1,-1.2403542,-0.57409817,0.90296096,1.5594485,-1.0196178,0.65092695,-0.6002165,0.49167368,-0.50543576,0.33471224
E15_5-S1#TAGATCTATGCGGACC-1,-0.6299167,-0.8701673,3.4363012,2.5399375,-0.8597195,-0.46136206,-1.0583129,-1.1363513,-0.49556053,-0.4648484
E15_5-S1#TAGATCTATGGTCAGC-1,-0.98550016,-0.5521139,0.62169266,1.4956048,-0.695172,0.6264057,-0.3480789,-0.6045629,-0.6291265,1.0708511
E15_5-S1#TAGATCTATTACCGAG-1,-1.4864202,-0.24527442,0.9005063,1.5360703,-0.91103905,0.19518337,-0.3874353,0.5745288,-0.5674307,0.3913109
E15_5-S1#TAGATCTATTATCCGG-1,-0.50758755,-0.55005157,-0.15015689,1.7894667,0.040382914,0.7670716,-0.4715572,-0.7669588,-0.73047847,0.57986915
E15_5-S1#TAGATCTATTATTCAT-1,-1.1513582,-0.61436456,1.0426061,1.9048792,-0.9707133,0.25410193,-0.23781188,-0.44505972,-0.50035524,0.7180756
E15_5-S1#TAGATCTATTGACTTC-1,0.051639654,-0.5789724,-0.8846411,1.8191547,1.6211649,-0.56462467,-0.6710795,-0.45900092,-0.58010846,0.24646793
E15_5-S1#TCCGGCCTAATTAAGA-1,-0.6455023,-0.27935576,-0.5408635,0.2903032,-0.15490067,1.2349892,-0.4474743,1.6697936,-0.5412484,-0.585741
E15_5-S1#TCCGGCCTACCGCCAA-1,0.051198147,-0.81007,-0.53426224,-0.53688586,-0.9192163,0.58792293,1.2484281,2.6018486,-0.7195265,-0.9694368
E15_5-S1#TCCGGCCTACGGAGGC-1,3.222879,-1.3560394,-0.6042976,2.5311396,-2.2005427,-0.8900251,3.405103,-1.3675252,-1.1547645,-1.5859267
E15_5-S1#TCCGGCCTACTCAATA-1,3.2728088,-0.9254317,-0.528285,-1.9595305,3.064123,-1.2447009,-1.1012417,-1.3441767,-1.2280294,1.9944646
E15_5-S1#TCCGGCCTACTTAACC-1,-0.6053242,-0.6487023,-0.058119006,-1.0693142,-0.27183342,1.3588196,0.807397,1.8272355,-0.47703958,-0.86311924
E15_5-S1#TCCGGCCTAGAACGTC-1,3.3317988,-0.81101674,-1.2981061,2.3844285,-1.3039132,-0.7383389,0.05137828,0.5248781,-0.43600821,-1.7051
E15_5-S1#TCCGGCCTAGAGCTAT-1,3.5056505,-1.0292462,-1.1271278,-1.1657332,2.8258402,-0.89772207,-1.2115228,-0.94209105,-0.889169,0.9311212
E15_5-S1#TCCGGCCTATAAGGAG-1,-0.6105353,-0.13343444,-0.3158343,-0.22799703,-0.09173945,0.5345094,0.15951878,1.003105,-0.042675443,-0.27491724
E15_5-S1#TCCGGCCTCAACCGCT-1,-0.6334863,-0.424468,-0.6074572,-0.60209215,-0.44780058,1.5327233,-0.0187584,1.7469238,0.25989696,-0.8054814
E15_5-S1#TCCGGCCTCCAGTTCC-1,-0.14690903,-0.7860529,0.18909612,-0.9525226,-0.7105864,-0.52966857,2.1166716,2.982016,-1.1754817,-0.98656225
E15_5-S1#TCCGGCCTCCGAGAAT-1,2.974816,-0.4350391,-0.8784442,0.5513257,0.30247185,-0.74023557,-0.1956306,-0.6882729,-0.2451369,-0.6458541
E15_5-S1#TCCGGCCTCCGATTCC-1,-0.7245666,-0.37421265,-0.5515543,-0.7022447,-0.4043996,1.6003655,-0.005546804,1.7714447,0.16792841,-0.7772138
E15_5-S1#TCCGGCCTCGAACGCC-1,0.9604817,-0.4925112,-0.7155287,-0.61229265,-0.24188629,0.6128505,0.5227357,0.7430088,-0.097304374,-0.6795534
E15_5-S1#TCCGGCCTCTAAGAGA-1,2.9478617,-1.3168888,-0.9845586,-1.2270824,2.8979092,-0.95719874,-1.3212923,-0.9867336,-1.0252079,1.9731915
E15_5-S1#TCCGGCCTCTGATGGT-1,3.1809933,-0.83128107,-0.7751851,-0.859324,1.973019,-0.89239854,-0.5802998,-1.2146851,-0.95051956,0.9496807
E15_5-S1#TCCGGCCTCTTGCGCC-1,3.5615017,-0.71046984,-1.2342252,2.3261895,-1.0643054,-0.80719876,-0.16539584,0.29706752,-0.3291676,-1.8739961
E15_5-S1#TCCGGCCTGACCTTGA-1,0.654473,-0.3746339,-1.0107828,0.9856113,-1.2257385,1.7153813,-0.31417295,0.88869894,0.04577166,-1.3646079
E15_5-S1#TCCGGCCTGATCTTAC-1,3.4737346,-1.0268648,-0.8860962,-1.4669168,2.691339,-1.0554087,-1.0618057,-1.2118332,-1.1195021,1.6633542
E15_5-S1#TCCGGCCTGCAGGTCC-1,0.4533744,-0.40130284,-0.7069962,0.51415503,0.31118006,0.6693302,-0.3803689,0.68471,-0.43024266,-0.713839
E15_5-S1#TCCGGCCTGCCATTCT-1,3.1765268,-0.6908489,-1.0322729,0.7703683,1.7543598,-0.6378996,-0.9431864,-0.95493734,-0.74281317,-0.69929683
E15_5-S1#TCCGGCCTGCCGCAAC-1,2.7656014,-0.31471163,-0.49184865,0.28783634,-0.17862548,-0.8908967,0.67137194,-0.69907236,-0.27948293,-0.87017167
E15_5-S1#TCCGGCCTGCGTTGGA-1,3.4393733,-1.1311134,-0.7618751,-1.7454797,3.0825171,-1.1839815,-1.1748216,-1.395692,-1.1839252,2.054998
E15_5-S1#TCCGGCCTGGCTGAGC-1,-0.57266545,-0.4848256,0.0223369,-0.9722369,-0.4656198,0.38374853,1.9807652,0.86100984,-0.10427506,-0.64823776
E15_5-S1#TCCGGCCTGGTACTGC-1,3.0610335,-0.43842733,-1.0299929,1.7828087,0.0012972802,-0.6258268,-0.75142807,-0.32551226,-0.22197258,-1.4519794
E15_5-S1#TCCGGCCTTAGAATTA-1,3.3025749,-0.51269215,-1.0717483,1.1758778,1.3969753,-0.6735121,-1.3631845,-0.63047844,-0.47140905,-1.1524034
E15_5-S1#TCCGGCCTTAGAGTAA-1,2.7827337,-0.92292124,-1.1466984,2.1016471,-2.1647367,-0.62668484,1.5988855,0.614275,-0.54372054,-1.6927793
E15_5-S1#TCCGGCCTTAGATCTA-1,2.4495444,-1.1548445,-0.66724074,2.0412648,-1.7701602,-0.40337107,2.8977387,-1.0995846,-0.98418516,-1.3091614
E15_5-S1#TCCGGCCTTCCTACCA-1,3.414485,-0.9588909,-0.5608693,-1.9903616,3.2459934,-1.2948824,-1.1093568,-1.6473252,-1.290421,2.1916292
E15_5-S1#TCCGGCCTTCGGCCTT-1,2.6573088,-0.6673074,-1.0943156,1.8635846,-1.3254067,-0.43933514,0.43710983,0.6203489,-0.39994046,-1.6520467
E15_5-S1#TCCGGCCTTGAGTCTG-1,2.8581011,-0.8184121,-0.9167872,1.6256684,-1.8156135,-0.6068164,1.9796926,-0.18566452,-0.6049269,-1.5152414
E15_5-S1#TCCGGCCTTGCCGGCA-1,-0.31795278,0.077314824,-1.0707204,-0.7806849,-0.7087749,1.4555006,0.65614945,1.7744554,-0.07297497,-1.0123123
E15_5-S1#TCCGGCCTTGCGGACC-1,3.1516683,-1.0840149,-0.5664569,2.1116803,-2.054332,-1.0172348,3.1583865,-1.0419047,-1.1207554,-1.5370362
E15_5-S1#TCCGGCCTTTACCGAG-1,-0.89968336,2.863577,-0.86801004,0.103210256,-0.8473731,-0.012775816,-0.777789,1.2063195,-0.3024808,-0.46499443
E15_5-S1#TCCGGCCTTTATTCAT-1,-0.40897936,-0.32943857,-0.14097336,-0.5007816,-0.5689157,1.0998086,1.2406764,1.2699332,-0.88572556,-0.7756039
E15_5-S1#TCCGGCCTTTGACTTC-1,3.3909183,-0.7028895,-0.9756716,-0.041740615,2.222486,-0.7893604,-1.0574367,-1.0113839,-0.71134835,-0.32357326
E15_5-S1#TCCTACCAAACCTGCG-1,-1.1837227,-0.4969781,-0.241168,2.0633986,-0.35180733,1.5928823,-0.3670231,-0.37730157,-0.631895,-0.006384989
E15_5-S1#TCCTACCAAATTAAGA-1,-0.34668833,-0.51940227,0.07250156,1.0722518,-0.407277,0.70360756,-0.14741866,-0.21815678,-0.68115306,0.47173506
E15_5-S1#TCCTACCAACCGCCAA-1,-0.6634435,-0.67506546,-0.12724648,-0.3979865,-0.6892928,0.9453657,0.26203385,2.2346826,-0.026210755,-0.86283684
E15_5-S1#TCCTACCAACGGAGGC-1,-0.8221459,-0.58532363,0.42023608,2.0872471,-0.71639323,-0.56243056,-0.41548187,-0.44895598,-0.4866924,1.5299402
E15_5-S1#TCCTACCAACTATGCA-1,-0.8581402,-0.5822336,0.111673675,1.7120169,-0.96254045,-0.358055,-0.5419984,0.32446438,-0.4768039,1.6316164
E15_5-S1#TCCTACCAACTCAATA-1,-1.1765212,-0.26697174,0.18717295,1.6170362,0.745659,-0.5995792,0.10000735,-0.8734409,-0.9423092,1.208947
E15_5-S1#TCCTACCAACTTAACC-1,-1.1377409,-0.59320927,-0.76041645,0.6125907,-0.5257442,0.6691291,-0.821885,1.9009036,0.4252694,0.23110305
E15_5-S1#TCCTACCAAGAACGTC-1,-0.32678208,-0.16835684,-0.6078887,0.6950078,0.29045746,1.0631429,0.5315722,0.32700804,-0.8300973,-0.9740633
E15_5-S1#TCCTACCAAGAGCTAT-1,-1.1447098,-0.39814344,-0.31959695,1.7510824,0.6052803,-0.56141824,-0.47791424,0.28965586,-0.5544722,0.8102362
E15_5-S1#TCCTACCAATAAGGAG-1,-0.7222185,-0.26797643,-0.32940862,-0.3845509,-0.38658774,0.41045663,0.2759518,2.156478,-0.17892583,-0.5732183
E15_5-S1#TCCTACCAATCATATT-1,-1.1612477,-0.492857,0.09638266,1.951096,-0.9327214,-0.14108025,-0.6904117,0.46146965,-0.4333875,1.3427573
E15_5-S1#TCCTACCACAACCGCT-1,-1.3986613,-0.113394186,-0.53724724,0.8558757,-0.5071875,-0.33879378,-0.43502846,1.4370146,0.2916702,0.745752
E15_5-S1#TCCTACCACATACTCC-1,0.20593558,-0.9896399,-1.0052294,1.2010381,1.3603214,-0.20809992,-0.96189564,-0.7602066,-0.8306452,1.9884216
E15_5-S1#TCCTACCACCAGTTCC-1,-0.864369,-0.58215153,-0.81278086,0.36273193,-0.6857235,0.9269082,-0.5414912,2.1988645,0.5094417,-0.5114302
E15_5-S1#TCCTACCACCGAGAAT-1,-0.58942854,-0.6808512,0.6578015,2.2362106,-0.51992065,-0.6942951,-0.30170712,-0.9114552,-0.75297594,1.5566216
E15_5-S1#TCCTACCACCGATTCC-1,-0.211019,-1.0567694,0.2818326,-0.38895315,-0.63979733,-0.6050465,1.5343157,3.3274374,-1.3075173,-0.9344832
E15_5-S1#TCCTACCACGAACGCC-1,-0.30097032,-0.598429,0.0095784925,-0.858169,-0.44835454,0.11555594,1.2417704,2.5867178,-0.7819839,-0.9657161
E15_5-S1#TCCTACCACGACGCGA-1,-1.0075948,-0.5744574,0.102460995,1.9180061,-0.8811436,0.07980663,-0.6066546,-0.12464846,-0.47573218,1.5699573
E15_5-S1#TCCTACCACTAAGAGA-1,-1.3078092,-0.06767844,-0.21606283,1.4365864,0.32378983,0.1168702,-0.42823368,0.46273568,-0.50443417,0.18423618
E15_5-S1#TCCTACCACTGATGGT-1,-1.0514593,-0.36045885,0.08879885,1.8998559,-0.40846094,-0.2319484,0.08741401,-1.0159957,-0.5678641,1.5601188
E15_5-S1#TCCTACCACTTGCGCC-1,-1.0690846,-0.3837189,0.027095923,1.4903128,-0.040891014,1.5478065,-0.27564314,-0.15144292,-0.66491735,-0.47951725
E15_5-S1#TCCTACCAGACCTTGA-1,-1.2411734,-0.3111596,-0.48194814,0.5070737,-0.10050513,-0.013207473,-0.40626484,1.8820364,-0.2939484,0.4590968
E15_5-S1#TCCTACCAGATACGGA-1,-0.8854525,-0.5644487,-0.035406783,1.8552924,-0.78393716,0.6018581,-0.657895,-0.30379358,-0.55650324,1.3302864
E15_5-S1#TCCTACCAGATCTTAC-1,-0.49064934,-0.6957531,0.66365916,1.9463025,-0.7142605,-0.553678,-0.033109702,-1.0104648,-0.73823357,1.6261872
E15_5-S1#TCCTACCAGCAGGTCC-1,-0.80505705,-0.54688036,-0.77020496,-0.08403991,0.2586226,0.5576033,-0.93295443,1.5353428,-0.33854806,1.1261158
E15_5-S1#TCCTACCAGCCATTCT-1,-1.5160828,0.4092283,-0.10186266,1.3766807,0.40565526,-0.08141581,-0.11102248,0.061480403,-0.5304195,0.08775841
E15_5-S1#TCCTACCAGCCGCAAC-1,-1.3952739,-0.06517893,0.97077626,1.1878469,-0.9061707,-0.6955783,0.14249133,0.48915458,-0.5728483,0.8447809
E15_5-S1#TCCTACCAGCGTTGGA-1,-0.83358425,-0.53122336,0.20755684,1.6605821,0.23792192,-0.64193445,-0.39742145,-0.49533805,-0.6701984,1.4636393
E15_5-S1#TCCTACCAGCTAACTT-1,-0.9289736,-0.36929116,-0.4018267,2.1253893,0.273615,0.64798206,-0.3412457,-0.45360008,-0.5762649,0.024215853
E15_5-S1#TCCTACCAGGCTGAGC-1,-0.006266877,-0.8595483,-0.06910119,-0.51792645,-0.50412405,-0.77448964,1.4736159,3.609523,-1.444704,-0.9069781
E15_5-S1#TCCTACCAGGTACTGC-1,-1.1886407,-0.2893751,-0.026699238,1.5735325,-0.07571255,0.9265758,0.1079461,-0.24137372,-0.6518087,-0.13444424
E15_5-S1#TCCTACCAGGTATGCT-1,-0.6501759,-0.3328065,-0.3712617,1.2099943,-0.19725177,1.2991805,-0.12839003,0.10612051,-0.5498843,-0.38552526
E15_5-S1#TCCTACCATAGAATTA-1,-1.1262926,-0.190878,-0.060907766,1.6509897,0.53399813,0.5873716,-0.2915165,-0.28820232,-0.5391283,-0.27543387
E15_5-S1#TCCTACCATAGAGTAA-1,-0.59115064,-1.1438962,2.565108,-1.0185668,0.30461743,-0.93111,-0.7731556,2.992972,-0.7865564,-0.6182612
E15_5-S1#TCCTACCATAGATCTA-1,-0.59283715,-0.46797478,-0.037727173,0.96664464,-0.46515116,0.7839673,0.03999821,-0.4204725,-0.597706,0.79125875
E15_5-S1#TCCTACCATCCTACCA-1,-0.4045009,1.2562503,1.0837297,-0.7104887,0.33312714,-1.4515482,1.3773097,0.4433033,-1.6265295,-0.30065283
E15_5-S1#TCCTACCATCGGCCTT-1,-0.3010435,-0.8109975,-0.50367963,-0.3388224,0.4680333,1.9313405,0.21632876,0.7977766,-0.6701188,-0.7888174
E15_5-S1#TCCTACCATCTGATAC-1,-0.7189528,-0.7333519,-0.121668205,1.8543128,-0.33265325,0.017461795,-0.72035444,-0.6992939,-0.64083487,2.0953348
E15_5-S1#TCCTACCATGAGTCTG-1,-0.22380286,-0.5674349,0.6165865,1.5025492,-0.7951428,0.18331255,-0.53322953,-0.29723868,-0.6150089,0.7294097
E15_5-S1#TCCTACCATGCCGGCA-1,-1.1316717,-0.50863063,0.24405858,2.1015773,-0.7330883,-0.20076329,-0.6038378,-0.005822205,-0.45191988,1.2900978
E15_5-S1#TCCTACCATGCGGACC-1,-0.31873527,-0.5188143,0.45186427,1.9283975,-0.5763604,-0.78156924,0.3240604,-1.2534235,-0.7917097,1.5362903
E15_5-S1#TCCTACCATGGTCAGC-1,-1.0514996,-0.41826612,0.4097465,1.1099133,-1.0898762,0.47306186,-0.18694323,-0.037369672,-0.4425927,1.2338258
E15_5-S1#TCCTACCATTACCGAG-1,-0.9757809,-0.6597305,0.41421682,2.1304007,-0.84333533,-0.30816734,-0.5378515,-0.22359486,-0.4196314,1.4234743
E15_5-S1#TCCTACCATTATCCGG-1,-0.7851047,-0.5997016,-0.0739497,1.9108881,-0.5012265,0.44246802,-0.61950797,-0.46505594,-0.71898705,1.4101774
E15_5-S1#TCCTACCATTATTCAT-1,-0.6334989,-0.46486434,-0.3635968,1.389682,-0.5455228,1.0074481,-0.6166613,0.45611224,-0.57302916,0.34393087
E15_5-S1#TCCTACCATTGACTTC-1,-1.1083425,-0.21514702,-0.48308405,1.7172781,0.62531716,-0.03332732,-0.29912618,-0.053968757,-0.52953935,0.37994006
E15_5-S1#TCGGCCTTAACCTGCG-1,-1.1650263,-0.13193972,-0.22076285,-0.76610583,-0.45876718,1.6161404,1.8779374,0.04768435,-0.18194243,-0.61721796
E15_5-S1#TCGGCCTTAATTAAGA-1,0.13288297,-0.9040899,-0.70932806,1.7725803,0.20314924,-0.14072074,-0.80526006,-1.2819569,-0.7275698,2.460313
E15_5-S1#TCGGCCTTACCGCCAA-1,-0.9093925,-0.9819814,-0.41491005,-1.1054447,-0.27173275,-0.57090336,-0.7190878,1.521563,3.809111,-0.3572217
E15_5-S1#TCGGCCTTACGGAGGC-1,-0.81945664,-0.71081233,-0.39007574,2.2253635,0.7805813,-0.6980677,-0.6216964,-1.0311141,-0.83284736,2.0981255
E15_5-S1#TCGGCCTTACTATGCA-1,-0.46762186,-0.3526334,-0.5535087,0.1151744,0.5712391,0.82874423,-0.45629913,-0.09377298,-0.5629929,0.97167104
E15_5-S1#TCGGCCTTACTCAATA-1,-0.5724807,0.12189275,-1.0667773,0.14619781,0.19547828,1.0629117,-0.71943486,1.5638665,-0.6300459,-0.10160842
E15_5-S1#TCGGCCTTACTTAACC-1,-0.40938395,-0.82286686,-0.5767669,-0.96284056,-0.5159905,-0.8095437,-1.0469481,2.297557,3.7697964,-0.92301273
E15_5-S1#TCGGCCTTAGAACGTC-1,-1.0851946,3.2866056,-0.8132117,-0.25330245,-0.52976435,-0.81386566,-0.8644551,1.9676661,-0.2583474,-0.6361307
E15_5-S1#TCGGCCTTAGAGCTAT-1,-0.8942258,1.7638886,-1.2501116,1.3618659,0.2544198,-0.3511871,-1.358095,1.060043,-0.021460354,-0.56513757
E15_5-S1#TCGGCCTTCAACCGCT-1,-0.8385914,-0.8794316,-0.59700894,-0.83558017,-0.76433396,-0.56998175,-0.76950663,2.734292,3.59692,-1.0767778
E15_5-S1#TCGGCCTTCCAGTTCC-1,-0.7630639,-0.901085,-0.44999826,-0.95664424,-0.44746464,-0.9136931,-0.86953443,1.6923838,4.1387124,-0.52961266
E15_5-S1#TCGGCCTTCCGAGAAT-1,-0.92903304,-0.6541573,0.9478998,1.6701152,-0.77365994,-0.40051168,-0.3840156,-0.5142926,-0.50115037,1.5388055
E15_5-S1#TCGGCCTTCCGATTCC-1,-1.254229,-0.6643645,-0.025140252,-1.3491069,-0.5791472,-0.35639554,1.1904209,1.1481411,2.6118207,-0.72199947
E15_5-S1#TCGGCCTTCGACGCGA-1,0.6912491,-1.1559931,-1.2728047,0.87652934,1.2807807,-0.7882314,-1.3059686,-0.23604758,-0.7489308,2.6594172
E15_5-S1#TCGGCCTTCTAAGAGA-1,-1.4214755,1.3141569,-0.96722305,0.29026908,0.12439898,-0.14534155,-1.1858772,1.2861996,-0.13963349,0.8445261
E15_5-S1#TCGGCCTTCTGATGGT-1,-0.6111123,-0.6631036,0.46836632,1.5109965,-0.73522776,-0.07354744,-0.23366776,-0.8469848,-0.6078134,1.7920943
E15_5-S1#TCGGCCTTCTTGCGCC-1,-1.0373324,0.99785924,-1.0619041,0.23480514,-0.17879152,0.605985,-1.09068,1.5275807,-0.1454801,0.14795792
E15_5-S1#TCGGCCTTGACCTTGA-1,-1.0898087,2.402148,-1.5387871,-0.89272714,-1.2736905,0.63499725,-0.52636045,1.8934702,1.3979071,-1.0071483
E15_5-S1#TCGGCCTTGATACGGA-1,0.6242566,-1.0785583,-1.266554,0.83759254,0.29102096,2.36201,-0.41400737,-1.8884689,-0.7652473,1.2979556
E15_5-S1#TCGGCCTTGATCTTAC-1,-0.67661244,-0.729595,0.099040255,1.7230242,-0.58854204,-0.48274124,-0.6133856,-0.27084798,-0.6180106,2.1576703
E15_5-S1#TCGGCCTTGCAGGTCC-1,0.053918503,-0.6949758,-0.97094256,0.036764003,-0.24687092,1.7041624,-0.5631579,2.2809198,-0.25965333,-1.3401642
E15_5-S1#TCGGCCTTGCCATTCT-1,-0.48218858,-0.029918123,0.33425933,0.28475687,-0.116963744,-0.916821,0.8239461,2.4167328,-1.1904205,-1.123383
E15_5-S1#TCGGCCTTGCCGCAAC-1,-0.77638966,-0.70282537,0.49758112,1.640634,-1.217745,-0.48816055,-0.18674292,-0.04679279,-0.53915143,1.8195926
E15_5-S1#TCGGCCTTGCGTTGGA-1,-0.07123686,-0.584998,-0.29427832,0.9915895,-0.622421,0.85704845,-0.408817,-0.2757554,-0.46140122,0.8702698
E15_5-S1#TCGGCCTTGGTACTGC-1,0.013253994,-0.8017388,0.21921872,-0.014282681,-0.40141648,-0.81645435,1.3753294,2.9528668,-1.3421031,-1.1846734
E15_5-S1#TCGGCCTTGGTATGCT-1,-0.3365606,-0.28847128,-0.3247385,1.4180177,-0.40469766,0.9544879,-0.23404552,-0.13742654,-0.4389614,-0.20760418
E15_5-S1#TCGGCCTTTAGAATTA-1,-0.17925705,-0.5491244,1.3879995,-0.353479,0.17151386,-1.264271,0.56098026,2.134757,-1.2067455,-0.70237386
E15_5-S1#TCGGCCTTTAGAGTAA-1,0.092039555,-0.6795162,-1.0885501,-0.7963262,-0.45093346,2.0728457,-0.4111374,2.1680396,0.14412218,-1.0505836
E15_5-S1#TCGGCCTTTAGATCTA-1,0.10131956,-0.4911045,-0.81935024,2.2854593,0.2026926,-0.81830454,-0.60531425,-1.494561,-0.8580707,2.4972336
E15_5-S1#TCGGCCTTTCCTACCA-1,-1.2155814,0.44977996,-0.47346836,0.47608602,-0.16822231,-0.1824252,-0.07352193,0.9804848,-0.7116074,0.91847587
E15_5-S1#TCGGCCTTTCGGCCTT-1,-1.0814056,1.9404047,-0.5138163,-1.4340395,-0.49948263,-0.7258882,0.8394146,1.1572981,0.68590134,-0.36838657
E15_5-S1#TCGGCCTTTCTGATAC-1,-0.92144614,-0.058055356,-0.7098096,-0.34577814,0.45892167,1.2216414,0.0014923243,-0.68425786,-0.3145546,1.3518463
E15_5-S1#TCGGCCTTTGAGTCTG-1,0.035556376,-0.5466912,0.22315842,1.320442,-1.1071267,-0.12693733,0.33337498,-0.8376725,-0.43606094,1.1419569
E15_5-S1#TCGGCCTTTGCCGGCA-1,-0.44928235,-0.5298339,-0.6600838,1.9103351,-0.6372113,-0.24515752,-0.66548616,-0.4914602,-0.39854717,2.1667273
E15_5-S1#TCGGCCTTTGCGGACC-1,-0.045360077,-0.44117558,0.27660814,1.8260857,0.25546438,-0.9131818,0.56058097,-2.175601,-1.2550187,1.9115982
E15_5-S1#TCGGCCTTTTACCGAG-1,-0.16806972,-0.5302134,-0.47553718,2.173148,-0.9583521,0.28072178,-0.6225663,-0.6951744,-0.37892392,1.3749672
E15_5-S1#TCGGCCTTTTATCCGG-1,-0.43066114,-0.56908876,-0.8626026,-0.3666376,-0.34843558,1.9489397,-0.9040869,0.7393808,0.35508856,0.4381035
E15_5-S1#TCGGCCTTTTATTCAT-1,-0.04940383,-0.6168154,-0.7395972,2.0708253,-0.03989914,-0.53545326,-0.45988262,-1.1641032,-0.67402637,2.2083554
E15_5-S1#TCGGCCTTTTGACTTC-1,-1.3519534,1.3920338,-1.2558739,0.92388415,-0.81906563,0.3289854,-1.3690181,1.3966802,0.9685542,-0.21422683
E15_5-S1#TCTGATACAATTAAGA-1,3.5797777,-0.89075875,-0.9231959,-1.5175675,2.6450863,-1.077352,-0.9373608,-1.383648,-1.0223417,1.5273612
E15_5-S1#TCTGATACACCGCCAA-1,-0.49899584,-0.39192268,-0.6860293,-0.28549945,-0.5502083,1.4739531,-0.36314377,1.596577,0.36484787,-0.6595788
E15_5-S1#TCTGATACACGGAGGC-1,2.908879,-1.3854527,-0.88221955,-1.9453089,3.2760663,-1.0525507,-1.3345433,-1.0958817,-1.0480835,2.5590959
E15_5-S1#TCTGATACACTATGCA-1,-0.20045997,-0.3573442,-1.0843204,-0.47152746,-0.8501363,2.0708494,-0.28078663,2.0406713,0.11275536,-0.9797013
E15_5-S1#TCTGATACACTCAATA-1,1.0046589,-1.0018126,-0.50894874,-1.6893691,2.7750711,-1.3802919,-0.79109615,0.5736688,-1.2057233,2.2238426
E15_5-S1#TCTGATACACTTAACC-1,2.0253994,0.12845054,-1.4778223,1.5689584,-0.69334054,-0.20298421,0.12856703,0.19029164,0.009597319,-1.6771173
E15_5-S1#TCTGATACAGAACGTC-1,1.9358753,-0.78289664,-1.2017741,2.244624,2.8624449,-0.9445558,-0.7907283,-1.0682709,-0.85223746,-1.4024811
E15_5-S1#TCTGATACAGAGCTAT-1,0.671228,-1.0629058,-0.96138144,0.50976443,2.4586487,-1.1176538,-0.57781786,0.121481344,-0.90801054,0.866647
E15_5-S1#TCTGATACATAAGGAG-1,0.70100206,-0.71535766,-0.9421375,-0.38679862,-0.9510014,0.26751506,0.7609415,2.7818315,-0.4544973,-1.0614978
E15_5-S1#TCTGATACATCATATT-1,-0.64643556,-0.28575757,-0.57233185,-0.29560816,-0.42086056,1.611101,0.6322139,1.0452458,-0.31803873,-0.74952805
E15_5-S1#TCTGATACCAACCGCT-1,2.5868087,-0.32852456,-1.3495247,1.9562619,-1.474618,-0.33120412,0.39777672,0.09303288,0.02001595,-1.5700245
E15_5-S1#TCTGATACCCAGTTCC-1,-0.58652514,-0.50884646,-0.6079561,0.75274694,-0.7018321,1.0752999,-0.7756307,1.1699952,0.72800887,-0.5452604
E15_5-S1#TCTGATACCCGATTCC-1,-0.44035447,-0.5438132,-0.16309018,-0.3972605,-0.46215445,0.47425032,-0.01969815,2.3820393,-0.27309614,-0.5568225
E15_5-S1#TCTGATACCGAACGCC-1,1.3247073,-0.8853842,-1.0222352,-0.047029793,-0.7760216,-0.09067932,0.5389129,2.942362,-0.7466226,-1.2380097
E15_5-S1#TCTGATACCGACGCGA-1,-0.6843516,0.3374127,-0.7215198,-0.13905191,0.23050371,1.1429785,-0.3588084,0.774977,-0.246946,-0.33519426
E15_5-S1#TCTGATACCTAAGAGA-1,0.9534372,-1.2208573,-0.65176165,-1.3843261,2.7880595,-1.5069972,-0.93207693,0.9447491,-1.329581,2.3393545
E15_5-S1#TCTGATACCTTGCGCC-1,0.5463619,-0.6265273,-1.2086706,2.5975335,3.0961294,-0.8852452,-0.5452977,-0.694049,-0.7825665,-1.4976684
E15_5-S1#TCTGATACGACCTTGA-1,2.7756052,-0.54011,-1.1652565,1.9824646,-0.97325736,-0.37677723,-0.019892931,-0.0762741,-0.1970276,-1.4094741
E15_5-S1#TCTGATACGCAGGTCC-1,2.8562555,-0.692903,-1.196379,1.9723393,1.4457936,-0.6155434,-1.1858203,-0.9435578,-0.5146162,-1.1255685
E15_5-S1#TCTGATACGCCATTCT-1,0.74819255,-0.78704983,-0.9312223,1.0315312,2.50053,-0.9562364,-0.336553,-0.5020067,-0.7726518,0.00546638
E15_5-S1#TCTGATACGGCTGAGC-1,0.27883708,-0.6940402,-0.71564865,-0.5400904,-0.8446436,-0.64514446,1.6474348,3.6852832,-1.0576924,-1.1142952
E15_5-S1#TCTGATACGGTACTGC-1,1.1513122,-0.74146277,-1.3527657,2.397369,3.1038659,-0.6558906,-0.6176473,-0.9685152,-0.77748454,-1.5387809
E15_5-S1#TCTGATACTAGAATTA-1,1.0406609,-0.7621963,-1.1689456,1.7025003,2.8272517,-0.82038605,-0.6272782,-0.51317185,-0.7733834,-0.90505165
E15_5-S1#TCTGATACTAGAGTAA-1,2.9390864,-0.50100315,-1.2628809,2.0104299,0.69820935,-0.62049836,-1.0273551,-0.46064284,-0.36738992,-1.4079552
E15_5-S1#TCTGATACTAGATCTA-1,3.4257162,-1.2154746,-0.7897804,-2.2367084,3.4275408,-1.2814802,-1.242125,-1.6323725,-1.1224729,2.6671574
E15_5-S1#TCTGATACTCCTACCA-1,0.9984006,-1.3760262,-1.0509162,0.21275653,2.0474246,-0.89768934,-1.2205998,0.4789406,-1.0077677,1.8154768
E15_5-S1#TCTGATACTCGGCCTT-1,2.2482154,-0.74083865,-1.2412883,2.1699018,2.5909398,-0.8083006,-0.7719776,-1.0309384,-0.80053335,-1.6151801
E15_5-S1#TCTGATACTGAGTCTG-1,0.33643463,-0.4697246,-0.010808583,0.66345763,-0.6477746,0.16291095,0.3016221,-0.4306125,-0.4396006,0.5340955
E15_5-S1#TCTGATACTGCCGGCA-1,2.6864333,-0.8727969,-0.9179909,1.6233419,-1.8877847,-0.57955366,2.5178673,-0.58678854,-0.65657836,-1.3261495
E15_5-S1#TCTGATACTGCGGACC-1,2.453004,-1.3592781,-0.7439474,-1.3417193,2.836676,-1.0843492,-1.1585345,-0.8994364,-1.1198647,2.4174497
E15_5-S1#TCTGATACTGGTCAGC-1,-0.6682609,-0.2571049,-0.757908,-0.5741043,-0.5663761,1.6977447,1.219871,0.9861574,-0.1837112,-0.8963076
E15_5-S1#TCTGATACTTACCGAG-1,1.2109307,-0.48062107,-0.4921596,1.1573951,-1.0218298,0.3156283,0.4588648,-0.19160913,-0.5289774,-0.4276221
E15_5-S1#TCTGATACTTATTCAT-1,2.5989692,-0.5260127,-0.89325833,0.17212221,-0.9639407,-0.41116858,1.4247503,-0.64240503,-0.25901878,-0.5000378
E15_5-S1#TCTGATACTTGACTTC-1,0.97198534,-1.1423953,-1.0766512,0.66525334,2.5648794,-1.1623431,-0.9095679,0.22122112,-0.90500426,0.7726225
E15_5-S1#TGAGTCTGAACCTGCG-1,-0.77083516,0.1591776,-1.0079263,-0.5673174,-0.9927131,1.6821966,-0.12081079,1.8217028,0.7820298,-0.9855041
E15_5-S1#TGAGTCTGAAGAAGCT-1,0.23111454,-0.6095214,-0.22903085,1.6498486,-0.73794293,0.062051956,-0.4039542,-0.8606048,-0.42198172,1.3200206
E15_5-S1#TGAGTCTGAATTAAGA-1,-0.23431471,-0.724631,0.005846683,1.3982301,-1.1067698,0.41886756,0.1356702,-1.0041386,-0.43487027,1.5461099
E15_5-S1#TGAGTCTGACCGCCAA-1,-1.0433139,-1.1945475,3.4018342,-1.4410272,0.057803262,-1.4158341,-0.5980069,3.576364,-0.651167,-0.6921051
E15_5-S1#TGAGTCTGACGGAGGC-1,-0.5920644,-0.5942408,1.5228691,1.7098689,-1.0174369,-0.17575699,-0.3248622,-0.6174052,-0.4464557,0.5354841
E15_5-S1#TGAGTCTGACTATGCA-1,-0.83871776,-0.31883863,-0.40819007,1.4486117,-0.6725273,0.8196559,-0.33162263,-0.50287294,-0.42087364,1.2253755
E15_5-S1#TGAGTCTGACTCAATA-1,-0.5252161,-0.5958237,0.3221966,1.606726,0.39841273,-0.33481258,0.27071676,-1.0273784,-0.9184402,0.8036188
E15_5-S1#TGAGTCTGACTTAACC-1,-1.1390307,-1.2139868,3.4681249,-1.3199006,-0.17372848,-1.3810773,-0.51938874,3.7610602,-0.6609612,-0.8211109
E15_5-S1#TGAGTCTGAGAACGTC-1,-0.45007607,-0.083457924,-0.45525488,1.3567666,-0.34801832,0.928282,-0.16895694,0.17770872,-0.48671916,-0.470274
E15_5-S1#TGAGTCTGAGAGAAGG-1,-0.36474547,-0.4264417,-0.60493034,1.911586,-0.61355186,1.4803181,-0.2558169,-0.55972046,-0.55838907,-0.008308329
E15_5-S1#TGAGTCTGAGAGCTAT-1,-0.17933372,-0.50002956,-0.42169368,1.4364967,0.013562869,0.3962921,0.015830722,-0.6676975,-0.55005574,0.45662767
E15_5-S1#TGAGTCTGATAAGGAG-1,-0.50621974,-0.45978022,0.24152303,-0.21481238,-0.5795645,-0.12755509,-0.25087932,2.7364352,-0.2635456,-0.5756014
E15_5-S1#TGAGTCTGATCATATT-1,-0.71835536,-0.32038486,-0.3447227,1.683781,-1.0897485,1.1482128,-0.23678315,-0.34891236,-0.3799223,0.6068354
E15_5-S1#TGAGTCTGCAACCGCT-1,-1.154205,-0.6777664,1.7636849,-1.4694887,-0.29329956,-0.7603842,0.74266034,2.3983057,0.11373002,-0.6632369
E15_5-S1#TGAGTCTGCATACTCC-1,-0.47082192,-0.19573252,-0.4222511,0.99350494,-0.66224515,0.7889325,-0.09688036,0.62589955,-0.24652342,-0.3138824
E15_5-S1#TGAGTCTGCCAGTTCC-1,-1.1677799,-0.850621,2.6968546,-1.8575156,0.15633589,-1.4008019,0.30315614,3.0768595,-0.2738616,-0.6826265
E15_5-S1#TGAGTCTGCCGAGAAT-1,-0.8174755,-0.8232174,3.1543057,2.3573003,-0.8223422,-0.41772225,-0.86746156,-1.122864,-0.46690154,-0.17362121
E15_5-S1#TGAGTCTGCCGATTCC-1,-1.0292355,-1.2025319,3.2213392,-1.2782289,-0.07125972,-1.2235972,-0.7230153,3.574206,-0.61944115,-0.64823574
E15_5-S1#TGAGTCTGCGAACGCC-1,-1.2514071,-1.1187131,3.3356638,-0.9971921,-0.3428471,-1.1798494,-0.8365031,3.7289815,-0.594679,-0.7434541
E15_5-S1#TGAGTCTGCGACGCGA-1,-0.9332373,-0.3714628,-0.403424,1.6836284,-0.9556471,1.2519023,-0.47018886,-0.19307224,-0.37514117,0.76664263
E15_5-S1#TGAGTCTGCTAAGAGA-1,-1.126877,-0.5505944,0.018870087,1.9769387,0.66148615,-0.09808315,-0.27840906,-0.7760488,-0.7625364,0.9352539
E15_5-S1#TGAGTCTGCTGATGGT-1,-0.864363,-0.9946894,3.606695,2.736913,-0.98130065,-0.5122944,-0.9035744,-1.4378929,-0.5032316,-0.14626166
E15_5-S1#TGAGTCTGCTTGCGCC-1,-0.34274474,-0.29740107,-0.27085188,1.516713,-0.4603648,0.20956391,-0.40082657,-0.15920588,-0.28485873,0.48997688
E15_5-S1#TGAGTCTGGACCTTGA-1,0.10738728,-0.48598045,-0.784254,-0.51798683,-0.655953,0.6167286,0.3557431,1.7276736,0.4810713,-0.8444295
E15_5-S1#TGAGTCTGGATACGGA-1,-0.5560759,-0.5113568,-0.2724109,1.4559538,-0.70716906,0.34350818,-0.3976886,-0.877841,-0.4000306,1.9231107
E15_5-S1#TGAGTCTGGATCTTAC-1,-0.8941731,-0.8181865,2.8191319,2.4471486,-0.3518424,-0.49762854,-0.41209066,-1.5765123,-0.7884495,0.0726021
E15_5-S1#TGAGTCTGGCAGGTCC-1,-0.9426711,0.102933034,-0.33413148,1.1923734,-0.7238738,1.2739763,0.11679816,0.19707662,-0.19906244,-0.6834188
E15_5-S1#TGAGTCTGGCCATTCT-1,-1.1159375,-0.112905346,-0.52922946,1.5993853,0.38978043,-0.15354702,-0.2836981,0.2021144,-0.53857154,0.54260874
E15_5-S1#TGAGTCTGGCCGCAAC-1,-1.3920734,0.55665356,2.4787962,0.041546226,-0.35844433,-0.9957894,-0.22892821,1.4623469,-0.7255461,-0.8385616
E15_5-S1#TGAGTCTGGCGTTGGA-1,-1.3769016,-0.56330675,1.5856164,2.144417,1.0419314,-0.44413602,-0.0405289,-1.5038822,-1.084413,0.24120411
E15_5-S1#TGAGTCTGGCTAACTT-1,-0.45383903,-0.22276425,-0.2653079,1.0726703,-0.2882572,0.7472569,-0.11388462,-0.017083883,-0.38311327,-0.075677
E15_5-S1#TGAGTCTGGGCTGAGC-1,-1.0387597,-1.0845181,3.196462,-1.0909835,-0.049734276,-1.1778406,-0.76404834,3.447014,-0.8041077,-0.6334835
E15_5-S1#TGAGTCTGGGTACTGC-1,-1.1964458,-0.23502454,-0.26554322,1.8946074,-0.41565418,0.18634722,-0.25322843,-0.0054597706,-0.35992834,0.6503296
E15_5-S1#TGAGTCTGGGTATGCT-1,-0.61035526,-0.20224278,-0.43401116,0.7299775,-0.60067904,1.0335132,-0.03388372,0.66147435,-0.24589683,-0.2978962
E15_5-S1#TGAGTCTGTAGAATTA-1,-0.603442,-0.24457087,-0.45645064,1.8331612,-0.04106868,0.37110806,-0.3684876,0.0074173734,-0.30693805,-0.1907288
E15_5-S1#TGAGTCTGTAGAGTAA-1,-0.82196414,-0.45099595,-0.92558,0.5189319,-0.33924472,1.3217919,-0.80095804,2.0272243,0.33543897,-0.8646443
E15_5-S1#TGAGTCTGTAGATCTA-1,-0.19629943,-0.49485305,0.2967261,1.2218798,-0.85358304,0.04587311,-0.015619926,-0.6359614,-0.46816924,1.100007
E15_5-S1#TGAGTCTGTCCGGCCT-1,-0.15248285,-0.11212002,-0.41894752,0.23267542,-0.17270263,0.4519235,0.3437959,0.13145743,-0.09432256,-0.20927663
E15_5-S1#TGAGTCTGTCCTACCA-1,-1.7886386,-0.2592458,1.3587831,2.1397815,1.417719,-0.5559656,0.13458154,-1.337126,-1.1215845,0.011695381
E15_5-S1#TGAGTCTGTCGGCCTT-1,-0.75629234,-0.18064058,-0.43025276,1.2916498,-0.6105402,1.042493,-0.36951596,0.23301162,0.032274947,-0.25218755
E15_5-S1#TGAGTCTGTCTGATAC-1,-0.32208705,-0.30041006,-0.39909118,-0.0026093237,-0.24512438,0.85056233,-0.09396839,-0.023155,-0.18426909,0.72015214
E15_5-S1#TGAGTCTGTGAGTCTG-1,-1.3739702,-0.051485717,2.9533992,-1.4996433,0.25595543,-1.7826022,0.78671765,2.6993046,-1.3105134,-0.67716193
E15_5-S1#TGAGTCTGTGCCGGCA-1,-0.12604886,-0.44816813,-0.16934022,1.4026961,-1.2080299,0.4846647,-0.09746317,-0.3312211,-0.33080506,0.8237156
E15_5-S1#TGAGTCTGTGCGGACC-1,-0.5377668,-0.83000326,2.6310945,2.0214183,-0.63724744,-0.67824507,-0.5726545,-1.0824032,-0.6918295,0.37763673
E15_5-S1#TGAGTCTGTGGTCAGC-1,-0.7433769,-0.3455091,-0.28258657,1.1601701,-0.91964096,0.6217857,-0.46849823,-0.07701691,-0.21654157,1.2712145
E15_5-S1#TGAGTCTGTTACCGAG-1,-0.6783292,-0.4908499,-0.30658,1.6311347,-0.9881645,0.18509829,-0.64470947,-0.20102471,-0.34823096,1.841656
E15_5-S1#TGAGTCTGTTATCCGG-1,-0.6731995,-0.44995734,-0.384175,1.3965168,-0.68607473,1.0229704,-0.3445066,-0.38315234,-0.47022876,0.97180694
E15_5-S1#TGAGTCTGTTATTCAT-1,0.024198398,-0.7009536,0.17997591,1.2848597,-1.0759333,0.5161966,0.61609554,-0.9870168,-0.64013517,0.7827127
E15_5-S1#TGAGTCTGTTGACTTC-1,-0.46656555,-0.53403795,-0.51985496,1.5888896,0.34084943,-0.31419432,-0.36229876,-0.5178633,-0.5924664,1.3775423
E15_5-S1#TGCCGGCAAAGAAGCT-1,-0.2767841,-0.28542477,-0.67318034,-0.3552323,-0.6838288,1.3860567,0.36614174,0.7578247,0.27479312,-0.51036596
E15_5-S1#TGCCGGCAAATTAAGA-1,-0.90287733,-0.5686067,0.68861485,2.086784,-0.61614656,-0.3506436,-0.3007067,-0.8806641,-0.61823857,1.4624848
E15_5-S1#TGCCGGCAACCGCCAA-1,-1.524462,2.9743967,-0.40572172,0.26796862,0.4227873,-1.5977135,-1.3840258,1.7147337,-0.5548325,0.08686906
E15_5-S1#TGCCGGCAACGGAGGC-1,-0.5150131,-0.7051393,1.2182736,1.9733347,-0.9860015,-0.32293674,-0.0024168538,-1.0377164,-0.59292245,0.9705378
E15_5-S1#TGCCGGCAACTATGCA-1,-1.1430255,-0.43634695,0.6897362,1.9128228,-1.107724,0.20290726,-0.013200097,-0.61311156,-0.41276914,0.9207109
E15_5-S1#TGCCGGCAACTCAATA-1,0.013043765,-0.48142081,-0.6611645,0.75405294,0.45318526,1.1531924,-0.5545794,0.61391973,-0.5076146,-0.7826146
E15_5-S1#TGCCGGCAACTTAACC-1,-1.3262665,-0.41849938,-0.76336783,0.37469056,-0.6508124,0.78040195,-0.6871417,2.218487,0.540945,-0.06843646
E15_5-S1#TGCCGGCAAGAACGTC-1,0.28806034,-0.24109866,-0.89353114,0.40712503,-0.07284071,1.2278639,-0.43000507,0.8384479,-0.11347917,-1.0105424
E15_5-S1#TGCCGGCAAGAGAAGG-1,-0.6258684,2.095611,-1.2588822,-0.41308463,-1.0995451,0.86067206,0.021967843,1.7412891,0.002992738,-1.3251528
E15_5-S1#TGCCGGCAAGAGCTAT-1,0.7074566,-0.6671429,-1.2788973,2.8359025,2.7720928,-0.79517365,-0.80404884,-0.6738182,-0.77907616,-1.3172947
E15_5-S1#TGCCGGCAATAAGGAG-1,-0.8599074,-0.24049252,-0.7491224,0.45356378,-0.7798934,0.8940437,-0.56629467,2.3910236,0.11725673,-0.66017735
E15_5-S1#TGCCGGCAATCATATT-1,-0.75510913,-0.5060141,-0.10118217,1.821918,-0.95938104,1.126442,0.08260975,-0.7799571,-0.5731846,0.6438585
E15_5-S1#TGCCGGCACAACCGCT-1,-1.0691893,-0.5233546,-0.70096236,0.023898065,-0.7087053,1.8073242,-0.33929488,1.4278983,0.95041734,-0.86803156
E15_5-S1#TGCCGGCACATACTCC-1,-0.91022104,1.6050816,-0.7571623,-0.13582726,-0.6997045,0.42673433,-0.1240318,1.1953382,-0.019584678,-0.5806228
E15_5-S1#TGCCGGCACCAGTTCC-1,-1.3437914,0.23960538,-0.2973087,-0.93204176,-0.5766966,-0.07427252,0.22481935,2.002228,0.81602514,-0.058566988
E15_5-S1#TGCCGGCACCGAGAAT-1,-0.8424282,-0.8271924,2.8600132,2.072926,-0.8983521,-0.39140135,-0.72802126,-0.7842469,-0.43954086,-0.021756798
E15_5-S1#TGCCGGCACCGATTCC-1,-1.1762897,0.016706288,-1.0604775,0.8191174,-0.73774534,0.986798,-0.9745836,2.25094,0.38378993,-0.5082558
E15_5-S1#TGCCGGCACGAACGCC-1,-0.7979014,-0.05500813,-0.21099862,-0.42035592,-0.4954148,0.2769363,-0.09528374,1.5806572,0.59440166,-0.37703264
E15_5-S1#TGCCGGCACGACGCGA-1,-0.77775246,-0.38252366,-0.10747072,1.7667439,-0.84209895,0.7898535,-0.33990687,-0.48471305,-0.44054034,0.81840867
E15_5-S1#TGCCGGCACTAAGAGA-1,-0.28275454,-0.22682002,-0.6394744,0.93121314,0.6904024,0.63978744,-0.37138116,0.21796949,-0.39664555,-0.56229675
E15_5-S1#TGCCGGCACTGATGGT-1,-0.6768292,-0.90066993,3.275697,2.3765476,-0.8245676,-0.4248258,-0.79816735,-1.3578606,-0.58502555,-0.08429822
E15_5-S1#TGCCGGCACTTGCGCC-1,0.5211165,-0.25391296,-0.67248094,0.83944994,0.16882034,0.6674786,-0.37719798,0.29760292,-0.44240314,-0.7484733
E15_5-S1#TGCCGGCAGAAGATCG-1,-0.514258,-0.13892621,-0.26455927,0.7570097,-0.5028828,0.75905526,0.8206983,-0.5193672,-0.4227875,0.026017822
E15_5-S1#TGCCGGCAGACCTTGA-1,-1.3511472,-0.109130554,-0.19478986,1.5668753,-0.24951339,0.76551974,-0.017203443,0.3810754,-0.1765086,-0.6151774
E15_5-S1#TGCCGGCAGATACGGA-1,-0.63704145,-0.6043861,0.32506943,1.9767673,-0.9654538,0.3923512,-0.30879194,-0.60060203,-0.48827916,0.91036654
E15_5-S1#TGCCGGCAGATCTTAC-1,-0.8087024,-0.90987647,3.3156977,2.2952628,-0.80556405,-0.3306465,-0.82378745,-1.3973162,-0.49532568,-0.03974151
E15_5-S1#TGCCGGCAGCAGGTCC-1,0.02676935,-0.4016143,-0.8116953,0.24260214,0.24870867,1.0594919,-0.60638124,1.2216126,-0.1736337,-0.8058602
E15_5-S1#TGCCGGCAGCCATTCT-1,0.17843543,-0.6651583,-1.1120999,2.5654554,2.665049,-0.9579617,-0.64197576,-0.6195048,-0.8679186,-0.5443209
E15_5-S1#TGCCGGCAGCCGCAAC-1,-1.3767716,-0.38787872,2.1062677,1.466062,-1.00174,-0.5322546,-0.5025884,0.68040717,-0.3007935,-0.15071008
E15_5-S1#TGCCGGCAGCGTTGGA-1,-0.55336946,-0.6387304,2.7636876,1.8428684,-0.6075591,-0.25492194,-0.8436082,-1.1307843,-0.514163,-0.06341953
E15_5-S1#TGCCGGCAGGCTGAGC-1,-0.93040407,-0.72841734,-1.0389934,0.45222315,-0.32510054,0.7953614,-1.0574214,2.158046,0.511522,0.16318423
E15_5-S1#TGCCGGCAGGTACTGC-1,0.77855396,-0.4695186,-0.5885839,0.2827894,0.63308686,0.67162967,-0.38427892,0.35377958,-0.5741772,-0.70328075
E15_5-S1#TGCCGGCATAGAATTA-1,0.43557736,-0.83208144,-1.2245407,2.7118495,2.6534874,-0.8879899,-0.8034885,-0.6691914,-0.8276671,-0.5559551
E15_5-S1#TGCCGGCATAGAGTAA-1,-0.90990895,-0.32247826,-0.73303884,1.6139764,0.34372866,1.2295036,-0.5698547,0.42152023,-0.37497032,-0.698478
E15_5-S1#TGCCGGCATAGATCTA-1,-1.1247979,-0.4255542,0.70342314,1.5953149,-0.69924915,-0.046648066,-0.18521236,-0.27389902,-0.5029473,0.95957
E15_5-S1#TGCCGGCATCCGGCCT-1,-0.31054622,-0.5524882,-0.619358,-1.0924723,-0.6465634,0.4342116,1.471505,1.6986896,0.373635,-0.75661325
E15_5-S1#TGCCGGCATCCTACCA-1,-1.1590183,0.059916507,1.9003847,0.73514235,-0.1611688,-0.25447625,-0.50886166,-0.21450783,-0.3286591,-0.06875164
E15_5-S1#TGCCGGCATCGGCCTT-1,0.26461038,-0.31572634,-0.76701576,-0.3727033,0.48098645,0.82639205,-0.5618735,0.8679229,0.21682146,-0.63941425
E15_5-S1#TGCCGGCATCTGATAC-1,-0.9915915,-0.07065353,-0.23802206,1.390196,-0.44033325,1.3353491,-0.07441469,-0.69863576,-0.5482334,0.33633906
E15_5-S1#TGCCGGCATGAGTCTG-1,-0.6838638,-0.76842725,2.789902,2.2087698,-0.75856394,-0.3698246,-0.8903801,-1.0141685,-0.48487127,-0.028572842
E15_5-S1#TGCCGGCATGCCGGCA-1,-1.5995439,1.6725252,1.4585114,0.32911998,0.26928225,-1.5057522,0.20079178,0.8107376,-0.9293681,-0.7063037
E15_5-S1#TGCCGGCATGCGGACC-1,-0.270334,-0.61134213,1.5849334,1.5164733,-0.7693373,-0.6081138,0.19386722,-1.2930435,-0.7453484,1.0022454
E15_5-S1#TGCCGGCATGGTCAGC-1,-1.1724333,-0.3991293,-0.22713709,2.1666489,-0.80042547,-0.1898613,-0.35003522,-0.35008273,-0.41904888,1.7415044
E15_5-S1#TGCCGGCATTACCGAG-1,-0.60062146,-0.5279462,0.066325724,1.6533061,-0.79938126,0.18963511,-0.17997631,-0.47209325,-0.41271293,1.0834645
E15_5-S1#TGCCGGCATTATCCGG-1,-0.8818934,-0.37254286,-0.0900935,1.7044499,-0.59847605,1.0553322,-0.28944486,-0.4844987,-0.48671767,0.44388506
E15_5-S1#TGCCGGCATTATTCAT-1,-1.3103583,-0.37454957,0.8096431,1.9861501,-0.71886677,-0.33187878,-0.36205724,-0.16410705,-0.44963235,0.91565686
E15_5-S1#TGCCGGCATTGACTTC-1,1.0743244,-0.9017729,-1.4401454,2.966461,2.9584365,-0.9846192,-1.1652153,-0.9779857,-0.8510964,-0.6783871
E15_5-S1#TGCGGACCAACCTGCG-1,-1.0952663,2.9678524,-1.3469828,-0.20615718,-1.3421264,-0.32271358,-0.9890149,2.1104789,1.1641003,-0.94017047
E15_5-S1#TGCGGACCAAGAAGCT-1,-0.16955619,-0.6553821,-0.5383739,1.9875195,0.04087887,0.58332586,-0.7362852,-0.9836414,-0.76156455,1.2330791
E15_5-S1#TGCGGACCAATTAAGA-1,0.028065834,-0.7038204,0.5653701,1.8719857,-0.9921148,-0.41503373,0.19085754,-1.2120835,-0.6775692,1.3443424
E15_5-S1#TGCGGACCACCGCCAA-1,-0.5875854,-0.4718896,-0.071534194,-0.8502275,-0.20681222,0.2615208,-0.19079588,1.8194427,0.67113405,-0.3732528
E15_5-S1#TGCGGACCACGGAGGC-1,-0.855971,-0.6536247,2.2274072,1.7759616,-0.6911571,-0.5030774,-0.8671478,-0.28205544,-0.42801505,0.27767974
E15_5-S1#TGCGGACCACTATGCA-1,-1.1445459,-0.57224876,-0.3869756,1.9716551,-0.67010814,0.4744317,-0.35623682,-0.7777326,-0.54191923,2.0036805
E15_5-S1#TGCGGACCACTCAATA-1,-1.4736944,-0.3579659,0.4106215,2.0434809,1.2924763,-0.6490213,-0.08380546,-1.2296361,-1.0271289,1.0746734
E15_5-S1#TGCGGACCACTTAACC-1,-1.4087539,-1.1497884,3.5344362,-1.7164578,0.39996523,-1.4453443,-1.1879499,3.910059,-0.6172733,-0.31889272
E15_5-S1#TGCGGACCAGAACGTC-1,-0.89405924,-0.22430949,-0.5339373,1.8222824,-0.013195731,0.71503514,0.05214324,-0.47013885,-0.4450996,-0.008720666
E15_5-S1#TGCGGACCAGAGAAGG-1,0.7736203,-0.38515142,-0.43691146,0.2118065,-0.0635618,0.19485337,0.14913508,0.15052342,-0.3019765,-0.29233754
E15_5-S1#TGCGGACCAGAGCTAT-1,0.29345587,-0.5766941,-1.0250393,1.7750779,0.7874567,-0.23170522,-0.24649863,-1.1447026,-0.78346974,1.1521192
E15_5-S1#TGCGGACCATAAGGAG-1,-0.41903758,-0.28907454,-0.5506541,-0.6522676,-0.25584596,0.02048732,-0.30580044,2.1726112,0.6809822,-0.4014005
E15_5-S1#TGCGGACCATCATATT-1,-0.71380603,-0.32444713,-0.3406372,1.1758565,-0.96970856,0.7042829,-0.43999052,0.31296313,-0.42189336,1.0173802
E15_5-S1#TGCGGACCCAACCGCT-1,-1.4735302,-1.3314213,4.3212404,-1.8091694,-0.046419367,-1.4495157,-1.2651242,4.6019716,-0.78673726,-0.761295
E15_5-S1#TGCGGACCCATACTCC-1,-0.7202451,-0.42473143,-0.37708566,2.3321736,-0.61122066,0.6923635,-0.5295219,-0.5706971,-0.46904683,0.67801166
E15_5-S1#TGCGGACCCCAGTTCC-1,-0.7386124,-0.85543674,0.8304338,-0.8108689,0.04713271,-0.47589272,-0.18930961,2.0887697,0.060621608,0.043162506
E15_5-S1#TGCGGACCCCGAGAAT-1,-1.0370566,-0.9539839,3.9173656,3.08172,-1.1103389,-0.54870355,-1.343341,-1.1989659,-0.37928754,-0.42740825
E15_5-S1#TGCGGACCCCGATTCC-1,-0.9660753,-0.2195169,-1.1155819,0.14810786,-0.7563292,0.9599421,-0.84950596,2.091169,0.93383366,-0.22604358
E15_5-S1#TGCGGACCCGAACGCC-1,-1.809897,1.8230491,1.5532126,-1.7771914,0.19719955,-1.3951261,0.32127258,2.4383237,-0.72423804,-0.6266051
E15_5-S1#TGCGGACCCGACGCGA-1,-0.7300306,-0.5302212,-0.107136406,1.6150569,-1.030244,0.41126704,-0.31672886,-0.6464735,-0.2516236,1.5861344
E15_5-S1#TGCGGACCCTAAGAGA-1,-0.89135283,-0.6635217,-0.32531813,2.0809686,1.4573159,-0.46443772,-0.31647286,-1.1126844,-0.9681322,1.2036353
E15_5-S1#TGCGGACCCTGATGGT-1,-0.81525016,-1.0345627,3.9122875,2.9558845,-1.0366937,-0.43386883,-1.3284146,-1.4032164,-0.42458445,-0.39158106
E15_5-S1#TGCGGACCCTTGCGCC-1,-0.86959076,-0.26653117,-0.62864256,2.1808875,0.27981502,-0.2329331,-0.27403048,-0.4556307,-0.45055366,0.7172098
E15_5-S1#TGCGGACCGAAGATCG-1,0.41860637,-0.43188807,-0.47407517,0.83273715,-0.05635169,0.6244006,-0.29308915,-0.6074917,-0.6119048,0.5990564
E15_5-S1#TGCGGACCGACCTTGA-1,0.08642847,-0.9968652,-0.3115753,-0.25039256,-0.82533705,-0.121557355,0.72086567,2.5942798,-0.13062869,-0.76521796
E15_5-S1#TGCGGACCGATACGGA-1,-1.0852586,-0.5210995,-0.16862991,1.7210668,-0.80687124,0.8367193,-0.40533516,-0.53376985,-0.2124179,1.1755959
E15_5-S1#TGCGGACCGATCTTAC-1,-0.88938123,-0.9311991,3.597363,2.7534308,-0.91184986,-0.53117007,-1.0926082,-1.395625,-0.5077168,-0.09124379
E15_5-S1#TGCGGACCGCAGGTCC-1,-0.691988,-0.3170336,-0.78697497,1.277843,0.0046101892,0.9117536,-0.41227219,0.7905125,-0.47553325,-0.30091736
E15_5-S1#TGCGGACCGCCATTCT-1,0.17562784,-0.5500518,-0.7933947,1.5582522,0.814505,-0.49587044,-0.31213063,-0.7558414,-0.7789897,1.1378936
E15_5-S1#TGCGGACCGCCGCAAC-1,-1.0267062,-0.3585633,3.0038905,1.9038948,-0.5090828,-0.70828056,-0.6747614,-0.7778286,-0.39539576,-0.4571666
E15_5-S1#TGCGGACCGCGTTGGA-1,-1.3740829,-0.47442502,1.3554046,1.9609191,1.0316088,-0.5664025,-0.24092455,-1.0968764,-0.94094914,0.34572804
E15_5-S1#TGCGGACCGCTAACTT-1,-0.13015798,-0.31410637,-0.31582484,-0.10456391,-0.37500328,0.6315884,0.18456462,0.69116443,-0.085509524,-0.18215154
E15_5-S1#TGCGGACCGGCTGAGC-1,-1.3741438,-1.1565765,2.6413212,-1.5804962,0.25302902,-1.0137842,-0.3480403,3.2138245,-0.29468688,-0.34044704
E15_5-S1#TGCGGACCGGTACTGC-1,-1.1484101,-0.29571354,-0.17947531,1.8462589,-0.105237186,-0.15625143,-0.43135774,-0.17655349,-0.4329971,1.0797372
E15_5-S1#TGCGGACCGGTATGCT-1,-0.5689781,-0.391563,-0.55692655,-0.6562186,-0.5370333,1.0241824,0.021717666,1.7854854,0.44140172,-0.5620677
E15_5-S1#TGCGGACCTAGAATTA-1,-0.8157277,-0.4460208,-0.17489296,2.0229285,0.6660638,-0.56944746,-0.38749358,-0.6222486,-0.70734304,1.034182
E15_5-S1#TGCGGACCTAGAGTAA-1,-0.46414495,-0.6729107,-0.69277275,0.006363863,-0.1589394,1.2121301,-0.6586047,1.5344114,0.63024175,-0.7357749
E15_5-S1#TGCGGACCTAGATCTA-1,-0.9567641,-0.5276387,1.6645993,1.6381302,-0.6365015,-0.23788385,-0.5067811,-0.2745449,-0.500511,0.33789545
E15_5-S1#TGCGGACCTCCGGCCT-1,0.09082707,-0.4210995,-0.51657504,1.7022843,-0.26389018,1.0418313,-0.5142336,-0.40497813,-0.6736752,-0.04049108
E15_5-S1#TGCGGACCTCCTACCA-1,-1.7274579,-0.3249693,1.4059895,2.1846097,1.7393459,-0.8721503,0.056978397,-1.7885538,-1.3719476,0.6981554
E15_5-S1#TGCGGACCTCGGCCTT-1,-0.32503915,-0.31413463,-0.75294685,1.4150922,0.012186646,0.9812261,-0.6532726,0.6018751,-0.5348313,-0.43015563
E15_5-S1#TGCGGACCTGAGTCTG-1,-0.92646194,-0.7437738,3.2033613,2.4102993,-0.89576346,-0.4419072,-1.1577475,-0.72909206,-0.27211565,-0.44679955
E15_5-S1#TGCGGACCTGCCGGCA-1,-0.8658831,-0.47835347,0.30246437,1.5832514,-0.79028285,0.032886714,-0.2732921,-0.08591959,-0.35046172,0.9255903
E15_5-S1#TGCGGACCTGCGGACC-1,-1.4559243,1.8838341,3.5145288,-1.901238,0.45769727,-2.09799,-0.6837337,2.323904,-1.3037776,-0.73730105
E15_5-S1#TGCGGACCTGGTCAGC-1,-0.577674,-0.33615944,-0.49985635,1.177961,-0.7357291,1.3196514,-0.3358095,-0.15445824,-0.3554919,0.49756625
E15_5-S1#TGCGGACCTTACCGAG-1,-0.72878623,-0.47369108,-0.3847776,1.7408435,-0.9758994,0.49889135,-0.5418652,-0.42362,-0.39748904,1.6863936
E15_5-S1#TGCGGACCTTATCCGG-1,-0.48989138,-0.43890923,-0.24376744,1.2978694,-0.8798628,0.8585843,0.028921388,-0.59124935,-0.39287284,0.8511778
E15_5-S1#TGCGGACCTTATTCAT-1,-0.3893515,-0.604938,0.23442982,1.6181558,-0.68473256,-0.084765695,-0.2319045,-0.765492,-0.57967883,1.4882774
E15_5-S1#TGCGGACCTTGACTTC-1,0.014740022,-0.54798615,-0.8752472,1.8750235,0.787056,-0.46890286,-0.42843592,-0.4873665,-0.67169577,0.80281484
E15_5-S1#TGGTCAGCAAGAAGCT-1,-0.91595525,2.3164055,-0.858172,-0.2912257,-0.5831117,0.1703985,-0.63571984,1.2869204,0.1615274,-0.65106744
E15_5-S1#TGGTCAGCAATTAAGA-1,2.5853558,-0.8302216,-0.74545276,1.3591418,-1.1551976,-0.7982979,2.301893,-0.835032,-0.835573,-1.0466154
E15_5-S1#TGGTCAGCACCGCCAA-1,-1.2514476,-0.88544244,0.47240457,-1.0811424,0.14120105,0.089500986,-0.040622562,2.0806243,0.023219004,0.45170507
E15_5-S1#TGGTCAGCACGGAGGC-1,2.4721906,-1.01004,-0.59342283,1.9122797,-1.8645822,-0.6687063,2.9624088,-1.1660973,-0.86168426,-1.1823462
E15_5-S1#TGGTCAGCACTATGCA-1,0.063975744,0.96275294,-0.8590025,-0.34006506,-0.22254148,0.76325035,-0.08074035,1.1410408,-0.55467963,-0.8739908
E15_5-S1#TGGTCAGCACTCAATA-1,0.43814138,-0.7346447,-0.78010494,0.63449115,0.96523416,0.23283418,-1.0615196,0.32023075,-0.63599813,0.62133586
E15_5-S1#TGGTCAGCACTTAACC-1,0.051633142,-0.6254452,-0.66866195,0.70015717,-0.67298293,1.1345162,-0.5781713,0.70399237,0.24542531,-0.29046285
E15_5-S1#TGGTCAGCAGAACGTC-1,0.7611674,-0.46723062,-0.7484588,0.30429342,0.5835712,0.80944693,-0.5796764,0.6916825,-0.40150785,-0.95328784
E15_5-S1#TGGTCAGCAGAGCTAT-1,0.569113,-0.5738965,-0.7488834,0.79484016,1.4522371,0.23230127,-0.75559074,0.42706993,-0.54770124,-0.8494894
E15_5-S1#TGGTCAGCATAAGGAG-1,-0.73638475,-0.21896727,-0.7131357,-0.5991608,-0.4620999,0.702107,-0.48358577,2.146295,0.7828126,-0.41788048
E15_5-S1#TGGTCAGCATCATATT-1,-0.02523356,0.91252065,-0.79968345,0.18662487,-0.26820818,0.61627436,-0.37424606,1.172394,-0.8077643,-0.6126782
E15_5-S1#TGGTCAGCCAACCGCT-1,1.1050673,-0.73760754,-0.93780047,1.1744863,-1.6310997,0.5246055,1.1024274,0.4411409,-0.11193462,-0.92928517
E15_5-S1#TGGTCAGCCCAGTTCC-1,-0.7951394,-0.6874573,-0.8272812,0.18733656,-0.816114,1.4253806,-0.39472628,1.951215,0.47042966,-0.5136434
E15_5-S1#TGGTCAGCCCGAGAAT-1,2.3609788,-0.8485552,-0.39216584,-0.727425,-0.55310297,-0.91625214,2.4398603,-1.7807124,-0.70910835,1.1264828
E15_5-S1#TGGTCAGCCCGATTCC-1,-1.1297287,-0.45892876,-1.0917315,-0.89363396,-0.05410716,0.27972552,-0.8219215,2.0354114,1.4177577,0.71715695
E15_5-S1#TGGTCAGCCGAACGCC-1,-1.1320863,1.5648383,-1.200257,-0.0651108,-0.53449726,0.0666706,-0.7523202,2.0792034,0.3027485,-0.32918927
E15_5-S1#TGGTCAGCCGACGCGA-1,0.1540099,-0.47047323,-0.66308236,-0.25098372,-0.058622725,1.5118747,0.4714231,0.70093125,-0.73955894,-0.65551805
E15_5-S1#TGGTCAGCCTAAGAGA-1,0.5197877,-0.5573678,-0.63514906,0.5414566,1.1459006,0.27413166,-0.7275238,0.3635111,-0.54275906,-0.381988
E15_5-S1#TGGTCAGCCTGATGGT-1,2.270994,-0.80563146,-0.7444249,-2.1601686,-0.04754997,-0.4842379,1.5193682,-1.719675,-0.39026475,2.5615902
E15_5-S1#TGGTCAGCCTTGCGCC-1,0.7034557,-0.5691492,-0.7700467,1.5016179,1.646978,0.32087654,-0.7983231,-0.24981648,-0.59461087,-1.1909817
E15_5-S1#TGGTCAGCGAAGATCG-1,0.447411,-0.2718569,-0.46360576,-0.10046534,0.17024088,0.29238662,-0.15826558,0.3288582,-0.1315925,-0.11311062
E15_5-S1#TGGTCAGCGACCTTGA-1,1.7712059,-0.52932227,-1.0909494,1.5392691,-1.6454021,-0.031222649,0.88331485,0.39294595,-0.17379282,-1.1160464
E15_5-S1#TGGTCAGCGATACGGA-1,-0.10824152,-0.36893964,-0.52381796,-0.22310354,-0.3355223,1.1819216,0.64330673,-0.10365637,-0.060617805,-0.10132934
E15_5-S1#TGGTCAGCGATCTTAC-1,2.4344475,-1.2397289,-0.6844137,-2.078204,2.2627182,-1.1614234,-1.1512587,-0.9212119,-1.1800021,3.7190764
E15_5-S1#TGGTCAGCGCAGGTCC-1,-0.032617297,-0.49044335,-0.7734855,0.28550422,0.8666497,0.84136915,-0.6121429,0.6666683,-0.07382128,-0.67768127
E15_5-S1#TGGTCAGCGCCATTCT-1,-0.6014638,-0.41926295,-1.1226562,2.6273615,2.419026,-0.54532105,-0.49888963,-0.3500772,-0.6563753,-0.85234135
E15_5-S1#TGGTCAGCGCCGCAAC-1,1.606534,-0.96302307,0.15675592,-0.02303861,-0.8915194,-0.80474734,2.7493691,-0.6775988,-0.9538377,-0.19889425
E15_5-S1#TGGTCAGCGCGTTGGA-1,-0.07443333,-0.28366995,-1.1537406,-0.32680628,1.0055006,-0.30427688,-1.2854145,1.2488272,-0.9264226,2.1004362
E15_5-S1#TGGTCAGCGGCTGAGC-1,-1.1542953,-0.86475426,-1.2770516,0.21278858,-0.6691892,0.7807631,-1.1555537,2.422576,1.3035643,0.40115237
E15_5-S1#TGGTCAGCGGTACTGC-1,0.640539,-0.48218498,-0.62444645,0.46373498,0.7775147,0.4781907,-0.692595,0.60080224,-0.5893182,-0.57223696
E15_5-S1#TGGTCAGCTAGAATTA-1,0.6166983,-0.5026197,-0.7320639,0.6485458,1.1463144,0.22474371,-0.7007228,0.55401254,-0.44245678,-0.8124515
E15_5-S1#TGGTCAGCTAGAGTAA-1,0.13332283,-0.36001313,-0.633336,0.16976741,0.019986574,0.5898961,-0.4773192,1.2251068,-0.028772198,-0.6386392
E15_5-S1#TGGTCAGCTAGATCTA-1,1.8259274,-0.97029126,-0.727404,0.6790067,-1.0743227,-0.32647666,2.6457756,-0.28082305,-0.79594314,-0.97544885
E15_5-S1#TGGTCAGCTCCTACCA-1,0.83121145,-0.92986184,-0.433241,-0.32530898,0.85958785,-0.44315398,-0.2884762,0.3687781,-1.0372161,1.3976808
E15_5-S1#TGGTCAGCTCGGCCTT-1,0.84822106,-0.43177986,-0.6369419,-0.0681099,0.43489477,0.52501607,-0.537533,0.7927201,-0.31940344,-0.60708386
E15_5-S1#TGGTCAGCTCTGATAC-1,0.16193283,-0.6502246,-0.6520701,-0.8896153,0.055210218,1.1899118,0.80553293,0.5999304,-0.13122384,-0.4893846
E15_5-S1#TGGTCAGCTGAGTCTG-1,1.57411,-1.1626799,0.44346052,1.2808728,-1.4747176,-0.57511705,2.5603137,-1.1575611,-1.0795107,-0.40917054
E15_5-S1#TGGTCAGCTGCCGGCA-1,2.8696358,-0.7986992,-0.83627737,1.6052462,-1.5051455,-1.0067601,1.9825429,-0.6587284,-0.63177824,-1.0200359
E15_5-S1#TGGTCAGCTGCGGACC-1,2.2769706,-1.1379285,0.43467024,1.6846634,-1.5595858,-1.0638406,2.98515,-1.5028366,-1.2566079,-0.8606551
E15_5-S1#TGGTCAGCTGGTCAGC-1,0.6402181,2.952444,0.02262389,-1.6884038,0.13235427,-2.0114303,1.2537152,1.5924137,-1.4896209,-1.404314
E15_5-S1#TGGTCAGCTTACCGAG-1,2.0818958,-0.73485625,-0.9307142,1.5795376,-2.0341012,-0.47553474,2.0416486,0.49393058,-0.7344069,-1.2873996
E15_5-S1#TGGTCAGCTTATCCGG-1,0.18108301,-0.4017394,-0.668744,-0.095960796,-0.0736307,1.2900202,1.1993227,-0.03423591,-0.5907122,-0.805403
E15_5-S1#TGGTCAGCTTATTCAT-1,2.3834746,-0.6649842,-0.7666727,0.69243723,-0.9491115,-0.7260243,2.2468581,-0.6024432,-0.7637639,-0.8497699
E15_5-S1#TGGTCAGCTTGACTTC-1,-0.7823584,-0.72933275,-1.3013446,3.5259898,3.6097074,-1.0372784,-0.66540545,-0.80549264,-0.95174867,-0.8627362
E15_5-S1#TTACCGAGAAGAAGCT-1,0.0043788366,-0.46409813,-0.4422162,-1.1169342,-0.31719074,0.5219586,1.6333858,1.5299568,-0.51077557,-0.8384655
E15_5-S1#TTACCGAGAATTAAGA-1,-0.21939641,-0.38108718,-0.3288745,1.6072003,-0.49878642,0.70546955,-0.08967126,-0.8686548,-0.58798325,0.661784
E15_5-S1#TTACCGAGACCGCCAA-1,-0.58142686,-0.7992996,0.39732924,-0.6746024,-0.14493579,0.04985507,-0.299182,2.1785686,0.12181864,-0.2481249
E15_5-S1#TTACCGAGACGGAGGC-1,-0.8505656,-0.5886048,-0.6430941,0.26536274,-0.43433276,1.9599067,-0.814747,1.282006,-0.04347628,-0.13245504
E15_5-S1#TTACCGAGACTATGCA-1,-0.6205829,-0.4631313,-0.6367845,0.518631,-0.36112168,1.9263644,-0.36641556,0.36752108,-0.45333654,0.08885606
E15_5-S1#TTACCGAGACTCAATA-1,0.28603655,-0.6422387,-0.6783209,0.30225426,1.1731418,0.91151774,-0.56398535,0.36745518,-0.8190426,-0.33681807
E15_5-S1#TTACCGAGACTTAACC-1,-0.1957799,-0.65445006,-0.6038629,-0.79781085,-0.43284807,0.8820815,-0.034582976,1.8145804,0.6085495,-0.5858767
E15_5-S1#TTACCGAGAGAACGTC-1,0.56680155,-0.61178136,-0.7738923,0.87949836,1.1343204,0.5047431,-0.7398896,0.4627733,-0.5601107,-0.86246276
E15_5-S1#TTACCGAGAGAGAAGG-1,-0.5423018,0.6691961,-0.78883374,-0.7814633,-0.38136876,0.46098244,0.9048074,0.85882396,0.2059781,-0.60582036
E15_5-S1#TTACCGAGAGAGCTAT-1,0.6570714,-0.8559184,-1.4460714,3.0224347,3.0830007,-0.9631471,-1.010525,-0.8421667,-0.82515377,-0.81952447
E15_5-S1#TTACCGAGATAAGGAG-1,-0.44664228,-0.27483848,-0.5453686,-0.7752884,-0.19868024,0.15583248,0.117886364,1.777286,0.5660162,-0.37620306
E15_5-S1#TTACCGAGATCATATT-1,-0.6599882,-0.33735776,-0.56334627,0.6479623,-0.7439111,1.6181867,-0.23239875,0.65724194,-0.18148428,-0.20490459
E15_5-S1#TTACCGAGCAACCGCT-1,-0.77998644,-0.43924218,-0.5105253,0.39202017,-0.8542507,1.3669899,-0.40720195,0.7347824,0.8806451,-0.38323087
E15_5-S1#TTACCGAGCCAGTTCC-1,-0.913488,-0.65934175,-0.8396551,-0.24013783,-0.29391217,0.83482337,-0.9158975,1.8425465,0.7536886,0.4313739
E15_5-S1#TTACCGAGCCGAGAAT-1,-1.2103928,-0.59133273,1.8916242,1.7172925,-1.2031689,-0.04484212,-0.5660774,0.06676835,-0.31243822,0.25256723
E15_5-S1#TTACCGAGCCGATTCC-1,-1.04832,2.4403555,-0.9643174,0.786743,0.011833318,-0.60969174,-1.5018125,1.2276609,-0.2626591,-0.07979192
E15_5-S1#TTACCGAGCGAACGCC-1,-0.7594031,0.8033609,-0.57919073,-0.7711391,-0.10997991,0.47731042,-0.103354886,1.535732,0.048101068,-0.5414368
E15_5-S1#TTACCGAGCGACGCGA-1,-0.43932748,-0.5059303,-0.05286522,1.009149,-1.0361872,1.1210454,0.67141724,-0.6358942,-0.6084887,0.4770815
E15_5-S1#TTACCGAGCTAAGAGA-1,0.9889253,-0.69825697,-1.1380477,2.3403952,2.0723727,-0.69656694,-1.0529191,-0.53860515,-0.6245143,-0.65278316
E15_5-S1#TTACCGAGCTGATGGT-1,-0.8791721,-0.7816188,2.6320338,2.1901999,-0.94422096,-0.40359837,-0.56303585,-1.0750175,-0.45722502,0.28165466
E15_5-S1#TTACCGAGCTTGCGCC-1,-0.38240945,-0.500968,-0.7914205,2.495958,2.7864673,-0.8945215,-0.41107565,-0.7066262,-0.8772751,-0.7181288
E15_5-S1#TTACCGAGGAAGATCG-1,-0.25407174,-0.3605251,-0.5572111,-0.6657188,-0.5481773,1.0928607,1.0508623,0.72888756,0.019198954,-0.5061057
E15_5-S1#TTACCGAGGACCTTGA-1,-1.4486759,-0.092540115,-0.65559316,1.9703392,-0.016700473,0.9279549,-0.23592027,-0.181417,-0.2147054,-0.05274189
E15_5-S1#TTACCGAGGATACGGA-1,-0.20028052,-0.5194515,-0.34838197,0.13306019,-1.2450409,0.506628,2.0480003,-0.16741674,-0.06260849,-0.14450844
E15_5-S1#TTACCGAGGATCTTAC-1,-0.780751,-0.7719078,2.8250804,2.2279282,-0.83490276,-0.43499005,-0.5653704,-1.3043123,-0.5093692,0.14859504
E15_5-S1#TTACCGAGGCAGGTCC-1,0.24196148,-0.30920565,-0.60391015,-0.19672805,0.17355745,0.5223918,-0.2600221,1.1142358,-0.18221658,-0.50006396
E15_5-S1#TTACCGAGGCCATTCT-1,-0.3129252,-0.48522532,-0.9498468,2.6484718,2.5398,-0.7681786,-0.46742976,-0.6922937,-0.8305104,-0.6818617
E15_5-S1#TTACCGAGGCCGCAAC-1,-1.6154673,0.076443925,0.11735404,0.49541083,-0.9205603,1.4150592,-0.18118587,1.1836661,-0.41383886,-0.1568816
E15_5-S1#TTACCGAGGCGTTGGA-1,-1.2391915,-0.29297692,0.52787125,0.5922846,-0.7564016,0.83485514,-0.48347595,0.8834702,-0.5091228,0.44268772
E15_5-S1#TTACCGAGGGCTGAGC-1,-1.0242772,2.6370823,-0.7826971,0.04060394,-0.16458857,-0.77644473,-1.4031351,1.6667497,-0.023152344,-0.17014107
E15_5-S1#TTACCGAGGGTACTGC-1,0.75332844,-0.38864392,-0.6270492,0.42722377,0.26291543,0.750616,-0.38936552,0.08946434,-0.52491874,-0.35357046
E15_5-S1#TTACCGAGTAGAATTA-1,0.042889006,-0.5885746,-0.8307811,2.1620193,2.4827645,-0.8707757,-0.47987384,-0.47502905,-0.825549,-0.6170897
E15_5-S1#TTACCGAGTAGAGTAA-1,0.032060165,-0.32743445,-0.5944414,-0.13388221,-0.28620604,0.46072403,-0.39398575,1.6165624,0.1522815,-0.5256783
E15_5-S1#TTACCGAGTAGATCTA-1,0.21839632,-0.5371244,-0.23845063,0.5542786,-0.79714227,0.50411063,0.089405574,-0.0139830485,-0.3888211,0.6093304
E15_5-S1#TTACCGAGTCCGGCCT-1,-0.23960438,-0.31870168,-0.5354615,-1.0349822,-0.45887876,0.11311196,2.1881974,0.52454275,0.22929062,-0.46751434
E15_5-S1#TTACCGAGTCCTACCA-1,-1.0305257,-0.27151155,-0.73671746,0.423217,0.09364602,0.47813946,-0.84123504,1.3368357,-0.83462524,1.3827767
E15_5-S1#TTACCGAGTCGGCCTT-1,0.2739311,-0.36631024,-0.7459854,-0.0015053675,0.16054046,1.0326804,0.01548999,0.58247,-0.28791612,-0.6633948
E15_5-S1#TTACCGAGTCTGATAC-1,-0.15398431,-0.32818323,-0.69073737,-0.77299637,-0.4970931,1.2802562,0.97317475,0.3511993,0.18251297,-0.34414878
E15_5-S1#TTACCGAGTGAGTCTG-1,-1.1151241,-0.7400584,0.3625221,0.37111107,-1.0718286,1.3034832,0.013407536,1.0154936,-0.00033529848,-0.13867113
E15_5-S1#TTACCGAGTGCCGGCA-1,-0.76357293,-0.6552988,0.36437538,1.883413,-1.3857185,-0.0276765,-0.022076488,0.3098185,-0.5290142,0.82575047
E15_5-S1#TTACCGAGTGCGGACC-1,-0.77957493,-0.38918835,-0.27358082,-0.12243465,-0.7639614,1.3438522,-0.21480441,1.0615481,6.855279e-05,0.13807578
E15_5-S1#TTACCGAGTGGTCAGC-1,-0.17494316,-0.54537225,-0.533424,-0.30482098,-0.7932985,1.2039578,0.41388348,0.77355,0.22158383,-0.2611162
E15_5-S1#TTACCGAGTTACCGAG-1,-1.5157232,2.016369,0.21066813,0.6569616,0.55426997,-1.3248018,0.11343618,1.5209562,-1.0368228,-1.195313
E15_5-S1#TTACCGAGTTATCCGG-1,-0.121832915,-0.3612346,-0.2960545,-0.86726725,-0.7202613,0.5627492,2.1079407,0.05194755,-0.13979638,-0.21619034
E15_5-S1#TTACCGAGTTATTCAT-1,-0.2508194,-0.6903374,0.13385452,1.6298306,-1.1181868,0.6385139,-0.15827568,-0.14339317,-0.6008181,0.5596317
E15_5-S1#TTACCGAGTTGACTTC-1,0.0006669611,-0.5068504,-0.8603451,2.2693548,2.4763143,-0.8443949,-0.4162429,-0.5873602,-0.7999699,-0.73117256
E15_5-S1#TTATCCGGAATTAAGA-1,2.9356375,-1.4423723,-0.9698032,-1.913858,3.2180538,-1.1291695,-1.6122772,-0.81811976,-1.1500592,2.8819683
E15_5-S1#TTATCCGGACCGCCAA-1,-0.9719675,-0.42444044,-0.9028429,0.15963586,-0.8642213,1.0527363,-0.80805224,2.0519369,0.8140643,-0.10684884
E15_5-S1#TTATCCGGACGGAGGC-1,0.4014216,-0.8694563,-0.044086374,-1.3867058,0.28378302,0.067652285,1.7175593,-0.38317627,-0.75374734,0.9667559
E15_5-S1#TTATCCGGACTATGCA-1,-0.10365262,-0.64289767,-0.6536875,-0.6764057,-0.2581534,1.7764362,0.41910154,1.1100409,-0.43068942,-0.54009247
E15_5-S1#TTATCCGGACTCAATA-1,0.8100816,-0.7283693,-0.80020994,0.8238475,2.6342387,-1.074344,-0.093105346,-0.6445208,-0.8980807,-0.029537655
E15_5-S1#TTATCCGGACTTAACC-1,0.47206444,-0.6036572,-0.68600035,-0.28991207,-0.773218,0.6137104,0.03090813,1.2745054,0.6004733,-0.638874
E15_5-S1#TTATCCGGAGAACGTC-1,-0.4857622,-0.6246295,-0.9795876,3.0260108,3.153836,-0.7642277,-0.49106053,-0.83111674,-0.8843381,-1.1191244
E15_5-S1#TTATCCGGAGAGCTAT-1,-0.22987254,-0.6592585,-0.88540286,2.6373584,3.044716,-0.92896944,-0.44368625,-0.73748404,-0.84190935,-0.9554911
E15_5-S1#TTATCCGGATAAGGAG-1,-0.11168683,-0.513123,-0.2554072,-0.8762924,-0.52398944,0.12507504,0.6169744,2.018105,-0.045696385,-0.433959
E15_5-S1#TTATCCGGATCATATT-1,1.0906669,-0.93960744,-0.95485675,0.6250935,-1.3174558,1.6982,1.3779008,0.37517947,-0.87775666,-1.0773641
E15_5-S1#TTATCCGGCAACCGCT-1,2.1848748,-0.3598352,-1.310462,1.4338831,-1.7063632,0.05446742,0.45650738,0.15049867,0.2724485,-1.1760193
E15_5-S1#TTATCCGGCCAGTTCC-1,-0.14576022,-0.6118053,-0.29678395,-0.29339048,-0.73843706,0.52214974,0.12959409,1.1772342,0.7035278,-0.4463288
E15_5-S1#TTATCCGGCCGATTCC-1,-0.6638579,-0.48715472,-0.4295292,-0.51071846,-0.5128858,0.6222875,-0.42401865,2.1279356,0.76146376,-0.48352224
E15_5-S1#TTATCCGGCGAACGCC-1,-0.5089946,-1.1878082,2.352391,-1.3103509,0.5576057,-1.146259,-0.30338728,2.9054313,-0.941395,-0.41723323
E15_5-S1#TTATCCGGCGACGCGA-1,0.3710641,-0.63998777,-0.90121895,-0.346772,-0.11138177,1.9192216,-0.27879974,1.0422175,-0.41947377,-0.6348692
E15_5-S1#TTATCCGGCTAAGAGA-1,0.3688628,-0.6442653,-0.9778102,2.3104146,2.8900418,-0.9279054,-0.5087833,-0.73999697,-0.8056853,-0.96487254
E15_5-S1#TTATCCGGCTTGCGCC-1,-0.95660067,-0.5503987,-0.8963683,3.2780793,3.4017923,-0.75838095,-0.39922988,-1.0424225,-0.9800751,-1.0963956
E15_5-S1#TTATCCGGGACCTTGA-1,2.7539203,-0.39397773,-1.4453373,1.8680782,-0.018814923,-0.33831745,-0.6545929,-0.3925406,-0.19312418,-1.1852936
E15_5-S1#TTATCCGGGATACGGA-1,-0.81872094,1.5937631,-0.7809358,-0.0025997618,-0.1793986,0.38048175,-0.74566066,1.1332986,-0.19693503,-0.3832927
E15_5-S1#TTATCCGGGCAGGTCC-1,1.1625402,-0.60938,-1.2150888,2.079541,2.6082513,-0.75381154,-0.64244354,-0.72626483,-0.7480946,-1.1552492
E15_5-S1#TTATCCGGGCCATTCT-1,-0.48997337,-0.5589804,-0.8663083,2.83239,3.1468933,-0.862732,-0.44940984,-0.85048604,-0.8602047,-1.0411887
E15_5-S1#TTATCCGGGGCTGAGC-1,-1.2410043,-1.2439647,3.4376726,-1.5280361,0.16349006,-1.1901488,-1.0004345,3.7866318,-0.6132562,-0.5709498
E15_5-S1#TTATCCGGGGTACTGC-1,-0.7716819,-0.5165387,-1.0580571,3.1852,3.3625712,-0.77264464,-0.44347218,-0.8810039,-0.9072503,-1.1971225
E15_5-S1#TTATCCGGTAGAATTA-1,-0.61131227,-0.51298296,-0.9713341,3.1580043,3.3624358,-0.8576941,-0.45627972,-0.9876714,-0.9476665,-1.1754988
E15_5-S1#TTATCCGGTAGAGTAA-1,2.3636441,-0.6326448,-1.3516135,2.1934516,2.2511132,-0.67764884,-0.76491404,-1.2564129,-0.80858874,-1.316386
E15_5-S1#TTATCCGGTAGATCTA-1,2.375469,-1.3634615,-0.8868907,-1.5937996,2.7600603,-1.031281,-1.6058654,-0.29664126,-1.1413456,2.7837558
E15_5-S1#TTATCCGGTCCTACCA-1,0.90844953,-0.99133873,-0.38936368,-1.6740254,2.7783203,-1.5107629,-0.7638451,0.80730903,-1.2881954,2.1234522
E15_5-S1#TTATCCGGTCGGCCTT-1,-0.07184361,-0.61962247,-0.9875183,2.541449,2.836796,-0.9004522,-0.5262498,-0.5113097,-0.7830899,-0.97815895
E15_5-S1#TTATCCGGTGCCGGCA-1,2.953862,-0.65045536,-0.8728184,0.31110618,0.7149041,-0.79062855,-0.08490652,-1.2056558,-0.6075592,0.23215131
E15_5-S1#TTATCCGGTGGTCAGC-1,0.055099294,-0.7060386,-0.6526574,-0.7852025,-0.86820024,1.5141628,1.1756728,1.1909544,-0.19211641,-0.73167413
E15_5-S1#TTATCCGGTTACCGAG-1,3.0295055,-0.99382704,-0.9938595,2.1455462,-1.9515445,-0.781643,2.6778529,-0.72035766,-0.89937717,-1.5122957
E15_5-S1#TTATCCGGTTATTCAT-1,3.2937129,-1.4018481,-0.8145117,-2.1835134,3.4181914,-1.1555235,-1.3390574,-1.263907,-1.3011698,2.747627
E15_5-S1#TTATCCGGTTGACTTC-1,-0.15086617,-0.5469795,-0.92346424,2.5929797,3.088884,-0.8407894,-0.40289247,-0.863003,-0.8295749,-1.1242942
E15_5-S1#TTATTCATAAGAAGCT-1,-0.6633944,-0.578146,-0.14799125,1.9287883,-1.2115722,1.3548095,-0.35456452,-0.020660963,-0.6309697,0.32370114
E15_5-S1#TTATTCATAATTAAGA-1,-0.5983845,-0.5326231,0.47549358,1.7797782,-1.0327079,0.16652799,0.077497356,-0.29894283,-0.49546844,0.45882964
E15_5-S1#TTATTCATACCGCCAA-1,-1.0898031,3.1843226,-0.8760067,0.36704317,-0.40967935,-1.1109674,-1.6382087,1.9956958,-0.10827917,-0.31411716
E15_5-S1#TTATTCATACGGAGGC-1,-0.6449361,-0.74042106,1.0043786,1.9150959,-1.2347023,0.20780426,-0.14568664,-0.8337982,-0.5986993,1.0709649
E15_5-S1#TTATTCATACTATGCA-1,-0.24893248,-0.6830492,-0.18204117,1.0536261,-1.1620036,1.0273014,-0.10998647,0.031625662,-0.29124263,0.5647023
E15_5-S1#TTATTCATACTCAATA-1,-0.06315273,0.37530583,-1.1586492,-0.43718255,1.4856367,-1.1052322,-1.5771314,0.7076923,-0.9958753,2.7685888
E15_5-S1#TTATTCATACTTAACC-1,-1.2916826,-0.93908244,0.60963273,-0.87942404,0.2676205,-0.10484609,-0.58496416,2.1546924,-0.0021169484,0.7701706
E15_5-S1#TTATTCATAGAACGTC-1,0.6406546,-0.4443225,-0.6533631,0.008589204,-0.11987539,0.5525547,-0.2477286,1.1951245,-0.38376617,-0.5478672
E15_5-S1#TTATTCATAGAGAAGG-1,-0.25877982,-0.643395,-0.5447939,-0.9311791,-0.8654394,1.0403033,1.3513097,1.9841863,-0.21791692,-0.91429496
E15_5-S1#TTATTCATAGAGCTAT-1,1.0351207,-0.58498216,-1.0702442,1.9922523,1.3366929,-0.49180153,-1.0591189,-0.19228068,-0.47545692,-0.49018154
E15_5-S1#TTATTCATATAAGGAG-1,-0.69287014,-0.60602033,0.65880924,-1.1840024,-0.45758405,0.012797743,0.49276325,2.173096,0.037533283,-0.43452245
E15_5-S1#TTATTCATATCATATT-1,-0.3984869,-0.5881399,0.023110893,1.6988733,-1.1918279,0.8136716,0.48529345,-0.6000082,-0.64363855,0.4011522
E15_5-S1#TTATTCATCAACCGCT-1,-0.674436,-0.5535605,-0.42858985,-0.15920764,-0.7847144,1.1080369,-0.38819626,1.9107107,0.5605037,-0.5905467
E15_5-S1#TTATTCATCATACTCC-1,-1.1596304,2.205421,-1.2352595,-0.89448845,-1.206034,0.47966862,-0.5231537,1.9696101,1.1217605,-0.7578939
E15_5-S1#TTATTCATCCAGTTCC-1,-0.7928173,-0.41765508,-0.36764306,-0.45331797,-0.13554852,0.39559862,-0.533832,1.5786635,0.6257326,0.10081922
E15_5-S1#TTATTCATCCGAGAAT-1,-0.67887586,-0.862776,3.0521872,2.2522154,-0.98825353,-0.33200368,-0.71249264,-1.2310416,-0.49616325,-0.0027962327
E15_5-S1#TTATTCATCCGATTCC-1,-0.5795429,-0.28469926,-0.69671,-0.8281789,-0.4356849,1.1881256,0.086090386,1.5984035,0.5754749,-0.6232785
E15_5-S1#TTATTCATCGAACGCC-1,-0.14276066,-0.41504633,-0.5230035,-0.35115716,-0.64608836,0.5576639,0.028338695,1.7283744,0.22063118,-0.456952
E15_5-S1#TTATTCATCGACGCGA-1,-0.5816146,-0.6361464,0.32569167,1.1829195,-1.1158426,0.77782804,0.38100663,-0.38654786,-0.5460294,0.5987352
E15_5-S1#TTATTCATCTAAGAGA-1,0.34118682,-0.32659155,-0.5055645,0.16225085,0.23217711,0.24915142,-0.47696918,0.69485855,-0.4428736,0.07237409
E15_5-S1#TTATTCATCTGATGGT-1,-0.8759821,-0.9427872,3.296446,2.4572115,-1.0076113,-0.3110623,-0.87967956,-1.3306724,-0.46422732,0.058364946
E15_5-S1#TTATTCATCTTGCGCC-1,0.92229825,-0.45479998,-0.61610943,0.52899927,-0.03307333,0.67145014,-0.3002232,0.14876845,-0.60583526,-0.26147485
E15_5-S1#TTATTCATGAAGATCG-1,-0.13067189,-0.61886644,-0.13196725,1.8915417,-1.016252,1.2082481,-0.2751884,-0.53908867,-0.8455746,0.45781967
E15_5-S1#TTATTCATGACCTTGA-1,-0.45078623,-0.49401796,-0.6709228,1.499258,-0.84884286,1.611349,-0.46638793,0.73611903,-0.44709256,-0.4686758
E15_5-S1#TTATTCATGATACGGA-1,0.045764484,-0.76989925,-0.2000641,1.7712836,-1.194119,1.0784377,0.3550016,-1.0150379,-0.77126265,0.6998955
E15_5-S1#TTATTCATGATCTTAC-1,-0.9039464,-1.0017097,3.8965979,2.7650547,-1.0363458,-0.45333886,-1.1533489,-1.347223,-0.41921824,-0.34652156
E15_5-S1#TTATTCATGCAGGTCC-1,-0.5985437,-0.23867038,-0.7385568,1.9531165,-0.23498946,0.430163,-0.63997746,0.9703169,-0.33527777,-0.56758076
E15_5-S1#TTATTCATGCCATTCT-1,0.9971039,-0.5653704,-1.2075163,2.4245899,1.8757169,-0.84361774,-0.92777705,-0.5286256,-0.66888523,-0.5556183
E15_5-S1#TTATTCATGCCGCAAC-1,-0.89767015,-0.49849895,2.4539137,1.5732466,-0.52434707,-0.51286376,-0.8982824,0.04354212,-0.31826517,-0.42077497
E15_5-S1#TTATTCATGCGTTGGA-1,-0.7642054,-0.79444456,3.3348303,2.1505141,-0.8943519,-0.37845457,-0.9478052,-1.1653708,-0.39974198,-0.1409699
E15_5-S1#TTATTCATGCTAACTT-1,-0.41316038,-0.23400876,-0.40924662,-0.40777326,-0.46139067,0.45241293,0.64175063,0.7726602,0.1315593,-0.0728035
E15_5-S1#TTATTCATGGCTGAGC-1,-0.5108351,-0.39213133,-0.3331192,-0.8495663,-0.5753306,0.28261337,0.64018947,1.5736169,0.5578754,-0.39331266
E15_5-S1#TTATTCATGGTACTGC-1,0.2329381,-0.56087136,-0.8984065,2.1257055,0.89599615,0.2151954,-0.81353945,-0.041048575,-0.6835065,-0.4724626
E15_5-S1#TTATTCATTAGAATTA-1,0.35188028,-0.48539126,-0.7605873,1.4461824,0.85925144,0.43988937,-0.7563683,-0.16694047,-0.547963,-0.37995327
E15_5-S1#TTATTCATTAGAGTAA-1,-1.0502279,-0.31129444,-0.70320493,2.0324717,-0.20082818,1.1492674,-0.3807717,0.13372898,-0.31641287,-0.3527282
E15_5-S1#TTATTCATTAGATCTA-1,-0.75178826,-0.6587295,0.3688819,1.5962082,-1.2613646,0.13425457,-0.20406029,0.09233066,-0.5287647,1.2130319
E15_5-S1#TTATTCATTCCGGCCT-1,-0.07109251,-0.4388881,-0.4102463,-0.36334428,-0.5358915,0.1903674,0.63648176,1.0037179,0.2872173,-0.29832155
E15_5-S1#TTATTCATTCCTACCA-1,-0.50530535,-0.65666056,2.7473164,1.6573479,-0.06882106,-0.64650124,-0.55946946,-1.4816635,-0.7673773,0.28113407
E15_5-S1#TTATTCATTCGGCCTT-1,0.6002917,-0.43578485,-0.6388967,0.1594705,-0.3246171,0.59876066,-0.38199025,1.2403473,-0.24543239,-0.5721488
E15_5-S1#TTATTCATTCTGATAC-1,-0.07188293,-0.54645264,-0.28555056,1.3009707,-0.78272647,1.3622228,-0.2222595,-0.27410573,-0.78505546,0.30483982
E15_5-S1#TTATTCATTGAGTCTG-1,-0.8684028,-0.954972,3.295855,2.6507473,-1.1027604,-0.48279673,-0.876018,-1.196774,-0.47833014,0.013451636
E15_5-S1#TTATTCATTGCCGGCA-1,-0.8297958,-0.6155915,0.7415342,1.7155691,-1.392147,0.12331012,0.06955141,0.06563261,-0.40355307,0.5254901
E15_5-S1#TTATTCATTGCGGACC-1,-0.7595379,-0.88230276,3.0624082,2.4101057,-0.90094197,-0.5956215,-0.7419584,-1.160257,-0.5440864,0.11219217
E15_5-S1#TTATTCATTGGTCAGC-1,-0.8204161,-0.6022663,0.1020366,1.9394122,-1.5187979,0.49713576,-0.118576154,-0.56918174,-0.4329673,1.523621
E15_5-S1#TTATTCATTTACCGAG-1,-0.7349451,-0.72780734,0.7103611,1.9396827,-1.5493138,0.44006062,-0.12796342,-0.7769619,-0.43651092,1.2633979
E15_5-S1#TTATTCATTTATCCGG-1,-0.35576013,-0.69418246,-0.21023259,1.8468815,-1.3024439,1.008916,-0.48997688,-0.25272465,-0.5613498,1.010873
E15_5-S1#TTATTCATTTATTCAT-1,-1.5175568,2.8102374,2.1193252,-0.6144708,0.66211647,-2.498422,0.4919375,1.1349047,-1.2920794,-1.2959925
E15_5-S1#TTATTCATTTGACTTC-1,0.7143107,-0.63075113,-1.1625303,2.5700016,2.2830367,-0.7480856,-0.85982156,-0.6266895,-0.7309294,-0.8085415
E15_5-S1#TTGACTTCAACCTGCG-1,-0.36656612,-0.41718224,-0.26493534,1.4952768,-0.96549475,0.85536706,-0.16721462,0.046350103,-0.49652597,0.28092515
E15_5-S1#TTGACTTCAATTAAGA-1,-0.55601823,-0.7464848,-0.11329975,2.2487729,-1.2922319,-0.1300742,-0.56953216,-0.49736193,-0.5093254,2.1655555
E15_5-S1#TTGACTTCACCGCCAA-1,-1.3408779,3.6960797,-1.2510489,-0.6995632,-0.7890546,-0.8027018,-1.1429608,2.6865232,0.26642713,-0.62282264
E15_5-S1#TTGACTTCACGGAGGC-1,0.46741024,-0.7402175,-0.53193027,0.5451125,-0.86731833,0.9662916,-0.39774987,0.08312417,-0.229096,0.7043736
E15_5-S1#TTGACTTCACTATGCA-1,-0.63614184,-0.778845,-0.32752132,1.670781,-0.5567845,-0.15057167,-0.9399074,-0.32968524,-0.46855876,2.5172348
E15_5-S1#TTGACTTCACTCAATA-1,-0.75781417,-0.44224524,0.7607695,1.7162224,-0.20326509,-0.5946087,0.15318753,-1.2112212,-0.9866313,1.5656065
E15_5-S1#TTGACTTCACTTAACC-1,-0.3322444,-0.88550204,-0.81725883,0.025622943,-0.8302999,0.6032486,-0.4658765,2.3251338,0.34267643,0.034499943
E15_5-S1#TTGACTTCAGAACGTC-1,0.14523944,-0.9723521,-0.52855974,-0.8401677,-0.6808029,1.5583568,1.3595527,1.9586865,-0.83428574,-1.1656672
E15_5-S1#TTGACTTCAGAGCTAT-1,-0.7805827,-0.5666246,0.28536257,1.7017647,-0.76115894,0.08129147,-0.0982262,-0.44480887,-0.5839942,1.1669766
E15_5-S1#TTGACTTCATAAGGAG-1,-0.71339357,-0.5453961,-0.6410667,-1.1075687,-0.7741457,-0.2271231,0.4649984,1.4064797,2.769081,-0.63186526
E15_5-S1#TTGACTTCATCATATT-1,-0.8663185,-0.4867368,-0.27968982,2.3554928,-1.0439941,0.1002489,-0.46989277,-0.931191,-0.605968,2.2280493
E15_5-S1#TTGACTTCCAACCGCT-1,0.478165,-1.0092204,-0.74427783,0.21594116,-0.63413274,-0.556766,0.86112744,3.598372,-1.1966572,-1.0125513
E15_5-S1#TTGACTTCCCAGTTCC-1,-0.14293763,-0.73608994,-1.108563,-0.46046948,-0.62856996,1.4118603,-0.3965693,2.186269,0.49775696,-0.6226871
E15_5-S1#TTGACTTCCCGAGAAT-1,-1.075486,-0.7089563,0.6061856,2.5744507,-1.1896964,-0.7169927,-0.30974686,-0.93471724,-0.7470297,2.5019891
E15_5-S1#TTGACTTCCCGATTCC-1,-0.7358789,0.06867269,-1.6992968,-0.7532858,-1.1858487,0.8283449,-0.50782776,2.7895985,2.0391393,-0.84361744
E15_5-S1#TTGACTTCCGAACGCC-1,-0.6417312,-1.0256358,-0.6509172,-1.0458077,-0.651419,-0.51427746,-1.168863,2.095624,4.1158323,-0.5128051
E15_5-S1#TTGACTTCCGACGCGA-1,0.045457095,-0.51040566,-0.6504037,0.82090116,0.06968832,0.75843763,-0.46516562,-0.9504558,-0.5729207,1.4548674
E15_5-S1#TTGACTTCCTAAGAGA-1,-0.7699125,-0.48698893,0.9780494,1.6583105,0.59681773,-0.43988788,-0.088234395,-1.1105373,-0.77700645,0.43938968
E15_5-S1#TTGACTTCCTGATGGT-1,-0.25040078,-0.37455782,0.025930936,2.089722,-0.03098981,-0.4667897,-0.15531766,-0.74870247,-0.55395854,0.46506396
E15_5-S1#TTGACTTCCTTGCGCC-1,0.53636265,-0.25028315,-0.8068462,-0.13114971,0.6374043,1.2363658,0.30867845,0.35734943,-0.6988452,-1.1890363
E15_5-S1#TTGACTTCGACCTTGA-1,0.23323292,-1.156269,-0.41249675,0.09064393,-0.5872942,-1.0193856,-0.11800316,4.446988,-1.3953618,-0.0820542
E15_5-S1#TTGACTTCGATACGGA-1,-0.061209,-0.34836978,-0.5757332,1.1466255,-0.5892308,0.95611405,0.5233119,-0.9300609,-0.6295158,0.5080681
E15_5-S1#TTGACTTCGATCTTAC-1,-0.56313765,-0.23980695,-0.13617899,2.0801184,0.26945165,-0.628454,-0.14123948,-0.83238196,-0.675874,0.8675031
E15_5-S1#TTGACTTCGCAGGTCC-1,0.6165656,-1.2592889,-0.66331065,-0.1261347,-1.1344948,0.33731502,1.391795,3.0285125,-1.1924083,-0.99855053
E15_5-S1#TTGACTTCGCCATTCT-1,0.30939984,0.0018634945,-0.52881473,0.75684714,0.9446822,-0.10805474,-0.4552737,0.10442297,-0.5949,-0.4301725
E15_5-S1#TTGACTTCGCCGCAAC-1,-1.6738318,-0.12976824,1.3650463,2.0252824,-0.89986557,-0.9450327,-0.10091977,0.025572937,-0.46941745,0.802934
E15_5-S1#TTGACTTCGCGTTGGA-1,0.2144464,-0.6300428,1.1906587,1.5205218,0.29454044,-0.20717491,-0.50099224,-1.059691,-0.7106607,-0.11160579
E15_5-S1#TTGACTTCGCTAACTT-1,0.83886296,-0.6439825,-0.8739769,0.49080867,1.2069342,0.8064158,-1.0841975,-0.8222047,-0.6025526,0.6838925
E15_5-S1#TTGACTTCGGCTGAGC-1,-0.9218504,-1.075369,-0.795297,-1.0919764,-0.940762,-0.56143034,-1.0397488,2.6369462,4.6281605,-0.8386728
E15_5-S1#TTGACTTCGGTACTGC-1,0.76524884,-0.2564536,-0.7513033,-0.4185848,0.38426107,0.86982745,0.46983626,0.74456406,-0.7425339,-1.064862
E15_5-S1#TTGACTTCGGTATGCT-1,-0.3022349,-0.20705664,-0.44097868,0.31301704,-0.447351,0.4536458,-0.4459276,1.6841543,-0.17821532,-0.42905292
E15_5-S1#TTGACTTCTAGAATTA-1,-0.1311599,0.44570634,-0.70236313,0.40686253,1.16344,0.49911475,-0.5660751,0.5242491,-0.55456203,-1.0852125
E15_5-S1#TTGACTTCTAGAGTAA-1,-0.02978002,-1.0591608,-0.66980314,-0.27646098,-0.67428064,0.17058396,1.2149514,3.1174004,-1.2444229,-0.54902697
E15_5-S1#TTGACTTCTAGATCTA-1,0.48478326,-0.5453181,0.3057007,0.59464335,-0.19735165,0.079580754,-0.4251838,-0.3098442,-0.5931947,0.6061843
E15_5-S1#TTGACTTCTCCTACCA-1,-0.68301105,-0.24400815,1.1478349,1.7170213,0.3019836,-0.9062432,-0.060603246,-1.1167231,-0.82531554,0.66906446
E15_5-S1#TTGACTTCTCGGCCTT-1,-0.44763443,-0.23112163,-0.8032241,0.1958529,-0.17359474,1.1683118,-0.23235562,2.1823983,-0.80103856,-0.85759395
E15_5-S1#TTGACTTCTGAGTCTG-1,-1.1926951,-0.57059175,1.2089703,2.2652478,-1.1342214,-0.5124433,-0.52735513,-0.16146772,-0.45352775,1.0780842
E15_5-S1#TTGACTTCTGCCGGCA-1,0.064037204,-0.4475391,-0.11103921,1.5066772,-0.5754156,0.48377952,-0.18004072,-0.6639403,-0.450526,0.37400708
E15_5-S1#TTGACTTCTGCGGACC-1,-1.180086,0.68022513,-0.55461186,0.07242598,-1.6578318,0.34119865,0.19013496,1.0602216,0.27102393,0.77729946
E15_5-S1#TTGACTTCTGGTCAGC-1,-0.6070971,-0.5948793,-0.50161254,2.347934,0.39537418,-0.43154043,-0.55118555,-1.0247331,-0.70956755,1.6773074
E15_5-S1#TTGACTTCTTACCGAG-1,-0.72832257,-0.3030765,0.0069714375,1.6075503,-0.5635342,0.36850354,-0.5147656,0.032491293,-0.44301236,0.53719467
E15_5-S1#TTGACTTCTTATCCGG-1,0.011635967,-0.48096928,-0.6591809,2.1441574,-0.35193205,0.61085445,-0.6118907,-0.8332518,-0.40177813,0.57235473
E15_5-S1#TTGACTTCTTATTCAT-1,0.12524794,-0.5754485,-0.036834687,1.2441716,0.01995702,-0.3086378,-0.37615854,-0.29382396,-0.57924354,0.78077054
E15_5-S1#TTGACTTCTTGACTTC-1,-1.6930683,1.8197283,0.4354435,0.47286484,-0.24958646,-1.2178401,0.447239,1.4042982,-0.5291506,-0.88992846
rna_E18_5-S1#AACCTGCGACCGCCAA-1,-0.4447742,-0.30903167,-0.18364447,-0.3662498,-0.5749146,0.5455942,-0.28211337,1.5981296,0.4408182,-0.42381382
rna_E18_5-S1#AACCTGCGACTCAATA-1,-0.854313,0.28840306,-0.22678328,0.05944191,-0.5211834,0.16599678,-0.16185644,0.90677816,0.407976,-0.06445988
rna_E18_5-S1#AACCTGCGACTTAACC-1,-0.7995832,-0.27342957,-0.39713743,-0.24596702,-0.7318437,0.90674984,0.031890094,2.4678845,-0.36112887,-0.59743476
rna_E18_5-S1#AACCTGCGAGAACGTC-1,-0.59756356,-0.04504972,-0.30195463,-0.6702766,-0.4748804,0.6774819,0.58103925,1.3565781,-0.073624395,-0.4517501
rna_E18_5-S1#AACCTGCGAGAGCTAT-1,-0.5374249,0.6894157,-0.30857533,0.7383312,-0.04625088,0.3121245,-0.43221787,0.082027435,-0.46126267,-0.036167227
rna_E18_5-S1#AACCTGCGATAAGGAG-1,-0.9159417,3.2379248,-0.5314864,-0.18027197,-0.5368232,0.024258673,-0.99645734,0.6006374,-0.12152287,-0.58031744
rna_E18_5-S1#AACCTGCGCAACCGCT-1,-0.7636677,-0.49306843,-0.25673983,-0.50257254,-0.7649734,-0.3898292,-0.2035375,3.5159075,0.28689033,-0.42840913
rna_E18_5-S1#AACCTGCGCCAGTTCC-1,-0.91591495,-0.55248976,0.67071575,-0.6627216,-0.3548767,-0.15434395,-0.5977008,3.0754056,-0.06077479,-0.44729894
rna_E18_5-S1#AACCTGCGCCGATTCC-1,-0.7643134,-0.22366029,-0.55907047,-0.44408506,-0.44567433,0.7316467,-0.09189329,2.1940153,0.13510558,-0.53207076
rna_E18_5-S1#AACCTGCGCGAACGCC-1,-0.71424246,-0.06390687,-0.6666041,-0.5336609,-0.6396736,0.96479595,0.12615106,1.6978135,0.5073728,-0.6780456
rna_E18_5-S1#AACCTGCGCTAAGAGA-1,-0.9410615,1.8273097,-0.5295112,0.08148003,-0.26733443,0.13993996,-0.7975695,0.31358373,-0.044985667,0.21814892
rna_E18_5-S1#AACCTGCGCTTGCGCC-1,-0.6222962,-0.2363301,-0.77057016,-0.13862269,-0.6260059,1.0440539,-0.06466745,1.4891753,0.11913574,-0.19387236
rna_E18_5-S1#AACCTGCGGACCTTGA-1,-0.640265,0.19433585,-0.3275508,-0.73338,-0.8906328,0.49342102,1.08685,2.112947,-0.7646817,-0.5310438
rna_E18_5-S1#AACCTGCGGCAGGTCC-1,-0.23963456,-0.21042277,-0.27528614,-0.3822403,0.030149933,0.37467635,0.18551199,0.6104423,0.03280622,-0.12600303
rna_E18_5-S1#AACCTGCGGCCATTCT-1,-0.5065136,0.820379,-0.70583373,-0.15734002,-0.68464667,1.2815135,-0.2190013,1.5328377,-0.63262063,-0.72877413
rna_E18_5-S1#AACCTGCGGCGTTGGA-1,-0.6443617,0.43305963,-0.40234923,0.08050227,-0.30521667,0.22026055,-0.31021136,1.1094749,0.22668958,-0.407848
rna_E18_5-S1#AACCTGCGGGCTGAGC-1,-0.8122974,0.09893547,0.5990494,-0.92664665,-0.79249454,0.86702675,-0.019747287,1.6765682,0.08659786,-0.7769917
rna_E18_5-S1#AACCTGCGGGTACTGC-1,-1.0190634,0.118435584,-0.80004555,-0.1656445,-0.64147705,1.1696296,0.677258,1.5129782,-0.42856887,-0.42350227
rna_E18_5-S1#AACCTGCGTAGAATTA-1,-0.7954192,0.34225798,-0.8997877,0.47720262,-0.2842711,1.0061343,-0.5161023,0.99841064,-0.39476562,0.06634043
rna_E18_5-S1#AACCTGCGTAGAGTAA-1,-0.41595817,-0.42488295,-0.55532646,0.11602168,-0.39051437,1.195787,-0.43279576,2.336443,-0.71713424,-0.71163964
rna_E18_5-S1#AACCTGCGTCCTACCA-1,-0.7812958,0.8242362,-0.4974103,0.35293537,0.07501457,0.4133975,-0.7323851,0.515939,-0.15248777,-0.017943628
rna_E18_5-S1#AACCTGCGTCGGCCTT-1,-0.90933394,0.082590364,-0.37809187,-0.15718235,-0.58832633,0.30199832,-0.19842596,1.7649615,0.11432448,-0.032514166
rna_E18_5-S1#AACCTGCGTTGACTTC-1,-0.4070571,0.20039669,-0.7470979,-0.24287227,-0.5779674,0.58212936,0.55579126,2.11948,-0.81777894,-0.6650235
rna_E18_5-S1#AAGAAGCTAATTAAGA-1,3.0856388,-1.0710636,-0.9833509,2.3103619,-1.760959,-0.51511693,1.7427539,-0.5362519,-0.6035047,-1.6685076
rna_E18_5-S1#AAGAAGCTACCGCCAA-1,-1.0174112,0.77551746,-0.57195365,-0.4830627,-0.8136339,0.1654342,-0.18539834,1.8360361,0.70749134,-0.4130193
rna_E18_5-S1#AAGAAGCTACGGAGGC-1,2.9774456,-1.0989814,-0.7636558,2.6253638,-1.7361013,-0.82098943,2.2299807,-0.9857729,-0.8334806,-1.5938089
rna_E18_5-S1#AAGAAGCTACTATGCA-1,0.32754454,-0.10989718,-0.25066644,0.14353225,-0.45222968,-0.06463833,0.46537048,0.33899832,-0.3487702,-0.04924369
rna_E18_5-S1#AAGAAGCTACTCAATA-1,2.9159575,-0.66305554,-0.6831086,0.7437653,-1.0344052,-0.28943864,1.1988201,-0.46792385,-0.51565105,-1.2049599
rna_E18_5-S1#AAGAAGCTACTTAACC-1,-0.84820086,1.7215592,-0.817938,0.290385,0.05195902,-0.15793647,-0.67435426,0.9244889,-0.29756513,-0.19239731
rna_E18_5-S1#AAGAAGCTAGAACGTC-1,-1.2417724,0.13013963,-0.18342473,0.20933454,-0.4174773,0.1768106,-0.835328,1.2197486,1.1422482,-0.20027915
rna_E18_5-S1#AAGAAGCTAGAGCTAT-1,1.4000219,-0.78105307,-0.3199163,0.10250606,0.8493774,-0.49071473,-0.7611893,-0.36946648,-0.61169,0.9821244
rna_E18_5-S1#AAGAAGCTATAAGGAG-1,-1.1280298,2.935459,-0.44632444,-0.15871236,-0.39703533,-0.14161776,-0.9675758,1.0675927,-0.21566415,-0.5480918
rna_E18_5-S1#AAGAAGCTATCATATT-1,-0.3281989,0.19737247,0.2667594,-0.75218946,-0.6018456,0.45283931,0.17422268,2.0403137,-0.621096,-0.82817763
rna_E18_5-S1#AAGAAGCTCAACCGCT-1,-1.0707167,2.3764296,-0.95964205,-0.13150708,-0.649928,-0.43713838,-0.51111937,0.9772714,0.3529489,0.053401753
rna_E18_5-S1#AAGAAGCTCCAGTTCC-1,-0.720964,-0.0040999427,-0.49171853,-0.21602727,-0.50240487,0.71281576,-0.3600434,1.4409633,0.42924488,-0.28776592
rna_E18_5-S1#AAGAAGCTCCGAGAAT-1,3.3393373,-1.0283289,-0.5074839,1.9797235,-1.834446,-1.2844088,2.039188,-0.53354084,-0.88122755,-1.2888129
rna_E18_5-S1#AAGAAGCTCCGATTCC-1,-0.86446327,1.5214611,-1.026375,-0.45007664,-0.70802253,0.08386532,-0.37057546,1.730032,0.7483654,-0.664211
rna_E18_5-S1#AAGAAGCTCGAACGCC-1,-0.965978,2.6772413,-0.8693043,-0.22378373,-0.678575,0.015237153,-0.48638123,0.8774277,0.44143912,-0.787323
rna_E18_5-S1#AAGAAGCTCGACGCGA-1,0.1646633,-0.36080894,-0.08680232,0.22059621,0.6322576,-0.26936147,-0.16816288,-0.1672632,-0.50810814,0.54298985
rna_E18_5-S1#AAGAAGCTCTAAGAGA-1,0.17144816,-0.69671184,-0.6628271,0.225652,0.3971346,0.5973015,-0.53786933,-0.29180077,-0.59540474,1.3930775
rna_E18_5-S1#AAGAAGCTCTGATGGT-1,2.266375,-1.0819695,-0.40240192,1.759853,-1.4502436,-0.75997573,2.688593,-1.3214602,-1.093252,-0.60551804
rna_E18_5-S1#AAGAAGCTCTTGCGCC-1,-0.009600587,-0.06727223,-0.4462077,0.8678516,-0.47854593,0.057462614,-0.11657634,0.9440274,-0.24138668,-0.5097521
rna_E18_5-S1#AAGAAGCTGACCTTGA-1,-0.8939249,1.0878263,-1.0724108,-0.1707006,-0.104443535,1.0593871,-0.820307,0.53939384,-0.11847313,0.4936527
rna_E18_5-S1#AAGAAGCTGATCTTAC-1,3.1455426,-0.9150551,-0.7802216,1.7882584,-1.5908339,-0.7961671,1.8979458,-0.5117607,-0.6522866,-1.5854216
rna_E18_5-S1#AAGAAGCTGCAGGTCC-1,-1.3374771,2.655528,-0.25938475,-0.24378778,-0.9304947,-0.0388816,-0.62382114,0.7377974,0.5177918,-0.47727036
rna_E18_5-S1#AAGAAGCTGCCATTCT-1,1.0228045,-0.45792827,-0.590549,-0.20000935,-0.35729784,0.31871587,0.13423063,-0.23814335,-0.29272795,0.6609049
rna_E18_5-S1#AAGAAGCTGCCGCAAC-1,3.0059297,-1.1439104,-0.36504412,2.0062468,-1.792958,-0.66929555,2.5187962,-0.94985807,-0.7583846,-1.8515217
rna_E18_5-S1#AAGAAGCTGCGTTGGA-1,2.5113099,-1.0102888,-0.8118721,1.4785882,-1.9946725,-0.21080866,2.1363971,-0.9640306,-0.81300634,-0.32161587
rna_E18_5-S1#AAGAAGCTGGCTGAGC-1,-0.8828487,2.3591948,-0.84405226,0.04909192,-0.04032702,-0.30987263,-0.8379078,1.1945647,-0.22874074,-0.45910215
rna_E18_5-S1#AAGAAGCTGGTACTGC-1,0.13720116,-0.09657675,-0.10543743,0.55997187,-0.32472742,0.23529637,0.012346387,0.38182276,-0.2597289,-0.54016805
rna_E18_5-S1#AAGAAGCTTAGAATTA-1,1.4185206,-0.61292005,-0.68284994,-0.45178223,1.6697837,-0.7204371,-0.85879534,-0.5384768,-0.6032602,1.3802173
rna_E18_5-S1#AAGAAGCTTAGAGTAA-1,-0.896893,2.3047576,-0.40336823,0.15246916,-0.7512983,0.51417994,-0.8989854,0.49654773,0.12164831,-0.6390579
rna_E18_5-S1#AAGAAGCTTAGATCTA-1,2.8071814,-1.0508621,-0.61380243,1.6940484,-1.9960041,-1.2836955,2.599938,-0.07740055,-0.8073771,-1.272026
rna_E18_5-S1#AAGAAGCTTCCTACCA-1,2.4007607,-0.8115155,-0.6061108,1.3978257,-1.5631951,-0.28887823,1.5257198,-1.0796123,-0.6987328,-0.2762618
rna_E18_5-S1#AAGAAGCTTCGGCCTT-1,-0.55418247,0.07882957,-0.29697114,1.0661688,-0.4961757,0.53352576,-0.4526955,0.7434721,-0.014411001,-0.6075604
rna_E18_5-S1#AAGAAGCTTGAGTCTG-1,2.5895305,-0.76013774,-0.07096064,1.2067872,-1.4604267,-0.6714267,1.7269297,-0.31298706,-0.97948635,-1.2678224
rna_E18_5-S1#AAGAAGCTTGCCGGCA-1,-0.6038166,-0.27877453,-0.5877301,-0.42436013,-0.7897496,1.2270669,0.23702085,2.194653,-0.2602876,-0.7140224
rna_E18_5-S1#AAGAAGCTTGCGGACC-1,2.7350347,-0.9680518,-0.0040420666,1.4493288,-1.8347055,-1.2133554,2.8754976,-0.7212951,-1.102567,-1.215844
rna_E18_5-S1#AAGAAGCTTGGTCAGC-1,-0.6077401,-0.09322463,-0.59829926,-0.09509735,-0.8645265,0.5377513,0.3797641,2.1013243,-0.24192539,-0.51802635
rna_E18_5-S1#AAGAAGCTTTACCGAG-1,-0.63993937,-0.4346082,-0.35823274,-0.5197005,-0.4617332,1.4877114,0.6699673,1.7806909,-0.8123184,-0.7118371
rna_E18_5-S1#AAGAAGCTTTATTCAT-1,2.247832,-0.36158332,-0.81363565,0.1805232,-1.0719097,-0.4391328,1.9612418,-0.5255583,-0.452232,-0.7255453
rna_E18_5-S1#AAGAAGCTTTGACTTC-1,1.1513202,-0.4334244,-0.43678546,0.3070971,-0.91884565,-0.36711547,0.38679522,-0.10126148,-0.61287296,1.0250928
rna_E18_5-S1#AATTAAGAAAGAAGCT-1,2.2510455,-0.949884,-0.013060536,1.9645119,-1.3676502,-0.35313544,1.371716,-0.8110828,-0.7381883,-1.3542719
rna_E18_5-S1#AATTAAGAAATTAAGA-1,0.6883693,-0.5228084,0.407653,0.7284226,0.527291,-0.089224406,-0.33564252,-0.7417574,-0.44536126,-0.216942
rna_E18_5-S1#AATTAAGAACCGCCAA-1,-0.92786455,0.77395093,-1.0819268,-0.682405,-0.97536516,0.17682238,-0.47908896,1.5887384,2.108291,-0.50115204
rna_E18_5-S1#AATTAAGAACGGAGGC-1,2.3154488,-0.7460577,-0.8206939,-0.25819457,0.17570406,-0.47263527,0.39520717,-0.7374549,-0.4307446,0.5794208
rna_E18_5-S1#AATTAAGAACTATGCA-1,3.2103043,-1.2413958,-0.9290327,-0.9790702,3.0088344,-1.3747878,-1.3347803,-1.7701658,-1.3153573,2.7254512
rna_E18_5-S1#AATTAAGAACTCAATA-1,-0.61312824,-0.61507434,-0.6092469,1.8453751,1.2087842,0.509411,-0.59562886,-1.0934538,-0.79960555,0.76256734
rna_E18_5-S1#AATTAAGAACTTAACC-1,-1.0656707,-0.20583774,0.17124976,1.1051759,-1.0958178,-0.16206765,-0.19145279,2.0997005,-0.06087231,-0.5944069
rna_E18_5-S1#AATTAAGAAGAACGTC-1,-0.9381599,-0.22243655,0.30962476,1.836178,0.32367775,-0.1874113,-0.46156728,-0.15081519,-0.5153152,0.006225016
rna_E18_5-S1#AATTAAGAAGAGAAGG-1,-0.8880377,-0.34134656,-0.23205628,0.18857446,-0.29401767,1.0336806,-0.098798424,1.0340757,-0.50017375,0.098099776
rna_E18_5-S1#AATTAAGAAGAGCTAT-1,-0.5265695,-0.41995454,0.124115445,1.6367518,0.29294172,-0.099164784,-0.23894311,-0.12617458,-0.35482562,-0.2881769
rna_E18_5-S1#AATTAAGAATAAGGAG-1,-1.0562503,2.9814668,-0.51866186,-0.028676942,-0.4686066,-0.32310653,-0.9488678,0.9463352,-0.062267803,-0.5213641
rna_E18_5-S1#AATTAAGAATCATATT-1,2.9460108,-1.1820338,-0.59470737,2.094915,-2.021614,-0.8607811,2.318388,-0.5546452,-0.7962529,-1.3492793
rna_E18_5-S1#AATTAAGACAACCGCT-1,-0.8716005,0.31535947,-0.69556856,-0.51140213,-0.5879626,-0.21848725,-0.007587686,2.1127112,1.0371804,-0.57264245
rna_E18_5-S1#AATTAAGACATACTCC-1,-0.9101296,0.21831024,-0.07959021,0.054579876,0.6554412,0.46284512,-0.40919518,0.35506612,-0.430218,0.08289046
rna_E18_5-S1#AATTAAGACCAGTTCC-1,-0.7777862,-0.4910622,0.13654374,-0.783693,-0.24186568,-0.03830367,0.050365474,2.4074874,0.16792072,-0.42960665
rna_E18_5-S1#AATTAAGACCGAGAAT-1,-0.85785663,-0.7027387,-0.45325086,2.9141903,2.9973693,-0.6954944,-0.5251176,-0.8675291,-0.94482315,-0.8647493
rna_E18_5-S1#AATTAAGACCGATTCC-1,-0.78751075,1.193549,-0.6260676,-0.65320754,-0.92973125,0.13813107,-0.2150744,1.570414,0.90281695,-0.59331936
rna_E18_5-S1#AATTAAGACGAACGCC-1,-0.83357346,2.5726688,-1.0705948,0.027518362,-0.60892326,-0.025012448,-0.8792994,1.0664194,0.45705083,-0.7062541
rna_E18_5-S1#AATTAAGACGACGCGA-1,1.2778566,-1.1814336,-0.70608336,-1.2024686,2.459662,-1.245548,-1.2604669,0.45022136,-1.3861718,2.794432
rna_E18_5-S1#AATTAAGACTAAGAGA-1,-0.925994,-0.3105357,0.45051435,1.868283,0.89734197,-0.57958746,-0.041950982,-0.7285173,-0.51563084,-0.11392297
rna_E18_5-S1#AATTAAGACTGATGGT-1,-0.21105379,-0.47821623,-0.3152043,2.561836,1.1893803,-0.14924094,-0.41542843,-0.60748225,-0.6376001,-0.93699
rna_E18_5-S1#AATTAAGACTTGCGCC-1,-0.91027045,-0.58782375,0.5159422,1.9669343,1.2814013,-0.38014147,-0.5496789,-0.67027026,-0.76803,0.10193703
rna_E18_5-S1#AATTAAGAGAAGATCG-1,2.9180682,-0.99078333,-0.5757031,1.9109528,-1.0563864,-0.80117244,0.915898,-0.74714214,-1.0367397,-0.5369921
rna_E18_5-S1#AATTAAGAGACCTTGA-1,-0.8451827,-0.76015097,1.328368,0.12888968,-0.9142335,0.31724215,-0.64861184,1.5836976,0.29988045,-0.48989862
rna_E18_5-S1#AATTAAGAGATACGGA-1,2.838095,-1.1310301,-0.83033824,-0.27340394,1.9874458,-0.9593179,-0.85605764,-0.4592669,-0.7876537,0.47152764
rna_E18_5-S1#AATTAAGAGATCTTAC-1,0.9881434,-0.72194767,-0.248678,1.0979723,1.6313857,-0.41763702,-0.9196311,-1.1667448,-0.93199646,0.6891337
rna_E18_5-S1#AATTAAGAGCAGGTCC-1,-0.69264925,-0.028425798,-0.4447137,0.81766903,0.043598257,0.39932364,-0.37581825,0.7761607,-0.31785178,-0.17729272
rna_E18_5-S1#AATTAAGAGCCATTCT-1,-0.9914813,-0.22863075,0.035839893,1.7973487,1.2969177,0.2918652,-0.35129043,-0.7335386,-0.55588305,-0.56114745
rna_E18_5-S1#AATTAAGAGCCGCAAC-1,-0.04948272,-0.464104,-0.54905176,-0.26679397,1.0606693,-0.4499953,-0.5713874,0.64825344,-0.847698,1.4895904
rna_E18_5-S1#AATTAAGAGCGTTGGA-1,0.24346209,-0.6848154,0.4884336,0.5025465,0.75851214,0.32671958,-0.6439308,-1.0729681,-0.8178695,0.89990973
rna_E18_5-S1#AATTAAGAGCTAACTT-1,-0.9077131,-0.35426584,-0.16625275,0.9152491,-0.6357442,1.0604475,-0.16967398,0.35119268,-0.493799,0.40055946
rna_E18_5-S1#AATTAAGAGGCTGAGC-1,-1.0196277,2.3410835,-0.65606475,-0.24430922,-0.04714872,-0.62126684,-0.851897,1.3003598,0.044584364,-0.24571347
rna_E18_5-S1#AATTAAGAGGTACTGC-1,-0.630256,-0.4698483,-0.22901802,2.076948,1.3257573,-0.8195591,-0.5270311,0.84623146,-0.8560641,-0.71715987
rna_E18_5-S1#AATTAAGAGGTATGCT-1,-1.1520965,-0.21706529,-0.034789097,0.8330106,-1.0161949,0.47497553,-0.34156215,0.38462242,-0.22252136,1.2916209
rna_E18_5-S1#AATTAAGATAGAATTA-1,-0.5001526,-0.23015365,-0.08336853,2.0742264,1.2118561,-0.31665912,-0.2163272,-0.57902354,-0.66856676,-0.691831
rna_E18_5-S1#AATTAAGATAGAGTAA-1,-1.1471138,0.15427001,-0.49239182,0.8853397,-0.23115498,0.41947716,-0.3779938,0.66452765,0.09049541,0.034544587
rna_E18_5-S1#AATTAAGATAGATCTA-1,-0.042843707,-0.5541438,0.001631774,1.5423194,0.690655,-0.44167283,-0.1842513,-0.85828936,-0.52595973,0.37255463
rna_E18_5-S1#AATTAAGATCCGGCCT-1,2.004694,-1.0121579,-0.44476575,1.7925658,-2.1578045,0.03964737,2.1440773,-0.8028261,-0.96878016,-0.59464943
rna_E18_5-S1#AATTAAGATCCTACCA-1,-1.1908313,-0.34238374,0.16021304,1.76348,0.31218347,0.0054402556,-0.284387,-0.41387403,-0.6037495,0.59390885
rna_E18_5-S1#AATTAAGATCGGCCTT-1,-0.78701544,-0.3824945,-0.6066574,1.9003763,0.11109099,0.3266169,-0.37959492,1.0274575,-0.50543785,-0.70434153
rna_E18_5-S1#AATTAAGATCTGATAC-1,2.8615868,-0.5827153,-1.0859483,1.7234721,-1.206472,-0.56909883,1.6184874,-0.7265917,-0.73318136,-1.299539
rna_E18_5-S1#AATTAAGATGAGTCTG-1,0.096359015,-0.49089918,-0.94676054,-0.5982547,0.7104819,0.87981033,-1.0603698,0.3964676,-0.77598226,1.7891475
rna_E18_5-S1#AATTAAGATGCCGGCA-1,3.0476508,-0.91575027,-0.53021866,2.225344,-1.8020593,-0.6775549,1.4525478,-0.9179333,-0.77851826,-1.1035076
rna_E18_5-S1#AATTAAGATGCGGACC-1,0.86389977,-0.7115133,-1.0846395,-0.8747706,1.6331528,0.47609982,-0.389404,-0.64057803,-0.811359,1.5391121
rna_E18_5-S1#AATTAAGATGGTCAGC-1,2.5853174,-0.46491355,-0.8945098,0.9475125,-1.0526663,-0.06969405,0.9094902,-0.30476323,-0.5414939,-1.1142793
rna_E18_5-S1#AATTAAGATTACCGAG-1,2.7563639,-0.7980282,0.66221213,2.0989082,-1.6245717,-1.1199045,1.5230522,-1.3047594,-1.0992545,-1.0940185
rna_E18_5-S1#AATTAAGATTATCCGG-1,3.5454352,-0.8094609,-1.0200423,0.6594606,1.1231853,-0.7607699,-0.5322733,-1.1055039,-0.60182977,-0.49820113
rna_E18_5-S1#AATTAAGATTATTCAT-1,0.11794479,-0.37333503,-0.15584484,0.8738923,0.87478596,-0.7195854,-0.27955204,0.61642635,-0.72364134,-0.23109068
rna_E18_5-S1#AATTAAGATTGACTTC-1,-1.0909424,0.0005919039,0.54065156,1.4405892,0.6688206,-0.53897107,-0.018538415,0.25262517,-0.90842634,-0.34640008
rna_E18_5-S1#ACCGCCAAAACCTGCG-1,-1.1585946,0.7162307,-0.80588406,0.038162693,-0.4677712,0.5680568,-0.7484343,1.6880946,0.2806205,-0.11048123
rna_E18_5-S1#ACCGCCAAAAGAAGCT-1,-0.75253284,-0.52816176,-0.023796853,1.3468527,-0.83203524,0.2737337,-0.6067658,0.14986312,-0.50325626,1.4760994
rna_E18_5-S1#ACCGCCAAAATTAAGA-1,-0.3578214,0.4804827,-0.44141188,0.24002129,-0.42594093,-0.18885127,0.14753456,0.8755156,0.4989664,-0.828495
rna_E18_5-S1#ACCGCCAAACGGAGGC-1,-1.3674902,-0.5486239,-0.14633885,1.7111218,-0.8436374,-0.00810606,-0.9405819,0.6993207,-0.59342515,2.0377612
rna_E18_5-S1#ACCGCCAAACTATGCA-1,-0.68673885,-0.47467127,-0.17214742,1.9594655,-0.69169366,0.9259218,-0.54906195,-0.6557187,-0.37368113,0.7183256
rna_E18_5-S1#ACCGCCAAACTCAATA-1,-0.6715819,2.1117954,-0.90779984,-0.45195088,-0.61790895,0.6212931,-0.46816418,0.80407155,0.19281426,-0.61256874
rna_E18_5-S1#ACCGCCAAAGAACGTC-1,-0.95303667,2.3409202,-0.81504667,-0.10843271,-0.5376889,-0.039226998,-0.96848255,1.498156,0.21984014,-0.63700175
rna_E18_5-S1#ACCGCCAAAGAGAAGG-1,-0.62216145,-0.5748725,0.13119286,0.8079,-0.29835764,-0.5708564,-0.23392454,0.26574233,-0.4721454,1.5674828
rna_E18_5-S1#ACCGCCAAAGAGCTAT-1,-0.9861536,2.1340764,-0.8118693,-0.53844327,-0.5757671,-0.08263475,-0.7713771,1.6287386,0.48013377,-0.47670358
rna_E18_5-S1#ACCGCCAAATCATATT-1,-0.7726024,-0.45593745,-0.19246034,1.6010654,-0.7140313,0.59182125,-0.09109987,-0.52037424,-0.33103853,0.8846575
rna_E18_5-S1#ACCGCCAACATACTCC-1,-0.88920414,-0.4527846,0.37884313,1.2177473,-0.37739807,0.65885144,-0.24503252,-0.39853635,-0.49215493,0.59966874
rna_E18_5-S1#ACCGCCAACCGAGAAT-1,-0.65794843,-0.5801576,0.38456637,1.4184079,-1.0474118,0.6556355,-0.224622,-0.49366578,-0.5469361,1.092132
rna_E18_5-S1#ACCGCCAACGACGCGA-1,-0.5252545,-0.6531692,0.20350504,1.8283147,-0.54766196,1.0179563,-0.38005677,-0.8409829,-0.46416375,0.36151314
rna_E18_5-S1#ACCGCCAACTAAGAGA-1,-0.8709881,-0.20305544,-0.3727483,-0.861539,-0.12379225,0.65942544,0.24022579,1.7607945,0.10389248,-0.33221516
rna_E18_5-S1#ACCGCCAACTGATGGT-1,-0.76966447,-0.53354526,-0.2579716,0.8482741,0.20209667,-0.067863345,-0.70269775,0.10051311,-0.33633062,1.5171891
rna_E18_5-S1#ACCGCCAACTTGCGCC-1,-0.9298467,2.71671,-0.69825184,-0.66324466,-0.9092463,-0.68133724,-0.71306276,1.5753217,0.8326338,-0.5296757
rna_E18_5-S1#ACCGCCAAGAAGATCG-1,-0.37993246,-0.70830095,0.47431585,2.1097107,-0.49181664,-0.14231364,-0.48361737,-0.6568666,-0.48445532,0.7632765
rna_E18_5-S1#ACCGCCAAGATACGGA-1,-0.32102257,-0.7404414,0.1538252,1.3697326,-0.8023655,-0.30238536,-0.57657343,-0.21855196,-0.58632493,2.0241075
rna_E18_5-S1#ACCGCCAAGATCTTAC-1,-0.036901377,0.34479642,-0.4803483,-0.11529343,-0.026594058,0.30967915,0.040636197,0.46304443,-0.22015415,-0.27886495
rna_E18_5-S1#ACCGCCAAGCCATTCT-1,-0.5647031,0.39240196,-0.55555797,-0.23523384,-0.27717713,0.69443315,-0.2875588,1.2310855,-0.28934368,-0.10834606
rna_E18_5-S1#ACCGCCAAGCCGCAAC-1,-0.952869,-0.5174233,0.08201514,1.4558629,-0.5156619,0.15424289,-0.38957167,-0.05099195,-0.62714,1.361537
rna_E18_5-S1#ACCGCCAAGCGTTGGA-1,-0.44798645,-0.5257857,-0.6061001,-0.098914,-0.7522296,0.80657935,0.33933073,2.404011,-0.48732814,-0.63157725
rna_E18_5-S1#ACCGCCAAGCTAACTT-1,0.320624,-0.44791147,-0.7753536,0.38422266,1.4806837,-0.38058203,-0.7468496,-0.05464404,-0.6116723,0.83148247
rna_E18_5-S1#ACCGCCAAGGTACTGC-1,-0.3227331,0.14007062,-0.6518089,-0.25397095,-0.2770992,0.47820932,-0.02057188,1.2604879,-0.035057746,-0.31752598
rna_E18_5-S1#ACCGCCAAGGTATGCT-1,0.011186328,0.17449376,-0.92889076,-0.5993898,-0.26446983,0.9137956,-1.0393685,0.1908992,0.12415905,1.417585
rna_E18_5-S1#ACCGCCAATAGAATTA-1,-0.71067584,1.4379526,-0.76389575,-0.21872033,-0.2980863,0.1676863,-1.1309032,1.4668714,0.3956525,-0.34588146
rna_E18_5-S1#ACCGCCAATAGATCTA-1,-0.7587101,-0.60136366,-0.10002022,1.6604502,-0.525997,-0.41276073,-0.010142848,-0.3353553,-0.6007594,1.684659
rna_E18_5-S1#ACCGCCAATCCGGCCT-1,-0.63973075,-0.57501453,0.03589707,1.6167295,-0.76925904,0.6883308,0.027151681,-0.29222402,-0.69549084,0.60361
rna_E18_5-S1#ACCGCCAATCCTACCA-1,-0.10508701,-0.63792086,-0.5999479,-0.46158296,-0.032042205,1.1181742,-0.15544179,-0.047574654,0.15161775,0.76980543
rna_E18_5-S1#ACCGCCAATCTGATAC-1,-0.8231916,-0.5319736,0.8109775,1.4863472,-0.87295276,0.34027544,-0.07097344,-0.62674755,-0.5885603,0.87679917
rna_E18_5-S1#ACCGCCAATGAGTCTG-1,-0.47756582,-0.53574747,0.24081819,1.4735217,-0.87181586,-0.06994557,-0.57395285,-0.09411955,-0.5547733,1.4635806
rna_E18_5-S1#ACCGCCAATGCCGGCA-1,-0.61934215,-0.54526466,0.35746607,1.5157956,-1.0878807,0.20761797,0.066001564,-0.5397364,-0.46258664,1.1079291
rna_E18_5-S1#ACCGCCAATGCGGACC-1,-1.1681484,-0.4688217,-0.09688082,1.6030972,-1.3765222,0.7657482,-0.38244155,-0.06303397,-0.32083246,1.5078355
rna_E18_5-S1#ACCGCCAATGGTCAGC-1,-0.92552024,-0.6046606,0.23348829,1.9287728,-0.93459564,0.4173072,-0.22221962,-0.3912576,-0.32524556,0.82393086
rna_E18_5-S1#ACCGCCAATTACCGAG-1,-0.6392715,-0.44337165,0.071724005,0.97275895,-0.9714176,0.024986193,-0.12883537,-0.31792974,-0.1072226,1.538579
rna_E18_5-S1#ACCGCCAATTATCCGG-1,-0.42967853,-0.6159225,0.56886315,1.4960439,-0.882995,-0.15327772,0.10260535,-0.70336753,-0.5890379,1.2067666
rna_E18_5-S1#ACCGCCAATTATTCAT-1,-0.90346134,0.049481254,0.110169634,0.5478788,-0.054399718,-0.76258785,-0.38046953,0.76711404,-0.660838,1.2871128
rna_E18_5-S1#ACCGCCAATTGACTTC-1,-0.29152873,0.445328,-0.7434379,0.2560717,-0.13319266,-0.06585931,-0.5473639,0.9079071,0.44177777,-0.2697021
rna_E18_5-S1#ACGGAGGCAACCTGCG-1,-0.81902826,0.86511564,-0.56960166,0.20858118,-0.65948796,0.4337909,-0.124768674,1.0940163,-0.07787229,-0.35074517
rna_E18_5-S1#ACGGAGGCAAGAAGCT-1,3.0598683,-0.9456435,-0.94728494,2.2668025,-1.9112394,-0.7708865,2.048051,-0.7179254,-0.704586,-1.3771564
rna_E18_5-S1#ACGGAGGCAATTAAGA-1,1.713686,-0.42459828,-0.8737785,1.0452962,-0.430694,-0.3974076,1.4423223,-0.0963139,-0.63226986,-1.346242
rna_E18_5-S1#ACGGAGGCACCGCCAA-1,-0.7884189,-0.224417,-0.9159557,-0.89111394,-0.85423356,0.21279383,-0.022145886,2.3556306,1.83918,-0.71131957
rna_E18_5-S1#ACGGAGGCACGGAGGC-1,2.1479053,-0.22937796,-1.2106766,0.51887465,-1.1895506,-0.20481515,1.818081,-0.2836915,-0.53212714,-0.8346218
rna_E18_5-S1#ACGGAGGCACTATGCA-1,2.6750176,-0.8176439,-0.49997187,1.6089469,-1.7691989,0.092202306,0.6069438,0.019197907,-0.34151423,-1.5739796
rna_E18_5-S1#ACGGAGGCACTCAATA-1,-1.0714797,-0.45208716,0.42747808,1.8492855,-0.4721536,0.3709079,-0.2802106,-0.2950107,-0.4689209,0.39219135
rna_E18_5-S1#ACGGAGGCACTTAACC-1,-0.513932,-0.3121301,-0.6983717,-0.089670345,-0.3927465,0.7919888,0.2483866,2.1241255,-0.657375,-0.5002753
rna_E18_5-S1#ACGGAGGCAGAACGTC-1,-0.7290161,-0.15720448,-0.17979662,2.3435104,0.30343038,0.34129292,-0.9244125,-0.19140168,-0.28877312,-0.51762915
rna_E18_5-S1#ACGGAGGCAGAGAAGG-1,0.9251764,0.019770075,-0.65086055,0.09810822,-1.2057143,1.024933,0.30039167,1.1797454,-0.52914774,-1.1624019
rna_E18_5-S1#ACGGAGGCAGAGCTAT-1,-0.8064689,-0.24398257,-0.062428933,1.7978559,0.12642081,0.35103217,-0.6759027,0.16391379,-0.4085076,-0.24193189
rna_E18_5-S1#ACGGAGGCATAAGGAG-1,-0.8964443,2.923108,-0.71740913,-0.29235032,-0.60019255,-0.61048776,-0.87519306,1.2854345,0.15274341,-0.3692088
rna_E18_5-S1#ACGGAGGCATCATATT-1,1.7801155,-0.66918236,-0.14628248,2.063611,-0.9151361,-0.6060623,1.08562,-0.6441403,-0.7422788,-1.2062641
rna_E18_5-S1#ACGGAGGCCAACCGCT-1,-0.6736419,-0.027884861,-0.19399162,-0.8215631,-0.14685689,-0.09183671,0.031270605,1.8492123,0.732759,-0.6574667
rna_E18_5-S1#ACGGAGGCCATACTCC-1,-0.0928507,-0.091321476,-0.8156197,-0.42532447,0.33827758,1.8140146,-0.26256838,0.958806,-0.3670493,-1.056364
rna_E18_5-S1#ACGGAGGCCCAGTTCC-1,-0.89716035,-0.6978746,-0.076293394,-0.9222691,-0.74255246,-0.46265912,1.3281158,2.636,0.54816973,-0.7134764
rna_E18_5-S1#ACGGAGGCCCGAGAAT-1,-1.7914188,1.2248893,-0.78173435,-0.55763155,-0.36345473,0.97473043,-0.66782427,1.2166078,-0.5379602,1.2837965
rna_E18_5-S1#ACGGAGGCCCGATTCC-1,-0.18346517,0.1826062,-0.54805243,-0.5628838,-0.43632007,-0.023362935,-0.24186552,1.3124579,0.8599632,-0.35907757
rna_E18_5-S1#ACGGAGGCCGAACGCC-1,-0.73303926,-0.1955554,-0.4706468,-0.33631235,-0.5050432,0.0702482,-0.034541063,1.8162229,0.6595128,-0.27084583
rna_E18_5-S1#ACGGAGGCCGACGCGA-1,3.112604,-0.71911865,-0.81604284,-0.09259015,0.46465576,-0.52533007,-0.006289035,-1.1491197,-0.48142615,0.21265703
rna_E18_5-S1#ACGGAGGCCTAAGAGA-1,-0.96330696,0.11234894,0.058900043,1.50048,-0.41595027,0.2136195,-0.5473428,-0.3304933,0.115262814,0.25648203
rna_E18_5-S1#ACGGAGGCCTGATGGT-1,-0.26553413,-0.48136508,-0.47717762,1.759568,2.3141387,-0.68218064,-0.32949945,-0.6964606,-0.6907237,-0.45076525
rna_E18_5-S1#ACGGAGGCCTTGCGCC-1,-1.0424458,0.010674477,-0.2786081,1.8381044,0.39224395,0.40355152,-0.13067517,-0.31241053,-0.45267645,-0.42775822
rna_E18_5-S1#ACGGAGGCGAAGATCG-1,2.5800812,-0.7329371,-0.5338281,1.6955576,0.12782302,-0.39016265,-0.75352705,-0.9457732,-1.0105307,-0.03670314
rna_E18_5-S1#ACGGAGGCGACCTTGA-1,-1.423258,-0.15103084,-0.24852993,0.5694654,-0.70865154,-0.35940254,-0.6667597,1.4994766,0.7325562,0.7561344
rna_E18_5-S1#ACGGAGGCGATACGGA-1,3.1100316,-0.5977559,-0.87680453,0.27134043,0.7799769,-0.7685976,-0.5005388,-0.86790246,-0.596033,0.04628317
rna_E18_5-S1#ACGGAGGCGATCTTAC-1,-0.46051207,-0.62993956,-0.6460685,1.5068464,1.2116902,0.15476681,-0.44153926,-0.6275745,-0.82267404,0.7550044
rna_E18_5-S1#ACGGAGGCGCAGGTCC-1,-1.1022083,-0.33609986,-0.58692825,1.7577146,-0.28063354,0.26425642,-0.56195605,0.10298122,-0.44050002,1.1833739
rna_E18_5-S1#ACGGAGGCGCCATTCT-1,-0.8789633,0.21238926,-0.29171294,1.3490125,0.5246156,-0.10535824,-0.04382281,-0.09015912,-0.59612435,-0.07987657
rna_E18_5-S1#ACGGAGGCGCCGCAAC-1,-0.22020006,-0.39011312,-0.7969085,-0.19892481,-0.21811378,1.2330707,-0.46608943,1.0026965,-0.15613556,0.210718
rna_E18_5-S1#ACGGAGGCGCGTTGGA-1,-0.18922956,-0.15840498,-0.5346445,-0.0060138726,0.32629108,0.14654317,-0.4584436,-0.049888525,-0.148224,1.0720148
rna_E18_5-S1#ACGGAGGCGCTAACTT-1,-0.9178748,0.028976418,-0.47391537,0.47134754,0.012155507,-0.27086318,-0.7878498,0.82806736,-0.4393222,1.5492785
rna_E18_5-S1#ACGGAGGCGGCTGAGC-1,-0.61980844,2.1472828,-0.90380114,-0.5544834,-0.41459846,-0.5591252,-1.129366,2.0281258,0.36299706,-0.35722283
rna_E18_5-S1#ACGGAGGCGGTACTGC-1,-0.7960912,-0.24270375,-0.35628718,1.9708445,0.6742725,-0.09105614,-0.30668896,-0.5289884,-0.47034776,0.14704643
rna_E18_5-S1#ACGGAGGCGGTATGCT-1,-1.2758809,0.3881113,-0.6878662,-0.46312657,-0.8680515,1.0467662,-0.18015625,2.1824317,0.25910968,-0.40133747
rna_E18_5-S1#ACGGAGGCTAGAATTA-1,-0.8831125,0.06472459,-0.31217685,1.7201962,1.1615448,-0.3400784,-0.32739267,-0.23504205,-0.61158925,-0.23707393
rna_E18_5-S1#ACGGAGGCTAGAGTAA-1,-1.2035096,-0.36472183,0.22514957,0.96536666,-0.81824964,0.16654733,-0.31521964,0.5505094,0.6795132,0.11461443
rna_E18_5-S1#ACGGAGGCTAGATCTA-1,2.873279,-0.68131644,-0.7392185,-0.6259401,1.524574,-0.8418209,-0.58469594,-0.91428316,-0.81010246,0.79952407
rna_E18_5-S1#ACGGAGGCTCCGGCCT-1,2.396621,-1.1143497,-0.6350964,1.7579104,-2.1945593,0.040337488,2.6193666,-0.5536095,-0.93957675,-1.377044
rna_E18_5-S1#ACGGAGGCTCCTACCA-1,-1.1302656,-0.332986,0.46028817,1.8145123,-0.3816473,-0.21882837,-0.19501497,0.04463826,-0.5765252,0.5158287
rna_E18_5-S1#ACGGAGGCTCGGCCTT-1,-1.2441598,-0.17380399,-0.092923924,1.6698068,0.3872818,0.6711298,-0.25640613,0.20562395,-0.22556525,-0.94098324
rna_E18_5-S1#ACGGAGGCTCTGATAC-1,3.4189909,-0.5587244,-0.9439086,0.5254663,1.1373497,-0.7895927,-0.6508478,-0.95600796,-0.46529257,-0.71743274
rna_E18_5-S1#ACGGAGGCTGAGTCTG-1,-0.9521193,-0.2620535,-0.018587973,0.24824856,-0.64509416,1.02622,0.028338524,0.57651573,-0.06351814,0.06205013
rna_E18_5-S1#ACGGAGGCTGCCGGCA-1,2.0024724,-0.8331652,-1.0267024,0.10405694,1.3654428,-0.8418647,-0.48685193,0.04671862,-0.7932533,0.46314687
rna_E18_5-S1#ACGGAGGCTGCGGACC-1,-1.0937433,-0.5999937,1.7520795,1.9449065,-0.47620034,-0.4412253,-0.62757415,-0.69402516,-0.32187986,0.5576556
rna_E18_5-S1#ACGGAGGCTGGTCAGC-1,2.8953333,-0.9552661,0.05527892,2.1072023,-1.5029444,-0.63678527,0.95152414,-0.72287554,-0.8881878,-1.3032794
rna_E18_5-S1#ACGGAGGCTTACCGAG-1,1.3491327,-0.68288934,-0.8545424,1.0334615,1.2631675,-0.05162267,-0.37391797,-0.38211498,-0.6119896,-0.6886847
rna_E18_5-S1#ACGGAGGCTTATCCGG-1,3.1123073,-1.0402826,-0.999956,0.55782044,1.6907961,-0.8370113,-0.71258754,-1.2217376,-0.8324153,0.28306645
rna_E18_5-S1#ACGGAGGCTTATTCAT-1,1.6396706,-0.5724808,0.0042629726,-0.3088898,1.4982798,-0.9287279,0.4960845,-1.2957082,-0.7533761,0.22088486
rna_E18_5-S1#ACGGAGGCTTGACTTC-1,-0.8040265,-0.16087963,-0.2475227,1.7044301,-0.06961185,0.44664294,-0.12696938,0.003254518,-0.4379117,-0.3074059
rna_E18_5-S1#ACTATGCAAAGAAGCT-1,-0.399548,0.028735436,-0.56619865,-0.17770433,-0.16160674,0.8740117,-0.12835093,1.7300825,-0.3432559,-0.8561651
rna_E18_5-S1#ACTATGCAAATTAAGA-1,3.129644,-0.96743864,-0.739714,2.1864455,-1.0655736,-0.60138834,-0.3186134,-0.18641056,-0.43325955,-1.0036914
rna_E18_5-S1#ACTATGCAACCGCCAA-1,-0.84221965,-0.8651334,-0.8394184,-0.98763186,-0.6125973,0.0196345,-0.2910901,1.9152492,2.7722278,-0.2690207
rna_E18_5-S1#ACTATGCAACGGAGGC-1,3.1591356,-0.606361,-1.3676353,0.607331,1.2960582,-0.20589411,-0.5771651,-0.6337613,-0.6507276,-1.0209802
rna_E18_5-S1#ACTATGCAACTATGCA-1,2.93474,-1.1458186,-0.2905733,2.2633069,-1.7871482,-0.43385178,1.9724281,-0.9413047,-0.999897,-1.5718814
rna_E18_5-S1#ACTATGCAACTCAATA-1,-0.73485434,-0.38270012,0.34192663,1.8099418,1.2024556,-0.23748419,-0.34186286,-0.6264998,-0.54898393,-0.48193887
rna_E18_5-S1#ACTATGCAACTTAACC-1,-0.76536614,-0.6868672,-0.16801903,-0.53835714,-0.61476755,0.6570382,0.1967574,1.8787149,0.33155033,-0.2906837
rna_E18_5-S1#ACTATGCAAGAACGTC-1,2.9179564,-0.47294092,-0.90951276,1.1692077,-0.6661099,-0.45938468,0.5943192,-0.4990784,-0.42197704,-1.2524797
rna_E18_5-S1#ACTATGCAAGAGCTAT-1,-0.37747863,-0.7470313,-0.30130634,2.5436528,1.9014086,-0.4462345,-0.62976956,-0.5801681,-0.6185215,-0.7445515
rna_E18_5-S1#ACTATGCAATAAGGAG-1,-0.81773305,2.1320355,-0.9314116,-0.61380434,-0.59725344,-0.3676275,-0.81307507,1.5199503,1.0505874,-0.5616683
rna_E18_5-S1#ACTATGCAATCATATT-1,3.1327155,-1.2273293,-0.9933031,2.1806636,-1.6404979,-0.61601096,2.1998224,-0.96760815,-0.64970464,-1.4187479
rna_E18_5-S1#ACTATGCACAACCGCT-1,-0.6332279,-0.73277485,0.42530933,-0.6562493,-0.23902145,-0.31024832,-0.13472942,2.8540397,-0.24713823,-0.32595944
rna_E18_5-S1#ACTATGCACCAGTTCC-1,-0.42753527,-0.8804307,-0.042648204,-0.6939335,-0.4754804,0.516786,1.575536,2.2318609,-0.901561,-0.9025941
rna_E18_5-S1#ACTATGCACCGAGAAT-1,0.4281576,-0.49753854,-0.16255848,2.0397868,1.6204239,-0.77810997,-0.13242435,-0.6778276,-0.89445704,-0.94545245
rna_E18_5-S1#ACTATGCACCGATTCC-1,-0.7557202,-0.2709779,-0.08789307,-0.9078912,-0.4146731,0.27696347,0.7679872,1.9299307,-0.0063048787,-0.53142107
rna_E18_5-S1#ACTATGCACGAACGCC-1,-0.50282156,-0.26323667,-0.41279775,-0.4104412,-0.36311007,0.4316086,-0.020458281,1.5898267,0.08224428,-0.13081409
rna_E18_5-S1#ACTATGCACGACGCGA-1,2.7258565,-1.2811428,-0.35238442,2.3540294,-2.076359,-0.9462057,2.946803,-0.95885754,-0.9881011,-1.4236388
rna_E18_5-S1#ACTATGCACTAAGAGA-1,-0.31559232,-0.41131735,0.13989195,1.9177264,0.86556244,-0.16383955,-0.4204827,-0.5426491,-0.7071156,-0.3621843
rna_E18_5-S1#ACTATGCACTGATGGT-1,-0.2347485,-0.5967033,-0.3058751,2.2838259,1.3800211,0.076508276,-0.49677256,-0.6543964,-0.58677995,-0.8650796
rna_E18_5-S1#ACTATGCACTTGCGCC-1,-0.031405352,-0.49124932,-0.33826107,1.9743545,1.1629744,0.086746424,-0.5893423,-0.45449117,-0.50762755,-0.8116985
rna_E18_5-S1#ACTATGCAGAAGATCG-1,-1.0261275,-0.80563086,1.4117327,0.31021324,-0.96222794,-0.37894332,-0.118176535,2.500271,-0.23421347,-0.69689745
rna_E18_5-S1#ACTATGCAGACCTTGA-1,-0.5878833,-0.42195922,-0.11054309,-0.49026084,-0.33724865,-0.4651974,0.17951149,2.739537,-0.38006166,-0.12589422
rna_E18_5-S1#ACTATGCAGATACGGA-1,2.87947,-1.1824441,-0.8906492,2.506327,-1.9863696,-0.84081256,2.3741016,-0.49158016,-0.8401134,-1.5279297
rna_E18_5-S1#ACTATGCAGATCTTAC-1,-0.15168615,-0.5542027,-0.3666135,2.3592823,1.5791228,-0.10574493,-0.6053258,-0.8599313,-0.63289267,-0.6620081
rna_E18_5-S1#ACTATGCAGCAGGTCC-1,-0.4585225,-0.21632347,-0.3206926,1.4871978,-0.8317809,0.6975956,-0.2992517,0.2461615,0.20767115,-0.5120548
rna_E18_5-S1#ACTATGCAGCCATTCT-1,-0.5222132,-0.11490436,-0.11637882,1.6427989,1.1902251,-0.173408,-0.3844816,-0.6330322,-0.5717914,-0.31681442
rna_E18_5-S1#ACTATGCAGCCGCAAC-1,3.2490659,-1.0377908,-0.3351425,-1.8046716,2.7472756,-1.1014171,-0.52255356,-1.3991827,-0.94083595,1.1452527
rna_E18_5-S1#ACTATGCAGCGTTGGA-1,0.4176031,-0.63229984,-0.3330136,2.0736442,1.4415342,-0.2719347,-0.7428939,-0.99078864,-0.5848754,-0.3769751
rna_E18_5-S1#ACTATGCAGGCTGAGC-1,-0.48061395,0.2759289,-0.42490256,-0.24683434,-0.21893652,0.23876102,-0.5038092,1.323783,0.2963156,-0.25969204
rna_E18_5-S1#ACTATGCAGGTACTGC-1,-0.41350824,-0.44391072,-0.24491598,2.3537283,1.0956296,-0.24436902,-0.6694639,-0.39968914,-0.56577337,-0.4677273
rna_E18_5-S1#ACTATGCATAGAATTA-1,-0.7262722,-0.647971,-0.64664894,3.0800414,2.1396992,-0.72817034,0.17419332,-0.4063235,-0.9120571,-1.3264908
rna_E18_5-S1#ACTATGCATAGAGTAA-1,-1.0012219,-0.71248615,2.2881277,0.08185683,-0.06862109,-0.74641883,-1.1186574,2.222657,-0.5746361,-0.37059987
rna_E18_5-S1#ACTATGCATAGATCTA-1,3.2982922,-0.805536,-1.3358916,1.0997841,2.302988,-0.8754896,-1.1581445,-1.0837986,-0.62136966,-0.8208345
rna_E18_5-S1#ACTATGCATCCTACCA-1,0.5743133,-0.36032677,0.12711029,1.8100399,1.1551539,-0.39515823,-0.5120059,-0.53038365,-0.8336793,-1.0350634
rna_E18_5-S1#ACTATGCATCGGCCTT-1,-0.103666335,-0.9037193,0.38768783,0.8995733,-0.47610614,-0.12804843,0.38430014,2.1019046,-1.3180504,-0.84387517
rna_E18_5-S1#ACTATGCATCTGATAC-1,0.12573051,-0.7622109,0.04739165,-0.26453692,-0.3421914,0.16003034,0.47160476,2.9435444,-1.2241648,-1.1551979
rna_E18_5-S1#ACTATGCATGAGTCTG-1,2.782604,-0.8105586,-0.9237435,0.78073955,1.2298064,-0.82292426,-0.60175025,-0.7983204,-0.66764116,-0.16821161
rna_E18_5-S1#ACTATGCATGCCGGCA-1,2.7952502,-0.7289657,-1.034442,2.583294,-1.3676338,-0.85151774,1.0057998,-0.1669634,-0.63025796,-1.6045631
rna_E18_5-S1#ACTATGCATGCGGACC-1,2.8868313,-0.972583,-0.7880587,-0.54446477,1.979733,-0.8139472,-0.58695275,-1.029879,-0.73529446,0.6046156
rna_E18_5-S1#ACTATGCATGGTCAGC-1,3.1367762,-1.3537037,-0.6296252,2.3778727,-1.8376664,-0.9353581,2.664611,-1.1535399,-0.797302,-1.4720643
rna_E18_5-S1#ACTATGCATTACCGAG-1,3.1516743,-1.3314024,-0.9854336,2.2759814,-1.9640055,-0.5166836,2.6718502,-1.0036132,-0.83551943,-1.4628482
rna_E18_5-S1#ACTATGCATTATCCGG-1,2.780028,-0.5302985,-1.070601,2.347378,-0.89273906,-0.40224636,-0.54698247,0.31008774,-0.29166874,-1.7029576
rna_E18_5-S1#ACTATGCATTATTCAT-1,2.9475884,-0.55159503,-0.83927214,1.8724533,-1.6555226,-0.9979998,2.054989,-0.8347892,-0.6475682,-1.3482836
rna_E18_5-S1#ACTATGCATTGACTTC-1,-1.2178323,-0.15404947,-1.0051033,2.034632,2.5454617,-1.0055988,-0.44146013,1.375852,-1.0406837,-1.0912175
rna_E18_5-S1#ACTCAATAAACCTGCG-1,-0.66046005,-0.53098935,-0.6973075,1.6420819,-0.5887308,1.0724484,0.17683399,0.6040736,-0.60236984,-0.41558027
rna_E18_5-S1#ACTCAATAAAGAAGCT-1,-0.3865772,-0.4006818,-0.14958799,1.9971052,-0.858557,0.71785855,-0.40835232,-0.43759263,-0.4713313,0.3977164
rna_E18_5-S1#ACTCAATAAATTAAGA-1,-0.8061032,-0.24792913,0.6554218,0.9209897,-0.7937099,0.058779303,0.106164396,0.21299314,-0.48002562,0.3734197
rna_E18_5-S1#ACTCAATAACCGCCAA-1,-0.7457013,-0.059666313,-0.3111336,-0.96107066,-0.9270135,-0.57918227,1.1258552,2.4637752,0.6804778,-0.68634063
rna_E18_5-S1#ACTCAATAACGGAGGC-1,-0.77392536,-0.7761273,0.67090803,1.8618132,-0.3807268,-0.69242513,-0.6983308,0.0660701,-0.8770552,1.5997992
rna_E18_5-S1#ACTCAATAACTATGCA-1,-0.9633994,-0.19369864,-0.23056616,1.70683,-0.079153076,-0.6366017,-0.1700852,-0.23477183,-0.51090556,1.3123515
rna_E18_5-S1#ACTCAATAACTCAATA-1,-0.62424195,0.60973334,-0.43149966,0.2808743,-0.21250007,0.0011462979,0.19463742,0.7430639,-0.69642276,0.13520901
rna_E18_5-S1#ACTCAATAACTTAACC-1,-0.71316224,0.3568427,-0.5672729,-0.4523636,-0.39798224,0.3546684,-0.22741567,1.2850599,0.494835,-0.13320936
rna_E18_5-S1#ACTCAATAAGAACGTC-1,-1.4297488,-0.31125507,-0.27827856,1.1103507,-0.8908961,-0.3211281,-1.1124809,1.2927282,0.6926719,1.2480366
rna_E18_5-S1#ACTCAATAAGAGAAGG-1,-0.80329156,-0.4181262,1.3697354,1.9083065,0.0840787,-0.4787934,-0.076763645,-1.1510937,-0.794594,0.3605419
rna_E18_5-S1#ACTCAATAAGAGCTAT-1,-0.4931067,0.14757475,-0.41110867,0.71039355,-0.7990434,0.32601008,-0.17127328,0.5557516,-0.3523729,0.48717493
rna_E18_5-S1#ACTCAATAATCATATT-1,-0.29470688,-0.5709451,0.5006919,1.8158832,-0.11072697,-0.049361072,-0.030236557,-1.0666643,-0.6985573,0.50462294
rna_E18_5-S1#ACTCAATACAACCGCT-1,-0.6766841,-0.39169073,-0.7857987,-0.112581804,-0.10763477,0.38937795,-0.44842535,2.012986,0.33519745,-0.21474622
rna_E18_5-S1#ACTCAATACATACTCC-1,-0.63291174,-0.61478245,0.8507557,1.6421803,-0.8082483,-0.2327976,0.24133489,-0.83260447,-0.6627326,1.0498066
rna_E18_5-S1#ACTCAATACCAGTTCC-1,-0.9704672,-0.25746933,0.17818736,-0.6472609,-0.32256126,-0.3839588,0.009651123,2.5683386,-0.121168375,-0.053291414
rna_E18_5-S1#ACTCAATACCGAGAAT-1,2.2729254,-0.70518684,-0.68124235,0.8033893,-0.31432143,0.16129243,-0.059419468,-0.9104147,-0.67664516,0.109622985
rna_E18_5-S1#ACTCAATACCGATTCC-1,-0.83317775,-0.21987043,0.6233654,-0.96909285,-0.5142676,0.8725932,0.027914062,1.5473416,0.097706586,-0.6325121
rna_E18_5-S1#ACTCAATACGACGCGA-1,-0.6427058,-0.5062412,0.15284711,2.0014458,-0.47269577,-0.2849416,-0.27800912,-0.9834847,-0.40880078,1.4225862
rna_E18_5-S1#ACTCAATACTAAGAGA-1,-0.29598355,-0.2024348,-0.7763596,-0.030565351,0.023235396,0.35276487,-0.52401614,1.1182582,0.063458055,0.27164283
rna_E18_5-S1#ACTCAATACTGATGGT-1,2.3203135,-1.0032746,-0.85437995,-0.40231588,1.6699609,-0.8081239,-0.950154,-0.99385166,-0.9295912,1.951417
rna_E18_5-S1#ACTCAATACTTGCGCC-1,-0.8490762,-0.30857295,0.11637904,1.8643596,-0.20743486,0.38113198,-0.15051815,0.37715855,-0.5307859,-0.692641
rna_E18_5-S1#ACTCAATAGAAGATCG-1,-0.15423685,-0.44985086,0.13334787,2.0232751,-0.7066991,0.3157748,-0.30322078,-0.7125578,-0.4960373,0.35020494
rna_E18_5-S1#ACTCAATAGACCTTGA-1,-0.9441017,0.42243826,-0.66262984,-0.06295709,-0.18437757,-0.32450113,-0.49524772,1.5454389,1.1034029,-0.39746502
rna_E18_5-S1#ACTCAATAGATACGGA-1,0.3285557,-0.61618674,-0.26419383,1.4193317,-0.52004707,0.018183142,0.06032546,-0.6375989,-0.7109241,0.9225545
rna_E18_5-S1#ACTCAATAGATCTTAC-1,1.1392901,-0.6396846,-0.5644805,0.18838435,1.6875845,-0.507025,-0.5940568,-0.17237246,-0.46854413,-0.06909563
rna_E18_5-S1#ACTCAATAGCAGGTCC-1,-0.2840888,-0.20722476,-0.32147428,-0.20067003,-0.32950646,0.21555066,-0.3897552,2.1297584,-0.024964098,-0.5876252
rna_E18_5-S1#ACTCAATAGCCATTCT-1,-0.9399131,-0.06341761,0.7011982,0.9837766,0.119784065,-0.8786858,0.48706454,0.15596917,-0.7660379,0.2002618
rna_E18_5-S1#ACTCAATAGCCGCAAC-1,-0.7148563,-0.06188657,0.6825205,1.7834754,-0.12200932,-0.26647627,-0.36926064,0.40623987,-0.65139997,-0.68634665
rna_E18_5-S1#ACTCAATAGCGTTGGA-1,-0.4530144,-0.28638512,-0.30658773,0.6285829,-0.36405265,-0.04720982,-0.17164391,0.9885442,0.21586287,-0.20409644
rna_E18_5-S1#ACTCAATAGCTAACTT-1,-1.25341,-0.3567501,1.4099303,1.8089031,0.45534074,-0.3183451,-0.117389694,-1.1820108,-0.6744266,0.228158
rna_E18_5-S1#ACTCAATAGGTACTGC-1,-0.6026122,-0.17173392,-0.031020537,1.7749145,-0.35095894,-0.1369727,-0.18018064,0.01803638,-0.37681544,0.057343572
rna_E18_5-S1#ACTCAATAGGTATGCT-1,-0.36943126,-0.32284302,0.024442986,1.5329634,0.5013027,0.33446375,-0.20455503,-0.19309542,-0.5205009,-0.78274715
rna_E18_5-S1#ACTCAATATAGAATTA-1,-1.0382377,-0.10204962,0.19775815,1.7660446,-0.15378976,-0.21643507,-0.19521731,-0.079628944,-0.48123857,0.30279428
rna_E18_5-S1#ACTCAATATAGAGTAA-1,-0.8769343,1.7100962,-0.805245,-0.69081545,-0.45952332,-0.21993256,-0.4886847,1.7578194,0.61909443,-0.5458748
rna_E18_5-S1#ACTCAATATAGATCTA-1,-0.75733685,-0.58744,1.029121,1.6594537,0.2505517,-0.46662277,-0.43986404,-0.8594284,-0.5756839,0.7472494
rna_E18_5-S1#ACTCAATATCCGGCCT-1,-0.4426983,-0.5416335,-0.032766175,1.6238494,-0.68587935,0.98063123,-0.27056697,-0.6645076,-0.4608317,0.49440303
rna_E18_5-S1#ACTCAATATCCTACCA-1,0.7341146,-0.48494512,-0.8051034,0.956785,0.9325939,0.3312448,-0.59980845,0.26722053,-0.5244002,-0.8077016
rna_E18_5-S1#ACTCAATATCGGCCTT-1,-0.3476179,-0.2363462,-0.9762307,-0.35414612,0.2978654,1.7311645,-0.13041902,1.397489,-0.2155187,-1.16624
rna_E18_5-S1#ACTCAATATCTGATAC-1,-0.67896783,-0.43546146,0.10707316,1.8199188,-0.27915743,-0.18004587,-0.33467063,-0.64144987,-0.63456815,1.2573293
rna_E18_5-S1#ACTCAATATGAGTCTG-1,-0.9457334,-0.35980302,0.7761277,1.7771472,0.49964604,-0.50809073,-0.14266625,-0.62810874,-0.6766845,0.2081656
rna_E18_5-S1#ACTCAATATGCCGGCA-1,-1.1117189,-0.6670027,1.8373919,1.5279505,-0.2875864,-0.2775259,-0.59487283,-0.29499674,-0.57331467,0.4416757
rna_E18_5-S1#ACTCAATATGCGGACC-1,-0.519163,-0.6115647,1.2061254,1.7063304,-0.65054995,-0.80228186,0.057884645,-0.9045589,-0.7715949,1.2893729
rna_E18_5-S1#ACTCAATATGGTCAGC-1,-0.47518256,-0.34979337,0.11088897,1.2403945,-0.010680601,0.5325513,-0.05375891,-0.20920447,-0.4430934,-0.34212136
rna_E18_5-S1#ACTCAATATTACCGAG-1,-0.07474151,-0.34471375,0.50930685,1.6378322,0.59668684,-0.4007414,-0.16007619,-1.1265603,-0.64904004,0.012047358
rna_E18_5-S1#ACTCAATATTATCCGG-1,0.22528529,-0.5191677,0.43862015,1.7226678,-0.44229412,-0.281043,-0.062272295,-1.0697931,-0.5485049,0.5365015
rna_E18_5-S1#ACTCAATATTATTCAT-1,0.22503445,-0.4681881,-0.23188657,0.28879923,0.11397785,-0.6672798,0.7075123,-0.57573843,-0.84627146,1.4540405
rna_E18_5-S1#ACTCAATATTGACTTC-1,-0.8938742,-0.33089933,-0.22464582,1.7663316,0.29673982,-0.68102497,-0.3223234,-0.16593574,-0.73547614,1.2911084
rna_E18_5-S1#ACTTAACCAACCTGCG-1,-0.87403613,-0.295883,-0.41421393,-0.14023921,-0.22367543,0.11042115,-0.2529481,2.5299163,0.09728843,-0.53663003
rna_E18_5-S1#ACTTAACCAAGAAGCT-1,-0.8551268,0.08746979,-1.1130313,-0.4534728,0.3118646,1.6370022,-0.0015566722,1.4694022,-0.15071736,-0.9318338
rna_E18_5-S1#ACTTAACCAATTAAGA-1,-0.2405552,-0.7330015,-0.35651702,0.88124406,-0.39426923,-0.16958514,-0.6823734,0.10321443,-0.6295152,2.2213583
rna_E18_5-S1#ACTTAACCACGGAGGC-1,-0.54506034,-0.7671232,-0.26378217,1.7191718,-0.2980693,-0.40008634,-0.7632117,-0.5129341,-0.543893,2.3749883
rna_E18_5-S1#ACTTAACCACTATGCA-1,-0.7198508,-0.6219874,0.42074654,1.4074115,-0.4593557,-0.2949343,-0.015610736,0.7652337,-0.73003554,0.24838293
rna_E18_5-S1#ACTTAACCACTCAATA-1,0.019864716,-0.17464681,-0.44300848,-0.479782,0.14888075,0.66268337,-0.04226333,1.0906496,-0.10863565,-0.6737422
rna_E18_5-S1#ACTTAACCAGAACGTC-1,-0.95657176,-0.23789804,-0.44025156,-0.13427566,-0.03793022,0.4430879,-0.46658224,1.9651084,0.3669459,-0.5016327
rna_E18_5-S1#ACTTAACCAGAGAAGG-1,-0.83005416,0.18898295,-0.56968933,-0.39851817,-0.6870571,0.89689285,-0.24160363,1.7646993,0.14214338,-0.26579618
rna_E18_5-S1#ACTTAACCAGAGCTAT-1,0.022453852,-0.098442644,-1.1688234,0.0007505119,0.4007668,0.5275212,-0.9805825,1.7926039,0.3631235,-0.8593711
rna_E18_5-S1#ACTTAACCATCATATT-1,1.7916929,-1.093599,-0.960667,-1.2237867,1.2146255,-0.03346476,0.17808929,-1.1734523,-0.88835216,2.1889145
rna_E18_5-S1#ACTTAACCCATACTCC-1,-0.84881854,0.087052405,-0.36027497,0.3998736,-0.17319459,0.42218578,-0.003603153,1.2523206,-0.41552514,-0.360016
rna_E18_5-S1#ACTTAACCCCGAGAAT-1,-0.58572537,-0.5008949,-0.16517177,1.8306812,-0.344808,0.7102602,-0.39876983,-0.5418904,-0.49522716,0.49154615
rna_E18_5-S1#ACTTAACCCGACGCGA-1,-0.47904226,-0.6809698,0.1636731,1.6859854,-0.34234127,-0.6008793,-0.39848405,-0.4099876,-0.5383578,1.6004035
rna_E18_5-S1#ACTTAACCCTAAGAGA-1,-0.9672969,0.5879391,-0.4499705,-0.6879425,-0.43027923,0.0977954,-0.33913866,1.9490225,0.5974314,-0.35756052
rna_E18_5-S1#ACTTAACCCTGATGGT-1,1.7528676,-0.43256786,-0.8115961,0.517365,-1.3018607,-0.6334349,1.429459,0.10423888,-0.70882195,0.08435102
rna_E18_5-S1#ACTTAACCCTTGCGCC-1,-0.5267959,-0.20804524,-0.31706676,-0.66817224,-0.5427634,0.40414113,-0.17790529,2.0092568,0.80133724,-0.7739865
rna_E18_5-S1#ACTTAACCGAAGATCG-1,-0.54430467,-0.09568496,-0.78361833,-0.39457104,-0.40857217,0.5221857,-0.0005095154,1.6694102,0.5997516,-0.5640868
rna_E18_5-S1#ACTTAACCGATACGGA-1,-0.36826837,-0.26359552,0.06480902,1.9841199,-0.9775308,-0.012547491,-0.20364945,-0.50672525,-0.41847742,0.7018653
rna_E18_5-S1#ACTTAACCGATCTTAC-1,0.023028418,-0.26218796,-0.54795736,-0.021951344,0.03282112,0.4669944,-0.077484876,1.1999252,-0.19245587,-0.6207318
rna_E18_5-S1#ACTTAACCGCCATTCT-1,-0.6326144,1.8168739,-1.0427125,-0.17456143,-0.6113529,0.64442235,-0.8106779,1.6736727,-0.12390201,-0.7391477
rna_E18_5-S1#ACTTAACCGCCGCAAC-1,0.10209791,-0.48941168,0.14967,1.7340794,-0.7202941,-0.29265413,0.4017146,-0.9243892,-0.76715845,0.8063458
rna_E18_5-S1#ACTTAACCGCGTTGGA-1,-0.28641075,0.4419355,0.22468531,0.104791015,-0.1865984,-0.109523624,-0.028422114,0.18434852,-0.20405708,-0.14074835
rna_E18_5-S1#ACTTAACCGCTAACTT-1,-0.65894264,-0.286781,0.0016958662,1.4677606,0.2961106,-0.020072218,-0.07458665,-0.43354848,-0.66867566,0.37703958
rna_E18_5-S1#ACTTAACCGGTACTGC-1,-0.77214754,-0.2963887,-0.18881291,-0.65245897,-0.2586745,0.49155974,-0.07362273,1.8080992,0.39246064,-0.45001417
rna_E18_5-S1#ACTTAACCGGTATGCT-1,-0.22959569,1.220041,-0.09109287,-0.2957766,0.13012883,0.017589606,-0.35075694,0.010495886,-0.56466717,0.15363386
rna_E18_5-S1#ACTTAACCTAGAATTA-1,-0.42714807,-0.034390036,-0.4902235,0.32918912,0.74529046,0.16140494,-0.3992761,1.3104734,-0.36341202,-0.8319081
rna_E18_5-S1#ACTTAACCTAGATCTA-1,-0.44088322,-0.98819506,-0.7527828,0.6518785,0.8201215,-0.9112694,-1.210765,0.6825922,-0.8883381,3.0376415
rna_E18_5-S1#ACTTAACCTCCGGCCT-1,0.33161247,-0.30745408,-0.6504732,-0.19256847,-0.081660695,0.085739985,-0.018991813,0.42150843,-0.13759944,0.5498869
rna_E18_5-S1#ACTTAACCTCCTACCA-1,-0.43265617,-0.53256595,0.64237195,0.81453586,-0.877381,0.1299503,0.24671365,1.7438227,-1.1315147,-0.60327643
rna_E18_5-S1#ACTTAACCTCGGCCTT-1,-0.4564601,0.1462157,-0.60266805,-0.4540626,-0.6601193,0.1649768,-0.22669598,2.2665021,0.4506816,-0.62837017
rna_E18_5-S1#ACTTAACCTCTGATAC-1,-0.44564304,-0.6336703,-0.039061762,1.901314,-0.5007127,0.9312762,-0.16043907,-0.6087867,-0.6661562,0.22187942
rna_E18_5-S1#ACTTAACCTGAGTCTG-1,2.0653872,-0.9849022,-0.12594625,0.5749051,-1.2985365,-0.46237218,1.6356524,-0.6094209,-0.8475817,0.052814722
rna_E18_5-S1#ACTTAACCTGCCGGCA-1,-0.046834577,-0.45087796,-0.09430974,0.73646456,0.12593393,0.028621927,-0.916978,-0.21841091,-0.4819454,1.3183361
rna_E18_5-S1#ACTTAACCTGCGGACC-1,-0.33786163,-0.6313871,-0.7443307,0.87613904,1.296411,-1.0533329,-0.62846106,0.3110762,-0.7808842,1.6926316
rna_E18_5-S1#ACTTAACCTGGTCAGC-1,-0.6760784,-0.42011675,0.5935044,2.1070938,-0.8464595,-0.74799883,-0.26784083,-0.6826039,-0.35916957,1.2996693
rna_E18_5-S1#ACTTAACCTTACCGAG-1,2.8408756,-0.65102905,-0.40546662,-0.088826075,-0.684592,-0.8924608,0.39886042,-0.91866684,-0.8402706,1.2415762
rna_E18_5-S1#ACTTAACCTTATCCGG-1,-0.9413623,-0.38590336,0.14094494,1.4196452,-0.8310368,0.30038255,-0.3526194,-0.69526666,-0.24022119,1.585437
rna_E18_5-S1#ACTTAACCTTATTCAT-1,-0.0030648336,-0.46718645,-0.18281732,-0.41870534,0.29524246,-0.3939494,-0.16004677,0.2667482,-0.56172913,1.6255087
rna_E18_5-S1#ACTTAACCTTGACTTC-1,-0.9459652,0.13388069,0.16102973,-0.58416176,-0.48658025,0.46985954,-0.3876392,2.243494,-0.11773865,-0.48617896
rna_E18_5-S1#AGAACGTCAACCTGCG-1,-0.7011084,-0.18798378,1.1256821,1.9015374,0.10403528,-0.002408755,-0.3588773,-0.9066149,-0.5541294,-0.420132
rna_E18_5-S1#AGAACGTCAAGAAGCT-1,-0.74583966,-0.5919303,0.50881404,1.4250034,-1.0740079,0.08037835,0.078629375,-0.20696624,-0.555106,1.081025
rna_E18_5-S1#AGAACGTCAATTAAGA-1,-0.36444724,0.07846508,-0.6839946,-0.57609874,0.17166486,1.7926719,0.20391026,0.12007384,-0.33671394,-0.40553138
rna_E18_5-S1#AGAACGTCACGGAGGC-1,-0.91021705,2.6577306,-0.2532243,-0.19431053,-0.32346934,-0.38208365,-1.2017299,0.81713223,-0.05850798,-0.1513201
rna_E18_5-S1#AGAACGTCACTATGCA-1,-0.6092745,-0.60433006,0.08717243,1.2746552,0.008238952,-0.34353796,0.100571804,0.1536002,-0.71382046,0.64672434
rna_E18_5-S1#AGAACGTCACTCAATA-1,-0.8759989,-0.24698463,-0.63387084,-0.1701999,-0.09344892,1.5927372,-0.3495197,0.9339681,-0.2948058,0.13812345
rna_E18_5-S1#AGAACGTCAGAACGTC-1,-1.2036624,1.3712685,0.071033835,-0.6077481,-0.82129574,-0.0036697984,0.25936487,1.8639486,-0.18848439,-0.74075496
rna_E18_5-S1#AGAACGTCAGAGAAGG-1,-0.8797796,-0.48029947,1.6525661,1.7006073,0.26908162,-0.6483454,0.06679144,-1.2831455,-0.80839413,0.4109179
rna_E18_5-S1#AGAACGTCAGAGCTAT-1,-0.6990401,-0.16901958,-0.37019417,-0.5614165,-0.22007993,0.22670835,-0.34580094,2.2658436,0.312473,-0.43947378
rna_E18_5-S1#AGAACGTCATCATATT-1,-0.91686827,-0.27675202,0.09551274,2.0473764,0.38393727,-0.8732389,-0.11780829,-0.8365831,-0.75891644,1.2533406
rna_E18_5-S1#AGAACGTCCATACTCC-1,-0.83651406,-0.54560083,2.8349187,2.0514255,0.057070382,-0.5168592,-0.9986575,-1.053365,-0.5238413,-0.4685766
rna_E18_5-S1#AGAACGTCCCGAGAAT-1,-0.3498424,-0.2275214,-0.90272784,-0.23875731,0.48653668,1.921588,-0.3132901,1.1496966,-0.62865263,-0.89702934
rna_E18_5-S1#AGAACGTCCGACGCGA-1,0.08592184,-0.7165351,0.07431835,1.6499215,0.6168188,-0.1731947,-0.8141924,-1.0886229,-0.96226376,1.3278285
rna_E18_5-S1#AGAACGTCCTAAGAGA-1,-0.8462174,0.10935083,-0.8497311,-0.43864062,0.11521557,1.7088401,-0.16980046,1.054894,-0.38885042,-0.29506058
rna_E18_5-S1#AGAACGTCCTGATGGT-1,1.2731553,-0.59452444,-0.81114435,1.2562752,1.0474248,0.19815502,-0.5605082,-0.15229687,-0.48525843,-1.171278
rna_E18_5-S1#AGAACGTCCTTGCGCC-1,-0.5619259,-0.28520107,-0.4125207,-0.4300862,-0.43633997,-0.17028558,0.74074614,2.7128701,-0.71054727,-0.44670928
rna_E18_5-S1#AGAACGTCGAAGATCG-1,-0.52168995,-0.41533732,0.12245855,1.7289684,-1.0394013,-0.070826575,-0.25368643,-0.22167362,-0.30063432,0.9718226
rna_E18_5-S1#AGAACGTCGACCTTGA-1,-1.185015,-0.83901083,-0.5477571,-0.05546938,-0.97443026,0.44770488,0.5044882,2.9502308,0.33389053,-0.6346315
rna_E18_5-S1#AGAACGTCGATACGGA-1,-0.4278697,-0.3375261,-0.41050246,1.927972,-0.09743913,0.5866672,-0.32696956,-0.27393645,-0.5400497,-0.10034606
rna_E18_5-S1#AGAACGTCGATCTTAC-1,-0.29202098,-0.63476634,-0.9165706,-0.3818825,0.619011,1.5869421,0.36693838,0.8124418,-0.33202332,-0.8280696
rna_E18_5-S1#AGAACGTCGCAGGTCC-1,-0.8739538,-0.672367,3.1152139,0.21634048,-0.5473794,-0.91101766,-0.5956433,1.5701809,-0.5569773,-0.7443968
rna_E18_5-S1#AGAACGTCGCCATTCT-1,-0.31014866,-0.029762127,-1.0431743,-0.4824612,-0.5760742,1.2843778,0.28795645,1.8975012,-0.18242125,-0.84579366
rna_E18_5-S1#AGAACGTCGCCGCAAC-1,-0.70923185,0.40340102,-0.68410355,-0.31049937,-0.06940827,1.8557975,-0.4121778,-0.4857272,-0.33669585,0.74864525
rna_E18_5-S1#AGAACGTCGCGTTGGA-1,-0.6678023,-0.6837256,-0.7912075,-0.50308704,0.25509465,1.6984966,-0.05080813,1.5934078,-0.1370193,-0.713349
rna_E18_5-S1#AGAACGTCGCTAACTT-1,-0.8938531,-0.49816787,0.6490966,1.2966249,0.63367516,0.20537186,-0.25449938,0.42327923,-0.72922045,-0.8323069
rna_E18_5-S1#AGAACGTCGGTACTGC-1,-1.2184494,0.3869617,-0.3943077,-0.5307741,-0.4179812,0.36711213,-0.49552864,2.45566,-0.17158878,0.018895824
rna_E18_5-S1#AGAACGTCGGTATGCT-1,-0.8503872,-0.49452803,-0.1748174,1.7003855,0.07219535,0.58225083,-0.3771058,-0.26971924,-0.9461843,0.7579104
rna_E18_5-S1#AGAACGTCTAGAATTA-1,-0.8698298,0.43605033,-0.962239,-0.6906297,-0.5990933,0.83789915,0.32576653,1.837941,0.46520007,-0.78106505
rna_E18_5-S1#AGAACGTCTAGAGTAA-1,-1.0583227,-0.075386,-0.3487672,0.6586841,-0.22034171,0.017985359,0.043258004,1.9144756,-0.33615997,-0.59542537
rna_E18_5-S1#AGAACGTCTAGATCTA-1,0.98041975,-0.8387143,-1.3385364,-0.008736759,1.2688714,0.4394439,-0.46106362,-0.113472976,-0.9897156,1.0615045
rna_E18_5-S1#AGAACGTCTCCGGCCT-1,-0.5447524,-0.30889547,0.17856789,1.7569115,-0.69669896,0.67778164,-0.34265715,-0.0029330328,-0.38674247,-0.33058155
rna_E18_5-S1#AGAACGTCTCCTACCA-1,-0.6059859,-0.5679818,-0.42869255,0.47411594,-0.47716045,1.6738816,-0.046424165,0.7868494,-0.3247018,-0.48390037
rna_E18_5-S1#AGAACGTCTCGGCCTT-1,-1.0568209,0.7989329,-0.82650715,0.1307134,-0.65326774,0.034830987,-0.45851585,1.2999823,1.0826449,-0.35199302
rna_E18_5-S1#AGAACGTCTCTGATAC-1,-0.37043077,-0.25980884,0.67117757,2.0478048,-0.8075055,0.1827996,-0.39191777,-0.6245141,-0.40962687,-0.03797798
rna_E18_5-S1#AGAACGTCTGAGTCTG-1,0.104219586,-0.27022636,-0.9096926,0.92853594,1.0344495,0.64813536,-0.46457845,-0.5535084,-0.7686951,0.25136065
rna_E18_5-S1#AGAACGTCTGCCGGCA-1,-0.67297906,1.4400926,-0.28561178,-0.086436704,-0.247534,-0.24859315,0.04363574,0.58198696,-0.27809322,-0.24646735
rna_E18_5-S1#AGAACGTCTGCGGACC-1,-1.198697,0.9409862,-0.89144915,-0.13565086,0.18025744,1.3921542,-1.0345945,0.28927654,-0.24999832,0.7077155
rna_E18_5-S1#AGAACGTCTGGTCAGC-1,-0.12542231,0.0429596,-0.31006268,1.5133684,-1.3500896,0.40938827,-0.5824497,-0.19540632,0.071638584,0.5260757
rna_E18_5-S1#AGAACGTCTTACCGAG-1,-1.0349991,-0.9888026,0.1503034,1.2787817,0.10029009,-0.29994848,-0.78630584,0.74508274,-0.8142656,1.649864
rna_E18_5-S1#AGAACGTCTTATCCGG-1,-0.47502598,-0.78728086,1.6469579,1.8424311,-0.3724559,-0.73524374,0.27078262,-1.4058235,-0.8106259,0.82628417
rna_E18_5-S1#AGAACGTCTTATTCAT-1,2.1114976,-1.1262927,-0.8680379,0.88566595,2.5662162,-0.9326145,-0.83667016,-0.91837096,-1.0008336,0.11944009
rna_E18_5-S1#AGAACGTCTTGACTTC-1,-0.6346172,-0.06288397,-0.44880608,-0.6211651,-0.30162337,0.7646814,0.6704605,1.725639,-0.09945876,-0.9922266
rna_E18_5-S1#AGAGAAGGAATTAAGA-1,1.4226048,-0.80913746,-0.8180498,-0.8912672,1.6301135,-0.0133461,-0.555055,-0.5274519,-0.6745689,1.2361579
rna_E18_5-S1#AGAGAAGGACCGCCAA-1,-0.6073537,-0.39927208,-0.24707228,-0.73573816,-0.6504128,0.41716096,-0.10685793,1.8429112,0.93565065,-0.44901612
rna_E18_5-S1#AGAGAAGGACGGAGGC-1,-0.021487512,-0.60806906,-0.45909023,-0.7582902,-0.3011894,0.5283239,1.0438815,2.4290142,-0.568972,-1.2841212
rna_E18_5-S1#AGAGAAGGACTCAATA-1,2.5699694,-1.1362325,-0.96511084,1.8194666,-1.7697144,0.022155002,1.9821867,-0.38122395,-0.48709443,-1.6544014
rna_E18_5-S1#AGAGAAGGACTTAACC-1,-1.2645342,-0.18770581,0.06889383,-0.7421609,0.031761218,0.107073486,-0.46063447,2.5533671,0.2013298,-0.30739018
rna_E18_5-S1#AGAGAAGGAGAACGTC-1,2.4439282,-0.661687,-1.1263452,1.7047906,-1.8996108,0.025900006,1.262588,0.43316966,-0.6284447,-1.5542889
rna_E18_5-S1#AGAGAAGGAGAGCTAT-1,2.6065838,-0.81967306,-0.7730156,1.5416048,-1.5030341,-0.2758748,1.2827785,-0.18031654,-0.83866364,-1.0403893
rna_E18_5-S1#AGAGAAGGATAAGGAG-1,-0.9167843,2.8152223,-0.89239943,0.10169327,-0.6799942,-0.18536203,-1.0155126,1.0730877,0.09624618,-0.39619675
rna_E18_5-S1#AGAGAAGGATCATATT-1,0.28581673,-0.93520033,0.7565246,-0.08578719,-0.54582584,-0.9860276,-0.19970487,2.327856,-0.120536864,-0.49711466
rna_E18_5-S1#AGAGAAGGCAACCGCT-1,-1.2019565,0.75462186,-0.94271255,-0.12684108,-0.39668554,-0.13848928,-0.47688174,1.8478827,1.1293488,-0.44828644
rna_E18_5-S1#AGAGAAGGCCAGTTCC-1,-0.9658943,-0.79905754,-0.14646068,-0.68921554,-1.1198307,0.9568987,0.9337543,2.197671,0.07173893,-0.4396043
rna_E18_5-S1#AGAGAAGGCCGAGAAT-1,2.7387433,-1.0649118,-1.2688726,1.8585355,-1.8879576,0.114515826,2.1318429,-0.35229522,-0.5152835,-1.7543168
rna_E18_5-S1#AGAGAAGGCCGATTCC-1,-0.80622435,0.32291374,-0.7103843,-0.48812827,-0.5644773,0.119415134,0.072318524,1.6386151,0.65754306,-0.24159132
rna_E18_5-S1#AGAGAAGGCGAACGCC-1,-0.85097146,-0.17243242,-0.24854934,-0.6686155,-0.41188622,0.37146896,-0.17223075,1.7509807,0.6054267,-0.20319065
rna_E18_5-S1#AGAGAAGGCTAAGAGA-1,2.741394,-0.5417917,-1.215936,1.8050852,-1.9475012,-0.5267358,2.2521396,-0.07968874,-0.9019284,-1.5850372
rna_E18_5-S1#AGAGAAGGCTGATGGT-1,2.8949265,-0.9981863,-1.0793923,2.295245,-1.9284714,-0.6689348,2.084384,-0.09093214,-0.6575876,-1.851051
rna_E18_5-S1#AGAGAAGGCTTGCGCC-1,2.6438746,-0.39650828,-0.6557734,1.5081347,-1.6728464,-0.0967597,0.8599518,0.5343022,-1.1454824,-1.5788928
rna_E18_5-S1#AGAGAAGGGACCTTGA-1,-0.9459189,2.6725128,-0.9542043,-0.5573149,-1.0853933,-0.32658294,-0.07845474,1.8198314,0.52261055,-1.0670856
rna_E18_5-S1#AGAGAAGGGATCTTAC-1,3.3532288,-1.0950158,-0.14808257,2.1268702,-1.8475758,-1.0280511,1.482067,-0.5098741,-0.90151924,-1.432047
rna_E18_5-S1#AGAGAAGGGCAGGTCC-1,-0.909539,2.3100774,-0.6046391,-0.08293967,-0.4706496,-0.26138186,-0.55369323,0.5110736,0.40907347,-0.34738213
rna_E18_5-S1#AGAGAAGGGCCATTCT-1,1.900954,-0.58372027,-0.9538198,1.7968688,-1.3909092,-0.41101113,1.3753265,0.2961541,-0.51691735,-1.5129259
rna_E18_5-S1#AGAGAAGGGCCGCAAC-1,3.2185657,-1.1038855,-0.86765087,2.024844,-1.8391551,-0.69591105,2.113795,-0.51668155,-0.7383009,-1.5956194
rna_E18_5-S1#AGAGAAGGGCGTTGGA-1,3.260442,-1.1470859,-0.48152852,2.2293081,-1.7126944,-0.8911475,2.0419495,-0.8018176,-1.0876725,-1.4097531
rna_E18_5-S1#AGAGAAGGGGCTGAGC-1,-0.8856396,2.381988,-0.6999186,-0.101921245,-0.60749006,-0.40936887,-0.7585739,0.9507133,0.24424809,-0.11403743
rna_E18_5-S1#AGAGAAGGGGTACTGC-1,-1.2845321,-0.5170388,1.0761797,1.2780817,-0.77503586,0.23892367,-0.7084396,1.2608724,0.1592657,-0.7282767
rna_E18_5-S1#AGAGAAGGTAGAATTA-1,1.2795728,-0.6923621,-0.48930806,1.2924647,-1.2481003,0.2935433,0.88253415,0.58027154,-0.7319529,-1.1666629
rna_E18_5-S1#AGAGAAGGTAGAGTAA-1,-0.99808335,2.2146294,-0.9901844,-0.2992507,-0.9013045,1.2794673,-0.91312706,1.4580665,-0.13677119,-0.7134422
rna_E18_5-S1#AGAGAAGGTAGATCTA-1,0.61155295,-0.6606934,-0.096778356,-0.21705416,0.57395977,-0.45387307,0.30860296,1.8034611,-0.47109666,-1.3980811
rna_E18_5-S1#AGAGAAGGTCCTACCA-1,2.8272467,-0.98213124,-0.8610684,1.9871322,-2.1313663,-0.5093025,1.6980131,0.3945336,-0.97285545,-1.4502017
rna_E18_5-S1#AGAGAAGGTCGGCCTT-1,2.2525141,-0.97827923,0.67526937,0.95496947,-1.3281823,-0.91592467,0.20731361,0.2182618,-0.52605325,-0.55988884
rna_E18_5-S1#AGAGAAGGTGAGTCTG-1,3.1413877,-0.8164052,-1.1605774,1.9180309,-1.5390486,-0.924679,1.491947,-0.07585426,-0.5399041,-1.4948974
rna_E18_5-S1#AGAGAAGGTGCCGGCA-1,-0.22599515,0.9144212,-0.38620248,0.5276839,-0.13516593,0.08698558,-0.3993195,0.016684249,0.10497741,-0.5040691
rna_E18_5-S1#AGAGAAGGTGCGGACC-1,2.6241822,-0.46289277,-0.81148285,1.1221211,0.4498429,-0.6963732,-0.5192348,0.33935097,-0.4728995,-1.572614
rna_E18_5-S1#AGAGAAGGTTACCGAG-1,2.4668958,-0.7638204,-0.49817932,1.8636245,0.080885366,0.031513765,-0.4727296,-0.8384604,-0.67459005,-1.19514
rna_E18_5-S1#AGAGAAGGTTATTCAT-1,2.5020227,-0.8243438,-0.78446376,-0.34459108,0.5592121,-1.028512,1.0002862,-1.4568332,-0.5311374,0.9083601
rna_E18_5-S1#AGAGAAGGTTGACTTC-1,1.9327109,-0.3949634,-0.702296,0.81790805,-1.444725,-0.7435876,2.2650285,-0.043348446,-0.39002183,-1.2967048
rna_E18_5-S1#AGAGCTATAACCTGCG-1,-1.1510954,-0.18605699,0.73625505,1.0762758,0.5726507,0.09068349,-0.20009005,-0.81184095,-0.66129667,0.5345151
rna_E18_5-S1#AGAGCTATAAGAAGCT-1,-0.318081,-0.46972552,0.1711529,2.1017787,-0.442248,0.23816153,-0.55013776,-0.3608201,-0.51695055,0.14686978
rna_E18_5-S1#AGAGCTATAATTAAGA-1,-0.9926731,-0.54522455,1.6154068,1.9142061,0.85793835,-0.5488624,-0.57128,-1.2183168,-0.78743243,0.27623832
rna_E18_5-S1#AGAGCTATACGGAGGC-1,-0.27086237,-0.57247084,0.53585935,2.1810334,-0.13097863,-0.18518373,-0.40566793,-1.0417613,-0.5764512,0.4664832
rna_E18_5-S1#AGAGCTATACTATGCA-1,-0.8533885,-0.5457135,0.9166053,1.974208,0.466155,-0.33950934,-0.41136566,-0.97641104,-0.7471498,0.5165696
rna_E18_5-S1#AGAGCTATACTCAATA-1,0.18936205,-0.30959392,-0.7462749,0.41675723,0.98385024,0.59307265,-0.41313925,0.3629651,-0.354631,-0.7223681
rna_E18_5-S1#AGAGCTATACTTAACC-1,-1.0128314,-0.606936,-0.5901826,-0.42593566,-0.9948872,0.9531521,-0.13569355,2.4485433,0.67845607,-0.31368536
rna_E18_5-S1#AGAGCTATAGAACGTC-1,-0.7249504,1.9647563,-0.70745987,-0.23749092,-0.37622002,0.3512401,-0.27400127,0.79939705,-0.35551405,-0.43975687
rna_E18_5-S1#AGAGCTATAGAGAAGG-1,-1.0730492,-0.34635946,0.27958703,2.2290862,-0.245616,-0.600395,-0.05617146,-0.9579904,-0.60364926,1.3745574
rna_E18_5-S1#AGAGCTATAGAGCTAT-1,-0.2362327,0.016866323,-0.9278592,-0.6426965,-0.69524837,1.432983,-0.015049003,1.9480932,-0.1476658,-0.733191
rna_E18_5-S1#AGAGCTATATCATATT-1,-0.53706115,-0.60923946,0.2973085,1.6225684,0.2674204,0.08538717,-0.41846102,-0.5228143,-0.6879813,0.50287277
rna_E18_5-S1#AGAGCTATCAACCGCT-1,-1.0520742,0.04639688,-1.1463923,-1.0235517,-1.0304472,0.121610135,1.1357653,2.0840979,1.9886639,-1.1240684
rna_E18_5-S1#AGAGCTATCATACTCC-1,-0.55950093,-0.640422,0.3414375,1.4754393,-0.33320853,0.03033179,-0.078253776,-0.5538163,-0.7005949,1.0185876
rna_E18_5-S1#AGAGCTATCCAGTTCC-1,-0.6099393,-0.5614785,-0.115148,-0.39539567,-0.91399807,0.68972015,1.174877,2.2289011,-0.64488125,-0.8526574
rna_E18_5-S1#AGAGCTATCCGAGAAT-1,0.79787135,-0.8474976,-0.793198,0.8198018,1.4904027,-0.5484164,-0.8163413,0.43790025,-0.42851385,-0.11200923
rna_E18_5-S1#AGAGCTATCGACGCGA-1,-0.7463883,-0.50634676,0.3801704,2.1326487,-0.63341355,0.17827728,-0.19474687,-0.67158157,-0.43047583,0.49185634
rna_E18_5-S1#AGAGCTATCTAAGAGA-1,-0.62258416,-0.61437136,-1.2224107,-0.10640429,0.028185267,0.62052196,-0.71935487,1.9194328,0.794986,-0.07800031
rna_E18_5-S1#AGAGCTATCTGATGGT-1,0.47665754,-1.1384761,0.2571233,0.7359628,1.4761347,-1.0497873,-0.9896407,-0.61977386,-1.0185131,1.8703127
rna_E18_5-S1#AGAGCTATCTTGCGCC-1,-0.6228669,0.6341825,-0.42789578,0.56386244,-0.1022159,0.40317327,-0.31905007,1.1537055,-0.6254323,-0.6574626
rna_E18_5-S1#AGAGCTATGAAGATCG-1,-0.40572622,-0.65185124,0.51997274,2.0084708,-0.99670595,0.38797536,-0.11509667,-0.8918058,-0.5839143,0.7286811
rna_E18_5-S1#AGAGCTATGACCTTGA-1,-0.885298,0.1302194,-0.71246237,-0.5429765,-0.8146472,0.8602681,0.030157566,1.8727359,0.2583818,-0.19637904
rna_E18_5-S1#AGAGCTATGATACGGA-1,-0.22311191,-0.5828223,0.024058446,1.6450902,-0.27672407,0.22533014,-0.6097281,-0.41992068,-0.4783492,0.69617724
rna_E18_5-S1#AGAGCTATGATCTTAC-1,1.0381271,-0.4481903,-0.5577745,0.6116623,0.21839797,0.31030834,-0.32798752,0.15793124,-0.48775297,-0.5147215
rna_E18_5-S1#AGAGCTATGCAGGTCC-1,-0.64578956,0.29841337,0.13159159,-0.88822967,-0.4905878,0.24143726,0.015866539,1.6956007,0.18648148,-0.544784
rna_E18_5-S1#AGAGCTATGCCATTCT-1,-0.6910588,-0.19610034,-0.6952418,-0.27886826,-0.34713155,2.0413754,-0.35665318,1.6388502,-0.37785798,-0.7373136
rna_E18_5-S1#AGAGCTATGCCGCAAC-1,-0.5408404,-0.9089655,-0.05542548,2.214359,0.71127975,1.118407,-0.7367624,-1.1883328,-1.135026,0.5213066
rna_E18_5-S1#AGAGCTATGCGTTGGA-1,1.0729353,-0.8297832,-0.046366826,-0.17019111,1.9289864,-0.5632032,-0.57732904,-0.21490023,-0.62340415,0.023255832
rna_E18_5-S1#AGAGCTATGCTAACTT-1,-1.056245,-0.39406005,0.58889467,1.8838673,0.21682024,-0.3602068,-0.30216545,-0.37681702,-0.6494108,0.44932285
rna_E18_5-S1#AGAGCTATGGTACTGC-1,-0.84239435,0.50303924,-0.6594007,0.18418407,-0.7557724,0.14530918,0.32136437,1.4457523,0.26740164,-0.60948324
rna_E18_5-S1#AGAGCTATGGTATGCT-1,-1.1900715,-0.3807927,0.81694895,1.615721,0.5859012,-0.04788335,0.16737574,-1.346915,-0.67251503,0.45223066
rna_E18_5-S1#AGAGCTATTAGAATTA-1,-0.8248391,0.18684158,-0.49910828,-0.1918965,-0.45652512,0.5937586,0.5402012,1.0419878,-0.15083799,-0.23958221
rna_E18_5-S1#AGAGCTATTAGAGTAA-1,-0.88793576,0.86475235,-1.1484061,-0.9539374,-0.54874444,0.7969742,-0.21007971,1.6761357,0.7908024,-0.3795613
rna_E18_5-S1#AGAGCTATTAGATCTA-1,-0.6605786,-0.50467074,0.7245256,1.854853,0.49688032,-0.333938,-0.07601382,-0.9609691,-0.73034024,0.19025132
rna_E18_5-S1#AGAGCTATTCCGGCCT-1,-0.83900505,-0.5404313,0.22277083,2.0102773,-1.0812663,0.42577425,-0.0032045022,-0.1171466,-0.3460647,0.26829612
rna_E18_5-S1#AGAGCTATTCCTACCA-1,0.058941983,0.20248824,-1.4228561,-0.06379132,-0.0318603,0.8462218,-0.12439516,0.9997926,-0.131374,-0.33316767
rna_E18_5-S1#AGAGCTATTCGGCCTT-1,-0.5817988,-0.043087065,-0.95734656,-0.38682246,0.62549317,1.7363936,0.06377508,0.9059391,-0.9150206,-0.44752583
rna_E18_5-S1#AGAGCTATTCTGATAC-1,-1.199932,-0.4754733,0.98555565,2.0890388,-0.56261516,0.29725966,-0.5189901,-0.72137743,-0.5592294,0.66576314
rna_E18_5-S1#AGAGCTATTGAGTCTG-1,-0.42067093,-0.4200319,-0.50221294,1.7494016,1.1121889,-0.36395058,-0.4121216,-0.7287761,-0.65479475,0.64096826
rna_E18_5-S1#AGAGCTATTGCCGGCA-1,-1.2061801,-0.70352167,0.28703195,1.5322018,-0.3772469,-0.012854546,0.12520479,-0.39333695,-0.9135214,1.6622232
rna_E18_5-S1#AGAGCTATTGCGGACC-1,-0.2240574,-0.6943702,0.6089699,1.6735,0.048926562,0.072261326,-0.48916763,-0.8964883,-0.5628226,0.46324843
rna_E18_5-S1#AGAGCTATTGGTCAGC-1,-1.0508819,-0.59205884,0.35679618,2.1799219,-0.2745836,0.16119216,-0.28340507,-0.74442357,-0.6597765,0.90721935
rna_E18_5-S1#AGAGCTATTTACCGAG-1,-0.35195503,-0.42411035,0.3647905,1.4899737,0.12824997,0.31036833,-0.057455614,-0.76751786,-0.5221701,-0.17017356
rna_E18_5-S1#AGAGCTATTTATCCGG-1,-0.6015555,-0.548818,1.4180958,1.9361259,-0.4358376,-0.20566964,-0.09354419,-0.71526223,-0.6316456,-0.121888824
rna_E18_5-S1#AGAGCTATTTATTCAT-1,-0.21845818,-0.73957413,1.6624081,1.6144009,0.35061154,-0.92297655,-0.35720265,-1.3198538,-1.026144,0.9567886
rna_E18_5-S1#AGAGCTATTTGACTTC-1,-0.8626001,0.41730946,-0.7343469,-0.55108416,-0.628826,0.70938724,-0.0019323342,1.9136871,-0.1242337,-0.13736038
rna_E18_5-S1#ATAAGGAGAACCTGCG-1,-0.67878324,-0.61506987,-0.33093715,-0.0951585,-0.23572169,0.29610917,-0.0803923,2.0846727,-0.009712461,-0.33500668
rna_E18_5-S1#ATAAGGAGAAGAAGCT-1,-0.7431046,-0.91510475,-0.49298146,1.0359882,0.46883556,0.070179075,-0.74615836,0.07728158,-0.82659674,2.0716615
rna_E18_5-S1#ATAAGGAGAATTAAGA-1,-0.45351565,-0.44370827,-0.78330225,0.9606467,-0.23786026,0.46427613,-0.4554744,0.41467217,-0.63832307,1.172589
rna_E18_5-S1#ATAAGGAGACGGAGGC-1,-0.50644374,-0.6245392,-0.35887244,1.210648,-0.5139491,0.080712885,-0.4628377,-0.054073125,-0.42023742,1.6495917
rna_E18_5-S1#ATAAGGAGACTATGCA-1,0.11994988,-0.39506906,-0.3816014,0.6415419,0.42143,-0.3170749,-0.05930911,-0.9228181,-0.891647,1.7845979
rna_E18_5-S1#ATAAGGAGACTCAATA-1,-0.8789617,0.21303871,-0.51247615,-0.50531626,-0.59244204,0.07125026,-0.25061357,2.58492,0.20237435,-0.3317736
rna_E18_5-S1#ATAAGGAGAGAGAAGG-1,-3.4086406e-05,-0.52298707,-0.23341721,1.3772432,0.19037245,-0.20250219,-0.037360683,-0.9529668,-0.774156,1.1558084
rna_E18_5-S1#ATAAGGAGAGAGCTAT-1,-0.7871518,1.1927265,-1.0394148,-0.5529914,-0.57007915,-0.207944,-0.46865898,1.7641798,0.8618903,-0.19255641
rna_E18_5-S1#ATAAGGAGATCATATT-1,-1.0631974,-0.4034484,1.1881223,1.8927264,0.4225124,-0.04367604,-0.35783216,-1.1744328,-0.6353844,0.17460996
rna_E18_5-S1#ATAAGGAGCATACTCC-1,-0.8230489,-0.59347147,0.94006723,1.0018628,0.70124954,-0.8200738,-0.22671704,-0.7510658,-0.9053599,1.4765574
rna_E18_5-S1#ATAAGGAGCCGAGAAT-1,0.171828,-0.46913072,-0.0789897,0.18483046,0.2527168,-0.826453,-0.29179078,2.032634,-0.5335423,-0.44210288
rna_E18_5-S1#ATAAGGAGCGACGCGA-1,-0.14740165,-1.0412596,-1.1625763,0.79133457,1.2057391,-0.6336327,-1.3562455,0.62679195,-0.9449507,2.662201
rna_E18_5-S1#ATAAGGAGCTAAGAGA-1,-0.6183479,0.53666115,-0.94880027,-0.44748825,-0.56263965,0.567773,-0.2747973,2.0127401,-0.29929882,0.03419814
rna_E18_5-S1#ATAAGGAGCTGATGGT-1,-1.0989574,1.2232367,-0.5523383,-0.5771445,-0.20429662,-0.410949,-0.46717498,0.91524005,0.7106741,0.46170983
rna_E18_5-S1#ATAAGGAGCTTGCGCC-1,-0.865155,2.1422505,-0.9497472,-0.011671029,-0.49304113,0.5185276,-0.76327544,1.2148906,-0.17297627,-0.6198026
rna_E18_5-S1#ATAAGGAGGAAGATCG-1,-0.8016661,-0.4453593,0.28958052,1.2345463,0.37321177,-0.27378568,-0.44924754,-0.53554314,-0.51787764,1.1261408
rna_E18_5-S1#ATAAGGAGGATACGGA-1,1.5142213,-0.8443218,-0.31815252,1.3077562,-0.15114003,-0.689324,-0.24606378,-0.5592065,-1.107858,1.094089
rna_E18_5-S1#ATAAGGAGGATCTTAC-1,0.32608828,-0.67988944,1.2380757,-0.37301528,-0.18234418,-0.93394923,-0.23001228,1.4920377,-0.11775227,-0.539239
rna_E18_5-S1#ATAAGGAGGCCATTCT-1,-0.5692409,1.5530653,-1.0526729,0.06555459,0.17905386,-0.7863808,-1.2921381,1.6046281,0.00072428584,0.29740655
rna_E18_5-S1#ATAAGGAGGCCGCAAC-1,-0.83675337,-0.5240316,0.29253405,1.8018451,-0.17109436,-0.1936999,-0.30271196,-0.6432728,-0.5695114,1.1466962
rna_E18_5-S1#ATAAGGAGGCGTTGGA-1,2.8807425,-0.6222569,-0.32042432,0.09748835,-1.0251768,-0.4302296,0.5194567,-0.11680618,-0.32507703,-0.65771693
rna_E18_5-S1#ATAAGGAGGCTAACTT-1,-0.47276658,-0.42383355,-0.14198576,0.8610303,0.73459685,-0.13708358,-0.5043058,-0.7912445,-0.78034985,1.6559424
rna_E18_5-S1#ATAAGGAGGGTACTGC-1,-0.69929785,1.590928,-0.73986095,-0.1754494,0.094445124,-0.48979205,-1.0579481,0.83456963,0.013135016,0.6292707
rna_E18_5-S1#ATAAGGAGGGTATGCT-1,0.023790382,-0.36359796,-0.35379744,-0.025376424,-0.22522128,0.28890818,-0.5953203,0.45893976,-0.18702343,0.97869843
rna_E18_5-S1#ATAAGGAGTAGAATTA-1,0.38004613,0.12671976,-0.84809846,-0.2860465,0.35400268,0.0788689,-0.37648648,1.0639725,0.0781854,-0.57116383
rna_E18_5-S1#ATAAGGAGTAGATCTA-1,-0.70948327,-0.108358994,-0.3389333,0.3409228,0.87196183,-0.4253785,-0.7509925,1.0055838,-0.063710645,0.17838861
rna_E18_5-S1#ATAAGGAGTCCGGCCT-1,-0.20497005,-0.66663307,0.12850821,0.53556687,0.84763134,0.16637555,-0.9035683,-1.0254996,-0.74143136,1.8640205
rna_E18_5-S1#ATAAGGAGTCCTACCA-1,-0.9150606,-0.023801446,-0.4439746,-0.40589774,-0.4431942,0.46845466,0.22021952,1.5349394,0.23401792,-0.22570305
rna_E18_5-S1#ATAAGGAGTCTGATAC-1,1.353774,-0.78934056,-0.43075326,1.7142496,0.5844523,-0.85737115,-0.2989134,-1.2448485,-0.9994252,0.9681761
rna_E18_5-S1#ATAAGGAGTGAGTCTG-1,-0.9717236,-0.25854114,0.52424884,1.5746008,-0.61039096,0.035013244,-0.15841775,-0.12702645,-0.50283504,0.4950721
rna_E18_5-S1#ATAAGGAGTGCCGGCA-1,-0.8515272,-0.6695437,-0.054538235,1.1598867,-0.01612293,-0.5639601,-0.22331707,-0.28110564,-0.53248,2.0327084
rna_E18_5-S1#ATAAGGAGTGCGGACC-1,-0.7387023,-0.5486912,0.26278898,1.7799162,-0.9092457,0.5441314,-0.15257052,-0.47778347,-0.44509718,0.68525386
rna_E18_5-S1#ATAAGGAGTGGTCAGC-1,-1.0615935,-0.58806634,0.10504486,1.828527,-0.35503733,0.3481424,-0.4971265,-0.5727481,-0.45836967,1.2512274
rna_E18_5-S1#ATAAGGAGTTACCGAG-1,-0.5213022,-0.66743034,1.1191252,1.6819876,-0.24458528,-0.22793412,-0.3042671,-1.2511646,-0.65618557,1.0717565
rna_E18_5-S1#ATAAGGAGTTATCCGG-1,-0.57471466,-0.46483037,-0.25588465,1.6576805,0.3047297,-0.13531,-0.54551065,-0.4800514,-0.6553516,1.149243
rna_E18_5-S1#ATAAGGAGTTATTCAT-1,-0.56911564,-0.48143503,0.4478212,0.39954677,0.013941628,-0.31812975,-0.39011288,0.40330794,-0.6221068,1.1162826
rna_E18_5-S1#ATAAGGAGTTGACTTC-1,0.4663716,-0.7669555,-0.3628318,0.07896152,0.4136887,0.6738198,-0.18047029,0.326119,-0.28014463,-0.36855832
rna_E18_5-S1#ATCATATTAAGAAGCT-1,-0.79999316,-0.33638975,-0.2844336,0.47365034,-0.57210654,1.3095015,-0.15438202,1.0310345,-0.66993773,0.0030565578
rna_E18_5-S1#ATCATATTAATTAAGA-1,3.2642133,-1.1073586,-0.653601,-2.0525606,3.125987,-1.1467834,-0.9641121,-1.6452953,-1.247984,2.4274945
rna_E18_5-S1#ATCATATTACCGCCAA-1,-0.86830074,-0.34922695,-0.54673725,-0.16778703,-0.662549,0.68793595,-0.14899,2.523655,0.093698606,-0.5616986
rna_E18_5-S1#ATCATATTACGGAGGC-1,1.3021183,-1.2919111,-0.8699749,-1.5893403,2.2461538,-1.4509121,-1.1511694,0.80790645,-1.2182425,3.2153718
rna_E18_5-S1#ATCATATTACTATGCA-1,1.857857,-0.58798754,-0.16110533,1.921321,-1.5603906,0.3069591,0.4198854,-0.67038,-0.49970564,-1.0264535
rna_E18_5-S1#ATCATATTACTCAATA-1,-0.2924658,-0.34856746,-0.09491653,1.804363,1.402333,0.05414118,-0.3784345,-0.88399816,-0.6904327,-0.57202196
rna_E18_5-S1#ATCATATTACTTAACC-1,-1.239564,0.48629105,-0.65428567,-0.011301428,-0.7075386,0.21816733,-0.59035057,1.3041692,1.5325634,-0.33815098
rna_E18_5-S1#ATCATATTAGAACGTC-1,0.2890291,-0.47611824,0.8859327,1.8034537,0.2936885,-0.33748388,-0.76527816,-0.28883216,-0.5888069,-0.8155845
rna_E18_5-S1#ATCATATTAGAGAAGG-1,-1.0190856,0.50914985,-0.39673078,1.0985861,-0.24678792,0.1677401,-0.6305795,-0.2962521,-0.36077908,1.1747389
rna_E18_5-S1#ATCATATTAGAGCTAT-1,-0.32459927,-0.49499962,-0.3495705,2.533679,2.3267317,-0.36486748,-0.49319166,-0.94509274,-0.70903736,-1.1790518
rna_E18_5-S1#ATCATATTATAAGGAG-1,-0.6343629,2.4176865,-0.8113309,-0.15331954,-0.7226744,-0.6740307,-0.94975394,1.1908078,0.7472167,-0.41023844
rna_E18_5-S1#ATCATATTATCATATT-1,3.1883855,-0.7549449,-0.9773464,0.07086665,1.2334152,-0.7045502,0.16558391,-0.74702847,-0.5735641,-0.9008171
rna_E18_5-S1#ATCATATTCAACCGCT-1,-1.1825143,-0.066818625,1.2282995,-0.67811257,-0.5353252,-0.34112757,-0.5814879,2.418083,-0.13487263,-0.12612362
rna_E18_5-S1#ATCATATTCATACTCC-1,-0.6489229,-0.043271627,-0.2603999,1.4762881,-0.14259392,0.06608197,-0.5776196,-0.018517083,-0.54764026,0.6965952
rna_E18_5-S1#ATCATATTCCAGTTCC-1,-0.664692,-0.21438843,-0.35448837,-0.64959943,-0.5752392,0.9481982,0.56151867,1.7007732,-0.18051039,-0.5715723
rna_E18_5-S1#ATCATATTCCGAGAAT-1,-0.42934927,-0.70635223,1.0757651,2.7309954,2.140259,-0.7762307,-0.4505431,-1.047204,-1.0272835,-1.5100567
rna_E18_5-S1#ATCATATTCCGATTCC-1,-0.66471463,0.00021858513,-0.78446454,-0.6411306,-1.0620679,1.1615473,-0.08099024,1.9341218,1.0645893,-0.9271092
rna_E18_5-S1#ATCATATTCGAACGCC-1,-0.6057543,0.0042176927,-0.4601798,-0.7880766,-0.49621484,0.25072548,-0.07491301,1.9148856,0.7176036,-0.46229383
rna_E18_5-S1#ATCATATTCGACGCGA-1,3.0645032,-0.856439,-0.69188434,1.8344969,-1.910994,-0.23700683,1.7457734,-0.89033145,-0.57852703,-1.4795907
rna_E18_5-S1#ATCATATTCTAAGAGA-1,-1.2108827,-0.49567172,1.1195579,1.9597447,0.93536836,-0.48507237,-0.41848615,-0.79978335,-0.5565407,-0.048233937
rna_E18_5-S1#ATCATATTCTGATGGT-1,0.12315735,-0.094156176,-0.32293236,1.87425,1.3243577,-0.37350538,-0.25960103,-0.8017372,-0.9316682,-0.5381649
rna_E18_5-S1#ATCATATTCTTGCGCC-1,-0.5881084,-0.50774086,-0.37122723,1.8357102,0.88401175,0.65542877,-0.5997242,-0.46913183,-0.6332836,-0.20593455
rna_E18_5-S1#ATCATATTGAAGATCG-1,2.9594944,-0.9317945,-0.36017466,1.488467,-1.8516926,0.19503401,0.22241597,-0.13801004,-0.7327096,-0.85103
rna_E18_5-S1#ATCATATTGACCTTGA-1,-1.1194072,-0.15422785,0.47385573,0.66163325,-0.7955268,0.025312692,-0.66544294,2.3407588,0.09686125,-0.8638171
rna_E18_5-S1#ATCATATTGATACGGA-1,2.969632,-1.2507839,0.6824961,2.4859378,-2.2492473,-0.9377905,1.9626799,-1.1747026,-0.94478685,-1.5434344
rna_E18_5-S1#ATCATATTGATCTTAC-1,-0.06441282,-0.3583676,-0.19700654,2.1101086,1.3279698,-0.2560133,-0.43516296,-0.83191514,-0.73917574,-0.5560243
rna_E18_5-S1#ATCATATTGCAGGTCC-1,-0.9353589,0.26458502,-0.55448,1.0936587,-0.92705226,0.9990362,-0.8211628,0.6951962,0.37857285,-0.19299501
rna_E18_5-S1#ATCATATTGCCATTCT-1,-0.9912619,-0.4599553,-0.03815758,1.7632052,0.5920127,1.055468,-0.40280956,-0.2772551,-0.70646495,-0.53478134
rna_E18_5-S1#ATCATATTGCCGCAAC-1,-0.24884103,-0.54832214,-0.2686888,2.1408954,1.7587274,-0.17523132,-0.38710338,-0.71446455,-0.676617,-0.88035446
rna_E18_5-S1#ATCATATTGCGTTGGA-1,-0.5114473,-0.73166525,-0.050458293,1.8106222,1.0631268,0.27664328,-0.42630804,-0.7154455,-0.73036826,0.01530046
rna_E18_5-S1#ATCATATTGGCTGAGC-1,-1.0669655,2.409752,-0.5993793,-0.21124713,-0.74052334,-0.4438272,-0.45088148,0.86154974,0.40209422,-0.16057184
rna_E18_5-S1#ATCATATTGGTACTGC-1,-0.6748124,-0.5361155,0.024636133,1.8860481,0.9172429,0.24673025,-0.44416744,-0.66102934,-0.65164024,-0.10689241
rna_E18_5-S1#ATCATATTTAGAATTA-1,-0.4514619,-0.5429428,-0.72756565,2.4258373,2.2627923,-0.53944904,-0.2258098,-0.5186874,-0.76280975,-0.919903
rna_E18_5-S1#ATCATATTTAGAGTAA-1,-1.1372252,-0.005694717,1.0638008,0.5148826,-0.983581,-0.36797273,-0.06479867,0.9993029,0.33365655,-0.35237098
rna_E18_5-S1#ATCATATTTAGATCTA-1,0.45594916,-1.0901561,-0.4889938,-1.3979425,3.0579057,-1.3547491,-0.8495444,0.4618841,-1.1268437,2.332491
rna_E18_5-S1#ATCATATTTCCGGCCT-1,-1.0411061,-0.24568136,0.043050557,-0.31361306,-0.5454285,0.31195462,-0.19215225,1.7741922,0.5835779,-0.374794
rna_E18_5-S1#ATCATATTTCCTACCA-1,-0.63997823,-0.10665112,-0.10196258,1.816406,1.126989,0.17122407,-0.31120354,-0.68485117,-0.76224864,-0.50772375
rna_E18_5-S1#ATCATATTTCGGCCTT-1,2.580231,-0.99448884,-0.7539717,0.42753053,-0.82805556,0.3357127,-0.16000079,0.62512875,-0.39354,-0.83854604
rna_E18_5-S1#ATCATATTTCTGATAC-1,2.9524076,-1.4842811,0.5901705,2.4244084,-2.1214767,-1.1324476,2.9177504,-1.274653,-1.033762,-1.8381163
rna_E18_5-S1#ATCATATTTGAGTCTG-1,-0.31123662,-0.79423827,-1.1354046,3.2336335,3.421194,-0.8095116,-0.62177473,-1.0740623,-0.8181367,-1.0904624
rna_E18_5-S1#ATCATATTTGCCGGCA-1,2.843804,-0.7895558,-0.9831167,-0.12790069,2.5022917,-1.0273879,-1.11955,-0.79146326,-0.8503696,0.34324813
rna_E18_5-S1#ATCATATTTGCGGACC-1,0.064980805,-0.6644086,-0.9777042,2.3568513,3.2314534,-0.8390328,-0.8069388,-0.7604179,-0.7194229,-0.8853603
rna_E18_5-S1#ATCATATTTGGTCAGC-1,2.9462833,-0.8953222,-1.0890164,2.2976503,-1.8710374,-0.3429728,1.4946727,-0.46614912,-0.70811015,-1.3659979
rna_E18_5-S1#ATCATATTTTACCGAG-1,3.4024599,-0.69870037,-1.3032111,1.7397165,1.5406121,-0.68979746,-1.1571841,-1.0917298,-0.59337586,-1.1487899
rna_E18_5-S1#ATCATATTTTATCCGG-1,2.8668516,-1.1158417,0.08946925,2.412167,-1.8854766,-0.7331331,1.7429519,-1.0504076,-0.84573305,-1.4808477
rna_E18_5-S1#ATCATATTTTATTCAT-1,3.5582352,-0.9892919,-0.44533694,-1.0642374,2.5545082,-1.2396117,-0.581162,-1.3886778,-1.2179726,0.8135473
rna_E18_5-S1#ATCATATTTTGACTTC-1,-0.5743354,-0.7734099,1.3699276,2.7287126,2.4460466,-0.8128058,-0.6147773,-1.2899667,-1.1349326,-1.3444594
rna_E18_5-S1#CAACCGCTAACCTGCG-1,-0.63179964,0.084761485,-0.75808334,-0.49050933,-0.7508138,0.53501844,0.049300462,1.1902905,1.1283214,-0.3564862
rna_E18_5-S1#CAACCGCTAAGAAGCT-1,-0.5250914,-0.49748018,-0.18823831,1.3116506,-0.23862028,0.0014063343,-0.46817222,-0.11376722,-0.61747605,1.3357887
rna_E18_5-S1#CAACCGCTAATTAAGA-1,-0.088945515,-0.758451,0.11370021,1.4353851,-0.7684823,-0.23982565,-0.23513964,-0.30107468,-0.5469208,1.3897543
rna_E18_5-S1#CAACCGCTACGGAGGC-1,-0.9768936,-0.7203566,0.07520282,1.5484583,-0.8771435,-0.41486326,-0.037130646,0.110719636,-0.3476021,1.6396089
rna_E18_5-S1#CAACCGCTACTATGCA-1,-1.1938413,-0.42163265,0.31991643,1.6918766,-0.30648836,0.2604142,-0.46010804,-0.3207926,-0.52957237,0.9602279
rna_E18_5-S1#CAACCGCTACTCAATA-1,-0.04328794,-0.6799389,-0.36315638,0.76244044,-1.0468562,1.1920813,-0.5574136,0.21168566,-0.6461116,1.1705573
rna_E18_5-S1#CAACCGCTAGAACGTC-1,-0.64158,0.061653495,-0.39960435,0.101047695,-0.19994219,0.17366672,-0.050315734,1.2684832,0.15697604,-0.47038487
rna_E18_5-S1#CAACCGCTAGAGAAGG-1,-0.76354265,-0.658705,0.2660041,1.7617866,-0.9952787,1.2633188,-0.2681895,-0.36930814,-0.76503766,0.52895224
rna_E18_5-S1#CAACCGCTAGAGCTAT-1,-1.0712445,1.6818398,-1.0610522,-0.3523353,-0.517387,0.7753433,0.035723876,1.257958,-0.24224728,-0.5065989
rna_E18_5-S1#CAACCGCTATCATATT-1,-0.41902056,-0.6160349,0.3584413,1.8092816,0.0495601,-0.8810691,-0.11000871,-1.1960411,-0.8973409,1.9022324
rna_E18_5-S1#CAACCGCTCATACTCC-1,-0.5129712,-0.26324144,0.113471664,0.46843535,-0.15212926,1.2163676,0.40495545,-0.65070313,-0.36304817,-0.2611368
rna_E18_5-S1#CAACCGCTCCGAGAAT-1,-1.0679642,-0.5060855,0.68274,1.7182149,-0.0154226795,-0.107026406,-0.32524127,-0.58559287,-0.64980197,0.85617995
rna_E18_5-S1#CAACCGCTCGACGCGA-1,-1.0391192,-0.46467713,0.75536424,1.8874274,-0.20415889,-0.38373676,-0.19197385,-0.57618964,-0.56761116,0.78467494
rna_E18_5-S1#CAACCGCTCTAAGAGA-1,-0.66106826,-0.4938519,-0.41363794,-0.17986089,-0.5383255,0.4856404,-0.28813297,1.6768587,0.38351053,0.02886792
rna_E18_5-S1#CAACCGCTCTGATGGT-1,-0.12040307,-0.3429557,-0.85643137,-0.004438378,-0.079220206,1.3241471,-0.56070673,1.2385632,-0.34260505,-0.25594962
rna_E18_5-S1#CAACCGCTCTTGCGCC-1,0.05408805,-0.61103547,-0.43124816,-0.8847121,-0.7514684,1.0608768,1.2544085,2.020124,-0.72112715,-0.989906
rna_E18_5-S1#CAACCGCTGAAGATCG-1,-0.8792822,-0.59121543,0.04385922,1.6279663,-0.16616376,-0.26088744,-0.5785848,-0.6977739,-0.7319494,2.2340312
rna_E18_5-S1#CAACCGCTGATACGGA-1,-0.56212676,-0.7505831,0.2508338,1.7309163,-0.8899063,-0.05920024,-0.3539259,-0.25660205,-0.41989732,1.3104914
rna_E18_5-S1#CAACCGCTGATCTTAC-1,0.2607289,-0.19092286,-0.7700809,-0.19154054,0.8024037,0.4686947,-0.35226616,0.30146685,-0.3199716,-0.008512028
rna_E18_5-S1#CAACCGCTGCAGGTCC-1,-0.7121742,-0.40024316,-0.61092997,-0.6644263,-0.89487565,0.6727225,-0.05731968,2.0609334,1.2549382,-0.64862514
rna_E18_5-S1#CAACCGCTGCCATTCT-1,-0.82992655,0.9023886,-0.6807617,0.37871733,-0.21635722,0.32921642,0.031898245,1.0962075,-0.5341764,-0.47720626
rna_E18_5-S1#CAACCGCTGCCGCAAC-1,-0.64291,-0.6354602,0.87481177,1.6129961,-0.65189713,0.14551671,0.00062552,-0.9873474,-0.6116366,0.89530087
rna_E18_5-S1#CAACCGCTGCGTTGGA-1,-0.13650675,-0.2749709,-0.22226955,-0.027558401,0.6028091,0.05735814,-0.15517707,0.18794623,-0.013288349,-0.018342495
rna_E18_5-S1#CAACCGCTGCTAACTT-1,-0.4674819,-0.63631,-0.019895263,1.3795505,-0.5027153,0.8520662,0.1338193,-0.5038764,-0.50231874,0.26716155
rna_E18_5-S1#CAACCGCTGGTACTGC-1,-0.7133645,0.08666198,-0.15372038,-0.064138226,0.01570429,-0.26103374,-0.1407215,1.7259421,-0.37916237,-0.11616767
rna_E18_5-S1#CAACCGCTGGTATGCT-1,0.0013515428,0.56907123,-1.0864756,-0.2597793,-0.34675354,1.3680354,-0.893326,0.53220177,-0.14366637,0.2593407
rna_E18_5-S1#CAACCGCTTAGAATTA-1,-0.53926045,0.13772865,-0.91351867,-0.42790616,-0.8001125,0.42646104,0.2574369,2.1575031,-0.032659933,-0.2656722
rna_E18_5-S1#CAACCGCTTAGATCTA-1,-0.7797636,-0.46832177,-0.11343475,1.2482812,-0.21808463,0.37548378,-0.16931948,-0.4892368,-0.6177118,1.2321078
rna_E18_5-S1#CAACCGCTTCCGGCCT-1,-0.7383219,2.226442,-1.3299496,-0.27498248,-0.34684414,1.0343294,-1.206356,0.6991433,-0.27938622,0.21592554
rna_E18_5-S1#CAACCGCTTCCTACCA-1,-0.50229543,-0.123524725,-0.34795552,0.23905718,-0.2088293,0.40621412,-0.30664694,1.0689858,-0.22996356,0.0049584135
rna_E18_5-S1#CAACCGCTTCGGCCTT-1,-0.019397043,-0.46967167,-1.0887529,0.26324826,-0.1768581,0.64909506,-0.5534328,1.1588485,0.16703273,0.069888115
rna_E18_5-S1#CAACCGCTTCTGATAC-1,-0.61778945,-0.66342145,0.71708137,1.8816599,-0.62545437,-0.30737346,-0.020978361,-0.9483821,-0.6829309,1.2675889
rna_E18_5-S1#CAACCGCTTGAGTCTG-1,-0.67379516,-0.5147702,0.26846603,1.5049022,-0.66052884,0.35174558,-0.23793873,-0.1423232,-0.47037217,0.57461464
rna_E18_5-S1#CAACCGCTTGCCGGCA-1,-0.7891132,-0.23282152,0.012925014,1.283745,-0.305086,0.41224337,0.0891013,-0.20030873,-0.6395618,0.3688764
rna_E18_5-S1#CAACCGCTTGCGGACC-1,-0.6837922,-0.48223335,0.49650988,1.5995631,-0.2984618,0.100488216,0.008646417,-0.8721793,-0.71540606,0.8468651
rna_E18_5-S1#CAACCGCTTGGTCAGC-1,-0.9176656,-0.46815386,0.8145743,1.6755003,-0.5452654,-0.36612415,-0.29358748,-0.6338373,-0.55760634,1.2921656
rna_E18_5-S1#CAACCGCTTTACCGAG-1,-0.33789775,-0.6252194,0.44413963,1.6425754,-0.276146,0.11606485,-0.25800425,-1.0823375,-0.5154637,0.8922888
rna_E18_5-S1#CAACCGCTTTATCCGG-1,-0.831019,-0.4051282,-0.10871507,2.1123185,-0.5091326,-0.036846414,-0.32862425,-0.70585805,-0.31420517,1.1272103
rna_E18_5-S1#CAACCGCTTTATTCAT-1,-1.2292081,0.042559255,1.8689755,0.17908938,-0.2083689,-1.6442769,0.11434844,0.33842206,-0.6433025,1.1817615
rna_E18_5-S1#CAACCGCTTTGACTTC-1,-0.54099756,-0.16483235,-0.077951014,0.2979227,-0.10497756,0.66797626,-0.6444911,1.4913435,-0.17934446,-0.7446485
rna_E18_5-S1#CATACTCCAATTAAGA-1,-0.019026548,-0.5778371,-1.0945644,-0.25644952,-0.63224924,1.2974433,0.23888218,2.340755,-0.33239836,-0.9645552
rna_E18_5-S1#CATACTCCACCGCCAA-1,-0.4626821,0.11555685,-0.51563174,-0.15241551,-1.0079302,-0.16018325,-0.056091312,1.6049608,0.74314374,-0.108727396
rna_E18_5-S1#CATACTCCACGGAGGC-1,-0.2700178,-0.17394462,-0.22654983,0.9784464,0.39589193,-0.15727568,-0.17619732,-0.62087244,-0.6937225,0.94424194
rna_E18_5-S1#CATACTCCACTCAATA-1,1.736728,-0.07554553,-0.0029564723,1.5955609,-1.765708,-0.8980433,1.8566054,-0.16401687,-0.9485502,-1.3340734
rna_E18_5-S1#CATACTCCACTTAACC-1,-0.50359523,1.4291792,-0.69147587,-0.34581536,-0.31825587,-0.25693545,-0.70275146,0.9989216,0.9106044,-0.519876
rna_E18_5-S1#CATACTCCAGAACGTC-1,-0.2599721,0.69633436,0.14969927,0.5167471,-0.4864152,0.5320648,-0.48003685,-0.04330168,-0.31052,-0.3145998
rna_E18_5-S1#CATACTCCAGAGCTAT-1,1.9389775,-0.5597628,-1.1377687,1.3443744,-1.4151108,-0.045767825,1.1636941,0.59850407,-0.4412564,-1.4458835
rna_E18_5-S1#CATACTCCATAAGGAG-1,-0.9449073,2.6988103,-0.76161814,-0.22760807,-0.6399679,-0.47104454,-0.739467,0.9357499,0.13642335,0.013629332
rna_E18_5-S1#CATACTCCCAACCGCT-1,-0.8335068,2.1499376,-0.73622406,-0.2665881,-0.53896105,-0.49233693,-0.85362405,1.4643619,0.7513191,-0.64437735
rna_E18_5-S1#CATACTCCCCAGTTCC-1,-0.9767666,-0.22055683,0.13751954,-1.1576093,-0.5182435,0.07814097,0.10525898,2.2112994,0.34592637,-0.0049691647
rna_E18_5-S1#CATACTCCCCGAGAAT-1,2.0786877,-0.43405253,-1.2793987,1.6387992,0.032178417,0.374402,-0.8607269,-0.2926463,-0.28555864,-0.9716841
rna_E18_5-S1#CATACTCCCCGATTCC-1,-0.8097773,0.7733522,-0.4799921,-0.31200504,-0.77705896,-0.13123721,-0.09673467,1.1104982,1.0631638,-0.34020853
rna_E18_5-S1#CATACTCCCGAACGCC-1,-0.6644839,-0.30553213,-0.40954506,-0.7277433,-0.44744077,0.24185608,0.10035221,1.8484297,0.7460793,-0.3819722
rna_E18_5-S1#CATACTCCCTAAGAGA-1,2.2161264,-0.5732702,-0.9391469,1.0905099,-1.8486439,-0.17772715,1.4469762,0.08222089,-0.31087357,-0.9861717
rna_E18_5-S1#CATACTCCCTGATGGT-1,3.1893044,-0.6713923,-0.79423976,2.341399,-1.0698656,-0.42101017,-0.42554834,-0.32433534,-0.45965478,-1.3646569
rna_E18_5-S1#CATACTCCCTTGCGCC-1,2.7317827,-0.47260812,-0.72111344,1.620854,-1.6403767,-0.5802019,0.2734519,0.22161865,-0.28068185,-1.1527251
rna_E18_5-S1#CATACTCCGACCTTGA-1,-0.9716253,0.9042901,-0.56529284,-0.89161944,-0.09010466,-0.33347967,-0.46909615,1.5744038,1.5899357,-0.7474116
rna_E18_5-S1#CATACTCCGATCTTAC-1,3.068607,-0.8170596,-0.91416585,2.0565424,-2.0637867,-0.94713646,2.205031,-0.26511842,-0.72047365,-1.6024393
rna_E18_5-S1#CATACTCCGCAGGTCC-1,-0.7376883,1.7359991,-1.028276,-0.19230765,-0.706058,1.3246719,-0.9447862,1.0625063,-0.25470227,-0.259359
rna_E18_5-S1#CATACTCCGCCATTCT-1,0.39582068,-0.3191085,-0.2650594,-0.0033516139,-0.6422707,-0.39819863,0.85445535,1.4977509,-0.48697707,-0.63306093
rna_E18_5-S1#CATACTCCGCCGCAAC-1,-0.3961264,0.014651876,-0.25525033,0.13624604,0.9300473,0.013119545,-0.29008484,0.42150858,-0.05140261,-0.5227092
rna_E18_5-S1#CATACTCCGCGTTGGA-1,3.1105332,-1.2161262,-0.5734502,1.9000614,-1.8780527,-1.1441505,3.0202384,-0.33235827,-1.2875686,-1.5991266
rna_E18_5-S1#CATACTCCGGCTGAGC-1,-0.94410086,2.5699866,-0.9266366,0.07999623,-0.46420974,-0.60577697,-0.24286555,1.0382402,0.21752802,-0.7221614
rna_E18_5-S1#CATACTCCGGTACTGC-1,2.3120775,-0.7195367,0.21892335,1.5356295,-2.0262702,-0.9150763,1.1081302,1.1218492,-1.0208368,-1.6148895
rna_E18_5-S1#CATACTCCTAGAATTA-1,0.054798543,-0.6353994,0.8019246,-0.17594653,0.036750283,-0.6739448,-0.05768279,2.1187353,-0.96100533,-0.50822985
rna_E18_5-S1#CATACTCCTAGAGTAA-1,-0.7272442,1.3248997,-1.0876422,-0.24995779,-0.44741982,0.86136514,-0.74157894,1.108835,-0.08918655,0.047929704
rna_E18_5-S1#CATACTCCTAGATCTA-1,-0.046286523,-0.5637193,-1.1506371,0.16560385,-0.6324773,1.4685912,-0.24168089,2.0553963,0.015612615,-1.0704029
rna_E18_5-S1#CATACTCCTCCTACCA-1,3.189618,-1.2126744,-0.70359313,1.697004,-1.7911009,-0.86187524,1.9729774,0.48638344,-1.018075,-1.7586648
rna_E18_5-S1#CATACTCCTCGGCCTT-1,-0.88107574,2.3618982,-0.5657954,0.0018815696,-0.38825604,0.17980205,-0.76247823,0.56235063,-0.30013454,-0.20819244
rna_E18_5-S1#CATACTCCTGAGTCTG-1,-0.44283304,-0.60004085,-0.2880355,-0.25412238,-0.96498144,1.0673497,0.69765115,2.0603304,-0.34199038,-0.93332744
rna_E18_5-S1#CATACTCCTGCGGACC-1,-0.36269364,-0.38833362,-0.4698439,0.18722397,-0.067863375,0.51523256,0.10846479,0.47363073,-0.34031954,0.34450212
rna_E18_5-S1#CATACTCCTTATTCAT-1,-0.5861116,0.76389295,-0.32737947,0.4075796,-0.77690196,0.05059669,0.061751485,1.1827923,-0.79730505,0.021084957
rna_E18_5-S1#CATACTCCTTGACTTC-1,1.0551153,-0.760731,-0.20844518,0.90084445,-1.1885922,-0.535415,0.9714099,1.1758087,-0.5070365,-0.9029585
rna_E18_5-S1#CCAGTTCCAACCTGCG-1,-1.0421202,2.709283,-0.75816894,-0.31472802,-0.84834963,-0.14201346,-1.0963943,1.4350086,0.14909303,-0.09161015
rna_E18_5-S1#CCAGTTCCAAGAAGCT-1,-1.0664762,-0.5578782,0.9329495,1.4428737,-1.1018525,0.71485656,-0.5533969,-0.6143748,-0.6632157,1.4665143
rna_E18_5-S1#CCAGTTCCAATTAAGA-1,-0.35543397,-0.39988452,0.42781308,1.5486343,0.10156093,-0.6228025,-0.016732635,-0.710962,-0.57064056,0.5984479
rna_E18_5-S1#CCAGTTCCACGGAGGC-1,1.5294919,-0.5324093,-0.3627549,1.2060533,0.2605486,-0.46332866,-0.04868883,-0.67659277,-0.5893646,-0.32295448
rna_E18_5-S1#CCAGTTCCACTATGCA-1,-0.17083596,-0.52066606,-0.08719936,1.7175635,-0.9690484,0.31559557,-0.19936271,-0.22409551,-0.43115902,0.56920785
rna_E18_5-S1#CCAGTTCCACTCAATA-1,-0.71584797,-0.29851037,-0.4160742,-0.04694724,-0.25916886,0.20707017,-0.39170888,1.6887662,0.8981422,-0.66572094
rna_E18_5-S1#CCAGTTCCAGAACGTC-1,-0.67192715,1.3190238,-1.083768,-0.3133161,-0.29062217,0.7652888,-0.44367778,1.3468037,-0.14215703,-0.48564833
rna_E18_5-S1#CCAGTTCCAGAGAAGG-1,3.4368691,-0.8819275,-1.1732373,0.6563419,2.3859282,-0.8647053,-1.3350023,-1.2828296,-0.7418611,-0.19957602
rna_E18_5-S1#CCAGTTCCAGAGCTAT-1,-0.4212249,0.4957991,-0.86881274,-0.15006411,-0.31429172,0.58508724,-0.41186398,1.3498563,0.06709217,-0.3315773
rna_E18_5-S1#CCAGTTCCATCATATT-1,-1.1034436,-0.62115365,-0.595322,1.5108577,-0.6152527,0.43195,-0.6731828,0.49497202,-0.03475678,1.2053318
rna_E18_5-S1#CCAGTTCCCATACTCC-1,0.76227176,-0.7511279,-1.1320685,0.9020046,1.3048253,0.472884,-0.78168637,-0.13221684,-0.6516416,0.006755581
rna_E18_5-S1#CCAGTTCCCCGAGAAT-1,-0.20841789,-0.30024722,-0.33665752,0.92342436,-0.15397376,0.6808587,0.03112895,-0.0055307187,-0.52958727,-0.10099759
rna_E18_5-S1#CCAGTTCCCGACGCGA-1,-0.7768878,-0.6340998,0.30955783,1.8599617,-1.462878,0.09207718,0.0052627083,-0.60025537,-0.37064353,1.577905
rna_E18_5-S1#CCAGTTCCCTAAGAGA-1,-0.9898665,-0.14205939,-0.77038646,-0.54799235,-0.40272832,0.10965918,-0.14712691,2.0553277,1.4222176,-0.5870447
rna_E18_5-S1#CCAGTTCCCTGATGGT-1,0.3409913,-0.77590567,-1.0008059,0.2889153,1.7076283,0.03639369,-0.760652,-0.6288846,-0.6674736,1.4597932
rna_E18_5-S1#CCAGTTCCCTTGCGCC-1,-0.31032327,0.20344153,-0.7872301,-0.03749693,-0.4251963,0.7094805,0.28251904,1.6197436,-0.3792057,-0.8757323
rna_E18_5-S1#CCAGTTCCGAAGATCG-1,-0.36388555,-0.5115726,-0.27250168,1.221701,0.19822584,0.68649065,-0.27727684,-0.5434821,-0.51759046,0.37989163
rna_E18_5-S1#CCAGTTCCGATACGGA-1,-0.9308167,-0.24386734,-0.26384422,1.8665922,-0.7653437,0.6832048,-0.3613678,-0.40102312,-0.278706,0.69517183
rna_E18_5-S1#CCAGTTCCGATCTTAC-1,-0.21646936,-0.35839733,-0.4104758,-0.24736278,-0.047965463,0.15886107,-0.3815158,1.8044442,0.043492675,-0.3446113
rna_E18_5-S1#CCAGTTCCGCCATTCT-1,-0.708068,1.3075814,-1.221056,-0.3564896,-0.16242099,0.23798686,-1.0566128,1.5861055,1.2742822,-0.90130854
rna_E18_5-S1#CCAGTTCCGCCGCAAC-1,-1.0914872,-0.21318986,0.01819259,1.9130187,-0.5392211,0.4971292,-0.2675094,0.23663238,-0.40205854,-0.15150669
rna_E18_5-S1#CCAGTTCCGCGTTGGA-1,-0.5372442,-0.50377846,-0.6601303,-0.051203713,0.039710805,0.14336951,-0.43064827,2.0049808,0.28607693,-0.29113317
rna_E18_5-S1#CCAGTTCCGCTAACTT-1,0.7170938,-0.77492,-0.96598476,0.092473626,1.4466898,0.31973827,-0.651322,-0.8547221,-0.6730993,1.3440524
rna_E18_5-S1#CCAGTTCCGGTACTGC-1,-0.2404615,-0.390499,-0.37952805,0.06899925,0.15392122,0.15184462,-0.62322146,2.202942,-0.14428872,-0.7997084
rna_E18_5-S1#CCAGTTCCGGTATGCT-1,-0.30845082,0.6954881,-0.6009266,0.24841882,-0.21345818,0.31226608,-0.31151593,0.7515177,-0.21372983,-0.35960943
rna_E18_5-S1#CCAGTTCCTAGAATTA-1,-0.3426153,0.10080456,-0.6807993,0.0003618989,0.15961087,0.061514355,-0.1828825,1.7848691,-0.19126417,-0.7095995
rna_E18_5-S1#CCAGTTCCTAGATCTA-1,2.3160458,-1.0092492,-0.68087786,-0.9182745,1.3412955,-0.67373437,-1.1876359,-0.7825467,-0.853036,2.4480135
rna_E18_5-S1#CCAGTTCCTCCGGCCT-1,-0.6319297,-0.49620524,-0.058704674,1.3446385,0.36417755,-0.23203835,-0.09393304,-0.8606368,-0.5713152,1.2359468
rna_E18_5-S1#CCAGTTCCTCCTACCA-1,1.0563276,-0.7154821,-0.6941764,1.2791121,-1.6635448,0.21423696,1.0710492,0.7445491,-0.48994952,-0.8021224
rna_E18_5-S1#CCAGTTCCTCTGATAC-1,0.5230009,-0.24153331,-0.352118,0.70132655,-0.00456015,0.5724663,-0.24247307,0.111427635,-0.41503525,-0.65250164
rna_E18_5-S1#CCAGTTCCTGAGTCTG-1,-1.2703615,-0.32990935,0.028538857,1.568925,-0.6979134,0.7216732,-0.50734067,0.5418671,-0.42620766,0.37072858
rna_E18_5-S1#CCAGTTCCTGCCGGCA-1,-0.79060096,-0.62614644,0.12464711,1.9119014,-1.032319,0.6042234,-0.252853,-0.6168833,-0.3467168,1.0247475
rna_E18_5-S1#CCAGTTCCTGCGGACC-1,-1.1574507,-0.81230235,-0.097626515,1.1513103,-0.45382112,0.1376541,-0.75615203,0.7373775,-0.5329335,1.7839442
rna_E18_5-S1#CCAGTTCCTGGTCAGC-1,-0.34589612,-0.5605378,0.14952967,1.9274447,-0.6404709,-0.41434035,-0.28266266,-0.82033145,-0.6040974,1.5913622
rna_E18_5-S1#CCAGTTCCTTACCGAG-1,-0.027437575,-0.59296626,-0.45268327,0.86760426,-0.55116105,0.45156676,-0.811847,-0.09726145,0.04451734,1.1696681
rna_E18_5-S1#CCAGTTCCTTATCCGG-1,-0.95979255,-0.46841282,0.009018242,1.173732,-0.83211774,0.8435197,-0.3447594,0.29739028,-0.5731062,0.85452837
rna_E18_5-S1#CCAGTTCCTTATTCAT-1,0.595639,-0.599801,-0.6225604,1.5928391,0.16869564,-0.7388748,-0.011173427,-1.1567047,-0.82632977,1.5982703
rna_E18_5-S1#CCAGTTCCTTGACTTC-1,0.0010357611,-0.39273915,-0.47606486,0.080901206,1.1196404,-0.03871911,-0.70855635,0.33985975,-0.41130355,0.48594585
rna_E18_5-S1#CCGAGAATAACCTGCG-1,-0.924953,0.11066539,-0.5224505,-0.7455687,-0.9209931,1.1837552,0.69976723,1.8105097,-0.20500079,-0.48573142
rna_E18_5-S1#CCGAGAATAAGAAGCT-1,0.53365284,-0.54963803,-0.4771763,1.2689148,-0.9628059,0.40772322,0.7048718,1.0795895,-0.64314544,-1.3619862
rna_E18_5-S1#CCGAGAATAATTAAGA-1,-1.0964639,-0.15394011,3.0609586,0.9994062,-0.7039854,-1.0742105,-0.46581632,0.48982963,-0.6405513,-0.41522676
rna_E18_5-S1#CCGAGAATACCGCCAA-1,-0.7737471,0.9269312,-1.1530274,-0.6086797,-0.69475687,0.5392083,-0.5418509,1.5698572,1.2554473,-0.519382
rna_E18_5-S1#CCGAGAATACGGAGGC-1,-0.14113924,-0.7247032,0.1274142,0.8808395,-0.35641366,0.085223876,-0.17963518,-0.31443408,-0.63424116,1.2570889
rna_E18_5-S1#CCGAGAATACTATGCA-1,2.7100456,-0.8184268,-1.0736469,1.3303576,1.511227,-0.7645231,-0.51505697,-0.6913523,-0.59549314,-1.093131
rna_E18_5-S1#CCGAGAATACTCAATA-1,1.246569,-0.72444797,-0.9903014,0.52861285,1.5155927,-0.5061397,-0.68049943,-0.6021611,-0.6234318,0.83620673
rna_E18_5-S1#CCGAGAATACTTAACC-1,-1.1070763,-0.59023464,0.39770633,0.22789626,-0.017000064,0.5424966,-0.12900706,2.4919617,-0.95654905,-0.86019385
rna_E18_5-S1#CCGAGAATAGAACGTC-1,-1.2501365,-0.514342,-0.069503844,1.3630087,-0.9555169,1.3205479,-0.19648063,0.11874224,0.40460354,-0.22092271
rna_E18_5-S1#CCGAGAATAGAGAAGG-1,-0.32266003,-0.036909267,-0.7146308,-0.68745685,0.038434356,1.6449246,0.08319341,1.4577024,-0.48404825,-0.97854966
rna_E18_5-S1#CCGAGAATAGAGCTAT-1,-0.92043656,-0.13297796,-0.38237205,1.4278103,-0.52065456,0.69012076,-0.37995932,0.51632655,0.2520726,-0.54992974
rna_E18_5-S1#CCGAGAATATCATATT-1,-0.9070672,0.20044817,1.2162184,0.68112946,-0.26537135,-0.6251721,0.34257042,0.6078698,-0.9555848,-0.2950409
rna_E18_5-S1#CCGAGAATCAACCGCT-1,-0.95714486,-0.26538303,0.6362374,-0.7567435,-0.2889613,-0.06235905,0.09149809,2.2192233,-0.055481005,-0.56088626
rna_E18_5-S1#CCGAGAATCATACTCC-1,-0.58900243,0.012923792,-0.78074735,-0.685675,-0.49237573,1.5494406,-0.19932103,1.7110553,-0.49613535,-0.0301628
rna_E18_5-S1#CCGAGAATCCAGTTCC-1,-0.6830859,-0.64907026,-0.044853523,-0.29540303,-0.15712288,0.04033859,0.35024345,2.2464688,-0.070166625,-0.73734856
rna_E18_5-S1#CCGAGAATCCGAGAAT-1,-0.4221732,-0.23571867,0.6259169,0.99704134,0.7678907,-0.23747006,0.16705401,-0.64041364,-0.7842846,-0.23784265
rna_E18_5-S1#CCGAGAATCCGATTCC-1,-0.4405256,-0.051471956,-0.9564967,-0.20947702,-0.10503025,0.8000488,-0.30802268,1.3692234,0.5839086,-0.68215644
rna_E18_5-S1#CCGAGAATCGAACGCC-1,-0.54839826,-0.6049028,-0.21709216,-0.66061234,-0.24597694,0.21505557,0.09686987,1.6637256,0.58511597,-0.28378457
rna_E18_5-S1#CCGAGAATCGACGCGA-1,2.8728049,-0.90060985,-0.5762779,2.3539736,-1.6848576,-0.42134088,1.1912531,-1.0431409,-0.5357944,-1.2560098
rna_E18_5-S1#CCGAGAATCTAAGAGA-1,-0.77566,0.058414277,-0.42971304,-0.027224768,-0.8725413,1.2925462,0.010456125,0.94815886,-0.005611882,-0.19882445
rna_E18_5-S1#CCGAGAATCTGATGGT-1,-0.11506715,-0.17965579,-0.3064665,1.6514972,0.65706307,-0.052128308,-0.5257726,-0.16829288,-0.63896734,-0.32220984
rna_E18_5-S1#CCGAGAATCTTGCGCC-1,-0.9990651,-0.23294783,-0.20612493,2.0156431,-0.11219572,0.50453424,-0.50925905,0.33771938,-0.2446762,-0.55362797
rna_E18_5-S1#CCGAGAATGAAGATCG-1,2.7825131,-0.95229435,-0.78053594,2.2234566,-1.9459107,-0.5733095,2.1859002,-1.073348,-0.6700334,-1.196438
rna_E18_5-S1#CCGAGAATGACCTTGA-1,-1.23001,-0.24958809,1.6233487,-0.727831,-0.6894928,-0.23908782,-0.6101639,2.2863667,0.46371636,-0.6272582
rna_E18_5-S1#CCGAGAATGATACGGA-1,3.0450041,-1.1780766,-0.8263129,2.36625,-2.0391243,-0.3243148,1.9758267,-1.1728448,-0.50981,-1.3365978
rna_E18_5-S1#CCGAGAATGATCTTAC-1,0.7720957,-0.5886998,-0.75619006,2.4487283,1.657678,-0.52498174,-0.5653713,-0.58675575,-0.68033695,-1.1761664
rna_E18_5-S1#CCGAGAATGCAGGTCC-1,-1.1815653,-0.24558659,0.29300493,1.6823931,-0.4291371,0.5243438,-0.14280209,0.49630934,-0.3388226,-0.6581373
rna_E18_5-S1#CCGAGAATGCCATTCT-1,-0.51633257,-0.14734942,-0.3431638,0.99509495,0.35543507,0.34579948,0.19128403,0.0027204342,-0.6257529,-0.25773525
rna_E18_5-S1#CCGAGAATGCCGCAAC-1,-0.18406203,-0.51361096,-0.37846968,2.1691139,0.06586652,0.33072856,-0.27541074,-0.3181927,-0.40185708,-0.49410567
rna_E18_5-S1#CCGAGAATGCGTTGGA-1,-0.80380535,-0.8370523,3.0256011,-1.1666503,0.01957205,-1.2003758,0.61748105,2.6171787,-0.9402111,-1.3317378
rna_E18_5-S1#CCGAGAATGCTAACTT-1,-0.4816567,-0.15206152,-0.6577462,0.17046635,0.018794268,1.1508248,-0.35300735,1.2804389,-0.41786584,-0.55818677
rna_E18_5-S1#CCGAGAATGGCTGAGC-1,-0.9302234,-0.33339202,-0.016067024,-0.38150865,-0.67316324,0.27976638,0.35822898,1.5017816,0.7137493,-0.5191717
rna_E18_5-S1#CCGAGAATGGTACTGC-1,-0.69387764,-0.32097986,-0.10371154,1.6395975,0.70722437,0.049626,-0.1563979,-0.43934706,-0.5891062,-0.09302761
rna_E18_5-S1#CCGAGAATGGTATGCT-1,-0.27632746,-0.19001651,-0.7209212,-0.78036267,-0.506728,1.5580437,-0.34934095,1.6076165,0.25765386,-0.5996175
rna_E18_5-S1#CCGAGAATTAGAATTA-1,-1.1778653,-0.033079006,-0.56604534,1.6725757,-0.21230772,0.33096328,-0.3402486,0.26429635,-0.5533915,0.6151022
rna_E18_5-S1#CCGAGAATTAGAGTAA-1,-0.71526814,-0.43819,1.9643446,-0.1405882,-0.47951528,-1.0680484,-0.09295296,2.5305254,-1.1108809,-0.4494264
rna_E18_5-S1#CCGAGAATTAGATCTA-1,-0.5216039,-0.28843445,1.1399733,0.734639,0.92837137,-0.8246415,-0.5298267,-0.012698323,-0.58825773,-0.03752108
rna_E18_5-S1#CCGAGAATTCCGGCCT-1,-0.21461749,-0.3260341,-0.7092775,-0.27804774,-0.051564176,1.9003291,-0.5103473,0.64217997,-0.35061157,-0.10200895
rna_E18_5-S1#CCGAGAATTCCTACCA-1,0.9775676,-0.7034112,-0.84978116,0.76644087,1.2934389,0.31810373,-0.6635465,-0.031868905,-0.59221643,-0.5147269
rna_E18_5-S1#CCGAGAATTCGGCCTT-1,-1.1706277,-0.2715595,-0.24233048,1.6399689,-0.48297217,1.2858698,-0.4204851,0.8271042,-0.4076889,-0.75727904
rna_E18_5-S1#CCGAGAATTCTGATAC-1,3.2333817,-1.327642,0.96750593,2.356835,-2.0683362,-1.6904477,3.2283823,-1.5371158,-1.3504257,-1.8121371
rna_E18_5-S1#CCGAGAATTGAGTCTG-1,-0.8234392,0.29794735,-0.74422705,1.1928265,1.1153909,0.7191631,-0.6522747,0.044601806,-0.5175962,-0.63239247
rna_E18_5-S1#CCGAGAATTGCCGGCA-1,-1.0411222,-0.7712242,3.046679,2.2620916,-0.4197087,-0.608202,-1.0551591,-0.5144372,-0.4053056,-0.49361172
rna_E18_5-S1#CCGAGAATTGCGGACC-1,0.8755928,-0.44872278,-0.4574474,0.019942537,0.40745106,-0.48555797,-0.043265015,-0.49068153,-0.5557586,1.178447
rna_E18_5-S1#CCGAGAATTGGTCAGC-1,0.28439793,-0.81639737,-0.57548755,-0.35305503,-0.63874847,0.48924202,0.8452211,1.8976169,-0.6889544,-0.44383517
rna_E18_5-S1#CCGAGAATTTACCGAG-1,-0.8016809,-0.33693993,1.5817871,1.0566463,0.23003346,-0.8663605,-0.007915914,0.33543122,-0.7900382,-0.40096253
rna_E18_5-S1#CCGAGAATTTATCCGG-1,3.4354029,-1.1148318,-0.5171824,2.3161304,-1.7501678,-0.8881757,1.5911983,-0.5038695,-0.7823069,-1.7861975
rna_E18_5-S1#CCGAGAATTTATTCAT-1,-0.4396516,-0.42127723,2.5494654,-0.007010266,0.5266319,-0.88515186,-0.409576,-0.66854274,-0.5126542,0.26776654
rna_E18_5-S1#CCGAGAATTTGACTTC-1,-1.0127407,0.1793798,0.17098904,1.552538,0.20353869,-0.015620381,-0.16157506,-0.07607667,-0.40748608,-0.43294656
rna_E18_5-S1#CCGATTCCAACCTGCG-1,-0.21015017,-0.6642426,-0.6243927,-0.7131862,-0.510007,0.48072964,1.4094877,2.2650003,-0.5827342,-0.85050476
rna_E18_5-S1#CCGATTCCAAGAAGCT-1,0.10835244,-0.5411323,-0.13777089,1.5869931,-0.8874764,0.6398438,-0.542468,-0.51980853,-0.00031667948,0.29378355
rna_E18_5-S1#CCGATTCCAATTAAGA-1,0.32590944,-0.6236746,-0.20539726,1.3449095,-0.24304144,-0.32671005,-0.035274073,-0.75091183,-0.712608,1.2267982
rna_E18_5-S1#CCGATTCCACGGAGGC-1,-0.21503252,-0.5108641,0.010099158,1.9556876,-0.91193414,0.23073986,-0.17849264,-0.69261587,-0.47556108,0.7879738
rna_E18_5-S1#CCGATTCCACTATGCA-1,-0.7950343,-0.54216564,0.18442614,0.18206239,0.32067215,-1.0028605,-0.12306833,0.15808411,-0.7341925,2.3520768
rna_E18_5-S1#CCGATTCCACTCAATA-1,-1.1012584,0.28319496,-0.11644287,-0.86254215,-0.7803406,0.47629353,0.020243518,1.9380718,0.004737787,0.13804242
rna_E18_5-S1#CCGATTCCAGAACGTC-1,-0.9134436,0.48334128,-0.6783493,-0.7855525,-0.74509364,0.32457453,-0.19900835,1.5803185,1.7084612,-0.7752478
rna_E18_5-S1#CCGATTCCAGAGAAGG-1,0.07353108,-0.68109924,-0.3430732,1.4018755,0.046176236,-0.253785,0.1692402,-1.1450932,-0.65341,1.3856378
rna_E18_5-S1#CCGATTCCAGAGCTAT-1,-0.6177654,0.74877036,-0.71218765,-0.22812375,-0.30148152,0.11823364,0.1192762,1.7537761,-0.20920911,-0.6712891
rna_E18_5-S1#CCGATTCCATCATATT-1,0.10763504,-0.7774484,-0.24578154,1.3503191,-0.13736317,-0.529231,-0.29354694,-0.76971847,-0.70808166,2.0032172
rna_E18_5-S1#CCGATTCCCATACTCC-1,0.4330245,-0.954239,-0.3587981,0.598188,2.1988697,-1.0168259,-0.51743823,-0.8334534,-1.1075305,1.5582029
rna_E18_5-S1#CCGATTCCCCGAGAAT-1,-0.0935704,-0.10928409,0.369907,0.68137157,-0.83775365,0.23737839,0.6419107,0.32534558,-0.6234345,-0.59187055
rna_E18_5-S1#CCGATTCCCGACGCGA-1,-0.867616,-0.47020978,-0.23557197,1.6126664,0.07937166,0.6670898,-0.39670742,-0.6811524,-0.5662037,0.8583334
rna_E18_5-S1#CCGATTCCCTAAGAGA-1,-0.50363743,-0.36603856,-0.49847052,-0.2972102,-0.18590751,0.61545473,-0.261986,1.4068551,0.5029174,-0.41197717
rna_E18_5-S1#CCGATTCCCTGATGGT-1,2.1321628,-0.88892806,-0.924904,-0.6398628,0.35294864,-0.27831778,0.63974357,-0.68267727,-0.9991052,1.2889402
rna_E18_5-S1#CCGATTCCCTTGCGCC-1,-0.9163748,-0.32665733,-0.42296398,-0.6417688,-0.04473934,0.26228738,0.09837047,2.012079,0.36245492,-0.38268733
rna_E18_5-S1#CCGATTCCGAAGATCG-1,-0.39491412,-0.6777165,1.1432467,1.9779872,-0.6431153,-0.28020188,-0.58901674,-0.6336967,-0.43287095,0.5302987
rna_E18_5-S1#CCGATTCCGATACGGA-1,0.17618738,-0.6245469,0.063330084,1.9288286,-0.9869146,-0.03230515,-0.2007671,-0.7976592,-0.6081276,1.0819747
rna_E18_5-S1#CCGATTCCGATCTTAC-1,-0.33226633,0.52822334,-0.82057804,-0.27294442,0.5513933,0.59060836,-0.18319678,0.9948084,-0.2420339,-0.8140138
rna_E18_5-S1#CCGATTCCGCCATTCT-1,-0.63072985,1.1493359,-0.8383176,0.11866775,-0.19600227,0.9177009,-0.10930714,0.49822968,-0.49601337,-0.41356406
rna_E18_5-S1#CCGATTCCGCCGCAAC-1,-0.31125078,-0.57485116,0.16087507,1.4512568,-0.096624866,0.47778225,-0.22249076,-0.34029102,-0.6581861,0.11378071
rna_E18_5-S1#CCGATTCCGCGTTGGA-1,2.5060856,-0.8717658,-0.08073248,0.9896694,-0.8810403,-0.49675268,0.05704826,0.090717405,-0.29500052,-1.018229
rna_E18_5-S1#CCGATTCCGCTAACTT-1,-0.091504425,-0.6363956,0.44049048,0.17266722,0.65670246,-1.0932205,0.10425779,0.16086686,-0.9980938,1.2842293
rna_E18_5-S1#CCGATTCCGGTACTGC-1,-0.8481977,-0.1629483,-0.36874384,-0.286717,-0.22750983,0.44451746,-0.1444835,1.4527638,0.47947595,-0.33815715
rna_E18_5-S1#CCGATTCCGGTATGCT-1,-0.19300076,0.077418104,-0.8155441,0.1356986,0.39998424,1.9042962,-0.66160226,0.6688478,-0.62144053,-0.8946574
rna_E18_5-S1#CCGATTCCTAGAATTA-1,0.1250889,-0.19835918,-0.21498336,-0.115673,0.3802342,0.28219476,-0.25770962,0.09457019,-0.051501222,-0.04386167
rna_E18_5-S1#CCGATTCCTAGATCTA-1,-0.94182026,-0.19915204,0.32457736,0.6839586,0.31308252,0.10380082,0.07694954,0.11499366,-0.6899832,0.213593
rna_E18_5-S1#CCGATTCCTCCGGCCT-1,-0.8883848,0.72149235,-0.60306776,0.885848,0.41883722,-0.8456668,-0.7992179,-0.25112185,-0.7245983,2.08588
rna_E18_5-S1#CCGATTCCTCCTACCA-1,-0.2599235,-0.45582548,-0.45485494,-0.045813307,-0.7040707,0.18252656,0.08899885,2.4087346,-0.4622577,-0.29751423
rna_E18_5-S1#CCGATTCCTCTGATAC-1,-0.20163497,-0.5774926,0.31376195,1.5990698,-0.3882882,-0.0863768,0.20559427,-0.10627402,-0.6674014,-0.09095806
rna_E18_5-S1#CCGATTCCTGAGTCTG-1,-0.7537512,-0.60829103,-0.00721623,1.6401056,-0.88445324,-0.3906415,-0.5419071,0.14237686,-0.52957404,1.9333521
rna_E18_5-S1#CCGATTCCTGCCGGCA-1,-0.15310813,0.19480711,-0.11968996,0.017416455,-0.7436458,-0.35228175,0.076188296,2.010909,-0.22167991,-0.70891535
rna_E18_5-S1#CCGATTCCTGCGGACC-1,-1.2967232,-0.63266367,0.8560931,1.8313801,-0.9901072,-0.3011064,0.07523654,-0.11895845,-0.49932325,1.0761725
rna_E18_5-S1#CCGATTCCTGGTCAGC-1,-0.75369227,-0.41554594,0.1928876,1.803968,-0.6268874,-0.2230286,-0.12357673,-0.47782487,-0.45824975,1.08195
rna_E18_5-S1#CCGATTCCTTACCGAG-1,-0.66495836,-0.62786275,0.0057845935,1.7397262,-0.7695465,-0.44632688,-0.6000152,-0.002046205,-0.4710417,1.8362867
rna_E18_5-S1#CCGATTCCTTATCCGG-1,-0.40492773,-0.83228415,2.351753,2.3201241,-0.9206172,-1.1727787,-0.29729703,-0.92572063,-0.8492404,0.73098904
rna_E18_5-S1#CCGATTCCTTATTCAT-1,-0.40260765,-0.46920294,-0.24014811,1.755641,1.097767,0.13846254,-0.15037063,-1.2029322,-0.88767695,0.36106777
rna_E18_5-S1#CCGATTCCTTGACTTC-1,-0.2334609,1.0802895,-0.5114881,0.2773775,0.019171815,0.25118977,-0.5900867,0.3003217,-0.37713027,-0.21618435
rna_E18_5-S1#CGAACGCCAACCTGCG-1,-0.4771815,-0.051597513,-0.7764045,-0.8901245,-0.285638,1.5569249,0.5601632,1.7340006,-0.30778283,-1.0623599
rna_E18_5-S1#CGAACGCCAAGAAGCT-1,0.46613073,-1.0215342,-0.49589872,0.6222366,0.8880709,-0.58129513,-0.8059277,-0.16050014,-1.0060163,2.094734
rna_E18_5-S1#CGAACGCCAATTAAGA-1,-0.5609307,-0.4480425,-0.38105667,1.0765231,0.7576785,-0.717425,-0.3100904,0.036866687,-0.4537052,1.0001822
rna_E18_5-S1#CGAACGCCACGGAGGC-1,-0.9926599,-0.45545456,0.3944919,0.6037675,-0.6390592,-0.062020004,-0.330737,0.23194751,-0.3161262,1.5658498
rna_E18_5-S1#CGAACGCCACTATGCA-1,3.0486364,-0.7231053,-1.0243671,0.6150934,0.94374496,-0.806492,-0.40170634,-1.2699628,-0.7784219,0.39658052
rna_E18_5-S1#CGAACGCCACTCAATA-1,-0.8681082,-0.35163033,-0.591844,-0.40543357,-0.29931796,0.8036495,-0.47146043,1.6919048,0.5184926,-0.026252382
rna_E18_5-S1#CGAACGCCAGAGAAGG-1,-0.5012822,-0.643126,0.4137647,0.942977,-0.65178347,0.1428659,-0.29863474,-0.265843,-0.6833616,1.5444235
rna_E18_5-S1#CGAACGCCAGAGCTAT-1,-0.30432838,-0.17960176,-0.491888,-0.58912957,-0.22786702,0.17343792,-0.44087213,2.29067,0.20402773,-0.43444878
rna_E18_5-S1#CGAACGCCATCATATT-1,-0.6691609,-0.5630933,0.51632977,1.3676702,-0.98634267,-0.058999635,0.20919931,-0.01185816,-0.58460605,0.78086144
rna_E18_5-S1#CGAACGCCCATACTCC-1,-0.5441277,-0.48903108,-0.49038446,0.6854045,-0.09212501,0.16847259,-0.5482346,0.25340986,-0.5696232,1.6262391
rna_E18_5-S1#CGAACGCCCCGAGAAT-1,-0.7498905,-0.51346797,0.23880011,1.7625388,-0.7135038,0.43975404,-0.28388572,-0.3332651,-0.5572226,0.7101427
rna_E18_5-S1#CGAACGCCCGACGCGA-1,-0.31381768,-0.89810383,-0.096810326,1.0459732,0.7902745,-0.49268243,-0.9598539,-0.04978886,-0.56880486,1.5436141
rna_E18_5-S1#CGAACGCCCTAAGAGA-1,-0.44536868,0.33905664,-0.8046229,-0.22638999,0.008962557,0.057396352,-0.60019255,1.5667129,1.0516968,-0.9472512
rna_E18_5-S1#CGAACGCCCTGATGGT-1,-0.16672045,0.3860715,-0.3447273,0.67861956,-0.8663679,0.85085446,-0.21243545,0.26733693,-0.4037313,-0.18890014
rna_E18_5-S1#CGAACGCCCTTGCGCC-1,-0.347502,2.6144123,-0.9808121,-0.11068179,-0.41540906,-0.19148417,-0.7467184,0.93646586,-0.32819957,-0.43007103
rna_E18_5-S1#CGAACGCCGAAGATCG-1,0.11510998,-0.7246654,-0.019893065,1.6553576,-0.9416353,0.02984383,-0.23657839,-0.7281539,-0.52933687,1.3799517
rna_E18_5-S1#CGAACGCCGATACGGA-1,-0.13209935,-0.45952123,-0.52115166,0.80372703,0.85908777,-0.28481197,-0.3315062,-0.3669876,-0.2946058,0.72786903
rna_E18_5-S1#CGAACGCCGATCTTAC-1,-0.2596571,-0.42503598,-0.6213363,-0.35467246,-0.3077939,0.8567281,-0.5614608,2.0317957,-0.09562876,-0.2629384
rna_E18_5-S1#CGAACGCCGCCATTCT-1,-0.27318352,0.84965014,-0.9343877,-0.016926397,0.66955525,-0.5272371,-0.71070766,0.18561082,-0.51623386,1.27386
rna_E18_5-S1#CGAACGCCGCCGCAAC-1,0.043141823,-0.7162901,0.39373577,1.3715394,-0.8768043,-0.18737875,-0.33347014,-0.6695976,-0.69802034,1.6731446
rna_E18_5-S1#CGAACGCCGCGTTGGA-1,-0.5299993,-0.29623684,-0.38443357,0.8513899,-0.05150436,0.60520744,-0.071605265,0.67442286,-0.35855228,-0.4386886
rna_E18_5-S1#CGAACGCCGCTAACTT-1,-0.25343966,-0.57200164,-0.3766334,1.419593,0.4806593,-0.6888383,-0.3742376,-0.53128713,-0.7801522,1.6763377
rna_E18_5-S1#CGAACGCCGGTACTGC-1,-0.43838868,2.2602854,-0.905311,-0.16594669,-0.3097325,-0.18922669,-1.0220171,0.90047026,-0.12865382,-0.0014789104
rna_E18_5-S1#CGAACGCCGGTATGCT-1,1.2315664,-0.7468624,-0.32719997,0.068069935,-0.17982301,-0.6472151,0.13095059,-0.16393094,-0.58187133,1.2163157
rna_E18_5-S1#CGAACGCCTAGAATTA-1,-0.75925255,2.3055239,-1.0290608,-0.09643446,-0.39044735,-0.11242443,-0.8847412,1.5041747,-0.02546601,-0.51187176
rna_E18_5-S1#CGAACGCCTAGATCTA-1,-0.8061888,-0.50800496,0.41893688,1.6187619,-0.9540765,-0.30784768,-0.18004642,-0.26487133,-0.5374522,1.520789
rna_E18_5-S1#CGAACGCCTCCGGCCT-1,-0.4933706,0.82684195,-0.65897435,-0.21241318,-0.024164602,-0.19843587,-0.4835128,0.67316794,0.5103924,0.060469046
rna_E18_5-S1#CGAACGCCTCCTACCA-1,-0.24042839,-0.28517872,-0.2142854,-0.13707848,-0.007808715,0.31798935,-0.44418514,2.0118096,-0.35744184,-0.6433923
rna_E18_5-S1#CGAACGCCTCTGATAC-1,1.07637,-0.0047462545,-0.22706315,0.7678132,-1.0001184,-0.52267134,0.32689533,0.27055487,-0.5435684,-0.14346574
rna_E18_5-S1#CGAACGCCTGAGTCTG-1,-0.7886758,-0.5796118,-0.08409199,1.545475,-0.75598717,0.8846992,-0.20570919,-0.5043014,-0.5161233,1.0043266
rna_E18_5-S1#CGAACGCCTGCCGGCA-1,-1.0630772,-0.3311712,0.024863988,1.0605804,-0.48072222,0.12625673,-0.08658081,-0.07445916,-0.41402832,1.2383379
rna_E18_5-S1#CGAACGCCTGCGGACC-1,-0.49301976,-0.33240953,-0.1514273,0.45789158,0.46190703,-0.55336,-0.363417,0.08722928,-0.62914294,1.5157487
rna_E18_5-S1#CGAACGCCTGGTCAGC-1,-0.42593634,-0.65624076,0.028381765,1.3071015,-0.2579022,-0.5768694,0.22055534,-0.5890609,-0.6187794,1.5687505
rna_E18_5-S1#CGAACGCCTTACCGAG-1,-0.57427436,-0.60269415,0.6776463,0.7605311,-0.32215175,0.01925895,-0.35965127,0.33162692,-0.6240662,0.6937744
rna_E18_5-S1#CGAACGCCTTATCCGG-1,-1.2806249,0.9293471,0.32208538,0.97082645,-1.0646486,0.32859117,-0.10176539,-0.11327062,-0.33218983,0.3416494
rna_E18_5-S1#CGAACGCCTTATTCAT-1,0.51883096,-0.7746875,-0.5469599,-0.35965785,0.4882496,-0.73516273,-0.3178114,0.11066487,-0.22175023,1.8382844
rna_E18_5-S1#CGAACGCCTTGACTTC-1,-0.23407853,0.36222935,-0.38417593,0.41473806,0.12351914,0.40148395,-0.3165818,0.24758592,-0.31157055,-0.3031497
rna_E18_5-S1#CGACGCGAAAGAAGCT-1,0.09502442,-0.45813265,-0.40505466,0.7431334,-0.7316783,0.5839041,0.20621245,0.93601686,-0.5341443,-0.43528143
rna_E18_5-S1#CGACGCGAAATTAAGA-1,2.9721112,-0.53441477,-0.56480795,1.9875411,-1.6919243,-0.89046204,1.6412102,-0.32211146,-0.8733309,-1.7238109
rna_E18_5-S1#CGACGCGAACCGCCAA-1,-0.8579123,0.45190734,-0.3790015,-1.0084624,-0.84547716,0.7984947,0.90250933,1.8712839,0.16733746,-1.1006794
rna_E18_5-S1#CGACGCGAACGGAGGC-1,2.9775376,-0.7254521,-1.0420278,1.9450465,1.883334,-1.0799971,-0.91540754,-1.1304704,-0.78005576,-1.1325072
rna_E18_5-S1#CGACGCGAACTATGCA-1,3.44335,-1.2949162,-0.92667633,2.0125098,-1.9813526,-1.0023293,3.2205575,-0.89777344,-0.95231605,-1.6210535
rna_E18_5-S1#CGACGCGAACTCAATA-1,-0.27746347,-0.4654665,-0.45466265,2.0514512,1.6077048,-0.25924447,-0.32278043,-0.67759776,-0.8706692,-0.33127153
rna_E18_5-S1#CGACGCGAACTTAACC-1,-0.40342426,-0.30695954,-0.59590983,-0.15701768,-0.2982974,0.58539224,-0.28638652,2.0748968,-0.35035074,-0.26194298
rna_E18_5-S1#CGACGCGAAGAACGTC-1,-1.073824,-0.2579646,-0.48445898,0.6962739,-0.86264384,0.2480174,-0.562049,2.1462073,0.5949634,-0.44452164
rna_E18_5-S1#CGACGCGAAGAGCTAT-1,-0.68439883,-0.29057398,-0.6607818,1.3897783,1.154791,0.18613137,-0.50564283,-0.66021657,-0.6578242,0.72873783
rna_E18_5-S1#CGACGCGAATAAGGAG-1,-0.6407124,2.7626207,-1.0670328,-0.393559,-0.4943749,-0.77259064,-0.3242352,1.3169643,0.22798997,-0.6150699
rna_E18_5-S1#CGACGCGAATCATATT-1,3.378108,-1.093457,-0.51999307,2.3334372,-1.9224275,-1.1299059,2.4904895,-0.87384355,-1.007975,-1.6544323
rna_E18_5-S1#CGACGCGACAACCGCT-1,-1.288533,-0.03339883,0.6756823,-0.6883058,-0.46860817,0.26322407,-0.22064571,2.1714137,0.1391489,-0.5499775
rna_E18_5-S1#CGACGCGACCAGTTCC-1,-0.6304138,-0.7072928,-0.44884732,-0.18783097,-0.9361016,0.67436963,0.19947274,2.5847025,0.30628082,-0.8543392
rna_E18_5-S1#CGACGCGACCGAGAAT-1,3.1827023,-1.1054789,-1.105491,1.044392,2.7801375,-1.086687,-0.9696447,-1.3143744,-0.9215974,-0.50395846
rna_E18_5-S1#CGACGCGACCGATTCC-1,-0.7203262,-0.05739502,-0.28488523,-0.69782746,-0.5993131,0.9619297,0.4610792,2.261654,-0.86419916,-0.46071666
rna_E18_5-S1#CGACGCGACGAACGCC-1,-0.7250778,-0.46482983,-0.3890002,-0.7651846,-0.3061972,0.19460195,0.2551502,1.6677853,0.4764302,0.056322
rna_E18_5-S1#CGACGCGACGACGCGA-1,3.2837281,-1.1113166,-0.7836376,2.1305568,-1.9266473,-0.93527836,1.9933549,-0.24808402,-0.9919877,-1.4106885
rna_E18_5-S1#CGACGCGACTAAGAGA-1,-1.2894931,-0.15687445,1.2198704,1.7826498,0.52607805,-0.31483048,-0.61061215,-0.15534185,-0.5017078,-0.49973837
rna_E18_5-S1#CGACGCGACTGATGGT-1,1.8333118,-1.0636494,-0.832847,1.6486158,2.7127738,-1.225033,-0.74864995,-0.68584824,-1.2469774,-0.39169616
rna_E18_5-S1#CGACGCGACTTGCGCC-1,-0.34816295,-0.13358063,-0.6952077,1.7468485,-0.7981304,0.95878464,-0.3356369,0.6851615,-0.5235061,-0.5565699
rna_E18_5-S1#CGACGCGAGAAGATCG-1,-0.6073548,-0.29700315,-0.6151265,0.019033499,-0.74355817,0.40605062,0.762339,1.7346518,-0.2540329,-0.40499908
rna_E18_5-S1#CGACGCGAGACCTTGA-1,-0.78642696,-0.9795853,2.0467966,-1.0182371,-0.7537843,-0.24653171,-0.19761823,3.0198843,-0.19148077,-0.8930164
rna_E18_5-S1#CGACGCGAGATACGGA-1,3.0091898,-0.66973525,-1.0735521,2.4689531,-0.37130544,-0.75905067,-0.6529545,0.29034024,-0.5605618,-1.6813238
rna_E18_5-S1#CGACGCGAGATCTTAC-1,1.259612,-0.74381137,-0.64700794,2.3600032,2.0523925,-0.3329576,-0.98516405,-1.0802802,-0.69479465,-1.1879922
rna_E18_5-S1#CGACGCGAGCAGGTCC-1,0.104814574,0.018874288,-0.20409933,0.28892535,-0.77220976,-0.117902085,-0.41073588,1.3713621,0.032450475,-0.31147975
rna_E18_5-S1#CGACGCGAGCCATTCT-1,-0.3154934,-0.43665695,0.011080526,2.0377233,1.5437431,-0.70764416,-0.10931572,-0.8931505,-1.0866346,-0.043651447
rna_E18_5-S1#CGACGCGAGCCGCAAC-1,3.0390606,-0.8983189,-1.1800773,0.65184826,2.0605402,-0.8692741,-0.97982585,-0.92875993,-0.53330064,-0.36189222
rna_E18_5-S1#CGACGCGAGCGTTGGA-1,0.2064937,-0.3848698,-0.7775927,2.3272898,2.0114048,-0.4831273,-0.55954266,-0.28838474,-0.7195699,-1.3321011
rna_E18_5-S1#CGACGCGAGGCTGAGC-1,-0.9974148,0.62904465,-0.68478405,-0.6176722,-0.4677205,-0.050637588,-0.0033146143,1.5437524,1.1818354,-0.53308886
rna_E18_5-S1#CGACGCGAGGTACTGC-1,-1.1390421,-0.10981159,-0.12625499,1.7228736,0.8331635,0.05095145,-0.64858526,0.56499285,-0.45595515,-0.6923323
rna_E18_5-S1#CGACGCGATAGAATTA-1,-0.90511143,0.06548791,1.2988664,1.5128704,0.8469805,-0.51634765,0.05743114,-1.2297654,-1.1002321,-0.030179728
rna_E18_5-S1#CGACGCGATAGAGTAA-1,-0.9751204,-0.41282582,2.2487214,0.49263245,-1.1282611,-0.6791434,-0.900563,1.9730904,-0.5980433,-0.020486921
rna_E18_5-S1#CGACGCGATAGATCTA-1,2.9924781,-0.7252473,-0.8757172,2.084915,-1.1902436,-0.63992316,1.2147152,-0.7365418,-0.7212182,-1.4032168
rna_E18_5-S1#CGACGCGATCCTACCA-1,0.08441324,-0.27633277,-0.45110196,1.0005916,0.23928736,0.13562597,0.07596268,0.5896843,-0.68138295,-0.7167475
rna_E18_5-S1#CGACGCGATCGGCCTT-1,-0.5550863,-0.33064845,0.9964963,0.69048274,-0.79299545,-0.07940695,0.13800988,1.5498662,-0.62451303,-0.992205
rna_E18_5-S1#CGACGCGATCTGATAC-1,-0.07465853,-0.26990604,-0.7223753,-0.5971326,-0.8523704,1.2969173,1.3372297,0.9268132,-0.058276884,-0.9862406
rna_E18_5-S1#CGACGCGATGAGTCTG-1,3.1653032,-0.9962286,-1.1475925,1.5855026,1.289082,-0.9662411,-0.5187472,-0.47119755,-0.65414035,-1.2857409
rna_E18_5-S1#CGACGCGATGCCGGCA-1,2.7901123,-0.93437856,0.0984963,1.9610686,-1.9607399,-0.78801423,2.3663015,-0.9887176,-0.8953875,-1.6487415
rna_E18_5-S1#CGACGCGATGCGGACC-1,3.3268375,-0.7749275,-0.9632374,-0.11327707,1.9103693,-0.9051146,-1.0138477,-1.1025482,-0.52485454,0.16060022
rna_E18_5-S1#CGACGCGATGGTCAGC-1,2.8882134,-1.3276776,-0.87201005,2.2979772,-1.9197555,-0.49961734,1.9584157,-0.12405987,-0.92012936,-1.481357
rna_E18_5-S1#CGACGCGATTACCGAG-1,3.3382366,-1.310179,-0.31282288,2.403812,-1.9693112,-1.5614258,3.227383,-1.2246912,-1.2740078,-1.3169937
rna_E18_5-S1#CGACGCGATTATCCGG-1,-0.7373661,-0.7559223,0.51295555,0.19289377,-0.92946446,0.12698083,0.7949445,2.6176713,-0.93848,-0.8842132
rna_E18_5-S1#CGACGCGATTATTCAT-1,3.1302426,-1.1080608,-0.38957286,1.394649,-1.5476232,-1.1921803,3.037927,-1.8117374,-1.3318678,-0.18177614
rna_E18_5-S1#CGACGCGATTGACTTC-1,-0.88838726,-0.098353565,-0.19045787,1.899913,1.1862116,-0.24780288,-0.30758494,-0.042972486,-0.74740696,-0.5631585
rna_E18_5-S1#CTAAGAGAAACCTGCG-1,-0.6904646,-0.29494414,-0.17571886,1.741384,0.3098925,0.4891036,-0.18780516,-0.015164774,-0.6778038,-0.49847883
rna_E18_5-S1#CTAAGAGAAAGAAGCT-1,-0.6798177,0.04845263,-0.7094269,1.1850164,-0.79129267,0.72574914,-0.48896638,-0.25085938,0.2218293,0.7393155
rna_E18_5-S1#CTAAGAGAAATTAAGA-1,-0.2707165,-0.42382145,0.58185154,1.6356373,-0.6099159,-0.08243197,-0.10510704,-0.667186,-0.4448461,0.38653624
rna_E18_5-S1#CTAAGAGAACCGCCAA-1,-0.4507066,-0.6079317,-0.72430414,0.006735526,-0.41538668,0.43135223,0.14213341,1.9431783,-0.039801612,-0.28526884
rna_E18_5-S1#CTAAGAGAACGGAGGC-1,-0.65951663,-0.780272,0.042690605,2.1777093,-0.11874833,-0.61776423,-0.43037623,-0.82700765,-0.5841992,1.7974843
rna_E18_5-S1#CTAAGAGAACTATGCA-1,-1.1224189,-0.44571054,-0.1733739,1.6752276,-0.16768381,-0.7010261,-0.18948486,-0.058847297,-0.52318317,1.7065008
rna_E18_5-S1#CTAAGAGAACTCAATA-1,0.15637068,-0.6699938,0.14323333,-0.14803405,0.9289706,-0.3153029,-0.9369827,0.16828857,-0.36251044,1.0359608
rna_E18_5-S1#CTAAGAGAACTTAACC-1,-1.1961255,-0.64620656,1.5266912,-1.0493339,-0.33726448,-0.5907064,-0.45346436,2.6400528,0.6894677,-0.58311045
rna_E18_5-S1#CTAAGAGAAGAACGTC-1,-0.5596343,-0.5763879,-0.45500875,-0.35057032,-0.48302794,1.1049018,-0.026502673,1.4053164,0.16121095,-0.22029729
rna_E18_5-S1#CTAAGAGAAGAGAAGG-1,-0.7956787,-0.6834038,0.8948804,1.7716612,-0.6115104,0.39808074,-0.39509472,-0.88070893,-0.54534,0.8471144
rna_E18_5-S1#CTAAGAGAAGAGCTAT-1,0.11992942,-0.09246287,-0.5765446,0.2394798,0.12605391,0.5137115,-0.11838177,0.87171346,-0.5593501,-0.52414876
rna_E18_5-S1#CTAAGAGAATCATATT-1,-0.86814564,-0.35557154,0.068557434,2.0627115,-0.7849817,-0.450958,-0.057496578,-0.69260496,-0.42496324,1.5034529
rna_E18_5-S1#CTAAGAGACAACCGCT-1,-0.97491837,0.7157964,-0.81441754,-0.8965906,-0.4509127,0.46220952,0.03369586,1.8877655,0.5575166,-0.52014446
rna_E18_5-S1#CTAAGAGACATACTCC-1,-0.88494223,-0.45538488,0.0765699,1.667781,-0.58401155,0.7678985,-0.22450724,-0.61473113,-0.4982125,0.74954
rna_E18_5-S1#CTAAGAGACCAGTTCC-1,-1.0144546,-0.4958481,-0.38117346,-0.4746002,-0.40270647,0.7486105,-0.07185241,1.9104807,0.10087022,0.08067359
rna_E18_5-S1#CTAAGAGACCGAGAAT-1,0.83151644,-0.6348635,-0.3668304,0.559637,2.5173397,-0.6804101,-0.6769791,-0.81887287,-0.13218714,-0.59835005
rna_E18_5-S1#CTAAGAGACGACGCGA-1,-0.63961434,-0.46638495,-0.4622611,1.8513207,0.49924144,-0.6571341,-0.5353069,-0.7087604,-0.6520912,1.7709908
rna_E18_5-S1#CTAAGAGACTAAGAGA-1,-0.35316193,-0.19336694,-0.26630774,1.4821297,-0.10605903,0.59091175,-0.19946583,-0.06727975,-0.413327,-0.47407332
rna_E18_5-S1#CTAAGAGACTGATGGT-1,1.7414209,-0.5804398,-0.46877828,-0.340762,1.5109066,-0.69095945,-0.36105737,-0.0056577614,-0.5273535,-0.27731925
rna_E18_5-S1#CTAAGAGACTTGCGCC-1,-0.69504917,0.01187551,-0.11607388,0.0418137,-0.7180946,0.649387,-0.15118802,0.6546987,0.30575493,0.016875878
rna_E18_5-S1#CTAAGAGAGAAGATCG-1,-0.021250226,-0.39175928,-0.08770233,1.9089601,-0.5972228,0.1940288,-0.3572786,-0.41662544,-0.57941765,0.34826726
rna_E18_5-S1#CTAAGAGAGACCTTGA-1,-1.0296128,0.15934442,-0.3068273,-0.23467821,-0.5997968,0.76250803,-0.55062234,1.459653,0.4993383,-0.15930632
rna_E18_5-S1#CTAAGAGAGATACGGA-1,-0.10618992,-0.11344534,0.057688776,0.7020132,-0.4418524,0.36098802,-0.34672886,0.37036225,-0.27226025,-0.21057546
rna_E18_5-S1#CTAAGAGAGATCTTAC-1,1.597024,-0.23724477,-0.86730874,0.83741343,-0.12785384,0.30758655,-0.30710548,-0.03283412,-0.49335834,-0.67631865
rna_E18_5-S1#CTAAGAGAGCAGGTCC-1,-0.9690169,0.9840502,-0.84619707,-0.19634877,-0.34780383,0.4457364,-1.008706,1.7625695,0.35673377,-0.18101738
rna_E18_5-S1#CTAAGAGAGCCATTCT-1,-0.9866214,1.1268812,-0.8856157,0.93685997,-0.31357968,0.2608072,-0.5927317,0.6402322,0.26053363,-0.4467657
rna_E18_5-S1#CTAAGAGAGCCGCAAC-1,-0.7713483,-0.5354068,0.0075086355,1.8355627,0.31321555,-0.33466396,-0.39356595,-0.58174866,-0.43634263,0.89678955
rna_E18_5-S1#CTAAGAGAGCGTTGGA-1,0.13793705,-0.12240286,-1.0608175,0.15349504,0.5093461,0.5587641,-0.3865196,1.4676054,-0.41770288,-0.83970475
rna_E18_5-S1#CTAAGAGAGCTAACTT-1,-1.2075347,-0.48634708,0.6799587,1.686361,-0.4616138,-0.59557027,-0.20603514,-0.3621146,-0.46427116,1.4171672
rna_E18_5-S1#CTAAGAGAGGTACTGC-1,-0.9626972,-0.18335052,-0.0846889,1.0076631,-0.24896415,0.5346885,0.055376023,0.2671274,-0.31191033,-0.07324402
rna_E18_5-S1#CTAAGAGAGGTATGCT-1,-0.91521513,-0.41024235,0.7366872,2.0654082,-0.21229774,-0.01186619,-0.3499948,-0.7250256,-0.4734749,0.29602104
rna_E18_5-S1#CTAAGAGATAGAATTA-1,-0.6566432,0.06523854,-0.40322804,1.0571467,0.91594815,0.059469875,-0.46508545,-0.5257369,-0.6373109,0.59020126
rna_E18_5-S1#CTAAGAGATAGAGTAA-1,-0.82463294,1.0417229,-0.69780314,-0.1855086,-0.43466774,0.049088523,-0.13176365,0.9913572,0.9824964,-0.79028875
rna_E18_5-S1#CTAAGAGATAGATCTA-1,-0.4455331,-0.5174521,0.18991789,1.8217461,-0.80269825,0.14043868,-0.26631305,-0.5176338,-0.53907144,0.93659925
rna_E18_5-S1#CTAAGAGATCCGGCCT-1,-0.4205643,-0.3993951,0.17583647,1.3881731,-0.057642754,0.5736055,-0.24478619,-0.8401357,-0.57234156,0.39725053
rna_E18_5-S1#CTAAGAGATCCTACCA-1,-0.525379,-0.5575849,-1.1428688,0.24489789,0.8205626,0.9052963,-0.088379316,0.006613359,-0.62547255,0.96231437
rna_E18_5-S1#CTAAGAGATCGGCCTT-1,-0.9216677,2.002895,-1.0135592,-0.49795324,-0.6536061,-0.2012136,-0.36338305,1.820952,0.5669025,-0.7393668
rna_E18_5-S1#CTAAGAGATCTGATAC-1,0.07128186,-0.5140713,-0.23630497,1.1229333,-0.5544515,0.32651445,0.33069637,0.32922968,-0.6957103,-0.18011758
rna_E18_5-S1#CTAAGAGATGAGTCTG-1,-0.61627734,-0.63897103,0.38810694,1.9981211,-0.83533746,0.08133805,0.14925356,-0.8206826,-0.72100013,1.0154488
rna_E18_5-S1#CTAAGAGATGCCGGCA-1,-0.97599906,-0.8077797,2.577382,1.9818789,-0.79657215,-0.37846774,-0.5890522,-0.87433034,-0.5929524,0.4558928
rna_E18_5-S1#CTAAGAGATGCGGACC-1,-1.0600266,-0.45309308,0.16514921,2.020389,-0.48398903,0.25908208,-0.33533207,-0.54064935,-0.528701,0.95717084
rna_E18_5-S1#CTAAGAGATGGTCAGC-1,-0.6397466,-0.4973742,0.52222663,1.8001502,-0.11415907,-0.51555485,-0.31018987,-0.86562175,-0.5227311,1.1430006
rna_E18_5-S1#CTAAGAGATTACCGAG-1,-0.77530426,-0.4730662,0.33443695,1.8069353,-0.7684861,0.50041634,-0.31234607,-0.43679485,-0.39753893,0.52174777
rna_E18_5-S1#CTAAGAGATTATCCGG-1,0.044161666,-0.55993754,-0.91177446,1.1833775,0.10536081,0.6071109,-0.5906184,-0.78308105,-0.628427,1.5338275
rna_E18_5-S1#CTAAGAGATTATTCAT-1,-0.9362629,-0.45829192,0.67094487,1.2057405,1.3713827,-0.56646705,-0.2783611,-1.1718968,-0.8509197,1.0141314
rna_E18_5-S1#CTAAGAGATTGACTTC-1,-1.0650764,-0.39209867,-0.35268652,1.6350975,0.68181586,0.048572436,-0.6480601,-0.43739948,-0.4491246,0.9789598
rna_E18_5-S1#CTGATGGTAACCTGCG-1,-0.90908194,0.59060127,-0.7531788,-0.692133,-0.7282598,1.3456203,-0.06791137,2.029903,0.0097722635,-0.8253318
rna_E18_5-S1#CTGATGGTAAGAAGCT-1,-1.1035285,-0.40166062,-0.57242024,-0.42039722,-0.54219055,1.590132,0.36092126,1.3916143,-0.067633,-0.23483735
rna_E18_5-S1#CTGATGGTAATTAAGA-1,-0.30823866,-0.72321963,3.10692,1.9331515,-0.87508166,-0.29602882,-0.7333778,-1.5757413,-0.46542355,-0.06296039
rna_E18_5-S1#CTGATGGTACCGCCAA-1,-0.6103396,2.0394695,-1.196507,-0.38933784,-0.6575751,0.13655047,-1.0749389,1.8722,0.3683163,-0.48783785
rna_E18_5-S1#CTGATGGTACGGAGGC-1,-0.1945012,-0.23826407,-0.41931942,0.8036913,0.22844113,1.0424105,-0.46518785,-0.6071302,-0.6117964,0.4616563
rna_E18_5-S1#CTGATGGTACTATGCA-1,-0.53678817,0.057733927,-0.6000434,-0.59573716,-0.051853944,1.6606938,0.15966797,0.75824064,-0.50654155,-0.345372
rna_E18_5-S1#CTGATGGTACTCAATA-1,-0.16215035,0.30322877,-0.68184686,0.033636123,0.72555006,-0.4631347,-0.57532895,-0.36146465,-0.4672485,1.6487591
rna_E18_5-S1#CTGATGGTACTTAACC-1,-0.9105344,-0.0482061,-0.27681282,-0.15189883,-0.92050123,0.93968606,-0.21471763,1.6101185,-0.08161782,0.054484263
rna_E18_5-S1#CTGATGGTAGAACGTC-1,-1.0500637,-0.35002592,-0.15226766,1.9166545,0.16268304,0.034452282,-0.45733246,-0.34075415,-0.341238,0.5778921
rna_E18_5-S1#CTGATGGTAGAGAAGG-1,-0.26066267,0.51491785,-0.44648466,-0.110953756,0.3537787,0.9710438,-0.16558228,-0.6334325,-0.72730625,0.5046818
rna_E18_5-S1#CTGATGGTAGAGCTAT-1,-1.0143924,-0.652739,0.33994877,1.7094401,0.893569,0.5098857,-0.36138073,-1.114318,-0.7313329,0.42131934
rna_E18_5-S1#CTGATGGTATCATATT-1,-0.92408746,-0.2589017,2.0363784,0.79505485,0.17752871,-0.7620841,-0.15212476,-0.39028782,-0.68062073,0.15914463
rna_E18_5-S1#CTGATGGTCAACCGCT-1,-0.8471463,2.5373757,-0.64720035,-0.3143022,-0.5311834,-0.29322547,-0.7878884,0.3774516,0.69850135,-0.19238254
rna_E18_5-S1#CTGATGGTCATACTCC-1,-0.28132516,-0.027657019,0.18802118,0.3099739,0.09361219,0.42244074,-0.051256325,0.013341525,-0.5550613,-0.11208975
rna_E18_5-S1#CTGATGGTCCAGTTCC-1,-0.5188688,0.39867014,-0.28544044,-0.93818325,-0.8005701,0.0057560056,0.13081174,1.920241,0.59325445,-0.50567067
rna_E18_5-S1#CTGATGGTCCGAGAAT-1,-0.7869143,-0.5016065,-0.034882195,1.9172233,0.9386858,-0.34780604,-0.38160735,-0.8196292,-0.798978,0.8155145
rna_E18_5-S1#CTGATGGTCCGATTCC-1,-0.9437542,-0.6015307,-0.33424047,-0.23849791,-0.19267373,0.31339383,-0.22962397,1.7937441,0.38568214,0.047500707
rna_E18_5-S1#CTGATGGTCGAACGCC-1,-0.8233638,3.242277,-0.7852224,-0.37605396,-0.4796639,-0.31685072,-0.9148145,0.33173832,0.5916079,-0.4696539
rna_E18_5-S1#CTGATGGTCGACGCGA-1,0.08354911,-0.3763005,-0.59785444,-0.38415015,-0.45715457,1.4862707,0.34286788,0.38938755,-0.32251197,-0.16410364
rna_E18_5-S1#CTGATGGTCTAAGAGA-1,-1.05343,-0.06286835,-0.5938796,1.6270366,0.54015267,0.15630679,-0.67643166,-0.8111604,-0.6196892,1.4939632
rna_E18_5-S1#CTGATGGTCTGATGGT-1,-0.33119193,-0.6899902,0.5635728,1.8322849,1.339269,-0.70802087,-0.27064362,-1.5245953,-1.2103977,0.99971277
rna_E18_5-S1#CTGATGGTCTTGCGCC-1,-1.5387034,-0.2583179,0.27804944,1.3891839,-0.5190606,0.2873426,-0.30118877,0.27480268,-0.038122684,0.42601475
rna_E18_5-S1#CTGATGGTGAAGATCG-1,-0.64096344,-0.2896761,-0.5624488,-0.4055409,-0.6629808,0.32056284,0.24571063,1.8749275,0.7278033,-0.60739434
rna_E18_5-S1#CTGATGGTGACCTTGA-1,-0.6232949,0.1457548,-0.37461227,-0.7822941,-0.22315508,-0.2543306,-0.30091283,1.8196788,0.5914261,0.0017401278
rna_E18_5-S1#CTGATGGTGATACGGA-1,0.92273754,-0.3761152,-1.0047014,0.7159801,1.8008825,-0.2987416,-1.0737553,0.8744266,-0.41059527,-1.150118
rna_E18_5-S1#CTGATGGTGATCTTAC-1,-0.7461219,-0.1709789,-0.36842966,1.9148943,0.49587777,0.0076757595,-0.55970657,-0.054242,-0.39778253,-0.12118654
rna_E18_5-S1#CTGATGGTGCAGGTCC-1,-0.82980406,-0.5291947,0.5929632,1.8946964,-0.82600677,-0.20113571,-0.5581022,-0.4691868,-0.5027737,1.4285445
rna_E18_5-S1#CTGATGGTGCCATTCT-1,-0.8516743,-0.4476117,0.18549286,1.5958807,0.66184825,0.085743405,-0.211682,-0.72701776,-0.7515921,0.46061265
rna_E18_5-S1#CTGATGGTGCCGCAAC-1,-0.102680236,-0.4634816,0.4349421,1.7895551,0.32829562,0.04074985,-0.39601895,-0.811982,-0.71220815,-0.10717183
rna_E18_5-S1#CTGATGGTGCGTTGGA-1,0.044678338,-0.5991093,-0.24506712,0.6598844,0.6387052,-0.41089272,-0.23938903,-0.25655937,0.36463332,0.043116435
rna_E18_5-S1#CTGATGGTGCTAACTT-1,-0.38621363,-0.35428554,-1.038475,1.4684185,0.6730459,0.3564734,-0.7735403,0.12930614,-0.86285645,0.788127
rna_E18_5-S1#CTGATGGTGGCTGAGC-1,-0.702171,2.1272738,-0.6245261,-0.06703136,-0.5392111,-0.8559691,-0.5535464,0.83465785,0.9215178,-0.54099435
rna_E18_5-S1#CTGATGGTGGTACTGC-1,-1.1609437,-0.5216887,0.5872969,1.9997878,-0.64849526,-0.06666759,-0.31472963,-0.5419282,-0.45639405,1.1237624
rna_E18_5-S1#CTGATGGTGGTATGCT-1,0.27152693,0.07374432,-0.94654477,-0.081094176,0.079055145,0.9443099,-0.22549495,1.2745686,-0.42878094,-0.96129006
rna_E18_5-S1#CTGATGGTTAGAATTA-1,-1.1234246,-0.18096782,0.029193524,1.5336525,0.39979047,0.4536265,-0.1596706,-0.10209252,-0.5512648,-0.29884243
rna_E18_5-S1#CTGATGGTTAGAGTAA-1,-1.1896679,-0.8239369,0.05613345,1.0591152,-0.8349444,0.15803608,-0.44399914,1.1672565,1.099146,-0.24713868
rna_E18_5-S1#CTGATGGTTAGATCTA-1,0.5301223,-0.743462,-0.3012294,0.8156812,1.3315151,-1.0065615,-0.7615891,-0.5128171,-0.96245426,1.6107947
rna_E18_5-S1#CTGATGGTTCCGGCCT-1,-0.9586782,1.7636789,0.15162738,0.31171936,-0.827177,0.5434661,-0.421112,0.16585393,-0.45758325,-0.27179527
rna_E18_5-S1#CTGATGGTTCCTACCA-1,-0.1606956,0.016787365,-0.67014956,0.3602016,1.399759,0.16507068,-0.47888285,-0.55652565,-0.52303547,0.44747037
rna_E18_5-S1#CTGATGGTTCGGCCTT-1,-1.2587314,-0.4584019,-0.25966686,1.6345543,-0.78381395,0.71001124,-0.6003138,0.5650593,-0.47726545,0.9285685
rna_E18_5-S1#CTGATGGTTCTGATAC-1,-0.57911175,0.048189342,-0.020339005,0.49643967,-0.42169538,0.90041965,-0.25661606,0.015371963,-0.65141463,0.4687563
rna_E18_5-S1#CTGATGGTTGAGTCTG-1,-0.09385146,-0.6231606,-0.81038374,1.3395913,1.8454982,-0.9302524,-0.31272843,-1.0169666,-0.9438189,1.5460727
rna_E18_5-S1#CTGATGGTTGCCGGCA-1,-1.0097913,-0.7157591,2.3035853,1.9784588,0.15727392,-0.8691076,-0.6581543,-1.4894141,-0.7516177,1.0545259
rna_E18_5-S1#CTGATGGTTGCGGACC-1,-1.0416889,-0.32830566,0.59836495,1.7206577,0.22967687,-0.5218699,-0.17195491,-0.275477,-0.6877084,0.4783053
rna_E18_5-S1#CTGATGGTTGGTCAGC-1,0.108632,-0.649489,-0.13420504,1.5449383,-0.41046727,-0.52782,0.38421044,-0.8496018,-0.7008617,1.234664
rna_E18_5-S1#CTGATGGTTTACCGAG-1,-0.2694855,-0.54895097,0.4186755,0.8686162,-0.17299291,0.50535685,0.042125102,-0.114061184,-0.6677321,-0.0615511
rna_E18_5-S1#CTGATGGTTTATCCGG-1,-0.3097533,-0.39863795,-0.42753357,0.36397475,1.3438528,-0.8991532,-0.7845178,-0.14539507,-0.6622796,1.9194431
rna_E18_5-S1#CTGATGGTTTATTCAT-1,-0.76829666,-0.3007852,2.350675,1.7625965,-0.11413102,-0.6617691,-1.0179782,-0.40965194,-0.6352662,-0.20539303
rna_E18_5-S1#CTGATGGTTTGACTTC-1,-1.1688389,-0.23448287,-0.4522788,1.646597,-0.8312075,0.26049337,-0.18470788,0.384851,-0.4562538,1.0358281
rna_E18_5-S1#CTTGCGCCAACCTGCG-1,-0.9348073,-0.44747233,-0.27061045,1.5900631,0.2867309,0.78180087,-0.38381475,-0.52803665,-0.48259985,0.3887465
rna_E18_5-S1#CTTGCGCCAAGAAGCT-1,-0.56221104,-0.3794614,0.0881722,1.8077118,-1.0120461,0.15495361,-0.4243979,-0.47679955,-0.25469312,1.0587714
rna_E18_5-S1#CTTGCGCCAATTAAGA-1,0.25590155,0.47613943,-1.0591439,0.09364577,0.6725874,1.3522515,-0.2913373,-0.060804177,-0.79646105,-0.6427793
rna_E18_5-S1#CTTGCGCCACGGAGGC-1,-0.22273023,-0.38303995,-1.1061488,-0.20363313,0.65363044,1.5073689,-0.8923295,0.02305086,-0.3362356,0.96006715
rna_E18_5-S1#CTTGCGCCACTATGCA-1,-1.0450516,-0.47796306,0.70227003,1.8952442,-0.2694832,-0.14105076,-0.7859713,-0.33898407,-0.43724966,0.8982393
rna_E18_5-S1#CTTGCGCCACTCAATA-1,-0.026166491,-0.25184524,-0.8282326,0.09914751,-0.34340096,1.6831795,0.3110596,0.0063688383,-0.29386318,-0.35624713
rna_E18_5-S1#CTTGCGCCAGAACGTC-1,-1.0958724,-0.23090565,-0.43111753,-0.5197554,-0.892232,0.26987594,-0.1748504,1.710155,0.647646,0.7170566
rna_E18_5-S1#CTTGCGCCAGAGAAGG-1,-0.53698885,-0.3984768,1.0158144,1.5772401,-0.34359586,-0.70894706,0.07648373,-1.081327,-0.802755,1.2025523
rna_E18_5-S1#CTTGCGCCAGAGCTAT-1,-0.67323256,-0.12699541,-0.84391004,-0.1952097,-0.35441896,1.0082433,0.27955517,1.1825521,-0.20050585,-0.07607817
rna_E18_5-S1#CTTGCGCCATCATATT-1,0.43631682,0.05217047,-0.4913586,0.80829,-1.0832441,-0.6083375,0.33991942,0.06592156,-0.6293224,1.1096443
rna_E18_5-S1#CTTGCGCCCAACCGCT-1,-0.53863245,-0.5529658,0.25034562,-0.6858782,-0.75779015,-0.041103434,0.988155,2.4896739,-0.19876048,-0.9530439
rna_E18_5-S1#CTTGCGCCCATACTCC-1,-1.2641144,-0.8224556,2.777977,1.926434,-0.23151347,-0.5094861,-0.70867765,-0.79833376,-0.71931523,0.34948498
rna_E18_5-S1#CTTGCGCCCCGAGAAT-1,1.9317548,-0.66091865,-0.4811667,1.154624,0.96594805,-0.78423667,-0.12534419,-1.0007004,-0.8813277,-0.11863276
rna_E18_5-S1#CTTGCGCCCGACGCGA-1,-0.7214144,-0.6920232,0.7482972,1.4877234,-0.8119597,-0.20375448,0.030865744,-0.35455877,-0.82491225,1.3417363
rna_E18_5-S1#CTTGCGCCCTAAGAGA-1,-0.47702983,0.05449375,-0.6755802,-0.56742895,0.04555786,0.5621001,0.13706161,1.1363109,0.296208,-0.5116933
rna_E18_5-S1#CTTGCGCCCTGATGGT-1,1.8192302,-0.71955866,-0.5900518,2.3076155,1.9982233,-0.83789325,-0.72419524,-1.3532637,-1.0059799,-0.89412636
rna_E18_5-S1#CTTGCGCCCTTGCGCC-1,-1.0381057,-0.04209397,-0.30514228,-0.39677456,-0.067317255,-0.22764152,-0.31053823,1.5354375,0.6385624,0.21361375
rna_E18_5-S1#CTTGCGCCGAAGATCG-1,-0.8203924,-0.5426916,0.2978288,1.9561919,-1.2453202,0.27759364,-0.33556578,-0.49763224,-0.38708276,1.2970705
rna_E18_5-S1#CTTGCGCCGACCTTGA-1,-1.4696233,-0.5700215,1.6150316,-0.29838887,-0.21784458,-0.6551852,-0.36934662,2.2667508,-0.084995046,-0.21637705
rna_E18_5-S1#CTTGCGCCGATACGGA-1,1.1764083,-0.70802283,-0.15422308,1.5257082,-0.52199394,0.2466634,-0.24976219,-1.0373555,-0.8102323,0.53281015
rna_E18_5-S1#CTTGCGCCGATCTTAC-1,2.11285,-0.8692933,0.27748972,1.9499888,-0.429617,-0.8197494,1.0120288,-1.2878718,-0.92270565,-1.0231199
rna_E18_5-S1#CTTGCGCCGCAGGTCC-1,-1.3880618,-0.88359684,2.3656487,-0.8239027,-0.53535765,-0.7615723,-0.38374275,2.185659,-0.117572196,0.34249857
rna_E18_5-S1#CTTGCGCCGCCATTCT-1,-0.8343179,1.9403667,-1.0821108,0.044773683,-0.27730674,-0.012419531,-0.20422295,1.2619364,-0.42535314,-0.41134608
rna_E18_5-S1#CTTGCGCCGCCGCAAC-1,-0.4936783,0.026791312,-0.6154274,-0.45995745,-0.08152011,1.5697212,0.6400918,-0.045320246,-0.4198358,-0.12086513
rna_E18_5-S1#CTTGCGCCGCGTTGGA-1,0.74405634,-0.28294688,-0.67073274,1.3526362,0.39817894,-0.32755998,0.20164692,0.023411572,-0.6881602,-0.75053036
rna_E18_5-S1#CTTGCGCCGCTAACTT-1,-1.30024,-0.6696824,2.5267782,1.9918603,-0.57654387,-0.5539276,-0.20347151,-1.2366252,-0.86482954,0.8866816
rna_E18_5-S1#CTTGCGCCGGTACTGC-1,-1.5364754,1.2171853,0.16337751,-0.011402518,-0.566194,-0.5829316,-0.16607426,1.8054961,-0.58047986,0.25749862
rna_E18_5-S1#CTTGCGCCGGTATGCT-1,-1.1819043,-0.48139307,0.8479562,2.0240846,0.00078229606,0.0949146,-0.3541087,-0.69643354,-0.40393695,0.15003887
rna_E18_5-S1#CTTGCGCCTAGAATTA-1,-0.9246208,0.17019303,-0.750251,-0.22355579,-0.7683615,0.7443653,0.2137596,1.8967739,-0.110873595,-0.24742909
rna_E18_5-S1#CTTGCGCCTAGAGTAA-1,-1.5368394,-0.402742,1.0806657,-0.05486233,0.41275847,-0.79242635,-0.6155299,1.5410435,0.12819281,0.23973949
rna_E18_5-S1#CTTGCGCCTAGATCTA-1,0.16079903,-0.6999817,-0.8230517,-0.61123466,0.822099,1.5674046,-0.21764278,-0.25195134,-0.40944502,0.46300468
rna_E18_5-S1#CTTGCGCCTCCGGCCT-1,-0.6429155,-0.65047675,0.6996136,1.7630001,0.22194181,-0.18965319,-0.63191277,-0.8501148,-0.66686344,0.9473812
rna_E18_5-S1#CTTGCGCCTCCTACCA-1,-0.32530138,0.13492532,-0.8462108,-0.52039117,-0.059975445,1.3798676,0.5757427,0.60740983,-0.27246425,-0.6736024
rna_E18_5-S1#CTTGCGCCTCGGCCTT-1,-1.6613666,-0.40374663,0.7171684,-0.9613955,-0.3632098,0.1012036,-0.16638108,2.042333,0.5102637,0.18513104
rna_E18_5-S1#CTTGCGCCTCTGATAC-1,-0.80599356,-0.6326678,0.6933496,1.7134149,-0.47774786,-0.010078244,-0.2077503,-0.48297006,-0.5589219,0.76936525
rna_E18_5-S1#CTTGCGCCTGAGTCTG-1,-0.2776367,-0.50313324,-0.61966705,0.36949608,1.1038873,1.4167634,-0.17686005,-0.94358176,-0.415359,0.046091102
rna_E18_5-S1#CTTGCGCCTGCCGGCA-1,0.8874467,-0.49685785,-0.91173464,-0.58959115,-0.37317252,0.9459275,-0.5836872,0.080965266,-0.20931317,1.2500169
rna_E18_5-S1#CTTGCGCCTGCGGACC-1,0.35025412,-0.70960283,-0.9710983,0.1352127,1.4595139,0.36864328,-0.19449832,-0.24188837,-0.8990434,0.70250726
rna_E18_5-S1#CTTGCGCCTGGTCAGC-1,-0.51303643,-0.58312213,0.51485986,2.1829617,-0.07891527,0.06950477,-0.40940735,-0.868217,-0.47777846,0.16315043
rna_E18_5-S1#CTTGCGCCTTACCGAG-1,0.81978357,-0.9295087,-0.9299829,-0.10561574,1.5312233,-0.18557829,-0.636852,-0.8764179,-0.84898835,2.1619368
rna_E18_5-S1#CTTGCGCCTTATCCGG-1,-0.76165694,-0.32636747,-0.42659158,1.7022381,-0.3013149,0.5400089,-0.33620915,-0.7274025,-0.4804911,1.1177865
rna_E18_5-S1#CTTGCGCCTTATTCAT-1,0.35091612,-0.18641119,-1.2064718,0.63789874,-0.04083579,1.6194261,0.011868248,0.20845643,-0.48305413,-0.91179276
rna_E18_5-S1#CTTGCGCCTTGACTTC-1,0.09697007,-0.11050459,-1.1332048,0.34623945,0.6231389,0.39154074,-0.40529257,1.2187458,-0.40545118,-0.6221819
rna_E18_5-S1#GAAGATCGAATTAAGA-1,2.9317288,-1.2012703,-0.5719651,2.1465633,-1.8990716,-0.74065006,2.70789,-0.94879705,-0.9784562,-1.4459722
rna_E18_5-S1#GAAGATCGACCGCCAA-1,-0.71730685,-0.32929108,-0.4931076,-0.38207763,-0.4579192,0.529014,0.16973959,1.8288943,0.5632664,-0.71121186
rna_E18_5-S1#GAAGATCGACGGAGGC-1,2.736719,-0.7937423,0.07334779,1.8005905,-1.9069033,-1.2800485,2.6795652,-1.009743,-1.1451565,-1.1546288
rna_E18_5-S1#GAAGATCGACTATGCA-1,-1.4819925,-0.16629443,1.2142478,-1.138349,-0.55353945,-0.34734777,-0.35247788,2.222282,0.3109749,0.29249647
rna_E18_5-S1#GAAGATCGACTCAATA-1,3.268309,-0.96524996,-1.0187005,1.0392079,1.7594976,-0.6878465,-1.2096305,-0.818557,-0.4874136,-0.8796166
rna_E18_5-S1#GAAGATCGACTTAACC-1,-0.6900146,2.644922,-1.1267418,-0.16717559,-0.6761074,-0.42003688,-0.2731542,0.97526515,0.0998584,-0.3668151
rna_E18_5-S1#GAAGATCGAGAACGTC-1,-0.39227298,-0.72178143,2.9324384,-0.3414216,-0.48927897,-0.6123895,-1.3188431,1.8501644,-0.11027289,-0.7963422
rna_E18_5-S1#GAAGATCGAGAGCTAT-1,2.8009171,-0.99459475,-0.68483347,1.1938024,1.1814356,-0.5111562,-0.92344373,-0.40074566,-0.57351714,-1.0878643
rna_E18_5-S1#GAAGATCGATAAGGAG-1,-1.0123084,3.3001604,-0.974144,-0.24338707,-0.36291468,-0.59943354,-0.9272308,1.2906623,-0.20126246,-0.27014196
rna_E18_5-S1#GAAGATCGATCATATT-1,-0.5895516,-0.9481994,0.87432325,-0.3452679,-1.1940936,0.78119254,0.5051713,2.6712716,-1.0609387,-0.6939074
rna_E18_5-S1#GAAGATCGCAACCGCT-1,-0.83196914,2.367462,-0.8825964,-0.014475718,-0.10691173,-0.068151146,-1.0597278,1.1447259,-0.359313,-0.18904275
rna_E18_5-S1#GAAGATCGCCAGTTCC-1,-0.5011381,-0.8355402,-0.32281947,-0.3461097,-1.0447613,0.52480984,0.5715936,2.272729,-0.023810118,-0.29495338
rna_E18_5-S1#GAAGATCGCCGAGAAT-1,2.8152044,-1.1781856,-0.76143813,2.0746782,-1.8213099,-0.89734894,3.1214042,-1.1125591,-0.8429975,-1.397447
rna_E18_5-S1#GAAGATCGCCGATTCC-1,-0.4744444,0.65672904,-0.51652193,-0.37440598,-0.34552696,-0.3652565,-0.23556897,1.4603019,0.42262805,-0.22793424
rna_E18_5-S1#GAAGATCGCGAACGCC-1,-0.8497186,3.2142632,-0.60305095,-0.1974185,-0.4888018,-0.3935954,-0.991366,0.54773366,0.037247613,-0.27529305
rna_E18_5-S1#GAAGATCGCGACGCGA-1,-0.57154757,0.7204896,-0.0027232617,-0.2687564,-0.3766294,0.1536915,-0.3977471,1.1656098,0.14655024,-0.56893736
rna_E18_5-S1#GAAGATCGCTAAGAGA-1,0.838746,-0.35228327,0.11295171,-0.003540285,0.6945619,-0.40447488,-0.42464116,0.115696594,-0.47908053,-0.097936094
rna_E18_5-S1#GAAGATCGCTGATGGT-1,2.433578,-0.7230264,-0.8360558,1.8844291,-1.7378379,-0.39324495,1.9454219,-0.6193797,-0.65893453,-1.2949495
rna_E18_5-S1#GAAGATCGCTTGCGCC-1,2.2628949,-0.88525677,0.7269494,1.5854708,-1.821187,-0.9172039,0.6442536,1.0451434,-1.0224024,-1.6186622
rna_E18_5-S1#GAAGATCGGACCTTGA-1,-0.92921233,2.420979,-1.1042448,-0.6466329,-0.8489792,-0.1495988,-0.19493169,1.8746469,0.43368834,-0.85571444
rna_E18_5-S1#GAAGATCGGATACGGA-1,-0.643725,0.70478517,-0.6523166,-0.09542125,-0.39695165,-0.043696553,-0.35743877,1.7569779,0.37763578,-0.64984924
rna_E18_5-S1#GAAGATCGGATCTTAC-1,3.0772269,-0.7057843,-0.9623442,2.175853,-0.09279675,-0.55484104,-0.1603876,-1.0174042,-0.66303194,-1.0964898
rna_E18_5-S1#GAAGATCGGCAGGTCC-1,-0.7631527,-0.398685,-0.1924609,-0.5912487,0.024559699,0.48963115,-0.32446992,1.7041351,0.3840167,-0.33232543
rna_E18_5-S1#GAAGATCGGCCATTCT-1,0.40743715,-0.6305859,-0.6192046,0.71447676,1.2519553,0.32584816,-0.28536877,-0.76527536,-0.38064584,-0.018636957
rna_E18_5-S1#GAAGATCGGCCGCAAC-1,3.1874337,-1.1599267,-0.7764261,2.1195436,-2.298459,-0.47578666,2.5147471,-0.88044155,-0.83493835,-1.3957464
rna_E18_5-S1#GAAGATCGGCGTTGGA-1,2.844895,-1.0383291,-0.8563534,2.2377107,-1.5214169,-1.175339,1.8656678,-0.6181544,-0.9870777,-0.75160265
rna_E18_5-S1#GAAGATCGGGCTGAGC-1,-0.80259407,2.602958,-0.90754575,-0.18145102,-0.6621137,-0.49299052,-0.8727918,0.5112604,0.81123185,-0.005963385
rna_E18_5-S1#GAAGATCGGGTACTGC-1,-0.004020471,-0.5283942,-0.39617032,1.8868282,0.7603547,0.15038225,-0.57806206,-0.24629752,-0.57141995,-0.4732006
rna_E18_5-S1#GAAGATCGTAGAATTA-1,0.7968345,-0.72891414,-1.0857819,1.7040924,1.5920618,-1.0589869,-0.21870413,0.8850419,-0.65163076,-1.2340128
rna_E18_5-S1#GAAGATCGTAGAGTAA-1,-0.8495075,-0.6722714,1.6603677,-0.7750129,-0.1894347,-0.27651885,-0.49029893,2.3569882,-0.19772977,-0.56658196
rna_E18_5-S1#GAAGATCGTAGATCTA-1,2.9982111,-1.2014333,-0.7676463,2.112945,-1.9262475,-1.1822035,3.1213918,-0.96743315,-1.0159503,-1.171634
rna_E18_5-S1#GAAGATCGTCCTACCA-1,3.2974424,-0.8643363,-0.71723163,0.3454035,-1.0724264,-0.5406888,1.511817,-0.39616328,-0.36923432,-1.194582
rna_E18_5-S1#GAAGATCGTCGGCCTT-1,-1.0304693,-0.22659324,1.5895334,-0.58995366,-0.32725343,-0.7058517,0.123484984,2.4490938,-0.5535604,-0.7284305
rna_E18_5-S1#GAAGATCGTGAGTCTG-1,3.1640384,-1.290139,-0.69661105,2.1448653,-1.8830131,-1.1465799,3.2585618,-1.0606128,-0.97082937,-1.5196806
rna_E18_5-S1#GAAGATCGTGCCGGCA-1,0.047546513,-0.7611379,0.050671928,-0.1764254,0.8060673,-0.67397213,-0.54436123,-0.3389158,-0.54509133,2.1356182
rna_E18_5-S1#GAAGATCGTGCGGACC-1,2.6417446,-0.7590511,-0.42935017,0.8206466,-1.7185547,-0.75338507,2.2295732,-0.7886895,-0.946052,-0.29688182
rna_E18_5-S1#GAAGATCGTGGTCAGC-1,-0.15058365,-0.71973693,-0.12306554,-0.46035987,-0.67387295,-0.14897874,1.2182684,2.3360803,-0.38843083,-0.88932014
rna_E18_5-S1#GAAGATCGTTACCGAG-1,0.23801807,-0.51346374,-0.6447465,-0.3598798,-0.29402414,-0.035372883,1.3039093,2.7045445,-1.2633913,-1.1355937
rna_E18_5-S1#GAAGATCGTTATTCAT-1,3.3925877,-1.2202358,-0.25327158,1.959272,-1.8709489,-1.5593895,3.062654,-1.1257523,-1.1326894,-1.2522262
rna_E18_5-S1#GAAGATCGTTGACTTC-1,2.2737312,-0.5360659,-0.32690188,0.9375143,0.3841778,-0.646996,-0.3568548,0.1453842,-0.64162445,-1.2323644
rna_E18_5-S1#GACCTTGAAACCTGCG-1,-0.8236589,0.46352407,-0.6351678,0.52816206,-0.55022335,0.79583186,-0.47985664,0.7420276,0.2121265,-0.25276554
rna_E18_5-S1#GACCTTGAAAGAAGCT-1,-1.1606514,-0.45017135,0.8288384,2.117356,-1.0192883,0.29797554,-0.3572675,-0.5642477,-0.3627134,0.6701699
rna_E18_5-S1#GACCTTGAAATTAAGA-1,0.260463,-0.9402158,0.09799911,0.9373753,-0.5668742,-0.39623126,-0.29544732,0.69329834,-0.646371,0.85600376
rna_E18_5-S1#GACCTTGAACGGAGGC-1,-0.3709381,0.046707973,-0.33581474,0.32034397,-0.34986553,-0.6494629,-0.10115675,0.7206988,-0.37875223,1.0982394
rna_E18_5-S1#GACCTTGAACTATGCA-1,-0.78103685,-0.60792744,0.35344228,0.76455045,-0.8028565,-0.06266088,0.26326877,-0.035134047,-0.69117826,1.5995325
rna_E18_5-S1#GACCTTGAACTCAATA-1,-0.4035912,-0.018680215,-0.8486029,-0.21018332,-0.29847306,1.3189534,-0.15530151,1.2240639,0.02505768,-0.6332429
rna_E18_5-S1#GACCTTGAAGAACGTC-1,-0.6098935,0.58814466,-1.2372359,-0.25381657,-0.0135618,1.0089805,-0.8207743,1.7310369,-0.06587191,-0.32700795
rna_E18_5-S1#GACCTTGAAGAGAAGG-1,-1.1173606,-0.46603218,0.99086136,2.1677954,-0.51602936,0.14745283,-0.2882565,-0.60921866,-0.50906044,0.19984819
rna_E18_5-S1#GACCTTGAAGAGCTAT-1,-0.13083468,0.25609207,-0.8022243,0.72388196,0.05634293,1.1103755,-0.30402356,0.7687984,-0.8080736,-0.8703347
rna_E18_5-S1#GACCTTGAATCATATT-1,0.14281362,-0.62150335,-0.043960236,1.0575235,-0.56324595,-0.16634291,0.52648675,-0.9492819,-0.73997563,1.357486
rna_E18_5-S1#GACCTTGACATACTCC-1,-0.87265885,-0.58051693,-0.044684626,2.1986904,-0.26431185,0.22422208,-0.64824617,-0.67953455,-0.41455173,1.0815924
rna_E18_5-S1#GACCTTGACCGAGAAT-1,-0.27393898,-0.5133436,-0.31353226,0.08326647,0.6927498,0.23745155,-0.43190506,0.36858374,-0.2729806,0.4236491
rna_E18_5-S1#GACCTTGACGACGCGA-1,-0.93760884,-0.42484483,0.57250714,1.6961348,-0.13157627,-0.3865831,0.20674795,-0.9305556,-0.6940173,1.029796
rna_E18_5-S1#GACCTTGACTAAGAGA-1,-0.62116677,-0.19477911,-0.6764591,0.6065232,-0.3056119,1.3085889,-0.45896608,0.6608058,-0.18285792,-0.13607703
rna_E18_5-S1#GACCTTGACTGATGGT-1,-0.17018406,-0.10715194,-0.8485691,0.15750293,0.6423848,1.4496317,-0.6597116,0.23152354,-0.24990444,-0.44552183
rna_E18_5-S1#GACCTTGACTTGCGCC-1,-0.41978887,-0.37077534,-0.68687356,0.13883354,-0.083959684,1.3011183,0.06087461,1.6384345,-0.80780524,-0.7700581
rna_E18_5-S1#GACCTTGAGAAGATCG-1,-0.43558696,-0.5779171,0.35922986,1.8673066,-1.0668837,0.18366978,-0.57979405,-0.3112656,-0.42863142,0.98987234
rna_E18_5-S1#GACCTTGAGATACGGA-1,0.19881749,-0.640273,-0.33128628,1.5880668,-0.5291281,-0.050873347,-0.27615425,-0.56794995,-0.6033052,1.2120858
rna_E18_5-S1#GACCTTGAGATCTTAC-1,1.1072149,-0.8798647,-0.45079798,-0.3050974,1.7403901,-0.3562145,-0.75578296,-0.4204897,-0.68450546,1.0051476
rna_E18_5-S1#GACCTTGAGCAGGTCC-1,-0.747677,0.2639103,-1.0927579,-0.96862835,-0.7105247,0.60389215,-0.48334768,1.980651,1.6536418,-0.49915954
rna_E18_5-S1#GACCTTGAGCCATTCT-1,-0.5897553,0.090940125,-0.59807426,0.21441686,0.5114367,0.5188571,-0.33207434,0.43220562,-0.4616114,0.21365891
rna_E18_5-S1#GACCTTGAGCCGCAAC-1,-0.291805,-0.71666807,-0.67283094,0.8400256,0.3139002,0.66243815,-0.030299017,-0.30470872,-0.36275804,0.56270576
rna_E18_5-S1#GACCTTGAGCGTTGGA-1,-0.11454423,0.4642458,-0.37314582,0.38992393,0.08257651,-0.066621885,-0.37465656,0.38387883,0.07067959,-0.46233636
rna_E18_5-S1#GACCTTGAGCTAACTT-1,-1.0574057,-0.6072434,0.025800757,2.1095743,0.20935275,0.7144532,-0.45318347,-0.7656847,-0.64560497,0.46994138
rna_E18_5-S1#GACCTTGAGGTACTGC-1,-1.0548725,0.11569471,-0.50106627,0.75095505,-0.4290846,0.18983608,-0.0032176785,1.3956296,-0.12122589,-0.34264857
rna_E18_5-S1#GACCTTGAGGTATGCT-1,-1.0138147,-0.65385604,0.08279435,1.2761163,-0.7135709,0.9913668,0.061927408,0.2352355,-0.8974628,0.63126415
rna_E18_5-S1#GACCTTGATAGAATTA-1,-1.0077841,-0.28385293,0.12466225,0.8152274,0.59073484,-0.80054164,-0.97557163,1.8918769,-0.16066527,-0.19408596
rna_E18_5-S1#GACCTTGATAGAGTAA-1,-1.0179414,0.46626914,-1.102158,-0.91003,-0.86770034,0.77533185,-0.111126445,1.8998557,1.3355268,-0.46802765
rna_E18_5-S1#GACCTTGATAGATCTA-1,-0.8044409,-0.4315369,0.31937063,0.86867267,-0.680341,-0.2091734,-0.0056995526,-0.01330094,-0.48118263,1.4376321
rna_E18_5-S1#GACCTTGATCCGGCCT-1,-0.6994521,-0.16740055,-0.265757,1.8232251,-0.35689422,0.92661333,-0.4231869,-0.28343424,-0.41211337,-0.14160025
rna_E18_5-S1#GACCTTGATCCTACCA-1,-0.6566704,-0.126229,-0.63756967,-0.43149817,0.23767163,1.8779377,-0.0984326,0.5773752,-0.2946924,-0.4478923
rna_E18_5-S1#GACCTTGATCGGCCTT-1,-0.5900935,2.318605,-0.8484936,-0.23356031,-0.20499279,-0.2226879,-0.21235462,0.62065065,-0.32909104,-0.29798168
rna_E18_5-S1#GACCTTGATCTGATAC-1,-0.32270816,-0.6126408,-0.2411006,1.8640791,-0.24555771,0.009957194,-0.62414396,-0.72671646,-0.53242093,1.4312524
rna_E18_5-S1#GACCTTGATGAGTCTG-1,-0.026178775,-0.26804045,-0.32119715,0.5120127,0.5416087,0.4565129,-0.87781656,0.43511912,-0.40135723,-0.050663166
rna_E18_5-S1#GACCTTGATGCCGGCA-1,-0.5963947,-0.6372042,0.42050356,1.7671975,-0.939057,-0.060836155,0.05141967,-0.88866925,-0.5058678,1.3889084
rna_E18_5-S1#GACCTTGATGCGGACC-1,-0.38567868,-0.8606664,0.46777245,1.0386734,-0.3943622,-0.14132601,-0.4382067,-0.69348216,-0.6496186,2.0568948
rna_E18_5-S1#GACCTTGATGGTCAGC-1,-0.5630974,-0.6018991,0.4623004,1.5333788,-0.8911982,0.0026146397,0.24989064,-0.57565635,-0.63324887,1.0169153
rna_E18_5-S1#GACCTTGATTACCGAG-1,-1.2048852,1.1426969,0.3676846,0.5863985,-0.17070183,-0.4283809,0.18401861,0.78844106,-0.8503217,-0.41494998
rna_E18_5-S1#GACCTTGATTATCCGG-1,-1.1502604,-0.23116551,0.1183578,0.84547657,-0.91392213,0.44216275,-0.057928905,0.6076838,-0.25943416,0.59903026
rna_E18_5-S1#GACCTTGATTATTCAT-1,-0.3609573,-0.170228,0.73714185,0.009679481,-0.060751133,-0.91643506,0.7288439,0.20076302,-0.9242276,0.7561707
rna_E18_5-S1#GACCTTGATTGACTTC-1,-0.8389202,0.28420067,0.7914555,0.4122032,-0.013794757,-0.90366346,0.55283636,0.80318254,-0.6799915,-0.40750825
rna_E18_5-S1#GATACGGAAATTAAGA-1,3.1881568,-1.2322593,-1.0209545,2.2953892,-1.8856844,-0.654948,2.5410328,-1.018442,-0.8167542,-1.3955363
rna_E18_5-S1#GATACGGAACCGCCAA-1,-0.4743366,-0.3303146,-0.73473024,-0.40887064,-0.8654197,0.8270074,0.9342949,1.8360915,0.058768306,-0.8424901
rna_E18_5-S1#GATACGGAACGGAGGC-1,2.5676913,-0.5984094,-0.4420942,1.0077288,-1.0231636,-0.5879072,1.4979438,-0.72311515,-0.74446654,-0.95420784
rna_E18_5-S1#GATACGGAACTATGCA-1,2.9559274,-0.96003044,-0.9703776,2.3152857,-1.6688187,-0.7916626,1.5868847,-0.17484757,-0.65274453,-1.6396164
rna_E18_5-S1#GATACGGAACTCAATA-1,-0.05068761,-0.5895623,-0.20569502,2.4031346,1.1667802,-0.5760446,-0.30109632,-0.59980243,-0.65647763,-0.5905488
rna_E18_5-S1#GATACGGAACTTAACC-1,-0.35467106,-0.111832395,-1.3893328,-0.0032220185,0.22842672,0.64090145,-0.59219474,1.679797,0.3208618,-0.41873413
rna_E18_5-S1#GATACGGAAGAACGTC-1,3.1422813,-1.1187689,-0.9743487,1.5865666,-1.9792136,-0.4637279,2.511501,-0.19331366,-0.9563324,-1.5546441
rna_E18_5-S1#GATACGGAAGAGCTAT-1,-0.23562518,-0.40234768,-0.42082733,1.895959,1.1804328,-0.09191421,-0.39202863,-0.306718,-0.42848486,-0.798446
rna_E18_5-S1#GATACGGAATAAGGAG-1,-0.69526505,-0.41177288,-0.36546254,-0.56834793,-0.46171615,0.18501592,0.08264105,1.6754551,0.90057045,-0.34111783
rna_E18_5-S1#GATACGGAATCATATT-1,3.23985,-1.2850332,-0.27930087,2.3781288,-1.8370119,-1.5430152,2.8378701,-0.8851633,-1.1439298,-1.4823946
rna_E18_5-S1#GATACGGACAACCGCT-1,-0.919871,-0.16568214,-0.33825755,-0.54271513,-0.46529108,0.052347537,0.028074317,2.0475266,0.8288599,-0.5249915
rna_E18_5-S1#GATACGGACCAGTTCC-1,-0.6533965,-0.42132136,-0.5964237,-0.46769,-0.28187224,1.2416528,-0.36636603,1.8384125,-0.2231788,-0.06981669
rna_E18_5-S1#GATACGGACCGAGAAT-1,3.5929556,-0.42143643,-1.0942698,0.689516,1.3919086,-0.8432138,-0.8963558,-0.9473961,-0.5240423,-0.947666
rna_E18_5-S1#GATACGGACCGATTCC-1,-0.5375624,0.09218367,-0.33447433,-0.44417453,-0.8564666,0.5787017,0.17677447,2.4500492,-0.4019362,-0.72309506
rna_E18_5-S1#GATACGGACGAACGCC-1,-1.1213555,0.19508193,0.20957412,-0.65039915,-0.46889466,0.7619215,0.9043363,2.1570365,-1.438695,-0.5486058
rna_E18_5-S1#GATACGGACGACGCGA-1,2.72698,-0.66686666,-0.76994467,-0.048426338,0.44615403,-0.52455413,0.4114405,-1.0618117,-0.4416787,-0.071292356
rna_E18_5-S1#GATACGGACTAAGAGA-1,-0.93232083,-0.24895982,-0.03628306,1.9438514,1.0810449,-0.25732934,-0.2444387,-0.6788438,-0.43458736,-0.19213338
rna_E18_5-S1#GATACGGACTGATGGT-1,2.7610202,-0.7708315,-0.9790507,0.67395115,2.3635826,-0.9276476,-0.783265,-0.9809162,-0.48737428,-0.8694685
rna_E18_5-S1#GATACGGACTTGCGCC-1,2.1732502,-0.37618455,-0.44061455,1.7531624,-1.6271679,0.100797065,0.1665305,0.3314559,-0.61146945,-1.4697596
rna_E18_5-S1#GATACGGAGAAGATCG-1,-0.51868963,0.6247045,-0.3754568,0.44854462,0.13111143,-0.037851263,0.1260069,0.38005796,-0.4217271,-0.3567006
rna_E18_5-S1#GATACGGAGACCTTGA-1,-0.96611696,-0.6060893,1.0253367,-0.10897457,-0.90536433,-0.4933488,-1.2353301,2.8177476,0.97929895,-0.50715935
rna_E18_5-S1#GATACGGAGATACGGA-1,-0.21301842,-0.64890635,0.014500782,-0.23430777,-0.5709694,0.5678251,-0.091213405,2.173124,-0.22766736,-0.76936746
rna_E18_5-S1#GATACGGAGATCTTAC-1,2.843651,-0.8328942,-1.2779255,1.3754152,2.522115,-0.8994781,-1.2708272,-0.90148747,-0.96997225,-0.5885969
rna_E18_5-S1#GATACGGAGCAGGTCC-1,-0.6923274,-0.28008512,1.6652962,0.67617553,-1.1116354,-0.6017916,-0.12451896,1.5765941,-0.31219867,-0.7955085
rna_E18_5-S1#GATACGGAGCCATTCT-1,-0.7951077,-0.20589086,1.025582,1.4175291,1.1932038,-0.13950509,-0.07782164,-0.40511507,-1.0115098,-1.0013647
rna_E18_5-S1#GATACGGAGCCGCAAC-1,3.1240356,-0.61310256,-0.6586714,1.6387537,0.43151197,-0.7920773,-0.5070989,-0.8464123,-0.7063372,-1.0706015
rna_E18_5-S1#GATACGGAGCGTTGGA-1,1.8797002,-0.7781086,-1.0271275,2.4011183,2.6227055,-0.94526327,-1.009317,-0.9956768,-0.9019683,-1.2460625
rna_E18_5-S1#GATACGGAGGCTGAGC-1,-0.5777075,-0.0025313646,-0.83405143,-0.45173013,-0.42614597,-0.07387938,-0.11940735,2.0399532,0.789494,-0.34399414
rna_E18_5-S1#GATACGGAGGTACTGC-1,0.7539834,-0.7705776,-0.25125736,2.108054,0.3142686,-0.07530548,-0.6295248,-0.2750981,-0.2803793,-0.8941632
rna_E18_5-S1#GATACGGATAGAATTA-1,-0.82352275,-0.47251788,0.2562892,1.5651083,1.1843971,-0.26729172,-0.26376668,-0.801594,-0.74696726,0.36986586
rna_E18_5-S1#GATACGGATAGAGTAA-1,-0.45825052,-0.24444436,1.2871135,-0.8910073,-0.024085958,-0.7641488,-0.397115,2.9586122,-0.42554638,-1.0411276
rna_E18_5-S1#GATACGGATAGATCTA-1,3.1211,-1.1442004,-0.22528706,1.8227116,-1.9075294,-0.9960684,1.9710487,-0.5454519,-1.0615368,-1.0347862
rna_E18_5-S1#GATACGGATCCTACCA-1,-0.52190155,-0.010355674,-0.11298047,1.5798136,1.5237058,-0.3956482,-0.32101306,-0.16709441,-0.84357804,-0.7309482
rna_E18_5-S1#GATACGGATCGGCCTT-1,-0.87345004,-0.40292063,1.0669001,0.055833235,-0.38226563,-0.49360588,-0.08709085,1.8911378,0.14314842,-0.9176866
rna_E18_5-S1#GATACGGATCTGATAC-1,-0.29231635,-0.66265786,0.5917376,-0.418662,-0.3908352,0.39535502,-0.27415606,2.1366997,-0.67560947,-0.40955573
rna_E18_5-S1#GATACGGATGAGTCTG-1,3.4897032,-1.1201572,-1.2918284,-0.4708119,1.6697994,-0.33035553,-0.80644715,-0.06861908,-0.519046,-0.55223745
rna_E18_5-S1#GATACGGATGCCGGCA-1,2.9963984,-1.0096499,-0.59661716,2.3966424,-2.1156552,-1.0960479,3.0527675,-1.112161,-1.0918857,-1.4237914
rna_E18_5-S1#GATACGGATGCGGACC-1,3.2635353,-0.82824177,-0.9069494,0.49515408,1.6204077,-0.8712422,-1.0759848,-0.82211006,-0.45825014,-0.4163186
rna_E18_5-S1#GATACGGATGGTCAGC-1,2.887049,-1.1484425,-0.8880582,2.1797454,-2.0193787,-0.22384596,2.1553788,-0.9132246,-0.60063696,-1.4285861
rna_E18_5-S1#GATACGGATTACCGAG-1,2.9302416,-1.1806463,-0.6764272,2.1528144,-1.7424693,-0.672126,2.0394883,-0.32586828,-0.8572734,-1.6677341
rna_E18_5-S1#GATACGGATTATCCGG-1,-0.7248949,-0.17780696,0.59619147,-0.68125546,-0.69122714,0.1572399,0.51987594,2.3721027,-0.6746225,-0.69560325
rna_E18_5-S1#GATACGGATTATTCAT-1,3.6028893,-1.4290782,0.019942619,2.163711,-2.242335,-1.1895454,3.2248943,-1.3422519,-1.4008969,-1.4073292
rna_E18_5-S1#GATACGGATTGACTTC-1,-1.2469219,-0.044891514,0.63624644,1.8306428,1.213395,-0.5555651,-0.04303033,-0.9311386,-0.9875538,0.12881681
rna_E18_5-S1#GATCTTACAACCTGCG-1,-0.46097103,-0.36894038,-0.78253806,-0.59125125,-0.5413704,1.6536849,0.08052358,1.6327187,0.03888745,-0.6607435
rna_E18_5-S1#GATCTTACAAGAAGCT-1,-0.6633688,-0.5499496,0.024645384,1.6600896,-0.91053814,0.8934713,0.039171934,-0.56254923,-0.6156606,0.6846882
rna_E18_5-S1#GATCTTACAATTAAGA-1,-0.47709653,-0.6192605,0.8460499,0.8003169,1.0816126,-0.690487,-0.2593981,-0.8786907,-0.720805,0.91775835
rna_E18_5-S1#GATCTTACACCGCCAA-1,-0.8388616,0.1740402,-0.081002995,-0.81851405,-0.24560203,0.2147315,-0.0317311,1.1709,0.8459544,-0.38991436
rna_E18_5-S1#GATCTTACACGGAGGC-1,-1.0096217,-0.6203993,-0.13003127,1.2746556,-0.8184799,0.4289818,-0.88794017,0.54349244,-0.5216448,1.7409873
rna_E18_5-S1#GATCTTACACTATGCA-1,-0.97962075,-0.42627257,-0.6561342,0.5558553,-0.47478417,0.5600084,-0.17056303,0.54290175,-0.34293965,1.3915488
rna_E18_5-S1#GATCTTACACTCAATA-1,-0.15633339,-0.39205578,-0.7777408,-0.0009995252,0.86247754,0.24191296,-0.66054225,0.3968182,-0.48370805,0.97017115
rna_E18_5-S1#GATCTTACACTTAACC-1,-0.54427004,0.17954189,-0.9674678,-0.8474647,-0.2348329,0.5958701,-0.28304976,1.6574397,0.759536,-0.3153026
rna_E18_5-S1#GATCTTACAGAACGTC-1,-1.147881,-0.25182527,-0.1450854,1.6298386,-0.60752606,0.022137657,-0.40495485,0.10609998,-0.4898812,1.2890775
rna_E18_5-S1#GATCTTACAGAGAAGG-1,-0.9831937,-0.44781616,0.4776259,1.36847,0.5893116,-0.53976417,-0.18765329,-0.27042755,-0.9901961,0.9836435
rna_E18_5-S1#GATCTTACAGAGCTAT-1,-1.0455978,-0.24856554,0.26106435,1.7289189,-0.52447796,0.75724584,-0.525643,-0.30143243,-0.42595065,0.3244384
rna_E18_5-S1#GATCTTACATCATATT-1,-1.2991402,-0.74355954,2.5689836,2.1057825,0.15711543,-0.79332966,-0.5220076,-0.76333624,-0.64049506,-0.070013046
rna_E18_5-S1#GATCTTACCAACCGCT-1,-0.70877594,-0.30889177,0.014725402,-0.6781318,-0.33641493,0.26651818,0.22977354,1.3108206,0.5835672,-0.37319034
rna_E18_5-S1#GATCTTACCATACTCC-1,-0.6600482,0.26894808,-1.1967523,-0.22735594,-0.16286987,0.23666738,-0.029459089,0.7235009,-0.28528702,1.3326559
rna_E18_5-S1#GATCTTACCCAGTTCC-1,-1.5481316,0.3057269,-0.21135439,-0.8632249,-0.24922253,0.40451866,-0.335549,1.8516515,0.7556485,-0.11006303
rna_E18_5-S1#GATCTTACCCGAGAAT-1,-0.3129953,-0.7109934,0.3287316,1.706082,0.71706533,0.5596355,-0.5442848,-1.3317771,-0.81408453,0.4026208
rna_E18_5-S1#GATCTTACCCGATTCC-1,-0.63729733,0.36747867,-0.21630469,-0.9218039,-0.49314177,-0.0048739538,-0.34846666,1.5097561,1.0679075,-0.32325393
rna_E18_5-S1#GATCTTACCGACGCGA-1,0.14236763,-0.8171135,-0.6023806,0.39734632,-0.2789088,0.034909546,-0.36257032,0.21245888,-0.5822916,1.8561825
rna_E18_5-S1#GATCTTACCTAAGAGA-1,-0.8955909,0.11697352,0.06374821,1.0543998,-0.78564274,-0.12563935,-0.38120386,0.4463624,-0.4071116,0.9137045
rna_E18_5-S1#GATCTTACCTGATGGT-1,-0.26358262,-0.5460616,-0.042613786,1.2087271,1.1246885,-0.65500647,-0.25842455,-1.0446246,-0.79356194,1.2704601
rna_E18_5-S1#GATCTTACCTTGCGCC-1,-0.96693444,-0.18938364,-0.26056045,1.6059585,-0.3168502,0.6091593,-0.12110719,0.018524453,-0.22509886,-0.15370755
rna_E18_5-S1#GATCTTACGAAGATCG-1,-0.62051535,-0.64941007,-0.004584506,0.89358485,-0.81948155,0.28442845,-0.33904848,0.08861915,-0.4491714,1.615579
rna_E18_5-S1#GATCTTACGACCTTGA-1,-0.59482265,-0.26914403,-0.60717547,-0.5952307,-0.5941955,0.11462967,-0.04701614,2.1558044,0.7889185,-0.3517681
rna_E18_5-S1#GATCTTACGATACGGA-1,-0.6893641,0.68709505,0.13805985,0.7853263,-0.2739834,-0.46554592,-0.79277873,0.0136469975,-0.35978767,0.95733154
rna_E18_5-S1#GATCTTACGATCTTAC-1,-0.21736953,0.45179403,-0.5710776,0.52798635,0.12886775,0.30796728,0.07866708,0.4661591,-0.65912265,-0.5138717
rna_E18_5-S1#GATCTTACGCAGGTCC-1,-0.3942599,0.04581961,-0.8327164,0.97056437,-0.54563475,0.27069,-0.6348348,0.78495,0.2595833,0.075838685
rna_E18_5-S1#GATCTTACGCCATTCT-1,-0.97380346,-0.14958158,-0.31356987,0.98380375,0.65647256,0.36819923,-0.51355267,0.3153269,-0.40714833,0.033853598
rna_E18_5-S1#GATCTTACGCCGCAAC-1,-0.95534205,0.027420897,-0.18806672,1.7816788,0.86262745,-0.33372107,-0.14941052,-0.52999264,-0.7802893,0.26509523
rna_E18_5-S1#GATCTTACGCGTTGGA-1,0.30635136,-1.0514442,0.12724869,0.00697615,0.71668726,-0.021290557,-0.30441454,-0.17904605,-0.49435586,0.8932877
rna_E18_5-S1#GATCTTACGCTAACTT-1,-0.8181049,-0.16158627,-0.7445422,0.5382352,0.64039683,0.8070278,-0.70655376,0.42852864,-0.5000569,0.5166558
rna_E18_5-S1#GATCTTACGGCTGAGC-1,-0.5116062,2.7935839,-1.2033343,-0.35208893,-0.66869926,-0.48002535,-0.9353126,1.254227,0.92075956,-0.8175039
rna_E18_5-S1#GATCTTACGGTACTGC-1,-1.237662,-0.23550233,-0.11134701,1.4574891,-0.13872705,0.27079755,-0.282794,0.299057,-0.452667,0.43135566
rna_E18_5-S1#GATCTTACGGTATGCT-1,-0.6082176,0.15866311,-0.35796675,0.34349722,0.20809932,1.5509349,-0.006058976,-0.3886635,-0.6793617,-0.22092602
rna_E18_5-S1#GATCTTACTAGAATTA-1,-0.9853374,-0.33070964,-0.15751171,1.7026075,0.36750045,0.18596579,-0.25712422,-0.60779536,-0.49163565,0.57404023
rna_E18_5-S1#GATCTTACTAGAGTAA-1,-1.1524479,0.5087195,-0.19337375,-0.3084464,-0.876177,-0.075523615,-0.43876404,0.9882271,1.6304632,-0.08267692
rna_E18_5-S1#GATCTTACTAGATCTA-1,-0.32597893,-0.5078823,-0.18881024,0.90209126,0.10891579,0.06097335,-0.38238978,-0.23100965,-0.48817104,1.0522616
rna_E18_5-S1#GATCTTACTCCGGCCT-1,-0.92604476,-0.38031265,-0.24729033,1.6831557,-0.82041997,0.628847,-0.5783715,-0.31918663,-0.41614994,1.3757731
rna_E18_5-S1#GATCTTACTCCTACCA-1,-0.31406578,-0.3586819,-0.25609487,0.15399578,0.81796795,-0.13376886,-0.48523608,-0.07014139,-0.20980468,0.85582983
rna_E18_5-S1#GATCTTACTCGGCCTT-1,-0.9477363,-0.12457102,0.021257505,1.0089104,-0.5757205,0.05891589,-0.47205696,-0.07264446,-0.3321964,1.4358418
rna_E18_5-S1#GATCTTACTCTGATAC-1,0.024871534,-0.63878936,-0.04981037,1.7369579,-0.24680199,-0.09080442,-0.12324353,-1.0642165,-0.71857864,1.1704155
rna_E18_5-S1#GATCTTACTGAGTCTG-1,-0.2503701,-0.4443694,-0.72506094,0.5185858,1.5643932,-0.6174855,-0.88944167,-0.20694193,-0.9798141,2.0305047
rna_E18_5-S1#GATCTTACTGCCGGCA-1,-0.8153884,-0.7939279,2.8643205,2.1493757,-0.1694896,-0.3994326,-0.87456477,-0.78813046,-0.6388341,-0.53392845
rna_E18_5-S1#GATCTTACTGCGGACC-1,-0.967363,-0.46119463,0.24942516,1.6551243,-0.39647716,0.28150064,-0.4001778,-0.52391833,-0.50380194,1.0668826
rna_E18_5-S1#GATCTTACTGGTCAGC-1,0.017191555,-0.41889095,-0.52359086,0.79777664,-0.7130895,0.52231395,-0.34106258,0.3368818,-0.101235956,0.42370605
rna_E18_5-S1#GATCTTACTTACCGAG-1,-0.57970905,-0.81511134,2.948944,2.0660326,-0.41593975,-0.68449044,-0.6459366,-1.222298,-0.59680426,-0.054686774
rna_E18_5-S1#GATCTTACTTATCCGG-1,-0.47077316,-0.17847823,-0.13949613,0.82674605,-0.45416212,0.25961506,-0.4062618,0.16212055,-0.54225284,0.9429427
rna_E18_5-S1#GATCTTACTTATTCAT-1,-0.7311124,-0.53856045,2.5056126,1.3206917,-0.11860724,-1.0946258,0.7320374,-1.0617161,-0.93503475,-0.078684896
rna_E18_5-S1#GATCTTACTTGACTTC-1,-0.3718151,-0.57542944,-0.79582554,1.8253539,1.2022363,-0.40240633,-0.32600135,-1.0519536,-0.8045346,1.3003759
rna_E18_5-S1#GCAGGTCCAACCTGCG-1,-0.78774524,1.3476726,-0.39738533,0.7559228,-0.15372735,0.4356893,-0.721506,0.07415067,-0.34352863,-0.2095428
rna_E18_5-S1#GCAGGTCCAAGAAGCT-1,-0.60507053,-0.54142624,0.66162306,1.5461134,-1.1242589,0.063510306,-0.48796743,0.20644137,-0.37491664,0.6559516
rna_E18_5-S1#GCAGGTCCAATTAAGA-1,-0.54404014,-0.42089242,0.15171365,2.0381095,0.21483299,-0.38619995,-0.36161816,-0.6593553,-0.599409,0.5668586
rna_E18_5-S1#GCAGGTCCACGGAGGC-1,-0.17799617,-0.86383873,-0.51937616,1.0192211,1.5550374,-0.13141096,-0.8734525,0.07478264,-0.8005704,0.7176039
rna_E18_5-S1#GCAGGTCCACTATGCA-1,0.2753289,-0.65993637,-0.26641563,1.0730221,-0.091950916,0.00059108366,0.001284027,-0.5438347,-0.5815361,0.7934477
rna_E18_5-S1#GCAGGTCCACTCAATA-1,-0.7262817,0.18455978,-0.96039474,-0.40196314,-0.4292384,1.0486547,-0.6259751,2.2391417,0.037764117,-0.3662672
rna_E18_5-S1#GCAGGTCCAGAACGTC-1,-0.74914545,0.21632724,0.14741054,0.2283882,-0.0998819,0.31248635,-0.21229544,1.9784307,-0.86051506,-0.9612052
rna_E18_5-S1#GCAGGTCCAGAGAAGG-1,-0.50613225,-0.5306667,1.0418062,1.836805,0.31567523,-0.8278465,0.12547843,-1.591881,-1.0325564,1.1693181
rna_E18_5-S1#GCAGGTCCAGAGCTAT-1,-0.2211023,-0.9280765,-0.16345455,-0.031067178,-0.15603834,-0.12117018,0.042375974,2.3427489,-0.102151886,-0.66206384
rna_E18_5-S1#GCAGGTCCATCATATT-1,-0.9832838,-0.36510378,0.3129987,1.7028017,-0.09348515,-0.32933065,-0.25345573,-0.62883663,-0.56439453,1.2020898
rna_E18_5-S1#GCAGGTCCCATACTCC-1,-0.5391878,-0.63170385,1.0426501,1.9084612,0.028180564,0.0546322,-0.07917325,-1.3952858,-0.6838635,0.29529005
rna_E18_5-S1#GCAGGTCCCCGAGAAT-1,-0.9296602,-0.7631986,-0.70888984,-0.15287101,0.9643699,1.506073,-0.21342939,0.6087202,-0.42129838,0.110184416
rna_E18_5-S1#GCAGGTCCCGACGCGA-1,-0.5915183,-0.6644749,0.18861103,1.6830797,0.34870127,-0.6706741,-0.75189996,-0.6110811,-0.68204695,1.7513034
rna_E18_5-S1#GCAGGTCCCTAAGAGA-1,-0.46800885,0.01575419,-1.0186493,-0.38203642,-0.58302754,0.7071409,-0.21205378,2.084835,0.09103552,-0.23498964
rna_E18_5-S1#GCAGGTCCCTGATGGT-1,-0.83382094,0.0690646,-1.2122765,-0.029946603,-0.35042843,0.9622059,-0.69076794,2.1217163,0.2858318,-0.32157812
rna_E18_5-S1#GCAGGTCCCTTGCGCC-1,-0.42764735,0.15919906,-0.866876,-0.041576743,-0.08182434,1.3676591,-0.5771399,1.4857725,-0.45727864,-0.5602876
rna_E18_5-S1#GCAGGTCCGAAGATCG-1,-1.0273342,-0.5799989,-0.26641303,2.1471374,-0.36951458,0.20879388,-0.5110306,-0.1430822,-0.4353291,0.9767714
rna_E18_5-S1#GCAGGTCCGACCTTGA-1,-0.8366396,-0.46826527,-0.7523315,-0.8722553,-0.67173684,-0.58540416,-0.1154927,1.7154975,3.4787352,-0.8921073
rna_E18_5-S1#GCAGGTCCGATACGGA-1,-0.69372034,0.26535967,-0.20074032,0.24181317,-0.038874894,-0.35747615,-0.21385875,0.07375266,-0.44037187,1.3641168
rna_E18_5-S1#GCAGGTCCGATCTTAC-1,-0.678424,0.040639117,-0.6778064,0.04361616,-0.24463764,2.0808468,-0.30106676,0.6566845,-0.09549852,-0.8243532
rna_E18_5-S1#GCAGGTCCGCAGGTCC-1,-1.2230911,-0.6316038,0.73065543,-0.12361212,-0.23062773,-0.041901443,-0.5290707,2.0165453,0.44646645,-0.4137602
rna_E18_5-S1#GCAGGTCCGCCATTCT-1,-0.73740196,1.0256962,-0.9320071,-0.40286237,0.03402943,0.4777315,-0.32165632,1.3627422,-0.2785957,-0.2276758
rna_E18_5-S1#GCAGGTCCGCCGCAAC-1,0.62188184,-0.63555527,-0.9833068,0.630722,-0.13075009,0.40181375,-0.5849102,0.15289462,-0.73601764,1.2632279
rna_E18_5-S1#GCAGGTCCGCGTTGGA-1,-0.49193138,0.09937966,-1.0353326,-0.50845766,-0.4943217,1.5324295,-0.36386105,1.8444573,-0.11014298,-0.47221908
rna_E18_5-S1#GCAGGTCCGCTAACTT-1,-1.2416071,-0.41073048,2.3885002,2.0915513,0.11888478,-0.56165487,-0.39846385,-1.0574964,-0.69213444,-0.23684886
rna_E18_5-S1#GCAGGTCCGGTACTGC-1,-0.47286764,0.06630456,-0.15112153,-0.4224535,-0.7330214,-0.4155074,0.20712458,2.609264,-0.2653797,-0.42234188
rna_E18_5-S1#GCAGGTCCGGTATGCT-1,-1.1123638,-0.37306964,1.299153,1.6038816,0.2539532,-0.3892066,-0.3090241,-1.3064983,-0.6758349,1.0090096
rna_E18_5-S1#GCAGGTCCTAGAATTA-1,-1.1452111,2.170635,-1.1899233,0.3038354,-0.6079838,-0.3067756,-0.10368677,1.5254391,-0.36352986,-0.282799
rna_E18_5-S1#GCAGGTCCTAGAGTAA-1,-1.057134,-0.81242853,-0.5306044,-0.9807746,-0.5757071,-0.60611355,-0.2468649,1.8810604,3.2686446,-0.3400777
rna_E18_5-S1#GCAGGTCCTAGATCTA-1,0.50651973,-0.5115881,-0.64255863,1.0045594,-0.092062876,-0.5681641,0.37277898,-0.611295,-0.9952936,1.5371042
rna_E18_5-S1#GCAGGTCCTCCGGCCT-1,-0.6816888,-0.6689168,1.2368444,1.7529474,-0.7764952,-0.19616054,-0.15922277,-0.7378892,-0.47316375,0.7037451
rna_E18_5-S1#GCAGGTCCTCCTACCA-1,-1.2587416,-0.18534704,-0.8595229,-0.4708392,-0.36043662,2.0193305,0.43122253,1.6475981,-0.4244832,-0.5387806
rna_E18_5-S1#GCAGGTCCTCGGCCTT-1,0.048801083,0.049592383,-0.90907025,-0.586092,-0.18585452,0.6435314,-0.17548563,1.8761348,-0.3290926,-0.43246445
rna_E18_5-S1#GCAGGTCCTCTGATAC-1,-0.061464243,-0.4500818,0.3733908,1.5906588,0.035488904,-0.6523548,-0.5521621,-0.22273007,-0.61010665,0.5493611
rna_E18_5-S1#GCAGGTCCTGAGTCTG-1,-0.75160277,-0.14875013,0.5325086,1.576266,0.4338731,0.53569573,-0.36632064,-1.3449169,-0.7398788,0.27312583
rna_E18_5-S1#GCAGGTCCTGCCGGCA-1,-0.7575462,-0.24165247,-0.17672557,1.7787088,-0.781672,0.6911814,-0.4355012,-0.625121,0.037311465,0.5110167
rna_E18_5-S1#GCAGGTCCTGCGGACC-1,-0.91871065,-0.4868705,0.3489364,2.0154939,0.65045583,-0.21449104,-0.34644037,-0.8601878,-0.7854806,0.5972947
rna_E18_5-S1#GCAGGTCCTGGTCAGC-1,-1.2519526,-0.52841276,0.47308305,2.2859385,-0.62561643,0.6885179,-0.49847302,-0.4411023,-0.42011422,0.31813207
rna_E18_5-S1#GCAGGTCCTTACCGAG-1,-0.7394345,-0.22166976,0.013076004,1.1961479,0.07310395,-0.20545396,0.30452874,0.2497026,-0.65167177,-0.018329255
rna_E18_5-S1#GCAGGTCCTTATCCGG-1,-0.9767129,-0.28579074,0.015544035,1.8742614,-0.07347788,-0.66542655,-0.30177227,-0.6749263,-0.71220475,1.8005059
rna_E18_5-S1#GCAGGTCCTTATTCAT-1,-0.33032006,0.046522755,0.31134388,-0.33088928,0.4560198,-0.35614407,0.13261276,-0.23087248,-0.7947848,1.0965116
rna_E18_5-S1#GCAGGTCCTTGACTTC-1,-0.38286427,-0.125263,-0.7608202,-0.54467857,-0.39395952,0.5713918,0.60512346,2.250522,-0.7253635,-0.49408805
rna_E18_5-S1#GCCATTCTAACCTGCG-1,-0.06289894,-0.4921555,0.104455106,1.7766906,0.16255826,-0.2871071,-0.42780688,-1.1596735,-0.87249535,1.2584335
rna_E18_5-S1#GCCATTCTAAGAAGCT-1,-0.481021,-0.63019484,0.8448355,2.01752,-0.9671157,-0.37759548,-0.36892363,-0.59462094,-0.45387968,1.010996
rna_E18_5-S1#GCCATTCTAATTAAGA-1,-0.39572674,-0.122232355,0.6427388,1.5478446,-0.4270011,-0.42364988,-0.31894025,-0.3702484,-0.5086871,0.37590247
rna_E18_5-S1#GCCATTCTACGGAGGC-1,-0.31692928,-0.3835875,-0.18223342,0.74586135,-0.1645137,0.57478076,0.03151109,-0.09036762,-0.48283568,0.26831406
rna_E18_5-S1#GCCATTCTACTATGCA-1,0.7268392,-0.8486269,-0.50095034,0.41164783,1.1761615,-0.3825882,-0.7638692,-0.50087315,-0.8373933,1.5196526
rna_E18_5-S1#GCCATTCTACTCAATA-1,1.0378201,-0.90515274,-0.21203886,-0.41694146,-0.21582933,-0.34495538,0.020728841,-0.5348552,-0.31104875,1.8822725
rna_E18_5-S1#GCCATTCTACTTAACC-1,-0.16380224,-0.70556605,-0.1210757,-0.7338194,-0.824838,-0.27209827,1.1997931,2.9522645,-0.36773434,-0.96312386
rna_E18_5-S1#GCCATTCTAGAACGTC-1,-0.6128388,-0.5664873,-0.56336933,-0.6365363,0.20041797,1.6794426,0.66286457,0.6789298,-0.22450277,-0.61792046
rna_E18_5-S1#GCCATTCTAGAGAAGG-1,-0.84240973,-0.58943534,1.5168641,1.8644814,-0.49026513,-0.16351697,-0.29317373,-0.842921,-0.67869604,0.5190724
rna_E18_5-S1#GCCATTCTAGAGCTAT-1,1.2168523,-0.6018381,-0.8803899,-0.08822253,1.2469454,-0.25961158,-0.18142514,-0.17795235,0.13666388,-0.411022
rna_E18_5-S1#GCCATTCTATCATATT-1,-0.9147684,-0.3490586,0.50150806,1.3888307,-0.05217492,-0.36809704,-0.32259613,-0.30169278,-0.6323848,1.050434
rna_E18_5-S1#GCCATTCTCAACCGCT-1,-1.1426041,-0.9718438,2.5604327,-0.51070064,-0.588133,-0.83872753,-1.036123,2.397968,-0.101158544,0.23088975
rna_E18_5-S1#GCCATTCTCATACTCC-1,-0.72849154,-0.40263614,0.22918288,1.4504507,-0.14696184,0.5873744,-0.11386499,-0.66581887,-0.6481461,0.43891153
rna_E18_5-S1#GCCATTCTCCAGTTCC-1,-0.7125689,-0.11550121,-0.8335352,-0.57065666,-0.5527253,-0.12848037,-0.07217974,2.0337086,1.2616329,-0.309694
rna_E18_5-S1#GCCATTCTCCGAGAAT-1,0.92325544,-0.69294804,-0.29957765,0.3239924,1.4038396,-0.22929361,-0.7596373,-0.89494693,-0.7527332,0.97804934
rna_E18_5-S1#GCCATTCTCGACGCGA-1,-0.33794573,-0.51334584,-0.2374674,1.1443162,-0.7915391,0.39002895,-0.43762124,-0.4329024,-0.4822874,1.698764
rna_E18_5-S1#GCCATTCTCTAAGAGA-1,-0.55353796,-0.4489559,-0.67397755,0.18198217,-0.58708817,0.97807044,-0.11989604,0.49697095,-0.45828307,1.184715
rna_E18_5-S1#GCCATTCTCTGATGGT-1,0.81323075,-0.48229253,-1.0531282,0.09918865,0.8318449,0.74560213,-0.1786073,0.03283406,-0.52456737,-0.28410506
rna_E18_5-S1#GCCATTCTCTTGCGCC-1,-0.40338525,0.96636283,-0.9439974,-0.55215305,-0.42704457,1.0875465,0.17568892,0.7832056,-0.47566038,-0.21056312
rna_E18_5-S1#GCCATTCTGAAGATCG-1,0.04953111,-0.54048306,-0.068933465,1.103341,0.031034073,-0.19864538,-0.3113121,-0.54352796,-0.6278796,1.1068753
rna_E18_5-S1#GCCATTCTGACCTTGA-1,-1.350718,0.7893379,-0.16345067,-0.6529508,-0.048808333,-0.3481398,-0.0075278543,1.3260204,0.1144882,0.34174904
rna_E18_5-S1#GCCATTCTGATACGGA-1,-0.40624166,1.0888184,-0.13371792,-0.08880037,0.31507984,-0.3705026,-0.65212727,-0.18977624,-0.45137346,0.8886414
rna_E18_5-S1#GCCATTCTGATCTTAC-1,0.65622556,-0.46616957,-1.334748,0.1743554,1.0978862,1.3572,-0.00018930621,-0.37567616,-0.5106586,-0.5982258
rna_E18_5-S1#GCCATTCTGCAGGTCC-1,-1.0465657,-0.33225983,-0.5305208,-0.3416389,-0.8842814,1.0835131,-0.22668265,1.922898,0.51732236,-0.16178423
rna_E18_5-S1#GCCATTCTGCCATTCT-1,1.6035515,-0.8547249,-1.2755779,1.2804568,1.0184257,0.51991487,-0.7793926,-1.1763717,-0.9184134,0.582132
rna_E18_5-S1#GCCATTCTGCCGCAAC-1,0.71205115,-0.40750962,-0.46301767,0.18475026,1.2302303,-0.12116253,-0.38224712,-0.22064254,-0.5639512,0.03149887
rna_E18_5-S1#GCCATTCTGCGTTGGA-1,3.171469,-1.1161128,-0.96370256,-1.4614899,3.0513585,-0.96490675,-1.102686,-0.66835487,-0.84048074,0.89490646
rna_E18_5-S1#GCCATTCTGCTAACTT-1,-1.0437204,-0.5856355,1.681655,1.9957199,-0.60979813,-0.23997486,-0.51271814,-0.6525443,-0.6254254,0.59244186
rna_E18_5-S1#GCCATTCTGGTACTGC-1,-0.12062621,0.03679788,-0.8146487,-0.6456209,-0.38007364,2.0093453,0.059986956,1.2295235,-0.16782947,-1.2068548
rna_E18_5-S1#GCCATTCTGGTATGCT-1,-0.52449757,-0.48581755,0.41431084,1.7327197,-0.040854022,0.014703684,-0.063343585,-1.0372827,-0.7301805,0.72024167
rna_E18_5-S1#GCCATTCTTAGAATTA-1,0.20382914,-0.60385066,-0.87396127,1.2348783,1.3532536,-0.015606865,-0.6053199,-0.37431854,-0.38306653,0.06416275
rna_E18_5-S1#GCCATTCTTAGAGTAA-1,-1.1856827,0.34828588,0.32293063,-1.2864962,-0.17020583,-0.0057934374,-0.27465755,2.155895,0.38649902,-0.29077485
rna_E18_5-S1#GCCATTCTTAGATCTA-1,1.3129656,-0.62893647,0.17365587,1.2978282,-0.96431524,-0.20646459,0.1829532,-0.41293424,-0.7646345,0.009882126
rna_E18_5-S1#GCCATTCTTCCGGCCT-1,-0.1849376,-0.6201356,0.5103598,1.8020607,-0.13504478,-0.13457409,-0.4257981,-0.7057825,-0.59965,0.49350193
rna_E18_5-S1#GCCATTCTTCCTACCA-1,2.6898615,-0.64128375,-1.2378348,-0.083571285,1.1971706,-0.5138613,0.23389149,-0.57965183,-0.7261398,-0.3385805
rna_E18_5-S1#GCCATTCTTCGGCCTT-1,-0.44030038,-0.24533185,-0.5470866,-0.32133952,-0.39288077,0.27417424,0.027643777,1.7474021,0.3927652,-0.49504614
rna_E18_5-S1#GCCATTCTTCTGATAC-1,0.15843438,-0.72046965,-0.34953165,0.9521154,0.38643864,-0.6427797,-0.16096687,-0.4479532,-0.6703852,1.4950978
rna_E18_5-S1#GCCATTCTTGAGTCTG-1,0.5123937,-0.7029243,-0.45240995,-0.6401392,1.061997,-0.4412318,-0.00040989136,-0.47413573,-0.57705945,1.7139198
rna_E18_5-S1#GCCATTCTTGCCGGCA-1,-0.19541849,-0.68790853,0.18530163,1.2767897,-1.013331,-0.047849834,-0.039589636,-0.4240178,-0.5724137,1.5184377
rna_E18_5-S1#GCCATTCTTGCGGACC-1,-0.12573113,-0.32460922,-0.26228166,-0.020978764,0.71908927,-0.5229634,-0.36986902,-0.37654975,-0.6477846,1.9316783
rna_E18_5-S1#GCCATTCTTGGTCAGC-1,-0.7672465,-0.37393835,0.116309166,1.7613382,-0.6737176,0.25689226,-0.43458095,-0.39031094,-0.33238596,0.8376407
rna_E18_5-S1#GCCATTCTTTACCGAG-1,0.24739355,-0.5936449,-0.24927968,1.8031622,-0.38958225,-0.4339879,-0.06329996,-1.216068,-0.7681997,1.6635065
rna_E18_5-S1#GCCATTCTTTATCCGG-1,-0.6765198,-0.43689698,-0.5397747,1.3682058,0.3194356,0.47171602,-0.51396596,-0.6650881,-0.6551609,1.3280492
rna_E18_5-S1#GCCATTCTTTATTCAT-1,0.08294664,-0.53004944,-0.15625924,0.43859303,0.03199647,-0.57981366,0.27132466,-0.33440742,-0.75532866,1.5309975
rna_E18_5-S1#GCCATTCTTTGACTTC-1,1.4311023,-0.709137,-1.3485196,1.5877323,2.2478406,-0.93994534,-0.54350483,0.61250436,-0.754104,-1.5839686
rna_E18_5-S1#GCCGCAACAACCTGCG-1,-0.8748209,-0.05314747,-1.178587,-0.77989674,-1.3697554,1.2878308,-0.2559715,2.0272675,2.1551383,-0.9580578
rna_E18_5-S1#GCCGCAACAAGAAGCT-1,3.1249866,-1.0547581,-1.0116134,2.1573446,-1.7969072,-0.5980888,2.0928729,-1.1040095,-0.49146706,-1.3183599
rna_E18_5-S1#GCCGCAACAATTAAGA-1,-0.61952084,-1.0733722,3.2676744,2.5760305,-0.64503413,-0.123403,-0.960491,-1.3622503,-0.4299621,-0.6296709
rna_E18_5-S1#GCCGCAACACCGCCAA-1,-0.8047039,-0.32705426,0.09271589,-0.7455642,-0.35482433,0.11566176,-0.20097746,1.6848428,0.82989824,-0.28999454
rna_E18_5-S1#GCCGCAACACGGAGGC-1,0.048615996,-0.44016835,0.96093,1.6174183,-0.38821885,-0.25280866,-0.4892597,-0.7607689,-0.4590114,0.16327155
rna_E18_5-S1#GCCGCAACACTATGCA-1,3.0950155,-1.3629798,-0.49993274,2.4369707,-1.6980255,-0.9403489,2.878253,-1.2784276,-0.90638983,-1.7241348
rna_E18_5-S1#GCCGCAACACTCAATA-1,-0.7273786,-0.1027901,-0.48533654,0.70040715,-0.023480471,0.40027303,-0.40063506,1.2928997,-0.074403845,-0.5795553
rna_E18_5-S1#GCCGCAACACTTAACC-1,0.19068483,-0.9719183,-0.25936362,0.7452684,-0.8408913,-0.061669957,-0.8069078,3.5002227,-0.9620954,-0.5333297
rna_E18_5-S1#GCCGCAACAGAACGTC-1,-1.3232901,0.026550204,0.1816869,1.5189204,-0.9273876,0.45110148,-0.3484415,0.7022153,0.080350146,-0.36170524
rna_E18_5-S1#GCCGCAACAGAGAAGG-1,-0.6536255,0.6500397,-0.80659527,0.032736138,0.064702466,0.3431341,-0.49495107,0.9340223,-0.13822663,0.06876376
rna_E18_5-S1#GCCGCAACAGAGCTAT-1,-0.7439739,-0.072647676,-0.29271337,1.2083118,0.68040574,0.69051856,-0.46365583,0.009353932,-0.5022147,-0.51338446
rna_E18_5-S1#GCCGCAACATAAGGAG-1,-1.0815321,1.7490388,-0.5603884,-0.25889271,-0.46155536,0.0077988803,-0.44320667,0.9589176,0.51210797,-0.422288
rna_E18_5-S1#GCCGCAACATCATATT-1,0.061234877,-0.41186696,-0.7976059,0.25726464,0.25585794,1.7064157,-0.12512474,0.036675394,-0.35662663,-0.6262242
rna_E18_5-S1#GCCGCAACCAACCGCT-1,-0.83468074,2.8309467,-1.2639366,-0.111485,-0.39345497,0.011250392,-0.76786786,1.1934352,-0.10690222,-0.55730486
rna_E18_5-S1#GCCGCAACCATACTCC-1,-0.27547085,1.7916441,-0.94696236,-0.1196367,0.10310204,-0.03641712,-0.6958569,0.44862095,-0.29852694,0.029503748
rna_E18_5-S1#GCCGCAACCCAGTTCC-1,-0.7938375,-0.38496912,-0.24945457,-0.5010911,-0.51127315,0.23686403,0.35747188,1.945235,-0.27687246,0.17792678
rna_E18_5-S1#GCCGCAACCCGAGAAT-1,-0.8803063,-0.49835953,2.178596,1.968688,0.5415452,-0.7879146,-0.43284872,-1.0596884,-0.6227682,-0.40694365
rna_E18_5-S1#GCCGCAACCCGATTCC-1,-1.038845,1.8029145,-1.1691831,-0.2043632,-0.68090934,-0.38727528,-0.8370414,1.9725736,0.6743486,-0.13221945
rna_E18_5-S1#GCCGCAACCGAACGCC-1,-0.6926687,0.8069875,-0.70607626,-0.5588044,-0.56945586,-0.50046295,-0.008007422,1.9102421,0.7126715,-0.39442572
rna_E18_5-S1#GCCGCAACCGACGCGA-1,3.0959945,-0.96339405,-0.76763,2.1976104,-2.1177864,-0.8193586,2.5637987,-0.94462067,-0.8503563,-1.3942578
rna_E18_5-S1#GCCGCAACCTAAGAGA-1,-0.58225834,0.26705924,-0.5107698,0.015218422,0.09912495,0.022665419,-0.58561486,1.1328182,0.11343682,0.028319828
rna_E18_5-S1#GCCGCAACCTGATGGT-1,-0.07979032,-0.38993406,-0.35326076,1.9020605,0.78361905,0.0838175,-0.272604,-0.44738856,-0.4468716,-0.7796478
rna_E18_5-S1#GCCGCAACCTTGCGCC-1,-1.041101,-0.4896922,0.7440377,2.2063425,0.47106314,0.28364494,-0.47937047,-0.80224615,-0.5728145,-0.31986392
rna_E18_5-S1#GCCGCAACGAAGATCG-1,2.903944,-1.3957407,-0.52539927,2.1943276,-1.8877289,-0.7600099,2.3316636,-0.79023486,-0.8608654,-1.2099559
rna_E18_5-S1#GCCGCAACGACCTTGA-1,-0.7318132,-0.8619221,3.3501902,-1.0163214,-0.35425,-1.126438,-0.62531376,2.3143857,-0.3032532,-0.6452643
rna_E18_5-S1#GCCGCAACGATACGGA-1,2.5695066,-1.1899252,0.8567836,1.5710443,-2.0081048,-1.4665612,2.9240322,-0.9681444,-1.3842686,-0.90436256
rna_E18_5-S1#GCCGCAACGATCTTAC-1,0.069063306,-0.60671043,-0.35066354,2.360709,0.81067985,0.111552894,-0.53549707,-1.146836,-0.66687393,-0.045423944
rna_E18_5-S1#GCCGCAACGCAGGTCC-1,-0.9175553,-0.1659061,-0.34788048,1.3389764,-0.49287277,0.69912225,-0.5884672,0.42454338,-0.13449442,0.1845342
rna_E18_5-S1#GCCGCAACGCCATTCT-1,-1.0673134,-0.3030801,-0.37278885,1.8655562,0.17134511,0.7148974,-0.22680801,-0.33115512,-0.42931724,-0.021335997
rna_E18_5-S1#GCCGCAACGCCGCAAC-1,-0.7399207,-0.19486448,-0.11788838,1.5985675,0.40187418,0.32590023,-0.12640187,-0.47590372,-0.6805498,0.009187017
rna_E18_5-S1#GCCGCAACGCGTTGGA-1,0.6347671,-0.6698611,-0.5701595,1.8909247,-0.6666331,0.054017324,0.24932173,-0.18378788,-0.2637623,-0.47482696
rna_E18_5-S1#GCCGCAACGCTAACTT-1,-0.72058725,-0.19629262,-0.805503,-0.4697757,0.5559375,1.4856048,-0.14127642,1.0278512,-0.18974657,-0.5462118
rna_E18_5-S1#GCCGCAACGGCTGAGC-1,-0.8065492,2.5937684,-1.1589806,-0.05087498,-0.7823339,-0.38999975,-0.67425597,1.4333562,0.1589382,-0.32306817
rna_E18_5-S1#GCCGCAACGGTACTGC-1,-0.95978665,-0.5336916,0.13661005,2.06288,0.47489378,-0.21734984,-0.33972946,-0.7326379,-0.5091234,0.6179351
rna_E18_5-S1#GCCGCAACGGTATGCT-1,0.4683886,-0.42811966,-1.0612601,0.33531633,0.12534925,0.9904599,-0.19584954,0.6123532,-0.32569227,-0.5209457
rna_E18_5-S1#GCCGCAACTAGAATTA-1,-0.80584323,-0.56729394,0.07965018,1.8118769,0.7855702,-0.015962064,-0.4307785,-0.77946156,-0.5722584,0.49450028
rna_E18_5-S1#GCCGCAACTAGAGTAA-1,-0.8819397,-0.5811744,1.0083389,0.7767692,-0.7632468,0.28327054,-0.62982166,2.2017255,-0.3754238,-1.0384977
rna_E18_5-S1#GCCGCAACTAGATCTA-1,-0.75290537,-0.66000694,2.8626862,1.6181378,0.13465784,-0.88215435,-0.86990297,-0.2807787,-0.7660268,-0.4037069
rna_E18_5-S1#GCCGCAACTCCGGCCT-1,0.19473952,-0.6282438,-0.6185256,0.39314154,0.4735908,0.87548774,-0.015588731,0.46228787,-0.5496603,-0.5872291
rna_E18_5-S1#GCCGCAACTCCTACCA-1,0.19102159,-0.32048112,-0.63451713,0.09588708,0.67551637,0.5333574,-0.36885345,0.40213138,-0.18540753,-0.38865447
rna_E18_5-S1#GCCGCAACTCGGCCTT-1,-0.86117864,1.3119354,-0.7290039,0.95988023,-0.81189764,0.30321404,-0.79342234,0.96357274,-0.056479305,-0.2866205
rna_E18_5-S1#GCCGCAACTCTGATAC-1,2.8111305,-1.3898861,-0.2971389,2.4661398,-1.9448273,-0.75186217,3.024891,-1.3215398,-1.0449781,-1.5519286
rna_E18_5-S1#GCCGCAACTGAGTCTG-1,1.3150959,-0.7249236,-0.14198175,1.7644551,-0.29639766,-0.17425111,1.0135784,-1.0130539,-0.7214151,-1.0211065
rna_E18_5-S1#GCCGCAACTGCCGGCA-1,-0.059251457,-0.298905,0.84111524,2.138957,-0.29480264,-0.39138094,-0.48669973,-0.7373569,-0.24963036,-0.46204516
rna_E18_5-S1#GCCGCAACTGCGGACC-1,-0.93267393,-0.5229423,0.112712845,1.5765804,-0.40136164,0.21912603,-0.45500475,-0.35611683,-0.79122937,1.5509094
rna_E18_5-S1#GCCGCAACTGGTCAGC-1,2.2516468,-0.847362,-0.39337838,1.6642177,-0.8218515,-1.0282251,1.5396385,-0.68460715,-0.972474,-0.7076049
rna_E18_5-S1#GCCGCAACTTACCGAG-1,0.97323084,-0.79145277,-0.25067002,-1.4173754,1.2923888,-0.667575,-0.2617267,-0.2843055,0.32911676,1.0783693
rna_E18_5-S1#GCCGCAACTTATCCGG-1,2.1235256,-0.8914294,-0.8554827,1.6251773,-1.7741994,0.11168363,2.0837545,-0.5773515,-0.5920844,-1.2535937
rna_E18_5-S1#GCCGCAACTTATTCAT-1,-0.8027771,-0.015340943,2.8782284,2.5068696,-0.65157926,-1.1495003,-0.71662796,-1.0658708,-0.7352848,-0.24811704
rna_E18_5-S1#GCCGCAACTTGACTTC-1,-1.0762689,-0.20530538,-0.2920246,1.733729,-0.2087565,0.62335306,-0.29591328,0.83756566,-0.54758537,-0.5687936
rna_E18_5-S1#GCGTTGGAAACCTGCG-1,-0.65503895,0.5991982,-0.42953902,-0.6378212,-1.0054816,1.5146338,0.49840507,1.8683151,-1.0539528,-0.6987183
rna_E18_5-S1#GCGTTGGAAAGAAGCT-1,-0.9552288,-0.5639781,0.32072538,1.5914698,-0.80843335,-0.0924296,-0.27352744,-0.075590394,-0.4031556,1.260148
rna_E18_5-S1#GCGTTGGAAATTAAGA-1,-0.27549356,0.5526208,1.2408874,0.7745676,-0.16193251,-0.9107714,0.18799324,0.72202283,-0.90956324,-1.220331
rna_E18_5-S1#GCGTTGGAACCGCCAA-1,-0.6360312,0.14666323,-0.43090716,-0.78607833,-0.43200624,0.07537185,-0.009745147,1.396292,1.084727,-0.40828612
rna_E18_5-S1#GCGTTGGAACGGAGGC-1,-1.1655761,-0.48092633,1.11403,1.9084923,0.6187863,0.20175612,-0.32533628,-1.1215507,-0.5381596,-0.21151565
rna_E18_5-S1#GCGTTGGAACTATGCA-1,-0.08158217,-0.7692681,-0.045455035,1.262332,-0.3817204,-0.1703346,-0.24107575,-0.45305964,-0.6745949,1.5547587
rna_E18_5-S1#GCGTTGGAACTCAATA-1,-0.058065355,-0.18927734,-0.665119,0.17222454,1.0908548,-0.6659824,-0.30417907,0.61963415,-0.34367555,0.34358525
rna_E18_5-S1#GCGTTGGAACTTAACC-1,-0.57954395,-0.98216057,-0.20447649,-0.31902048,-0.69063324,0.74892604,-0.0253259,2.6007843,0.1299647,-0.67851436
rna_E18_5-S1#GCGTTGGAAGAACGTC-1,-1.3981801,-0.18719575,0.24774718,1.8251512,-0.35880664,0.2328971,-0.43907145,0.25066772,-0.36997995,0.19677082
rna_E18_5-S1#GCGTTGGAAGAGAAGG-1,-0.7092999,-0.47609806,0.91712606,1.5548934,0.05634921,-0.69750315,-0.00032982975,-0.8246647,-0.7924986,0.97202575
rna_E18_5-S1#GCGTTGGAAGAGCTAT-1,-1.3473958,-0.302987,0.0021007098,1.8415902,-0.15032317,0.40434638,-0.48560598,-0.02216087,-0.47353914,0.5339747
rna_E18_5-S1#GCGTTGGAATCATATT-1,0.38114858,-0.76324373,0.0213935,1.0321829,-0.0025004894,-0.2355468,0.05582147,-0.10886544,-0.7302122,0.3498222
rna_E18_5-S1#GCGTTGGACAACCGCT-1,-0.99541676,1.5132393,-0.8725951,-0.33624688,-0.14940915,-0.06317294,-0.6650882,1.8701074,0.10908706,-0.4105047
rna_E18_5-S1#GCGTTGGACATACTCC-1,-0.6507138,-0.50344867,0.5905202,1.7648901,0.902035,-0.73389685,-0.22310084,-1.0485299,-0.8174263,0.7196711
rna_E18_5-S1#GCGTTGGACCAGTTCC-1,-0.5576454,-0.5047759,-0.8375944,-0.15572292,-0.44058284,1.3853477,-0.5446592,2.123441,0.33237243,-0.80018044
rna_E18_5-S1#GCGTTGGACCGAGAAT-1,-1.0707568,0.16190602,0.08609849,0.41161174,0.38974214,-0.6572547,-0.07254029,1.0622711,-1.0590612,0.7479834
rna_E18_5-S1#GCGTTGGACCGATTCC-1,-0.44840878,2.4430091,-1.2375879,-0.19554216,-0.36137187,0.082732156,-1.2871188,0.7417765,-0.027066067,0.28957772
rna_E18_5-S1#GCGTTGGACGACGCGA-1,-0.35886598,-0.6068002,0.05169989,1.3738338,-1.0215364,0.9244175,-0.083667554,-0.74525404,-0.7762953,1.2424682
rna_E18_5-S1#GCGTTGGACTAAGAGA-1,-1.0533341,1.3574336,-0.13881905,0.7608703,-0.08872469,0.01374557,-0.45607477,-0.19258226,-0.43336666,0.23085219
rna_E18_5-S1#GCGTTGGACTGATGGT-1,-0.19941501,-0.3397534,-0.083863854,1.492661,0.3068116,-0.13282047,-0.0044626165,-0.5482186,-0.6655708,0.17463206
rna_E18_5-S1#GCGTTGGACTTGCGCC-1,-1.0781213,-0.18296893,0.22436889,1.537701,-0.39465815,-0.29131907,-0.19628853,0.081084356,-0.5688901,0.8690918
rna_E18_5-S1#GCGTTGGAGAAGATCG-1,-0.31715357,-0.3782459,0.68041533,2.0913453,-0.28040475,-0.018950492,-0.466304,-0.42008662,-0.44899482,-0.44162053
rna_E18_5-S1#GCGTTGGAGACCTTGA-1,-0.60878634,0.42227668,-0.54116243,-0.698645,-0.6286316,0.039043535,0.14278199,2.153031,0.5490915,-0.8289994
rna_E18_5-S1#GCGTTGGAGATACGGA-1,0.64972645,-0.6818341,0.2602062,1.2488297,0.43462887,-0.6498256,-0.8753958,-1.0175291,-0.90604705,1.5372405
rna_E18_5-S1#GCGTTGGAGATCTTAC-1,0.039138474,-0.78664285,-0.7615078,1.2881271,1.8471576,-0.21109775,-0.8799597,-0.834253,-0.6001114,0.89914936
rna_E18_5-S1#GCGTTGGAGCAGGTCC-1,-1.1484785,0.027692221,-0.014191844,2.051298,-0.66939354,-0.037822776,-0.37421444,-0.8615092,-0.08192734,1.1085476
rna_E18_5-S1#GCGTTGGAGCCATTCT-1,-1.209743,-0.23219693,0.672979,1.8010143,0.815532,-0.7186166,-0.41458866,-0.90147096,-0.67577624,0.8628672
rna_E18_5-S1#GCGTTGGAGCCGCAAC-1,-0.2244077,-0.42463353,-0.5129711,1.1230315,-0.30519453,0.5470901,0.82680327,0.14572182,-0.65810937,-0.5173305
rna_E18_5-S1#GCGTTGGAGCGTTGGA-1,2.4038086,-0.5991437,-0.92181325,1.217266,1.508638,-0.7490506,-0.35030958,-0.59717405,-0.7803397,-1.1318818
rna_E18_5-S1#GCGTTGGAGCTAACTT-1,-0.5316678,-0.24476446,0.3067009,0.7103577,-0.05932395,0.5335242,-0.2480038,0.28055683,-0.55605376,-0.1913258
rna_E18_5-S1#GCGTTGGAGGCTGAGC-1,-0.5311304,1.387981,-0.7215121,0.15816763,0.60380346,-0.40955067,-1.590936,0.4282635,-0.15909775,0.83401114
rna_E18_5-S1#GCGTTGGAGGTACTGC-1,-1.0046883,-0.04957538,0.20519096,1.8666997,-0.10930411,-0.09345677,-0.22734869,-0.062753595,-0.34532377,-0.17944005
rna_E18_5-S1#GCGTTGGAGGTATGCT-1,-0.6017318,-0.21413249,-0.49774754,0.31524956,-0.56100273,0.59917074,0.23985636,1.1127365,0.18936059,-0.58175915
rna_E18_5-S1#GCGTTGGATAGAATTA-1,-0.77905846,-0.10512929,-0.06518827,0.5415242,0.09947391,-0.5066464,0.39236906,0.86053026,-0.6819075,0.24403241
rna_E18_5-S1#GCGTTGGATAGAGTAA-1,-0.7028625,-0.13787124,-0.69185406,-0.47498167,-0.042369924,0.8318175,0.30939186,1.7150766,-0.12438661,-0.68196
rna_E18_5-S1#GCGTTGGATAGATCTA-1,-0.10928216,-0.5094524,0.11237347,1.4607878,0.6170764,-0.46098706,-0.009984195,-1.4341961,-0.7111068,1.0447712
rna_E18_5-S1#GCGTTGGATCCGGCCT-1,-1.2128768,-0.3598742,0.09116168,1.8550043,-0.8021036,0.40374637,-0.19650447,-0.115662396,-0.4093759,0.74648494
rna_E18_5-S1#GCGTTGGATCCTACCA-1,-0.92035353,0.20044516,-0.8085641,0.68599826,-0.93285507,1.110109,-0.32383785,0.82339257,-0.5096486,0.67531425
rna_E18_5-S1#GCGTTGGATCGGCCTT-1,-0.80379677,-0.4389133,-0.34963536,1.7602291,-0.2628733,0.48920095,-0.1820315,-0.16763781,-0.5669288,0.52238667
rna_E18_5-S1#GCGTTGGATCTGATAC-1,-0.81011385,-0.4505295,0.8134411,1.955574,-0.53532785,0.23735198,-0.30057365,-0.6728612,-0.5072335,0.2702724
rna_E18_5-S1#GCGTTGGATGAGTCTG-1,0.30516928,-0.4002808,-0.45236662,1.0315241,-0.38217017,0.5327688,0.28441828,-0.22240002,-0.67188835,-0.024774563
rna_E18_5-S1#GCGTTGGATGCCGGCA-1,-0.561264,-0.9821798,3.4722588,2.3692567,-0.4848394,-0.5081814,-0.7033207,-1.0251168,-0.54849535,-1.0281185
rna_E18_5-S1#GCGTTGGATGCGGACC-1,-0.7169261,-0.38625827,-0.35928094,1.8082058,-0.46885777,0.47446737,-0.17728713,-0.5851005,-0.56437004,0.9754076
rna_E18_5-S1#GCGTTGGATGGTCAGC-1,-0.60117745,-0.5005468,0.3571679,1.7713428,-0.97237664,0.18350449,-0.17152384,-0.7103804,-0.40408218,1.048072
rna_E18_5-S1#GCGTTGGATTACCGAG-1,1.5510378,-0.09130399,-0.27281365,1.2642629,0.46749488,-0.5494253,-0.61304724,-0.19008061,-0.7273124,-0.8388123
rna_E18_5-S1#GCGTTGGATTATCCGG-1,0.3811875,-0.5473641,-0.57489866,1.4445266,0.13226333,0.65549815,-0.18787287,-0.666523,-0.67693615,0.040119197
rna_E18_5-S1#GCGTTGGATTATTCAT-1,1.2814491,-1.0159395,1.587353,1.7756643,-0.5032772,-1.1480846,0.92290574,-1.3512135,-1.1996377,-0.34921974
rna_E18_5-S1#GCGTTGGATTGACTTC-1,-0.74584484,-0.03807549,-0.46208546,1.4093,-0.106940314,-0.11261645,-0.028080389,0.37145352,-0.43250045,0.14538991
rna_E18_5-S1#GCTAACTTACCGCCAA-1,-0.7906895,0.4479376,-0.40298522,-0.8233446,-0.4789899,0.3335313,-0.110399656,1.6396085,0.70473516,-0.51940364
rna_E18_5-S1#GCTAACTTACGGAGGC-1,-0.48104882,-0.3987192,-0.68350893,-0.5964019,-0.6701428,1.011545,-0.043051094,2.2688265,0.05306469,-0.46056342
rna_E18_5-S1#GCTAACTTACTCAATA-1,2.5090506,-0.79348564,-0.91228193,2.0298371,-2.0060935,-0.7529594,1.5124044,0.9261442,-0.62780267,-1.8848132
rna_E18_5-S1#GCTAACTTACTTAACC-1,-0.99340343,0.71099603,-0.72539455,-1.0393581,-0.74997216,0.32964548,-0.2240924,1.7284809,1.7358284,-0.77273
rna_E18_5-S1#GCTAACTTAGAACGTC-1,-0.62497413,1.0656328,-0.85061735,-0.2587833,-0.53876376,1.2726512,-0.30340725,0.7884846,-0.091831565,-0.45839143
rna_E18_5-S1#GCTAACTTAGAGCTAT-1,0.2595058,-1.0797104,3.1073887,-0.6096401,-0.26535028,-1.0489827,-0.92567426,2.682651,-0.8099404,-1.3102472
rna_E18_5-S1#GCTAACTTATAAGGAG-1,-0.77046406,3.043406,-0.7178604,-0.20116878,-0.48263186,-0.71585983,-1.1029705,1.1203431,0.16468357,-0.33747733
rna_E18_5-S1#GCTAACTTCAACCGCT-1,-1.1510742,-0.12568405,0.1535991,-0.60063887,-0.28263193,0.30512682,-0.0032889321,1.6938515,0.38535184,-0.3746113
rna_E18_5-S1#GCTAACTTCCAGTTCC-1,-0.6966142,-0.65622956,0.3411464,-0.16028105,-1.0217674,0.9323894,0.32403192,1.8826283,-0.103744626,-0.84155923
rna_E18_5-S1#GCTAACTTCCGAGAAT-1,0.018279765,-0.5822428,-0.5629097,-0.57848126,-0.82326096,1.2481807,1.3713949,1.7685072,-0.98295504,-0.87651277
rna_E18_5-S1#GCTAACTTCCGATTCC-1,-0.6158937,-0.28501672,-0.16661555,-0.4013867,-0.15743285,0.32214645,-0.3561053,1.6549566,0.35765025,-0.35230237
rna_E18_5-S1#GCTAACTTCGAACGCC-1,-0.47113442,-0.100973055,-0.73987603,-0.5183021,-0.509081,-0.045867212,-0.10598105,1.654363,1.0699613,-0.23310944
rna_E18_5-S1#GCTAACTTCTAAGAGA-1,1.3106798,-1.0593034,0.9931315,0.68484384,-1.0631205,-0.68425757,0.46812126,1.1143657,-0.99236417,-0.7720962
rna_E18_5-S1#GCTAACTTCTGATGGT-1,-0.6299069,-0.5910123,-0.5079584,-0.43150437,-0.5726359,0.95162743,0.46220154,2.3259492,-0.34197122,-0.66478896
rna_E18_5-S1#GCTAACTTCTTGCGCC-1,-0.383489,-0.10102132,-0.25780872,-0.7054694,0.18457486,1.5926338,0.40526235,0.7060175,-0.56137806,-0.8793224
rna_E18_5-S1#GCTAACTTGACCTTGA-1,-0.26544225,-0.42599666,-0.22019984,-0.7768433,-0.58447033,-0.09410626,0.26761684,1.7481723,0.6999168,-0.3486473
rna_E18_5-S1#GCTAACTTGATCTTAC-1,0.006153196,-1.33516,1.6511922,0.56910944,-0.2360278,-0.79905397,-0.87072617,2.2773979,-0.53802,-0.72486454
rna_E18_5-S1#GCTAACTTGCAGGTCC-1,-0.9154076,-0.6083704,1.2254173,-1.1346914,-0.4741762,-0.15066709,-0.34228525,2.2591264,0.52010185,-0.3790476
rna_E18_5-S1#GCTAACTTGCCATTCT-1,2.3639107,-0.5209904,-1.1185663,1.2830948,-0.40888873,-0.8539185,0.48946217,1.1312591,-0.858908,-1.5064551
rna_E18_5-S1#GCTAACTTGCCGCAAC-1,-0.49057636,-0.80688566,-0.093120694,-0.761186,-0.840973,0.5656541,1.337701,2.3512993,-0.47725376,-0.784659
rna_E18_5-S1#GCTAACTTGCGTTGGA-1,2.2514741,-0.43577388,-0.47062427,1.5785383,-1.0804569,-0.46694744,0.18456553,-0.12818885,-0.72155213,-0.7110345
rna_E18_5-S1#GCTAACTTGGCTGAGC-1,-0.9019958,2.8658786,-1.0300324,-0.25229898,-0.38982415,-0.6405824,-0.31016326,1.0603324,0.07551043,-0.47682443
rna_E18_5-S1#GCTAACTTGGTACTGC-1,0.9685669,-0.62745047,-0.9796532,1.3737757,1.5184054,-0.3115014,-0.8327851,0.34066147,-0.3918656,-1.0581537
rna_E18_5-S1#GCTAACTTTAGAATTA-1,3.090748,-0.5072195,-0.92667764,0.8307062,1.0820398,-0.83633804,-0.7999714,-0.26231748,-0.4971925,-1.1737777
rna_E18_5-S1#GCTAACTTTAGAGTAA-1,-0.7093296,0.55775464,-0.55456746,-0.16947979,-0.7983373,0.12951672,-0.13437808,1.5490061,0.44668108,-0.31686646
rna_E18_5-S1#GCTAACTTTAGATCTA-1,-0.09006761,-0.4351253,-0.4976639,-0.19086373,1.172479,0.059921294,-0.79834217,-0.17757456,-0.5695005,1.5267373
rna_E18_5-S1#GCTAACTTTCCTACCA-1,2.7868657,-1.1506987,-1.221737,2.105071,-2.0018458,-0.06897251,2.6181426,-0.530849,-0.83227825,-1.703698
rna_E18_5-S1#GCTAACTTTCGGCCTT-1,-0.717364,-0.13813,-0.48598957,-0.5823948,-0.534809,0.7733117,0.16768475,1.9619427,0.12459341,-0.5688453
rna_E18_5-S1#GCTAACTTTGAGTCTG-1,0.12086659,-0.19457035,-0.99856186,-0.42788866,-0.2536018,0.8050099,0.19145656,1.7904347,-0.25362146,-0.77952373
rna_E18_5-S1#GCTAACTTTGCGGACC-1,-0.60889083,0.7359894,-0.7211713,0.014886528,0.543029,0.10707511,-1.1274763,0.8311878,-0.30117634,0.526547
rna_E18_5-S1#GCTAACTTTTGACTTC-1,2.6793103,-0.63405794,-1.039191,1.3410727,-1.4259219,-0.6155194,0.36103454,1.4692355,-0.51621586,-1.6197467
rna_E18_5-S1#GGCTGAGCAACCTGCG-1,-0.76334274,0.40568334,-0.4715775,-0.42550874,-0.18870193,0.69607747,0.4959068,1.0233102,-0.31456104,-0.45728597
rna_E18_5-S1#GGCTGAGCAAGAAGCT-1,0.045518715,-0.5290718,-0.2922453,1.7586255,0.4202834,-0.75158393,-0.4641021,-1.0735341,-0.6239383,1.5100479
rna_E18_5-S1#GGCTGAGCAATTAAGA-1,0.24169642,-0.7481056,0.14756206,1.3520148,-0.18455096,-0.70694035,-0.55466783,-0.7214293,-0.7524667,1.9268875
rna_E18_5-S1#GGCTGAGCACGGAGGC-1,-0.9929995,0.6575905,-0.26625186,0.89954126,0.30143797,-0.26583293,-0.69948936,-0.09277497,-0.46149963,0.9202786
rna_E18_5-S1#GGCTGAGCACTATGCA-1,-0.4572827,-0.6893069,1.1788439,1.5926042,0.6023093,-0.7039879,-0.2526237,-1.2559646,-0.96054304,0.94595164
rna_E18_5-S1#GGCTGAGCACTCAATA-1,-0.85786206,0.5245631,-0.28727704,-0.5947471,-0.53228307,0.3290568,-0.73785985,2.0548766,0.3447117,-0.2431788
rna_E18_5-S1#GGCTGAGCAGAGAAGG-1,0.48549822,-0.95751905,-0.7120275,1.002518,1.1801171,-0.7011791,-0.5196992,-0.9527296,-0.79210436,1.9671254
rna_E18_5-S1#GGCTGAGCAGAGCTAT-1,-0.12157385,0.4092698,-0.6109337,-0.7351851,-0.13676874,-0.3175006,-0.023602672,1.1550232,0.5608112,-0.1795396
rna_E18_5-S1#GGCTGAGCATCATATT-1,-0.35001054,-0.5063742,0.6861727,1.1732626,-0.46284088,-0.3968574,0.28177664,-0.8799164,-0.6950177,1.1498053
rna_E18_5-S1#GGCTGAGCCATACTCC-1,-0.15125988,-0.35153756,1.7647105,1.2898339,0.49361014,-0.84915996,-0.96281147,-1.7469229,-1.1007329,1.6142702
rna_E18_5-S1#GGCTGAGCCCGAGAAT-1,-0.42927212,0.23981333,-0.39557302,0.03454107,-0.6418133,0.6814886,0.25878537,0.78338695,-0.5521589,0.02080208
rna_E18_5-S1#GGCTGAGCCGACGCGA-1,-0.3559879,-0.8715797,0.45884588,2.040939,0.25904527,-0.9173079,-0.907946,-0.5298786,-0.61700064,1.4408705
rna_E18_5-S1#GGCTGAGCCTAAGAGA-1,-0.62199956,-0.4296634,-0.87634385,0.07706965,0.84380895,0.50070536,-1.1085273,1.1916856,1.2138662,-0.7906018
rna_E18_5-S1#GGCTGAGCCTGATGGT-1,1.361586,-0.7674917,-0.42710686,-0.7025101,1.5558243,-0.86254734,-1.1154763,-0.18171014,-0.3548451,1.4942771
rna_E18_5-S1#GGCTGAGCCTTGCGCC-1,-1.255191,2.0678256,-1.1684971,-0.024528172,-0.29978675,1.2036328,-1.2660415,1.422749,-0.17830563,-0.5018573
rna_E18_5-S1#GGCTGAGCGAAGATCG-1,1.3563001,-0.64516467,-0.5134699,1.702392,-0.26045364,-0.2229881,0.5990567,-0.59887534,-0.6712672,-0.74552995
rna_E18_5-S1#GGCTGAGCGATACGGA-1,-0.89935607,1.146713,0.016003162,0.34477496,-0.45969057,-0.40461868,-0.45772314,-0.09850564,-0.26664755,1.0790504
rna_E18_5-S1#GGCTGAGCGATCTTAC-1,-0.93786865,0.62382936,-0.40290198,-0.31552866,-0.5164124,0.060567953,-0.06348246,1.9300826,0.09464274,-0.47292843
rna_E18_5-S1#GGCTGAGCGCCATTCT-1,-0.115303785,0.39639956,-0.23685387,-0.20332149,0.39414823,0.038025364,-0.39272678,0.6151916,-0.24463278,-0.25092596
rna_E18_5-S1#GGCTGAGCGCCGCAAC-1,-0.7131877,-0.55595547,1.3044821,1.8353907,-0.8966799,-0.24089408,-0.10283939,-0.6904635,-0.56816894,0.62831575
rna_E18_5-S1#GGCTGAGCGCGTTGGA-1,0.46469104,-0.46445245,0.10881412,0.9245599,0.28409207,0.13727666,-0.30412018,-0.016609266,-0.4407847,-0.6934673
rna_E18_5-S1#GGCTGAGCGCTAACTT-1,-0.16452374,-0.54470956,0.11033452,0.5433559,0.9601564,-0.7462675,-0.42693362,-0.8574893,-0.95045906,2.0765362
rna_E18_5-S1#GGCTGAGCGGTACTGC-1,-0.48090577,0.10384199,-0.60629666,-0.06956603,-0.047980554,0.09895209,-0.4820698,2.2863715,-0.24418597,-0.5581608
rna_E18_5-S1#GGCTGAGCGGTATGCT-1,1.3177918,-0.94263995,-0.7071017,-0.39847285,-0.12946825,0.021614552,0.57762975,-0.69998246,-0.65526354,1.6158926
rna_E18_5-S1#GGCTGAGCTAGAATTA-1,-0.5920698,-0.14495164,-0.44926125,-0.42016494,0.058091015,0.11819123,0.35856426,1.8526806,-0.1974105,-0.58366907
rna_E18_5-S1#GGCTGAGCTAGATCTA-1,-0.36347342,-0.44787955,0.30481097,1.769159,-0.32080716,-0.11627908,-0.16305374,-0.57583565,-0.5426869,0.45604563
rna_E18_5-S1#GGCTGAGCTCCGGCCT-1,0.9477157,-0.35158968,-0.23237674,0.5459217,0.431749,-0.03890807,-0.08780928,-0.16792755,-0.60470337,-0.4420718
rna_E18_5-S1#GGCTGAGCTCCTACCA-1,-0.45952863,-0.2525978,-0.63863623,-0.024308084,0.22832373,1.4736788,-0.04664167,1.1962425,-0.5506133,-0.92591906
rna_E18_5-S1#GGCTGAGCTCTGATAC-1,1.4345272,-0.90371764,-0.91571563,0.0033049285,1.4736418,-0.15957072,-0.6581959,-0.90939766,-0.74298805,1.378112
rna_E18_5-S1#GGCTGAGCTGAGTCTG-1,-0.24817789,-0.6587917,-0.65470606,1.718693,0.018786794,0.6406475,-0.39108068,-0.55148757,-0.789798,0.91591454
rna_E18_5-S1#GGCTGAGCTGCCGGCA-1,0.107230924,-0.5971091,-0.5026821,0.5258405,1.6682445,-0.4540188,-0.55910504,-0.28962904,-0.8527568,0.953985
rna_E18_5-S1#GGCTGAGCTGCGGACC-1,-1.1554643,-0.5434185,-0.008810177,1.7774955,0.09836404,-0.10847708,-0.63203394,0.029648945,-0.9519479,1.4946434
rna_E18_5-S1#GGCTGAGCTGGTCAGC-1,-0.44437578,-0.78392124,0.6589138,2.0514805,-0.64339733,-0.45516887,-0.4077134,-0.71597034,-0.5105046,1.2506571
rna_E18_5-S1#GGCTGAGCTTACCGAG-1,-0.8955255,-0.39592445,0.42190027,1.2831228,-0.09889026,-0.60638434,-0.22835505,-0.30583438,-0.6420198,1.4679108
rna_E18_5-S1#GGCTGAGCTTATCCGG-1,-0.9026252,-0.45857355,0.35918447,1.9778563,-0.98276997,0.20754647,-0.5215427,-0.14689708,-0.2638672,0.73168856
rna_E18_5-S1#GGCTGAGCTTATTCAT-1,0.15650168,-0.6072434,-0.41441584,0.90517926,0.6161414,-0.70217985,-0.2351311,-0.8549401,-0.828429,1.9645168
rna_E18_5-S1#GGCTGAGCTTGACTTC-1,0.63503015,-0.48709178,-0.8859318,0.18705809,1.6553828,0.42269695,-0.52369374,-0.11581591,-0.42485505,-0.4627797
rna_E18_5-S1#GGTACTGCAACCTGCG-1,-0.5728837,-0.5251378,0.2767433,1.491698,0.15793559,0.8544643,-0.10097564,-0.3038538,-0.7965429,-0.48144734
rna_E18_5-S1#GGTACTGCAAGAAGCT-1,-0.38456032,-0.5402381,0.11628423,1.1227906,-0.18109462,0.07856829,-0.48704365,-0.25106937,-0.53213125,1.0584942
rna_E18_5-S1#GGTACTGCAATTAAGA-1,1.1485142,-0.6422055,-0.1397528,1.9384054,0.29928982,-0.26026586,-0.6606904,-1.0198421,-0.5881708,-0.0752816
rna_E18_5-S1#GGTACTGCACGGAGGC-1,0.32081473,-0.72169125,-0.358344,-0.00680485,0.37075642,-0.34708843,-0.55952907,0.005778022,-0.2840399,1.5801485
rna_E18_5-S1#GGTACTGCACTATGCA-1,-0.3585911,-0.5706508,0.7852917,1.6916974,-0.81777346,-0.15248965,0.024157632,-0.80312717,-0.53474486,0.7362304
rna_E18_5-S1#GGTACTGCACTCAATA-1,-0.21239768,-0.67697644,-0.6697496,0.8310275,0.30635506,1.1618663,-0.650182,-0.001164183,-0.6387872,0.5500084
rna_E18_5-S1#GGTACTGCACTTAACC-1,-1.2039106,2.3175113,-1.0136802,-0.6650547,-0.6737416,0.45957646,-0.5702965,1.8675421,0.355278,-0.8732245
rna_E18_5-S1#GGTACTGCAGAACGTC-1,-1.3639451,0.118690506,-0.6310351,-0.29240394,-0.45789364,0.054271508,-0.41588935,1.3370215,0.49939403,1.1517898
rna_E18_5-S1#GGTACTGCAGAGAAGG-1,-0.79888767,-0.6716586,1.1178863,1.6938596,-0.08513697,-0.589272,-0.33486676,-0.7734419,-0.8010403,1.2425584
rna_E18_5-S1#GGTACTGCAGAGCTAT-1,-1.1041337,2.611237,-0.8803284,-0.048932068,-0.24428712,-0.14142981,-0.9493215,1.3884526,-0.23980506,-0.39145207
rna_E18_5-S1#GGTACTGCATCATATT-1,0.484415,-0.63877636,-0.37210187,1.3217127,0.07394024,-0.73501074,-0.26920182,-0.63828284,-0.7635793,1.536885
rna_E18_5-S1#GGTACTGCCAACCGCT-1,-1.170371,0.000978414,0.23190896,-0.8003701,-0.76787716,0.5311777,0.22346874,2.2906563,-0.007763602,-0.53180844
rna_E18_5-S1#GGTACTGCCATACTCC-1,-1.0558735,-0.517098,1.5558813,2.1766956,0.19186758,-0.2882231,-0.671081,-0.3459013,-0.4391011,-0.6071664
rna_E18_5-S1#GGTACTGCCCGAGAAT-1,0.9707635,-0.8229538,-0.22322479,0.43708277,2.0475857,-0.9057349,0.5284278,-1.4703654,-1.2973727,0.7357918
rna_E18_5-S1#GGTACTGCCGACGCGA-1,-0.017271496,-0.5178089,0.06200386,1.8890629,-0.65501547,-0.2798002,-0.009483986,-1.1140368,-0.58616334,1.2285132
rna_E18_5-S1#GGTACTGCCTAAGAGA-1,-0.5585784,-0.08332789,-0.67222875,-0.010837443,-0.15071782,1.7199684,-0.316309,0.16557549,-0.13334493,0.039800234
rna_E18_5-S1#GGTACTGCCTGATGGT-1,1.1692687,-0.46723658,-0.1181023,1.8382964,0.09303142,-0.3685215,0.45873052,-1.3284565,-0.8701033,-0.40690678
rna_E18_5-S1#GGTACTGCCTTGCGCC-1,-1.4847858,-0.63803005,-0.4024106,0.9524202,0.35675436,-0.080798194,-0.76463735,0.9591531,-0.15418378,1.2565181
rna_E18_5-S1#GGTACTGCGAAGATCG-1,0.713384,-0.6624799,-0.10717605,1.4566165,-0.64068824,-0.44817418,-0.21730676,-0.4394279,-0.60383457,0.9490871
rna_E18_5-S1#GGTACTGCGACCTTGA-1,-1.4033252,0.1938581,-0.2561571,-0.6554332,-0.42277095,-0.3557055,-0.022005927,1.4312176,0.67515683,0.8151655
rna_E18_5-S1#GGTACTGCGATACGGA-1,-0.48190328,-0.5198664,-0.37855467,1.7529476,-0.50130427,-0.14588937,-0.41672057,0.17479886,-0.5712989,1.087791
rna_E18_5-S1#GGTACTGCGATCTTAC-1,2.6645794,-0.75718474,-0.47160724,2.1352677,-0.54739285,-0.56861985,0.80351055,-0.9652849,-0.91282576,-1.3804424
rna_E18_5-S1#GGTACTGCGCAGGTCC-1,-1.587186,-0.61766034,0.37164736,0.7547835,0.31246477,-0.36370844,-0.66979223,1.2730143,0.044004448,0.48243254
rna_E18_5-S1#GGTACTGCGCCATTCT-1,-0.5348689,-0.26085058,-0.7644427,0.46094093,0.5929388,0.44269583,-0.6132727,0.6112708,-0.4154144,0.48100308
rna_E18_5-S1#GGTACTGCGCCGCAAC-1,1.9532323,-0.7263332,-0.8282469,-0.071490705,1.4543017,-0.9252117,-0.37349907,-0.5492245,-0.6699889,0.7364609
rna_E18_5-S1#GGTACTGCGCGTTGGA-1,3.2246068,-0.83046675,-0.9724161,1.9784738,-1.7712241,-0.7468419,2.4860878,-1.009628,-0.9306117,-1.4279796
rna_E18_5-S1#GGTACTGCGCTAACTT-1,-0.6222365,-0.5517702,0.06947127,2.0753145,0.059311863,-0.1305045,-0.17035364,-1.1815126,-0.8043473,1.256627
rna_E18_5-S1#GGTACTGCGGTACTGC-1,-0.542821,-0.26408052,-0.28578672,0.65047437,-0.29083017,0.5610526,0.21570683,0.6837131,-0.75287735,0.025448836
rna_E18_5-S1#GGTACTGCGGTATGCT-1,-1.4497105,-0.30224186,1.3348683,1.9047593,0.019733792,-0.16684118,-0.4407489,-0.64842314,-0.5433713,0.2919756
rna_E18_5-S1#GGTACTGCTAGAATTA-1,-0.32768315,-0.33199975,-0.9206914,0.40218785,0.79713297,0.0954346,-0.09048944,0.43151945,-0.5968586,0.5414476
rna_E18_5-S1#GGTACTGCTAGAGTAA-1,-1.6671308,0.62641376,0.3264757,-0.18369873,-0.5172165,-0.40666962,-0.26897502,1.5532955,-0.124303624,0.66180944
rna_E18_5-S1#GGTACTGCTAGATCTA-1,-0.042502493,-0.44417506,-0.4300753,1.8113909,0.3508295,0.5843439,-0.3277444,-0.36505303,-0.50117064,-0.6358434
rna_E18_5-S1#GGTACTGCTCCGGCCT-1,-0.7659989,-0.16532393,0.22205961,1.6571248,-0.33296472,0.038625576,-0.65455365,0.08565658,-0.3630461,0.27842084
rna_E18_5-S1#GGTACTGCTCCTACCA-1,0.52906275,-0.61918837,-0.26541674,2.0349152,1.4995412,-0.55831623,-0.30881536,-0.774044,-0.761053,-0.7766855
rna_E18_5-S1#GGTACTGCTCGGCCTT-1,-1.2703407,-0.5220032,0.4729463,-0.88563186,0.1589803,0.08564858,-0.3043314,2.1579332,-0.01833491,0.12513365
rna_E18_5-S1#GGTACTGCTCTGATAC-1,1.5364115,-0.41606852,0.042065054,1.9634291,0.00578345,-0.03180631,-0.4209658,-1.008546,-0.67277646,-0.99752617
rna_E18_5-S1#GGTACTGCTGAGTCTG-1,-0.14425406,-0.868509,-0.5699917,0.5957057,0.96646345,0.28569573,-0.4785828,-0.7391606,-0.68579185,1.6384252
rna_E18_5-S1#GGTACTGCTGCCGGCA-1,2.6285906,-0.7657782,-0.41097265,-0.29812747,-0.0817446,-0.2989521,-0.36377138,-0.49428457,-0.35829657,0.44333708
rna_E18_5-S1#GGTACTGCTGCGGACC-1,-0.09932684,-0.64093375,-0.5217882,0.26807767,0.2905954,0.6256839,-0.29187685,-0.6911432,0.06200265,0.99870896
rna_E18_5-S1#GGTACTGCTGGTCAGC-1,0.5659945,-0.762607,-0.25550413,1.6550332,-0.49749228,-0.248503,-0.6723587,-0.74544007,-0.6636695,1.6245468
rna_E18_5-S1#GGTACTGCTTACCGAG-1,2.4568357,-0.88154685,-0.6591207,1.2959105,-0.1962957,-0.67167497,0.15561089,-0.9063258,-0.86760294,0.27420983
rna_E18_5-S1#GGTACTGCTTATCCGG-1,-0.8185456,-0.39041632,0.3056367,1.2476892,-0.63353693,-0.22560298,-0.07409702,-0.67717135,-0.44253063,1.7085748
rna_E18_5-S1#GGTACTGCTTATTCAT-1,2.2115672,-0.9199451,-1.1285473,1.465305,0.80606186,-0.76950204,0.445668,-1.1138428,-0.9214566,-0.07530798
rna_E18_5-S1#GGTACTGCTTGACTTC-1,-0.5189054,0.70606273,-0.87110835,0.36884046,0.96400857,-0.15586807,-0.6267003,0.51413566,0.09791781,-0.47838324
rna_E18_5-S1#GGTATGCTACCGCCAA-1,-0.66153234,-0.30462387,-0.2702996,-0.6797874,-0.6505743,0.42966986,0.2851906,1.5731429,0.7214437,-0.44262964
rna_E18_5-S1#GGTATGCTACTCAATA-1,-0.38715696,-0.68964404,-0.3591147,-0.24701157,-0.2412225,0.099416904,0.18095584,2.3125062,0.10324832,-0.77197766
rna_E18_5-S1#GGTATGCTACTTAACC-1,0.079799935,-0.300901,-0.1327632,-0.35222676,-0.30522543,0.08814974,0.28947502,1.5612268,-0.30433196,-0.6232029
rna_E18_5-S1#GGTATGCTAGAACGTC-1,0.09944551,-0.86685574,-0.124452695,-0.69126964,-0.89945525,0.7798096,1.4034606,2.018644,-0.6377121,-1.0816145
rna_E18_5-S1#GGTATGCTAGAGCTAT-1,-0.72439706,-0.7881778,1.2620163,-1.0812588,-0.53946704,-0.3329381,0.1447837,3.2158706,-0.43616706,-0.72026485
rna_E18_5-S1#GGTATGCTATAAGGAG-1,-0.71646583,2.7022355,-1.1665353,0.06395045,-0.5208404,-0.0010248572,-0.8610536,0.6751112,0.6596217,-0.8349986
rna_E18_5-S1#GGTATGCTCAACCGCT-1,-0.81496656,0.74179554,-0.5774277,-0.27946755,-0.36424685,0.5766158,-0.25705707,1.5331388,-0.06129393,-0.49709037
rna_E18_5-S1#GGTATGCTCCAGTTCC-1,-0.6098098,0.59975576,-0.49816504,-0.24777988,-0.43918186,0.39323375,-0.34978348,1.3259157,0.36387,-0.5380551
rna_E18_5-S1#GGTATGCTCCGAGAAT-1,-0.18456224,-0.3044571,-0.5074724,0.6596518,1.5262557,0.19541553,-0.5383189,-0.13639423,-0.64171106,-0.06840708
rna_E18_5-S1#GGTATGCTCCGATTCC-1,-0.11962061,-0.38495392,0.10910191,-0.6554309,-0.012693502,-0.06136643,-0.71748227,2.0672874,0.0022889748,-0.22713086
rna_E18_5-S1#GGTATGCTCGAACGCC-1,-0.9076216,2.7128265,-0.9760797,-0.023280978,-0.74913734,-0.31780168,-0.6894071,1.0166264,0.15526074,-0.22138512
rna_E18_5-S1#GGTATGCTCTAAGAGA-1,-0.33601177,-0.13307065,-0.8842448,0.085575424,-0.14427358,0.26126388,-0.3969798,2.3784795,-0.23879886,-0.5919393
rna_E18_5-S1#GGTATGCTCTGATGGT-1,-0.40856397,1.3976991,-0.28134206,0.38267595,0.07626554,-0.4265282,-0.65705913,0.67026544,-0.31409225,-0.43932047
rna_E18_5-S1#GGTATGCTCTTGCGCC-1,-0.21968964,-0.81129086,-0.14714062,-0.49773017,-1.1123936,0.78376013,1.7157226,2.2244925,-0.7596517,-1.1760787
rna_E18_5-S1#GGTATGCTGACCTTGA-1,-0.9440815,0.0024492517,-0.25521046,-0.15543216,-0.4000438,0.46595585,-0.46820384,1.7929251,0.09965231,-0.13801076
rna_E18_5-S1#GGTATGCTGATCTTAC-1,0.3870605,-0.73371905,-0.097949564,0.038181476,-0.16459621,-0.39136818,-0.28473443,2.6439033,-0.68793976,-0.7088379
rna_E18_5-S1#GGTATGCTGCAGGTCC-1,-0.71677804,1.0944645,-0.66551626,-0.4640219,-0.311647,0.22549063,-0.6108965,1.8484675,0.02383479,-0.42339763
rna_E18_5-S1#GGTATGCTGCCATTCT-1,-0.14979607,-0.3817802,-0.24045292,0.07010023,-0.18518041,0.2814169,-0.3798445,1.923289,-0.28849763,-0.64925444
rna_E18_5-S1#GGTATGCTGCCGCAAC-1,0.23017637,-0.71976733,-0.33746648,0.06434921,1.8779054,-0.1962733,-0.59381646,-0.41616842,-0.54667014,0.63773125
rna_E18_5-S1#GGTATGCTGCGTTGGA-1,-0.7027924,-0.5213423,0.31712532,-0.105355464,-0.46875238,0.16407514,0.23831534,1.8946824,-0.10747736,-0.7084782
rna_E18_5-S1#GGTATGCTGGCTGAGC-1,-0.32825857,-0.15721226,-0.31913725,-0.12278008,-0.07671555,0.20188372,-0.1255918,1.1351899,0.25252673,-0.45990482
rna_E18_5-S1#GGTATGCTGGTACTGC-1,-0.24599403,-0.7852648,-0.113511525,-0.74882734,-0.7315589,1.1066663,1.2756796,2.1662695,-0.6882539,-1.2352049
rna_E18_5-S1#GGTATGCTTAGAATTA-1,0.015996348,-0.3826472,-0.3305852,-0.15800977,-0.4113935,1.4623004,0.23519565,1.1610695,-0.6467446,-0.9451817
rna_E18_5-S1#GGTATGCTTAGAGTAA-1,-0.837491,-0.011247113,-0.51682895,-0.24293944,-0.38005453,0.14655952,-0.23914157,2.0708685,0.14147343,-0.13119897
rna_E18_5-S1#GGTATGCTTCCTACCA-1,-0.6588394,-0.63658524,0.13095178,0.33340305,-0.57653266,0.069971085,0.5008714,1.8809247,-0.27765453,-0.76651025
rna_E18_5-S1#GGTATGCTTCGGCCTT-1,-0.29853088,-0.757146,-0.43650016,-0.58662397,-0.8297989,0.91939706,0.024519656,2.628316,-0.047413923,-0.616219
rna_E18_5-S1#GGTATGCTTTGACTTC-1,-0.57697785,-0.4092761,-0.05717042,-0.5639927,-0.3673845,-0.34511468,-0.34287792,2.7709277,0.26322314,-0.3713566
rna_E18_5-S1#TAGAATTAAACCTGCG-1,-1.1540804,-0.03801761,0.59493685,0.6388637,-0.94831216,0.56030166,-0.23962854,0.9503007,-0.67237365,0.30800956
rna_E18_5-S1#TAGAATTAAAGAAGCT-1,0.57746935,-0.33161852,-0.18792973,1.3259615,-1.0417366,-0.04773681,0.28328666,-0.14202896,-0.45956546,0.023898728
rna_E18_5-S1#TAGAATTAAATTAAGA-1,-0.5580804,-0.46849814,0.2640216,1.4952749,0.6605605,0.15757826,-0.15195039,-0.94090074,-0.74422085,0.28621536
rna_E18_5-S1#TAGAATTAACGGAGGC-1,0.55654943,-0.6234543,-0.51372993,0.6578412,0.5318483,-0.32831404,-0.21322407,-0.5633748,-0.7002996,1.1961577
rna_E18_5-S1#TAGAATTAACTATGCA-1,-0.6474695,-0.45796314,-0.2861282,1.5008497,-0.41581595,0.41431022,0.053569898,-0.7878152,-0.47145423,1.0979165
rna_E18_5-S1#TAGAATTAACTCAATA-1,0.15054381,-0.34393197,-0.35702664,1.1648033,0.57654065,-0.1806789,0.13094069,0.23526855,-0.91818184,-0.45827764
rna_E18_5-S1#TAGAATTAACTTAACC-1,-0.23502174,-0.20163694,-1.0340354,-0.08079365,-0.026757255,0.27763873,-0.20101865,1.9795264,-0.012462333,-0.46543902
rna_E18_5-S1#TAGAATTAAGAACGTC-1,-1.0624114,0.15188637,-1.0434116,-0.08990571,-0.75951767,0.73802567,0.65502757,1.8558576,0.014318131,-0.45986915
rna_E18_5-S1#TAGAATTAAGAGAAGG-1,-0.6076394,-0.70330393,1.3919337,1.7003714,-0.63915217,-0.19194281,-0.361928,-0.9390688,-0.8335949,1.1843251
rna_E18_5-S1#TAGAATTAAGAGCTAT-1,-0.42874247,-0.17001295,-1.1038071,-0.12588695,-0.27440184,1.4363201,-0.41338933,1.0281599,0.11809708,-0.06633642
rna_E18_5-S1#TAGAATTAATCATATT-1,0.6439083,-0.58084995,0.4105483,1.8274969,0.18934251,-0.33152494,-0.11449359,-1.0066394,-0.8310406,-0.2067475
rna_E18_5-S1#TAGAATTACAACCGCT-1,-1.616536,-0.29202238,1.1259714,-0.28592834,-0.40313506,-0.36726373,-0.31951126,2.3334634,0.01967848,-0.19471648
rna_E18_5-S1#TAGAATTACATACTCC-1,-0.7062645,-0.63702315,0.60323405,2.0415785,-0.7557513,-0.39031458,-0.397008,-0.80009425,-0.5528356,1.5944788
rna_E18_5-S1#TAGAATTACCGAGAAT-1,2.482396,-0.9443105,-0.9256201,0.04711216,1.0098134,-0.5708185,0.36874342,-0.66870487,-0.73413485,-0.0644763
rna_E18_5-S1#TAGAATTACGACGCGA-1,1.8402318,-0.8752078,-0.81639516,0.121256985,1.6222106,-0.86898166,-1.0155399,-1.0092796,-0.767984,1.7696888
rna_E18_5-S1#TAGAATTACTAAGAGA-1,-1.0496666,1.6965065,-0.81553257,-0.2151522,-0.28108966,0.33795857,-0.7204815,1.4729089,0.18051384,-0.6059651
rna_E18_5-S1#TAGAATTACTGATGGT-1,3.452991,-0.7757747,-0.2658347,-1.4986389,1.3177131,-0.8076391,-0.033982005,-1.2835445,-1.0358099,0.93051976
rna_E18_5-S1#TAGAATTACTTGCGCC-1,-0.81453156,0.415196,-0.97757536,-0.0013015084,-0.48976758,0.83195925,-0.44968322,1.5419047,0.21522528,-0.27142587
rna_E18_5-S1#TAGAATTAGAAGATCG-1,0.5761003,-0.42716855,-0.2028085,1.767417,-0.8776214,-0.55315804,-0.40230572,-0.5270324,-0.75098675,1.3975642
rna_E18_5-S1#TAGAATTAGACCTTGA-1,-1.4005873,-1.1511745,2.4393752,-1.3116729,-0.5687687,-0.6696045,-0.6389228,2.9924636,-0.12354593,0.4324379
rna_E18_5-S1#TAGAATTAGATACGGA-1,-0.5011192,-0.30908057,0.10026485,1.4696677,0.11943216,0.29691622,-0.19349682,-0.107654616,-0.5080346,-0.36689508
rna_E18_5-S1#TAGAATTAGATCTTAC-1,3.2563407,-1.0466404,-0.80169904,2.2882726,0.5693773,-1.0446554,-0.1684412,-1.0134335,-0.8315424,-1.2075789
rna_E18_5-S1#TAGAATTAGCAGGTCC-1,-1.8417288,-0.13520345,1.2905737,-0.6010048,-0.23674123,-0.4490353,-0.19418685,1.8947698,0.21293187,0.059625197
rna_E18_5-S1#TAGAATTAGCCATTCT-1,-0.6155946,-0.0463337,-0.49308544,1.0488484,0.85911596,0.41533554,-0.7096199,0.85857445,-0.69922876,-0.61801195
rna_E18_5-S1#TAGAATTAGCCGCAAC-1,0.7900314,-0.34569317,-1.1843802,0.084218025,0.48515177,1.4149407,0.15324372,0.3829197,-0.62554157,-1.1548904
rna_E18_5-S1#TAGAATTAGCGTTGGA-1,3.229181,-0.626422,-0.96033144,2.5017066,-0.17906536,-0.82598144,-0.37777516,-0.8642353,-0.6105596,-1.2865176
rna_E18_5-S1#TAGAATTAGCTAACTT-1,-0.84687924,-0.44008732,0.15030599,1.9885414,0.022445835,0.4249617,-0.1665414,-0.26240292,-0.42165667,-0.44868731
rna_E18_5-S1#TAGAATTAGGTACTGC-1,-0.31234676,-0.67288625,-0.26134425,-0.266775,-0.33461392,1.6874412,0.25471658,0.28855178,-0.049478993,-0.3332643
rna_E18_5-S1#TAGAATTAGGTATGCT-1,-0.6805358,-0.5018589,0.27711412,1.9018296,-0.9957175,0.31598812,-0.5500129,-0.52816194,-0.45696628,1.2183216
rna_E18_5-S1#TAGAATTATAGAATTA-1,-0.50860906,-0.38989604,-0.7290322,1.6389319,1.0473655,0.41616994,-0.46481678,0.08862531,-0.6547163,-0.44402218
rna_E18_5-S1#TAGAATTATAGAGTAA-1,-1.6199505,0.92669845,2.0769098,-1.428846,-0.35251832,-1.4086455,0.5848108,2.4663048,-0.7423876,-0.50237584
rna_E18_5-S1#TAGAATTATAGATCTA-1,0.4756436,-0.53254443,-0.37939775,0.22288884,1.0242387,-0.5320409,-0.53446174,-0.50447536,-0.7027126,1.4628613
rna_E18_5-S1#TAGAATTATCCGGCCT-1,-0.6497016,-0.3419047,-0.054320768,1.9641992,-0.15644652,0.057511434,-0.32342333,0.0638226,-0.24456687,-0.31516957
rna_E18_5-S1#TAGAATTATCCTACCA-1,2.6304638,-0.85112846,-0.96731603,1.8486761,-1.0204203,-0.7420753,1.4217589,-0.34432316,-0.9433901,-1.0322453
rna_E18_5-S1#TAGAATTATCGGCCTT-1,-1.3327249,-0.440692,0.38138422,-0.16125523,0.29272392,-1.2399858,0.546605,1.5952271,0.16822004,0.19049764
rna_E18_5-S1#TAGAATTATCTGATAC-1,-0.15042092,-0.8166425,0.09705947,1.7126944,-0.31414863,0.08645828,-0.28056455,-0.9938501,-0.78513026,1.4445449
rna_E18_5-S1#TAGAATTATGAGTCTG-1,0.09756285,-0.6473962,-0.94946295,0.64168185,1.1805614,-0.5358206,-0.69655865,0.000539165,-0.5417404,1.4506338
rna_E18_5-S1#TAGAATTATGCCGGCA-1,2.3194869,-0.7560339,-0.13743587,1.5405084,-1.3809264,-0.48642296,0.32957658,-1.0081784,-0.7106333,0.29005864
rna_E18_5-S1#TAGAATTATGCGGACC-1,-0.56572735,-0.4010979,-0.44195437,0.8783444,0.471083,-0.073466286,-0.45051235,-0.2662257,-0.65952903,1.5090857
rna_E18_5-S1#TAGAATTATGGTCAGC-1,-0.24297243,-0.2118569,0.30550164,2.1659243,0.05847022,-0.14715433,-0.2764652,-0.49325737,-0.36974624,-0.7884437
rna_E18_5-S1#TAGAATTATTACCGAG-1,-0.12190654,-0.24650931,-0.2394636,1.4848337,0.022134982,0.07390483,0.0543794,0.3007933,-0.6571149,-0.6710517
rna_E18_5-S1#TAGAATTATTATCCGG-1,-0.70502263,-0.4767027,-0.033937324,1.7589012,-0.317673,-0.45709404,-0.40783396,-0.22188921,-0.6201278,1.4813793
rna_E18_5-S1#TAGAATTATTATTCAT-1,0.34721243,-0.61055326,-0.13349046,0.8880375,0.8047714,-0.6091445,0.27398685,-1.3128774,-0.7474599,1.0995173
rna_E18_5-S1#TAGAATTATTGACTTC-1,0.048158534,-0.5436782,-0.8427873,0.65210044,1.625026,0.26412693,-0.594545,-0.4750799,-0.78468364,0.6513623
rna_E18_5-S1#TAGAGTAAAACCTGCG-1,-0.9190635,2.2680426,-0.2970534,0.11478973,-0.4021809,0.3523309,-0.7821607,-0.27426836,-0.2731416,0.21270531
rna_E18_5-S1#TAGAGTAAAAGAAGCT-1,-0.6391229,-0.6356593,0.585262,2.3703415,-0.81789666,0.24351388,-0.35322875,-0.8770598,-0.54293543,0.66678524
rna_E18_5-S1#TAGAGTAAAATTAAGA-1,1.3005134,-0.9461508,0.43548292,1.4092991,-1.1208841,-0.67063946,1.277859,-1.4403062,-0.93806237,0.6928882
rna_E18_5-S1#TAGAGTAAACGGAGGC-1,0.28090096,-0.5694887,0.07483812,1.6341468,0.083757885,0.38125545,-0.5889532,-1.0959892,-0.3897138,0.18924578
rna_E18_5-S1#TAGAGTAAACTATGCA-1,-0.094206244,-0.6431402,0.1630417,1.7714882,0.013705935,-0.14156696,-0.20880489,-0.79139,-0.63361543,0.564488
rna_E18_5-S1#TAGAGTAAACTCAATA-1,-0.718493,0.24611518,-1.0619519,-0.5853677,-0.046899535,1.2334195,-0.42033696,1.4829129,0.29507303,-0.42447183
rna_E18_5-S1#TAGAGTAAAGAACGTC-1,-0.8460078,0.8863641,-0.94724846,0.018880982,0.28718674,0.37329075,-0.68085504,1.0697378,-0.24943209,0.088082924
rna_E18_5-S1#TAGAGTAAAGAGAAGG-1,-1.0416828,-0.6840508,1.7973377,1.9010003,0.056429774,-0.50385875,-0.38360697,-1.1067737,-0.6722624,0.6374678
rna_E18_5-S1#TAGAGTAAAGAGCTAT-1,0.21910858,-0.26864377,-0.7302245,-0.43828925,-0.16910315,0.87729114,0.38899255,0.48558596,-0.07737041,-0.2873472
rna_E18_5-S1#TAGAGTAAATCATATT-1,-1.0124005,-0.51939166,0.7600763,1.816676,0.4861188,-0.63501865,0.010735307,-1.1404809,-0.8712611,1.1049467
rna_E18_5-S1#TAGAGTAACATACTCC-1,-1.1873722,-0.60765755,1.625572,2.018316,-0.4582079,-0.3496642,-0.009391189,-1.1609548,-0.74485695,0.87421703
rna_E18_5-S1#TAGAGTAACCGAGAAT-1,0.8619283,-0.5691627,-1.0792954,0.51480776,0.7976539,1.0348881,0.010410309,0.19210252,-0.75299025,-1.0103426
rna_E18_5-S1#TAGAGTAACGACGCGA-1,-0.98415065,-0.63156533,1.4970677,1.7297927,-0.9500444,-0.002496183,-0.3884396,-0.23261553,-0.37973812,0.34218934
rna_E18_5-S1#TAGAGTAACTAAGAGA-1,-0.71338433,0.07684703,-1.3206687,-0.39453107,-0.45413578,1.1383504,-0.48522347,2.2231898,0.54616916,-0.616613
rna_E18_5-S1#TAGAGTAACTGATGGT-1,-0.06884159,-0.09480621,-0.52379173,0.55213106,0.6298708,0.85758984,-0.56882095,0.4219673,-0.7340494,-0.47124928
rna_E18_5-S1#TAGAGTAACTTGCGCC-1,-1.0609148,1.1405963,-0.7924514,-0.10008156,-0.7684457,0.21986638,-0.1817027,1.6246752,0.032631397,-0.11417301
rna_E18_5-S1#TAGAGTAAGAAGATCG-1,-0.49877986,-0.63785535,0.023809388,1.9696139,-1.0163833,0.1477179,-0.61582655,-0.14388964,-0.29324794,1.0648414
rna_E18_5-S1#TAGAGTAAGATACGGA-1,-0.53238046,-0.4125438,0.5689406,0.9864887,-0.43645823,-0.33295748,-0.46099448,-0.13953465,-0.46058148,1.2200214
rna_E18_5-S1#TAGAGTAAGATCTTAC-1,0.3372618,-0.42664933,-0.92633444,0.632861,0.9104119,0.7508377,-0.20318522,-0.31491,-0.8013014,0.041007996
rna_E18_5-S1#TAGAGTAAGCAGGTCC-1,-1.2929235,-0.07700135,0.7095442,-1.309884,-0.28805703,-0.46093264,-0.7848644,1.8846091,2.393006,-0.7734965
rna_E18_5-S1#TAGAGTAAGCCATTCT-1,-0.70195985,0.3518566,-0.53728884,-0.13745786,-0.18058428,0.6021639,0.027405515,1.6031898,-0.43509322,-0.5922319
rna_E18_5-S1#TAGAGTAAGCCGCAAC-1,-0.19696385,-0.7744656,-0.73708564,1.6479008,1.3258269,0.96878266,-0.98793834,-1.1596913,-0.95039696,0.8640312
rna_E18_5-S1#TAGAGTAAGCGTTGGA-1,-0.33069935,0.5097409,-0.6551633,0.30738577,0.019420374,1.0912988,-0.4705195,0.37355277,-0.3759241,-0.46909246
rna_E18_5-S1#TAGAGTAAGCTAACTT-1,-0.748127,-0.5233394,1.2182764,1.6684984,0.15238023,-0.51337826,-0.20345458,-0.98014235,-0.70564747,0.6349342
rna_E18_5-S1#TAGAGTAAGGTACTGC-1,-0.78138095,-0.044939756,-0.4865631,0.88872874,-0.17691404,0.522635,0.38716838,0.5337336,-0.4925485,-0.34991947
rna_E18_5-S1#TAGAGTAAGGTATGCT-1,-1.1373084,-0.48359543,0.1818527,1.9052335,-0.5367198,0.98255646,-0.35633373,-0.40118492,-0.5559087,0.40140834
rna_E18_5-S1#TAGAGTAATAGAATTA-1,-0.952141,0.19886056,-0.41002038,0.04923487,-0.051129572,0.12760691,-0.28512013,1.7101898,0.14779127,-0.5352724
rna_E18_5-S1#TAGAGTAATAGAGTAA-1,-0.86966115,-0.8705106,-0.21374239,-1.0079695,-0.38698035,-0.7038739,-0.77721286,1.8578002,3.4393604,-0.46720994
rna_E18_5-S1#TAGAGTAATAGATCTA-1,-0.5114004,-0.6777798,-0.057909567,1.3779312,-0.37316653,0.28174874,-0.30343288,-0.66144013,-0.68387717,1.6093265
rna_E18_5-S1#TAGAGTAATCCGGCCT-1,-0.6114982,-0.632368,0.17516461,1.7379304,-0.38132566,0.06312571,-0.503818,-0.6845081,-0.5204415,1.3577386
rna_E18_5-S1#TAGAGTAATCCTACCA-1,-0.8808358,0.64702225,-0.6211029,-0.85315204,-0.16510832,1.5691941,-0.33464247,1.6069258,-0.8720114,-0.09628929
rna_E18_5-S1#TAGAGTAATCGGCCTT-1,-0.7523674,-0.11897024,-0.6319953,0.27374366,-0.25875115,0.49731156,-0.44478187,1.4037428,0.506069,-0.47400108
rna_E18_5-S1#TAGAGTAATCTGATAC-1,-0.708272,-0.541898,0.2736999,1.781841,-0.6006507,0.27915457,-0.33114472,-0.6315872,-0.3697717,0.84862894
rna_E18_5-S1#TAGAGTAATGAGTCTG-1,-0.68310153,-0.41457152,-0.10201841,1.1390464,0.47133783,0.48462456,-0.39753276,-0.42568645,-0.5893033,0.51720506
rna_E18_5-S1#TAGAGTAATGCCGGCA-1,-0.12436989,-0.6646034,-0.03376277,1.8971206,-0.73763496,-0.23419596,-0.53087384,-0.7322824,-0.49774796,1.6583507
rna_E18_5-S1#TAGAGTAATGCGGACC-1,-0.805537,-0.5257429,0.7301341,1.8806047,0.6160382,-0.47507873,-0.37099513,-1.0151154,-0.76596934,0.73166114
rna_E18_5-S1#TAGAGTAATGGTCAGC-1,-0.64153117,-0.64809847,0.8567247,1.8797419,-0.44188052,-0.48659834,-0.2932191,-0.7144538,-0.72948945,1.2188041
rna_E18_5-S1#TAGAGTAATTACCGAG-1,-0.019700967,-0.50807905,0.101926684,1.3668014,-0.30830324,-0.4890559,0.09301646,-0.7650489,-0.6573177,1.1857615
rna_E18_5-S1#TAGAGTAATTATCCGG-1,-0.89987546,-0.6544817,0.52334493,1.4671994,-0.23409316,0.24461627,-0.50860703,-0.6151469,-0.44895935,1.1260031
rna_E18_5-S1#TAGAGTAATTATTCAT-1,-0.9230192,-0.30101663,0.98718834,0.3126648,-0.05402652,-0.6738124,0.25034225,-0.078169614,-0.65130913,1.1311581
rna_E18_5-S1#TAGAGTAATTGACTTC-1,-0.95303845,0.11609174,-0.580382,0.7916362,0.7687987,0.80429804,-0.8304988,0.6440742,-0.16232777,-0.5986521
rna_E18_5-S1#TAGATCTAAACCTGCG-1,-0.6932064,-0.07558545,-0.6456863,-0.53642255,-0.77858233,0.6754719,-0.029930055,1.9484034,0.74221694,-0.60667884
rna_E18_5-S1#TAGATCTAAAGAAGCT-1,2.8097684,-1.0109377,-0.61214805,1.9907526,-1.9487876,-0.7121495,2.4089327,-0.899674,-0.7912809,-1.2344757
rna_E18_5-S1#TAGATCTAAATTAAGA-1,1.3228145,-0.5906888,-0.41387606,1.3637587,0.17867401,-0.44086105,0.40054244,-0.31193602,-0.759858,-0.74856985
rna_E18_5-S1#TAGATCTAACCGCCAA-1,-0.77086115,-0.7806602,-0.45110476,-1.1205714,-0.4699477,-0.4551772,-0.6563659,1.756506,3.4263225,-0.47814
rna_E18_5-S1#TAGATCTAACGGAGGC-1,2.9361117,-0.8556439,-0.8467034,0.38640988,0.62655854,-0.8757967,-0.3349279,-0.8930365,-0.8087378,0.6657663
rna_E18_5-S1#TAGATCTAACTATGCA-1,2.5530903,-0.7975006,-0.68950206,0.046103023,-0.3473271,-0.5188588,1.5573545,-1.2467101,-0.4373106,-0.11933862
rna_E18_5-S1#TAGATCTAACTCAATA-1,-0.6789452,-0.6198334,-0.7486971,1.199135,1.0951138,0.5247263,-0.81924623,-0.24517947,-0.8871655,1.1800917
rna_E18_5-S1#TAGATCTAACTTAACC-1,-1.1756845,-0.3291684,0.39719298,-0.2566551,-0.41387182,-0.46510607,-0.4804855,3.0782168,0.12099105,-0.47542945
rna_E18_5-S1#TAGATCTAAGAACGTC-1,-0.9151856,-0.35178778,-0.053495537,1.9892462,1.0752225,-0.014518127,-0.5633858,-0.3785582,-0.46945888,-0.31807894
rna_E18_5-S1#TAGATCTAAGAGAAGG-1,0.98916495,-0.5492036,-1.0318015,0.9438311,-1.6480068,1.3321192,1.7023201,0.23504463,-0.81616735,-1.157301
rna_E18_5-S1#TAGATCTAAGAGCTAT-1,-0.8474932,-0.51844144,0.19914947,1.9908314,1.4169943,-0.5024908,-0.44364482,-0.9442215,-0.95860183,0.6079183
rna_E18_5-S1#TAGATCTAATAAGGAG-1,-0.9114756,2.5129948,-0.9640423,-0.21928817,-0.5826454,-0.38384208,-0.38254496,1.1161385,0.20774657,-0.39304122
rna_E18_5-S1#TAGATCTAATCATATT-1,2.5635889,-0.7480043,-0.0663724,2.0694454,0.24477333,-0.865535,0.04197827,-1.269197,-0.9669143,-1.0037627
rna_E18_5-S1#TAGATCTACAACCGCT-1,-0.67035,2.223707,-1.1691762,-0.20880905,-0.7561083,0.88508314,-0.6539824,0.80099815,-0.04616905,-0.4051932
rna_E18_5-S1#TAGATCTACATACTCC-1,-0.55631113,-0.15410109,-0.14294411,-0.3799033,-0.5892883,1.2599002,0.66290516,1.4518658,-0.8252481,-0.7268749
rna_E18_5-S1#TAGATCTACCAGTTCC-1,-0.6129757,-0.5326793,-1.7237781,-0.6259388,-0.9682531,0.81104237,-0.10150856,2.4789927,2.006019,-0.73092073
rna_E18_5-S1#TAGATCTACCGAGAAT-1,-1.3622183,0.62377846,-0.7038899,-0.20947722,0.93240225,-0.38896325,-0.72326344,0.9284421,-0.57456905,1.4777584
rna_E18_5-S1#TAGATCTACCGATTCC-1,-0.92206585,0.8728872,-0.29613382,-0.84451437,-1.2165098,0.7355327,-0.56509495,1.7056011,1.5840344,-1.0537364
rna_E18_5-S1#TAGATCTACGAACGCC-1,-0.7582924,-0.11202674,-0.4045623,-0.6481975,-0.47029167,0.14827166,0.04858511,1.857898,0.7253803,-0.38676444
rna_E18_5-S1#TAGATCTACGACGCGA-1,2.4585123,-0.9865499,-0.40242007,-2.2258363,2.9265316,-1.2347355,-0.28877357,-1.5620924,-1.205058,2.5204217
rna_E18_5-S1#TAGATCTACTAAGAGA-1,-0.9339575,-0.5267186,0.56118834,1.8130188,-0.12378092,0.8136132,-0.3479558,-0.25466812,-0.56223035,-0.43850908
rna_E18_5-S1#TAGATCTACTGATGGT-1,-0.44364196,-0.76937574,-0.52978265,3.0191317,3.0881424,-0.79452395,-0.67354536,-0.7775102,-1.0224019,-1.096492
rna_E18_5-S1#TAGATCTACTTGCGCC-1,-0.7647562,-0.31975496,0.30701,1.8655992,0.2537562,0.49244496,-0.38770598,-0.20343599,-0.57178426,-0.67137307
rna_E18_5-S1#TAGATCTAGAAGATCG-1,2.8071012,-0.7684895,-0.5331948,1.6533879,-1.0404781,-0.43496007,0.8401376,-1.1987802,-0.8705239,-0.45419997
rna_E18_5-S1#TAGATCTAGACCTTGA-1,-1.0101272,-0.50485206,0.90317184,1.1116784,-1.173617,0.26739144,-0.15879962,2.0360172,-0.54233307,-0.92852986
rna_E18_5-S1#TAGATCTAGATACGGA-1,2.8717923,-1.2157836,-0.9321838,-1.5392202,2.8601022,-1.2730426,-1.2941216,-0.89893204,-1.1100632,2.5314524
rna_E18_5-S1#TAGATCTAGATCTTAC-1,-0.30196124,-0.8821166,-0.09657684,2.8271382,2.0083728,-0.69937575,-0.6186875,-1.0237339,-0.8704894,-0.34256998
rna_E18_5-S1#TAGATCTAGCAGGTCC-1,-1.0262358,0.47663182,-0.12285609,1.339218,0.4845186,0.2064684,-0.56833786,-0.25808507,-0.3613096,-0.17001238
rna_E18_5-S1#TAGATCTAGCCATTCT-1,-0.9053405,-0.2778781,-0.030298296,1.3310095,0.4292348,0.32918826,-0.031323798,0.46289647,-0.6367897,-0.67069864
rna_E18_5-S1#TAGATCTAGCCGCAAC-1,-0.584236,-0.5277072,-0.7276396,0.018394522,0.7933396,0.9410285,-0.85324305,0.4732295,-0.6180293,1.084863
rna_E18_5-S1#TAGATCTAGCGTTGGA-1,0.31126872,-0.6642365,-0.74263656,0.032322578,1.335923,0.15265428,-0.7365301,-0.79020023,-0.5482264,1.6496614
rna_E18_5-S1#TAGATCTAGCTAACTT-1,-0.9455409,1.2816398,-1.1477674,-0.16587885,-0.90702474,0.5797523,-0.87877876,0.962268,0.6402431,0.58108747
rna_E18_5-S1#TAGATCTAGGCTGAGC-1,-0.9643461,2.6432722,-1.0448406,0.037801817,-0.2773406,-0.74468064,-0.78562206,0.71025455,0.0013640523,0.42413747
rna_E18_5-S1#TAGATCTAGGTACTGC-1,-1.1879925,-0.35930702,-0.22872995,1.7814423,0.5472539,0.37871596,-0.25671083,-0.34840477,-0.5288678,0.20260057
rna_E18_5-S1#TAGATCTAGGTATGCT-1,-0.908827,-0.5139686,-0.43579817,-0.39868957,-0.73793596,0.7206735,-0.16052446,2.0778568,0.3919706,-0.03475736
rna_E18_5-S1#TAGATCTATAGAATTA-1,-0.8492274,-0.09001523,0.036755554,1.4761574,1.0779645,0.12081653,-0.3931507,-0.6331301,-0.6394831,-0.10668766
rna_E18_5-S1#TAGATCTATAGAGTAA-1,-0.8162671,-0.00022008363,-0.5129077,1.5768017,-0.29712412,0.88378483,-0.06894086,0.44716114,-0.27503672,-0.93725103
rna_E18_5-S1#TAGATCTATAGATCTA-1,0.23109394,-0.49715132,0.08131223,0.5470042,0.6437575,-0.6768102,0.26685444,-0.29687393,-0.741505,0.44231823
rna_E18_5-S1#TAGATCTATCCGGCCT-1,2.4954093,-1.0109725,0.5743526,1.5980312,-2.1677036,-0.034241952,2.0515177,-1.07065,-0.9573264,-1.4784168
rna_E18_5-S1#TAGATCTATCCTACCA-1,-0.55705214,-0.36522895,-0.7309962,1.7678996,0.7484101,0.71504015,-0.5337264,-0.84479064,-0.66311663,0.46356124
rna_E18_5-S1#TAGATCTATCGGCCTT-1,-0.9687211,-0.26503497,-0.31304818,1.235139,-0.17633326,1.1411511,-0.18084422,0.36238903,-0.00033023953,-0.834367
rna_E18_5-S1#TAGATCTATCTGATAC-1,3.4655952,-0.5210454,-0.9151104,0.53572524,1.303528,-0.864987,-0.81794816,-0.9484096,-0.5936123,-0.64373565
rna_E18_5-S1#TAGATCTATGAGTCTG-1,0.43764022,-0.60234576,-0.8649238,0.5371742,0.78651756,0.7876499,-0.49086475,-0.36408323,-0.6300626,0.4032981
rna_E18_5-S1#TAGATCTATGCCGGCA-1,0.13350604,-0.5399353,-0.4092265,-0.04867666,0.35763538,0.3161313,-0.3498753,-0.06713866,-0.72523886,1.3328185
rna_E18_5-S1#TAGATCTATGCGGACC-1,0.5771483,-1.0821512,-1.1520412,0.052056268,1.8974323,-0.041866113,-1.163302,-0.45985436,-0.7474294,2.1200073
rna_E18_5-S1#TAGATCTATGGTCAGC-1,2.7690654,-0.765438,0.7759925,2.2726402,-1.0537118,-0.67752963,-0.02448877,-1.1027515,-0.72046685,-1.4733118
rna_E18_5-S1#TAGATCTATTACCGAG-1,0.0044305287,-0.05562435,0.061553366,0.7574583,0.21009248,-0.22166377,0.18325204,0.4685812,-0.81625336,-0.5918265
rna_E18_5-S1#TAGATCTATTATCCGG-1,3.2762635,-0.59159815,-1.0959436,1.6644701,0.97208285,-0.8223409,-0.9203987,-1.0404755,-0.63810706,-0.80395263
rna_E18_5-S1#TAGATCTATTATTCAT-1,0.85018027,-0.5285363,-0.03512314,-0.38722974,1.7596664,-0.5375353,-0.28474438,-0.77909225,-0.74686235,0.6892768
rna_E18_5-S1#TAGATCTATTGACTTC-1,-1.3787475,0.46037993,0.67898536,1.3396146,1.1949078,-0.37161326,-0.34351096,-0.6022326,-0.8212148,-0.15656832
rna_E18_5-S1#TCCGGCCTAATTAAGA-1,-0.85365015,-0.49647158,-0.8235228,0.14265315,-0.37366936,1.5294054,-0.7555879,2.20791,0.112257175,-0.6893241
rna_E18_5-S1#TCCGGCCTACCGCCAA-1,-0.3274772,-0.36748043,-0.35974824,-0.5751499,-0.050148733,0.41024184,-0.09881016,1.7170244,0.2689131,-0.6173647
rna_E18_5-S1#TCCGGCCTACGGAGGC-1,3.2577503,-1.0622425,-0.58457893,1.8323169,-1.6986938,-1.1127822,2.2633495,-0.8518159,-0.7536655,-1.2896379
rna_E18_5-S1#TCCGGCCTACTATGCA-1,0.4189651,-0.93232816,-0.61430895,0.20694509,0.4337173,0.09477342,-0.72383493,-0.7158568,-0.1715512,2.0034792
rna_E18_5-S1#TCCGGCCTACTCAATA-1,2.5579603,-1.0945933,-1.0698502,1.8991045,-2.0058348,-0.4268729,2.4051785,-0.88592404,-0.86074924,-0.5184191
rna_E18_5-S1#TCCGGCCTACTTAACC-1,-0.9842027,0.14142948,-0.60534,-0.62326264,-0.48330724,0.17267871,-0.2765529,2.1316493,0.9231579,-0.3962497
rna_E18_5-S1#TCCGGCCTAGAACGTC-1,-0.1437697,-0.5946431,-0.570592,0.7482013,-0.7036859,0.68506694,-0.21539849,1.4766735,-0.4595342,-0.2223184
rna_E18_5-S1#TCCGGCCTAGAGCTAT-1,3.074585,-0.82447195,-0.6245574,-0.8983245,1.7212179,-0.9214449,-0.5048213,-0.9548857,-0.72270304,0.6554058
rna_E18_5-S1#TCCGGCCTATAAGGAG-1,-0.95167863,2.6671758,-0.81076616,-0.038619902,-0.36303848,-0.27481604,-0.727425,0.9943471,-0.019392759,-0.47578594
rna_E18_5-S1#TCCGGCCTATCATATT-1,-1.1263255,0.22444843,-0.3986177,-0.29597178,-0.78079015,0.35717908,-0.1580611,2.1076467,0.14816886,-0.07767674
rna_E18_5-S1#TCCGGCCTCAACCGCT-1,-1.0071766,3.0519164,-1.3299907,-0.046288133,-0.6486726,0.08307548,-0.56868434,0.86109775,0.37174088,-0.76701814
rna_E18_5-S1#TCCGGCCTCCAGTTCC-1,-0.9849695,-0.28213698,-0.51768166,-0.61891216,-0.25657606,0.45099917,-0.012243003,1.946076,0.374494,-0.09904995
rna_E18_5-S1#TCCGGCCTCCGAGAAT-1,2.8840156,-0.90008694,-0.39506286,1.6947625,-1.6830074,-0.32281166,1.0502506,-0.32779866,-0.6928921,-1.3073689
rna_E18_5-S1#TCCGGCCTCCGATTCC-1,-0.96475595,2.4444966,-0.7876808,-0.49879032,-0.8778775,-0.31226033,-0.28564024,1.3438554,0.4326061,-0.49395308
rna_E18_5-S1#TCCGGCCTCGAACGCC-1,-0.8171585,2.3651457,-0.9365518,-0.3409004,-0.5917846,-0.4378265,-0.7690198,1.5961447,0.52294916,-0.5909981
rna_E18_5-S1#TCCGGCCTCTAAGAGA-1,2.3624978,-0.2062788,-0.9234746,0.5382203,-1.8829261,-0.5061849,2.4304576,0.1399577,-0.65038055,-1.3018886
rna_E18_5-S1#TCCGGCCTCTGATGGT-1,3.1380298,-0.9048519,-0.5724002,2.2326903,-1.9838558,-1.1776457,2.4491913,-0.63685286,-0.9354316,-1.6088731
rna_E18_5-S1#TCCGGCCTCTTGCGCC-1,-0.52158445,-0.55574423,3.41413,-0.37355223,-0.2413394,-0.87094516,-1.01374,1.6765822,-0.5569054,-0.9569013
rna_E18_5-S1#TCCGGCCTGACCTTGA-1,-0.06371498,0.35741195,-0.5644666,0.14520077,0.26124164,0.15828402,-0.6736253,-0.505503,-0.118445404,1.0036169
rna_E18_5-S1#TCCGGCCTGATCTTAC-1,2.8381116,-1.1869866,-0.8300819,2.4284902,-1.8180969,-0.5310209,2.1510417,-0.7433706,-0.79189056,-1.5161963
rna_E18_5-S1#TCCGGCCTGCAGGTCC-1,-1.1147382,2.050288,-0.9709848,-0.58705187,-0.7966205,0.3179088,-0.5971272,1.9737511,0.45936707,-0.73479223
rna_E18_5-S1#TCCGGCCTGCCATTCT-1,2.2120633,-0.34085864,-0.87962896,-0.00980242,-1.6865152,-0.47772864,2.309616,0.8471412,-0.5561154,-1.4181715
rna_E18_5-S1#TCCGGCCTGCCGCAAC-1,3.0147374,-1.0366343,-0.8064245,1.6909729,-1.9879522,-0.8387154,2.8204737,-0.44943967,-0.9998746,-1.4071434
rna_E18_5-S1#TCCGGCCTGCGTTGGA-1,2.8976643,-1.0552052,-0.723804,1.2976094,-1.6435424,-0.88875175,2.6306915,-0.5113792,-0.979873,-1.02341
rna_E18_5-S1#TCCGGCCTGGCTGAGC-1,-0.9727391,2.6454005,-0.9234204,-0.14823319,-0.37613416,-0.27662456,-0.76627916,1.0816554,0.033114642,-0.29674006
rna_E18_5-S1#TCCGGCCTGGTACTGC-1,0.41956964,-0.2973013,0.09829739,0.8484421,-1.4655275,-0.29930803,0.52092266,1.4339724,-0.50507915,-0.75398815
rna_E18_5-S1#TCCGGCCTTAGAATTA-1,1.0184381,-0.9556079,-0.25320768,1.4402937,-1.3421336,0.04962695,-0.22084947,0.56927806,-0.6141885,0.30835024
rna_E18_5-S1#TCCGGCCTTAGAGTAA-1,-0.5572169,0.32434148,0.053207558,0.40387648,-0.35869294,0.46899784,-0.14664273,0.32896787,-0.34263688,-0.17420174
rna_E18_5-S1#TCCGGCCTTAGATCTA-1,2.9851325,-0.7023166,-0.8871271,1.6293073,-1.2427889,-0.90721864,0.025868753,1.2083871,-0.47116646,-1.6380777
rna_E18_5-S1#TCCGGCCTTCCTACCA-1,2.2855077,-0.9420624,-0.9547255,1.5319176,-1.1121691,0.014707893,1.6980798,-0.4005239,-0.75321895,-1.3675127
rna_E18_5-S1#TCCGGCCTTCGGCCTT-1,0.04917419,-0.8449324,4.7307277,-0.6617845,-1.4694102,-1.5206637,-0.22233583,1.7193072,-0.67956513,-1.1005173
rna_E18_5-S1#TCCGGCCTTGAGTCTG-1,2.9916553,-1.3202279,-0.43738338,2.2564826,-1.9334228,-0.7876514,2.4622302,-1.0085094,-0.75396144,-1.4692117
rna_E18_5-S1#TCCGGCCTTGCCGGCA-1,-0.95413506,1.0925343,-0.642728,-0.7150173,-0.9843412,0.19452578,-0.7236914,1.7897675,1.5937289,-0.65064347
rna_E18_5-S1#TCCGGCCTTGCGGACC-1,3.2854939,-1.0825083,-1.2017319,2.319854,-2.0166402,-0.7158836,2.2681932,-0.48964602,-0.71308476,-1.6540462
rna_E18_5-S1#TCCGGCCTTGGTCAGC-1,-1.0984411,0.19451432,0.05605718,-0.25837153,-0.9840722,0.20562726,-0.6090157,1.7402126,0.33710647,0.41638273
rna_E18_5-S1#TCCGGCCTTTACCGAG-1,-0.5162586,-0.23310138,-0.3647519,-0.27402288,-0.6775651,0.937997,0.40562412,1.4567813,-0.1268902,-0.60781217
rna_E18_5-S1#TCCGGCCTTTATTCAT-1,-0.02957346,-0.07505728,-0.84522235,-0.13342583,-1.1580796,0.687192,1.138602,2.1374867,-0.7099389,-1.0119833
rna_E18_5-S1#TCCGGCCTTTGACTTC-1,1.8448403,-0.56454396,-0.58679974,0.8423225,-1.4469583,-0.5579385,1.5403392,0.73775446,-0.34622917,-1.4627872
rna_E18_5-S1#TCCTACCAAACCTGCG-1,-1.07009,0.40766487,-0.48472244,0.30940777,-0.7295406,1.2697628,-0.019987388,0.7046995,-0.12379269,-0.26340166
rna_E18_5-S1#TCCTACCAAAGAAGCT-1,-0.38106498,-0.6618219,-0.23839967,1.5051671,-0.21812908,-0.047308855,-0.59479576,-0.6993983,-0.58391064,1.9196621
rna_E18_5-S1#TCCTACCAAATTAAGA-1,-0.51586455,-0.64347064,1.0998952,1.69325,-0.56216466,0.028499324,-0.14274865,-0.47290078,-0.5322771,0.047781732
rna_E18_5-S1#TCCTACCAACCGCCAA-1,-1.1476591,-0.36389175,-0.027625088,-0.5479804,-0.6056069,-0.5266605,0.023103284,2.9418323,-0.13885859,0.3933467
rna_E18_5-S1#TCCTACCAACGGAGGC-1,-0.94714,-0.33464378,-0.2087943,1.4731137,-0.81818503,0.63201445,-0.7047988,-0.15095803,-0.41717377,1.4765656
rna_E18_5-S1#TCCTACCAACTATGCA-1,-0.8710934,-0.40098426,0.18870088,1.3117113,-1.079656,0.875295,-0.15525302,-0.09800845,-0.45341185,0.6826999
rna_E18_5-S1#TCCTACCAACTCAATA-1,-0.8370461,-0.1789163,-0.16383043,1.9494145,0.4541036,0.17025986,-0.46473023,-0.48055747,-0.49731103,0.04861354
rna_E18_5-S1#TCCTACCAACTTAACC-1,-0.81950593,-0.26652926,-0.6448651,-0.4833591,-0.69676286,1.1420897,-0.45150387,1.992097,0.24089994,-0.012560703
rna_E18_5-S1#TCCTACCAAGAACGTC-1,-0.814264,-0.36753443,-0.11726276,1.7679788,-0.7825248,0.87497073,-0.6084883,-0.21927373,-0.30811644,0.5745149
rna_E18_5-S1#TCCTACCAAGAGAAGG-1,-0.9359726,-0.2970115,-0.04981205,1.9802072,-0.09528093,-0.017023137,-0.21029481,-0.7205642,-0.57565516,0.9214071
rna_E18_5-S1#TCCTACCAAGAGCTAT-1,-0.8542436,-0.23454311,-0.32272452,1.6766216,0.5567679,0.65484387,-0.33642867,-0.52002466,-0.57826066,-0.04200797
rna_E18_5-S1#TCCTACCAATCATATT-1,-0.81222874,0.06310039,0.45472154,0.9160198,-0.11945496,-0.35109913,0.2904277,0.317791,-0.6960747,-0.063202895
rna_E18_5-S1#TCCTACCACAACCGCT-1,-0.88153934,2.781156,-1.1284963,-0.68908155,-0.93421936,-0.4987344,-0.34560946,1.4335765,1.0085896,-0.7456417
rna_E18_5-S1#TCCTACCACATACTCC-1,-0.94546485,-0.45403248,-0.12408367,1.6282492,-0.76929367,0.30318692,-0.09878428,-0.35721776,-0.4986962,1.3161367
rna_E18_5-S1#TCCTACCACCAGTTCC-1,-1.1045381,-0.039062746,-0.4535948,-0.60109633,-0.5788863,0.72851235,-0.35825533,1.6111684,0.46825397,0.32749915
rna_E18_5-S1#TCCTACCACCGAGAAT-1,0.49500385,-0.8933356,-0.71516603,0.73463607,1.5167947,-0.05819083,-0.5545933,-0.5367296,-0.95296824,0.9645492
rna_E18_5-S1#TCCTACCACCGATTCC-1,-0.41896394,-0.5610853,-0.26939374,-0.12659103,-0.3276472,0.12348971,0.05592231,1.7293029,0.20302759,-0.4080613
rna_E18_5-S1#TCCTACCACGACGCGA-1,-0.77074534,-0.5328949,0.1266256,1.6220785,-0.460837,-0.0036212653,-0.41912365,-0.5875082,-0.45963567,1.485662
rna_E18_5-S1#TCCTACCACTAAGAGA-1,-1.2040025,-0.21786588,-0.11201991,1.9137954,-0.8308259,0.8011086,-0.46244666,0.002269674,-0.32855788,0.43854526
rna_E18_5-S1#TCCTACCACTGATGGT-1,-0.7133038,-0.3048839,-0.46780208,1.3020636,0.7887619,0.29590192,-0.3784941,0.22975285,-0.61064136,-0.14135498
rna_E18_5-S1#TCCTACCACTTGCGCC-1,-0.7882485,0.12906437,0.3264213,1.3020879,-1.0596831,-0.020578206,-0.4136015,1.1571263,-0.30849847,-0.3240902
rna_E18_5-S1#TCCTACCAGAAGATCG-1,0.22755015,-0.50621647,-0.0054035876,2.119755,-0.62418616,-0.057730034,-0.2383965,-0.82358885,-0.5944035,0.50261986
rna_E18_5-S1#TCCTACCAGACCTTGA-1,-0.43068063,0.009842239,-0.6469983,-0.17741711,-0.15510769,0.46944296,-0.39476687,1.9009643,0.016680233,-0.59195906
rna_E18_5-S1#TCCTACCAGATACGGA-1,0.044902563,-0.6564468,-0.13174444,1.7711129,-0.84028125,0.34860793,-0.3569948,-0.7864219,-0.54003596,1.1473018
rna_E18_5-S1#TCCTACCAGATCTTAC-1,0.6882126,-0.4415989,-0.6892364,0.87371236,0.78562486,0.5766885,-0.4381991,-0.3725428,-0.42883205,-0.5538292
rna_E18_5-S1#TCCTACCAGCAGGTCC-1,-0.5003734,-0.10549459,-0.4191326,-0.08836118,-0.72268623,0.98945886,0.09568211,0.74419475,-0.0017915946,0.008503857
rna_E18_5-S1#TCCTACCAGCCATTCT-1,0.07763787,-0.1918059,-0.5741106,1.3751172,0.50379956,-0.23247388,-0.030397043,-0.17800951,-0.5452031,-0.20455459
rna_E18_5-S1#TCCTACCAGCCGCAAC-1,-1.0386802,-0.46425977,0.23857771,1.6167129,-0.35647294,0.6044923,-0.010102976,-0.46625447,-0.6857925,0.56178004
rna_E18_5-S1#TCCTACCAGCGTTGGA-1,-0.17970818,-0.7057787,-0.65991414,0.0644601,1.1351284,0.1393817,-0.7377921,-0.062471893,-0.61259633,1.6192912
rna_E18_5-S1#TCCTACCAGCTAACTT-1,-1.008993,-0.31081277,1.1873852,1.7655647,0.7165408,-0.46033114,-0.038041577,-1.5562898,-0.8718762,0.5768538
rna_E18_5-S1#TCCTACCAGGTACTGC-1,-1.209491,0.0068511143,0.025853492,1.5854565,-0.22551233,-0.3729699,-0.31246758,-0.15691021,-0.47168925,1.1308792
rna_E18_5-S1#TCCTACCAGGTATGCT-1,-0.9492122,-0.43655205,-0.060081773,1.7045271,0.4936094,0.52101076,-0.5056684,-0.188267,-0.6462054,0.066839606
rna_E18_5-S1#TCCTACCATAGAATTA-1,-1.0827094,-0.16785637,-0.17631726,1.4780276,-0.045413382,0.74518377,-0.09951509,0.018772976,-0.66076046,-0.009412426
rna_E18_5-S1#TCCTACCATAGAGTAA-1,-0.7424864,1.7043197,-0.51276076,0.032379948,-0.330804,-0.33746606,-0.80728525,1.7530024,-0.13540637,-0.6234931
rna_E18_5-S1#TCCTACCATAGATCTA-1,-0.6954716,-0.4309099,0.031527005,1.4996121,0.13437848,-0.16926053,-0.101572245,-0.47101396,-0.7900419,0.9927526
rna_E18_5-S1#TCCTACCATCCGGCCT-1,-0.7232682,-0.28752184,-0.4405912,1.8141258,-0.33916408,0.82729244,-0.19633058,-0.5157786,-0.52439207,0.3856284
rna_E18_5-S1#TCCTACCATCCTACCA-1,0.11406508,-0.5240185,-0.32068223,0.79969937,-0.12111603,0.53290105,0.11597849,-0.4220119,-0.6735381,0.4987228
rna_E18_5-S1#TCCTACCATCGGCCTT-1,-0.87182724,0.009014996,-0.60462743,0.9547107,-0.788977,0.8857771,-0.7029401,0.5614637,0.45333833,0.104066774
rna_E18_5-S1#TCCTACCATCTGATAC-1,-1.4166257,0.8554395,1.6947631,1.1092067,0.8024882,-0.77776474,-0.5918451,-0.48695713,-0.88812715,-0.30057743
rna_E18_5-S1#TCCTACCATGAGTCTG-1,-0.7278688,-0.6007264,0.25889438,1.7811753,1.3709257,-0.44912368,-0.5437206,-1.1139911,-1.1072769,1.1317121
rna_E18_5-S1#TCCTACCATGCCGGCA-1,-0.8938855,-1.0632224,3.362417,2.6583827,-0.63403964,-0.46882692,-0.9545578,-1.5111223,-0.51549196,0.020346895
rna_E18_5-S1#TCCTACCATGCGGACC-1,-1.2705818,-0.6201066,0.90873,1.9344271,-0.62629867,-0.21974628,-0.44341943,-0.4577163,-0.5332113,1.3279232
rna_E18_5-S1#TCCTACCATGGTCAGC-1,-0.3887503,-0.63424104,0.28201753,1.7166479,-0.20286886,-0.27946818,-0.02490455,-1.0082567,-0.5113707,1.051195
rna_E18_5-S1#TCCTACCATTACCGAG-1,-0.64894456,-0.53320706,0.9028044,1.8371189,0.55941236,-0.5272571,-0.26769975,-0.5510164,-0.6194514,-0.15175936
rna_E18_5-S1#TCCTACCATTATCCGG-1,-0.5132145,-0.66294783,0.02092496,1.5153978,-0.31211764,-0.32001448,-0.37737787,-0.67386484,-0.55940074,1.8826152
rna_E18_5-S1#TCCTACCATTATTCAT-1,-1.0542586,-0.05434555,2.4927182,0.9616645,0.0050436947,-1.2695239,0.18600103,-0.42938134,-0.8724607,0.03454243
rna_E18_5-S1#TCCTACCATTGACTTC-1,-0.4274475,-0.17043617,0.01832226,1.6228778,0.17292352,-0.28465325,-0.067528225,-0.11590766,-0.6536121,-0.0945388
rna_E18_5-S1#TCGGCCTTAACCTGCG-1,-0.067967296,-0.5917232,-0.22584262,1.7570639,-0.6454992,0.21017788,-0.47647423,-0.61539274,-0.8633803,1.5190377
rna_E18_5-S1#TCGGCCTTAAGAAGCT-1,-0.3125888,-0.5820504,-0.24196509,1.9137374,-1.0848225,0.5758015,-0.8208522,0.22100702,-0.37897053,0.7107036
rna_E18_5-S1#TCGGCCTTAATTAAGA-1,0.2614167,-0.53638184,0.19043359,1.8538089,0.67273325,-0.012626108,-0.8141457,-1.3833394,-0.5699212,0.33802193
rna_E18_5-S1#TCGGCCTTACGGAGGC-1,-0.4879474,0.3360708,0.4949708,0.6453242,0.7701288,-0.40312368,-0.48857704,-0.3642914,-1.0627214,0.56016636
rna_E18_5-S1#TCGGCCTTACTATGCA-1,-1.2050592,-0.35206652,0.026126437,2.0055175,-0.028939482,0.5745835,-0.431619,-0.94006413,-0.41568905,0.76721007
rna_E18_5-S1#TCGGCCTTACTCAATA-1,-0.022421433,1.3414124,-0.7242476,-0.024126682,-0.27419847,0.32779366,-0.11298699,0.4598405,-0.43229246,-0.538773
rna_E18_5-S1#TCGGCCTTAGAACGTC-1,-0.92109287,-0.51492476,0.105031975,-0.54051113,0.08226907,0.21706744,-0.61793655,2.0385725,0.37088293,-0.21935876
rna_E18_5-S1#TCGGCCTTAGAGAAGG-1,-1.0458187,-0.52409065,1.0947957,1.958301,0.25043976,-0.573696,-0.31470162,-0.9351466,-0.7425844,0.8325015
rna_E18_5-S1#TCGGCCTTAGAGCTAT-1,-0.7484068,0.37485754,-0.9874279,-0.0059139878,0.028471485,1.1195579,-0.4327647,1.6537318,-0.16651693,-0.8355883
rna_E18_5-S1#TCGGCCTTATCATATT-1,-1.0972757,0.41156402,-0.4888971,1.7910758,-0.61361605,-0.07540752,-0.70612705,-0.40864688,-0.17468368,1.3620143
rna_E18_5-S1#TCGGCCTTCATACTCC-1,-1.1703519,-0.86474466,3.072345,2.3851082,-0.46955264,-0.66356736,-0.56129915,-1.3565506,-0.7222611,0.35087425
rna_E18_5-S1#TCGGCCTTCCGAGAAT-1,0.32006675,-0.579234,-0.82309484,0.40706265,1.0327307,0.9944914,0.35263807,-0.7759971,-0.69225,-0.23641366
rna_E18_5-S1#TCGGCCTTCGACGCGA-1,-1.260751,-0.54076374,0.2832411,1.6331033,-0.13270725,0.038366,-0.7123624,-0.3233128,-0.77161473,1.7868016
rna_E18_5-S1#TCGGCCTTCTAAGAGA-1,-0.7104,-0.585979,-0.57311845,-0.44018853,-0.26707458,0.5570626,-0.29490012,2.1949723,0.354006,-0.23438004
rna_E18_5-S1#TCGGCCTTCTGATGGT-1,-0.23316197,-0.4293882,-0.30721545,-0.060125824,0.7428178,0.597034,-0.04908944,-0.44201678,-0.3940711,0.5752169
rna_E18_5-S1#TCGGCCTTCTTGCGCC-1,-1.1339208,0.29012302,-0.041205592,-0.6278656,-0.7099221,0.20609969,-0.57172036,1.4876359,1.0980842,0.0026915967
rna_E18_5-S1#TCGGCCTTGAAGATCG-1,-0.98235065,0.4675135,0.143151,1.4936068,-1.2306749,-0.3176504,-0.421865,0.5326769,-0.5114565,0.8270492
rna_E18_5-S1#TCGGCCTTGACCTTGA-1,-1.1622143,1.0082765,-1.185331,-0.8196514,-0.9592793,0.19426453,-0.114224024,2.0467255,1.8623618,-0.8709282
rna_E18_5-S1#TCGGCCTTGATACGGA-1,-0.6481657,1.5438914,-0.6832887,-0.3129934,-0.06749716,-0.35207534,-0.6062227,0.95282054,0.088947795,0.084583126
rna_E18_5-S1#TCGGCCTTGATCTTAC-1,0.2718044,0.2783998,-0.6233626,0.2363855,1.0006045,-0.4149,-0.5322238,-0.38902006,-0.5866274,0.75893974
rna_E18_5-S1#TCGGCCTTGCAGGTCC-1,-0.85690975,-0.25529736,-0.10752714,-0.54364854,-0.42026484,0.6795682,-0.5653561,1.74871,0.81168264,-0.49095726
rna_E18_5-S1#TCGGCCTTGCCATTCT-1,-0.45015717,0.13719967,-0.8771616,-0.320815,-0.78643894,0.79791784,0.8879967,1.6580929,-0.23539148,-0.81124294
rna_E18_5-S1#TCGGCCTTGCCGCAAC-1,-1.6748905e-05,-0.71745664,-0.98670256,-0.37815553,0.545064,1.729697,-0.5383265,0.53269935,-0.37987542,0.19307305
rna_E18_5-S1#TCGGCCTTGCGTTGGA-1,-1.3716228,1.2405379,-0.99306035,0.015225381,-0.34874552,1.2098494,-0.87186843,0.73434013,-0.23592663,0.6212709
rna_E18_5-S1#TCGGCCTTGCTAACTT-1,-1.12512,-0.3315488,0.9583951,1.7688556,0.2124648,0.17373855,-0.15405288,-1.3590593,-0.8213385,0.67766553
rna_E18_5-S1#TCGGCCTTGGTACTGC-1,-0.82623905,0.6996816,-0.4763512,-0.69931734,-0.6441834,-0.34597132,-0.05175505,2.0849771,0.645379,-0.38622034
rna_E18_5-S1#TCGGCCTTGGTATGCT-1,-1.0789691,-0.40295067,0.88217366,1.4781002,0.765989,0.27496573,-0.3700472,-0.4950614,-0.5606668,-0.49353358
rna_E18_5-S1#TCGGCCTTTAGAATTA-1,-1.2713661,0.42332935,-0.19886835,-0.567077,-0.7604033,0.40186456,-0.096557215,2.452483,0.11772136,-0.50112635
rna_E18_5-S1#TCGGCCTTTAGAGTAA-1,-0.9556934,-1.0895247,2.3765275,-0.80382967,-0.27014992,-0.6871136,-0.42569017,2.9021995,-0.3443209,-0.70240444
rna_E18_5-S1#TCGGCCTTTAGATCTA-1,-0.146907,-0.61876416,0.5143857,1.384968,1.0252988,-0.61921465,-0.11050868,-1.2210401,-1.0304376,0.82221967
rna_E18_5-S1#TCGGCCTTTCCGGCCT-1,-0.63664806,-0.13218102,-0.10924409,1.2633247,-0.2882393,0.56241184,-0.427315,-0.07934199,-0.54129356,0.38852653
rna_E18_5-S1#TCGGCCTTTCCTACCA-1,-1.4456668,0.16293187,-0.7155199,-0.5607284,-0.59329164,1.1751561,-0.48134243,1.1600182,-0.13457352,1.4330163
rna_E18_5-S1#TCGGCCTTTCGGCCTT-1,-1.053813,-0.4128223,-0.11628063,0.23259702,-0.6845794,0.5587357,0.12596086,1.399202,0.31270376,-0.36170414
rna_E18_5-S1#TCGGCCTTTCTGATAC-1,-0.7421554,-0.58536947,0.36110312,1.9670341,-0.90742403,0.5548356,-0.52185416,-0.58792615,-0.36117804,0.8229343
rna_E18_5-S1#TCGGCCTTTGAGTCTG-1,-0.8693661,0.40158367,-0.847024,-0.2925079,-0.28373423,1.483666,-0.7064724,1.1420505,-0.16111718,0.13292177
rna_E18_5-S1#TCGGCCTTTGCCGGCA-1,-0.7420579,-0.33973402,0.1118562,1.4787596,0.25367805,-0.31760702,-0.32936823,-0.35168684,-0.5940855,0.83024573
rna_E18_5-S1#TCGGCCTTTGCGGACC-1,-0.11176124,-0.35282412,-0.5199215,-0.16889842,0.07659382,0.61338717,-0.31042746,-0.16956405,-0.23298855,1.1764042
rna_E18_5-S1#TCGGCCTTTGGTCAGC-1,-0.869138,-0.49239182,0.17960863,1.8385932,-0.6101881,-0.6173138,-0.19613212,-0.6432536,-0.44628286,1.8564985
rna_E18_5-S1#TCGGCCTTTTACCGAG-1,-0.32384616,-0.6468967,-0.5645276,0.697206,-0.5882306,0.21331741,-0.39274204,0.46944875,-0.4971038,1.6333748
rna_E18_5-S1#TCGGCCTTTTATCCGG-1,-0.94261175,-0.27365428,-0.16461195,1.8796562,-0.6314187,0.5218926,-0.510796,-0.63373566,-0.3180031,1.0732826
rna_E18_5-S1#TCGGCCTTTTATTCAT-1,-1.0686513,-0.48573846,0.29546043,1.3135722,0.79636,-0.38210613,0.008180134,-0.5065169,-0.667909,0.6973491
rna_E18_5-S1#TCGGCCTTTTGACTTC-1,-0.72731483,0.4039457,-1.3225571,-0.3018259,-0.5831253,0.8595456,-0.15454456,1.7453401,0.71244806,-0.63191193
rna_E18_5-S1#TCTGATACAATTAAGA-1,3.0749319,-1.4165946,-0.28179374,2.2692442,-1.9298086,-1.0686489,2.8736267,-1.0583283,-0.8936478,-1.5689805
rna_E18_5-S1#TCTGATACACCGCCAA-1,-0.34151316,-0.46492994,-0.5524955,-1.0880681,-1.0163177,0.65697783,1.6078012,2.570506,-0.72015524,-0.6518053
rna_E18_5-S1#TCTGATACACGGAGGC-1,2.9860606,-1.0832301,-0.91962135,2.1647024,-1.9605985,-1.0230784,3.127699,-1.0567214,-1.1247756,-1.1104362
rna_E18_5-S1#TCTGATACACTATGCA-1,-0.18595567,-0.786197,1.2534496,-0.6551331,-0.40582418,-0.22070292,-0.7411816,3.278998,-0.7655124,-0.77194047
rna_E18_5-S1#TCTGATACACTCAATA-1,3.03997,-0.92649513,-1.3907408,1.8060857,2.5430918,-1.0160604,-1.3377335,-1.0083483,-0.89109087,-0.81867844
rna_E18_5-S1#TCTGATACACTTAACC-1,-0.5978324,-0.16686974,-0.53198576,-0.8217219,-0.30556956,0.8596697,0.5070418,1.5078828,-0.15101348,-0.2996016
rna_E18_5-S1#TCTGATACAGAACGTC-1,1.1647459,-0.61589545,-0.72629446,1.2895714,-1.5390913,-0.019123236,1.0447882,0.9769299,-0.5135104,-1.0621204
rna_E18_5-S1#TCTGATACAGAGCTAT-1,2.1052296,-0.86229753,-1.073739,0.40987074,3.186028,-0.95572853,-0.882588,-0.27300602,-0.7716626,-0.88210666
rna_E18_5-S1#TCTGATACATAAGGAG-1,-1.0307934,2.642776,-0.9494534,-0.19009338,-0.374848,-0.43965262,-0.8355143,1.4125254,0.08529621,-0.32024264
rna_E18_5-S1#TCTGATACATCATATT-1,1.2569968,-0.38602367,-0.6880576,0.25943196,-1.2787181,0.16602528,1.9160372,0.6618363,-0.7261275,-1.1814007
rna_E18_5-S1#TCTGATACCAACCGCT-1,-1.0036802,1.4723768,-1.067826,-0.13033055,-0.48825985,1.0064292,-0.91819775,1.7396342,-0.030806996,-0.57933885
rna_E18_5-S1#TCTGATACCCAGTTCC-1,-0.38177547,-0.5218159,-0.70122105,-1.0671116,-0.85961515,0.8204115,1.3690923,2.4787738,-0.19700703,-0.93973154
rna_E18_5-S1#TCTGATACCCGAGAAT-1,3.0404418,-0.7926065,-0.9482499,1.9821624,-0.98879486,-0.7016596,1.0590173,-0.40850314,-0.68956053,-1.5522469
rna_E18_5-S1#TCTGATACCCGATTCC-1,-0.9888002,-0.34227037,-0.09171367,-0.9416022,-0.31703976,0.27777606,-0.13318972,2.1378613,0.1645081,0.23447058
rna_E18_5-S1#TCTGATACCGAACGCC-1,-0.9339269,2.7796109,-0.8620467,-0.22740191,-0.7132127,-0.09988873,-0.83352894,1.0066192,0.18030357,-0.29652768
rna_E18_5-S1#TCTGATACCGACGCGA-1,-0.5001408,-0.50107855,-0.3241157,-0.3383909,-0.5590926,0.99464005,-0.05700042,1.5070641,0.1485004,-0.37038556
rna_E18_5-S1#TCTGATACCTAAGAGA-1,3.290893,-0.7371455,-1.0885333,0.4848359,2.5028934,-0.7468491,-1.3764867,-0.7222378,-0.50846857,-1.0989017
rna_E18_5-S1#TCTGATACCTGATGGT-1,3.1189954,-0.66182035,-1.2138286,1.6987946,0.5492696,-0.75186473,-0.10580944,-0.5786288,-0.57998693,-1.4751208
rna_E18_5-S1#TCTGATACCTTGCGCC-1,2.6539671,-1.1358035,-1.1066631,1.6590961,-2.3674438,-0.08008068,2.8105016,-0.14225876,-0.8354027,-1.4559124
rna_E18_5-S1#TCTGATACGACCTTGA-1,-0.7156531,-0.028008949,-0.31859434,-0.59659636,-0.31331506,0.122366816,-0.2609507,2.1308503,-0.07342,0.053321335
rna_E18_5-S1#TCTGATACGATACGGA-1,-0.3001353,-0.79112023,0.35240275,-0.21862048,-0.536763,-0.2950517,-0.32063305,2.2722266,0.10311799,-0.2654236
rna_E18_5-S1#TCTGATACGATCTTAC-1,3.0206337,-1.123554,-1.0547458,0.36275464,1.7573264,-1.216704,-0.87975466,-0.9726615,-0.7223783,0.82908344
rna_E18_5-S1#TCTGATACGCAGGTCC-1,-1.1086944,1.1864138,-0.8094333,-0.3595947,-0.71505386,-0.19252564,-0.56806016,1.2784328,1.7632422,-0.47472674
rna_E18_5-S1#TCTGATACGCCATTCT-1,0.0833092,-0.6061692,-1.0128961,2.1224184,1.7506688,0.3439841,-0.6867319,-0.39014056,-0.6550484,-0.9493944
rna_E18_5-S1#TCTGATACGCCGCAAC-1,3.1199539,-0.8586588,-1.053294,2.2522626,-1.2448131,-0.48322642,1.2861698,-0.881073,-0.72062254,-1.4166989
rna_E18_5-S1#TCTGATACGCGTTGGA-1,3.1692839,-0.8380942,-1.0055981,-0.028212283,1.2271932,-0.89010006,-0.9405051,-0.87133026,-0.82114947,0.9985124
rna_E18_5-S1#TCTGATACGGCTGAGC-1,-0.62706757,2.8006237,-1.3048301,-0.24811095,-0.5570929,-0.44732583,-0.4808616,1.106208,0.29218212,-0.5337247
rna_E18_5-S1#TCTGATACGGTACTGC-1,2.3953764,-0.7505223,-0.8218926,1.6970468,-1.3211025,-0.3435983,0.7289689,-0.60596395,-0.658469,-0.3198434
rna_E18_5-S1#TCTGATACTAGAATTA-1,1.099214,-0.9863588,-0.82400453,-0.44454214,1.7649307,-0.7542492,-0.9916579,-0.121375084,-0.9142379,2.1722813
rna_E18_5-S1#TCTGATACTAGAGTAA-1,-1.249129,-0.20936346,3.038564,-0.53983843,-0.3920934,-1.5075254,-0.7313326,2.6942813,-0.72184247,-0.38172042
rna_E18_5-S1#TCTGATACTAGATCTA-1,3.122541,-1.2648382,-0.79917115,2.117041,-2.1629372,-0.57414055,3.117272,-0.891861,-1.0397464,-1.6241593
rna_E18_5-S1#TCTGATACTCCTACCA-1,3.0271487,-1.0181406,-1.2220309,1.3610454,2.2145026,-0.88095254,-1.1963427,-0.834153,-0.6693197,-0.7817573
rna_E18_5-S1#TCTGATACTCGGCCTT-1,-0.85280764,-0.64849776,1.2717376,0.77299774,-0.4374986,-0.01887995,-0.17353666,2.1059551,-1.3139209,-0.7055492
rna_E18_5-S1#TCTGATACTGAGTCTG-1,2.935668,-0.8146846,-1.0295463,2.0413597,-1.8509127,-0.61659616,2.3927126,-0.99477565,-0.73096406,-1.3322606
rna_E18_5-S1#TCTGATACTGCCGGCA-1,3.0746405,-0.9640909,-1.1807585,2.1534348,-1.8993237,-0.77359086,2.1804163,-0.2382594,-0.67165685,-1.6808116
rna_E18_5-S1#TCTGATACTGCGGACC-1,2.815936,-1.1095941,-0.5752007,2.1325974,-1.7361208,-0.6084705,2.1273134,-0.9817517,-0.71462065,-1.3500887
rna_E18_5-S1#TCTGATACTGGTCAGC-1,-0.75528276,-0.73854667,0.6625338,-0.16365409,-0.6225061,0.57841814,0.30262315,2.6748252,-1.0302955,-0.9081151
rna_E18_5-S1#TCTGATACTTACCGAG-1,2.7613397,-0.83742946,-1.1715232,2.304335,-1.5297693,-0.8305489,0.6699209,0.75034595,-0.38485724,-1.7318135
rna_E18_5-S1#TCTGATACTTATCCGG-1,0.18059017,-0.7473633,-0.68415546,0.2525867,-0.45776835,0.08110538,-0.5474917,0.07720378,-0.7072131,2.552506
rna_E18_5-S1#TCTGATACTTATTCAT-1,2.6982934,-1.1878171,0.3861158,2.2134225,-1.8518584,-1.0439804,2.9653294,-1.8046954,-1.3212122,-1.053598
rna_E18_5-S1#TCTGATACTTGACTTC-1,3.3745916,-0.91470754,-1.228565,1.8480068,1.8457631,-0.95370173,-1.2216197,-0.9506252,-0.733571,-1.0655717
rna_E18_5-S1#TGAGTCTGAACCTGCG-1,-0.91505146,0.05162447,-0.40880165,-0.4581675,-0.87188977,0.691211,-0.39212883,1.5328466,1.4435204,-0.67316353
rna_E18_5-S1#TGAGTCTGAAGAAGCT-1,2.7102854,-1.2972736,-0.4226701,2.2697294,-1.8722568,-0.877021,2.917636,-1.229047,-0.7451898,-1.4541923
rna_E18_5-S1#TGAGTCTGAATTAAGA-1,-1.0153431,-0.63731116,2.2781339,2.2854924,0.2961067,-0.6161528,-0.87288666,-0.5877893,-0.6353873,-0.49486244
rna_E18_5-S1#TGAGTCTGACCGCCAA-1,-0.45218626,-0.25726008,-0.40121436,-0.16579752,0.002131423,0.2958663,-0.056365065,1.5942948,-0.06996628,-0.489503
rna_E18_5-S1#TGAGTCTGACGGAGGC-1,-0.111346275,-0.7627477,2.466384,1.952829,-0.69742495,0.000832431,-0.91189504,-1.3975477,-0.5354522,-0.0036312342
rna_E18_5-S1#TGAGTCTGACTATGCA-1,2.81513,-0.8600903,-0.26710343,1.9135739,-1.3115864,-0.727434,1.1238168,-0.722471,-0.7423197,-1.2215157
rna_E18_5-S1#TGAGTCTGACTCAATA-1,-0.69433886,0.4944244,-0.5472082,0.7068728,-0.61931473,0.15684706,-0.2273514,0.86593515,-0.3588974,0.22303107
rna_E18_5-S1#TGAGTCTGACTTAACC-1,-1.2535195,0.3215451,-0.52257293,0.3099164,-0.8714464,0.37504652,0.24953273,2.1791506,0.06397058,-0.8516232
rna_E18_5-S1#TGAGTCTGAGAACGTC-1,-1.1664438,0.5315463,-0.17913938,1.6687716,-0.539782,0.04889735,-0.49616072,-0.17045258,0.019674338,0.28308883
rna_E18_5-S1#TGAGTCTGAGAGAAGG-1,-1.1359621,1.7883977,-0.83064574,0.11217431,-0.19672716,-0.55728847,-0.57943255,1.5921901,-0.39219722,0.19949104
rna_E18_5-S1#TGAGTCTGAGAGCTAT-1,-1.2271734,-0.3231174,-0.014776051,1.9235121,-0.27709994,0.9335372,-0.23842487,-0.05760206,-0.28739512,-0.43146044
rna_E18_5-S1#TGAGTCTGATAAGGAG-1,-0.9271141,2.7931871,-0.888638,-0.019245088,-0.6431999,-0.4747705,-0.53053933,0.76914,0.5871775,-0.6659974
rna_E18_5-S1#TGAGTCTGATCATATT-1,0.50191283,-0.5742933,-0.7418556,0.47696805,0.66386,-0.29238755,-0.28035256,1.9804151,-0.7011089,-1.0331581
rna_E18_5-S1#TGAGTCTGCAACCGCT-1,-0.7913351,-0.09912948,-0.59292495,-0.2845285,-0.30082142,0.22976269,-0.70570385,2.3618436,0.24312784,-0.060290717
rna_E18_5-S1#TGAGTCTGCATACTCC-1,-0.33235115,0.44607633,-0.72296745,-0.30354694,0.074246526,1.6186081,-0.68602586,-0.4192798,-0.21903813,0.5442784
rna_E18_5-S1#TGAGTCTGCCAGTTCC-1,-0.7657757,-0.086657,-0.9246381,-0.4676966,-0.66817015,0.6943759,0.41991648,1.6853857,0.72735804,-0.6140985
rna_E18_5-S1#TGAGTCTGCCGAGAAT-1,-1.2184002,-0.4638478,0.9978037,1.7572752,1.0017246,-0.17173798,-0.35489172,-1.2274588,-0.8749201,0.554453
rna_E18_5-S1#TGAGTCTGCCGATTCC-1,-0.26181844,-0.37741068,-0.4047546,-0.59573597,-0.28948304,0.4220607,0.36250445,1.2209135,0.30279717,-0.37907302
rna_E18_5-S1#TGAGTCTGCGAACGCC-1,-0.7363342,1.9121486,-0.90583897,-0.3823663,-0.59053725,-0.31211054,-0.5458314,1.5478764,0.5731642,-0.5601705
rna_E18_5-S1#TGAGTCTGCGACGCGA-1,2.299576,-1.0009158,0.1602534,1.8951447,-1.8255541,-0.8750992,2.3005862,-0.9070711,-0.9098656,-1.1370549
rna_E18_5-S1#TGAGTCTGCTAAGAGA-1,-1.1245142,-0.4190148,-0.41964963,1.0824367,-0.74986637,0.789792,-0.53219277,0.48484,0.32766715,0.560502
rna_E18_5-S1#TGAGTCTGCTGATGGT-1,-0.75900793,-0.41876864,-0.1306456,0.20130286,-0.5875035,0.42245743,-0.06870382,1.1294655,-0.112670414,0.3240742
rna_E18_5-S1#TGAGTCTGCTTGCGCC-1,-1.2537402,0.6647954,-0.6413931,1.3675884,-0.53720707,0.01655981,-0.66640645,0.3369219,0.40355578,0.30932567
rna_E18_5-S1#TGAGTCTGGAAGATCG-1,2.8724208,-0.8882122,-0.6215458,1.894166,-1.8028384,-0.83668983,2.5702727,-0.9970161,-0.94135725,-1.2492001
rna_E18_5-S1#TGAGTCTGGACCTTGA-1,-0.6340705,-0.0039337818,-0.47391808,0.671595,-0.8872186,0.66536874,-0.24603924,1.2742423,0.1643005,-0.5303263
rna_E18_5-S1#TGAGTCTGGATACGGA-1,3.2199607,-0.91435695,-0.43205646,2.1795375,-2.0411344,-0.7320888,2.594468,-1.2331866,-1.0187712,-1.6223722
rna_E18_5-S1#TGAGTCTGGATCTTAC-1,0.98591185,-0.6950854,-0.39110583,0.16099913,-0.018955432,0.0013292879,-0.1812028,0.24288961,-0.34265548,0.23787507
rna_E18_5-S1#TGAGTCTGGCAGGTCC-1,-0.5423704,0.6348215,-0.59736276,1.2436363,-0.86613005,0.8480043,-0.5219757,0.41765502,-0.4168405,-0.19943762
rna_E18_5-S1#TGAGTCTGGCCATTCT-1,-0.85425436,-0.3127054,-0.27700707,1.754417,-0.29885665,0.62249315,-0.1893943,-0.14524122,-0.47276124,0.17331022
rna_E18_5-S1#TGAGTCTGGCCGCAAC-1,-0.7387972,-0.47804388,0.06071996,1.1681062,-0.04841819,0.019426502,-0.3688912,-0.78189296,-0.4351098,1.6029005
rna_E18_5-S1#TGAGTCTGGCGTTGGA-1,-0.47360638,-0.35509235,-0.014172808,1.3850065,-0.4139444,0.26474363,-0.9177273,-0.4071598,-0.021704726,0.9536576
rna_E18_5-S1#TGAGTCTGGCTAACTT-1,-0.43750083,-0.34835854,-0.8666246,-0.62662303,-0.06571558,2.0283003,-0.34721372,1.2102028,-0.013071943,-0.5333952
rna_E18_5-S1#TGAGTCTGGGCTGAGC-1,-0.95589316,2.6467962,-0.8668028,-0.49981654,-0.8628286,-0.41360986,-0.75973475,1.4123721,1.0280986,-0.7285813
rna_E18_5-S1#TGAGTCTGGGTACTGC-1,-1.0020258,-0.2964084,0.23938428,1.806014,-0.3087139,-0.16761893,-0.13768028,-0.4352111,-0.49753302,0.7997931
rna_E18_5-S1#TGAGTCTGGGTATGCT-1,-0.6693179,-0.737419,-0.2579209,-0.5058967,-0.5847209,0.6799616,0.10782729,1.7868435,0.63927656,-0.45863375
rna_E18_5-S1#TGAGTCTGTAGAATTA-1,-1.2617524,0.18289962,-0.2044512,1.7188138,-0.45963204,0.012033414,-0.46833682,-0.10725544,-0.2969778,0.8846588
rna_E18_5-S1#TGAGTCTGTAGAGTAA-1,-0.91653824,-0.17981815,-0.27243114,1.0627434,-0.40176505,0.31456733,-0.19021167,1.5651109,0.01938659,-1.0010442
rna_E18_5-S1#TGAGTCTGTAGATCTA-1,-0.7220141,-0.108817294,1.2834015,0.24759026,-0.08683054,-0.9642076,-0.3363186,0.2926673,-0.76002604,1.1545552
rna_E18_5-S1#TGAGTCTGTCCGGCCT-1,3.1030283,-0.74603045,-0.70063734,2.1728392,-1.7929173,-0.5356685,1.5362184,-0.9831466,-0.69007576,-1.36361
rna_E18_5-S1#TGAGTCTGTCCTACCA-1,-0.4863326,-0.26606625,-0.4236749,1.3001865,-0.83641744,1.0536062,-0.28122646,0.32852393,-0.43152046,0.042921506
rna_E18_5-S1#TGAGTCTGTCGGCCTT-1,-1.1176344,-0.22947232,-0.45476323,0.7510783,-0.9957641,0.5908251,-0.4685641,1.1104863,0.55145955,0.2623489
rna_E18_5-S1#TGAGTCTGTCTGATAC-1,2.9592376,-1.2203132,0.04141854,2.1758296,-1.8999748,-1.0066481,2.298116,-1.1682222,-0.94959503,-1.2298487
rna_E18_5-S1#TGAGTCTGTGAGTCTG-1,-0.8985406,0.27005106,0.7997221,0.22083911,-0.31783077,-1.3307867,-0.4135584,0.90615565,-0.94113964,1.7050883
rna_E18_5-S1#TGAGTCTGTGCCGGCA-1,0.29953668,-0.45356366,-0.74142635,-0.08545633,0.2534083,0.8839992,-0.4018822,0.38791648,-0.3435639,0.20103166
rna_E18_5-S1#TGAGTCTGTGCGGACC-1,-1.4092985,-0.22912778,2.2070868,1.8182518,-0.41350603,-0.53865385,-0.5091535,-0.6408938,-0.56231683,0.2776118
rna_E18_5-S1#TGAGTCTGTGGTCAGC-1,2.9112809,-0.84215266,-0.42538527,1.7505008,-1.7589831,-0.42061168,1.9806104,-0.5483729,-1.0521828,-1.5947037
rna_E18_5-S1#TGAGTCTGTTACCGAG-1,-0.28540352,0.40541193,-0.6925273,-0.12799984,-0.34121087,1.7942547,-0.5880494,0.77522385,-0.26743677,-0.67226267
rna_E18_5-S1#TGAGTCTGTTATCCGG-1,2.6342564,-0.951168,-0.81697524,1.7691576,-1.9803226,-0.46938974,2.016853,-1.1289729,-0.8118448,-0.26159388
rna_E18_5-S1#TGAGTCTGTTATTCAT-1,0.3964367,-0.53939664,0.38898438,0.87753886,0.25503945,-0.7128944,0.24817893,-1.1939976,-0.7761297,1.05624
rna_E18_5-S1#TGAGTCTGTTGACTTC-1,-0.95650804,0.07151604,-0.37593937,1.5468389,-0.28577343,0.26921913,-0.45906258,0.20571043,-0.39025307,0.37425202
rna_E18_5-S1#TGCCGGCAAAGAAGCT-1,2.7638316,-0.90900755,-1.0980455,2.0436978,-2.02309,-0.7471505,2.621402,-0.05875984,-0.7997784,-1.7930998
rna_E18_5-S1#TGCCGGCAAATTAAGA-1,3.320252,-1.0608406,-0.5748085,1.5143561,-0.7613574,-1.2105057,1.8052319,-1.6167412,-1.3574823,-0.058104455
rna_E18_5-S1#TGCCGGCAACCGCCAA-1,-1.0925447,0.11696026,-0.5905371,-0.35264564,-0.034678772,0.083305374,-0.22290327,2.1990411,0.53954303,-0.6455403
rna_E18_5-S1#TGCCGGCAACGGAGGC-1,2.9690313,-1.1557907,-0.9624273,-0.18032296,1.8050698,-0.797365,-1.1774443,-0.9717317,-0.68500143,1.1559827
rna_E18_5-S1#TGCCGGCAACTATGCA-1,3.3794277,-0.93240446,-0.9678463,-0.90986335,1.9880713,-0.73159957,-0.5706861,-1.0302624,-0.88739437,0.66255736
rna_E18_5-S1#TGCCGGCAACTCAATA-1,-0.7162929,0.0043811277,0.37306434,1.4754343,0.57972676,-0.117782295,-0.22590469,-0.03443256,-0.48941618,-0.8487779
rna_E18_5-S1#TGCCGGCAACTTAACC-1,-0.76218027,0.5508783,-0.6544525,-0.18741952,0.037945196,1.3739418,-0.81650865,1.0319424,-0.257344,-0.31680256
rna_E18_5-S1#TGCCGGCAAGAACGTC-1,-0.63207483,-0.27592072,0.18266921,1.7185148,0.4992403,0.068123415,-0.15845977,-0.24778058,-0.63209236,-0.52221954
rna_E18_5-S1#TGCCGGCAAGAGAAGG-1,-0.75404036,0.1692965,-0.55048925,-0.75982076,-0.8947527,1.0147595,0.57238907,1.6657703,0.1567969,-0.61990917
rna_E18_5-S1#TGCCGGCAAGAGCTAT-1,-0.9408486,-0.001678884,0.122219846,1.8121235,0.519062,-0.34389684,-0.39755428,-0.33963653,-0.47791985,0.048129596
rna_E18_5-S1#TGCCGGCAATAAGGAG-1,-0.751751,2.6743414,-0.80187094,-0.53087187,-0.6977529,-0.5370748,-0.8093923,0.981448,0.8102799,-0.33735514
rna_E18_5-S1#TGCCGGCAATCATATT-1,1.2391903,-1.1501867,-0.42118302,-2.2554998,2.3422904,-1.3444097,-0.8823922,0.21074331,-1.2413954,3.5028431
rna_E18_5-S1#TGCCGGCACAACCGCT-1,-0.86922765,0.59708357,-1.1513627,-0.7527931,-0.4336172,0.6002592,-0.76973295,1.8969371,1.5207825,-0.63832885
rna_E18_5-S1#TGCCGGCACATACTCC-1,-0.8437439,-0.2648161,-0.4179774,0.17141013,-1.0586247,0.6580953,-0.33142146,1.3598685,0.53918135,0.18802828
rna_E18_5-S1#TGCCGGCACCAGTTCC-1,-0.9251262,-0.22352211,-0.25211975,-0.41620472,-0.949069,0.8485533,0.53930545,2.5020933,-0.3888981,-0.7350124
rna_E18_5-S1#TGCCGGCACCGAGAAT-1,-0.66972196,-0.23267359,-0.09140389,1.7126155,1.3873637,-0.38484514,-0.3494446,-0.55148965,-0.60376024,-0.21664006
rna_E18_5-S1#TGCCGGCACCGATTCC-1,-1.068024,-0.49075985,-0.33566988,-0.6655344,-0.33166194,0.11157694,0.12559798,1.8931545,0.7175231,0.04379763
rna_E18_5-S1#TGCCGGCACGAACGCC-1,-0.49574295,-0.038512055,-0.5221389,-0.5754363,-0.31984144,0.27108195,-0.2388123,1.9824156,0.45714965,-0.5201632
rna_E18_5-S1#TGCCGGCACGACGCGA-1,3.1491146,-0.98741376,-1.096241,0.29802683,1.0454876,-0.73040015,-0.56543094,-0.9842564,-0.73922044,0.6103337
rna_E18_5-S1#TGCCGGCACTAAGAGA-1,-0.7859915,-0.39362106,0.338255,1.9714487,0.7244364,-0.19203398,-0.317799,-0.51595384,-0.45131052,-0.37743017
rna_E18_5-S1#TGCCGGCACTGATGGT-1,-0.52372223,-0.286493,-0.012770817,1.2858095,0.79991335,0.44206634,-0.30330655,-0.27435127,-0.577307,-0.54983836
rna_E18_5-S1#TGCCGGCACTTGCGCC-1,-1.1045147,-0.13758054,0.013606463,1.8736061,0.5779845,0.11091637,-0.21913533,-0.1603333,-0.4475285,-0.5070209
rna_E18_5-S1#TGCCGGCAGAAGATCG-1,3.328031,-0.93703425,-0.34455094,2.1863222,-1.8754534,-1.1666462,2.175953,-1.0842226,-0.8301031,-1.4522955
rna_E18_5-S1#TGCCGGCAGACCTTGA-1,-1.0591106,0.13317646,0.49232057,-1.0184779,-0.21303183,-0.022780664,-0.5619134,2.157273,0.16821598,-0.07567156
rna_E18_5-S1#TGCCGGCAGATACGGA-1,2.458492,-0.6716597,-0.95042086,0.6472484,-0.92361593,0.4328671,0.8155124,-0.75309896,-0.37976074,-0.67556334
rna_E18_5-S1#TGCCGGCAGATCTTAC-1,-0.57303977,-0.61495525,-0.031575155,2.3739493,0.7745248,0.021545347,-0.2711923,-0.65994614,-0.68587923,-0.3334316
rna_E18_5-S1#TGCCGGCAGCAGGTCC-1,-0.89945096,-0.09043033,-0.13003346,0.8028349,-0.96385324,0.8739374,-0.16292158,0.73690724,-0.38915506,0.22216505
rna_E18_5-S1#TGCCGGCAGCCATTCT-1,-0.7600401,-0.19750136,0.46184874,1.7906948,0.37645417,0.15965271,-0.21329057,0.05215025,-0.7879487,-0.88201976
rna_E18_5-S1#TGCCGGCAGCCGCAAC-1,-0.6635555,-0.25843737,0.63821477,1.7382953,1.3737235,-0.6403452,-0.15877901,-0.95271194,-0.78863496,-0.28776956
rna_E18_5-S1#TGCCGGCAGCGTTGGA-1,-0.6849079,-0.4387915,0.45537555,2.1512039,0.29802975,0.05029962,-0.41482922,-0.6079089,-0.6303166,-0.17815462
rna_E18_5-S1#TGCCGGCAGCTAACTT-1,-0.44098824,-0.4971074,-0.22851783,0.4259473,-0.40972972,0.3347957,-0.21617112,0.4753747,-0.38362408,0.9400207
rna_E18_5-S1#TGCCGGCAGGCTGAGC-1,-0.46003887,0.019667536,-0.47253326,-0.7494933,-0.6269843,0.12406075,-0.3831859,1.3755181,1.5694201,-0.3964309
rna_E18_5-S1#TGCCGGCAGGTACTGC-1,-0.11977406,-0.2175426,-0.4720528,2.101237,1.2294182,-0.39838952,-0.4520707,-0.3113008,-0.7149704,-0.6445542
rna_E18_5-S1#TGCCGGCATAGAATTA-1,-1.214754,-0.007341735,0.113113075,1.7503971,1.0760167,-0.40340436,0.09861378,-0.30602145,-0.89603686,-0.21058208
rna_E18_5-S1#TGCCGGCATAGAGTAA-1,-1.2012573,-0.30165172,0.6911249,0.57253134,-0.8156265,-0.1727729,-0.6012758,1.7864027,0.06447792,-0.02195245
rna_E18_5-S1#TGCCGGCATAGATCTA-1,2.0959003,-0.7362626,-0.03287892,-0.056253806,1.190699,-0.64364564,-0.34955096,-1.0647483,-0.85729706,0.45403838
rna_E18_5-S1#TGCCGGCATCCGGCCT-1,-1.0605798,-0.06972663,-0.66712266,-0.23471098,-0.49041474,0.48542094,-0.24454783,1.8021636,0.45452684,0.024991244
rna_E18_5-S1#TGCCGGCATCCTACCA-1,-0.18966076,-0.31669706,-0.5587849,1.313083,0.095897526,0.56221277,0.20974508,0.15013196,-0.61202645,-0.6539012
rna_E18_5-S1#TGCCGGCATCGGCCTT-1,-0.79434174,-0.23590302,0.09962638,1.7570058,0.27908552,0.270667,-0.11784627,-0.34979516,-0.47422433,-0.43427414
rna_E18_5-S1#TGCCGGCATCTGATAC-1,3.3362036,-1.3367066,-0.32741362,2.653266,-2.070853,-1.2764747,2.9475155,-1.3498467,-1.111745,-1.4639448
rna_E18_5-S1#TGCCGGCATGAGTCTG-1,-0.18260439,-0.8468778,-1.0049734,3.0860949,3.030778,-0.7719596,-0.46418944,-0.911519,-0.8104424,-1.1243068
rna_E18_5-S1#TGCCGGCATGCCGGCA-1,2.7793827,-0.76658225,-0.86075747,0.7784163,-0.367998,-0.7221073,1.7533543,-1.1502193,-0.82108384,-0.6224052
rna_E18_5-S1#TGCCGGCATGCGGACC-1,-0.7960615,-0.37434566,-0.8638577,-0.2897301,0.673701,1.1645384,-1.02834,0.3588826,-0.7901065,1.9453194
rna_E18_5-S1#TGCCGGCATGGTCAGC-1,3.1889315,-1.1053013,-0.7476853,-1.1224471,2.6806397,-1.0317625,-0.6456711,-1.4412395,-0.96110845,1.1856441
rna_E18_5-S1#TGCCGGCATTACCGAG-1,2.9143221,-0.89000976,-0.6107587,-0.45149866,1.1947374,-1.0311229,-0.44017604,-1.1143137,-0.7957551,1.2245753
rna_E18_5-S1#TGCCGGCATTATCCGG-1,2.1892908,-1.0122255,-0.52508473,1.6144149,-2.0135157,-0.06103056,2.067526,-0.1844277,-0.74905694,-1.3258908
rna_E18_5-S1#TGCCGGCATTATTCAT-1,2.917493,-0.050685294,-0.4578971,0.14355813,-0.5890491,-0.60600424,1.5851275,-0.8044906,-0.90552354,-1.2325287
rna_E18_5-S1#TGCCGGCATTGACTTC-1,-0.66951954,-0.24057326,0.31249368,1.8934034,1.0400449,-0.45203736,-0.30744982,-0.70949686,-0.7264042,-0.1404608
rna_E18_5-S1#TGCGGACCAACCTGCG-1,-0.78761655,-0.284324,-0.53914344,-0.5672299,-0.8938212,1.2783421,0.20855772,1.8767301,-0.16503605,-0.12645881
rna_E18_5-S1#TGCGGACCAAGAAGCT-1,2.9602726,-1.1971356,-0.88695043,1.7756553,-2.1238904,-0.28346258,2.692738,-0.6718497,-0.73105,-1.5343274
rna_E18_5-S1#TGCGGACCAATTAAGA-1,1.3482419,-0.97659296,-1.0198185,-0.21319953,0.5330334,-0.58872974,-0.7956655,0.6510611,-0.680772,1.7424418
rna_E18_5-S1#TGCGGACCACCGCCAA-1,-0.5897125,0.08301005,-0.5310943,-0.3852499,-0.57553965,0.2275437,-0.3429692,1.6771431,0.6587828,-0.22191396
rna_E18_5-S1#TGCGGACCACGGAGGC-1,-1.0042711,-0.76588035,2.5818088,1.6486366,-0.872321,-0.4661605,-0.55978,-0.27586475,-0.45185608,0.16568828
rna_E18_5-S1#TGCGGACCACTATGCA-1,2.4634924,-0.8163295,-0.5951321,1.6058117,-1.7131714,0.39626217,0.833386,-0.2540396,-0.6879287,-1.232351
rna_E18_5-S1#TGCGGACCACTCAATA-1,-1.301029,1.1067365,-0.63245666,0.27404803,-1.2445409,0.32865527,-0.4668218,0.62934387,0.49600127,0.81006324
rna_E18_5-S1#TGCGGACCACTTAACC-1,-0.9903108,-0.09484428,-0.122562334,-0.26811567,-0.66121817,-0.11025232,-0.35077035,1.5055336,1.3172058,-0.22466534
rna_E18_5-S1#TGCGGACCAGAACGTC-1,-1.0035261,-0.16687803,-0.538671,1.9036404,0.16258682,0.5437013,-0.5434325,0.7477698,-0.5017617,-0.603429
rna_E18_5-S1#TGCGGACCAGAGAAGG-1,0.9886812,-0.6541393,-0.8692082,0.25023317,-1.4464197,1.1241735,1.5240066,0.047214463,-0.69156027,-0.2729816
rna_E18_5-S1#TGCGGACCAGAGCTAT-1,-0.9047331,0.22487715,-0.32833838,0.9862204,-0.48961172,0.81255066,-0.28445208,0.18651265,-0.14897674,-0.05404886
rna_E18_5-S1#TGCGGACCATAAGGAG-1,-0.7869294,-0.37165293,-0.5940112,-0.46214697,-0.52854604,0.3241321,-0.13692039,1.6584098,1.2344676,-0.33680263
rna_E18_5-S1#TGCGGACCATCATATT-1,0.99073696,-0.031636804,0.9821124,1.6751723,0.5018436,-0.9284183,-0.45350268,-0.55142516,-0.7265816,-1.4583008
rna_E18_5-S1#TGCGGACCCAACCGCT-1,-0.60973,-0.58032644,0.049762536,-0.16690488,-0.7432697,0.20781262,-0.060348023,1.5903568,0.47084633,-0.15819922
rna_E18_5-S1#TGCGGACCCATACTCC-1,-0.6571051,-0.044191603,-0.7993928,-0.16110769,0.4580085,1.1775495,-0.6351854,-0.113925,-0.4405067,1.2158562
rna_E18_5-S1#TGCGGACCCCAGTTCC-1,-0.8606131,-0.5398705,-0.3444865,-0.79143536,-1.1479176,0.2682223,-0.13396229,2.5247924,1.8463389,-0.8210685
rna_E18_5-S1#TGCGGACCCCGAGAAT-1,-1.3494391,-0.31723082,0.06764643,1.6300097,-0.98794323,0.4731346,-0.22952124,0.15198326,-0.47983748,1.041198
rna_E18_5-S1#TGCGGACCCCGATTCC-1,-0.7830554,-0.50465757,-0.47883797,-0.56614816,-0.23979095,0.07247576,0.09743358,1.84791,0.82195723,-0.26728678
rna_E18_5-S1#TGCGGACCCGAACGCC-1,-0.76143914,-0.46479177,-0.3747206,-0.6246793,-0.51041025,0.3263064,0.5367738,1.6972207,0.41238865,-0.23664832
rna_E18_5-S1#TGCGGACCCGACGCGA-1,1.9266043,-0.64946526,-0.1596674,0.24226597,-0.40658414,-0.58185023,-0.33321232,-0.87397814,-0.5483701,1.3842572
rna_E18_5-S1#TGCGGACCCTAAGAGA-1,-1.150187,0.057946138,-0.061247867,0.6511509,-0.5364877,0.21517414,-0.76038826,0.26922658,0.88581795,0.42899528
rna_E18_5-S1#TGCGGACCCTGATGGT-1,-0.9502742,-0.3243189,-0.36383802,1.9019462,0.55228406,0.8649662,-0.58682233,-0.6902878,-0.4151244,0.01146923
rna_E18_5-S1#TGCGGACCCTTGCGCC-1,-1.2984209,-0.04811509,-0.12071904,1.885571,0.16318503,0.71009946,-0.4447531,-0.21178639,-0.2986279,-0.3364331
rna_E18_5-S1#TGCGGACCGAAGATCG-1,2.8011944,-0.96960664,-0.59876406,1.83514,-1.1670011,-0.8126724,1.4091982,-0.6728451,-0.7794396,-1.0452037
rna_E18_5-S1#TGCGGACCGACCTTGA-1,-1.5534235,-0.19183633,3.0143516,-0.048106372,-0.5293615,-0.9729281,-0.7217625,1.9942663,-0.65223455,-0.3389653
rna_E18_5-S1#TGCGGACCGATACGGA-1,3.0445566,-0.7283342,-0.35803738,1.6631553,0.92722625,-0.9949583,-1.2995334,-0.60524166,-0.603838,-1.0449952
rna_E18_5-S1#TGCGGACCGATCTTAC-1,-0.12838797,0.7437519,-0.65604556,0.37155205,-0.025449418,0.18929464,-0.49109548,0.53568393,-0.26060343,-0.27870065
rna_E18_5-S1#TGCGGACCGCAGGTCC-1,-1.0426117,0.52653116,-0.3443023,1.4370548,-1.1922408,0.09006328,-0.5442178,0.03259226,0.16591132,0.87121993
rna_E18_5-S1#TGCGGACCGCCATTCT-1,-1.0474613,-0.33593908,-0.0883861,1.579225,0.46543574,0.33671632,-0.46323654,-0.17276697,-0.48709074,0.21350378
rna_E18_5-S1#TGCGGACCGCCGCAAC-1,-1.0170327,-0.457344,0.20194359,1.6842624,-0.90970737,0.32831722,0.0005164966,-0.24161409,-0.32472587,0.7353844
rna_E18_5-S1#TGCGGACCGCGTTGGA-1,-0.6801189,0.7795861,-0.36965558,0.37025028,-0.16489753,0.39079246,-0.27608466,0.3502151,-0.13640623,-0.26368105
rna_E18_5-S1#TGCGGACCGCTAACTT-1,-0.48516986,-0.29795927,-0.71957487,0.29694372,-0.09472237,1.091792,-0.7170726,0.9926631,-0.43952858,0.37262866
rna_E18_5-S1#TGCGGACCGGCTGAGC-1,-0.6268023,1.8936985,-1.0227965,-0.20857948,-0.6192913,-0.2318316,-0.7555014,1.5916241,0.31363276,-0.33415246
rna_E18_5-S1#TGCGGACCGGTACTGC-1,-0.99071634,-0.19364808,-0.53285944,1.761511,0.012373791,1.3633425,-0.16661954,-0.1348079,-0.35667607,-0.76189977
rna_E18_5-S1#TGCGGACCGGTATGCT-1,-0.382016,-0.31730378,-0.896525,0.024234414,0.59588474,1.0270085,0.017116189,-0.6998853,-0.50936913,1.1408553
rna_E18_5-S1#TGCGGACCTAGAATTA-1,-0.46110308,0.3534857,-0.06675096,0.010325696,0.08192782,-0.44657817,-0.66437346,-0.3276611,-0.5127827,2.0335102
rna_E18_5-S1#TGCGGACCTAGAGTAA-1,-0.7364007,0.03831539,-0.60743475,1.2355114,-0.6363499,0.53500515,0.50238764,0.85295004,-0.45161882,-0.73236555
rna_E18_5-S1#TGCGGACCTAGATCTA-1,-0.06682256,-0.6002511,1.0902379,1.4803007,-0.4077252,-0.38417074,-0.14567566,-1.2499174,-0.4236513,0.70767546
rna_E18_5-S1#TGCGGACCTCCGGCCT-1,3.1110704,-0.87666035,-0.9131769,2.3275907,-1.7187701,-0.29882604,0.8328058,-0.7651133,-0.60496944,-1.0939505
rna_E18_5-S1#TGCGGACCTCCTACCA-1,-0.8687933,-0.34813634,-0.11679759,1.4957551,-0.20611164,0.93544614,-0.23092946,-0.19523162,-0.46692982,0.0017284527
rna_E18_5-S1#TGCGGACCTCGGCCTT-1,-0.7008948,-0.31251886,-0.93892264,2.35775,1.941517,-0.09885852,-0.8319054,-0.017969616,-0.52332073,-0.8748765
rna_E18_5-S1#TGCGGACCTCTGATAC-1,2.305703,-0.6135629,-0.7485602,0.38290033,0.004744973,-0.605775,1.0535755,-0.4270724,-0.64891,-0.7030432
rna_E18_5-S1#TGCGGACCTGAGTCTG-1,-0.53508866,-0.64332163,-0.44183668,1.777234,-0.7359135,0.4755509,-0.40972295,-0.4272773,-0.44714022,1.387516
rna_E18_5-S1#TGCGGACCTGCCGGCA-1,0.6671225,-0.5452136,-0.41539627,0.2759015,0.08593921,-0.6364259,-0.05739318,0.30984163,-0.34838456,0.6640091
rna_E18_5-S1#TGCGGACCTGCGGACC-1,-1.1733085,-0.5952365,2.5211985,2.004755,-0.46623585,-0.62510526,-0.6937627,-0.7029965,-0.6400534,0.37074474
rna_E18_5-S1#TGCGGACCTGGTCAGC-1,1.8839793,0.31271458,-0.18014951,1.1228654,-1.5865688,-0.16444537,1.2324984,-0.14344475,-0.99756235,-1.4798869
rna_E18_5-S1#TGCGGACCTTACCGAG-1,-0.42240384,-0.6305607,-0.2885326,0.035364635,-0.36874717,0.14669445,-0.20027578,0.3744438,-0.29614982,1.650167
rna_E18_5-S1#TGCGGACCTTATCCGG-1,1.8778948,-0.8687047,-0.88888836,-0.25909215,1.2103707,0.2811303,-1.0121063,-0.6882279,-0.60002494,0.94764864
rna_E18_5-S1#TGCGGACCTTATTCAT-1,0.3909769,-0.07639527,-0.3346869,-0.5794414,-0.18443045,0.30376437,0.4582247,0.48988673,-0.55694044,0.08904177
rna_E18_5-S1#TGCGGACCTTGACTTC-1,-1.1895137,-0.5703824,0.1189303,1.8172361,-0.70947343,0.4028342,-0.2641171,-0.52005893,-0.3965052,1.3110502
rna_E18_5-S1#TGGTCAGCAAGAAGCT-1,-0.9125445,-0.48959553,-0.7446723,-0.49044365,-0.45454282,1.2870932,-0.32193023,2.091604,0.5461453,-0.5111135
rna_E18_5-S1#TGGTCAGCAATTAAGA-1,2.9848545,-0.8971965,-0.61468077,1.7972939,-0.1989661,-0.28346807,0.12154429,-1.1766676,-0.5340634,-1.1986499
rna_E18_5-S1#TGGTCAGCACCGCCAA-1,-0.7778009,0.36436766,-1.1425623,-0.31591403,-0.7759313,0.86757714,0.21227476,1.685695,0.5698058,-0.68751174
rna_E18_5-S1#TGGTCAGCACGGAGGC-1,3.293293,-0.80228347,-1.0634159,-0.34025043,2.305202,-1.0071865,-1.2014066,-1.2687103,-0.89817435,0.9829327
rna_E18_5-S1#TGGTCAGCACTATGCA-1,3.2709713,-1.1097097,-0.54971313,2.0580275,-1.9875184,-0.7080434,2.382898,-1.0020348,-1.0243299,-1.330548
rna_E18_5-S1#TGGTCAGCACTCAATA-1,-0.903568,-0.13700517,0.16941115,1.7140591,0.94214237,-0.022017296,-0.15527888,-0.741272,-0.5340305,-0.33244067
rna_E18_5-S1#TGGTCAGCACTTAACC-1,-0.30943862,0.43467358,-0.6746002,-0.50098616,-0.7061618,1.1336722,-0.20620896,-0.26056805,-0.03914795,1.128766
rna_E18_5-S1#TGGTCAGCAGAACGTC-1,-0.035104003,0.32374358,-0.4174759,1.0092468,-0.45012516,0.6892884,-0.32813743,-0.42611676,-0.3274037,-0.03791589
rna_E18_5-S1#TGGTCAGCAGAGCTAT-1,-1.0007348,-0.59367555,0.6458,2.1414511,0.1863996,-0.16971068,-0.47057822,-0.24057509,-0.45807874,-0.040297505
rna_E18_5-S1#TGGTCAGCATAAGGAG-1,-0.43897393,1.2223446,-0.6059889,-0.30347136,-0.58614343,-0.480164,-0.8000291,0.8644634,1.1926856,-0.0647229
rna_E18_5-S1#TGGTCAGCATCATATT-1,2.3878152,-1.0072315,-0.45957455,1.608993,-2.001187,-0.12317063,1.7420928,-0.29393512,-0.91803205,-0.93577015
rna_E18_5-S1#TGGTCAGCCAACCGCT-1,-0.6514549,1.1134055,-0.45128036,-0.41320312,-0.9139167,0.4356526,-0.47860712,0.9399126,0.8914959,-0.47200456
rna_E18_5-S1#TGGTCAGCCCAGTTCC-1,-0.9510346,1.1835886,-0.4945535,-0.31299216,-0.96868175,0.54093546,0.0370318,1.0491754,-0.26080725,0.17733826
rna_E18_5-S1#TGGTCAGCCCGAGAAT-1,-1.2006361,-0.42888278,0.7076601,1.81885,1.2963668,-0.4759687,-0.24077116,-0.9791518,-0.9807561,0.4832897
rna_E18_5-S1#TGGTCAGCCCGATTCC-1,-0.7676302,-0.021176204,-0.6648497,-0.6508592,-0.43142855,0.49290895,0.397937,1.7387632,0.16989611,-0.26356158
rna_E18_5-S1#TGGTCAGCCGAACGCC-1,-0.8208294,2.3954039,-0.55181146,-0.44107366,-0.74198383,-0.50942165,-0.882481,1.0720508,1.0304819,-0.55033565
rna_E18_5-S1#TGGTCAGCCGACGCGA-1,2.4601157,-1.191872,-0.4346462,1.6312017,-2.002844,-0.045839246,1.9975687,-0.19390047,-0.9223354,-1.2974488
rna_E18_5-S1#TGGTCAGCCTAAGAGA-1,-0.7716542,-0.22596274,0.20292705,1.9539068,0.66321033,0.097369134,-0.64992553,-0.33270052,-0.5012919,-0.43587855
rna_E18_5-S1#TGGTCAGCCTGATGGT-1,-0.81883216,-0.35195252,0.11753853,1.4032187,1.5588393,0.013068546,-0.23350352,-0.5035039,-0.5318408,-0.6530322
rna_E18_5-S1#TGGTCAGCCTTGCGCC-1,-1.3221194,-0.061772507,-0.26025528,1.9486024,0.28781974,1.0594672,-0.4329255,-0.15393612,-0.42571682,-0.6391639
rna_E18_5-S1#TGGTCAGCGAAGATCG-1,-0.72938883,-0.6083047,-0.28723487,-0.14275947,-0.9590226,0.86263216,0.35480228,2.0983346,0.15534502,-0.74440366
rna_E18_5-S1#TGGTCAGCGACCTTGA-1,-0.60096145,-0.4053275,1.4347049,-0.48449826,-0.56746614,-0.9219884,-0.42751688,2.4235547,-0.053122483,-0.39737839
rna_E18_5-S1#TGGTCAGCGATACGGA-1,2.8737488,-1.0720223,-0.38953403,2.111037,-1.9548675,-0.95077026,2.8714104,-1.0216421,-1.0050969,-1.4622629
rna_E18_5-S1#TGGTCAGCGATCTTAC-1,-0.87090945,-0.37198764,0.115283504,1.74214,0.5092868,0.39584345,-0.207094,-0.4135401,-0.5846332,-0.3143895
rna_E18_5-S1#TGGTCAGCGCAGGTCC-1,-1.052013,-0.43332297,-0.10387916,1.4994674,-1.0637283,0.18465489,-0.5515783,0.6060116,-0.1290956,1.0434834
rna_E18_5-S1#TGGTCAGCGCCATTCT-1,-0.26375622,-0.32407793,-0.1276605,1.7527795,0.6112533,0.22067006,-0.29067278,-0.3278818,-0.66430175,-0.5863519
rna_E18_5-S1#TGGTCAGCGCCGCAAC-1,0.20850098,-0.35337436,-0.49515665,1.8498465,1.6210911,-0.3056411,-0.31365114,-0.8108452,-0.74675596,-0.65401417
rna_E18_5-S1#TGGTCAGCGCGTTGGA-1,-0.3248891,-0.33294111,-0.37233907,1.7782642,0.27144453,0.5566952,-0.27227598,-0.35603076,-0.51813096,-0.42979696
rna_E18_5-S1#TGGTCAGCGGCTGAGC-1,-0.5550395,1.3808472,-0.4546529,-0.53229594,-0.6239233,-0.6582895,-0.4089151,0.96899176,1.1231995,-0.23992226
rna_E18_5-S1#TGGTCAGCGGTACTGC-1,-0.91256934,-0.063795164,0.14566708,1.7280825,0.5038665,0.1320127,-0.5293362,-0.16297665,-0.41078597,-0.43016547
rna_E18_5-S1#TGGTCAGCTAGAATTA-1,-0.91926754,-0.149734,0.3582051,1.6484648,0.62244403,-0.15891507,-0.04308514,-0.4920332,-0.66498435,-0.20109475
rna_E18_5-S1#TGGTCAGCTAGAGTAA-1,-0.72564423,-0.4509816,2.047963,-0.3862535,-0.5802603,-0.91469675,-0.7781122,1.698852,-0.30361745,0.39275104
rna_E18_5-S1#TGGTCAGCTAGATCTA-1,2.4354777,-0.368833,-0.7340528,0.0007351786,1.6193808,-1.044776,-0.53450704,-0.7333303,-0.6212844,-0.018810079
rna_E18_5-S1#TGGTCAGCTCCGGCCT-1,-0.63448906,2.339575,-0.5072681,-0.41708583,-0.7207823,0.10661873,-0.67551064,0.032103807,0.6911669,-0.2143285
rna_E18_5-S1#TGGTCAGCTCCTACCA-1,-0.91981894,-0.31838086,0.20940822,1.1962703,0.44499093,0.3910602,-0.15179998,-0.13386402,-0.6214895,-0.09637641
rna_E18_5-S1#TGGTCAGCTCGGCCTT-1,-0.80322933,0.44543698,-0.30853504,0.9293195,-1.0959657,0.3899797,-0.5950142,0.15816355,-0.3031067,1.1829512
rna_E18_5-S1#TGGTCAGCTCTGATAC-1,1.0325999,-0.6722862,-0.3227262,1.0706486,-1.3250669,0.32798058,0.30238628,0.25405267,-0.5732904,-0.09429824
rna_E18_5-S1#TGGTCAGCTGAGTCTG-1,1.0213416,-1.0676075,-0.9134735,1.3576266,2.8615632,-1.2064476,-0.8380405,-1.3749442,-1.0827762,1.2427582
rna_E18_5-S1#TGGTCAGCTGCCGGCA-1,2.3800194,-0.6812253,-0.8046234,0.7591315,-0.13088961,-0.4928416,0.45962107,-0.7836979,-0.5399468,-0.16554764
rna_E18_5-S1#TGGTCAGCTGCGGACC-1,1.6385671,-1.0591741,-0.8015544,0.43148214,2.88639,-1.3560791,-0.5896313,-1.2829498,-1.1145227,1.2474718
rna_E18_5-S1#TGGTCAGCTGGTCAGC-1,2.7850788,-1.2143123,-0.313754,1.5834255,-1.4625156,-0.38256148,1.7109383,-0.42999616,-0.8908978,-1.3854055
rna_E18_5-S1#TGGTCAGCTTACCGAG-1,2.9447231,-0.85713434,-0.9260962,1.0349019,0.02054064,-0.6688,0.5050756,-0.4906823,-0.41743523,-1.1450932
rna_E18_5-S1#TGGTCAGCTTATCCGG-1,3.0743387,-1.0237494,-0.63573724,1.6123309,-2.0671942,-0.45221266,2.4782221,-0.73989177,-0.85851437,-1.3875921
rna_E18_5-S1#TGGTCAGCTTATTCAT-1,2.813041,-0.64874715,-0.6290876,0.19062118,0.19423462,-0.6900224,0.35781175,-0.9330053,-0.5679367,-0.08690922
rna_E18_5-S1#TGGTCAGCTTGACTTC-1,-1.3166705,-0.263021,0.71857023,1.9699622,0.92917895,-0.3586192,-0.09335676,-0.72614443,-0.7430331,-0.116866484
rna_E18_5-S1#TTACCGAGAAGAAGCT-1,0.0835195,-0.98048615,0.39639437,-0.83514357,-0.77366954,0.20045961,0.9763486,3.2520437,-1.3925889,-0.9268777
rna_E18_5-S1#TTACCGAGAATTAAGA-1,3.1460192,-0.75580937,-0.9408502,-0.8442228,1.5371907,-0.9361344,-0.6591339,-0.6836824,-0.7949742,0.9315973
rna_E18_5-S1#TTACCGAGACCGCCAA-1,-0.64945006,-0.38942537,-0.73564863,-0.11025079,-0.5925464,0.91047096,-0.24247198,1.6678329,0.30386186,-0.16237217
rna_E18_5-S1#TTACCGAGACGGAGGC-1,-0.6581557,-0.41292846,-0.8305516,-0.528352,0.6121154,1.3865025,-1.0364184,0.42555425,-0.6159462,1.6581804
rna_E18_5-S1#TTACCGAGACTATGCA-1,2.7287552,-0.8143544,-0.83449864,0.65545785,0.067136854,-0.09236066,-0.1011303,-0.35642222,-0.5622703,-0.6903132
rna_E18_5-S1#TTACCGAGACTCAATA-1,-1.0563958,-0.4414884,-0.17788216,1.9331603,0.30903444,0.24878147,-0.5576049,-0.30122095,-0.5199938,0.5636099
rna_E18_5-S1#TTACCGAGACTTAACC-1,-0.75579184,0.6249402,-0.8804111,-0.22714676,-0.3503799,0.4546876,-0.452383,1.5246378,0.26126724,-0.19942027
rna_E18_5-S1#TTACCGAGAGAACGTC-1,-0.6161537,-0.36768782,-0.28724834,1.9148558,0.13645071,0.6501966,-0.46514058,-0.65882665,-0.31804207,0.011596044
rna_E18_5-S1#TTACCGAGAGAGAAGG-1,-1.0716568,1.3540124,-0.037864365,0.07608603,-0.97566396,0.602426,-0.67457986,0.263107,-0.0759066,0.54004014
rna_E18_5-S1#TTACCGAGAGAGCTAT-1,-1.0128932,0.620139,-0.3678477,1.9663826,-0.15062234,0.48592845,-0.7650455,-0.5917794,-0.46874672,0.2844849
rna_E18_5-S1#TTACCGAGATAAGGAG-1,-0.7669987,1.9080305,-0.7159394,-0.86441743,-0.8476569,-0.03375049,-0.577351,1.0360605,1.1933585,-0.33133575
rna_E18_5-S1#TTACCGAGATCATATT-1,3.2093308,-0.7956484,-0.5754987,-0.274209,1.9204329,-0.8578012,-0.55797416,-1.0754894,-0.77665406,-0.21648887
rna_E18_5-S1#TTACCGAGCAACCGCT-1,-0.7625716,2.3937082,-0.69966054,-0.73518455,-0.95370406,0.07671726,-0.9339456,1.196064,0.9410469,-0.52247
rna_E18_5-S1#TTACCGAGCATACTCC-1,-0.82746536,0.14628418,-0.016464904,0.71995366,-0.7225117,0.14776209,-0.60332537,0.17864466,-0.31845105,1.2955737
rna_E18_5-S1#TTACCGAGCCAGTTCC-1,-0.74939513,-0.5965152,-0.1716173,-0.44193754,-0.8390937,1.0289397,0.439554,1.787088,-0.08039984,-0.37662312
rna_E18_5-S1#TTACCGAGCCGAGAAT-1,-0.99181426,-0.43467444,0.48220867,2.027728,1.6143299,-0.44353718,-0.33123374,-0.7884401,-0.8441119,-0.29045486
rna_E18_5-S1#TTACCGAGCCGATTCC-1,-0.94005144,2.4611895,-0.881793,-0.54831326,-0.77595675,-0.14382914,-0.6848918,1.7315826,0.5210328,-0.7389696
rna_E18_5-S1#TTACCGAGCGAACGCC-1,-0.8072272,0.6112493,-0.77924913,-0.48979378,-0.6386005,0.4729792,-0.4056269,1.6364899,0.79495203,-0.395173
rna_E18_5-S1#TTACCGAGCGACGCGA-1,2.506694,-0.80330193,-0.9914842,1.8150179,-2.1446652,0.2494088,2.311009,-0.553232,-0.89754957,-1.4918966
rna_E18_5-S1#TTACCGAGCTAAGAGA-1,-0.9926579,-0.4354758,0.4927852,1.829224,0.31047148,0.048886098,-0.7273903,-0.26299357,-0.47705173,0.2142024
rna_E18_5-S1#TTACCGAGCTGATGGT-1,-0.63433754,0.050494254,-0.21834828,1.8221997,1.181142,-0.23294294,-0.31674343,-0.33038515,-0.55208236,-0.76899594
rna_E18_5-S1#TTACCGAGCTTGCGCC-1,-1.2873868,0.5223864,-0.40139383,1.5424883,-0.5301482,0.50763226,-0.49895984,0.18327045,-0.55226827,0.5143795
rna_E18_5-S1#TTACCGAGGAAGATCG-1,2.5982888,-0.94735646,-0.5120396,2.0582242,-2.0122035,-0.5752948,2.2981756,-0.77031875,-0.7789725,-1.3585025
rna_E18_5-S1#TTACCGAGGACCTTGA-1,-1.1157047,-0.13934459,1.0208837,-0.7872933,-0.654531,-0.07281469,-0.8678626,2.1770954,0.46604946,-0.026477762
rna_E18_5-S1#TTACCGAGGATACGGA-1,3.075612,-1.1071336,-0.72550327,2.161607,-2.1320746,-0.43275243,2.5005138,-0.90091556,-0.91314644,-1.5262071
rna_E18_5-S1#TTACCGAGGATCTTAC-1,-0.7653514,-0.12503704,-0.1833714,1.7877198,0.8441622,-0.13248926,-0.15554294,-0.44648257,-0.37814537,-0.4454622
rna_E18_5-S1#TTACCGAGGCAGGTCC-1,-0.4602622,-0.5806489,-0.9125581,0.79861015,-0.6995072,1.065168,-0.43935868,0.4653508,0.29518038,0.46802568
rna_E18_5-S1#TTACCGAGGCCATTCT-1,-0.68225145,-0.1775362,0.08498703,1.5484235,0.17711422,0.5440143,-0.21997906,-0.26224107,-0.5492931,-0.46323803
rna_E18_5-S1#TTACCGAGGCCGCAAC-1,-0.7359164,-0.6145966,-0.1433056,1.8564732,1.4696653,-0.3051279,-0.22937298,-0.3278161,-0.59408635,-0.37591672
rna_E18_5-S1#TTACCGAGGCGTTGGA-1,-0.7677068,0.44413245,-0.5424396,1.4551576,0.08870776,0.45115304,-0.5717121,-0.3827595,-0.10927019,-0.06526284
rna_E18_5-S1#TTACCGAGGCTAACTT-1,-0.9178636,0.6572709,-0.49001887,1.3726977,-0.79044104,0.51106644,-0.6054151,-0.040670775,-0.39017215,0.6935468
rna_E18_5-S1#TTACCGAGGGCTGAGC-1,-0.8268989,2.8285441,-0.69394225,-0.4340518,-0.8157328,-0.6633251,-0.90325814,0.76958156,1.0790868,-0.3400033
rna_E18_5-S1#TTACCGAGGGTACTGC-1,-1.2915318,0.42114615,-0.09424324,1.8529521,0.2666876,0.10579014,-0.4579607,-0.1688668,-0.48316222,-0.15081125
rna_E18_5-S1#TTACCGAGTAGAATTA-1,-1.0554454,-0.3737809,-0.32164845,1.8420868,0.4776761,0.4326237,-0.54807097,-0.27526504,-0.5446888,0.36651284
rna_E18_5-S1#TTACCGAGTAGAGTAA-1,-1.0099416,0.09615603,0.012771636,0.43879977,-0.98125863,0.5563736,-0.5675432,0.53188646,0.17687926,0.74587667
rna_E18_5-S1#TTACCGAGTAGATCTA-1,0.7904767,-0.8631504,-0.77458113,-0.18306048,1.5129137,-0.8124457,-0.6725453,-0.1650968,-0.96039826,2.1278877
rna_E18_5-S1#TTACCGAGTCCGGCCT-1,-0.773727,-0.26018697,-0.18634664,-0.47499377,-1.0008047,0.9243116,-0.08268569,1.5741777,0.32539237,-0.045137126
rna_E18_5-S1#TTACCGAGTCCTACCA-1,-0.9324538,-0.43360078,-0.032733515,2.0731258,0.19794492,0.76714474,-0.3577192,-0.3738661,-0.560133,-0.34770897
rna_E18_5-S1#TTACCGAGTCGGCCTT-1,-0.72539526,-0.04805057,-0.6027155,0.6918688,-0.65656894,0.36126488,-0.37005287,0.703346,0.68742883,-0.04112533
rna_E18_5-S1#TTACCGAGTCTGATAC-1,2.3699303,-1.1862944,0.43611094,2.1828892,-1.6386304,-1.0358307,2.6916287,-1.6160157,-1.2481842,-0.95560396
rna_E18_5-S1#TTACCGAGTGAGTCTG-1,-0.37028793,-0.7020665,-0.85983884,2.5332463,3.0531676,-0.7388246,-0.47785535,-0.6770094,-0.92660147,-0.83392996
rna_E18_5-S1#TTACCGAGTGCCGGCA-1,2.5269608,-1.1232232,-1.116594,-1.8712788,1.8638246,-0.2976517,-0.81611264,-0.73005885,-1.0232636,2.5873978
rna_E18_5-S1#TTACCGAGTGCGGACC-1,0.28995028,-0.42480764,-0.9149501,1.7728033,2.829158,-0.98931754,-0.28368554,-0.913464,-1.0096285,-0.35605842
rna_E18_5-S1#TTACCGAGTGGTCAGC-1,2.9333684,-1.0583494,-1.0836347,0.7027294,1.0599744,-0.98541313,-0.058064163,-1.0599357,-0.85125047,0.40057498
rna_E18_5-S1#TTACCGAGTTACCGAG-1,2.1978667,-0.8480271,-0.3877391,-1.6018201,2.658363,-1.103307,-0.94746745,-1.0873364,-0.8668891,1.9863566
rna_E18_5-S1#TTACCGAGTTATCCGG-1,2.9171274,-0.9936197,-0.3308049,2.1853447,-1.6661284,-0.7879184,1.3354791,-0.98162234,-1.0089363,-0.66892153
rna_E18_5-S1#TTACCGAGTTATTCAT-1,2.997776,-0.83995247,-0.46567193,-2.3961415,1.8182565,-0.9625985,-0.030061856,-1.1180239,-0.83034253,1.8267605
rna_E18_5-S1#TTACCGAGTTGACTTC-1,-0.90393424,-0.30457386,0.27022052,1.6876585,0.24126573,0.5764737,-0.15947206,-0.23068802,-0.57685494,-0.6000953
rna_E18_5-S1#TTATCCGGAATTAAGA-1,2.949694,-1.2264091,-0.46234852,2.282673,-2.0015242,-1.1570873,2.8633702,-0.9125907,-0.964144,-1.3716328
rna_E18_5-S1#TTATCCGGACCGCCAA-1,-0.8267549,0.69450635,-0.51961684,-0.7466777,-1.0435666,0.6243241,0.70662284,1.7240579,0.37053984,-0.9834351
rna_E18_5-S1#TTATCCGGACGGAGGC-1,2.6105576,-0.8949859,-0.5552897,0.73211145,-1.8103749,-0.2874254,2.6372998,-0.9487274,-0.9012609,-0.58190453
rna_E18_5-S1#TTATCCGGACTATGCA-1,-0.8128369,-0.48068428,-0.42718703,0.42524543,-0.94620246,1.3429008,0.33957887,1.330252,-0.21961337,-0.5514532
rna_E18_5-S1#TTATCCGGACTCAATA-1,0.23004559,-0.28770524,-0.21952753,1.4334952,1.4397745,-0.4219076,-0.40359604,-0.36175597,-0.6388987,-0.7699243
rna_E18_5-S1#TTATCCGGACTTAACC-1,-0.6078306,2.0113802,-1.4871488,-0.14229974,-0.65085316,0.5932267,-0.11196879,0.83855855,0.18983209,-0.63289654
rna_E18_5-S1#TTATCCGGAGAACGTC-1,1.5605599,-0.70393115,-0.39978462,0.75279534,-1.5671551,-0.2534421,0.9428977,0.8904554,-0.36862975,-0.8537656
rna_E18_5-S1#TTATCCGGAGAGCTAT-1,-1.1075228,-0.4252817,0.48453528,1.6917044,-0.07947682,1.0002303,-0.3002065,-0.86240137,-0.59367144,0.19209056
rna_E18_5-S1#TTATCCGGATAAGGAG-1,-0.62510455,1.6372496,-0.5180484,-0.06325658,-0.41105577,-0.80102587,-0.56250244,0.89239466,1.0587944,-0.607445
rna_E18_5-S1#TTATCCGGATCATATT-1,2.880978,-1.1580448,-0.6896263,2.1606808,-1.9884734,-1.0598106,2.0989296,0.16033798,-0.90221703,-1.5027544
rna_E18_5-S1#TTATCCGGCAACCGCT-1,-1.0185039,0.32561526,-0.7446059,-0.13371865,-0.6308813,0.25521967,-0.09534331,1.3963132,1.2264676,-0.5805627
rna_E18_5-S1#TTATCCGGCCAGTTCC-1,-0.90394294,-0.7937876,-0.5541385,-0.18235746,-0.65383744,1.3854843,-0.47149885,2.004128,0.099149995,0.070800394
rna_E18_5-S1#TTATCCGGCCGAGAAT-1,3.0138958,-0.93516934,-1.0168982,0.9201462,0.6944426,-0.6333365,0.13143833,-0.4398476,-0.50653994,-1.2281312
rna_E18_5-S1#TTATCCGGCCGATTCC-1,-0.9167091,0.1624164,-0.011543915,-0.51768094,-0.6750877,0.84357435,0.8045471,2.2262855,-1.3899108,-0.5258908
rna_E18_5-S1#TTATCCGGCGAACGCC-1,-0.711259,-0.15005702,-0.47859734,-0.64481974,-0.47504044,0.0799354,-0.00770171,1.9138412,0.95727116,-0.48357242
rna_E18_5-S1#TTATCCGGCGACGCGA-1,-0.76242816,-0.28439647,-0.41142446,0.63146013,-0.5500933,0.23624195,-0.96799916,0.06010124,-0.40508103,2.4536192
rna_E18_5-S1#TTATCCGGCTAAGAGA-1,-1.1247652,-0.5272994,0.18568936,2.1559477,0.69453084,0.29313108,-0.4712983,-0.53529525,-0.62977016,-0.0408708
rna_E18_5-S1#TTATCCGGCTGATGGT-1,3.132024,-0.75007993,-0.90070117,0.47600204,1.332921,-0.79932755,-1.1162232,-1.2423505,-0.5926627,0.46039796
rna_E18_5-S1#TTATCCGGCTTGCGCC-1,0.1410652,-0.6695044,-0.11441817,1.5975472,-1.0456649,0.1490214,-0.49310017,0.3280629,-0.5749701,0.6819612
rna_E18_5-S1#TTATCCGGGACCTTGA-1,-0.97324026,2.488789,-0.5001908,-0.421535,-1.0787096,0.083518475,-0.784269,0.62912196,0.7400905,-0.18357545
rna_E18_5-S1#TTATCCGGGATACGGA-1,-0.9415034,0.1826078,-0.63912344,-0.584231,-0.7447009,0.5565723,0.2518331,1.8583508,0.6118603,-0.5516653
rna_E18_5-S1#TTATCCGGGATCTTAC-1,2.3225238,-1.3876538,-0.91148376,-0.1966043,1.727069,-0.63084805,-1.3482904,-0.62053514,-0.6479777,1.6938004
rna_E18_5-S1#TTATCCGGGCAGGTCC-1,-1.1376085,-0.9001689,2.114134,0.5083357,-0.73306334,-0.66662264,-1.1716819,2.0424974,0.16758773,-0.22340976
rna_E18_5-S1#TTATCCGGGCCATTCT-1,-0.74863255,-0.12990835,0.09467417,1.4022712,0.5310685,0.5794103,-0.44484702,-0.4707996,-0.49521196,-0.31802467
rna_E18_5-S1#TTATCCGGGCCGCAAC-1,2.1802678,-0.7658684,-0.94021744,1.2739539,-1.0514786,-0.4584533,1.3751448,-0.914279,-0.6864,-0.012670018
rna_E18_5-S1#TTATCCGGGCGTTGGA-1,3.1321487,-0.76342946,-1.0050604,0.31638765,1.9304998,-0.92759603,-0.8626372,-0.19628696,-0.60302603,-1.0210003
rna_E18_5-S1#TTATCCGGGGCTGAGC-1,-0.6209393,-0.5690977,-0.3844674,-0.6576863,-0.37441707,0.2361483,0.12416362,1.9273486,0.7357909,-0.41684362
rna_E18_5-S1#TTATCCGGGGTACTGC-1,-0.08388018,-1.0393469,1.49515,-0.48268634,0.2738191,-0.7248265,-0.36563036,2.2425542,-0.58704567,-0.7281072
rna_E18_5-S1#TTATCCGGTAGAATTA-1,1.63459,-0.71089035,-0.6247292,-0.12638853,1.5623119,-0.9897862,-0.76744765,-0.020607527,-0.6145459,0.65749335
rna_E18_5-S1#TTATCCGGTAGAGTAA-1,-0.8636251,-0.1722913,-0.7070811,0.41267097,-0.78738964,0.5002135,-0.82654464,1.1657155,1.2356504,0.04268144
rna_E18_5-S1#TTATCCGGTAGATCTA-1,3.299147,-1.1144612,-0.8584899,2.2157767,-2.0664346,-1.1248369,3.0533133,-1.1146355,-1.0760096,-1.2133688
rna_E18_5-S1#TTATCCGGTCCTACCA-1,0.8271837,-0.49069107,-1.0976872,1.7868412,1.7882621,-0.08977546,-0.7881595,-0.31868103,-0.4999749,-1.1173178
rna_E18_5-S1#TTATCCGGTCGGCCTT-1,-0.20535406,-0.6941688,0.8235052,0.6303437,-0.67802227,-0.22979409,0.011760972,1.6112229,-0.6902596,-0.579234
rna_E18_5-S1#TTATCCGGTCTGATAC-1,-0.538656,-0.5031119,-0.11068158,-0.016041428,-0.49153566,0.5287281,-0.6088799,1.0587183,-0.20402627,0.8854865
rna_E18_5-S1#TTATCCGGTGAGTCTG-1,2.2483687,-0.790109,-1.0466125,0.6962628,-0.18326104,-0.14920506,0.7445007,-1.0800774,-0.74416655,0.30429944
rna_E18_5-S1#TTATCCGGTGCCGGCA-1,2.613354,-0.8452132,-0.6271404,2.0247736,-1.9513339,-0.94861525,3.1487944,-1.134269,-1.0273528,-1.2529978
rna_E18_5-S1#TTATCCGGTGCGGACC-1,2.3493383,-0.9168165,-0.47728118,1.6851283,-1.6993942,-0.69492185,2.1695027,-1.0044941,-0.7685372,-0.64252406
rna_E18_5-S1#TTATCCGGTGGTCAGC-1,2.6654384,-0.67057884,-0.94019276,1.2891318,-1.9912099,0.22411217,1.0713973,-0.16049613,-0.24262406,-1.244978
rna_E18_5-S1#TTATCCGGTTACCGAG-1,3.1996565,-1.090947,-1.2846854,2.6941037,-1.8388698,-0.87332386,2.0703726,-0.60405695,-0.4967866,-1.7754629
rna_E18_5-S1#TTATCCGGTTATCCGG-1,-0.10331684,1.0627463,-0.39114326,-0.048509493,-0.8328296,-0.14403775,0.8066686,0.94479287,-0.995279,-0.29909185
rna_E18_5-S1#TTATCCGGTTATTCAT-1,2.3552022,-1.2437207,0.0994156,1.185075,-1.9043889,-1.1092355,3.2333941,-1.7506983,-1.4354789,0.57043517
rna_E18_5-S1#TTATCCGGTTGACTTC-1,0.043104056,-0.3714998,-0.33970794,1.6978959,0.51500976,0.25508022,-0.2894575,-0.6208055,-0.60461295,-0.28500623
rna_E18_5-S1#TTATTCATAAGAAGCT-1,3.034352,-1.1534957,-0.53560096,1.8911625,-2.0624824,-0.8396229,2.9694786,-0.86307055,-1.0875909,-1.3531303
rna_E18_5-S1#TTATTCATAATTAAGA-1,0.7079004,-0.75313103,-0.095595285,1.1741346,1.3143405,-0.30431372,-0.34688777,-1.0668026,-0.9501801,0.32053488
rna_E18_5-S1#TTATTCATACCGCCAA-1,-0.72614,0.106739745,-0.8186862,-0.5651164,-0.90096736,0.97135407,0.077935256,1.562346,0.74901146,-0.45647675
rna_E18_5-S1#TTATTCATACGGAGGC-1,2.6837866,-0.92107034,-0.81932694,1.0495032,-0.21573585,-0.7720356,0.7915485,-0.68089753,-0.3859523,-0.72981983
rna_E18_5-S1#TTATTCATACTATGCA-1,1.6093329,-1.1172336,-0.58627135,-1.8226525,3.4877105,-1.139072,-0.8812274,-0.6800204,-1.3160275,2.4454618
rna_E18_5-S1#TTATTCATACTCAATA-1,-0.34007293,-0.041704163,-1.0282707,0.91634256,0.7080945,1.2837538,-0.650994,0.72184634,-0.79118913,-0.77780634
rna_E18_5-S1#TTATTCATACTTAACC-1,-0.57934743,-0.42176896,-0.38973165,-0.24322449,-0.869875,0.15558428,0.58082736,2.7191708,-0.32865006,-0.6229847
rna_E18_5-S1#TTATTCATAGAACGTC-1,-0.78343534,-0.394337,0.01895127,1.9937427,0.893895,-0.042547666,-0.8972774,-0.50196964,-0.54182863,0.25480688
rna_E18_5-S1#TTATTCATAGAGAAGG-1,-0.49731773,-0.73661965,-0.18538329,-0.5861213,-0.45569015,1.4342268,0.41419393,1.8133649,-0.5856935,-0.6149599
rna_E18_5-S1#TTATTCATAGAGCTAT-1,-0.83223534,-0.5015558,0.22282036,2.512086,1.4691899,0.030264517,-0.45986196,-0.45189366,-0.6615413,-1.3272727
rna_E18_5-S1#TTATTCATATAAGGAG-1,-0.9007858,2.589003,-0.77905226,-0.25130287,-0.61072445,-0.5774405,-0.8422088,1.0814948,0.94098264,-0.6499657
rna_E18_5-S1#TTATTCATATCATATT-1,2.2732756,-0.62684745,0.5732219,-0.7149955,0.8897054,-1.0480541,-0.104902156,-0.84382725,-0.95675844,0.55918175
rna_E18_5-S1#TTATTCATCAACCGCT-1,-0.9593944,-0.12779695,-0.4259826,-0.6792374,-0.3721937,0.24575584,0.2957794,1.7134275,0.32535613,-0.015713636
rna_E18_5-S1#TTATTCATCATACTCC-1,-0.70776635,1.3766716,-0.7372337,0.33709818,-0.2664423,0.33270106,-0.5799636,1.0801075,-0.15003031,-0.685142
rna_E18_5-S1#TTATTCATCCAGTTCC-1,-0.7670953,0.052835632,-0.2821322,-0.5085081,-0.7272632,1.027774,0.3743243,1.6378132,-0.2540335,-0.5537149
rna_E18_5-S1#TTATTCATCCGAGAAT-1,-0.1311863,-0.65603435,-0.4996247,2.8340945,1.9746753,-0.5900006,-0.14420813,-0.8571471,-0.89785075,-1.032718
rna_E18_5-S1#TTATTCATCCGATTCC-1,-0.8141899,0.3659756,-0.5085716,-0.55533355,-0.54105186,0.507613,0.2529979,1.5967542,-0.10522359,-0.19897021
rna_E18_5-S1#TTATTCATCGAACGCC-1,-0.8978745,-0.2757944,-0.45462087,-0.7286118,-0.4520173,0.11484094,-0.08368695,1.7308902,1.4099871,-0.36311206
rna_E18_5-S1#TTATTCATCGACGCGA-1,3.2656357,-0.97685766,-1.0623772,0.5402463,1.6677681,-0.8379824,-0.85624784,-1.0141307,-0.4664029,-0.25965136
rna_E18_5-S1#TTATTCATCTAAGAGA-1,-1.1886134,-0.18788478,-0.18050149,1.6787555,0.6173031,0.10112284,-0.8065387,0.27991784,-0.4011712,0.0876105
rna_E18_5-S1#TTATTCATCTGATGGT-1,-0.26864,-0.7448082,-0.2222347,2.48416,1.7220194,-0.44959113,-0.43595824,-0.78107876,-0.691347,-0.61252135
rna_E18_5-S1#TTATTCATCTTGCGCC-1,-1.3339156,-0.2264877,-0.2006832,2.1533082,-0.027447302,0.7830188,-0.5174987,0.31634912,-0.6130196,-0.33362406
rna_E18_5-S1#TTATTCATGAAGATCG-1,2.8103416,-1.1450324,-0.29655683,2.1507795,-1.9678112,-0.99117756,3.0302472,-1.0484948,-1.0488153,-1.4934803
rna_E18_5-S1#TTATTCATGACCTTGA-1,-1.3668265,-0.26660746,2.6916516,0.22704577,-0.1713517,-1.405256,-0.7342358,1.9281869,-0.6757947,-0.22681195
rna_E18_5-S1#TTATTCATGATACGGA-1,2.8870187,-0.54637706,-0.6141577,0.95553637,0.6504299,-0.8345976,-0.627347,-0.80104154,-0.5328146,-0.5366493
rna_E18_5-S1#TTATTCATGATCTTAC-1,0.15344512,-0.42476943,-0.3053213,2.0675294,1.7355887,-0.3461525,-0.3585075,-0.7300656,-0.78634655,-1.0054003
rna_E18_5-S1#TTATTCATGCAGGTCC-1,-1.147773,-0.11047946,-0.44566414,1.7567352,-0.20782423,1.0070057,-0.51723,0.1600208,-0.0123683475,-0.48242265
rna_E18_5-S1#TTATTCATGCCATTCT-1,-0.47406584,-0.46907803,-0.2352671,1.6298559,0.92590064,0.33479446,-0.16846597,-0.61365116,-0.57820076,-0.35182214
rna_E18_5-S1#TTATTCATGCCGCAAC-1,-0.5245742,-0.594461,-0.9393317,2.9980938,3.1316557,-0.6794584,-0.42769563,-0.91687965,-0.8898592,-1.15749
rna_E18_5-S1#TTATTCATGCGTTGGA-1,-0.11217915,0.29574388,-0.49685717,0.57922775,-0.37324828,0.23098397,-0.24651104,0.9783795,-0.11431927,-0.7412201
rna_E18_5-S1#TTATTCATGCTAACTT-1,-0.50514615,-0.5414773,-0.2428735,0.884158,-0.8573607,0.831071,-0.559438,-0.19587053,0.07241455,1.1145226
rna_E18_5-S1#TTATTCATGGCTGAGC-1,-0.95633924,2.8262072,-1.1775185,-0.4525457,-0.30849096,-0.5984966,-0.53255355,1.1343023,0.45542133,-0.38998628
rna_E18_5-S1#TTATTCATGGTACTGC-1,-0.9079732,-0.32361987,-0.088893406,1.8798563,1.2199386,-0.261824,-0.35306987,-0.6667775,-0.4348282,-0.06280882
rna_E18_5-S1#TTATTCATGGTATGCT-1,-0.1526181,0.13573804,-0.6682879,0.06603976,-0.18334405,0.107517466,-0.9901917,0.20533454,0.17349759,1.3063141
rna_E18_5-S1#TTATTCATTAGAATTA-1,-0.6873346,-0.19610326,-0.23291364,1.4048487,0.57561594,0.63753176,-0.27873996,-0.2881565,-0.3798945,-0.554854
rna_E18_5-S1#TTATTCATTAGAGTAA-1,-0.95497113,-0.58830875,-0.69926876,0.77888143,-0.8147751,0.89376694,-0.6462772,0.90253526,0.968944,0.15947321
rna_E18_5-S1#TTATTCATTAGATCTA-1,1.6321903,-0.5944185,0.2721857,1.4403147,-1.0901916,-0.9806254,1.9196165,-0.799677,-1.0240401,-0.77535486
rna_E18_5-S1#TTATTCATTCCGGCCT-1,1.3445184,-0.60163265,-0.84160227,1.0090737,-0.42554826,0.5639072,0.017258208,0.20136224,-0.46051264,-0.80682385
rna_E18_5-S1#TTATTCATTCCTACCA-1,-0.112882845,-0.4819085,-0.65829265,2.0125866,1.3477596,0.040162437,-0.4490049,-0.84106976,-0.66250366,-0.19484636
rna_E18_5-S1#TTATTCATTCGGCCTT-1,-0.8835212,-0.23696946,-0.38014764,2.152156,0.7615207,-0.0084409565,-0.40577346,-0.43671787,-0.24210848,-0.3199978
rna_E18_5-S1#TTATTCATTCTGATAC-1,2.8891134,-1.1629208,-0.9675789,2.2424161,-2.1295931,-0.635942,3.24166,-0.9823782,-0.95618784,-1.5385886
rna_E18_5-S1#TTATTCATTGAGTCTG-1,-0.96814775,-0.3466354,-0.5433212,0.6156271,1.5530063,-0.5287969,-0.80403215,-0.10950107,-0.83518535,1.9669863
rna_E18_5-S1#TTATTCATTGCCGGCA-1,2.6243885,-1.1018112,-0.74575466,1.9815469,-1.9486581,-0.5514706,2.7981243,-1.1876829,-0.96461993,-0.90406257
rna_E18_5-S1#TTATTCATTGCGGACC-1,0.04718785,-0.4100302,-0.679376,-1.4090791,0.4840949,1.1878245,-0.1495946,0.33066317,-0.8003746,1.3986841
rna_E18_5-S1#TTATTCATTGGTCAGC-1,3.2275088,-1.2439084,-0.9256095,-1.30427,3.0234118,-1.0951569,-1.2725964,-1.7322872,-1.2069423,2.5298502
rna_E18_5-S1#TTATTCATTTACCGAG-1,3.1544032,-0.6573618,-1.1360822,1.8618065,-1.0869951,-0.6491461,1.4355145,-0.75230616,-0.7005646,-1.4692682
rna_E18_5-S1#TTATTCATTTATCCGG-1,1.9745675,-0.6673628,-0.9483461,1.1699085,-0.8640542,-0.08157587,1.0679536,-0.78421056,-0.50371706,-0.36316282
rna_E18_5-S1#TTATTCATTTATTCAT-1,1.3828207,-0.41808718,0.44221938,0.025031969,0.46188802,-0.8625572,0.989619,-1.5811412,-1.1216242,0.6818305
rna_E18_5-S1#TTATTCATTTGACTTC-1,-1.1705756,-0.2689433,0.3819473,2.0163813,1.115715,-0.48832983,-0.20495778,-0.9124609,-0.76745266,0.29867673
rna_E18_5-S1#TTGACTTCAACCTGCG-1,-0.9704016,-0.39000466,0.5653492,1.8380368,-0.5193543,-0.18096484,-0.24563296,-0.5247205,-0.5593844,0.9870774
rna_E18_5-S1#TTGACTTCAAGAAGCT-1,-0.115923055,-0.46043387,0.09152714,1.9516708,-0.7425765,-0.2014882,-0.39573932,-0.7516344,-0.5116315,1.136229
rna_E18_5-S1#TTGACTTCAATTAAGA-1,-1.0246451,-0.3469901,0.020709112,2.0924265,-0.70072955,0.19754699,-0.08252901,-0.54817957,-0.45865113,0.85104173
rna_E18_5-S1#TTGACTTCACGGAGGC-1,-0.9386359,0.119917974,-0.53996867,0.674284,-0.40404218,0.23825209,-0.3782474,0.53575486,-0.37137532,1.0640606
rna_E18_5-S1#TTGACTTCACTATGCA-1,-0.7787911,-0.45007312,0.09957817,1.6864378,-0.9374628,0.5064911,-0.30113328,-0.12519613,-0.32516232,0.6253115
rna_E18_5-S1#TTGACTTCACTCAATA-1,-0.63621527,-0.3607748,-0.490356,-0.2406232,-0.49160922,1.6130432,-0.25905725,1.680883,-0.34319508,-0.47209534
rna_E18_5-S1#TTGACTTCACTTAACC-1,-1.2308304,-0.39721456,1.0540719,-0.70105565,-0.5342682,0.37821022,-0.44184294,2.0396147,0.22573824,-0.3924231
rna_E18_5-S1#TTGACTTCAGAACGTC-1,-0.37099212,0.22287442,-0.8314644,-0.65813076,-0.45623562,1.8686665,-0.47717974,1.8051323,-0.03899228,-1.0636781
rna_E18_5-S1#TTGACTTCAGAGAAGG-1,-1.1241549,-0.6272151,0.2789734,1.8881704,-0.52456146,-0.039165005,-0.13830525,-0.25975874,-0.4404034,0.98641986
rna_E18_5-S1#TTGACTTCAGAGCTAT-1,-0.74621034,-0.77117026,-0.4526032,0.45007196,0.47563398,-0.14404783,-0.6475184,0.16637002,-0.42640495,2.0958788
rna_E18_5-S1#TTGACTTCATCATATT-1,-0.9566828,0.53683996,-0.3709284,1.4422308,-0.2602008,0.17908788,-0.74332494,-0.13403499,-0.27284873,0.579862
rna_E18_5-S1#TTGACTTCCAACCGCT-1,-1.2173421,0.35054502,1.0257316,-0.835022,-0.84266794,-0.22188868,-0.7139245,2.172565,0.49159458,-0.20959097
rna_E18_5-S1#TTGACTTCCATACTCC-1,-0.9991491,-0.5684478,0.032870535,1.7884601,-0.9838011,0.40445134,-0.33307162,-0.3268323,-0.4378976,1.4234176
rna_E18_5-S1#TTGACTTCCCAGTTCC-1,-0.7017374,0.21023965,0.103039265,-0.8798404,-0.72944367,0.045871757,-0.257271,2.2278807,0.5596403,-0.57837903
rna_E18_5-S1#TTGACTTCCCGAGAAT-1,0.55970454,-0.54530674,-0.5880796,0.18090397,0.9880256,0.66404974,-0.20543249,-0.4795059,-0.49303412,-0.08132516
rna_E18_5-S1#TTGACTTCCGACGCGA-1,-0.6788994,-0.508395,-0.085216805,1.8947636,-0.8366443,0.81923497,-0.54718006,-0.22547218,-0.44504485,0.612854
rna_E18_5-S1#TTGACTTCCTAAGAGA-1,-0.8499171,0.17745402,-0.6199218,-0.31414944,0.024619449,1.314783,-0.55487347,1.6091052,-0.121381044,-0.66571873
rna_E18_5-S1#TTGACTTCCTGATGGT-1,0.36704957,-0.5419194,-0.7510877,1.3478419,0.0704526,0.11170693,-0.6627628,1.3644408,-0.37759334,-0.9281285
rna_E18_5-S1#TTGACTTCCTTGCGCC-1,-0.83707833,0.4344345,-0.79134166,-0.3323351,-0.576009,1.2034274,0.52552557,1.0186437,-0.013907567,-0.63135976
rna_E18_5-S1#TTGACTTCGAAGATCG-1,-0.4597131,-0.5462076,0.50639176,1.66785,-0.48301083,-0.29760596,-0.35135928,-0.6533375,-0.41311234,1.0301049
rna_E18_5-S1#TTGACTTCGACCTTGA-1,-1.4132625,0.01737702,-0.5408541,-0.24519242,-0.7572537,0.9121829,-0.27516446,2.0877635,0.63193375,-0.4175301
rna_E18_5-S1#TTGACTTCGATACGGA-1,-0.5703835,-0.20617254,-0.018008284,0.91404176,-0.32639802,0.5472543,-0.38426995,0.35872185,-0.3491786,0.034392886
rna_E18_5-S1#TTGACTTCGATCTTAC-1,-0.31092453,0.944825,-0.7034208,-0.6424455,-0.5596043,0.010176808,0.15327568,1.4391769,0.25939482,-0.590454
rna_E18_5-S1#TTGACTTCGCAGGTCC-1,-0.8802899,-0.33700866,0.06258617,-0.36954105,-0.60337996,0.24298935,0.03473676,1.7948984,0.5324014,-0.47739238
rna_E18_5-S1#TTGACTTCGCCATTCT-1,-0.38438755,-0.31387433,-0.7622789,0.33464986,-0.5506558,1.6992015,-0.07850218,0.9208501,-0.11901963,-0.7459829
rna_E18_5-S1#TTGACTTCGCCGCAAC-1,-0.39221138,0.9429111,-0.56263,0.3577225,-0.45016113,0.47046408,-0.18123507,0.251864,-0.27295476,-0.16376922
rna_E18_5-S1#TTGACTTCGCGTTGGA-1,-0.65468055,-0.42148855,-0.16073905,-0.7300041,-0.49839482,0.23303995,0.22748703,1.5224059,0.93811667,-0.45574248
rna_E18_5-S1#TTGACTTCGCTAACTT-1,-0.6629945,-0.3142568,1.0701133,1.7283423,-0.43901348,-0.697307,0.23401448,-1.1031591,-0.80921435,0.9934753
rna_E18_5-S1#TTGACTTCGGTACTGC-1,-0.688765,-0.05963631,-0.54914963,-0.88832456,-0.59015316,0.18209921,0.48981988,1.8874798,0.72139794,-0.50476813
rna_E18_5-S1#TTGACTTCGGTATGCT-1,-1.1237725,-0.5149931,0.75582224,1.8127165,-0.29381433,0.36679557,-0.40222633,-0.5563287,-0.49834245,0.45414317
rna_E18_5-S1#TTGACTTCTAGAATTA-1,-0.7596967,2.4633832,-1.1877074,-0.30925703,-0.72976327,0.057455838,-0.34575534,0.9334189,0.63450795,-0.75658584
rna_E18_5-S1#TTGACTTCTAGAGTAA-1,-1.1946198,-0.066387534,-0.30946362,-0.22918314,-0.76910776,0.9612832,0.17063347,1.8776565,-0.22742495,-0.21338628
rna_E18_5-S1#TTGACTTCTAGATCTA-1,-0.62037945,-0.60672724,0.4220164,1.7484821,-0.079182535,-0.53589714,-0.15468885,-0.93116355,-0.58548224,1.3430223
rna_E18_5-S1#TTGACTTCTCCGGCCT-1,-0.6526471,-0.3609198,-0.16191113,1.9620043,-0.27338183,0.51036686,-0.43710876,-0.4902323,-0.4349043,0.33873415
rna_E18_5-S1#TTGACTTCTCCTACCA-1,-0.22782515,0.2932425,-0.80398923,-0.41246337,-0.43194184,1.8156306,0.1343418,0.93263113,-0.39666298,-0.90296334
rna_E18_5-S1#TTGACTTCTCGGCCTT-1,-0.56468236,-0.002712518,-0.564969,-0.5195835,0.010620922,0.6027189,-0.49469042,1.6127725,0.40863514,-0.4881096
rna_E18_5-S1#TTGACTTCTCTGATAC-1,-0.6094526,-0.6003501,0.75727946,1.6722263,-1.1023375,-0.124048755,-0.011885427,-0.40084782,-0.46795174,0.88736814
rna_E18_5-S1#TTGACTTCTGAGTCTG-1,-0.28399333,-0.51692206,0.08758957,0.874131,-0.17462182,-0.24775419,-0.42594004,-0.27833503,-0.49541408,1.46126
rna_E18_5-S1#TTGACTTCTGCCGGCA-1,-0.6636,-0.65895295,0.48347196,1.7672834,-0.85436,-0.26664448,-0.21436913,-0.42314926,-0.4626541,1.2929748
rna_E18_5-S1#TTGACTTCTGCGGACC-1,-0.8321688,-0.5600761,0.005458311,1.40365,-0.8138411,0.4163684,-0.4758582,-0.30194297,-0.3181842,1.4765948
rna_E18_5-S1#TTGACTTCTGGTCAGC-1,-0.78066176,-0.71350205,0.35264707,1.7439084,-0.9348465,0.038995843,-0.19250949,-0.26683012,-0.45761052,1.2104092
rna_E18_5-S1#TTGACTTCTTACCGAG-1,0.19025406,-0.5747767,-0.0068939216,1.5361592,-1.1640512,0.22717386,0.07510753,-0.5729966,-0.48005635,0.7700801
rna_E18_5-S1#TTGACTTCTTATCCGG-1,-0.45279413,-0.33025843,-0.29604906,0.26874334,-0.08765905,-0.06859958,-0.39813322,0.24130978,0.15762918,0.96581113
rna_E18_5-S1#TTGACTTCTTATTCAT-1,-0.6222259,-0.37596098,0.67378366,1.103379,-0.0051416457,-0.6191155,-0.21130735,-0.6647656,-0.7899581,1.5113124
rna_E18_5-S1#TTGACTTCTTGACTTC-1,-1.1810404,1.0239702,0.25583243,0.34188908,-0.32682434,-0.0067665186,-0.3361251,0.47114804,-0.09842558,-0.14365794
atac_E18_5-S1#AACCTGCGACCGCCAA-1,-0.5940185,-0.44752124,-0.6040785,-0.074907705,-0.6623079,0.23086622,-0.38116348,3.0341012,0.18393491,-0.68490505
atac_E18_5-S1#AACCTGCGACTCAATA-1,-1.0168376,1.6927022,-1.2857184,-0.56179327,-0.24564296,0.4239732,-1.1260728,1.806103,0.59410113,-0.28081474
atac_E18_5-S1#AACCTGCGACTTAACC-1,-0.46754688,-0.5107746,-0.099364445,-0.30103144,-0.49357504,-0.6334171,-0.13351983,3.7582233,-0.47630775,-0.64268625
atac_E18_5-S1#AACCTGCGAGAACGTC-1,-0.29282427,-0.5592839,-0.22847444,0.17713566,-0.5131077,-0.52726847,-0.36561558,3.3875635,-0.42481562,-0.6533092
atac_E18_5-S1#AACCTGCGAGAGCTAT-1,-0.5884375,-0.3915542,-0.1226309,0.06316788,0.22822866,1.1980968,-0.54406524,0.9981842,-0.22108215,-0.61990774
atac_E18_5-S1#AACCTGCGATAAGGAG-1,-0.8485775,-0.43774617,0.08894986,-0.338519,0.10646257,1.2613465,-0.30313176,0.5851891,-0.06613249,-0.047840938
atac_E18_5-S1#AACCTGCGCAACCGCT-1,-0.5361834,-0.48928797,-0.031544276,-0.41224584,-0.29784837,-0.67972726,-0.054923713,3.4432487,-0.28352743,-0.65796036
atac_E18_5-S1#AACCTGCGCCAGTTCC-1,-0.44336045,-0.4663096,-0.21216482,-0.48893738,-0.5291957,-0.16882676,-0.20328471,3.3263774,-0.04395821,-0.7703398
atac_E18_5-S1#AACCTGCGCCGATTCC-1,-0.55764043,-0.2762466,-0.39445454,-0.30762225,-0.68301445,-0.54698855,-0.22326483,3.8079815,-0.1542679,-0.6644818
atac_E18_5-S1#AACCTGCGCGAACGCC-1,-0.48092818,-0.40498292,-0.33227715,-0.033885043,-0.7213987,-0.3204854,-0.41929948,3.7947376,-0.427033,-0.65444785
atac_E18_5-S1#AACCTGCGCTAAGAGA-1,-0.52725345,-0.3567253,-0.21466318,-0.25009882,0.38534528,1.1348264,-0.5346615,0.4252929,-0.060400672,-0.0016615987
atac_E18_5-S1#AACCTGCGCTTGCGCC-1,-0.5846143,-0.4470537,-0.009476647,-0.43473312,-0.41972062,-0.07618027,-0.104194276,3.1120253,-0.3449757,-0.6910767
atac_E18_5-S1#AACCTGCGGACCTTGA-1,-0.6270672,-0.6235829,0.06338103,-0.5008214,-0.44255888,-0.22957158,0.727432,3.095965,-0.80219144,-0.6609845
atac_E18_5-S1#AACCTGCGGCAGGTCC-1,-0.3983467,-0.45631877,-0.25866723,-0.20455429,-0.09433619,-0.30553868,-0.5435959,2.9286678,-0.009724662,-0.65758544
atac_E18_5-S1#AACCTGCGGCCATTCT-1,-0.99342984,0.6952269,-0.69912976,-0.33199215,-0.80473,0.29801384,0.2645562,2.2682853,-0.10097372,-0.5958268
atac_E18_5-S1#AACCTGCGGCGTTGGA-1,-0.3123525,0.655822,-1.3250623,-0.32483107,-0.22652566,1.697748,-1.2962922,1.6411133,0.20545684,-0.71507657
atac_E18_5-S1#AACCTGCGGGCTGAGC-1,-0.58891165,-0.40244284,-0.42830333,-0.24248308,-0.7594681,-0.463971,-0.007930592,3.862518,-0.5113003,-0.45770726
atac_E18_5-S1#AACCTGCGGGTACTGC-1,-1.1023693,0.900135,-0.053595033,-0.48782417,-0.25468168,0.024034865,0.114443436,2.1375124,-0.52741385,-0.7502418
atac_E18_5-S1#AACCTGCGTAGAATTA-1,-0.51061493,-0.4187683,0.12375891,-0.8108842,-0.24211079,0.025146116,0.6312192,2.4791574,-0.42109638,-0.8558071
atac_E18_5-S1#AACCTGCGTAGAGTAA-1,-0.5750028,-0.5234289,-0.54106987,0.047335993,-0.62225026,-0.14503866,-0.21483667,3.7400765,-0.5700227,-0.59576285
atac_E18_5-S1#AACCTGCGTCCTACCA-1,-0.8771839,-0.2909305,-0.8245545,-0.29763773,0.15005088,1.4194976,-0.99126226,1.1351566,0.25007197,0.32679194
atac_E18_5-S1#AACCTGCGTCGGCCTT-1,-0.65463257,-0.6926182,-0.05867979,-0.05020866,-0.5017953,-0.143857,0.05782106,3.0057185,-0.6490448,-0.31270298
atac_E18_5-S1#AACCTGCGTTGACTTC-1,-1.1857725,0.67859876,-1.1601946,0.18754686,-0.83673024,0.7486424,-0.74005914,2.3020978,0.4772926,-0.4714218
atac_E18_5-S1#AAGAAGCTAATTAAGA-1,2.6455615,-0.6875991,-0.848102,2.519477,-1.0593894,-0.7991478,0.023147637,-0.55325884,-0.6116798,-0.629009
atac_E18_5-S1#AAGAAGCTACCGCCAA-1,-0.63018477,-0.8609969,0.9602833,-0.55831325,-0.7220857,0.19922394,-0.062113166,2.864266,-0.4714627,-0.7186166
atac_E18_5-S1#AAGAAGCTACGGAGGC-1,1.8807003,-0.6812981,-0.6838638,1.9521018,-1.1657642,-0.6430303,0.49482086,-0.1524994,-0.5510603,-0.4501068
atac_E18_5-S1#AAGAAGCTACTATGCA-1,-0.9801845,2.5490603,-0.9164578,-0.17263399,-0.46317923,0.28555292,-1.0629983,1.1849154,0.026338257,-0.45041317
atac_E18_5-S1#AAGAAGCTACTCAATA-1,1.8898824,-0.87623304,-0.25434405,1.4549724,-0.9806827,-0.4930716,0.55117494,-0.7410932,-0.6716614,0.12105631
atac_E18_5-S1#AAGAAGCTACTTAACC-1,-0.84322363,-0.45684093,0.12395328,-0.48059624,0.015018031,1.0186169,-0.36729538,1.2851958,0.16861622,-0.4634441
atac_E18_5-S1#AAGAAGCTAGAACGTC-1,1.2432929,-0.688068,-0.2688717,1.3084598,-0.50779676,-0.33637443,0.16273493,-0.7174311,-0.61395246,0.41800684
atac_E18_5-S1#AAGAAGCTAGAGCTAT-1,1.7348878,-0.77845323,-0.44806364,1.4841866,-1.2638284,-0.21771663,0.96718013,-0.81412196,-0.5107938,-0.15327695
atac_E18_5-S1#AAGAAGCTATAAGGAG-1,-0.46357304,-0.52016824,0.12507924,0.13557783,-0.011153247,0.8137451,-0.2533061,-0.12210732,-0.35970336,0.65560913
atac_E18_5-S1#AAGAAGCTATCATATT-1,-0.39297017,0.4136096,-1.1339996,-0.3489862,-0.74587995,1.4551,-0.23414639,1.6987804,0.13862564,-0.8501333
atac_E18_5-S1#AAGAAGCTCAACCGCT-1,-0.5311636,-0.49277824,-0.075837865,-0.31878698,0.42699784,1.0331501,-0.46179116,0.21033373,-0.12045595,0.33033204
atac_E18_5-S1#AAGAAGCTCCAGTTCC-1,-0.77752495,-0.5059222,-0.8007444,1.3953762,-0.8053708,0.4741975,-1.1347907,2.744587,0.16745235,-0.7572601
atac_E18_5-S1#AAGAAGCTCCGAGAAT-1,2.2593985,-0.8165396,-0.41496864,1.8001544,-1.5181618,-0.889519,2.0123093,-0.80071,-0.7110555,-0.9209076
atac_E18_5-S1#AAGAAGCTCCGATTCC-1,-1.0209221,-0.4054218,0.16082454,-0.7909545,-0.06939236,0.99887604,0.22752489,1.2967063,0.30747133,-0.70471257
atac_E18_5-S1#AAGAAGCTCGAACGCC-1,-0.47048992,-0.5442376,0.1469443,-0.122827575,-0.0058316328,0.8063248,-0.17486623,0.04266376,-0.3396212,0.66194123
atac_E18_5-S1#AAGAAGCTCGACGCGA-1,0.45221627,-0.74438274,0.009238496,0.18132494,0.36369127,0.52005816,-0.033177197,-0.8749175,-0.57929915,0.7052474
atac_E18_5-S1#AAGAAGCTCTAAGAGA-1,1.4213796,-0.81221145,0.0026418949,1.2949165,-0.99761283,-0.24143128,0.344707,-0.74297035,-0.6505654,0.38114628
atac_E18_5-S1#AAGAAGCTCTGATGGT-1,1.8773742,-0.9335209,-0.56724274,1.3720827,-1.3692089,-0.2870481,1.7756672,-0.9963386,-0.5858086,-0.28595635
atac_E18_5-S1#AAGAAGCTCTTGCGCC-1,1.7090353,-0.81261224,-0.5191456,1.3744313,-1.2963586,-0.48187754,1.3566895,-0.2743047,-0.66178197,-0.39407542
atac_E18_5-S1#AAGAAGCTGACCTTGA-1,-0.56199497,-0.45875064,0.08095447,0.61076075,0.32991025,0.718579,-0.49813446,-0.22127165,-0.4614703,0.4614175
atac_E18_5-S1#AAGAAGCTGATCTTAC-1,2.2233064,-0.80552953,-0.6428495,1.5288156,-1.3943567,-0.6735415,1.4576768,-0.49939483,-0.624387,-0.56973976
atac_E18_5-S1#AAGAAGCTGCAGGTCC-1,-1.1354297,-0.22343153,-0.12737176,0.11904785,-0.21920064,1.7958915,-0.5330633,0.4332409,-0.09878772,-0.010895763
atac_E18_5-S1#AAGAAGCTGCCATTCT-1,1.9699669,-0.8712439,-0.5164502,1.5598246,-1.2547678,-0.59094673,1.0619074,-0.3158467,-0.65614367,-0.38629985
atac_E18_5-S1#AAGAAGCTGCCGCAAC-1,2.2124786,-0.87174606,-0.38023394,1.7409537,-1.3318905,-0.75615644,1.3916467,-0.65546775,-0.73544145,-0.61414266
atac_E18_5-S1#AAGAAGCTGCGTTGGA-1,2.085083,-0.8784745,-0.48884788,1.3998389,-1.3695325,-0.5714514,1.479808,-0.546666,-0.68640685,-0.42335078
atac_E18_5-S1#AAGAAGCTGGCTGAGC-1,-0.50690126,-0.4491113,0.19506583,-0.09678555,0.03636288,0.7973072,-0.16511452,0.0072472207,-0.30855554,0.49048504
atac_E18_5-S1#AAGAAGCTGGTACTGC-1,1.7030157,-0.8473449,-0.49812242,1.256314,-1.3067207,-0.23560323,1.3245075,-0.53110194,-0.5719998,-0.29294413
atac_E18_5-S1#AAGAAGCTTAGAATTA-1,1.9595915,-0.78271544,-0.5128966,1.6733545,-1.3398103,-0.28890437,0.80254525,-0.46962664,-0.5603831,-0.48115483
atac_E18_5-S1#AAGAAGCTTAGAGTAA-1,-0.80198663,-0.46840376,0.095745035,-0.03386338,-0.07447294,1.0419352,-0.42933384,0.25478423,-0.21666649,0.6322626
atac_E18_5-S1#AAGAAGCTTAGATCTA-1,2.2277958,-0.647648,-0.72968006,2.1970959,-1.1714033,-0.7267367,0.19644006,-0.19986573,-0.5725716,-0.57342637
atac_E18_5-S1#AAGAAGCTTCCTACCA-1,2.0913482,-0.8648845,-0.5282561,1.4213644,-1.1736555,-0.5591593,0.85574776,-0.14449099,-0.64999014,-0.44802377
atac_E18_5-S1#AAGAAGCTTCGGCCTT-1,1.8502456,-0.6422402,-0.97094315,1.6390758,-0.17973335,-0.55387074,-0.2229813,-0.37562776,-0.35105518,-0.19286963
atac_E18_5-S1#AAGAAGCTTGAGTCTG-1,1.9006957,-0.82971746,0.060498945,1.7388417,-1.2685462,-0.75394213,1.4214246,-0.8575924,-0.8365094,-0.575153
atac_E18_5-S1#AAGAAGCTTGCCGGCA-1,-0.4400992,-0.32865217,0.61160487,-1.1496254,-0.384175,0.2714575,1.0571532,1.6451933,-0.42884701,-0.85401016
atac_E18_5-S1#AAGAAGCTTGCGGACC-1,2.0263689,-0.71328264,-0.41194722,1.8028824,-1.2971824,-0.7903392,1.0234225,-0.53307563,-0.6496531,-0.45719367
atac_E18_5-S1#AAGAAGCTTGGTCAGC-1,-0.7229932,1.0326582,-1.1753438,0.26224288,-0.16544938,1.0385826,-0.9803889,1.4920783,-0.19871342,-0.5826734
atac_E18_5-S1#AAGAAGCTTTACCGAG-1,-0.061150122,-0.13451833,-0.835016,-0.65501356,-0.49072886,1.198715,0.62850267,1.9177364,-0.525259,-1.0432681
atac_E18_5-S1#AAGAAGCTTTATTCAT-1,0.65930873,-0.46794567,-0.4697908,1.2244245,0.4450787,0.13068193,-0.53637344,-0.3627205,-0.4466286,-0.1760349
atac_E18_5-S1#AAGAAGCTTTGACTTC-1,2.2378447,-0.76379925,-0.75455046,1.8314141,-1.4373444,-0.4929426,1.0734881,-0.46284583,-0.5183566,-0.71290755
atac_E18_5-S1#AATTAAGAAAGAAGCT-1,2.1683533,-0.8530701,-0.41844994,2.019023,-1.3626714,-0.73826784,1.2391255,-0.7770884,-0.73454124,-0.5424128
atac_E18_5-S1#AATTAAGAAATTAAGA-1,0.71528023,-0.5454315,-0.015493993,0.5541549,0.43462688,0.069432825,0.42686194,-1.3086922,-0.8354168,0.5046778
atac_E18_5-S1#AATTAAGAACCGCCAA-1,-0.8313061,-0.8170663,-0.6180092,-0.9166777,-0.5785351,-0.17521217,-1.0033758,2.0938752,3.376518,-0.530211
atac_E18_5-S1#AATTAAGAACGGAGGC-1,1.5502086,-0.76380724,-0.41917467,0.7004852,-0.25773466,-0.2866124,0.7459885,-1.3228543,-0.7315691,0.7850702
atac_E18_5-S1#AATTAAGAACTATGCA-1,3.4522033,-1.2996833,-1.0183859,-1.6622441,3.0628614,-1.0143954,-1.305928,-1.6828997,-1.2474481,2.7159197
atac_E18_5-S1#AATTAAGAACTCAATA-1,-0.8443257,-0.12956679,0.42315334,1.4858603,0.7553867,0.11731095,-0.39426076,-0.87716806,-0.5257927,-0.010597259
atac_E18_5-S1#AATTAAGAACTTAACC-1,-0.6605292,-0.7822929,0.56037825,-0.63657016,-0.6041208,0.017798454,0.40024137,2.8634539,-0.45770395,-0.70065457
atac_E18_5-S1#AATTAAGAAGAACGTC-1,-0.98292065,-0.1356768,-0.26373914,2.426113,1.3692164,-0.3046835,-0.44344962,-0.7169493,-0.5498432,-0.3980672
atac_E18_5-S1#AATTAAGAAGAGAAGG-1,-0.63250846,-0.20332435,-0.5655238,0.6243683,0.2164248,1.1115038,-1.0666203,0.44001225,-0.32402253,0.3996902
atac_E18_5-S1#AATTAAGAAGAGCTAT-1,-0.9855336,-0.085191675,-0.04632567,2.1386578,1.2359152,0.043677647,-0.33755234,-1.0117869,-0.5744212,-0.3774392
atac_E18_5-S1#AATTAAGAATAAGGAG-1,-0.63136065,-0.40897638,0.07384235,-0.027608566,0.051092997,1.0109916,-0.29792005,0.3854525,-0.2181438,0.06263002
atac_E18_5-S1#AATTAAGAATCATATT-1,1.4234737,-0.6474353,-0.25851262,1.4324638,-0.74279296,-0.69217145,0.7884681,-1.0653671,-0.63804686,0.3999205
atac_E18_5-S1#AATTAAGACAACCGCT-1,-1.2590328,0.42153397,-0.3334276,1.6892728,0.88374966,-0.6103227,-0.57527673,0.62861973,-0.4074595,-0.43765685
atac_E18_5-S1#AATTAAGACATACTCC-1,-0.29905856,-0.54439515,0.118890665,0.10386382,0.07538083,0.8183533,-0.11503732,-0.3971324,-0.42252004,0.6616549
atac_E18_5-S1#AATTAAGACCAGTTCC-1,-0.8809331,-0.58595145,-0.9795954,-0.6577986,-0.9009593,0.28908104,-0.66901684,2.6610281,2.569667,-0.84552133
atac_E18_5-S1#AATTAAGACCGAGAAT-1,0.49245632,-0.7933139,-1.0903182,2.6064653,2.821366,-0.76363856,-0.69855154,-0.8182355,-0.749902,-1.006328
atac_E18_5-S1#AATTAAGACCGATTCC-1,-0.8068238,-0.47849518,-0.2562472,-0.83724695,-0.021819327,0.9181045,-0.22605045,1.2080604,0.9740647,-0.4735468
atac_E18_5-S1#AATTAAGACGAACGCC-1,-0.50319767,-0.47594768,0.17536327,-0.17788967,0.03882035,0.86729735,-0.25530538,0.35802487,-0.17614406,0.14897877
atac_E18_5-S1#AATTAAGACGACGCGA-1,2.6676145,-1.4325331,-1.2210671,-1.6855571,3.3671443,-1.4666862,-1.5555003,-0.5796896,-1.4332682,3.3395426
atac_E18_5-S1#AATTAAGACTAAGAGA-1,-1.0761937,0.19755228,-0.03620363,1.6542579,0.89732146,0.036857285,-0.21123317,-0.9168956,-0.4428557,-0.10260723
atac_E18_5-S1#AATTAAGACTGATGGT-1,-1.1532116,-0.3240337,-0.75080615,2.9524872,2.4280882,-0.5539345,-0.36829314,-0.80896455,-0.64136666,-0.77996516
atac_E18_5-S1#AATTAAGACTTGCGCC-1,-1.230824,0.08002186,-0.09017745,1.9947318,1.360295,-0.33934397,-0.29173985,-0.59051293,-0.47583604,-0.41661435
atac_E18_5-S1#AATTAAGAGAAGATCG-1,1.6462315,-0.8487923,-0.21244548,1.0652314,-0.88870025,-0.060665306,0.71856207,-1.0762931,-0.7220631,0.37893468
atac_E18_5-S1#AATTAAGAGACCTTGA-1,-1.1750959,-0.03829727,-0.29563674,2.5202007,1.4554849,-0.54129654,-0.35915306,-0.061709307,-0.5364764,-0.96802026
atac_E18_5-S1#AATTAAGAGATACGGA-1,3.304494,-0.88276553,-1.0491958,-0.25719804,2.8065264,-0.9733426,-1.3938447,-1.3627326,-1.0416613,0.8497203
atac_E18_5-S1#AATTAAGAGATCTTAC-1,-1.1269689,-0.18806617,-0.23904583,2.5411494,1.7112865,-0.29500625,-0.27184826,-0.7066668,-0.61360574,-0.8112278
atac_E18_5-S1#AATTAAGAGCAGGTCC-1,-0.9911029,-0.22229046,-0.115904115,2.118182,0.962232,0.05093516,-0.5013794,-0.6646561,-0.47885597,-0.15715998
atac_E18_5-S1#AATTAAGAGCCATTCT-1,-1.2214195,0.11421693,0.1092737,1.8669722,0.9524389,0.10705255,-0.38202596,-0.67459184,-0.47627532,-0.3956418
atac_E18_5-S1#AATTAAGAGCCGCAAC-1,-0.08063372,-1.0862868,-1.0936098,1.0557885,2.2862537,-1.250325,-1.2335422,0.6470618,-1.1888554,1.9441487
atac_E18_5-S1#AATTAAGAGCGTTGGA-1,-0.42932492,-0.44172585,0.03348831,0.9947512,0.8804947,0.36796588,-0.71218926,-0.71648043,-0.6172554,0.64027566
atac_E18_5-S1#AATTAAGAGCTAACTT-1,-1.0531408,1.406083,-1.0724636,-0.37022388,-0.5489593,1.4668539,-0.9602699,1.1282091,0.5222219,-0.5183104
atac_E18_5-S1#AATTAAGAGGCTGAGC-1,-0.5009051,-0.42963028,0.04382507,-0.1050356,0.070172116,1.0146719,-0.34905267,0.4029439,-0.118872955,-0.028116412
atac_E18_5-S1#AATTAAGAGGTACTGC-1,-1.3244009,0.08553555,-0.3392245,2.205811,1.2966216,-0.3336143,-0.2568652,0.08620658,-0.5003038,-0.919766
atac_E18_5-S1#AATTAAGAGGTATGCT-1,-1.1884319,2.964188,-0.85562325,0.0017164648,-0.5176447,0.41552505,-0.8550722,1.0505717,-0.3284742,-0.6867553
atac_E18_5-S1#AATTAAGATAGAATTA-1,-1.2685657,0.18524197,-0.12583524,2.30038,1.3935455,-0.15979946,-0.26511833,-0.7471472,-0.42588702,-0.88681465
atac_E18_5-S1#AATTAAGATAGAGTAA-1,-0.94327754,-0.49268973,-0.31663293,2.2169693,1.4854589,-0.77582675,-0.5366714,-0.7302993,-0.75570774,0.84867734
atac_E18_5-S1#AATTAAGATAGATCTA-1,0.48489958,-0.7267869,0.13586056,0.80592483,0.5824468,0.28031757,-0.035147406,-1.1290202,-0.90382427,0.50532943
atac_E18_5-S1#AATTAAGATCCGGCCT-1,2.547547,-0.7929669,-0.83159584,2.6797445,-1.4565003,-0.3780421,-0.13589555,-0.108285464,-0.60734123,-0.9166642
atac_E18_5-S1#AATTAAGATCCTACCA-1,-1.0453086,-0.33997753,0.33359915,1.7228954,0.29254714,1.2430674,-0.719379,-0.16137736,-0.6543462,-0.6717203
atac_E18_5-S1#AATTAAGATCGGCCTT-1,-1.0062139,-0.18675585,-0.36380577,2.3830593,1.0496842,-0.29859802,-0.33586973,-0.5232718,-0.6010627,-0.117165715
atac_E18_5-S1#AATTAAGATCTGATAC-1,2.6674173,-0.60588163,-1.006881,1.9025689,0.05608662,-0.6650321,-0.55334336,-0.62535185,-0.49488723,-0.6746956
atac_E18_5-S1#AATTAAGATGAGTCTG-1,0.009060599,-0.44128746,-0.811294,-0.28555492,1.3190732,-0.81101763,-1.2425927,1.3283033,-0.90345985,1.8387693
atac_E18_5-S1#AATTAAGATGCCGGCA-1,0.45445535,-0.41621473,-0.45480382,1.2351319,-0.4670477,1.4328231,0.31973442,-0.26961747,-0.7468139,-1.0876471
atac_E18_5-S1#AATTAAGATGCGGACC-1,2.0129762,-0.8765576,-0.6651131,-1.3533258,0.6596995,-0.17332342,-0.0412398,-0.72428095,-0.6478488,1.8090141
atac_E18_5-S1#AATTAAGATGGTCAGC-1,1.9293138,-0.86599153,-0.50678545,1.0004013,0.3636685,-0.72771275,-0.07198151,-1.0715622,-0.84707314,0.79772276
atac_E18_5-S1#AATTAAGATTACCGAG-1,1.6963329,-0.67589056,-0.65651107,1.8599602,-1.5311991,-0.43980032,1.3460103,-0.17047845,-0.55587506,-0.87254894
atac_E18_5-S1#AATTAAGATTATCCGG-1,2.822035,-0.80729616,-0.9785956,1.4616024,1.3815069,-0.6652941,-1.2126914,-0.7947923,-0.6319731,-0.57450175
atac_E18_5-S1#AATTAAGATTATTCAT-1,0.34530187,-0.6481031,0.09023996,0.41936952,-0.30020654,0.6322062,0.7297621,0.020948697,-0.8509913,-0.4385273
atac_E18_5-S1#AATTAAGATTGACTTC-1,-1.2436489,0.254316,-0.08249155,2.1491034,0.760668,0.003545303,-0.19308694,-0.82438076,-0.4633963,-0.36062837
atac_E18_5-S1#ACCGCCAAAACCTGCG-1,-0.6629287,-0.27902064,1.2030963,-0.88053566,-0.692434,-0.4085371,3.1264548,-0.7709833,0.12345113,-0.7585628
atac_E18_5-S1#ACCGCCAAAAGAAGCT-1,-0.96108884,-0.42076004,0.13935131,0.06309786,-0.6387253,1.4100394,1.0407223,0.41763073,-0.5692256,-0.48104176
atac_E18_5-S1#ACCGCCAAAATTAAGA-1,0.32415807,-0.6320907,-0.16369225,-0.0022629078,0.19678967,0.23837301,-0.8415399,-0.08664616,-0.4114555,1.3783667
atac_E18_5-S1#ACCGCCAAACGGAGGC-1,-0.057312913,-0.72521824,0.50314796,1.3803642,-1.1804994,0.59817356,0.18673722,-0.33857024,-0.6337974,0.26697513
atac_E18_5-S1#ACCGCCAAACTATGCA-1,-0.1580936,-0.7910628,-0.18512839,1.419538,0.22564188,-0.78733605,-0.8073322,-0.41557705,-0.7311776,2.2305279
atac_E18_5-S1#ACCGCCAAACTCAATA-1,-1.5271477,-0.54886055,-0.7154634,-0.010570876,0.74600625,-0.13220717,-0.9507321,2.1475706,-0.47543803,1.4668434
atac_E18_5-S1#ACCGCCAAAGAACGTC-1,-0.43665528,-0.41865468,-0.054440126,0.5475908,-0.6493701,0.6873207,-0.3729623,1.5608371,-0.31024438,-0.55342185
atac_E18_5-S1#ACCGCCAAAGAGAAGG-1,-0.7688544,-0.14748728,-0.34772682,-0.32238862,0.12875731,0.9489374,0.31811103,-0.60048586,-0.4392702,1.2304074
atac_E18_5-S1#ACCGCCAAAGAGCTAT-1,-0.5664602,-0.26792926,0.31756434,-0.7094411,-0.558104,0.73965806,1.2718782,1.0938138,-0.5633117,-0.7576683
atac_E18_5-S1#ACCGCCAAATCATATT-1,-0.842858,-0.603149,-0.39292133,0.8881159,-0.683294,0.32897145,-0.08221531,0.09884116,-0.62318474,1.9116939
atac_E18_5-S1#ACCGCCAACATACTCC-1,1.3626962,-0.85940874,-1.2594961,0.22891629,-1.3080094,0.1747998,-0.19922951,-0.9465045,0.7240563,2.0821798
atac_E18_5-S1#ACCGCCAACCGAGAAT-1,-0.6476764,-0.49495357,-0.20206521,0.5163232,-0.18369168,0.49904138,-0.3626074,-0.07374718,-0.5089511,1.4583279
atac_E18_5-S1#ACCGCCAACGACGCGA-1,0.09116526,-0.70148987,0.14758593,0.47674286,0.07732216,0.22090009,-0.6558314,-0.53362525,-0.6565879,1.5338182
atac_E18_5-S1#ACCGCCAACTAAGAGA-1,-1.2352298,0.36944887,-0.102939084,0.36418355,0.21697555,-0.012026366,-0.85250103,1.4256611,-0.3921396,0.21856697
atac_E18_5-S1#ACCGCCAACTGATGGT-1,-0.27869952,-0.4038024,-0.5885922,0.51114666,0.2723275,-0.39099976,-0.43239346,-0.041521475,-0.62226015,1.9747946
atac_E18_5-S1#ACCGCCAACTTGCGCC-1,-0.9367925,1.809622,-0.8038902,-0.05403259,-0.83273184,0.54258114,-0.26806736,1.5728134,-0.22894514,-0.800557
atac_E18_5-S1#ACCGCCAAGAAGATCG-1,-0.7214087,-0.12667722,-0.014062304,-0.55117065,-0.58396566,1.2845213,1.8946711,-0.09118437,-0.44748443,-0.643239
atac_E18_5-S1#ACCGCCAAGATACGGA-1,-0.2278163,-0.3686089,0.15477003,0.26605728,-0.47059837,0.8854297,1.0506632,0.33267558,-0.7492792,-0.87329304
atac_E18_5-S1#ACCGCCAAGATCTTAC-1,-0.9036385,-0.14807783,0.0825777,-0.22838323,-0.39349282,1.0986061,0.17967887,0.5748994,-0.14540221,-0.116767555
atac_E18_5-S1#ACCGCCAAGCCATTCT-1,-0.9485492,0.3158339,-0.00090391096,0.2008008,-0.12306882,0.4335852,-0.8096624,1.3388331,-0.40973833,0.0028696642
atac_E18_5-S1#ACCGCCAAGCCGCAAC-1,-0.5155553,0.27902228,0.016679585,0.5453871,0.025996827,1.0177021,0.21631843,0.2605259,-1.008311,-0.8377659
atac_E18_5-S1#ACCGCCAAGCGTTGGA-1,-1.9254607,1.2468241,1.6787611,-1.496755,1.1049771,-1.7387131,-0.77483493,2.4789078,-1.2155918,0.6418853
atac_E18_5-S1#ACCGCCAAGCTAACTT-1,2.4078808,-1.1692271,-1.5223883,-2.0960503,-1.0587946,-0.032037944,-0.8298183,-0.3576942,1.7492526,2.9088776
atac_E18_5-S1#ACCGCCAAGGTACTGC-1,-0.5807792,-0.4538044,0.014068991,0.32799244,-0.53122985,0.91575474,-0.43639633,1.7168268,-0.31270778,-0.65972567
atac_E18_5-S1#ACCGCCAAGGTATGCT-1,-1.020652,-0.13702293,-0.17618534,-0.6861591,-0.7602511,1.3104285,1.9296918,0.10197877,-0.07451628,-0.48731232
atac_E18_5-S1#ACCGCCAATAGAATTA-1,-0.5896513,-0.6863297,-0.08664547,1.1009527,-0.60340106,-0.037240583,-0.86119825,2.3044868,-0.23118529,-0.3097877
atac_E18_5-S1#ACCGCCAATAGATCTA-1,-0.39965826,-0.6738113,-0.05013499,0.8195722,-0.17022781,0.5192736,-0.7878103,-0.32245883,-0.6101142,1.67537
atac_E18_5-S1#ACCGCCAATCCGGCCT-1,-0.34734717,-0.5602184,0.23067817,-0.056003332,-0.6080799,0.9014868,1.4484019,0.22849351,-0.6175856,-0.61982596
atac_E18_5-S1#ACCGCCAATCCTACCA-1,-1.6076138,-0.5290571,-0.14541769,0.37278602,0.14117238,-0.26548064,-0.85993207,2.5166304,-0.5024829,0.8793955
atac_E18_5-S1#ACCGCCAATCTGATAC-1,0.0048943292,-0.58443886,-0.14662446,0.16195305,-0.64208907,1.3244743,1.0400562,0.25443345,-0.6765263,-0.7361326
atac_E18_5-S1#ACCGCCAATGAGTCTG-1,-0.035641536,-0.3519291,-0.41197863,0.82656384,0.34373766,1.116668,-0.5918,0.22641045,-0.7282183,-0.3938124
atac_E18_5-S1#ACCGCCAATGCCGGCA-1,-0.79220575,-0.6423656,0.2696327,1.4658461,-0.9560426,0.64190704,-0.37346753,-0.13881262,-0.53870577,1.0642142
atac_E18_5-S1#ACCGCCAATGCGGACC-1,-0.3068931,-0.32510448,-0.019008067,0.7794063,-0.06334303,0.47677094,0.20318793,-0.7578119,-0.78461504,0.7974104
atac_E18_5-S1#ACCGCCAATGGTCAGC-1,-0.8221277,-0.50489163,0.23776391,1.1274176,-0.032294966,-0.6582907,-0.44982415,0.019445613,-0.61423415,1.6970364
atac_E18_5-S1#ACCGCCAATTACCGAG-1,-0.5066055,-0.65019244,0.7647723,1.0796187,-0.9174632,0.039830144,-0.12859064,-0.2728654,-0.627272,1.2187681
atac_E18_5-S1#ACCGCCAATTATCCGG-1,-0.27580667,-0.3753194,-0.17466095,-0.77468014,-0.2920398,1.3268156,1.7684883,-0.18046731,-0.47381243,-0.5485171
atac_E18_5-S1#ACCGCCAATTATTCAT-1,-0.101884946,-0.6850187,0.14201824,1.1092354,-0.5666121,-0.043567494,-0.7900693,-0.24817185,-0.526452,1.710523
atac_E18_5-S1#ACCGCCAATTGACTTC-1,-0.5275349,-0.35389212,-0.25472707,0.54309213,-0.3847723,1.1130869,-0.34436333,1.1871122,-0.3455371,-0.6324644
atac_E18_5-S1#ACGGAGGCAACCTGCG-1,-0.7718935,2.1825445,-1.1745644,-0.3420574,-0.8296384,1.020607,-0.25671688,1.3953784,-0.19892848,-1.0247309
atac_E18_5-S1#ACGGAGGCAAGAAGCT-1,2.540559,-1.0083792,-0.84353435,2.0756514,-1.7717465,-0.68164694,2.5708656,-0.44167832,-0.9009117,-1.5391791
atac_E18_5-S1#ACGGAGGCAATTAAGA-1,2.0206668,-0.6483904,-0.4731602,-0.100793734,-0.2033129,-0.78430444,1.0039513,-1.4266176,-0.9366048,1.5485659
atac_E18_5-S1#ACGGAGGCACCGCCAA-1,-1.1330953,-0.81906724,-0.3967929,-0.58587295,-0.6658539,-0.14231227,-0.7449257,2.4326723,2.6586533,-0.60340536
atac_E18_5-S1#ACGGAGGCACGGAGGC-1,0.58895284,-0.72402394,1.070814,0.48167613,-0.46784604,-0.60307795,0.50314134,-1.0144112,-0.81670296,0.9814778
atac_E18_5-S1#ACGGAGGCACTATGCA-1,1.6629848,-0.8899379,-0.7586837,0.88981426,0.6123937,-0.7896602,-0.5060913,-0.8391972,-0.8376742,1.4560518
atac_E18_5-S1#ACGGAGGCACTCAATA-1,-0.6995895,-0.027188223,0.02808017,1.2026488,-0.02449932,1.0180902,-0.3761904,0.3314018,-0.56009865,-0.8926549
atac_E18_5-S1#ACGGAGGCACTTAACC-1,-0.9134853,-0.72024584,2.5208368,-0.94115365,-0.74951625,-0.6594447,-0.7620026,3.570374,-0.7437179,-0.6016449
atac_E18_5-S1#ACGGAGGCAGAACGTC-1,-0.9682886,-0.22368097,-0.3988937,2.4058514,0.8065633,-0.26097208,-0.36245823,-0.17909889,-0.4771191,-0.34190303
atac_E18_5-S1#ACGGAGGCAGAGAAGG-1,0.7251016,0.07701428,-1.3068146,1.1623437,-1.1642904,0.50200534,-0.15811801,1.2144812,-0.13481835,-0.91690487
atac_E18_5-S1#ACGGAGGCAGAGCTAT-1,-0.5107292,-0.43921036,-0.23439106,1.617809,0.207622,1.0661883,-0.6994353,-0.17707965,-0.6517962,-0.1789776
atac_E18_5-S1#ACGGAGGCATAAGGAG-1,-0.3908385,-0.3858379,-0.17640834,-0.14185981,-0.53830874,0.64025784,0.090461165,1.4644686,-0.14108838,-0.420846
atac_E18_5-S1#ACGGAGGCATCATATT-1,0.80615985,-0.54783607,-0.350033,1.357538,-1.1730642,0.708327,1.2606668,-0.32932404,-0.81089944,-0.9215352
atac_E18_5-S1#ACGGAGGCCAACCGCT-1,-1.2080714,0.50738114,-0.7596911,1.5316143,-0.18268286,0.17600402,-1.0327996,1.6325397,-0.17702436,-0.48726994
atac_E18_5-S1#ACGGAGGCCATACTCC-1,-0.3171965,-0.51568544,-0.33099204,0.39895767,-0.59554374,0.91897106,-0.73118246,1.944903,-0.21980274,-0.5524288
atac_E18_5-S1#ACGGAGGCCCAGTTCC-1,-1.2240336,-0.8430217,-0.4299927,-0.9378321,-0.86391115,-0.50730014,-0.68308395,2.9595494,3.357637,-0.828011
atac_E18_5-S1#ACGGAGGCCCGAGAAT-1,-0.47494805,-0.34864402,-1.0135586,-0.026354596,0.8073645,-0.23296304,-1.1777971,1.6663096,-0.61370367,1.414295
atac_E18_5-S1#ACGGAGGCCCGATTCC-1,-0.66136587,-0.53576845,-0.6987916,-0.8664739,-0.829651,0.9059984,0.3396205,2.2272706,0.93379116,-0.81462985
atac_E18_5-S1#ACGGAGGCCGAACGCC-1,-0.39041078,-0.372999,-0.29156154,-0.16877687,-0.5933847,0.3483947,-0.25498176,2.1576693,0.07972808,-0.5136776
atac_E18_5-S1#ACGGAGGCCGACGCGA-1,2.2124455,-1.0165532,-0.7757371,-0.14541665,1.3136882,-0.6198402,-0.78974235,-1.0176748,-0.98265857,1.8214893
atac_E18_5-S1#ACGGAGGCCTAAGAGA-1,-0.7682064,-0.14233384,0.3100216,1.4447765,-0.55166745,0.6669172,-0.6565169,0.06747297,-0.48452643,0.11406269
atac_E18_5-S1#ACGGAGGCCTGATGGT-1,0.22881117,-0.93183374,-0.81916434,1.7141607,1.7082161,-0.8059485,-0.8069305,-0.33886796,-0.73345727,0.7850144
atac_E18_5-S1#ACGGAGGCCTTGCGCC-1,-1.2917345,0.17893548,0.04942854,1.7853036,0.5440092,-0.04271948,-0.26934442,-0.22637251,-0.55620635,-0.17129964
atac_E18_5-S1#ACGGAGGCGAAGATCG-1,2.4331245,-0.65130794,-0.9927567,1.5699617,0.5594269,-0.42599526,-0.63159406,-0.70087236,-0.50090873,-0.6590782
atac_E18_5-S1#ACGGAGGCGACCTTGA-1,-1.0254575,-0.07172306,0.008521266,2.330634,0.6236899,-0.3229132,-0.42696545,-0.3107181,-0.5528884,-0.25217944
atac_E18_5-S1#ACGGAGGCGATACGGA-1,2.4619076,-1.1473293,-0.68944645,0.078321986,1.7141101,-0.95515037,-1.1662657,-0.6881629,-1.0127456,1.4047608
atac_E18_5-S1#ACGGAGGCGATCTTAC-1,-0.5321858,-0.37317136,-0.5188848,1.6122303,0.8721055,-0.30204025,-0.646363,0.15119356,-0.5405078,0.2776236
atac_E18_5-S1#ACGGAGGCGCAGGTCC-1,-0.71686,-0.6059083,0.1969663,1.6886954,-0.56277573,1.2293491,-0.8234801,0.7223417,-0.54693806,-0.58139044
atac_E18_5-S1#ACGGAGGCGCCATTCT-1,-1.2343876,0.37801677,-0.2009676,1.7233897,0.59377164,-0.06356582,-0.32900646,0.025028715,-0.4856553,-0.4066241
atac_E18_5-S1#ACGGAGGCGCCGCAAC-1,-0.32330304,-0.08346379,-0.81662387,0.09702217,-0.0860887,1.4882704,-0.7453906,1.0729105,-0.23059392,-0.3727393
atac_E18_5-S1#ACGGAGGCGCGTTGGA-1,0.12513688,-0.6260694,0.10472894,0.6459536,-0.23235947,0.24977979,-0.84132826,0.6886361,-0.6263209,0.51184255
atac_E18_5-S1#ACGGAGGCGCTAACTT-1,-0.34444043,-0.4283097,-0.5728028,0.086711176,-0.5798875,1.5219486,-0.3499369,1.3058077,-0.1226623,-0.51642793
atac_E18_5-S1#ACGGAGGCGGCTGAGC-1,-0.41704476,-0.4006552,-0.29271793,-0.27501747,-0.6048324,0.6296096,-0.018852238,1.9194552,0.025004514,-0.5649493
atac_E18_5-S1#ACGGAGGCGGTACTGC-1,-1.2242213,-0.22874106,-0.0059750453,2.1208844,1.1648191,-0.5305682,-0.2248455,-0.6510301,-0.59862494,0.17830269
atac_E18_5-S1#ACGGAGGCGGTATGCT-1,-0.7932086,1.0437838,-1.1912602,-0.1655493,-0.8163455,1.3605267,-0.64617604,1.6921418,0.5730376,-1.0569503
atac_E18_5-S1#ACGGAGGCTAGAATTA-1,-1.24053,0.034014717,-0.29608583,2.24136,1.2311504,-0.42256752,-0.31387627,-0.4017118,-0.61777216,-0.2139813
atac_E18_5-S1#ACGGAGGCTAGAGTAA-1,-1.0194498,-0.04867726,-0.030683216,1.6634945,0.51473063,0.3384398,-0.58837223,-0.07508899,-0.6257657,-0.12862775
atac_E18_5-S1#ACGGAGGCTAGATCTA-1,2.42139,-0.7752684,-0.6609292,-1.902227,0.5905632,-0.45677155,0.5110695,-1.1632279,-0.76791096,2.2033124
atac_E18_5-S1#ACGGAGGCTCCGGCCT-1,1.689793,-0.90239686,-0.4332699,1.9574451,-1.3653921,0.41239578,0.63247395,-0.17919245,-0.815456,-0.9964005
atac_E18_5-S1#ACGGAGGCTCCTACCA-1,-0.94288266,-0.2871251,0.16407235,1.2778624,-0.1240603,0.26389265,-0.56492,-0.069394425,-0.5433382,0.82589316
atac_E18_5-S1#ACGGAGGCTCGGCCTT-1,-1.0351816,-0.15059006,0.091705985,1.8363934,0.4705869,-0.07680581,-0.45272452,-0.05580022,-0.44771016,-0.17987391
atac_E18_5-S1#ACGGAGGCTCTGATAC-1,2.6167517,-0.7483971,-0.5889704,0.048893917,1.9553801,-0.98979807,-0.67889416,-1.205842,-1.0896263,0.6805026
atac_E18_5-S1#ACGGAGGCTGAGTCTG-1,-0.9551994,-0.53518534,0.123532034,0.5010185,-0.33179784,0.47468403,-0.70994043,0.9766153,-0.4818639,0.93813694
atac_E18_5-S1#ACGGAGGCTGCCGGCA-1,0.85960937,-0.30095625,-0.13504623,0.078296445,0.053243395,-0.2872007,0.80891,-1.0304372,-0.8451153,0.7986966
atac_E18_5-S1#ACGGAGGCTGCGGACC-1,-0.2951048,-0.64796597,2.4008079,1.2915947,-0.7140738,-0.3969988,-0.42785424,-0.9296567,-0.50609463,0.22534643
atac_E18_5-S1#ACGGAGGCTGGTCAGC-1,1.6895955,-0.884349,0.014327439,1.9615241,-1.6852988,-0.8632248,1.6732213,-1.0368073,-0.85062605,-0.01836238
atac_E18_5-S1#ACGGAGGCTTACCGAG-1,-0.024589082,-0.18708055,-0.6278587,-0.4793111,0.102362804,1.4579389,1.0401483,0.10795526,-0.4622933,-0.92727256
atac_E18_5-S1#ACGGAGGCTTATCCGG-1,2.853328,-0.9895435,-0.8088401,-0.20519517,2.238232,-0.94881016,-1.0907266,-1.050243,-0.9448408,0.9466391
atac_E18_5-S1#ACGGAGGCTTATTCAT-1,1.574664,-0.8292803,-0.4340895,0.55067825,-0.46474275,-0.6194763,0.79462767,-1.2770332,-0.788344,1.4929962
atac_E18_5-S1#ACGGAGGCTTGACTTC-1,-1.2771041,0.56859004,0.052447937,1.3750303,-0.030293003,1.060636,0.32948378,-0.4386956,-0.5470311,-1.0930642
atac_E18_5-S1#ACTATGCAAAGAAGCT-1,-0.83941925,1.3541327,-1.1496881,-0.6014861,-1.161144,0.98628116,-0.05945387,1.6938187,0.84011734,-1.0631588
atac_E18_5-S1#ACTATGCAAATTAAGA-1,2.433765,-0.79791015,-0.90798855,1.5303574,1.1058402,-0.7760585,-0.9047742,-0.59420115,-0.5988271,-0.4902027
atac_E18_5-S1#ACTATGCAACCGCCAA-1,-0.86125726,-0.8457916,-0.5873534,-0.66613,-0.68285984,-0.11389081,-0.8159786,2.4917612,2.735479,-0.65397924
atac_E18_5-S1#ACTATGCAACGGAGGC-1,2.429982,-0.8393254,-0.9815139,1.503879,1.5447462,-0.5629434,-1.1634161,-0.7995674,-0.6556369,-0.476204
atac_E18_5-S1#ACTATGCAACTATGCA-1,1.7171621,-0.57137895,-0.0045928434,1.4382411,-1.0833879,-1.0172315,1.2686734,-0.019091975,-0.8161405,-0.9122535
atac_E18_5-S1#ACTATGCAACTCAATA-1,-1.2282592,0.27825958,-0.2952359,2.063261,1.3420087,-0.15058276,-0.25246084,-0.5757278,-0.55480075,-0.6264621
atac_E18_5-S1#ACTATGCAACTTAACC-1,-1.117585,-0.6979904,2.7915983,-1.0876163,-0.79051036,-0.84680146,-0.95742,3.5633826,-0.3586418,-0.49841595
atac_E18_5-S1#ACTATGCAAGAACGTC-1,2.701952,-0.6742919,-1.2394878,2.750587,0.06174612,-0.73510027,-0.8459235,-0.43212128,-0.5204218,-1.0669385
atac_E18_5-S1#ACTATGCAAGAGCTAT-1,-1.0994565,0.0072744675,-0.20420523,2.61777,1.5054213,-0.44276616,-0.33820838,-0.82747203,-0.64991504,-0.56844217
atac_E18_5-S1#ACTATGCAATAAGGAG-1,-0.40421224,-0.42685843,-0.30162585,-0.26981625,-0.6423869,0.683176,0.025405396,1.8740528,0.04331574,-0.58105034
atac_E18_5-S1#ACTATGCAATCATATT-1,2.437595,-1.0280685,-0.4062103,1.8652575,-1.7194009,-1.101105,2.1360774,-0.027156314,-0.9056501,-1.2513391
atac_E18_5-S1#ACTATGCACAACCGCT-1,-0.9987692,-0.46386272,-0.75640166,1.0200224,-1.0189235,0.98329604,-0.7126862,2.274545,0.35576087,-0.68298084
atac_E18_5-S1#ACTATGCACCAGTTCC-1,-0.14233834,-0.5437284,-0.7282303,-0.14224434,-0.77399594,-0.5928085,0.27677348,3.8736737,-0.82634777,-0.40075368
atac_E18_5-S1#ACTATGCACCGAGAAT-1,0.8515444,-0.55489224,-0.5931798,1.2244049,1.4313978,-0.4887337,-0.25114897,-0.6984274,-0.75031364,-0.17065139
atac_E18_5-S1#ACTATGCACCGATTCC-1,-0.5272604,-0.33445287,-0.41517168,-0.5768754,-0.5016163,-0.5150798,-0.20146067,3.0919785,0.44683802,-0.46689942
atac_E18_5-S1#ACTATGCACGAACGCC-1,-0.44609055,-0.408753,-0.47942287,-0.35352057,-0.7506545,0.3615689,0.0759702,2.7175915,-0.10648938,-0.6101998
atac_E18_5-S1#ACTATGCACGACGCGA-1,1.7019677,-0.82073355,-0.3253004,1.9215868,-1.5067759,-0.8493916,1.3883264,-0.10706779,-0.7493498,-0.6532622
atac_E18_5-S1#ACTATGCACTAAGAGA-1,-1.1467451,0.06404982,-0.5014351,2.8263972,1.9475235,-0.6672966,-0.27599663,-0.8818348,-0.69847095,-0.6661912
atac_E18_5-S1#ACTATGCACTGATGGT-1,-1.0390496,-0.1494998,-0.1741901,2.144354,1.584198,-0.35808632,-0.1976358,-0.8820511,-0.7046596,-0.2233797
atac_E18_5-S1#ACTATGCACTTGCGCC-1,2.444106,-0.7056448,-1.4998226,2.9159122,1.708787,-0.8720725,-1.3851665,-0.8292027,-0.5740537,-1.2028422
atac_E18_5-S1#ACTATGCAGAAGATCG-1,-0.6839378,0.12512353,-0.94782674,-0.3069979,-0.8243313,1.5459145,-0.14110914,1.7618002,0.38221687,-0.910852
atac_E18_5-S1#ACTATGCAGACCTTGA-1,-0.16029616,-0.5060134,0.1008514,1.291684,-0.7606849,0.7279353,-0.44665474,0.85097593,-0.46646374,-0.63133365
atac_E18_5-S1#ACTATGCAGATACGGA-1,3.045585,-0.9146263,-1.0189874,2.8479402,-1.5440083,-1.0406147,0.6285135,-0.40743664,-0.77823293,-0.818132
atac_E18_5-S1#ACTATGCAGATCTTAC-1,-1.2987972,0.074443966,-0.24947895,2.318656,1.6915318,-0.41661236,-0.2897648,-0.78301585,-0.55835766,-0.48860496
atac_E18_5-S1#ACTATGCAGCAGGTCC-1,0.6849008,-0.71334106,-0.2962746,2.0979116,-0.64703184,-0.34145755,-0.47002828,0.73299104,-0.53286606,-0.5148043
atac_E18_5-S1#ACTATGCAGCCATTCT-1,-1.1924897,0.19822681,-0.3262088,2.4128428,1.5329084,-0.60462475,-0.25658795,-0.66165423,-0.63481545,-0.4675972
atac_E18_5-S1#ACTATGCAGCCGCAAC-1,2.426595,-1.2402034,-0.7325903,-0.14590718,2.586821,-1.1193733,-1.1703715,-0.9526969,-1.0380936,1.3858202
atac_E18_5-S1#ACTATGCAGCGTTGGA-1,-1.17937,0.14300127,-0.2982522,2.2940142,1.4070892,-0.19342707,-0.2345865,-0.6689719,-0.5465295,-0.7229675
atac_E18_5-S1#ACTATGCAGGCTGAGC-1,-0.3214208,-0.23816565,-0.5917904,0.04429695,-0.62601525,0.311965,-0.37070146,2.381636,-0.049453106,-0.54035115
atac_E18_5-S1#ACTATGCAGGTACTGC-1,-1.3548412,-0.06793637,-0.8491186,3.1861687,2.145165,-0.7138704,-0.3271553,-0.51522005,-0.611994,-0.8911977
atac_E18_5-S1#ACTATGCATAGAATTA-1,-1.3066257,-0.06655603,-0.8783581,3.1241,2.1242766,-0.8502722,-0.38057384,-0.4153742,-0.66143906,-0.68917775
atac_E18_5-S1#ACTATGCATAGAGTAA-1,1.7351444,-0.5939968,-0.8899868,2.4085689,-1.0562207,-0.61369383,-0.21510027,0.26896384,-0.4106577,-0.63302076
atac_E18_5-S1#ACTATGCATAGATCTA-1,2.963965,-0.81666213,-1.1266606,2.1972368,1.9109206,-1.0841634,-1.432517,-1.006087,-0.82131875,-0.7847133
atac_E18_5-S1#ACTATGCATCCTACCA-1,-1.4074581,0.052498758,-0.7207668,3.0618286,2.187689,-0.6177074,-0.29918706,-0.6499033,-0.61073,-0.99626404
atac_E18_5-S1#ACTATGCATCGGCCTT-1,1.6527052,-0.5369484,-0.6806393,1.9598563,-0.8167745,-0.67175806,-0.066826776,0.28417495,-0.44359583,-0.6801933
atac_E18_5-S1#ACTATGCATCTGATAC-1,0.29396728,0.15690732,-0.9516395,0.019307869,-0.75690013,1.2543051,-0.19421975,1.3418535,-0.17154045,-0.99204135
atac_E18_5-S1#ACTATGCATGAGTCTG-1,3.113812,-1.2959862,-1.1667162,1.3834649,2.9224162,-1.1348592,-1.7181737,-1.2143872,-0.9300738,0.04050345
atac_E18_5-S1#ACTATGCATGCCGGCA-1,2.1764603,-0.75701886,-0.48771667,1.9520009,-0.5852037,-0.836001,0.24397425,-0.58664966,-0.7152594,-0.40458614
atac_E18_5-S1#ACTATGCATGCGGACC-1,3.5019655,-0.7188781,-1.2618108,1.4005576,2.9205124,-1.1764308,-1.7660588,-1.2200687,-0.9603795,-0.71940917
atac_E18_5-S1#ACTATGCATGGTCAGC-1,3.1789823,-1.6497973,-0.5959555,2.6794033,-2.0183084,-1.5621043,2.7796187,0.015538275,-1.3073493,-1.5200272
atac_E18_5-S1#ACTATGCATTACCGAG-1,2.2240095,-1.0629601,-0.042035263,2.0238297,-1.7125496,-1.0347222,1.4259776,-0.14874102,-0.86905324,-0.8037556
atac_E18_5-S1#ACTATGCATTATCCGG-1,1.8859404,-0.52730775,-0.5574411,2.2569838,-0.5692781,-0.4316378,-0.7862619,-0.14528847,-0.50935376,-0.61635524
atac_E18_5-S1#ACTATGCATTATTCAT-1,3.0930777,-0.93063706,-1.0595543,2.4126527,0.56565684,-1.121546,-0.8329531,-0.7930993,-0.76483583,-0.568762
atac_E18_5-S1#ACTATGCATTGACTTC-1,-1.6259854,-0.06463097,-0.8115196,3.238093,2.5258484,-0.7039284,-0.32733187,-0.71390194,-0.66163135,-0.85501194
atac_E18_5-S1#ACTCAATAAACCTGCG-1,-0.6168299,0.07409159,-0.03432647,-0.93186635,-0.52284503,0.30764866,2.0051649,0.62682766,-0.04421243,-0.86365247
atac_E18_5-S1#ACTCAATAAAGAAGCT-1,-0.3203226,-0.20782512,-0.142856,1.2937702,-0.49088782,1.0475019,0.2046094,-0.7921911,-0.47440505,-0.1173938
atac_E18_5-S1#ACTCAATAAATTAAGA-1,0.25826097,-0.5223015,0.38336372,0.5108208,-0.42210636,0.27064952,0.7561454,-0.7383046,-0.6177281,0.121200085
atac_E18_5-S1#ACTCAATAACCGCCAA-1,-0.8705421,0.28978613,-1.2386215,0.06659718,-0.71735585,0.5500382,-0.37195215,2.1560795,0.7116981,-0.5757276
atac_E18_5-S1#ACTCAATAACGGAGGC-1,0.17614615,-0.5100907,0.54715526,1.286547,-0.52530724,-0.060741335,-0.05565749,-0.6626215,-0.59929943,0.40386933
atac_E18_5-S1#ACTCAATAACTATGCA-1,0.28885728,0.016049866,-0.16627674,0.059748504,0.26644534,0.15042935,0.8137843,-0.093793735,-0.57325035,-0.7619938
atac_E18_5-S1#ACTCAATAACTCAATA-1,-0.28304058,-0.31782025,-0.005333394,0.5194998,0.03063757,0.5979287,0.05740938,0.42378223,-0.7165128,-0.30655056
atac_E18_5-S1#ACTCAATAACTTAACC-1,-1.7517853,-0.8952158,-0.716922,-1.2554276,2.1356277,-1.525871,-1.5285177,3.0128531,-0.29653233,2.8217907
atac_E18_5-S1#ACTCAATAAGAACGTC-1,-0.6609504,-0.2005246,0.70830435,1.2083778,-0.51153785,0.18512137,-0.1380282,-0.23031798,-0.44828922,0.08784466
atac_E18_5-S1#ACTCAATAAGAGAAGG-1,-0.453567,0.16273576,0.25492796,0.40802526,-0.27739567,0.020713516,0.5748491,0.14280868,-0.7608865,-0.07221119
atac_E18_5-S1#ACTCAATAAGAGCTAT-1,-0.3212257,-0.46936968,-0.334296,0.91074485,0.35271695,0.52891356,-0.77665657,0.12428455,-0.67353386,0.6584218
atac_E18_5-S1#ACTCAATAATCATATT-1,-0.19161138,-0.46268836,0.750843,1.271305,-0.045645297,-0.7459021,0.14651404,-1.0256233,-0.79703844,1.099847
atac_E18_5-S1#ACTCAATACAACCGCT-1,-0.7515689,0.02922332,-0.40688512,-0.3490945,-0.5429493,0.74704725,0.4708718,1.4174169,0.15437257,-0.76843405
atac_E18_5-S1#ACTCAATACATACTCC-1,-0.55344206,-0.52317303,-0.12949003,0.19239926,-0.43897706,1.3105309,0.22979109,-0.23756877,-0.45583364,0.6057633
atac_E18_5-S1#ACTCAATACCAGTTCC-1,-1.7390549,-0.98494166,-0.26982206,-1.1096537,1.3120631,-0.67994446,-0.9527019,2.6106892,0.14703551,1.6663308
atac_E18_5-S1#ACTCAATACCGAGAAT-1,0.58426094,-0.34894747,-0.641128,0.7827539,0.6653144,0.7844599,-0.09022006,-0.6104117,-0.54292065,-0.5831612
atac_E18_5-S1#ACTCAATACCGATTCC-1,-0.63725597,-0.41171727,-0.6930426,-1.0463947,-0.8490192,0.22416142,1.1713485,2.6259668,0.5168244,-0.90087116
atac_E18_5-S1#ACTCAATACGACGCGA-1,0.29366148,-0.05735595,-0.36243212,0.35191786,0.1813432,0.7603141,0.8220104,-0.72262764,-0.7253997,-0.5414317
atac_E18_5-S1#ACTCAATACTAAGAGA-1,-0.45463157,-0.12533326,-0.33296502,0.25505528,-0.1829065,1.0049672,0.12090333,0.65527534,-0.26251584,-0.6778491
atac_E18_5-S1#ACTCAATACTGATGGT-1,0.5630476,-0.49589425,-0.40212137,0.9119978,0.34040987,0.71906,-0.0708942,-0.5018314,-0.5966034,-0.46717066
atac_E18_5-S1#ACTCAATACTTGCGCC-1,-0.529022,-0.12523463,-0.14365286,1.3992251,-0.86982024,1.1129619,-0.09689676,0.33180273,-0.4187934,-0.66056985
atac_E18_5-S1#ACTCAATAGAAGATCG-1,-0.20580563,-0.3067492,0.13101774,1.4280397,-0.6529712,0.011156298,-0.14315096,-0.50549334,-0.42204413,0.6660009
atac_E18_5-S1#ACTCAATAGACCTTGA-1,-0.852913,-0.17301096,-0.4433592,-0.010458726,-0.5841556,1.022855,0.19389856,1.4716455,-0.016418278,-0.6080833
atac_E18_5-S1#ACTCAATAGATACGGA-1,0.712828,-0.43390313,-0.02767263,0.3466102,-0.3304823,0.25366315,1.201562,-0.69504696,-0.638644,-0.3889144
atac_E18_5-S1#ACTCAATAGATCTTAC-1,-0.03563332,-0.5774731,-0.61461395,0.9697597,0.82618064,0.09177762,-0.7931898,-0.6018407,-0.6624104,1.397443
atac_E18_5-S1#ACTCAATAGCAGGTCC-1,-0.35440487,-0.3373726,-0.45466104,-0.5271621,-0.6130293,1.0227959,0.81629604,0.8886973,0.2881358,-0.7292953
atac_E18_5-S1#ACTCAATAGCCATTCT-1,-0.86737335,-0.022231529,-0.07628677,1.3974952,-0.61490476,1.0090225,0.3257314,0.20160453,-0.54242766,-0.8106295
atac_E18_5-S1#ACTCAATAGCCGCAAC-1,-0.28132862,0.036969822,0.2046163,1.0378659,0.32657653,0.42722088,0.13080423,-0.57888925,-0.5223619,-0.7814739
atac_E18_5-S1#ACTCAATAGCGTTGGA-1,-0.38458326,-0.27889687,0.07074103,0.8402441,0.28404158,0.54766554,-0.47879714,0.089117855,-0.52811664,-0.16141614
atac_E18_5-S1#ACTCAATAGCTAACTT-1,-0.079069346,-0.40284425,0.46624652,1.10079,-0.431869,-0.50869274,0.50402457,-0.83039826,-0.5956807,0.77749324
atac_E18_5-S1#ACTCAATAGGTACTGC-1,-0.47644088,-0.3092831,0.18975598,1.4677123,-0.13434817,0.061625626,-0.13761523,-0.046927713,-0.47287807,-0.1416007
atac_E18_5-S1#ACTCAATAGGTATGCT-1,-0.39070576,-0.21232231,-0.09628746,0.84376234,-0.6264143,0.38913885,0.43546805,-0.29955983,-0.6885127,0.6454332
atac_E18_5-S1#ACTCAATATAGAATTA-1,-0.20907824,-0.30530894,0.110701084,1.6818734,-0.35927588,0.0907222,-0.045222417,-0.08804548,-0.44812733,-0.42823845
atac_E18_5-S1#ACTCAATATAGAGTAA-1,-0.44695315,-0.30806947,-0.2668425,0.3449029,-0.4444051,0.877969,0.16075239,0.75360715,-0.23806056,-0.43290064
atac_E18_5-S1#ACTCAATATAGATCTA-1,0.47372392,-0.51255924,0.39058527,0.77766365,-0.5718645,0.11240488,0.7310134,-0.7071301,-0.6430257,-0.050811462
atac_E18_5-S1#ACTCAATATCCGGCCT-1,0.03207916,-0.39673385,0.37345394,0.45116633,-0.47722858,0.11837776,0.871887,-0.3266349,-0.45733637,-0.18903053
atac_E18_5-S1#ACTCAATATCCTACCA-1,0.16866669,-0.6227919,-0.44230673,0.55066746,0.5140545,0.36087587,-0.85488814,0.7028275,-0.6660754,0.28897026
atac_E18_5-S1#ACTCAATATCGGCCTT-1,-0.8347231,0.13026622,-0.57388264,0.61200726,-0.666829,1.2671193,-0.5421134,1.3507241,-0.14970061,-0.59286815
atac_E18_5-S1#ACTCAATATCTGATAC-1,0.48304054,-0.44730824,-0.07255847,0.932728,-0.78571546,0.16779988,0.63800395,-0.5214509,-0.52452755,0.12998822
atac_E18_5-S1#ACTCAATATGAGTCTG-1,0.7739161,-0.32057664,-0.46817786,0.8505795,0.60723954,0.40143856,-0.12147293,-0.35602984,-0.502862,-0.8640545
atac_E18_5-S1#ACTCAATATGCCGGCA-1,-0.4400953,-0.43112674,1.3919446,1.1579257,-0.7167945,-0.16861898,0.55156475,-0.9657349,-0.5262653,0.14720064
atac_E18_5-S1#ACTCAATATGCGGACC-1,0.27221078,-0.5257539,0.057511896,1.1227816,-0.20126598,0.20127222,0.07042151,-0.8311573,-0.5968714,0.43085068
atac_E18_5-S1#ACTCAATATGGTCAGC-1,0.21499492,-0.16067426,0.100289494,0.48950478,-0.13310076,0.21433754,0.6073905,-0.81485504,-0.6393786,0.12149138
atac_E18_5-S1#ACTCAATATTACCGAG-1,-0.62810206,-0.54330844,1.1482248,1.2785888,-0.5321216,-0.4052718,0.09692116,-1.0077333,-0.5907955,1.1835978
atac_E18_5-S1#ACTCAATATTATCCGG-1,1.0567604,-0.60236555,-0.06897417,0.20117886,-0.5895685,0.3406412,0.79047066,-0.16817315,-0.5534882,-0.40648165
atac_E18_5-S1#ACTCAATATTATTCAT-1,0.46039125,-0.42321977,0.6131774,0.38784364,-0.46293348,0.08200571,0.87119466,-0.8182978,-0.63813037,-0.072031245
atac_E18_5-S1#ACTCAATATTGACTTC-1,-0.88701105,-0.016976804,0.3665483,1.5646014,0.2351264,0.019747846,-0.17543177,-0.31880152,-0.4383914,-0.3494115
atac_E18_5-S1#ACTTAACCAACCTGCG-1,-0.37002638,-0.20693867,-0.43571112,0.13407664,-0.56114435,0.61792225,0.022278681,1.3003601,-0.051624242,-0.4491929
atac_E18_5-S1#ACTTAACCAAGAAGCT-1,0.61559534,-0.668805,-0.83716935,-0.9644377,-0.4654934,0.9399164,-1.0553156,1.0819032,0.7846389,0.5691675
atac_E18_5-S1#ACTTAACCAATTAAGA-1,0.14348024,-0.49291515,-0.0883,0.88698226,-0.23726669,0.4152604,-0.52787817,-0.38003948,-0.39865717,0.6793337
atac_E18_5-S1#ACTTAACCACGGAGGC-1,0.37774834,-0.28020918,-0.69624424,-0.18448201,-0.00034134835,0.82452565,0.7595581,0.3687544,-0.52899504,-0.6403146
atac_E18_5-S1#ACTTAACCACTATGCA-1,-0.22533953,-0.5087996,0.15062995,1.5685622,-0.90982354,-0.13949563,-0.14283234,-0.3403165,-0.43296534,0.98038036
atac_E18_5-S1#ACTTAACCACTCAATA-1,-0.4530363,-0.2898292,-1.3299048,0.9528703,0.1906351,-0.17513333,-1.2317245,2.1854517,-0.41993338,0.5706043
atac_E18_5-S1#ACTTAACCAGAACGTC-1,-0.566154,2.7868059,-1.0615045,-0.17167021,-0.8161427,-0.3567835,-1.1453027,1.8622528,0.24276705,-0.7742683
atac_E18_5-S1#ACTTAACCAGAGAAGG-1,1.7268538,-0.8480851,-1.3148805,-1.5496433,-1.5189245,-0.017958231,-1.149435,0.61071885,1.7539666,2.3073876
atac_E18_5-S1#ACTTAACCAGAGCTAT-1,-1.2540115,-0.4321279,-1.1024033,0.14470252,0.0039530396,0.08386485,-0.7025659,2.2093537,0.0106636435,1.0385706
atac_E18_5-S1#ACTTAACCATCATATT-1,0.24993053,-0.7458288,-0.30706385,0.98373836,0.29590315,-0.48922297,-0.92468446,-0.12693256,-0.7129231,1.7770836
atac_E18_5-S1#ACTTAACCCATACTCC-1,-0.7763015,-0.12947734,-0.46319866,-0.7406151,-0.55173695,0.8890875,0.5514327,1.1430568,0.7994326,-0.7216802
atac_E18_5-S1#ACTTAACCCCGAGAAT-1,-0.28003556,-0.21083307,0.07693418,1.0257522,-0.76502824,-0.32949167,0.371503,-0.82757956,-0.5205194,1.4592983
atac_E18_5-S1#ACTTAACCCGACGCGA-1,-0.8565605,-0.41593683,0.863473,1.7508492,-0.126069,-0.6035806,-0.32430214,-0.9446248,-0.56230414,1.2190557
atac_E18_5-S1#ACTTAACCCTAAGAGA-1,-1.3810766,1.2158062,-0.36844862,0.019821241,0.4793721,-0.61756516,-0.94860744,1.4242202,-0.5884978,0.7649758
atac_E18_5-S1#ACTTAACCCTGATGGT-1,1.2230892,-0.5270262,-0.65937984,0.6970233,-0.79082566,-0.52805585,0.7764923,-1.2593687,-0.55846405,1.6265154
atac_E18_5-S1#ACTTAACCCTTGCGCC-1,0.02054622,-0.15884957,-0.8288842,0.31098402,-0.33030897,0.7879637,-0.7964769,1.930863,-0.09857056,-0.83726674
atac_E18_5-S1#ACTTAACCGAAGATCG-1,-0.78116864,-0.455678,-0.8757232,-0.22864732,0.1936424,0.71187437,-1.0353845,1.4586645,-0.21218657,1.224607
atac_E18_5-S1#ACTTAACCGATACGGA-1,-0.8061248,-0.6386058,0.6998446,2.0113957,-1.098785,-0.24802293,-0.5470467,-0.6491852,-0.43529263,1.711823
atac_E18_5-S1#ACTTAACCGATCTTAC-1,-0.32808495,-0.071884245,-0.15996554,0.29625654,-0.28331122,0.70223224,0.86836797,0.001431983,-0.36353782,-0.661505
atac_E18_5-S1#ACTTAACCGCCATTCT-1,-0.5629238,-0.6055774,0.07852887,0.70528305,-0.4027213,-0.058794096,-0.55014706,2.2609673,-0.61635965,-0.24825571
atac_E18_5-S1#ACTTAACCGCCGCAAC-1,-0.4612198,0.23514849,-0.15754032,0.24659303,-0.009109307,0.69664085,0.47272187,-0.27488905,-0.53527504,-0.21307077
atac_E18_5-S1#ACTTAACCGCGTTGGA-1,-0.8853803,0.56126523,-0.3849017,0.17712083,-0.5533925,0.595105,-0.19913107,1.9275558,-0.34344602,-0.8947953
atac_E18_5-S1#ACTTAACCGCTAACTT-1,-0.12071708,-0.24225044,-0.36872843,0.82376784,-0.5092909,0.5917741,-0.20933035,0.6729332,-0.2503186,-0.38783938
atac_E18_5-S1#ACTTAACCGGTACTGC-1,-0.3752551,-0.46677327,-0.7271549,1.0488734,-0.66154706,0.47668585,-0.7173923,2.3563595,-0.19967651,-0.73411953
atac_E18_5-S1#ACTTAACCGGTATGCT-1,0.0120176,-0.23484859,-0.42055586,0.57893693,-0.35329714,0.4935824,-0.22286654,0.72400403,-0.23826957,-0.33870324
atac_E18_5-S1#ACTTAACCTAGAATTA-1,-0.44554788,-1.0062357,1.7359767,0.11503809,-0.5430496,-0.3714503,-0.60935754,2.5101397,-0.6405485,-0.74496484
atac_E18_5-S1#ACTTAACCTAGATCTA-1,0.10781536,-0.31024215,-0.08005719,-0.38735417,-0.1776793,0.6709131,1.2002699,-0.6189668,-0.49028888,0.085590065
atac_E18_5-S1#ACTTAACCTCCGGCCT-1,2.473211,-1.2339263,-1.48672,-1.6210616,-0.84849954,-0.016604517,-1.1702121,-0.61996347,1.61348,2.9102962
atac_E18_5-S1#ACTTAACCTCCTACCA-1,-0.89162755,-0.99084854,2.5662127,-1.2438935,-0.29473245,-0.71275365,-0.81022465,3.3627958,-0.37310272,-0.6118251
atac_E18_5-S1#ACTTAACCTCGGCCTT-1,-0.73272926,-0.6505319,-0.9154311,-0.7301564,-0.85117215,0.35301387,-0.7912738,2.0148041,3.214536,-0.9110592
atac_E18_5-S1#ACTTAACCTCTGATAC-1,-0.7401666,-0.43261075,0.09166625,1.8411213,0.23607008,-0.64343315,-0.34760588,-0.9071904,-0.7145073,1.6166567
atac_E18_5-S1#ACTTAACCTGAGTCTG-1,-0.15355907,-0.2164303,0.29077253,-0.4456444,-0.061057284,0.58819515,1.2518023,-0.32297614,-0.4813235,-0.4497792
atac_E18_5-S1#ACTTAACCTGCCGGCA-1,0.16806841,-0.66335434,0.11961855,1.0029219,-0.5910597,0.4152395,-0.28045788,-0.7488781,-0.5150236,1.0929251
atac_E18_5-S1#ACTTAACCTGCGGACC-1,0.32476836,-0.33079764,-0.15972757,-0.5589512,0.2075088,0.51937693,1.0815983,-0.3481645,-0.55384296,-0.18176845
atac_E18_5-S1#ACTTAACCTGGTCAGC-1,-0.046258993,-0.5652981,0.2958443,1.3252857,-0.36906293,-0.21781188,-0.28551742,-0.84392583,-0.5876935,1.2944385
atac_E18_5-S1#ACTTAACCTTACCGAG-1,0.51231503,-0.6997937,0.3757092,1.1005079,-0.18861812,-0.49028942,-0.27209094,-0.9157999,-0.7012337,1.2792937
atac_E18_5-S1#ACTTAACCTTATCCGG-1,-0.5715441,-0.70178294,0.20759031,1.4201685,0.18571992,-0.7577975,-0.6245456,-0.33631203,-0.7259782,1.9044816
atac_E18_5-S1#ACTTAACCTTATTCAT-1,-0.23814173,-0.4671421,0.29524764,1.0828477,-0.8168132,0.09684937,0.0031408668,-0.64017576,-0.3724292,1.0566163
atac_E18_5-S1#ACTTAACCTTGACTTC-1,-0.50047827,-0.6542543,0.537948,0.5534055,-0.5749123,0.14522716,-0.418487,2.1769595,-0.6944083,-0.57099986
atac_E18_5-S1#AGAACGTCAACCTGCG-1,-1.2318007,-0.0872564,0.2877382,2.3555992,0.2779665,-0.74481446,-0.2375676,-1.0901873,-0.65023357,1.1205565
atac_E18_5-S1#AGAACGTCAAGAAGCT-1,-0.6476727,-0.47053403,-0.1531318,1.4053355,-0.49956977,0.59178525,-0.6683823,-0.34590077,-0.461331,1.2494016
atac_E18_5-S1#AGAACGTCAATTAAGA-1,-0.24363482,-0.17970875,-0.067464754,0.106480084,0.09392431,-0.31297255,-0.15904576,0.4142403,-0.6146048,0.9627867
atac_E18_5-S1#AGAACGTCACGGAGGC-1,-0.16046311,-0.29426715,-0.5853801,0.24550681,-0.705762,1.5926187,0.25972477,0.77312267,-0.3133422,-0.8117584
atac_E18_5-S1#AGAACGTCACTATGCA-1,0.3863652,-0.26774576,0.030544179,0.3001399,0.4139612,0.49070254,0.25962904,-0.92606276,-0.7792241,0.091690496
atac_E18_5-S1#AGAACGTCACTCAATA-1,-0.03565516,-0.062171437,-0.56203324,-0.08406903,-0.62425137,1.1362262,1.1969622,0.105658635,-0.38143426,-0.6892325
atac_E18_5-S1#AGAACGTCAGAACGTC-1,-1.7022123,-1.2756367,-0.15184356,-1.1533095,1.3665197,-1.2238388,-0.9056457,3.1627228,-0.16117102,2.0444148
atac_E18_5-S1#AGAACGTCAGAGAAGG-1,-0.3814785,-0.41593322,0.280414,1.7141161,-0.10481214,0.41258904,-0.47190386,-0.47902137,-0.5662252,0.012255117
atac_E18_5-S1#AGAACGTCAGAGCTAT-1,-0.5150773,-0.06282242,-0.7757848,0.31922296,-0.879573,1.4140036,-0.28081995,1.8424191,-0.19642885,-0.8651395
atac_E18_5-S1#AGAACGTCATCATATT-1,-0.78093064,-0.7424325,0.22537045,1.9302013,0.9116598,-1.0235876,-0.6858252,-1.0512314,-1.0362873,2.2530632
atac_E18_5-S1#AGAACGTCCATACTCC-1,-1.1008227,-0.41632995,0.75975865,1.8559335,-0.51429915,-0.24290769,-0.25678897,-0.5338473,-0.5064591,0.9557627
atac_E18_5-S1#AGAACGTCCCGAGAAT-1,-0.63738096,-0.07001718,-0.6658353,0.39371628,-0.17941388,1.6253737,-0.319298,0.8907786,-0.2544269,-0.7834963
atac_E18_5-S1#AGAACGTCCGACGCGA-1,0.3821389,-0.27633741,0.04104253,0.44541362,0.17208311,0.18490674,0.26619384,-0.8770401,-0.8278196,0.4894185
atac_E18_5-S1#AGAACGTCCTAAGAGA-1,-0.37503076,-0.08588252,-0.38175997,-0.119233645,-0.716599,0.78434706,1.1215785,0.62438846,-0.16127172,-0.6905362
atac_E18_5-S1#AGAACGTCCTGATGGT-1,-0.005555302,-0.43751213,-0.7293487,1.8490402,0.7178667,0.43628943,-0.48781168,-0.11791158,-0.5136546,-0.7114023
atac_E18_5-S1#AGAACGTCCTTGCGCC-1,-1.8530072,-1.1072892,-0.8349769,-1.1718956,2.2161865,-1.4878961,-1.5483079,3.2064567,-0.32983893,2.9105687
atac_E18_5-S1#AGAACGTCGAAGATCG-1,-0.22009398,-0.6741494,0.23074278,1.612476,-0.9603824,-0.055551384,-0.4548213,-0.5395467,-0.4568439,1.5181704
atac_E18_5-S1#AGAACGTCGACCTTGA-1,-1.1888819,-0.90021443,3.6454554,-1.1474617,-0.72021705,-1.0647007,-1.2513773,3.9412007,-0.516976,-0.7968269
atac_E18_5-S1#AGAACGTCGATACGGA-1,0.4830495,-0.60501826,0.19643164,0.8533835,-0.24557453,0.13685763,-0.15030721,-0.48064145,-0.70992315,0.52174234
atac_E18_5-S1#AGAACGTCGATCTTAC-1,-0.8760428,0.13075419,-0.9077513,0.7798304,-0.40321055,0.917213,-1.0242453,1.860475,0.30124962,-0.7782722
atac_E18_5-S1#AGAACGTCGCAGGTCC-1,-0.8895203,-1.0876142,2.907868,-0.96687484,-0.33265072,-0.7031326,-1.1533945,3.4015102,-0.49693486,-0.6792561
atac_E18_5-S1#AGAACGTCGCCATTCT-1,-1.9201035,-1.1223814,-0.5257124,-1.1365489,1.405996,-1.3542385,-1.3580693,3.5687878,0.103158504,2.339112
atac_E18_5-S1#AGAACGTCGCCGCAAC-1,-0.57890034,0.3417509,-0.53101933,0.122368656,-0.14860211,1.2301993,0.51409674,0.14573595,-0.30483773,-0.7907921
atac_E18_5-S1#AGAACGTCGCGTTGGA-1,-1.159551,0.7272938,-0.6228983,0.33477256,-0.21507835,0.90540534,-0.5925918,1.6505222,-0.2982712,-0.72960323
atac_E18_5-S1#AGAACGTCGCTAACTT-1,-0.6715981,-0.09729543,0.08293506,1.5345068,-0.5575815,-0.13072933,0.23983231,-0.66273713,-0.34764415,0.6103114
atac_E18_5-S1#AGAACGTCGGTACTGC-1,-1.8618382,-1.0206878,-0.75037956,-1.541554,2.1784573,-1.6260033,-1.6171628,3.72799,-0.35801762,2.869196
atac_E18_5-S1#AGAACGTCGGTATGCT-1,-0.9208565,-0.2283107,0.44091302,2.572136,0.32364738,-0.9499248,-0.6104132,-1.1513869,-0.8869059,1.4111019
atac_E18_5-S1#AGAACGTCTAGAATTA-1,-1.9146825,-1.2269765,-0.8391019,-1.7913972,2.7103615,-2.0610247,-1.925393,3.8531883,-0.23554094,3.4305673
atac_E18_5-S1#AGAACGTCTAGAGTAA-1,-1.202702,-0.91840565,3.8548148,-1.5600549,-0.81803,-1.0453265,-1.268121,4.195419,-0.55209655,-0.6854968
atac_E18_5-S1#AGAACGTCTAGATCTA-1,-1.1757685,0.62003267,-0.3034482,-0.27183902,-0.62511384,0.6001163,-0.06716943,1.1131454,0.17641099,-0.066366345
atac_E18_5-S1#AGAACGTCTCCGGCCT-1,-0.6512074,-0.22586033,0.17430303,0.5449955,-0.44283295,0.7886426,0.22988333,0.19871722,-0.4625323,-0.15410864
atac_E18_5-S1#AGAACGTCTCCTACCA-1,-0.91224927,0.24296027,0.053965956,-0.7516859,-0.7523149,0.80105615,1.4063756,0.95881,-0.20958307,-0.8373351
atac_E18_5-S1#AGAACGTCTCGGCCTT-1,-0.86759007,-1.2093705,2.9371805,-1.5795943,0.12188363,-0.75689304,-1.1899303,3.5050123,-0.5941889,-0.3665092
atac_E18_5-S1#AGAACGTCTCTGATAC-1,-1.1671759,-0.57550377,1.3130217,2.3388724,-1.1422791,-0.5372809,-0.02535402,-0.67810005,-0.61256754,1.0863672
atac_E18_5-S1#AGAACGTCTGAGTCTG-1,0.24673703,-0.36395845,-0.6808328,0.9891627,0.57510203,0.7786526,-0.61232543,0.28909865,-0.46395513,-0.757681
atac_E18_5-S1#AGAACGTCTGCCGGCA-1,0.7558046,-0.65919256,-0.5141641,0.19111454,0.76945305,0.28962213,-0.94644046,-0.5435464,-0.6052455,1.2625946
atac_E18_5-S1#AGAACGTCTGCGGACC-1,0.717476,-0.17665492,-0.7254341,-0.6851377,0.38184905,1.0115236,0.2796681,0.14129472,-0.5512946,-0.3932901
atac_E18_5-S1#AGAACGTCTGGTCAGC-1,-0.7521156,-0.31595093,0.5345375,1.6078706,-0.0074092075,-0.5355361,-0.0824698,-0.89034116,-0.6031798,1.0445945
atac_E18_5-S1#AGAACGTCTTACCGAG-1,-1.0619818,-0.5072151,0.84201646,1.7631198,-0.017113017,-0.87015986,-0.57598805,-0.5303508,-0.7377339,1.6954063
atac_E18_5-S1#AGAACGTCTTATCCGG-1,-1.1997174,-0.55623174,0.8679336,2.170987,-0.5487964,-0.74755484,-0.3988329,-0.7104984,-0.72446316,1.8471743
atac_E18_5-S1#AGAACGTCTTATTCAT-1,0.28530782,-0.3592357,-0.9166318,-0.34146884,0.829128,0.7144229,-0.72116613,0.32211623,-0.6785238,0.8660512
atac_E18_5-S1#AGAACGTCTTGACTTC-1,-1.1659616,-0.05817871,-0.9676692,1.1041187,-0.8357622,0.5806986,-0.8791144,2.3304834,0.07242015,-0.1810346
atac_E18_5-S1#AGAGAAGGAATTAAGA-1,-0.2168882,-0.34565222,-0.14173582,1.066021,0.015418883,0.6840302,-0.23675956,-0.042138964,-0.44746536,-0.33482993
atac_E18_5-S1#AGAGAAGGACCGCCAA-1,-0.7662444,-0.6663411,0.0012649968,-0.6129975,-0.87304354,0.17722867,0.44026825,3.0515418,-0.03713061,-0.71454644
atac_E18_5-S1#AGAGAAGGACGGAGGC-1,-0.7313853,0.32944784,-0.7660514,1.2914747,-0.14937587,0.6950399,-0.7963888,1.7165575,-0.5536084,-1.0357102
atac_E18_5-S1#AGAGAAGGACTCAATA-1,2.2303953,-0.885282,-0.2839947,1.8866578,-1.313811,-0.91314715,1.1788626,-0.24788114,-0.7257497,-0.9260502
atac_E18_5-S1#AGAGAAGGACTTAACC-1,-0.8446694,-0.45025146,-0.65520895,0.8868331,-0.97437525,1.3265446,-0.81981754,2.2320263,0.06096128,-0.76204276
atac_E18_5-S1#AGAGAAGGAGAACGTC-1,3.155306,-0.80053216,-0.9030651,2.8920183,-1.0755396,-0.8651035,-0.5068058,-0.48874694,-0.6074967,-0.8000344
atac_E18_5-S1#AGAGAAGGAGAGCTAT-1,2.5620558,-0.84378165,-0.64194596,2.2983718,-1.2864456,-0.80917346,0.610024,-0.5931277,-0.6547342,-0.6412429
atac_E18_5-S1#AGAGAAGGATAAGGAG-1,-0.55135703,-0.21034528,-0.47121572,0.06675033,-0.16467877,0.8220334,-0.05567828,1.0161685,0.07557124,-0.52724814
atac_E18_5-S1#AGAGAAGGATCATATT-1,0.9434161,-0.50694835,-0.54431427,0.6169553,-0.026268177,0.61373913,-0.28780812,0.4228549,-0.454701,-0.7769257
atac_E18_5-S1#AGAGAAGGCAACCGCT-1,-0.8289305,-0.14028095,-0.4170161,-0.29994705,-0.47826496,0.9286673,0.3368334,1.2415651,0.34570634,-0.6883327
atac_E18_5-S1#AGAGAAGGCCAGTTCC-1,-0.8599802,-0.74995923,-1.0758739,1.4837734,-1.4536477,0.374268,-0.83663344,3.33599,0.21670762,-0.43464443
atac_E18_5-S1#AGAGAAGGCCGAGAAT-1,3.1316814,-0.82074034,-0.9273821,2.9684916,-1.5421109,-0.97005796,-0.0017884038,-0.5162044,-0.67544127,-0.6464479
atac_E18_5-S1#AGAGAAGGCCGATTCC-1,-0.8328097,-0.28119135,-0.62882596,-0.3129215,-0.9100345,0.63579637,-0.090730585,2.845998,0.27145278,-0.6967336
atac_E18_5-S1#AGAGAAGGCGAACGCC-1,-0.6807202,-0.28098327,-0.47233206,-0.31004715,-0.4510562,0.61923057,-0.120907344,1.9002367,0.30660045,-0.5100216
atac_E18_5-S1#AGAGAAGGCTAAGAGA-1,1.7414436,-0.5850781,-0.6965891,1.6536468,-1.1712058,-0.52299255,0.8002538,-0.10633482,-0.4895898,-0.6235541
atac_E18_5-S1#AGAGAAGGCTGATGGT-1,2.425386,-0.79567295,-0.7813104,2.345143,-1.2029822,-0.84841675,0.38368133,-0.26063156,-0.62995857,-0.635238
atac_E18_5-S1#AGAGAAGGCTTGCGCC-1,1.9061577,-0.6947738,-0.3182611,1.6501129,-1.0009074,-0.7202513,0.3984443,-0.2625596,-0.58077824,-0.37718332
atac_E18_5-S1#AGAGAAGGGACCTTGA-1,-0.5146902,-0.14671358,-0.44580758,0.7747211,-0.060981303,0.66245663,-0.21710123,0.50930697,-0.105066046,-0.45612484
atac_E18_5-S1#AGAGAAGGGATCTTAC-1,2.5015042,-0.79225236,-0.6556256,2.416152,-1.227999,-0.791157,0.57557684,-0.58250976,-0.6056455,-0.8380441
atac_E18_5-S1#AGAGAAGGGCAGGTCC-1,-0.4384803,-0.22701336,-0.48273352,-0.36165935,-0.36291337,0.6672523,0.023103833,1.4966885,0.30564997,-0.61989474
atac_E18_5-S1#AGAGAAGGGCCATTCT-1,1.7686375,-0.5199101,-0.6848438,1.4677964,-0.97299826,-0.38240805,0.63138545,0.13653159,-0.47238538,-0.9718056
atac_E18_5-S1#AGAGAAGGGCCGCAAC-1,3.0447946,-0.7597454,-0.94771177,3.014214,-1.1909844,-1.0525281,-0.0927012,-0.59359634,-0.65016615,-0.77157503
atac_E18_5-S1#AGAGAAGGGCGTTGGA-1,2.4836686,-0.95461226,-0.35658544,2.1672628,-1.6697394,-0.9171264,1.478803,-0.6100383,-0.81991833,-0.8017141
atac_E18_5-S1#AGAGAAGGGGCTGAGC-1,-0.76229674,-0.22618842,-0.58050644,-0.18558934,-0.4989719,0.77014595,0.012642447,1.7025948,0.3023995,-0.5342298
atac_E18_5-S1#AGAGAAGGGGTACTGC-1,2.0118306,-0.60534775,-0.66805375,1.8187606,-1.0014069,-0.45228413,0.38397634,0.11683743,-0.50052536,-1.1037873
atac_E18_5-S1#AGAGAAGGTAGAATTA-1,1.9593575,-0.7468039,-0.5328581,1.8466845,-1.1941752,-0.5408999,0.9494785,-0.09052495,-0.63358724,-1.0166713
atac_E18_5-S1#AGAGAAGGTAGAGTAA-1,-0.737844,-0.002343433,-0.48459503,0.40170473,-0.017555978,1.0022662,-0.075897306,0.36710954,-0.058135863,-0.39470887
atac_E18_5-S1#AGAGAAGGTAGATCTA-1,-0.6089778,0.032550223,-0.8541882,1.3126583,0.013602331,1.2068549,-1.1632985,1.6753038,-0.3990769,-1.2154281
atac_E18_5-S1#AGAGAAGGTCCTACCA-1,2.6749985,-0.8548707,-0.62775177,2.4186661,-1.2843847,-0.9881149,0.72654206,-0.5853819,-0.70901626,-0.7706865
atac_E18_5-S1#AGAGAAGGTCGGCCTT-1,1.4053952,-0.19591005,-1.0087659,1.5768809,-0.6537889,-0.3191297,-0.08479759,0.1712519,-0.0924927,-0.7986431
atac_E18_5-S1#AGAGAAGGTGAGTCTG-1,2.194052,-0.6528699,-0.89922076,2.4022255,-0.34663486,-0.86153495,-0.2019494,-0.5194645,-0.5880194,-0.5265837
atac_E18_5-S1#AGAGAAGGTGCCGGCA-1,0.04691837,-0.39387986,-0.30057558,1.1160322,-0.13580865,0.721322,-0.16632722,-0.13757633,-0.47862595,-0.27147904
atac_E18_5-S1#AGAGAAGGTGCGGACC-1,0.37316814,0.09478552,-0.89710885,1.1905606,0.46442154,-0.12734696,-0.57690185,0.5603935,-0.44923192,-0.63273966
atac_E18_5-S1#AGAGAAGGTTACCGAG-1,0.076458625,-0.40099117,-0.47814482,1.46203,0.11133697,0.62385964,-0.45367453,-0.1674603,-0.4505356,-0.3228789
atac_E18_5-S1#AGAGAAGGTTATTCAT-1,0.6836195,-0.45012438,-0.5216169,1.1807947,0.1345146,0.50577736,-0.58460873,0.05780497,-0.4420455,-0.5641157
atac_E18_5-S1#AGAGAAGGTTGACTTC-1,2.2943606,-0.92786545,-0.49193585,2.0753899,-1.5173888,-0.85742277,1.4944936,-0.47418785,-0.7823511,-0.8130923
atac_E18_5-S1#AGAGCTATAACCTGCG-1,-0.8251535,0.14043956,0.6168525,0.96510035,-0.8030103,-0.13383563,0.1840089,-0.11058347,-0.32128903,0.28747058
atac_E18_5-S1#AGAGCTATAAGAAGCT-1,-0.60122967,-0.4797147,0.3410448,1.858529,-0.44723123,0.71181905,-0.5007862,-0.368111,-0.537642,0.023321835
atac_E18_5-S1#AGAGCTATAATTAAGA-1,0.1342975,-0.43097422,0.83154166,0.9673401,0.15107252,-0.19617277,0.2836684,-1.268018,-0.84118795,0.36843276
atac_E18_5-S1#AGAGCTATACGGAGGC-1,0.51626134,-0.23899996,-0.35750747,0.3281236,0.2790035,0.8457464,0.24776423,-0.1392939,-0.6244892,-0.8566085
atac_E18_5-S1#AGAGCTATACTATGCA-1,-0.64002085,-0.45498085,0.57862836,1.2684722,0.014867108,-0.43877667,-0.12213844,-0.8174388,-0.7034847,1.3148729
atac_E18_5-S1#AGAGCTATACTCAATA-1,-0.6329726,-0.35383618,-0.39204124,0.76573026,0.5527353,0.5170132,-0.504897,0.23445445,-0.5599922,0.37380615
atac_E18_5-S1#AGAGCTATACTTAACC-1,-1.6950308,-0.9087503,-0.53269184,-1.3288428,1.4789208,-0.888642,-1.3502188,2.832274,0.2179195,2.1750622
atac_E18_5-S1#AGAGCTATAGAACGTC-1,-0.7679261,-0.14945312,0.15722634,0.5518888,-0.60717577,0.72856086,0.11142754,1.0121715,-0.3393052,-0.6974149
atac_E18_5-S1#AGAGCTATAGAGAAGG-1,-1.0080044,-0.49243343,0.9145571,1.6760151,0.15545446,-0.91779983,-0.44271675,-0.9690799,-0.79967296,1.8836806
atac_E18_5-S1#AGAGCTATAGAGCTAT-1,-0.44556475,0.62688327,-0.68645686,0.5537084,0.056092773,0.77634406,0.19588558,0.46486717,-0.63272405,-0.9090355
atac_E18_5-S1#AGAGCTATATCATATT-1,0.44148076,-0.15509686,-0.5051442,0.7342224,0.3516293,0.80093753,0.36102262,-0.8569858,-0.6629443,-0.50912136
atac_E18_5-S1#AGAGCTATCAACCGCT-1,-1.7892542,-1.0467426,-0.700744,-0.9737185,1.8508586,-1.1362387,-1.508041,2.972289,-0.07614801,2.4077396
atac_E18_5-S1#AGAGCTATCATACTCC-1,-0.7912345,-0.40750217,0.6763157,1.603192,0.28358048,0.024325887,-0.3600983,-1.1402173,-0.74182975,0.8534679
atac_E18_5-S1#AGAGCTATCCAGTTCC-1,-1.468014,-0.8361674,-0.52058554,-1.2644176,-0.18176207,-0.27089396,0.38088977,3.1684551,0.10983443,0.8826612
atac_E18_5-S1#AGAGCTATCCGAGAAT-1,-0.09013356,-0.4766224,-0.7023087,1.6311764,0.64200366,0.82989335,-0.5654929,0.0052425154,-0.5273233,-0.7464348
atac_E18_5-S1#AGAGCTATCGACGCGA-1,0.124579035,-0.42729798,0.5465005,0.5939302,0.22533154,-0.04006651,0.26701695,-1.2013041,-0.7695526,0.6808629
atac_E18_5-S1#AGAGCTATCTAAGAGA-1,-0.5831104,0.20025164,-0.03718181,-0.83914965,0.36434695,0.65929294,0.54182005,0.47925442,-0.5602861,-0.22523788
atac_E18_5-S1#AGAGCTATCTGATGGT-1,-0.11100195,-0.5705908,-0.5959446,1.0749447,1.0363748,0.1751531,-0.7486931,-0.5639187,-0.67327946,0.976956
atac_E18_5-S1#AGAGCTATCTTGCGCC-1,-0.5596806,-0.26334256,-0.39564836,1.2470992,0.07376063,0.6656155,-0.44911256,0.75791526,-0.31977066,-0.756836
atac_E18_5-S1#AGAGCTATGAAGATCG-1,-0.48764586,0.18501404,-0.22684348,0.8566866,0.05408425,1.0690777,0.8471372,-1.087437,-0.67934865,-0.5307248
atac_E18_5-S1#AGAGCTATGACCTTGA-1,-1.8744862,-0.5685611,-0.84089357,-1.1647052,1.6388856,-1.2491033,-1.5867581,2.9907277,0.1982366,2.4566574
atac_E18_5-S1#AGAGCTATGATACGGA-1,0.54946965,-0.49920657,-0.66922915,0.1675658,0.03355903,1.5407625,0.32904342,-0.4461899,-0.4326099,-0.57316494
atac_E18_5-S1#AGAGCTATGATCTTAC-1,-0.3786698,-0.41821516,-0.69804275,1.917804,0.9612343,0.54256433,-0.44620228,-0.20319897,-0.58319885,-0.69407475
atac_E18_5-S1#AGAGCTATGCAGGTCC-1,-0.90590674,0.093612865,-0.30738738,-0.6166405,-0.03821896,0.7580523,0.8459246,0.610116,0.09120801,-0.53076017
atac_E18_5-S1#AGAGCTATGCCATTCT-1,-1.0859485,-0.07989148,-0.6576008,-0.0044846497,-0.37528017,0.9836676,-0.5709499,1.3587794,-0.061100334,0.49280897
atac_E18_5-S1#AGAGCTATGCCGCAAC-1,-0.9754003,0.036109123,0.34579986,1.5732627,0.5919565,0.02446841,-0.40691626,-0.20922361,-0.46581703,-0.51423925
atac_E18_5-S1#AGAGCTATGCGTTGGA-1,-0.7484478,-0.44602373,-0.18332912,0.36829078,0.032486666,0.9738802,-0.82090616,0.5170318,-0.3858364,0.6928537
atac_E18_5-S1#AGAGCTATGCTAACTT-1,-0.71908486,-0.3284061,0.50508815,1.2717818,-0.108648054,-0.5061569,-0.07382152,-0.6636235,-0.6826091,1.3054799
atac_E18_5-S1#AGAGCTATGGTACTGC-1,-0.62096,-0.07895768,-0.074965045,0.110371076,-0.6391991,0.8842208,0.44687563,1.3418695,-0.47128436,-0.897971
atac_E18_5-S1#AGAGCTATGGTATGCT-1,-1.0245671,-0.14174004,0.5459935,1.3841581,-0.3641509,-0.2334338,-0.11670332,-0.12004869,-0.5524108,0.6229032
atac_E18_5-S1#AGAGCTATTAGAATTA-1,-1.294238,0.54242307,-0.8223919,0.9873652,-0.66768605,1.8836331,-0.79546404,1.2719468,-0.20269397,-0.9028942
atac_E18_5-S1#AGAGCTATTAGAGTAA-1,-0.8712565,0.4665372,-0.28562945,-0.8504778,-0.45317158,0.84776556,1.1766028,1.1525279,-0.13674115,-1.0461571
atac_E18_5-S1#AGAGCTATTAGATCTA-1,0.0829736,-0.24606049,0.6498867,0.28463846,-0.29738924,0.007245954,1.1638509,-1.0663861,-0.61656237,0.037802562
atac_E18_5-S1#AGAGCTATTCCGGCCT-1,-0.92229044,-0.48051208,0.7120284,1.9544795,-0.2327132,-0.15878591,-0.7429696,-0.4228151,-0.5776529,0.87123144
atac_E18_5-S1#AGAGCTATTCCTACCA-1,-0.4694966,-0.6230949,-0.40250146,0.42433223,0.8503363,-0.41316757,-1.014184,0.6565992,-0.58619857,1.5773752
atac_E18_5-S1#AGAGCTATTCGGCCTT-1,-0.7029521,0.17546667,-0.20948777,-0.20896286,-0.5911332,0.9470618,1.0450035,0.5366629,-0.092073314,-0.89958584
atac_E18_5-S1#AGAGCTATTCTGATAC-1,0.77449024,0.023690635,-0.20395686,0.40104014,-0.5105416,0.24423324,1.4638802,-0.9455168,-0.66800326,-0.5793158
atac_E18_5-S1#AGAGCTATTGAGTCTG-1,-0.20334834,-0.35946867,-0.48853722,1.960562,0.94923073,0.6944664,-0.4993269,-0.5936157,-0.63153297,-0.82842916
atac_E18_5-S1#AGAGCTATTGCCGGCA-1,0.023871657,-0.1259022,0.587577,0.69188297,0.073522836,0.14459392,0.45166278,-0.7710081,-0.7892598,-0.2869411
atac_E18_5-S1#AGAGCTATTGCGGACC-1,0.095249854,-0.26212403,0.19322664,0.79458314,0.40297368,0.39878526,0.29340336,-0.67632216,-0.8598988,-0.37987697
atac_E18_5-S1#AGAGCTATTGGTCAGC-1,-0.46075872,0.15429547,0.081614904,0.89667803,0.09758571,0.5051246,0.22752905,-0.7720734,-0.631856,-0.09813977
atac_E18_5-S1#AGAGCTATTTACCGAG-1,0.24677734,0.012125028,-0.63608634,0.73223126,-0.04146348,1.164461,0.23620301,-0.70281655,-0.56825244,-0.44317883
atac_E18_5-S1#AGAGCTATTTATCCGG-1,0.1441685,-0.27700204,0.24063666,0.006057713,-0.32601994,0.24754842,1.4361722,-0.5913581,-0.41997564,-0.4602278
atac_E18_5-S1#AGAGCTATTTATTCAT-1,-0.45905167,-0.2420844,0.9442561,1.4597229,0.39171666,-0.403236,0.34246638,-1.4157317,-0.84141093,0.22335252
atac_E18_5-S1#AGAGCTATTTGACTTC-1,-0.7013793,-0.13439402,-0.3216235,-0.24960414,-0.08795386,1.0988338,0.04678616,0.2828257,-0.448278,0.51478714
atac_E18_5-S1#ATAAGGAGAACCTGCG-1,-1.080615,-0.22647503,-0.56929463,-0.94315565,-0.95805085,0.5561039,0.4324506,2.0768993,1.7589874,-1.0468498
atac_E18_5-S1#ATAAGGAGAAGAAGCT-1,-0.16247064,-0.25720894,-0.3428548,-0.47375613,-0.39094383,1.0458862,1.4085512,-0.8802365,-0.31410074,0.3671342
atac_E18_5-S1#ATAAGGAGAATTAAGA-1,-0.3436113,-0.6000523,0.014358356,0.73657376,0.03458561,0.13852428,-0.31113368,-0.39072904,-0.6324639,1.3539481
atac_E18_5-S1#ATAAGGAGACGGAGGC-1,-0.5892042,-0.67386866,0.50474674,1.4134314,0.090211466,-0.9495504,-0.5089462,-0.41526338,-0.68046135,1.8089046
atac_E18_5-S1#ATAAGGAGACTATGCA-1,1.5458527,-1.1601504,-0.55402166,0.284929,1.0952986,-1.5279818,-0.7933301,-0.6351805,-1.1594499,2.904034
atac_E18_5-S1#ATAAGGAGACTCAATA-1,-1.0061255,-0.016459577,-0.70804095,-0.15967578,0.3610436,0.16817975,-0.7858948,1.5696974,-0.41068166,0.9879574
atac_E18_5-S1#ATAAGGAGAGAGAAGG-1,-0.04744883,-0.41196948,-0.105313405,0.6932653,0.25515616,0.30157077,-0.053368837,-0.7686008,-0.6958984,0.8326074
atac_E18_5-S1#ATAAGGAGAGAGCTAT-1,-0.48991787,-0.15025923,-0.37944287,0.7638847,0.2278929,0.65637887,-0.3210753,0.44548267,-0.2503567,-0.5025872
atac_E18_5-S1#ATAAGGAGATCATATT-1,-0.23527688,-0.14887032,0.15310866,0.6024482,0.092324965,0.22202796,0.3017767,-0.88701475,-0.8235573,0.7230328
atac_E18_5-S1#ATAAGGAGCATACTCC-1,0.7310727,-0.7684276,-0.5731522,0.5995898,0.98331887,-0.76291233,-0.57778674,-0.8536564,-0.81770605,2.03966
atac_E18_5-S1#ATAAGGAGCCGAGAAT-1,-0.5798793,-0.53142923,0.07005781,0.92010295,0.46652105,-0.4686128,-0.5787888,-0.09486845,-0.67202896,1.4689258
atac_E18_5-S1#ATAAGGAGCGACGCGA-1,0.96263933,-1.2054249,-0.8222345,-0.5372472,1.9242594,-0.8314253,-1.2792591,0.3497563,-1.0122225,2.4511585
atac_E18_5-S1#ATAAGGAGCTAAGAGA-1,-1.4302406,1.123817,0.60994136,-0.78960603,0.60275686,-0.97470653,-0.4963936,1.3902092,-0.745396,0.7096184
atac_E18_5-S1#ATAAGGAGCTGATGGT-1,-0.19215763,-0.77134025,-0.26952636,0.2836799,1.3015724,-0.94908583,-0.5464698,0.21667226,-0.9600687,1.886724
atac_E18_5-S1#ATAAGGAGCTTGCGCC-1,-0.6820776,-0.37307265,-0.5613041,1.4480069,-0.11395615,0.66942894,-0.4957903,1.182833,-0.29504767,-0.77902025
atac_E18_5-S1#ATAAGGAGGAAGATCG-1,0.4936471,-0.58418185,-0.21433654,-0.583696,0.35781494,0.54260814,0.7358201,-0.98105556,-0.5098886,0.7432682
atac_E18_5-S1#ATAAGGAGGATACGGA-1,0.40669617,-0.46618387,-0.48608974,0.36892578,0.3448021,0.33343202,0.0035570078,-0.90099335,-0.7347537,1.1306076
atac_E18_5-S1#ATAAGGAGGATCTTAC-1,-0.5217498,-0.72713673,0.18252626,0.30245167,-0.5933693,0.31050098,0.22518486,2.4183242,-0.7029742,-0.89375806
atac_E18_5-S1#ATAAGGAGGCCATTCT-1,-0.8123326,-0.34791386,-0.696239,1.3559635,-0.33211058,0.740096,-0.6211255,1.880656,-0.303431,-0.8635631
atac_E18_5-S1#ATAAGGAGGCCGCAAC-1,-0.73053724,-0.2686952,0.156487,1.7383558,0.26923606,-0.6584248,-0.09971264,-1.0377814,-0.71546364,1.346536
atac_E18_5-S1#ATAAGGAGGCGTTGGA-1,-0.87136245,-0.9687629,3.2277484,-1.4048156,-0.76175755,-0.68454087,-0.77954084,3.5662932,-0.67196393,-0.65129757
atac_E18_5-S1#ATAAGGAGGCTAACTT-1,1.0248414,-0.68983054,-0.7779536,0.882999,0.08432086,-0.39007935,-0.035027914,-1.0537032,-0.5638001,1.5182334
atac_E18_5-S1#ATAAGGAGGGTACTGC-1,-0.6242974,-0.3171594,-0.4411493,1.2576215,-0.57822204,0.45172793,-0.44771197,1.6050947,-0.1692278,-0.7366762
atac_E18_5-S1#ATAAGGAGGGTATGCT-1,1.7044606,-0.933666,-1.2968365,-1.5141201,-1.3774587,0.2892204,-0.84487575,-0.0068326835,1.7172529,2.262856
atac_E18_5-S1#ATAAGGAGTAGAATTA-1,-0.46878988,-0.37932187,-0.66130733,1.6589038,0.3795476,0.6604738,-0.41014716,0.46963212,-0.43868294,-0.8103082
atac_E18_5-S1#ATAAGGAGTAGATCTA-1,-0.0757885,-0.7041499,0.16406657,1.0739237,0.7762689,-0.9917059,-0.4562763,-0.81348413,-0.92598104,1.9531262
atac_E18_5-S1#ATAAGGAGTCCGGCCT-1,0.20275423,-0.4502807,-0.40028533,0.12655246,0.72281307,0.29816583,-0.029859018,-0.7621385,-0.44670984,0.73898774
atac_E18_5-S1#ATAAGGAGTCCTACCA-1,-0.58184564,-0.8877074,-0.68169075,0.5226981,-0.3315064,0.37868413,-0.3840265,2.3349738,-0.19628718,-0.1732921
atac_E18_5-S1#ATAAGGAGTCTGATAC-1,1.0704905,-0.51189756,-0.3537474,-0.17076778,0.8810128,0.40726912,0.43639717,-0.5763288,-0.72743547,-0.45499256
atac_E18_5-S1#ATAAGGAGTGAGTCTG-1,-0.9101962,-0.38777384,0.11898588,1.6856188,0.3921062,-0.3782007,-0.5353042,-0.7049893,-0.60331917,1.3230726
atac_E18_5-S1#ATAAGGAGTGCCGGCA-1,-0.26903525,0.28857583,-0.17264323,-0.48975328,0.23094504,0.48246595,0.33914596,0.32960302,-0.45362777,-0.28567642
atac_E18_5-S1#ATAAGGAGTGCGGACC-1,-1.113212,-0.73507255,0.115003094,1.5992404,0.3369126,-0.9684846,-0.788607,0.08480579,-0.8147018,2.284116
atac_E18_5-S1#ATAAGGAGTGGTCAGC-1,0.2774471,-0.76699185,-0.5574871,0.49311683,-0.480272,1.4246716,0.38362223,-1.1313353,-0.6174009,0.97462934
atac_E18_5-S1#ATAAGGAGTTACCGAG-1,-0.1477903,-0.607963,0.66484314,0.45461586,-0.46251842,0.13083316,0.44553453,-1.0687019,-0.8082834,1.3994304
atac_E18_5-S1#ATAAGGAGTTATCCGG-1,-0.17695242,-0.34541622,-0.016404284,-0.8387278,-0.40542072,1.0171819,1.556119,-0.748938,-0.6357984,0.594357
atac_E18_5-S1#ATAAGGAGTTATTCAT-1,-0.062959924,-0.54876167,-0.053241756,-0.48783228,-0.43472645,0.98072964,0.87128437,-0.79158396,-0.4751048,1.0021969
atac_E18_5-S1#ATAAGGAGTTGACTTC-1,-0.23582518,-0.5632223,-0.6367336,1.4164538,-0.3006422,1.1391773,-0.7524511,1.1796243,-0.46673447,-0.7796467
atac_E18_5-S1#ATCATATTAAGAAGCT-1,-0.4595652,0.13153604,-1.1135768,0.46220553,-0.84173256,1.83713,-0.91031533,1.8640088,0.20159183,-1.171282
atac_E18_5-S1#ATCATATTAATTAAGA-1,3.0776167,-1.4280465,-0.9610028,-1.5985835,3.3941207,-1.2127724,-1.3545728,-1.2443947,-1.3300879,2.657723
atac_E18_5-S1#ATCATATTACCGCCAA-1,-0.4414521,-0.34244218,-0.5261398,-0.46664244,-0.31913796,0.18538046,-0.23864415,2.7453096,0.0924093,-0.6886406
atac_E18_5-S1#ATCATATTACGGAGGC-1,1.6268027,-1.1520965,-1.0054346,-0.39125258,2.5166097,-1.2084041,-1.5346607,0.118971124,-1.1798959,2.2093604
atac_E18_5-S1#ATCATATTACTATGCA-1,1.7362084,-0.86672884,-0.09401087,1.4431846,-1.2938153,-0.524442,1.2495513,-0.6763046,-0.77393293,-0.1997101
atac_E18_5-S1#ATCATATTACTCAATA-1,-1.0850105,-0.0074693374,0.0868942,2.0518918,0.77438897,0.3065803,-0.5232018,-0.66240394,-0.56998825,-0.37168157
atac_E18_5-S1#ATCATATTACTTAACC-1,-0.9503939,-0.6705579,1.7472516,-0.30861726,-0.9095787,-0.40941852,-0.9621956,3.361592,-0.33918417,-0.5588973
atac_E18_5-S1#ATCATATTAGAACGTC-1,0.8511956,-0.43053523,-0.9088587,2.3655844,1.1146537,-0.53403836,-0.6289537,-0.6932899,-0.5045933,-0.63116455
atac_E18_5-S1#ATCATATTAGAGAAGG-1,-0.25228775,-0.5235016,-0.2642216,0.50351405,-0.089135125,0.92642176,-0.35721824,0.07815482,-0.594354,0.5726277
atac_E18_5-S1#ATCATATTAGAGCTAT-1,-1.1749886,0.07777333,-0.17968236,2.1818683,1.5380584,-0.57477987,-0.2426476,-0.88812435,-0.68743527,-0.050042037
atac_E18_5-S1#ATCATATTATAAGGAG-1,-0.5833998,-0.30817294,-0.38730437,-0.10566154,-0.19106458,1.0000505,-0.27357125,1.3576636,0.023171611,-0.5317112
atac_E18_5-S1#ATCATATTATCATATT-1,2.6752856,-0.8038625,-0.89797825,1.3984808,1.519573,-0.93027765,-0.87061197,-1.059189,-0.7566909,-0.27472907
atac_E18_5-S1#ATCATATTCAACCGCT-1,-1.1413888,0.18212795,-0.9235026,0.80828005,-0.5737889,1.5169178,-1.0803696,1.8320746,0.16745558,-0.7878064
atac_E18_5-S1#ATCATATTCATACTCC-1,-0.22210978,-0.57010007,-0.23857109,0.19950905,-0.029569581,0.7922112,-0.25987148,0.013499282,-0.3304897,0.64549226
atac_E18_5-S1#ATCATATTCCAGTTCC-1,-0.5686509,-0.4451509,0.69166493,-0.5779171,-0.6830321,-0.6906015,-0.23116377,3.6735091,-0.6074098,-0.56124824
atac_E18_5-S1#ATCATATTCCGAGAAT-1,-1.1952126,0.1417231,-0.38452643,2.4850287,2.0068738,-0.5618427,-0.25909963,-1.0421724,-0.5791886,-0.61158323
atac_E18_5-S1#ATCATATTCCGATTCC-1,-1.119998,-0.6049164,-0.55500585,-0.61340666,1.0747617,-0.45485362,-0.92766815,2.1750624,-0.22191252,1.247937
atac_E18_5-S1#ATCATATTCGAACGCC-1,-0.76319313,-0.28784376,-0.44095287,-0.5123655,-0.43600142,1.1399683,0.007234212,1.7202698,0.24443641,-0.6715521
atac_E18_5-S1#ATCATATTCGACGCGA-1,2.248863,-0.9181912,-0.07981892,1.5905001,-1.496161,-0.85571444,2.0607753,-0.8845943,-0.93358445,-0.73207384
atac_E18_5-S1#ATCATATTCTAAGAGA-1,-1.1685984,0.06971633,-0.24007006,1.8922108,1.1270932,-0.55753314,-0.35420924,0.0886834,-0.6556853,-0.20160767
atac_E18_5-S1#ATCATATTCTGATGGT-1,-1.2703861,0.17735532,0.43205148,1.9653658,1.4321347,-0.6472505,-0.18049306,-0.9779759,-0.7546427,-0.1761592
atac_E18_5-S1#ATCATATTCTTGCGCC-1,-0.9835092,-0.06360541,-0.37464425,2.7665453,1.1852702,-0.48735383,-0.45894322,-0.39069295,-0.5625321,-0.6305345
atac_E18_5-S1#ATCATATTGAAGATCG-1,1.8038065,-0.933403,-0.47424322,1.7263951,-0.88247633,0.54697084,-0.102344066,-0.64073354,-0.72875017,-0.31522217
atac_E18_5-S1#ATCATATTGACCTTGA-1,-0.014781008,-0.7363778,-0.27445814,1.1383141,0.13421774,0.23473364,-1.0843912,0.016148856,-0.66740626,1.2540002
atac_E18_5-S1#ATCATATTGATACGGA-1,2.2309904,-0.8851332,0.030858682,1.6066368,-1.4600737,-0.87203026,1.821522,-0.55580246,-0.93847287,-0.9784953
atac_E18_5-S1#ATCATATTGATCTTAC-1,-1.2666733,0.168807,-0.04813666,2.46371,1.5249825,-0.646638,-0.27453908,-1.0265484,-0.6928483,-0.20211571
atac_E18_5-S1#ATCATATTGCAGGTCC-1,0.7876165,-0.79912156,-0.27895713,1.3206257,-0.6643473,-0.12140334,-0.61157966,0.19179432,-0.6111593,0.7865318
atac_E18_5-S1#ATCATATTGCCATTCT-1,-1.1299615,0.14866382,-0.26429576,2.402272,1.1370318,-0.35727105,-0.29231706,-0.778069,-0.66463184,-0.20142135
atac_E18_5-S1#ATCATATTGCCGCAAC-1,-1.0665175,-0.07964711,-0.3985982,2.1692488,1.8371159,-0.52664393,-0.21101381,-0.76926583,-0.4632344,-0.49144402
atac_E18_5-S1#ATCATATTGCGTTGGA-1,-1.0298198,0.11487478,-0.0821954,2.3664417,1.3004904,-0.41745448,-0.34209028,-0.7390914,-0.6453819,-0.52577376
atac_E18_5-S1#ATCATATTGGCTGAGC-1,-0.5858648,-0.32541847,-0.38141793,-0.21484779,-0.2526462,0.9646197,-0.13542321,1.3724105,0.093112886,-0.53452474
atac_E18_5-S1#ATCATATTGGTACTGC-1,-0.9116804,0.1908306,-0.35407737,2.699654,1.499639,-0.63276803,-0.31310037,-0.9790898,-0.7121314,-0.48727646
atac_E18_5-S1#ATCATATTTAGAATTA-1,-1.2909076,0.22604224,-0.32812867,2.7063396,1.6985543,-0.72741073,-0.25730684,-0.78510684,-0.6416283,-0.600447
atac_E18_5-S1#ATCATATTTAGAGTAA-1,0.41259798,-0.67163146,0.14872262,1.8084804,-0.6855457,-0.19834673,-0.9097072,-0.016680151,-0.5544976,0.66660774
atac_E18_5-S1#ATCATATTTAGATCTA-1,2.0058446,-1.4267392,-0.9245495,-1.5895623,3.324665,-1.5295459,-1.2904229,-0.019898944,-1.3925914,2.8428006
atac_E18_5-S1#ATCATATTTCCGGCCT-1,-1.0449983,2.5359385,-1.1016233,0.22625831,-0.38193345,0.2736813,-1.2818193,1.6990365,-0.1663239,-0.75821626
atac_E18_5-S1#ATCATATTTCCTACCA-1,-1.0991465,0.302588,0.087977946,2.1386514,1.3208722,-0.5552274,-0.2659698,-0.9144196,-0.5697299,-0.4455964
atac_E18_5-S1#ATCATATTTCGGCCTT-1,1.431132,-0.67059743,-0.6767449,1.3612758,0.5108377,-0.6013582,-0.10756299,-0.30635858,-0.68220687,-0.2584164
atac_E18_5-S1#ATCATATTTCTGATAC-1,2.4872158,-0.84974045,-0.650179,2.416099,-1.2377497,-1.001125,0.68603677,-0.54660845,-0.8300812,-0.4738677
atac_E18_5-S1#ATCATATTTGAGTCTG-1,1.2307816,-0.94818825,-1.2142245,2.4634626,2.857506,-0.929351,-1.1431272,-0.71741414,-0.80355316,-0.79589206
atac_E18_5-S1#ATCATATTTGCCGGCA-1,2.2834206,-0.78522366,-0.9000759,1.0236871,1.6248759,-0.35314792,-1.0051062,-0.95663834,-0.6893493,-0.24244232
atac_E18_5-S1#ATCATATTTGCGGACC-1,1.6912012,-1.0797166,-1.3749915,2.338601,3.006983,-0.95443904,-1.3279028,-0.76885295,-0.8207245,-0.710158
atac_E18_5-S1#ATCATATTTGGTCAGC-1,1.8512356,-0.51105815,-0.59091777,1.1982371,0.042673685,-0.63159597,0.13097484,-0.9817546,-0.5575056,0.049710885
atac_E18_5-S1#ATCATATTTTACCGAG-1,2.735994,-0.7583202,-0.87818027,0.9223695,1.8675781,-0.75156087,-0.99332273,-1.0886538,-0.78337055,-0.27253327
atac_E18_5-S1#ATCATATTTTATCCGG-1,2.301554,-0.8153485,-0.55504817,2.142415,-1.2355802,-0.7724674,0.9091239,-0.6801219,-0.7243835,-0.57014334
atac_E18_5-S1#ATCATATTTTATTCAT-1,3.4183624,-0.9996257,-0.94353217,-0.37039292,2.8717763,-1.0322728,-1.2700529,-1.4052123,-0.998515,0.72946495
atac_E18_5-S1#ATCATATTTTGACTTC-1,-1.1657181,0.34632352,0.31489924,2.405115,1.968819,-0.88178295,-0.34626007,-1.3617612,-0.8601478,-0.4194864
atac_E18_5-S1#CAACCGCTAACCTGCG-1,-0.7578697,-0.15177475,-0.3750542,-0.54489994,-0.46708137,1.2255232,0.7994387,0.38166696,0.15609905,-0.26604807
atac_E18_5-S1#CAACCGCTAAGAAGCT-1,-0.10220064,-0.7637678,-0.005819395,1.0080457,-0.8187213,0.97814536,-0.53888917,-0.3587901,-0.5172858,1.1192831
atac_E18_5-S1#CAACCGCTAATTAAGA-1,0.19940677,-0.772105,0.56180024,-0.08158231,-0.44476515,0.25342932,0.28766873,-0.5819274,-0.48114455,1.0592194
atac_E18_5-S1#CAACCGCTACGGAGGC-1,0.2039986,-0.7592413,-0.21080971,0.4277457,-0.2625125,1.1078079,-0.0014591999,-0.9893959,-0.62752527,1.1113918
atac_E18_5-S1#CAACCGCTACTATGCA-1,-0.09159514,-0.4793571,-0.3932368,-0.057037346,0.10761957,1.4455657,0.7596367,-1.1139334,-0.7217716,0.54410946
atac_E18_5-S1#CAACCGCTACTCAATA-1,-0.6670077,-1.0526631,2.5000074,-0.95783424,0.048203126,-0.6028452,-1.0951096,2.9045846,-0.660666,-0.41666907
atac_E18_5-S1#CAACCGCTAGAACGTC-1,-0.38601324,-0.496762,-0.8003788,0.038420126,-0.37170365,1.0370634,-0.99359655,2.0613253,0.72695184,-0.81530625
atac_E18_5-S1#CAACCGCTAGAGAAGG-1,-0.78075427,-0.72865283,-0.52224076,0.9635464,-0.24452089,1.2023672,-1.0498366,0.8293387,-0.46596447,0.79671735
atac_E18_5-S1#CAACCGCTAGAGCTAT-1,-1.2047706,-0.5384951,-0.5961631,1.0147564,-0.18053746,-0.13578056,-0.7505521,2.4406853,-0.3479239,0.29878116
atac_E18_5-S1#CAACCGCTATCATATT-1,-0.8440654,-0.49725762,0.38896465,1.6556782,-0.63297015,-0.44998017,-0.011193022,-0.7432603,-0.5455184,1.6796021
atac_E18_5-S1#CAACCGCTCATACTCC-1,-1.0959893,-0.42031398,-0.47864276,0.536742,-0.57847124,1.714283,-0.94528943,0.87402713,-0.1720885,0.56574297
atac_E18_5-S1#CAACCGCTCCGAGAAT-1,0.2414487,-0.22165877,-0.18653944,0.64651036,-0.79960495,-0.40509376,0.5980371,-0.74286723,-0.6140244,1.4837925
atac_E18_5-S1#CAACCGCTCGACGCGA-1,-0.35516065,-0.3277965,0.02313057,0.6096239,-0.73506975,0.98687184,0.55203205,-0.91369754,-0.6427228,0.80278873
atac_E18_5-S1#CAACCGCTCTAAGAGA-1,-1.7791839,-0.48693427,-0.4458821,0.32944697,0.104733676,-0.03024748,-0.8769266,2.2301254,-0.2666459,1.2215142
atac_E18_5-S1#CAACCGCTCTGATGGT-1,-0.7932712,-0.38494566,-0.561505,-0.16610403,-0.12514643,1.2586281,-0.82275766,0.4799557,-0.15463367,1.2697799
atac_E18_5-S1#CAACCGCTCTTGCGCC-1,-0.1296711,-0.5334513,-0.43607336,-0.47697085,-0.35046256,-0.4322588,0.65582395,3.1912508,-0.69004935,-0.7981374
atac_E18_5-S1#CAACCGCTGAAGATCG-1,-0.63709545,-0.74570525,0.10261178,1.3649586,-0.12702893,-0.67084616,-0.67578816,-0.40428177,-0.7149537,2.5081291
atac_E18_5-S1#CAACCGCTGATACGGA-1,-0.122016795,-0.31518134,-0.50612587,0.09218023,-0.25176436,1.5548028,0.5198029,-0.77988553,-0.72071314,0.5289012
atac_E18_5-S1#CAACCGCTGATCTTAC-1,-0.68745023,-0.20499146,-0.52292013,0.45765966,-0.025934137,1.6403229,-0.033780217,0.43167898,-0.42084476,-0.6337406
atac_E18_5-S1#CAACCGCTGCAGGTCC-1,-0.87084293,-0.43842041,-0.31176326,-0.6541291,-0.63922197,1.1054925,0.023708623,1.0933468,0.9019989,-0.21016905
atac_E18_5-S1#CAACCGCTGCCATTCT-1,-0.67883444,-1.0889219,2.5554483,-0.86394787,0.18157,-0.62136483,-1.062945,2.8873947,-0.73310477,-0.57529396
atac_E18_5-S1#CAACCGCTGCCGCAAC-1,-0.29747078,-0.4758533,0.6287232,1.0466294,-1.0041957,-0.15864062,0.7727986,-1.194136,-0.76193935,1.4440846
atac_E18_5-S1#CAACCGCTGCGTTGGA-1,-0.28492898,-0.51992786,0.29405802,-0.12942623,-0.48049825,0.7175679,0.063729346,1.3789251,-0.32505882,-0.7144401
atac_E18_5-S1#CAACCGCTGCTAACTT-1,-0.67343587,-0.5303025,0.5323546,1.1116886,-0.8414078,0.81232846,-0.4841896,-0.076677755,-0.47046903,0.62011087
atac_E18_5-S1#CAACCGCTGGTACTGC-1,-1.7196758,0.1888107,1.4177661,-1.3536531,0.1965873,-1.1492727,0.35178688,2.4799652,-0.5475301,0.13521543
atac_E18_5-S1#CAACCGCTGGTATGCT-1,-0.6419578,-0.41374913,-0.19252048,-0.4977425,-0.5206078,1.1140652,0.47738755,0.8567882,-0.03276461,-0.14889853
atac_E18_5-S1#CAACCGCTTAGAATTA-1,-0.9942657,-0.8658321,0.5377419,-0.6672295,-0.19276582,-0.042649336,-0.19383779,2.1377497,0.13772391,0.14336482
atac_E18_5-S1#CAACCGCTTAGATCTA-1,0.01013334,-0.5969044,0.49085167,-0.4094447,-0.17639866,0.6349794,0.8181737,-0.8808549,-0.7651695,0.87463397
atac_E18_5-S1#CAACCGCTTCCGGCCT-1,-1.1403112,0.13609253,-0.8013076,0.28403312,-0.5205731,1.9844315,-0.9926569,1.4130578,0.17237686,-0.53514284
atac_E18_5-S1#CAACCGCTTCCTACCA-1,-0.85554576,-0.76093644,1.3127394,-0.5840534,-0.21616507,-0.26567316,-0.14554894,2.3288252,-0.25555864,-0.55808336
atac_E18_5-S1#CAACCGCTTCGGCCTT-1,-0.90939933,0.13929111,-0.55761796,-0.87388426,-0.4424449,1.087486,0.79166913,0.9631499,0.43433306,-0.6325824
atac_E18_5-S1#CAACCGCTTCTGATAC-1,-0.47309914,-0.6273653,0.081076264,1.7477335,-0.37190565,-0.6007861,-0.2552543,-0.8986525,-0.63052994,2.028783
atac_E18_5-S1#CAACCGCTTGAGTCTG-1,-0.5241651,-0.35914916,-0.06332563,1.2039154,-0.15916462,0.6326173,-0.3373946,-0.8768177,-0.62727535,1.1107595
atac_E18_5-S1#CAACCGCTTGCCGGCA-1,-0.62502974,-0.52655137,0.093467206,1.2027872,-0.7079454,0.12902954,0.10457976,-0.5855922,-0.54091793,1.4561728
atac_E18_5-S1#CAACCGCTTGCGGACC-1,0.08162904,-0.28422508,-0.10120439,0.5853604,-0.28472072,0.53898674,0.394349,-0.95472157,-0.66333115,0.6878776
atac_E18_5-S1#CAACCGCTTGGTCAGC-1,-0.40134558,-0.34925082,-0.19474398,0.7648226,-0.6043749,1.2605163,0.39207038,-0.8828139,-0.68891215,0.70403206
atac_E18_5-S1#CAACCGCTTTACCGAG-1,-0.582365,-0.6522059,-0.13808191,1.1577371,-0.13910446,-0.13111278,-0.6570728,-0.21589044,-0.62154084,1.9796371
atac_E18_5-S1#CAACCGCTTTATCCGG-1,-0.48932326,-0.35500056,-0.29579377,0.9066895,-0.59632427,1.2999213,0.11495763,-1.0099654,-0.69679266,1.1216315
atac_E18_5-S1#CAACCGCTTTATTCAT-1,-0.342184,-0.039961122,0.6352035,-0.013419776,-0.7453714,0.14314003,1.1708202,-0.2712015,-0.59536046,0.058334604
atac_E18_5-S1#CAACCGCTTTGACTTC-1,-0.6194451,-1.0146917,2.5028696,-1.0077298,0.26131156,-0.6508188,-0.94696707,2.8815718,-0.746017,-0.66008323
atac_E18_5-S1#CATACTCCAATTAAGA-1,-0.820976,1.8260008,-1.2573501,0.00655437,-0.5306947,0.5366101,-1.1070434,1.664082,0.30708298,-0.6242659
atac_E18_5-S1#CATACTCCACCGCCAA-1,-0.44994804,-0.6333381,0.7945567,-0.9357668,-0.46397838,-0.71597534,1.2292219,2.5784621,-0.587465,-0.815769
atac_E18_5-S1#CATACTCCACGGAGGC-1,0.2140864,-0.6369517,-0.28609806,0.4212559,-0.27750823,0.9963396,-0.013906185,0.10268338,-0.5637514,0.043850273
atac_E18_5-S1#CATACTCCACTCAATA-1,2.2878501,-0.76053536,-0.77076656,1.9616024,-1.5122116,-0.7884097,0.81855184,0.18018235,-0.5418843,-0.87437916
atac_E18_5-S1#CATACTCCACTTAACC-1,-0.9304128,-0.24020503,-0.50495577,-0.8926715,-0.412029,1.2240326,-0.033480693,1.7617005,0.80738497,-0.7793633
atac_E18_5-S1#CATACTCCAGAACGTC-1,-0.03258428,-0.5144222,-0.48638034,1.0081546,-0.13580708,1.1266643,-0.58434516,0.36121237,-0.55397344,-0.1885187
atac_E18_5-S1#CATACTCCAGAGCTAT-1,2.2467952,-0.7480923,-0.7450244,1.9845606,-1.4892784,-0.64155084,0.86743146,-0.03025242,-0.54428506,-0.9003036
atac_E18_5-S1#CATACTCCATAAGGAG-1,-0.5777988,-0.34829926,-0.13065568,-0.09788289,-0.262228,0.97291183,-0.06800272,1.0075271,-0.109470166,-0.38610148
atac_E18_5-S1#CATACTCCCAACCGCT-1,-0.74575776,-0.13755533,-0.62210983,-0.29638663,-0.44643164,1.1876688,-0.45976412,1.8467013,0.4189374,-0.745302
atac_E18_5-S1#CATACTCCCCAGTTCC-1,-0.8672482,-0.7945771,-1.0143471,1.1439972,-0.9241085,0.6490698,-0.9255713,2.5938642,0.3418411,-0.20292008
atac_E18_5-S1#CATACTCCCCGAGAAT-1,0.82416964,-0.7815589,-0.44119725,1.6953664,0.2607899,-0.1599272,-1.0938363,-0.4497318,-0.69392306,0.8398486
atac_E18_5-S1#CATACTCCCCGATTCC-1,-0.7199847,-0.54829514,0.114522494,-1.031605,-0.6558633,0.15908682,0.7995461,2.6712458,0.1089505,-0.8976035
atac_E18_5-S1#CATACTCCCGAACGCC-1,-0.6953062,-0.3192912,-0.25625128,-0.2050179,-0.32452753,0.81800836,-0.3404471,1.7331089,0.22621012,-0.63648623
atac_E18_5-S1#CATACTCCCTAAGAGA-1,2.3130383,-0.7088482,-0.77441186,2.0270836,-1.4635985,-0.6330361,0.6306745,0.20490022,-0.508005,-1.0877969
atac_E18_5-S1#CATACTCCCTGATGGT-1,2.5756001,-0.6026308,-1.0425456,2.6455264,-0.93085366,-0.7515511,-0.27783644,-0.27608964,-0.524334,-0.81528586
atac_E18_5-S1#CATACTCCCTTGCGCC-1,2.2845347,-0.5118631,-1.001561,1.8581815,-1.0278541,-0.52767426,0.18796802,0.26117167,-0.45544797,-1.0674553
atac_E18_5-S1#CATACTCCGACCTTGA-1,-1.1326917,-0.123776615,0.031650484,-0.7449054,-0.56120735,1.2423149,1.1264417,0.5516544,0.11671186,-0.5061923
atac_E18_5-S1#CATACTCCGATCTTAC-1,2.903576,-0.7363916,-1.065233,2.6472273,-1.1299052,-0.9321869,0.10428038,-0.20285487,-0.5565636,-1.0319484
atac_E18_5-S1#CATACTCCGCAGGTCC-1,-0.33372706,-0.6304542,-0.13303109,-0.4641784,-0.5909629,1.1753699,0.7965081,0.57512236,-0.10046226,-0.29418463
atac_E18_5-S1#CATACTCCGCCATTCT-1,1.9389246,-0.6030476,-0.73766196,1.7754346,-1.2675434,-0.7463182,0.97686535,0.070352964,-0.5294218,-0.8775845
atac_E18_5-S1#CATACTCCGCCGCAAC-1,0.0030803233,-0.547743,-0.5151613,1.4422181,-0.2742123,1.1031221,-1.0117055,0.8011508,-0.6737382,-0.32701105
atac_E18_5-S1#CATACTCCGCGTTGGA-1,2.6054711,-0.8035394,-0.89767325,2.3178475,-1.4918076,-0.95758885,0.63336426,0.17734662,-0.62714964,-0.9562708
atac_E18_5-S1#CATACTCCGGCTGAGC-1,-0.64990103,-0.36118883,-0.5355497,-0.5201899,-0.37609082,1.2911258,-0.11323399,1.7899019,0.22984645,-0.7547199
atac_E18_5-S1#CATACTCCGGTACTGC-1,2.2772288,-0.64765155,-0.93591666,1.8568839,-1.179204,-0.5485253,0.4350446,0.23052734,-0.50117815,-0.987209
atac_E18_5-S1#CATACTCCTAGAATTA-1,2.0983527,-0.70780456,-0.5624825,1.6726866,-1.2633282,-0.74160236,0.80312306,0.007971924,-0.6073891,-0.6995275
atac_E18_5-S1#CATACTCCTAGAGTAA-1,-0.72765577,-0.35042232,-0.02612178,-0.14433208,-0.2709504,1.2040333,0.008172423,0.39971465,-0.09694302,0.0045049414
atac_E18_5-S1#CATACTCCTAGATCTA-1,-0.88165444,1.5886843,-1.1416662,-0.31244633,-0.51524436,1.1626191,-0.90589976,1.5129328,0.18309997,-0.6904249
atac_E18_5-S1#CATACTCCTCCTACCA-1,2.6055005,-0.8636332,-0.8463692,2.3243613,-1.4996948,-0.9911623,0.8040773,0.0064657293,-0.6325387,-0.90700674
atac_E18_5-S1#CATACTCCTCGGCCTT-1,-0.943833,0.014297739,-0.03200426,-0.46513405,-0.49569985,1.1154932,0.72419584,0.9878126,-0.15749097,-0.7476372
atac_E18_5-S1#CATACTCCTGAGTCTG-1,-0.97916913,0.2764801,-1.0087545,0.24867728,-0.32214817,0.6547282,-0.4959674,2.0559974,-0.1770671,-0.25277647
atac_E18_5-S1#CATACTCCTGCGGACC-1,0.53062797,-0.6528497,-0.4664168,0.24188937,-0.3154296,0.80833364,-0.6125386,1.5796573,-0.5176114,-0.5956625
atac_E18_5-S1#CATACTCCTTATTCAT-1,-0.7167324,2.6087008,-1.00729,-0.28941673,-0.6499007,-0.22655232,-1.0443405,1.7987002,0.21247023,-0.68563867
atac_E18_5-S1#CATACTCCTTGACTTC-1,2.2284062,-0.76705056,-0.48072824,1.8961636,-1.2792758,-0.8904048,0.86077774,0.18407561,-0.6633313,-1.0886327
atac_E18_5-S1#CCAGTTCCAACCTGCG-1,-0.7240189,-0.37060982,-0.0707152,-0.15453786,-0.22657198,1.1479733,0.1613841,0.43754205,-0.15617412,-0.044271708
atac_E18_5-S1#CCAGTTCCAAGAAGCT-1,-0.34937096,-0.49542513,-0.22192155,-0.032773465,-0.4533875,1.4888172,1.1647408,-0.6580366,-0.632031,0.18938805
atac_E18_5-S1#CCAGTTCCAATTAAGA-1,0.39440104,-0.6106488,-0.5446888,0.8502018,0.5387163,0.4104457,-0.8974981,-0.5665743,-0.6393074,1.0649524
atac_E18_5-S1#CCAGTTCCACGGAGGC-1,0.76873934,-0.60326016,-0.2401901,1.2157463,-0.26185328,0.4694698,0.023565438,-0.497024,-0.6797265,-0.19546686
atac_E18_5-S1#CCAGTTCCACTATGCA-1,-0.8639941,-0.42728522,0.104016595,1.7411999,-0.80542296,-0.06146746,-0.13313937,-0.29234332,-0.38157716,1.1200131
atac_E18_5-S1#CCAGTTCCACTCAATA-1,-1.8227583,0.49704778,-1.3196546,0.5959737,0.95933974,-0.9564551,-1.2708513,2.2759387,-0.48224682,1.5236663
atac_E18_5-S1#CCAGTTCCAGAACGTC-1,-0.5096242,-0.15177943,-0.59477824,-0.036356423,-0.30521455,0.68111044,-0.30389303,1.6170902,0.15868427,-0.55523896
atac_E18_5-S1#CCAGTTCCAGAGAAGG-1,2.7046092,-0.9271426,-1.5114979,-1.6377003,-0.52714103,-0.53863907,-0.4755656,-1.3873715,1.156559,3.1438901
atac_E18_5-S1#CCAGTTCCAGAGCTAT-1,-0.540753,-0.085049614,-0.7813808,0.55457693,-0.61782527,1.6041725,-0.81840134,1.456606,0.037884098,-0.8098294
atac_E18_5-S1#CCAGTTCCATCATATT-1,-0.6442429,-0.52257943,0.18947884,1.8129967,-0.575724,-0.20349944,-0.44850245,-0.71751493,-0.41314778,1.5227354
atac_E18_5-S1#CCAGTTCCCATACTCC-1,2.6970258,-1.3332304,-1.5783165,-2.269118,-0.96511304,-0.73429215,-0.73589516,-0.38309985,2.2096388,3.0924006
atac_E18_5-S1#CCAGTTCCCCGAGAAT-1,-0.8862379,0.061688222,-0.873734,0.86755544,0.57982135,0.7220351,-0.6257772,-0.2687125,-0.60962266,1.0329841
atac_E18_5-S1#CCAGTTCCCGACGCGA-1,-1.1280965,-0.48475054,-0.48061922,2.0809324,0.099835664,-0.44819084,-0.4885228,-0.39995274,-0.6616878,1.9110525
atac_E18_5-S1#CCAGTTCCCTAAGAGA-1,-0.57713974,-0.39539358,-0.4474968,1.3739083,-0.26187274,0.2969725,-0.50034356,1.1541449,-0.1987805,-0.4439988
atac_E18_5-S1#CCAGTTCCCTGATGGT-1,0.16538475,-0.7044718,-0.17286825,0.59755313,0.6396616,-0.71627116,-0.44956174,-0.41218346,-0.81247467,1.8652318
atac_E18_5-S1#CCAGTTCCCTTGCGCC-1,-0.52073604,-0.15728547,-0.68076074,0.3145324,-0.61394817,0.9299323,-0.42574406,1.7828692,-0.086120784,-0.5427386
atac_E18_5-S1#CCAGTTCCGAAGATCG-1,0.7363243,-0.34888783,-0.3894864,0.39509887,-0.23742113,0.37683097,-0.2428666,0.2960074,-0.18499604,-0.40060353
atac_E18_5-S1#CCAGTTCCGATACGGA-1,-0.65165776,-0.6043568,-0.20155112,1.8822323,0.33354893,-0.6364319,-0.49840885,-0.5229004,-0.67074805,1.5702736
atac_E18_5-S1#CCAGTTCCGATCTTAC-1,-0.5274505,-0.26739714,0.9606711,-0.451578,-0.82015336,-0.06352595,2.192243,-0.13769922,-0.16424525,-0.7208649
atac_E18_5-S1#CCAGTTCCGCCATTCT-1,-1.1500474,-0.4493285,-1.1205549,0.60858375,0.28226584,-0.17756301,-1.2563348,2.2151988,-0.024451308,1.0722315
atac_E18_5-S1#CCAGTTCCGCCGCAAC-1,-0.1648773,0.55892265,-0.556765,0.13946177,0.4274953,0.43128404,0.30012715,0.3908795,-0.5683264,-0.9582016
atac_E18_5-S1#CCAGTTCCGCGTTGGA-1,-1.3716917,-1.1207252,1.5683687,-0.87603927,-0.25640118,-0.22167067,-0.37466693,2.698088,-0.26413816,0.21887664
atac_E18_5-S1#CCAGTTCCGCTAACTT-1,0.037679985,-0.6787124,-0.8305528,-0.5957388,-0.36720386,1.484962,-1.4329948,1.2548599,0.70945454,0.41824627
atac_E18_5-S1#CCAGTTCCGGTACTGC-1,-0.61746573,-0.47960836,-0.8422972,0.58401406,0.03506263,0.43214774,-0.97277814,2.177331,-0.2244958,-0.09191033
atac_E18_5-S1#CCAGTTCCGGTATGCT-1,-0.2521171,-0.2094138,-0.4833935,1.1926641,-0.09492469,0.7163485,-0.27607393,0.11289318,-0.31069067,-0.39529207
atac_E18_5-S1#CCAGTTCCTAGAATTA-1,-0.18765703,-0.51157916,-0.56385946,0.979948,-0.39225447,0.38669947,-0.70155543,2.1463203,-0.46662223,-0.6894402
atac_E18_5-S1#CCAGTTCCTAGATCTA-1,0.61178416,-0.5802151,-0.37573567,0.61800754,0.8308203,0.20267671,-0.67950356,-0.4567844,-0.5943297,0.42327967
atac_E18_5-S1#CCAGTTCCTCCGGCCT-1,0.9445994,-0.82397896,-0.96843004,0.6196376,1.3896327,0.37624785,-1.120494,-1.0763272,-0.77461535,1.4337279
atac_E18_5-S1#CCAGTTCCTCCTACCA-1,-0.76113486,-1.2420233,2.51866,-1.423387,-0.093076445,-1.347892,-0.80067515,3.5802984,-0.7361219,0.3053523
atac_E18_5-S1#CCAGTTCCTCTGATAC-1,0.3574915,-0.81128204,-0.702468,0.37027794,0.66692257,0.039518133,-1.2353833,0.93421274,-0.6760701,1.0567805
atac_E18_5-S1#CCAGTTCCTGAGTCTG-1,0.42538145,-0.42248005,-0.4345152,1.0129852,-0.37666133,0.9895874,0.42105278,-0.37897605,-0.58162385,-0.6547504
atac_E18_5-S1#CCAGTTCCTGCCGGCA-1,0.066765815,-0.40546316,-0.22661118,0.8096907,-0.797955,0.39063817,0.36838767,-0.45041767,-0.476792,0.72175664
atac_E18_5-S1#CCAGTTCCTGCGGACC-1,0.9090141,-0.47411156,-0.16014281,0.37044355,0.51522636,0.3114842,0.48007718,-0.3428621,-0.72816825,-0.88096064
atac_E18_5-S1#CCAGTTCCTGGTCAGC-1,-0.60480905,-0.34822702,0.015873905,1.6187227,-0.6087156,-0.5086155,0.028387424,-0.3302775,-0.567095,1.3047557
atac_E18_5-S1#CCAGTTCCTTACCGAG-1,0.503873,-0.6899433,0.26214603,1.5559108,-0.68780345,-0.46368322,-0.02621068,-0.47173855,-0.5985873,0.6160368
atac_E18_5-S1#CCAGTTCCTTATCCGG-1,-0.97294647,-0.6673384,-0.17999175,1.3961128,0.31141615,-0.48603907,-0.7665501,0.23769689,-0.7049334,1.8325734
atac_E18_5-S1#CCAGTTCCTTATTCAT-1,0.3344189,-0.577825,0.4634865,1.0200526,0.085737824,-0.17790651,-0.050532196,-0.51753765,-0.6676428,0.08774841
atac_E18_5-S1#CCAGTTCCTTGACTTC-1,-0.68549424,-0.20306788,-0.53966194,0.56357574,0.022058103,0.6504916,-0.6499905,1.4505278,-0.06595801,-0.5424806
atac_E18_5-S1#CCGAGAATAACCTGCG-1,-1.1840984,2.1673162,-0.776466,-1.1094755,-1.0166843,-0.36173317,0.36895582,1.9777873,0.8017155,-0.8673177
atac_E18_5-S1#CCGAGAATAAGAAGCT-1,0.5389086,-0.23872186,-1.0321441,1.9504435,-0.5247955,-0.3274922,-0.28650084,0.6228098,-0.22898246,-0.47352505
atac_E18_5-S1#CCGAGAATAATTAAGA-1,-0.6332623,-0.47486812,2.5327659,1.6576585,-0.18865043,-0.57209295,-0.66530925,-1.1529254,-0.5925718,0.08925604
atac_E18_5-S1#CCGAGAATACCGCCAA-1,-0.62076485,-0.4009245,-0.66078943,-0.3897304,-0.9486013,0.17860566,-0.35095358,3.1605368,0.49692935,-0.4643079
atac_E18_5-S1#CCGAGAATACGGAGGC-1,-0.85831076,-0.7584636,2.0154893,2.083258,-0.112653606,-0.70667493,-0.40137136,-1.3298737,-0.8267868,0.8953873
atac_E18_5-S1#CCGAGAATACTATGCA-1,1.3857762,-0.4170073,-0.53304183,0.49912027,0.1185946,0.28478438,0.60153246,-0.34827837,-0.6655248,-0.9259556
atac_E18_5-S1#CCGAGAATACTCAATA-1,-0.8146043,-0.2991412,-0.021631151,2.044633,0.07811305,-0.044161856,-0.4154094,-0.4618366,-0.48647156,0.4205101
atac_E18_5-S1#CCGAGAATACTTAACC-1,-1.5555859,-1.2227659,2.4039624,-1.677618,-0.45729232,-1.108234,0.58755815,3.7545478,-0.49975395,-0.22481821
atac_E18_5-S1#CCGAGAATAGAACGTC-1,-0.029785609,-0.32486567,-0.4586711,0.5553986,-0.8159288,0.79900336,0.6531011,0.8883904,-0.4431913,-0.82345104
atac_E18_5-S1#CCGAGAATAGAGAAGG-1,-0.41520935,-0.2574576,0.65001327,-0.7826587,-0.60507184,-0.56948304,3.1732485,-0.6007659,0.09467311,-0.68728864
atac_E18_5-S1#CCGAGAATAGAGCTAT-1,-0.08324226,0.10120031,-0.6119697,1.0628908,0.10411209,1.0449874,-0.06235283,-0.1848231,-0.49878648,-0.8720163
atac_E18_5-S1#CCGAGAATATCATATT-1,-0.585963,-0.47280928,1.9121767,1.2896752,-0.34865907,-0.602194,-0.22070737,-1.0925841,-0.62213814,0.7432029
atac_E18_5-S1#CCGAGAATCAACCGCT-1,-0.6230415,-0.12268819,-0.77222675,0.12241528,-0.7658251,1.5576924,-0.040533148,1.7674586,-0.14622873,-0.97702277
atac_E18_5-S1#CCGAGAATCATACTCC-1,-0.55736387,0.08565065,0.013097167,-0.7815394,-0.5823551,0.290815,2.491838,-0.46125555,0.14180239,-0.6406893
atac_E18_5-S1#CCGAGAATCCAGTTCC-1,-0.8664374,-0.6194514,-0.836303,0.38609692,-0.9162399,0.5196234,-0.73815686,2.9035468,0.9018585,-0.73453724
atac_E18_5-S1#CCGAGAATCCGAGAAT-1,0.295493,-0.30774507,0.079177625,1.0093365,0.2530759,-0.5389872,0.077175975,-0.31165937,-0.6511916,0.09532427
atac_E18_5-S1#CCGAGAATCCGATTCC-1,-0.7225944,-0.36579686,-0.627063,-0.29217386,-0.9545967,0.37631083,-0.2954121,2.9403334,0.376994,-0.43600124
atac_E18_5-S1#CCGAGAATCGAACGCC-1,-0.59538215,-0.2905246,-0.5138747,0.0147723,-0.7263647,0.68821967,-0.17080821,2.211063,-0.037398692,-0.5797018
atac_E18_5-S1#CCGAGAATCGACGCGA-1,1.7241044,-0.7065142,-0.66327983,1.469033,-1.2513368,-0.1608598,0.8212713,-0.108265154,-0.35173404,-0.77241904
atac_E18_5-S1#CCGAGAATCTAAGAGA-1,-0.43787894,-0.30044743,-0.61344856,1.4175221,0.58948797,0.4383465,-0.70988667,-0.30852932,-0.51607996,0.44091436
atac_E18_5-S1#CCGAGAATCTGATGGT-1,-0.94215894,-0.020129398,0.12339794,1.584348,0.80405813,0.32635063,-0.38778722,-0.60730666,-0.5766062,-0.3041663
atac_E18_5-S1#CCGAGAATCTTGCGCC-1,-0.18217972,0.07380457,-0.4060879,0.63989884,-0.7324456,0.73187053,0.78846294,0.62056786,-0.594744,-0.9391475
atac_E18_5-S1#CCGAGAATGAAGATCG-1,3.1636167,-0.81422573,-1.128211,3.316293,-1.4959315,-0.9971249,0.0373006,-0.703019,-0.77176374,-0.60693395
atac_E18_5-S1#CCGAGAATGACCTTGA-1,-1.043304,0.19526869,-0.37905753,0.7528152,0.038570963,0.52073944,-0.6070781,1.182405,-0.3607141,-0.29964563
atac_E18_5-S1#CCGAGAATGATACGGA-1,2.0682325,-0.9210734,-0.027466062,1.9574273,-1.3747776,-0.91749984,1.2913672,-0.5444214,-0.8080635,-0.72372556
atac_E18_5-S1#CCGAGAATGATCTTAC-1,-0.5634491,-0.0017073378,-0.692798,1.5690966,0.404256,1.4311352,-0.19998959,-0.13568395,-0.6580348,-1.1528249
atac_E18_5-S1#CCGAGAATGCAGGTCC-1,-0.4020307,-0.3921493,-0.17480236,1.2657038,0.13330948,0.8588244,-0.32479408,0.64285624,-0.78246784,-0.82444954
atac_E18_5-S1#CCGAGAATGCCATTCT-1,-0.89383453,0.5130835,-0.05451036,1.2357764,-0.2234298,0.99760336,0.0066963565,0.15284331,-0.56478864,-1.1694396
atac_E18_5-S1#CCGAGAATGCCGCAAC-1,-0.7544929,-0.19661951,0.012119304,1.564718,0.97229606,-0.08849328,-0.15106988,-0.9992521,-0.70027083,0.3410649
atac_E18_5-S1#CCGAGAATGCGTTGGA-1,-0.44220084,-0.45940024,-0.10613917,1.0452683,1.135616,-0.4740367,-0.82431287,-0.03852135,-0.6763492,0.8400763
atac_E18_5-S1#CCGAGAATGCTAACTT-1,-0.66841865,0.09650573,-0.25433937,-0.5440793,-0.7308612,0.5195339,2.4113526,-0.07079146,-0.07713037,-0.681772
atac_E18_5-S1#CCGAGAATGGCTGAGC-1,-0.3419976,-0.2607154,-0.45089322,0.18924949,-0.55840766,0.5528543,-0.18644771,1.454108,0.03819128,-0.4359414
atac_E18_5-S1#CCGAGAATGGTACTGC-1,-0.60322076,0.24126816,-0.5280047,1.0753897,0.0969098,1.1067257,-0.2934788,0.76547015,-0.699122,-1.1619374
atac_E18_5-S1#CCGAGAATGGTATGCT-1,-0.43625578,0.660393,-0.7539079,-1.1858002,-0.56538844,0.7585192,0.9938497,1.4352409,0.033000063,-0.93965024
atac_E18_5-S1#CCGAGAATTAGAATTA-1,-1.0549217,0.24881539,-0.20990191,1.639599,0.5518554,1.2408887,-0.33581635,-0.62845784,-0.5552806,-0.8967799
atac_E18_5-S1#CCGAGAATTAGAGTAA-1,-1.1046568,-0.24616803,-0.3478733,1.912338,0.5951413,-0.32676312,-0.42598557,-0.094407365,-0.533502,0.57187676
atac_E18_5-S1#CCGAGAATTAGATCTA-1,-0.68993986,-0.98207086,3.7509294,3.0250704,-1.1236537,-0.75301045,-1.3588349,-1.1488794,-0.5610238,-0.15858701
atac_E18_5-S1#CCGAGAATTCCGGCCT-1,-0.5216101,-0.6471767,-0.7593473,0.9193274,-1.0894684,1.6673065,-0.60800236,1.8340344,0.020453282,-0.81551695
atac_E18_5-S1#CCGAGAATTCCTACCA-1,-0.6179609,-0.42012554,0.012080764,1.7031938,0.6333101,0.017070957,-0.62909377,-0.053980365,-0.5856003,-0.058894686
atac_E18_5-S1#CCGAGAATTCGGCCTT-1,-0.3104222,-0.26237166,0.00943204,-0.6046719,-0.63635665,0.8720418,1.0875626,0.57793707,-0.030618532,-0.7025326
atac_E18_5-S1#CCGAGAATTCTGATAC-1,2.783717,-1.4277445,-0.18757582,2.784633,-2.0029986,-1.3318524,1.8236277,-0.82343817,-1.2201604,-0.3982078
atac_E18_5-S1#CCGAGAATTGAGTCTG-1,0.3018721,-0.32066515,0.1955728,1.5538558,0.29135513,0.045258142,-0.11566327,-0.48076627,-0.55590045,-0.91491884
atac_E18_5-S1#CCGAGAATTGCCGGCA-1,-1.0066278,-0.7401944,3.0692077,2.492812,-0.824458,-0.7264275,-0.7431395,-0.9889168,-0.5165007,-0.0157549
atac_E18_5-S1#CCGAGAATTGCGGACC-1,0.625993,-0.46184626,0.033689544,1.2400223,0.103423096,-0.38439927,0.3304722,-0.40292534,-0.7182659,-0.36616346
atac_E18_5-S1#CCGAGAATTGGTCAGC-1,0.20889303,-0.150033,0.051781062,-0.5995717,-0.09864574,0.38619658,1.2148262,0.6399515,-0.77153236,-0.88186556
atac_E18_5-S1#CCGAGAATTTACCGAG-1,-0.7672191,-0.5711179,2.5285172,1.7700042,-0.4598171,-0.68204796,-0.54180926,-1.0246929,-0.5821139,0.33029658
atac_E18_5-S1#CCGAGAATTTATCCGG-1,2.0463672,-0.77946734,-0.5585403,2.1568546,-1.241952,-0.55246747,0.58716357,-0.54356045,-0.6103876,-0.5040103
atac_E18_5-S1#CCGAGAATTTATTCAT-1,-0.7281296,-0.61026716,2.573315,2.0156777,-0.6318234,-0.5656364,-0.47780773,-1.0581621,-0.543771,0.026604887
atac_E18_5-S1#CCGAGAATTTGACTTC-1,-0.02009536,-0.23562454,0.1818429,1.0727309,-0.54210097,0.48242587,0.15075839,0.45117304,-0.6217409,-0.9193693
atac_E18_5-S1#CCGATTCCAACCTGCG-1,-0.9680799,0.59567547,0.3287032,-1.0817665,-0.7354685,-0.5030066,2.2606592,0.57905304,0.29671988,-0.7724893
atac_E18_5-S1#CCGATTCCAAGAAGCT-1,-0.21115902,-0.31230733,-0.31035239,-0.16589671,-0.34208903,0.8874042,1.0650322,-0.39407715,-0.23158532,0.015030526
atac_E18_5-S1#CCGATTCCAATTAAGA-1,-0.6600243,-0.520057,0.173865,1.3904835,0.08539405,-0.8509908,-0.21700065,-0.4858006,-0.83101594,1.9151468
atac_E18_5-S1#CCGATTCCACGGAGGC-1,-0.14281847,-0.6676386,-0.19554381,1.5095687,0.41751915,-0.21880502,-0.71292657,-0.76610667,-0.7101869,1.4869382
atac_E18_5-S1#CCGATTCCACTATGCA-1,-0.16316465,-0.5058388,0.005361053,0.1481535,0.6989511,-0.3196952,-0.31385395,-0.046129312,-0.8016299,1.2978461
atac_E18_5-S1#CCGATTCCACTCAATA-1,-1.1570971,-0.46269125,-0.3732375,-0.6754117,0.5247234,-0.0073576346,-0.6861328,1.9668665,-0.53679836,1.4071364
atac_E18_5-S1#CCGATTCCAGAACGTC-1,-0.10058445,-0.32368514,-0.515088,0.17103732,-0.346156,0.79703295,-0.23247007,1.2569335,-0.080055445,-0.62696457
atac_E18_5-S1#CCGATTCCAGAGAAGG-1,0.41934326,-0.4873483,-0.70906335,-0.2296136,0.45326674,1.0316181,0.035704687,-0.7350757,-0.49546912,0.71663725
atac_E18_5-S1#CCGATTCCAGAGCTAT-1,-0.29498714,-0.22508933,-0.6172624,0.858458,-0.36767483,1.0868838,-0.3214832,0.8084815,-0.2206027,-0.70672375
atac_E18_5-S1#CCGATTCCATCATATT-1,0.5914443,-0.66277355,-0.43457144,1.2075112,-0.03158596,-0.08599578,-0.42055643,-0.6938413,-0.58458203,1.1149509
atac_E18_5-S1#CCGATTCCCATACTCC-1,0.8584866,-1.0221087,-0.6283392,0.89147377,1.8433264,-1.0742838,-0.6250582,-1.1805352,-1.1114348,2.0484731
atac_E18_5-S1#CCGATTCCCCGAGAAT-1,0.27632833,-0.03825143,-0.6368927,1.131305,1.1185371,0.29867178,-0.20151609,-0.8162172,-0.70797336,-0.42399144
atac_E18_5-S1#CCGATTCCCGACGCGA-1,0.7712302,-0.20036565,-0.664654,0.17245351,0.4466963,0.86061305,0.7623526,-0.53869206,-0.63067615,-0.97895795
atac_E18_5-S1#CCGATTCCCTAAGAGA-1,-1.3138859,1.2214462,-0.44601718,-0.15032849,0.26416773,0.17189212,-0.8909373,1.4576991,-0.45245898,0.13842288
atac_E18_5-S1#CCGATTCCCTGATGGT-1,-0.22683154,-0.8115428,-0.49236745,-0.3899429,1.918721,-1.433471,-1.0343525,1.047919,-1.3630564,2.7849247
atac_E18_5-S1#CCGATTCCCTTGCGCC-1,0.38054276,-0.48297462,-0.56324625,0.50125587,-0.807336,0.35184386,-0.5324259,1.8584421,-0.31819466,-0.38790718
atac_E18_5-S1#CCGATTCCGAAGATCG-1,0.29347336,-0.36879233,-0.040400475,0.08846687,-0.406009,0.30016747,1.4742668,-0.51821774,-0.35850793,-0.46444696
atac_E18_5-S1#CCGATTCCGATACGGA-1,1.1458397,-0.40577644,-0.18364166,0.22068244,-0.33561516,0.2840848,0.8325959,-0.13641511,-0.58251953,-0.83923495
atac_E18_5-S1#CCGATTCCGATCTTAC-1,-1.0608702,-0.25201818,-0.65995884,0.06223554,0.06266731,0.98557794,-0.6849014,1.7919648,-0.15094143,-0.09375555
atac_E18_5-S1#CCGATTCCGCCATTCT-1,-0.7172047,0.11132398,-0.39746314,1.0624181,-0.038794737,0.41633812,-0.69261134,1.3042011,-0.4306672,-0.6175402
atac_E18_5-S1#CCGATTCCGCCGCAAC-1,-0.20024401,0.100621134,0.41381276,0.91638154,-0.25516042,-0.4002565,0.6583045,-0.99751836,-0.68079805,0.4448573
atac_E18_5-S1#CCGATTCCGCGTTGGA-1,-1.59341,-1.3331536,3.875972,-2.0418167,-0.2842986,-1.4483129,-1.0307832,4.2747564,-0.4144217,-0.0045317113
atac_E18_5-S1#CCGATTCCGCTAACTT-1,1.993498,-0.7444792,-1.1291479,0.23414639,-0.6904709,-0.45869997,-0.2447372,-1.2570373,0.31079656,1.9861313
atac_E18_5-S1#CCGATTCCGGTACTGC-1,-0.13210997,-0.5182809,-0.6881464,1.1599884,-0.5580651,0.9563672,-0.73197293,1.7523022,-0.5366815,-0.70340097
atac_E18_5-S1#CCGATTCCGGTATGCT-1,2.4902415,-1.2757676,-1.4318485,-2.0894136,-1.0318122,-0.27356923,-1.3797538,-0.015835404,2.3141615,2.693597
atac_E18_5-S1#CCGATTCCTAGAATTA-1,-0.47505412,-0.24650335,-0.59823203,1.1210356,-0.13971752,0.4691489,-0.41338357,0.97329724,-0.24544346,-0.44514775
atac_E18_5-S1#CCGATTCCTAGATCTA-1,-0.585192,-0.5391094,0.06301664,1.353486,-0.048105363,-0.6410262,-0.13663206,-0.15568489,-0.66169983,1.3509473
atac_E18_5-S1#CCGATTCCTCCGGCCT-1,1.0193996,-0.55490834,-0.6006336,0.2664909,-0.028339464,0.90925294,0.055403646,-0.2991778,-0.29328263,-0.47420532
atac_E18_5-S1#CCGATTCCTCCTACCA-1,-2.027387,-0.793466,0.33369797,-0.60967964,0.12257238,-0.91681427,-0.3387133,2.9219213,-0.24600458,1.5538728
atac_E18_5-S1#CCGATTCCTCTGATAC-1,-0.08924298,0.14105952,-0.6847428,0.67867696,0.13164286,1.4247928,0.5785878,-0.14609347,-0.5593686,-1.475312
atac_E18_5-S1#CCGATTCCTGAGTCTG-1,0.24686205,-0.16992514,-0.47141844,0.92757356,0.7521947,0.45310408,0.28585762,-0.5107141,-0.8212883,-0.69224614
atac_E18_5-S1#CCGATTCCTGCCGGCA-1,-0.306304,-0.65751046,0.09705213,0.75335485,0.853044,-0.75491405,-0.25309736,-0.446629,-0.9152711,1.6302751
atac_E18_5-S1#CCGATTCCTGCGGACC-1,-0.7134923,-0.39830428,0.3891822,1.7825161,0.06708419,-0.7853565,0.08240027,-0.9955948,-0.7646152,1.3361801
atac_E18_5-S1#CCGATTCCTGGTCAGC-1,-0.2406204,-0.5385543,0.12375002,1.0367707,0.37111348,-0.93212324,-0.08985856,-0.5355001,-0.82710576,1.6321282
atac_E18_5-S1#CCGATTCCTTACCGAG-1,-0.4865883,-0.49768865,-0.45643786,0.763213,0.4882158,-0.46591297,-0.27968773,0.04689466,-0.6201156,1.5081075
atac_E18_5-S1#CCGATTCCTTATCCGG-1,0.05230322,-0.091758296,0.14512977,0.60181034,-0.37711918,0.56767,0.8534549,-1.091259,-0.5898715,-0.07036008
atac_E18_5-S1#CCGATTCCTTATTCAT-1,-0.7256741,-0.8492274,0.5256456,1.8081465,0.8455946,-1.1106199,-0.40966594,-1.1517638,-1.091966,2.1595309
atac_E18_5-S1#CCGATTCCTTGACTTC-1,-0.38741404,-0.40370587,-0.62846404,1.690574,-0.42024535,0.6162434,-0.5479476,0.8363256,-0.268478,-0.48688802
atac_E18_5-S1#CGAACGCCAACCTGCG-1,-0.12023527,-0.35370013,-0.9750341,-0.99508595,-0.37706578,0.98825824,-0.3507267,1.479338,1.4186559,-0.71440417
atac_E18_5-S1#CGAACGCCAAGAAGCT-1,0.7143413,-0.4330758,-0.42367095,0.11153518,0.45996204,0.44706377,0.2559959,-0.7620171,-0.5000964,0.12996206
atac_E18_5-S1#CGAACGCCAATTAAGA-1,-0.46962932,-0.87242776,-0.43925747,1.4963837,0.5713699,-1.0191879,-0.5791193,0.15298559,-0.81091,1.9697927
atac_E18_5-S1#CGAACGCCACGGAGGC-1,-0.61572117,-0.61392486,-0.20837371,1.9636267,-0.58872354,-0.5410709,-0.6416327,-0.058984715,-0.5209149,1.8257195
atac_E18_5-S1#CGAACGCCACTATGCA-1,0.032258853,-0.478496,-0.6018984,0.40569466,0.35049298,-0.36734432,-0.51681256,0.41686022,-0.57725346,1.336498
atac_E18_5-S1#CGAACGCCACTCAATA-1,-0.8366505,-0.6180692,-0.90581745,0.09298481,0.00079839677,0.59945905,-0.87896097,1.7377764,-0.22099325,1.0294728
atac_E18_5-S1#CGAACGCCAGAGAAGG-1,0.050200704,-0.35272175,-0.3902866,-0.15782222,0.27940947,1.0298114,0.013408132,-0.50489146,-0.66716117,0.70005345
atac_E18_5-S1#CGAACGCCAGAGCTAT-1,-0.7307409,-0.23209596,-0.1739017,-0.15046787,-0.2062301,1.2061285,0.15097177,0.7401659,-0.046223164,-0.55760646
atac_E18_5-S1#CGAACGCCATCATATT-1,-0.13002229,-0.22442695,-0.56683946,-0.41892755,0.045542818,1.2344469,0.13545224,-0.43006948,-0.38528347,0.74012727
atac_E18_5-S1#CGAACGCCCATACTCC-1,0.33173996,-0.5854978,-0.49060586,0.0042829737,0.1370602,0.7387627,-0.17003992,-0.64316076,-0.38888073,1.0663393
atac_E18_5-S1#CGAACGCCCCGAGAAT-1,-0.33049434,-0.6611961,-0.12929103,1.3436095,0.4295175,-0.99254495,-0.43294522,-0.38064283,-0.8380705,1.9920582
atac_E18_5-S1#CGAACGCCCGACGCGA-1,0.5053977,-0.6321534,-0.9118449,0.566041,-0.32454884,0.19241127,-0.17494711,-0.870235,-0.366113,2.0159924
atac_E18_5-S1#CGAACGCCCTAAGAGA-1,-0.9970396,0.08932084,-0.124160685,-0.96063197,-0.17752746,0.51540047,0.035240024,1.1716399,0.34891915,0.098839216
atac_E18_5-S1#CGAACGCCCTGATGGT-1,0.10390792,-0.65119106,-0.99523133,0.21932605,0.492529,-0.4062505,-0.7045701,0.43373543,-0.63875943,2.1465042
atac_E18_5-S1#CGAACGCCCTTGCGCC-1,-0.33119595,-0.40830997,-0.5372882,1.0487548,-0.69347626,0.5609688,-0.5836832,1.849892,-0.2867738,-0.6188884
atac_E18_5-S1#CGAACGCCGAAGATCG-1,-0.27197522,-0.37239993,-0.07906973,-0.7707459,-0.38982797,1.4054028,0.8285146,-0.84859276,-0.3190095,0.8177037
atac_E18_5-S1#CGAACGCCGATACGGA-1,0.3130527,-0.60754114,-0.45047376,-0.40398055,-0.17374246,1.3818883,0.13292195,-0.5296496,-0.3942154,0.7317401
atac_E18_5-S1#CGAACGCCGATCTTAC-1,-1.298389,-0.7769436,0.5180919,0.34536856,-0.442414,-0.21815927,-0.08737003,2.5214446,-0.66694576,0.10531658
atac_E18_5-S1#CGAACGCCGCCATTCT-1,-0.49804822,-0.45151326,-0.47817937,0.9868899,-0.37634814,0.7951391,-0.64595044,1.6538999,-0.31352106,-0.67236847
atac_E18_5-S1#CGAACGCCGCCGCAAC-1,-0.53013426,-0.27723083,0.048680916,1.1123091,-0.0021724403,-0.55602264,-0.080979176,-0.44520226,-0.565973,1.2967248
atac_E18_5-S1#CGAACGCCGCGTTGGA-1,-1.1300246,-1.1928633,3.4175358,-1.3516212,-0.1010427,-1.0815728,-1.2326931,3.808235,-0.7191463,-0.41680658
atac_E18_5-S1#CGAACGCCGCTAACTT-1,0.26694304,-0.6042811,-0.72661734,0.3773707,0.95745826,-0.27381322,-0.466548,-0.8411926,-0.71566,2.0263402
atac_E18_5-S1#CGAACGCCGGTACTGC-1,-0.30708945,-0.3368819,-0.5541965,0.68905246,-0.47786686,0.68466276,-0.6228022,1.7897336,-0.20991397,-0.65469813
atac_E18_5-S1#CGAACGCCGGTATGCT-1,1.3452826,-0.76207066,-1.38625,0.30112976,-1.1215638,0.16687658,-0.4919315,-0.7790363,0.46737704,2.2601862
atac_E18_5-S1#CGAACGCCTAGAATTA-1,-0.48716846,-0.3967704,-0.67714494,1.149063,-0.4281297,0.49478897,-0.5407103,1.7121898,-0.22381699,-0.60230094
atac_E18_5-S1#CGAACGCCTAGATCTA-1,-0.34657973,-0.5576936,-0.0046646297,1.2363362,-0.5960519,-0.1008196,-0.22846292,-0.5454312,-0.5111644,1.6545318
atac_E18_5-S1#CGAACGCCTCCGGCCT-1,-0.08767405,-0.37933147,-0.20467755,-0.36157376,-0.26414275,0.6980065,0.16869158,-0.1428149,0.07671487,0.49680153
atac_E18_5-S1#CGAACGCCTCCTACCA-1,-0.7638526,-0.33763412,-0.82764107,0.44404632,0.16247979,0.17587523,-0.88525426,2.0618188,-0.47420418,0.444366
atac_E18_5-S1#CGAACGCCTCTGATAC-1,0.55922025,-0.55295587,-0.56061345,0.033410564,-0.7099732,1.2337407,0.61286074,0.13283554,-0.3732871,-0.37523812
atac_E18_5-S1#CGAACGCCTGAGTCTG-1,-0.54066074,-0.4306512,-0.2610107,1.2957826,0.1392102,0.11589998,-0.6047579,-0.13016292,-0.54161847,0.9579692
atac_E18_5-S1#CGAACGCCTGCCGGCA-1,-0.4152275,-0.27179703,0.0011574607,-0.6274147,-0.0813178,1.0475092,0.5915366,0.14104633,0.07585401,-0.46134657
atac_E18_5-S1#CGAACGCCTGCGGACC-1,-0.18131554,-0.8388249,0.22604318,1.4074616,0.2787977,-0.9183036,-0.54398555,-0.5438527,-0.7984517,1.9124316
atac_E18_5-S1#CGAACGCCTGGTCAGC-1,-0.008300908,-0.31170973,-0.39617142,-0.9797574,-0.46739247,1.2681978,0.7757403,-0.5172171,-0.02516774,0.6617786
atac_E18_5-S1#CGAACGCCTTACCGAG-1,-0.17552066,-0.3743708,-0.2357948,-0.77983814,-0.5833963,1.2822753,0.81022227,-0.5799805,-0.015814232,0.6522178
atac_E18_5-S1#CGAACGCCTTATCCGG-1,-0.014107555,-0.4474242,-0.14902525,-0.84920853,-0.34637406,1.0587132,1.1193709,-0.56868535,-0.31278348,0.50952435
atac_E18_5-S1#CGAACGCCTTATTCAT-1,0.32067248,-0.65332866,-0.4092704,-0.55296165,0.18630376,0.5761628,-0.26043427,-0.54505044,-0.46117502,1.7990813
atac_E18_5-S1#CGAACGCCTTGACTTC-1,-0.3359153,-0.4257962,-0.64432603,0.94698846,0.13886409,0.55188996,-0.6076473,1.3882684,-0.32010165,-0.6922245
atac_E18_5-S1#CGACGCGAAAGAAGCT-1,-0.18738829,-0.17202516,-0.75952214,0.27654096,-0.75241864,1.0881777,-0.07922781,1.1135485,0.051299646,-0.57898474
atac_E18_5-S1#CGACGCGAAATTAAGA-1,2.2431633,-0.8230839,-0.2826336,1.9566206,-1.2041649,-1.0836376,1.0416943,-0.09889487,-0.8301272,-0.91893613
atac_E18_5-S1#CGACGCGAACCGCCAA-1,0.033958986,-0.66708344,-0.8138738,-0.7087296,-0.85338104,-0.7583396,2.3605404,3.9155462,-1.3893148,-1.1193233
atac_E18_5-S1#CGACGCGAACGGAGGC-1,2.7203996,-0.6918598,-1.15405,2.1243088,1.3743787,-0.8131978,-1.1909513,-0.6600158,-0.5895388,-1.1194736
atac_E18_5-S1#CGACGCGAACTATGCA-1,2.2460916,-0.94031805,-0.68379086,2.339285,-1.4178705,-1.1148448,0.9879287,0.16914079,-0.82078314,-0.76483846
atac_E18_5-S1#CGACGCGAACTCAATA-1,-1.2690685,0.048537172,-0.4890725,2.509089,1.6801424,-0.2942432,-0.28948563,-0.46050578,-0.50154585,-0.933847
atac_E18_5-S1#CGACGCGAACTTAACC-1,-1.0926374,-0.8209137,2.2480383,-0.35547543,-0.97128654,-0.42185146,-1.2154336,3.4635687,-0.38739705,-0.4466117
atac_E18_5-S1#CGACGCGAAGAACGTC-1,0.59513146,-0.50416404,-0.6823873,1.4086365,-1.2465047,0.29095128,0.38140672,0.7566634,-0.33304346,-0.66669
atac_E18_5-S1#CGACGCGAAGAGCTAT-1,-1.294113,0.3324495,-0.2841635,2.5155146,1.9812361,-0.6894691,-0.30709895,-0.9409414,-0.57456034,-0.7388538
atac_E18_5-S1#CGACGCGAATAAGGAG-1,-0.33811742,-0.28715286,-0.47232148,0.12527147,-0.3037327,0.62348914,-0.3191268,1.4257524,0.106725626,-0.5607873
atac_E18_5-S1#CGACGCGAATCATATT-1,2.271577,-0.8344579,-0.6081782,1.9010004,-1.6052668,-1.0371048,2.0616562,0.02768717,-0.8468451,-1.3300679
atac_E18_5-S1#CGACGCGACAACCGCT-1,-1.1368257,-0.23191571,-1.1359142,0.6136129,-0.7391633,1.0297029,-0.9387397,2.0844393,0.3523097,0.10249378
atac_E18_5-S1#CGACGCGACCAGTTCC-1,0.26946342,-0.510123,-0.6134272,-0.40777832,-0.8224677,-0.65331507,0.57735616,3.855597,-1.12545,-0.56985515
atac_E18_5-S1#CGACGCGACCGAGAAT-1,2.8435566,-1.0292757,-1.0518879,0.7189639,2.797066,-1.0745152,-1.5606843,-1.2137821,-0.92226505,0.4928235
atac_E18_5-S1#CGACGCGACCGATTCC-1,-1.2090186,-0.531653,-0.41545272,-1.0999815,-0.6728283,-0.73561335,0.7127944,3.690047,0.4007403,-0.13903467
atac_E18_5-S1#CGACGCGACGAACGCC-1,-0.58118093,-0.36997643,-0.61040634,-0.050291363,-0.6039298,0.45199707,-0.50528216,2.861546,-0.0068532336,-0.58562297
atac_E18_5-S1#CGACGCGACGACGCGA-1,1.6151488,-0.30161625,0.111217335,1.3448939,-0.6541246,-1.2988824,1.0107151,-0.13774008,-0.9370249,-0.75258696
atac_E18_5-S1#CGACGCGACTAAGAGA-1,-1.1936153,0.34886664,0.14405107,2.3553002,1.4315301,-0.8663227,-0.3932022,-0.94138044,-0.68360984,-0.20161739
atac_E18_5-S1#CGACGCGACTGATGGT-1,2.4906583,-0.976454,-1.0282384,1.6120914,2.4891245,-1.0699505,-1.1815702,-1.0444103,-0.8120563,-0.4791944
atac_E18_5-S1#CGACGCGACTTGCGCC-1,1.4100639,-0.73331094,-0.93415743,1.9238425,-1.564497,-0.83971626,1.2002438,0.36902285,-0.56457746,-0.2669139
atac_E18_5-S1#CGACGCGAGAAGATCG-1,-0.2761173,0.92235243,-1.2014134,-0.79766047,-0.7246542,0.8141212,0.063608855,1.6002012,0.52458966,-0.92502826
atac_E18_5-S1#CGACGCGAGACCTTGA-1,-0.4957406,-0.21240753,-0.821363,0.7024737,0.8147688,0.1369361,-0.8984748,0.98040223,-0.71580493,0.50921
atac_E18_5-S1#CGACGCGAGATACGGA-1,0.6723534,-0.1019699,-1.0253899,1.6051419,-0.47010303,-0.39315343,-0.07943918,0.60040164,-0.36250085,-0.44534063
atac_E18_5-S1#CGACGCGAGATCTTAC-1,-1.2891434,0.058218822,-0.49968758,2.508145,1.6654509,-0.3758825,-0.255353,-0.677414,-0.5277592,-0.60657513
atac_E18_5-S1#CGACGCGAGCAGGTCC-1,1.2034044,-0.2815826,-1.0455238,2.071034,-0.49636742,-0.3311895,-0.17928751,0.27507913,-0.3641716,-0.85139513
atac_E18_5-S1#CGACGCGAGCCATTCT-1,-1.1644548,0.25902563,-0.35457322,2.7184546,1.5146312,-0.6118451,-0.29513246,-0.70823735,-0.57783705,-0.78003144
atac_E18_5-S1#CGACGCGAGCCGCAAC-1,2.5353267,-0.86096233,-0.95413685,1.376452,2.2802858,-0.96687126,-1.1988101,-0.9642104,-0.7970547,-0.45001894
atac_E18_5-S1#CGACGCGAGCGTTGGA-1,-1.1974728,0.24454525,-0.050961718,1.861249,1.074048,-0.50891674,-0.29392076,-0.2148702,-0.45129415,-0.462406
atac_E18_5-S1#CGACGCGAGGCTGAGC-1,-0.53720987,-0.31538033,-0.48326546,-0.55221045,-0.5830011,-0.009269532,-0.46954927,3.5389426,-0.026218342,-0.56283814
atac_E18_5-S1#CGACGCGAGGTACTGC-1,0.5808269,-0.39811137,-0.86462086,2.313088,1.4259164,-0.65274525,-0.51690537,-0.76568997,-0.5638006,-0.55795777
atac_E18_5-S1#CGACGCGATAGAATTA-1,-1.2544804,0.12098091,-0.47993308,2.9647748,1.9242934,-0.66778225,-0.3963471,-0.87406325,-0.657482,-0.67996126
atac_E18_5-S1#CGACGCGATAGAGTAA-1,1.0498874,-0.41831875,-0.9993368,2.0367248,-1.1203303,-0.40379757,0.015320133,0.15909821,-0.24522014,-0.07402702
atac_E18_5-S1#CGACGCGATAGATCTA-1,2.4197133,-0.6010039,-0.99149245,1.8410794,0.8063546,-0.90137863,-0.668642,-0.7047916,-0.5619734,-0.6378653
atac_E18_5-S1#CGACGCGATCCTACCA-1,-1.1368093,0.15646735,-0.3041149,2.2275603,1.3472401,-0.2761562,-0.2239798,-0.6480743,-0.5018707,-0.6402623
atac_E18_5-S1#CGACGCGATCGGCCTT-1,1.191432,-0.12261312,-1.0525007,1.5710436,0.016223814,-0.5152264,-0.09395142,0.33631617,-0.4505781,-0.88014585
atac_E18_5-S1#CGACGCGATCTGATAC-1,-0.5151887,0.62883127,-1.3556609,-0.21606198,-0.7816734,1.460258,-0.8021787,1.8974676,0.74236244,-1.0581558
atac_E18_5-S1#CGACGCGATGAGTCTG-1,2.8459654,-0.81316364,-1.1624352,2.1691127,1.9897696,-0.932589,-1.4860727,-0.9388036,-0.6890411,-0.98274267
atac_E18_5-S1#CGACGCGATGCCGGCA-1,2.7307582,-0.91154563,-0.69335365,2.1204414,-1.6202824,-1.2208904,2.211347,-0.35460955,-0.889976,-1.371889
atac_E18_5-S1#CGACGCGATGCGGACC-1,3.237152,-0.9180216,-1.0426171,1.7363946,2.1563263,-1.133969,-1.4194161,-0.9683882,-0.9096929,-0.737768
atac_E18_5-S1#CGACGCGATGGTCAGC-1,2.5541816,-1.1022264,-0.4218567,2.3569987,-1.6781515,-1.1039479,1.7537204,-0.4046895,-0.9418349,-1.0121934
atac_E18_5-S1#CGACGCGATTACCGAG-1,2.8211036,-1.0564122,-0.69547117,2.096187,-1.5382577,-1.1830328,2.7584507,-0.8479055,-0.90680695,-1.4478554
atac_E18_5-S1#CGACGCGATTATCCGG-1,0.53467137,-0.57076526,-0.8202975,0.070516326,-0.7588592,1.3630155,0.11949231,1.353172,-0.34658015,-0.9443655
atac_E18_5-S1#CGACGCGATTATTCAT-1,2.5445573,-1.0368034,0.033272546,1.8525707,-1.640782,-1.2972693,1.4694781,-0.00042823423,-0.98608345,-0.9385121
atac_E18_5-S1#CGACGCGATTGACTTC-1,-1.0722191,0.27114424,0.2546308,2.7836046,1.6281693,-0.8209415,-0.37207764,-1.08427,-0.66064537,-0.9273949
atac_E18_5-S1#CTAAGAGAAACCTGCG-1,-0.7569918,-0.11298257,0.41269124,0.5516495,-0.02778035,0.64684707,0.5067604,0.25790796,-0.7661887,-0.71191275
atac_E18_5-S1#CTAAGAGAAAGAAGCT-1,-0.6683898,-0.60670453,0.35724726,1.6623051,-0.87197155,0.39190862,-0.86656207,-0.2236535,-0.44410694,1.2699274
atac_E18_5-S1#CTAAGAGAAATTAAGA-1,-0.5103983,-0.42971548,0.49565676,1.2698454,-0.58617896,0.46741685,-0.06827683,-1.0982399,-0.57438,1.0342705
atac_E18_5-S1#CTAAGAGAACCGCCAA-1,-0.9298176,0.07453626,-0.11582573,-1.4199566,-0.5668586,-0.28000596,1.9046284,1.6299185,0.45039466,-0.74701333
atac_E18_5-S1#CTAAGAGAACGGAGGC-1,-0.26646665,-0.59626985,0.38088673,1.7921985,-0.75324416,0.53497404,-0.6712899,-0.45157653,-0.5219814,0.55276895
atac_E18_5-S1#CTAAGAGAACTATGCA-1,0.11294557,-0.4318565,0.18339942,0.37961692,0.2677435,0.68134737,0.08088654,-0.7288189,-0.5793016,0.034037694
atac_E18_5-S1#CTAAGAGAACTCAATA-1,-0.08658919,-0.7424028,-0.39866245,0.48520005,0.81562084,-0.24215268,-1.1389945,0.41009656,-0.6925406,1.5904247
atac_E18_5-S1#CTAAGAGAACTTAACC-1,-1.8936712,-0.7453973,-0.5460405,-1.3238753,2.134693,-1.2818515,-1.3849987,2.7585306,-0.14178386,2.4243948
atac_E18_5-S1#CTAAGAGAAGAACGTC-1,-0.6158063,-0.2741655,-0.022893332,-0.54880095,-0.63735986,0.98103034,1.3704553,0.53607285,-0.083207816,-0.7053251
atac_E18_5-S1#CTAAGAGAAGAGAAGG-1,-1.0994611,-0.43790638,0.3921241,1.6824088,-0.022477765,-0.45402893,-0.43169978,-0.4156778,-0.57534033,1.3620591
atac_E18_5-S1#CTAAGAGAAGAGCTAT-1,-0.4407014,-0.3802128,-0.08280313,0.80448943,-0.07488115,0.52632195,-0.4534564,0.04827235,-0.4388705,0.49184173
atac_E18_5-S1#CTAAGAGAATCATATT-1,-0.12647013,-0.158552,0.046268977,0.89172494,-0.582936,0.89840424,0.5826908,-0.96405816,-0.6298127,0.04274004
atac_E18_5-S1#CTAAGAGACAACCGCT-1,-1.58966,-0.572947,-0.5970156,-0.9285765,1.2866586,-0.5076575,-1.1327258,2.3262959,-0.03512325,1.750751
atac_E18_5-S1#CTAAGAGACATACTCC-1,-0.88570356,-0.42411023,0.05144,0.9591008,-0.5253902,0.6348634,-0.7910664,0.28899828,-0.38957667,1.0814447
atac_E18_5-S1#CTAAGAGACCAGTTCC-1,-1.3968304,-0.7695569,-0.5363528,-0.5592847,0.10624332,0.32707286,-0.8148952,2.2748754,0.33051014,1.038218
atac_E18_5-S1#CTAAGAGACCGAGAAT-1,0.13204208,-0.42915398,-0.517362,1.3150163,-0.10352692,0.70957255,-0.56761706,0.3111022,-0.3751219,-0.47495127
atac_E18_5-S1#CTAAGAGACGACGCGA-1,0.19077475,-0.3987595,0.4393998,-0.39357352,0.3144725,0.26068562,0.6836184,-0.29998192,-0.6082071,-0.18842909
atac_E18_5-S1#CTAAGAGACTAAGAGA-1,-0.8985434,-0.20686676,-0.49078807,0.56785494,0.24263671,0.9504462,-0.8910427,0.566019,-0.5014109,0.66169506
atac_E18_5-S1#CTAAGAGACTGATGGT-1,-0.13956034,-0.48948652,-0.030566232,0.45910537,0.27786505,0.40713832,-0.46037197,0.004144056,-0.46734568,0.43907794
atac_E18_5-S1#CTAAGAGACTTGCGCC-1,-1.0884796,-0.12768745,-0.3469275,0.016358905,0.01640239,0.87423533,-0.67625695,1.095248,-0.5771993,0.81430614
atac_E18_5-S1#CTAAGAGAGAAGATCG-1,-0.8346606,-0.64741486,0.8584558,1.8844863,-1.0973322,0.49751353,-0.64870065,-0.62670934,-0.44913492,1.0634971
atac_E18_5-S1#CTAAGAGAGACCTTGA-1,-0.99701107,0.18014523,0.68706894,-1.142612,-0.39327332,0.15606761,1.3338336,0.8828051,0.023814052,-0.73083806
atac_E18_5-S1#CTAAGAGAGATACGGA-1,0.46707734,-0.48547405,0.018986875,0.065763816,-0.2633467,0.34677592,0.9025969,-0.0077011883,-0.45702633,-0.58765256
atac_E18_5-S1#CTAAGAGAGATCTTAC-1,-0.23225066,-0.48811576,-0.5841438,1.781063,-0.20983385,0.6145566,-0.62190455,0.837451,-0.39749926,-0.6993229
atac_E18_5-S1#CTAAGAGAGCAGGTCC-1,-0.93112653,-0.17407465,-0.21632117,-0.75273377,-0.36549342,1.0051367,0.7511869,0.4389315,0.4874156,-0.24292126
atac_E18_5-S1#CTAAGAGAGCCATTCT-1,-0.605811,-0.20688164,-0.44793275,0.7283541,-0.20089361,0.9532563,-0.62936854,0.010790583,-0.5470643,0.94555074
atac_E18_5-S1#CTAAGAGAGCCGCAAC-1,0.10229087,-0.5792138,0.22191581,0.2884876,0.03127291,0.6044919,-0.09009379,0.2992118,-0.42535073,-0.45301265
atac_E18_5-S1#CTAAGAGAGCGTTGGA-1,-0.01547391,-0.448175,0.18854278,0.38825908,-0.19753647,0.3085446,-0.44643962,0.7364462,-0.3791633,-0.13500439
atac_E18_5-S1#CTAAGAGAGCTAACTT-1,-0.8432865,-0.3686344,0.09263715,0.96456414,-0.8039785,1.2920232,0.40173632,-0.7085791,-0.61332476,0.58684266
atac_E18_5-S1#CTAAGAGAGGTACTGC-1,-0.78067493,-0.35563505,-0.49382472,0.8199888,0.07229744,0.65080124,-0.9610486,0.5397324,-0.60084206,1.1092056
atac_E18_5-S1#CTAAGAGAGGTATGCT-1,-0.7191689,-0.25279176,-0.120064,1.0889883,-0.25139874,0.68620735,-0.17193255,-0.56764877,-0.5277801,0.83558923
atac_E18_5-S1#CTAAGAGATAGAATTA-1,-0.6633893,-0.4126626,-0.34160608,1.2018102,-0.1687741,1.062647,-0.58252513,0.93109274,-0.38482404,-0.6417688
atac_E18_5-S1#CTAAGAGATAGAGTAA-1,-0.87239885,0.15309554,1.2284529,-1.3522544,-0.65345496,-0.461169,2.4487808,-0.29401517,0.21941641,-0.41645318
atac_E18_5-S1#CTAAGAGATAGATCTA-1,-0.59116226,-0.56998473,0.5929817,1.8598887,-0.57269,-0.029162921,-0.37099636,-1.0293409,-0.52596664,1.2364334
atac_E18_5-S1#CTAAGAGATCCGGCCT-1,-0.17861395,-0.6020441,0.10356723,1.4863577,-0.65963554,0.57760644,-0.6637054,-0.610007,-0.590764,1.1372387
atac_E18_5-S1#CTAAGAGATCCTACCA-1,-0.97563505,-0.45784637,-0.5815521,0.55378413,0.24704215,-0.032671105,-1.0593656,1.2699249,-0.4969297,1.5332488
atac_E18_5-S1#CTAAGAGATCGGCCTT-1,-0.6111783,-0.35242254,0.15587063,-0.26910242,-0.48974478,0.6896611,0.51063937,1.0484009,0.022398267,-0.7045222
atac_E18_5-S1#CTAAGAGATCTGATAC-1,0.36858267,-0.59234095,-0.22502281,0.87387496,0.084533006,0.92208236,-0.09236735,-0.65404755,-0.72212243,0.036828123
atac_E18_5-S1#CTAAGAGATGAGTCTG-1,-0.18526193,-0.44652426,-0.12807159,0.8162279,0.67116183,0.7281356,-0.60746324,-0.008450359,-0.5515842,-0.28816977
atac_E18_5-S1#CTAAGAGATGCCGGCA-1,-0.67280704,-0.23081183,0.79840153,1.1438617,-0.40101874,0.0585213,-0.05416914,-0.7365655,-0.68836904,0.7829568
atac_E18_5-S1#CTAAGAGATGCGGACC-1,-0.174844,-0.30362028,-0.040772237,1.2281235,0.3100588,0.72261643,-0.36939436,-0.45735052,-0.56574875,-0.34906858
atac_E18_5-S1#CTAAGAGATGGTCAGC-1,-0.092944264,-0.21104169,0.13622467,0.73369724,-0.4838149,1.0965377,0.3278131,-0.65025544,-0.6519799,-0.20423648
atac_E18_5-S1#CTAAGAGATTACCGAG-1,-0.37548134,-0.48137718,0.5304739,1.2934828,-0.6298682,0.41872266,-0.0666149,-0.74958646,-0.60199,0.6622387
atac_E18_5-S1#CTAAGAGATTATCCGG-1,-0.28303754,-0.17934974,-0.2879789,-0.14040917,0.25066167,1.1008843,1.0779359,-0.56558424,-0.5012732,-0.47184908
atac_E18_5-S1#CTAAGAGATTATTCAT-1,0.009300539,-0.4526666,-0.073318414,0.35623276,-0.4754389,1.1702946,0.49761933,-0.6096607,-0.50910866,0.08674598
atac_E18_5-S1#CTAAGAGATTGACTTC-1,-0.18105578,-0.50154275,0.16254887,1.2417332,0.1499348,0.44300583,-0.66886955,-0.071525685,-0.5708534,-0.0033756942
atac_E18_5-S1#CTGATGGTAACCTGCG-1,-1.0739949,1.7999644,-0.96193886,-0.9860036,-0.8094307,0.20774896,-0.08044131,1.8570195,0.84414446,-0.797068
atac_E18_5-S1#CTGATGGTAAGAAGCT-1,-0.6116236,-0.20962033,-0.37312645,-0.028604763,-0.7904813,1.2052002,-0.020226432,1.436608,0.123679005,-0.73180425
atac_E18_5-S1#CTGATGGTAATTAAGA-1,-0.5789602,-0.6703565,2.8157384,1.8416233,-0.57107306,-0.484191,-1.0849617,-0.8893158,-0.53371155,0.15520751
atac_E18_5-S1#CTGATGGTACCGCCAA-1,-0.68347174,-0.3481994,-0.6676867,-0.22228074,-0.79586375,0.3960982,-0.5319649,2.949691,0.47377297,-0.5700951
atac_E18_5-S1#CTGATGGTACGGAGGC-1,-0.7373324,-0.7110472,0.8186924,1.9921343,-0.6936032,0.3777017,-0.8173034,-0.8157548,-0.579669,1.1661813
atac_E18_5-S1#CTGATGGTACTATGCA-1,0.17866991,-0.58408105,0.029417856,-0.9205568,-0.073111214,0.6612665,1.4075453,0.0033925306,-0.40068787,-0.3018552
atac_E18_5-S1#CTGATGGTACTCAATA-1,-0.45388225,-0.38782394,-0.5430666,1.278765,0.085341014,0.59148,-0.46405044,0.7739357,-0.32262248,-0.5580759
atac_E18_5-S1#CTGATGGTACTTAACC-1,-1.1509498,-0.8597531,-0.10035522,-0.3627228,-0.8000326,0.09352053,-0.49502712,2.933742,0.34018165,0.40139621
atac_E18_5-S1#CTGATGGTAGAACGTC-1,-0.87425506,-0.24038559,0.44017768,0.91246635,-0.15066704,0.8232442,-0.44101006,0.49121824,-0.52340096,-0.4373878
atac_E18_5-S1#CTGATGGTAGAGAAGG-1,-0.6077445,-0.25393808,-0.04117848,0.3964823,-0.33597034,1.0338448,0.25121608,0.16312876,-0.27052373,-0.33531678
atac_E18_5-S1#CTGATGGTAGAGCTAT-1,-0.38951743,-0.33393672,0.05036491,0.82268465,0.19646259,0.6160996,-0.24550635,0.09139033,-0.3440843,-0.46395722
atac_E18_5-S1#CTGATGGTATCATATT-1,-0.62033236,-0.5040357,1.7749686,1.3382928,-0.21359323,-0.48374665,-0.24960476,-1.0893302,-0.78427124,0.83165246
atac_E18_5-S1#CTGATGGTCAACCGCT-1,-0.6024742,-0.2990202,-0.41809678,-0.23913355,-0.30145636,0.46180412,-0.41580373,2.104003,0.2207458,-0.510568
atac_E18_5-S1#CTGATGGTCATACTCC-1,-0.45308974,-0.27954784,-0.0069023743,0.10943356,-0.13278523,0.3737375,-0.13713193,0.047704596,-0.035224065,0.51380545
atac_E18_5-S1#CTGATGGTCCAGTTCC-1,-0.96177644,-1.0941786,-0.5551278,-0.95586145,1.4563661,-0.98316467,-1.502111,2.6243045,-0.16954458,2.141094
atac_E18_5-S1#CTGATGGTCCGAGAAT-1,-0.97142345,-0.49944153,0.5889606,1.9245557,0.6631821,0.30269146,-0.5996975,-1.0097921,-0.6893596,0.29032424
atac_E18_5-S1#CTGATGGTCCGATTCC-1,-0.74902284,-0.37012506,-0.5713506,-0.65845704,-0.5065433,0.32582608,-0.3472149,2.506563,0.9990485,-0.6287237
atac_E18_5-S1#CTGATGGTCGAACGCC-1,-0.60766065,-0.2544226,-0.421214,-0.22575694,-0.34633118,0.52726626,-0.24374107,1.8109419,0.20824069,-0.44732258
atac_E18_5-S1#CTGATGGTCGACGCGA-1,-0.09490206,0.035577163,-0.557282,-0.81309325,-0.08045654,1.0185063,0.869823,0.27317175,-0.3638645,-0.28748006
atac_E18_5-S1#CTGATGGTCTAAGAGA-1,-0.7321961,-0.5364522,-0.24726689,1.5784942,0.7784395,0.43824086,-0.60659355,-0.92248774,-0.73359454,0.9834163
atac_E18_5-S1#CTGATGGTCTGATGGT-1,-0.03562799,-0.34881392,-0.07576239,1.2177646,0.83303726,-0.12183386,-0.39875126,-0.42173868,-0.6637154,0.015441768
atac_E18_5-S1#CTGATGGTCTTGCGCC-1,-0.81046635,-0.4147001,-0.29101723,0.32230484,-0.7854855,1.5367407,0.7552706,0.67486787,-0.24891937,-0.7385955
atac_E18_5-S1#CTGATGGTGAAGATCG-1,-0.567684,-0.26200667,-0.8436288,0.5939069,-0.5535099,1.4908584,-1.0377522,1.9268013,0.099470966,-0.84645593
atac_E18_5-S1#CTGATGGTGACCTTGA-1,-0.91518337,0.25410163,-0.40361327,-0.42328143,-0.038775533,0.87257457,0.8487871,0.6421687,-0.08017837,-0.75660026
atac_E18_5-S1#CTGATGGTGATACGGA-1,0.13330293,-0.59473586,-0.26612884,-0.5783876,0.090978995,1.1422658,0.7700655,-0.74619263,-0.51023686,0.55906856
atac_E18_5-S1#CTGATGGTGATCTTAC-1,-0.46132693,-0.3710772,-0.29609922,1.3444583,0.8767334,0.43739197,-0.4598137,0.052205194,-0.5112984,-0.61117345
atac_E18_5-S1#CTGATGGTGCAGGTCC-1,-0.62471306,-0.48443365,0.09844604,1.6558619,0.4931047,-0.03785354,-0.46831495,-0.64880055,-0.60329384,0.6199969
atac_E18_5-S1#CTGATGGTGCCATTCT-1,-0.9466813,-0.260134,0.14597602,1.6011008,0.2745707,0.021774163,-0.56259996,-0.17257167,-0.5330739,0.43163922
atac_E18_5-S1#CTGATGGTGCCGCAAC-1,-0.8480153,-0.28575712,0.16626923,1.6256473,0.9827386,0.03683756,-0.5474679,-0.9188071,-0.6910858,0.47964048
atac_E18_5-S1#CTGATGGTGCGTTGGA-1,-0.020287722,-0.4664659,0.014172152,0.68076086,-0.2483298,0.4878828,-0.5653155,1.0786363,-0.3926574,-0.5683959
atac_E18_5-S1#CTGATGGTGCTAACTT-1,-0.5493763,-0.14053531,0.27633506,-0.8883756,-0.49014467,0.21818309,2.0955005,-0.3108034,-0.031078406,-0.1797047
atac_E18_5-S1#CTGATGGTGGCTGAGC-1,-0.4404142,-0.23905814,-0.50458765,0.11565873,-0.08731397,0.5033682,-0.3655197,1.461104,0.06329506,-0.50653243
atac_E18_5-S1#CTGATGGTGGTACTGC-1,-0.76989186,0.02330127,-0.03889907,-0.010541618,-0.019353978,0.92079884,0.65317255,0.08139529,-0.29361558,-0.5463659
atac_E18_5-S1#CTGATGGTGGTATGCT-1,-1.0,0.5935824,-0.23747699,-1.1124367,-0.5941707,0.52524936,1.5092877,0.1225632,0.6862383,-0.49283653
atac_E18_5-S1#CTGATGGTTAGAATTA-1,-0.46579492,-0.1193016,-0.09346743,1.1384659,0.34113368,0.9520793,-0.19657235,-0.2913564,-0.5951454,-0.6700408
atac_E18_5-S1#CTGATGGTTAGAGTAA-1,-0.78743124,-0.41120425,0.08349947,1.1863041,0.011293478,0.7245871,-0.6361849,0.51451766,-0.5525379,-0.13284343
atac_E18_5-S1#CTGATGGTTAGATCTA-1,-1.035399,-0.4162613,1.5564964,1.473218,-0.08636768,0.03258681,-0.51435596,-0.89150107,-0.6136876,0.49527127
atac_E18_5-S1#CTGATGGTTCCGGCCT-1,-0.55021423,-0.25729078,-0.2112707,-0.43688586,-0.2882595,0.72700256,0.48575133,0.54467386,0.29511356,-0.3086201
atac_E18_5-S1#CTGATGGTTCCTACCA-1,-0.27773497,-0.34054995,-0.42705196,0.9679759,-0.14239044,0.3888286,-0.49534354,1.2404463,-0.31281993,-0.6013602
atac_E18_5-S1#CTGATGGTTCGGCCTT-1,-0.8815198,-0.15835503,-0.18481448,1.6989132,0.606697,0.64793265,-0.37303004,-0.7129647,-0.50132734,-0.14153147
atac_E18_5-S1#CTGATGGTTCTGATAC-1,-0.42724115,0.6818896,-0.40940213,0.18426381,-0.27148443,0.50517666,-0.14379297,0.26166946,-0.36993307,-0.011145733
atac_E18_5-S1#CTGATGGTTGAGTCTG-1,0.45128527,-0.5880281,-0.3045722,1.1975987,0.77278745,0.61444,-0.5281234,-0.38748667,-0.6969013,-0.5309997
atac_E18_5-S1#CTGATGGTTGCCGGCA-1,-0.7230048,-0.85652655,2.9831924,2.245395,-0.62587166,-0.6266854,-0.9376908,-1.2554433,-0.6934199,0.4900552
atac_E18_5-S1#CTGATGGTTGCGGACC-1,0.3158182,-0.28695762,0.08989255,0.6287766,0.6759298,0.20246172,-0.05057153,-0.5093963,-0.7805207,-0.2854327
atac_E18_5-S1#CTGATGGTTGGTCAGC-1,0.48186114,0.1980973,-0.41952533,-0.28838667,0.34870762,0.46961665,1.0221791,0.0045192763,-0.8391278,-0.9779414
atac_E18_5-S1#CTGATGGTTTACCGAG-1,-0.7652821,-0.7277581,2.6863449,2.0259805,-0.64559335,-0.48764184,-0.99202716,-0.79259247,-0.56864786,0.26721773
atac_E18_5-S1#CTGATGGTTTATCCGG-1,0.07349322,-0.32716566,-0.26907334,0.8082152,0.03287184,1.0840044,0.21498059,-0.55727994,-0.6340853,-0.425961
atac_E18_5-S1#CTGATGGTTTATTCAT-1,-0.7344004,-0.8530311,3.3389883,2.5403752,-0.59322006,-0.6929713,-1.2702335,-1.303302,-0.61120147,0.17899637
atac_E18_5-S1#CTGATGGTTTGACTTC-1,-1.0889354,-0.31759152,0.61772597,1.5645094,0.01739239,0.13711098,-0.6282789,-0.5068064,-0.5916633,0.79653674
atac_E18_5-S1#CTTGCGCCAACCTGCG-1,-1.1975329,-0.3625323,0.32933736,2.0987825,-0.28014934,-0.15851218,-0.46904057,-0.46944204,-0.6095209,1.1186101
atac_E18_5-S1#CTTGCGCCAAGAAGCT-1,-0.2811687,-0.5675138,-0.5565596,1.3625741,0.45641196,1.3869517,-0.5228797,-0.8614197,-0.7346792,0.31828296
atac_E18_5-S1#CTTGCGCCAATTAAGA-1,-0.59535056,0.73080003,-0.4733414,-0.79932946,-0.28853226,0.8021803,0.37672588,1.2329127,-0.32946774,-0.65659744
atac_E18_5-S1#CTTGCGCCACGGAGGC-1,-0.080961525,-0.47409815,-0.14250381,0.45939404,0.12623733,0.51622427,-0.5901583,1.0235054,-0.24435222,-0.593287
atac_E18_5-S1#CTTGCGCCACTATGCA-1,0.40274453,-0.6871357,0.22133507,0.26696667,0.49235213,0.122941285,-0.40448546,-0.4317158,-0.7427775,0.75977486
atac_E18_5-S1#CTTGCGCCACTCAATA-1,0.012975272,-0.41916206,-0.10418159,0.13794038,0.05928637,0.763089,-0.16604502,0.7928819,-0.48528957,-0.5914947
atac_E18_5-S1#CTTGCGCCAGAACGTC-1,-1.6681961,-1.0289344,-0.7538376,-1.6730574,2.270404,-1.5786173,-1.5634373,3.2582388,-0.20240274,2.9398398
atac_E18_5-S1#CTTGCGCCAGAGAAGG-1,-1.3289127,-0.20935446,0.30425876,1.558058,-0.65342516,0.09454841,-0.11875337,-0.2625852,-0.51112664,1.1272924
atac_E18_5-S1#CTTGCGCCAGAGCTAT-1,-0.88715744,0.19152127,-0.49978104,0.19386362,0.07794983,1.2333676,0.10029678,0.47024176,-0.13365388,-0.7466483
atac_E18_5-S1#CTTGCGCCATCATATT-1,-0.6395853,-0.7033819,0.26732734,1.3857138,-0.18869764,-0.5180863,-0.59779906,-0.40108672,-0.69169575,2.0872917
atac_E18_5-S1#CTTGCGCCCAACCGCT-1,-0.634746,-0.6283898,-0.053876955,-0.48728427,-0.37865058,0.1032097,0.7178917,2.687462,-0.7130539,-0.6125619
atac_E18_5-S1#CTTGCGCCCATACTCC-1,-1.2871563,-0.2970046,0.63011247,1.7413758,-0.24443156,-0.041586347,-0.39055666,-0.5982783,-0.51508147,1.002607
atac_E18_5-S1#CTTGCGCCCCGAGAAT-1,1.5498177,-0.6969447,-0.7887486,1.4248397,-0.3114463,-0.74795216,0.7182977,-1.8508196,-0.7781427,1.4810989
atac_E18_5-S1#CTTGCGCCCGACGCGA-1,-0.43429175,-0.34699413,-0.2097809,0.7813896,0.110243104,0.8293255,-0.20064107,-0.6947447,-0.58982754,0.75532174
atac_E18_5-S1#CTTGCGCCCTAAGAGA-1,-0.81984204,0.24932402,-0.31620538,-0.56700504,-0.6300151,0.9920071,1.5104318,-0.008686781,-0.12601545,-0.28399292
atac_E18_5-S1#CTTGCGCCCTGATGGT-1,1.3109006,-0.6243918,-0.6322541,1.5124594,0.8001787,-0.8696798,-0.02523401,-1.2536776,-1.0244085,0.80610734
atac_E18_5-S1#CTTGCGCCCTTGCGCC-1,-1.7263832,-0.6749725,-0.7731636,-1.1076362,2.0468776,-1.3793163,-1.3421856,2.6760936,-0.29213408,2.5728204
atac_E18_5-S1#CTTGCGCCGAAGATCG-1,-0.58428866,-0.6208208,0.21948184,1.8040726,-0.19689061,0.27762926,-0.6454415,-0.8030104,-0.7813156,1.3305838
atac_E18_5-S1#CTTGCGCCGACCTTGA-1,-1.2172642,-0.5476516,-0.6656136,-0.13005847,0.9322732,-0.3462447,-1.0770372,2.1055827,-0.6394739,1.5854877
atac_E18_5-S1#CTTGCGCCGATACGGA-1,-0.15181924,-0.700364,0.4318209,1.2811843,-0.19098029,-0.38432887,-0.4802515,-0.8344463,-0.70902455,1.7382095
atac_E18_5-S1#CTTGCGCCGATCTTAC-1,0.8855221,-0.42494792,-0.43742698,1.448683,0.5144962,-0.4408071,-0.029269397,-1.0516838,-0.724927,0.26036084
atac_E18_5-S1#CTTGCGCCGCAGGTCC-1,-1.6847982,-0.7412176,-0.76495445,-1.6792424,2.5996375,-1.7830395,-1.6246974,3.1707184,-0.38410777,2.8917012
atac_E18_5-S1#CTTGCGCCGCCATTCT-1,-1.1984851,0.22263867,-1.1971326,1.0629666,-1.1912754,0.66451406,-1.0552701,2.3058994,0.7116402,-0.32549566
atac_E18_5-S1#CTTGCGCCGCCGCAAC-1,0.5030551,-0.34523004,-0.7664497,-0.4358151,-0.18125315,0.35713676,0.2644057,0.177107,-0.539493,0.9665366
atac_E18_5-S1#CTTGCGCCGCGTTGGA-1,0.994452,-0.28716397,-0.6596098,1.1175671,0.48407963,-0.45751312,0.7435043,-1.412015,-0.78743935,0.26413807
atac_E18_5-S1#CTTGCGCCGCTAACTT-1,-0.80317825,-0.2700153,0.15825899,1.2818681,-0.6390696,0.4895919,-0.0739111,-0.53914034,-0.3926919,0.7882875
atac_E18_5-S1#CTTGCGCCGGTACTGC-1,-1.6649616,0.12634832,0.17953539,0.42088136,0.5184425,-0.8601825,-0.69200253,1.4658985,-0.63560104,1.1416416
atac_E18_5-S1#CTTGCGCCGGTATGCT-1,-0.9372107,-0.39470822,0.22095814,2.424743,0.3573404,-0.57413816,-0.4677105,-1.0498344,-0.792184,1.2127446
atac_E18_5-S1#CTTGCGCCTAGAATTA-1,-1.6083975,0.37879157,-1.3594121,0.15760083,-0.9789231,0.71958387,-0.8755697,2.320488,0.5290022,0.71683586
atac_E18_5-S1#CTTGCGCCTAGAGTAA-1,-1.7634432,-0.571717,-0.49455518,-0.6450628,1.5930963,-0.96886206,-0.9285303,2.224093,-0.5180298,2.0730112
atac_E18_5-S1#CTTGCGCCTAGATCTA-1,-0.96921873,0.18760374,-0.7869474,-0.4563122,-0.517042,1.5517341,-0.20301439,1.3448832,0.07252245,-0.22420895
atac_E18_5-S1#CTTGCGCCTCCGGCCT-1,-0.46821123,-0.3424549,0.18093559,0.58760846,-0.19097568,0.3090647,-0.35330814,-0.008261442,-0.32727802,0.61288065
atac_E18_5-S1#CTTGCGCCTCCTACCA-1,0.48168895,0.25841352,-0.8681903,0.33540252,0.17432241,0.37242532,0.25801155,-0.27991337,-0.60907197,-0.12308866
atac_E18_5-S1#CTTGCGCCTCGGCCTT-1,-1.660222,-1.3219128,-0.88621426,-1.7708938,2.3263028,-1.9195045,-1.8549883,3.7236452,-0.26214188,3.6259303
atac_E18_5-S1#CTTGCGCCTCTGATAC-1,-0.67010754,-0.67308867,0.54168904,2.0944748,-0.5663736,-0.7824019,-0.39777192,-0.82250047,-0.6866099,1.9626901
atac_E18_5-S1#CTTGCGCCTGAGTCTG-1,-0.42277154,0.11851645,-0.80186725,0.01831486,-0.09181545,1.6472296,-0.324311,1.0178432,-0.398791,-0.7623479
atac_E18_5-S1#CTTGCGCCTGCCGGCA-1,-0.44162324,-0.6283782,-0.40249297,-0.5615553,-0.2474775,1.224183,-0.23253985,1.008753,-0.30900022,0.5901315
atac_E18_5-S1#CTTGCGCCTGCGGACC-1,-0.37203243,-0.04818257,-0.53738487,0.15291536,0.5819777,1.1469065,-0.3223705,0.1813328,-0.42196965,-0.36119217
atac_E18_5-S1#CTTGCGCCTGGTCAGC-1,-0.7013266,-0.5261946,0.07353357,1.8814206,-0.32007793,-0.5874895,-0.32093433,-0.89503735,-0.62699413,2.0231001
atac_E18_5-S1#CTTGCGCCTTACCGAG-1,0.5355298,-0.84276354,-0.7494573,-0.39983934,0.9573012,-0.14627834,-0.9775769,0.09726511,-0.6444325,2.1702516
atac_E18_5-S1#CTTGCGCCTTATCCGG-1,-0.77179056,-0.6087288,1.0009785,2.2924232,-0.8886611,-0.7946447,0.045379736,-1.0459473,-0.7602361,1.531227
atac_E18_5-S1#CTTGCGCCTTATTCAT-1,0.11564792,-0.30830908,0.5610729,-0.6217399,0.05026993,-0.18244624,1.3013678,-0.5916434,-0.47729662,0.15307674
atac_E18_5-S1#CTTGCGCCTTGACTTC-1,-0.86421233,-0.04192948,0.1180847,-0.12330467,-0.57290965,0.92235154,0.535549,1.2241979,-0.38711622,-0.81071067
atac_E18_5-S1#GAAGATCGAATTAAGA-1,2.1999857,-0.86466324,-0.52026576,2.1951091,-1.2947794,-0.80006444,0.64225,-0.5011219,-0.7125911,-0.3438592
atac_E18_5-S1#GAAGATCGACCGCCAA-1,-0.6164207,-0.4725288,0.2810463,-0.123830475,-0.7686985,-0.15316263,-0.5399869,3.4929757,-0.4921867,-0.6072072
atac_E18_5-S1#GAAGATCGACGGAGGC-1,2.4912999,-0.98282784,-0.48922828,2.338218,-1.8551157,-1.0271534,1.6475639,-0.6714852,-0.8327144,-0.6185571
atac_E18_5-S1#GAAGATCGACTATGCA-1,-0.9651847,2.1733139,-1.4076124,-0.29458684,-1.0421115,0.6530307,-1.1662033,1.7991314,0.90353566,-0.6533128
atac_E18_5-S1#GAAGATCGACTCAATA-1,2.704843,-0.89101523,-0.9349121,1.537469,1.5277044,-0.8210422,-1.0880756,-0.8613113,-0.69198966,-0.48167032
atac_E18_5-S1#GAAGATCGACTTAACC-1,-0.7635081,-0.4949813,0.028322626,-0.85845965,-0.4538065,0.5924521,0.15206195,2.179098,0.3349114,-0.7160906
atac_E18_5-S1#GAAGATCGAGAACGTC-1,2.0829065,-0.66234314,-0.85099447,1.9885416,-0.2341592,-0.70597553,-0.064775966,0.039915673,-0.53634125,-1.0567743
atac_E18_5-S1#GAAGATCGAGAGCTAT-1,2.4600523,-0.91422653,-0.95179486,1.6831261,1.541404,-0.86821645,-1.0394138,-0.9288128,-0.7119651,-0.27015293
atac_E18_5-S1#GAAGATCGATAAGGAG-1,-0.43430343,-0.22921112,-0.48382995,0.13774836,-0.10291601,0.54768485,-0.31591988,1.2065346,0.14265513,-0.46844265
atac_E18_5-S1#GAAGATCGATCATATT-1,0.091694996,-0.4033011,-0.47944295,-0.56654125,-0.41297835,-0.03419716,1.4523166,2.5790665,-1.1593938,-1.0672234
atac_E18_5-S1#GAAGATCGCAACCGCT-1,-0.5847883,-0.3682038,-0.20275411,-0.19888595,-0.2463929,0.7204241,-0.26871693,1.4958558,0.20211759,-0.5486555
atac_E18_5-S1#GAAGATCGCCAGTTCC-1,-0.6432425,-0.49417004,-0.6339597,1.0054495,-0.9838411,-0.08979779,-0.6999349,3.4208915,-0.16869174,-0.71270335
atac_E18_5-S1#GAAGATCGCCGAGAAT-1,2.3020523,-0.8762557,-0.21904446,1.9875331,-1.5075972,-0.884767,1.4909571,-0.7429131,-0.774604,-0.77536106
atac_E18_5-S1#GAAGATCGCCGATTCC-1,-0.6358058,-0.28226164,-0.4331835,-0.32295293,-0.32776478,0.42621416,-0.21874581,2.2242093,0.15815407,-0.5878632
atac_E18_5-S1#GAAGATCGCGAACGCC-1,-0.32456374,-0.2077936,-0.4771701,-0.12996396,-0.13120815,0.39228112,-0.32600975,1.4015669,0.2584069,-0.4555456
atac_E18_5-S1#GAAGATCGCGACGCGA-1,-1.0794657,3.1104171,-1.4760511,0.008747539,-1.0896381,-0.05549229,-1.4106313,1.9954067,0.7365266,-0.7398195
atac_E18_5-S1#GAAGATCGCTAAGAGA-1,2.490487,-0.89326465,-0.88116384,1.3308903,1.4747545,-0.5547981,-1.1891629,-0.76218766,-0.68113303,-0.33442184
atac_E18_5-S1#GAAGATCGCTGATGGT-1,1.7253217,-0.77280885,-0.8438103,1.5021037,-1.5283046,-0.44381702,1.4463589,-0.094963804,-0.49256054,-0.49751922
atac_E18_5-S1#GAAGATCGCTTGCGCC-1,1.7138215,-0.5880889,-0.9067827,1.658132,-1.2567294,-0.52140194,0.7894467,0.021143783,-0.4230242,-0.48651704
atac_E18_5-S1#GAAGATCGGACCTTGA-1,-0.67636645,-0.3273729,-0.3362229,-0.7860461,-0.49421299,1.245885,0.8331223,1.1372232,0.214287,-0.81029606
atac_E18_5-S1#GAAGATCGGATACGGA-1,0.079031266,0.27754563,-0.9147861,-0.038639273,-0.19586994,1.1268504,-0.6879487,1.2168012,-0.07588367,-0.7871006
atac_E18_5-S1#GAAGATCGGATCTTAC-1,1.7820575,-0.7082958,-0.26209748,1.6222106,-0.9399139,-0.48804867,0.58526456,-0.066734836,-0.68086165,-0.8435805
atac_E18_5-S1#GAAGATCGGCAGGTCC-1,-0.8687433,0.33166754,-0.9277637,-0.4386457,-0.027976789,1.0957551,-0.9518423,1.1328684,-0.20300019,0.8576808
atac_E18_5-S1#GAAGATCGGCCATTCT-1,2.0297148,-0.5798354,-1.0258362,1.7271519,0.8933606,-0.7258326,-0.7722455,-0.20830041,-0.49878433,-0.83939266
atac_E18_5-S1#GAAGATCGGCCGCAAC-1,2.495236,-1.0711551,-0.14136913,2.0418353,-1.710725,-1.0354599,1.9163715,-0.56153786,-0.8996124,-1.0335835
atac_E18_5-S1#GAAGATCGGCGTTGGA-1,1.6776184,-0.88307583,-0.04965415,1.046741,-0.47723833,-0.6410341,0.16218425,-0.09943502,-0.8266284,0.09052224
atac_E18_5-S1#GAAGATCGGGCTGAGC-1,-0.5325985,-0.22971049,-0.50946707,0.0502027,-0.22544557,0.47741166,-0.35357055,1.6985633,0.14865097,-0.5240364
atac_E18_5-S1#GAAGATCGGGTACTGC-1,1.5446649,-0.79182357,-0.74417627,1.3634784,-0.81596935,0.5144361,-0.13929448,0.6588836,-0.5553879,-1.0348115
atac_E18_5-S1#GAAGATCGTAGAATTA-1,1.7574276,-0.6110362,-0.7844639,1.7821536,-1.1705055,-0.456764,0.61353374,0.24734914,-0.4718202,-0.90587425
atac_E18_5-S1#GAAGATCGTAGAGTAA-1,-1.0576257,-0.22779994,-0.84473133,0.053515818,-0.65219325,1.7659347,-0.80583715,1.5761122,0.9114043,-0.7187795
atac_E18_5-S1#GAAGATCGTAGATCTA-1,2.2250364,-0.86618745,-0.33954257,2.17345,-1.2571381,-0.83338964,0.7789928,-0.5203137,-0.7434198,-0.61748785
atac_E18_5-S1#GAAGATCGTCCTACCA-1,1.5282137,-0.70452285,-0.3015379,1.529887,-0.7569818,-0.44822896,0.25971115,-0.18536285,-0.6114688,-0.30970863
atac_E18_5-S1#GAAGATCGTCGGCCTT-1,1.931746,-0.5304581,-1.1087387,1.8521463,0.011618862,-0.48870543,-0.53310204,-0.24260166,-0.37370822,-0.5181968
atac_E18_5-S1#GAAGATCGTGAGTCTG-1,2.6836329,-1.1234757,-0.08680452,2.2592,-1.8684986,-1.1269443,1.9078027,-0.753977,-1.0193772,-0.8715583
atac_E18_5-S1#GAAGATCGTGCCGGCA-1,1.4934902,-0.6278325,-0.67688173,1.7333796,0.9845417,-0.16562015,-0.9295842,-0.30215776,-0.64842254,-0.8609127
atac_E18_5-S1#GAAGATCGTGCGGACC-1,3.2978444,-1.3860215,-0.18437867,2.53262,-1.9964945,-1.4237188,2.6077778,-1.0202141,-1.1979685,-1.2294457
atac_E18_5-S1#GAAGATCGTGGTCAGC-1,-0.2773751,0.1383379,-1.4457079,-0.41763687,-0.94775265,1.1924798,0.26851988,2.2489254,0.1907774,-0.95056784
atac_E18_5-S1#GAAGATCGTTACCGAG-1,-0.16007458,-0.44025397,-0.7886874,0.5783216,-0.990538,0.2707781,0.9785833,2.4775143,-0.99226594,-0.93337774
atac_E18_5-S1#GAAGATCGTTATTCAT-1,3.3516617,-0.8737006,-1.1598569,3.1450849,-1.218415,-1.0313061,-0.085092135,-0.7178052,-0.76500267,-0.6455675
atac_E18_5-S1#GAAGATCGTTGACTTC-1,2.8031008,-0.80916345,-1.0298848,2.118552,1.7795448,-0.9126917,-1.4685891,-0.87169236,-0.6754773,-0.9336991
atac_E18_5-S1#GACCTTGAAACCTGCG-1,-0.7877532,-0.33057427,0.38074023,1.0826176,0.20856991,0.7003399,-0.29846308,-0.81194663,-0.6676053,0.52407503
atac_E18_5-S1#GACCTTGAAAGAAGCT-1,-0.678943,-0.49595463,0.18504634,1.6677337,-0.036370315,0.55425,-0.5192045,-0.9104836,-0.63093686,0.864863
atac_E18_5-S1#GACCTTGAAATTAAGA-1,-0.15836552,-0.51819897,0.59465736,0.7385304,-0.49719182,0.17551866,-0.0040012784,-0.8415734,-0.7082832,1.2189078
atac_E18_5-S1#GACCTTGAACGGAGGC-1,0.5180825,-0.746015,0.031446744,0.8662661,-0.83801055,0.5929547,0.3109846,-0.84793353,-0.46816546,0.5803898
atac_E18_5-S1#GACCTTGAACTATGCA-1,0.18437873,-0.24307834,-0.17762841,0.6856199,-0.22523743,0.55292696,0.21172851,-0.96319604,-0.668767,0.64325297
atac_E18_5-S1#GACCTTGAACTCAATA-1,-1.3529992,-0.5346138,0.5605538,0.06642923,-0.22875962,-0.067260586,-0.50546616,2.1417844,-0.3657099,0.28604168
atac_E18_5-S1#GACCTTGAAGAACGTC-1,0.3086133,-0.5645157,-0.77068746,0.5935639,-0.4396651,0.4026152,-0.8747468,2.512531,-0.29119033,-0.876518
atac_E18_5-S1#GACCTTGAAGAGAAGG-1,-0.96010756,-0.5289437,0.17997462,2.172534,-0.22628637,-0.6122078,-0.6512018,-0.88803613,-0.6817763,2.1960514
atac_E18_5-S1#GACCTTGAAGAGCTAT-1,-0.6768458,-1.2134128,2.9618,-0.8870762,-0.04909677,-0.7424066,-1.0549959,3.2677507,-0.8303611,-0.77535576
atac_E18_5-S1#GACCTTGAATCATATT-1,-0.083524585,-0.37951717,0.029371157,1.4811084,-1.0067472,-0.2570251,0.8056674,-1.0963812,-0.4992012,1.0062495
atac_E18_5-S1#GACCTTGACATACTCC-1,-0.9450501,-0.5342146,0.01578068,2.017518,-0.3785027,0.006808685,-0.74365854,-0.56704646,-0.48315725,1.6115222
atac_E18_5-S1#GACCTTGACCGAGAAT-1,-0.1381061,-0.52483356,-0.20815314,-0.102415025,0.7350772,-0.14137657,-0.80597717,0.27865264,-0.5791581,1.48629
atac_E18_5-S1#GACCTTGACGACGCGA-1,0.14146724,0.037207406,-0.054557655,0.33260703,-0.114491135,0.2633882,0.3817746,-0.78633857,-0.64778394,0.4467268
atac_E18_5-S1#GACCTTGACTAAGAGA-1,-0.79044884,-1.1368271,3.1028974,-1.0359994,-0.11146739,-0.7045389,-1.2019175,3.4629812,-0.7785677,-0.8061117
atac_E18_5-S1#GACCTTGACTGATGGT-1,-0.72791123,0.29449028,-0.5860432,-0.44528684,-0.30474,1.3752905,0.16045055,0.692244,0.15900531,-0.61749923
atac_E18_5-S1#GACCTTGACTTGCGCC-1,-0.30901632,-0.76371205,-0.31986904,-0.5082814,-0.681327,-0.5913386,1.4925898,3.4151409,-0.87009037,-0.8640961
atac_E18_5-S1#GACCTTGAGAAGATCG-1,-0.46711135,-0.53122765,-0.10723655,1.3623161,-0.055804223,0.1969643,-0.36785924,-0.9581168,-0.6119278,1.5400033
atac_E18_5-S1#GACCTTGAGATACGGA-1,-0.10836616,-0.099449426,-0.287589,0.3173525,-0.2583982,0.9017713,0.12784919,-0.61089647,-0.70760214,0.7253283
atac_E18_5-S1#GACCTTGAGATCTTAC-1,-0.3245589,-0.31230235,-0.35737246,1.1406115,0.1327787,0.83458513,-0.43166226,0.2331204,-0.3322311,-0.58296865
atac_E18_5-S1#GACCTTGAGCAGGTCC-1,-1.0978311,-0.5621555,-0.99058264,-0.16998033,-0.78227884,0.9020309,-0.9082709,2.0592427,2.0512915,-0.501466
atac_E18_5-S1#GACCTTGAGCCATTCT-1,-1.1259397,-0.82608974,1.8406686,-1.3133148,0.22252163,-0.6982933,-0.5502845,2.580402,0.01723177,-0.14690194
atac_E18_5-S1#GACCTTGAGCCGCAAC-1,-0.5887314,-0.52019554,-0.7593023,-0.106941506,1.0319124,-0.35317934,-1.0019252,0.89158756,-0.6975703,2.1043458
atac_E18_5-S1#GACCTTGAGCGTTGGA-1,0.17515387,-0.4682989,-0.40933287,0.2899714,0.21485516,0.7308128,-0.5916848,1.0407681,-0.295251,-0.6869938
atac_E18_5-S1#GACCTTGAGCTAACTT-1,-1.0960393,-0.67075354,0.17257577,2.3384216,-0.25117916,-0.74688,-0.77698445,-0.30088162,-0.67786235,2.0095832
atac_E18_5-S1#GACCTTGAGGTACTGC-1,-1.0604777,-1.1892755,1.9093786,-1.4801656,-0.20638917,-0.7727465,-0.12890118,2.786543,0.11175679,0.030277297
atac_E18_5-S1#GACCTTGAGGTATGCT-1,-0.88942087,-0.3266538,-0.45215526,1.1825073,-0.46164525,1.5593027,-0.75993776,-0.09053843,-0.42472115,0.66326255
atac_E18_5-S1#GACCTTGATAGAATTA-1,-0.7808769,-0.9659426,1.7904696,-1.0533649,-0.17508191,-0.72004926,-0.5777439,2.7124333,-0.041569456,-0.18827412
atac_E18_5-S1#GACCTTGATAGAGTAA-1,-0.9863487,-0.46044257,-0.76380366,-0.82745177,-0.81344324,-0.1658346,-0.24273753,1.9201522,2.6774404,-0.3375305
atac_E18_5-S1#GACCTTGATAGATCTA-1,0.12126255,-0.6501059,0.46028313,0.26170805,-0.29907346,0.6431734,0.6048318,-0.64586145,-0.8891402,0.39292198
atac_E18_5-S1#GACCTTGATCCGGCCT-1,-0.100663245,-0.6971504,-0.6852149,1.1686559,0.5441536,-0.022627473,-1.1765728,-0.2251159,-0.6812617,1.8757972
atac_E18_5-S1#GACCTTGATCCTACCA-1,-1.6295846,-0.25171632,-0.96873057,0.5501344,0.20829006,0.06747416,-1.0673153,1.9874977,-0.2670328,1.3709831
atac_E18_5-S1#GACCTTGATCGGCCTT-1,0.23357461,-0.49360007,-0.62549055,0.09760607,-0.09608896,0.61699116,-0.7000587,1.4209163,0.036811985,-0.49066186
atac_E18_5-S1#GACCTTGATCTGATAC-1,0.28327549,-0.54127264,-0.29470098,1.1624435,-0.5072968,0.74182177,-0.17818941,-0.8930081,-0.5335784,0.76050544
atac_E18_5-S1#GACCTTGATGAGTCTG-1,-0.09743443,-0.46027032,-0.8258961,-0.3043323,1.0692848,-0.13155758,-1.0221245,0.57268083,-0.789593,1.9892426
atac_E18_5-S1#GACCTTGATGCCGGCA-1,-0.64608276,-0.24884099,0.13178366,1.0506638,-0.5741392,0.41206914,0.4783694,-1.0320482,-0.63409716,1.0623221
atac_E18_5-S1#GACCTTGATGCGGACC-1,0.46218497,-0.635106,-0.14924699,0.18809962,0.4490479,-0.63688874,-0.042073876,-0.56522804,-0.93334836,1.8625597
atac_E18_5-S1#GACCTTGATGGTCAGC-1,-0.38179997,-0.33008385,0.066785775,1.2677732,-0.07993263,-0.15493298,0.23343784,-0.93473077,-0.59569585,0.90917933
atac_E18_5-S1#GACCTTGATTACCGAG-1,0.2847765,-0.30558857,-0.13319355,0.47470886,0.18115455,0.3642672,0.29877868,-0.5445783,-0.8212269,0.20090151
atac_E18_5-S1#GACCTTGATTATCCGG-1,-0.17741092,-0.29500568,-0.20535322,0.6147955,-0.33244905,1.0698415,-0.2114184,-0.647253,-0.5605674,0.7448206
atac_E18_5-S1#GACCTTGATTATTCAT-1,-0.08765699,-0.41134202,-0.1535527,0.68707746,-0.33544722,0.51448745,0.25931498,-0.8752038,-0.6818352,1.084158
atac_E18_5-S1#GACCTTGATTGACTTC-1,-0.62206614,-1.0814474,2.590612,-0.5607991,-0.036097985,-0.6438715,-1.2651227,2.9125896,-0.5712362,-0.7225606
atac_E18_5-S1#GATACGGAAATTAAGA-1,2.0789423,-0.83399594,-0.2914357,1.7456702,-1.6015216,-1.0379887,1.8221512,0.09550675,-0.8558224,-1.1215062
atac_E18_5-S1#GATACGGAACCGCCAA-1,0.16883764,-0.58906204,-0.9092698,0.18856606,-1.0269727,-0.45275137,0.6592619,3.76335,-0.94976425,-0.8521953
atac_E18_5-S1#GATACGGAACGGAGGC-1,2.3184052,-0.6813938,-0.8052659,2.1252537,-0.97364193,-0.82421166,0.32763517,-0.19620264,-0.6049994,-0.6855786
atac_E18_5-S1#GATACGGAACTATGCA-1,1.9073019,-0.6276296,-0.8082445,1.9808805,-1.0545714,-0.6920054,0.27915832,-0.29110524,-0.49821833,-0.19556618
atac_E18_5-S1#GATACGGAACTCAATA-1,-1.2739409,0.19992682,-0.26850003,2.3998747,1.547576,-0.38410336,-0.3197341,-0.8143446,-0.5699147,-0.5168398
atac_E18_5-S1#GATACGGAACTTAACC-1,-0.82187945,-0.6277297,-0.12994026,-0.037983153,-0.74757034,0.43796217,-0.2515567,2.8280804,0.00953421,-0.65891725
atac_E18_5-S1#GATACGGAAGAACGTC-1,1.0037658,-0.67262846,-0.56594044,1.5518087,-1.085077,-0.46695548,0.5106486,0.2418536,-0.5811049,0.063629515
atac_E18_5-S1#GATACGGAAGAGCTAT-1,-1.0902873,0.16363391,-0.4628752,2.6144135,1.7861255,-0.42155215,-0.30947205,-0.73860514,-0.5881427,-0.95323855
atac_E18_5-S1#GATACGGAATAAGGAG-1,-0.46143678,-0.44126484,-0.82878757,0.057610035,-0.6452364,0.75465465,-0.73822033,2.7978559,0.23034644,-0.7255211
atac_E18_5-S1#GATACGGAATCATATT-1,1.9024781,-0.7551018,-0.60673225,2.0958068,-1.4074833,-1.0292317,1.0282414,0.1924879,-0.7053883,-0.7150767
atac_E18_5-S1#GATACGGACAACCGCT-1,-1.1203296,0.013114549,-0.9617637,0.9347794,0.07151505,0.54311776,-1.25998,1.9080003,0.1933334,-0.32178727
atac_E18_5-S1#GATACGGACCAGTTCC-1,0.2730633,-0.8385811,-0.08945431,-0.3476701,-0.882199,-0.5934461,0.2802873,3.849816,-1.209718,-0.44209823
atac_E18_5-S1#GATACGGACCGAGAAT-1,3.029758,-0.9530477,-1.0168269,1.618606,2.167038,-0.9499936,-1.5145352,-1.0425937,-0.75092214,-0.5874826
atac_E18_5-S1#GATACGGACCGATTCC-1,-0.19167565,-0.33344662,-0.7308722,-0.24038677,-0.99741983,-0.7790787,0.8089931,4.00984,-0.6999352,-0.84601796
atac_E18_5-S1#GATACGGACGAACGCC-1,0.08910629,-0.61931396,-0.84221995,0.1721139,-0.62937367,-0.6950637,0.027690893,3.9599164,-0.9199742,-0.54288185
atac_E18_5-S1#GATACGGACGACGCGA-1,0.8392556,-0.7611045,-0.8707038,1.6501439,0.7832352,-0.04965978,-0.81834555,0.2696104,-0.57987434,-0.46255693
atac_E18_5-S1#GATACGGACTAAGAGA-1,-1.4065104,0.15769055,-0.4221074,2.6777427,2.174982,-0.7724692,-0.35747457,-0.8056144,-0.5929673,-0.6532721
atac_E18_5-S1#GATACGGACTGATGGT-1,2.8890896,-1.0230685,-0.994809,1.3540753,2.4746885,-1.0372589,-1.3936069,-1.1362718,-0.8235709,-0.30926734
atac_E18_5-S1#GATACGGACTTGCGCC-1,1.3633527,-0.45494786,-0.9309392,1.5744138,-1.4420654,-0.5665118,1.0503292,0.32525906,-0.40903834,-0.50985235
atac_E18_5-S1#GATACGGAGAAGATCG-1,0.22095919,-0.37914145,-0.4720076,0.31148538,-0.5195471,0.93046117,0.39202657,0.21011254,-0.21282539,-0.4815233
atac_E18_5-S1#GATACGGAGACCTTGA-1,-0.9163288,-0.046519265,-0.30521542,1.2227013,0.6331983,0.40192938,-0.7608014,0.5572196,-0.6497922,-0.13639154
atac_E18_5-S1#GATACGGAGATACGGA-1,0.747547,0.3444165,-1.1708059,0.2558359,0.23498091,0.34732896,-0.43900242,0.6044055,-0.576663,-0.3480434
atac_E18_5-S1#GATACGGAGATCTTAC-1,2.2148607,-0.9401239,-1.0432817,1.0794929,2.2717774,-0.3866838,-1.1945152,-0.92079204,-0.72711414,-0.35362023
atac_E18_5-S1#GATACGGAGCAGGTCC-1,0.93270886,-0.14819871,-0.93530774,1.9142785,-0.9213822,-0.2951663,-0.15011093,0.32615715,-0.06693761,-0.65604097
atac_E18_5-S1#GATACGGAGCCATTCT-1,-1.1825461,0.019127589,-0.49426937,2.7047107,1.4619324,-0.28291065,-0.3109148,-0.7119801,-0.5685293,-0.6346202
atac_E18_5-S1#GATACGGAGCCGCAAC-1,2.851166,-0.8047818,-0.98441464,1.7756145,1.7064997,-0.964076,-1.3300358,-0.881816,-0.6655405,-0.7026157
atac_E18_5-S1#GATACGGAGCGTTGGA-1,1.1809294,-0.66418743,-0.818996,1.3883247,1.6440622,-0.5619797,-0.61110693,-0.4539939,-0.5692766,-0.5337758
atac_E18_5-S1#GATACGGAGGCTGAGC-1,-0.30124485,-0.4137386,-0.7190283,-0.2548521,-0.8100341,0.326212,-0.31996047,3.002976,0.19214618,-0.7024756
atac_E18_5-S1#GATACGGAGGTACTGC-1,2.0003395,-0.55618316,-1.0744789,1.9212939,0.73004526,-0.7747333,-0.53912723,-0.5222877,-0.5630444,-0.62182385
atac_E18_5-S1#GATACGGATAGAATTA-1,-1.4574865,0.021716166,-0.7945848,3.0177493,2.170911,-0.6316262,-0.40986317,-0.6587842,-0.5375064,-0.7205254
atac_E18_5-S1#GATACGGATAGAGTAA-1,0.6151305,-0.5322915,-0.93108785,1.1720482,0.5058513,-0.5055826,-0.48147693,-0.034504298,-0.5381138,0.7300269
atac_E18_5-S1#GATACGGATAGATCTA-1,1.6898088,-0.7407927,-0.08480688,1.4226654,-1.0723085,-0.92347074,1.0475479,-0.6358709,-0.8185548,0.11578261
atac_E18_5-S1#GATACGGATCCTACCA-1,-1.2669175,0.26826468,-0.14111653,2.1562538,1.5426118,-0.55335397,-0.21922874,-0.6158635,-0.48976713,-0.68088305
atac_E18_5-S1#GATACGGATCGGCCTT-1,1.7702823,-0.47417167,-0.94888085,1.9303956,-0.8645549,-0.28232604,0.072315305,0.0027589202,-0.31690624,-0.8889124
atac_E18_5-S1#GATACGGATCTGATAC-1,-0.25366437,0.64916956,-1.3747606,0.41269135,-0.718791,0.7930162,-1.3412148,1.7672472,0.9350879,-0.86878157
atac_E18_5-S1#GATACGGATGAGTCTG-1,2.4786754,-0.8030394,-0.8346751,1.2188734,1.7135562,-0.6748754,-1.0270267,-1.0081544,-0.7498296,-0.31350416
atac_E18_5-S1#GATACGGATGCCGGCA-1,2.709391,-1.0251559,-0.4606924,2.122194,-1.5988752,-1.2968065,2.3200142,-0.524645,-0.97987914,-1.2655454
atac_E18_5-S1#GATACGGATGCGGACC-1,2.8133314,-0.676008,-0.91436934,1.7997143,0.7708105,-1.040774,-0.7883564,-0.7402109,-0.5187254,-0.7054124
atac_E18_5-S1#GATACGGATGGTCAGC-1,2.5835588,-0.9679935,-0.8443105,2.5467765,-1.5224342,-1.1780816,0.8523766,0.046153113,-0.7733753,-0.7426697
atac_E18_5-S1#GATACGGATTACCGAG-1,2.2322848,-0.92669845,-0.42040458,2.115063,-1.5176953,-1.0680405,1.7757394,-0.5306263,-0.8379543,-0.82166755
atac_E18_5-S1#GATACGGATTATCCGG-1,-0.42003456,0.5463384,-1.3363808,0.15485044,-0.741592,1.0389541,-0.98268807,1.7750188,0.6718583,-0.70632464
atac_E18_5-S1#GATACGGATTATTCAT-1,2.882073,-1.1701523,-0.65835315,2.3659348,-1.7330798,-1.4195645,2.5794196,-0.2274786,-1.1089066,-1.5098928
atac_E18_5-S1#GATACGGATTGACTTC-1,-1.1135104,0.16772431,-0.28967828,2.8880055,1.7532121,-0.6682329,-0.34118146,-0.9353728,-0.6259652,-0.8350008
atac_E18_5-S1#GATCTTACAACCTGCG-1,-0.7257879,0.49945444,-0.76653063,-1.3800004,-0.9321308,0.18967146,1.5922391,1.545033,1.0330478,-1.0549961
atac_E18_5-S1#GATCTTACAAGAAGCT-1,-0.6933814,0.06276684,-0.38754296,0.99692446,-0.39305353,1.391017,-0.09586212,-0.654951,-0.4583421,0.23242483
atac_E18_5-S1#GATCTTACAATTAAGA-1,-0.55806345,-0.474126,2.399062,1.4621104,-0.40272313,-0.36626837,-0.7029219,-0.96040136,-0.5181823,0.121514305
atac_E18_5-S1#GATCTTACACCGCCAA-1,-0.7223578,-0.3461805,-0.71755177,-0.39938882,-0.59122765,0.70097184,-0.44888026,2.677158,0.55393976,-0.7064827
atac_E18_5-S1#GATCTTACACGGAGGC-1,-0.2120688,-0.6265162,0.5718312,1.436433,-0.7245588,0.6584673,-0.15785155,-0.74794674,-0.617222,0.41943228
atac_E18_5-S1#GATCTTACACTATGCA-1,0.46640205,-0.55902135,-0.6717633,-0.8468668,-0.20264079,0.98688704,0.66076577,-0.3056943,-0.06526226,0.53719395
atac_E18_5-S1#GATCTTACACTCAATA-1,-0.2604162,-0.38714314,-0.25959146,0.6384688,-0.10499185,0.903668,-0.46505457,0.80377823,-0.33461493,-0.5341027
atac_E18_5-S1#GATCTTACACTTAACC-1,-1.4645364,-0.46764177,-0.5583246,-0.9824133,0.7335746,-0.18175931,-1.1074061,2.165156,0.29764408,1.5657068
atac_E18_5-S1#GATCTTACAGAACGTC-1,-0.5578752,-0.17124493,-0.019630965,1.2765648,0.06390468,1.0290242,-0.32165667,-0.6206302,-0.59299517,-0.0854606
atac_E18_5-S1#GATCTTACAGAGAAGG-1,-0.7411157,-0.28414643,-0.07043978,1.2998241,-0.4097617,0.4250135,-0.15477732,-0.463574,-0.46395504,0.8629325
atac_E18_5-S1#GATCTTACAGAGCTAT-1,-0.1052528,-0.22678289,-0.21891388,0.9914705,-0.085960194,0.8242543,0.0992275,-0.47992074,-0.49599248,-0.3021293
atac_E18_5-S1#GATCTTACATCATATT-1,-0.015938008,-0.6028272,1.5541923,1.2554158,-0.71566796,-0.08398379,0.31660667,-1.210745,-0.7517824,0.25472948
atac_E18_5-S1#GATCTTACCAACCGCT-1,-0.50026435,-0.3195051,-0.642791,0.09936474,-0.3589384,0.99576014,-0.43759963,1.6893915,0.089624986,-0.615043
atac_E18_5-S1#GATCTTACCATACTCC-1,-0.65451896,-0.5037787,-0.5397751,0.1665552,-0.81397873,1.9559782,0.47209093,0.66012084,-0.12570469,-0.61698914
atac_E18_5-S1#GATCTTACCCAGTTCC-1,-1.5723019,-1.2240411,-0.9382579,-1.0545673,2.07116,-1.3318268,-1.6593429,3.209306,-0.10308978,2.602962
atac_E18_5-S1#GATCTTACCCGAGAAT-1,-0.40291148,-0.19105613,0.1568206,1.0325451,0.3590296,0.60644114,-0.46263146,-0.8886105,-0.6442113,0.43458438
atac_E18_5-S1#GATCTTACCCGATTCC-1,-0.8195688,-0.3097081,-0.6223407,-0.90560305,0.73399717,0.26272404,-0.63372004,1.9014301,0.66291773,-0.2701286
atac_E18_5-S1#GATCTTACCGACGCGA-1,0.1664431,-0.51854247,-0.44768804,-0.40033212,-0.26574013,0.90459955,0.35824153,-0.35323048,-0.014011953,0.57026094
atac_E18_5-S1#GATCTTACCTAAGAGA-1,-0.42190152,-0.34856907,0.079137936,0.7813857,0.028779142,0.7170959,-0.43708056,0.11228401,-0.43355414,-0.07757732
atac_E18_5-S1#GATCTTACCTGATGGT-1,-0.8684402,-0.31858075,0.20717743,1.4227275,0.2179936,0.30355,-0.48304236,-0.7627407,-0.5770418,0.8583973
atac_E18_5-S1#GATCTTACCTTGCGCC-1,-0.4326756,-0.011218984,-0.24599154,0.4628226,-0.049077805,1.057361,0.3207809,0.2225052,-0.65953374,-0.6649721
atac_E18_5-S1#GATCTTACGAAGATCG-1,-0.54521185,-0.4753345,-0.527585,0.766693,-0.06370866,0.94859016,-0.7893666,-0.024710221,-0.38322878,1.0938627
atac_E18_5-S1#GATCTTACGACCTTGA-1,-0.67347276,-0.30962294,-0.5594449,0.56040174,-0.24228995,0.9450894,-0.45042634,1.2518334,-0.039209798,-0.482858
atac_E18_5-S1#GATCTTACGATACGGA-1,0.51604563,-0.6298089,-0.405751,-0.527917,0.12333108,1.0544106,0.53343123,-0.7778481,-0.506483,0.62058944
atac_E18_5-S1#GATCTTACGATCTTAC-1,-0.72689915,0.4177739,-0.012306228,0.6494227,0.59494495,0.078219704,-0.22737084,0.36497927,-0.6452946,-0.49346972
atac_E18_5-S1#GATCTTACGCAGGTCC-1,-0.949704,-0.34886387,0.19292566,1.3229393,-0.72656906,0.6479215,-0.34973046,-0.52990365,-0.4202558,1.1612405
atac_E18_5-S1#GATCTTACGCCATTCT-1,-0.19705263,-0.06586817,-0.6121663,0.5134852,-0.06735125,1.2837831,0.19946525,-0.17239584,-0.5502898,-0.33160964
atac_E18_5-S1#GATCTTACGCCGCAAC-1,-0.46284112,0.04767262,-0.19515514,1.2661855,0.35795385,1.0702981,-0.27728045,-1.0121388,-0.6676577,-0.12703666
atac_E18_5-S1#GATCTTACGCGTTGGA-1,0.1174655,-0.40876776,-0.37555236,-0.02377291,0.10206013,0.84160155,-0.1117914,0.4566418,-0.20965238,-0.3882321
atac_E18_5-S1#GATCTTACGCTAACTT-1,-0.80692196,0.085375875,0.33746132,-0.8288381,-0.9812365,0.24218175,2.2751381,-0.3203723,0.34688696,-0.349675
atac_E18_5-S1#GATCTTACGGCTGAGC-1,-0.7270834,-0.36125866,-0.62332225,-0.7282616,-0.4948595,0.85286635,-0.18090345,1.8851495,0.9922566,-0.6145838
atac_E18_5-S1#GATCTTACGGTACTGC-1,-0.82038707,0.3062071,0.17847042,0.37696674,-0.006525319,0.8067566,-0.10606556,0.63264865,-0.6310651,-0.7370066
atac_E18_5-S1#GATCTTACGGTATGCT-1,-0.60146284,0.09771554,-0.028751373,-0.76759386,-0.7834506,0.7266778,1.932655,-0.43912008,-0.10113114,-0.03553827
atac_E18_5-S1#GATCTTACTAGAATTA-1,-0.6734846,-0.23540556,-0.24327512,0.36800995,-0.2905166,1.2792109,0.17377219,0.1792097,-0.3107939,-0.24672702
atac_E18_5-S1#GATCTTACTAGAGTAA-1,-1.1809939,0.15566812,-0.5176584,0.121900186,-0.08688197,1.6288816,-0.06335979,0.46913564,0.021296307,-0.54798776
atac_E18_5-S1#GATCTTACTAGATCTA-1,-0.50324184,-0.52036947,1.8186151,1.531868,-0.36403805,-0.12004303,-0.55788004,-1.0631702,-0.6198241,0.39808378
atac_E18_5-S1#GATCTTACTCCGGCCT-1,-0.41273665,-0.5622842,0.007081449,1.5936732,-0.54779994,1.0651447,-0.57310015,-0.57924056,-0.61509883,0.62436104
atac_E18_5-S1#GATCTTACTCCTACCA-1,-0.5077105,-0.43217283,-0.20854475,1.0233951,-0.55029535,1.3917454,-0.4510706,0.18413445,-0.52481765,0.07533667
atac_E18_5-S1#GATCTTACTCGGCCTT-1,-1.0240185,0.016004678,0.04330982,1.1080657,-0.048816256,0.44309005,-0.46066764,-0.2544714,-0.53657633,0.71408
atac_E18_5-S1#GATCTTACTCTGATAC-1,0.11113548,-0.38562974,-0.16974896,0.4611751,0.21281071,0.6230391,-0.015903853,-0.86571,-0.676208,0.70504016
atac_E18_5-S1#GATCTTACTGAGTCTG-1,0.23288812,-0.5491487,-0.31644872,0.940079,-0.027914137,1.0545931,-0.3841806,-0.1558498,-0.54691947,-0.24709883
atac_E18_5-S1#GATCTTACTGCCGGCA-1,-0.7192344,-0.7709306,2.7931445,2.1831057,-0.620523,-0.48060453,-0.8174492,-1.0845394,-0.52793986,0.044970717
atac_E18_5-S1#GATCTTACTGCGGACC-1,0.03054508,-0.24466327,-0.19683182,0.34751257,0.2687515,0.76645553,-0.12707487,-0.96209246,-0.64099693,0.7583949
atac_E18_5-S1#GATCTTACTGGTCAGC-1,0.23849526,-0.48165888,-0.08300454,-0.4156098,-0.25170672,0.9681989,1.1364567,-0.79349214,-0.47639066,0.15871176
atac_E18_5-S1#GATCTTACTTACCGAG-1,-0.5257318,-0.6753929,2.3552678,1.9642738,-0.7659331,-0.43374485,-0.5891441,-1.0680683,-0.529894,0.26836744
atac_E18_5-S1#GATCTTACTTATCCGG-1,-0.09805229,-0.39717847,-0.32500735,-0.2611044,-0.15199928,0.8709237,0.3315524,-0.65161794,-0.02200484,0.7044885
atac_E18_5-S1#GATCTTACTTATTCAT-1,-0.8965474,-0.7861108,3.093863,2.4670856,-0.4339585,-0.6854495,-0.85575134,-1.2499605,-0.56974036,-0.08343051
atac_E18_5-S1#GATCTTACTTGACTTC-1,0.13487944,-0.38225487,-0.57350695,1.6742734,0.083943784,0.6470889,-0.50062275,-0.029185973,-0.5509597,-0.5036552
atac_E18_5-S1#GCAGGTCCAACCTGCG-1,-0.67910117,-0.43757126,0.13930866,2.027851,-0.21229899,0.22063029,-0.53880596,-0.18144354,-0.48031098,0.14174204
atac_E18_5-S1#GCAGGTCCAAGAAGCT-1,-0.07864862,-0.48083684,-0.10237335,1.6932981,-0.8692249,0.29366225,-0.31665304,-0.15922156,-0.42187878,0.44187668
atac_E18_5-S1#GCAGGTCCAATTAAGA-1,0.9216069,-0.32820603,-0.08968567,0.043125156,0.56451577,0.08659649,0.5238284,-0.4442158,-0.82300854,-0.45455676
atac_E18_5-S1#GCAGGTCCACGGAGGC-1,1.0241295,-0.52573186,-0.32613915,0.8900592,0.20249741,0.22801173,0.16282818,-0.6105275,-0.7413857,-0.3037418
atac_E18_5-S1#GCAGGTCCACTATGCA-1,0.08438726,-0.59486836,0.4858464,1.2289984,-0.29938936,-0.7010049,0.13374826,-0.8531611,-0.76000303,1.2754464
atac_E18_5-S1#GCAGGTCCACTCAATA-1,-1.903661,-0.85071063,-0.1378271,-0.2198783,0.68621844,-0.40818948,-1.0066385,2.5500524,-0.21377203,1.504406
atac_E18_5-S1#GCAGGTCCAGAACGTC-1,-1.1120634,-1.2656064,3.4013407,-1.1542842,0.06647235,-0.6721517,-1.5322046,3.5437973,-0.6971802,-0.57811934
atac_E18_5-S1#GCAGGTCCAGAGAAGG-1,0.11711074,-0.35789585,-0.40829927,0.9982863,0.16685224,0.9532218,-0.21169849,-0.3704008,-0.7048684,-0.1823083
atac_E18_5-S1#GCAGGTCCAGAGCTAT-1,-1.928573,-0.8454014,-0.86518997,-1.948194,2.5148757,-1.6866205,-1.8351208,3.6853445,-0.33373716,3.242617
atac_E18_5-S1#GCAGGTCCATCATATT-1,1.1100307,-0.5046939,-0.329861,0.8194432,0.4397784,-0.11984601,0.14225727,-1.0111744,-0.67385423,0.12792009
atac_E18_5-S1#GCAGGTCCCATACTCC-1,-0.8472521,-0.4270846,0.2536028,1.7946014,-0.19632322,-0.5473482,-0.2413913,-0.74890566,-0.6256175,1.5857185
atac_E18_5-S1#GCAGGTCCCCGAGAAT-1,0.0283995,0.32377157,-0.8569865,0.6108935,0.11052885,0.7485019,-0.16274141,0.87323105,-0.6446414,-1.030957
atac_E18_5-S1#GCAGGTCCCGACGCGA-1,-0.5307258,-0.48313597,0.618549,1.5652822,-0.33437794,-0.7531562,0.13808155,-1.1349591,-0.7452963,1.6597383
atac_E18_5-S1#GCAGGTCCCTAAGAGA-1,-1.5879109,-0.85095894,-0.88340175,-1.9060551,2.583278,-1.68952,-1.8840885,3.2230573,-0.32189617,3.3174956
atac_E18_5-S1#GCAGGTCCCTGATGGT-1,-0.5107683,0.060110513,-0.95683265,0.48863003,-1.0525374,0.72829604,-0.30007413,1.7026318,0.12727699,-0.28673288
atac_E18_5-S1#GCAGGTCCCTTGCGCC-1,-1.0499299,-1.3456621,2.9094827,-1.412585,-0.20865557,-0.63434535,-0.48782128,3.446713,-0.61838007,-0.5988166
atac_E18_5-S1#GCAGGTCCGAAGATCG-1,-0.70307446,-0.5568721,0.14888397,1.9705853,-0.7357503,-0.262697,-0.62134475,-0.6506017,-0.52025384,1.9311248
atac_E18_5-S1#GCAGGTCCGACCTTGA-1,-1.3268371,-0.95927787,-0.29042077,-1.1151204,-0.9650921,-0.90886515,-0.5529339,2.6666098,3.9457564,-0.49381918
atac_E18_5-S1#GCAGGTCCGATACGGA-1,0.9189007,-0.60488975,-0.6751784,1.5488031,0.25917095,-0.22883512,-0.71385527,-0.92202187,-0.6281085,1.0460142
atac_E18_5-S1#GCAGGTCCGATCTTAC-1,-1.052668,0.30288517,-0.8544277,0.56159115,-0.89623356,0.8896084,-0.41022366,1.8627589,0.2960473,-0.6993381
atac_E18_5-S1#GCAGGTCCGCAGGTCC-1,-0.7970822,-0.8197623,-0.8103304,-0.082475334,-0.6027382,-0.1893256,-1.0318323,2.288426,2.7691514,-0.72403073
atac_E18_5-S1#GCAGGTCCGCCATTCT-1,-1.966005,-0.96689016,-0.63995695,-1.4434973,1.6955515,-1.2740735,-1.3754933,2.9559448,0.46333516,2.551085
atac_E18_5-S1#GCAGGTCCGCCGCAAC-1,-0.9559209,0.17073506,-0.57369304,0.41978303,0.3335099,0.20139912,-0.57873183,0.819795,-0.62737924,0.790503
atac_E18_5-S1#GCAGGTCCGCGTTGGA-1,-0.9904921,0.115853794,-1.115433,0.4197214,-0.9433106,0.8441135,-0.59109014,2.0913172,0.43014166,-0.26082155
atac_E18_5-S1#GCAGGTCCGCTAACTT-1,-1.1346301,-0.0993769,0.3141169,1.8256023,0.0028656665,-0.5312077,0.071184546,-0.92329353,-0.5559523,1.0306909
atac_E18_5-S1#GCAGGTCCGGTACTGC-1,-0.8355914,0.24046396,-0.3191365,0.41157395,-0.53973114,-0.051817276,0.09597732,1.4635353,-0.48160797,0.016333759
atac_E18_5-S1#GCAGGTCCGGTATGCT-1,-0.9868078,-0.39039153,0.35170898,2.2736115,-0.9180849,-0.703881,0.055126198,-0.54029524,-0.57978565,1.4387993
atac_E18_5-S1#GCAGGTCCTAGAATTA-1,-0.9260041,0.29987013,-0.33369267,0.1111521,-0.05547408,-0.037066456,-0.29105324,1.2502872,-0.57657534,0.55855644
atac_E18_5-S1#GCAGGTCCTAGAGTAA-1,-1.0256145,-0.73963577,-0.6441043,-0.60190046,-0.9789326,-0.9599141,-1.2111638,3.1695912,3.920723,-0.92904854
atac_E18_5-S1#GCAGGTCCTAGATCTA-1,0.58128756,0.019892253,0.42509377,0.19235556,-0.26075462,-0.5541771,1.1753478,-0.88635665,-0.71369654,0.021008104
atac_E18_5-S1#GCAGGTCCTCCGGCCT-1,-0.29787815,-0.27731797,-0.035004526,1.0361052,-0.40864497,0.7922079,0.34486735,-0.2903839,-0.47800112,-0.38594964
atac_E18_5-S1#GCAGGTCCTCCTACCA-1,-0.9046118,0.17507085,-1.3814304,0.40478835,-0.9250698,0.7944529,-0.33402008,2.1477404,0.21081984,-0.18774036
atac_E18_5-S1#GCAGGTCCTCGGCCTT-1,-0.60196453,-0.9830179,1.9825526,0.002999139,-0.20472518,-0.47318763,-0.91732913,2.7519295,-0.87860644,-0.6786505
atac_E18_5-S1#GCAGGTCCTCTGATAC-1,-0.34145883,-0.44505057,0.21613275,1.7778909,-0.21045746,-0.71788585,0.017211495,-0.9031281,-0.672019,1.2787646
atac_E18_5-S1#GCAGGTCCTGAGTCTG-1,0.37607175,-0.6088782,0.2403473,1.1332648,0.16024914,-0.68634325,0.08517109,-0.84679216,-0.7943989,0.9413086
atac_E18_5-S1#GCAGGTCCTGCCGGCA-1,0.282406,-0.34041664,0.28004077,1.0972846,-0.6981962,-0.498559,0.74114615,-0.817936,-0.56855565,0.5227859
atac_E18_5-S1#GCAGGTCCTGCGGACC-1,0.5030546,-0.33046687,0.06641755,0.2798016,0.42834586,0.19116546,0.09865762,-0.77250165,-0.5749608,0.1104867
atac_E18_5-S1#GCAGGTCCTGGTCAGC-1,0.51260674,-0.21200144,0.1651983,0.9176108,-0.25699475,-0.36813214,0.5232768,-0.7950741,-0.6434227,0.15693262
atac_E18_5-S1#GCAGGTCCTTACCGAG-1,0.7414925,-0.4510039,0.0568675,0.9310637,-0.1944163,-0.40413645,0.59318423,-0.74041164,-0.7494901,0.21685052
atac_E18_5-S1#GCAGGTCCTTATCCGG-1,-0.2085456,-0.5491773,0.18241984,1.8275632,-0.30387276,-0.93688715,-0.2012814,-0.9319805,-0.757381,1.8791426
atac_E18_5-S1#GCAGGTCCTTATTCAT-1,0.6465454,-0.31759548,-0.2330808,0.7141619,-0.3912589,0.20099095,0.7760441,-1.1531855,-0.5115118,0.2688902
atac_E18_5-S1#GCAGGTCCTTGACTTC-1,-1.867895,-0.8230609,-1.1929715,-1.5285949,2.3174942,-1.7129914,-1.8763745,3.7062871,-0.6059501,3.584057
atac_E18_5-S1#GCCATTCTAACCTGCG-1,0.047485784,0.10624541,-0.06318344,0.80213785,-0.33983555,0.29680452,1.058294,-0.6455946,-0.6995402,-0.5628138
atac_E18_5-S1#GCCATTCTAAGAAGCT-1,-0.25779256,0.11873805,-0.4006558,0.71801186,-0.5393997,0.6959493,1.1285925,-0.9611248,-0.5505814,0.04826241
atac_E18_5-S1#GCCATTCTAATTAAGA-1,0.5122298,0.10106416,-0.664641,0.6480136,0.6113676,0.76862943,0.019586343,-0.65921164,-0.566939,-0.77009904
atac_E18_5-S1#GCCATTCTACGGAGGC-1,0.7970677,-0.5178567,-0.4323237,0.72567797,-0.16856441,0.5513519,0.20157427,-0.7701315,-0.572424,0.18562852
atac_E18_5-S1#GCCATTCTACTATGCA-1,1.1186774,-0.66128135,-0.7257343,0.6426101,0.2518705,0.2171352,-0.67759144,-0.91757935,-0.47018605,1.2220793
atac_E18_5-S1#GCCATTCTACTCAATA-1,0.8553427,-0.655537,-0.72758347,0.16637895,-0.029267415,0.6252433,0.16957647,0.10309549,-0.75751203,0.25026298
atac_E18_5-S1#GCCATTCTACTTAACC-1,-0.5239315,-1.1417658,-0.8975918,0.16052927,-1.094312,0.14834732,0.5925429,3.321124,-0.52092946,-0.04401281
atac_E18_5-S1#GCCATTCTAGAACGTC-1,0.6904155,-0.49116087,-0.02447411,-0.62052214,-0.6695125,0.06584148,1.583047,0.7077536,-0.5134097,-0.7279781
atac_E18_5-S1#GCCATTCTAGAGAAGG-1,-0.5026947,0.0753203,0.086254984,0.94571215,-0.8568264,0.5016136,0.72948563,-1.0983607,-0.64588886,0.765384
atac_E18_5-S1#GCCATTCTAGAGCTAT-1,-0.028850775,-0.22396865,-0.38880014,0.44738084,0.340413,0.66937906,-0.027571816,-0.8065359,-0.64062566,0.65918005
atac_E18_5-S1#GCCATTCTATCATATT-1,0.61566335,-0.2064364,-0.11916871,0.40360388,0.5738751,0.20733437,0.5573309,-0.9087233,-0.7792782,-0.3442011
atac_E18_5-S1#GCCATTCTCAACCGCT-1,-1.3593844,0.09292954,0.16022933,0.27709275,0.18819642,-0.32553312,-0.66769475,1.205103,-0.72312623,1.1521873
atac_E18_5-S1#GCCATTCTCATACTCC-1,-0.44785184,-0.20449886,0.31278583,0.5321587,-0.2015914,0.68433994,0.19070235,-0.30941868,-0.5657046,0.009078559
atac_E18_5-S1#GCCATTCTCCAGTTCC-1,-0.5507198,-0.3647966,-0.70447874,0.045067646,-1.1539682,0.0042926185,-0.55680776,3.676211,-0.025163958,-0.36963615
atac_E18_5-S1#GCCATTCTCCGAGAAT-1,0.20449845,-0.20998684,-0.44696727,0.79339594,0.85527223,0.20971498,-0.36199594,-0.4859252,-0.5352938,-0.022712406
atac_E18_5-S1#GCCATTCTCGACGCGA-1,0.5032324,-0.3128118,-0.16590562,1.0377736,0.09752325,0.08096324,0.22204643,-1.174111,-0.6811125,0.392402
atac_E18_5-S1#GCCATTCTCTAAGAGA-1,0.8759008,-0.58897936,-0.37696022,0.50170153,0.15114883,0.021526396,0.01731684,-0.47117564,-0.6995857,0.5691064
atac_E18_5-S1#GCCATTCTCTGATGGT-1,0.2839955,-0.3170957,-0.95781803,-0.13252194,0.20219797,0.7649623,-0.16064146,0.2893405,-0.7455899,0.77317077
atac_E18_5-S1#GCCATTCTCTTGCGCC-1,0.089349955,-0.43647766,-0.5367566,1.1741216,-0.5267976,0.7502342,-0.52430063,1.0977355,-0.3994762,-0.6876327
atac_E18_5-S1#GCCATTCTGAAGATCG-1,-0.0019155787,-0.2691189,-0.288011,-0.0021566283,-0.39581373,0.5370937,1.4100515,-0.2039155,-0.44468543,-0.34152836
atac_E18_5-S1#GCCATTCTGACCTTGA-1,-1.2294536,-0.15352508,-0.53316826,-0.49501508,1.0052041,-0.20358118,-0.92842704,1.7166992,-0.60965,1.4309171
atac_E18_5-S1#GCCATTCTGATACGGA-1,0.8210354,-0.23820141,-0.5873283,0.89532304,0.26073906,0.43076962,0.30547485,-0.8065923,-0.53129065,-0.5499292
atac_E18_5-S1#GCCATTCTGATCTTAC-1,0.79093045,-0.51131463,-1.1187962,-1.0237335,0.641487,0.19975042,-0.47781032,0.73300296,-0.58636427,1.3528482
atac_E18_5-S1#GCCATTCTGCAGGTCC-1,-1.666133,-1.0983882,-0.7234134,-0.8298661,1.550835,-1.0963552,-1.4079467,3.0308142,-0.15855435,2.3990073
atac_E18_5-S1#GCCATTCTGCCATTCT-1,0.2656753,-0.31528333,-0.47560987,1.126357,0.23244536,-0.018471375,-0.2840284,1.1205974,-0.8169305,-0.8347514
atac_E18_5-S1#GCCATTCTGCCGCAAC-1,0.8397617,-0.6114845,-0.6611891,0.8728575,1.1975474,-0.10215932,-0.8628734,-0.8652703,-0.66914237,0.86195225
atac_E18_5-S1#GCCATTCTGCGTTGGA-1,1.2421405,-0.6674044,-0.021916058,0.15312354,0.15596634,-0.71365166,0.10460995,-0.7505077,-0.7645578,1.262197
atac_E18_5-S1#GCCATTCTGCTAACTT-1,-0.5024195,-0.2077408,0.58744305,1.2993537,-1.1039441,0.016848542,0.58766174,-0.9216004,-0.45467407,0.6990718
atac_E18_5-S1#GCCATTCTGGTACTGC-1,-0.43470246,0.045762405,0.2330178,-0.70492023,-0.6362861,0.4133498,1.9739959,-0.26758504,-0.34286073,-0.2797715
atac_E18_5-S1#GCCATTCTGGTATGCT-1,-0.94762826,0.46308544,-0.6909106,0.62801605,-0.11770037,1.7221477,-0.005130604,-0.35850933,-0.5837257,-0.10964438
atac_E18_5-S1#GCCATTCTTAGAATTA-1,-0.27967888,-0.11955176,-0.44453308,1.2144128,0.8507426,0.5684223,-0.34095225,-0.31742805,-0.4420109,-0.6894226
atac_E18_5-S1#GCCATTCTTAGAGTAA-1,-1.5114433,-0.71009666,-0.8285193,-0.9269545,1.8129746,-1.1790102,-1.3284655,2.5618508,-0.32220086,2.4318647
atac_E18_5-S1#GCCATTCTTAGATCTA-1,0.48289242,-0.18301892,0.19779603,-0.19633727,0.108340636,0.24794959,1.0342503,-0.66676027,-0.69135875,-0.33375365
atac_E18_5-S1#GCCATTCTTCCGGCCT-1,-0.13085274,-0.17941894,-0.37545055,0.6933171,0.3546819,0.69075656,0.18685481,-0.44697106,-0.5045064,-0.28841066
atac_E18_5-S1#GCCATTCTTCCTACCA-1,1.1906314,-0.55044836,-0.51330817,0.1557901,-0.2753028,0.19157042,0.42433935,-0.3441258,-0.64637077,0.3672246
atac_E18_5-S1#GCCATTCTTCGGCCTT-1,-0.695223,0.26354745,-0.88222384,0.8644532,-0.70785785,1.3941054,-0.936178,1.9139745,-0.32687896,-0.887719
atac_E18_5-S1#GCCATTCTTCTGATAC-1,0.9954545,-0.48756716,-0.45718527,0.4154417,0.03882946,0.5521288,0.3731882,-0.8702653,-0.5835689,0.023543887
atac_E18_5-S1#GCCATTCTTGAGTCTG-1,1.2808596,-0.5500358,-0.58823025,1.4636607,0.9910174,-0.05939686,-0.810037,-0.340572,-0.619215,-0.76805097
atac_E18_5-S1#GCCATTCTTGCCGGCA-1,0.28603238,-0.19199042,0.18019629,0.04454546,-0.12655564,0.23205139,1.0627129,-0.5990177,-0.73019314,-0.15778156
atac_E18_5-S1#GCCATTCTTGCGGACC-1,1.0956062,-0.7249152,-0.46116132,0.63727766,1.146596,-0.23320483,-0.7796153,-0.84621686,-0.7946722,0.9603057
atac_E18_5-S1#GCCATTCTTGGTCAGC-1,0.42557833,-0.4172347,-0.021220967,0.9815863,0.29149675,-0.19441468,0.015208224,-0.8525601,-0.6239857,0.39554653
atac_E18_5-S1#GCCATTCTTTACCGAG-1,0.7666134,-0.27379924,-0.4548313,0.7109007,-0.41714993,0.3755848,1.0296758,-0.84939235,-0.55407715,-0.33352476
atac_E18_5-S1#GCCATTCTTTATCCGG-1,0.16967845,-0.22288135,0.17000373,0.96873945,-0.4124718,0.41199964,0.77312547,-0.8937671,-0.6658077,-0.29861882
atac_E18_5-S1#GCCATTCTTTATTCAT-1,0.6124044,-0.08240852,0.115877494,0.15582871,-0.28034663,-0.030288622,1.0684154,-1.11558,-0.7006417,0.25673932
atac_E18_5-S1#GCCATTCTTTGACTTC-1,0.63008124,-0.1595215,-0.40126458,0.57791984,0.3928372,0.16268857,0.32637498,-0.70103383,-0.7658608,-0.062220983
atac_E18_5-S1#GCCGCAACAACCTGCG-1,-1.180695,2.8140557,-1.5573057,-0.43846557,-1.6549747,0.26046282,-0.9709676,2.0050032,1.7842544,-1.0613674
atac_E18_5-S1#GCCGCAACAAGAAGCT-1,2.8214648,-0.76922977,-0.958611,2.952108,-1.5017172,-0.8968764,-0.16683443,-0.41104773,-0.5878547,-0.4814015
atac_E18_5-S1#GCCGCAACAATTAAGA-1,-0.82734835,-0.8822206,3.66353,2.9841516,-1.024673,-0.7495958,-1.412821,-1.0454739,-0.49888092,-0.20666787
atac_E18_5-S1#GCCGCAACACCGCCAA-1,-0.46612865,-0.419947,-0.76767063,-0.19861783,0.65615046,-0.17757401,-0.7154759,2.4484427,-0.14543352,-0.21374549
atac_E18_5-S1#GCCGCAACACGGAGGC-1,-0.74930656,-0.8471712,3.407437,2.531836,-0.9244728,-0.5442688,-1.1972517,-0.9101602,-0.47400355,-0.29263836
atac_E18_5-S1#GCCGCAACACTATGCA-1,1.970063,-0.79798174,-0.3234552,1.8779354,-1.3161061,-0.64410216,0.62213033,-0.826893,-0.7238669,0.16227648
atac_E18_5-S1#GCCGCAACACTCAATA-1,-0.34104016,-0.42687443,-0.5478108,1.9949278,0.7753795,-0.17991748,-0.6270466,-0.5889997,-0.6069332,0.5483151
atac_E18_5-S1#GCCGCAACACTTAACC-1,-1.4103508,-0.9231754,2.9313679,-1.0536424,-1.1861795,-0.7387454,-0.61671185,3.554119,-0.13471773,-0.42196375
atac_E18_5-S1#GCCGCAACAGAACGTC-1,0.13441333,-0.39375997,-0.4919119,1.2353266,-0.49751234,1.0471531,-0.09745712,0.010416672,-0.48105097,-0.46561736
atac_E18_5-S1#GCCGCAACAGAGAAGG-1,-0.64906967,-0.21519703,-0.83512884,0.22091386,-0.84135705,1.2292646,-0.5208155,2.3467703,0.10642931,-0.8418099
atac_E18_5-S1#GCCGCAACAGAGCTAT-1,-0.45762238,-0.4274938,-0.39345863,1.8435422,0.6800957,0.62255144,-0.5444406,-0.19840172,-0.52882874,-0.59594333
atac_E18_5-S1#GCCGCAACATAAGGAG-1,-0.3392237,-0.27601987,-0.5975538,-0.16351955,-0.6720929,0.5305371,-0.27023116,1.9679931,0.39141655,-0.571306
atac_E18_5-S1#GCCGCAACATCATATT-1,0.27113727,-0.22549868,-0.49798235,-0.15689005,-0.1731265,0.7854152,0.49593872,-0.45136413,-0.610669,0.56303966
atac_E18_5-S1#GCCGCAACCAACCGCT-1,-1.0681736,0.84593254,-0.71095896,0.7830475,-0.3097945,0.9663702,-0.7806493,2.111069,-0.727102,-1.1097409
atac_E18_5-S1#GCCGCAACCATACTCC-1,0.06808749,-0.29242036,-0.4343922,-0.10948415,-0.22216752,0.6398692,0.6968163,-0.0114840325,-0.085024595,-0.24980009
atac_E18_5-S1#GCCGCAACCCAGTTCC-1,-0.8735591,-0.6342734,-1.0578539,-0.78394884,-1.0333596,0.41146082,-0.8641323,2.9644313,2.5719419,-0.7007071
atac_E18_5-S1#GCCGCAACCCGAGAAT-1,-0.91629744,-0.3545907,0.30970037,1.9204334,0.40696132,-0.0076612826,-0.4141054,-0.78951067,-0.57788765,0.42295808
atac_E18_5-S1#GCCGCAACCCGATTCC-1,-0.56106377,-0.31885922,-0.64604855,-0.0033246423,-0.9469666,0.36054212,-0.44677237,2.8581529,0.06593855,-0.3615984
atac_E18_5-S1#GCCGCAACCGAACGCC-1,-0.41859382,-0.3122059,-0.60910994,0.1657399,-0.8016956,0.5340041,-0.47616062,2.3771966,0.079480514,-0.5386551
atac_E18_5-S1#GCCGCAACCGACGCGA-1,2.019835,-0.88646775,-0.4084371,2.0290098,-1.535931,-0.6227121,1.1562346,-0.6351191,-0.6803425,-0.43606982
atac_E18_5-S1#GCCGCAACCTAAGAGA-1,-0.37353352,-0.40950367,-0.7005936,2.0841165,0.8021268,0.12641166,-0.4309391,-0.2497045,-0.6091839,-0.23919666
atac_E18_5-S1#GCCGCAACCTGATGGT-1,-0.4605512,-0.5226249,-0.31820622,1.5989149,0.92904764,0.42525128,-0.51767427,-0.84064704,-0.66845584,0.3749457
atac_E18_5-S1#GCCGCAACCTTGCGCC-1,0.110286385,-0.09321731,-0.5647127,0.75598484,-0.23334235,0.9593634,0.08574597,0.0677452,-0.42949635,-0.65835696
atac_E18_5-S1#GCCGCAACGAAGATCG-1,2.2234652,-0.8921229,-0.5534114,2.4196095,-1.2734706,-0.6644785,0.49421424,-0.5349088,-0.6413618,-0.57753474
atac_E18_5-S1#GCCGCAACGACCTTGA-1,-1.0378938,-0.2678688,-0.7303762,3.0429187,1.1987916,-0.3895078,-0.451251,-0.434974,-0.5345809,-0.39525765
atac_E18_5-S1#GCCGCAACGATACGGA-1,2.143908,-0.9261572,-0.70265913,2.1050382,-1.5846919,-0.590826,1.2717538,-0.3724879,-0.63579404,-0.7080837
atac_E18_5-S1#GCCGCAACGATCTTAC-1,-0.5162225,-0.35694137,-0.111272395,1.4528297,0.10289396,0.77625227,-0.35636842,0.126071,-0.46006495,-0.6571773
atac_E18_5-S1#GCCGCAACGCAGGTCC-1,-0.5666149,-0.28471455,-0.41355434,1.6018417,0.61045635,0.7861636,-0.39278483,-0.2635407,-0.5441438,-0.5331084
atac_E18_5-S1#GCCGCAACGCCATTCT-1,-0.8428238,0.1965591,-0.31740785,1.2414837,-0.36799148,1.0028082,-0.15044688,0.31779167,-0.41858962,-0.66138315
atac_E18_5-S1#GCCGCAACGCCGCAAC-1,-0.67502296,-0.29567683,0.37140703,1.4737167,0.7578298,-0.3372261,-0.13775359,-0.8349684,-0.65864235,0.33633667
atac_E18_5-S1#GCCGCAACGCGTTGGA-1,-0.6165699,-0.22164887,-0.030968951,1.6529174,-0.15418427,0.77507555,-0.22957496,-0.16580018,-0.44646925,-0.56277657
atac_E18_5-S1#GCCGCAACGCTAACTT-1,-1.0393999,0.42643353,-0.9906808,0.21288085,-0.7534621,1.8958883,-0.9849752,1.7724471,0.3809176,-0.92004955
atac_E18_5-S1#GCCGCAACGGCTGAGC-1,-0.14188205,-0.24049082,-0.47407022,0.33608007,-0.36434034,0.4268627,-0.30411878,1.2362156,-0.0930092,-0.381247
atac_E18_5-S1#GCCGCAACGGTACTGC-1,-0.45477465,-0.21494606,-0.073969044,1.587241,-0.35060832,0.46531117,-0.27043414,0.073069826,-0.3967935,-0.36409634
atac_E18_5-S1#GCCGCAACGGTATGCT-1,-0.04932454,0.06838334,-0.80793476,-0.35282677,-0.549898,0.83365166,0.29289368,1.1477064,0.13325933,-0.7159104
atac_E18_5-S1#GCCGCAACTAGAATTA-1,-0.85297483,-0.17328222,-0.21263961,1.920065,0.60390836,0.711284,-0.39947188,-0.4878056,-0.5043617,-0.60472167
atac_E18_5-S1#GCCGCAACTAGAGTAA-1,-1.0125047,-0.32926077,-0.5093653,2.2690022,1.0623289,-0.37712854,-0.4834361,-0.3312537,-0.54890513,0.26052323
atac_E18_5-S1#GCCGCAACTAGATCTA-1,-0.6478637,-0.79330873,3.3806543,2.487128,-0.6793716,-0.57112175,-1.2176903,-1.0460404,-0.4915611,-0.42082492
atac_E18_5-S1#GCCGCAACTCCGGCCT-1,0.9643496,-0.6909481,-0.7386416,1.6697489,-0.44387215,0.36494046,-1.0934917,1.2928606,-0.6390368,-0.6859094
atac_E18_5-S1#GCCGCAACTCCTACCA-1,-0.69240886,-0.49785033,-0.20298833,1.4579277,0.37835234,0.23533362,-0.5811976,0.5941566,-0.6480939,-0.04323133
atac_E18_5-S1#GCCGCAACTCGGCCTT-1,-0.11184554,-0.44835794,-0.43782037,0.47194296,-0.8881272,1.503095,0.51961327,0.2945688,-0.2750695,-0.6279995
atac_E18_5-S1#GCCGCAACTCTGATAC-1,2.49112,-1.1016954,-0.13485141,2.3310106,-1.9598416,-1.0726826,2.0415857,-1.0886638,-0.96308863,-0.5428931
atac_E18_5-S1#GCCGCAACTGAGTCTG-1,-0.7775476,-0.47029284,0.752394,2.1170354,0.08022967,0.069647476,-0.6770737,-0.84637964,-0.6224495,0.3744366
atac_E18_5-S1#GCCGCAACTGCCGGCA-1,-0.81742156,-0.9165482,2.9822674,2.5510137,-0.7504554,-0.7566193,-0.80377966,-1.2771765,-0.7056484,0.4943682
atac_E18_5-S1#GCCGCAACTGCGGACC-1,-0.58636856,-0.5989476,1.4241625,2.134466,-0.5235749,-0.54238075,-0.40127152,-1.1228949,-0.7160612,0.9328706
atac_E18_5-S1#GCCGCAACTGGTCAGC-1,0.87161696,-0.40794107,-0.6243901,1.6234447,0.130629,-0.4800085,0.20608167,-0.5629955,-0.54611593,-0.21032123
atac_E18_5-S1#GCCGCAACTTACCGAG-1,-0.7354211,-0.47543544,1.3943104,1.1573863,0.213105,-0.20801133,-0.4004,-0.9836149,-0.6241944,0.66227555
atac_E18_5-S1#GCCGCAACTTATCCGG-1,2.2064857,-0.812335,-0.34993246,2.2350242,-1.287528,-0.52247196,0.48524702,-0.7728796,-0.6936471,-0.48796314
atac_E18_5-S1#GCCGCAACTTATTCAT-1,-0.8430663,-0.8915775,3.3571463,2.7096193,-0.67134875,-0.7765733,-1.1294929,-1.3843329,-0.65851915,0.28814518
atac_E18_5-S1#GCCGCAACTTGACTTC-1,-0.5236204,-0.44008058,-0.11917066,1.5759895,0.39649552,0.68064547,-0.5259905,-0.3096676,-0.6031074,-0.1314932
atac_E18_5-S1#GCGTTGGAAACCTGCG-1,-0.95700276,0.52826715,0.062616855,-1.4566203,-0.61477137,-0.28151524,1.9185697,1.3131686,0.3780929,-0.89080524
atac_E18_5-S1#GCGTTGGAAAGAAGCT-1,-0.4787298,-0.1469123,0.1406058,1.116259,-0.25942758,0.74312645,0.25049326,-0.14795244,-0.6011183,-0.616344
atac_E18_5-S1#GCGTTGGAAATTAAGA-1,-0.7439928,-0.46995825,2.322287,1.7469031,0.104391225,-0.4833946,-0.64618695,-1.1582983,-0.5914386,-0.080311686
atac_E18_5-S1#GCGTTGGAACCGCCAA-1,-0.87863344,-0.5385945,-0.72786486,-0.7346112,0.40082288,-0.27772197,-0.8835742,2.1454356,1.1523725,0.34236935
atac_E18_5-S1#GCGTTGGAACGGAGGC-1,1.0360619,-0.5039027,-0.33744475,0.7719338,-0.075109355,0.31475922,0.019172378,-0.23618269,-0.52648336,-0.46280447
atac_E18_5-S1#GCGTTGGAACTATGCA-1,0.67391217,-0.39198765,-0.24645768,-0.43429613,0.2095306,0.49049854,1.0245461,-0.83109874,-0.6190488,0.12440144
atac_E18_5-S1#GCGTTGGAACTCAATA-1,-0.3559634,-0.25437582,-0.21337314,0.90977675,0.38915938,0.6526516,-0.46896088,0.10906051,-0.50910455,-0.25887054
atac_E18_5-S1#GCGTTGGAACTTAACC-1,-1.3115953,-0.92795026,-0.2730018,-1.5625118,1.8678033,-1.2200369,-1.2820853,2.6041822,-0.023443524,2.1286395
atac_E18_5-S1#GCGTTGGAAGAACGTC-1,-0.20321916,-0.42135036,-0.11569663,1.0739522,0.40896997,-0.4733488,0.01735283,-0.27797976,-0.7695135,0.7608332
atac_E18_5-S1#GCGTTGGAAGAGAAGG-1,-0.3485564,-0.28128833,0.053513058,1.2704813,-0.68419343,0.46280587,0.5635809,-0.788306,-0.52895045,0.28091347
atac_E18_5-S1#GCGTTGGAAGAGCTAT-1,-0.5792923,0.10906356,-0.20183669,0.30387193,0.2377699,0.78399086,0.13989449,-0.26452324,-0.19763249,-0.33130604
atac_E18_5-S1#GCGTTGGAATCATATT-1,0.61613864,-0.6136904,0.8005507,0.99631065,-0.45004138,-0.16340716,0.7603837,-1.0403793,-0.8023126,-0.103552796
atac_E18_5-S1#GCGTTGGACAACCGCT-1,-0.742181,-0.2258794,-0.51111573,-0.45860186,-0.12365598,0.8623942,-0.09190234,1.715955,0.31220812,-0.73722094
atac_E18_5-S1#GCGTTGGACATACTCC-1,-0.3620771,-0.114015594,-0.02532007,0.8150309,-0.46381077,0.9544152,0.56588405,-1.0000675,-0.7106818,0.34064275
atac_E18_5-S1#GCGTTGGACCAGTTCC-1,-1.5995356,-1.2001197,-0.59360325,-1.5014135,1.5835758,-1.2485808,-1.5346745,3.199705,0.5414348,2.3532126
atac_E18_5-S1#GCGTTGGACCGAGAAT-1,-0.19408889,0.095684126,-0.33175045,0.90742123,0.31934306,0.6651582,0.263649,-1.054123,-0.7103838,0.039090455
atac_E18_5-S1#GCGTTGGACCGATTCC-1,-0.56931984,-0.22752438,-0.5134654,-0.38862175,-0.44819665,0.3923052,-0.12742555,2.1365948,0.28260517,-0.5369514
atac_E18_5-S1#GCGTTGGACGACGCGA-1,0.47459018,-0.17636636,-0.43072805,-0.33776817,0.1899391,1.0811442,0.9941555,-0.93566597,-0.52124876,-0.33805186
atac_E18_5-S1#GCGTTGGACTAAGAGA-1,-0.49110967,-0.2967468,0.41652256,0.44243604,-0.16365236,0.49906504,-0.074237406,0.115160756,-0.389158,-0.058280244
atac_E18_5-S1#GCGTTGGACTGATGGT-1,-0.42108446,-0.15838414,-0.055910505,0.8957871,0.40975776,0.2926763,-0.16604382,-0.840399,-0.69036204,0.7339628
atac_E18_5-S1#GCGTTGGACTTGCGCC-1,-0.75761086,-0.16661978,0.6109023,0.76165336,-0.16869888,0.4901363,-0.31609353,0.5755251,-0.47867146,-0.55052245
atac_E18_5-S1#GCGTTGGAGAAGATCG-1,-0.11551739,-0.33268252,-0.24165043,1.0375149,-0.77642864,1.3044354,0.87423587,-1.1070371,-0.6741416,0.031271487
atac_E18_5-S1#GCGTTGGAGACCTTGA-1,-0.716184,-0.2113412,-0.36883906,0.0059189918,0.050461642,0.7455942,-0.25663748,0.9665781,-0.06577778,-0.14977345
atac_E18_5-S1#GCGTTGGAGATACGGA-1,1.1645916,-0.58728755,-0.0855066,0.44333774,0.0016143396,0.26834384,0.047525857,-0.54634804,-0.56724805,-0.13902321
atac_E18_5-S1#GCGTTGGAGATCTTAC-1,-0.08443119,-0.37778735,-0.5388376,1.4275911,0.33896738,0.72216374,-0.45045665,-0.11493656,-0.4533153,-0.46895757
atac_E18_5-S1#GCGTTGGAGCAGGTCC-1,-0.81190735,-0.31864178,0.3686323,1.1689171,0.5285475,-0.31603,-0.1295217,-0.6828039,-0.757813,0.95062083
atac_E18_5-S1#GCGTTGGAGCCATTCT-1,-0.5479109,0.28156435,-0.29510254,0.17835142,-0.023373323,0.73505294,0.35490498,0.09563553,-0.42071185,-0.35841057
atac_E18_5-S1#GCGTTGGAGCCGCAAC-1,0.24586728,-0.33806628,0.254582,0.5779746,0.20393997,0.31901607,0.24006459,-0.5842102,-0.5864508,-0.33271712
atac_E18_5-S1#GCGTTGGAGCGTTGGA-1,0.18979138,-0.26441416,0.40592864,0.7807982,-0.04485162,-0.5427877,0.5323926,1.0563679,-1.1143116,-0.9989135
atac_E18_5-S1#GCGTTGGAGCTAACTT-1,-0.24939638,-0.08316362,0.1285827,-0.09795873,-0.46071813,0.35642925,1.8242671,-0.7651603,-0.30100316,-0.35187876
atac_E18_5-S1#GCGTTGGAGGCTGAGC-1,-0.47373408,-0.22729863,-0.45228243,-0.27312475,-0.20656566,0.63896817,-0.10815963,1.4357176,0.19583762,-0.5293582
atac_E18_5-S1#GCGTTGGAGGTACTGC-1,-0.5302341,-0.18596286,-0.16055384,0.5859697,0.10243228,0.9173731,-0.17930663,0.68752104,-0.4629302,-0.77430856
atac_E18_5-S1#GCGTTGGAGGTATGCT-1,-0.5769264,-0.30533913,-0.1735592,-0.19294453,-0.29510581,0.92957234,0.52000743,0.40102676,0.0024645813,-0.3091962
atac_E18_5-S1#GCGTTGGATAGAATTA-1,-0.8124008,0.3813099,-0.10533625,1.0823767,-0.14438775,0.91393036,0.019145973,-0.12682824,-0.5167743,-0.6910356
atac_E18_5-S1#GCGTTGGATAGAGTAA-1,-0.7495459,-0.20841992,-0.4279421,0.014367323,0.044787496,0.7737815,-0.40061882,1.0908751,0.0036248676,-0.14090954
atac_E18_5-S1#GCGTTGGATAGATCTA-1,-0.028016618,-0.42098173,0.48040122,0.53242344,-0.4968458,0.1496466,0.6080363,-1.0308132,-0.6908256,0.8969755
atac_E18_5-S1#GCGTTGGATCCGGCCT-1,-0.6511021,-0.22936109,-0.62048376,0.9833551,0.07912658,1.7008255,-0.22657126,-0.21681814,-0.5970343,-0.22193652
atac_E18_5-S1#GCGTTGGATCCTACCA-1,-0.65032643,-0.3245588,0.21140878,1.2346601,-0.109998345,0.70315224,-0.43216872,0.3347223,-0.53511006,-0.43178123
atac_E18_5-S1#GCGTTGGATCGGCCTT-1,0.122815385,-0.4382818,0.47232008,1.0083526,-0.07402323,0.48854563,-0.07312867,0.28732732,-0.83667517,-0.9572521
atac_E18_5-S1#GCGTTGGATCTGATAC-1,0.21837711,-0.2735933,0.18601051,0.78593284,-0.7876458,0.16090757,1.3669925,-0.75880027,-0.61392236,-0.28425866
atac_E18_5-S1#GCGTTGGATGAGTCTG-1,0.21141893,-0.45267755,-0.27725378,1.164246,0.6102561,0.5908128,-0.40255576,-0.2915474,-0.599812,-0.5528874
atac_E18_5-S1#GCGTTGGATGCCGGCA-1,-0.5616384,-0.20197392,1.796728,1.0449096,-0.017653506,-0.3048478,0.11641861,-1.0675981,-0.74546295,-0.058881395
atac_E18_5-S1#GCGTTGGATGCGGACC-1,0.2884567,-0.42324513,0.14875972,0.06438446,-0.12169191,0.39053535,0.5394069,-0.35766786,-0.6009746,0.07203637
atac_E18_5-S1#GCGTTGGATGGTCAGC-1,0.4931548,-0.12057419,-0.5276525,0.6323302,0.40093598,0.93376946,0.38763174,-0.97741675,-0.70098126,-0.52119744
atac_E18_5-S1#GCGTTGGATTACCGAG-1,-0.40789482,-0.1325946,0.25685766,1.0052073,-0.48008278,0.99463403,0.4982805,-0.7746757,-0.57160974,-0.3881219
atac_E18_5-S1#GCGTTGGATTATCCGG-1,0.68288887,-0.4893245,-0.07861289,0.22841325,0.2664481,0.33100066,0.4814097,-0.8538499,-0.5709428,0.0025695115
atac_E18_5-S1#GCGTTGGATTATTCAT-1,-0.47990698,-0.7149444,2.618625,2.198344,-0.5631111,-0.5323313,-0.70911694,-1.2287157,-0.5729883,-0.01585394
atac_E18_5-S1#GCGTTGGATTGACTTC-1,-0.23191045,0.20721485,-0.5486801,0.34281206,0.19448541,0.9552477,0.19849047,-0.17042725,-0.28115976,-0.6660729
atac_E18_5-S1#GCTAACTTACCGCCAA-1,-0.31851605,-0.82555306,0.7041915,-0.9559652,-0.6409553,-0.45299566,1.0776175,2.4244146,-0.29897997,-0.7132586
atac_E18_5-S1#GCTAACTTACGGAGGC-1,0.12611774,-0.5120732,-0.6342373,0.58800715,-0.55597067,0.9842634,-0.7496369,1.7263951,-0.22634044,-0.74652475
atac_E18_5-S1#GCTAACTTACTCAATA-1,2.8498132,-0.8235833,-1.0347942,2.7228172,-1.1625297,-0.9428882,0.052457597,-0.4944818,-0.60616845,-0.56064254
atac_E18_5-S1#GCTAACTTACTTAACC-1,-1.6801574,-0.6831582,-1.1623163,1.0536952,-0.6054765,0.0864261,-1.1215341,2.9319592,0.4234504,0.75711155
atac_E18_5-S1#GCTAACTTAGAACGTC-1,-1.0036294,0.53294903,-0.9863422,0.6434686,-0.5157769,0.99015594,-1.0622605,1.9806303,0.21000989,-0.7892047
atac_E18_5-S1#GCTAACTTAGAGCTAT-1,3.8397508,-1.068756,-1.0384014,3.4148443,-1.4601176,-1.3524237,0.112354256,-0.45753756,-0.8212542,-1.1684587
atac_E18_5-S1#GCTAACTTATAAGGAG-1,-0.7767631,-0.2589674,-0.42020977,-0.5158053,-0.41383848,0.63676775,0.04103221,2.0984058,0.22059527,-0.61121726
atac_E18_5-S1#GCTAACTTCAACCGCT-1,-0.81241107,-0.68752134,-0.35724458,0.5178063,-0.3861152,0.16662607,-0.70380783,2.3066862,-0.013118375,-0.030900247
atac_E18_5-S1#GCTAACTTCCAGTTCC-1,-1.4548486,-0.36697215,-1.210974,0.87277263,-1.3414232,-0.14002353,-0.54899824,3.4737778,0.55496824,0.16172105
atac_E18_5-S1#GCTAACTTCCGAGAAT-1,-0.3752008,-0.4073912,-0.9416605,0.96247125,-0.5810161,-0.0060585826,-0.47712493,2.5570023,-0.56287557,-0.16814572
atac_E18_5-S1#GCTAACTTCCGATTCC-1,-0.796782,-0.3840946,-0.40350556,-0.54716766,-0.72358876,0.56846315,-0.009479227,2.6433313,0.2881002,-0.63527656
atac_E18_5-S1#GCTAACTTCGAACGCC-1,-0.6062436,-0.31845307,-0.4640043,-0.5155749,-0.45682204,0.5511898,-0.29620707,2.563775,0.12165657,-0.5793165
atac_E18_5-S1#GCTAACTTCTAAGAGA-1,3.4657686,-0.9099955,-1.1006389,3.2437928,-1.4547391,-0.99837595,0.069688186,-0.6695884,-0.6719754,-0.9739364
atac_E18_5-S1#GCTAACTTCTGATGGT-1,-1.0900178,0.4963972,-0.8990296,0.53518206,-0.5961831,0.59568715,-0.67789316,1.7527657,0.0013793558,-0.11828799
atac_E18_5-S1#GCTAACTTCTTGCGCC-1,0.25629023,0.29555768,-1.1443504,0.9094399,0.24193253,0.21882257,-0.8388637,0.27048114,-0.2027818,-0.006528314
atac_E18_5-S1#GCTAACTTGACCTTGA-1,-1.2634845,-0.55334073,-0.54612166,1.1373678,-1.0279524,0.11069136,-0.65957284,2.7454793,-0.20360136,0.26053488
atac_E18_5-S1#GCTAACTTGATCTTAC-1,-0.87051976,0.17760475,-0.93868595,1.3508636,0.42248732,0.09781393,-0.9854459,1.3359119,-0.32824802,-0.26178175
atac_E18_5-S1#GCTAACTTGCAGGTCC-1,-0.55370384,-0.463976,-0.6929102,1.004704,-0.8059208,0.87264746,-0.7195083,2.2466943,-0.112872705,-0.7751539
atac_E18_5-S1#GCTAACTTGCCATTCT-1,3.8644547,-1.0390724,-1.0755051,3.3691683,-1.4035861,-1.3380848,0.18549213,-0.5271476,-0.8334792,-1.2022398
atac_E18_5-S1#GCTAACTTGCCGCAAC-1,-0.12253474,-0.09065217,-0.7165522,0.94312316,-0.8093516,0.9407702,-0.7380521,2.0346894,-0.6054637,-0.8359763
atac_E18_5-S1#GCTAACTTGCGTTGGA-1,1.9488536,-0.60463464,-0.6583267,2.3098676,-0.007584896,-0.5857072,-0.81274736,-0.2643632,-0.520744,-0.8046132
atac_E18_5-S1#GCTAACTTGGCTGAGC-1,-0.52239114,-0.29628608,-0.4107773,-0.47867972,-0.43661892,0.5386628,0.022723017,2.0318406,0.1599197,-0.60839295
atac_E18_5-S1#GCTAACTTGGTACTGC-1,1.5527835,-0.75104254,-0.7998944,1.7379298,0.7896112,-0.92851394,-0.3661433,-0.38898727,-0.6672934,-0.17844966
atac_E18_5-S1#GCTAACTTTAGAATTA-1,3.711686,-0.9483461,-1.1533216,3.2509418,-1.2288886,-1.0559794,-0.23450342,-0.62577415,-0.6557145,-1.0601003
atac_E18_5-S1#GCTAACTTTAGAGTAA-1,-0.85043657,-0.1777842,-0.67657787,-0.15851481,-0.3203691,0.85094196,-0.73096836,1.8564974,0.9702939,-0.76308215
atac_E18_5-S1#GCTAACTTTAGATCTA-1,0.12341324,-0.3650082,-0.7697226,-0.14004426,-0.42771664,1.1493378,-0.31167457,1.2597961,0.2255564,-0.74393725
atac_E18_5-S1#GCTAACTTTCCTACCA-1,2.28214,-0.69548506,-0.8700024,2.549856,-1.0760466,-0.765595,0.08838788,-0.20646194,-0.5491757,-0.7576173
atac_E18_5-S1#GCTAACTTTCGGCCTT-1,-0.5911713,0.30597317,-1.002459,0.34471098,-0.32819256,0.99762535,-0.9864293,1.8988193,0.25579196,-0.8946686
atac_E18_5-S1#GCTAACTTTGAGTCTG-1,0.32562786,-0.39846617,-0.57940894,0.5599226,-0.01502252,0.5776065,-0.5595483,1.2816285,-0.41167662,-0.7806628
atac_E18_5-S1#GCTAACTTTGCGGACC-1,0.018596597,-0.3353862,-0.48594955,0.71698684,-0.20491752,0.77256405,-0.56193584,1.0165362,-0.31176066,-0.6247339
atac_E18_5-S1#GCTAACTTTTGACTTC-1,3.8627493,-1.0577543,-1.1408513,3.4409459,-1.4171643,-1.3403716,0.08075251,-0.6467183,-0.76755714,-1.0140305
atac_E18_5-S1#GGCTGAGCAACCTGCG-1,-0.581659,0.19927204,-0.5976742,-1.1486956,-0.46864167,0.8554462,0.94689375,0.91419095,0.60645896,-0.72559136
atac_E18_5-S1#GGCTGAGCAAGAAGCT-1,0.15119085,-0.39666784,-0.4845779,-0.93187624,-0.28800583,0.97956747,1.4077383,-0.35395938,-0.08113726,-0.0022721738
atac_E18_5-S1#GGCTGAGCAATTAAGA-1,-0.8704501,-0.48010775,0.35829875,1.2103198,0.40652913,-0.91299427,-0.16141221,-0.38593987,-0.82883644,1.664593
atac_E18_5-S1#GGCTGAGCACGGAGGC-1,0.21666048,-0.67152804,0.046580315,0.71264577,0.74025637,-0.53733116,-0.6252451,-0.3534636,-0.82374793,1.2951729
atac_E18_5-S1#GGCTGAGCACTATGCA-1,-0.078275226,-0.2341044,0.07137881,-0.0025059655,0.14206187,0.24680483,0.42127204,-0.6451752,-0.76320744,0.8417507
atac_E18_5-S1#GGCTGAGCACTCAATA-1,-0.68705285,-0.91373384,-0.52512753,-1.0713961,1.0034882,-0.09998868,-0.6858816,2.0134869,-0.4335155,1.399721
atac_E18_5-S1#GGCTGAGCAGAGAAGG-1,0.3517232,-0.43772313,0.6277663,-0.36749357,-0.3441954,0.005217584,0.9967962,-0.73919004,-0.53294384,0.44004273
atac_E18_5-S1#GGCTGAGCAGAGCTAT-1,-0.17361106,-0.15416124,-0.37516254,0.7402184,0.15481576,0.7999721,-0.13444531,-0.16017596,-0.40923953,-0.28821075
atac_E18_5-S1#GGCTGAGCATCATATT-1,0.45063332,-0.44233915,0.27294043,-0.6511543,0.32143882,0.10011183,0.7025174,-0.2867065,-0.5533889,0.0859471
atac_E18_5-S1#GGCTGAGCCATACTCC-1,-0.25646538,-0.24434106,-0.104070514,0.052617986,0.26499477,0.241457,-0.08535831,-0.5551208,-0.59243137,1.2787178
atac_E18_5-S1#GGCTGAGCCCGAGAAT-1,-1.0133126,-0.31124422,0.13773337,0.9448992,0.9196449,-1.0530736,-0.2765225,-0.028649071,-0.8086561,1.4891808
atac_E18_5-S1#GGCTGAGCCGACGCGA-1,0.24271469,-0.6179385,0.028634042,1.0755559,0.32606754,-0.684739,-0.09410398,-1.0301014,-0.76527303,1.5191839
atac_E18_5-S1#GGCTGAGCCTAAGAGA-1,-0.75812936,0.062412433,-0.43222353,-0.618813,-0.37881032,1.1493617,0.45659605,0.9326072,0.13419154,-0.5471928
atac_E18_5-S1#GGCTGAGCCTGATGGT-1,0.17475128,-0.9879986,-0.31425363,-1.6166213,2.372727,-1.4240283,-1.0994519,1.0992832,-1.1177171,2.9133096
atac_E18_5-S1#GGCTGAGCCTTGCGCC-1,-0.6163309,0.11383687,-0.31163633,0.2544273,-0.23749425,0.511745,-0.5969241,1.643655,-0.19553721,-0.5657413
atac_E18_5-S1#GGCTGAGCGAAGATCG-1,-0.4084623,0.41524237,-0.6076113,-0.26950574,-0.38245323,0.6634977,0.33788133,0.037310094,-0.43057874,0.6446798
atac_E18_5-S1#GGCTGAGCGATACGGA-1,0.69769174,-0.6678852,-0.6552784,1.1424865,0.24505627,-0.746133,-0.11533032,-1.0527593,-0.7726425,1.9247941
atac_E18_5-S1#GGCTGAGCGATCTTAC-1,-1.0041813,-0.35802826,0.79482514,-0.89223796,0.009234361,-0.580996,0.40080446,1.9135909,-0.42904785,0.1460366
atac_E18_5-S1#GGCTGAGCGCCATTCT-1,-0.45315194,-0.2993249,-0.43917534,0.62514025,-0.02299606,0.5852288,-0.4391827,1.0810505,-0.15282106,-0.48476753
atac_E18_5-S1#GGCTGAGCGCCGCAAC-1,-0.058086842,-0.26577276,0.17872739,0.99304986,0.08683364,-0.50374633,0.22583397,-0.6556414,-0.7088646,0.707667
atac_E18_5-S1#GGCTGAGCGCGTTGGA-1,-0.75343955,-1.2188683,3.4856758,-1.9535179,0.036694787,-1.3744355,-0.95196307,3.8307862,-0.84211606,-0.2588163
atac_E18_5-S1#GGCTGAGCGCTAACTT-1,-0.4296047,-0.98923343,-0.12800495,1.5094769,2.0711575,-1.5411516,-0.58011585,-1.4164633,-1.2794414,2.7833805
atac_E18_5-S1#GGCTGAGCGGTACTGC-1,-0.822402,-0.56910974,0.7039472,1.0410343,-0.32313564,-0.19664416,-0.8113328,1.8867341,-0.51355946,-0.39553198
atac_E18_5-S1#GGCTGAGCGGTATGCT-1,2.8630881,-1.3087246,-1.4651971,-2.1424832,-1.2673131,-0.08115407,-1.1837022,-0.95156765,2.341244,3.1958096
atac_E18_5-S1#GGCTGAGCTAGAATTA-1,-0.518029,-0.4220731,-0.64410555,1.4806814,-0.63518584,0.90026385,-0.53867656,1.572608,-0.39856037,-0.79692274
atac_E18_5-S1#GGCTGAGCTAGATCTA-1,0.07955036,-0.4298148,-0.33212107,0.8976476,-0.56063145,0.23909305,0.23918344,-0.6137681,-0.49124056,0.9721015
atac_E18_5-S1#GGCTGAGCTCCGGCCT-1,0.5856464,-0.5105697,-0.5556366,-0.51726544,-0.2580542,0.8546061,0.18954024,-0.7002505,0.18786211,0.72412145
atac_E18_5-S1#GGCTGAGCTCCTACCA-1,-1.7374991,-0.16343617,-0.9644089,0.5483029,0.25320408,-0.17102885,-0.77512646,2.3802269,-0.36415058,0.99391615
atac_E18_5-S1#GGCTGAGCTCTGATAC-1,0.8024884,-0.64937896,-1.0036279,0.2924341,0.50558436,-0.123196855,-0.5149009,-0.11189382,-0.62480086,1.4272925
atac_E18_5-S1#GGCTGAGCTGAGTCTG-1,-0.03730237,-0.43217048,-0.19068547,1.4032029,0.10587177,-0.18224081,-0.07392654,-0.93558896,-0.61677885,0.9596189
atac_E18_5-S1#GGCTGAGCTGCCGGCA-1,0.09717186,-0.45442545,-0.48435217,0.44406152,0.38068083,0.6120144,-0.17123793,-0.9211437,-0.57222897,1.0694596
atac_E18_5-S1#GGCTGAGCTGCGGACC-1,-0.08949324,-1.0937846,-0.4409401,1.8680874,1.3994204,-1.5220002,-0.8640914,-0.7055993,-1.1488969,2.5972981
atac_E18_5-S1#GGCTGAGCTGGTCAGC-1,0.6297632,-0.4546131,-0.14356269,-0.3486464,0.45132992,0.4019801,0.7687642,-0.80261236,-0.64194983,0.139547
atac_E18_5-S1#GGCTGAGCTTACCGAG-1,0.11320307,0.017703176,-0.019828359,0.30837226,-0.1899713,0.45790866,0.82182336,-1.2045784,-0.7377039,0.43307143
atac_E18_5-S1#GGCTGAGCTTATCCGG-1,0.39543384,-0.6480205,-0.5464922,0.18492241,0.7852546,-0.1401653,-0.6077201,-0.26749837,-0.6359487,1.4802344
atac_E18_5-S1#GGCTGAGCTTATTCAT-1,-0.112101026,-0.64231104,0.12663831,1.4971712,0.71686566,-0.98521274,-0.2023455,-1.1937875,-0.9853359,1.7804185
atac_E18_5-S1#GGCTGAGCTTGACTTC-1,-0.6899374,-0.16565095,-0.67014927,0.98031783,-0.30862492,0.70551455,-0.67747533,1.734386,-0.17671299,-0.73166746
atac_E18_5-S1#GGTACTGCAACCTGCG-1,-1.2426118,-0.22014791,0.52943885,2.3603396,-0.67398304,-0.46901852,-0.25738826,-0.6040601,-0.6096131,1.187044
atac_E18_5-S1#GGTACTGCAAGAAGCT-1,-0.433476,-0.14104944,-0.4170695,1.4803305,-0.72603476,0.89032227,0.43825507,-0.9095609,-0.50290805,0.32119086
atac_E18_5-S1#GGTACTGCAATTAAGA-1,0.5935591,-0.44220832,-0.21406506,0.73826754,0.5423819,0.19244714,0.012891974,-1.2039032,-0.7410708,0.5216997
atac_E18_5-S1#GGTACTGCACGGAGGC-1,1.1806008,-0.6514936,0.012552597,1.4757345,-0.41520956,-0.2358082,-0.064453505,-0.6053907,-0.5523225,-0.14420977
atac_E18_5-S1#GGTACTGCACTATGCA-1,0.7319597,-0.45400876,-0.78238827,0.52988297,0.063050725,0.9106126,-0.07690294,-1.1500975,-0.44144428,0.6693359
atac_E18_5-S1#GGTACTGCACTCAATA-1,1.0450157,-0.15649606,-0.92383075,0.8804172,0.7904859,0.8202863,-0.8450941,-0.17066856,-0.56178355,-0.878332
atac_E18_5-S1#GGTACTGCACTTAACC-1,-0.42703456,-0.4745263,-0.47805303,-0.6006125,-0.7705261,-0.030127607,-0.12778169,2.89188,0.72927636,-0.7124944
atac_E18_5-S1#GGTACTGCAGAACGTC-1,-1.4582953,-0.22789085,-0.5624727,0.5933566,1.0871806,-0.9291764,-1.1547859,1.7593279,-0.77172047,1.6644763
atac_E18_5-S1#GGTACTGCAGAGAAGG-1,0.107678056,0.02566225,0.41609392,1.1128331,-0.13172379,-0.082860515,0.2293625,-0.7258177,-0.3871216,-0.56410635
atac_E18_5-S1#GGTACTGCAGAGCTAT-1,-0.7573301,0.055977643,-0.257786,0.33874953,0.089621894,0.7914403,0.30008915,-0.11158927,-0.03466549,-0.41450757
atac_E18_5-S1#GGTACTGCATCATATT-1,0.10472818,-0.83067167,0.090017974,1.054656,0.5808094,-1.0243767,-0.23632294,-0.49882346,-0.9013795,1.6613626
atac_E18_5-S1#GGTACTGCCAACCGCT-1,-1.465846,-0.85105026,-0.8792217,-0.78233,-0.44653946,0.40355295,-0.5402678,2.6460373,0.5130408,1.402624
atac_E18_5-S1#GGTACTGCCATACTCC-1,-0.05728548,0.010614773,-0.30207917,1.1288025,-0.80012846,0.5624527,0.39290953,-0.8298418,-0.37973717,0.2742924
atac_E18_5-S1#GGTACTGCCCGAGAAT-1,0.67523354,-0.30992454,0.18743668,0.40331477,0.043038085,-0.10646105,0.61797893,-0.9728783,-0.6003473,0.06260915
atac_E18_5-S1#GGTACTGCCGACGCGA-1,0.28067926,-0.39236936,0.24021038,1.2047396,-0.33170784,-0.27509257,0.2806682,-0.9306377,-0.58647406,0.5099842
atac_E18_5-S1#GGTACTGCCTAAGAGA-1,0.15982738,-0.16256802,-0.17002536,0.9992079,-0.3279199,0.43988758,0.5847692,-0.2916755,-0.41639012,-0.8151131
atac_E18_5-S1#GGTACTGCCTGATGGT-1,0.8131709,-0.10320099,-0.3486198,0.18646911,0.08443987,0.19744907,1.0898871,-1.1418836,-0.73760664,-0.04010499
atac_E18_5-S1#GGTACTGCCTTGCGCC-1,-1.0265692,-0.23976687,0.39768565,0.99448234,-0.2958573,-0.60586554,-0.21248996,0.86732036,-0.6653606,0.786421
atac_E18_5-S1#GGTACTGCGAAGATCG-1,-0.6211021,-0.5131265,0.61855066,1.6554551,-0.09564811,-0.056345887,-0.59656465,-0.7921805,-0.5178761,0.9188382
atac_E18_5-S1#GGTACTGCGACCTTGA-1,-1.3297704,-0.5492924,-0.91356057,-0.84523165,1.5326223,-0.94223225,-1.4308771,2.3628237,-0.33973753,2.4552557
atac_E18_5-S1#GGTACTGCGATACGGA-1,-0.7949189,-0.29426774,0.459278,1.5836279,-0.3648208,-0.19645552,0.071183875,-1.041343,-0.54220676,1.1199231
atac_E18_5-S1#GGTACTGCGATCTTAC-1,0.5601943,-0.023840819,-0.26875925,0.9632044,0.36852634,0.16710712,0.42077774,-1.0372125,-0.5388969,-0.6111003
atac_E18_5-S1#GGTACTGCGCAGGTCC-1,-1.4493971,-0.56123805,-0.6376774,0.01445464,1.0130113,-0.5971004,-1.1489086,1.8696598,-0.63979083,2.1369867
atac_E18_5-S1#GGTACTGCGCCATTCT-1,-0.62831813,0.19856371,-0.30894566,1.4108088,-0.57095945,1.0529066,0.16404341,-0.07506423,-0.4055558,-0.83747935
atac_E18_5-S1#GGTACTGCGCCGCAAC-1,1.6349401,-0.6934492,-0.5408563,-0.022686044,-0.18222013,-0.8563261,0.40683195,-0.6684439,-0.7006866,1.6228963
atac_E18_5-S1#GGTACTGCGCGTTGGA-1,1.1721733,-0.45794353,-0.16644578,1.1101677,-0.8182786,-0.58058405,0.7608657,-0.8710212,-0.5428817,0.39394808
atac_E18_5-S1#GGTACTGCGCTAACTT-1,-0.16120332,-0.33811092,0.24920332,1.3304307,-0.80763996,0.042226247,0.5778874,-1.067018,-0.49918237,0.673407
atac_E18_5-S1#GGTACTGCGGTACTGC-1,-0.6014668,0.5990833,0.6944522,0.72927403,-0.34289744,-1.1781182,0.3439662,1.0234586,-0.77027905,-0.49747285
atac_E18_5-S1#GGTACTGCGGTATGCT-1,-1.4279517,-0.108035,0.38133314,2.1918662,0.12714557,-0.6676683,-0.14508978,-0.58163273,-0.53758925,0.7676221
atac_E18_5-S1#GGTACTGCTAGAATTA-1,-0.29061276,0.42506337,-0.65818805,1.0598868,0.34697032,1.0423784,-0.45430237,0.12178603,-0.5645375,-1.0284442
atac_E18_5-S1#GGTACTGCTAGAGTAA-1,-1.2631848,0.23356362,0.064083025,-0.07672189,0.6143071,-0.5163352,-0.792262,1.0235351,-0.6157651,1.3287799
atac_E18_5-S1#GGTACTGCTAGATCTA-1,0.43750304,-0.45142242,0.4566866,1.0055429,-0.07444991,-0.36188793,0.42429596,-1.0672047,-0.74882215,0.37975875
atac_E18_5-S1#GGTACTGCTCCGGCCT-1,-0.66962016,0.03428402,-0.0624292,1.1611967,0.53359544,0.7554535,-0.18855584,-0.71237785,-0.4424156,-0.40913093
atac_E18_5-S1#GGTACTGCTCCTACCA-1,1.4710414,-0.580077,-0.7906951,1.7054754,-0.095697075,-0.7689623,0.22030799,-0.9775987,-0.7102686,0.52647394
atac_E18_5-S1#GGTACTGCTCGGCCTT-1,-1.9918141,-0.9753088,-0.66047275,-0.68739337,2.0739057,-1.2385231,-1.3424926,2.7333329,-0.48813105,2.5768974
atac_E18_5-S1#GGTACTGCTCTGATAC-1,0.7886862,-0.6532125,0.13099465,1.3233173,-0.0029085986,-0.5011957,-0.09278058,-0.89706415,-0.7135735,0.61773705
atac_E18_5-S1#GGTACTGCTGAGTCTG-1,-0.26901436,0.98315185,-0.87656504,0.38788992,0.40550423,0.71727973,-1.0083824,0.8540346,-0.6058881,-0.5880104
atac_E18_5-S1#GGTACTGCTGCCGGCA-1,0.6968985,-0.5920009,0.16420911,0.7178707,-0.4437879,-0.51135594,0.18452756,-0.695485,-0.6650207,1.1441444
atac_E18_5-S1#GGTACTGCTGCGGACC-1,1.0608847,-0.5308729,-0.4859051,0.11081216,0.6475577,0.23924223,-0.062655196,-0.2718948,-0.76320463,0.056035947
atac_E18_5-S1#GGTACTGCTGGTCAGC-1,0.67755204,-0.5969004,-0.13698563,1.0478919,-0.06616707,-0.5473443,-0.2995218,-0.23190041,-0.56921124,0.7225869
atac_E18_5-S1#GGTACTGCTTACCGAG-1,-0.85425776,-0.50103074,0.37782806,1.3837082,0.28259623,-0.95286554,-0.29694918,-0.49453732,-0.85351974,1.9090279
atac_E18_5-S1#GGTACTGCTTATCCGG-1,-0.71948117,-0.48460063,0.6635233,1.9773643,-1.1018952,-0.6147885,0.49942544,-0.96731895,-0.56390315,1.3116745
atac_E18_5-S1#GGTACTGCTTATTCAT-1,0.6553921,-0.4787687,-0.007772442,0.5720703,0.116653696,-0.022396844,0.18876924,-0.9589049,-0.68344504,0.61840266
atac_E18_5-S1#GGTACTGCTTGACTTC-1,-0.71738297,-0.016941557,-0.63523257,1.6126019,-0.28181383,1.247287,-0.09964632,0.17560062,-0.49074036,-0.793732
atac_E18_5-S1#GGTATGCTACCGCCAA-1,-0.96431714,-0.66365284,1.3344115,-0.26750904,-1.0256054,-0.23742887,-0.9811325,3.5506272,0.035398304,-0.7807912
atac_E18_5-S1#GGTATGCTACTCAATA-1,-0.29582235,-0.05165239,-0.9004117,1.6613435,0.6154281,0.23990072,-1.6108658,1.8773388,-0.6038931,-0.9313655
atac_E18_5-S1#GGTATGCTACTTAACC-1,-0.87066734,-0.86279607,1.0205443,0.093025684,-1.1268268,-0.11456459,-0.9152118,3.5000079,-0.084681846,-0.63882923
atac_E18_5-S1#GGTATGCTAGAACGTC-1,-0.575313,-0.51832086,-0.5592625,-0.23862714,-0.9079762,-0.46721998,0.43908182,3.791082,-0.41822258,-0.54522145
atac_E18_5-S1#GGTATGCTAGAGCTAT-1,1.3736751,-0.62388444,-0.6347541,0.9888437,0.5145375,-0.06089396,-0.10702176,0.014088009,-0.58189255,-0.8826973
atac_E18_5-S1#GGTATGCTATAAGGAG-1,-0.75329,-0.32892746,-0.45099664,-0.045035265,-0.64852184,0.42032975,-0.30530548,2.2426658,0.45070273,-0.5816217
atac_E18_5-S1#GGTATGCTCAACCGCT-1,-1.2040145,-0.97732484,-1.3279876,1.761534,-1.6094543,0.43012208,-1.2475193,3.4268029,0.9270085,-0.1791668
atac_E18_5-S1#GGTATGCTCCAGTTCC-1,-1.256805,-0.8336322,3.3003728,-0.74227494,-1.2285168,-0.6062797,-1.3755932,3.5525742,-0.049201213,-0.7606438
atac_E18_5-S1#GGTATGCTCCGAGAAT-1,-0.28125048,-0.36462882,-0.52818143,1.7365803,-0.018108033,0.63616675,-0.4493812,-0.20043042,-0.3510772,-0.17968929
atac_E18_5-S1#GGTATGCTCCGATTCC-1,-0.8543127,-0.42607376,-0.4930804,-0.3831125,-0.8091569,0.15619518,-0.40811577,2.8661733,0.95930386,-0.6078202
atac_E18_5-S1#GGTATGCTCGAACGCC-1,-0.5291071,-0.3448526,-0.48715493,0.103573136,-0.4896004,0.49312407,-0.37443766,1.7506716,0.4807395,-0.6029557
atac_E18_5-S1#GGTATGCTCTAAGAGA-1,-0.03784709,0.37196094,-0.84963834,0.5093007,-0.059096124,1.0509042,-0.48982555,0.8547734,-0.19374,-1.1567922
atac_E18_5-S1#GGTATGCTCTGATGGT-1,-0.11179261,-0.341874,-0.29837206,1.3748271,0.055591535,0.43484825,-0.43848217,-0.12827621,-0.3752123,-0.17125747
atac_E18_5-S1#GGTATGCTCTTGCGCC-1,-0.06813732,-0.6855205,-0.55731344,-0.3444851,-0.8962118,-0.67040664,1.2396816,3.9259086,-1.1480763,-0.79543895
atac_E18_5-S1#GGTATGCTGACCTTGA-1,-0.96057624,-0.8939971,-1.0022868,1.8823481,-1.4796679,0.38554105,-1.0769225,3.3088653,0.27427953,-0.43758348
atac_E18_5-S1#GGTATGCTGATCTTAC-1,-0.49618727,-0.31286868,-0.7048318,0.6831048,-0.4618088,0.82366455,-0.5843453,1.9250617,-0.12815562,-0.7436337
atac_E18_5-S1#GGTATGCTGCAGGTCC-1,-0.71273804,-0.6402976,-0.13719276,-0.2800854,-0.9223585,-0.15502207,0.03814569,3.7022235,0.017086066,-0.9097609
atac_E18_5-S1#GGTATGCTGCCATTCT-1,-0.35684305,0.009152055,-0.5916813,1.1788656,0.3958599,0.4070645,-1.0405668,1.1048683,-0.50493646,-0.6017825
atac_E18_5-S1#GGTATGCTGCCGCAAC-1,-0.14875484,-0.4355329,-0.558904,1.8491879,-0.046299,0.35956597,-0.52003676,0.445706,-0.3060361,-0.6388962
atac_E18_5-S1#GGTATGCTGCGTTGGA-1,0.31078196,-1.1003363,1.06659,-0.87078315,-0.71005577,-0.5619322,0.16667873,3.0256221,-0.58441603,-0.74214906
atac_E18_5-S1#GGTATGCTGGCTGAGC-1,-0.90196174,-0.20863491,-0.50420517,-0.49237865,-0.63422185,0.55471134,0.39732587,1.7435019,0.66997576,-0.6241125
atac_E18_5-S1#GGTATGCTGGTACTGC-1,-0.24210665,-0.76211923,-0.8532079,0.29602885,-1.0002034,-0.29023236,0.3273314,3.806117,-0.7242753,-0.5573326
atac_E18_5-S1#GGTATGCTTAGAATTA-1,-0.62782156,-0.7258512,-1.1767728,2.0154288,-1.39377,-0.12289785,-0.85133016,3.4231393,-0.4562979,-0.08382686
atac_E18_5-S1#GGTATGCTTAGAGTAA-1,-1.0798631,-0.33440676,-1.0980389,1.198393,-1.3843302,1.0450671,-0.8391302,2.9488719,0.4891326,-0.94569534
atac_E18_5-S1#GGTATGCTTCCTACCA-1,-0.30205137,-0.6128983,-0.8010998,0.92144096,-1.0385443,-0.20539999,-0.5616904,3.5261946,-0.09964076,-0.82631063
atac_E18_5-S1#GGTATGCTTCGGCCTT-1,0.1717843,-0.78373456,-0.64757663,-0.63172436,-1.0299608,-0.66558474,1.9989935,4.013398,-1.4505103,-0.9750843
atac_E18_5-S1#GGTATGCTTTGACTTC-1,-0.03397858,0.15446265,-0.835484,2.0178163,-1.3094794,0.5694065,-1.2424141,2.1509216,-0.52151316,-0.94973755
atac_E18_5-S1#TAGAATTAAACCTGCG-1,-1.4558549,-0.2606554,1.391267,1.9001617,-0.30109403,-0.3889923,0.028761553,-1.0167222,-0.5948591,0.69798744
atac_E18_5-S1#TAGAATTAAAGAAGCT-1,-0.43793884,-0.4085034,-0.67523396,2.4655,-0.016863387,0.70951277,-0.41479975,-0.2745741,-0.5063766,-0.4407227
atac_E18_5-S1#TAGAATTAAATTAAGA-1,0.6872582,-0.40576947,0.14913814,0.46498847,-0.19441141,0.16393861,0.799793,-0.9709786,-0.63905776,-0.05489911
atac_E18_5-S1#TAGAATTAACGGAGGC-1,0.64704674,-0.5532632,-0.0033658966,0.78191245,0.49765798,0.025927179,-0.11796256,-1.0030838,-0.73068935,0.4558204
atac_E18_5-S1#TAGAATTAACTATGCA-1,0.377421,-0.4574099,-0.38301113,1.059939,0.03830646,0.70957637,-0.21922043,-1.0371509,-0.65804994,0.5695994
atac_E18_5-S1#TAGAATTAACTCAATA-1,1.0350168,-0.51662266,-0.32089257,1.1539375,-0.86824036,-0.26410615,0.4361831,-0.72442466,-0.45839506,0.5275442
atac_E18_5-S1#TAGAATTAACTTAACC-1,-0.5955209,-0.43954137,-0.39706275,-0.33692098,-0.5812764,0.05990947,-0.5992844,2.9354217,0.6743503,-0.72007483
atac_E18_5-S1#TAGAATTAAGAACGTC-1,-1.3843452,0.5104093,-1.2221448,0.56565964,-0.7367835,0.74944925,-1.1279378,2.096564,0.46019244,0.08893664
atac_E18_5-S1#TAGAATTAAGAGAAGG-1,-0.36666727,0.050383076,0.01153966,0.9898127,-0.21411367,0.7583128,0.5526905,-1.0073618,-0.5951321,-0.17946386
atac_E18_5-S1#TAGAATTAAGAGCTAT-1,-0.30717865,0.3005037,0.22798893,-0.4825128,-0.7393923,0.2064181,1.4705656,-0.15342523,0.0028711907,-0.52583843
atac_E18_5-S1#TAGAATTAATCATATT-1,0.55027825,-0.29599443,-0.09494202,1.1003559,0.16283228,0.11917834,0.12274313,-1.1469007,-0.6238062,0.10625556
atac_E18_5-S1#TAGAATTACAACCGCT-1,-1.7405243,-0.9891604,-0.54417914,-1.3577678,1.5621006,-0.6916581,-1.3706393,2.788442,-0.05534503,2.3987317
atac_E18_5-S1#TAGAATTACATACTCC-1,-0.10544821,-0.006251571,-0.33563477,0.41960552,-0.7065616,0.7730292,1.0035719,-0.87060696,-0.26849034,0.09678695
atac_E18_5-S1#TAGAATTACCGAGAAT-1,1.3244511,-0.17028075,-0.5412578,-0.06254583,0.7597189,0.2083225,0.3312678,-0.7767163,-0.89658356,-0.17637616
atac_E18_5-S1#TAGAATTACGACGCGA-1,0.6120686,-0.4912963,0.545632,1.2048762,0.022153229,-0.11455646,-0.1312621,-0.74658203,-0.6207465,-0.28028667
atac_E18_5-S1#TAGAATTACTAAGAGA-1,-0.09711414,-0.0909104,-0.67138505,1.1488392,0.3149234,1.1569098,-0.7644505,-0.15598154,-0.4118552,-0.42897555
atac_E18_5-S1#TAGAATTACTGATGGT-1,1.1329212,-0.51798546,-0.48638517,-0.045419306,0.6960828,0.056112356,0.52393615,-1.2371546,-0.6999129,0.5778049
atac_E18_5-S1#TAGAATTACTTGCGCC-1,-0.4964038,-0.19401567,-0.7851682,0.00449885,-1.216223,1.1155832,0.17222044,1.6681966,0.7310589,-0.99974716
atac_E18_5-S1#TAGAATTAGAAGATCG-1,0.2976506,-0.41560355,-0.32047254,1.4783071,-0.40349552,0.68981254,-0.27946746,-0.19417635,-0.40587994,-0.4466749
atac_E18_5-S1#TAGAATTAGACCTTGA-1,-1.6682351,-0.6309937,-0.62094456,-0.72694993,1.614619,-0.7205107,-1.1048349,2.1310735,-0.558841,2.2856174
atac_E18_5-S1#TAGAATTAGATACGGA-1,0.6818154,-0.49692723,-0.65151,1.4010134,-0.08467451,0.83605015,-0.60943806,-0.69357216,-0.36680228,-0.015954629
atac_E18_5-S1#TAGAATTAGATCTTAC-1,1.5867321,-0.5472731,-0.9386188,0.2747207,0.09209011,0.4261062,0.18906969,-1.2084032,-0.45261955,0.5781958
atac_E18_5-S1#TAGAATTAGCAGGTCC-1,-1.457977,-0.38384756,-0.25480437,0.70324504,0.96778697,-0.7015501,-0.9580251,1.3405759,-0.8461514,1.5907476
atac_E18_5-S1#TAGAATTAGCCATTCT-1,-0.09354975,0.37028864,-0.050292462,0.19058043,-0.38497278,0.29353118,0.8120266,-0.67689705,-0.28668788,-0.17402697
atac_E18_5-S1#TAGAATTAGCCGCAAC-1,0.69567937,-0.37512434,-0.88306314,-0.4618461,1.1838644,0.41911703,-1.2018541,0.23262706,-0.4823478,0.8729476
atac_E18_5-S1#TAGAATTAGCGTTGGA-1,1.5572064,-0.5762274,-0.3857959,1.1547037,-1.0137568,-0.8091342,0.86549014,-0.9415006,-0.5887705,0.7377852
atac_E18_5-S1#TAGAATTAGCTAACTT-1,0.7243415,-0.36406326,-0.6648406,0.7722178,0.20171337,0.8433934,0.037314955,-0.66975516,-0.4583012,-0.42202097
atac_E18_5-S1#TAGAATTAGGTACTGC-1,-0.39659286,0.49275646,-0.23577274,-0.047004648,-1.0818802,0.5826505,1.7833874,0.01648479,-0.40103915,-0.71298945
atac_E18_5-S1#TAGAATTAGGTATGCT-1,-0.9087758,-0.2866096,-0.31108153,1.8410126,0.42611378,1.0081131,-0.5682969,-0.76108754,-0.54212606,0.10273798
atac_E18_5-S1#TAGAATTATAGAATTA-1,0.33344024,-0.019505497,-0.73418385,0.5872063,0.5281815,1.2456459,-0.012622082,-0.13841964,-0.59459436,-1.1951485
atac_E18_5-S1#TAGAATTATAGAGTAA-1,-1.3979027,0.19431502,-0.43713385,-0.31787926,0.2495324,0.22580293,-0.7032031,1.184372,-0.4135431,1.4156399
atac_E18_5-S1#TAGAATTATAGATCTA-1,0.7586593,-0.30750614,-0.24402136,0.36586145,0.53190476,0.17283696,0.4611977,-0.7610028,-0.6530262,-0.3249037
atac_E18_5-S1#TAGAATTATCCGGCCT-1,-0.70743597,-0.3668236,0.1672412,1.7261883,-0.46831644,0.6259025,-0.26010224,-0.59448665,-0.44521177,0.32304457
atac_E18_5-S1#TAGAATTATCCTACCA-1,1.7597506,-0.66038215,-0.498684,1.674674,-0.9333085,-0.8715006,0.6136786,-0.968624,-0.6530534,0.5374493
atac_E18_5-S1#TAGAATTATCGGCCTT-1,-2.0484889,-0.40980387,-0.0968574,0.3734547,1.002359,-0.51558614,-0.9719095,1.853411,-0.69935334,1.5127743
atac_E18_5-S1#TAGAATTATCTGATAC-1,0.9280863,-0.5396843,-0.22990029,1.2034775,-0.13890526,-0.042485896,0.3170938,-0.9728406,-0.6074459,0.08260477
atac_E18_5-S1#TAGAATTATGAGTCTG-1,0.55145305,-0.5179486,-0.67390966,1.3533819,1.0289026,0.6345322,-0.6861055,-0.53836507,-0.5830094,-0.56893116
atac_E18_5-S1#TAGAATTATGCCGGCA-1,-0.5870621,-0.36268806,0.87405735,1.3564072,0.18252218,-0.10211387,-0.07358205,-1.1305716,-0.7826232,0.62565416
atac_E18_5-S1#TAGAATTATGCGGACC-1,1.0400633,-0.6087691,-0.33438814,1.2809988,0.5657368,-0.27699798,-0.8466652,-0.7103076,-0.55824333,0.4485726
atac_E18_5-S1#TAGAATTATGGTCAGC-1,0.83846116,-0.49191114,-0.1857245,1.2313199,-0.12938318,-0.10460652,0.25825188,-1.002729,-0.55318165,0.13950321
atac_E18_5-S1#TAGAATTATTACCGAG-1,0.6059489,-0.57160854,0.32024872,1.0825858,0.21667907,-0.23661594,-0.0004648231,-1.0753714,-0.74332297,0.40192112
atac_E18_5-S1#TAGAATTATTATCCGG-1,-0.5342498,-0.39805305,0.5937555,1.4793255,-0.59984195,0.06463983,0.0883354,-0.9074264,-0.4833821,0.69689703
atac_E18_5-S1#TAGAATTATTATTCAT-1,0.51264095,-0.29025176,0.13090354,0.5117707,-0.47520155,0.22427431,0.7234576,-1.0735245,-0.6009385,0.33686927
atac_E18_5-S1#TAGAATTATTGACTTC-1,-0.80651975,0.3623948,-0.5960282,1.398011,0.55544347,1.0171002,-0.024620682,-0.6274041,-0.38864288,-0.8897338
atac_E18_5-S1#TAGAGTAAAACCTGCG-1,-0.6178711,-0.49888906,-0.44359857,1.7909019,0.815972,0.09018013,-0.55613184,-0.6834784,-0.5698323,0.6727474
atac_E18_5-S1#TAGAGTAAAAGAAGCT-1,-0.201428,-0.51646805,0.52767897,1.6639868,-0.8324493,0.12403169,-0.13604325,-0.6193919,-0.43381944,0.4239025
atac_E18_5-S1#TAGAGTAAAATTAAGA-1,0.6609594,-0.2786234,0.1839404,0.35477027,0.15823182,-0.014660958,0.56925315,-1.0246961,-0.79508966,0.1859152
atac_E18_5-S1#TAGAGTAAACGGAGGC-1,0.45331922,-0.49924448,0.51756084,0.6758837,-0.34190604,0.04970207,0.4344923,-0.4749047,-0.5524409,-0.26246202
atac_E18_5-S1#TAGAGTAAACTATGCA-1,0.7808391,-0.6405854,-0.12814938,1.2045404,0.5892894,-0.2826404,-0.4355169,-0.9486376,-0.68134546,0.5422063
atac_E18_5-S1#TAGAGTAAACTCAATA-1,-1.8547359,-1.0887716,-0.65847445,-1.6491692,1.9698589,-1.3795534,-1.6074926,3.2376866,0.1162111,2.9144404
atac_E18_5-S1#TAGAGTAAAGAACGTC-1,-0.6376363,-0.75620025,1.5245459,-0.24201214,-0.0044586714,-0.68122375,-0.56906295,2.5488153,-0.6762944,-0.5064727
atac_E18_5-S1#TAGAGTAAAGAGAAGG-1,-1.237314,-0.29621717,1.0440218,2.2661848,-0.9488462,-0.43590462,-0.29616505,-0.45666826,-0.42891923,0.78982806
atac_E18_5-S1#TAGAGTAAAGAGCTAT-1,-1.1205611,-1.0922685,-1.3308,1.1721301,-1.0122201,0.60017025,-1.2811005,2.9039512,0.89054507,0.27015334
atac_E18_5-S1#TAGAGTAAATCATATT-1,-0.46501207,-0.40483943,0.78847116,1.3173662,0.046532888,-0.4531157,0.20689741,-1.1587064,-0.812749,0.93515515
atac_E18_5-S1#TAGAGTAACATACTCC-1,-1.4423048,-0.056311943,0.6956982,1.9568757,-0.06959315,-0.33543766,-0.26659244,-0.5883319,-0.5159655,0.62196356
atac_E18_5-S1#TAGAGTAACCGAGAAT-1,-0.9138258,0.8405571,-0.7760018,-0.27683902,0.2714422,0.64326376,-1.0039958,0.8672066,-0.40519476,0.75338745
atac_E18_5-S1#TAGAGTAACGACGCGA-1,-0.28714558,-0.35368863,0.6519904,1.1987612,0.17132804,-0.26876727,0.10646038,-1.156265,-0.7842972,0.7216237
atac_E18_5-S1#TAGAGTAACTAAGAGA-1,-1.7550453,-1.3951619,-0.74044025,-1.5431334,2.0698025,-1.6368763,-1.9193636,3.7302713,0.16007951,3.0298672
atac_E18_5-S1#TAGAGTAACTGATGGT-1,-0.9170343,0.27220568,-0.48718494,0.20275068,-0.041779958,1.1654335,-0.73667157,1.2015333,-0.5033638,-0.15588883
atac_E18_5-S1#TAGAGTAACTTGCGCC-1,-0.8141474,-1.1722207,3.2322423,-1.161841,-0.21375121,-1.0947791,-0.94172347,3.673296,-0.93804216,-0.5690329
atac_E18_5-S1#TAGAGTAAGAAGATCG-1,-0.92674,-0.45840338,0.23285101,1.394616,-0.3716558,0.52642524,-0.5116082,-0.6227505,-0.5708036,1.3080693
atac_E18_5-S1#TAGAGTAAGATACGGA-1,0.027333364,-0.77607226,0.041037336,1.1915599,-0.29256487,0.5651297,-1.0670825,-0.081759945,-0.71075493,1.1031741
atac_E18_5-S1#TAGAGTAAGATCTTAC-1,-0.8339774,-0.30923417,-0.031908914,0.8026128,-0.48241064,1.2695789,-0.47900423,0.7394289,-0.40160784,-0.27347732
atac_E18_5-S1#TAGAGTAAGCAGGTCC-1,-0.8909998,-0.7251517,-0.6374649,-0.53432506,-0.6570436,-0.30579472,-0.8952805,2.172277,3.3173318,-0.8435484
atac_E18_5-S1#TAGAGTAAGCCATTCT-1,-1.1449084,-0.22963266,-0.65171605,0.145006,-0.28659534,0.2112856,-0.6782378,2.0875797,0.187095,0.36012393
atac_E18_5-S1#TAGAGTAAGCCGCAAC-1,-0.76091385,-0.24480313,-0.3617318,0.5434747,0.5509258,0.4718971,-0.79121494,0.07321333,-0.65774524,1.1768981
atac_E18_5-S1#TAGAGTAAGCGTTGGA-1,-0.8521972,-0.046425536,-0.24571848,0.32313883,0.08951319,0.8401042,-0.7981749,1.6444554,-0.38307345,-0.57162213
atac_E18_5-S1#TAGAGTAAGCTAACTT-1,-0.98865676,-0.5184324,0.37042052,1.8513751,-0.016745817,-0.5535607,-0.56609815,-0.5487805,-0.7464215,1.7169003
atac_E18_5-S1#TAGAGTAAGGTACTGC-1,-0.86807,-1.0833634,2.3893113,-1.3762735,-0.013413183,-0.71535933,-0.6416521,2.886586,-0.33182198,-0.24594392
atac_E18_5-S1#TAGAGTAAGGTATGCT-1,-0.98361313,-0.5513345,0.55583394,2.1230612,-0.571103,-0.59605426,-0.64524305,-0.68257314,-0.57754785,1.9285738
atac_E18_5-S1#TAGAGTAATAGAATTA-1,-1.0186474,-0.09179403,-0.17460717,-0.66922975,-0.24703434,0.013564527,0.23509076,2.023366,0.02143053,-0.092138916
atac_E18_5-S1#TAGAGTAATAGAGTAA-1,-1.3076271,-0.6535151,-0.24342635,-0.962318,0.0008906834,-1.0176687,-0.7777707,2.135635,2.9943314,-0.16853096
atac_E18_5-S1#TAGAGTAATAGATCTA-1,-0.4566703,-0.036472004,0.47348398,0.004770037,-0.45116714,0.6097463,1.4021847,-0.6387571,-0.60741293,-0.2997055
atac_E18_5-S1#TAGAGTAATCCGGCCT-1,-0.48062122,-0.58495396,0.50291264,1.0211782,-0.8383569,0.66035575,-0.007035289,-0.3154832,-0.61016667,0.6521705
atac_E18_5-S1#TAGAGTAATCCTACCA-1,-1.864506,-1.0232682,-0.73519075,-1.5298796,2.3343613,-1.5962231,-1.4669284,3.2228785,-0.21431185,2.873068
atac_E18_5-S1#TAGAGTAATCGGCCTT-1,-0.4327991,-0.37606236,-0.38913223,0.56764245,0.05180893,0.7294742,-0.5881446,1.4032768,-0.3778232,-0.5882408
atac_E18_5-S1#TAGAGTAATCTGATAC-1,-0.5259599,-0.4592415,0.23149335,1.1926671,-0.77245367,0.5939793,0.013983052,-0.71655226,-0.59139526,1.0334799
atac_E18_5-S1#TAGAGTAATGAGTCTG-1,-0.23222643,-0.22517145,-0.3567544,0.63149273,0.46077165,0.8921966,-0.19142708,-1.0176607,-0.78630584,0.8250849
atac_E18_5-S1#TAGAGTAATGCCGGCA-1,-0.9409934,-0.3950696,0.77093554,1.1770763,-0.43182212,0.43402478,-0.2540882,-0.76568264,-0.5886947,0.99431396
atac_E18_5-S1#TAGAGTAATGCGGACC-1,-0.13702756,-0.0046963915,0.5445714,-0.12100765,0.10173038,0.0011934191,0.8020791,-0.1882532,-0.86223197,-0.13635752
atac_E18_5-S1#TAGAGTAATGGTCAGC-1,-0.507019,-0.42570204,0.8203798,0.9508584,-0.13183117,-0.17188795,0.3459931,-1.1554874,-0.8704682,1.1451644
atac_E18_5-S1#TAGAGTAATTACCGAG-1,-0.45509714,-0.29115966,0.5161633,0.74007773,-0.3183328,0.78045726,0.11049944,-0.4569425,-0.69336706,0.06770153
atac_E18_5-S1#TAGAGTAATTATCCGG-1,-0.4921294,-0.27755612,0.021886721,0.9850094,-0.46192646,0.85590476,-0.13508967,-0.8059185,-0.5651,0.8749194
atac_E18_5-S1#TAGAGTAATTATTCAT-1,-0.34308198,-0.33255437,-0.08772043,0.7416923,-0.54384834,0.99515086,0.23255329,-0.8378966,-0.5962254,0.7719306
atac_E18_5-S1#TAGAGTAATTGACTTC-1,-1.2348206,-0.52221715,-0.5539831,0.52974576,0.012510546,0.046760663,-0.80413413,2.2667513,-0.3002372,0.559624
atac_E18_5-S1#TAGATCTAAACCTGCG-1,-0.611307,-0.21596228,-0.2532922,0.16993967,-0.07846394,0.895407,0.045182597,0.76011527,-0.23789532,-0.4737237
atac_E18_5-S1#TAGATCTAAAGAAGCT-1,2.4180276,-0.9729532,-0.67007905,2.096461,-1.6011003,-0.7807739,1.8914475,-0.7304818,-0.81752735,-0.83302087
atac_E18_5-S1#TAGATCTAAATTAAGA-1,0.89703727,-0.7811041,-0.2643562,0.5595019,0.31700352,0.2375601,-0.4391084,-0.9325185,-0.7533464,1.1593306
atac_E18_5-S1#TAGATCTAACCGCCAA-1,-0.90519756,-0.73717386,-0.59020615,-0.83208925,-0.6465162,-0.69981354,-0.9161426,2.4903557,3.6696305,-0.83284706
atac_E18_5-S1#TAGATCTAACGGAGGC-1,1.87112,-0.9365872,-0.8659163,0.16495031,-0.21440151,-0.101067334,0.29259408,-1.4876906,-0.5306574,1.8076558
atac_E18_5-S1#TAGATCTAACTATGCA-1,2.2117288,-1.0128777,-0.7051018,0.10065571,1.3042046,-0.8543154,-0.77357143,-0.9421157,-1.0042969,1.6756897
atac_E18_5-S1#TAGATCTAACTCAATA-1,-0.8402382,-0.34517464,-0.23043293,0.8872972,0.5053445,0.6255675,-0.7758261,0.00640908,-0.6037866,0.77084017
atac_E18_5-S1#TAGATCTAACTTAACC-1,-0.8531543,-0.646049,1.3534372,-0.63795865,-0.6852361,-0.35265237,-0.32788962,3.4421606,-0.62928367,-0.66337407
atac_E18_5-S1#TAGATCTAAGAACGTC-1,-1.0559679,0.06181635,-0.26614153,2.3912692,1.275287,-0.24122755,-0.3258975,-0.72296065,-0.54532105,-0.57085633
atac_E18_5-S1#TAGATCTAAGAGAAGG-1,0.436818,-0.3110053,-0.9290506,1.309223,-0.5962283,0.23618928,-0.020699311,0.64798397,-0.41893107,-0.35429972
atac_E18_5-S1#TAGATCTAAGAGCTAT-1,-0.9628802,0.025395542,-0.18821341,2.5193052,1.447553,-0.32682797,-0.31227645,-0.87727773,-0.5803865,-0.74439156
atac_E18_5-S1#TAGATCTAATAAGGAG-1,-0.71614397,-0.1944094,-0.41645554,-0.16257176,-0.22182018,0.61066973,-0.23297611,1.9188364,-0.025634341,-0.55949485
atac_E18_5-S1#TAGATCTAATCATATT-1,0.90612876,-0.13335632,-0.34738415,1.527386,-0.73701453,-0.46527535,1.2944802,-0.8745529,-0.68663144,-0.48378038
atac_E18_5-S1#TAGATCTACAACCGCT-1,-1.1861469,0.25384417,-0.58914757,1.3308098,-0.22220305,0.5875848,-0.80421734,1.6948322,-0.17317343,-0.8921829
atac_E18_5-S1#TAGATCTACATACTCC-1,-0.9869088,0.4751477,-0.41668686,-0.8384348,-0.36164543,1.2094779,0.71344495,0.9673468,-0.12184504,-0.6398964
atac_E18_5-S1#TAGATCTACCAGTTCC-1,-1.1617416,-0.7854423,-0.7652248,-0.99688435,-0.81206775,-0.58700716,-0.8166017,3.1850781,3.5184834,-0.7785918
atac_E18_5-S1#TAGATCTACCGAGAAT-1,0.5117884,-1.2219049,-1.238178,0.838981,2.2210004,-1.5718569,-1.5572351,1.1392696,-1.2802346,2.1583698
atac_E18_5-S1#TAGATCTACCGATTCC-1,-0.80472034,-0.60936046,-0.6866058,-1.0423276,-0.7094532,0.5360489,-0.3702058,1.775577,2.6895587,-0.7785114
atac_E18_5-S1#TAGATCTACGAACGCC-1,-0.7606271,-0.2179514,-0.46078944,-0.27515763,-0.21864586,0.6559214,-0.15700833,2.0391092,0.04823783,-0.6530889
atac_E18_5-S1#TAGATCTACGACGCGA-1,3.2133358,-1.2626929,-0.9218903,-1.113618,2.9760177,-0.95901656,-1.3261356,-1.4689798,-1.085089,1.9480689
atac_E18_5-S1#TAGATCTACTAAGAGA-1,-1.1836405,0.26002568,-0.15517177,1.8731966,0.94832593,0.21092202,-0.27830583,-0.6209648,-0.46043837,-0.5939489
atac_E18_5-S1#TAGATCTACTGATGGT-1,0.6332799,-0.7121731,-1.1321307,2.609456,2.6277804,-0.7798302,-0.83682215,-0.8609431,-0.6920736,-0.8565433
atac_E18_5-S1#TAGATCTACTTGCGCC-1,-0.9155787,-0.13287824,-0.1722304,2.4240592,1.0208069,-0.4464408,-0.462449,-0.053356983,-0.595086,-0.666846
atac_E18_5-S1#TAGATCTAGAAGATCG-1,1.9496211,-0.68033355,-0.9833972,1.2058744,0.38930488,0.21249133,-0.42570376,-0.7790833,-0.47691312,-0.41186073
atac_E18_5-S1#TAGATCTAGACCTTGA-1,-0.8333117,-0.05626767,-0.4576409,2.4545338,0.9175496,-0.4103691,-0.39201164,0.038481414,-0.5497662,-0.71119744
atac_E18_5-S1#TAGATCTAGATACGGA-1,3.8295612,-1.3547707,-1.0068861,-1.5648804,3.5448005,-1.1437864,-1.6004661,-1.9052145,-1.2514614,2.453104
atac_E18_5-S1#TAGATCTAGATCTTAC-1,-0.9375794,-0.36736628,-0.5560425,2.6140852,2.1965287,-0.8033991,-0.41325217,-0.8674902,-0.9166883,0.051204264
atac_E18_5-S1#TAGATCTAGCAGGTCC-1,-0.7342164,-0.4205225,-0.3917452,2.145508,0.940185,0.16747613,-0.49869406,-0.15480451,-0.53658384,-0.5166026
atac_E18_5-S1#TAGATCTAGCCATTCT-1,-1.1780199,0.19241303,0.07055629,1.6138586,0.7096685,-0.10791542,-0.42513967,-0.10685658,-0.5252186,-0.24334621
atac_E18_5-S1#TAGATCTAGCCGCAAC-1,0.22036357,-0.789207,-0.6238102,-0.07564277,1.1850425,-0.7627064,-1.0493408,0.47714946,-0.8229051,2.241057
atac_E18_5-S1#TAGATCTAGCGTTGGA-1,-0.41555482,-0.37888122,-0.25718474,0.71321243,0.6194133,0.49945143,-0.6163915,0.3971095,-0.54857945,-0.012595061
atac_E18_5-S1#TAGATCTAGCTAACTT-1,-0.95526564,0.13184889,-0.72878945,0.16757457,-0.20163585,1.7632529,-0.5563587,0.9172709,-0.32520586,-0.21269159
atac_E18_5-S1#TAGATCTAGGCTGAGC-1,-0.67975605,-0.22430408,-0.32907107,-0.21525905,-0.19270831,0.6849402,-0.10454368,1.5188191,0.088955745,-0.54707295
atac_E18_5-S1#TAGATCTAGGTACTGC-1,-0.91703826,-0.028511995,-0.3112719,2.473495,1.302625,-0.4286157,-0.30546498,-0.72831607,-0.6175453,-0.43935585
atac_E18_5-S1#TAGATCTAGGTATGCT-1,-0.95743173,2.2174015,-1.2795019,-0.24849316,-0.7318745,0.21412483,-1.11908,1.7144085,0.7952504,-0.604804
atac_E18_5-S1#TAGATCTATAGAATTA-1,-1.035204,-0.0138336755,-0.4690242,2.3602924,1.3342794,-0.45539495,-0.33457026,-0.3387429,-0.5903856,-0.45741624
atac_E18_5-S1#TAGATCTATAGAGTAA-1,-0.9326226,-0.20679018,-0.420826,2.3605194,0.6412237,-0.037430614,-0.54343736,0.33171514,-0.45456994,-0.7377815
atac_E18_5-S1#TAGATCTATAGATCTA-1,0.755589,-0.25855213,0.5689424,0.6541162,-0.34439936,-0.842392,0.74450535,-1.0229132,-0.9005102,0.64561385
atac_E18_5-S1#TAGATCTATCCGGCCT-1,1.7041054,-0.6379921,-0.67061764,2.1591747,-0.91507465,-0.40570486,-0.32855135,-0.022470288,-0.49219388,-0.39067554
atac_E18_5-S1#TAGATCTATCCTACCA-1,-0.6403153,-0.6155831,-0.43543887,1.2309406,0.5548064,0.56662947,-0.71466756,0.57946324,-0.6423663,0.116531596
atac_E18_5-S1#TAGATCTATCGGCCTT-1,-1.0569608,0.03376972,-0.34104314,2.261606,1.0903866,-0.35011655,-0.27689388,-0.3492466,-0.55417556,-0.45732582
atac_E18_5-S1#TAGATCTATCTGATAC-1,3.0008495,-0.8541141,-0.9769223,0.76525426,2.2635984,-1.0202117,-1.0349146,-1.3425934,-1.0146512,0.2137051
atac_E18_5-S1#TAGATCTATGAGTCTG-1,0.7974698,-0.63501525,-0.6781127,0.11538312,1.2210343,0.3486926,-0.780766,-0.5309126,-0.60352916,0.74575585
atac_E18_5-S1#TAGATCTATGCCGGCA-1,-0.3893449,-0.46412084,0.043751262,-0.05616627,-0.33480284,0.73856205,0.12052702,-0.042997397,-0.3429189,0.72751087
atac_E18_5-S1#TAGATCTATGCGGACC-1,1.9228698,-0.9114231,-0.7016552,-1.1005553,0.39931202,-0.4105145,-0.05560375,-0.8595533,-0.56962574,2.2867491
atac_E18_5-S1#TAGATCTATGGTCAGC-1,1.2608556,-0.657828,-0.18610622,0.9243535,0.121924326,-0.9469882,0.18887654,-0.9438307,-0.88589287,1.124636
atac_E18_5-S1#TAGATCTATTACCGAG-1,0.2899059,-0.14079008,-0.19578166,0.32830346,0.026896905,0.68229485,0.61550725,-0.15002069,-0.90938085,-0.54693526
atac_E18_5-S1#TAGATCTATTATCCGG-1,3.2648282,-0.62895876,-1.1106726,0.34036642,2.5412536,-0.8943845,-1.5949458,-1.2967074,-0.91454303,0.29376373
atac_E18_5-S1#TAGATCTATTATTCAT-1,1.1123958,-0.7965689,-0.39355287,0.121096045,0.68773866,-0.016676921,0.1493711,-1.4497249,-0.94411063,1.5300326
atac_E18_5-S1#TAGATCTATTGACTTC-1,-1.0008628,0.17143585,0.11910871,2.1391165,1.2449865,-0.36044183,-0.30954275,-0.90326107,-0.58190984,-0.51862913
atac_E18_5-S1#TCCGGCCTAATTAAGA-1,-0.8948281,0.064025134,-0.811962,1.1261574,0.22997469,0.53739107,-0.88922304,1.6668422,-0.36185068,-0.6665266
atac_E18_5-S1#TCCGGCCTACCGCCAA-1,-0.5999346,-0.65714526,0.2875673,-0.66248614,-0.5738871,0.17536691,0.37686852,2.853837,-0.42941156,-0.7707751
atac_E18_5-S1#TCCGGCCTACGGAGGC-1,2.8662183,-0.7134806,-1.0294317,2.8392968,-1.0482088,-0.91661084,-0.29882354,-0.2565305,-0.57965684,-0.8627722
atac_E18_5-S1#TCCGGCCTACTATGCA-1,0.7249402,-0.5947088,-0.39333418,0.9884994,0.088633895,0.7978134,-0.55305874,-0.43064713,-0.8157474,0.18760927
atac_E18_5-S1#TCCGGCCTACTCAATA-1,2.4907517,-0.9386052,-0.5672283,1.900062,-1.550909,-0.94136953,2.0268118,-0.31205994,-0.83327013,-1.2741836
atac_E18_5-S1#TCCGGCCTACTTAACC-1,-0.61204493,-0.35944757,-0.22056614,-0.20878251,-0.40514773,0.69364965,-0.25183538,2.1255279,-0.117214724,-0.6441385
atac_E18_5-S1#TCCGGCCTAGAACGTC-1,1.7989235,-0.4855772,-0.76710665,1.7235297,-0.89661324,-0.42288896,0.24939018,0.0409747,-0.464721,-0.775911
atac_E18_5-S1#TCCGGCCTAGAGCTAT-1,1.9046189,-0.7906422,-0.13716534,1.402837,-1.2190646,-0.9319438,1.355293,-0.26983792,-0.8337844,-0.48031098
atac_E18_5-S1#TCCGGCCTATAAGGAG-1,-0.5639125,-0.2686195,-0.2502555,0.1598211,-0.07032799,0.94734424,-0.1612225,0.81159824,-0.2944156,-0.3100098
atac_E18_5-S1#TCCGGCCTATCATATT-1,-0.60776746,1.4112456,-1.1010504,-0.25313297,-0.5582307,1.3575671,-0.49001497,1.3856194,-0.2287669,-0.91546875
atac_E18_5-S1#TCCGGCCTCAACCGCT-1,-1.0817202,-0.14879732,-0.15445708,-0.6599993,-0.51577723,1.0871074,0.7173858,0.90053743,0.2064896,-0.35076904
atac_E18_5-S1#TCCGGCCTCCAGTTCC-1,-0.8806013,-0.6563734,-0.9554359,1.5377123,-1.1192566,-0.031710252,-0.786654,3.2968943,-0.2492752,-0.1553002
atac_E18_5-S1#TCCGGCCTCCGAGAAT-1,1.472902,-0.6856671,-0.39002675,1.4239348,-1.2700033,-0.65404767,1.4730422,-0.10820689,-0.73685735,-0.52507
atac_E18_5-S1#TCCGGCCTCCGATTCC-1,-0.58286965,-0.31386897,-0.40460986,-0.1800412,-0.33300817,0.5826015,-0.21984765,2.1864047,-0.09059853,-0.644162
atac_E18_5-S1#TCCGGCCTCGAACGCC-1,-0.6704695,-0.19162636,-0.28233683,0.036684502,-0.115672454,0.6758231,-0.078848734,1.3006774,-0.15012297,-0.52410835
atac_E18_5-S1#TCCGGCCTCTAAGAGA-1,2.2700949,-0.77505934,-0.7513715,1.8700238,-1.588191,-0.58938795,1.6550684,-0.5283432,-0.62034684,-0.94248724
atac_E18_5-S1#TCCGGCCTCTGATGGT-1,1.4678115,-0.78020984,-0.27630863,1.0177593,-1.002707,-0.22695477,1.4492503,-0.48766902,-0.63250685,-0.52846503
atac_E18_5-S1#TCCGGCCTCTTGCGCC-1,1.3668971,-0.49954337,-0.38788694,1.3350904,-0.9785015,-0.7371888,1.0841644,0.2409378,-0.66571814,-0.758251
atac_E18_5-S1#TCCGGCCTGACCTTGA-1,-0.8103685,-0.15427834,-0.2335648,-0.26449972,-0.24544233,1.1709769,0.35198116,0.5216519,-0.1239865,-0.21246971
atac_E18_5-S1#TCCGGCCTGATCTTAC-1,2.0467458,-0.8154124,-0.45650992,1.5854112,-1.2777629,-0.6233323,1.6851835,-0.40484524,-0.743969,-0.9955086
atac_E18_5-S1#TCCGGCCTGCAGGTCC-1,-0.624408,-0.35214746,-0.32903644,0.758502,0.2525461,1.1751156,-0.55031025,0.5678488,-0.4655514,-0.43255875
atac_E18_5-S1#TCCGGCCTGCCATTCT-1,2.4835699,-0.8752956,-0.7982966,1.959103,-1.6020195,-0.6844237,1.9517294,-0.515005,-0.72237474,-1.1969872
atac_E18_5-S1#TCCGGCCTGCCGCAAC-1,1.8990304,-0.78671,-0.19954443,1.8393223,-1.3158137,-0.90663743,0.8846003,-0.21942456,-0.71340954,-0.48141316
atac_E18_5-S1#TCCGGCCTGCGTTGGA-1,2.5091014,-0.8931203,-0.36941767,1.9486564,-1.6583428,-0.9562509,2.0477066,-0.64540607,-0.8104024,-1.1725242
atac_E18_5-S1#TCCGGCCTGGCTGAGC-1,-0.65351987,-0.26267505,-0.1970154,0.033595644,-0.14937145,0.9098559,-0.083928965,1.0687609,-0.20400578,-0.4616959
atac_E18_5-S1#TCCGGCCTGGTACTGC-1,1.707707,-0.70140594,-0.45233703,1.3585407,-1.2517356,-0.55424446,1.2508171,0.17375809,-0.6825671,-0.8485328
atac_E18_5-S1#TCCGGCCTTAGAATTA-1,1.9553667,-0.6404046,-0.66931826,1.6629593,-1.321972,-0.46054757,1.1420708,0.058868013,-0.6041092,-1.1229136
atac_E18_5-S1#TCCGGCCTTAGAGTAA-1,-0.682742,-0.27261814,-0.28311414,0.012374371,-0.17999879,0.90668136,-0.3391778,1.2862749,-0.10079827,-0.34688142
atac_E18_5-S1#TCCGGCCTTAGATCTA-1,1.4521109,-0.5138117,-0.79907656,1.7775942,0.2583363,-0.7374338,-0.23620807,-0.22702083,-0.5092225,-0.46526787
atac_E18_5-S1#TCCGGCCTTCCTACCA-1,2.5406575,-0.9653361,-0.7165416,2.011457,-1.5699521,-0.8218574,1.8932226,-0.6410599,-0.7512855,-0.97930497
atac_E18_5-S1#TCCGGCCTTCGGCCTT-1,1.6257133,-0.22322048,-1.1120268,1.2058691,0.4792403,-0.6562735,-0.31049818,0.41712412,-0.56847596,-0.857452
atac_E18_5-S1#TCCGGCCTTGAGTCTG-1,2.4548738,-0.67034125,-0.71617186,2.4734426,-1.0810207,-0.98071945,0.15188822,-0.19522068,-0.6107582,-0.8259727
atac_E18_5-S1#TCCGGCCTTGCCGGCA-1,-0.7855496,-0.43004775,-0.998671,-0.3639357,-0.8419023,1.3228881,-1.0610408,1.6999768,2.215921,-0.7576389
atac_E18_5-S1#TCCGGCCTTGCGGACC-1,2.727751,-0.76873165,-0.8186214,2.59978,-1.1763308,-0.9536825,0.24250291,-0.3764804,-0.6622915,-0.8138959
atac_E18_5-S1#TCCGGCCTTGGTCAGC-1,-0.29137793,0.94359714,-0.9086629,-0.5440766,-0.52875614,1.2062305,0.370601,0.8749509,-0.4132237,-0.7092821
atac_E18_5-S1#TCCGGCCTTTACCGAG-1,-0.92825085,0.5671919,-1.1144717,0.35337642,-0.74096996,1.3584727,-1.25476,1.6847098,0.8378709,-0.76316917
atac_E18_5-S1#TCCGGCCTTTATTCAT-1,-0.61926293,-0.03515675,-0.96024585,-0.28507102,-0.54258096,1.4528339,0.050677598,1.9064357,-0.16278733,-0.8048425
atac_E18_5-S1#TCCGGCCTTTGACTTC-1,2.4549212,-0.95649916,-0.6333584,1.9196457,-1.519121,-0.72330064,2.0113428,-0.62521094,-0.7663989,-1.1620208
atac_E18_5-S1#TCCTACCAAACCTGCG-1,-0.92686635,0.45841676,0.3565718,-1.1132859,-0.36260092,0.13004504,2.4599264,-0.15500237,-0.37682706,-0.4703774
atac_E18_5-S1#TCCTACCAAAGAAGCT-1,-0.87743205,-0.35510007,0.42294514,1.4481559,-0.90444946,1.1322266,0.043544337,-0.8386707,-0.6282277,0.5570081
atac_E18_5-S1#TCCTACCAAATTAAGA-1,-0.34657368,-0.21044096,1.1658406,0.17239249,-0.065736815,-0.03148073,0.6917654,-0.9508755,-0.7928419,0.3679511
atac_E18_5-S1#TCCTACCAACCGCCAA-1,-1.425211,-0.7919587,-0.19948316,-1.0268521,1.3406241,-0.6519192,-1.0711131,2.429537,-0.2848022,1.6811786
atac_E18_5-S1#TCCTACCAACGGAGGC-1,-0.28445834,-0.61825585,0.73922586,0.31266025,-0.57362795,0.5993598,0.8001031,-0.8637692,-0.7051056,0.5938679
atac_E18_5-S1#TCCTACCAACTATGCA-1,0.293451,-0.515489,0.06716326,0.3805892,0.22916532,0.6737509,0.385705,-0.86571735,-0.7730283,0.12441003
atac_E18_5-S1#TCCTACCAACTCAATA-1,-0.84635353,-0.08372301,-0.18173338,0.5355406,-0.020171113,1.4590111,-0.32850888,0.16122194,-0.5987034,-0.09658015
atac_E18_5-S1#TCCTACCAACTTAACC-1,-1.6402968,-0.69318956,-0.5194678,-0.7268181,1.3547087,-0.86020964,-1.1795632,2.4366596,-0.25659508,2.0847719
atac_E18_5-S1#TCCTACCAAGAACGTC-1,-0.81505704,-0.4617147,0.32966208,1.0755539,-0.04805228,0.35971972,-0.64651006,0.3712089,-0.67535305,0.5105424
atac_E18_5-S1#TCCTACCAAGAGAAGG-1,-0.6862795,-0.49741974,0.62845784,1.1719813,-0.35175958,0.50481,-0.18637201,-0.9458089,-0.70990247,1.072293
atac_E18_5-S1#TCCTACCAAGAGCTAT-1,-0.8007381,-0.20288804,0.06947606,0.4512243,-0.10188837,1.2836202,0.07809768,0.3928244,-0.5649455,-0.6047827
atac_E18_5-S1#TCCTACCAATCATATT-1,-0.5471237,-0.28672424,0.4641111,0.8024268,-0.13355213,0.82887137,0.2512619,-0.50711584,-0.7113365,-0.16081876
atac_E18_5-S1#TCCTACCACAACCGCT-1,-0.9395876,-0.28001064,0.08229145,-0.35519123,-0.3810823,0.97969437,0.111909196,1.4000477,-0.20787674,-0.41019428
atac_E18_5-S1#TCCTACCACATACTCC-1,-0.36159045,-0.520409,-0.101996705,1.0800538,-0.31035665,0.79615754,-0.6483254,0.0693644,-0.62805474,0.62515724
atac_E18_5-S1#TCCTACCACCAGTTCC-1,-1.483748,-0.52418506,-0.2625078,-1.1852791,0.77503383,-0.32152745,-0.8684214,2.2371902,-0.09731871,1.7307636
atac_E18_5-S1#TCCTACCACCGAGAAT-1,-0.36701146,-0.3905931,-0.5037727,1.3913106,0.80185676,0.93355227,-0.44093648,-0.5206544,-0.623364,-0.28038743
atac_E18_5-S1#TCCTACCACCGATTCC-1,-0.6515842,-0.37202588,-0.66934264,-0.57216454,-0.80430764,0.3610925,-0.31720892,2.9282434,0.7320516,-0.6347539
atac_E18_5-S1#TCCTACCACGACGCGA-1,0.5181305,-0.44356915,-0.38586327,-0.5511292,0.12600423,0.8082186,0.8697416,-0.172185,-0.29307348,-0.4762749
atac_E18_5-S1#TCCTACCACTAAGAGA-1,-0.6156063,0.052252047,0.2881103,0.18586007,0.39654815,0.4041268,0.37555254,-0.30140647,-0.41548035,-0.3699567
atac_E18_5-S1#TCCTACCACTGATGGT-1,-0.46554998,0.083953016,-0.38440046,0.83516634,0.80876154,0.97997963,-0.07012707,-0.6916885,-0.6035219,-0.49257252
atac_E18_5-S1#TCCTACCACTTGCGCC-1,-0.31977403,-0.2844123,-0.46894783,0.97805816,0.031157624,1.2548107,-0.42997652,0.17804581,-0.58085704,-0.35810465
atac_E18_5-S1#TCCTACCAGAAGATCG-1,-0.8167919,-0.47430116,0.5645973,1.6930537,-0.43300718,0.31144086,-0.47032106,-0.9407762,-0.56543016,1.1315358
atac_E18_5-S1#TCCTACCAGACCTTGA-1,-0.7826581,-0.07833717,-0.26185006,0.044272356,-0.19080128,0.98997855,-0.0009605698,0.715412,0.074322864,-0.50937843
atac_E18_5-S1#TCCTACCAGATACGGA-1,0.09673883,-0.32784075,-0.39584258,0.47659022,0.008721858,1.4652227,0.22679317,-0.36569768,-0.73342305,-0.45126283
atac_E18_5-S1#TCCTACCAGATCTTAC-1,-0.44231382,-0.43453485,-0.6950649,1.4843367,0.21281365,0.685235,-0.48070744,0.82544065,-0.3915168,-0.7636884
atac_E18_5-S1#TCCTACCAGCAGGTCC-1,-0.9978507,-0.16189308,-0.4610329,-0.56913936,-0.20871317,1.1582106,-0.022623565,0.2746375,-0.056085803,1.0444903
atac_E18_5-S1#TCCTACCAGCCATTCT-1,-0.5060552,0.10947715,-0.107310474,1.2405545,-0.5200673,0.76456136,0.18842617,-0.03308272,-0.5537972,-0.5827063
atac_E18_5-S1#TCCTACCAGCCGCAAC-1,0.27056244,-0.25307295,-0.48596767,0.48187423,0.47011057,0.73343873,-0.27220964,0.4848529,-0.7120687,-0.71751994
atac_E18_5-S1#TCCTACCAGCGTTGGA-1,-0.6002104,-0.39381358,-0.061481874,0.95465934,0.38519138,0.44713268,-0.60319316,0.2864748,-0.61240596,0.19764669
atac_E18_5-S1#TCCTACCAGCTAACTT-1,-1.0153651,-0.014145847,0.0350684,0.73082334,-0.31121546,0.9152837,-0.038342804,0.13433562,-0.55612415,0.11968243
atac_E18_5-S1#TCCTACCAGGTACTGC-1,-0.65331244,0.18451416,-0.2734652,0.1950903,-0.1254509,1.1333627,0.81658846,0.16387664,-0.44821957,-0.992984
atac_E18_5-S1#TCCTACCAGGTATGCT-1,-0.43922204,-0.3932118,0.016194105,-1.222951,-0.7955322,0.46665385,2.4206145,0.21774971,0.19657084,-0.46686584
atac_E18_5-S1#TCCTACCATAGAATTA-1,-0.6990561,0.16623549,-0.21397163,1.3372197,0.46512946,0.72189975,-0.42701575,-0.11296947,-0.5320257,-0.70544565
atac_E18_5-S1#TCCTACCATAGAGTAA-1,-0.8106598,-0.2245081,-0.4429495,0.492411,0.008687139,0.77569747,-0.32876343,1.3299783,-0.14646286,-0.6534302
atac_E18_5-S1#TCCTACCATAGATCTA-1,-0.01899632,-0.31834504,0.13806878,0.24349819,-0.46529797,0.6898405,0.76989216,-0.5771296,-0.55928355,0.0977529
atac_E18_5-S1#TCCTACCATCCGGCCT-1,-0.33486852,-0.35449472,-0.13929355,1.1956049,-0.29397184,0.95756984,-0.17635071,-0.07423867,-0.44451427,-0.33544248
atac_E18_5-S1#TCCTACCATCCTACCA-1,-0.38208282,-0.24135415,-0.24881972,0.6492788,-0.0022518188,1.2308935,-0.3427751,0.886769,-0.7874425,-0.7622151
atac_E18_5-S1#TCCTACCATCGGCCTT-1,-0.7307472,-0.12162122,0.3813225,1.2306652,0.5844455,0.08258017,-0.39058387,-0.49560457,-0.51289296,-0.027563527
atac_E18_5-S1#TCCTACCATCTGATAC-1,-0.17084068,-0.17909068,0.12973687,0.7308503,0.02554274,0.5250602,0.1477601,-0.058616593,-0.6739275,-0.47647476
atac_E18_5-S1#TCCTACCATGAGTCTG-1,0.3429553,-0.43246472,-0.35227042,0.67804396,0.63346744,0.7837039,-0.2131476,-0.325907,-0.6345904,-0.4797904
atac_E18_5-S1#TCCTACCATGCCGGCA-1,-0.7801072,-0.07133824,0.8252976,0.76266783,-0.35781625,0.3029041,0.80970585,-1.1393666,-0.7562721,0.404325
atac_E18_5-S1#TCCTACCATGCGGACC-1,0.4212123,-0.24908073,-0.26614532,-0.071764864,0.19979371,0.76923096,0.71484464,-0.8121551,-0.82645625,0.12052079
atac_E18_5-S1#TCCTACCATGGTCAGC-1,-0.14911386,-0.35864386,-0.10036049,0.39325672,-0.0071740635,0.6224386,0.20034009,-0.8485768,-0.6367277,0.88456136
atac_E18_5-S1#TCCTACCATTACCGAG-1,0.010185549,-0.27752468,0.7767996,0.26989925,0.048441965,-0.077843286,0.7282774,-1.1613412,-0.7297239,0.41282934
atac_E18_5-S1#TCCTACCATTATCCGG-1,0.27194628,-0.36077273,0.048699208,0.27777734,0.13846149,0.6502017,0.78324914,-0.72928715,-0.7045698,-0.3757054
atac_E18_5-S1#TCCTACCATTATTCAT-1,-0.038410764,-0.36653903,0.75906616,0.26162985,-0.3585914,0.03352284,0.9856456,-1.134949,-0.630898,0.48952374
atac_E18_5-S1#TCCTACCATTGACTTC-1,-0.59414786,0.50827193,-0.52147746,0.58040386,0.28004926,0.884049,-0.29084387,0.3161,-0.40909228,-0.75331265
atac_E18_5-S1#TCGGCCTTAACCTGCG-1,-0.95235234,-0.2648587,0.30020815,1.933728,0.2250765,-0.059009746,-0.53955513,-0.8642855,-0.59108126,0.81212986
atac_E18_5-S1#TCGGCCTTAAGAAGCT-1,-0.8639412,-0.43981194,-0.43621448,1.2085598,0.050136596,1.049425,-0.59881574,0.011441205,-0.5613456,0.58056647
atac_E18_5-S1#TCGGCCTTAATTAAGA-1,-0.3055231,-0.40234467,0.032304075,1.1627067,0.10367493,0.28104866,-0.13918248,-1.1044172,-0.60863566,0.9803687
atac_E18_5-S1#TCGGCCTTACGGAGGC-1,-0.48225805,-0.54427725,0.15252608,1.7937609,0.60219926,0.29131255,-0.6402441,-0.91021556,-0.6997347,0.43693078
atac_E18_5-S1#TCGGCCTTACTATGCA-1,-0.53232825,-0.4664756,0.32847315,1.5264748,-0.40353596,-0.06996605,-0.35476232,-0.7662106,-0.4716701,1.2100009
atac_E18_5-S1#TCGGCCTTACTCAATA-1,-0.9752847,-0.010494212,-0.43365258,0.28682697,-0.5057907,1.3699131,-0.59461856,1.5353683,-0.07960093,-0.59266675
atac_E18_5-S1#TCGGCCTTAGAACGTC-1,-0.67214316,-1.0329229,2.9272647,-1.2119342,-0.038374178,-0.71723205,-1.1294986,3.1740732,-0.73510754,-0.5641252
atac_E18_5-S1#TCGGCCTTAGAGAAGG-1,-0.42703673,-0.084711865,-0.45601287,0.17902538,-0.24357818,1.1195184,0.32044047,0.4634838,-0.3637414,-0.50738704
atac_E18_5-S1#TCGGCCTTAGAGCTAT-1,-1.486789,-0.7243788,-0.58747065,-1.368189,1.7966667,-1.1865945,-1.2367449,2.595465,-0.22064433,2.4186792
atac_E18_5-S1#TCGGCCTTATCATATT-1,-0.7632867,-0.56793755,0.1867184,1.815468,-0.22981532,-0.16813102,-0.4003946,-0.93157953,-0.5608996,1.6198579
atac_E18_5-S1#TCGGCCTTCATACTCC-1,-0.8456846,-0.30486733,-0.29040325,1.8170776,-0.17842135,1.2655563,-0.5252715,-0.36255214,-0.48357275,-0.09186114
atac_E18_5-S1#TCGGCCTTCCGAGAAT-1,-0.18392901,-0.42954037,-0.36230484,0.29467857,0.21790446,1.4003773,0.33947977,-0.28939387,-0.63775635,-0.34951583
atac_E18_5-S1#TCGGCCTTCGACGCGA-1,-0.54000914,-0.4885866,0.1939623,1.5337086,-0.23450933,0.04722599,-0.57027286,-0.7148851,-0.5311373,1.3045033
atac_E18_5-S1#TCGGCCTTCTAAGAGA-1,-1.5213548,-0.9153,-0.76783335,-0.8532205,0.7661228,-0.19954672,-1.1076405,2.4622808,0.42427978,1.7122127
atac_E18_5-S1#TCGGCCTTCTGATGGT-1,-0.69536906,0.058734734,-0.538527,-0.29341578,-0.1535835,1.24861,0.36372146,0.14501174,-0.032612924,-0.102569744
atac_E18_5-S1#TCGGCCTTCTTGCGCC-1,-1.3696567,0.20973603,-0.23147622,-0.2621349,0.2956286,-0.08637093,-0.58001083,1.7179894,-0.5864309,0.89272636
atac_E18_5-S1#TCGGCCTTGAAGATCG-1,-0.88791597,-0.5954892,0.064245395,2.149987,-0.7710158,0.2214718,-0.8213875,-0.71542275,-0.512457,1.867984
atac_E18_5-S1#TCGGCCTTGACCTTGA-1,-1.1475754,-0.36964867,0.23467608,-0.9656392,-0.64190125,-0.062073044,0.48383924,2.0565016,1.0067998,-0.59497947
atac_E18_5-S1#TCGGCCTTGATACGGA-1,-0.19117871,-0.43703535,-0.5215858,1.5225732,-0.5574252,1.3326468,-0.56186813,0.4620826,-0.47233853,-0.5758709
atac_E18_5-S1#TCGGCCTTGATCTTAC-1,-0.7481893,0.019693729,-0.32608384,0.28338128,-0.40352306,1.0739814,0.2527811,0.6876502,-0.21145515,-0.62823635
atac_E18_5-S1#TCGGCCTTGCAGGTCC-1,-1.0833796,-0.9001195,0.38007876,0.39326605,-0.69800127,-0.011357248,-0.70985436,2.5186346,0.24832998,-0.13759714
atac_E18_5-S1#TCGGCCTTGCCATTCT-1,-1.8839308,-0.93159056,-0.7069517,-1.3371236,2.1526592,-1.2766218,-1.4025227,2.922573,-0.18317595,2.6466844
atac_E18_5-S1#TCGGCCTTGCCGCAAC-1,-0.6289674,0.055503566,-0.13605966,0.39503154,0.10259561,1.0857537,0.33510044,0.23006843,-0.568846,-0.87018025
atac_E18_5-S1#TCGGCCTTGCGTTGGA-1,-0.60058147,0.034419972,-0.42779085,-0.18633221,-0.14772797,0.97528285,0.78808075,0.7723853,-0.31224635,-0.8954901
atac_E18_5-S1#TCGGCCTTGCTAACTT-1,-1.10636,-0.30292833,0.11157471,2.272965,-0.50758255,-0.17714126,-0.40718874,-0.49639612,-0.49554077,1.1085981
atac_E18_5-S1#TCGGCCTTGGTACTGC-1,-1.9292798,-0.6806699,-0.782309,0.003317222,1.3560483,-0.9614615,-1.1557088,2.3848753,-0.59537584,2.3605638
atac_E18_5-S1#TCGGCCTTGGTATGCT-1,-1.0955251,-0.45837924,0.08347324,2.4594865,-0.019820731,-0.45845315,-0.5978742,-0.7476581,-0.62747556,1.4622263
atac_E18_5-S1#TCGGCCTTTAGAATTA-1,-1.9195946,-0.8290774,-0.8490286,-1.039768,2.0381556,-1.2994012,-1.5043979,2.9689002,-0.34210908,2.7763214
atac_E18_5-S1#TCGGCCTTTAGAGTAA-1,-0.902969,-0.77944064,2.8523996,-1.2345,-0.77960515,-0.8898141,-0.8877668,3.558993,-0.31314752,-0.6241498
atac_E18_5-S1#TCGGCCTTTAGATCTA-1,-0.7786406,-0.3617405,0.6067025,1.2554538,0.21595256,-0.59726757,-0.13809644,-0.7799443,-0.74870527,1.3262858
atac_E18_5-S1#TCGGCCTTTCCGGCCT-1,-0.4522594,-0.21074799,-0.27053577,0.60643005,0.05976566,0.62864155,-0.214504,0.23927319,-0.26612392,-0.119939454
atac_E18_5-S1#TCGGCCTTTCCTACCA-1,-1.0001171,0.1817672,-0.017435819,-1.070178,-0.38174787,0.5158774,1.3655491,1.0470306,0.10595467,-0.7467001
atac_E18_5-S1#TCGGCCTTTCGGCCTT-1,-0.30933544,-0.79079366,1.7454863,-0.73281,0.42762592,-0.78751034,-0.613715,1.9960705,-0.8269361,-0.1080822
atac_E18_5-S1#TCGGCCTTTCTGATAC-1,-1.0900499,-0.4332232,0.85657996,2.1535664,-0.9404116,-0.22232912,-0.3352435,-0.69232976,-0.52087957,1.2243205
atac_E18_5-S1#TCGGCCTTTGAGTCTG-1,-0.13494352,-0.2161132,-0.62643605,-0.3164603,0.37052572,1.2409956,-0.11371229,-0.41028708,-0.58924127,0.7956725
atac_E18_5-S1#TCGGCCTTTGCCGGCA-1,-0.53132904,-0.4561792,0.4606937,1.7080995,0.24466759,-0.6258803,-0.21813264,-1.2098724,-0.81969255,1.4476253
atac_E18_5-S1#TCGGCCTTTGCGGACC-1,-0.112976536,-0.6055701,-0.40740597,0.27064252,0.3191201,-0.22623502,-0.71289593,0.016955152,-0.54986554,2.0082312
atac_E18_5-S1#TCGGCCTTTGGTCAGC-1,-0.13260564,-0.40129966,0.2152682,1.078466,-0.07045142,0.10066745,0.1484928,-0.72133577,-0.75253755,0.53533554
atac_E18_5-S1#TCGGCCTTTTACCGAG-1,-0.6862796,-0.6245995,0.26417968,1.8253951,-0.054455955,-0.58053553,-0.60887253,-0.7097097,-0.6799888,1.8548669
atac_E18_5-S1#TCGGCCTTTTATCCGG-1,-0.6711092,-0.6526781,0.502074,1.7911029,-0.25372112,-0.46576262,-0.5691557,-0.9960503,-0.68284976,1.9981501
atac_E18_5-S1#TCGGCCTTTTATTCAT-1,-0.95461285,-0.1518968,0.5203472,1.6356418,-0.27574462,-0.35370672,0.010774568,-1.0169096,-0.5413045,1.1274115
atac_E18_5-S1#TCGGCCTTTTGACTTC-1,-1.9409118,-0.792131,-0.5997166,-1.7228432,2.3427188,-1.4210852,-1.4366429,2.8820395,-0.26422802,2.9528
atac_E18_5-S1#TCTGATACAATTAAGA-1,1.7025554,-0.7707077,-0.22130106,1.6973456,-1.1741474,-0.83614844,1.1956341,-0.22201593,-0.7267496,-0.6444651
atac_E18_5-S1#TCTGATACACCGCCAA-1,-0.1201484,-0.49607447,-0.42546263,-0.34471938,-0.8608616,-0.17321518,0.10285584,3.7283313,-0.8052762,-0.60542935
atac_E18_5-S1#TCTGATACACGGAGGC-1,2.4764848,-1.0751369,-0.55446583,2.0705812,-1.5949724,-0.93852216,2.0073037,-0.6149516,-0.78627175,-0.99004894
atac_E18_5-S1#TCTGATACACTATGCA-1,0.65668815,-0.29716116,-0.9427139,-0.6692446,-0.17253241,1.1719681,0.3175588,1.3159239,-0.29221922,-1.0882676
atac_E18_5-S1#TCTGATACACTCAATA-1,2.2561083,-0.8447755,-0.80901086,1.3619176,1.8423641,-0.783898,-1.0785221,-0.96850526,-0.7618455,-0.21383274
atac_E18_5-S1#TCTGATACACTTAACC-1,-0.8915425,-0.026475344,-0.07952267,-0.95660335,-0.6763237,0.728934,0.34638664,1.9481616,0.31044686,-0.7034613
atac_E18_5-S1#TCTGATACAGAACGTC-1,1.3481654,-0.46464175,-1.0030245,1.3841127,-0.23318999,-0.50776905,0.1366722,0.3283255,-0.45211893,-0.53653157
atac_E18_5-S1#TCTGATACAGAGCTAT-1,2.4990275,-0.91146827,-1.0870736,1.7793059,2.251768,-0.877779,-1.4753771,-0.99205613,-0.73134047,-0.4550068
atac_E18_5-S1#TCTGATACATAAGGAG-1,-0.4927152,-0.1986357,-0.5127086,0.12408577,-0.20602241,0.6879862,-0.18666542,1.2054379,0.07348649,-0.49424908
atac_E18_5-S1#TCTGATACATCATATT-1,-0.10950366,0.29478663,-1.0471245,0.88175446,0.38472164,0.44033104,-0.9265556,1.0563127,-0.2565748,-0.7181479
atac_E18_5-S1#TCTGATACCAACCGCT-1,-0.7012585,-0.082982466,-0.78431,-0.23929907,-0.71629417,1.3458302,-0.1413746,1.8248906,0.3243876,-0.8295898
atac_E18_5-S1#TCTGATACCCAGTTCC-1,-0.49392596,-0.6179955,-0.3818413,0.58484066,-0.9555029,0.020018496,-0.5128964,3.4879131,-0.50490767,-0.62570256
atac_E18_5-S1#TCTGATACCCGAGAAT-1,1.745649,-0.57582563,-0.39967257,1.4681274,-0.8447597,-0.7940238,0.9201055,-0.44471622,-0.6505777,-0.42430615
atac_E18_5-S1#TCTGATACCCGATTCC-1,-0.62408537,-0.28173858,-0.575425,-0.020692326,-0.87253344,-0.3579914,-0.4249932,3.7428627,-0.038450126,-0.54695326
atac_E18_5-S1#TCTGATACCGAACGCC-1,-0.5856568,-0.27397317,-0.5086801,-0.017597705,-0.40339857,0.7340481,-0.14877869,1.73582,0.0588301,-0.59061325
atac_E18_5-S1#TCTGATACCGACGCGA-1,-0.06774363,0.9104204,-1.1988497,0.36987418,-0.3951547,0.70125973,-1.0156198,1.4916207,-0.054117434,-0.7416898
atac_E18_5-S1#TCTGATACCTAAGAGA-1,2.6683953,-0.9175788,-1.0184801,1.7100592,2.2200363,-0.90398026,-1.5167235,-0.9624643,-0.7454218,-0.53384215
atac_E18_5-S1#TCTGATACCTGATGGT-1,1.248142,-0.5187578,-0.6039666,0.47077706,0.20641956,0.65437376,0.2971688,-0.7633858,-0.5568645,-0.43390647
atac_E18_5-S1#TCTGATACCTTGCGCC-1,1.7043688,-0.6861037,-0.585578,1.7496125,-1.2378143,-0.5413035,1.0721576,-0.025782183,-0.5416276,-0.90792924
atac_E18_5-S1#TCTGATACGACCTTGA-1,-0.7336745,-0.16398367,-0.7370596,0.5338691,-0.48987356,1.6222231,-0.145566,0.973287,-0.15912858,-0.7000933
atac_E18_5-S1#TCTGATACGATACGGA-1,-1.1189697,3.2873795,-1.6237652,-0.25104654,-1.3278806,-0.27671698,-1.1638658,2.380694,0.9493193,-0.8551478
atac_E18_5-S1#TCTGATACGATCTTAC-1,1.6922262,-0.7287625,-0.6618565,0.9135625,1.0247896,-0.37228823,-0.38749668,-0.44617155,-0.61724937,-0.41675335
atac_E18_5-S1#TCTGATACGCAGGTCC-1,-0.11436644,-0.4766249,-0.7545503,0.79004353,0.7992654,0.5572345,-0.9466577,0.21821876,-0.64368796,0.5711252
atac_E18_5-S1#TCTGATACGCCATTCT-1,2.2331507,-1.0108074,-0.87059975,0.90798724,1.537287,-0.81499505,-0.9788958,-0.9210528,-0.8885962,0.80652213
atac_E18_5-S1#TCTGATACGCCGCAAC-1,1.9642504,-0.6403374,-0.4437545,1.6365293,-1.398516,-0.96785724,1.3592043,0.06304226,-0.73242897,-0.8401322
atac_E18_5-S1#TCTGATACGCGTTGGA-1,2.0415578,-0.8370641,-0.71912557,0.9843841,1.2091976,-0.75758874,-0.631405,-0.5277589,-0.78003633,0.017839225
atac_E18_5-S1#TCTGATACGGCTGAGC-1,-0.68809116,-0.21138006,-0.55010545,-0.047430232,-0.41039103,0.52707535,-0.22931507,2.2176511,-0.06507344,-0.5429399
atac_E18_5-S1#TCTGATACGGTACTGC-1,1.7143366,-0.58825153,-0.91640073,1.4706725,0.04066687,-0.43732163,-0.15535526,-0.08942254,-0.5006117,-0.5383123
atac_E18_5-S1#TCTGATACTAGAATTA-1,2.1687021,-0.7448012,-0.94294107,1.6297908,1.2427837,-0.72151107,-0.9013653,-0.67320764,-0.5640539,-0.49339655
atac_E18_5-S1#TCTGATACTAGAGTAA-1,-0.9440755,-0.31207153,0.28970298,1.837381,-0.31088245,-0.43455446,-0.3125717,-0.23057808,-0.45074788,0.86839753
atac_E18_5-S1#TCTGATACTAGATCTA-1,2.3780868,-1.119146,-0.434157,1.955894,-1.3297151,-0.87763804,2.1192558,-0.8318968,-0.88670903,-0.97397447
atac_E18_5-S1#TCTGATACTCCTACCA-1,2.2325559,-0.7733785,-0.89581805,1.247059,1.4166448,-0.5812019,-0.9323128,-0.7526798,-0.64770657,-0.31316197
atac_E18_5-S1#TCTGATACTCGGCCTT-1,1.6187694,-0.549464,-0.9818438,1.5362395,0.5941923,-0.7755865,-0.37584302,-0.09848772,-0.52914345,-0.43883264
atac_E18_5-S1#TCTGATACTGAGTCTG-1,2.6543124,-1.10568,-0.6984557,2.2595558,-1.5289228,-1.0693318,1.8767985,-0.30187902,-0.88477665,-1.2016207
atac_E18_5-S1#TCTGATACTGCCGGCA-1,2.4942253,-0.7006315,-0.8548925,2.4432817,-1.197583,-0.85580355,0.120396145,-0.21683453,-0.58806026,-0.64409775
atac_E18_5-S1#TCTGATACTGCGGACC-1,2.9482965,-1.238713,-0.29224506,2.2493052,-1.6804246,-1.369297,2.563915,-0.7730934,-1.1152918,-1.2924525
atac_E18_5-S1#TCTGATACTGGTCAGC-1,-0.15502198,0.30917645,-1.1182592,-0.5251848,-0.5184205,0.68598807,0.87846,2.1753178,-0.7896162,-0.94243926
atac_E18_5-S1#TCTGATACTTACCGAG-1,1.5715427,-0.57921666,-0.9660012,2.0372927,0.9572448,-0.74578655,-0.5941872,-0.88121974,-0.6505485,-0.1491204
atac_E18_5-S1#TCTGATACTTATCCGG-1,0.7533684,-0.3804683,-0.60347426,1.1730645,0.033364646,0.3583038,-0.6151773,0.3589862,-0.5740292,-0.50393844
atac_E18_5-S1#TCTGATACTTATTCAT-1,2.0512857,-0.7627122,-0.579443,2.0674057,-1.2674968,-0.8562865,0.76672536,-0.27247792,-0.6676005,-0.4793997
atac_E18_5-S1#TCTGATACTTGACTTC-1,2.6256979,-0.77035296,-1.0562576,1.7500601,1.9512277,-0.8006837,-1.3864583,-0.9732057,-0.69848746,-0.64153993
atac_E18_5-S1#TGAGTCTGAACCTGCG-1,-1.2955338,1.7928537,-1.5169362,-1.0229845,-1.5764934,0.19327763,-0.34615654,2.1036766,2.1498125,-0.48151594
atac_E18_5-S1#TGAGTCTGAAGAAGCT-1,1.6995608,-0.6425066,-0.6006075,1.620792,-1.2702564,-0.46275705,1.4786402,-0.34973583,-0.59243286,-0.88069665
atac_E18_5-S1#TGAGTCTGAATTAAGA-1,-0.44410568,-1.0374068,3.7562468,2.9893267,-0.8327321,-0.7118536,-1.499897,-1.4330579,-0.5339669,-0.2525537
atac_E18_5-S1#TGAGTCTGACCGCCAA-1,-0.9811628,-0.52994114,-0.81408864,-1.0160688,-0.13821176,0.2290638,-0.77795917,2.0338385,1.2754872,0.71904296
atac_E18_5-S1#TGAGTCTGACGGAGGC-1,-0.561574,-1.0523466,3.7284832,2.9246411,-1.0585635,-0.6486762,-1.5590411,-1.1293637,-0.51940346,-0.12415556
atac_E18_5-S1#TGAGTCTGACTATGCA-1,2.0676272,-0.8505062,-0.5948981,2.1873472,-1.5466043,-0.8200286,1.8429106,-1.0045416,-0.6843807,-0.5969256
atac_E18_5-S1#TGAGTCTGACTCAATA-1,-0.5818672,-0.58211267,0.040888764,1.201479,0.65549785,-0.7995092,-0.46353668,-0.31163764,-0.6974578,1.5382556
atac_E18_5-S1#TGAGTCTGACTTAACC-1,-1.4330733,-1.087667,2.3091323,-1.6903529,-0.50202686,-0.9189315,-0.39329752,3.0541937,0.9337359,-0.27171314
atac_E18_5-S1#TGAGTCTGAGAACGTC-1,-0.6174293,-0.1551834,0.037696566,1.189239,0.0503164,0.8410461,-0.30283776,0.19816735,-0.5017418,-0.7392731
atac_E18_5-S1#TGAGTCTGAGAGAAGG-1,-0.7423715,0.07400784,-0.9750189,0.58018965,-0.36696467,1.1108648,-0.9153352,1.6216586,0.15741406,-0.5444446
atac_E18_5-S1#TGAGTCTGAGAGCTAT-1,-0.7013404,-0.28503618,-0.3206934,1.975549,0.5118536,0.5325834,-0.51932967,0.11431211,-0.48145565,-0.8264429
atac_E18_5-S1#TGAGTCTGATAAGGAG-1,-0.091713175,-0.36741152,-0.49704334,-0.42450646,-0.32859457,0.83803797,0.096942216,1.2718055,-0.12021449,-0.37730214
atac_E18_5-S1#TGAGTCTGATCATATT-1,0.5191058,-0.3710883,-0.9258436,-0.05062743,-0.040745553,1.4452742,-0.2779025,0.73491716,-0.4946774,-0.5384123
atac_E18_5-S1#TGAGTCTGCAACCGCT-1,-1.1379453,-0.16866942,-0.33311257,1.3406606,-0.71514815,1.0989261,-0.8732496,1.6322865,-0.45786852,-0.38587987
atac_E18_5-S1#TGAGTCTGCATACTCC-1,-0.80299735,-0.20122193,-0.33204305,-0.907169,-0.5408676,0.83185077,0.5116172,1.0230739,0.94806075,-0.5303036
atac_E18_5-S1#TGAGTCTGCCAGTTCC-1,-0.8339255,-0.617092,-0.5995351,-0.9948825,-0.565242,-0.56320924,-0.66541356,2.3646789,3.242733,-0.76811206
atac_E18_5-S1#TGAGTCTGCCGAGAAT-1,-1.0966386,-0.4239998,0.41157398,1.6257439,0.45835572,-0.37975618,-0.18757193,-0.7997558,-0.82916653,1.2212154
atac_E18_5-S1#TGAGTCTGCCGATTCC-1,-0.27310735,-0.36745256,-0.36380726,-0.73497003,-0.20379747,0.28169537,0.006130509,2.1904502,-0.019292757,-0.51584834
atac_E18_5-S1#TGAGTCTGCGAACGCC-1,-0.44736445,-0.40363777,-0.28673238,-0.81726366,-0.5352667,0.5610771,0.506798,1.788391,0.25171658,-0.6177175
atac_E18_5-S1#TGAGTCTGCGACGCGA-1,2.179103,-0.9523812,-0.6532913,1.9297093,-1.6691312,-0.7686305,2.576671,-0.9883131,-0.83708894,-0.8166471
atac_E18_5-S1#TGAGTCTGCTAAGAGA-1,-0.6162465,-0.5334195,0.023041356,0.76981825,-0.4829931,1.6048114,0.009908685,-0.389965,-0.6149297,0.22997406
atac_E18_5-S1#TGAGTCTGCTGATGGT-1,-0.17085901,-0.6457068,-0.45220408,0.5058275,0.31201252,0.46196517,-0.96814555,0.109179296,-0.6504893,1.4984202
atac_E18_5-S1#TGAGTCTGCTTGCGCC-1,-0.36368388,-0.55625534,-0.27663174,0.23378947,-0.7432418,1.9550189,0.96922857,0.2743422,-0.6374646,-0.85510176
atac_E18_5-S1#TGAGTCTGGAAGATCG-1,2.084825,-0.8802878,-0.804059,1.5895449,-1.7147901,0.012037668,1.8390331,-0.44076362,-0.6978979,-0.9876423
atac_E18_5-S1#TGAGTCTGGACCTTGA-1,-1.0332668,-0.20883372,-0.46983567,2.1957924,0.2849124,-0.0884849,-0.4416514,0.15402636,-0.30661276,-0.086045995
atac_E18_5-S1#TGAGTCTGGATACGGA-1,1.9325161,-0.8538729,-0.5925652,1.9806293,-1.5806295,-0.6492164,2.0820067,-0.7961187,-0.7812352,-0.7415142
atac_E18_5-S1#TGAGTCTGGATCTTAC-1,0.023125298,-0.64527845,-0.25907704,0.536647,0.32020822,0.60432553,-0.87722445,-0.26116788,-0.6628796,1.2213211
atac_E18_5-S1#TGAGTCTGGCAGGTCC-1,-0.6730652,-0.16067791,-0.7831142,1.3510876,0.14036071,0.10678149,-0.5705961,0.4260547,-0.5281459,0.69131476
atac_E18_5-S1#TGAGTCTGGCCATTCT-1,-0.7981137,-0.49365926,-0.3316858,1.0129902,-0.59870344,0.7058399,-0.2640495,0.2293199,-0.60549814,1.1435598
atac_E18_5-S1#TGAGTCTGGCCGCAAC-1,-0.51847464,-0.58972484,-0.33094528,0.7553418,-0.11568947,1.1225438,-0.55986494,-0.12273884,-0.55217254,0.9117249
atac_E18_5-S1#TGAGTCTGGCGTTGGA-1,-0.19888961,-0.530535,-0.13378295,0.63417196,0.594271,0.58020306,-0.8415983,0.03444899,-0.61780435,0.47951514
atac_E18_5-S1#TGAGTCTGGCTAACTT-1,-0.61536497,-0.45651448,-0.33804166,-1.0072511,-0.6790084,1.0321975,0.9306207,1.2563996,0.614392,-0.73742896
atac_E18_5-S1#TGAGTCTGGGCTGAGC-1,-0.20855865,-0.34615245,-0.4652666,-0.4994737,-0.41753814,0.8151142,0.10759158,1.4426942,0.00035781134,-0.42876828
atac_E18_5-S1#TGAGTCTGGGTACTGC-1,-0.54255533,-0.050244033,-0.34208852,1.2481295,-0.13831362,0.8841601,-0.5742575,0.3089374,-0.8055488,0.01178069
atac_E18_5-S1#TGAGTCTGGGTATGCT-1,-0.6831057,0.50185144,-0.8249189,-0.9271359,-0.7123917,0.8494416,0.46258715,1.2249668,0.84324557,-0.7345401
atac_E18_5-S1#TGAGTCTGTAGAATTA-1,-1.1613894,-0.16506924,-0.18889482,1.2297165,-0.5782098,0.95658475,-0.49103066,0.3357882,-0.5656423,0.6281469
atac_E18_5-S1#TGAGTCTGTAGAGTAA-1,-1.2870451,0.03760955,-0.43798983,1.9189055,0.2442377,-0.034377605,-0.4277822,0.39724988,-0.35482726,-0.055980586
atac_E18_5-S1#TGAGTCTGTAGATCTA-1,-0.4734061,-1.1209047,3.5216095,2.2814126,-0.6543717,-0.3985739,-1.0107644,-1.4834255,-0.5744892,-0.087087095
atac_E18_5-S1#TGAGTCTGTCCGGCCT-1,2.230255,-0.7111577,-0.8120593,2.252765,-1.0986207,-0.48833758,-0.32603186,-0.08123124,-0.5954179,-0.37016362
atac_E18_5-S1#TGAGTCTGTCCTACCA-1,-0.45294324,-0.5228036,-0.16441584,0.8700862,0.10961627,0.77048844,-0.9658635,0.47994,-0.5881026,0.46399802
atac_E18_5-S1#TGAGTCTGTCGGCCTT-1,-0.30131835,-0.37476164,-0.41072744,1.1365924,-0.5890802,1.2603719,-0.68692625,0.893742,-0.54900163,-0.3788908
atac_E18_5-S1#TGAGTCTGTCTGATAC-1,2.6272092,-1.0103272,-0.70359385,1.9637704,-1.6787155,-0.9920022,2.7438526,-0.8705299,-0.80227375,-1.27739
atac_E18_5-S1#TGAGTCTGTGAGTCTG-1,-0.86901635,-0.50449914,0.58297706,0.7287819,-0.81165326,0.49891356,-0.27712104,0.33671162,-0.29835418,0.61326003
atac_E18_5-S1#TGAGTCTGTGCCGGCA-1,-0.22225975,-0.43757117,0.11019234,-0.59834635,-0.3505858,0.6371824,0.21600325,0.6321967,-0.440051,0.45323944
atac_E18_5-S1#TGAGTCTGTGCGGACC-1,-0.62399286,-0.92275995,3.0321484,2.0753458,-0.93734527,-0.40997118,-0.8157035,-1.1449537,-0.4903813,0.23761368
atac_E18_5-S1#TGAGTCTGTGGTCAGC-1,1.7373321,-0.7044187,-0.3329191,1.666478,-1.4367782,-0.8269602,1.6996236,-0.48015442,-0.8046346,-0.5175685
atac_E18_5-S1#TGAGTCTGTTACCGAG-1,-0.18397127,-0.5904438,-0.10920691,-0.8529548,-0.14999734,1.1076854,0.5747037,1.1440513,-0.3326428,-0.60722345
atac_E18_5-S1#TGAGTCTGTTATCCGG-1,1.703507,-0.82074,-0.6789456,1.2549785,-1.2927366,-0.34099954,1.2236774,-0.59436876,-0.5447492,0.090376586
atac_E18_5-S1#TGAGTCTGTTATTCAT-1,-0.37789565,-0.6431429,2.4089663,1.0257998,-0.4500952,-0.2418194,-0.4185435,-1.3608953,-0.73918205,0.79680806
atac_E18_5-S1#TGAGTCTGTTGACTTC-1,-0.4512067,-0.19519928,-0.31861567,0.64446044,-0.34364247,1.4145222,-0.032223202,0.18856186,-0.63774085,-0.26891634
atac_E18_5-S1#TGCCGGCAAAGAAGCT-1,1.9077812,-0.57064295,-1.1600217,2.2130156,-1.112291,-0.6715257,0.089506336,0.55082786,-0.47318646,-0.7734631
atac_E18_5-S1#TGCCGGCAAATTAAGA-1,0.83490354,-0.63805926,-0.39658338,-0.1709513,-0.79652244,0.80407375,1.4219496,0.0036678668,-0.6864835,-0.37599492
atac_E18_5-S1#TGCCGGCAACCGCCAA-1,-0.23703533,-0.567986,-0.78718984,-0.39877757,-0.41828674,0.54321647,-0.45869315,2.1990767,0.46189308,-0.33621773
atac_E18_5-S1#TGCCGGCAACGGAGGC-1,2.5380943,-1.0975654,-0.69712526,-1.5606756,1.9761784,-0.8429254,-0.80200326,-0.9696153,-1.0117563,2.4673939
atac_E18_5-S1#TGCCGGCAACTATGCA-1,3.1610942,-0.8905708,-0.99668103,1.1902002,2.2403524,-0.9095429,-1.4945327,-1.0779113,-0.8686308,-0.35377687
atac_E18_5-S1#TGCCGGCAACTCAATA-1,-1.2157832,0.37468117,-0.39574772,1.9896324,1.2034594,-0.08024548,-0.15713187,-0.8015475,-0.39959788,-0.51771945
atac_E18_5-S1#TGCCGGCAACTTAACC-1,-0.974237,-0.77414715,2.4863164,-0.94575924,-0.64840686,-0.88823277,-0.8105815,3.4257762,-0.33543617,-0.5352924
atac_E18_5-S1#TGCCGGCAAGAACGTC-1,-1.0851701,-0.20605573,-0.5422122,2.29309,1.1645242,-0.29920414,-0.32305345,-0.2485579,-0.5122986,-0.2410623
atac_E18_5-S1#TGCCGGCAAGAGAAGG-1,-0.72832024,0.853136,-1.1310018,-0.52922213,-0.6890356,0.62045145,-0.7210313,1.7204974,1.0258871,-0.42136067
atac_E18_5-S1#TGCCGGCAAGAGCTAT-1,-1.2116038,0.17733875,-0.17733207,2.0777946,1.3612502,-0.31571567,-0.20316896,-0.7402094,-0.5629794,-0.4053741
atac_E18_5-S1#TGCCGGCAATAAGGAG-1,-0.35115403,-0.27684966,-0.5274545,-0.5681362,-0.25716016,0.4948575,-0.29795426,2.144942,0.11885105,-0.4799418
atac_E18_5-S1#TGCCGGCAATCATATT-1,3.1543283,-1.3823341,-0.8781302,-1.9501159,3.3743503,-1.4360981,-1.4211991,-1.253337,-1.6002023,3.3927379
atac_E18_5-S1#TGCCGGCACAACCGCT-1,-1.351742,0.6200417,-0.6633029,1.1044401,0.26636535,0.129194,-0.80511814,1.7208743,-0.45233497,-0.56841767
atac_E18_5-S1#TGCCGGCACATACTCC-1,-0.7634512,0.50866985,-0.8002118,-0.8031294,-0.42010105,1.0993901,-0.23969887,1.3300235,0.7044268,-0.6159179
atac_E18_5-S1#TGCCGGCACCAGTTCC-1,0.00218698,-0.7428373,-0.69236875,-0.7228524,-0.5554568,-0.40059373,1.4686425,3.6914768,-0.96825844,-1.0799385
atac_E18_5-S1#TGCCGGCACCGAGAAT-1,-0.91204315,-0.27510813,-0.40452284,2.4627423,2.0312521,-0.5935778,-0.2289994,-0.9399972,-0.63200885,-0.50773704
atac_E18_5-S1#TGCCGGCACCGATTCC-1,-0.4152617,-0.38010782,-0.4664537,-0.77630967,-0.4910531,0.48225874,0.29058674,2.2838452,0.14285775,-0.67036223
atac_E18_5-S1#TGCCGGCACGAACGCC-1,-0.21544333,-0.32133436,-0.48262423,-0.54974836,-0.39007732,0.64766276,0.06416226,1.7955145,-0.08957459,-0.45853734
atac_E18_5-S1#TGCCGGCACGACGCGA-1,3.0402699,-0.76287013,-0.97486943,1.466547,1.6823733,-0.9501543,-1.1872683,-1.0583929,-0.74782574,-0.50780934
atac_E18_5-S1#TGCCGGCACTAAGAGA-1,-1.2180644,0.2745159,0.24840072,2.150759,1.3605666,-0.5569585,-0.14895748,-0.9599682,-0.55720913,-0.5930845
atac_E18_5-S1#TGCCGGCACTGATGGT-1,-1.2929572,0.1114454,-0.21740311,2.0859559,1.5790193,-0.5867334,-0.1519508,-0.69379807,-0.55498564,-0.27859232
atac_E18_5-S1#TGCCGGCACTTGCGCC-1,-1.0485176,0.03185563,-0.46446747,2.3073068,1.0415189,-0.25253016,-0.25205714,-0.34756815,-0.4635511,-0.5519898
atac_E18_5-S1#TGCCGGCAGAAGATCG-1,2.4919608,-0.82147664,-0.82416725,2.3229933,-1.4738214,-0.83373326,0.7565269,-0.005276207,-0.68370533,-0.92930084
atac_E18_5-S1#TGCCGGCAGACCTTGA-1,-1.1684816,-0.25499576,-0.7216913,2.389943,1.3515947,-0.50689095,-0.348554,0.046890765,-0.45589527,-0.33191952
atac_E18_5-S1#TGCCGGCAGATACGGA-1,2.205698,-0.5661094,-0.6085264,1.4048764,-0.06513028,-0.8334418,0.18921295,-0.2814206,-0.61370915,-0.8314496
atac_E18_5-S1#TGCCGGCAGATCTTAC-1,-1.2250067,0.015362738,-0.62135875,2.4958138,1.9702196,-0.58874476,-0.23954432,-0.7558677,-0.41440094,-0.63647306
atac_E18_5-S1#TGCCGGCAGCAGGTCC-1,-0.91466546,-0.2215749,-0.31674948,1.3945627,0.1598819,0.008231312,-0.66193056,0.41296032,-0.5257611,0.66504514
atac_E18_5-S1#TGCCGGCAGCCATTCT-1,-1.3237627,0.5153945,-0.43556693,1.8035152,0.83742505,-0.01373899,-0.19124822,-0.23182668,-0.38822532,-0.571966
atac_E18_5-S1#TGCCGGCAGCCGCAAC-1,-0.23795968,-0.4686193,-1.0464047,2.44514,2.3426425,-0.54759157,-0.4865154,-0.65428346,-0.5419646,-0.8044438
atac_E18_5-S1#TGCCGGCAGCGTTGGA-1,-1.3162268,0.30593482,0.1740647,1.9343479,1.413543,-0.69354814,-0.23339802,-0.5753921,-0.54777175,-0.46155354
atac_E18_5-S1#TGCCGGCAGCTAACTT-1,-0.21420845,-0.019391254,-0.64238983,-0.5707242,-0.28573397,1.1762711,-0.26428646,1.0474995,-0.19087896,-0.03615746
atac_E18_5-S1#TGCCGGCAGGCTGAGC-1,-0.29408634,-0.34317338,-0.46318093,-0.6340586,-0.41127655,0.52625775,0.21293698,1.7559028,0.12671494,-0.47603673
atac_E18_5-S1#TGCCGGCAGGTACTGC-1,-1.2643659,0.059822794,-0.3257125,2.3523922,1.4040667,-0.38366365,-0.26305866,-0.6820556,-0.6018895,-0.29553568
atac_E18_5-S1#TGCCGGCATAGAATTA-1,-1.2159415,0.035575587,-0.37487572,2.4390492,1.4592919,-0.28671622,-0.27929962,-0.7320885,-0.5921432,-0.45285177
atac_E18_5-S1#TGCCGGCATAGAGTAA-1,-1.0560392,-0.33197913,-0.4888072,2.0168252,0.89346,-0.336943,-0.45136142,-0.0587798,-0.44884223,0.2624666
atac_E18_5-S1#TGCCGGCATAGATCTA-1,1.6466628,-0.7312066,-0.48558888,0.12323228,-0.85306716,0.08745384,1.160439,-0.7564091,-0.7366473,0.54513115
atac_E18_5-S1#TGCCGGCATCCGGCCT-1,-0.65520394,0.23053604,-0.5705061,-0.86806697,-0.2766819,0.9959598,0.59896815,1.1044552,0.18828958,-0.7477498
atac_E18_5-S1#TGCCGGCATCCTACCA-1,-1.2398508,0.11254085,0.18586281,2.0938296,1.1647906,-0.53765976,-0.18698679,-0.86932355,-0.5231265,-0.20007673
atac_E18_5-S1#TGCCGGCATCGGCCTT-1,-0.757903,-0.30851454,-0.57820326,2.0474465,0.8127513,-0.28782284,-0.33038402,-0.12366361,-0.4635707,-0.010135887
atac_E18_5-S1#TGCCGGCATCTGATAC-1,2.64942,-0.97011316,-0.97055596,1.9980488,-1.7929705,-0.9620135,2.5010355,-0.34828138,-0.6545856,-1.449984
atac_E18_5-S1#TGCCGGCATGAGTCTG-1,1.1498466,-1.0547544,-1.4353992,3.0752063,3.3982766,-1.0300543,-1.1689876,-0.9178153,-0.80037236,-1.2159464
atac_E18_5-S1#TGCCGGCATGCCGGCA-1,1.5518757,-0.1417008,-0.28302988,0.5302348,-0.11375223,-0.7205866,1.1361743,-1.3258796,-0.6125243,-0.020811386
atac_E18_5-S1#TGCCGGCATGCGGACC-1,0.5151278,-0.6905863,-0.639855,-0.6433748,2.1777787,-1.4561815,-0.8517242,1.6922922,-1.550689,1.4472122
atac_E18_5-S1#TGCCGGCATGGTCAGC-1,3.7145653,-0.9286456,-0.7398112,-0.99548113,3.391062,-1.2158557,-1.3480507,-1.5780553,-1.2654455,0.96571803
atac_E18_5-S1#TGCCGGCATTACCGAG-1,2.3684444,-0.78439444,-0.31735113,0.08693622,0.6336563,-0.9028519,0.46754712,-1.2542562,-1.0544362,0.75670576
atac_E18_5-S1#TGCCGGCATTATCCGG-1,2.0591729,-0.73441577,-0.8790272,1.468384,-1.5236375,-0.4878805,1.8384433,-0.39293048,-0.61072415,-0.73738444
atac_E18_5-S1#TGCCGGCATTATTCAT-1,1.3132256,-0.8928842,-0.1586611,0.6116633,-1.1036321,0.54605913,1.694061,-0.6617576,-0.82733864,-0.5207354
atac_E18_5-S1#TGCCGGCATTGACTTC-1,-1.2326121,0.24095777,-0.06664841,2.0796402,1.3957148,-0.56068957,-0.19752756,-0.71212316,-0.4900405,-0.45667127
atac_E18_5-S1#TGCGGACCAACCTGCG-1,-1.0221341,1.9098636,-1.3303218,-0.9370594,-0.97245514,0.37848258,-0.27516127,1.7648023,1.2323753,-0.74839205
atac_E18_5-S1#TGCGGACCAAGAAGCT-1,2.2017584,-1.0298574,-0.7177581,1.6301003,-1.633039,-0.31516382,2.148142,-0.5129447,-0.7716813,-0.9995563
atac_E18_5-S1#TGCGGACCAATTAAGA-1,0.83366233,-0.82014704,0.21183394,-0.48888198,-0.32746404,-0.08341536,0.2696473,-0.59156644,-0.61600447,1.6123359
atac_E18_5-S1#TGCGGACCACCGCCAA-1,-0.4890818,-0.6258905,-0.47655234,-1.1531571,0.5941383,-0.10780294,-0.9703322,1.3758582,0.011241276,1.841579
atac_E18_5-S1#TGCGGACCACGGAGGC-1,-0.64406055,-1.1203803,3.6159291,2.2967398,-1.0604028,-0.2928549,-1.0574099,-1.2735354,-0.53411806,0.07009237
atac_E18_5-S1#TGCGGACCACTATGCA-1,1.204638,-0.60841393,-0.5135697,0.43499416,-1.1067963,-0.5069967,1.2893707,-0.035870202,-0.6981056,0.5407494
atac_E18_5-S1#TGCGGACCACTCAATA-1,-0.6300113,-0.59263486,-0.47236776,1.6773831,-0.9110179,1.2135061,-0.8705659,0.61657155,-0.58636004,0.5554971
atac_E18_5-S1#TGCGGACCACTTAACC-1,-0.8769255,-1.1318486,2.5632772,-1.4520011,-0.40475744,-0.66205925,-0.54174966,3.3336647,-0.24392468,-0.58367586
atac_E18_5-S1#TGCGGACCAGAACGTC-1,-1.0044404,-0.32793525,-0.30121347,2.1163332,0.36013868,0.08213946,-0.54408777,0.19558549,-0.5216513,-0.05486857
atac_E18_5-S1#TGCGGACCAGAGAAGG-1,0.6147225,-0.45671,-0.9780438,1.5262527,-0.9455949,0.35080984,-0.54149896,1.3451622,-0.28314808,-0.6319514
atac_E18_5-S1#TGCGGACCAGAGCTAT-1,-0.16439268,-0.59450215,-0.13585865,0.40831172,-0.6403867,1.6498569,0.63373464,0.24913149,-0.7279011,-0.6779934
atac_E18_5-S1#TGCGGACCATAAGGAG-1,-0.3399529,-0.32380533,-0.56242394,-0.5590686,-0.47827697,0.48747516,-0.26792383,2.1656966,0.40513432,-0.52685446
atac_E18_5-S1#TGCGGACCATCATATT-1,0.23647505,-0.25635126,-0.16506872,-0.61214936,0.05999297,0.6445424,1.0023688,0.66322047,-0.82780737,-0.74522316
atac_E18_5-S1#TGCGGACCCAACCGCT-1,-1.2539153,0.32249114,-0.62073654,0.88648224,0.2227112,0.6643172,-0.7789558,1.331558,-0.43765065,-0.3363015
atac_E18_5-S1#TGCGGACCCATACTCC-1,-0.09915319,-0.5102965,-0.13856934,-0.4467094,-0.5242546,0.65803605,0.54505986,0.64966035,-0.10430418,-0.029469091
atac_E18_5-S1#TGCGGACCCCAGTTCC-1,-1.2674958,-0.63029903,-0.12495175,-1.1217173,-0.3626623,-1.143543,-0.84301037,2.5651102,3.6367319,-0.7081623
atac_E18_5-S1#TGCGGACCCCGAGAAT-1,-0.74512744,-0.6750846,-0.28151065,1.2887534,0.13347647,-0.14968926,-0.86063194,-0.11177537,-0.6111442,2.0127335
atac_E18_5-S1#TGCGGACCCCGATTCC-1,-0.392896,-0.36002263,-0.38608354,-0.7671456,-0.40259212,0.51831686,0.25125262,1.9145517,0.11445277,-0.48983404
atac_E18_5-S1#TGCGGACCCGAACGCC-1,-0.18873528,-0.3370771,-0.5570942,-0.5613336,-0.45878032,0.6262358,-0.113933094,2.178443,-0.052887954,-0.5348372
atac_E18_5-S1#TGCGGACCCGACGCGA-1,1.3287976,-0.9693608,-0.72216105,-0.77090573,0.7247664,-0.2472018,-0.615687,0.26444343,-0.79883075,1.8061396
atac_E18_5-S1#TGCGGACCCTAAGAGA-1,-0.48045787,0.031392552,-0.2615878,0.086546615,-0.01640002,1.1092118,0.14428914,0.19925523,-0.46700034,-0.3452493
atac_E18_5-S1#TGCGGACCCTGATGGT-1,0.62119114,-1.0257707,-0.99264723,0.95193696,1.5476484,-0.6226264,-1.3001734,-0.27055818,-0.8593123,1.9503115
atac_E18_5-S1#TGCGGACCCTTGCGCC-1,-0.9182041,-0.30005622,-0.044645008,2.0698361,0.31577504,0.053191647,-0.40891626,-0.33789057,-0.4880571,0.058966383
atac_E18_5-S1#TGCGGACCGAAGATCG-1,2.1077185,-0.6248985,-0.94993186,1.227877,-0.44405624,-0.14897409,-0.0016580671,0.0027252287,-0.45581707,-0.71298486
atac_E18_5-S1#TGCGGACCGACCTTGA-1,-0.9104312,-0.23451483,-0.639031,2.5824628,0.5775925,-0.33738843,-0.35946038,-0.016212197,-0.345023,-0.3179943
atac_E18_5-S1#TGCGGACCGATACGGA-1,1.8827329,-0.71607876,-0.6911575,-0.4899308,0.7357935,-0.23439154,-0.38571325,-0.5533316,-0.7607515,1.2128286
atac_E18_5-S1#TGCGGACCGATCTTAC-1,-0.09611623,-0.5639843,-0.30474046,-0.010684835,0.5010768,0.3026799,-0.8374176,0.013248654,-0.50497925,1.5009172
atac_E18_5-S1#TGCGGACCGCAGGTCC-1,-0.852368,-0.2170623,0.3774667,1.0855831,-0.092835955,0.44216338,-0.6337508,0.31343496,-0.6355683,0.21293736
atac_E18_5-S1#TGCGGACCGCCATTCT-1,-0.78414047,-0.2226107,-0.82858646,0.8890514,0.60948354,0.6306157,-0.9115325,0.23139657,-0.694331,1.080654
atac_E18_5-S1#TGCGGACCGCCGCAAC-1,-0.61276895,-0.6174248,0.31312954,1.4429618,-0.33429644,-0.20494942,-0.1714137,-0.6942064,-0.7311026,1.6100708
atac_E18_5-S1#TGCGGACCGCGTTGGA-1,-0.20148659,-0.50427604,0.2076245,0.55113125,-0.54232675,0.72498554,-0.44084466,0.71794474,-0.48736537,-0.025386617
atac_E18_5-S1#TGCGGACCGCTAACTT-1,-0.66667914,-0.12078776,-0.72635084,-0.50722015,-0.47299427,1.2172859,-0.3448376,1.7482296,0.44590157,-0.57254744
atac_E18_5-S1#TGCGGACCGGCTGAGC-1,-0.19169357,-0.35494822,-0.49017894,-0.5417853,-0.40777585,0.7758961,0.20182693,1.4315499,-0.020640036,-0.40225086
atac_E18_5-S1#TGCGGACCGGTACTGC-1,-1.1878828,-0.13826093,-0.29992098,1.8007272,0.23843,0.047089584,-0.40208083,0.049298484,-0.44940943,0.34200963
atac_E18_5-S1#TGCGGACCGGTATGCT-1,-0.16561957,-0.41339672,-0.6148801,-0.77718717,-0.26916224,0.89882,0.34107685,1.0293537,0.13593528,-0.16494007
atac_E18_5-S1#TGCGGACCTAGAATTA-1,-0.6071098,-0.32533368,-0.5552871,0.9274391,1.0361115,-0.1910426,-0.89185977,0.42092603,-0.7061527,0.89230907
atac_E18_5-S1#TGCGGACCTAGAGTAA-1,-1.061526,-0.3399635,-0.5046393,1.892684,-0.17712268,0.1971834,-0.6346466,0.7816684,-0.4706622,0.31702447
atac_E18_5-S1#TGCGGACCTAGATCTA-1,-0.59840804,-0.91113335,2.9737258,1.9549559,-0.99520695,-0.13311067,-0.8854323,-1.0908116,-0.47936794,0.16478904
atac_E18_5-S1#TGCGGACCTCCGGCCT-1,1.956788,-0.81507933,-0.8168899,1.8871431,-1.2369545,-0.14295568,-0.025085568,0.45574677,-0.6570758,-0.6056371
atac_E18_5-S1#TGCGGACCTCCTACCA-1,-0.65548337,-0.396685,-0.3602088,1.6473826,-1.0582862,1.8269011,-0.6564445,0.23577267,-0.5753439,-0.007604368
atac_E18_5-S1#TGCGGACCTCGGCCTT-1,-0.8448438,-0.14010331,-0.23492002,1.4834242,-0.49537328,0.17847493,-0.06615295,1.0255185,-0.5488043,-0.35722005
atac_E18_5-S1#TGCGGACCTCTGATAC-1,2.4792173,-0.50090665,-0.6250052,0.5580955,0.79613423,-0.6461635,-0.16105787,-0.9632212,-0.6913602,-0.24573247
atac_E18_5-S1#TGCGGACCTGAGTCTG-1,-0.94038266,-0.9178047,1.2639393,1.0737351,-1.2797788,1.0276924,-0.27865753,0.160642,-0.49472564,0.38534036
atac_E18_5-S1#TGCGGACCTGCCGGCA-1,1.5925624,-0.81295717,-0.77769834,-0.5295514,-0.34318677,-0.05472937,0.48677453,-1.3134087,-0.4548283,2.207023
atac_E18_5-S1#TGCGGACCTGCGGACC-1,-0.5148197,-1.0344818,3.1846747,1.7063478,-0.76044255,-0.38891658,-0.84590745,-1.1883717,-0.4974711,0.33938834
atac_E18_5-S1#TGCGGACCTGGTCAGC-1,0.97576106,-0.9997284,-0.06408059,1.7105582,-1.6747736,-0.29629484,1.8738759,-0.8164722,-0.8406903,0.13184461
atac_E18_5-S1#TGCGGACCTTACCGAG-1,-0.36103365,-0.5155009,0.039004553,-0.9690655,-0.60678566,1.1858854,1.4457607,-0.06174221,-0.072076045,-0.084446624
atac_E18_5-S1#TGCGGACCTTATCCGG-1,1.6194261,-1.0254041,-0.6212061,-0.8865751,1.3961656,-0.24139461,-0.778454,-0.5970822,-0.8791453,2.0136697
atac_E18_5-S1#TGCGGACCTTATTCAT-1,1.6193955,-0.5808037,-0.9127819,-1.3647494,-0.69820696,0.19138013,0.7274341,-0.912471,-0.06417778,1.994981
atac_E18_5-S1#TGCGGACCTTGACTTC-1,-0.76682794,-0.48415196,0.4298188,1.2554668,-0.9250969,1.295093,-0.54541117,0.047138482,-0.48863614,0.182607
atac_E18_5-S1#TGGTCAGCAAGAAGCT-1,-0.71439546,1.0312068,-1.5199829,-0.6316536,-0.942026,1.3298273,-0.566437,2.0227172,1.1515297,-1.1607858
atac_E18_5-S1#TGGTCAGCAATTAAGA-1,2.5313926,-0.7551012,-0.779619,0.6344988,1.7350605,-0.6767077,-0.8966935,-0.8479946,-0.7664288,-0.17840694
atac_E18_5-S1#TGGTCAGCACCGCCAA-1,-0.63506293,-0.52828753,-0.48282802,-0.22084332,-0.46706638,0.13740201,-0.63216937,2.697141,0.61143607,-0.47972152
atac_E18_5-S1#TGGTCAGCACGGAGGC-1,2.7003162,-0.88994026,-0.9235185,0.08656271,2.273024,-0.8528052,-1.1478548,-0.9781923,-0.8914573,0.6238656
atac_E18_5-S1#TGGTCAGCACTATGCA-1,2.2801452,-0.850428,-0.7681971,1.7110107,-1.6241289,-0.5521307,2.2250721,-0.56058234,-0.68034434,-1.1804165
atac_E18_5-S1#TGGTCAGCACTCAATA-1,-1.375757,0.5116197,-0.17607161,1.7832793,0.54644936,-0.022281626,-0.33485818,-0.09332478,-0.5470759,-0.29197934
atac_E18_5-S1#TGGTCAGCACTTAACC-1,-0.8924427,-0.8569982,2.1768312,-0.7910882,-0.62525725,-0.34481466,-0.70083016,2.814939,-0.12649626,-0.65384257
atac_E18_5-S1#TGGTCAGCAGAACGTC-1,2.1301043,-0.5146684,-1.3720285,2.3203,0.3048401,-0.02963902,-0.9156838,-0.46219838,-0.41443855,-1.0465878
atac_E18_5-S1#TGGTCAGCAGAGCTAT-1,-1.0504768,0.14222603,-0.031381108,1.9449952,0.5925193,0.16375627,-0.56996924,-0.008953333,-0.67599165,-0.5067246
atac_E18_5-S1#TGGTCAGCATAAGGAG-1,-0.60208666,-0.499209,0.13220187,-0.33480403,-0.58509237,0.8663791,0.308237,0.8239078,-0.054457292,-0.055076405
atac_E18_5-S1#TGGTCAGCATCATATT-1,2.2163234,-0.64234173,-0.3951838,1.3363695,-1.1528367,-0.8772577,1.4703112,-0.11486068,-0.76984245,-1.0706812
atac_E18_5-S1#TGGTCAGCCAACCGCT-1,-1.04695,-0.4720549,-0.8279579,0.43689716,-0.76496375,1.0266533,-0.90237296,2.172017,0.8855086,-0.5067767
atac_E18_5-S1#TGGTCAGCCCAGTTCC-1,-0.50527614,-0.69506603,0.83564425,-0.62911934,-0.4005593,-0.68823117,-0.11943999,3.2789972,-0.53042465,-0.54652476
atac_E18_5-S1#TGGTCAGCCCGAGAAT-1,-1.228886,-0.08618625,0.36066738,1.7147597,0.5617929,-0.059619173,-0.3240644,-0.18713087,-0.5604653,-0.19086808
atac_E18_5-S1#TGGTCAGCCCGATTCC-1,-0.7283503,-0.421383,-0.186529,-0.65674096,-0.43301356,0.5465776,-0.13672766,2.4689677,0.20779963,-0.6606004
atac_E18_5-S1#TGGTCAGCCGAACGCC-1,-0.6321178,-0.47958043,0.064516395,-0.13489783,-0.58603346,0.81821454,-0.2352544,1.1827925,-0.052738868,0.05509939
atac_E18_5-S1#TGGTCAGCCGACGCGA-1,1.6792407,-0.80215865,-0.642344,1.3867009,-1.3942912,-0.27382156,2.0452595,-0.5378968,-0.63095653,-0.8297321
atac_E18_5-S1#TGGTCAGCCTAAGAGA-1,-1.238262,0.7623335,-0.031054718,1.6890818,0.60379267,-0.0399957,-0.3883757,-0.2401554,-0.58270717,-0.53465724
atac_E18_5-S1#TGGTCAGCCTGATGGT-1,-1.0430559,0.09723845,0.07530685,1.9459082,1.0355109,-0.36619353,-0.25365788,-0.6690912,-0.625601,-0.19636501
atac_E18_5-S1#TGGTCAGCCTTGCGCC-1,-1.0379555,-0.068689734,-0.14768583,1.8992419,0.71679527,-0.4022038,-0.38610741,0.07025887,-0.570652,-0.07300174
atac_E18_5-S1#TGGTCAGCGAAGATCG-1,-0.8482202,-0.15877493,-0.4301545,-0.95190746,-0.8685978,0.8650023,1.1179817,1.2512624,0.79053956,-0.7671307
atac_E18_5-S1#TGGTCAGCGACCTTGA-1,-0.33912212,-0.7547934,-0.31734756,1.6042236,-1.2924577,1.7376438,-0.85502386,0.84970164,-0.50868917,-0.12413543
atac_E18_5-S1#TGGTCAGCGATACGGA-1,2.2422318,-0.61569834,-0.8787791,1.5650877,-1.5301918,-0.63142014,1.5804874,0.008425986,-0.50557435,-1.2345691
atac_E18_5-S1#TGGTCAGCGATCTTAC-1,-1.0694953,0.16556145,-0.08960209,2.1966443,1.3520386,-0.5378827,-0.25122905,-0.79907864,-0.6286856,-0.338271
atac_E18_5-S1#TGGTCAGCGCAGGTCC-1,-0.14215817,-0.8275644,-0.30031875,1.4917945,-1.023218,0.7603551,-1.1205658,0.09674749,-0.41742235,1.4823503
atac_E18_5-S1#TGGTCAGCGCCATTCT-1,-1.1678761,0.2760399,-0.2064526,1.860147,0.68835586,-0.25195384,-0.32072768,0.06461251,-0.61898184,-0.32316315
atac_E18_5-S1#TGGTCAGCGCCGCAAC-1,0.9940955,-0.6056265,-1.1064217,1.3062719,1.7680055,-0.11928657,-0.79606336,-0.56882787,-0.56117135,-0.31097564
atac_E18_5-S1#TGGTCAGCGCGTTGGA-1,-0.96293575,-0.12376045,0.017934898,1.7078503,0.3788834,0.06768137,-0.5557981,0.14070721,-0.5556594,-0.114903435
atac_E18_5-S1#TGGTCAGCGGCTGAGC-1,-0.74267495,-0.4500415,-0.13911015,-0.6346845,-0.6948082,0.5801035,0.12523724,2.3436594,0.27317175,-0.6608525
atac_E18_5-S1#TGGTCAGCGGTACTGC-1,-0.9476046,0.107334204,0.22297391,1.8675297,0.62113416,-0.41164395,-0.41025648,-0.217711,-0.6262149,-0.2055412
atac_E18_5-S1#TGGTCAGCTAGAATTA-1,-0.9294729,0.13441437,0.14456114,2.0508382,0.9918253,-0.41592652,-0.33291078,-0.68296105,-0.6360158,-0.32435194
atac_E18_5-S1#TGGTCAGCTAGAGTAA-1,-0.014957785,-0.71083874,-0.46884498,1.3877401,-1.2547487,0.9860221,-0.2234599,0.58670384,-0.028887685,-0.25872827
atac_E18_5-S1#TGGTCAGCTAGATCTA-1,2.5603619,-0.8968225,-0.8615563,0.2922529,1.9813175,-0.73754054,-1.0383857,-0.9906258,-0.90994614,0.60094464
atac_E18_5-S1#TGGTCAGCTCCGGCCT-1,-0.70875907,-0.47243476,-0.2622168,-0.6153843,-0.82338566,1.3259062,0.6419837,1.2286518,0.31110665,-0.62546754
atac_E18_5-S1#TGGTCAGCTCCTACCA-1,-1.0975286,0.7596638,-0.28278357,1.6558967,0.6092533,-0.11894821,-0.30504715,-0.24361588,-0.4416272,-0.5352632
atac_E18_5-S1#TGGTCAGCTCGGCCTT-1,0.037810106,-0.74804974,-0.5594089,1.2460158,-0.6722833,0.7107823,-0.98906285,0.32324216,-0.32095665,0.97191113
atac_E18_5-S1#TGGTCAGCTCTGATAC-1,1.3697588,-0.8130504,-0.9430178,1.7576432,-1.228528,0.47653273,-0.37712815,0.41233602,-0.33080864,-0.32373807
atac_E18_5-S1#TGGTCAGCTGAGTCTG-1,1.7089896,-1.1255804,-0.91908634,1.0369167,2.3486106,-0.9504651,-1.1389755,-0.57767844,-0.8200679,0.43733677
atac_E18_5-S1#TGGTCAGCTGCCGGCA-1,2.0986118,-0.64304036,-0.842064,0.6766302,0.607157,0.03547793,-0.21609125,-0.8108242,-0.75932026,-0.14653677
atac_E18_5-S1#TGGTCAGCTGCGGACC-1,2.6833205,-0.93258953,-0.6266869,-0.8909693,2.604463,-1.1148722,-1.068152,-0.97950876,-1.211633,1.5366278
atac_E18_5-S1#TGGTCAGCTGGTCAGC-1,2.2622592,-0.8320749,-0.5584638,1.583159,-1.5667326,-0.68832356,2.571619,-0.77327263,-0.73886716,-1.2593029
atac_E18_5-S1#TGGTCAGCTTACCGAG-1,2.1496456,-0.41855717,-1.1089631,0.6367408,0.50889266,0.13222905,-0.38711208,-0.5127775,-0.52885354,-0.4712447
atac_E18_5-S1#TGGTCAGCTTATCCGG-1,2.22639,-0.75199187,-0.8396561,2.310439,-1.4875917,-0.55943435,0.63431406,-0.2366451,-0.6478554,-0.64796835
atac_E18_5-S1#TGGTCAGCTTATTCAT-1,2.6663864,-0.7081219,-0.9365191,1.2833943,1.3272762,-0.74342895,-0.95206743,-0.7083206,-0.54131776,-0.6872811
atac_E18_5-S1#TGGTCAGCTTGACTTC-1,-1.0520955,0.43007132,0.081918076,1.6860187,0.5677684,-0.37063932,-0.29373857,-0.24125358,-0.5604172,-0.24763228
atac_E18_5-S1#TTACCGAGAAGAAGCT-1,-0.10571706,-0.63975143,-0.34192985,-0.0897315,-0.96405935,1.4043529,0.7482635,0.8258612,-0.1775923,-0.6596961
atac_E18_5-S1#TTACCGAGAATTAAGA-1,2.1483676,-0.91535807,-0.33969122,-1.2756107,0.5575852,-0.5411577,0.45857748,-1.0146258,-0.9375509,1.859464
atac_E18_5-S1#TTACCGAGACCGCCAA-1,-0.44653285,-0.4077441,-0.431317,-0.64572805,-0.52347904,-0.22413217,-0.095838234,3.5791657,-0.13525862,-0.6691356
atac_E18_5-S1#TTACCGAGACGGAGGC-1,0.013253875,-0.5526271,-0.58854324,-0.37103492,1.1796802,-0.71685845,-1.0815525,1.303256,-0.7959233,1.6103495
atac_E18_5-S1#TTACCGAGACTATGCA-1,2.4410343,-0.7788267,-1.0466219,0.8493348,1.1906056,-0.35736236,-0.8803956,-0.89414585,-0.77419305,0.25057077
atac_E18_5-S1#TTACCGAGACTCAATA-1,-1.1453453,0.1855922,-0.21511243,1.2958043,0.22317275,0.5936154,-0.555792,-0.25917947,-0.5878935,0.46513787
atac_E18_5-S1#TTACCGAGACTTAACC-1,-0.94196945,-0.92622477,2.7754915,-1.1366501,-0.6797572,-0.68867314,-0.8094379,3.3164122,-0.18866576,-0.7205255
atac_E18_5-S1#TTACCGAGAGAACGTC-1,-0.78652257,-0.45587358,-0.23730342,2.4897897,0.64886904,-0.15514253,-0.5924418,-0.42377448,-0.6251707,0.13757025
atac_E18_5-S1#TTACCGAGAGAGAAGG-1,-0.6015803,-0.5255953,0.20662108,-0.087906346,-0.6768854,0.9679477,0.14639023,0.47632498,-0.192224,0.28690737
atac_E18_5-S1#TTACCGAGAGAGCTAT-1,-0.918024,0.1987027,-0.22912183,2.1659634,0.8611831,-0.15357804,-0.40614522,-0.6124266,-0.61095953,-0.29559404
atac_E18_5-S1#TTACCGAGATAAGGAG-1,-0.5879044,-0.43988696,-0.36515298,-0.5860239,-0.63106924,0.5751077,-0.056359287,2.5248044,0.23301496,-0.6665302
atac_E18_5-S1#TTACCGAGATCATATT-1,2.6478024,-0.78851163,-0.86977565,0.28160718,1.6863902,-0.7214675,-0.9377814,-1.0310637,-0.8434201,0.5762204
atac_E18_5-S1#TTACCGAGCAACCGCT-1,-1.062386,-0.02872853,-0.53584,0.95549953,-0.31121168,1.0680289,-0.8937173,1.2248958,-0.25475466,-0.16178598
atac_E18_5-S1#TTACCGAGCATACTCC-1,-0.42733157,-0.5828164,0.31374133,0.19493121,-0.57785916,0.9903782,-0.31558055,0.6514966,-0.3432767,0.09631694
atac_E18_5-S1#TTACCGAGCCAGTTCC-1,-0.44088924,-0.7600977,0.106948495,-0.7516995,-0.54039276,-0.43792108,1.1712046,3.5729785,-0.9828152,-0.9373162
atac_E18_5-S1#TTACCGAGCCGAGAAT-1,-1.0794526,0.05172932,-0.054711442,1.8745338,0.89704657,-0.39175248,-0.2914123,-0.19352026,-0.5890045,-0.223456
atac_E18_5-S1#TTACCGAGCCGATTCC-1,-0.7428834,-0.42117724,-0.15318845,-0.77716964,-0.48489627,0.60692626,0.15437748,2.160668,0.29724246,-0.6398993
atac_E18_5-S1#TTACCGAGCGAACGCC-1,-0.5875401,-0.44910076,-0.1456019,-0.6574971,-0.567612,0.59332335,0.13521062,2.2298348,0.11751035,-0.66852725
atac_E18_5-S1#TTACCGAGCGACGCGA-1,2.3323178,-0.6143762,-0.61130583,1.5715376,-1.2226952,-0.71206963,1.1124401,0.06979053,-0.6533036,-1.2723356
atac_E18_5-S1#TTACCGAGCTAAGAGA-1,-1.0172081,0.0970364,6.309897e-05,1.8827257,0.6259009,-0.14564303,-0.42411312,-0.2525124,-0.58954483,-0.17670462
atac_E18_5-S1#TTACCGAGCTGATGGT-1,-1.0223604,0.19929665,0.29629764,1.7039318,1.0398113,-0.54418457,-0.19366974,-0.7096513,-0.6624423,-0.107029036
atac_E18_5-S1#TTACCGAGCTTGCGCC-1,-1.2378387,0.01747026,-0.27971447,2.034327,1.0350127,-0.4090238,-0.37081465,0.09760441,-0.61515987,-0.2718629
atac_E18_5-S1#TTACCGAGGAAGATCG-1,2.578159,-0.68780565,-1.0652105,2.7561119,-1.459318,-0.37392655,-0.49619505,-0.24131998,-0.4785224,-0.5319729
atac_E18_5-S1#TTACCGAGGACCTTGA-1,-1.1447593,-0.23215397,-0.056277238,1.7413225,0.030029736,-0.27197373,-0.686486,0.23842505,-0.6554669,1.0373399
atac_E18_5-S1#TTACCGAGGATACGGA-1,2.0230498,-0.85807604,-0.7825422,1.4974765,-1.6010559,-0.31111208,2.4900916,-0.64558643,-0.67166525,-1.1405799
atac_E18_5-S1#TTACCGAGGATCTTAC-1,-1.0517641,0.3256333,0.22070564,1.7359195,0.981852,-0.58491164,-0.30502963,-0.3313951,-0.636788,-0.35422182
atac_E18_5-S1#TTACCGAGGCAGGTCC-1,-0.38640717,-0.68816924,0.18744147,1.6383146,-0.9564061,0.8727776,-1.0204034,0.44100556,-0.574162,0.48600867
atac_E18_5-S1#TTACCGAGGCCATTCT-1,-1.1403385,0.32801133,-0.1266639,1.7905548,0.43272138,0.32771978,-0.43232647,-0.33270422,-0.6404015,-0.20657253
atac_E18_5-S1#TTACCGAGGCCGCAAC-1,-1.152278,0.047431625,-0.28638223,1.7274839,1.2559456,-0.38418853,-0.23279573,0.105526514,-0.5272863,-0.5534566
atac_E18_5-S1#TTACCGAGGCGTTGGA-1,-1.0846746,0.004274818,-0.08242671,1.702506,0.88872963,-0.21849814,-0.3206359,-0.26649523,-0.54782826,-0.07495168
atac_E18_5-S1#TTACCGAGGCTAACTT-1,-0.40836006,-0.55589,0.095258474,-0.11757086,-0.5154951,0.9367795,-0.12864642,0.86298424,-0.27211505,0.10305555
atac_E18_5-S1#TTACCGAGGGCTGAGC-1,-0.71442235,-0.46463585,0.0012989044,-0.51289374,-0.6369842,1.1332558,0.055965774,1.4839988,0.053541675,-0.39912474
atac_E18_5-S1#TTACCGAGGGTACTGC-1,-0.8572736,-0.013306096,0.03887081,2.151905,0.7113924,-0.41028756,-0.41216806,-0.30011183,-0.6391496,-0.26987135
atac_E18_5-S1#TTACCGAGTAGAATTA-1,-1.1076314,0.025456883,-0.20975856,2.0379453,0.9824608,-0.3971557,-0.34389883,0.025469273,-0.6213498,-0.39153785
atac_E18_5-S1#TTACCGAGTAGAGTAA-1,-1.0525831,-0.6123806,-0.2865251,1.8185339,-0.97571313,0.84924674,-1.1323712,0.3316723,-0.38639462,1.446515
atac_E18_5-S1#TTACCGAGTAGATCTA-1,2.4154654,-1.168204,-0.66018647,-1.7175168,1.9483396,-0.9184993,-1.156387,-0.50185555,-1.0240939,2.7829382
atac_E18_5-S1#TTACCGAGTCCGGCCT-1,-0.9156654,-0.43544304,-1.1200331,-0.38974947,-0.90684575,1.4100024,-0.6600305,2.0474634,1.7942936,-0.82399195
atac_E18_5-S1#TTACCGAGTCCTACCA-1,-1.2559447,0.10975046,0.29303575,1.5606029,0.68357503,-0.53272265,-0.33719084,-0.14250301,-0.59720296,0.21860014
atac_E18_5-S1#TTACCGAGTCGGCCTT-1,-0.47600824,-0.6128725,-0.44985265,1.2724041,-0.43473765,0.39481333,-0.4202722,0.19346446,-0.46418476,0.997246
atac_E18_5-S1#TTACCGAGTCTGATAC-1,2.1993814,-0.8534238,-0.70193696,1.885234,-1.489147,-0.7865999,1.9963355,-0.3242575,-0.7271364,-1.1984496
atac_E18_5-S1#TTACCGAGTGAGTCTG-1,0.34623918,-0.60547405,-0.94420666,2.0468967,2.2993054,-0.6909452,-0.6826074,-0.38417336,-0.6028718,-0.78216267
atac_E18_5-S1#TTACCGAGTGCCGGCA-1,2.14775,-1.2431474,-0.49452657,-1.5974219,2.2222643,-1.1506912,-1.0764651,-0.09196743,-1.2473683,2.5315738
atac_E18_5-S1#TTACCGAGTGCGGACC-1,1.1146464,-1.0637665,-1.0032349,1.335232,2.3077693,-0.8746215,-0.9494293,-0.32371277,-0.75747013,0.2145873
atac_E18_5-S1#TTACCGAGTGGTCAGC-1,2.540832,-0.7771223,-1.0033166,0.8176035,1.528464,-0.4556019,-1.0300545,-1.0428697,-0.7493981,0.1714637
atac_E18_5-S1#TTACCGAGTTACCGAG-1,2.5234032,-0.72362334,-0.36551893,-1.635028,2.4082234,-1.1296306,-0.8214826,-1.0133166,-1.2377598,1.9947335
atac_E18_5-S1#TTACCGAGTTATCCGG-1,2.0825946,-0.9273882,-0.6290514,1.5046953,-1.5790092,-0.32366756,2.2396927,-0.75629205,-0.7061895,-0.9053846
atac_E18_5-S1#TTACCGAGTTATTCAT-1,1.6833037,-0.85103506,-0.7098059,-1.2994323,0.9744535,0.25124273,0.19411606,-0.7253799,-1.0265222,1.5090592
atac_E18_5-S1#TTACCGAGTTGACTTC-1,-1.1724977,0.47018588,0.1266927,1.6714311,0.59169126,-0.35658196,-0.3116017,-0.20401745,-0.5963395,-0.2189625
atac_E18_5-S1#TTATCCGGAATTAAGA-1,2.3986511,-0.9686195,-0.875002,1.8479836,-1.5178332,-0.58283323,2.4876127,-0.6056457,-0.7380992,-1.4462147
atac_E18_5-S1#TTATCCGGACCGCCAA-1,0.25302348,-0.4675281,-0.57478863,-0.2377563,-0.63876706,-0.67138964,0.12440747,3.7587895,-0.8498287,-0.6961621
atac_E18_5-S1#TTATCCGGACGGAGGC-1,1.7013488,-0.9608621,-0.15637012,1.511252,-1.6892476,-0.63548857,1.685206,-0.014275798,-0.8326858,-0.6088768
atac_E18_5-S1#TTATCCGGACTATGCA-1,-1.0359154,-0.049262233,-0.82164407,-0.08203904,-0.42571005,1.4728129,-1.1783067,1.2555346,0.37272868,0.49180135
atac_E18_5-S1#TTATCCGGACTCAATA-1,0.28254637,-0.4734404,-0.77538645,1.4199736,1.2899663,-0.19563754,-0.82366323,-0.272429,-0.6192957,0.16736609
atac_E18_5-S1#TTATCCGGACTTAACC-1,-0.7302171,-0.50879115,-0.20844665,-0.6178524,-0.47408926,1.0830559,-0.5245376,2.3095257,0.30886188,-0.63750935
atac_E18_5-S1#TTATCCGGAGAACGTC-1,1.0427743,-0.8808026,-0.51105314,1.4983279,-1.2765232,0.7386339,-0.18181808,0.4285597,-0.6154457,-0.24265303
atac_E18_5-S1#TTATCCGGAGAGCTAT-1,-1.1579163,0.29890278,-0.001680471,1.6425894,0.020804487,0.7215156,-0.56398845,-0.22075307,-0.5231183,-0.21635568
atac_E18_5-S1#TTATCCGGATAAGGAG-1,-0.5722375,-0.5293625,0.15130621,-0.31440622,-0.60856724,0.78481156,0.32131258,0.8443892,-0.0432754,-0.03397058
atac_E18_5-S1#TTATCCGGATCATATT-1,2.07576,-0.78132975,-0.571517,1.6567245,-1.2479737,-0.80035174,1.041899,0.08652095,-0.6493263,-0.81040585
atac_E18_5-S1#TTATCCGGCAACCGCT-1,-1.1436092,-0.31233972,-0.096934706,0.08305702,-0.896865,1.663094,-0.6146869,1.5263498,0.40592572,-0.6139912
atac_E18_5-S1#TTATCCGGCCAGTTCC-1,-0.5148422,-0.5816208,0.9235309,-0.596903,-0.6720724,-0.59760404,-0.30957323,3.4272048,-0.4083901,-0.6697298
atac_E18_5-S1#TTATCCGGCCGAGAAT-1,2.081565,-0.60288167,-1.0557046,1.2420627,0.21564756,-0.07143344,-0.17808598,-0.10889822,-0.59378177,-0.9284895
atac_E18_5-S1#TTATCCGGCCGATTCC-1,0.20038164,-0.717728,-0.8425524,-0.597771,-0.6622374,-0.3520286,1.4532739,3.6991239,-1.0241344,-1.1563276
atac_E18_5-S1#TTATCCGGCGAACGCC-1,-0.73520786,-0.47397774,-0.085250646,-0.5663703,-0.6210799,1.1219583,0.031992238,1.7070315,0.17171143,-0.5508071
atac_E18_5-S1#TTATCCGGCGACGCGA-1,0.21790603,-0.80803466,-0.14526565,-0.08088605,-0.37506738,0.88413,0.20401406,0.17648861,-0.43297648,0.3596916
atac_E18_5-S1#TTATCCGGCTAAGAGA-1,-1.1020161,0.03544317,0.20032525,1.3391179,0.112325884,0.047078423,-0.5380517,-0.11855664,-0.602211,0.6265447
atac_E18_5-S1#TTATCCGGCTGATGGT-1,1.3482628,-0.43810695,-0.7866127,0.13758549,0.060952686,0.3637984,0.09885988,0.25259024,-0.5148136,-0.5225163
atac_E18_5-S1#TTATCCGGCTTGCGCC-1,1.6052727,-1.0687822,-0.6761488,1.6737651,-1.7474687,0.112640284,1.5890838,0.22565901,-0.7673625,-0.9466588
atac_E18_5-S1#TTATCCGGGACCTTGA-1,-0.6222726,-0.55981964,-0.27056476,0.50290525,-0.026785038,0.41359925,-0.94106054,0.13007207,-0.49648386,1.8704101
atac_E18_5-S1#TTATCCGGGATACGGA-1,-0.832887,2.3876686,-1.4303327,-0.6611115,-0.8618613,0.33336934,-0.6457477,2.003153,0.43981493,-0.7320659
atac_E18_5-S1#TTATCCGGGATCTTAC-1,1.2066627,-0.80063087,-0.68778074,0.17901443,0.5580047,0.8489917,-0.3571608,0.05807863,-0.86808443,-0.13709517
atac_E18_5-S1#TTATCCGGGCAGGTCC-1,-0.24155657,-0.7622995,-0.29551673,0.657287,-0.8660364,1.5679166,-0.15843903,0.27139103,-0.6561823,0.48343596
atac_E18_5-S1#TTATCCGGGCCATTCT-1,-1.0708841,-0.14374852,-0.08238714,1.7812078,0.6229533,0.15840226,-0.4727471,-0.140817,-0.5398156,-0.112163864
atac_E18_5-S1#TTATCCGGGCCGCAAC-1,1.6663947,-0.67001355,-0.69713587,0.6165753,0.96244586,-0.57380414,-0.412942,-0.58220804,-0.77548045,0.4661681
atac_E18_5-S1#TTATCCGGGCGTTGGA-1,2.0351856,-0.89949167,-1.0392454,0.9991133,2.0303428,-0.53257155,-1.124463,-0.4890207,-0.6321936,-0.3476557
atac_E18_5-S1#TTATCCGGGGCTGAGC-1,-0.46529546,-0.27212465,-0.5590099,-0.34544885,-0.57338,0.25204778,-0.4606801,2.8449888,0.09099982,-0.5120974
atac_E18_5-S1#TTATCCGGGGTACTGC-1,1.4173543,-0.51460874,-0.78410304,1.2087543,-0.36303848,-0.6452529,0.47719413,0.5147687,-0.7374691,-0.5735993
atac_E18_5-S1#TTATCCGGTAGAATTA-1,2.4793482,-0.7899949,-1.099968,1.8285416,1.6010815,-0.816725,-1.1352628,-0.79537874,-0.6891776,-0.5824641
atac_E18_5-S1#TTATCCGGTAGAGTAA-1,-0.30100265,-0.5882821,0.045929946,1.662234,-0.48912278,0.008656882,-0.9059545,0.78096825,-0.6351512,0.42172423
atac_E18_5-S1#TTATCCGGTAGATCTA-1,2.216788,-1.0013856,-0.723069,1.6740865,-1.49469,-0.59462875,1.9248464,-0.24517494,-0.7708626,-0.9859101
atac_E18_5-S1#TTATCCGGTCCTACCA-1,2.071088,-0.8764214,-0.9312729,1.3691975,2.02567,-0.6598622,-1.1034802,-0.78053534,-0.7937629,-0.32062063
atac_E18_5-S1#TTATCCGGTCGGCCTT-1,1.129343,-0.32407296,-1.0690533,1.5227184,-1.0498866,-0.14954624,0.36041573,0.28474665,-0.30726182,-0.39740303
atac_E18_5-S1#TTATCCGGTCTGATAC-1,0.7922992,-0.7227935,-0.081862696,1.084485,-0.53448284,0.67614603,-0.5610341,-0.040042914,-0.7742413,0.16152698
atac_E18_5-S1#TTATCCGGTGAGTCTG-1,1.595318,-0.35881886,-0.8930766,1.0591393,-0.12557104,-0.62060606,0.29446545,0.38837263,-0.64868134,-0.6905414
atac_E18_5-S1#TTATCCGGTGCCGGCA-1,1.6971222,-0.6663905,-0.6217503,1.7678189,-1.4102356,-0.7683118,1.0732731,0.33331025,-0.59216046,-0.8126758
atac_E18_5-S1#TTATCCGGTGCGGACC-1,2.050501,-0.8037767,0.066984534,1.612786,-1.2687297,-1.0634584,1.2067102,-0.15207061,-0.8833298,-0.7656169
atac_E18_5-S1#TTATCCGGTGGTCAGC-1,0.7053386,-0.40529236,-0.73059374,1.3979269,-0.42318368,-0.038322695,0.15792668,0.8121764,-0.6001564,-0.8758197
atac_E18_5-S1#TTATCCGGTTACCGAG-1,2.2713635,-0.8885418,-0.49444684,2.2256675,-1.4118115,-1.0954227,0.8564662,0.02785341,-0.75049186,-0.74063563
atac_E18_5-S1#TTATCCGGTTATCCGG-1,0.85107744,-0.07466632,-1.0463389,0.49690157,-0.5953069,0.5180739,-0.26513687,0.6797232,-0.117921166,-0.44640604
atac_E18_5-S1#TTATCCGGTTATTCAT-1,2.2763042,-0.89256537,-0.49923924,1.9629309,-1.6723726,-0.81257826,1.8262677,-0.25292805,-0.8394723,-1.0963476
atac_E18_5-S1#TTATCCGGTTGACTTC-1,-1.1134353,0.15100619,-0.25548643,2.4848897,1.4765471,-0.6265447,-0.26159745,-0.9194717,-0.71707976,-0.21882772
atac_E18_5-S1#TTATTCATAAGAAGCT-1,2.6830103,-0.7794007,-1.0503815,2.7253911,-1.5002115,-0.8389211,0.3241461,-0.29048663,-0.60342735,-0.6697189
atac_E18_5-S1#TTATTCATAATTAAGA-1,0.46517318,-0.4724268,0.19627747,-0.35930312,0.07562961,0.22777799,0.55221677,-0.0086496435,-0.84720445,0.17050901
atac_E18_5-S1#TTATTCATACCGCCAA-1,-0.85117465,-0.53318876,-0.5978422,-0.31238127,-0.27871144,0.22854741,-0.92092276,2.2681317,0.83441424,0.16312768
atac_E18_5-S1#TTATTCATACGGAGGC-1,1.8415674,-0.68398374,-0.57453305,0.347126,-0.3318784,-0.41822478,0.83499086,-1.1761297,-0.7328705,0.89393586
atac_E18_5-S1#TTATTCATACTATGCA-1,3.3176413,-1.4006597,-0.956495,-1.622397,3.4139204,-1.562305,-1.5227385,-1.1567799,-1.4472343,2.937048
atac_E18_5-S1#TTATTCATACTCAATA-1,-1.2387139,0.20921753,-0.5632456,1.6288643,0.34656712,0.59352696,-0.7513629,0.7931186,-0.48590657,-0.5320657
atac_E18_5-S1#TTATTCATACTTAACC-1,-0.90974027,-0.5810723,1.382971,-0.6323945,-0.80256426,-0.604626,-0.38101485,3.614712,-0.40410966,-0.6821615
atac_E18_5-S1#TTATTCATAGAACGTC-1,-0.932833,-0.34265414,-0.5898161,3.0226748,1.4321347,-0.32034588,-0.3939996,-0.63384426,-0.5796563,-0.6616603
atac_E18_5-S1#TTATTCATAGAGAAGG-1,-1.0348592,-0.00918586,-0.62696433,-0.43743843,-0.7322096,1.382484,-0.1718111,1.3020136,0.9842897,-0.6563187
atac_E18_5-S1#TTATTCATAGAGCTAT-1,-1.2670002,0.07178497,-0.34673572,2.105576,0.9230777,0.06877576,-0.21190523,-0.51094145,-0.46752346,-0.3651086
atac_E18_5-S1#TTATTCATATAAGGAG-1,-0.39107013,-0.24864069,-0.5231205,-0.1212685,-0.53310394,0.51928765,-0.5371456,2.166773,0.101656064,-0.43336746
atac_E18_5-S1#TTATTCATATCATATT-1,1.828966,-0.5590238,-0.6035519,0.581822,0.03559104,-0.6297176,0.3197619,-0.9963624,-0.5807582,0.6032729
atac_E18_5-S1#TTATTCATCAACCGCT-1,-0.93342865,0.47687772,-0.9035903,1.6118971,-0.36812395,0.3003831,-0.9395338,1.7314471,-0.19850276,-0.7774254
atac_E18_5-S1#TTATTCATCATACTCC-1,-0.32656074,-0.28566363,-0.3733968,0.26726797,-0.3642743,0.9076284,-0.40746868,1.0080507,-0.1464605,-0.27912247
atac_E18_5-S1#TTATTCATCCAGTTCC-1,-0.6554752,-0.43310666,-0.8932632,-0.29421496,-0.67224705,-0.17158875,-0.487434,3.4992912,0.3254878,-0.21744914
atac_E18_5-S1#TTATTCATCCGAGAAT-1,-1.400089,-0.19738637,-0.1595938,2.479526,2.003728,-0.6019169,-0.20847455,-0.816598,-0.5823266,-0.51686877
atac_E18_5-S1#TTATTCATCCGATTCC-1,-0.46732783,-0.2427315,-0.47153252,-0.4481603,-0.28288168,0.5006601,-0.38478875,2.270846,0.041594077,-0.51567733
atac_E18_5-S1#TTATTCATCGAACGCC-1,-0.36993086,-0.28143963,-0.40470177,-0.30210373,-0.40998304,0.6436179,-0.3150308,1.7581887,0.14506283,-0.46367976
atac_E18_5-S1#TTATTCATCGACGCGA-1,3.0201554,-1.0001962,-1.1062412,0.73149335,2.3242095,-0.7992158,-1.4589332,-1.1950169,-0.871106,0.35485104
atac_E18_5-S1#TTATTCATCTAAGAGA-1,-1.245493,0.28865668,-0.070521705,1.9074576,0.7024673,0.024252836,-0.40562186,-0.052385505,-0.48776764,-0.6610448
atac_E18_5-S1#TTATTCATCTGATGGT-1,-1.1693381,-0.07130368,-0.34720737,2.5351894,1.8480078,-0.67057025,-0.20053914,-0.9420333,-0.69752634,-0.28467909
atac_E18_5-S1#TTATTCATCTTGCGCC-1,-0.911786,-0.19169572,-0.80980515,2.7235188,1.3423203,-0.3999488,-0.2711554,-0.23533657,-0.50049853,-0.74561304
atac_E18_5-S1#TTATTCATGAAGATCG-1,2.1907988,-1.0683075,-0.8880395,1.9342388,-1.7539641,-0.21828566,1.7908912,-0.40696546,-0.7082609,-0.8721056
atac_E18_5-S1#TTATTCATGACCTTGA-1,-0.89895725,-0.092242055,-0.33500442,2.3947833,0.6306904,-0.30964473,-0.36515117,-0.2787611,-0.5780704,-0.16764256
atac_E18_5-S1#TTATTCATGATACGGA-1,3.0247438,-0.72656286,-1.0691082,1.9052614,1.3801423,-0.90244925,-1.3603793,-0.9152739,-0.5931489,-0.743225
atac_E18_5-S1#TTATTCATGATCTTAC-1,-1.1757845,0.103567295,-0.08718642,2.5608494,1.5077696,-0.59261894,-0.2842675,-0.9416879,-0.5989711,-0.49167004
atac_E18_5-S1#TTATTCATGCAGGTCC-1,-0.81925005,-0.55301714,0.05395607,2.0942285,0.05771912,-0.06627887,-0.7629104,0.3083314,-0.5065707,0.19379205
atac_E18_5-S1#TTATTCATGCCATTCT-1,-1.1766014,0.049832657,0.08250898,2.202243,1.0622609,0.005412085,-0.30890134,-0.7695028,-0.5675378,-0.57971454
atac_E18_5-S1#TTATTCATGCCGCAAC-1,1.0660422,-1.0277458,-1.3841134,2.940878,3.1745372,-1.0395831,-1.107734,-0.7689439,-0.7949855,-1.0583512
atac_E18_5-S1#TTATTCATGCGTTGGA-1,-1.0854901,0.07830313,-0.23572738,2.118736,0.5140291,0.38148594,-0.56231076,-0.112522975,-0.47870997,-0.6177931
atac_E18_5-S1#TTATTCATGCTAACTT-1,0.0035062954,-0.3842728,-0.25904053,0.20754343,-0.20657335,0.77309847,-0.5155822,0.9792417,-0.20923255,-0.38868862
atac_E18_5-S1#TTATTCATGGCTGAGC-1,-0.47615743,-0.23606591,-0.39487994,-0.24361672,-0.42704594,0.5915762,-0.31837803,1.9043494,0.09207867,-0.4918604
atac_E18_5-S1#TTATTCATGGTACTGC-1,-0.968605,0.09398031,-0.49422878,2.1719246,1.0856588,-0.30311665,-0.28751528,-0.2823202,-0.5651516,-0.45062622
atac_E18_5-S1#TTATTCATGGTATGCT-1,-0.115012676,-0.43391353,-0.17601074,0.33905798,-0.42681485,0.7925677,-0.52777,0.8814207,-0.39683825,0.0633137
atac_E18_5-S1#TTATTCATTAGAATTA-1,-0.9711343,0.012729427,-0.033844844,2.0122356,0.6613472,-0.14026852,-0.3918785,-0.2534198,-0.54708576,-0.34868044
atac_E18_5-S1#TTATTCATTAGAGTAA-1,-1.053162,-0.39681658,-0.22014286,2.0674083,0.61626846,-0.5499396,-0.5502238,-0.194643,-0.5691575,0.8504085
atac_E18_5-S1#TTATTCATTAGATCTA-1,0.91089255,-0.5811885,0.114164285,1.0302912,-0.83330894,-0.64580774,1.0462011,-0.4541872,-0.8952749,0.30821812
atac_E18_5-S1#TTATTCATTCCGGCCT-1,1.1573807,-0.7630064,-0.6670454,1.8968363,-0.4952048,0.67558974,-1.2173016,0.629098,-0.6761673,-0.54017925
atac_E18_5-S1#TTATTCATTCCTACCA-1,-1.1660659,0.036049113,-0.017960206,1.666257,0.4544537,-0.22181053,-0.4552053,0.38354725,-0.49416703,-0.18509817
atac_E18_5-S1#TTATTCATTCGGCCTT-1,-0.8894093,-0.27706638,-0.8378207,2.9527874,1.0883137,-0.49703294,-0.39132968,-0.4139186,-0.51282525,-0.22169812
atac_E18_5-S1#TTATTCATTCTGATAC-1,2.5144181,-0.9346674,-0.45054337,1.9329314,-1.6903362,-0.9070459,2.0506375,-0.5886162,-0.8251372,-1.1016408
atac_E18_5-S1#TTATTCATTGAGTCTG-1,1.1475134,-1.2915623,-1.1626657,1.3757341,2.5349483,-1.2155862,-1.3004639,-0.13539596,-0.91126335,0.9587417
atac_E18_5-S1#TTATTCATTGCCGGCA-1,1.4744787,-0.7500248,-0.08836755,1.6591763,-1.0691018,-0.7360924,1.1326559,-1.1092786,-0.720973,0.20752735
atac_E18_5-S1#TTATTCATTGCGGACC-1,1.8569672,-1.0975869,-0.30775803,-2.205438,1.8065308,-1.0208837,-0.5886601,-0.04324974,-1.1273445,2.727423
atac_E18_5-S1#TTATTCATTGGTCAGC-1,3.05595,-1.3502902,-0.8442055,-1.4934626,2.8588147,-1.1820371,-1.3795298,-1.4534495,-1.2565663,3.0447764
atac_E18_5-S1#TTATTCATTTACCGAG-1,1.8263428,-0.7360161,0.045171045,1.3927076,-0.6120609,-1.0756669,1.113569,-1.3633115,-0.88143915,0.29070395
atac_E18_5-S1#TTATTCATTTATCCGG-1,2.2739086,-0.35619888,-1.1309469,1.2735853,-0.49369955,-0.42531547,-0.12979382,0.5365597,-0.41872168,-1.1293776
atac_E18_5-S1#TTATTCATTTATTCAT-1,0.7412007,-0.025920082,-0.16966741,0.60855865,0.30279744,-0.41321298,0.63345724,0.09190577,-1.0175695,-0.7515496
atac_E18_5-S1#TTATTCATTTGACTTC-1,-1.0314417,0.36757028,-0.2634905,2.3139088,1.1683093,-0.27520418,-0.23392855,-1.034728,-0.57157725,-0.4394181
atac_E18_5-S1#TTGACTTCAACCTGCG-1,-0.88671505,0.104086235,0.12140062,0.6854504,-0.13439366,1.0555891,-0.112520896,0.28619006,-0.7568208,-0.36226594
atac_E18_5-S1#TTGACTTCAAGAAGCT-1,0.15509164,-0.6055762,-0.26908034,0.57433355,-0.79948777,0.9918623,0.16481635,0.23044828,-0.3592133,-0.08319455
atac_E18_5-S1#TTGACTTCAATTAAGA-1,-0.20887944,-0.62656766,0.70150787,-0.10964057,-0.37873426,0.27690834,0.313992,0.25185835,-0.63881654,0.4183719
atac_E18_5-S1#TTGACTTCACGGAGGC-1,0.3187318,-0.59938276,0.2433057,0.07551229,-0.1347582,0.3042479,0.14357474,-0.15929379,-0.49244708,0.30050942
atac_E18_5-S1#TTGACTTCACTATGCA-1,-0.33628744,-0.7394512,-0.034217633,1.4626646,-0.8029604,0.7122467,-0.66660523,-0.48398367,-0.42399004,1.3125842
atac_E18_5-S1#TTGACTTCACTCAATA-1,-0.72642815,0.11483234,-0.59488106,-0.32414937,-0.48923868,1.3022692,-0.30537558,1.3588969,0.2542176,-0.5901431
atac_E18_5-S1#TTGACTTCACTTAACC-1,-1.9458768,-0.6524091,-0.6150161,-1.0983548,1.376658,-1.2760761,-1.3037727,2.9450386,0.17896804,2.3908412
atac_E18_5-S1#TTGACTTCAGAACGTC-1,-0.93937725,0.1321424,-0.4021737,-0.30820107,-0.839482,1.2781206,0.15934043,1.1486986,0.281837,-0.5109049
atac_E18_5-S1#TTGACTTCAGAGAAGG-1,-1.374351,-0.34899506,-0.15227228,0.9492923,-1.2946874,1.727737,-0.039846882,0.2196993,-0.28907555,0.6024996
atac_E18_5-S1#TTGACTTCAGAGCTAT-1,-1.0631357,-0.17691264,0.03915804,-0.5096332,-0.54712796,1.1030468,0.85603625,0.5479083,0.0018730201,-0.2512127
atac_E18_5-S1#TTGACTTCATCATATT-1,-0.2862419,-0.6813315,0.3423444,-0.044269376,-0.99337494,0.7057848,0.69706225,-0.14492795,-0.1423042,0.5472584
atac_E18_5-S1#TTGACTTCCAACCGCT-1,-1.8082105,-0.6652847,-0.44060946,-0.6263811,0.956096,-0.101749875,-1.0051802,2.2240472,-0.15008393,1.6173564
atac_E18_5-S1#TTGACTTCCATACTCC-1,-0.74472636,-0.3946662,-0.21214545,0.28119105,-0.40636778,1.5092576,-0.33311418,0.11984207,-0.43867928,0.61940867
atac_E18_5-S1#TTGACTTCCCAGTTCC-1,-0.785666,-0.35148916,0.09817874,-1.0779576,-0.56211466,0.00925649,1.206161,1.9502484,0.19754452,-0.6841617
atac_E18_5-S1#TTGACTTCCCGAGAAT-1,0.14127421,-0.5647162,0.2054502,0.7046303,-0.21478178,0.48144716,-0.51259106,0.22025898,-0.55838287,0.09741113
atac_E18_5-S1#TTGACTTCCGACGCGA-1,-0.33441505,-0.7671003,0.36025152,0.4892408,-0.4424393,0.6144349,-0.2651574,-0.03494316,-0.71302235,1.0931501
atac_E18_5-S1#TTGACTTCCTAAGAGA-1,-0.76542264,0.31581843,-0.25936475,-0.61879915,-0.08233339,0.97193,0.10729825,1.1096269,-0.23124552,-0.5475081
atac_E18_5-S1#TTGACTTCCTGATGGT-1,0.23239793,-0.6993241,-0.19458751,0.65751547,0.48396263,0.5544304,-0.8105463,-0.46125373,-0.6741814,0.9115866
atac_E18_5-S1#TTGACTTCCTTGCGCC-1,-0.8327938,-0.12158508,-0.21546134,-0.9623944,-0.5129379,0.89284045,1.1343737,0.90957355,0.27192724,-0.5635423
atac_E18_5-S1#TTGACTTCGAAGATCG-1,0.21453622,-0.58139855,-0.34576043,-0.021002956,-0.42517415,0.8866341,0.68338096,0.19296634,-0.33011895,-0.2740626
atac_E18_5-S1#TTGACTTCGACCTTGA-1,-1.903509,-0.7945003,-0.7394567,-1.0834183,2.0628395,-1.5280561,-1.4376341,2.8877664,-0.23464091,2.7706094
atac_E18_5-S1#TTGACTTCGATACGGA-1,0.023703545,-0.5214609,-0.28736588,-0.6993446,-0.22589964,1.0395526,0.77149785,0.30414644,-0.24191564,-0.16291365
atac_E18_5-S1#TTGACTTCGATCTTAC-1,-0.26715755,-0.35866982,-0.2984138,0.5985451,-0.30637515,0.87257314,-0.48952246,0.7753024,-0.37971103,-0.14657077
atac_E18_5-S1#TTGACTTCGCAGGTCC-1,-0.94980764,-0.2143884,0.39737692,-1.0571322,-0.7636298,0.05394748,1.9408411,0.5457144,0.6134422,-0.5663642
atac_E18_5-S1#TTGACTTCGCCATTCT-1,-0.8839637,-0.028562997,-0.57133967,-0.14510293,-0.6698206,1.7435611,0.125534,0.9670607,0.022522738,-0.55988866
atac_E18_5-S1#TTGACTTCGCCGCAAC-1,-0.079950586,-0.58711076,-0.339956,0.16899802,-0.40438926,1.2469399,-0.28000754,0.782967,-0.35583663,-0.15165398
atac_E18_5-S1#TTGACTTCGCGTTGGA-1,-0.28678975,-0.49507713,0.7128606,-0.10035491,-0.55093443,0.48316255,0.09258886,0.96330625,-0.36081925,-0.45794278
atac_E18_5-S1#TTGACTTCGCTAACTT-1,-1.022877,-0.3814667,0.08319017,1.1985391,-0.7004947,0.81996876,-0.36493832,-0.14263675,-0.551374,1.0620893
atac_E18_5-S1#TTGACTTCGGTACTGC-1,-0.5408488,-0.28092918,-0.28751463,0.074772574,-0.21965256,1.0559705,-0.095986255,1.0171034,-0.2563002,-0.46661487
atac_E18_5-S1#TTGACTTCGGTATGCT-1,-0.99854505,-0.47125816,0.40076986,-0.117176585,-1.0220401,0.89547026,1.170828,0.16357596,-0.16589089,0.14426664
atac_E18_5-S1#TTGACTTCTAGAATTA-1,-0.44261652,-0.46173567,0.1578724,0.9377407,-0.59958315,0.5321754,-0.61653304,0.7481248,-0.4174925,0.16204765
atac_E18_5-S1#TTGACTTCTAGAGTAA-1,-1.8886467,-0.545989,-0.42015135,-0.9498549,1.4729689,-1.1688334,-1.1766988,2.6007593,-0.0732889,2.149735
atac_E18_5-S1#TTGACTTCTAGATCTA-1,-0.6665589,-0.069058776,-0.3699267,-0.5895008,-0.60595065,0.9882101,0.52945507,0.08015181,0.15064383,0.5525348
atac_E18_5-S1#TTGACTTCTCCGGCCT-1,-0.8520883,-0.42329425,0.51732475,-0.38400513,-0.6574213,0.9871868,0.5079739,0.30594242,0.0067685694,-0.008387275
atac_E18_5-S1#TTGACTTCTCCTACCA-1,-0.6869246,0.13763395,-0.8422242,0.1401338,-0.2268389,1.3810674,-0.7472329,1.483518,-0.02659684,-0.6125358
atac_E18_5-S1#TTGACTTCTCGGCCTT-1,-0.7300075,-0.2833106,0.22499146,-0.68304926,-0.7328752,1.0109519,1.3037488,0.39633387,0.028513938,-0.5352974
atac_E18_5-S1#TTGACTTCTCTGATAC-1,0.24529913,-0.5961545,-0.10709134,-0.057351273,-0.6616626,0.8232848,0.79093874,0.57030755,-0.51520485,-0.4923659
atac_E18_5-S1#TTGACTTCTGAGTCTG-1,0.15088317,-0.74929345,-0.1121629,0.95188284,0.1562683,0.64146066,-0.70968825,-0.20452368,-0.724895,0.60006833
atac_E18_5-S1#TTGACTTCTGCCGGCA-1,-0.43977767,-0.5021599,0.4878894,-0.0105423285,-0.14909817,0.87258124,0.98817223,-0.6647753,-0.6685801,0.08629071
atac_E18_5-S1#TTGACTTCTGCGGACC-1,-0.576395,-0.45451793,0.63762,0.14403383,-0.39877558,0.25545338,0.43413046,-0.3230654,-0.65588355,0.93739986
atac_E18_5-S1#TTGACTTCTGGTCAGC-1,-0.81723,-0.3660858,0.45773998,1.2355745,-0.9708398,-0.1809108,0.1475137,-0.36607984,-0.53038436,1.3907024
atac_E18_5-S1#TTGACTTCTTACCGAG-1,0.036353666,-0.5063167,-0.18190527,-0.3524765,-0.073115826,1.1177833,0.64244443,-0.1058212,-0.5784874,0.0015415698
atac_E18_5-S1#TTGACTTCTTATCCGG-1,-0.573046,-0.4346345,0.29753903,-0.6234928,-0.340263,0.9930668,1.1423471,-0.30542195,-0.37558228,0.21948773
atac_E18_5-S1#TTGACTTCTTATTCAT-1,-0.66520524,-0.6403668,-0.28704092,0.9653091,-0.7217338,1.7279545,-0.17711887,-0.20503521,-0.7191498,0.72238696
atac_E18_5-S1#TTGACTTCTTGACTTC-1,0.15905753,0.33486968,-0.17670307,0.7269037,-0.36255872,-0.7727364,0.5408272,0.49266356,-0.6220387,-0.32028478
