,cluster
s1-AACACTTGGCAAGGAA-1,7
s1-AACAGGATTCATAGTT-1,3
s1-AACAGGTTATTGCACC-1,7
s1-AACAGGTTCACCGAAG-1,3
s1-AACAGTCAGGCTCCGC-1,10
s1-AACAGTCGTGTCGCGG-1,6
s1-AACATACTCATATGCG-1,10
s1-AACATAGTCTATCTAC-1,9
s1-AACATATTCTTGCGAA-1,6
s1-AACATCGCGTGACCAC-1,6
s1-AACATCTAATGACCGG-1,9
s1-AACATGACGCAGCGTG-1,4
s1-AACCAAGGTATCAGGC-1,9
s1-AACCAATCTGGTTGGC-1,4
s1-AACCACTAACATGATT-1,6
s1-AACCACTGCCATAGCC-1,7
s1-AACCAGAATCAGACGT-1,5
s1-AACCATGAATTGCCTT-1,6
s1-AACCGCCAGACTACTT-1,3
s1-AACCGTGCTTATGTTG-1,5
s1-AACCTAAGATACTGAG-1,4
s1-AACCTACAGAGGTAGT-1,7
s1-AACCTACTGTAACTCA-1,3
s1-AACCTGACAGTGCCGC-1,8
s1-AACCTTAGCGTCCGGT-1,4
s1-AACGAAGCGTGGAAGT-1,8
s1-AACGAATTGACCGGTT-1,7
s1-AACGAGCCTCTTCGGC-1,7
s1-AACGAGCTAATAACTA-1,10
s1-AACGGCACAGAATATT-1,1
s1-AACGGTAATCGACCTG-1,10
s1-AACTAACGAACTAGAT-1,6
s1-AACTAGCACTGTTCGA-1,3
s1-AACTAGCATCACGTAC-1,4
s1-AACTAGCCTAATAGCA-1,1
s1-AACTAGCCTTGCAATA-1,8
s1-AACTAGGCCTGACACC-1,7
s1-AACTATCGTCATAGTC-1,4
s1-AACTATCTAGCAGTAT-1,8
s1-AACTATGCTGCATTCG-1,6
s1-AACTATGTGCTTGTTA-1,9
s1-AACTATTCTGCGGCCT-1,7
s1-AACTCAACCTTGACCA-1,9
s1-AACTCAACTTGACAGC-1,5
s1-AACTCACCGAACTTAT-1,8
s1-AACTCACCTCGGTGTT-1,2
s1-AACTCACGGAGTACGT-1,4
s1-AACTCAGATCCATGCC-1,10
s1-AACTGCAACGTCCTGG-1,9
s1-AACTGCCTCGATAGGT-1,3
s1-AACTGCGAACCTTACC-1,8
s1-AACTGCGATCGACTAA-1,6
s1-AACTGCGGTCCGAAGC-1,10
s1-AACTGCTACCTCGATA-1,9
s1-AACTTCAAGGATAATC-1,5
s1-AACTTCAGATACTACC-1,9
s1-AACTTCAGCATGGCCG-1,6
s1-AACTTCATCTTCTGGT-1,3
s1-AACTTCGCTTAGTCAG-1,9
s1-AACTTGCAACTTGGAC-1,3
s1-AACTTGGTTAATACTA-1,1
s1-AACTTGGTTACATAAC-1,2
s1-AAGAATTCTGGCTGCA-1,4
s1-AAGACAATCTCCTGCA-1,7
s1-AAGACTAAGGAGATCC-1,4
s1-AAGACTCAAGGCTCCA-1,8
s1-AAGACTGTCATAGTGC-1,3
s1-AAGAGCAGATGTGCCA-1,3
s1-AAGATACAGGCGAACG-1,6
s1-AAGATAGGCTTGCTTA-1,4
s1-AAGATATTGGACGTCC-1,4
s1-AAGATCTGTAACTTGT-1,9
s1-AAGATGAAGGTCATCG-1,1
s1-AAGATGGCCGCTAGTT-1,6
s1-AAGATTAGGCTGTCTA-1,1
s1-AAGATTATCTAGCATA-1,2
s1-AAGCAGCGGACACGTG-1,7
s1-AAGCAGTATCAGAATC-1,3
s1-AAGCAGTGAGTGCGAC-1,9
s1-AAGCAGTGGCATCACT-1,5
s1-AAGCAGTGGCTCATCC-1,10
s1-AAGCAGTGTAGAATCT-1,3
s1-AAGCATCAAGCGTGAT-1,7
s1-AAGCATTGAGTGGTTG-1,2
s1-AAGCCACCATTCAAGA-1,9
s1-AAGCCACTATGTCTAA-1,10
s1-AAGCCAGATATCAGAA-1,6
s1-AAGCCAGATCCAACAT-1,4
s1-AAGCCAGGCCGACGTG-1,9
s1-AAGCCAGGCTGCTTGA-1,9
s1-AAGCCAGGTTACGAAC-1,5
s1-AAGCCATCCGTGCTAT-1,9
s1-AAGCCATCGCGATATG-1,8
s1-AAGCCATTATCGAAGG-1,4
s1-AAGCCATTATCTGCCA-1,4
s1-AAGCGAGGAAGTGAAC-1,10
s1-AAGCGTTCGTCTGTCC-1,8
s1-AAGGACATAACCGCAC-1,6
s1-AAGGACCAACATGGCT-1,10
s1-AAGGAGGCACTCAATT-1,8
s1-AAGGCAGTCTGATCAC-1,3
s1-AAGGCATGAACAGCTC-1,8
s1-AAGGCCAATTCAATAA-1,9
s1-AAGGCCAGTCGCAATT-1,2
s1-AAGGCCGACCTACCTG-1,2
s1-AAGGCCGACTATGTAA-1,8
s1-AAGGCCGATTCTGAGC-1,4
s1-AAGGCCTCGCGAGGAA-1,4
s1-AAGGCGAACTAGTAGA-1,3
s1-AAGGCGACGGTGTCGG-1,5
s1-AAGGCGAGGTTCATGT-1,10
s1-AAGGCGCCGACAATCT-1,6
s1-AAGGTGATCCGTGACG-1,6
s1-AAGGTGCCGCTAAGGT-1,4
s1-AAGGTGGATATGATCG-1,9
s1-AAGGTTCATGCGGTGC-1,6
s1-AAGGTTGCAGAAGCAG-1,1
s1-AAGGTTGCTGAGTTGA-1,3
s1-AAGTACTAAGGTTACG-1,4
s1-AAGTACTACAGTAGAA-1,10
s1-AAGTACTGGATGCGCA-1,7
s1-AAGTATTGTAGGTCGC-1,1
s1-AAGTCGCTATCCTGTC-1,3
s1-AAGTCGGACACTTCAG-1,3
s1-AAGTCTACCGGTTGGA-1,8
s1-AAGTCTGTCAATTCTT-1,3
s1-AAGTCTTAAGTTGCCA-1,9
s1-AAGTGAGCCTGTTACA-1,4
s1-AAGTGGACGAATCTAC-1,8
s1-AAGTGGCGAAGTTAAT-1,9
s1-AAGTGGCGAGTGTACA-1,3
s1-AAGTGGTTCCTCGCGT-1,8
s1-AAGTTAAGCACTATAA-1,7
s1-AAGTTACTATTACATC-1,4
s1-AAGTTCCTATTGCTGG-1,7
s1-AATAACATGTGCTATG-1,3
s1-AATAACATGTTACGTC-1,7
s1-AATAACGTAACTGTGA-1,3
s1-AATAACGTATTGAACA-1,6
s1-AATAACTCTACGATGT-1,7
s1-AATAACTTCATACGGA-1,4
s1-AATACGAGAACACTCG-1,10
s1-AATACGGTACGGCCTA-1,8
s1-AATACGTAGACAGTTA-1,7
s1-AATACTAACCACTTAT-1,9
s1-AATAGATAGCCTAACC-1,7
s1-AATAGCACGGAAGCGA-1,6
s1-AATAGTATAGTTGTCG-1,7
s1-AATAGTCGTTATCTAG-1,4
s1-AATAGTGCTCATAGAA-1,9
s1-AATAGTGGAAGAGCAT-1,7
s1-AATAGTTGGTGCTCAG-1,9
s1-AATATTAGGCTTCTGG-1,2
s1-AATCCGACCACGGTCC-1,4
s1-AATCCGCCGACCTGAG-1,5
s1-AATCCGCCTGGTCAAT-1,7
s1-AATCCGGAGCTTGTCT-1,2
s1-AATCCTCGTCACAGGC-1,7
s1-AATCGAACGGACGGAG-1,9
s1-AATCGACTATCGCTAG-1,6
s1-AATCTTAGCCTCTGTC-1,9
s1-AATGAACTACGTCCAG-1,6
s1-AATGAAGACGGTTCAG-1,3
s1-AATGAAGAGGATGTAT-1,6
s1-AATGAATCGGAAGGCA-1,4
s1-AATGATCTTGACAGCG-1,4
s1-AATGATTACAACCTAA-1,9
s1-AATGCAATCACTGTCG-1,3
s1-AATGCCGACGAGCAAC-1,4
s1-AATGCGAACCTCGCGT-1,1
s1-AATGGACATCCTACTC-1,2
s1-AATGGAGGACCTGGTG-1,4
s1-AATGGCATAGTATCAT-1,3
s1-AATGGTCGATACTCGG-1,10
s1-AATGGTCTCGAGCGCT-1,8
s1-AATGGTGCGTCCTAAC-1,3
s1-AATGGTTATTCTAGCT-1,8
s1-AATGGTTGAGTCGGAA-1,1
s1-AATGTACTTAACATCA-1,9
s1-AATGTAGTCTTACGAG-1,7
s1-AATGTCAGGTCATTAC-1,6
s1-AATTAGCAACCGTTCC-1,10
s1-AATTAGCTTAGGTGTA-1,8
s1-AATTCTCAGACGCAAC-1,2
s1-AATTCTCGCACCAGTA-1,7
s1-AATTCTTGGATACGGA-1,7
s1-AATTGAATTCACTAGA-1,4
s1-AATTGCATTGAAGAAT-1,3
s1-AATTGCGGTGCTAATA-1,3
s1-AATTGCGTCAGACACT-1,8
s1-AATTGGACGGCATCGT-1,3
s1-AATTGGAGACATGGAG-1,2
s1-AATTGGCTTGAGTTGC-1,2
s1-AATTGGTTATGATACA-1,7
s1-AATTGTAGAATCCTAG-1,5
s1-ACAACCTTGGTGTCAA-1,1
s1-ACAACGAGCGATCTGA-1,9
s1-ACAACGCCGATAGTAT-1,3
s1-ACAACGTGGAGCTACT-1,9
s1-ACAACTAAGGTGTTAT-1,2
s1-ACAACTAAGTGGCGCT-1,9
s1-ACAACTGAATCCAGTC-1,6
s1-ACAACTGTCGTGGATA-1,9
s1-ACAATACACTTCCATC-1,1
s1-ACAATACAGGCGCCGT-1,9
s1-ACAATACGCCTTATTC-1,10
s1-ACAATTGGTCGCGTAA-1,9
s1-ACAGAATAAGAACCAT-1,4
s1-ACAGAATAAGATAGTG-1,9
s1-ACAGAATCCGTTGCTT-1,9
s1-ACAGAATCTTGATAAG-1,7
s1-ACAGAATGTCTTATTG-1,4
s1-ACAGAATGTTGAGTCC-1,6
s1-ACAGATCTGAAGTATC-1,10
s1-ACAGCCAGGCATAAGC-1,2
s1-ACAGGAACTACAGAAC-1,3
s1-ACAGGACTGAGCCGAT-1,5
s1-ACAGGATACCGGATTC-1,3
s1-ACAGGCACGCGAGGAT-1,7
s1-ACAGGCATTGAACCAT-1,8
s1-ACAGGTACCAAGGAAG-1,6
s1-ACAGGTTCAGTGAACG-1,9
s1-ACAGTACGCACTACCT-1,9
s1-ACATAAGCAATGCGGT-1,8
s1-ACATCGCCACAAGAGG-1,2
s1-ACATCGGCTTACAAGG-1,9
s1-ACATCGTAGACAGGTT-1,4
s1-ACATCGTCGGTCTACC-1,9
s1-ACATCTATCCGAACCA-1,6
s1-ACATCTCGACAACCAC-1,4
s1-ACATCTCGCATAGAAT-1,1
s1-ACATGGATGCGTAAGC-1,7
s1-ACATGTTCACCGGCAG-1,4
s1-ACATGTTCCACTGATA-1,4
s1-ACATGTTCCAGGACGT-1,4
s1-ACATGTTGCTTGATCT-1,4
s1-ACATTCCTGAGTTCCG-1,6
s1-ACATTGAAGGCGGTGC-1,2
s1-ACATTGAATACGCATA-1,6
s1-ACATTGATCGTAATCC-1,6
s1-ACATTGCAGTTCGGCA-1,6
s1-ACATTGGTTCACAGTG-1,7
s1-ACATTGGTTCTGCCGT-1,10
s1-ACATTGTACATTCTTG-1,9
s1-ACCAAGCACTTGCGCA-1,8
s1-ACCAAGGCTTCGCTAG-1,6
s1-ACCAAGTGATGGTGAG-1,8
s1-ACCAAGTGGCTGTATG-1,3
s1-ACCAATCATGGTTCAT-1,6
s1-ACCAATGAGCCTCATC-1,5
s1-ACCAATGATCGCGGCC-1,6
s1-ACCACGGCCTCGCACC-1,9
s1-ACCAGTATGAAGTTCC-1,8
s1-ACCATAACTCCTCGTA-1,8
s1-ACCATCCGTTCGAGTG-1,6
s1-ACCATTAGATCGTGGC-1,9
s1-ACCGAAGATGTCGGCA-1,4
s1-ACCGAAGCCGAATTAA-1,7
s1-ACCGAGGTGATACCGA-1,4
s1-ACCGATTCCGGATACT-1,6
s1-ACCGATTGAGGATCTG-1,6
s1-ACCGCAGGTCGAGTTG-1,10
s1-ACCGGACGCCAAGCGT-1,3
s1-ACCGGCACCATACTGC-1,7
s1-ACCGGCACGTACGAAC-1,9
s1-ACCGGCCGACCTGCAC-1,7
s1-ACCGGCCTCAGGAGTT-1,7
s1-ACCGGCTATCGTGCGG-1,7
s1-ACCGTACACGACCGTC-1,3
s1-ACCGTACTATCGGAGG-1,7
s1-ACCGTAGGCGGAGGTT-1,8
s1-ACCTAAGTAGAACAGA-1,1
s1-ACCTAAGTGATAATCA-1,6
s1-ACCTAATGTTACCAAT-1,9
s1-ACCTAATTGTCGCTGA-1,9
s1-ACCTATAACGAACTAC-1,7
s1-ACCTATGCTACCGGAT-1,4
s1-ACCTCCACAGAACTCA-1,6
s1-ACCTCCGATTATAAGA-1,6
s1-ACCTCCTAGAGGCATG-1,3
s1-ACCTCGCACTAAGAGC-1,5
s1-ACCTGCCACTATCAAT-1,9
s1-ACCTGCTTATAGTTCG-1,9
s1-ACCTGCTTGAGCCTGG-1,7
s1-ACCTGCTTGCTACGAC-1,5
s1-ACCTGTCTGCGGTTGT-1,4
s1-ACCTGTGGTCACCTCG-1,9
s1-ACCTTCAGACCTCGGT-1,4
s1-ACCTTCGGTGCTACGA-1,2
s1-ACCTTGGCTCTGTAAG-1,10
s1-ACGAACATAGGATCGG-1,2
s1-ACGAACGCACGAGCAC-1,9
s1-ACGAAGCTCATCCTCG-1,8
s1-ACGACAAGCACTTCAC-1,9
s1-ACGACTGAAGACTTAC-1,9
s1-ACGAGGACCTGCTAGT-1,9
s1-ACGAGTGCGTGCGTTC-1,6
s1-ACGATGACTATTAGAT-1,9
s1-ACGATGCGAAGGAGCA-1,4
s1-ACGATGCTCCAATACA-1,7
s1-ACGATGTCGCACAATC-1,5
s1-ACGATGTCGTTGCCAA-1,9
s1-ACGATGTTACCTCATT-1,7
s1-ACGCAACGAAGAGTAT-1,2
s1-ACGCAACGTGTAATTG-1,8
s1-ACGCAAGGCATAAGTC-1,8
s1-ACGCAATAGTATACGA-1,3
s1-ACGCACATTGTAAGTA-1,9
s1-ACGCCGGCATCACTGG-1,4
s1-ACGCGGAAGAGTTCCG-1,9
s1-ACGCGTAGACTCAACT-1,10
s1-ACGCGTCGGTGAGGTT-1,7
s1-ACGCTCAGTGCTATTC-1,4
s1-ACGCTGCGATTAACGA-1,3
s1-ACGGCCGGAACGCTAG-1,8
s1-ACGGCCGTCAACGTAT-1,5
s1-ACGGCCGTGACATTAA-1,7
s1-ACGGCCTTGCCAGAAC-1,9
s1-ACGGCTATGGCATACC-1,4
s1-ACGGCTTAACGATAGT-1,3
s1-ACGGCTTACGTATGCC-1,8
s1-ACGGCTTATTGGTATG-1,9
s1-ACGGCTTCAGGTACCG-1,8
s1-ACGGCTTCCATCGGAA-1,3
s1-ACGGCTTGTTCAATCG-1,3
s1-ACGGTCGGACAGGCGA-1,4
s1-ACGGTGATAATGTTAC-1,2
s1-ACGGTGTACGGTGCCA-1,3
s1-ACGGTTACATCCGAAG-1,3
s1-ACGGTTCACCTTCCGG-1,7
s1-ACGGTTCGCAAGTAAC-1,5
s1-ACGGTTCGTACAGTTG-1,3
s1-ACGGTTCGTCCGACCG-1,3
s1-ACGTCAGATTACTTCG-1,10
s1-ACGTGCAATTATTCGG-1,3
s1-ACGTTAATACAATGAC-1,7
s1-ACGTTAGGCTCAAGCC-1,6
s1-ACGTTCACATGATCTG-1,7
s1-ACGTTCACGACTAGGT-1,3
s1-ACGTTCCATTACCTCA-1,10
s1-ACGTTCGTCCGCCTAT-1,6
s1-ACGTTCTATGCACGAC-1,3
s1-ACGTTCTGCCATAATC-1,7
s1-ACTAATAGTCAACATA-1,8
s1-ACTAATCGGCCACCGA-1,10
s1-ACTAGATCTGAAGCGG-1,7
s1-ACTATGAGGTTCTGTC-1,10
s1-ACTATTACCAGGTGCT-1,5
s1-ACTATTAGACAGGCTG-1,9
s1-ACTATTGCGAGCTAGA-1,8
s1-ACTCAGCTCGAGTGTC-1,8
s1-ACTCAGCTTCTGAGAC-1,2
s1-ACTCAGGCCTGCAACT-1,3
s1-ACTCAGTGAGCCTCCA-1,3
s1-ACTCCACGTTCGCTAC-1,4
s1-ACTCCAGGCCGAAGAC-1,7
s1-ACTCCAGTAGCTCCAG-1,10
s1-ACTCCTATGTTCCTAC-1,4
s1-ACTCGAACGTTCGTTA-1,1
s1-ACTCGAGTCCAAGTTG-1,6
s1-ACTCGATTGATATCCA-1,3
s1-ACTCGTATTGTCAGAA-1,7
s1-ACTCTAAGCTTGCGCC-1,7
s1-ACTCTACTTCCGCATT-1,7
s1-ACTCTTGCGGAGAACC-1,7
s1-ACTGACGGCGAATAGT-1,2
s1-ACTGACGTGATATTGG-1,7
s1-ACTGACTCTGCTGGCC-1,1
s1-ACTGACTGTCATCTAC-1,9
s1-ACTGAGCGATTACTAA-1,6
s1-ACTGAGCGCAACTCAT-1,5
s1-ACTGATACTCCATTAC-1,1
s1-ACTGATAGCACGGTCT-1,4
s1-ACTGCCGTTGGTGAGC-1,1
s1-ACTGGTAAGGCCTCAG-1,6
s1-ACTGGTGATTCCGATC-1,2
s1-ACTGGTTCTGAACGAT-1,3
s1-ACTGTACAATTCTACT-1,8
s1-ACTGTACATCCGATAC-1,7
s1-ACTGTAGACAAGGAAT-1,3
s1-ACTGTAGCAGCTTCTG-1,8
s1-ACTGTATGATCCTCAT-1,4
s1-ACTGTATTCTAGTCCA-1,8
s1-ACTTAAGCCAGTAGGA-1,4
s1-ACTTCGACGGATCATT-1,4
s1-ACTTGAAGCGAGCGGT-1,7
s1-ACTTGAATTAACTTAG-1,7
s1-ACTTGAGCCGTTCTTA-1,7
s1-AGAACAGGAGCATGGA-1,7
s1-AGAACTTCGATGCGTA-1,9
s1-AGAAGCAATGAGGAAC-1,6
s1-AGAAGCAGCCTAAGCT-1,7
s1-AGAAGCGATGTTCTAA-1,6
s1-AGAAGGATGGTATGAA-1,10
s1-AGAAGGCGTAGAATAG-1,7
s1-AGAAGTTAACCAGAGC-1,8
s1-AGAAGTTGAGCGCAAG-1,3
s1-AGAATTCTGTTGACAA-1,8
s1-AGACAAGACGTATCGC-1,9
s1-AGACATCTTAGCACCT-1,7
s1-AGACCGAACCGATGTC-1,7
s1-AGACCGACCGCAGACA-1,7
s1-AGACCGCCGGCCAATG-1,4
s1-AGACCGGACTGTCCAT-1,9
s1-AGACCGGAGCAACGCT-1,7
s1-AGACCGGTATCCGTGG-1,4
s1-AGACCGTCACTGAGCT-1,4
s1-AGACCGTCATTAGTTA-1,3
s1-AGACCTATCCTTATAG-1,4
s1-AGACCTCAGCGAGGTG-1,5
s1-AGACCTTCGCGTGAAC-1,5
s1-AGACGCGTGATGCATC-1,10
s1-AGACGCTTGGCCTCAC-1,6
s1-AGACGGCCTTACGGAG-1,7
s1-AGACGTAGGCGGACCG-1,7
s1-AGACGTGGCGTTGAGT-1,7
s1-AGACTACGTGCTCCAT-1,4
s1-AGACTCAGACAGATAA-1,5
s1-AGACTCATGACCTGGC-1,3
s1-AGACTCATTGCGGACA-1,3
s1-AGACTCCGCTTCGTAT-1,10
s1-AGACTCCTGTATGGCG-1,7
s1-AGACTCGACTCCTAAT-1,8
s1-AGACTCTATTAGCGCT-1,1
s1-AGACTGGTAAGGAGGT-1,9
s1-AGATAACCAATACGCC-1,4
s1-AGATAAGCCACTCATA-1,7
s1-AGATCAACTCGCTATG-1,10
s1-AGATCAGTCGATAGAA-1,9
s1-AGATCATTCACGCTGT-1,6
s1-AGATCTAACGAGCTCA-1,6
s1-AGATCTCCGCCTTATT-1,4
s1-AGATGAGGCGCCTCCA-1,8
s1-AGATGCTCCGTCATCT-1,7
s1-AGATTGAGTTAGGAAC-1,7
s1-AGATTGCGCCTCGCTC-1,2
s1-AGCAATAACAATTCCA-1,1
s1-AGCACCTCCAATCACG-1,1
s1-AGCACGAGATAACGGT-1,3
s1-AGCACGATACCTAAGC-1,10
s1-AGCACGCTCGATCTAA-1,2
s1-AGCACGGAGGCAGTCA-1,8
s1-AGCACGTGCACCTCTG-1,1
s1-AGCACGTGCACTGTAA-1,9
s1-AGCACTCATACAGAAC-1,6
s1-AGCACTGCATCCTAGC-1,6
s1-AGCAGGTAAGTATCTG-1,3
s1-AGCAGGTATGCCATTG-1,8
s1-AGCAGGTGCAATGGTT-1,4
s1-AGCATGAGCGAATATT-1,9
s1-AGCATGCACCGCGTCA-1,3
s1-AGCATTAGACGGATTG-1,6
s1-AGCCAGATACTCGAAC-1,8
s1-AGCCAGCGGCAAGCGT-1,9
s1-AGCCATCCGTCAACTC-1,6
s1-AGCCGATGTTCTACTC-1,4
s1-AGCCGGCCTATTCCAG-1,7
s1-AGCCGTAGTGGAGTGC-1,5
s1-AGCCGTATCTTCGTCT-1,7
s1-AGCCGTATTCAACCGT-1,4
s1-AGCCTACGGTGACCAA-1,4
s1-AGCCTCCGAACTACCA-1,3
s1-AGCCTCGCATGGTCCT-1,4
s1-AGCCTCTATGCAGCAA-1,10
s1-AGCGACAGCTACATCG-1,4
s1-AGCGACATCCTTCTAA-1,6
s1-AGCGACATTCGATCTG-1,4
s1-AGCGACCGTTCTATAC-1,1
s1-AGCGACTATGTATCTT-1,6
s1-AGCGAGAACAGATTCT-1,9
s1-AGCGAGGAACTGGTCC-1,7
s1-AGCGCATCGTGGTCGA-1,9
s1-AGCGGAATGTCGCTGT-1,7
s1-AGCGGTACGCCGAGAA-1,3
s1-AGCGGTGAGTGACATG-1,3
s1-AGCGGTGCAGGCATCT-1,3
s1-AGCGGTTAATCGAAGT-1,2
s1-AGCGGTTACAATACGC-1,9
s1-AGCGGTTAGACTCGCC-1,7
s1-AGCGTGCGCCTGATCG-1,3
s1-AGCGTGCTTCGCTCAT-1,3
s1-AGCGTGGCACCGACAA-1,7
s1-AGCGTGTATGTACGGT-1,8
s1-AGCGTTATACCTGTTG-1,7
s1-AGCGTTGGCTCACGAT-1,10
s1-AGCTACCAGCGTTACT-1,2
s1-AGCTAGCGTACAGTAA-1,10
s1-AGCTATAAGTCCAGCA-1,3
s1-AGCTATAGAATAGTCT-1,9
s1-AGCTCAACATCGTCCG-1,4
s1-AGCTCACTATGCAGTT-1,4
s1-AGCTCGACAGGCGATA-1,5
s1-AGCTCGCATTAGGATT-1,6
s1-AGCTGACGTAACGCTG-1,2
s1-AGCTGTACGCTGACTC-1,1
s1-AGCTGTCCAGATGCTA-1,1
s1-AGCTGTTCCGGTGATT-1,7
s1-AGCTGTTGAAGGCCTT-1,6
s1-AGCTTGAGTCAGGCCG-1,7
s1-AGCTTGGATGCAAGCC-1,1
s1-AGGAATTACGGTGACG-1,5
s1-AGGACCAGTAACCTAA-1,8
s1-AGGACCAGTGCGCCAG-1,4
s1-AGGACCGCAATAGTTA-1,3
s1-AGGACCGTAGATGCTA-1,2
s1-AGGACCTGTACCATTC-1,2
s1-AGGACGAAGCCTCCTT-1,8
s1-AGGACGAATGCTTCAA-1,9
s1-AGGACGTATCGCCGTA-1,4
s1-AGGACGTCGGCACGAA-1,7
s1-AGGACTAGGACCGCAG-1,3
s1-AGGACTGAAGTGCCTT-1,9
s1-AGGACTGGATGAAGAC-1,2
s1-AGGAGCAGCGTTAATA-1,10
s1-AGGAGCATAATCCACT-1,7
s1-AGGAGCATCACTCAGC-1,8
s1-AGGAGCATCTTAACTC-1,6
s1-AGGAGCCGCTGAGTAG-1,7
s1-AGGAGCCTCGAACGTT-1,6
s1-AGGATAACCGGTCGGA-1,7
s1-AGGATACCTCCGAGCG-1,1
s1-AGGATAGGCTCAGTTG-1,7
s1-AGGATATCGCGAATAC-1,3
s1-AGGATCAACATTCGTT-1,8
s1-AGGATCCGTGAGGCGG-1,4
s1-AGGATCTTAATGGTGA-1,4
s1-AGGATTCTACGCCTAG-1,9
s1-AGGCAACTAGCGTACC-1,7
s1-AGGCAATGTCAGCTGG-1,9
s1-AGGCATGCATGGAATT-1,4
s1-AGGCATTAAGTCTGGC-1,7
s1-AGGCATTACTATAGTA-1,7
s1-AGGCCGCAGAATAACG-1,10
s1-AGGCCTGTCTAGTGGC-1,10
s1-AGGCGATTCCACTTCT-1,1
s1-AGGCTGCAGCTCAGGC-1,7
s1-AGGCTGCGCAGCAACT-1,6
s1-AGGCTTAACCGATTGT-1,7
s1-AGGCTTAGCATTAACC-1,9
s1-AGGTACAGCTATGATA-1,8
s1-AGGTACCAGACGCCAG-1,10
s1-AGGTACTCTGCCACCG-1,6
s1-AGGTCTCACGCCAATA-1,7
s1-AGGTCTTCCATCGCCG-1,3
s1-AGGTGAAGTGACGACT-1,9
s1-AGGTGAATCCACAACC-1,6
s1-AGGTGAGCAATGTCTT-1,7
s1-AGGTGAGGTAGAATAC-1,4
s1-AGGTGATTGGCGGTAT-1,4
s1-AGGTGGCACTTGTCAG-1,10
s1-AGGTGGCTGTCGCCAA-1,10
s1-AGGTTACATTCCACGC-1,4
s1-AGGTTAGTGGCCATAG-1,8
s1-AGGTTCCACGCCGAAG-1,4
s1-AGGTTGAGTAGGAGAT-1,7
s1-AGTAAGCTCGGCCAAT-1,3
s1-AGTACATATGTAGGAA-1,1
s1-AGTACCGAACCGCAAT-1,4
s1-AGTACCGTTGTACGCC-1,2
s1-AGTAGACAGTAAGGAG-1,3
s1-AGTAGAGCATGGACGT-1,9
s1-AGTATTACGGTATTCG-1,2
s1-AGTATTAGCTGATCGA-1,9
s1-AGTATTCAGCTGAATG-1,3
s1-AGTATTCGTCGGTATC-1,7
s1-AGTATTGATTGAGTCA-1,9
s1-AGTATTGGTATGTCTA-1,7
s1-AGTCACTTATTCAAGG-1,4
s1-AGTCCGTGATCACTAC-1,4
s1-AGTCGCAGGAACGAGT-1,2
s1-AGTCGCCACTCGGCGA-1,3
s1-AGTCGGACCGTGCTTA-1,9
s1-AGTCGGTCTAATCTGT-1,3
s1-AGTCGGTTATACATAG-1,3
s1-AGTCGGTTGGTTGGCG-1,8
s1-AGTCGTTGCCTTACCT-1,9
s1-AGTCTAGGATTGTCAC-1,8
s1-AGTGAGGTCTGTGCTC-1,4
s1-AGTGAGTATTCTAAGT-1,7
s1-AGTGCAATAACTAACA-1,5
s1-AGTGCCAGATGCTCTG-1,7
s1-AGTGCGCAACATGCGT-1,9
s1-AGTGGTATGTCCAAGT-1,3
s1-AGTGTAAGCCTGCAAG-1,6
s1-AGTGTACCTCTGTATG-1,10
s1-AGTGTCATGGTTGTGG-1,4
s1-AGTGTCGTGGCATGTT-1,7
s1-AGTGTCTAGGCTAATA-1,2
s1-AGTGTCTTAAGCTTGT-1,8
s1-AGTGTTCGAGGATGAA-1,4
s1-AGTTAACGAGCCACTC-1,4
s1-AGTTAAGACTGGCTCC-1,7
s1-AGTTACCTCACCAGCA-1,7
s1-AGTTAGAAGGACGAAT-1,8
s1-AGTTATCCTGAACGAA-1,7
s1-AGTTCGGCACATACGG-1,2
s1-AGTTCGTCTAGTGCAG-1,4
s1-AGTTCGTGCAGACCTT-1,4
s1-AGTTCGTGCATGTCGA-1,10
s1-AGTTGGCAACGTTGTC-1,4
s1-AGTTGGCACCAGTTAC-1,2
s1-AGTTGTACTTAATGGA-1,2
s1-AGTTGTCCACAGACCA-1,7
s1-ATAACCTAGAACCTGC-1,9
s1-ATAACGAAGAGCACGC-1,10
s1-ATAAGAATCATGCATC-1,9
s1-ATAAGACCAATCGCGG-1,8
s1-ATAAGGAATAGAACAT-1,7
s1-ATAAGGCGGACAAGTT-1,8
s1-ATAAGTACCACGAGTT-1,9
s1-ATAATCGTAGTTATTC-1,8
s1-ATAATTAGTTCTACGG-1,5
s1-ATACAAGGTCAGTAGA-1,9
s1-ATACAATTGCGGTATT-1,7
s1-ATACATCAAGGATTGC-1,7
s1-ATACATCACGCCTTCT-1,9
s1-ATACATCACTGTCCGG-1,8
s1-ATACATCATGCACCAA-1,10
s1-ATACCGTTCCAGTCCA-1,6
s1-ATACGACATCTAGACC-1,4
s1-ATACGCGGTGAAGCCG-1,6
s1-ATACGCTGAGATCAGA-1,3
s1-ATACGGCACGTTACGA-1,1
s1-ATACGGCGACTGGTCT-1,3
s1-ATACTAGCCACTTCGC-1,7
s1-ATACTAGCCATTAGTT-1,10
s1-ATACTAGTAACTGAGT-1,10
s1-ATACTATCAACTTGTA-1,7
s1-ATACTATGGTTACATT-1,4
s1-ATACTGACTTCGGCAC-1,6
s1-ATACTGGACCACAGCC-1,1
s1-ATACTGGAGGATAACG-1,3
s1-ATAGAACCTCTACCGA-1,1
s1-ATAGAACGTTCGATCT-1,7
s1-ATAGAATTCTAGGCCG-1,8
s1-ATAGACATGGCTATGG-1,7
s1-ATAGATGCCTAAGCAC-1,9
s1-ATAGATTGAGTTCGAG-1,9
s1-ATAGCACCTGCTGTCT-1,8
s1-ATAGCGGCGAGTAATT-1,6
s1-ATAGCTATTCGCACTC-1,7
s1-ATAGCTTCACAACCGT-1,3
s1-ATAGCTTCGTGGAACG-1,9
s1-ATAGGCCGATAGAAGT-1,4
s1-ATAGGCCGATGATCTA-1,6
s1-ATAGTACTATGGTTCT-1,2
s1-ATAGTCCGCCGTTGGC-1,1
s1-ATAGTCGCTAAGGTAT-1,6
s1-ATAGTGAGTGAGGATT-1,7
s1-ATAGTGTCAGATGTAG-1,6
s1-ATAGTTAAGCCTGCCG-1,9
s1-ATAGTTAAGGCACGAG-1,9
s1-ATAGTTAGTCCTTAAT-1,7
s1-ATAGTTCATCGGATCT-1,8
s1-ATAGTTCGCAGCCGTG-1,8
s1-ATAGTTCGGTTCCAGA-1,7
s1-ATCAAGGAGCTTACAT-1,6
s1-ATCAATCTGCAGGACC-1,1
s1-ATCACCAGTTCGGCGA-1,2
s1-ATCACGTTCAATGATA-1,9
s1-ATCAGATACCAGCTGT-1,5
s1-ATCAGTAAGCTCGCCG-1,7
s1-ATCATTCACCAGATTG-1,3
s1-ATCATTCCAACTTCGC-1,3
s1-ATCATTGTCCATGCCA-1,6
s1-ATCCAACGCCACATCG-1,3
s1-ATCCACATGTTGGACC-1,8
s1-ATCCACTCGTACTCGG-1,10
s1-ATCCGAGTACAGGAAT-1,8
s1-ATCCGAGTACCACGTG-1,8
s1-ATCCGAGTCACTTGTA-1,4
s1-ATCCGATGACCTCGGA-1,9
s1-ATCCGATGTCTGTCAC-1,9
s1-ATCCGGATCGCCGTAT-1,5
s1-ATCCGGATGACGTAAC-1,2
s1-ATCCGGTACCGTCCTT-1,10
s1-ATCCGGTATCACAAGT-1,9
s1-ATCCGTAGCTTCAGTA-1,3
s1-ATCCGTAGTGTCGCTC-1,8
s1-ATCCGTGGAACTTCAA-1,5
s1-ATCCTCCAGCCATTGT-1,9
s1-ATCCTCGTTCCAGGCC-1,2
s1-ATCGAACATGCTAAGC-1,4
s1-ATCGAACTCGTCCGGC-1,2
s1-ATCGACAGCGGCAACA-1,10
s1-ATCGACCGGAGTATCG-1,4
s1-ATCGATGTCAGATAGA-1,3
s1-ATCGCAATGCACTAAC-1,3
s1-ATCGCAGTAACTTATT-1,3
s1-ATCGCAGTAATATCAG-1,6
s1-ATCGCAGTCTATGGCA-1,7
s1-ATCGCATCACGCATCT-1,6
s1-ATCGGCTCTATGCCTC-1,9
s1-ATCGTAACTACCTCTT-1,3
s1-ATCGTAATCCACATGC-1,3
s1-ATCGTACAACTGGCTA-1,8
s1-ATCGTACACCTATGCC-1,3
s1-ATCGTACCGCGTACGC-1,4
s1-ATCGTAGCATGTAGAT-1,9
s1-ATCGTATTACTCGGAG-1,7
s1-ATCGTCACCATGTCAC-1,7
s1-ATCGTCAGTTAGTCCA-1,3
s1-ATCGTCCTAGTACGAA-1,6
s1-ATCGTCTTAACGAAGG-1,7
s1-ATCTACAGGAGTGCAC-1,3
s1-ATCTACCATATTCCAG-1,9
s1-ATCTACTCACATCTCC-1,9
s1-ATCTCCTTGCGATACA-1,7
s1-ATCTGAAGTATGCACG-1,2
s1-ATCTGACCGGAGTCCT-1,9
s1-ATCTGAGGAACGGTTG-1,7
s1-ATCTGATACTTCATTA-1,6
s1-ATCTGCCGTCTACAGC-1,3
s1-ATCTGGATCCTCAGAC-1,7
s1-ATCTGTACGCGTCTCC-1,7
s1-ATCTTAGACGCCTACT-1,4
s1-ATCTTAGACTTGATCT-1,6
s1-ATCTTAGATAGGTTCA-1,2
s1-ATCTTAGTGGCATGGA-1,10
s1-ATCTTCGGACATACTA-1,7
s1-ATCTTGGCTTCGTCCT-1,3
s1-ATGAACAATCGATGCG-1,7
s1-ATGAAGCTGAATCCAG-1,4
s1-ATGACACTAATCGCAC-1,4
s1-ATGACCAGACGGCCGG-1,2
s1-ATGACCTCACTTAACC-1,9
s1-ATGACGAGATCATTAA-1,6
s1-ATGAGCTACATGGAAG-1,8
s1-ATGAGCTATTCGAAGA-1,7
s1-ATGAGTACGCTTCCTA-1,7
s1-ATGAGTCTTAGGAAGG-1,6
s1-ATGATAATTCCTTGCG-1,7
s1-ATGATATCTAGTCTTA-1,3
s1-ATGCATCCTGACTCAC-1,3
s1-ATGCATGCCTGCGATG-1,5
s1-ATGCATGGTTCCGCCT-1,3
s1-ATGCATGGTTGCTGTA-1,10
s1-ATGCATGTATGTGAGT-1,3
s1-ATGCATGTCACTCGTG-1,7
s1-ATGCATGTCGATGTGG-1,1
s1-ATGCATTAGATATCCA-1,6
s1-ATGCCAGCTGCCATCT-1,9
s1-ATGCCGTCGATAAGAC-1,4
s1-ATGCCGTTGTGAAGCG-1,7
s1-ATGCCTTCGTAAGTTA-1,4
s1-ATGCTACTGAATAGTA-1,5
s1-ATGCTCATGCCTGCCT-1,9
s1-ATGCTCCAACCTGGCC-1,7
s1-ATGCTCCGTTCTACTG-1,3
s1-ATGCTCGCCTCCAATT-1,8
s1-ATGCTGAATGCAATAG-1,9
s1-ATGCTGCGGATGGTTG-1,1
s1-ATGCTGGCTTACTACA-1,4
s1-ATGCTTACTCTAGGAA-1,2
s1-ATGCTTGGACGAACTT-1,7
s1-ATGGAGGCCACGGCTT-1,9
s1-ATGGAGGTTCACCGGT-1,1
s1-ATGGAGTAATCGGACC-1,7
s1-ATGGAGTCTTCGCAGT-1,8
s1-ATGGCATTATGGCTCG-1,3
s1-ATGGTAACGGACCGGA-1,9
s1-ATGTAAGAGCCACCTC-1,2
s1-ATGTAATTGTCGTTCG-1,7
s1-ATGTACAGTGCCTATG-1,3
s1-ATGTACATCGTGGTTA-1,7
s1-ATGTACATGAACTCCG-1,7
s1-ATGTACCATTATTGTC-1,5
s1-ATGTACCGATCCAGAA-1,9
s1-ATGTACTACCGACTTC-1,8
s1-ATGTACTCTGCAGCAC-1,7
s1-ATGTAGAAGCGAATAG-1,7
s1-ATGTAGCCGACCAAGG-1,5
s1-ATGTAGGTAACCGTAC-1,3
s1-ATGTAGGTTGGCGAGG-1,2
s1-ATGTATCCAAGGTGGC-1,10
s1-ATGTATCCATAAGTTG-1,2
s1-ATGTATCGGAATACGG-1,7
s1-ATGTATGAGTACCGGA-1,4
s1-ATGTATGTTATTGAAG-1,4
s1-ATGTCATACTTAGACC-1,8
s1-ATGTCGGACTGAAGTA-1,2
s1-ATGTCGGATAAGCCGA-1,2
s1-ATGTCGGCTGTCGTAA-1,7
s1-ATGTCGTTACCAGACG-1,4
s1-ATGTCTAACTGGCGAA-1,6
s1-ATGTCTGCGTTGCAGC-1,10
s1-ATGTGAATCCATACGA-1,8
s1-ATGTGAATTGCTGACC-1,3
s1-ATGTGATCCGTCTAAC-1,9
s1-ATGTGCGTCTGAACAG-1,9
s1-ATGTGCTAACATCGAA-1,1
s1-ATGTGCTTGTGCTACC-1,10
s1-ATGTTAAGATTACTGA-1,7
s1-ATGTTACGCCATTCCT-1,6
s1-ATGTTAGACTATCTCA-1,4
s1-ATGTTCGCAGAAGTCT-1,5
s1-ATGTTCTGCCTTATCT-1,9
s1-ATTAAGAACAGCTCCG-1,9
s1-ATTAAGAATAACGCTT-1,7
s1-ATTAAGCGTCCTGCCG-1,6
s1-ATTAAGTGGCCTAAGG-1,3
s1-ATTACATGTTATTGAC-1,9
s1-ATTACATTGAAGTATG-1,3
s1-ATTACCTTCGCAGAAG-1,9
s1-ATTACTCCGTGAAGCG-1,7
s1-ATTACTGAGTGCCTCC-1,9
s1-ATTACTGTACGCGGTG-1,9
s1-ATTACTGTCGCATATT-1,7
s1-ATTAGATAAGACGGCG-1,2
s1-ATTAGATTCGTACTCA-1,6
s1-ATTAGCAGGATGTATT-1,8
s1-ATTAGCCTCACTTCTA-1,3
s1-ATTAGCCTCAGTAGAT-1,7
s1-ATTAGCGAGCATGCTG-1,9
s1-ATTAGTCGTGTTATGC-1,8
s1-ATTAGTGAGGTATCGC-1,4
s1-ATTAGTGCTTGGTCAT-1,2
s1-ATTAGTTCACAGACTC-1,5
s1-ATTATCACAACTCGGC-1,3
s1-ATTATCCAGGTGAAGT-1,7
s1-ATTATCCATTGTGACA-1,9
s1-ATTATCGAAGCCTAAG-1,4
s1-ATTATCGAGTGCAGAT-1,4
s1-ATTATCTAGATTAACG-1,4
s1-ATTATGATACTGCGCA-1,1
s1-ATTATGCCATCGTTAA-1,4
s1-ATTATGTTAAGGTAGT-1,6
s1-ATTCAAGATTAGTTGC-1,9
s1-ATTCACATAGGATGAG-1,7
s1-ATTCACATCGTCACAG-1,6
s1-ATTCACATCTTATTCT-1,2
s1-ATTCACCTGACCAGTT-1,7
s1-ATTCACGCTGTTATCG-1,3
s1-ATTCACGTCGCAGGCT-1,9
s1-ATTCACTCACGTGCAC-1,7
s1-ATTCAGCTCCTACTAA-1,3
s1-ATTCATAGCGAAGCGT-1,3
s1-ATTCATAGTTCTAACT-1,2
s1-ATTCCATTGTGAACGC-1,2
s1-ATTCCGCAACGCCGCT-1,9
s1-ATTCCGCTCCATCAGC-1,9
s1-ATTCCGGTTACATACC-1,2
s1-ATTCCGTAAGGATTCC-1,7
s1-ATTCCTGCCTTAACAG-1,7
s1-ATTCGCTCGCGGAGGC-1,3
s1-ATTCGGAAGCTATTAC-1,3
s1-ATTCGTTAGAATTCGG-1,6
s1-ATTCTAACGCCTGTTA-1,7
s1-ATTCTACAGCCAGCAC-1,1
s1-ATTCTACGTGGCAGAT-1,5
s1-ATTCTACTGGTCGTTC-1,9
s1-ATTCTAGGACATCAGT-1,3
s1-ATTCTAGTCCACAAGA-1,4
s1-ATTCTGAGTACTGTAG-1,10
s1-ATTCTTGAGGCGACGC-1,4
s1-ATTCTTGGAGTGATAG-1,4
s1-ATTGACGAGCAGCGAC-1,8
s1-ATTGACGCATCTCAAC-1,3
s1-ATTGACGCCACCTTCT-1,10
s1-ATTGACGCCAGCCAAG-1,9
s1-ATTGACTGAATACTAT-1,4
s1-ATTGATAACACTAAGA-1,10
s1-ATTGCACGACCACTTG-1,2
s1-ATTGCAGTTCTTCATT-1,7
s1-ATTGCATATTGTTATC-1,9
s1-ATTGCATCACTGACTG-1,7
s1-ATTGCCTGATGTGCGG-1,4
s1-ATTGCCTTGTCTAAGT-1,6
s1-ATTGCGTAGTTAGGAG-1,6
s1-ATTGGCACCACGCCAT-1,4
s1-ATTGGCCTAGGAATCG-1,6
s1-ATTGGCCTTCCGTGCA-1,3
s1-ATTGGCGAATTGCACT-1,6
s1-ATTGGCTAACAGACAA-1,8
s1-ATTGTTAAGTAGACTA-1,4
s1-ATTGTTACGACTAGCG-1,4
s1-ATTGTTATACTTCACG-1,9
s1-CAACAGGTCAGAGGAC-1,2
s1-CAACCGTACTGATCTT-1,8
s1-CAACCGTATTACTGTA-1,7
s1-CAACCGTTAACAGACC-1,4
s1-CAACCGTTAATGTCAT-1,4
s1-CAACGCTTGCTCCTAC-1,3
s1-CAACGGCACTCAGTCC-1,9
s1-CAACTGACAAGACAAG-1,4
s1-CAACTGCAGTGCAATA-1,9
s1-CAACTGCATTCGACTC-1,10
s1-CAACTGCTGGAGTTAT-1,9
s1-CAACTTGGACATAGAT-1,9
s1-CAACTTGGTACGATGT-1,9
s1-CAAGACCACTATCGAA-1,9
s1-CAAGATAAGTGCAATG-1,8
s1-CAAGATTACCGATCAT-1,3
s1-CAAGATTAGATGAGTT-1,1
s1-CAAGATTCGTCAGCTG-1,9
s1-CAAGCCGCCATAGAGG-1,9
s1-CAAGGTCTCAATACAG-1,9
s1-CAAGTACTCCGCATCG-1,2
s1-CAAGTACTTATTAAGC-1,4
s1-CAAGTACTTCAATAGT-1,3
s1-CAAGTAGCCTCGATCC-1,3
s1-CAAGTATCGGCAACCA-1,6
s1-CAAGTCCATCGGCGGT-1,6
s1-CAAGTCCGCTACCGTT-1,3
s1-CAAGTCTTGGCGATAG-1,6
s1-CAAGTGAATTGGATGC-1,5
s1-CAAGTGTTCGCCACGC-1,4
s1-CAAGTGTTGACGGCCA-1,2
s1-CAATAACTACATTAAC-1,3
s1-CAATAACTCAAGGCAA-1,9
s1-CAATAAGCGGCCAGAT-1,8
s1-CAATAAGGTAACTCGT-1,10
s1-CAATAATCGTAGGATA-1,8
s1-CAATCCGAGGTGCTAG-1,8
s1-CAATCGTCGGAGCATG-1,9
s1-CAATCTATGAGGTCAG-1,8
s1-CAATGCATTGACGGCA-1,4
s1-CAATGCGGATGCTGGT-1,7
s1-CAATTACAGGTGTCAT-1,6
s1-CAATTGAACCGGCTCG-1,2
s1-CAATTGTTGACGTGAG-1,5
s1-CACCAGGCACGCTATC-1,8
s1-CACCATAAGCTGGCTG-1,7
s1-CACCATAGGTAACCAG-1,6
s1-CACCATTCTTACGAGC-1,2
s1-CACCGAGTCTTGGACA-1,2
s1-CACCTACATGATTGAT-1,4
s1-CACCTACCGCTACCTT-1,3
s1-CACCTAGAATACTTCT-1,7
s1-CACCTAGACGAGCCGG-1,7
s1-CACCTATTACTCAGAT-1,4
s1-CACCTCGAGCGATGCT-1,2
s1-CACCTCGAGGACTCTA-1,1
s1-CACCTTAGCTATTGTC-1,7
s1-CACCTTGCGAGTTATG-1,6
s1-CACGACCTCCGTCATA-1,4
s1-CACGAGGCCATCCACT-1,7
s1-CACGAGGTATAGGTAT-1,7
s1-CACGATCATACAATTA-1,9
s1-CACGCCACAATCGCAC-1,7
s1-CACGCCACTCCTTCAT-1,6
s1-CACGCTTATCAATCTT-1,4
s1-CACGGATTCTCATCAC-1,3
s1-CACGGCGACGGTGCCT-1,4
s1-CACGGCGATACATACG-1,4
s1-CACGGCTGCGCTTGGC-1,9
s1-CACGGCTTACTCCGTT-1,9
s1-CACGGTCTTGGTTAAT-1,2
s1-CACGTACGTAGCTCAT-1,5
s1-CACGTAGGTAGGCTGA-1,3
s1-CACGTCAAGTGCGATC-1,3
s1-CACGTCCAATTCGACT-1,9
s1-CACGTCCACGACCTAT-1,9
s1-CACGTCCATCTACTGA-1,9
s1-CACGTGGCGGCACTAG-1,9
s1-CACGTTGCACATACCG-1,4
s1-CACTACAATATTGCGG-1,8
s1-CACTACCTTCGCTTCA-1,6
s1-CACTACTGCGGAATTG-1,7
s1-CACTACTGGCTGAACC-1,3
s1-CACTAGTCGACATCTA-1,7
s1-CACTCAAGACCATGCA-1,6
s1-CACTCAAGACGGACTA-1,6
s1-CACTCAAGGCGGCACT-1,6
s1-CACTCAATAAGCCGAA-1,7
s1-CACTCAATGGTTCGGA-1,4
s1-CACTCAGTACTCCGCT-1,8
s1-CACTCAGTGGTCCTTC-1,7
s1-CACTCATCACGTTACG-1,8
s1-CACTCGTAGGCCACGG-1,1
s1-CACTGGATCGATACGA-1,8
s1-CACTGGCCAGCCAGAT-1,7
s1-CACTGGCGGTAACACC-1,8
s1-CACTGGTGAGACGCTT-1,7
s1-CACTGGTGAGTTATCG-1,7
s1-CACTTGACATTCAGAA-1,7
s1-CAGAACATGATAGGAC-1,10
s1-CAGAACGTATCGACTT-1,4
s1-CAGAAGTCGCGGTTAT-1,7
s1-CAGAATTCTTGAACCA-1,2
s1-CAGACACTTACAAGAC-1,9
s1-CAGACAGTCGGATCTG-1,9
s1-CAGACGAATGAGGAAC-1,7
s1-CAGACGATACAGATCG-1,1
s1-CAGACGCAGTAGGTCT-1,4
s1-CAGAGGCACTTAAGTC-1,7
s1-CAGAGGCGAATTGCCA-1,6
s1-CAGAGTCATGTACAGG-1,4
s1-CAGATACAGCACTCGT-1,8
s1-CAGATTATCATAACGC-1,3
s1-CAGATTCCGTATGCGA-1,7
s1-CAGATTGCCTGTAAGT-1,3
s1-CAGCACGCTAATCAGA-1,3
s1-CAGCATAGACTAGGCA-1,6
s1-CAGCATCCTCGCCACT-1,8
s1-CAGCCAACGATAGCTT-1,7
s1-CAGCCAGTCCTGTCGG-1,7
s1-CAGCCATGTCTGCCGT-1,9
s1-CAGCCTCGTGGCTCAC-1,3
s1-CAGCCTGGTTGAACTA-1,8
s1-CAGCGATAACTGAACC-1,4
s1-CAGCGATAATGCGATT-1,8
s1-CAGCTCACGCACTAGA-1,4
s1-CAGCTCCTCGGATTCT-1,3
s1-CAGCTGGATGCGGCTA-1,7
s1-CAGCTGGCGATAAGTG-1,8
s1-CAGCTGTTGCCGGAGT-1,4
s1-CAGCTTCACTACCGTG-1,2
s1-CAGCTTGACGCCATTA-1,4
s1-CAGCTTGGTTCGGTCG-1,7
s1-CAGGACAGAAGGCTGG-1,9
s1-CAGGACATGGTAATGC-1,3
s1-CAGGAGCGTATCGCAT-1,7
s1-CAGGCCAACAGCGAGT-1,7
s1-CAGGCCAACGGTCGTA-1,7
s1-CAGGCCGTATCTGTTA-1,9
s1-CAGGCGAGGTCTTGGA-1,5
s1-CAGGTACCACTCGCGG-1,4
s1-CAGGTTCCACTAATCC-1,7
s1-CAGTAATATCACTACG-1,8
s1-CAGTACAGTTGTGGAA-1,9
s1-CAGTAGATTGACGGAT-1,4
s1-CAGTATCTTACACTAA-1,7
s1-CAGTATGCGTGGCGCT-1,7
s1-CAGTCAGCCGATCCGG-1,2
s1-CAGTCTGGTAATCTAC-1,5
s1-CAGTCTGTGGCGCTGC-1,8
s1-CAGTGAACAGCAACGA-1,9
s1-CAGTGAAGATACATAA-1,7
s1-CAGTGATATTGATGTC-1,6
s1-CAGTGCCTTGCGGTCT-1,7
s1-CAGTTGCAACCGAGAT-1,7
s1-CAGTTGCACGGACAGG-1,3
s1-CAGTTGCGACTTCTCG-1,9
s1-CAGTTGCTCACGTGTC-1,7
s1-CATACAATGAGTAGCT-1,4
s1-CATACCTCGATTGTTC-1,9
s1-CATAGAACATTGAACA-1,7
s1-CATATCCGTTCACCTC-1,1
s1-CATATGTTGACTGGCG-1,4
s1-CATATTCATCCGCATT-1,4
s1-CATCAGATACTAATCG-1,7
s1-CATCAGGTAGGACCGT-1,2
s1-CATCAGGTGCCTGATA-1,3
s1-CATCAGTAATCAGACA-1,4
s1-CATCCGAAGCGTATGG-1,7
s1-CATCCGCCTAAGGAAC-1,9
s1-CATCCGGTACCAACGA-1,6
s1-CATCCGTGCGGTCTAC-1,9
s1-CATCCGTGGTCGTAAG-1,8
s1-CATCCTAGTGGTATGT-1,4
s1-CATCCTGGTACCTGCT-1,8
s1-CATCGCGGTCGGTGCG-1,9
s1-CATCGGATCCTACCTG-1,6
s1-CATCGGCATGTCGAAG-1,8
s1-CATCGGCCTGCATATC-1,9
s1-CATCGGTAGCGTCCGA-1,6
s1-CATCTGGCCATACTAG-1,4
s1-CATGATACTCAGGATT-1,9
s1-CATGATAGGCCATGAG-1,9
s1-CATGATGCATGTGCTA-1,9
s1-CATGATGCTAGCCATG-1,7
s1-CATGCACGCCGACGGA-1,9
s1-CATGCAGAAGTCAGGA-1,2
s1-CATGCATATGACGTCG-1,8
s1-CATGCATATTCTGCCT-1,8
s1-CATGCGCTACTGGAGG-1,10
s1-CATGCGGCCGGAATTC-1,6
s1-CATGCTCATCTGAACG-1,3
s1-CATGGCTACTGTACGT-1,6
s1-CATGGTGAGGCAGCAT-1,6
s1-CATGTCCACCTGCGTC-1,7
s1-CATGTTACCGAAGGCG-1,7
s1-CATGTTATTGATGCAG-1,2
s1-CATTAACTATTGTTCC-1,3
s1-CATTAGGATAGTGAAT-1,3
s1-CATTAGGCAATGGTTA-1,9
s1-CATTCTCCAGTCACCA-1,9
s1-CATTGCAGCGAAGACC-1,10
s1-CATTGCGTGCCACCTT-1,2
s1-CATTGCTATGTTAGCT-1,3
s1-CATTGGCGGTTGAGTC-1,4
s1-CCAACAGGAACACGGT-1,8
s1-CCAACTGGAGATTCAT-1,6
s1-CCAACTTGCCACCGTA-1,7
s1-CCAAGCCTGTATTAAT-1,4
s1-CCAAGCTGGCCATTGC-1,4
s1-CCAATACCAACACGCC-1,8
s1-CCAATAGAAGACTTGG-1,6
s1-CCAATAGCGGTACGTG-1,9
s1-CCAATCTAACGTGACG-1,7
s1-CCAATCTTGCCTATGG-1,3
s1-CCAATTATGACACTGG-1,9
s1-CCACAGGAAGATGTGC-1,4
s1-CCACATGGCGACGTCT-1,2
s1-CCACGAACGCTGCCGC-1,5
s1-CCACGATCCTAATCCG-1,3
s1-CCACGGTACACCAACC-1,7
s1-CCACGTCAATCAACAT-1,6
s1-CCACGTCGGTCGCTTC-1,5
s1-CCACGTGCCACCTCAA-1,3
s1-CCACGTGGACTGCGGT-1,8
s1-CCACTAATCACCGGTA-1,10
s1-CCACTCCAGCACCTAC-1,8
s1-CCACTCTGTAGTCGGA-1,4
s1-CCAGAACCGTGCATCC-1,6
s1-CCAGACAATATCGTTA-1,9
s1-CCAGACAGAACCTAAG-1,9
s1-CCAGACATCCGGTTCT-1,7
s1-CCAGACATCGGCACGC-1,3
s1-CCAGACCAGCGGCAAG-1,4
s1-CCAGATAGACGAGGTG-1,3
s1-CCAGATGATATGTAGG-1,9
s1-CCAGATTGTAGCCTAC-1,4
s1-CCAGCACTCGACTGAC-1,9
s1-CCAGCGGATTCCGCTG-1,7
s1-CCAGGTCCACATCCAT-1,10
s1-CCAGGTTACGAGACTG-1,6
s1-CCAGTGTCTAGCTACG-1,4
s1-CCATAGCCGTACGCAC-1,4
s1-CCATAGTATTGTCTGC-1,3
s1-CCATAGTTCGAGTAAG-1,9
s1-CCATCGGACAACCGTG-1,6
s1-CCATCTGTGGCATCGT-1,9
s1-CCATGAACAATGCTCC-1,8
s1-CCATGAACATCGTTGG-1,6
s1-CCATGGTTCCAATGTC-1,4
s1-CCATTCCGGTTCTTCC-1,6
s1-CCATTCGTCTGCTCTA-1,2
s1-CCATTGGCAATTCTCA-1,7
s1-CCGAAGCCAGGTTCAG-1,6
s1-CCGACAACGTCATCGG-1,1
s1-CCGACAAGACTGTACT-1,9
s1-CCGACAGACTGTGCCT-1,3
s1-CCGAGGATGACTCGTC-1,3
s1-CCGATAATGGAGCCTT-1,7
s1-CCGATGGAACATCAGC-1,9
s1-CCGATTAGCGAGTGTA-1,9
s1-CCGATTCCATAAGAGT-1,2
s1-CCGATTCCTCACTACA-1,9
s1-CCGCAAGGAAGGAGGC-1,8
s1-CCGCAAGGTACCGTTG-1,9
s1-CCGCAAGTAGCGGACT-1,2
s1-CCGCAATCCGTGGTTG-1,4
s1-CCGCAGTGATCACTGT-1,10
s1-CCGCATAGTACAGGTT-1,8
s1-CCGCATGTAGTTAGAC-1,8
s1-CCGCCACTGCGTTGGC-1,8
s1-CCGCCATACTTCACCA-1,3
s1-CCGCGAGGTGCGATGG-1,6
s1-CCGCGTATCGTTGCAG-1,4
s1-CCGCGTCGTTGGTCTG-1,8
s1-CCGCGTTACCTTGGCG-1,7
s1-CCGCGTTGACGGAACG-1,6
s1-CCGCTCAATCTGGAAC-1,8
s1-CCGCTCATACAAGTCA-1,9
s1-CCGCTCGCTAGTCTAA-1,9
s1-CCGCTCTGCTGAATTC-1,9
s1-CCGCTCTGGATATCGG-1,6
s1-CCGCTGTCACCTGCAA-1,3
s1-CCGCTGTTGCCATACG-1,4
s1-CCGGAGAAGCTAACCA-1,3
s1-CCGGAGACAAGAATAA-1,9
s1-CCGGATCTCCGAAGCG-1,5
s1-CCGGCAATGAAGTGAA-1,2
s1-CCGGCATAGGCAAGTG-1,8
s1-CCGGCGAACCGTGCAC-1,3
s1-CCGGCGAATGTACAGG-1,7
s1-CCGGCGCAGCATGCGA-1,7
s1-CCGGCGCTAAGGATGA-1,7
s1-CCGGCGTCCTCATTGT-1,3
s1-CCGGCGTCTTAATAAG-1,7
s1-CCGGTGGAGCTGGCTC-1,4
s1-CCGTATAATCTGGCCG-1,5
s1-CCGTCTTATGGACGAG-1,7
s1-CCGTGAAGGATAACAG-1,3
s1-CCGTGCACATCTGGCA-1,6
s1-CCGTGCTGGCAATATG-1,6
s1-CCGTGGCGTCGGTGCT-1,10
s1-CCTAACGCGATTGCAT-1,6
s1-CCTAACTACGAATATG-1,4
s1-CCTAACTTATGTTGGA-1,3
s1-CCTAAGCATGCCTTGT-1,9
s1-CCTAAGGTTACAGTAA-1,4
s1-CCTAATAGCGGACAGA-1,8
s1-CCTAATCCACAAGGAT-1,3
s1-CCTAATCGGCAGTCAC-1,6
s1-CCTAATGGCACTGTTC-1,9
s1-CCTACACCGACATTAC-1,2
s1-CCTACCACTCCAGTTA-1,6
s1-CCTACCATCGCAGTAT-1,7
s1-CCTACCATGTGATCAC-1,2
s1-CCTACGAGCTGGCCGG-1,3
s1-CCTAGCCTAGTACCGG-1,7
s1-CCTAGCCTTCATCGGC-1,9
s1-CCTAGTCAGCGAACCA-1,4
s1-CCTAGTCAGTCCTTAT-1,2
s1-CCTATCTATCAATCGC-1,4
s1-CCTATGATGGTCAATG-1,6
s1-CCTATGCCAGCAATCC-1,5
s1-CCTATGCCGTCGGCAC-1,9
s1-CCTATGCCTTCTTGTT-1,7
s1-CCTATGTCTTACCGGC-1,7
s1-CCTCACAATACAACTG-1,10
s1-CCTCACATGTACCTGG-1,6
s1-CCTCACATGTCTTACT-1,7
s1-CCTCACCTAGTGGCAA-1,9
s1-CCTCACGTTACTCGCA-1,8
s1-CCTCACTTCCTTCCGA-1,9
s1-CCTCATGATTATCTGA-1,2
s1-CCTCCGAAGCTGTACC-1,6
s1-CCTCGATAGAATAGGA-1,3
s1-CCTCGGAAGGCATGCA-1,9
s1-CCTCGGATCTTGCGGT-1,2
s1-CCTCGGTATGACAGTA-1,7
s1-CCTCTACCGTGATTGG-1,7
s1-CCTCTAGCTGGTCCGC-1,9
s1-CCTCTTCGAGCGGTTG-1,10
s1-CCTGAAGCGTATAGCA-1,3
s1-CCTGAAGTGCATGCAT-1,6
s1-CCTGCTCGCCGTCCAG-1,9
s1-CCTGGATCTAGAGCCA-1,6
s1-CCTGGATTGCGTAACA-1,9
s1-CCTGGCAACGAACGTC-1,10
s1-CCTGGCTTATGGTCTG-1,4
s1-CCTGTCCTCAGTTGTA-1,7
s1-CCTGTCTAAGTAGGCT-1,10
s1-CCTGTCTGATAGGTGA-1,2
s1-CCTGTCTGCATAGGTC-1,9
s1-CCTGTCTTACAATCCT-1,10
s1-CCTTAGATCTGTAATA-1,8
s1-CCTTAGTCTGTCACTG-1,7
s1-CCTTAGTTATACCAGA-1,8
s1-CCTTATAGGTCTCAAC-1,1
s1-CCTTCACCGACGGACA-1,10
s1-CCTTCCAACCTTCAGA-1,7
s1-CCTTCCGCTCCGGCAT-1,7
s1-CCTTGTCTACTTAGAC-1,7
s1-CCTTGTCTAGTTCTTG-1,4
s1-CCTTGTCTTACGGTTC-1,9
s1-CCTTGTGATGGTCTAG-1,7
s1-CGAACCAGAAGTCTGG-1,2
s1-CGAACGTGAAGTCCAA-1,6
s1-CGAACTACAGATGTAA-1,7
s1-CGAAGACCGCCAGGCG-1,7
s1-CGAAGATCCGAAGGCA-1,6
s1-CGAAGTCGTTGGCTCG-1,8
s1-CGAATGGACCGTCTTG-1,4
s1-CGAATTACTGCTCCGG-1,4
s1-CGACAAGTACTCCTTA-1,9
s1-CGACAAGTGATGCGCA-1,6
s1-CGACAATCATACGCAC-1,3
s1-CGACAATTATTCTGTC-1,3
s1-CGACAATTCGTCATGT-1,6
s1-CGACATTGTATGGAGG-1,3
s1-CGACCAGAACTGTCAT-1,8
s1-CGACCAGAAGGATCCG-1,7
s1-CGACCAGATTCAGTGA-1,3
s1-CGACCAGCCTTGATTA-1,3
s1-CGACCTATACTGACGT-1,8
s1-CGACCTGCATCTGCAT-1,3
s1-CGACCTTGGCGTTCTA-1,10
s1-CGACGCAACATGGCGA-1,4
s1-CGACGCAGCCTTAGTC-1,7
s1-CGACGCCAAGGTGCAA-1,7
s1-CGACGCCGCAAGTAGC-1,9
s1-CGACGCTCCGCACGTG-1,7
s1-CGACTAATGTTAGGCT-1,4
s1-CGACTAGGAGATAAGC-1,9
s1-CGACTAGGTCCTTAAC-1,3
s1-CGACTATTGGTACTAT-1,6
s1-CGACTGAACGAATGCT-1,8
s1-CGACTTCACTCGGCAT-1,9
s1-CGACTTCGCAAGCGGT-1,2
s1-CGAGATGCCGCATCTT-1,6
s1-CGAGATGCGGTATGCG-1,9
s1-CGAGCCTGCAAGGTTA-1,2
s1-CGAGCGAGCCACGCTA-1,3
s1-CGAGCGGCACAGTAGG-1,2
s1-CGAGCGTAATGGAGTG-1,9
s1-CGAGCGTATGCCAGCG-1,6
s1-CGAGCGTGAAGTTAGC-1,6
s1-CGAGCGTGCATTGTGG-1,6
s1-CGAGCGTGGACTGGAA-1,8
s1-CGAGCTAAGGCCTGTA-1,4
s1-CGAGCTATGTCCTCGC-1,3
s1-CGAGCTTAGAATACCT-1,7
s1-CGAGGAAGACTTAGAT-1,9
s1-CGAGGACGTAATAGGC-1,6
s1-CGAGGAGCGTTCGTTA-1,7
s1-CGAGGAGTCTAAGGAT-1,3
s1-CGAGGATTCGATCATA-1,7
s1-CGAGGCATCCAAGTCC-1,2
s1-CGAGTCACTCATAGAT-1,7
s1-CGAGTCATCCGCACCA-1,7
s1-CGAGTCCATGTCAACA-1,6
s1-CGAGTCCGTTGGAACT-1,7
s1-CGAGTCTTGTACTGCC-1,4
s1-CGAGTGCGGCTCGTGG-1,3
s1-CGATAAGAATTCCAGT-1,3
s1-CGATAAGGATAGGCAA-1,7
s1-CGATAAGGTGCCTGAC-1,2
s1-CGATGACCTCATCCTC-1,6
s1-CGATGAGGCCAACGTA-1,9
s1-CGATGATCAGCTATAA-1,3
s1-CGATGCACCAGGCCTC-1,3
s1-CGATGCCTGCTCACCG-1,4
s1-CGATGTCCGACTACAG-1,3
s1-CGATTAACTAATCTTA-1,6
s1-CGATTGGAACAGGCCA-1,5
s1-CGCAACCATGCACCGA-1,3
s1-CGCAAGTAGAGCTTGA-1,6
s1-CGCAATGTATCCAATG-1,8
s1-CGCACGCAGGTAAGTC-1,7
s1-CGCACGGCTGTCAGGT-1,3
s1-CGCACGTAGCATTGTT-1,4
s1-CGCACGTATGAAGGCC-1,4
s1-CGCACGTGACTGTTGG-1,9
s1-CGCACTAACTACCGGT-1,2
s1-CGCACTCACCAGCACG-1,4
s1-CGCACTGTGAGCCTGT-1,3
s1-CGCACTTAAGGCATGC-1,7
s1-CGCAGACACTGGCGTA-1,9
s1-CGCAGAGCAGTCCGAG-1,8
s1-CGCAGATAGATGTTCT-1,7
s1-CGCAGATATGGACAGT-1,1
s1-CGCAGATTCGACCGAA-1,2
s1-CGCATCTTGACTTAGT-1,2
s1-CGCATGAGGAGCGTCT-1,9
s1-CGCATGGAATTCACGA-1,4
s1-CGCCACAATAGCTCAA-1,8
s1-CGCCACATGCGTCCAA-1,6
s1-CGCCATGAGGCGATGA-1,3
s1-CGCCGGTATCTAGCAC-1,4
s1-CGCCTCGAGCCACTCG-1,9
s1-CGCCTCGATAATGCGG-1,9
s1-CGCCTCGGAACTGTGC-1,8
s1-CGCCTCGTACGAAGGC-1,7
s1-CGCCTCGTAGTCGTGA-1,4
s1-CGCCTCTAATTCGCGG-1,3
s1-CGCCTCTACTCGGAAC-1,6
s1-CGCCTCTGACTATTGT-1,6
s1-CGCCTTACGAGTAGCG-1,2
s1-CGCCTTAGCGGCCTCC-1,6
s1-CGCCTTAGGATCGGCA-1,9
s1-CGCCTTATCTTGGCGA-1,9
s1-CGCCTTGACGTGAATC-1,8
s1-CGCCTTGTGAAGTCTA-1,9
s1-CGCTACTCAGCCATAG-1,4
s1-CGCTAGACTTCATCAC-1,3
s1-CGCTAGCCGCATGCAT-1,7
s1-CGCTATAGCGATCGCC-1,6
s1-CGCTATAGTCTTCATC-1,10
s1-CGCTATGGTTGGTTAA-1,8
s1-CGCTATTAATCTATAA-1,4
s1-CGCTATTATGATACGT-1,10
s1-CGCTCGCAATTGGCGA-1,3
s1-CGCTCGGCCGGTTGTC-1,9
s1-CGCTCGGTACTGCGAA-1,9
s1-CGCTGCGAGTCCACAT-1,9
s1-CGCTGCTATGACAGAC-1,10
s1-CGCTGCTTCGCATACT-1,2
s1-CGCTGTGACATAGGCA-1,5
s1-CGCTTAGAATTCTTAC-1,7
s1-CGCTTATGGTTAGGAT-1,3
s1-CGCTTGCGTACGGCAC-1,8
s1-CGCTTGGCTTGGATCT-1,8
s1-CGGAACCGATTGAGTC-1,6
s1-CGGACACTATGTATCA-1,2
s1-CGGACTGTGAGTATAG-1,3
s1-CGGAGCCATCTGGATA-1,6
s1-CGGAGCCGCAATAGCC-1,4
s1-CGGAGCGGTAAGACGC-1,7
s1-CGGAGCTCACTTGCAT-1,8
s1-CGGAGCTCTTCCAACG-1,6
s1-CGGAGGCTAGTCGGCA-1,8
s1-CGGAGTAAGTGCACAT-1,5
s1-CGGAGTCTTACGTGAA-1,7
s1-CGGAGTGGCGACTAAG-1,9
s1-CGGAGTGGTCAAGTAT-1,7
s1-CGGATGTTGAACCACG-1,5
s1-CGGATTCCAGACGGTT-1,7
s1-CGGATTGCGTCTACCT-1,9
s1-CGGCAACCACTAGCAT-1,3
s1-CGGCAACCTAAGTCCA-1,9
s1-CGGCAAGATGCGTCGG-1,2
s1-CGGCAATCAACGTGGA-1,5
s1-CGGCACTCCGGTTCGC-1,3
s1-CGGCACTCTAGCGGAA-1,1
s1-CGGCATGGCCGCTTGT-1,4
s1-CGGCATTATCGCGTGG-1,3
s1-CGGCCATCAACCGGCG-1,4
s1-CGGCCTAACGATAATG-1,7
s1-CGGCCTGCGATCGATG-1,5
s1-CGGCCTGTCTGTCTGT-1,10
s1-CGGCGTAGCGCTAGGA-1,2
s1-CGGCGTTGGTTGCAGC-1,2
s1-CGGCTCGTGGAGTACT-1,10
s1-CGGCTGACCGCTCGCA-1,1
s1-CGGCTGTACATGATGT-1,1
s1-CGGCTTACGTGCACGA-1,2
s1-CGGCTTATTCGCTAAT-1,10
s1-CGGCTTCTACGATATG-1,2
s1-CGGCTTGTGCCGGCCT-1,5
s1-CGGTAGAACGTGACTT-1,3
s1-CGGTAGATTCCTATGC-1,7
s1-CGGTATAGGATGAGCG-1,9
s1-CGGTCAACGGCGGATT-1,9
s1-CGGTCATGGAGGACTC-1,3
s1-CGGTCCATACTTGAGC-1,6
s1-CGGTCCATGCGACTCC-1,1
s1-CGGTCCATTACAACTA-1,3
s1-CGGTCCGGTTCTTAGC-1,4
s1-CGGTCTAGATCGAATG-1,5
s1-CGGTCTGCGTATCTGG-1,7
s1-CGGTCTGCTTGAATGA-1,10
s1-CGGTCTTGCTATTCTA-1,3
s1-CGGTGAACGGTTAGAT-1,4
s1-CGGTGAACTCACATTG-1,3
s1-CGGTGAACTCCACCAG-1,9
s1-CGGTTACCATCAACCA-1,4
s1-CGGTTACGTCCATGAA-1,6
s1-CGGTTATCTGTCTTAA-1,3
s1-CGGTTGATTGAGCGCC-1,1
s1-CGTAACATAAGTCATC-1,8
s1-CGTAACATCGTTACGG-1,8
s1-CGTAACATTCGCGATA-1,9
s1-CGTAACATTGGCTGAG-1,2
s1-CGTAACCGGTATGCTA-1,7
s1-CGTAACCTGACATCGA-1,2
s1-CGTAAGCCGACCGCTT-1,5
s1-CGTAAGGATACGGCAC-1,6
s1-CGTACAGACGAGGACC-1,3
s1-CGTACAGGCCGCACTG-1,8
s1-CGTACAGTAAGTAATG-1,10
s1-CGTACATCACTGGATG-1,3
s1-CGTAGCCAAGTCCGTC-1,9
s1-CGTAGCCTTGAGCAAG-1,8
s1-CGTAGTACAAGGTACT-1,2
s1-CGTAGTACGCATAATG-1,2
s1-CGTAGTGACTCAAGGA-1,9
s1-CGTAGTTCGTTGGTAG-1,7
s1-CGTCAAGGCGGAATGT-1,3
s1-CGTCAGAACGTTGCCG-1,2
s1-CGTCCAATCTGCGTCC-1,4
s1-CGTCCATAATCCGCTT-1,9
s1-CGTCCATCCTAGCATC-1,5
s1-CGTCCATCGTCCAATA-1,2
s1-CGTCCATGTAGCGTCT-1,4
s1-CGTCGGATCGCAGAAC-1,1
s1-CGTCGGCAGACGGTAT-1,9
s1-CGTCGGCGGTAGATCA-1,3
s1-CGTGAATGGTCCTGCG-1,6
s1-CGTGAGCAATGGACAT-1,5
s1-CGTGAGCTGTTATCGT-1,4
s1-CGTGCGGATTCATGTA-1,3
s1-CGTGGCTACATCCATT-1,4
s1-CGTGGCTCCTTGTCTT-1,3
s1-CGTGTACGATGATTGT-1,9
s1-CGTGTAGACACCTTCC-1,6
s1-CGTGTATGAGGCCAGG-1,4
s1-CGTGTTAACCTGAAGC-1,10
s1-CGTGTTACCATATGTA-1,9
s1-CGTGTTAGATGGTATC-1,3
s1-CGTGTTGGACGTCTGG-1,10
s1-CGTTACAGTGCACTCA-1,7
s1-CGTTACGTGCAGATGG-1,4
s1-CGTTCCTGTCACCGTG-1,1
s1-CGTTCTCGAGGTTCGC-1,4
s1-CGTTGGTCGTCACTGT-1,3
s1-CGTTGTGAGCAAGTGG-1,7
s1-CTAACAGTATACCGGC-1,3
s1-CTAACGTGAATGATGT-1,8
s1-CTAACGTTAGGCAATG-1,5
s1-CTAAGCGTGCCTGCAA-1,3
s1-CTAAGCTCCACGATCA-1,5
s1-CTAAGCTTACAGTACG-1,7
s1-CTAAGTCAAGATCATG-1,5
s1-CTAAGTGGCCGATTAG-1,3
s1-CTAATCACTCCGAGAC-1,6
s1-CTAATCTGGCCGTGTT-1,2
s1-CTAATGACATCATTCT-1,2
s1-CTAATGAGCGAGGCTA-1,3
s1-CTAATTACGCAATGGA-1,6
s1-CTAATTATGTTGCCGC-1,4
s1-CTACAACCGCTGTCTA-1,3
s1-CTACAGAACCAGTTGA-1,8
s1-CTACAGAATTAATGAC-1,7
s1-CTACAGATCGGTCGCC-1,9
s1-CTACAGATGGTCATAC-1,3
s1-CTACAGCGTCTACACT-1,7
s1-CTACAGGTAGAATTCC-1,9
s1-CTACAGGTCGCTAAGC-1,4
s1-CTACATCTACTGGCTT-1,3
s1-CTACCAGACCTCTTAG-1,3
s1-CTACCAGGAGACATCT-1,2
s1-CTACCATCGATGAGAA-1,6
s1-CTACCTGTAATAAGCA-1,6
s1-CTACCTTATCAACTGA-1,9
s1-CTACGAATCAGCCTGG-1,8
s1-CTACGAATTGGCTGGT-1,7
s1-CTACGAGCCGGACGGT-1,3
s1-CTACGAGCCTGGAGAC-1,10
s1-CTACGATGCGTCCGGC-1,9
s1-CTACGCTACATCTGTT-1,7
s1-CTACGCTTAGAAGTGC-1,2
s1-CTACTGCTCCGACAGT-1,7
s1-CTACTTATGAACATAA-1,8
s1-CTAGACGATTGAGCTA-1,3
s1-CTAGCAACCAGTGCGG-1,9
s1-CTAGCACGATCACTGT-1,4
s1-CTAGCACGCCAAGCTT-1,10
s1-CTAGCATAGAGCGAGC-1,8
s1-CTAGCCGAAGATGGAC-1,10
s1-CTAGCGCCTAGCTTAA-1,8
s1-CTAGGACGCAAGCATT-1,8
s1-CTAGGCCAGGAGTACG-1,7
s1-CTAGTCAGGCGACAGT-1,2
s1-CTAGTGTTCAGATCCG-1,7
s1-CTAGTTATGTCCAAGG-1,8
s1-CTAGTTCTACATGACG-1,4
s1-CTATAACCAGCAGTAT-1,7
s1-CTATAACTCCTGGAGG-1,3
s1-CTATACCGACTCGCAT-1,9
s1-CTATAGATCCACAAGC-1,7
s1-CTATCCATAATCGATA-1,4
s1-CTATCCATTAGCTCGA-1,7
s1-CTATCCATTGAGCCAC-1,7
s1-CTATCCGCTGCAATTG-1,3
s1-CTATCGAGATGCCTAC-1,8
s1-CTATCGATCTGCGTGA-1,4
s1-CTATCGGATATCGGAG-1,3
s1-CTATCGGCCGTCTGAC-1,4
s1-CTATCGTATCAGCGTG-1,2
s1-CTATCGTATGATAGGA-1,4
s1-CTATCGTTACAACCTT-1,7
s1-CTATCGTTATCCGTCG-1,2
s1-CTATCGTTCCGCTCGT-1,6
s1-CTATGCACCAATCCAG-1,4
s1-CTATGCAGACCTCGCC-1,7
s1-CTATGCCATGCGGACA-1,4
s1-CTATGCCATTGGAGAA-1,6
s1-CTATGCCGTACAGCGT-1,3
s1-CTATGGCCAACGCCGG-1,1
s1-CTATGTAGGCCGAACG-1,7
s1-CTATGTCAGGAACCTC-1,7
s1-CTATGTCGTTCCGCTA-1,1
s1-CTATGTGCGGTTGACT-1,3
s1-CTATTAAGCCAGCACT-1,6
s1-CTATTACCGTCATATT-1,6
s1-CTATTAGCGGCTTCGT-1,7
s1-CTATTAGTACTGGCTC-1,7
s1-CTATTATGAGATACGA-1,2
s1-CTATTATGGCACCTCG-1,8
s1-CTATTCCGGCCGTCGG-1,7
s1-CTATTCCTTACCTAGG-1,6
s1-CTATTCGTCTTACATA-1,2
s1-CTATTCTGCAACGCAC-1,8
s1-CTATTCTGTAGGACCT-1,9
s1-CTCAAGATACAACGGA-1,10
s1-CTCAATACGTTAACCG-1,3
s1-CTCAATGACCATTAAG-1,3
s1-CTCAATTGGCGATTCC-1,9
s1-CTCACCAGGAATTGAC-1,6
s1-CTCACCAGTGTAAGTT-1,1
s1-CTCACCGCCTGTGAGT-1,6
s1-CTCACCGCTCTAATCA-1,2
s1-CTCACCGTGACTCGGA-1,5
s1-CTCACCTGAGACTAAG-1,9
s1-CTCACCTGCCGACTAA-1,9
s1-CTCACCTGGCTTAGGT-1,6
s1-CTCACCTTAATAAGAT-1,5
s1-CTCACCTTATCTCCTT-1,10
s1-CTCACCTTCTGAAGTA-1,2
s1-CTCACGAGTAGATGAG-1,2
s1-CTCACGATCTCCGGAG-1,7
s1-CTCACGTATTCAAGCG-1,7
s1-CTCACGTTCGGTCTGC-1,4
s1-CTCAGAAGACAACTCG-1,9
s1-CTCAGGATACGCGGCA-1,7
s1-CTCAGGCACGTCAGAC-1,7
s1-CTCAGGTCACTACAGC-1,7
s1-CTCAGGTCGTGCTCGC-1,3
s1-CTCATAATAGCACCGT-1,6
s1-CTCATAGCCAATGTCG-1,9
s1-CTCATATGATAACTAT-1,6
s1-CTCATATGTAACCGTG-1,6
s1-CTCATCCTGGCAAGTC-1,9
s1-CTCCAAGCGTCCTTCA-1,4
s1-CTCCACGCTAGCTAGA-1,3
s1-CTCCACTGGCTAATGG-1,2
s1-CTCCAGAATATTACAT-1,10
s1-CTCCATGGCGACCAGT-1,3
s1-CTCCGCAGCCGCCTTC-1,2
s1-CTCCGGATCCTCGCTC-1,4
s1-CTCCGGCCTACAGCTT-1,7
s1-CTCCGGTTCAGCGGAT-1,6
s1-CTCCTACATTGTATCT-1,3
s1-CTCCTACCTCGTGGTA-1,7
s1-CTCCTACTTGAGTAAG-1,4
s1-CTCCTGTCGAAGCCAA-1,4
s1-CTCCTTATCTTAAGAC-1,3
s1-CTCCTTATGGAACCTT-1,7
s1-CTCCTTGAATTGGCTA-1,4
s1-CTCGACAGCACTCGGA-1,2
s1-CTCGACTCCTAATGGA-1,7
s1-CTCGATGCGGTGTTAA-1,5
s1-CTCGATGTTGAACGGC-1,3
s1-CTCGATGTTGCTATGT-1,7
s1-CTCGCATACTCAACTC-1,5
s1-CTCGCTAGCACCATCT-1,7
s1-CTCGCTGTTCATAGAT-1,3
s1-CTCGGAATTCTTGATA-1,9
s1-CTCGGACTAACGTGGC-1,8
s1-CTCGGAGTCTTAAGGA-1,3
s1-CTCGGATCGGAATACG-1,4
s1-CTCGGTCTCCAACTGC-1,9
s1-CTCGTCGCGATTAATT-1,7
s1-CTCGTTCTGTCACGTT-1,4
s1-CTCGTTGCACCTTAGG-1,4
s1-CTGAAGCGGTTGCCAA-1,10
s1-CTGAAGGAGCCTCACT-1,7
s1-CTGAAGGATCTGTACG-1,3
s1-CTGAAGGTGCTCGAGG-1,7
s1-CTGAAGTGCTATGGCG-1,8
s1-CTGAAGTGCTGAACTG-1,7
s1-CTGAAGTTGCAGACAT-1,3
s1-CTGAATTCGCGTAAGG-1,7
s1-CTGACCGCCAATTAGG-1,6
s1-CTGACGTATCCGCCAC-1,6
s1-CTGACTCCGAATCTGC-1,5
s1-CTGACTCGAATTCGTG-1,4
s1-CTGACTGATTAGGCTG-1,4
s1-CTGACTGGTATGATAA-1,10
s1-CTGACTGGTCTACCTT-1,6
s1-CTGACTGTGGCCGGTT-1,3
s1-CTGATTAACAGCGGCC-1,3
s1-CTGATTAACGCAAGAA-1,1
s1-CTGATTACAATGTCCA-1,8
s1-CTGATTAGGTGCCGAA-1,9
s1-CTGATTATCAATAGAC-1,9
s1-CTGCATAATGGACCGC-1,4
s1-CTGCATTGAGGAGCCG-1,1
s1-CTGCCGATTGCGATGT-1,7
s1-CTGCCGTGAAGTCGCA-1,9
s1-CTGCCTAGTGAATAAG-1,1
s1-CTGCCTCCAACACCAG-1,2
s1-CTGCCTGACACGGATT-1,4
s1-CTGCCTGTGAGCCAGG-1,8
s1-CTGCTCATTAGAGTGC-1,9
s1-CTGGAACAATAGACAG-1,3
s1-CTGGAAGGCAACCGGA-1,4
s1-CTGGAAGTCTAAGCTC-1,4
s1-CTGGAATAGTGCAAGT-1,3
s1-CTGGAATGGATCAGCA-1,3
s1-CTGGAATGTCCGGCCT-1,6
s1-CTGGCACTTCTGCGTC-1,6
s1-CTGGCCTTACCACTTA-1,5
s1-CTGGCCTTGCATTCGG-1,4
s1-CTGGCGCACTTACTGA-1,3
s1-CTGGCGCATATCCGTG-1,8
s1-CTGGCGGACAACGCAC-1,3
s1-CTGGCTGGACGCTTGG-1,2
s1-CTGGTAATTAATCTGG-1,6
s1-CTGGTGATCCTGAAGG-1,2
s1-CTGGTGATCGCCGTAG-1,7
s1-CTGGTGCACGATCAAG-1,7
s1-CTGGTGCGTTCACGAG-1,3
s1-CTGGTGCTACAGTATT-1,10
s1-CTGGTGCTTATGACCA-1,9
s1-CTGGTGGCCAATAAGT-1,4
s1-CTGGTGGCCTTCCGAC-1,7
s1-CTGGTTGGACATCACC-1,8
s1-CTGGTTGGCTTGTTAC-1,6
s1-CTGTATCGAAGTGGAT-1,4
s1-CTGTATCGGAAGCTCC-1,10
s1-CTGTATCTTCGCCATA-1,9
s1-CTGTATGGCTCAACAT-1,9
s1-CTGTCACTCGGCCTTA-1,7
s1-CTGTCAGATCGATGCG-1,7
s1-CTGTCAGGCTTCCTAA-1,6
s1-CTGTCTATCCACATCT-1,7
s1-CTGTGCGTGAGCCGTC-1,6
s1-CTGTGGCTTGTCAGCT-1,3
s1-CTGTGGTAAGCTAATA-1,9
s1-CTGTTCCAGAAGCTGA-1,7
s1-CTGTTCGTATGCACCA-1,9
s1-CTGTTCTGCTCAGGAC-1,8
s1-CTGTTGCTACTCACAG-1,8
s1-CTTAATACGGCTAGCA-1,4
s1-CTTACGAACTCCGTCC-1,5
s1-CTTACGCAACTCAACG-1,10
s1-CTTACGCCATGCACAG-1,3
s1-CTTACGGTAAGCCGAA-1,3
s1-CTTACGTCATCCTTAT-1,9
s1-CTTAGCAACTAGGACC-1,7
s1-CTTAGCAAGGACAGCC-1,9
s1-CTTAGCACGACAGAAC-1,7
s1-CTTAGCCTAATGGTAA-1,7
s1-CTTAGCCTGTAAGACA-1,4
s1-CTTAGCGTAGCGTGCG-1,2
s1-CTTAGCTACCATCTCA-1,6
s1-CTTAGCTACGCAAGGT-1,7
s1-CTTAGCTATCCTTGCG-1,8
s1-CTTAGCTTAGTTCTCG-1,7
s1-CTTAGCTTCGCTGACC-1,9
s1-CTTAGTAAGCGTGGCA-1,3
s1-CTTAGTCCTCATAAGT-1,2
s1-CTTAGTCTATCGAGAC-1,3
s1-CTTAGTCTCGACAACT-1,3
s1-CTTAGTCTGTGCATCC-1,8
s1-CTTAGTCTTATTCGGA-1,7
s1-CTTAGTGCGACCTATT-1,2
s1-CTTAGTGCGTTGACGC-1,8
s1-CTTAGTGGCTAAGACG-1,8
s1-CTTAGTGGTACACGAC-1,2
s1-CTTAGTTGAATCACCT-1,6
s1-CTTAGTTGCTCGTTGT-1,2
s1-CTTAGTTGGAGCGACC-1,6
s1-CTTATTCACTAGCTGG-1,3
s1-CTTCAAGTCGACCTTC-1,7
s1-CTTCAATCGTACTACG-1,4
s1-CTTCATGCCTAGACGG-1,2
s1-CTTCATTGGATACCAC-1,2
s1-CTTCCAATTGAAGATT-1,7
s1-CTTCCACGATCCTGTA-1,1
s1-CTTCCGACGCACAACC-1,7
s1-CTTCCGTCGCTGCATC-1,7
s1-CTTCGACCAAGCCGAG-1,4
s1-CTTCGACTCCAGACTG-1,10
s1-CTTCGATAACATTGGT-1,7
s1-CTTCGATACTCCGACC-1,9
s1-CTTCGATATGTAGGAG-1,10
s1-CTTCGATGGACGTACC-1,8
s1-CTTCGCCGCAACATTA-1,9
s1-CTTCGGCTCACTACCT-1,8
s1-CTTCGTATTAATACGG-1,4
s1-CTTCGTCAAGACTCGT-1,9
s1-CTTCTACTCAAGTCGT-1,7
s1-CTTCTGAGCCAGGAAC-1,8
s1-CTTCTGTACGGACATC-1,4
s1-CTTGAACTTAGAGGAA-1,3
s1-CTTGAGCCTTGTTCCA-1,3
s1-CTTGAGTCCAAGGCTG-1,4
s1-CTTGATGCAATCACAA-1,7
s1-CTTGCCGGAAGACGCA-1,9
s1-CTTGCGTAACAGCAGT-1,7
s1-CTTGGACAGGTTAGAA-1,4
s1-CTTGGACTTGTCTGTC-1,7
s1-CTTGGAGGCCACCTGC-1,10
s1-CTTGGTCGGAAGTAGC-1,10
s1-CTTGGTTAGAGTCATC-1,3
s1-CTTGTATCGTATGATT-1,1
s1-CTTGTCAAGGCGTCAA-1,4
s1-CTTGTCAGTTCGGTAA-1,2
s1-GAACAAGGTCGAGCAA-1,7
s1-GAACAGATAACCTTAA-1,7
s1-GAACAGATCCGCTAGA-1,4
s1-GAACATTCGACACGTA-1,9
s1-GAACCGAACGAAGACT-1,2
s1-GAACCTTAGTTGATTA-1,6
s1-GAACGCCAGTGCATAC-1,9
s1-GAACGCTAGAAGGCTA-1,9
s1-GAACTAACTCTACGTG-1,3
s1-GAACTACAAGTAGGAG-1,3
s1-GAACTACCTTATCATA-1,7
s1-GAACTCATAGTGAGTG-1,5
s1-GAACTCCTCATACATA-1,5
s1-GAACTCCTGGAGGCTC-1,4
s1-GAACTGTAACTCAGGC-1,4
s1-GAACTTGGTGAGGATA-1,7
s1-GAAGCGATTGCCGAAT-1,10
s1-GAAGCGGCTGATCAGT-1,7
s1-GAAGCGTATCATCGTT-1,1
s1-GAAGCGTCCATAGTTG-1,4
s1-GAAGCTGTTCTACATC-1,3
s1-GAAGGATGGTATACGT-1,6
s1-GAATAAGGAGAACTAA-1,3
s1-GAATACAGACGAACTG-1,9
s1-GAATACCTGCCACGGC-1,6
s1-GAATACTAAGGCGAAT-1,3
s1-GAATCAATTACCGACC-1,7
s1-GAATCATAGTCTGAAG-1,9
s1-GAATCATGAACCAGTG-1,5
s1-GAATGACAACTAGTCA-1,6
s1-GAATGACACGACTAGG-1,2
s1-GAATGACCACAATCGA-1,9
s1-GAATGAGTATAGACCA-1,9
s1-GAATGGCCAAGGAGGC-1,7
s1-GAATGTATTGGATCAA-1,3
s1-GAATGTGCCTAGCAGA-1,8
s1-GAATTAACCTTCAATT-1,9
s1-GAATTCACAACTGCAG-1,9
s1-GACAACATCATGCCGC-1,10
s1-GACAACCTAGGAGTCT-1,6
s1-GACAACGGACTCAGCT-1,3
s1-GACAACGGCGATGTTA-1,2
s1-GACAACTTAACCAACC-1,7
s1-GACAACTTGATTGTGA-1,7
s1-GACAAGCCTCGTTAGT-1,6
s1-GACAAGCTGAATCTGG-1,9
s1-GACAATCTATTAGATT-1,2
s1-GACAATGACAAGCTTA-1,10
s1-GACAATTGTATGCTTC-1,3
s1-GACAGCAACTCAGAAC-1,10
s1-GACAGTCACTTCGCTC-1,7
s1-GACATCACCGTTGCGT-1,9
s1-GACATCCTTCATTATC-1,10
s1-GACATCTGCGGTCTTG-1,5
s1-GACATTATCTTAATCT-1,8
s1-GACCAATTGCGTCAGA-1,8
s1-GACCACATTCTTGAAT-1,3
s1-GACCACGGCGTACATA-1,10
s1-GACCACTCCTGACGTT-1,8
s1-GACCACTTAGACAGGT-1,9
s1-GACCGAAGACTGGCAG-1,9
s1-GACCGAATCTAATACG-1,5
s1-GACCGACAATAGGAAT-1,10
s1-GACCGAGGCAACGTTC-1,1
s1-GACCGGCCATGTACCG-1,7
s1-GACCGTATTAGACCGG-1,8
s1-GACCTGCTGTACGAAG-1,9
s1-GACGAGCTGCACTCGT-1,7
s1-GACGCAGCGTCAAGTT-1,7
s1-GACGCCTCGTCAGAGG-1,5
s1-GACGCCTCTTGATTGT-1,8
s1-GACGGCTTAGGTGCGA-1,3
s1-GACGGTACCTGGCCGT-1,9
s1-GACGGTGGTTGATGTC-1,4
s1-GACGTACAGGAACGCT-1,9
s1-GACGTAGACTGCCGCA-1,6
s1-GACGTCTTATCTCAGC-1,10
s1-GACGTGGTGCTCCAGA-1,7
s1-GACTACGAGTTCCATT-1,3
s1-GACTACGCCTATAGCC-1,9
s1-GACTAGATTAGCTAAC-1,10
s1-GACTAGTAATCTTGCT-1,7
s1-GACTGCCATAGAATAC-1,9
s1-GACTGCGGTCTGCGTG-1,3
s1-GACTTCATACCGCTGT-1,2
s1-GACTTGAACGTCCGTA-1,9
s1-GACTTGAAGCCATAGC-1,6
s1-GAGCACCATTCGCTGT-1,6
s1-GAGCAGACTAGTGGTA-1,6
s1-GAGCATCTCCAGTCTG-1,6
s1-GAGCCAAGCGATCGTA-1,4
s1-GAGCCAGCTTACGGTA-1,7
s1-GAGCCTCACGTATGTA-1,3
s1-GAGCCTCCAGTACCGA-1,4
s1-GAGCGAATCGGTAGAA-1,5
s1-GAGCGATACTCCAGGC-1,8
s1-GAGCGGCAATGGAATA-1,8
s1-GAGCGGTGTTATCAAC-1,6
s1-GAGCTAACCTACTTAC-1,2
s1-GAGCTAAGGTTGCGTT-1,7
s1-GAGCTACAAGATCAAG-1,2
s1-GAGCTACAGCTCGGTA-1,1
s1-GAGCTGCGGTGGTAAT-1,4
s1-GAGGAAGGCAACGGCG-1,6
s1-GAGGACAGATCGCCTA-1,9
s1-GAGGACAGTGATCGGC-1,6
s1-GAGGACGAGTCCTAGT-1,8
s1-GAGGATACCAGGTACG-1,6
s1-GAGGATCCAGAACTGG-1,2
s1-GAGGATGAGGATCCTC-1,4
s1-GAGGATGATAGGAAGG-1,3
s1-GAGGCCACAAGGTGCA-1,3
s1-GAGGCCACTTCTAGAT-1,8
s1-GAGGCCAGCAGAGGTT-1,2
s1-GAGGCGCTCCATTCCT-1,7
s1-GAGGTAACATTCGATC-1,10
s1-GAGGTAACTAGACAGT-1,8
s1-GAGGTAACTGCGAGAC-1,7
s1-GAGGTATTAATAGCGG-1,3
s1-GAGGTCACTGTAAGCT-1,7
s1-GAGGTGCATTCGGATC-1,7
s1-GAGGTGCCTCTTCGTG-1,4
s1-GAGGTGCGGCTGACCA-1,10
s1-GAGGTGGCTCGAGGTT-1,3
s1-GAGGTGTAGCAACTCA-1,3
s1-GAGTAACGTGGCTTGA-1,5
s1-GAGTAGACGCAGGCTC-1,3
s1-GAGTAGATACGTCAAC-1,1
s1-GAGTAGATTATGGTTC-1,8
s1-GAGTAGGATGGTAGTC-1,9
s1-GAGTCACGTCCTTAGA-1,10
s1-GAGTCCACGCCTGAAG-1,4
s1-GAGTCCACTCATAACA-1,7
s1-GAGTCCTACCTCTGCA-1,7
s1-GAGTCCTCTAGCGACA-1,4
s1-GAGTCTCGAGATAGTC-1,9
s1-GAGTCTGACTATAGAA-1,3
s1-GAGTCTGGTGAATGAG-1,9
s1-GAGTGCAGCGTCATCG-1,7
s1-GAGTGCCGCATTAGGC-1,3
s1-GAGTGCGGATACAGTC-1,6
s1-GAGTGGAGCAAGCGCA-1,7
s1-GAGTTAATCTCGTTAT-1,8
s1-GAGTTAATTCCACTGG-1,5
s1-GAGTTACTCAATGGAA-1,9
s1-GAGTTAGCAGTAGATG-1,4
s1-GAGTTCTATCGTGCCT-1,3
s1-GAGTTGGTATTAATAG-1,10
s1-GATAAGCACGTGCGTA-1,10
s1-GATAAGTTGGCGATTA-1,9
s1-GATAATCAGCTATTGT-1,3
s1-GATACATAACGCATGT-1,6
s1-GATACCTCGCGACTGC-1,1
s1-GATACTTCACTCAGCA-1,5
s1-GATACTTCTAGTGGAG-1,4
s1-GATAGAGTCTGAATCG-1,7
s1-GATAGAGTGATAAGCT-1,9
s1-GATAGATGTTGAAGAT-1,5
s1-GATAGCTAATGGATAG-1,7
s1-GATAGTGACACTCCAA-1,2
s1-GATATCCATATGAGGC-1,10
s1-GATATCTTGTGACACG-1,9
s1-GATATGCTCACGTTAC-1,7
s1-GATCACGAACGTTGAG-1,6
s1-GATCCACCGCGTGCAA-1,9
s1-GATCCGGACATACACC-1,3
s1-GATCGGAGATACGCAG-1,9
s1-GATCGTAACATTAATA-1,8
s1-GATCGTAAGAGTCGCA-1,2
s1-GATCGTCATGCGGAGG-1,6
s1-GATCGTGGCCACAACC-1,2
s1-GATCGTTGATGGATGC-1,6
s1-GATCGTTGGAATGACA-1,6
s1-GATCTATGAAGATGCG-1,7
s1-GATCTTGTCATGATCT-1,7
s1-GATGACTCTGAATCTT-1,2
s1-GATGAGTGAACGGCTG-1,3
s1-GATGCCAGACATAATG-1,3
s1-GATGCCGACAGATATT-1,2
s1-GATGCCTAGAGTCTGT-1,7
s1-GATGGACCTGGACGGA-1,7
s1-GATGGACGGCAGATGA-1,5
s1-GATGTAGCGAGGTCCA-1,4
s1-GATGTAGGAGTTGGCC-1,3
s1-GATGTTCTATAGGATA-1,1
s1-GATTATGTGACATGAT-1,7
s1-GATTCCAAGTCCTGTA-1,6
s1-GATTCCATACTGAACC-1,9
s1-GATTCCATTGAGTTGA-1,9
s1-GATTCCGCTATCGGCT-1,8
s1-GATTCCGCTGCAAGAT-1,2
s1-GATTCCGTGCGTATAC-1,7
s1-GATTCCTGCAGATCGT-1,7
s1-GATTCGCCATGTATCA-1,7
s1-GATTGACTCCATGCGA-1,4
s1-GATTGTCGCAACGAGG-1,9
s1-GCAACAGCGTGGATCA-1,2
s1-GCAACAGCTCCTATGA-1,6
s1-GCAACAGGCCATTGAC-1,7
s1-GCAACATACATCAGCA-1,3
s1-GCAACATCAGTCAAGT-1,1
s1-GCAACATGGTTCTTCA-1,10
s1-GCAAGAATGTTCCACC-1,9
s1-GCAAGATAGGTTAACT-1,3
s1-GCAAGCACTACCGCCA-1,8
s1-GCAAGCTTATTGACGT-1,8
s1-GCAATACATGAGGACA-1,2
s1-GCAATCAACTCCAGAT-1,6
s1-GCAATCCTCGAGCGTT-1,9
s1-GCAATCGTGACTCCAA-1,4
s1-GCAATTAATCAACGTA-1,7
s1-GCAATTCCTATCATAC-1,5
s1-GCAATTCTGTGACAGA-1,9
s1-GCACAGCTGTGGTTGA-1,9
s1-GCACAGTCTTGATAGA-1,9
s1-GCACATGCCGGTCTGG-1,4
s1-GCACCGAAGATGTCTA-1,4
s1-GCACCTAGCCGAATCT-1,3
s1-GCACCTAGTAATTATC-1,9
s1-GCACCTTAATCGGATA-1,6
s1-GCACCTTACTGGCTAC-1,7
s1-GCACCTTAGCCTCGCA-1,8
s1-GCACGAGCAGTACCGA-1,8
s1-GCACGAGCTATTGTCG-1,6
s1-GCACGAGGTCACGGAC-1,6
s1-GCACGCAACCATACCA-1,7
s1-GCACGCATAGATTGCT-1,3
s1-GCACGCATAGGCGATC-1,9
s1-GCACGCTTCGTTGTTC-1,2
s1-GCACGGAAGGATAGTA-1,8
s1-GCACTACACTATTGCG-1,2
s1-GCACTCCGACTGGCGT-1,6
s1-GCACTCTGTTGCCATA-1,9
s1-GCACTCTTGCTACCGA-1,6
s1-GCACTGAATATGACAG-1,7
s1-GCACTGCCTCGATGCG-1,3
s1-GCACTGGACGCAGCAC-1,10
s1-GCACTGTTGCGGCCTT-1,3
s1-GCAGACGCCTGGTTAT-1,9
s1-GCAGATACGTTGAACG-1,4
s1-GCAGATCCTAATGTGG-1,9
s1-GCAGATCGGTAATTAT-1,6
s1-GCAGCCGGATGCCGCA-1,8
s1-GCAGCGACAGTTCGGT-1,6
s1-GCAGCGATCTAACGAA-1,8
s1-GCAGGCAGTGATCTAC-1,7
s1-GCAGGCCATTCCTGCC-1,7
s1-GCAGGCTACCGTCCTT-1,9
s1-GCAGGCTGGTTCCAAG-1,10
s1-GCAGGTCACTACCTCA-1,2
s1-GCAGGTGCTGATGCTT-1,2
s1-GCAGTAGATGTCCAAT-1,3
s1-GCATAACCGAGGTGAT-1,4
s1-GCATACTAGCATCGAA-1,9
s1-GCATGACGGATTATCA-1,9
s1-GCATGCTGAGACAGGT-1,3
s1-GCATGTCGAGTGTCTT-1,9
s1-GCATTACCTGTCAAGA-1,9
s1-GCATTGACTACAGCGA-1,7
s1-GCATTGCTGTTCCATC-1,6
s1-GCATTGGTTACCAAGC-1,4
s1-GCCAACGAGCGGCATA-1,10
s1-GCCACGAAGGAATTCC-1,10
s1-GCCACGCCTTAGTACG-1,10
s1-GCCACTATAGACCATA-1,8
s1-GCCACTCCGTCACCTC-1,8
s1-GCCAGACAGACGCCTA-1,8
s1-GCCAGACATCTATCAC-1,7
s1-GCCAGGCTTAATGGCC-1,6
s1-GCCAGTAGACGATACC-1,3
s1-GCCAGTTAATTCTTGC-1,4
s1-GCCAGTTCCTCGTGCC-1,9
s1-GCCATTCTCGTGTAGA-1,8
s1-GCCATTGCATGTTAAC-1,6
s1-GCCATTGTAACTGATC-1,4
s1-GCCATTGTAATGTCTT-1,8
s1-GCCGAGTCCTCGTCCA-1,7
s1-GCCGATCGAGTGAAGT-1,2
s1-GCCGATCTCGTGACTC-1,2
s1-GCCGCACTTCGTCTAT-1,1
s1-GCCGCTGATTGGCCAG-1,7
s1-GCCGCTTCTAAGGTGA-1,2
s1-GCCGGCAATAGGCAGG-1,3
s1-GCCGGCATTCCGCCGA-1,10
s1-GCCGGCGAACCATTGT-1,2
s1-GCCGGCGTGAACTTGC-1,7
s1-GCCGGTATGCTCATGC-1,7
s1-GCCGTACCAGATCTAG-1,8
s1-GCCGTATGCCAGTCTT-1,9
s1-GCCTATAGCATACCTT-1,7
s1-GCCTCATGCGAGCAGG-1,4
s1-GCCTCCGTCTACCTCG-1,9
s1-GCCTCCTGCGGCCGTT-1,3
s1-GCCTGGAACGTCTGCT-1,8
s1-GCCTGGACCTATTGTC-1,10
s1-GCCTGGAGCAAGTTAG-1,8
s1-GCCTGGTACATGGTCG-1,3
s1-GCCTGGTCAGGTTGCC-1,9
s1-GCCTGTGAAGTCGGCG-1,9
s1-GCCTGTGACACCAGAA-1,8
s1-GCCTGTGATAGATTGG-1,7
s1-GCCTGTTAACGGACGA-1,6
s1-GCCTGTTAGGTTGTGA-1,6
s1-GCCTTCGCTTATGTTC-1,7
s1-GCCTTCTGATTCCGTC-1,9
s1-GCCTTCTGTCACGCTC-1,3
s1-GCCTTGAGATCTGAGC-1,9
s1-GCCTTGCCACTTCTGA-1,2
s1-GCCTTGGCGAACAATC-1,7
s1-GCGAAGTTGGCGTGCA-1,4
s1-GCGAATAGTGGCTAAT-1,9
s1-GCGAATCGAGAACACG-1,7
s1-GCGAATGCAGTGTCAA-1,7
s1-GCGAATTGGCTAGCCA-1,9
s1-GCGACACTAAGCTAAG-1,9
s1-GCGACAGTGCCGCACC-1,9
s1-GCGACGTAGAGCGTTA-1,4
s1-GCGAGCGGACCATAAC-1,2
s1-GCGAGCGGTTGTCATG-1,3
s1-GCGAGCTAACTCCTAG-1,6
s1-GCGAGGATCGACCTTA-1,9
s1-GCGAGTTGAACGTCGA-1,10
s1-GCGATCTTGCTCACGC-1,2
s1-GCGATGACCGTGTAAT-1,7
s1-GCGATGTACTGCTATT-1,4
s1-GCGATTCTAACAGTAA-1,10
s1-GCGGCAAGTGTTATGT-1,3
s1-GCGGTCCTGTAGTCTG-1,7
s1-GCGGTCGTTGATCTTG-1,8
s1-GCGGTGGCCGACGCAT-1,3
s1-GCGGTTGCCTCGACGG-1,6
s1-GCGTAACGTTACAGGT-1,4
s1-GCGTACCGGAACGACA-1,8
s1-GCGTACCGGATGGCTC-1,2
s1-GCGTACCGTGTATCAG-1,7
s1-GCGTACGAATCTAATC-1,2
s1-GCGTCCAGCAATTGGC-1,8
s1-GCGTCCTCTGCCGTTG-1,10
s1-GCGTCGGAATGCTGCC-1,7
s1-GCGTCGGTCACGCCAG-1,9
s1-GCGTCTCGCAACTCAT-1,3
s1-GCGTGAACGTGACTCA-1,7
s1-GCGTTAATAGTCAGTA-1,7
s1-GCGTTCGAGGCCACAA-1,8
s1-GCGTTGTATCGGAGCT-1,4
s1-GCTAACAGATTGGTAG-1,4
s1-GCTAACCATAGGCGTT-1,7
s1-GCTACATCTGTACTCA-1,9
s1-GCTACCATCCTGTAGA-1,3
s1-GCTACCTAGTCCGTTC-1,6
s1-GCTACTTCTGACGCGA-1,7
s1-GCTATGCGTGAACGGT-1,7
s1-GCTCAACCACGGCAAC-1,4
s1-GCTCATACAATTAGAC-1,3
s1-GCTCCGAGACTACATA-1,9
s1-GCTCCGGCAACATGAT-1,7
s1-GCTCCTATGTCTTCGC-1,9
s1-GCTCGATGCTCGCATG-1,8
s1-GCTCGCATCGTCATTA-1,4
s1-GCTCGGAGATGAATGT-1,3
s1-GCTCGTAACGGAGCAC-1,6
s1-GCTCGTCTGCCGCAAT-1,7
s1-GCTGAATGACCGTGAG-1,7
s1-GCTGACAGCCGGAGCG-1,7
s1-GCTGACTTGTCTCAAT-1,3
s1-GCTGAGGACAAGAAGT-1,9
s1-GCTGAGTGTTCAACCG-1,9
s1-GCTGCCGCCTATGTAG-1,7
s1-GCTGCGCAATGGAAGC-1,6
s1-GCTGCGTTATGTGGAC-1,7
s1-GCTGGATGACTCTACC-1,7
s1-GCTGTAGTGCTGTCGC-1,3
s1-GCTGTCGCGATGGTAG-1,4
s1-GCTGTTATGGTTGCCG-1,1
s1-GCTGTTCAACCGAATA-1,2
s1-GCTGTTCATCAGCGTC-1,4
s1-GCTGTTGATAGTCTTA-1,9
s1-GCTTAATAGAGGCGAG-1,2
s1-GCTTACATGTTGCGCT-1,8
s1-GCTTACCTCGTGCTAT-1,4
s1-GCTTCGCTCAAGCGAT-1,9
s1-GCTTCGGCATCAGAGT-1,9
s1-GCTTCTAAGTCTGACG-1,9
s1-GCTTCTAGCGTTCATT-1,9
s1-GCTTCTCAGACCGCCT-1,1
s1-GCTTCTCCAGAACCGC-1,4
s1-GCTTCTGTTACGAGAA-1,7
s1-GCTTCTTGGACGAGCG-1,3
s1-GCTTGAACTCCATCCA-1,1
s1-GCTTGAACTCGCCATG-1,6
s1-GCTTGACCTCCGCTTC-1,9
s1-GCTTGAGCTCTTGACA-1,3
s1-GCTTGCAATACAAGGC-1,1
s1-GCTTGCCATAGTGGAT-1,8
s1-GCTTGCTTACTTAACG-1,3
s1-GCTTGGATCCAACCGG-1,10
s1-GCTTGGATGCTCGCTT-1,7
s1-GCTTGGCTGCGGTAAC-1,7
s1-GCTTGGTCAACCGTGG-1,3
s1-GCTTGGTGTTCGAACA-1,6
s1-GGAACATCGTGGAATC-1,2
s1-GGAACTTCGACATGTC-1,9
s1-GGAAGAATAACTAACC-1,8
s1-GGAAGCATTAGAGGCA-1,4
s1-GGAAGCTGAGATAAGG-1,6
s1-GGAAGTCTTGTCGCAT-1,9
s1-GGAATCCTTAGACTGT-1,3
s1-GGAATGGCAACTTGGA-1,3
s1-GGACAGTGCGGCAACA-1,3
s1-GGACCACTTATCGTTC-1,4
s1-GGACCATCACCGCCAA-1,8
s1-GGACCGATCTGGATTA-1,2
s1-GGACCGCTTCCTGGCA-1,3
s1-GGACGGCTATCGACCA-1,10
s1-GGACGGTGCAGTAGGA-1,8
s1-GGACGTACATACCAGA-1,6
s1-GGACGTAGTGTAGAAG-1,8
s1-GGACGTCGAACGGCTT-1,9
s1-GGACGTCGAGGATTCA-1,9
s1-GGACGTCGCACGAGAA-1,7
s1-GGACGTTAGATATTAC-1,3
s1-GGACGTTAGATTCAGG-1,4
s1-GGACGTTGGAGGTGAT-1,7
s1-GGACTCACGGTCCAAT-1,8
s1-GGAGAAGCCAAGCGCT-1,4
s1-GGAGATAGGAATGGTC-1,6
s1-GGAGATCCGTAGGATA-1,4
s1-GGAGATCCTGTACCAG-1,3
s1-GGAGATGCGTGCAGTA-1,5
s1-GGAGATGGCTCGAGAT-1,7
s1-GGAGCAATGCGGTGCA-1,6
s1-GGAGCGAATTGGACGG-1,3
s1-GGAGCGAGTGTAACTT-1,7
s1-GGAGCGGCACCTCGTA-1,7
s1-GGAGGCACATAGCGTA-1,10
s1-GGAGGTCGTAGGAGCT-1,3
s1-GGAGTCCAGATAGCTT-1,9
s1-GGAGTCTAAGGCCGCT-1,8
s1-GGAGTCTAAGTGGTCC-1,7
s1-GGAGTGTCCATGTATT-1,8
s1-GGATAAGTCAGGATAG-1,9
s1-GGATAATTATGCTGGT-1,7
s1-GGATAATTCAATGCTG-1,3
s1-GGATCGAGTGTCCACT-1,10
s1-GGATCGATACCTCCGG-1,4
s1-GGATCGCTGGCATATT-1,2
s1-GGATCGGACGTCTTGT-1,1
s1-GGATGGATCACTCATA-1,7
s1-GGATGTAACTAATCCG-1,10
s1-GGATTCCGACGTGATG-1,4
s1-GGATTCGATGTCCGGA-1,4
s1-GGCAAGACAATCAGCT-1,7
s1-GGCAATGCGAACTTAA-1,8
s1-GGCACGACGGACGTCG-1,8
s1-GGCAGCCGGCACTTCC-1,3
s1-GGCAGCGTATACGACT-1,7
s1-GGCAGCTCCTGGACGG-1,4
s1-GGCAGGAAGTCTTCTA-1,10
s1-GGCATAATCCTATCGC-1,3
s1-GGCATAATCCTTCATG-1,6
s1-GGCATACATGGCTCAG-1,3
s1-GGCATTCCGATGCTCG-1,9
s1-GGCATTGCTAAGAATG-1,3
s1-GGCCAAGATGGATGGC-1,2
s1-GGCCAATAACGCTACA-1,9
s1-GGCCAGTAGGTATGAG-1,8
s1-GGCCGCCAACTATTGC-1,9
s1-GGCCGTCCAGTAGGAC-1,5
s1-GGCCTGCGTTATGCCG-1,7
s1-GGCCTTCGACCAGGTA-1,9
s1-GGCCTTGGATGTTGTC-1,6
s1-GGCGACCATAGCGTTA-1,9
s1-GGCGACTTCTTGATGT-1,9
s1-GGCGAGGCAGCCTACT-1,7
s1-GGCGATCGGTCTGCTC-1,8
s1-GGCGCCAAGGAGCGCT-1,3
s1-GGCGCCACCGGAGCAA-1,2
s1-GGCGCCACTGAACATC-1,4
s1-GGCGCCGTCGGACATA-1,9
s1-GGCGCCTTGGCCTAAG-1,6
s1-GGCGCTAATATGCTCC-1,9
s1-GGCGGAAGTCTTGTAG-1,7
s1-GGCGGAGCACTGATAA-1,3
s1-GGCGGAGTTGAACTAT-1,3
s1-GGCGGATACAACGCAC-1,5
s1-GGCGGATATTGATTGA-1,3
s1-GGCGTCGCCGTATGAT-1,4
s1-GGCGTCGGTAGTGATA-1,5
s1-GGCGTGGACCTTAGAT-1,5
s1-GGCGTGGCACGGCACT-1,9
s1-GGCGTGTAATTACTTA-1,3
s1-GGCTCAATCAACATGA-1,3
s1-GGCTGACGCCGAATCA-1,7
s1-GGCTGCTAACTTCGCT-1,7
s1-GGCTGCTCCATAGCTG-1,7
s1-GGCTGTTCAATGTCAA-1,9
s1-GGCTTGCCATAGGCTC-1,8
s1-GGTAAGGCGACGATGA-1,3
s1-GGTACCACCTATACCT-1,10
s1-GGTACCAGGTAGTGTT-1,3
s1-GGTACGAAGAACTCGA-1,10
s1-GGTACGATCGACTTAA-1,7
s1-GGTACGCTTACCTGCG-1,2
s1-GGTACGGAGCATCAGC-1,7
s1-GGTACGGTATGCTCCA-1,5
s1-GGTACGTGCTCGGCAA-1,8
s1-GGTACTGTGATCTTCC-1,5
s1-GGTAGCCATCAATCCG-1,3
s1-GGTAGCGTACATCTGT-1,9
s1-GGTAGCTTAGCCAATC-1,3
s1-GGTAGGTCTGGCTAAC-1,2
s1-GGTAGGTTGTTACGGC-1,1
s1-GGTAGGTTGTTCTAAG-1,7
s1-GGTAGTACAGGTTAGA-1,7
s1-GGTAGTACCGCAACAG-1,2
s1-GGTATGCAACAGTGGC-1,5
s1-GGTATGGTCAGGTTGG-1,10
s1-GGTCACCGCATAACAA-1,7
s1-GGTCATGCTCTGCCAA-1,8
s1-GGTCCTGCGAGTAGGT-1,2
s1-GGTCTGAAGGTTCGAA-1,10
s1-GGTCTGAAGTATGTCA-1,9
s1-GGTCTGAGATCCGCCA-1,4
s1-GGTCTGCGAACTGTAT-1,7
s1-GGTCTGGTATGTGGCC-1,8
s1-GGTCTGGTTGTAGAAC-1,10
s1-GGTCTTATAGGCTGGC-1,7
s1-GGTCTTCCGCACATCC-1,3
s1-GGTCTTCCGGCTGGAC-1,2
s1-GGTCTTGAACCGGCCA-1,3
s1-GGTCTTGCACGTTGCG-1,4
s1-GGTGCAATCAGACTTC-1,7
s1-GGTGCACTCCGGTTCG-1,8
s1-GGTGCAGGCACCGCGT-1,7
s1-GGTGCAGTGGTCTTAT-1,8
s1-GGTGCAGTTCCATATG-1,4
s1-GGTGCGCAACTAACGG-1,4
s1-GGTGGCTTATTGCGTG-1,7
s1-GGTGTCACCAGCGAAC-1,9
s1-GGTTACAGCCGGCCGG-1,8
s1-GGTTACCAGACAACAT-1,4
s1-GGTTACGGACGATTAA-1,8
s1-GGTTAGACTCACTAGC-1,9
s1-GGTTAGACTCGGAGGT-1,2
s1-GGTTAGCTTCATGAGT-1,2
s1-GGTTAGTATGAGTGTC-1,9
s1-GGTTAGTCGGCAGCGA-1,1
s1-GGTTCAAGGTTAAGCC-1,10
s1-GGTTCACCGACTCACG-1,2
s1-GGTTCATTCCGGCCTC-1,9
s1-GGTTCTATACCGCTTG-1,8
s1-GGTTCTCCTATCAGTT-1,3
s1-GGTTCTCGTGATGTGA-1,8
s1-GGTTCTGGAGTCTACC-1,2
s1-GGTTGACCAAGACATG-1,6
s1-GGTTGCGATTGAACAG-1,2
s1-GTAACACCGAGCGTTA-1,3
s1-GTAACATACACCTGTT-1,9
s1-GTAACATCTTATAATG-1,10
s1-GTAACCACCTACAACC-1,1
s1-GTAACCTAGCGTCACG-1,2
s1-GTAAGTAATTACAATC-1,1
s1-GTAAGTATTGCTATCG-1,8
s1-GTAAGTTGCGGAGCGT-1,9
s1-GTAAGTTGCTGGTGGA-1,7
s1-GTAATCACGCACAGCT-1,3
s1-GTAATCAGGCGGACGG-1,2
s1-GTAATCTTGTCTAGTT-1,2
s1-GTAATGACGGTCTACG-1,2
s1-GTAATGATCACGTAAG-1,2
s1-GTACAACTCGGCAGAA-1,7
s1-GTACAGAACAGGACTC-1,10
s1-GTACAGAACCGATTAT-1,8
s1-GTACAGAACGCAGCGT-1,7
s1-GTACAGATGACATCGC-1,3
s1-GTACAGCCGTTACAGA-1,3
s1-GTACAGCTGAGCCGGA-1,6
s1-GTACAGGAACGAATGG-1,6
s1-GTACAGTATCGGAATT-1,9
s1-GTACATAAGCTACGCC-1,4
s1-GTACCTACAATACGAA-1,6
s1-GTACCTGAAGTGAATG-1,3
s1-GTACCTGTCTTACTGT-1,6
s1-GTACCTTCATGTGCAA-1,8
s1-GTACGAAGATTATCCG-1,2
s1-GTACGAAGGATTATTG-1,2
s1-GTACGAATTCTACCAA-1,2
s1-GTACGAGGTAGTGCAC-1,3
s1-GTACGATTAGTCTACA-1,4
s1-GTACGCCATAGATGGT-1,6
s1-GTACGCCTCGCTTCCA-1,5
s1-GTACGCTCGCCAACAT-1,10
s1-GTACGCTTGATACCAC-1,8
s1-GTACTACCGTTAGGTG-1,2
s1-GTACTGCATAAGGTTA-1,3
s1-GTACTTAACTTCAGCG-1,3
s1-GTACTTACTTCATACC-1,4
s1-GTACTTCTGATCCTCG-1,2
s1-GTAGAAGGACATCATA-1,9
s1-GTAGAAGTAAGCTGCG-1,7
s1-GTAGACCAGAATACTC-1,9
s1-GTAGACCTGTCAACCA-1,7
s1-GTAGCAACGACCGTGG-1,9
s1-GTAGCACGAGCTCAAG-1,8
s1-GTAGCAGAACATGGTG-1,7
s1-GTAGCAGAAGACTCTT-1,9
s1-GTAGCAGAGCAATAGC-1,5
s1-GTAGCATAGTTACAGG-1,1
s1-GTAGCATCGAAGGTCT-1,6
s1-GTAGCCAGTGCGGTTG-1,2
s1-GTAGCCGCACTCCATC-1,9
s1-GTAGCCTAAGGTTAGT-1,2
s1-GTAGCGCCTGAACTCA-1,8
s1-GTAGCGCTCATCAGGT-1,7
s1-GTAGGAGCAACAGGCA-1,7
s1-GTAGGTGATAATTCAC-1,9
s1-GTAGTCAGACCAATGT-1,10
s1-GTAGTCCAGCGGACAT-1,4
s1-GTAGTCCATTGTTCGT-1,2
s1-GTAGTGACATTACGAC-1,9
s1-GTAGTTGTTCATGTAG-1,9
s1-GTATACATTGGCTCAG-1,4
s1-GTATACGATACCTTGT-1,4
s1-GTATACGGTACACGCA-1,7
s1-GTATACGGTTAAGATA-1,6
s1-GTATCTACAGATCTCC-1,7
s1-GTATCTAGCTACCAGC-1,9
s1-GTATCTGTCAACGGTG-1,7
s1-GTATCTGTGGCGTCTA-1,6
s1-GTATCTGTGGTCCAGC-1,6
s1-GTATGACATAAGACGG-1,8
s1-GTATGATAGTATGGAT-1,3
s1-GTATGATCACTTGACG-1,8
s1-GTATGCCTATCTTGCG-1,7
s1-GTATGCCTTACTCCAC-1,9
s1-GTATGCGGTATCATGA-1,9
s1-GTATGCTTGCGACTAA-1,8
s1-GTATGGTGGAGCGGCC-1,6
s1-GTATGTAGCAGGCATA-1,2
s1-GTATGTAGCTCACCTT-1,9
s1-GTATGTGCAAGCCGGA-1,9
s1-GTATGTTAGTTCTACC-1,3
s1-GTATGTTCTGGATCGC-1,4
s1-GTATTACGAGTCAATC-1,8
s1-GTATTACGGCCATTAT-1,8
s1-GTATTACGGTATTGAG-1,9
s1-GTATTAGGTTATCTGC-1,9
s1-GTATTATGAGTTAGCG-1,9
s1-GTATTCCAAGTTACCT-1,3
s1-GTATTCCGCTCGGATG-1,9
s1-GTATTCGTGACTTGAT-1,3
s1-GTATTCTAAGTGCTGT-1,9
s1-GTCAACAGACGCACGT-1,4
s1-GTCAACAGCATAGATT-1,1
s1-GTCAACAGCGCACCGA-1,9
s1-GTCAACAGTTAAGTGA-1,7
s1-GTCAACATGGTGCTAT-1,6
s1-GTCAACCTGACGATAG-1,7
s1-GTCACCAAGAGCGGTG-1,4
s1-GTCACTAAGAGGAATA-1,7
s1-GTCACTAAGCCAGCGG-1,7
s1-GTCACTACTTAATGGA-1,9
s1-GTCACTGAATCTCACC-1,7
s1-GTCACTTACGTGTATG-1,1
s1-GTCACTTATCCAAGAC-1,2
s1-GTCACTTATGAATGCG-1,7
s1-GTCACTTATGTCGTAT-1,9
s1-GTCAGCCAACATCACG-1,9
s1-GTCAGCCATTGTGCGG-1,8
s1-GTCAGCCTCCGAACCT-1,3
s1-GTCAGCGATGTAATTG-1,3
s1-GTCAGCGATTGATTCA-1,7
s1-GTCAGCTAGATCGACA-1,5
s1-GTCAGCTCAATCAAGG-1,4
s1-GTCAGGACAAGCCATG-1,1
s1-GTCAGGATCAACCAAC-1,4
s1-GTCAGGTACGTGGCAT-1,4
s1-GTCAGTAATCCAATTA-1,9
s1-GTCAGTAGGTGACCGG-1,3
s1-GTCAGTGAGGATCGTT-1,7
s1-GTCAGTGCCAGAATAA-1,9
s1-GTCAGTGCTGACAGCG-1,10
s1-GTCAGTTCTGCCTGGA-1,7
s1-GTCATCACGTGGTTCA-1,7
s1-GTCATCACTATTGTGC-1,7
s1-GTCATCAGTAGACCAG-1,2
s1-GTCCATCTATACAAGG-1,9
s1-GTCCGAATGCGGACAG-1,1
s1-GTCCGACAGCCGCATT-1,7
s1-GTCCTGCTTACGGCTG-1,9
s1-GTCCTTATACATTACG-1,6
s1-GTCCTTCATCAGATCA-1,3
s1-GTCCTTCATGGATTAG-1,6
s1-GTCCTTCGGAACCTGC-1,7
s1-GTCGAAGTCGTGTTCT-1,9
s1-GTCGCAACGAGCTGAC-1,4
s1-GTCGCACGCAGCCTGC-1,5
s1-GTCGCAGATTACTGCA-1,4
s1-GTCGCATGCGGTAGAT-1,7
s1-GTCGCATTACCAGGCA-1,2
s1-GTCGCTAAGTGAGGTT-1,7
s1-GTCGGCCGTTGTGAAT-1,4
s1-GTCGGCCTCCGGCATC-1,6
s1-GTCGTAGACTGACAAG-1,8
s1-GTCGTGCTAATGCCTT-1,8
s1-GTCGTGTTCATGTCAG-1,9
s1-GTCTAAGATCGGACTA-1,2
s1-GTCTAAGCGGCACGCC-1,8
s1-GTCTAATACGGCTAAG-1,3
s1-GTCTAGCATGGTACGT-1,10
s1-GTCTAGCGTTGTGACC-1,4
s1-GTCTAGGACAGGATAA-1,8
s1-GTCTAGTCTAGCGACG-1,9
s1-GTCTATAGAATCGAGC-1,7
s1-GTCTATCAATGGATTA-1,9
s1-GTCTATCAGTACTAAT-1,7
s1-GTCTATCCAGGACGTC-1,4
s1-GTCTATGGTGAAGAGC-1,8
s1-GTCTATGTTAATAGAA-1,8
s1-GTCTATTAGTGAGGCC-1,8
s1-GTCTATTGCGAGTTAC-1,2
s1-GTCTCATGACTAGTTG-1,9
s1-GTCTGATAGATTATAA-1,5
s1-GTCTGATATCTGAATT-1,9
s1-GTCTGCTCAACACCAA-1,4
s1-GTCTGTGGATCTGACG-1,8
s1-GTCTTCGATAGGTGTT-1,8
s1-GTCTTCGGTAGCTACA-1,9
s1-GTCTTGAACAATTACA-1,5
s1-GTCTTGACAATAGCAA-1,3
s1-GTCTTGACTTGCTCTG-1,4
s1-GTCTTGATTGCCACCT-1,3
s1-GTCTTGCGATGAATGC-1,8
s1-GTCTTGCGGCGATTCA-1,3
s1-GTCTTGCTCAGATTAC-1,6
s1-GTCTTGCTGGACGATA-1,3
s1-GTCTTGTATTGTAGAT-1,4
s1-GTGAACATTCAACGAT-1,3
s1-GTGAACGGTTCTAACG-1,2
s1-GTGAACTCGTGGTATC-1,6
s1-GTGAACTGAGTTCGGC-1,4
s1-GTGAAGATGAGTGCCT-1,2
s1-GTGAAGCCACAACCGG-1,8
s1-GTGAAGTGATCGTGCT-1,7
s1-GTGAATTAGACATTGC-1,8
s1-GTGACAAGATGCTCAT-1,9
s1-GTGACAATAGGTATGT-1,8
s1-GTGACAATTGCGATAA-1,6
s1-GTGACATACAGGTCCT-1,9
s1-GTGACATAGTTAGCTG-1,6
s1-GTGACATATGCTAGAT-1,8
s1-GTGACATGCAATTAAT-1,1
s1-GTGACATGTACCACCT-1,4
s1-GTGACCGGAGTCATAC-1,7
s1-GTGACCGTGGATTAGC-1,9
s1-GTGACTATGGCATGGA-1,6
s1-GTGACTGTCCTGGTAT-1,9
s1-GTGACTTCAACATCCG-1,9
s1-GTGACTTCCTCACGAC-1,8
s1-GTGAGCACCAGCATCC-1,4
s1-GTGAGGTACGCTGAGT-1,6
s1-GTGATCTACGAGATCC-1,7
s1-GTGATGGATTAGAACA-1,9
s1-GTGCAACGACGGTGTT-1,3
s1-GTGCAACTACTGTACG-1,7
s1-GTGCACCAATCATAAC-1,8
s1-GTGCACCGAATGTTAA-1,9
s1-GTGCACTTGTAAGCAC-1,4
s1-GTGCAGCCGGTCTGCA-1,5
s1-GTGCAGGACTCCAAGG-1,6
s1-GTGCAGGCACTCTAGG-1,9
s1-GTGCAGGCTGGACATG-1,2
s1-GTGCAGTGGTAGATTC-1,6
s1-GTGCAGTTGTGGCGCT-1,7
s1-GTGCATGGTTGAGTTC-1,10
s1-GTGCATTCCTGTGGTC-1,2
s1-GTGCATTGCAATGTTG-1,6
s1-GTGCCACCTTGAGCAT-1,4
s1-GTGCCGCATCCTTCCT-1,5
s1-GTGCCGTCCTGTCAGC-1,7
s1-GTGCCTGACACGTTGG-1,3
s1-GTGCGTTCACGGATAA-1,8
s1-GTGCTCAATGCAACCT-1,5
s1-GTGCTCGCTTGATCGG-1,6
s1-GTGGAACAGAAGTCGA-1,7
s1-GTGGACCAACTAGGAG-1,6
s1-GTGGATTAACAGCGGT-1,6
s1-GTGGCGACCTAATATT-1,8
s1-GTGGCGACTGATTAAC-1,4
s1-GTGGCGAGGAAGGCTA-1,3
s1-GTGGCGATAGGCAGAA-1,6
s1-GTGGCGATCTGCGATA-1,9
s1-GTGGCGCACCTGTTCC-1,9
s1-GTGGCGCCACGCTGAG-1,9
s1-GTGGCGCCACTACGCT-1,9
s1-GTGGCGCCAGACTCGA-1,3
s1-GTGGCGCCAGCTAACC-1,4
s1-GTGGCTGAATGCGAGT-1,7
s1-GTGGCTTCCTACCGTT-1,2
s1-GTGGTAAGCCTCTTCG-1,6
s1-GTGGTACTGTTGTAGC-1,3
s1-GTGGTACTTGGTTGGA-1,8
s1-GTGGTAGGTCTAAGAA-1,2
s1-GTGGTCGCTCTGTAGC-1,7
s1-GTGGTTACCTTGCGCA-1,1
s1-GTGGTTGACAAGGAGC-1,8
s1-GTGGTTGCCGCTTCAA-1,3
s1-GTTAACAACTTCGGAT-1,7
s1-GTTAACTCCGACCACT-1,2
s1-GTTAATGGCGCAACGC-1,7
s1-GTTACAGGTACATGGC-1,8
s1-GTTAGACAATGGATGA-1,3
s1-GTTAGAGGTGTTAAGA-1,9
s1-GTTAGGAAGTATACGA-1,4
s1-GTTAGGCCTGAACATC-1,1
s1-GTTAGGTACTAACTGG-1,8
s1-GTTAGGTCCACTGGCG-1,1
s1-GTTATGATACGATTAT-1,3
s1-GTTATGTTGCTTAGAT-1,7
s1-GTTATTCGGCCATTCG-1,7
s1-GTTATTCGTAACGTCC-1,3
s1-GTTATTGCTGAATCCG-1,10
s1-GTTCATACCTTGGTTA-1,9
s1-GTTCATCTTACATTCC-1,7
s1-GTTCCAGTGCCTTACC-1,7
s1-GTTCCGATGAACCGGC-1,10
s1-GTTCCGGCTGCAGTCA-1,4
s1-GTTCCGTATGGTAACG-1,4
s1-GTTCCGTCATACGGCT-1,4
s1-GTTCCGTCTTATCTTA-1,5
s1-GTTCCTGAACCTTCAA-1,3
s1-GTTCCTTGAGGAACGC-1,3
s1-GTTCGAATCACGTACG-1,6
s1-GTTCGAGCTCGCGAAT-1,6
s1-GTTCGCTGGTATTAGA-1,5
s1-GTTCGTAGGTAGTGAA-1,9
s1-GTTCTACTATACGAAC-1,4
s1-GTTCTACTATCATATT-1,10
s1-GTTCTACTTATGGTAG-1,6
s1-GTTCTTACTGAAGTAT-1,4
s1-GTTCTTGATCTGTTGA-1,9
s1-GTTGAAGGAAGTCGGC-1,8
s1-GTTGAATAAGTCAGCA-1,4
s1-GTTGAATCAACCTGGC-1,2
s1-GTTGAATGGTACAGTA-1,9
s1-GTTGAATGTTGCTGCC-1,2
s1-GTTGAATTATTCGGTG-1,7
s1-GTTGAATTCATAAGAT-1,4
s1-GTTGACATGAACCAAC-1,2
s1-GTTGACGAACCAGAAC-1,7
s1-GTTGACGGATAGCCAT-1,10
s1-GTTGACGTCAGATTAG-1,4
s1-GTTGACTAGAGCACGT-1,3
s1-GTTGACTTCTATGCTG-1,6
s1-GTTGAGAATCACGGAG-1,4
s1-GTTGAGCTTCGTCCGG-1,3
s1-GTTGCCACAAGTCATA-1,10
s1-GTTGCCACGACAAGAA-1,4
s1-GTTGCTACGTCTTAAT-1,5
s1-GTTGCTAGATCGTTGA-1,6
s1-GTTGCTTGCAATCACT-1,4
s1-GTTGGCGTGAGCGACC-1,8
s1-GTTGGTCCGCCAATCT-1,3
s1-GTTGTCCTGTGATGTA-1,9
s1-GTTGTCGTAATATGGA-1,1
s1-TAACAGCAGGCCTTAC-1,8
s1-TAACAGGAACCGACAA-1,7
s1-TAACAGGTCCATACCA-1,3
s1-TAACAGTCTACTATGG-1,6
s1-TAACAGTTCCACTTCG-1,4
s1-TAACATGCGTGCGAAC-1,9
s1-TAACATGGCCACCTCC-1,3
s1-TAACCAAGGTGCTCTA-1,10
s1-TAACCAGATACGCTTC-1,2
s1-TAACCGGATGGACAGG-1,5
s1-TAACCTACGGACTCGT-1,6
s1-TAACCTTGAGACTTCG-1,10
s1-TAACGAATCCTAGATA-1,9
s1-TAACGAATGCTCCAAT-1,8
s1-TAACGACCTTGCCTAT-1,7
s1-TAACGAGCCGAAGGTC-1,7
s1-TAACGAGCGTCTGGCC-1,6
s1-TAACGAGTTGCCAACC-1,3
s1-TAACGCATTGGTCCAA-1,7
s1-TAACGCGTAATATGGC-1,9
s1-TAACGCGTCCTACAAC-1,6
s1-TAACGCTCACATTCTA-1,6
s1-TAACGCTCATACGGCA-1,2
s1-TAACGCTTATGCCATA-1,9
s1-TAACGCTTCGGCACTT-1,4
s1-TAACGTCACTATAATC-1,3
s1-TAACGTGATTCACTAG-1,8
s1-TAACGTGCCATAGTTA-1,4
s1-TAACGTTGCGTCGATG-1,10
s1-TAACTCCAACATGGAC-1,5
s1-TAACTCCAGGTAGGCT-1,9
s1-TAACTTGCACGGCGGA-1,7
s1-TAAGAACAGGTGTAAC-1,6
s1-TAAGAATATGAGATAG-1,9
s1-TAAGACCGAGTGAACA-1,3
s1-TAAGACCTCAAGTGCC-1,9
s1-TAAGATTGAGATTACA-1,2
s1-TAAGATTGCTCACTTC-1,7
s1-TAAGATTGGCGGTCGT-1,1
s1-TAAGCAAGTAATGTGG-1,4
s1-TAAGCACGAGACCTAC-1,7
s1-TAAGCAGTAGATACTC-1,3
s1-TAAGCCACAATTGCCT-1,8
s1-TAAGCCATACGACACG-1,1
s1-TAAGCCTGGCTTCAGT-1,7
s1-TAAGCCTGTAGCGTCC-1,9
s1-TAAGCTCCTTCACGCC-1,8
s1-TAAGGACGCCTGGTTG-1,3
s1-TAAGGATCTGAAGATA-1,3
s1-TAAGGATTGGAAGTGG-1,10
s1-TAAGGTACGGATAGTG-1,6
s1-TAAGGTATGAATGCTA-1,4
s1-TAAGGTCCGTGACCGT-1,2
s1-TAAGTGGCCGCTCACC-1,3
s1-TAATACCGTTAATTGC-1,9
s1-TAATAGCGCTGTACTC-1,7
s1-TAATCGACATTGTTGG-1,2
s1-TAATCTGATAAGATGT-1,8
s1-TAATGACGAAGCGGCT-1,7
s1-TAATGATCCGGTTATT-1,8
s1-TAATGTGCACGATCTG-1,3
s1-TAATTAAGGAGTACTG-1,8
s1-TAATTACCGGTGCGAG-1,3
s1-TAATTAGCTCGATTGT-1,9
s1-TAATTCCTGCAGAAGG-1,6
s1-TAATTGACGTCGTTCC-1,7
s1-TAATTGATTCTGTCGC-1,9
s1-TACAACGGACGGCTCA-1,5
s1-TACAAGCAGATCGTTG-1,10
s1-TACAAGCGCCATCGGA-1,6
s1-TACAAGCGCCTCTACA-1,9
s1-TACAAGCGGAAGTACG-1,3
s1-TACAAGGTTATGCGGT-1,4
s1-TACAAGTCGAATGCAA-1,1
s1-TACAAGTGTCTGTCCG-1,8
s1-TACACCAGTGCCGACA-1,8
s1-TACACCTCGTACTCCA-1,4
s1-TACACCTTGCGGCAGG-1,7
s1-TACACTCAGTAGAATG-1,1
s1-TACACTGCAGGTTAGA-1,7
s1-TACACTGCGTCCGGAC-1,3
s1-TACACTGTAGTCAACG-1,6
s1-TACACTGTCGAACCAA-1,3
s1-TACACTTCGAGGTGAC-1,8
s1-TACACTTCGCACCGAT-1,7
s1-TACAGTACTTAGTGTA-1,10
s1-TACAGTCTCGGCACGG-1,7
s1-TACATAGCAGACCAAG-1,6
s1-TACATATGCACCAGTG-1,9
s1-TACATCGGACAACTGG-1,2
s1-TACATCGTCAGCGGTT-1,3
s1-TACATTGAATACGATC-1,6
s1-TACATTGAATGAACGT-1,4
s1-TACATTGACTGAGTCC-1,6
s1-TACCACAGGCCATTGC-1,9
s1-TACCAGACAACCTCAG-1,10
s1-TACCTCAGGCAACAGA-1,3
s1-TACCTGCGGTTGTCCT-1,7
s1-TACCTGTTAACGGCCT-1,6
s1-TACGACGCGATTCAAG-1,2
s1-TACGACGTCTCATATT-1,4
s1-TACGACTCTGAACACT-1,4
s1-TACGAGATTGGTCTGT-1,10
s1-TACGCCGGAGTTCTGA-1,9
s1-TACGCCTTGCCGTGTT-1,8
s1-TACGCTCCGGTTGGTA-1,3
s1-TACGCTTCCGCAAGCT-1,7
s1-TACGGAACAGACGCGG-1,2
s1-TACGGAATACTCGTTC-1,5
s1-TACGGAATTGAACCAA-1,3
s1-TACGGAGGAAGCACCT-1,3
s1-TACGGAGTCAACGAAG-1,1
s1-TACGGATCAGCCATCC-1,3
s1-TACGGATCCTTGCGAT-1,7
s1-TACGGATCTTGCGATG-1,4
s1-TACGGCCTTGTAGGAG-1,8
s1-TACGGTAGTTGCGTGA-1,9
s1-TACGGTTAATGTACTA-1,7
s1-TACGTAATCTAGTAAG-1,10
s1-TACGTACACCTTAAGC-1,8
s1-TACGTATCGAGGTTGT-1,3
s1-TACGTGGAGGCATGGC-1,6
s1-TACGTGGCATCATATG-1,6
s1-TACGTGTACATCCGTG-1,6
s1-TACGTTACTGGTAGCG-1,8
s1-TACTAGGATCAATGGC-1,5
s1-TACTAGTACCGGATGG-1,7
s1-TACTATGTTGAATCTT-1,8
s1-TACTCCGAAGTAGAAT-1,3
s1-TACTCCGCCAATACAA-1,7
s1-TACTCCTACATCAACT-1,7
s1-TAGAATTCAACGTGGC-1,1
s1-TAGACAGGAGATCATT-1,4
s1-TAGACAGTTCAGATTA-1,8
s1-TAGACATACGTCTAAT-1,7
s1-TAGACATATGGCGAGG-1,7
s1-TAGACATGGTTAGGTC-1,2
s1-TAGACATTGACTTGCA-1,4
s1-TAGACCAGGATATCGG-1,9
s1-TAGACCAGGTACGATC-1,6
s1-TAGACCATCGATTGAG-1,7
s1-TAGACCATTGCTTAGA-1,7
s1-TAGACCGAAGCAGAGC-1,8
s1-TAGACCGCGGAAGGAC-1,3
s1-TAGACCGGCCAGTACG-1,7
s1-TAGACCTGAGGAGCTG-1,7
s1-TAGAGCAGACAGTCCA-1,1
s1-TAGAGGCGATTGATTC-1,3
s1-TAGATGAGCCGTCATT-1,6
s1-TAGATGCGTGCCAGCG-1,7
s1-TAGATGCTGTATCGTA-1,6
s1-TAGATGGCTGTATGCC-1,9
s1-TAGATGTCGAGGCCAG-1,4
s1-TAGCAATTATGGACCG-1,5
s1-TAGCAGTCGTCATGAA-1,8
s1-TAGCAGTGATTCTGTC-1,9
s1-TAGCCGCAATACCTGC-1,10
s1-TAGCCGTAGCCAGGTG-1,6
s1-TAGCGGACCACTGTTA-1,1
s1-TAGCGTACCTTGACAT-1,7
s1-TAGCGTACGGAGCGCC-1,1
s1-TAGCGTATAGCGCTAA-1,2
s1-TAGCGTCACGACAGGC-1,7
s1-TAGCGTCTCGGTCTAT-1,1
s1-TAGCGTGGTATTGTGC-1,6
s1-TAGCGTTATGACCTCC-1,1
s1-TAGCTACCATACTGCT-1,5
s1-TAGCTACCTGTAGGAT-1,8
s1-TAGCTAGAAGCGATCA-1,7
s1-TAGCTAGAGCACGCCG-1,9
s1-TAGCTAGAGGCCTGAA-1,7
s1-TAGCTATGTTGAGCAC-1,8
s1-TAGCTCGAATCGTCCG-1,3
s1-TAGCTTAAGCTGGCGT-1,2
s1-TAGGACATCAGCATGG-1,3
s1-TAGGACGGCCAGCCGA-1,9
s1-TAGGACTTCATGTTAT-1,2
s1-TAGGAGGCGTATTGCC-1,4
s1-TAGGATGCACCGTTCA-1,7
s1-TAGGCAGGCGGACGCC-1,4
s1-TAGGCAGTGCGTAGAC-1,6
s1-TAGGCATCGGAGCCTC-1,8
s1-TAGGCATCTGCGGACC-1,3
s1-TAGGCGAGCGATCGGT-1,9
s1-TAGGCGCATATCTAAC-1,2
s1-TAGGCTCCGGCATACA-1,8
s1-TAGGCTTATCTAGCTC-1,4
s1-TAGGTCCGTAGCCTAT-1,4
s1-TAGGTCTACTCGTGAA-1,2
s1-TAGGTCTGCCTCTGTA-1,2
s1-TAGGTCTTGGCTCGTC-1,4
s1-TAGTAAGCGGTGGATA-1,9
s1-TAGTATAACCTCGACA-1,8
s1-TAGTATCCAATTACGT-1,3
s1-TAGTATTGCCGAGTTG-1,8
s1-TAGTCACTGGATAGGC-1,7
s1-TAGTGAACATGCAGAT-1,3
s1-TAGTGAATGTTCAGTG-1,3
s1-TAGTGACCGTCGATTA-1,3
s1-TAGTGACTCAATTGCT-1,7
s1-TAGTGACTCGCTCCGC-1,7
s1-TAGTGAGGACATGTTG-1,9
s1-TAGTGAGGACGCGAAT-1,9
s1-TAGTGAGGTATCGACC-1,8
s1-TAGTGATGACTCCTGG-1,9
s1-TAGTGCACTATTGTCA-1,9
s1-TAGTGCAGCTGGCGTC-1,1
s1-TAGTGCAGTGCGGTAG-1,9
s1-TAGTGGTTGAACCAAT-1,9
s1-TAGTTCAATCGACCTC-1,2
s1-TAGTTCCGATAGAATC-1,9
s1-TAGTTCGAATTAGCGG-1,7
s1-TAGTTCGAGTAGGAAG-1,7
s1-TAGTTCGATCCTCACG-1,6
s1-TAGTTCGTTGCTAATT-1,8
s1-TAGTTGAGCCAGCCAG-1,9
s1-TAGTTGAGTTCTGCAC-1,5
s1-TAGTTGGCTTAGGCCT-1,4
s1-TATCAACGAATATGAG-1,9
s1-TATCAAGGCCGCGTGG-1,9
s1-TATCAAGGCTCGTCGG-1,6
s1-TATCAATCGCCGAGTG-1,10
s1-TATCAATGCCGCTCAC-1,7
s1-TATCACATAGCGAACT-1,7
s1-TATCACCGGCATCGTG-1,7
s1-TATCACTTCGAGCCGT-1,4
s1-TATCATGGATGTTGCC-1,3
s1-TATCCAAGCGCCGTAG-1,9
s1-TATCCAATACCGCAAT-1,9
s1-TATCCACTTGCGTATC-1,7
s1-TATCCGACGTCTAGAT-1,6
s1-TATCCGATCTTGGCGG-1,1
s1-TATCCTGCGGTTGATC-1,3
s1-TATCTAATCACCTCGG-1,6
s1-TATCTAGTCGCATGCA-1,7
s1-TATCTAGTGAATGATC-1,9
s1-TATCTAGTGCCATATT-1,9
s1-TATGAACTACGCGGTG-1,7
s1-TATGAAGCGACCGTCC-1,2
s1-TATGACAAGTGGAAGA-1,6
s1-TATGACAATGCTTGAA-1,3
s1-TATGACAGCGAGAAGC-1,7
s1-TATGACCGATGAAGTG-1,2
s1-TATGACGCGTATGTCG-1,3
s1-TATGACGGAGATTGGC-1,3
s1-TATGAGCGATCCATTA-1,2
s1-TATGAGGATCTACTGG-1,7
s1-TATGAGTTCCGAGTGA-1,4
s1-TATGCCACAGCCGGTG-1,5
s1-TATGCGTACCTGAGTC-1,4
s1-TATGCTCCTGGTTAGT-1,8
s1-TATGGATATGGTGCGA-1,9
s1-TATGGCAGTTCGTCTA-1,7
s1-TATGGCCATAATAGAC-1,5
s1-TATGGCCGGCGACACT-1,9
s1-TATGGCCTCACGTACA-1,7
s1-TATGTAGAGCTGATCA-1,5
s1-TATGTCATAAGCGTCG-1,4
s1-TATGTCGAGGTTGAAG-1,7
s1-TATGTTAGGCCGAACC-1,6
s1-TATGTTGCAGTCTAGG-1,7
s1-TATGTTGGCGAGAACA-1,6
s1-TATGTTGGTAGGTCGT-1,7
s1-TATGTTGGTCCAGTGA-1,9
s1-TATTAACTTCCGCTCA-1,3
s1-TATTAAGCAGCGCCGG-1,7
s1-TATTAATAGAATGGCA-1,1
s1-TATTAATATGTCGACT-1,6
s1-TATTCCGGTTGTTAAT-1,7
s1-TATTCGACAACCGTGA-1,4
s1-TATTCGACATTACTAT-1,9
s1-TATTCGATGATCTAGT-1,4
s1-TATTCGGTGGAGATTC-1,5
s1-TATTCGTGCGTTCTGG-1,8
s1-TATTCGTTAATGCTCC-1,8
s1-TATTCGTTATCGCCTG-1,7
s1-TATTCTAAGGCTCATC-1,5
s1-TATTCTAGAATCGGAC-1,4
s1-TATTCTCAGCGGCTGG-1,5
s1-TATTCTCCTATGATGG-1,4
s1-TATTCTCGTGCTTGGC-1,6
s1-TATTGAATCCGACTAA-1,9
s1-TATTGAATTAAGCGTT-1,6
s1-TATTGAGCATGGACCG-1,6
s1-TATTGATCGTGATCTT-1,3
s1-TATTGATCTACTTCGG-1,4
s1-TCAACAATGGAGGCCT-1,7
s1-TCAACACCAATCATTA-1,4
s1-TCAACAGGACAGCAAC-1,10
s1-TCAACAGGCCATGCCG-1,2
s1-TCAACATGGATACAAC-1,2
s1-TCAACCGGAGACCTCG-1,5
s1-TCAAGGAACCTATTGC-1,8
s1-TCAAGGACGTTAGGAG-1,7
s1-TCAAGGCAACGCGGCT-1,7
s1-TCAAGGCCATAGCCTG-1,8
s1-TCAAGGCGTCTACTCC-1,4
s1-TCAAGGTATCAACTTA-1,7
s1-TCAAGGTCTGAATATG-1,5
s1-TCAAGTGATGGTTAAT-1,5
s1-TCAATATTCCGGTTAG-1,4
s1-TCAATTAATAGAACCT-1,9
s1-TCACAAGACTTAGCTT-1,6
s1-TCACAAGATGACTCGA-1,9
s1-TCACAAGCTCGAGGCA-1,3
s1-TCACAAGGAGAACAAG-1,4
s1-TCACAGCACCAAGGTT-1,3
s1-TCACATAAGCGTTGCC-1,10
s1-TCACATAGACCTCCGT-1,8
s1-TCACATCCTGTCGCGG-1,2
s1-TCACATCCTTCTCAGT-1,7
s1-TCACATTGTCGGTGAC-1,2
s1-TCACCATAGATTGTTA-1,7
s1-TCACCGTTGCTAATGG-1,3
s1-TCACGACATCAGAAGG-1,7
s1-TCACGATACCTAGCCA-1,3
s1-TCACGCTATCCACTAC-1,7
s1-TCACGTCTAAGACTAG-1,6
s1-TCACTACCAAGCCTGT-1,6
s1-TCACTACGACTCTGCG-1,2
s1-TCACTCCGCTCACTGG-1,6
s1-TCAGAATCGATATCAT-1,9
s1-TCAGAATCTAATAGTC-1,9
s1-TCAGATTACCAGGTTA-1,7
s1-TCAGCGCCTAGTCTTA-1,5
s1-TCAGCGTGACCTTACC-1,3
s1-TCAGCTACCAACTCCG-1,8
s1-TCAGCTAGGATGTACT-1,7
s1-TCAGCTATTAATCGCT-1,7
s1-TCAGCTCGCCAGGATG-1,4
s1-TCAGGAGCAACGGTCG-1,3
s1-TCAGGATACACTACAA-1,2
s1-TCAGGTCTAGTAAGCA-1,6
s1-TCAGTATGTAGGACAA-1,2
s1-TCAGTCAGCGATCAGA-1,8
s1-TCAGTCATTGCAAGTG-1,9
s1-TCAGTCCAACGGAAGT-1,7
s1-TCAGTCGAAGTATCTA-1,10
s1-TCAGTCGCCAAGGTTG-1,3
s1-TCAGTCGTGCCGGCAG-1,3
s1-TCAGTGAAGAGTTCTA-1,4
s1-TCAGTTCAGAATCTCG-1,8
s1-TCAGTTCTCCGGACCG-1,7
s1-TCAGTTGACAGTGCCA-1,7
s1-TCATAGCTTCCAGTAC-1,3
s1-TCATAGGTAGTGACGA-1,5
s1-TCATAGGTGAGTCGAC-1,7
s1-TCATAGTAGACTCATA-1,4
s1-TCATCCACGTGGTCAC-1,7
s1-TCATCCATGCCAAGCG-1,5
s1-TCATCGCTGTGCAACA-1,7
s1-TCATCGGCCTGTGCGG-1,5
s1-TCATCGTTATGTATCT-1,7
s1-TCATCTATCCACGATT-1,5
s1-TCATCTCCAACCACCT-1,7
s1-TCATCTGCCGCTATTC-1,9
s1-TCATCTTCCACGTATG-1,2
s1-TCATCTTCGACACCGT-1,6
s1-TCATGAGGCTTGACGC-1,10
s1-TCATGAGGTTGATATG-1,7
s1-TCATGAGTAAGACATC-1,1
s1-TCATGATTCTGATACT-1,8
s1-TCATGCAGCGCCTTCG-1,4
s1-TCATTCACGCGAGCTC-1,6
s1-TCATTCACTGTAATGG-1,4
s1-TCATTGATAGACTTGC-1,10
s1-TCATTGCAAGTGCTCA-1,6
s1-TCATTGGCGACCGACG-1,7
s1-TCATTGTTCAATGCGT-1,7
s1-TCCAACAGATGCGGCA-1,6
s1-TCCAACGAAGATGCTT-1,5
s1-TCCAACGTGGTTGTTC-1,3
s1-TCCAACTAAGACTCCA-1,9
s1-TCCAACTGAATAAGGT-1,7
s1-TCCAACTGCCGCCATA-1,7
s1-TCCAACTGGCTGAAGA-1,8
s1-TCCAAGACCGCTTGAT-1,4
s1-TCCAATAACGTGCTAG-1,2
s1-TCCAATACTATCTGTT-1,2
s1-TCCAATACTGGAGCGT-1,4
s1-TCCAATCCAGATACAT-1,2
s1-TCCAATCTAACACGCA-1,7
s1-TCCAATTAGCAATCAA-1,2
s1-TCCAATTGGTTACAGT-1,7
s1-TCCACCAAGTGACGAA-1,4
s1-TCCAGAGGTCGACAGC-1,6
s1-TCCAGATCTTCGCTTA-1,1
s1-TCCAGTACCGAGCGCA-1,9
s1-TCCAGTACGTGCTATG-1,3
s1-TCCAGTCAGTACATTA-1,9
s1-TCCAGTGATGCGTATC-1,2
s1-TCCAGTGATTGGTGCT-1,3
s1-TCCAGTTGAAGTAGCA-1,7
s1-TCCAGTTGCGGTGCAC-1,6
s1-TCCATAGCGACTCAGT-1,5
s1-TCCATCGGCTAGACGA-1,4
s1-TCCATGATGTGATCAA-1,7
s1-TCCATGCGTCCACCAG-1,2
s1-TCCATGCGTCGGTTAC-1,10
s1-TCCGAACATAGTCTGA-1,7
s1-TCCGAACCTCAACCAT-1,3
s1-TCCGAATACTCGCTGG-1,8
s1-TCCGAATAGAAGCACC-1,4
s1-TCCGAATCATGTTGTC-1,7
s1-TCCGAATCGCAGGTTC-1,7
s1-TCCGAGTACGACTTAG-1,7
s1-TCCGATGCGTATCCGG-1,3
s1-TCCGCCAACATTGCTC-1,7
s1-TCCGCCAAGGTCCGTT-1,3
s1-TCCGCCAGTGATTAAT-1,7
s1-TCCGCCGGTCTATTCA-1,9
s1-TCCGCCTTGTTCTGAT-1,5
s1-TCCGGCTATGCTCAGT-1,7
s1-TCCGGCTCTATGGACA-1,3
s1-TCCGGTACGTGGCCTC-1,4
s1-TCCGGTTCCGTTCTAG-1,9
s1-TCCGTCCACTCGGAGC-1,8
s1-TCCGTCGGTACAAGTT-1,9
s1-TCCGTGTCTTACATAA-1,3
s1-TCCGTGTTCTGTTCTG-1,2
s1-TCCTAATTGCGGCCTG-1,9
s1-TCCTAATTGCTCAACG-1,2
s1-TCCTACAAGCTCGAAC-1,4
s1-TCCTACCGATCGTGGC-1,6
s1-TCCTACCGGTTCCTAG-1,2
s1-TCCTACGTAAGCCAGA-1,4
s1-TCCTAGGTATCTGATG-1,8
s1-TCCTATCCTCGAATCA-1,8
s1-TCCTATCCTGTCAATA-1,8
s1-TCCTATGAGGATTGTT-1,7
s1-TCCTATTGACTGTTGA-1,2
s1-TCCTCAATGAGGAACG-1,9
s1-TCCTCACGTGTAGACG-1,7
s1-TCCTCAGTCGGATGCG-1,8
s1-TCCTCATCGTGCTGGA-1,7
s1-TCCTCATGGCACCGTT-1,6
s1-TCCTGAAGCGTGCACT-1,3
s1-TCCTGACACTTCACGG-1,8
s1-TCCTGACAGGCAGCAA-1,6
s1-TCCTGATAAGTGCCGT-1,9
s1-TCCTGATCACCGGTCC-1,6
s1-TCCTGCCGTGTCTAAG-1,6
s1-TCCTGCTACATGCAGA-1,9
s1-TCCTGGTGGCAATAGC-1,7
s1-TCCTTACTCGCAATGA-1,10
s1-TCCTTCCAACCGCAAC-1,8
s1-TCCTTGAACAGGACCA-1,3
s1-TCCTTGGCTCAAGAGT-1,2
s1-TCGAATCTTGCGTTAC-1,5
s1-TCGAATGGTTCCACGC-1,1
s1-TCGAATTAGTTACTCC-1,7
s1-TCGAATTGTACACTAT-1,3
s1-TCGACCAATCCGGTTG-1,2
s1-TCGACGAAGAGCAAGT-1,2
s1-TCGACTTATTAATCCT-1,2
s1-TCGAGCTGGTTGCCGA-1,6
s1-TCGAGTGGTAGGTCAC-1,7
s1-TCGATATTAGACATAC-1,3
s1-TCGATATTGTCCTAAC-1,4
s1-TCGATCCAGTCTGTAG-1,3
s1-TCGATCGCACCTAATC-1,4
s1-TCGATCGTTGTCTGAA-1,1
s1-TCGATCTAATGTTAGT-1,7
s1-TCGATCTAGCCGATTC-1,9
s1-TCGCAATAGTGACGCA-1,7
s1-TCGCAATGATAGTTCA-1,9
s1-TCGCACGATTCGGTGG-1,10
s1-TCGCACTCTTGGACAG-1,2
s1-TCGCACTGCTGTGCTC-1,9
s1-TCGCACTGTACGGCGA-1,9
s1-TCGCACTTACTGAAGT-1,7
s1-TCGCACTTGGTCCGTC-1,2
s1-TCGCCAGGCATGCCTC-1,4
s1-TCGCCGTATCATGCTT-1,4
s1-TCGCCTAGATAATTAA-1,7
s1-TCGCCTATCGACTCCT-1,3
s1-TCGCCTGACGGCCACT-1,7
s1-TCGCCTGCGTGCGTGG-1,7
s1-TCGCCTGGTGGATTCT-1,10
s1-TCGCGACGTGGTAAGT-1,6
s1-TCGCGGTAGTATGATC-1,10
s1-TCGCTTACTCGCAAGT-1,9
s1-TCGCTTGTTCCAGTTG-1,9
s1-TCGGAACGTCTGCAAG-1,9
s1-TCGGAATCAGCCTAAC-1,8
s1-TCGGACATTCTATGAG-1,7
s1-TCGGACCAGGATCGCC-1,2
s1-TCGGACGGCCGAGGAA-1,9
s1-TCGGACGTTGCCTCAG-1,6
s1-TCGGACTGCCACCTCC-1,5
s1-TCGGAGCGTTACCTCG-1,9
s1-TCGGAGTGGTACTTGC-1,10
s1-TCGGAGTTGTCTTGTT-1,2
s1-TCGGCACTGGCGCCGA-1,7
s1-TCGGCGACCTCGCTGA-1,7
s1-TCGGCGCAGAATGTCT-1,9
s1-TCGGCGCAGATAGATA-1,7
s1-TCGGCGCTATCACGTG-1,10
s1-TCGGCGTAAGGCCTTA-1,6
s1-TCGGTAATTACGTGGA-1,9
s1-TCGGTAGGCATCACGC-1,9
s1-TCGGTATCGTAATTGG-1,6
s1-TCGGTGATCGCCGGCC-1,4
s1-TCGGTGTCAACAGGCA-1,7
s1-TCGGTGTCTAACCAAG-1,3
s1-TCGTAAGGCGTTCAGG-1,2
s1-TCGTATACAAGACGAG-1,6
s1-TCGTATCAACAGCACC-1,8
s1-TCGTATCACGTTATGA-1,2
s1-TCGTATCCTGATGCAA-1,10
s1-TCGTATCGGTCTCCTT-1,2
s1-TCGTATGCCGGACGTT-1,4
s1-TCGTATGTCGTGCCTA-1,7
s1-TCGTATTAGATCCGGT-1,6
s1-TCGTATTCTGAGTGGC-1,5
s1-TCGTCAAGCCTAATCT-1,8
s1-TCGTCAAGTCCAGGTT-1,4
s1-TCGTCACGATGTTCGA-1,7
s1-TCGTCAGAACAGCCAG-1,7
s1-TCGTCCAGCATGGCTT-1,2
s1-TCGTGCCTCGGTAGTT-1,9
s1-TCGTTAGCCAGGCCAG-1,7
s1-TCTAACAAGCCAATCC-1,2
s1-TCTAACCGTGCTAGCT-1,9
s1-TCTAACTCTATGTTCT-1,8
s1-TCTACAACTGGAACTT-1,7
s1-TCTACACTAATTACTC-1,7
s1-TCTACACTGAGCTTCT-1,8
s1-TCTACAGCACGTCCGA-1,7
s1-TCTACAGGTACGCAGT-1,7
s1-TCTACATGAACTATAC-1,7
s1-TCTACATGAATCTGAT-1,9
s1-TCTACATGTCCGACTT-1,7
s1-TCTACATTGGAGTAAT-1,10
s1-TCTACTATGCTAGCTC-1,9
s1-TCTACTCCGACTCGGC-1,7
s1-TCTACTCGAGCAGAGG-1,9
s1-TCTACTGTCTCAATGA-1,7
s1-TCTACTTAGGTTCTTA-1,7
s1-TCTACTTCACCGTGGA-1,9
s1-TCTAGAACTTCTTGCA-1,8
s1-TCTAGAATTGCGGTTG-1,8
s1-TCTAGAGTCTCCACGC-1,6
s1-TCTAGATAAGGTTAGC-1,3
s1-TCTAGCGACACCGAGC-1,9
s1-TCTAGGCGGAAGGCAC-1,7
s1-TCTATGATCGGTGCCT-1,7
s1-TCTATTCCTTCCGGAA-1,6
s1-TCTATTCTGCATTGGC-1,2
s1-TCTGAGCGTAATTGTC-1,6
s1-TCTGAGTCAGATCTTG-1,2
s1-TCTGATCATAATGATT-1,6
s1-TCTGCAAGGACGGCAA-1,7
s1-TCTGCAATTCACAAGA-1,9
s1-TCTGCCTGGATGTCAG-1,7
s1-TCTGCGCTTGCAGATA-1,1
s1-TCTGCGTGCTATTCTA-1,7
s1-TCTGCGTGCTTCAGAC-1,7
s1-TCTGCGTTAGATAGGT-1,2
s1-TCTGGACGCTAAGACA-1,1
s1-TCTGGATATTAACCTA-1,3
s1-TCTGGTAATCGTCCAA-1,6
s1-TCTGGTATCTGTAGCC-1,3
s1-TCTGGTCCTCCACTGT-1,3
s1-TCTGTACGCTGTCCTC-1,4
s1-TCTGTCACCGTTAATA-1,10
s1-TCTTACATTACTTCGC-1,4
s1-TCTTACCGCTCGTATG-1,4
s1-TCTTACGAATCAGTGC-1,8
s1-TCTTACGAGGAATAAG-1,3
s1-TCTTACGAGGCCGACA-1,2
s1-TCTTACGGCCGCAACA-1,3
s1-TCTTACTCTGTATGCG-1,2
s1-TCTTACTGAGACTAGT-1,7
s1-TCTTAGATGCCTCCGA-1,7
s1-TCTTAGGCGACAGTCA-1,9
s1-TCTTAGTCGCGGCAGA-1,10
s1-TCTTAGTCGTCTCGGC-1,3
s1-TCTTAGTCTGCCATCA-1,10
s1-TCTTCGAACAGCGTTA-1,7
s1-TCTTCGAATTGTATAC-1,7
s1-TCTTCGCCATTCGAAT-1,7
s1-TCTTCGTCAGACCAGG-1,4
s1-TCTTGAGTCATTATAC-1,9
s1-TCTTGCACCAATCTAT-1,6
s1-TCTTGCACGGTGAGCC-1,1
s1-TCTTGCACGTCTAATG-1,4
s1-TCTTGCACTATTCAGA-1,7
s1-TCTTGCACTGGTGCTC-1,9
s1-TCTTGCATAGACAATA-1,6
s1-TCTTGCCACGTTCACT-1,4
s1-TCTTGCCATCGTTGTA-1,9
s1-TCTTGCCGGCAGTCTA-1,9
s1-TCTTGCTCCGTCGGCA-1,3
s1-TCTTGCTGTCCTAGGC-1,9
s1-TCTTGTTATTCTTGAT-1,9
s1-TGAACGAATCTTAATT-1,4
s1-TGAACGGACACGTATC-1,3
s1-TGAACGGATCTGGTAC-1,3
s1-TGAACGGATTCAAGTT-1,4
s1-TGAAGATACAATCTGC-1,5
s1-TGAAGCACCGTCATGA-1,3
s1-TGAAGTATGATCGTGC-1,7
s1-TGAATGCGGTTATGGA-1,7
s1-TGAATGTACCTTCGTC-1,8
s1-TGAATGTTGACATCGT-1,3
s1-TGAATTATGCCGCAGT-1,7
s1-TGAATTCGTGGTATAA-1,9
s1-TGACAGTACTATTCTA-1,9
s1-TGACATTACAACGCCG-1,7
s1-TGACCAACAGATAGGT-1,3
s1-TGACCAAGCTGCACAT-1,2
s1-TGACCAAGTAAGGACC-1,4
s1-TGACCAATCAGCCACG-1,7
s1-TGACCAGCACTCCAGC-1,4
s1-TGACCAGGCTCATGCA-1,10
s1-TGACCAGGTATGACCT-1,2
s1-TGACCATCCATCTGCT-1,6
s1-TGACCATGTACACTCA-1,5
s1-TGACCTCCTTCAGATT-1,7
s1-TGACCTGTCTATCTCG-1,2
s1-TGACGCCTGCTTGTGA-1,6
s1-TGACGCTCACCAAGCC-1,8
s1-TGACGCTCGCGGTAGT-1,2
s1-TGACGCTGCGATAGTA-1,3
s1-TGACGCTTACTAGACA-1,8
s1-TGACGGAGCGCTATAC-1,4
s1-TGACTCCAAGTCTACC-1,9
s1-TGACTCGGCCGACCGA-1,7
s1-TGACTCTGCTCGCACG-1,7
s1-TGACTTAATGCGTTGG-1,10
s1-TGACTTCGGCGTAACA-1,2
s1-TGACTTGCACTCACGG-1,3
s1-TGAGACAAGGACGACC-1,9
s1-TGAGACAGAAGTGCTC-1,2
s1-TGAGACTATTGAATCT-1,7
s1-TGAGATGCTCTAATGA-1,8
s1-TGAGCCGCGTGATCAT-1,4
s1-TGAGGAATCCATAGAA-1,5
s1-TGAGGACCACTGTTAC-1,10
s1-TGAGGTAGGACTACTG-1,3
s1-TGAGTAAGCGCAATCC-1,4
s1-TGAGTACGCTGCTCAG-1,6
s1-TGAGTATTCTAGGACT-1,7
s1-TGAGTGACCTACTCGT-1,3
s1-TGAGTGAGATCGCTAA-1,3
s1-TGAGTGAGGCACGCCT-1,7
s1-TGAGTGCAGAGGACCA-1,7
s1-TGAGTTGTTAGCACCG-1,2
s1-TGATAAGCAGTAAGAA-1,9
s1-TGATAGGAGCATCAAC-1,5
s1-TGATCCGCACTCCTTA-1,7
s1-TGATCGGACCTGGATG-1,3
s1-TGATGGAACTAACGAA-1,4
s1-TGATGGATGATCACGG-1,9
s1-TGATGGCCGGCATCGC-1,3
s1-TGATGGCTGCGACGAT-1,5
s1-TGATGGTTCCACTGAT-1,9
s1-TGATTAGAATGACATA-1,3
s1-TGATTCAAGATCGAGC-1,8
s1-TGATTCGTCTGGATCT-1,2
s1-TGCAACAGTGAAGCTC-1,3
s1-TGCAACGTTACCTGGT-1,7
s1-TGCACCGGTCACCTCC-1,8
s1-TGCACGAGTAGAGTTA-1,8
s1-TGCACGAGTGTCAGCC-1,7
s1-TGCACGCTCCTATCCG-1,8
s1-TGCACGGCTGAGACTT-1,7
s1-TGCACGGCTGGTAAGG-1,6
s1-TGCACGGTAGACGGTA-1,9
s1-TGCACGTAGTTCGAAG-1,7
s1-TGCACGTGATTATCAA-1,7
s1-TGCACTCCAGCTACTC-1,8
s1-TGCAGAATCGGAGGCT-1,4
s1-TGCAGACAATACTGTT-1,3
s1-TGCAGACGAACCAGAT-1,10
s1-TGCAGAGCCTTGCCGG-1,6
s1-TGCAGAGGTCGTAATT-1,9
s1-TGCAGTACAACGAGTG-1,7
s1-TGCAGTCGAGCACCAA-1,7
s1-TGCAGTTATTCCACTC-1,2
s1-TGCATTAATGGCCACC-1,3
s1-TGCATTCACGTGTACT-1,6
s1-TGCATTCGCCAGCGAT-1,8
s1-TGCATTCGCTACAATG-1,5
s1-TGCATTCTTACGGAGG-1,9
s1-TGCATTGCTGTCGGCG-1,3
s1-TGCCAATCCATGTCTA-1,3
s1-TGCCACAATGCTACCG-1,2
s1-TGCCACTATCAGGCAG-1,6
s1-TGCCACTCAACCGGCC-1,2
s1-TGCCACTTAAGTGATG-1,10
s1-TGCCAGCTATTGTAGA-1,9
s1-TGCCAGGATGAGGTTC-1,9
s1-TGCCAGTGATTCGTGC-1,7
s1-TGCCGAATCAAGCGTC-1,1
s1-TGCCGACGATGAACTG-1,4
s1-TGCCGAGTTAAGAACG-1,5
s1-TGCCGGAACTTAGGCA-1,9
s1-TGCCGGCATTATAGAT-1,4
s1-TGCCTAAGTTAATTAT-1,3
s1-TGCCTATCAATGCCAT-1,7
s1-TGCCTATCGGCTATGT-1,3
s1-TGCCTATGGACTGGTC-1,6
s1-TGCCTTAGGCGTCTAT-1,9
s1-TGCGAATTCTCCGCAC-1,9
s1-TGCGACTACGTGCGAG-1,4
s1-TGCGAGCCAGACGAAT-1,10
s1-TGCGATCTTGCTCGAT-1,4
s1-TGCGATGCAGGTGCGA-1,10
s1-TGCGATTAGCTCCGCC-1,7
s1-TGCGCCAGTAATGATC-1,8
s1-TGCGCCGAACGGACTC-1,7
s1-TGCGCCGATCGCGAAG-1,2
s1-TGCGCCTCTTCGGCGA-1,6
s1-TGCGCTCATAGAACGA-1,4
s1-TGCGGACCATGGTACC-1,4
s1-TGCGGACGATACGGAC-1,4
s1-TGCGGACTCACGTGAT-1,7
s1-TGCGGACTTAACTTCC-1,4
s1-TGCGGACTTCTGTCGC-1,7
s1-TGCGGATCATCCTAGA-1,10
s1-TGCGGATCGGATCTTA-1,7
s1-TGCGTATCTTGTACCG-1,7
s1-TGCGTCTGGATCGGAT-1,8
s1-TGCGTGTCAGCCAGTG-1,7
s1-TGCGTGTCGGCGGATA-1,9
s1-TGCGTTAGCACGTACC-1,4
s1-TGCGTTATGTTCCGGA-1,9
s1-TGCGTTGTATTGCCTG-1,4
s1-TGCTACGCTGCGTGGA-1,10
s1-TGCTACTTGTGGCTGG-1,7
s1-TGCTATAATGTCGCTG-1,4
s1-TGCTATCCATGTAATA-1,9
s1-TGCTATCCTAAGACGA-1,10
s1-TGCTATGGTTGCGACA-1,8
s1-TGCTATTGCGGCGTGG-1,3
s1-TGCTATTGTCAAGGAG-1,6
s1-TGCTCAGATTGGTAGC-1,4
s1-TGCTCCTAACGGAAGA-1,10
s1-TGCTGTATTAGCGGTC-1,9
s1-TGCTGTCAGAACGAAG-1,7
s1-TGCTGTCTTGTTAATG-1,7
s1-TGCTGTGAAGTCAAGA-1,9
s1-TGCTTACTCACCGGTC-1,2
s1-TGCTTAGCTCCTGGCT-1,7
s1-TGCTTAGTTGACTTAC-1,7
s1-TGCTTATGAATAAGCA-1,4
s1-TGCTTATGACGCTGGC-1,9
s1-TGCTTATGCGGTTCTG-1,8
s1-TGGAAGACTAGTCTTG-1,9
s1-TGGAAGCCATAACAGT-1,8
s1-TGGAAGCTCCATCGAC-1,3
s1-TGGAAGGTTCGCTTGC-1,4
s1-TGGAAGTCTGGACTAA-1,6
s1-TGGACGCCTGCGACCG-1,7
s1-TGGACTGACGTACCAC-1,1
s1-TGGACTGAGTACCTAG-1,7
s1-TGGAGTGAACGCGGTC-1,3
s1-TGGAGTGATGGCTCTT-1,7
s1-TGGAGTGCTCCTGATC-1,7
s1-TGGAGTTGGTGAATCA-1,4
s1-TGGATCATTGTAACGG-1,7
s1-TGGATCCAGTCACTTC-1,9
s1-TGGCAAGCGACACTTA-1,7
s1-TGGCATCGATCAATTG-1,2
s1-TGGCATGCGTTCACGC-1,8
s1-TGGCATGTTCGAACAG-1,8
s1-TGGCCAACATTCTGAG-1,7
s1-TGGCCAAGCTGGCACC-1,2
s1-TGGCCACTCCGCGGAC-1,9
s1-TGGCCACTCCTGAGTG-1,4
s1-TGGCCAGAGTATCTCC-1,7
s1-TGGCCAGATCCGGACA-1,3
s1-TGGCCGTCTATCAGGA-1,10
s1-TGGCCTGACATACTCA-1,2
s1-TGGCCTGGCACTGTGG-1,7
s1-TGGCGAATTCTATGGT-1,6
s1-TGGCGACACTGCCGGA-1,3
s1-TGGCGACAGCACGGCC-1,4
s1-TGGCGAGCCACTAGCG-1,8
s1-TGGCGAGCTCCACGTG-1,1
s1-TGGCTCCGCATCAGAT-1,7
s1-TGGTACAAGACACTGA-1,4
s1-TGGTACCAATACTTAC-1,6
s1-TGGTACCAGATTGTTA-1,8
s1-TGGTACGGACGTAGTT-1,4
s1-TGGTACGGTCGGCGAA-1,7
s1-TGGTACTGACCGCTGC-1,6
s1-TGGTACTGGTATCTTG-1,3
s1-TGGTAGCATCAAGTCT-1,3
s1-TGGTAGCCAGTTGACA-1,3
s1-TGGTATGCAAGTCTAT-1,9
s1-TGGTATTAGCTAGACC-1,9
s1-TGGTATTCCTAGTCCA-1,7
s1-TGGTATTGAGTTGTAA-1,7
s1-TGGTCGAGATCTGTAA-1,6
s1-TGGTCGCCGGCTTACT-1,7
s1-TGGTCTGCTCAGGTTG-1,5
s1-TGGTGCACGACCTTAG-1,3
s1-TGGTGCAGACCGAAGT-1,7
s1-TGGTGCAGTACCATGC-1,4
s1-TGGTGCATTGTAATCC-1,7
s1-TGGTGCCGCTGCAACA-1,8
s1-TGGTGCCTAGCACGGC-1,3
s1-TGGTGCGAGGTCGTAT-1,3
s1-TGGTTGAACACGCCAA-1,9
s1-TGGTTGCCTCCGGCTT-1,3
s1-TGGTTGGTATCGGCAT-1,6
s1-TGTAAGATCTTCACAT-1,7
s1-TGTAAGGTGAGCGACC-1,3
s1-TGTAATCATATGAGAC-1,7
s1-TGTAATCGAGACTGGC-1,6
s1-TGTAATGCACTACGAG-1,4
s1-TGTAATGCCTAACACC-1,6
s1-TGTAATTGTATCCTCG-1,8
s1-TGTACCAACTACGCAT-1,10
s1-TGTACCAATATTAGTC-1,4
s1-TGTACCACATACTGGT-1,8
s1-TGTAGCCGTACATAAC-1,6
s1-TGTAGGATCAGAGCGT-1,4
s1-TGTAGGCAGGTCTAGC-1,6
s1-TGTAGGTCACTACATG-1,9
s1-TGTAGGTCTGAACGCA-1,5
s1-TGTAGGTTCTGGCTTA-1,2
s1-TGTATCACGGTGGAAC-1,7
s1-TGTATCGGCGGTCGCA-1,10
s1-TGTATGATTGTAGGTG-1,2
s1-TGTATGCAGGATTCAC-1,6
s1-TGTATGCCTATCTTAT-1,6
s1-TGTATGCTCGCCTAGT-1,9
s1-TGTATGGTGCCAAGGT-1,2
s1-TGTCAACTCATCAACG-1,10
s1-TGTCAACTTATTCAAT-1,6
s1-TGTCAAGCGGATCGGT-1,4
s1-TGTCACAGACGTATCC-1,4
s1-TGTCAGAAGTTGTAAC-1,7
s1-TGTCAGACGAAGCACC-1,6
s1-TGTCAGTGGCTTCCAT-1,5
s1-TGTCATGCATGAGCAC-1,7
s1-TGTCCATGTATGGAAT-1,7
s1-TGTCCTCAACGTTCTA-1,8
s1-TGTCGAGTGCGTTAGC-1,8
s1-TGTCGATTCACGTAGT-1,5
s1-TGTCGCGGAAGAGCTA-1,6
s1-TGTCGTTCATACGATA-1,4
s1-TGTCTAAGCAGACGTA-1,8
s1-TGTCTACTAGATTGCC-1,6
s1-TGTCTGTAAGCGAACT-1,8
s1-TGTCTTGCGACTAATT-1,7
s1-TGTCTTGGAATTGGCA-1,3
s1-TGTTAAGGAAGTCTTA-1,9
s1-TGTTACCTATTGGACA-1,5
s1-TGTTCACTGTCTTCCT-1,8
s1-TGTTCAGAACGGTGTA-1,3
s1-TGTTCATAGTATGACG-1,7
s1-TGTTCATTGGTCCAAG-1,9
s1-TGTTCCTCACATTAAT-1,7
s1-TGTTCTGCTCTGTCGT-1,7
s1-TGTTGCGTCCAAGATT-1,7
s1-TGTTGGAACCTTCCGC-1,3
s1-TGTTGGAACGAGGTCA-1,7
s1-TGTTGGATGGACTTCT-1,8
s1-TGTTGGCCAGACCTAC-1,2
s2-AACACTTGGCAAGGAA-1,7
s2-AACAGGATTCATAGTT-1,9
s2-AACAGGTTATTGCACC-1,4
s2-AACAGGTTCACCGAAG-1,7
s2-AACAGTCAGGCTCCGC-1,9
s2-AACAGTCCACGCGGTG-1,4
s2-AACATACTCATATGCG-1,3
s2-AACATAGTCTATCTAC-1,10
s2-AACATCTAATGACCGG-1,8
s2-AACATCTTAAGGCTCA-1,4
s2-AACATGCGCAAGTGAG-1,6
s2-AACCAAGGTATCAGGC-1,3
s2-AACCAATCTGGTTGGC-1,9
s2-AACCACTAACATGATT-1,10
s2-AACCACTGCCATAGCC-1,9
s2-AACCAGAATCAGACGT-1,3
s2-AACCATCGGAAGCGAC-1,6
s2-AACCGCCAGACTACTT-1,3
s2-AACCGTGCTTATGTTG-1,2
s2-AACCTAAGATACTGAG-1,8
s2-AACCTACAGAGGTAGT-1,8
s2-AACCTACCTACCGGTT-1,6
s2-AACCTACTGTAACTCA-1,3
s2-AACCTGACAGTGCCGC-1,6
s2-AACCTTAGCGTCCGGT-1,8
s2-AACGAAGCGTGGAAGT-1,9
s2-AACGAATTGACCGGTT-1,7
s2-AACGACATTAAGATGG-1,6
s2-AACGAGCCTCTTCGGC-1,9
s2-AACGAGCTAATAACTA-1,5
s2-AACGCACTGGTGCTCG-1,4
s2-AACGGCACAGAATATT-1,7
s2-AACGGTAATCGACCTG-1,3
s2-AACGTCGCGACAAGGT-1,4
s2-AACTAGCACTGTTCGA-1,3
s2-AACTAGCATCACGTAC-1,10
s2-AACTAGCCTAATAGCA-1,6
s2-AACTAGCCTTGCAATA-1,7
s2-AACTAGGCCTGACACC-1,7
s2-AACTATCGTCATAGTC-1,6
s2-AACTATCTAGCAGTAT-1,4
s2-AACTATGCTGCATTCG-1,2
s2-AACTATGTGCTTGTTA-1,3
s2-AACTATTCTGCGGCCT-1,3
s2-AACTCAACCTTGACCA-1,7
s2-AACTCAACTTGACAGC-1,3
s2-AACTCACCGAACTTAT-1,4
s2-AACTCACCTCGGTGTT-1,5
s2-AACTCACGGAGTACGT-1,8
s2-AACTCAGATCCATGCC-1,4
s2-AACTGCAACGTCCTGG-1,7
s2-AACTGCAATACGGATT-1,6
s2-AACTGCCGGAGTAACA-1,1
s2-AACTGCCTCGATAGGT-1,9
s2-AACTGCGAACCTTACC-1,7
s2-AACTGCGGTCCGAAGC-1,4
s2-AACTGCTACCTCGATA-1,8
s2-AACTTATGATACGTAC-1,2
s2-AACTTCAAGGATAATC-1,9
s2-AACTTCACAATAACTG-1,4
s2-AACTTCAGATACTACC-1,3
s2-AACTTCATCTTCTGGT-1,9
s2-AACTTCGCTTAGTCAG-1,7
s2-AACTTGCAACTTGGAC-1,4
s2-AACTTGCTCGTAACCG-1,6
s2-AACTTGGTTACATAAC-1,7
s2-AAGAATTCTGGCTGCA-1,3
s2-AAGACAATCTCCTGCA-1,2
s2-AAGACTAAGGAGATCC-1,7
s2-AAGACTCAAGGCTCCA-1,3
s2-AAGACTGTCATAGTGC-1,7
s2-AAGAGCAGATGTGCCA-1,5
s2-AAGATAGGCTTGCTTA-1,1
s2-AAGATATTGGACGTCC-1,10
s2-AAGATCTGTAACTTGT-1,8
s2-AAGATGCACTATACTT-1,6
s2-AAGATGGCCGCTAGTT-1,8
s2-AAGATTAGGCTGTCTA-1,9
s2-AAGATTATCTAGCATA-1,7
s2-AAGATTCTGGTCGCGA-1,7
s2-AAGCAAGAGCGTGATC-1,9
s2-AAGCACTCAGGAATGT-1,7
s2-AAGCAGCGGACACGTG-1,3
s2-AAGCAGTATCAGAATC-1,7
s2-AAGCAGTGAGTGCGAC-1,4
s2-AAGCAGTGGCATCACT-1,7
s2-AAGCAGTGGCTCATCC-1,3
s2-AAGCAGTGTAGAATCT-1,6
s2-AAGCATCAAGCGTGAT-1,3
s2-AAGCATTGAGTGGTTG-1,9
s2-AAGCCACCATTCAAGA-1,8
s2-AAGCCACTATGTCTAA-1,7
s2-AAGCCAGATATCAGAA-1,8
s2-AAGCCAGGCCGACGTG-1,8
s2-AAGCCAGGCTGCTTGA-1,8
s2-AAGCCAGGTTACGAAC-1,3
s2-AAGCCATCCGTGCTAT-1,7
s2-AAGCCATCGCGATATG-1,3
s2-AAGCCATTATCTGCCA-1,9
s2-AAGCGAGGAAGTGAAC-1,10
s2-AAGCGTTCGTCTGTCC-1,7
s2-AAGGACCAACATGGCT-1,4
s2-AAGGAGGCACTCAATT-1,4
s2-AAGGAGTGGCTACCAA-1,1
s2-AAGGCAGTCTGATCAC-1,2
s2-AAGGCATGAACAGCTC-1,9
s2-AAGGCCAATTCAATAA-1,1
s2-AAGGCCAGCAATCGCC-1,5
s2-AAGGCCAGTCGCAATT-1,3
s2-AAGGCCGACCTACCTG-1,2
s2-AAGGCCGACTATGTAA-1,3
s2-AAGGCCGATTCTGAGC-1,3
s2-AAGGCGAACTAGTAGA-1,7
s2-AAGGCGACGGTGTCGG-1,3
s2-AAGGCGAGGTTCATGT-1,9
s2-AAGGCGCCGACAATCT-1,10
s2-AAGGTGGATATGATCG-1,7
s2-AAGGTTGCTGAGTTGA-1,4
s2-AAGTACTAAGGTTACG-1,3
s2-AAGTACTACAGTAGAA-1,1
s2-AAGTACTGGATGCGCA-1,7
s2-AAGTCGCTATCCTGTC-1,7
s2-AAGTCGGACACTTCAG-1,9
s2-AAGTCTACCGGTTGGA-1,6
s2-AAGTCTGTCAATTCTT-1,3
s2-AAGTCTTAAGTTGCCA-1,2
s2-AAGTGAGCCTGTTACA-1,8
s2-AAGTGGACGAATCTAC-1,6
s2-AAGTGGCGAAGTTAAT-1,3
s2-AAGTGGCGAGTGTACA-1,7
s2-AAGTGGTTCCTCGCGT-1,9
s2-AAGTTAAGCACTATAA-1,9
s2-AAGTTACTATTACATC-1,2
s2-AAGTTCCTATTGCTGG-1,9
s2-AATAACATGTGCTATG-1,9
s2-AATAACATGTTACGTC-1,7
s2-AATAACGTAACTGTGA-1,9
s2-AATAACGTATTGAACA-1,8
s2-AATAACTCTAATACAG-1,6
s2-AATAACTCTACGATGT-1,5
s2-AATAACTTCATACGGA-1,8
s2-AATACGAGAACACTCG-1,1
s2-AATACGCATATCCAGA-1,4
s2-AATACGGTACGGCCTA-1,4
s2-AATACGTAGACAGTTA-1,3
s2-AATACTAACCACTTAT-1,7
s2-AATAGATAGCCTAACC-1,9
s2-AATAGCACGGAAGCGA-1,8
s2-AATAGTATAGTTGTCG-1,3
s2-AATAGTCGTTATCTAG-1,7
s2-AATAGTGCTCATAGAA-1,7
s2-AATAGTGGAAGAGCAT-1,2
s2-AATAGTTGGTGCTCAG-1,7
s2-AATATTAGGCTTCTGG-1,7
s2-AATCCGCCGACCTGAG-1,7
s2-AATCCGCCTGGTCAAT-1,3
s2-AATCCGGAGCTTGTCT-1,9
s2-AATCCTCGTCACAGGC-1,4
s2-AATCGAACGGACGGAG-1,3
s2-AATCGACTATCGCTAG-1,8
s2-AATCTATCTAACCGAG-1,9
s2-AATCTGCGAGACGTTC-1,4
s2-AATCTGCGTTCCTTAC-1,5
s2-AATCTTAGCCTCTGTC-1,8
s2-AATGAACTACGTCCAG-1,8
s2-AATGAAGACGGTTCAG-1,3
s2-AATGAATCGGAAGGCA-1,3
s2-AATGATCTTGACAGCG-1,8
s2-AATGATTACAACCTAA-1,3
s2-AATGCAATCACTGTCG-1,4
s2-AATGCCGACGAGCAAC-1,8
s2-AATGCCGCGATTGAGC-1,1
s2-AATGCGAACCTCGCGT-1,10
s2-AATGGACATCCTACTC-1,7
s2-AATGGAGGACCTGGTG-1,9
s2-AATGGCATAGTATCAT-1,9
s2-AATGGTCGATACTCGG-1,4
s2-AATGGTCTCGAGCGCT-1,4
s2-AATGGTGCGTCCTAAC-1,5
s2-AATGGTTATTCTAGCT-1,4
s2-AATGTACTTAACATCA-1,8
s2-AATGTAGTCTTACGAG-1,7
s2-AATGTCAGGTCATTAC-1,9
s2-AATTAGCAACCGTTCC-1,4
s2-AATTAGCTTAGGTGTA-1,6
s2-AATTATACCTCAATGA-1,1
s2-AATTCTCAGACGCAAC-1,5
s2-AATTCTCGCACCAGTA-1,9
s2-AATTCTTGGATACGGA-1,8
s2-AATTGCATTGAAGAAT-1,7
s2-AATTGCGGTGCTAATA-1,9
s2-AATTGCGTCAGACACT-1,4
s2-AATTGGACGGCATCGT-1,7
s2-AATTGGAGACATGGAG-1,5
s2-AATTGGCTTGAGTTGC-1,3
s2-AATTGGTTATGATACA-1,9
s2-AATTGTAGAATCCTAG-1,3
s2-ACAACCTTGGTGTCAA-1,6
s2-ACAACGCCGATAGTAT-1,9
s2-ACAACGTGAATTCACG-1,4
s2-ACAACGTGGAGCTACT-1,2
s2-ACAACTAAGGTGTTAT-1,7
s2-ACAACTAAGTGGCGCT-1,8
s2-ACAACTGTCGTGGATA-1,9
s2-ACAATACACTTCCATC-1,4
s2-ACAATACAGGCGCCGT-1,2
s2-ACAATACGCCTTATTC-1,3
s2-ACAATTGGTCGCGTAA-1,3
s2-ACAGAATAAGAACCAT-1,8
s2-ACAGAATAAGATAGTG-1,2
s2-ACAGAATCCGTTGCTT-1,9
s2-ACAGAATCTTGATAAG-1,8
s2-ACAGAATGTCTTATTG-1,3
s2-ACAGAATGTTGAGTCC-1,8
s2-ACAGATCTGAAGTATC-1,9
s2-ACAGCCAGGCATAAGC-1,9
s2-ACAGGAACTACAGAAC-1,7
s2-ACAGGACTGAGCCGAT-1,7
s2-ACAGGATACCGGATTC-1,9
s2-ACAGGCACGCGAGGAT-1,4
s2-ACAGGCATTGAACCAT-1,6
s2-ACAGGTTCAGTGAACG-1,3
s2-ACAGTACGCACTACCT-1,7
s2-ACATAAGCAATGCGGT-1,5
s2-ACATCGCCACAAGAGG-1,7
s2-ACATCGGCTTACAAGG-1,2
s2-ACATCGTAGACAGGTT-1,4
s2-ACATCGTCGGTCTACC-1,3
s2-ACATCTATCCGAACCA-1,8
s2-ACATCTCGACAACCAC-1,8
s2-ACATCTCGCATAGAAT-1,6
s2-ACATGGATGCGTAAGC-1,3
s2-ACATGTTCCAGGACGT-1,3
s2-ACATGTTGCTTGATCT-1,7
s2-ACATTCCTGAGTTCCG-1,8
s2-ACATTGAAGGCGGTGC-1,2
s2-ACATTGAATACGCATA-1,8
s2-ACATTGCAGTTCGGCA-1,2
s2-ACATTGGTTCACAGTG-1,7
s2-ACATTGGTTCTGCCGT-1,9
s2-ACATTGTACATTCTTG-1,7
s2-ACCAAGCACTTGCGCA-1,4
s2-ACCAAGTGATGGTGAG-1,5
s2-ACCAAGTGGCTGTATG-1,5
s2-ACCAATGAGCCTCATC-1,9
s2-ACCACGGATCCGGATA-1,1
s2-ACCACGGCCTCGCACC-1,9
s2-ACCAGTATGAAGTTCC-1,7
s2-ACCATAACTCCTCGTA-1,6
s2-ACCATCCGTTCGAGTG-1,8
s2-ACCATTAGATCGTGGC-1,7
s2-ACCGAAGATGTCGGCA-1,2
s2-ACCGAAGCCGAATTAA-1,7
s2-ACCGAGGTGATACCGA-1,3
s2-ACCGGACGCCAAGCGT-1,5
s2-ACCGGCACCATACTGC-1,9
s2-ACCGGCACGTACGAAC-1,8
s2-ACCGGCCTCAGGAGTT-1,2
s2-ACCGGCTATCGTGCGG-1,5
s2-ACCGTACACGACCGTC-1,5
s2-ACCGTACTATCGGAGG-1,3
s2-ACCGTAGGCGGAGGTT-1,7
s2-ACCTAATGTTACCAAT-1,2
s2-ACCTAATTGTCGCTGA-1,6
s2-ACCTATAACGAACTAC-1,3
s2-ACCTATGCTACCGGAT-1,7
s2-ACCTCCACAGCTACGT-1,4
s2-ACCTCCTAGAGGCATG-1,7
s2-ACCTGCACTAGATGGC-1,6
s2-ACCTGCCACTATCAAT-1,2
s2-ACCTGCTTATAGTTCG-1,7
s2-ACCTGCTTCCACATTG-1,7
s2-ACCTGCTTGAGCCTGG-1,9
s2-ACCTGCTTGCTACGAC-1,7
s2-ACCTGTGGTCACCTCG-1,3
s2-ACCTTCGGTGCTACGA-1,4
s2-ACGAACATAGGATCGG-1,6
s2-ACGAACGCACGAGCAC-1,4
s2-ACGAAGCTCATCCTCG-1,7
s2-ACGACAAGCACTTCAC-1,3
s2-ACGACTGAAGACTTAC-1,3
s2-ACGAGGACCTGCTAGT-1,2
s2-ACGAGTGCGTGCGTTC-1,8
s2-ACGATGACTATTAGAT-1,7
s2-ACGATGCGAAGGAGCA-1,2
s2-ACGATGCTCCAATACA-1,7
s2-ACGATGTCGCACAATC-1,7
s2-ACGATGTCGTTGCCAA-1,3
s2-ACGATGTTACCTCATT-1,3
s2-ACGCAACGAAGAGTAT-1,5
s2-ACGCAACGTGTAATTG-1,9
s2-ACGCAAGGCATAAGTC-1,4
s2-ACGCAATAGTATACGA-1,5
s2-ACGCACATTGTAAGTA-1,2
s2-ACGCCGGCATCACTGG-1,9
s2-ACGCGGAAGAGTTCCG-1,4
s2-ACGCGTAGACTCAACT-1,6
s2-ACGCGTCGGTGAGGTT-1,3
s2-ACGCGTTCCAGCCTTC-1,9
s2-ACGCGTTCGCGATCAT-1,4
s2-ACGCTCAGTGCTATTC-1,7
s2-ACGCTGCGATTAACGA-1,9
s2-ACGGCCGGAACGCTAG-1,4
s2-ACGGCCGTCAACGTAT-1,7
s2-ACGGCCGTGACATTAA-1,9
s2-ACGGCCTGGCTAAGTT-1,6
s2-ACGGCCTTGCCAGAAC-1,8
s2-ACGGCTATGGCATACC-1,3
s2-ACGGCTTAACGATAGT-1,5
s2-ACGGCTTACGTATGCC-1,1
s2-ACGGCTTATTGGTATG-1,7
s2-ACGGCTTCAGGTACCG-1,4
s2-ACGGCTTCCATCGGAA-1,9
s2-ACGGCTTGTTCAATCG-1,9
s2-ACGGTCGGACAGGCGA-1,8
s2-ACGGTGATAATGTTAC-1,4
s2-ACGGTGTACGGTGCCA-1,3
s2-ACGGTTACATCCGAAG-1,9
s2-ACGGTTCACCTTCCGG-1,5
s2-ACGGTTCGCAAGTAAC-1,3
s2-ACGGTTCGTACAGTTG-1,3
s2-ACGGTTCGTCCGACCG-1,5
s2-ACGTCAGATTACTTCG-1,10
s2-ACGTGCAATTATTCGG-1,2
s2-ACGTTAATACAATGAC-1,3
s2-ACGTTCACATGATCTG-1,1
s2-ACGTTCACGACTAGGT-1,3
s2-ACGTTCCATTACCTCA-1,6
s2-ACGTTCGTCCGCCTAT-1,8
s2-ACGTTCTATGCACGAC-1,3
s2-ACGTTCTGCCATAATC-1,3
s2-ACTAATAGTCAACATA-1,4
s2-ACTAATCGGCCACCGA-1,7
s2-ACTACAATGACCGTAA-1,4
s2-ACTACGTCTAATGGCC-1,7
s2-ACTAGATCTGAAGCGG-1,5
s2-ACTATGAGGTTCTGTC-1,6
s2-ACTATTACCAGGTGCT-1,2
s2-ACTATTAGACAGGCTG-1,4
s2-ACTATTGCGAGCTAGA-1,6
s2-ACTCAGCTCGAGTGTC-1,4
s2-ACTCAGCTTCTGAGAC-1,9
s2-ACTCAGGCCTGCAACT-1,3
s2-ACTCAGTGAGCCTCCA-1,7
s2-ACTCCAGGCCGAAGAC-1,5
s2-ACTCCAGTAGCTCCAG-1,6
s2-ACTCCTATGTTCCTAC-1,7
s2-ACTCGAACGTTCGTTA-1,4
s2-ACTCGAGTCCAAGTTG-1,8
s2-ACTCGATAAGACCAGG-1,9
s2-ACTCGATTGATATCCA-1,9
s2-ACTCGTATTGTCAGAA-1,2
s2-ACTCTAAGCTTGCGCC-1,5
s2-ACTCTACTTCCGCATT-1,3
s2-ACTCTTGCGGAGAACC-1,7
s2-ACTGACGGCGAATAGT-1,6
s2-ACTGACGTGATATTGG-1,3
s2-ACTGACTCTGCTGGCC-1,9
s2-ACTGACTGTCATCTAC-1,10
s2-ACTGAGACCTTAGCAC-1,8
s2-ACTGAGCGCAACTCAT-1,3
s2-ACTGATACTCCATTAC-1,6
s2-ACTGATGTCCACTCGC-1,6
s2-ACTGCAAGGCTTCTCG-1,6
s2-ACTGCCGTTGGTGAGC-1,10
s2-ACTGGTAAGGCCTCAG-1,8
s2-ACTGGTGATTCCGATC-1,4
s2-ACTGGTTCTGAACGAT-1,7
s2-ACTGTACAATTCTACT-1,4
s2-ACTGTACATCCGATAC-1,4
s2-ACTGTAGACAAGGAAT-1,9
s2-ACTGTAGAGTGCCGGC-1,9
s2-ACTGTAGCAGCTTCTG-1,4
s2-ACTGTATTCTAGTCCA-1,6
s2-ACTTAAGCCAGTAGGA-1,3
s2-ACTTGAAGCGAGCGGT-1,3
s2-ACTTGAATGTATTGGA-1,6
s2-ACTTGAATTAACTTAG-1,4
s2-ACTTGAATTAGCCGGT-1,4
s2-ACTTGAGCCGTTCTTA-1,3
s2-AGAACAGGAGCATGGA-1,4
s2-AGAACTTCGATGCGTA-1,7
s2-AGAAGCAGCCTAAGCT-1,3
s2-AGAAGCTTGCCTCCGC-1,5
s2-AGAAGGATGGTATGAA-1,4
s2-AGAAGGCGTAGAATAG-1,3
s2-AGAAGTTAACCAGAGC-1,8
s2-AGAAGTTGAGCGCAAG-1,5
s2-AGAATTCTGTTGACAA-1,4
s2-AGACAAGACGTATCGC-1,9
s2-AGACATCTTAGCACCT-1,3
s2-AGACCGAACCGATGTC-1,3
s2-AGACCGACCGCAGACA-1,3
s2-AGACCGCCGGCCAATG-1,9
s2-AGACCGGACTGTCCAT-1,1
s2-AGACCGGAGCAACGCT-1,8
s2-AGACCGGTATCCGTGG-1,4
s2-AGACCGTCATTAGTTA-1,7
s2-AGACCTATCCTTATAG-1,7
s2-AGACCTCAGCGAGGTG-1,9
s2-AGACCTGATAACAGTG-1,6
s2-AGACCTTCGCGTGAAC-1,3
s2-AGACGCGTGATGCATC-1,6
s2-AGACGGCCTTACGGAG-1,2
s2-AGACGTAGGCGGACCG-1,9
s2-AGACGTGGCGTTGAGT-1,7
s2-AGACTCAGACAGATAA-1,7
s2-AGACTCATGACCTGGC-1,7
s2-AGACTCATTGCGGACA-1,7
s2-AGACTCCGCTTCGTAT-1,10
s2-AGACTCCTGTATGGCG-1,7
s2-AGACTCCTTATCATAC-1,9
s2-AGACTCGACTCCTAAT-1,6
s2-AGACTGGTAAGGAGGT-1,8
s2-AGATAACCAATACGCC-1,8
s2-AGATAAGCCACTCATA-1,7
s2-AGATACAAGGATGGTG-1,1
s2-AGATCAACTCGCTATG-1,2
s2-AGATCAGTCGATAGAA-1,3
s2-AGATCATTCACGCTGT-1,10
s2-AGATCTCCGCCTTATT-1,2
s2-AGATGAGGCGCCTCCA-1,6
s2-AGATGCACGTAGGTGC-1,6
s2-AGATGCTCCGTCATCT-1,9
s2-AGATTGAGTTAGGAAC-1,9
s2-AGATTGCGCCTCGCTC-1,3
s2-AGCACGAGATAACGGT-1,7
s2-AGCACGATACCTAAGC-1,2
s2-AGCACGCTCGATCTAA-1,9
s2-AGCACGGAGGCAGTCA-1,7
s2-AGCACGTGCACTGTAA-1,7
s2-AGCACTCATACAGAAC-1,8
s2-AGCAGGTAAGTATCTG-1,4
s2-AGCAGGTATGCCATTG-1,3
s2-AGCAGGTGCAATGGTT-1,2
s2-AGCATAATTCCAGATA-1,6
s2-AGCATGAGCGAATATT-1,3
s2-AGCATGCACCGCGTCA-1,7
s2-AGCATTAGACGGATTG-1,6
s2-AGCCAGATACTCGAAC-1,6
s2-AGCCAGATCAAGATTC-1,6
s2-AGCCAGCGGCAAGCGT-1,7
s2-AGCCGATGTTCTACTC-1,3
s2-AGCCGGCCTATTCCAG-1,7
s2-AGCCGTAGTGGAGTGC-1,9
s2-AGCCGTATCTTCGTCT-1,5
s2-AGCCGTATTCAACCGT-1,3
s2-AGCCGTTGCATCCTAG-1,4
s2-AGCCTCCGAACTACCA-1,4
s2-AGCCTCGCATGGTCCT-1,8
s2-AGCCTCTGTTCCGATG-1,6
s2-AGCGACTATGTATCTT-1,8
s2-AGCGAGAACAGATTCT-1,3
s2-AGCGAGGAACTGGTCC-1,3
s2-AGCGCATCGTGGTCGA-1,6
s2-AGCGGAATGTCGCTGT-1,3
s2-AGCGGCGAATAATCTT-1,2
s2-AGCGGTACGCCGAGAA-1,3
s2-AGCGGTGAGTGACATG-1,7
s2-AGCGGTGCAGGCATCT-1,9
s2-AGCGGTTAATCGAAGT-1,6
s2-AGCGGTTACAATACGC-1,8
s2-AGCGGTTAGACTCGCC-1,3
s2-AGCGTGCCTGTATGCC-1,9
s2-AGCGTGCGCCTGATCG-1,9
s2-AGCGTGCTTCGCTCAT-1,2
s2-AGCGTGGCACCGACAA-1,3
s2-AGCGTGTATGTACGGT-1,4
s2-AGCGTTACAGTCCTGG-1,4
s2-AGCGTTATACCTGTTG-1,3
s2-AGCGTTGGCTCACGAT-1,3
s2-AGCTACCAGCGTTACT-1,10
s2-AGCTAGCGTACAGTAA-1,6
s2-AGCTATAAGTCCAGCA-1,7
s2-AGCTATAGAATAGTCT-1,7
s2-AGCTCAACATCGTCCG-1,2
s2-AGCTCGACAGGCGATA-1,2
s2-AGCTGACGTAACGCTG-1,5
s2-AGCTGTTCCGGTGATT-1,3
s2-AGCTGTTGAAGGCCTT-1,10
s2-AGCTTCGCTGCGGTCA-1,1
s2-AGCTTGAGTCAGGCCG-1,3
s2-AGCTTGGATGCAAGCC-1,9
s2-AGGAATTACGGTGACG-1,7
s2-AGGACCAGTAACCTAA-1,4
s2-AGGACCAGTGCGCCAG-1,10
s2-AGGACCGCAATAGTTA-1,9
s2-AGGACCGTAGATGCTA-1,7
s2-AGGACCTGTACCATTC-1,7
s2-AGGACGAAGCCTCCTT-1,7
s2-AGGACGAATGCTTCAA-1,7
s2-AGGACGTATCGCCGTA-1,9
s2-AGGACGTCGGCACGAA-1,3
s2-AGGACTAGGACCGCAG-1,7
s2-AGGACTGAAGTGCCTT-1,2
s2-AGGACTGGATGAAGAC-1,7
s2-AGGAGCAGCGTTAATA-1,6
s2-AGGAGCATAATCCACT-1,3
s2-AGGAGCATCACTCAGC-1,4
s2-AGGAGCCGCTGAGTAG-1,1
s2-AGGAGCCTCGAACGTT-1,8
s2-AGGAGCGAATGCGTTA-1,6
s2-AGGAGTACAGTGCATA-1,6
s2-AGGATAACCGGTCGGA-1,2
s2-AGGATACCTCCGAGCG-1,6
s2-AGGATAGAGTTAATCA-1,6
s2-AGGATATCGCGAATAC-1,3
s2-AGGATCAACATTCGTT-1,10
s2-AGGATCCGTGAGGCGG-1,2
s2-AGGATTCTACGCCTAG-1,3
s2-AGGCAACTAGCGTACC-1,3
s2-AGGCAATGTCAGCTGG-1,8
s2-AGGCATTAAGTCTGGC-1,4
s2-AGGCATTACTATAGTA-1,7
s2-AGGCCGCAGAATAACG-1,10
s2-AGGCCTGTCTAGTGGC-1,6
s2-AGGCTGCAGCTCAGGC-1,9
s2-AGGCTGCGCAGCAACT-1,10
s2-AGGCTTAACCGATTGT-1,7
s2-AGGTACAGCTATGATA-1,4
s2-AGGTACCAGACGCCAG-1,9
s2-AGGTCTCACGCCAATA-1,9
s2-AGGTCTTCCATCGCCG-1,3
s2-AGGTGAAGTGACGACT-1,9
s2-AGGTGAATCCACAACC-1,10
s2-AGGTGAGCAATGTCTT-1,2
s2-AGGTGATTGGCGGTAT-1,3
s2-AGGTGGACTTGCCACC-1,9
s2-AGGTGGCACTTGTCAG-1,7
s2-AGGTGGCTGTCGCCAA-1,1
s2-AGGTTACATTCCACGC-1,10
s2-AGGTTAGTGGCCATAG-1,10
s2-AGGTTCCACGCCGAAG-1,9
s2-AGGTTGAGTAGGAGAT-1,3
s2-AGTAAGCTCGGCCAAT-1,3
s2-AGTACATATGTAGGAA-1,4
s2-AGTACCGTTGTACGCC-1,7
s2-AGTAGACAGTAAGGAG-1,3
s2-AGTAGAGCATGGACGT-1,2
s2-AGTATTACGGTATTCG-1,3
s2-AGTATTCAGCTGAATG-1,7
s2-AGTATTCGTCGGTATC-1,5
s2-AGTCACTTATTCAAGG-1,7
s2-AGTCCGTGATCACTAC-1,7
s2-AGTCGCAGGAACGAGT-1,9
s2-AGTCGCCACTCGGCGA-1,7
s2-AGTCGGACCGTGCTTA-1,5
s2-AGTCGGTCTAATCTGT-1,9
s2-AGTCGGTTATACATAG-1,9
s2-AGTCGGTTGGTTGGCG-1,4
s2-AGTCGTTGCCGCCAAC-1,6
s2-AGTCGTTGCCTTACCT-1,8
s2-AGTCTAGGATTGTCAC-1,4
s2-AGTGAGGTCTGTGCTC-1,2
s2-AGTGAGTATTCTAAGT-1,7
s2-AGTGCAATAACTAACA-1,3
s2-AGTGCCAGATGCTCTG-1,9
s2-AGTGCGCAACATGCGT-1,9
s2-AGTGCTTCGCGGACGC-1,4
s2-AGTGGTATGTCCAAGT-1,5
s2-AGTGTACCTCTGTATG-1,8
s2-AGTGTCATGGTTGTGG-1,8
s2-AGTGTCGTGGCATGTT-1,1
s2-AGTGTCTAGGCTAATA-1,9
s2-AGTGTCTGAACTGTGG-1,7
s2-AGTGTCTTAAGCTTGT-1,9
s2-AGTGTTCGAGGATGAA-1,1
s2-AGTTAAGACTGGCTCC-1,2
s2-AGTTACCTCACCAGCA-1,3
s2-AGTTAGAAGGACGAAT-1,6
s2-AGTTATCCTGAACGAA-1,9
s2-AGTTCGGCACATACGG-1,9
s2-AGTTCGTCTAGTGCAG-1,7
s2-AGTTCGTGCAGACCTT-1,9
s2-AGTTCGTGCATGTCGA-1,2
s2-AGTTGGCACCAGTTAC-1,3
s2-AGTTGTACTTAATGGA-1,9
s2-AGTTGTCCACAGACCA-1,9
s2-ATAACCTAGAACCTGC-1,3
s2-ATAACGAAGAGCACGC-1,2
s2-ATAAGAATCATGCATC-1,9
s2-ATAAGACCAATCGCGG-1,5
s2-ATAAGGAATAGAACAT-1,9
s2-ATAAGGCGGACAAGTT-1,9
s2-ATAAGTACCACGAGTT-1,7
s2-ATAATCGTAGTTATTC-1,9
s2-ATAATTAGTTCTACGG-1,8
s2-ATAATTATCGACCACG-1,4
s2-ATACAAGGTCAGTAGA-1,3
s2-ATACAATTGCGGTATT-1,3
s2-ATACATCAAGGATTGC-1,2
s2-ATACATCACGCCTTCT-1,7
s2-ATACATCACTGTCCGG-1,6
s2-ATACATCATGCACCAA-1,6
s2-ATACGACATCTAGACC-1,8
s2-ATACGCTGAGATCAGA-1,3
s2-ATACGGCACGTTACGA-1,4
s2-ATACGGCGACTGGTCT-1,7
s2-ATACTAGCCACTTCGC-1,8
s2-ATACTAGCCATTAGTT-1,5
s2-ATACTAGTAACTGAGT-1,2
s2-ATACTATCAACTTGTA-1,9
s2-ATACTGACTTCGGCAC-1,8
s2-ATACTGGACCACAGCC-1,6
s2-ATACTGGAGGATAACG-1,2
s2-ATAGAACGTTCGATCT-1,4
s2-ATAGAAGGAGCAGTAG-1,4
s2-ATAGAATTCTAGGCCG-1,4
s2-ATAGACATGGCTATGG-1,3
s2-ATAGATGCCTAAGCAC-1,2
s2-ATAGATTGAGTTCGAG-1,7
s2-ATAGCACCTGCTGTCT-1,3
s2-ATAGCTATTCGCACTC-1,7
s2-ATAGCTTCACAACCGT-1,9
s2-ATAGCTTCGTGGAACG-1,3
s2-ATAGGCCGATAGAAGT-1,10
s2-ATAGGCCGGTAATTCT-1,1
s2-ATAGTACTATGGTTCT-1,7
s2-ATAGTCCGCCGTTGGC-1,9
s2-ATAGTGAGTGAGGATT-1,7
s2-ATAGTGTCAGATGTAG-1,6
s2-ATAGTTAAGCCTGCCG-1,8
s2-ATAGTTAAGGCACGAG-1,3
s2-ATAGTTCATCGGATCT-1,6
s2-ATAGTTCCTAGGCCGG-1,6
s2-ATAGTTCGCAGCCGTG-1,7
s2-ATAGTTCGGTTCCAGA-1,3
s2-ATCAAGGAGCTTACAT-1,6
s2-ATCAATCTGCAGGACC-1,4
s2-ATCAATGGTTGTACCT-1,4
s2-ATCACCAGTTCGGCGA-1,10
s2-ATCACGTTCAATGATA-1,3
s2-ATCAGATACCAGCTGT-1,10
s2-ATCAGTAAGCTCGCCG-1,3
s2-ATCATTCACCAGATTG-1,4
s2-ATCATTCCAACTTCGC-1,4
s2-ATCATTGTCCATGCCA-1,7
s2-ATCCAACGCCACATCG-1,9
s2-ATCCACATGTTGGACC-1,4
s2-ATCCACTCGTACTCGG-1,10
s2-ATCCGAGTACAGGAAT-1,4
s2-ATCCGAGTACCACGTG-1,9
s2-ATCCGAGTCACTTGTA-1,8
s2-ATCCGATGACCTCGGA-1,3
s2-ATCCGATGTCTGTCAC-1,9
s2-ATCCGGATCGCCGTAT-1,9
s2-ATCCGGATGACGTAAC-1,9
s2-ATCCGGTATCACAAGT-1,3
s2-ATCCGTAGCTTCAGTA-1,7
s2-ATCCGTAGTGTCGCTC-1,4
s2-ATCCGTGGAACTTCAA-1,7
s2-ATCCTCCAGCCATTGT-1,1
s2-ATCCTCGTTCCAGGCC-1,7
s2-ATCGAACATGCTAAGC-1,8
s2-ATCGAATCTAGCAGAC-1,1
s2-ATCGACAGCGGCAACA-1,8
s2-ATCGACCGGAGTATCG-1,8
s2-ATCGATGTCAGATAGA-1,7
s2-ATCGCAATGCACTAAC-1,9
s2-ATCGCAGTAACTTATT-1,2
s2-ATCGCAGTCTATGGCA-1,4
s2-ATCGCATCACGCATCT-1,8
s2-ATCGGCTCTATGCCTC-1,7
s2-ATCGTAACTACCTCTT-1,7
s2-ATCGTAATCCACATGC-1,9
s2-ATCGTACAACTGGCTA-1,6
s2-ATCGTACACCTATGCC-1,9
s2-ATCGTAGCATGTAGAT-1,8
s2-ATCGTATTACTCGGAG-1,3
s2-ATCGTATTGGAATCCT-1,4
s2-ATCGTCACCATGTCAC-1,3
s2-ATCGTCAGTTAGTCCA-1,7
s2-ATCGTCTTAACGAAGG-1,4
s2-ATCTACAGGAGTGCAC-1,7
s2-ATCTACCATATTCCAG-1,3
s2-ATCTACGACAGCTCTT-1,4
s2-ATCTACTCACATCTCC-1,3
s2-ATCTCCTTGCGATACA-1,4
s2-ATCTGAAGTATGCACG-1,8
s2-ATCTGACCGGAGTCCT-1,2
s2-ATCTGAGGAACGGTTG-1,3
s2-ATCTGATACTTCATTA-1,2
s2-ATCTGCCGTCTACAGC-1,4
s2-ATCTGGATCCTCAGAC-1,4
s2-ATCTGTACGCGTCTCC-1,3
s2-ATCTTAGACGCCTACT-1,8
s2-ATCTTAGATAGGTTCA-1,8
s2-ATCTTAGTGGCATGGA-1,6
s2-ATCTTATCAGCAATAC-1,4
s2-ATCTTCGGACATACTA-1,2
s2-ATCTTGGCTTCGTCCT-1,9
s2-ATGAACAATCGATGCG-1,2
s2-ATGAAGCTGAATCCAG-1,3
s2-ATGACACTAATCGCAC-1,8
s2-ATGACCAGACGGCCGG-1,7
s2-ATGACCTCACGCACTG-1,6
s2-ATGACCTCACTTAACC-1,7
s2-ATGACGAGATCATTAA-1,8
s2-ATGAGCTACATGGAAG-1,6
s2-ATGAGCTATTCGAAGA-1,7
s2-ATGAGTACGCTTCCTA-1,9
s2-ATGATAATTCCTTGCG-1,9
s2-ATGATATCTAGTCTTA-1,3
s2-ATGATTGATTCCGAAT-1,9
s2-ATGCATCCTGACTCAC-1,5
s2-ATGCATGCCTGCGATG-1,7
s2-ATGCATGGTTCCGCCT-1,7
s2-ATGCATGGTTGCTGTA-1,4
s2-ATGCATGTATGTGAGT-1,2
s2-ATGCATGTCACTCGTG-1,4
s2-ATGCCAGCTGCCATCT-1,2
s2-ATGCCGTTGTGAAGCG-1,9
s2-ATGCCTTCGTAAGTTA-1,7
s2-ATGCTACTGAATAGTA-1,7
s2-ATGCTCCAACCTGGCC-1,7
s2-ATGCTCCGTTCTACTG-1,7
s2-ATGCTCGCCTCCAATT-1,9
s2-ATGCTGAATGCAATAG-1,7
s2-ATGCTGCCTACTGCAT-1,4
s2-ATGCTTACTCTAGGAA-1,7
s2-ATGCTTGGACGAACTT-1,3
s2-ATGGAGCGCACTCGGT-1,6
s2-ATGGAGGCCACGGCTT-1,9
s2-ATGGAGTAATCGGACC-1,3
s2-ATGGAGTCTTCGCAGT-1,10
s2-ATGGCATTATGGCTCG-1,4
s2-ATGGTAACGGACCGGA-1,7
s2-ATGTAAGAGCCACCTC-1,9
s2-ATGTAATTGTCGTTCG-1,9
s2-ATGTACAGTGCCTATG-1,9
s2-ATGTACATCGTGGTTA-1,9
s2-ATGTACATGAACTCCG-1,4
s2-ATGTACCATTATTGTC-1,2
s2-ATGTACCGATCCAGAA-1,3
s2-ATGTACTACCGACTTC-1,2
s2-ATGTACTCTGCAGCAC-1,9
s2-ATGTAGAAGCGAATAG-1,10
s2-ATGTAGCCGACCAAGG-1,3
s2-ATGTAGGTAACCGTAC-1,7
s2-ATGTAGGTTGGCGAGG-1,2
s2-ATGTATCCAAGGTGGC-1,10
s2-ATGTATCCATAAGTTG-1,7
s2-ATGTATCGGAATACGG-1,7
s2-ATGTATGAGTACCGGA-1,7
s2-ATGTCATACTTAGACC-1,8
s2-ATGTCGGACTGAAGTA-1,3
s2-ATGTCGGATAAGCCGA-1,8
s2-ATGTCGGCTGTCGTAA-1,7
s2-ATGTCGTTACCAGACG-1,8
s2-ATGTCTAACTGGCGAA-1,8
s2-ATGTGAATCCATACGA-1,6
s2-ATGTGAATTGCTGACC-1,9
s2-ATGTGATCCGTCTAAC-1,4
s2-ATGTGCGTCTGAACAG-1,7
s2-ATGTGCTAACATCGAA-1,6
s2-ATGTGCTTGTGCTACC-1,5
s2-ATGTTAAGATTACTGA-1,5
s2-ATGTTAGACTATCTCA-1,1
s2-ATGTTCGCAGAAGTCT-1,10
s2-ATGTTCTGCCTTATCT-1,7
s2-ATTAAGAACAGCTCCG-1,7
s2-ATTAAGAATAACGCTT-1,3
s2-ATTAAGCGTCCTGCCG-1,10
s2-ATTAAGTGGCCTAAGG-1,9
s2-ATTACAAGCAAGTGTC-1,6
s2-ATTACATTGAAGTATG-1,7
s2-ATTACCTTCGCAGAAG-1,9
s2-ATTACTCCGTGAAGCG-1,7
s2-ATTACTGAGTGCCTCC-1,7
s2-ATTACTGTACGCGGTG-1,3
s2-ATTACTGTCGCATATT-1,7
s2-ATTAGACCAAGTATAC-1,1
s2-ATTAGATAAGACGGCG-1,4
s2-ATTAGCAGGATGTATT-1,4
s2-ATTAGCCTCACTTCTA-1,7
s2-ATTAGCCTCAGTAGAT-1,10
s2-ATTAGCGAGCATGCTG-1,7
s2-ATTAGTCGTGTTATGC-1,6
s2-ATTAGTGAGGTATCGC-1,10
s2-ATTAGTGCTTGGTCAT-1,3
s2-ATTAGTTCACAGACTC-1,3
s2-ATTATCACAACTCGGC-1,7
s2-ATTATCAGTTCGATGC-1,6
s2-ATTATCCAGGTGAAGT-1,7
s2-ATTATCGAGTGCAGAT-1,3
s2-ATTATCTAGATTAACG-1,7
s2-ATTATCTTATTGAGAC-1,9
s2-ATTATGATACTGCGCA-1,10
s2-ATTATGCCATCGTTAA-1,10
s2-ATTATGTTAAGGTAGT-1,8
s2-ATTCAAGATTAGTTGC-1,9
s2-ATTCACATAGGATGAG-1,3
s2-ATTCACATCTTATTCT-1,7
s2-ATTCACCTGACCAGTT-1,4
s2-ATTCACGCTGTTATCG-1,4
s2-ATTCACGTCGCAGGCT-1,3
s2-ATTCACTCACGTGCAC-1,7
s2-ATTCAGCTCCTACTAA-1,9
s2-ATTCAGTCACCGCCAT-1,1
s2-ATTCATAGCGAAGCGT-1,4
s2-ATTCCATTGTGAACGC-1,4
s2-ATTCCGCAACGCCGCT-1,7
s2-ATTCCGCTCCATCAGC-1,2
s2-ATTCCGGACCGGTCTT-1,1
s2-ATTCCGGTTACATACC-1,9
s2-ATTCCGTAAGGATTCC-1,9
s2-ATTCCTGCCTTAACAG-1,7
s2-ATTCCTTCGAAGGTGC-1,4
s2-ATTCGCTCGCGGAGGC-1,9
s2-ATTCGGAAGCTATTAC-1,9
s2-ATTCGTGCCGACATGT-1,7
s2-ATTCGTTAGAATTCGG-1,1
s2-ATTCTACGTGGCAGAT-1,7
s2-ATTCTACTGGTCGTTC-1,7
s2-ATTCTAGGACATCAGT-1,5
s2-ATTCTAGTCCACAAGA-1,9
s2-ATTCTGAGTACTGTAG-1,10
s2-ATTCTTGAGGCGACGC-1,10
s2-ATTCTTGGAGTGATAG-1,2
s2-ATTGACGAGCAGCGAC-1,6
s2-ATTGACGCATCTCAAC-1,7
s2-ATTGACGCCACCTTCT-1,5
s2-ATTGACGCCAGCCAAG-1,8
s2-ATTGACTTATGTGGTA-1,4
s2-ATTGATAACACTAAGA-1,7
s2-ATTGCACGACCACTTG-1,9
s2-ATTGCACGCATAACAG-1,4
s2-ATTGCAGTTCTTCATT-1,9
s2-ATTGCATATTGTTATC-1,5
s2-ATTGCATCACTGACTG-1,9
s2-ATTGCCTGATGTGCGG-1,1
s2-ATTGCCTTACGCAGTT-1,6
s2-ATTGCCTTGTCTAAGT-1,9
s2-ATTGCGTAGTTAGGAG-1,10
s2-ATTGGCCTAGGAATCG-1,10
s2-ATTGGCCTTCCGTGCA-1,5
s2-ATTGGCGAATTGCACT-1,1
s2-ATTGGCTAACAGACAA-1,9
s2-ATTGTTAAGTAGACTA-1,2
s2-ATTGTTACGACTAGCG-1,8
s2-ATTGTTATACTTCACG-1,2
s2-CAACAGGTCAGAGGAC-1,10
s2-CAACCGTACTGATCTT-1,4
s2-CAACCGTATTACTGTA-1,3
s2-CAACCGTTAACAGACC-1,1
s2-CAACGCTTGCTCCTAC-1,3
s2-CAACGGCACTCAGTCC-1,8
s2-CAACTGACAAGACAAG-1,4
s2-CAACTGCAGTGCAATA-1,7
s2-CAACTGCATTCGACTC-1,10
s2-CAACTGCTGGAGTTAT-1,9
s2-CAACTTGGACATAGAT-1,3
s2-CAACTTGGTACGATGT-1,8
s2-CAAGACCACTATCGAA-1,3
s2-CAAGATAAGTGCAATG-1,9
s2-CAAGATTACCGATCAT-1,3
s2-CAAGATTAGATGAGTT-1,4
s2-CAAGATTCGTCAGCTG-1,10
s2-CAAGCCGCCATAGAGG-1,9
s2-CAAGCCTCCACTATCT-1,4
s2-CAAGGCAAGCATCTCG-1,2
s2-CAAGGTCTCAATACAG-1,4
s2-CAAGTACTCCGCATCG-1,5
s2-CAAGTACTTATTAAGC-1,10
s2-CAAGTACTTCAATAGT-1,7
s2-CAAGTAGCCTCGATCC-1,9
s2-CAAGTATCGGCAACCA-1,8
s2-CAAGTCCGCTACCGTT-1,4
s2-CAAGTCGCAGTCACTC-1,4
s2-CAAGTCTTGGCGATAG-1,6
s2-CAAGTGAATTGGATGC-1,2
s2-CAAGTGTTCGCCACGC-1,3
s2-CAAGTGTTGACGGCCA-1,5
s2-CAATAACTACATTAAC-1,7
s2-CAATAACTCAAGGCAA-1,3
s2-CAATAAGAACCGACTT-1,6
s2-CAATAAGCGGCCAGAT-1,5
s2-CAATAAGGTAACTCGT-1,10
s2-CAATAATCGTAGGATA-1,1
s2-CAATCCGAGGTGCTAG-1,6
s2-CAATCGTCGGAGCATG-1,3
s2-CAATCGTGAAGTGATA-1,4
s2-CAATCTATGAGGTCAG-1,9
s2-CAATCTGAGTCGACTC-1,6
s2-CAATCTTATTAGAATG-1,6
s2-CAATGCAGATCATAGA-1,6
s2-CAATGCATTGACGGCA-1,8
s2-CAATGCGGATGCTGGT-1,9
s2-CAATGGCTGAGCGATT-1,1
s2-CAATTGAACCGGCTCG-1,2
s2-CAATTGTTGACGTGAG-1,9
s2-CACCAGGCACGCTATC-1,9
s2-CACCATAAGCTGGCTG-1,7
s2-CACCATTCTTACGAGC-1,9
s2-CACCGAGTCTTGGACA-1,5
s2-CACCTACATGATTGAT-1,1
s2-CACCTACCGCTACCTT-1,9
s2-CACCTAGAATACTTCT-1,7
s2-CACCTAGACGAGCCGG-1,3
s2-CACCTATTACTCAGAT-1,6
s2-CACCTCGAGCGATGCT-1,7
s2-CACCTCGAGGACTCTA-1,9
s2-CACCTTAGCTATTGTC-1,2
s2-CACCTTGCGAGTTATG-1,8
s2-CACGAGGCCATCCACT-1,2
s2-CACGAGGTATAGGTAT-1,8
s2-CACGATCATACAATTA-1,7
s2-CACGCCACAATCGCAC-1,4
s2-CACGCCACTCCTTCAT-1,1
s2-CACGCTTATCAATCTT-1,4
s2-CACGGATTCTCATCAC-1,4
s2-CACGGCGATACATACG-1,10
s2-CACGGCTGCGCTTGGC-1,3
s2-CACGGCTTACTCCGTT-1,3
s2-CACGGTCTTGGTTAAT-1,8
s2-CACGTACGTAGCTCAT-1,7
s2-CACGTAGGTAGGCTGA-1,9
s2-CACGTCAAGTGCGATC-1,4
s2-CACGTCCAATTCGACT-1,3
s2-CACGTCCACGACCTAT-1,3
s2-CACGTCCATCTACTGA-1,9
s2-CACGTGGCGGCACTAG-1,1
s2-CACGTTGCACATACCG-1,3
s2-CACTACAATATTGCGG-1,3
s2-CACTACCATACGCAGA-1,3
s2-CACTACCTTCGCTTCA-1,8
s2-CACTACTGCGGAATTG-1,3
s2-CACTACTGGCTGAACC-1,7
s2-CACTAGTCGACATCTA-1,3
s2-CACTCAAGACCATGCA-1,8
s2-CACTCAAGACGGACTA-1,10
s2-CACTCAATAAGCCGAA-1,5
s2-CACTCAATGGTTCGGA-1,10
s2-CACTCAGTACTCCGCT-1,3
s2-CACTCAGTGGTCCTTC-1,7
s2-CACTCATCACGTTACG-1,7
s2-CACTGGATCGATACGA-1,4
s2-CACTGGCCAGCCAGAT-1,3
s2-CACTGGCGGTAACACC-1,9
s2-CACTGGTGAGACGCTT-1,3
s2-CACTGGTGAGTTATCG-1,7
s2-CACTGGTGGCGTCGTT-1,4
s2-CACTTGACATTCAGAA-1,3
s2-CAGAACATGATAGGAC-1,10
s2-CAGAACGTATCGACTT-1,2
s2-CAGAAGATTAGAATGG-1,2
s2-CAGAAGTCGCGGTTAT-1,9
s2-CAGAATTCTTGAACCA-1,9
s2-CAGACACTTACAAGAC-1,2
s2-CAGACAGTCGGATCTG-1,2
s2-CAGACGAATGAGGAAC-1,7
s2-CAGACGATACAGATCG-1,8
s2-CAGACGCACTACTGAC-1,6
s2-CAGACGCAGTAGGTCT-1,5
s2-CAGAGCAATGGCTTCT-1,4
s2-CAGAGGCACTTAAGTC-1,9
s2-CAGAGGCGAATTGCCA-1,2
s2-CAGAGTCAATCCGCTG-1,6
s2-CAGAGTCATGTACAGG-1,2
s2-CAGATACAGCACTCGT-1,9
s2-CAGATTATCATAACGC-1,3
s2-CAGATTCCGTATGCGA-1,3
s2-CAGATTGCCTGTAAGT-1,9
s2-CAGCACGCTAATCAGA-1,4
s2-CAGCATAGACTAGGCA-1,2
s2-CAGCATCCTCGCCACT-1,6
s2-CAGCCAACGATAGCTT-1,9
s2-CAGCCAGTCCTGTCGG-1,7
s2-CAGCCATGTCTGCCGT-1,3
s2-CAGCCTCGTGGCTCAC-1,9
s2-CAGCCTGGTTGAACTA-1,6
s2-CAGCGATAACTGAACC-1,3
s2-CAGCGATAATGCGATT-1,7
s2-CAGCTCCTCGGATTCT-1,9
s2-CAGCTGGATGCGGCTA-1,9
s2-CAGCTGGCGATAAGTG-1,4
s2-CAGCTGTTGCCGGAGT-1,8
s2-CAGCTTCACTACCGTG-1,2
s2-CAGCTTGGTTCGGTCG-1,8
s2-CAGGACAGAAGGCTGG-1,2
s2-CAGGACATGGTAATGC-1,7
s2-CAGGAGCGTATCGCAT-1,3
s2-CAGGCCAACAGCGAGT-1,8
s2-CAGGCCAACGGTCGTA-1,5
s2-CAGGCCGTATCTGTTA-1,3
s2-CAGGCGAGGTCTTGGA-1,2
s2-CAGTAATATCACTACG-1,6
s2-CAGTACAGTTGTGGAA-1,2
s2-CAGTAGATTGACGGAT-1,8
s2-CAGTATACTGCAGCAA-1,4
s2-CAGTATCTTACACTAA-1,8
s2-CAGTATGCGTGGCGCT-1,4
s2-CAGTCAGCCGATCCGG-1,7
s2-CAGTCTGGTAATCTAC-1,7
s2-CAGTCTGTGGCGCTGC-1,9
s2-CAGTGAACAGCAACGA-1,9
s2-CAGTGAAGATACATAA-1,7
s2-CAGTGCCTTGCGGTCT-1,3
s2-CAGTTGCAACCGAGAT-1,8
s2-CAGTTGCACGGACAGG-1,4
s2-CAGTTGCGACTTCTCG-1,2
s2-CAGTTGCTCACGTGTC-1,5
s2-CATACAATGAGTAGCT-1,7
s2-CATACCTCGATTGTTC-1,3
s2-CATAGAACATTGAACA-1,4
s2-CATAGCTTGACAACGG-1,4
s2-CATATCAGACTATCCA-1,6
s2-CATATCCGTTCACCTC-1,6
s2-CATATGTTGACTGGCG-1,8
s2-CATATTCATCCGCATT-1,10
s2-CATATTCTTGTCGTAA-1,6
s2-CATCAGATACTAATCG-1,2
s2-CATCAGGTAGGACCGT-1,9
s2-CATCAGGTGCCTGATA-1,7
s2-CATCAGTAATCAGACA-1,10
s2-CATCCGAAGCGTATGG-1,5
s2-CATCCGCCTAAGGAAC-1,3
s2-CATCCGGTACCAACGA-1,8
s2-CATCCGTGCGGTCTAC-1,2
s2-CATCCGTGGTCGTAAG-1,7
s2-CATCCTAGTGGTATGT-1,2
s2-CATCCTGGTACCTGCT-1,9
s2-CATCCTTCGACTAAGT-1,6
s2-CATCGCGGTCGGTGCG-1,3
s2-CATCGGATCCTACCTG-1,8
s2-CATCGGCATGTCGAAG-1,10
s2-CATCGGCCTGCATATC-1,3
s2-CATCGGTAGCGTCCGA-1,8
s2-CATCTGGCCATACTAG-1,10
s2-CATGATAGGCCATGAG-1,3
s2-CATGATGCATGTGCTA-1,7
s2-CATGATGCTAGCCATG-1,8
s2-CATGCACGCCGACGGA-1,6
s2-CATGCAGAAGTCAGGA-1,4
s2-CATGCATATGACGTCG-1,10
s2-CATGCATATTCTGCCT-1,6
s2-CATGCGCTACTGGAGG-1,10
s2-CATGCGGCCGGAATTC-1,8
s2-CATGCTCATCTGAACG-1,7
s2-CATGGCTACTGTACGT-1,8
s2-CATGGTGAGGCAGCAT-1,1
s2-CATGTCCACCTGCGTC-1,9
s2-CATGTTACCGAAGGCG-1,3
s2-CATGTTATTGATGCAG-1,9
s2-CATTAACTATTGTTCC-1,3
s2-CATTAGGATAGTGAAT-1,2
s2-CATTAGGCAATGGTTA-1,7
s2-CATTCTCCAGTCACCA-1,7
s2-CATTCTGTGCATGCTC-1,1
s2-CATTGCAGCGAAGACC-1,6
s2-CATTGCGTGCCACCTT-1,7
s2-CATTGCTATGTTAGCT-1,2
s2-CATTGGCGGTTGAGTC-1,2
s2-CATTGTCGGTCGCTAG-1,6
s2-CCAACAGGAACACGGT-1,2
s2-CCAACTTGCCACCGTA-1,9
s2-CCAACTTGCGTTAACC-1,6
s2-CCAAGCTGGCCATTGC-1,3
s2-CCAATACCAACACGCC-1,8
s2-CCAATCTAACGTGACG-1,5
s2-CCAATCTTGCCTATGG-1,7
s2-CCAATTATGACACTGG-1,2
s2-CCACAGGAAGATGTGC-1,1
s2-CCACATGGCGACGTCT-1,9
s2-CCACGAACGCTGCCGC-1,7
s2-CCACGATCCTAATCCG-1,5
s2-CCACGGTACACCAACC-1,9
s2-CCACGTCGGTCGCTTC-1,7
s2-CCACGTGCCACCTCAA-1,7
s2-CCACGTGGACTGCGGT-1,6
s2-CCACTAATCACCGGTA-1,9
s2-CCACTCCAGCACCTAC-1,6
s2-CCAGAACCGTGCATCC-1,10
s2-CCAGACAATATCGTTA-1,7
s2-CCAGACAGAACCTAAG-1,7
s2-CCAGACATCCGGTTCT-1,9
s2-CCAGACATCGGCACGC-1,7
s2-CCAGATAGACGAGGTG-1,3
s2-CCAGATGATATGTAGG-1,7
s2-CCAGATTGTAGCCTAC-1,7
s2-CCAGCACTCGACTGAC-1,7
s2-CCAGCGGATTCCGCTG-1,9
s2-CCAGGTCCACATCCAT-1,8
s2-CCAGGTTACGAGACTG-1,2
s2-CCAGTGTCACAGCGCC-1,9
s2-CCAGTTGTGATGCAAG-1,6
s2-CCATAGTATTGTCTGC-1,9
s2-CCATAGTTCGAGTAAG-1,8
s2-CCATCTGTGGCATCGT-1,3
s2-CCATGAACAATGCTCC-1,10
s2-CCATGGTTCCAATGTC-1,1
s2-CCATTATCGTTACCTT-1,4
s2-CCATTCGTCTGCTCTA-1,9
s2-CCATTGGCAATTCTCA-1,9
s2-CCGAAGCCAGGTTCAG-1,1
s2-CCGACAACGTCATCGG-1,7
s2-CCGACAAGACTGTACT-1,9
s2-CCGACAGACTGTGCCT-1,4
s2-CCGAGGATGACTCGTC-1,7
s2-CCGATAATGGAGCCTT-1,9
s2-CCGATGGAACATCAGC-1,7
s2-CCGATTAGCGAGTGTA-1,2
s2-CCGATTCCATAAGAGT-1,10
s2-CCGATTCCTCACTACA-1,4
s2-CCGCAAGGAAGGAGGC-1,9
s2-CCGCAAGGTACCGTTG-1,8
s2-CCGCAAGTAGCGGACT-1,8
s2-CCGCAATCCGTGGTTG-1,10
s2-CCGCATAGTACAGGTT-1,6
s2-CCGCATGTAGTTAGAC-1,4
s2-CCGCCACTGCGTTGGC-1,9
s2-CCGCCATACTTCACCA-1,7
s2-CCGCGACCGTAGCTAT-1,4
s2-CCGCGAGGTGCGATGG-1,8
s2-CCGCGTATCGTTGCAG-1,3
s2-CCGCGTCGTTGGTCTG-1,7
s2-CCGCGTTACCTTGGCG-1,9
s2-CCGCTCAATCTGGAAC-1,3
s2-CCGCTCATACAAGTCA-1,3
s2-CCGCTCGCTAGTCTAA-1,2
s2-CCGCTCTGCTGAATTC-1,9
s2-CCGCTCTGGATATCGG-1,1
s2-CCGCTGTCACCTGCAA-1,7
s2-CCGCTGTTGCCATACG-1,3
s2-CCGGAGAAGCTAACCA-1,9
s2-CCGGAGACAAGAATAA-1,2
s2-CCGGATCTCCGAAGCG-1,8
s2-CCGGCAATGAAGTGAA-1,7
s2-CCGGCATAGGCAAGTG-1,6
s2-CCGGCGAACCGTGCAC-1,5
s2-CCGGCGCAGCATGCGA-1,2
s2-CCGGCGCTAAGGATGA-1,4
s2-CCGGCGTCCTCATTGT-1,5
s2-CCGGCGTCTTAATAAG-1,7
s2-CCGTATAATCTGGCCG-1,3
s2-CCGTCTTATGGACGAG-1,3
s2-CCGTGAAGGATAACAG-1,2
s2-CCGTGCACATCTGGCA-1,10
s2-CCGTGCTGGCAATATG-1,8
s2-CCGTGGCGTCGGTGCT-1,4
s2-CCTAACGCGATTGCAT-1,10
s2-CCTAACTTATGTTGGA-1,7
s2-CCTAAGCATGCCTTGT-1,4
s2-CCTAATAGCGGACAGA-1,6
s2-CCTAATCAGGCCATTA-1,4
s2-CCTAATCCACAAGGAT-1,4
s2-CCTAATCGGCAGTCAC-1,1
s2-CCTAATGGCACTGTTC-1,7
s2-CCTACACCGACATTAC-1,7
s2-CCTACCACTCCAGTTA-1,9
s2-CCTACCATCGCAGTAT-1,7
s2-CCTACCATGTGATCAC-1,9
s2-CCTACGAGCTGGCCGG-1,7
s2-CCTAGCCTAGTACCGG-1,3
s2-CCTAGCCTTCATCGGC-1,7
s2-CCTAGTCAGCGAACCA-1,10
s2-CCTAGTCAGTCCTTAT-1,7
s2-CCTATGATGGTCAATG-1,8
s2-CCTATGCCAGCAATCC-1,7
s2-CCTATGCCGTCGGCAC-1,8
s2-CCTATGCCTTCTTGTT-1,9
s2-CCTATGTCTTACCGGC-1,9
s2-CCTCACAATACAACTG-1,9
s2-CCTCACATGTACCTGG-1,8
s2-CCTCACATGTCTTACT-1,9
s2-CCTCACCTAGTGGCAA-1,4
s2-CCTCACGTTACTCGCA-1,4
s2-CCTCACTTCCTTCCGA-1,4
s2-CCTCATGATTATCTGA-1,7
s2-CCTCCGAAGCTGTACC-1,10
s2-CCTCGATAGAATAGGA-1,2
s2-CCTCGGAAGGCATGCA-1,4
s2-CCTCGGATCTTGCGGT-1,7
s2-CCTCGGCGCCGATTGA-1,6
s2-CCTCGGTATGACAGTA-1,3
s2-CCTCTACCGTGATTGG-1,7
s2-CCTCTATGTTGCTTAT-1,8
s2-CCTCTTCGAGCGGTTG-1,6
s2-CCTGAAGCAATGCACG-1,4
s2-CCTGAAGCGTATAGCA-1,3
s2-CCTGAAGTGCATGCAT-1,8
s2-CCTGCTCGCCGTCCAG-1,3
s2-CCTGGATTGCGTAACA-1,8
s2-CCTGGCATACCTGTCA-1,5
s2-CCTGGCTTATGGTCTG-1,9
s2-CCTGTCCTCAGTTGTA-1,9
s2-CCTGTCTAAGTAGGCT-1,6
s2-CCTGTCTGATAGGTGA-1,3
s2-CCTGTCTGCATAGGTC-1,3
s2-CCTGTCTTACAATCCT-1,9
s2-CCTTAGATCTGTAATA-1,4
s2-CCTTAGTCTGTCACTG-1,9
s2-CCTTAGTTATACCAGA-1,4
s2-CCTTATGAGGCGTTCC-1,6
s2-CCTTCACCGACGGACA-1,9
s2-CCTTCCAACCTTCAGA-1,9
s2-CCTTCCACTGCCTAAG-1,4
s2-CCTTCCGCTCCGGCAT-1,3
s2-CCTTGTCTACTTAGAC-1,9
s2-CCTTGTCTTACGGTTC-1,5
s2-CCTTGTGATGGTCTAG-1,3
s2-CGAACCAGAAGTCTGG-1,9
s2-CGAACGTGAAGTCCAA-1,8
s2-CGAACTACAGATGTAA-1,9
s2-CGAAGACCGCCAGGCG-1,4
s2-CGAAGATCCGAAGGCA-1,8
s2-CGAAGTCGTTGGCTCG-1,9
s2-CGAATCCTGATAGGTG-1,4
s2-CGAATGGACCGTCTTG-1,4
s2-CGAATTACTGCTCCGG-1,8
s2-CGACAAGTACTCCTTA-1,9
s2-CGACAATCATACGCAC-1,9
s2-CGACAATTATTCTGTC-1,9
s2-CGACAATTCGTCATGT-1,6
s2-CGACATTGTATGGAGG-1,9
s2-CGACCAGAACTGTCAT-1,4
s2-CGACCAGAAGGATCCG-1,3
s2-CGACCAGATTCAGTGA-1,4
s2-CGACCAGCCTTGATTA-1,4
s2-CGACCTATACTGACGT-1,9
s2-CGACCTGCATCTGCAT-1,4
s2-CGACCTTGGCGTTCTA-1,2
s2-CGACGCAACATGGCGA-1,2
s2-CGACGCAGCCTTAGTC-1,3
s2-CGACGCCAAGGTGCAA-1,7
s2-CGACGCCGCAAGTAGC-1,8
s2-CGACGCCGGAGTTGAG-1,1
s2-CGACGCTCCGCACGTG-1,2
s2-CGACTAATCGGCTCCT-1,9
s2-CGACTAATGTTAGGCT-1,8
s2-CGACTAGGAGATAAGC-1,4
s2-CGACTAGGTCCTTAAC-1,3
s2-CGACTGAACGAATGCT-1,2
s2-CGACTTCACTCGGCAT-1,9
s2-CGACTTCGCAAGCGGT-1,6
s2-CGAGATGCGGTATGCG-1,3
s2-CGAGCCTGCAAGGTTA-1,7
s2-CGAGCGAGCCACGCTA-1,7
s2-CGAGCGGCACAGTAGG-1,10
s2-CGAGCGTAATGGAGTG-1,3
s2-CGAGCGTATGCCAGCG-1,8
s2-CGAGCGTGCATTGTGG-1,2
s2-CGAGCGTGGACTGGAA-1,6
s2-CGAGCTATGTCCTCGC-1,9
s2-CGAGCTTAGAATACCT-1,7
s2-CGAGGAAGACTTAGAT-1,3
s2-CGAGGACGTAATAGGC-1,1
s2-CGAGGAGCATGCTATG-1,6
s2-CGAGGAGCGTTCGTTA-1,4
s2-CGAGGAGTCTAAGGAT-1,7
s2-CGAGGATTCGATCATA-1,3
s2-CGAGGCATCCAAGTCC-1,7
s2-CGAGTCACTCATAGAT-1,7
s2-CGAGTCATCCGCACCA-1,7
s2-CGAGTCCATGTCAACA-1,8
s2-CGAGTCCGTTGGAACT-1,7
s2-CGAGTCTTGTACTGCC-1,1
s2-CGAGTGCGGCTCGTGG-1,9
s2-CGATAAGAATTCCAGT-1,3
s2-CGATAAGGATAGGCAA-1,9
s2-CGATAAGGTGCCTGAC-1,7
s2-CGATGACCTCATCCTC-1,8
s2-CGATGAGGCCAACGTA-1,2
s2-CGATGATCAGCTATAA-1,5
s2-CGATGATCCTGCAGCC-1,6
s2-CGATGCACCAGGCCTC-1,2
s2-CGATGTCCGACTACAG-1,3
s2-CGATTAACTAATCTTA-1,2
s2-CGATTGGAACAGGCCA-1,9
s2-CGCAACCATGCACCGA-1,9
s2-CGCAATGTATCCAATG-1,9
s2-CGCACGCAGGTAAGTC-1,4
s2-CGCACGCATAATGGTG-1,6
s2-CGCACGGCTGTCAGGT-1,4
s2-CGCACGTAGCATTGTT-1,8
s2-CGCACGTATGAAGGCC-1,8
s2-CGCACGTGACTGTTGG-1,7
s2-CGCACTAACTACCGGT-1,5
s2-CGCACTCACCAGCACG-1,10
s2-CGCACTGTGAGCCTGT-1,7
s2-CGCACTTAAGGCATGC-1,8
s2-CGCAGACACTGGCGTA-1,2
s2-CGCAGAGCAGTCCGAG-1,9
s2-CGCAGATAGATGTTCT-1,3
s2-CGCAGATATGGACAGT-1,6
s2-CGCAGATTCGACCGAA-1,2
s2-CGCATCTTGACTTAGT-1,3
s2-CGCATGAGGAGCGTCT-1,9
s2-CGCATGGAATTCACGA-1,7
s2-CGCCAACCTGGCGAAT-1,4
s2-CGCCACAATAGCTCAA-1,7
s2-CGCCACATGCGTCCAA-1,1
s2-CGCCATGAGGCGATGA-1,7
s2-CGCCGGTATCTAGCAC-1,7
s2-CGCCTCGAGCCACTCG-1,9
s2-CGCCTCGATAATGCGG-1,7
s2-CGCCTCGGAACTGTGC-1,6
s2-CGCCTCGTACGAAGGC-1,8
s2-CGCCTCTAATTCGCGG-1,9
s2-CGCCTCTACTCGGAAC-1,8
s2-CGCCTCTGACTATTGT-1,8
s2-CGCCTTACGAGTAGCG-1,4
s2-CGCCTTAGGATCGGCA-1,3
s2-CGCCTTATCTTGGCGA-1,9
s2-CGCCTTGACGTGAATC-1,4
s2-CGCCTTGTGAAGTCTA-1,7
s2-CGCTACTCAGCCATAG-1,8
s2-CGCTAGACTTCATCAC-1,5
s2-CGCTAGCCGCATGCAT-1,3
s2-CGCTATAGTCTTCATC-1,10
s2-CGCTATGGTTGGTTAA-1,6
s2-CGCTATTAATCTATAA-1,9
s2-CGCTATTATGATACGT-1,7
s2-CGCTCGCAATTGGCGA-1,4
s2-CGCTCGGCCGGTTGTC-1,9
s2-CGCTCGGTACTGCGAA-1,7
s2-CGCTGCAATCGCTGTT-1,6
s2-CGCTGCGAGTCCACAT-1,8
s2-CGCTGCTATGACAGAC-1,9
s2-CGCTGCTTCGCATACT-1,7
s2-CGCTGTGACATAGGCA-1,3
s2-CGCTTAGAATTCTTAC-1,2
s2-CGCTTATGGTTAGGAT-1,7
s2-CGCTTGCGTACGGCAC-1,4
s2-CGCTTGGCTTGGATCT-1,4
s2-CGGACTGTGAGTATAG-1,9
s2-CGGAGCCGCAATAGCC-1,2
s2-CGGAGCGGTAAGACGC-1,9
s2-CGGAGCTCACTTGCAT-1,4
s2-CGGAGGCTAGTCGGCA-1,7
s2-CGGAGTAAGTGCACAT-1,9
s2-CGGAGTCTTACGTGAA-1,7
s2-CGGAGTGGCGACTAAG-1,3
s2-CGGAGTGGTCAAGTAT-1,7
s2-CGGATGTTGAACCACG-1,9
s2-CGGATTCCAGACGGTT-1,4
s2-CGGATTGCGTCTACCT-1,7
s2-CGGCAACCACTAGCAT-1,7
s2-CGGCAACCTAAGTCCA-1,7
s2-CGGCAAGATGCGTCGG-1,3
s2-CGGCAATCAACGTGGA-1,9
s2-CGGCACTCCGGTTCGC-1,3
s2-CGGCACTCTAGCGGAA-1,4
s2-CGGCATGGCCGCTTGT-1,1
s2-CGGCATTATCGCGTGG-1,4
s2-CGGCCTAACGATAATG-1,8
s2-CGGCCTGCGATCGATG-1,4
s2-CGGCCTGTCTGTCTGT-1,9
s2-CGGCGTAGCGCTAGGA-1,3
s2-CGGCGTTGGTTGCAGC-1,3
s2-CGGCTCGTGGAGTACT-1,9
s2-CGGCTTACGTGCACGA-1,9
s2-CGGCTTATTCGCTAAT-1,9
s2-CGGCTTCTACGATATG-1,6
s2-CGGCTTGTGCCGGCCT-1,8
s2-CGGTAGAACGTGACTT-1,9
s2-CGGTAGATTCCTATGC-1,9
s2-CGGTATAGGATGAGCG-1,7
s2-CGGTCAACGGCGGATT-1,9
s2-CGGTCATGGAGGACTC-1,3
s2-CGGTCCATGCGACTCC-1,6
s2-CGGTCCATTACAACTA-1,2
s2-CGGTCCGGTTCTTAGC-1,7
s2-CGGTCTAGATCGAATG-1,3
s2-CGGTCTGCGGACTCTG-1,6
s2-CGGTCTGCGTATCTGG-1,8
s2-CGGTCTGCTTGAATGA-1,10
s2-CGGTCTTGCTATTCTA-1,4
s2-CGGTGAACGGTTAGAT-1,3
s2-CGGTGAACTCACATTG-1,9
s2-CGGTTATCTGTCTTAA-1,3
s2-CGGTTGATTGAGCGCC-1,4
s2-CGTAACATAAGTCATC-1,4
s2-CGTAACATCGTTACGG-1,4
s2-CGTAACATTCGCGATA-1,7
s2-CGTAACATTGGCTGAG-1,9
s2-CGTAACCTGACATCGA-1,4
s2-CGTAAGCCGACCGCTT-1,9
s2-CGTACAGACGAGGACC-1,5
s2-CGTACAGGCCGCACTG-1,6
s2-CGTACAGTAAGTAATG-1,10
s2-CGTACATCACTGGATG-1,9
s2-CGTAGCCAAGTCCGTC-1,9
s2-CGTAGCCTTGAGCAAG-1,6
s2-CGTAGTACAAGGTACT-1,2
s2-CGTAGTACGCATAATG-1,2
s2-CGTAGTGACTCAAGGA-1,3
s2-CGTAGTTCGTTGGTAG-1,9
s2-CGTCAAGGCGGAATGT-1,2
s2-CGTCAGAACGTTGCCG-1,7
s2-CGTCCAATCTGCGTCC-1,2
s2-CGTCCACCATTCGGTG-1,9
s2-CGTCCATAATCCGCTT-1,3
s2-CGTCCATCCTAGCATC-1,8
s2-CGTCCATCGTCCAATA-1,3
s2-CGTCCATGTAGCGTCT-1,8
s2-CGTCGGCAGACGGTAT-1,3
s2-CGTCGGCGGTAGATCA-1,7
s2-CGTGAGCAATGGACAT-1,8
s2-CGTGAGCTGTTATCGT-1,3
s2-CGTGAGGCCTACAAGT-1,9
s2-CGTGCGGATTCATGTA-1,9
s2-CGTGGCTCCTTGTCTT-1,9
s2-CGTGTACGATGATTGT-1,2
s2-CGTGTAGTATTCTTGG-1,4
s2-CGTGTTAACCTGAAGC-1,10
s2-CGTGTTACCATATGTA-1,4
s2-CGTGTTAGATGGTATC-1,3
s2-CGTGTTGGACGTCTGG-1,4
s2-CGTTAACGAGAAGGAC-1,6
s2-CGTTACAGTGCACTCA-1,5
s2-CGTTCCTGTCACCGTG-1,6
s2-CGTTCTCGAGGTTCGC-1,1
s2-CGTTGGTCGTCACTGT-1,7
s2-CGTTGGTGGCGTCTGC-1,6
s2-CGTTGTGAGCAAGTGG-1,5
s2-CTAACAGTATACCGGC-1,4
s2-CTAACCTCACCGAAGA-1,4
s2-CTAACGTGAATGATGT-1,7
s2-CTAACGTTAGGCAATG-1,2
s2-CTAAGCGTGCCTGCAA-1,2
s2-CTAAGCTCCACGATCA-1,7
s2-CTAAGCTTACAGTACG-1,3
s2-CTAAGTCAAGATCATG-1,7
s2-CTAAGTGGCCGATTAG-1,9
s2-CTAATCACTCCGAGAC-1,1
s2-CTAATCTGGCCGTGTT-1,4
s2-CTAATGACATCATTCT-1,4
s2-CTAATGAGCGAGGCTA-1,9
s2-CTAATTATGTTGCCGC-1,1
s2-CTACAACCGCTGTCTA-1,9
s2-CTACAGAACCAGTTGA-1,4
s2-CTACAGAATTAATGAC-1,3
s2-CTACAGATCGGTCGCC-1,7
s2-CTACAGATGGTCATAC-1,2
s2-CTACAGCGTCTACACT-1,7
s2-CTACAGGTAGAATTCC-1,8
s2-CTACAGGTCGCTAAGC-1,7
s2-CTACATCTACTGGCTT-1,9
s2-CTACCAGACCTCTTAG-1,3
s2-CTACCAGGAGACATCT-1,3
s2-CTACCATCGATGAGAA-1,8
s2-CTACCTGTGCGATGTA-1,7
s2-CTACCTTATCAACTGA-1,3
s2-CTACGAATCAGCCTGG-1,6
s2-CTACGAATTGGCTGGT-1,8
s2-CTACGAGCCGGACGGT-1,9
s2-CTACGAGCCTGGAGAC-1,4
s2-CTACGATGCGTCCGGC-1,1
s2-CTACGCTACATCTGTT-1,5
s2-CTACGCTTAGAAGTGC-1,7
s2-CTACTCGGCGTCTAAT-1,6
s2-CTACTGCTCCGACAGT-1,7
s2-CTACTTATGAACATAA-1,6
s2-CTAGACGATTGAGCTA-1,8
s2-CTAGCAACCAGTGCGG-1,8
s2-CTAGCACGATCACTGT-1,2
s2-CTAGCACGCCAAGCTT-1,6
s2-CTAGCATAGAGCGAGC-1,8
s2-CTAGCCGAAGATGGAC-1,7
s2-CTAGCCGATTCAATGC-1,4
s2-CTAGCGCCTAGCTTAA-1,3
s2-CTAGGACGCAAGCATT-1,7
s2-CTAGGCCAGGAGTACG-1,7
s2-CTAGTCAGGCGACAGT-1,2
s2-CTAGTTATGTCCAAGG-1,4
s2-CTATAACCAGCAGTAT-1,7
s2-CTATAACTACGCCTGG-1,1
s2-CTATAACTCCTGGAGG-1,8
s2-CTATACCGACTCGCAT-1,7
s2-CTATAGATCCACAAGC-1,5
s2-CTATCCATTAGCTCGA-1,2
s2-CTATCCATTGAGCCAC-1,1
s2-CTATCCGCTGCAATTG-1,2
s2-CTATCCGTACGTTGGC-1,4
s2-CTATCGAATGGTCTGT-1,6
s2-CTATCGAGATGCCTAC-1,4
s2-CTATCGGATATCGGAG-1,7
s2-CTATCGGCTTAACTAG-1,9
s2-CTATCGTATCAGCGTG-1,4
s2-CTATCGTATGATAGGA-1,2
s2-CTATCGTTACAACCTT-1,3
s2-CTATGCCACGAGGCTG-1,4
s2-CTATGCCATGCGGACA-1,8
s2-CTATGCCATTGGAGAA-1,1
s2-CTATGCCGTACAGCGT-1,7
s2-CTATGGCCAACGCCGG-1,10
s2-CTATGTAGGCCGAACG-1,7
s2-CTATGTCGTTCCGCTA-1,9
s2-CTATGTGCCTTCAGGT-1,7
s2-CTATGTGCGGTTGACT-1,4
s2-CTATTAAGCCAGCACT-1,8
s2-CTATTAGCGGCTTCGT-1,7
s2-CTATTAGTACTGGCTC-1,4
s2-CTATTATGAGATACGA-1,7
s2-CTATTATGGCACCTCG-1,7
s2-CTATTCCGGCCGTCGG-1,9
s2-CTATTCGTCTTACATA-1,3
s2-CTATTCTGCAACGCAC-1,9
s2-CTATTCTGTAGGACCT-1,9
s2-CTCAACATCCAGATTG-1,9
s2-CTCAAGATACAACGGA-1,1
s2-CTCAATACGTTAACCG-1,3
s2-CTCAATGACCATTAAG-1,7
s2-CTCAATTGGCGATTCC-1,8
s2-CTCACCAGGAATTGAC-1,8
s2-CTCACCGAGGATCCGC-1,4
s2-CTCACCGCTCTAATCA-1,9
s2-CTCACCTGAGACTAAG-1,7
s2-CTCACCTGCCGACTAA-1,7
s2-CTCACCTGGCTTAGGT-1,8
s2-CTCACCTTAATAAGAT-1,7
s2-CTCACCTTATCTCCTT-1,4
s2-CTCACCTTCTGAAGTA-1,9
s2-CTCACGAGTAGATGAG-1,7
s2-CTCACGATCTCCGGAG-1,4
s2-CTCACGTATTCAAGCG-1,4
s2-CTCACGTTCGGTCTGC-1,7
s2-CTCAGAAGACAACTCG-1,3
s2-CTCAGGATACGCGGCA-1,3
s2-CTCAGGCACGTCAGAC-1,7
s2-CTCAGGTCACTACAGC-1,2
s2-CTCAGGTCGTGCTCGC-1,9
s2-CTCATAGCCAATGTCG-1,3
s2-CTCATCCTGGCAAGTC-1,9
s2-CTCCACGCTAGCTAGA-1,7
s2-CTCCACTGGCTAATGG-1,8
s2-CTCCAGAATATTACAT-1,2
s2-CTCCATGGCGACCAGT-1,3
s2-CTCCGCAGCCGCCTTC-1,5
s2-CTCCGGATCCTCGCTC-1,8
s2-CTCCGGCCTACAGCTT-1,3
s2-CTCCGGTTCAGCGGAT-1,10
s2-CTCCTACATTGTATCT-1,3
s2-CTCCTACCTCGTGGTA-1,9
s2-CTCCTACTTGAGTAAG-1,8
s2-CTCCTGTCGAAGCCAA-1,9
s2-CTCCTTATCTTAAGAC-1,4
s2-CTCCTTATGGAACCTT-1,7
s2-CTCGACAGCACTCGGA-1,7
s2-CTCGACTCCTAATGGA-1,3
s2-CTCGATGCGGTGTTAA-1,3
s2-CTCGATGTTGAACGGC-1,8
s2-CTCGATGTTGCTATGT-1,3
s2-CTCGCATACTCAACTC-1,7
s2-CTCGCTAGCACCATCT-1,9
s2-CTCGCTGTTCATAGAT-1,9
s2-CTCGGAATTCTTGATA-1,6
s2-CTCGGACTAACGTGGC-1,4
s2-CTCGGAGTCTTAAGGA-1,7
s2-CTCGGATCGGAATACG-1,3
s2-CTCGGTCTCCAACTGC-1,4
s2-CTCGTCGCGATTAATT-1,3
s2-CTCGTTCTGTCACGTT-1,7
s2-CTGAAGCGGTTGCCAA-1,4
s2-CTGAAGCGTGGTGAAG-1,6
s2-CTGAAGGAGCCTCACT-1,7
s2-CTGAAGGATCTGTACG-1,3
s2-CTGAAGGTGCTCGAGG-1,3
s2-CTGAAGTGCTATGGCG-1,8
s2-CTGAAGTGCTGAACTG-1,9
s2-CTGAAGTTGCAGACAT-1,7
s2-CTGAATTCGCGTAAGG-1,9
s2-CTGACCGCCAATTAGG-1,8
s2-CTGACGTATCCGCCAC-1,8
s2-CTGACTCCGAATCTGC-1,3
s2-CTGACTCGAATTCGTG-1,2
s2-CTGACTGATTAGGCTG-1,8
s2-CTGACTGGTATGATAA-1,6
s2-CTGACTGGTCTACCTT-1,6
s2-CTGACTGTGGCCGGTT-1,9
s2-CTGATGCCAATGCTTC-1,6
s2-CTGATTAACAGCGGCC-1,3
s2-CTGATTAACGCAAGAA-1,4
s2-CTGATTACAATGTCCA-1,5
s2-CTGATTAGGTGCCGAA-1,10
s2-CTGATTATCAATAGAC-1,2
s2-CTGCATAATGGACCGC-1,10
s2-CTGCATTGAGCACGGA-1,6
s2-CTGCATTGAGGAGCCG-1,4
s2-CTGCCGATTGCGATGT-1,9
s2-CTGCCGCTTCGGCTGC-1,4
s2-CTGCCGTGAAGTCGCA-1,3
s2-CTGCCTCCAACACCAG-1,3
s2-CTGCCTGACACGGATT-1,3
s2-CTGCCTGTGAGCCAGG-1,6
s2-CTGCTCATTAGAGTGC-1,2
s2-CTGGAACAATAGACAG-1,2
s2-CTGGAAGGCAACCGGA-1,1
s2-CTGGAAGTCTAAGCTC-1,1
s2-CTGGAATAGGAATTAG-1,1
s2-CTGGAATAGTGCAAGT-1,7
s2-CTGGAATGGATCAGCA-1,7
s2-CTGGCACTTCTGCGTC-1,1
s2-CTGGCCTTACCACTTA-1,3
s2-CTGGCCTTGCATTCGG-1,3
s2-CTGGCGCACTTACTGA-1,9
s2-CTGGCGCATATCCGTG-1,10
s2-CTGGCGGACAACGCAC-1,7
s2-CTGGCTGGACGCTTGG-1,9
s2-CTGGTACTCGAAGTGG-1,6
s2-CTGGTGAGGTCTCGTC-1,10
s2-CTGGTGATCCTGAAGG-1,3
s2-CTGGTGATCGCCGTAG-1,5
s2-CTGGTGCACCATACCA-1,4
s2-CTGGTGCACGATCAAG-1,2
s2-CTGGTGCGAGAAGCTT-1,1
s2-CTGGTGCGTTCACGAG-1,2
s2-CTGGTGCTACAGTATT-1,8
s2-CTGGTGCTTATGACCA-1,9
s2-CTGGTGGCCAATAAGT-1,9
s2-CTGGTTGGACATCACC-1,6
s2-CTGGTTGGCTTGTTAC-1,8
s2-CTGTATCGGAAGCTCC-1,10
s2-CTGTATCTTCGCCATA-1,3
s2-CTGTATGGCTCAACAT-1,9
s2-CTGTCACTCGGCCTTA-1,7
s2-CTGTCAGATCGATGCG-1,5
s2-CTGTCAGGCTTCCTAA-1,10
s2-CTGTCTATCCACATCT-1,9
s2-CTGTGCAGATGATAAT-1,4
s2-CTGTGCGTGAGCCGTC-1,6
s2-CTGTGGCTTGTCAGCT-1,5
s2-CTGTGGTAAGCTAATA-1,7
s2-CTGTTATGGCCAGCGG-1,4
s2-CTGTTCCAGAAGCTGA-1,3
s2-CTGTTCGTATGCACCA-1,8
s2-CTGTTCTGCTCAGGAC-1,4
s2-CTGTTGCTACTCACAG-1,4
s2-CTTACGAACTCCGTCC-1,7
s2-CTTACGCAGAGGCTCG-1,6
s2-CTTACGCCATGCACAG-1,4
s2-CTTACGGTAAGCCGAA-1,8
s2-CTTACGTCATCCTTAT-1,3
s2-CTTAGCAACTAGGACC-1,7
s2-CTTAGCAAGGACAGCC-1,9
s2-CTTAGCACGACAGAAC-1,7
s2-CTTAGCCTAATGGTAA-1,7
s2-CTTAGCGTAGCGTGCG-1,4
s2-CTTAGCTACCATCTCA-1,6
s2-CTTAGCTACGCAAGGT-1,3
s2-CTTAGCTATCCTTGCG-1,4
s2-CTTAGCTTAGTTCTCG-1,9
s2-CTTAGCTTCGCTGACC-1,9
s2-CTTAGTAAGCGTGGCA-1,7
s2-CTTAGTCCTCATAAGT-1,9
s2-CTTAGTCTATCGAGAC-1,7
s2-CTTAGTCTCGACAACT-1,4
s2-CTTAGTCTGTGCATCC-1,4
s2-CTTAGTCTTATTCGGA-1,2
s2-CTTAGTCTTCGATGTC-1,3
s2-CTTAGTGCGACCTATT-1,3
s2-CTTAGTGCGTTGACGC-1,4
s2-CTTAGTGGCTAAGACG-1,7
s2-CTTAGTGGTACACGAC-1,3
s2-CTTAGTTGCTCGTTGT-1,9
s2-CTTAGTTGGAGCGACC-1,8
s2-CTTATTCACTAGCTGG-1,5
s2-CTTCAAGTCGACCTTC-1,4
s2-CTTCATGCCTAGACGG-1,6
s2-CTTCATTGGATACCAC-1,5
s2-CTTCCAATTGAAGATT-1,9
s2-CTTCCACGATCCTGTA-1,6
s2-CTTCCACGCCTTCCTG-1,4
s2-CTTCCGACGCACAACC-1,3
s2-CTTCCGTCGCTGCATC-1,9
s2-CTTCGACCAAGCCGAG-1,8
s2-CTTCGACTCCAGACTG-1,2
s2-CTTCGAGTGATGGAAT-1,4
s2-CTTCGATAACATTGGT-1,3
s2-CTTCGATACTCCGACC-1,7
s2-CTTCGATATGTAGGAG-1,9
s2-CTTCGATGGACGTACC-1,6
s2-CTTCGCCGCAACATTA-1,3
s2-CTTCGGCTCACTACCT-1,8
s2-CTTCGTATTAATACGG-1,7
s2-CTTCGTCAAGACTCGT-1,2
s2-CTTCTGAGCCAGGAAC-1,5
s2-CTTCTGAGGTCGCATA-1,6
s2-CTTCTGTACGGACATC-1,3
s2-CTTGAACCGAGTTAAT-1,4
s2-CTTGAACTTAGAGGAA-1,4
s2-CTTGAGCCTTGTTCCA-1,7
s2-CTTGAGTCCAAGGCTG-1,8
s2-CTTGATGCAATCACAA-1,3
s2-CTTGCCGGAAGACGCA-1,8
s2-CTTGCGTAACAGCAGT-1,3
s2-CTTGGACAGGTTAGAA-1,6
s2-CTTGGACATTACAGGA-1,2
s2-CTTGGAGGCCACCTGC-1,6
s2-CTTGGTCGGAAGTAGC-1,10
s2-CTTGGTTAGAGTCATC-1,3
s2-CTTGTCAAGGCGTCAA-1,2
s2-CTTGTCAGTTCGGTAA-1,8
s2-GAACAAGGTCGAGCAA-1,7
s2-GAACAGATAACCTTAA-1,7
s2-GAACAGATCCGCTAGA-1,1
s2-GAACATTCGACACGTA-1,7
s2-GAACCGAACGAAGACT-1,2
s2-GAACGCCACGGTGGTT-1,7
s2-GAACGCCAGTGCATAC-1,3
s2-GAACGCTAGAAGGCTA-1,7
s2-GAACTAACTCTACGTG-1,4
s2-GAACTACAAGTAGGAG-1,7
s2-GAACTACCTTATCATA-1,3
s2-GAACTATCGTCTCGTC-1,4
s2-GAACTCATAGTGAGTG-1,3
s2-GAACTCCTCATACATA-1,3
s2-GAACTCCTGGAGGCTC-1,3
s2-GAACTGTAACTCAGGC-1,3
s2-GAACTTGGTGAGGATA-1,3
s2-GAAGCGATTGCCGAAT-1,4
s2-GAAGCGGCTGATCAGT-1,2
s2-GAAGCGTCCATAGTTG-1,1
s2-GAAGCTGCCTCGTGAG-1,4
s2-GAAGCTGTTCTACATC-1,4
s2-GAAGCTTGACGCTTAA-1,6
s2-GAAGGATGGTATACGT-1,8
s2-GAATAAGGAGAACTAA-1,9
s2-GAATACAGACGAACTG-1,3
s2-GAATACCTGCCACGGC-1,6
s2-GAATACTAAGGCGAAT-1,7
s2-GAATCAATTACCGACC-1,9
s2-GAATCATAGTCTGAAG-1,7
s2-GAATCATGAACCAGTG-1,2
s2-GAATCATTATGAGCTG-1,4
s2-GAATGACAACTAGTCA-1,8
s2-GAATGACACGACTAGG-1,3
s2-GAATGACCACAATCGA-1,3
s2-GAATGAGTATAGACCA-1,2
s2-GAATGGCCAAGGAGGC-1,3
s2-GAATGTATTGGATCAA-1,9
s2-GAATGTGCCTAGCAGA-1,4
s2-GAATTAACCTTCAATT-1,3
s2-GACAACATCATGCCGC-1,7
s2-GACAACCTAGGAGTCT-1,8
s2-GACAACGGACTCAGCT-1,3
s2-GACAACGGCGATGTTA-1,3
s2-GACAACTTAACCAACC-1,7
s2-GACAACTTGATTGTGA-1,4
s2-GACAAGCTGAATCTGG-1,2
s2-GACAAGGTGGTCCGGC-1,2
s2-GACAATCTATTAGATT-1,9
s2-GACAATGACAAGCTTA-1,4
s2-GACAATTGTATGCTTC-1,7
s2-GACAGCAACTCAGAAC-1,10
s2-GACAGTCACTTCGCTC-1,7
s2-GACATCCTCAACCTCG-1,4
s2-GACATCCTTCATTATC-1,4
s2-GACATCTGCGGTCTTG-1,2
s2-GACATTATCTTAATCT-1,4
s2-GACCAATTGCGTCAGA-1,6
s2-GACCACATTCTTGAAT-1,7
s2-GACCACGGCGTACATA-1,7
s2-GACCACTCCTGACGTT-1,10
s2-GACCACTTAGACAGGT-1,8
s2-GACCGAATCTAATACG-1,7
s2-GACCGACAATAGGAAT-1,7
s2-GACCGGCCATGTACCG-1,9
s2-GACCGTATTAGACCGG-1,4
s2-GACCTGCTGTACGAAG-1,9
s2-GACCTGTCGATTGCAG-1,4
s2-GACGAGCTGCACTCGT-1,9
s2-GACGAGTGCTGGAGAT-1,9
s2-GACGCAGCGTCAAGTT-1,7
s2-GACGCCTCGTCAGAGG-1,7
s2-GACGCCTCTTGATTGT-1,4
s2-GACGGCTTAGGTGCGA-1,7
s2-GACGGTACCTGGCCGT-1,7
s2-GACGGTGGTTGATGTC-1,8
s2-GACGTACAGGAACGCT-1,3
s2-GACGTCTTATCTCAGC-1,2
s2-GACGTGGTGCTCCAGA-1,8
s2-GACTACGAGTTCCATT-1,7
s2-GACTAGATTAGCTAAC-1,2
s2-GACTAGTAATCTTGCT-1,7
s2-GACTGACAGGAACCAG-1,6
s2-GACTGCCATAGAATAC-1,9
s2-GACTGCGGTCTGCGTG-1,9
s2-GACTTCATACCGCTGT-1,4
s2-GACTTGAACGTCCGTA-1,9
s2-GACTTGAAGCCATAGC-1,6
s2-GAGCCAAGCGATCGTA-1,7
s2-GAGCCAGCTTACGGTA-1,3
s2-GAGCCAGTATTGTCAA-1,4
s2-GAGCCTCACGTATGTA-1,9
s2-GAGCCTCCAGTACCGA-1,10
s2-GAGCGAATCGGTAGAA-1,9
s2-GAGCGATACTCCAGGC-1,4
s2-GAGCGGCAATGGAATA-1,9
s2-GAGCTAACCTACTTAC-1,10
s2-GAGCTAAGGTTGCGTT-1,9
s2-GAGCTACAAGATCAAG-1,1
s2-GAGCTACAGCTCGGTA-1,9
s2-GAGGAAGGCAACGGCG-1,8
s2-GAGGACAGATCGCCTA-1,7
s2-GAGGACGAGTCCTAGT-1,9
s2-GAGGATCCAGAACTGG-1,7
s2-GAGGATGATAGGAAGG-1,9
s2-GAGGCCACAAGGTGCA-1,7
s2-GAGGCCACTTCTAGAT-1,7
s2-GAGGCCAGCAGAGGTT-1,3
s2-GAGGCCATGGCTCGGA-1,6
s2-GAGGCGCTCCATTCCT-1,5
s2-GAGGTAACATTCGATC-1,7
s2-GAGGTAACTAGACAGT-1,1
s2-GAGGTAACTGCGAGAC-1,9
s2-GAGGTACAACCTTCCG-1,1
s2-GAGGTATTAATAGCGG-1,2
s2-GAGGTCACTGTAAGCT-1,7
s2-GAGGTCCAAGTAGCTA-1,10
s2-GAGGTGAGATCATTGG-1,6
s2-GAGGTGAGGATTCATT-1,8
s2-GAGGTGCATTCGGATC-1,3
s2-GAGGTGCGGCTGACCA-1,4
s2-GAGGTGGCTCGAGGTT-1,2
s2-GAGGTGTAGCAACTCA-1,7
s2-GAGGTTAGATCGAAGA-1,4
s2-GAGTAACGTGGCTTGA-1,2
s2-GAGTAGACGCAGGCTC-1,3
s2-GAGTAGATACGTCAAC-1,6
s2-GAGTAGATTATGGTTC-1,10
s2-GAGTAGGATGGTAGTC-1,3
s2-GAGTCCACGCCTGAAG-1,8
s2-GAGTCCACTCATAACA-1,9
s2-GAGTCCTACCTCTGCA-1,3
s2-GAGTCCTCTAGCGACA-1,3
s2-GAGTCTCGAGATAGTC-1,7
s2-GAGTCTGACTATAGAA-1,4
s2-GAGTCTGGTGAATGAG-1,9
s2-GAGTGCAGCGTCATCG-1,3
s2-GAGTGCCGCATTAGGC-1,7
s2-GAGTGCGGATACAGTC-1,8
s2-GAGTGCGTACTGTAAC-1,4
s2-GAGTGGAGCAAGCGCA-1,9
s2-GAGTTAATCTCGTTAT-1,9
s2-GAGTTAATTCCACTGG-1,7
s2-GAGTTACTCAATGGAA-1,7
s2-GAGTTAGCAGTAGATG-1,10
s2-GAGTTCTATCGTGCCT-1,7
s2-GAGTTGGTATTAATAG-1,5
s2-GATAAGCACGTGCGTA-1,10
s2-GATAAGTTGGCGATTA-1,2
s2-GATAATCAGCTATTGT-1,9
s2-GATACCTCGCGACTGC-1,5
s2-GATACTTCACTCAGCA-1,3
s2-GATAGAGTCTGAATCG-1,7
s2-GATAGAGTGATAAGCT-1,7
s2-GATAGATGTTGAAGAT-1,2
s2-GATAGCTAATGGATAG-1,4
s2-GATAGTGACACTCCAA-1,3
s2-GATATCCATATGAGGC-1,8
s2-GATATCTTGTGACACG-1,9
s2-GATATGCTCACGTTAC-1,8
s2-GATCCACCGCGTGCAA-1,3
s2-GATCCGGACATACACC-1,7
s2-GATCGGAGATACGCAG-1,3
s2-GATCGTAACATTAATA-1,6
s2-GATCGTAAGAGTCGCA-1,7
s2-GATCGTCATGCGGAGG-1,8
s2-GATCGTGGCCACAACC-1,5
s2-GATCTATGAAGATGCG-1,9
s2-GATCTTGTCATGATCT-1,8
s2-GATGACTCTGAATCTT-1,8
s2-GATGAGTGAACGGCTG-1,3
s2-GATGCCAGACATAATG-1,7
s2-GATGCCGACAGATATT-1,5
s2-GATGCCTAGAGTCTGT-1,7
s2-GATGGACCTGGACGGA-1,3
s2-GATGGACGGCAGATGA-1,3
s2-GATGTAGCGAGGTCCA-1,3
s2-GATGTAGGAGTTGGCC-1,7
s2-GATTATGTGACATGAT-1,9
s2-GATTCCATACTGAACC-1,3
s2-GATTCCATTGAGTTGA-1,3
s2-GATTCCGCTATCGGCT-1,5
s2-GATTCCGCTGCAAGAT-1,7
s2-GATTCCGTGCGTATAC-1,7
s2-GATTCCTGCAGATCGT-1,10
s2-GATTCGCCATGTATCA-1,9
s2-GATTGACTCCATGCGA-1,8
s2-GATTGTCGCAACGAGG-1,9
s2-GCAACAGCCTGCTCTA-1,4
s2-GCAACAGCGTGGATCA-1,7
s2-GCAACAGCTCCTATGA-1,10
s2-GCAACAGGCCATTGAC-1,7
s2-GCAACATACATCAGCA-1,9
s2-GCAACATGGTTCTTCA-1,3
s2-GCAAGAATGTTCCACC-1,4
s2-GCAAGATAGGTTAACT-1,9
s2-GCAAGCACTACCGCCA-1,3
s2-GCAAGCTTATTGACGT-1,6
s2-GCAATACATGAGGACA-1,4
s2-GCAATCCTCGAGCGTT-1,7
s2-GCAATCGTGACTCCAA-1,3
s2-GCAATTAATCAACGTA-1,9
s2-GCAATTCCTATCATAC-1,7
s2-GCAATTCTGTGACAGA-1,9
s2-GCACAGCTGTGGTTGA-1,7
s2-GCACATGCCGGTCTGG-1,10
s2-GCACCGAAGATGTCTA-1,2
s2-GCACCTAGCCGAATCT-1,9
s2-GCACCTAGTAATTATC-1,10
s2-GCACCTTACTGGCTAC-1,3
s2-GCACCTTAGCCTCGCA-1,5
s2-GCACGAGCAGTACCGA-1,4
s2-GCACGAGCTATTGTCG-1,8
s2-GCACGCAACCATACCA-1,9
s2-GCACGCATAGATTGCT-1,7
s2-GCACGCATAGGCGATC-1,3
s2-GCACGCTTCGTTGTTC-1,7
s2-GCACGGAAGGATAGTA-1,9
s2-GCACTACACTATTGCG-1,9
s2-GCACTCCGACTGGCGT-1,2
s2-GCACTCTGTTGCCATA-1,8
s2-GCACTCTTGCTACCGA-1,8
s2-GCACTGAATATGACAG-1,3
s2-GCACTGCCTCGATGCG-1,7
s2-GCACTGGACGCAGCAC-1,10
s2-GCACTGTTGCGGCCTT-1,9
s2-GCAGACGCCTGGTTAT-1,8
s2-GCAGATACGTTGAACG-1,9
s2-GCAGATAGTTGGAGAC-1,6
s2-GCAGATCCTAATGTGG-1,7
s2-GCAGCCGGATGCCGCA-1,6
s2-GCAGCGACAGTTCGGT-1,8
s2-GCAGCGATCTAACGAA-1,7
s2-GCAGGCAGTGATCTAC-1,9
s2-GCAGGCCATTCCTGCC-1,7
s2-GCAGGCTACCGTCCTT-1,4
s2-GCAGGCTGGTTCCAAG-1,5
s2-GCAGGTCACTACCTCA-1,3
s2-GCAGGTGCTGATGCTT-1,7
s2-GCAGTAGATGTCCAAT-1,7
s2-GCATAACCGAGGTGAT-1,3
s2-GCATACTAGCATCGAA-1,3
s2-GCATGACGGATTATCA-1,2
s2-GCATGCTGAGACAGGT-1,7
s2-GCATGTCGAGTGTCTT-1,8
s2-GCATTACCTGTCAAGA-1,7
s2-GCATTGACTACAGCGA-1,9
s2-GCATTGCTGTTCCATC-1,6
s2-GCATTGGTTACCAAGC-1,9
s2-GCCACGAAGGAATTCC-1,9
s2-GCCACGACCGTTAAGT-1,6
s2-GCCACGCCTTAGTACG-1,8
s2-GCCACTATAGACCATA-1,7
s2-GCCACTCCGTCACCTC-1,4
s2-GCCAGACAGACGCCTA-1,2
s2-GCCAGACATCTATCAC-1,3
s2-GCCAGTAGACGATACC-1,2
s2-GCCAGTTCCTCGTGCC-1,2
s2-GCCATTCTCGTGTAGA-1,6
s2-GCCATTGCATGTTAAC-1,8
s2-GCCATTGTAACTGATC-1,3
s2-GCCATTGTAATGTCTT-1,4
s2-GCCGAGTCCTCGTCCA-1,3
s2-GCCGATACGGTATCAG-1,1
s2-GCCGATCGAGTGAAGT-1,4
s2-GCCGATCTCGTGACTC-1,6
s2-GCCGCTGATTGGCCAG-1,3
s2-GCCGCTTCTAAGGTGA-1,9
s2-GCCGGCAATAGGCAGG-1,8
s2-GCCGGCATTCCGCCGA-1,5
s2-GCCGGCGAACCATTGT-1,5
s2-GCCGGCGTAGGTGACG-1,4
s2-GCCGGCGTGAACTTGC-1,2
s2-GCCGGTATGCTCATGC-1,7
s2-GCCGTACCAGATCTAG-1,9
s2-GCCGTATGCCAGTCTT-1,4
s2-GCCTATAGCATACCTT-1,2
s2-GCCTCATGCGAGCAGG-1,6
s2-GCCTCCGTCTACCTCG-1,9
s2-GCCTCCTGCGGCCGTT-1,9
s2-GCCTGGACCTATTGTC-1,4
s2-GCCTGGAGCAAGTTAG-1,3
s2-GCCTGGTACATGGTCG-1,9
s2-GCCTGGTCAGGTTGCC-1,3
s2-GCCTGTGAAGTCGGCG-1,2
s2-GCCTGTGACACCAGAA-1,9
s2-GCCTGTGATAGATTGG-1,8
s2-GCCTTCGCTTATGTTC-1,7
s2-GCCTTCTGATTCCGTC-1,8
s2-GCCTTCTGTCACGCTC-1,7
s2-GCCTTGAGATCTGAGC-1,5
s2-GCCTTGCCACTTCTGA-1,2
s2-GCCTTGGCGAACAATC-1,7
s2-GCGAATAGTGGCTAAT-1,7
s2-GCGAATCGAGAACACG-1,3
s2-GCGAATGCAGTGTCAA-1,8
s2-GCGAATTGGCTAGCCA-1,8
s2-GCGACACTAAGCTAAG-1,7
s2-GCGACAGTGCCGCACC-1,2
s2-GCGACGTAGAGCGTTA-1,8
s2-GCGAGCGGACCATAAC-1,7
s2-GCGAGCGGTTGTCATG-1,2
s2-GCGAGCTAACTCCTAG-1,1
s2-GCGAGGATCGACCTTA-1,9
s2-GCGATCTTGCTCACGC-1,7
s2-GCGATGACCGTGTAAT-1,4
s2-GCGATGTACTGCTATT-1,8
s2-GCGATTCTAACAGTAA-1,2
s2-GCGGAGCCTGTAACAT-1,6
s2-GCGGCAAGTGTTATGT-1,3
s2-GCGGTCCTGTAGTCTG-1,7
s2-GCGGTCGGCGTACCTT-1,4
s2-GCGGTCGTTGATCTTG-1,9
s2-GCGGTGGCCGACGCAT-1,3
s2-GCGGTTGCCTCGACGG-1,10
s2-GCGTAACGTTACAGGT-1,3
s2-GCGTACCGGAACGACA-1,7
s2-GCGTACCGGATGGCTC-1,4
s2-GCGTACCGTGTATCAG-1,3
s2-GCGTACGAATCTAATC-1,9
s2-GCGTCCAGCAATTGGC-1,9
s2-GCGTCCTCTGCCGTTG-1,6
s2-GCGTCGGAATGCTGCC-1,9
s2-GCGTCGGTCACGCCAG-1,9
s2-GCGTCTCGCAACTCAT-1,9
s2-GCGTTAATAGTCAGTA-1,8
s2-GCGTTCGAGGCCACAA-1,6
s2-GCGTTGTATCGGAGCT-1,7
s2-GCTAACCATAGGCGTT-1,3
s2-GCTACCATCCTGTAGA-1,9
s2-GCTACTTCTGACGCGA-1,2
s2-GCTATGCGTGAACGGT-1,5
s2-GCTCAACCACGGCAAC-1,4
s2-GCTCATACAATTAGAC-1,7
s2-GCTCCGAGACTACATA-1,8
s2-GCTCCGGCAACATGAT-1,6
s2-GCTCCTATGTCTTCGC-1,2
s2-GCTCGATGCTCGCATG-1,4
s2-GCTCGCATCGTCATTA-1,2
s2-GCTCGGACCTTCAAGT-1,6
s2-GCTCGGAGATGAATGT-1,2
s2-GCTCGTCTGCCGCAAT-1,9
s2-GCTGAATGACCGTGAG-1,3
s2-GCTGACAGCCGGAGCG-1,4
s2-GCTGACCGCATCGGAT-1,4
s2-GCTGACTTGTCTCAAT-1,7
s2-GCTGAGGACAAGAAGT-1,2
s2-GCTGAGTGTTCAACCG-1,7
s2-GCTGCCGCCTATGTAG-1,2
s2-GCTGCGTTATGTGGAC-1,10
s2-GCTGGATGACTCTACC-1,9
s2-GCTGTAGTGCTGTCGC-1,7
s2-GCTGTTATGGTTGCCG-1,8
s2-GCTGTTCAACCGAATA-1,8
s2-GCTGTTGATAGTCTTA-1,9
s2-GCTTAATAGAGGCGAG-1,9
s2-GCTTACATGTTGCGCT-1,10
s2-GCTTAGACTACCAATG-1,10
s2-GCTTATCCGCATTCTT-1,6
s2-GCTTCGCTCAAGCGAT-1,4
s2-GCTTCGGCATCAGAGT-1,7
s2-GCTTCTAAGTCTGACG-1,9
s2-GCTTCTAGCGTTCATT-1,3
s2-GCTTCTCAGACCGCCT-1,10
s2-GCTTCTCCAGAACCGC-1,2
s2-GCTTCTGTTACGAGAA-1,3
s2-GCTTCTTGAATCGGTT-1,9
s2-GCTTCTTGGACGAGCG-1,4
s2-GCTTGAACTCCATCCA-1,10
s2-GCTTGACCTCCGCTTC-1,8
s2-GCTTGAGCTCTTGACA-1,4
s2-GCTTGCAATACAAGGC-1,8
s2-GCTTGCCATAGTGGAT-1,4
s2-GCTTGCTTACTTAACG-1,7
s2-GCTTGGATCCAACCGG-1,10
s2-GCTTGGATGCTCGCTT-1,3
s2-GCTTGGCTGCGGTAAC-1,9
s2-GCTTGGTCAACCGTGG-1,4
s2-GCTTGGTGTTCGAACA-1,3
s2-GGAACATCGTGGAATC-1,9
s2-GGAACGATAACATTAT-1,9
s2-GGAACTTCGACATGTC-1,9
s2-GGAAGAATAACTAACC-1,6
s2-GGAAGCAGTCATTCAG-1,10
s2-GGAAGCATTAGAGGCA-1,10
s2-GGAAGTCTTGTCGCAT-1,3
s2-GGAATCCTTAGACTGT-1,7
s2-GGAATGCACCTCAATA-1,6
s2-GGAATGGCAACTTGGA-1,2
s2-GGACAGTGCGGCAACA-1,9
s2-GGACCACTTATCGTTC-1,10
s2-GGACCATCACCGCCAA-1,9
s2-GGACCGATCTGGATTA-1,7
s2-GGACCGCTTCCTGGCA-1,7
s2-GGACGGCTATCGACCA-1,6
s2-GGACGGTATGCGGCTG-1,6
s2-GGACGGTGCAGTAGGA-1,1
s2-GGACGTACATACCAGA-1,8
s2-GGACGTACTTCGGACA-1,6
s2-GGACGTAGTGTAGAAG-1,9
s2-GGACGTCGAACGGCTT-1,7
s2-GGACGTCGAGGATTCA-1,3
s2-GGACGTCGCACGAGAA-1,9
s2-GGACGTTAGATATTAC-1,9
s2-GGACGTTAGATTCAGG-1,10
s2-GGACGTTGGAGGTGAT-1,4
s2-GGACTCACGGTCCAAT-1,6
s2-GGACTCACTAGAGCCG-1,4
s2-GGAGAAGCCAAGCGCT-1,7
s2-GGAGACTATTGTGACA-1,4
s2-GGAGATCCGTAGGATA-1,1
s2-GGAGATCCTGTACCAG-1,9
s2-GGAGATGCGTGCAGTA-1,3
s2-GGAGATGGCTCGAGAT-1,9
s2-GGAGATGTGCCATAAC-1,1
s2-GGAGCGAATTGGACGG-1,7
s2-GGAGCGAGTGTAACTT-1,3
s2-GGAGCGGCACCTCGTA-1,7
s2-GGAGGTCGTAGGAGCT-1,9
s2-GGAGTCCAGATAGCTT-1,9
s2-GGAGTCTAAGGCCGCT-1,6
s2-GGAGTCTAAGTGGTCC-1,7
s2-GGAGTGTCCATGTATT-1,6
s2-GGATAAGTCAGGATAG-1,2
s2-GGATAATTATGCTGGT-1,4
s2-GGATAATTCAATGCTG-1,2
s2-GGATCGAGTGTCCACT-1,4
s2-GGATCGCTGGCATATT-1,7
s2-GGATGGATCACTCATA-1,3
s2-GGATGTAACTAATCCG-1,4
s2-GGATTCCGACGTGATG-1,7
s2-GGCAAGACAATCAGCT-1,3
s2-GGCAATGCGAACTTAA-1,7
s2-GGCACGACGGACGTCG-1,6
s2-GGCAGCCGGCACTTCC-1,7
s2-GGCAGCGTATACGACT-1,3
s2-GGCAGCTCCTGGACGG-1,8
s2-GGCAGGAAGTCTTCTA-1,10
s2-GGCATAATCCTATCGC-1,7
s2-GGCATAATCCTTCATG-1,3
s2-GGCATACATGGCTCAG-1,9
s2-GGCATTCCGATGCTCG-1,3
s2-GGCATTGCTAAGAATG-1,2
s2-GGCCAAGATGGATGGC-1,5
s2-GGCCAGTAGGTATGAG-1,4
s2-GGCCATGCTCCTCGTG-1,4
s2-GGCCATTAGCTAGTGG-1,4
s2-GGCCGCCAACTATTGC-1,8
s2-GGCCGTCCAGTAGGAC-1,8
s2-GGCCTGCGTTATGCCG-1,3
s2-GGCCTTCGACCAGGTA-1,7
s2-GGCCTTGGATGTTGTC-1,8
s2-GGCGACCATAGCGTTA-1,3
s2-GGCGAGGCAGCCTACT-1,2
s2-GGCGATCGGTCTGCTC-1,7
s2-GGCGCCAAGGAGCGCT-1,7
s2-GGCGCCACCGGAGCAA-1,7
s2-GGCGCCACTGAACATC-1,9
s2-GGCGCCGTCGGACATA-1,8
s2-GGCGCCGTGGTTACAT-1,6
s2-GGCGCTAATATGCTCC-1,3
s2-GGCGGAAGTCTTGTAG-1,7
s2-GGCGGAGCACTGATAA-1,3
s2-GGCGGAGTTGAACTAT-1,7
s2-GGCGGATACAACGCAC-1,8
s2-GGCGGATATTGATTGA-1,7
s2-GGCGTCGCCGTATGAT-1,8
s2-GGCGTCGGTAGTGATA-1,9
s2-GGCGTGGCACGGCACT-1,3
s2-GGCGTGTAATTACTTA-1,9
s2-GGCTCAATCAACATGA-1,7
s2-GGCTGACGCCGAATCA-1,7
s2-GGCTGTTCAATGTCAA-1,4
s2-GGCTTGCCATAGGCTC-1,7
s2-GGTAAGGCGACGATGA-1,7
s2-GGTACCACCTATACCT-1,4
s2-GGTACCAGGTAGTGTT-1,9
s2-GGTACGATCGACTTAA-1,5
s2-GGTACGCTTACCTGCG-1,7
s2-GGTACGGAGCATCAGC-1,7
s2-GGTACGGTATGCTCCA-1,2
s2-GGTACGTGCTCGGCAA-1,9
s2-GGTACTGTGATCTTCC-1,3
s2-GGTAGCCAAGGTACTT-1,2
s2-GGTAGCCATCAATCCG-1,9
s2-GGTAGCGTACATCTGT-1,6
s2-GGTAGCTTAGCCAATC-1,2
s2-GGTAGGCCACATGCAA-1,6
s2-GGTAGGTTGTTACGGC-1,7
s2-GGTAGGTTGTTCTAAG-1,8
s2-GGTAGTACAGGTTAGA-1,7
s2-GGTAGTACCGCAACAG-1,9
s2-GGTAGTGCATGAAGTG-1,6
s2-GGTAGTTGAAGTCCAT-1,2
s2-GGTATGCAACAGTGGC-1,3
s2-GGTATGGTCAGGTTGG-1,8
s2-GGTATGGTTGTCCTCG-1,4
s2-GGTCACCGCATAACAA-1,9
s2-GGTCATGCTCTGCCAA-1,6
s2-GGTCCTGCGAGTAGGT-1,5
s2-GGTCTGAAGGTTCGAA-1,6
s2-GGTCTGAAGTATGTCA-1,9
s2-GGTCTGCGAACTGTAT-1,4
s2-GGTCTGGTATGTGGCC-1,4
s2-GGTCTGGTTGTAGAAC-1,8
s2-GGTCTTATAGGCTGGC-1,4
s2-GGTCTTCCGCACATCC-1,7
s2-GGTCTTCCGGCTGGAC-1,4
s2-GGTCTTGAACCGGCCA-1,7
s2-GGTGCAATCAGACTTC-1,7
s2-GGTGCACTCCGGTTCG-1,7
s2-GGTGCAGGCACCGCGT-1,2
s2-GGTGCAGTGGTCTTAT-1,6
s2-GGTGCAGTTCCATATG-1,10
s2-GGTGCATCCAGAACGG-1,6
s2-GGTGGCTTATTGCGTG-1,7
s2-GGTGTCACCAGCGAAC-1,5
s2-GGTTACAGCCGGCCGG-1,7
s2-GGTTACCAGACAACAT-1,2
s2-GGTTACGGACGATTAA-1,7
s2-GGTTAGACTCACTAGC-1,9
s2-GGTTAGACTCGGAGGT-1,10
s2-GGTTAGATGAGTCTAA-1,6
s2-GGTTAGCTTCATGAGT-1,7
s2-GGTTAGTATGAGTGTC-1,3
s2-GGTTCAAGGTTAAGCC-1,6
s2-GGTTCACCGACTCACG-1,3
s2-GGTTCATTCCGGCCTC-1,7
s2-GGTTCTATACCGCTTG-1,9
s2-GGTTCTCCTATCAGTT-1,7
s2-GGTTCTCGTGATGTGA-1,10
s2-GGTTCTGGAGTCTACC-1,4
s2-GGTTGACCATTGCTGT-1,6
s2-GGTTGATAAGTACCTG-1,6
s2-GGTTGCGATTGAACAG-1,6
s2-GGTTGCTACCGGAACA-1,4
s2-GTAACACCGAGCGTTA-1,2
s2-GTAACATACACCTGTT-1,9
s2-GTAACATCTTATAATG-1,4
s2-GTAACCACCTACAACC-1,6
s2-GTAACCTAGCGTCACG-1,6
s2-GTAAGTAATTACAATC-1,1
s2-GTAAGTATTGCTATCG-1,9
s2-GTAAGTTGCGGAGCGT-1,3
s2-GTAAGTTGCTGGTGGA-1,7
s2-GTAATAGTCCTAAGCC-1,6
s2-GTAATCACGCACAGCT-1,4
s2-GTAATCAGGCGGACGG-1,7
s2-GTAATCTTGTCTAGTT-1,7
s2-GTAATGACGGTCTACG-1,8
s2-GTAATGATCACGTAAG-1,7
s2-GTACAACTCGGCAGAA-1,5
s2-GTACAGAACAGGACTC-1,9
s2-GTACAGATGACATCGC-1,7
s2-GTACAGCCGTTACAGA-1,7
s2-GTACAGCTGAGCCGGA-1,8
s2-GTACAGGAACGAATGG-1,8
s2-GTACAGTATCGGAATT-1,3
s2-GTACATAAGCTACGCC-1,8
s2-GTACCTGAAGTGAATG-1,7
s2-GTACCTTCATGTGCAA-1,4
s2-GTACGAACAGACTAGG-1,6
s2-GTACGAAGATTATCCG-1,3
s2-GTACGAAGGATTATTG-1,7
s2-GTACGAATTACATAAT-1,4
s2-GTACGAATTCTACCAA-1,5
s2-GTACGACAGCTCCGGA-1,1
s2-GTACGAGGTAGTGCAC-1,7
s2-GTACGATTAGTCTACA-1,3
s2-GTACGCCTCGCTTCCA-1,7
s2-GTACGCTCGCCAACAT-1,9
s2-GTACGCTTGATACCAC-1,10
s2-GTACGGTTAATGCAGG-1,6
s2-GTACTACCGTTAGGTG-1,7
s2-GTACTGCATAAGGTTA-1,9
s2-GTACTTAACTTCAGCG-1,9
s2-GTACTTACTTCATACC-1,9
s2-GTACTTAGTTGCGAAT-1,6
s2-GTACTTCTGATCCTCG-1,5
s2-GTAGAAGGACATCATA-1,9
s2-GTAGAAGTAAGCTGCG-1,4
s2-GTAGAATCGCACATCG-1,9
s2-GTAGACCTGTCAACCA-1,9
s2-GTAGCAACGACCGTGG-1,3
s2-GTAGCACGAGCTCAAG-1,7
s2-GTAGCAGAACATGGTG-1,7
s2-GTAGCAGAAGACTCTT-1,6
s2-GTAGCAGAGCAATAGC-1,8
s2-GTAGCATCGAAGGTCT-1,8
s2-GTAGCCAGTGCGGTTG-1,10
s2-GTAGCCGCACTCCATC-1,8
s2-GTAGCCTAAGGTTAGT-1,8
s2-GTAGCGCCTGAACTCA-1,9
s2-GTAGCGCTAGATCCGT-1,6
s2-GTAGCGCTCATCAGGT-1,9
s2-GTAGCGTGGCACGCAG-1,9
s2-GTAGGAGCAACAGGCA-1,7
s2-GTAGGTGATAATTCAC-1,2
s2-GTAGTCAGACCAATGT-1,8
s2-GTAGTCCAGCGGACAT-1,3
s2-GTAGTCCATTGTTCGT-1,4
s2-GTAGTCCGTGTACTAA-1,1
s2-GTATAAGGCGTCTTCA-1,6
s2-GTATACATAGGTTGCC-1,10
s2-GTATACATTGGCTCAG-1,8
s2-GTATACGGTACACGCA-1,7
s2-GTATCTACAGATCTCC-1,2
s2-GTATCTAGCTACCAGC-1,4
s2-GTATCTGTCAACGGTG-1,3
s2-GTATCTGTGGCGTCTA-1,2
s2-GTATGACATAAGACGG-1,2
s2-GTATGATAGTATGGAT-1,7
s2-GTATGATCACTTGACG-1,10
s2-GTATGCGGTATCATGA-1,2
s2-GTATGCTTGCGACTAA-1,6
s2-GTATGGTGGAGCGGCC-1,10
s2-GTATGTAGCAGGCATA-1,9
s2-GTATGTAGCTCACCTT-1,7
s2-GTATGTGCAAGCCGGA-1,3
s2-GTATGTTAGTTCTACC-1,5
s2-GTATGTTCTGGATCGC-1,10
s2-GTATTACGAGTCAATC-1,4
s2-GTATTACGGCCATTAT-1,5
s2-GTATTACGGTATTGAG-1,7
s2-GTATTAGGTTATCTGC-1,9
s2-GTATTATGAGTTAGCG-1,4
s2-GTATTCCAAGTTACCT-1,4
s2-GTATTCCGCTCGGATG-1,8
s2-GTATTCGTGACTTGAT-1,9
s2-GTATTCTAAGTGCTGT-1,7
s2-GTCAACAGACGCACGT-1,10
s2-GTCAACAGCATAGATT-1,2
s2-GTCAACAGCGCACCGA-1,3
s2-GTCAACAGTTAAGTGA-1,9
s2-GTCAACATGGTGCTAT-1,10
s2-GTCAACCTGACGATAG-1,7
s2-GTCACCAAGAGCGGTG-1,10
s2-GTCACTAAGAGGAATA-1,3
s2-GTCACTAAGCCAGCGG-1,9
s2-GTCACTACTTAATGGA-1,8
s2-GTCACTGAATCTCACC-1,3
s2-GTCACTTACGTGTATG-1,10
s2-GTCACTTATCCAAGAC-1,3
s2-GTCACTTATGAATGCG-1,2
s2-GTCACTTATGTCGTAT-1,7
s2-GTCAGCCAACATCACG-1,7
s2-GTCAGCCATTGTGCGG-1,6
s2-GTCAGCCTCCGAACCT-1,7
s2-GTCAGCGATGTAATTG-1,5
s2-GTCAGCGATTGATTCA-1,4
s2-GTCAGCTCAATCAAGG-1,3
s2-GTCAGCTGGTGAGGCG-1,4
s2-GTCAGGATCAACCAAC-1,8
s2-GTCAGGTACGTGGCAT-1,2
s2-GTCAGTAATCCAATTA-1,3
s2-GTCAGTAGGTGACCGG-1,3
s2-GTCAGTGAGGATCGTT-1,9
s2-GTCAGTGCCAGAATAA-1,7
s2-GTCAGTGCTGACAGCG-1,6
s2-GTCAGTTCTGCCTGGA-1,3
s2-GTCATCACGTGGTTCA-1,9
s2-GTCATCACTATTGTGC-1,7
s2-GTCATCAGTAGACCAG-1,7
s2-GTCCATCTATACAAGG-1,2
s2-GTCCGAATGCGGACAG-1,10
s2-GTCCGACAGCCGCATT-1,9
s2-GTCCTGCTTACGGCTG-1,4
s2-GTCCTTCATCAGATCA-1,7
s2-GTCCTTCATGGATTAG-1,8
s2-GTCCTTCGGAACCTGC-1,4
s2-GTCGAAGTCGTGTTCT-1,8
s2-GTCGAGAACTAGACGA-1,4
s2-GTCGAGTGCTCCTTCG-1,4
s2-GTCGCAACGAGCTGAC-1,10
s2-GTCGCACGCAGCCTGC-1,3
s2-GTCGCAGATTACTGCA-1,3
s2-GTCGCATGCGGTAGAT-1,1
s2-GTCGCATTACCAGGCA-1,10
s2-GTCGCTAAGTGAGGTT-1,2
s2-GTCGGCCGTTGTGAAT-1,9
s2-GTCGGCCTCCGGCATC-1,8
s2-GTCGTAGACTGACAAG-1,4
s2-GTCGTGCTAATGCCTT-1,4
s2-GTCGTGTTCATGTCAG-1,9
s2-GTCTAAGATCGGACTA-1,3
s2-GTCTAAGCGGCACGCC-1,6
s2-GTCTAATACGGCTAAG-1,9
s2-GTCTAGCATGGTACGT-1,7
s2-GTCTAGCGTTGTGACC-1,6
s2-GTCTAGGACAGGATAA-1,4
s2-GTCTAGTCTAGCGACG-1,3
s2-GTCTATCAATGGATTA-1,7
s2-GTCTATCAGTACTAAT-1,4
s2-GTCTATCCAGGACGTC-1,8
s2-GTCTATGGTGAAGAGC-1,9
s2-GTCTATGTTAATAGAA-1,9
s2-GTCTATTAGTGAGGCC-1,9
s2-GTCTATTGCGAGTTAC-1,7
s2-GTCTCATGACTAGTTG-1,2
s2-GTCTCGACTGACGAGT-1,6
s2-GTCTGAACAAGGTTAG-1,6
s2-GTCTGATAGATTATAA-1,10
s2-GTCTGATATCTGAATT-1,7
s2-GTCTGCTCAACACCAA-1,2
s2-GTCTGTGGATCTGACG-1,9
s2-GTCTTCGATAGGTGTT-1,6
s2-GTCTTCGGTAGCTACA-1,3
s2-GTCTTGAACAATTACA-1,2
s2-GTCTTGACAATAGCAA-1,7
s2-GTCTTGACTTGCTCTG-1,1
s2-GTCTTGATTGCCACCT-1,9
s2-GTCTTGCGATGAATGC-1,1
s2-GTCTTGCGGCGATTCA-1,9
s2-GTCTTGCTGGACGATA-1,7
s2-GTCTTGTATTGTAGAT-1,3
s2-GTGAACATTCAACGAT-1,9
s2-GTGAACGGTTCTAACG-1,9
s2-GTGAACTCGTGGTATC-1,6
s2-GTGAAGATGAGTGCCT-1,9
s2-GTGAAGCCACAACCGG-1,6
s2-GTGAAGTGATCGTGCT-1,7
s2-GTGAATTAGACATTGC-1,6
s2-GTGACAAGATGCTCAT-1,7
s2-GTGACAATAGGTATGT-1,4
s2-GTGACATACAGGTCCT-1,9
s2-GTGACATATGCTAGAT-1,5
s2-GTGACATGTACCACCT-1,8
s2-GTGACCGGAGTCATAC-1,7
s2-GTGACCGTGGATTAGC-1,7
s2-GTGACTGTCCTGGTAT-1,7
s2-GTGACTTCAACATCCG-1,1
s2-GTGACTTCCTCACGAC-1,7
s2-GTGAGCACCAGCATCC-1,1
s2-GTGATCTACGAGATCC-1,2
s2-GTGATGGATTAGAACA-1,10
s2-GTGCAACGACGGTGTT-1,9
s2-GTGCAACTACTGTACG-1,7
s2-GTGCACCAATCATAAC-1,9
s2-GTGCACTTGTAAGCAC-1,3
s2-GTGCAGCCGGTCTGCA-1,7
s2-GTGCAGGACTCCAAGG-1,8
s2-GTGCAGGCACTCTAGG-1,4
s2-GTGCAGGCTGGACATG-1,7
s2-GTGCAGTTGTGGCGCT-1,7
s2-GTGCATGGTTGAGTTC-1,10
s2-GTGCATTCCTGTGGTC-1,5
s2-GTGCATTGCAATGTTG-1,8
s2-GTGCCGCATCCTTCCT-1,2
s2-GTGCCGTCCTGTCAGC-1,8
s2-GTGCCTGACACGTTGG-1,7
s2-GTGCGTTCACGGATAA-1,6
s2-GTGCTCAATGCAACCT-1,7
s2-GTGGAACAGAAGTCGA-1,7
s2-GTGGATAATCATAATC-1,4
s2-GTGGCGACCTAATATT-1,6
s2-GTGGCGAGGAAGGCTA-1,4
s2-GTGGCGATAGGCAGAA-1,8
s2-GTGGCGATCTGCGATA-1,8
s2-GTGGCGCACCTGTTCC-1,3
s2-GTGGCGCCAACAGCTC-1,6
s2-GTGGCGCCACTACGCT-1,3
s2-GTGGCGCCAGACTCGA-1,7
s2-GTGGCGCCAGCTAACC-1,3
s2-GTGGCTGAATGCGAGT-1,4
s2-GTGGCTTCCTACCGTT-1,9
s2-GTGGTACTGTTGTAGC-1,9
s2-GTGGTACTTGGTTGGA-1,9
s2-GTGGTAGGTCTAAGAA-1,7
s2-GTGGTCGCTCTGTAGC-1,3
s2-GTGGTTACCTTGCGCA-1,10
s2-GTGGTTGACAAGGAGC-1,4
s2-GTGGTTGCACGCGGCA-1,6
s2-GTGGTTGCCGCTTCAA-1,7
s2-GTTAACAACTTCGGAT-1,7
s2-GTTAACTCCGACCACT-1,7
s2-GTTACAGGTACATGGC-1,4
s2-GTTAGACAATGGATGA-1,3
s2-GTTAGAGGTGTTAAGA-1,10
s2-GTTAGGAAGTATACGA-1,1
s2-GTTAGGTACTAACTGG-1,9
s2-GTTAGGTCCACTGGCG-1,8
s2-GTTATGATACGATTAT-1,7
s2-GTTATGTTGCTTAGAT-1,3
s2-GTTATTCGGCCATTCG-1,7
s2-GTTATTCGTAACGTCC-1,9
s2-GTTATTGCTGAATCCG-1,1
s2-GTTCATACCTTGGTTA-1,9
s2-GTTCATCTTACATTCC-1,3
s2-GTTCCAGTGCCTTACC-1,7
s2-GTTCCGATGAACCGGC-1,4
s2-GTTCCGTACCTCCACT-1,4
s2-GTTCCGTCATACGGCT-1,8
s2-GTTCCGTCTTATCTTA-1,3
s2-GTTCCTGAACCTTCAA-1,3
s2-GTTCCTTGAGGAACGC-1,7
s2-GTTCGCTGGTATTAGA-1,3
s2-GTTCGTAGGTAGTGAA-1,7
s2-GTTCTACTATCATATT-1,9
s2-GTTCTACTTATGGTAG-1,2
s2-GTTCTTACTGAAGTAT-1,8
s2-GTTCTTGATCTGTTGA-1,7
s2-GTTGAAGGAAGTCGGC-1,2
s2-GTTGAATAAGTCAGCA-1,7
s2-GTTGAATCAACCTGGC-1,6
s2-GTTGAATGGTACAGTA-1,3
s2-GTTGAATGTTGCTGCC-1,7
s2-GTTGACATGAACCAAC-1,3
s2-GTTGACGAACCAGAAC-1,3
s2-GTTGACGGATAGCCAT-1,10
s2-GTTGACGTCAGATTAG-1,8
s2-GTTGACTAGAGCACGT-1,3
s2-GTTGACTTCTATGCTG-1,6
s2-GTTGAGCTTCGTCCGG-1,9
s2-GTTGCCACAAGTCATA-1,1
s2-GTTGCCACGACAAGAA-1,8
s2-GTTGCTACGTCTTAAT-1,3
s2-GTTGCTTGCAATCACT-1,2
s2-GTTGGCGTGAGCGACC-1,7
s2-GTTGGTCCGCCAATCT-1,7
s2-GTTGTCCTGTGATGTA-1,3
s2-GTTGTCGTAATATGGA-1,6
s2-TAACAGCAGGCCTTAC-1,1
s2-TAACAGGAACCGACAA-1,9
s2-TAACAGGTCCATACCA-1,2
s2-TAACATGCGTGCGAAC-1,3
s2-TAACATGGCCACCTCC-1,7
s2-TAACCAAGGTGCTCTA-1,9
s2-TAACCGGATGGACAGG-1,8
s2-TAACCGTACCATCCTG-1,4
s2-TAACCTTGAGACTTCG-1,10
s2-TAACGAATCCTAGATA-1,9
s2-TAACGAATGCTCCAAT-1,6
s2-TAACGACCTTGCCTAT-1,8
s2-TAACGAGCCGAAGGTC-1,3
s2-TAACGAGCGTCTGGCC-1,9
s2-TAACGAGTTGCCAACC-1,7
s2-TAACGCATTGGTCCAA-1,9
s2-TAACGCGTAATATGGC-1,7
s2-TAACGCGTCAAGCGTT-1,4
s2-TAACGCGTCCTACAAC-1,8
s2-TAACGCTCATACGGCA-1,5
s2-TAACGCTTATGCCATA-1,7
s2-TAACGCTTCGGCACTT-1,7
s2-TAACGTCACTATAATC-1,3
s2-TAACGTGATTCACTAG-1,4
s2-TAACGTGCCATAGTTA-1,7
s2-TAACGTTGCGTCGATG-1,10
s2-TAACTCCAACATGGAC-1,7
s2-TAACTTGCACGGCGGA-1,2
s2-TAAGAACAGGTGTAAC-1,8
s2-TAAGAATATGAGATAG-1,7
s2-TAAGACCGAGTGAACA-1,9
s2-TAAGATTAGATATTCC-1,6
s2-TAAGATTGAGATTACA-1,7
s2-TAAGATTGCTCACTTC-1,9
s2-TAAGCAAGTAATGTGG-1,8
s2-TAAGCACGAGACCTAC-1,9
s2-TAAGCAGTAGATACTC-1,5
s2-TAAGCCACAATTGCCT-1,7
s2-TAAGCCTGGCTTCAGT-1,7
s2-TAAGCCTGTAGCGTCC-1,9
s2-TAAGCTCCTTCACGCC-1,2
s2-TAAGGACGCCTGGTTG-1,7
s2-TAAGGATCTGAAGATA-1,8
s2-TAAGGATTGGAAGTGG-1,8
s2-TAAGGTATGAATGCTA-1,2
s2-TAAGGTCCGTGACCGT-1,9
s2-TAAGTGGCCGCTCACC-1,3
s2-TAATACCATTCTAGAT-1,6
s2-TAATACCGTTAATTGC-1,3
s2-TAATAGCGCTGTACTC-1,7
s2-TAATCGACATTGTTGG-1,9
s2-TAATCGCAATGTAATA-1,9
s2-TAATCTGATAAGATGT-1,10
s2-TAATGACGAAGCGGCT-1,4
s2-TAATGATCCGGTTATT-1,4
s2-TAATGATCTACTAACC-1,4
s2-TAATGTGCACGATCTG-1,4
s2-TAATTAAGGAGTACTG-1,10
s2-TAATTACCGGTGCGAG-1,2
s2-TAATTAGCTCGATTGT-1,7
s2-TAATTCCTGCAGAAGG-1,10
s2-TAATTGACGTCGTTCC-1,7
s2-TAATTGATTCTGTCGC-1,8
s2-TACAACGGACGGCTCA-1,3
s2-TACAAGCAGATCGTTG-1,4
s2-TACAAGCGCCTCTACA-1,7
s2-TACAAGCGGAAGTACG-1,7
s2-TACAAGGTCGACAAGT-1,1
s2-TACAAGTGTCTGTCCG-1,2
s2-TACACCAGTGCCGACA-1,4
s2-TACACCTCGTACTCCA-1,9
s2-TACACCTTGCGGCAGG-1,3
s2-TACACTCAGTAGAATG-1,4
s2-TACACTGCAGGTTAGA-1,2
s2-TACACTGCGTCCGGAC-1,9
s2-TACACTGTAGTCAACG-1,2
s2-TACACTGTCGAACCAA-1,7
s2-TACACTTCGAGGTGAC-1,9
s2-TACACTTCGCACCGAT-1,9
s2-TACAGTACTTAGTGTA-1,2
s2-TACAGTCTCGGCACGG-1,4
s2-TACATAGCAGACCAAG-1,4
s2-TACATATGCACCAGTG-1,7
s2-TACATCGGACAACTGG-1,4
s2-TACATCGTCAGCGGTT-1,9
s2-TACATCTAACATGTCC-1,4
s2-TACATTGAATACGATC-1,4
s2-TACATTGAATGAACGT-1,10
s2-TACATTGACTGAGTCC-1,10
s2-TACCAGACAACCTCAG-1,9
s2-TACCATCTCGGCCGAA-1,1
s2-TACCATTGTCCGCCTT-1,4
s2-TACCTCAGCGGTTGAT-1,4
s2-TACCTCAGGCAACAGA-1,7
s2-TACCTGCGGTTGTCCT-1,9
s2-TACCTGTTAACGGCCT-1,8
s2-TACGACCGAGCGCAAC-1,4
s2-TACGACGCGATTCAAG-1,3
s2-TACGACGTCTCATATT-1,7
s2-TACGACTCTGAACACT-1,8
s2-TACGACTGATAATCGC-1,6
s2-TACGAGATTGGTCTGT-1,4
s2-TACGCCGGAGTTCTGA-1,8
s2-TACGCCTTGCCGTGTT-1,5
s2-TACGCTCCGGTTGGTA-1,7
s2-TACGGAACAGACGCGG-1,5
s2-TACGGAATACTCGTTC-1,2
s2-TACGGAATTGAACCAA-1,7
s2-TACGGAGGAAGCACCT-1,7
s2-TACGGATCAGCCATCC-1,9
s2-TACGGATCCTTGCGAT-1,8
s2-TACGGCCTTGTAGGAG-1,9
s2-TACGGTAGTTGCGTGA-1,8
s2-TACGGTTAATGTACTA-1,2
s2-TACGTAATCTAGTAAG-1,8
s2-TACGTACACCTTAAGC-1,8
s2-TACGTATCGAGGTTGT-1,4
s2-TACGTGGAGGCATGGC-1,8
s2-TACGTGGCATCATATG-1,10
s2-TACGTGTACATCCGTG-1,8
s2-TACGTTACTGGTAGCG-1,6
s2-TACTAGGATCAATGGC-1,9
s2-TACTAGTACCGGATGG-1,9
s2-TACTATGTTGAATCTT-1,9
s2-TACTCACTACTCACTC-1,4
s2-TACTCCGAAGTAGAAT-1,9
s2-TACTCCGCCAATACAA-1,3
s2-TACTCCTACATCAACT-1,7
s2-TACTCCTGAAGGATTA-1,9
s2-TAGAATTCAACGTGGC-1,8
s2-TAGACAATACTGGAAG-1,6
s2-TAGACACCGGCGTCAA-1,4
s2-TAGACAGGAGATCATT-1,7
s2-TAGACAGTTCAGATTA-1,5
s2-TAGACATACGTCTAAT-1,9
s2-TAGACATGGTTAGGTC-1,5
s2-TAGACCAGGATATCGG-1,8
s2-TAGACCATCGATTGAG-1,7
s2-TAGACCATTGCTTAGA-1,8
s2-TAGACCGAAGCAGAGC-1,3
s2-TAGACCGCGGAAGGAC-1,7
s2-TAGACCGGCCAGTACG-1,9
s2-TAGACCTGAGGAGCTG-1,7
s2-TAGAGCAGACAGTCCA-1,4
s2-TAGAGGCGATTGATTC-1,9
s2-TAGATGAGCCGTCATT-1,10
s2-TAGATGCGTGCCAGCG-1,7
s2-TAGATGGCTGTATGCC-1,7
s2-TAGATGTCGAGGCCAG-1,3
s2-TAGCAATACTCGAACA-1,6
s2-TAGCAATTATGGACCG-1,8
s2-TAGCAGTCGTCATGAA-1,9
s2-TAGCAGTGATTCTGTC-1,9
s2-TAGCCGCAATACCTGC-1,7
s2-TAGCGTACCTTGACAT-1,3
s2-TAGCGTACGGAGCGCC-1,6
s2-TAGCGTATAGCGCTAA-1,7
s2-TAGCGTCACGACAGGC-1,7
s2-TAGCGTCTCGGTCTAT-1,6
s2-TAGCGTTATGACCTCC-1,4
s2-TAGCTACCATACTGCT-1,7
s2-TAGCTACCTGTAGGAT-1,6
s2-TAGCTAGAAGCGATCA-1,9
s2-TAGCTAGAGCACGCCG-1,8
s2-TAGCTAGAGGCCTGAA-1,3
s2-TAGCTATGTTGAGCAC-1,9
s2-TAGCTCGAATCGTCCG-1,9
s2-TAGCTTAAGCTGGCGT-1,3
s2-TAGGACATCAGCATGG-1,7
s2-TAGGACGGCCAGCCGA-1,3
s2-TAGGACTTCATGTTAT-1,8
s2-TAGGAGCCAGACTCAG-1,6
s2-TAGGAGGCGTATTGCC-1,1
s2-TAGGATGCACCGTTCA-1,3
s2-TAGGCATCGGAGCCTC-1,9
s2-TAGGCATCTGCGGACC-1,7
s2-TAGGCGAGCGATCGGT-1,5
s2-TAGGCGCATATCTAAC-1,7
s2-TAGGCTCCGGCATACA-1,7
s2-TAGGCTTATCTAGCTC-1,3
s2-TAGGTCTACTCGTGAA-1,7
s2-TAGGTCTGCCTCTGTA-1,3
s2-TAGGTCTTGGCTCGTC-1,9
s2-TAGTAAGCGGTGGATA-1,8
s2-TAGTATAACCTCGACA-1,4
s2-TAGTATCCAATTACGT-1,4
s2-TAGTATTGCCGAGTTG-1,7
s2-TAGTCACTGGATAGGC-1,3
s2-TAGTGAACATGCAGAT-1,7
s2-TAGTGAATGTTCAGTG-1,7
s2-TAGTGACCAGTTGCGG-1,6
s2-TAGTGACCGTCGATTA-1,9
s2-TAGTGACTCAATTGCT-1,7
s2-TAGTGACTCGCTCCGC-1,2
s2-TAGTGAGGACATGTTG-1,7
s2-TAGTGAGGTATCGACC-1,4
s2-TAGTGATGACTCCTGG-1,9
s2-TAGTGCACATAGTCTG-1,4
s2-TAGTGCACTATTGTCA-1,9
s2-TAGTGCAGCTGGCGTC-1,9
s2-TAGTGCAGTGCGGTAG-1,4
s2-TAGTGCGTGGAGAAGT-1,6
s2-TAGTGCTGTAGCGTTG-1,4
s2-TAGTGGTTGAACCAAT-1,7
s2-TAGTTACATAGAAGAT-1,4
s2-TAGTTCAATCGACCTC-1,9
s2-TAGTTCCGATAGAATC-1,9
s2-TAGTTCGAATTAGCGG-1,7
s2-TAGTTCGAGTAGGAAG-1,9
s2-TAGTTCGATCCTCACG-1,8
s2-TAGTTGAGCCAGCCAG-1,1
s2-TAGTTGAGTTCTGCAC-1,8
s2-TAGTTGGCTTAGGCCT-1,7
s2-TATCAACGAATATGAG-1,9
s2-TATCAAGGCCGCGTGG-1,3
s2-TATCAAGGCTCGTCGG-1,10
s2-TATCAATCGCCGAGTG-1,2
s2-TATCAATGCCGCTCAC-1,9
s2-TATCACATAGCGAACT-1,3
s2-TATCACCGGCATCGTG-1,9
s2-TATCACTTCGAGCCGT-1,4
s2-TATCATGGATGTTGCC-1,9
s2-TATCCAAGCGCCGTAG-1,3
s2-TATCCAATACCGCAAT-1,2
s2-TATCCACTTGCGTATC-1,3
s2-TATCCGATCTTGGCGG-1,5
s2-TATCCTGCGGTTGATC-1,4
s2-TATCTAGTCGCATGCA-1,7
s2-TATCTAGTGAATGATC-1,7
s2-TATCTAGTGCCATATT-1,2
s2-TATGAACTACGCGGTG-1,3
s2-TATGAAGCGACCGTCC-1,7
s2-TATGACAATGCTTGAA-1,3
s2-TATGACAGCGAGAAGC-1,7
s2-TATGACCGATGAAGTG-1,9
s2-TATGACGCGTATGTCG-1,7
s2-TATGACGGAGATTGGC-1,9
s2-TATGACTCAATGATCG-1,4
s2-TATGAGCGATCCATTA-1,9
s2-TATGAGGATCTACTGG-1,7
s2-TATGAGTTCCGAGTGA-1,7
s2-TATGCCACAGCCGGTG-1,1
s2-TATGCTCCTGGTTAGT-1,9
s2-TATGGAGTTCTACGGC-1,4
s2-TATGGATATGGTGCGA-1,10
s2-TATGGCAGTTCGTCTA-1,8
s2-TATGGCCATAATAGAC-1,9
s2-TATGGCCGGCGACACT-1,3
s2-TATGGCCTCACGTACA-1,7
s2-TATGTAGAGCTGATCA-1,2
s2-TATGTCATAAGCGTCG-1,8
s2-TATGTCGAGGTTGAAG-1,9
s2-TATGTTGCAGTCTAGG-1,8
s2-TATGTTGGTAGGTCGT-1,7
s2-TATGTTGGTCCAGTGA-1,3
s2-TATTAACTTCCGCTCA-1,3
s2-TATTAAGCAGCGCCGG-1,8
s2-TATTAATAGAATGGCA-1,1
s2-TATTAATATGTCGACT-1,8
s2-TATTCCGGTTGTTAAT-1,8
s2-TATTCGACAACCGTGA-1,2
s2-TATTCGACATTACTAT-1,2
s2-TATTCGGTGGAGATTC-1,2
s2-TATTCGTGCGTTCTGG-1,4
s2-TATTCGTTAACAGGCA-1,4
s2-TATTCGTTAATGCTCC-1,9
s2-TATTCGTTATCGCCTG-1,7
s2-TATTCTAAGGCTCATC-1,9
s2-TATTCTAGAATCGGAC-1,8
s2-TATTCTCAGCGGCTGG-1,9
s2-TATTCTCCTATGATGG-1,3
s2-TATTGAATCCGACTAA-1,9
s2-TATTGAATGAATGTGG-1,4
s2-TATTGATCGTGATCTT-1,9
s2-TATTGATCTACTTCGG-1,8
s2-TCAACAATGGAGGCCT-1,2
s2-TCAACACCAATCATTA-1,8
s2-TCAACAGGACAGCAAC-1,9
s2-TCAACAGGCCATGCCG-1,6
s2-TCAACATGGATACAAC-1,8
s2-TCAACCGGAGACCTCG-1,9
s2-TCAAGGAACCTATTGC-1,4
s2-TCAAGGACGTTAGGAG-1,3
s2-TCAAGGCAACGCGGCT-1,9
s2-TCAAGGCCATAGCCTG-1,6
s2-TCAAGGTACACGAAGA-1,4
s2-TCAAGGTATCAACTTA-1,7
s2-TCAAGGTCTGAATATG-1,3
s2-TCAAGTGATGGTTAAT-1,8
s2-TCAATATTCCGGTTAG-1,10
s2-TCAATATTCGACAAGA-1,6
s2-TCAATTAATAGAACCT-1,8
s2-TCACAAGATGACTCGA-1,2
s2-TCACAAGCTCGAGGCA-1,7
s2-TCACAAGGAGAACAAG-1,8
s2-TCACAGCACCAAGGTT-1,7
s2-TCACATAAGCGTTGCC-1,9
s2-TCACATAGACCTCCGT-1,9
s2-TCACATCCTGTCGCGG-1,5
s2-TCACATCCTTCTCAGT-1,7
s2-TCACATTGTCGGTGAC-1,5
s2-TCACCATAGATTGTTA-1,7
s2-TCACCGTTGCTAATGG-1,3
s2-TCACGACATCAGAAGG-1,9
s2-TCACGATACCTAGCCA-1,3
s2-TCACGCTATCCACTAC-1,8
s2-TCACTACGACTCTGCG-1,7
s2-TCACTCCGCTCACTGG-1,8
s2-TCAGAATCGATATCAT-1,9
s2-TCAGAATCTAATAGTC-1,9
s2-TCAGACCGGCCTGCTC-1,6
s2-TCAGATTACCAGGTTA-1,9
s2-TCAGCGCCTAGTCTTA-1,1
s2-TCAGCGTGACCTTACC-1,5
s2-TCAGCTACCAACTCCG-1,9
s2-TCAGCTAGGATGTACT-1,3
s2-TCAGCTATTAATCGCT-1,3
s2-TCAGCTCGCCAGGATG-1,7
s2-TCAGGAGCAACGGTCG-1,3
s2-TCAGGATACACTACAA-1,9
s2-TCAGTATGTAGGACAA-1,5
s2-TCAGTCAGCGATCAGA-1,9
s2-TCAGTCATTGCAAGTG-1,8
s2-TCAGTCCAACGGAAGT-1,9
s2-TCAGTCGAAGTATCTA-1,6
s2-TCAGTCGCCAAGGTTG-1,9
s2-TCAGTCGTGCCGGCAG-1,9
s2-TCAGTGAAGAGTTCTA-1,10
s2-TCAGTTCAGAATCTCG-1,7
s2-TCAGTTCTCCGGACCG-1,2
s2-TCAGTTGACAGTGCCA-1,9
s2-TCAGTTGCTAAGCCTA-1,10
s2-TCATAGCTTCCAGTAC-1,3
s2-TCATAGGTAGTGACGA-1,2
s2-TCATAGGTATTGCGTG-1,6
s2-TCATAGGTGAGTCGAC-1,9
s2-TCATAGTAGACTCATA-1,6
s2-TCATCCACGTGGTCAC-1,7
s2-TCATCCATGCCAAGCG-1,8
s2-TCATCGCTGTGCAACA-1,3
s2-TCATCGGCCTGTGCGG-1,7
s2-TCATCGTTATGTATCT-1,9
s2-TCATCTATCCACGATT-1,7
s2-TCATCTCCAACCACCT-1,3
s2-TCATCTCCAGCCGGTG-1,4
s2-TCATCTGCCGCTATTC-1,8
s2-TCATCTTCCACGTATG-1,7
s2-TCATCTTCGACACCGT-1,2
s2-TCATGAGGCTTGACGC-1,4
s2-TCATGAGGTTGATATG-1,4
s2-TCATGAGTAAGACATC-1,10
s2-TCATGATTCTGATACT-1,6
s2-TCATTACGGCACAGTA-1,4
s2-TCATTCACGCGAGCTC-1,1
s2-TCATTCACTGTAATGG-1,7
s2-TCATTGATAGACTTGC-1,5
s2-TCATTGATAGGTGGAA-1,4
s2-TCATTGGCGACCGACG-1,7
s2-TCATTGTTCAATGCGT-1,3
s2-TCCAACGAAGATGCTT-1,3
s2-TCCAACGTGGTTGTTC-1,7
s2-TCCAACTAAGACTCCA-1,3
s2-TCCAACTGAATAAGGT-1,3
s2-TCCAACTGCCGCCATA-1,3
s2-TCCAACTGGCTGAAGA-1,7
s2-TCCAAGACCGCTTGAT-1,7
s2-TCCAATAACGTGCTAG-1,2
s2-TCCAATACTATCTGTT-1,7
s2-TCCAATCCAGATACAT-1,7
s2-TCCAATCTAACACGCA-1,4
s2-TCCAATGCAAGTATCT-1,6
s2-TCCAATTAGCAATCAA-1,5
s2-TCCAATTGGTTACAGT-1,3
s2-TCCACCAAGTGACGAA-1,8
s2-TCCACGCTGAGTACTT-1,6
s2-TCCAGATCTTCGCTTA-1,6
s2-TCCAGTACCGAGCGCA-1,8
s2-TCCAGTACGTGCTATG-1,3
s2-TCCAGTCACGGTGGCT-1,4
s2-TCCAGTCAGTACATTA-1,3
s2-TCCAGTGATGCGTATC-1,4
s2-TCCAGTGATTGGTGCT-1,7
s2-TCCATCGGCTAGACGA-1,8
s2-TCCATGATGTGATCAA-1,9
s2-TCCATGCGTCCACCAG-1,9
s2-TCCATGCGTCGGTTAC-1,9
s2-TCCATGTCGGACCGAC-1,4
s2-TCCGAACATAGTCTGA-1,7
s2-TCCGAACCTCAACCAT-1,3
s2-TCCGAATACCGAATAG-1,4
s2-TCCGAATACTCGCTGG-1,4
s2-TCCGAATAGAAGCACC-1,7
s2-TCCGAATCATGTTGTC-1,7
s2-TCCGAATCGCAGGTTC-1,7
s2-TCCGAGTACGACTTAG-1,3
s2-TCCGATGCGTATCCGG-1,9
s2-TCCGCCAACATTGCTC-1,3
s2-TCCGCCAAGGTCCGTT-1,7
s2-TCCGCCAGTGATTAAT-1,2
s2-TCCGCCGGTCTATTCA-1,3
s2-TCCGCCTTGTTCTGAT-1,3
s2-TCCGGCTATGCTCAGT-1,3
s2-TCCGGCTCTATGGACA-1,2
s2-TCCGGTACGTGGCCTC-1,8
s2-TCCGGTTCCGTTCTAG-1,3
s2-TCCGTCATAAGATGAC-1,6
s2-TCCGTCCACTCGGAGC-1,10
s2-TCCGTCGGTACAAGTT-1,7
s2-TCCGTGTCTTACATAA-1,9
s2-TCCGTGTTCTGTTCTG-1,5
s2-TCCGTTGGAGCTCACT-1,9
s2-TCCTAAGCGGTTCATC-1,4
s2-TCCTAATTGCGGCCTG-1,9
s2-TCCTAATTGCTCAACG-1,7
s2-TCCTACAAGCTCGAAC-1,7
s2-TCCTACCGATCGTGGC-1,8
s2-TCCTACCGGTTCCTAG-1,8
s2-TCCTAGGTATCTGATG-1,7
s2-TCCTATCCTCGAATCA-1,6
s2-TCCTATCCTGTCAATA-1,6
s2-TCCTATGAGGATTGTT-1,4
s2-TCCTATTGACTGTTGA-1,7
s2-TCCTCAATGAGGAACG-1,9
s2-TCCTCACGTGTAGACG-1,9
s2-TCCTCAGTCGGATGCG-1,9
s2-TCCTCATCGTGCTGGA-1,9
s2-TCCTCATGGCACCGTT-1,8
s2-TCCTGAAGCGTGCACT-1,3
s2-TCCTGACACTTCACGG-1,4
s2-TCCTGATAAGTGCCGT-1,7
s2-TCCTGCCGTGTCTAAG-1,8
s2-TCCTGGTGGCAATAGC-1,3
s2-TCCTTACTCGCAATGA-1,7
s2-TCCTTCCAACCGCAAC-1,6
s2-TCCTTGAACAGGACCA-1,7
s2-TCCTTGGCTCAAGAGT-1,7
s2-TCGAATCTTGCGTTAC-1,2
s2-TCGAATGGTTCCACGC-1,8
s2-TCGAATTAGTTACTCC-1,7
s2-TCGAATTGTACACTAT-1,7
s2-TCGACCTGCAGCTCAG-1,4
s2-TCGACGAAGAGCAAGT-1,4
s2-TCGAGTGGTAGGTCAC-1,8
s2-TCGATATTAGACATAC-1,2
s2-TCGATCCAGTCTGTAG-1,9
s2-TCGATCGCACCTAATC-1,10
s2-TCGATCGTTGTCTGAA-1,6
s2-TCGATCTAATGTTAGT-1,7
s2-TCGATCTAGCCGATTC-1,3
s2-TCGCAATAGTGACGCA-1,8
s2-TCGCACCTCATGTCAG-1,6
s2-TCGCACTCTTGGACAG-1,5
s2-TCGCACTGCTGTGCTC-1,7
s2-TCGCACTGTACGGCGA-1,7
s2-TCGCACTTACTGAAGT-1,7
s2-TCGCACTTGGTCCGTC-1,9
s2-TCGCCGTATCATGCTT-1,8
s2-TCGCCGTTCGCCACAG-1,6
s2-TCGCCTAGATAATTAA-1,5
s2-TCGCCTATCGACTCCT-1,3
s2-TCGCCTGACGGCCACT-1,3
s2-TCGCCTGCGTGCGTGG-1,7
s2-TCGCCTGGTGGATTCT-1,6
s2-TCGCGGAGTACAACCA-1,6
s2-TCGCGGAGTTAGACTT-1,4
s2-TCGCGGTAGTATGATC-1,6
s2-TCGCTTACTCGCAAGT-1,9
s2-TCGCTTGTTCCAGTTG-1,8
s2-TCGGAACGTCTGCAAG-1,9
s2-TCGGAATCAGCCTAAC-1,4
s2-TCGGACATTCTATGAG-1,9
s2-TCGGACCAGGATCGCC-1,7
s2-TCGGACGGCCGAGGAA-1,8
s2-TCGGACGTTGCCTCAG-1,6
s2-TCGGACTGCCACCTCC-1,2
s2-TCGGAGCGTTACCTCG-1,8
s2-TCGGAGTGGTACTTGC-1,7
s2-TCGGAGTTGTCTTGTT-1,5
s2-TCGGCACTGGCGCCGA-1,4
s2-TCGGCGACCTCGCTGA-1,6
s2-TCGGCGCAGAATGTCT-1,3
s2-TCGGCGCAGATAGATA-1,7
s2-TCGGCGCTATCACGTG-1,6
s2-TCGGTAATAGCGGTTC-1,4
s2-TCGGTAATTACGTGGA-1,3
s2-TCGGTAGGCATCACGC-1,3
s2-TCGGTATCGTAATTGG-1,8
s2-TCGGTGATCGCCGGCC-1,9
s2-TCGGTGTCTAACCAAG-1,4
s2-TCGTAAGGCGTTCAGG-1,6
s2-TCGTATACAAGACGAG-1,8
s2-TCGTATAGGAGCCTAT-1,9
s2-TCGTATCAACAGCACC-1,6
s2-TCGTATCACGTTATGA-1,2
s2-TCGTATCCTGATGCAA-1,6
s2-TCGTATCGGTCTCCTT-1,7
s2-TCGTATGCCGGACGTT-1,3
s2-TCGTATGTCGTGCCTA-1,9
s2-TCGTATTAGATCCGGT-1,1
s2-TCGTATTCTGAGTGGC-1,7
s2-TCGTCAAGCCTAATCT-1,9
s2-TCGTCACGATGTTCGA-1,10
s2-TCGTCAGAACAGCCAG-1,7
s2-TCGTCCAGCATGGCTT-1,9
s2-TCGTGCCTCGGTAGTT-1,9
s2-TCGTTAGCCAGGCCAG-1,9
s2-TCGTTAGCTTACTCAT-1,4
s2-TCTAACAAGCCAATCC-1,9
s2-TCTAACCGTGCTAGCT-1,1
s2-TCTAACTCTATGTTCT-1,6
s2-TCTACAACTGGAACTT-1,7
s2-TCTACACTAATTACTC-1,7
s2-TCTACACTGAGCTTCT-1,1
s2-TCTACAGCACGTCCGA-1,9
s2-TCTACAGGTACGCAGT-1,7
s2-TCTACATGAACTATAC-1,7
s2-TCTACATGAATCTGAT-1,8
s2-TCTACATGTCCGACTT-1,3
s2-TCTACATTGGAGTAAT-1,10
s2-TCTACTATGCTAGCTC-1,1
s2-TCTACTCCGACTCGGC-1,9
s2-TCTACTCGAGCAGAGG-1,1
s2-TCTACTGTCTCAATGA-1,3
s2-TCTACTTAGGTTCTTA-1,7
s2-TCTACTTAGTATTAGT-1,10
s2-TCTACTTCACCGTGGA-1,3
s2-TCTAGAACTTCTTGCA-1,7
s2-TCTAGAATTGCGGTTG-1,8
s2-TCTAGAGTCTCCACGC-1,2
s2-TCTAGATAAGGTTAGC-1,3
s2-TCTAGCTTATTCGCCA-1,1
s2-TCTAGGCGGAAGGCAC-1,7
s2-TCTATCCGTGTTGCCA-1,9
s2-TCTATGATCGGTGCCT-1,8
s2-TCTATTCCTTCCGGAA-1,8
s2-TCTATTCTGCATTGGC-1,9
s2-TCTGAGCGTAATTGTC-1,8
s2-TCTGAGTCAGATCTTG-1,7
s2-TCTGATCATAATGATT-1,1
s2-TCTGCAAGGACGGCAA-1,7
s2-TCTGCAATTCACAAGA-1,2
s2-TCTGCCTGGATGTCAG-1,9
s2-TCTGCGCTTGCAGATA-1,6
s2-TCTGCGTGCTATTCTA-1,9
s2-TCTGCGTGCTTCAGAC-1,2
s2-TCTGCGTTAGATAGGT-1,7
s2-TCTGGACGCTAAGACA-1,4
s2-TCTGGATATTAACCTA-1,9
s2-TCTGGTATCTGTAGCC-1,2
s2-TCTGGTCCTCCACTGT-1,4
s2-TCTGTACCTCACTCGC-1,6
s2-TCTGTACGCTGTCCTC-1,9
s2-TCTGTCACCGTTAATA-1,2
s2-TCTTACATTACTTCGC-1,7
s2-TCTTACCGCTCGTATG-1,7
s2-TCTTACGAATCAGTGC-1,9
s2-TCTTACGAGGAATAAG-1,9
s2-TCTTACGAGGCCGACA-1,3
s2-TCTTACGGCCGCAACA-1,7
s2-TCTTACTCTGTATGCG-1,2
s2-TCTTACTGAGACTAGT-1,9
s2-TCTTAGATGCCTCCGA-1,7
s2-TCTTAGGCGACAGTCA-1,3
s2-TCTTAGTCGCGGCAGA-1,4
s2-TCTTAGTCGTCTCGGC-1,3
s2-TCTTAGTCTGCCATCA-1,9
s2-TCTTCGAACAGCGTTA-1,3
s2-TCTTCGAATTGTATAC-1,3
s2-TCTTCGCCATTCGAAT-1,7
s2-TCTTCGTCAGACCAGG-1,3
s2-TCTTGAGTCATTATAC-1,9
s2-TCTTGCACCAATCTAT-1,8
s2-TCTTGCACGGTGAGCC-1,10
s2-TCTTGCACGTCTAATG-1,1
s2-TCTTGCACTATTCAGA-1,9
s2-TCTTGCACTGGTGCTC-1,8
s2-TCTTGCAGACTGCGAG-1,9
s2-TCTTGCCATCGTTGTA-1,2
s2-TCTTGCCGGCAGTCTA-1,3
s2-TCTTGCGGCCTTAGTG-1,6
s2-TCTTGCTCCGTCGGCA-1,9
s2-TCTTGCTGTCCTAGGC-1,10
s2-TCTTGTTATTCTTGAT-1,8
s2-TGAACGGACACGTATC-1,7
s2-TGAACGGATCTGGTAC-1,3
s2-TGAACGGATTCAAGTT-1,1
s2-TGAAGATACAATCTGC-1,7
s2-TGAAGCACCGTCATGA-1,7
s2-TGAAGTATGATCGTGC-1,3
s2-TGAATGCGGTTATGGA-1,9
s2-TGAATGGTGCTTCGAT-1,4
s2-TGAATGTACCTTCGTC-1,9
s2-TGAATGTTGACATCGT-1,4
s2-TGAATTATGCCGCAGT-1,7
s2-TGAATTCGTGGTATAA-1,9
s2-TGACAGTACTATTCTA-1,8
s2-TGACATTACAACGCCG-1,7
s2-TGACCAACAGATAGGT-1,7
s2-TGACCAAGCTGCACAT-1,4
s2-TGACCAAGTAAGGACC-1,8
s2-TGACCAATCAGCCACG-1,9
s2-TGACCAGCACTCCAGC-1,9
s2-TGACCAGGCTCATGCA-1,7
s2-TGACCAGGTATGACCT-1,9
s2-TGACCATCCATCTGCT-1,6
s2-TGACCATGTACACTCA-1,7
s2-TGACCTCCTTCAGATT-1,3
s2-TGACCTGTCTATCTCG-1,8
s2-TGACGCTCACCAAGCC-1,7
s2-TGACGCTCGCGGTAGT-1,7
s2-TGACGCTGCGATAGTA-1,7
s2-TGACGCTTACTAGACA-1,9
s2-TGACGGAGCGCTATAC-1,7
s2-TGACTCCAAGTCTACC-1,2
s2-TGACTCGGCCGACCGA-1,7
s2-TGACTCTGCTCGCACG-1,2
s2-TGACTTAATGCGTTGG-1,2
s2-TGACTTCGGCGTAACA-1,3
s2-TGACTTGCACTCACGG-1,9
s2-TGAGACAAGGACGACC-1,3
s2-TGAGACAGAAGTGCTC-1,7
s2-TGAGACTATTGAATCT-1,9
s2-TGAGATGCTCTAATGA-1,4
s2-TGAGCATAGTCTTATT-1,9
s2-TGAGCCGCGTGATCAT-1,2
s2-TGAGGAATCCATAGAA-1,7
s2-TGAGGACCACTGTTAC-1,9
s2-TGAGGTAGGACTACTG-1,7
s2-TGAGTAAGCGCAATCC-1,8
s2-TGAGTATTCTAGGACT-1,7
s2-TGAGTCGCCTCCGTCG-1,7
s2-TGAGTGACCTACTCGT-1,9
s2-TGAGTGAGATCGCTAA-1,5
s2-TGAGTGAGGCACGCCT-1,3
s2-TGAGTGCAGAGGACCA-1,4
s2-TGAGTTGTCCTCGCTT-1,4
s2-TGATAAGCAGTAAGAA-1,3
s2-TGATAGGAGCATCAAC-1,3
s2-TGATCCGCACTCCTTA-1,7
s2-TGATCGGACCTGGATG-1,9
s2-TGATGGATGATCACGG-1,10
s2-TGATGGCCGGCATCGC-1,9
s2-TGATGGCGCAGGCTAG-1,6
s2-TGATGGCTGCGACGAT-1,3
s2-TGATTAGAATGACATA-1,4
s2-TGATTCAAGATCGAGC-1,4
s2-TGATTCGTCTGGATCT-1,3
s2-TGCAACAGTGAAGCTC-1,9
s2-TGCAACGTTACCTGGT-1,7
s2-TGCACCGGTCACCTCC-1,9
s2-TGCACGAATGTACTAA-1,6
s2-TGCACGAGTAGAGTTA-1,6
s2-TGCACGAGTGTCAGCC-1,7
s2-TGCACGCTCCTATCCG-1,7
s2-TGCACGGCTGAGACTT-1,9
s2-TGCACGGCTGGTAAGG-1,6
s2-TGCACGTAGTTCGAAG-1,3
s2-TGCACTCCAGCTACTC-1,1
s2-TGCAGAAGCAGTAGGC-1,4
s2-TGCAGACAATACTGTT-1,9
s2-TGCAGACGAACCAGAT-1,4
s2-TGCAGAGGTCGTAATT-1,3
s2-TGCAGATGAGATCTAG-1,6
s2-TGCAGTACAACGAGTG-1,7
s2-TGCAGTCGAGCACCAA-1,2
s2-TGCAGTTATTCCACTC-1,8
s2-TGCATTAATGGCCACC-1,9
s2-TGCATTCGCCAGCGAT-1,4
s2-TGCATTCGCTACAATG-1,2
s2-TGCATTCTTACGGAGG-1,7
s2-TGCATTGCTGTCGGCG-1,3
s2-TGCCAATCCATGTCTA-1,9
s2-TGCCACAATGCTACCG-1,9
s2-TGCCACCTATTACATT-1,6
s2-TGCCACTATCAGGCAG-1,8
s2-TGCCACTCAACCGGCC-1,7
s2-TGCCACTTAAGTGATG-1,8
s2-TGCCAGCTATTGTAGA-1,2
s2-TGCCAGGATGAGGTTC-1,9
s2-TGCCAGTGATTCGTGC-1,3
s2-TGCCGAATCAAGCGTC-1,5
s2-TGCCGAGTTAAGAACG-1,7
s2-TGCCGGAACTTAGGCA-1,7
s2-TGCCGGCATTATAGAT-1,8
s2-TGCCTAAGTTAATTAT-1,3
s2-TGCCTATCAATGCCAT-1,7
s2-TGCCTATCGGCTATGT-1,4
s2-TGCCTTAGGCGTCTAT-1,2
s2-TGCGAACATATCGGCT-1,7
s2-TGCGAATCCGGCTTGA-1,6
s2-TGCGAATTCTCCGCAC-1,9
s2-TGCGACTACGTGCGAG-1,2
s2-TGCGAGCCAGACGAAT-1,6
s2-TGCGATACGCCTCGCA-1,6
s2-TGCGATGCAGGTGCGA-1,9
s2-TGCGATGTGCCTTGGC-1,9
s2-TGCGATTAGCTCCGCC-1,9
s2-TGCGCCAGTAATGATC-1,4
s2-TGCGCCGAACGGACTC-1,3
s2-TGCGCCGATCGCGAAG-1,5
s2-TGCGCCTCTTCGGCGA-1,10
s2-TGCGCTCATAGAACGA-1,3
s2-TGCGGACTCACGTGAT-1,7
s2-TGCGGACTTAACTTCC-1,8
s2-TGCGGACTTCTGTCGC-1,7
s2-TGCGGATCATCCTAGA-1,6
s2-TGCGGATCGGATCTTA-1,9
s2-TGCGTATCTTGTACCG-1,4
s2-TGCGTCTGGATCGGAT-1,9
s2-TGCGTGTCAGCCAGTG-1,2
s2-TGCGTGTCGGCGGATA-1,4
s2-TGCGTTAGCACGTACC-1,7
s2-TGCGTTATGTTCCGGA-1,3
s2-TGCGTTGTATTGCCTG-1,7
s2-TGCTACGCTGCGTGGA-1,6
s2-TGCTACTTGTGGCTGG-1,7
s2-TGCTATAATGTCGCTG-1,1
s2-TGCTATCCATGTAATA-1,3
s2-TGCTATCCTAAGACGA-1,6
s2-TGCTATGGTTGCGACA-1,6
s2-TGCTATTGCGGCGTGG-1,9
s2-TGCTATTGTCAAGGAG-1,8
s2-TGCTCCTAACGGAAGA-1,7
s2-TGCTGTCAGAACGAAG-1,3
s2-TGCTGTCTTGTTAATG-1,8
s2-TGCTGTGAAGTCAAGA-1,9
s2-TGCTTACTCACCGGTC-1,2
s2-TGCTTAGCCTGTTGGT-1,9
s2-TGCTTAGCTCCTGGCT-1,5
s2-TGCTTAGTTGACTTAC-1,8
s2-TGCTTATGAATAAGCA-1,8
s2-TGCTTATGACGCTGGC-1,3
s2-TGCTTATGCGGTTCTG-1,6
s2-TGGAAGACGTGAGTAG-1,4
s2-TGGAAGCCATAACAGT-1,4
s2-TGGAAGCTCCATCGAC-1,7
s2-TGGACGCCTGCGACCG-1,4
s2-TGGACTGACGTACCAC-1,9
s2-TGGACTGAGTACCTAG-1,4
s2-TGGAGTCGGCAAGCTC-1,6
s2-TGGAGTGAACGCGGTC-1,7
s2-TGGAGTGATGGCTCTT-1,4
s2-TGGAGTGCTCCTGATC-1,9
s2-TGGATCATTGTAACGG-1,7
s2-TGGATCCAGTCACTTC-1,4
s2-TGGCAAGCGACACTTA-1,9
s2-TGGCATCGATCAATTG-1,4
s2-TGGCATGCGTTCACGC-1,4
s2-TGGCATGTTCGAACAG-1,4
s2-TGGCCAACATTCTGAG-1,5
s2-TGGCCAAGCTGGCACC-1,3
s2-TGGCCACTCCGCGGAC-1,8
s2-TGGCCACTCCTGAGTG-1,10
s2-TGGCCAGAGTATCTCC-1,10
s2-TGGCCAGATCCGGACA-1,7
s2-TGGCCGTCTATCAGGA-1,10
s2-TGGCCTGACATACTCA-1,7
s2-TGGCCTGGCACTGTGG-1,2
s2-TGGCGACACTGCCGGA-1,2
s2-TGGCGAGCCACTAGCG-1,8
s2-TGGCGAGCTCCACGTG-1,6
s2-TGGCTCACTCAATCAC-1,7
s2-TGGCTCCGCATCAGAT-1,7
s2-TGGCTGGACCTTAGGA-1,4
s2-TGGTACAAGACACTGA-1,7
s2-TGGTACAAGACCAATC-1,6
s2-TGGTACCAATACTTAC-1,1
s2-TGGTACCAGATTGTTA-1,7
s2-TGGTACGGACGTAGTT-1,9
s2-TGGTACGGTCGGCGAA-1,5
s2-TGGTACTGGTATCTTG-1,5
s2-TGGTAGCATCAAGTCT-1,7
s2-TGGTAGCCAGTTGACA-1,9
s2-TGGTATGCAAGTCTAT-1,9
s2-TGGTATTAGCTAGACC-1,9
s2-TGGTATTCCTAGTCCA-1,3
s2-TGGTATTGAGTTGTAA-1,7
s2-TGGTCATCTAGGTCAT-1,6
s2-TGGTCGCCGGCTTACT-1,2
s2-TGGTCTGCTCAGGTTG-1,3
s2-TGGTGCACGACCTTAG-1,7
s2-TGGTGCAGACCGAAGT-1,3
s2-TGGTGCAGTACCATGC-1,10
s2-TGGTGCATTGTAATCC-1,4
s2-TGGTGCCGCTGCAACA-1,9
s2-TGGTGCCTAGCACGGC-1,2
s2-TGGTGCGAACGTGGCG-1,4
s2-TGGTGCGAATCCTGCT-1,9
s2-TGGTGCGAGGTCGTAT-1,9
s2-TGGTTGAACACGCCAA-1,7
s2-TGGTTGCCTCCGGCTT-1,9
s2-TGGTTGGTATCGGCAT-1,6
s2-TGTAAGATCTTCACAT-1,7
s2-TGTAAGGTGAGCGACC-1,9
s2-TGTAATCATATGAGAC-1,7
s2-TGTAATCGAGACTGGC-1,1
s2-TGTAATGCACTACGAG-1,2
s2-TGTAATGCCTAACACC-1,8
s2-TGTAATTGTATCCTCG-1,6
s2-TGTACCAACTACGCAT-1,10
s2-TGTACCACATACTGGT-1,8
s2-TGTAGGATCAGAGCGT-1,7
s2-TGTAGGCACGTACCTC-1,4
s2-TGTAGGTCACTACATG-1,7
s2-TGTAGGTCTGAACGCA-1,7
s2-TGTAGGTTCTGGCTTA-1,7
s2-TGTATCGGCGGTCGCA-1,7
s2-TGTATGATTGTAGGTG-1,2
s2-TGTATGGTGCCAAGGT-1,7
s2-TGTCAACTCATCAACG-1,5
s2-TGTCAAGCGGATCGGT-1,8
s2-TGTCACAGACGTATCC-1,10
s2-TGTCAGAAGTTGTAAC-1,2
s2-TGTCAGACGAAGCACC-1,10
s2-TGTCAGATAAGGTGAC-1,7
s2-TGTCAGTGGCTTCCAT-1,2
s2-TGTCATGCATGAGCAC-1,7
s2-TGTCATGTGACACGCT-1,6
s2-TGTCCATGTATGGAAT-1,7
s2-TGTCCGGATGGCAGTT-1,6
s2-TGTCCTCAACGTTCTA-1,9
s2-TGTCGAGTGCGTTAGC-1,4
s2-TGTCGATTCACGTAGT-1,2
s2-TGTCGCGGAAGAGCTA-1,8
s2-TGTCGTTCATACGATA-1,2
s2-TGTCTAAGCAGACGTA-1,3
s2-TGTCTACTAGATTGCC-1,8
s2-TGTCTGTAAGCGAACT-1,4
s2-TGTCTTGCGACTAATT-1,7
s2-TGTCTTGGAATTGGCA-1,7
s2-TGTTAAGGAAGTCTTA-1,2
s2-TGTTACCTATTGGACA-1,3
s2-TGTTCACTGTCTTCCT-1,9
s2-TGTTCAGAACGGTGTA-1,7
s2-TGTTCAGCGAGGCAGT-1,2
s2-TGTTCATAGTATGACG-1,9
s2-TGTTCATTGGTCCAAG-1,2
s2-TGTTCCTCACATTAAT-1,7
s2-TGTTCTGCTCTGTCGT-1,7
s2-TGTTGCGTCCAAGATT-1,3
s2-TGTTGGAACCTTCCGC-1,9
s2-TGTTGGAACGAGGTCA-1,3
s2-TGTTGGATGGACTTCT-1,9
s2-TGTTGGCCAGACCTAC-1,3
s3-AACACTTGGCAAGGAA-1,3
s3-AACAGGATTCATAGTT-1,9
s3-AACAGGTTATTGCACC-1,9
s3-AACAGGTTCACCGAAG-1,4
s3-AACAGTCGTGTCGCGG-1,6
s3-AACATACTCATATGCG-1,1
s3-AACATAGTCTATCTAC-1,7
s3-AACATATTCTTGCGAA-1,6
s3-AACATCGCGTGACCAC-1,6
s3-AACATCTAATGACCGG-1,6
s3-AACATGACGCAGCGTG-1,4
s3-AACCAAGGTATCAGGC-1,4
s3-AACCAATCTGGTTGGC-1,10
s3-AACCACTGCCATAGCC-1,7
s3-AACCAGAATCAGACGT-1,5
s3-AACCATGAATTGCCTT-1,6
s3-AACCGCCAGACTACTT-1,3
s3-AACCGTGCTTATGTTG-1,5
s3-AACCTAAGATACTGAG-1,4
s3-AACCTACAGAGGTAGT-1,9
s3-AACCTACTGTAACTCA-1,7
s3-AACCTGACAGTGCCGC-1,8
s3-AACCTTAGCGTCCGGT-1,7
s3-AACGAAGCGTGGAAGT-1,2
s3-AACGAATTGACCGGTT-1,3
s3-AACGAGCCTCTTCGGC-1,3
s3-AACGAGCTAATAACTA-1,9
s3-AACTAACGAACTAGAT-1,6
s3-AACTAGCACTGTTCGA-1,9
s3-AACTAGCATCACGTAC-1,4
s3-AACTAGCCTAATAGCA-1,6
s3-AACTAGCCTTGCAATA-1,2
s3-AACTAGGCCTGACACC-1,9
s3-AACTATCGTCATAGTC-1,4
s3-AACTATCTAGCAGTAT-1,2
s3-AACTATGCTGCATTCG-1,4
s3-AACTATGTGCTTGTTA-1,4
s3-AACTATTCTGCGGCCT-1,7
s3-AACTCAACCTTGACCA-1,4
s3-AACTCAACTTGACAGC-1,9
s3-AACTCACCGAACTTAT-1,8
s3-AACTCACCTCGGTGTT-1,9
s3-AACTCACGGAGTACGT-1,5
s3-AACTGCAACGTCCTGG-1,9
s3-AACTGCCTCGATAGGT-1,9
s3-AACTGCGAACCTTACC-1,8
s3-AACTGCGATCGACTAA-1,6
s3-AACTGCGGTCCGAAGC-1,10
s3-AACTGCTACCTCGATA-1,4
s3-AACTTCAAGGATAATC-1,5
s3-AACTTCAGATACTACC-1,7
s3-AACTTCAGCATGGCCG-1,4
s3-AACTTCATCTTCTGGT-1,8
s3-AACTTCGCTTAGTCAG-1,4
s3-AACTTGCAACTTGGAC-1,3
s3-AACTTGGTTAATACTA-1,1
s3-AAGAATTCTGGCTGCA-1,4
s3-AAGACAATCTCCTGCA-1,9
s3-AAGACTAAGGAGATCC-1,9
s3-AAGACTCAAGGCTCCA-1,8
s3-AAGACTGTCATAGTGC-1,3
s3-AAGAGCAGATGTGCCA-1,8
s3-AAGATACAGGCGAACG-1,6
s3-AAGATAGGCTTGCTTA-1,5
s3-AAGATATTGGACGTCC-1,2
s3-AAGATCTGTAACTTGT-1,4
s3-AAGATGAAGGTCATCG-1,1
s3-AAGATGGCCGCTAGTT-1,4
s3-AAGATTATCTAGCATA-1,2
s3-AAGCAGCGGACACGTG-1,7
s3-AAGCAGTATCAGAATC-1,8
s3-AAGCAGTGAGTGCGAC-1,4
s3-AAGCAGTGGCATCACT-1,5
s3-AAGCAGTGTAGAATCT-1,3
s3-AAGCATCAAGCGTGAT-1,4
s3-AAGCATTGAGTGGTTG-1,3
s3-AAGCCACCATTCAAGA-1,9
s3-AAGCCACTATGTCTAA-1,9
s3-AAGCCAGATCCAACAT-1,4
s3-AAGCCAGGCCGACGTG-1,9
s3-AAGCCAGGCTGCTTGA-1,6
s3-AAGCCAGGTTACGAAC-1,9
s3-AAGCCATCCGTGCTAT-1,4
s3-AAGCCATCGCGATATG-1,10
s3-AAGCCATTATCGAAGG-1,4
s3-AAGCCATTATCTGCCA-1,4
s3-AAGCGAGGAAGTGAAC-1,2
s3-AAGCGTTCGTCTGTCC-1,8
s3-AAGGACATAACCGCAC-1,6
s3-AAGGACCAACATGGCT-1,1
s3-AAGGAGGCACTCAATT-1,2
s3-AAGGCAGTCTGATCAC-1,4
s3-AAGGCATGAACAGCTC-1,8
s3-AAGGCCAATTCAATAA-1,7
s3-AAGGCCAGTCGCAATT-1,2
s3-AAGGCCGACCTACCTG-1,3
s3-AAGGCCGACTATGTAA-1,8
s3-AAGGCCGATTCTGAGC-1,7
s3-AAGGCCTCGCGAGGAA-1,7
s3-AAGGCGAACTAGTAGA-1,3
s3-AAGGCGACGGTGTCGG-1,4
s3-AAGGCGAGGTTCATGT-1,3
s3-AAGGCGCCGACAATCT-1,6
s3-AAGGCGCCTAACATAG-1,4
s3-AAGGTGATCCGTGACG-1,6
s3-AAGGTGCCGCTAAGGT-1,5
s3-AAGGTGGATATGATCG-1,7
s3-AAGGTGTCCATTAAGA-1,6
s3-AAGGTTCATGCGGTGC-1,6
s3-AAGGTTGCAGAAGCAG-1,1
s3-AAGGTTGCTGAGTTGA-1,2
s3-AAGTACTAAGGTTACG-1,4
s3-AAGTACTACAGTAGAA-1,8
s3-AAGTACTGGATGCGCA-1,9
s3-AAGTATTGTAGGTCGC-1,9
s3-AAGTCGCTATCCTGTC-1,3
s3-AAGTCGGACACTTCAG-1,8
s3-AAGTCTACCGGTTGGA-1,8
s3-AAGTCTGTCAATTCTT-1,3
s3-AAGTCTTAAGTTGCCA-1,7
s3-AAGTGAGCCTGTTACA-1,9
s3-AAGTGGACGAATCTAC-1,8
s3-AAGTGGCGAAGTTAAT-1,4
s3-AAGTGGCGAGTGTACA-1,3
s3-AAGTGGTTCCTCGCGT-1,8
s3-AAGTTAAGCACTATAA-1,3
s3-AAGTTACTATTACATC-1,5
s3-AAGTTCCTATTGCTGG-1,2
s3-AATAACATGTGCTATG-1,4
s3-AATAACATGTTACGTC-1,9
s3-AATAACGTAACTGTGA-1,9
s3-AATAACGTATTGAACA-1,6
s3-AATAACTCTACGATGT-1,3
s3-AATAACTTCATACGGA-1,4
s3-AATACGAGAACACTCG-1,10
s3-AATACGGTACGGCCTA-1,8
s3-AATACGTAGACAGTTA-1,5
s3-AATACTAACCACTTAT-1,4
s3-AATAGATAGCCTAACC-1,3
s3-AATAGCACGGAAGCGA-1,6
s3-AATAGTATAGTTGTCG-1,7
s3-AATAGTCGTTATCTAG-1,9
s3-AATAGTCTGGAACAAT-1,6
s3-AATAGTGCTCATAGAA-1,9
s3-AATAGTGGAAGAGCAT-1,7
s3-AATAGTTGGTGCTCAG-1,6
s3-AATATTAGGCTTCTGG-1,7
s3-AATCCGACCACGGTCC-1,4
s3-AATCCGCCGACCTGAG-1,9
s3-AATCCGCCTGGTCAAT-1,3
s3-AATCCGGAGCTTGTCT-1,8
s3-AATCGAACGGACGGAG-1,9
s3-AATCGACTATCGCTAG-1,6
s3-AATCTTAGCCTCTGTC-1,5
s3-AATGAACTACGTCCAG-1,1
s3-AATGAAGACGGTTCAG-1,2
s3-AATGAAGAGGATGTAT-1,6
s3-AATGAATCGGAAGGCA-1,4
s3-AATGATCTTGACAGCG-1,9
s3-AATGATTACAACCTAA-1,7
s3-AATGCAATCACTGTCG-1,3
s3-AATGCCGACGAGCAAC-1,9
s3-AATGGACATCCTACTC-1,4
s3-AATGGAGGACCTGGTG-1,9
s3-AATGGCATAGTATCAT-1,3
s3-AATGGTCGATACTCGG-1,1
s3-AATGGTGCGTCCTAAC-1,7
s3-AATGGTTATTCTAGCT-1,6
s3-AATGGTTGAGTCGGAA-1,9
s3-AATGTACTTAACATCA-1,4
s3-AATGTAGTCTTACGAG-1,7
s3-AATGTCAGGTCATTAC-1,9
s3-AATTAGCAACCGTTCC-1,10
s3-AATTAGCTTAGGTGTA-1,8
s3-AATTCTCAGACGCAAC-1,3
s3-AATTCTCGCACCAGTA-1,9
s3-AATTCTTGGATACGGA-1,9
s3-AATTGAATTCACTAGA-1,4
s3-AATTGCATTGAAGAAT-1,7
s3-AATTGCGGTGCTAATA-1,2
s3-AATTGCGTCAGACACT-1,8
s3-AATTGGACGGCATCGT-1,8
s3-AATTGGAGACATGGAG-1,8
s3-AATTGGCTTGAGTTGC-1,4
s3-AATTGGTTATGATACA-1,7
s3-AATTGTAGAATCCTAG-1,7
s3-ACAACCTTGGTGTCAA-1,6
s3-ACAACGAGCGATCTGA-1,4
s3-ACAACGCCGATAGTAT-1,8
s3-ACAACGTGGAGCTACT-1,4
s3-ACAACTAACCAGTGGA-1,6
s3-ACAACTAAGGTGTTAT-1,7
s3-ACAACTAAGTGGCGCT-1,4
s3-ACAACTGAATCCAGTC-1,5
s3-ACAACTGTCGTGGATA-1,9
s3-ACAATACAGGCGCCGT-1,7
s3-ACAATACGCCTTATTC-1,2
s3-ACAATTGGTCGCGTAA-1,9
s3-ACAGAATAAGAACCAT-1,4
s3-ACAGAATAAGATAGTG-1,9
s3-ACAGAATCCGTTGCTT-1,7
s3-ACAGAATCTTGATAAG-1,7
s3-ACAGAATGTCTTATTG-1,7
s3-ACAGAATGTTGAGTCC-1,5
s3-ACAGCCAGGCATAAGC-1,8
s3-ACAGGAACTACAGAAC-1,9
s3-ACAGGACTGAGCCGAT-1,5
s3-ACAGGATACCGGATTC-1,2
s3-ACAGGCACGCGAGGAT-1,8
s3-ACAGGCATTGAACCAT-1,2
s3-ACAGGCCTTCTAATGC-1,1
s3-ACAGGTACCAAGGAAG-1,6
s3-ACAGGTTCAGTGAACG-1,7
s3-ACAGTACGCACTACCT-1,8
s3-ACATAAGCAATGCGGT-1,8
s3-ACATCGCCACAAGAGG-1,7
s3-ACATCGGCTTACAAGG-1,7
s3-ACATCGTAGACAGGTT-1,3
s3-ACATCGTCGGTCTACC-1,5
s3-ACATCTATCCGAACCA-1,6
s3-ACATCTCGACAACCAC-1,9
s3-ACATCTCGCATAGAAT-1,6
s3-ACATGGATGCGTAAGC-1,4
s3-ACATGTTCACCGGCAG-1,7
s3-ACATGTTCCACTGATA-1,4
s3-ACATGTTCCAGGACGT-1,9
s3-ACATGTTGCTTGATCT-1,9
s3-ACATTCCTGAGTTCCG-1,6
s3-ACATTGAAGGCGGTGC-1,8
s3-ACATTGAATACGCATA-1,4
s3-ACATTGATCGTAATCC-1,6
s3-ACATTGCAGTTCGGCA-1,6
s3-ACATTGGTTCACAGTG-1,4
s3-ACATTGGTTCTGCCGT-1,1
s3-ACATTGTACATTCTTG-1,9
s3-ACCAAGCACTTGCGCA-1,8
s3-ACCAAGGCTTCGCTAG-1,6
s3-ACCAAGTGATGGTGAG-1,7
s3-ACCAAGTGGCTGTATG-1,3
s3-ACCAATCATGGTTCAT-1,7
s3-ACCAATGAGCCTCATC-1,5
s3-ACCAATGATCGCGGCC-1,6
s3-ACCACGGCCTCGCACC-1,4
s3-ACCAGTATGAAGTTCC-1,3
s3-ACCATAACTCCTCGTA-1,8
s3-ACCATCCGTTCGAGTG-1,4
s3-ACCATTAGATCGTGGC-1,4
s3-ACCGAAGATGTCGGCA-1,7
s3-ACCGAAGCCGAATTAA-1,7
s3-ACCGAGGTGATACCGA-1,10
s3-ACCGATTCCGGATACT-1,6
s3-ACCGATTGAGGATCTG-1,1
s3-ACCGCAGGTCGAGTTG-1,10
s3-ACCGGACGCCAAGCGT-1,8
s3-ACCGGCACCATACTGC-1,2
s3-ACCGGCACGTACGAAC-1,4
s3-ACCGGCCGACCTGCAC-1,4
s3-ACCGGCCTCAGGAGTT-1,7
s3-ACCGGCTATCGTGCGG-1,2
s3-ACCGTACACGACCGTC-1,7
s3-ACCGTACTATCGGAGG-1,4
s3-ACCGTAGGCGGAGGTT-1,8
s3-ACCTAAGTAGAACAGA-1,10
s3-ACCTAAGTGATAATCA-1,6
s3-ACCTAATGTTACCAAT-1,4
s3-ACCTAATTGTCGCTGA-1,4
s3-ACCTATAACGAACTAC-1,9
s3-ACCTATGCTACCGGAT-1,7
s3-ACCTCCGATTATAAGA-1,6
s3-ACCTCCTAGAGGCATG-1,8
s3-ACCTCGCACTAAGAGC-1,4
s3-ACCTGCCACTATCAAT-1,9
s3-ACCTGCTTATAGTTCG-1,9
s3-ACCTGCTTGAGCCTGG-1,7
s3-ACCTGCTTGCTACGAC-1,5
s3-ACCTGTCTGCGGTTGT-1,9
s3-ACCTGTGGTCACCTCG-1,9
s3-ACCTTCAGACCTCGGT-1,4
s3-ACCTTGGCTCTGTAAG-1,9
s3-ACGAACATAGGATCGG-1,2
s3-ACGAACGCACGAGCAC-1,4
s3-ACGAAGCCACCTGAGG-1,6
s3-ACGAAGCTCATCCTCG-1,8
s3-ACGACAAGCACTTCAC-1,4
s3-ACGACTGAAGACTTAC-1,7
s3-ACGAGGACCTGCTAGT-1,4
s3-ACGAGTGCGTGCGTTC-1,4
s3-ACGATGACTATTAGAT-1,7
s3-ACGATGCGAAGGAGCA-1,7
s3-ACGATGCTCCAATACA-1,7
s3-ACGATGTCGCACAATC-1,5
s3-ACGATGTCGTTGCCAA-1,9
s3-ACGATGTTACCTCATT-1,7
s3-ACGCAACGAAGAGTAT-1,10
s3-ACGCAAGGCATAAGTC-1,8
s3-ACGCAATAGTATACGA-1,1
s3-ACGCACATTGTAAGTA-1,7
s3-ACGCCGGCATCACTGG-1,4
s3-ACGCGGAAGAGTTCCG-1,4
s3-ACGCGTAGACTCAACT-1,6
s3-ACGCGTCGGTGAGGTT-1,7
s3-ACGCTCAGTGCTATTC-1,7
s3-ACGCTGCGATTAACGA-1,7
s3-ACGGCCGTCAACGTAT-1,5
s3-ACGGCCGTGACATTAA-1,4
s3-ACGGCCTTGCCAGAAC-1,4
s3-ACGGCTATGGCATACC-1,9
s3-ACGGCTTAACGATAGT-1,8
s3-ACGGCTTACGTATGCC-1,8
s3-ACGGCTTATTGGTATG-1,4
s3-ACGGCTTCAGGTACCG-1,2
s3-ACGGCTTCCATCGGAA-1,9
s3-ACGGCTTGTTCAATCG-1,3
s3-ACGGTCGGACAGGCGA-1,6
s3-ACGGTGATAATGTTAC-1,8
s3-ACGGTGTACGGTGCCA-1,8
s3-ACGGTTACATCCGAAG-1,3
s3-ACGGTTCACCTTCCGG-1,2
s3-ACGGTTCGCAAGTAAC-1,4
s3-ACGGTTCGTACAGTTG-1,3
s3-ACGGTTCGTCCGACCG-1,3
s3-ACGTCAGATTACTTCG-1,10
s3-ACGTGCAATTATTCGG-1,7
s3-ACGTTAATACAATGAC-1,3
s3-ACGTTAGGCTCAAGCC-1,6
s3-ACGTTCACATGATCTG-1,9
s3-ACGTTCACGACTAGGT-1,7
s3-ACGTTCCATTACCTCA-1,10
s3-ACGTTCGTCCGCCTAT-1,6
s3-ACGTTCTATGCACGAC-1,3
s3-ACGTTCTGCCATAATC-1,5
s3-ACTAATAGTCAACATA-1,8
s3-ACTAATCGGCCACCGA-1,1
s3-ACTACGCCTCATGATT-1,1
s3-ACTAGATCTGAAGCGG-1,9
s3-ACTATGAGGTTCTGTC-1,10
s3-ACTATTACCAGGTGCT-1,7
s3-ACTATTAGACAGGCTG-1,7
s3-ACTATTGCGAGCTAGA-1,8
s3-ACTCAGCTCGAGTGTC-1,8
s3-ACTCAGCTTCTGAGAC-1,8
s3-ACTCAGGCCTGCAACT-1,3
s3-ACTCAGTGAGCCTCCA-1,9
s3-ACTCCACGTTCGCTAC-1,7
s3-ACTCCAGGCCGAAGAC-1,9
s3-ACTCCAGTAGCTCCAG-1,10
s3-ACTCCTATGTTCCTAC-1,10
s3-ACTCCTGACCACTGAG-1,6
s3-ACTCGATTGATATCCA-1,3
s3-ACTCGTATTGTCAGAA-1,7
s3-ACTCTAAGCTTGCGCC-1,6
s3-ACTCTACTTCCGCATT-1,7
s3-ACTCTTGCGGAGAACC-1,5
s3-ACTGACGGCGAATAGT-1,9
s3-ACTGACGTGATATTGG-1,4
s3-ACTGACTGTCATCTAC-1,9
s3-ACTGAGCGCAACTCAT-1,4
s3-ACTGATACTCCATTAC-1,6
s3-ACTGATAGCACGGTCT-1,4
s3-ACTGGTAAGGCCTCAG-1,6
s3-ACTGGTGATTCCGATC-1,2
s3-ACTGGTTCTGAACGAT-1,3
s3-ACTGTACAATTCTACT-1,8
s3-ACTGTACATCCGATAC-1,8
s3-ACTGTAGACAAGGAAT-1,8
s3-ACTGTAGCAGCTTCTG-1,1
s3-ACTGTATGATCCTCAT-1,4
s3-ACTGTATTCTAGTCCA-1,8
s3-ACTTAAGCCAGTAGGA-1,4
s3-ACTTCGACGGATCATT-1,4
s3-ACTTGAAGCGAGCGGT-1,7
s3-ACTTGAGCCGTTCTTA-1,7
s3-AGAACAGGAGCATGGA-1,7
s3-AGAACTTCGATGCGTA-1,9
s3-AGAAGCAATGAGGAAC-1,6
s3-AGAAGCAGCCTAAGCT-1,3
s3-AGAAGCGATGTTCTAA-1,4
s3-AGAAGGATGGTATGAA-1,10
s3-AGAAGGCGTAGAATAG-1,9
s3-AGAAGTTAACCAGAGC-1,3
s3-AGAAGTTGAGCGCAAG-1,3
s3-AGAATTCTGTTGACAA-1,10
s3-AGACAAGACGTATCGC-1,7
s3-AGACATCTTAGCACCT-1,5
s3-AGACCGAACCGATGTC-1,10
s3-AGACCGACCGCAGACA-1,3
s3-AGACCGCCGGCCAATG-1,7
s3-AGACCGGACTGTCCAT-1,4
s3-AGACCGGAGCAACGCT-1,6
s3-AGACCGGTATCCGTGG-1,4
s3-AGACCGTCACTGAGCT-1,7
s3-AGACCGTCATTAGTTA-1,2
s3-AGACCTATCCTTATAG-1,4
s3-AGACCTCAGCGAGGTG-1,7
s3-AGACCTTCGCGTGAAC-1,5
s3-AGACGCGTGATGCATC-1,10
s3-AGACGCTTGGCCTCAC-1,6
s3-AGACGGCCTTACGGAG-1,7
s3-AGACGTAGGCGGACCG-1,2
s3-AGACGTGGCGTTGAGT-1,3
s3-AGACTACGTGCTCCAT-1,9
s3-AGACTCAGACAGATAA-1,2
s3-AGACTCATGACCTGGC-1,3
s3-AGACTCATTGCGGACA-1,7
s3-AGACTCCGCTTCGTAT-1,8
s3-AGACTCCTGTATGGCG-1,2
s3-AGACTCGACTCCTAAT-1,2
s3-AGACTCTATTAGCGCT-1,1
s3-AGACTGGTAAGGAGGT-1,7
s3-AGATAACCAATACGCC-1,5
s3-AGATAAGCCACTCATA-1,9
s3-AGATCAGTCGATAGAA-1,7
s3-AGATCATTCACGCTGT-1,6
s3-AGATCTAACGAGCTCA-1,9
s3-AGATCTCCGCCTTATT-1,7
s3-AGATGAGGCGCCTCCA-1,8
s3-AGATGCACGTAGGTGC-1,6
s3-AGATGCTCCGTCATCT-1,9
s3-AGATTGAGTTAGGAAC-1,6
s3-AGATTGCGCCTCGCTC-1,3
s3-AGCAATAACAATTCCA-1,6
s3-AGCACCTCCAATCACG-1,4
s3-AGCACGAGATAACGGT-1,7
s3-AGCACGATACCTAAGC-1,1
s3-AGCACGCTCGATCTAA-1,3
s3-AGCACGGAGGCAGTCA-1,8
s3-AGCACGTGCACCTCTG-1,5
s3-AGCACTCATACAGAAC-1,9
s3-AGCACTGCATCCTAGC-1,1
s3-AGCAGGTAAGTATCTG-1,2
s3-AGCAGGTATGCCATTG-1,10
s3-AGCAGGTGCAATGGTT-1,4
s3-AGCATGAGCGAATATT-1,4
s3-AGCATGCACCGCGTCA-1,7
s3-AGCATTAGACGGATTG-1,6
s3-AGCCAGATACTCGAAC-1,8
s3-AGCCAGCGGCAAGCGT-1,9
s3-AGCCAGCGTTACAGTC-1,1
s3-AGCCATCCGTCAACTC-1,6
s3-AGCCGATGTTCTACTC-1,9
s3-AGCCGGCCTATTCCAG-1,3
s3-AGCCGTAGTGGAGTGC-1,4
s3-AGCCGTATCTTCGTCT-1,9
s3-AGCCGTATTCAACCGT-1,9
s3-AGCCTACGGTGACCAA-1,4
s3-AGCCTCCGAACTACCA-1,3
s3-AGCCTCGCATGGTCCT-1,7
s3-AGCCTCTATGCAGCAA-1,10
s3-AGCGACAGCTACATCG-1,4
s3-AGCGACATCCTTCTAA-1,6
s3-AGCGACATTCGATCTG-1,4
s3-AGCGACCGTTCTATAC-1,6
s3-AGCGACTATGTATCTT-1,6
s3-AGCGAGAACAGATTCT-1,7
s3-AGCGAGGAACTGGTCC-1,4
s3-AGCGCATCGTGGTCGA-1,4
s3-AGCGGAATGTCGCTGT-1,2
s3-AGCGGTACGCCGAGAA-1,3
s3-AGCGGTGAGTGACATG-1,7
s3-AGCGGTGCAGGCATCT-1,4
s3-AGCGGTTAATCGAAGT-1,2
s3-AGCGGTTACAATACGC-1,9
s3-AGCGGTTAGACTCGCC-1,4
s3-AGCGTGCGCCTGATCG-1,3
s3-AGCGTGCTTCGCTCAT-1,2
s3-AGCGTGGCACCGACAA-1,9
s3-AGCGTGTATGTACGGT-1,8
s3-AGCGTTATACCTGTTG-1,3
s3-AGCGTTGGCTCACGAT-1,10
s3-AGCTACCAGCGTTACT-1,7
s3-AGCTAGCGTACAGTAA-1,8
s3-AGCTATAAGTCCAGCA-1,7
s3-AGCTATAGAATAGTCT-1,5
s3-AGCTCAACATCGTCCG-1,5
s3-AGCTCACTATGCAGTT-1,4
s3-AGCTCGACAGGCGATA-1,5
s3-AGCTCGCATTAGGATT-1,6
s3-AGCTGACGTAACGCTG-1,8
s3-AGCTGTACGCTGACTC-1,1
s3-AGCTGTCCAGATGCTA-1,10
s3-AGCTGTTCCGGTGATT-1,5
s3-AGCTGTTGAAGGCCTT-1,6
s3-AGCTTGAGTCAGGCCG-1,9
s3-AGGAATTACGGTGACG-1,5
s3-AGGACCAGTAACCTAA-1,2
s3-AGGACCAGTGCGCCAG-1,4
s3-AGGACCGCAATAGTTA-1,3
s3-AGGACCGTAGATGCTA-1,2
s3-AGGACCTGTACCATTC-1,3
s3-AGGACGAAGCCTCCTT-1,1
s3-AGGACGAATGCTTCAA-1,9
s3-AGGACGTATCGCCGTA-1,7
s3-AGGACGTCGGCACGAA-1,3
s3-AGGACTAGGACCGCAG-1,3
s3-AGGACTGAAGTGCCTT-1,4
s3-AGGACTGGATGAAGAC-1,3
s3-AGGAGCAGCGTTAATA-1,6
s3-AGGAGCATAATCCACT-1,9
s3-AGGAGCATCACTCAGC-1,8
s3-AGGAGCATCTTAACTC-1,6
s3-AGGAGCCGCTGAGTAG-1,5
s3-AGGAGCCTCGAACGTT-1,6
s3-AGGATAACCGGTCGGA-1,3
s3-AGGATACCTCCGAGCG-1,6
s3-AGGATAGGCTCAGTTG-1,4
s3-AGGATATCGCGAATAC-1,9
s3-AGGATCAACATTCGTT-1,10
s3-AGGATCCGTGAGGCGG-1,9
s3-AGGATCGAGCACCGCC-1,6
s3-AGGATCTTAATGGTGA-1,4
s3-AGGATTCTACGCCTAG-1,7
s3-AGGCAACTAGCGTACC-1,7
s3-AGGCAATGTCAGCTGG-1,9
s3-AGGCATGCATGGAATT-1,4
s3-AGGCATTAAGTCTGGC-1,9
s3-AGGCATTACTATAGTA-1,9
s3-AGGCCGCAGAATAACG-1,10
s3-AGGCCTGTCTAGTGGC-1,10
s3-AGGCCTTGTCGTTGAT-1,6
s3-AGGCGATTCCACTTCT-1,6
s3-AGGCTGCAGCTCAGGC-1,3
s3-AGGCTTAACCGATTGT-1,10
s3-AGGCTTAGCATTAACC-1,4
s3-AGGTACAGCTATGATA-1,8
s3-AGGTACTCTGCCACCG-1,9
s3-AGGTCTCACGCCAATA-1,7
s3-AGGTCTTCCATCGCCG-1,3
s3-AGGTGAAGTGACGACT-1,7
s3-AGGTGAATCCACAACC-1,6
s3-AGGTGAGCAATGTCTT-1,7
s3-AGGTGAGGTAGAATAC-1,4
s3-AGGTGATTGGCGGTAT-1,9
s3-AGGTGGCTGTCGCCAA-1,10
s3-AGGTTACATTCCACGC-1,7
s3-AGGTTAGTGGCCATAG-1,2
s3-AGGTTCCACGCCGAAG-1,9
s3-AGGTTGAGTAGGAGAT-1,7
s3-AGTAAGCTCGGCCAAT-1,4
s3-AGTACCGAACCGCAAT-1,4
s3-AGTACCGTTGTACGCC-1,3
s3-AGTAGACAGTAAGGAG-1,9
s3-AGTAGAGCATGGACGT-1,7
s3-AGTATTACGGTATTCG-1,10
s3-AGTATTAGCTGATCGA-1,4
s3-AGTATTCAGCTGAATG-1,7
s3-AGTATTCGTCGGTATC-1,9
s3-AGTATTGATTGAGTCA-1,4
s3-AGTATTGGTATGTCTA-1,10
s3-AGTCACTTATTCAAGG-1,9
s3-AGTCCGTGATCACTAC-1,5
s3-AGTCGCCACTCGGCGA-1,7
s3-AGTCGGACCGTGCTTA-1,3
s3-AGTCGGTCTAATCTGT-1,7
s3-AGTCGGTTATACATAG-1,8
s3-AGTCGGTTGGTTGGCG-1,6
s3-AGTCGTTGCCTTACCT-1,7
s3-AGTCTAGGATTGTCAC-1,8
s3-AGTGAGGTCTGTGCTC-1,10
s3-AGTGAGTATTCTAAGT-1,9
s3-AGTGCAATAACTAACA-1,7
s3-AGTGCCAGATGCTCTG-1,4
s3-AGTGCGCAACATGCGT-1,9
s3-AGTGGTATGTCCAAGT-1,3
s3-AGTGTAAGCCTGCAAG-1,4
s3-AGTGTACCTCTGTATG-1,8
s3-AGTGTCATGGTTGTGG-1,5
s3-AGTGTCGTGGCATGTT-1,4
s3-AGTGTCTAGGCTAATA-1,3
s3-AGTGTCTTAAGCTTGT-1,8
s3-AGTGTTCGAGGATGAA-1,4
s3-AGTTAACGAGCCACTC-1,9
s3-AGTTAAGACTGGCTCC-1,7
s3-AGTTACCTCACCAGCA-1,7
s3-AGTTAGAAGGACGAAT-1,8
s3-AGTTATCCTGAACGAA-1,9
s3-AGTTCGGCACATACGG-1,3
s3-AGTTCGTCTAGTGCAG-1,4
s3-AGTTCGTGCAGACCTT-1,7
s3-AGTTCGTGCATGTCGA-1,2
s3-AGTTGGCAACGTTGTC-1,4
s3-AGTTGGCACCAGTTAC-1,7
s3-AGTTGTACTTAATGGA-1,7
s3-AGTTGTCCACAGACCA-1,7
s3-ATAACCTAGAACCTGC-1,9
s3-ATAACGAAGAGCACGC-1,10
s3-ATAAGAATCATGCATC-1,9
s3-ATAAGACCAATCGCGG-1,7
s3-ATAAGGAATAGAACAT-1,7
s3-ATAAGGCGGACAAGTT-1,2
s3-ATAAGTACCACGAGTT-1,4
s3-ATAATCGTAGTTATTC-1,2
s3-ATAATTAGTTCTACGG-1,6
s3-ATACAAGGTCAGTAGA-1,4
s3-ATACAATTGCGGTATT-1,7
s3-ATACATCAAGGATTGC-1,9
s3-ATACATCACGCCTTCT-1,7
s3-ATACATCACTGTCCGG-1,8
s3-ATACATCATGCACCAA-1,10
s3-ATACCGTTCCAGTCCA-1,4
s3-ATACGACATCTAGACC-1,7
s3-ATACGCGGTGAAGCCG-1,6
s3-ATACGCTGAGATCAGA-1,2
s3-ATACGGCGACTGGTCT-1,7
s3-ATACTAGCCACTTCGC-1,5
s3-ATACTAGCCATTAGTT-1,7
s3-ATACTAGTAACTGAGT-1,10
s3-ATACTATCAACTTGTA-1,7
s3-ATACTATCCGAACATA-1,6
s3-ATACTATGGTTACATT-1,4
s3-ATACTGACTTCGGCAC-1,6
s3-ATACTGGACCACAGCC-1,6
s3-ATACTGGAGGATAACG-1,9
s3-ATAGAACCTCTACCGA-1,1
s3-ATAGAACGTTCGATCT-1,2
s3-ATAGAATTCTAGGCCG-1,8
s3-ATAGACATGGCTATGG-1,3
s3-ATAGATGCCTAAGCAC-1,9
s3-ATAGATTGAGTTCGAG-1,9
s3-ATAGCACCTGCTGTCT-1,7
s3-ATAGCGGCGAGTAATT-1,4
s3-ATAGCTATTCGCACTC-1,9
s3-ATAGCTTCACAACCGT-1,7
s3-ATAGCTTCGTGGAACG-1,10
s3-ATAGGCCGATAGAAGT-1,4
s3-ATAGGCCGATGATCTA-1,10
s3-ATAGTACTATGGTTCT-1,4
s3-ATAGTCCGCCGTTGGC-1,6
s3-ATAGTCGCTAAGGTAT-1,6
s3-ATAGTGAGTGAGGATT-1,7
s3-ATAGTGTCAGATGTAG-1,4
s3-ATAGTTAAGCCTGCCG-1,7
s3-ATAGTTAAGGCACGAG-1,9
s3-ATAGTTAGTCCTTAAT-1,9
s3-ATAGTTCATCGGATCT-1,8
s3-ATAGTTCGCAGCCGTG-1,7
s3-ATAGTTCGGTTCCAGA-1,10
s3-ATCAAGGAGCTTACAT-1,6
s3-ATCACCAGTTCGGCGA-1,7
s3-ATCACGTTCAATGATA-1,7
s3-ATCACTTAGGCCTTGT-1,6
s3-ATCAGATACCAGCTGT-1,2
s3-ATCAGTAAGCTCGCCG-1,5
s3-ATCATTCACCAGATTG-1,7
s3-ATCATTCCAACTTCGC-1,10
s3-ATCATTGTCCATGCCA-1,9
s3-ATCCAACGCCACATCG-1,8
s3-ATCCACATGTTGGACC-1,8
s3-ATCCGAGTACAGGAAT-1,8
s3-ATCCGAGTACCACGTG-1,8
s3-ATCCGAGTCACTTGTA-1,9
s3-ATCCGATGACCTCGGA-1,7
s3-ATCCGATGTCTGTCAC-1,2
s3-ATCCGGATCGCCGTAT-1,4
s3-ATCCGGATGACGTAAC-1,7
s3-ATCCGGTACCGTCCTT-1,10
s3-ATCCGGTATCACAAGT-1,7
s3-ATCCGTAGCTTCAGTA-1,3
s3-ATCCGTAGTGTCGCTC-1,2
s3-ATCCGTGGAACTTCAA-1,4
s3-ATCCTCCAGCCATTGT-1,4
s3-ATCCTCGTTCCAGGCC-1,2
s3-ATCGAACATGCTAAGC-1,9
s3-ATCGAACTCGTCCGGC-1,7
s3-ATCGACAGCGGCAACA-1,3
s3-ATCGACCGGAGTATCG-1,5
s3-ATCGACTAAGTACTGC-1,6
s3-ATCGATGTCAGATAGA-1,8
s3-ATCGCAATGCACTAAC-1,9
s3-ATCGCAGTAACTTATT-1,3
s3-ATCGCAGTAATATCAG-1,6
s3-ATCGCAGTCTATGGCA-1,6
s3-ATCGCATCACGCATCT-1,6
s3-ATCGGCTCTATGCCTC-1,9
s3-ATCGTAACTACCTCTT-1,2
s3-ATCGTAATCCACATGC-1,8
s3-ATCGTACAACTGGCTA-1,2
s3-ATCGTACACCTATGCC-1,2
s3-ATCGTACCGCGTACGC-1,4
s3-ATCGTAGCATGTAGAT-1,4
s3-ATCGTATTACTCGGAG-1,7
s3-ATCGTCACCATGTCAC-1,3
s3-ATCGTCAGTTAGTCCA-1,3
s3-ATCGTCCTAGTACGAA-1,6
s3-ATCGTCTTAACGAAGG-1,3
s3-ATCTACAGGAGTGCAC-1,8
s3-ATCTACCATATTCCAG-1,9
s3-ATCTACTCACATCTCC-1,2
s3-ATCTCCTTGCGATACA-1,9
s3-ATCTGAAGTATGCACG-1,4
s3-ATCTGACCGGAGTCCT-1,4
s3-ATCTGAGGAACGGTTG-1,7
s3-ATCTGATACTTCATTA-1,6
s3-ATCTGCCGTCTACAGC-1,8
s3-ATCTGGATCCTCAGAC-1,3
s3-ATCTGTACGCGTCTCC-1,3
s3-ATCTTAGACGCCTACT-1,5
s3-ATCTTAGACTTGATCT-1,4
s3-ATCTTAGATAGGTTCA-1,6
s3-ATCTTAGTGGCATGGA-1,8
s3-ATCTTCGGACATACTA-1,9
s3-ATCTTGGCTTCGTCCT-1,3
s3-ATGAACAATCGATGCG-1,10
s3-ATGAAGCTGAATCCAG-1,4
s3-ATGACACTAATCGCAC-1,6
s3-ATGACCAGACGGCCGG-1,3
s3-ATGACCTCACTTAACC-1,2
s3-ATGACGAGATCATTAA-1,4
s3-ATGAGCTACATGGAAG-1,8
s3-ATGAGCTACTGGACAT-1,6
s3-ATGAGCTATTCGAAGA-1,7
s3-ATGAGTACGCTTCCTA-1,3
s3-ATGAGTCTTAGGAAGG-1,4
s3-ATGATAATTCCTTGCG-1,7
s3-ATGATATCTAGTCTTA-1,4
s3-ATGCATCCTGACTCAC-1,3
s3-ATGCATGCCTGCGATG-1,5
s3-ATGCATGGTTCCGCCT-1,9
s3-ATGCATGTATGTGAGT-1,7
s3-ATGCATGTCACTCGTG-1,3
s3-ATGCATGTCGATGTGG-1,7
s3-ATGCATTAGATATCCA-1,7
s3-ATGCCAGCTGCCATCT-1,10
s3-ATGCCGTCGATAAGAC-1,4
s3-ATGCCGTTGTGAAGCG-1,7
s3-ATGCCTTCGTAAGTTA-1,9
s3-ATGCTACTGAATAGTA-1,9
s3-ATGCTCATGCCTGCCT-1,4
s3-ATGCTCCAACCTGGCC-1,7
s3-ATGCTCCGTTCTACTG-1,3
s3-ATGCTCGCCTCCAATT-1,10
s3-ATGCTGAATGCAATAG-1,4
s3-ATGCTGCGGAACTACC-1,10
s3-ATGCTGCGGATGGTTG-1,10
s3-ATGCTGGCTTACTACA-1,9
s3-ATGCTTACTCTAGGAA-1,7
s3-ATGCTTGGACGAACTT-1,3
s3-ATGGAGGCCACGGCTT-1,9
s3-ATGGAGGTTCACCGGT-1,6
s3-ATGGAGTAATCGGACC-1,7
s3-ATGGCATTATGGCTCG-1,9
s3-ATGGTAACGGACCGGA-1,4
s3-ATGTAAGAGCCACCTC-1,2
s3-ATGTAATTGTCGTTCG-1,3
s3-ATGTACAGTGCCTATG-1,3
s3-ATGTACATCGTGGTTA-1,2
s3-ATGTACATGAACTCCG-1,7
s3-ATGTACCATTATTGTC-1,4
s3-ATGTACCGATCCAGAA-1,5
s3-ATGTACTACCGACTTC-1,2
s3-ATGTACTCTGCAGCAC-1,9
s3-ATGTAGAAGCGAATAG-1,4
s3-ATGTAGCCGACCAAGG-1,4
s3-ATGTAGGTAACCGTAC-1,3
s3-ATGTAGGTTGGCGAGG-1,7
s3-ATGTATCCAAGGTGGC-1,10
s3-ATGTATCCATAAGTTG-1,8
s3-ATGTATCGGAATACGG-1,9
s3-ATGTATGAGTACCGGA-1,7
s3-ATGTATGTTATTGAAG-1,4
s3-ATGTCATACTTAGACC-1,10
s3-ATGTCGGACTGAAGTA-1,6
s3-ATGTCGGATAAGCCGA-1,2
s3-ATGTCGGCTGTCGTAA-1,3
s3-ATGTCGTTACCAGACG-1,9
s3-ATGTCTAACTGGCGAA-1,1
s3-ATGTCTGCGTTGCAGC-1,10
s3-ATGTGAATCCATACGA-1,8
s3-ATGTGAATTGCTGACC-1,8
s3-ATGTGATCCGTCTAAC-1,10
s3-ATGTGCGTCTGAACAG-1,9
s3-ATGTGCTAACATCGAA-1,6
s3-ATGTGCTTGTGCTACC-1,10
s3-ATGTTAAGATTACTGA-1,3
s3-ATGTTACGCCATTCCT-1,6
s3-ATGTTAGACTATCTCA-1,4
s3-ATGTTCGCAGAAGTCT-1,4
s3-ATGTTCTGCCTTATCT-1,4
s3-ATTAAGAACAGCTCCG-1,9
s3-ATTAAGAATAACGCTT-1,4
s3-ATTAAGCGTCCTGCCG-1,1
s3-ATTAAGTGGCCTAAGG-1,7
s3-ATTACATGTTATTGAC-1,4
s3-ATTACATTGAAGTATG-1,7
s3-ATTACCTTCGCAGAAG-1,10
s3-ATTACTCAGTTAACGA-1,6
s3-ATTACTCCGTGAAGCG-1,7
s3-ATTACTGAGTGCCTCC-1,9
s3-ATTACTGTACGCGGTG-1,7
s3-ATTACTGTCGCATATT-1,9
s3-ATTAGATAAGACGGCG-1,3
s3-ATTAGATTCGTACTCA-1,6
s3-ATTAGCCTCACTTCTA-1,7
s3-ATTAGCCTCAGTAGAT-1,10
s3-ATTAGCGAGCATGCTG-1,9
s3-ATTAGTCGTGTTATGC-1,2
s3-ATTAGTGAGGTATCGC-1,4
s3-ATTAGTGCTTGGTCAT-1,3
s3-ATTAGTTCACAGACTC-1,5
s3-ATTATCACAACTCGGC-1,3
s3-ATTATCCAGGTGAAGT-1,7
s3-ATTATCCATTGTGACA-1,4
s3-ATTATCGAAGCCTAAG-1,9
s3-ATTATCGAGTGCAGAT-1,4
s3-ATTATCTAGATTAACG-1,9
s3-ATTATGCCATCGTTAA-1,4
s3-ATTATGTTAAGGTAGT-1,6
s3-ATTCAAGATTAGTTGC-1,9
s3-ATTCACATAGGATGAG-1,9
s3-ATTCACATCGTCACAG-1,6
s3-ATTCACATCTTATTCT-1,9
s3-ATTCACCTGACCAGTT-1,7
s3-ATTCACGCTGTTATCG-1,9
s3-ATTCACGTCGCAGGCT-1,9
s3-ATTCACTCACGTGCAC-1,7
s3-ATTCAGCTCCTACTAA-1,3
s3-ATTCATAGCGAAGCGT-1,3
s3-ATTCATAGTTCTAACT-1,1
s3-ATTCCATTGTGAACGC-1,8
s3-ATTCCGCAACGCCGCT-1,7
s3-ATTCCGCTCCATCAGC-1,7
s3-ATTCCGGTTACATACC-1,3
s3-ATTCCGTAAGGATTCC-1,7
s3-ATTCCTGCCTTAACAG-1,9
s3-ATTCGCTCGCGGAGGC-1,7
s3-ATTCGGAAGCTATTAC-1,3
s3-ATTCTAACGCCTGTTA-1,4
s3-ATTCTACAGCCAGCAC-1,4
s3-ATTCTACGTGGCAGAT-1,5
s3-ATTCTACTGGTCGTTC-1,4
s3-ATTCTAGGACATCAGT-1,2
s3-ATTCTAGTCCACAAGA-1,4
s3-ATTCTTGAGGCGACGC-1,2
s3-ATTCTTGGAGTGATAG-1,4
s3-ATTGACGAGCAGCGAC-1,8
s3-ATTGACGCATCTCAAC-1,8
s3-ATTGACGCCACCTTCT-1,1
s3-ATTGACGCCAGCCAAG-1,7
s3-ATTGACTGAATACTAT-1,7
s3-ATTGATAACACTAAGA-1,1
s3-ATTGCACGACCACTTG-1,4
s3-ATTGCAGTTCTTCATT-1,9
s3-ATTGCATATTGTTATC-1,6
s3-ATTGCATCACTGACTG-1,2
s3-ATTGCCTGATGTGCGG-1,4
s3-ATTGCCTTGTCTAAGT-1,6
s3-ATTGCGTAGTTAGGAG-1,6
s3-ATTGGCACCACGCCAT-1,4
s3-ATTGGCCTAGGAATCG-1,6
s3-ATTGGCCTTCCGTGCA-1,8
s3-ATTGGCGAATTGCACT-1,6
s3-ATTGGCTAACAGACAA-1,8
s3-ATTGTTAAGTAGACTA-1,5
s3-ATTGTTACGACTAGCG-1,9
s3-ATTGTTATACTTCACG-1,3
s3-CAACAGGTCAGAGGAC-1,7
s3-CAACCGTACTGATCTT-1,8
s3-CAACCGTATTACTGTA-1,3
s3-CAACCGTTAACAGACC-1,5
s3-CAACCGTTAATGTCAT-1,6
s3-CAACGCTTGCTCCTAC-1,3
s3-CAACGGCACTCAGTCC-1,5
s3-CAACTGACAAGACAAG-1,2
s3-CAACTGCAGTGCAATA-1,9
s3-CAACTGCATTCGACTC-1,3
s3-CAACTGCTGGAGTTAT-1,4
s3-CAACTTGGACATAGAT-1,4
s3-CAACTTGGTACGATGT-1,5
s3-CAAGACCACTATCGAA-1,9
s3-CAAGATAAGTGCAATG-1,1
s3-CAAGATAATGAGACCG-1,6
s3-CAAGATTACCGATCAT-1,7
s3-CAAGATTCGTCAGCTG-1,4
s3-CAAGCCGCCATAGAGG-1,9
s3-CAAGGTCTCAATACAG-1,9
s3-CAAGTACTCCGCATCG-1,8
s3-CAAGTACTTATTAAGC-1,9
s3-CAAGTACTTCAATAGT-1,3
s3-CAAGTAGCCTCGATCC-1,2
s3-CAAGTATCGGCAACCA-1,1
s3-CAAGTCCATCGGCGGT-1,9
s3-CAAGTCCGCTACCGTT-1,3
s3-CAAGTCTTGGCGATAG-1,6
s3-CAAGTGAATTGGATGC-1,5
s3-CAAGTGTTCGCCACGC-1,9
s3-CAAGTGTTGACGGCCA-1,3
s3-CAATAACTACATTAAC-1,3
s3-CAATAACTCAAGGCAA-1,4
s3-CAATAAGCGGCCAGAT-1,8
s3-CAATAAGGTAACTCGT-1,10
s3-CAATAATCGTAGGATA-1,8
s3-CAATCCGAGGTGCTAG-1,8
s3-CAATCGTCGGAGCATG-1,4
s3-CAATGCATTGACGGCA-1,7
s3-CAATGCGGATGCTGGT-1,3
s3-CAATTACAGGTGTCAT-1,6
s3-CAATTGAACCGGCTCG-1,3
s3-CAATTGTTGACGTGAG-1,9
s3-CACCAGGCACGCTATC-1,2
s3-CACCATAAGCTGGCTG-1,7
s3-CACCATAGGTAACCAG-1,6
s3-CACCATTCTTACGAGC-1,7
s3-CACCGAGTCTTGGACA-1,2
s3-CACCTACATGATTGAT-1,4
s3-CACCTACCGCTACCTT-1,2
s3-CACCTAGAATACTTCT-1,7
s3-CACCTAGACGAGCCGG-1,7
s3-CACCTATTACTCAGAT-1,5
s3-CACCTCGAGCGATGCT-1,7
s3-CACCTTAGCTATTGTC-1,7
s3-CACGACCTCCGTCATA-1,9
s3-CACGAGGCCATCCACT-1,7
s3-CACGAGGTATAGGTAT-1,9
s3-CACGATCATACAATTA-1,7
s3-CACGATGGTGCTAATA-1,1
s3-CACGCCACAATCGCAC-1,3
s3-CACGCCACTCCTTCAT-1,6
s3-CACGCTTATCAATCTT-1,9
s3-CACGGATTCTCATCAC-1,4
s3-CACGGCGACGGTGCCT-1,4
s3-CACGGCGATACATACG-1,9
s3-CACGGCGTCAGCCTGC-1,6
s3-CACGGCTGCGCTTGGC-1,4
s3-CACGGCTTACTCCGTT-1,5
s3-CACGGTCTTGGTTAAT-1,9
s3-CACGTACGTAGCTCAT-1,4
s3-CACGTAGGTAGGCTGA-1,2
s3-CACGTCAAGTGCGATC-1,3
s3-CACGTCCAATTCGACT-1,10
s3-CACGTCCACGACCTAT-1,7
s3-CACGTCCATCTACTGA-1,9
s3-CACGTGCCAGAATTCT-1,6
s3-CACGTGGCGGCACTAG-1,5
s3-CACGTTGCACATACCG-1,5
s3-CACTACAATATTGCGG-1,8
s3-CACTACCTTCGCTTCA-1,4
s3-CACTACTGCGGAATTG-1,3
s3-CACTACTGGCTGAACC-1,3
s3-CACTAGTCGACATCTA-1,9
s3-CACTCAAGACCATGCA-1,6
s3-CACTCAAGACGGACTA-1,6
s3-CACTCAAGGCGGCACT-1,4
s3-CACTCAATAAGCCGAA-1,3
s3-CACTCAATAGTGATGC-1,6
s3-CACTCAATGGTTCGGA-1,4
s3-CACTCAGTACTCCGCT-1,1
s3-CACTCAGTGGTCCTTC-1,2
s3-CACTCATCACGTTACG-1,6
s3-CACTCGTAGGCCACGG-1,4
s3-CACTGGATCGATACGA-1,8
s3-CACTGGCCAGCCAGAT-1,7
s3-CACTGGCGGTAACACC-1,2
s3-CACTGGTGAGACGCTT-1,9
s3-CACTGGTGAGTTATCG-1,7
s3-CACTTGACATTCAGAA-1,9
s3-CAGAACATGATAGGAC-1,7
s3-CAGAACATGCCTAGTG-1,9
s3-CAGAACGTATCGACTT-1,9
s3-CAGAAGTCGCGGTTAT-1,2
s3-CAGAATTCTTGAACCA-1,4
s3-CAGACACTTACAAGAC-1,4
s3-CAGACAGTCGGATCTG-1,1
s3-CAGACGAATGAGGAAC-1,7
s3-CAGACGATACAGATCG-1,10
s3-CAGACGCAGTAGGTCT-1,6
s3-CAGAGGCACTTAAGTC-1,3
s3-CAGAGGCGAATTGCCA-1,6
s3-CAGAGTCATGTACAGG-1,4
s3-CAGATACAGCACTCGT-1,10
s3-CAGATATGTCCTTAAG-1,5
s3-CAGATTATCATAACGC-1,7
s3-CAGATTCCGTATGCGA-1,7
s3-CAGATTGCCTGTAAGT-1,3
s3-CAGCACGCTAATCAGA-1,3
s3-CAGCATAGACTAGGCA-1,1
s3-CAGCATCCTCGCCACT-1,8
s3-CAGCCAACGATAGCTT-1,7
s3-CAGCCAGTCCTGTCGG-1,9
s3-CAGCCATGTCTGCCGT-1,7
s3-CAGCCTCGTGGCTCAC-1,3
s3-CAGCCTGGTTGAACTA-1,8
s3-CAGCGATAACTGAACC-1,5
s3-CAGCGATAATGCGATT-1,8
s3-CAGCTCACGCACTAGA-1,4
s3-CAGCTCCTCGGATTCT-1,3
s3-CAGCTGGATGCGGCTA-1,2
s3-CAGCTGTTGCCGGAGT-1,4
s3-CAGCTTCACTACCGTG-1,2
s3-CAGCTTGACGCCATTA-1,4
s3-CAGCTTGGTTCGGTCG-1,5
s3-CAGGACAGAAGGCTGG-1,4
s3-CAGGACATGGTAATGC-1,3
s3-CAGGACCTACATAGTC-1,6
s3-CAGGAGCGTATCGCAT-1,7
s3-CAGGCCAACAGCGAGT-1,5
s3-CAGGCCAACGGTCGTA-1,3
s3-CAGGCCGTATCTGTTA-1,9
s3-CAGGCGAGGTCTTGGA-1,5
s3-CAGGTACCACTCGCGG-1,9
s3-CAGGTTCCACTAATCC-1,4
s3-CAGTAATATCACTACG-1,2
s3-CAGTACAGTTGTGGAA-1,4
s3-CAGTAGATTGACGGAT-1,4
s3-CAGTATCTTACACTAA-1,4
s3-CAGTATGCGTGGCGCT-1,3
s3-CAGTCAGCCGATCCGG-1,7
s3-CAGTCTGGTAATCTAC-1,9
s3-CAGTCTGTGGCGCTGC-1,8
s3-CAGTGAACAGCAACGA-1,9
s3-CAGTGAAGATACATAA-1,10
s3-CAGTGATATTGATGTC-1,6
s3-CAGTGCCTTGCGGTCT-1,2
s3-CAGTTGCAACCGAGAT-1,7
s3-CAGTTGCACGGACAGG-1,8
s3-CAGTTGCGACTTCTCG-1,4
s3-CAGTTGCTCACGTGTC-1,1
s3-CATACAATGAGTAGCT-1,5
s3-CATACCTCGATTGTTC-1,9
s3-CATAGAACATTGAACA-1,3
s3-CATATCCGTTCACCTC-1,6
s3-CATATGTTGACTGGCG-1,9
s3-CATATTCATCCGCATT-1,4
s3-CATCAGATACTAATCG-1,3
s3-CATCAGGTGCCTGATA-1,8
s3-CATCAGTAATCAGACA-1,4
s3-CATCCGAAGCGTATGG-1,7
s3-CATCCGCCTAAGGAAC-1,3
s3-CATCCGGTACCAACGA-1,9
s3-CATCCGTGCGGTCTAC-1,9
s3-CATCCGTGGTCGTAAG-1,8
s3-CATCCTAGTGGTATGT-1,4
s3-CATCGCGGTCGGTGCG-1,7
s3-CATCGGATCCTACCTG-1,6
s3-CATCGGCATGTCGAAG-1,9
s3-CATCGGCCTGCATATC-1,7
s3-CATCGGTAGCGTCCGA-1,6
s3-CATCTGGCCATACTAG-1,4
s3-CATGATACTCAGGATT-1,7
s3-CATGATAGGCCATGAG-1,3
s3-CATGATGCATGTGCTA-1,8
s3-CATGATGCTAGCCATG-1,9
s3-CATGCACGCCGACGGA-1,4
s3-CATGCAGAAGTCAGGA-1,8
s3-CATGCATATTCTGCCT-1,8
s3-CATGCGCTACTGGAGG-1,7
s3-CATGCGGCCGGAATTC-1,6
s3-CATGCTCATCTGAACG-1,7
s3-CATGGTGAGGCAGCAT-1,9
s3-CATGTCCACCTGCGTC-1,9
s3-CATGTTACCGAAGGCG-1,9
s3-CATGTTATTGATGCAG-1,3
s3-CATTAACTATTGTTCC-1,3
s3-CATTAAGTAGCTTACC-1,4
s3-CATTAGGATAGTGAAT-1,3
s3-CATTAGGCAATGGTTA-1,9
s3-CATTCTCCAGTCACCA-1,7
s3-CATTGCAGCGAAGACC-1,6
s3-CATTGCGTGCCACCTT-1,7
s3-CATTGCTATGTTAGCT-1,7
s3-CATTGGCGGTTGAGTC-1,4
s3-CCAACAGGAACACGGT-1,8
s3-CCAACTGGAGATTCAT-1,6
s3-CCAACTTGCCACCGTA-1,5
s3-CCAAGCCTGTATTAAT-1,4
s3-CCAAGCTGGCCATTGC-1,9
s3-CCAATACCAACACGCC-1,10
s3-CCAATAGAAGACTTGG-1,7
s3-CCAATAGCGGTACGTG-1,4
s3-CCAATCTAACGTGACG-1,2
s3-CCAATCTTGCCTATGG-1,4
s3-CCAATTATGACACTGG-1,4
s3-CCACAGGAAGATGTGC-1,4
s3-CCACATGGCGACGTCT-1,3
s3-CCACGAACGCTGCCGC-1,5
s3-CCACGATCCTAATCCG-1,9
s3-CCACGGTACACCAACC-1,7
s3-CCACGTCAATCAACAT-1,6
s3-CCACGTCGGTCGCTTC-1,9
s3-CCACGTGCCACCTCAA-1,3
s3-CCACGTGGACTGCGGT-1,8
s3-CCACTAATCACCGGTA-1,2
s3-CCACTCCAGCACCTAC-1,8
s3-CCACTCTGTAGTCGGA-1,4
s3-CCAGACAATATCGTTA-1,9
s3-CCAGACAGAACCTAAG-1,9
s3-CCAGACATCCGGTTCT-1,9
s3-CCAGACATCGGCACGC-1,3
s3-CCAGACCAGCGGCAAG-1,6
s3-CCAGATAGACGAGGTG-1,3
s3-CCAGATGATATGTAGG-1,7
s3-CCAGATTGTAGCCTAC-1,7
s3-CCAGCACTCGACTGAC-1,4
s3-CCAGCGGATTCCGCTG-1,7
s3-CCAGGTCCACATCCAT-1,10
s3-CCAGGTTACGAGACTG-1,6
s3-CCAGTGTCTAGCTACG-1,4
s3-CCATAGCCGTACGCAC-1,4
s3-CCATAGTATTGTCTGC-1,3
s3-CCATAGTTCGAGTAAG-1,4
s3-CCATCGGACAACCGTG-1,4
s3-CCATCTGTGGCATCGT-1,4
s3-CCATGAACAATGCTCC-1,7
s3-CCATGAACATCGTTGG-1,1
s3-CCATGGTTCCAATGTC-1,4
s3-CCATTCCGGTTCTTCC-1,7
s3-CCATTCGTCTGCTCTA-1,9
s3-CCATTGGCAATTCTCA-1,8
s3-CCGAAGCCAGGTTCAG-1,6
s3-CCGACAACGTCATCGG-1,7
s3-CCGACAAGACTGTACT-1,4
s3-CCGACAAGGCACGGTT-1,9
s3-CCGACAGACTGTGCCT-1,3
s3-CCGAGGATGACTCGTC-1,9
s3-CCGATAATGGAGCCTT-1,7
s3-CCGATGGAACATCAGC-1,9
s3-CCGATTAGCGAGTGTA-1,4
s3-CCGATTCCATAAGAGT-1,2
s3-CCGATTCCTCACTACA-1,9
s3-CCGCAAGGAAGGAGGC-1,10
s3-CCGCAAGGTACCGTTG-1,4
s3-CCGCAAGTAGCGGACT-1,1
s3-CCGCAATCCGTGGTTG-1,4
s3-CCGCAGTGATCACTGT-1,1
s3-CCGCATAGTACAGGTT-1,10
s3-CCGCATGTAGTTAGAC-1,10
s3-CCGCCATACTTCACCA-1,3
s3-CCGCGAGGTGCGATGG-1,9
s3-CCGCGTATCGTTGCAG-1,4
s3-CCGCGTCGTTGGTCTG-1,3
s3-CCGCGTTACCTTGGCG-1,7
s3-CCGCGTTGACGGAACG-1,9
s3-CCGCTCAATCTGGAAC-1,8
s3-CCGCTCATACAAGTCA-1,4
s3-CCGCTCGCTAGTCTAA-1,7
s3-CCGCTCTGCTGAATTC-1,4
s3-CCGCTGTCACCTGCAA-1,7
s3-CCGCTGTTGCCATACG-1,4
s3-CCGGAGAAGCTAACCA-1,9
s3-CCGGAGACAAGAATAA-1,4
s3-CCGGATCTCCGAAGCG-1,5
s3-CCGGCAATGAAGTGAA-1,3
s3-CCGGCATAGGCAAGTG-1,8
s3-CCGGCGAACCGTGCAC-1,7
s3-CCGGCGAATGTACAGG-1,4
s3-CCGGCGCAGCATGCGA-1,9
s3-CCGGCGCTAAGGATGA-1,3
s3-CCGGCGTCCTCATTGT-1,3
s3-CCGGCGTCTTAATAAG-1,7
s3-CCGGTGGAGCTGGCTC-1,7
s3-CCGTATAATCTGGCCG-1,5
s3-CCGTCTTATGGACGAG-1,4
s3-CCGTGAAGGATAACAG-1,3
s3-CCGTGCTGGCAATATG-1,7
s3-CCGTGGCGTCGGTGCT-1,6
s3-CCTAACTACGAATATG-1,4
s3-CCTAACTTATGTTGGA-1,7
s3-CCTAAGCATGCCTTGT-1,7
s3-CCTAAGGTTACAGTAA-1,9
s3-CCTAATAGCGGACAGA-1,8
s3-CCTAATCCACAAGGAT-1,3
s3-CCTAATCGGCAGTCAC-1,4
s3-CCTAATGGCACTGTTC-1,7
s3-CCTACACCGACATTAC-1,9
s3-CCTACCACTCCAGTTA-1,6
s3-CCTACCATCGCAGTAT-1,8
s3-CCTACCATGTGATCAC-1,7
s3-CCTACGAGCTGGCCGG-1,3
s3-CCTAGCCTAGTACCGG-1,7
s3-CCTAGCCTTCATCGGC-1,3
s3-CCTAGTCAGCGAACCA-1,9
s3-CCTAGTCAGTCCTTAT-1,3
s3-CCTATCTATCAATCGC-1,4
s3-CCTATGATGGTCAATG-1,6
s3-CCTATGCCAGCAATCC-1,5
s3-CCTATGCCGTCGGCAC-1,4
s3-CCTATGCCTTCTTGTT-1,2
s3-CCTATGTCTTACCGGC-1,9
s3-CCTCACATGTACCTGG-1,6
s3-CCTCACATGTCTTACT-1,2
s3-CCTCACCTAGTGGCAA-1,9
s3-CCTCACGTTACTCGCA-1,8
s3-CCTCACTTCCTTCCGA-1,2
s3-CCTCATGATTATCTGA-1,3
s3-CCTCCGAAGCTGTACC-1,6
s3-CCTCGATAGAATAGGA-1,3
s3-CCTCGGAAGGCATGCA-1,4
s3-CCTCGGATCTTGCGGT-1,7
s3-CCTCGGTATGACAGTA-1,9
s3-CCTCTACCGTGATTGG-1,2
s3-CCTCTAGCTGGTCCGC-1,9
s3-CCTCTTCGAGCGGTTG-1,2
s3-CCTGAAGCGTATAGCA-1,7
s3-CCTGAAGTGCATGCAT-1,6
s3-CCTGCTCGCCGTCCAG-1,4
s3-CCTGGATCTAGAGCCA-1,1
s3-CCTGGATTGCGTAACA-1,4
s3-CCTGGCAACGAACGTC-1,9
s3-CCTGGCTTATGGTCTG-1,4
s3-CCTGTCCTCAGTTGTA-1,7
s3-CCTGTCTAAGTAGGCT-1,10
s3-CCTGTCTGATAGGTGA-1,9
s3-CCTGTCTGCATAGGTC-1,9
s3-CCTTAGATCTGTAATA-1,6
s3-CCTTAGCGTTCGCAGG-1,6
s3-CCTTAGTCTGTCACTG-1,7
s3-CCTTAGTTATACCAGA-1,8
s3-CCTTATAGGTCTCAAC-1,4
s3-CCTTCACCGACGGACA-1,6
s3-CCTTCCAACCTTCAGA-1,7
s3-CCTTCCGCTCCGGCAT-1,9
s3-CCTTGTCTACTTAGAC-1,9
s3-CCTTGTCTAGTTCTTG-1,4
s3-CCTTGTCTTACGGTTC-1,9
s3-CCTTGTGATGGTCTAG-1,9
s3-CGAACCAGAAGTCTGG-1,3
s3-CGAACTACAGATGTAA-1,3
s3-CGAAGACCGCCAGGCG-1,3
s3-CGAAGATCCGAAGGCA-1,6
s3-CGAATGGACCGTCTTG-1,4
s3-CGAATTACTGCTCCGG-1,7
s3-CGACAAGCACTCAGCC-1,6
s3-CGACAAGTACTCCTTA-1,9
s3-CGACAAGTGATGCGCA-1,6
s3-CGACAATCATACGCAC-1,8
s3-CGACAATTATTCTGTC-1,3
s3-CGACAATTCGTCATGT-1,4
s3-CGACATTGTATGGAGG-1,3
s3-CGACCAGAACTGTCAT-1,10
s3-CGACCAGAAGGATCCG-1,3
s3-CGACCAGATTCAGTGA-1,9
s3-CGACCAGCCTTGATTA-1,2
s3-CGACCTATACTGACGT-1,2
s3-CGACCTGCATCTGCAT-1,3
s3-CGACGCAACATGGCGA-1,5
s3-CGACGCAGCCTTAGTC-1,4
s3-CGACGCCAAGGTGCAA-1,3
s3-CGACGCCGCAAGTAGC-1,4
s3-CGACGCCGGAGTTGAG-1,6
s3-CGACGCTCCGCACGTG-1,7
s3-CGACTAATGTTAGGCT-1,7
s3-CGACTAGGAGATAAGC-1,9
s3-CGACTAGGTCCTTAAC-1,7
s3-CGACTATTGGTACTAT-1,6
s3-CGACTGAACGAATGCT-1,7
s3-CGACTTCACTCGGCAT-1,2
s3-CGACTTCGCAAGCGGT-1,2
s3-CGAGATGCCGCATCTT-1,6
s3-CGAGATGCGGTATGCG-1,9
s3-CGAGCCTGCAAGGTTA-1,8
s3-CGAGCGAGCCACGCTA-1,3
s3-CGAGCGGCACAGTAGG-1,10
s3-CGAGCGTAATGGAGTG-1,4
s3-CGAGCGTATGCCAGCG-1,6
s3-CGAGCGTGAAGTTAGC-1,4
s3-CGAGCGTGCATTGTGG-1,6
s3-CGAGCGTGGACTGGAA-1,8
s3-CGAGCTAAGGCCTGTA-1,4
s3-CGAGCTATGTCCTCGC-1,2
s3-CGAGCTTAGAATACCT-1,4
s3-CGAGGAAGACTTAGAT-1,9
s3-CGAGGACGTAATAGGC-1,6
s3-CGAGGAGCGTTCGTTA-1,6
s3-CGAGGAGTCTAAGGAT-1,3
s3-CGAGGATTCGATCATA-1,7
s3-CGAGGCATCCAAGTCC-1,1
s3-CGAGTCACTCATAGAT-1,9
s3-CGAGTCATCCGCACCA-1,9
s3-CGAGTCCATGTCAACA-1,6
s3-CGAGTCCGTTGGAACT-1,2
s3-CGAGTCTTGTACTGCC-1,6
s3-CGAGTGCGGCTCGTGG-1,3
s3-CGATAAGAATTCCAGT-1,7
s3-CGATAAGGATAGGCAA-1,7
s3-CGATAAGGTGCCTGAC-1,4
s3-CGATGACCTCATCCTC-1,6
s3-CGATGAGGCCAACGTA-1,9
s3-CGATGATCAGCTATAA-1,3
s3-CGATGCACCAGGCCTC-1,3
s3-CGATGCCTGCTCACCG-1,4
s3-CGATGTCCGACTACAG-1,7
s3-CGATTAACTAATCTTA-1,6
s3-CGATTGGAACAGGCCA-1,8
s3-CGCAACCATGCACCGA-1,3
s3-CGCAAGTAGAGCTTGA-1,4
s3-CGCACGCAGGTAAGTC-1,2
s3-CGCACGGCTGTCAGGT-1,8
s3-CGCACGTAGCATTGTT-1,9
s3-CGCACGTATGAAGGCC-1,4
s3-CGCACGTGACTGTTGG-1,3
s3-CGCACTAACTACCGGT-1,2
s3-CGCACTCACCAGCACG-1,9
s3-CGCACTGTGAGCCTGT-1,7
s3-CGCACTTAAGGCATGC-1,4
s3-CGCAGACACTGGCGTA-1,7
s3-CGCAGAGCAGTCCGAG-1,2
s3-CGCAGATAGATGTTCT-1,7
s3-CGCAGATATGGACAGT-1,1
s3-CGCAGATTCGACCGAA-1,9
s3-CGCATCTTGACTTAGT-1,3
s3-CGCATGAGGAGCGTCT-1,9
s3-CGCATGGAATTCACGA-1,4
s3-CGCCACAATAGCTCAA-1,2
s3-CGCCACATGCGTCCAA-1,6
s3-CGCCATGAGGCGATGA-1,3
s3-CGCCGGTATCTAGCAC-1,4
s3-CGCCTCGAGCCACTCG-1,9
s3-CGCCTCGATAATGCGG-1,9
s3-CGCCTCGGAACTGTGC-1,2
s3-CGCCTCGTACGAAGGC-1,2
s3-CGCCTCGTAGTCGTGA-1,4
s3-CGCCTCTAATTCGCGG-1,3
s3-CGCCTCTACTCGGAAC-1,4
s3-CGCCTTACGAGTAGCG-1,8
s3-CGCCTTAGCGGCCTCC-1,6
s3-CGCCTTAGGATCGGCA-1,4
s3-CGCCTTATCTTGGCGA-1,6
s3-CGCCTTGTGAAGTCTA-1,9
s3-CGCTACTCAGCCATAG-1,6
s3-CGCTAGACTTCATCAC-1,8
s3-CGCTAGCCGCATGCAT-1,7
s3-CGCTATAGCGATCGCC-1,6
s3-CGCTATAGTCTTCATC-1,2
s3-CGCTATGGTTGGTTAA-1,8
s3-CGCTATTAATCTATAA-1,4
s3-CGCTATTATGATACGT-1,7
s3-CGCTCGCAATTGGCGA-1,7
s3-CGCTCGGCCGGTTGTC-1,7
s3-CGCTCGGTACTGCGAA-1,7
s3-CGCTGACATTGCGGTC-1,6
s3-CGCTGCGAGTCCACAT-1,5
s3-CGCTGCTATGACAGAC-1,3
s3-CGCTGCTTCGCATACT-1,6
s3-CGCTGTGACATAGGCA-1,5
s3-CGCTTAGAATTCTTAC-1,4
s3-CGCTTATGGTTAGGAT-1,3
s3-CGCTTGCGTACGGCAC-1,10
s3-CGCTTGCTTGGTCTGG-1,6
s3-CGCTTGGCTTGGATCT-1,8
s3-CGGAACCGATTGAGTC-1,6
s3-CGGACACTATGTATCA-1,4
s3-CGGACTGTGAGTATAG-1,9
s3-CGGAGCCGCAATAGCC-1,4
s3-CGGAGCGGTAAGACGC-1,3
s3-CGGAGCTCTTCCAACG-1,6
s3-CGGAGGCTAGTCGGCA-1,8
s3-CGGAGTAAGGTGCGGT-1,6
s3-CGGAGTAAGTGCACAT-1,4
s3-CGGAGTCTTACGTGAA-1,7
s3-CGGAGTGGCGACTAAG-1,7
s3-CGGAGTGGTCAAGTAT-1,4
s3-CGGATGTTGAACCACG-1,9
s3-CGGATTCCAGACGGTT-1,9
s3-CGGATTGCGTCTACCT-1,7
s3-CGGCAACCACTAGCAT-1,3
s3-CGGCAACCTAAGTCCA-1,9
s3-CGGCAAGATGCGTCGG-1,3
s3-CGGCAATCAACGTGGA-1,5
s3-CGGCAATTAATTGGAC-1,7
s3-CGGCACTCCGGTTCGC-1,3
s3-CGGCATGGCCGCTTGT-1,9
s3-CGGCATTATCGCGTGG-1,8
s3-CGGCCATCAACCGGCG-1,4
s3-CGGCCTAACGATAATG-1,9
s3-CGGCCTGCGATCGATG-1,2
s3-CGGCCTGTCTGTCTGT-1,6
s3-CGGCGTAGCGCTAGGA-1,7
s3-CGGCGTTGGTTGCAGC-1,10
s3-CGGCTCGTGGAGTACT-1,1
s3-CGGCTGACCGCTCGCA-1,7
s3-CGGCTGTACATGATGT-1,6
s3-CGGCTTACGTGCACGA-1,8
s3-CGGCTTCTACGATATG-1,1
s3-CGGCTTGTGCCGGCCT-1,4
s3-CGGTAGAACGTGACTT-1,7
s3-CGGTAGATTCCTATGC-1,7
s3-CGGTATAGGATGAGCG-1,7
s3-CGGTCAACGGCGGATT-1,7
s3-CGGTCAATTGGCCGAT-1,6
s3-CGGTCATGGAGGACTC-1,3
s3-CGGTCCATACTTGAGC-1,7
s3-CGGTCCATGCGACTCC-1,1
s3-CGGTCCATTACAACTA-1,7
s3-CGGTCCGGTTCTTAGC-1,9
s3-CGGTCTAGATCGAATG-1,9
s3-CGGTCTGCGTATCTGG-1,4
s3-CGGTCTGCTTGAATGA-1,1
s3-CGGTCTTGCTATTCTA-1,3
s3-CGGTGAACGGTTAGAT-1,9
s3-CGGTGAACTCACATTG-1,9
s3-CGGTGAACTCCACCAG-1,4
s3-CGGTTACCATCAACCA-1,4
s3-CGGTTACGTCCATGAA-1,6
s3-CGGTTATCTGTCTTAA-1,3
s3-CGTAACATAAGTCATC-1,8
s3-CGTAACATTCGCGATA-1,9
s3-CGTAACATTGGCTGAG-1,7
s3-CGTAACCGGTATGCTA-1,4
s3-CGTAACCTGACATCGA-1,1
s3-CGTAAGCCGACCGCTT-1,4
s3-CGTAAGGATACGGCAC-1,6
s3-CGTACAGACGAGGACC-1,9
s3-CGTACAGGCCGCACTG-1,8
s3-CGTACAGTAAGTAATG-1,10
s3-CGTACATCACTGGATG-1,3
s3-CGTAGCCAAGTCCGTC-1,7
s3-CGTAGCCTTGAGCAAG-1,8
s3-CGTAGTACAAGGTACT-1,6
s3-CGTAGTACGCATAATG-1,9
s3-CGTAGTGACTCAAGGA-1,4
s3-CGTAGTTCGTTGGTAG-1,6
s3-CGTCAAGGCGGAATGT-1,3
s3-CGTCAGAACGTTGCCG-1,9
s3-CGTCCAATCTGCGTCC-1,9
s3-CGTCCATAATCCGCTT-1,10
s3-CGTCCATCCTAGCATC-1,7
s3-CGTCCATCGTCCAATA-1,7
s3-CGTCCATGTAGCGTCT-1,9
s3-CGTCGGATCGCAGAAC-1,1
s3-CGTCGGCAGACGGTAT-1,9
s3-CGTCGGCGGTAGATCA-1,8
s3-CGTGAATGGTCCTGCG-1,6
s3-CGTGAGCAATGGACAT-1,6
s3-CGTGAGCTGTTATCGT-1,5
s3-CGTGCGGATTCATGTA-1,8
s3-CGTGGCTACATCCATT-1,4
s3-CGTGGCTCCTTGTCTT-1,3
s3-CGTGTACGATGATTGT-1,9
s3-CGTGTAGACACCTTCC-1,1
s3-CGTGTATGAGGCCAGG-1,7
s3-CGTGTTAACCTGAAGC-1,5
s3-CGTGTTACCATATGTA-1,3
s3-CGTGTTAGATGGTATC-1,3
s3-CGTGTTGGACGTCTGG-1,1
s3-CGTTACAGTGCACTCA-1,3
s3-CGTTACGTGCAGATGG-1,4
s3-CGTTCCTGTCACCGTG-1,1
s3-CGTTCTCGAGGTTCGC-1,9
s3-CGTTGGTCGTCACTGT-1,9
s3-CGTTGTGAGCAAGTGG-1,7
s3-CTAACAAGGCTCACTT-1,6
s3-CTAACAGTATACCGGC-1,7
s3-CTAACGTGAATGATGT-1,1
s3-CTAACGTTAGGCAATG-1,10
s3-CTAAGCGTGCCTGCAA-1,7
s3-CTAAGCTCCACGATCA-1,5
s3-CTAAGCTTACAGTACG-1,5
s3-CTAAGTCAAGATCATG-1,7
s3-CTAAGTGGCCGATTAG-1,3
s3-CTAATCTGGCCGTGTT-1,3
s3-CTAATGACATCATTCT-1,10
s3-CTAATGAGCGAGGCTA-1,3
s3-CTAATTACGCAATGGA-1,6
s3-CTAATTATGTTGCCGC-1,9
s3-CTACAACCGCTGTCTA-1,3
s3-CTACAGAACCAGTTGA-1,8
s3-CTACAGAATTAATGAC-1,7
s3-CTACAGATCGGTCGCC-1,3
s3-CTACAGATGGTCATAC-1,3
s3-CTACAGCGTCTACACT-1,3
s3-CTACAGGTAGAATTCC-1,4
s3-CTACAGGTCGCTAAGC-1,4
s3-CTACATCTACTGGCTT-1,7
s3-CTACCAGACCTCTTAG-1,7
s3-CTACCAGGAGACATCT-1,4
s3-CTACCTGTAATAAGCA-1,6
s3-CTACCTTATCAACTGA-1,9
s3-CTACGAATCAGCCTGG-1,8
s3-CTACGAATTGGCTGGT-1,4
s3-CTACGAGCCGGACGGT-1,8
s3-CTACGAGCCTGGAGAC-1,7
s3-CTACGATGCGTCCGGC-1,4
s3-CTACGCTACATCTGTT-1,3
s3-CTACGCTTAGAAGTGC-1,8
s3-CTACTGCTCCGACAGT-1,4
s3-CTACTTATGAACATAA-1,8
s3-CTAGACGATTGAGCTA-1,9
s3-CTAGCAACCAGTGCGG-1,9
s3-CTAGCACGATCACTGT-1,7
s3-CTAGCACGCCAAGCTT-1,10
s3-CTAGCATAGAGCGAGC-1,5
s3-CTAGCCGAAGATGGAC-1,1
s3-CTAGCGCCTAGCTTAA-1,8
s3-CTAGGACGCAAGCATT-1,8
s3-CTAGGCCAGGAGTACG-1,9
s3-CTAGTCAGGCGACAGT-1,10
s3-CTAGTGTTCAGATCCG-1,5
s3-CTAGTTATGTCCAAGG-1,10
s3-CTAGTTCTACATGACG-1,4
s3-CTAGTTGTGCGTCACT-1,4
s3-CTATAACCAGCAGTAT-1,10
s3-CTATAACTCCTGGAGG-1,4
s3-CTATACCGACTCGCAT-1,7
s3-CTATAGATCCACAAGC-1,9
s3-CTATCCATAATCGATA-1,4
s3-CTATCCATTAGCTCGA-1,3
s3-CTATCCATTGAGCCAC-1,4
s3-CTATCCGCTGCAATTG-1,8
s3-CTATCGAGATGCCTAC-1,8
s3-CTATCGATCTGCGTGA-1,7
s3-CTATCGCAGTCAATGG-1,4
s3-CTATCGGATATCGGAG-1,3
s3-CTATCGGCCGTCTGAC-1,4
s3-CTATCGTATCAGCGTG-1,6
s3-CTATCGTATGATAGGA-1,9
s3-CTATCGTTACAACCTT-1,9
s3-CTATCGTTATCCGTCG-1,9
s3-CTATCGTTCCGCTCGT-1,4
s3-CTATGCACCAATCCAG-1,4
s3-CTATGCAGACCTCGCC-1,4
s3-CTATGCCATGCGGACA-1,9
s3-CTATGCCATTGGAGAA-1,6
s3-CTATGCCGTACAGCGT-1,3
s3-CTATGGCCAACGCCGG-1,8
s3-CTATGTAGCGCAGATA-1,1
s3-CTATGTAGGCCGAACG-1,7
s3-CTATGTCAGGAACCTC-1,4
s3-CTATGTGCGGTTGACT-1,4
s3-CTATTAAGCCAGCACT-1,7
s3-CTATTAGCGGCTTCGT-1,7
s3-CTATTAGTACTGGCTC-1,6
s3-CTATTATGAGATACGA-1,3
s3-CTATTATGGCACCTCG-1,1
s3-CTATTCCGGCCGTCGG-1,9
s3-CTATTCCTTACCTAGG-1,4
s3-CTATTCGTCTTACATA-1,5
s3-CTATTCTGCAACGCAC-1,2
s3-CTATTCTGTAGGACCT-1,9
s3-CTCAATACGTTAACCG-1,3
s3-CTCAATGACCATTAAG-1,9
s3-CTCAATTGGCGATTCC-1,5
s3-CTCACCAGGAATTGAC-1,6
s3-CTCACCAGTGTAAGTT-1,1
s3-CTCACCGCCTGTGAGT-1,6
s3-CTCACCGCTCTAATCA-1,1
s3-CTCACCGTGACTCGGA-1,4
s3-CTCACCTGAGACTAAG-1,3
s3-CTCACCTGCCGACTAA-1,6
s3-CTCACCTTAATAAGAT-1,9
s3-CTCACCTTATCTCCTT-1,6
s3-CTCACCTTCGGCGTCT-1,1
s3-CTCACCTTCTGAAGTA-1,8
s3-CTCACGAGTAGATGAG-1,2
s3-CTCACGATCTCCGGAG-1,3
s3-CTCACGTATTCAAGCG-1,7
s3-CTCACGTTCGGTCTGC-1,9
s3-CTCAGAAGACAACTCG-1,4
s3-CTCAGGATACGCGGCA-1,9
s3-CTCAGGCACGTCAGAC-1,3
s3-CTCAGGTCACTACAGC-1,7
s3-CTCAGGTCGTGCTCGC-1,7
s3-CTCATAATAGCACCGT-1,6
s3-CTCATAGCCAATGTCG-1,9
s3-CTCATATGATAACTAT-1,10
s3-CTCATATGTAACCGTG-1,6
s3-CTCATCCTGGCAAGTC-1,7
s3-CTCCAACCTTAGCCGG-1,1
s3-CTCCAAGCGTCCTTCA-1,4
s3-CTCCACGCTAGCTAGA-1,7
s3-CTCCACTGGCTAATGG-1,4
s3-CTCCATGGCGACCAGT-1,9
s3-CTCCGGATCCTCGCTC-1,4
s3-CTCCGGCCTACAGCTT-1,2
s3-CTCCGGTTATGGCACG-1,4
s3-CTCCGGTTCAGCGGAT-1,1
s3-CTCCTACATTGTATCT-1,3
s3-CTCCTACCTCGTGGTA-1,9
s3-CTCCTACTTGAGTAAG-1,4
s3-CTCCTGTCGAAGCCAA-1,3
s3-CTCCTTATCTTAAGAC-1,3
s3-CTCCTTATGGAACCTT-1,4
s3-CTCCTTGAATTGGCTA-1,4
s3-CTCGACAGCACTCGGA-1,7
s3-CTCGACTCCTAATGGA-1,3
s3-CTCGATGCGGTGTTAA-1,5
s3-CTCGATGTTGAACGGC-1,9
s3-CTCGATGTTGCTATGT-1,3
s3-CTCGCATACTCAACTC-1,9
s3-CTCGCTAGCACCATCT-1,7
s3-CTCGCTGTTCATAGAT-1,2
s3-CTCGGAATTCTTGATA-1,4
s3-CTCGGACTAACGTGGC-1,8
s3-CTCGGAGTCTTAAGGA-1,3
s3-CTCGGATCGGAATACG-1,7
s3-CTCGGTCTCCAACTGC-1,3
s3-CTCGTCGCGATTAATT-1,7
s3-CTCGTTCTGTCACGTT-1,7
s3-CTCGTTGCACCTTAGG-1,4
s3-CTGAAGGAGCCTCACT-1,7
s3-CTGAAGGATCTGTACG-1,1
s3-CTGAAGGTGCTCGAGG-1,2
s3-CTGAAGTGCTATGGCG-1,7
s3-CTGAAGTGCTGAACTG-1,6
s3-CTGAAGTTGCAGACAT-1,8
s3-CTGAATTCGCGTAAGG-1,7
s3-CTGACCGCCAATTAGG-1,4
s3-CTGACGTATCCGCCAC-1,6
s3-CTGACTCCGAATCTGC-1,5
s3-CTGACTCGAATTCGTG-1,3
s3-CTGACTGATTAGGCTG-1,9
s3-CTGACTGGTATGATAA-1,6
s3-CTGACTGTGGCCGGTT-1,3
s3-CTGATTAACAGCGGCC-1,10
s3-CTGATTAACGCAAGAA-1,6
s3-CTGATTACAATGTCCA-1,10
s3-CTGATTAGGTGCCGAA-1,9
s3-CTGATTATCAATAGAC-1,9
s3-CTGCACTACACTCATT-1,10
s3-CTGCATAATGGACCGC-1,9
s3-CTGCCGATTGCGATGT-1,7
s3-CTGCCGTGAAGTCGCA-1,3
s3-CTGCCTAGTGAATAAG-1,6
s3-CTGCCTCCAACACCAG-1,9
s3-CTGCCTGACACGGATT-1,7
s3-CTGCCTGTGAGCCAGG-1,6
s3-CTGCTCATTAGAGTGC-1,9
s3-CTGGAACAATAGACAG-1,9
s3-CTGGAAGGCAACCGGA-1,4
s3-CTGGAAGTCTAAGCTC-1,9
s3-CTGGAATAGTGCAAGT-1,7
s3-CTGGAATGGATCAGCA-1,3
s3-CTGGAATTCGGCGAAC-1,6
s3-CTGGCACTTCTGCGTC-1,6
s3-CTGGCCTTACCACTTA-1,7
s3-CTGGCCTTGCATTCGG-1,7
s3-CTGGCGCACTTACTGA-1,8
s3-CTGGCGCATATCCGTG-1,8
s3-CTGGCGGACAACGCAC-1,3
s3-CTGGCTGGACGCTTGG-1,8
s3-CTGGTAATTAATCTGG-1,10
s3-CTGGTGATCCTGAAGG-1,9
s3-CTGGTGATCGCCGTAG-1,3
s3-CTGGTGCGTTCACGAG-1,3
s3-CTGGTGCTACAGTATT-1,10
s3-CTGGTGCTTATGACCA-1,4
s3-CTGGTGGCCAATAAGT-1,4
s3-CTGGTGGCCTTCCGAC-1,4
s3-CTGGTTGGACATCACC-1,8
s3-CTGGTTGGCTTGTTAC-1,6
s3-CTGTATCGAAGTGGAT-1,4
s3-CTGTATCGGAAGCTCC-1,8
s3-CTGTATCTTCGCCATA-1,3
s3-CTGTATGGCTCAACAT-1,7
s3-CTGTCACTCGGCCTTA-1,9
s3-CTGTCAGATCGATGCG-1,9
s3-CTGTCTATCCACATCT-1,8
s3-CTGTGCGTGAGCCGTC-1,6
s3-CTGTGGCTTGTCAGCT-1,7
s3-CTGTGGTAAGCTAATA-1,9
s3-CTGTTCCAGAAGCTGA-1,3
s3-CTGTTCGTATGCACCA-1,4
s3-CTGTTCTGCTCAGGAC-1,8
s3-CTGTTGCTACTCACAG-1,8
s3-CTTAATACGGCTAGCA-1,4
s3-CTTACGAACTCCGTCC-1,5
s3-CTTACGACAACGATAC-1,1
s3-CTTACGCAACTCAACG-1,10
s3-CTTACGCCATGCACAG-1,3
s3-CTTACGGTAAGCCGAA-1,2
s3-CTTACGTCATCCTTAT-1,9
s3-CTTAGCAACTAGGACC-1,10
s3-CTTAGCAAGGACAGCC-1,7
s3-CTTAGCACGACAGAAC-1,8
s3-CTTAGCCTAATGGTAA-1,9
s3-CTTAGCCTGTAAGACA-1,4
s3-CTTAGCGTAGCGTGCG-1,2
s3-CTTAGCTACCATCTCA-1,6
s3-CTTAGCTACGCAAGGT-1,3
s3-CTTAGCTATCCTTGCG-1,1
s3-CTTAGCTTAGTTCTCG-1,9
s3-CTTAGCTTCGCTGACC-1,8
s3-CTTAGTAAGCGTGGCA-1,7
s3-CTTAGTCTATCGAGAC-1,4
s3-CTTAGTCTCGACAACT-1,3
s3-CTTAGTCTGTGCATCC-1,2
s3-CTTAGTCTTATTCGGA-1,9
s3-CTTAGTGCGACCTATT-1,4
s3-CTTAGTGCGTTGACGC-1,8
s3-CTTAGTGGCTAAGACG-1,10
s3-CTTAGTGGTACACGAC-1,7
s3-CTTAGTTGAATCACCT-1,7
s3-CTTAGTTGCTCGTTGT-1,9
s3-CTTAGTTGGAGCGACC-1,6
s3-CTTATTCACTAGCTGG-1,9
s3-CTTATTGAGTTCTGTA-1,6
s3-CTTCAAGTCGACCTTC-1,7
s3-CTTCAATCGTACTACG-1,4
s3-CTTCATGCCTAGACGG-1,8
s3-CTTCATTGGATACCAC-1,2
s3-CTTCCAATTGAAGATT-1,3
s3-CTTCCACGATCCTGTA-1,6
s3-CTTCCATAACCTTACG-1,6
s3-CTTCCGACGCACAACC-1,4
s3-CTTCCGTCGCTGCATC-1,3
s3-CTTCGACCAAGCCGAG-1,9
s3-CTTCGACTCCAGACTG-1,8
s3-CTTCGATAACATTGGT-1,3
s3-CTTCGATACTCCGACC-1,9
s3-CTTCGATATGTAGGAG-1,8
s3-CTTCGATGGACGTACC-1,8
s3-CTTCGCCGCAACATTA-1,5
s3-CTTCGGCTCACTACCT-1,8
s3-CTTCGTATTAATACGG-1,9
s3-CTTCGTCAAGACTCGT-1,7
s3-CTTCTACTCAAGTCGT-1,9
s3-CTTCTGAGCCAGGAAC-1,10
s3-CTTCTGTACGGACATC-1,7
s3-CTTGAACTTAGAGGAA-1,9
s3-CTTGAGCCTTGTTCCA-1,7
s3-CTTGAGTCCAAGGCTG-1,6
s3-CTTGAGTCTTACAGTG-1,1
s3-CTTGATGCAATCACAA-1,7
s3-CTTGCCGGAAGACGCA-1,4
s3-CTTGCGTAACAGCAGT-1,3
s3-CTTGGACAGGTTAGAA-1,4
s3-CTTGGACTTGTCTGTC-1,6
s3-CTTGGAGGCCACCTGC-1,1
s3-CTTGGTTAGAGTCATC-1,7
s3-CTTGTATCGTATGATT-1,1
s3-CTTGTCAAGGCGTCAA-1,5
s3-CTTGTCAGTTCGGTAA-1,6
s3-GAACAAGGTCGAGCAA-1,5
s3-GAACAGATAACCTTAA-1,9
s3-GAACAGATCCGCTAGA-1,5
s3-GAACATTCGACACGTA-1,7
s3-GAACCGAACGAAGACT-1,10
s3-GAACGCCAGTGCATAC-1,9
s3-GAACGCTAGAAGGCTA-1,7
s3-GAACTAACTCTACGTG-1,9
s3-GAACTACAAGTAGGAG-1,7
s3-GAACTACCTTATCATA-1,9
s3-GAACTCATAGTGAGTG-1,7
s3-GAACTCCTCATACATA-1,5
s3-GAACTCCTGGAGGCTC-1,7
s3-GAACTGTAACTCAGGC-1,7
s3-GAACTTGGTGAGGATA-1,7
s3-GAAGCGGCTGATCAGT-1,9
s3-GAAGCGTATCATCGTT-1,6
s3-GAAGCGTCCATAGTTG-1,4
s3-GAAGCTGTTCTACATC-1,3
s3-GAATAAGGAGAACTAA-1,9
s3-GAATACAGACGAACTG-1,6
s3-GAATACTAAGGCGAAT-1,3
s3-GAATCAATTACCGACC-1,2
s3-GAATCATAGTCTGAAG-1,7
s3-GAATCATGAACCAGTG-1,5
s3-GAATGACAACTAGTCA-1,1
s3-GAATGACACGACTAGG-1,7
s3-GAATGACCACAATCGA-1,4
s3-GAATGAGTATAGACCA-1,4
s3-GAATGGCCAAGGAGGC-1,9
s3-GAATGTATTGGATCAA-1,2
s3-GAATGTGCCTAGCAGA-1,8
s3-GAATTAACCTTCAATT-1,5
s3-GAATTCACAACTGCAG-1,4
s3-GACAACATCATGCCGC-1,10
s3-GACAACCTAGGAGTCT-1,6
s3-GACAACGGACTCAGCT-1,9
s3-GACAACGGCGATGTTA-1,4
s3-GACAACTTAACCAACC-1,7
s3-GACAACTTGATTGTGA-1,1
s3-GACAAGCCTCGTTAGT-1,6
s3-GACAAGCTGAATCTGG-1,9
s3-GACAATCTATTAGATT-1,7
s3-GACAATGACAAGCTTA-1,10
s3-GACAATTGTATGCTTC-1,7
s3-GACAGCAACTCAGAAC-1,1
s3-GACAGTCACTTCGCTC-1,7
s3-GACATCACCGTTGCGT-1,4
s3-GACATCCTTCATTATC-1,6
s3-GACATCTGCGGTCTTG-1,7
s3-GACATTATCTTAATCT-1,10
s3-GACCAATTGCGTCAGA-1,10
s3-GACCACATTCTTGAAT-1,9
s3-GACCACGGCGTACATA-1,7
s3-GACCACTCCTGACGTT-1,8
s3-GACCACTTAGACAGGT-1,4
s3-GACCGAAGACTGGCAG-1,4
s3-GACCGAATCTAATACG-1,5
s3-GACCGACAATAGGAAT-1,1
s3-GACCGAGGCAACGTTC-1,9
s3-GACCGGCCATGTACCG-1,7
s3-GACCGTATTAGACCGG-1,8
s3-GACCTGCTGTACGAAG-1,7
s3-GACGAGCTGCACTCGT-1,2
s3-GACGCAGCGTCAAGTT-1,7
s3-GACGCCTCGTCAGAGG-1,9
s3-GACGCCTCTTGATTGT-1,6
s3-GACGCTCAACTGAGTG-1,1
s3-GACGCTGTACAAGGCG-1,6
s3-GACGGCTTAGGTGCGA-1,3
s3-GACGGTACCTGGCCGT-1,7
s3-GACGGTGGTTGATGTC-1,4
s3-GACGTACAGGAACGCT-1,4
s3-GACGTAGACTGCCGCA-1,6
s3-GACGTCTTATCTCAGC-1,8
s3-GACGTGGTGCTCCAGA-1,4
s3-GACGTTCGGTCTTACC-1,6
s3-GACTACGAGTTCCATT-1,3
s3-GACTACGCCTATAGCC-1,4
s3-GACTAGATTAGCTAAC-1,2
s3-GACTAGTAATCTTGCT-1,9
s3-GACTGAGGTGATTAAC-1,7
s3-GACTGCCATAGAATAC-1,6
s3-GACTGCGGTCTGCGTG-1,3
s3-GACTTCATACCGCTGT-1,3
s3-GACTTGAACGTCCGTA-1,4
s3-GACTTGAAGCCATAGC-1,9
s3-GACTTGACGATGCTGT-1,5
s3-GAGCACCATTCGCTGT-1,4
s3-GAGCATCTCCAGTCTG-1,6
s3-GAGCCAAGCGATCGTA-1,4
s3-GAGCCAGCTTACGGTA-1,4
s3-GAGCCTCACGTATGTA-1,3
s3-GAGCCTCCAGTACCGA-1,4
s3-GAGCGAATCGGTAGAA-1,4
s3-GAGCGATACTCCAGGC-1,6
s3-GAGCGGCAATGGAATA-1,2
s3-GAGCGGTGTTATCAAC-1,4
s3-GAGCTAACCTACTTAC-1,8
s3-GAGCTAAGGTTGCGTT-1,5
s3-GAGCTACAAGATCAAG-1,7
s3-GAGCTACAGCTCGGTA-1,4
s3-GAGCTGCGGTGGTAAT-1,4
s3-GAGCTTGATGGAAGCT-1,6
s3-GAGGAAGGCAACGGCG-1,6
s3-GAGGACAGATCGCCTA-1,9
s3-GAGGACAGTGATCGGC-1,6
s3-GAGGACGAGTCCTAGT-1,2
s3-GAGGATACCAGGTACG-1,6
s3-GAGGATCCAGAACTGG-1,3
s3-GAGGATGAGGATCCTC-1,4
s3-GAGGATGATAGGAAGG-1,3
s3-GAGGCCACAAGGTGCA-1,8
s3-GAGGCCAGCAGAGGTT-1,3
s3-GAGGCGCTCCATTCCT-1,2
s3-GAGGTAACATTCGATC-1,10
s3-GAGGTAACTAGACAGT-1,8
s3-GAGGTAACTGCGAGAC-1,7
s3-GAGGTATTAATAGCGG-1,2
s3-GAGGTCACTGTAAGCT-1,9
s3-GAGGTGCATTCGGATC-1,2
s3-GAGGTGCCTCTTCGTG-1,7
s3-GAGGTGCGGCTGACCA-1,10
s3-GAGGTGGCTCGAGGTT-1,7
s3-GAGGTGTAGCAACTCA-1,7
s3-GAGTAACGTGGCTTGA-1,7
s3-GAGTAGACGCAGGCTC-1,2
s3-GAGTAGATACGTCAAC-1,6
s3-GAGTAGATTATGGTTC-1,2
s3-GAGTAGGATGGTAGTC-1,9
s3-GAGTCACGTCCTTAGA-1,9
s3-GAGTCCACGCCTGAAG-1,9
s3-GAGTCCACTCATAACA-1,9
s3-GAGTCCTCTAGCGACA-1,5
s3-GAGTCTCGAGATAGTC-1,9
s3-GAGTCTGACTATAGAA-1,7
s3-GAGTCTGGTGAATGAG-1,3
s3-GAGTGCAGCGTCATCG-1,4
s3-GAGTGCCGCATTAGGC-1,7
s3-GAGTGCGGATACAGTC-1,6
s3-GAGTGGAGCAAGCGCA-1,7
s3-GAGTTAATCTCGTTAT-1,8
s3-GAGTTAATTCCACTGG-1,9
s3-GAGTTACTCAATGGAA-1,7
s3-GAGTTAGCAGTAGATG-1,4
s3-GAGTTCTATCGTGCCT-1,9
s3-GAGTTGGTATTAATAG-1,10
s3-GATAAGCACGTGCGTA-1,9
s3-GATAAGTTGGCGATTA-1,5
s3-GATAATCAGCTATTGT-1,3
s3-GATACATAACGCATGT-1,6
s3-GATACCTCGCGACTGC-1,6
s3-GATACTTCACTCAGCA-1,4
s3-GATACTTCTAGTGGAG-1,9
s3-GATAGAGTCTGAATCG-1,4
s3-GATAGAGTGATAAGCT-1,9
s3-GATAGATGTTGAAGAT-1,5
s3-GATAGCTAATGGATAG-1,10
s3-GATAGTGACACTCCAA-1,7
s3-GATATCTTGTGACACG-1,7
s3-GATATGCTCACGTTAC-1,9
s3-GATCACGAACGTTGAG-1,6
s3-GATCCACCGCGTGCAA-1,9
s3-GATCCGGACATACACC-1,8
s3-GATCGGAGATACGCAG-1,9
s3-GATCGTAACATTAATA-1,8
s3-GATCGTAAGAGTCGCA-1,10
s3-GATCGTCATGCGGAGG-1,4
s3-GATCGTGGCCACAACC-1,9
s3-GATCGTTGATGGATGC-1,10
s3-GATCTATGAAGATGCG-1,3
s3-GATCTTGTCATGATCT-1,6
s3-GATGACTCTGAATCTT-1,4
s3-GATGAGTGAACGGCTG-1,3
s3-GATGCCAGACATAATG-1,2
s3-GATGCCGACAGATATT-1,10
s3-GATGCCTAGAGTCTGT-1,3
s3-GATGGACCTGGACGGA-1,9
s3-GATGGACGGCAGATGA-1,9
s3-GATGTAGCGAGGTCCA-1,7
s3-GATGTAGGAGTTGGCC-1,9
s3-GATGTTCTATAGGATA-1,1
s3-GATTATGTGACATGAT-1,3
s3-GATTCCAAGTCCTGTA-1,6
s3-GATTCCATACTGAACC-1,3
s3-GATTCCATTGAGTTGA-1,9
s3-GATTCCGCTATCGGCT-1,8
s3-GATTCCGCTGCAAGAT-1,7
s3-GATTCCGTGCGTATAC-1,7
s3-GATTCCTGCAGATCGT-1,2
s3-GATTCGCCATGTATCA-1,2
s3-GATTGACTCCATGCGA-1,5
s3-GATTGTCGCAACGAGG-1,7
s3-GCAACAGCTCCTATGA-1,6
s3-GCAACAGGCCATTGAC-1,3
s3-GCAACATACATCAGCA-1,8
s3-GCAACATCAGTCAAGT-1,6
s3-GCAAGAATGTTCCACC-1,3
s3-GCAAGATAGGTTAACT-1,2
s3-GCAAGCACTACCGCCA-1,2
s3-GCAAGCTTATTGACGT-1,2
s3-GCAATACATGAGGACA-1,10
s3-GCAATCCTCGAGCGTT-1,4
s3-GCAATCGTGACTCCAA-1,9
s3-GCAATTAATCAACGTA-1,4
s3-GCAATTCCTATCATAC-1,7
s3-GCAATTCTGTGACAGA-1,5
s3-GCACAGCTGTGGTTGA-1,7
s3-GCACAGTCTTGATAGA-1,4
s3-GCACATGCCGGTCTGG-1,4
s3-GCACCGAAGATGTCTA-1,5
s3-GCACCTAGCCGAATCT-1,7
s3-GCACCTAGTAATTATC-1,4
s3-GCACCTTACTGGCTAC-1,7
s3-GCACCTTAGCCTCGCA-1,7
s3-GCACGAGCAGTACCGA-1,2
s3-GCACGAGCTATTGTCG-1,6
s3-GCACGAGGTCACGGAC-1,4
s3-GCACGCAACCATACCA-1,3
s3-GCACGCATAGATTGCT-1,3
s3-GCACGCATAGGCGATC-1,9
s3-GCACGCTTCGTTGTTC-1,4
s3-GCACGGAAGGATAGTA-1,8
s3-GCACTACACTATTGCG-1,7
s3-GCACTCCGACTGGCGT-1,6
s3-GCACTCTGTTGCCATA-1,9
s3-GCACTCTTGCTACCGA-1,6
s3-GCACTGAATATGACAG-1,7
s3-GCACTGCCTCGATGCG-1,8
s3-GCACTGGACGCAGCAC-1,7
s3-GCACTGTTGCGGCCTT-1,7
s3-GCAGACGCCTGGTTAT-1,3
s3-GCAGATACGTTGAACG-1,4
s3-GCAGATCCTAATGTGG-1,4
s3-GCAGATCGGTAATTAT-1,6
s3-GCAGCCGGATGCCGCA-1,8
s3-GCAGCGACAGTTCGGT-1,1
s3-GCAGCGATCTAACGAA-1,8
s3-GCAGGCAGTGATCTAC-1,7
s3-GCAGGCCATTCCTGCC-1,3
s3-GCAGGCTACCGTCCTT-1,7
s3-GCAGGCTGGTTCCAAG-1,2
s3-GCAGGTCACTACCTCA-1,7
s3-GCAGGTGCTGATGCTT-1,7
s3-GCAGTAGATGTCCAAT-1,8
s3-GCAGTTCGGCATTAGC-1,1
s3-GCATAACCGAGGTGAT-1,2
s3-GCATACTAGCATCGAA-1,7
s3-GCATGACGGATTATCA-1,7
s3-GCATGCTGAGACAGGT-1,7
s3-GCATGTCGAGTGTCTT-1,4
s3-GCATTACCTGTCAAGA-1,9
s3-GCATTGACTACAGCGA-1,4
s3-GCATTGCTGTTCCATC-1,6
s3-GCATTGGTTACCAAGC-1,7
s3-GCCAACGAGCGGCATA-1,10
s3-GCCACGAAGGAATTCC-1,1
s3-GCCACGCCTTAGTACG-1,10
s3-GCCACTATAGACCATA-1,7
s3-GCCACTCCGTCACCTC-1,10
s3-GCCAGACAGACGCCTA-1,3
s3-GCCAGACATCTATCAC-1,7
s3-GCCAGGCTTAATGGCC-1,4
s3-GCCAGTAGACGATACC-1,2
s3-GCCAGTTAATTCTTGC-1,9
s3-GCCAGTTCCTCGTGCC-1,7
s3-GCCATTCTCGTGTAGA-1,8
s3-GCCATTGCATGTTAAC-1,4
s3-GCCATTGTAACTGATC-1,3
s3-GCCATTGTAATGTCTT-1,8
s3-GCCGAGTCCTCGTCCA-1,7
s3-GCCGATCGAGTGAAGT-1,3
s3-GCCGATCTCGTGACTC-1,8
s3-GCCGCACTTCGTCTAT-1,6
s3-GCCGCTGATTGGCCAG-1,7
s3-GCCGCTTCTAAGGTGA-1,2
s3-GCCGGCAATAGGCAGG-1,5
s3-GCCGGCGAACCATTGT-1,3
s3-GCCGGCGTGAACTTGC-1,3
s3-GCCGGTATGCTCATGC-1,7
s3-GCCGTACCAGATCTAG-1,1
s3-GCCGTATGCCAGTCTT-1,9
s3-GCCTATAGCATACCTT-1,3
s3-GCCTCATGCGAGCAGG-1,4
s3-GCCTCCGTCTACCTCG-1,8
s3-GCCTCCGTGCTGTAAT-1,6
s3-GCCTCCTGCGGCCGTT-1,3
s3-GCCTGGAACGTCTGCT-1,8
s3-GCCTGGACCTATTGTC-1,6
s3-GCCTGGAGCAAGTTAG-1,8
s3-GCCTGGTACATGGTCG-1,9
s3-GCCTGGTCAGGTTGCC-1,4
s3-GCCTGTGAAGTCGGCG-1,4
s3-GCCTGTGACACCAGAA-1,8
s3-GCCTGTGATAGATTGG-1,7
s3-GCCTGTTAACGGACGA-1,6
s3-GCCTGTTAGGTTGTGA-1,4
s3-GCCTTCGCTTATGTTC-1,9
s3-GCCTTCTGATTCCGTC-1,4
s3-GCCTTCTGTCACGCTC-1,3
s3-GCCTTGAGATCTGAGC-1,7
s3-GCCTTGCCACTTCTGA-1,7
s3-GCCTTGGCGAACAATC-1,7
s3-GCGAAGTTGGCGTGCA-1,9
s3-GCGAATAGTGGCTAAT-1,4
s3-GCGAATCGAGAACACG-1,3
s3-GCGAATGCAGTGTCAA-1,4
s3-GCGAATTGGCTAGCCA-1,4
s3-GCGACACTAAGCTAAG-1,9
s3-GCGACAGTGCCGCACC-1,4
s3-GCGACGTAGAGCGTTA-1,6
s3-GCGAGCGGACCATAAC-1,3
s3-GCGAGCGGTTGTCATG-1,7
s3-GCGAGCTAACTCCTAG-1,6
s3-GCGAGGATCGACCTTA-1,6
s3-GCGAGTTGAACGTCGA-1,4
s3-GCGATCTTGCTCACGC-1,7
s3-GCGATGACCGTGTAAT-1,9
s3-GCGATGTACTGCTATT-1,9
s3-GCGGCAAGTGTTATGT-1,4
s3-GCGGTCCTGTAGTCTG-1,7
s3-GCGGTCGTTGATCTTG-1,2
s3-GCGGTGGCCGACGCAT-1,7
s3-GCGTAACGTTACAGGT-1,10
s3-GCGTACCGGATGGCTC-1,7
s3-GCGTACCGTGTATCAG-1,9
s3-GCGTACGAATCTAATC-1,7
s3-GCGTCCAGCAATTGGC-1,8
s3-GCGTCCTCTGCCGTTG-1,10
s3-GCGTCGGAATGCTGCC-1,7
s3-GCGTCGGTCACGCCAG-1,9
s3-GCGTCGTAGGCTCATC-1,1
s3-GCGTCTCGCAACTCAT-1,8
s3-GCGTGAACGTGACTCA-1,4
s3-GCGTTAATAGTCAGTA-1,4
s3-GCGTTCGAGGCCACAA-1,8
s3-GCGTTGTATCGGAGCT-1,6
s3-GCTAACAGATTGGTAG-1,4
s3-GCTAACCATAGGCGTT-1,7
s3-GCTAACGTCCATTCTG-1,1
s3-GCTACATCTGTACTCA-1,7
s3-GCTACCATCCTGTAGA-1,9
s3-GCTACTTCTGACGCGA-1,9
s3-GCTATGCGTGAACGGT-1,7
s3-GCTCAACCACGGCAAC-1,9
s3-GCTCATACAATTAGAC-1,3
s3-GCTCCGAGACTACATA-1,9
s3-GCTCCGGCAACATGAT-1,9
s3-GCTCCTATGTCTTCGC-1,7
s3-GCTCGATGCTCGCATG-1,8
s3-GCTCGCATCGTCATTA-1,9
s3-GCTCGGAGATGAATGT-1,3
s3-GCTCGTAACGGAGCAC-1,6
s3-GCTCGTCTGCCGCAAT-1,3
s3-GCTGAATGACCGTGAG-1,4
s3-GCTGACAGCCGGAGCG-1,9
s3-GCTGACTTGTCTCAAT-1,2
s3-GCTGAGGACAAGAAGT-1,5
s3-GCTGAGTGTTCAACCG-1,9
s3-GCTGCCGCCTATGTAG-1,7
s3-GCTGCGCAATGGAAGC-1,4
s3-GCTGCGTTATGTGGAC-1,5
s3-GCTGGATGACTCTACC-1,4
s3-GCTGTAGTGCTGTCGC-1,7
s3-GCTGTCGCGATGGTAG-1,4
s3-GCTGTTCAACCGAATA-1,10
s3-GCTGTTCATCAGCGTC-1,4
s3-GCTGTTGATAGTCTTA-1,9
s3-GCTTACCTCGTGCTAT-1,4
s3-GCTTCGCTCAAGCGAT-1,9
s3-GCTTCGGCATCAGAGT-1,7
s3-GCTTCTAAGTCTGACG-1,4
s3-GCTTCTAGCGTTCATT-1,9
s3-GCTTCTCCAGAACCGC-1,9
s3-GCTTCTGTTACGAGAA-1,9
s3-GCTTCTTGGACGAGCG-1,3
s3-GCTTGAACTCGCCATG-1,6
s3-GCTTGACCTCCGCTTC-1,4
s3-GCTTGAGCTCTTGACA-1,2
s3-GCTTGCCATAGTGGAT-1,8
s3-GCTTGCTCAGTGTCCG-1,6
s3-GCTTGCTTACTTAACG-1,2
s3-GCTTGGATCCAACCGG-1,10
s3-GCTTGGATGCTCGCTT-1,3
s3-GCTTGGCTGCGGTAAC-1,9
s3-GCTTGGTCAACCGTGG-1,2
s3-GCTTGGTGTTCGAACA-1,7
s3-GGAACATCGTGGAATC-1,9
s3-GGAACTTCGACATGTC-1,9
s3-GGAAGAATAACTAACC-1,8
s3-GGAAGCATTAGAGGCA-1,4
s3-GGAAGTCTTGTCGCAT-1,9
s3-GGAATCCTTAGACTGT-1,9
s3-GGAATGGCAACTTGGA-1,9
s3-GGACAGGTCGCATAAT-1,7
s3-GGACAGTGCGGCAACA-1,3
s3-GGACCACTTATCGTTC-1,4
s3-GGACCATCACCGCCAA-1,8
s3-GGACCGATCTGGATTA-1,6
s3-GGACCGCTTCCTGGCA-1,9
s3-GGACGGCTATCGACCA-1,1
s3-GGACGGTGCAGTAGGA-1,8
s3-GGACGTACATACCAGA-1,9
s3-GGACGTAGTGTAGAAG-1,2
s3-GGACGTCGAACGGCTT-1,4
s3-GGACGTCGAGGATTCA-1,9
s3-GGACGTCGCACGAGAA-1,6
s3-GGACGTTAGATATTAC-1,2
s3-GGACGTTAGATTCAGG-1,9
s3-GGACGTTGGAGGTGAT-1,5
s3-GGACTCACGGTCCAAT-1,2
s3-GGACTCGTTCCTCGGA-1,5
s3-GGAGAAGCCAAGCGCT-1,4
s3-GGAGATAGGAATGGTC-1,5
s3-GGAGATCCGTAGGATA-1,4
s3-GGAGATCCTGTACCAG-1,2
s3-GGAGATGCGTGCAGTA-1,5
s3-GGAGATGGCTCGAGAT-1,9
s3-GGAGCAATGCGGTGCA-1,6
s3-GGAGCGAATTGGACGG-1,8
s3-GGAGCGAGTGTAACTT-1,4
s3-GGAGCGGCACCTCGTA-1,7
s3-GGAGGCACATAGCGTA-1,4
s3-GGAGGTCGTAGGAGCT-1,7
s3-GGAGTCCAGATAGCTT-1,3
s3-GGAGTCTAAGGCCGCT-1,8
s3-GGAGTCTAAGTGGTCC-1,7
s3-GGAGTGTCCATGTATT-1,8
s3-GGATAAGTCAGGATAG-1,4
s3-GGATAATTATGCTGGT-1,2
s3-GGATAATTCAATGCTG-1,3
s3-GGATCGAGTGTCCACT-1,6
s3-GGATCGATACCTCCGG-1,9
s3-GGATCGCTGGCATATT-1,9
s3-GGATCGGACGTCTTGT-1,1
s3-GGATGGATCACTCATA-1,3
s3-GGATTCCGACGTGATG-1,4
s3-GGATTCGATGTCCGGA-1,9
s3-GGCAAGACAATCAGCT-1,7
s3-GGCAATGCGAACTTAA-1,8
s3-GGCACGACGGACGTCG-1,8
s3-GGCAGCCGGCACTTCC-1,8
s3-GGCAGCGTATACGACT-1,7
s3-GGCAGCTCCTGGACGG-1,9
s3-GGCAGGAAGTCTTCTA-1,7
s3-GGCATAATCCTATCGC-1,3
s3-GGCATAATCCTTCATG-1,1
s3-GGCATACATGGCTCAG-1,9
s3-GGCATTCCGATGCTCG-1,9
s3-GGCATTGCTAAGAATG-1,7
s3-GGCCAAGATGGATGGC-1,1
s3-GGCCAATAACGCTACA-1,4
s3-GGCCAGTAGGTATGAG-1,8
s3-GGCCGCCAACTATTGC-1,3
s3-GGCCGTCCAGTAGGAC-1,5
s3-GGCCTGCGTTATGCCG-1,9
s3-GGCCTTCGACCAGGTA-1,4
s3-GGCCTTGGATGTTGTC-1,4
s3-GGCGACCATAGCGTTA-1,4
s3-GGCGACTTCTTGATGT-1,4
s3-GGCGAGGCAGCCTACT-1,7
s3-GGCGCCAAGGAGCGCT-1,8
s3-GGCGCCACCGGAGCAA-1,7
s3-GGCGCCACTGAACATC-1,2
s3-GGCGCCGTCGGACATA-1,9
s3-GGCGCCTTGGCCTAAG-1,6
s3-GGCGCTAATATGCTCC-1,4
s3-GGCGGAAGTCTTGTAG-1,9
s3-GGCGGAGCACTGATAA-1,3
s3-GGCGGAGTTGAACTAT-1,8
s3-GGCGGATACAACGCAC-1,5
s3-GGCGGATATTGATTGA-1,8
s3-GGCGTCGCCGTATGAT-1,7
s3-GGCGTCGGTAGTGATA-1,7
s3-GGCGTGGACCTTAGAT-1,4
s3-GGCGTGGCACGGCACT-1,9
s3-GGCGTGTAATTACTTA-1,7
s3-GGCTCAATCAACATGA-1,7
s3-GGCTGACGCCGAATCA-1,4
s3-GGCTGCTAACTTCGCT-1,4
s3-GGCTGCTCCATAGCTG-1,7
s3-GGCTGTTCAATGTCAA-1,7
s3-GGCTTGCCATAGGCTC-1,8
s3-GGTAAGGCGACGATGA-1,3
s3-GGTACCAGGTAGTGTT-1,2
s3-GGTACGAAGAACTCGA-1,4
s3-GGTACGATCGACTTAA-1,9
s3-GGTACGCTTACCTGCG-1,2
s3-GGTACGGAGCATCAGC-1,2
s3-GGTACGGTATGCTCCA-1,5
s3-GGTACGTGCTCGGCAA-1,10
s3-GGTACTGTGATCTTCC-1,5
s3-GGTAGCCATCAATCCG-1,7
s3-GGTAGCGTACATCTGT-1,4
s3-GGTAGCTTAGCCAATC-1,7
s3-GGTAGGTCTGGCTAAC-1,4
s3-GGTAGGTTGTTCTAAG-1,4
s3-GGTAGTACAGGTTAGA-1,9
s3-GGTAGTACCGCAACAG-1,3
s3-GGTATGCAACAGTGGC-1,4
s3-GGTCACCGCATAACAA-1,3
s3-GGTCATGCTCTGCCAA-1,6
s3-GGTCCTGCGAGTAGGT-1,7
s3-GGTCTGAAGGTTCGAA-1,10
s3-GGTCTGAAGTATGTCA-1,9
s3-GGTCTGAGATCCGCCA-1,4
s3-GGTCTGCGAACTGTAT-1,9
s3-GGTCTGGTTGTAGAAC-1,8
s3-GGTCTTATAGGCTGGC-1,7
s3-GGTCTTCCGCACATCC-1,2
s3-GGTCTTCCGGCTGGAC-1,8
s3-GGTCTTGAACCGGCCA-1,7
s3-GGTCTTGATAACGTCA-1,6
s3-GGTCTTGCACGTTGCG-1,4
s3-GGTGCAATCAGACTTC-1,4
s3-GGTGCACTCCGGTTCG-1,1
s3-GGTGCAGGCACCGCGT-1,4
s3-GGTGCAGTGGTCTTAT-1,10
s3-GGTGCAGTTCCATATG-1,5
s3-GGTGCGCAACTAACGG-1,4
s3-GGTGGCTTATTGCGTG-1,7
s3-GGTGTCACCAGCGAAC-1,7
s3-GGTTACAGCCGGCCGG-1,8
s3-GGTTACCAAGGAATCT-1,10
s3-GGTTACCAGACAACAT-1,4
s3-GGTTAGACTCACTAGC-1,4
s3-GGTTAGACTCGGAGGT-1,3
s3-GGTTAGATGCCGTTGC-1,6
s3-GGTTAGCTTCATGAGT-1,10
s3-GGTTAGTATGAGTGTC-1,4
s3-GGTTAGTCGGCAGCGA-1,6
s3-GGTTCAAGGTTAAGCC-1,10
s3-GGTTCACCGACTCACG-1,9
s3-GGTTCATTCCGGCCTC-1,4
s3-GGTTCTATACCGCTTG-1,8
s3-GGTTCTCCTATCAGTT-1,2
s3-GGTTCTCGTGATGTGA-1,3
s3-GGTTCTGGAGTCTACC-1,2
s3-GGTTGACCAAGACATG-1,6
s3-GGTTGCGATTGAACAG-1,10
s3-GTAACACCGAGCGTTA-1,7
s3-GTAACATACACCTGTT-1,6
s3-GTAACATCTTATAATG-1,1
s3-GTAACCACCTACAACC-1,6
s3-GTAACCTAGCGTCACG-1,8
s3-GTAAGTATTGCTATCG-1,10
s3-GTAAGTTGCGGAGCGT-1,7
s3-GTAAGTTGCTGGTGGA-1,2
s3-GTAATCACGCACAGCT-1,3
s3-GTAATCAGGCGGACGG-1,8
s3-GTAATCTTGTCTAGTT-1,4
s3-GTAATGACGGTCTACG-1,9
s3-GTAATGATCACGTAAG-1,10
s3-GTACAACTCGGCAGAA-1,4
s3-GTACAGAACAGGACTC-1,10
s3-GTACAGAACCGATTAT-1,8
s3-GTACAGAACGCAGCGT-1,7
s3-GTACAGATGACATCGC-1,9
s3-GTACAGCCGTTACAGA-1,8
s3-GTACAGCTGAGCCGGA-1,1
s3-GTACAGGAACGAATGG-1,7
s3-GTACAGTATCGGAATT-1,4
s3-GTACATAAGCTACGCC-1,4
s3-GTACCTACAATACGAA-1,6
s3-GTACCTGAAGTGAATG-1,7
s3-GTACCTGTCTTACTGT-1,6
s3-GTACCTTCATGTGCAA-1,8
s3-GTACGAAGATTATCCG-1,4
s3-GTACGAAGGATTATTG-1,8
s3-GTACGAATTCTACCAA-1,9
s3-GTACGAGGTAGTGCAC-1,8
s3-GTACGATTAGTCTACA-1,7
s3-GTACGCCTCGCTTCCA-1,4
s3-GTACGCTCGCCAACAT-1,4
s3-GTACGCTTGATACCAC-1,9
s3-GTACTACCGTTAGGTG-1,8
s3-GTACTGCATAAGGTTA-1,3
s3-GTACTTAACTTCAGCG-1,3
s3-GTACTTACTTCATACC-1,4
s3-GTACTTCTGATCCTCG-1,3
s3-GTAGAAGGACATCATA-1,4
s3-GTAGAAGTAAGCTGCG-1,3
s3-GTAGACCAGAATACTC-1,9
s3-GTAGACCTGTCAACCA-1,3
s3-GTAGCAACGACCGTGG-1,9
s3-GTAGCACGAGCTCAAG-1,7
s3-GTAGCAGAACATGGTG-1,6
s3-GTAGCAGAAGACTCTT-1,9
s3-GTAGCAGAGCAATAGC-1,5
s3-GTAGCATAGTTACAGG-1,1
s3-GTAGCATCGAAGGTCT-1,6
s3-GTAGCCAGTGCGGTTG-1,7
s3-GTAGCCGCACTCCATC-1,4
s3-GTAGCGCCTGAACTCA-1,8
s3-GTAGCGCTCATCAGGT-1,7
s3-GTAGGAGCAACAGGCA-1,8
s3-GTAGGTGATAATTCAC-1,4
s3-GTAGTCCAGCGGACAT-1,4
s3-GTAGTCCATTGTTCGT-1,6
s3-GTAGTGACATTACGAC-1,9
s3-GTAGTTGTTCATGTAG-1,4
s3-GTATACATTGGCTCAG-1,5
s3-GTATACGATACCTTGT-1,4
s3-GTATACGGTACACGCA-1,9
s3-GTATACGGTTAAGATA-1,4
s3-GTATCTACAGATCTCC-1,3
s3-GTATCTAGCTACCAGC-1,9
s3-GTATCTGTCAACGGTG-1,9
s3-GTATCTGTGGCGTCTA-1,6
s3-GTATCTGTGGTCCAGC-1,4
s3-GTATGACATAAGACGG-1,8
s3-GTATGATAGTATGGAT-1,3
s3-GTATGATCACTTGACG-1,8
s3-GTATGCCTATCTTGCG-1,4
s3-GTATGCCTTACTCCAC-1,4
s3-GTATGCGGTATCATGA-1,9
s3-GTATGCTTGCGACTAA-1,8
s3-GTATGTAGCAGGCATA-1,8
s3-GTATGTAGCTCACCTT-1,9
s3-GTATGTGCAAGCCGGA-1,7
s3-GTATGTTAGTTCTACC-1,3
s3-GTATGTTCTGGATCGC-1,9
s3-GTATTACGAGTCAATC-1,7
s3-GTATTACGGCCATTAT-1,6
s3-GTATTACGGTATTGAG-1,4
s3-GTATTAGATTGAGGTC-1,6
s3-GTATTAGGTTATCTGC-1,2
s3-GTATTATGAGTTAGCG-1,4
s3-GTATTCCAAGTTACCT-1,3
s3-GTATTCCGCTCGGATG-1,9
s3-GTATTCGTGACTTGAT-1,9
s3-GTATTCTAAGTGCTGT-1,2
s3-GTCAACAGACGCACGT-1,4
s3-GTCAACAGCGCACCGA-1,4
s3-GTCAACAGTTAAGTGA-1,7
s3-GTCAACATAAGATAGA-1,6
s3-GTCAACATGGTGCTAT-1,1
s3-GTCAACCTGACGATAG-1,7
s3-GTCACCAAGAGCGGTG-1,4
s3-GTCACTAAGAGGAATA-1,4
s3-GTCACTAAGCCAGCGG-1,9
s3-GTCACTACTTAATGGA-1,5
s3-GTCACTGAATCTCACC-1,9
s3-GTCACTTATCCAAGAC-1,7
s3-GTCACTTATGAATGCG-1,9
s3-GTCACTTATGTCGTAT-1,7
s3-GTCAGCCAACATCACG-1,7
s3-GTCAGCCATTGTGCGG-1,8
s3-GTCAGCCTCCGAACCT-1,7
s3-GTCAGCGATGTAATTG-1,9
s3-GTCAGCGATTGATTCA-1,9
s3-GTCAGCTAGATCGACA-1,7
s3-GTCAGCTCAATCAAGG-1,4
s3-GTCAGGACAAGCCATG-1,1
s3-GTCAGGATCAACCAAC-1,6
s3-GTCAGGTACGTGGCAT-1,4
s3-GTCAGTAATCCAATTA-1,7
s3-GTCAGTAGGTGACCGG-1,2
s3-GTCAGTGAGGATCGTT-1,7
s3-GTCAGTGCCAGAATAA-1,9
s3-GTCAGTGCTGACAGCG-1,2
s3-GTCAGTTCTGCCTGGA-1,9
s3-GTCATCACGTGGTTCA-1,9
s3-GTCATCACTATTGTGC-1,3
s3-GTCATCAGTAGACCAG-1,2
s3-GTCCATCTATACAAGG-1,4
s3-GTCCGACAGCCGCATT-1,7
s3-GTCCTGCTTACGGCTG-1,7
s3-GTCCTTATACATTACG-1,6
s3-GTCCTTCATCAGATCA-1,3
s3-GTCCTTCATGGATTAG-1,6
s3-GTCCTTCGGAACCTGC-1,9
s3-GTCGAAGTCGTGTTCT-1,5
s3-GTCGCAACGAGCTGAC-1,4
s3-GTCGCACGCAGCCTGC-1,9
s3-GTCGCAGATTACTGCA-1,9
s3-GTCGCATGCGGTAGAT-1,4
s3-GTCGCATTACCAGGCA-1,7
s3-GTCGCTAAGTGAGGTT-1,9
s3-GTCGGCCGTTGTGAAT-1,9
s3-GTCGGCCTCCGGCATC-1,6
s3-GTCGTAGACTGACAAG-1,8
s3-GTCGTGTTCATGTCAG-1,7
s3-GTCTAAGATCGGACTA-1,2
s3-GTCTAAGCGGCACGCC-1,7
s3-GTCTAATACGGCTAAG-1,2
s3-GTCTAGCATGGTACGT-1,6
s3-GTCTAGCGTTGTGACC-1,4
s3-GTCTAGGACAGGATAA-1,8
s3-GTCTAGTCTAGCGACG-1,4
s3-GTCTATAGAATCGAGC-1,9
s3-GTCTATCAATGGATTA-1,9
s3-GTCTATCAGTACTAAT-1,7
s3-GTCTATCCAGGACGTC-1,2
s3-GTCTATGGTGAAGAGC-1,6
s3-GTCTATGTTAATAGAA-1,8
s3-GTCTATTAGTGAGGCC-1,2
s3-GTCTATTGCGAGTTAC-1,3
s3-GTCTCATGACTAGTTG-1,3
s3-GTCTGATAGATTATAA-1,9
s3-GTCTGATATCTGAATT-1,7
s3-GTCTGCTCAACACCAA-1,5
s3-GTCTGTGGATCTGACG-1,2
s3-GTCTTCGATAGGTGTT-1,8
s3-GTCTTCGGTAGCTACA-1,4
s3-GTCTTGAACAATTACA-1,5
s3-GTCTTGACAATAGCAA-1,2
s3-GTCTTGACTTGCTCTG-1,5
s3-GTCTTGATTGCCACCT-1,8
s3-GTCTTGCGATGAATGC-1,8
s3-GTCTTGCGGCGATTCA-1,7
s3-GTCTTGCTCAGATTAC-1,10
s3-GTCTTGCTGGACGATA-1,3
s3-GTCTTGTATTGTAGAT-1,3
s3-GTGAACATTCAACGAT-1,3
s3-GTGAACGGTTCTAACG-1,2
s3-GTGAACTGAGTTCGGC-1,4
s3-GTGAAGATGAGTGCCT-1,9
s3-GTGAAGCCACAACCGG-1,8
s3-GTGAAGTGATCGTGCT-1,4
s3-GTGAATTAGACATTGC-1,8
s3-GTGACAAGATGCTCAT-1,9
s3-GTGACATACAGGTCCT-1,9
s3-GTGACATAGTTAGCTG-1,4
s3-GTGACATATGCTAGAT-1,10
s3-GTGACATGCAATTAAT-1,7
s3-GTGACATGTACCACCT-1,9
s3-GTGACCAGATCGAGAT-1,1
s3-GTGACCGGAGTCATAC-1,7
s3-GTGACCGTGGATTAGC-1,4
s3-GTGACTGTCCTGGTAT-1,4
s3-GTGACTTCAACATCCG-1,4
s3-GTGACTTCCTCACGAC-1,8
s3-GTGAGCACCAGCATCC-1,9
s3-GTGAGGTACGCTGAGT-1,6
s3-GTGATCTACGAGATCC-1,7
s3-GTGATGGATTAGAACA-1,4
s3-GTGCAACGACGGTGTT-1,3
s3-GTGCAACTACTGTACG-1,4
s3-GTGCACCGAATGTTAA-1,4
s3-GTGCACTTGTAAGCAC-1,4
s3-GTGCACTTGTTCCTGG-1,1
s3-GTGCAGCCGGTCTGCA-1,10
s3-GTGCAGGACTCCAAGG-1,6
s3-GTGCAGGCACTCTAGG-1,9
s3-GTGCAGGCTGGACATG-1,8
s3-GTGCAGTGGTAGATTC-1,6
s3-GTGCAGTTGTGGCGCT-1,7
s3-GTGCATGGTTGAGTTC-1,10
s3-GTGCATTCCTGTGGTC-1,2
s3-GTGCATTGCAATGTTG-1,9
s3-GTGCCACCTTGAGCAT-1,4
s3-GTGCCGCATCCTTCCT-1,9
s3-GTGCCGTCCTGTCAGC-1,9
s3-GTGCCTGACACGTTGG-1,3
s3-GTGCGTTCACGGATAA-1,8
s3-GTGCTCAATGCAACCT-1,5
s3-GTGGAACAGAAGTCGA-1,4
s3-GTGGACCAACTAGGAG-1,4
s3-GTGGATTAACAGCGGT-1,6
s3-GTGGCGACCTAATATT-1,8
s3-GTGGCGACTGATTAAC-1,4
s3-GTGGCGAGGAAGGCTA-1,9
s3-GTGGCGATAGGCAGAA-1,9
s3-GTGGCGATCTGCGATA-1,5
s3-GTGGCGCACCTGTTCC-1,3
s3-GTGGCGCCACGCTGAG-1,9
s3-GTGGCGCCACTACGCT-1,7
s3-GTGGCGCCAGACTCGA-1,8
s3-GTGGCGCCAGCTAACC-1,7
s3-GTGGCTGAATGCGAGT-1,2
s3-GTGGCTTCCTACCGTT-1,2
s3-GTGGTAAGCCTCTTCG-1,6
s3-GTGGTACTGTTGTAGC-1,9
s3-GTGGTACTTGGTTGGA-1,10
s3-GTGGTAGGTCTAAGAA-1,8
s3-GTGGTCGCTCTGTAGC-1,4
s3-GTGGTTACCTTGCGCA-1,2
s3-GTGGTTGACAAGGAGC-1,8
s3-GTGGTTGCCGCTTCAA-1,7
s3-GTTAACAACTTCGGAT-1,2
s3-GTTAACTCCGACCACT-1,3
s3-GTTAATGGCGCAACGC-1,4
s3-GTTAGACAATGGATGA-1,9
s3-GTTAGAGGTGTTAAGA-1,9
s3-GTTAGGAAGTATACGA-1,4
s3-GTTAGGCCTGAACATC-1,6
s3-GTTAGGTACTAACTGG-1,2
s3-GTTATGATACGATTAT-1,7
s3-GTTATGTTGCTTAGAT-1,3
s3-GTTATTCGCCGATCGC-1,6
s3-GTTATTCGGCCATTCG-1,5
s3-GTTATTCGTAACGTCC-1,3
s3-GTTATTGCTGAATCCG-1,10
s3-GTTCATACCTTGGTTA-1,7
s3-GTTCATCTTACATTCC-1,9
s3-GTTCCAGTGCCTTACC-1,7
s3-GTTCCGAGTATGATCG-1,6
s3-GTTCCGGCTGCAGTCA-1,4
s3-GTTCCGTATGGTAACG-1,9
s3-GTTCCGTCATACGGCT-1,4
s3-GTTCCGTCTTATCTTA-1,5
s3-GTTCCTGAACCTTCAA-1,3
s3-GTTCCTTGAGGAACGC-1,1
s3-GTTCGAATCACGTACG-1,9
s3-GTTCGAGCTCGCGAAT-1,6
s3-GTTCGCTGGTATTAGA-1,5
s3-GTTCGTAGGTAGTGAA-1,4
s3-GTTCTACTATACGAAC-1,4
s3-GTTCTACTTATGGTAG-1,6
s3-GTTCTTACTGAAGTAT-1,10
s3-GTTCTTGATCTGTTGA-1,4
s3-GTTGAAGGAAGTCGGC-1,8
s3-GTTGAATAAGTCAGCA-1,7
s3-GTTGAATCAACCTGGC-1,2
s3-GTTGAATGGTACAGTA-1,9
s3-GTTGAATGTTGCTGCC-1,8
s3-GTTGAATTATTCGGTG-1,4
s3-GTTGAATTCATAAGAT-1,7
s3-GTTGACATGAACCAAC-1,2
s3-GTTGACGAACCAGAAC-1,7
s3-GTTGACGGATAGCCAT-1,7
s3-GTTGACGTCAGATTAG-1,5
s3-GTTGACTAGAGCACGT-1,3
s3-GTTGACTTCTATGCTG-1,6
s3-GTTGAGAATCACGGAG-1,4
s3-GTTGAGCTTCGTCCGG-1,9
s3-GTTGCCACAAGTCATA-1,10
s3-GTTGCCACGACAAGAA-1,9
s3-GTTGCTACGTCTTAAT-1,9
s3-GTTGCTAGATCGTTGA-1,6
s3-GTTGCTCCTGAGATTC-1,1
s3-GTTGCTTGCAATCACT-1,9
s3-GTTGGCGTGAGCGACC-1,1
s3-GTTGGTCCGCCAATCT-1,7
s3-GTTGTCCTGTGATGTA-1,9
s3-GTTGTCGTAATATGGA-1,1
s3-TAACAGCAGGCCTTAC-1,8
s3-TAACAGGAACCGACAA-1,7
s3-TAACAGGTCCATACCA-1,3
s3-TAACAGTCTACTATGG-1,6
s3-TAACAGTTCCACTTCG-1,4
s3-TAACATGCGTGCGAAC-1,9
s3-TAACATGGCCACCTCC-1,3
s3-TAACCAAGGTGCTCTA-1,6
s3-TAACCAGATACGCTTC-1,7
s3-TAACCGGATGGACAGG-1,8
s3-TAACCTACGGACTCGT-1,6
s3-TAACCTTGAGACTTCG-1,10
s3-TAACGAATCCTAGATA-1,9
s3-TAACGAATGCTCCAAT-1,2
s3-TAACGACCTTGCCTAT-1,4
s3-TAACGAGCCGAAGGTC-1,9
s3-TAACGAGCGTCTGGCC-1,6
s3-TAACGAGTTGCCAACC-1,7
s3-TAACGCATTGGTCCAA-1,3
s3-TAACGCGTAATATGGC-1,7
s3-TAACGCGTCCTACAAC-1,9
s3-TAACGCTCACATTCTA-1,10
s3-TAACGCTCATACGGCA-1,8
s3-TAACGCTTATGCCATA-1,9
s3-TAACGCTTCGGCACTT-1,3
s3-TAACGTCACTATAATC-1,4
s3-TAACGTGCCATAGTTA-1,4
s3-TAACGTTGCGTCGATG-1,7
s3-TAACTCCAACATGGAC-1,5
s3-TAACTCCAGGTAGGCT-1,4
s3-TAACTTGCACGGCGGA-1,3
s3-TAAGAACAGGTGTAAC-1,6
s3-TAAGAATATGAGATAG-1,9
s3-TAAGACCGAGTGAACA-1,9
s3-TAAGACCTCAAGTGCC-1,4
s3-TAAGATTGAGATTACA-1,7
s3-TAAGATTGCTCACTTC-1,9
s3-TAAGATTGGCGGTCGT-1,6
s3-TAAGCAAGTAATGTGG-1,9
s3-TAAGCACGAGACCTAC-1,7
s3-TAAGCAGTAGATACTC-1,3
s3-TAAGCCACAATTGCCT-1,2
s3-TAAGCCATACGACACG-1,2
s3-TAAGCCTGGCTTCAGT-1,4
s3-TAAGCCTGTAGCGTCC-1,7
s3-TAAGCTCCTTCACGCC-1,2
s3-TAAGGACGCCTGGTTG-1,3
s3-TAAGGATCTGAAGATA-1,4
s3-TAAGGTACGGATAGTG-1,6
s3-TAAGGTATGAATGCTA-1,9
s3-TAAGGTCCGTGACCGT-1,2
s3-TAAGTGGCCGCTCACC-1,9
s3-TAAGTGTCAAGGTGGC-1,6
s3-TAATACCGTTAATTGC-1,6
s3-TAATAGCGCTGTACTC-1,7
s3-TAATCGACATTGTTGG-1,10
s3-TAATCTGATAAGATGT-1,8
s3-TAATGACGAAGCGGCT-1,3
s3-TAATGATCCGGTTATT-1,8
s3-TAATGTGCACGATCTG-1,3
s3-TAATTAAGGAGTACTG-1,8
s3-TAATTACCGGTGCGAG-1,7
s3-TAATTAGCTCGATTGT-1,9
s3-TAATTCCTGCAGAAGG-1,6
s3-TAATTGACGTCGTTCC-1,7
s3-TAATTGATTCTGTCGC-1,7
s3-TACAACGGACGGCTCA-1,5
s3-TACAAGCGCCATCGGA-1,6
s3-TACAAGCGCCTCTACA-1,7
s3-TACAAGCGGAAGTACG-1,3
s3-TACAAGGTTATGCGGT-1,4
s3-TACAAGTCGAATGCAA-1,1
s3-TACAAGTGTCTGTCCG-1,8
s3-TACACCAGTGCCGACA-1,1
s3-TACACCTCGTACTCCA-1,9
s3-TACACCTTGCGGCAGG-1,4
s3-TACACTCAGTAGAATG-1,6
s3-TACACTGCAGGTTAGA-1,4
s3-TACACTGCGTCCGGAC-1,8
s3-TACACTGTAGTCAACG-1,6
s3-TACACTGTCGAACCAA-1,7
s3-TACACTTCGAGGTGAC-1,8
s3-TACACTTCGCACCGAT-1,7
s3-TACAGTACTTAGTGTA-1,10
s3-TACAGTCTCGGCACGG-1,1
s3-TACATAGCAGACCAAG-1,6
s3-TACATATGCACCAGTG-1,7
s3-TACATCGGACAACTGG-1,8
s3-TACATCGTCAGCGGTT-1,3
s3-TACATTGAATGAACGT-1,4
s3-TACATTGACTGAGTCC-1,6
s3-TACCACAGGCCATTGC-1,4
s3-TACCAGACAACCTCAG-1,10
s3-TACCATTGGTCTCCAA-1,6
s3-TACCTCAGGCAACAGA-1,2
s3-TACCTGCGGTTGTCCT-1,3
s3-TACCTGTTAACGGCCT-1,6
s3-TACGACGCGATTCAAG-1,7
s3-TACGACGTCTCATATT-1,4
s3-TACGACTCTGAACACT-1,5
s3-TACGAGATTGGTCTGT-1,10
s3-TACGCCGGAGTTCTGA-1,7
s3-TACGCCTTGCCGTGTT-1,8
s3-TACGCTCCGGTTGGTA-1,8
s3-TACGCTTCCGCAAGCT-1,9
s3-TACGGAACAGACGCGG-1,3
s3-TACGGAATACTCGTTC-1,7
s3-TACGGAATTGAACCAA-1,2
s3-TACGGAGGAAGCACCT-1,8
s3-TACGGAGTCAACGAAG-1,1
s3-TACGGATCAGCCATCC-1,7
s3-TACGGATCCTTGCGAT-1,6
s3-TACGGATCTTGCGATG-1,4
s3-TACGGCCTTGTAGGAG-1,8
s3-TACGGTAGTTGCGTGA-1,7
s3-TACGGTTAATGTACTA-1,7
s3-TACGTACACCTTAAGC-1,10
s3-TACGTATCCTATCACG-1,1
s3-TACGTATCGAGGTTGT-1,9
s3-TACGTGGAGGCATGGC-1,6
s3-TACGTGGCATCATATG-1,6
s3-TACGTTACTGGTAGCG-1,8
s3-TACGTTCTACCGCCAT-1,6
s3-TACTAAGGAACATCAA-1,2
s3-TACTAGGATCAATGGC-1,5
s3-TACTAGTACACCTAAG-1,1
s3-TACTAGTACCGGATGG-1,7
s3-TACTATGTTGAATCTT-1,8
s3-TACTCCGAAGTAGAAT-1,3
s3-TACTCCGCCAATACAA-1,7
s3-TACTCCTACATCAACT-1,2
s3-TAGAATTCAACGTGGC-1,9
s3-TAGACAGGAGATCATT-1,9
s3-TAGACAGTTCAGATTA-1,2
s3-TAGACATACGTCTAAT-1,9
s3-TAGACATATGGCGAGG-1,4
s3-TAGACATGGTTAGGTC-1,2
s3-TAGACATTGACTTGCA-1,4
s3-TAGACCAGGATATCGG-1,4
s3-TAGACCATCGATTGAG-1,4
s3-TAGACCATTGCTTAGA-1,9
s3-TAGACCGAAGCAGAGC-1,8
s3-TAGACCGCGGAAGGAC-1,3
s3-TAGACCGGCCAGTACG-1,2
s3-TAGACCTGAGGAGCTG-1,2
s3-TAGAGGCGATTGATTC-1,7
s3-TAGATGAGGACGCTTA-1,6
s3-TAGATGCGTGCCAGCG-1,7
s3-TAGATGCTGTATCGTA-1,6
s3-TAGATGGCTGTATGCC-1,7
s3-TAGATGTCGAGGCCAG-1,5
s3-TAGCAATTATGGACCG-1,5
s3-TAGCAGTGATTCTGTC-1,7
s3-TAGCCGCAATACCTGC-1,1
s3-TAGCCGTAGCCAGGTG-1,6
s3-TAGCGGACCACTGTTA-1,2
s3-TAGCGTACCTTGACAT-1,4
s3-TAGCGTACGGAGCGCC-1,6
s3-TAGCGTATAGCGCTAA-1,3
s3-TAGCGTCACGACAGGC-1,9
s3-TAGCGTCTCGGTCTAT-1,6
s3-TAGCGTGGTATTGTGC-1,6
s3-TAGCTACCATACTGCT-1,9
s3-TAGCTACCTGTAGGAT-1,8
s3-TAGCTAGAAGCGATCA-1,2
s3-TAGCTAGAGCACGCCG-1,9
s3-TAGCTAGAGGCCTGAA-1,9
s3-TAGCTATGTTGAGCAC-1,10
s3-TAGCTCGAATCGTCCG-1,9
s3-TAGCTTAAGCTGGCGT-1,7
s3-TAGGACATCAGCATGG-1,7
s3-TAGGACGGCCAGCCGA-1,4
s3-TAGGACTTCATGTTAT-1,1
s3-TAGGAGGCGTATTGCC-1,9
s3-TAGGATGCACCGTTCA-1,2
s3-TAGGCAGGCGGACGCC-1,4
s3-TAGGCAGTGCGTAGAC-1,6
s3-TAGGCATCGGAGCCTC-1,8
s3-TAGGCATCTGCGGACC-1,3
s3-TAGGCGAGCGATCGGT-1,9
s3-TAGGCGCATATCTAAC-1,3
s3-TAGGCTCCGGCATACA-1,6
s3-TAGGCTTATCTAGCTC-1,5
s3-TAGGTCCGTAGCCTAT-1,7
s3-TAGGTCTACTCGTGAA-1,10
s3-TAGGTCTGCCTCTGTA-1,8
s3-TAGGTCTTGGCTCGTC-1,7
s3-TAGTAAGCGGTGGATA-1,5
s3-TAGTATAACCTCGACA-1,2
s3-TAGTATCCAATTACGT-1,3
s3-TAGTCACTGGATAGGC-1,5
s3-TAGTGAACATGCAGAT-1,8
s3-TAGTGAATGTTCAGTG-1,2
s3-TAGTGACCGTCGATTA-1,8
s3-TAGTGACTCAATTGCT-1,9
s3-TAGTGACTCGCTCCGC-1,3
s3-TAGTGAGGACATGTTG-1,3
s3-TAGTGAGGACGCGAAT-1,4
s3-TAGTGAGGTATCGACC-1,8
s3-TAGTGAGGTGCCATCA-1,6
s3-TAGTGATGACTCCTGG-1,7
s3-TAGTGCACTATTGTCA-1,4
s3-TAGTGCAGTGCGGTAG-1,7
s3-TAGTGGTTGAACCAAT-1,9
s3-TAGTTCAATCGACCTC-1,7
s3-TAGTTCCGATAGAATC-1,7
s3-TAGTTCGAATTAGCGG-1,9
s3-TAGTTCGAGTAGGAAG-1,7
s3-TAGTTCGATCCTCACG-1,6
s3-TAGTTCGTTGCTAATT-1,8
s3-TAGTTGAGCCAGCCAG-1,4
s3-TAGTTGAGTTCTGCAC-1,4
s3-TAGTTGGCTTAGGCCT-1,4
s3-TATCAACGAATATGAG-1,7
s3-TATCAAGGCCGCGTGG-1,4
s3-TATCAATGCCGCTCAC-1,7
s3-TATCACATAGCGAACT-1,9
s3-TATCACCGGCATCGTG-1,3
s3-TATCACTTCGAGCCGT-1,4
s3-TATCATGGATGTTGCC-1,8
s3-TATCCAAGCGCCGTAG-1,9
s3-TATCCAATACCGCAAT-1,9
s3-TATCCACTTGCGTATC-1,2
s3-TATCCGACGTCTAGAT-1,4
s3-TATCCGATCTTGGCGG-1,1
s3-TATCCTGCGGTTGATC-1,3
s3-TATCTAATCACCTCGG-1,1
s3-TATCTAGGAGTGGACA-1,6
s3-TATCTAGTCGCATGCA-1,9
s3-TATCTAGTGAATGATC-1,4
s3-TATCTAGTGCCATATT-1,9
s3-TATGAACTACGCGGTG-1,10
s3-TATGAAGCGACCGTCC-1,8
s3-TATGACAAGTGGAAGA-1,6
s3-TATGACAATGCTTGAA-1,3
s3-TATGACAGCGAGAAGC-1,3
s3-TATGACCGATGAAGTG-1,6
s3-TATGACGCGTATGTCG-1,8
s3-TATGACGGAGATTGGC-1,7
s3-TATGAGCGATCCATTA-1,3
s3-TATGAGGATCTACTGG-1,7
s3-TATGAGTTCCGAGTGA-1,4
s3-TATGCCACAGCCGGTG-1,4
s3-TATGCGTACCTGAGTC-1,4
s3-TATGCTCCTGGTTAGT-1,2
s3-TATGGATATGGTGCGA-1,4
s3-TATGGCAGTTCGTCTA-1,9
s3-TATGGCCATAATAGAC-1,5
s3-TATGGCCGGCGACACT-1,9
s3-TATGGCCTCACGTACA-1,9
s3-TATGTAGAGCTGATCA-1,7
s3-TATGTCATAAGCGTCG-1,7
s3-TATGTCGAGGTTGAAG-1,9
s3-TATGTTAGGCCGAACC-1,6
s3-TATGTTGCAGTCTAGG-1,7
s3-TATGTTGGCGAGAACA-1,6
s3-TATGTTGGTAGGTCGT-1,4
s3-TATGTTGGTCCAGTGA-1,9
s3-TATTAACTTCCGCTCA-1,2
s3-TATTAAGCAGCGCCGG-1,7
s3-TATTAATATGTCGACT-1,9
s3-TATTCCGGTTGTTAAT-1,4
s3-TATTCGACAACCGTGA-1,4
s3-TATTCGACATTACTAT-1,9
s3-TATTCGATGATCTAGT-1,4
s3-TATTCGGTGGAGATTC-1,7
s3-TATTCGTTAATGCTCC-1,10
s3-TATTCGTTATCGCCTG-1,9
s3-TATTCTAAGGCTCATC-1,4
s3-TATTCTAGAATCGGAC-1,4
s3-TATTCTCAGCGGCTGG-1,5
s3-TATTCTCCTATGATGG-1,5
s3-TATTCTCGTGCTTGGC-1,6
s3-TATTGAATCCGACTAA-1,7
s3-TATTGAATTAAGCGTT-1,6
s3-TATTGAGCATGGACCG-1,6
s3-TATTGATCGTGATCTT-1,7
s3-TATTGATCTACTTCGG-1,4
s3-TATTGTTAACCGAGAC-1,6
s3-TCAACAATGGAGGCCT-1,7
s3-TCAACACCAATCATTA-1,2
s3-TCAACAGGACAGCAAC-1,1
s3-TCAACAGGCCATGCCG-1,2
s3-TCAACATGGATACAAC-1,6
s3-TCAACCGGAGACCTCG-1,1
s3-TCAAGGAACCTATTGC-1,10
s3-TCAAGGACGTTAGGAG-1,2
s3-TCAAGGCAACGCGGCT-1,4
s3-TCAAGGCCATAGCCTG-1,8
s3-TCAAGGCGTCTACTCC-1,4
s3-TCAAGGTATCAACTTA-1,3
s3-TCAAGGTCTGAATATG-1,9
s3-TCAAGTGATGGTTAAT-1,7
s3-TCAATATTCCGGTTAG-1,4
s3-TCAATTAATAGAACCT-1,4
s3-TCACAAGACTTAGCTT-1,7
s3-TCACAAGATGACTCGA-1,9
s3-TCACAAGCTCGAGGCA-1,9
s3-TCACAAGGAGAACAAG-1,7
s3-TCACAGCACCAAGGTT-1,8
s3-TCACATAAGCGTTGCC-1,1
s3-TCACATAGACCTCCGT-1,1
s3-TCACATCCTGTCGCGG-1,7
s3-TCACATCCTTCTCAGT-1,9
s3-TCACATGGATAACTGT-1,1
s3-TCACATTGTCGGTGAC-1,9
s3-TCACCATAGATTGTTA-1,7
s3-TCACCGTTGCTAATGG-1,9
s3-TCACGACATCAGAAGG-1,9
s3-TCACGATACCTAGCCA-1,9
s3-TCACGCTATCCACTAC-1,9
s3-TCACGTCTAAGACTAG-1,6
s3-TCACTACCAAGCCTGT-1,6
s3-TCACTACGACTCTGCG-1,10
s3-TCACTCCGCTCACTGG-1,9
s3-TCAGAATCGATATCAT-1,3
s3-TCAGAATCTAATAGTC-1,7
s3-TCAGATTACCAGGTTA-1,3
s3-TCAGCGCCTAGTCTTA-1,4
s3-TCAGCGTGACCTTACC-1,3
s3-TCAGCTACCAACTCCG-1,8
s3-TCAGCTAGGATGTACT-1,3
s3-TCAGCTATTAATCGCT-1,9
s3-TCAGCTCGCCAGGATG-1,4
s3-TCAGGAGCAACGGTCG-1,9
s3-TCAGGATACACTACAA-1,3
s3-TCAGGTCTAGTAAGCA-1,4
s3-TCAGTATGTAGGACAA-1,3
s3-TCAGTCAGCGATCAGA-1,8
s3-TCAGTCATTGCAAGTG-1,4
s3-TCAGTCCAACGGAAGT-1,3
s3-TCAGTCGAAGTATCTA-1,10
s3-TCAGTCGCCAAGGTTG-1,9
s3-TCAGTCGTGCCGGCAG-1,7
s3-TCAGTGAAGAGTTCTA-1,4
s3-TCAGTTCAGAATCTCG-1,8
s3-TCAGTTCTCCGGACCG-1,7
s3-TCAGTTGACAGTGCCA-1,9
s3-TCATAGCTTCCAGTAC-1,9
s3-TCATAGGTAGTGACGA-1,9
s3-TCATAGGTGAGTCGAC-1,9
s3-TCATAGTAGACTCATA-1,4
s3-TCATCCACGTGGTCAC-1,3
s3-TCATCCATGCCAAGCG-1,5
s3-TCATCCTAGGACTCGC-1,1
s3-TCATCGCTGTGCAACA-1,4
s3-TCATCGGCCTGTGCGG-1,5
s3-TCATCGTTATGTATCT-1,6
s3-TCATCTATCCACGATT-1,9
s3-TCATCTCATGATACGT-1,6
s3-TCATCTCCAACCACCT-1,7
s3-TCATCTGCCGCTATTC-1,7
s3-TCATCTTCCACGTATG-1,2
s3-TCATCTTCGACACCGT-1,1
s3-TCATGAGGTTGATATG-1,3
s3-TCATGAGTAAGACATC-1,2
s3-TCATGATTCTGATACT-1,8
s3-TCATGCAGCGCCTTCG-1,4
s3-TCATTCACGCGAGCTC-1,4
s3-TCATTCACTGTAATGG-1,9
s3-TCATTCTGATGGTGCG-1,6
s3-TCATTGATAGACTTGC-1,9
s3-TCATTGCAAGTGCTCA-1,4
s3-TCATTGGCGACCGACG-1,2
s3-TCATTGTTCAATGCGT-1,9
s3-TCCAACAGATGCGGCA-1,6
s3-TCCAACGAAGATGCTT-1,9
s3-TCCAACGCGACGTTGG-1,1
s3-TCCAACGTGGTTGTTC-1,9
s3-TCCAACTAAGACTCCA-1,3
s3-TCCAACTGAATAAGGT-1,7
s3-TCCAACTGCCGCCATA-1,7
s3-TCCAACTGGCTGAAGA-1,8
s3-TCCAAGACCGCTTGAT-1,9
s3-TCCAATAACGTGCTAG-1,7
s3-TCCAATACTATCTGTT-1,8
s3-TCCAATACTGGAGCGT-1,4
s3-TCCAATCCAGATACAT-1,8
s3-TCCAATCTAACACGCA-1,4
s3-TCCAATTAGCAATCAA-1,3
s3-TCCAATTGGTTACAGT-1,7
s3-TCCACCAAGTGACGAA-1,7
s3-TCCAGAGGTCGACAGC-1,6
s3-TCCAGATCTTCGCTTA-1,9
s3-TCCAGTACCGAGCGCA-1,5
s3-TCCAGTACGTGCTATG-1,3
s3-TCCAGTCAGTACATTA-1,5
s3-TCCAGTGATTGGTGCT-1,8
s3-TCCAGTTGAAGTAGCA-1,4
s3-TCCAGTTGCGGTGCAC-1,6
s3-TCCATAGCGACTCAGT-1,4
s3-TCCATCGGCTAGACGA-1,4
s3-TCCATGATGTGATCAA-1,7
s3-TCCATGCGTCCACCAG-1,8
s3-TCCATGCGTCGGTTAC-1,1
s3-TCCGAACATAGTCTGA-1,7
s3-TCCGAACCTCAACCAT-1,9
s3-TCCGAATACTCGCTGG-1,6
s3-TCCGAATAGAAGCACC-1,4
s3-TCCGAATCATGTTGTC-1,9
s3-TCCGAATCGCAGGTTC-1,7
s3-TCCGAGTACGACTTAG-1,3
s3-TCCGATGCGTATCCGG-1,2
s3-TCCGCCAACATTGCTC-1,7
s3-TCCGCCAAGGTCCGTT-1,7
s3-TCCGCCAGTGATTAAT-1,9
s3-TCCGCCGGTCTATTCA-1,9
s3-TCCGCCTTGTTCTGAT-1,5
s3-TCCGGCTATGCTCAGT-1,5
s3-TCCGGCTCTATGGACA-1,9
s3-TCCGGTACGTGGCCTC-1,7
s3-TCCGGTTCCGTTCTAG-1,4
s3-TCCGTACTATCCTGCT-1,6
s3-TCCGTCCACTCGGAGC-1,2
s3-TCCGTCGGTACAAGTT-1,10
s3-TCCGTGTCTTACATAA-1,7
s3-TCCGTGTTCTGTTCTG-1,7
s3-TCCTAATTGCGGCCTG-1,9
s3-TCCTAATTGCTCAACG-1,7
s3-TCCTACAAGCTCGAAC-1,9
s3-TCCTACCGATCGTGGC-1,4
s3-TCCTACCGGTTCCTAG-1,7
s3-TCCTACGTAAGCCAGA-1,9
s3-TCCTAGGTATCTGATG-1,8
s3-TCCTATCCTCGAATCA-1,8
s3-TCCTATCCTGTCAATA-1,8
s3-TCCTATGAGGATTGTT-1,4
s3-TCCTATTGACTGTTGA-1,3
s3-TCCTCAATGAGGAACG-1,3
s3-TCCTCACGTGTAGACG-1,7
s3-TCCTCATCGTGCTGGA-1,7
s3-TCCTGAAGCGTGCACT-1,3
s3-TCCTGACACTTCACGG-1,8
s3-TCCTGACAGGCAGCAA-1,6
s3-TCCTGATAAGTGCCGT-1,9
s3-TCCTGATCACCGGTCC-1,6
s3-TCCTGCCGTGTCTAAG-1,6
s3-TCCTGCTACATGCAGA-1,4
s3-TCCTGGTGGCAATAGC-1,9
s3-TCCTTACTCGCAATGA-1,10
s3-TCCTTCCAACCGCAAC-1,8
s3-TCCTTGAACAGGACCA-1,7
s3-TCCTTGGCTCAAGAGT-1,3
s3-TCGAATCTTGCGTTAC-1,6
s3-TCGAATGGTTCCACGC-1,9
s3-TCGAATTAGTTACTCC-1,7
s3-TCGAATTGTACACTAT-1,8
s3-TCGACCAATCCGGTTG-1,9
s3-TCGACGAAGAGCAAGT-1,9
s3-TCGACGAAGCAGCTCA-1,6
s3-TCGACTTATTAATCCT-1,4
s3-TCGAGCTGGTTGCCGA-1,6
s3-TCGAGTGGTAGGTCAC-1,4
s3-TCGATATTAGACATAC-1,3
s3-TCGATATTGTCCTAAC-1,4
s3-TCGATCCAACGTCCTT-1,4
s3-TCGATCCAGTCTGTAG-1,3
s3-TCGATCGCACCTAATC-1,9
s3-TCGATCGTGAGGCGCC-1,1
s3-TCGATCGTTGTCTGAA-1,6
s3-TCGATCTAATGTTAGT-1,3
s3-TCGATCTAGCCGATTC-1,4
s3-TCGCAATAGTGACGCA-1,6
s3-TCGCAATGATAGTTCA-1,4
s3-TCGCACGATTCGGTGG-1,8
s3-TCGCACTCTTGGACAG-1,2
s3-TCGCACTGCTGTGCTC-1,7
s3-TCGCACTGTACGGCGA-1,4
s3-TCGCACTTACTGAAGT-1,4
s3-TCGCACTTGGTCCGTC-1,1
s3-TCGCCAGGCATGCCTC-1,7
s3-TCGCCGTATCATGCTT-1,9
s3-TCGCCTAGATAATTAA-1,8
s3-TCGCCTATCGACTCCT-1,7
s3-TCGCCTGACGGCCACT-1,3
s3-TCGCCTGCGTGCGTGG-1,7
s3-TCGCCTGGTGGATTCT-1,10
s3-TCGCGACGTGGTAAGT-1,6
s3-TCGCGGTAGTATGATC-1,2
s3-TCGCGTTACGCAGAAT-1,6
s3-TCGCTTACTCGCAAGT-1,9
s3-TCGCTTGTTCCAGTTG-1,4
s3-TCGGAACGTCTGCAAG-1,6
s3-TCGGAATCAGCCTAAC-1,8
s3-TCGGACATTCTATGAG-1,7
s3-TCGGACCAGGATCGCC-1,3
s3-TCGGACGGCCGAGGAA-1,5
s3-TCGGACGTTGCCTCAG-1,6
s3-TCGGACTGCCACCTCC-1,9
s3-TCGGAGCGTTACCTCG-1,5
s3-TCGGAGTTGTCTTGTT-1,2
s3-TCGGCACTGGCGCCGA-1,9
s3-TCGGCGACCTCGCTGA-1,4
s3-TCGGCGCAGAATGTCT-1,9
s3-TCGGCGCAGATAGATA-1,7
s3-TCGGCGCTATCACGTG-1,10
s3-TCGGCGTAAGGCCTTA-1,6
s3-TCGGTAATTACGTGGA-1,9
s3-TCGGTAGGCATCACGC-1,7
s3-TCGGTATCGTAATTGG-1,4
s3-TCGGTGATCGCCGGCC-1,9
s3-TCGGTGTCAACAGGCA-1,4
s3-TCGGTGTCTAACCAAG-1,3
s3-TCGTAAGGCGTTCAGG-1,1
s3-TCGTATCAACAGCACC-1,8
s3-TCGTATCACGTTATGA-1,3
s3-TCGTATCCTGATGCAA-1,1
s3-TCGTATCGGTCTCCTT-1,10
s3-TCGTATGCCGGACGTT-1,3
s3-TCGTATGTCGTGCCTA-1,2
s3-TCGTATTAGATCCGGT-1,6
s3-TCGTATTCTGAGTGGC-1,5
s3-TCGTCAAGCCTAATCT-1,8
s3-TCGTCAAGTCCAGGTT-1,4
s3-TCGTCACGATGTTCGA-1,9
s3-TCGTCAGAACAGCCAG-1,3
s3-TCGTCCAGCATGGCTT-1,7
s3-TCGTGCCTCGGTAGTT-1,4
s3-TCGTTAGCCAGGCCAG-1,3
s3-TCTAACAAGCCAATCC-1,8
s3-TCTAACCGTGCTAGCT-1,4
s3-TCTAACTCTATGTTCT-1,8
s3-TCTACAACTGGAACTT-1,7
s3-TCTACACTAATTACTC-1,5
s3-TCTACACTGAGCTTCT-1,8
s3-TCTACAGCACGTCCGA-1,3
s3-TCTACAGGTACGCAGT-1,9
s3-TCTACATGAACTATAC-1,3
s3-TCTACATGAATCTGAT-1,4
s3-TCTACATGTCCGACTT-1,7
s3-TCTACTATGCTAGCTC-1,4
s3-TCTACTCCGACTCGGC-1,7
s3-TCTACTCGAGCAGAGG-1,4
s3-TCTACTGTCTCAATGA-1,7
s3-TCTACTTAGGTTCTTA-1,7
s3-TCTACTTCACCGTGGA-1,4
s3-TCTAGAACTTCTTGCA-1,10
s3-TCTAGAATTGCGGTTG-1,9
s3-TCTAGAGTCTCCACGC-1,6
s3-TCTAGATAAGGTTAGC-1,9
s3-TCTAGCAGCGGATCAG-1,6
s3-TCTAGCGACACCGAGC-1,4
s3-TCTAGCTTATTCGCCA-1,6
s3-TCTAGGCGGAAGGCAC-1,9
s3-TCTATGATCGGTGCCT-1,9
s3-TCTATTCCTTCCGGAA-1,6
s3-TCTATTCTGCATTGGC-1,6
s3-TCTGAGCGTAATTGTC-1,6
s3-TCTGAGTCAGATCTTG-1,7
s3-TCTGATCATAATGATT-1,6
s3-TCTGCAAGGACGGCAA-1,9
s3-TCTGCAATTCACAAGA-1,3
s3-TCTGCCTGGATGTCAG-1,7
s3-TCTGCGCTTGCAGATA-1,6
s3-TCTGCGTGCTATTCTA-1,6
s3-TCTGCGTGCTTCAGAC-1,4
s3-TCTGCGTTAGATAGGT-1,1
s3-TCTGGATATTAACCTA-1,7
s3-TCTGGTAATCGTCCAA-1,7
s3-TCTGGTATCTGTAGCC-1,9
s3-TCTGGTCCTCCACTGT-1,2
s3-TCTGTACGCTGTCCTC-1,7
s3-TCTGTCACCGTTAATA-1,7
s3-TCTTACATTACTTCGC-1,4
s3-TCTTACCGCTCGTATG-1,4
s3-TCTTACGAATCAGTGC-1,3
s3-TCTTACGAGGAATAAG-1,3
s3-TCTTACGAGGCCGACA-1,8
s3-TCTTACGGCCGCAACA-1,3
s3-TCTTACTCTGTATGCG-1,3
s3-TCTTACTGAGACTAGT-1,7
s3-TCTTAGATGCCTCCGA-1,2
s3-TCTTAGGCCTGGCGTA-1,6
s3-TCTTAGGCGACAGTCA-1,5
s3-TCTTAGTCGTCTCGGC-1,3
s3-TCTTCGAACAGCGTTA-1,9
s3-TCTTCGAATTGTATAC-1,10
s3-TCTTCGCCATTCGAAT-1,4
s3-TCTTCGTCAGACCAGG-1,9
s3-TCTTGAGTCATTATAC-1,9
s3-TCTTGCACCAATCTAT-1,6
s3-TCTTGCACGTCTAATG-1,4
s3-TCTTGCACTATTCAGA-1,7
s3-TCTTGCACTGGTGCTC-1,7
s3-TCTTGCATAGACAATA-1,6
s3-TCTTGCCACGTTCACT-1,4
s3-TCTTGCCATCGTTGTA-1,4
s3-TCTTGCCGGCAGTCTA-1,9
s3-TCTTGCTCCGTCGGCA-1,8
s3-TCTTGCTGTCCTAGGC-1,4
s3-TCTTGTTATTCTTGAT-1,4
s3-TGAACGAATCTTAATT-1,4
s3-TGAACGGACACGTATC-1,7
s3-TGAACGGACATTGAGT-1,6
s3-TGAACGGATCTGGTAC-1,2
s3-TGAACGGATTCAAGTT-1,4
s3-TGAAGATACAATCTGC-1,2
s3-TGAAGCACCGTCATGA-1,7
s3-TGAAGTATGATCGTGC-1,7
s3-TGAATGCGGTTATGGA-1,8
s3-TGAATGTACCTTCGTC-1,7
s3-TGAATGTTGACATCGT-1,7
s3-TGAATTATGCCGCAGT-1,3
s3-TGAATTCGTGGTATAA-1,9
s3-TGACAGTACTATTCTA-1,5
s3-TGACATTACAACGCCG-1,7
s3-TGACCAACAGATAGGT-1,8
s3-TGACCAAGCTGCACAT-1,2
s3-TGACCAAGTAAGGACC-1,5
s3-TGACCAATCAGCCACG-1,7
s3-TGACCAGCACTCCAGC-1,7
s3-TGACCAGGCTCATGCA-1,6
s3-TGACCAGGTATGACCT-1,3
s3-TGACCATCCATCTGCT-1,4
s3-TGACCATGTACACTCA-1,8
s3-TGACCTCCTTCAGATT-1,5
s3-TGACCTGTCTATCTCG-1,5
s3-TGACGCCTGCTTGTGA-1,6
s3-TGACGCTCACCAAGCC-1,8
s3-TGACGCTCGCGGTAGT-1,3
s3-TGACGCTGCGATAGTA-1,7
s3-TGACGCTTACTAGACA-1,6
s3-TGACGGAGCGCTATAC-1,4
s3-TGACGGAGTGAGGTTA-1,6
s3-TGACTCCAAGTCTACC-1,9
s3-TGACTCGGCCGACCGA-1,1
s3-TGACTCTGCTCGCACG-1,7
s3-TGACTTCGGCGTAACA-1,7
s3-TGACTTGCACTCACGG-1,3
s3-TGAGAACGAGTTCTGT-1,7
s3-TGAGACAAGGACGACC-1,7
s3-TGAGACAGAAGTGCTC-1,9
s3-TGAGACTATTGAATCT-1,4
s3-TGAGATGCTCTAATGA-1,8
s3-TGAGCCGCGTGATCAT-1,2
s3-TGAGGAATCCATAGAA-1,7
s3-TGAGGTAGGACTACTG-1,9
s3-TGAGTAAGCGCAATCC-1,7
s3-TGAGTACGCTGCTCAG-1,6
s3-TGAGTATTCTAGGACT-1,9
s3-TGAGTGACCTACTCGT-1,7
s3-TGAGTGAGATCGCTAA-1,3
s3-TGAGTGAGGCACGCCT-1,7
s3-TGAGTTGTTAGCACCG-1,4
s3-TGATAAGCAGTAAGAA-1,9
s3-TGATAGGAGCATCAAC-1,3
s3-TGATCCGCACTCCTTA-1,7
s3-TGATCGGACCTGGATG-1,7
s3-TGATGGAACTAACGAA-1,9
s3-TGATGGATGATCACGG-1,4
s3-TGATGGCCGGCATCGC-1,9
s3-TGATGGCTGCGACGAT-1,9
s3-TGATGGTTCCACTGAT-1,4
s3-TGATTAGAATGACATA-1,9
s3-TGATTCGTCTGGATCT-1,9
s3-TGCAACAGTGAAGCTC-1,9
s3-TGCAACGTTACCTGGT-1,7
s3-TGCACCGGTCACCTCC-1,6
s3-TGCACGAGTAGAGTTA-1,8
s3-TGCACGAGTGTCAGCC-1,9
s3-TGCACGCTCCTATCCG-1,8
s3-TGCACGGCTGAGACTT-1,7
s3-TGCACGGCTGGTAAGG-1,9
s3-TGCACGGTAGACGGTA-1,9
s3-TGCACGTAGTTCGAAG-1,9
s3-TGCACGTGATTATCAA-1,4
s3-TGCACTCCAGCTACTC-1,8
s3-TGCAGAATCGGAGGCT-1,9
s3-TGCAGACAATACTGTT-1,2
s3-TGCAGAGCCTTGCCGG-1,6
s3-TGCAGAGGTCGTAATT-1,9
s3-TGCAGTACAACGAGTG-1,9
s3-TGCAGTCGAGCACCAA-1,5
s3-TGCAGTTATTCCACTC-1,3
s3-TGCATTAATGGCCACC-1,9
s3-TGCATTCACGTGTACT-1,4
s3-TGCATTCGCCAGCGAT-1,10
s3-TGCATTCGCTACAATG-1,4
s3-TGCATTCTTACGGAGG-1,9
s3-TGCATTGCTGTCGGCG-1,2
s3-TGCCAATCCATGTCTA-1,3
s3-TGCCACAATGCTACCG-1,8
s3-TGCCACTATCAGGCAG-1,6
s3-TGCCACTCAACCGGCC-1,8
s3-TGCCAGCTATTGTAGA-1,7
s3-TGCCAGGATGAGGTTC-1,9
s3-TGCCAGTGATTCGTGC-1,3
s3-TGCCGAATCAAGCGTC-1,6
s3-TGCCGACGATGAACTG-1,9
s3-TGCCGAGTTAAGAACG-1,7
s3-TGCCGGAACTTAGGCA-1,5
s3-TGCCGGCATTATAGAT-1,9
s3-TGCCTAAGTTAATTAT-1,3
s3-TGCCTACGCAGGCTGC-1,6
s3-TGCCTATCAATGCCAT-1,7
s3-TGCCTATCGGCTATGT-1,3
s3-TGCCTATGGACTGGTC-1,4
s3-TGCCTTAGGCGTCTAT-1,5
s3-TGCGAATTCTCCGCAC-1,4
s3-TGCGACTACGTGCGAG-1,2
s3-TGCGAGCCAGACGAAT-1,10
s3-TGCGATCTTGCTCGAT-1,7
s3-TGCGATTAGCTCCGCC-1,7
s3-TGCGCCGAACGGACTC-1,7
s3-TGCGCCGATCGCGAAG-1,7
s3-TGCGCCTCTGGCTACA-1,6
s3-TGCGCCTCTTCGGCGA-1,6
s3-TGCGCTCATAGAACGA-1,7
s3-TGCGGACCATGGTACC-1,4
s3-TGCGGACGATACGGAC-1,9
s3-TGCGGACTCACGTGAT-1,3
s3-TGCGGACTTAACTTCC-1,2
s3-TGCGGACTTCTGTCGC-1,9
s3-TGCGGATCATCCTAGA-1,10
s3-TGCGGATCGGATCTTA-1,7
s3-TGCGTATCTTGTACCG-1,3
s3-TGCGTCTGGATCGGAT-1,8
s3-TGCGTGTCAGCCAGTG-1,5
s3-TGCGTGTCGGCGGATA-1,7
s3-TGCGTTAGCACGTACC-1,4
s3-TGCGTTATGTTCCGGA-1,6
s3-TGCGTTGTATTGCCTG-1,9
s3-TGCTACGCTGCGTGGA-1,1
s3-TGCTACTTGTGGCTGG-1,7
s3-TGCTATAATGTCGCTG-1,4
s3-TGCTATCCATGTAATA-1,7
s3-TGCTATCCTAAGACGA-1,10
s3-TGCTATGGTTGCGACA-1,8
s3-TGCTATTGCGGCGTGG-1,8
s3-TGCTATTGTCAAGGAG-1,9
s3-TGCTCAGATTGGTAGC-1,9
s3-TGCTCCTAACGGAAGA-1,1
s3-TGCTGTATTAGCGGTC-1,4
s3-TGCTGTCAGAACGAAG-1,9
s3-TGCTGTCTTGTTAATG-1,4
s3-TGCTGTGAAGTCAAGA-1,7
s3-TGCTTACTCACCGGTC-1,10
s3-TGCTTAGCTCCTGGCT-1,2
s3-TGCTTAGTTGACTTAC-1,6
s3-TGCTTATGAATAAGCA-1,4
s3-TGCTTATGACGCTGGC-1,2
s3-TGCTTATGCGGTTCTG-1,8
s3-TGGAAGACTAGTCTTG-1,7
s3-TGGAAGCCATAACAGT-1,6
s3-TGGAAGCTCCATCGAC-1,7
s3-TGGAAGGTTCGCTTGC-1,4
s3-TGGAAGTCTGGACTAA-1,4
s3-TGGACGCCTGCGACCG-1,7
s3-TGGACTGAGTACCTAG-1,7
s3-TGGAGTGAACGCGGTC-1,8
s3-TGGAGTGATGGCTCTT-1,3
s3-TGGAGTGCTCCTGATC-1,4
s3-TGGAGTTGGTGAATCA-1,4
s3-TGGATCATTGTAACGG-1,7
s3-TGGATCCAGTCACTTC-1,4
s3-TGGCAAGCGACACTTA-1,7
s3-TGGCATGCGTTCACGC-1,8
s3-TGGCATGTTCGAACAG-1,10
s3-TGGCCAACATTCTGAG-1,9
s3-TGGCCAAGCTGGCACC-1,1
s3-TGGCCACTCCGCGGAC-1,9
s3-TGGCCACTCCTGAGTG-1,9
s3-TGGCCAGAGTATCTCC-1,9
s3-TGGCCAGATCCGGACA-1,7
s3-TGGCCTGACATACTCA-1,7
s3-TGGCCTGGCACTGTGG-1,3
s3-TGGCGAATTCTATGGT-1,6
s3-TGGCGACACTGCCGGA-1,2
s3-TGGCGACAGCACGGCC-1,4
s3-TGGCGAGCCACTAGCG-1,7
s3-TGGCGAGCTCCACGTG-1,6
s3-TGGCTCCGCATCAGAT-1,3
s3-TGGTACAAGACACTGA-1,5
s3-TGGTACCAGATTGTTA-1,8
s3-TGGTACGGACGTAGTT-1,6
s3-TGGTACGGTCGGCGAA-1,3
s3-TGGTACGTGCTGTTGA-1,6
s3-TGGTACTGACCGCTGC-1,6
s3-TGGTACTGGTATCTTG-1,2
s3-TGGTAGCATCAAGTCT-1,9
s3-TGGTAGCCAGTTGACA-1,2
s3-TGGTATGCAAGTCTAT-1,9
s3-TGGTATTAGCTAGACC-1,4
s3-TGGTATTCCTAGTCCA-1,4
s3-TGGTATTGAGTTGTAA-1,9
s3-TGGTCGAGATCTGTAA-1,6
s3-TGGTCGCCGGCTTACT-1,7
s3-TGGTCTGCTCAGGTTG-1,7
s3-TGGTGCACGACCTTAG-1,3
s3-TGGTGCAGACCGAAGT-1,2
s3-TGGTGCAGTACCATGC-1,9
s3-TGGTGCATTGTAATCC-1,2
s3-TGGTGCCGCTGCAACA-1,2
s3-TGGTGCCTAGCACGGC-1,6
s3-TGGTGCGAGGTCGTAT-1,3
s3-TGGTTGAACACGCCAA-1,9
s3-TGGTTGCCTCCGGCTT-1,7
s3-TGGTTGGCGAAGCCTT-1,6
s3-TGGTTGGTATCGGCAT-1,6
s3-TGTAAGATCTTCACAT-1,4
s3-TGTAAGGTGAGCGACC-1,7
s3-TGTAATAGCCGATTAT-1,6
s3-TGTAATCATATGAGAC-1,7
s3-TGTAATCGAGACTGGC-1,6
s3-TGTAATGCACTACGAG-1,4
s3-TGTAATGCCTAACACC-1,6
s3-TGTAATTGTATCCTCG-1,2
s3-TGTACCAACTACGCAT-1,10
s3-TGTACCAATATTAGTC-1,4
s3-TGTACCACATACTGGT-1,9
s3-TGTAGCCGTACATAAC-1,6
s3-TGTAGGATCAGAGCGT-1,9
s3-TGTAGGCAGGTCTAGC-1,6
s3-TGTAGGTCACTACATG-1,9
s3-TGTAGGTCTGAACGCA-1,4
s3-TGTAGGTTCTGGCTTA-1,3
s3-TGTATCACGGTGGAAC-1,4
s3-TGTATGATTGTAGGTG-1,6
s3-TGTATGCAGGATTCAC-1,6
s3-TGTATGCCTATCTTAT-1,4
s3-TGTATGCTCGCCTAGT-1,4
s3-TGTATGGTGCCAAGGT-1,7
s3-TGTCAACTCATCAACG-1,7
s3-TGTCAAGCGGATCGGT-1,4
s3-TGTCACAGACGTATCC-1,7
s3-TGTCAGAAGTTGTAAC-1,2
s3-TGTCAGTGGCTTCCAT-1,7
s3-TGTCATGCATGAGCAC-1,7
s3-TGTCCATGTATGGAAT-1,7
s3-TGTCCTCAACGTTCTA-1,6
s3-TGTCGAGTGCGTTAGC-1,2
s3-TGTCGATTCACGTAGT-1,4
s3-TGTCGCGGAAGAGCTA-1,5
s3-TGTCGTTCATACGATA-1,7
s3-TGTCTAAGCAGACGTA-1,8
s3-TGTCTGTAAGCGAACT-1,8
s3-TGTCTTGCGACTAATT-1,3
s3-TGTCTTGGAATTGGCA-1,7
s3-TGTTAAGGAAGTCTTA-1,4
s3-TGTTACCTATTGGACA-1,7
s3-TGTTCACTGTCTTCCT-1,1
s3-TGTTCAGAACGGTGTA-1,7
s3-TGTTCATAGTATGACG-1,9
s3-TGTTCATTGGTCCAAG-1,9
s3-TGTTCCTCACATTAAT-1,9
s3-TGTTCTGCTCTGTCGT-1,7
s3-TGTTGCGTCCAAGATT-1,4
s3-TGTTGGAACCTTCCGC-1,3
s3-TGTTGGAACGAGGTCA-1,2
s3-TGTTGGATGGACTTCT-1,8
s3-TGTTGGCCAGACCTAC-1,9
s3-TGTTGGCCTACACGTG-1,6
