,cluster
Mux2-ACAAGCTAACAAGCTA,3
Mux2-ACAAGCTACTGTAGCC,3
Mux2-ACAAGCTAAGTACAAG,3
Mux2-ACAAGCTAAACAACCA,3
Mux2-ACAAGCTAAACCGAGA,3
Mux2-ACAAGCTAAACGCTTA,3
Mux2-ACAAGCTAAAGACGGA,3
Mux2-ACAAGCTAAAGGTACA,3
Mux2-ACAAGCTAACACAGAA,3
Mux2-ACAAGCTAACAGCAGA,3
Mux2-ACAAGCTAAAACATCG,0
Mux2-ACAAGCTAACCTCCAA,3
Mux2-ACAAGCTAACGCTCGA,3
Mux2-ACAAGCTAACGTATCA,3
Mux2-ACAAGCTAACTATGCA,3
Mux2-ACAAGCTAAGAGTCAA,3
Mux2-ACAAGCTAAGATCGCA,3
Mux2-ACAAGCTAAGCAGGAA,4
Mux2-ACAAGCTAAGTCACTA,4
Mux2-ACAAGCTAATCCTGTA,4
Mux2-ACAAGCTAATTGAGGA,4
Mux2-ACAAGCTAATGCCTAA,8
Mux2-ACAAGCTACAACCACA,4
Mux2-ACAAGCTAGACTAGTA,4
Mux2-ACAAGCTACAATGGAA,8
Mux2-ACAAGCTACACTTCGA,3
Mux2-ACAAGCTACAGCGTTA,12
Mux2-ACAAGCTACCGAAGTA,4
Mux2-ACAAGCTACCGTGAGA,6
Mux2-ACAAGCTACCTCCTGA,4
Mux2-ACAAGCTAAGTGGTCA,8
Mux2-ACAAGCTACGAACTTA,6
Mux2-ACAAGCTACGACTGGA,5
Mux2-ACAAGCTACGCATACA,6
Mux2-ACAAGCTACTCAATGA,6
Mux2-ACAAGCTACTGAGCCA,6
Mux2-ACAAGCTACTGGCATA,6
Mux2-ACAAGCTAGAATCTGA,5
Mux2-ACAAGCTACAAGACTA,6
Mux2-ACAAGCTAGAGCTGAA,5
Mux2-ACAAGCTAGATAGACA,5
Mux2-ACAAGCTAACCACTGT,0
Mux2-ACAAGCTAGCCACATA,6
Mux2-ACAAGCTAACATTGGC,0
Mux2-ACAAGCTACAGATCTG,3
Mux2-ACAAGCTACATCAAGT,3
Mux2-ACAAGCTACGCTGATC,3
Mux2-CTGTAGCCAACGTGAT,0
Mux2-CTGTAGCCACAAGCTA,3
Mux2-CTGTAGCCCTGTAGCC,3
Mux2-CTGTAGCCAGTACAAG,3
Mux2-CTGTAGCCAACAACCA,3
Mux2-CTGTAGCCAACCGAGA,3
Mux2-CTGTAGCCAACGCTTA,3
Mux2-CTGTAGCCAAGACGGA,3
Mux2-CTGTAGCCAAGGTACA,3
Mux2-CTGTAGCCACACAGAA,3
Mux2-CTGTAGCCACAGCAGA,3
Mux2-CTGTAGCCAAACATCG,3
Mux2-CTGTAGCCACCTCCAA,3
Mux2-CTGTAGCCACGCTCGA,3
Mux2-CTGTAGCCACGTATCA,3
Mux2-CTGTAGCCACTATGCA,3
Mux2-CTGTAGCCAGAGTCAA,3
Mux2-CTGTAGCCAGATCGCA,3
Mux2-CTGTAGCCAGCAGGAA,4
Mux2-CTGTAGCCAGTCACTA,4
Mux2-CTGTAGCCATCCTGTA,4
Mux2-CTGTAGCCATTGAGGA,4
Mux2-CTGTAGCCATGCCTAA,8
Mux2-CTGTAGCCCAACCACA,4
Mux2-CTGTAGCCGACTAGTA,4
Mux2-CTGTAGCCCAATGGAA,4
Mux2-CTGTAGCCCACTTCGA,4
Mux2-CTGTAGCCCAGCGTTA,4
Mux2-CTGTAGCCCATACCAA,3
Mux2-CTGTAGCCCCGAAGTA,3
Mux2-CTGTAGCCCCGTGAGA,4
Mux2-CTGTAGCCCCTCCTGA,4
Mux2-CTGTAGCCCGAACTTA,6
Mux2-CTGTAGCCCGACTGGA,6
Mux2-CTGTAGCCCTCAATGA,6
Mux2-CTGTAGCCCTGAGCCA,6
Mux2-CTGTAGCCCTGGCATA,6
Mux2-CTGTAGCCGAATCTGA,6
Mux2-CTGTAGCCCAAGACTA,6
Mux2-CTGTAGCCGAGCTGAA,6
Mux2-CTGTAGCCGATAGACA,5
Mux2-CTGTAGCCGCCACATA,6
Mux2-CTGTAGCCACATTGGC,0
Mux2-CTGTAGCCCAGATCTG,0
Mux2-CTGTAGCCCATCAAGT,3
Mux2-CTGTAGCCCGCTGATC,3
Mux2-AGTACAAGAACGTGAT,0
Mux2-AGTACAAGACAAGCTA,3
Mux2-AGTACAAGCTGTAGCC,3
Mux2-AGTACAAGAGTACAAG,3
Mux2-AGTACAAGAACAACCA,3
Mux2-AGTACAAGAACCGAGA,3
Mux2-AGTACAAGAACGCTTA,3
Mux2-AGTACAAGAAGACGGA,3
Mux2-AGTACAAGAAGGTACA,3
Mux2-AGTACAAGACACAGAA,3
Mux2-AGTACAAGACAGCAGA,3
Mux2-AGTACAAGAAACATCG,3
Mux2-AGTACAAGACCTCCAA,3
Mux2-AGTACAAGACGCTCGA,3
Mux2-AGTACAAGACGTATCA,3
Mux2-AGTACAAGACTATGCA,3
Mux2-AGTACAAGAGAGTCAA,3
Mux2-AGTACAAGAGATCGCA,3
Mux2-AGTACAAGAGCAGGAA,4
Mux2-AGTACAAGAGTCACTA,4
Mux2-AGTACAAGATCCTGTA,4
Mux2-AGTACAAGATTGAGGA,4
Mux2-AGTACAAGATGCCTAA,8
Mux2-AGTACAAGCAACCACA,4
Mux2-AGTACAAGGACTAGTA,4
Mux2-AGTACAAGCAATGGAA,4
Mux2-AGTACAAGCACTTCGA,4
Mux2-AGTACAAGCAGCGTTA,4
Mux2-AGTACAAGCATACCAA,4
Mux2-AGTACAAGCCAGTTCA,4
Mux2-AGTACAAGCCGAAGTA,4
Mux2-AGTACAAGCCGTGAGA,4
Mux2-AGTACAAGCCTCCTGA,4
Mux2-AGTACAAGCGAACTTA,4
Mux2-AGTACAAGCGACTGGA,6
Mux2-AGTACAAGCTCAATGA,6
Mux2-AGTACAAGCTGAGCCA,6
Mux2-AGTACAAGCTGGCATA,6
Mux2-AGTACAAGGAATCTGA,6
Mux2-AGTACAAGCAAGACTA,6
Mux2-AGTACAAGGAGCTGAA,5
Mux2-AGTACAAGGATAGACA,5
Mux2-AGTACAAGACCACTGT,0
Mux2-AGTACAAGGCCACATA,6
Mux2-AGTACAAGACATTGGC,0
Mux2-AGTACAAGCAGATCTG,3
Mux2-AGTACAAGCATCAAGT,3
Mux2-AGTACAAGCGCTGATC,3
Mux2-AACAACCAAACGTGAT,0
Mux2-AACAACCAACAAGCTA,3
Mux2-AACAACCACTGTAGCC,3
Mux2-AACAACCAAGTACAAG,3
Mux2-AACAACCAAACAACCA,3
Mux2-AACAACCAAACCGAGA,3
Mux2-AACAACCAAACGCTTA,3
Mux2-AACAACCAAAGACGGA,3
Mux2-AACAACCAAAGGTACA,3
Mux2-AACAACCAACACAGAA,3
Mux2-AACAACCAACAGCAGA,3
Mux2-AACAACCAAAACATCG,3
Mux2-AACAACCAACCTCCAA,3
Mux2-AACAACCAACGCTCGA,3
Mux2-AACAACCAACGTATCA,3
Mux2-AACAACCAACTATGCA,3
Mux2-AACAACCAAGAGTCAA,3
Mux2-AACAACCAAGATCGCA,3
Mux2-AACAACCAAGCAGGAA,8
Mux2-AACAACCAAGTCACTA,8
Mux2-AACAACCAATCCTGTA,4
Mux2-AACAACCAATTGAGGA,8
Mux2-AACAACCAATGCCTAA,3
Mux2-AACAACCACAACCACA,4
Mux2-AACAACCAGACTAGTA,4
Mux2-AACAACCACAATGGAA,4
Mux2-AACAACCACACTTCGA,4
Mux2-AACAACCACAGCGTTA,4
Mux2-AACAACCACATACCAA,4
Mux2-AACAACCACCAGTTCA,4
Mux2-AACAACCACCGAAGTA,4
Mux2-AACAACCACCGTGAGA,4
Mux2-AACAACCACCTCCTGA,4
Mux2-AACAACCAAGTGGTCA,3
Mux2-AACAACCACGACTGGA,6
Mux2-AACAACCACGCATACA,6
Mux2-AACAACCACTCAATGA,6
Mux2-AACAACCACTGAGCCA,6
Mux2-AACAACCACTGGCATA,6
Mux2-AACAACCAGAATCTGA,6
Mux2-AACAACCACAAGACTA,6
Mux2-AACAACCAGAGCTGAA,6
Mux2-AACAACCAGATAGACA,5
Mux2-AACAACCAACCACTGT,0
Mux2-AACAACCAGCCACATA,6
Mux2-AACAACCAACATTGGC,0
Mux2-AACAACCACAGATCTG,3
Mux2-AACAACCACATCAAGT,3
Mux2-AACAACCACGCTGATC,3
Mux2-AACCGAGAAACGTGAT,0
Mux2-AACCGAGAACAAGCTA,3
Mux2-AACCGAGACTGTAGCC,3
Mux2-AACCGAGAAGTACAAG,3
Mux2-AACCGAGAAACAACCA,3
Mux2-AACCGAGAAACCGAGA,3
Mux2-AACCGAGAAACGCTTA,3
Mux2-AACCGAGAAAGACGGA,3
Mux2-AACCGAGAAAGGTACA,3
Mux2-AACCGAGAACACAGAA,3
Mux2-AACCGAGAACAGCAGA,3
Mux2-AACCGAGAAAACATCG,3
Mux2-AACCGAGAACCTCCAA,3
Mux2-AACCGAGAACGCTCGA,3
Mux2-AACCGAGAACGTATCA,3
Mux2-AACCGAGAACTATGCA,3
Mux2-AACCGAGAAGAGTCAA,3
Mux2-AACCGAGAAGATCGCA,3
Mux2-AACCGAGAAGCAGGAA,8
Mux2-AACCGAGAAGTCACTA,8
Mux2-AACCGAGAATCCTGTA,8
Mux2-AACCGAGAATTGAGGA,8
Mux2-AACCGAGAATGCCTAA,3
Mux2-AACCGAGACAACCACA,8
Mux2-AACCGAGAGACTAGTA,4
Mux2-AACCGAGACAATGGAA,4
Mux2-AACCGAGACACTTCGA,4
Mux2-AACCGAGACAGCGTTA,4
Mux2-AACCGAGACATACCAA,4
Mux2-AACCGAGACCAGTTCA,4
Mux2-AACCGAGACCGAAGTA,4
Mux2-AACCGAGACCGTGAGA,4
Mux2-AACCGAGACCTCCTGA,4
Mux2-AACCGAGAAGTGGTCA,3
Mux2-AACCGAGACGAACTTA,4
Mux2-AACCGAGACGCATACA,6
Mux2-AACCGAGACTCAATGA,6
Mux2-AACCGAGACTGAGCCA,6
Mux2-AACCGAGACTGGCATA,6
Mux2-AACCGAGAGAATCTGA,6
Mux2-AACCGAGACAAGACTA,6
Mux2-AACCGAGAGAGCTGAA,5
Mux2-AACCGAGAGATAGACA,6
Mux2-AACCGAGAACCACTGT,0
Mux2-AACCGAGAGCCACATA,6
Mux2-AACCGAGAACATTGGC,0
Mux2-AACCGAGACAGATCTG,3
Mux2-AACCGAGACATCAAGT,3
Mux2-AACCGAGACGCTGATC,3
Mux2-AACGCTTAAACGTGAT,0
Mux2-AACGCTTAACAAGCTA,3
Mux2-AACGCTTACTGTAGCC,3
Mux2-AACGCTTAAGTACAAG,3
Mux2-AACGCTTAAACAACCA,3
Mux2-AACGCTTAAACCGAGA,3
Mux2-AACGCTTAAACGCTTA,3
Mux2-AACGCTTAAAGACGGA,3
Mux2-AACGCTTAAAGGTACA,3
Mux2-AACGCTTAACACAGAA,3
Mux2-AACGCTTAACAGCAGA,3
Mux2-AACGCTTAAAACATCG,3
Mux2-AACGCTTAACCTCCAA,3
Mux2-AACGCTTAACGCTCGA,3
Mux2-AACGCTTAACGTATCA,3
Mux2-AACGCTTAACTATGCA,3
Mux2-AACGCTTAAGAGTCAA,3
Mux2-AACGCTTAAGATCGCA,3
Mux2-AACGCTTAAGCAGGAA,3
Mux2-AACGCTTAAGTCACTA,8
Mux2-AACGCTTAATCCTGTA,8
Mux2-AACGCTTAATTGAGGA,8
Mux2-AACGCTTAATGCCTAA,3
Mux2-AACGCTTACAACCACA,8
Mux2-AACGCTTAGACTAGTA,4
Mux2-AACGCTTACAATGGAA,4
Mux2-AACGCTTACACTTCGA,8
Mux2-AACGCTTACAGCGTTA,4
Mux2-AACGCTTACATACCAA,4
Mux2-AACGCTTACCAGTTCA,4
Mux2-AACGCTTACCGAAGTA,4
Mux2-AACGCTTACCGTGAGA,4
Mux2-AACGCTTACCTCCTGA,4
Mux2-AACGCTTAAGTGGTCA,3
Mux2-AACGCTTACGAACTTA,4
Mux2-AACGCTTACGACTGGA,4
Mux2-AACGCTTACGCATACA,6
Mux2-AACGCTTACTCAATGA,6
Mux2-AACGCTTACTGAGCCA,6
Mux2-AACGCTTACTGGCATA,6
Mux2-AACGCTTAGAATCTGA,6
Mux2-AACGCTTACAAGACTA,6
Mux2-AACGCTTAGAGCTGAA,5
Mux2-AACGCTTAGATAGACA,5
Mux2-AACGCTTAACCACTGT,0
Mux2-AACGCTTAGCCACATA,6
Mux2-AACGCTTAACATTGGC,0
Mux2-AACGCTTACAGATCTG,3
Mux2-AACGCTTACATCAAGT,3
Mux2-AACGCTTACGCTGATC,3
Mux2-AAGACGGAAACGTGAT,0
Mux2-AAGACGGAACAAGCTA,3
Mux2-AAGACGGACTGTAGCC,0
Mux2-AAGACGGAAGTACAAG,3
Mux2-AAGACGGAAACAACCA,3
Mux2-AAGACGGAAACCGAGA,3
Mux2-AAGACGGAAACGCTTA,3
Mux2-AAGACGGAAAGACGGA,3
Mux2-AAGACGGAAAGGTACA,3
Mux2-AAGACGGAACACAGAA,0
Mux2-AAGACGGAACAGCAGA,3
Mux2-AAGACGGAAAACATCG,3
Mux2-AAGACGGAACCTCCAA,10
Mux2-AAGACGGAACGCTCGA,10
Mux2-AAGACGGAACGTATCA,0
Mux2-AAGACGGAACTATGCA,0
Mux2-AAGACGGAAGAGTCAA,0
Mux2-AAGACGGAAGATCGCA,0
Mux2-AAGACGGAAGCAGGAA,4
Mux2-AAGACGGAAGTCACTA,8
Mux2-AAGACGGAATCCTGTA,8
Mux2-AAGACGGAATTGAGGA,8
Mux2-AAGACGGAATGCCTAA,3
Mux2-AAGACGGACAACCACA,8
Mux2-AAGACGGAGACTAGTA,8
Mux2-AAGACGGACAATGGAA,8
Mux2-AAGACGGACACTTCGA,8
Mux2-AAGACGGACAGCGTTA,8
Mux2-AAGACGGACATACCAA,4
Mux2-AAGACGGACCAGTTCA,4
Mux2-AAGACGGACCGAAGTA,4
Mux2-AAGACGGACCGTGAGA,4
Mux2-AAGACGGACCTCCTGA,4
Mux2-AAGACGGAAGTGGTCA,3
Mux2-AAGACGGACGAACTTA,4
Mux2-AAGACGGACGACTGGA,5
Mux2-AAGACGGACTCAATGA,6
Mux2-AAGACGGACTGAGCCA,6
Mux2-AAGACGGACTGGCATA,6
Mux2-AAGACGGAGAATCTGA,6
Mux2-AAGACGGACAAGACTA,6
Mux2-AAGACGGAGAGCTGAA,5
Mux2-AAGACGGAGATAGACA,6
Mux2-AAGACGGAACCACTGT,0
Mux2-AAGACGGAGCCACATA,6
Mux2-AAGACGGAACATTGGC,0
Mux2-AAGACGGACAGATCTG,3
Mux2-AAGACGGACATCAAGT,3
Mux2-AAGACGGACGCTGATC,0
Mux2-AAGGTACAAACGTGAT,0
Mux2-AAGGTACAACAAGCTA,3
Mux2-AAGGTACACTGTAGCC,3
Mux2-AAGGTACAAGTACAAG,4
Mux2-AAGGTACAAACAACCA,0
Mux2-AAGGTACAAACCGAGA,0
Mux2-AAGGTACAAACGCTTA,0
Mux2-AAGGTACAAAGACGGA,0
Mux2-AAGGTACAAAGGTACA,3
Mux2-AAGGTACAACACAGAA,3
Mux2-AAGGTACAACAGCAGA,3
Mux2-AAGGTACAAAACATCG,0
Mux2-AAGGTACAACCTCCAA,3
Mux2-AAGGTACAACGCTCGA,0
Mux2-AAGGTACAACGTATCA,0
Mux2-AAGGTACAACTATGCA,0
Mux2-AAGGTACAAGAGTCAA,0
Mux2-AAGGTACAAGATCGCA,0
Mux2-AAGGTACAAGCAGGAA,4
Mux2-AAGGTACAAGTCACTA,8
Mux2-AAGGTACAATCCTGTA,8
Mux2-AAGGTACAATTGAGGA,8
Mux2-AAGGTACAATGCCTAA,8
Mux2-AAGGTACACAACCACA,8
Mux2-AAGGTACAGACTAGTA,8
Mux2-AAGGTACACAATGGAA,8
Mux2-AAGGTACACACTTCGA,8
Mux2-AAGGTACACAGCGTTA,4
Mux2-AAGGTACACATACCAA,4
Mux2-AAGGTACACCAGTTCA,4
Mux2-AAGGTACACCGAAGTA,4
Mux2-AAGGTACACCGTGAGA,4
Mux2-AAGGTACACCTCCTGA,4
Mux2-AAGGTACAAGTGGTCA,3
Mux2-AAGGTACACGAACTTA,4
Mux2-AAGGTACACGACTGGA,4
Mux2-AAGGTACACTCAATGA,6
Mux2-AAGGTACACTGAGCCA,6
Mux2-AAGGTACACTGGCATA,6
Mux2-AAGGTACAGAATCTGA,6
Mux2-AAGGTACACAAGACTA,5
Mux2-AAGGTACAGAGCTGAA,5
Mux2-AAGGTACAGATAGACA,6
Mux2-AAGGTACAACCACTGT,0
Mux2-AAGGTACAGCCACATA,6
Mux2-AAGGTACAACATTGGC,0
Mux2-AAGGTACACAGATCTG,0
Mux2-AAGGTACACATCAAGT,0
Mux2-AAGGTACACGCTGATC,3
Mux2-ACACAGAAAACGTGAT,0
Mux2-ACACAGAAACAAGCTA,3
Mux2-ACACAGAACTGTAGCC,3
Mux2-ACACAGAAAGTACAAG,4
Mux2-ACACAGAAAACAACCA,4
Mux2-ACACAGAAAACCGAGA,3
Mux2-ACACAGAAAACGCTTA,3
Mux2-ACACAGAAAAGACGGA,3
Mux2-ACACAGAAAAGGTACA,3
Mux2-ACACAGAAACACAGAA,3
Mux2-ACACAGAAACAGCAGA,3
Mux2-ACACAGAAAAACATCG,0
Mux2-ACACAGAAACCTCCAA,3
Mux2-ACACAGAAACGCTCGA,0
Mux2-ACACAGAAACGTATCA,0
Mux2-ACACAGAAACTATGCA,0
Mux2-ACACAGAAAGAGTCAA,0
Mux2-ACACAGAAAGATCGCA,0
Mux2-ACACAGAAAGCAGGAA,8
Mux2-ACACAGAAAGTCACTA,8
Mux2-ACACAGAAATCCTGTA,8
Mux2-ACACAGAAATTGAGGA,8
Mux2-ACACAGAACAACCACA,8
Mux2-ACACAGAAGACTAGTA,8
Mux2-ACACAGAACAATGGAA,8
Mux2-ACACAGAACACTTCGA,8
Mux2-ACACAGAACAGCGTTA,8
Mux2-ACACAGAACATACCAA,4
Mux2-ACACAGAACCAGTTCA,4
Mux2-ACACAGAACCGAAGTA,4
Mux2-ACACAGAACCGTGAGA,4
Mux2-ACACAGAACCTCCTGA,4
Mux2-ACACAGAACGAACTTA,4
Mux2-ACACAGAACGACTGGA,4
Mux2-ACACAGAACGCATACA,6
Mux2-ACACAGAACTCAATGA,6
Mux2-ACACAGAACTGAGCCA,6
Mux2-ACACAGAACTGGCATA,6
Mux2-ACACAGAAGAATCTGA,5
Mux2-ACACAGAACAAGACTA,5
Mux2-ACACAGAAGAGCTGAA,6
Mux2-ACACAGAAGATAGACA,6
Mux2-ACACAGAAACCACTGT,0
Mux2-ACACAGAAGCCACATA,6
Mux2-ACACAGAAACATTGGC,0
Mux2-ACACAGAACATCAAGT,3
Mux2-ACACAGAACGCTGATC,3
Mux2-ACAGCAGAAACGTGAT,0
Mux2-ACAGCAGAACAAGCTA,3
Mux2-ACAGCAGACTGTAGCC,3
Mux2-ACAGCAGAAGTACAAG,3
Mux2-ACAGCAGAAACAACCA,3
Mux2-ACAGCAGAAACCGAGA,3
Mux2-ACAGCAGAAACGCTTA,0
Mux2-ACAGCAGAAAGACGGA,0
Mux2-ACAGCAGAAAGGTACA,3
Mux2-ACAGCAGAACACAGAA,3
Mux2-ACAGCAGAACAGCAGA,3
Mux2-ACAGCAGAAAACATCG,3
Mux2-ACAGCAGAACCTCCAA,0
Mux2-ACAGCAGAACGCTCGA,0
Mux2-ACAGCAGAACGTATCA,0
Mux2-ACAGCAGAACTATGCA,0
Mux2-ACAGCAGAAGAGTCAA,0
Mux2-ACAGCAGAAGATCGCA,0
Mux2-ACAGCAGAAGCAGGAA,8
Mux2-ACAGCAGAAGTCACTA,8
Mux2-ACAGCAGAATCCTGTA,8
Mux2-ACAGCAGAATTGAGGA,8
Mux2-ACAGCAGACAACCACA,8
Mux2-ACAGCAGAGACTAGTA,8
Mux2-ACAGCAGACAATGGAA,8
Mux2-ACAGCAGACACTTCGA,8
Mux2-ACAGCAGACAGCGTTA,8
Mux2-ACAGCAGACATACCAA,4
Mux2-ACAGCAGACCAGTTCA,4
Mux2-ACAGCAGACCGAAGTA,4
Mux2-ACAGCAGACCGTGAGA,4
Mux2-ACAGCAGACCTCCTGA,4
Mux2-ACAGCAGACGAACTTA,4
Mux2-ACAGCAGACGACTGGA,4
Mux2-ACAGCAGACGCATACA,6
Mux2-ACAGCAGACTCAATGA,6
Mux2-ACAGCAGACTGAGCCA,6
Mux2-ACAGCAGACTGGCATA,6
Mux2-ACAGCAGAGAATCTGA,5
Mux2-ACAGCAGACAAGACTA,5
Mux2-ACAGCAGAGAGCTGAA,6
Mux2-ACAGCAGAGATAGACA,6
Mux2-ACAGCAGAGCCACATA,6
Mux2-ACAGCAGACAGATCTG,8
Mux2-ACAGCAGACATCAAGT,8
Mux2-ACAGCAGACGCTGATC,8
Mux2-AACGTGATAACGTGAT,11
Mux2-AACGTGATACAAGCTA,11
Mux2-AACGTGATCTGTAGCC,11
Mux2-AACGTGATAGTACAAG,11
Mux2-AACGTGATAACGCTTA,11
Mux2-AACGTGATAAGACGGA,11
Mux2-AACGTGATAAGGTACA,11
Mux2-AACGTGATACACAGAA,11
Mux2-AACGTGATACAGCAGA,11
Mux2-AACGTGATAAACATCG,11
Mux2-AACGTGATACCTCCAA,11
Mux2-AACGTGATACGCTCGA,11
Mux2-AACGTGATACGTATCA,11
Mux2-AACGTGATACTATGCA,11
Mux2-AACGTGATAGAGTCAA,11
Mux2-AACGTGATAGCAGGAA,3
Mux2-AACGTGATATCCTGTA,7
Mux2-AACGTGATATGCCTAA,11
Mux2-AACGTGATAGTGGTCA,11
Mux2-AACGTGATGAGCTGAA,6
Mux2-AACGTGATGATAGACA,6
Mux2-AACGTGATACCACTGT,11
Mux2-AACGTGATGCCACATA,6
Mux2-AACGTGATACATTGGC,11
Mux2-AACGTGATCAGATCTG,11
Mux2-AACGTGATCATCAAGT,11
Mux2-AACGTGATCGCTGATC,11
Mux2-ACCTCCAAAACGTGAT,0
Mux2-ACCTCCAAACAAGCTA,0
Mux2-ACCTCCAACTGTAGCC,0
Mux2-ACCTCCAAAGTACAAG,3
Mux2-ACCTCCAAAACAACCA,0
Mux2-ACCTCCAAAACCGAGA,3
Mux2-ACCTCCAAAACGCTTA,0
Mux2-ACCTCCAAAAGACGGA,0
Mux2-ACCTCCAAAAGGTACA,3
Mux2-ACCTCCAAACACAGAA,3
Mux2-ACCTCCAAACAGCAGA,0
Mux2-ACCTCCAAAAACATCG,0
Mux2-ACCTCCAAACCTCCAA,0
Mux2-ACCTCCAAACGCTCGA,0
Mux2-ACCTCCAAACGTATCA,0
Mux2-ACCTCCAAACTATGCA,0
Mux2-ACCTCCAAAGAGTCAA,0
Mux2-ACCTCCAAAGATCGCA,0
Mux2-ACCTCCAAAGCAGGAA,8
Mux2-ACCTCCAAAGTCACTA,8
Mux2-ACCTCCAAATCCTGTA,8
Mux2-ACCTCCAAATTGAGGA,8
Mux2-ACCTCCAAATGCCTAA,0
Mux2-ACCTCCAACAACCACA,8
Mux2-ACCTCCAAGACTAGTA,8
Mux2-ACCTCCAACAATGGAA,8
Mux2-ACCTCCAACACTTCGA,8
Mux2-ACCTCCAACAGCGTTA,8
Mux2-ACCTCCAACATACCAA,4
Mux2-ACCTCCAACCAGTTCA,4
Mux2-ACCTCCAACCGAAGTA,4
Mux2-ACCTCCAACCGTGAGA,4
Mux2-ACCTCCAACCTCCTGA,4
Mux2-ACCTCCAAAGTGGTCA,3
Mux2-ACCTCCAACGAACTTA,4
Mux2-ACCTCCAACGACTGGA,4
Mux2-ACCTCCAACGCATACA,6
Mux2-ACCTCCAACTCAATGA,6
Mux2-ACCTCCAACTGAGCCA,6
Mux2-ACCTCCAACTGGCATA,6
Mux2-ACCTCCAAGAATCTGA,5
Mux2-ACCTCCAACAAGACTA,6
Mux2-ACCTCCAAGAGCTGAA,6
Mux2-ACCTCCAAGATAGACA,6
Mux2-ACCTCCAAACCACTGT,0
Mux2-ACCTCCAAGCCACATA,6
Mux2-ACCTCCAAACATTGGC,0
Mux2-ACCTCCAACAGATCTG,0
Mux2-ACCTCCAACATCAAGT,0
Mux2-ACCTCCAACGCTGATC,0
Mux2-ACGCTCGAAACGTGAT,0
Mux2-ACGCTCGAACAAGCTA,3
Mux2-ACGCTCGACTGTAGCC,3
Mux2-ACGCTCGAAGTACAAG,3
Mux2-ACGCTCGAAACAACCA,3
Mux2-ACGCTCGAAACCGAGA,3
Mux2-ACGCTCGAAACGCTTA,3
Mux2-ACGCTCGAAAGACGGA,3
Mux2-ACGCTCGAAAGGTACA,3
Mux2-ACGCTCGAACACAGAA,3
Mux2-ACGCTCGAACAGCAGA,3
Mux2-ACGCTCGAAAACATCG,0
Mux2-ACGCTCGAACCTCCAA,3
Mux2-ACGCTCGAACGCTCGA,3
Mux2-ACGCTCGAACGTATCA,0
Mux2-ACGCTCGAACTATGCA,3
Mux2-ACGCTCGAAGAGTCAA,0
Mux2-ACGCTCGAAGATCGCA,0
Mux2-ACGCTCGAAGCAGGAA,8
Mux2-ACGCTCGAAGTCACTA,8
Mux2-ACGCTCGAATTGAGGA,8
Mux2-ACGCTCGAATGCCTAA,3
Mux2-ACGCTCGACAACCACA,8
Mux2-ACGCTCGAGACTAGTA,8
Mux2-ACGCTCGACAATGGAA,8
Mux2-ACGCTCGACACTTCGA,8
Mux2-ACGCTCGACAGCGTTA,8
Mux2-ACGCTCGACATACCAA,8
Mux2-ACGCTCGACCAGTTCA,4
Mux2-ACGCTCGACCGAAGTA,4
Mux2-ACGCTCGACCGTGAGA,4
Mux2-ACGCTCGACCTCCTGA,4
Mux2-ACGCTCGACGAACTTA,4
Mux2-ACGCTCGACGACTGGA,4
Mux2-ACGCTCGACGCATACA,6
Mux2-ACGCTCGACTCAATGA,6
Mux2-ACGCTCGACTGAGCCA,6
Mux2-ACGCTCGACTGGCATA,6
Mux2-ACGCTCGAGAATCTGA,5
Mux2-ACGCTCGACAAGACTA,6
Mux2-ACGCTCGAGAGCTGAA,6
Mux2-ACGCTCGAGATAGACA,6
Mux2-ACGCTCGAACCACTGT,0
Mux2-ACGCTCGAGCCACATA,6
Mux2-ACGCTCGAACATTGGC,0
Mux2-ACGCTCGACAGATCTG,0
Mux2-ACGCTCGACATCAAGT,0
Mux2-ACGCTCGACGCTGATC,3
Mux2-ACGTATCAAACGTGAT,0
Mux2-ACGTATCAACAAGCTA,3
Mux2-ACGTATCACTGTAGCC,3
Mux2-ACGTATCAAGTACAAG,3
Mux2-ACGTATCAAACAACCA,3
Mux2-ACGTATCAAACCGAGA,3
Mux2-ACGTATCAACACAGAA,3
Mux2-ACGTATCAACAGCAGA,3
Mux2-ACGTATCAAAACATCG,3
Mux2-ACGTATCAACCTCCAA,3
Mux2-ACGTATCAACGCTCGA,3
Mux2-ACGTATCAACGTATCA,0
Mux2-ACGTATCAACTATGCA,0
Mux2-ACGTATCAAGAGTCAA,0
Mux2-ACGTATCAAGATCGCA,0
Mux2-ACGTATCAAGCAGGAA,8
Mux2-ACGTATCAAGTCACTA,8
Mux2-ACGTATCAATCCTGTA,8
Mux2-ACGTATCAATTGAGGA,8
Mux2-ACGTATCACAACCACA,8
Mux2-ACGTATCAGACTAGTA,8
Mux2-ACGTATCACAATGGAA,8
Mux2-ACGTATCACACTTCGA,8
Mux2-ACGTATCACAGCGTTA,8
Mux2-ACGTATCACATACCAA,8
Mux2-ACGTATCACCAGTTCA,4
Mux2-ACGTATCACCGAAGTA,4
Mux2-ACGTATCACCGTGAGA,4
Mux2-ACGTATCACCTCCTGA,4
Mux2-ACGTATCACGAACTTA,4
Mux2-ACGTATCACGACTGGA,4
Mux2-ACGTATCACGCATACA,4
Mux2-ACGTATCACTCAATGA,6
Mux2-ACGTATCACTGAGCCA,6
Mux2-ACGTATCACTGGCATA,6
Mux2-ACGTATCAGAATCTGA,6
Mux2-ACGTATCACAAGACTA,6
Mux2-ACGTATCAGAGCTGAA,6
Mux2-ACGTATCAGATAGACA,6
Mux2-ACGTATCAACCACTGT,0
Mux2-ACGTATCAGCCACATA,6
Mux2-ACGTATCAACATTGGC,0
Mux2-ACGTATCACAGATCTG,0
Mux2-ACGTATCACATCAAGT,3
Mux2-ACGTATCACGCTGATC,3
Mux2-ACTATGCAAACGTGAT,0
Mux2-ACTATGCAACAAGCTA,0
Mux2-ACTATGCACTGTAGCC,0
Mux2-ACTATGCAAGTACAAG,0
Mux2-ACTATGCAAAGGTACA,3
Mux2-ACTATGCAACACAGAA,3
Mux2-ACTATGCAACAGCAGA,3
Mux2-ACTATGCAACCTCCAA,3
Mux2-ACTATGCAACGCTCGA,3
Mux2-ACTATGCAACGTATCA,0
Mux2-ACTATGCAACTATGCA,0
Mux2-ACTATGCAAGAGTCAA,0
Mux2-ACTATGCAAGATCGCA,0
Mux2-ACTATGCAAGCAGGAA,8
Mux2-ACTATGCAAGTCACTA,8
Mux2-ACTATGCAATCCTGTA,8
Mux2-ACTATGCAATTGAGGA,8
Mux2-ACTATGCACAACCACA,8
Mux2-ACTATGCAGACTAGTA,8
Mux2-ACTATGCACAATGGAA,8
Mux2-ACTATGCACACTTCGA,8
Mux2-ACTATGCACAGCGTTA,8
Mux2-ACTATGCACATACCAA,8
Mux2-ACTATGCACCAGTTCA,4
Mux2-ACTATGCACCGAAGTA,4
Mux2-ACTATGCACCGTGAGA,4
Mux2-ACTATGCACCTCCTGA,4
Mux2-ACTATGCACGAACTTA,4
Mux2-ACTATGCACGACTGGA,4
Mux2-ACTATGCACGCATACA,4
Mux2-ACTATGCACTCAATGA,6
Mux2-ACTATGCACTGAGCCA,6
Mux2-ACTATGCAACCACTGT,0
Mux2-ACTATGCAGCCACATA,6
Mux2-ACTATGCAACATTGGC,0
Mux2-ACTATGCACAGATCTG,0
Mux2-ACTATGCACATCAAGT,0
Mux2-ACTATGCACGCTGATC,0
Mux2-AGAGTCAAACAAGCTA,0
Mux2-AGAGTCAAAACGCTTA,3
Mux2-AGAGTCAAAAGACGGA,3
Mux2-AGAGTCAAAAGGTACA,3
Mux2-AGAGTCAAACACAGAA,3
Mux2-AGAGTCAAACAGCAGA,3
Mux2-AGAGTCAAACCTCCAA,3
Mux2-AGAGTCAAACGCTCGA,3
Mux2-AGAGTCAAACGTATCA,0
Mux2-AGAGTCAAACTATGCA,0
Mux2-AGAGTCAAAGAGTCAA,0
Mux2-AGAGTCAAATCCTGTA,8
Mux2-AGAGTCAAATTGAGGA,8
Mux2-AGAGTCAACAACCACA,8
Mux2-AGAGTCAAGACTAGTA,8
Mux2-AGAGTCAACAATGGAA,8
Mux2-AGAGTCAACACTTCGA,8
Mux2-AGAGTCAACAGCGTTA,8
Mux2-AGAGTCAACATACCAA,8
Mux2-AGAGTCAACCAGTTCA,4
Mux2-AGAGTCAACCGAAGTA,4
Mux2-AGAGTCAACCGTGAGA,4
Mux2-AGAGTCAACCTCCTGA,4
Mux2-AGAGTCAACGAACTTA,4
Mux2-AGAGTCAACGACTGGA,4
Mux2-AGAGTCAACGCATACA,6
Mux2-AGAGTCAACTCAATGA,6
Mux2-AGAGTCAACTGAGCCA,6
Mux2-AGAGTCAACTGGCATA,6
Mux2-AGAGTCAAGAATCTGA,6
Mux2-AGAGTCAAGAGCTGAA,6
Mux2-AGAGTCAACAGATCTG,0
Mux2-AGAGTCAACATCAAGT,0
Mux2-AGAGTCAACGCTGATC,0
Mux2-AGATCGCAAACCGAGA,3
Mux2-AGATCGCAAACGCTTA,3
Mux2-AGATCGCAAAGACGGA,3
Mux2-AGATCGCAAAGGTACA,3
Mux2-AGATCGCAACACAGAA,3
Mux2-AGATCGCAACAGCAGA,3
Mux2-AGATCGCAATCCTGTA,8
Mux2-AGATCGCAATTGAGGA,8
Mux2-AGATCGCACAACCACA,8
Mux2-AGATCGCAGACTAGTA,8
Mux2-AGATCGCACAATGGAA,8
Mux2-AGATCGCACACTTCGA,8
Mux2-AGATCGCACAGCGTTA,8
Mux2-AGATCGCACATACCAA,8
Mux2-AGATCGCACCAGTTCA,4
Mux2-AGATCGCACCGAAGTA,4
Mux2-AGATCGCACCGTGAGA,4
Mux2-AGATCGCACCTCCTGA,4
Mux2-AGATCGCACGAACTTA,4
Mux2-AGATCGCACGACTGGA,4
Mux2-AGATCGCACGCATACA,6
Mux2-AGATCGCACTCAATGA,6
Mux2-AGATCGCACTGAGCCA,6
Mux2-AGATCGCACTGGCATA,6
Mux2-AGATCGCAGAATCTGA,6
Mux2-AGATCGCAGAGCTGAA,6
Mux2-AGCAGGAAAACAACCA,3
Mux2-AGCAGGAAAACCGAGA,3
Mux2-AGCAGGAAAACGCTTA,3
Mux2-AGCAGGAAAAGACGGA,3
Mux2-AGCAGGAAATTGAGGA,8
Mux2-AGCAGGAACAACCACA,8
Mux2-AGCAGGAAGACTAGTA,8
Mux2-AGCAGGAACAATGGAA,8
Mux2-AGCAGGAACACTTCGA,8
Mux2-AGCAGGAACAGCGTTA,8
Mux2-AGCAGGAACATACCAA,4
Mux2-AGCAGGAACCAGTTCA,4
Mux2-AGCAGGAACCGAAGTA,4
Mux2-AGCAGGAACCGTGAGA,4
Mux2-AGCAGGAACCTCCTGA,4
Mux2-AGCAGGAACGAACTTA,4
Mux2-AGCAGGAACGACTGGA,4
Mux2-AGCAGGAACGCATACA,6
Mux2-AGCAGGAACTCAATGA,6
Mux2-AGCAGGAACTGAGCCA,6
Mux2-AGCAGGAACTGGCATA,6
Mux2-AGCAGGAAGAATCTGA,6
Mux2-AGCAGGAAGCCACATA,6
Mux2-AGTCACTACTGTAGCC,3
Mux2-AGTCACTAAGTACAAG,3
Mux2-AGTCACTAAACAACCA,3
Mux2-AGTCACTAAACCGAGA,3
Mux2-AGTCACTAATCCTGTA,8
Mux2-AGTCACTAATTGAGGA,8
Mux2-AGTCACTACAACCACA,8
Mux2-AGTCACTAGACTAGTA,8
Mux2-AGTCACTACAATGGAA,8
Mux2-AGTCACTACACTTCGA,8
Mux2-AGTCACTACAGCGTTA,8
Mux2-AGTCACTACATACCAA,4
Mux2-AGTCACTACCAGTTCA,4
Mux2-AGTCACTACCGAAGTA,4
Mux2-AGTCACTACCGTGAGA,4
Mux2-AGTCACTACCTCCTGA,4
Mux2-AGTCACTACGAACTTA,4
Mux2-AGTCACTACGACTGGA,6
Mux2-AGTCACTACGCATACA,6
Mux2-AGTCACTACTCAATGA,6
Mux2-AGTCACTACTGAGCCA,6
Mux2-AGTCACTACTGGCATA,6
Mux2-AGTCACTAGAATCTGA,6
Mux2-AGTCACTAGCCACATA,6
Mux2-ATCCTGTAACAAGCTA,3
Mux2-ATCCTGTACTGTAGCC,3
Mux2-ATCCTGTAAGTACAAG,3
Mux2-ATCCTGTAACAGCAGA,3
Mux2-ATCCTGTAACCTCCAA,3
Mux2-ATCCTGTAACGCTCGA,3
Mux2-ATCCTGTAACGTATCA,3
Mux2-ATCCTGTAACTATGCA,10
Mux2-ATCCTGTAAGTCACTA,8
Mux2-ATCCTGTAATTGAGGA,8
Mux2-ATCCTGTACAACCACA,8
Mux2-ATCCTGTAGACTAGTA,8
Mux2-ATCCTGTACAATGGAA,8
Mux2-ATCCTGTACACTTCGA,8
Mux2-ATCCTGTACAGCGTTA,8
Mux2-ATCCTGTACATACCAA,8
Mux2-ATCCTGTACCAGTTCA,4
Mux2-ATCCTGTACCGAAGTA,4
Mux2-ATCCTGTACCGTGAGA,4
Mux2-ATCCTGTACCTCCTGA,4
Mux2-ATCCTGTACGAACTTA,4
Mux2-ATCCTGTACGACTGGA,6
Mux2-ATCCTGTACGCATACA,6
Mux2-ATCCTGTACTCAATGA,6
Mux2-ATCCTGTACTGAGCCA,6
Mux2-ATCCTGTACTGGCATA,6
Mux2-ATCCTGTAGAATCTGA,6
Mux2-ATCCTGTAGCCACATA,6
Mux2-ATTGAGGAACAAGCTA,3
Mux2-ATTGAGGACTGTAGCC,3
Mux2-ATTGAGGAAACGCTTA,10
Mux2-ATTGAGGAAAGACGGA,3
Mux2-ATTGAGGAAAGGTACA,3
Mux2-ATTGAGGAACACAGAA,3
Mux2-ATTGAGGAACAGCAGA,3
Mux2-ATTGAGGAACCTCCAA,10
Mux2-ATTGAGGAACGCTCGA,3
Mux2-ATTGAGGAACGTATCA,10
Mux2-ATTGAGGAACTATGCA,3
Mux2-ATTGAGGAAGAGTCAA,10
Mux2-ATTGAGGAAGATCGCA,3
Mux2-ATTGAGGAAGCAGGAA,10
Mux2-ATTGAGGAAGTCACTA,10
Mux2-ATTGAGGAATCCTGTA,10
Mux2-ATTGAGGAATTGAGGA,10
Mux2-ATTGAGGACAACCACA,8
Mux2-ATTGAGGAGACTAGTA,8
Mux2-ATTGAGGACAATGGAA,8
Mux2-ATTGAGGACACTTCGA,8
Mux2-ATTGAGGACAGCGTTA,8
Mux2-ATTGAGGACATACCAA,4
Mux2-ATTGAGGACCAGTTCA,4
Mux2-ATTGAGGACCGAAGTA,4
Mux2-ATTGAGGACCGTGAGA,4
Mux2-ATTGAGGACCTCCTGA,4
Mux2-ATTGAGGACGAACTTA,4
Mux2-ATTGAGGACGACTGGA,6
Mux2-ATTGAGGACGCATACA,6
Mux2-ATTGAGGACTCAATGA,6
Mux2-ATTGAGGACTGAGCCA,6
Mux2-ATTGAGGACTGGCATA,6
Mux2-ATTGAGGAGCCACATA,6
Mux2-ATTGAGGACGCTGATC,3
Mux2-AAACATCGAACGTGAT,11
Mux2-AAACATCGACAAGCTA,11
Mux2-AAACATCGCTGTAGCC,11
Mux2-AAACATCGAGTACAAG,11
Mux2-AAACATCGAACCGAGA,3
Mux2-AAACATCGAACGCTTA,11
Mux2-AAACATCGAAGACGGA,11
Mux2-AAACATCGAAGGTACA,11
Mux2-AAACATCGACACAGAA,11
Mux2-AAACATCGACAGCAGA,11
Mux2-AAACATCGAAACATCG,11
Mux2-AAACATCGACCTCCAA,11
Mux2-AAACATCGACGCTCGA,11
Mux2-AAACATCGACGTATCA,11
Mux2-AAACATCGACTATGCA,11
Mux2-AAACATCGAGAGTCAA,11
Mux2-AAACATCGAGTCACTA,7
Mux2-AAACATCGATCCTGTA,7
Mux2-AAACATCGATTGAGGA,5
Mux2-AAACATCGATGCCTAA,11
Mux2-AAACATCGCAACCACA,6
Mux2-AAACATCGGACTAGTA,7
Mux2-AAACATCGCAATGGAA,7
Mux2-AAACATCGCACTTCGA,7
Mux2-AAACATCGCAGCGTTA,7
Mux2-AAACATCGCATACCAA,7
Mux2-AAACATCGCCAGTTCA,7
Mux2-AAACATCGCCGAAGTA,7
Mux2-AAACATCGCCGTGAGA,7
Mux2-AAACATCGCCTCCTGA,7
Mux2-AAACATCGAGTGGTCA,3
Mux2-AAACATCGCAAGACTA,6
Mux2-AAACATCGGAGCTGAA,6
Mux2-AAACATCGGATAGACA,6
Mux2-AAACATCGACCACTGT,11
Mux2-AAACATCGGCCACATA,6
Mux2-AAACATCGACATTGGC,11
Mux2-AAACATCGCAGATCTG,11
Mux2-AAACATCGCATCAAGT,11
Mux2-AAACATCGCGCTGATC,11
Mux2-CAACCACAAACAACCA,3
Mux2-CAACCACAAACCGAGA,10
Mux2-CAACCACAAACGCTTA,10
Mux2-CAACCACAAAGACGGA,10
Mux2-CAACCACAAAGGTACA,10
Mux2-CAACCACAACCTCCAA,10
Mux2-CAACCACAACGCTCGA,10
Mux2-CAACCACAACGTATCA,10
Mux2-CAACCACAACTATGCA,10
Mux2-CAACCACAAGAGTCAA,10
Mux2-CAACCACAAGATCGCA,10
Mux2-CAACCACAAGCAGGAA,10
Mux2-CAACCACAAGTCACTA,12
Mux2-CAACCACAATCCTGTA,12
Mux2-CAACCACAATTGAGGA,10
Mux2-CAACCACACAACCACA,8
Mux2-CAACCACAGACTAGTA,8
Mux2-CAACCACACAATGGAA,8
Mux2-CAACCACACACTTCGA,8
Mux2-CAACCACACAGCGTTA,8
Mux2-CAACCACACATACCAA,4
Mux2-CAACCACACCAGTTCA,4
Mux2-CAACCACACCGAAGTA,4
Mux2-CAACCACACCGTGAGA,4
Mux2-CAACCACACCTCCTGA,4
Mux2-CAACCACACGAACTTA,6
Mux2-CAACCACACGACTGGA,5
Mux2-CAACCACACGCATACA,6
Mux2-CAACCACACTCAATGA,6
Mux2-CAACCACACTGAGCCA,6
Mux2-CAACCACACTGGCATA,6
Mux2-CAACCACAGCCACATA,6
Mux2-CAACCACACATCAAGT,3
Mux2-CAACCACACGCTGATC,3
Mux2-GACTAGTAAGTACAAG,10
Mux2-GACTAGTAAACAACCA,10
Mux2-GACTAGTAAACCGAGA,10
Mux2-GACTAGTAAACGCTTA,10
Mux2-GACTAGTAACAGCAGA,10
Mux2-GACTAGTAACCTCCAA,10
Mux2-GACTAGTAACGCTCGA,10
Mux2-GACTAGTAACGTATCA,10
Mux2-GACTAGTAACTATGCA,10
Mux2-GACTAGTAAGAGTCAA,10
Mux2-GACTAGTAAGATCGCA,10
Mux2-GACTAGTAAGCAGGAA,10
Mux2-GACTAGTAAGTCACTA,10
Mux2-GACTAGTAATCCTGTA,10
Mux2-GACTAGTAATTGAGGA,10
Mux2-GACTAGTACAACCACA,8
Mux2-GACTAGTAGACTAGTA,8
Mux2-GACTAGTACAATGGAA,8
Mux2-GACTAGTACACTTCGA,8
Mux2-GACTAGTACAGCGTTA,8
Mux2-GACTAGTACATACCAA,4
Mux2-GACTAGTACCAGTTCA,4
Mux2-GACTAGTACCGAAGTA,4
Mux2-GACTAGTACCGTGAGA,4
Mux2-GACTAGTACCTCCTGA,4
Mux2-GACTAGTACGAACTTA,6
Mux2-GACTAGTACGACTGGA,5
Mux2-GACTAGTACGCATACA,6
Mux2-GACTAGTACTCAATGA,6
Mux2-GACTAGTACTGAGCCA,6
Mux2-GACTAGTACTGGCATA,6
Mux2-GACTAGTAGCCACATA,6
Mux2-GACTAGTACAGATCTG,3
Mux2-GACTAGTACATCAAGT,3
Mux2-CAATGGAACTGTAGCC,10
Mux2-CAATGGAAAGTACAAG,10
Mux2-CAATGGAAAACAACCA,10
Mux2-CAATGGAAAACCGAGA,10
Mux2-CAATGGAAAACGCTTA,10
Mux2-CAATGGAAAAGGTACA,3
Mux2-CAATGGAAACACAGAA,10
Mux2-CAATGGAAACAGCAGA,10
Mux2-CAATGGAAACCTCCAA,10
Mux2-CAATGGAAACGCTCGA,10
Mux2-CAATGGAAACGTATCA,10
Mux2-CAATGGAAAGAGTCAA,10
Mux2-CAATGGAAAGATCGCA,10
Mux2-CAATGGAAAGCAGGAA,10
Mux2-CAATGGAAAGTCACTA,10
Mux2-CAATGGAAATCCTGTA,8
Mux2-CAATGGAAATTGAGGA,8
Mux2-CAATGGAACAACCACA,8
Mux2-CAATGGAAGACTAGTA,8
Mux2-CAATGGAACAATGGAA,8
Mux2-CAATGGAACACTTCGA,8
Mux2-CAATGGAACAGCGTTA,8
Mux2-CAATGGAACATACCAA,4
Mux2-CAATGGAACCAGTTCA,4
Mux2-CAATGGAACCGAAGTA,4
Mux2-CAATGGAACCGTGAGA,4
Mux2-CAATGGAACCTCCTGA,4
Mux2-CAATGGAACGAACTTA,6
Mux2-CAATGGAACGACTGGA,5
Mux2-CAATGGAACGCATACA,5
Mux2-CAATGGAACTCAATGA,6
Mux2-CAATGGAACTGAGCCA,6
Mux2-CAATGGAAGATAGACA,6
Mux2-CAATGGAAGCCACATA,6
Mux2-CAATGGAAACATTGGC,0
Mux2-CAATGGAACAGATCTG,3
Mux2-CACTTCGAACAAGCTA,10
Mux2-CACTTCGACTGTAGCC,10
Mux2-CACTTCGAAGTACAAG,10
Mux2-CACTTCGAAACCGAGA,10
Mux2-CACTTCGAAAGACGGA,12
Mux2-CACTTCGAAAGGTACA,12
Mux2-CACTTCGAACACAGAA,10
Mux2-CACTTCGAACAGCAGA,10
Mux2-CACTTCGAACCTCCAA,10
Mux2-CACTTCGAACGCTCGA,10
Mux2-CACTTCGAACGTATCA,10
Mux2-CACTTCGAACTATGCA,10
Mux2-CACTTCGAAGAGTCAA,10
Mux2-CACTTCGAAGATCGCA,10
Mux2-CACTTCGAAGTCACTA,8
Mux2-CACTTCGAATCCTGTA,8
Mux2-CACTTCGAATTGAGGA,8
Mux2-CACTTCGACAACCACA,8
Mux2-CACTTCGAGACTAGTA,8
Mux2-CACTTCGACAATGGAA,8
Mux2-CACTTCGACACTTCGA,8
Mux2-CACTTCGACAGCGTTA,8
Mux2-CACTTCGACATACCAA,4
Mux2-CACTTCGACCAGTTCA,4
Mux2-CACTTCGACCGAAGTA,4
Mux2-CACTTCGACCGTGAGA,4
Mux2-CACTTCGACCTCCTGA,4
Mux2-CACTTCGACGAACTTA,6
Mux2-CACTTCGACGACTGGA,5
Mux2-CACTTCGACGCATACA,6
Mux2-CACTTCGACTCAATGA,6
Mux2-CACTTCGACTGAGCCA,6
Mux2-CACTTCGACTGGCATA,6
Mux2-CACTTCGAGATAGACA,6
Mux2-CACTTCGAACCACTGT,3
Mux2-CACTTCGAGCCACATA,6
Mux2-CAGCGTTAACAAGCTA,10
Mux2-CAGCGTTACTGTAGCC,10
Mux2-CAGCGTTAAGTACAAG,10
Mux2-CAGCGTTAAACAACCA,3
Mux2-CAGCGTTAAACCGAGA,3
Mux2-CAGCGTTAAAGACGGA,2
Mux2-CAGCGTTAACAGCAGA,10
Mux2-CAGCGTTAACCTCCAA,10
Mux2-CAGCGTTAACGCTCGA,10
Mux2-CAGCGTTAACGTATCA,10
Mux2-CAGCGTTAACTATGCA,10
Mux2-CAGCGTTAAGAGTCAA,10
Mux2-CAGCGTTAAGATCGCA,10
Mux2-CAGCGTTAAGCAGGAA,3
Mux2-CAGCGTTAAGTCACTA,8
Mux2-CAGCGTTAATCCTGTA,8
Mux2-CAGCGTTAATTGAGGA,8
Mux2-CAGCGTTACAACCACA,8
Mux2-CAGCGTTAGACTAGTA,8
Mux2-CAGCGTTACAATGGAA,8
Mux2-CAGCGTTACACTTCGA,8
Mux2-CAGCGTTACAGCGTTA,8
Mux2-CAGCGTTACATACCAA,4
Mux2-CAGCGTTACCAGTTCA,4
Mux2-CAGCGTTACCGAAGTA,4
Mux2-CAGCGTTACCGTGAGA,4
Mux2-CAGCGTTACCTCCTGA,4
Mux2-CAGCGTTAAGTGGTCA,3
Mux2-CAGCGTTACGAACTTA,6
Mux2-CAGCGTTACGACTGGA,5
Mux2-CAGCGTTACGCATACA,5
Mux2-CAGCGTTACTCAATGA,6
Mux2-CAGCGTTACTGAGCCA,6
Mux2-CAGCGTTAGAATCTGA,6
Mux2-CAGCGTTAGATAGACA,6
Mux2-CAGCGTTAGCCACATA,6
Mux2-CATACCAAACAAGCTA,3
Mux2-CATACCAACTGTAGCC,3
Mux2-CATACCAAAGTACAAG,3
Mux2-CATACCAAAACAACCA,3
Mux2-CATACCAAAACCGAGA,3
Mux2-CATACCAAAACGCTTA,3
Mux2-CATACCAAAAGACGGA,3
Mux2-CATACCAAAAGGTACA,3
Mux2-CATACCAAACACAGAA,3
Mux2-CATACCAAACAGCAGA,10
Mux2-CATACCAAACCTCCAA,10
Mux2-CATACCAAACGCTCGA,3
Mux2-CATACCAAACGTATCA,10
Mux2-CATACCAAACTATGCA,10
Mux2-CATACCAAAGAGTCAA,0
Mux2-CATACCAAAGCAGGAA,3
Mux2-CATACCAAAGTCACTA,4
Mux2-CATACCAAATCCTGTA,8
Mux2-CATACCAAATTGAGGA,4
Mux2-CATACCAAATGCCTAA,3
Mux2-CATACCAACAACCACA,8
Mux2-CATACCAAGACTAGTA,8
Mux2-CATACCAACAATGGAA,8
Mux2-CATACCAACACTTCGA,8
Mux2-CATACCAACAGCGTTA,4
Mux2-CATACCAACATACCAA,4
Mux2-CATACCAACCAGTTCA,4
Mux2-CATACCAACCGAAGTA,4
Mux2-CATACCAACCGTGAGA,4
Mux2-CATACCAACCTCCTGA,4
Mux2-CATACCAACGAACTTA,4
Mux2-CATACCAACGACTGGA,5
Mux2-CATACCAACGCATACA,5
Mux2-CATACCAACTCAATGA,6
Mux2-CATACCAACTGAGCCA,6
Mux2-CATACCAAGAATCTGA,6
Mux2-CATACCAAGATAGACA,6
Mux2-CATACCAACGCTGATC,10
Mux2-CCAGTTCAACAAGCTA,10
Mux2-CCAGTTCACTGTAGCC,10
Mux2-CCAGTTCAAGTACAAG,12
Mux2-CCAGTTCAAACAACCA,10
Mux2-CCAGTTCAAACCGAGA,12
Mux2-CCAGTTCAAACGCTTA,12
Mux2-CCAGTTCAAAGGTACA,12
Mux2-CCAGTTCAACACAGAA,3
Mux2-CCAGTTCAACAGCAGA,10
Mux2-CCAGTTCAAAACATCG,3
Mux2-CCAGTTCAACCTCCAA,10
Mux2-CCAGTTCAACGCTCGA,10
Mux2-CCAGTTCAACGTATCA,10
Mux2-CCAGTTCAACTATGCA,10
Mux2-CCAGTTCAAGAGTCAA,10
Mux2-CCAGTTCAAGATCGCA,10
Mux2-CCAGTTCAAGCAGGAA,3
Mux2-CCAGTTCAAGTCACTA,10
Mux2-CCAGTTCAATCCTGTA,8
Mux2-CCAGTTCAATTGAGGA,8
Mux2-CCAGTTCACAACCACA,8
Mux2-CCAGTTCAGACTAGTA,8
Mux2-CCAGTTCACAATGGAA,8
Mux2-CCAGTTCACACTTCGA,8
Mux2-CCAGTTCACAGCGTTA,10
Mux2-CCAGTTCACATACCAA,4
Mux2-CCAGTTCACCAGTTCA,4
Mux2-CCAGTTCACCGAAGTA,4
Mux2-CCAGTTCACCGTGAGA,4
Mux2-CCAGTTCACCTCCTGA,4
Mux2-CCAGTTCACGAACTTA,6
Mux2-CCAGTTCACGACTGGA,5
Mux2-CCAGTTCACGCATACA,5
Mux2-CCAGTTCACTCAATGA,5
Mux2-CCAGTTCACTGAGCCA,6
Mux2-CCAGTTCAGAATCTGA,6
Mux2-CCAGTTCAGATAGACA,6
Mux2-CCAGTTCACGCTGATC,10
Mux2-CCGAAGTAAACGTGAT,3
Mux2-CCGAAGTAACAAGCTA,10
Mux2-CCGAAGTACTGTAGCC,10
Mux2-CCGAAGTAAGTACAAG,10
Mux2-CCGAAGTAAACAACCA,10
Mux2-CCGAAGTAAACCGAGA,10
Mux2-CCGAAGTAAACGCTTA,10
Mux2-CCGAAGTAAAGACGGA,12
Mux2-CCGAAGTAAAGGTACA,10
Mux2-CCGAAGTAACACAGAA,10
Mux2-CCGAAGTAACAGCAGA,10
Mux2-CCGAAGTAAAACATCG,3
Mux2-CCGAAGTAACCTCCAA,10
Mux2-CCGAAGTAACGCTCGA,10
Mux2-CCGAAGTAACGTATCA,10
Mux2-CCGAAGTAACTATGCA,10
Mux2-CCGAAGTAAGAGTCAA,10
Mux2-CCGAAGTAAGCAGGAA,3
Mux2-CCGAAGTAATCCTGTA,8
Mux2-CCGAAGTAATTGAGGA,8
Mux2-CCGAAGTACAACCACA,8
Mux2-CCGAAGTAGACTAGTA,8
Mux2-CCGAAGTACAATGGAA,8
Mux2-CCGAAGTACACTTCGA,8
Mux2-CCGAAGTACAGCGTTA,12
Mux2-CCGAAGTACATACCAA,12
Mux2-CCGAAGTACCAGTTCA,4
Mux2-CCGAAGTACCGAAGTA,4
Mux2-CCGAAGTACCGTGAGA,4
Mux2-CCGAAGTACCTCCTGA,4
Mux2-CCGAAGTACGAACTTA,4
Mux2-CCGAAGTACGACTGGA,5
Mux2-CCGAAGTACGCATACA,5
Mux2-CCGAAGTACTCAATGA,5
Mux2-CCGAAGTACTGAGCCA,6
Mux2-CCGAAGTACTGGCATA,6
Mux2-CCGAAGTAGAATCTGA,6
Mux2-CCGAAGTAGAGCTGAA,6
Mux2-CCGAAGTAGATAGACA,6
Mux2-CCGTGAGAAACGTGAT,3
Mux2-CCGTGAGAACAAGCTA,10
Mux2-CCGTGAGACTGTAGCC,10
Mux2-CCGTGAGAAGTACAAG,10
Mux2-CCGTGAGAAACAACCA,10
Mux2-CCGTGAGAAACCGAGA,10
Mux2-CCGTGAGAAACGCTTA,10
Mux2-CCGTGAGAAAGACGGA,10
Mux2-CCGTGAGAAAGGTACA,10
Mux2-CCGTGAGAACACAGAA,10
Mux2-CCGTGAGAACAGCAGA,10
Mux2-CCGTGAGAACCTCCAA,10
Mux2-CCGTGAGAACGCTCGA,10
Mux2-CCGTGAGAACGTATCA,10
Mux2-CCGTGAGAACTATGCA,10
Mux2-CCGTGAGAAGAGTCAA,10
Mux2-CCGTGAGAAGTCACTA,3
Mux2-CCGTGAGAATCCTGTA,8
Mux2-CCGTGAGAATTGAGGA,8
Mux2-CCGTGAGACAACCACA,8
Mux2-CCGTGAGAGACTAGTA,8
Mux2-CCGTGAGACAATGGAA,8
Mux2-CCGTGAGACACTTCGA,8
Mux2-CCGTGAGACAGCGTTA,12
Mux2-CCGTGAGACATACCAA,12
Mux2-CCGTGAGACCAGTTCA,4
Mux2-CCGTGAGACCGAAGTA,4
Mux2-CCGTGAGACCGTGAGA,4
Mux2-CCGTGAGACCTCCTGA,4
Mux2-CCGTGAGACGAACTTA,4
Mux2-CCGTGAGACGACTGGA,5
Mux2-CCGTGAGACGCATACA,5
Mux2-CCGTGAGACTCAATGA,5
Mux2-CCGTGAGACTGAGCCA,6
Mux2-CCGTGAGAGATAGACA,6
Mux2-CCGTGAGAACCACTGT,3
Mux2-CCGTGAGAACATTGGC,2
Mux2-CCGTGAGACAGATCTG,2
Mux2-CCGTGAGACATCAAGT,3
Mux2-CCGTGAGACGCTGATC,10
Mux2-CCTCCTGAACAAGCTA,2
Mux2-CCTCCTGACTGTAGCC,10
Mux2-CCTCCTGAAGTACAAG,10
Mux2-CCTCCTGAAACAACCA,10
Mux2-CCTCCTGAAACCGAGA,10
Mux2-CCTCCTGAAACGCTTA,2
Mux2-CCTCCTGAAAGACGGA,10
Mux2-CCTCCTGAAAGGTACA,2
Mux2-CCTCCTGAACACAGAA,10
Mux2-CCTCCTGAACAGCAGA,10
Mux2-CCTCCTGAAAACATCG,12
Mux2-CCTCCTGAACGCTCGA,10
Mux2-CCTCCTGAACGTATCA,10
Mux2-CCTCCTGAACTATGCA,10
Mux2-CCTCCTGAAGAGTCAA,10
Mux2-CCTCCTGAAGTCACTA,10
Mux2-CCTCCTGAATCCTGTA,10
Mux2-CCTCCTGAATTGAGGA,8
Mux2-CCTCCTGAATGCCTAA,2
Mux2-CCTCCTGACAACCACA,8
Mux2-CCTCCTGAGACTAGTA,8
Mux2-CCTCCTGACAATGGAA,8
Mux2-CCTCCTGACACTTCGA,8
Mux2-CCTCCTGACAGCGTTA,12
Mux2-CCTCCTGACATACCAA,12
Mux2-CCTCCTGACCAGTTCA,4
Mux2-CCTCCTGACCGAAGTA,4
Mux2-CCTCCTGACCGTGAGA,4
Mux2-CCTCCTGACCTCCTGA,4
Mux2-CCTCCTGAAGTGGTCA,2
Mux2-CCTCCTGACGAACTTA,4
Mux2-CCTCCTGACGACTGGA,5
Mux2-CCTCCTGACGCATACA,5
Mux2-CCTCCTGACTCAATGA,5
Mux2-CCTCCTGACTGAGCCA,6
Mux2-CCTCCTGACTGGCATA,6
Mux2-CCTCCTGAGAGCTGAA,6
Mux2-CCTCCTGAGATAGACA,6
Mux2-CCTCCTGAACCACTGT,2
Mux2-CCTCCTGAACATTGGC,2
Mux2-CCTCCTGACAGATCTG,2
Mux2-CCTCCTGACATCAAGT,2
Mux2-CCTCCTGACGCTGATC,2
Mux2-ATGCCTAAAACGTGAT,11
Mux2-ATGCCTAAACAAGCTA,11
Mux2-ATGCCTAACTGTAGCC,11
Mux2-ATGCCTAAAGTACAAG,11
Mux2-ATGCCTAAAACCGAGA,3
Mux2-ATGCCTAAAACGCTTA,11
Mux2-ATGCCTAAAAGACGGA,11
Mux2-ATGCCTAAAAGGTACA,3
Mux2-ATGCCTAAACACAGAA,11
Mux2-ATGCCTAAACAGCAGA,11
Mux2-ATGCCTAAAAACATCG,11
Mux2-ATGCCTAAACCTCCAA,11
Mux2-ATGCCTAAACGCTCGA,11
Mux2-ATGCCTAAACGTATCA,11
Mux2-ATGCCTAAACTATGCA,11
Mux2-ATGCCTAAAGTCACTA,5
Mux2-ATGCCTAAATCCTGTA,5
Mux2-ATGCCTAAATTGAGGA,5
Mux2-ATGCCTAAATGCCTAA,11
Mux2-ATGCCTAACAACCACA,5
Mux2-ATGCCTAAGACTAGTA,7
Mux2-ATGCCTAACAATGGAA,7
Mux2-ATGCCTAACACTTCGA,7
Mux2-ATGCCTAACAGCGTTA,5
Mux2-ATGCCTAACATACCAA,5
Mux2-ATGCCTAACCAGTTCA,5
Mux2-ATGCCTAACCGAAGTA,5
Mux2-ATGCCTAACCGTGAGA,7
Mux2-ATGCCTAACCTCCTGA,7
Mux2-ATGCCTAAAGTGGTCA,11
Mux2-ATGCCTAACGAACTTA,7
Mux2-ATGCCTAACGACTGGA,7
Mux2-ATGCCTAAGAATCTGA,6
Mux2-ATGCCTAACAAGACTA,6
Mux2-ATGCCTAAGAGCTGAA,6
Mux2-ATGCCTAAGATAGACA,6
Mux2-ATGCCTAAACCACTGT,11
Mux2-ATGCCTAAGCCACATA,6
Mux2-ATGCCTAAACATTGGC,11
Mux2-ATGCCTAACAGATCTG,11
Mux2-ATGCCTAACATCAAGT,11
Mux2-ATGCCTAACGCTGATC,3
Mux2-CGAACTTAAACGTGAT,2
Mux2-CGAACTTAACAAGCTA,2
Mux2-CGAACTTACTGTAGCC,2
Mux2-CGAACTTAAGTACAAG,2
Mux2-CGAACTTAAACAACCA,2
Mux2-CGAACTTAAACCGAGA,2
Mux2-CGAACTTAAACGCTTA,2
Mux2-CGAACTTAAAGACGGA,2
Mux2-CGAACTTAAAGGTACA,2
Mux2-CGAACTTAACAGCAGA,2
Mux2-CGAACTTAAAACATCG,2
Mux2-CGAACTTAACCTCCAA,2
Mux2-CGAACTTAACGCTCGA,2
Mux2-CGAACTTAACTATGCA,2
Mux2-CGAACTTAAGAGTCAA,2
Mux2-CGAACTTAAGATCGCA,2
Mux2-CGAACTTAAGCAGGAA,10
Mux2-CGAACTTAAGTCACTA,10
Mux2-CGAACTTAATCCTGTA,10
Mux2-CGAACTTAATTGAGGA,10
Mux2-CGAACTTAATGCCTAA,2
Mux2-CGAACTTACAACCACA,8
Mux2-CGAACTTAGACTAGTA,8
Mux2-CGAACTTACAATGGAA,8
Mux2-CGAACTTACACTTCGA,8
Mux2-CGAACTTACAGCGTTA,12
Mux2-CGAACTTACATACCAA,12
Mux2-CGAACTTACCAGTTCA,10
Mux2-CGAACTTACCGAAGTA,4
Mux2-CGAACTTACCGTGAGA,4
Mux2-CGAACTTACCTCCTGA,4
Mux2-CGAACTTAAGTGGTCA,2
Mux2-CGAACTTACGAACTTA,4
Mux2-CGAACTTACGACTGGA,5
Mux2-CGAACTTACGCATACA,5
Mux2-CGAACTTACTCAATGA,5
Mux2-CGAACTTACTGAGCCA,6
Mux2-CGAACTTACTGGCATA,6
Mux2-CGAACTTAGAATCTGA,6
Mux2-CGAACTTACAAGACTA,6
Mux2-CGAACTTAGAGCTGAA,6
Mux2-CGAACTTAACCACTGT,2
Mux2-CGAACTTAACATTGGC,2
Mux2-CGAACTTACAGATCTG,2
Mux2-CGAACTTACATCAAGT,2
Mux2-CGAACTTACGCTGATC,2
Mux2-CGACTGGAAACGTGAT,2
Mux2-CGACTGGAACAAGCTA,2
Mux2-CGACTGGACTGTAGCC,2
Mux2-CGACTGGAAGTACAAG,2
Mux2-CGACTGGAAACAACCA,2
Mux2-CGACTGGAAACCGAGA,2
Mux2-CGACTGGAAACGCTTA,2
Mux2-CGACTGGAAAGACGGA,2
Mux2-CGACTGGAAAGGTACA,2
Mux2-CGACTGGAACACAGAA,2
Mux2-CGACTGGAACAGCAGA,2
Mux2-CGACTGGAAAACATCG,2
Mux2-CGACTGGAACCTCCAA,2
Mux2-CGACTGGAACGCTCGA,2
Mux2-CGACTGGAACTATGCA,2
Mux2-CGACTGGAAGAGTCAA,2
Mux2-CGACTGGAAGATCGCA,2
Mux2-CGACTGGAAGCAGGAA,10
Mux2-CGACTGGAAGTCACTA,10
Mux2-CGACTGGAATCCTGTA,10
Mux2-CGACTGGAATTGAGGA,10
Mux2-CGACTGGAATGCCTAA,2
Mux2-CGACTGGACAACCACA,8
Mux2-CGACTGGAGACTAGTA,8
Mux2-CGACTGGACAATGGAA,8
Mux2-CGACTGGACACTTCGA,10
Mux2-CGACTGGACATACCAA,12
Mux2-CGACTGGACCAGTTCA,10
Mux2-CGACTGGACCGAAGTA,4
Mux2-CGACTGGACCGTGAGA,4
Mux2-CGACTGGACCTCCTGA,4
Mux2-CGACTGGAAGTGGTCA,2
Mux2-CGACTGGACGAACTTA,4
Mux2-CGACTGGACGACTGGA,5
Mux2-CGACTGGACGCATACA,5
Mux2-CGACTGGACTCAATGA,5
Mux2-CGACTGGACTGAGCCA,6
Mux2-CGACTGGACTGGCATA,6
Mux2-CGACTGGAGAATCTGA,6
Mux2-CGACTGGAGAGCTGAA,6
Mux2-CGACTGGAACCACTGT,2
Mux2-CGACTGGAACATTGGC,2
Mux2-CGACTGGACAGATCTG,2
Mux2-CGACTGGACATCAAGT,2
Mux2-CGACTGGACGCTGATC,2
Mux2-CGCATACAAACGTGAT,2
Mux2-CGCATACAACAAGCTA,2
Mux2-CGCATACACTGTAGCC,2
Mux2-CGCATACAAGTACAAG,2
Mux2-CGCATACAAACAACCA,2
Mux2-CGCATACAAACCGAGA,2
Mux2-CGCATACAAACGCTTA,2
Mux2-CGCATACAAAGACGGA,2
Mux2-CGCATACAAAGGTACA,2
Mux2-CGCATACAACACAGAA,2
Mux2-CGCATACAACAGCAGA,2
Mux2-CGCATACAAAACATCG,2
Mux2-CGCATACAACCTCCAA,2
Mux2-CGCATACAACGCTCGA,2
Mux2-CGCATACAACGTATCA,2
Mux2-CGCATACAACTATGCA,2
Mux2-CGCATACAAGAGTCAA,2
Mux2-CGCATACAAGATCGCA,2
Mux2-CGCATACAAGCAGGAA,10
Mux2-CGCATACAAGTCACTA,8
Mux2-CGCATACAATCCTGTA,0
Mux2-CGCATACAATTGAGGA,8
Mux2-CGCATACAATGCCTAA,2
Mux2-CGCATACACAACCACA,8
Mux2-CGCATACAGACTAGTA,8
Mux2-CGCATACACAATGGAA,8
Mux2-CGCATACACACTTCGA,10
Mux2-CGCATACACATACCAA,12
Mux2-CGCATACACCAGTTCA,4
Mux2-CGCATACACCGAAGTA,4
Mux2-CGCATACACCGTGAGA,4
Mux2-CGCATACACCTCCTGA,4
Mux2-CGCATACAAGTGGTCA,2
Mux2-CGCATACACGAACTTA,4
Mux2-CGCATACACGACTGGA,5
Mux2-CGCATACACGCATACA,5
Mux2-CGCATACACTCAATGA,5
Mux2-CGCATACACTGAGCCA,6
Mux2-CGCATACACTGGCATA,6
Mux2-CGCATACAGAATCTGA,6
Mux2-CGCATACACAAGACTA,6
Mux2-CGCATACAGAGCTGAA,6
Mux2-CGCATACAACCACTGT,2
Mux2-CGCATACAACATTGGC,2
Mux2-CGCATACACAGATCTG,2
Mux2-CGCATACACATCAAGT,2
Mux2-CGCATACACGCTGATC,2
Mux2-CTCAATGAAACGTGAT,2
Mux2-CTCAATGAACAAGCTA,2
Mux2-CTCAATGACTGTAGCC,2
Mux2-CTCAATGAAGTACAAG,2
Mux2-CTCAATGAAACAACCA,2
Mux2-CTCAATGAAACCGAGA,2
Mux2-CTCAATGAAACGCTTA,2
Mux2-CTCAATGAAAGACGGA,2
Mux2-CTCAATGAAAGGTACA,2
Mux2-CTCAATGAACACAGAA,2
Mux2-CTCAATGAACAGCAGA,2
Mux2-CTCAATGAAAACATCG,2
Mux2-CTCAATGAACCTCCAA,2
Mux2-CTCAATGAACGCTCGA,2
Mux2-CTCAATGAACGTATCA,2
Mux2-CTCAATGAACTATGCA,2
Mux2-CTCAATGAAGAGTCAA,2
Mux2-CTCAATGAAGATCGCA,2
Mux2-CTCAATGAAGCAGGAA,8
Mux2-CTCAATGAAGTCACTA,8
Mux2-CTCAATGAATCCTGTA,8
Mux2-CTCAATGAATTGAGGA,8
Mux2-CTCAATGAATGCCTAA,2
Mux2-CTCAATGACAACCACA,8
Mux2-CTCAATGAGACTAGTA,8
Mux2-CTCAATGACAATGGAA,8
Mux2-CTCAATGACACTTCGA,10
Mux2-CTCAATGACAGCGTTA,10
Mux2-CTCAATGACATACCAA,10
Mux2-CTCAATGACCAGTTCA,12
Mux2-CTCAATGACCGAAGTA,4
Mux2-CTCAATGACCGTGAGA,4
Mux2-CTCAATGACCTCCTGA,4
Mux2-CTCAATGAAGTGGTCA,2
Mux2-CTCAATGACGAACTTA,4
Mux2-CTCAATGACGACTGGA,5
Mux2-CTCAATGACGCATACA,5
Mux2-CTCAATGACTCAATGA,5
Mux2-CTCAATGACTGAGCCA,5
Mux2-CTCAATGACTGGCATA,6
Mux2-CTCAATGAGAATCTGA,6
Mux2-CTCAATGACAAGACTA,6
Mux2-CTCAATGAACCACTGT,2
Mux2-CTCAATGAACATTGGC,2
Mux2-CTCAATGACAGATCTG,2
Mux2-CTCAATGACATCAAGT,2
Mux2-CTCAATGACGCTGATC,2
Mux2-CTGAGCCAAACGTGAT,2
Mux2-CTGAGCCAACAAGCTA,2
Mux2-CTGAGCCACTGTAGCC,2
Mux2-CTGAGCCAAGTACAAG,2
Mux2-CTGAGCCAAACAACCA,2
Mux2-CTGAGCCAAACCGAGA,2
Mux2-CTGAGCCAAACGCTTA,2
Mux2-CTGAGCCAAAGACGGA,2
Mux2-CTGAGCCAAAGGTACA,2
Mux2-CTGAGCCAACACAGAA,2
Mux2-CTGAGCCAACAGCAGA,2
Mux2-CTGAGCCAAAACATCG,2
Mux2-CTGAGCCAACCTCCAA,2
Mux2-CTGAGCCAACGCTCGA,2
Mux2-CTGAGCCAACGTATCA,2
Mux2-CTGAGCCAACTATGCA,2
Mux2-CTGAGCCAAGAGTCAA,2
Mux2-CTGAGCCAAGATCGCA,2
Mux2-CTGAGCCAAGCAGGAA,3
Mux2-CTGAGCCAAGTCACTA,8
Mux2-CTGAGCCAATCCTGTA,8
Mux2-CTGAGCCAATTGAGGA,8
Mux2-CTGAGCCAATGCCTAA,2
Mux2-CTGAGCCACAACCACA,8
Mux2-CTGAGCCAGACTAGTA,8
Mux2-CTGAGCCACAATGGAA,8
Mux2-CTGAGCCACACTTCGA,4
Mux2-CTGAGCCACAGCGTTA,3
Mux2-CTGAGCCACATACCAA,10
Mux2-CTGAGCCACCAGTTCA,4
Mux2-CTGAGCCACCGAAGTA,4
Mux2-CTGAGCCACCGTGAGA,4
Mux2-CTGAGCCACCTCCTGA,4
Mux2-CTGAGCCAAGTGGTCA,2
Mux2-CTGAGCCACGAACTTA,4
Mux2-CTGAGCCACGACTGGA,5
Mux2-CTGAGCCACGCATACA,5
Mux2-CTGAGCCACTCAATGA,5
Mux2-CTGAGCCACTGAGCCA,6
Mux2-CTGAGCCACTGGCATA,6
Mux2-CTGAGCCAGAATCTGA,6
Mux2-CTGAGCCACAAGACTA,6
Mux2-CTGAGCCAACCACTGT,2
Mux2-CTGAGCCAACATTGGC,2
Mux2-CTGAGCCACAGATCTG,2
Mux2-CTGAGCCACATCAAGT,2
Mux2-CTGAGCCACGCTGATC,2
Mux2-CTGGCATAAACGTGAT,2
Mux2-CTGGCATAACAAGCTA,2
Mux2-CTGGCATACTGTAGCC,2
Mux2-CTGGCATAAGTACAAG,2
Mux2-CTGGCATAAACAACCA,2
Mux2-CTGGCATAAACCGAGA,2
Mux2-CTGGCATAAACGCTTA,2
Mux2-CTGGCATAAAGACGGA,2
Mux2-CTGGCATAAAGGTACA,2
Mux2-CTGGCATAACACAGAA,2
Mux2-CTGGCATAACAGCAGA,2
Mux2-CTGGCATAAAACATCG,2
Mux2-CTGGCATAACCTCCAA,2
Mux2-CTGGCATAACGCTCGA,2
Mux2-CTGGCATAACGTATCA,2
Mux2-CTGGCATAACTATGCA,2
Mux2-CTGGCATAAGAGTCAA,2
Mux2-CTGGCATAAGATCGCA,2
Mux2-CTGGCATAAGCAGGAA,8
Mux2-CTGGCATAAGTCACTA,8
Mux2-CTGGCATAATCCTGTA,8
Mux2-CTGGCATAATTGAGGA,3
Mux2-CTGGCATAATGCCTAA,2
Mux2-CTGGCATACAACCACA,8
Mux2-CTGGCATAGACTAGTA,8
Mux2-CTGGCATACAATGGAA,4
Mux2-CTGGCATACACTTCGA,4
Mux2-CTGGCATACAGCGTTA,10
Mux2-CTGGCATACCAGTTCA,4
Mux2-CTGGCATACCGAAGTA,4
Mux2-CTGGCATACCGTGAGA,4
Mux2-CTGGCATACCTCCTGA,4
Mux2-CTGGCATAAGTGGTCA,2
Mux2-CTGGCATACGAACTTA,6
Mux2-CTGGCATACGACTGGA,5
Mux2-CTGGCATACGCATACA,5
Mux2-CTGGCATACTCAATGA,5
Mux2-CTGGCATACTGAGCCA,6
Mux2-CTGGCATACTGGCATA,6
Mux2-CTGGCATAGAATCTGA,6
Mux2-CTGGCATACAAGACTA,6
Mux2-CTGGCATAACCACTGT,2
Mux2-CTGGCATAACATTGGC,2
Mux2-CTGGCATACAGATCTG,2
Mux2-CTGGCATACATCAAGT,2
Mux2-CTGGCATACGCTGATC,2
Mux2-GAATCTGAAACGTGAT,2
Mux2-GAATCTGAACAAGCTA,12
Mux2-GAATCTGACTGTAGCC,12
Mux2-GAATCTGAAGTACAAG,2
Mux2-GAATCTGAAACAACCA,2
Mux2-GAATCTGAAACCGAGA,2
Mux2-GAATCTGAAACGCTTA,2
Mux2-GAATCTGAAAGACGGA,2
Mux2-GAATCTGAAAGGTACA,2
Mux2-GAATCTGAACACAGAA,2
Mux2-GAATCTGAACAGCAGA,2
Mux2-GAATCTGAAAACATCG,2
Mux2-GAATCTGAACCTCCAA,2
Mux2-GAATCTGAACGCTCGA,2
Mux2-GAATCTGAACGTATCA,2
Mux2-GAATCTGAACTATGCA,2
Mux2-GAATCTGAAGAGTCAA,2
Mux2-GAATCTGAAGATCGCA,2
Mux2-GAATCTGAAGCAGGAA,8
Mux2-GAATCTGAAGTCACTA,8
Mux2-GAATCTGAATCCTGTA,8
Mux2-GAATCTGAATTGAGGA,8
Mux2-GAATCTGAATGCCTAA,2
Mux2-GAATCTGACAACCACA,8
Mux2-GAATCTGAGACTAGTA,8
Mux2-GAATCTGACAATGGAA,4
Mux2-GAATCTGACACTTCGA,4
Mux2-GAATCTGACAGCGTTA,3
Mux2-GAATCTGACATACCAA,4
Mux2-GAATCTGACCAGTTCA,9
Mux2-GAATCTGACCGAAGTA,4
Mux2-GAATCTGACCGTGAGA,4
Mux2-GAATCTGACCTCCTGA,4
Mux2-GAATCTGAAGTGGTCA,2
Mux2-GAATCTGACGAACTTA,5
Mux2-GAATCTGACGACTGGA,5
Mux2-GAATCTGACGCATACA,5
Mux2-GAATCTGACTCAATGA,5
Mux2-GAATCTGACTGAGCCA,6
Mux2-GAATCTGACTGGCATA,6
Mux2-GAATCTGAGAATCTGA,6
Mux2-GAATCTGACAAGACTA,4
Mux2-GAATCTGAACCACTGT,2
Mux2-GAATCTGAACATTGGC,2
Mux2-GAATCTGACAGATCTG,2
Mux2-GAATCTGACATCAAGT,2
Mux2-GAATCTGACGCTGATC,2
Mux2-CAAGACTAAACGTGAT,0
Mux2-CAAGACTAACAAGCTA,12
Mux2-CAAGACTAAGTACAAG,12
Mux2-CAAGACTAAACAACCA,12
Mux2-CAAGACTAAACCGAGA,12
Mux2-CAAGACTAAACGCTTA,2
Mux2-CAAGACTAACACAGAA,12
Mux2-CAAGACTAACAGCAGA,12
Mux2-CAAGACTAAAACATCG,2
Mux2-CAAGACTAACCTCCAA,12
Mux2-CAAGACTAACGCTCGA,2
Mux2-CAAGACTAACGTATCA,2
Mux2-CAAGACTAACTATGCA,2
Mux2-CAAGACTAAGAGTCAA,2
Mux2-CAAGACTAAGATCGCA,2
Mux2-CAAGACTAAGCAGGAA,8
Mux2-CAAGACTAAGTCACTA,8
Mux2-CAAGACTAATCCTGTA,8
Mux2-CAAGACTAATTGAGGA,8
Mux2-CAAGACTAATGCCTAA,2
Mux2-CAAGACTACAACCACA,8
Mux2-CAAGACTAGACTAGTA,8
Mux2-CAAGACTACAATGGAA,8
Mux2-CAAGACTACACTTCGA,4
Mux2-CAAGACTACAGCGTTA,4
Mux2-CAAGACTACATACCAA,12
Mux2-CAAGACTACCAGTTCA,9
Mux2-CAAGACTACCGAAGTA,4
Mux2-CAAGACTACCGTGAGA,4
Mux2-CAAGACTACCTCCTGA,4
Mux2-CAAGACTAAGTGGTCA,2
Mux2-CAAGACTACGAACTTA,5
Mux2-CAAGACTACGACTGGA,5
Mux2-CAAGACTACGCATACA,5
Mux2-CAAGACTACTCAATGA,5
Mux2-CAAGACTACTGAGCCA,6
Mux2-CAAGACTACTGGCATA,6
Mux2-CAAGACTAGAATCTGA,6
Mux2-CAAGACTAACCACTGT,2
Mux2-CAAGACTAACATTGGC,2
Mux2-CAAGACTACAGATCTG,2
Mux2-CAAGACTACATCAAGT,2
Mux2-CAAGACTACGCTGATC,12
Mux2-GAGCTGAAAACGTGAT,0
Mux2-GAGCTGAAACAAGCTA,12
Mux2-GAGCTGAACTGTAGCC,12
Mux2-GAGCTGAAAGTACAAG,12
Mux2-GAGCTGAAAACAACCA,12
Mux2-GAGCTGAAAACGCTTA,12
Mux2-GAGCTGAAAAGACGGA,12
Mux2-GAGCTGAAAAGGTACA,2
Mux2-GAGCTGAAACACAGAA,2
Mux2-GAGCTGAAACAGCAGA,2
Mux2-GAGCTGAAAAACATCG,0
Mux2-GAGCTGAAACCTCCAA,2
Mux2-GAGCTGAAACGCTCGA,2
Mux2-GAGCTGAAACGTATCA,2
Mux2-GAGCTGAAACTATGCA,2
Mux2-GAGCTGAAAGAGTCAA,2
Mux2-GAGCTGAAAGATCGCA,2
Mux2-GAGCTGAAAGCAGGAA,8
Mux2-GAGCTGAAAGTCACTA,8
Mux2-GAGCTGAAATCCTGTA,8
Mux2-GAGCTGAAATGCCTAA,0
Mux2-GAGCTGAACAACCACA,8
Mux2-GAGCTGAAGACTAGTA,8
Mux2-GAGCTGAACAATGGAA,8
Mux2-GAGCTGAACACTTCGA,8
Mux2-GAGCTGAACAGCGTTA,4
Mux2-GAGCTGAACATACCAA,12
Mux2-GAGCTGAACCAGTTCA,4
Mux2-GAGCTGAACCGAAGTA,4
Mux2-GAGCTGAACCGTGAGA,4
Mux2-GAGCTGAACCTCCTGA,4
Mux2-GAGCTGAAAGTGGTCA,3
Mux2-GAGCTGAACGAACTTA,5
Mux2-GAGCTGAACGACTGGA,5
Mux2-GAGCTGAACGCATACA,5
Mux2-GAGCTGAACTCAATGA,5
Mux2-GAGCTGAACTGAGCCA,6
Mux2-GAGCTGAACTGGCATA,6
Mux2-GAGCTGAAGAATCTGA,6
Mux2-GAGCTGAAACCACTGT,0
Mux2-GAGCTGAAACATTGGC,2
Mux2-GAGCTGAACAGATCTG,2
Mux2-GAGCTGAACATCAAGT,2
Mux2-GAGCTGAACGCTGATC,12
Mux2-GATAGACAAACGTGAT,0
Mux2-GATAGACAACAAGCTA,12
Mux2-GATAGACACTGTAGCC,12
Mux2-GATAGACAAGTACAAG,12
Mux2-GATAGACAAACAACCA,12
Mux2-GATAGACAAACCGAGA,12
Mux2-GATAGACAAACGCTTA,12
Mux2-GATAGACAAAGACGGA,2
Mux2-GATAGACAAAGGTACA,2
Mux2-GATAGACAACACAGAA,2
Mux2-GATAGACAACAGCAGA,2
Mux2-GATAGACAAAACATCG,0
Mux2-GATAGACAACCTCCAA,2
Mux2-GATAGACAACGCTCGA,2
Mux2-GATAGACAACGTATCA,2
Mux2-GATAGACAACTATGCA,2
Mux2-GATAGACAAGAGTCAA,2
Mux2-GATAGACAAGATCGCA,2
Mux2-GATAGACAAGCAGGAA,3
Mux2-GATAGACAAGTCACTA,0
Mux2-GATAGACAATTGAGGA,0
Mux2-GATAGACAATGCCTAA,0
Mux2-GATAGACACAACCACA,8
Mux2-GATAGACAGACTAGTA,8
Mux2-GATAGACACAATGGAA,8
Mux2-GATAGACACACTTCGA,8
Mux2-GATAGACACAGCGTTA,10
Mux2-GATAGACACATACCAA,4
Mux2-GATAGACACCAGTTCA,4
Mux2-GATAGACACCGAAGTA,4
Mux2-GATAGACACCGTGAGA,4
Mux2-GATAGACACCTCCTGA,4
Mux2-GATAGACAAGTGGTCA,3
Mux2-GATAGACACGAACTTA,5
Mux2-GATAGACACGACTGGA,5
Mux2-GATAGACACGCATACA,5
Mux2-GATAGACACTCAATGA,5
Mux2-GATAGACACTGAGCCA,6
Mux2-GATAGACACTGGCATA,6
Mux2-GATAGACAGAATCTGA,6
Mux2-GATAGACAACCACTGT,0
Mux2-GATAGACAACATTGGC,2
Mux2-GATAGACACAGATCTG,2
Mux2-GATAGACACATCAAGT,2
Mux2-GATAGACACGCTGATC,2
Mux2-AGTGGTCAAACGTGAT,11
Mux2-AGTGGTCAACAAGCTA,4
Mux2-AGTGGTCACTGTAGCC,4
Mux2-AGTGGTCAAGTACAAG,11
Mux2-AGTGGTCAAACAACCA,11
Mux2-AGTGGTCAAACCGAGA,11
Mux2-AGTGGTCAAACGCTTA,11
Mux2-AGTGGTCAAAGACGGA,11
Mux2-AGTGGTCAAAGGTACA,3
Mux2-AGTGGTCAACACAGAA,11
Mux2-AGTGGTCAACAGCAGA,11
Mux2-AGTGGTCAAAACATCG,11
Mux2-AGTGGTCAACCTCCAA,11
Mux2-AGTGGTCAACGCTCGA,11
Mux2-AGTGGTCAACGTATCA,11
Mux2-AGTGGTCAACTATGCA,11
Mux2-AGTGGTCAAGAGTCAA,11
Mux2-AGTGGTCAAGATCGCA,11
Mux2-AGTGGTCAATCCTGTA,5
Mux2-AGTGGTCAATTGAGGA,5
Mux2-AGTGGTCAATGCCTAA,11
Mux2-AGTGGTCAGACTAGTA,5
Mux2-AGTGGTCACAATGGAA,5
Mux2-AGTGGTCACACTTCGA,5
Mux2-AGTGGTCACAGCGTTA,5
Mux2-AGTGGTCACATACCAA,5
Mux2-AGTGGTCACCAGTTCA,5
Mux2-AGTGGTCACCGAAGTA,5
Mux2-AGTGGTCACCGTGAGA,5
Mux2-AGTGGTCACCTCCTGA,5
Mux2-AGTGGTCAAGTGGTCA,3
Mux2-AGTGGTCACGAACTTA,5
Mux2-AGTGGTCACGACTGGA,5
Mux2-AGTGGTCACGCATACA,5
Mux2-AGTGGTCACTCAATGA,5
Mux2-AGTGGTCACTGAGCCA,6
Mux2-AGTGGTCACTGGCATA,6
Mux2-AGTGGTCAGAATCTGA,6
Mux2-AGTGGTCACAAGACTA,6
Mux2-AGTGGTCAGAGCTGAA,6
Mux2-AGTGGTCAGATAGACA,6
Mux2-AGTGGTCAACCACTGT,11
Mux2-AGTGGTCAGCCACATA,6
Mux2-AGTGGTCAACATTGGC,11
Mux2-AGTGGTCACAGATCTG,11
Mux2-AGTGGTCACATCAAGT,11
Mux2-AGTGGTCACGCTGATC,11
Mux2-GCCACATAAACGTGAT,0
Mux2-GCCACATAACAAGCTA,2
Mux2-GCCACATACTGTAGCC,2
Mux2-GCCACATAAGTACAAG,2
Mux2-GCCACATAAACAACCA,2
Mux2-GCCACATAAACCGAGA,2
Mux2-GCCACATAAACGCTTA,2
Mux2-GCCACATAAAGACGGA,2
Mux2-GCCACATAAAGGTACA,2
Mux2-GCCACATAACACAGAA,2
Mux2-GCCACATAACAGCAGA,2
Mux2-GCCACATAAAACATCG,0
Mux2-GCCACATAACCTCCAA,2
Mux2-GCCACATAACGCTCGA,2
Mux2-GCCACATAACGTATCA,2
Mux2-GCCACATAACTATGCA,2
Mux2-GCCACATAAGAGTCAA,2
Mux2-GCCACATAAGATCGCA,2
Mux2-GCCACATAAGCAGGAA,0
Mux2-GCCACATAAGTCACTA,0
Mux2-GCCACATAATCCTGTA,0
Mux2-GCCACATAATGCCTAA,2
Mux2-GCCACATACAACCACA,8
Mux2-GCCACATAGACTAGTA,8
Mux2-GCCACATACAATGGAA,8
Mux2-GCCACATACACTTCGA,8
Mux2-GCCACATACAGCGTTA,4
Mux2-GCCACATACATACCAA,4
Mux2-GCCACATACCAGTTCA,4
Mux2-GCCACATACCGAAGTA,4
Mux2-GCCACATACCGTGAGA,9
Mux2-GCCACATACCTCCTGA,9
Mux2-GCCACATAAGTGGTCA,2
Mux2-GCCACATACGACTGGA,5
Mux2-GCCACATACGCATACA,5
Mux2-GCCACATACTCAATGA,9
Mux2-GCCACATACTGAGCCA,6
Mux2-GCCACATACTGGCATA,6
Mux2-GCCACATAACCACTGT,0
Mux2-GCCACATAACATTGGC,2
Mux2-GCCACATACAGATCTG,2
Mux2-GCCACATACATCAAGT,2
Mux2-GCCACATACGCTGATC,2
Mux2-ACCACTGTAACGTGAT,11
Mux2-ACCACTGTACAAGCTA,4
Mux2-ACCACTGTCTGTAGCC,4
Mux2-ACCACTGTAGTACAAG,4
Mux2-ACCACTGTAACAACCA,11
Mux2-ACCACTGTAACCGAGA,4
Mux2-ACCACTGTAACGCTTA,11
Mux2-ACCACTGTAAGACGGA,11
Mux2-ACCACTGTAAGGTACA,3
Mux2-ACCACTGTACACAGAA,11
Mux2-ACCACTGTACAGCAGA,11
Mux2-ACCACTGTAAACATCG,11
Mux2-ACCACTGTACCTCCAA,11
Mux2-ACCACTGTACGCTCGA,11
Mux2-ACCACTGTACGTATCA,11
Mux2-ACCACTGTACTATGCA,11
Mux2-ACCACTGTAGAGTCAA,11
Mux2-ACCACTGTAGATCGCA,11
Mux2-ACCACTGTAGCAGGAA,11
Mux2-ACCACTGTATTGAGGA,5
Mux2-ACCACTGTATGCCTAA,11
Mux2-ACCACTGTCAACCACA,5
Mux2-ACCACTGTGACTAGTA,5
Mux2-ACCACTGTCAATGGAA,5
Mux2-ACCACTGTCACTTCGA,5
Mux2-ACCACTGTCAGCGTTA,5
Mux2-ACCACTGTCATACCAA,5
Mux2-ACCACTGTCCAGTTCA,5
Mux2-ACCACTGTCCGAAGTA,5
Mux2-ACCACTGTCCGTGAGA,5
Mux2-ACCACTGTCCTCCTGA,5
Mux2-ACCACTGTAGTGGTCA,3
Mux2-ACCACTGTCGAACTTA,5
Mux2-ACCACTGTCGACTGGA,5
Mux2-ACCACTGTCGCATACA,5
Mux2-ACCACTGTCTCAATGA,5
Mux2-ACCACTGTCTGAGCCA,5
Mux2-ACCACTGTCTGGCATA,5
Mux2-ACCACTGTGAATCTGA,6
Mux2-ACCACTGTCAAGACTA,6
Mux2-ACCACTGTGAGCTGAA,6
Mux2-ACCACTGTGATAGACA,6
Mux2-ACCACTGTACCACTGT,11
Mux2-ACCACTGTGCCACATA,6
Mux2-ACCACTGTACATTGGC,11
Mux2-ACCACTGTCAGATCTG,11
Mux2-ACCACTGTCATCAAGT,11
Mux2-ACCACTGTCGCTGATC,11
Mux2-ACATTGGCAACGTGAT,11
Mux2-ACATTGGCACAAGCTA,3
Mux2-ACATTGGCCTGTAGCC,4
Mux2-ACATTGGCAGTACAAG,3
Mux2-ACATTGGCAACAACCA,3
Mux2-ACATTGGCAACCGAGA,4
Mux2-ACATTGGCAACGCTTA,3
Mux2-ACATTGGCAAGACGGA,4
Mux2-ACATTGGCAAGGTACA,3
Mux2-ACATTGGCACACAGAA,4
Mux2-ACATTGGCACAGCAGA,4
Mux2-ACATTGGCAAACATCG,0
Mux2-ACATTGGCACCTCCAA,4
Mux2-ACATTGGCACGCTCGA,4
Mux2-ACATTGGCACGTATCA,4
Mux2-ACATTGGCACTATGCA,4
Mux2-ACATTGGCAGAGTCAA,4
Mux2-ACATTGGCAGATCGCA,4
Mux2-ACATTGGCAGCAGGAA,4
Mux2-ACATTGGCAGTCACTA,11
Mux2-ACATTGGCATGCCTAA,11
Mux2-ACATTGGCCAACCACA,5
Mux2-ACATTGGCGACTAGTA,5
Mux2-ACATTGGCCACTTCGA,5
Mux2-ACATTGGCCAGCGTTA,5
Mux2-ACATTGGCCATACCAA,5
Mux2-ACATTGGCCCAGTTCA,5
Mux2-ACATTGGCCCGAAGTA,5
Mux2-ACATTGGCCCGTGAGA,5
Mux2-ACATTGGCCCTCCTGA,5
Mux2-ACATTGGCAGTGGTCA,3
Mux2-ACATTGGCCGAACTTA,5
Mux2-ACATTGGCCGACTGGA,5
Mux2-ACATTGGCCGCATACA,5
Mux2-ACATTGGCCTCAATGA,5
Mux2-ACATTGGCCTGAGCCA,5
Mux2-ACATTGGCCTGGCATA,5
Mux2-ACATTGGCGAATCTGA,5
Mux2-ACATTGGCCAAGACTA,6
Mux2-ACATTGGCGAGCTGAA,6
Mux2-ACATTGGCGATAGACA,6
Mux2-ACATTGGCACCACTGT,11
Mux2-ACATTGGCGCCACATA,6
Mux2-ACATTGGCACATTGGC,11
Mux2-ACATTGGCCAGATCTG,11
Mux2-ACATTGGCCATCAAGT,11
Mux2-ACATTGGCCGCTGATC,11
Mux2-CAGATCTGAACGTGAT,11
Mux2-CAGATCTGACAAGCTA,4
Mux2-CAGATCTGCTGTAGCC,4
Mux2-CAGATCTGAGTACAAG,3
Mux2-CAGATCTGAACAACCA,3
Mux2-CAGATCTGAACCGAGA,4
Mux2-CAGATCTGAACGCTTA,3
Mux2-CAGATCTGAAGACGGA,3
Mux2-CAGATCTGAAGGTACA,3
Mux2-CAGATCTGACACAGAA,3
Mux2-CAGATCTGACAGCAGA,3
Mux2-CAGATCTGAAACATCG,3
Mux2-CAGATCTGACCTCCAA,4
Mux2-CAGATCTGACGCTCGA,4
Mux2-CAGATCTGACGTATCA,4
Mux2-CAGATCTGACTATGCA,4
Mux2-CAGATCTGAGAGTCAA,4
Mux2-CAGATCTGAGATCGCA,4
Mux2-CAGATCTGAGTCACTA,6
Mux2-CAGATCTGATCCTGTA,6
Mux2-CAGATCTGATGCCTAA,3
Mux2-CAGATCTGCACTTCGA,8
Mux2-CAGATCTGCAGCGTTA,5
Mux2-CAGATCTGCATACCAA,5
Mux2-CAGATCTGCCAGTTCA,5
Mux2-CAGATCTGCCGAAGTA,6
Mux2-CAGATCTGCCGTGAGA,6
Mux2-CAGATCTGCCTCCTGA,5
Mux2-CAGATCTGAGTGGTCA,3
Mux2-CAGATCTGCGAACTTA,5
Mux2-CAGATCTGCGACTGGA,5
Mux2-CAGATCTGCGCATACA,5
Mux2-CAGATCTGCTCAATGA,5
Mux2-CAGATCTGCTGAGCCA,5
Mux2-CAGATCTGCTGGCATA,5
Mux2-CAGATCTGGAATCTGA,5
Mux2-CAGATCTGCAAGACTA,5
Mux2-CAGATCTGGAGCTGAA,6
Mux2-CAGATCTGGATAGACA,6
Mux2-CAGATCTGACCACTGT,0
Mux2-CAGATCTGGCCACATA,6
Mux2-CAGATCTGACATTGGC,0
Mux2-CAGATCTGCAGATCTG,11
Mux2-CAGATCTGCATCAAGT,11
Mux2-CAGATCTGCGCTGATC,11
Mux2-CATCAAGTAACGTGAT,11
Mux2-CATCAAGTACAAGCTA,3
Mux2-CATCAAGTCTGTAGCC,8
Mux2-CATCAAGTAGTACAAG,3
Mux2-CATCAAGTAACAACCA,3
Mux2-CATCAAGTAACCGAGA,3
Mux2-CATCAAGTAACGCTTA,3
Mux2-CATCAAGTAAGACGGA,3
Mux2-CATCAAGTAAGGTACA,3
Mux2-CATCAAGTACACAGAA,3
Mux2-CATCAAGTACAGCAGA,8
Mux2-CATCAAGTAAACATCG,3
Mux2-CATCAAGTACCTCCAA,3
Mux2-CATCAAGTACGCTCGA,3
Mux2-CATCAAGTACGTATCA,4
Mux2-CATCAAGTACTATGCA,4
Mux2-CATCAAGTAGAGTCAA,4
Mux2-CATCAAGTAGATCGCA,4
Mux2-CATCAAGTAGCAGGAA,4
Mux2-CATCAAGTAGTCACTA,4
Mux2-CATCAAGTATCCTGTA,4
Mux2-CATCAAGTATTGAGGA,4
Mux2-CATCAAGTATGCCTAA,3
Mux2-CATCAAGTCAACCACA,4
Mux2-CATCAAGTGACTAGTA,6
Mux2-CATCAAGTCAATGGAA,6
Mux2-CATCAAGTCACTTCGA,4
Mux2-CATCAAGTCAGCGTTA,4
Mux2-CATCAAGTCATACCAA,6
Mux2-CATCAAGTCCAGTTCA,6
Mux2-CATCAAGTCCGAAGTA,5
Mux2-CATCAAGTCCGTGAGA,5
Mux2-CATCAAGTCCTCCTGA,5
Mux2-CATCAAGTAGTGGTCA,4
Mux2-CATCAAGTCGAACTTA,5
Mux2-CATCAAGTCGACTGGA,5
Mux2-CATCAAGTCGCATACA,5
Mux2-CATCAAGTCTCAATGA,5
Mux2-CATCAAGTCTGAGCCA,5
Mux2-CATCAAGTCTGGCATA,5
Mux2-CATCAAGTGAATCTGA,5
Mux2-CATCAAGTCAAGACTA,5
Mux2-CATCAAGTGAGCTGAA,5
Mux2-CATCAAGTGATAGACA,6
Mux2-CATCAAGTACCACTGT,0
Mux2-CATCAAGTGCCACATA,6
Mux2-CATCAAGTACATTGGC,0
Mux2-CATCAAGTCAGATCTG,11
Mux2-CATCAAGTCATCAAGT,8
Mux2-CATCAAGTCGCTGATC,3
Mux2-CGCTGATCAACGTGAT,0
Mux2-CGCTGATCACAAGCTA,3
Mux2-CGCTGATCCTGTAGCC,3
Mux2-CGCTGATCAGTACAAG,3
Mux2-CGCTGATCAACAACCA,3
Mux2-CGCTGATCAACCGAGA,3
Mux2-CGCTGATCAACGCTTA,3
Mux2-CGCTGATCAAGACGGA,3
Mux2-CGCTGATCAAGGTACA,3
Mux2-CGCTGATCACACAGAA,3
Mux2-CGCTGATCACAGCAGA,3
Mux2-CGCTGATCAAACATCG,8
Mux2-CGCTGATCACCTCCAA,3
Mux2-CGCTGATCACGCTCGA,3
Mux2-CGCTGATCACGTATCA,4
Mux2-CGCTGATCACTATGCA,3
Mux2-CGCTGATCAGAGTCAA,4
Mux2-CGCTGATCAGATCGCA,4
Mux2-CGCTGATCAGCAGGAA,4
Mux2-CGCTGATCAGTCACTA,4
Mux2-CGCTGATCATCCTGTA,4
Mux2-CGCTGATCATTGAGGA,4
Mux2-CGCTGATCATGCCTAA,8
Mux2-CGCTGATCCAACCACA,3
Mux2-CGCTGATCGACTAGTA,3
Mux2-CGCTGATCCAATGGAA,12
Mux2-CGCTGATCCACTTCGA,12
Mux2-CGCTGATCCAGCGTTA,8
Mux2-CGCTGATCCATACCAA,12
Mux2-CGCTGATCCCAGTTCA,4
Mux2-CGCTGATCCCGAAGTA,4
Mux2-CGCTGATCCCGTGAGA,4
Mux2-CGCTGATCCCTCCTGA,4
Mux2-CGCTGATCAGTGGTCA,3
Mux2-CGCTGATCCGAACTTA,6
Mux2-CGCTGATCCGACTGGA,5
Mux2-CGCTGATCCGCATACA,5
Mux2-CGCTGATCCTCAATGA,5
Mux2-CGCTGATCCTGAGCCA,5
Mux2-CGCTGATCCTGGCATA,5
Mux2-CGCTGATCGAATCTGA,5
Mux2-CGCTGATCCAAGACTA,5
Mux2-CGCTGATCGAGCTGAA,5
Mux2-CGCTGATCGATAGACA,5
Mux2-CGCTGATCACCACTGT,0
Mux2-CGCTGATCGCCACATA,6
Mux2-CGCTGATCACATTGGC,0
Mux2-CGCTGATCCAGATCTG,8
Mux2-CGCTGATCCATCAAGT,8
Mux2-CGCTGATCCGCTGATC,3
cut-H3K27ac-AACGTGATAAACATCG,1
cut-H3K27ac-AACGTGATATGCCTAA,7
cut-H3K27ac-AACGTGATCGCTGATC,7
cut-H3K27ac-AACGTGATACAAGCTA,7
cut-H3K27ac-AACGTGATCTGTAGCC,7
cut-H3K27ac-AACGTGATAGTACAAG,7
cut-H3K27ac-AACGTGATAACAACCA,7
cut-H3K27ac-AACGTGATAACCGAGA,7
cut-H3K27ac-AACGTGATAAGGTACA,7
cut-H3K27ac-AACGTGATACACAGAA,7
cut-H3K27ac-AACGTGATACAGCAGA,7
cut-H3K27ac-AACGTGATACCTCCAA,7
cut-H3K27ac-AACGTGATACGCTCGA,7
cut-H3K27ac-AACGTGATACGTATCA,3
cut-H3K27ac-AACGTGATACTATGCA,9
cut-H3K27ac-AACGTGATAGAGTCAA,9
cut-H3K27ac-AACGTGATAGATCGCA,9
cut-H3K27ac-AACGTGATAGCAGGAA,1
cut-H3K27ac-AACGTGATAGTCACTA,1
cut-H3K27ac-AACGTGATATCCTGTA,1
cut-H3K27ac-AACGTGATATTGAGGA,1
cut-H3K27ac-AACGTGATCAACCACA,0
cut-H3K27ac-AACGTGATGACTAGTA,1
cut-H3K27ac-AACGTGATCAATGGAA,0
cut-H3K27ac-AACGTGATCACTTCGA,0
cut-H3K27ac-AACGTGATCAGCGTTA,0
cut-H3K27ac-AACGTGATCATACCAA,1
cut-H3K27ac-AACGTGATCCAGTTCA,1
cut-H3K27ac-AACGTGATCCGAAGTA,1
cut-H3K27ac-AACGTGATCCGTGAGA,1
cut-H3K27ac-AACGTGATCCTCCTGA,12
cut-H3K27ac-AACGTGATCGAACTTA,1
cut-H3K27ac-AAACATCGAACGTGAT,7
cut-H3K27ac-AAACATCGAAACATCG,7
cut-H3K27ac-AAACATCGATGCCTAA,7
cut-H3K27ac-AAACATCGAGTGGTCA,7
cut-H3K27ac-AAACATCGCATCAAGT,7
cut-H3K27ac-AAACATCGCGCTGATC,7
cut-H3K27ac-AAACATCGACAAGCTA,7
cut-H3K27ac-AAACATCGCTGTAGCC,7
cut-H3K27ac-AAACATCGAGTACAAG,7
cut-H3K27ac-AAACATCGAACAACCA,7
cut-H3K27ac-AAACATCGAACCGAGA,7
cut-H3K27ac-AAACATCGAACGCTTA,7
cut-H3K27ac-AAACATCGAAGACGGA,7
cut-H3K27ac-AAACATCGAAGGTACA,7
cut-H3K27ac-AAACATCGACACAGAA,7
cut-H3K27ac-AAACATCGACAGCAGA,9
cut-H3K27ac-AAACATCGACCTCCAA,7
cut-H3K27ac-AAACATCGACGCTCGA,7
cut-H3K27ac-AAACATCGACGTATCA,6
cut-H3K27ac-AAACATCGACTATGCA,7
cut-H3K27ac-AAACATCGAGAGTCAA,7
cut-H3K27ac-AAACATCGAGATCGCA,9
cut-H3K27ac-AAACATCGAGCAGGAA,1
cut-H3K27ac-AAACATCGAGTCACTA,1
cut-H3K27ac-AAACATCGATCCTGTA,1
cut-H3K27ac-AAACATCGATTGAGGA,1
cut-H3K27ac-AAACATCGCAACCACA,0
cut-H3K27ac-AAACATCGGACTAGTA,0
cut-H3K27ac-AAACATCGCAATGGAA,1
cut-H3K27ac-AAACATCGCACTTCGA,1
cut-H3K27ac-AAACATCGCAGCGTTA,1
cut-H3K27ac-AAACATCGCATACCAA,1
cut-H3K27ac-AAACATCGCCAGTTCA,1
cut-H3K27ac-AAACATCGCCGAAGTA,1
cut-H3K27ac-AAACATCGCCGTGAGA,6
cut-H3K27ac-AAACATCGCCTCCTGA,2
cut-H3K27ac-AAACATCGCGAACTTA,1
cut-H3K27ac-AAACATCGCGACTGGA,1
cut-H3K27ac-AAACATCGCGCATACA,1
cut-H3K27ac-AAACATCGCTCAATGA,1
cut-H3K27ac-AAACATCGCTGAGCCA,1
cut-H3K27ac-ATGCCTAAAACGTGAT,7
cut-H3K27ac-ATGCCTAAAAACATCG,7
cut-H3K27ac-ATGCCTAAATGCCTAA,7
cut-H3K27ac-ATGCCTAAAGTGGTCA,7
cut-H3K27ac-ATGCCTAAACCACTGT,7
cut-H3K27ac-ATGCCTAAACATTGGC,7
cut-H3K27ac-ATGCCTAACAGATCTG,7
cut-H3K27ac-ATGCCTAACATCAAGT,7
cut-H3K27ac-ATGCCTAACGCTGATC,7
cut-H3K27ac-ATGCCTAAACAAGCTA,7
cut-H3K27ac-ATGCCTAACTGTAGCC,9
cut-H3K27ac-ATGCCTAAAGTACAAG,9
cut-H3K27ac-ATGCCTAAAACAACCA,9
cut-H3K27ac-ATGCCTAAAACCGAGA,7
cut-H3K27ac-ATGCCTAAAACGCTTA,7
cut-H3K27ac-ATGCCTAAAAGACGGA,7
cut-H3K27ac-ATGCCTAAAAGGTACA,7
cut-H3K27ac-ATGCCTAAACACAGAA,9
cut-H3K27ac-ATGCCTAAACAGCAGA,9
cut-H3K27ac-ATGCCTAAACCTCCAA,9
cut-H3K27ac-ATGCCTAAACGCTCGA,7
cut-H3K27ac-ATGCCTAAACGTATCA,6
cut-H3K27ac-ATGCCTAAACTATGCA,7
cut-H3K27ac-ATGCCTAAAGAGTCAA,7
cut-H3K27ac-ATGCCTAAAGATCGCA,9
cut-H3K27ac-ATGCCTAAAGCAGGAA,9
cut-H3K27ac-ATGCCTAAAGTCACTA,1
cut-H3K27ac-ATGCCTAAATCCTGTA,1
cut-H3K27ac-ATGCCTAAATTGAGGA,1
cut-H3K27ac-ATGCCTAACAACCACA,1
cut-H3K27ac-ATGCCTAAGACTAGTA,1
cut-H3K27ac-ATGCCTAACAATGGAA,1
cut-H3K27ac-ATGCCTAACACTTCGA,1
cut-H3K27ac-ATGCCTAACAGCGTTA,1
cut-H3K27ac-ATGCCTAACATACCAA,1
cut-H3K27ac-ATGCCTAACCAGTTCA,1
cut-H3K27ac-ATGCCTAACCGAAGTA,1
cut-H3K27ac-ATGCCTAACCGTGAGA,7
cut-H3K27ac-ATGCCTAACCTCCTGA,2
cut-H3K27ac-ATGCCTAACGAACTTA,1
cut-H3K27ac-ATGCCTAACGACTGGA,1
cut-H3K27ac-ATGCCTAACGCATACA,7
cut-H3K27ac-ATGCCTAACTCAATGA,1
cut-H3K27ac-ATGCCTAACTGAGCCA,1
cut-H3K27ac-ATGCCTAACTGGCATA,1
cut-H3K27ac-ATGCCTAAGAATCTGA,1
cut-H3K27ac-ATGCCTAACAAGACTA,1
cut-H3K27ac-AGTGGTCAAACGTGAT,7
cut-H3K27ac-AGTGGTCAAAACATCG,7
cut-H3K27ac-AGTGGTCAATGCCTAA,7
cut-H3K27ac-AGTGGTCAAGTGGTCA,7
cut-H3K27ac-AGTGGTCAACCACTGT,7
cut-H3K27ac-AGTGGTCAACATTGGC,7
cut-H3K27ac-AGTGGTCACAGATCTG,7
cut-H3K27ac-AGTGGTCACATCAAGT,7
cut-H3K27ac-AGTGGTCACGCTGATC,7
cut-H3K27ac-AGTGGTCAACAAGCTA,7
cut-H3K27ac-AGTGGTCACTGTAGCC,5
cut-H3K27ac-AGTGGTCAAGTACAAG,9
cut-H3K27ac-AGTGGTCAAACAACCA,7
cut-H3K27ac-AGTGGTCAAACCGAGA,7
cut-H3K27ac-AGTGGTCAAACGCTTA,7
cut-H3K27ac-AGTGGTCAAAGACGGA,7
cut-H3K27ac-AGTGGTCAAAGGTACA,9
cut-H3K27ac-AGTGGTCAACACAGAA,9
cut-H3K27ac-AGTGGTCAACAGCAGA,9
cut-H3K27ac-AGTGGTCAACCTCCAA,9
cut-H3K27ac-AGTGGTCAACGCTCGA,7
cut-H3K27ac-AGTGGTCAACGTATCA,4
cut-H3K27ac-AGTGGTCAACTATGCA,7
cut-H3K27ac-AGTGGTCAAGAGTCAA,7
cut-H3K27ac-AGTGGTCAAGATCGCA,7
cut-H3K27ac-AGTGGTCAAGCAGGAA,7
cut-H3K27ac-AGTGGTCAAGTCACTA,7
cut-H3K27ac-AGTGGTCAGACTAGTA,1
cut-H3K27ac-AGTGGTCACAATGGAA,1
cut-H3K27ac-AGTGGTCACACTTCGA,1
cut-H3K27ac-AGTGGTCACAGCGTTA,1
cut-H3K27ac-AGTGGTCACATACCAA,1
cut-H3K27ac-AGTGGTCACCAGTTCA,1
cut-H3K27ac-AGTGGTCACCGAAGTA,0
cut-H3K27ac-AGTGGTCACCGTGAGA,1
cut-H3K27ac-AGTGGTCACCTCCTGA,1
cut-H3K27ac-AGTGGTCACGAACTTA,1
cut-H3K27ac-AGTGGTCACGACTGGA,7
cut-H3K27ac-AGTGGTCACGCATACA,9
cut-H3K27ac-AGTGGTCACTCAATGA,9
cut-H3K27ac-AGTGGTCACTGAGCCA,9
cut-H3K27ac-AGTGGTCACTGGCATA,1
cut-H3K27ac-AGTGGTCAGAATCTGA,12
cut-H3K27ac-AGTGGTCACAAGACTA,1
cut-H3K27ac-AGTGGTCAGAGCTGAA,1
cut-H3K27ac-AGTGGTCAGATAGACA,1
cut-H3K27ac-ACCACTGTAACGTGAT,7
cut-H3K27ac-ACCACTGTAAACATCG,7
cut-H3K27ac-ACCACTGTATGCCTAA,7
cut-H3K27ac-ACCACTGTAGTGGTCA,7
cut-H3K27ac-ACCACTGTACCACTGT,7
cut-H3K27ac-ACCACTGTACATTGGC,7
cut-H3K27ac-ACCACTGTCAGATCTG,7
cut-H3K27ac-ACCACTGTCATCAAGT,7
cut-H3K27ac-ACCACTGTCGCTGATC,7
cut-H3K27ac-ACCACTGTACAAGCTA,7
cut-H3K27ac-ACCACTGTCTGTAGCC,5
cut-H3K27ac-ACCACTGTAGTACAAG,7
cut-H3K27ac-ACCACTGTAACAACCA,7
cut-H3K27ac-ACCACTGTAACCGAGA,7
cut-H3K27ac-ACCACTGTAACGCTTA,7
cut-H3K27ac-ACCACTGTAAGACGGA,9
cut-H3K27ac-ACCACTGTAAGGTACA,9
cut-H3K27ac-ACCACTGTACACAGAA,9
cut-H3K27ac-ACCACTGTACAGCAGA,9
cut-H3K27ac-ACCACTGTACCTCCAA,9
cut-H3K27ac-ACCACTGTACGCTCGA,9
cut-H3K27ac-ACCACTGTACGTATCA,11
cut-H3K27ac-ACCACTGTACTATGCA,7
cut-H3K27ac-ACCACTGTATTGAGGA,1
cut-H3K27ac-ACCACTGTCAATGGAA,12
cut-H3K27ac-ACCACTGTCACTTCGA,1
cut-H3K27ac-ACCACTGTCAGCGTTA,0
cut-H3K27ac-ACCACTGTCATACCAA,1
cut-H3K27ac-ACCACTGTCCAGTTCA,1
cut-H3K27ac-ACCACTGTCCGAAGTA,1
cut-H3K27ac-ACCACTGTCCGTGAGA,1
cut-H3K27ac-ACCACTGTCCTCCTGA,0
cut-H3K27ac-ACCACTGTCGAACTTA,7
cut-H3K27ac-ACCACTGTCGACTGGA,7
cut-H3K27ac-ACCACTGTCGCATACA,9
cut-H3K27ac-ACCACTGTCTCAATGA,9
cut-H3K27ac-ACCACTGTCTGAGCCA,9
cut-H3K27ac-ACCACTGTCTGGCATA,1
cut-H3K27ac-ACCACTGTGAATCTGA,1
cut-H3K27ac-ACCACTGTCAAGACTA,1
cut-H3K27ac-ACCACTGTGAGCTGAA,1
cut-H3K27ac-ACCACTGTGATAGACA,1
cut-H3K27ac-ACCACTGTGCCACATA,1
cut-H3K27ac-ACATTGGCAACGTGAT,7
cut-H3K27ac-ACATTGGCAAACATCG,7
cut-H3K27ac-ACATTGGCATGCCTAA,7
cut-H3K27ac-ACATTGGCAGTGGTCA,7
cut-H3K27ac-ACATTGGCACCACTGT,7
cut-H3K27ac-ACATTGGCACATTGGC,7
cut-H3K27ac-ACATTGGCCAGATCTG,7
cut-H3K27ac-ACATTGGCCATCAAGT,7
cut-H3K27ac-ACATTGGCCGCTGATC,7
cut-H3K27ac-ACATTGGCACAAGCTA,7
cut-H3K27ac-ACATTGGCCTGTAGCC,6
cut-H3K27ac-ACATTGGCAGTACAAG,5
cut-H3K27ac-ACATTGGCAACAACCA,7
cut-H3K27ac-ACATTGGCAACCGAGA,7
cut-H3K27ac-ACATTGGCAACGCTTA,7
cut-H3K27ac-ACATTGGCAAGACGGA,9
cut-H3K27ac-ACATTGGCAAGGTACA,9
cut-H3K27ac-ACATTGGCACACAGAA,9
cut-H3K27ac-ACATTGGCACAGCAGA,9
cut-H3K27ac-ACATTGGCACCTCCAA,9
cut-H3K27ac-ACATTGGCACGCTCGA,9
cut-H3K27ac-ACATTGGCACGTATCA,11
cut-H3K27ac-ACATTGGCACTATGCA,9
cut-H3K27ac-ACATTGGCAGAGTCAA,9
cut-H3K27ac-ACATTGGCATTGAGGA,0
cut-H3K27ac-ACATTGGCCAACCACA,0
cut-H3K27ac-ACATTGGCGACTAGTA,12
cut-H3K27ac-ACATTGGCCAATGGAA,0
cut-H3K27ac-ACATTGGCCACTTCGA,1
cut-H3K27ac-ACATTGGCCCTCCTGA,1
cut-H3K27ac-ACATTGGCCGAACTTA,7
cut-H3K27ac-ACATTGGCCGACTGGA,9
cut-H3K27ac-ACATTGGCCGCATACA,9
cut-H3K27ac-ACATTGGCCTCAATGA,9
cut-H3K27ac-ACATTGGCCTGAGCCA,9
cut-H3K27ac-ACATTGGCCTGGCATA,9
cut-H3K27ac-ACATTGGCGAATCTGA,1
cut-H3K27ac-ACATTGGCCAAGACTA,1
cut-H3K27ac-ACATTGGCGAGCTGAA,1
cut-H3K27ac-ACATTGGCGATAGACA,1
cut-H3K27ac-ACATTGGCGCCACATA,1
cut-H3K27ac-CAGATCTGAACGTGAT,7
cut-H3K27ac-CAGATCTGAAACATCG,7
cut-H3K27ac-CAGATCTGATGCCTAA,7
cut-H3K27ac-CAGATCTGAGTGGTCA,7
cut-H3K27ac-CAGATCTGACCACTGT,7
cut-H3K27ac-CAGATCTGACATTGGC,9
cut-H3K27ac-CAGATCTGCAGATCTG,5
cut-H3K27ac-CAGATCTGCATCAAGT,9
cut-H3K27ac-CAGATCTGCGCTGATC,5
cut-H3K27ac-CAGATCTGACAAGCTA,9
cut-H3K27ac-CAGATCTGCTGTAGCC,5
cut-H3K27ac-CAGATCTGAGTACAAG,5
cut-H3K27ac-CAGATCTGAACAACCA,9
cut-H3K27ac-CAGATCTGAACCGAGA,9
cut-H3K27ac-CAGATCTGAACGCTTA,7
cut-H3K27ac-CAGATCTGAAGACGGA,9
cut-H3K27ac-CAGATCTGAAGGTACA,9
cut-H3K27ac-CAGATCTGACACAGAA,9
cut-H3K27ac-CAGATCTGACAGCAGA,9
cut-H3K27ac-CAGATCTGACCTCCAA,9
cut-H3K27ac-CAGATCTGACGCTCGA,9
cut-H3K27ac-CAGATCTGACGTATCA,6
cut-H3K27ac-CAGATCTGACTATGCA,9
cut-H3K27ac-CAGATCTGAGAGTCAA,9
cut-H3K27ac-CAGATCTGAGATCGCA,7
cut-H3K27ac-CAGATCTGGACTAGTA,0
cut-H3K27ac-CAGATCTGCCGAAGTA,7
cut-H3K27ac-CAGATCTGCCGTGAGA,7
cut-H3K27ac-CAGATCTGCCTCCTGA,1
cut-H3K27ac-CAGATCTGCGAACTTA,9
cut-H3K27ac-CAGATCTGCGACTGGA,9
cut-H3K27ac-CAGATCTGCGCATACA,9
cut-H3K27ac-CAGATCTGCTCAATGA,9
cut-H3K27ac-CAGATCTGCTGAGCCA,9
cut-H3K27ac-CAGATCTGCTGGCATA,9
cut-H3K27ac-CAGATCTGGAATCTGA,9
cut-H3K27ac-CAGATCTGCAAGACTA,1
cut-H3K27ac-CAGATCTGGAGCTGAA,1
cut-H3K27ac-CAGATCTGGATAGACA,1
cut-H3K27ac-CAGATCTGGCCACATA,1
cut-H3K27ac-CATCAAGTAACGTGAT,7
cut-H3K27ac-CATCAAGTAAACATCG,7
cut-H3K27ac-CATCAAGTATGCCTAA,7
cut-H3K27ac-CATCAAGTAGTGGTCA,9
cut-H3K27ac-CATCAAGTACCACTGT,5
cut-H3K27ac-CATCAAGTACATTGGC,9
cut-H3K27ac-CATCAAGTCAGATCTG,5
cut-H3K27ac-CATCAAGTCATCAAGT,5
cut-H3K27ac-CATCAAGTCGCTGATC,5
cut-H3K27ac-CATCAAGTACAAGCTA,9
cut-H3K27ac-CATCAAGTCTGTAGCC,5
cut-H3K27ac-CATCAAGTAGTACAAG,5
cut-H3K27ac-CATCAAGTAACAACCA,5
cut-H3K27ac-CATCAAGTAACCGAGA,5
cut-H3K27ac-CATCAAGTAACGCTTA,0
cut-H3K27ac-CATCAAGTAAGACGGA,0
cut-H3K27ac-CATCAAGTAAGGTACA,5
cut-H3K27ac-CATCAAGTACACAGAA,5
cut-H3K27ac-CATCAAGTACAGCAGA,9
cut-H3K27ac-CATCAAGTACCTCCAA,9
cut-H3K27ac-CATCAAGTACGCTCGA,9
cut-H3K27ac-CATCAAGTACGTATCA,6
cut-H3K27ac-CATCAAGTACTATGCA,9
cut-H3K27ac-CATCAAGTAGAGTCAA,9
cut-H3K27ac-CATCAAGTAGATCGCA,9
cut-H3K27ac-CATCAAGTCATACCAA,7
cut-H3K27ac-CATCAAGTCCAGTTCA,7
cut-H3K27ac-CATCAAGTCCGAAGTA,7
cut-H3K27ac-CATCAAGTCCGTGAGA,9
cut-H3K27ac-CATCAAGTCCTCCTGA,9
cut-H3K27ac-CATCAAGTCGAACTTA,9
cut-H3K27ac-CATCAAGTCGACTGGA,9
cut-H3K27ac-CATCAAGTCGCATACA,9
cut-H3K27ac-CATCAAGTCTCAATGA,5
cut-H3K27ac-CATCAAGTCTGAGCCA,9
cut-H3K27ac-CATCAAGTCTGGCATA,9
cut-H3K27ac-CATCAAGTGAATCTGA,9
cut-H3K27ac-CATCAAGTCAAGACTA,1
cut-H3K27ac-CATCAAGTGAGCTGAA,1
cut-H3K27ac-CATCAAGTGATAGACA,1
cut-H3K27ac-CATCAAGTGCCACATA,1
cut-H3K27ac-CGCTGATCAACGTGAT,7
cut-H3K27ac-CGCTGATCAAACATCG,7
cut-H3K27ac-CGCTGATCATGCCTAA,9
cut-H3K27ac-CGCTGATCAGTGGTCA,5
cut-H3K27ac-CGCTGATCACCACTGT,5
cut-H3K27ac-CGCTGATCACATTGGC,5
cut-H3K27ac-CGCTGATCCAGATCTG,5
cut-H3K27ac-CGCTGATCCATCAAGT,5
cut-H3K27ac-CGCTGATCCGCTGATC,5
cut-H3K27ac-CGCTGATCACAAGCTA,5
cut-H3K27ac-CGCTGATCCTGTAGCC,5
cut-H3K27ac-CGCTGATCAGTACAAG,4
cut-H3K27ac-CGCTGATCAACAACCA,1
cut-H3K27ac-CGCTGATCAACCGAGA,1
cut-H3K27ac-CGCTGATCAACGCTTA,1
cut-H3K27ac-CGCTGATCAAGACGGA,1
cut-H3K27ac-CGCTGATCAAGGTACA,1
cut-H3K27ac-CGCTGATCACACAGAA,1
cut-H3K27ac-CGCTGATCACAGCAGA,12
cut-H3K27ac-CGCTGATCACCTCCAA,12
cut-H3K27ac-CGCTGATCACGCTCGA,5
cut-H3K27ac-CGCTGATCACGTATCA,4
cut-H3K27ac-CGCTGATCACTATGCA,9
cut-H3K27ac-CGCTGATCAGAGTCAA,9
cut-H3K27ac-CGCTGATCAGATCGCA,9
cut-H3K27ac-CGCTGATCAGCAGGAA,7
cut-H3K27ac-CGCTGATCCACTTCGA,7
cut-H3K27ac-CGCTGATCCAGCGTTA,7
cut-H3K27ac-CGCTGATCCATACCAA,9
cut-H3K27ac-CGCTGATCCCAGTTCA,9
cut-H3K27ac-CGCTGATCCCGAAGTA,1
cut-H3K27ac-CGCTGATCCCGTGAGA,9
cut-H3K27ac-CGCTGATCCCTCCTGA,1
cut-H3K27ac-CGCTGATCCGAACTTA,9
cut-H3K27ac-CGCTGATCCGACTGGA,9
cut-H3K27ac-CGCTGATCCGCATACA,9
cut-H3K27ac-CGCTGATCCTCAATGA,5
cut-H3K27ac-CGCTGATCCTGAGCCA,9
cut-H3K27ac-CGCTGATCCTGGCATA,9
cut-H3K27ac-CGCTGATCGAATCTGA,9
cut-H3K27ac-CGCTGATCCAAGACTA,1
cut-H3K27ac-CGCTGATCGAGCTGAA,0
cut-H3K27ac-CGCTGATCGATAGACA,1
cut-H3K27ac-CGCTGATCGCCACATA,1
cut-H3K27ac-ACAAGCTAAACGTGAT,7
cut-H3K27ac-ACAAGCTAAAACATCG,7
cut-H3K27ac-ACAAGCTAATGCCTAA,9
cut-H3K27ac-ACAAGCTAAGTGGTCA,5
cut-H3K27ac-ACAAGCTAACCACTGT,5
cut-H3K27ac-ACAAGCTAACATTGGC,5
cut-H3K27ac-ACAAGCTACAGATCTG,5
cut-H3K27ac-ACAAGCTACATCAAGT,5
cut-H3K27ac-ACAAGCTACGCTGATC,5
cut-H3K27ac-ACAAGCTAACAAGCTA,5
cut-H3K27ac-ACAAGCTACTGTAGCC,1
cut-H3K27ac-ACAAGCTAAGTACAAG,7
cut-H3K27ac-ACAAGCTAAACAACCA,1
cut-H3K27ac-ACAAGCTAAACCGAGA,1
cut-H3K27ac-ACAAGCTAAACGCTTA,1
cut-H3K27ac-ACAAGCTAAAGACGGA,9
cut-H3K27ac-ACAAGCTAAAGGTACA,1
cut-H3K27ac-ACAAGCTAACACAGAA,1
cut-H3K27ac-ACAAGCTAACAGCAGA,1
cut-H3K27ac-ACAAGCTAACCTCCAA,1
cut-H3K27ac-ACAAGCTAACGCTCGA,9
cut-H3K27ac-ACAAGCTAACGTATCA,6
cut-H3K27ac-ACAAGCTAACTATGCA,9
cut-H3K27ac-ACAAGCTAAGAGTCAA,9
cut-H3K27ac-ACAAGCTAAGATCGCA,9
cut-H3K27ac-ACAAGCTAAGCAGGAA,7
cut-H3K27ac-ACAAGCTAGACTAGTA,7
cut-H3K27ac-ACAAGCTACAATGGAA,7
cut-H3K27ac-ACAAGCTACACTTCGA,9
cut-H3K27ac-ACAAGCTACAGCGTTA,9
cut-H3K27ac-ACAAGCTACATACCAA,9
cut-H3K27ac-ACAAGCTACCAGTTCA,9
cut-H3K27ac-ACAAGCTACCGAAGTA,9
cut-H3K27ac-ACAAGCTACCGTGAGA,9
cut-H3K27ac-ACAAGCTACCTCCTGA,9
cut-H3K27ac-ACAAGCTACGAACTTA,9
cut-H3K27ac-ACAAGCTACGACTGGA,9
cut-H3K27ac-ACAAGCTACGCATACA,9
cut-H3K27ac-ACAAGCTACTCAATGA,5
cut-H3K27ac-ACAAGCTACTGAGCCA,9
cut-H3K27ac-ACAAGCTACTGGCATA,9
cut-H3K27ac-ACAAGCTAGAATCTGA,1
cut-H3K27ac-ACAAGCTACAAGACTA,1
cut-H3K27ac-ACAAGCTAGAGCTGAA,1
cut-H3K27ac-ACAAGCTAGATAGACA,1
cut-H3K27ac-ACAAGCTAGCCACATA,1
cut-H3K27ac-CTGTAGCCAACGTGAT,7
cut-H3K27ac-CTGTAGCCAAACATCG,9
cut-H3K27ac-CTGTAGCCATGCCTAA,7
cut-H3K27ac-CTGTAGCCAGTGGTCA,6
cut-H3K27ac-CTGTAGCCACCACTGT,9
cut-H3K27ac-CTGTAGCCACATTGGC,5
cut-H3K27ac-CTGTAGCCCAGATCTG,5
cut-H3K27ac-CTGTAGCCCATCAAGT,5
cut-H3K27ac-CTGTAGCCCGCTGATC,5
cut-H3K27ac-CTGTAGCCACAAGCTA,9
cut-H3K27ac-CTGTAGCCCTGTAGCC,6
cut-H3K27ac-CTGTAGCCAGTACAAG,1
cut-H3K27ac-CTGTAGCCAACAACCA,7
cut-H3K27ac-CTGTAGCCAACCGAGA,9
cut-H3K27ac-CTGTAGCCAACGCTTA,1
cut-H3K27ac-CTGTAGCCAAGACGGA,1
cut-H3K27ac-CTGTAGCCAAGGTACA,1
cut-H3K27ac-CTGTAGCCACACAGAA,0
cut-H3K27ac-CTGTAGCCACAGCAGA,1
cut-H3K27ac-CTGTAGCCACGCTCGA,9
cut-H3K27ac-CTGTAGCCACGTATCA,3
cut-H3K27ac-CTGTAGCCACTATGCA,9
cut-H3K27ac-CTGTAGCCAGAGTCAA,5
cut-H3K27ac-CTGTAGCCAGATCGCA,9
cut-H3K27ac-CTGTAGCCAGCAGGAA,7
cut-H3K27ac-CTGTAGCCATTGAGGA,7
cut-H3K27ac-CTGTAGCCCAACCACA,7
cut-H3K27ac-CTGTAGCCGACTAGTA,7
cut-H3K27ac-CTGTAGCCCAATGGAA,9
cut-H3K27ac-CTGTAGCCCACTTCGA,9
cut-H3K27ac-CTGTAGCCCAGCGTTA,9
cut-H3K27ac-CTGTAGCCCATACCAA,9
cut-H3K27ac-CTGTAGCCCCAGTTCA,9
cut-H3K27ac-CTGTAGCCCCGAAGTA,9
cut-H3K27ac-CTGTAGCCCCGTGAGA,9
cut-H3K27ac-CTGTAGCCCCTCCTGA,9
cut-H3K27ac-CTGTAGCCCGAACTTA,9
cut-H3K27ac-CTGTAGCCCGACTGGA,9
cut-H3K27ac-CTGTAGCCCGCATACA,9
cut-H3K27ac-CTGTAGCCCTCAATGA,6
cut-H3K27ac-CTGTAGCCCTGAGCCA,1
cut-H3K27ac-CTGTAGCCCTGGCATA,1
cut-H3K27ac-CTGTAGCCGAATCTGA,1
cut-H3K27ac-CTGTAGCCCAAGACTA,1
cut-H3K27ac-CTGTAGCCGAGCTGAA,1
cut-H3K27ac-CTGTAGCCGATAGACA,1
cut-H3K27ac-CTGTAGCCGCCACATA,1
cut-H3K27ac-AGTACAAGAACGTGAT,7
cut-H3K27ac-AGTACAAGAAACATCG,7
cut-H3K27ac-AGTACAAGATGCCTAA,7
cut-H3K27ac-AGTACAAGAGTGGTCA,9
cut-H3K27ac-AGTACAAGACCACTGT,5
cut-H3K27ac-AGTACAAGACATTGGC,5
cut-H3K27ac-AGTACAAGCAGATCTG,5
cut-H3K27ac-AGTACAAGCATCAAGT,5
cut-H3K27ac-AGTACAAGCGCTGATC,5
cut-H3K27ac-AGTACAAGACAAGCTA,1
cut-H3K27ac-AGTACAAGCTGTAGCC,5
cut-H3K27ac-AGTACAAGAGTACAAG,1
cut-H3K27ac-AGTACAAGAACAACCA,7
cut-H3K27ac-AGTACAAGAACCGAGA,1
cut-H3K27ac-AGTACAAGAAGACGGA,3
cut-H3K27ac-AGTACAAGAAGGTACA,1
cut-H3K27ac-AGTACAAGACACAGAA,1
cut-H3K27ac-AGTACAAGACAGCAGA,1
cut-H3K27ac-AGTACAAGACCTCCAA,1
cut-H3K27ac-AGTACAAGACGCTCGA,1
cut-H3K27ac-AGTACAAGACGTATCA,6
cut-H3K27ac-AGTACAAGACTATGCA,9
cut-H3K27ac-AGTACAAGAGAGTCAA,9
cut-H3K27ac-AGTACAAGAGATCGCA,9
cut-H3K27ac-AGTACAAGAGCAGGAA,9
cut-H3K27ac-AGTACAAGAGTCACTA,7
cut-H3K27ac-AGTACAAGATCCTGTA,7
cut-H3K27ac-AGTACAAGATTGAGGA,7
cut-H3K27ac-AGTACAAGCAACCACA,9
cut-H3K27ac-AGTACAAGGACTAGTA,9
cut-H3K27ac-AGTACAAGCAATGGAA,9
cut-H3K27ac-AGTACAAGCACTTCGA,9
cut-H3K27ac-AGTACAAGCAGCGTTA,9
cut-H3K27ac-AGTACAAGCATACCAA,9
cut-H3K27ac-AGTACAAGCCAGTTCA,9
cut-H3K27ac-AGTACAAGCCGAAGTA,5
cut-H3K27ac-AGTACAAGCCGTGAGA,9
cut-H3K27ac-AGTACAAGCCTCCTGA,9
cut-H3K27ac-AGTACAAGCGAACTTA,9
cut-H3K27ac-AGTACAAGCGACTGGA,9
cut-H3K27ac-AGTACAAGCGCATACA,1
cut-H3K27ac-AGTACAAGCTCAATGA,1
cut-H3K27ac-AGTACAAGCTGAGCCA,1
cut-H3K27ac-AGTACAAGCTGGCATA,1
cut-H3K27ac-AGTACAAGGAATCTGA,1
cut-H3K27ac-AGTACAAGCAAGACTA,1
cut-H3K27ac-AGTACAAGGAGCTGAA,1
cut-H3K27ac-AGTACAAGGATAGACA,1
cut-H3K27ac-AGTACAAGGCCACATA,1
cut-H3K27ac-AACAACCAAACGTGAT,7
cut-H3K27ac-AACAACCAAAACATCG,7
cut-H3K27ac-AACAACCAATGCCTAA,9
cut-H3K27ac-AACAACCAAGTGGTCA,5
cut-H3K27ac-AACAACCAACCACTGT,5
cut-H3K27ac-AACAACCAACATTGGC,9
cut-H3K27ac-AACAACCACAGATCTG,5
cut-H3K27ac-AACAACCACATCAAGT,5
cut-H3K27ac-AACAACCACGCTGATC,5
cut-H3K27ac-AACAACCAACAAGCTA,6
cut-H3K27ac-AACAACCACTGTAGCC,6
cut-H3K27ac-AACAACCAAGTACAAG,1
cut-H3K27ac-AACAACCAAACAACCA,1
cut-H3K27ac-AACAACCAAACCGAGA,8
cut-H3K27ac-AACAACCAACACAGAA,1
cut-H3K27ac-AACAACCAACAGCAGA,0
cut-H3K27ac-AACAACCAACCTCCAA,1
cut-H3K27ac-AACAACCAACGCTCGA,1
cut-H3K27ac-AACAACCAACTATGCA,9
cut-H3K27ac-AACAACCAAGAGTCAA,5
cut-H3K27ac-AACAACCAAGATCGCA,9
cut-H3K27ac-AACAACCAAGCAGGAA,9
cut-H3K27ac-AACAACCAAGTCACTA,9
cut-H3K27ac-AACAACCAATCCTGTA,9
cut-H3K27ac-AACAACCAATTGAGGA,9
cut-H3K27ac-AACAACCACAACCACA,9
cut-H3K27ac-AACAACCAGACTAGTA,9
cut-H3K27ac-AACAACCACAATGGAA,9
cut-H3K27ac-AACAACCACACTTCGA,9
cut-H3K27ac-AACAACCACAGCGTTA,9
cut-H3K27ac-AACAACCACATACCAA,9
cut-H3K27ac-AACAACCACCAGTTCA,9
cut-H3K27ac-AACAACCACCGAAGTA,9
cut-H3K27ac-AACAACCACCGTGAGA,9
cut-H3K27ac-AACAACCACCTCCTGA,1
cut-H3K27ac-AACAACCACGAACTTA,1
cut-H3K27ac-AACAACCACGACTGGA,1
cut-H3K27ac-AACAACCACGCATACA,1
cut-H3K27ac-AACAACCACTCAATGA,3
cut-H3K27ac-AACAACCACTGAGCCA,3
cut-H3K27ac-AACAACCACTGGCATA,1
cut-H3K27ac-AACAACCAGAATCTGA,1
cut-H3K27ac-AACAACCACAAGACTA,1
cut-H3K27ac-AACAACCAGAGCTGAA,1
cut-H3K27ac-AACAACCAGATAGACA,1
cut-H3K27ac-AACAACCAGCCACATA,1
cut-H3K27ac-AACCGAGAAACGTGAT,7
cut-H3K27ac-AACCGAGAAAACATCG,9
cut-H3K27ac-AACCGAGAATGCCTAA,9
cut-H3K27ac-AACCGAGAAGTGGTCA,9
cut-H3K27ac-AACCGAGAACCACTGT,5
cut-H3K27ac-AACCGAGAACATTGGC,5
cut-H3K27ac-AACCGAGACAGATCTG,5
cut-H3K27ac-AACCGAGACATCAAGT,5
cut-H3K27ac-AACCGAGACGCTGATC,5
cut-H3K27ac-AACCGAGAACAAGCTA,5
cut-H3K27ac-AACCGAGACTGTAGCC,5
cut-H3K27ac-AACCGAGAAGTACAAG,6
cut-H3K27ac-AACCGAGAAACAACCA,1
cut-H3K27ac-AACCGAGAAACCGAGA,1
cut-H3K27ac-AACCGAGAAACGCTTA,0
cut-H3K27ac-AACCGAGAACACAGAA,1
cut-H3K27ac-AACCGAGAACAGCAGA,1
cut-H3K27ac-AACCGAGAACCTCCAA,7
cut-H3K27ac-AACCGAGAACGTATCA,4
cut-H3K27ac-AACCGAGAACTATGCA,1
cut-H3K27ac-AACCGAGAAGAGTCAA,9
cut-H3K27ac-AACCGAGAAGATCGCA,9
cut-H3K27ac-AACCGAGAAGCAGGAA,9
cut-H3K27ac-AACCGAGAAGTCACTA,9
cut-H3K27ac-AACCGAGAATCCTGTA,9
cut-H3K27ac-AACCGAGAATTGAGGA,9
cut-H3K27ac-AACCGAGACAACCACA,9
cut-H3K27ac-AACCGAGAGACTAGTA,9
cut-H3K27ac-AACCGAGACAATGGAA,9
cut-H3K27ac-AACCGAGACACTTCGA,9
cut-H3K27ac-AACCGAGACCAGTTCA,1
cut-H3K27ac-AACCGAGACCGAAGTA,1
cut-H3K27ac-AACCGAGACCGTGAGA,1
cut-H3K27ac-AACCGAGACCTCCTGA,10
cut-H3K27ac-AACCGAGACGAACTTA,1
cut-H3K27ac-AACCGAGACGACTGGA,1
cut-H3K27ac-AACCGAGACGCATACA,1
cut-H3K27ac-AACCGAGACTCAATGA,0
cut-H3K27ac-AACCGAGACTGAGCCA,3
cut-H3K27ac-AACCGAGACTGGCATA,1
cut-H3K27ac-AACCGAGAGAATCTGA,1
cut-H3K27ac-AACCGAGACAAGACTA,1
cut-H3K27ac-AACCGAGAGAGCTGAA,1
cut-H3K27ac-AACCGAGAGATAGACA,1
cut-H3K27ac-AACCGAGAGCCACATA,1
cut-H3K27ac-AACGCTTAAACGTGAT,9
cut-H3K27ac-AACGCTTAAAACATCG,9
cut-H3K27ac-AACGCTTAATGCCTAA,9
cut-H3K27ac-AACGCTTAAGTGGTCA,6
cut-H3K27ac-AACGCTTAACCACTGT,5
cut-H3K27ac-AACGCTTAACATTGGC,5
cut-H3K27ac-AACGCTTACAGATCTG,5
cut-H3K27ac-AACGCTTACATCAAGT,5
cut-H3K27ac-AACGCTTACGCTGATC,5
cut-H3K27ac-AACGCTTAACAAGCTA,5
cut-H3K27ac-AACGCTTACTGTAGCC,5
cut-H3K27ac-AACGCTTAAGTACAAG,5
cut-H3K27ac-AACGCTTAAACAACCA,1
cut-H3K27ac-AACGCTTAAACCGAGA,7
cut-H3K27ac-AACGCTTAAAGGTACA,1
cut-H3K27ac-AACGCTTAACACAGAA,1
cut-H3K27ac-AACGCTTAACAGCAGA,1
cut-H3K27ac-AACGCTTAACGTATCA,6
cut-H3K27ac-AACGCTTAACTATGCA,1
cut-H3K27ac-AACGCTTAAGAGTCAA,1
cut-H3K27ac-AACGCTTAAGATCGCA,1
cut-H3K27ac-AACGCTTAAGCAGGAA,9
cut-H3K27ac-AACGCTTAAGTCACTA,9
cut-H3K27ac-AACGCTTAATCCTGTA,9
cut-H3K27ac-AACGCTTAATTGAGGA,9
cut-H3K27ac-AACGCTTACAACCACA,9
cut-H3K27ac-AACGCTTAGACTAGTA,9
cut-H3K27ac-AACGCTTACAATGGAA,9
cut-H3K27ac-AACGCTTACACTTCGA,1
cut-H3K27ac-AACGCTTACAGCGTTA,1
cut-H3K27ac-AACGCTTACATACCAA,0
cut-H3K27ac-AACGCTTACCAGTTCA,1
cut-H3K27ac-AACGCTTACCGAAGTA,1
cut-H3K27ac-AACGCTTACCGTGAGA,1
cut-H3K27ac-AACGCTTACCTCCTGA,2
cut-H3K27ac-AACGCTTACGAACTTA,1
cut-H3K27ac-AACGCTTACGACTGGA,1
cut-H3K27ac-AACGCTTACGCATACA,0
cut-H3K27ac-AACGCTTACTCAATGA,1
cut-H3K27ac-AACGCTTACTGAGCCA,1
cut-H3K27ac-AACGCTTACTGGCATA,1
cut-H3K27ac-AACGCTTAGAATCTGA,1
cut-H3K27ac-AACGCTTACAAGACTA,1
cut-H3K27ac-AACGCTTAGAGCTGAA,1
cut-H3K27ac-AACGCTTAGATAGACA,1
cut-H3K27ac-AACGCTTAGCCACATA,1
cut-H3K27ac-AAGACGGAAACGTGAT,9
cut-H3K27ac-AAGACGGAAAACATCG,9
cut-H3K27ac-AAGACGGAATGCCTAA,9
cut-H3K27ac-AAGACGGAAGTGGTCA,5
cut-H3K27ac-AAGACGGAACCACTGT,5
cut-H3K27ac-AAGACGGAACATTGGC,5
cut-H3K27ac-AAGACGGACAGATCTG,5
cut-H3K27ac-AAGACGGACATCAAGT,5
cut-H3K27ac-AAGACGGACGCTGATC,5
cut-H3K27ac-AAGACGGAACAAGCTA,5
cut-H3K27ac-AAGACGGACTGTAGCC,5
cut-H3K27ac-AAGACGGAAGTACAAG,5
cut-H3K27ac-AAGACGGAAACAACCA,9
cut-H3K27ac-AAGACGGAAACCGAGA,1
cut-H3K27ac-AAGACGGAACACAGAA,0
cut-H3K27ac-AAGACGGAACAGCAGA,1
cut-H3K27ac-AAGACGGAACCTCCAA,7
cut-H3K27ac-AAGACGGAACGCTCGA,1
cut-H3K27ac-AAGACGGAAGATCGCA,1
cut-H3K27ac-AAGACGGAAGCAGGAA,1
cut-H3K27ac-AAGACGGAAGTCACTA,1
cut-H3K27ac-AAGACGGAATCCTGTA,9
cut-H3K27ac-AAGACGGAATTGAGGA,5
cut-H3K27ac-AAGACGGACAACCACA,9
cut-H3K27ac-AAGACGGAGACTAGTA,1
cut-H3K27ac-AAGACGGACAATGGAA,1
cut-H3K27ac-AAGACGGACACTTCGA,1
cut-H3K27ac-AAGACGGACAGCGTTA,1
cut-H3K27ac-AAGACGGACATACCAA,1
cut-H3K27ac-AAGACGGACCGAAGTA,1
cut-H3K27ac-AAGACGGACCGTGAGA,1
cut-H3K27ac-AAGACGGACCTCCTGA,1
cut-H3K27ac-AAGACGGACGAACTTA,1
cut-H3K27ac-AAGACGGACGACTGGA,1
cut-H3K27ac-AAGACGGACGCATACA,1
cut-H3K27ac-AAGACGGACTCAATGA,1
cut-H3K27ac-AAGACGGACTGAGCCA,0
cut-H3K27ac-AAGACGGACTGGCATA,1
cut-H3K27ac-AAGACGGAGAATCTGA,1
cut-H3K27ac-AAGACGGACAAGACTA,1
cut-H3K27ac-AAGACGGAGAGCTGAA,1
cut-H3K27ac-AAGACGGAGATAGACA,1
cut-H3K27ac-AAGACGGAGCCACATA,1
cut-H3K27ac-AAGGTACAAACGTGAT,9
cut-H3K27ac-AAGGTACAAAACATCG,7
cut-H3K27ac-AAGGTACAATGCCTAA,9
cut-H3K27ac-AAGGTACAAGTGGTCA,5
cut-H3K27ac-AAGGTACAACCACTGT,5
cut-H3K27ac-AAGGTACAACATTGGC,5
cut-H3K27ac-AAGGTACACAGATCTG,5
cut-H3K27ac-AAGGTACACATCAAGT,5
cut-H3K27ac-AAGGTACACGCTGATC,5
cut-H3K27ac-AAGGTACAACAAGCTA,5
cut-H3K27ac-AAGGTACACTGTAGCC,5
cut-H3K27ac-AAGGTACAAGTACAAG,5
cut-H3K27ac-AAGGTACAAACAACCA,7
cut-H3K27ac-AAGGTACAAACCGAGA,7
cut-H3K27ac-AAGGTACAAACGCTTA,1
cut-H3K27ac-AAGGTACAAAGACGGA,1
cut-H3K27ac-AAGGTACAACACAGAA,7
cut-H3K27ac-AAGGTACAACAGCAGA,1
cut-H3K27ac-AAGGTACAACCTCCAA,1
cut-H3K27ac-AAGGTACAACGCTCGA,1
cut-H3K27ac-AAGGTACAACGTATCA,6
cut-H3K27ac-AAGGTACAACTATGCA,9
cut-H3K27ac-AAGGTACAAGAGTCAA,0
cut-H3K27ac-AAGGTACAAGATCGCA,1
cut-H3K27ac-AAGGTACAAGCAGGAA,1
cut-H3K27ac-AAGGTACAAGTCACTA,1
cut-H3K27ac-AAGGTACAATCCTGTA,1
cut-H3K27ac-AAGGTACAATTGAGGA,1
cut-H3K27ac-AAGGTACACAACCACA,1
cut-H3K27ac-AAGGTACAGACTAGTA,1
cut-H3K27ac-AAGGTACACAATGGAA,0
cut-H3K27ac-AAGGTACACACTTCGA,0
cut-H3K27ac-AAGGTACACAGCGTTA,0
cut-H3K27ac-AAGGTACACATACCAA,1
cut-H3K27ac-AAGGTACACCAGTTCA,1
cut-H3K27ac-AAGGTACACCGAAGTA,1
cut-H3K27ac-AAGGTACACCGTGAGA,1
cut-H3K27ac-AAGGTACACCTCCTGA,1
cut-H3K27ac-AAGGTACACGAACTTA,1
cut-H3K27ac-AAGGTACACGACTGGA,1
cut-H3K27ac-AAGGTACACGCATACA,1
cut-H3K27ac-AAGGTACACTCAATGA,1
cut-H3K27ac-AAGGTACACTGAGCCA,1
cut-H3K27ac-AAGGTACACTGGCATA,1
cut-H3K27ac-AAGGTACAGAATCTGA,1
cut-H3K27ac-AAGGTACACAAGACTA,1
cut-H3K27ac-AAGGTACAGAGCTGAA,1
cut-H3K27ac-AAGGTACAGATAGACA,1
cut-H3K27ac-AAGGTACAGCCACATA,1
cut-H3K27ac-ACACAGAAAACGTGAT,9
cut-H3K27ac-ACACAGAAAAACATCG,9
cut-H3K27ac-ACACAGAAATGCCTAA,9
cut-H3K27ac-ACACAGAAAGTGGTCA,6
cut-H3K27ac-ACACAGAAACCACTGT,5
cut-H3K27ac-ACACAGAAACATTGGC,5
cut-H3K27ac-ACACAGAACAGATCTG,5
cut-H3K27ac-ACACAGAACATCAAGT,5
cut-H3K27ac-ACACAGAACGCTGATC,5
cut-H3K27ac-ACACAGAAACAAGCTA,5
cut-H3K27ac-ACACAGAACTGTAGCC,5
cut-H3K27ac-ACACAGAAAGTACAAG,5
cut-H3K27ac-ACACAGAAAACAACCA,1
cut-H3K27ac-ACACAGAAAACCGAGA,1
cut-H3K27ac-ACACAGAAAACGCTTA,1
cut-H3K27ac-ACACAGAAAAGACGGA,1
cut-H3K27ac-ACACAGAAACACAGAA,0
cut-H3K27ac-ACACAGAAACAGCAGA,7
cut-H3K27ac-ACACAGAAACCTCCAA,7
cut-H3K27ac-ACACAGAAACGCTCGA,1
cut-H3K27ac-ACACAGAAACGTATCA,6
cut-H3K27ac-ACACAGAAACTATGCA,1
cut-H3K27ac-ACACAGAAAGAGTCAA,1
cut-H3K27ac-ACACAGAAAGATCGCA,1
cut-H3K27ac-ACACAGAAAGCAGGAA,1
cut-H3K27ac-ACACAGAAAGTCACTA,1
cut-H3K27ac-ACACAGAAATCCTGTA,1
cut-H3K27ac-ACACAGAAATTGAGGA,1
cut-H3K27ac-ACACAGAACAACCACA,1
cut-H3K27ac-ACACAGAAGACTAGTA,1
cut-H3K27ac-ACACAGAACAATGGAA,0
cut-H3K27ac-ACACAGAACACTTCGA,0
cut-H3K27ac-ACACAGAACAGCGTTA,0
cut-H3K27ac-ACACAGAACATACCAA,0
cut-H3K27ac-ACACAGAACCAGTTCA,0
cut-H3K27ac-ACACAGAACCGAAGTA,1
cut-H3K27ac-ACACAGAACCGTGAGA,0
cut-H3K27ac-ACACAGAACCTCCTGA,0
cut-H3K27ac-ACACAGAACGAACTTA,1
cut-H3K27ac-ACACAGAACGACTGGA,1
cut-H3K27ac-ACACAGAACGCATACA,1
cut-H3K27ac-ACACAGAACTCAATGA,1
cut-H3K27ac-ACACAGAACTGAGCCA,0
cut-H3K27ac-ACACAGAACTGGCATA,1
cut-H3K27ac-ACACAGAAGAATCTGA,1
cut-H3K27ac-ACACAGAACAAGACTA,1
cut-H3K27ac-ACACAGAAGAGCTGAA,1
cut-H3K27ac-ACACAGAAGATAGACA,1
cut-H3K27ac-ACACAGAAGCCACATA,0
cut-H3K27ac-ACAGCAGAAACGTGAT,9
cut-H3K27ac-ACAGCAGAAAACATCG,9
cut-H3K27ac-ACAGCAGAATGCCTAA,9
cut-H3K27ac-ACAGCAGAAGTGGTCA,5
cut-H3K27ac-ACAGCAGAACCACTGT,5
cut-H3K27ac-ACAGCAGAACATTGGC,5
cut-H3K27ac-ACAGCAGACAGATCTG,5
cut-H3K27ac-ACAGCAGACATCAAGT,5
cut-H3K27ac-ACAGCAGACGCTGATC,5
cut-H3K27ac-ACAGCAGAACAAGCTA,5
cut-H3K27ac-ACAGCAGACTGTAGCC,5
cut-H3K27ac-ACAGCAGAAGTACAAG,9
cut-H3K27ac-ACAGCAGAAACAACCA,7
cut-H3K27ac-ACAGCAGAAACCGAGA,1
cut-H3K27ac-ACAGCAGAAACGCTTA,1
cut-H3K27ac-ACAGCAGAAAGACGGA,1
cut-H3K27ac-ACAGCAGAACACAGAA,1
cut-H3K27ac-ACAGCAGAACAGCAGA,7
cut-H3K27ac-ACAGCAGAACCTCCAA,7
cut-H3K27ac-ACAGCAGAACGCTCGA,1
cut-H3K27ac-ACAGCAGAACGTATCA,3
cut-H3K27ac-ACAGCAGAACTATGCA,1
cut-H3K27ac-ACAGCAGAAGAGTCAA,1
cut-H3K27ac-ACAGCAGAAGATCGCA,1
cut-H3K27ac-ACAGCAGAAGCAGGAA,1
cut-H3K27ac-ACAGCAGAAGTCACTA,1
cut-H3K27ac-ACAGCAGAATCCTGTA,1
cut-H3K27ac-ACAGCAGAATTGAGGA,1
cut-H3K27ac-ACAGCAGACAACCACA,1
cut-H3K27ac-ACAGCAGAGACTAGTA,0
cut-H3K27ac-ACAGCAGACAATGGAA,0
cut-H3K27ac-ACAGCAGACACTTCGA,0
cut-H3K27ac-ACAGCAGACAGCGTTA,0
cut-H3K27ac-ACAGCAGACATACCAA,0
cut-H3K27ac-ACAGCAGACCAGTTCA,0
cut-H3K27ac-ACAGCAGACCGAAGTA,0
cut-H3K27ac-ACAGCAGACCGTGAGA,0
cut-H3K27ac-ACAGCAGACCTCCTGA,1
cut-H3K27ac-ACAGCAGACGAACTTA,1
cut-H3K27ac-ACAGCAGACGACTGGA,1
cut-H3K27ac-ACAGCAGACGCATACA,1
cut-H3K27ac-ACAGCAGACTCAATGA,0
cut-H3K27ac-ACAGCAGACTGGCATA,1
cut-H3K27ac-ACAGCAGAGAATCTGA,1
cut-H3K27ac-ACAGCAGACAAGACTA,1
cut-H3K27ac-ACAGCAGAGAGCTGAA,0
cut-H3K27ac-ACAGCAGAGATAGACA,1
cut-H3K27ac-ACAGCAGAGCCACATA,1
cut-H3K27ac-ACCTCCAAAACGTGAT,9
cut-H3K27ac-ACCTCCAAAAACATCG,9
cut-H3K27ac-ACCTCCAAATGCCTAA,5
cut-H3K27ac-ACCTCCAAAGTGGTCA,6
cut-H3K27ac-ACCTCCAAACCACTGT,7
cut-H3K27ac-ACCTCCAAACATTGGC,9
cut-H3K27ac-ACCTCCAACAGATCTG,5
cut-H3K27ac-ACCTCCAACATCAAGT,5
cut-H3K27ac-ACCTCCAACGCTGATC,6
cut-H3K27ac-ACCTCCAAACAAGCTA,5
cut-H3K27ac-ACCTCCAACTGTAGCC,5
cut-H3K27ac-ACCTCCAAAGTACAAG,9
cut-H3K27ac-ACCTCCAAAACAACCA,1
cut-H3K27ac-ACCTCCAAAACCGAGA,1
cut-H3K27ac-ACCTCCAAAACGCTTA,1
cut-H3K27ac-ACCTCCAAAAGACGGA,12
cut-H3K27ac-ACCTCCAAACACAGAA,1
cut-H3K27ac-ACCTCCAAACAGCAGA,0
cut-H3K27ac-ACCTCCAAACCTCCAA,1
cut-H3K27ac-ACCTCCAAACGCTCGA,1
cut-H3K27ac-ACCTCCAAACGTATCA,8
cut-H3K27ac-ACCTCCAAACTATGCA,1
cut-H3K27ac-ACCTCCAAAGAGTCAA,1
cut-H3K27ac-ACCTCCAAAGATCGCA,0
cut-H3K27ac-ACCTCCAAAGCAGGAA,1
cut-H3K27ac-ACCTCCAAAGTCACTA,1
cut-H3K27ac-ACCTCCAAATCCTGTA,1
cut-H3K27ac-ACCTCCAAATTGAGGA,1
cut-H3K27ac-ACCTCCAACAACCACA,1
cut-H3K27ac-ACCTCCAAGACTAGTA,0
cut-H3K27ac-ACCTCCAACAATGGAA,0
cut-H3K27ac-ACCTCCAACACTTCGA,0
cut-H3K27ac-ACCTCCAACAGCGTTA,0
cut-H3K27ac-ACCTCCAACATACCAA,0
cut-H3K27ac-ACCTCCAACCAGTTCA,0
cut-H3K27ac-ACCTCCAACCGAAGTA,0
cut-H3K27ac-ACCTCCAACCGTGAGA,0
cut-H3K27ac-ACCTCCAACCTCCTGA,1
cut-H3K27ac-ACCTCCAACGAACTTA,1
cut-H3K27ac-ACCTCCAACGACTGGA,1
cut-H3K27ac-ACCTCCAACGCATACA,1
cut-H3K27ac-ACCTCCAACTGGCATA,0
cut-H3K27ac-ACCTCCAAGAATCTGA,0
cut-H3K27ac-ACCTCCAACAAGACTA,1
cut-H3K27ac-ACCTCCAAGAGCTGAA,0
cut-H3K27ac-ACCTCCAAGATAGACA,1
cut-H3K27ac-ACCTCCAAGCCACATA,1
cut-H3K27ac-ACGCTCGAAACGTGAT,1
cut-H3K27ac-ACGCTCGAAAACATCG,1
cut-H3K27ac-ACGCTCGAATGCCTAA,1
cut-H3K27ac-ACGCTCGAAGTGGTCA,5
cut-H3K27ac-ACGCTCGAACCACTGT,5
cut-H3K27ac-ACGCTCGAACATTGGC,7
cut-H3K27ac-ACGCTCGACAGATCTG,12
cut-H3K27ac-ACGCTCGACATCAAGT,9
cut-H3K27ac-ACGCTCGACGCTGATC,3
cut-H3K27ac-ACGCTCGAACAAGCTA,5
cut-H3K27ac-ACGCTCGACTGTAGCC,5
cut-H3K27ac-ACGCTCGAAGTACAAG,5
cut-H3K27ac-ACGCTCGAAACAACCA,1
cut-H3K27ac-ACGCTCGAAACCGAGA,1
cut-H3K27ac-ACGCTCGAAACGCTTA,1
cut-H3K27ac-ACGCTCGAAAGACGGA,6
cut-H3K27ac-ACGCTCGAACACAGAA,1
cut-H3K27ac-ACGCTCGAACAGCAGA,1
cut-H3K27ac-ACGCTCGAACCTCCAA,1
cut-H3K27ac-ACGCTCGAACGCTCGA,1
cut-H3K27ac-ACGCTCGAACGTATCA,3
cut-H3K27ac-ACGCTCGAACTATGCA,12
cut-H3K27ac-ACGCTCGAAGAGTCAA,0
cut-H3K27ac-ACGCTCGAAGATCGCA,7
cut-H3K27ac-ACGCTCGAAGCAGGAA,1
cut-H3K27ac-ACGCTCGAAGTCACTA,1
cut-H3K27ac-ACGCTCGAATCCTGTA,0
cut-H3K27ac-ACGCTCGAATTGAGGA,0
cut-H3K27ac-ACGCTCGACAACCACA,1
cut-H3K27ac-ACGCTCGAGACTAGTA,0
cut-H3K27ac-ACGCTCGACAATGGAA,11
cut-H3K27ac-ACGCTCGACACTTCGA,12
cut-H3K27ac-ACGCTCGACAGCGTTA,0
cut-H3K27ac-ACGCTCGACATACCAA,0
cut-H3K27ac-ACGCTCGACCAGTTCA,0
cut-H3K27ac-ACGCTCGACCGAAGTA,0
cut-H3K27ac-ACGCTCGACCGTGAGA,1
cut-H3K27ac-ACGCTCGACCTCCTGA,12
cut-H3K27ac-ACGCTCGACGAACTTA,12
cut-H3K27ac-ACGCTCGACGACTGGA,1
cut-H3K27ac-ACGCTCGACGCATACA,0
cut-H3K27ac-ACGCTCGACTGGCATA,7
cut-H3K27ac-ACGCTCGAGAATCTGA,0
cut-H3K27ac-ACGCTCGACAAGACTA,1
cut-H3K27ac-ACGCTCGAGAGCTGAA,1
cut-H3K27ac-ACGCTCGAGATAGACA,1
cut-H3K27ac-ACGCTCGAGCCACATA,1
cut-H3K27ac-ACGTATCAAACGTGAT,9
cut-H3K27ac-ACGTATCAAAACATCG,7
cut-H3K27ac-ACGTATCAATGCCTAA,11
cut-H3K27ac-ACGTATCAAGTGGTCA,5
cut-H3K27ac-ACGTATCAACCACTGT,11
cut-H3K27ac-ACGTATCAACATTGGC,12
cut-H3K27ac-ACGTATCACAGATCTG,5
cut-H3K27ac-ACGTATCACATCAAGT,6
cut-H3K27ac-ACGTATCACGCTGATC,6
cut-H3K27ac-ACGTATCAACAAGCTA,5
cut-H3K27ac-ACGTATCACTGTAGCC,5
cut-H3K27ac-ACGTATCAAGTACAAG,5
cut-H3K27ac-ACGTATCAAACAACCA,7
cut-H3K27ac-ACGTATCAAACCGAGA,7
cut-H3K27ac-ACGTATCAAAGACGGA,1
cut-H3K27ac-ACGTATCAACACAGAA,1
cut-H3K27ac-ACGTATCAACAGCAGA,1
cut-H3K27ac-ACGTATCAACCTCCAA,1
cut-H3K27ac-ACGTATCAACGCTCGA,1
cut-H3K27ac-ACGTATCAACGTATCA,7
cut-H3K27ac-ACGTATCAACTATGCA,9
cut-H3K27ac-ACGTATCAAGAGTCAA,9
cut-H3K27ac-ACGTATCAAGATCGCA,1
cut-H3K27ac-ACGTATCAAGCAGGAA,1
cut-H3K27ac-ACGTATCAAGTCACTA,0
cut-H3K27ac-ACGTATCAATCCTGTA,0
cut-H3K27ac-ACGTATCAATTGAGGA,0
cut-H3K27ac-ACGTATCACAACCACA,0
cut-H3K27ac-ACGTATCAGACTAGTA,8
cut-H3K27ac-ACGTATCACAATGGAA,1
cut-H3K27ac-ACGTATCACACTTCGA,8
cut-H3K27ac-ACGTATCACAGCGTTA,1
cut-H3K27ac-ACGTATCACATACCAA,1
cut-H3K27ac-ACGTATCACCAGTTCA,1
cut-H3K27ac-ACGTATCACCGAAGTA,1
cut-H3K27ac-ACGTATCACCGTGAGA,1
cut-H3K27ac-ACGTATCACCTCCTGA,0
cut-H3K27ac-ACGTATCACGAACTTA,0
cut-H3K27ac-ACGTATCACGACTGGA,1
cut-H3K27ac-ACGTATCACGCATACA,1
cut-H3K27ac-ACGTATCACTCAATGA,9
cut-H3K27ac-ACGTATCACTGAGCCA,0
cut-H3K27ac-ACGTATCACTGGCATA,9
cut-H3K27ac-ACGTATCAGAATCTGA,1
cut-H3K27ac-ACGTATCACAAGACTA,1
cut-H3K27ac-ACGTATCAGAGCTGAA,1
cut-H3K27ac-ACGTATCAGATAGACA,1
cut-H3K27ac-ACGTATCAGCCACATA,1
cut-H3K27ac-ACTATGCAAACGTGAT,7
cut-H3K27ac-ACTATGCAAAACATCG,5
cut-H3K27ac-ACTATGCAATGCCTAA,1
cut-H3K27ac-ACTATGCAAGTGGTCA,7
cut-H3K27ac-ACTATGCAACCACTGT,6
cut-H3K27ac-ACTATGCAACATTGGC,7
cut-H3K27ac-ACTATGCACAGATCTG,7
cut-H3K27ac-ACTATGCACATCAAGT,7
cut-H3K27ac-ACTATGCACGCTGATC,7
cut-H3K27ac-ACTATGCAACAAGCTA,5
cut-H3K27ac-ACTATGCACTGTAGCC,5
cut-H3K27ac-ACTATGCAAGTACAAG,5
cut-H3K27ac-ACTATGCAAACAACCA,5
cut-H3K27ac-ACTATGCAAACCGAGA,1
cut-H3K27ac-ACTATGCAAAGACGGA,1
cut-H3K27ac-ACTATGCAAAGGTACA,1
cut-H3K27ac-ACTATGCAACACAGAA,7
cut-H3K27ac-ACTATGCAACAGCAGA,1
cut-H3K27ac-ACTATGCAACCTCCAA,1
cut-H3K27ac-ACTATGCAACGCTCGA,0
cut-H3K27ac-ACTATGCAACGTATCA,6
cut-H3K27ac-ACTATGCAACTATGCA,9
cut-H3K27ac-ACTATGCAAGAGTCAA,11
cut-H3K27ac-ACTATGCAAGATCGCA,0
cut-H3K27ac-ACTATGCAAGCAGGAA,0
cut-H3K27ac-ACTATGCAAGTCACTA,0
cut-H3K27ac-ACTATGCAATCCTGTA,0
cut-H3K27ac-ACTATGCAATTGAGGA,0
cut-H3K27ac-ACTATGCACAACCACA,0
cut-H3K27ac-ACTATGCAGACTAGTA,0
cut-H3K27ac-ACTATGCACAATGGAA,0
cut-H3K27ac-ACTATGCACACTTCGA,0
cut-H3K27ac-ACTATGCACAGCGTTA,0
cut-H3K27ac-ACTATGCACATACCAA,0
cut-H3K27ac-ACTATGCACCAGTTCA,1
cut-H3K27ac-ACTATGCACCGAAGTA,1
cut-H3K27ac-ACTATGCACCGTGAGA,0
cut-H3K27ac-ACTATGCACCTCCTGA,1
cut-H3K27ac-ACTATGCACGAACTTA,0
cut-H3K27ac-ACTATGCACGACTGGA,0
cut-H3K27ac-ACTATGCACGCATACA,0
cut-H3K27ac-ACTATGCACTCAATGA,0
cut-H3K27ac-ACTATGCACTGAGCCA,9
cut-H3K27ac-ACTATGCACTGGCATA,1
cut-H3K27ac-ACTATGCAGAATCTGA,0
cut-H3K27ac-ACTATGCACAAGACTA,0
cut-H3K27ac-ACTATGCAGAGCTGAA,1
cut-H3K27ac-ACTATGCAGATAGACA,0
cut-H3K27ac-ACTATGCAGCCACATA,1
cut-H3K27ac-AGAGTCAAAACGTGAT,7
cut-H3K27ac-AGAGTCAAAAACATCG,1
cut-H3K27ac-AGAGTCAAATGCCTAA,0
cut-H3K27ac-AGAGTCAAAGTGGTCA,0
cut-H3K27ac-AGAGTCAAACCACTGT,7
cut-H3K27ac-AGAGTCAAACATTGGC,7
cut-H3K27ac-AGAGTCAACAGATCTG,7
cut-H3K27ac-AGAGTCAACATCAAGT,7
cut-H3K27ac-AGAGTCAACGCTGATC,7
cut-H3K27ac-AGAGTCAAACAAGCTA,5
cut-H3K27ac-AGAGTCAACTGTAGCC,5
cut-H3K27ac-AGAGTCAAAGTACAAG,5
cut-H3K27ac-AGAGTCAAAACAACCA,5
cut-H3K27ac-AGAGTCAAAACCGAGA,1
cut-H3K27ac-AGAGTCAAAAGACGGA,1
cut-H3K27ac-AGAGTCAAAAGGTACA,1
cut-H3K27ac-AGAGTCAAACACAGAA,1
cut-H3K27ac-AGAGTCAAACAGCAGA,1
cut-H3K27ac-AGAGTCAAACCTCCAA,0
cut-H3K27ac-AGAGTCAAACGCTCGA,0
cut-H3K27ac-AGAGTCAAACGTATCA,11
cut-H3K27ac-AGAGTCAAACTATGCA,1
cut-H3K27ac-AGAGTCAAAGAGTCAA,3
cut-H3K27ac-AGAGTCAAAGATCGCA,12
cut-H3K27ac-AGAGTCAAAGCAGGAA,1
cut-H3K27ac-AGAGTCAAAGTCACTA,0
cut-H3K27ac-AGAGTCAAATCCTGTA,0
cut-H3K27ac-AGAGTCAAATTGAGGA,0
cut-H3K27ac-AGAGTCAACAACCACA,0
cut-H3K27ac-AGAGTCAAGACTAGTA,0
cut-H3K27ac-AGAGTCAACAATGGAA,0
cut-H3K27ac-AGAGTCAACACTTCGA,0
cut-H3K27ac-AGAGTCAACAGCGTTA,0
cut-H3K27ac-AGAGTCAACATACCAA,0
cut-H3K27ac-AGAGTCAACCAGTTCA,0
cut-H3K27ac-AGAGTCAACCGAAGTA,0
cut-H3K27ac-AGAGTCAACCGTGAGA,0
cut-H3K27ac-AGAGTCAACCTCCTGA,0
cut-H3K27ac-AGAGTCAACGAACTTA,0
cut-H3K27ac-AGAGTCAACGACTGGA,0
cut-H3K27ac-AGAGTCAACGCATACA,0
cut-H3K27ac-AGAGTCAACTCAATGA,0
cut-H3K27ac-AGAGTCAACTGAGCCA,0
cut-H3K27ac-AGAGTCAACTGGCATA,0
cut-H3K27ac-AGAGTCAAGAATCTGA,0
cut-H3K27ac-AGAGTCAACAAGACTA,0
cut-H3K27ac-AGAGTCAAGCCACATA,1
cut-H3K27ac-AGATCGCAAACGTGAT,7
cut-H3K27ac-AGATCGCAAAACATCG,12
cut-H3K27ac-AGATCGCAATGCCTAA,7
cut-H3K27ac-AGATCGCAAGTGGTCA,7
cut-H3K27ac-AGATCGCAACCACTGT,7
cut-H3K27ac-AGATCGCAACATTGGC,7
cut-H3K27ac-AGATCGCACAGATCTG,7
cut-H3K27ac-AGATCGCACATCAAGT,7
cut-H3K27ac-AGATCGCACGCTGATC,6
cut-H3K27ac-AGATCGCAACAAGCTA,5
cut-H3K27ac-AGATCGCACTGTAGCC,5
cut-H3K27ac-AGATCGCAAGTACAAG,5
cut-H3K27ac-AGATCGCAAACAACCA,5
cut-H3K27ac-AGATCGCAAACCGAGA,1
cut-H3K27ac-AGATCGCAAAGACGGA,12
cut-H3K27ac-AGATCGCAAAGGTACA,1
cut-H3K27ac-AGATCGCAACACAGAA,1
cut-H3K27ac-AGATCGCAACAGCAGA,0
cut-H3K27ac-AGATCGCAACCTCCAA,0
cut-H3K27ac-AGATCGCAACGCTCGA,0
cut-H3K27ac-AGATCGCAACGTATCA,8
cut-H3K27ac-AGATCGCAACTATGCA,0
cut-H3K27ac-AGATCGCAAGAGTCAA,10
cut-H3K27ac-AGATCGCAAGATCGCA,0
cut-H3K27ac-AGATCGCAAGCAGGAA,0
cut-H3K27ac-AGATCGCAAGTCACTA,0
cut-H3K27ac-AGATCGCAATCCTGTA,0
cut-H3K27ac-AGATCGCAATTGAGGA,0
cut-H3K27ac-AGATCGCACAACCACA,0
cut-H3K27ac-AGATCGCAGACTAGTA,0
cut-H3K27ac-AGATCGCACAATGGAA,0
cut-H3K27ac-AGATCGCACACTTCGA,0
cut-H3K27ac-AGATCGCACAGCGTTA,0
cut-H3K27ac-AGATCGCACATACCAA,0
cut-H3K27ac-AGATCGCACCAGTTCA,0
cut-H3K27ac-AGATCGCACCGAAGTA,0
cut-H3K27ac-AGATCGCACCGTGAGA,0
cut-H3K27ac-AGATCGCACCTCCTGA,0
cut-H3K27ac-AGATCGCACGAACTTA,0
cut-H3K27ac-AGATCGCACGACTGGA,0
cut-H3K27ac-AGATCGCACGCATACA,0
cut-H3K27ac-AGATCGCACTCAATGA,0
cut-H3K27ac-AGATCGCACTGAGCCA,0
cut-H3K27ac-AGATCGCACTGGCATA,0
cut-H3K27ac-AGATCGCAGAATCTGA,0
cut-H3K27ac-AGATCGCACAAGACTA,3
cut-H3K27ac-AGATCGCAGAGCTGAA,0
cut-H3K27ac-AGATCGCAGCCACATA,1
cut-H3K27ac-AGCAGGAAAACGTGAT,7
cut-H3K27ac-AGCAGGAAAAACATCG,0
cut-H3K27ac-AGCAGGAAATGCCTAA,1
cut-H3K27ac-AGCAGGAAAGTGGTCA,6
cut-H3K27ac-AGCAGGAAACCACTGT,7
cut-H3K27ac-AGCAGGAAACATTGGC,7
cut-H3K27ac-AGCAGGAACAGATCTG,7
cut-H3K27ac-AGCAGGAACATCAAGT,5
cut-H3K27ac-AGCAGGAACGCTGATC,6
cut-H3K27ac-AGCAGGAAACAAGCTA,6
cut-H3K27ac-AGCAGGAACTGTAGCC,5
cut-H3K27ac-AGCAGGAAAGTACAAG,5
cut-H3K27ac-AGCAGGAAAACAACCA,6
cut-H3K27ac-AGCAGGAAAACCGAGA,1
cut-H3K27ac-AGCAGGAAAACGCTTA,12
cut-H3K27ac-AGCAGGAAAAGACGGA,7
cut-H3K27ac-AGCAGGAAAAGGTACA,12
cut-H3K27ac-AGCAGGAAACACAGAA,7
cut-H3K27ac-AGCAGGAAACAGCAGA,0
cut-H3K27ac-AGCAGGAAACCTCCAA,3
cut-H3K27ac-AGCAGGAAACGCTCGA,0
cut-H3K27ac-AGCAGGAAACGTATCA,11
cut-H3K27ac-AGCAGGAAACTATGCA,12
cut-H3K27ac-AGCAGGAAAGAGTCAA,0
cut-H3K27ac-AGCAGGAAAGATCGCA,0
cut-H3K27ac-AGCAGGAAAGCAGGAA,0
cut-H3K27ac-AGCAGGAAAGTCACTA,0
cut-H3K27ac-AGCAGGAAATCCTGTA,0
cut-H3K27ac-AGCAGGAAATTGAGGA,0
cut-H3K27ac-AGCAGGAACAACCACA,0
cut-H3K27ac-AGCAGGAAGACTAGTA,0
cut-H3K27ac-AGCAGGAACAATGGAA,3
cut-H3K27ac-AGCAGGAACACTTCGA,0
cut-H3K27ac-AGCAGGAACAGCGTTA,0
cut-H3K27ac-AGCAGGAACATACCAA,0
cut-H3K27ac-AGCAGGAACCAGTTCA,0
cut-H3K27ac-AGCAGGAACCGAAGTA,0
cut-H3K27ac-AGCAGGAACCGTGAGA,0
cut-H3K27ac-AGCAGGAACCTCCTGA,3
cut-H3K27ac-AGCAGGAACGAACTTA,0
cut-H3K27ac-AGCAGGAACGACTGGA,0
cut-H3K27ac-AGCAGGAACGCATACA,0
cut-H3K27ac-AGCAGGAACTCAATGA,0
cut-H3K27ac-AGCAGGAACTGAGCCA,0
cut-H3K27ac-AGCAGGAACTGGCATA,0
cut-H3K27ac-AGCAGGAAGAATCTGA,0
cut-H3K27ac-AGCAGGAACAAGACTA,2
cut-H3K27ac-AGCAGGAAGAGCTGAA,12
cut-H3K27ac-AGCAGGAAGCCACATA,1
cut-H3K27ac-AGTCACTAAACGTGAT,7
cut-H3K27ac-AGTCACTAAAACATCG,1
cut-H3K27ac-AGTCACTAATGCCTAA,0
cut-H3K27ac-AGTCACTAAGTGGTCA,7
cut-H3K27ac-AGTCACTAACCACTGT,7
cut-H3K27ac-AGTCACTAACATTGGC,7
cut-H3K27ac-AGTCACTACAGATCTG,7
cut-H3K27ac-AGTCACTACATCAAGT,5
cut-H3K27ac-AGTCACTACGCTGATC,6
cut-H3K27ac-AGTCACTAACAAGCTA,5
cut-H3K27ac-AGTCACTACTGTAGCC,5
cut-H3K27ac-AGTCACTAAGTACAAG,5
cut-H3K27ac-AGTCACTAAACAACCA,5
cut-H3K27ac-AGTCACTAAACCGAGA,1
cut-H3K27ac-AGTCACTAAACGCTTA,1
cut-H3K27ac-AGTCACTAAAGACGGA,1
cut-H3K27ac-AGTCACTAAAGGTACA,0
cut-H3K27ac-AGTCACTAACACAGAA,12
cut-H3K27ac-AGTCACTAACAGCAGA,0
cut-H3K27ac-AGTCACTAACCTCCAA,0
cut-H3K27ac-AGTCACTAACGCTCGA,0
cut-H3K27ac-AGTCACTAACGTATCA,3
cut-H3K27ac-AGTCACTAACTATGCA,1
cut-H3K27ac-AGTCACTAAGAGTCAA,0
cut-H3K27ac-AGTCACTAAGATCGCA,0
cut-H3K27ac-AGTCACTAAGCAGGAA,0
cut-H3K27ac-AGTCACTAAGTCACTA,1
cut-H3K27ac-AGTCACTAATCCTGTA,0
cut-H3K27ac-AGTCACTAATTGAGGA,0
cut-H3K27ac-AGTCACTACAACCACA,0
cut-H3K27ac-AGTCACTAGACTAGTA,0
cut-H3K27ac-AGTCACTACAATGGAA,4
cut-H3K27ac-AGTCACTACACTTCGA,0
cut-H3K27ac-AGTCACTACAGCGTTA,0
cut-H3K27ac-AGTCACTACATACCAA,0
cut-H3K27ac-AGTCACTACCAGTTCA,3
cut-H3K27ac-AGTCACTACCGAAGTA,10
cut-H3K27ac-AGTCACTACCGTGAGA,0
cut-H3K27ac-AGTCACTACCTCCTGA,1
cut-H3K27ac-AGTCACTACGAACTTA,1
cut-H3K27ac-AGTCACTACGACTGGA,0
cut-H3K27ac-AGTCACTACGCATACA,0
cut-H3K27ac-AGTCACTACTCAATGA,0
cut-H3K27ac-AGTCACTACTGAGCCA,0
cut-H3K27ac-AGTCACTACTGGCATA,0
cut-H3K27ac-AGTCACTAGAATCTGA,0
cut-H3K27ac-AGTCACTACAAGACTA,0
cut-H3K27ac-AGTCACTAGAGCTGAA,0
cut-H3K27ac-AGTCACTAGCCACATA,0
cut-H3K27ac-ATCCTGTAAACGTGAT,7
cut-H3K27ac-ATCCTGTAAAACATCG,0
cut-H3K27ac-ATCCTGTAATGCCTAA,7
cut-H3K27ac-ATCCTGTAAGTGGTCA,7
cut-H3K27ac-ATCCTGTAACCACTGT,7
cut-H3K27ac-ATCCTGTAACATTGGC,7
cut-H3K27ac-ATCCTGTACAGATCTG,7
cut-H3K27ac-ATCCTGTACATCAAGT,5
cut-H3K27ac-ATCCTGTACGCTGATC,6
cut-H3K27ac-ATCCTGTAACAAGCTA,5
cut-H3K27ac-ATCCTGTACTGTAGCC,5
cut-H3K27ac-ATCCTGTAAGTACAAG,5
cut-H3K27ac-ATCCTGTAAACAACCA,5
cut-H3K27ac-ATCCTGTAAACCGAGA,0
cut-H3K27ac-ATCCTGTAAACGCTTA,1
cut-H3K27ac-ATCCTGTAAAGACGGA,1
cut-H3K27ac-ATCCTGTAAAGGTACA,1
cut-H3K27ac-ATCCTGTAACACAGAA,7
cut-H3K27ac-ATCCTGTAACAGCAGA,12
cut-H3K27ac-ATCCTGTAACCTCCAA,0
cut-H3K27ac-ATCCTGTAACGCTCGA,12
cut-H3K27ac-ATCCTGTAACGTATCA,11
cut-H3K27ac-ATCCTGTAACTATGCA,0
cut-H3K27ac-ATCCTGTAAGAGTCAA,3
cut-H3K27ac-ATCCTGTAAGATCGCA,0
cut-H3K27ac-ATCCTGTAAGCAGGAA,8
cut-H3K27ac-ATCCTGTAAGTCACTA,0
cut-H3K27ac-ATCCTGTAATCCTGTA,1
cut-H3K27ac-ATCCTGTAATTGAGGA,0
cut-H3K27ac-ATCCTGTACAACCACA,0
cut-H3K27ac-ATCCTGTAGACTAGTA,0
cut-H3K27ac-ATCCTGTACAATGGAA,0
cut-H3K27ac-ATCCTGTACACTTCGA,0
cut-H3K27ac-ATCCTGTACAGCGTTA,0
cut-H3K27ac-ATCCTGTACATACCAA,0
cut-H3K27ac-ATCCTGTACCAGTTCA,0
cut-H3K27ac-ATCCTGTACCGAAGTA,0
cut-H3K27ac-ATCCTGTACCGTGAGA,1
cut-H3K27ac-ATCCTGTACCTCCTGA,0
cut-H3K27ac-ATCCTGTACGAACTTA,0
cut-H3K27ac-ATCCTGTACGACTGGA,0
cut-H3K27ac-ATCCTGTACGCATACA,1
cut-H3K27ac-ATCCTGTACTCAATGA,0
cut-H3K27ac-ATCCTGTACTGAGCCA,0
cut-H3K27ac-ATCCTGTACTGGCATA,0
cut-H3K27ac-ATCCTGTAGAATCTGA,0
cut-H3K27ac-ATCCTGTACAAGACTA,1
cut-H3K27ac-ATCCTGTAGAGCTGAA,0
cut-H3K27ac-ATTGAGGAAACGTGAT,7
cut-H3K27ac-ATTGAGGAAAACATCG,7
cut-H3K27ac-ATTGAGGAATGCCTAA,7
cut-H3K27ac-ATTGAGGAAGTGGTCA,7
cut-H3K27ac-ATTGAGGAACCACTGT,7
cut-H3K27ac-ATTGAGGAACATTGGC,7
cut-H3K27ac-ATTGAGGACAGATCTG,7
cut-H3K27ac-ATTGAGGACATCAAGT,7
cut-H3K27ac-ATTGAGGACGCTGATC,6
cut-H3K27ac-ATTGAGGAACAAGCTA,5
cut-H3K27ac-ATTGAGGACTGTAGCC,5
cut-H3K27ac-ATTGAGGAAGTACAAG,5
cut-H3K27ac-ATTGAGGAAACAACCA,5
cut-H3K27ac-ATTGAGGAAACCGAGA,7
cut-H3K27ac-ATTGAGGAAACGCTTA,1
cut-H3K27ac-ATTGAGGAAAGACGGA,0
cut-H3K27ac-ATTGAGGAAAGGTACA,0
cut-H3K27ac-ATTGAGGAACACAGAA,1
cut-H3K27ac-ATTGAGGAACAGCAGA,9
cut-H3K27ac-ATTGAGGAACCTCCAA,12
cut-H3K27ac-ATTGAGGAACGCTCGA,0
cut-H3K27ac-ATTGAGGAACGTATCA,4
cut-H3K27ac-ATTGAGGAACTATGCA,0
cut-H3K27ac-ATTGAGGAAGAGTCAA,0
cut-H3K27ac-ATTGAGGAAGATCGCA,0
cut-H3K27ac-ATTGAGGAAGCAGGAA,0
cut-H3K27ac-ATTGAGGAATCCTGTA,0
cut-H3K27ac-ATTGAGGAATTGAGGA,0
cut-H3K27ac-ATTGAGGACAACCACA,0
cut-H3K27ac-ATTGAGGAGACTAGTA,0
cut-H3K27ac-ATTGAGGACAATGGAA,0
cut-H3K27ac-ATTGAGGACACTTCGA,0
cut-H3K27ac-ATTGAGGACAGCGTTA,0
cut-H3K27ac-ATTGAGGACATACCAA,12
cut-H3K27ac-ATTGAGGACCAGTTCA,0
cut-H3K27ac-ATTGAGGACCGAAGTA,1
cut-H3K27ac-ATTGAGGACCGTGAGA,0
cut-H3K27ac-ATTGAGGACCTCCTGA,0
cut-H3K27ac-ATTGAGGACGAACTTA,0
cut-H3K27ac-ATTGAGGACGACTGGA,0
cut-H3K27ac-ATTGAGGACGCATACA,0
cut-H3K27ac-ATTGAGGACTCAATGA,0
cut-H3K27ac-ATTGAGGACTGAGCCA,3
cut-H3K27ac-ATTGAGGACTGGCATA,0
cut-H3K27ac-ATTGAGGAGAATCTGA,0
cut-H3K27ac-ATTGAGGACAAGACTA,0
cut-H3K27ac-ATTGAGGAGAGCTGAA,7
cut-H3K27ac-ATTGAGGAGATAGACA,0
cut-H3K27ac-ATTGAGGAGCCACATA,1
cut-H3K27ac-CAACCACAAACGTGAT,7
cut-H3K27ac-CAACCACAAAACATCG,7
cut-H3K27ac-CAACCACAATGCCTAA,7
cut-H3K27ac-CAACCACAAGTGGTCA,7
cut-H3K27ac-CAACCACAACCACTGT,7
cut-H3K27ac-CAACCACAACATTGGC,7
cut-H3K27ac-CAACCACACAGATCTG,7
cut-H3K27ac-CAACCACACATCAAGT,7
cut-H3K27ac-CAACCACACGCTGATC,7
cut-H3K27ac-CAACCACAACAAGCTA,5
cut-H3K27ac-CAACCACACTGTAGCC,5
cut-H3K27ac-CAACCACAAGTACAAG,5
cut-H3K27ac-CAACCACAAACAACCA,5
cut-H3K27ac-CAACCACAAACCGAGA,1
cut-H3K27ac-CAACCACAAACGCTTA,1
cut-H3K27ac-CAACCACAAAGACGGA,1
cut-H3K27ac-CAACCACAAAGGTACA,7
cut-H3K27ac-CAACCACAACACAGAA,1
cut-H3K27ac-CAACCACAACAGCAGA,0
cut-H3K27ac-CAACCACAACCTCCAA,0
cut-H3K27ac-CAACCACAACGCTCGA,0
cut-H3K27ac-CAACCACAACGTATCA,6
cut-H3K27ac-CAACCACAACTATGCA,0
cut-H3K27ac-CAACCACAAGAGTCAA,0
cut-H3K27ac-CAACCACAAGATCGCA,0
cut-H3K27ac-CAACCACAAGCAGGAA,0
cut-H3K27ac-CAACCACAATCCTGTA,0
cut-H3K27ac-CAACCACAATTGAGGA,0
cut-H3K27ac-CAACCACACAACCACA,12
cut-H3K27ac-CAACCACAGACTAGTA,0
cut-H3K27ac-CAACCACACAATGGAA,0
cut-H3K27ac-CAACCACACACTTCGA,0
cut-H3K27ac-CAACCACACAGCGTTA,0
cut-H3K27ac-CAACCACACATACCAA,0
cut-H3K27ac-CAACCACACCAGTTCA,2
cut-H3K27ac-CAACCACACCGAAGTA,0
cut-H3K27ac-CAACCACACCGTGAGA,0
cut-H3K27ac-CAACCACACCTCCTGA,8
cut-H3K27ac-CAACCACACGAACTTA,0
cut-H3K27ac-CAACCACACGACTGGA,0
cut-H3K27ac-CAACCACACGCATACA,0
cut-H3K27ac-CAACCACACTCAATGA,0
cut-H3K27ac-CAACCACACTGAGCCA,0
cut-H3K27ac-CAACCACACTGGCATA,0
cut-H3K27ac-CAACCACAGAATCTGA,0
cut-H3K27ac-CAACCACACAAGACTA,0
cut-H3K27ac-CAACCACAGAGCTGAA,1
cut-H3K27ac-CAACCACAGATAGACA,0
cut-H3K27ac-CAACCACAGCCACATA,1
cut-H3K27ac-GACTAGTAAACGTGAT,7
cut-H3K27ac-GACTAGTAAAACATCG,7
cut-H3K27ac-GACTAGTAATGCCTAA,7
cut-H3K27ac-GACTAGTAAGTGGTCA,7
cut-H3K27ac-GACTAGTAACCACTGT,7
cut-H3K27ac-GACTAGTAACATTGGC,7
cut-H3K27ac-GACTAGTACAGATCTG,7
cut-H3K27ac-GACTAGTACATCAAGT,7
cut-H3K27ac-GACTAGTACGCTGATC,6
cut-H3K27ac-GACTAGTAACAAGCTA,5
cut-H3K27ac-GACTAGTACTGTAGCC,6
cut-H3K27ac-GACTAGTAAGTACAAG,6
cut-H3K27ac-GACTAGTAAACAACCA,5
cut-H3K27ac-GACTAGTAAACCGAGA,1
cut-H3K27ac-GACTAGTAAACGCTTA,0
cut-H3K27ac-GACTAGTAAAGACGGA,0
cut-H3K27ac-GACTAGTAAAGGTACA,0
cut-H3K27ac-GACTAGTAACACAGAA,0
cut-H3K27ac-GACTAGTAACAGCAGA,0
cut-H3K27ac-GACTAGTAACCTCCAA,0
cut-H3K27ac-GACTAGTAACGCTCGA,0
cut-H3K27ac-GACTAGTAACGTATCA,6
cut-H3K27ac-GACTAGTAACTATGCA,0
cut-H3K27ac-GACTAGTAAGAGTCAA,0
cut-H3K27ac-GACTAGTAAGATCGCA,0
cut-H3K27ac-GACTAGTAAGCAGGAA,0
cut-H3K27ac-GACTAGTAATCCTGTA,0
cut-H3K27ac-GACTAGTAATTGAGGA,1
cut-H3K27ac-GACTAGTACAACCACA,0
cut-H3K27ac-GACTAGTAGACTAGTA,0
cut-H3K27ac-GACTAGTACAATGGAA,0
cut-H3K27ac-GACTAGTACACTTCGA,0
cut-H3K27ac-GACTAGTACAGCGTTA,0
cut-H3K27ac-GACTAGTACATACCAA,1
cut-H3K27ac-GACTAGTACCAGTTCA,0
cut-H3K27ac-GACTAGTACCGAAGTA,1
cut-H3K27ac-GACTAGTACGACTGGA,0
cut-H3K27ac-GACTAGTACGCATACA,0
cut-H3K27ac-GACTAGTACTCAATGA,0
cut-H3K27ac-GACTAGTACTGAGCCA,4
cut-H3K27ac-GACTAGTACTGGCATA,0
cut-H3K27ac-GACTAGTAGAATCTGA,0
cut-H3K27ac-GACTAGTACAAGACTA,0
cut-H3K27ac-GACTAGTAGAGCTGAA,0
cut-H3K27ac-GACTAGTAGATAGACA,1
cut-H3K27ac-GACTAGTAGCCACATA,7
cut-H3K27ac-CAATGGAAAACGTGAT,7
cut-H3K27ac-CAATGGAAAAACATCG,7
cut-H3K27ac-CAATGGAAATGCCTAA,7
cut-H3K27ac-CAATGGAAAGTGGTCA,7
cut-H3K27ac-CAATGGAAACCACTGT,7
cut-H3K27ac-CAATGGAACATCAAGT,7
cut-H3K27ac-CAATGGAACGCTGATC,7
cut-H3K27ac-CAATGGAAACAAGCTA,7
cut-H3K27ac-CAATGGAACTGTAGCC,7
cut-H3K27ac-CAATGGAAAGTACAAG,7
cut-H3K27ac-CAATGGAAAACAACCA,6
cut-H3K27ac-CAATGGAAAACCGAGA,0
cut-H3K27ac-CAATGGAAAACGCTTA,0
cut-H3K27ac-CAATGGAAAAGACGGA,0
cut-H3K27ac-CAATGGAAAAGGTACA,0
cut-H3K27ac-CAATGGAAACACAGAA,1
cut-H3K27ac-CAATGGAAACAGCAGA,0
cut-H3K27ac-CAATGGAAACCTCCAA,0
cut-H3K27ac-CAATGGAAACGCTCGA,0
cut-H3K27ac-CAATGGAAACGTATCA,4
cut-H3K27ac-CAATGGAAACTATGCA,0
cut-H3K27ac-CAATGGAAAGAGTCAA,0
cut-H3K27ac-CAATGGAAAGATCGCA,0
cut-H3K27ac-CAATGGAAAGCAGGAA,0
cut-H3K27ac-CAATGGAAATCCTGTA,0
cut-H3K27ac-CAATGGAAATTGAGGA,0
cut-H3K27ac-CAATGGAACAACCACA,0
cut-H3K27ac-CAATGGAAGACTAGTA,0
cut-H3K27ac-CAATGGAACAATGGAA,0
cut-H3K27ac-CAATGGAACACTTCGA,0
cut-H3K27ac-CAATGGAACAGCGTTA,0
cut-H3K27ac-CAATGGAACATACCAA,8
cut-H3K27ac-CAATGGAACCGAAGTA,0
cut-H3K27ac-CAATGGAACCGTGAGA,0
cut-H3K27ac-CAATGGAACCTCCTGA,3
cut-H3K27ac-CAATGGAACGAACTTA,0
cut-H3K27ac-CAATGGAACGACTGGA,0
cut-H3K27ac-CAATGGAACGCATACA,8
cut-H3K27ac-CAATGGAACTCAATGA,0
cut-H3K27ac-CAATGGAACTGAGCCA,0
cut-H3K27ac-CAATGGAACTGGCATA,0
cut-H3K27ac-CAATGGAAGAATCTGA,0
cut-H3K27ac-CAATGGAACAAGACTA,1
cut-H3K27ac-CAATGGAAGAGCTGAA,0
cut-H3K27ac-CAATGGAAGATAGACA,1
cut-H3K27ac-CAATGGAAGCCACATA,1
cut-H3K27ac-CACTTCGAAACGTGAT,7
cut-H3K27ac-CACTTCGAAAACATCG,1
cut-H3K27ac-CACTTCGAATGCCTAA,7
cut-H3K27ac-CACTTCGAAGTGGTCA,7
cut-H3K27ac-CACTTCGAACCACTGT,7
cut-H3K27ac-CACTTCGAACATTGGC,7
cut-H3K27ac-CACTTCGACAGATCTG,7
cut-H3K27ac-CACTTCGAACAAGCTA,7
cut-H3K27ac-CACTTCGACTGTAGCC,7
cut-H3K27ac-CACTTCGAAGTACAAG,7
cut-H3K27ac-CACTTCGAAACAACCA,6
cut-H3K27ac-CACTTCGAAACCGAGA,0
cut-H3K27ac-CACTTCGAAACGCTTA,0
cut-H3K27ac-CACTTCGAAAGACGGA,0
cut-H3K27ac-CACTTCGAAAGGTACA,0
cut-H3K27ac-CACTTCGAACACAGAA,0
cut-H3K27ac-CACTTCGAACAGCAGA,1
cut-H3K27ac-CACTTCGAACCTCCAA,0
cut-H3K27ac-CACTTCGAACGCTCGA,0
cut-H3K27ac-CACTTCGAACGTATCA,4
cut-H3K27ac-CACTTCGAACTATGCA,0
cut-H3K27ac-CACTTCGAAGAGTCAA,0
cut-H3K27ac-CACTTCGAAGATCGCA,0
cut-H3K27ac-CACTTCGAAGCAGGAA,0
cut-H3K27ac-CACTTCGAATCCTGTA,0
cut-H3K27ac-CACTTCGAATTGAGGA,0
cut-H3K27ac-CACTTCGACAACCACA,0
cut-H3K27ac-CACTTCGAGACTAGTA,0
cut-H3K27ac-CACTTCGACAATGGAA,0
cut-H3K27ac-CACTTCGACACTTCGA,0
cut-H3K27ac-CACTTCGACAGCGTTA,0
cut-H3K27ac-CACTTCGACATACCAA,0
cut-H3K27ac-CACTTCGACCAGTTCA,0
cut-H3K27ac-CACTTCGACCGAAGTA,0
cut-H3K27ac-CACTTCGACCGTGAGA,0
cut-H3K27ac-CACTTCGACCTCCTGA,1
cut-H3K27ac-CACTTCGACGAACTTA,3
cut-H3K27ac-CACTTCGACGACTGGA,0
cut-H3K27ac-CACTTCGACGCATACA,0
cut-H3K27ac-CACTTCGACTCAATGA,0
cut-H3K27ac-CACTTCGACTGAGCCA,0
cut-H3K27ac-CACTTCGACTGGCATA,8
cut-H3K27ac-CACTTCGAGAATCTGA,1
cut-H3K27ac-CACTTCGACAAGACTA,1
cut-H3K27ac-CACTTCGAGAGCTGAA,1
cut-H3K27ac-CACTTCGAGATAGACA,0
cut-H3K27ac-CACTTCGAGCCACATA,1
cut-H3K27ac-CAGCGTTAAACGTGAT,7
cut-H3K27ac-CAGCGTTAAAACATCG,7
cut-H3K27ac-CAGCGTTAATGCCTAA,7
cut-H3K27ac-CAGCGTTAAGTGGTCA,7
cut-H3K27ac-CAGCGTTAACCACTGT,7
cut-H3K27ac-CAGCGTTAACATTGGC,7
cut-H3K27ac-CAGCGTTACAGATCTG,7
cut-H3K27ac-CAGCGTTACATCAAGT,7
cut-H3K27ac-CAGCGTTACGCTGATC,11
cut-H3K27ac-CAGCGTTAACAAGCTA,7
cut-H3K27ac-CAGCGTTACTGTAGCC,7
cut-H3K27ac-CAGCGTTAAGTACAAG,7
cut-H3K27ac-CAGCGTTAAACAACCA,11
cut-H3K27ac-CAGCGTTAAACCGAGA,11
cut-H3K27ac-CAGCGTTAAACGCTTA,11
cut-H3K27ac-CAGCGTTAAAGACGGA,3
cut-H3K27ac-CAGCGTTAAAGGTACA,0
cut-H3K27ac-CAGCGTTAACACAGAA,8
cut-H3K27ac-CAGCGTTAACAGCAGA,0
cut-H3K27ac-CAGCGTTAACCTCCAA,0
cut-H3K27ac-CAGCGTTAACGCTCGA,0
cut-H3K27ac-CAGCGTTAACGTATCA,4
cut-H3K27ac-CAGCGTTAACTATGCA,0
cut-H3K27ac-CAGCGTTAAGAGTCAA,0
cut-H3K27ac-CAGCGTTAAGATCGCA,0
cut-H3K27ac-CAGCGTTAAGCAGGAA,0
cut-H3K27ac-CAGCGTTAATCCTGTA,0
cut-H3K27ac-CAGCGTTAATTGAGGA,0
cut-H3K27ac-CAGCGTTACAACCACA,0
cut-H3K27ac-CAGCGTTAGACTAGTA,0
cut-H3K27ac-CAGCGTTACAATGGAA,0
cut-H3K27ac-CAGCGTTACACTTCGA,0
cut-H3K27ac-CAGCGTTACAGCGTTA,0
cut-H3K27ac-CAGCGTTACATACCAA,10
cut-H3K27ac-CAGCGTTACCAGTTCA,10
cut-H3K27ac-CAGCGTTACCGAAGTA,0
cut-H3K27ac-CAGCGTTACCGTGAGA,10
cut-H3K27ac-CAGCGTTACCTCCTGA,2
cut-H3K27ac-CAGCGTTACGAACTTA,10
cut-H3K27ac-CAGCGTTACGACTGGA,0
cut-H3K27ac-CAGCGTTACGCATACA,10
cut-H3K27ac-CAGCGTTACTCAATGA,0
cut-H3K27ac-CAGCGTTACTGAGCCA,0
cut-H3K27ac-CAGCGTTACTGGCATA,0
cut-H3K27ac-CAGCGTTAGAATCTGA,0
cut-H3K27ac-CAGCGTTACAAGACTA,0
cut-H3K27ac-CAGCGTTAGAGCTGAA,0
cut-H3K27ac-CAGCGTTAGATAGACA,1
cut-H3K27ac-CAGCGTTAGCCACATA,1
cut-H3K27ac-CATACCAAAACGTGAT,7
cut-H3K27ac-CATACCAAAAACATCG,7
cut-H3K27ac-CATACCAAATGCCTAA,7
cut-H3K27ac-CATACCAAAGTGGTCA,7
cut-H3K27ac-CATACCAAACCACTGT,7
cut-H3K27ac-CATACCAAACATTGGC,7
cut-H3K27ac-CATACCAACAGATCTG,7
cut-H3K27ac-CATACCAACATCAAGT,7
cut-H3K27ac-CATACCAACGCTGATC,7
cut-H3K27ac-CATACCAAACAAGCTA,7
cut-H3K27ac-CATACCAACTGTAGCC,0
cut-H3K27ac-CATACCAAAGTACAAG,11
cut-H3K27ac-CATACCAAAACAACCA,11
cut-H3K27ac-CATACCAAAACCGAGA,11
cut-H3K27ac-CATACCAAAACGCTTA,11
cut-H3K27ac-CATACCAAAAGACGGA,11
cut-H3K27ac-CATACCAAAAGGTACA,11
cut-H3K27ac-CATACCAAACACAGAA,10
cut-H3K27ac-CATACCAAACAGCAGA,0
cut-H3K27ac-CATACCAAACCTCCAA,0
cut-H3K27ac-CATACCAAACGCTCGA,0
cut-H3K27ac-CATACCAAACGTATCA,0
cut-H3K27ac-CATACCAAACTATGCA,0
cut-H3K27ac-CATACCAAAGAGTCAA,0
cut-H3K27ac-CATACCAAAGATCGCA,0
cut-H3K27ac-CATACCAAAGCAGGAA,0
cut-H3K27ac-CATACCAAATTGAGGA,0
cut-H3K27ac-CATACCAACAACCACA,0
cut-H3K27ac-CATACCAAGACTAGTA,0
cut-H3K27ac-CATACCAACAATGGAA,0
cut-H3K27ac-CATACCAACACTTCGA,10
cut-H3K27ac-CATACCAACAGCGTTA,10
cut-H3K27ac-CATACCAACATACCAA,10
cut-H3K27ac-CATACCAACCAGTTCA,10
cut-H3K27ac-CATACCAACCGAAGTA,10
cut-H3K27ac-CATACCAACCGTGAGA,1
cut-H3K27ac-CATACCAACCTCCTGA,12
cut-H3K27ac-CATACCAACGAACTTA,10
cut-H3K27ac-CATACCAACGACTGGA,10
cut-H3K27ac-CATACCAACGCATACA,10
cut-H3K27ac-CATACCAACTCAATGA,10
cut-H3K27ac-CATACCAACTGAGCCA,10
cut-H3K27ac-CATACCAACTGGCATA,0
cut-H3K27ac-CATACCAAGAATCTGA,1
cut-H3K27ac-CATACCAACAAGACTA,1
cut-H3K27ac-CATACCAAGAGCTGAA,1
cut-H3K27ac-CATACCAAGATAGACA,0
cut-H3K27ac-CATACCAAGCCACATA,1
cut-H3K27ac-CCAGTTCAAACGTGAT,7
cut-H3K27ac-CCAGTTCAAAACATCG,7
cut-H3K27ac-CCAGTTCAATGCCTAA,7
cut-H3K27ac-CCAGTTCAAGTGGTCA,7
cut-H3K27ac-CCAGTTCAACCACTGT,7
cut-H3K27ac-CCAGTTCAACATTGGC,7
cut-H3K27ac-CCAGTTCACAGATCTG,7
cut-H3K27ac-CCAGTTCACATCAAGT,7
cut-H3K27ac-CCAGTTCACGCTGATC,6
cut-H3K27ac-CCAGTTCAACAAGCTA,6
cut-H3K27ac-CCAGTTCACTGTAGCC,11
cut-H3K27ac-CCAGTTCAAGTACAAG,11
cut-H3K27ac-CCAGTTCAAACAACCA,11
cut-H3K27ac-CCAGTTCAAACCGAGA,0
cut-H3K27ac-CCAGTTCAAACGCTTA,1
cut-H3K27ac-CCAGTTCAAAGACGGA,0
cut-H3K27ac-CCAGTTCAAAGGTACA,0
cut-H3K27ac-CCAGTTCAACACAGAA,0
cut-H3K27ac-CCAGTTCAACAGCAGA,0
cut-H3K27ac-CCAGTTCAACCTCCAA,0
cut-H3K27ac-CCAGTTCAACGCTCGA,0
cut-H3K27ac-CCAGTTCAACGTATCA,3
cut-H3K27ac-CCAGTTCAACTATGCA,0
cut-H3K27ac-CCAGTTCAAGAGTCAA,0
cut-H3K27ac-CCAGTTCAAGATCGCA,0
cut-H3K27ac-CCAGTTCAAGCAGGAA,0
cut-H3K27ac-CCAGTTCAAGTCACTA,0
cut-H3K27ac-CCAGTTCACAACCACA,0
cut-H3K27ac-CCAGTTCAGACTAGTA,12
cut-H3K27ac-CCAGTTCACAATGGAA,10
cut-H3K27ac-CCAGTTCACACTTCGA,10
cut-H3K27ac-CCAGTTCACAGCGTTA,10
cut-H3K27ac-CCAGTTCACATACCAA,10
cut-H3K27ac-CCAGTTCACCAGTTCA,10
cut-H3K27ac-CCAGTTCACCGAAGTA,10
cut-H3K27ac-CCAGTTCACCGTGAGA,10
cut-H3K27ac-CCAGTTCACCTCCTGA,12
cut-H3K27ac-CCAGTTCACGAACTTA,12
cut-H3K27ac-CCAGTTCACGACTGGA,10
cut-H3K27ac-CCAGTTCACGCATACA,10
cut-H3K27ac-CCAGTTCACTCAATGA,10
cut-H3K27ac-CCAGTTCACTGAGCCA,10
cut-H3K27ac-CCAGTTCACTGGCATA,10
cut-H3K27ac-CCAGTTCAGAATCTGA,10
cut-H3K27ac-CCAGTTCACAAGACTA,0
cut-H3K27ac-CCAGTTCAGAGCTGAA,1
cut-H3K27ac-CCAGTTCAGATAGACA,2
cut-H3K27ac-CCAGTTCAGCCACATA,1
cut-H3K27ac-CCGAAGTAAACGTGAT,1
cut-H3K27ac-CCGAAGTAAAACATCG,1
cut-H3K27ac-CCGAAGTAATGCCTAA,7
cut-H3K27ac-CCGAAGTAAGTGGTCA,7
cut-H3K27ac-CCGAAGTAACCACTGT,7
cut-H3K27ac-CCGAAGTAACATTGGC,7
cut-H3K27ac-CCGAAGTACAGATCTG,7
cut-H3K27ac-CCGAAGTACATCAAGT,5
cut-H3K27ac-CCGAAGTACGCTGATC,5
cut-H3K27ac-CCGAAGTAACAAGCTA,4
cut-H3K27ac-CCGAAGTACTGTAGCC,11
cut-H3K27ac-CCGAAGTAAGTACAAG,11
cut-H3K27ac-CCGAAGTAAACAACCA,0
cut-H3K27ac-CCGAAGTAAACCGAGA,0
cut-H3K27ac-CCGAAGTAAACGCTTA,0
cut-H3K27ac-CCGAAGTAAAGACGGA,0
cut-H3K27ac-CCGAAGTAAAGGTACA,0
cut-H3K27ac-CCGAAGTAACACAGAA,0
cut-H3K27ac-CCGAAGTAACAGCAGA,0
cut-H3K27ac-CCGAAGTAACCTCCAA,0
cut-H3K27ac-CCGAAGTAACGCTCGA,0
cut-H3K27ac-CCGAAGTAACGTATCA,8
cut-H3K27ac-CCGAAGTAACTATGCA,0
cut-H3K27ac-CCGAAGTAAGAGTCAA,0
cut-H3K27ac-CCGAAGTAAGATCGCA,1
cut-H3K27ac-CCGAAGTAAGCAGGAA,0
cut-H3K27ac-CCGAAGTAAGTCACTA,0
cut-H3K27ac-CCGAAGTACAACCACA,0
cut-H3K27ac-CCGAAGTAGACTAGTA,0
cut-H3K27ac-CCGAAGTACAATGGAA,10
cut-H3K27ac-CCGAAGTACACTTCGA,10
cut-H3K27ac-CCGAAGTACAGCGTTA,10
cut-H3K27ac-CCGAAGTACATACCAA,10
cut-H3K27ac-CCGAAGTACCAGTTCA,12
cut-H3K27ac-CCGAAGTACCGAAGTA,10
cut-H3K27ac-CCGAAGTACCGTGAGA,10
cut-H3K27ac-CCGAAGTACCTCCTGA,12
cut-H3K27ac-CCGAAGTACGAACTTA,12
cut-H3K27ac-CCGAAGTACGACTGGA,10
cut-H3K27ac-CCGAAGTACGCATACA,10
cut-H3K27ac-CCGAAGTACTCAATGA,10
cut-H3K27ac-CCGAAGTACTGAGCCA,10
cut-H3K27ac-CCGAAGTACTGGCATA,10
cut-H3K27ac-CCGAAGTAGAATCTGA,1
cut-H3K27ac-CCGAAGTACAAGACTA,0
cut-H3K27ac-CCGAAGTAGAGCTGAA,1
cut-H3K27ac-CCGAAGTAGATAGACA,1
cut-H3K27ac-CCGAAGTAGCCACATA,0
cut-H3K27ac-CCGTGAGAAACGTGAT,12
cut-H3K27ac-CCGTGAGAAAACATCG,1
cut-H3K27ac-CCGTGAGAATGCCTAA,6
cut-H3K27ac-CCGTGAGAAGTGGTCA,9
cut-H3K27ac-CCGTGAGAACCACTGT,6
cut-H3K27ac-CCGTGAGAACATTGGC,9
cut-H3K27ac-CCGTGAGACAGATCTG,9
cut-H3K27ac-CCGTGAGACATCAAGT,11
cut-H3K27ac-CCGTGAGACGCTGATC,8
cut-H3K27ac-CCGTGAGAACAAGCTA,0
cut-H3K27ac-CCGTGAGACTGTAGCC,3
cut-H3K27ac-CCGTGAGAAGTACAAG,11
cut-H3K27ac-CCGTGAGAAACAACCA,0
cut-H3K27ac-CCGTGAGAAACCGAGA,0
cut-H3K27ac-CCGTGAGAAACGCTTA,0
cut-H3K27ac-CCGTGAGAAAGACGGA,0
cut-H3K27ac-CCGTGAGAAAGGTACA,0
cut-H3K27ac-CCGTGAGAACACAGAA,0
cut-H3K27ac-CCGTGAGAACAGCAGA,8
cut-H3K27ac-CCGTGAGAACCTCCAA,0
cut-H3K27ac-CCGTGAGAACGCTCGA,0
cut-H3K27ac-CCGTGAGAACGTATCA,6
cut-H3K27ac-CCGTGAGAACTATGCA,0
cut-H3K27ac-CCGTGAGAAGAGTCAA,0
cut-H3K27ac-CCGTGAGAAGATCGCA,0
cut-H3K27ac-CCGTGAGAAGCAGGAA,0
cut-H3K27ac-CCGTGAGAAGTCACTA,0
cut-H3K27ac-CCGTGAGACAACCACA,0
cut-H3K27ac-CCGTGAGAGACTAGTA,10
cut-H3K27ac-CCGTGAGACAATGGAA,10
cut-H3K27ac-CCGTGAGACACTTCGA,12
cut-H3K27ac-CCGTGAGACAGCGTTA,10
cut-H3K27ac-CCGTGAGACATACCAA,3
cut-H3K27ac-CCGTGAGACCAGTTCA,10
cut-H3K27ac-CCGTGAGACCGAAGTA,10
cut-H3K27ac-CCGTGAGACCGTGAGA,0
cut-H3K27ac-CCGTGAGACCTCCTGA,12
cut-H3K27ac-CCGTGAGACGAACTTA,12
cut-H3K27ac-CCGTGAGACGACTGGA,10
cut-H3K27ac-CCGTGAGACGCATACA,12
cut-H3K27ac-CCGTGAGACTCAATGA,12
cut-H3K27ac-CCGTGAGACTGAGCCA,8
cut-H3K27ac-CCGTGAGACTGGCATA,10
cut-H3K27ac-CCGTGAGAGAATCTGA,10
cut-H3K27ac-CCGTGAGACAAGACTA,0
cut-H3K27ac-CCGTGAGAGAGCTGAA,1
cut-H3K27ac-CCGTGAGAGATAGACA,1
cut-H3K27ac-CCGTGAGAGCCACATA,9
cut-H3K27ac-CCTCCTGAAGTGGTCA,0
cut-H3K27ac-CCTCCTGAACCACTGT,0
cut-H3K27ac-CCTCCTGAACATTGGC,9
cut-H3K27ac-CCTCCTGACAGATCTG,0
cut-H3K27ac-CCTCCTGACATCAAGT,0
cut-H3K27ac-CCTCCTGACGCTGATC,0
cut-H3K27ac-CCTCCTGAACAAGCTA,0
cut-H3K27ac-CCTCCTGACTGTAGCC,4
cut-H3K27ac-CCTCCTGAAGTACAAG,11
cut-H3K27ac-CCTCCTGAAACAACCA,11
cut-H3K27ac-CCTCCTGAAACCGAGA,11
cut-H3K27ac-CCTCCTGAAACGCTTA,0
cut-H3K27ac-CCTCCTGAAAGACGGA,0
cut-H3K27ac-CCTCCTGAAAGGTACA,0
cut-H3K27ac-CCTCCTGAACACAGAA,0
cut-H3K27ac-CCTCCTGAACAGCAGA,0
cut-H3K27ac-CCTCCTGAACCTCCAA,0
cut-H3K27ac-CCTCCTGAACGCTCGA,0
cut-H3K27ac-CCTCCTGAACGTATCA,8
cut-H3K27ac-CCTCCTGAACTATGCA,0
cut-H3K27ac-CCTCCTGAAGAGTCAA,0
cut-H3K27ac-CCTCCTGAAGATCGCA,0
cut-H3K27ac-CCTCCTGAAGCAGGAA,0
cut-H3K27ac-CCTCCTGAATTGAGGA,0
cut-H3K27ac-CCTCCTGAGACTAGTA,10
cut-H3K27ac-CCTCCTGACAATGGAA,10
cut-H3K27ac-CCTCCTGACACTTCGA,10
cut-H3K27ac-CCTCCTGACAGCGTTA,10
cut-H3K27ac-CCTCCTGACATACCAA,3
cut-H3K27ac-CCTCCTGACCAGTTCA,10
cut-H3K27ac-CCTCCTGACCGAAGTA,10
cut-H3K27ac-CCTCCTGACCGTGAGA,8
cut-H3K27ac-CCTCCTGACCTCCTGA,12
cut-H3K27ac-CCTCCTGACGAACTTA,12
cut-H3K27ac-CCTCCTGACGACTGGA,12
cut-H3K27ac-CCTCCTGACGCATACA,12
cut-H3K27ac-CCTCCTGACTCAATGA,12
cut-H3K27ac-CCTCCTGACTGAGCCA,12
cut-H3K27ac-CCTCCTGACTGGCATA,12
cut-H3K27ac-CCTCCTGAGAATCTGA,10
cut-H3K27ac-CCTCCTGACAAGACTA,0
cut-H3K27ac-CCTCCTGAGAGCTGAA,1
cut-H3K27ac-CCTCCTGAGATAGACA,0
cut-H3K27ac-CCTCCTGAGCCACATA,7
cut-H3K27ac-CGAACTTAACCACTGT,3
cut-H3K27ac-CGAACTTAACATTGGC,0
cut-H3K27ac-CGAACTTACAGATCTG,8
cut-H3K27ac-CGAACTTACATCAAGT,0
cut-H3K27ac-CGAACTTACGCTGATC,4
cut-H3K27ac-CGAACTTAACAAGCTA,0
cut-H3K27ac-CGAACTTACTGTAGCC,0
cut-H3K27ac-CGAACTTAAGTACAAG,0
cut-H3K27ac-CGAACTTAAACAACCA,0
cut-H3K27ac-CGAACTTAAACCGAGA,0
cut-H3K27ac-CGAACTTAAACGCTTA,0
cut-H3K27ac-CGAACTTAAAGACGGA,12
cut-H3K27ac-CGAACTTAAAGGTACA,0
cut-H3K27ac-CGAACTTAACACAGAA,0
cut-H3K27ac-CGAACTTAACAGCAGA,0
cut-H3K27ac-CGAACTTAACCTCCAA,0
cut-H3K27ac-CGAACTTAACGCTCGA,0
cut-H3K27ac-CGAACTTAACGTATCA,3
cut-H3K27ac-CGAACTTAACTATGCA,0
cut-H3K27ac-CGAACTTAAGAGTCAA,0
cut-H3K27ac-CGAACTTAAGATCGCA,0
cut-H3K27ac-CGAACTTAAGCAGGAA,1
cut-H3K27ac-CGAACTTAATTGAGGA,0
cut-H3K27ac-CGAACTTAGACTAGTA,10
cut-H3K27ac-CGAACTTACAATGGAA,10
cut-H3K27ac-CGAACTTACACTTCGA,10
cut-H3K27ac-CGAACTTACAGCGTTA,10
cut-H3K27ac-CGAACTTACATACCAA,10
cut-H3K27ac-CGAACTTACCAGTTCA,10
cut-H3K27ac-CGAACTTACCGTGAGA,10
cut-H3K27ac-CGAACTTACCTCCTGA,12
cut-H3K27ac-CGAACTTACGAACTTA,12
cut-H3K27ac-CGAACTTACGACTGGA,12
cut-H3K27ac-CGAACTTACGCATACA,12
cut-H3K27ac-CGAACTTACTCAATGA,12
cut-H3K27ac-CGAACTTACTGAGCCA,12
cut-H3K27ac-CGAACTTACTGGCATA,0
cut-H3K27ac-CGAACTTAGAATCTGA,4
cut-H3K27ac-CGAACTTACAAGACTA,0
cut-H3K27ac-CGAACTTAGAGCTGAA,0
cut-H3K27ac-CGAACTTAGATAGACA,0
cut-H3K27ac-CGAACTTAGCCACATA,1
cut-H3K27ac-CGACTGGACTGTAGCC,3
cut-H3K27ac-CGACTGGAAGTACAAG,0
cut-H3K27ac-CGACTGGAAACAACCA,0
cut-H3K27ac-CGACTGGAAACCGAGA,0
cut-H3K27ac-CGACTGGAAACGCTTA,0
cut-H3K27ac-CGACTGGAAAGACGGA,0
cut-H3K27ac-CGACTGGAAAGGTACA,0
cut-H3K27ac-CGACTGGAACACAGAA,0
cut-H3K27ac-CGACTGGAACAGCAGA,0
cut-H3K27ac-CGACTGGAACCTCCAA,0
cut-H3K27ac-CGACTGGAACGCTCGA,0
cut-H3K27ac-CGACTGGAACGTATCA,3
cut-H3K27ac-CGACTGGAACTATGCA,0
cut-H3K27ac-CGACTGGAAGAGTCAA,3
cut-H3K27ac-CGACTGGAAGATCGCA,0
cut-H3K27ac-CGACTGGAATCCTGTA,0
cut-H3K27ac-CGACTGGAGACTAGTA,0
cut-H3K27ac-CGACTGGACAATGGAA,10
cut-H3K27ac-CGACTGGACACTTCGA,10
cut-H3K27ac-CGACTGGACAGCGTTA,10
cut-H3K27ac-CGACTGGACATACCAA,2
cut-H3K27ac-CGACTGGACCTCCTGA,3
cut-H3K27ac-CGACTGGACGAACTTA,3
cut-H3K27ac-CGACTGGACGACTGGA,12
cut-H3K27ac-CGACTGGACGCATACA,0
cut-H3K27ac-CGACTGGACTCAATGA,10
cut-H3K27ac-CGACTGGACTGAGCCA,0
cut-H3K27ac-CGACTGGACTGGCATA,0
cut-H3K27ac-CGACTGGAGAATCTGA,0
cut-H3K27ac-CGACTGGACAAGACTA,0
cut-H3K27ac-CGACTGGAGAGCTGAA,0
cut-H3K27ac-CGACTGGAGATAGACA,0
cut-H3K27ac-CGACTGGAGCCACATA,1
cut-H3K27ac-CGCATACAAGTACAAG,0
cut-H3K27ac-CGCATACAAACAACCA,0
cut-H3K27ac-CGCATACAAACCGAGA,0
cut-H3K27ac-CGCATACAAACGCTTA,0
cut-H3K27ac-CGCATACAAAGACGGA,0
cut-H3K27ac-CGCATACAAAGGTACA,0
cut-H3K27ac-CGCATACAACACAGAA,0
cut-H3K27ac-CGCATACAACAGCAGA,0
cut-H3K27ac-CGCATACAACCTCCAA,0
cut-H3K27ac-CGCATACAACGCTCGA,0
cut-H3K27ac-CGCATACAACGTATCA,8
cut-H3K27ac-CGCATACAACTATGCA,0
cut-H3K27ac-CGCATACAAGAGTCAA,3
cut-H3K27ac-CGCATACAAGTCACTA,0
cut-H3K27ac-CGCATACAATCCTGTA,2
cut-H3K27ac-CGCATACAGACTAGTA,2
cut-H3K27ac-CGCATACACAATGGAA,2
cut-H3K27ac-CGCATACACACTTCGA,2
cut-H3K27ac-CGCATACACAGCGTTA,2
cut-H3K27ac-CGCATACACATACCAA,2
cut-H3K27ac-CGCATACACCAGTTCA,2
cut-H3K27ac-CGCATACACCGAAGTA,2
cut-H3K27ac-CGCATACACCGTGAGA,2
cut-H3K27ac-CGCATACACCTCCTGA,2
cut-H3K27ac-CGCATACACGAACTTA,2
cut-H3K27ac-CGCATACACGACTGGA,1
cut-H3K27ac-CGCATACACGCATACA,0
cut-H3K27ac-CGCATACACTCAATGA,0
cut-H3K27ac-CGCATACACTGAGCCA,0
cut-H3K27ac-CGCATACACTGGCATA,8
cut-H3K27ac-CGCATACAGAATCTGA,0
cut-H3K27ac-CGCATACACAAGACTA,12
cut-H3K27ac-CGCATACAGAGCTGAA,12
cut-H3K27ac-CGCATACAGATAGACA,2
cut-H3K27ac-CGCATACAGCCACATA,7
cut-H3K27ac-CTCAATGAAGTACAAG,11
cut-H3K27ac-CTCAATGAAACAACCA,0
cut-H3K27ac-CTCAATGAAACCGAGA,0
cut-H3K27ac-CTCAATGAAACGCTTA,0
cut-H3K27ac-CTCAATGAAAGACGGA,0
cut-H3K27ac-CTCAATGAAAGGTACA,0
cut-H3K27ac-CTCAATGAACACAGAA,0
cut-H3K27ac-CTCAATGAACAGCAGA,0
cut-H3K27ac-CTCAATGAAGATCGCA,12
cut-H3K27ac-CTCAATGAAGCAGGAA,3
cut-H3K27ac-CTCAATGAAGTCACTA,2
cut-H3K27ac-CTCAATGAATCCTGTA,2
cut-H3K27ac-CTCAATGAATTGAGGA,2
cut-H3K27ac-CTCAATGACAACCACA,2
cut-H3K27ac-CTCAATGAGACTAGTA,2
cut-H3K27ac-CTCAATGACAATGGAA,2
cut-H3K27ac-CTCAATGACACTTCGA,2
cut-H3K27ac-CTCAATGACAGCGTTA,2
cut-H3K27ac-CTCAATGACATACCAA,2
cut-H3K27ac-CTCAATGACCAGTTCA,2
cut-H3K27ac-CTCAATGACCGAAGTA,2
cut-H3K27ac-CTCAATGACCGTGAGA,2
cut-H3K27ac-CTCAATGACCTCCTGA,2
cut-H3K27ac-CTCAATGACGAACTTA,2
cut-H3K27ac-CTCAATGACGACTGGA,2
cut-H3K27ac-CTCAATGACGCATACA,2
cut-H3K27ac-CTCAATGAGAATCTGA,3
cut-H3K27ac-CTCAATGACAAGACTA,1
cut-H3K27ac-CTCAATGAGAGCTGAA,0
cut-H3K27ac-CTCAATGAGATAGACA,2
cut-H3K27ac-CTCAATGAGCCACATA,1
cut-H3K27ac-CTGAGCCAAACCGAGA,0
cut-H3K27ac-CTGAGCCAAACGCTTA,0
cut-H3K27ac-CTGAGCCAAAGACGGA,8
cut-H3K27ac-CTGAGCCAAAGGTACA,0
cut-H3K27ac-CTGAGCCAACACAGAA,1
cut-H3K27ac-CTGAGCCAACTATGCA,0
cut-H3K27ac-CTGAGCCAAGAGTCAA,2
cut-H3K27ac-CTGAGCCAAGATCGCA,2
cut-H3K27ac-CTGAGCCAAGCAGGAA,2
cut-H3K27ac-CTGAGCCAAGTCACTA,2
cut-H3K27ac-CTGAGCCAATCCTGTA,2
cut-H3K27ac-CTGAGCCAATTGAGGA,2
cut-H3K27ac-CTGAGCCACAACCACA,2
cut-H3K27ac-CTGAGCCAGACTAGTA,2
cut-H3K27ac-CTGAGCCACAATGGAA,2
cut-H3K27ac-CTGAGCCACACTTCGA,2
cut-H3K27ac-CTGAGCCACAGCGTTA,2
cut-H3K27ac-CTGAGCCACATACCAA,2
cut-H3K27ac-CTGAGCCACCAGTTCA,2
cut-H3K27ac-CTGAGCCACCGAAGTA,2
cut-H3K27ac-CTGAGCCACCGTGAGA,2
cut-H3K27ac-CTGAGCCACCTCCTGA,2
cut-H3K27ac-CTGAGCCACGAACTTA,2
cut-H3K27ac-CTGAGCCACGACTGGA,2
cut-H3K27ac-CTGAGCCACGCATACA,2
cut-H3K27ac-CTGAGCCAGAATCTGA,12
cut-H3K27ac-CTGAGCCACAAGACTA,12
cut-H3K27ac-CTGAGCCAGAGCTGAA,1
cut-H3K27ac-CTGAGCCAGATAGACA,1
cut-H3K27ac-CTGAGCCAGCCACATA,2
cut-H3K27ac-CTGGCATAACACAGAA,12
cut-H3K27ac-CTGGCATAACTATGCA,2
cut-H3K27ac-CTGGCATAAGAGTCAA,2
cut-H3K27ac-CTGGCATAAGATCGCA,2
cut-H3K27ac-CTGGCATAAGCAGGAA,2
cut-H3K27ac-CTGGCATAAGTCACTA,2
cut-H3K27ac-CTGGCATAATCCTGTA,2
cut-H3K27ac-CTGGCATAATTGAGGA,2
cut-H3K27ac-CTGGCATACAACCACA,2
cut-H3K27ac-CTGGCATAGACTAGTA,2
cut-H3K27ac-CTGGCATACAATGGAA,2
cut-H3K27ac-CTGGCATACACTTCGA,2
cut-H3K27ac-CTGGCATACAGCGTTA,2
cut-H3K27ac-CTGGCATACATACCAA,2
cut-H3K27ac-CTGGCATACCAGTTCA,2
cut-H3K27ac-CTGGCATACCGAAGTA,2
cut-H3K27ac-CTGGCATACCGTGAGA,2
cut-H3K27ac-CTGGCATACCTCCTGA,2
cut-H3K27ac-CTGGCATACGAACTTA,2
cut-H3K27ac-CTGGCATACGACTGGA,2
cut-H3K27ac-CTGGCATACGCATACA,2
cut-H3K27ac-CTGGCATACTCAATGA,2
cut-H3K27ac-CTGGCATACTGGCATA,1
cut-H3K27ac-CTGGCATAGAATCTGA,1
cut-H3K27ac-CTGGCATACAAGACTA,1
cut-H3K27ac-CTGGCATAGAGCTGAA,12
cut-H3K27ac-CTGGCATAGATAGACA,1
cut-H3K27ac-CTGGCATAGCCACATA,2
cut-H3K27ac-GAATCTGACTGTAGCC,8
cut-H3K27ac-GAATCTGAAGTACAAG,0
cut-H3K27ac-GAATCTGAAAGGTACA,12
cut-H3K27ac-GAATCTGAACACAGAA,12
cut-H3K27ac-GAATCTGAACTATGCA,2
cut-H3K27ac-GAATCTGAAGAGTCAA,2
cut-H3K27ac-GAATCTGAAGATCGCA,2
cut-H3K27ac-GAATCTGAAGCAGGAA,2
cut-H3K27ac-GAATCTGAAGTCACTA,2
cut-H3K27ac-GAATCTGAATCCTGTA,2
cut-H3K27ac-GAATCTGAATTGAGGA,2
cut-H3K27ac-GAATCTGACAACCACA,2
cut-H3K27ac-GAATCTGAGACTAGTA,2
cut-H3K27ac-GAATCTGACAATGGAA,2
cut-H3K27ac-GAATCTGACACTTCGA,2
cut-H3K27ac-GAATCTGACAGCGTTA,2
cut-H3K27ac-GAATCTGACATACCAA,2
cut-H3K27ac-GAATCTGACCAGTTCA,2
cut-H3K27ac-GAATCTGACCGAAGTA,2
cut-H3K27ac-GAATCTGACCGTGAGA,2
cut-H3K27ac-GAATCTGACCTCCTGA,2
cut-H3K27ac-GAATCTGACGAACTTA,2
cut-H3K27ac-GAATCTGACGACTGGA,2
cut-H3K27ac-GAATCTGACGCATACA,2
cut-H3K27ac-GAATCTGACTCAATGA,2
cut-H3K27ac-GAATCTGACTGAGCCA,0
cut-H3K27ac-GAATCTGACTGGCATA,1
cut-H3K27ac-GAATCTGAGAATCTGA,1
cut-H3K27ac-GAATCTGACAAGACTA,1
cut-H3K27ac-GAATCTGAGAGCTGAA,1
cut-H3K27ac-GAATCTGAGATAGACA,2
cut-H3K27ac-GAATCTGAGCCACATA,0
cut-H3K27ac-CAAGACTACTGTAGCC,0
cut-H3K27ac-CAAGACTAAGTACAAG,0
cut-H3K27ac-CAAGACTAAACAACCA,0
cut-H3K27ac-CAAGACTAAACCGAGA,0
cut-H3K27ac-CAAGACTAAAGGTACA,12
cut-H3K27ac-CAAGACTAACTATGCA,2
cut-H3K27ac-CAAGACTAAGAGTCAA,2
cut-H3K27ac-CAAGACTAAGATCGCA,2
cut-H3K27ac-CAAGACTAAGCAGGAA,2
cut-H3K27ac-CAAGACTAAGTCACTA,2
cut-H3K27ac-CAAGACTAATCCTGTA,12
cut-H3K27ac-CAAGACTAATTGAGGA,12
cut-H3K27ac-CAAGACTACAACCACA,2
cut-H3K27ac-CAAGACTAGACTAGTA,2
cut-H3K27ac-CAAGACTACAATGGAA,2
cut-H3K27ac-CAAGACTACACTTCGA,2
cut-H3K27ac-CAAGACTACAGCGTTA,2
cut-H3K27ac-CAAGACTACATACCAA,2
cut-H3K27ac-CAAGACTACCAGTTCA,2
cut-H3K27ac-CAAGACTACCGAAGTA,2
cut-H3K27ac-CAAGACTACCGTGAGA,2
cut-H3K27ac-CAAGACTACCTCCTGA,2
cut-H3K27ac-CAAGACTACGAACTTA,2
cut-H3K27ac-CAAGACTACGACTGGA,2
cut-H3K27ac-CAAGACTACGCATACA,2
cut-H3K27ac-CAAGACTACTCAATGA,2
cut-H3K27ac-CAAGACTACTGAGCCA,2
cut-H3K27ac-CAAGACTACTGGCATA,0
cut-H3K27ac-CAAGACTAGAATCTGA,0
cut-H3K27ac-CAAGACTACAAGACTA,1
cut-H3K27ac-CAAGACTAGAGCTGAA,1
cut-H3K27ac-CAAGACTAGATAGACA,1
cut-H3K27ac-CAAGACTAGCCACATA,1
cut-H3K27ac-GAGCTGAAACAAGCTA,0
cut-H3K27ac-GAGCTGAACTGTAGCC,0
cut-H3K27ac-GAGCTGAAAGTACAAG,3
cut-H3K27ac-GAGCTGAAAACAACCA,0
cut-H3K27ac-GAGCTGAAAACCGAGA,12
cut-H3K27ac-GAGCTGAAAAGACGGA,12
cut-H3K27ac-GAGCTGAAAGATCGCA,2
cut-H3K27ac-GAGCTGAAAGCAGGAA,2
cut-H3K27ac-GAGCTGAAAGTCACTA,2
cut-H3K27ac-GAGCTGAAATCCTGTA,2
cut-H3K27ac-GAGCTGAAATTGAGGA,2
cut-H3K27ac-GAGCTGAACAACCACA,2
cut-H3K27ac-GAGCTGAAGACTAGTA,2
cut-H3K27ac-GAGCTGAACAATGGAA,2
cut-H3K27ac-GAGCTGAACACTTCGA,2
cut-H3K27ac-GAGCTGAACAGCGTTA,2
cut-H3K27ac-GAGCTGAACATACCAA,2
cut-H3K27ac-GAGCTGAACCAGTTCA,2
cut-H3K27ac-GAGCTGAACCGAAGTA,2
cut-H3K27ac-GAGCTGAACCGTGAGA,2
cut-H3K27ac-GAGCTGAACCTCCTGA,2
cut-H3K27ac-GAGCTGAACGAACTTA,2
cut-H3K27ac-GAGCTGAACGACTGGA,2
cut-H3K27ac-GAGCTGAACGCATACA,2
cut-H3K27ac-GAGCTGAACTCAATGA,2
cut-H3K27ac-GAGCTGAACTGAGCCA,2
cut-H3K27ac-GAGCTGAACTGGCATA,2
cut-H3K27ac-GAGCTGAAGAATCTGA,2
cut-H3K27ac-GAGCTGAACAAGACTA,1
cut-H3K27ac-GAGCTGAAGAGCTGAA,1
cut-H3K27ac-GAGCTGAAGATAGACA,12
cut-H3K27ac-GAGCTGAAGCCACATA,0
cut-H3K27ac-GATAGACAACAAGCTA,0
cut-H3K27ac-GATAGACACTGTAGCC,11
cut-H3K27ac-GATAGACAAGTACAAG,0
cut-H3K27ac-GATAGACAAACAACCA,0
cut-H3K27ac-GATAGACAAACGCTTA,12
cut-H3K27ac-GATAGACAAAGACGGA,12
cut-H3K27ac-GATAGACAAGAGTCAA,3
cut-H3K27ac-GATAGACAAGATCGCA,2
cut-H3K27ac-GATAGACAAGCAGGAA,2
cut-H3K27ac-GATAGACAAGTCACTA,2
cut-H3K27ac-GATAGACAATCCTGTA,2
cut-H3K27ac-GATAGACAATTGAGGA,2
cut-H3K27ac-GATAGACACAACCACA,2
cut-H3K27ac-GATAGACAGACTAGTA,2
cut-H3K27ac-GATAGACACAATGGAA,2
cut-H3K27ac-GATAGACACACTTCGA,2
cut-H3K27ac-GATAGACACAGCGTTA,2
cut-H3K27ac-GATAGACACATACCAA,2
cut-H3K27ac-GATAGACACCAGTTCA,2
cut-H3K27ac-GATAGACACCGAAGTA,2
cut-H3K27ac-GATAGACACCGTGAGA,2
cut-H3K27ac-GATAGACACCTCCTGA,2
cut-H3K27ac-GATAGACACGAACTTA,2
cut-H3K27ac-GATAGACACGACTGGA,2
cut-H3K27ac-GATAGACACGCATACA,2
cut-H3K27ac-GATAGACACTCAATGA,2
cut-H3K27ac-GATAGACACTGAGCCA,2
cut-H3K27ac-GATAGACACTGGCATA,2
cut-H3K27ac-GATAGACAGAATCTGA,2
cut-H3K27ac-GATAGACACAAGACTA,1
cut-H3K27ac-GATAGACAGAGCTGAA,1
cut-H3K27ac-GATAGACAGATAGACA,0
cut-H3K27ac-GATAGACAGCCACATA,0
cut-H3K27ac-GCCACATAACAAGCTA,0
cut-H3K27ac-GCCACATACTGTAGCC,0
cut-H3K27ac-GCCACATAAGTACAAG,0
cut-H3K27ac-GCCACATAAACAACCA,0
cut-H3K27ac-GCCACATAACTATGCA,0
cut-H3K27ac-GCCACATAAGAGTCAA,12
cut-H3K27ac-GCCACATAAGATCGCA,0
cut-H3K27ac-GCCACATAAGCAGGAA,2
cut-H3K27ac-GCCACATAAGTCACTA,2
cut-H3K27ac-GCCACATAATCCTGTA,2
cut-H3K27ac-GCCACATAATTGAGGA,2
cut-H3K27ac-GCCACATACAACCACA,2
cut-H3K27ac-GCCACATAGACTAGTA,2
cut-H3K27ac-GCCACATACAATGGAA,2
cut-H3K27ac-GCCACATACACTTCGA,2
cut-H3K27ac-GCCACATACAGCGTTA,2
cut-H3K27ac-GCCACATACATACCAA,2
cut-H3K27ac-GCCACATACCAGTTCA,2
cut-H3K27ac-GCCACATACCGAAGTA,2
cut-H3K27ac-GCCACATACCGTGAGA,2
cut-H3K27ac-GCCACATACCTCCTGA,2
cut-H3K27ac-GCCACATACGAACTTA,2
cut-H3K27ac-GCCACATACGACTGGA,2
cut-H3K27ac-GCCACATACGCATACA,2
cut-H3K27ac-GCCACATACTCAATGA,2
cut-H3K27ac-GCCACATACTGAGCCA,2
cut-H3K27ac-GCCACATACTGGCATA,2
cut-H3K27ac-GCCACATAGAATCTGA,2
cut-H3K27ac-GCCACATACAAGACTA,1
cut-H3K27ac-GCCACATAGAGCTGAA,1
cut-H3K27ac-GCCACATAGATAGACA,0
cut-H3K27ac-GCCACATAGCCACATA,0
