,cluster
Mux2-ACAAGCTAACAAGCTA,5
Mux2-ACAAGCTACTGTAGCC,5
Mux2-ACAAGCTAAGTACAAG,5
Mux2-ACAAGCTAAACAACCA,5
Mux2-ACAAGCTAAACCGAGA,5
Mux2-ACAAGCTAAACGCTTA,5
Mux2-ACAAGCTAAAGACGGA,5
Mux2-ACAAGCTAAAGGTACA,5
Mux2-ACAAGCTAACACAGAA,5
Mux2-ACAAGCTAACAGCAGA,5
Mux2-ACAAGCTAAAACATCG,5
Mux2-ACAAGCTAACCTCCAA,5
Mux2-ACAAGCTAACGCTCGA,5
Mux2-ACAAGCTAACGTATCA,5
Mux2-ACAAGCTAACTATGCA,5
Mux2-ACAAGCTAAGAGTCAA,5
Mux2-ACAAGCTAAGATCGCA,5
Mux2-ACAAGCTAAGCAGGAA,5
Mux2-ACAAGCTAAGTCACTA,8
Mux2-ACAAGCTAATCCTGTA,8
Mux2-ACAAGCTAATTGAGGA,8
Mux2-ACAAGCTAATGCCTAA,5
Mux2-ACAAGCTACAACCACA,8
Mux2-ACAAGCTAGACTAGTA,8
Mux2-ACAAGCTACAATGGAA,8
Mux2-ACAAGCTACACTTCGA,8
Mux2-ACAAGCTACAGCGTTA,8
Mux2-ACAAGCTACCGAAGTA,8
Mux2-ACAAGCTACCGTGAGA,8
Mux2-ACAAGCTACCTCCTGA,8
Mux2-ACAAGCTAAGTGGTCA,5
Mux2-ACAAGCTACGAACTTA,1
Mux2-ACAAGCTACGACTGGA,1
Mux2-ACAAGCTACGCATACA,1
Mux2-ACAAGCTACTCAATGA,1
Mux2-ACAAGCTACTGAGCCA,8
Mux2-ACAAGCTACTGGCATA,9
Mux2-ACAAGCTAGAATCTGA,1
Mux2-ACAAGCTACAAGACTA,1
Mux2-ACAAGCTAGAGCTGAA,1
Mux2-ACAAGCTAGATAGACA,1
Mux2-ACAAGCTAACCACTGT,5
Mux2-ACAAGCTAGCCACATA,1
Mux2-ACAAGCTAACATTGGC,5
Mux2-ACAAGCTACAGATCTG,5
Mux2-ACAAGCTACATCAAGT,5
Mux2-ACAAGCTACGCTGATC,5
Mux2-CTGTAGCCAACGTGAT,5
Mux2-CTGTAGCCACAAGCTA,5
Mux2-CTGTAGCCCTGTAGCC,5
Mux2-CTGTAGCCAGTACAAG,5
Mux2-CTGTAGCCAACAACCA,5
Mux2-CTGTAGCCAACCGAGA,5
Mux2-CTGTAGCCAACGCTTA,5
Mux2-CTGTAGCCAAGACGGA,5
Mux2-CTGTAGCCAAGGTACA,5
Mux2-CTGTAGCCACACAGAA,5
Mux2-CTGTAGCCACAGCAGA,5
Mux2-CTGTAGCCAAACATCG,5
Mux2-CTGTAGCCACCTCCAA,5
Mux2-CTGTAGCCACGCTCGA,5
Mux2-CTGTAGCCACGTATCA,5
Mux2-CTGTAGCCACTATGCA,5
Mux2-CTGTAGCCAGAGTCAA,5
Mux2-CTGTAGCCAGATCGCA,5
Mux2-CTGTAGCCAGCAGGAA,5
Mux2-CTGTAGCCAGTCACTA,0
Mux2-CTGTAGCCATCCTGTA,8
Mux2-CTGTAGCCATTGAGGA,8
Mux2-CTGTAGCCATGCCTAA,5
Mux2-CTGTAGCCCAACCACA,8
Mux2-CTGTAGCCGACTAGTA,8
Mux2-CTGTAGCCCAATGGAA,8
Mux2-CTGTAGCCCACTTCGA,8
Mux2-CTGTAGCCCAGCGTTA,8
Mux2-CTGTAGCCCATACCAA,8
Mux2-CTGTAGCCCCGAAGTA,8
Mux2-CTGTAGCCCCGTGAGA,8
Mux2-CTGTAGCCCCTCCTGA,8
Mux2-CTGTAGCCCGAACTTA,8
Mux2-CTGTAGCCCGACTGGA,9
Mux2-CTGTAGCCCTCAATGA,8
Mux2-CTGTAGCCCTGAGCCA,9
Mux2-CTGTAGCCCTGGCATA,9
Mux2-CTGTAGCCGAATCTGA,1
Mux2-CTGTAGCCCAAGACTA,1
Mux2-CTGTAGCCGAGCTGAA,1
Mux2-CTGTAGCCGATAGACA,1
Mux2-CTGTAGCCGCCACATA,1
Mux2-CTGTAGCCACATTGGC,5
Mux2-CTGTAGCCCAGATCTG,5
Mux2-CTGTAGCCCATCAAGT,5
Mux2-CTGTAGCCCGCTGATC,5
Mux2-AGTACAAGAACGTGAT,5
Mux2-AGTACAAGACAAGCTA,5
Mux2-AGTACAAGCTGTAGCC,5
Mux2-AGTACAAGAGTACAAG,5
Mux2-AGTACAAGAACAACCA,5
Mux2-AGTACAAGAACCGAGA,5
Mux2-AGTACAAGAACGCTTA,5
Mux2-AGTACAAGAAGACGGA,5
Mux2-AGTACAAGAAGGTACA,5
Mux2-AGTACAAGACACAGAA,5
Mux2-AGTACAAGACAGCAGA,5
Mux2-AGTACAAGAAACATCG,5
Mux2-AGTACAAGACCTCCAA,5
Mux2-AGTACAAGACGCTCGA,5
Mux2-AGTACAAGACGTATCA,5
Mux2-AGTACAAGACTATGCA,5
Mux2-AGTACAAGAGAGTCAA,5
Mux2-AGTACAAGAGATCGCA,5
Mux2-AGTACAAGAGCAGGAA,5
Mux2-AGTACAAGAGTCACTA,0
Mux2-AGTACAAGATCCTGTA,0
Mux2-AGTACAAGATTGAGGA,8
Mux2-AGTACAAGATGCCTAA,5
Mux2-AGTACAAGCAACCACA,8
Mux2-AGTACAAGGACTAGTA,8
Mux2-AGTACAAGCAATGGAA,8
Mux2-AGTACAAGCACTTCGA,8
Mux2-AGTACAAGCAGCGTTA,8
Mux2-AGTACAAGCATACCAA,8
Mux2-AGTACAAGCCAGTTCA,8
Mux2-AGTACAAGCCGAAGTA,8
Mux2-AGTACAAGCCGTGAGA,8
Mux2-AGTACAAGCCTCCTGA,8
Mux2-AGTACAAGCGAACTTA,8
Mux2-AGTACAAGCGACTGGA,8
Mux2-AGTACAAGCTCAATGA,8
Mux2-AGTACAAGCTGAGCCA,9
Mux2-AGTACAAGCTGGCATA,9
Mux2-AGTACAAGGAATCTGA,1
Mux2-AGTACAAGCAAGACTA,1
Mux2-AGTACAAGGAGCTGAA,1
Mux2-AGTACAAGGATAGACA,1
Mux2-AGTACAAGACCACTGT,5
Mux2-AGTACAAGGCCACATA,1
Mux2-AGTACAAGACATTGGC,5
Mux2-AGTACAAGCAGATCTG,5
Mux2-AGTACAAGCATCAAGT,5
Mux2-AGTACAAGCGCTGATC,5
Mux2-AACAACCAAACGTGAT,5
Mux2-AACAACCAACAAGCTA,5
Mux2-AACAACCACTGTAGCC,5
Mux2-AACAACCAAGTACAAG,5
Mux2-AACAACCAAACAACCA,5
Mux2-AACAACCAAACCGAGA,5
Mux2-AACAACCAAACGCTTA,5
Mux2-AACAACCAAAGACGGA,5
Mux2-AACAACCAAAGGTACA,5
Mux2-AACAACCAACACAGAA,5
Mux2-AACAACCAACAGCAGA,5
Mux2-AACAACCAAAACATCG,5
Mux2-AACAACCAACCTCCAA,5
Mux2-AACAACCAACGCTCGA,5
Mux2-AACAACCAACGTATCA,5
Mux2-AACAACCAACTATGCA,5
Mux2-AACAACCAAGAGTCAA,5
Mux2-AACAACCAAGATCGCA,5
Mux2-AACAACCAAGCAGGAA,5
Mux2-AACAACCAAGTCACTA,0
Mux2-AACAACCAATCCTGTA,0
Mux2-AACAACCAATTGAGGA,0
Mux2-AACAACCAATGCCTAA,5
Mux2-AACAACCACAACCACA,0
Mux2-AACAACCAGACTAGTA,0
Mux2-AACAACCACAATGGAA,8
Mux2-AACAACCACACTTCGA,8
Mux2-AACAACCACAGCGTTA,8
Mux2-AACAACCACATACCAA,8
Mux2-AACAACCACCAGTTCA,8
Mux2-AACAACCACCGAAGTA,8
Mux2-AACAACCACCGTGAGA,8
Mux2-AACAACCACCTCCTGA,8
Mux2-AACAACCAAGTGGTCA,5
Mux2-AACAACCACGACTGGA,9
Mux2-AACAACCACGCATACA,8
Mux2-AACAACCACTCAATGA,1
Mux2-AACAACCACTGAGCCA,9
Mux2-AACAACCACTGGCATA,9
Mux2-AACAACCAGAATCTGA,1
Mux2-AACAACCACAAGACTA,1
Mux2-AACAACCAGAGCTGAA,1
Mux2-AACAACCAGATAGACA,1
Mux2-AACAACCAACCACTGT,5
Mux2-AACAACCAGCCACATA,1
Mux2-AACAACCAACATTGGC,5
Mux2-AACAACCACAGATCTG,5
Mux2-AACAACCACATCAAGT,5
Mux2-AACAACCACGCTGATC,5
Mux2-AACCGAGAAACGTGAT,5
Mux2-AACCGAGAACAAGCTA,5
Mux2-AACCGAGACTGTAGCC,5
Mux2-AACCGAGAAGTACAAG,5
Mux2-AACCGAGAAACAACCA,5
Mux2-AACCGAGAAACCGAGA,5
Mux2-AACCGAGAAACGCTTA,5
Mux2-AACCGAGAAAGACGGA,5
Mux2-AACCGAGAAAGGTACA,5
Mux2-AACCGAGAACACAGAA,5
Mux2-AACCGAGAACAGCAGA,5
Mux2-AACCGAGAAAACATCG,5
Mux2-AACCGAGAACCTCCAA,5
Mux2-AACCGAGAACGCTCGA,5
Mux2-AACCGAGAACGTATCA,5
Mux2-AACCGAGAACTATGCA,5
Mux2-AACCGAGAAGAGTCAA,5
Mux2-AACCGAGAAGATCGCA,5
Mux2-AACCGAGAAGCAGGAA,5
Mux2-AACCGAGAAGTCACTA,0
Mux2-AACCGAGAATCCTGTA,0
Mux2-AACCGAGAATTGAGGA,0
Mux2-AACCGAGAATGCCTAA,5
Mux2-AACCGAGACAACCACA,0
Mux2-AACCGAGAGACTAGTA,0
Mux2-AACCGAGACAATGGAA,0
Mux2-AACCGAGACACTTCGA,8
Mux2-AACCGAGACAGCGTTA,8
Mux2-AACCGAGACATACCAA,11
Mux2-AACCGAGACCAGTTCA,11
Mux2-AACCGAGACCGAAGTA,11
Mux2-AACCGAGACCGTGAGA,11
Mux2-AACCGAGACCTCCTGA,11
Mux2-AACCGAGAAGTGGTCA,5
Mux2-AACCGAGACGAACTTA,11
Mux2-AACCGAGACGCATACA,1
Mux2-AACCGAGACTCAATGA,1
Mux2-AACCGAGACTGAGCCA,9
Mux2-AACCGAGACTGGCATA,9
Mux2-AACCGAGAGAATCTGA,1
Mux2-AACCGAGACAAGACTA,1
Mux2-AACCGAGAGAGCTGAA,1
Mux2-AACCGAGAGATAGACA,1
Mux2-AACCGAGAACCACTGT,5
Mux2-AACCGAGAGCCACATA,1
Mux2-AACCGAGAACATTGGC,5
Mux2-AACCGAGACAGATCTG,5
Mux2-AACCGAGACATCAAGT,5
Mux2-AACCGAGACGCTGATC,5
Mux2-AACGCTTAAACGTGAT,5
Mux2-AACGCTTAACAAGCTA,5
Mux2-AACGCTTACTGTAGCC,5
Mux2-AACGCTTAAGTACAAG,5
Mux2-AACGCTTAAACAACCA,5
Mux2-AACGCTTAAACCGAGA,5
Mux2-AACGCTTAAACGCTTA,5
Mux2-AACGCTTAAAGACGGA,5
Mux2-AACGCTTAAAGGTACA,5
Mux2-AACGCTTAACACAGAA,5
Mux2-AACGCTTAACAGCAGA,5
Mux2-AACGCTTAAAACATCG,5
Mux2-AACGCTTAACCTCCAA,5
Mux2-AACGCTTAACGCTCGA,5
Mux2-AACGCTTAACGTATCA,5
Mux2-AACGCTTAACTATGCA,5
Mux2-AACGCTTAAGAGTCAA,5
Mux2-AACGCTTAAGATCGCA,5
Mux2-AACGCTTAAGCAGGAA,5
Mux2-AACGCTTAAGTCACTA,0
Mux2-AACGCTTAATCCTGTA,0
Mux2-AACGCTTAATTGAGGA,0
Mux2-AACGCTTAATGCCTAA,5
Mux2-AACGCTTACAACCACA,0
Mux2-AACGCTTAGACTAGTA,0
Mux2-AACGCTTACAATGGAA,0
Mux2-AACGCTTACACTTCGA,0
Mux2-AACGCTTACAGCGTTA,8
Mux2-AACGCTTACATACCAA,11
Mux2-AACGCTTACCAGTTCA,11
Mux2-AACGCTTACCGAAGTA,11
Mux2-AACGCTTACCGTGAGA,11
Mux2-AACGCTTACCTCCTGA,11
Mux2-AACGCTTAAGTGGTCA,5
Mux2-AACGCTTACGAACTTA,11
Mux2-AACGCTTACGACTGGA,8
Mux2-AACGCTTACGCATACA,8
Mux2-AACGCTTACTCAATGA,1
Mux2-AACGCTTACTGAGCCA,9
Mux2-AACGCTTACTGGCATA,9
Mux2-AACGCTTAGAATCTGA,1
Mux2-AACGCTTACAAGACTA,1
Mux2-AACGCTTAGAGCTGAA,1
Mux2-AACGCTTAGATAGACA,1
Mux2-AACGCTTAACCACTGT,5
Mux2-AACGCTTAGCCACATA,1
Mux2-AACGCTTAACATTGGC,5
Mux2-AACGCTTACAGATCTG,5
Mux2-AACGCTTACATCAAGT,5
Mux2-AACGCTTACGCTGATC,5
Mux2-AAGACGGAAACGTGAT,5
Mux2-AAGACGGAACAAGCTA,5
Mux2-AAGACGGACTGTAGCC,5
Mux2-AAGACGGAAGTACAAG,5
Mux2-AAGACGGAAACAACCA,5
Mux2-AAGACGGAAACCGAGA,5
Mux2-AAGACGGAAACGCTTA,5
Mux2-AAGACGGAAAGACGGA,5
Mux2-AAGACGGAAAGGTACA,5
Mux2-AAGACGGAACACAGAA,5
Mux2-AAGACGGAACAGCAGA,5
Mux2-AAGACGGAAAACATCG,5
Mux2-AAGACGGAACCTCCAA,5
Mux2-AAGACGGAACGCTCGA,5
Mux2-AAGACGGAACGTATCA,5
Mux2-AAGACGGAACTATGCA,5
Mux2-AAGACGGAAGAGTCAA,5
Mux2-AAGACGGAAGATCGCA,5
Mux2-AAGACGGAAGCAGGAA,0
Mux2-AAGACGGAAGTCACTA,0
Mux2-AAGACGGAATCCTGTA,0
Mux2-AAGACGGAATTGAGGA,0
Mux2-AAGACGGAATGCCTAA,5
Mux2-AAGACGGACAACCACA,0
Mux2-AAGACGGAGACTAGTA,0
Mux2-AAGACGGACAATGGAA,0
Mux2-AAGACGGACACTTCGA,0
Mux2-AAGACGGACAGCGTTA,0
Mux2-AAGACGGACATACCAA,11
Mux2-AAGACGGACCAGTTCA,11
Mux2-AAGACGGACCGAAGTA,11
Mux2-AAGACGGACCGTGAGA,11
Mux2-AAGACGGACCTCCTGA,11
Mux2-AAGACGGAAGTGGTCA,5
Mux2-AAGACGGACGAACTTA,11
Mux2-AAGACGGACGACTGGA,11
Mux2-AAGACGGACTCAATGA,1
Mux2-AAGACGGACTGAGCCA,9
Mux2-AAGACGGACTGGCATA,9
Mux2-AAGACGGAGAATCTGA,1
Mux2-AAGACGGACAAGACTA,1
Mux2-AAGACGGAGAGCTGAA,1
Mux2-AAGACGGAGATAGACA,1
Mux2-AAGACGGAACCACTGT,5
Mux2-AAGACGGAGCCACATA,1
Mux2-AAGACGGAACATTGGC,5
Mux2-AAGACGGACAGATCTG,5
Mux2-AAGACGGACATCAAGT,5
Mux2-AAGACGGACGCTGATC,5
Mux2-AAGGTACAAACGTGAT,5
Mux2-AAGGTACAACAAGCTA,5
Mux2-AAGGTACACTGTAGCC,5
Mux2-AAGGTACAAGTACAAG,5
Mux2-AAGGTACAAACAACCA,5
Mux2-AAGGTACAAACCGAGA,5
Mux2-AAGGTACAAACGCTTA,5
Mux2-AAGGTACAAAGACGGA,5
Mux2-AAGGTACAAAGGTACA,5
Mux2-AAGGTACAACACAGAA,5
Mux2-AAGGTACAACAGCAGA,5
Mux2-AAGGTACAAAACATCG,5
Mux2-AAGGTACAACCTCCAA,5
Mux2-AAGGTACAACGCTCGA,5
Mux2-AAGGTACAACGTATCA,5
Mux2-AAGGTACAACTATGCA,5
Mux2-AAGGTACAAGAGTCAA,5
Mux2-AAGGTACAAGATCGCA,5
Mux2-AAGGTACAAGCAGGAA,0
Mux2-AAGGTACAAGTCACTA,0
Mux2-AAGGTACAATCCTGTA,0
Mux2-AAGGTACAATTGAGGA,0
Mux2-AAGGTACAATGCCTAA,5
Mux2-AAGGTACACAACCACA,0
Mux2-AAGGTACAGACTAGTA,0
Mux2-AAGGTACACAATGGAA,0
Mux2-AAGGTACACACTTCGA,0
Mux2-AAGGTACACAGCGTTA,0
Mux2-AAGGTACACATACCAA,11
Mux2-AAGGTACACCAGTTCA,11
Mux2-AAGGTACACCGAAGTA,11
Mux2-AAGGTACACCGTGAGA,11
Mux2-AAGGTACACCTCCTGA,11
Mux2-AAGGTACAAGTGGTCA,5
Mux2-AAGGTACACGAACTTA,11
Mux2-AAGGTACACGACTGGA,11
Mux2-AAGGTACACTCAATGA,8
Mux2-AAGGTACACTGAGCCA,9
Mux2-AAGGTACACTGGCATA,9
Mux2-AAGGTACAGAATCTGA,1
Mux2-AAGGTACACAAGACTA,1
Mux2-AAGGTACAGAGCTGAA,1
Mux2-AAGGTACAGATAGACA,1
Mux2-AAGGTACAACCACTGT,5
Mux2-AAGGTACAGCCACATA,1
Mux2-AAGGTACAACATTGGC,5
Mux2-AAGGTACACAGATCTG,5
Mux2-AAGGTACACATCAAGT,5
Mux2-AAGGTACACGCTGATC,5
Mux2-ACACAGAAAACGTGAT,5
Mux2-ACACAGAAACAAGCTA,5
Mux2-ACACAGAACTGTAGCC,5
Mux2-ACACAGAAAGTACAAG,5
Mux2-ACACAGAAAACAACCA,5
Mux2-ACACAGAAAACCGAGA,5
Mux2-ACACAGAAAACGCTTA,5
Mux2-ACACAGAAAAGACGGA,5
Mux2-ACACAGAAAAGGTACA,5
Mux2-ACACAGAAACACAGAA,5
Mux2-ACACAGAAACAGCAGA,5
Mux2-ACACAGAAAAACATCG,5
Mux2-ACACAGAAACCTCCAA,5
Mux2-ACACAGAAACGCTCGA,5
Mux2-ACACAGAAACGTATCA,6
Mux2-ACACAGAAACTATGCA,5
Mux2-ACACAGAAAGAGTCAA,5
Mux2-ACACAGAAAGATCGCA,5
Mux2-ACACAGAAAGCAGGAA,0
Mux2-ACACAGAAAGTCACTA,0
Mux2-ACACAGAAATCCTGTA,0
Mux2-ACACAGAAATTGAGGA,0
Mux2-ACACAGAACAACCACA,0
Mux2-ACACAGAAGACTAGTA,0
Mux2-ACACAGAACAATGGAA,0
Mux2-ACACAGAACACTTCGA,0
Mux2-ACACAGAACAGCGTTA,0
Mux2-ACACAGAACATACCAA,11
Mux2-ACACAGAACCAGTTCA,11
Mux2-ACACAGAACCGAAGTA,11
Mux2-ACACAGAACCGTGAGA,11
Mux2-ACACAGAACCTCCTGA,11
Mux2-ACACAGAACGAACTTA,11
Mux2-ACACAGAACGACTGGA,11
Mux2-ACACAGAACGCATACA,8
Mux2-ACACAGAACTCAATGA,8
Mux2-ACACAGAACTGAGCCA,9
Mux2-ACACAGAACTGGCATA,9
Mux2-ACACAGAAGAATCTGA,1
Mux2-ACACAGAACAAGACTA,1
Mux2-ACACAGAAGAGCTGAA,1
Mux2-ACACAGAAGATAGACA,1
Mux2-ACACAGAAACCACTGT,5
Mux2-ACACAGAAGCCACATA,1
Mux2-ACACAGAAACATTGGC,5
Mux2-ACACAGAACATCAAGT,5
Mux2-ACACAGAACGCTGATC,5
Mux2-ACAGCAGAAACGTGAT,5
Mux2-ACAGCAGAACAAGCTA,5
Mux2-ACAGCAGACTGTAGCC,5
Mux2-ACAGCAGAAGTACAAG,5
Mux2-ACAGCAGAAACAACCA,5
Mux2-ACAGCAGAAACCGAGA,5
Mux2-ACAGCAGAAACGCTTA,5
Mux2-ACAGCAGAAAGACGGA,5
Mux2-ACAGCAGAAAGGTACA,5
Mux2-ACAGCAGAACACAGAA,5
Mux2-ACAGCAGAACAGCAGA,5
Mux2-ACAGCAGAAAACATCG,5
Mux2-ACAGCAGAACCTCCAA,6
Mux2-ACAGCAGAACGCTCGA,6
Mux2-ACAGCAGAACGTATCA,6
Mux2-ACAGCAGAACTATGCA,6
Mux2-ACAGCAGAAGAGTCAA,5
Mux2-ACAGCAGAAGATCGCA,0
Mux2-ACAGCAGAAGCAGGAA,0
Mux2-ACAGCAGAAGTCACTA,0
Mux2-ACAGCAGAATCCTGTA,0
Mux2-ACAGCAGAATTGAGGA,0
Mux2-ACAGCAGACAACCACA,0
Mux2-ACAGCAGAGACTAGTA,0
Mux2-ACAGCAGACAATGGAA,0
Mux2-ACAGCAGACACTTCGA,0
Mux2-ACAGCAGACAGCGTTA,0
Mux2-ACAGCAGACATACCAA,11
Mux2-ACAGCAGACCAGTTCA,11
Mux2-ACAGCAGACCGAAGTA,11
Mux2-ACAGCAGACCGTGAGA,11
Mux2-ACAGCAGACCTCCTGA,11
Mux2-ACAGCAGACGAACTTA,11
Mux2-ACAGCAGACGACTGGA,11
Mux2-ACAGCAGACGCATACA,8
Mux2-ACAGCAGACTCAATGA,8
Mux2-ACAGCAGACTGAGCCA,9
Mux2-ACAGCAGACTGGCATA,1
Mux2-ACAGCAGAGAATCTGA,1
Mux2-ACAGCAGACAAGACTA,1
Mux2-ACAGCAGAGAGCTGAA,1
Mux2-ACAGCAGAGATAGACA,1
Mux2-ACAGCAGAGCCACATA,1
Mux2-ACAGCAGACAGATCTG,5
Mux2-ACAGCAGACATCAAGT,5
Mux2-ACAGCAGACGCTGATC,5
Mux2-AACGTGATAACGTGAT,5
Mux2-AACGTGATACAAGCTA,5
Mux2-AACGTGATCTGTAGCC,5
Mux2-AACGTGATAGTACAAG,5
Mux2-AACGTGATAACGCTTA,5
Mux2-AACGTGATAAGACGGA,5
Mux2-AACGTGATAAGGTACA,5
Mux2-AACGTGATACACAGAA,5
Mux2-AACGTGATACAGCAGA,5
Mux2-AACGTGATAAACATCG,5
Mux2-AACGTGATACCTCCAA,5
Mux2-AACGTGATACGCTCGA,5
Mux2-AACGTGATACGTATCA,5
Mux2-AACGTGATACTATGCA,5
Mux2-AACGTGATAGAGTCAA,5
Mux2-AACGTGATAGCAGGAA,7
Mux2-AACGTGATATCCTGTA,1
Mux2-AACGTGATATGCCTAA,5
Mux2-AACGTGATAGTGGTCA,5
Mux2-AACGTGATGAGCTGAA,9
Mux2-AACGTGATGATAGACA,9
Mux2-AACGTGATACCACTGT,5
Mux2-AACGTGATGCCACATA,9
Mux2-AACGTGATACATTGGC,5
Mux2-AACGTGATCAGATCTG,5
Mux2-AACGTGATCATCAAGT,5
Mux2-AACGTGATCGCTGATC,5
Mux2-ACCTCCAAAACGTGAT,6
Mux2-ACCTCCAAACAAGCTA,5
Mux2-ACCTCCAACTGTAGCC,5
Mux2-ACCTCCAAAGTACAAG,5
Mux2-ACCTCCAAAACAACCA,5
Mux2-ACCTCCAAAACCGAGA,5
Mux2-ACCTCCAAAACGCTTA,5
Mux2-ACCTCCAAAAGACGGA,5
Mux2-ACCTCCAAAAGGTACA,6
Mux2-ACCTCCAAACACAGAA,6
Mux2-ACCTCCAAACAGCAGA,6
Mux2-ACCTCCAAAAACATCG,5
Mux2-ACCTCCAAACCTCCAA,6
Mux2-ACCTCCAAACGCTCGA,6
Mux2-ACCTCCAAACGTATCA,6
Mux2-ACCTCCAAACTATGCA,6
Mux2-ACCTCCAAAGAGTCAA,0
Mux2-ACCTCCAAAGATCGCA,0
Mux2-ACCTCCAAAGCAGGAA,0
Mux2-ACCTCCAAAGTCACTA,0
Mux2-ACCTCCAAATCCTGTA,0
Mux2-ACCTCCAAATTGAGGA,0
Mux2-ACCTCCAAATGCCTAA,5
Mux2-ACCTCCAACAACCACA,0
Mux2-ACCTCCAAGACTAGTA,0
Mux2-ACCTCCAACAATGGAA,0
Mux2-ACCTCCAACACTTCGA,0
Mux2-ACCTCCAACAGCGTTA,0
Mux2-ACCTCCAACATACCAA,0
Mux2-ACCTCCAACCAGTTCA,11
Mux2-ACCTCCAACCGAAGTA,11
Mux2-ACCTCCAACCGTGAGA,11
Mux2-ACCTCCAACCTCCTGA,11
Mux2-ACCTCCAAAGTGGTCA,5
Mux2-ACCTCCAACGAACTTA,11
Mux2-ACCTCCAACGACTGGA,11
Mux2-ACCTCCAACGCATACA,8
Mux2-ACCTCCAACTCAATGA,8
Mux2-ACCTCCAACTGAGCCA,1
Mux2-ACCTCCAACTGGCATA,1
Mux2-ACCTCCAAGAATCTGA,1
Mux2-ACCTCCAACAAGACTA,1
Mux2-ACCTCCAAGAGCTGAA,1
Mux2-ACCTCCAAGATAGACA,1
Mux2-ACCTCCAAACCACTGT,5
Mux2-ACCTCCAAGCCACATA,1
Mux2-ACCTCCAAACATTGGC,5
Mux2-ACCTCCAACAGATCTG,5
Mux2-ACCTCCAACATCAAGT,5
Mux2-ACCTCCAACGCTGATC,5
Mux2-ACGCTCGAAACGTGAT,5
Mux2-ACGCTCGAACAAGCTA,5
Mux2-ACGCTCGACTGTAGCC,5
Mux2-ACGCTCGAAGTACAAG,5
Mux2-ACGCTCGAAACAACCA,5
Mux2-ACGCTCGAAACCGAGA,5
Mux2-ACGCTCGAAACGCTTA,5
Mux2-ACGCTCGAAAGACGGA,5
Mux2-ACGCTCGAAAGGTACA,6
Mux2-ACGCTCGAACACAGAA,6
Mux2-ACGCTCGAACAGCAGA,6
Mux2-ACGCTCGAAAACATCG,5
Mux2-ACGCTCGAACCTCCAA,6
Mux2-ACGCTCGAACGCTCGA,6
Mux2-ACGCTCGAACGTATCA,6
Mux2-ACGCTCGAACTATGCA,6
Mux2-ACGCTCGAAGAGTCAA,6
Mux2-ACGCTCGAAGATCGCA,0
Mux2-ACGCTCGAAGCAGGAA,0
Mux2-ACGCTCGAAGTCACTA,0
Mux2-ACGCTCGAATTGAGGA,0
Mux2-ACGCTCGAATGCCTAA,5
Mux2-ACGCTCGACAACCACA,0
Mux2-ACGCTCGAGACTAGTA,0
Mux2-ACGCTCGACAATGGAA,0
Mux2-ACGCTCGACACTTCGA,0
Mux2-ACGCTCGACAGCGTTA,0
Mux2-ACGCTCGACATACCAA,0
Mux2-ACGCTCGACCAGTTCA,11
Mux2-ACGCTCGACCGAAGTA,11
Mux2-ACGCTCGACCGTGAGA,11
Mux2-ACGCTCGACCTCCTGA,11
Mux2-ACGCTCGACGAACTTA,11
Mux2-ACGCTCGACGACTGGA,11
Mux2-ACGCTCGACGCATACA,8
Mux2-ACGCTCGACTCAATGA,8
Mux2-ACGCTCGACTGAGCCA,1
Mux2-ACGCTCGACTGGCATA,1
Mux2-ACGCTCGAGAATCTGA,1
Mux2-ACGCTCGACAAGACTA,1
Mux2-ACGCTCGAGAGCTGAA,1
Mux2-ACGCTCGAGATAGACA,1
Mux2-ACGCTCGAACCACTGT,5
Mux2-ACGCTCGAGCCACATA,1
Mux2-ACGCTCGAACATTGGC,5
Mux2-ACGCTCGACAGATCTG,5
Mux2-ACGCTCGACATCAAGT,5
Mux2-ACGCTCGACGCTGATC,5
Mux2-ACGTATCAAACGTGAT,5
Mux2-ACGTATCAACAAGCTA,5
Mux2-ACGTATCACTGTAGCC,5
Mux2-ACGTATCAAGTACAAG,5
Mux2-ACGTATCAAACAACCA,5
Mux2-ACGTATCAAACCGAGA,5
Mux2-ACGTATCAACACAGAA,6
Mux2-ACGTATCAACAGCAGA,6
Mux2-ACGTATCAAAACATCG,5
Mux2-ACGTATCAACCTCCAA,6
Mux2-ACGTATCAACGCTCGA,6
Mux2-ACGTATCAACGTATCA,6
Mux2-ACGTATCAACTATGCA,6
Mux2-ACGTATCAAGAGTCAA,6
Mux2-ACGTATCAAGATCGCA,0
Mux2-ACGTATCAAGCAGGAA,0
Mux2-ACGTATCAAGTCACTA,0
Mux2-ACGTATCAATCCTGTA,0
Mux2-ACGTATCAATTGAGGA,0
Mux2-ACGTATCACAACCACA,0
Mux2-ACGTATCAGACTAGTA,0
Mux2-ACGTATCACAATGGAA,0
Mux2-ACGTATCACACTTCGA,0
Mux2-ACGTATCACAGCGTTA,0
Mux2-ACGTATCACATACCAA,0
Mux2-ACGTATCACCAGTTCA,11
Mux2-ACGTATCACCGAAGTA,11
Mux2-ACGTATCACCGTGAGA,11
Mux2-ACGTATCACCTCCTGA,11
Mux2-ACGTATCACGAACTTA,11
Mux2-ACGTATCACGACTGGA,11
Mux2-ACGTATCACGCATACA,8
Mux2-ACGTATCACTCAATGA,1
Mux2-ACGTATCACTGAGCCA,1
Mux2-ACGTATCACTGGCATA,1
Mux2-ACGTATCAGAATCTGA,1
Mux2-ACGTATCACAAGACTA,1
Mux2-ACGTATCAGAGCTGAA,1
Mux2-ACGTATCAGATAGACA,1
Mux2-ACGTATCAACCACTGT,5
Mux2-ACGTATCAGCCACATA,1
Mux2-ACGTATCAACATTGGC,5
Mux2-ACGTATCACAGATCTG,5
Mux2-ACGTATCACATCAAGT,5
Mux2-ACGTATCACGCTGATC,5
Mux2-ACTATGCAAACGTGAT,5
Mux2-ACTATGCAACAAGCTA,5
Mux2-ACTATGCACTGTAGCC,5
Mux2-ACTATGCAAGTACAAG,5
Mux2-ACTATGCAAAGGTACA,6
Mux2-ACTATGCAACACAGAA,6
Mux2-ACTATGCAACAGCAGA,6
Mux2-ACTATGCAACCTCCAA,6
Mux2-ACTATGCAACGCTCGA,6
Mux2-ACTATGCAACGTATCA,6
Mux2-ACTATGCAACTATGCA,6
Mux2-ACTATGCAAGAGTCAA,6
Mux2-ACTATGCAAGATCGCA,6
Mux2-ACTATGCAAGCAGGAA,0
Mux2-ACTATGCAAGTCACTA,0
Mux2-ACTATGCAATCCTGTA,0
Mux2-ACTATGCAATTGAGGA,0
Mux2-ACTATGCACAACCACA,0
Mux2-ACTATGCAGACTAGTA,0
Mux2-ACTATGCACAATGGAA,0
Mux2-ACTATGCACACTTCGA,0
Mux2-ACTATGCACAGCGTTA,0
Mux2-ACTATGCACATACCAA,0
Mux2-ACTATGCACCAGTTCA,11
Mux2-ACTATGCACCGAAGTA,11
Mux2-ACTATGCACCGTGAGA,11
Mux2-ACTATGCACCTCCTGA,11
Mux2-ACTATGCACGAACTTA,11
Mux2-ACTATGCACGACTGGA,11
Mux2-ACTATGCACGCATACA,8
Mux2-ACTATGCACTCAATGA,1
Mux2-ACTATGCACTGAGCCA,1
Mux2-ACTATGCAACCACTGT,5
Mux2-ACTATGCAGCCACATA,1
Mux2-ACTATGCAACATTGGC,5
Mux2-ACTATGCACAGATCTG,5
Mux2-ACTATGCACATCAAGT,5
Mux2-ACTATGCACGCTGATC,5
Mux2-AGAGTCAAACAAGCTA,5
Mux2-AGAGTCAAAACGCTTA,3
Mux2-AGAGTCAAAAGACGGA,6
Mux2-AGAGTCAAAAGGTACA,3
Mux2-AGAGTCAAACACAGAA,3
Mux2-AGAGTCAAACAGCAGA,3
Mux2-AGAGTCAAACCTCCAA,6
Mux2-AGAGTCAAACGCTCGA,6
Mux2-AGAGTCAAACGTATCA,6
Mux2-AGAGTCAAACTATGCA,6
Mux2-AGAGTCAAAGAGTCAA,6
Mux2-AGAGTCAAATCCTGTA,0
Mux2-AGAGTCAAATTGAGGA,0
Mux2-AGAGTCAACAACCACA,0
Mux2-AGAGTCAAGACTAGTA,0
Mux2-AGAGTCAACAATGGAA,0
Mux2-AGAGTCAACACTTCGA,0
Mux2-AGAGTCAACAGCGTTA,0
Mux2-AGAGTCAACATACCAA,0
Mux2-AGAGTCAACCAGTTCA,11
Mux2-AGAGTCAACCGAAGTA,11
Mux2-AGAGTCAACCGTGAGA,11
Mux2-AGAGTCAACCTCCTGA,11
Mux2-AGAGTCAACGAACTTA,11
Mux2-AGAGTCAACGACTGGA,11
Mux2-AGAGTCAACGCATACA,8
Mux2-AGAGTCAACTCAATGA,1
Mux2-AGAGTCAACTGAGCCA,1
Mux2-AGAGTCAACTGGCATA,9
Mux2-AGAGTCAAGAATCTGA,9
Mux2-AGAGTCAAGAGCTGAA,9
Mux2-AGAGTCAACAGATCTG,5
Mux2-AGAGTCAACATCAAGT,5
Mux2-AGAGTCAACGCTGATC,5
Mux2-AGATCGCAAACCGAGA,3
Mux2-AGATCGCAAACGCTTA,3
Mux2-AGATCGCAAAGACGGA,3
Mux2-AGATCGCAAAGGTACA,3
Mux2-AGATCGCAACACAGAA,3
Mux2-AGATCGCAACAGCAGA,3
Mux2-AGATCGCAATCCTGTA,0
Mux2-AGATCGCAATTGAGGA,0
Mux2-AGATCGCACAACCACA,0
Mux2-AGATCGCAGACTAGTA,0
Mux2-AGATCGCACAATGGAA,0
Mux2-AGATCGCACACTTCGA,0
Mux2-AGATCGCACAGCGTTA,0
Mux2-AGATCGCACATACCAA,0
Mux2-AGATCGCACCAGTTCA,11
Mux2-AGATCGCACCGAAGTA,11
Mux2-AGATCGCACCGTGAGA,11
Mux2-AGATCGCACCTCCTGA,11
Mux2-AGATCGCACGAACTTA,11
Mux2-AGATCGCACGACTGGA,11
Mux2-AGATCGCACGCATACA,1
Mux2-AGATCGCACTCAATGA,1
Mux2-AGATCGCACTGAGCCA,9
Mux2-AGATCGCACTGGCATA,9
Mux2-AGATCGCAGAATCTGA,9
Mux2-AGATCGCAGAGCTGAA,9
Mux2-AGCAGGAAAACAACCA,3
Mux2-AGCAGGAAAACCGAGA,3
Mux2-AGCAGGAAAACGCTTA,3
Mux2-AGCAGGAAAAGACGGA,3
Mux2-AGCAGGAAATTGAGGA,0
Mux2-AGCAGGAACAACCACA,0
Mux2-AGCAGGAAGACTAGTA,0
Mux2-AGCAGGAACAATGGAA,0
Mux2-AGCAGGAACACTTCGA,0
Mux2-AGCAGGAACAGCGTTA,0
Mux2-AGCAGGAACATACCAA,0
Mux2-AGCAGGAACCAGTTCA,11
Mux2-AGCAGGAACCGAAGTA,11
Mux2-AGCAGGAACCGTGAGA,11
Mux2-AGCAGGAACCTCCTGA,11
Mux2-AGCAGGAACGAACTTA,11
Mux2-AGCAGGAACGACTGGA,8
Mux2-AGCAGGAACGCATACA,1
Mux2-AGCAGGAACTCAATGA,1
Mux2-AGCAGGAACTGAGCCA,9
Mux2-AGCAGGAACTGGCATA,9
Mux2-AGCAGGAAGAATCTGA,9
Mux2-AGCAGGAAGCCACATA,7
Mux2-AGTCACTACTGTAGCC,3
Mux2-AGTCACTAAGTACAAG,3
Mux2-AGTCACTAAACAACCA,3
Mux2-AGTCACTAAACCGAGA,3
Mux2-AGTCACTAATCCTGTA,0
Mux2-AGTCACTAATTGAGGA,0
Mux2-AGTCACTACAACCACA,0
Mux2-AGTCACTAGACTAGTA,0
Mux2-AGTCACTACAATGGAA,0
Mux2-AGTCACTACACTTCGA,0
Mux2-AGTCACTACAGCGTTA,0
Mux2-AGTCACTACATACCAA,11
Mux2-AGTCACTACCAGTTCA,11
Mux2-AGTCACTACCGAAGTA,11
Mux2-AGTCACTACCGTGAGA,11
Mux2-AGTCACTACCTCCTGA,11
Mux2-AGTCACTACGAACTTA,11
Mux2-AGTCACTACGACTGGA,1
Mux2-AGTCACTACGCATACA,1
Mux2-AGTCACTACTCAATGA,1
Mux2-AGTCACTACTGAGCCA,9
Mux2-AGTCACTACTGGCATA,9
Mux2-AGTCACTAGAATCTGA,9
Mux2-AGTCACTAGCCACATA,9
Mux2-ATCCTGTAACAAGCTA,3
Mux2-ATCCTGTACTGTAGCC,3
Mux2-ATCCTGTAAGTACAAG,3
Mux2-ATCCTGTAACAGCAGA,4
Mux2-ATCCTGTAACCTCCAA,4
Mux2-ATCCTGTAACGCTCGA,4
Mux2-ATCCTGTAACGTATCA,4
Mux2-ATCCTGTAACTATGCA,4
Mux2-ATCCTGTAAGTCACTA,4
Mux2-ATCCTGTAATTGAGGA,0
Mux2-ATCCTGTACAACCACA,0
Mux2-ATCCTGTAGACTAGTA,0
Mux2-ATCCTGTACAATGGAA,0
Mux2-ATCCTGTACACTTCGA,0
Mux2-ATCCTGTACAGCGTTA,0
Mux2-ATCCTGTACATACCAA,11
Mux2-ATCCTGTACCAGTTCA,11
Mux2-ATCCTGTACCGAAGTA,11
Mux2-ATCCTGTACCGTGAGA,11
Mux2-ATCCTGTACCTCCTGA,11
Mux2-ATCCTGTACGAACTTA,8
Mux2-ATCCTGTACGACTGGA,1
Mux2-ATCCTGTACGCATACA,1
Mux2-ATCCTGTACTCAATGA,1
Mux2-ATCCTGTACTGAGCCA,9
Mux2-ATCCTGTACTGGCATA,9
Mux2-ATCCTGTAGAATCTGA,9
Mux2-ATCCTGTAGCCACATA,9
Mux2-ATTGAGGAACAAGCTA,3
Mux2-ATTGAGGACTGTAGCC,3
Mux2-ATTGAGGAAACGCTTA,4
Mux2-ATTGAGGAAAGACGGA,4
Mux2-ATTGAGGAAAGGTACA,3
Mux2-ATTGAGGAACACAGAA,4
Mux2-ATTGAGGAACAGCAGA,4
Mux2-ATTGAGGAACCTCCAA,4
Mux2-ATTGAGGAACGCTCGA,4
Mux2-ATTGAGGAACGTATCA,4
Mux2-ATTGAGGAACTATGCA,4
Mux2-ATTGAGGAAGAGTCAA,4
Mux2-ATTGAGGAAGATCGCA,4
Mux2-ATTGAGGAAGCAGGAA,4
Mux2-ATTGAGGAAGTCACTA,0
Mux2-ATTGAGGAATCCTGTA,0
Mux2-ATTGAGGAATTGAGGA,0
Mux2-ATTGAGGACAACCACA,0
Mux2-ATTGAGGAGACTAGTA,0
Mux2-ATTGAGGACAATGGAA,0
Mux2-ATTGAGGACACTTCGA,0
Mux2-ATTGAGGACAGCGTTA,0
Mux2-ATTGAGGACATACCAA,11
Mux2-ATTGAGGACCAGTTCA,11
Mux2-ATTGAGGACCGAAGTA,11
Mux2-ATTGAGGACCGTGAGA,11
Mux2-ATTGAGGACCTCCTGA,11
Mux2-ATTGAGGACGAACTTA,1
Mux2-ATTGAGGACGACTGGA,1
Mux2-ATTGAGGACGCATACA,1
Mux2-ATTGAGGACTCAATGA,1
Mux2-ATTGAGGACTGAGCCA,9
Mux2-ATTGAGGACTGGCATA,9
Mux2-ATTGAGGAGCCACATA,7
Mux2-ATTGAGGACGCTGATC,3
Mux2-AAACATCGAACGTGAT,5
Mux2-AAACATCGACAAGCTA,5
Mux2-AAACATCGCTGTAGCC,5
Mux2-AAACATCGAGTACAAG,5
Mux2-AAACATCGAACCGAGA,5
Mux2-AAACATCGAACGCTTA,5
Mux2-AAACATCGAAGACGGA,5
Mux2-AAACATCGAAGGTACA,5
Mux2-AAACATCGACACAGAA,5
Mux2-AAACATCGACAGCAGA,5
Mux2-AAACATCGAAACATCG,5
Mux2-AAACATCGACCTCCAA,5
Mux2-AAACATCGACGCTCGA,5
Mux2-AAACATCGACGTATCA,5
Mux2-AAACATCGACTATGCA,5
Mux2-AAACATCGAGAGTCAA,5
Mux2-AAACATCGAGTCACTA,1
Mux2-AAACATCGATCCTGTA,1
Mux2-AAACATCGATTGAGGA,1
Mux2-AAACATCGATGCCTAA,5
Mux2-AAACATCGCAACCACA,1
Mux2-AAACATCGGACTAGTA,1
Mux2-AAACATCGCAATGGAA,1
Mux2-AAACATCGCACTTCGA,1
Mux2-AAACATCGCAGCGTTA,1
Mux2-AAACATCGCATACCAA,1
Mux2-AAACATCGCCAGTTCA,1
Mux2-AAACATCGCCGAAGTA,1
Mux2-AAACATCGCCGTGAGA,1
Mux2-AAACATCGCCTCCTGA,1
Mux2-AAACATCGAGTGGTCA,5
Mux2-AAACATCGCAAGACTA,9
Mux2-AAACATCGGAGCTGAA,9
Mux2-AAACATCGGATAGACA,9
Mux2-AAACATCGACCACTGT,5
Mux2-AAACATCGGCCACATA,9
Mux2-AAACATCGACATTGGC,5
Mux2-AAACATCGCAGATCTG,5
Mux2-AAACATCGCATCAAGT,5
Mux2-AAACATCGCGCTGATC,5
Mux2-CAACCACAAACAACCA,4
Mux2-CAACCACAAACCGAGA,4
Mux2-CAACCACAAACGCTTA,4
Mux2-CAACCACAAAGACGGA,4
Mux2-CAACCACAAAGGTACA,4
Mux2-CAACCACAACCTCCAA,4
Mux2-CAACCACAACGCTCGA,4
Mux2-CAACCACAACGTATCA,4
Mux2-CAACCACAACTATGCA,4
Mux2-CAACCACAAGAGTCAA,4
Mux2-CAACCACAAGATCGCA,4
Mux2-CAACCACAAGCAGGAA,4
Mux2-CAACCACAAGTCACTA,4
Mux2-CAACCACAATCCTGTA,0
Mux2-CAACCACAATTGAGGA,0
Mux2-CAACCACACAACCACA,0
Mux2-CAACCACAGACTAGTA,0
Mux2-CAACCACACAATGGAA,0
Mux2-CAACCACACACTTCGA,0
Mux2-CAACCACACAGCGTTA,0
Mux2-CAACCACACATACCAA,11
Mux2-CAACCACACCAGTTCA,11
Mux2-CAACCACACCGAAGTA,11
Mux2-CAACCACACCGTGAGA,11
Mux2-CAACCACACCTCCTGA,11
Mux2-CAACCACACGAACTTA,1
Mux2-CAACCACACGACTGGA,1
Mux2-CAACCACACGCATACA,1
Mux2-CAACCACACTCAATGA,1
Mux2-CAACCACACTGAGCCA,9
Mux2-CAACCACACTGGCATA,9
Mux2-CAACCACAGCCACATA,7
Mux2-CAACCACACATCAAGT,3
Mux2-CAACCACACGCTGATC,3
Mux2-GACTAGTAAGTACAAG,4
Mux2-GACTAGTAAACAACCA,4
Mux2-GACTAGTAAACCGAGA,4
Mux2-GACTAGTAAACGCTTA,4
Mux2-GACTAGTAACAGCAGA,4
Mux2-GACTAGTAACCTCCAA,4
Mux2-GACTAGTAACGCTCGA,4
Mux2-GACTAGTAACGTATCA,4
Mux2-GACTAGTAACTATGCA,4
Mux2-GACTAGTAAGAGTCAA,4
Mux2-GACTAGTAAGATCGCA,4
Mux2-GACTAGTAAGCAGGAA,4
Mux2-GACTAGTAAGTCACTA,0
Mux2-GACTAGTAATCCTGTA,0
Mux2-GACTAGTAATTGAGGA,0
Mux2-GACTAGTACAACCACA,0
Mux2-GACTAGTAGACTAGTA,0
Mux2-GACTAGTACAATGGAA,0
Mux2-GACTAGTACACTTCGA,0
Mux2-GACTAGTACAGCGTTA,0
Mux2-GACTAGTACATACCAA,11
Mux2-GACTAGTACCAGTTCA,11
Mux2-GACTAGTACCGAAGTA,11
Mux2-GACTAGTACCGTGAGA,11
Mux2-GACTAGTACCTCCTGA,11
Mux2-GACTAGTACGAACTTA,1
Mux2-GACTAGTACGACTGGA,1
Mux2-GACTAGTACGCATACA,1
Mux2-GACTAGTACTCAATGA,1
Mux2-GACTAGTACTGAGCCA,9
Mux2-GACTAGTACTGGCATA,9
Mux2-GACTAGTAGCCACATA,9
Mux2-GACTAGTACAGATCTG,3
Mux2-GACTAGTACATCAAGT,3
Mux2-CAATGGAACTGTAGCC,4
Mux2-CAATGGAAAGTACAAG,4
Mux2-CAATGGAAAACAACCA,4
Mux2-CAATGGAAAACCGAGA,4
Mux2-CAATGGAAAACGCTTA,4
Mux2-CAATGGAAAAGGTACA,4
Mux2-CAATGGAAACACAGAA,4
Mux2-CAATGGAAACAGCAGA,4
Mux2-CAATGGAAACCTCCAA,4
Mux2-CAATGGAAACGCTCGA,4
Mux2-CAATGGAAACGTATCA,4
Mux2-CAATGGAAAGAGTCAA,4
Mux2-CAATGGAAAGATCGCA,4
Mux2-CAATGGAAAGCAGGAA,4
Mux2-CAATGGAAAGTCACTA,4
Mux2-CAATGGAAATCCTGTA,0
Mux2-CAATGGAAATTGAGGA,0
Mux2-CAATGGAACAACCACA,0
Mux2-CAATGGAAGACTAGTA,0
Mux2-CAATGGAACAATGGAA,0
Mux2-CAATGGAACACTTCGA,0
Mux2-CAATGGAACAGCGTTA,0
Mux2-CAATGGAACATACCAA,11
Mux2-CAATGGAACCAGTTCA,11
Mux2-CAATGGAACCGAAGTA,11
Mux2-CAATGGAACCGTGAGA,11
Mux2-CAATGGAACCTCCTGA,11
Mux2-CAATGGAACGAACTTA,1
Mux2-CAATGGAACGACTGGA,1
Mux2-CAATGGAACGCATACA,1
Mux2-CAATGGAACTCAATGA,1
Mux2-CAATGGAACTGAGCCA,9
Mux2-CAATGGAAGATAGACA,9
Mux2-CAATGGAAGCCACATA,9
Mux2-CAATGGAAACATTGGC,3
Mux2-CAATGGAACAGATCTG,3
Mux2-CACTTCGAACAAGCTA,4
Mux2-CACTTCGACTGTAGCC,4
Mux2-CACTTCGAAGTACAAG,4
Mux2-CACTTCGAAACCGAGA,4
Mux2-CACTTCGAAAGACGGA,4
Mux2-CACTTCGAAAGGTACA,4
Mux2-CACTTCGAACACAGAA,4
Mux2-CACTTCGAACAGCAGA,4
Mux2-CACTTCGAACCTCCAA,4
Mux2-CACTTCGAACGCTCGA,4
Mux2-CACTTCGAACGTATCA,4
Mux2-CACTTCGAACTATGCA,4
Mux2-CACTTCGAAGAGTCAA,4
Mux2-CACTTCGAAGATCGCA,4
Mux2-CACTTCGAAGTCACTA,0
Mux2-CACTTCGAATCCTGTA,0
Mux2-CACTTCGAATTGAGGA,0
Mux2-CACTTCGACAACCACA,0
Mux2-CACTTCGAGACTAGTA,0
Mux2-CACTTCGACAATGGAA,0
Mux2-CACTTCGACACTTCGA,0
Mux2-CACTTCGACAGCGTTA,0
Mux2-CACTTCGACATACCAA,11
Mux2-CACTTCGACCAGTTCA,11
Mux2-CACTTCGACCGAAGTA,11
Mux2-CACTTCGACCGTGAGA,11
Mux2-CACTTCGACCTCCTGA,11
Mux2-CACTTCGACGAACTTA,1
Mux2-CACTTCGACGACTGGA,1
Mux2-CACTTCGACGCATACA,1
Mux2-CACTTCGACTCAATGA,1
Mux2-CACTTCGACTGAGCCA,9
Mux2-CACTTCGACTGGCATA,9
Mux2-CACTTCGAGATAGACA,9
Mux2-CACTTCGAACCACTGT,3
Mux2-CACTTCGAGCCACATA,9
Mux2-CAGCGTTAACAAGCTA,4
Mux2-CAGCGTTACTGTAGCC,4
Mux2-CAGCGTTAAGTACAAG,4
Mux2-CAGCGTTAAACAACCA,4
Mux2-CAGCGTTAAACCGAGA,4
Mux2-CAGCGTTAAAGACGGA,4
Mux2-CAGCGTTAACAGCAGA,4
Mux2-CAGCGTTAACCTCCAA,4
Mux2-CAGCGTTAACGCTCGA,4
Mux2-CAGCGTTAACGTATCA,4
Mux2-CAGCGTTAACTATGCA,4
Mux2-CAGCGTTAAGAGTCAA,4
Mux2-CAGCGTTAAGATCGCA,4
Mux2-CAGCGTTAAGCAGGAA,4
Mux2-CAGCGTTAAGTCACTA,4
Mux2-CAGCGTTAATCCTGTA,0
Mux2-CAGCGTTAATTGAGGA,0
Mux2-CAGCGTTACAACCACA,0
Mux2-CAGCGTTAGACTAGTA,0
Mux2-CAGCGTTACAATGGAA,0
Mux2-CAGCGTTACACTTCGA,0
Mux2-CAGCGTTACAGCGTTA,0
Mux2-CAGCGTTACATACCAA,11
Mux2-CAGCGTTACCAGTTCA,11
Mux2-CAGCGTTACCGAAGTA,11
Mux2-CAGCGTTACCGTGAGA,11
Mux2-CAGCGTTACCTCCTGA,11
Mux2-CAGCGTTAAGTGGTCA,3
Mux2-CAGCGTTACGAACTTA,1
Mux2-CAGCGTTACGACTGGA,1
Mux2-CAGCGTTACGCATACA,1
Mux2-CAGCGTTACTCAATGA,1
Mux2-CAGCGTTACTGAGCCA,1
Mux2-CAGCGTTAGAATCTGA,9
Mux2-CAGCGTTAGATAGACA,9
Mux2-CAGCGTTAGCCACATA,9
Mux2-CATACCAAACAAGCTA,4
Mux2-CATACCAACTGTAGCC,4
Mux2-CATACCAAAGTACAAG,4
Mux2-CATACCAAAACAACCA,4
Mux2-CATACCAAAACCGAGA,4
Mux2-CATACCAAAACGCTTA,4
Mux2-CATACCAAAAGACGGA,4
Mux2-CATACCAAAAGGTACA,4
Mux2-CATACCAAACACAGAA,4
Mux2-CATACCAAACAGCAGA,4
Mux2-CATACCAAACCTCCAA,4
Mux2-CATACCAAACGCTCGA,4
Mux2-CATACCAAACGTATCA,4
Mux2-CATACCAAACTATGCA,4
Mux2-CATACCAAAGAGTCAA,4
Mux2-CATACCAAAGCAGGAA,4
Mux2-CATACCAAAGTCACTA,4
Mux2-CATACCAAATCCTGTA,0
Mux2-CATACCAAATTGAGGA,0
Mux2-CATACCAAATGCCTAA,7
Mux2-CATACCAACAACCACA,0
Mux2-CATACCAAGACTAGTA,0
Mux2-CATACCAACAATGGAA,0
Mux2-CATACCAACACTTCGA,0
Mux2-CATACCAACAGCGTTA,0
Mux2-CATACCAACATACCAA,11
Mux2-CATACCAACCAGTTCA,11
Mux2-CATACCAACCGAAGTA,11
Mux2-CATACCAACCGTGAGA,11
Mux2-CATACCAACCTCCTGA,11
Mux2-CATACCAACGAACTTA,1
Mux2-CATACCAACGACTGGA,1
Mux2-CATACCAACGCATACA,1
Mux2-CATACCAACTCAATGA,1
Mux2-CATACCAACTGAGCCA,1
Mux2-CATACCAAGAATCTGA,9
Mux2-CATACCAAGATAGACA,9
Mux2-CATACCAACGCTGATC,4
Mux2-CCAGTTCAACAAGCTA,4
Mux2-CCAGTTCACTGTAGCC,4
Mux2-CCAGTTCAAGTACAAG,4
Mux2-CCAGTTCAAACAACCA,4
Mux2-CCAGTTCAAACCGAGA,4
Mux2-CCAGTTCAAACGCTTA,4
Mux2-CCAGTTCAAAGGTACA,4
Mux2-CCAGTTCAACACAGAA,4
Mux2-CCAGTTCAACAGCAGA,4
Mux2-CCAGTTCAAAACATCG,3
Mux2-CCAGTTCAACCTCCAA,4
Mux2-CCAGTTCAACGCTCGA,4
Mux2-CCAGTTCAACGTATCA,4
Mux2-CCAGTTCAACTATGCA,4
Mux2-CCAGTTCAAGAGTCAA,4
Mux2-CCAGTTCAAGATCGCA,4
Mux2-CCAGTTCAAGCAGGAA,4
Mux2-CCAGTTCAAGTCACTA,0
Mux2-CCAGTTCAATCCTGTA,0
Mux2-CCAGTTCAATTGAGGA,0
Mux2-CCAGTTCACAACCACA,0
Mux2-CCAGTTCAGACTAGTA,0
Mux2-CCAGTTCACAATGGAA,0
Mux2-CCAGTTCACACTTCGA,0
Mux2-CCAGTTCACAGCGTTA,0
Mux2-CCAGTTCACATACCAA,0
Mux2-CCAGTTCACCAGTTCA,11
Mux2-CCAGTTCACCGAAGTA,11
Mux2-CCAGTTCACCGTGAGA,11
Mux2-CCAGTTCACCTCCTGA,11
Mux2-CCAGTTCACGAACTTA,1
Mux2-CCAGTTCACGACTGGA,1
Mux2-CCAGTTCACGCATACA,1
Mux2-CCAGTTCACTCAATGA,1
Mux2-CCAGTTCACTGAGCCA,1
Mux2-CCAGTTCAGAATCTGA,9
Mux2-CCAGTTCAGATAGACA,9
Mux2-CCAGTTCACGCTGATC,4
Mux2-CCGAAGTAAACGTGAT,2
Mux2-CCGAAGTAACAAGCTA,4
Mux2-CCGAAGTACTGTAGCC,4
Mux2-CCGAAGTAAGTACAAG,4
Mux2-CCGAAGTAAACAACCA,4
Mux2-CCGAAGTAAACCGAGA,4
Mux2-CCGAAGTAAACGCTTA,4
Mux2-CCGAAGTAAAGACGGA,4
Mux2-CCGAAGTAAAGGTACA,4
Mux2-CCGAAGTAACACAGAA,4
Mux2-CCGAAGTAACAGCAGA,4
Mux2-CCGAAGTAAAACATCG,3
Mux2-CCGAAGTAACCTCCAA,4
Mux2-CCGAAGTAACGCTCGA,4
Mux2-CCGAAGTAACGTATCA,4
Mux2-CCGAAGTAACTATGCA,4
Mux2-CCGAAGTAAGAGTCAA,4
Mux2-CCGAAGTAAGCAGGAA,4
Mux2-CCGAAGTAATCCTGTA,0
Mux2-CCGAAGTAATTGAGGA,0
Mux2-CCGAAGTACAACCACA,0
Mux2-CCGAAGTAGACTAGTA,0
Mux2-CCGAAGTACAATGGAA,0
Mux2-CCGAAGTACACTTCGA,0
Mux2-CCGAAGTACAGCGTTA,0
Mux2-CCGAAGTACATACCAA,0
Mux2-CCGAAGTACCAGTTCA,11
Mux2-CCGAAGTACCGAAGTA,11
Mux2-CCGAAGTACCGTGAGA,11
Mux2-CCGAAGTACCTCCTGA,11
Mux2-CCGAAGTACGAACTTA,1
Mux2-CCGAAGTACGACTGGA,1
Mux2-CCGAAGTACGCATACA,1
Mux2-CCGAAGTACTCAATGA,1
Mux2-CCGAAGTACTGAGCCA,1
Mux2-CCGAAGTACTGGCATA,1
Mux2-CCGAAGTAGAATCTGA,9
Mux2-CCGAAGTAGAGCTGAA,9
Mux2-CCGAAGTAGATAGACA,9
Mux2-CCGTGAGAAACGTGAT,2
Mux2-CCGTGAGAACAAGCTA,4
Mux2-CCGTGAGACTGTAGCC,4
Mux2-CCGTGAGAAGTACAAG,4
Mux2-CCGTGAGAAACAACCA,4
Mux2-CCGTGAGAAACCGAGA,4
Mux2-CCGTGAGAAACGCTTA,4
Mux2-CCGTGAGAAAGACGGA,4
Mux2-CCGTGAGAAAGGTACA,4
Mux2-CCGTGAGAACACAGAA,4
Mux2-CCGTGAGAACAGCAGA,4
Mux2-CCGTGAGAACCTCCAA,4
Mux2-CCGTGAGAACGCTCGA,4
Mux2-CCGTGAGAACGTATCA,4
Mux2-CCGTGAGAACTATGCA,4
Mux2-CCGTGAGAAGAGTCAA,4
Mux2-CCGTGAGAAGTCACTA,0
Mux2-CCGTGAGAATCCTGTA,0
Mux2-CCGTGAGAATTGAGGA,0
Mux2-CCGTGAGACAACCACA,0
Mux2-CCGTGAGAGACTAGTA,0
Mux2-CCGTGAGACAATGGAA,0
Mux2-CCGTGAGACACTTCGA,0
Mux2-CCGTGAGACAGCGTTA,0
Mux2-CCGTGAGACATACCAA,0
Mux2-CCGTGAGACCAGTTCA,11
Mux2-CCGTGAGACCGAAGTA,11
Mux2-CCGTGAGACCGTGAGA,11
Mux2-CCGTGAGACCTCCTGA,11
Mux2-CCGTGAGACGAACTTA,1
Mux2-CCGTGAGACGACTGGA,1
Mux2-CCGTGAGACGCATACA,1
Mux2-CCGTGAGACTCAATGA,1
Mux2-CCGTGAGACTGAGCCA,1
Mux2-CCGTGAGAGATAGACA,9
Mux2-CCGTGAGAACCACTGT,10
Mux2-CCGTGAGAACATTGGC,10
Mux2-CCGTGAGACAGATCTG,10
Mux2-CCGTGAGACATCAAGT,10
Mux2-CCGTGAGACGCTGATC,10
Mux2-CCTCCTGAACAAGCTA,10
Mux2-CCTCCTGACTGTAGCC,4
Mux2-CCTCCTGAAGTACAAG,4
Mux2-CCTCCTGAAACAACCA,4
Mux2-CCTCCTGAAACCGAGA,4
Mux2-CCTCCTGAAACGCTTA,4
Mux2-CCTCCTGAAAGACGGA,4
Mux2-CCTCCTGAAAGGTACA,4
Mux2-CCTCCTGAACACAGAA,4
Mux2-CCTCCTGAACAGCAGA,4
Mux2-CCTCCTGAAAACATCG,10
Mux2-CCTCCTGAACGCTCGA,4
Mux2-CCTCCTGAACGTATCA,4
Mux2-CCTCCTGAACTATGCA,4
Mux2-CCTCCTGAAGAGTCAA,4
Mux2-CCTCCTGAAGTCACTA,0
Mux2-CCTCCTGAATCCTGTA,0
Mux2-CCTCCTGAATTGAGGA,0
Mux2-CCTCCTGAATGCCTAA,10
Mux2-CCTCCTGACAACCACA,0
Mux2-CCTCCTGAGACTAGTA,0
Mux2-CCTCCTGACAATGGAA,0
Mux2-CCTCCTGACACTTCGA,0
Mux2-CCTCCTGACAGCGTTA,0
Mux2-CCTCCTGACATACCAA,0
Mux2-CCTCCTGACCAGTTCA,0
Mux2-CCTCCTGACCGAAGTA,11
Mux2-CCTCCTGACCGTGAGA,11
Mux2-CCTCCTGACCTCCTGA,11
Mux2-CCTCCTGAAGTGGTCA,10
Mux2-CCTCCTGACGAACTTA,1
Mux2-CCTCCTGACGACTGGA,1
Mux2-CCTCCTGACGCATACA,1
Mux2-CCTCCTGACTCAATGA,1
Mux2-CCTCCTGACTGAGCCA,1
Mux2-CCTCCTGACTGGCATA,1
Mux2-CCTCCTGAGAGCTGAA,9
Mux2-CCTCCTGAGATAGACA,9
Mux2-CCTCCTGAACCACTGT,10
Mux2-CCTCCTGAACATTGGC,10
Mux2-CCTCCTGACAGATCTG,10
Mux2-CCTCCTGACATCAAGT,10
Mux2-CCTCCTGACGCTGATC,10
Mux2-ATGCCTAAAACGTGAT,5
Mux2-ATGCCTAAACAAGCTA,5
Mux2-ATGCCTAACTGTAGCC,5
Mux2-ATGCCTAAAGTACAAG,5
Mux2-ATGCCTAAAACCGAGA,5
Mux2-ATGCCTAAAACGCTTA,5
Mux2-ATGCCTAAAAGACGGA,5
Mux2-ATGCCTAAAAGGTACA,5
Mux2-ATGCCTAAACACAGAA,5
Mux2-ATGCCTAAACAGCAGA,5
Mux2-ATGCCTAAAAACATCG,5
Mux2-ATGCCTAAACCTCCAA,5
Mux2-ATGCCTAAACGCTCGA,5
Mux2-ATGCCTAAACGTATCA,5
Mux2-ATGCCTAAACTATGCA,5
Mux2-ATGCCTAAAGTCACTA,1
Mux2-ATGCCTAAATCCTGTA,1
Mux2-ATGCCTAAATTGAGGA,1
Mux2-ATGCCTAAATGCCTAA,5
Mux2-ATGCCTAACAACCACA,1
Mux2-ATGCCTAAGACTAGTA,1
Mux2-ATGCCTAACAATGGAA,1
Mux2-ATGCCTAACACTTCGA,1
Mux2-ATGCCTAACAGCGTTA,1
Mux2-ATGCCTAACATACCAA,1
Mux2-ATGCCTAACCAGTTCA,1
Mux2-ATGCCTAACCGAAGTA,1
Mux2-ATGCCTAACCGTGAGA,1
Mux2-ATGCCTAACCTCCTGA,1
Mux2-ATGCCTAAAGTGGTCA,5
Mux2-ATGCCTAACGAACTTA,1
Mux2-ATGCCTAACGACTGGA,1
Mux2-ATGCCTAAGAATCTGA,9
Mux2-ATGCCTAACAAGACTA,9
Mux2-ATGCCTAAGAGCTGAA,9
Mux2-ATGCCTAAGATAGACA,9
Mux2-ATGCCTAAACCACTGT,5
Mux2-ATGCCTAAGCCACATA,9
Mux2-ATGCCTAAACATTGGC,5
Mux2-ATGCCTAACAGATCTG,5
Mux2-ATGCCTAACATCAAGT,5
Mux2-ATGCCTAACGCTGATC,5
Mux2-CGAACTTAAACGTGAT,10
Mux2-CGAACTTAACAAGCTA,10
Mux2-CGAACTTACTGTAGCC,10
Mux2-CGAACTTAAGTACAAG,10
Mux2-CGAACTTAAACAACCA,10
Mux2-CGAACTTAAACCGAGA,10
Mux2-CGAACTTAAACGCTTA,10
Mux2-CGAACTTAAAGACGGA,10
Mux2-CGAACTTAAAGGTACA,10
Mux2-CGAACTTAACAGCAGA,4
Mux2-CGAACTTAAAACATCG,10
Mux2-CGAACTTAACCTCCAA,4
Mux2-CGAACTTAACGCTCGA,4
Mux2-CGAACTTAACTATGCA,10
Mux2-CGAACTTAAGAGTCAA,4
Mux2-CGAACTTAAGATCGCA,4
Mux2-CGAACTTAAGCAGGAA,4
Mux2-CGAACTTAAGTCACTA,0
Mux2-CGAACTTAATCCTGTA,0
Mux2-CGAACTTAATTGAGGA,0
Mux2-CGAACTTAATGCCTAA,10
Mux2-CGAACTTACAACCACA,0
Mux2-CGAACTTAGACTAGTA,0
Mux2-CGAACTTACAATGGAA,0
Mux2-CGAACTTACACTTCGA,0
Mux2-CGAACTTACAGCGTTA,0
Mux2-CGAACTTACATACCAA,0
Mux2-CGAACTTACCAGTTCA,0
Mux2-CGAACTTACCGAAGTA,11
Mux2-CGAACTTACCGTGAGA,11
Mux2-CGAACTTACCTCCTGA,11
Mux2-CGAACTTAAGTGGTCA,10
Mux2-CGAACTTACGAACTTA,1
Mux2-CGAACTTACGACTGGA,1
Mux2-CGAACTTACGCATACA,1
Mux2-CGAACTTACTCAATGA,1
Mux2-CGAACTTACTGAGCCA,1
Mux2-CGAACTTACTGGCATA,1
Mux2-CGAACTTAGAATCTGA,1
Mux2-CGAACTTACAAGACTA,8
Mux2-CGAACTTAGAGCTGAA,8
Mux2-CGAACTTAACCACTGT,10
Mux2-CGAACTTAACATTGGC,10
Mux2-CGAACTTACAGATCTG,10
Mux2-CGAACTTACATCAAGT,10
Mux2-CGAACTTACGCTGATC,10
Mux2-CGACTGGAAACGTGAT,10
Mux2-CGACTGGAACAAGCTA,10
Mux2-CGACTGGACTGTAGCC,10
Mux2-CGACTGGAAGTACAAG,10
Mux2-CGACTGGAAACAACCA,10
Mux2-CGACTGGAAACCGAGA,10
Mux2-CGACTGGAAACGCTTA,10
Mux2-CGACTGGAAAGACGGA,10
Mux2-CGACTGGAAAGGTACA,10
Mux2-CGACTGGAACACAGAA,10
Mux2-CGACTGGAACAGCAGA,10
Mux2-CGACTGGAAAACATCG,10
Mux2-CGACTGGAACCTCCAA,10
Mux2-CGACTGGAACGCTCGA,10
Mux2-CGACTGGAACTATGCA,10
Mux2-CGACTGGAAGAGTCAA,10
Mux2-CGACTGGAAGATCGCA,10
Mux2-CGACTGGAAGCAGGAA,4
Mux2-CGACTGGAAGTCACTA,0
Mux2-CGACTGGAATCCTGTA,0
Mux2-CGACTGGAATTGAGGA,0
Mux2-CGACTGGAATGCCTAA,10
Mux2-CGACTGGACAACCACA,0
Mux2-CGACTGGAGACTAGTA,0
Mux2-CGACTGGACAATGGAA,0
Mux2-CGACTGGACACTTCGA,0
Mux2-CGACTGGACATACCAA,0
Mux2-CGACTGGACCAGTTCA,0
Mux2-CGACTGGACCGAAGTA,11
Mux2-CGACTGGACCGTGAGA,11
Mux2-CGACTGGACCTCCTGA,11
Mux2-CGACTGGAAGTGGTCA,10
Mux2-CGACTGGACGAACTTA,1
Mux2-CGACTGGACGACTGGA,1
Mux2-CGACTGGACGCATACA,1
Mux2-CGACTGGACTCAATGA,1
Mux2-CGACTGGACTGAGCCA,1
Mux2-CGACTGGACTGGCATA,1
Mux2-CGACTGGAGAATCTGA,1
Mux2-CGACTGGAGAGCTGAA,9
Mux2-CGACTGGAACCACTGT,10
Mux2-CGACTGGAACATTGGC,10
Mux2-CGACTGGACAGATCTG,10
Mux2-CGACTGGACATCAAGT,10
Mux2-CGACTGGACGCTGATC,10
Mux2-CGCATACAAACGTGAT,10
Mux2-CGCATACAACAAGCTA,10
Mux2-CGCATACACTGTAGCC,10
Mux2-CGCATACAAGTACAAG,10
Mux2-CGCATACAAACAACCA,10
Mux2-CGCATACAAACCGAGA,10
Mux2-CGCATACAAACGCTTA,10
Mux2-CGCATACAAAGACGGA,10
Mux2-CGCATACAAAGGTACA,10
Mux2-CGCATACAACACAGAA,10
Mux2-CGCATACAACAGCAGA,10
Mux2-CGCATACAAAACATCG,10
Mux2-CGCATACAACCTCCAA,10
Mux2-CGCATACAACGCTCGA,10
Mux2-CGCATACAACGTATCA,10
Mux2-CGCATACAACTATGCA,10
Mux2-CGCATACAAGAGTCAA,10
Mux2-CGCATACAAGATCGCA,10
Mux2-CGCATACAAGCAGGAA,0
Mux2-CGCATACAAGTCACTA,0
Mux2-CGCATACAATCCTGTA,0
Mux2-CGCATACAATTGAGGA,0
Mux2-CGCATACAATGCCTAA,10
Mux2-CGCATACACAACCACA,0
Mux2-CGCATACAGACTAGTA,0
Mux2-CGCATACACAATGGAA,0
Mux2-CGCATACACACTTCGA,0
Mux2-CGCATACACATACCAA,0
Mux2-CGCATACACCAGTTCA,11
Mux2-CGCATACACCGAAGTA,11
Mux2-CGCATACACCGTGAGA,11
Mux2-CGCATACACCTCCTGA,11
Mux2-CGCATACAAGTGGTCA,10
Mux2-CGCATACACGAACTTA,1
Mux2-CGCATACACGACTGGA,1
Mux2-CGCATACACGCATACA,1
Mux2-CGCATACACTCAATGA,1
Mux2-CGCATACACTGAGCCA,1
Mux2-CGCATACACTGGCATA,1
Mux2-CGCATACAGAATCTGA,1
Mux2-CGCATACACAAGACTA,1
Mux2-CGCATACAGAGCTGAA,9
Mux2-CGCATACAACCACTGT,10
Mux2-CGCATACAACATTGGC,10
Mux2-CGCATACACAGATCTG,10
Mux2-CGCATACACATCAAGT,10
Mux2-CGCATACACGCTGATC,10
Mux2-CTCAATGAAACGTGAT,10
Mux2-CTCAATGAACAAGCTA,10
Mux2-CTCAATGACTGTAGCC,10
Mux2-CTCAATGAAGTACAAG,10
Mux2-CTCAATGAAACAACCA,10
Mux2-CTCAATGAAACCGAGA,10
Mux2-CTCAATGAAACGCTTA,10
Mux2-CTCAATGAAAGACGGA,10
Mux2-CTCAATGAAAGGTACA,10
Mux2-CTCAATGAACACAGAA,10
Mux2-CTCAATGAACAGCAGA,10
Mux2-CTCAATGAAAACATCG,10
Mux2-CTCAATGAACCTCCAA,10
Mux2-CTCAATGAACGCTCGA,10
Mux2-CTCAATGAACGTATCA,10
Mux2-CTCAATGAACTATGCA,10
Mux2-CTCAATGAAGAGTCAA,10
Mux2-CTCAATGAAGATCGCA,10
Mux2-CTCAATGAAGCAGGAA,0
Mux2-CTCAATGAAGTCACTA,0
Mux2-CTCAATGAATCCTGTA,0
Mux2-CTCAATGAATTGAGGA,0
Mux2-CTCAATGAATGCCTAA,10
Mux2-CTCAATGACAACCACA,0
Mux2-CTCAATGAGACTAGTA,0
Mux2-CTCAATGACAATGGAA,0
Mux2-CTCAATGACACTTCGA,0
Mux2-CTCAATGACAGCGTTA,0
Mux2-CTCAATGACATACCAA,0
Mux2-CTCAATGACCAGTTCA,0
Mux2-CTCAATGACCGAAGTA,11
Mux2-CTCAATGACCGTGAGA,11
Mux2-CTCAATGACCTCCTGA,11
Mux2-CTCAATGAAGTGGTCA,10
Mux2-CTCAATGACGAACTTA,1
Mux2-CTCAATGACGACTGGA,1
Mux2-CTCAATGACGCATACA,1
Mux2-CTCAATGACTCAATGA,1
Mux2-CTCAATGACTGAGCCA,1
Mux2-CTCAATGACTGGCATA,1
Mux2-CTCAATGAGAATCTGA,1
Mux2-CTCAATGACAAGACTA,1
Mux2-CTCAATGAACCACTGT,10
Mux2-CTCAATGAACATTGGC,10
Mux2-CTCAATGACAGATCTG,10
Mux2-CTCAATGACATCAAGT,10
Mux2-CTCAATGACGCTGATC,10
Mux2-CTGAGCCAAACGTGAT,10
Mux2-CTGAGCCAACAAGCTA,10
Mux2-CTGAGCCACTGTAGCC,10
Mux2-CTGAGCCAAGTACAAG,10
Mux2-CTGAGCCAAACAACCA,10
Mux2-CTGAGCCAAACCGAGA,10
Mux2-CTGAGCCAAACGCTTA,10
Mux2-CTGAGCCAAAGACGGA,10
Mux2-CTGAGCCAAAGGTACA,10
Mux2-CTGAGCCAACACAGAA,10
Mux2-CTGAGCCAACAGCAGA,10
Mux2-CTGAGCCAAAACATCG,10
Mux2-CTGAGCCAACCTCCAA,10
Mux2-CTGAGCCAACGCTCGA,10
Mux2-CTGAGCCAACGTATCA,10
Mux2-CTGAGCCAACTATGCA,10
Mux2-CTGAGCCAAGAGTCAA,10
Mux2-CTGAGCCAAGATCGCA,10
Mux2-CTGAGCCAAGCAGGAA,0
Mux2-CTGAGCCAAGTCACTA,0
Mux2-CTGAGCCAATCCTGTA,0
Mux2-CTGAGCCAATTGAGGA,0
Mux2-CTGAGCCAATGCCTAA,10
Mux2-CTGAGCCACAACCACA,0
Mux2-CTGAGCCAGACTAGTA,0
Mux2-CTGAGCCACAATGGAA,0
Mux2-CTGAGCCACACTTCGA,0
Mux2-CTGAGCCACAGCGTTA,0
Mux2-CTGAGCCACATACCAA,0
Mux2-CTGAGCCACCAGTTCA,11
Mux2-CTGAGCCACCGAAGTA,11
Mux2-CTGAGCCACCGTGAGA,11
Mux2-CTGAGCCACCTCCTGA,11
Mux2-CTGAGCCAAGTGGTCA,10
Mux2-CTGAGCCACGAACTTA,1
Mux2-CTGAGCCACGACTGGA,1
Mux2-CTGAGCCACGCATACA,1
Mux2-CTGAGCCACTCAATGA,1
Mux2-CTGAGCCACTGAGCCA,1
Mux2-CTGAGCCACTGGCATA,1
Mux2-CTGAGCCAGAATCTGA,1
Mux2-CTGAGCCACAAGACTA,1
Mux2-CTGAGCCAACCACTGT,10
Mux2-CTGAGCCAACATTGGC,10
Mux2-CTGAGCCACAGATCTG,10
Mux2-CTGAGCCACATCAAGT,10
Mux2-CTGAGCCACGCTGATC,10
Mux2-CTGGCATAAACGTGAT,10
Mux2-CTGGCATAACAAGCTA,10
Mux2-CTGGCATACTGTAGCC,10
Mux2-CTGGCATAAGTACAAG,10
Mux2-CTGGCATAAACAACCA,10
Mux2-CTGGCATAAACCGAGA,10
Mux2-CTGGCATAAACGCTTA,10
Mux2-CTGGCATAAAGACGGA,10
Mux2-CTGGCATAAAGGTACA,10
Mux2-CTGGCATAACACAGAA,10
Mux2-CTGGCATAACAGCAGA,10
Mux2-CTGGCATAAAACATCG,10
Mux2-CTGGCATAACCTCCAA,10
Mux2-CTGGCATAACGCTCGA,10
Mux2-CTGGCATAACGTATCA,10
Mux2-CTGGCATAACTATGCA,10
Mux2-CTGGCATAAGAGTCAA,10
Mux2-CTGGCATAAGATCGCA,10
Mux2-CTGGCATAAGCAGGAA,0
Mux2-CTGGCATAAGTCACTA,0
Mux2-CTGGCATAATCCTGTA,0
Mux2-CTGGCATAATTGAGGA,0
Mux2-CTGGCATAATGCCTAA,10
Mux2-CTGGCATACAACCACA,0
Mux2-CTGGCATAGACTAGTA,0
Mux2-CTGGCATACAATGGAA,0
Mux2-CTGGCATACACTTCGA,0
Mux2-CTGGCATACAGCGTTA,0
Mux2-CTGGCATACCAGTTCA,11
Mux2-CTGGCATACCGAAGTA,11
Mux2-CTGGCATACCGTGAGA,11
Mux2-CTGGCATACCTCCTGA,11
Mux2-CTGGCATAAGTGGTCA,10
Mux2-CTGGCATACGAACTTA,1
Mux2-CTGGCATACGACTGGA,1
Mux2-CTGGCATACGCATACA,1
Mux2-CTGGCATACTCAATGA,1
Mux2-CTGGCATACTGAGCCA,1
Mux2-CTGGCATACTGGCATA,1
Mux2-CTGGCATAGAATCTGA,1
Mux2-CTGGCATACAAGACTA,1
Mux2-CTGGCATAACCACTGT,10
Mux2-CTGGCATAACATTGGC,10
Mux2-CTGGCATACAGATCTG,10
Mux2-CTGGCATACATCAAGT,10
Mux2-CTGGCATACGCTGATC,10
Mux2-GAATCTGAAACGTGAT,10
Mux2-GAATCTGAACAAGCTA,10
Mux2-GAATCTGACTGTAGCC,10
Mux2-GAATCTGAAGTACAAG,10
Mux2-GAATCTGAAACAACCA,10
Mux2-GAATCTGAAACCGAGA,10
Mux2-GAATCTGAAACGCTTA,10
Mux2-GAATCTGAAAGACGGA,10
Mux2-GAATCTGAAAGGTACA,10
Mux2-GAATCTGAACACAGAA,10
Mux2-GAATCTGAACAGCAGA,10
Mux2-GAATCTGAAAACATCG,10
Mux2-GAATCTGAACCTCCAA,10
Mux2-GAATCTGAACGCTCGA,10
Mux2-GAATCTGAACGTATCA,10
Mux2-GAATCTGAACTATGCA,10
Mux2-GAATCTGAAGAGTCAA,10
Mux2-GAATCTGAAGATCGCA,10
Mux2-GAATCTGAAGCAGGAA,0
Mux2-GAATCTGAAGTCACTA,0
Mux2-GAATCTGAATCCTGTA,0
Mux2-GAATCTGAATTGAGGA,0
Mux2-GAATCTGAATGCCTAA,10
Mux2-GAATCTGACAACCACA,0
Mux2-GAATCTGAGACTAGTA,0
Mux2-GAATCTGACAATGGAA,0
Mux2-GAATCTGACACTTCGA,0
Mux2-GAATCTGACAGCGTTA,0
Mux2-GAATCTGACATACCAA,0
Mux2-GAATCTGACCAGTTCA,11
Mux2-GAATCTGACCGAAGTA,11
Mux2-GAATCTGACCGTGAGA,11
Mux2-GAATCTGACCTCCTGA,11
Mux2-GAATCTGAAGTGGTCA,10
Mux2-GAATCTGACGAACTTA,1
Mux2-GAATCTGACGACTGGA,1
Mux2-GAATCTGACGCATACA,1
Mux2-GAATCTGACTCAATGA,1
Mux2-GAATCTGACTGAGCCA,1
Mux2-GAATCTGACTGGCATA,1
Mux2-GAATCTGAGAATCTGA,1
Mux2-GAATCTGACAAGACTA,1
Mux2-GAATCTGAACCACTGT,10
Mux2-GAATCTGAACATTGGC,10
Mux2-GAATCTGACAGATCTG,10
Mux2-GAATCTGACATCAAGT,10
Mux2-GAATCTGACGCTGATC,10
Mux2-CAAGACTAAACGTGAT,10
Mux2-CAAGACTAACAAGCTA,10
Mux2-CAAGACTAAGTACAAG,10
Mux2-CAAGACTAAACAACCA,10
Mux2-CAAGACTAAACCGAGA,10
Mux2-CAAGACTAAACGCTTA,10
Mux2-CAAGACTAACACAGAA,10
Mux2-CAAGACTAACAGCAGA,10
Mux2-CAAGACTAAAACATCG,10
Mux2-CAAGACTAACCTCCAA,10
Mux2-CAAGACTAACGCTCGA,10
Mux2-CAAGACTAACGTATCA,10
Mux2-CAAGACTAACTATGCA,10
Mux2-CAAGACTAAGAGTCAA,10
Mux2-CAAGACTAAGATCGCA,10
Mux2-CAAGACTAAGCAGGAA,0
Mux2-CAAGACTAAGTCACTA,0
Mux2-CAAGACTAATCCTGTA,0
Mux2-CAAGACTAATTGAGGA,0
Mux2-CAAGACTAATGCCTAA,10
Mux2-CAAGACTACAACCACA,0
Mux2-CAAGACTAGACTAGTA,0
Mux2-CAAGACTACAATGGAA,0
Mux2-CAAGACTACACTTCGA,0
Mux2-CAAGACTACAGCGTTA,0
Mux2-CAAGACTACATACCAA,0
Mux2-CAAGACTACCAGTTCA,11
Mux2-CAAGACTACCGAAGTA,11
Mux2-CAAGACTACCGTGAGA,11
Mux2-CAAGACTACCTCCTGA,11
Mux2-CAAGACTAAGTGGTCA,10
Mux2-CAAGACTACGAACTTA,1
Mux2-CAAGACTACGACTGGA,1
Mux2-CAAGACTACGCATACA,1
Mux2-CAAGACTACTCAATGA,1
Mux2-CAAGACTACTGAGCCA,1
Mux2-CAAGACTACTGGCATA,1
Mux2-CAAGACTAGAATCTGA,1
Mux2-CAAGACTAACCACTGT,10
Mux2-CAAGACTAACATTGGC,10
Mux2-CAAGACTACAGATCTG,10
Mux2-CAAGACTACATCAAGT,10
Mux2-CAAGACTACGCTGATC,10
Mux2-GAGCTGAAAACGTGAT,10
Mux2-GAGCTGAAACAAGCTA,10
Mux2-GAGCTGAACTGTAGCC,10
Mux2-GAGCTGAAAGTACAAG,10
Mux2-GAGCTGAAAACAACCA,10
Mux2-GAGCTGAAAACGCTTA,10
Mux2-GAGCTGAAAAGACGGA,10
Mux2-GAGCTGAAAAGGTACA,10
Mux2-GAGCTGAAACACAGAA,10
Mux2-GAGCTGAAACAGCAGA,10
Mux2-GAGCTGAAAAACATCG,10
Mux2-GAGCTGAAACCTCCAA,10
Mux2-GAGCTGAAACGCTCGA,10
Mux2-GAGCTGAAACGTATCA,10
Mux2-GAGCTGAAACTATGCA,10
Mux2-GAGCTGAAAGAGTCAA,10
Mux2-GAGCTGAAAGATCGCA,10
Mux2-GAGCTGAAAGCAGGAA,0
Mux2-GAGCTGAAAGTCACTA,0
Mux2-GAGCTGAAATCCTGTA,0
Mux2-GAGCTGAAATGCCTAA,10
Mux2-GAGCTGAACAACCACA,0
Mux2-GAGCTGAAGACTAGTA,0
Mux2-GAGCTGAACAATGGAA,0
Mux2-GAGCTGAACACTTCGA,0
Mux2-GAGCTGAACAGCGTTA,0
Mux2-GAGCTGAACATACCAA,11
Mux2-GAGCTGAACCAGTTCA,11
Mux2-GAGCTGAACCGAAGTA,11
Mux2-GAGCTGAACCGTGAGA,11
Mux2-GAGCTGAACCTCCTGA,11
Mux2-GAGCTGAAAGTGGTCA,10
Mux2-GAGCTGAACGAACTTA,1
Mux2-GAGCTGAACGACTGGA,1
Mux2-GAGCTGAACGCATACA,1
Mux2-GAGCTGAACTCAATGA,1
Mux2-GAGCTGAACTGAGCCA,1
Mux2-GAGCTGAACTGGCATA,1
Mux2-GAGCTGAAGAATCTGA,1
Mux2-GAGCTGAAACCACTGT,10
Mux2-GAGCTGAAACATTGGC,10
Mux2-GAGCTGAACAGATCTG,10
Mux2-GAGCTGAACATCAAGT,10
Mux2-GAGCTGAACGCTGATC,10
Mux2-GATAGACAAACGTGAT,10
Mux2-GATAGACAACAAGCTA,10
Mux2-GATAGACACTGTAGCC,10
Mux2-GATAGACAAGTACAAG,10
Mux2-GATAGACAAACAACCA,10
Mux2-GATAGACAAACCGAGA,10
Mux2-GATAGACAAACGCTTA,10
Mux2-GATAGACAAAGACGGA,10
Mux2-GATAGACAAAGGTACA,10
Mux2-GATAGACAACACAGAA,10
Mux2-GATAGACAACAGCAGA,10
Mux2-GATAGACAAAACATCG,10
Mux2-GATAGACAACCTCCAA,10
Mux2-GATAGACAACGCTCGA,10
Mux2-GATAGACAACGTATCA,10
Mux2-GATAGACAACTATGCA,10
Mux2-GATAGACAAGAGTCAA,10
Mux2-GATAGACAAGATCGCA,10
Mux2-GATAGACAAGCAGGAA,0
Mux2-GATAGACAAGTCACTA,0
Mux2-GATAGACAATTGAGGA,0
Mux2-GATAGACAATGCCTAA,10
Mux2-GATAGACACAACCACA,0
Mux2-GATAGACAGACTAGTA,0
Mux2-GATAGACACAATGGAA,0
Mux2-GATAGACACACTTCGA,0
Mux2-GATAGACACAGCGTTA,0
Mux2-GATAGACACATACCAA,11
Mux2-GATAGACACCAGTTCA,11
Mux2-GATAGACACCGAAGTA,11
Mux2-GATAGACACCGTGAGA,11
Mux2-GATAGACACCTCCTGA,11
Mux2-GATAGACAAGTGGTCA,10
Mux2-GATAGACACGAACTTA,1
Mux2-GATAGACACGACTGGA,1
Mux2-GATAGACACGCATACA,1
Mux2-GATAGACACTCAATGA,1
Mux2-GATAGACACTGAGCCA,1
Mux2-GATAGACACTGGCATA,1
Mux2-GATAGACAGAATCTGA,1
Mux2-GATAGACAACCACTGT,10
Mux2-GATAGACAACATTGGC,10
Mux2-GATAGACACAGATCTG,10
Mux2-GATAGACACATCAAGT,10
Mux2-GATAGACACGCTGATC,10
Mux2-AGTGGTCAAACGTGAT,5
Mux2-AGTGGTCAACAAGCTA,5
Mux2-AGTGGTCACTGTAGCC,5
Mux2-AGTGGTCAAGTACAAG,5
Mux2-AGTGGTCAAACAACCA,5
Mux2-AGTGGTCAAACCGAGA,5
Mux2-AGTGGTCAAACGCTTA,5
Mux2-AGTGGTCAAAGACGGA,5
Mux2-AGTGGTCAAAGGTACA,5
Mux2-AGTGGTCAACACAGAA,5
Mux2-AGTGGTCAACAGCAGA,5
Mux2-AGTGGTCAAAACATCG,5
Mux2-AGTGGTCAACCTCCAA,5
Mux2-AGTGGTCAACGCTCGA,5
Mux2-AGTGGTCAACGTATCA,5
Mux2-AGTGGTCAACTATGCA,5
Mux2-AGTGGTCAAGAGTCAA,5
Mux2-AGTGGTCAAGATCGCA,5
Mux2-AGTGGTCAATCCTGTA,1
Mux2-AGTGGTCAATTGAGGA,1
Mux2-AGTGGTCAATGCCTAA,5
Mux2-AGTGGTCAGACTAGTA,1
Mux2-AGTGGTCACAATGGAA,1
Mux2-AGTGGTCACACTTCGA,1
Mux2-AGTGGTCACAGCGTTA,1
Mux2-AGTGGTCACATACCAA,1
Mux2-AGTGGTCACCAGTTCA,1
Mux2-AGTGGTCACCGAAGTA,1
Mux2-AGTGGTCACCGTGAGA,1
Mux2-AGTGGTCACCTCCTGA,1
Mux2-AGTGGTCAAGTGGTCA,5
Mux2-AGTGGTCACGAACTTA,1
Mux2-AGTGGTCACGACTGGA,1
Mux2-AGTGGTCACGCATACA,1
Mux2-AGTGGTCACTCAATGA,1
Mux2-AGTGGTCACTGAGCCA,1
Mux2-AGTGGTCACTGGCATA,1
Mux2-AGTGGTCAGAATCTGA,1
Mux2-AGTGGTCACAAGACTA,9
Mux2-AGTGGTCAGAGCTGAA,9
Mux2-AGTGGTCAGATAGACA,9
Mux2-AGTGGTCAACCACTGT,5
Mux2-AGTGGTCAGCCACATA,1
Mux2-AGTGGTCAACATTGGC,5
Mux2-AGTGGTCACAGATCTG,5
Mux2-AGTGGTCACATCAAGT,5
Mux2-AGTGGTCACGCTGATC,5
Mux2-GCCACATAAACGTGAT,10
Mux2-GCCACATAACAAGCTA,10
Mux2-GCCACATACTGTAGCC,10
Mux2-GCCACATAAGTACAAG,10
Mux2-GCCACATAAACAACCA,10
Mux2-GCCACATAAACCGAGA,10
Mux2-GCCACATAAACGCTTA,10
Mux2-GCCACATAAAGACGGA,10
Mux2-GCCACATAAAGGTACA,10
Mux2-GCCACATAACACAGAA,10
Mux2-GCCACATAACAGCAGA,10
Mux2-GCCACATAAAACATCG,10
Mux2-GCCACATAACCTCCAA,10
Mux2-GCCACATAACGCTCGA,10
Mux2-GCCACATAACGTATCA,10
Mux2-GCCACATAACTATGCA,10
Mux2-GCCACATAAGAGTCAA,10
Mux2-GCCACATAAGATCGCA,10
Mux2-GCCACATAAGCAGGAA,10
Mux2-GCCACATAAGTCACTA,0
Mux2-GCCACATAATCCTGTA,0
Mux2-GCCACATAATGCCTAA,10
Mux2-GCCACATACAACCACA,0
Mux2-GCCACATAGACTAGTA,0
Mux2-GCCACATACAATGGAA,0
Mux2-GCCACATACACTTCGA,0
Mux2-GCCACATACAGCGTTA,11
Mux2-GCCACATACATACCAA,11
Mux2-GCCACATACCAGTTCA,11
Mux2-GCCACATACCGAAGTA,11
Mux2-GCCACATACCGTGAGA,11
Mux2-GCCACATACCTCCTGA,1
Mux2-GCCACATAAGTGGTCA,10
Mux2-GCCACATACGACTGGA,1
Mux2-GCCACATACGCATACA,1
Mux2-GCCACATACTCAATGA,1
Mux2-GCCACATACTGAGCCA,1
Mux2-GCCACATACTGGCATA,1
Mux2-GCCACATAACCACTGT,10
Mux2-GCCACATAACATTGGC,10
Mux2-GCCACATACAGATCTG,10
Mux2-GCCACATACATCAAGT,10
Mux2-GCCACATACGCTGATC,10
Mux2-ACCACTGTAACGTGAT,5
Mux2-ACCACTGTACAAGCTA,5
Mux2-ACCACTGTCTGTAGCC,5
Mux2-ACCACTGTAGTACAAG,5
Mux2-ACCACTGTAACAACCA,5
Mux2-ACCACTGTAACCGAGA,5
Mux2-ACCACTGTAACGCTTA,5
Mux2-ACCACTGTAAGACGGA,5
Mux2-ACCACTGTAAGGTACA,5
Mux2-ACCACTGTACACAGAA,5
Mux2-ACCACTGTACAGCAGA,5
Mux2-ACCACTGTAAACATCG,5
Mux2-ACCACTGTACCTCCAA,5
Mux2-ACCACTGTACGCTCGA,5
Mux2-ACCACTGTACGTATCA,5
Mux2-ACCACTGTACTATGCA,5
Mux2-ACCACTGTAGAGTCAA,5
Mux2-ACCACTGTAGATCGCA,5
Mux2-ACCACTGTAGCAGGAA,5
Mux2-ACCACTGTATTGAGGA,1
Mux2-ACCACTGTATGCCTAA,5
Mux2-ACCACTGTCAACCACA,1
Mux2-ACCACTGTGACTAGTA,1
Mux2-ACCACTGTCAATGGAA,1
Mux2-ACCACTGTCACTTCGA,1
Mux2-ACCACTGTCAGCGTTA,1
Mux2-ACCACTGTCATACCAA,1
Mux2-ACCACTGTCCAGTTCA,1
Mux2-ACCACTGTCCGAAGTA,1
Mux2-ACCACTGTCCGTGAGA,1
Mux2-ACCACTGTCCTCCTGA,1
Mux2-ACCACTGTAGTGGTCA,5
Mux2-ACCACTGTCGAACTTA,1
Mux2-ACCACTGTCGACTGGA,1
Mux2-ACCACTGTCGCATACA,1
Mux2-ACCACTGTCTCAATGA,1
Mux2-ACCACTGTCTGAGCCA,1
Mux2-ACCACTGTCTGGCATA,1
Mux2-ACCACTGTGAATCTGA,1
Mux2-ACCACTGTCAAGACTA,1
Mux2-ACCACTGTGAGCTGAA,1
Mux2-ACCACTGTGATAGACA,1
Mux2-ACCACTGTACCACTGT,5
Mux2-ACCACTGTGCCACATA,1
Mux2-ACCACTGTACATTGGC,5
Mux2-ACCACTGTCAGATCTG,5
Mux2-ACCACTGTCATCAAGT,5
Mux2-ACCACTGTCGCTGATC,5
Mux2-ACATTGGCAACGTGAT,5
Mux2-ACATTGGCACAAGCTA,5
Mux2-ACATTGGCCTGTAGCC,5
Mux2-ACATTGGCAGTACAAG,5
Mux2-ACATTGGCAACAACCA,5
Mux2-ACATTGGCAACCGAGA,5
Mux2-ACATTGGCAACGCTTA,5
Mux2-ACATTGGCAAGACGGA,5
Mux2-ACATTGGCAAGGTACA,5
Mux2-ACATTGGCACACAGAA,5
Mux2-ACATTGGCACAGCAGA,5
Mux2-ACATTGGCAAACATCG,5
Mux2-ACATTGGCACCTCCAA,5
Mux2-ACATTGGCACGCTCGA,5
Mux2-ACATTGGCACGTATCA,5
Mux2-ACATTGGCACTATGCA,5
Mux2-ACATTGGCAGAGTCAA,5
Mux2-ACATTGGCAGATCGCA,5
Mux2-ACATTGGCAGCAGGAA,5
Mux2-ACATTGGCAGTCACTA,8
Mux2-ACATTGGCATGCCTAA,5
Mux2-ACATTGGCCAACCACA,1
Mux2-ACATTGGCGACTAGTA,1
Mux2-ACATTGGCCACTTCGA,1
Mux2-ACATTGGCCAGCGTTA,1
Mux2-ACATTGGCCATACCAA,1
Mux2-ACATTGGCCCAGTTCA,1
Mux2-ACATTGGCCCGAAGTA,1
Mux2-ACATTGGCCCGTGAGA,1
Mux2-ACATTGGCCCTCCTGA,1
Mux2-ACATTGGCAGTGGTCA,5
Mux2-ACATTGGCCGAACTTA,1
Mux2-ACATTGGCCGACTGGA,1
Mux2-ACATTGGCCGCATACA,1
Mux2-ACATTGGCCTCAATGA,1
Mux2-ACATTGGCCTGAGCCA,1
Mux2-ACATTGGCCTGGCATA,1
Mux2-ACATTGGCGAATCTGA,1
Mux2-ACATTGGCCAAGACTA,1
Mux2-ACATTGGCGAGCTGAA,1
Mux2-ACATTGGCGATAGACA,1
Mux2-ACATTGGCACCACTGT,5
Mux2-ACATTGGCGCCACATA,1
Mux2-ACATTGGCACATTGGC,5
Mux2-ACATTGGCCAGATCTG,5
Mux2-ACATTGGCCATCAAGT,5
Mux2-ACATTGGCCGCTGATC,5
Mux2-CAGATCTGAACGTGAT,5
Mux2-CAGATCTGACAAGCTA,5
Mux2-CAGATCTGCTGTAGCC,5
Mux2-CAGATCTGAGTACAAG,5
Mux2-CAGATCTGAACAACCA,5
Mux2-CAGATCTGAACCGAGA,5
Mux2-CAGATCTGAACGCTTA,5
Mux2-CAGATCTGAAGACGGA,5
Mux2-CAGATCTGAAGGTACA,5
Mux2-CAGATCTGACACAGAA,5
Mux2-CAGATCTGACAGCAGA,5
Mux2-CAGATCTGAAACATCG,5
Mux2-CAGATCTGACCTCCAA,5
Mux2-CAGATCTGACGCTCGA,5
Mux2-CAGATCTGACGTATCA,5
Mux2-CAGATCTGACTATGCA,5
Mux2-CAGATCTGAGAGTCAA,5
Mux2-CAGATCTGAGATCGCA,5
Mux2-CAGATCTGAGTCACTA,8
Mux2-CAGATCTGATCCTGTA,8
Mux2-CAGATCTGATGCCTAA,5
Mux2-CAGATCTGCACTTCGA,8
Mux2-CAGATCTGCAGCGTTA,1
Mux2-CAGATCTGCATACCAA,1
Mux2-CAGATCTGCCAGTTCA,1
Mux2-CAGATCTGCCGAAGTA,1
Mux2-CAGATCTGCCGTGAGA,1
Mux2-CAGATCTGCCTCCTGA,1
Mux2-CAGATCTGAGTGGTCA,5
Mux2-CAGATCTGCGAACTTA,1
Mux2-CAGATCTGCGACTGGA,1
Mux2-CAGATCTGCGCATACA,1
Mux2-CAGATCTGCTCAATGA,1
Mux2-CAGATCTGCTGAGCCA,1
Mux2-CAGATCTGCTGGCATA,1
Mux2-CAGATCTGGAATCTGA,1
Mux2-CAGATCTGCAAGACTA,1
Mux2-CAGATCTGGAGCTGAA,1
Mux2-CAGATCTGGATAGACA,1
Mux2-CAGATCTGACCACTGT,5
Mux2-CAGATCTGGCCACATA,1
Mux2-CAGATCTGACATTGGC,5
Mux2-CAGATCTGCAGATCTG,5
Mux2-CAGATCTGCATCAAGT,5
Mux2-CAGATCTGCGCTGATC,5
Mux2-CATCAAGTAACGTGAT,5
Mux2-CATCAAGTACAAGCTA,5
Mux2-CATCAAGTCTGTAGCC,5
Mux2-CATCAAGTAGTACAAG,5
Mux2-CATCAAGTAACAACCA,5
Mux2-CATCAAGTAACCGAGA,5
Mux2-CATCAAGTAACGCTTA,5
Mux2-CATCAAGTAAGACGGA,5
Mux2-CATCAAGTAAGGTACA,5
Mux2-CATCAAGTACACAGAA,5
Mux2-CATCAAGTACAGCAGA,5
Mux2-CATCAAGTAAACATCG,5
Mux2-CATCAAGTACCTCCAA,5
Mux2-CATCAAGTACGCTCGA,5
Mux2-CATCAAGTACGTATCA,5
Mux2-CATCAAGTACTATGCA,5
Mux2-CATCAAGTAGAGTCAA,5
Mux2-CATCAAGTAGATCGCA,5
Mux2-CATCAAGTAGCAGGAA,8
Mux2-CATCAAGTAGTCACTA,8
Mux2-CATCAAGTATCCTGTA,8
Mux2-CATCAAGTATTGAGGA,8
Mux2-CATCAAGTATGCCTAA,5
Mux2-CATCAAGTCAACCACA,8
Mux2-CATCAAGTGACTAGTA,8
Mux2-CATCAAGTCAATGGAA,8
Mux2-CATCAAGTCACTTCGA,8
Mux2-CATCAAGTCAGCGTTA,8
Mux2-CATCAAGTCATACCAA,8
Mux2-CATCAAGTCCAGTTCA,1
Mux2-CATCAAGTCCGAAGTA,8
Mux2-CATCAAGTCCGTGAGA,1
Mux2-CATCAAGTCCTCCTGA,1
Mux2-CATCAAGTAGTGGTCA,5
Mux2-CATCAAGTCGAACTTA,1
Mux2-CATCAAGTCGACTGGA,1
Mux2-CATCAAGTCGCATACA,1
Mux2-CATCAAGTCTCAATGA,1
Mux2-CATCAAGTCTGAGCCA,1
Mux2-CATCAAGTCTGGCATA,1
Mux2-CATCAAGTGAATCTGA,1
Mux2-CATCAAGTCAAGACTA,1
Mux2-CATCAAGTGAGCTGAA,1
Mux2-CATCAAGTGATAGACA,1
Mux2-CATCAAGTACCACTGT,5
Mux2-CATCAAGTGCCACATA,1
Mux2-CATCAAGTACATTGGC,5
Mux2-CATCAAGTCAGATCTG,5
Mux2-CATCAAGTCATCAAGT,5
Mux2-CATCAAGTCGCTGATC,5
Mux2-CGCTGATCAACGTGAT,5
Mux2-CGCTGATCACAAGCTA,5
Mux2-CGCTGATCCTGTAGCC,5
Mux2-CGCTGATCAGTACAAG,5
Mux2-CGCTGATCAACAACCA,5
Mux2-CGCTGATCAACCGAGA,5
Mux2-CGCTGATCAACGCTTA,5
Mux2-CGCTGATCAAGACGGA,5
Mux2-CGCTGATCAAGGTACA,5
Mux2-CGCTGATCACACAGAA,5
Mux2-CGCTGATCACAGCAGA,5
Mux2-CGCTGATCAAACATCG,5
Mux2-CGCTGATCACCTCCAA,5
Mux2-CGCTGATCACGCTCGA,5
Mux2-CGCTGATCACGTATCA,5
Mux2-CGCTGATCACTATGCA,5
Mux2-CGCTGATCAGAGTCAA,5
Mux2-CGCTGATCAGATCGCA,5
Mux2-CGCTGATCAGCAGGAA,5
Mux2-CGCTGATCAGTCACTA,8
Mux2-CGCTGATCATCCTGTA,8
Mux2-CGCTGATCATTGAGGA,8
Mux2-CGCTGATCATGCCTAA,5
Mux2-CGCTGATCCAACCACA,8
Mux2-CGCTGATCGACTAGTA,8
Mux2-CGCTGATCCAATGGAA,8
Mux2-CGCTGATCCACTTCGA,8
Mux2-CGCTGATCCAGCGTTA,8
Mux2-CGCTGATCCATACCAA,8
Mux2-CGCTGATCCCAGTTCA,8
Mux2-CGCTGATCCCGAAGTA,8
Mux2-CGCTGATCCCGTGAGA,8
Mux2-CGCTGATCCCTCCTGA,1
Mux2-CGCTGATCAGTGGTCA,5
Mux2-CGCTGATCCGAACTTA,1
Mux2-CGCTGATCCGACTGGA,1
Mux2-CGCTGATCCGCATACA,1
Mux2-CGCTGATCCTCAATGA,1
Mux2-CGCTGATCCTGAGCCA,1
Mux2-CGCTGATCCTGGCATA,1
Mux2-CGCTGATCGAATCTGA,1
Mux2-CGCTGATCCAAGACTA,1
Mux2-CGCTGATCGAGCTGAA,1
Mux2-CGCTGATCGATAGACA,1
Mux2-CGCTGATCACCACTGT,5
Mux2-CGCTGATCGCCACATA,1
Mux2-CGCTGATCACATTGGC,5
Mux2-CGCTGATCCAGATCTG,5
Mux2-CGCTGATCCATCAAGT,5
Mux2-CGCTGATCCGCTGATC,5
Mux4-ACAAGCTAACAAGCTA,8
Mux4-ACAAGCTACTGTAGCC,4
Mux4-ACAAGCTAAGTACAAG,4
Mux4-ACAAGCTAAACAACCA,4
Mux4-ACAAGCTAAACCGAGA,4
Mux4-ACAAGCTAAACGCTTA,4
Mux4-ACAAGCTAAAGACGGA,4
Mux4-ACAAGCTAAAGGTACA,4
Mux4-ACAAGCTAACACAGAA,4
Mux4-ACAAGCTAACAGCAGA,4
Mux4-ACAAGCTAAAACATCG,8
Mux4-ACAAGCTAACCTCCAA,4
Mux4-ACAAGCTAACGCTCGA,4
Mux4-ACAAGCTAACGTATCA,4
Mux4-ACAAGCTAACTATGCA,6
Mux4-ACAAGCTAAGAGTCAA,6
Mux4-ACAAGCTAAGATCGCA,6
Mux4-ACAAGCTAAGCAGGAA,6
Mux4-ACAAGCTAAGTCACTA,6
Mux4-ACAAGCTAATCCTGTA,6
Mux4-ACAAGCTAATTGAGGA,6
Mux4-ACAAGCTAATGCCTAA,8
Mux4-ACAAGCTACAACCACA,6
Mux4-ACAAGCTAGACTAGTA,6
Mux4-ACAAGCTACAATGGAA,6
Mux4-ACAAGCTACACTTCGA,6
Mux4-ACAAGCTACAGCGTTA,6
Mux4-ACAAGCTACATACCAA,6
Mux4-ACAAGCTACCAGTTCA,6
Mux4-ACAAGCTACCGAAGTA,6
Mux4-ACAAGCTACCGTGAGA,6
Mux4-ACAAGCTACCTCCTGA,6
Mux4-ACAAGCTAAGTGGTCA,8
Mux4-ACAAGCTACGAACTTA,6
Mux4-ACAAGCTACGACTGGA,6
Mux4-ACAAGCTACGCATACA,6
Mux4-ACAAGCTACTCAATGA,6
Mux4-ACAAGCTACTGAGCCA,6
Mux4-ACAAGCTACTGGCATA,6
Mux4-ACAAGCTAGAATCTGA,6
Mux4-ACAAGCTACAAGACTA,6
Mux4-ACAAGCTAGAGCTGAA,6
Mux4-ACAAGCTAGATAGACA,6
Mux4-ACAAGCTAACCACTGT,1
Mux4-ACAAGCTAGCCACATA,6
Mux4-ACAAGCTAACATTGGC,8
Mux4-ACAAGCTACAGATCTG,8
Mux4-ACAAGCTACATCAAGT,8
Mux4-ACAAGCTACGCTGATC,8
Mux4-CTGTAGCCAACGTGAT,8
Mux4-CTGTAGCCACAAGCTA,8
Mux4-CTGTAGCCCTGTAGCC,8
Mux4-CTGTAGCCAGTACAAG,4
Mux4-CTGTAGCCAACAACCA,4
Mux4-CTGTAGCCAACCGAGA,4
Mux4-CTGTAGCCAACGCTTA,4
Mux4-CTGTAGCCAAGACGGA,4
Mux4-CTGTAGCCAAGGTACA,4
Mux4-CTGTAGCCACACAGAA,4
Mux4-CTGTAGCCACAGCAGA,4
Mux4-CTGTAGCCAAACATCG,8
Mux4-CTGTAGCCACCTCCAA,4
Mux4-CTGTAGCCACGCTCGA,4
Mux4-CTGTAGCCACGTATCA,4
Mux4-CTGTAGCCACTATGCA,6
Mux4-CTGTAGCCAGAGTCAA,6
Mux4-CTGTAGCCAGATCGCA,6
Mux4-CTGTAGCCAGCAGGAA,6
Mux4-CTGTAGCCAGTCACTA,6
Mux4-CTGTAGCCATCCTGTA,6
Mux4-CTGTAGCCATTGAGGA,6
Mux4-CTGTAGCCATGCCTAA,8
Mux4-CTGTAGCCCAACCACA,6
Mux4-CTGTAGCCGACTAGTA,6
Mux4-CTGTAGCCCAATGGAA,6
Mux4-CTGTAGCCCACTTCGA,6
Mux4-CTGTAGCCCAGCGTTA,6
Mux4-CTGTAGCCCATACCAA,6
Mux4-CTGTAGCCCCAGTTCA,6
Mux4-CTGTAGCCCCGAAGTA,6
Mux4-CTGTAGCCCCGTGAGA,6
Mux4-CTGTAGCCCCTCCTGA,6
Mux4-CTGTAGCCAGTGGTCA,8
Mux4-CTGTAGCCCGAACTTA,6
Mux4-CTGTAGCCCGACTGGA,6
Mux4-CTGTAGCCCGCATACA,6
Mux4-CTGTAGCCCTCAATGA,6
Mux4-CTGTAGCCCTGAGCCA,6
Mux4-CTGTAGCCCTGGCATA,6
Mux4-CTGTAGCCGAATCTGA,6
Mux4-CTGTAGCCCAAGACTA,6
Mux4-CTGTAGCCGAGCTGAA,6
Mux4-CTGTAGCCGATAGACA,6
Mux4-CTGTAGCCACCACTGT,8
Mux4-CTGTAGCCGCCACATA,6
Mux4-CTGTAGCCACATTGGC,8
Mux4-CTGTAGCCCAGATCTG,8
Mux4-CTGTAGCCCATCAAGT,8
Mux4-CTGTAGCCCGCTGATC,8
Mux4-AGTACAAGAACGTGAT,1
Mux4-AGTACAAGACAAGCTA,8
Mux4-AGTACAAGCTGTAGCC,8
Mux4-AGTACAAGAGTACAAG,4
Mux4-AGTACAAGAACAACCA,4
Mux4-AGTACAAGAACCGAGA,4
Mux4-AGTACAAGAACGCTTA,4
Mux4-AGTACAAGAAGACGGA,4
Mux4-AGTACAAGAAGGTACA,4
Mux4-AGTACAAGACACAGAA,4
Mux4-AGTACAAGACAGCAGA,4
Mux4-AGTACAAGAAACATCG,8
Mux4-AGTACAAGACCTCCAA,4
Mux4-AGTACAAGACGCTCGA,4
Mux4-AGTACAAGACGTATCA,4
Mux4-AGTACAAGACTATGCA,4
Mux4-AGTACAAGAGAGTCAA,4
Mux4-AGTACAAGAGATCGCA,6
Mux4-AGTACAAGAGCAGGAA,6
Mux4-AGTACAAGAGTCACTA,6
Mux4-AGTACAAGATCCTGTA,6
Mux4-AGTACAAGATTGAGGA,6
Mux4-AGTACAAGATGCCTAA,8
Mux4-AGTACAAGCAACCACA,6
Mux4-AGTACAAGGACTAGTA,6
Mux4-AGTACAAGCAATGGAA,6
Mux4-AGTACAAGCACTTCGA,6
Mux4-AGTACAAGCAGCGTTA,6
Mux4-AGTACAAGCATACCAA,6
Mux4-AGTACAAGCCAGTTCA,6
Mux4-AGTACAAGCCGAAGTA,6
Mux4-AGTACAAGCCGTGAGA,6
Mux4-AGTACAAGCCTCCTGA,6
Mux4-AGTACAAGAGTGGTCA,8
Mux4-AGTACAAGCGAACTTA,6
Mux4-AGTACAAGCGACTGGA,6
Mux4-AGTACAAGCGCATACA,6
Mux4-AGTACAAGCTCAATGA,6
Mux4-AGTACAAGCTGAGCCA,6
Mux4-AGTACAAGCTGGCATA,6
Mux4-AGTACAAGGAATCTGA,6
Mux4-AGTACAAGCAAGACTA,6
Mux4-AGTACAAGGAGCTGAA,6
Mux4-AGTACAAGGATAGACA,6
Mux4-AGTACAAGACCACTGT,8
Mux4-AGTACAAGGCCACATA,6
Mux4-AGTACAAGACATTGGC,8
Mux4-AGTACAAGCAGATCTG,8
Mux4-AGTACAAGCATCAAGT,8
Mux4-AGTACAAGCGCTGATC,8
Mux4-AACAACCAAACGTGAT,1
Mux4-AACAACCAACAAGCTA,8
Mux4-AACAACCACTGTAGCC,8
Mux4-AACAACCAAGTACAAG,8
Mux4-AACAACCAAACAACCA,4
Mux4-AACAACCAAACCGAGA,4
Mux4-AACAACCAAACGCTTA,4
Mux4-AACAACCAAAGACGGA,4
Mux4-AACAACCAAAGGTACA,4
Mux4-AACAACCAACACAGAA,4
Mux4-AACAACCAACAGCAGA,4
Mux4-AACAACCAAAACATCG,8
Mux4-AACAACCAACCTCCAA,4
Mux4-AACAACCAACGCTCGA,4
Mux4-AACAACCAACGTATCA,4
Mux4-AACAACCAACTATGCA,4
Mux4-AACAACCAAGAGTCAA,4
Mux4-AACAACCAAGATCGCA,4
Mux4-AACAACCAAGCAGGAA,6
Mux4-AACAACCAAGTCACTA,6
Mux4-AACAACCAATCCTGTA,6
Mux4-AACAACCAATTGAGGA,6
Mux4-AACAACCAATGCCTAA,8
Mux4-AACAACCACAACCACA,6
Mux4-AACAACCAGACTAGTA,6
Mux4-AACAACCACAATGGAA,6
Mux4-AACAACCACACTTCGA,6
Mux4-AACAACCACAGCGTTA,6
Mux4-AACAACCACATACCAA,6
Mux4-AACAACCACCAGTTCA,6
Mux4-AACAACCACCGAAGTA,6
Mux4-AACAACCACCGTGAGA,6
Mux4-AACAACCACCTCCTGA,6
Mux4-AACAACCAAGTGGTCA,8
Mux4-AACAACCACGAACTTA,6
Mux4-AACAACCACGACTGGA,6
Mux4-AACAACCACGCATACA,6
Mux4-AACAACCACTGAGCCA,3
Mux4-AACAACCACTGGCATA,3
Mux4-AACAACCAGAATCTGA,6
Mux4-AACAACCACAAGACTA,6
Mux4-AACAACCAGAGCTGAA,6
Mux4-AACAACCAGATAGACA,6
Mux4-AACAACCAACCACTGT,8
Mux4-AACAACCAGCCACATA,6
Mux4-AACAACCAACATTGGC,8
Mux4-AACAACCACAGATCTG,8
Mux4-AACAACCACATCAAGT,8
Mux4-AACAACCACGCTGATC,8
Mux4-AACCGAGAAACGTGAT,1
Mux4-AACCGAGAACAAGCTA,8
Mux4-AACCGAGACTGTAGCC,8
Mux4-AACCGAGAAGTACAAG,8
Mux4-AACCGAGAAACAACCA,4
Mux4-AACCGAGAAACCGAGA,4
Mux4-AACCGAGAAACGCTTA,4
Mux4-AACCGAGAAAGACGGA,4
Mux4-AACCGAGAAAGGTACA,4
Mux4-AACCGAGAACACAGAA,4
Mux4-AACCGAGAACAGCAGA,4
Mux4-AACCGAGAAAACATCG,8
Mux4-AACCGAGAACCTCCAA,4
Mux4-AACCGAGAACGCTCGA,4
Mux4-AACCGAGAACGTATCA,4
Mux4-AACCGAGAACTATGCA,4
Mux4-AACCGAGAAGAGTCAA,4
Mux4-AACCGAGAAGATCGCA,4
Mux4-AACCGAGAAGCAGGAA,3
Mux4-AACCGAGAAGTCACTA,4
Mux4-AACCGAGAATCCTGTA,3
Mux4-AACCGAGAATTGAGGA,3
Mux4-AACCGAGAATGCCTAA,8
Mux4-AACCGAGACAACCACA,6
Mux4-AACCGAGAGACTAGTA,6
Mux4-AACCGAGACAATGGAA,6
Mux4-AACCGAGACACTTCGA,6
Mux4-AACCGAGACAGCGTTA,6
Mux4-AACCGAGACATACCAA,6
Mux4-AACCGAGACCAGTTCA,6
Mux4-AACCGAGACCGAAGTA,6
Mux4-AACCGAGACCGTGAGA,6
Mux4-AACCGAGACCTCCTGA,6
Mux4-AACCGAGAAGTGGTCA,8
Mux4-AACCGAGACGAACTTA,6
Mux4-AACCGAGACGACTGGA,3
Mux4-AACCGAGACGCATACA,3
Mux4-AACCGAGACTGAGCCA,3
Mux4-AACCGAGACTGGCATA,3
Mux4-AACCGAGAGAATCTGA,6
Mux4-AACCGAGACAAGACTA,6
Mux4-AACCGAGAGAGCTGAA,6
Mux4-AACCGAGAGATAGACA,6
Mux4-AACCGAGAACCACTGT,8
Mux4-AACCGAGAGCCACATA,6
Mux4-AACCGAGAACATTGGC,8
Mux4-AACCGAGACAGATCTG,8
Mux4-AACCGAGACATCAAGT,8
Mux4-AACCGAGACGCTGATC,8
Mux4-AACGCTTAAACGTGAT,1
Mux4-AACGCTTAACAAGCTA,8
Mux4-AACGCTTACTGTAGCC,8
Mux4-AACGCTTAAGTACAAG,8
Mux4-AACGCTTAAACAACCA,4
Mux4-AACGCTTAAACCGAGA,4
Mux4-AACGCTTAAACGCTTA,4
Mux4-AACGCTTAAAGACGGA,4
Mux4-AACGCTTAAAGGTACA,4
Mux4-AACGCTTAACACAGAA,4
Mux4-AACGCTTAACAGCAGA,4
Mux4-AACGCTTAAAACATCG,8
Mux4-AACGCTTAACCTCCAA,4
Mux4-AACGCTTAACGCTCGA,4
Mux4-AACGCTTAACGTATCA,4
Mux4-AACGCTTAACTATGCA,4
Mux4-AACGCTTAAGAGTCAA,4
Mux4-AACGCTTAAGATCGCA,4
Mux4-AACGCTTAAGCAGGAA,4
Mux4-AACGCTTAAGTCACTA,3
Mux4-AACGCTTAATCCTGTA,3
Mux4-AACGCTTAATTGAGGA,3
Mux4-AACGCTTAATGCCTAA,8
Mux4-AACGCTTACAACCACA,3
Mux4-AACGCTTAGACTAGTA,3
Mux4-AACGCTTACAATGGAA,3
Mux4-AACGCTTACACTTCGA,6
Mux4-AACGCTTACAGCGTTA,6
Mux4-AACGCTTACATACCAA,6
Mux4-AACGCTTACCAGTTCA,6
Mux4-AACGCTTACCGAAGTA,6
Mux4-AACGCTTACCGTGAGA,6
Mux4-AACGCTTACCTCCTGA,6
Mux4-AACGCTTAAGTGGTCA,8
Mux4-AACGCTTACGAACTTA,6
Mux4-AACGCTTACGACTGGA,3
Mux4-AACGCTTACGCATACA,3
Mux4-AACGCTTACTGGCATA,3
Mux4-AACGCTTAGAATCTGA,6
Mux4-AACGCTTACAAGACTA,6
Mux4-AACGCTTAGAGCTGAA,6
Mux4-AACGCTTAGATAGACA,6
Mux4-AACGCTTAACCACTGT,8
Mux4-AACGCTTAGCCACATA,6
Mux4-AACGCTTAACATTGGC,8
Mux4-AACGCTTACAGATCTG,8
Mux4-AACGCTTACATCAAGT,8
Mux4-AACGCTTACGCTGATC,8
Mux4-AAGACGGAAACGTGAT,1
Mux4-AAGACGGAACAAGCTA,8
Mux4-AAGACGGACTGTAGCC,8
Mux4-AAGACGGAAGTACAAG,8
Mux4-AAGACGGAAACAACCA,4
Mux4-AAGACGGAAACCGAGA,4
Mux4-AAGACGGAAACGCTTA,4
Mux4-AAGACGGAAAGACGGA,4
Mux4-AAGACGGAAAGGTACA,4
Mux4-AAGACGGAACACAGAA,4
Mux4-AAGACGGAACAGCAGA,4
Mux4-AAGACGGAAAACATCG,8
Mux4-AAGACGGAACCTCCAA,4
Mux4-AAGACGGAACGCTCGA,4
Mux4-AAGACGGAACGTATCA,4
Mux4-AAGACGGAACTATGCA,4
Mux4-AAGACGGAAGAGTCAA,4
Mux4-AAGACGGAAGATCGCA,4
Mux4-AAGACGGAAGCAGGAA,4
Mux4-AAGACGGAATCCTGTA,3
Mux4-AAGACGGAATTGAGGA,3
Mux4-AAGACGGAATGCCTAA,8
Mux4-AAGACGGACAACCACA,3
Mux4-AAGACGGAGACTAGTA,3
Mux4-AAGACGGACAATGGAA,3
Mux4-AAGACGGACACTTCGA,3
Mux4-AAGACGGACAGCGTTA,3
Mux4-AAGACGGACATACCAA,3
Mux4-AAGACGGACCAGTTCA,6
Mux4-AAGACGGACCGAAGTA,6
Mux4-AAGACGGACCGTGAGA,6
Mux4-AAGACGGACCTCCTGA,6
Mux4-AAGACGGAAGTGGTCA,8
Mux4-AAGACGGACGAACTTA,6
Mux4-AAGACGGACTCAATGA,3
Mux4-AAGACGGACTGAGCCA,3
Mux4-AAGACGGACTGGCATA,3
Mux4-AAGACGGAGAATCTGA,6
Mux4-AAGACGGACAAGACTA,6
Mux4-AAGACGGAGAGCTGAA,6
Mux4-AAGACGGAGATAGACA,6
Mux4-AAGACGGAACCACTGT,8
Mux4-AAGACGGAGCCACATA,6
Mux4-AAGACGGAACATTGGC,8
Mux4-AAGACGGACAGATCTG,8
Mux4-AAGACGGACATCAAGT,8
Mux4-AAGACGGACGCTGATC,8
Mux4-AAGGTACAAACGTGAT,8
Mux4-AAGGTACAACAAGCTA,8
Mux4-AAGGTACACTGTAGCC,8
Mux4-AAGGTACAAGTACAAG,8
Mux4-AAGGTACAAACAACCA,4
Mux4-AAGGTACAAACCGAGA,4
Mux4-AAGGTACAAACGCTTA,4
Mux4-AAGGTACAAAGACGGA,4
Mux4-AAGGTACAAAGGTACA,4
Mux4-AAGGTACAACACAGAA,4
Mux4-AAGGTACAACAGCAGA,4
Mux4-AAGGTACAAAACATCG,8
Mux4-AAGGTACAACCTCCAA,4
Mux4-AAGGTACAACGCTCGA,4
Mux4-AAGGTACAACGTATCA,4
Mux4-AAGGTACAACTATGCA,4
Mux4-AAGGTACAAGAGTCAA,4
Mux4-AAGGTACAAGATCGCA,4
Mux4-AAGGTACAAGCAGGAA,3
Mux4-AAGGTACAAGTCACTA,3
Mux4-AAGGTACAATCCTGTA,3
Mux4-AAGGTACAATTGAGGA,3
Mux4-AAGGTACAATGCCTAA,8
Mux4-AAGGTACACAACCACA,3
Mux4-AAGGTACAGACTAGTA,3
Mux4-AAGGTACACAATGGAA,3
Mux4-AAGGTACACACTTCGA,3
Mux4-AAGGTACACAGCGTTA,3
Mux4-AAGGTACACATACCAA,3
Mux4-AAGGTACACCAGTTCA,3
Mux4-AAGGTACACCGAAGTA,6
Mux4-AAGGTACACCGTGAGA,6
Mux4-AAGGTACACCTCCTGA,6
Mux4-AAGGTACAAGTGGTCA,8
Mux4-AAGGTACACGAACTTA,6
Mux4-AAGGTACACTGAGCCA,3
Mux4-AAGGTACACTGGCATA,3
Mux4-AAGGTACAGAATCTGA,6
Mux4-AAGGTACACAAGACTA,6
Mux4-AAGGTACAGAGCTGAA,6
Mux4-AAGGTACAGATAGACA,6
Mux4-AAGGTACAACCACTGT,8
Mux4-AAGGTACAACATTGGC,8
Mux4-AAGGTACACAGATCTG,8
Mux4-AAGGTACACATCAAGT,8
Mux4-AAGGTACACGCTGATC,8
Mux4-ACACAGAAAACGTGAT,8
Mux4-ACACAGAAACAAGCTA,8
Mux4-ACACAGAACTGTAGCC,8
Mux4-ACACAGAAAGTACAAG,8
Mux4-ACACAGAAAACAACCA,4
Mux4-ACACAGAAAACCGAGA,4
Mux4-ACACAGAAAACGCTTA,4
Mux4-ACACAGAAAAGACGGA,4
Mux4-ACACAGAAAAGGTACA,4
Mux4-ACACAGAAACACAGAA,4
Mux4-ACACAGAAACAGCAGA,4
Mux4-ACACAGAAAAACATCG,8
Mux4-ACACAGAAACCTCCAA,4
Mux4-ACACAGAAACGCTCGA,4
Mux4-ACACAGAAACGTATCA,4
Mux4-ACACAGAAACTATGCA,4
Mux4-ACACAGAAAGAGTCAA,4
Mux4-ACACAGAAAGATCGCA,4
Mux4-ACACAGAAAGCAGGAA,4
Mux4-ACACAGAAAGTCACTA,3
Mux4-ACACAGAAATCCTGTA,3
Mux4-ACACAGAAATTGAGGA,3
Mux4-ACACAGAAATGCCTAA,8
Mux4-ACACAGAACAACCACA,3
Mux4-ACACAGAAGACTAGTA,3
Mux4-ACACAGAACAATGGAA,3
Mux4-ACACAGAACACTTCGA,3
Mux4-ACACAGAACAGCGTTA,3
Mux4-ACACAGAACATACCAA,3
Mux4-ACACAGAACCAGTTCA,3
Mux4-ACACAGAACCGAAGTA,3
Mux4-ACACAGAACCGTGAGA,6
Mux4-ACACAGAAAGTGGTCA,8
Mux4-ACACAGAAACCACTGT,8
Mux4-ACACAGAAACATTGGC,8
Mux4-ACACAGAACAGATCTG,8
Mux4-ACACAGAACATCAAGT,8
Mux4-ACACAGAACGCTGATC,8
Mux4-ACAGCAGAAACGTGAT,8
Mux4-ACAGCAGAACAAGCTA,8
Mux4-ACAGCAGACTGTAGCC,8
Mux4-ACAGCAGAAGTACAAG,8
Mux4-ACAGCAGAAACAACCA,4
Mux4-ACAGCAGAAACCGAGA,4
Mux4-ACAGCAGAAACGCTTA,4
Mux4-ACAGCAGAAAGACGGA,4
Mux4-ACAGCAGAAAGGTACA,4
Mux4-ACAGCAGAACACAGAA,4
Mux4-ACAGCAGAACAGCAGA,4
Mux4-ACAGCAGAAAACATCG,8
Mux4-ACAGCAGAACCTCCAA,4
Mux4-ACAGCAGAACGCTCGA,4
Mux4-ACAGCAGAAGCAGGAA,3
Mux4-ACAGCAGAAGTCACTA,3
Mux4-ACAGCAGAATCCTGTA,3
Mux4-ACAGCAGAATTGAGGA,3
Mux4-ACAGCAGAATGCCTAA,8
Mux4-ACAGCAGACAACCACA,3
Mux4-ACAGCAGAGACTAGTA,3
Mux4-ACAGCAGACAATGGAA,3
Mux4-ACAGCAGACACTTCGA,3
Mux4-ACAGCAGACAGCGTTA,3
Mux4-ACAGCAGACATACCAA,3
Mux4-ACAGCAGACCGAAGTA,3
Mux4-ACAGCAGAAGTGGTCA,8
Mux4-ACAGCAGAACCACTGT,8
Mux4-ACAGCAGAACATTGGC,8
Mux4-ACAGCAGACAGATCTG,8
Mux4-ACAGCAGACATCAAGT,8
Mux4-ACAGCAGACGCTGATC,8
Mux4-AACGTGATAACGTGAT,1
Mux4-AACGTGATACAAGCTA,8
Mux4-AACGTGATCTGTAGCC,8
Mux4-AACGTGATAGTACAAG,8
Mux4-AACGTGATAACAACCA,1
Mux4-AACGTGATAACCGAGA,1
Mux4-AACGTGATAACGCTTA,1
Mux4-AACGTGATAAGACGGA,8
Mux4-AACGTGATAAGGTACA,8
Mux4-AACGTGATACACAGAA,8
Mux4-AACGTGATACAGCAGA,8
Mux4-AACGTGATAAACATCG,1
Mux4-AACGTGATACCTCCAA,8
Mux4-AACGTGATACGCTCGA,6
Mux4-AACGTGATACGTATCA,6
Mux4-AACGTGATACTATGCA,6
Mux4-AACGTGATAGAGTCAA,6
Mux4-AACGTGATAGATCGCA,6
Mux4-AACGTGATAGCAGGAA,6
Mux4-AACGTGATAGTCACTA,6
Mux4-AACGTGATATCCTGTA,6
Mux4-AACGTGATATTGAGGA,6
Mux4-AACGTGATATGCCTAA,1
Mux4-AACGTGATCAACCACA,6
Mux4-AACGTGATGACTAGTA,6
Mux4-AACGTGATCAATGGAA,6
Mux4-AACGTGATCACTTCGA,6
Mux4-AACGTGATCAGCGTTA,6
Mux4-AACGTGATCATACCAA,6
Mux4-AACGTGATCCAGTTCA,6
Mux4-AACGTGATCCGAAGTA,6
Mux4-AACGTGATCCGTGAGA,6
Mux4-AACGTGATCCTCCTGA,6
Mux4-AACGTGATAGTGGTCA,9
Mux4-AACGTGATCGAACTTA,6
Mux4-AACGTGATCGACTGGA,6
Mux4-AACGTGATCGCATACA,6
Mux4-AACGTGATCTCAATGA,6
Mux4-AACGTGATCTGAGCCA,6
Mux4-AACGTGATCTGGCATA,6
Mux4-AACGTGATGAATCTGA,6
Mux4-AACGTGATCAAGACTA,6
Mux4-AACGTGATGAGCTGAA,6
Mux4-AACGTGATGATAGACA,6
Mux4-AACGTGATACCACTGT,1
Mux4-AACGTGATGCCACATA,6
Mux4-AACGTGATACATTGGC,8
Mux4-AACGTGATCAGATCTG,8
Mux4-AACGTGATCATCAAGT,8
Mux4-AACGTGATCGCTGATC,8
Mux4-ACCTCCAAAACGTGAT,8
Mux4-ACCTCCAAACAAGCTA,8
Mux4-ACCTCCAACTGTAGCC,8
Mux4-ACCTCCAAAGTACAAG,8
Mux4-ACCTCCAAAACAACCA,4
Mux4-ACCTCCAAAACCGAGA,4
Mux4-ACCTCCAAAACGCTTA,4
Mux4-ACCTCCAAAAGACGGA,4
Mux4-ACCTCCAAAAGGTACA,4
Mux4-ACCTCCAAACACAGAA,4
Mux4-ACCTCCAAAAACATCG,8
Mux4-ACCTCCAAATTGAGGA,3
Mux4-ACCTCCAAATGCCTAA,8
Mux4-ACCTCCAACAACCACA,3
Mux4-ACCTCCAAGACTAGTA,3
Mux4-ACCTCCAACAATGGAA,3
Mux4-ACCTCCAACACTTCGA,3
Mux4-ACCTCCAACATACCAA,3
Mux4-ACCTCCAACCAGTTCA,3
Mux4-ACCTCCAAAGTGGTCA,8
Mux4-ACCTCCAAACCACTGT,8
Mux4-ACCTCCAAACATTGGC,8
Mux4-ACCTCCAACAGATCTG,8
Mux4-ACCTCCAACATCAAGT,8
Mux4-ACCTCCAACGCTGATC,8
Mux4-ACGCTCGAAACGTGAT,8
Mux4-ACGCTCGAACAAGCTA,8
Mux4-ACGCTCGACTGTAGCC,8
Mux4-ACGCTCGAAGTACAAG,8
Mux4-ACGCTCGAAACAACCA,8
Mux4-ACGCTCGAAACCGAGA,8
Mux4-ACGCTCGAAACGCTTA,4
Mux4-ACGCTCGAAAGACGGA,4
Mux4-ACGCTCGAAAGGTACA,3
Mux4-ACGCTCGAACACAGAA,4
Mux4-ACGCTCGAAAACATCG,8
Mux4-ACGCTCGAACGCTCGA,4
Mux4-ACGCTCGAACGTATCA,3
Mux4-ACGCTCGAACTATGCA,4
Mux4-ACGCTCGAAGAGTCAA,3
Mux4-ACGCTCGAATGCCTAA,8
Mux4-ACGCTCGAGACTAGTA,3
Mux4-ACGCTCGACAATGGAA,3
Mux4-ACGCTCGACACTTCGA,3
Mux4-ACGCTCGACAGCGTTA,3
Mux4-ACGCTCGACATACCAA,3
Mux4-ACGCTCGAAGTGGTCA,8
Mux4-ACGCTCGAACCACTGT,8
Mux4-ACGCTCGAACATTGGC,8
Mux4-ACGCTCGACAGATCTG,8
Mux4-ACGCTCGACATCAAGT,8
Mux4-ACGCTCGACGCTGATC,8
Mux4-ACGTATCAAACGTGAT,8
Mux4-ACGTATCAACAAGCTA,8
Mux4-ACGTATCACTGTAGCC,8
Mux4-ACGTATCAAGTACAAG,8
Mux4-ACGTATCAAACAACCA,8
Mux4-ACGTATCAAACCGAGA,8
Mux4-ACGTATCAAACGCTTA,4
Mux4-ACGTATCAAAGACGGA,4
Mux4-ACGTATCAAAGGTACA,4
Mux4-ACGTATCAACACAGAA,4
Mux4-ACGTATCAACAGCAGA,4
Mux4-ACGTATCAAAACATCG,8
Mux4-ACGTATCAACGCTCGA,3
Mux4-ACGTATCAACGTATCA,4
Mux4-ACGTATCAACTATGCA,4
Mux4-ACGTATCAAGAGTCAA,4
Mux4-ACGTATCAAGATCGCA,4
Mux4-ACGTATCAAGCAGGAA,4
Mux4-ACGTATCAATGCCTAA,8
Mux4-ACGTATCACACTTCGA,3
Mux4-ACGTATCACAGCGTTA,3
Mux4-ACGTATCACATACCAA,3
Mux4-ACGTATCAAGTGGTCA,9
Mux4-ACGTATCAACCACTGT,8
Mux4-ACGTATCAACATTGGC,8
Mux4-ACGTATCACAGATCTG,8
Mux4-ACGTATCACATCAAGT,8
Mux4-ACGTATCACGCTGATC,8
Mux4-ACTATGCAAACGTGAT,9
Mux4-ACTATGCAACAAGCTA,8
Mux4-ACTATGCACTGTAGCC,8
Mux4-ACTATGCAAGTACAAG,8
Mux4-ACTATGCAAACAACCA,8
Mux4-ACTATGCAAACGCTTA,8
Mux4-ACTATGCAAAGACGGA,4
Mux4-ACTATGCAAAGGTACA,4
Mux4-ACTATGCAACACAGAA,4
Mux4-ACTATGCAACAGCAGA,4
Mux4-ACTATGCAAAACATCG,8
Mux4-ACTATGCAACCTCCAA,4
Mux4-ACTATGCAACGCTCGA,4
Mux4-ACTATGCAACGTATCA,4
Mux4-ACTATGCAACTATGCA,4
Mux4-ACTATGCAAGAGTCAA,4
Mux4-ACTATGCAAGCAGGAA,4
Mux4-ACTATGCAAGTCACTA,4
Mux4-ACTATGCAATCCTGTA,4
Mux4-ACTATGCAATTGAGGA,4
Mux4-ACTATGCAATGCCTAA,9
Mux4-ACTATGCACAACCACA,4
Mux4-ACTATGCAGACTAGTA,4
Mux4-ACTATGCACAATGGAA,4
Mux4-ACTATGCACAGCGTTA,3
Mux4-ACTATGCACATACCAA,3
Mux4-ACTATGCACCAGTTCA,3
Mux4-ACTATGCAAGTGGTCA,9
Mux4-ACTATGCAACCACTGT,1
Mux4-ACTATGCAACATTGGC,8
Mux4-ACTATGCACAGATCTG,8
Mux4-ACTATGCACATCAAGT,8
Mux4-ACTATGCACGCTGATC,8
Mux4-AGAGTCAAAACGTGAT,8
Mux4-AGAGTCAAACAAGCTA,8
Mux4-AGAGTCAACTGTAGCC,8
Mux4-AGAGTCAAAGTACAAG,8
Mux4-AGAGTCAAAACCGAGA,8
Mux4-AGAGTCAAAACGCTTA,4
Mux4-AGAGTCAAAAGACGGA,8
Mux4-AGAGTCAAAAGGTACA,4
Mux4-AGAGTCAAACACAGAA,4
Mux4-AGAGTCAAACAGCAGA,4
Mux4-AGAGTCAAAAACATCG,8
Mux4-AGAGTCAAACCTCCAA,4
Mux4-AGAGTCAAACGCTCGA,4
Mux4-AGAGTCAAAGATCGCA,4
Mux4-AGAGTCAAAGCAGGAA,4
Mux4-AGAGTCAAAGTCACTA,4
Mux4-AGAGTCAAATCCTGTA,4
Mux4-AGAGTCAAATTGAGGA,4
Mux4-AGAGTCAAATGCCTAA,8
Mux4-AGAGTCAACAACCACA,4
Mux4-AGAGTCAAGACTAGTA,4
Mux4-AGAGTCAACAATGGAA,4
Mux4-AGAGTCAACACTTCGA,4
Mux4-AGAGTCAACATACCAA,3
Mux4-AGAGTCAACCAGTTCA,3
Mux4-AGAGTCAACCGAAGTA,3
Mux4-AGAGTCAAAGTGGTCA,9
Mux4-AGAGTCAAACCACTGT,8
Mux4-AGAGTCAAACATTGGC,8
Mux4-AGAGTCAACAGATCTG,8
Mux4-AGAGTCAACATCAAGT,8
Mux4-AGAGTCAACGCTGATC,8
Mux4-AGATCGCAAACGTGAT,9
Mux4-AGATCGCAACAAGCTA,8
Mux4-AGATCGCACTGTAGCC,8
Mux4-AGATCGCAAACAACCA,4
Mux4-AGATCGCAAACCGAGA,4
Mux4-AGATCGCAAACGCTTA,8
Mux4-AGATCGCAAAGACGGA,4
Mux4-AGATCGCAAAGGTACA,3
Mux4-AGATCGCAACAGCAGA,3
Mux4-AGATCGCAAAACATCG,8
Mux4-AGATCGCAACCTCCAA,4
Mux4-AGATCGCAACGCTCGA,4
Mux4-AGATCGCAACGTATCA,4
Mux4-AGATCGCAACTATGCA,4
Mux4-AGATCGCAAGAGTCAA,4
Mux4-AGATCGCAAGATCGCA,4
Mux4-AGATCGCAAGCAGGAA,4
Mux4-AGATCGCAAGTCACTA,4
Mux4-AGATCGCAATCCTGTA,4
Mux4-AGATCGCAATTGAGGA,4
Mux4-AGATCGCAATGCCTAA,9
Mux4-AGATCGCACAACCACA,4
Mux4-AGATCGCAGACTAGTA,4
Mux4-AGATCGCACAATGGAA,4
Mux4-AGATCGCACACTTCGA,4
Mux4-AGATCGCACAGCGTTA,4
Mux4-AGATCGCACATACCAA,3
Mux4-AGATCGCACCAGTTCA,3
Mux4-AGATCGCACCGAAGTA,4
Mux4-AGATCGCACCGTGAGA,4
Mux4-AGATCGCAAGTGGTCA,8
Mux4-AGATCGCAACCACTGT,1
Mux4-AGATCGCAACATTGGC,8
Mux4-AGATCGCACAGATCTG,8
Mux4-AGATCGCACATCAAGT,8
Mux4-AGATCGCACGCTGATC,8
Mux4-AGCAGGAAAACGTGAT,8
Mux4-AGCAGGAAACAAGCTA,8
Mux4-AGCAGGAACTGTAGCC,8
Mux4-AGCAGGAAAACAACCA,4
Mux4-AGCAGGAAAACCGAGA,4
Mux4-AGCAGGAAAACGCTTA,4
Mux4-AGCAGGAAAAGACGGA,4
Mux4-AGCAGGAAAAGGTACA,4
Mux4-AGCAGGAAACACAGAA,8
Mux4-AGCAGGAAAAACATCG,9
Mux4-AGCAGGAAACCTCCAA,4
Mux4-AGCAGGAAACGCTCGA,10
Mux4-AGCAGGAAACGTATCA,4
Mux4-AGCAGGAAACTATGCA,4
Mux4-AGCAGGAAAGAGTCAA,4
Mux4-AGCAGGAAAGATCGCA,4
Mux4-AGCAGGAAAGCAGGAA,4
Mux4-AGCAGGAAAGTCACTA,4
Mux4-AGCAGGAAATCCTGTA,4
Mux4-AGCAGGAAATTGAGGA,4
Mux4-AGCAGGAAATGCCTAA,8
Mux4-AGCAGGAAGACTAGTA,4
Mux4-AGCAGGAACAATGGAA,4
Mux4-AGCAGGAACACTTCGA,4
Mux4-AGCAGGAACAGCGTTA,4
Mux4-AGCAGGAACATACCAA,3
Mux4-AGCAGGAACCAGTTCA,3
Mux4-AGCAGGAACCGAAGTA,4
Mux4-AGCAGGAACCGTGAGA,3
Mux4-AGCAGGAACCTCCTGA,4
Mux4-AGCAGGAAAGTGGTCA,9
Mux4-AGCAGGAAACCACTGT,8
Mux4-AGCAGGAAACATTGGC,8
Mux4-AGCAGGAACAGATCTG,8
Mux4-AGCAGGAACATCAAGT,8
Mux4-AGCAGGAACGCTGATC,8
Mux4-AGTCACTAAACGTGAT,9
Mux4-AGTCACTAACAAGCTA,8
Mux4-AGTCACTAAACAACCA,4
Mux4-AGTCACTAAACCGAGA,4
Mux4-AGTCACTAAACGCTTA,4
Mux4-AGTCACTAAAGACGGA,4
Mux4-AGTCACTAAAGGTACA,4
Mux4-AGTCACTAACAGCAGA,3
Mux4-AGTCACTAAAACATCG,8
Mux4-AGTCACTAACCTCCAA,3
Mux4-AGTCACTAACTATGCA,4
Mux4-AGTCACTAAGAGTCAA,4
Mux4-AGTCACTAAGATCGCA,4
Mux4-AGTCACTAAGCAGGAA,4
Mux4-AGTCACTAATGCCTAA,9
Mux4-AGTCACTACAACCACA,4
Mux4-AGTCACTAGACTAGTA,4
Mux4-AGTCACTACAATGGAA,4
Mux4-AGTCACTACACTTCGA,4
Mux4-AGTCACTACAGCGTTA,4
Mux4-AGTCACTACATACCAA,4
Mux4-AGTCACTACCAGTTCA,4
Mux4-AGTCACTACCGTGAGA,4
Mux4-AGTCACTACCTCCTGA,3
Mux4-AGTCACTAAGTGGTCA,9
Mux4-AGTCACTAACCACTGT,8
Mux4-AGTCACTAACATTGGC,8
Mux4-AGTCACTACAGATCTG,8
Mux4-AGTCACTACATCAAGT,8
Mux4-AGTCACTACGCTGATC,8
Mux4-ATCCTGTAAACGTGAT,9
Mux4-ATCCTGTAACAAGCTA,8
Mux4-ATCCTGTAAACAACCA,4
Mux4-ATCCTGTAAACCGAGA,4
Mux4-ATCCTGTAAACGCTTA,4
Mux4-ATCCTGTAAAGACGGA,4
Mux4-ATCCTGTAAAACATCG,9
Mux4-ATCCTGTAACGTATCA,4
Mux4-ATCCTGTAACTATGCA,4
Mux4-ATCCTGTAAGAGTCAA,4
Mux4-ATCCTGTAAGATCGCA,4
Mux4-ATCCTGTAAGCAGGAA,4
Mux4-ATCCTGTAAGTCACTA,4
Mux4-ATCCTGTAATTGAGGA,4
Mux4-ATCCTGTAATGCCTAA,9
Mux4-ATCCTGTACAACCACA,4
Mux4-ATCCTGTAGACTAGTA,4
Mux4-ATCCTGTACAATGGAA,4
Mux4-ATCCTGTACACTTCGA,4
Mux4-ATCCTGTACAGCGTTA,4
Mux4-ATCCTGTACATACCAA,4
Mux4-ATCCTGTACCAGTTCA,4
Mux4-ATCCTGTACCTCCTGA,3
Mux4-ATCCTGTAAGTGGTCA,9
Mux4-ATCCTGTACGAACTTA,3
Mux4-ATCCTGTAACCACTGT,8
Mux4-ATCCTGTAACATTGGC,8
Mux4-ATCCTGTACAGATCTG,8
Mux4-ATCCTGTACATCAAGT,8
Mux4-ATCCTGTACGCTGATC,8
Mux4-ATTGAGGAAACGTGAT,9
Mux4-ATTGAGGAACAAGCTA,8
Mux4-ATTGAGGAAACAACCA,4
Mux4-ATTGAGGAAACCGAGA,4
Mux4-ATTGAGGAAACGCTTA,4
Mux4-ATTGAGGAAAGACGGA,4
Mux4-ATTGAGGAAAGGTACA,4
Mux4-ATTGAGGAACAGCAGA,4
Mux4-ATTGAGGAAAACATCG,9
Mux4-ATTGAGGAACCTCCAA,4
Mux4-ATTGAGGAACGCTCGA,4
Mux4-ATTGAGGAACGTATCA,4
Mux4-ATTGAGGAACTATGCA,4
Mux4-ATTGAGGAAGAGTCAA,4
Mux4-ATTGAGGAAGATCGCA,4
Mux4-ATTGAGGAAGCAGGAA,4
Mux4-ATTGAGGAAGTCACTA,4
Mux4-ATTGAGGAATCCTGTA,4
Mux4-ATTGAGGAATTGAGGA,4
Mux4-ATTGAGGAATGCCTAA,9
Mux4-ATTGAGGACAACCACA,4
Mux4-ATTGAGGAGACTAGTA,4
Mux4-ATTGAGGACAATGGAA,4
Mux4-ATTGAGGACACTTCGA,4
Mux4-ATTGAGGACAGCGTTA,4
Mux4-ATTGAGGACATACCAA,4
Mux4-ATTGAGGACCAGTTCA,4
Mux4-ATTGAGGAAGTGGTCA,9
Mux4-ATTGAGGACGAACTTA,3
Mux4-ATTGAGGACGACTGGA,3
Mux4-ATTGAGGAACCACTGT,8
Mux4-ATTGAGGAACATTGGC,8
Mux4-ATTGAGGACAGATCTG,8
Mux4-ATTGAGGACATCAAGT,8
Mux4-ATTGAGGACGCTGATC,8
Mux4-AAACATCGAACGTGAT,1
Mux4-AAACATCGACAAGCTA,8
Mux4-AAACATCGCTGTAGCC,8
Mux4-AAACATCGAGTACAAG,8
Mux4-AAACATCGAACAACCA,8
Mux4-AAACATCGAACCGAGA,8
Mux4-AAACATCGAACGCTTA,8
Mux4-AAACATCGAAGACGGA,8
Mux4-AAACATCGAAGGTACA,8
Mux4-AAACATCGACACAGAA,8
Mux4-AAACATCGACAGCAGA,8
Mux4-AAACATCGAAACATCG,1
Mux4-AAACATCGACCTCCAA,8
Mux4-AAACATCGACGCTCGA,8
Mux4-AAACATCGACGTATCA,6
Mux4-AAACATCGACTATGCA,6
Mux4-AAACATCGAGAGTCAA,6
Mux4-AAACATCGAGATCGCA,6
Mux4-AAACATCGAGCAGGAA,6
Mux4-AAACATCGAGTCACTA,6
Mux4-AAACATCGATCCTGTA,6
Mux4-AAACATCGATTGAGGA,6
Mux4-AAACATCGATGCCTAA,9
Mux4-AAACATCGCAACCACA,6
Mux4-AAACATCGGACTAGTA,6
Mux4-AAACATCGCAATGGAA,6
Mux4-AAACATCGCACTTCGA,6
Mux4-AAACATCGCAGCGTTA,6
Mux4-AAACATCGCATACCAA,6
Mux4-AAACATCGCCAGTTCA,6
Mux4-AAACATCGCCGAAGTA,6
Mux4-AAACATCGCCGTGAGA,6
Mux4-AAACATCGCCTCCTGA,6
Mux4-AAACATCGAGTGGTCA,9
Mux4-AAACATCGCGAACTTA,6
Mux4-AAACATCGCGACTGGA,6
Mux4-AAACATCGCGCATACA,6
Mux4-AAACATCGCTCAATGA,6
Mux4-AAACATCGCTGAGCCA,6
Mux4-AAACATCGCTGGCATA,6
Mux4-AAACATCGGAATCTGA,6
Mux4-AAACATCGCAAGACTA,6
Mux4-AAACATCGGAGCTGAA,6
Mux4-AAACATCGGATAGACA,6
Mux4-AAACATCGACCACTGT,1
Mux4-AAACATCGGCCACATA,6
Mux4-AAACATCGACATTGGC,8
Mux4-AAACATCGCAGATCTG,8
Mux4-AAACATCGCATCAAGT,8
Mux4-AAACATCGCGCTGATC,8
Mux4-CAACCACAAACGTGAT,9
Mux4-CAACCACAACAAGCTA,8
Mux4-CAACCACAAACAACCA,4
Mux4-CAACCACAAACCGAGA,4
Mux4-CAACCACAAACGCTTA,4
Mux4-CAACCACAAAGACGGA,4
Mux4-CAACCACAAAGGTACA,4
Mux4-CAACCACAACAGCAGA,4
Mux4-CAACCACAAAACATCG,9
Mux4-CAACCACAACCTCCAA,4
Mux4-CAACCACAACGCTCGA,4
Mux4-CAACCACAACGTATCA,4
Mux4-CAACCACAACTATGCA,4
Mux4-CAACCACAAGAGTCAA,4
Mux4-CAACCACAAGATCGCA,4
Mux4-CAACCACAAGCAGGAA,4
Mux4-CAACCACAAGTCACTA,4
Mux4-CAACCACAATCCTGTA,4
Mux4-CAACCACAATTGAGGA,4
Mux4-CAACCACAATGCCTAA,9
Mux4-CAACCACACAACCACA,4
Mux4-CAACCACAGACTAGTA,4
Mux4-CAACCACACAATGGAA,4
Mux4-CAACCACACACTTCGA,4
Mux4-CAACCACACAGCGTTA,4
Mux4-CAACCACACATACCAA,4
Mux4-CAACCACACCAGTTCA,4
Mux4-CAACCACAAGTGGTCA,9
Mux4-CAACCACACGACTGGA,3
Mux4-CAACCACACGCATACA,3
Mux4-CAACCACAACCACTGT,8
Mux4-CAACCACAACATTGGC,8
Mux4-CAACCACACAGATCTG,8
Mux4-CAACCACACATCAAGT,8
Mux4-GACTAGTAAACGTGAT,9
Mux4-GACTAGTAACAAGCTA,8
Mux4-GACTAGTAAACAACCA,4
Mux4-GACTAGTAAACCGAGA,4
Mux4-GACTAGTAAACGCTTA,4
Mux4-GACTAGTAAAGACGGA,4
Mux4-GACTAGTAAAGGTACA,4
Mux4-GACTAGTAACACAGAA,4
Mux4-GACTAGTAACAGCAGA,4
Mux4-GACTAGTAAAACATCG,9
Mux4-GACTAGTAACCTCCAA,4
Mux4-GACTAGTAACGCTCGA,4
Mux4-GACTAGTAACGTATCA,4
Mux4-GACTAGTAACTATGCA,4
Mux4-GACTAGTAAGAGTCAA,4
Mux4-GACTAGTAAGATCGCA,4
Mux4-GACTAGTAAGCAGGAA,4
Mux4-GACTAGTAAGTCACTA,4
Mux4-GACTAGTAATCCTGTA,4
Mux4-GACTAGTAATTGAGGA,4
Mux4-GACTAGTAATGCCTAA,9
Mux4-GACTAGTACAACCACA,4
Mux4-GACTAGTAGACTAGTA,4
Mux4-GACTAGTACAATGGAA,4
Mux4-GACTAGTACACTTCGA,4
Mux4-GACTAGTACAGCGTTA,4
Mux4-GACTAGTACATACCAA,4
Mux4-GACTAGTAAGTGGTCA,9
Mux4-GACTAGTACGCATACA,3
Mux4-GACTAGTACTCAATGA,4
Mux4-GACTAGTAACCACTGT,8
Mux4-GACTAGTAACATTGGC,8
Mux4-GACTAGTACAGATCTG,8
Mux4-GACTAGTACATCAAGT,8
Mux4-GACTAGTACGCTGATC,8
Mux4-CAATGGAAAACGTGAT,9
Mux4-CAATGGAAACAAGCTA,8
Mux4-CAATGGAAAACAACCA,4
Mux4-CAATGGAAAACCGAGA,4
Mux4-CAATGGAAAACGCTTA,4
Mux4-CAATGGAAAAGACGGA,4
Mux4-CAATGGAAAAGGTACA,4
Mux4-CAATGGAAACACAGAA,4
Mux4-CAATGGAAACAGCAGA,4
Mux4-CAATGGAAAAACATCG,9
Mux4-CAATGGAAACCTCCAA,4
Mux4-CAATGGAAACTATGCA,4
Mux4-CAATGGAAAGAGTCAA,4
Mux4-CAATGGAAAGATCGCA,4
Mux4-CAATGGAAAGCAGGAA,4
Mux4-CAATGGAAAGTCACTA,4
Mux4-CAATGGAAATCCTGTA,4
Mux4-CAATGGAAATTGAGGA,4
Mux4-CAATGGAAATGCCTAA,9
Mux4-CAATGGAACAACCACA,4
Mux4-CAATGGAAGACTAGTA,4
Mux4-CAATGGAACAATGGAA,10
Mux4-CAATGGAACACTTCGA,10
Mux4-CAATGGAACCAGTTCA,10
Mux4-CAATGGAACCGAAGTA,10
Mux4-CAATGGAACCGTGAGA,10
Mux4-CAATGGAACCTCCTGA,10
Mux4-CAATGGAAAGTGGTCA,9
Mux4-CAATGGAACTCAATGA,3
Mux4-CAATGGAACTGAGCCA,3
Mux4-CAATGGAAACCACTGT,8
Mux4-CAATGGAAACATTGGC,8
Mux4-CAATGGAACAGATCTG,8
Mux4-CAATGGAACATCAAGT,8
Mux4-CAATGGAACGCTGATC,8
Mux4-CACTTCGAAACGTGAT,9
Mux4-CACTTCGAACAAGCTA,8
Mux4-CACTTCGAAACAACCA,4
Mux4-CACTTCGAAACCGAGA,4
Mux4-CACTTCGAAACGCTTA,4
Mux4-CACTTCGAAAGACGGA,4
Mux4-CACTTCGAAAGGTACA,4
Mux4-CACTTCGAACACAGAA,4
Mux4-CACTTCGAACAGCAGA,4
Mux4-CACTTCGAAAACATCG,9
Mux4-CACTTCGAACCTCCAA,4
Mux4-CACTTCGAACGCTCGA,4
Mux4-CACTTCGAACTATGCA,4
Mux4-CACTTCGAAGAGTCAA,4
Mux4-CACTTCGAAGTCACTA,4
Mux4-CACTTCGAATCCTGTA,10
Mux4-CACTTCGAATTGAGGA,10
Mux4-CACTTCGAATGCCTAA,9
Mux4-CACTTCGACAACCACA,10
Mux4-CACTTCGAGACTAGTA,10
Mux4-CACTTCGACAATGGAA,10
Mux4-CACTTCGACACTTCGA,10
Mux4-CACTTCGACAGCGTTA,10
Mux4-CACTTCGACATACCAA,10
Mux4-CACTTCGACCAGTTCA,10
Mux4-CACTTCGACCGAAGTA,10
Mux4-CACTTCGACCGTGAGA,10
Mux4-CACTTCGACCTCCTGA,10
Mux4-CACTTCGAAGTGGTCA,9
Mux4-CACTTCGACGAACTTA,10
Mux4-CACTTCGACGACTGGA,10
Mux4-CACTTCGACGCATACA,10
Mux4-CACTTCGACTGAGCCA,3
Mux4-CACTTCGAACCACTGT,8
Mux4-CACTTCGAACATTGGC,8
Mux4-CACTTCGACAGATCTG,8
Mux4-CACTTCGACATCAAGT,8
Mux4-CACTTCGACGCTGATC,8
Mux4-CAGCGTTAAACGTGAT,9
Mux4-CAGCGTTAACAAGCTA,8
Mux4-CAGCGTTAAACAACCA,4
Mux4-CAGCGTTAAACCGAGA,4
Mux4-CAGCGTTAAACGCTTA,4
Mux4-CAGCGTTAAAGACGGA,4
Mux4-CAGCGTTAAAGGTACA,4
Mux4-CAGCGTTAACACAGAA,4
Mux4-CAGCGTTAACAGCAGA,4
Mux4-CAGCGTTAAAACATCG,9
Mux4-CAGCGTTAACCTCCAA,4
Mux4-CAGCGTTAACGCTCGA,4
Mux4-CAGCGTTAACTATGCA,4
Mux4-CAGCGTTAAGAGTCAA,4
Mux4-CAGCGTTAAGATCGCA,4
Mux4-CAGCGTTAAGCAGGAA,10
Mux4-CAGCGTTAAGTCACTA,10
Mux4-CAGCGTTAATCCTGTA,10
Mux4-CAGCGTTAATTGAGGA,10
Mux4-CAGCGTTAATGCCTAA,9
Mux4-CAGCGTTACAACCACA,10
Mux4-CAGCGTTAGACTAGTA,10
Mux4-CAGCGTTACAATGGAA,10
Mux4-CAGCGTTACACTTCGA,10
Mux4-CAGCGTTACAGCGTTA,10
Mux4-CAGCGTTACATACCAA,10
Mux4-CAGCGTTACCAGTTCA,10
Mux4-CAGCGTTACCGAAGTA,10
Mux4-CAGCGTTACCGTGAGA,10
Mux4-CAGCGTTACCTCCTGA,10
Mux4-CAGCGTTAAGTGGTCA,9
Mux4-CAGCGTTACGAACTTA,10
Mux4-CAGCGTTACGACTGGA,10
Mux4-CAGCGTTACGCATACA,10
Mux4-CAGCGTTACTCAATGA,10
Mux4-CAGCGTTACTGAGCCA,3
Mux4-CAGCGTTACTGGCATA,3
Mux4-CAGCGTTAACCACTGT,8
Mux4-CAGCGTTAACATTGGC,8
Mux4-CAGCGTTACAGATCTG,8
Mux4-CAGCGTTACATCAAGT,8
Mux4-CAGCGTTACGCTGATC,8
Mux4-CATACCAAAACGTGAT,9
Mux4-CATACCAAACAAGCTA,8
Mux4-CATACCAAAACCGAGA,4
Mux4-CATACCAAAACGCTTA,4
Mux4-CATACCAAAAGACGGA,4
Mux4-CATACCAAAAGGTACA,4
Mux4-CATACCAAACACAGAA,4
Mux4-CATACCAAACAGCAGA,4
Mux4-CATACCAAAAACATCG,9
Mux4-CATACCAAACCTCCAA,4
Mux4-CATACCAAACGCTCGA,4
Mux4-CATACCAAACGTATCA,4
Mux4-CATACCAAACTATGCA,4
Mux4-CATACCAAAGAGTCAA,4
Mux4-CATACCAAAGATCGCA,4
Mux4-CATACCAAAGCAGGAA,10
Mux4-CATACCAAAGTCACTA,10
Mux4-CATACCAAATCCTGTA,10
Mux4-CATACCAAATTGAGGA,10
Mux4-CATACCAAATGCCTAA,9
Mux4-CATACCAACAACCACA,10
Mux4-CATACCAAGACTAGTA,10
Mux4-CATACCAACAATGGAA,10
Mux4-CATACCAACACTTCGA,10
Mux4-CATACCAACAGCGTTA,10
Mux4-CATACCAACATACCAA,10
Mux4-CATACCAACCAGTTCA,10
Mux4-CATACCAACCGAAGTA,10
Mux4-CATACCAACCGTGAGA,10
Mux4-CATACCAACCTCCTGA,10
Mux4-CATACCAAAGTGGTCA,9
Mux4-CATACCAACGAACTTA,10
Mux4-CATACCAACGACTGGA,10
Mux4-CATACCAACGCATACA,10
Mux4-CATACCAACTCAATGA,10
Mux4-CATACCAACTGAGCCA,10
Mux4-CATACCAACTGGCATA,3
Mux4-CATACCAAACCACTGT,8
Mux4-CATACCAAACATTGGC,8
Mux4-CATACCAACAGATCTG,8
Mux4-CATACCAACATCAAGT,8
Mux4-CATACCAACGCTGATC,8
Mux4-CCAGTTCAAACGTGAT,9
Mux4-CCAGTTCAACAAGCTA,8
Mux4-CCAGTTCAAACCGAGA,4
Mux4-CCAGTTCAAACGCTTA,4
Mux4-CCAGTTCAAAGACGGA,4
Mux4-CCAGTTCAAAGGTACA,4
Mux4-CCAGTTCAACACAGAA,4
Mux4-CCAGTTCAACAGCAGA,4
Mux4-CCAGTTCAAAACATCG,9
Mux4-CCAGTTCAACCTCCAA,4
Mux4-CCAGTTCAACGCTCGA,4
Mux4-CCAGTTCAACGTATCA,4
Mux4-CCAGTTCAACTATGCA,4
Mux4-CCAGTTCAAGAGTCAA,4
Mux4-CCAGTTCAAGATCGCA,10
Mux4-CCAGTTCAAGCAGGAA,10
Mux4-CCAGTTCAAGTCACTA,10
Mux4-CCAGTTCAATCCTGTA,10
Mux4-CCAGTTCAATTGAGGA,10
Mux4-CCAGTTCAATGCCTAA,9
Mux4-CCAGTTCACAACCACA,10
Mux4-CCAGTTCAGACTAGTA,10
Mux4-CCAGTTCACAATGGAA,10
Mux4-CCAGTTCACACTTCGA,10
Mux4-CCAGTTCACAGCGTTA,10
Mux4-CCAGTTCACATACCAA,10
Mux4-CCAGTTCACCAGTTCA,10
Mux4-CCAGTTCACCGAAGTA,10
Mux4-CCAGTTCACCGTGAGA,10
Mux4-CCAGTTCACCTCCTGA,10
Mux4-CCAGTTCAAGTGGTCA,9
Mux4-CCAGTTCACGAACTTA,10
Mux4-CCAGTTCACGACTGGA,10
Mux4-CCAGTTCACGCATACA,10
Mux4-CCAGTTCACTCAATGA,10
Mux4-CCAGTTCACTGAGCCA,10
Mux4-CCAGTTCACTGGCATA,10
Mux4-CCAGTTCAGAATCTGA,3
Mux4-CCAGTTCAACCACTGT,8
Mux4-CCAGTTCAACATTGGC,8
Mux4-CCAGTTCACAGATCTG,8
Mux4-CCAGTTCACATCAAGT,8
Mux4-CCAGTTCACGCTGATC,8
Mux4-CCGAAGTAAACGTGAT,9
Mux4-CCGAAGTAACAAGCTA,8
Mux4-CCGAAGTACTGTAGCC,8
Mux4-CCGAAGTAAACCGAGA,4
Mux4-CCGAAGTAAACGCTTA,4
Mux4-CCGAAGTAAAGACGGA,4
Mux4-CCGAAGTAAAGGTACA,4
Mux4-CCGAAGTAACACAGAA,4
Mux4-CCGAAGTAACAGCAGA,4
Mux4-CCGAAGTAAAACATCG,9
Mux4-CCGAAGTAACCTCCAA,4
Mux4-CCGAAGTAACGCTCGA,4
Mux4-CCGAAGTAACGTATCA,4
Mux4-CCGAAGTAACTATGCA,4
Mux4-CCGAAGTAAGAGTCAA,4
Mux4-CCGAAGTAAGATCGCA,10
Mux4-CCGAAGTAAGCAGGAA,10
Mux4-CCGAAGTAAGTCACTA,10
Mux4-CCGAAGTAATCCTGTA,10
Mux4-CCGAAGTAATTGAGGA,10
Mux4-CCGAAGTAATGCCTAA,9
Mux4-CCGAAGTACAACCACA,10
Mux4-CCGAAGTAGACTAGTA,10
Mux4-CCGAAGTACAATGGAA,10
Mux4-CCGAAGTACAGCGTTA,10
Mux4-CCGAAGTACATACCAA,10
Mux4-CCGAAGTACCAGTTCA,10
Mux4-CCGAAGTACCGAAGTA,10
Mux4-CCGAAGTACCGTGAGA,10
Mux4-CCGAAGTACCTCCTGA,10
Mux4-CCGAAGTAAGTGGTCA,9
Mux4-CCGAAGTACGAACTTA,10
Mux4-CCGAAGTACGACTGGA,10
Mux4-CCGAAGTACGCATACA,10
Mux4-CCGAAGTACTCAATGA,10
Mux4-CCGAAGTACTGAGCCA,10
Mux4-CCGAAGTACTGGCATA,10
Mux4-CCGAAGTAGAATCTGA,10
Mux4-CCGAAGTAACCACTGT,8
Mux4-CCGAAGTAACATTGGC,8
Mux4-CCGAAGTACAGATCTG,8
Mux4-CCGAAGTACATCAAGT,8
Mux4-CCGAAGTACGCTGATC,8
Mux4-CCGTGAGAAACGTGAT,9
Mux4-CCGTGAGAACAAGCTA,8
Mux4-CCGTGAGACTGTAGCC,8
Mux4-CCGTGAGAAACAACCA,8
Mux4-CCGTGAGAAACCGAGA,8
Mux4-CCGTGAGAAACGCTTA,4
Mux4-CCGTGAGAAAGACGGA,4
Mux4-CCGTGAGAAAGGTACA,4
Mux4-CCGTGAGAACACAGAA,4
Mux4-CCGTGAGAACAGCAGA,4
Mux4-CCGTGAGAAAACATCG,9
Mux4-CCGTGAGAACCTCCAA,4
Mux4-CCGTGAGAACGCTCGA,4
Mux4-CCGTGAGAACGTATCA,4
Mux4-CCGTGAGAACTATGCA,4
Mux4-CCGTGAGAAGAGTCAA,10
Mux4-CCGTGAGAAGATCGCA,10
Mux4-CCGTGAGAAGCAGGAA,10
Mux4-CCGTGAGAAGTCACTA,10
Mux4-CCGTGAGAATCCTGTA,10
Mux4-CCGTGAGAATTGAGGA,10
Mux4-CCGTGAGAATGCCTAA,9
Mux4-CCGTGAGACAACCACA,10
Mux4-CCGTGAGAGACTAGTA,10
Mux4-CCGTGAGACAATGGAA,10
Mux4-CCGTGAGACACTTCGA,10
Mux4-CCGTGAGACAGCGTTA,10
Mux4-CCGTGAGACCAGTTCA,10
Mux4-CCGTGAGACCGTGAGA,10
Mux4-CCGTGAGACCTCCTGA,10
Mux4-CCGTGAGAAGTGGTCA,9
Mux4-CCGTGAGACGAACTTA,10
Mux4-CCGTGAGACGACTGGA,10
Mux4-CCGTGAGACGCATACA,10
Mux4-CCGTGAGACTCAATGA,10
Mux4-CCGTGAGACTGAGCCA,10
Mux4-CCGTGAGACTGGCATA,10
Mux4-CCGTGAGAGAATCTGA,10
Mux4-CCGTGAGACAAGACTA,10
Mux4-CCGTGAGAACCACTGT,8
Mux4-CCGTGAGAACATTGGC,8
Mux4-CCGTGAGACAGATCTG,8
Mux4-CCGTGAGACATCAAGT,8
Mux4-CCGTGAGACGCTGATC,8
Mux4-CCTCCTGAACAAGCTA,8
Mux4-CCTCCTGACTGTAGCC,8
Mux4-CCTCCTGAAACAACCA,8
Mux4-CCTCCTGAAACCGAGA,8
Mux4-CCTCCTGAAACGCTTA,8
Mux4-CCTCCTGAAAGACGGA,8
Mux4-CCTCCTGAAAGGTACA,3
Mux4-CCTCCTGAACACAGAA,4
Mux4-CCTCCTGAACAGCAGA,4
Mux4-CCTCCTGAAAACATCG,9
Mux4-CCTCCTGAACCTCCAA,4
Mux4-CCTCCTGAACGCTCGA,4
Mux4-CCTCCTGAACGTATCA,4
Mux4-CCTCCTGAACTATGCA,4
Mux4-CCTCCTGAAGAGTCAA,10
Mux4-CCTCCTGAAGATCGCA,10
Mux4-CCTCCTGAAGCAGGAA,10
Mux4-CCTCCTGAAGTCACTA,10
Mux4-CCTCCTGAATCCTGTA,10
Mux4-CCTCCTGAATTGAGGA,10
Mux4-CCTCCTGAATGCCTAA,9
Mux4-CCTCCTGACAACCACA,10
Mux4-CCTCCTGAGACTAGTA,10
Mux4-CCTCCTGACACTTCGA,10
Mux4-CCTCCTGACAGCGTTA,10
Mux4-CCTCCTGACATACCAA,3
Mux4-CCTCCTGACCAGTTCA,10
Mux4-CCTCCTGAAGTGGTCA,9
Mux4-CCTCCTGACGAACTTA,10
Mux4-CCTCCTGACGACTGGA,10
Mux4-CCTCCTGACGCATACA,10
Mux4-CCTCCTGACTCAATGA,10
Mux4-CCTCCTGACTGAGCCA,10
Mux4-CCTCCTGACTGGCATA,10
Mux4-CCTCCTGAGAATCTGA,10
Mux4-CCTCCTGACAAGACTA,10
Mux4-CCTCCTGAACCACTGT,8
Mux4-CCTCCTGAACATTGGC,8
Mux4-CCTCCTGACAGATCTG,8
Mux4-CCTCCTGACATCAAGT,8
Mux4-CCTCCTGACGCTGATC,8
Mux4-ATGCCTAAAACGTGAT,1
Mux4-ATGCCTAAACAAGCTA,8
Mux4-ATGCCTAACTGTAGCC,8
Mux4-ATGCCTAAAGTACAAG,8
Mux4-ATGCCTAAAACAACCA,8
Mux4-ATGCCTAAAACCGAGA,8
Mux4-ATGCCTAAAACGCTTA,8
Mux4-ATGCCTAAAAGACGGA,8
Mux4-ATGCCTAAAAGGTACA,8
Mux4-ATGCCTAAACACAGAA,8
Mux4-ATGCCTAAACAGCAGA,8
Mux4-ATGCCTAAAAACATCG,1
Mux4-ATGCCTAAACCTCCAA,8
Mux4-ATGCCTAAACGCTCGA,8
Mux4-ATGCCTAAACGTATCA,6
Mux4-ATGCCTAAACTATGCA,6
Mux4-ATGCCTAAAGAGTCAA,6
Mux4-ATGCCTAAAGATCGCA,6
Mux4-ATGCCTAAAGCAGGAA,6
Mux4-ATGCCTAAAGTCACTA,6
Mux4-ATGCCTAAATCCTGTA,6
Mux4-ATGCCTAAATTGAGGA,6
Mux4-ATGCCTAAATGCCTAA,1
Mux4-ATGCCTAACAACCACA,6
Mux4-ATGCCTAAGACTAGTA,6
Mux4-ATGCCTAACAATGGAA,6
Mux4-ATGCCTAACACTTCGA,6
Mux4-ATGCCTAACAGCGTTA,6
Mux4-ATGCCTAACATACCAA,6
Mux4-ATGCCTAACCAGTTCA,6
Mux4-ATGCCTAACCGAAGTA,6
Mux4-ATGCCTAACCGTGAGA,6
Mux4-ATGCCTAACCTCCTGA,6
Mux4-ATGCCTAAAGTGGTCA,9
Mux4-ATGCCTAACGAACTTA,6
Mux4-ATGCCTAACGACTGGA,6
Mux4-ATGCCTAACGCATACA,6
Mux4-ATGCCTAACTCAATGA,6
Mux4-ATGCCTAACTGAGCCA,6
Mux4-ATGCCTAACTGGCATA,6
Mux4-ATGCCTAAGAATCTGA,6
Mux4-ATGCCTAACAAGACTA,6
Mux4-ATGCCTAAGAGCTGAA,6
Mux4-ATGCCTAAGATAGACA,6
Mux4-ATGCCTAAGCCACATA,6
Mux4-ATGCCTAAACATTGGC,8
Mux4-ATGCCTAACAGATCTG,8
Mux4-ATGCCTAACATCAAGT,8
Mux4-ATGCCTAACGCTGATC,8
Mux4-CGAACTTAACAAGCTA,8
Mux4-CGAACTTACTGTAGCC,8
Mux4-CGAACTTAAGTACAAG,8
Mux4-CGAACTTAAACAACCA,8
Mux4-CGAACTTAAACCGAGA,8
Mux4-CGAACTTAAACGCTTA,8
Mux4-CGAACTTAAAGACGGA,4
Mux4-CGAACTTAAAGGTACA,3
Mux4-CGAACTTAACACAGAA,4
Mux4-CGAACTTAACAGCAGA,4
Mux4-CGAACTTAAAACATCG,9
Mux4-CGAACTTAACCTCCAA,4
Mux4-CGAACTTAACGCTCGA,4
Mux4-CGAACTTAACGTATCA,4
Mux4-CGAACTTAACTATGCA,10
Mux4-CGAACTTAAGAGTCAA,10
Mux4-CGAACTTAAGATCGCA,10
Mux4-CGAACTTAAGCAGGAA,10
Mux4-CGAACTTAAGTCACTA,10
Mux4-CGAACTTAATCCTGTA,10
Mux4-CGAACTTAATTGAGGA,10
Mux4-CGAACTTAATGCCTAA,9
Mux4-CGAACTTACAACCACA,10
Mux4-CGAACTTAGACTAGTA,10
Mux4-CGAACTTACAATGGAA,10
Mux4-CGAACTTACACTTCGA,10
Mux4-CGAACTTACAGCGTTA,10
Mux4-CGAACTTACCGAAGTA,10
Mux4-CGAACTTACCGTGAGA,10
Mux4-CGAACTTAAGTGGTCA,9
Mux4-CGAACTTACGCATACA,10
Mux4-CGAACTTACTCAATGA,10
Mux4-CGAACTTACTGAGCCA,10
Mux4-CGAACTTACTGGCATA,10
Mux4-CGAACTTAGAATCTGA,10
Mux4-CGAACTTACAAGACTA,3
Mux4-CGAACTTAGAGCTGAA,10
Mux4-CGAACTTAACCACTGT,8
Mux4-CGAACTTAACATTGGC,8
Mux4-CGAACTTACAGATCTG,8
Mux4-CGAACTTACATCAAGT,8
Mux4-CGAACTTACGCTGATC,8
Mux4-CGACTGGAACAAGCTA,8
Mux4-CGACTGGACTGTAGCC,8
Mux4-CGACTGGAAGTACAAG,8
Mux4-CGACTGGAAACCGAGA,8
Mux4-CGACTGGAAAGACGGA,3
Mux4-CGACTGGAAAGGTACA,3
Mux4-CGACTGGAACACAGAA,4
Mux4-CGACTGGAACAGCAGA,4
Mux4-CGACTGGAAAACATCG,9
Mux4-CGACTGGAACCTCCAA,4
Mux4-CGACTGGAACGCTCGA,4
Mux4-CGACTGGAACGTATCA,4
Mux4-CGACTGGAACTATGCA,10
Mux4-CGACTGGAAGAGTCAA,10
Mux4-CGACTGGAAGATCGCA,10
Mux4-CGACTGGAAGCAGGAA,10
Mux4-CGACTGGAAGTCACTA,10
Mux4-CGACTGGAATCCTGTA,10
Mux4-CGACTGGAATTGAGGA,10
Mux4-CGACTGGAATGCCTAA,9
Mux4-CGACTGGACAACCACA,10
Mux4-CGACTGGAGACTAGTA,10
Mux4-CGACTGGACAATGGAA,10
Mux4-CGACTGGACACTTCGA,10
Mux4-CGACTGGACAGCGTTA,10
Mux4-CGACTGGACATACCAA,10
Mux4-CGACTGGACCAGTTCA,10
Mux4-CGACTGGACCGAAGTA,10
Mux4-CGACTGGACCGTGAGA,10
Mux4-CGACTGGAAGTGGTCA,9
Mux4-CGACTGGACGCATACA,10
Mux4-CGACTGGACTCAATGA,10
Mux4-CGACTGGACTGAGCCA,10
Mux4-CGACTGGACTGGCATA,10
Mux4-CGACTGGAGAATCTGA,10
Mux4-CGACTGGACAAGACTA,10
Mux4-CGACTGGAGAGCTGAA,3
Mux4-CGACTGGAGATAGACA,3
Mux4-CGACTGGAACCACTGT,8
Mux4-CGACTGGAGCCACATA,3
Mux4-CGACTGGAACATTGGC,8
Mux4-CGACTGGACAGATCTG,8
Mux4-CGACTGGACATCAAGT,8
Mux4-CGACTGGACGCTGATC,8
Mux4-CGCATACAACAAGCTA,8
Mux4-CGCATACACTGTAGCC,8
Mux4-CGCATACAAGTACAAG,8
Mux4-CGCATACAAACCGAGA,8
Mux4-CGCATACAAAGACGGA,3
Mux4-CGCATACAAAGGTACA,3
Mux4-CGCATACAACACAGAA,4
Mux4-CGCATACAACAGCAGA,4
Mux4-CGCATACAAAACATCG,9
Mux4-CGCATACAACCTCCAA,4
Mux4-CGCATACAACGCTCGA,4
Mux4-CGCATACAACGTATCA,4
Mux4-CGCATACAACTATGCA,4
Mux4-CGCATACAAGAGTCAA,4
Mux4-CGCATACAAGATCGCA,10
Mux4-CGCATACAAGCAGGAA,10
Mux4-CGCATACAAGTCACTA,10
Mux4-CGCATACAATCCTGTA,10
Mux4-CGCATACAATTGAGGA,10
Mux4-CGCATACAATGCCTAA,9
Mux4-CGCATACACAACCACA,10
Mux4-CGCATACAGACTAGTA,10
Mux4-CGCATACACAATGGAA,10
Mux4-CGCATACACACTTCGA,10
Mux4-CGCATACACAGCGTTA,10
Mux4-CGCATACACATACCAA,10
Mux4-CGCATACACCAGTTCA,10
Mux4-CGCATACACCGAAGTA,10
Mux4-CGCATACACCGTGAGA,10
Mux4-CGCATACACCTCCTGA,10
Mux4-CGCATACAAGTGGTCA,9
Mux4-CGCATACACGAACTTA,10
Mux4-CGCATACACGACTGGA,10
Mux4-CGCATACACGCATACA,10
Mux4-CGCATACACTCAATGA,10
Mux4-CGCATACACTGAGCCA,3
Mux4-CGCATACACTGGCATA,3
Mux4-CGCATACAGAATCTGA,10
Mux4-CGCATACACAAGACTA,10
Mux4-CGCATACAGAGCTGAA,10
Mux4-CGCATACAGATAGACA,3
Mux4-CGCATACAACCACTGT,8
Mux4-CGCATACAGCCACATA,3
Mux4-CGCATACAACATTGGC,8
Mux4-CGCATACACAGATCTG,8
Mux4-CGCATACACATCAAGT,8
Mux4-CGCATACACGCTGATC,8
Mux4-CTCAATGAACAAGCTA,8
Mux4-CTCAATGACTGTAGCC,8
Mux4-CTCAATGAAGTACAAG,8
Mux4-CTCAATGAAACAACCA,8
Mux4-CTCAATGAAACCGAGA,8
Mux4-CTCAATGAAACGCTTA,8
Mux4-CTCAATGAAAGACGGA,8
Mux4-CTCAATGAAAGGTACA,3
Mux4-CTCAATGAACACAGAA,4
Mux4-CTCAATGAACAGCAGA,4
Mux4-CTCAATGAACCTCCAA,4
Mux4-CTCAATGAACGCTCGA,4
Mux4-CTCAATGAACGTATCA,4
Mux4-CTCAATGAACTATGCA,4
Mux4-CTCAATGAAGAGTCAA,10
Mux4-CTCAATGAAGATCGCA,10
Mux4-CTCAATGAAGCAGGAA,10
Mux4-CTCAATGAAGTCACTA,10
Mux4-CTCAATGAATCCTGTA,10
Mux4-CTCAATGAATTGAGGA,10
Mux4-CTCAATGAATGCCTAA,9
Mux4-CTCAATGACAACCACA,10
Mux4-CTCAATGAGACTAGTA,10
Mux4-CTCAATGACAATGGAA,10
Mux4-CTCAATGACACTTCGA,10
Mux4-CTCAATGACAGCGTTA,10
Mux4-CTCAATGACATACCAA,10
Mux4-CTCAATGACCAGTTCA,10
Mux4-CTCAATGACCGAAGTA,10
Mux4-CTCAATGACCGTGAGA,10
Mux4-CTCAATGACCTCCTGA,10
Mux4-CTCAATGAAGTGGTCA,9
Mux4-CTCAATGACGAACTTA,10
Mux4-CTCAATGACGACTGGA,10
Mux4-CTCAATGACGCATACA,10
Mux4-CTCAATGACTCAATGA,10
Mux4-CTCAATGACTGAGCCA,3
Mux4-CTCAATGACTGGCATA,3
Mux4-CTCAATGAGAATCTGA,10
Mux4-CTCAATGACAAGACTA,10
Mux4-CTCAATGAGAGCTGAA,10
Mux4-CTCAATGAGATAGACA,10
Mux4-CTCAATGAACCACTGT,9
Mux4-CTCAATGAGCCACATA,10
Mux4-CTCAATGAACATTGGC,8
Mux4-CTCAATGACAGATCTG,8
Mux4-CTCAATGACATCAAGT,8
Mux4-CTCAATGACGCTGATC,8
Mux4-CTGAGCCAACAAGCTA,8
Mux4-CTGAGCCACTGTAGCC,8
Mux4-CTGAGCCAAGTACAAG,8
Mux4-CTGAGCCAAACAACCA,8
Mux4-CTGAGCCAAACCGAGA,8
Mux4-CTGAGCCAAACGCTTA,8
Mux4-CTGAGCCAAAGACGGA,8
Mux4-CTGAGCCAAAGGTACA,4
Mux4-CTGAGCCAACACAGAA,4
Mux4-CTGAGCCAACAGCAGA,4
Mux4-CTGAGCCAACCTCCAA,4
Mux4-CTGAGCCAACGCTCGA,4
Mux4-CTGAGCCAACGTATCA,4
Mux4-CTGAGCCAACTATGCA,4
Mux4-CTGAGCCAAGAGTCAA,4
Mux4-CTGAGCCAAGATCGCA,10
Mux4-CTGAGCCAAGCAGGAA,10
Mux4-CTGAGCCAAGTCACTA,10
Mux4-CTGAGCCAATCCTGTA,10
Mux4-CTGAGCCAATTGAGGA,10
Mux4-CTGAGCCAATGCCTAA,9
Mux4-CTGAGCCACAACCACA,10
Mux4-CTGAGCCAGACTAGTA,10
Mux4-CTGAGCCACAATGGAA,10
Mux4-CTGAGCCACACTTCGA,10
Mux4-CTGAGCCACAGCGTTA,10
Mux4-CTGAGCCACATACCAA,10
Mux4-CTGAGCCACCAGTTCA,10
Mux4-CTGAGCCACCGAAGTA,10
Mux4-CTGAGCCACCGTGAGA,10
Mux4-CTGAGCCACCTCCTGA,10
Mux4-CTGAGCCAAGTGGTCA,9
Mux4-CTGAGCCACGAACTTA,10
Mux4-CTGAGCCACGACTGGA,10
Mux4-CTGAGCCACGCATACA,10
Mux4-CTGAGCCACTCAATGA,10
Mux4-CTGAGCCACTGAGCCA,3
Mux4-CTGAGCCACTGGCATA,3
Mux4-CTGAGCCAGAATCTGA,10
Mux4-CTGAGCCACAAGACTA,10
Mux4-CTGAGCCAGAGCTGAA,10
Mux4-CTGAGCCAGATAGACA,10
Mux4-CTGAGCCAACCACTGT,1
Mux4-CTGAGCCAGCCACATA,2
Mux4-CTGAGCCAACATTGGC,9
Mux4-CTGAGCCACAGATCTG,8
Mux4-CTGAGCCACATCAAGT,8
Mux4-CTGAGCCACGCTGATC,8
Mux4-CTGGCATAACAAGCTA,8
Mux4-CTGGCATACTGTAGCC,8
Mux4-CTGGCATAAGTACAAG,8
Mux4-CTGGCATAAACAACCA,8
Mux4-CTGGCATAAACCGAGA,8
Mux4-CTGGCATAAACGCTTA,8
Mux4-CTGGCATAAAGACGGA,8
Mux4-CTGGCATAAAGGTACA,4
Mux4-CTGGCATAACACAGAA,4
Mux4-CTGGCATAACAGCAGA,4
Mux4-CTGGCATAACCTCCAA,4
Mux4-CTGGCATAACGCTCGA,4
Mux4-CTGGCATAACGTATCA,4
Mux4-CTGGCATAACTATGCA,4
Mux4-CTGGCATAAGAGTCAA,4
Mux4-CTGGCATAAGATCGCA,10
Mux4-CTGGCATAAGCAGGAA,10
Mux4-CTGGCATAAGTCACTA,10
Mux4-CTGGCATAATCCTGTA,10
Mux4-CTGGCATAATTGAGGA,10
Mux4-CTGGCATAATGCCTAA,9
Mux4-CTGGCATACAACCACA,10
Mux4-CTGGCATAGACTAGTA,10
Mux4-CTGGCATACAATGGAA,10
Mux4-CTGGCATACACTTCGA,10
Mux4-CTGGCATACAGCGTTA,10
Mux4-CTGGCATACATACCAA,10
Mux4-CTGGCATACCAGTTCA,10
Mux4-CTGGCATACCGAAGTA,10
Mux4-CTGGCATACCGTGAGA,10
Mux4-CTGGCATACCTCCTGA,10
Mux4-CTGGCATAAGTGGTCA,9
Mux4-CTGGCATACGAACTTA,10
Mux4-CTGGCATACGACTGGA,10
Mux4-CTGGCATACGCATACA,10
Mux4-CTGGCATACTCAATGA,10
Mux4-CTGGCATACTGAGCCA,10
Mux4-CTGGCATACTGGCATA,10
Mux4-CTGGCATAGAATCTGA,10
Mux4-CTGGCATACAAGACTA,10
Mux4-CTGGCATAGAGCTGAA,10
Mux4-CTGGCATAGATAGACA,10
Mux4-CTGGCATAACCACTGT,9
Mux4-CTGGCATAGCCACATA,10
Mux4-CTGGCATAACATTGGC,8
Mux4-CTGGCATACAGATCTG,8
Mux4-CTGGCATACATCAAGT,8
Mux4-CTGGCATACGCTGATC,8
Mux4-GAATCTGAACAAGCTA,8
Mux4-GAATCTGACTGTAGCC,8
Mux4-GAATCTGAAGTACAAG,8
Mux4-GAATCTGAAACAACCA,8
Mux4-GAATCTGAAACCGAGA,8
Mux4-GAATCTGAAACGCTTA,8
Mux4-GAATCTGAAAGACGGA,8
Mux4-GAATCTGAAAGGTACA,4
Mux4-GAATCTGAACACAGAA,4
Mux4-GAATCTGAACAGCAGA,4
Mux4-GAATCTGAACCTCCAA,4
Mux4-GAATCTGAACGCTCGA,4
Mux4-GAATCTGAACGTATCA,4
Mux4-GAATCTGAACTATGCA,4
Mux4-GAATCTGAAGAGTCAA,4
Mux4-GAATCTGAAGATCGCA,10
Mux4-GAATCTGAAGCAGGAA,10
Mux4-GAATCTGAAGTCACTA,10
Mux4-GAATCTGAATCCTGTA,10
Mux4-GAATCTGAATTGAGGA,10
Mux4-GAATCTGAATGCCTAA,9
Mux4-GAATCTGACAACCACA,10
Mux4-GAATCTGAGACTAGTA,10
Mux4-GAATCTGACAATGGAA,10
Mux4-GAATCTGACACTTCGA,10
Mux4-GAATCTGACAGCGTTA,10
Mux4-GAATCTGACATACCAA,10
Mux4-GAATCTGACCAGTTCA,10
Mux4-GAATCTGACCGAAGTA,10
Mux4-GAATCTGACCGTGAGA,10
Mux4-GAATCTGACCTCCTGA,10
Mux4-GAATCTGAAGTGGTCA,9
Mux4-GAATCTGACGAACTTA,10
Mux4-GAATCTGACGACTGGA,10
Mux4-GAATCTGACGCATACA,10
Mux4-GAATCTGACTCAATGA,10
Mux4-GAATCTGACTGAGCCA,10
Mux4-GAATCTGACTGGCATA,10
Mux4-GAATCTGAGAATCTGA,10
Mux4-GAATCTGACAAGACTA,10
Mux4-GAATCTGAGAGCTGAA,10
Mux4-GAATCTGAGATAGACA,3
Mux4-GAATCTGAACCACTGT,9
Mux4-GAATCTGAGCCACATA,3
Mux4-GAATCTGAACATTGGC,9
Mux4-GAATCTGACAGATCTG,8
Mux4-GAATCTGACATCAAGT,8
Mux4-GAATCTGACGCTGATC,8
Mux4-CAAGACTAACAAGCTA,8
Mux4-CAAGACTACTGTAGCC,8
Mux4-CAAGACTAAGTACAAG,8
Mux4-CAAGACTAAACAACCA,8
Mux4-CAAGACTAAACCGAGA,8
Mux4-CAAGACTAAACGCTTA,8
Mux4-CAAGACTAAAGACGGA,8
Mux4-CAAGACTAAAGGTACA,4
Mux4-CAAGACTAACACAGAA,4
Mux4-CAAGACTAACAGCAGA,4
Mux4-CAAGACTAACCTCCAA,4
Mux4-CAAGACTAACGCTCGA,4
Mux4-CAAGACTAACGTATCA,4
Mux4-CAAGACTAACTATGCA,4
Mux4-CAAGACTAAGAGTCAA,4
Mux4-CAAGACTAAGATCGCA,4
Mux4-CAAGACTAAGCAGGAA,10
Mux4-CAAGACTAAGTCACTA,10
Mux4-CAAGACTAATCCTGTA,10
Mux4-CAAGACTAATTGAGGA,10
Mux4-CAAGACTAATGCCTAA,9
Mux4-CAAGACTACAACCACA,10
Mux4-CAAGACTAGACTAGTA,10
Mux4-CAAGACTACAATGGAA,10
Mux4-CAAGACTACACTTCGA,10
Mux4-CAAGACTACAGCGTTA,10
Mux4-CAAGACTACATACCAA,10
Mux4-CAAGACTACCAGTTCA,10
Mux4-CAAGACTACCGAAGTA,10
Mux4-CAAGACTACCGTGAGA,10
Mux4-CAAGACTACCTCCTGA,10
Mux4-CAAGACTAAGTGGTCA,9
Mux4-CAAGACTACGAACTTA,10
Mux4-CAAGACTACGACTGGA,10
Mux4-CAAGACTACGCATACA,10
Mux4-CAAGACTACTCAATGA,10
Mux4-CAAGACTACTGAGCCA,3
Mux4-CAAGACTACTGGCATA,3
Mux4-CAAGACTACAAGACTA,3
Mux4-CAAGACTAGAGCTGAA,3
Mux4-CAAGACTAGATAGACA,3
Mux4-CAAGACTAACCACTGT,9
Mux4-CAAGACTAGCCACATA,3
Mux4-CAAGACTAACATTGGC,8
Mux4-CAAGACTACAGATCTG,8
Mux4-CAAGACTACATCAAGT,8
Mux4-CAAGACTACGCTGATC,8
Mux4-GAGCTGAAACAAGCTA,8
Mux4-GAGCTGAACTGTAGCC,8
Mux4-GAGCTGAAAGTACAAG,8
Mux4-GAGCTGAAAACAACCA,8
Mux4-GAGCTGAAAACCGAGA,8
Mux4-GAGCTGAAAACGCTTA,8
Mux4-GAGCTGAAAAGACGGA,8
Mux4-GAGCTGAAAAGGTACA,8
Mux4-GAGCTGAAACACAGAA,4
Mux4-GAGCTGAAACAGCAGA,4
Mux4-GAGCTGAAACCTCCAA,4
Mux4-GAGCTGAAACGCTCGA,4
Mux4-GAGCTGAAACGTATCA,4
Mux4-GAGCTGAAACTATGCA,4
Mux4-GAGCTGAAAGAGTCAA,4
Mux4-GAGCTGAAAGATCGCA,4
Mux4-GAGCTGAAAGCAGGAA,4
Mux4-GAGCTGAAAGTCACTA,4
Mux4-GAGCTGAAATCCTGTA,4
Mux4-GAGCTGAAATTGAGGA,10
Mux4-GAGCTGAAATGCCTAA,9
Mux4-GAGCTGAACAACCACA,10
Mux4-GAGCTGAAGACTAGTA,10
Mux4-GAGCTGAACAATGGAA,10
Mux4-GAGCTGAACACTTCGA,10
Mux4-GAGCTGAACAGCGTTA,10
Mux4-GAGCTGAACATACCAA,10
Mux4-GAGCTGAACCAGTTCA,10
Mux4-GAGCTGAACCGAAGTA,10
Mux4-GAGCTGAACCGTGAGA,10
Mux4-GAGCTGAACCTCCTGA,10
Mux4-GAGCTGAAAGTGGTCA,9
Mux4-GAGCTGAACGAACTTA,10
Mux4-GAGCTGAACGACTGGA,10
Mux4-GAGCTGAACGCATACA,10
Mux4-GAGCTGAACTCAATGA,10
Mux4-GAGCTGAACTGAGCCA,3
Mux4-GAGCTGAACTGGCATA,3
Mux4-GAGCTGAAGAATCTGA,3
Mux4-GAGCTGAACAAGACTA,3
Mux4-GAGCTGAAGAGCTGAA,3
Mux4-GAGCTGAAGATAGACA,3
Mux4-GAGCTGAAACCACTGT,8
Mux4-GAGCTGAAGCCACATA,3
Mux4-GAGCTGAAACATTGGC,9
Mux4-GAGCTGAACAGATCTG,8
Mux4-GAGCTGAACATCAAGT,8
Mux4-GAGCTGAACGCTGATC,8
Mux4-GATAGACAACAAGCTA,8
Mux4-GATAGACACTGTAGCC,8
Mux4-GATAGACAAGTACAAG,8
Mux4-GATAGACAAACAACCA,8
Mux4-GATAGACAAACCGAGA,8
Mux4-GATAGACAAACGCTTA,8
Mux4-GATAGACAAAGACGGA,8
Mux4-GATAGACAAAGGTACA,8
Mux4-GATAGACAACACAGAA,4
Mux4-GATAGACAACAGCAGA,4
Mux4-GATAGACAAAACATCG,9
Mux4-GATAGACAACCTCCAA,4
Mux4-GATAGACAACGCTCGA,4
Mux4-GATAGACAACGTATCA,4
Mux4-GATAGACAACTATGCA,4
Mux4-GATAGACAAGAGTCAA,4
Mux4-GATAGACAAGATCGCA,4
Mux4-GATAGACAAGCAGGAA,4
Mux4-GATAGACAAGTCACTA,4
Mux4-GATAGACAATCCTGTA,4
Mux4-GATAGACAATTGAGGA,10
Mux4-GATAGACAATGCCTAA,9
Mux4-GATAGACACAACCACA,10
Mux4-GATAGACAGACTAGTA,10
Mux4-GATAGACACAATGGAA,10
Mux4-GATAGACACACTTCGA,10
Mux4-GATAGACACAGCGTTA,10
Mux4-GATAGACACATACCAA,10
Mux4-GATAGACACCAGTTCA,10
Mux4-GATAGACACCGAAGTA,10
Mux4-GATAGACACCGTGAGA,10
Mux4-GATAGACACCTCCTGA,10
Mux4-GATAGACAAGTGGTCA,8
Mux4-GATAGACACGAACTTA,10
Mux4-GATAGACACGACTGGA,10
Mux4-GATAGACACGCATACA,10
Mux4-GATAGACACTCAATGA,10
Mux4-GATAGACACTGAGCCA,3
Mux4-GATAGACACTGGCATA,3
Mux4-GATAGACAGAATCTGA,3
Mux4-GATAGACAGAGCTGAA,3
Mux4-GATAGACAGATAGACA,3
Mux4-GATAGACAACCACTGT,9
Mux4-GATAGACAGCCACATA,3
Mux4-GATAGACAACATTGGC,8
Mux4-GATAGACACAGATCTG,9
Mux4-GATAGACACATCAAGT,8
Mux4-GATAGACACGCTGATC,8
Mux4-AGTGGTCAAACGTGAT,1
Mux4-AGTGGTCAACAAGCTA,8
Mux4-AGTGGTCACTGTAGCC,8
Mux4-AGTGGTCAAGTACAAG,8
Mux4-AGTGGTCAAACAACCA,8
Mux4-AGTGGTCAAACCGAGA,8
Mux4-AGTGGTCAAACGCTTA,8
Mux4-AGTGGTCAAAGACGGA,8
Mux4-AGTGGTCAAAGGTACA,8
Mux4-AGTGGTCAACACAGAA,8
Mux4-AGTGGTCAACAGCAGA,8
Mux4-AGTGGTCAAAACATCG,1
Mux4-AGTGGTCAACCTCCAA,8
Mux4-AGTGGTCAACGCTCGA,4
Mux4-AGTGGTCAACGTATCA,6
Mux4-AGTGGTCAACTATGCA,6
Mux4-AGTGGTCAAGAGTCAA,6
Mux4-AGTGGTCAAGATCGCA,6
Mux4-AGTGGTCAAGCAGGAA,6
Mux4-AGTGGTCAAGTCACTA,6
Mux4-AGTGGTCAATCCTGTA,6
Mux4-AGTGGTCAATTGAGGA,6
Mux4-AGTGGTCAATGCCTAA,8
Mux4-AGTGGTCACAACCACA,6
Mux4-AGTGGTCAGACTAGTA,6
Mux4-AGTGGTCACAATGGAA,6
Mux4-AGTGGTCACACTTCGA,6
Mux4-AGTGGTCACAGCGTTA,6
Mux4-AGTGGTCACATACCAA,6
Mux4-AGTGGTCACCAGTTCA,6
Mux4-AGTGGTCACCGAAGTA,6
Mux4-AGTGGTCACCGTGAGA,6
Mux4-AGTGGTCACCTCCTGA,6
Mux4-AGTGGTCAAGTGGTCA,8
Mux4-AGTGGTCACGAACTTA,6
Mux4-AGTGGTCACGACTGGA,6
Mux4-AGTGGTCACGCATACA,6
Mux4-AGTGGTCACTCAATGA,6
Mux4-AGTGGTCACTGAGCCA,6
Mux4-AGTGGTCACTGGCATA,6
Mux4-AGTGGTCAGAATCTGA,6
Mux4-AGTGGTCACAAGACTA,6
Mux4-AGTGGTCAGAGCTGAA,6
Mux4-AGTGGTCAGATAGACA,6
Mux4-AGTGGTCAACCACTGT,8
Mux4-AGTGGTCAGCCACATA,6
Mux4-AGTGGTCAACATTGGC,8
Mux4-AGTGGTCACAGATCTG,8
Mux4-AGTGGTCACATCAAGT,8
Mux4-AGTGGTCACGCTGATC,8
Mux4-GCCACATAACAAGCTA,8
Mux4-GCCACATACTGTAGCC,8
Mux4-GCCACATAAGTACAAG,8
Mux4-GCCACATAAACAACCA,8
Mux4-GCCACATAAACCGAGA,8
Mux4-GCCACATAAACGCTTA,8
Mux4-GCCACATAAAGACGGA,8
Mux4-GCCACATAAAGGTACA,8
Mux4-GCCACATAACACAGAA,4
Mux4-GCCACATAACAGCAGA,4
Mux4-GCCACATAACCTCCAA,4
Mux4-GCCACATAACGCTCGA,4
Mux4-GCCACATAACGTATCA,4
Mux4-GCCACATAACTATGCA,4
Mux4-GCCACATAAGAGTCAA,4
Mux4-GCCACATAAGATCGCA,4
Mux4-GCCACATAAGCAGGAA,4
Mux4-GCCACATAAGTCACTA,4
Mux4-GCCACATAATCCTGTA,4
Mux4-GCCACATAATTGAGGA,4
Mux4-GCCACATAATGCCTAA,9
Mux4-GCCACATACAACCACA,10
Mux4-GCCACATAGACTAGTA,10
Mux4-GCCACATACAATGGAA,10
Mux4-GCCACATACACTTCGA,10
Mux4-GCCACATACAGCGTTA,10
Mux4-GCCACATACATACCAA,10
Mux4-GCCACATACCAGTTCA,10
Mux4-GCCACATACCGAAGTA,10
Mux4-GCCACATACCGTGAGA,10
Mux4-GCCACATACCTCCTGA,10
Mux4-GCCACATAAGTGGTCA,9
Mux4-GCCACATACGAACTTA,10
Mux4-GCCACATACGACTGGA,10
Mux4-GCCACATACGCATACA,10
Mux4-GCCACATACTCAATGA,3
Mux4-GCCACATACTGAGCCA,3
Mux4-GCCACATACTGGCATA,3
Mux4-GCCACATAGAATCTGA,3
Mux4-GCCACATACAAGACTA,3
Mux4-GCCACATAGAGCTGAA,3
Mux4-GCCACATAGATAGACA,3
Mux4-GCCACATAACCACTGT,8
Mux4-GCCACATAGCCACATA,3
Mux4-GCCACATAACATTGGC,9
Mux4-GCCACATACAGATCTG,9
Mux4-GCCACATACATCAAGT,8
Mux4-GCCACATACGCTGATC,8
Mux4-ACCACTGTAACGTGAT,1
Mux4-ACCACTGTACAAGCTA,8
Mux4-ACCACTGTCTGTAGCC,8
Mux4-ACCACTGTAGTACAAG,8
Mux4-ACCACTGTAACAACCA,8
Mux4-ACCACTGTAACCGAGA,8
Mux4-ACCACTGTAACGCTTA,8
Mux4-ACCACTGTAAGACGGA,8
Mux4-ACCACTGTAAGGTACA,8
Mux4-ACCACTGTACACAGAA,8
Mux4-ACCACTGTACAGCAGA,4
Mux4-ACCACTGTAAACATCG,8
Mux4-ACCACTGTACCTCCAA,4
Mux4-ACCACTGTACGCTCGA,6
Mux4-ACCACTGTACGTATCA,6
Mux4-ACCACTGTACTATGCA,6
Mux4-ACCACTGTAGAGTCAA,6
Mux4-ACCACTGTAGATCGCA,6
Mux4-ACCACTGTAGCAGGAA,6
Mux4-ACCACTGTAGTCACTA,6
Mux4-ACCACTGTATCCTGTA,6
Mux4-ACCACTGTATTGAGGA,6
Mux4-ACCACTGTATGCCTAA,8
Mux4-ACCACTGTCAACCACA,6
Mux4-ACCACTGTGACTAGTA,6
Mux4-ACCACTGTCAATGGAA,6
Mux4-ACCACTGTCACTTCGA,6
Mux4-ACCACTGTCAGCGTTA,6
Mux4-ACCACTGTCATACCAA,6
Mux4-ACCACTGTCCAGTTCA,6
Mux4-ACCACTGTCCGAAGTA,6
Mux4-ACCACTGTCCGTGAGA,6
Mux4-ACCACTGTCCTCCTGA,6
Mux4-ACCACTGTAGTGGTCA,8
Mux4-ACCACTGTCGAACTTA,6
Mux4-ACCACTGTCGACTGGA,6
Mux4-ACCACTGTCGCATACA,6
Mux4-ACCACTGTCTCAATGA,6
Mux4-ACCACTGTCTGAGCCA,6
Mux4-ACCACTGTCTGGCATA,6
Mux4-ACCACTGTGAATCTGA,6
Mux4-ACCACTGTCAAGACTA,6
Mux4-ACCACTGTGAGCTGAA,6
Mux4-ACCACTGTGATAGACA,6
Mux4-ACCACTGTACCACTGT,8
Mux4-ACCACTGTGCCACATA,6
Mux4-ACCACTGTACATTGGC,8
Mux4-ACCACTGTCAGATCTG,8
Mux4-ACCACTGTCATCAAGT,8
Mux4-ACCACTGTCGCTGATC,8
Mux4-ACATTGGCAACGTGAT,1
Mux4-ACATTGGCACAAGCTA,8
Mux4-ACATTGGCCTGTAGCC,8
Mux4-ACATTGGCAGTACAAG,8
Mux4-ACATTGGCAACAACCA,8
Mux4-ACATTGGCAACCGAGA,4
Mux4-ACATTGGCAACGCTTA,4
Mux4-ACATTGGCAAGACGGA,8
Mux4-ACATTGGCAAGGTACA,8
Mux4-ACATTGGCACACAGAA,4
Mux4-ACATTGGCACAGCAGA,4
Mux4-ACATTGGCAAACATCG,8
Mux4-ACATTGGCACCTCCAA,4
Mux4-ACATTGGCACGCTCGA,6
Mux4-ACATTGGCACGTATCA,6
Mux4-ACATTGGCACTATGCA,6
Mux4-ACATTGGCAGAGTCAA,6
Mux4-ACATTGGCAGATCGCA,6
Mux4-ACATTGGCAGCAGGAA,6
Mux4-ACATTGGCAGTCACTA,6
Mux4-ACATTGGCATCCTGTA,6
Mux4-ACATTGGCATTGAGGA,6
Mux4-ACATTGGCATGCCTAA,8
Mux4-ACATTGGCCAACCACA,6
Mux4-ACATTGGCGACTAGTA,6
Mux4-ACATTGGCCAATGGAA,6
Mux4-ACATTGGCCACTTCGA,6
Mux4-ACATTGGCCAGCGTTA,6
Mux4-ACATTGGCCATACCAA,6
Mux4-ACATTGGCCCAGTTCA,6
Mux4-ACATTGGCCCGAAGTA,6
Mux4-ACATTGGCCCGTGAGA,6
Mux4-ACATTGGCCCTCCTGA,6
Mux4-ACATTGGCAGTGGTCA,8
Mux4-ACATTGGCCGAACTTA,6
Mux4-ACATTGGCCGACTGGA,6
Mux4-ACATTGGCCGCATACA,6
Mux4-ACATTGGCCTCAATGA,6
Mux4-ACATTGGCCTGAGCCA,6
Mux4-ACATTGGCCTGGCATA,6
Mux4-ACATTGGCGAATCTGA,6
Mux4-ACATTGGCCAAGACTA,6
Mux4-ACATTGGCGAGCTGAA,6
Mux4-ACATTGGCGATAGACA,6
Mux4-ACATTGGCACCACTGT,1
Mux4-ACATTGGCGCCACATA,6
Mux4-ACATTGGCACATTGGC,8
Mux4-ACATTGGCCAGATCTG,8
Mux4-ACATTGGCCATCAAGT,8
Mux4-ACATTGGCCGCTGATC,8
Mux4-CAGATCTGAACGTGAT,1
Mux4-CAGATCTGACAAGCTA,8
Mux4-CAGATCTGCTGTAGCC,8
Mux4-CAGATCTGAGTACAAG,8
Mux4-CAGATCTGAACAACCA,8
Mux4-CAGATCTGAACCGAGA,4
Mux4-CAGATCTGAACGCTTA,4
Mux4-CAGATCTGAAGACGGA,4
Mux4-CAGATCTGAAGGTACA,4
Mux4-CAGATCTGACACAGAA,4
Mux4-CAGATCTGACAGCAGA,8
Mux4-CAGATCTGAAACATCG,8
Mux4-CAGATCTGACCTCCAA,4
Mux4-CAGATCTGACGCTCGA,6
Mux4-CAGATCTGACGTATCA,6
Mux4-CAGATCTGACTATGCA,6
Mux4-CAGATCTGAGAGTCAA,6
Mux4-CAGATCTGAGATCGCA,6
Mux4-CAGATCTGAGCAGGAA,6
Mux4-CAGATCTGAGTCACTA,6
Mux4-CAGATCTGATCCTGTA,6
Mux4-CAGATCTGATTGAGGA,6
Mux4-CAGATCTGATGCCTAA,8
Mux4-CAGATCTGCAACCACA,6
Mux4-CAGATCTGGACTAGTA,6
Mux4-CAGATCTGCAATGGAA,6
Mux4-CAGATCTGCACTTCGA,6
Mux4-CAGATCTGCAGCGTTA,6
Mux4-CAGATCTGCATACCAA,6
Mux4-CAGATCTGCCAGTTCA,6
Mux4-CAGATCTGCCGAAGTA,6
Mux4-CAGATCTGCCGTGAGA,6
Mux4-CAGATCTGCCTCCTGA,6
Mux4-CAGATCTGAGTGGTCA,8
Mux4-CAGATCTGCGAACTTA,6
Mux4-CAGATCTGCGACTGGA,6
Mux4-CAGATCTGCGCATACA,6
Mux4-CAGATCTGCTCAATGA,6
Mux4-CAGATCTGCTGAGCCA,6
Mux4-CAGATCTGCTGGCATA,6
Mux4-CAGATCTGGAATCTGA,6
Mux4-CAGATCTGCAAGACTA,6
Mux4-CAGATCTGGAGCTGAA,6
Mux4-CAGATCTGGATAGACA,6
Mux4-CAGATCTGACCACTGT,8
Mux4-CAGATCTGGCCACATA,6
Mux4-CAGATCTGACATTGGC,8
Mux4-CAGATCTGCAGATCTG,8
Mux4-CAGATCTGCATCAAGT,8
Mux4-CAGATCTGCGCTGATC,8
Mux4-CATCAAGTAACGTGAT,1
Mux4-CATCAAGTACAAGCTA,8
Mux4-CATCAAGTCTGTAGCC,8
Mux4-CATCAAGTAGTACAAG,8
Mux4-CATCAAGTAACAACCA,4
Mux4-CATCAAGTAACCGAGA,4
Mux4-CATCAAGTAACGCTTA,4
Mux4-CATCAAGTAAGACGGA,4
Mux4-CATCAAGTAAGGTACA,4
Mux4-CATCAAGTACACAGAA,4
Mux4-CATCAAGTACAGCAGA,8
Mux4-CATCAAGTAAACATCG,8
Mux4-CATCAAGTACCTCCAA,8
Mux4-CATCAAGTACGCTCGA,6
Mux4-CATCAAGTACGTATCA,6
Mux4-CATCAAGTACTATGCA,6
Mux4-CATCAAGTAGAGTCAA,6
Mux4-CATCAAGTAGATCGCA,6
Mux4-CATCAAGTAGCAGGAA,6
Mux4-CATCAAGTAGTCACTA,6
Mux4-CATCAAGTATCCTGTA,6
Mux4-CATCAAGTATTGAGGA,6
Mux4-CATCAAGTATGCCTAA,8
Mux4-CATCAAGTCAACCACA,6
Mux4-CATCAAGTGACTAGTA,6
Mux4-CATCAAGTCAATGGAA,6
Mux4-CATCAAGTCACTTCGA,6
Mux4-CATCAAGTCAGCGTTA,6
Mux4-CATCAAGTCATACCAA,6
Mux4-CATCAAGTCCAGTTCA,6
Mux4-CATCAAGTCCGAAGTA,6
Mux4-CATCAAGTCCGTGAGA,6
Mux4-CATCAAGTCCTCCTGA,6
Mux4-CATCAAGTAGTGGTCA,8
Mux4-CATCAAGTCGAACTTA,6
Mux4-CATCAAGTCGACTGGA,6
Mux4-CATCAAGTCGCATACA,6
Mux4-CATCAAGTCTCAATGA,6
Mux4-CATCAAGTCTGAGCCA,6
Mux4-CATCAAGTCTGGCATA,6
Mux4-CATCAAGTGAATCTGA,6
Mux4-CATCAAGTCAAGACTA,6
Mux4-CATCAAGTGAGCTGAA,6
Mux4-CATCAAGTGATAGACA,6
Mux4-CATCAAGTACCACTGT,8
Mux4-CATCAAGTGCCACATA,6
Mux4-CATCAAGTACATTGGC,8
Mux4-CATCAAGTCAGATCTG,8
Mux4-CATCAAGTCATCAAGT,8
Mux4-CATCAAGTCGCTGATC,8
Mux4-CGCTGATCAACGTGAT,1
Mux4-CGCTGATCACAAGCTA,8
Mux4-CGCTGATCCTGTAGCC,8
Mux4-CGCTGATCAGTACAAG,4
Mux4-CGCTGATCAACAACCA,4
Mux4-CGCTGATCAACCGAGA,4
Mux4-CGCTGATCAACGCTTA,4
Mux4-CGCTGATCAAGACGGA,4
Mux4-CGCTGATCAAGGTACA,4
Mux4-CGCTGATCACACAGAA,4
Mux4-CGCTGATCACAGCAGA,4
Mux4-CGCTGATCAAACATCG,8
Mux4-CGCTGATCACCTCCAA,4
Mux4-CGCTGATCACGCTCGA,4
Mux4-CGCTGATCACGTATCA,6
Mux4-CGCTGATCACTATGCA,6
Mux4-CGCTGATCAGAGTCAA,6
Mux4-CGCTGATCAGATCGCA,6
Mux4-CGCTGATCAGCAGGAA,6
Mux4-CGCTGATCAGTCACTA,6
Mux4-CGCTGATCATCCTGTA,6
Mux4-CGCTGATCATTGAGGA,6
Mux4-CGCTGATCATGCCTAA,8
Mux4-CGCTGATCCAACCACA,6
Mux4-CGCTGATCGACTAGTA,6
Mux4-CGCTGATCCAATGGAA,6
Mux4-CGCTGATCCACTTCGA,6
Mux4-CGCTGATCCAGCGTTA,6
Mux4-CGCTGATCCATACCAA,6
Mux4-CGCTGATCCCAGTTCA,6
Mux4-CGCTGATCCCGAAGTA,6
Mux4-CGCTGATCCCGTGAGA,6
Mux4-CGCTGATCCCTCCTGA,6
Mux4-CGCTGATCAGTGGTCA,8
Mux4-CGCTGATCCGAACTTA,6
Mux4-CGCTGATCCGACTGGA,6
Mux4-CGCTGATCCGCATACA,6
Mux4-CGCTGATCCTCAATGA,6
Mux4-CGCTGATCCTGAGCCA,6
Mux4-CGCTGATCCTGGCATA,6
Mux4-CGCTGATCGAATCTGA,6
Mux4-CGCTGATCCAAGACTA,6
Mux4-CGCTGATCGAGCTGAA,6
Mux4-CGCTGATCGATAGACA,6
Mux4-CGCTGATCACCACTGT,8
Mux4-CGCTGATCGCCACATA,6
Mux4-CGCTGATCACATTGGC,8
Mux4-CGCTGATCCAGATCTG,8
Mux4-CGCTGATCCATCAAGT,8
Mux4-CGCTGATCCGCTGATC,8
cut-H3K27me3-AACGTGATAAACATCG,7
cut-H3K27me3-AACGTGATATGCCTAA,7
cut-H3K27me3-AACGTGATAGTGGTCA,7
cut-H3K27me3-AACGTGATACAAGCTA,7
cut-H3K27me3-AACGTGATCTGTAGCC,7
cut-H3K27me3-AACGTGATAGTACAAG,7
cut-H3K27me3-AACGTGATAACAACCA,7
cut-H3K27me3-AACGTGATAACCGAGA,7
cut-H3K27me3-AACGTGATAACGCTTA,7
cut-H3K27me3-AACGTGATACACAGAA,7
cut-H3K27me3-AACGTGATACAGCAGA,7
cut-H3K27me3-AACGTGATACCTCCAA,7
cut-H3K27me3-AACGTGATACGCTCGA,7
cut-H3K27me3-AACGTGATACGTATCA,12
cut-H3K27me3-AACGTGATACTATGCA,12
cut-H3K27me3-AACGTGATAGAGTCAA,12
cut-H3K27me3-AACGTGATAGATCGCA,12
cut-H3K27me3-AACGTGATAGCAGGAA,7
cut-H3K27me3-AACGTGATAGTCACTA,12
cut-H3K27me3-AACGTGATATCCTGTA,12
cut-H3K27me3-AACGTGATATTGAGGA,12
cut-H3K27me3-AACGTGATCAACCACA,12
cut-H3K27me3-AACGTGATGACTAGTA,12
cut-H3K27me3-AACGTGATCAATGGAA,3
cut-H3K27me3-AACGTGATCACTTCGA,2
cut-H3K27me3-AACGTGATCAGCGTTA,3
cut-H3K27me3-AACGTGATCATACCAA,2
cut-H3K27me3-AAACATCGAACGTGAT,7
cut-H3K27me3-AAACATCGAAACATCG,7
cut-H3K27me3-AAACATCGATGCCTAA,7
cut-H3K27me3-AAACATCGAGTGGTCA,7
cut-H3K27me3-AAACATCGCGCTGATC,7
cut-H3K27me3-AAACATCGACAAGCTA,7
cut-H3K27me3-AAACATCGCTGTAGCC,7
cut-H3K27me3-AAACATCGAGTACAAG,7
cut-H3K27me3-AAACATCGAACAACCA,7
cut-H3K27me3-AAACATCGAACCGAGA,7
cut-H3K27me3-AAACATCGAACGCTTA,7
cut-H3K27me3-AAACATCGAAGACGGA,7
cut-H3K27me3-AAACATCGAAGGTACA,7
cut-H3K27me3-AAACATCGACACAGAA,7
cut-H3K27me3-AAACATCGACAGCAGA,7
cut-H3K27me3-AAACATCGACCTCCAA,7
cut-H3K27me3-AAACATCGACGCTCGA,7
cut-H3K27me3-AAACATCGACGTATCA,12
cut-H3K27me3-AAACATCGACTATGCA,12
cut-H3K27me3-AAACATCGAGAGTCAA,12
cut-H3K27me3-AAACATCGAGATCGCA,12
cut-H3K27me3-AAACATCGAGCAGGAA,7
cut-H3K27me3-AAACATCGAGTCACTA,12
cut-H3K27me3-AAACATCGATCCTGTA,12
cut-H3K27me3-AAACATCGATTGAGGA,12
cut-H3K27me3-AAACATCGCAACCACA,12
cut-H3K27me3-AAACATCGGACTAGTA,12
cut-H3K27me3-AAACATCGCAATGGAA,12
cut-H3K27me3-AAACATCGCACTTCGA,3
cut-H3K27me3-AAACATCGCAGCGTTA,3
cut-H3K27me3-AAACATCGCATACCAA,3
cut-H3K27me3-AAACATCGCCAGTTCA,12
cut-H3K27me3-AAACATCGCCGAAGTA,12
cut-H3K27me3-AAACATCGCCGTGAGA,12
cut-H3K27me3-AAACATCGCCTCCTGA,12
cut-H3K27me3-AAACATCGCGAACTTA,12
cut-H3K27me3-AAACATCGCGACTGGA,12
cut-H3K27me3-AAACATCGCGCATACA,12
cut-H3K27me3-AAACATCGCTCAATGA,12
cut-H3K27me3-AAACATCGCTGAGCCA,9
cut-H3K27me3-AAACATCGCTGGCATA,12
cut-H3K27me3-AAACATCGGAATCTGA,12
cut-H3K27me3-AAACATCGCAAGACTA,12
cut-H3K27me3-ATGCCTAAAACGTGAT,7
cut-H3K27me3-ATGCCTAAAAACATCG,7
cut-H3K27me3-ATGCCTAAATGCCTAA,7
cut-H3K27me3-ATGCCTAAAGTGGTCA,7
cut-H3K27me3-ATGCCTAAACCACTGT,7
cut-H3K27me3-ATGCCTAAACATTGGC,7
cut-H3K27me3-ATGCCTAACAGATCTG,7
cut-H3K27me3-ATGCCTAACATCAAGT,7
cut-H3K27me3-ATGCCTAACGCTGATC,7
cut-H3K27me3-ATGCCTAAACAAGCTA,7
cut-H3K27me3-ATGCCTAACTGTAGCC,7
cut-H3K27me3-ATGCCTAAAGTACAAG,7
cut-H3K27me3-ATGCCTAAAACAACCA,7
cut-H3K27me3-ATGCCTAAAACCGAGA,7
cut-H3K27me3-ATGCCTAAAACGCTTA,7
cut-H3K27me3-ATGCCTAAAAGACGGA,7
cut-H3K27me3-ATGCCTAAAAGGTACA,7
cut-H3K27me3-ATGCCTAAACACAGAA,7
cut-H3K27me3-ATGCCTAAACAGCAGA,7
cut-H3K27me3-ATGCCTAAACCTCCAA,7
cut-H3K27me3-ATGCCTAAACGCTCGA,7
cut-H3K27me3-ATGCCTAAACGTATCA,7
cut-H3K27me3-ATGCCTAAACTATGCA,7
cut-H3K27me3-ATGCCTAAAGAGTCAA,7
cut-H3K27me3-ATGCCTAAAGATCGCA,7
cut-H3K27me3-ATGCCTAAAGCAGGAA,7
cut-H3K27me3-ATGCCTAAAGTCACTA,7
cut-H3K27me3-ATGCCTAAATCCTGTA,12
cut-H3K27me3-ATGCCTAAATTGAGGA,12
cut-H3K27me3-ATGCCTAACAACCACA,12
cut-H3K27me3-ATGCCTAAGACTAGTA,12
cut-H3K27me3-ATGCCTAACAATGGAA,12
cut-H3K27me3-ATGCCTAACACTTCGA,3
cut-H3K27me3-ATGCCTAACAGCGTTA,12
cut-H3K27me3-ATGCCTAACATACCAA,12
cut-H3K27me3-ATGCCTAACCAGTTCA,12
cut-H3K27me3-ATGCCTAACCGAAGTA,12
cut-H3K27me3-ATGCCTAACCGTGAGA,12
cut-H3K27me3-ATGCCTAACCTCCTGA,12
cut-H3K27me3-ATGCCTAACGAACTTA,12
cut-H3K27me3-ATGCCTAACGACTGGA,12
cut-H3K27me3-ATGCCTAACGCATACA,12
cut-H3K27me3-ATGCCTAACTCAATGA,9
cut-H3K27me3-ATGCCTAACTGAGCCA,12
cut-H3K27me3-ATGCCTAACTGGCATA,9
cut-H3K27me3-ATGCCTAAGAATCTGA,12
cut-H3K27me3-ATGCCTAACAAGACTA,12
cut-H3K27me3-ATGCCTAAGAGCTGAA,12
cut-H3K27me3-ATGCCTAAGATAGACA,12
cut-H3K27me3-ATGCCTAAGCCACATA,12
cut-H3K27me3-AGTGGTCAAACGTGAT,7
cut-H3K27me3-AGTGGTCAAAACATCG,7
cut-H3K27me3-AGTGGTCAATGCCTAA,7
cut-H3K27me3-AGTGGTCAAGTGGTCA,7
cut-H3K27me3-AGTGGTCAACCACTGT,7
cut-H3K27me3-AGTGGTCAACATTGGC,7
cut-H3K27me3-AGTGGTCACAGATCTG,7
cut-H3K27me3-AGTGGTCACATCAAGT,7
cut-H3K27me3-AGTGGTCACGCTGATC,7
cut-H3K27me3-AGTGGTCAACAAGCTA,7
cut-H3K27me3-AGTGGTCACTGTAGCC,7
cut-H3K27me3-AGTGGTCAAGTACAAG,7
cut-H3K27me3-AGTGGTCAAACAACCA,7
cut-H3K27me3-AGTGGTCAAACCGAGA,7
cut-H3K27me3-AGTGGTCAAACGCTTA,7
cut-H3K27me3-AGTGGTCAAAGACGGA,7
cut-H3K27me3-AGTGGTCAAAGGTACA,7
cut-H3K27me3-AGTGGTCAACACAGAA,7
cut-H3K27me3-AGTGGTCAACAGCAGA,7
cut-H3K27me3-AGTGGTCAACCTCCAA,7
cut-H3K27me3-AGTGGTCAACGCTCGA,7
cut-H3K27me3-AGTGGTCAACGTATCA,7
cut-H3K27me3-AGTGGTCAACTATGCA,7
cut-H3K27me3-AGTGGTCAAGAGTCAA,7
cut-H3K27me3-AGTGGTCAAGATCGCA,7
cut-H3K27me3-AGTGGTCAAGCAGGAA,7
cut-H3K27me3-AGTGGTCAAGTCACTA,7
cut-H3K27me3-AGTGGTCAATCCTGTA,7
cut-H3K27me3-AGTGGTCAATTGAGGA,12
cut-H3K27me3-AGTGGTCACACTTCGA,3
cut-H3K27me3-AGTGGTCACAGCGTTA,12
cut-H3K27me3-AGTGGTCACATACCAA,12
cut-H3K27me3-AGTGGTCACCAGTTCA,12
cut-H3K27me3-AGTGGTCACCGAAGTA,12
cut-H3K27me3-AGTGGTCACCGTGAGA,12
cut-H3K27me3-AGTGGTCACCTCCTGA,12
cut-H3K27me3-AGTGGTCACGAACTTA,12
cut-H3K27me3-AGTGGTCACGACTGGA,12
cut-H3K27me3-AGTGGTCACGCATACA,9
cut-H3K27me3-AGTGGTCACTCAATGA,9
cut-H3K27me3-AGTGGTCACTGAGCCA,9
cut-H3K27me3-AGTGGTCACTGGCATA,9
cut-H3K27me3-AGTGGTCAGAATCTGA,9
cut-H3K27me3-AGTGGTCACAAGACTA,12
cut-H3K27me3-AGTGGTCAGAGCTGAA,12
cut-H3K27me3-AGTGGTCAGATAGACA,12
cut-H3K27me3-AGTGGTCAGCCACATA,12
cut-H3K27me3-ACCACTGTAACGTGAT,7
cut-H3K27me3-ACCACTGTAAACATCG,7
cut-H3K27me3-ACCACTGTATGCCTAA,7
cut-H3K27me3-ACCACTGTAGTGGTCA,7
cut-H3K27me3-ACCACTGTACCACTGT,7
cut-H3K27me3-ACCACTGTACATTGGC,7
cut-H3K27me3-ACCACTGTCAGATCTG,7
cut-H3K27me3-ACCACTGTCATCAAGT,7
cut-H3K27me3-ACCACTGTCGCTGATC,7
cut-H3K27me3-ACCACTGTACAAGCTA,7
cut-H3K27me3-ACCACTGTCTGTAGCC,7
cut-H3K27me3-ACCACTGTAGTACAAG,7
cut-H3K27me3-ACCACTGTAACAACCA,7
cut-H3K27me3-ACCACTGTAACCGAGA,7
cut-H3K27me3-ACCACTGTAACGCTTA,7
cut-H3K27me3-ACCACTGTAAGACGGA,7
cut-H3K27me3-ACCACTGTAAGGTACA,7
cut-H3K27me3-ACCACTGTACACAGAA,7
cut-H3K27me3-ACCACTGTACAGCAGA,7
cut-H3K27me3-ACCACTGTACCTCCAA,7
cut-H3K27me3-ACCACTGTACGCTCGA,7
cut-H3K27me3-ACCACTGTACGTATCA,7
cut-H3K27me3-ACCACTGTACTATGCA,7
cut-H3K27me3-ACCACTGTAGAGTCAA,7
cut-H3K27me3-ACCACTGTAGATCGCA,7
cut-H3K27me3-ACCACTGTAGCAGGAA,7
cut-H3K27me3-ACCACTGTAGTCACTA,7
cut-H3K27me3-ACCACTGTATCCTGTA,7
cut-H3K27me3-ACCACTGTATTGAGGA,7
cut-H3K27me3-ACCACTGTCAACCACA,7
cut-H3K27me3-ACCACTGTCACTTCGA,3
cut-H3K27me3-ACCACTGTCAGCGTTA,3
cut-H3K27me3-ACCACTGTCATACCAA,3
cut-H3K27me3-ACCACTGTCCAGTTCA,3
cut-H3K27me3-ACCACTGTCCGAAGTA,3
cut-H3K27me3-ACCACTGTCCGTGAGA,3
cut-H3K27me3-ACCACTGTCCTCCTGA,12
cut-H3K27me3-ACCACTGTCGAACTTA,9
cut-H3K27me3-ACCACTGTCGACTGGA,9
cut-H3K27me3-ACCACTGTCGCATACA,9
cut-H3K27me3-ACCACTGTCTCAATGA,9
cut-H3K27me3-ACCACTGTCTGAGCCA,9
cut-H3K27me3-ACCACTGTCTGGCATA,9
cut-H3K27me3-ACCACTGTGAATCTGA,9
cut-H3K27me3-ACCACTGTCAAGACTA,9
cut-H3K27me3-ACCACTGTGAGCTGAA,9
cut-H3K27me3-ACCACTGTGATAGACA,12
cut-H3K27me3-ACCACTGTGCCACATA,12
cut-H3K27me3-ACATTGGCAACGTGAT,7
cut-H3K27me3-ACATTGGCAAACATCG,7
cut-H3K27me3-ACATTGGCATGCCTAA,7
cut-H3K27me3-ACATTGGCAGTGGTCA,7
cut-H3K27me3-ACATTGGCACCACTGT,7
cut-H3K27me3-ACATTGGCACATTGGC,7
cut-H3K27me3-ACATTGGCCAGATCTG,7
cut-H3K27me3-ACATTGGCCATCAAGT,7
cut-H3K27me3-ACATTGGCCGCTGATC,7
cut-H3K27me3-ACATTGGCACAAGCTA,7
cut-H3K27me3-ACATTGGCCTGTAGCC,7
cut-H3K27me3-ACATTGGCAGTACAAG,7
cut-H3K27me3-ACATTGGCAACAACCA,7
cut-H3K27me3-ACATTGGCAACCGAGA,7
cut-H3K27me3-ACATTGGCAACGCTTA,7
cut-H3K27me3-ACATTGGCAAGACGGA,7
cut-H3K27me3-ACATTGGCAAGGTACA,7
cut-H3K27me3-ACATTGGCACACAGAA,7
cut-H3K27me3-ACATTGGCACAGCAGA,7
cut-H3K27me3-ACATTGGCACCTCCAA,7
cut-H3K27me3-ACATTGGCACGCTCGA,7
cut-H3K27me3-ACATTGGCACGTATCA,7
cut-H3K27me3-ACATTGGCACTATGCA,7
cut-H3K27me3-ACATTGGCAGAGTCAA,7
cut-H3K27me3-ACATTGGCAGATCGCA,7
cut-H3K27me3-ACATTGGCAGCAGGAA,7
cut-H3K27me3-ACATTGGCAGTCACTA,7
cut-H3K27me3-ACATTGGCATCCTGTA,7
cut-H3K27me3-ACATTGGCGACTAGTA,3
cut-H3K27me3-ACATTGGCCACTTCGA,3
cut-H3K27me3-ACATTGGCCATACCAA,3
cut-H3K27me3-ACATTGGCCCAGTTCA,2
cut-H3K27me3-ACATTGGCCCGAAGTA,3
cut-H3K27me3-ACATTGGCCCGTGAGA,3
cut-H3K27me3-ACATTGGCCGACTGGA,9
cut-H3K27me3-ACATTGGCCGCATACA,9
cut-H3K27me3-ACATTGGCCTCAATGA,9
cut-H3K27me3-ACATTGGCCTGAGCCA,9
cut-H3K27me3-ACATTGGCCTGGCATA,9
cut-H3K27me3-ACATTGGCGAATCTGA,9
cut-H3K27me3-ACATTGGCCAAGACTA,9
cut-H3K27me3-ACATTGGCGAGCTGAA,9
cut-H3K27me3-ACATTGGCGATAGACA,12
cut-H3K27me3-ACATTGGCGCCACATA,12
cut-H3K27me3-CAGATCTGAACGTGAT,7
cut-H3K27me3-CAGATCTGAAACATCG,7
cut-H3K27me3-CAGATCTGATGCCTAA,7
cut-H3K27me3-CAGATCTGAGTGGTCA,7
cut-H3K27me3-CAGATCTGACCACTGT,7
cut-H3K27me3-CAGATCTGACATTGGC,7
cut-H3K27me3-CAGATCTGCAGATCTG,7
cut-H3K27me3-CAGATCTGCATCAAGT,7
cut-H3K27me3-CAGATCTGCGCTGATC,12
cut-H3K27me3-CAGATCTGACAAGCTA,12
cut-H3K27me3-CAGATCTGCTGTAGCC,12
cut-H3K27me3-CAGATCTGAGTACAAG,12
cut-H3K27me3-CAGATCTGAACAACCA,12
cut-H3K27me3-CAGATCTGAACCGAGA,12
cut-H3K27me3-CAGATCTGAACGCTTA,12
cut-H3K27me3-CAGATCTGAAGACGGA,12
cut-H3K27me3-CAGATCTGAAGGTACA,12
cut-H3K27me3-CAGATCTGACACAGAA,12
cut-H3K27me3-CAGATCTGACAGCAGA,12
cut-H3K27me3-CAGATCTGACCTCCAA,12
cut-H3K27me3-CAGATCTGACGCTCGA,12
cut-H3K27me3-CAGATCTGACGTATCA,12
cut-H3K27me3-CAGATCTGACTATGCA,12
cut-H3K27me3-CAGATCTGAGAGTCAA,12
cut-H3K27me3-CAGATCTGAGATCGCA,7
cut-H3K27me3-CAGATCTGAGCAGGAA,7
cut-H3K27me3-CAGATCTGCATACCAA,3
cut-H3K27me3-CAGATCTGCGAACTTA,9
cut-H3K27me3-CAGATCTGCGACTGGA,9
cut-H3K27me3-CAGATCTGCGCATACA,9
cut-H3K27me3-CAGATCTGCTCAATGA,9
cut-H3K27me3-CAGATCTGCTGAGCCA,9
cut-H3K27me3-CAGATCTGCTGGCATA,9
cut-H3K27me3-CAGATCTGGAATCTGA,9
cut-H3K27me3-CAGATCTGCAAGACTA,12
cut-H3K27me3-CAGATCTGGAGCTGAA,12
cut-H3K27me3-CAGATCTGGATAGACA,12
cut-H3K27me3-CAGATCTGGCCACATA,12
cut-H3K27me3-CATCAAGTAACGTGAT,7
cut-H3K27me3-CATCAAGTAAACATCG,7
cut-H3K27me3-CATCAAGTATGCCTAA,7
cut-H3K27me3-CATCAAGTAGTGGTCA,7
cut-H3K27me3-CATCAAGTACCACTGT,7
cut-H3K27me3-CATCAAGTACATTGGC,7
cut-H3K27me3-CATCAAGTCAGATCTG,12
cut-H3K27me3-CATCAAGTCATCAAGT,12
cut-H3K27me3-CATCAAGTCGCTGATC,12
cut-H3K27me3-CATCAAGTACAAGCTA,12
cut-H3K27me3-CATCAAGTCTGTAGCC,12
cut-H3K27me3-CATCAAGTAGTACAAG,12
cut-H3K27me3-CATCAAGTAACAACCA,12
cut-H3K27me3-CATCAAGTAACCGAGA,12
cut-H3K27me3-CATCAAGTAACGCTTA,12
cut-H3K27me3-CATCAAGTAAGACGGA,12
cut-H3K27me3-CATCAAGTAAGGTACA,12
cut-H3K27me3-CATCAAGTACACAGAA,12
cut-H3K27me3-CATCAAGTACAGCAGA,12
cut-H3K27me3-CATCAAGTACCTCCAA,12
cut-H3K27me3-CATCAAGTACGCTCGA,12
cut-H3K27me3-CATCAAGTACGTATCA,12
cut-H3K27me3-CATCAAGTACTATGCA,12
cut-H3K27me3-CATCAAGTAGAGTCAA,12
cut-H3K27me3-CATCAAGTAGATCGCA,7
cut-H3K27me3-CATCAAGTAGCAGGAA,7
cut-H3K27me3-CATCAAGTAGTCACTA,7
cut-H3K27me3-CATCAAGTCAATGGAA,3
cut-H3K27me3-CATCAAGTCACTTCGA,3
cut-H3K27me3-CATCAAGTCAGCGTTA,3
cut-H3K27me3-CATCAAGTCCTCCTGA,9
cut-H3K27me3-CATCAAGTCGAACTTA,9
cut-H3K27me3-CATCAAGTCGACTGGA,9
cut-H3K27me3-CATCAAGTCGCATACA,9
cut-H3K27me3-CATCAAGTCTCAATGA,9
cut-H3K27me3-CATCAAGTCTGAGCCA,9
cut-H3K27me3-CATCAAGTCTGGCATA,9
cut-H3K27me3-CATCAAGTGAATCTGA,9
cut-H3K27me3-CATCAAGTCAAGACTA,12
cut-H3K27me3-CATCAAGTGAGCTGAA,12
cut-H3K27me3-CATCAAGTGATAGACA,12
cut-H3K27me3-CATCAAGTGCCACATA,12
cut-H3K27me3-CGCTGATCAACGTGAT,7
cut-H3K27me3-CGCTGATCAAACATCG,7
cut-H3K27me3-CGCTGATCATGCCTAA,7
cut-H3K27me3-CGCTGATCAGTGGTCA,7
cut-H3K27me3-CGCTGATCACCACTGT,7
cut-H3K27me3-CGCTGATCACATTGGC,7
cut-H3K27me3-CGCTGATCCAGATCTG,7
cut-H3K27me3-CGCTGATCCATCAAGT,7
cut-H3K27me3-CGCTGATCCGCTGATC,7
cut-H3K27me3-CGCTGATCACAAGCTA,7
cut-H3K27me3-CGCTGATCCTGTAGCC,7
cut-H3K27me3-CGCTGATCAGTACAAG,7
cut-H3K27me3-CGCTGATCAACAACCA,7
cut-H3K27me3-CGCTGATCAACCGAGA,7
cut-H3K27me3-CGCTGATCAACGCTTA,7
cut-H3K27me3-CGCTGATCAAGACGGA,9
cut-H3K27me3-CGCTGATCAAGGTACA,7
cut-H3K27me3-CGCTGATCACACAGAA,7
cut-H3K27me3-CGCTGATCACAGCAGA,7
cut-H3K27me3-CGCTGATCACCTCCAA,9
cut-H3K27me3-CGCTGATCACGCTCGA,9
cut-H3K27me3-CGCTGATCACGTATCA,7
cut-H3K27me3-CGCTGATCACTATGCA,12
cut-H3K27me3-CGCTGATCAGAGTCAA,7
cut-H3K27me3-CGCTGATCAGATCGCA,7
cut-H3K27me3-CGCTGATCAGCAGGAA,7
cut-H3K27me3-CGCTGATCAGTCACTA,7
cut-H3K27me3-CGCTGATCATCCTGTA,7
cut-H3K27me3-CGCTGATCCAATGGAA,3
cut-H3K27me3-CGCTGATCCACTTCGA,3
cut-H3K27me3-CGCTGATCCCAGTTCA,9
cut-H3K27me3-CGCTGATCCCGAAGTA,9
cut-H3K27me3-CGCTGATCCCGTGAGA,9
cut-H3K27me3-CGCTGATCCCTCCTGA,9
cut-H3K27me3-CGCTGATCCGAACTTA,9
cut-H3K27me3-CGCTGATCCGACTGGA,9
cut-H3K27me3-CGCTGATCCGCATACA,9
cut-H3K27me3-CGCTGATCCTCAATGA,9
cut-H3K27me3-CGCTGATCCTGAGCCA,9
cut-H3K27me3-CGCTGATCCTGGCATA,9
cut-H3K27me3-CGCTGATCGAATCTGA,7
cut-H3K27me3-CGCTGATCCAAGACTA,7
cut-H3K27me3-CGCTGATCGAGCTGAA,9
cut-H3K27me3-CGCTGATCGATAGACA,12
cut-H3K27me3-CGCTGATCGCCACATA,9
cut-H3K27me3-ACAAGCTAAACGTGAT,7
cut-H3K27me3-ACAAGCTAAAACATCG,7
cut-H3K27me3-ACAAGCTAATGCCTAA,7
cut-H3K27me3-ACAAGCTAAGTGGTCA,7
cut-H3K27me3-ACAAGCTAACCACTGT,7
cut-H3K27me3-ACAAGCTAACATTGGC,12
cut-H3K27me3-ACAAGCTACAGATCTG,7
cut-H3K27me3-ACAAGCTACATCAAGT,7
cut-H3K27me3-ACAAGCTACGCTGATC,12
cut-H3K27me3-ACAAGCTAACAAGCTA,12
cut-H3K27me3-ACAAGCTACTGTAGCC,12
cut-H3K27me3-ACAAGCTAAGTACAAG,12
cut-H3K27me3-ACAAGCTAAACAACCA,12
cut-H3K27me3-ACAAGCTAAACCGAGA,12
cut-H3K27me3-ACAAGCTAAACGCTTA,12
cut-H3K27me3-ACAAGCTAAAGACGGA,12
cut-H3K27me3-ACAAGCTAAAGGTACA,12
cut-H3K27me3-ACAAGCTAACACAGAA,12
cut-H3K27me3-ACAAGCTAACAGCAGA,12
cut-H3K27me3-ACAAGCTAACCTCCAA,12
cut-H3K27me3-ACAAGCTAACGCTCGA,12
cut-H3K27me3-ACAAGCTAACGTATCA,9
cut-H3K27me3-ACAAGCTAACTATGCA,12
cut-H3K27me3-ACAAGCTAAGAGTCAA,9
cut-H3K27me3-ACAAGCTAAGATCGCA,7
cut-H3K27me3-ACAAGCTAAGCAGGAA,7
cut-H3K27me3-ACAAGCTAAGTCACTA,7
cut-H3K27me3-ACAAGCTAATCCTGTA,9
cut-H3K27me3-ACAAGCTACAGCGTTA,9
cut-H3K27me3-ACAAGCTACATACCAA,9
cut-H3K27me3-ACAAGCTACCAGTTCA,9
cut-H3K27me3-ACAAGCTACCGAAGTA,9
cut-H3K27me3-ACAAGCTACCGTGAGA,9
cut-H3K27me3-ACAAGCTACCTCCTGA,9
cut-H3K27me3-ACAAGCTACGAACTTA,9
cut-H3K27me3-ACAAGCTACGACTGGA,9
cut-H3K27me3-ACAAGCTACGCATACA,9
cut-H3K27me3-ACAAGCTACTCAATGA,9
cut-H3K27me3-ACAAGCTACTGAGCCA,9
cut-H3K27me3-ACAAGCTACTGGCATA,9
cut-H3K27me3-ACAAGCTAGAATCTGA,9
cut-H3K27me3-ACAAGCTACAAGACTA,9
cut-H3K27me3-ACAAGCTAGAGCTGAA,12
cut-H3K27me3-ACAAGCTAGATAGACA,12
cut-H3K27me3-ACAAGCTAGCCACATA,12
cut-H3K27me3-CTGTAGCCAACGTGAT,7
cut-H3K27me3-CTGTAGCCAAACATCG,7
cut-H3K27me3-CTGTAGCCATGCCTAA,7
cut-H3K27me3-CTGTAGCCAGTGGTCA,7
cut-H3K27me3-CTGTAGCCACCACTGT,12
cut-H3K27me3-CTGTAGCCACATTGGC,12
cut-H3K27me3-CTGTAGCCCAGATCTG,12
cut-H3K27me3-CTGTAGCCCATCAAGT,7
cut-H3K27me3-CTGTAGCCCGCTGATC,7
cut-H3K27me3-CTGTAGCCACAAGCTA,12
cut-H3K27me3-CTGTAGCCCTGTAGCC,12
cut-H3K27me3-CTGTAGCCAGTACAAG,12
cut-H3K27me3-CTGTAGCCAACAACCA,12
cut-H3K27me3-CTGTAGCCAACCGAGA,12
cut-H3K27me3-CTGTAGCCAACGCTTA,12
cut-H3K27me3-CTGTAGCCAAGACGGA,12
cut-H3K27me3-CTGTAGCCAAGGTACA,12
cut-H3K27me3-CTGTAGCCACACAGAA,12
cut-H3K27me3-CTGTAGCCACAGCAGA,12
cut-H3K27me3-CTGTAGCCACCTCCAA,12
cut-H3K27me3-CTGTAGCCACGCTCGA,12
cut-H3K27me3-CTGTAGCCACGTATCA,9
cut-H3K27me3-CTGTAGCCACTATGCA,12
cut-H3K27me3-CTGTAGCCAGAGTCAA,9
cut-H3K27me3-CTGTAGCCAGATCGCA,7
cut-H3K27me3-CTGTAGCCAGCAGGAA,7
cut-H3K27me3-CTGTAGCCAGTCACTA,7
cut-H3K27me3-CTGTAGCCATCCTGTA,9
cut-H3K27me3-CTGTAGCCATTGAGGA,9
cut-H3K27me3-CTGTAGCCCACTTCGA,9
cut-H3K27me3-CTGTAGCCCAGCGTTA,9
cut-H3K27me3-CTGTAGCCCATACCAA,9
cut-H3K27me3-CTGTAGCCCCAGTTCA,9
cut-H3K27me3-CTGTAGCCCCGAAGTA,9
cut-H3K27me3-CTGTAGCCCCGTGAGA,9
cut-H3K27me3-CTGTAGCCCCTCCTGA,9
cut-H3K27me3-CTGTAGCCCGAACTTA,9
cut-H3K27me3-CTGTAGCCCGACTGGA,9
cut-H3K27me3-CTGTAGCCCGCATACA,9
cut-H3K27me3-CTGTAGCCCTCAATGA,9
cut-H3K27me3-CTGTAGCCCTGAGCCA,9
cut-H3K27me3-CTGTAGCCCTGGCATA,9
cut-H3K27me3-CTGTAGCCGAATCTGA,9
cut-H3K27me3-CTGTAGCCCAAGACTA,12
cut-H3K27me3-CTGTAGCCGAGCTGAA,12
cut-H3K27me3-CTGTAGCCGATAGACA,12
cut-H3K27me3-CTGTAGCCGCCACATA,12
cut-H3K27me3-AGTACAAGAACGTGAT,7
cut-H3K27me3-AGTACAAGAAACATCG,7
cut-H3K27me3-AGTACAAGATGCCTAA,7
cut-H3K27me3-AGTACAAGAGTGGTCA,12
cut-H3K27me3-AGTACAAGACCACTGT,12
cut-H3K27me3-AGTACAAGACATTGGC,12
cut-H3K27me3-AGTACAAGCAGATCTG,7
cut-H3K27me3-AGTACAAGCATCAAGT,7
cut-H3K27me3-AGTACAAGCGCTGATC,7
cut-H3K27me3-AGTACAAGACAAGCTA,12
cut-H3K27me3-AGTACAAGCTGTAGCC,12
cut-H3K27me3-AGTACAAGAGTACAAG,12
cut-H3K27me3-AGTACAAGAACAACCA,12
cut-H3K27me3-AGTACAAGAACCGAGA,12
cut-H3K27me3-AGTACAAGAACGCTTA,12
cut-H3K27me3-AGTACAAGAAGACGGA,12
cut-H3K27me3-AGTACAAGAAGGTACA,12
cut-H3K27me3-AGTACAAGACACAGAA,12
cut-H3K27me3-AGTACAAGACAGCAGA,12
cut-H3K27me3-AGTACAAGACCTCCAA,12
cut-H3K27me3-AGTACAAGACGCTCGA,12
cut-H3K27me3-AGTACAAGACGTATCA,9
cut-H3K27me3-AGTACAAGACTATGCA,12
cut-H3K27me3-AGTACAAGAGAGTCAA,9
cut-H3K27me3-AGTACAAGAGATCGCA,7
cut-H3K27me3-AGTACAAGAGCAGGAA,7
cut-H3K27me3-AGTACAAGAGTCACTA,7
cut-H3K27me3-AGTACAAGATCCTGTA,9
cut-H3K27me3-AGTACAAGATTGAGGA,9
cut-H3K27me3-AGTACAAGCAACCACA,9
cut-H3K27me3-AGTACAAGGACTAGTA,9
cut-H3K27me3-AGTACAAGCAATGGAA,9
cut-H3K27me3-AGTACAAGCACTTCGA,9
cut-H3K27me3-AGTACAAGCAGCGTTA,9
cut-H3K27me3-AGTACAAGCATACCAA,9
cut-H3K27me3-AGTACAAGCCAGTTCA,12
cut-H3K27me3-AGTACAAGCCGAAGTA,12
cut-H3K27me3-AGTACAAGCCGTGAGA,9
cut-H3K27me3-AGTACAAGCCTCCTGA,9
cut-H3K27me3-AGTACAAGCGAACTTA,9
cut-H3K27me3-AGTACAAGCGACTGGA,9
cut-H3K27me3-AGTACAAGCGCATACA,9
cut-H3K27me3-AGTACAAGCTCAATGA,9
cut-H3K27me3-AGTACAAGCTGAGCCA,12
cut-H3K27me3-AGTACAAGCTGGCATA,12
cut-H3K27me3-AGTACAAGGAATCTGA,12
cut-H3K27me3-AGTACAAGCAAGACTA,12
cut-H3K27me3-AGTACAAGGAGCTGAA,12
cut-H3K27me3-AGTACAAGGATAGACA,12
cut-H3K27me3-AGTACAAGGCCACATA,12
cut-H3K27me3-AACAACCAAACGTGAT,7
cut-H3K27me3-AACAACCAAAACATCG,7
cut-H3K27me3-AACAACCAATGCCTAA,7
cut-H3K27me3-AACAACCAAGTGGTCA,12
cut-H3K27me3-AACAACCAACCACTGT,12
cut-H3K27me3-AACAACCAACATTGGC,12
cut-H3K27me3-AACAACCACAGATCTG,12
cut-H3K27me3-AACAACCACATCAAGT,7
cut-H3K27me3-AACAACCACGCTGATC,7
cut-H3K27me3-AACAACCAACAAGCTA,12
cut-H3K27me3-AACAACCACTGTAGCC,12
cut-H3K27me3-AACAACCAAGTACAAG,12
cut-H3K27me3-AACAACCAAACAACCA,12
cut-H3K27me3-AACAACCAAACCGAGA,12
cut-H3K27me3-AACAACCAAACGCTTA,12
cut-H3K27me3-AACAACCAAAGACGGA,12
cut-H3K27me3-AACAACCAAAGGTACA,12
cut-H3K27me3-AACAACCAACACAGAA,12
cut-H3K27me3-AACAACCAACAGCAGA,12
cut-H3K27me3-AACAACCAACCTCCAA,12
cut-H3K27me3-AACAACCAACGCTCGA,12
cut-H3K27me3-AACAACCAACGTATCA,9
cut-H3K27me3-AACAACCAACTATGCA,12
cut-H3K27me3-AACAACCAAGAGTCAA,9
cut-H3K27me3-AACAACCAAGATCGCA,9
cut-H3K27me3-AACAACCAAGCAGGAA,7
cut-H3K27me3-AACAACCAAGTCACTA,7
cut-H3K27me3-AACAACCAATCCTGTA,7
cut-H3K27me3-AACAACCAATTGAGGA,9
cut-H3K27me3-AACAACCACAACCACA,9
cut-H3K27me3-AACAACCAGACTAGTA,9
cut-H3K27me3-AACAACCACAATGGAA,9
cut-H3K27me3-AACAACCACACTTCGA,9
cut-H3K27me3-AACAACCACAGCGTTA,12
cut-H3K27me3-AACAACCACATACCAA,12
cut-H3K27me3-AACAACCACCAGTTCA,12
cut-H3K27me3-AACAACCACCGAAGTA,7
cut-H3K27me3-AACAACCACCGTGAGA,7
cut-H3K27me3-AACAACCACCTCCTGA,9
cut-H3K27me3-AACAACCACGAACTTA,9
cut-H3K27me3-AACAACCACGACTGGA,7
cut-H3K27me3-AACAACCACGCATACA,12
cut-H3K27me3-AACAACCACTCAATGA,12
cut-H3K27me3-AACAACCACTGAGCCA,12
cut-H3K27me3-AACAACCACTGGCATA,12
cut-H3K27me3-AACAACCAGAATCTGA,12
cut-H3K27me3-AACAACCACAAGACTA,12
cut-H3K27me3-AACAACCAGAGCTGAA,12
cut-H3K27me3-AACAACCAGATAGACA,12
cut-H3K27me3-AACAACCAGCCACATA,12
cut-H3K27me3-AACCGAGAAACGTGAT,7
cut-H3K27me3-AACCGAGAAAACATCG,7
cut-H3K27me3-AACCGAGAATGCCTAA,7
cut-H3K27me3-AACCGAGAAGTGGTCA,7
cut-H3K27me3-AACCGAGAACCACTGT,12
cut-H3K27me3-AACCGAGAACATTGGC,12
cut-H3K27me3-AACCGAGACAGATCTG,12
cut-H3K27me3-AACCGAGACATCAAGT,7
cut-H3K27me3-AACCGAGACGCTGATC,7
cut-H3K27me3-AACCGAGAACAAGCTA,12
cut-H3K27me3-AACCGAGACTGTAGCC,12
cut-H3K27me3-AACCGAGAAGTACAAG,12
cut-H3K27me3-AACCGAGAAACAACCA,12
cut-H3K27me3-AACCGAGAAACCGAGA,12
cut-H3K27me3-AACCGAGAAACGCTTA,12
cut-H3K27me3-AACCGAGAAAGACGGA,12
cut-H3K27me3-AACCGAGAAAGGTACA,12
cut-H3K27me3-AACCGAGAACACAGAA,12
cut-H3K27me3-AACCGAGAACAGCAGA,12
cut-H3K27me3-AACCGAGAACCTCCAA,12
cut-H3K27me3-AACCGAGAACGCTCGA,12
cut-H3K27me3-AACCGAGAACGTATCA,12
cut-H3K27me3-AACCGAGAACTATGCA,12
cut-H3K27me3-AACCGAGAAGAGTCAA,12
cut-H3K27me3-AACCGAGAAGATCGCA,9
cut-H3K27me3-AACCGAGAAGCAGGAA,7
cut-H3K27me3-AACCGAGAAGTCACTA,7
cut-H3K27me3-AACCGAGAATCCTGTA,7
cut-H3K27me3-AACCGAGAATTGAGGA,9
cut-H3K27me3-AACCGAGACAACCACA,12
cut-H3K27me3-AACCGAGAGACTAGTA,9
cut-H3K27me3-AACCGAGACAATGGAA,12
cut-H3K27me3-AACCGAGACACTTCGA,12
cut-H3K27me3-AACCGAGACAGCGTTA,12
cut-H3K27me3-AACCGAGACATACCAA,9
cut-H3K27me3-AACCGAGACCAGTTCA,7
cut-H3K27me3-AACCGAGACCGAAGTA,7
cut-H3K27me3-AACCGAGACCGTGAGA,7
cut-H3K27me3-AACCGAGACCTCCTGA,12
cut-H3K27me3-AACCGAGACGAACTTA,12
cut-H3K27me3-AACCGAGACGACTGGA,12
cut-H3K27me3-AACCGAGACGCATACA,12
cut-H3K27me3-AACCGAGACTCAATGA,12
cut-H3K27me3-AACCGAGACTGAGCCA,12
cut-H3K27me3-AACCGAGACTGGCATA,12
cut-H3K27me3-AACCGAGAGAATCTGA,12
cut-H3K27me3-AACCGAGACAAGACTA,12
cut-H3K27me3-AACCGAGAGAGCTGAA,12
cut-H3K27me3-AACCGAGAGATAGACA,12
cut-H3K27me3-AACCGAGAGCCACATA,12
cut-H3K27me3-AACGCTTAAACGTGAT,7
cut-H3K27me3-AACGCTTAAAACATCG,7
cut-H3K27me3-AACGCTTAATGCCTAA,7
cut-H3K27me3-AACGCTTAAGTGGTCA,7
cut-H3K27me3-AACGCTTAACCACTGT,12
cut-H3K27me3-AACGCTTAACATTGGC,7
cut-H3K27me3-AACGCTTACAGATCTG,12
cut-H3K27me3-AACGCTTACATCAAGT,7
cut-H3K27me3-AACGCTTACGCTGATC,7
cut-H3K27me3-AACGCTTAACAAGCTA,7
cut-H3K27me3-AACGCTTACTGTAGCC,12
cut-H3K27me3-AACGCTTAAGTACAAG,12
cut-H3K27me3-AACGCTTAAACAACCA,12
cut-H3K27me3-AACGCTTAAACCGAGA,12
cut-H3K27me3-AACGCTTAAACGCTTA,12
cut-H3K27me3-AACGCTTAAAGACGGA,12
cut-H3K27me3-AACGCTTAAAGGTACA,12
cut-H3K27me3-AACGCTTAACACAGAA,12
cut-H3K27me3-AACGCTTAACAGCAGA,12
cut-H3K27me3-AACGCTTAACCTCCAA,12
cut-H3K27me3-AACGCTTAACGCTCGA,12
cut-H3K27me3-AACGCTTAACGTATCA,12
cut-H3K27me3-AACGCTTAACTATGCA,12
cut-H3K27me3-AACGCTTAAGAGTCAA,12
cut-H3K27me3-AACGCTTAAGATCGCA,9
cut-H3K27me3-AACGCTTAAGCAGGAA,7
cut-H3K27me3-AACGCTTAAGTCACTA,7
cut-H3K27me3-AACGCTTAATCCTGTA,7
cut-H3K27me3-AACGCTTAATTGAGGA,12
cut-H3K27me3-AACGCTTACAACCACA,12
cut-H3K27me3-AACGCTTAGACTAGTA,12
cut-H3K27me3-AACGCTTACAATGGAA,12
cut-H3K27me3-AACGCTTACACTTCGA,12
cut-H3K27me3-AACGCTTACAGCGTTA,12
cut-H3K27me3-AACGCTTACATACCAA,12
cut-H3K27me3-AACGCTTACCAGTTCA,12
cut-H3K27me3-AACGCTTACCGAAGTA,7
cut-H3K27me3-AACGCTTACCGTGAGA,12
cut-H3K27me3-AACGCTTACCTCCTGA,12
cut-H3K27me3-AACGCTTACGAACTTA,12
cut-H3K27me3-AACGCTTACGACTGGA,12
cut-H3K27me3-AACGCTTACGCATACA,12
cut-H3K27me3-AACGCTTACTCAATGA,12
cut-H3K27me3-AACGCTTACTGAGCCA,12
cut-H3K27me3-AACGCTTACTGGCATA,12
cut-H3K27me3-AACGCTTAGAATCTGA,12
cut-H3K27me3-AACGCTTACAAGACTA,12
cut-H3K27me3-AACGCTTAGAGCTGAA,12
cut-H3K27me3-AACGCTTAGATAGACA,12
cut-H3K27me3-AACGCTTAGCCACATA,12
cut-H3K27me3-AAGACGGAAACGTGAT,7
cut-H3K27me3-AAGACGGAAAACATCG,7
cut-H3K27me3-AAGACGGAATGCCTAA,7
cut-H3K27me3-AAGACGGAAGTGGTCA,12
cut-H3K27me3-AAGACGGAACCACTGT,7
cut-H3K27me3-AAGACGGAACATTGGC,7
cut-H3K27me3-AAGACGGACAGATCTG,7
cut-H3K27me3-AAGACGGACATCAAGT,7
cut-H3K27me3-AAGACGGACGCTGATC,7
cut-H3K27me3-AAGACGGAACAAGCTA,7
cut-H3K27me3-AAGACGGACTGTAGCC,7
cut-H3K27me3-AAGACGGAAGTACAAG,7
cut-H3K27me3-AAGACGGAAACAACCA,12
cut-H3K27me3-AAGACGGAAACCGAGA,12
cut-H3K27me3-AAGACGGAAACGCTTA,12
cut-H3K27me3-AAGACGGAAAGACGGA,12
cut-H3K27me3-AAGACGGAAAGGTACA,12
cut-H3K27me3-AAGACGGAACACAGAA,12
cut-H3K27me3-AAGACGGAACAGCAGA,12
cut-H3K27me3-AAGACGGAACCTCCAA,12
cut-H3K27me3-AAGACGGAACGCTCGA,12
cut-H3K27me3-AAGACGGAACGTATCA,12
cut-H3K27me3-AAGACGGAACTATGCA,12
cut-H3K27me3-AAGACGGAAGAGTCAA,12
cut-H3K27me3-AAGACGGAAGATCGCA,12
cut-H3K27me3-AAGACGGAAGCAGGAA,7
cut-H3K27me3-AAGACGGAAGTCACTA,9
cut-H3K27me3-AAGACGGAATCCTGTA,9
cut-H3K27me3-AAGACGGAATTGAGGA,9
cut-H3K27me3-AAGACGGACAACCACA,12
cut-H3K27me3-AAGACGGAGACTAGTA,9
cut-H3K27me3-AAGACGGACAATGGAA,12
cut-H3K27me3-AAGACGGACACTTCGA,12
cut-H3K27me3-AAGACGGACAGCGTTA,12
cut-H3K27me3-AAGACGGACATACCAA,12
cut-H3K27me3-AAGACGGACCAGTTCA,12
cut-H3K27me3-AAGACGGACCGAAGTA,3
cut-H3K27me3-AAGACGGACCGTGAGA,12
cut-H3K27me3-AAGACGGACCTCCTGA,12
cut-H3K27me3-AAGACGGACGAACTTA,12
cut-H3K27me3-AAGACGGACGACTGGA,12
cut-H3K27me3-AAGACGGACGCATACA,12
cut-H3K27me3-AAGACGGACTCAATGA,12
cut-H3K27me3-AAGACGGACTGAGCCA,12
cut-H3K27me3-AAGACGGACTGGCATA,12
cut-H3K27me3-AAGACGGAGAATCTGA,12
cut-H3K27me3-AAGACGGACAAGACTA,12
cut-H3K27me3-AAGACGGAGAGCTGAA,12
cut-H3K27me3-AAGACGGAGATAGACA,12
cut-H3K27me3-AAGACGGAGCCACATA,12
cut-H3K27me3-AAGGTACAAACGTGAT,7
cut-H3K27me3-AAGGTACAAAACATCG,7
cut-H3K27me3-AAGGTACAATGCCTAA,7
cut-H3K27me3-AAGGTACAAGTGGTCA,12
cut-H3K27me3-AAGGTACAACCACTGT,7
cut-H3K27me3-AAGGTACAACATTGGC,7
cut-H3K27me3-AAGGTACACAGATCTG,7
cut-H3K27me3-AAGGTACACATCAAGT,7
cut-H3K27me3-AAGGTACACGCTGATC,7
cut-H3K27me3-AAGGTACAACAAGCTA,7
cut-H3K27me3-AAGGTACACTGTAGCC,7
cut-H3K27me3-AAGGTACAAGTACAAG,7
cut-H3K27me3-AAGGTACAAACAACCA,7
cut-H3K27me3-AAGGTACAAACCGAGA,12
cut-H3K27me3-AAGGTACAAACGCTTA,12
cut-H3K27me3-AAGGTACAAAGACGGA,12
cut-H3K27me3-AAGGTACAAAGGTACA,12
cut-H3K27me3-AAGGTACAACACAGAA,12
cut-H3K27me3-AAGGTACAACAGCAGA,12
cut-H3K27me3-AAGGTACAACCTCCAA,12
cut-H3K27me3-AAGGTACAACGCTCGA,12
cut-H3K27me3-AAGGTACAACGTATCA,12
cut-H3K27me3-AAGGTACAACTATGCA,12
cut-H3K27me3-AAGGTACAAGAGTCAA,12
cut-H3K27me3-AAGGTACAAGATCGCA,12
cut-H3K27me3-AAGGTACAAGCAGGAA,12
cut-H3K27me3-AAGGTACAAGTCACTA,12
cut-H3K27me3-AAGGTACAATCCTGTA,12
cut-H3K27me3-AAGGTACAATTGAGGA,12
cut-H3K27me3-AAGGTACACAACCACA,12
cut-H3K27me3-AAGGTACAGACTAGTA,12
cut-H3K27me3-AAGGTACACAATGGAA,12
cut-H3K27me3-AAGGTACACACTTCGA,12
cut-H3K27me3-AAGGTACACAGCGTTA,12
cut-H3K27me3-AAGGTACACATACCAA,3
cut-H3K27me3-AAGGTACACCAGTTCA,3
cut-H3K27me3-AAGGTACACCGAAGTA,3
cut-H3K27me3-AAGGTACACCGTGAGA,3
cut-H3K27me3-AAGGTACACCTCCTGA,12
cut-H3K27me3-AAGGTACACGAACTTA,12
cut-H3K27me3-AAGGTACACGACTGGA,12
cut-H3K27me3-AAGGTACACGCATACA,12
cut-H3K27me3-AAGGTACACTCAATGA,12
cut-H3K27me3-AAGGTACACTGAGCCA,12
cut-H3K27me3-AAGGTACACTGGCATA,12
cut-H3K27me3-AAGGTACAGAATCTGA,12
cut-H3K27me3-AAGGTACACAAGACTA,12
cut-H3K27me3-AAGGTACAGAGCTGAA,12
cut-H3K27me3-AAGGTACAGATAGACA,12
cut-H3K27me3-AAGGTACAGCCACATA,3
cut-H3K27me3-ACACAGAAAACGTGAT,7
cut-H3K27me3-ACACAGAAAAACATCG,7
cut-H3K27me3-ACACAGAAATGCCTAA,7
cut-H3K27me3-ACACAGAAAGTGGTCA,7
cut-H3K27me3-ACACAGAAACCACTGT,7
cut-H3K27me3-ACACAGAAACATTGGC,7
cut-H3K27me3-ACACAGAACAGATCTG,7
cut-H3K27me3-ACACAGAACATCAAGT,7
cut-H3K27me3-ACACAGAACGCTGATC,7
cut-H3K27me3-ACACAGAAACAAGCTA,7
cut-H3K27me3-ACACAGAACTGTAGCC,12
cut-H3K27me3-ACACAGAAAGTACAAG,7
cut-H3K27me3-ACACAGAAAACAACCA,7
cut-H3K27me3-ACACAGAAAACCGAGA,12
cut-H3K27me3-ACACAGAAAACGCTTA,12
cut-H3K27me3-ACACAGAAAAGACGGA,12
cut-H3K27me3-ACACAGAAAAGGTACA,12
cut-H3K27me3-ACACAGAAACACAGAA,12
cut-H3K27me3-ACACAGAAACAGCAGA,12
cut-H3K27me3-ACACAGAAACCTCCAA,12
cut-H3K27me3-ACACAGAAACGCTCGA,12
cut-H3K27me3-ACACAGAAACGTATCA,12
cut-H3K27me3-ACACAGAAACTATGCA,12
cut-H3K27me3-ACACAGAAAGAGTCAA,12
cut-H3K27me3-ACACAGAAAGATCGCA,12
cut-H3K27me3-ACACAGAAAGCAGGAA,12
cut-H3K27me3-ACACAGAAAGTCACTA,12
cut-H3K27me3-ACACAGAAATCCTGTA,12
cut-H3K27me3-ACACAGAAATTGAGGA,12
cut-H3K27me3-ACACAGAACAACCACA,12
cut-H3K27me3-ACACAGAAGACTAGTA,12
cut-H3K27me3-ACACAGAACAATGGAA,12
cut-H3K27me3-ACACAGAACACTTCGA,12
cut-H3K27me3-ACACAGAACAGCGTTA,3
cut-H3K27me3-ACACAGAACATACCAA,2
cut-H3K27me3-ACACAGAACCAGTTCA,2
cut-H3K27me3-ACACAGAACCGAAGTA,2
cut-H3K27me3-ACACAGAACCGTGAGA,2
cut-H3K27me3-ACACAGAACCTCCTGA,2
cut-H3K27me3-ACACAGAACGAACTTA,2
cut-H3K27me3-ACACAGAACGACTGGA,2
cut-H3K27me3-ACACAGAACGCATACA,12
cut-H3K27me3-ACACAGAACTCAATGA,12
cut-H3K27me3-ACACAGAACTGAGCCA,12
cut-H3K27me3-ACACAGAACTGGCATA,12
cut-H3K27me3-ACACAGAAGAATCTGA,12
cut-H3K27me3-ACACAGAACAAGACTA,12
cut-H3K27me3-ACACAGAAGAGCTGAA,12
cut-H3K27me3-ACACAGAAGATAGACA,12
cut-H3K27me3-ACACAGAAGCCACATA,3
cut-H3K27me3-ACAGCAGAAACGTGAT,7
cut-H3K27me3-ACAGCAGAAAACATCG,7
cut-H3K27me3-ACAGCAGAATGCCTAA,7
cut-H3K27me3-ACAGCAGAAGTGGTCA,7
cut-H3K27me3-ACAGCAGAACCACTGT,7
cut-H3K27me3-ACAGCAGAACATTGGC,7
cut-H3K27me3-ACAGCAGACAGATCTG,7
cut-H3K27me3-ACAGCAGACATCAAGT,7
cut-H3K27me3-ACAGCAGACGCTGATC,7
cut-H3K27me3-ACAGCAGAACAAGCTA,7
cut-H3K27me3-ACAGCAGACTGTAGCC,7
cut-H3K27me3-ACAGCAGAAGTACAAG,7
cut-H3K27me3-ACAGCAGAAACAACCA,7
cut-H3K27me3-ACAGCAGAAACCGAGA,12
cut-H3K27me3-ACAGCAGAAACGCTTA,12
cut-H3K27me3-ACAGCAGAAAGACGGA,12
cut-H3K27me3-ACAGCAGAAAGGTACA,12
cut-H3K27me3-ACAGCAGAACACAGAA,12
cut-H3K27me3-ACAGCAGAACAGCAGA,12
cut-H3K27me3-ACAGCAGAACCTCCAA,12
cut-H3K27me3-ACAGCAGAACGCTCGA,12
cut-H3K27me3-ACAGCAGAACGTATCA,12
cut-H3K27me3-ACAGCAGAACTATGCA,12
cut-H3K27me3-ACAGCAGAAGAGTCAA,12
cut-H3K27me3-ACAGCAGAAGATCGCA,12
cut-H3K27me3-ACAGCAGAAGCAGGAA,12
cut-H3K27me3-ACAGCAGAAGTCACTA,12
cut-H3K27me3-ACAGCAGAATCCTGTA,12
cut-H3K27me3-ACAGCAGAATTGAGGA,12
cut-H3K27me3-ACAGCAGACAACCACA,12
cut-H3K27me3-ACAGCAGAGACTAGTA,12
cut-H3K27me3-ACAGCAGACAATGGAA,12
cut-H3K27me3-ACAGCAGACACTTCGA,3
cut-H3K27me3-ACAGCAGACAGCGTTA,2
cut-H3K27me3-ACAGCAGACATACCAA,2
cut-H3K27me3-ACAGCAGACCAGTTCA,2
cut-H3K27me3-ACAGCAGACCGAAGTA,2
cut-H3K27me3-ACAGCAGACCGTGAGA,2
cut-H3K27me3-ACAGCAGACCTCCTGA,2
cut-H3K27me3-ACAGCAGACGAACTTA,2
cut-H3K27me3-ACAGCAGACGACTGGA,2
cut-H3K27me3-ACAGCAGACGCATACA,3
cut-H3K27me3-ACAGCAGACTCAATGA,12
cut-H3K27me3-ACAGCAGACTGAGCCA,12
cut-H3K27me3-ACAGCAGACTGGCATA,12
cut-H3K27me3-ACAGCAGAGAATCTGA,12
cut-H3K27me3-ACAGCAGACAAGACTA,12
cut-H3K27me3-ACCTCCAAAACGTGAT,7
cut-H3K27me3-ACCTCCAAAAACATCG,7
cut-H3K27me3-ACCTCCAAATGCCTAA,7
cut-H3K27me3-ACCTCCAAAGTGGTCA,7
cut-H3K27me3-ACCTCCAAACCACTGT,12
cut-H3K27me3-ACCTCCAAACATTGGC,12
cut-H3K27me3-ACCTCCAACAGATCTG,12
cut-H3K27me3-ACCTCCAACATCAAGT,12
cut-H3K27me3-ACCTCCAACGCTGATC,7
cut-H3K27me3-ACCTCCAAACAAGCTA,7
cut-H3K27me3-ACCTCCAACTGTAGCC,7
cut-H3K27me3-ACCTCCAAAGTACAAG,7
cut-H3K27me3-ACCTCCAAAACAACCA,7
cut-H3K27me3-ACCTCCAAAACCGAGA,12
cut-H3K27me3-ACCTCCAAAACGCTTA,12
cut-H3K27me3-ACCTCCAAAAGACGGA,12
cut-H3K27me3-ACCTCCAAAAGGTACA,12
cut-H3K27me3-ACCTCCAAACACAGAA,12
cut-H3K27me3-ACCTCCAAACAGCAGA,12
cut-H3K27me3-ACCTCCAAACCTCCAA,12
cut-H3K27me3-ACCTCCAAACGCTCGA,12
cut-H3K27me3-ACCTCCAAACGTATCA,12
cut-H3K27me3-ACCTCCAAACTATGCA,12
cut-H3K27me3-ACCTCCAAAGAGTCAA,12
cut-H3K27me3-ACCTCCAAAGATCGCA,12
cut-H3K27me3-ACCTCCAAAGCAGGAA,2
cut-H3K27me3-ACCTCCAAAGTCACTA,2
cut-H3K27me3-ACCTCCAAATCCTGTA,3
cut-H3K27me3-ACCTCCAAATTGAGGA,12
cut-H3K27me3-ACCTCCAACAACCACA,12
cut-H3K27me3-ACCTCCAAGACTAGTA,12
cut-H3K27me3-ACCTCCAACAATGGAA,12
cut-H3K27me3-ACCTCCAACACTTCGA,2
cut-H3K27me3-ACCTCCAACAGCGTTA,2
cut-H3K27me3-ACCTCCAACATACCAA,2
cut-H3K27me3-ACCTCCAACCAGTTCA,2
cut-H3K27me3-ACCTCCAACCGAAGTA,2
cut-H3K27me3-ACCTCCAACCGTGAGA,2
cut-H3K27me3-ACCTCCAACCTCCTGA,2
cut-H3K27me3-ACCTCCAACGAACTTA,2
cut-H3K27me3-ACCTCCAACGACTGGA,2
cut-H3K27me3-ACCTCCAACGCATACA,3
cut-H3K27me3-ACCTCCAACTCAATGA,3
cut-H3K27me3-ACCTCCAACTGAGCCA,12
cut-H3K27me3-ACCTCCAACTGGCATA,3
cut-H3K27me3-ACGCTCGAAACGTGAT,12
cut-H3K27me3-ACGCTCGAAAACATCG,7
cut-H3K27me3-ACGCTCGAATGCCTAA,7
cut-H3K27me3-ACGCTCGAAGTGGTCA,12
cut-H3K27me3-ACGCTCGAACCACTGT,12
cut-H3K27me3-ACGCTCGAACATTGGC,12
cut-H3K27me3-ACGCTCGACAGATCTG,12
cut-H3K27me3-ACGCTCGACATCAAGT,12
cut-H3K27me3-ACGCTCGACGCTGATC,12
cut-H3K27me3-ACGCTCGAACAAGCTA,12
cut-H3K27me3-ACGCTCGACTGTAGCC,12
cut-H3K27me3-ACGCTCGAAGTACAAG,12
cut-H3K27me3-ACGCTCGAAACAACCA,12
cut-H3K27me3-ACGCTCGAAACCGAGA,12
cut-H3K27me3-ACGCTCGAAACGCTTA,12
cut-H3K27me3-ACGCTCGAAAGACGGA,12
cut-H3K27me3-ACGCTCGAAAGGTACA,12
cut-H3K27me3-ACGCTCGAACACAGAA,12
cut-H3K27me3-ACGCTCGAACAGCAGA,12
cut-H3K27me3-ACGCTCGAACCTCCAA,12
cut-H3K27me3-ACGCTCGAACGCTCGA,12
cut-H3K27me3-ACGCTCGAACGTATCA,3
cut-H3K27me3-ACGCTCGAACTATGCA,12
cut-H3K27me3-ACGCTCGAAGAGTCAA,12
cut-H3K27me3-ACGCTCGAAGATCGCA,2
cut-H3K27me3-ACGCTCGAAGCAGGAA,2
cut-H3K27me3-ACGCTCGAAGTCACTA,2
cut-H3K27me3-ACGCTCGAATCCTGTA,2
cut-H3K27me3-ACGCTCGAATTGAGGA,3
cut-H3K27me3-ACGCTCGACAACCACA,12
cut-H3K27me3-ACGCTCGAGACTAGTA,3
cut-H3K27me3-ACGCTCGACAATGGAA,12
cut-H3K27me3-ACGCTCGACACTTCGA,2
cut-H3K27me3-ACGCTCGACAGCGTTA,2
cut-H3K27me3-ACGCTCGACATACCAA,2
cut-H3K27me3-ACGCTCGACCAGTTCA,2
cut-H3K27me3-ACGCTCGACCGAAGTA,2
cut-H3K27me3-ACGCTCGACCGTGAGA,2
cut-H3K27me3-ACGCTCGACCTCCTGA,2
cut-H3K27me3-ACGCTCGACGAACTTA,2
cut-H3K27me3-ACGCTCGACGACTGGA,2
cut-H3K27me3-ACGCTCGACGCATACA,3
cut-H3K27me3-ACGCTCGACTCAATGA,3
cut-H3K27me3-ACGCTCGACTGAGCCA,3
cut-H3K27me3-ACGCTCGACTGGCATA,3
cut-H3K27me3-ACGCTCGAGAATCTGA,3
cut-H3K27me3-ACGCTCGACAAGACTA,2
cut-H3K27me3-ACGCTCGAGAGCTGAA,2
cut-H3K27me3-ACGCTCGAGATAGACA,2
cut-H3K27me3-ACGCTCGAGCCACATA,2
cut-H3K27me3-ACGTATCAAACGTGAT,7
cut-H3K27me3-ACGTATCAAAACATCG,12
cut-H3K27me3-ACGTATCAATGCCTAA,12
cut-H3K27me3-ACGTATCAAGTGGTCA,12
cut-H3K27me3-ACGTATCAACCACTGT,12
cut-H3K27me3-ACGTATCAACATTGGC,12
cut-H3K27me3-ACGTATCACAGATCTG,12
cut-H3K27me3-ACGTATCACATCAAGT,12
cut-H3K27me3-ACGTATCACGCTGATC,7
cut-H3K27me3-ACGTATCAACAAGCTA,7
cut-H3K27me3-ACGTATCACTGTAGCC,7
cut-H3K27me3-ACGTATCAAGTACAAG,7
cut-H3K27me3-ACGTATCAAACAACCA,12
cut-H3K27me3-ACGTATCAAACCGAGA,12
cut-H3K27me3-ACGTATCAAACGCTTA,12
cut-H3K27me3-ACGTATCAAAGACGGA,12
cut-H3K27me3-ACGTATCAAAGGTACA,12
cut-H3K27me3-ACGTATCAACACAGAA,12
cut-H3K27me3-ACGTATCAACAGCAGA,12
cut-H3K27me3-ACGTATCAACCTCCAA,12
cut-H3K27me3-ACGTATCAACGCTCGA,12
cut-H3K27me3-ACGTATCAACGTATCA,3
cut-H3K27me3-ACGTATCAACTATGCA,12
cut-H3K27me3-ACGTATCAAGAGTCAA,2
cut-H3K27me3-ACGTATCAAGATCGCA,2
cut-H3K27me3-ACGTATCAAGCAGGAA,2
cut-H3K27me3-ACGTATCAAGTCACTA,2
cut-H3K27me3-ACGTATCAATCCTGTA,2
cut-H3K27me3-ACGTATCAATTGAGGA,2
cut-H3K27me3-ACGTATCACAACCACA,3
cut-H3K27me3-ACGTATCAGACTAGTA,3
cut-H3K27me3-ACGTATCACAATGGAA,12
cut-H3K27me3-ACGTATCACACTTCGA,2
cut-H3K27me3-ACGTATCACAGCGTTA,2
cut-H3K27me3-ACGTATCACATACCAA,2
cut-H3K27me3-ACGTATCACCAGTTCA,2
cut-H3K27me3-ACGTATCACCGAAGTA,2
cut-H3K27me3-ACGTATCACCGTGAGA,2
cut-H3K27me3-ACGTATCACCTCCTGA,3
cut-H3K27me3-ACGTATCACGAACTTA,3
cut-H3K27me3-ACGTATCACGACTGGA,2
cut-H3K27me3-ACGTATCACGCATACA,3
cut-H3K27me3-ACGTATCACTCAATGA,3
cut-H3K27me3-ACGTATCACTGAGCCA,3
cut-H3K27me3-ACGTATCACTGGCATA,2
cut-H3K27me3-ACGTATCAGAATCTGA,2
cut-H3K27me3-ACGTATCACAAGACTA,2
cut-H3K27me3-ACGTATCAGAGCTGAA,2
cut-H3K27me3-ACGTATCAGATAGACA,2
cut-H3K27me3-ACGTATCAGCCACATA,2
cut-H3K27me3-ACTATGCAAACGTGAT,7
cut-H3K27me3-ACTATGCAAAACATCG,7
cut-H3K27me3-ACTATGCAATGCCTAA,12
cut-H3K27me3-ACTATGCAAGTGGTCA,12
cut-H3K27me3-ACTATGCAACCACTGT,12
cut-H3K27me3-ACTATGCAACATTGGC,7
cut-H3K27me3-ACTATGCACAGATCTG,7
cut-H3K27me3-ACTATGCACATCAAGT,7
cut-H3K27me3-ACTATGCACGCTGATC,7
cut-H3K27me3-ACTATGCAACAAGCTA,7
cut-H3K27me3-ACTATGCACTGTAGCC,7
cut-H3K27me3-ACTATGCAAGTACAAG,7
cut-H3K27me3-ACTATGCAAACAACCA,7
cut-H3K27me3-ACTATGCAAACCGAGA,12
cut-H3K27me3-ACTATGCAAACGCTTA,12
cut-H3K27me3-ACTATGCAAAGACGGA,12
cut-H3K27me3-ACTATGCAAAGGTACA,12
cut-H3K27me3-ACTATGCAACACAGAA,12
cut-H3K27me3-ACTATGCAACAGCAGA,12
cut-H3K27me3-ACTATGCAACCTCCAA,12
cut-H3K27me3-ACTATGCAACGCTCGA,12
cut-H3K27me3-ACTATGCAACGTATCA,3
cut-H3K27me3-ACTATGCAACTATGCA,12
cut-H3K27me3-ACTATGCAAGAGTCAA,2
cut-H3K27me3-ACTATGCAAGATCGCA,2
cut-H3K27me3-ACTATGCAAGCAGGAA,2
cut-H3K27me3-ACTATGCAAGTCACTA,2
cut-H3K27me3-ACTATGCAATCCTGTA,2
cut-H3K27me3-ACTATGCAATTGAGGA,2
cut-H3K27me3-ACTATGCACAACCACA,3
cut-H3K27me3-ACTATGCAGACTAGTA,2
cut-H3K27me3-ACTATGCACAATGGAA,3
cut-H3K27me3-ACTATGCACACTTCGA,2
cut-H3K27me3-ACTATGCACAGCGTTA,2
cut-H3K27me3-ACTATGCACATACCAA,2
cut-H3K27me3-ACTATGCACCAGTTCA,2
cut-H3K27me3-ACTATGCACCGAAGTA,3
cut-H3K27me3-ACTATGCACCGTGAGA,3
cut-H3K27me3-ACTATGCACCTCCTGA,3
cut-H3K27me3-ACTATGCACGAACTTA,3
cut-H3K27me3-ACTATGCACGACTGGA,3
cut-H3K27me3-ACTATGCACGCATACA,3
cut-H3K27me3-ACTATGCACTCAATGA,2
cut-H3K27me3-ACTATGCACTGAGCCA,2
cut-H3K27me3-ACTATGCACTGGCATA,2
cut-H3K27me3-ACTATGCAGAATCTGA,2
cut-H3K27me3-ACTATGCACAAGACTA,2
cut-H3K27me3-ACTATGCAGAGCTGAA,2
cut-H3K27me3-ACTATGCAGATAGACA,2
cut-H3K27me3-ACTATGCAGCCACATA,2
cut-H3K27me3-AGAGTCAAAACGTGAT,7
cut-H3K27me3-AGAGTCAAAAACATCG,7
cut-H3K27me3-AGAGTCAAATGCCTAA,7
cut-H3K27me3-AGAGTCAAAGTGGTCA,12
cut-H3K27me3-AGAGTCAAACCACTGT,7
cut-H3K27me3-AGAGTCAAACATTGGC,7
cut-H3K27me3-AGAGTCAACAGATCTG,7
cut-H3K27me3-AGAGTCAACATCAAGT,7
cut-H3K27me3-AGAGTCAACGCTGATC,7
cut-H3K27me3-AGAGTCAAACAAGCTA,7
cut-H3K27me3-AGAGTCAACTGTAGCC,7
cut-H3K27me3-AGAGTCAAAGTACAAG,7
cut-H3K27me3-AGAGTCAAAACAACCA,7
cut-H3K27me3-AGAGTCAAAACCGAGA,7
cut-H3K27me3-AGAGTCAAAACGCTTA,12
cut-H3K27me3-AGAGTCAAAAGACGGA,12
cut-H3K27me3-AGAGTCAAAAGGTACA,12
cut-H3K27me3-AGAGTCAAACACAGAA,12
cut-H3K27me3-AGAGTCAAACAGCAGA,12
cut-H3K27me3-AGAGTCAAACCTCCAA,12
cut-H3K27me3-AGAGTCAAACGCTCGA,12
cut-H3K27me3-AGAGTCAAACGTATCA,2
cut-H3K27me3-AGAGTCAAACTATGCA,12
cut-H3K27me3-AGAGTCAAAGAGTCAA,2
cut-H3K27me3-AGAGTCAAAGATCGCA,2
cut-H3K27me3-AGAGTCAAAGCAGGAA,2
cut-H3K27me3-AGAGTCAAAGTCACTA,2
cut-H3K27me3-AGAGTCAAATCCTGTA,2
cut-H3K27me3-AGAGTCAAATTGAGGA,2
cut-H3K27me3-AGAGTCAACAACCACA,3
cut-H3K27me3-AGAGTCAAGACTAGTA,2
cut-H3K27me3-AGAGTCAACAATGGAA,3
cut-H3K27me3-AGAGTCAACACTTCGA,2
cut-H3K27me3-AGAGTCAACAGCGTTA,2
cut-H3K27me3-AGAGTCAACATACCAA,2
cut-H3K27me3-AGAGTCAACCAGTTCA,2
cut-H3K27me3-AGAGTCAACCGAAGTA,2
cut-H3K27me3-AGAGTCAACCGTGAGA,2
cut-H3K27me3-AGAGTCAACCTCCTGA,2
cut-H3K27me3-AGAGTCAACGAACTTA,2
cut-H3K27me3-AGAGTCAACGACTGGA,2
cut-H3K27me3-AGAGTCAACGCATACA,2
cut-H3K27me3-AGAGTCAACTCAATGA,2
cut-H3K27me3-AGAGTCAACTGAGCCA,2
cut-H3K27me3-AGAGTCAACTGGCATA,2
cut-H3K27me3-AGAGTCAAGAATCTGA,2
cut-H3K27me3-AGAGTCAACAAGACTA,2
cut-H3K27me3-AGAGTCAAGAGCTGAA,2
cut-H3K27me3-AGAGTCAAGATAGACA,2
cut-H3K27me3-AGAGTCAAGCCACATA,2
cut-H3K27me3-AGATCGCAAACGTGAT,7
cut-H3K27me3-AGATCGCAAAACATCG,7
cut-H3K27me3-AGATCGCAATGCCTAA,7
cut-H3K27me3-AGATCGCAAGTGGTCA,7
cut-H3K27me3-AGATCGCAACCACTGT,7
cut-H3K27me3-AGATCGCAACATTGGC,7
cut-H3K27me3-AGATCGCACAGATCTG,7
cut-H3K27me3-AGATCGCACATCAAGT,7
cut-H3K27me3-AGATCGCACGCTGATC,7
cut-H3K27me3-AGATCGCAACAAGCTA,7
cut-H3K27me3-AGATCGCACTGTAGCC,7
cut-H3K27me3-AGATCGCAAGTACAAG,7
cut-H3K27me3-AGATCGCAAACAACCA,7
cut-H3K27me3-AGATCGCAAACCGAGA,7
cut-H3K27me3-AGATCGCAAACGCTTA,12
cut-H3K27me3-AGATCGCAAAGACGGA,12
cut-H3K27me3-AGATCGCAAAGGTACA,12
cut-H3K27me3-AGATCGCAACACAGAA,12
cut-H3K27me3-AGATCGCAACAGCAGA,12
cut-H3K27me3-AGATCGCAACCTCCAA,12
cut-H3K27me3-AGATCGCAACGCTCGA,12
cut-H3K27me3-AGATCGCAACGTATCA,3
cut-H3K27me3-AGATCGCAACTATGCA,12
cut-H3K27me3-AGATCGCAAGAGTCAA,2
cut-H3K27me3-AGATCGCAAGATCGCA,2
cut-H3K27me3-AGATCGCAAGCAGGAA,2
cut-H3K27me3-AGATCGCAAGTCACTA,2
cut-H3K27me3-AGATCGCAATCCTGTA,2
cut-H3K27me3-AGATCGCAATTGAGGA,2
cut-H3K27me3-AGATCGCACAACCACA,2
cut-H3K27me3-AGATCGCAGACTAGTA,2
cut-H3K27me3-AGATCGCACAATGGAA,3
cut-H3K27me3-AGATCGCACACTTCGA,2
cut-H3K27me3-AGATCGCACAGCGTTA,2
cut-H3K27me3-AGATCGCACATACCAA,2
cut-H3K27me3-AGATCGCACCAGTTCA,2
cut-H3K27me3-AGATCGCACCGAAGTA,2
cut-H3K27me3-AGATCGCACCGTGAGA,2
cut-H3K27me3-AGATCGCACCTCCTGA,2
cut-H3K27me3-AGATCGCACGAACTTA,2
cut-H3K27me3-AGATCGCACGACTGGA,2
cut-H3K27me3-AGATCGCACGCATACA,2
cut-H3K27me3-AGATCGCACTCAATGA,2
cut-H3K27me3-AGATCGCACTGAGCCA,2
cut-H3K27me3-AGATCGCACTGGCATA,2
cut-H3K27me3-AGATCGCAGAATCTGA,2
cut-H3K27me3-AGATCGCACAAGACTA,2
cut-H3K27me3-AGATCGCAGAGCTGAA,2
cut-H3K27me3-AGATCGCAGATAGACA,2
cut-H3K27me3-AGATCGCAGCCACATA,2
cut-H3K27me3-AGCAGGAAAACGTGAT,7
cut-H3K27me3-AGCAGGAAAAACATCG,7
cut-H3K27me3-AGCAGGAAATGCCTAA,7
cut-H3K27me3-AGCAGGAAAGTGGTCA,7
cut-H3K27me3-AGCAGGAAACCACTGT,7
cut-H3K27me3-AGCAGGAAACATTGGC,7
cut-H3K27me3-AGCAGGAACAGATCTG,7
cut-H3K27me3-AGCAGGAACATCAAGT,7
cut-H3K27me3-AGCAGGAACGCTGATC,7
cut-H3K27me3-AGCAGGAAACAAGCTA,7
cut-H3K27me3-AGCAGGAACTGTAGCC,7
cut-H3K27me3-AGCAGGAAAGTACAAG,7
cut-H3K27me3-AGCAGGAAAACAACCA,7
cut-H3K27me3-AGCAGGAAAACCGAGA,12
cut-H3K27me3-AGCAGGAAAACGCTTA,12
cut-H3K27me3-AGCAGGAAAAGACGGA,12
cut-H3K27me3-AGCAGGAAAAGGTACA,12
cut-H3K27me3-AGCAGGAAACACAGAA,12
cut-H3K27me3-AGCAGGAAACAGCAGA,12
cut-H3K27me3-AGCAGGAAACCTCCAA,12
cut-H3K27me3-AGCAGGAAACGCTCGA,12
cut-H3K27me3-AGCAGGAAACGTATCA,3
cut-H3K27me3-AGCAGGAAACTATGCA,12
cut-H3K27me3-AGCAGGAAAGAGTCAA,2
cut-H3K27me3-AGCAGGAAAGATCGCA,2
cut-H3K27me3-AGCAGGAAAGCAGGAA,2
cut-H3K27me3-AGCAGGAAAGTCACTA,2
cut-H3K27me3-AGCAGGAAATCCTGTA,2
cut-H3K27me3-AGCAGGAAATTGAGGA,2
cut-H3K27me3-AGCAGGAACAACCACA,3
cut-H3K27me3-AGCAGGAAGACTAGTA,2
cut-H3K27me3-AGCAGGAACAATGGAA,3
cut-H3K27me3-AGCAGGAACACTTCGA,2
cut-H3K27me3-AGCAGGAACAGCGTTA,2
cut-H3K27me3-AGCAGGAACATACCAA,2
cut-H3K27me3-AGCAGGAACCAGTTCA,2
cut-H3K27me3-AGCAGGAACCGAAGTA,2
cut-H3K27me3-AGCAGGAACCGTGAGA,2
cut-H3K27me3-AGCAGGAACCTCCTGA,2
cut-H3K27me3-AGCAGGAACGAACTTA,2
cut-H3K27me3-AGCAGGAACGACTGGA,2
cut-H3K27me3-AGCAGGAACGCATACA,2
cut-H3K27me3-AGCAGGAACTCAATGA,2
cut-H3K27me3-AGCAGGAACTGAGCCA,2
cut-H3K27me3-AGCAGGAACTGGCATA,2
cut-H3K27me3-AGCAGGAAGAATCTGA,2
cut-H3K27me3-AGCAGGAACAAGACTA,3
cut-H3K27me3-AGCAGGAAGAGCTGAA,2
cut-H3K27me3-AGCAGGAAGATAGACA,2
cut-H3K27me3-AGCAGGAAGCCACATA,2
cut-H3K27me3-AGTCACTAAACGTGAT,7
cut-H3K27me3-AGTCACTAAGTGGTCA,7
cut-H3K27me3-AGTCACTAACCACTGT,7
cut-H3K27me3-AGTCACTAACATTGGC,7
cut-H3K27me3-AGTCACTACAGATCTG,7
cut-H3K27me3-AGTCACTACATCAAGT,7
cut-H3K27me3-AGTCACTACGCTGATC,7
cut-H3K27me3-AGTCACTAACAAGCTA,7
cut-H3K27me3-AGTCACTACTGTAGCC,7
cut-H3K27me3-AGTCACTAAGTACAAG,7
cut-H3K27me3-AGTCACTAAACAACCA,7
cut-H3K27me3-AGTCACTAAACCGAGA,12
cut-H3K27me3-AGTCACTAAACGCTTA,12
cut-H3K27me3-AGTCACTAAAGACGGA,12
cut-H3K27me3-AGTCACTAAAGGTACA,12
cut-H3K27me3-AGTCACTAACACAGAA,12
cut-H3K27me3-AGTCACTAACAGCAGA,12
cut-H3K27me3-AGTCACTAACCTCCAA,12
cut-H3K27me3-AGTCACTAACGCTCGA,12
cut-H3K27me3-AGTCACTAACGTATCA,2
cut-H3K27me3-AGTCACTAACTATGCA,3
cut-H3K27me3-AGTCACTAAGAGTCAA,3
cut-H3K27me3-AGTCACTAAGATCGCA,2
cut-H3K27me3-AGTCACTAAGCAGGAA,2
cut-H3K27me3-AGTCACTAAGTCACTA,2
cut-H3K27me3-AGTCACTAATCCTGTA,2
cut-H3K27me3-AGTCACTAATTGAGGA,2
cut-H3K27me3-AGTCACTACAACCACA,2
cut-H3K27me3-AGTCACTAGACTAGTA,2
cut-H3K27me3-AGTCACTACAATGGAA,3
cut-H3K27me3-AGTCACTACACTTCGA,2
cut-H3K27me3-AGTCACTACAGCGTTA,2
cut-H3K27me3-AGTCACTACATACCAA,2
cut-H3K27me3-AGTCACTACCAGTTCA,2
cut-H3K27me3-AGTCACTACCGAAGTA,2
cut-H3K27me3-AGTCACTACCGTGAGA,2
cut-H3K27me3-AGTCACTACCTCCTGA,2
cut-H3K27me3-AGTCACTACGAACTTA,2
cut-H3K27me3-AGTCACTACGACTGGA,2
cut-H3K27me3-AGTCACTACGCATACA,2
cut-H3K27me3-AGTCACTACTCAATGA,2
cut-H3K27me3-AGTCACTACTGAGCCA,2
cut-H3K27me3-AGTCACTACTGGCATA,2
cut-H3K27me3-AGTCACTAGAATCTGA,2
cut-H3K27me3-AGTCACTACAAGACTA,2
cut-H3K27me3-AGTCACTAGAGCTGAA,2
cut-H3K27me3-AGTCACTAGATAGACA,2
cut-H3K27me3-AGTCACTAGCCACATA,2
cut-H3K27me3-ATCCTGTAAGTGGTCA,7
cut-H3K27me3-ATCCTGTAACCACTGT,7
cut-H3K27me3-ATCCTGTAACATTGGC,7
cut-H3K27me3-ATCCTGTACAGATCTG,7
cut-H3K27me3-ATCCTGTACATCAAGT,7
cut-H3K27me3-ATCCTGTACGCTGATC,7
cut-H3K27me3-ATCCTGTAACAAGCTA,7
cut-H3K27me3-ATCCTGTACTGTAGCC,7
cut-H3K27me3-ATCCTGTAAGTACAAG,7
cut-H3K27me3-ATCCTGTAAACAACCA,7
cut-H3K27me3-ATCCTGTAAACCGAGA,7
cut-H3K27me3-ATCCTGTAAACGCTTA,7
cut-H3K27me3-ATCCTGTAAAGACGGA,12
cut-H3K27me3-ATCCTGTAAAGGTACA,12
cut-H3K27me3-ATCCTGTAACACAGAA,12
cut-H3K27me3-ATCCTGTAACAGCAGA,3
cut-H3K27me3-ATCCTGTAACCTCCAA,3
cut-H3K27me3-ATCCTGTAACGCTCGA,3
cut-H3K27me3-ATCCTGTAACGTATCA,2
cut-H3K27me3-ATCCTGTAACTATGCA,3
cut-H3K27me3-ATCCTGTAAGAGTCAA,3
cut-H3K27me3-ATCCTGTAAGATCGCA,2
cut-H3K27me3-ATCCTGTAAGCAGGAA,2
cut-H3K27me3-ATCCTGTAAGTCACTA,2
cut-H3K27me3-ATCCTGTAATCCTGTA,2
cut-H3K27me3-ATCCTGTAATTGAGGA,2
cut-H3K27me3-ATCCTGTACAACCACA,2
cut-H3K27me3-ATCCTGTAGACTAGTA,2
cut-H3K27me3-ATCCTGTACAATGGAA,3
cut-H3K27me3-ATCCTGTACACTTCGA,2
cut-H3K27me3-ATCCTGTACAGCGTTA,2
cut-H3K27me3-ATCCTGTACATACCAA,2
cut-H3K27me3-ATCCTGTACCAGTTCA,2
cut-H3K27me3-ATCCTGTACCGAAGTA,2
cut-H3K27me3-ATCCTGTACCGTGAGA,2
cut-H3K27me3-ATCCTGTACCTCCTGA,2
cut-H3K27me3-ATCCTGTACGAACTTA,2
cut-H3K27me3-ATCCTGTACGACTGGA,2
cut-H3K27me3-ATCCTGTACGCATACA,3
cut-H3K27me3-ATCCTGTACTCAATGA,3
cut-H3K27me3-ATCCTGTACTGAGCCA,3
cut-H3K27me3-ATCCTGTACTGGCATA,2
cut-H3K27me3-ATCCTGTAGAATCTGA,3
cut-H3K27me3-ATCCTGTACAAGACTA,3
cut-H3K27me3-ATCCTGTAGAGCTGAA,2
cut-H3K27me3-ATCCTGTAGATAGACA,2
cut-H3K27me3-ATCCTGTAGCCACATA,2
cut-H3K27me3-ATTGAGGAAACGTGAT,7
cut-H3K27me3-ATTGAGGAACCACTGT,7
cut-H3K27me3-ATTGAGGAACATTGGC,7
cut-H3K27me3-ATTGAGGACAGATCTG,7
cut-H3K27me3-ATTGAGGACATCAAGT,7
cut-H3K27me3-ATTGAGGACGCTGATC,7
cut-H3K27me3-ATTGAGGAACAAGCTA,7
cut-H3K27me3-ATTGAGGACTGTAGCC,7
cut-H3K27me3-ATTGAGGAAGTACAAG,7
cut-H3K27me3-ATTGAGGAAACAACCA,7
cut-H3K27me3-ATTGAGGAAACCGAGA,7
cut-H3K27me3-ATTGAGGAAACGCTTA,7
cut-H3K27me3-ATTGAGGAAAGACGGA,12
cut-H3K27me3-ATTGAGGAAAGGTACA,12
cut-H3K27me3-ATTGAGGAACACAGAA,3
cut-H3K27me3-ATTGAGGAACAGCAGA,3
cut-H3K27me3-ATTGAGGAACCTCCAA,3
cut-H3K27me3-ATTGAGGAACGCTCGA,3
cut-H3K27me3-ATTGAGGAACGTATCA,3
cut-H3K27me3-ATTGAGGAACTATGCA,3
cut-H3K27me3-ATTGAGGAAGAGTCAA,3
cut-H3K27me3-ATTGAGGAAGATCGCA,2
cut-H3K27me3-ATTGAGGAAGCAGGAA,2
cut-H3K27me3-ATTGAGGAAGTCACTA,2
cut-H3K27me3-ATTGAGGAATCCTGTA,2
cut-H3K27me3-ATTGAGGAATTGAGGA,2
cut-H3K27me3-ATTGAGGACAACCACA,2
cut-H3K27me3-ATTGAGGAGACTAGTA,2
cut-H3K27me3-ATTGAGGACAATGGAA,3
cut-H3K27me3-ATTGAGGACACTTCGA,2
cut-H3K27me3-ATTGAGGACAGCGTTA,2
cut-H3K27me3-ATTGAGGACATACCAA,2
cut-H3K27me3-ATTGAGGACCAGTTCA,2
cut-H3K27me3-ATTGAGGACCGAAGTA,2
cut-H3K27me3-ATTGAGGACCGTGAGA,2
cut-H3K27me3-ATTGAGGACCTCCTGA,2
cut-H3K27me3-ATTGAGGACGAACTTA,2
cut-H3K27me3-ATTGAGGACGACTGGA,2
cut-H3K27me3-ATTGAGGACGCATACA,3
cut-H3K27me3-ATTGAGGACTCAATGA,3
cut-H3K27me3-ATTGAGGACTGAGCCA,3
cut-H3K27me3-ATTGAGGACTGGCATA,3
cut-H3K27me3-ATTGAGGAGAATCTGA,3
cut-H3K27me3-ATTGAGGACAAGACTA,3
cut-H3K27me3-ATTGAGGAGAGCTGAA,2
cut-H3K27me3-ATTGAGGAGATAGACA,2
cut-H3K27me3-ATTGAGGAGCCACATA,2
cut-H3K27me3-CAACCACAAACGTGAT,7
cut-H3K27me3-CAACCACAAAACATCG,7
cut-H3K27me3-CAACCACAACCACTGT,7
cut-H3K27me3-CAACCACAACATTGGC,7
cut-H3K27me3-CAACCACACAGATCTG,7
cut-H3K27me3-CAACCACACATCAAGT,7
cut-H3K27me3-CAACCACACGCTGATC,7
cut-H3K27me3-CAACCACAACAAGCTA,7
cut-H3K27me3-CAACCACACTGTAGCC,7
cut-H3K27me3-CAACCACAAGTACAAG,7
cut-H3K27me3-CAACCACAAACAACCA,7
cut-H3K27me3-CAACCACAAACCGAGA,7
cut-H3K27me3-CAACCACAAACGCTTA,7
cut-H3K27me3-CAACCACAAAGACGGA,12
cut-H3K27me3-CAACCACAAAGGTACA,12
cut-H3K27me3-CAACCACAACACAGAA,3
cut-H3K27me3-CAACCACAACAGCAGA,2
cut-H3K27me3-CAACCACAACCTCCAA,2
cut-H3K27me3-CAACCACAACGCTCGA,3
cut-H3K27me3-CAACCACAACGTATCA,2
cut-H3K27me3-CAACCACAACTATGCA,3
cut-H3K27me3-CAACCACAAGAGTCAA,2
cut-H3K27me3-CAACCACAAGATCGCA,2
cut-H3K27me3-CAACCACAAGCAGGAA,2
cut-H3K27me3-CAACCACAAGTCACTA,2
cut-H3K27me3-CAACCACAATCCTGTA,2
cut-H3K27me3-CAACCACAATTGAGGA,2
cut-H3K27me3-CAACCACACAACCACA,2
cut-H3K27me3-CAACCACAGACTAGTA,2
cut-H3K27me3-CAACCACACAATGGAA,3
cut-H3K27me3-CAACCACACACTTCGA,2
cut-H3K27me3-CAACCACACAGCGTTA,2
cut-H3K27me3-CAACCACACATACCAA,2
cut-H3K27me3-CAACCACACCAGTTCA,2
cut-H3K27me3-CAACCACACCGAAGTA,2
cut-H3K27me3-CAACCACACCGTGAGA,2
cut-H3K27me3-CAACCACACCTCCTGA,2
cut-H3K27me3-CAACCACACGAACTTA,2
cut-H3K27me3-CAACCACACGACTGGA,2
cut-H3K27me3-CAACCACACGCATACA,3
cut-H3K27me3-CAACCACACTCAATGA,3
cut-H3K27me3-CAACCACACTGAGCCA,3
cut-H3K27me3-CAACCACACTGGCATA,3
cut-H3K27me3-CAACCACAGAATCTGA,3
cut-H3K27me3-CAACCACACAAGACTA,3
cut-H3K27me3-CAACCACAGAGCTGAA,3
cut-H3K27me3-CAACCACAGATAGACA,2
cut-H3K27me3-CAACCACAGCCACATA,2
cut-H3K27me3-GACTAGTAAACGTGAT,7
cut-H3K27me3-GACTAGTAAAACATCG,7
cut-H3K27me3-GACTAGTAATGCCTAA,7
cut-H3K27me3-GACTAGTAACCACTGT,7
cut-H3K27me3-GACTAGTAACATTGGC,7
cut-H3K27me3-GACTAGTACAGATCTG,7
cut-H3K27me3-GACTAGTACATCAAGT,7
cut-H3K27me3-GACTAGTACGCTGATC,7
cut-H3K27me3-GACTAGTAACAAGCTA,7
cut-H3K27me3-GACTAGTACTGTAGCC,7
cut-H3K27me3-GACTAGTAAGTACAAG,7
cut-H3K27me3-GACTAGTAAACAACCA,7
cut-H3K27me3-GACTAGTAAACCGAGA,7
cut-H3K27me3-GACTAGTAAACGCTTA,7
cut-H3K27me3-GACTAGTAAAGACGGA,12
cut-H3K27me3-GACTAGTAAAGGTACA,2
cut-H3K27me3-GACTAGTAACACAGAA,2
cut-H3K27me3-GACTAGTAACAGCAGA,2
cut-H3K27me3-GACTAGTAACCTCCAA,2
cut-H3K27me3-GACTAGTAACGCTCGA,3
cut-H3K27me3-GACTAGTAACGTATCA,2
cut-H3K27me3-GACTAGTAACTATGCA,3
cut-H3K27me3-GACTAGTAAGAGTCAA,2
cut-H3K27me3-GACTAGTAAGATCGCA,2
cut-H3K27me3-GACTAGTAAGCAGGAA,2
cut-H3K27me3-GACTAGTAAGTCACTA,2
cut-H3K27me3-GACTAGTAATCCTGTA,2
cut-H3K27me3-GACTAGTAATTGAGGA,2
cut-H3K27me3-GACTAGTACAACCACA,2
cut-H3K27me3-GACTAGTAGACTAGTA,2
cut-H3K27me3-GACTAGTACAATGGAA,3
cut-H3K27me3-GACTAGTACACTTCGA,2
cut-H3K27me3-GACTAGTACAGCGTTA,2
cut-H3K27me3-GACTAGTACATACCAA,2
cut-H3K27me3-GACTAGTACCAGTTCA,2
cut-H3K27me3-GACTAGTACCGAAGTA,2
cut-H3K27me3-GACTAGTACCGTGAGA,2
cut-H3K27me3-GACTAGTACCTCCTGA,3
cut-H3K27me3-GACTAGTACGAACTTA,2
cut-H3K27me3-GACTAGTACGACTGGA,2
cut-H3K27me3-GACTAGTACGCATACA,3
cut-H3K27me3-GACTAGTACTCAATGA,3
cut-H3K27me3-GACTAGTAGAATCTGA,2
cut-H3K27me3-GACTAGTACAAGACTA,3
cut-H3K27me3-GACTAGTAGAGCTGAA,3
cut-H3K27me3-GACTAGTAGATAGACA,3
cut-H3K27me3-GACTAGTAGCCACATA,2
cut-H3K27me3-CAATGGAAAAACATCG,7
cut-H3K27me3-CAATGGAAATGCCTAA,7
cut-H3K27me3-CAATGGAAACCACTGT,7
cut-H3K27me3-CAATGGAAACATTGGC,7
cut-H3K27me3-CAATGGAACAGATCTG,7
cut-H3K27me3-CAATGGAACATCAAGT,7
cut-H3K27me3-CAATGGAACGCTGATC,7
cut-H3K27me3-CAATGGAAACAAGCTA,7
cut-H3K27me3-CAATGGAACTGTAGCC,7
cut-H3K27me3-CAATGGAAAGTACAAG,7
cut-H3K27me3-CAATGGAAAACAACCA,7
cut-H3K27me3-CAATGGAAAACCGAGA,7
cut-H3K27me3-CAATGGAAAACGCTTA,7
cut-H3K27me3-CAATGGAAAAGACGGA,12
cut-H3K27me3-CAATGGAAAAGGTACA,2
cut-H3K27me3-CAATGGAAACACAGAA,2
cut-H3K27me3-CAATGGAAACAGCAGA,2
cut-H3K27me3-CAATGGAAACCTCCAA,3
cut-H3K27me3-CAATGGAAACGCTCGA,3
cut-H3K27me3-CAATGGAAACGTATCA,2
cut-H3K27me3-CAATGGAAACTATGCA,3
cut-H3K27me3-CAATGGAAAGAGTCAA,2
cut-H3K27me3-CAATGGAAAGATCGCA,2
cut-H3K27me3-CAATGGAAAGCAGGAA,2
cut-H3K27me3-CAATGGAAAGTCACTA,2
cut-H3K27me3-CAATGGAAATCCTGTA,2
cut-H3K27me3-CAATGGAAATTGAGGA,2
cut-H3K27me3-CAATGGAACAACCACA,2
cut-H3K27me3-CAATGGAACAATGGAA,3
cut-H3K27me3-CAATGGAACACTTCGA,2
cut-H3K27me3-CAATGGAACAGCGTTA,2
cut-H3K27me3-CAATGGAACATACCAA,2
cut-H3K27me3-CAATGGAACCAGTTCA,2
cut-H3K27me3-CAATGGAACCGAAGTA,2
cut-H3K27me3-CAATGGAACCGTGAGA,2
cut-H3K27me3-CAATGGAACCTCCTGA,3
cut-H3K27me3-CAATGGAAGAATCTGA,2
cut-H3K27me3-CAATGGAACAAGACTA,3
cut-H3K27me3-CAATGGAAGAGCTGAA,3
cut-H3K27me3-CAATGGAAGATAGACA,3
cut-H3K27me3-CAATGGAAGCCACATA,3
cut-H3K27me3-CACTTCGAATGCCTAA,7
cut-H3K27me3-CACTTCGAAGTGGTCA,7
cut-H3K27me3-CACTTCGAACCACTGT,7
cut-H3K27me3-CACTTCGAACATTGGC,7
cut-H3K27me3-CACTTCGACAGATCTG,7
cut-H3K27me3-CACTTCGACATCAAGT,7
cut-H3K27me3-CACTTCGACGCTGATC,7
cut-H3K27me3-CACTTCGACTGTAGCC,7
cut-H3K27me3-CACTTCGAAGTACAAG,7
cut-H3K27me3-CACTTCGAAACAACCA,7
cut-H3K27me3-CACTTCGAAACCGAGA,7
cut-H3K27me3-CACTTCGAAACGCTTA,7
cut-H3K27me3-CACTTCGAAAGACGGA,2
cut-H3K27me3-CACTTCGAAAGGTACA,2
cut-H3K27me3-CACTTCGAACACAGAA,2
cut-H3K27me3-CACTTCGAACAGCAGA,2
cut-H3K27me3-CACTTCGAACCTCCAA,2
cut-H3K27me3-CACTTCGAACGCTCGA,2
cut-H3K27me3-CACTTCGAACGTATCA,2
cut-H3K27me3-CACTTCGAACTATGCA,2
cut-H3K27me3-CACTTCGAAGAGTCAA,2
cut-H3K27me3-CACTTCGAAGATCGCA,2
cut-H3K27me3-CACTTCGAAGCAGGAA,2
cut-H3K27me3-CACTTCGAAGTCACTA,2
cut-H3K27me3-CACTTCGAATCCTGTA,2
cut-H3K27me3-CACTTCGAATTGAGGA,2
cut-H3K27me3-CACTTCGACAACCACA,2
cut-H3K27me3-CACTTCGACAATGGAA,3
cut-H3K27me3-CACTTCGACACTTCGA,2
cut-H3K27me3-CACTTCGACAGCGTTA,2
cut-H3K27me3-CACTTCGACATACCAA,2
cut-H3K27me3-CACTTCGACCAGTTCA,2
cut-H3K27me3-CACTTCGACCGAAGTA,3
cut-H3K27me3-CACTTCGACCGTGAGA,3
cut-H3K27me3-CACTTCGACTGGCATA,3
cut-H3K27me3-CACTTCGAGAATCTGA,2
cut-H3K27me3-CACTTCGACAAGACTA,3
cut-H3K27me3-CACTTCGAGAGCTGAA,3
cut-H3K27me3-CACTTCGAGATAGACA,3
cut-H3K27me3-CACTTCGAGCCACATA,3
cut-H3K27me3-CAGCGTTAATGCCTAA,7
cut-H3K27me3-CAGCGTTAAGTGGTCA,7
cut-H3K27me3-CAGCGTTAACCACTGT,7
cut-H3K27me3-CAGCGTTAACATTGGC,7
cut-H3K27me3-CAGCGTTACAGATCTG,7
cut-H3K27me3-CAGCGTTACATCAAGT,7
cut-H3K27me3-CAGCGTTACGCTGATC,7
cut-H3K27me3-CAGCGTTAAGTACAAG,7
cut-H3K27me3-CAGCGTTAAACAACCA,7
cut-H3K27me3-CAGCGTTAAACCGAGA,7
cut-H3K27me3-CAGCGTTAAACGCTTA,7
cut-H3K27me3-CAGCGTTAAAGACGGA,2
cut-H3K27me3-CAGCGTTAAAGGTACA,2
cut-H3K27me3-CAGCGTTAACACAGAA,2
cut-H3K27me3-CAGCGTTAACAGCAGA,2
cut-H3K27me3-CAGCGTTAACCTCCAA,2
cut-H3K27me3-CAGCGTTAACGCTCGA,2
cut-H3K27me3-CAGCGTTAACGTATCA,2
cut-H3K27me3-CAGCGTTAACTATGCA,2
cut-H3K27me3-CAGCGTTAAGAGTCAA,2
cut-H3K27me3-CAGCGTTAAGATCGCA,2
cut-H3K27me3-CAGCGTTAAGCAGGAA,2
cut-H3K27me3-CAGCGTTAAGTCACTA,2
cut-H3K27me3-CAGCGTTAATCCTGTA,2
cut-H3K27me3-CAGCGTTAATTGAGGA,2
cut-H3K27me3-CAGCGTTACAACCACA,3
cut-H3K27me3-CAGCGTTAGACTAGTA,2
cut-H3K27me3-CAGCGTTACAATGGAA,2
cut-H3K27me3-CAGCGTTACACTTCGA,2
cut-H3K27me3-CAGCGTTACAGCGTTA,2
cut-H3K27me3-CAGCGTTACATACCAA,2
cut-H3K27me3-CAGCGTTACCAGTTCA,2
cut-H3K27me3-CAGCGTTACCGAAGTA,3
cut-H3K27me3-CAGCGTTACCGTGAGA,3
cut-H3K27me3-CAGCGTTACCTCCTGA,3
cut-H3K27me3-CAGCGTTACGAACTTA,3
cut-H3K27me3-CAGCGTTACGACTGGA,3
cut-H3K27me3-CAGCGTTACGCATACA,3
cut-H3K27me3-CAGCGTTACTCAATGA,3
cut-H3K27me3-CAGCGTTACTGAGCCA,3
cut-H3K27me3-CAGCGTTACTGGCATA,3
cut-H3K27me3-CAGCGTTAGAATCTGA,3
cut-H3K27me3-CAGCGTTACAAGACTA,3
cut-H3K27me3-CAGCGTTAGAGCTGAA,3
cut-H3K27me3-CAGCGTTAGATAGACA,3
cut-H3K27me3-CAGCGTTAGCCACATA,3
cut-H3K27me3-CATACCAAATGCCTAA,7
cut-H3K27me3-CATACCAAAGTGGTCA,7
cut-H3K27me3-CATACCAAACCACTGT,7
cut-H3K27me3-CATACCAAACATTGGC,7
cut-H3K27me3-CATACCAACAGATCTG,7
cut-H3K27me3-CATACCAAAGTACAAG,7
cut-H3K27me3-CATACCAAAACAACCA,7
cut-H3K27me3-CATACCAAAACCGAGA,7
cut-H3K27me3-CATACCAAAACGCTTA,7
cut-H3K27me3-CATACCAAAAGACGGA,2
cut-H3K27me3-CATACCAAAAGGTACA,2
cut-H3K27me3-CATACCAAACACAGAA,2
cut-H3K27me3-CATACCAAACAGCAGA,2
cut-H3K27me3-CATACCAAACCTCCAA,2
cut-H3K27me3-CATACCAAACGCTCGA,2
cut-H3K27me3-CATACCAAACGTATCA,2
cut-H3K27me3-CATACCAAACTATGCA,2
cut-H3K27me3-CATACCAAAGAGTCAA,2
cut-H3K27me3-CATACCAAAGATCGCA,2
cut-H3K27me3-CATACCAAAGCAGGAA,2
cut-H3K27me3-CATACCAAAGTCACTA,2
cut-H3K27me3-CATACCAAATCCTGTA,2
cut-H3K27me3-CATACCAAATTGAGGA,2
cut-H3K27me3-CATACCAACAACCACA,3
cut-H3K27me3-CATACCAAGACTAGTA,2
cut-H3K27me3-CATACCAACACTTCGA,2
cut-H3K27me3-CATACCAACAGCGTTA,2
cut-H3K27me3-CATACCAACATACCAA,2
cut-H3K27me3-CATACCAACCAGTTCA,3
cut-H3K27me3-CATACCAACCGAAGTA,3
cut-H3K27me3-CATACCAACCGTGAGA,3
cut-H3K27me3-CATACCAACCTCCTGA,3
cut-H3K27me3-CATACCAACGAACTTA,3
cut-H3K27me3-CATACCAACGACTGGA,3
cut-H3K27me3-CATACCAACGCATACA,3
cut-H3K27me3-CATACCAACTCAATGA,3
cut-H3K27me3-CATACCAACTGAGCCA,3
cut-H3K27me3-CATACCAACTGGCATA,3
cut-H3K27me3-CATACCAAGAATCTGA,3
cut-H3K27me3-CATACCAACAAGACTA,3
cut-H3K27me3-CATACCAAGAGCTGAA,3
cut-H3K27me3-CATACCAAGATAGACA,3
cut-H3K27me3-CATACCAAGCCACATA,3
cut-H3K27me3-CCAGTTCAAGTGGTCA,7
cut-H3K27me3-CCAGTTCAACCACTGT,7
cut-H3K27me3-CCAGTTCAACATTGGC,7
cut-H3K27me3-CCAGTTCACAGATCTG,7
cut-H3K27me3-CCAGTTCACATCAAGT,7
cut-H3K27me3-CCAGTTCACTGTAGCC,7
cut-H3K27me3-CCAGTTCAAGTACAAG,7
cut-H3K27me3-CCAGTTCAAACAACCA,7
cut-H3K27me3-CCAGTTCAAACCGAGA,7
cut-H3K27me3-CCAGTTCAAACGCTTA,7
cut-H3K27me3-CCAGTTCAAAGACGGA,2
cut-H3K27me3-CCAGTTCAAAGGTACA,2
cut-H3K27me3-CCAGTTCAACACAGAA,2
cut-H3K27me3-CCAGTTCAACAGCAGA,2
cut-H3K27me3-CCAGTTCAACCTCCAA,2
cut-H3K27me3-CCAGTTCAACGCTCGA,2
cut-H3K27me3-CCAGTTCAACGTATCA,2
cut-H3K27me3-CCAGTTCAACTATGCA,2
cut-H3K27me3-CCAGTTCAAGAGTCAA,2
cut-H3K27me3-CCAGTTCAAGATCGCA,2
cut-H3K27me3-CCAGTTCAAGCAGGAA,2
cut-H3K27me3-CCAGTTCAAGTCACTA,2
cut-H3K27me3-CCAGTTCAATCCTGTA,2
cut-H3K27me3-CCAGTTCAATTGAGGA,2
cut-H3K27me3-CCAGTTCACAACCACA,3
cut-H3K27me3-CCAGTTCAGACTAGTA,2
cut-H3K27me3-CCAGTTCACATACCAA,3
cut-H3K27me3-CCAGTTCACCAGTTCA,3
cut-H3K27me3-CCAGTTCACCGAAGTA,3
cut-H3K27me3-CCAGTTCACCGTGAGA,3
cut-H3K27me3-CCAGTTCACCTCCTGA,3
cut-H3K27me3-CCAGTTCACGAACTTA,3
cut-H3K27me3-CCAGTTCACGACTGGA,3
cut-H3K27me3-CCAGTTCACGCATACA,3
cut-H3K27me3-CCAGTTCACTCAATGA,3
cut-H3K27me3-CCAGTTCACTGAGCCA,3
cut-H3K27me3-CCAGTTCACTGGCATA,3
cut-H3K27me3-CCAGTTCAGAATCTGA,3
cut-H3K27me3-CCAGTTCACAAGACTA,3
cut-H3K27me3-CCAGTTCAGAGCTGAA,3
cut-H3K27me3-CCAGTTCAGATAGACA,3
cut-H3K27me3-CCAGTTCAGCCACATA,3
cut-H3K27me3-CCGAAGTAAACGTGAT,7
cut-H3K27me3-CCGAAGTAAGTGGTCA,7
cut-H3K27me3-CCGAAGTAACCACTGT,7
cut-H3K27me3-CCGAAGTAACATTGGC,7
cut-H3K27me3-CCGAAGTACAGATCTG,7
cut-H3K27me3-CCGAAGTACATCAAGT,7
cut-H3K27me3-CCGAAGTACGCTGATC,7
cut-H3K27me3-CCGAAGTAACAAGCTA,7
cut-H3K27me3-CCGAAGTACTGTAGCC,7
cut-H3K27me3-CCGAAGTAAGTACAAG,7
cut-H3K27me3-CCGAAGTAAACAACCA,7
cut-H3K27me3-CCGAAGTAAACCGAGA,7
cut-H3K27me3-CCGAAGTAAACGCTTA,2
cut-H3K27me3-CCGAAGTAAAGACGGA,2
cut-H3K27me3-CCGAAGTAAAGGTACA,2
cut-H3K27me3-CCGAAGTAACACAGAA,2
cut-H3K27me3-CCGAAGTAACAGCAGA,2
cut-H3K27me3-CCGAAGTAACCTCCAA,2
cut-H3K27me3-CCGAAGTAACGCTCGA,2
cut-H3K27me3-CCGAAGTAACGTATCA,2
cut-H3K27me3-CCGAAGTAACTATGCA,2
cut-H3K27me3-CCGAAGTAAGAGTCAA,2
cut-H3K27me3-CCGAAGTAAGATCGCA,2
cut-H3K27me3-CCGAAGTAAGCAGGAA,2
cut-H3K27me3-CCGAAGTAAGTCACTA,2
cut-H3K27me3-CCGAAGTAATCCTGTA,2
cut-H3K27me3-CCGAAGTAATTGAGGA,2
cut-H3K27me3-CCGAAGTACAACCACA,3
cut-H3K27me3-CCGAAGTAGACTAGTA,2
cut-H3K27me3-CCGAAGTACAGCGTTA,3
cut-H3K27me3-CCGAAGTACATACCAA,3
cut-H3K27me3-CCGAAGTACCAGTTCA,3
cut-H3K27me3-CCGAAGTACCGAAGTA,3
cut-H3K27me3-CCGAAGTACCGTGAGA,3
cut-H3K27me3-CCGAAGTACCTCCTGA,3
cut-H3K27me3-CCGAAGTACGAACTTA,3
cut-H3K27me3-CCGAAGTACGACTGGA,3
cut-H3K27me3-CCGAAGTACGCATACA,3
cut-H3K27me3-CCGAAGTACTCAATGA,3
cut-H3K27me3-CCGAAGTACTGAGCCA,3
cut-H3K27me3-CCGAAGTACTGGCATA,3
cut-H3K27me3-CCGAAGTAGAATCTGA,3
cut-H3K27me3-CCGAAGTACAAGACTA,3
cut-H3K27me3-CCGAAGTAGAGCTGAA,3
cut-H3K27me3-CCGAAGTAGATAGACA,3
cut-H3K27me3-CCGAAGTAGCCACATA,3
cut-H3K27me3-CCGTGAGAAACGTGAT,7
cut-H3K27me3-CCGTGAGAAAACATCG,7
cut-H3K27me3-CCGTGAGAATGCCTAA,7
cut-H3K27me3-CCGTGAGAAGTGGTCA,7
cut-H3K27me3-CCGTGAGAACCACTGT,7
cut-H3K27me3-CCGTGAGAACATTGGC,7
cut-H3K27me3-CCGTGAGACAGATCTG,7
cut-H3K27me3-CCGTGAGACATCAAGT,7
cut-H3K27me3-CCGTGAGACGCTGATC,7
cut-H3K27me3-CCGTGAGAACAAGCTA,7
cut-H3K27me3-CCGTGAGACTGTAGCC,7
cut-H3K27me3-CCGTGAGAAGTACAAG,7
cut-H3K27me3-CCGTGAGAAACAACCA,7
cut-H3K27me3-CCGTGAGAAACCGAGA,2
cut-H3K27me3-CCGTGAGAAACGCTTA,2
cut-H3K27me3-CCGTGAGAAAGACGGA,2
cut-H3K27me3-CCGTGAGAAAGGTACA,2
cut-H3K27me3-CCGTGAGAACACAGAA,2
cut-H3K27me3-CCGTGAGAACAGCAGA,2
cut-H3K27me3-CCGTGAGAACCTCCAA,2
cut-H3K27me3-CCGTGAGAACGCTCGA,2
cut-H3K27me3-CCGTGAGAACGTATCA,2
cut-H3K27me3-CCGTGAGAACTATGCA,2
cut-H3K27me3-CCGTGAGAAGAGTCAA,2
cut-H3K27me3-CCGTGAGAAGATCGCA,2
cut-H3K27me3-CCGTGAGAAGCAGGAA,2
cut-H3K27me3-CCGTGAGAAGTCACTA,2
cut-H3K27me3-CCGTGAGAATCCTGTA,2
cut-H3K27me3-CCGTGAGAATTGAGGA,2
cut-H3K27me3-CCGTGAGACAACCACA,3
cut-H3K27me3-CCGTGAGAGACTAGTA,3
cut-H3K27me3-CCGTGAGACAGCGTTA,3
cut-H3K27me3-CCGTGAGACATACCAA,3
cut-H3K27me3-CCGTGAGACCAGTTCA,3
cut-H3K27me3-CCGTGAGACCGAAGTA,3
cut-H3K27me3-CCGTGAGACCGTGAGA,3
cut-H3K27me3-CCGTGAGACCTCCTGA,3
cut-H3K27me3-CCGTGAGACGAACTTA,3
cut-H3K27me3-CCGTGAGACGACTGGA,3
cut-H3K27me3-CCGTGAGACGCATACA,3
cut-H3K27me3-CCGTGAGACTCAATGA,3
cut-H3K27me3-CCGTGAGACTGAGCCA,3
cut-H3K27me3-CCGTGAGACTGGCATA,3
cut-H3K27me3-CCGTGAGAGAATCTGA,3
cut-H3K27me3-CCGTGAGACAAGACTA,3
cut-H3K27me3-CCGTGAGAGAGCTGAA,2
cut-H3K27me3-CCGTGAGAGATAGACA,3
cut-H3K27me3-CCGTGAGAGCCACATA,3
cut-H3K27me3-CCTCCTGAAACGTGAT,7
cut-H3K27me3-CCTCCTGAAAACATCG,7
cut-H3K27me3-CCTCCTGAATGCCTAA,7
cut-H3K27me3-CCTCCTGAAGTGGTCA,7
cut-H3K27me3-CCTCCTGAACCACTGT,7
cut-H3K27me3-CCTCCTGAACATTGGC,7
cut-H3K27me3-CCTCCTGACAGATCTG,7
cut-H3K27me3-CCTCCTGACATCAAGT,7
cut-H3K27me3-CCTCCTGACGCTGATC,7
cut-H3K27me3-CCTCCTGAACAAGCTA,7
cut-H3K27me3-CCTCCTGACTGTAGCC,7
cut-H3K27me3-CCTCCTGAAGTACAAG,7
cut-H3K27me3-CCTCCTGAAACAACCA,7
cut-H3K27me3-CCTCCTGAAACCGAGA,2
cut-H3K27me3-CCTCCTGAAACGCTTA,2
cut-H3K27me3-CCTCCTGAAAGACGGA,12
cut-H3K27me3-CCTCCTGAAAGGTACA,2
cut-H3K27me3-CCTCCTGAACACAGAA,2
cut-H3K27me3-CCTCCTGAACAGCAGA,2
cut-H3K27me3-CCTCCTGAACCTCCAA,2
cut-H3K27me3-CCTCCTGAACGCTCGA,2
cut-H3K27me3-CCTCCTGAACGTATCA,2
cut-H3K27me3-CCTCCTGAACTATGCA,2
cut-H3K27me3-CCTCCTGAAGAGTCAA,2
cut-H3K27me3-CCTCCTGAAGATCGCA,2
cut-H3K27me3-CCTCCTGAAGCAGGAA,2
cut-H3K27me3-CCTCCTGAAGTCACTA,2
cut-H3K27me3-CCTCCTGAATCCTGTA,2
cut-H3K27me3-CCTCCTGAATTGAGGA,2
cut-H3K27me3-CCTCCTGACAACCACA,3
cut-H3K27me3-CCTCCTGAGACTAGTA,2
cut-H3K27me3-CCTCCTGACAGCGTTA,3
cut-H3K27me3-CCTCCTGACATACCAA,3
cut-H3K27me3-CCTCCTGACCAGTTCA,3
cut-H3K27me3-CCTCCTGACCGAAGTA,3
cut-H3K27me3-CCTCCTGACCGTGAGA,3
cut-H3K27me3-CCTCCTGACCTCCTGA,3
cut-H3K27me3-CCTCCTGACGAACTTA,3
cut-H3K27me3-CCTCCTGACGACTGGA,3
cut-H3K27me3-CCTCCTGACGCATACA,3
cut-H3K27me3-CCTCCTGACTCAATGA,3
cut-H3K27me3-CCTCCTGACTGAGCCA,3
cut-H3K27me3-CCTCCTGACTGGCATA,3
cut-H3K27me3-CCTCCTGAGAATCTGA,3
cut-H3K27me3-CCTCCTGACAAGACTA,3
cut-H3K27me3-CCTCCTGAGAGCTGAA,3
cut-H3K27me3-CCTCCTGAGATAGACA,3
cut-H3K27me3-CCTCCTGAGCCACATA,3
cut-H3K27me3-CGAACTTAATGCCTAA,7
cut-H3K27me3-CGAACTTAAGTGGTCA,7
cut-H3K27me3-CGAACTTAACCACTGT,7
cut-H3K27me3-CGAACTTAACATTGGC,7
cut-H3K27me3-CGAACTTACAGATCTG,7
cut-H3K27me3-CGAACTTACATCAAGT,7
cut-H3K27me3-CGAACTTACGCTGATC,7
cut-H3K27me3-CGAACTTAACAAGCTA,7
cut-H3K27me3-CGAACTTACTGTAGCC,7
cut-H3K27me3-CGAACTTAAGTACAAG,7
cut-H3K27me3-CGAACTTAAACAACCA,2
cut-H3K27me3-CGAACTTAAACCGAGA,2
cut-H3K27me3-CGAACTTAAACGCTTA,2
cut-H3K27me3-CGAACTTAAAGACGGA,3
cut-H3K27me3-CGAACTTAAAGGTACA,2
cut-H3K27me3-CGAACTTAACACAGAA,2
cut-H3K27me3-CGAACTTAACAGCAGA,2
cut-H3K27me3-CGAACTTAACCTCCAA,2
cut-H3K27me3-CGAACTTAACGCTCGA,2
cut-H3K27me3-CGAACTTAACGTATCA,2
cut-H3K27me3-CGAACTTAACTATGCA,2
cut-H3K27me3-CGAACTTAAGAGTCAA,2
cut-H3K27me3-CGAACTTAAGATCGCA,2
cut-H3K27me3-CGAACTTAAGCAGGAA,2
cut-H3K27me3-CGAACTTAAGTCACTA,2
cut-H3K27me3-CGAACTTAATCCTGTA,2
cut-H3K27me3-CGAACTTAATTGAGGA,2
cut-H3K27me3-CGAACTTACAACCACA,3
cut-H3K27me3-CGAACTTAGACTAGTA,2
cut-H3K27me3-CGAACTTACAGCGTTA,3
cut-H3K27me3-CGAACTTACCAGTTCA,3
cut-H3K27me3-CGAACTTACCGAAGTA,3
cut-H3K27me3-CGAACTTACCGTGAGA,3
cut-H3K27me3-CGAACTTACCTCCTGA,3
cut-H3K27me3-CGAACTTACGAACTTA,3
cut-H3K27me3-CGAACTTACTCAATGA,3
cut-H3K27me3-CGAACTTACTGAGCCA,3
cut-H3K27me3-CGAACTTACTGGCATA,3
cut-H3K27me3-CGAACTTAGAATCTGA,3
cut-H3K27me3-CGAACTTACAAGACTA,3
cut-H3K27me3-CGAACTTAGAGCTGAA,2
cut-H3K27me3-CGAACTTAGATAGACA,3
cut-H3K27me3-CGAACTTAGCCACATA,3
cut-H3K27me3-CGACTGGACATCAAGT,7
cut-H3K27me3-CGACTGGACGCTGATC,7
cut-H3K27me3-CGACTGGAACAAGCTA,7
cut-H3K27me3-CGACTGGACTGTAGCC,7
cut-H3K27me3-CGACTGGAAGTACAAG,7
cut-H3K27me3-CGACTGGAAACCGAGA,2
cut-H3K27me3-CGACTGGAAACGCTTA,2
cut-H3K27me3-CGACTGGAAAGACGGA,12
cut-H3K27me3-CGACTGGAAAGGTACA,2
cut-H3K27me3-CGACTGGAACACAGAA,2
cut-H3K27me3-CGACTGGAACAGCAGA,2
cut-H3K27me3-CGACTGGAACCTCCAA,2
cut-H3K27me3-CGACTGGAACGCTCGA,2
cut-H3K27me3-CGACTGGAACGTATCA,2
cut-H3K27me3-CGACTGGAACTATGCA,2
cut-H3K27me3-CGACTGGAAGAGTCAA,2
cut-H3K27me3-CGACTGGAAGATCGCA,2
cut-H3K27me3-CGACTGGAAGCAGGAA,2
cut-H3K27me3-CGACTGGAAGTCACTA,2
cut-H3K27me3-CGACTGGAATCCTGTA,2
cut-H3K27me3-CGACTGGAATTGAGGA,2
cut-H3K27me3-CGACTGGACAACCACA,3
cut-H3K27me3-CGACTGGACACTTCGA,3
cut-H3K27me3-CGACTGGACAGCGTTA,3
cut-H3K27me3-CGACTGGACCAGTTCA,3
cut-H3K27me3-CGACTGGACCGAAGTA,3
cut-H3K27me3-CGACTGGACCGTGAGA,3
cut-H3K27me3-CGACTGGACCTCCTGA,3
cut-H3K27me3-CGACTGGACGAACTTA,3
cut-H3K27me3-CGACTGGACTGAGCCA,3
cut-H3K27me3-CGACTGGACTGGCATA,3
cut-H3K27me3-CGACTGGAGAATCTGA,3
cut-H3K27me3-CGACTGGACAAGACTA,3
cut-H3K27me3-CGACTGGAGAGCTGAA,3
cut-H3K27me3-CGACTGGAGATAGACA,3
cut-H3K27me3-CGACTGGAGCCACATA,3
cut-H3K27me3-CGCATACAAACGCTTA,2
cut-H3K27me3-CGCATACAAAGACGGA,2
cut-H3K27me3-CGCATACAAAGGTACA,2
cut-H3K27me3-CGCATACAACACAGAA,2
cut-H3K27me3-CGCATACAACAGCAGA,2
cut-H3K27me3-CGCATACAACCTCCAA,2
cut-H3K27me3-CGCATACAACGCTCGA,2
cut-H3K27me3-CGCATACAACGTATCA,2
cut-H3K27me3-CGCATACAACTATGCA,2
cut-H3K27me3-CGCATACAAGAGTCAA,2
cut-H3K27me3-CGCATACAAGATCGCA,2
cut-H3K27me3-CGCATACAAGCAGGAA,2
cut-H3K27me3-CGCATACAAGTCACTA,2
cut-H3K27me3-CGCATACAATCCTGTA,2
cut-H3K27me3-CGCATACAATTGAGGA,2
cut-H3K27me3-CGCATACACAATGGAA,3
cut-H3K27me3-CGCATACACACTTCGA,3
cut-H3K27me3-CGCATACACCGAAGTA,3
cut-H3K27me3-CGCATACACCGTGAGA,3
cut-H3K27me3-CGCATACACCTCCTGA,10
cut-H3K27me3-CGCATACACGAACTTA,10
cut-H3K27me3-CGCATACACGACTGGA,10
cut-H3K27me3-CGCATACACGCATACA,3
cut-H3K27me3-CGCATACACTCAATGA,3
cut-H3K27me3-CGCATACACTGAGCCA,3
cut-H3K27me3-CGCATACACTGGCATA,3
cut-H3K27me3-CGCATACAGAATCTGA,3
cut-H3K27me3-CGCATACACAAGACTA,3
cut-H3K27me3-CGCATACAGAGCTGAA,3
cut-H3K27me3-CGCATACAGATAGACA,3
cut-H3K27me3-CGCATACAGCCACATA,3
cut-H3K27me3-CTCAATGAAAGACGGA,2
cut-H3K27me3-CTCAATGAAAGGTACA,2
cut-H3K27me3-CTCAATGAACACAGAA,2
cut-H3K27me3-CTCAATGAACAGCAGA,2
cut-H3K27me3-CTCAATGAACCTCCAA,2
cut-H3K27me3-CTCAATGAACGCTCGA,2
cut-H3K27me3-CTCAATGAACGTATCA,2
cut-H3K27me3-CTCAATGAACTATGCA,2
cut-H3K27me3-CTCAATGAGACTAGTA,3
cut-H3K27me3-CTCAATGACAATGGAA,3
cut-H3K27me3-CTCAATGACACTTCGA,10
cut-H3K27me3-CTCAATGACAGCGTTA,10
cut-H3K27me3-CTCAATGACATACCAA,10
cut-H3K27me3-CTCAATGACCAGTTCA,10
cut-H3K27me3-CTCAATGACCGAAGTA,10
cut-H3K27me3-CTCAATGACCGTGAGA,10
cut-H3K27me3-CTCAATGACCTCCTGA,10
cut-H3K27me3-CTCAATGACGAACTTA,10
cut-H3K27me3-CTCAATGACGACTGGA,10
cut-H3K27me3-CTCAATGACGCATACA,10
cut-H3K27me3-CTCAATGACTCAATGA,10
cut-H3K27me3-CTCAATGACTGAGCCA,10
cut-H3K27me3-CTCAATGACTGGCATA,10
cut-H3K27me3-CTCAATGAGAATCTGA,3
cut-H3K27me3-CTCAATGACAAGACTA,3
cut-H3K27me3-CTCAATGAGAGCTGAA,3
cut-H3K27me3-CTCAATGAGATAGACA,3
cut-H3K27me3-CTCAATGAGCCACATA,3
cut-H3K27me3-CTGAGCCAAAGGTACA,2
cut-H3K27me3-CTGAGCCAACACAGAA,2
cut-H3K27me3-CTGAGCCAACAGCAGA,2
cut-H3K27me3-CTGAGCCAACCTCCAA,2
cut-H3K27me3-CTGAGCCAACGCTCGA,2
cut-H3K27me3-CTGAGCCAACGTATCA,2
cut-H3K27me3-CTGAGCCAATCCTGTA,10
cut-H3K27me3-CTGAGCCAATTGAGGA,10
cut-H3K27me3-CTGAGCCACAACCACA,10
cut-H3K27me3-CTGAGCCAGACTAGTA,10
cut-H3K27me3-CTGAGCCACAATGGAA,3
cut-H3K27me3-CTGAGCCACACTTCGA,10
cut-H3K27me3-CTGAGCCACAGCGTTA,10
cut-H3K27me3-CTGAGCCACATACCAA,10
cut-H3K27me3-CTGAGCCACCAGTTCA,10
cut-H3K27me3-CTGAGCCACCGAAGTA,10
cut-H3K27me3-CTGAGCCACCGTGAGA,10
cut-H3K27me3-CTGAGCCACCTCCTGA,10
cut-H3K27me3-CTGAGCCACGAACTTA,10
cut-H3K27me3-CTGAGCCACGACTGGA,10
cut-H3K27me3-CTGAGCCACGCATACA,10
cut-H3K27me3-CTGAGCCACTCAATGA,10
cut-H3K27me3-CTGAGCCACTGAGCCA,10
cut-H3K27me3-CTGAGCCACTGGCATA,10
cut-H3K27me3-CTGAGCCAGAATCTGA,10
cut-H3K27me3-CTGAGCCACAAGACTA,3
cut-H3K27me3-CTGAGCCAGAGCTGAA,10
cut-H3K27me3-CTGAGCCAGATAGACA,3
cut-H3K27me3-CTGAGCCAGCCACATA,3
cut-H3K27me3-CTGGCATAAGTCACTA,10
cut-H3K27me3-CTGGCATAATCCTGTA,10
cut-H3K27me3-CTGGCATAATTGAGGA,10
cut-H3K27me3-CTGGCATACAACCACA,10
cut-H3K27me3-CTGGCATAGACTAGTA,10
cut-H3K27me3-CTGGCATACAATGGAA,3
cut-H3K27me3-CTGGCATACACTTCGA,10
cut-H3K27me3-CTGGCATACAGCGTTA,10
cut-H3K27me3-CTGGCATACATACCAA,10
cut-H3K27me3-CTGGCATACCAGTTCA,10
cut-H3K27me3-CTGGCATACCGAAGTA,10
cut-H3K27me3-CTGGCATACCGTGAGA,10
cut-H3K27me3-CTGGCATACCTCCTGA,10
cut-H3K27me3-CTGGCATACGAACTTA,10
cut-H3K27me3-CTGGCATACGACTGGA,10
cut-H3K27me3-CTGGCATACGCATACA,10
cut-H3K27me3-CTGGCATACTCAATGA,10
cut-H3K27me3-CTGGCATACTGAGCCA,10
cut-H3K27me3-CTGGCATACTGGCATA,10
cut-H3K27me3-CTGGCATAGAATCTGA,10
cut-H3K27me3-CTGGCATACAAGACTA,10
cut-H3K27me3-CTGGCATAGAGCTGAA,10
cut-H3K27me3-CTGGCATAGATAGACA,10
cut-H3K27me3-CTGGCATAGCCACATA,3
cut-H3K27me3-GAATCTGAAGTCACTA,10
cut-H3K27me3-GAATCTGAATCCTGTA,10
cut-H3K27me3-GAATCTGAATTGAGGA,10
cut-H3K27me3-GAATCTGACAACCACA,10
cut-H3K27me3-GAATCTGAGACTAGTA,10
cut-H3K27me3-GAATCTGACAATGGAA,3
cut-H3K27me3-GAATCTGACACTTCGA,10
cut-H3K27me3-GAATCTGACAGCGTTA,10
cut-H3K27me3-GAATCTGACATACCAA,10
cut-H3K27me3-GAATCTGACCAGTTCA,10
cut-H3K27me3-GAATCTGACCGAAGTA,10
cut-H3K27me3-GAATCTGACCGTGAGA,10
cut-H3K27me3-GAATCTGACCTCCTGA,10
cut-H3K27me3-GAATCTGACGAACTTA,10
cut-H3K27me3-GAATCTGACGACTGGA,10
cut-H3K27me3-GAATCTGACGCATACA,10
cut-H3K27me3-GAATCTGACTCAATGA,10
cut-H3K27me3-GAATCTGACTGAGCCA,10
cut-H3K27me3-GAATCTGACTGGCATA,10
cut-H3K27me3-GAATCTGAGAATCTGA,10
cut-H3K27me3-GAATCTGACAAGACTA,10
cut-H3K27me3-GAATCTGAGAGCTGAA,10
cut-H3K27me3-GAATCTGAGATAGACA,10
cut-H3K27me3-GAATCTGAGCCACATA,3
cut-H3K27me3-CAAGACTAAAGGTACA,2
cut-H3K27me3-CAAGACTAACACAGAA,2
cut-H3K27me3-CAAGACTAACAGCAGA,2
cut-H3K27me3-CAAGACTAACCTCCAA,2
cut-H3K27me3-CAAGACTAAGTCACTA,10
cut-H3K27me3-CAAGACTAATCCTGTA,10
cut-H3K27me3-CAAGACTAATTGAGGA,10
cut-H3K27me3-CAAGACTACAACCACA,10
cut-H3K27me3-CAAGACTAGACTAGTA,10
cut-H3K27me3-CAAGACTACAATGGAA,3
cut-H3K27me3-CAAGACTACACTTCGA,10
cut-H3K27me3-CAAGACTACAGCGTTA,10
cut-H3K27me3-CAAGACTACATACCAA,10
cut-H3K27me3-CAAGACTACCAGTTCA,10
cut-H3K27me3-CAAGACTACCGAAGTA,10
cut-H3K27me3-CAAGACTACCGTGAGA,10
cut-H3K27me3-CAAGACTACCTCCTGA,10
cut-H3K27me3-CAAGACTACGAACTTA,10
cut-H3K27me3-CAAGACTACGACTGGA,10
cut-H3K27me3-CAAGACTACGCATACA,10
cut-H3K27me3-CAAGACTACTCAATGA,10
cut-H3K27me3-CAAGACTACTGAGCCA,10
cut-H3K27me3-CAAGACTACTGGCATA,10
cut-H3K27me3-CAAGACTAGAATCTGA,10
cut-H3K27me3-CAAGACTACAAGACTA,10
cut-H3K27me3-CAAGACTAGAGCTGAA,10
cut-H3K27me3-CAAGACTAGATAGACA,10
cut-H3K27me3-CAAGACTAGCCACATA,10
cut-H3K27me3-GAGCTGAAAACGCTTA,2
cut-H3K27me3-GAGCTGAAAAGACGGA,2
cut-H3K27me3-GAGCTGAAAAGGTACA,2
cut-H3K27me3-GAGCTGAAACACAGAA,2
cut-H3K27me3-GAGCTGAAACAGCAGA,2
cut-H3K27me3-GAGCTGAAACCTCCAA,2
cut-H3K27me3-GAGCTGAAATTGAGGA,10
cut-H3K27me3-GAGCTGAACAACCACA,10
cut-H3K27me3-GAGCTGAAGACTAGTA,10
cut-H3K27me3-GAGCTGAACAATGGAA,3
cut-H3K27me3-GAGCTGAACACTTCGA,10
cut-H3K27me3-GAGCTGAACAGCGTTA,10
cut-H3K27me3-GAGCTGAACATACCAA,10
cut-H3K27me3-GAGCTGAACCAGTTCA,10
cut-H3K27me3-GAGCTGAACCGAAGTA,10
cut-H3K27me3-GAGCTGAACCGTGAGA,10
cut-H3K27me3-GAGCTGAACCTCCTGA,10
cut-H3K27me3-GAGCTGAACGAACTTA,10
cut-H3K27me3-GAGCTGAACGACTGGA,10
cut-H3K27me3-GAGCTGAACGCATACA,10
cut-H3K27me3-GAGCTGAACTCAATGA,10
cut-H3K27me3-GAGCTGAACTGAGCCA,10
cut-H3K27me3-GAGCTGAACTGGCATA,10
cut-H3K27me3-GAGCTGAAGAATCTGA,10
cut-H3K27me3-GAGCTGAACAAGACTA,10
cut-H3K27me3-GAGCTGAAGAGCTGAA,10
cut-H3K27me3-GAGCTGAAGATAGACA,10
cut-H3K27me3-GAGCTGAAGCCACATA,10
cut-H3K27me3-GATAGACAAACCGAGA,2
cut-H3K27me3-GATAGACAAACGCTTA,2
cut-H3K27me3-GATAGACAAAGACGGA,2
cut-H3K27me3-GATAGACAAAGGTACA,2
cut-H3K27me3-GATAGACAACACAGAA,2
cut-H3K27me3-GATAGACAACAGCAGA,2
cut-H3K27me3-GATAGACACAACCACA,3
cut-H3K27me3-GATAGACAGACTAGTA,10
cut-H3K27me3-GATAGACACAATGGAA,3
cut-H3K27me3-GATAGACACACTTCGA,10
cut-H3K27me3-GATAGACACAGCGTTA,10
cut-H3K27me3-GATAGACACATACCAA,10
cut-H3K27me3-GATAGACACCAGTTCA,10
cut-H3K27me3-GATAGACACCGAAGTA,10
cut-H3K27me3-GATAGACACCGTGAGA,10
cut-H3K27me3-GATAGACACCTCCTGA,10
cut-H3K27me3-GATAGACACGAACTTA,10
cut-H3K27me3-GATAGACACGACTGGA,10
cut-H3K27me3-GATAGACACGCATACA,10
cut-H3K27me3-GATAGACACTCAATGA,10
cut-H3K27me3-GATAGACACTGAGCCA,10
cut-H3K27me3-GATAGACACTGGCATA,10
cut-H3K27me3-GATAGACAGAATCTGA,10
cut-H3K27me3-GATAGACACAAGACTA,10
cut-H3K27me3-GATAGACAGAGCTGAA,10
cut-H3K27me3-GATAGACAGATAGACA,10
cut-H3K27me3-GATAGACAGCCACATA,10
cut-H3K27me3-GCCACATAAACAACCA,2
cut-H3K27me3-GCCACATAAACCGAGA,2
cut-H3K27me3-GCCACATAAACGCTTA,2
cut-H3K27me3-GCCACATAAAGACGGA,2
cut-H3K27me3-GCCACATAAAGGTACA,2
cut-H3K27me3-GCCACATAACACAGAA,2
cut-H3K27me3-GCCACATAACAGCAGA,2
cut-H3K27me3-GCCACATAGACTAGTA,10
cut-H3K27me3-GCCACATACAATGGAA,3
cut-H3K27me3-GCCACATACACTTCGA,10
cut-H3K27me3-GCCACATACAGCGTTA,10
cut-H3K27me3-GCCACATACATACCAA,10
cut-H3K27me3-GCCACATACCAGTTCA,10
cut-H3K27me3-GCCACATACCGAAGTA,10
cut-H3K27me3-GCCACATACCGTGAGA,10
cut-H3K27me3-GCCACATACCTCCTGA,10
cut-H3K27me3-GCCACATACGAACTTA,10
cut-H3K27me3-GCCACATACGACTGGA,10
cut-H3K27me3-GCCACATACGCATACA,10
cut-H3K27me3-GCCACATACTCAATGA,10
cut-H3K27me3-GCCACATACTGAGCCA,10
cut-H3K27me3-GCCACATACTGGCATA,10
cut-H3K27me3-GCCACATAGAATCTGA,10
cut-H3K27me3-GCCACATACAAGACTA,10
cut-H3K27me3-GCCACATAGAGCTGAA,10
cut-H3K27me3-GCCACATAGATAGACA,10
cut-H3K27me3-GCCACATAGCCACATA,10
