,cluster
mux-TTGCTGGAACAGCAGA,4
mux-TTGCTGGAACCTCCAA,2
mux-TTGCTGGAACGCTCGA,3
mux-TTGCTGGAACGTATCA,7
mux-TTGCTGGAACTATGCA,14
mux-TTGCTGGAAGAGTCAA,7
mux-TTGCTGGAAGATCGCA,10
mux-TTGCTGGAAGCAGGAA,13
mux-TTGCTGGAAGTCACTA,1
mux-TTGCTGGAATCCTGTA,1
mux-TTGCTGGAATTGAGGA,1
mux-TTGCTGGACAACCACA,1
mux-TTGCTGGAGACTAGTA,1
mux-TTGCTGGACAATGGAA,1
mux-TTGCTGGACACTTCGA,3
mux-TTGCTGGACAGCGTTA,1
mux-TTGCTGGACATACCAA,1
mux-TTGCTGGACCAGTTCA,1
mux-TTGCTGGACCGAAGTA,1
mux-TTGCTGGACCGTGAGA,1
mux-TTGCTGGACCTCCTGA,1
mux-TTGCTGGACGAACTTA,1
mux-TTGCTGGACGACTGGA,1
mux-TTGCTGGACGCATACA,1
mux-TTGCTGGACTCAATGA,9
mux-TTGCTGGACTGAGCCA,6
mux-TTGCTGGACTGGCATA,1
mux-TTGCTGGAGAATCTGA,3
mux-TTGCTGGACAAGACTA,1
mux-TTGCTGGAGAGCTGAA,1
mux-TTGCTGGAGATAGACA,1
mux-TTGCTGGAGCCACATA,1
mux-TTGCTGGAGCGAGTAA,1
mux-TTGCTGGAGCTAACGA,1
mux-TTGCTGGAGCTCGGTA,1
mux-TTGCTGGAGGAGAACA,1
mux-TTGCTGGAGGTGCGAA,1
mux-TTGCTGGAGTACGCAA,1
mux-TTGCTGGAGTCGTAGA,1
mux-TTGCTGGAGTCTGTCA,14
mux-TTGCTGGAGTGTTCTA,3
mux-TTGCTGGATAGGATGA,13
mux-TTGCTGGATATCAGCA,3
mux-TTGCTGGATCCGTCTA,6
mux-TTGCTGGATCTTCACA,3
mux-TTGCTGGATGAAGAGA,4
mux-TTGCTGGATGGAACAA,7
mux-TTGCTGGATGGCTTCA,13
mux-TTGCTGGATGGTGGTA,1
mux-TTGCTGGATTCACGCA,11
mux-TTGCTGGAAACTCACC,2
mux-TTGCTGGAAAGAGATC,4
mux-TTGCTGGAAAGGACAC,1
mux-TTGCTGGAAATCCGTC,6
mux-TTGCTGGAAATGTTGC,1
mux-TTGCTGGAACACGACC,1
mux-TTGCTGGAACAGATTC,6
mux-TTGCTGGAAGATGTAC,1
mux-TTGCTGGAAGCACCTC,1
mux-TTGCTGGAAGCCATGC,8
mux-TTGCTGGAAGGCTAAC,13
mux-TTGCTGGAATAGCGAC,1
mux-TTGCTGGAATTGGCTC,8
mux-TTGCTGGACAAGGAGC,1
mux-TTGCTGGACCATCCTC,3
mux-TTGCTGGACCGACAAC,1
mux-TTGCTGGACCTAATCC,1
mux-TTGCTGGACCTCTATC,1
mux-TTGCTGGACGGATTGC,3
mux-TTGCTGGAGAACAGGC,1
mux-TTGCTGGAGACAGTGC,2
mux-TTGCTGGAGATGAATC,2
mux-ACAAGCTAAACGTGAT,3
mux-ACAAGCTAACAAGCTA,2
mux-ACAAGCTATTGCTGGA,3
mux-ACAAGCTACTGTAGCC,6
mux-ACAAGCTAAGTACAAG,2
mux-ACAAGCTAAACAACCA,1
mux-ACAAGCTAAACCGAGA,3
mux-ACAAGCTAAACGCTTA,4
mux-ACAAGCTAAAGACGGA,4
mux-ACAAGCTAAAGGTACA,4
mux-ACAAGCTAACACAGAA,4
mux-ACAAGCTAACAGCAGA,2
mux-ACAAGCTAAAACATCG,2
mux-ACAAGCTAACCTCCAA,4
mux-ACAAGCTAACGCTCGA,6
mux-ACAAGCTAACGTATCA,2
mux-ACAAGCTAACTATGCA,3
mux-ACAAGCTAAGAGTCAA,3
mux-ACAAGCTAAGATCGCA,13
mux-ACAAGCTAAGCAGGAA,2
mux-ACAAGCTAAGTCACTA,2
mux-ACAAGCTAATCCTGTA,2
mux-ACAAGCTAATTGAGGA,2
mux-ACAAGCTAATGCCTAA,2
mux-ACAAGCTACAACCACA,4
mux-ACAAGCTAGACTAGTA,4
mux-ACAAGCTACAATGGAA,2
mux-ACAAGCTACACTTCGA,2
mux-ACAAGCTACAGCGTTA,3
mux-ACAAGCTACATACCAA,6
mux-ACAAGCTACCAGTTCA,5
mux-ACAAGCTACCGAAGTA,5
mux-ACAAGCTACCGTGAGA,5
mux-ACAAGCTACCTCCTGA,5
mux-ACAAGCTAAGTGGTCA,2
mux-ACAAGCTACGAACTTA,2
mux-ACAAGCTACGACTGGA,5
mux-ACAAGCTACGCATACA,5
mux-ACAAGCTACTCAATGA,3
mux-ACAAGCTACTGAGCCA,5
mux-ACAAGCTACTGGCATA,5
mux-ACAAGCTAGAATCTGA,2
mux-ACAAGCTACAAGACTA,4
mux-ACAAGCTAGAGCTGAA,4
mux-ACAAGCTAGATAGACA,4
mux-ACAAGCTAACCACTGT,2
mux-ACAAGCTAGCCACATA,12
mux-ACAAGCTAGCGAGTAA,15
mux-ACAAGCTAGCTAACGA,4
mux-ACAAGCTAGCTCGGTA,9
mux-ACAAGCTAGGAGAACA,7
mux-ACAAGCTAGGTGCGAA,6
mux-ACAAGCTAGTACGCAA,3
mux-ACAAGCTAGTCGTAGA,3
mux-ACAAGCTAGTCTGTCA,3
mux-ACAAGCTAGTGTTCTA,4
mux-ACAAGCTAACATTGGC,2
mux-ACAAGCTATAGGATGA,4
mux-ACAAGCTATATCAGCA,1
mux-ACAAGCTATCCGTCTA,10
mux-ACAAGCTATCTTCACA,4
mux-ACAAGCTATGAAGAGA,3
mux-ACAAGCTATGGAACAA,7
mux-ACAAGCTATGGCTTCA,2
mux-ACAAGCTATGGTGGTA,2
mux-ACAAGCTATTCACGCA,2
mux-ACAAGCTAAACTCACC,4
mux-ACAAGCTACAGATCTG,2
mux-ACAAGCTAAAGAGATC,15
mux-ACAAGCTAAAGGACAC,2
mux-ACAAGCTAAATCCGTC,4
mux-ACAAGCTAAATGTTGC,5
mux-ACAAGCTAACACGACC,4
mux-ACAAGCTAACAGATTC,2
mux-ACAAGCTAAGATGTAC,5
mux-ACAAGCTAAGCACCTC,2
mux-ACAAGCTAAGCCATGC,2
mux-ACAAGCTAAGGCTAAC,6
mux-ACAAGCTACATCAAGT,3
mux-ACAAGCTAATAGCGAC,2
mux-ACAAGCTAATCATTCC,3
mux-ACAAGCTAATTGGCTC,5
mux-ACAAGCTACAAGGAGC,5
mux-ACAAGCTACACCTTAC,5
mux-ACAAGCTACCATCCTC,6
mux-ACAAGCTACCGACAAC,11
mux-ACAAGCTACCTAATCC,3
mux-ACAAGCTACCTCTATC,4
mux-ACAAGCTACGACACAC,5
mux-ACAAGCTACGCTGATC,6
mux-ACAAGCTACGGATTGC,7
mux-ACAAGCTACTAAGGTC,2
mux-ACAAGCTAGAACAGGC,4
mux-ACAAGCTAGACAGTGC,3
mux-ACAAGCTAGAGTTAGC,6
mux-ACAAGCTAGATGAATC,3
mux-ACAAGCTAGCCAAGAC,7
mux-ACAAGCTACGGAAGAA,4
mux-ACAAGCTAGTGACAAG,9
mux-ACAAGCTAGAACCAGA,11
mux-CTGTAGCCAACGTGAT,3
mux-CTGTAGCCACAAGCTA,4
mux-CTGTAGCCTTGCTGGA,2
mux-CTGTAGCCCTGTAGCC,2
mux-CTGTAGCCAGTACAAG,2
mux-CTGTAGCCAACAACCA,2
mux-CTGTAGCCAACCGAGA,2
mux-CTGTAGCCAACGCTTA,6
mux-CTGTAGCCAAGACGGA,2
mux-CTGTAGCCAAGGTACA,2
mux-CTGTAGCCACACAGAA,2
mux-CTGTAGCCACAGCAGA,2
mux-CTGTAGCCAAACATCG,2
mux-CTGTAGCCACCTCCAA,2
mux-CTGTAGCCACGCTCGA,2
mux-CTGTAGCCACGTATCA,3
mux-CTGTAGCCACTATGCA,3
mux-CTGTAGCCAGAGTCAA,2
mux-CTGTAGCCAGATCGCA,3
mux-CTGTAGCCAGCAGGAA,2
mux-CTGTAGCCAGTCACTA,2
mux-CTGTAGCCATCCTGTA,2
mux-CTGTAGCCATTGAGGA,2
mux-CTGTAGCCATGCCTAA,3
mux-CTGTAGCCCAACCACA,2
mux-CTGTAGCCGACTAGTA,4
mux-CTGTAGCCCAATGGAA,2
mux-CTGTAGCCCACTTCGA,2
mux-CTGTAGCCCAGCGTTA,5
mux-CTGTAGCCCATACCAA,4
mux-CTGTAGCCCCAGTTCA,4
mux-CTGTAGCCCCGAAGTA,5
mux-CTGTAGCCCCGTGAGA,2
mux-CTGTAGCCCCTCCTGA,5
mux-CTGTAGCCAGTGGTCA,2
mux-CTGTAGCCCGAACTTA,5
mux-CTGTAGCCCGACTGGA,5
mux-CTGTAGCCCGCATACA,5
mux-CTGTAGCCCTCAATGA,5
mux-CTGTAGCCCTGAGCCA,5
mux-CTGTAGCCCTGGCATA,5
mux-CTGTAGCCGAATCTGA,5
mux-CTGTAGCCCAAGACTA,5
mux-CTGTAGCCGAGCTGAA,5
mux-CTGTAGCCGATAGACA,5
mux-CTGTAGCCACCACTGT,2
mux-CTGTAGCCGCCACATA,2
mux-CTGTAGCCGCGAGTAA,2
mux-CTGTAGCCGCTAACGA,4
mux-CTGTAGCCGCTCGGTA,4
mux-CTGTAGCCGGAGAACA,4
mux-CTGTAGCCGGTGCGAA,7
mux-CTGTAGCCGTACGCAA,4
mux-CTGTAGCCGTCGTAGA,7
mux-CTGTAGCCGTCTGTCA,2
mux-CTGTAGCCGTGTTCTA,15
mux-CTGTAGCCACATTGGC,3
mux-CTGTAGCCTAGGATGA,4
mux-CTGTAGCCTATCAGCA,4
mux-CTGTAGCCTCCGTCTA,2
mux-CTGTAGCCTCTTCACA,4
mux-CTGTAGCCTGAAGAGA,2
mux-CTGTAGCCTGGAACAA,6
mux-CTGTAGCCTGGCTTCA,4
mux-CTGTAGCCTGGTGGTA,5
mux-CTGTAGCCTTCACGCA,15
mux-CTGTAGCCAACTCACC,4
mux-CTGTAGCCCAGATCTG,2
mux-CTGTAGCCAAGAGATC,2
mux-CTGTAGCCAAGGACAC,4
mux-CTGTAGCCAATCCGTC,5
mux-CTGTAGCCAATGTTGC,3
mux-CTGTAGCCACACGACC,2
mux-CTGTAGCCACAGATTC,2
mux-CTGTAGCCAGATGTAC,2
mux-CTGTAGCCAGCACCTC,2
mux-CTGTAGCCAGCCATGC,5
mux-CTGTAGCCAGGCTAAC,6
mux-CTGTAGCCCATCAAGT,8
mux-CTGTAGCCATAGCGAC,2
mux-CTGTAGCCATCATTCC,7
mux-CTGTAGCCATTGGCTC,7
mux-CTGTAGCCCAAGGAGC,5
mux-CTGTAGCCCACCTTAC,3
mux-CTGTAGCCCCATCCTC,2
mux-CTGTAGCCCCGACAAC,5
mux-CTGTAGCCCCTAATCC,6
mux-CTGTAGCCCCTCTATC,6
mux-CTGTAGCCCGACACAC,6
mux-CTGTAGCCCGCTGATC,2
mux-CTGTAGCCCGGATTGC,8
mux-CTGTAGCCCTAAGGTC,9
mux-CTGTAGCCGAACAGGC,10
mux-CTGTAGCCGACAGTGC,9
mux-CTGTAGCCGAGTTAGC,10
mux-CTGTAGCCGATGAATC,12
mux-CTGTAGCCGCCAAGAC,6
mux-CTGTAGCCCGGAAGAA,7
mux-CTGTAGCCGTGACAAG,13
mux-CTGTAGCCGAACCAGA,2
mux-AGTACAAGAACGTGAT,3
mux-AGTACAAGACAAGCTA,2
mux-AGTACAAGTTGCTGGA,2
mux-AGTACAAGCTGTAGCC,4
mux-AGTACAAGAGTACAAG,2
mux-AGTACAAGAACAACCA,15
mux-AGTACAAGAACCGAGA,4
mux-AGTACAAGAACGCTTA,2
mux-AGTACAAGAAGACGGA,3
mux-AGTACAAGAAGGTACA,3
mux-AGTACAAGACACAGAA,2
mux-AGTACAAGACAGCAGA,2
mux-AGTACAAGAAACATCG,2
mux-AGTACAAGACCTCCAA,3
mux-AGTACAAGACGCTCGA,2
mux-AGTACAAGACGTATCA,2
mux-AGTACAAGACTATGCA,2
mux-AGTACAAGAGAGTCAA,3
mux-AGTACAAGAGATCGCA,4
mux-AGTACAAGAGCAGGAA,2
mux-AGTACAAGAGTCACTA,2
mux-AGTACAAGATCCTGTA,2
mux-AGTACAAGATTGAGGA,2
mux-AGTACAAGATGCCTAA,4
mux-AGTACAAGCAACCACA,12
mux-AGTACAAGGACTAGTA,6
mux-AGTACAAGCAATGGAA,4
mux-AGTACAAGCACTTCGA,4
mux-AGTACAAGCAGCGTTA,3
mux-AGTACAAGCATACCAA,4
mux-AGTACAAGCCAGTTCA,12
mux-AGTACAAGCCGAAGTA,5
mux-AGTACAAGCCGTGAGA,5
mux-AGTACAAGCCTCCTGA,5
mux-AGTACAAGAGTGGTCA,2
mux-AGTACAAGCGAACTTA,5
mux-AGTACAAGCGACTGGA,5
mux-AGTACAAGCGCATACA,5
mux-AGTACAAGCTCAATGA,5
mux-AGTACAAGCTGAGCCA,13
mux-AGTACAAGCTGGCATA,5
mux-AGTACAAGGAATCTGA,5
mux-AGTACAAGCAAGACTA,5
mux-AGTACAAGGAGCTGAA,5
mux-AGTACAAGGATAGACA,2
mux-AGTACAAGACCACTGT,2
mux-AGTACAAGGCCACATA,2
mux-AGTACAAGGCGAGTAA,13
mux-AGTACAAGGCTAACGA,2
mux-AGTACAAGGCTCGGTA,2
mux-AGTACAAGGGAGAACA,3
mux-AGTACAAGGGTGCGAA,2
mux-AGTACAAGGTACGCAA,10
mux-AGTACAAGGTCGTAGA,4
mux-AGTACAAGGTCTGTCA,2
mux-AGTACAAGGTGTTCTA,3
mux-AGTACAAGACATTGGC,3
mux-AGTACAAGTAGGATGA,4
mux-AGTACAAGTATCAGCA,15
mux-AGTACAAGTCCGTCTA,2
mux-AGTACAAGTCTTCACA,4
mux-AGTACAAGTGAAGAGA,9
mux-AGTACAAGTGGAACAA,4
mux-AGTACAAGTGGCTTCA,4
mux-AGTACAAGTGGTGGTA,2
mux-AGTACAAGTTCACGCA,2
mux-AGTACAAGAACTCACC,4
mux-AGTACAAGCAGATCTG,2
mux-AGTACAAGAAGAGATC,3
mux-AGTACAAGAAGGACAC,4
mux-AGTACAAGAATCCGTC,4
mux-AGTACAAGAATGTTGC,5
mux-AGTACAAGACACGACC,6
mux-AGTACAAGACAGATTC,6
mux-AGTACAAGAGATGTAC,11
mux-AGTACAAGAGCACCTC,2
mux-AGTACAAGAGCCATGC,2
mux-AGTACAAGAGGCTAAC,10
mux-AGTACAAGCATCAAGT,2
mux-AGTACAAGATAGCGAC,3
mux-AGTACAAGATCATTCC,2
mux-AGTACAAGATTGGCTC,5
mux-AGTACAAGCAAGGAGC,8
mux-AGTACAAGCACCTTAC,2
mux-AGTACAAGCCATCCTC,3
mux-AGTACAAGCCGACAAC,5
mux-AGTACAAGCCTAATCC,4
mux-AGTACAAGCCTCTATC,4
mux-AGTACAAGCGACACAC,1
mux-AGTACAAGCGCTGATC,4
mux-AGTACAAGCGGATTGC,4
mux-AGTACAAGCTAAGGTC,8
mux-AGTACAAGGAACAGGC,6
mux-AGTACAAGGACAGTGC,6
mux-AGTACAAGGAGTTAGC,10
mux-AGTACAAGGATGAATC,12
mux-AGTACAAGGCCAAGAC,14
mux-AGTACAAGCGGAAGAA,12
mux-AGTACAAGGTGACAAG,2
mux-AGTACAAGGAACCAGA,4
mux-AACAACCAAACGTGAT,3
mux-AACAACCAACAAGCTA,3
mux-AACAACCATTGCTGGA,4
mux-AACAACCACTGTAGCC,2
mux-AACAACCAAGTACAAG,2
mux-AACAACCAAACAACCA,2
mux-AACAACCAAACCGAGA,1
mux-AACAACCAAACGCTTA,2
mux-AACAACCAAAGACGGA,6
mux-AACAACCAAAGGTACA,8
mux-AACAACCAACACAGAA,3
mux-AACAACCAACAGCAGA,2
mux-AACAACCAAAACATCG,3
mux-AACAACCAACCTCCAA,2
mux-AACAACCAACGCTCGA,14
mux-AACAACCAACGTATCA,14
mux-AACAACCAACTATGCA,2
mux-AACAACCAAGAGTCAA,2
mux-AACAACCAAGATCGCA,4
mux-AACAACCAAGCAGGAA,3
mux-AACAACCAAGTCACTA,2
mux-AACAACCAATCCTGTA,4
mux-AACAACCAATTGAGGA,2
mux-AACAACCAATGCCTAA,3
mux-AACAACCACAACCACA,2
mux-AACAACCAGACTAGTA,7
mux-AACAACCACAATGGAA,4
mux-AACAACCACACTTCGA,12
mux-AACAACCACAGCGTTA,12
mux-AACAACCACATACCAA,2
mux-AACAACCACCAGTTCA,3
mux-AACAACCACCGAAGTA,3
mux-AACAACCACCGTGAGA,12
mux-AACAACCACCTCCTGA,7
mux-AACAACCAAGTGGTCA,3
mux-AACAACCACGAACTTA,5
mux-AACAACCACGACTGGA,5
mux-AACAACCACGCATACA,3
mux-AACAACCACTCAATGA,5
mux-AACAACCACTGAGCCA,4
mux-AACAACCACTGGCATA,5
mux-AACAACCAGAATCTGA,5
mux-AACAACCACAAGACTA,8
mux-AACAACCAGAGCTGAA,3
mux-AACAACCAGATAGACA,5
mux-AACAACCAACCACTGT,2
mux-AACAACCAGCCACATA,3
mux-AACAACCAGCGAGTAA,2
mux-AACAACCAGCTAACGA,2
mux-AACAACCAGCTCGGTA,0
mux-AACAACCAGGAGAACA,16
mux-AACAACCAGGTGCGAA,3
mux-AACAACCAGTACGCAA,2
mux-AACAACCAGTCGTAGA,8
mux-AACAACCAGTCTGTCA,5
mux-AACAACCAGTGTTCTA,4
mux-AACAACCAACATTGGC,3
mux-AACAACCATAGGATGA,5
mux-AACAACCATATCAGCA,3
mux-AACAACCATCCGTCTA,6
mux-AACAACCATCTTCACA,4
mux-AACAACCATGAAGAGA,5
mux-AACAACCATGGAACAA,2
mux-AACAACCATGGCTTCA,3
mux-AACAACCATGGTGGTA,4
mux-AACAACCATTCACGCA,4
mux-AACAACCAAACTCACC,2
mux-AACAACCACAGATCTG,2
mux-AACAACCAAAGAGATC,2
mux-AACAACCAAAGGACAC,4
mux-AACAACCAAATCCGTC,4
mux-AACAACCAAATGTTGC,2
mux-AACAACCAACACGACC,4
mux-AACAACCAACAGATTC,14
mux-AACAACCAAGATGTAC,5
mux-AACAACCAAGCACCTC,2
mux-AACAACCAAGCCATGC,6
mux-AACAACCAAGGCTAAC,2
mux-AACAACCACATCAAGT,3
mux-AACAACCAATAGCGAC,11
mux-AACAACCAATCATTCC,5
mux-AACAACCAATTGGCTC,5
mux-AACAACCACAAGGAGC,5
mux-AACAACCACACCTTAC,0
mux-AACAACCACCATCCTC,2
mux-AACAACCACCGACAAC,5
mux-AACAACCACCTAATCC,8
mux-AACAACCACCTCTATC,4
mux-AACAACCACGACACAC,4
mux-AACAACCACGCTGATC,4
mux-AACAACCACGGATTGC,3
mux-AACAACCACTAAGGTC,2
mux-AACAACCAGAACAGGC,4
mux-AACAACCAGACAGTGC,3
mux-AACAACCAGAGTTAGC,2
mux-AACAACCAGATGAATC,15
mux-AACAACCAGCCAAGAC,6
mux-AACAACCACGGAAGAA,0
mux-AACAACCAGTGACAAG,2
mux-AACAACCAGAACCAGA,8
mux-AACCGAGAAACGTGAT,2
mux-AACCGAGAACAAGCTA,4
mux-AACCGAGATTGCTGGA,3
mux-AACCGAGACTGTAGCC,3
mux-AACCGAGAAGTACAAG,14
mux-AACCGAGAAACAACCA,2
mux-AACCGAGAAACCGAGA,5
mux-AACCGAGAAACGCTTA,5
mux-AACCGAGAAAGACGGA,1
mux-AACCGAGAAAGGTACA,2
mux-AACCGAGAACACAGAA,1
mux-AACCGAGAACAGCAGA,13
mux-AACCGAGAAAACATCG,4
mux-AACCGAGAACCTCCAA,1
mux-AACCGAGAACGCTCGA,1
mux-AACCGAGAACGTATCA,2
mux-AACCGAGAACTATGCA,3
mux-AACCGAGAAGAGTCAA,4
mux-AACCGAGAAGATCGCA,2
mux-AACCGAGAAGCAGGAA,2
mux-AACCGAGAAGTCACTA,2
mux-AACCGAGAATCCTGTA,4
mux-AACCGAGAATTGAGGA,2
mux-AACCGAGAATGCCTAA,1
mux-AACCGAGACAACCACA,4
mux-AACCGAGAGACTAGTA,2
mux-AACCGAGACAATGGAA,2
mux-AACCGAGACACTTCGA,3
mux-AACCGAGACAGCGTTA,3
mux-AACCGAGACATACCAA,4
mux-AACCGAGACCAGTTCA,7
mux-AACCGAGACCGAAGTA,12
mux-AACCGAGACCGTGAGA,5
mux-AACCGAGACCTCCTGA,5
mux-AACCGAGAAGTGGTCA,8
mux-AACCGAGACGAACTTA,5
mux-AACCGAGACGACTGGA,5
mux-AACCGAGACGCATACA,5
mux-AACCGAGACTCAATGA,5
mux-AACCGAGACTGAGCCA,5
mux-AACCGAGACTGGCATA,5
mux-AACCGAGAGAATCTGA,2
mux-AACCGAGACAAGACTA,5
mux-AACCGAGAGAGCTGAA,2
mux-AACCGAGAGATAGACA,5
mux-AACCGAGAACCACTGT,3
mux-AACCGAGAGCCACATA,2
mux-AACCGAGAGCGAGTAA,3
mux-AACCGAGAGCTAACGA,2
mux-AACCGAGAGCTCGGTA,9
mux-AACCGAGAGGAGAACA,8
mux-AACCGAGAGGTGCGAA,2
mux-AACCGAGAGTACGCAA,8
mux-AACCGAGAGTCGTAGA,10
mux-AACCGAGAGTCTGTCA,5
mux-AACCGAGAGTGTTCTA,9
mux-AACCGAGAACATTGGC,2
mux-AACCGAGATAGGATGA,5
mux-AACCGAGATATCAGCA,3
mux-AACCGAGATCCGTCTA,3
mux-AACCGAGATCTTCACA,5
mux-AACCGAGATGAAGAGA,12
mux-AACCGAGATGGAACAA,11
mux-AACCGAGATGGCTTCA,3
mux-AACCGAGATGGTGGTA,2
mux-AACCGAGATTCACGCA,4
mux-AACCGAGAAACTCACC,2
mux-AACCGAGACAGATCTG,14
mux-AACCGAGAAAGAGATC,2
mux-AACCGAGAAAGGACAC,8
mux-AACCGAGAAATCCGTC,2
mux-AACCGAGAAATGTTGC,4
mux-AACCGAGAACACGACC,2
mux-AACCGAGAACAGATTC,3
mux-AACCGAGAAGATGTAC,5
mux-AACCGAGAAGCACCTC,2
mux-AACCGAGAAGCCATGC,11
mux-AACCGAGAAGGCTAAC,2
mux-AACCGAGACATCAAGT,5
mux-AACCGAGAATAGCGAC,5
mux-AACCGAGAATCATTCC,5
mux-AACCGAGAATTGGCTC,5
mux-AACCGAGACAAGGAGC,4
mux-AACCGAGACACCTTAC,3
mux-AACCGAGACCATCCTC,3
mux-AACCGAGACCGACAAC,4
mux-AACCGAGACCTAATCC,3
mux-AACCGAGACCTCTATC,5
mux-AACCGAGACGACACAC,2
mux-AACCGAGACGCTGATC,12
mux-AACCGAGACGGATTGC,16
mux-AACCGAGACTAAGGTC,2
mux-AACCGAGAGAACAGGC,5
mux-AACCGAGAGACAGTGC,0
mux-AACCGAGAGAGTTAGC,5
mux-AACCGAGAGATGAATC,0
mux-AACCGAGAGCCAAGAC,0
mux-AACCGAGACGGAAGAA,2
mux-AACCGAGAGTGACAAG,2
mux-AACCGAGAGAACCAGA,8
mux-AACGCTTAAACGTGAT,1
mux-AACGCTTAACAAGCTA,4
mux-AACGCTTATTGCTGGA,8
mux-AACGCTTACTGTAGCC,1
mux-AACGCTTAAGTACAAG,13
mux-AACGCTTAAACAACCA,1
mux-AACGCTTAAACCGAGA,1
mux-AACGCTTAAACGCTTA,12
mux-AACGCTTAAAGACGGA,1
mux-AACGCTTAAAGGTACA,1
mux-AACGCTTAACACAGAA,1
mux-AACGCTTAACAGCAGA,3
mux-AACGCTTAAAACATCG,4
mux-AACGCTTAACCTCCAA,1
mux-AACGCTTAACGCTCGA,1
mux-AACGCTTAACGTATCA,14
mux-AACGCTTAACTATGCA,1
mux-AACGCTTAAGAGTCAA,1
mux-AACGCTTAAGATCGCA,1
mux-AACGCTTAAGCAGGAA,10
mux-AACGCTTAAGTCACTA,15
mux-AACGCTTAATCCTGTA,1
mux-AACGCTTAATTGAGGA,2
mux-AACGCTTAATGCCTAA,12
mux-AACGCTTACAACCACA,8
mux-AACGCTTAGACTAGTA,7
mux-AACGCTTACAATGGAA,2
mux-AACGCTTACACTTCGA,5
mux-AACGCTTACAGCGTTA,6
mux-AACGCTTACATACCAA,3
mux-AACGCTTACCAGTTCA,12
mux-AACGCTTACCGAAGTA,5
mux-AACGCTTACCGTGAGA,2
mux-AACGCTTACCTCCTGA,5
mux-AACGCTTAAGTGGTCA,1
mux-AACGCTTACGAACTTA,5
mux-AACGCTTACGACTGGA,5
mux-AACGCTTACTCAATGA,5
mux-AACGCTTACTGAGCCA,5
mux-AACGCTTACTGGCATA,5
mux-AACGCTTAGAATCTGA,5
mux-AACGCTTACAAGACTA,2
mux-AACGCTTAGAGCTGAA,8
mux-AACGCTTAGATAGACA,2
mux-AACGCTTAACCACTGT,1
mux-AACGCTTAGCCACATA,2
mux-AACGCTTAGCGAGTAA,5
mux-AACGCTTAGCTAACGA,2
mux-AACGCTTAGCTCGGTA,2
mux-AACGCTTAGGAGAACA,3
mux-AACGCTTAGGTGCGAA,5
mux-AACGCTTAGTACGCAA,2
mux-AACGCTTAGTCGTAGA,1
mux-AACGCTTAGTCTGTCA,7
mux-AACGCTTAGTGTTCTA,4
mux-AACGCTTAACATTGGC,5
mux-AACGCTTATAGGATGA,7
mux-AACGCTTATATCAGCA,5
mux-AACGCTTATCCGTCTA,5
mux-AACGCTTATCTTCACA,3
mux-AACGCTTATGAAGAGA,8
mux-AACGCTTATGGAACAA,0
mux-AACGCTTATGGCTTCA,2
mux-AACGCTTATGGTGGTA,6
mux-AACGCTTATTCACGCA,14
mux-AACGCTTAAACTCACC,2
mux-AACGCTTACAGATCTG,1
mux-AACGCTTAAAGAGATC,6
mux-AACGCTTAAAGGACAC,8
mux-AACGCTTAAATCCGTC,2
mux-AACGCTTAAATGTTGC,4
mux-AACGCTTAACACGACC,3
mux-AACGCTTAACAGATTC,6
mux-AACGCTTAAGATGTAC,5
mux-AACGCTTAAGCACCTC,15
mux-AACGCTTAAGCCATGC,11
mux-AACGCTTAAGGCTAAC,5
mux-AACGCTTACATCAAGT,1
mux-AACGCTTAATAGCGAC,5
mux-AACGCTTAATCATTCC,10
mux-AACGCTTAATTGGCTC,6
mux-AACGCTTACAAGGAGC,12
mux-AACGCTTACACCTTAC,2
mux-AACGCTTACCATCCTC,13
mux-AACGCTTACCGACAAC,2
mux-AACGCTTACCTAATCC,6
mux-AACGCTTACCTCTATC,10
mux-AACGCTTACGACACAC,2
mux-AACGCTTACGCTGATC,1
mux-AACGCTTACGGATTGC,8
mux-AACGCTTACTAAGGTC,0
mux-AACGCTTAGAACAGGC,8
mux-AACGCTTAGACAGTGC,12
mux-AACGCTTAGAGTTAGC,5
mux-AACGCTTAGATGAATC,3
mux-AACGCTTAGCCAAGAC,7
mux-AACGCTTACGGAAGAA,4
mux-AACGCTTAGTGACAAG,5
mux-AACGCTTAGAACCAGA,2
mux-AAGACGGAAACGTGAT,1
mux-AAGACGGAACAAGCTA,1
mux-AAGACGGATTGCTGGA,4
mux-AAGACGGACTGTAGCC,1
mux-AAGACGGAAGTACAAG,6
mux-AAGACGGAAACAACCA,1
mux-AAGACGGAAACCGAGA,1
mux-AAGACGGAAACGCTTA,14
mux-AAGACGGAAAGACGGA,1
mux-AAGACGGAAAGGTACA,15
mux-AAGACGGAACACAGAA,1
mux-AAGACGGAACAGCAGA,1
mux-AAGACGGAAAACATCG,1
mux-AAGACGGAACCTCCAA,1
mux-AAGACGGAACGCTCGA,1
mux-AAGACGGAACGTATCA,1
mux-AAGACGGAACTATGCA,1
mux-AAGACGGAAGAGTCAA,1
mux-AAGACGGAAGATCGCA,1
mux-AAGACGGAAGCAGGAA,1
mux-AAGACGGAAGTCACTA,1
mux-AAGACGGAATCCTGTA,1
mux-AAGACGGAATTGAGGA,1
mux-AAGACGGAATGCCTAA,1
mux-AAGACGGACAACCACA,10
mux-AAGACGGAGACTAGTA,4
mux-AAGACGGACAATGGAA,4
mux-AAGACGGACACTTCGA,6
mux-AAGACGGACAGCGTTA,4
mux-AAGACGGACATACCAA,4
mux-AAGACGGACCAGTTCA,2
mux-AAGACGGACCGAAGTA,5
mux-AAGACGGACCGTGAGA,3
mux-AAGACGGACCTCCTGA,5
mux-AAGACGGAAGTGGTCA,1
mux-AAGACGGACGAACTTA,5
mux-AAGACGGACGCATACA,8
mux-AAGACGGACTCAATGA,5
mux-AAGACGGACTGAGCCA,5
mux-AAGACGGACTGGCATA,5
mux-AAGACGGAGAATCTGA,5
mux-AAGACGGACAAGACTA,5
mux-AAGACGGAGAGCTGAA,5
mux-AAGACGGAGATAGACA,5
mux-AAGACGGAACCACTGT,7
mux-AAGACGGAGCCACATA,5
mux-AAGACGGAGCGAGTAA,5
mux-AAGACGGAGCTAACGA,5
mux-AAGACGGAGCTCGGTA,4
mux-AAGACGGAGGAGAACA,5
mux-AAGACGGAGGTGCGAA,5
mux-AAGACGGAGTACGCAA,6
mux-AAGACGGAGTCGTAGA,3
mux-AAGACGGAGTCTGTCA,6
mux-AAGACGGAGTGTTCTA,6
mux-AAGACGGAACATTGGC,1
mux-AAGACGGATAGGATGA,6
mux-AAGACGGATATCAGCA,3
mux-AAGACGGATCCGTCTA,3
mux-AAGACGGATCTTCACA,2
mux-AAGACGGATGAAGAGA,5
mux-AAGACGGATGGAACAA,14
mux-AAGACGGATGGCTTCA,2
mux-AAGACGGATGGTGGTA,8
mux-AAGACGGATTCACGCA,2
mux-AAGACGGAAACTCACC,1
mux-AAGACGGACAGATCTG,1
mux-AAGACGGAAAGAGATC,4
mux-AAGACGGAAAGGACAC,7
mux-AAGACGGAAATCCGTC,5
mux-AAGACGGAAATGTTGC,16
mux-AAGACGGAACACGACC,2
mux-AAGACGGAACAGATTC,1
mux-AAGACGGAAGATGTAC,2
mux-AAGACGGAAGCACCTC,5
mux-AAGACGGAAGCCATGC,2
mux-AAGACGGAAGGCTAAC,3
mux-AAGACGGACATCAAGT,12
mux-AAGACGGAATAGCGAC,8
mux-AAGACGGAATCATTCC,15
mux-AAGACGGAATTGGCTC,5
mux-AAGACGGACAAGGAGC,5
mux-AAGACGGACACCTTAC,12
mux-AAGACGGACCATCCTC,2
mux-AAGACGGACCGACAAC,2
mux-AAGACGGACCTAATCC,6
mux-AAGACGGACCTCTATC,2
mux-AAGACGGACGACACAC,4
mux-AAGACGGACGCTGATC,1
mux-AAGACGGACGGATTGC,7
mux-AAGACGGACTAAGGTC,5
mux-AAGACGGAGAACAGGC,5
mux-AAGACGGAGACAGTGC,11
mux-AAGACGGAGAGTTAGC,6
mux-AAGACGGAGATGAATC,2
mux-AAGACGGAGCCAAGAC,7
mux-AAGACGGACGGAAGAA,4
mux-AAGACGGAGTGACAAG,5
mux-AAGACGGAGAACCAGA,14
mux-AAGGTACAAACGTGAT,3
mux-AAGGTACAACAAGCTA,1
mux-AAGGTACATTGCTGGA,6
mux-AAGGTACACTGTAGCC,1
mux-AAGGTACAAGTACAAG,1
mux-AAGGTACAAACAACCA,1
mux-AAGGTACAAACCGAGA,4
mux-AAGGTACAAACGCTTA,1
mux-AAGGTACAAAGACGGA,8
mux-AAGGTACAAAGGTACA,10
mux-AAGGTACAACACAGAA,1
mux-AAGGTACAACAGCAGA,9
mux-AAGGTACAAAACATCG,2
mux-AAGGTACAACCTCCAA,1
mux-AAGGTACAACGCTCGA,1
mux-AAGGTACAACGTATCA,7
mux-AAGGTACAACTATGCA,10
mux-AAGGTACAAGAGTCAA,1
mux-AAGGTACAAGATCGCA,15
mux-AAGGTACAAGCAGGAA,14
mux-AAGGTACAAGTCACTA,1
mux-AAGGTACAATCCTGTA,4
mux-AAGGTACAATTGAGGA,1
mux-AAGGTACAATGCCTAA,1
mux-AAGGTACACAACCACA,3
mux-AAGGTACAGACTAGTA,4
mux-AAGGTACACAATGGAA,4
mux-AAGGTACACACTTCGA,5
mux-AAGGTACACAGCGTTA,4
mux-AAGGTACACATACCAA,3
mux-AAGGTACACCAGTTCA,8
mux-AAGGTACACCGAAGTA,8
mux-AAGGTACACCGTGAGA,5
mux-AAGGTACACCTCCTGA,2
mux-AAGGTACAAGTGGTCA,14
mux-AAGGTACACGAACTTA,5
mux-AAGGTACACGACTGGA,5
mux-AAGGTACACGCATACA,5
mux-AAGGTACACTCAATGA,5
mux-AAGGTACACTGAGCCA,14
mux-AAGGTACACTGGCATA,5
mux-AAGGTACAGAATCTGA,5
mux-AAGGTACACAAGACTA,5
mux-AAGGTACAGAGCTGAA,5
mux-AAGGTACAGATAGACA,5
mux-AAGGTACAACCACTGT,1
mux-AAGGTACAGCCACATA,5
mux-AAGGTACAGCGAGTAA,2
mux-AAGGTACAGCTAACGA,5
mux-AAGGTACAGCTCGGTA,5
mux-AAGGTACAGGAGAACA,1
mux-AAGGTACAGGTGCGAA,5
mux-AAGGTACAGTACGCAA,9
mux-AAGGTACAGTCGTAGA,5
mux-AAGGTACAGTCTGTCA,0
mux-AAGGTACAGTGTTCTA,1
mux-AAGGTACAACATTGGC,8
mux-AAGGTACATAGGATGA,5
mux-AAGGTACATATCAGCA,1
mux-AAGGTACATCCGTCTA,5
mux-AAGGTACATCTTCACA,9
mux-AAGGTACATGAAGAGA,5
mux-AAGGTACATGGAACAA,5
mux-AAGGTACATGGCTTCA,2
mux-AAGGTACATGGTGGTA,5
mux-AAGGTACATTCACGCA,5
mux-AAGGTACAAACTCACC,14
mux-AAGGTACACAGATCTG,1
mux-AAGGTACAAAGAGATC,5
mux-AAGGTACAAAGGACAC,7
mux-AAGGTACAAATCCGTC,6
mux-AAGGTACAAATGTTGC,7
mux-AAGGTACAACACGACC,5
mux-AAGGTACAACAGATTC,5
mux-AAGGTACAAGATGTAC,2
mux-AAGGTACAAGCACCTC,5
mux-AAGGTACAAGCCATGC,15
mux-AAGGTACAAGGCTAAC,6
mux-AAGGTACACATCAAGT,14
mux-AAGGTACAATAGCGAC,5
mux-AAGGTACAATCATTCC,2
mux-AAGGTACAATTGGCTC,2
mux-AAGGTACACAAGGAGC,5
mux-AAGGTACACACCTTAC,5
mux-AAGGTACACCATCCTC,5
mux-AAGGTACACCGACAAC,2
mux-AAGGTACACCTAATCC,2
mux-AAGGTACACCTCTATC,8
mux-AAGGTACACGACACAC,2
mux-AAGGTACACGCTGATC,1
mux-AAGGTACACGGATTGC,10
mux-AAGGTACACTAAGGTC,12
mux-AAGGTACAGAACAGGC,2
mux-AAGGTACAGACAGTGC,2
mux-AAGGTACAGAGTTAGC,5
mux-AAGGTACAGATGAATC,5
mux-AAGGTACAGCCAAGAC,6
mux-AAGGTACACGGAAGAA,7
mux-AAGGTACAGTGACAAG,4
mux-AAGGTACAGAACCAGA,8
mux-ACACAGAAAACGTGAT,1
mux-ACACAGAAACAAGCTA,1
mux-ACACAGAATTGCTGGA,3
mux-ACACAGAACTGTAGCC,5
mux-ACACAGAAAGTACAAG,1
mux-ACACAGAAAACAACCA,3
mux-ACACAGAAAACCGAGA,4
mux-ACACAGAAAACGCTTA,1
mux-ACACAGAAAAGACGGA,5
mux-ACACAGAAAAGGTACA,3
mux-ACACAGAAACACAGAA,7
mux-ACACAGAAACAGCAGA,1
mux-ACACAGAAAAACATCG,2
mux-ACACAGAAACCTCCAA,1
mux-ACACAGAAACGCTCGA,1
mux-ACACAGAAACGTATCA,3
mux-ACACAGAAACTATGCA,1
mux-ACACAGAAAGAGTCAA,1
mux-ACACAGAAAGATCGCA,1
mux-ACACAGAAAGCAGGAA,2
mux-ACACAGAAAGTCACTA,12
mux-ACACAGAAATCCTGTA,3
mux-ACACAGAAATTGAGGA,5
mux-ACACAGAAATGCCTAA,1
mux-ACACAGAACAACCACA,2
mux-ACACAGAAGACTAGTA,3
mux-ACACAGAACAATGGAA,14
mux-ACACAGAACACTTCGA,3
mux-ACACAGAACAGCGTTA,3
mux-ACACAGAACATACCAA,3
mux-ACACAGAACCAGTTCA,2
mux-ACACAGAACCGAAGTA,2
mux-ACACAGAACCGTGAGA,6
mux-ACACAGAACCTCCTGA,5
mux-ACACAGAAAGTGGTCA,1
mux-ACACAGAACGAACTTA,5
mux-ACACAGAACGACTGGA,3
mux-ACACAGAACGCATACA,5
mux-ACACAGAACTCAATGA,3
mux-ACACAGAACTGAGCCA,5
mux-ACACAGAACTGGCATA,5
mux-ACACAGAAGAATCTGA,5
mux-ACACAGAACAAGACTA,9
mux-ACACAGAAGAGCTGAA,5
mux-ACACAGAAGATAGACA,5
mux-ACACAGAAACCACTGT,1
mux-ACACAGAAGCCACATA,5
mux-ACACAGAAGCGAGTAA,5
mux-ACACAGAAGCTAACGA,5
mux-ACACAGAAGCTCGGTA,8
mux-ACACAGAAGGAGAACA,3
mux-ACACAGAAGGTGCGAA,4
mux-ACACAGAAGTACGCAA,3
mux-ACACAGAAGTCGTAGA,5
mux-ACACAGAAGTCTGTCA,5
mux-ACACAGAAGTGTTCTA,9
mux-ACACAGAAACATTGGC,1
mux-ACACAGAATAGGATGA,12
mux-ACACAGAATATCAGCA,2
mux-ACACAGAATCCGTCTA,6
mux-ACACAGAATCTTCACA,6
mux-ACACAGAATGAAGAGA,5
mux-ACACAGAATGGAACAA,3
mux-ACACAGAATGGCTTCA,4
mux-ACACAGAATGGTGGTA,2
mux-ACACAGAATTCACGCA,4
mux-ACACAGAAAACTCACC,3
mux-ACACAGAACAGATCTG,1
mux-ACACAGAAAAGAGATC,5
mux-ACACAGAAAAGGACAC,5
mux-ACACAGAAAATCCGTC,5
mux-ACACAGAAAATGTTGC,6
mux-ACACAGAAACACGACC,5
mux-ACACAGAAACAGATTC,6
mux-ACACAGAAAGATGTAC,3
mux-ACACAGAAAGCACCTC,5
mux-ACACAGAAAGCCATGC,2
mux-ACACAGAAAGGCTAAC,3
mux-ACACAGAACATCAAGT,1
mux-ACACAGAAATAGCGAC,3
mux-ACACAGAAATCATTCC,6
mux-ACACAGAAATTGGCTC,5
mux-ACACAGAACAAGGAGC,3
mux-ACACAGAACACCTTAC,6
mux-ACACAGAACCATCCTC,4
mux-ACACAGAACCGACAAC,5
mux-ACACAGAACCTAATCC,5
mux-ACACAGAACCTCTATC,10
mux-ACACAGAACGACACAC,8
mux-ACACAGAACGCTGATC,1
mux-ACACAGAACGGATTGC,7
mux-ACACAGAACTAAGGTC,4
mux-ACACAGAAGAACAGGC,5
mux-ACACAGAAGACAGTGC,5
mux-ACACAGAAGAGTTAGC,3
mux-ACACAGAAGATGAATC,8
mux-ACACAGAAGCCAAGAC,4
mux-ACACAGAACGGAAGAA,5
mux-ACACAGAAGTGACAAG,1
mux-ACACAGAAGAACCAGA,4
mux-ACAGCAGAAACGTGAT,1
mux-ACAGCAGAACAAGCTA,1
mux-ACAGCAGATTGCTGGA,2
mux-ACAGCAGACTGTAGCC,2
mux-ACAGCAGAAGTACAAG,1
mux-ACAGCAGAAACAACCA,8
mux-ACAGCAGAAACCGAGA,6
mux-ACAGCAGAAACGCTTA,1
mux-ACAGCAGAAAGACGGA,1
mux-ACAGCAGAAAGGTACA,11
mux-ACAGCAGAACACAGAA,1
mux-ACAGCAGAACAGCAGA,10
mux-ACAGCAGAAAACATCG,8
mux-ACAGCAGAACCTCCAA,7
mux-ACAGCAGAACGCTCGA,3
mux-ACAGCAGAACGTATCA,3
mux-ACAGCAGAACTATGCA,5
mux-ACAGCAGAAGAGTCAA,6
mux-ACAGCAGAAGATCGCA,1
mux-ACAGCAGAAGCAGGAA,1
mux-ACAGCAGAAGTCACTA,2
mux-ACAGCAGAATCCTGTA,4
mux-ACAGCAGAATTGAGGA,5
mux-ACAGCAGAATGCCTAA,1
mux-ACAGCAGACAACCACA,1
mux-ACAGCAGAGACTAGTA,8
mux-ACAGCAGACAATGGAA,14
mux-ACAGCAGACACTTCGA,2
mux-ACAGCAGACAGCGTTA,2
mux-ACAGCAGACATACCAA,2
mux-ACAGCAGACCAGTTCA,3
mux-ACAGCAGACCGAAGTA,2
mux-ACAGCAGACCGTGAGA,2
mux-ACAGCAGACCTCCTGA,5
mux-ACAGCAGAAGTGGTCA,3
mux-ACAGCAGACGAACTTA,2
mux-ACAGCAGACGACTGGA,2
mux-ACAGCAGACGCATACA,5
mux-ACAGCAGACTCAATGA,0
mux-ACAGCAGACTGAGCCA,4
mux-ACAGCAGACTGGCATA,5
mux-ACAGCAGAGAATCTGA,5
mux-ACAGCAGACAAGACTA,5
mux-ACAGCAGAGAGCTGAA,12
mux-ACAGCAGAGATAGACA,5
mux-ACAGCAGAACCACTGT,3
mux-ACAGCAGAGCCACATA,5
mux-ACAGCAGAGCGAGTAA,6
mux-ACAGCAGAGCTAACGA,15
mux-ACAGCAGAGCTCGGTA,5
mux-ACAGCAGAGGAGAACA,6
mux-ACAGCAGAGGTGCGAA,5
mux-ACAGCAGAGTACGCAA,3
mux-ACAGCAGAGTCGTAGA,2
mux-ACAGCAGAGTCTGTCA,2
mux-ACAGCAGAGTGTTCTA,5
mux-ACAGCAGAACATTGGC,1
mux-ACAGCAGATAGGATGA,6
mux-ACAGCAGATATCAGCA,8
mux-ACAGCAGATCCGTCTA,5
mux-ACAGCAGATCTTCACA,5
mux-ACAGCAGATGAAGAGA,7
mux-ACAGCAGATGGAACAA,5
mux-ACAGCAGATGGCTTCA,5
mux-ACAGCAGATGGTGGTA,5
mux-ACAGCAGATTCACGCA,5
mux-ACAGCAGAAACTCACC,5
mux-ACAGCAGACAGATCTG,12
mux-ACAGCAGAAAGAGATC,5
mux-ACAGCAGAAAGGACAC,5
mux-ACAGCAGAAATCCGTC,3
mux-ACAGCAGAAATGTTGC,5
mux-ACAGCAGAACACGACC,5
mux-ACAGCAGAACAGATTC,5
mux-ACAGCAGAAGATGTAC,2
mux-ACAGCAGAAGCACCTC,2
mux-ACAGCAGAAGCCATGC,2
mux-ACAGCAGAAGGCTAAC,5
mux-ACAGCAGACATCAAGT,1
mux-ACAGCAGAATAGCGAC,2
mux-ACAGCAGAATCATTCC,5
mux-ACAGCAGAATTGGCTC,4
mux-ACAGCAGACAAGGAGC,3
mux-ACAGCAGACACCTTAC,6
mux-ACAGCAGACCATCCTC,3
mux-ACAGCAGACCGACAAC,2
mux-ACAGCAGACCTAATCC,4
mux-ACAGCAGACCTCTATC,5
mux-ACAGCAGACGACACAC,2
mux-ACAGCAGACGCTGATC,10
mux-ACAGCAGACGGATTGC,5
mux-ACAGCAGACTAAGGTC,1
mux-ACAGCAGAGAACAGGC,5
mux-ACAGCAGAGACAGTGC,7
mux-ACAGCAGAGAGTTAGC,3
mux-ACAGCAGAGATGAATC,5
mux-ACAGCAGAGCCAAGAC,5
mux-ACAGCAGACGGAAGAA,5
mux-ACAGCAGAGTGACAAG,5
mux-ACAGCAGAGAACCAGA,8
mux-AACGTGATAACGTGAT,1
mux-AACGTGATACAAGCTA,1
mux-AACGTGATTTGCTGGA,6
mux-AACGTGATCTGTAGCC,1
mux-AACGTGATAGTACAAG,0
mux-AACGTGATAACAACCA,1
mux-AACGTGATAACCGAGA,12
mux-AACGTGATAACGCTTA,1
mux-AACGTGATAAGACGGA,1
mux-AACGTGATAAGGTACA,6
mux-AACGTGATACACAGAA,14
mux-AACGTGATACAGCAGA,1
mux-AACGTGATAAACATCG,1
mux-AACGTGATACCTCCAA,8
mux-AACGTGATACGCTCGA,1
mux-AACGTGATACGTATCA,1
mux-AACGTGATACTATGCA,8
mux-AACGTGATAGAGTCAA,4
mux-AACGTGATAGATCGCA,13
mux-AACGTGATAGCAGGAA,12
mux-AACGTGATAGTCACTA,12
mux-AACGTGATATCCTGTA,4
mux-AACGTGATATTGAGGA,4
mux-AACGTGATATGCCTAA,1
mux-AACGTGATCAACCACA,4
mux-AACGTGATGACTAGTA,4
mux-AACGTGATCAATGGAA,2
mux-AACGTGATCACTTCGA,2
mux-AACGTGATCAGCGTTA,4
mux-AACGTGATCATACCAA,5
mux-AACGTGATCCAGTTCA,14
mux-AACGTGATCCGAAGTA,5
mux-AACGTGATCCGTGAGA,3
mux-AACGTGATCCTCCTGA,5
mux-AACGTGATAGTGGTCA,5
mux-AACGTGATCGAACTTA,4
mux-AACGTGATCGACTGGA,5
mux-AACGTGATCGCATACA,5
mux-AACGTGATCTCAATGA,5
mux-AACGTGATCTGAGCCA,5
mux-AACGTGATCTGGCATA,5
mux-AACGTGATGAATCTGA,5
mux-AACGTGATCAAGACTA,5
mux-AACGTGATGAGCTGAA,2
mux-AACGTGATGATAGACA,5
mux-AACGTGATACCACTGT,1
mux-AACGTGATGCCACATA,5
mux-AACGTGATGCGAGTAA,5
mux-AACGTGATGCTAACGA,4
mux-AACGTGATGCTCGGTA,2
mux-AACGTGATGGAGAACA,6
mux-AACGTGATGGTGCGAA,2
mux-AACGTGATGTACGCAA,2
mux-AACGTGATGTCGTAGA,4
mux-AACGTGATGTCTGTCA,15
mux-AACGTGATGTGTTCTA,4
mux-AACGTGATACATTGGC,1
mux-AACGTGATTAGGATGA,4
mux-AACGTGATTATCAGCA,8
mux-AACGTGATTCCGTCTA,2
mux-AACGTGATTCTTCACA,14
mux-AACGTGATTGAAGAGA,6
mux-AACGTGATTGGAACAA,2
mux-AACGTGATTGGCTTCA,3
mux-AACGTGATTGGTGGTA,4
mux-AACGTGATTTCACGCA,12
mux-AACGTGATAACTCACC,4
mux-AACGTGATCAGATCTG,10
mux-AACGTGATAAGAGATC,2
mux-AACGTGATAAGGACAC,2
mux-AACGTGATAATCCGTC,4
mux-AACGTGATAATGTTGC,2
mux-AACGTGATACACGACC,2
mux-AACGTGATACAGATTC,4
mux-AACGTGATAGATGTAC,6
mux-AACGTGATAGCACCTC,5
mux-AACGTGATAGCCATGC,5
mux-AACGTGATAGGCTAAC,2
mux-AACGTGATCATCAAGT,1
mux-AACGTGATATAGCGAC,4
mux-AACGTGATATCATTCC,2
mux-AACGTGATATTGGCTC,2
mux-AACGTGATCAAGGAGC,11
mux-AACGTGATCACCTTAC,3
mux-AACGTGATCCATCCTC,2
mux-AACGTGATCCGACAAC,5
mux-AACGTGATCCTAATCC,6
mux-AACGTGATCCTCTATC,4
mux-AACGTGATCGACACAC,5
mux-AACGTGATCGCTGATC,12
mux-AACGTGATCGGATTGC,13
mux-AACGTGATCTAAGGTC,3
mux-AACGTGATGAACAGGC,2
mux-AACGTGATGACAGTGC,2
mux-AACGTGATGAGTTAGC,2
mux-AACGTGATGATGAATC,6
mux-AACGTGATGCCAAGAC,14
mux-AACGTGATCGGAAGAA,12
mux-AACGTGATGTGACAAG,2
mux-AACGTGATGAACCAGA,4
mux-ACCTCCAAAACGTGAT,1
mux-ACCTCCAAACAAGCTA,2
mux-ACCTCCAATTGCTGGA,4
mux-ACCTCCAACTGTAGCC,7
mux-ACCTCCAAAGTACAAG,1
mux-ACCTCCAAAACAACCA,5
mux-ACCTCCAAAACCGAGA,14
mux-ACCTCCAAAACGCTTA,1
mux-ACCTCCAAAAGACGGA,1
mux-ACCTCCAAAAGGTACA,3
mux-ACCTCCAAACACAGAA,1
mux-ACCTCCAAACAGCAGA,1
mux-ACCTCCAAAAACATCG,1
mux-ACCTCCAAACCTCCAA,1
mux-ACCTCCAAACGCTCGA,6
mux-ACCTCCAAACGTATCA,2
mux-ACCTCCAAACTATGCA,1
mux-ACCTCCAAAGAGTCAA,6
mux-ACCTCCAAAGATCGCA,8
mux-ACCTCCAAAGCAGGAA,1
mux-ACCTCCAAAGTCACTA,4
mux-ACCTCCAAATCCTGTA,2
mux-ACCTCCAAATTGAGGA,2
mux-ACCTCCAAATGCCTAA,1
mux-ACCTCCAACAACCACA,9
mux-ACCTCCAAGACTAGTA,4
mux-ACCTCCAACAATGGAA,2
mux-ACCTCCAACACTTCGA,4
mux-ACCTCCAACAGCGTTA,5
mux-ACCTCCAACATACCAA,4
mux-ACCTCCAACCAGTTCA,4
mux-ACCTCCAACCGTGAGA,5
mux-ACCTCCAACCTCCTGA,10
mux-ACCTCCAAAGTGGTCA,1
mux-ACCTCCAACGAACTTA,5
mux-ACCTCCAACGACTGGA,5
mux-ACCTCCAACGCATACA,4
mux-ACCTCCAACTCAATGA,3
mux-ACCTCCAACTGAGCCA,3
mux-ACCTCCAACTGGCATA,4
mux-ACCTCCAAGAATCTGA,5
mux-ACCTCCAACAAGACTA,5
mux-ACCTCCAAGAGCTGAA,5
mux-ACCTCCAAGATAGACA,5
mux-ACCTCCAAACCACTGT,1
mux-ACCTCCAAGCCACATA,5
mux-ACCTCCAAGCGAGTAA,4
mux-ACCTCCAAGCTAACGA,5
mux-ACCTCCAAGGAGAACA,2
mux-ACCTCCAAGGTGCGAA,5
mux-ACCTCCAAGTACGCAA,5
mux-ACCTCCAAGTCGTAGA,5
mux-ACCTCCAAGTCTGTCA,2
mux-ACCTCCAAGTGTTCTA,5
mux-ACCTCCAAACATTGGC,1
mux-ACCTCCAATAGGATGA,2
mux-ACCTCCAATATCAGCA,3
mux-ACCTCCAATCCGTCTA,5
mux-ACCTCCAATCTTCACA,2
mux-ACCTCCAATGAAGAGA,2
mux-ACCTCCAATGGAACAA,5
mux-ACCTCCAATGGCTTCA,5
mux-ACCTCCAATGGTGGTA,5
mux-ACCTCCAATTCACGCA,5
mux-ACCTCCAAAACTCACC,8
mux-ACCTCCAACAGATCTG,4
mux-ACCTCCAAAAGAGATC,5
mux-ACCTCCAAAAGGACAC,2
mux-ACCTCCAAAATCCGTC,5
mux-ACCTCCAAAATGTTGC,5
mux-ACCTCCAAACACGACC,5
mux-ACCTCCAAACAGATTC,5
mux-ACCTCCAAAGATGTAC,5
mux-ACCTCCAAAGCACCTC,5
mux-ACCTCCAAAGCCATGC,5
mux-ACCTCCAAAGGCTAAC,2
mux-ACCTCCAACATCAAGT,15
mux-ACCTCCAAATAGCGAC,5
mux-ACCTCCAAATCATTCC,5
mux-ACCTCCAAATTGGCTC,3
mux-ACCTCCAACAAGGAGC,0
mux-ACCTCCAACACCTTAC,3
mux-ACCTCCAACCATCCTC,3
mux-ACCTCCAACCGACAAC,2
mux-ACCTCCAACCTAATCC,3
mux-ACCTCCAACCTCTATC,7
mux-ACCTCCAACGACACAC,8
mux-ACCTCCAACGCTGATC,4
mux-ACCTCCAACGGATTGC,6
mux-ACCTCCAACTAAGGTC,2
mux-ACCTCCAAGAACAGGC,5
mux-ACCTCCAAGACAGTGC,12
mux-ACCTCCAAGAGTTAGC,5
mux-ACCTCCAAGATGAATC,6
mux-ACCTCCAAGCCAAGAC,3
mux-ACCTCCAACGGAAGAA,2
mux-ACCTCCAAGTGACAAG,14
mux-ACCTCCAAGAACCAGA,12
mux-ACGCTCGAAACGTGAT,1
mux-ACGCTCGAACAAGCTA,4
mux-ACGCTCGATTGCTGGA,2
mux-ACGCTCGACTGTAGCC,12
mux-ACGCTCGAAGTACAAG,3
mux-ACGCTCGAAACAACCA,1
mux-ACGCTCGAAACCGAGA,1
mux-ACGCTCGAAACGCTTA,4
mux-ACGCTCGAAAGACGGA,1
mux-ACGCTCGAAAGGTACA,1
mux-ACGCTCGAACACAGAA,1
mux-ACGCTCGAACAGCAGA,1
mux-ACGCTCGAAAACATCG,3
mux-ACGCTCGAACCTCCAA,12
mux-ACGCTCGAACGCTCGA,1
mux-ACGCTCGAACGTATCA,1
mux-ACGCTCGAACTATGCA,0
mux-ACGCTCGAAGAGTCAA,13
mux-ACGCTCGAAGATCGCA,1
mux-ACGCTCGAAGCAGGAA,1
mux-ACGCTCGAAGTCACTA,1
mux-ACGCTCGAATCCTGTA,8
mux-ACGCTCGAATTGAGGA,7
mux-ACGCTCGAATGCCTAA,1
mux-ACGCTCGACAACCACA,2
mux-ACGCTCGAGACTAGTA,2
mux-ACGCTCGACAATGGAA,2
mux-ACGCTCGACACTTCGA,3
mux-ACGCTCGACAGCGTTA,4
mux-ACGCTCGACATACCAA,4
mux-ACGCTCGACCAGTTCA,4
mux-ACGCTCGACCGTGAGA,5
mux-ACGCTCGACCTCCTGA,4
mux-ACGCTCGAAGTGGTCA,3
mux-ACGCTCGACGAACTTA,3
mux-ACGCTCGACGACTGGA,5
mux-ACGCTCGACGCATACA,9
mux-ACGCTCGACTCAATGA,5
mux-ACGCTCGACTGAGCCA,5
mux-ACGCTCGACTGGCATA,10
mux-ACGCTCGAGAATCTGA,2
mux-ACGCTCGACAAGACTA,5
mux-ACGCTCGAGAGCTGAA,5
mux-ACGCTCGAGATAGACA,5
mux-ACGCTCGAACCACTGT,1
mux-ACGCTCGAGCCACATA,3
mux-ACGCTCGAGCGAGTAA,2
mux-ACGCTCGAGCTAACGA,5
mux-ACGCTCGAGGAGAACA,5
mux-ACGCTCGAGGTGCGAA,5
mux-ACGCTCGAGTACGCAA,6
mux-ACGCTCGAGTCGTAGA,2
mux-ACGCTCGAGTCTGTCA,5
mux-ACGCTCGAGTGTTCTA,5
mux-ACGCTCGAACATTGGC,1
mux-ACGCTCGATAGGATGA,2
mux-ACGCTCGATATCAGCA,3
mux-ACGCTCGATCCGTCTA,5
mux-ACGCTCGATCTTCACA,5
mux-ACGCTCGATGAAGAGA,5
mux-ACGCTCGATGGAACAA,1
mux-ACGCTCGATGGCTTCA,5
mux-ACGCTCGATGGTGGTA,2
mux-ACGCTCGATTCACGCA,3
mux-ACGCTCGAAACTCACC,5
mux-ACGCTCGACAGATCTG,5
mux-ACGCTCGAAAGAGATC,5
mux-ACGCTCGAAAGGACAC,5
mux-ACGCTCGAAATCCGTC,2
mux-ACGCTCGAAATGTTGC,5
mux-ACGCTCGAACACGACC,2
mux-ACGCTCGAACAGATTC,5
mux-ACGCTCGAAGATGTAC,6
mux-ACGCTCGAAGCACCTC,5
mux-ACGCTCGAAGCCATGC,9
mux-ACGCTCGAAGGCTAAC,5
mux-ACGCTCGACATCAAGT,7
mux-ACGCTCGAATAGCGAC,10
mux-ACGCTCGAATCATTCC,12
mux-ACGCTCGAATTGGCTC,3
mux-ACGCTCGACAAGGAGC,5
mux-ACGCTCGACACCTTAC,13
mux-ACGCTCGACCATCCTC,3
mux-ACGCTCGACCGACAAC,6
mux-ACGCTCGACCTAATCC,2
mux-ACGCTCGACCTCTATC,2
mux-ACGCTCGACGACACAC,4
mux-ACGCTCGACGCTGATC,1
mux-ACGCTCGACGGATTGC,6
mux-ACGCTCGACTAAGGTC,5
mux-ACGCTCGAGAACAGGC,0
mux-ACGCTCGAGACAGTGC,0
mux-ACGCTCGAGAGTTAGC,4
mux-ACGCTCGAGATGAATC,7
mux-ACGCTCGAGCCAAGAC,5
mux-ACGCTCGACGGAAGAA,5
mux-ACGCTCGAGTGACAAG,8
mux-ACGCTCGAGAACCAGA,2
mux-ACGTATCAAACGTGAT,2
mux-ACGTATCAACAAGCTA,5
mux-ACGTATCATTGCTGGA,2
mux-ACGTATCACTGTAGCC,7
mux-ACGTATCAAGTACAAG,6
mux-ACGTATCAAACAACCA,1
mux-ACGTATCAAACCGAGA,3
mux-ACGTATCAAACGCTTA,3
mux-ACGTATCAAAGACGGA,1
mux-ACGTATCAAAGGTACA,11
mux-ACGTATCAACACAGAA,1
mux-ACGTATCAACAGCAGA,1
mux-ACGTATCAAAACATCG,3
mux-ACGTATCAACCTCCAA,1
mux-ACGTATCAACGCTCGA,1
mux-ACGTATCAACGTATCA,1
mux-ACGTATCAACTATGCA,1
mux-ACGTATCAAGAGTCAA,1
mux-ACGTATCAAGATCGCA,3
mux-ACGTATCAAGCAGGAA,10
mux-ACGTATCAAGTCACTA,1
mux-ACGTATCAATCCTGTA,6
mux-ACGTATCAATTGAGGA,1
mux-ACGTATCAATGCCTAA,1
mux-ACGTATCACAACCACA,4
mux-ACGTATCAGACTAGTA,5
mux-ACGTATCACAATGGAA,1
mux-ACGTATCACACTTCGA,1
mux-ACGTATCACAGCGTTA,2
mux-ACGTATCACATACCAA,4
mux-ACGTATCACCAGTTCA,14
mux-ACGTATCACCGAAGTA,2
mux-ACGTATCACCGTGAGA,2
mux-ACGTATCACCTCCTGA,5
mux-ACGTATCAAGTGGTCA,7
mux-ACGTATCACGAACTTA,5
mux-ACGTATCACGACTGGA,2
mux-ACGTATCACGCATACA,5
mux-ACGTATCACTCAATGA,5
mux-ACGTATCACTGAGCCA,0
mux-ACGTATCACTGGCATA,2
mux-ACGTATCAGAATCTGA,5
mux-ACGTATCACAAGACTA,5
mux-ACGTATCAGAGCTGAA,5
mux-ACGTATCAGATAGACA,4
mux-ACGTATCAACCACTGT,1
mux-ACGTATCAGCCACATA,5
mux-ACGTATCAGCGAGTAA,3
mux-ACGTATCAGCTAACGA,5
mux-ACGTATCAGCTCGGTA,5
mux-ACGTATCAGGAGAACA,5
mux-ACGTATCAGGTGCGAA,8
mux-ACGTATCAGTACGCAA,5
mux-ACGTATCAGTCGTAGA,5
mux-ACGTATCAGTCTGTCA,5
mux-ACGTATCAGTGTTCTA,5
mux-ACGTATCAACATTGGC,4
mux-ACGTATCATAGGATGA,2
mux-ACGTATCATATCAGCA,5
mux-ACGTATCATCCGTCTA,2
mux-ACGTATCATCTTCACA,10
mux-ACGTATCATGAAGAGA,5
mux-ACGTATCATGGAACAA,5
mux-ACGTATCATGGCTTCA,5
mux-ACGTATCATGGTGGTA,5
mux-ACGTATCATTCACGCA,5
mux-ACGTATCAAACTCACC,5
mux-ACGTATCACAGATCTG,1
mux-ACGTATCAAAGAGATC,5
mux-ACGTATCAAAGGACAC,9
mux-ACGTATCAAATCCGTC,3
mux-ACGTATCAAATGTTGC,5
mux-ACGTATCAACACGACC,2
mux-ACGTATCAACAGATTC,5
mux-ACGTATCAAGATGTAC,3
mux-ACGTATCAAGCACCTC,3
mux-ACGTATCAAGCCATGC,5
mux-ACGTATCAAGGCTAAC,3
mux-ACGTATCACATCAAGT,3
mux-ACGTATCAATAGCGAC,6
mux-ACGTATCAATCATTCC,3
mux-ACGTATCAATTGGCTC,2
mux-ACGTATCACAAGGAGC,5
mux-ACGTATCACACCTTAC,2
mux-ACGTATCACCATCCTC,8
mux-ACGTATCACCGACAAC,2
mux-ACGTATCACCTAATCC,5
mux-ACGTATCACCTCTATC,2
mux-ACGTATCACGACACAC,3
mux-ACGTATCACGCTGATC,1
mux-ACGTATCACGGATTGC,2
mux-ACGTATCACTAAGGTC,15
mux-ACGTATCAGAACAGGC,2
mux-ACGTATCAGACAGTGC,8
mux-ACGTATCAGAGTTAGC,7
mux-ACGTATCAGATGAATC,12
mux-ACGTATCAGCCAAGAC,2
mux-ACGTATCACGGAAGAA,5
mux-ACGTATCAGTGACAAG,4
mux-ACGTATCAGAACCAGA,0
mux-ACTATGCAAACGTGAT,1
mux-ACTATGCAACAAGCTA,9
mux-ACTATGCATTGCTGGA,5
mux-ACTATGCACTGTAGCC,1
mux-ACTATGCAAGTACAAG,3
mux-ACTATGCAAACAACCA,4
mux-ACTATGCAAACCGAGA,4
mux-ACTATGCAAACGCTTA,3
mux-ACTATGCAAAGACGGA,1
mux-ACTATGCAAAGGTACA,8
mux-ACTATGCAACACAGAA,7
mux-ACTATGCAACAGCAGA,1
mux-ACTATGCAAAACATCG,14
mux-ACTATGCAACCTCCAA,4
mux-ACTATGCAACGCTCGA,1
mux-ACTATGCAACGTATCA,3
mux-ACTATGCAACTATGCA,2
mux-ACTATGCAAGAGTCAA,1
mux-ACTATGCAAGATCGCA,10
mux-ACTATGCAAGCAGGAA,8
mux-ACTATGCAAGTCACTA,8
mux-ACTATGCAATCCTGTA,1
mux-ACTATGCAATTGAGGA,4
mux-ACTATGCAATGCCTAA,7
mux-ACTATGCACAACCACA,12
mux-ACTATGCAGACTAGTA,8
mux-ACTATGCACAATGGAA,7
mux-ACTATGCACACTTCGA,4
mux-ACTATGCACAGCGTTA,2
mux-ACTATGCACATACCAA,2
mux-ACTATGCACCAGTTCA,2
mux-ACTATGCACCGAAGTA,2
mux-ACTATGCACCGTGAGA,2
mux-ACTATGCACCTCCTGA,5
mux-ACTATGCAAGTGGTCA,13
mux-ACTATGCACGAACTTA,5
mux-ACTATGCACGACTGGA,8
mux-ACTATGCACGCATACA,5
mux-ACTATGCACTCAATGA,5
mux-ACTATGCACTGAGCCA,2
mux-ACTATGCACTGGCATA,8
mux-ACTATGCAGAATCTGA,3
mux-ACTATGCACAAGACTA,5
mux-ACTATGCAGAGCTGAA,5
mux-ACTATGCAGATAGACA,5
mux-ACTATGCAACCACTGT,1
mux-ACTATGCAGCCACATA,8
mux-ACTATGCAGCGAGTAA,5
mux-ACTATGCAGCTAACGA,5
mux-ACTATGCAGCTCGGTA,10
mux-ACTATGCAGGAGAACA,3
mux-ACTATGCAGGTGCGAA,9
mux-ACTATGCAGTACGCAA,5
mux-ACTATGCAGTCGTAGA,5
mux-ACTATGCAGTCTGTCA,5
mux-ACTATGCAGTGTTCTA,5
mux-ACTATGCAACATTGGC,2
mux-ACTATGCATAGGATGA,5
mux-ACTATGCATATCAGCA,5
mux-ACTATGCATCCGTCTA,8
mux-ACTATGCATCTTCACA,5
mux-ACTATGCATGAAGAGA,2
mux-ACTATGCATGGAACAA,2
mux-ACTATGCATGGCTTCA,5
mux-ACTATGCATGGTGGTA,5
mux-ACTATGCATTCACGCA,5
mux-ACTATGCAAACTCACC,5
mux-ACTATGCACAGATCTG,2
mux-ACTATGCAAAGAGATC,5
mux-ACTATGCAAAGGACAC,2
mux-ACTATGCAAATCCGTC,4
mux-ACTATGCAAATGTTGC,9
mux-ACTATGCAACACGACC,2
mux-ACTATGCAACAGATTC,2
mux-ACTATGCAAGATGTAC,5
mux-ACTATGCAAGCACCTC,2
mux-ACTATGCAAGCCATGC,7
mux-ACTATGCAAGGCTAAC,5
mux-ACTATGCACATCAAGT,7
mux-ACTATGCAATAGCGAC,5
mux-ACTATGCAATCATTCC,3
mux-ACTATGCAATTGGCTC,3
mux-ACTATGCACAAGGAGC,4
mux-ACTATGCACACCTTAC,6
mux-ACTATGCACCATCCTC,10
mux-ACTATGCACCGACAAC,7
mux-ACTATGCACCTAATCC,3
mux-ACTATGCACCTCTATC,14
mux-ACTATGCACGACACAC,3
mux-ACTATGCACGCTGATC,1
mux-ACTATGCACGGATTGC,6
mux-ACTATGCACTAAGGTC,2
mux-ACTATGCAGAACAGGC,2
mux-ACTATGCAGACAGTGC,4
mux-ACTATGCAGAGTTAGC,5
mux-ACTATGCAGATGAATC,8
mux-ACTATGCAGCCAAGAC,11
mux-ACTATGCACGGAAGAA,0
mux-ACTATGCAGTGACAAG,6
mux-ACTATGCAGAACCAGA,4
mux-AGAGTCAAAACGTGAT,1
mux-AGAGTCAAACAAGCTA,9
mux-AGAGTCAATTGCTGGA,5
mux-AGAGTCAACTGTAGCC,3
mux-AGAGTCAAAGTACAAG,10
mux-AGAGTCAAAACAACCA,1
mux-AGAGTCAAAACCGAGA,5
mux-AGAGTCAAAACGCTTA,1
mux-AGAGTCAAAAGACGGA,1
mux-AGAGTCAAAAGGTACA,12
mux-AGAGTCAAACACAGAA,1
mux-AGAGTCAAACAGCAGA,1
mux-AGAGTCAAAAACATCG,4
mux-AGAGTCAAACCTCCAA,3
mux-AGAGTCAAACGCTCGA,1
mux-AGAGTCAAACGTATCA,6
mux-AGAGTCAAACTATGCA,3
mux-AGAGTCAAAGAGTCAA,5
mux-AGAGTCAAAGATCGCA,13
mux-AGAGTCAAAGCAGGAA,5
mux-AGAGTCAAAGTCACTA,3
mux-AGAGTCAAATCCTGTA,4
mux-AGAGTCAAATTGAGGA,1
mux-AGAGTCAAATGCCTAA,1
mux-AGAGTCAACAACCACA,6
mux-AGAGTCAAGACTAGTA,10
mux-AGAGTCAACAATGGAA,11
mux-AGAGTCAACACTTCGA,4
mux-AGAGTCAACAGCGTTA,6
mux-AGAGTCAACATACCAA,2
mux-AGAGTCAACCAGTTCA,2
mux-AGAGTCAACCGAAGTA,2
mux-AGAGTCAACCGTGAGA,2
mux-AGAGTCAACCTCCTGA,9
mux-AGAGTCAAAGTGGTCA,10
mux-AGAGTCAACGAACTTA,5
mux-AGAGTCAACGACTGGA,2
mux-AGAGTCAACGCATACA,5
mux-AGAGTCAACTCAATGA,5
mux-AGAGTCAACTGGCATA,5
mux-AGAGTCAAGAATCTGA,5
mux-AGAGTCAACAAGACTA,2
mux-AGAGTCAAGAGCTGAA,6
mux-AGAGTCAAGATAGACA,3
mux-AGAGTCAAACCACTGT,1
mux-AGAGTCAAGCCACATA,5
mux-AGAGTCAAGCGAGTAA,5
mux-AGAGTCAAGCTAACGA,2
mux-AGAGTCAAGCTCGGTA,5
mux-AGAGTCAAGGAGAACA,9
mux-AGAGTCAAGGTGCGAA,5
mux-AGAGTCAAGTACGCAA,2
mux-AGAGTCAAGTCGTAGA,5
mux-AGAGTCAAGTCTGTCA,5
mux-AGAGTCAAGTGTTCTA,5
mux-AGAGTCAAACATTGGC,1
mux-AGAGTCAATAGGATGA,5
mux-AGAGTCAATATCAGCA,5
mux-AGAGTCAATCCGTCTA,5
mux-AGAGTCAATCTTCACA,2
mux-AGAGTCAATGAAGAGA,15
mux-AGAGTCAATGGAACAA,5
mux-AGAGTCAATGGCTTCA,5
mux-AGAGTCAATGGTGGTA,5
mux-AGAGTCAATTCACGCA,3
mux-AGAGTCAAAACTCACC,5
mux-AGAGTCAACAGATCTG,1
mux-AGAGTCAAAAGAGATC,5
mux-AGAGTCAAAAGGACAC,2
mux-AGAGTCAAAATCCGTC,2
mux-AGAGTCAAAATGTTGC,4
mux-AGAGTCAAACACGACC,9
mux-AGAGTCAAACAGATTC,6
mux-AGAGTCAAAGATGTAC,12
mux-AGAGTCAAAGCACCTC,2
mux-AGAGTCAAAGCCATGC,5
mux-AGAGTCAAAGGCTAAC,5
mux-AGAGTCAACATCAAGT,1
mux-AGAGTCAAATAGCGAC,4
mux-AGAGTCAAATCATTCC,3
mux-AGAGTCAAATTGGCTC,3
mux-AGAGTCAACAAGGAGC,6
mux-AGAGTCAACACCTTAC,2
mux-AGAGTCAACCATCCTC,3
mux-AGAGTCAACCGACAAC,2
mux-AGAGTCAACCTAATCC,8
mux-AGAGTCAACCTCTATC,0
mux-AGAGTCAACGACACAC,11
mux-AGAGTCAACGCTGATC,1
mux-AGAGTCAACGGATTGC,4
mux-AGAGTCAACTAAGGTC,4
mux-AGAGTCAAGAACAGGC,4
mux-AGAGTCAAGACAGTGC,4
mux-AGAGTCAAGAGTTAGC,2
mux-AGAGTCAAGATGAATC,1
mux-AGAGTCAAGCCAAGAC,10
mux-AGAGTCAACGGAAGAA,6
mux-AGAGTCAAGTGACAAG,1
mux-AGAGTCAAGAACCAGA,13
mux-AGATCGCAAACGTGAT,10
mux-AGATCGCAACAAGCTA,1
mux-AGATCGCATTGCTGGA,3
mux-AGATCGCACTGTAGCC,1
mux-AGATCGCAAGTACAAG,1
mux-AGATCGCAAACAACCA,3
mux-AGATCGCAAACCGAGA,7
mux-AGATCGCAAACGCTTA,1
mux-AGATCGCAAAGACGGA,1
mux-AGATCGCAAAGGTACA,13
mux-AGATCGCAACACAGAA,7
mux-AGATCGCAACAGCAGA,2
mux-AGATCGCAAAACATCG,3
mux-AGATCGCAACCTCCAA,2
mux-AGATCGCAACGCTCGA,2
mux-AGATCGCAACGTATCA,3
mux-AGATCGCAACTATGCA,4
mux-AGATCGCAAGAGTCAA,1
mux-AGATCGCAAGATCGCA,1
mux-AGATCGCAAGCAGGAA,1
mux-AGATCGCAAGTCACTA,1
mux-AGATCGCAATCCTGTA,1
mux-AGATCGCAATTGAGGA,8
mux-AGATCGCAATGCCTAA,1
mux-AGATCGCACAACCACA,2
mux-AGATCGCAGACTAGTA,4
mux-AGATCGCACAATGGAA,4
mux-AGATCGCACACTTCGA,1
mux-AGATCGCACAGCGTTA,2
mux-AGATCGCACATACCAA,3
mux-AGATCGCACCAGTTCA,2
mux-AGATCGCACCGAAGTA,2
mux-AGATCGCACCGTGAGA,16
mux-AGATCGCACCTCCTGA,16
mux-AGATCGCAAGTGGTCA,1
mux-AGATCGCACGAACTTA,2
mux-AGATCGCACGACTGGA,5
mux-AGATCGCACGCATACA,2
mux-AGATCGCACTCAATGA,9
mux-AGATCGCACTGAGCCA,4
mux-AGATCGCACTGGCATA,5
mux-AGATCGCAGAATCTGA,5
mux-AGATCGCACAAGACTA,4
mux-AGATCGCAGAGCTGAA,5
mux-AGATCGCAGATAGACA,5
mux-AGATCGCAACCACTGT,1
mux-AGATCGCAGCCACATA,5
mux-AGATCGCAGCGAGTAA,1
mux-AGATCGCAGCTAACGA,5
mux-AGATCGCAGCTCGGTA,5
mux-AGATCGCAGGAGAACA,5
mux-AGATCGCAGTACGCAA,5
mux-AGATCGCAGTCGTAGA,9
mux-AGATCGCAGTCTGTCA,5
mux-AGATCGCAGTGTTCTA,5
mux-AGATCGCAACATTGGC,1
mux-AGATCGCATAGGATGA,14
mux-AGATCGCATATCAGCA,5
mux-AGATCGCATCCGTCTA,5
mux-AGATCGCATCTTCACA,5
mux-AGATCGCATGAAGAGA,9
mux-AGATCGCATGGAACAA,5
mux-AGATCGCATGGCTTCA,5
mux-AGATCGCATGGTGGTA,2
mux-AGATCGCATTCACGCA,10
mux-AGATCGCAAACTCACC,5
mux-AGATCGCACAGATCTG,3
mux-AGATCGCAAAGAGATC,5
mux-AGATCGCAAAGGACAC,2
mux-AGATCGCAAATCCGTC,5
mux-AGATCGCAAATGTTGC,2
mux-AGATCGCAACACGACC,2
mux-AGATCGCAACAGATTC,2
mux-AGATCGCAAGATGTAC,2
mux-AGATCGCAAGCACCTC,2
mux-AGATCGCAAGCCATGC,2
mux-AGATCGCAAGGCTAAC,5
mux-AGATCGCACATCAAGT,4
mux-AGATCGCAATAGCGAC,7
mux-AGATCGCAATCATTCC,3
mux-AGATCGCAATTGGCTC,3
mux-AGATCGCACAAGGAGC,3
mux-AGATCGCACACCTTAC,2
mux-AGATCGCACCATCCTC,7
mux-AGATCGCACCGACAAC,5
mux-AGATCGCACCTAATCC,5
mux-AGATCGCACCTCTATC,11
mux-AGATCGCACGACACAC,13
mux-AGATCGCACGCTGATC,4
mux-AGATCGCACGGATTGC,5
mux-AGATCGCACTAAGGTC,3
mux-AGATCGCAGAACAGGC,6
mux-AGATCGCAGACAGTGC,2
mux-AGATCGCAGAGTTAGC,4
mux-AGATCGCAGATGAATC,0
mux-AGATCGCAGCCAAGAC,3
mux-AGATCGCACGGAAGAA,6
mux-AGATCGCAGTGACAAG,8
mux-AGATCGCAGAACCAGA,4
mux-AGCAGGAAAACGTGAT,6
mux-AGCAGGAAACAAGCTA,1
mux-AGCAGGAATTGCTGGA,3
mux-AGCAGGAACTGTAGCC,1
mux-AGCAGGAAAGTACAAG,1
mux-AGCAGGAAAACAACCA,1
mux-AGCAGGAAAACCGAGA,8
mux-AGCAGGAAAACGCTTA,1
mux-AGCAGGAAAAGACGGA,4
mux-AGCAGGAAAAGGTACA,1
mux-AGCAGGAAACACAGAA,1
mux-AGCAGGAAACAGCAGA,1
mux-AGCAGGAAAAACATCG,1
mux-AGCAGGAAACCTCCAA,4
mux-AGCAGGAAACGCTCGA,3
mux-AGCAGGAAACGTATCA,1
mux-AGCAGGAAACTATGCA,1
mux-AGCAGGAAAGAGTCAA,2
mux-AGCAGGAAAGATCGCA,1
mux-AGCAGGAAAGCAGGAA,1
mux-AGCAGGAAAGTCACTA,1
mux-AGCAGGAAATCCTGTA,5
mux-AGCAGGAAATTGAGGA,4
mux-AGCAGGAAATGCCTAA,2
mux-AGCAGGAACAACCACA,4
mux-AGCAGGAAGACTAGTA,8
mux-AGCAGGAACAATGGAA,8
mux-AGCAGGAACACTTCGA,4
mux-AGCAGGAACAGCGTTA,2
mux-AGCAGGAACATACCAA,8
mux-AGCAGGAACCAGTTCA,8
mux-AGCAGGAACCGAAGTA,16
mux-AGCAGGAACCGTGAGA,16
mux-AGCAGGAACCTCCTGA,16
mux-AGCAGGAAAGTGGTCA,6
mux-AGCAGGAACGACTGGA,5
mux-AGCAGGAACTCAATGA,5
mux-AGCAGGAACTGAGCCA,3
mux-AGCAGGAACTGGCATA,5
mux-AGCAGGAAGAATCTGA,6
mux-AGCAGGAACAAGACTA,2
mux-AGCAGGAAGAGCTGAA,8
mux-AGCAGGAAGATAGACA,2
mux-AGCAGGAAACCACTGT,1
mux-AGCAGGAAGCCACATA,5
mux-AGCAGGAAGCGAGTAA,5
mux-AGCAGGAAGCTAACGA,5
mux-AGCAGGAAGCTCGGTA,6
mux-AGCAGGAAGGAGAACA,5
mux-AGCAGGAAGGTGCGAA,5
mux-AGCAGGAAGTACGCAA,5
mux-AGCAGGAAGTCGTAGA,5
mux-AGCAGGAAGTCTGTCA,3
mux-AGCAGGAAGTGTTCTA,5
mux-AGCAGGAAACATTGGC,2
mux-AGCAGGAATAGGATGA,5
mux-AGCAGGAATATCAGCA,5
mux-AGCAGGAATCCGTCTA,5
mux-AGCAGGAATCTTCACA,5
mux-AGCAGGAATGAAGAGA,5
mux-AGCAGGAATGGAACAA,8
mux-AGCAGGAATGGCTTCA,5
mux-AGCAGGAATGGTGGTA,5
mux-AGCAGGAATTCACGCA,5
mux-AGCAGGAAAACTCACC,5
mux-AGCAGGAACAGATCTG,1
mux-AGCAGGAAAAGAGATC,2
mux-AGCAGGAAAAGGACAC,2
mux-AGCAGGAAAATCCGTC,15
mux-AGCAGGAAAATGTTGC,2
mux-AGCAGGAAACACGACC,2
mux-AGCAGGAAACAGATTC,2
mux-AGCAGGAAAGATGTAC,2
mux-AGCAGGAAAGCACCTC,2
mux-AGCAGGAAAGCCATGC,2
mux-AGCAGGAAAGGCTAAC,2
mux-AGCAGGAACATCAAGT,1
mux-AGCAGGAAATAGCGAC,13
mux-AGCAGGAAATCATTCC,5
mux-AGCAGGAAATTGGCTC,3
mux-AGCAGGAACAAGGAGC,3
mux-AGCAGGAACACCTTAC,8
mux-AGCAGGAACCATCCTC,5
mux-AGCAGGAACCGACAAC,7
mux-AGCAGGAACCTAATCC,7
mux-AGCAGGAACCTCTATC,3
mux-AGCAGGAACGACACAC,2
mux-AGCAGGAACGCTGATC,2
mux-AGCAGGAACGGATTGC,4
mux-AGCAGGAACTAAGGTC,6
mux-AGCAGGAAGAACAGGC,4
mux-AGCAGGAAGACAGTGC,4
mux-AGCAGGAAGAGTTAGC,10
mux-AGCAGGAAGATGAATC,11
mux-AGCAGGAAGCCAAGAC,5
mux-AGCAGGAACGGAAGAA,3
mux-AGCAGGAAGTGACAAG,0
mux-AGCAGGAAGAACCAGA,5
mux-AGTCACTAAACGTGAT,1
mux-AGTCACTAACAAGCTA,1
mux-AGTCACTATTGCTGGA,9
mux-AGTCACTACTGTAGCC,1
mux-AGTCACTAAGTACAAG,10
mux-AGTCACTAAACAACCA,1
mux-AGTCACTAAACCGAGA,1
mux-AGTCACTAAACGCTTA,1
mux-AGTCACTAAAGACGGA,1
mux-AGTCACTAAAGGTACA,1
mux-AGTCACTAACACAGAA,1
mux-AGTCACTAACAGCAGA,3
mux-AGTCACTAAAACATCG,7
mux-AGTCACTAACCTCCAA,8
mux-AGTCACTAACGCTCGA,1
mux-AGTCACTAACGTATCA,4
mux-AGTCACTAACTATGCA,1
mux-AGTCACTAAGAGTCAA,2
mux-AGTCACTAAGATCGCA,2
mux-AGTCACTAAGCAGGAA,2
mux-AGTCACTAAGTCACTA,1
mux-AGTCACTAATCCTGTA,4
mux-AGTCACTAATTGAGGA,4
mux-AGTCACTAATGCCTAA,1
mux-AGTCACTACAACCACA,4
mux-AGTCACTAGACTAGTA,2
mux-AGTCACTACAATGGAA,4
mux-AGTCACTACACTTCGA,9
mux-AGTCACTACAGCGTTA,4
mux-AGTCACTACATACCAA,2
mux-AGTCACTACCGTGAGA,16
mux-AGTCACTACCTCCTGA,16
mux-AGTCACTAAGTGGTCA,1
mux-AGTCACTACGAACTTA,16
mux-AGTCACTACGACTGGA,5
mux-AGTCACTACGCATACA,5
mux-AGTCACTACTCAATGA,5
mux-AGTCACTACTGAGCCA,5
mux-AGTCACTACTGGCATA,5
mux-AGTCACTAGAATCTGA,7
mux-AGTCACTACAAGACTA,10
mux-AGTCACTAGAGCTGAA,8
mux-AGTCACTAGATAGACA,5
mux-AGTCACTAACCACTGT,4
mux-AGTCACTAGCCACATA,8
mux-AGTCACTAGCGAGTAA,5
mux-AGTCACTAGCTAACGA,5
mux-AGTCACTAGCTCGGTA,1
mux-AGTCACTAGGAGAACA,5
mux-AGTCACTAGGTGCGAA,2
mux-AGTCACTAGTACGCAA,3
mux-AGTCACTAGTCGTAGA,5
mux-AGTCACTAGTCTGTCA,5
mux-AGTCACTAGTGTTCTA,5
mux-AGTCACTAACATTGGC,2
mux-AGTCACTATAGGATGA,5
mux-AGTCACTATATCAGCA,3
mux-AGTCACTATCCGTCTA,5
mux-AGTCACTATCTTCACA,5
mux-AGTCACTATGAAGAGA,13
mux-AGTCACTATGGAACAA,4
mux-AGTCACTATGGCTTCA,5
mux-AGTCACTATGGTGGTA,2
mux-AGTCACTATTCACGCA,2
mux-AGTCACTAAACTCACC,2
mux-AGTCACTACAGATCTG,8
mux-AGTCACTAAAGAGATC,2
mux-AGTCACTAAAGGACAC,2
mux-AGTCACTAAATCCGTC,2
mux-AGTCACTAAATGTTGC,2
mux-AGTCACTAACACGACC,2
mux-AGTCACTAACAGATTC,2
mux-AGTCACTAAGATGTAC,2
mux-AGTCACTAAGCACCTC,2
mux-AGTCACTAAGCCATGC,2
mux-AGTCACTAAGGCTAAC,10
mux-AGTCACTACATCAAGT,1
mux-AGTCACTAATAGCGAC,3
mux-AGTCACTAATCATTCC,7
mux-AGTCACTAATTGGCTC,2
mux-AGTCACTACAAGGAGC,2
mux-AGTCACTACACCTTAC,11
mux-AGTCACTACCATCCTC,14
mux-AGTCACTACCGACAAC,7
mux-AGTCACTACCTAATCC,0
mux-AGTCACTACCTCTATC,7
mux-AGTCACTACGACACAC,8
mux-AGTCACTACGCTGATC,2
mux-AGTCACTACGGATTGC,2
mux-AGTCACTACTAAGGTC,3
mux-AGTCACTAGAACAGGC,2
mux-AGTCACTAGACAGTGC,6
mux-AGTCACTAGAGTTAGC,0
mux-AGTCACTAGATGAATC,5
mux-AGTCACTAGCCAAGAC,4
mux-AGTCACTACGGAAGAA,7
mux-AGTCACTAGTGACAAG,8
mux-AGTCACTAGAACCAGA,5
mux-ATCCTGTAAACGTGAT,2
mux-ATCCTGTAACAAGCTA,1
mux-ATCCTGTATTGCTGGA,0
mux-ATCCTGTACTGTAGCC,1
mux-ATCCTGTAAGTACAAG,1
mux-ATCCTGTAAACAACCA,5
mux-ATCCTGTAAACCGAGA,4
mux-ATCCTGTAAACGCTTA,1
mux-ATCCTGTAAAGACGGA,2
mux-ATCCTGTAAAGGTACA,0
mux-ATCCTGTAACACAGAA,1
mux-ATCCTGTAACAGCAGA,12
mux-ATCCTGTAAAACATCG,4
mux-ATCCTGTAACCTCCAA,1
mux-ATCCTGTAACGCTCGA,1
mux-ATCCTGTAACGTATCA,1
mux-ATCCTGTAACTATGCA,15
mux-ATCCTGTAAGAGTCAA,2
mux-ATCCTGTAAGATCGCA,5
mux-ATCCTGTAAGCAGGAA,3
mux-ATCCTGTAAGTCACTA,10
mux-ATCCTGTAATCCTGTA,2
mux-ATCCTGTAATTGAGGA,4
mux-ATCCTGTAATGCCTAA,1
mux-ATCCTGTACAACCACA,3
mux-ATCCTGTAGACTAGTA,6
mux-ATCCTGTACAATGGAA,8
mux-ATCCTGTACACTTCGA,2
mux-ATCCTGTACAGCGTTA,5
mux-ATCCTGTACATACCAA,4
mux-ATCCTGTACCAGTTCA,6
mux-ATCCTGTACCTCCTGA,16
mux-ATCCTGTAAGTGGTCA,7
mux-ATCCTGTACGAACTTA,16
mux-ATCCTGTACGACTGGA,16
mux-ATCCTGTACGCATACA,1
mux-ATCCTGTACTCAATGA,8
mux-ATCCTGTACTGAGCCA,5
mux-ATCCTGTACTGGCATA,4
mux-ATCCTGTAGAATCTGA,5
mux-ATCCTGTACAAGACTA,7
mux-ATCCTGTAGAGCTGAA,3
mux-ATCCTGTAGATAGACA,5
mux-ATCCTGTAACCACTGT,4
mux-ATCCTGTAGCCACATA,5
mux-ATCCTGTAGCGAGTAA,5
mux-ATCCTGTAGCTAACGA,4
mux-ATCCTGTAGCTCGGTA,5
mux-ATCCTGTAGGAGAACA,2
mux-ATCCTGTAGTACGCAA,2
mux-ATCCTGTAGTCGTAGA,5
mux-ATCCTGTAGTCTGTCA,5
mux-ATCCTGTAGTGTTCTA,5
mux-ATCCTGTAACATTGGC,1
mux-ATCCTGTATAGGATGA,5
mux-ATCCTGTATATCAGCA,5
mux-ATCCTGTATCCGTCTA,4
mux-ATCCTGTATCTTCACA,2
mux-ATCCTGTATGAAGAGA,2
mux-ATCCTGTATGGAACAA,2
mux-ATCCTGTATGGCTTCA,2
mux-ATCCTGTATGGTGGTA,6
mux-ATCCTGTATTCACGCA,2
mux-ATCCTGTAAACTCACC,2
mux-ATCCTGTACAGATCTG,1
mux-ATCCTGTAAAGAGATC,2
mux-ATCCTGTAAAGGACAC,3
mux-ATCCTGTAAATCCGTC,2
mux-ATCCTGTAAATGTTGC,2
mux-ATCCTGTAACACGACC,2
mux-ATCCTGTAACAGATTC,2
mux-ATCCTGTAAGATGTAC,2
mux-ATCCTGTAAGCACCTC,2
mux-ATCCTGTAAGCCATGC,2
mux-ATCCTGTAAGGCTAAC,2
mux-ATCCTGTACATCAAGT,1
mux-ATCCTGTAATAGCGAC,3
mux-ATCCTGTAATCATTCC,3
mux-ATCCTGTAATTGGCTC,6
mux-ATCCTGTACAAGGAGC,3
mux-ATCCTGTACACCTTAC,3
mux-ATCCTGTACCATCCTC,7
mux-ATCCTGTACCGACAAC,12
mux-ATCCTGTACCTAATCC,10
mux-ATCCTGTACCTCTATC,0
mux-ATCCTGTACGACACAC,0
mux-ATCCTGTACGCTGATC,1
mux-ATCCTGTACGGATTGC,3
mux-ATCCTGTACTAAGGTC,4
mux-ATCCTGTAGAACAGGC,10
mux-ATCCTGTAGACAGTGC,4
mux-ATCCTGTAGAGTTAGC,4
mux-ATCCTGTAGATGAATC,3
mux-ATCCTGTAGCCAAGAC,11
mux-ATCCTGTACGGAAGAA,13
mux-ATCCTGTAGTGACAAG,3
mux-ATCCTGTAGAACCAGA,0
mux-ATTGAGGAAACGTGAT,10
mux-ATTGAGGAACAAGCTA,5
mux-ATTGAGGATTGCTGGA,5
mux-ATTGAGGACTGTAGCC,1
mux-ATTGAGGAAGTACAAG,1
mux-ATTGAGGAAACAACCA,1
mux-ATTGAGGAAACCGAGA,6
mux-ATTGAGGAAACGCTTA,1
mux-ATTGAGGAAAGACGGA,1
mux-ATTGAGGAAAGGTACA,3
mux-ATTGAGGAACACAGAA,1
mux-ATTGAGGAACAGCAGA,12
mux-ATTGAGGAAAACATCG,12
mux-ATTGAGGAACCTCCAA,2
mux-ATTGAGGAACGCTCGA,1
mux-ATTGAGGAACGTATCA,1
mux-ATTGAGGAACTATGCA,7
mux-ATTGAGGAAGAGTCAA,9
mux-ATTGAGGAAGATCGCA,2
mux-ATTGAGGAAGCAGGAA,4
mux-ATTGAGGAAGTCACTA,5
mux-ATTGAGGAATCCTGTA,3
mux-ATTGAGGAATTGAGGA,3
mux-ATTGAGGAATGCCTAA,13
mux-ATTGAGGACAACCACA,4
mux-ATTGAGGAGACTAGTA,3
mux-ATTGAGGACAATGGAA,4
mux-ATTGAGGACACTTCGA,4
mux-ATTGAGGACAGCGTTA,7
mux-ATTGAGGACATACCAA,4
mux-ATTGAGGAAGTGGTCA,0
mux-ATTGAGGACGAACTTA,16
mux-ATTGAGGACGACTGGA,16
mux-ATTGAGGACGCATACA,16
mux-ATTGAGGACTCAATGA,16
mux-ATTGAGGACTGAGCCA,16
mux-ATTGAGGACTGGCATA,5
mux-ATTGAGGAGAATCTGA,1
mux-ATTGAGGACAAGACTA,11
mux-ATTGAGGAGAGCTGAA,2
mux-ATTGAGGAGATAGACA,5
mux-ATTGAGGAACCACTGT,11
mux-ATTGAGGAGCGAGTAA,2
mux-ATTGAGGAGCTAACGA,5
mux-ATTGAGGAGCTCGGTA,2
mux-ATTGAGGAGGAGAACA,2
mux-ATTGAGGAGGTGCGAA,5
mux-ATTGAGGAGTACGCAA,5
mux-ATTGAGGAGTCGTAGA,2
mux-ATTGAGGAGTCTGTCA,2
mux-ATTGAGGAGTGTTCTA,2
mux-ATTGAGGAACATTGGC,1
mux-ATTGAGGATAGGATGA,2
mux-ATTGAGGATATCAGCA,2
mux-ATTGAGGATCCGTCTA,2
mux-ATTGAGGATCTTCACA,2
mux-ATTGAGGATGAAGAGA,2
mux-ATTGAGGATGGAACAA,2
mux-ATTGAGGATGGCTTCA,8
mux-ATTGAGGATGGTGGTA,8
mux-ATTGAGGATTCACGCA,6
mux-ATTGAGGAAACTCACC,2
mux-ATTGAGGACAGATCTG,1
mux-ATTGAGGAAAGAGATC,2
mux-ATTGAGGAAAGGACAC,6
mux-ATTGAGGAAATCCGTC,2
mux-ATTGAGGAAATGTTGC,2
mux-ATTGAGGAACACGACC,5
mux-ATTGAGGAACAGATTC,13
mux-ATTGAGGAAGATGTAC,0
mux-ATTGAGGAAGCACCTC,0
mux-ATTGAGGAAGCCATGC,9
mux-ATTGAGGAAGGCTAAC,0
mux-ATTGAGGACATCAAGT,1
mux-ATTGAGGAATAGCGAC,5
mux-ATTGAGGAATCATTCC,12
mux-ATTGAGGAATTGGCTC,0
mux-ATTGAGGACAAGGAGC,0
mux-ATTGAGGACACCTTAC,7
mux-ATTGAGGACCATCCTC,3
mux-ATTGAGGACCGACAAC,2
mux-ATTGAGGACCTAATCC,15
mux-ATTGAGGACCTCTATC,3
mux-ATTGAGGACGACACAC,0
mux-ATTGAGGACGCTGATC,12
mux-ATTGAGGACGGATTGC,4
mux-ATTGAGGACTAAGGTC,4
mux-ATTGAGGAGAACAGGC,12
mux-ATTGAGGAGACAGTGC,0
mux-ATTGAGGAGAGTTAGC,2
mux-ATTGAGGAGATGAATC,2
mux-ATTGAGGAGCCAAGAC,12
mux-ATTGAGGACGGAAGAA,2
mux-ATTGAGGAGTGACAAG,10
mux-ATTGAGGAGAACCAGA,0
mux-AAACATCGAACGTGAT,1
mux-AAACATCGACAAGCTA,1
mux-AAACATCGTTGCTGGA,5
mux-AAACATCGCTGTAGCC,15
mux-AAACATCGAGTACAAG,16
mux-AAACATCGAACAACCA,1
mux-AAACATCGAACCGAGA,4
mux-AAACATCGAACGCTTA,7
mux-AAACATCGAAGACGGA,1
mux-AAACATCGAAGGTACA,7
mux-AAACATCGACACAGAA,5
mux-AAACATCGACAGCAGA,2
mux-AAACATCGAAACATCG,5
mux-AAACATCGACCTCCAA,7
mux-AAACATCGACGCTCGA,5
mux-AAACATCGACGTATCA,8
mux-AAACATCGACTATGCA,7
mux-AAACATCGAGAGTCAA,8
mux-AAACATCGAGATCGCA,16
mux-AAACATCGAGCAGGAA,1
mux-AAACATCGAGTCACTA,11
mux-AAACATCGATCCTGTA,1
mux-AAACATCGATTGAGGA,2
mux-AAACATCGATGCCTAA,7
mux-AAACATCGCAACCACA,4
mux-AAACATCGGACTAGTA,10
mux-AAACATCGCAATGGAA,6
mux-AAACATCGCACTTCGA,2
mux-AAACATCGCAGCGTTA,2
mux-AAACATCGCATACCAA,4
mux-AAACATCGCCAGTTCA,2
mux-AAACATCGCCGAAGTA,11
mux-AAACATCGCCGTGAGA,5
mux-AAACATCGCCTCCTGA,5
mux-AAACATCGAGTGGTCA,1
mux-AAACATCGCGAACTTA,5
mux-AAACATCGCGACTGGA,5
mux-AAACATCGCGCATACA,5
mux-AAACATCGCTCAATGA,6
mux-AAACATCGCTGAGCCA,6
mux-AAACATCGCTGGCATA,5
mux-AAACATCGGAATCTGA,2
mux-AAACATCGCAAGACTA,5
mux-AAACATCGGAGCTGAA,2
mux-AAACATCGGATAGACA,8
mux-AAACATCGACCACTGT,1
mux-AAACATCGGCCACATA,2
mux-AAACATCGGCGAGTAA,2
mux-AAACATCGGCTAACGA,2
mux-AAACATCGGCTCGGTA,4
mux-AAACATCGGGAGAACA,4
mux-AAACATCGGGTGCGAA,2
mux-AAACATCGGTACGCAA,3
mux-AAACATCGGTCGTAGA,4
mux-AAACATCGGTCTGTCA,4
mux-AAACATCGGTGTTCTA,3
mux-AAACATCGACATTGGC,1
mux-AAACATCGTAGGATGA,7
mux-AAACATCGTATCAGCA,6
mux-AAACATCGTCCGTCTA,4
mux-AAACATCGTCTTCACA,5
mux-AAACATCGTGAAGAGA,2
mux-AAACATCGTGGAACAA,4
mux-AAACATCGTGGCTTCA,2
mux-AAACATCGTGGTGGTA,4
mux-AAACATCGTTCACGCA,2
mux-AAACATCGAACTCACC,2
mux-AAACATCGCAGATCTG,13
mux-AAACATCGAAGAGATC,3
mux-AAACATCGAAGGACAC,5
mux-AAACATCGAATCCGTC,4
mux-AAACATCGAATGTTGC,12
mux-AAACATCGACACGACC,4
mux-AAACATCGACAGATTC,6
mux-AAACATCGAGATGTAC,8
mux-AAACATCGAGCACCTC,5
mux-AAACATCGAGCCATGC,4
mux-AAACATCGAGGCTAAC,2
mux-AAACATCGCATCAAGT,1
mux-AAACATCGATAGCGAC,4
mux-AAACATCGATCATTCC,2
mux-AAACATCGATTGGCTC,2
mux-AAACATCGCAAGGAGC,7
mux-AAACATCGCACCTTAC,2
mux-AAACATCGCCATCCTC,4
mux-AAACATCGCCGACAAC,2
mux-AAACATCGCCTAATCC,9
mux-AAACATCGCCTCTATC,4
mux-AAACATCGCGACACAC,12
mux-AAACATCGCGCTGATC,13
mux-AAACATCGCGGATTGC,8
mux-AAACATCGCTAAGGTC,4
mux-AAACATCGGAACAGGC,2
mux-AAACATCGGACAGTGC,2
mux-AAACATCGGAGTTAGC,6
mux-AAACATCGGATGAATC,4
mux-AAACATCGGCCAAGAC,6
mux-AAACATCGCGGAAGAA,9
mux-AAACATCGGTGACAAG,3
mux-AAACATCGGAACCAGA,8
mux-CAACCACAAACGTGAT,1
mux-CAACCACAACAAGCTA,1
mux-CAACCACATTGCTGGA,10
mux-CAACCACACTGTAGCC,2
mux-CAACCACAAGTACAAG,11
mux-CAACCACAAACAACCA,1
mux-CAACCACAAACCGAGA,1
mux-CAACCACAAACGCTTA,1
mux-CAACCACAAAGACGGA,5
mux-CAACCACAAAGGTACA,10
mux-CAACCACAACACAGAA,1
mux-CAACCACAACAGCAGA,8
mux-CAACCACAAAACATCG,1
mux-CAACCACAACCTCCAA,1
mux-CAACCACAACGCTCGA,2
mux-CAACCACAACGTATCA,4
mux-CAACCACAACTATGCA,2
mux-CAACCACAAGAGTCAA,7
mux-CAACCACAAGATCGCA,12
mux-CAACCACAAGCAGGAA,3
mux-CAACCACAAGTCACTA,2
mux-CAACCACAATCCTGTA,6
mux-CAACCACAATTGAGGA,9
mux-CAACCACAATGCCTAA,2
mux-CAACCACACAACCACA,13
mux-CAACCACAGACTAGTA,3
mux-CAACCACACAATGGAA,3
mux-CAACCACACACTTCGA,2
mux-CAACCACACAGCGTTA,14
mux-CAACCACACATACCAA,12
mux-CAACCACAAGTGGTCA,9
mux-CAACCACACGAACTTA,16
mux-CAACCACACGACTGGA,16
mux-CAACCACACGCATACA,16
mux-CAACCACACTCAATGA,1
mux-CAACCACACTGAGCCA,16
mux-CAACCACACTGGCATA,16
mux-CAACCACAGAATCTGA,16
mux-CAACCACACAAGACTA,16
mux-CAACCACAGAGCTGAA,8
mux-CAACCACAGATAGACA,16
mux-CAACCACAACCACTGT,3
mux-CAACCACAGCCACATA,16
mux-CAACCACAGCGAGTAA,2
mux-CAACCACAGCTAACGA,2
mux-CAACCACAGCTCGGTA,4
mux-CAACCACAGGAGAACA,2
mux-CAACCACAGGTGCGAA,2
mux-CAACCACAGTACGCAA,2
mux-CAACCACAGTCGTAGA,2
mux-CAACCACAGTCTGTCA,0
mux-CAACCACAGTGTTCTA,9
mux-CAACCACAACATTGGC,1
mux-CAACCACATAGGATGA,0
mux-CAACCACATATCAGCA,0
mux-CAACCACATCCGTCTA,5
mux-CAACCACATCTTCACA,0
mux-CAACCACATGAAGAGA,10
mux-CAACCACATGGAACAA,0
mux-CAACCACATGGCTTCA,4
mux-CAACCACATGGTGGTA,0
mux-CAACCACATTCACGCA,0
mux-CAACCACAAACTCACC,10
mux-CAACCACACAGATCTG,1
mux-CAACCACAAAGAGATC,6
mux-CAACCACAAAGGACAC,2
mux-CAACCACAAATCCGTC,7
mux-CAACCACAAATGTTGC,5
mux-CAACCACAACACGACC,0
mux-CAACCACAACAGATTC,0
mux-CAACCACAAGATGTAC,0
mux-CAACCACAAGCACCTC,7
mux-CAACCACAAGCCATGC,0
mux-CAACCACAAGGCTAAC,0
mux-CAACCACACATCAAGT,2
mux-CAACCACAATAGCGAC,0
mux-CAACCACAATCATTCC,0
mux-CAACCACAATTGGCTC,16
mux-CAACCACACAAGGAGC,0
mux-CAACCACACACCTTAC,0
mux-CAACCACACCATCCTC,0
mux-CAACCACACCGACAAC,0
mux-CAACCACACCTAATCC,11
mux-CAACCACACCTCTATC,12
mux-CAACCACACGACACAC,0
mux-CAACCACACGCTGATC,1
mux-CAACCACACGGATTGC,8
mux-CAACCACACTAAGGTC,5
mux-CAACCACAGAACAGGC,12
mux-CAACCACAGACAGTGC,6
mux-CAACCACAGAGTTAGC,4
mux-CAACCACAGATGAATC,13
mux-CAACCACAGCCAAGAC,6
mux-CAACCACACGGAAGAA,2
mux-CAACCACAGTGACAAG,3
mux-CAACCACAGAACCAGA,5
mux-GACTAGTAAACGTGAT,3
mux-GACTAGTAACAAGCTA,1
mux-GACTAGTATTGCTGGA,0
mux-GACTAGTACTGTAGCC,1
mux-GACTAGTAAGTACAAG,1
mux-GACTAGTAAACAACCA,1
mux-GACTAGTAAACCGAGA,1
mux-GACTAGTAAACGCTTA,1
mux-GACTAGTAAAGACGGA,1
mux-GACTAGTAAAGGTACA,3
mux-GACTAGTAACACAGAA,4
mux-GACTAGTAACAGCAGA,1
mux-GACTAGTAAAACATCG,3
mux-GACTAGTAACCTCCAA,1
mux-GACTAGTAACGCTCGA,9
mux-GACTAGTAACGTATCA,4
mux-GACTAGTAACTATGCA,1
mux-GACTAGTAAGAGTCAA,1
mux-GACTAGTAAGATCGCA,3
mux-GACTAGTAAGCAGGAA,2
mux-GACTAGTAAGTCACTA,2
mux-GACTAGTAATCCTGTA,9
mux-GACTAGTAATTGAGGA,4
mux-GACTAGTAATGCCTAA,3
mux-GACTAGTACAACCACA,4
mux-GACTAGTAGACTAGTA,2
mux-GACTAGTACAATGGAA,2
mux-GACTAGTACACTTCGA,4
mux-GACTAGTACAGCGTTA,1
mux-GACTAGTACATACCAA,16
mux-GACTAGTACCGTGAGA,1
mux-GACTAGTACCTCCTGA,16
mux-GACTAGTAAGTGGTCA,3
mux-GACTAGTACGAACTTA,16
mux-GACTAGTACGACTGGA,6
mux-GACTAGTACGCATACA,1
mux-GACTAGTACTCAATGA,1
mux-GACTAGTACTGAGCCA,4
mux-GACTAGTACTGGCATA,2
mux-GACTAGTAGAATCTGA,2
mux-GACTAGTACAAGACTA,2
mux-GACTAGTAGATAGACA,5
mux-GACTAGTAACCACTGT,1
mux-GACTAGTAGCCACATA,12
mux-GACTAGTAGCGAGTAA,0
mux-GACTAGTAGCTAACGA,0
mux-GACTAGTAGCTCGGTA,16
mux-GACTAGTAGGAGAACA,0
mux-GACTAGTAGGTGCGAA,0
mux-GACTAGTAGTACGCAA,0
mux-GACTAGTAGTCGTAGA,0
mux-GACTAGTAGTCTGTCA,0
mux-GACTAGTAGTGTTCTA,0
mux-GACTAGTAACATTGGC,1
mux-GACTAGTATAGGATGA,0
mux-GACTAGTATATCAGCA,0
mux-GACTAGTATCCGTCTA,0
mux-GACTAGTATCTTCACA,0
mux-GACTAGTATGAAGAGA,5
mux-GACTAGTATGGAACAA,0
mux-GACTAGTATGGCTTCA,0
mux-GACTAGTATGGTGGTA,0
mux-GACTAGTATTCACGCA,0
mux-GACTAGTAAACTCACC,10
mux-GACTAGTACAGATCTG,1
mux-GACTAGTAAAGAGATC,0
mux-GACTAGTAAAGGACAC,0
mux-GACTAGTAAATCCGTC,0
mux-GACTAGTAAATGTTGC,2
mux-GACTAGTAACACGACC,7
mux-GACTAGTAACAGATTC,0
mux-GACTAGTAAGATGTAC,0
mux-GACTAGTAAGCACCTC,0
mux-GACTAGTAAGCCATGC,8
mux-GACTAGTAAGGCTAAC,0
mux-GACTAGTACATCAAGT,4
mux-GACTAGTAATAGCGAC,9
mux-GACTAGTAATCATTCC,0
mux-GACTAGTAATTGGCTC,0
mux-GACTAGTACAAGGAGC,4
mux-GACTAGTACACCTTAC,0
mux-GACTAGTACCATCCTC,0
mux-GACTAGTACCGACAAC,0
mux-GACTAGTACCTAATCC,16
mux-GACTAGTACCTCTATC,0
mux-GACTAGTACGACACAC,0
mux-GACTAGTACGCTGATC,5
mux-GACTAGTACGGATTGC,0
mux-GACTAGTACTAAGGTC,0
mux-GACTAGTAGAACAGGC,4
mux-GACTAGTAGACAGTGC,9
mux-GACTAGTAGAGTTAGC,4
mux-GACTAGTAGATGAATC,12
mux-GACTAGTAGCCAAGAC,2
mux-GACTAGTACGGAAGAA,7
mux-GACTAGTAGTGACAAG,7
mux-GACTAGTAGAACCAGA,0
mux-CAATGGAAAACGTGAT,5
mux-CAATGGAAACAAGCTA,6
mux-CAATGGAATTGCTGGA,0
mux-CAATGGAACTGTAGCC,0
mux-CAATGGAAAGTACAAG,8
mux-CAATGGAAAACAACCA,5
mux-CAATGGAAAACCGAGA,9
mux-CAATGGAAAACGCTTA,2
mux-CAATGGAAAAGACGGA,4
mux-CAATGGAAACACAGAA,8
mux-CAATGGAAACAGCAGA,3
mux-CAATGGAAAAACATCG,6
mux-CAATGGAAACCTCCAA,2
mux-CAATGGAAACGCTCGA,2
mux-CAATGGAAACGTATCA,0
mux-CAATGGAAACTATGCA,1
mux-CAATGGAAAGAGTCAA,6
mux-CAATGGAAAGATCGCA,7
mux-CAATGGAAAGCAGGAA,3
mux-CAATGGAAAGTCACTA,3
mux-CAATGGAAATCCTGTA,3
mux-CAATGGAAATTGAGGA,5
mux-CAATGGAAATGCCTAA,16
mux-CAATGGAACAACCACA,3
mux-CAATGGAAGACTAGTA,2
mux-CAATGGAACAATGGAA,0
mux-CAATGGAACACTTCGA,6
mux-CAATGGAACAGCGTTA,8
mux-CAATGGAACCGTGAGA,3
mux-CAATGGAACCTCCTGA,4
mux-CAATGGAAAGTGGTCA,7
mux-CAATGGAACGAACTTA,4
mux-CAATGGAACGACTGGA,5
mux-CAATGGAACGCATACA,9
mux-CAATGGAACTCAATGA,4
mux-CAATGGAACTGAGCCA,12
mux-CAATGGAACAAGACTA,2
mux-CAATGGAAGAGCTGAA,4
mux-CAATGGAAGATAGACA,7
mux-CAATGGAAACCACTGT,1
mux-CAATGGAAGCCACATA,2
mux-CAATGGAAGCGAGTAA,2
mux-CAATGGAAGCTAACGA,0
mux-CAATGGAAGCTCGGTA,0
mux-CAATGGAAGGAGAACA,0
mux-CAATGGAAGGTGCGAA,6
mux-CAATGGAAGTACGCAA,4
mux-CAATGGAAGTCGTAGA,0
mux-CAATGGAAGTCTGTCA,0
mux-CAATGGAAGTGTTCTA,5
mux-CAATGGAAACATTGGC,2
mux-CAATGGAATAGGATGA,5
mux-CAATGGAATATCAGCA,5
mux-CAATGGAATCCGTCTA,0
mux-CAATGGAATCTTCACA,13
mux-CAATGGAATGAAGAGA,5
mux-CAATGGAATGGAACAA,4
mux-CAATGGAATGGCTTCA,9
mux-CAATGGAATGGTGGTA,7
mux-CAATGGAATTCACGCA,11
mux-CAATGGAAAACTCACC,8
mux-CAATGGAACAGATCTG,3
mux-CAATGGAAAAGAGATC,0
mux-CAATGGAAAAGGACAC,5
mux-CAATGGAAAATCCGTC,0
mux-CAATGGAAAATGTTGC,4
mux-CAATGGAAACACGACC,2
mux-CAATGGAAACAGATTC,6
mux-CAATGGAAAGATGTAC,4
mux-CAATGGAAAGCACCTC,11
mux-CAATGGAAAGCCATGC,3
mux-CAATGGAAAGGCTAAC,0
mux-CAATGGAACATCAAGT,5
mux-CAATGGAAATAGCGAC,6
mux-CAATGGAAATCATTCC,3
mux-CAATGGAAATTGGCTC,3
mux-CAATGGAACAAGGAGC,3
mux-CAATGGAACACCTTAC,2
mux-CAATGGAACCATCCTC,0
mux-CAATGGAACCGACAAC,3
mux-CAATGGAACCTAATCC,1
mux-CAATGGAACCTCTATC,11
mux-CAATGGAACGACACAC,3
mux-CAATGGAACGCTGATC,3
mux-CAATGGAACGGATTGC,3
mux-CAATGGAACTAAGGTC,8
mux-CAATGGAAGAACAGGC,3
mux-CAATGGAAGACAGTGC,7
mux-CAATGGAAGAGTTAGC,4
mux-CAATGGAAGATGAATC,2
mux-CAATGGAAGCCAAGAC,5
mux-CAATGGAACGGAAGAA,0
mux-CAATGGAAGTGACAAG,10
mux-CAATGGAAGAACCAGA,4
mux-CACTTCGAAACGTGAT,7
mux-CACTTCGAACAAGCTA,1
mux-CACTTCGATTGCTGGA,8
mux-CACTTCGACTGTAGCC,14
mux-CACTTCGAAGTACAAG,1
mux-CACTTCGAAACAACCA,1
mux-CACTTCGAAACCGAGA,1
mux-CACTTCGAAACGCTTA,1
mux-CACTTCGAAAGACGGA,1
mux-CACTTCGAAAGGTACA,4
mux-CACTTCGAACACAGAA,1
mux-CACTTCGAACAGCAGA,1
mux-CACTTCGAAAACATCG,1
mux-CACTTCGAACCTCCAA,1
mux-CACTTCGAACGCTCGA,1
mux-CACTTCGAACGTATCA,2
mux-CACTTCGAACTATGCA,2
mux-CACTTCGAAGAGTCAA,14
mux-CACTTCGAAGATCGCA,2
mux-CACTTCGAAGCAGGAA,4
mux-CACTTCGAAGTCACTA,5
mux-CACTTCGAATCCTGTA,8
mux-CACTTCGAATTGAGGA,3
mux-CACTTCGAATGCCTAA,1
mux-CACTTCGACAACCACA,4
mux-CACTTCGAGACTAGTA,8
mux-CACTTCGACAATGGAA,4
mux-CACTTCGACACTTCGA,4
mux-CACTTCGACAGCGTTA,5
mux-CACTTCGACATACCAA,16
mux-CACTTCGACCGTGAGA,4
mux-CACTTCGACCTCCTGA,2
mux-CACTTCGAAGTGGTCA,2
mux-CACTTCGACGAACTTA,2
mux-CACTTCGACGACTGGA,2
mux-CACTTCGACGCATACA,4
mux-CACTTCGACTGAGCCA,0
mux-CACTTCGACTGGCATA,0
mux-CACTTCGAGAATCTGA,0
mux-CACTTCGACAAGACTA,0
mux-CACTTCGAGAGCTGAA,0
mux-CACTTCGAGATAGACA,0
mux-CACTTCGAACCACTGT,1
mux-CACTTCGAGCCACATA,0
mux-CACTTCGAGCGAGTAA,0
mux-CACTTCGAGCTAACGA,0
mux-CACTTCGAGCTCGGTA,0
mux-CACTTCGAGGAGAACA,0
mux-CACTTCGAGGTGCGAA,0
mux-CACTTCGAGTACGCAA,0
mux-CACTTCGAGTCGTAGA,0
mux-CACTTCGAGTCTGTCA,0
mux-CACTTCGAGTGTTCTA,11
mux-CACTTCGAACATTGGC,1
mux-CACTTCGATAGGATGA,0
mux-CACTTCGATATCAGCA,0
mux-CACTTCGATCCGTCTA,0
mux-CACTTCGATCTTCACA,0
mux-CACTTCGATGAAGAGA,0
mux-CACTTCGATGGAACAA,0
mux-CACTTCGATGGCTTCA,0
mux-CACTTCGATGGTGGTA,9
mux-CACTTCGATTCACGCA,0
mux-CACTTCGAAACTCACC,4
mux-CACTTCGACAGATCTG,9
mux-CACTTCGAAAGAGATC,0
mux-CACTTCGAAAGGACAC,7
mux-CACTTCGAAATCCGTC,10
mux-CACTTCGAAATGTTGC,0
mux-CACTTCGAACACGACC,2
mux-CACTTCGAACAGATTC,0
mux-CACTTCGAAGATGTAC,2
mux-CACTTCGAAGCACCTC,4
mux-CACTTCGAAGCCATGC,12
mux-CACTTCGAAGGCTAAC,0
mux-CACTTCGACATCAAGT,1
mux-CACTTCGAATAGCGAC,0
mux-CACTTCGAATCATTCC,0
mux-CACTTCGAATTGGCTC,0
mux-CACTTCGACAAGGAGC,4
mux-CACTTCGACACCTTAC,0
mux-CACTTCGACCATCCTC,0
mux-CACTTCGACCGACAAC,3
mux-CACTTCGACCTAATCC,2
mux-CACTTCGACCTCTATC,0
mux-CACTTCGACGACACAC,0
mux-CACTTCGACGCTGATC,4
mux-CACTTCGACGGATTGC,8
mux-CACTTCGACTAAGGTC,8
mux-CACTTCGAGAACAGGC,6
mux-CACTTCGAGACAGTGC,0
mux-CACTTCGAGAGTTAGC,0
mux-CACTTCGAGATGAATC,0
mux-CACTTCGAGCCAAGAC,0
mux-CACTTCGACGGAAGAA,5
mux-CACTTCGAGTGACAAG,0
mux-CACTTCGAGAACCAGA,5
mux-CAGCGTTAAACGTGAT,1
mux-CAGCGTTAACAAGCTA,6
mux-CAGCGTTATTGCTGGA,11
mux-CAGCGTTACTGTAGCC,1
mux-CAGCGTTAAGTACAAG,1
mux-CAGCGTTAAACAACCA,8
mux-CAGCGTTAAACCGAGA,1
mux-CAGCGTTAAACGCTTA,1
mux-CAGCGTTAAAGGTACA,4
mux-CAGCGTTAACACAGAA,10
mux-CAGCGTTAACAGCAGA,1
mux-CAGCGTTAAAACATCG,12
mux-CAGCGTTAACCTCCAA,1
mux-CAGCGTTAACGCTCGA,1
mux-CAGCGTTAACGTATCA,3
mux-CAGCGTTAACTATGCA,5
mux-CAGCGTTAAGAGTCAA,7
mux-CAGCGTTAAGATCGCA,9
mux-CAGCGTTAAGCAGGAA,6
mux-CAGCGTTAAGTCACTA,2
mux-CAGCGTTAATCCTGTA,5
mux-CAGCGTTAATTGAGGA,10
mux-CAGCGTTAATGCCTAA,1
mux-CAGCGTTACAACCACA,4
mux-CAGCGTTAGACTAGTA,6
mux-CAGCGTTACAATGGAA,2
mux-CAGCGTTACACTTCGA,4
mux-CAGCGTTACAGCGTTA,6
mux-CAGCGTTACATACCAA,16
mux-CAGCGTTACCAGTTCA,4
mux-CAGCGTTACCTCCTGA,12
mux-CAGCGTTAAGTGGTCA,0
mux-CAGCGTTACGAACTTA,11
mux-CAGCGTTACGACTGGA,3
mux-CAGCGTTACGCATACA,3
mux-CAGCGTTACTGAGCCA,4
mux-CAGCGTTACTGGCATA,0
mux-CAGCGTTAGAATCTGA,0
mux-CAGCGTTACAAGACTA,0
mux-CAGCGTTAGAGCTGAA,0
mux-CAGCGTTAGATAGACA,9
mux-CAGCGTTAACCACTGT,1
mux-CAGCGTTAGCCACATA,0
mux-CAGCGTTAGCGAGTAA,0
mux-CAGCGTTAGCTAACGA,4
mux-CAGCGTTAGCTCGGTA,0
mux-CAGCGTTAGGAGAACA,0
mux-CAGCGTTAGGTGCGAA,0
mux-CAGCGTTAGTACGCAA,0
mux-CAGCGTTAGTCGTAGA,0
mux-CAGCGTTAGTCTGTCA,0
mux-CAGCGTTAGTGTTCTA,0
mux-CAGCGTTAACATTGGC,1
mux-CAGCGTTATAGGATGA,14
mux-CAGCGTTATATCAGCA,0
mux-CAGCGTTATCCGTCTA,0
mux-CAGCGTTATCTTCACA,3
mux-CAGCGTTATGAAGAGA,0
mux-CAGCGTTATGGAACAA,0
mux-CAGCGTTATGGCTTCA,0
mux-CAGCGTTATGGTGGTA,0
mux-CAGCGTTATTCACGCA,0
mux-CAGCGTTAAACTCACC,11
mux-CAGCGTTACAGATCTG,1
mux-CAGCGTTAAAGAGATC,13
mux-CAGCGTTAAAGGACAC,0
mux-CAGCGTTAAATCCGTC,6
mux-CAGCGTTAAATGTTGC,5
mux-CAGCGTTAACACGACC,10
mux-CAGCGTTAACAGATTC,0
mux-CAGCGTTAAGATGTAC,11
mux-CAGCGTTAAGCACCTC,2
mux-CAGCGTTAAGCCATGC,6
mux-CAGCGTTAAGGCTAAC,9
mux-CAGCGTTACATCAAGT,8
mux-CAGCGTTAATAGCGAC,0
mux-CAGCGTTAATCATTCC,0
mux-CAGCGTTAATTGGCTC,12
mux-CAGCGTTACAAGGAGC,6
mux-CAGCGTTACACCTTAC,12
mux-CAGCGTTACCATCCTC,0
mux-CAGCGTTACCGACAAC,7
mux-CAGCGTTACCTAATCC,0
mux-CAGCGTTACCTCTATC,0
mux-CAGCGTTACGACACAC,0
mux-CAGCGTTACGCTGATC,4
mux-CAGCGTTACGGATTGC,3
mux-CAGCGTTACTAAGGTC,0
mux-CAGCGTTAGAACAGGC,5
mux-CAGCGTTAGACAGTGC,5
mux-CAGCGTTAGAGTTAGC,0
mux-CAGCGTTAGATGAATC,0
mux-CAGCGTTAGCCAAGAC,11
mux-CAGCGTTACGGAAGAA,0
mux-CAGCGTTAGTGACAAG,8
mux-CAGCGTTAGAACCAGA,5
mux-CATACCAAAACGTGAT,2
mux-CATACCAAACAAGCTA,10
mux-CATACCAATTGCTGGA,0
mux-CATACCAACTGTAGCC,1
mux-CATACCAAAACAACCA,1
mux-CATACCAAAACCGAGA,1
mux-CATACCAAAACGCTTA,1
mux-CATACCAAAAGACGGA,1
mux-CATACCAAAAGGTACA,4
mux-CATACCAAACACAGAA,8
mux-CATACCAAACAGCAGA,2
mux-CATACCAAAAACATCG,0
mux-CATACCAAACCTCCAA,8
mux-CATACCAAACGCTCGA,1
mux-CATACCAAACGTATCA,1
mux-CATACCAAACTATGCA,1
mux-CATACCAAAGAGTCAA,6
mux-CATACCAAAGATCGCA,7
mux-CATACCAAAGCAGGAA,0
mux-CATACCAAAGTCACTA,1
mux-CATACCAAATCCTGTA,3
mux-CATACCAAATTGAGGA,13
mux-CATACCAAATGCCTAA,1
mux-CATACCAACAACCACA,3
mux-CATACCAAGACTAGTA,2
mux-CATACCAACAATGGAA,11
mux-CATACCAACACTTCGA,5
mux-CATACCAACAGCGTTA,13
mux-CATACCAACATACCAA,3
mux-CATACCAACCAGTTCA,0
mux-CATACCAACCGTGAGA,5
mux-CATACCAACCTCCTGA,0
mux-CATACCAAAGTGGTCA,0
mux-CATACCAACGAACTTA,4
mux-CATACCAACGACTGGA,2
mux-CATACCAACGCATACA,2
mux-CATACCAACTCAATGA,2
mux-CATACCAACTGAGCCA,0
mux-CATACCAACTGGCATA,0
mux-CATACCAAGAATCTGA,0
mux-CATACCAACAAGACTA,0
mux-CATACCAAGAGCTGAA,0
mux-CATACCAAGATAGACA,0
mux-CATACCAAACCACTGT,1
mux-CATACCAAGCCACATA,0
mux-CATACCAAGCGAGTAA,0
mux-CATACCAAGCTAACGA,0
mux-CATACCAAGCTCGGTA,0
mux-CATACCAAGGAGAACA,11
mux-CATACCAAGGTGCGAA,0
mux-CATACCAAGTACGCAA,0
mux-CATACCAAGTCGTAGA,3
mux-CATACCAAGTCTGTCA,0
mux-CATACCAAGTGTTCTA,0
mux-CATACCAAACATTGGC,1
mux-CATACCAATAGGATGA,0
mux-CATACCAATATCAGCA,0
mux-CATACCAATCCGTCTA,0
mux-CATACCAATCTTCACA,3
mux-CATACCAATGAAGAGA,13
mux-CATACCAATGGAACAA,6
mux-CATACCAATGGCTTCA,6
mux-CATACCAATGGTGGTA,0
mux-CATACCAATTCACGCA,11
mux-CATACCAAAACTCACC,9
mux-CATACCAACAGATCTG,10
mux-CATACCAAAAGAGATC,0
mux-CATACCAAAAGGACAC,4
mux-CATACCAAAATCCGTC,0
mux-CATACCAAAATGTTGC,10
mux-CATACCAAACACGACC,15
mux-CATACCAAACAGATTC,0
mux-CATACCAAAGATGTAC,0
mux-CATACCAAAGCACCTC,4
mux-CATACCAAAGCCATGC,3
mux-CATACCAAAGGCTAAC,3
mux-CATACCAACATCAAGT,3
mux-CATACCAAATAGCGAC,5
mux-CATACCAAATCATTCC,10
mux-CATACCAAATTGGCTC,0
mux-CATACCAACAAGGAGC,4
mux-CATACCAACACCTTAC,9
mux-CATACCAACCATCCTC,0
mux-CATACCAACCGACAAC,0
mux-CATACCAACCTAATCC,4
mux-CATACCAACCTCTATC,0
mux-CATACCAACGACACAC,0
mux-CATACCAACGCTGATC,2
mux-CATACCAACGGATTGC,3
mux-CATACCAACTAAGGTC,13
mux-CATACCAAGAACAGGC,2
mux-CATACCAAGACAGTGC,0
mux-CATACCAAGAGTTAGC,0
mux-CATACCAAGATGAATC,10
mux-CATACCAAGCCAAGAC,0
mux-CATACCAACGGAAGAA,0
mux-CATACCAAGTGACAAG,6
mux-CATACCAAGAACCAGA,3
mux-CCAGTTCAAACGTGAT,3
mux-CCAGTTCAACAAGCTA,1
mux-CCAGTTCATTGCTGGA,0
mux-CCAGTTCACTGTAGCC,1
mux-CCAGTTCAAGTACAAG,1
mux-CCAGTTCAAACAACCA,1
mux-CCAGTTCAAACCGAGA,2
mux-CCAGTTCAAACGCTTA,1
mux-CCAGTTCAAAGACGGA,1
mux-CCAGTTCAAAGGTACA,1
mux-CCAGTTCAACACAGAA,1
mux-CCAGTTCAACAGCAGA,2
mux-CCAGTTCAAAACATCG,5
mux-CCAGTTCAACCTCCAA,1
mux-CCAGTTCAACGCTCGA,6
mux-CCAGTTCAACGTATCA,9
mux-CCAGTTCAACTATGCA,1
mux-CCAGTTCAAGAGTCAA,1
mux-CCAGTTCAAGATCGCA,5
mux-CCAGTTCAAGCAGGAA,0
mux-CCAGTTCAAGTCACTA,4
mux-CCAGTTCAATCCTGTA,4
mux-CCAGTTCAATTGAGGA,2
mux-CCAGTTCAATGCCTAA,1
mux-CCAGTTCACAACCACA,4
mux-CCAGTTCAGACTAGTA,2
mux-CCAGTTCACAATGGAA,4
mux-CCAGTTCACACTTCGA,11
mux-CCAGTTCACAGCGTTA,2
mux-CCAGTTCACATACCAA,6
mux-CCAGTTCACCAGTTCA,1
mux-CCAGTTCACCGTGAGA,8
mux-CCAGTTCACCTCCTGA,2
mux-CCAGTTCAAGTGGTCA,8
mux-CCAGTTCACGAACTTA,12
mux-CCAGTTCACGACTGGA,10
mux-CCAGTTCACGCATACA,0
mux-CCAGTTCACTCAATGA,0
mux-CCAGTTCACTGAGCCA,0
mux-CCAGTTCACTGGCATA,0
mux-CCAGTTCAGAATCTGA,0
mux-CCAGTTCACAAGACTA,0
mux-CCAGTTCAGAGCTGAA,0
mux-CCAGTTCAGATAGACA,0
mux-CCAGTTCAACCACTGT,8
mux-CCAGTTCAGCCACATA,0
mux-CCAGTTCAGCGAGTAA,0
mux-CCAGTTCAGCTAACGA,0
mux-CCAGTTCAGCTCGGTA,0
mux-CCAGTTCAGGAGAACA,0
mux-CCAGTTCAGGTGCGAA,0
mux-CCAGTTCAGTACGCAA,0
mux-CCAGTTCAGTCGTAGA,0
mux-CCAGTTCAGTCTGTCA,0
mux-CCAGTTCAGTGTTCTA,0
mux-CCAGTTCAACATTGGC,1
mux-CCAGTTCATAGGATGA,0
mux-CCAGTTCATATCAGCA,3
mux-CCAGTTCATCCGTCTA,0
mux-CCAGTTCATCTTCACA,0
mux-CCAGTTCATGAAGAGA,0
mux-CCAGTTCATGGAACAA,0
mux-CCAGTTCATGGCTTCA,0
mux-CCAGTTCATGGTGGTA,2
mux-CCAGTTCATTCACGCA,0
mux-CCAGTTCAAACTCACC,3
mux-CCAGTTCACAGATCTG,1
mux-CCAGTTCAAAGAGATC,6
mux-CCAGTTCAAAGGACAC,0
mux-CCAGTTCAAATCCGTC,0
mux-CCAGTTCAAATGTTGC,8
mux-CCAGTTCAACACGACC,8
mux-CCAGTTCAACAGATTC,4
mux-CCAGTTCAAGATGTAC,0
mux-CCAGTTCAAGCACCTC,2
mux-CCAGTTCAAGCCATGC,0
mux-CCAGTTCAAGGCTAAC,11
mux-CCAGTTCACATCAAGT,1
mux-CCAGTTCAATAGCGAC,0
mux-CCAGTTCAATCATTCC,15
mux-CCAGTTCAATTGGCTC,3
mux-CCAGTTCACAAGGAGC,0
mux-CCAGTTCACACCTTAC,0
mux-CCAGTTCACCATCCTC,0
mux-CCAGTTCACCGACAAC,11
mux-CCAGTTCACCTAATCC,2
mux-CCAGTTCACCTCTATC,0
mux-CCAGTTCACGACACAC,7
mux-CCAGTTCACGCTGATC,1
mux-CCAGTTCACGGATTGC,12
mux-CCAGTTCACTAAGGTC,8
mux-CCAGTTCAGAACAGGC,7
mux-CCAGTTCAGACAGTGC,0
mux-CCAGTTCAGAGTTAGC,0
mux-CCAGTTCAGATGAATC,0
mux-CCAGTTCAGCCAAGAC,0
mux-CCAGTTCACGGAAGAA,0
mux-CCAGTTCAGTGACAAG,4
mux-CCAGTTCAGAACCAGA,0
mux-CCGAAGTAAACGTGAT,9
mux-CCGAAGTAACAAGCTA,1
mux-CCGAAGTATTGCTGGA,0
mux-CCGAAGTACTGTAGCC,4
mux-CCGAAGTAAGTACAAG,1
mux-CCGAAGTAAACAACCA,1
mux-CCGAAGTAAACCGAGA,1
mux-CCGAAGTAAACGCTTA,1
mux-CCGAAGTAAAGGTACA,1
mux-CCGAAGTAACACAGAA,1
mux-CCGAAGTAACAGCAGA,1
mux-CCGAAGTAAAACATCG,5
mux-CCGAAGTAACCTCCAA,7
mux-CCGAAGTAACGCTCGA,1
mux-CCGAAGTAACGTATCA,8
mux-CCGAAGTAACTATGCA,14
mux-CCGAAGTAAGAGTCAA,4
mux-CCGAAGTAAGATCGCA,3
mux-CCGAAGTAAGCAGGAA,6
mux-CCGAAGTAAGTCACTA,1
mux-CCGAAGTAATCCTGTA,3
mux-CCGAAGTAATTGAGGA,4
mux-CCGAAGTAATGCCTAA,8
mux-CCGAAGTACAACCACA,14
mux-CCGAAGTAGACTAGTA,8
mux-CCGAAGTACAATGGAA,6
mux-CCGAAGTACACTTCGA,4
mux-CCGAAGTACAGCGTTA,11
mux-CCGAAGTACCAGTTCA,4
mux-CCGAAGTACCGTGAGA,15
mux-CCGAAGTACCTCCTGA,10
mux-CCGAAGTAAGTGGTCA,8
mux-CCGAAGTACGAACTTA,10
mux-CCGAAGTACGACTGGA,4
mux-CCGAAGTACGCATACA,0
mux-CCGAAGTACTCAATGA,0
mux-CCGAAGTACTGAGCCA,0
mux-CCGAAGTACTGGCATA,0
mux-CCGAAGTAGAATCTGA,0
mux-CCGAAGTACAAGACTA,0
mux-CCGAAGTAGAGCTGAA,7
mux-CCGAAGTAGATAGACA,4
mux-CCGAAGTAACCACTGT,1
mux-CCGAAGTAGCCACATA,0
mux-CCGAAGTAGCGAGTAA,0
mux-CCGAAGTAGCTAACGA,0
mux-CCGAAGTAGCTCGGTA,0
mux-CCGAAGTAGGAGAACA,0
mux-CCGAAGTAGGTGCGAA,0
mux-CCGAAGTAGTACGCAA,0
mux-CCGAAGTAGTCGTAGA,0
mux-CCGAAGTAGTCTGTCA,4
mux-CCGAAGTAGTGTTCTA,0
mux-CCGAAGTAACATTGGC,13
mux-CCGAAGTATAGGATGA,0
mux-CCGAAGTATATCAGCA,12
mux-CCGAAGTATCCGTCTA,8
mux-CCGAAGTATCTTCACA,10
mux-CCGAAGTATGAAGAGA,6
mux-CCGAAGTATGGAACAA,14
mux-CCGAAGTATGGCTTCA,8
mux-CCGAAGTATGGTGGTA,12
mux-CCGAAGTATTCACGCA,0
mux-CCGAAGTAAACTCACC,0
mux-CCGAAGTACAGATCTG,6
mux-CCGAAGTAAAGAGATC,4
mux-CCGAAGTAAAGGACAC,6
mux-CCGAAGTAAATCCGTC,6
mux-CCGAAGTAAATGTTGC,1
mux-CCGAAGTAACACGACC,0
mux-CCGAAGTAACAGATTC,6
mux-CCGAAGTAAGATGTAC,0
mux-CCGAAGTAAGCACCTC,0
mux-CCGAAGTAAGCCATGC,0
mux-CCGAAGTAAGGCTAAC,0
mux-CCGAAGTACATCAAGT,1
mux-CCGAAGTAATAGCGAC,3
mux-CCGAAGTAATCATTCC,5
mux-CCGAAGTAATTGGCTC,9
mux-CCGAAGTACAAGGAGC,8
mux-CCGAAGTACACCTTAC,0
mux-CCGAAGTACCATCCTC,0
mux-CCGAAGTACCGACAAC,0
mux-CCGAAGTACCTAATCC,0
mux-CCGAAGTACCTCTATC,0
mux-CCGAAGTACGACACAC,0
mux-CCGAAGTACGCTGATC,1
mux-CCGAAGTACGGATTGC,0
mux-CCGAAGTACTAAGGTC,0
mux-CCGAAGTAGAACAGGC,0
mux-CCGAAGTAGACAGTGC,0
mux-CCGAAGTAGAGTTAGC,0
mux-CCGAAGTAGATGAATC,1
mux-CCGAAGTAGCCAAGAC,0
mux-CCGAAGTACGGAAGAA,0
mux-CCGAAGTAGTGACAAG,3
mux-CCGAAGTAGAACCAGA,5
mux-CCGTGAGAAACGTGAT,2
mux-CCGTGAGAACAAGCTA,3
mux-CCGTGAGATTGCTGGA,0
mux-CCGTGAGACTGTAGCC,1
mux-CCGTGAGAAACAACCA,12
mux-CCGTGAGAAACCGAGA,1
mux-CCGTGAGAAACGCTTA,1
mux-CCGTGAGAAAGACGGA,12
mux-CCGTGAGAAAGGTACA,1
mux-CCGTGAGAACACAGAA,1
mux-CCGTGAGAACAGCAGA,1
mux-CCGTGAGAAAACATCG,3
mux-CCGTGAGAACCTCCAA,7
mux-CCGTGAGAACGCTCGA,2
mux-CCGTGAGAACGTATCA,8
mux-CCGTGAGAACTATGCA,1
mux-CCGTGAGAAGAGTCAA,9
mux-CCGTGAGAAGATCGCA,5
mux-CCGTGAGAAGCAGGAA,12
mux-CCGTGAGAAGTCACTA,3
mux-CCGTGAGAATCCTGTA,4
mux-CCGTGAGAATTGAGGA,2
mux-CCGTGAGAATGCCTAA,3
mux-CCGTGAGACAACCACA,3
mux-CCGTGAGAGACTAGTA,2
mux-CCGTGAGACAATGGAA,3
mux-CCGTGAGACACTTCGA,2
mux-CCGTGAGACAGCGTTA,1
mux-CCGTGAGACATACCAA,11
mux-CCGTGAGACCAGTTCA,3
mux-CCGTGAGACCGAAGTA,2
mux-CCGTGAGACCGTGAGA,0
mux-CCGTGAGACCTCCTGA,0
mux-CCGTGAGAAGTGGTCA,4
mux-CCGTGAGACGAACTTA,0
mux-CCGTGAGACGACTGGA,0
mux-CCGTGAGACGCATACA,2
mux-CCGTGAGACTCAATGA,0
mux-CCGTGAGACTGAGCCA,0
mux-CCGTGAGACTGGCATA,0
mux-CCGTGAGAGAATCTGA,0
mux-CCGTGAGACAAGACTA,0
mux-CCGTGAGAGAGCTGAA,0
mux-CCGTGAGAGATAGACA,0
mux-CCGTGAGAACCACTGT,1
mux-CCGTGAGAGCCACATA,0
mux-CCGTGAGAGCGAGTAA,0
mux-CCGTGAGAGCTAACGA,0
mux-CCGTGAGAGCTCGGTA,0
mux-CCGTGAGAGGAGAACA,8
mux-CCGTGAGAGGTGCGAA,11
mux-CCGTGAGAGTACGCAA,0
mux-CCGTGAGAGTCGTAGA,0
mux-CCGTGAGAGTCTGTCA,4
mux-CCGTGAGAGTGTTCTA,2
mux-CCGTGAGAACATTGGC,1
mux-CCGTGAGATAGGATGA,5
mux-CCGTGAGATATCAGCA,0
mux-CCGTGAGATCCGTCTA,0
mux-CCGTGAGATCTTCACA,3
mux-CCGTGAGATGAAGAGA,4
mux-CCGTGAGATGGAACAA,5
mux-CCGTGAGATGGCTTCA,0
mux-CCGTGAGATGGTGGTA,3
mux-CCGTGAGATTCACGCA,0
mux-CCGTGAGAAACTCACC,2
mux-CCGTGAGACAGATCTG,1
mux-CCGTGAGAAAGAGATC,0
mux-CCGTGAGAAAGGACAC,3
mux-CCGTGAGAAATCCGTC,0
mux-CCGTGAGAAATGTTGC,2
mux-CCGTGAGAACACGACC,6
mux-CCGTGAGAACAGATTC,0
mux-CCGTGAGAAGATGTAC,0
mux-CCGTGAGAAGCACCTC,3
mux-CCGTGAGAAGCCATGC,10
mux-CCGTGAGAAGGCTAAC,0
mux-CCGTGAGACATCAAGT,1
mux-CCGTGAGAATAGCGAC,0
mux-CCGTGAGAATCATTCC,0
mux-CCGTGAGAATTGGCTC,12
mux-CCGTGAGACAAGGAGC,0
mux-CCGTGAGACACCTTAC,0
mux-CCGTGAGACCATCCTC,0
mux-CCGTGAGACCGACAAC,0
mux-CCGTGAGACCTAATCC,0
mux-CCGTGAGACCTCTATC,0
mux-CCGTGAGACGACACAC,0
mux-CCGTGAGACGCTGATC,1
mux-CCGTGAGACGGATTGC,0
mux-CCGTGAGACTAAGGTC,0
mux-CCGTGAGAGAACAGGC,0
mux-CCGTGAGAGACAGTGC,1
mux-CCGTGAGAGAGTTAGC,5
mux-CCGTGAGAGATGAATC,0
mux-CCGTGAGAGCCAAGAC,0
mux-CCGTGAGACGGAAGAA,0
mux-CCGTGAGAGTGACAAG,1
mux-CCGTGAGAGAACCAGA,0
mux-CCTCCTGAAACGTGAT,5
mux-CCTCCTGAACAAGCTA,1
mux-CCTCCTGATTGCTGGA,0
mux-CCTCCTGACTGTAGCC,1
mux-CCTCCTGAAGTACAAG,4
mux-CCTCCTGAAACAACCA,1
mux-CCTCCTGAAACCGAGA,1
mux-CCTCCTGAAACGCTTA,1
mux-CCTCCTGAAAGACGGA,1
mux-CCTCCTGAAAGGTACA,3
mux-CCTCCTGAACACAGAA,14
mux-CCTCCTGAACAGCAGA,1
mux-CCTCCTGAAAACATCG,11
mux-CCTCCTGAACCTCCAA,11
mux-CCTCCTGAACGCTCGA,2
mux-CCTCCTGAACGTATCA,7
mux-CCTCCTGAACTATGCA,6
mux-CCTCCTGAAGAGTCAA,3
mux-CCTCCTGAAGATCGCA,4
mux-CCTCCTGAAGCAGGAA,2
mux-CCTCCTGAAGTCACTA,2
mux-CCTCCTGAATCCTGTA,2
mux-CCTCCTGAATTGAGGA,2
mux-CCTCCTGAATGCCTAA,1
mux-CCTCCTGACAACCACA,2
mux-CCTCCTGAGACTAGTA,2
mux-CCTCCTGACAATGGAA,2
mux-CCTCCTGACACTTCGA,4
mux-CCTCCTGACAGCGTTA,13
mux-CCTCCTGACATACCAA,6
mux-CCTCCTGACCAGTTCA,2
mux-CCTCCTGACCGAAGTA,2
mux-CCTCCTGACCGTGAGA,0
mux-CCTCCTGACCTCCTGA,0
mux-CCTCCTGAAGTGGTCA,1
mux-CCTCCTGACGAACTTA,0
mux-CCTCCTGACGACTGGA,0
mux-CCTCCTGACGCATACA,0
mux-CCTCCTGACTCAATGA,0
mux-CCTCCTGACTGAGCCA,3
mux-CCTCCTGACTGGCATA,10
mux-CCTCCTGAGAATCTGA,0
mux-CCTCCTGACAAGACTA,0
mux-CCTCCTGAGAGCTGAA,0
mux-CCTCCTGAGATAGACA,0
mux-CCTCCTGAACCACTGT,1
mux-CCTCCTGAGCCACATA,0
mux-CCTCCTGAGCGAGTAA,0
mux-CCTCCTGAGCTAACGA,0
mux-CCTCCTGAGCTCGGTA,0
mux-CCTCCTGAGGAGAACA,4
mux-CCTCCTGAGGTGCGAA,4
mux-CCTCCTGAGTACGCAA,2
mux-CCTCCTGAGTCGTAGA,11
mux-CCTCCTGAGTCTGTCA,2
mux-CCTCCTGAGTGTTCTA,4
mux-CCTCCTGAACATTGGC,1
mux-CCTCCTGATAGGATGA,0
mux-CCTCCTGATATCAGCA,0
mux-CCTCCTGATCCGTCTA,0
mux-CCTCCTGATCTTCACA,0
mux-CCTCCTGATGAAGAGA,0
mux-CCTCCTGATGGAACAA,7
mux-CCTCCTGATGGCTTCA,0
mux-CCTCCTGATGGTGGTA,3
mux-CCTCCTGATTCACGCA,4
mux-CCTCCTGAAACTCACC,9
mux-CCTCCTGACAGATCTG,1
mux-CCTCCTGAAAGAGATC,3
mux-CCTCCTGAAAGGACAC,0
mux-CCTCCTGAAATCCGTC,0
mux-CCTCCTGAAATGTTGC,11
mux-CCTCCTGAACACGACC,0
mux-CCTCCTGAACAGATTC,0
mux-CCTCCTGAAGATGTAC,0
mux-CCTCCTGAAGCACCTC,0
mux-CCTCCTGAAGCCATGC,11
mux-CCTCCTGAAGGCTAAC,6
mux-CCTCCTGACATCAAGT,1
mux-CCTCCTGAATAGCGAC,2
mux-CCTCCTGAATCATTCC,0
mux-CCTCCTGAATTGGCTC,0
mux-CCTCCTGACAAGGAGC,0
mux-CCTCCTGACACCTTAC,0
mux-CCTCCTGACCATCCTC,0
mux-CCTCCTGACCGACAAC,0
mux-CCTCCTGACCTAATCC,4
mux-CCTCCTGACCTCTATC,0
mux-CCTCCTGACGACACAC,0
mux-CCTCCTGACGCTGATC,1
mux-CCTCCTGACGGATTGC,0
mux-CCTCCTGACTAAGGTC,0
mux-CCTCCTGAGAACAGGC,5
mux-CCTCCTGAGACAGTGC,10
mux-CCTCCTGAGAGTTAGC,0
mux-CCTCCTGAGATGAATC,5
mux-CCTCCTGAGCCAAGAC,0
mux-CCTCCTGACGGAAGAA,0
mux-CCTCCTGAGTGACAAG,0
mux-CCTCCTGAGAACCAGA,0
mux-ATGCCTAAAACGTGAT,1
mux-ATGCCTAAACAAGCTA,8
mux-ATGCCTAATTGCTGGA,4
mux-ATGCCTAACTGTAGCC,13
mux-ATGCCTAAAGTACAAG,16
mux-ATGCCTAAAACAACCA,4
mux-ATGCCTAAAACCGAGA,5
mux-ATGCCTAAAACGCTTA,10
mux-ATGCCTAAAAGACGGA,4
mux-ATGCCTAAAAGGTACA,3
mux-ATGCCTAAACACAGAA,2
mux-ATGCCTAAACAGCAGA,3
mux-ATGCCTAAAAACATCG,3
mux-ATGCCTAAACCTCCAA,2
mux-ATGCCTAAACGCTCGA,2
mux-ATGCCTAAACGTATCA,3
mux-ATGCCTAAACTATGCA,12
mux-ATGCCTAAAGAGTCAA,5
mux-ATGCCTAAAGATCGCA,4
mux-ATGCCTAAAGCAGGAA,5
mux-ATGCCTAAAGTCACTA,4
mux-ATGCCTAAATCCTGTA,8
mux-ATGCCTAAATTGAGGA,3
mux-ATGCCTAAATGCCTAA,1
mux-ATGCCTAACAACCACA,6
mux-ATGCCTAAGACTAGTA,4
mux-ATGCCTAACAATGGAA,5
mux-ATGCCTAACACTTCGA,3
mux-ATGCCTAACAGCGTTA,3
mux-ATGCCTAACATACCAA,5
mux-ATGCCTAACCGAAGTA,2
mux-ATGCCTAACCGTGAGA,2
mux-ATGCCTAACCTCCTGA,12
mux-ATGCCTAAAGTGGTCA,2
mux-ATGCCTAACGAACTTA,14
mux-ATGCCTAACGACTGGA,4
mux-ATGCCTAACGCATACA,5
mux-ATGCCTAACTCAATGA,5
mux-ATGCCTAACTGAGCCA,2
mux-ATGCCTAACTGGCATA,2
mux-ATGCCTAAGAATCTGA,11
mux-ATGCCTAACAAGACTA,4
mux-ATGCCTAAGAGCTGAA,6
mux-ATGCCTAAGATAGACA,7
mux-ATGCCTAAACCACTGT,1
mux-ATGCCTAAGCCACATA,2
mux-ATGCCTAAGCGAGTAA,2
mux-ATGCCTAAGCTAACGA,6
mux-ATGCCTAAGCTCGGTA,4
mux-ATGCCTAAGGAGAACA,4
mux-ATGCCTAAGGTGCGAA,13
mux-ATGCCTAAGTACGCAA,1
mux-ATGCCTAAGTCGTAGA,15
mux-ATGCCTAAGTCTGTCA,2
mux-ATGCCTAAGTGTTCTA,3
mux-ATGCCTAAACATTGGC,1
mux-ATGCCTAATAGGATGA,14
mux-ATGCCTAATATCAGCA,9
mux-ATGCCTAATCCGTCTA,6
mux-ATGCCTAATCTTCACA,6
mux-ATGCCTAATGAAGAGA,2
mux-ATGCCTAATGGAACAA,3
mux-ATGCCTAATGGCTTCA,16
mux-ATGCCTAATGGTGGTA,6
mux-ATGCCTAATTCACGCA,4
mux-ATGCCTAAAACTCACC,4
mux-ATGCCTAACAGATCTG,4
mux-ATGCCTAAAAGAGATC,2
mux-ATGCCTAAAAGGACAC,6
mux-ATGCCTAAAATCCGTC,4
mux-ATGCCTAAAATGTTGC,6
mux-ATGCCTAAACACGACC,2
mux-ATGCCTAAACAGATTC,4
mux-ATGCCTAAAGATGTAC,3
mux-ATGCCTAAAGCACCTC,11
mux-ATGCCTAAAGCCATGC,4
mux-ATGCCTAAAGGCTAAC,2
mux-ATGCCTAACATCAAGT,4
mux-ATGCCTAAATAGCGAC,2
mux-ATGCCTAAATCATTCC,5
mux-ATGCCTAAATTGGCTC,2
mux-ATGCCTAACAAGGAGC,5
mux-ATGCCTAACACCTTAC,9
mux-ATGCCTAACCATCCTC,2
mux-ATGCCTAACCGACAAC,0
mux-ATGCCTAACCTAATCC,3
mux-ATGCCTAACCTCTATC,12
mux-ATGCCTAACGACACAC,2
mux-ATGCCTAACGCTGATC,1
mux-ATGCCTAACGGATTGC,4
mux-ATGCCTAACTAAGGTC,3
mux-ATGCCTAAGAACAGGC,2
mux-ATGCCTAAGACAGTGC,3
mux-ATGCCTAAGAGTTAGC,5
mux-ATGCCTAAGATGAATC,2
mux-ATGCCTAAGCCAAGAC,5
mux-ATGCCTAACGGAAGAA,5
mux-ATGCCTAAGTGACAAG,2
mux-ATGCCTAAGAACCAGA,2
mux-CGAACTTAAACGTGAT,6
mux-CGAACTTAACAAGCTA,1
mux-CGAACTTATTGCTGGA,0
mux-CGAACTTACTGTAGCC,1
mux-CGAACTTAAGTACAAG,6
mux-CGAACTTAAACAACCA,1
mux-CGAACTTAAACCGAGA,1
mux-CGAACTTAAACGCTTA,1
mux-CGAACTTAAAGACGGA,13
mux-CGAACTTAAAGGTACA,1
mux-CGAACTTAACACAGAA,1
mux-CGAACTTAACAGCAGA,1
mux-CGAACTTAAAACATCG,7
mux-CGAACTTAACCTCCAA,1
mux-CGAACTTAACGCTCGA,1
mux-CGAACTTAACGTATCA,4
mux-CGAACTTAACTATGCA,1
mux-CGAACTTAAGAGTCAA,1
mux-CGAACTTAAGATCGCA,4
mux-CGAACTTAAGCAGGAA,2
mux-CGAACTTAAGTCACTA,2
mux-CGAACTTAATCCTGTA,4
mux-CGAACTTAATTGAGGA,12
mux-CGAACTTAATGCCTAA,3
mux-CGAACTTACAACCACA,2
mux-CGAACTTAGACTAGTA,8
mux-CGAACTTACAATGGAA,4
mux-CGAACTTACACTTCGA,2
mux-CGAACTTACAGCGTTA,2
mux-CGAACTTACATACCAA,2
mux-CGAACTTACCAGTTCA,2
mux-CGAACTTACCGAAGTA,5
mux-CGAACTTACCGTGAGA,0
mux-CGAACTTACCTCCTGA,0
mux-CGAACTTAAGTGGTCA,1
mux-CGAACTTACGAACTTA,0
mux-CGAACTTACGACTGGA,0
mux-CGAACTTACGCATACA,0
mux-CGAACTTACTCAATGA,0
mux-CGAACTTACTGAGCCA,0
mux-CGAACTTACTGGCATA,0
mux-CGAACTTAGAATCTGA,0
mux-CGAACTTACAAGACTA,0
mux-CGAACTTAGAGCTGAA,0
mux-CGAACTTAGATAGACA,0
mux-CGAACTTAACCACTGT,7
mux-CGAACTTAGCCACATA,0
mux-CGAACTTAGCGAGTAA,0
mux-CGAACTTAGCTAACGA,0
mux-CGAACTTAGCTCGGTA,0
mux-CGAACTTAGGAGAACA,0
mux-CGAACTTAGGTGCGAA,0
mux-CGAACTTAGTACGCAA,0
mux-CGAACTTAGTCGTAGA,0
mux-CGAACTTAGTCTGTCA,3
mux-CGAACTTAGTGTTCTA,2
mux-CGAACTTAACATTGGC,8
mux-CGAACTTATAGGATGA,0
mux-CGAACTTATATCAGCA,0
mux-CGAACTTATCCGTCTA,0
mux-CGAACTTATCTTCACA,3
mux-CGAACTTATGAAGAGA,6
mux-CGAACTTATGGAACAA,0
mux-CGAACTTATGGCTTCA,8
mux-CGAACTTATGGTGGTA,4
mux-CGAACTTATTCACGCA,13
mux-CGAACTTAAACTCACC,0
mux-CGAACTTACAGATCTG,1
mux-CGAACTTAAAGAGATC,4
mux-CGAACTTAAAGGACAC,0
mux-CGAACTTAAATCCGTC,4
mux-CGAACTTAAATGTTGC,14
mux-CGAACTTAACACGACC,0
mux-CGAACTTAACAGATTC,0
mux-CGAACTTAAGATGTAC,10
mux-CGAACTTAAGCACCTC,0
mux-CGAACTTAAGCCATGC,7
mux-CGAACTTAAGGCTAAC,3
mux-CGAACTTACATCAAGT,4
mux-CGAACTTAATAGCGAC,7
mux-CGAACTTAATCATTCC,12
mux-CGAACTTAATTGGCTC,0
mux-CGAACTTACAAGGAGC,1
mux-CGAACTTACACCTTAC,0
mux-CGAACTTACCATCCTC,0
mux-CGAACTTACCGACAAC,2
mux-CGAACTTACCTAATCC,0
mux-CGAACTTACCTCTATC,0
mux-CGAACTTACGACACAC,7
mux-CGAACTTACGCTGATC,4
mux-CGAACTTACGGATTGC,3
mux-CGAACTTACTAAGGTC,0
mux-CGAACTTAGAACAGGC,0
mux-CGAACTTAGACAGTGC,0
mux-CGAACTTAGAGTTAGC,0
mux-CGAACTTAGATGAATC,0
mux-CGAACTTAGCCAAGAC,0
mux-CGAACTTACGGAAGAA,0
mux-CGAACTTAGTGACAAG,0
mux-CGAACTTAGAACCAGA,0
mux-CGACTGGAAACGTGAT,1
mux-CGACTGGAACAAGCTA,1
mux-CGACTGGATTGCTGGA,0
mux-CGACTGGACTGTAGCC,1
mux-CGACTGGAAACAACCA,1
mux-CGACTGGAAACCGAGA,1
mux-CGACTGGAAACGCTTA,1
mux-CGACTGGAAAGACGGA,7
mux-CGACTGGAAAGGTACA,1
mux-CGACTGGAACACAGAA,1
mux-CGACTGGAACAGCAGA,1
mux-CGACTGGAAAACATCG,1
mux-CGACTGGAACCTCCAA,4
mux-CGACTGGAACGCTCGA,7
mux-CGACTGGAACGTATCA,3
mux-CGACTGGAACTATGCA,2
mux-CGACTGGAAGAGTCAA,7
mux-CGACTGGAAGATCGCA,10
mux-CGACTGGAAGCAGGAA,12
mux-CGACTGGAAGTCACTA,1
mux-CGACTGGAATCCTGTA,2
mux-CGACTGGAATTGAGGA,4
mux-CGACTGGAATGCCTAA,1
mux-CGACTGGACAACCACA,3
mux-CGACTGGAGACTAGTA,3
mux-CGACTGGACAATGGAA,4
mux-CGACTGGACACTTCGA,2
mux-CGACTGGACAGCGTTA,2
mux-CGACTGGACATACCAA,2
mux-CGACTGGACCAGTTCA,2
mux-CGACTGGACCGAAGTA,9
mux-CGACTGGACCGTGAGA,0
mux-CGACTGGACCTCCTGA,0
mux-CGACTGGAAGTGGTCA,10
mux-CGACTGGACGAACTTA,0
mux-CGACTGGACGACTGGA,0
mux-CGACTGGACGCATACA,0
mux-CGACTGGACTCAATGA,0
mux-CGACTGGACTGAGCCA,0
mux-CGACTGGACTGGCATA,12
mux-CGACTGGAGAATCTGA,0
mux-CGACTGGACAAGACTA,0
mux-CGACTGGAGAGCTGAA,0
mux-CGACTGGAGATAGACA,0
mux-CGACTGGAACCACTGT,1
mux-CGACTGGAGCCACATA,0
mux-CGACTGGAGCGAGTAA,3
mux-CGACTGGAGCTAACGA,3
mux-CGACTGGAGCTCGGTA,3
mux-CGACTGGAGGAGAACA,0
mux-CGACTGGAGGTGCGAA,0
mux-CGACTGGAGTACGCAA,0
mux-CGACTGGAGTCGTAGA,0
mux-CGACTGGAGTCTGTCA,0
mux-CGACTGGAGTGTTCTA,10
mux-CGACTGGAACATTGGC,1
mux-CGACTGGATAGGATGA,0
mux-CGACTGGATATCAGCA,0
mux-CGACTGGATCCGTCTA,13
mux-CGACTGGATCTTCACA,4
mux-CGACTGGATGAAGAGA,0
mux-CGACTGGATGGAACAA,0
mux-CGACTGGATGGCTTCA,0
mux-CGACTGGATGGTGGTA,0
mux-CGACTGGATTCACGCA,0
mux-CGACTGGAAACTCACC,0
mux-CGACTGGACAGATCTG,1
mux-CGACTGGAAAGAGATC,0
mux-CGACTGGAAAGGACAC,0
mux-CGACTGGAAATCCGTC,0
mux-CGACTGGAAATGTTGC,6
mux-CGACTGGAACACGACC,4
mux-CGACTGGAACAGATTC,0
mux-CGACTGGAAGATGTAC,0
mux-CGACTGGAAGCACCTC,0
mux-CGACTGGAAGCCATGC,0
mux-CGACTGGAAGGCTAAC,2
mux-CGACTGGACATCAAGT,12
mux-CGACTGGAATAGCGAC,0
mux-CGACTGGAATCATTCC,0
mux-CGACTGGAATTGGCTC,8
mux-CGACTGGACAAGGAGC,11
mux-CGACTGGACACCTTAC,0
mux-CGACTGGACCATCCTC,0
mux-CGACTGGACCGACAAC,3
mux-CGACTGGACCTAATCC,0
mux-CGACTGGACCTCTATC,0
mux-CGACTGGACGACACAC,5
mux-CGACTGGACGCTGATC,2
mux-CGACTGGACGGATTGC,0
mux-CGACTGGACTAAGGTC,0
mux-CGACTGGAGAACAGGC,0
mux-CGACTGGAGACAGTGC,0
mux-CGACTGGAGAGTTAGC,0
mux-CGACTGGAGATGAATC,0
mux-CGACTGGAGCCAAGAC,0
mux-CGACTGGACGGAAGAA,1
mux-CGACTGGAGTGACAAG,6
mux-CGACTGGAGAACCAGA,0
mux-CGCATACAAACGTGAT,1
mux-CGCATACAACAAGCTA,10
mux-CGCATACATTGCTGGA,0
mux-CGCATACACTGTAGCC,1
mux-CGCATACAAGTACAAG,6
mux-CGCATACAAACAACCA,3
mux-CGCATACAAACCGAGA,0
mux-CGCATACAAACGCTTA,1
mux-CGCATACAAAGACGGA,10
mux-CGCATACAAAGGTACA,3
mux-CGCATACAACACAGAA,1
mux-CGCATACAACAGCAGA,1
mux-CGCATACAAAACATCG,9
mux-CGCATACAACCTCCAA,1
mux-CGCATACAACGCTCGA,1
mux-CGCATACAACGTATCA,1
mux-CGCATACAACTATGCA,1
mux-CGCATACAAGAGTCAA,1
mux-CGCATACAAGATCGCA,0
mux-CGCATACAAGCAGGAA,3
mux-CGCATACAAGTCACTA,3
mux-CGCATACAATCCTGTA,2
mux-CGCATACAATTGAGGA,3
mux-CGCATACAATGCCTAA,1
mux-CGCATACACAACCACA,4
mux-CGCATACAGACTAGTA,13
mux-CGCATACACAATGGAA,6
mux-CGCATACACACTTCGA,3
mux-CGCATACACAGCGTTA,7
mux-CGCATACACATACCAA,6
mux-CGCATACACCAGTTCA,2
mux-CGCATACACCGAAGTA,0
mux-CGCATACACCGTGAGA,0
mux-CGCATACACCTCCTGA,7
mux-CGCATACAAGTGGTCA,5
mux-CGCATACACGAACTTA,11
mux-CGCATACACGACTGGA,10
mux-CGCATACACGCATACA,3
mux-CGCATACACTCAATGA,0
mux-CGCATACACTGAGCCA,6
mux-CGCATACACTGGCATA,0
mux-CGCATACAGAATCTGA,0
mux-CGCATACACAAGACTA,0
mux-CGCATACAGAGCTGAA,0
mux-CGCATACAGATAGACA,1
mux-CGCATACAACCACTGT,1
mux-CGCATACAGCCACATA,0
mux-CGCATACAGCGAGTAA,0
mux-CGCATACAGCTAACGA,0
mux-CGCATACAGCTCGGTA,7
mux-CGCATACAGGAGAACA,0
mux-CGCATACAGGTGCGAA,0
mux-CGCATACAGTACGCAA,0
mux-CGCATACAGTCGTAGA,0
mux-CGCATACAGTCTGTCA,3
mux-CGCATACAGTGTTCTA,6
mux-CGCATACAACATTGGC,1
mux-CGCATACATAGGATGA,0
mux-CGCATACATATCAGCA,0
mux-CGCATACATCCGTCTA,12
mux-CGCATACATCTTCACA,0
mux-CGCATACATGAAGAGA,0
mux-CGCATACATGGAACAA,6
mux-CGCATACATGGCTTCA,0
mux-CGCATACATGGTGGTA,0
mux-CGCATACATTCACGCA,0
mux-CGCATACAAACTCACC,3
mux-CGCATACACAGATCTG,4
mux-CGCATACAAAGAGATC,0
mux-CGCATACAAAGGACAC,0
mux-CGCATACAAATCCGTC,0
mux-CGCATACAAATGTTGC,0
mux-CGCATACAACACGACC,0
mux-CGCATACAACAGATTC,0
mux-CGCATACAAGATGTAC,0
mux-CGCATACAAGCACCTC,0
mux-CGCATACAAGCCATGC,0
mux-CGCATACAAGGCTAAC,0
mux-CGCATACACATCAAGT,7
mux-CGCATACAATAGCGAC,0
mux-CGCATACAATCATTCC,0
mux-CGCATACAATTGGCTC,0
mux-CGCATACACAAGGAGC,3
mux-CGCATACACACCTTAC,0
mux-CGCATACACCATCCTC,0
mux-CGCATACACCGACAAC,7
mux-CGCATACACCTAATCC,0
mux-CGCATACACCTCTATC,0
mux-CGCATACACGACACAC,2
mux-CGCATACACGCTGATC,4
mux-CGCATACACGGATTGC,5
mux-CGCATACACTAAGGTC,0
mux-CGCATACAGAACAGGC,0
mux-CGCATACAGACAGTGC,0
mux-CGCATACAGAGTTAGC,0
mux-CGCATACAGATGAATC,11
mux-CGCATACAGCCAAGAC,10
mux-CGCATACACGGAAGAA,2
mux-CGCATACAGTGACAAG,12
mux-CGCATACAGAACCAGA,0
mux-CTCAATGAAACGTGAT,1
mux-CTCAATGAACAAGCTA,3
mux-CTCAATGATTGCTGGA,0
mux-CTCAATGACTGTAGCC,1
mux-CTCAATGAAGTACAAG,1
mux-CTCAATGAAACCGAGA,1
mux-CTCAATGAAACGCTTA,2
mux-CTCAATGAAAGACGGA,1
mux-CTCAATGAAAGGTACA,1
mux-CTCAATGAACACAGAA,1
mux-CTCAATGAACAGCAGA,1
mux-CTCAATGAAAACATCG,1
mux-CTCAATGAACCTCCAA,1
mux-CTCAATGAACGCTCGA,1
mux-CTCAATGAACGTATCA,14
mux-CTCAATGAACTATGCA,1
mux-CTCAATGAAGAGTCAA,2
mux-CTCAATGAAGATCGCA,4
mux-CTCAATGAAGCAGGAA,9
mux-CTCAATGAAGTCACTA,11
mux-CTCAATGAATCCTGTA,3
mux-CTCAATGAATTGAGGA,2
mux-CTCAATGAATGCCTAA,1
mux-CTCAATGACAACCACA,6
mux-CTCAATGAGACTAGTA,4
mux-CTCAATGACAATGGAA,3
mux-CTCAATGACACTTCGA,3
mux-CTCAATGACAGCGTTA,5
mux-CTCAATGACATACCAA,12
mux-CTCAATGACCAGTTCA,9
mux-CTCAATGACCGAAGTA,0
mux-CTCAATGACCGTGAGA,0
mux-CTCAATGACCTCCTGA,0
mux-CTCAATGAAGTGGTCA,15
mux-CTCAATGACGAACTTA,0
mux-CTCAATGACGACTGGA,0
mux-CTCAATGACGCATACA,0
mux-CTCAATGACTCAATGA,0
mux-CTCAATGACTGAGCCA,0
mux-CTCAATGACTGGCATA,0
mux-CTCAATGAGAATCTGA,2
mux-CTCAATGACAAGACTA,0
mux-CTCAATGAGAGCTGAA,11
mux-CTCAATGAGATAGACA,0
mux-CTCAATGAACCACTGT,1
mux-CTCAATGAGCCACATA,0
mux-CTCAATGAGCGAGTAA,0
mux-CTCAATGAGCTAACGA,0
mux-CTCAATGAGCTCGGTA,3
mux-CTCAATGAGGAGAACA,0
mux-CTCAATGAGGTGCGAA,0
mux-CTCAATGAGTACGCAA,4
mux-CTCAATGAGTCGTAGA,9
mux-CTCAATGAGTCTGTCA,0
mux-CTCAATGAGTGTTCTA,4
mux-CTCAATGAACATTGGC,5
mux-CTCAATGATAGGATGA,0
mux-CTCAATGATATCAGCA,0
mux-CTCAATGATCCGTCTA,0
mux-CTCAATGATCTTCACA,0
mux-CTCAATGATGAAGAGA,0
mux-CTCAATGATGGAACAA,3
mux-CTCAATGATGGCTTCA,0
mux-CTCAATGATGGTGGTA,4
mux-CTCAATGATTCACGCA,7
mux-CTCAATGAAACTCACC,0
mux-CTCAATGACAGATCTG,1
mux-CTCAATGAAAGAGATC,7
mux-CTCAATGAAAGGACAC,0
mux-CTCAATGAAATCCGTC,0
mux-CTCAATGAAATGTTGC,0
mux-CTCAATGAACACGACC,0
mux-CTCAATGAACAGATTC,0
mux-CTCAATGAAGATGTAC,3
mux-CTCAATGAAGCACCTC,0
mux-CTCAATGAAGCCATGC,0
mux-CTCAATGAAGGCTAAC,0
mux-CTCAATGACATCAAGT,8
mux-CTCAATGAATAGCGAC,0
mux-CTCAATGAATCATTCC,0
mux-CTCAATGAATTGGCTC,0
mux-CTCAATGACAAGGAGC,3
mux-CTCAATGACACCTTAC,0
mux-CTCAATGACCATCCTC,11
mux-CTCAATGACCGACAAC,0
mux-CTCAATGACCTAATCC,0
mux-CTCAATGACCTCTATC,0
mux-CTCAATGACGACACAC,9
mux-CTCAATGACGCTGATC,1
mux-CTCAATGACGGATTGC,9
mux-CTCAATGACTAAGGTC,0
mux-CTCAATGAGAACAGGC,0
mux-CTCAATGAGACAGTGC,0
mux-CTCAATGAGAGTTAGC,0
mux-CTCAATGAGATGAATC,0
mux-CTCAATGAGCCAAGAC,0
mux-CTCAATGACGGAAGAA,2
mux-CTCAATGAGTGACAAG,0
mux-CTCAATGAGAACCAGA,0
mux-CTGAGCCAAACGTGAT,2
mux-CTGAGCCAACAAGCTA,1
mux-CTGAGCCATTGCTGGA,0
mux-CTGAGCCACTGTAGCC,1
mux-CTGAGCCAAGTACAAG,3
mux-CTGAGCCAAACAACCA,10
mux-CTGAGCCAAACCGAGA,1
mux-CTGAGCCAAACGCTTA,3
mux-CTGAGCCAAAGACGGA,16
mux-CTGAGCCAAAGGTACA,7
mux-CTGAGCCAACACAGAA,15
mux-CTGAGCCAACAGCAGA,9
mux-CTGAGCCAAAACATCG,1
mux-CTGAGCCAACCTCCAA,1
mux-CTGAGCCAACGCTCGA,9
mux-CTGAGCCAACGTATCA,3
mux-CTGAGCCAACTATGCA,1
mux-CTGAGCCAAGAGTCAA,4
mux-CTGAGCCAAGATCGCA,7
mux-CTGAGCCAAGCAGGAA,12
mux-CTGAGCCAAGTCACTA,7
mux-CTGAGCCAATCCTGTA,2
mux-CTGAGCCAATTGAGGA,1
mux-CTGAGCCAATGCCTAA,1
mux-CTGAGCCACAACCACA,2
mux-CTGAGCCAGACTAGTA,6
mux-CTGAGCCACAATGGAA,12
mux-CTGAGCCACACTTCGA,2
mux-CTGAGCCACAGCGTTA,4
mux-CTGAGCCACATACCAA,10
mux-CTGAGCCACCAGTTCA,3
mux-CTGAGCCACCGAAGTA,0
mux-CTGAGCCACCGTGAGA,0
mux-CTGAGCCACCTCCTGA,3
mux-CTGAGCCAAGTGGTCA,1
mux-CTGAGCCACGAACTTA,0
mux-CTGAGCCACGACTGGA,0
mux-CTGAGCCACGCATACA,0
mux-CTGAGCCACTCAATGA,0
mux-CTGAGCCACTGAGCCA,0
mux-CTGAGCCACTGGCATA,4
mux-CTGAGCCAGAATCTGA,6
mux-CTGAGCCACAAGACTA,0
mux-CTGAGCCAGAGCTGAA,0
mux-CTGAGCCAGATAGACA,0
mux-CTGAGCCAACCACTGT,12
mux-CTGAGCCAGCCACATA,6
mux-CTGAGCCAGCGAGTAA,9
mux-CTGAGCCAGCTAACGA,7
mux-CTGAGCCAGCTCGGTA,0
mux-CTGAGCCAGGAGAACA,0
mux-CTGAGCCAGGTGCGAA,0
mux-CTGAGCCAGTACGCAA,0
mux-CTGAGCCAGTCGTAGA,0
mux-CTGAGCCAGTCTGTCA,8
mux-CTGAGCCAGTGTTCTA,6
mux-CTGAGCCAACATTGGC,11
mux-CTGAGCCATAGGATGA,12
mux-CTGAGCCATATCAGCA,0
mux-CTGAGCCATCCGTCTA,0
mux-CTGAGCCATCTTCACA,0
mux-CTGAGCCATGAAGAGA,4
mux-CTGAGCCATGGAACAA,7
mux-CTGAGCCATGGCTTCA,0
mux-CTGAGCCATGGTGGTA,0
mux-CTGAGCCATTCACGCA,11
mux-CTGAGCCAAACTCACC,10
mux-CTGAGCCACAGATCTG,3
mux-CTGAGCCAAAGAGATC,8
mux-CTGAGCCAAAGGACAC,11
mux-CTGAGCCAAATCCGTC,0
mux-CTGAGCCAAATGTTGC,0
mux-CTGAGCCAACACGACC,12
mux-CTGAGCCAACAGATTC,0
mux-CTGAGCCAAGATGTAC,5
mux-CTGAGCCAAGCACCTC,0
mux-CTGAGCCAAGCCATGC,0
mux-CTGAGCCAAGGCTAAC,0
mux-CTGAGCCACATCAAGT,1
mux-CTGAGCCAATAGCGAC,0
mux-CTGAGCCAATCATTCC,2
mux-CTGAGCCAATTGGCTC,0
mux-CTGAGCCACAAGGAGC,14
mux-CTGAGCCACACCTTAC,0
mux-CTGAGCCACCATCCTC,0
mux-CTGAGCCACCGACAAC,3
mux-CTGAGCCACCTAATCC,0
mux-CTGAGCCACCTCTATC,0
mux-CTGAGCCACGACACAC,0
mux-CTGAGCCACGCTGATC,0
mux-CTGAGCCACGGATTGC,13
mux-CTGAGCCACTAAGGTC,0
mux-CTGAGCCAGAACAGGC,0
mux-CTGAGCCAGACAGTGC,0
mux-CTGAGCCAGAGTTAGC,0
mux-CTGAGCCAGATGAATC,0
mux-CTGAGCCAGCCAAGAC,0
mux-CTGAGCCACGGAAGAA,0
mux-CTGAGCCAGTGACAAG,4
mux-CTGAGCCAGAACCAGA,0
mux-CTGGCATAAACGTGAT,7
mux-CTGGCATAACAAGCTA,2
mux-CTGGCATATTGCTGGA,0
mux-CTGGCATACTGTAGCC,7
mux-CTGGCATAAGTACAAG,10
mux-CTGGCATAAACAACCA,4
mux-CTGGCATAAACCGAGA,1
mux-CTGGCATAAACGCTTA,1
mux-CTGGCATAAAGACGGA,3
mux-CTGGCATAAAGGTACA,1
mux-CTGGCATAACACAGAA,1
mux-CTGGCATAACAGCAGA,7
mux-CTGGCATAAAACATCG,11
mux-CTGGCATAACCTCCAA,1
mux-CTGGCATAACGCTCGA,1
mux-CTGGCATAACGTATCA,13
mux-CTGGCATAACTATGCA,1
mux-CTGGCATAAGAGTCAA,4
mux-CTGGCATAAGATCGCA,1
mux-CTGGCATAAGCAGGAA,1
mux-CTGGCATAAGTCACTA,11
mux-CTGGCATAATCCTGTA,1
mux-CTGGCATAATTGAGGA,8
mux-CTGGCATAATGCCTAA,3
mux-CTGGCATACAACCACA,6
mux-CTGGCATAGACTAGTA,4
mux-CTGGCATACAATGGAA,13
mux-CTGGCATACACTTCGA,4
mux-CTGGCATACAGCGTTA,2
mux-CTGGCATACATACCAA,11
mux-CTGGCATACCAGTTCA,7
mux-CTGGCATACCGAAGTA,0
mux-CTGGCATACCGTGAGA,2
mux-CTGGCATACCTCCTGA,0
mux-CTGGCATAAGTGGTCA,3
mux-CTGGCATACGAACTTA,0
mux-CTGGCATACGACTGGA,0
mux-CTGGCATACGCATACA,2
mux-CTGGCATACTCAATGA,0
mux-CTGGCATACTGAGCCA,0
mux-CTGGCATACTGGCATA,0
mux-CTGGCATAGAATCTGA,0
mux-CTGGCATACAAGACTA,0
mux-CTGGCATAGAGCTGAA,2
mux-CTGGCATAGATAGACA,0
mux-CTGGCATAACCACTGT,1
mux-CTGGCATAGCCACATA,2
mux-CTGGCATAGCGAGTAA,4
mux-CTGGCATAGCTAACGA,8
mux-CTGGCATAGCTCGGTA,0
mux-CTGGCATAGGAGAACA,7
mux-CTGGCATAGGTGCGAA,0
mux-CTGGCATAGTACGCAA,12
mux-CTGGCATAGTCGTAGA,5
mux-CTGGCATAGTCTGTCA,2
mux-CTGGCATAGTGTTCTA,2
mux-CTGGCATAACATTGGC,7
mux-CTGGCATATAGGATGA,3
mux-CTGGCATATATCAGCA,0
mux-CTGGCATATCCGTCTA,0
mux-CTGGCATATCTTCACA,0
mux-CTGGCATATGAAGAGA,0
mux-CTGGCATATGGAACAA,0
mux-CTGGCATATGGCTTCA,0
mux-CTGGCATATGGTGGTA,0
mux-CTGGCATATTCACGCA,13
mux-CTGGCATAAACTCACC,0
mux-CTGGCATACAGATCTG,16
mux-CTGGCATAAAGAGATC,0
mux-CTGGCATAAAGGACAC,0
mux-CTGGCATAAATCCGTC,0
mux-CTGGCATAAATGTTGC,0
mux-CTGGCATAACACGACC,0
mux-CTGGCATAACAGATTC,0
mux-CTGGCATAAGATGTAC,0
mux-CTGGCATAAGCACCTC,0
mux-CTGGCATAAGCCATGC,10
mux-CTGGCATAAGGCTAAC,0
mux-CTGGCATACATCAAGT,9
mux-CTGGCATAATAGCGAC,0
mux-CTGGCATAATCATTCC,0
mux-CTGGCATAATTGGCTC,0
mux-CTGGCATACAAGGAGC,2
mux-CTGGCATACACCTTAC,0
mux-CTGGCATACCATCCTC,0
mux-CTGGCATACCGACAAC,0
mux-CTGGCATACCTAATCC,0
mux-CTGGCATACCTCTATC,10
mux-CTGGCATACGACACAC,0
mux-CTGGCATACGCTGATC,1
mux-CTGGCATACGGATTGC,0
mux-CTGGCATACTAAGGTC,9
mux-CTGGCATAGAACAGGC,0
mux-CTGGCATAGACAGTGC,0
mux-CTGGCATAGAGTTAGC,0
mux-CTGGCATAGATGAATC,0
mux-CTGGCATAGCCAAGAC,0
mux-CTGGCATACGGAAGAA,0
mux-CTGGCATAGTGACAAG,0
mux-CTGGCATAGAACCAGA,0
mux-GAATCTGAAACGTGAT,3
mux-GAATCTGAACAAGCTA,1
mux-GAATCTGATTGCTGGA,0
mux-GAATCTGACTGTAGCC,2
mux-GAATCTGAAGTACAAG,13
mux-GAATCTGAAACAACCA,1
mux-GAATCTGAAACCGAGA,1
mux-GAATCTGAAACGCTTA,2
mux-GAATCTGAAAGACGGA,1
mux-GAATCTGAAAGGTACA,1
mux-GAATCTGAACACAGAA,13
mux-GAATCTGAACAGCAGA,11
mux-GAATCTGAAAACATCG,2
mux-GAATCTGAACCTCCAA,1
mux-GAATCTGAACGCTCGA,1
mux-GAATCTGAACGTATCA,14
mux-GAATCTGAACTATGCA,1
mux-GAATCTGAAGAGTCAA,2
mux-GAATCTGAAGATCGCA,1
mux-GAATCTGAAGCAGGAA,2
mux-GAATCTGAAGTCACTA,10
mux-GAATCTGAATCCTGTA,2
mux-GAATCTGAATTGAGGA,8
mux-GAATCTGAATGCCTAA,11
mux-GAATCTGACAACCACA,2
mux-GAATCTGAGACTAGTA,4
mux-GAATCTGACAATGGAA,14
mux-GAATCTGACACTTCGA,5
mux-GAATCTGACAGCGTTA,6
mux-GAATCTGACATACCAA,15
mux-GAATCTGACCAGTTCA,0
mux-GAATCTGACCGAAGTA,5
mux-GAATCTGACCGTGAGA,0
mux-GAATCTGACCTCCTGA,11
mux-GAATCTGAAGTGGTCA,3
mux-GAATCTGACGAACTTA,12
mux-GAATCTGACGACTGGA,0
mux-GAATCTGACGCATACA,13
mux-GAATCTGACTCAATGA,10
mux-GAATCTGACTGAGCCA,3
mux-GAATCTGACTGGCATA,0
mux-GAATCTGAGAATCTGA,4
mux-GAATCTGACAAGACTA,0
mux-GAATCTGAGAGCTGAA,10
mux-GAATCTGAGATAGACA,0
mux-GAATCTGAACCACTGT,4
mux-GAATCTGAGCCACATA,15
mux-GAATCTGAGCGAGTAA,0
mux-GAATCTGAGCTAACGA,2
mux-GAATCTGAGCTCGGTA,0
mux-GAATCTGAGGAGAACA,0
mux-GAATCTGAGGTGCGAA,16
mux-GAATCTGAGTACGCAA,11
mux-GAATCTGAGTCGTAGA,5
mux-GAATCTGAGTCTGTCA,2
mux-GAATCTGAGTGTTCTA,11
mux-GAATCTGAACATTGGC,2
mux-GAATCTGATAGGATGA,3
mux-GAATCTGATATCAGCA,0
mux-GAATCTGATCCGTCTA,0
mux-GAATCTGATCTTCACA,2
mux-GAATCTGATGAAGAGA,2
mux-GAATCTGATGGAACAA,16
mux-GAATCTGATGGCTTCA,0
mux-GAATCTGATGGTGGTA,2
mux-GAATCTGATTCACGCA,3
mux-GAATCTGAAACTCACC,0
mux-GAATCTGACAGATCTG,3
mux-GAATCTGAAAGAGATC,0
mux-GAATCTGAAAGGACAC,0
mux-GAATCTGAAATCCGTC,3
mux-GAATCTGAAATGTTGC,14
mux-GAATCTGAACACGACC,0
mux-GAATCTGAACAGATTC,0
mux-GAATCTGAAGATGTAC,0
mux-GAATCTGAAGCACCTC,0
mux-GAATCTGAAGCCATGC,0
mux-GAATCTGAAGGCTAAC,0
mux-GAATCTGACATCAAGT,1
mux-GAATCTGAATAGCGAC,4
mux-GAATCTGAATCATTCC,0
mux-GAATCTGAATTGGCTC,0
mux-GAATCTGACAAGGAGC,6
mux-GAATCTGACACCTTAC,0
mux-GAATCTGACCATCCTC,0
mux-GAATCTGACCGACAAC,0
mux-GAATCTGACCTAATCC,11
mux-GAATCTGACCTCTATC,0
mux-GAATCTGACGACACAC,0
mux-GAATCTGACGCTGATC,1
mux-GAATCTGACGGATTGC,13
mux-GAATCTGACTAAGGTC,4
mux-GAATCTGAGAACAGGC,0
mux-GAATCTGAGACAGTGC,4
mux-GAATCTGAGAGTTAGC,0
mux-GAATCTGAGATGAATC,4
mux-GAATCTGAGCCAAGAC,0
mux-GAATCTGACGGAAGAA,0
mux-GAATCTGAGTGACAAG,0
mux-GAATCTGAGAACCAGA,0
mux-CAAGACTAAACGTGAT,8
mux-CAAGACTAACAAGCTA,2
mux-CAAGACTATTGCTGGA,0
mux-CAAGACTACTGTAGCC,6
mux-CAAGACTAAGTACAAG,1
mux-CAAGACTAAACAACCA,7
mux-CAAGACTAAACCGAGA,1
mux-CAAGACTAAACGCTTA,2
mux-CAAGACTAAAGACGGA,1
mux-CAAGACTAAAGGTACA,1
mux-CAAGACTAACACAGAA,1
mux-CAAGACTAACAGCAGA,1
mux-CAAGACTAAAACATCG,4
mux-CAAGACTAACCTCCAA,1
mux-CAAGACTAACGCTCGA,1
mux-CAAGACTAACGTATCA,3
mux-CAAGACTAACTATGCA,1
mux-CAAGACTAAGAGTCAA,8
mux-CAAGACTAAGATCGCA,1
mux-CAAGACTAAGCAGGAA,2
mux-CAAGACTAAGTCACTA,0
mux-CAAGACTAATCCTGTA,1
mux-CAAGACTAATTGAGGA,6
mux-CAAGACTAATGCCTAA,1
mux-CAAGACTACAACCACA,4
mux-CAAGACTAGACTAGTA,2
mux-CAAGACTACAATGGAA,4
mux-CAAGACTACACTTCGA,2
mux-CAAGACTACAGCGTTA,2
mux-CAAGACTACATACCAA,2
mux-CAAGACTACCAGTTCA,0
mux-CAAGACTACCGAAGTA,0
mux-CAAGACTACCGTGAGA,0
mux-CAAGACTACCTCCTGA,2
mux-CAAGACTAAGTGGTCA,3
mux-CAAGACTACGAACTTA,0
mux-CAAGACTACGACTGGA,5
mux-CAAGACTACGCATACA,2
mux-CAAGACTACTCAATGA,0
mux-CAAGACTACTGAGCCA,14
mux-CAAGACTACTGGCATA,0
mux-CAAGACTAGAATCTGA,3
mux-CAAGACTACAAGACTA,5
mux-CAAGACTAGAGCTGAA,0
mux-CAAGACTAGATAGACA,5
mux-CAAGACTAACCACTGT,9
mux-CAAGACTAGCCACATA,4
mux-CAAGACTAGCGAGTAA,0
mux-CAAGACTAGCTAACGA,11
mux-CAAGACTAGCTCGGTA,0
mux-CAAGACTAGGAGAACA,5
mux-CAAGACTAGGTGCGAA,8
mux-CAAGACTAGTACGCAA,2
mux-CAAGACTAGTCGTAGA,8
mux-CAAGACTAGTCTGTCA,3
mux-CAAGACTAGTGTTCTA,6
mux-CAAGACTAACATTGGC,1
mux-CAAGACTATAGGATGA,0
mux-CAAGACTATATCAGCA,0
mux-CAAGACTATCCGTCTA,2
mux-CAAGACTATCTTCACA,0
mux-CAAGACTATGAAGAGA,0
mux-CAAGACTATGGAACAA,5
mux-CAAGACTATGGCTTCA,3
mux-CAAGACTATGGTGGTA,3
mux-CAAGACTATTCACGCA,2
mux-CAAGACTAAACTCACC,0
mux-CAAGACTACAGATCTG,1
mux-CAAGACTAAAGAGATC,2
mux-CAAGACTAAAGGACAC,0
mux-CAAGACTAAATCCGTC,0
mux-CAAGACTAAATGTTGC,0
mux-CAAGACTAACACGACC,4
mux-CAAGACTAACAGATTC,2
mux-CAAGACTAAGATGTAC,2
mux-CAAGACTAAGCACCTC,8
mux-CAAGACTAAGCCATGC,4
mux-CAAGACTAAGGCTAAC,2
mux-CAAGACTACATCAAGT,14
mux-CAAGACTAATAGCGAC,0
mux-CAAGACTAATCATTCC,0
mux-CAAGACTAATTGGCTC,0
mux-CAAGACTACAAGGAGC,0
mux-CAAGACTACACCTTAC,0
mux-CAAGACTACCATCCTC,4
mux-CAAGACTACCGACAAC,0
mux-CAAGACTACCTAATCC,0
mux-CAAGACTACCTCTATC,7
mux-CAAGACTACGACACAC,11
mux-CAAGACTACGCTGATC,2
mux-CAAGACTACGGATTGC,0
mux-CAAGACTACTAAGGTC,4
mux-CAAGACTAGAACAGGC,11
mux-CAAGACTAGACAGTGC,2
mux-CAAGACTAGAGTTAGC,2
mux-CAAGACTAGATGAATC,0
mux-CAAGACTAGCCAAGAC,0
mux-CAAGACTACGGAAGAA,0
mux-CAAGACTAGTGACAAG,0
mux-CAAGACTAGAACCAGA,0
mux-GAGCTGAAAACGTGAT,1
mux-GAGCTGAAACAAGCTA,1
mux-GAGCTGAATTGCTGGA,0
mux-GAGCTGAACTGTAGCC,1
mux-GAGCTGAAAGTACAAG,1
mux-GAGCTGAAAACAACCA,1
mux-GAGCTGAAAACCGAGA,1
mux-GAGCTGAAAACGCTTA,3
mux-GAGCTGAAAAGACGGA,1
mux-GAGCTGAAAAGGTACA,1
mux-GAGCTGAAACACAGAA,1
mux-GAGCTGAAACAGCAGA,1
mux-GAGCTGAAAAACATCG,2
mux-GAGCTGAAACCTCCAA,1
mux-GAGCTGAAACGCTCGA,4
mux-GAGCTGAAACGTATCA,1
mux-GAGCTGAAACTATGCA,1
mux-GAGCTGAAAGAGTCAA,1
mux-GAGCTGAAAGATCGCA,1
mux-GAGCTGAAAGCAGGAA,1
mux-GAGCTGAAAGTCACTA,1
mux-GAGCTGAAATCCTGTA,1
mux-GAGCTGAAATTGAGGA,1
mux-GAGCTGAAATGCCTAA,2
mux-GAGCTGAACAACCACA,5
mux-GAGCTGAAGACTAGTA,4
mux-GAGCTGAACAATGGAA,3
mux-GAGCTGAACACTTCGA,3
mux-GAGCTGAACAGCGTTA,4
mux-GAGCTGAACATACCAA,3
mux-GAGCTGAACCAGTTCA,2
mux-GAGCTGAACCGAAGTA,0
mux-GAGCTGAACCGTGAGA,0
mux-GAGCTGAACCTCCTGA,0
mux-GAGCTGAAAGTGGTCA,2
mux-GAGCTGAACGAACTTA,0
mux-GAGCTGAACGACTGGA,0
mux-GAGCTGAACGCATACA,2
mux-GAGCTGAACTCAATGA,2
mux-GAGCTGAACTGAGCCA,10
mux-GAGCTGAACTGGCATA,0
mux-GAGCTGAAGAATCTGA,0
mux-GAGCTGAACAAGACTA,0
mux-GAGCTGAAGAGCTGAA,13
mux-GAGCTGAAGATAGACA,3
mux-GAGCTGAAACCACTGT,4
mux-GAGCTGAAGCCACATA,0
mux-GAGCTGAAGCGAGTAA,11
mux-GAGCTGAAGCTAACGA,0
mux-GAGCTGAAGCTCGGTA,0
mux-GAGCTGAAGGAGAACA,0
mux-GAGCTGAAGGTGCGAA,9
mux-GAGCTGAAGTACGCAA,8
mux-GAGCTGAAGTCGTAGA,0
mux-GAGCTGAAGTCTGTCA,0
mux-GAGCTGAAGTGTTCTA,0
mux-GAGCTGAAACATTGGC,3
mux-GAGCTGAATAGGATGA,3
mux-GAGCTGAATATCAGCA,0
mux-GAGCTGAATCCGTCTA,0
mux-GAGCTGAATCTTCACA,0
mux-GAGCTGAATGAAGAGA,0
mux-GAGCTGAATGGAACAA,2
mux-GAGCTGAATGGCTTCA,2
mux-GAGCTGAATGGTGGTA,14
mux-GAGCTGAATTCACGCA,4
mux-GAGCTGAAAACTCACC,0
mux-GAGCTGAACAGATCTG,1
mux-GAGCTGAAAAGAGATC,0
mux-GAGCTGAAAAGGACAC,0
mux-GAGCTGAAAATCCGTC,0
mux-GAGCTGAAAATGTTGC,12
mux-GAGCTGAAACACGACC,13
mux-GAGCTGAAACAGATTC,0
mux-GAGCTGAAAGATGTAC,0
mux-GAGCTGAAAGCACCTC,3
mux-GAGCTGAAAGCCATGC,3
mux-GAGCTGAAAGGCTAAC,0
mux-GAGCTGAACATCAAGT,1
mux-GAGCTGAAATAGCGAC,0
mux-GAGCTGAAATCATTCC,0
mux-GAGCTGAAATTGGCTC,0
mux-GAGCTGAACAAGGAGC,0
mux-GAGCTGAACACCTTAC,0
mux-GAGCTGAACCATCCTC,3
mux-GAGCTGAACCGACAAC,0
mux-GAGCTGAACCTAATCC,0
mux-GAGCTGAACCTCTATC,0
mux-GAGCTGAACGACACAC,13
mux-GAGCTGAACGCTGATC,7
mux-GAGCTGAACGGATTGC,0
mux-GAGCTGAACTAAGGTC,2
mux-GAGCTGAAGAACAGGC,0
mux-GAGCTGAAGACAGTGC,3
mux-GAGCTGAAGAGTTAGC,3
mux-GAGCTGAAGATGAATC,0
mux-GAGCTGAAGCCAAGAC,0
mux-GAGCTGAACGGAAGAA,0
mux-GAGCTGAAGTGACAAG,0
mux-GAGCTGAAGAACCAGA,3
mux-GATAGACAAACGTGAT,1
mux-GATAGACAACAAGCTA,1
mux-GATAGACATTGCTGGA,5
mux-GATAGACACTGTAGCC,2
mux-GATAGACAAGTACAAG,1
mux-GATAGACAAACAACCA,1
mux-GATAGACAAACCGAGA,1
mux-GATAGACAAACGCTTA,1
mux-GATAGACAAAGACGGA,13
mux-GATAGACAAAGGTACA,7
mux-GATAGACAACACAGAA,1
mux-GATAGACAACAGCAGA,1
mux-GATAGACAAAACATCG,2
mux-GATAGACAACCTCCAA,1
mux-GATAGACAACGCTCGA,13
mux-GATAGACAACGTATCA,4
mux-GATAGACAACTATGCA,1
mux-GATAGACAAGAGTCAA,13
mux-GATAGACAAGATCGCA,1
mux-GATAGACAAGCAGGAA,10
mux-GATAGACAAGTCACTA,1
mux-GATAGACAATCCTGTA,2
mux-GATAGACAATTGAGGA,9
mux-GATAGACAATGCCTAA,1
mux-GATAGACACAACCACA,4
mux-GATAGACAGACTAGTA,2
mux-GATAGACACAATGGAA,9
mux-GATAGACACACTTCGA,2
mux-GATAGACACAGCGTTA,4
mux-GATAGACACATACCAA,2
mux-GATAGACACCAGTTCA,4
mux-GATAGACACCGAAGTA,7
mux-GATAGACACCGTGAGA,0
mux-GATAGACACCTCCTGA,6
mux-GATAGACAAGTGGTCA,3
mux-GATAGACACGAACTTA,0
mux-GATAGACACGACTGGA,0
mux-GATAGACACGCATACA,0
mux-GATAGACACTCAATGA,0
mux-GATAGACACTGAGCCA,2
mux-GATAGACACTGGCATA,3
mux-GATAGACAGAATCTGA,0
mux-GATAGACACAAGACTA,0
mux-GATAGACAGAGCTGAA,0
mux-GATAGACAGATAGACA,5
mux-GATAGACAACCACTGT,1
mux-GATAGACAGCCACATA,6
mux-GATAGACAGCGAGTAA,10
mux-GATAGACAGCTAACGA,0
mux-GATAGACAGCTCGGTA,11
mux-GATAGACAGGAGAACA,8
mux-GATAGACAGGTGCGAA,5
mux-GATAGACAGTACGCAA,1
mux-GATAGACAGTCGTAGA,0
mux-GATAGACAGTCTGTCA,11
mux-GATAGACAGTGTTCTA,0
mux-GATAGACAACATTGGC,1
mux-GATAGACATAGGATGA,0
mux-GATAGACATATCAGCA,2
mux-GATAGACATCCGTCTA,0
mux-GATAGACATCTTCACA,0
mux-GATAGACATGAAGAGA,0
mux-GATAGACATGGAACAA,0
mux-GATAGACATGGCTTCA,0
mux-GATAGACATGGTGGTA,4
mux-GATAGACATTCACGCA,0
mux-GATAGACAAACTCACC,3
mux-GATAGACACAGATCTG,1
mux-GATAGACAAAGAGATC,6
mux-GATAGACAAAGGACAC,10
mux-GATAGACAAATCCGTC,0
mux-GATAGACAAATGTTGC,0
mux-GATAGACAACACGACC,0
mux-GATAGACAACAGATTC,7
mux-GATAGACAAGATGTAC,0
mux-GATAGACAAGCACCTC,6
mux-GATAGACAAGCCATGC,0
mux-GATAGACAAGGCTAAC,0
mux-GATAGACACATCAAGT,1
mux-GATAGACAATAGCGAC,0
mux-GATAGACAATCATTCC,0
mux-GATAGACAATTGGCTC,8
mux-GATAGACACAAGGAGC,0
mux-GATAGACACACCTTAC,0
mux-GATAGACACCATCCTC,0
mux-GATAGACACCGACAAC,0
mux-GATAGACACCTAATCC,0
mux-GATAGACACCTCTATC,11
mux-GATAGACACGACACAC,7
mux-GATAGACACGCTGATC,1
mux-GATAGACACGGATTGC,2
mux-GATAGACACTAAGGTC,3
mux-GATAGACAGAACAGGC,0
mux-GATAGACAGACAGTGC,0
mux-GATAGACAGAGTTAGC,0
mux-GATAGACAGATGAATC,0
mux-GATAGACAGCCAAGAC,0
mux-GATAGACACGGAAGAA,0
mux-GATAGACAGTGACAAG,0
mux-GATAGACAGAACCAGA,0
mux-AGTGGTCAAACGTGAT,3
mux-AGTGGTCAACAAGCTA,3
mux-AGTGGTCATTGCTGGA,4
mux-AGTGGTCACTGTAGCC,9
mux-AGTGGTCAAGTACAAG,5
mux-AGTGGTCAAACAACCA,11
mux-AGTGGTCAAACCGAGA,6
mux-AGTGGTCAAACGCTTA,8
mux-AGTGGTCAAAGACGGA,12
mux-AGTGGTCAAAGGTACA,6
mux-AGTGGTCAACACAGAA,2
mux-AGTGGTCAACAGCAGA,3
mux-AGTGGTCAAAACATCG,4
mux-AGTGGTCAACCTCCAA,2
mux-AGTGGTCAACGCTCGA,4
mux-AGTGGTCAACGTATCA,3
mux-AGTGGTCAACTATGCA,4
mux-AGTGGTCAAGAGTCAA,9
mux-AGTGGTCAAGATCGCA,9
mux-AGTGGTCAAGCAGGAA,3
mux-AGTGGTCAAGTCACTA,1
mux-AGTGGTCAATCCTGTA,2
mux-AGTGGTCAATTGAGGA,5
mux-AGTGGTCAATGCCTAA,1
mux-AGTGGTCACAACCACA,3
mux-AGTGGTCAGACTAGTA,2
mux-AGTGGTCACAATGGAA,2
mux-AGTGGTCACACTTCGA,12
mux-AGTGGTCACAGCGTTA,4
mux-AGTGGTCACATACCAA,12
mux-AGTGGTCACCAGTTCA,4
mux-AGTGGTCACCGAAGTA,8
mux-AGTGGTCACCGTGAGA,2
mux-AGTGGTCACCTCCTGA,8
mux-AGTGGTCAAGTGGTCA,1
mux-AGTGGTCACGAACTTA,4
mux-AGTGGTCACGACTGGA,6
mux-AGTGGTCACGCATACA,0
mux-AGTGGTCACTCAATGA,5
mux-AGTGGTCACTGAGCCA,1
mux-AGTGGTCACTGGCATA,8
mux-AGTGGTCAGAATCTGA,2
mux-AGTGGTCACAAGACTA,2
mux-AGTGGTCAGAGCTGAA,3
mux-AGTGGTCAGATAGACA,3
mux-AGTGGTCAACCACTGT,8
mux-AGTGGTCAGCCACATA,5
mux-AGTGGTCAGCGAGTAA,5
mux-AGTGGTCAGCTAACGA,12
mux-AGTGGTCAGCTCGGTA,4
mux-AGTGGTCAGGAGAACA,11
mux-AGTGGTCAGGTGCGAA,7
mux-AGTGGTCAGTACGCAA,10
mux-AGTGGTCAGTCGTAGA,14
mux-AGTGGTCAGTCTGTCA,3
mux-AGTGGTCAGTGTTCTA,9
mux-AGTGGTCAACATTGGC,0
mux-AGTGGTCATAGGATGA,4
mux-AGTGGTCATATCAGCA,0
mux-AGTGGTCATCCGTCTA,8
mux-AGTGGTCATCTTCACA,2
mux-AGTGGTCATGAAGAGA,10
mux-AGTGGTCATGGAACAA,5
mux-AGTGGTCATGGCTTCA,5
mux-AGTGGTCATGGTGGTA,5
mux-AGTGGTCATTCACGCA,4
mux-AGTGGTCAAACTCACC,11
mux-AGTGGTCACAGATCTG,5
mux-AGTGGTCAAAGAGATC,4
mux-AGTGGTCAAAGGACAC,14
mux-AGTGGTCAAATCCGTC,0
mux-AGTGGTCAAATGTTGC,2
mux-AGTGGTCAACACGACC,15
mux-AGTGGTCAACAGATTC,3
mux-AGTGGTCAAGATGTAC,7
mux-AGTGGTCAAGCACCTC,7
mux-AGTGGTCAAGCCATGC,2
mux-AGTGGTCAAGGCTAAC,8
mux-AGTGGTCACATCAAGT,15
mux-AGTGGTCAATAGCGAC,2
mux-AGTGGTCAATCATTCC,5
mux-AGTGGTCAATTGGCTC,8
mux-AGTGGTCACAAGGAGC,2
mux-AGTGGTCACACCTTAC,11
mux-AGTGGTCACCATCCTC,4
mux-AGTGGTCACCGACAAC,16
mux-AGTGGTCACCTAATCC,7
mux-AGTGGTCACCTCTATC,8
mux-AGTGGTCACGACACAC,4
mux-AGTGGTCACGCTGATC,14
mux-AGTGGTCACGGATTGC,0
mux-AGTGGTCACTAAGGTC,3
mux-AGTGGTCAGAACAGGC,1
mux-AGTGGTCAGACAGTGC,2
mux-AGTGGTCAGAGTTAGC,12
mux-AGTGGTCAGATGAATC,7
mux-AGTGGTCAGCCAAGAC,6
mux-AGTGGTCACGGAAGAA,2
mux-AGTGGTCAGTGACAAG,4
mux-AGTGGTCAGAACCAGA,4
mux-GCCACATAAACGTGAT,3
mux-GCCACATAACAAGCTA,1
mux-GCCACATATTGCTGGA,0
mux-GCCACATACTGTAGCC,2
mux-GCCACATAAGTACAAG,1
mux-GCCACATAAACAACCA,2
mux-GCCACATAAACCGAGA,1
mux-GCCACATAAACGCTTA,1
mux-GCCACATAAAGACGGA,16
mux-GCCACATAAAGGTACA,4
mux-GCCACATAACACAGAA,1
mux-GCCACATAACAGCAGA,13
mux-GCCACATAAAACATCG,1
mux-GCCACATAACCTCCAA,8
mux-GCCACATAACGCTCGA,1
mux-GCCACATAACGTATCA,1
mux-GCCACATAACTATGCA,10
mux-GCCACATAAGAGTCAA,1
mux-GCCACATAAGATCGCA,1
mux-GCCACATAAGCAGGAA,1
mux-GCCACATAAGTCACTA,1
mux-GCCACATAATCCTGTA,11
mux-GCCACATAATTGAGGA,8
mux-GCCACATAATGCCTAA,1
mux-GCCACATACAACCACA,4
mux-GCCACATAGACTAGTA,3
mux-GCCACATACAATGGAA,6
mux-GCCACATACACTTCGA,2
mux-GCCACATACAGCGTTA,2
mux-GCCACATACATACCAA,2
mux-GCCACATACCAGTTCA,0
mux-GCCACATACCGAAGTA,15
mux-GCCACATACCGTGAGA,0
mux-GCCACATACCTCCTGA,0
mux-GCCACATAAGTGGTCA,2
mux-GCCACATACGAACTTA,2
mux-GCCACATACGACTGGA,0
mux-GCCACATACGCATACA,0
mux-GCCACATACTCAATGA,0
mux-GCCACATACTGAGCCA,0
mux-GCCACATACTGGCATA,8
mux-GCCACATAGAATCTGA,0
mux-GCCACATACAAGACTA,0
mux-GCCACATAGAGCTGAA,3
mux-GCCACATAGATAGACA,0
mux-GCCACATAACCACTGT,1
mux-GCCACATAGCCACATA,0
mux-GCCACATAGCGAGTAA,6
mux-GCCACATAGCTAACGA,8
mux-GCCACATAGCTCGGTA,0
mux-GCCACATAGGAGAACA,0
mux-GCCACATAGGTGCGAA,7
mux-GCCACATAGTACGCAA,2
mux-GCCACATAGTCGTAGA,0
mux-GCCACATAGTCTGTCA,1
mux-GCCACATAGTGTTCTA,4
mux-GCCACATAACATTGGC,1
mux-GCCACATATAGGATGA,0
mux-GCCACATATATCAGCA,0
mux-GCCACATATCCGTCTA,3
mux-GCCACATATCTTCACA,9
mux-GCCACATATGAAGAGA,0
mux-GCCACATATGGAACAA,4
mux-GCCACATATGGCTTCA,0
mux-GCCACATATGGTGGTA,8
mux-GCCACATATTCACGCA,4
mux-GCCACATAAACTCACC,3
mux-GCCACATACAGATCTG,1
mux-GCCACATAAAGAGATC,4
mux-GCCACATAAAGGACAC,2
mux-GCCACATAAATCCGTC,0
mux-GCCACATAAATGTTGC,0
mux-GCCACATAACACGACC,0
mux-GCCACATAACAGATTC,2
mux-GCCACATAAGATGTAC,0
mux-GCCACATAAGCACCTC,6
mux-GCCACATAAGCCATGC,0
mux-GCCACATAAGGCTAAC,2
mux-GCCACATACATCAAGT,13
mux-GCCACATAATAGCGAC,0
mux-GCCACATAATCATTCC,4
mux-GCCACATAATTGGCTC,0
mux-GCCACATACAAGGAGC,0
mux-GCCACATACACCTTAC,0
mux-GCCACATACCATCCTC,0
mux-GCCACATACCGACAAC,0
mux-GCCACATACCTAATCC,0
mux-GCCACATACCTCTATC,0
mux-GCCACATACGACACAC,0
mux-GCCACATACGCTGATC,4
mux-GCCACATACGGATTGC,0
mux-GCCACATACTAAGGTC,11
mux-GCCACATAGAACAGGC,0
mux-GCCACATAGACAGTGC,3
mux-GCCACATAGAGTTAGC,0
mux-GCCACATAGATGAATC,0
mux-GCCACATAGCCAAGAC,0
mux-GCCACATACGGAAGAA,5
mux-GCCACATAGTGACAAG,0
mux-GCCACATAGAACCAGA,6
mux-GCGAGTAAAACGTGAT,1
mux-GCGAGTAAACAAGCTA,10
mux-GCGAGTAATTGCTGGA,4
mux-GCGAGTAACTGTAGCC,1
mux-GCGAGTAAAGTACAAG,10
mux-GCGAGTAAAACAACCA,1
mux-GCGAGTAAAACCGAGA,1
mux-GCGAGTAAAACGCTTA,12
mux-GCGAGTAAAAGACGGA,4
mux-GCGAGTAAAAGGTACA,10
mux-GCGAGTAAACACAGAA,1
mux-GCGAGTAAACAGCAGA,1
mux-GCGAGTAAAAACATCG,12
mux-GCGAGTAAACCTCCAA,6
mux-GCGAGTAAACGCTCGA,11
mux-GCGAGTAAACGTATCA,1
mux-GCGAGTAAACTATGCA,1
mux-GCGAGTAAAGAGTCAA,1
mux-GCGAGTAAAGATCGCA,13
mux-GCGAGTAAAGCAGGAA,1
mux-GCGAGTAAAGTCACTA,1
mux-GCGAGTAAATCCTGTA,1
mux-GCGAGTAAATTGAGGA,11
mux-GCGAGTAAATGCCTAA,1
mux-GCGAGTAACAACCACA,8
mux-GCGAGTAAGACTAGTA,2
mux-GCGAGTAACAATGGAA,4
mux-GCGAGTAACACTTCGA,14
mux-GCGAGTAACAGCGTTA,4
mux-GCGAGTAACATACCAA,2
mux-GCGAGTAACCAGTTCA,0
mux-GCGAGTAACCGAAGTA,8
mux-GCGAGTAACCGTGAGA,7
mux-GCGAGTAACCTCCTGA,0
mux-GCGAGTAAAGTGGTCA,2
mux-GCGAGTAACGAACTTA,0
mux-GCGAGTAACGACTGGA,0
mux-GCGAGTAACGCATACA,3
mux-GCGAGTAACTCAATGA,0
mux-GCGAGTAACTGAGCCA,0
mux-GCGAGTAACTGGCATA,0
mux-GCGAGTAAGAATCTGA,0
mux-GCGAGTAACAAGACTA,13
mux-GCGAGTAAGAGCTGAA,0
mux-GCGAGTAAGATAGACA,6
mux-GCGAGTAAACCACTGT,11
mux-GCGAGTAAGCCACATA,0
mux-GCGAGTAAGCGAGTAA,0
mux-GCGAGTAAGCTAACGA,0
mux-GCGAGTAAGCTCGGTA,11
mux-GCGAGTAAGGAGAACA,0
mux-GCGAGTAAGGTGCGAA,0
mux-GCGAGTAAGTACGCAA,0
mux-GCGAGTAAGTCGTAGA,2
mux-GCGAGTAAGTCTGTCA,8
mux-GCGAGTAAGTGTTCTA,0
mux-GCGAGTAAACATTGGC,1
mux-GCGAGTAATAGGATGA,0
mux-GCGAGTAATATCAGCA,4
mux-GCGAGTAATCCGTCTA,0
mux-GCGAGTAATCTTCACA,3
mux-GCGAGTAATGAAGAGA,0
mux-GCGAGTAATGGAACAA,2
mux-GCGAGTAATGGCTTCA,13
mux-GCGAGTAATGGTGGTA,7
mux-GCGAGTAATTCACGCA,3
mux-GCGAGTAAAACTCACC,2
mux-GCGAGTAACAGATCTG,13
mux-GCGAGTAAAAGAGATC,2
mux-GCGAGTAAAAGGACAC,2
mux-GCGAGTAAAATCCGTC,3
mux-GCGAGTAAAATGTTGC,0
mux-GCGAGTAAACACGACC,0
mux-GCGAGTAAACAGATTC,0
mux-GCGAGTAAAGATGTAC,0
mux-GCGAGTAAAGCACCTC,5
mux-GCGAGTAAAGCCATGC,12
mux-GCGAGTAAAGGCTAAC,1
mux-GCGAGTAACATCAAGT,13
mux-GCGAGTAAATAGCGAC,1
mux-GCGAGTAAATCATTCC,1
mux-GCGAGTAAATTGGCTC,0
mux-GCGAGTAACAAGGAGC,0
mux-GCGAGTAACACCTTAC,5
mux-GCGAGTAACCATCCTC,3
mux-GCGAGTAACCGACAAC,12
mux-GCGAGTAACCTAATCC,11
mux-GCGAGTAACCTCTATC,0
mux-GCGAGTAACGACACAC,0
mux-GCGAGTAACGCTGATC,1
mux-GCGAGTAACGGATTGC,2
mux-GCGAGTAACTAAGGTC,0
mux-GCGAGTAAGAACAGGC,0
mux-GCGAGTAAGACAGTGC,0
mux-GCGAGTAAGAGTTAGC,0
mux-GCGAGTAAGATGAATC,0
mux-GCGAGTAAGCCAAGAC,0
mux-GCGAGTAACGGAAGAA,0
mux-GCGAGTAAGTGACAAG,0
mux-GCGAGTAAGAACCAGA,0
mux-GCTAACGAAACGTGAT,1
mux-GCTAACGAACAAGCTA,2
mux-GCTAACGATTGCTGGA,0
mux-GCTAACGACTGTAGCC,12
mux-GCTAACGAAGTACAAG,1
mux-GCTAACGAAACAACCA,10
mux-GCTAACGAAACCGAGA,14
mux-GCTAACGAAACGCTTA,1
mux-GCTAACGAAAGACGGA,0
mux-GCTAACGAAAGGTACA,1
mux-GCTAACGAACACAGAA,1
mux-GCTAACGAACAGCAGA,2
mux-GCTAACGAAAACATCG,3
mux-GCTAACGAACCTCCAA,10
mux-GCTAACGAACGCTCGA,1
mux-GCTAACGAACGTATCA,1
mux-GCTAACGAACTATGCA,1
mux-GCTAACGAAGAGTCAA,1
mux-GCTAACGAAGATCGCA,1
mux-GCTAACGAAGCAGGAA,1
mux-GCTAACGAAGTCACTA,1
mux-GCTAACGAATCCTGTA,12
mux-GCTAACGAATTGAGGA,10
mux-GCTAACGAATGCCTAA,3
mux-GCTAACGACAACCACA,12
mux-GCTAACGAGACTAGTA,9
mux-GCTAACGACAATGGAA,1
mux-GCTAACGACACTTCGA,6
mux-GCTAACGACAGCGTTA,8
mux-GCTAACGACATACCAA,8
mux-GCTAACGACCAGTTCA,3
mux-GCTAACGACCGAAGTA,4
mux-GCTAACGACCGTGAGA,0
mux-GCTAACGACCTCCTGA,3
mux-GCTAACGAAGTGGTCA,1
mux-GCTAACGACGAACTTA,8
mux-GCTAACGACGACTGGA,0
mux-GCTAACGACGCATACA,2
mux-GCTAACGACTCAATGA,0
mux-GCTAACGACTGAGCCA,0
mux-GCTAACGACTGGCATA,0
mux-GCTAACGAGAATCTGA,7
mux-GCTAACGACAAGACTA,6
mux-GCTAACGAGAGCTGAA,0
mux-GCTAACGAGATAGACA,9
mux-GCTAACGAACCACTGT,1
mux-GCTAACGAGCCACATA,0
mux-GCTAACGAGCGAGTAA,0
mux-GCTAACGAGCTAACGA,0
mux-GCTAACGAGCTCGGTA,0
mux-GCTAACGAGGAGAACA,0
mux-GCTAACGAGGTGCGAA,1
mux-GCTAACGAGTACGCAA,0
mux-GCTAACGAGTCGTAGA,10
mux-GCTAACGAGTCTGTCA,7
mux-GCTAACGAGTGTTCTA,0
mux-GCTAACGAACATTGGC,1
mux-GCTAACGATAGGATGA,0
mux-GCTAACGATATCAGCA,0
mux-GCTAACGATCCGTCTA,0
mux-GCTAACGATCTTCACA,0
mux-GCTAACGATGAAGAGA,0
mux-GCTAACGATGGAACAA,2
mux-GCTAACGATGGCTTCA,0
mux-GCTAACGATGGTGGTA,0
mux-GCTAACGATTCACGCA,0
mux-GCTAACGAAACTCACC,0
mux-GCTAACGACAGATCTG,1
mux-GCTAACGAAAGAGATC,0
mux-GCTAACGAAAGGACAC,3
mux-GCTAACGAAATCCGTC,0
mux-GCTAACGAAATGTTGC,2
mux-GCTAACGAACACGACC,0
mux-GCTAACGAACAGATTC,0
mux-GCTAACGAAGATGTAC,2
mux-GCTAACGAAGCACCTC,13
mux-GCTAACGAAGCCATGC,5
mux-GCTAACGAAGGCTAAC,0
mux-GCTAACGACATCAAGT,4
mux-GCTAACGAATAGCGAC,0
mux-GCTAACGAATCATTCC,0
mux-GCTAACGAATTGGCTC,0
mux-GCTAACGACAAGGAGC,0
mux-GCTAACGACACCTTAC,0
mux-GCTAACGACCATCCTC,0
mux-GCTAACGACCGACAAC,7
mux-GCTAACGACCTAATCC,0
mux-GCTAACGACCTCTATC,0
mux-GCTAACGACGACACAC,0
mux-GCTAACGACGCTGATC,6
mux-GCTAACGACGGATTGC,6
mux-GCTAACGACTAAGGTC,6
mux-GCTAACGAGAACAGGC,0
mux-GCTAACGAGACAGTGC,2
mux-GCTAACGAGAGTTAGC,4
mux-GCTAACGAGATGAATC,10
mux-GCTAACGAGCCAAGAC,0
mux-GCTAACGACGGAAGAA,0
mux-GCTAACGAGTGACAAG,0
mux-GCTAACGAGAACCAGA,2
mux-GCTCGGTAAACGTGAT,10
mux-GCTCGGTAACAAGCTA,1
mux-GCTCGGTATTGCTGGA,0
mux-GCTCGGTACTGTAGCC,2
mux-GCTCGGTAAGTACAAG,1
mux-GCTCGGTAAACAACCA,1
mux-GCTCGGTAAACCGAGA,12
mux-GCTCGGTAAACGCTTA,4
mux-GCTCGGTAAAGACGGA,9
mux-GCTCGGTAAAGGTACA,1
mux-GCTCGGTAACACAGAA,1
mux-GCTCGGTAACAGCAGA,1
mux-GCTCGGTAAAACATCG,1
mux-GCTCGGTAACCTCCAA,1
mux-GCTCGGTAACGCTCGA,1
mux-GCTCGGTAACGTATCA,1
mux-GCTCGGTAACTATGCA,3
mux-GCTCGGTAAGAGTCAA,1
mux-GCTCGGTAAGATCGCA,1
mux-GCTCGGTAAGCAGGAA,2
mux-GCTCGGTAAGTCACTA,1
mux-GCTCGGTAATCCTGTA,2
mux-GCTCGGTAATTGAGGA,1
mux-GCTCGGTAATGCCTAA,1
mux-GCTCGGTACAACCACA,3
mux-GCTCGGTAGACTAGTA,8
mux-GCTCGGTACAATGGAA,4
mux-GCTCGGTACACTTCGA,2
mux-GCTCGGTACAGCGTTA,3
mux-GCTCGGTACATACCAA,2
mux-GCTCGGTACCAGTTCA,11
mux-GCTCGGTACCGAAGTA,0
mux-GCTCGGTACCGTGAGA,0
mux-GCTCGGTACCTCCTGA,11
mux-GCTCGGTAAGTGGTCA,8
mux-GCTCGGTACGAACTTA,0
mux-GCTCGGTACGACTGGA,0
mux-GCTCGGTACGCATACA,4
mux-GCTCGGTACTCAATGA,0
mux-GCTCGGTACTGAGCCA,3
mux-GCTCGGTACTGGCATA,0
mux-GCTCGGTAGAATCTGA,0
mux-GCTCGGTACAAGACTA,3
mux-GCTCGGTAGAGCTGAA,0
mux-GCTCGGTAGATAGACA,0
mux-GCTCGGTAACCACTGT,1
mux-GCTCGGTAGCCACATA,0
mux-GCTCGGTAGCGAGTAA,0
mux-GCTCGGTAGCTAACGA,4
mux-GCTCGGTAGCTCGGTA,0
mux-GCTCGGTAGGAGAACA,0
mux-GCTCGGTAGGTGCGAA,0
mux-GCTCGGTAGTACGCAA,0
mux-GCTCGGTAGTCGTAGA,9
mux-GCTCGGTAGTCTGTCA,0
mux-GCTCGGTAGTGTTCTA,4
mux-GCTCGGTAACATTGGC,1
mux-GCTCGGTATAGGATGA,0
mux-GCTCGGTATATCAGCA,3
mux-GCTCGGTATCCGTCTA,2
mux-GCTCGGTATCTTCACA,0
mux-GCTCGGTATGAAGAGA,0
mux-GCTCGGTATGGAACAA,0
mux-GCTCGGTATGGCTTCA,0
mux-GCTCGGTATGGTGGTA,7
mux-GCTCGGTATTCACGCA,0
mux-GCTCGGTAAACTCACC,9
mux-GCTCGGTACAGATCTG,2
mux-GCTCGGTAAAGAGATC,4
mux-GCTCGGTAAAGGACAC,8
mux-GCTCGGTAAATCCGTC,11
mux-GCTCGGTAAATGTTGC,6
mux-GCTCGGTAACACGACC,0
mux-GCTCGGTAACAGATTC,0
mux-GCTCGGTAAGATGTAC,0
mux-GCTCGGTAAGCACCTC,3
mux-GCTCGGTAAGCCATGC,0
mux-GCTCGGTAAGGCTAAC,9
mux-GCTCGGTACATCAAGT,9
mux-GCTCGGTAATAGCGAC,0
mux-GCTCGGTAATCATTCC,0
mux-GCTCGGTAATTGGCTC,4
mux-GCTCGGTACAAGGAGC,0
mux-GCTCGGTACACCTTAC,4
mux-GCTCGGTACCATCCTC,10
mux-GCTCGGTACCGACAAC,7
mux-GCTCGGTACCTAATCC,1
mux-GCTCGGTACCTCTATC,0
mux-GCTCGGTACGACACAC,0
mux-GCTCGGTACGCTGATC,10
mux-GCTCGGTACGGATTGC,0
mux-GCTCGGTACTAAGGTC,0
mux-GCTCGGTAGAACAGGC,0
mux-GCTCGGTAGACAGTGC,2
mux-GCTCGGTAGAGTTAGC,8
mux-GCTCGGTAGATGAATC,0
mux-GCTCGGTAGCCAAGAC,0
mux-GCTCGGTACGGAAGAA,6
mux-GCTCGGTAGTGACAAG,11
mux-GCTCGGTAGAACCAGA,0
mux-GGAGAACAAACGTGAT,1
mux-GGAGAACAACAAGCTA,7
mux-GGAGAACATTGCTGGA,0
mux-GGAGAACACTGTAGCC,1
mux-GGAGAACAAGTACAAG,8
mux-GGAGAACAAACAACCA,1
mux-GGAGAACAAACCGAGA,1
mux-GGAGAACAAACGCTTA,1
mux-GGAGAACAAAGACGGA,14
mux-GGAGAACAAAGGTACA,6
mux-GGAGAACAACACAGAA,4
mux-GGAGAACAACAGCAGA,1
mux-GGAGAACAAAACATCG,7
mux-GGAGAACAACCTCCAA,1
mux-GGAGAACAACGCTCGA,1
mux-GGAGAACAACGTATCA,2
mux-GGAGAACAACTATGCA,1
mux-GGAGAACAAGAGTCAA,1
mux-GGAGAACAAGATCGCA,7
mux-GGAGAACAAGCAGGAA,5
mux-GGAGAACAAGTCACTA,1
mux-GGAGAACAATCCTGTA,4
mux-GGAGAACAATTGAGGA,1
mux-GGAGAACAATGCCTAA,1
mux-GGAGAACACAACCACA,6
mux-GGAGAACAGACTAGTA,3
mux-GGAGAACACAATGGAA,3
mux-GGAGAACACACTTCGA,4
mux-GGAGAACACAGCGTTA,2
mux-GGAGAACACATACCAA,4
mux-GGAGAACACCAGTTCA,2
mux-GGAGAACACCGAAGTA,0
mux-GGAGAACACCGTGAGA,5
mux-GGAGAACACCTCCTGA,0
mux-GGAGAACAAGTGGTCA,1
mux-GGAGAACACGAACTTA,5
mux-GGAGAACACGACTGGA,0
mux-GGAGAACACGCATACA,2
mux-GGAGAACACTCAATGA,0
mux-GGAGAACACTGAGCCA,2
mux-GGAGAACACTGGCATA,0
mux-GGAGAACAGAATCTGA,0
mux-GGAGAACACAAGACTA,0
mux-GGAGAACAGAGCTGAA,0
mux-GGAGAACAGATAGACA,4
mux-GGAGAACAACCACTGT,1
mux-GGAGAACAGCCACATA,4
mux-GGAGAACAGCGAGTAA,0
mux-GGAGAACAGCTAACGA,0
mux-GGAGAACAGCTCGGTA,0
mux-GGAGAACAGGAGAACA,0
mux-GGAGAACAGGTGCGAA,0
mux-GGAGAACAGTACGCAA,7
mux-GGAGAACAGTCGTAGA,0
mux-GGAGAACAGTCTGTCA,0
mux-GGAGAACAGTGTTCTA,0
mux-GGAGAACAACATTGGC,1
mux-GGAGAACATAGGATGA,2
mux-GGAGAACATATCAGCA,0
mux-GGAGAACATCCGTCTA,0
mux-GGAGAACATCTTCACA,11
mux-GGAGAACATGAAGAGA,3
mux-GGAGAACATGGAACAA,7
mux-GGAGAACATGGCTTCA,9
mux-GGAGAACATGGTGGTA,0
mux-GGAGAACATTCACGCA,0
mux-GGAGAACAAACTCACC,6
mux-GGAGAACACAGATCTG,1
mux-GGAGAACAAAGAGATC,0
mux-GGAGAACAAAGGACAC,4
mux-GGAGAACAAATCCGTC,11
mux-GGAGAACAAATGTTGC,4
mux-GGAGAACAACACGACC,0
mux-GGAGAACAACAGATTC,0
mux-GGAGAACAAGATGTAC,0
mux-GGAGAACAAGCACCTC,7
mux-GGAGAACAAGCCATGC,3
mux-GGAGAACAAGGCTAAC,0
mux-GGAGAACACATCAAGT,1
mux-GGAGAACAATAGCGAC,10
mux-GGAGAACAATCATTCC,0
mux-GGAGAACAATTGGCTC,3
mux-GGAGAACACAAGGAGC,0
mux-GGAGAACACACCTTAC,0
mux-GGAGAACACCATCCTC,3
mux-GGAGAACACCGACAAC,0
mux-GGAGAACACCTAATCC,15
mux-GGAGAACACCTCTATC,0
mux-GGAGAACACGACACAC,0
mux-GGAGAACACGCTGATC,1
mux-GGAGAACACGGATTGC,0
mux-GGAGAACACTAAGGTC,0
mux-GGAGAACAGAACAGGC,0
mux-GGAGAACAGACAGTGC,0
mux-GGAGAACAGAGTTAGC,0
mux-GGAGAACAGATGAATC,0
mux-GGAGAACAGCCAAGAC,0
mux-GGAGAACACGGAAGAA,0
mux-GGAGAACAGTGACAAG,0
mux-GGAGAACAGAACCAGA,0
mux-GGTGCGAAAACGTGAT,1
mux-GGTGCGAAACAAGCTA,1
mux-GGTGCGAATTGCTGGA,0
mux-GGTGCGAACTGTAGCC,1
mux-GGTGCGAAAGTACAAG,1
mux-GGTGCGAAAACAACCA,6
mux-GGTGCGAAAACCGAGA,12
mux-GGTGCGAAAACGCTTA,1
mux-GGTGCGAAAAGACGGA,1
mux-GGTGCGAAAAGGTACA,9
mux-GGTGCGAAACACAGAA,1
mux-GGTGCGAAACAGCAGA,7
mux-GGTGCGAAAAACATCG,5
mux-GGTGCGAAACCTCCAA,4
mux-GGTGCGAAACGCTCGA,1
mux-GGTGCGAAACGTATCA,1
mux-GGTGCGAAACTATGCA,1
mux-GGTGCGAAAGAGTCAA,1
mux-GGTGCGAAAGATCGCA,1
mux-GGTGCGAAAGCAGGAA,1
mux-GGTGCGAAAGTCACTA,3
mux-GGTGCGAAATCCTGTA,4
mux-GGTGCGAAATTGAGGA,1
mux-GGTGCGAAATGCCTAA,1
mux-GGTGCGAACAACCACA,7
mux-GGTGCGAAGACTAGTA,11
mux-GGTGCGAACAATGGAA,1
mux-GGTGCGAACACTTCGA,14
mux-GGTGCGAACAGCGTTA,9
mux-GGTGCGAACATACCAA,8
mux-GGTGCGAACCAGTTCA,4
mux-GGTGCGAACCGAAGTA,0
mux-GGTGCGAACCGTGAGA,8
mux-GGTGCGAACCTCCTGA,3
mux-GGTGCGAAAGTGGTCA,4
mux-GGTGCGAACGAACTTA,0
mux-GGTGCGAACGACTGGA,0
mux-GGTGCGAACGCATACA,9
mux-GGTGCGAACTCAATGA,1
mux-GGTGCGAACTGAGCCA,11
mux-GGTGCGAACTGGCATA,4
mux-GGTGCGAAGAATCTGA,0
mux-GGTGCGAACAAGACTA,0
mux-GGTGCGAAGAGCTGAA,0
mux-GGTGCGAAGATAGACA,0
mux-GGTGCGAAACCACTGT,1
mux-GGTGCGAAGCCACATA,3
mux-GGTGCGAAGCGAGTAA,0
mux-GGTGCGAAGCTAACGA,0
mux-GGTGCGAAGCTCGGTA,0
mux-GGTGCGAAGGAGAACA,0
mux-GGTGCGAAGGTGCGAA,0
mux-GGTGCGAAGTACGCAA,9
mux-GGTGCGAAGTCGTAGA,13
mux-GGTGCGAAGTCTGTCA,4
mux-GGTGCGAAGTGTTCTA,12
mux-GGTGCGAAACATTGGC,1
mux-GGTGCGAATAGGATGA,0
mux-GGTGCGAATATCAGCA,4
mux-GGTGCGAATCCGTCTA,0
mux-GGTGCGAATCTTCACA,0
mux-GGTGCGAATGAAGAGA,0
mux-GGTGCGAATGGAACAA,0
mux-GGTGCGAATGGCTTCA,0
mux-GGTGCGAATGGTGGTA,0
mux-GGTGCGAATTCACGCA,0
mux-GGTGCGAAAACTCACC,0
mux-GGTGCGAACAGATCTG,1
mux-GGTGCGAAAAGAGATC,0
mux-GGTGCGAAAAGGACAC,0
mux-GGTGCGAAAATCCGTC,0
mux-GGTGCGAAAATGTTGC,1
mux-GGTGCGAAACACGACC,0
mux-GGTGCGAAACAGATTC,0
mux-GGTGCGAAAGATGTAC,0
mux-GGTGCGAAAGCACCTC,9
mux-GGTGCGAAAGCCATGC,11
mux-GGTGCGAAAGGCTAAC,8
mux-GGTGCGAACATCAAGT,1
mux-GGTGCGAAATAGCGAC,3
mux-GGTGCGAAATCATTCC,0
mux-GGTGCGAAATTGGCTC,1
mux-GGTGCGAACAAGGAGC,0
mux-GGTGCGAACACCTTAC,0
mux-GGTGCGAACCATCCTC,0
mux-GGTGCGAACCGACAAC,0
mux-GGTGCGAACCTAATCC,11
mux-GGTGCGAACCTCTATC,0
mux-GGTGCGAACGACACAC,0
mux-GGTGCGAACGCTGATC,1
mux-GGTGCGAACGGATTGC,9
mux-GGTGCGAACTAAGGTC,0
mux-GGTGCGAAGAACAGGC,0
mux-GGTGCGAAGACAGTGC,0
mux-GGTGCGAAGAGTTAGC,3
mux-GGTGCGAAGATGAATC,0
mux-GGTGCGAAGCCAAGAC,4
mux-GGTGCGAACGGAAGAA,3
mux-GGTGCGAAGTGACAAG,6
mux-GGTGCGAAGAACCAGA,0
mux-GTACGCAAAACGTGAT,1
mux-GTACGCAAACAAGCTA,1
mux-GTACGCAATTGCTGGA,0
mux-GTACGCAACTGTAGCC,1
mux-GTACGCAAAGTACAAG,2
mux-GTACGCAAAACAACCA,9
mux-GTACGCAAAACCGAGA,1
mux-GTACGCAAAACGCTTA,13
mux-GTACGCAAAAGACGGA,14
mux-GTACGCAAAAGGTACA,1
mux-GTACGCAAACACAGAA,4
mux-GTACGCAAACAGCAGA,1
mux-GTACGCAAAAACATCG,3
mux-GTACGCAAACCTCCAA,2
mux-GTACGCAAACGCTCGA,3
mux-GTACGCAAACGTATCA,1
mux-GTACGCAAACTATGCA,1
mux-GTACGCAAAGAGTCAA,1
mux-GTACGCAAAGATCGCA,5
mux-GTACGCAAAGCAGGAA,1
mux-GTACGCAAAGTCACTA,7
mux-GTACGCAAATCCTGTA,1
mux-GTACGCAAATTGAGGA,1
mux-GTACGCAAATGCCTAA,5
mux-GTACGCAACAACCACA,1
mux-GTACGCAAGACTAGTA,0
mux-GTACGCAACAATGGAA,3
mux-GTACGCAACACTTCGA,12
mux-GTACGCAACAGCGTTA,7
mux-GTACGCAACATACCAA,4
mux-GTACGCAACCAGTTCA,4
mux-GTACGCAACCGAAGTA,0
mux-GTACGCAACCGTGAGA,0
mux-GTACGCAACCTCCTGA,0
mux-GTACGCAAAGTGGTCA,4
mux-GTACGCAACGAACTTA,0
mux-GTACGCAACGACTGGA,0
mux-GTACGCAACGCATACA,0
mux-GTACGCAACTCAATGA,4
mux-GTACGCAACTGAGCCA,7
mux-GTACGCAACTGGCATA,0
mux-GTACGCAAGAATCTGA,0
mux-GTACGCAACAAGACTA,0
mux-GTACGCAAGAGCTGAA,3
mux-GTACGCAAGATAGACA,12
mux-GTACGCAAACCACTGT,2
mux-GTACGCAAGCCACATA,0
mux-GTACGCAAGCGAGTAA,13
mux-GTACGCAAGCTAACGA,0
mux-GTACGCAAGCTCGGTA,0
mux-GTACGCAAGGAGAACA,3
mux-GTACGCAAGGTGCGAA,2
mux-GTACGCAAGTACGCAA,5
mux-GTACGCAAGTCGTAGA,0
mux-GTACGCAAGTCTGTCA,2
mux-GTACGCAAGTGTTCTA,0
mux-GTACGCAAACATTGGC,5
mux-GTACGCAATAGGATGA,4
mux-GTACGCAATATCAGCA,0
mux-GTACGCAATCCGTCTA,0
mux-GTACGCAATCTTCACA,7
mux-GTACGCAATGAAGAGA,0
mux-GTACGCAATGGAACAA,0
mux-GTACGCAATGGCTTCA,0
mux-GTACGCAATGGTGGTA,0
mux-GTACGCAATTCACGCA,2
mux-GTACGCAAAACTCACC,0
mux-GTACGCAACAGATCTG,1
mux-GTACGCAAAAGAGATC,2
mux-GTACGCAAAAGGACAC,0
mux-GTACGCAAAATCCGTC,6
mux-GTACGCAAAATGTTGC,0
mux-GTACGCAAACACGACC,6
mux-GTACGCAAACAGATTC,0
mux-GTACGCAAAGATGTAC,0
mux-GTACGCAAAGCACCTC,5
mux-GTACGCAAAGCCATGC,2
mux-GTACGCAAAGGCTAAC,6
mux-GTACGCAACATCAAGT,1
mux-GTACGCAAATAGCGAC,12
mux-GTACGCAAATCATTCC,3
mux-GTACGCAAATTGGCTC,0
mux-GTACGCAACAAGGAGC,0
mux-GTACGCAACACCTTAC,0
mux-GTACGCAACCATCCTC,0
mux-GTACGCAACCGACAAC,0
mux-GTACGCAACCTAATCC,3
mux-GTACGCAACCTCTATC,0
mux-GTACGCAACGACACAC,0
mux-GTACGCAACGCTGATC,1
mux-GTACGCAACGGATTGC,4
mux-GTACGCAACTAAGGTC,0
mux-GTACGCAAGAACAGGC,0
mux-GTACGCAAGACAGTGC,3
mux-GTACGCAAGAGTTAGC,0
mux-GTACGCAAGATGAATC,0
mux-GTACGCAAGCCAAGAC,9
mux-GTACGCAACGGAAGAA,16
mux-GTACGCAAGTGACAAG,12
mux-GTACGCAAGAACCAGA,0
mux-GTCGTAGAAACGTGAT,2
mux-GTCGTAGAACAAGCTA,13
mux-GTCGTAGATTGCTGGA,3
mux-GTCGTAGACTGTAGCC,1
mux-GTCGTAGAAGTACAAG,6
mux-GTCGTAGAAACAACCA,3
mux-GTCGTAGAAACCGAGA,6
mux-GTCGTAGAAACGCTTA,1
mux-GTCGTAGAAAGACGGA,2
mux-GTCGTAGAAAGGTACA,8
mux-GTCGTAGAACACAGAA,1
mux-GTCGTAGAACAGCAGA,3
mux-GTCGTAGAAAACATCG,1
mux-GTCGTAGAACCTCCAA,7
mux-GTCGTAGAACGCTCGA,1
mux-GTCGTAGAACGTATCA,9
mux-GTCGTAGAACTATGCA,1
mux-GTCGTAGAAGAGTCAA,1
mux-GTCGTAGAAGATCGCA,1
mux-GTCGTAGAAGCAGGAA,5
mux-GTCGTAGAAGTCACTA,1
mux-GTCGTAGAATCCTGTA,3
mux-GTCGTAGAATTGAGGA,1
mux-GTCGTAGAATGCCTAA,1
mux-GTCGTAGACAACCACA,7
mux-GTCGTAGAGACTAGTA,2
mux-GTCGTAGACAATGGAA,3
mux-GTCGTAGACACTTCGA,8
mux-GTCGTAGACAGCGTTA,7
mux-GTCGTAGACATACCAA,14
mux-GTCGTAGACCAGTTCA,4
mux-GTCGTAGACCGAAGTA,10
mux-GTCGTAGACCGTGAGA,6
mux-GTCGTAGACCTCCTGA,0
mux-GTCGTAGAAGTGGTCA,1
mux-GTCGTAGACGAACTTA,0
mux-GTCGTAGACGACTGGA,0
mux-GTCGTAGACGCATACA,0
mux-GTCGTAGACTCAATGA,5
mux-GTCGTAGACTGAGCCA,8
mux-GTCGTAGACTGGCATA,0
mux-GTCGTAGAGAATCTGA,0
mux-GTCGTAGACAAGACTA,1
mux-GTCGTAGAGAGCTGAA,0
mux-GTCGTAGAGATAGACA,0
mux-GTCGTAGAACCACTGT,1
mux-GTCGTAGAGCCACATA,9
mux-GTCGTAGAGCGAGTAA,9
mux-GTCGTAGAGCTAACGA,14
mux-GTCGTAGAGCTCGGTA,13
mux-GTCGTAGAGGAGAACA,8
mux-GTCGTAGAGGTGCGAA,0
mux-GTCGTAGAGTACGCAA,0
mux-GTCGTAGAGTCGTAGA,5
mux-GTCGTAGAGTCTGTCA,0
mux-GTCGTAGAGTGTTCTA,0
mux-GTCGTAGAACATTGGC,14
mux-GTCGTAGATAGGATGA,0
mux-GTCGTAGATATCAGCA,13
mux-GTCGTAGATCCGTCTA,7
mux-GTCGTAGATCTTCACA,2
mux-GTCGTAGATGAAGAGA,0
mux-GTCGTAGATGGAACAA,0
mux-GTCGTAGATGGCTTCA,5
mux-GTCGTAGATGGTGGTA,12
mux-GTCGTAGATTCACGCA,3
mux-GTCGTAGAAACTCACC,0
mux-GTCGTAGACAGATCTG,1
mux-GTCGTAGAAAGAGATC,0
mux-GTCGTAGAAAGGACAC,0
mux-GTCGTAGAAATCCGTC,0
mux-GTCGTAGAAATGTTGC,0
mux-GTCGTAGAACACGACC,7
mux-GTCGTAGAACAGATTC,0
mux-GTCGTAGAAGATGTAC,3
mux-GTCGTAGAAGCACCTC,0
mux-GTCGTAGAAGCCATGC,11
mux-GTCGTAGAAGGCTAAC,7
mux-GTCGTAGACATCAAGT,1
mux-GTCGTAGAATAGCGAC,0
mux-GTCGTAGAATCATTCC,4
mux-GTCGTAGAATTGGCTC,0
mux-GTCGTAGACAAGGAGC,0
mux-GTCGTAGACACCTTAC,7
mux-GTCGTAGACCATCCTC,0
mux-GTCGTAGACCGACAAC,0
mux-GTCGTAGACCTAATCC,3
mux-GTCGTAGACCTCTATC,1
mux-GTCGTAGACGACACAC,0
mux-GTCGTAGACGCTGATC,1
mux-GTCGTAGACGGATTGC,0
mux-GTCGTAGACTAAGGTC,0
mux-GTCGTAGAGAACAGGC,10
mux-GTCGTAGAGACAGTGC,8
mux-GTCGTAGAGAGTTAGC,0
mux-GTCGTAGAGATGAATC,0
mux-GTCGTAGAGCCAAGAC,0
mux-GTCGTAGACGGAAGAA,0
mux-GTCGTAGAGTGACAAG,0
mux-GTCGTAGAGAACCAGA,9
mux-GTCTGTCAAACGTGAT,9
mux-GTCTGTCAACAAGCTA,1
mux-GTCTGTCATTGCTGGA,0
mux-GTCTGTCACTGTAGCC,3
mux-GTCTGTCAAGTACAAG,2
mux-GTCTGTCAAACAACCA,1
mux-GTCTGTCAAACCGAGA,1
mux-GTCTGTCAAACGCTTA,3
mux-GTCTGTCAAAGACGGA,1
mux-GTCTGTCAAAGGTACA,1
mux-GTCTGTCAACACAGAA,1
mux-GTCTGTCAACAGCAGA,14
mux-GTCTGTCAAAACATCG,7
mux-GTCTGTCAACCTCCAA,1
mux-GTCTGTCAACGCTCGA,1
mux-GTCTGTCAACGTATCA,2
mux-GTCTGTCAACTATGCA,1
mux-GTCTGTCAAGAGTCAA,3
mux-GTCTGTCAAGATCGCA,1
mux-GTCTGTCAAGCAGGAA,3
mux-GTCTGTCAAGTCACTA,1
mux-GTCTGTCAATCCTGTA,3
mux-GTCTGTCAATTGAGGA,1
mux-GTCTGTCAATGCCTAA,1
mux-GTCTGTCACAACCACA,1
mux-GTCTGTCAGACTAGTA,1
mux-GTCTGTCACAATGGAA,1
mux-GTCTGTCACACTTCGA,13
mux-GTCTGTCACAGCGTTA,2
mux-GTCTGTCACATACCAA,4
mux-GTCTGTCACCAGTTCA,4
mux-GTCTGTCACCGAAGTA,2
mux-GTCTGTCACCGTGAGA,5
mux-GTCTGTCACCTCCTGA,3
mux-GTCTGTCAAGTGGTCA,1
mux-GTCTGTCACGAACTTA,0
mux-GTCTGTCACGACTGGA,0
mux-GTCTGTCACGCATACA,0
mux-GTCTGTCACTCAATGA,0
mux-GTCTGTCACTGAGCCA,0
mux-GTCTGTCACTGGCATA,0
mux-GTCTGTCAGAATCTGA,0
mux-GTCTGTCACAAGACTA,0
mux-GTCTGTCAGAGCTGAA,0
mux-GTCTGTCAGATAGACA,5
mux-GTCTGTCAACCACTGT,1
mux-GTCTGTCAGCCACATA,11
mux-GTCTGTCAGCGAGTAA,0
mux-GTCTGTCAGCTAACGA,9
mux-GTCTGTCAGCTCGGTA,0
mux-GTCTGTCAGGAGAACA,0
mux-GTCTGTCAGGTGCGAA,2
mux-GTCTGTCAGTACGCAA,3
mux-GTCTGTCAGTCGTAGA,0
mux-GTCTGTCAGTCTGTCA,0
mux-GTCTGTCAGTGTTCTA,0
mux-GTCTGTCAACATTGGC,15
mux-GTCTGTCATAGGATGA,13
mux-GTCTGTCATATCAGCA,3
mux-GTCTGTCATCCGTCTA,6
mux-GTCTGTCATCTTCACA,12
mux-GTCTGTCATGAAGAGA,0
mux-GTCTGTCATGGAACAA,4
mux-GTCTGTCATGGCTTCA,2
mux-GTCTGTCATGGTGGTA,12
mux-GTCTGTCATTCACGCA,0
mux-GTCTGTCAAACTCACC,10
mux-GTCTGTCACAGATCTG,1
mux-GTCTGTCAAAGAGATC,0
mux-GTCTGTCAAAGGACAC,0
mux-GTCTGTCAAATCCGTC,3
mux-GTCTGTCAAATGTTGC,0
mux-GTCTGTCAACACGACC,0
mux-GTCTGTCAACAGATTC,0
mux-GTCTGTCAAGATGTAC,3
mux-GTCTGTCAAGCACCTC,16
mux-GTCTGTCAAGCCATGC,0
mux-GTCTGTCAAGGCTAAC,0
mux-GTCTGTCACATCAAGT,1
mux-GTCTGTCAATAGCGAC,0
mux-GTCTGTCAATCATTCC,4
mux-GTCTGTCAATTGGCTC,0
mux-GTCTGTCACAAGGAGC,0
mux-GTCTGTCACACCTTAC,2
mux-GTCTGTCACCATCCTC,0
mux-GTCTGTCACCGACAAC,0
mux-GTCTGTCACCTAATCC,0
mux-GTCTGTCACCTCTATC,0
mux-GTCTGTCACGACACAC,0
mux-GTCTGTCACGCTGATC,15
mux-GTCTGTCACGGATTGC,7
mux-GTCTGTCACTAAGGTC,0
mux-GTCTGTCAGAACAGGC,11
mux-GTCTGTCAGACAGTGC,0
mux-GTCTGTCAGAGTTAGC,16
mux-GTCTGTCAGATGAATC,0
mux-GTCTGTCAGCCAAGAC,0
mux-GTCTGTCACGGAAGAA,0
mux-GTCTGTCAGTGACAAG,0
mux-GTCTGTCAGAACCAGA,0
mux-GTGTTCTAAACGTGAT,1
mux-GTGTTCTAACAAGCTA,1
mux-GTGTTCTATTGCTGGA,0
mux-GTGTTCTACTGTAGCC,2
mux-GTGTTCTAAGTACAAG,4
mux-GTGTTCTAAACAACCA,7
mux-GTGTTCTAAACCGAGA,3
mux-GTGTTCTAAACGCTTA,2
mux-GTGTTCTAAAGACGGA,1
mux-GTGTTCTAAAGGTACA,5
mux-GTGTTCTAACACAGAA,5
mux-GTGTTCTAACAGCAGA,1
mux-GTGTTCTAAAACATCG,4
mux-GTGTTCTAACCTCCAA,6
mux-GTGTTCTAACGCTCGA,1
mux-GTGTTCTAACGTATCA,3
mux-GTGTTCTAACTATGCA,1
mux-GTGTTCTAAGAGTCAA,4
mux-GTGTTCTAAGATCGCA,2
mux-GTGTTCTAAGCAGGAA,3
mux-GTGTTCTAAGTCACTA,1
mux-GTGTTCTAATCCTGTA,4
mux-GTGTTCTAATTGAGGA,9
mux-GTGTTCTAATGCCTAA,1
mux-GTGTTCTACAACCACA,4
mux-GTGTTCTAGACTAGTA,1
mux-GTGTTCTACAATGGAA,3
mux-GTGTTCTACACTTCGA,2
mux-GTGTTCTACAGCGTTA,2
mux-GTGTTCTACATACCAA,1
mux-GTGTTCTACCAGTTCA,2
mux-GTGTTCTACCGAAGTA,4
mux-GTGTTCTACCGTGAGA,3
mux-GTGTTCTACCTCCTGA,3
mux-GTGTTCTAAGTGGTCA,5
mux-GTGTTCTACGAACTTA,10
mux-GTGTTCTACGACTGGA,6
mux-GTGTTCTACGCATACA,13
mux-GTGTTCTACTCAATGA,3
mux-GTGTTCTACTGAGCCA,0
mux-GTGTTCTACTGGCATA,0
mux-GTGTTCTAGAATCTGA,9
mux-GTGTTCTACAAGACTA,0
mux-GTGTTCTAGAGCTGAA,0
mux-GTGTTCTAGATAGACA,0
mux-GTGTTCTAACCACTGT,1
mux-GTGTTCTAGCCACATA,0
mux-GTGTTCTAGCGAGTAA,0
mux-GTGTTCTAGCTAACGA,9
mux-GTGTTCTAGCTCGGTA,4
mux-GTGTTCTAGGAGAACA,2
mux-GTGTTCTAGGTGCGAA,2
mux-GTGTTCTAGTACGCAA,0
mux-GTGTTCTAGTCGTAGA,4
mux-GTGTTCTAGTCTGTCA,6
mux-GTGTTCTAGTGTTCTA,0
mux-GTGTTCTAACATTGGC,7
mux-GTGTTCTATAGGATGA,1
mux-GTGTTCTATATCAGCA,11
mux-GTGTTCTATCCGTCTA,9
mux-GTGTTCTATCTTCACA,3
mux-GTGTTCTATGAAGAGA,4
mux-GTGTTCTATGGAACAA,8
mux-GTGTTCTATGGCTTCA,7
mux-GTGTTCTATGGTGGTA,0
mux-GTGTTCTATTCACGCA,0
mux-GTGTTCTAAACTCACC,0
mux-GTGTTCTACAGATCTG,1
mux-GTGTTCTAAAGAGATC,7
mux-GTGTTCTAAAGGACAC,0
mux-GTGTTCTAAATCCGTC,0
mux-GTGTTCTAAATGTTGC,0
mux-GTGTTCTAACACGACC,0
mux-GTGTTCTAACAGATTC,11
mux-GTGTTCTAAGATGTAC,0
mux-GTGTTCTAAGCACCTC,9
mux-GTGTTCTAAGCCATGC,7
mux-GTGTTCTAAGGCTAAC,0
mux-GTGTTCTACATCAAGT,10
mux-GTGTTCTAATAGCGAC,2
mux-GTGTTCTAATCATTCC,2
mux-GTGTTCTAATTGGCTC,0
mux-GTGTTCTACAAGGAGC,0
mux-GTGTTCTACACCTTAC,0
mux-GTGTTCTACCATCCTC,0
mux-GTGTTCTACCGACAAC,4
mux-GTGTTCTACCTAATCC,0
mux-GTGTTCTACCTCTATC,0
mux-GTGTTCTACGACACAC,9
mux-GTGTTCTACGCTGATC,1
mux-GTGTTCTACGGATTGC,0
mux-GTGTTCTACTAAGGTC,2
mux-GTGTTCTAGAACAGGC,0
mux-GTGTTCTAGACAGTGC,2
mux-GTGTTCTAGAGTTAGC,0
mux-GTGTTCTAGATGAATC,0
mux-GTGTTCTAGCCAAGAC,0
mux-GTGTTCTACGGAAGAA,3
mux-GTGTTCTAGTGACAAG,0
mux-GTGTTCTAGAACCAGA,0
mux-ACCACTGTAACGTGAT,1
mux-ACCACTGTACAAGCTA,10
mux-ACCACTGTTTGCTGGA,2
mux-ACCACTGTCTGTAGCC,1
mux-ACCACTGTAGTACAAG,4
mux-ACCACTGTAACAACCA,1
mux-ACCACTGTAACCGAGA,2
mux-ACCACTGTAACGCTTA,1
mux-ACCACTGTAAGACGGA,1
mux-ACCACTGTAAGGTACA,1
mux-ACCACTGTACACAGAA,1
mux-ACCACTGTACAGCAGA,1
mux-ACCACTGTAAACATCG,1
mux-ACCACTGTACCTCCAA,1
mux-ACCACTGTACGCTCGA,15
mux-ACCACTGTACGTATCA,1
mux-ACCACTGTACTATGCA,1
mux-ACCACTGTAGAGTCAA,1
mux-ACCACTGTAGATCGCA,1
mux-ACCACTGTAGCAGGAA,1
mux-ACCACTGTAGTCACTA,1
mux-ACCACTGTATCCTGTA,1
mux-ACCACTGTATTGAGGA,13
mux-ACCACTGTATGCCTAA,1
mux-ACCACTGTCAACCACA,10
mux-ACCACTGTGACTAGTA,4
mux-ACCACTGTCAATGGAA,4
mux-ACCACTGTCACTTCGA,2
mux-ACCACTGTCAGCGTTA,4
mux-ACCACTGTCATACCAA,5
mux-ACCACTGTCCAGTTCA,5
mux-ACCACTGTCCGAAGTA,12
mux-ACCACTGTCCGTGAGA,5
mux-ACCACTGTCCTCCTGA,5
mux-ACCACTGTAGTGGTCA,1
mux-ACCACTGTCGAACTTA,5
mux-ACCACTGTCGACTGGA,5
mux-ACCACTGTCGCATACA,5
mux-ACCACTGTCTCAATGA,5
mux-ACCACTGTCTGAGCCA,5
mux-ACCACTGTCTGGCATA,5
mux-ACCACTGTGAATCTGA,5
mux-ACCACTGTCAAGACTA,2
mux-ACCACTGTGAGCTGAA,4
mux-ACCACTGTGATAGACA,4
mux-ACCACTGTACCACTGT,1
mux-ACCACTGTGCCACATA,2
mux-ACCACTGTGCGAGTAA,15
mux-ACCACTGTGCTAACGA,8
mux-ACCACTGTGCTCGGTA,5
mux-ACCACTGTGGAGAACA,6
mux-ACCACTGTGGTGCGAA,2
mux-ACCACTGTGTACGCAA,3
mux-ACCACTGTGTCGTAGA,2
mux-ACCACTGTGTCTGTCA,4
mux-ACCACTGTGTGTTCTA,4
mux-ACCACTGTACATTGGC,12
mux-ACCACTGTTAGGATGA,6
mux-ACCACTGTTATCAGCA,3
mux-ACCACTGTTCCGTCTA,11
mux-ACCACTGTTCTTCACA,4
mux-ACCACTGTTGAAGAGA,5
mux-ACCACTGTTGGAACAA,8
mux-ACCACTGTTGGCTTCA,2
mux-ACCACTGTTGGTGGTA,6
mux-ACCACTGTTTCACGCA,2
mux-ACCACTGTAACTCACC,4
mux-ACCACTGTCAGATCTG,1
mux-ACCACTGTAAGAGATC,6
mux-ACCACTGTAAGGACAC,2
mux-ACCACTGTAATCCGTC,2
mux-ACCACTGTAATGTTGC,5
mux-ACCACTGTACACGACC,11
mux-ACCACTGTACAGATTC,4
mux-ACCACTGTAGATGTAC,3
mux-ACCACTGTAGCACCTC,6
mux-ACCACTGTAGCCATGC,4
mux-ACCACTGTAGGCTAAC,8
mux-ACCACTGTCATCAAGT,1
mux-ACCACTGTATAGCGAC,2
mux-ACCACTGTATCATTCC,5
mux-ACCACTGTATTGGCTC,6
mux-ACCACTGTCAAGGAGC,6
mux-ACCACTGTCACCTTAC,3
mux-ACCACTGTCCATCCTC,2
mux-ACCACTGTCCGACAAC,2
mux-ACCACTGTCCTAATCC,2
mux-ACCACTGTCCTCTATC,4
mux-ACCACTGTCGACACAC,3
mux-ACCACTGTCGCTGATC,1
mux-ACCACTGTCGGATTGC,6
mux-ACCACTGTCTAAGGTC,2
mux-ACCACTGTGAACAGGC,3
mux-ACCACTGTGACAGTGC,7
mux-ACCACTGTGAGTTAGC,4
mux-ACCACTGTGATGAATC,14
mux-ACCACTGTGCCAAGAC,4
mux-ACCACTGTCGGAAGAA,14
mux-ACCACTGTGTGACAAG,12
mux-ACCACTGTGAACCAGA,3
mux-TAGGATGAAACGTGAT,1
mux-TAGGATGAACAAGCTA,1
mux-TAGGATGATTGCTGGA,0
mux-TAGGATGACTGTAGCC,1
mux-TAGGATGAAGTACAAG,1
mux-TAGGATGAAACAACCA,3
mux-TAGGATGAAACCGAGA,2
mux-TAGGATGAAACGCTTA,3
mux-TAGGATGAAAGACGGA,1
mux-TAGGATGAAAGGTACA,2
mux-TAGGATGAACACAGAA,1
mux-TAGGATGAACAGCAGA,8
mux-TAGGATGAAAACATCG,1
mux-TAGGATGAACCTCCAA,3
mux-TAGGATGAACGCTCGA,8
mux-TAGGATGAACGTATCA,1
mux-TAGGATGAACTATGCA,1
mux-TAGGATGAAGAGTCAA,1
mux-TAGGATGAAGATCGCA,1
mux-TAGGATGAAGCAGGAA,5
mux-TAGGATGAAGTCACTA,4
mux-TAGGATGAATCCTGTA,1
mux-TAGGATGAATTGAGGA,5
mux-TAGGATGAATGCCTAA,1
mux-TAGGATGACAACCACA,1
mux-TAGGATGAGACTAGTA,1
mux-TAGGATGACAATGGAA,14
mux-TAGGATGACACTTCGA,4
mux-TAGGATGACAGCGTTA,1
mux-TAGGATGACATACCAA,2
mux-TAGGATGACCAGTTCA,2
mux-TAGGATGACCGAAGTA,6
mux-TAGGATGACCGTGAGA,6
mux-TAGGATGACCTCCTGA,3
mux-TAGGATGAAGTGGTCA,1
mux-TAGGATGACGAACTTA,4
mux-TAGGATGACGACTGGA,4
mux-TAGGATGACGCATACA,0
mux-TAGGATGACTCAATGA,0
mux-TAGGATGACTGAGCCA,5
mux-TAGGATGACTGGCATA,11
mux-TAGGATGAGAATCTGA,0
mux-TAGGATGACAAGACTA,0
mux-TAGGATGAGAGCTGAA,3
mux-TAGGATGAGATAGACA,0
mux-TAGGATGAACCACTGT,1
mux-TAGGATGAGCCACATA,0
mux-TAGGATGAGCGAGTAA,0
mux-TAGGATGAGCTAACGA,3
mux-TAGGATGAGCTCGGTA,2
mux-TAGGATGAGGAGAACA,9
mux-TAGGATGAGGTGCGAA,11
mux-TAGGATGAGTACGCAA,0
mux-TAGGATGAGTCGTAGA,0
mux-TAGGATGAGTCTGTCA,3
mux-TAGGATGAGTGTTCTA,9
mux-TAGGATGAACATTGGC,1
mux-TAGGATGATAGGATGA,0
mux-TAGGATGATATCAGCA,0
mux-TAGGATGATCCGTCTA,3
mux-TAGGATGATCTTCACA,0
mux-TAGGATGATGAAGAGA,0
mux-TAGGATGATGGAACAA,11
mux-TAGGATGATGGCTTCA,4
mux-TAGGATGATGGTGGTA,0
mux-TAGGATGATTCACGCA,8
mux-TAGGATGAAACTCACC,0
mux-TAGGATGACAGATCTG,7
mux-TAGGATGAAAGAGATC,0
mux-TAGGATGAAAGGACAC,2
mux-TAGGATGAAATCCGTC,0
mux-TAGGATGAAATGTTGC,10
mux-TAGGATGAACACGACC,0
mux-TAGGATGAACAGATTC,11
mux-TAGGATGAAGATGTAC,0
mux-TAGGATGAAGCACCTC,0
mux-TAGGATGAAGCCATGC,0
mux-TAGGATGAAGGCTAAC,3
mux-TAGGATGACATCAAGT,1
mux-TAGGATGAATAGCGAC,0
mux-TAGGATGAATCATTCC,4
mux-TAGGATGAATTGGCTC,0
mux-TAGGATGACAAGGAGC,0
mux-TAGGATGACACCTTAC,0
mux-TAGGATGACCATCCTC,11
mux-TAGGATGACCGACAAC,0
mux-TAGGATGACCTAATCC,0
mux-TAGGATGACCTCTATC,0
mux-TAGGATGACGACACAC,5
mux-TAGGATGACGCTGATC,1
mux-TAGGATGACGGATTGC,0
mux-TAGGATGACTAAGGTC,0
mux-TAGGATGAGAACAGGC,3
mux-TAGGATGAGACAGTGC,0
mux-TAGGATGAGAGTTAGC,0
mux-TAGGATGAGATGAATC,0
mux-TAGGATGAGCCAAGAC,0
mux-TAGGATGACGGAAGAA,0
mux-TAGGATGAGTGACAAG,0
mux-TAGGATGAGAACCAGA,3
mux-TATCAGCAAACGTGAT,1
mux-TATCAGCAACAAGCTA,1
mux-TATCAGCATTGCTGGA,2
mux-TATCAGCACTGTAGCC,1
mux-TATCAGCAAGTACAAG,1
mux-TATCAGCAAACAACCA,10
mux-TATCAGCAAACCGAGA,1
mux-TATCAGCAAACGCTTA,1
mux-TATCAGCAAAGACGGA,1
mux-TATCAGCAAAGGTACA,12
mux-TATCAGCAACACAGAA,13
mux-TATCAGCAACAGCAGA,4
mux-TATCAGCAAAACATCG,1
mux-TATCAGCAACCTCCAA,1
mux-TATCAGCAACGCTCGA,4
mux-TATCAGCAACGTATCA,1
mux-TATCAGCAACTATGCA,1
mux-TATCAGCAAGAGTCAA,1
mux-TATCAGCAAGATCGCA,3
mux-TATCAGCAAGCAGGAA,1
mux-TATCAGCAAGTCACTA,5
mux-TATCAGCAATCCTGTA,1
mux-TATCAGCAATTGAGGA,1
mux-TATCAGCAATGCCTAA,1
mux-TATCAGCACAACCACA,6
mux-TATCAGCAGACTAGTA,1
mux-TATCAGCACAATGGAA,1
mux-TATCAGCACACTTCGA,4
mux-TATCAGCACAGCGTTA,0
mux-TATCAGCACATACCAA,6
mux-TATCAGCACCAGTTCA,1
mux-TATCAGCACCGAAGTA,3
mux-TATCAGCACCGTGAGA,5
mux-TATCAGCACCTCCTGA,7
mux-TATCAGCAAGTGGTCA,1
mux-TATCAGCACGAACTTA,9
mux-TATCAGCACGACTGGA,0
mux-TATCAGCACGCATACA,7
mux-TATCAGCACTCAATGA,0
mux-TATCAGCACTGAGCCA,0
mux-TATCAGCACTGGCATA,3
mux-TATCAGCAGAATCTGA,4
mux-TATCAGCACAAGACTA,0
mux-TATCAGCAGAGCTGAA,11
mux-TATCAGCAGATAGACA,0
mux-TATCAGCAACCACTGT,1
mux-TATCAGCAGCCACATA,0
mux-TATCAGCAGCGAGTAA,15
mux-TATCAGCAGCTAACGA,1
mux-TATCAGCAGCTCGGTA,1
mux-TATCAGCAGGAGAACA,6
mux-TATCAGCAGGTGCGAA,0
mux-TATCAGCAGTACGCAA,1
mux-TATCAGCAGTCGTAGA,0
mux-TATCAGCAGTCTGTCA,0
mux-TATCAGCAGTGTTCTA,0
mux-TATCAGCAACATTGGC,3
mux-TATCAGCATAGGATGA,0
mux-TATCAGCATATCAGCA,0
mux-TATCAGCATCCGTCTA,3
mux-TATCAGCATCTTCACA,0
mux-TATCAGCATGAAGAGA,0
mux-TATCAGCATGGAACAA,0
mux-TATCAGCATGGCTTCA,0
mux-TATCAGCATGGTGGTA,0
mux-TATCAGCATTCACGCA,0
mux-TATCAGCAAACTCACC,6
mux-TATCAGCACAGATCTG,2
mux-TATCAGCAAAGAGATC,0
mux-TATCAGCAAAGGACAC,10
mux-TATCAGCAAATCCGTC,11
mux-TATCAGCAAATGTTGC,4
mux-TATCAGCAACACGACC,2
mux-TATCAGCAACAGATTC,4
mux-TATCAGCAAGATGTAC,0
mux-TATCAGCAAGCACCTC,5
mux-TATCAGCAAGCCATGC,2
mux-TATCAGCAAGGCTAAC,2
mux-TATCAGCACATCAAGT,4
mux-TATCAGCAATAGCGAC,0
mux-TATCAGCAATCATTCC,0
mux-TATCAGCAATTGGCTC,0
mux-TATCAGCACAAGGAGC,0
mux-TATCAGCACACCTTAC,0
mux-TATCAGCACCATCCTC,0
mux-TATCAGCACCGACAAC,0
mux-TATCAGCACCTAATCC,0
mux-TATCAGCACCTCTATC,8
mux-TATCAGCACGACACAC,0
mux-TATCAGCACGCTGATC,15
mux-TATCAGCACGGATTGC,0
mux-TATCAGCACTAAGGTC,0
mux-TATCAGCAGAACAGGC,0
mux-TATCAGCAGACAGTGC,0
mux-TATCAGCAGAGTTAGC,0
mux-TATCAGCAGATGAATC,0
mux-TATCAGCAGCCAAGAC,0
mux-TATCAGCACGGAAGAA,0
mux-TATCAGCAGTGACAAG,0
mux-TATCAGCAGAACCAGA,0
mux-TCCGTCTAAACGTGAT,1
mux-TCCGTCTAACAAGCTA,1
mux-TCCGTCTATTGCTGGA,0
mux-TCCGTCTACTGTAGCC,1
mux-TCCGTCTAAGTACAAG,1
mux-TCCGTCTAAACAACCA,1
mux-TCCGTCTAAACCGAGA,1
mux-TCCGTCTAAACGCTTA,1
mux-TCCGTCTAAAGACGGA,1
mux-TCCGTCTAAAGGTACA,1
mux-TCCGTCTAACACAGAA,1
mux-TCCGTCTAACAGCAGA,9
mux-TCCGTCTAAAACATCG,3
mux-TCCGTCTAACCTCCAA,1
mux-TCCGTCTAACGCTCGA,4
mux-TCCGTCTAACGTATCA,8
mux-TCCGTCTAACTATGCA,1
mux-TCCGTCTAAGAGTCAA,2
mux-TCCGTCTAAGATCGCA,1
mux-TCCGTCTAAGCAGGAA,4
mux-TCCGTCTAAGTCACTA,1
mux-TCCGTCTAATCCTGTA,1
mux-TCCGTCTAATTGAGGA,1
mux-TCCGTCTAATGCCTAA,7
mux-TCCGTCTACAACCACA,1
mux-TCCGTCTAGACTAGTA,1
mux-TCCGTCTACAATGGAA,1
mux-TCCGTCTACACTTCGA,3
mux-TCCGTCTACAGCGTTA,10
mux-TCCGTCTACATACCAA,9
mux-TCCGTCTACCAGTTCA,7
mux-TCCGTCTACCGAAGTA,9
mux-TCCGTCTACCGTGAGA,6
mux-TCCGTCTACCTCCTGA,7
mux-TCCGTCTAAGTGGTCA,1
mux-TCCGTCTACGAACTTA,11
mux-TCCGTCTACGACTGGA,0
mux-TCCGTCTACGCATACA,0
mux-TCCGTCTACTCAATGA,0
mux-TCCGTCTACTGAGCCA,0
mux-TCCGTCTACTGGCATA,0
mux-TCCGTCTAGAATCTGA,4
mux-TCCGTCTACAAGACTA,0
mux-TCCGTCTAGAGCTGAA,6
mux-TCCGTCTAGATAGACA,0
mux-TCCGTCTAACCACTGT,1
mux-TCCGTCTAGCCACATA,0
mux-TCCGTCTAGCGAGTAA,1
mux-TCCGTCTAGCTAACGA,4
mux-TCCGTCTAGCTCGGTA,0
mux-TCCGTCTAGGAGAACA,0
mux-TCCGTCTAGGTGCGAA,0
mux-TCCGTCTAGTACGCAA,6
mux-TCCGTCTAGTCGTAGA,0
mux-TCCGTCTAGTCTGTCA,0
mux-TCCGTCTAGTGTTCTA,13
mux-TCCGTCTAACATTGGC,1
mux-TCCGTCTATAGGATGA,4
mux-TCCGTCTATATCAGCA,12
mux-TCCGTCTATCCGTCTA,0
mux-TCCGTCTATCTTCACA,0
mux-TCCGTCTATGAAGAGA,0
mux-TCCGTCTATGGAACAA,0
mux-TCCGTCTATGGCTTCA,0
mux-TCCGTCTATGGTGGTA,0
mux-TCCGTCTATTCACGCA,1
mux-TCCGTCTAAACTCACC,0
mux-TCCGTCTACAGATCTG,1
mux-TCCGTCTAAAGAGATC,0
mux-TCCGTCTAAAGGACAC,0
mux-TCCGTCTAAATCCGTC,0
mux-TCCGTCTAAATGTTGC,0
mux-TCCGTCTAACACGACC,0
mux-TCCGTCTAACAGATTC,0
mux-TCCGTCTAAGATGTAC,0
mux-TCCGTCTAAGCACCTC,13
mux-TCCGTCTAAGCCATGC,9
mux-TCCGTCTAAGGCTAAC,6
mux-TCCGTCTACATCAAGT,1
mux-TCCGTCTAATAGCGAC,0
mux-TCCGTCTAATCATTCC,4
mux-TCCGTCTAATTGGCTC,3
mux-TCCGTCTACAAGGAGC,0
mux-TCCGTCTACACCTTAC,0
mux-TCCGTCTACCATCCTC,0
mux-TCCGTCTACCGACAAC,0
mux-TCCGTCTACCTAATCC,0
mux-TCCGTCTACCTCTATC,7
mux-TCCGTCTACGACACAC,0
mux-TCCGTCTACGCTGATC,1
mux-TCCGTCTACGGATTGC,0
mux-TCCGTCTACTAAGGTC,0
mux-TCCGTCTAGAACAGGC,0
mux-TCCGTCTAGACAGTGC,0
mux-TCCGTCTAGAGTTAGC,9
mux-TCCGTCTAGATGAATC,0
mux-TCCGTCTAGCCAAGAC,3
mux-TCCGTCTACGGAAGAA,12
mux-TCCGTCTAGTGACAAG,0
mux-TCCGTCTAGAACCAGA,13
mux-TCTTCACAAACGTGAT,1
mux-TCTTCACAACAAGCTA,1
mux-TCTTCACATTGCTGGA,0
mux-TCTTCACACTGTAGCC,1
mux-TCTTCACAAGTACAAG,1
mux-TCTTCACAAACAACCA,3
mux-TCTTCACAAACCGAGA,9
mux-TCTTCACAAACGCTTA,9
mux-TCTTCACAAAGACGGA,7
mux-TCTTCACAAAGGTACA,6
mux-TCTTCACAACACAGAA,13
mux-TCTTCACAACAGCAGA,5
mux-TCTTCACAAAACATCG,1
mux-TCTTCACAACCTCCAA,7
mux-TCTTCACAACGCTCGA,4
mux-TCTTCACAACGTATCA,14
mux-TCTTCACAACTATGCA,1
mux-TCTTCACAAGAGTCAA,1
mux-TCTTCACAAGATCGCA,1
mux-TCTTCACAAGCAGGAA,1
mux-TCTTCACAAGTCACTA,1
mux-TCTTCACAATCCTGTA,1
mux-TCTTCACAATTGAGGA,1
mux-TCTTCACAATGCCTAA,1
mux-TCTTCACACAACCACA,1
mux-TCTTCACAGACTAGTA,1
mux-TCTTCACACAATGGAA,13
mux-TCTTCACACACTTCGA,3
mux-TCTTCACACAGCGTTA,7
mux-TCTTCACACATACCAA,3
mux-TCTTCACACCAGTTCA,2
mux-TCTTCACACCGAAGTA,2
mux-TCTTCACACCGTGAGA,4
mux-TCTTCACACCTCCTGA,4
mux-TCTTCACAAGTGGTCA,1
mux-TCTTCACACGAACTTA,3
mux-TCTTCACACGACTGGA,11
mux-TCTTCACACGCATACA,0
mux-TCTTCACACTCAATGA,12
mux-TCTTCACACTGAGCCA,0
mux-TCTTCACACTGGCATA,0
mux-TCTTCACAGAATCTGA,0
mux-TCTTCACACAAGACTA,0
mux-TCTTCACAGAGCTGAA,4
mux-TCTTCACAGATAGACA,1
mux-TCTTCACAACCACTGT,1
mux-TCTTCACAGCCACATA,4
mux-TCTTCACAGCGAGTAA,0
mux-TCTTCACAGCTAACGA,0
mux-TCTTCACAGCTCGGTA,0
mux-TCTTCACAGGAGAACA,0
mux-TCTTCACAGGTGCGAA,0
mux-TCTTCACAGTACGCAA,0
mux-TCTTCACAGTCGTAGA,0
mux-TCTTCACAGTCTGTCA,0
mux-TCTTCACAGTGTTCTA,0
mux-TCTTCACAACATTGGC,1
mux-TCTTCACATAGGATGA,2
mux-TCTTCACATATCAGCA,0
mux-TCTTCACATCCGTCTA,0
mux-TCTTCACATCTTCACA,12
mux-TCTTCACATGAAGAGA,10
mux-TCTTCACATGGAACAA,0
mux-TCTTCACATGGCTTCA,9
mux-TCTTCACATGGTGGTA,13
mux-TCTTCACATTCACGCA,0
mux-TCTTCACAAACTCACC,0
mux-TCTTCACACAGATCTG,3
mux-TCTTCACAAAGAGATC,0
mux-TCTTCACAAAGGACAC,1
mux-TCTTCACAAATCCGTC,13
mux-TCTTCACAAATGTTGC,0
mux-TCTTCACAACACGACC,0
mux-TCTTCACAACAGATTC,13
mux-TCTTCACAAGATGTAC,3
mux-TCTTCACAAGCACCTC,0
mux-TCTTCACAAGCCATGC,2
mux-TCTTCACAAGGCTAAC,3
mux-TCTTCACACATCAAGT,15
mux-TCTTCACAATAGCGAC,11
mux-TCTTCACAATCATTCC,5
mux-TCTTCACAATTGGCTC,5
mux-TCTTCACACAAGGAGC,0
mux-TCTTCACACACCTTAC,11
mux-TCTTCACACCATCCTC,5
mux-TCTTCACACCGACAAC,0
mux-TCTTCACACCTAATCC,12
mux-TCTTCACACCTCTATC,0
mux-TCTTCACACGACACAC,0
mux-TCTTCACACGCTGATC,1
mux-TCTTCACACGGATTGC,0
mux-TCTTCACACTAAGGTC,0
mux-TCTTCACAGAACAGGC,3
mux-TCTTCACAGACAGTGC,0
mux-TCTTCACAGAGTTAGC,0
mux-TCTTCACAGATGAATC,3
mux-TCTTCACAGCCAAGAC,0
mux-TCTTCACACGGAAGAA,0
mux-TCTTCACAGTGACAAG,0
mux-TCTTCACAGAACCAGA,0
mux-TGAAGAGAAACGTGAT,1
mux-TGAAGAGAACAAGCTA,1
mux-TGAAGAGATTGCTGGA,11
mux-TGAAGAGACTGTAGCC,1
mux-TGAAGAGAAGTACAAG,3
mux-TGAAGAGAAACAACCA,1
mux-TGAAGAGAAACCGAGA,8
mux-TGAAGAGAAACGCTTA,1
mux-TGAAGAGAAAGACGGA,5
mux-TGAAGAGAAAGGTACA,1
mux-TGAAGAGAACACAGAA,1
mux-TGAAGAGAACAGCAGA,3
mux-TGAAGAGAAAACATCG,2
mux-TGAAGAGAACCTCCAA,3
mux-TGAAGAGAACGCTCGA,2
mux-TGAAGAGAACGTATCA,1
mux-TGAAGAGAACTATGCA,11
mux-TGAAGAGAAGAGTCAA,14
mux-TGAAGAGAAGATCGCA,1
mux-TGAAGAGAAGCAGGAA,1
mux-TGAAGAGAAGTCACTA,1
mux-TGAAGAGAATCCTGTA,4
mux-TGAAGAGAATTGAGGA,1
mux-TGAAGAGAATGCCTAA,1
mux-TGAAGAGACAACCACA,1
mux-TGAAGAGAGACTAGTA,5
mux-TGAAGAGACAATGGAA,1
mux-TGAAGAGACACTTCGA,6
mux-TGAAGAGACAGCGTTA,6
mux-TGAAGAGACATACCAA,4
mux-TGAAGAGACCAGTTCA,5
mux-TGAAGAGACCGAAGTA,2
mux-TGAAGAGACCGTGAGA,9
mux-TGAAGAGACCTCCTGA,13
mux-TGAAGAGAAGTGGTCA,4
mux-TGAAGAGACGAACTTA,2
mux-TGAAGAGACGACTGGA,10
mux-TGAAGAGACGCATACA,0
mux-TGAAGAGACTCAATGA,0
mux-TGAAGAGACTGAGCCA,0
mux-TGAAGAGACTGGCATA,11
mux-TGAAGAGAGAATCTGA,0
mux-TGAAGAGACAAGACTA,0
mux-TGAAGAGAGAGCTGAA,0
mux-TGAAGAGAGATAGACA,0
mux-TGAAGAGAACCACTGT,1
mux-TGAAGAGAGCCACATA,0
mux-TGAAGAGAGCGAGTAA,5
mux-TGAAGAGAGCTAACGA,8
mux-TGAAGAGAGCTCGGTA,2
mux-TGAAGAGAGGAGAACA,5
mux-TGAAGAGAGGTGCGAA,0
mux-TGAAGAGAGTACGCAA,0
mux-TGAAGAGAGTCGTAGA,0
mux-TGAAGAGAGTCTGTCA,0
mux-TGAAGAGAGTGTTCTA,4
mux-TGAAGAGAACATTGGC,5
mux-TGAAGAGATAGGATGA,2
mux-TGAAGAGATATCAGCA,0
mux-TGAAGAGATCCGTCTA,0
mux-TGAAGAGATCTTCACA,0
mux-TGAAGAGATGAAGAGA,0
mux-TGAAGAGATGGAACAA,0
mux-TGAAGAGATGGCTTCA,0
mux-TGAAGAGATGGTGGTA,5
mux-TGAAGAGATTCACGCA,2
mux-TGAAGAGAAACTCACC,0
mux-TGAAGAGACAGATCTG,1
mux-TGAAGAGAAAGAGATC,5
mux-TGAAGAGAAAGGACAC,0
mux-TGAAGAGAAATCCGTC,1
mux-TGAAGAGAAATGTTGC,8
mux-TGAAGAGAACACGACC,3
mux-TGAAGAGAACAGATTC,6
mux-TGAAGAGAAGATGTAC,4
mux-TGAAGAGAAGCACCTC,11
mux-TGAAGAGAAGCCATGC,8
mux-TGAAGAGAAGGCTAAC,0
mux-TGAAGAGACATCAAGT,1
mux-TGAAGAGAATAGCGAC,0
mux-TGAAGAGAATCATTCC,0
mux-TGAAGAGAATTGGCTC,0
mux-TGAAGAGACAAGGAGC,0
mux-TGAAGAGACACCTTAC,0
mux-TGAAGAGACCATCCTC,0
mux-TGAAGAGACCGACAAC,6
mux-TGAAGAGACCTAATCC,4
mux-TGAAGAGACCTCTATC,0
mux-TGAAGAGACGACACAC,0
mux-TGAAGAGACGCTGATC,1
mux-TGAAGAGACGGATTGC,0
mux-TGAAGAGACTAAGGTC,3
mux-TGAAGAGAGAACAGGC,5
mux-TGAAGAGAGACAGTGC,3
mux-TGAAGAGAGAGTTAGC,0
mux-TGAAGAGAGATGAATC,0
mux-TGAAGAGAGCCAAGAC,0
mux-TGAAGAGACGGAAGAA,0
mux-TGAAGAGAGTGACAAG,0
mux-TGAAGAGAGAACCAGA,0
mux-TGGAACAAAACGTGAT,1
mux-TGGAACAAACAAGCTA,1
mux-TGGAACAATTGCTGGA,4
mux-TGGAACAACTGTAGCC,1
mux-TGGAACAAAGTACAAG,1
mux-TGGAACAAAACAACCA,1
mux-TGGAACAAAACCGAGA,1
mux-TGGAACAAAACGCTTA,6
mux-TGGAACAAAAGACGGA,3
mux-TGGAACAAAAGGTACA,1
mux-TGGAACAAACACAGAA,1
mux-TGGAACAAACAGCAGA,14
mux-TGGAACAAAAACATCG,10
mux-TGGAACAAACCTCCAA,2
mux-TGGAACAAACGCTCGA,3
mux-TGGAACAAACGTATCA,4
mux-TGGAACAAACTATGCA,1
mux-TGGAACAAAGAGTCAA,1
mux-TGGAACAAAGATCGCA,1
mux-TGGAACAAAGCAGGAA,9
mux-TGGAACAAAGTCACTA,1
mux-TGGAACAAATCCTGTA,2
mux-TGGAACAAATTGAGGA,1
mux-TGGAACAAATGCCTAA,1
mux-TGGAACAACAACCACA,1
mux-TGGAACAAGACTAGTA,1
mux-TGGAACAACAATGGAA,1
mux-TGGAACAACACTTCGA,5
mux-TGGAACAACAGCGTTA,9
mux-TGGAACAACATACCAA,2
mux-TGGAACAACCAGTTCA,4
mux-TGGAACAACCGAAGTA,3
mux-TGGAACAACCGTGAGA,5
mux-TGGAACAACCTCCTGA,4
mux-TGGAACAAAGTGGTCA,1
mux-TGGAACAACGAACTTA,4
mux-TGGAACAACGACTGGA,0
mux-TGGAACAACGCATACA,0
mux-TGGAACAACTCAATGA,0
mux-TGGAACAACTGAGCCA,0
mux-TGGAACAACTGGCATA,0
mux-TGGAACAAGAATCTGA,11
mux-TGGAACAACAAGACTA,2
mux-TGGAACAAGAGCTGAA,14
mux-TGGAACAAGATAGACA,9
mux-TGGAACAAACCACTGT,1
mux-TGGAACAAGCCACATA,12
mux-TGGAACAAGCGAGTAA,2
mux-TGGAACAAGCTAACGA,0
mux-TGGAACAAGCTCGGTA,4
mux-TGGAACAAGGAGAACA,0
mux-TGGAACAAGGTGCGAA,0
mux-TGGAACAAGTACGCAA,0
mux-TGGAACAAGTCGTAGA,0
mux-TGGAACAAGTCTGTCA,6
mux-TGGAACAAGTGTTCTA,0
mux-TGGAACAAACATTGGC,1
mux-TGGAACAATAGGATGA,0
mux-TGGAACAATATCAGCA,0
mux-TGGAACAATCCGTCTA,0
mux-TGGAACAATCTTCACA,0
mux-TGGAACAATGAAGAGA,0
mux-TGGAACAATGGAACAA,0
mux-TGGAACAATGGCTTCA,0
mux-TGGAACAATGGTGGTA,0
mux-TGGAACAATTCACGCA,0
mux-TGGAACAAAACTCACC,0
mux-TGGAACAACAGATCTG,1
mux-TGGAACAAAAGAGATC,0
mux-TGGAACAAAAGGACAC,0
mux-TGGAACAAAATCCGTC,9
mux-TGGAACAAAATGTTGC,11
mux-TGGAACAAACACGACC,6
mux-TGGAACAAACAGATTC,8
mux-TGGAACAAAGATGTAC,0
mux-TGGAACAAAGCACCTC,3
mux-TGGAACAAAGCCATGC,0
mux-TGGAACAAAGGCTAAC,0
mux-TGGAACAACATCAAGT,1
mux-TGGAACAAATAGCGAC,3
mux-TGGAACAAATCATTCC,3
mux-TGGAACAAATTGGCTC,0
mux-TGGAACAACAAGGAGC,0
mux-TGGAACAACACCTTAC,0
mux-TGGAACAACCATCCTC,4
mux-TGGAACAACCGACAAC,2
mux-TGGAACAACCTAATCC,2
mux-TGGAACAACCTCTATC,0
mux-TGGAACAACGACACAC,0
mux-TGGAACAACGCTGATC,1
mux-TGGAACAACGGATTGC,0
mux-TGGAACAACTAAGGTC,0
mux-TGGAACAAGAACAGGC,0
mux-TGGAACAAGACAGTGC,3
mux-TGGAACAAGAGTTAGC,0
mux-TGGAACAAGATGAATC,0
mux-TGGAACAAGCCAAGAC,0
mux-TGGAACAACGGAAGAA,0
mux-TGGAACAAGTGACAAG,0
mux-TGGAACAAGAACCAGA,0
mux-TGGCTTCAAACGTGAT,3
mux-TGGCTTCAACAAGCTA,1
mux-TGGCTTCATTGCTGGA,6
mux-TGGCTTCACTGTAGCC,1
mux-TGGCTTCAAGTACAAG,1
mux-TGGCTTCAAACAACCA,1
mux-TGGCTTCAAACCGAGA,1
mux-TGGCTTCAAACGCTTA,1
mux-TGGCTTCAAAGACGGA,1
mux-TGGCTTCAAAGGTACA,6
mux-TGGCTTCAACACAGAA,1
mux-TGGCTTCAACAGCAGA,1
mux-TGGCTTCAAAACATCG,9
mux-TGGCTTCAACCTCCAA,4
mux-TGGCTTCAACGCTCGA,1
mux-TGGCTTCAACGTATCA,4
mux-TGGCTTCAACTATGCA,1
mux-TGGCTTCAAGAGTCAA,7
mux-TGGCTTCAAGATCGCA,14
mux-TGGCTTCAAGCAGGAA,1
mux-TGGCTTCAAGTCACTA,4
mux-TGGCTTCAATCCTGTA,1
mux-TGGCTTCAATTGAGGA,3
mux-TGGCTTCAATGCCTAA,1
mux-TGGCTTCACAACCACA,9
mux-TGGCTTCAGACTAGTA,2
mux-TGGCTTCACAATGGAA,2
mux-TGGCTTCACACTTCGA,1
mux-TGGCTTCACAGCGTTA,1
mux-TGGCTTCACATACCAA,2
mux-TGGCTTCACCAGTTCA,1
mux-TGGCTTCACCGAAGTA,8
mux-TGGCTTCACCGTGAGA,3
mux-TGGCTTCACCTCCTGA,2
mux-TGGCTTCAAGTGGTCA,1
mux-TGGCTTCACGAACTTA,9
mux-TGGCTTCACGACTGGA,6
mux-TGGCTTCACGCATACA,0
mux-TGGCTTCACTCAATGA,0
mux-TGGCTTCACTGAGCCA,5
mux-TGGCTTCACTGGCATA,0
mux-TGGCTTCAGAATCTGA,0
mux-TGGCTTCACAAGACTA,0
mux-TGGCTTCAGAGCTGAA,0
mux-TGGCTTCAGATAGACA,4
mux-TGGCTTCAACCACTGT,1
mux-TGGCTTCAGCCACATA,2
mux-TGGCTTCAGCGAGTAA,14
mux-TGGCTTCAGCTAACGA,0
mux-TGGCTTCAGCTCGGTA,0
mux-TGGCTTCAGGAGAACA,2
mux-TGGCTTCAGGTGCGAA,6
mux-TGGCTTCAGTACGCAA,3
mux-TGGCTTCAGTCGTAGA,0
mux-TGGCTTCAGTCTGTCA,0
mux-TGGCTTCAGTGTTCTA,0
mux-TGGCTTCAACATTGGC,1
mux-TGGCTTCATAGGATGA,0
mux-TGGCTTCATATCAGCA,0
mux-TGGCTTCATCCGTCTA,3
mux-TGGCTTCATCTTCACA,13
mux-TGGCTTCATGAAGAGA,3
mux-TGGCTTCATGGAACAA,0
mux-TGGCTTCATGGCTTCA,8
mux-TGGCTTCATGGTGGTA,2
mux-TGGCTTCATTCACGCA,2
mux-TGGCTTCAAACTCACC,0
mux-TGGCTTCACAGATCTG,1
mux-TGGCTTCAAAGAGATC,3
mux-TGGCTTCAAAGGACAC,3
mux-TGGCTTCAAATCCGTC,0
mux-TGGCTTCAAATGTTGC,0
mux-TGGCTTCAACACGACC,4
mux-TGGCTTCAACAGATTC,0
mux-TGGCTTCAAGATGTAC,0
mux-TGGCTTCAAGCACCTC,0
mux-TGGCTTCAAGCCATGC,7
mux-TGGCTTCAAGGCTAAC,6
mux-TGGCTTCACATCAAGT,1
mux-TGGCTTCAATAGCGAC,2
mux-TGGCTTCAATCATTCC,13
mux-TGGCTTCAATTGGCTC,0
mux-TGGCTTCACAAGGAGC,11
mux-TGGCTTCACACCTTAC,5
mux-TGGCTTCACCATCCTC,3
mux-TGGCTTCACCGACAAC,0
mux-TGGCTTCACCTAATCC,7
mux-TGGCTTCACCTCTATC,0
mux-TGGCTTCACGACACAC,0
mux-TGGCTTCACGCTGATC,1
mux-TGGCTTCACGGATTGC,8
mux-TGGCTTCACTAAGGTC,0
mux-TGGCTTCAGAACAGGC,3
mux-TGGCTTCAGACAGTGC,3
mux-TGGCTTCAGAGTTAGC,0
mux-TGGCTTCAGATGAATC,0
mux-TGGCTTCAGCCAAGAC,0
mux-TGGCTTCACGGAAGAA,0
mux-TGGCTTCAGTGACAAG,0
mux-TGGCTTCAGAACCAGA,0
mux-TGGTGGTAAACGTGAT,2
mux-TGGTGGTAACAAGCTA,12
mux-TGGTGGTATTGCTGGA,3
mux-TGGTGGTACTGTAGCC,1
mux-TGGTGGTAAGTACAAG,1
mux-TGGTGGTAAACAACCA,1
mux-TGGTGGTAAACCGAGA,1
mux-TGGTGGTAAACGCTTA,10
mux-TGGTGGTAAAGACGGA,7
mux-TGGTGGTAAAGGTACA,1
mux-TGGTGGTAACACAGAA,7
mux-TGGTGGTAACAGCAGA,1
mux-TGGTGGTAAAACATCG,1
mux-TGGTGGTAACCTCCAA,8
mux-TGGTGGTAACGCTCGA,1
mux-TGGTGGTAACGTATCA,6
mux-TGGTGGTAACTATGCA,1
mux-TGGTGGTAAGAGTCAA,7
mux-TGGTGGTAAGATCGCA,8
mux-TGGTGGTAAGCAGGAA,3
mux-TGGTGGTAAGTCACTA,7
mux-TGGTGGTAATCCTGTA,4
mux-TGGTGGTAATTGAGGA,1
mux-TGGTGGTAATGCCTAA,1
mux-TGGTGGTACAACCACA,14
mux-TGGTGGTAGACTAGTA,1
mux-TGGTGGTACAATGGAA,4
mux-TGGTGGTACACTTCGA,1
mux-TGGTGGTACAGCGTTA,1
mux-TGGTGGTACATACCAA,1
mux-TGGTGGTACCAGTTCA,3
mux-TGGTGGTACCGAAGTA,1
mux-TGGTGGTACCGTGAGA,4
mux-TGGTGGTACCTCCTGA,2
mux-TGGTGGTAAGTGGTCA,1
mux-TGGTGGTACGAACTTA,2
mux-TGGTGGTACGACTGGA,13
mux-TGGTGGTACGCATACA,13
mux-TGGTGGTACTCAATGA,5
mux-TGGTGGTACTGAGCCA,2
mux-TGGTGGTACTGGCATA,0
mux-TGGTGGTAGAATCTGA,5
mux-TGGTGGTACAAGACTA,0
mux-TGGTGGTAGAGCTGAA,0
mux-TGGTGGTAGATAGACA,0
mux-TGGTGGTAACCACTGT,3
mux-TGGTGGTAGCCACATA,3
mux-TGGTGGTAGCGAGTAA,3
mux-TGGTGGTAGCTAACGA,0
mux-TGGTGGTAGCTCGGTA,0
mux-TGGTGGTAGGAGAACA,2
mux-TGGTGGTAGGTGCGAA,3
mux-TGGTGGTAGTACGCAA,0
mux-TGGTGGTAGTCGTAGA,0
mux-TGGTGGTAGTCTGTCA,0
mux-TGGTGGTAGTGTTCTA,0
mux-TGGTGGTAACATTGGC,1
mux-TGGTGGTATAGGATGA,4
mux-TGGTGGTATATCAGCA,0
mux-TGGTGGTATCCGTCTA,0
mux-TGGTGGTATCTTCACA,0
mux-TGGTGGTATGAAGAGA,0
mux-TGGTGGTATGGAACAA,0
mux-TGGTGGTATGGCTTCA,4
mux-TGGTGGTATGGTGGTA,6
mux-TGGTGGTATTCACGCA,0
mux-TGGTGGTAAACTCACC,0
mux-TGGTGGTACAGATCTG,1
mux-TGGTGGTAAAGAGATC,0
mux-TGGTGGTAAAGGACAC,12
mux-TGGTGGTAAATCCGTC,0
mux-TGGTGGTAAATGTTGC,12
mux-TGGTGGTAACACGACC,2
mux-TGGTGGTAACAGATTC,0
mux-TGGTGGTAAGATGTAC,0
mux-TGGTGGTAAGCACCTC,0
mux-TGGTGGTAAGCCATGC,0
mux-TGGTGGTAAGGCTAAC,0
mux-TGGTGGTACATCAAGT,1
mux-TGGTGGTAATAGCGAC,2
mux-TGGTGGTAATCATTCC,3
mux-TGGTGGTAATTGGCTC,10
mux-TGGTGGTACAAGGAGC,0
mux-TGGTGGTACACCTTAC,0
mux-TGGTGGTACCATCCTC,0
mux-TGGTGGTACCGACAAC,0
mux-TGGTGGTACCTAATCC,0
mux-TGGTGGTACCTCTATC,0
mux-TGGTGGTACGACACAC,0
mux-TGGTGGTACGCTGATC,1
mux-TGGTGGTACGGATTGC,0
mux-TGGTGGTACTAAGGTC,7
mux-TGGTGGTAGAACAGGC,7
mux-TGGTGGTAGACAGTGC,3
mux-TGGTGGTAGAGTTAGC,11
mux-TGGTGGTAGATGAATC,0
mux-TGGTGGTAGCCAAGAC,6
mux-TGGTGGTACGGAAGAA,2
mux-TGGTGGTAGTGACAAG,2
mux-TGGTGGTAGAACCAGA,3
mux-TTCACGCAAACGTGAT,12
mux-TTCACGCAACAAGCTA,2
mux-TTCACGCATTGCTGGA,0
mux-TTCACGCACTGTAGCC,1
mux-TTCACGCAAGTACAAG,1
mux-TTCACGCAAACAACCA,15
mux-TTCACGCAAACCGAGA,1
mux-TTCACGCAAACGCTTA,14
mux-TTCACGCAAAGACGGA,1
mux-TTCACGCAAAGGTACA,1
mux-TTCACGCAACACAGAA,3
mux-TTCACGCAACAGCAGA,4
mux-TTCACGCAAAACATCG,5
mux-TTCACGCAACCTCCAA,3
mux-TTCACGCAACGCTCGA,1
mux-TTCACGCAACGTATCA,1
mux-TTCACGCAACTATGCA,3
mux-TTCACGCAAGAGTCAA,1
mux-TTCACGCAAGATCGCA,7
mux-TTCACGCAAGCAGGAA,1
mux-TTCACGCAAGTCACTA,2
mux-TTCACGCAATCCTGTA,1
mux-TTCACGCAATTGAGGA,1
mux-TTCACGCAATGCCTAA,1
mux-TTCACGCACAACCACA,1
mux-TTCACGCAGACTAGTA,1
mux-TTCACGCACAATGGAA,1
mux-TTCACGCACACTTCGA,1
mux-TTCACGCACAGCGTTA,1
mux-TTCACGCACATACCAA,1
mux-TTCACGCACCAGTTCA,8
mux-TTCACGCACCGAAGTA,4
mux-TTCACGCACCGTGAGA,3
mux-TTCACGCACCTCCTGA,3
mux-TTCACGCAAGTGGTCA,1
mux-TTCACGCACGAACTTA,4
mux-TTCACGCACGACTGGA,2
mux-TTCACGCACGCATACA,7
mux-TTCACGCACTCAATGA,0
mux-TTCACGCACTGAGCCA,3
mux-TTCACGCACTGGCATA,0
mux-TTCACGCAGAATCTGA,0
mux-TTCACGCACAAGACTA,7
mux-TTCACGCAGAGCTGAA,7
mux-TTCACGCAGATAGACA,5
mux-TTCACGCAACCACTGT,1
mux-TTCACGCAGCCACATA,6
mux-TTCACGCAGCGAGTAA,0
mux-TTCACGCAGCTAACGA,2
mux-TTCACGCAGCTCGGTA,3
mux-TTCACGCAGGAGAACA,2
mux-TTCACGCAGGTGCGAA,3
mux-TTCACGCAGTACGCAA,2
mux-TTCACGCAGTCGTAGA,0
mux-TTCACGCAGTCTGTCA,4
mux-TTCACGCAGTGTTCTA,0
mux-TTCACGCATAGGATGA,0
mux-TTCACGCATATCAGCA,0
mux-TTCACGCATCCGTCTA,11
mux-TTCACGCATCTTCACA,10
mux-TTCACGCATGAAGAGA,3
mux-TTCACGCATGGAACAA,0
mux-TTCACGCATGGCTTCA,0
mux-TTCACGCATGGTGGTA,0
mux-TTCACGCATTCACGCA,12
mux-TTCACGCAAACTCACC,0
mux-TTCACGCACAGATCTG,6
mux-TTCACGCAAAGAGATC,0
mux-TTCACGCAAAGGACAC,3
mux-TTCACGCAAATCCGTC,0
mux-TTCACGCAAATGTTGC,0
mux-TTCACGCAACACGACC,11
mux-TTCACGCAACAGATTC,0
mux-TTCACGCAAGATGTAC,0
mux-TTCACGCAAGCACCTC,0
mux-TTCACGCAAGCCATGC,7
mux-TTCACGCAAGGCTAAC,0
mux-TTCACGCACATCAAGT,3
mux-TTCACGCAATAGCGAC,0
mux-TTCACGCAATCATTCC,0
mux-TTCACGCAATTGGCTC,0
mux-TTCACGCACAAGGAGC,13
mux-TTCACGCACACCTTAC,0
mux-TTCACGCACCATCCTC,0
mux-TTCACGCACCGACAAC,0
mux-TTCACGCACCTAATCC,14
mux-TTCACGCACCTCTATC,12
mux-TTCACGCACGACACAC,4
mux-TTCACGCACGCTGATC,1
mux-TTCACGCACGGATTGC,0
mux-TTCACGCACTAAGGTC,0
mux-TTCACGCAGAACAGGC,0
mux-TTCACGCAGACAGTGC,13
mux-TTCACGCAGAGTTAGC,4
mux-TTCACGCAGATGAATC,6
mux-TTCACGCAGCCAAGAC,11
mux-TTCACGCACGGAAGAA,0
mux-TTCACGCAGTGACAAG,3
mux-TTCACGCAGAACCAGA,0
mux-AACTCACCAACGTGAT,2
mux-AACTCACCACAAGCTA,9
mux-AACTCACCTTGCTGGA,0
mux-AACTCACCCTGTAGCC,1
mux-AACTCACCAGTACAAG,15
mux-AACTCACCAACAACCA,1
mux-AACTCACCAACCGAGA,1
mux-AACTCACCAACGCTTA,1
mux-AACTCACCAAGACGGA,1
mux-AACTCACCAAGGTACA,2
mux-AACTCACCACACAGAA,1
mux-AACTCACCACAGCAGA,9
mux-AACTCACCAAACATCG,1
mux-AACTCACCACCTCCAA,11
mux-AACTCACCACGCTCGA,2
mux-AACTCACCACGTATCA,1
mux-AACTCACCACTATGCA,3
mux-AACTCACCAGAGTCAA,1
mux-AACTCACCAGATCGCA,1
mux-AACTCACCAGCAGGAA,1
mux-AACTCACCAGTCACTA,1
mux-AACTCACCATCCTGTA,3
mux-AACTCACCATTGAGGA,2
mux-AACTCACCATGCCTAA,1
mux-AACTCACCCAACCACA,1
mux-AACTCACCGACTAGTA,1
mux-AACTCACCCAATGGAA,1
mux-AACTCACCCACTTCGA,1
mux-AACTCACCCAGCGTTA,1
mux-AACTCACCCATACCAA,1
mux-AACTCACCCCAGTTCA,1
mux-AACTCACCCCGAAGTA,1
mux-AACTCACCCCGTGAGA,5
mux-AACTCACCCCTCCTGA,5
mux-AACTCACCAGTGGTCA,4
mux-AACTCACCCGAACTTA,4
mux-AACTCACCCGACTGGA,9
mux-AACTCACCCGCATACA,4
mux-AACTCACCCTCAATGA,4
mux-AACTCACCCTGAGCCA,0
mux-AACTCACCCTGGCATA,14
mux-AACTCACCGAATCTGA,11
mux-AACTCACCCAAGACTA,5
mux-AACTCACCGAGCTGAA,2
mux-AACTCACCGATAGACA,5
mux-AACTCACCACCACTGT,1
mux-AACTCACCGCCACATA,0
mux-AACTCACCGCGAGTAA,0
mux-AACTCACCGCTAACGA,0
mux-AACTCACCGCTCGGTA,0
mux-AACTCACCGGAGAACA,0
mux-AACTCACCGGTGCGAA,4
mux-AACTCACCGTACGCAA,0
mux-AACTCACCGTCGTAGA,3
mux-AACTCACCGTCTGTCA,0
mux-AACTCACCGTGTTCTA,0
mux-AACTCACCACATTGGC,5
mux-AACTCACCTAGGATGA,0
mux-AACTCACCTATCAGCA,0
mux-AACTCACCTCCGTCTA,7
mux-AACTCACCTCTTCACA,1
mux-AACTCACCTGAAGAGA,0
mux-AACTCACCTGGAACAA,12
mux-AACTCACCTGGCTTCA,9
mux-AACTCACCTGGTGGTA,4
mux-AACTCACCTTCACGCA,2
mux-AACTCACCAACTCACC,4
mux-AACTCACCCAGATCTG,2
mux-AACTCACCAAGAGATC,10
mux-AACTCACCAAGGACAC,13
mux-AACTCACCAATCCGTC,0
mux-AACTCACCAATGTTGC,4
mux-AACTCACCACACGACC,7
mux-AACTCACCACAGATTC,0
mux-AACTCACCAGATGTAC,4
mux-AACTCACCAGCACCTC,0
mux-AACTCACCAGCCATGC,2
mux-AACTCACCAGGCTAAC,8
mux-AACTCACCCATCAAGT,1
mux-AACTCACCATAGCGAC,0
mux-AACTCACCATCATTCC,0
mux-AACTCACCATTGGCTC,0
mux-AACTCACCCAAGGAGC,0
mux-AACTCACCCACCTTAC,11
mux-AACTCACCCCATCCTC,0
mux-AACTCACCCCGACAAC,6
mux-AACTCACCCCTAATCC,4
mux-AACTCACCCCTCTATC,0
mux-AACTCACCCGACACAC,13
mux-AACTCACCCGCTGATC,1
mux-AACTCACCCGGATTGC,0
mux-AACTCACCCTAAGGTC,0
mux-AACTCACCGAACAGGC,0
mux-AACTCACCGACAGTGC,0
mux-AACTCACCGAGTTAGC,13
mux-AACTCACCGATGAATC,13
mux-AACTCACCGCCAAGAC,0
mux-AACTCACCCGGAAGAA,0
mux-AACTCACCGTGACAAG,0
mux-AACTCACCGAACCAGA,0
mux-ACATTGGCAACGTGAT,1
mux-ACATTGGCACAAGCTA,10
mux-ACATTGGCTTGCTGGA,4
mux-ACATTGGCCTGTAGCC,6
mux-ACATTGGCAGTACAAG,1
mux-ACATTGGCAACAACCA,9
mux-ACATTGGCAACCGAGA,1
mux-ACATTGGCAACGCTTA,5
mux-ACATTGGCAAGACGGA,1
mux-ACATTGGCAAGGTACA,1
mux-ACATTGGCACACAGAA,1
mux-ACATTGGCACAGCAGA,1
mux-ACATTGGCAAACATCG,4
mux-ACATTGGCACCTCCAA,7
mux-ACATTGGCACGCTCGA,1
mux-ACATTGGCACGTATCA,2
mux-ACATTGGCACTATGCA,3
mux-ACATTGGCAGAGTCAA,1
mux-ACATTGGCAGATCGCA,3
mux-ACATTGGCAGCAGGAA,9
mux-ACATTGGCAGTCACTA,1
mux-ACATTGGCATCCTGTA,4
mux-ACATTGGCATTGAGGA,3
mux-ACATTGGCATGCCTAA,1
mux-ACATTGGCCAACCACA,4
mux-ACATTGGCGACTAGTA,2
mux-ACATTGGCCAATGGAA,4
mux-ACATTGGCCACTTCGA,4
mux-ACATTGGCCAGCGTTA,4
mux-ACATTGGCCATACCAA,12
mux-ACATTGGCCCAGTTCA,5
mux-ACATTGGCCCGAAGTA,5
mux-ACATTGGCCCGTGAGA,5
mux-ACATTGGCCCTCCTGA,2
mux-ACATTGGCAGTGGTCA,1
mux-ACATTGGCCGAACTTA,5
mux-ACATTGGCCGACTGGA,5
mux-ACATTGGCCGCATACA,5
mux-ACATTGGCCTCAATGA,5
mux-ACATTGGCCTGAGCCA,2
mux-ACATTGGCCTGGCATA,9
mux-ACATTGGCGAATCTGA,4
mux-ACATTGGCCAAGACTA,3
mux-ACATTGGCGAGCTGAA,7
mux-ACATTGGCGATAGACA,6
mux-ACATTGGCACCACTGT,1
mux-ACATTGGCGCCACATA,3
mux-ACATTGGCGCGAGTAA,3
mux-ACATTGGCGCTAACGA,2
mux-ACATTGGCGCTCGGTA,4
mux-ACATTGGCGGAGAACA,3
mux-ACATTGGCGGTGCGAA,3
mux-ACATTGGCGTACGCAA,4
mux-ACATTGGCGTCGTAGA,2
mux-ACATTGGCGTCTGTCA,6
mux-ACATTGGCGTGTTCTA,4
mux-ACATTGGCACATTGGC,1
mux-ACATTGGCTAGGATGA,2
mux-ACATTGGCTATCAGCA,3
mux-ACATTGGCTCCGTCTA,3
mux-ACATTGGCTCTTCACA,10
mux-ACATTGGCTGAAGAGA,3
mux-ACATTGGCTGGAACAA,4
mux-ACATTGGCTGGCTTCA,2
mux-ACATTGGCTGGTGGTA,2
mux-ACATTGGCTTCACGCA,2
mux-ACATTGGCAACTCACC,2
mux-ACATTGGCCAGATCTG,3
mux-ACATTGGCAAGAGATC,2
mux-ACATTGGCAAGGACAC,4
mux-ACATTGGCAATCCGTC,8
mux-ACATTGGCAATGTTGC,4
mux-ACATTGGCACACGACC,4
mux-ACATTGGCACAGATTC,2
mux-ACATTGGCAGATGTAC,3
mux-ACATTGGCAGCACCTC,4
mux-ACATTGGCAGCCATGC,4
mux-ACATTGGCAGGCTAAC,2
mux-ACATTGGCCATCAAGT,8
mux-ACATTGGCATAGCGAC,4
mux-ACATTGGCATCATTCC,3
mux-ACATTGGCATTGGCTC,6
mux-ACATTGGCCAAGGAGC,4
mux-ACATTGGCCACCTTAC,4
mux-ACATTGGCCCATCCTC,2
mux-ACATTGGCCCGACAAC,2
mux-ACATTGGCCCTAATCC,5
mux-ACATTGGCCCTCTATC,2
mux-ACATTGGCCGACACAC,4
mux-ACATTGGCCGCTGATC,10
mux-ACATTGGCCGGATTGC,2
mux-ACATTGGCCTAAGGTC,4
mux-ACATTGGCGAACAGGC,2
mux-ACATTGGCGACAGTGC,6
mux-ACATTGGCGAGTTAGC,5
mux-ACATTGGCGATGAATC,2
mux-ACATTGGCGCCAAGAC,4
mux-ACATTGGCCGGAAGAA,3
mux-ACATTGGCGTGACAAG,4
mux-ACATTGGCGAACCAGA,2
mux-AAGAGATCAACGTGAT,2
mux-AAGAGATCACAAGCTA,1
mux-AAGAGATCTTGCTGGA,11
mux-AAGAGATCCTGTAGCC,1
mux-AAGAGATCAGTACAAG,1
mux-AAGAGATCAACAACCA,1
mux-AAGAGATCAACCGAGA,1
mux-AAGAGATCAACGCTTA,1
mux-AAGAGATCAAGACGGA,1
mux-AAGAGATCAAGGTACA,1
mux-AAGAGATCACACAGAA,1
mux-AAGAGATCACAGCAGA,1
mux-AAGAGATCAAACATCG,3
mux-AAGAGATCACCTCCAA,3
mux-AAGAGATCACGCTCGA,1
mux-AAGAGATCACGTATCA,1
mux-AAGAGATCACTATGCA,1
mux-AAGAGATCAGAGTCAA,3
mux-AAGAGATCAGATCGCA,1
mux-AAGAGATCAGCAGGAA,2
mux-AAGAGATCAGTCACTA,1
mux-AAGAGATCATCCTGTA,1
mux-AAGAGATCATTGAGGA,10
mux-AAGAGATCATGCCTAA,1
mux-AAGAGATCCAACCACA,1
mux-AAGAGATCGACTAGTA,1
mux-AAGAGATCCAATGGAA,13
mux-AAGAGATCCACTTCGA,1
mux-AAGAGATCCAGCGTTA,1
mux-AAGAGATCCATACCAA,9
mux-AAGAGATCCCAGTTCA,2
mux-AAGAGATCCCGAAGTA,0
mux-AAGAGATCCCGTGAGA,4
mux-AAGAGATCCCTCCTGA,7
mux-AAGAGATCAGTGGTCA,1
mux-AAGAGATCCGAACTTA,9
mux-AAGAGATCCGACTGGA,2
mux-AAGAGATCCGCATACA,4
mux-AAGAGATCCTCAATGA,3
mux-AAGAGATCCTGAGCCA,3
mux-AAGAGATCCTGGCATA,6
mux-AAGAGATCGAATCTGA,11
mux-AAGAGATCCAAGACTA,0
mux-AAGAGATCGAGCTGAA,12
mux-AAGAGATCGATAGACA,2
mux-AAGAGATCACCACTGT,1
mux-AAGAGATCGCCACATA,0
mux-AAGAGATCGCGAGTAA,16
mux-AAGAGATCGCTAACGA,0
mux-AAGAGATCGCTCGGTA,0
mux-AAGAGATCGGAGAACA,0
mux-AAGAGATCGGTGCGAA,5
mux-AAGAGATCGTACGCAA,0
mux-AAGAGATCGTCGTAGA,0
mux-AAGAGATCGTCTGTCA,2
mux-AAGAGATCGTGTTCTA,0
mux-AAGAGATCACATTGGC,1
mux-AAGAGATCTAGGATGA,0
mux-AAGAGATCTATCAGCA,0
mux-AAGAGATCTCCGTCTA,0
mux-AAGAGATCTCTTCACA,0
mux-AAGAGATCTGAAGAGA,2
mux-AAGAGATCTGGAACAA,4
mux-AAGAGATCTGGCTTCA,0
mux-AAGAGATCTGGTGGTA,0
mux-AAGAGATCTTCACGCA,3
mux-AAGAGATCAACTCACC,13
mux-AAGAGATCCAGATCTG,1
mux-AAGAGATCAAGAGATC,3
mux-AAGAGATCAAGGACAC,8
mux-AAGAGATCAATCCGTC,0
mux-AAGAGATCAATGTTGC,9
mux-AAGAGATCACACGACC,11
mux-AAGAGATCACAGATTC,0
mux-AAGAGATCAGATGTAC,0
mux-AAGAGATCAGCACCTC,0
mux-AAGAGATCAGCCATGC,4
mux-AAGAGATCAGGCTAAC,7
mux-AAGAGATCCATCAAGT,1
mux-AAGAGATCATAGCGAC,0
mux-AAGAGATCATCATTCC,2
mux-AAGAGATCATTGGCTC,0
mux-AAGAGATCCAAGGAGC,6
mux-AAGAGATCCACCTTAC,12
mux-AAGAGATCCCATCCTC,4
mux-AAGAGATCCCGACAAC,8
mux-AAGAGATCCCTAATCC,0
mux-AAGAGATCCCTCTATC,0
mux-AAGAGATCCGACACAC,0
mux-AAGAGATCCGCTGATC,1
mux-AAGAGATCCGGATTGC,3
mux-AAGAGATCCTAAGGTC,3
mux-AAGAGATCGAACAGGC,7
mux-AAGAGATCGACAGTGC,0
mux-AAGAGATCGAGTTAGC,3
mux-AAGAGATCGATGAATC,14
mux-AAGAGATCGCCAAGAC,2
mux-AAGAGATCCGGAAGAA,4
mux-AAGAGATCGTGACAAG,0
mux-AAGAGATCGAACCAGA,0
mux-AAGGACACAACGTGAT,5
mux-AAGGACACACAAGCTA,1
mux-AAGGACACTTGCTGGA,0
mux-AAGGACACCTGTAGCC,1
mux-AAGGACACAGTACAAG,2
mux-AAGGACACAACAACCA,1
mux-AAGGACACAACCGAGA,1
mux-AAGGACACAACGCTTA,1
mux-AAGGACACAAGACGGA,1
mux-AAGGACACAAGGTACA,1
mux-AAGGACACACACAGAA,3
mux-AAGGACACACAGCAGA,3
mux-AAGGACACAAACATCG,1
mux-AAGGACACACCTCCAA,1
mux-AAGGACACACGCTCGA,1
mux-AAGGACACACGTATCA,2
mux-AAGGACACACTATGCA,8
mux-AAGGACACAGAGTCAA,2
mux-AAGGACACAGATCGCA,3
mux-AAGGACACAGCAGGAA,1
mux-AAGGACACAGTCACTA,1
mux-AAGGACACATCCTGTA,1
mux-AAGGACACATTGAGGA,1
mux-AAGGACACATGCCTAA,1
mux-AAGGACACCAACCACA,8
mux-AAGGACACGACTAGTA,1
mux-AAGGACACCAATGGAA,2
mux-AAGGACACCACTTCGA,11
mux-AAGGACACCAGCGTTA,10
mux-AAGGACACCATACCAA,1
mux-AAGGACACCCAGTTCA,1
mux-AAGGACACCCGAAGTA,14
mux-AAGGACACCCGTGAGA,1
mux-AAGGACACCCTCCTGA,5
mux-AAGGACACAGTGGTCA,5
mux-AAGGACACCGAACTTA,6
mux-AAGGACACCGACTGGA,0
mux-AAGGACACCGCATACA,4
mux-AAGGACACCTCAATGA,2
mux-AAGGACACCTGAGCCA,11
mux-AAGGACACCTGGCATA,5
mux-AAGGACACGAATCTGA,0
mux-AAGGACACCAAGACTA,0
mux-AAGGACACGAGCTGAA,0
mux-AAGGACACGATAGACA,12
mux-AAGGACACACCACTGT,1
mux-AAGGACACGCCACATA,0
mux-AAGGACACGCGAGTAA,0
mux-AAGGACACGCTAACGA,13
mux-AAGGACACGCTCGGTA,0
mux-AAGGACACGGAGAACA,0
mux-AAGGACACGGTGCGAA,6
mux-AAGGACACGTACGCAA,0
mux-AAGGACACGTCGTAGA,0
mux-AAGGACACGTCTGTCA,1
mux-AAGGACACGTGTTCTA,0
mux-AAGGACACACATTGGC,1
mux-AAGGACACTAGGATGA,0
mux-AAGGACACTATCAGCA,0
mux-AAGGACACTCCGTCTA,8
mux-AAGGACACTCTTCACA,0
mux-AAGGACACTGAAGAGA,0
mux-AAGGACACTGGAACAA,0
mux-AAGGACACTGGCTTCA,0
mux-AAGGACACTGGTGGTA,0
mux-AAGGACACTTCACGCA,3
mux-AAGGACACAACTCACC,2
mux-AAGGACACCAGATCTG,1
mux-AAGGACACAAGAGATC,0
mux-AAGGACACAAGGACAC,0
mux-AAGGACACAATCCGTC,7
mux-AAGGACACAATGTTGC,10
mux-AAGGACACACACGACC,4
mux-AAGGACACACAGATTC,3
mux-AAGGACACAGATGTAC,7
mux-AAGGACACAGCACCTC,0
mux-AAGGACACAGCCATGC,9
mux-AAGGACACAGGCTAAC,0
mux-AAGGACACCATCAAGT,1
mux-AAGGACACATAGCGAC,8
mux-AAGGACACATCATTCC,14
mux-AAGGACACATTGGCTC,0
mux-AAGGACACCAAGGAGC,0
mux-AAGGACACCACCTTAC,6
mux-AAGGACACCCATCCTC,0
mux-AAGGACACCCGACAAC,3
mux-AAGGACACCCTAATCC,5
mux-AAGGACACCCTCTATC,0
mux-AAGGACACCGACACAC,7
mux-AAGGACACCGCTGATC,7
mux-AAGGACACCGGATTGC,0
mux-AAGGACACCTAAGGTC,3
mux-AAGGACACGAACAGGC,0
mux-AAGGACACGACAGTGC,0
mux-AAGGACACGAGTTAGC,0
mux-AAGGACACGATGAATC,11
mux-AAGGACACGCCAAGAC,2
mux-AAGGACACCGGAAGAA,2
mux-AAGGACACGTGACAAG,0
mux-AAGGACACGAACCAGA,12
mux-AATCCGTCAACGTGAT,3
mux-AATCCGTCACAAGCTA,3
mux-AATCCGTCTTGCTGGA,0
mux-AATCCGTCCTGTAGCC,1
mux-AATCCGTCAGTACAAG,1
mux-AATCCGTCAACAACCA,8
mux-AATCCGTCAACCGAGA,1
mux-AATCCGTCAACGCTTA,1
mux-AATCCGTCAAGACGGA,1
mux-AATCCGTCAAGGTACA,1
mux-AATCCGTCACACAGAA,12
mux-AATCCGTCACAGCAGA,3
mux-AATCCGTCAAACATCG,3
mux-AATCCGTCACCTCCAA,0
mux-AATCCGTCACGCTCGA,1
mux-AATCCGTCACGTATCA,1
mux-AATCCGTCACTATGCA,2
mux-AATCCGTCAGAGTCAA,3
mux-AATCCGTCAGATCGCA,1
mux-AATCCGTCAGCAGGAA,2
mux-AATCCGTCAGTCACTA,1
mux-AATCCGTCATCCTGTA,8
mux-AATCCGTCATTGAGGA,1
mux-AATCCGTCATGCCTAA,2
mux-AATCCGTCCAACCACA,2
mux-AATCCGTCGACTAGTA,1
mux-AATCCGTCCAATGGAA,4
mux-AATCCGTCCACTTCGA,1
mux-AATCCGTCCAGCGTTA,1
mux-AATCCGTCCATACCAA,1
mux-AATCCGTCCCAGTTCA,1
mux-AATCCGTCCCGAAGTA,1
mux-AATCCGTCCCGTGAGA,1
mux-AATCCGTCCCTCCTGA,3
mux-AATCCGTCAGTGGTCA,7
mux-AATCCGTCCGAACTTA,5
mux-AATCCGTCCGACTGGA,6
mux-AATCCGTCCGCATACA,0
mux-AATCCGTCCTCAATGA,4
mux-AATCCGTCCTGAGCCA,3
mux-AATCCGTCCTGGCATA,10
mux-AATCCGTCGAATCTGA,0
mux-AATCCGTCCAAGACTA,0
mux-AATCCGTCGAGCTGAA,0
mux-AATCCGTCGATAGACA,0
mux-AATCCGTCACCACTGT,3
mux-AATCCGTCGCCACATA,4
mux-AATCCGTCGCGAGTAA,0
mux-AATCCGTCGCTAACGA,6
mux-AATCCGTCGCTCGGTA,0
mux-AATCCGTCGGAGAACA,0
mux-AATCCGTCGGTGCGAA,10
mux-AATCCGTCGTACGCAA,2
mux-AATCCGTCGTCGTAGA,0
mux-AATCCGTCGTCTGTCA,0
mux-AATCCGTCGTGTTCTA,3
mux-AATCCGTCACATTGGC,8
mux-AATCCGTCTAGGATGA,0
mux-AATCCGTCTATCAGCA,0
mux-AATCCGTCTCCGTCTA,0
mux-AATCCGTCTCTTCACA,0
mux-AATCCGTCTGAAGAGA,2
mux-AATCCGTCTGGAACAA,0
mux-AATCCGTCTGGCTTCA,0
mux-AATCCGTCTGGTGGTA,13
mux-AATCCGTCTTCACGCA,14
mux-AATCCGTCAACTCACC,3
mux-AATCCGTCCAGATCTG,1
mux-AATCCGTCAAGAGATC,0
mux-AATCCGTCAAGGACAC,4
mux-AATCCGTCAATCCGTC,4
mux-AATCCGTCAATGTTGC,0
mux-AATCCGTCACACGACC,14
mux-AATCCGTCACAGATTC,2
mux-AATCCGTCAGATGTAC,0
mux-AATCCGTCAGCACCTC,4
mux-AATCCGTCAGCCATGC,1
mux-AATCCGTCAGGCTAAC,2
mux-AATCCGTCCATCAAGT,1
mux-AATCCGTCATAGCGAC,0
mux-AATCCGTCATCATTCC,4
mux-AATCCGTCATTGGCTC,0
mux-AATCCGTCCAAGGAGC,0
mux-AATCCGTCCACCTTAC,0
mux-AATCCGTCCCATCCTC,0
mux-AATCCGTCCCGACAAC,2
mux-AATCCGTCCCTAATCC,0
mux-AATCCGTCCCTCTATC,0
mux-AATCCGTCCGACACAC,0
mux-AATCCGTCCGCTGATC,8
mux-AATCCGTCCGGATTGC,3
mux-AATCCGTCCTAAGGTC,0
mux-AATCCGTCGAACAGGC,0
mux-AATCCGTCGACAGTGC,0
mux-AATCCGTCGAGTTAGC,0
mux-AATCCGTCGATGAATC,0
mux-AATCCGTCGCCAAGAC,0
mux-AATCCGTCCGGAAGAA,0
mux-AATCCGTCGTGACAAG,0
mux-AATCCGTCGAACCAGA,8
mux-AATGTTGCACAAGCTA,1
mux-AATGTTGCTTGCTGGA,3
mux-AATGTTGCCTGTAGCC,1
mux-AATGTTGCAGTACAAG,1
mux-AATGTTGCAACAACCA,1
mux-AATGTTGCAACCGAGA,2
mux-AATGTTGCAACGCTTA,1
mux-AATGTTGCAAGACGGA,1
mux-AATGTTGCAAGGTACA,6
mux-AATGTTGCACACAGAA,1
mux-AATGTTGCACAGCAGA,1
mux-AATGTTGCAAACATCG,9
mux-AATGTTGCACCTCCAA,3
mux-AATGTTGCACGCTCGA,6
mux-AATGTTGCACGTATCA,1
mux-AATGTTGCACTATGCA,11
mux-AATGTTGCAGAGTCAA,3
mux-AATGTTGCAGATCGCA,11
mux-AATGTTGCAGCAGGAA,9
mux-AATGTTGCAGTCACTA,12
mux-AATGTTGCATCCTGTA,1
mux-AATGTTGCATTGAGGA,1
mux-AATGTTGCATGCCTAA,6
mux-AATGTTGCCAACCACA,3
mux-AATGTTGCGACTAGTA,1
mux-AATGTTGCCAATGGAA,4
mux-AATGTTGCCACTTCGA,3
mux-AATGTTGCCAGCGTTA,14
mux-AATGTTGCCATACCAA,10
mux-AATGTTGCCCAGTTCA,1
mux-AATGTTGCCCGAAGTA,1
mux-AATGTTGCCCGTGAGA,1
mux-AATGTTGCCCTCCTGA,9
mux-AATGTTGCAGTGGTCA,2
mux-AATGTTGCCGAACTTA,2
mux-AATGTTGCCGACTGGA,1
mux-AATGTTGCCGCATACA,2
mux-AATGTTGCCTCAATGA,3
mux-AATGTTGCCTGAGCCA,2
mux-AATGTTGCCTGGCATA,3
mux-AATGTTGCGAATCTGA,0
mux-AATGTTGCCAAGACTA,0
mux-AATGTTGCGAGCTGAA,0
mux-AATGTTGCGATAGACA,11
mux-AATGTTGCACCACTGT,11
mux-AATGTTGCGCCACATA,0
mux-AATGTTGCGCGAGTAA,11
mux-AATGTTGCGCTAACGA,0
mux-AATGTTGCGCTCGGTA,0
mux-AATGTTGCGGAGAACA,0
mux-AATGTTGCGGTGCGAA,0
mux-AATGTTGCGTACGCAA,0
mux-AATGTTGCGTCGTAGA,0
mux-AATGTTGCGTCTGTCA,0
mux-AATGTTGCGTGTTCTA,0
mux-AATGTTGCACATTGGC,1
mux-AATGTTGCTAGGATGA,0
mux-AATGTTGCTATCAGCA,3
mux-AATGTTGCTCCGTCTA,0
mux-AATGTTGCTCTTCACA,0
mux-AATGTTGCTGAAGAGA,0
mux-AATGTTGCTGGAACAA,0
mux-AATGTTGCTGGCTTCA,0
mux-AATGTTGCTGGTGGTA,4
mux-AATGTTGCTTCACGCA,8
mux-AATGTTGCAACTCACC,3
mux-AATGTTGCCAGATCTG,1
mux-AATGTTGCAAGAGATC,0
mux-AATGTTGCAAGGACAC,3
mux-AATGTTGCAATCCGTC,0
mux-AATGTTGCAATGTTGC,0
mux-AATGTTGCACACGACC,10
mux-AATGTTGCACAGATTC,0
mux-AATGTTGCAGATGTAC,3
mux-AATGTTGCAGCACCTC,0
mux-AATGTTGCAGCCATGC,0
mux-AATGTTGCAGGCTAAC,11
mux-AATGTTGCCATCAAGT,1
mux-AATGTTGCATAGCGAC,12
mux-AATGTTGCATCATTCC,0
mux-AATGTTGCATTGGCTC,0
mux-AATGTTGCCAAGGAGC,0
mux-AATGTTGCCACCTTAC,0
mux-AATGTTGCCCATCCTC,8
mux-AATGTTGCCCGACAAC,9
mux-AATGTTGCCCTAATCC,0
mux-AATGTTGCCCTCTATC,0
mux-AATGTTGCCGACACAC,0
mux-AATGTTGCCGCTGATC,1
mux-AATGTTGCCGGATTGC,0
mux-AATGTTGCCTAAGGTC,3
mux-AATGTTGCGAACAGGC,0
mux-AATGTTGCGACAGTGC,11
mux-AATGTTGCGAGTTAGC,0
mux-AATGTTGCGATGAATC,0
mux-AATGTTGCGCCAAGAC,2
mux-AATGTTGCCGGAAGAA,6
mux-AATGTTGCGTGACAAG,13
mux-AATGTTGCGAACCAGA,0
mux-ACACGACCACAAGCTA,2
mux-ACACGACCTTGCTGGA,7
mux-ACACGACCCTGTAGCC,3
mux-ACACGACCAGTACAAG,4
mux-ACACGACCAACAACCA,1
mux-ACACGACCAACCGAGA,8
mux-ACACGACCAACGCTTA,12
mux-ACACGACCAAGACGGA,3
mux-ACACGACCAAGGTACA,1
mux-ACACGACCACACAGAA,1
mux-ACACGACCACAGCAGA,12
mux-ACACGACCAAACATCG,12
mux-ACACGACCACCTCCAA,5
mux-ACACGACCACGCTCGA,1
mux-ACACGACCACGTATCA,2
mux-ACACGACCACTATGCA,3
mux-ACACGACCAGAGTCAA,3
mux-ACACGACCAGATCGCA,1
mux-ACACGACCAGCAGGAA,4
mux-ACACGACCAGTCACTA,1
mux-ACACGACCATCCTGTA,1
mux-ACACGACCATTGAGGA,1
mux-ACACGACCATGCCTAA,2
mux-ACACGACCCAACCACA,4
mux-ACACGACCGACTAGTA,4
mux-ACACGACCCAATGGAA,1
mux-ACACGACCCACTTCGA,1
mux-ACACGACCCAGCGTTA,1
mux-ACACGACCCATACCAA,14
mux-ACACGACCCCAGTTCA,1
mux-ACACGACCCCGAAGTA,1
mux-ACACGACCCCGTGAGA,4
mux-ACACGACCCCTCCTGA,1
mux-ACACGACCAGTGGTCA,3
mux-ACACGACCCGAACTTA,1
mux-ACACGACCCGACTGGA,2
mux-ACACGACCCGCATACA,1
mux-ACACGACCCTCAATGA,0
mux-ACACGACCCTGAGCCA,11
mux-ACACGACCCTGGCATA,2
mux-ACACGACCGAATCTGA,11
mux-ACACGACCCAAGACTA,13
mux-ACACGACCGAGCTGAA,3
mux-ACACGACCGATAGACA,0
mux-ACACGACCACCACTGT,8
mux-ACACGACCGCCACATA,0
mux-ACACGACCGCGAGTAA,9
mux-ACACGACCGCTAACGA,6
mux-ACACGACCGCTCGGTA,3
mux-ACACGACCGGAGAACA,0
mux-ACACGACCGGTGCGAA,0
mux-ACACGACCGTACGCAA,0
mux-ACACGACCGTCGTAGA,5
mux-ACACGACCGTCTGTCA,6
mux-ACACGACCGTGTTCTA,0
mux-ACACGACCACATTGGC,1
mux-ACACGACCTAGGATGA,0
mux-ACACGACCTATCAGCA,4
mux-ACACGACCTCCGTCTA,0
mux-ACACGACCTCTTCACA,0
mux-ACACGACCTGAAGAGA,15
mux-ACACGACCTGGAACAA,11
mux-ACACGACCTGGCTTCA,0
mux-ACACGACCTGGTGGTA,14
mux-ACACGACCTTCACGCA,0
mux-ACACGACCAACTCACC,1
mux-ACACGACCCAGATCTG,1
mux-ACACGACCAAGAGATC,10
mux-ACACGACCAAGGACAC,0
mux-ACACGACCAATCCGTC,5
mux-ACACGACCAATGTTGC,3
mux-ACACGACCACACGACC,8
mux-ACACGACCACAGATTC,0
mux-ACACGACCAGATGTAC,0
mux-ACACGACCAGCACCTC,0
mux-ACACGACCAGCCATGC,0
mux-ACACGACCAGGCTAAC,4
mux-ACACGACCCATCAAGT,1
mux-ACACGACCATAGCGAC,0
mux-ACACGACCATCATTCC,3
mux-ACACGACCATTGGCTC,11
mux-ACACGACCCAAGGAGC,0
mux-ACACGACCCACCTTAC,8
mux-ACACGACCCCATCCTC,3
mux-ACACGACCCCGACAAC,0
mux-ACACGACCCCTAATCC,0
mux-ACACGACCCCTCTATC,0
mux-ACACGACCCGACACAC,3
mux-ACACGACCCGCTGATC,4
mux-ACACGACCCGGATTGC,7
mux-ACACGACCCTAAGGTC,0
mux-ACACGACCGAACAGGC,0
mux-ACACGACCGACAGTGC,3
mux-ACACGACCGAGTTAGC,0
mux-ACACGACCGATGAATC,0
mux-ACACGACCGCCAAGAC,0
mux-ACACGACCCGGAAGAA,0
mux-ACACGACCGTGACAAG,0
mux-ACACGACCGAACCAGA,0
mux-ACAGATTCACAAGCTA,3
mux-ACAGATTCTTGCTGGA,6
mux-ACAGATTCCTGTAGCC,16
mux-ACAGATTCAGTACAAG,3
mux-ACAGATTCAACAACCA,14
mux-ACAGATTCAACCGAGA,1
mux-ACAGATTCAACGCTTA,1
mux-ACAGATTCAAGACGGA,1
mux-ACAGATTCAAGGTACA,1
mux-ACAGATTCACACAGAA,1
mux-ACAGATTCACAGCAGA,1
mux-ACAGATTCAAACATCG,6
mux-ACAGATTCACCTCCAA,2
mux-ACAGATTCACGCTCGA,4
mux-ACAGATTCACGTATCA,7
mux-ACAGATTCACTATGCA,1
mux-ACAGATTCAGAGTCAA,1
mux-ACAGATTCAGATCGCA,1
mux-ACAGATTCAGCAGGAA,1
mux-ACAGATTCAGTCACTA,1
mux-ACAGATTCATCCTGTA,14
mux-ACAGATTCATTGAGGA,12
mux-ACAGATTCATGCCTAA,15
mux-ACAGATTCCAACCACA,11
mux-ACAGATTCGACTAGTA,1
mux-ACAGATTCCAATGGAA,1
mux-ACAGATTCCACTTCGA,1
mux-ACAGATTCCAGCGTTA,14
mux-ACAGATTCCATACCAA,1
mux-ACAGATTCCCAGTTCA,14
mux-ACAGATTCCCGAAGTA,1
mux-ACAGATTCCCGTGAGA,1
mux-ACAGATTCCCTCCTGA,12
mux-ACAGATTCAGTGGTCA,3
mux-ACAGATTCCGAACTTA,8
mux-ACAGATTCCGACTGGA,0
mux-ACAGATTCCGCATACA,1
mux-ACAGATTCCTCAATGA,10
mux-ACAGATTCCTGAGCCA,1
mux-ACAGATTCCTGGCATA,2
mux-ACAGATTCGAATCTGA,2
mux-ACAGATTCCAAGACTA,9
mux-ACAGATTCGAGCTGAA,0
mux-ACAGATTCGATAGACA,7
mux-ACAGATTCACCACTGT,1
mux-ACAGATTCGCCACATA,5
mux-ACAGATTCGCGAGTAA,0
mux-ACAGATTCGCTAACGA,0
mux-ACAGATTCGCTCGGTA,0
mux-ACAGATTCGGAGAACA,3
mux-ACAGATTCGGTGCGAA,0
mux-ACAGATTCGTACGCAA,0
mux-ACAGATTCGTCGTAGA,8
mux-ACAGATTCGTCTGTCA,0
mux-ACAGATTCGTGTTCTA,0
mux-ACAGATTCACATTGGC,3
mux-ACAGATTCTAGGATGA,0
mux-ACAGATTCTATCAGCA,12
mux-ACAGATTCTCCGTCTA,1
mux-ACAGATTCTCTTCACA,0
mux-ACAGATTCTGAAGAGA,3
mux-ACAGATTCTGGAACAA,0
mux-ACAGATTCTGGCTTCA,0
mux-ACAGATTCTGGTGGTA,7
mux-ACAGATTCTTCACGCA,0
mux-ACAGATTCAACTCACC,6
mux-ACAGATTCCAGATCTG,1
mux-ACAGATTCAAGAGATC,3
mux-ACAGATTCAAGGACAC,11
mux-ACAGATTCAATCCGTC,4
mux-ACAGATTCAATGTTGC,0
mux-ACAGATTCACACGACC,0
mux-ACAGATTCACAGATTC,0
mux-ACAGATTCAGATGTAC,0
mux-ACAGATTCAGCACCTC,0
mux-ACAGATTCAGCCATGC,0
mux-ACAGATTCAGGCTAAC,0
mux-ACAGATTCCATCAAGT,1
mux-ACAGATTCATAGCGAC,0
mux-ACAGATTCATCATTCC,0
mux-ACAGATTCATTGGCTC,0
mux-ACAGATTCCAAGGAGC,0
mux-ACAGATTCCACCTTAC,4
mux-ACAGATTCCCATCCTC,3
mux-ACAGATTCCCGACAAC,0
mux-ACAGATTCCCTAATCC,0
mux-ACAGATTCCCTCTATC,0
mux-ACAGATTCCGACACAC,0
mux-ACAGATTCCGCTGATC,1
mux-ACAGATTCCGGATTGC,0
mux-ACAGATTCCTAAGGTC,0
mux-ACAGATTCGAACAGGC,0
mux-ACAGATTCGACAGTGC,0
mux-ACAGATTCGAGTTAGC,0
mux-ACAGATTCGATGAATC,0
mux-ACAGATTCGCCAAGAC,8
mux-ACAGATTCCGGAAGAA,2
mux-ACAGATTCGTGACAAG,3
mux-ACAGATTCGAACCAGA,5
mux-AGATGTACACAAGCTA,1
mux-AGATGTACTTGCTGGA,3
mux-AGATGTACCTGTAGCC,1
mux-AGATGTACAGTACAAG,1
mux-AGATGTACAACAACCA,1
mux-AGATGTACAACCGAGA,1
mux-AGATGTACAACGCTTA,1
mux-AGATGTACAAGACGGA,14
mux-AGATGTACAAGGTACA,1
mux-AGATGTACACACAGAA,10
mux-AGATGTACACAGCAGA,7
mux-AGATGTACACCTCCAA,3
mux-AGATGTACACGCTCGA,4
mux-AGATGTACACGTATCA,2
mux-AGATGTACACTATGCA,2
mux-AGATGTACAGAGTCAA,1
mux-AGATGTACAGATCGCA,6
mux-AGATGTACAGCAGGAA,14
mux-AGATGTACAGTCACTA,12
mux-AGATGTACATCCTGTA,1
mux-AGATGTACATTGAGGA,2
mux-AGATGTACATGCCTAA,3
mux-AGATGTACCAACCACA,3
mux-AGATGTACGACTAGTA,12
mux-AGATGTACCAATGGAA,1
mux-AGATGTACCACTTCGA,3
mux-AGATGTACCAGCGTTA,8
mux-AGATGTACCATACCAA,6
mux-AGATGTACCCAGTTCA,1
mux-AGATGTACCCGAAGTA,1
mux-AGATGTACCCGTGAGA,9
mux-AGATGTACCCTCCTGA,2
mux-AGATGTACCGAACTTA,0
mux-AGATGTACCGACTGGA,3
mux-AGATGTACCGCATACA,2
mux-AGATGTACCTCAATGA,4
mux-AGATGTACCTGAGCCA,5
mux-AGATGTACCTGGCATA,2
mux-AGATGTACGAATCTGA,8
mux-AGATGTACCAAGACTA,6
mux-AGATGTACGAGCTGAA,2
mux-AGATGTACGATAGACA,3
mux-AGATGTACACCACTGT,3
mux-AGATGTACGCCACATA,3
mux-AGATGTACGCGAGTAA,9
mux-AGATGTACGCTAACGA,3
mux-AGATGTACGCTCGGTA,4
mux-AGATGTACGGAGAACA,0
mux-AGATGTACGGTGCGAA,8
mux-AGATGTACGTACGCAA,5
mux-AGATGTACGTCGTAGA,3
mux-AGATGTACGTCTGTCA,0
mux-AGATGTACGTGTTCTA,15
mux-AGATGTACACATTGGC,8
mux-AGATGTACTAGGATGA,4
mux-AGATGTACTATCAGCA,0
mux-AGATGTACTCCGTCTA,0
mux-AGATGTACTCTTCACA,0
mux-AGATGTACTGAAGAGA,0
mux-AGATGTACTGGAACAA,0
mux-AGATGTACTGGCTTCA,0
mux-AGATGTACTGGTGGTA,2
mux-AGATGTACTTCACGCA,8
mux-AGATGTACAACTCACC,0
mux-AGATGTACCAGATCTG,1
mux-AGATGTACAAGAGATC,3
mux-AGATGTACAAGGACAC,0
mux-AGATGTACAATCCGTC,3
mux-AGATGTACAATGTTGC,0
mux-AGATGTACACACGACC,10
mux-AGATGTACACAGATTC,10
mux-AGATGTACAGATGTAC,0
mux-AGATGTACAGCACCTC,3
mux-AGATGTACAGCCATGC,0
mux-AGATGTACAGGCTAAC,0
mux-AGATGTACCATCAAGT,3
mux-AGATGTACATAGCGAC,3
mux-AGATGTACATCATTCC,4
mux-AGATGTACATTGGCTC,0
mux-AGATGTACCAAGGAGC,2
mux-AGATGTACCACCTTAC,2
mux-AGATGTACCCATCCTC,6
mux-AGATGTACCCGACAAC,0
mux-AGATGTACCCTAATCC,0
mux-AGATGTACCCTCTATC,0
mux-AGATGTACCGACACAC,2
mux-AGATGTACCGCTGATC,1
mux-AGATGTACCGGATTGC,7
mux-AGATGTACCTAAGGTC,0
mux-AGATGTACGAACAGGC,0
mux-AGATGTACGACAGTGC,0
mux-AGATGTACGAGTTAGC,3
mux-AGATGTACGATGAATC,0
mux-AGATGTACGCCAAGAC,0
mux-AGATGTACCGGAAGAA,3
mux-AGATGTACGTGACAAG,0
mux-AGATGTACGAACCAGA,2
mux-AGCACCTCACAAGCTA,1
mux-AGCACCTCTTGCTGGA,3
mux-AGCACCTCCTGTAGCC,1
mux-AGCACCTCAGTACAAG,1
mux-AGCACCTCAACAACCA,1
mux-AGCACCTCAACCGAGA,1
mux-AGCACCTCAACGCTTA,1
mux-AGCACCTCAAGACGGA,1
mux-AGCACCTCAAGGTACA,1
mux-AGCACCTCACACAGAA,1
mux-AGCACCTCACAGCAGA,7
mux-AGCACCTCACCTCCAA,1
mux-AGCACCTCACGCTCGA,14
mux-AGCACCTCACGTATCA,1
mux-AGCACCTCACTATGCA,2
mux-AGCACCTCAGAGTCAA,4
mux-AGCACCTCAGATCGCA,1
mux-AGCACCTCAGCAGGAA,1
mux-AGCACCTCAGTCACTA,1
mux-AGCACCTCATCCTGTA,1
mux-AGCACCTCATTGAGGA,13
mux-AGCACCTCCAACCACA,14
mux-AGCACCTCGACTAGTA,8
mux-AGCACCTCCAATGGAA,1
mux-AGCACCTCCACTTCGA,4
mux-AGCACCTCCAGCGTTA,1
mux-AGCACCTCCATACCAA,9
mux-AGCACCTCCCAGTTCA,1
mux-AGCACCTCCCGAAGTA,1
mux-AGCACCTCCCGTGAGA,15
mux-AGCACCTCCCTCCTGA,1
mux-AGCACCTCAGTGGTCA,2
mux-AGCACCTCCGAACTTA,9
mux-AGCACCTCCGACTGGA,1
mux-AGCACCTCCGCATACA,4
mux-AGCACCTCCTCAATGA,12
mux-AGCACCTCCTGAGCCA,3
mux-AGCACCTCCTGGCATA,12
mux-AGCACCTCGAATCTGA,4
mux-AGCACCTCCAAGACTA,2
mux-AGCACCTCGAGCTGAA,8
mux-AGCACCTCGATAGACA,2
mux-AGCACCTCACCACTGT,1
mux-AGCACCTCGCCACATA,3
mux-AGCACCTCGCGAGTAA,0
mux-AGCACCTCGCTAACGA,0
mux-AGCACCTCGCTCGGTA,0
mux-AGCACCTCGGAGAACA,0
mux-AGCACCTCGGTGCGAA,0
mux-AGCACCTCGTACGCAA,4
mux-AGCACCTCGTCGTAGA,3
mux-AGCACCTCGTCTGTCA,0
mux-AGCACCTCGTGTTCTA,9
mux-AGCACCTCACATTGGC,6
mux-AGCACCTCTAGGATGA,0
mux-AGCACCTCTATCAGCA,0
mux-AGCACCTCTCCGTCTA,0
mux-AGCACCTCTCTTCACA,13
mux-AGCACCTCTGAAGAGA,0
mux-AGCACCTCTGGAACAA,4
mux-AGCACCTCTGGCTTCA,2
mux-AGCACCTCTGGTGGTA,0
mux-AGCACCTCTTCACGCA,4
mux-AGCACCTCAACTCACC,0
mux-AGCACCTCCAGATCTG,1
mux-AGCACCTCAAGAGATC,3
mux-AGCACCTCAAGGACAC,0
mux-AGCACCTCAATCCGTC,0
mux-AGCACCTCAATGTTGC,0
mux-AGCACCTCACACGACC,0
mux-AGCACCTCACAGATTC,0
mux-AGCACCTCAGATGTAC,0
mux-AGCACCTCAGCACCTC,9
mux-AGCACCTCAGCCATGC,0
mux-AGCACCTCAGGCTAAC,0
mux-AGCACCTCCATCAAGT,1
mux-AGCACCTCATAGCGAC,0
mux-AGCACCTCATCATTCC,8
mux-AGCACCTCATTGGCTC,0
mux-AGCACCTCCAAGGAGC,4
mux-AGCACCTCCACCTTAC,0
mux-AGCACCTCCCATCCTC,0
mux-AGCACCTCCCGACAAC,7
mux-AGCACCTCCCTAATCC,0
mux-AGCACCTCCCTCTATC,0
mux-AGCACCTCCGACACAC,0
mux-AGCACCTCCGCTGATC,3
mux-AGCACCTCCGGATTGC,0
mux-AGCACCTCCTAAGGTC,0
mux-AGCACCTCGAACAGGC,0
mux-AGCACCTCGACAGTGC,3
mux-AGCACCTCGAGTTAGC,0
mux-AGCACCTCGATGAATC,7
mux-AGCACCTCGCCAAGAC,2
mux-AGCACCTCCGGAAGAA,0
mux-AGCACCTCGTGACAAG,2
mux-AGCACCTCGAACCAGA,0
mux-AGCCATGCACAAGCTA,7
mux-AGCCATGCTTGCTGGA,0
mux-AGCCATGCCTGTAGCC,3
mux-AGCCATGCAGTACAAG,1
mux-AGCCATGCAACAACCA,1
mux-AGCCATGCAACCGAGA,13
mux-AGCCATGCAACGCTTA,2
mux-AGCCATGCAAGACGGA,1
mux-AGCCATGCAAGGTACA,1
mux-AGCCATGCACACAGAA,1
mux-AGCCATGCACAGCAGA,1
mux-AGCCATGCACCTCCAA,1
mux-AGCCATGCACGCTCGA,1
mux-AGCCATGCACGTATCA,3
mux-AGCCATGCACTATGCA,1
mux-AGCCATGCAGAGTCAA,1
mux-AGCCATGCAGATCGCA,3
mux-AGCCATGCAGCAGGAA,2
mux-AGCCATGCAGTCACTA,1
mux-AGCCATGCATCCTGTA,7
mux-AGCCATGCATTGAGGA,1
mux-AGCCATGCATGCCTAA,7
mux-AGCCATGCCAACCACA,8
mux-AGCCATGCGACTAGTA,1
mux-AGCCATGCCAATGGAA,1
mux-AGCCATGCCACTTCGA,1
mux-AGCCATGCCAGCGTTA,1
mux-AGCCATGCCATACCAA,15
mux-AGCCATGCCCAGTTCA,1
mux-AGCCATGCCCGAAGTA,6
mux-AGCCATGCCCGTGAGA,4
mux-AGCCATGCCCTCCTGA,6
mux-AGCCATGCAGTGGTCA,1
mux-AGCCATGCCGAACTTA,1
mux-AGCCATGCCGACTGGA,7
mux-AGCCATGCCGCATACA,3
mux-AGCCATGCCTCAATGA,1
mux-AGCCATGCCTGAGCCA,1
mux-AGCCATGCCTGGCATA,1
mux-AGCCATGCGAATCTGA,1
mux-AGCCATGCCAAGACTA,2
mux-AGCCATGCGAGCTGAA,5
mux-AGCCATGCGATAGACA,3
mux-AGCCATGCACCACTGT,1
mux-AGCCATGCGCCACATA,0
mux-AGCCATGCGCGAGTAA,3
mux-AGCCATGCGCTAACGA,0
mux-AGCCATGCGCTCGGTA,2
mux-AGCCATGCGGAGAACA,0
mux-AGCCATGCGGTGCGAA,0
mux-AGCCATGCGTACGCAA,0
mux-AGCCATGCGTCGTAGA,0
mux-AGCCATGCGTCTGTCA,0
mux-AGCCATGCGTGTTCTA,0
mux-AGCCATGCACATTGGC,5
mux-AGCCATGCTAGGATGA,0
mux-AGCCATGCTATCAGCA,0
mux-AGCCATGCTCCGTCTA,2
mux-AGCCATGCTCTTCACA,0
mux-AGCCATGCTGAAGAGA,0
mux-AGCCATGCTGGAACAA,0
mux-AGCCATGCTGGCTTCA,6
mux-AGCCATGCTGGTGGTA,0
mux-AGCCATGCTTCACGCA,5
mux-AGCCATGCAACTCACC,4
mux-AGCCATGCCAGATCTG,10
mux-AGCCATGCAAGAGATC,0
mux-AGCCATGCAAGGACAC,0
mux-AGCCATGCAATCCGTC,0
mux-AGCCATGCAATGTTGC,3
mux-AGCCATGCACACGACC,4
mux-AGCCATGCACAGATTC,6
mux-AGCCATGCAGATGTAC,0
mux-AGCCATGCAGCACCTC,3
mux-AGCCATGCAGCCATGC,15
mux-AGCCATGCAGGCTAAC,0
mux-AGCCATGCCATCAAGT,3
mux-AGCCATGCATAGCGAC,3
mux-AGCCATGCATCATTCC,3
mux-AGCCATGCATTGGCTC,0
mux-AGCCATGCCAAGGAGC,4
mux-AGCCATGCCACCTTAC,0
mux-AGCCATGCCCATCCTC,0
mux-AGCCATGCCCGACAAC,0
mux-AGCCATGCCCTAATCC,3
mux-AGCCATGCCCTCTATC,3
mux-AGCCATGCCGACACAC,2
mux-AGCCATGCCGCTGATC,3
mux-AGCCATGCCGGATTGC,0
mux-AGCCATGCCTAAGGTC,0
mux-AGCCATGCGAACAGGC,0
mux-AGCCATGCGACAGTGC,0
mux-AGCCATGCGAGTTAGC,0
mux-AGCCATGCGATGAATC,0
mux-AGCCATGCGCCAAGAC,0
mux-AGCCATGCCGGAAGAA,0
mux-AGCCATGCGTGACAAG,0
mux-AGCCATGCGAACCAGA,0
mux-AGGCTAACAACGTGAT,3
mux-AGGCTAACACAAGCTA,1
mux-AGGCTAACTTGCTGGA,0
mux-AGGCTAACCTGTAGCC,1
mux-AGGCTAACAGTACAAG,8
mux-AGGCTAACAACAACCA,4
mux-AGGCTAACAACCGAGA,1
mux-AGGCTAACAACGCTTA,1
mux-AGGCTAACAAGACGGA,1
mux-AGGCTAACAAGGTACA,1
mux-AGGCTAACACACAGAA,1
mux-AGGCTAACACAGCAGA,6
mux-AGGCTAACACCTCCAA,2
mux-AGGCTAACACGCTCGA,7
mux-AGGCTAACACGTATCA,1
mux-AGGCTAACACTATGCA,1
mux-AGGCTAACAGAGTCAA,2
mux-AGGCTAACAGATCGCA,7
mux-AGGCTAACAGCAGGAA,1
mux-AGGCTAACAGTCACTA,10
mux-AGGCTAACATCCTGTA,1
mux-AGGCTAACATTGAGGA,1
mux-AGGCTAACATGCCTAA,11
mux-AGGCTAACCAACCACA,2
mux-AGGCTAACGACTAGTA,1
mux-AGGCTAACCAATGGAA,1
mux-AGGCTAACCACTTCGA,1
mux-AGGCTAACCAGCGTTA,4
mux-AGGCTAACCATACCAA,1
mux-AGGCTAACCCAGTTCA,1
mux-AGGCTAACCCGAAGTA,1
mux-AGGCTAACCCGTGAGA,1
mux-AGGCTAACCCTCCTGA,6
mux-AGGCTAACAGTGGTCA,3
mux-AGGCTAACCGAACTTA,1
mux-AGGCTAACCGACTGGA,1
mux-AGGCTAACCGCATACA,1
mux-AGGCTAACCTCAATGA,1
mux-AGGCTAACCTGAGCCA,5
mux-AGGCTAACCTGGCATA,5
mux-AGGCTAACGAATCTGA,1
mux-AGGCTAACCAAGACTA,16
mux-AGGCTAACGAGCTGAA,12
mux-AGGCTAACGATAGACA,9
mux-AGGCTAACACCACTGT,8
mux-AGGCTAACGCCACATA,3
mux-AGGCTAACGCGAGTAA,12
mux-AGGCTAACGCTAACGA,2
mux-AGGCTAACGCTCGGTA,5
mux-AGGCTAACGGAGAACA,2
mux-AGGCTAACGGTGCGAA,2
mux-AGGCTAACGTACGCAA,0
mux-AGGCTAACGTCGTAGA,0
mux-AGGCTAACGTCTGTCA,0
mux-AGGCTAACGTGTTCTA,0
mux-AGGCTAACACATTGGC,7
mux-AGGCTAACTAGGATGA,0
mux-AGGCTAACTATCAGCA,0
mux-AGGCTAACTCCGTCTA,0
mux-AGGCTAACTCTTCACA,0
mux-AGGCTAACTGAAGAGA,0
mux-AGGCTAACTGGAACAA,0
mux-AGGCTAACTGGCTTCA,5
mux-AGGCTAACTGGTGGTA,0
mux-AGGCTAACTTCACGCA,0
mux-AGGCTAACAACTCACC,0
mux-AGGCTAACCAGATCTG,1
mux-AGGCTAACAAGAGATC,0
mux-AGGCTAACAAGGACAC,0
mux-AGGCTAACAATCCGTC,0
mux-AGGCTAACAATGTTGC,5
mux-AGGCTAACACACGACC,9
mux-AGGCTAACACAGATTC,0
mux-AGGCTAACAGATGTAC,0
mux-AGGCTAACAGCACCTC,3
mux-AGGCTAACAGCCATGC,0
mux-AGGCTAACAGGCTAAC,0
mux-AGGCTAACCATCAAGT,1
mux-AGGCTAACATAGCGAC,0
mux-AGGCTAACATCATTCC,0
mux-AGGCTAACATTGGCTC,0
mux-AGGCTAACCAAGGAGC,0
mux-AGGCTAACCACCTTAC,0
mux-AGGCTAACCCATCCTC,6
mux-AGGCTAACCCGACAAC,4
mux-AGGCTAACCCTAATCC,0
mux-AGGCTAACCCTCTATC,0
mux-AGGCTAACCGACACAC,0
mux-AGGCTAACCGCTGATC,2
mux-AGGCTAACCGGATTGC,0
mux-AGGCTAACCTAAGGTC,0
mux-AGGCTAACGAACAGGC,0
mux-AGGCTAACGACAGTGC,0
mux-AGGCTAACGAGTTAGC,0
mux-AGGCTAACGATGAATC,11
mux-AGGCTAACGCCAAGAC,0
mux-AGGCTAACCGGAAGAA,0
mux-AGGCTAACGTGACAAG,0
mux-AGGCTAACGAACCAGA,3
mux-CAGATCTGAACGTGAT,1
mux-CAGATCTGACAAGCTA,3
mux-CAGATCTGTTGCTGGA,2
mux-CAGATCTGCTGTAGCC,1
mux-CAGATCTGAGTACAAG,1
mux-CAGATCTGAACAACCA,3
mux-CAGATCTGAACCGAGA,1
mux-CAGATCTGAACGCTTA,1
mux-CAGATCTGAAGACGGA,1
mux-CAGATCTGAAGGTACA,1
mux-CAGATCTGACACAGAA,7
mux-CAGATCTGACAGCAGA,4
mux-CAGATCTGAAACATCG,4
mux-CAGATCTGACCTCCAA,2
mux-CAGATCTGACGCTCGA,3
mux-CAGATCTGACGTATCA,2
mux-CAGATCTGACTATGCA,2
mux-CAGATCTGAGAGTCAA,2
mux-CAGATCTGAGATCGCA,4
mux-CAGATCTGAGCAGGAA,3
mux-CAGATCTGAGTCACTA,2
mux-CAGATCTGATCCTGTA,2
mux-CAGATCTGATTGAGGA,11
mux-CAGATCTGATGCCTAA,1
mux-CAGATCTGCAACCACA,8
mux-CAGATCTGGACTAGTA,6
mux-CAGATCTGCAATGGAA,10
mux-CAGATCTGCACTTCGA,3
mux-CAGATCTGCAGCGTTA,4
mux-CAGATCTGCATACCAA,2
mux-CAGATCTGCCAGTTCA,5
mux-CAGATCTGCCGAAGTA,5
mux-CAGATCTGCCGTGAGA,6
mux-CAGATCTGCCTCCTGA,2
mux-CAGATCTGAGTGGTCA,7
mux-CAGATCTGCGAACTTA,5
mux-CAGATCTGCGACTGGA,5
mux-CAGATCTGCGCATACA,3
mux-CAGATCTGCTCAATGA,4
mux-CAGATCTGCTGAGCCA,3
mux-CAGATCTGCTGGCATA,4
mux-CAGATCTGGAATCTGA,8
mux-CAGATCTGCAAGACTA,4
mux-CAGATCTGGAGCTGAA,6
mux-CAGATCTGGATAGACA,6
mux-CAGATCTGACCACTGT,1
mux-CAGATCTGGCCACATA,2
mux-CAGATCTGGCGAGTAA,5
mux-CAGATCTGGCTAACGA,7
mux-CAGATCTGGCTCGGTA,4
mux-CAGATCTGGGAGAACA,4
mux-CAGATCTGGGTGCGAA,2
mux-CAGATCTGGTACGCAA,8
mux-CAGATCTGGTCGTAGA,3
mux-CAGATCTGGTCTGTCA,4
mux-CAGATCTGGTGTTCTA,8
mux-CAGATCTGACATTGGC,1
mux-CAGATCTGTAGGATGA,3
mux-CAGATCTGTATCAGCA,1
mux-CAGATCTGTCCGTCTA,5
mux-CAGATCTGTCTTCACA,3
mux-CAGATCTGTGAAGAGA,2
mux-CAGATCTGTGGAACAA,2
mux-CAGATCTGTGGCTTCA,2
mux-CAGATCTGTGGTGGTA,4
mux-CAGATCTGTTCACGCA,4
mux-CAGATCTGAACTCACC,4
mux-CAGATCTGCAGATCTG,11
mux-CAGATCTGAAGAGATC,4
mux-CAGATCTGAAGGACAC,2
mux-CAGATCTGAATCCGTC,2
mux-CAGATCTGAATGTTGC,8
mux-CAGATCTGACACGACC,4
mux-CAGATCTGACAGATTC,4
mux-CAGATCTGAGATGTAC,7
mux-CAGATCTGAGCACCTC,4
mux-CAGATCTGAGCCATGC,6
mux-CAGATCTGAGGCTAAC,3
mux-CAGATCTGCATCAAGT,4
mux-CAGATCTGATAGCGAC,4
mux-CAGATCTGATCATTCC,5
mux-CAGATCTGATTGGCTC,2
mux-CAGATCTGCAAGGAGC,3
mux-CAGATCTGCACCTTAC,4
mux-CAGATCTGCCATCCTC,2
mux-CAGATCTGCCGACAAC,2
mux-CAGATCTGCCTAATCC,7
mux-CAGATCTGCCTCTATC,3
mux-CAGATCTGCGACACAC,10
mux-CAGATCTGCGCTGATC,7
mux-CAGATCTGCGGATTGC,4
mux-CAGATCTGCTAAGGTC,2
mux-CAGATCTGGAACAGGC,3
mux-CAGATCTGGACAGTGC,3
mux-CAGATCTGGAGTTAGC,5
mux-CAGATCTGGATGAATC,9
mux-CAGATCTGGCCAAGAC,5
mux-CAGATCTGCGGAAGAA,7
mux-CAGATCTGGTGACAAG,2
mux-CAGATCTGGAACCAGA,2
mux-ATAGCGACACAAGCTA,1
mux-ATAGCGACTTGCTGGA,1
mux-ATAGCGACCTGTAGCC,1
mux-ATAGCGACAGTACAAG,3
mux-ATAGCGACAACAACCA,1
mux-ATAGCGACAACCGAGA,2
mux-ATAGCGACAACGCTTA,1
mux-ATAGCGACAAGACGGA,3
mux-ATAGCGACAAGGTACA,10
mux-ATAGCGACACACAGAA,1
mux-ATAGCGACACAGCAGA,8
mux-ATAGCGACAAACATCG,0
mux-ATAGCGACACCTCCAA,1
mux-ATAGCGACACGCTCGA,1
mux-ATAGCGACACGTATCA,1
mux-ATAGCGACACTATGCA,1
mux-ATAGCGACAGAGTCAA,2
mux-ATAGCGACAGATCGCA,1
mux-ATAGCGACAGCAGGAA,0
mux-ATAGCGACAGTCACTA,12
mux-ATAGCGACATCCTGTA,6
mux-ATAGCGACATTGAGGA,1
mux-ATAGCGACATGCCTAA,8
mux-ATAGCGACCAACCACA,1
mux-ATAGCGACGACTAGTA,1
mux-ATAGCGACCAATGGAA,3
mux-ATAGCGACCACTTCGA,6
mux-ATAGCGACCAGCGTTA,1
mux-ATAGCGACCATACCAA,1
mux-ATAGCGACCCAGTTCA,6
mux-ATAGCGACCCGAAGTA,5
mux-ATAGCGACCCGTGAGA,1
mux-ATAGCGACCCTCCTGA,2
mux-ATAGCGACAGTGGTCA,3
mux-ATAGCGACCGAACTTA,8
mux-ATAGCGACCGACTGGA,2
mux-ATAGCGACCGCATACA,7
mux-ATAGCGACCTCAATGA,1
mux-ATAGCGACCTGAGCCA,1
mux-ATAGCGACCTGGCATA,1
mux-ATAGCGACGAATCTGA,1
mux-ATAGCGACCAAGACTA,4
mux-ATAGCGACGAGCTGAA,3
mux-ATAGCGACGATAGACA,6
mux-ATAGCGACACCACTGT,3
mux-ATAGCGACGCCACATA,2
mux-ATAGCGACGCGAGTAA,4
mux-ATAGCGACGCTAACGA,6
mux-ATAGCGACGCTCGGTA,2
mux-ATAGCGACGGAGAACA,0
mux-ATAGCGACGGTGCGAA,2
mux-ATAGCGACGTACGCAA,0
mux-ATAGCGACGTCGTAGA,0
mux-ATAGCGACGTCTGTCA,0
mux-ATAGCGACGTGTTCTA,0
mux-ATAGCGACACATTGGC,9
mux-ATAGCGACTAGGATGA,0
mux-ATAGCGACTATCAGCA,4
mux-ATAGCGACTCCGTCTA,0
mux-ATAGCGACTCTTCACA,14
mux-ATAGCGACTGAAGAGA,5
mux-ATAGCGACTGGAACAA,1
mux-ATAGCGACTGGCTTCA,0
mux-ATAGCGACTGGTGGTA,6
mux-ATAGCGACTTCACGCA,0
mux-ATAGCGACAACTCACC,0
mux-ATAGCGACCAGATCTG,2
mux-ATAGCGACAAGAGATC,10
mux-ATAGCGACAAGGACAC,0
mux-ATAGCGACAATCCGTC,11
mux-ATAGCGACAATGTTGC,15
mux-ATAGCGACACACGACC,11
mux-ATAGCGACACAGATTC,2
mux-ATAGCGACAGATGTAC,0
mux-ATAGCGACAGCACCTC,0
mux-ATAGCGACAGCCATGC,3
mux-ATAGCGACAGGCTAAC,13
mux-ATAGCGACCATCAAGT,1
mux-ATAGCGACATAGCGAC,0
mux-ATAGCGACATCATTCC,0
mux-ATAGCGACATTGGCTC,3
mux-ATAGCGACCAAGGAGC,0
mux-ATAGCGACCACCTTAC,0
mux-ATAGCGACCCATCCTC,0
mux-ATAGCGACCCGACAAC,10
mux-ATAGCGACCCTAATCC,0
mux-ATAGCGACCCTCTATC,0
mux-ATAGCGACCGACACAC,0
mux-ATAGCGACCGCTGATC,1
mux-ATAGCGACCGGATTGC,0
mux-ATAGCGACCTAAGGTC,0
mux-ATAGCGACGAACAGGC,2
mux-ATAGCGACGACAGTGC,6
mux-ATAGCGACGAGTTAGC,7
mux-ATAGCGACGATGAATC,12
mux-ATAGCGACGCCAAGAC,3
mux-ATAGCGACCGGAAGAA,0
mux-ATAGCGACGTGACAAG,0
mux-ATAGCGACGAACCAGA,0
mux-ATCATTCCACAAGCTA,1
mux-ATCATTCCTTGCTGGA,4
mux-ATCATTCCCTGTAGCC,1
mux-ATCATTCCAGTACAAG,4
mux-ATCATTCCAACAACCA,9
mux-ATCATTCCAACCGAGA,3
mux-ATCATTCCAACGCTTA,6
mux-ATCATTCCAAGACGGA,1
mux-ATCATTCCAAGGTACA,13
mux-ATCATTCCACACAGAA,5
mux-ATCATTCCACAGCAGA,2
mux-ATCATTCCACCTCCAA,1
mux-ATCATTCCACGCTCGA,1
mux-ATCATTCCACGTATCA,1
mux-ATCATTCCACTATGCA,1
mux-ATCATTCCAGAGTCAA,1
mux-ATCATTCCAGATCGCA,16
mux-ATCATTCCAGCAGGAA,3
mux-ATCATTCCAGTCACTA,1
mux-ATCATTCCATCCTGTA,1
mux-ATCATTCCATTGAGGA,1
mux-ATCATTCCATGCCTAA,4
mux-ATCATTCCCAACCACA,4
mux-ATCATTCCGACTAGTA,1
mux-ATCATTCCCAATGGAA,2
mux-ATCATTCCCACTTCGA,1
mux-ATCATTCCCAGCGTTA,1
mux-ATCATTCCCATACCAA,1
mux-ATCATTCCCCAGTTCA,1
mux-ATCATTCCCCGAAGTA,8
mux-ATCATTCCCCGTGAGA,4
mux-ATCATTCCCCTCCTGA,1
mux-ATCATTCCAGTGGTCA,5
mux-ATCATTCCCGAACTTA,9
mux-ATCATTCCCGACTGGA,1
mux-ATCATTCCCGCATACA,5
mux-ATCATTCCCTCAATGA,1
mux-ATCATTCCCTGAGCCA,1
mux-ATCATTCCCTGGCATA,0
mux-ATCATTCCGAATCTGA,0
mux-ATCATTCCCAAGACTA,12
mux-ATCATTCCGAGCTGAA,8
mux-ATCATTCCGATAGACA,10
mux-ATCATTCCACCACTGT,1
mux-ATCATTCCGCCACATA,1
mux-ATCATTCCGCGAGTAA,2
mux-ATCATTCCGCTAACGA,0
mux-ATCATTCCGCTCGGTA,4
mux-ATCATTCCGGAGAACA,3
mux-ATCATTCCGGTGCGAA,0
mux-ATCATTCCGTACGCAA,9
mux-ATCATTCCGTCGTAGA,0
mux-ATCATTCCGTCTGTCA,1
mux-ATCATTCCGTGTTCTA,4
mux-ATCATTCCACATTGGC,1
mux-ATCATTCCTAGGATGA,12
mux-ATCATTCCTATCAGCA,0
mux-ATCATTCCTCCGTCTA,2
mux-ATCATTCCTCTTCACA,2
mux-ATCATTCCTGAAGAGA,7
mux-ATCATTCCTGGAACAA,0
mux-ATCATTCCTGGCTTCA,0
mux-ATCATTCCTGGTGGTA,15
mux-ATCATTCCTTCACGCA,2
mux-ATCATTCCAACTCACC,7
mux-ATCATTCCCAGATCTG,0
mux-ATCATTCCAAGAGATC,9
mux-ATCATTCCAAGGACAC,0
mux-ATCATTCCAATCCGTC,0
mux-ATCATTCCAATGTTGC,11
mux-ATCATTCCACACGACC,0
mux-ATCATTCCACAGATTC,0
mux-ATCATTCCAGATGTAC,3
mux-ATCATTCCAGCACCTC,0
mux-ATCATTCCAGCCATGC,0
mux-ATCATTCCAGGCTAAC,0
mux-ATCATTCCCATCAAGT,1
mux-ATCATTCCATAGCGAC,4
mux-ATCATTCCATCATTCC,0
mux-ATCATTCCATTGGCTC,2
mux-ATCATTCCCAAGGAGC,12
mux-ATCATTCCCACCTTAC,2
mux-ATCATTCCCCATCCTC,3
mux-ATCATTCCCCGACAAC,6
mux-ATCATTCCCCTAATCC,3
mux-ATCATTCCCCTCTATC,0
mux-ATCATTCCCGACACAC,0
mux-ATCATTCCCGCTGATC,1
mux-ATCATTCCCGGATTGC,0
mux-ATCATTCCCTAAGGTC,2
mux-ATCATTCCGAACAGGC,1
mux-ATCATTCCGACAGTGC,1
mux-ATCATTCCGAGTTAGC,1
mux-ATCATTCCGATGAATC,1
mux-ATCATTCCGCCAAGAC,1
mux-ATCATTCCCGGAAGAA,0
mux-ATCATTCCGTGACAAG,7
mux-ATCATTCCGAACCAGA,1
mux-ATTGGCTCACAAGCTA,1
mux-ATTGGCTCTTGCTGGA,1
mux-ATTGGCTCCTGTAGCC,7
mux-ATTGGCTCAGTACAAG,4
mux-ATTGGCTCAACAACCA,1
mux-ATTGGCTCAACCGAGA,1
mux-ATTGGCTCAACGCTTA,3
mux-ATTGGCTCAAGACGGA,1
mux-ATTGGCTCAAGGTACA,7
mux-ATTGGCTCACACAGAA,1
mux-ATTGGCTCACAGCAGA,3
mux-ATTGGCTCACCTCCAA,6
mux-ATTGGCTCACGCTCGA,1
mux-ATTGGCTCACGTATCA,1
mux-ATTGGCTCACTATGCA,1
mux-ATTGGCTCAGAGTCAA,2
mux-ATTGGCTCAGATCGCA,1
mux-ATTGGCTCAGCAGGAA,2
mux-ATTGGCTCAGTCACTA,3
mux-ATTGGCTCATCCTGTA,6
mux-ATTGGCTCATTGAGGA,4
mux-ATTGGCTCATGCCTAA,3
mux-ATTGGCTCCAACCACA,4
mux-ATTGGCTCGACTAGTA,1
mux-ATTGGCTCCAATGGAA,8
mux-ATTGGCTCCACTTCGA,13
mux-ATTGGCTCCAGCGTTA,1
mux-ATTGGCTCCATACCAA,1
mux-ATTGGCTCCCAGTTCA,1
mux-ATTGGCTCCCGAAGTA,1
mux-ATTGGCTCCCGTGAGA,1
mux-ATTGGCTCCCTCCTGA,1
mux-ATTGGCTCAGTGGTCA,6
mux-ATTGGCTCCGAACTTA,13
mux-ATTGGCTCCGACTGGA,2
mux-ATTGGCTCCGCATACA,4
mux-ATTGGCTCCTCAATGA,1
mux-ATTGGCTCCTGAGCCA,0
mux-ATTGGCTCCTGGCATA,2
mux-ATTGGCTCGAATCTGA,6
mux-ATTGGCTCCAAGACTA,1
mux-ATTGGCTCGAGCTGAA,1
mux-ATTGGCTCGATAGACA,4
mux-ATTGGCTCACCACTGT,3
mux-ATTGGCTCGCCACATA,1
mux-ATTGGCTCGCGAGTAA,3
mux-ATTGGCTCGCTAACGA,1
mux-ATTGGCTCGCTCGGTA,2
mux-ATTGGCTCGGAGAACA,4
mux-ATTGGCTCGGTGCGAA,4
mux-ATTGGCTCGTACGCAA,4
mux-ATTGGCTCGTCGTAGA,16
mux-ATTGGCTCGTCTGTCA,2
mux-ATTGGCTCGTGTTCTA,14
mux-ATTGGCTCACATTGGC,2
mux-ATTGGCTCTAGGATGA,0
mux-ATTGGCTCTATCAGCA,4
mux-ATTGGCTCTCCGTCTA,12
mux-ATTGGCTCTCTTCACA,11
mux-ATTGGCTCTGAAGAGA,3
mux-ATTGGCTCTGGAACAA,0
mux-ATTGGCTCTGGCTTCA,1
mux-ATTGGCTCTGGTGGTA,0
mux-ATTGGCTCTTCACGCA,10
mux-ATTGGCTCAACTCACC,0
mux-ATTGGCTCAAGAGATC,2
mux-ATTGGCTCAAGGACAC,12
mux-ATTGGCTCAATCCGTC,0
mux-ATTGGCTCAATGTTGC,3
mux-ATTGGCTCACACGACC,5
mux-ATTGGCTCACAGATTC,7
mux-ATTGGCTCAGATGTAC,0
mux-ATTGGCTCAGCACCTC,0
mux-ATTGGCTCAGCCATGC,0
mux-ATTGGCTCAGGCTAAC,0
mux-ATTGGCTCCATCAAGT,11
mux-ATTGGCTCATAGCGAC,0
mux-ATTGGCTCATCATTCC,0
mux-ATTGGCTCATTGGCTC,0
mux-ATTGGCTCCAAGGAGC,0
mux-ATTGGCTCCACCTTAC,0
mux-ATTGGCTCCCATCCTC,0
mux-ATTGGCTCCCGACAAC,8
mux-ATTGGCTCCCTAATCC,0
mux-ATTGGCTCCCTCTATC,0
mux-ATTGGCTCCGACACAC,0
mux-ATTGGCTCCGCTGATC,5
mux-ATTGGCTCCGGATTGC,0
mux-ATTGGCTCCTAAGGTC,0
mux-ATTGGCTCGAACAGGC,0
mux-ATTGGCTCGACAGTGC,1
mux-ATTGGCTCGAGTTAGC,1
mux-ATTGGCTCGATGAATC,4
mux-ATTGGCTCGCCAAGAC,7
mux-ATTGGCTCCGGAAGAA,4
mux-ATTGGCTCGTGACAAG,7
mux-ATTGGCTCGAACCAGA,2
mux-CAAGGAGCACAAGCTA,1
mux-CAAGGAGCTTGCTGGA,4
mux-CAAGGAGCCTGTAGCC,2
mux-CAAGGAGCAGTACAAG,1
mux-CAAGGAGCAACAACCA,1
mux-CAAGGAGCAACCGAGA,1
mux-CAAGGAGCAACGCTTA,10
mux-CAAGGAGCAAGACGGA,2
mux-CAAGGAGCAAGGTACA,12
mux-CAAGGAGCACACAGAA,1
mux-CAAGGAGCACAGCAGA,3
mux-CAAGGAGCACCTCCAA,3
mux-CAAGGAGCACGCTCGA,1
mux-CAAGGAGCACGTATCA,2
mux-CAAGGAGCACTATGCA,2
mux-CAAGGAGCAGAGTCAA,5
mux-CAAGGAGCAGATCGCA,5
mux-CAAGGAGCAGCAGGAA,2
mux-CAAGGAGCAGTCACTA,2
mux-CAAGGAGCATCCTGTA,8
mux-CAAGGAGCATTGAGGA,9
mux-CAAGGAGCCAACCACA,4
mux-CAAGGAGCGACTAGTA,1
mux-CAAGGAGCCAATGGAA,1
mux-CAAGGAGCCACTTCGA,7
mux-CAAGGAGCCAGCGTTA,1
mux-CAAGGAGCCATACCAA,2
mux-CAAGGAGCCCAGTTCA,2
mux-CAAGGAGCCCGAAGTA,4
mux-CAAGGAGCCCGTGAGA,4
mux-CAAGGAGCCCTCCTGA,1
mux-CAAGGAGCAGTGGTCA,3
mux-CAAGGAGCCGAACTTA,5
mux-CAAGGAGCCGACTGGA,1
mux-CAAGGAGCCGCATACA,1
mux-CAAGGAGCCTCAATGA,1
mux-CAAGGAGCCTGAGCCA,1
mux-CAAGGAGCCTGGCATA,5
mux-CAAGGAGCGAATCTGA,1
mux-CAAGGAGCCAAGACTA,1
mux-CAAGGAGCGAGCTGAA,13
mux-CAAGGAGCGATAGACA,4
mux-CAAGGAGCGCCACATA,2
mux-CAAGGAGCGCGAGTAA,10
mux-CAAGGAGCGCTAACGA,4
mux-CAAGGAGCGCTCGGTA,4
mux-CAAGGAGCGGAGAACA,1
mux-CAAGGAGCGGTGCGAA,2
mux-CAAGGAGCGTACGCAA,4
mux-CAAGGAGCGTCGTAGA,2
mux-CAAGGAGCGTCTGTCA,1
mux-CAAGGAGCGTGTTCTA,4
mux-CAAGGAGCACATTGGC,1
mux-CAAGGAGCTAGGATGA,0
mux-CAAGGAGCTATCAGCA,0
mux-CAAGGAGCTCCGTCTA,0
mux-CAAGGAGCTCTTCACA,0
mux-CAAGGAGCTGAAGAGA,0
mux-CAAGGAGCTGGAACAA,0
mux-CAAGGAGCTGGCTTCA,3
mux-CAAGGAGCTGGTGGTA,2
mux-CAAGGAGCTTCACGCA,9
mux-CAAGGAGCAACTCACC,0
mux-CAAGGAGCAAGAGATC,2
mux-CAAGGAGCAAGGACAC,3
mux-CAAGGAGCAATCCGTC,2
mux-CAAGGAGCAATGTTGC,6
mux-CAAGGAGCACACGACC,10
mux-CAAGGAGCACAGATTC,0
mux-CAAGGAGCAGATGTAC,0
mux-CAAGGAGCAGCACCTC,0
mux-CAAGGAGCAGCCATGC,3
mux-CAAGGAGCAGGCTAAC,0
mux-CAAGGAGCCATCAAGT,2
mux-CAAGGAGCATAGCGAC,0
mux-CAAGGAGCATCATTCC,0
mux-CAAGGAGCATTGGCTC,0
mux-CAAGGAGCCAAGGAGC,0
mux-CAAGGAGCCACCTTAC,0
mux-CAAGGAGCCCATCCTC,4
mux-CAAGGAGCCCGACAAC,6
mux-CAAGGAGCCCTAATCC,11
mux-CAAGGAGCCCTCTATC,0
mux-CAAGGAGCCGACACAC,0
mux-CAAGGAGCCGCTGATC,7
mux-CAAGGAGCCGGATTGC,0
mux-CAAGGAGCCTAAGGTC,0
mux-CAAGGAGCGAACAGGC,0
mux-CAAGGAGCGACAGTGC,4
mux-CAAGGAGCGAGTTAGC,8
mux-CAAGGAGCGATGAATC,1
mux-CAAGGAGCGCCAAGAC,7
mux-CAAGGAGCCGGAAGAA,3
mux-CAAGGAGCGTGACAAG,4
mux-CAAGGAGCGAACCAGA,1
mux-CACCTTACACAAGCTA,12
mux-CACCTTACTTGCTGGA,13
mux-CACCTTACCTGTAGCC,1
mux-CACCTTACAGTACAAG,1
mux-CACCTTACAACAACCA,1
mux-CACCTTACAACCGAGA,1
mux-CACCTTACAACGCTTA,1
mux-CACCTTACAAGACGGA,1
mux-CACCTTACAAGGTACA,1
mux-CACCTTACACACAGAA,1
mux-CACCTTACACAGCAGA,1
mux-CACCTTACACCTCCAA,2
mux-CACCTTACACGCTCGA,2
mux-CACCTTACACGTATCA,3
mux-CACCTTACACTATGCA,1
mux-CACCTTACAGAGTCAA,1
mux-CACCTTACAGATCGCA,1
mux-CACCTTACAGCAGGAA,10
mux-CACCTTACAGTCACTA,13
mux-CACCTTACATCCTGTA,2
mux-CACCTTACATTGAGGA,13
mux-CACCTTACCAACCACA,10
mux-CACCTTACGACTAGTA,1
mux-CACCTTACCAATGGAA,1
mux-CACCTTACCACTTCGA,7
mux-CACCTTACCAGCGTTA,2
mux-CACCTTACCATACCAA,10
mux-CACCTTACCCAGTTCA,1
mux-CACCTTACCCGAAGTA,1
mux-CACCTTACCCGTGAGA,13
mux-CACCTTACCCTCCTGA,3
mux-CACCTTACCGAACTTA,1
mux-CACCTTACCGACTGGA,8
mux-CACCTTACCGCATACA,4
mux-CACCTTACCTCAATGA,1
mux-CACCTTACCTGAGCCA,3
mux-CACCTTACCTGGCATA,5
mux-CACCTTACGAATCTGA,7
mux-CACCTTACCAAGACTA,1
mux-CACCTTACGAGCTGAA,1
mux-CACCTTACGATAGACA,1
mux-CACCTTACGCCACATA,2
mux-CACCTTACGCGAGTAA,1
mux-CACCTTACGCTAACGA,3
mux-CACCTTACGCTCGGTA,4
mux-CACCTTACGGAGAACA,2
mux-CACCTTACGGTGCGAA,7
mux-CACCTTACGTACGCAA,8
mux-CACCTTACGTCGTAGA,4
mux-CACCTTACGTCTGTCA,1
mux-CACCTTACGTGTTCTA,4
mux-CACCTTACACATTGGC,4
mux-CACCTTACTAGGATGA,11
mux-CACCTTACTATCAGCA,0
mux-CACCTTACTCCGTCTA,10
mux-CACCTTACTCTTCACA,4
mux-CACCTTACTGAAGAGA,7
mux-CACCTTACTGGAACAA,2
mux-CACCTTACTGGCTTCA,7
mux-CACCTTACTGGTGGTA,0
mux-CACCTTACTTCACGCA,0
mux-CACCTTACAACTCACC,14
mux-CACCTTACAAGAGATC,11
mux-CACCTTACAAGGACAC,0
mux-CACCTTACAATCCGTC,6
mux-CACCTTACAATGTTGC,3
mux-CACCTTACACACGACC,0
mux-CACCTTACACAGATTC,3
mux-CACCTTACAGATGTAC,0
mux-CACCTTACAGCACCTC,12
mux-CACCTTACAGCCATGC,0
mux-CACCTTACAGGCTAAC,0
mux-CACCTTACCATCAAGT,3
mux-CACCTTACATAGCGAC,0
mux-CACCTTACATCATTCC,0
mux-CACCTTACATTGGCTC,0
mux-CACCTTACCAAGGAGC,0
mux-CACCTTACCACCTTAC,6
mux-CACCTTACCCATCCTC,0
mux-CACCTTACCCGACAAC,2
mux-CACCTTACCCTAATCC,3
mux-CACCTTACCCTCTATC,0
mux-CACCTTACCGACACAC,0
mux-CACCTTACCGCTGATC,2
mux-CACCTTACCGGATTGC,0
mux-CACCTTACCTAAGGTC,6
mux-CACCTTACGAACAGGC,10
mux-CACCTTACGACAGTGC,1
mux-CACCTTACGAGTTAGC,1
mux-CACCTTACGATGAATC,1
mux-CACCTTACGCCAAGAC,0
mux-CACCTTACCGGAAGAA,12
mux-CACCTTACGTGACAAG,12
mux-CACCTTACGAACCAGA,2
mux-CCATCCTCACAAGCTA,2
mux-CCATCCTCTTGCTGGA,1
mux-CCATCCTCCTGTAGCC,14
mux-CCATCCTCAGTACAAG,1
mux-CCATCCTCAACAACCA,2
mux-CCATCCTCAACCGAGA,3
mux-CCATCCTCAACGCTTA,1
mux-CCATCCTCAAGACGGA,1
mux-CCATCCTCAAGGTACA,6
mux-CCATCCTCACACAGAA,1
mux-CCATCCTCACAGCAGA,12
mux-CCATCCTCACCTCCAA,15
mux-CCATCCTCACGCTCGA,1
mux-CCATCCTCACGTATCA,1
mux-CCATCCTCACTATGCA,1
mux-CCATCCTCAGAGTCAA,1
mux-CCATCCTCAGATCGCA,1
mux-CCATCCTCAGCAGGAA,1
mux-CCATCCTCAGTCACTA,1
mux-CCATCCTCATCCTGTA,1
mux-CCATCCTCATTGAGGA,4
mux-CCATCCTCCAACCACA,1
mux-CCATCCTCGACTAGTA,1
mux-CCATCCTCCAATGGAA,10
mux-CCATCCTCCACTTCGA,4
mux-CCATCCTCCAGCGTTA,3
mux-CCATCCTCCATACCAA,9
mux-CCATCCTCCCAGTTCA,1
mux-CCATCCTCCCGAAGTA,1
mux-CCATCCTCCCGTGAGA,1
mux-CCATCCTCCCTCCTGA,1
mux-CCATCCTCCGAACTTA,1
mux-CCATCCTCCGACTGGA,1
mux-CCATCCTCCGCATACA,3
mux-CCATCCTCCTCAATGA,1
mux-CCATCCTCCTGAGCCA,3
mux-CCATCCTCCTGGCATA,1
mux-CCATCCTCGAATCTGA,1
mux-CCATCCTCCAAGACTA,1
mux-CCATCCTCGAGCTGAA,4
mux-CCATCCTCGATAGACA,1
mux-CCATCCTCGCCACATA,10
mux-CCATCCTCGCGAGTAA,1
mux-CCATCCTCGCTAACGA,2
mux-CCATCCTCGCTCGGTA,4
mux-CCATCCTCGGAGAACA,2
mux-CCATCCTCGGTGCGAA,4
mux-CCATCCTCGTACGCAA,9
mux-CCATCCTCGTCGTAGA,6
mux-CCATCCTCGTCTGTCA,5
mux-CCATCCTCGTGTTCTA,4
mux-CCATCCTCACATTGGC,5
mux-CCATCCTCTAGGATGA,3
mux-CCATCCTCTATCAGCA,0
mux-CCATCCTCTCCGTCTA,6
mux-CCATCCTCTCTTCACA,0
mux-CCATCCTCTGAAGAGA,4
mux-CCATCCTCTGGAACAA,3
mux-CCATCCTCTGGCTTCA,14
mux-CCATCCTCTGGTGGTA,0
mux-CCATCCTCTTCACGCA,0
mux-CCATCCTCAACTCACC,4
mux-CCATCCTCAAGAGATC,3
mux-CCATCCTCAAGGACAC,2
mux-CCATCCTCAATCCGTC,3
mux-CCATCCTCAATGTTGC,7
mux-CCATCCTCACACGACC,9
mux-CCATCCTCACAGATTC,11
mux-CCATCCTCAGATGTAC,3
mux-CCATCCTCAGCACCTC,0
mux-CCATCCTCAGCCATGC,5
mux-CCATCCTCAGGCTAAC,0
mux-CCATCCTCCATCAAGT,2
mux-CCATCCTCATAGCGAC,0
mux-CCATCCTCATCATTCC,7
mux-CCATCCTCATTGGCTC,0
mux-CCATCCTCCAAGGAGC,3
mux-CCATCCTCCACCTTAC,0
mux-CCATCCTCCCATCCTC,0
mux-CCATCCTCCCGACAAC,3
mux-CCATCCTCCCTAATCC,4
mux-CCATCCTCCCTCTATC,12
mux-CCATCCTCCGACACAC,0
mux-CCATCCTCCGCTGATC,2
mux-CCATCCTCCGGATTGC,0
mux-CCATCCTCCTAAGGTC,5
mux-CCATCCTCGAACAGGC,1
mux-CCATCCTCGACAGTGC,0
mux-CCATCCTCGAGTTAGC,1
mux-CCATCCTCGATGAATC,4
mux-CCATCCTCGCCAAGAC,8
mux-CCATCCTCCGGAAGAA,1
mux-CCATCCTCGTGACAAG,1
mux-CCATCCTCGAACCAGA,1
mux-CCGACAACACAAGCTA,4
mux-CCGACAACTTGCTGGA,3
mux-CCGACAACCTGTAGCC,9
mux-CCGACAACAGTACAAG,3
mux-CCGACAACAACAACCA,1
mux-CCGACAACAACCGAGA,1
mux-CCGACAACAACGCTTA,1
mux-CCGACAACAAGACGGA,1
mux-CCGACAACAAGGTACA,4
mux-CCGACAACACACAGAA,1
mux-CCGACAACACAGCAGA,1
mux-CCGACAACACCTCCAA,1
mux-CCGACAACACGCTCGA,1
mux-CCGACAACACGTATCA,1
mux-CCGACAACACTATGCA,1
mux-CCGACAACAGAGTCAA,1
mux-CCGACAACAGATCGCA,1
mux-CCGACAACAGCAGGAA,1
mux-CCGACAACAGTCACTA,1
mux-CCGACAACATCCTGTA,7
mux-CCGACAACATTGAGGA,1
mux-CCGACAACCAACCACA,2
mux-CCGACAACGACTAGTA,3
mux-CCGACAACCAATGGAA,4
mux-CCGACAACCACTTCGA,1
mux-CCGACAACCAGCGTTA,1
mux-CCGACAACCATACCAA,4
mux-CCGACAACCCAGTTCA,1
mux-CCGACAACCCGAAGTA,9
mux-CCGACAACCCGTGAGA,1
mux-CCGACAACCCTCCTGA,1
mux-CCGACAACCGAACTTA,1
mux-CCGACAACCGACTGGA,1
mux-CCGACAACCGCATACA,4
mux-CCGACAACCTCAATGA,1
mux-CCGACAACCTGAGCCA,1
mux-CCGACAACCTGGCATA,2
mux-CCGACAACGAATCTGA,3
mux-CCGACAACCAAGACTA,3
mux-CCGACAACGAGCTGAA,1
mux-CCGACAACGATAGACA,1
mux-CCGACAACGCCACATA,8
mux-CCGACAACGCGAGTAA,1
mux-CCGACAACGCTAACGA,14
mux-CCGACAACGCTCGGTA,1
mux-CCGACAACGGAGAACA,3
mux-CCGACAACGGTGCGAA,1
mux-CCGACAACGTACGCAA,9
mux-CCGACAACGTCGTAGA,4
mux-CCGACAACGTCTGTCA,4
mux-CCGACAACGTGTTCTA,8
mux-CCGACAACTAGGATGA,3
mux-CCGACAACTATCAGCA,2
mux-CCGACAACTCCGTCTA,0
mux-CCGACAACTCTTCACA,2
mux-CCGACAACTGAAGAGA,4
mux-CCGACAACTGGAACAA,2
mux-CCGACAACTGGCTTCA,4
mux-CCGACAACTGGTGGTA,3
mux-CCGACAACTTCACGCA,0
mux-CCGACAACAACTCACC,0
mux-CCGACAACAAGAGATC,0
mux-CCGACAACAAGGACAC,2
mux-CCGACAACAATCCGTC,3
mux-CCGACAACAATGTTGC,0
mux-CCGACAACACACGACC,0
mux-CCGACAACACAGATTC,0
mux-CCGACAACAGATGTAC,5
mux-CCGACAACAGCACCTC,0
mux-CCGACAACAGCCATGC,0
mux-CCGACAACAGGCTAAC,0
mux-CCGACAACATAGCGAC,1
mux-CCGACAACATCATTCC,2
mux-CCGACAACATTGGCTC,3
mux-CCGACAACCAAGGAGC,3
mux-CCGACAACCACCTTAC,0
mux-CCGACAACCCATCCTC,2
mux-CCGACAACCCGACAAC,4
mux-CCGACAACCCTAATCC,8
mux-CCGACAACCCTCTATC,0
mux-CCGACAACCGACACAC,0
mux-CCGACAACCGCTGATC,3
mux-CCGACAACCGGATTGC,4
mux-CCGACAACCTAAGGTC,0
mux-CCGACAACGAACAGGC,0
mux-CCGACAACGACAGTGC,1
mux-CCGACAACGAGTTAGC,1
mux-CCGACAACGATGAATC,11
mux-CCGACAACGCCAAGAC,3
mux-CCGACAACCGGAAGAA,7
mux-CCGACAACGTGACAAG,4
mux-CCGACAACGAACCAGA,1
mux-CCTAATCCACAAGCTA,0
mux-CCTAATCCTTGCTGGA,8
mux-CCTAATCCCTGTAGCC,4
mux-CCTAATCCAGTACAAG,2
mux-CCTAATCCAACAACCA,1
mux-CCTAATCCAACCGAGA,4
mux-CCTAATCCAACGCTTA,3
mux-CCTAATCCAAGACGGA,1
mux-CCTAATCCAAGGTACA,3
mux-CCTAATCCACACAGAA,2
mux-CCTAATCCACAGCAGA,3
mux-CCTAATCCACCTCCAA,2
mux-CCTAATCCACGCTCGA,3
mux-CCTAATCCACGTATCA,1
mux-CCTAATCCACTATGCA,1
mux-CCTAATCCAGAGTCAA,4
mux-CCTAATCCAGATCGCA,1
mux-CCTAATCCAGCAGGAA,1
mux-CCTAATCCAGTCACTA,1
mux-CCTAATCCATCCTGTA,2
mux-CCTAATCCATTGAGGA,1
mux-CCTAATCCCAACCACA,0
mux-CCTAATCCGACTAGTA,3
mux-CCTAATCCCAATGGAA,3
mux-CCTAATCCCACTTCGA,1
mux-CCTAATCCCAGCGTTA,3
mux-CCTAATCCCATACCAA,1
mux-CCTAATCCCCAGTTCA,8
mux-CCTAATCCCCGAAGTA,1
mux-CCTAATCCCCGTGAGA,3
mux-CCTAATCCCCTCCTGA,13
mux-CCTAATCCCGAACTTA,1
mux-CCTAATCCCGACTGGA,1
mux-CCTAATCCCGCATACA,7
mux-CCTAATCCCTCAATGA,1
mux-CCTAATCCCTGAGCCA,1
mux-CCTAATCCCTGGCATA,3
mux-CCTAATCCGAATCTGA,1
mux-CCTAATCCCAAGACTA,3
mux-CCTAATCCGAGCTGAA,14
mux-CCTAATCCGATAGACA,4
mux-CCTAATCCGCCACATA,2
mux-CCTAATCCGCGAGTAA,8
mux-CCTAATCCGCTAACGA,1
mux-CCTAATCCGCTCGGTA,1
mux-CCTAATCCGGAGAACA,1
mux-CCTAATCCGGTGCGAA,1
mux-CCTAATCCGTACGCAA,1
mux-CCTAATCCGTCGTAGA,9
mux-CCTAATCCGTCTGTCA,7
mux-CCTAATCCGTGTTCTA,2
mux-CCTAATCCTAGGATGA,3
mux-CCTAATCCTATCAGCA,4
mux-CCTAATCCTCCGTCTA,3
mux-CCTAATCCTCTTCACA,2
mux-CCTAATCCTGAAGAGA,9
mux-CCTAATCCTGGAACAA,4
mux-CCTAATCCTGGCTTCA,2
mux-CCTAATCCTGGTGGTA,4
mux-CCTAATCCTTCACGCA,3
mux-CCTAATCCAACTCACC,0
mux-CCTAATCCAAGAGATC,0
mux-CCTAATCCAAGGACAC,0
mux-CCTAATCCAATCCGTC,0
mux-CCTAATCCAATGTTGC,0
mux-CCTAATCCACACGACC,1
mux-CCTAATCCACAGATTC,9
mux-CCTAATCCAGATGTAC,3
mux-CCTAATCCAGCACCTC,0
mux-CCTAATCCAGCCATGC,0
mux-CCTAATCCAGGCTAAC,3
mux-CCTAATCCATAGCGAC,0
mux-CCTAATCCATCATTCC,10
mux-CCTAATCCATTGGCTC,0
mux-CCTAATCCCAAGGAGC,0
mux-CCTAATCCCACCTTAC,3
mux-CCTAATCCCCATCCTC,11
mux-CCTAATCCCCGACAAC,9
mux-CCTAATCCCCTAATCC,0
mux-CCTAATCCCCTCTATC,0
mux-CCTAATCCCGACACAC,0
mux-CCTAATCCCGGATTGC,0
mux-CCTAATCCCTAAGGTC,6
mux-CCTAATCCGAACAGGC,0
mux-CCTAATCCGACAGTGC,8
mux-CCTAATCCGAGTTAGC,2
mux-CCTAATCCGATGAATC,2
mux-CCTAATCCGCCAAGAC,11
mux-CCTAATCCCGGAAGAA,1
mux-CCTAATCCGTGACAAG,1
mux-CCTAATCCGAACCAGA,0
mux-CCTCTATCACAAGCTA,1
mux-CCTCTATCTTGCTGGA,1
mux-CCTCTATCCTGTAGCC,13
mux-CCTCTATCAGTACAAG,2
mux-CCTCTATCAACAACCA,1
mux-CCTCTATCAACCGAGA,1
mux-CCTCTATCAACGCTTA,1
mux-CCTCTATCAAGACGGA,3
mux-CCTCTATCAAGGTACA,9
mux-CCTCTATCACACAGAA,13
mux-CCTCTATCACAGCAGA,14
mux-CCTCTATCACCTCCAA,1
mux-CCTCTATCACGCTCGA,1
mux-CCTCTATCACGTATCA,1
mux-CCTCTATCACTATGCA,1
mux-CCTCTATCAGAGTCAA,3
mux-CCTCTATCAGATCGCA,3
mux-CCTCTATCAGCAGGAA,1
mux-CCTCTATCAGTCACTA,1
mux-CCTCTATCATCCTGTA,1
mux-CCTCTATCATTGAGGA,3
mux-CCTCTATCCAACCACA,6
mux-CCTCTATCGACTAGTA,3
mux-CCTCTATCCAATGGAA,2
mux-CCTCTATCCACTTCGA,1
mux-CCTCTATCCAGCGTTA,3
mux-CCTCTATCCATACCAA,8
mux-CCTCTATCCCAGTTCA,5
mux-CCTCTATCCCGAAGTA,3
mux-CCTCTATCCCGTGAGA,3
mux-CCTCTATCCCTCCTGA,4
mux-CCTCTATCCGAACTTA,13
mux-CCTCTATCCGACTGGA,7
mux-CCTCTATCCGCATACA,6
mux-CCTCTATCCTCAATGA,6
mux-CCTCTATCCTGAGCCA,1
mux-CCTCTATCCTGGCATA,3
mux-CCTCTATCGAATCTGA,1
mux-CCTCTATCCAAGACTA,1
mux-CCTCTATCGAGCTGAA,4
mux-CCTCTATCGATAGACA,5
mux-CCTCTATCGCCACATA,1
mux-CCTCTATCGCGAGTAA,1
mux-CCTCTATCGCTAACGA,3
mux-CCTCTATCGCTCGGTA,9
mux-CCTCTATCGGAGAACA,1
mux-CCTCTATCGGTGCGAA,11
mux-CCTCTATCGTACGCAA,1
mux-CCTCTATCGTCGTAGA,3
mux-CCTCTATCGTCTGTCA,3
mux-CCTCTATCGTGTTCTA,10
mux-CCTCTATCTAGGATGA,3
mux-CCTCTATCTATCAGCA,1
mux-CCTCTATCTCCGTCTA,10
mux-CCTCTATCTCTTCACA,7
mux-CCTCTATCTGAAGAGA,10
mux-CCTCTATCTGGAACAA,2
mux-CCTCTATCTGGCTTCA,10
mux-CCTCTATCTGGTGGTA,4
mux-CCTCTATCTTCACGCA,3
mux-CCTCTATCAACTCACC,14
mux-CCTCTATCAAGAGATC,5
mux-CCTCTATCAAGGACAC,0
mux-CCTCTATCAATCCGTC,0
mux-CCTCTATCAATGTTGC,5
mux-CCTCTATCACACGACC,0
mux-CCTCTATCACAGATTC,0
mux-CCTCTATCAGATGTAC,3
mux-CCTCTATCAGCACCTC,6
mux-CCTCTATCAGCCATGC,0
mux-CCTCTATCAGGCTAAC,4
mux-CCTCTATCATAGCGAC,0
mux-CCTCTATCATCATTCC,9
mux-CCTCTATCATTGGCTC,5
mux-CCTCTATCCAAGGAGC,11
mux-CCTCTATCCACCTTAC,3
mux-CCTCTATCCCATCCTC,0
mux-CCTCTATCCCGACAAC,4
mux-CCTCTATCCCTAATCC,8
mux-CCTCTATCCCTCTATC,0
mux-CCTCTATCCGACACAC,0
mux-CCTCTATCCGGATTGC,0
mux-CCTCTATCGAACAGGC,1
mux-CCTCTATCGACAGTGC,1
mux-CCTCTATCGAGTTAGC,5
mux-CCTCTATCGATGAATC,1
mux-CCTCTATCGCCAAGAC,1
mux-CCTCTATCCGGAAGAA,1
mux-CCTCTATCGTGACAAG,3
mux-CCTCTATCGAACCAGA,3
mux-CGACACACACAAGCTA,3
mux-CGACACACTTGCTGGA,1
mux-CGACACACCTGTAGCC,3
mux-CGACACACAGTACAAG,5
mux-CGACACACAACAACCA,1
mux-CGACACACAACCGAGA,5
mux-CGACACACAACGCTTA,1
mux-CGACACACAAGACGGA,3
mux-CGACACACAAGGTACA,1
mux-CGACACACACACAGAA,1
mux-CGACACACACAGCAGA,2
mux-CGACACACACCTCCAA,1
mux-CGACACACACGCTCGA,1
mux-CGACACACACGTATCA,1
mux-CGACACACACTATGCA,3
mux-CGACACACAGAGTCAA,1
mux-CGACACACAGATCGCA,1
mux-CGACACACAGCAGGAA,1
mux-CGACACACAGTCACTA,8
mux-CGACACACATCCTGTA,1
mux-CGACACACATTGAGGA,1
mux-CGACACACCAACCACA,1
mux-CGACACACGACTAGTA,1
mux-CGACACACCAATGGAA,3
mux-CGACACACCACTTCGA,5
mux-CGACACACCAGCGTTA,2
mux-CGACACACCATACCAA,3
mux-CGACACACCCAGTTCA,1
mux-CGACACACCCGAAGTA,12
mux-CGACACACCCGTGAGA,1
mux-CGACACACCCTCCTGA,1
mux-CGACACACCGAACTTA,1
mux-CGACACACCGACTGGA,1
mux-CGACACACCGCATACA,1
mux-CGACACACCTCAATGA,1
mux-CGACACACCTGAGCCA,2
mux-CGACACACCTGGCATA,1
mux-CGACACACGAATCTGA,1
mux-CGACACACCAAGACTA,1
mux-CGACACACGAGCTGAA,8
mux-CGACACACGATAGACA,1
mux-CGACACACGCCACATA,1
mux-CGACACACGCGAGTAA,1
mux-CGACACACGCTAACGA,1
mux-CGACACACGCTCGGTA,1
mux-CGACACACGGAGAACA,8
mux-CGACACACGGTGCGAA,1
mux-CGACACACGTACGCAA,2
mux-CGACACACGTCGTAGA,1
mux-CGACACACGTCTGTCA,1
mux-CGACACACGTGTTCTA,3
mux-CGACACACTAGGATGA,1
mux-CGACACACTATCAGCA,2
mux-CGACACACTCCGTCTA,9
mux-CGACACACTCTTCACA,3
mux-CGACACACTGAAGAGA,4
mux-CGACACACTGGAACAA,1
mux-CGACACACTGGCTTCA,1
mux-CGACACACTGGTGGTA,1
mux-CGACACACTTCACGCA,1
mux-CGACACACAACTCACC,9
mux-CGACACACAAGAGATC,1
mux-CGACACACAAGGACAC,8
mux-CGACACACAATCCGTC,7
mux-CGACACACAATGTTGC,0
mux-CGACACACACACGACC,0
mux-CGACACACACAGATTC,0
mux-CGACACACAGATGTAC,12
mux-CGACACACAGCACCTC,0
mux-CGACACACAGCCATGC,7
mux-CGACACACAGGCTAAC,0
mux-CGACACACATAGCGAC,0
mux-CGACACACATCATTCC,0
mux-CGACACACATTGGCTC,0
mux-CGACACACCAAGGAGC,0
mux-CGACACACCACCTTAC,0
mux-CGACACACCCATCCTC,1
mux-CGACACACCCGACAAC,2
mux-CGACACACCCTAATCC,11
mux-CGACACACCCTCTATC,0
mux-CGACACACCGACACAC,0
mux-CGACACACCGGATTGC,0
mux-CGACACACCTAAGGTC,1
mux-CGACACACGAACAGGC,1
mux-CGACACACGACAGTGC,4
mux-CGACACACGAGTTAGC,1
mux-CGACACACGCCAAGAC,3
mux-CGACACACCGGAAGAA,6
mux-CGACACACGTGACAAG,0
mux-CGACACACGAACCAGA,1
mux-CATCAAGTAACGTGAT,1
mux-CATCAAGTACAAGCTA,3
mux-CATCAAGTTTGCTGGA,5
mux-CATCAAGTCTGTAGCC,6
mux-CATCAAGTAGTACAAG,1
mux-CATCAAGTAACAACCA,8
mux-CATCAAGTAACCGAGA,13
mux-CATCAAGTAACGCTTA,1
mux-CATCAAGTAAGACGGA,1
mux-CATCAAGTAAGGTACA,4
mux-CATCAAGTACACAGAA,3
mux-CATCAAGTACAGCAGA,1
mux-CATCAAGTAAACATCG,1
mux-CATCAAGTACCTCCAA,2
mux-CATCAAGTACGCTCGA,2
mux-CATCAAGTACGTATCA,3
mux-CATCAAGTACTATGCA,2
mux-CATCAAGTAGAGTCAA,9
mux-CATCAAGTAGATCGCA,2
mux-CATCAAGTAGCAGGAA,2
mux-CATCAAGTAGTCACTA,2
mux-CATCAAGTATCCTGTA,2
mux-CATCAAGTATTGAGGA,2
mux-CATCAAGTATGCCTAA,1
mux-CATCAAGTCAACCACA,1
mux-CATCAAGTGACTAGTA,2
mux-CATCAAGTCAATGGAA,4
mux-CATCAAGTCACTTCGA,12
mux-CATCAAGTCAGCGTTA,3
mux-CATCAAGTCATACCAA,2
mux-CATCAAGTCCAGTTCA,2
mux-CATCAAGTCCGAAGTA,5
mux-CATCAAGTCCGTGAGA,5
mux-CATCAAGTCCTCCTGA,2
mux-CATCAAGTAGTGGTCA,6
mux-CATCAAGTCGAACTTA,3
mux-CATCAAGTCGACTGGA,2
mux-CATCAAGTCGCATACA,2
mux-CATCAAGTCTCAATGA,2
mux-CATCAAGTCTGAGCCA,2
mux-CATCAAGTCTGGCATA,3
mux-CATCAAGTGAATCTGA,6
mux-CATCAAGTCAAGACTA,4
mux-CATCAAGTGAGCTGAA,11
mux-CATCAAGTGATAGACA,15
mux-CATCAAGTACCACTGT,10
mux-CATCAAGTGCCACATA,4
mux-CATCAAGTGCGAGTAA,14
mux-CATCAAGTGCTAACGA,10
mux-CATCAAGTGCTCGGTA,3
mux-CATCAAGTGGAGAACA,4
mux-CATCAAGTGGTGCGAA,10
mux-CATCAAGTGTACGCAA,4
mux-CATCAAGTGTCGTAGA,3
mux-CATCAAGTGTCTGTCA,3
mux-CATCAAGTGTGTTCTA,4
mux-CATCAAGTACATTGGC,1
mux-CATCAAGTTAGGATGA,5
mux-CATCAAGTTATCAGCA,5
mux-CATCAAGTTCCGTCTA,7
mux-CATCAAGTTCTTCACA,3
mux-CATCAAGTTGAAGAGA,9
mux-CATCAAGTTGGAACAA,8
mux-CATCAAGTTGGCTTCA,2
mux-CATCAAGTTGGTGGTA,3
mux-CATCAAGTTTCACGCA,4
mux-CATCAAGTAACTCACC,2
mux-CATCAAGTCAGATCTG,13
mux-CATCAAGTAAGAGATC,3
mux-CATCAAGTAAGGACAC,2
mux-CATCAAGTAATCCGTC,4
mux-CATCAAGTAATGTTGC,4
mux-CATCAAGTACACGACC,2
mux-CATCAAGTACAGATTC,6
mux-CATCAAGTAGATGTAC,4
mux-CATCAAGTAGCACCTC,3
mux-CATCAAGTAGCCATGC,2
mux-CATCAAGTAGGCTAAC,2
mux-CATCAAGTCATCAAGT,1
mux-CATCAAGTATAGCGAC,7
mux-CATCAAGTATCATTCC,13
mux-CATCAAGTATTGGCTC,4
mux-CATCAAGTCAAGGAGC,2
mux-CATCAAGTCACCTTAC,3
mux-CATCAAGTCCATCCTC,3
mux-CATCAAGTCCGACAAC,3
mux-CATCAAGTCCTAATCC,6
mux-CATCAAGTCCTCTATC,3
mux-CATCAAGTCGACACAC,2
mux-CATCAAGTCGCTGATC,1
mux-CATCAAGTCGGATTGC,16
mux-CATCAAGTCTAAGGTC,4
mux-CATCAAGTGAACAGGC,2
mux-CATCAAGTGACAGTGC,4
mux-CATCAAGTGAGTTAGC,5
mux-CATCAAGTGATGAATC,8
mux-CATCAAGTGCCAAGAC,11
mux-CATCAAGTCGGAAGAA,3
mux-CATCAAGTGTGACAAG,3
mux-CATCAAGTGAACCAGA,5
mux-CGGATTGCTTGCTGGA,1
mux-CGGATTGCCTGTAGCC,2
mux-CGGATTGCAGTACAAG,10
mux-CGGATTGCAACAACCA,1
mux-CGGATTGCAACCGAGA,4
mux-CGGATTGCAACGCTTA,10
mux-CGGATTGCAAGACGGA,4
mux-CGGATTGCAAGGTACA,12
mux-CGGATTGCACACAGAA,1
mux-CGGATTGCACAGCAGA,1
mux-CGGATTGCACCTCCAA,11
mux-CGGATTGCACGCTCGA,1
mux-CGGATTGCACGTATCA,5
mux-CGGATTGCACTATGCA,3
mux-CGGATTGCAGAGTCAA,1
mux-CGGATTGCAGATCGCA,3
mux-CGGATTGCAGCAGGAA,1
mux-CGGATTGCAGTCACTA,1
mux-CGGATTGCATCCTGTA,1
mux-CGGATTGCATTGAGGA,9
mux-CGGATTGCCAACCACA,9
mux-CGGATTGCGACTAGTA,12
mux-CGGATTGCCAATGGAA,5
mux-CGGATTGCCACTTCGA,1
mux-CGGATTGCCAGCGTTA,4
mux-CGGATTGCCATACCAA,8
mux-CGGATTGCCCAGTTCA,1
mux-CGGATTGCCCGAAGTA,7
mux-CGGATTGCCCGTGAGA,1
mux-CGGATTGCCCTCCTGA,1
mux-CGGATTGCCGAACTTA,4
mux-CGGATTGCCGACTGGA,1
mux-CGGATTGCCGCATACA,1
mux-CGGATTGCCTCAATGA,1
mux-CGGATTGCCTGAGCCA,2
mux-CGGATTGCCTGGCATA,11
mux-CGGATTGCGAATCTGA,9
mux-CGGATTGCCAAGACTA,9
mux-CGGATTGCGAGCTGAA,9
mux-CGGATTGCGATAGACA,9
mux-CGGATTGCGCCACATA,13
mux-CGGATTGCGCGAGTAA,3
mux-CGGATTGCGCTAACGA,1
mux-CGGATTGCGCTCGGTA,1
mux-CGGATTGCGGAGAACA,3
mux-CGGATTGCGGTGCGAA,5
mux-CGGATTGCGTACGCAA,13
mux-CGGATTGCGTCGTAGA,8
mux-CGGATTGCGTCTGTCA,1
mux-CGGATTGCGTGTTCTA,3
mux-CGGATTGCTAGGATGA,1
mux-CGGATTGCTATCAGCA,1
mux-CGGATTGCTCCGTCTA,8
mux-CGGATTGCTCTTCACA,5
mux-CGGATTGCTGAAGAGA,3
mux-CGGATTGCTGGAACAA,4
mux-CGGATTGCTGGCTTCA,1
mux-CGGATTGCTGGTGGTA,10
mux-CGGATTGCTTCACGCA,1
mux-CGGATTGCAACTCACC,0
mux-CGGATTGCAAGAGATC,1
mux-CGGATTGCAAGGACAC,1
mux-CGGATTGCAATCCGTC,7
mux-CGGATTGCAATGTTGC,11
mux-CGGATTGCACACGACC,1
mux-CGGATTGCACAGATTC,5
mux-CGGATTGCAGATGTAC,7
mux-CGGATTGCAGCACCTC,1
mux-CGGATTGCAGCCATGC,1
mux-CGGATTGCAGGCTAAC,3
mux-CGGATTGCATAGCGAC,3
mux-CGGATTGCATCATTCC,10
mux-CGGATTGCATTGGCTC,10
mux-CGGATTGCCAAGGAGC,2
mux-CGGATTGCCACCTTAC,1
mux-CGGATTGCCCATCCTC,1
mux-CGGATTGCCCGACAAC,2
mux-CGGATTGCCCTAATCC,1
mux-CGGATTGCCCTCTATC,10
mux-CGGATTGCCGGATTGC,0
mux-CGGATTGCCTAAGGTC,5
mux-CGGATTGCGAACAGGC,1
mux-CGGATTGCGACAGTGC,1
mux-CGGATTGCGATGAATC,0
mux-CGGATTGCGCCAAGAC,0
mux-CGGATTGCCGGAAGAA,2
mux-CGGATTGCGTGACAAG,4
mux-CGGATTGCGAACCAGA,1
mux-CTAAGGTCTTGCTGGA,1
mux-CTAAGGTCAGTACAAG,3
mux-CTAAGGTCAACAACCA,5
mux-CTAAGGTCAACCGAGA,3
mux-CTAAGGTCAACGCTTA,9
mux-CTAAGGTCAAGACGGA,1
mux-CTAAGGTCAAGGTACA,3
mux-CTAAGGTCACACAGAA,1
mux-CTAAGGTCACAGCAGA,1
mux-CTAAGGTCACCTCCAA,1
mux-CTAAGGTCACGCTCGA,1
mux-CTAAGGTCACGTATCA,3
mux-CTAAGGTCACTATGCA,1
mux-CTAAGGTCAGAGTCAA,3
mux-CTAAGGTCAGATCGCA,1
mux-CTAAGGTCAGCAGGAA,1
mux-CTAAGGTCAGTCACTA,1
mux-CTAAGGTCATCCTGTA,1
mux-CTAAGGTCATTGAGGA,3
mux-CTAAGGTCCAACCACA,1
mux-CTAAGGTCGACTAGTA,7
mux-CTAAGGTCCAATGGAA,2
mux-CTAAGGTCCACTTCGA,13
mux-CTAAGGTCCAGCGTTA,3
mux-CTAAGGTCCATACCAA,7
mux-CTAAGGTCCCAGTTCA,1
mux-CTAAGGTCCCGAAGTA,14
mux-CTAAGGTCCCGTGAGA,9
mux-CTAAGGTCCCTCCTGA,1
mux-CTAAGGTCCGAACTTA,4
mux-CTAAGGTCCGACTGGA,9
mux-CTAAGGTCCGCATACA,4
mux-CTAAGGTCCTCAATGA,7
mux-CTAAGGTCCTGAGCCA,3
mux-CTAAGGTCCTGGCATA,2
mux-CTAAGGTCGAATCTGA,1
mux-CTAAGGTCCAAGACTA,1
mux-CTAAGGTCGAGCTGAA,1
mux-CTAAGGTCGATAGACA,16
mux-CTAAGGTCGCCACATA,1
mux-CTAAGGTCGCGAGTAA,1
mux-CTAAGGTCGCTAACGA,1
mux-CTAAGGTCGCTCGGTA,1
mux-CTAAGGTCGGAGAACA,1
mux-CTAAGGTCGGTGCGAA,1
mux-CTAAGGTCGTACGCAA,2
mux-CTAAGGTCGTCGTAGA,3
mux-CTAAGGTCGTCTGTCA,1
mux-CTAAGGTCGTGTTCTA,3
mux-CTAAGGTCTAGGATGA,4
mux-CTAAGGTCTATCAGCA,1
mux-CTAAGGTCTCCGTCTA,8
mux-CTAAGGTCTCTTCACA,0
mux-CTAAGGTCTGAAGAGA,1
mux-CTAAGGTCTGGAACAA,4
mux-CTAAGGTCTGGCTTCA,1
mux-CTAAGGTCTGGTGGTA,1
mux-CTAAGGTCTTCACGCA,1
mux-CTAAGGTCAACTCACC,1
mux-CTAAGGTCAAGAGATC,1
mux-CTAAGGTCAAGGACAC,1
mux-CTAAGGTCAATCCGTC,2
mux-CTAAGGTCAATGTTGC,3
mux-CTAAGGTCACACGACC,1
mux-CTAAGGTCACAGATTC,1
mux-CTAAGGTCAGATGTAC,1
mux-CTAAGGTCAGCACCTC,4
mux-CTAAGGTCAGCCATGC,7
mux-CTAAGGTCAGGCTAAC,1
mux-CTAAGGTCATAGCGAC,1
mux-CTAAGGTCATCATTCC,1
mux-CTAAGGTCATTGGCTC,10
mux-CTAAGGTCCAAGGAGC,6
mux-CTAAGGTCCACCTTAC,1
mux-CTAAGGTCCCATCCTC,1
mux-CTAAGGTCCCGACAAC,5
mux-CTAAGGTCCCTAATCC,4
mux-CTAAGGTCCCTCTATC,1
mux-CTAAGGTCGACAGTGC,9
mux-CTAAGGTCGAGTTAGC,0
mux-CTAAGGTCGATGAATC,12
mux-CTAAGGTCGCCAAGAC,4
mux-CTAAGGTCCGGAAGAA,1
mux-CTAAGGTCGTGACAAG,4
mux-CTAAGGTCGAACCAGA,7
mux-GAACAGGCTTGCTGGA,1
mux-GAACAGGCAGTACAAG,4
mux-GAACAGGCAACAACCA,3
mux-GAACAGGCAACCGAGA,2
mux-GAACAGGCAACGCTTA,12
mux-GAACAGGCAAGACGGA,3
mux-GAACAGGCAAGGTACA,1
mux-GAACAGGCACACAGAA,2
mux-GAACAGGCACAGCAGA,3
mux-GAACAGGCACCTCCAA,1
mux-GAACAGGCACGCTCGA,1
mux-GAACAGGCACGTATCA,1
mux-GAACAGGCACTATGCA,1
mux-GAACAGGCAGAGTCAA,1
mux-GAACAGGCAGATCGCA,1
mux-GAACAGGCAGCAGGAA,1
mux-GAACAGGCAGTCACTA,1
mux-GAACAGGCATCCTGTA,1
mux-GAACAGGCATTGAGGA,1
mux-GAACAGGCCAACCACA,1
mux-GAACAGGCGACTAGTA,1
mux-GAACAGGCCAATGGAA,1
mux-GAACAGGCCACTTCGA,3
mux-GAACAGGCCAGCGTTA,4
mux-GAACAGGCCATACCAA,4
mux-GAACAGGCCCAGTTCA,13
mux-GAACAGGCCCGAAGTA,1
mux-GAACAGGCCCGTGAGA,1
mux-GAACAGGCCCTCCTGA,2
mux-GAACAGGCCGAACTTA,4
mux-GAACAGGCCGACTGGA,3
mux-GAACAGGCCGCATACA,1
mux-GAACAGGCCTCAATGA,1
mux-GAACAGGCCTGAGCCA,1
mux-GAACAGGCCTGGCATA,12
mux-GAACAGGCGAATCTGA,1
mux-GAACAGGCCAAGACTA,1
mux-GAACAGGCGAGCTGAA,2
mux-GAACAGGCGATAGACA,3
mux-GAACAGGCGCCACATA,1
mux-GAACAGGCGCGAGTAA,4
mux-GAACAGGCGCTAACGA,4
mux-GAACAGGCGCTCGGTA,1
mux-GAACAGGCGGAGAACA,12
mux-GAACAGGCGGTGCGAA,4
mux-GAACAGGCGTACGCAA,3
mux-GAACAGGCGTCGTAGA,7
mux-GAACAGGCGTCTGTCA,2
mux-GAACAGGCGTGTTCTA,2
mux-GAACAGGCTAGGATGA,1
mux-GAACAGGCTATCAGCA,1
mux-GAACAGGCTCCGTCTA,1
mux-GAACAGGCTCTTCACA,4
mux-GAACAGGCTGAAGAGA,1
mux-GAACAGGCTGGAACAA,3
mux-GAACAGGCTGGCTTCA,1
mux-GAACAGGCTGGTGGTA,1
mux-GAACAGGCTTCACGCA,4
mux-GAACAGGCAACTCACC,12
mux-GAACAGGCAAGAGATC,11
mux-GAACAGGCAAGGACAC,1
mux-GAACAGGCAATCCGTC,7
mux-GAACAGGCAATGTTGC,1
mux-GAACAGGCACACGACC,1
mux-GAACAGGCACAGATTC,1
mux-GAACAGGCAGATGTAC,1
mux-GAACAGGCAGCACCTC,1
mux-GAACAGGCAGCCATGC,10
mux-GAACAGGCAGGCTAAC,1
mux-GAACAGGCATAGCGAC,1
mux-GAACAGGCATCATTCC,10
mux-GAACAGGCATTGGCTC,1
mux-GAACAGGCCAAGGAGC,14
mux-GAACAGGCCACCTTAC,1
mux-GAACAGGCCCATCCTC,1
mux-GAACAGGCCCGACAAC,1
mux-GAACAGGCCCTCTATC,14
mux-GAACAGGCCGGATTGC,11
mux-GAACAGGCGAACAGGC,9
mux-GAACAGGCGAGTTAGC,1
mux-GAACAGGCGATGAATC,1
mux-GAACAGGCGCCAAGAC,7
mux-GAACAGGCCGGAAGAA,5
mux-GAACAGGCGTGACAAG,3
mux-GAACAGGCGAACCAGA,4
mux-GACAGTGCTTGCTGGA,1
mux-GACAGTGCCTGTAGCC,9
mux-GACAGTGCAGTACAAG,7
mux-GACAGTGCAACCGAGA,8
mux-GACAGTGCAACGCTTA,2
mux-GACAGTGCAAGACGGA,2
mux-GACAGTGCAAGGTACA,1
mux-GACAGTGCACACAGAA,1
mux-GACAGTGCACAGCAGA,8
mux-GACAGTGCACCTCCAA,10
mux-GACAGTGCACGCTCGA,1
mux-GACAGTGCACGTATCA,1
mux-GACAGTGCACTATGCA,1
mux-GACAGTGCAGAGTCAA,1
mux-GACAGTGCAGATCGCA,1
mux-GACAGTGCAGCAGGAA,1
mux-GACAGTGCAGTCACTA,1
mux-GACAGTGCATCCTGTA,1
mux-GACAGTGCATTGAGGA,1
mux-GACAGTGCCAACCACA,3
mux-GACAGTGCGACTAGTA,3
mux-GACAGTGCCAATGGAA,13
mux-GACAGTGCCACTTCGA,14
mux-GACAGTGCCAGCGTTA,9
mux-GACAGTGCCATACCAA,1
mux-GACAGTGCCCAGTTCA,4
mux-GACAGTGCCCGAAGTA,7
mux-GACAGTGCCCGTGAGA,10
mux-GACAGTGCCCTCCTGA,3
mux-GACAGTGCCGAACTTA,12
mux-GACAGTGCCGACTGGA,2
mux-GACAGTGCCGCATACA,1
mux-GACAGTGCCTCAATGA,4
mux-GACAGTGCCTGAGCCA,4
mux-GACAGTGCCTGGCATA,8
mux-GACAGTGCGAATCTGA,1
mux-GACAGTGCCAAGACTA,5
mux-GACAGTGCGAGCTGAA,2
mux-GACAGTGCGATAGACA,3
mux-GACAGTGCGCCACATA,0
mux-GACAGTGCGCGAGTAA,1
mux-GACAGTGCGCTAACGA,10
mux-GACAGTGCGCTCGGTA,15
mux-GACAGTGCGGAGAACA,3
mux-GACAGTGCGGTGCGAA,2
mux-GACAGTGCGTACGCAA,6
mux-GACAGTGCGTCGTAGA,1
mux-GACAGTGCGTCTGTCA,1
mux-GACAGTGCGTGTTCTA,4
mux-GACAGTGCTAGGATGA,1
mux-GACAGTGCTATCAGCA,1
mux-GACAGTGCTCCGTCTA,3
mux-GACAGTGCTCTTCACA,1
mux-GACAGTGCTGAAGAGA,1
mux-GACAGTGCTGGAACAA,1
mux-GACAGTGCTGGCTTCA,1
mux-GACAGTGCTGGTGGTA,13
mux-GACAGTGCTTCACGCA,3
mux-GACAGTGCAACTCACC,15
mux-GACAGTGCAAGAGATC,12
mux-GACAGTGCAAGGACAC,2
mux-GACAGTGCAATCCGTC,5
mux-GACAGTGCAATGTTGC,7
mux-GACAGTGCACACGACC,1
mux-GACAGTGCACAGATTC,10
mux-GACAGTGCAGATGTAC,1
mux-GACAGTGCAGCACCTC,2
mux-GACAGTGCAGCCATGC,9
mux-GACAGTGCAGGCTAAC,9
mux-GACAGTGCATAGCGAC,7
mux-GACAGTGCATCATTCC,1
mux-GACAGTGCATTGGCTC,4
mux-GACAGTGCCAAGGAGC,1
mux-GACAGTGCCACCTTAC,12
mux-GACAGTGCCCATCCTC,2
mux-GACAGTGCCCGACAAC,1
mux-GACAGTGCCCTCTATC,1
mux-GACAGTGCCGACACAC,0
mux-GACAGTGCGACAGTGC,6
mux-GACAGTGCGAGTTAGC,14
mux-GACAGTGCGATGAATC,1
mux-GACAGTGCGCCAAGAC,1
mux-GACAGTGCCGGAAGAA,1
mux-GACAGTGCGTGACAAG,1
mux-GACAGTGCGAACCAGA,11
mux-GAGTTAGCTTGCTGGA,1
mux-GAGTTAGCAGTACAAG,2
mux-GAGTTAGCAACCGAGA,1
mux-GAGTTAGCAAGACGGA,7
mux-GAGTTAGCAAGGTACA,5
mux-GAGTTAGCACACAGAA,11
mux-GAGTTAGCACAGCAGA,2
mux-GAGTTAGCACCTCCAA,1
mux-GAGTTAGCACGCTCGA,1
mux-GAGTTAGCACGTATCA,1
mux-GAGTTAGCACTATGCA,1
mux-GAGTTAGCAGAGTCAA,1
mux-GAGTTAGCAGATCGCA,1
mux-GAGTTAGCAGCAGGAA,12
mux-GAGTTAGCAGTCACTA,1
mux-GAGTTAGCATCCTGTA,6
mux-GAGTTAGCATTGAGGA,1
mux-GAGTTAGCCAACCACA,1
mux-GAGTTAGCGACTAGTA,1
mux-GAGTTAGCCAATGGAA,14
mux-GAGTTAGCCACTTCGA,7
mux-GAGTTAGCCAGCGTTA,1
mux-GAGTTAGCCATACCAA,1
mux-GAGTTAGCCCAGTTCA,1
mux-GAGTTAGCCCGAAGTA,1
mux-GAGTTAGCCCGTGAGA,2
mux-GAGTTAGCCCTCCTGA,1
mux-GAGTTAGCCGAACTTA,3
mux-GAGTTAGCCGACTGGA,13
mux-GAGTTAGCCGCATACA,1
mux-GAGTTAGCCTCAATGA,1
mux-GAGTTAGCCTGAGCCA,1
mux-GAGTTAGCCTGGCATA,1
mux-GAGTTAGCGAATCTGA,1
mux-GAGTTAGCCAAGACTA,1
mux-GAGTTAGCGAGCTGAA,3
mux-GAGTTAGCGATAGACA,3
mux-GAGTTAGCGCCACATA,3
mux-GAGTTAGCGCGAGTAA,2
mux-GAGTTAGCGCTAACGA,1
mux-GAGTTAGCGCTCGGTA,1
mux-GAGTTAGCGGAGAACA,2
mux-GAGTTAGCGGTGCGAA,0
mux-GAGTTAGCGTACGCAA,2
mux-GAGTTAGCGTCGTAGA,5
mux-GAGTTAGCGTCTGTCA,12
mux-GAGTTAGCGTGTTCTA,2
mux-GAGTTAGCTAGGATGA,1
mux-GAGTTAGCTATCAGCA,1
mux-GAGTTAGCTCCGTCTA,4
mux-GAGTTAGCTCTTCACA,0
mux-GAGTTAGCTGAAGAGA,1
mux-GAGTTAGCTGGAACAA,1
mux-GAGTTAGCTGGCTTCA,1
mux-GAGTTAGCTGGTGGTA,9
mux-GAGTTAGCTTCACGCA,1
mux-GAGTTAGCAACTCACC,1
mux-GAGTTAGCAAGAGATC,4
mux-GAGTTAGCAAGGACAC,1
mux-GAGTTAGCAATCCGTC,1
mux-GAGTTAGCAATGTTGC,1
mux-GAGTTAGCACACGACC,1
mux-GAGTTAGCACAGATTC,1
mux-GAGTTAGCAGATGTAC,4
mux-GAGTTAGCAGCACCTC,1
mux-GAGTTAGCAGCCATGC,4
mux-GAGTTAGCAGGCTAAC,10
mux-GAGTTAGCATAGCGAC,12
mux-GAGTTAGCATCATTCC,3
mux-GAGTTAGCATTGGCTC,1
mux-GAGTTAGCCAAGGAGC,6
mux-GAGTTAGCCACCTTAC,1
mux-GAGTTAGCCCATCCTC,10
mux-GAGTTAGCCGACACAC,9
mux-GAGTTAGCGAACAGGC,5
mux-GAGTTAGCGACAGTGC,15
mux-GAGTTAGCGAGTTAGC,4
mux-GAGTTAGCGATGAATC,1
mux-GAGTTAGCGCCAAGAC,0
mux-GAGTTAGCCGGAAGAA,1
mux-GAGTTAGCGTGACAAG,1
mux-GATGAATCTTGCTGGA,5
mux-GATGAATCAACCGAGA,2
mux-GATGAATCAACGCTTA,14
mux-GATGAATCAAGACGGA,7
mux-GATGAATCAAGGTACA,1
mux-GATGAATCACACAGAA,8
mux-GATGAATCACAGCAGA,1
mux-GATGAATCACCTCCAA,1
mux-GATGAATCACGCTCGA,1
mux-GATGAATCACGTATCA,0
mux-GATGAATCACTATGCA,1
mux-GATGAATCAGAGTCAA,1
mux-GATGAATCAGATCGCA,3
mux-GATGAATCAGCAGGAA,1
mux-GATGAATCAGTCACTA,0
mux-GATGAATCATCCTGTA,1
mux-GATGAATCATTGAGGA,1
mux-GATGAATCCAACCACA,2
mux-GATGAATCGACTAGTA,1
mux-GATGAATCCAATGGAA,1
mux-GATGAATCCACTTCGA,1
mux-GATGAATCCAGCGTTA,1
mux-GATGAATCCATACCAA,1
mux-GATGAATCCCAGTTCA,1
mux-GATGAATCCCGAAGTA,13
mux-GATGAATCCCGTGAGA,1
mux-GATGAATCCCTCCTGA,1
mux-GATGAATCCGAACTTA,4
mux-GATGAATCCGACTGGA,4
mux-GATGAATCCGCATACA,3
mux-GATGAATCCTCAATGA,4
mux-GATGAATCCTGAGCCA,1
mux-GATGAATCCTGGCATA,1
mux-GATGAATCGAATCTGA,1
mux-GATGAATCCAAGACTA,2
mux-GATGAATCGAGCTGAA,3
mux-GATGAATCGATAGACA,3
mux-GATGAATCGCCACATA,4
mux-GATGAATCGCGAGTAA,4
mux-GATGAATCGCTAACGA,4
mux-GATGAATCGCTCGGTA,5
mux-GATGAATCGGAGAACA,2
mux-GATGAATCGGTGCGAA,1
mux-GATGAATCGTACGCAA,3
mux-GATGAATCGTCGTAGA,1
mux-GATGAATCGTCTGTCA,1
mux-GATGAATCGTGTTCTA,2
mux-GATGAATCTAGGATGA,11
mux-GATGAATCTATCAGCA,1
mux-GATGAATCTCCGTCTA,1
mux-GATGAATCTCTTCACA,11
mux-GATGAATCTGAAGAGA,3
mux-GATGAATCTGGAACAA,1
mux-GATGAATCTGGCTTCA,1
mux-GATGAATCTGGTGGTA,5
mux-GATGAATCTTCACGCA,1
mux-GATGAATCAACTCACC,4
mux-GATGAATCAAGAGATC,1
mux-GATGAATCAAGGACAC,1
mux-GATGAATCAATCCGTC,1
mux-GATGAATCAATGTTGC,1
mux-GATGAATCACACGACC,15
mux-GATGAATCACAGATTC,1
mux-GATGAATCAGATGTAC,1
mux-GATGAATCAGCACCTC,1
mux-GATGAATCAGCCATGC,1
mux-GATGAATCAGGCTAAC,7
mux-GATGAATCATAGCGAC,1
mux-GATGAATCATCATTCC,14
mux-GATGAATCATTGGCTC,6
mux-GATGAATCCAAGGAGC,13
mux-GATGAATCCACCTTAC,3
mux-GATGAATCCCATCCTC,3
mux-GATGAATCCCGACAAC,3
mux-GATGAATCCCTCTATC,15
mux-GATGAATCCGACACAC,3
mux-GATGAATCCGGATTGC,5
mux-GATGAATCCTAAGGTC,0
mux-GATGAATCGAACAGGC,1
mux-GATGAATCGACAGTGC,1
mux-GATGAATCGAGTTAGC,1
mux-GATGAATCGATGAATC,1
mux-GATGAATCGCCAAGAC,2
mux-GATGAATCCGGAAGAA,1
mux-GATGAATCGTGACAAG,1
mux-GATGAATCGAACCAGA,1
mux-GCCAAGACTTGCTGGA,3
mux-GCCAAGACAACCGAGA,3
mux-GCCAAGACAACGCTTA,9
mux-GCCAAGACAAGACGGA,2
mux-GCCAAGACAAGGTACA,4
mux-GCCAAGACACACAGAA,4
mux-GCCAAGACACAGCAGA,5
mux-GCCAAGACACCTCCAA,4
mux-GCCAAGACACGCTCGA,1
mux-GCCAAGACACGTATCA,1
mux-GCCAAGACACTATGCA,1
mux-GCCAAGACAGAGTCAA,1
mux-GCCAAGACAGATCGCA,1
mux-GCCAAGACAGCAGGAA,1
mux-GCCAAGACAGTCACTA,1
mux-GCCAAGACATCCTGTA,1
mux-GCCAAGACATTGAGGA,1
mux-GCCAAGACCAACCACA,1
mux-GCCAAGACGACTAGTA,3
mux-GCCAAGACCAATGGAA,1
mux-GCCAAGACCACTTCGA,1
mux-GCCAAGACCAGCGTTA,1
mux-GCCAAGACCATACCAA,1
mux-GCCAAGACCCAGTTCA,1
mux-GCCAAGACCCGAAGTA,1
mux-GCCAAGACCCGTGAGA,1
mux-GCCAAGACCCTCCTGA,1
mux-GCCAAGACCGAACTTA,1
mux-GCCAAGACCGACTGGA,7
mux-GCCAAGACCGCATACA,3
mux-GCCAAGACCTCAATGA,2
mux-GCCAAGACCTGAGCCA,3
mux-GCCAAGACCTGGCATA,9
mux-GCCAAGACGAATCTGA,1
mux-GCCAAGACCAAGACTA,4
mux-GCCAAGACGAGCTGAA,4
mux-GCCAAGACGATAGACA,1
mux-GCCAAGACGCCACATA,3
mux-GCCAAGACGCGAGTAA,5
mux-GCCAAGACGCTAACGA,6
mux-GCCAAGACGCTCGGTA,9
mux-GCCAAGACGGAGAACA,3
mux-GCCAAGACGGTGCGAA,11
mux-GCCAAGACGTACGCAA,1
mux-GCCAAGACGTCGTAGA,4
mux-GCCAAGACGTCTGTCA,1
mux-GCCAAGACGTGTTCTA,3
mux-GCCAAGACTAGGATGA,1
mux-GCCAAGACTATCAGCA,1
mux-GCCAAGACTCCGTCTA,4
mux-GCCAAGACTCTTCACA,1
mux-GCCAAGACTGAAGAGA,1
mux-GCCAAGACTGGAACAA,13
mux-GCCAAGACTGGCTTCA,1
mux-GCCAAGACTGGTGGTA,1
mux-GCCAAGACTTCACGCA,1
mux-GCCAAGACAACTCACC,3
mux-GCCAAGACAAGAGATC,1
mux-GCCAAGACAAGGACAC,1
mux-GCCAAGACAATCCGTC,1
mux-GCCAAGACAATGTTGC,1
mux-GCCAAGACACACGACC,1
mux-GCCAAGACACAGATTC,1
mux-GCCAAGACAGATGTAC,1
mux-GCCAAGACAGCACCTC,1
mux-GCCAAGACAGCCATGC,7
mux-GCCAAGACAGGCTAAC,1
mux-GCCAAGACATAGCGAC,12
mux-GCCAAGACATCATTCC,8
mux-GCCAAGACATTGGCTC,3
mux-GCCAAGACCAAGGAGC,1
mux-GCCAAGACCACCTTAC,5
mux-GCCAAGACCCATCCTC,1
mux-GCCAAGACCCTCTATC,1
mux-GCCAAGACCGACACAC,3
mux-GCCAAGACCGGATTGC,2
mux-GCCAAGACCTAAGGTC,4
mux-GCCAAGACGAACAGGC,3
mux-GCCAAGACGACAGTGC,0
mux-GCCAAGACGCCAAGAC,1
mux-GCCAAGACCGGAAGAA,0
mux-GCCAAGACGTGACAAG,5
mux-GCCAAGACGAACCAGA,10
mux-CGGAAGAATTGCTGGA,12
mux-CGGAAGAAAAGGTACA,1
mux-CGGAAGAAACACAGAA,13
mux-CGGAAGAAACAGCAGA,16
mux-CGGAAGAAACCTCCAA,4
mux-CGGAAGAAACGCTCGA,1
mux-CGGAAGAAACGTATCA,1
mux-CGGAAGAAACTATGCA,1
mux-CGGAAGAAAGAGTCAA,1
mux-CGGAAGAAAGATCGCA,10
mux-CGGAAGAAAGCAGGAA,3
mux-CGGAAGAAAGTCACTA,1
mux-CGGAAGAAATCCTGTA,1
mux-CGGAAGAAATTGAGGA,1
mux-CGGAAGAACAACCACA,1
mux-CGGAAGAAGACTAGTA,3
mux-CGGAAGAACAATGGAA,14
mux-CGGAAGAACACTTCGA,3
mux-CGGAAGAACAGCGTTA,1
mux-CGGAAGAACATACCAA,1
mux-CGGAAGAACCAGTTCA,1
mux-CGGAAGAACCGAAGTA,13
mux-CGGAAGAACCGTGAGA,1
mux-CGGAAGAACCTCCTGA,1
mux-CGGAAGAACGAACTTA,1
mux-CGGAAGAACGACTGGA,1
mux-CGGAAGAACGCATACA,1
mux-CGGAAGAACTCAATGA,10
mux-CGGAAGAACTGAGCCA,4
mux-CGGAAGAACTGGCATA,7
mux-CGGAAGAAGAATCTGA,8
mux-CGGAAGAACAAGACTA,2
mux-CGGAAGAAGAGCTGAA,4
mux-CGGAAGAAGATAGACA,1
mux-CGGAAGAAGCCACATA,3
mux-CGGAAGAAGCGAGTAA,1
mux-CGGAAGAAGCTAACGA,1
mux-CGGAAGAAGCTCGGTA,11
mux-CGGAAGAAGGAGAACA,8
mux-CGGAAGAAGGTGCGAA,3
mux-CGGAAGAAGTACGCAA,4
mux-CGGAAGAAGTCGTAGA,3
mux-CGGAAGAAGTCTGTCA,6
mux-CGGAAGAAGTGTTCTA,5
mux-CGGAAGAATAGGATGA,10
mux-CGGAAGAATATCAGCA,1
mux-CGGAAGAATCCGTCTA,3
mux-CGGAAGAATCTTCACA,3
mux-CGGAAGAATGAAGAGA,1
mux-CGGAAGAATGGAACAA,1
mux-CGGAAGAATGGCTTCA,1
mux-CGGAAGAATGGTGGTA,2
mux-CGGAAGAATTCACGCA,1
mux-CGGAAGAAAACTCACC,3
mux-CGGAAGAAAAGAGATC,1
mux-CGGAAGAAAAGGACAC,8
mux-CGGAAGAAAATCCGTC,1
mux-CGGAAGAAAATGTTGC,7
mux-CGGAAGAAACACGACC,1
mux-CGGAAGAAACAGATTC,1
mux-CGGAAGAAAGATGTAC,4
mux-CGGAAGAAAGCACCTC,1
mux-CGGAAGAAAGCCATGC,1
mux-CGGAAGAAAGGCTAAC,1
mux-CGGAAGAAATAGCGAC,10
mux-CGGAAGAAATCATTCC,1
mux-CGGAAGAAATTGGCTC,10
mux-CGGAAGAACAAGGAGC,14
mux-CGGAAGAACACCTTAC,10
mux-CGGAAGAACCATCCTC,4
mux-CGGAAGAACCGACAAC,7
mux-CGGAAGAACCTCTATC,1
mux-CGGAAGAACGACACAC,1
mux-CGGAAGAACGGATTGC,2
mux-CGGAAGAACTAAGGTC,7
mux-CGGAAGAAGAACAGGC,5
mux-CGGAAGAAGACAGTGC,1
mux-CGGAAGAAGATGAATC,3
mux-CGGAAGAAGCCAAGAC,7
mux-CGGAAGAACGGAAGAA,3
mux-CGGAAGAAGTGACAAG,5
mux-CGGAAGAAGAACCAGA,2
mux-GTGACAAGTTGCTGGA,4
mux-GTGACAAGAAGGTACA,8
mux-GTGACAAGACACAGAA,2
mux-GTGACAAGACAGCAGA,2
mux-GTGACAAGACCTCCAA,1
mux-GTGACAAGACGCTCGA,1
mux-GTGACAAGACGTATCA,2
mux-GTGACAAGACTATGCA,2
mux-GTGACAAGAGAGTCAA,1
mux-GTGACAAGAGATCGCA,1
mux-GTGACAAGAGCAGGAA,1
mux-GTGACAAGAGTCACTA,1
mux-GTGACAAGATCCTGTA,2
mux-GTGACAAGATTGAGGA,5
mux-GTGACAAGCAACCACA,2
mux-GTGACAAGGACTAGTA,1
mux-GTGACAAGCAATGGAA,1
mux-GTGACAAGCACTTCGA,1
mux-GTGACAAGCAGCGTTA,1
mux-GTGACAAGCATACCAA,1
mux-GTGACAAGCCAGTTCA,8
mux-GTGACAAGCCGAAGTA,14
mux-GTGACAAGCCGTGAGA,1
mux-GTGACAAGCCTCCTGA,1
mux-GTGACAAGCGAACTTA,2
mux-GTGACAAGCGACTGGA,1
mux-GTGACAAGCGCATACA,13
mux-GTGACAAGCTCAATGA,1
mux-GTGACAAGCTGAGCCA,1
mux-GTGACAAGCTGGCATA,4
mux-GTGACAAGGAATCTGA,2
mux-GTGACAAGCAAGACTA,1
mux-GTGACAAGGAGCTGAA,3
mux-GTGACAAGGATAGACA,1
mux-GTGACAAGGCCACATA,3
mux-GTGACAAGGCGAGTAA,1
mux-GTGACAAGGCTAACGA,1
mux-GTGACAAGGCTCGGTA,3
mux-GTGACAAGGGAGAACA,0
mux-GTGACAAGGGTGCGAA,1
mux-GTGACAAGGTACGCAA,1
mux-GTGACAAGGTCGTAGA,11
mux-GTGACAAGGTCTGTCA,3
mux-GTGACAAGGTGTTCTA,1
mux-GTGACAAGTAGGATGA,1
mux-GTGACAAGTATCAGCA,4
mux-GTGACAAGTCCGTCTA,5
mux-GTGACAAGTCTTCACA,1
mux-GTGACAAGTGAAGAGA,1
mux-GTGACAAGTGGAACAA,1
mux-GTGACAAGTGGCTTCA,1
mux-GTGACAAGTGGTGGTA,1
mux-GTGACAAGTTCACGCA,1
mux-GTGACAAGAACTCACC,1
mux-GTGACAAGAAGAGATC,1
mux-GTGACAAGAAGGACAC,10
mux-GTGACAAGAATCCGTC,1
mux-GTGACAAGAATGTTGC,1
mux-GTGACAAGACACGACC,1
mux-GTGACAAGACAGATTC,9
mux-GTGACAAGAGATGTAC,1
mux-GTGACAAGAGCACCTC,1
mux-GTGACAAGAGGCTAAC,1
mux-GTGACAAGATAGCGAC,3
mux-GTGACAAGATCATTCC,3
mux-GTGACAAGATTGGCTC,1
mux-GTGACAAGCAAGGAGC,13
mux-GTGACAAGCACCTTAC,1
mux-GTGACAAGCCATCCTC,1
mux-GTGACAAGCCGACAAC,8
mux-GTGACAAGCCTAATCC,8
mux-GTGACAAGCCTCTATC,1
mux-GTGACAAGCGACACAC,7
mux-GTGACAAGCGGATTGC,2
mux-GTGACAAGGAACAGGC,5
mux-GTGACAAGGACAGTGC,1
mux-GTGACAAGGAGTTAGC,3
mux-GTGACAAGGATGAATC,15
mux-GTGACAAGGCCAAGAC,2
mux-GTGACAAGCGGAAGAA,2
mux-GTGACAAGGTGACAAG,2
mux-GTGACAAGGAACCAGA,2
mux-GAACCAGATTGCTGGA,3
mux-GAACCAGAACACAGAA,4
mux-GAACCAGAACAGCAGA,11
mux-GAACCAGAACCTCCAA,6
mux-GAACCAGAACGCTCGA,2
mux-GAACCAGAACGTATCA,1
mux-GAACCAGAACTATGCA,1
mux-GAACCAGAAGAGTCAA,1
mux-GAACCAGAAGATCGCA,1
mux-GAACCAGAAGCAGGAA,10
mux-GAACCAGAAGTCACTA,7
mux-GAACCAGAATCCTGTA,1
mux-GAACCAGAATTGAGGA,1
mux-GAACCAGACAACCACA,1
mux-GAACCAGAGACTAGTA,7
mux-GAACCAGACAATGGAA,3
mux-GAACCAGACACTTCGA,13
mux-GAACCAGACAGCGTTA,1
mux-GAACCAGACATACCAA,4
mux-GAACCAGACCAGTTCA,1
mux-GAACCAGACCGAAGTA,3
mux-GAACCAGACCGTGAGA,1
mux-GAACCAGACCTCCTGA,1
mux-GAACCAGACGAACTTA,1
mux-GAACCAGACGACTGGA,1
mux-GAACCAGACGCATACA,1
mux-GAACCAGACTCAATGA,3
mux-GAACCAGACTGAGCCA,1
mux-GAACCAGACTGGCATA,1
mux-GAACCAGAGAATCTGA,3
mux-GAACCAGACAAGACTA,11
mux-GAACCAGAGAGCTGAA,3
mux-GAACCAGAGATAGACA,1
mux-GAACCAGAGCCACATA,1
mux-GAACCAGAGCGAGTAA,1
mux-GAACCAGAGCTAACGA,12
mux-GAACCAGAGCTCGGTA,1
mux-GAACCAGAGGAGAACA,7
mux-GAACCAGAGGTGCGAA,2
mux-GAACCAGAGTACGCAA,5
mux-GAACCAGAGTCGTAGA,0
mux-GAACCAGAGTCTGTCA,8
mux-GAACCAGAGTGTTCTA,2
mux-GAACCAGATAGGATGA,1
mux-GAACCAGATATCAGCA,1
mux-GAACCAGATCCGTCTA,1
mux-GAACCAGATCTTCACA,3
mux-GAACCAGATGAAGAGA,9
mux-GAACCAGATGGAACAA,4
mux-GAACCAGATGGCTTCA,3
mux-GAACCAGATGGTGGTA,12
mux-GAACCAGATTCACGCA,4
mux-GAACCAGAAACTCACC,1
mux-GAACCAGAAAGAGATC,3
mux-GAACCAGAAAGGACAC,8
mux-GAACCAGAAATCCGTC,1
mux-GAACCAGAAATGTTGC,2
mux-GAACCAGAACACGACC,1
mux-GAACCAGAACAGATTC,1
mux-GAACCAGAAGATGTAC,10
mux-GAACCAGAAGCACCTC,1
mux-GAACCAGAAGCCATGC,2
mux-GAACCAGAAGGCTAAC,1
mux-GAACCAGAATAGCGAC,5
mux-GAACCAGAATCATTCC,1
mux-GAACCAGAATTGGCTC,10
mux-GAACCAGACAAGGAGC,3
mux-GAACCAGACACCTTAC,1
mux-GAACCAGACCATCCTC,7
mux-GAACCAGACCGACAAC,7
mux-GAACCAGACCTAATCC,1
mux-GAACCAGACCTCTATC,4
mux-GAACCAGACTAAGGTC,1
mux-GAACCAGAGAACAGGC,1
mux-GAACCAGAGACAGTGC,1
mux-GAACCAGAGAGTTAGC,2
mux-GAACCAGAGATGAATC,1
mux-GAACCAGACGGAAGAA,3
mux-GAACCAGAGTGACAAG,3
mux-GAACCAGAGAACCAGA,2
mux-CGCTGATCAACGTGAT,1
mux-CGCTGATCACAAGCTA,13
mux-CGCTGATCTTGCTGGA,5
mux-CGCTGATCCTGTAGCC,2
mux-CGCTGATCAGTACAAG,2
mux-CGCTGATCAACAACCA,3
mux-CGCTGATCAACCGAGA,2
mux-CGCTGATCAACGCTTA,2
mux-CGCTGATCAAGACGGA,4
mux-CGCTGATCAAGGTACA,3
mux-CGCTGATCACACAGAA,2
mux-CGCTGATCACAGCAGA,6
mux-CGCTGATCAAACATCG,1
mux-CGCTGATCACCTCCAA,2
mux-CGCTGATCACGCTCGA,3
mux-CGCTGATCACGTATCA,3
mux-CGCTGATCACTATGCA,4
mux-CGCTGATCAGAGTCAA,3
mux-CGCTGATCAGATCGCA,2
mux-CGCTGATCAGCAGGAA,3
mux-CGCTGATCAGTCACTA,2
mux-CGCTGATCATCCTGTA,2
mux-CGCTGATCATTGAGGA,2
mux-CGCTGATCATGCCTAA,1
mux-CGCTGATCCAACCACA,10
mux-CGCTGATCGACTAGTA,3
mux-CGCTGATCCAATGGAA,5
mux-CGCTGATCCACTTCGA,1
mux-CGCTGATCCAGCGTTA,2
mux-CGCTGATCCATACCAA,2
mux-CGCTGATCCCAGTTCA,2
mux-CGCTGATCCCGAAGTA,2
mux-CGCTGATCCCGTGAGA,5
mux-CGCTGATCCCTCCTGA,1
mux-CGCTGATCAGTGGTCA,1
mux-CGCTGATCCGAACTTA,5
mux-CGCTGATCCGACTGGA,2
mux-CGCTGATCCGCATACA,5
mux-CGCTGATCCTCAATGA,4
mux-CGCTGATCCTGAGCCA,2
mux-CGCTGATCCTGGCATA,8
mux-CGCTGATCGAATCTGA,3
mux-CGCTGATCCAAGACTA,3
mux-CGCTGATCGAGCTGAA,3
mux-CGCTGATCGATAGACA,12
mux-CGCTGATCACCACTGT,1
mux-CGCTGATCGCCACATA,4
mux-CGCTGATCGCGAGTAA,3
mux-CGCTGATCGCTAACGA,2
mux-CGCTGATCGCTCGGTA,3
mux-CGCTGATCGGAGAACA,2
mux-CGCTGATCGGTGCGAA,1
mux-CGCTGATCGTACGCAA,6
mux-CGCTGATCGTCGTAGA,4
mux-CGCTGATCGTCTGTCA,1
mux-CGCTGATCGTGTTCTA,2
mux-CGCTGATCACATTGGC,3
mux-CGCTGATCTAGGATGA,11
mux-CGCTGATCTATCAGCA,3
mux-CGCTGATCTCCGTCTA,10
mux-CGCTGATCTCTTCACA,9
mux-CGCTGATCTGAAGAGA,5
mux-CGCTGATCTGGAACAA,2
mux-CGCTGATCTGGCTTCA,2
mux-CGCTGATCTGGTGGTA,11
mux-CGCTGATCTTCACGCA,3
mux-CGCTGATCAACTCACC,11
mux-CGCTGATCCAGATCTG,1
mux-CGCTGATCAAGAGATC,3
mux-CGCTGATCAAGGACAC,6
mux-CGCTGATCAATCCGTC,8
mux-CGCTGATCAATGTTGC,2
mux-CGCTGATCACACGACC,4
mux-CGCTGATCACAGATTC,2
mux-CGCTGATCAGATGTAC,2
mux-CGCTGATCAGCACCTC,2
mux-CGCTGATCAGCCATGC,7
mux-CGCTGATCAGGCTAAC,12
mux-CGCTGATCCATCAAGT,5
mux-CGCTGATCATAGCGAC,3
mux-CGCTGATCATCATTCC,7
mux-CGCTGATCATTGGCTC,2
mux-CGCTGATCCAAGGAGC,5
mux-CGCTGATCCACCTTAC,6
mux-CGCTGATCCCATCCTC,2
mux-CGCTGATCCCGACAAC,2
mux-CGCTGATCCCTAATCC,6
mux-CGCTGATCCCTCTATC,7
mux-CGCTGATCCGACACAC,12
mux-CGCTGATCCGCTGATC,3
mux-CGCTGATCCGGATTGC,3
mux-CGCTGATCCTAAGGTC,6
mux-CGCTGATCGAACAGGC,5
mux-CGCTGATCGACAGTGC,2
mux-CGCTGATCGAGTTAGC,2
mux-CGCTGATCGATGAATC,3
mux-CGCTGATCGCCAAGAC,2
mux-CGCTGATCCGGAAGAA,4
mux-CGCTGATCGTGACAAG,14
mux-CGCTGATCGAACCAGA,15
