,cluster
SRA-ACAAGCTAAAGACGGA,8
SRA-ACAAGCTAAAGGTACA,3
SRA-ACAAGCTAACACAGAA,3
SRA-ACAAGCTAACAGCAGA,2
SRA-ACAAGCTAACCTCCAA,6
SRA-ACAAGCTAACGCTCGA,6
SRA-ACAAGCTAACGTATCA,10
SRA-ACAAGCTAACTATGCA,0
SRA-ACAAGCTAAGAGTCAA,8
SRA-ACAAGCTAAGATCGCA,0
SRA-ACAAGCTAAGCAGGAA,2
SRA-ACAAGCTAAGTCACTA,2
SRA-ACAAGCTAATCCTGTA,2
SRA-ACAAGCTAATTGAGGA,2
SRA-ACAAGCTACAACCACA,2
SRA-ACAAGCTAGACTAGTA,0
SRA-ACAAGCTACAATGGAA,7
SRA-ACAAGCTACACTTCGA,7
SRA-ACAAGCTACAGCGTTA,7
SRA-ACAAGCTACATACCAA,7
SRA-ACAAGCTACCAGTTCA,2
SRA-ACAAGCTACCGAAGTA,2
SRA-ACAAGCTACCGTGAGA,2
SRA-ACAAGCTACCTCCTGA,6
SRA-ACAAGCTACGAACTTA,2
SRA-ACAAGCTACGACTGGA,4
SRA-ACAAGCTACGCATACA,4
SRA-ACAAGCTACTCAATGA,4
SRA-ACAAGCTACTGAGCCA,2
SRA-ACAAGCTACTGGCATA,8
SRA-ACAAGCTAGAATCTGA,0
SRA-ACAAGCTACAAGACTA,2
SRA-ACAAGCTAGAGCTGAA,0
SRA-ACAAGCTAGATAGACA,1
SRA-ACAAGCTAGCCACATA,5
SRA-CTGTAGCCAAGGTACA,2
SRA-CTGTAGCCACACAGAA,3
SRA-CTGTAGCCACCTCCAA,2
SRA-CTGTAGCCACGCTCGA,0
SRA-CTGTAGCCACGTATCA,0
SRA-CTGTAGCCACTATGCA,2
SRA-CTGTAGCCAGAGTCAA,6
SRA-CTGTAGCCAGATCGCA,6
SRA-CTGTAGCCAGCAGGAA,3
SRA-CTGTAGCCAGTCACTA,2
SRA-CTGTAGCCATCCTGTA,2
SRA-CTGTAGCCATTGAGGA,6
SRA-CTGTAGCCCAACCACA,2
SRA-CTGTAGCCGACTAGTA,8
SRA-CTGTAGCCCAATGGAA,8
SRA-CTGTAGCCCACTTCGA,0
SRA-CTGTAGCCCAGCGTTA,7
SRA-CTGTAGCCCATACCAA,2
SRA-CTGTAGCCCCAGTTCA,10
SRA-CTGTAGCCCCGAAGTA,2
SRA-CTGTAGCCCCGTGAGA,6
SRA-CTGTAGCCCCTCCTGA,6
SRA-CTGTAGCCCGAACTTA,2
SRA-CTGTAGCCCGACTGGA,4
SRA-CTGTAGCCCGCATACA,4
SRA-CTGTAGCCCTCAATGA,4
SRA-CTGTAGCCCTGAGCCA,9
SRA-CTGTAGCCCTGGCATA,8
SRA-CTGTAGCCGAATCTGA,8
SRA-CTGTAGCCCAAGACTA,3
SRA-CTGTAGCCGAGCTGAA,1
SRA-CTGTAGCCGATAGACA,5
SRA-CTGTAGCCGCCACATA,5
SRA-AGTACAAGCTGTAGCC,8
SRA-AGTACAAGACACAGAA,3
SRA-AGTACAAGACAGCAGA,3
SRA-AGTACAAGACCTCCAA,0
SRA-AGTACAAGACGCTCGA,8
SRA-AGTACAAGACGTATCA,8
SRA-AGTACAAGACTATGCA,2
SRA-AGTACAAGAGAGTCAA,6
SRA-AGTACAAGAGATCGCA,6
SRA-AGTACAAGAGCAGGAA,2
SRA-AGTACAAGAGTCACTA,2
SRA-AGTACAAGATCCTGTA,6
SRA-AGTACAAGATTGAGGA,2
SRA-AGTACAAGCAACCACA,2
SRA-AGTACAAGGACTAGTA,0
SRA-AGTACAAGCAATGGAA,8
SRA-AGTACAAGCACTTCGA,8
SRA-AGTACAAGCAGCGTTA,8
SRA-AGTACAAGCATACCAA,8
SRA-AGTACAAGCCAGTTCA,0
SRA-AGTACAAGCCGAAGTA,2
SRA-AGTACAAGCCGTGAGA,2
SRA-AGTACAAGCCTCCTGA,4
SRA-AGTACAAGCGAACTTA,9
SRA-AGTACAAGCGACTGGA,2
SRA-AGTACAAGCGCATACA,9
SRA-AGTACAAGCTCAATGA,4
SRA-AGTACAAGCTGAGCCA,2
SRA-AGTACAAGCTGGCATA,0
SRA-AGTACAAGGAATCTGA,8
SRA-AGTACAAGCAAGACTA,0
SRA-AGTACAAGGAGCTGAA,2
SRA-AGTACAAGGATAGACA,1
SRA-AGTACAAGACCACTGT,3
SRA-AGTACAAGGCCACATA,1
SRA-AGTACAAGACATTGGC,3
SRA-AGTACAAGCAGATCTG,3
SRA-AACAACCAACAAGCTA,2
SRA-AACAACCACTGTAGCC,3
SRA-AACAACCAAGTACAAG,2
SRA-AACAACCAAACAACCA,3
SRA-AACAACCAAACCGAGA,3
SRA-AACAACCAAACGCTTA,3
SRA-AACAACCAACACAGAA,3
SRA-AACAACCAACAGCAGA,3
SRA-AACAACCAACCTCCAA,2
SRA-AACAACCAACGCTCGA,8
SRA-AACAACCAACGTATCA,8
SRA-AACAACCAACTATGCA,0
SRA-AACAACCAAGAGTCAA,2
SRA-AACAACCAAGATCGCA,3
SRA-AACAACCAAGCAGGAA,3
SRA-AACAACCAAGTCACTA,3
SRA-AACAACCAATCCTGTA,2
SRA-AACAACCAATTGAGGA,2
SRA-AACAACCACAACCACA,2
SRA-AACAACCAGACTAGTA,6
SRA-AACAACCACAATGGAA,0
SRA-AACAACCACACTTCGA,8
SRA-AACAACCACAGCGTTA,8
SRA-AACAACCACATACCAA,8
SRA-AACAACCACCAGTTCA,8
SRA-AACAACCACCGAAGTA,0
SRA-AACAACCACCGTGAGA,2
SRA-AACAACCACCTCCTGA,2
SRA-AACAACCAAGTGGTCA,3
SRA-AACAACCACGAACTTA,6
SRA-AACAACCACGACTGGA,4
SRA-AACAACCACGCATACA,4
SRA-AACAACCACTCAATGA,4
SRA-AACAACCACTGAGCCA,4
SRA-AACAACCACTGGCATA,2
SRA-AACAACCAGAATCTGA,8
SRA-AACAACCACAAGACTA,9
SRA-AACAACCAGAGCTGAA,1
SRA-AACAACCAGATAGACA,5
SRA-AACAACCAACCACTGT,6
SRA-AACAACCAGCCACATA,1
SRA-AACAACCAACATTGGC,0
SRA-AACAACCACAGATCTG,3
SRA-AACAACCACATCAAGT,10
SRA-AACAACCACGCTGATC,3
SRA-AACCGAGAACAAGCTA,0
SRA-AACCGAGACTGTAGCC,0
SRA-AACCGAGAAGTACAAG,8
SRA-AACCGAGAAACAACCA,0
SRA-AACCGAGAAACCGAGA,3
SRA-AACCGAGAAACGCTTA,10
SRA-AACCGAGAAAGACGGA,3
SRA-AACCGAGAAAGGTACA,3
SRA-AACCGAGAACACAGAA,6
SRA-AACCGAGAACAGCAGA,6
SRA-AACCGAGAACCTCCAA,2
SRA-AACCGAGAACGCTCGA,6
SRA-AACCGAGAACGTATCA,8
SRA-AACCGAGAACTATGCA,8
SRA-AACCGAGAAGAGTCAA,8
SRA-AACCGAGAAGATCGCA,7
SRA-AACCGAGAAGCAGGAA,2
SRA-AACCGAGAAGTCACTA,3
SRA-AACCGAGAATCCTGTA,0
SRA-AACCGAGAATTGAGGA,7
SRA-AACCGAGACAACCACA,7
SRA-AACCGAGAGACTAGTA,6
SRA-AACCGAGACAATGGAA,2
SRA-AACCGAGACACTTCGA,7
SRA-AACCGAGACAGCGTTA,7
SRA-AACCGAGACATACCAA,8
SRA-AACCGAGACCAGTTCA,8
SRA-AACCGAGACCGAAGTA,8
SRA-AACCGAGACCGTGAGA,2
SRA-AACCGAGACCTCCTGA,2
SRA-AACCGAGAAGTGGTCA,3
SRA-AACCGAGACGAACTTA,6
SRA-AACCGAGACGACTGGA,4
SRA-AACCGAGACGCATACA,4
SRA-AACCGAGACTCAATGA,4
SRA-AACCGAGACTGAGCCA,4
SRA-AACCGAGACTGGCATA,4
SRA-AACCGAGAGAATCTGA,8
SRA-AACCGAGACAAGACTA,8
SRA-AACCGAGAGAGCTGAA,1
SRA-AACCGAGAGATAGACA,5
SRA-AACCGAGAACCACTGT,0
SRA-AACCGAGAGCCACATA,1
SRA-AACCGAGAACATTGGC,0
SRA-AACCGAGACAGATCTG,0
SRA-AACCGAGACATCAAGT,0
SRA-AACCGAGACGCTGATC,0
SRA-AACGCTTAACAAGCTA,6
SRA-AACGCTTACTGTAGCC,0
SRA-AACGCTTAAGTACAAG,8
SRA-AACGCTTAAACAACCA,8
SRA-AACGCTTAAACCGAGA,0
SRA-AACGCTTAAACGCTTA,3
SRA-AACGCTTAAAGACGGA,6
SRA-AACGCTTAAAGGTACA,6
SRA-AACGCTTAACACAGAA,6
SRA-AACGCTTAACAGCAGA,6
SRA-AACGCTTAAAACATCG,3
SRA-AACGCTTAACCTCCAA,6
SRA-AACGCTTAACGCTCGA,0
SRA-AACGCTTAACGTATCA,8
SRA-AACGCTTAACTATGCA,7
SRA-AACGCTTAAGAGTCAA,0
SRA-AACGCTTAAGATCGCA,2
SRA-AACGCTTAAGCAGGAA,6
SRA-AACGCTTAAGTCACTA,2
SRA-AACGCTTAATCCTGTA,6
SRA-AACGCTTAATTGAGGA,7
SRA-AACGCTTAATGCCTAA,3
SRA-AACGCTTACAACCACA,2
SRA-AACGCTTAGACTAGTA,2
SRA-AACGCTTACAATGGAA,6
SRA-AACGCTTACACTTCGA,7
SRA-AACGCTTACAGCGTTA,7
SRA-AACGCTTACATACCAA,7
SRA-AACGCTTACCAGTTCA,8
SRA-AACGCTTACCGAAGTA,8
SRA-AACGCTTACCGTGAGA,6
SRA-AACGCTTACCTCCTGA,6
SRA-AACGCTTAAGTGGTCA,10
SRA-AACGCTTACGAACTTA,6
SRA-AACGCTTACGACTGGA,6
SRA-AACGCTTACGCATACA,4
SRA-AACGCTTACTCAATGA,4
SRA-AACGCTTACTGAGCCA,4
SRA-AACGCTTACTGGCATA,4
SRA-AACGCTTAGAATCTGA,0
SRA-AACGCTTACAAGACTA,0
SRA-AACGCTTAGAGCTGAA,0
SRA-AACGCTTAGATAGACA,5
SRA-AACGCTTAACCACTGT,8
SRA-AACGCTTAGCCACATA,5
SRA-AACGCTTAACATTGGC,0
SRA-AACGCTTACAGATCTG,0
SRA-AACGCTTACATCAAGT,3
SRA-AACGCTTACGCTGATC,0
SRA-AAGACGGAAACGTGAT,3
SRA-AAGACGGAACAAGCTA,3
SRA-AAGACGGACTGTAGCC,3
SRA-AAGACGGAAGTACAAG,10
SRA-AAGACGGAAACAACCA,0
SRA-AAGACGGAAACCGAGA,8
SRA-AAGACGGAAACGCTTA,8
SRA-AAGACGGAAAGACGGA,8
SRA-AAGACGGAAAGGTACA,8
SRA-AAGACGGAACACAGAA,8
SRA-AAGACGGAACAGCAGA,2
SRA-AAGACGGAAAACATCG,3
SRA-AAGACGGAACCTCCAA,10
SRA-AAGACGGAACGCTCGA,10
SRA-AAGACGGAACGTATCA,7
SRA-AAGACGGAACTATGCA,0
SRA-AAGACGGAAGAGTCAA,2
SRA-AAGACGGAAGATCGCA,6
SRA-AAGACGGAAGCAGGAA,2
SRA-AAGACGGAAGTCACTA,2
SRA-AAGACGGAATCCTGTA,2
SRA-AAGACGGAATTGAGGA,2
SRA-AAGACGGAATGCCTAA,3
SRA-AAGACGGACAACCACA,2
SRA-AAGACGGAGACTAGTA,2
SRA-AAGACGGACAATGGAA,2
SRA-AAGACGGACAGCGTTA,7
SRA-AAGACGGACATACCAA,2
SRA-AAGACGGACCAGTTCA,1
SRA-AAGACGGACCGAAGTA,2
SRA-AAGACGGACCGTGAGA,6
SRA-AAGACGGACCTCCTGA,6
SRA-AAGACGGAAGTGGTCA,8
SRA-AAGACGGACGAACTTA,6
SRA-AAGACGGACGACTGGA,6
SRA-AAGACGGACGCATACA,4
SRA-AAGACGGACTCAATGA,4
SRA-AAGACGGACTGAGCCA,4
SRA-AAGACGGACTGGCATA,4
SRA-AAGACGGAGAATCTGA,4
SRA-AAGACGGACAAGACTA,0
SRA-AAGACGGAGAGCTGAA,2
SRA-AAGACGGAGATAGACA,1
SRA-AAGACGGAACCACTGT,8
SRA-AAGACGGAGCCACATA,1
SRA-AAGACGGAACATTGGC,8
SRA-AAGACGGACAGATCTG,6
SRA-AAGACGGACATCAAGT,4
SRA-AAGACGGACGCTGATC,2
SRA-AAGGTACAAACGTGAT,3
SRA-AAGGTACAACAAGCTA,2
SRA-AAGGTACACTGTAGCC,3
SRA-AAGGTACAAGTACAAG,9
SRA-AAGGTACAAACAACCA,6
SRA-AAGGTACAAACCGAGA,3
SRA-AAGGTACAAACGCTTA,2
SRA-AAGGTACAAAGACGGA,6
SRA-AAGGTACAAAGGTACA,6
SRA-AAGGTACAACACAGAA,6
SRA-AAGGTACAACAGCAGA,2
SRA-AAGGTACAAAACATCG,3
SRA-AAGGTACAACCTCCAA,0
SRA-AAGGTACAACGCTCGA,10
SRA-AAGGTACAACGTATCA,10
SRA-AAGGTACAACTATGCA,2
SRA-AAGGTACAAGAGTCAA,8
SRA-AAGGTACAAGATCGCA,2
SRA-AAGGTACAAGCAGGAA,2
SRA-AAGGTACAAGTCACTA,6
SRA-AAGGTACAATCCTGTA,6
SRA-AAGGTACAATTGAGGA,2
SRA-AAGGTACAATGCCTAA,3
SRA-AAGGTACACAACCACA,10
SRA-AAGGTACAGACTAGTA,7
SRA-AAGGTACACAATGGAA,0
SRA-AAGGTACACACTTCGA,0
SRA-AAGGTACACAGCGTTA,2
SRA-AAGGTACACATACCAA,1
SRA-AAGGTACACCAGTTCA,1
SRA-AAGGTACACCGAAGTA,6
SRA-AAGGTACACCGTGAGA,6
SRA-AAGGTACACCTCCTGA,2
SRA-AAGGTACAAGTGGTCA,0
SRA-AAGGTACACGAACTTA,6
SRA-AAGGTACACGACTGGA,6
SRA-AAGGTACACGCATACA,6
SRA-AAGGTACACTCAATGA,4
SRA-AAGGTACACTGAGCCA,4
SRA-AAGGTACACTGGCATA,4
SRA-AAGGTACAGAATCTGA,0
SRA-AAGGTACACAAGACTA,0
SRA-AAGGTACAGAGCTGAA,8
SRA-AAGGTACAGATAGACA,5
SRA-AAGGTACAACCACTGT,8
SRA-AAGGTACAGCCACATA,1
SRA-AAGGTACAACATTGGC,8
SRA-AAGGTACACAGATCTG,0
SRA-AAGGTACACATCAAGT,7
SRA-AAGGTACACGCTGATC,0
SRA-ACACAGAAAACGTGAT,3
SRA-ACACAGAAACAAGCTA,6
SRA-ACACAGAACTGTAGCC,6
SRA-ACACAGAAAGTACAAG,6
SRA-ACACAGAAAACAACCA,6
SRA-ACACAGAAAACCGAGA,6
SRA-ACACAGAAAACGCTTA,6
SRA-ACACAGAAAAGACGGA,6
SRA-ACACAGAAAAGGTACA,6
SRA-ACACAGAAACACAGAA,6
SRA-ACACAGAAACAGCAGA,6
SRA-ACACAGAAAAACATCG,3
SRA-ACACAGAAACCTCCAA,0
SRA-ACACAGAAACGCTCGA,0
SRA-ACACAGAAACGTATCA,8
SRA-ACACAGAAACTATGCA,8
SRA-ACACAGAAAGAGTCAA,0
SRA-ACACAGAAAGATCGCA,9
SRA-ACACAGAAAGCAGGAA,10
SRA-ACACAGAAAGTCACTA,2
SRA-ACACAGAAATCCTGTA,6
SRA-ACACAGAAATTGAGGA,6
SRA-ACACAGAAATGCCTAA,0
SRA-ACACAGAACAACCACA,2
SRA-ACACAGAAGACTAGTA,9
SRA-ACACAGAACAATGGAA,8
SRA-ACACAGAACACTTCGA,0
SRA-ACACAGAACAGCGTTA,2
SRA-ACACAGAACATACCAA,1
SRA-ACACAGAACCAGTTCA,1
SRA-ACACAGAACCGAAGTA,6
SRA-ACACAGAACCGTGAGA,6
SRA-ACACAGAACCTCCTGA,6
SRA-ACACAGAAAGTGGTCA,8
SRA-ACACAGAACGAACTTA,6
SRA-ACACAGAACGACTGGA,6
SRA-ACACAGAACGCATACA,4
SRA-ACACAGAACTCAATGA,4
SRA-ACACAGAACTGAGCCA,4
SRA-ACACAGAACTGGCATA,4
SRA-ACACAGAAGAATCTGA,4
SRA-ACACAGAACAAGACTA,0
SRA-ACACAGAAGAGCTGAA,0
SRA-ACACAGAAGATAGACA,5
SRA-ACACAGAAACCACTGT,8
SRA-ACACAGAAGCCACATA,5
SRA-ACACAGAAACATTGGC,0
SRA-ACACAGAACAGATCTG,6
SRA-ACACAGAACATCAAGT,6
SRA-ACACAGAACGCTGATC,6
SRA-ACAGCAGAAACGTGAT,3
SRA-ACAGCAGAACAAGCTA,6
SRA-ACAGCAGACTGTAGCC,6
SRA-ACAGCAGAAGTACAAG,6
SRA-ACAGCAGAAACAACCA,3
SRA-ACAGCAGAAACCGAGA,6
SRA-ACAGCAGAAACGCTTA,3
SRA-ACAGCAGAAAGACGGA,3
SRA-ACAGCAGAAAGGTACA,3
SRA-ACAGCAGAACACAGAA,3
SRA-ACAGCAGAACAGCAGA,6
SRA-ACAGCAGAAAACATCG,3
SRA-ACAGCAGAACCTCCAA,6
SRA-ACAGCAGAACGCTCGA,0
SRA-ACAGCAGAACGTATCA,0
SRA-ACAGCAGAACTATGCA,0
SRA-ACAGCAGAAGAGTCAA,0
SRA-ACAGCAGAAGATCGCA,0
SRA-ACAGCAGAAGCAGGAA,0
SRA-ACAGCAGAAGTCACTA,10
SRA-ACAGCAGAATCCTGTA,6
SRA-ACAGCAGAATTGAGGA,6
SRA-ACAGCAGAATGCCTAA,8
SRA-ACAGCAGACAACCACA,2
SRA-ACAGCAGAGACTAGTA,2
SRA-ACAGCAGACAATGGAA,2
SRA-ACAGCAGACACTTCGA,2
SRA-ACAGCAGACAGCGTTA,1
SRA-ACAGCAGACATACCAA,1
SRA-ACAGCAGACCAGTTCA,1
SRA-ACAGCAGACCGAAGTA,6
SRA-ACAGCAGACCGTGAGA,6
SRA-ACAGCAGACCTCCTGA,2
SRA-ACAGCAGAAGTGGTCA,8
SRA-ACAGCAGACGAACTTA,6
SRA-ACAGCAGACGACTGGA,6
SRA-ACAGCAGACGCATACA,4
SRA-ACAGCAGACTCAATGA,4
SRA-ACAGCAGACTGAGCCA,4
SRA-ACAGCAGACTGGCATA,4
SRA-ACAGCAGAGAATCTGA,8
SRA-ACAGCAGACAAGACTA,8
SRA-ACAGCAGAGAGCTGAA,4
SRA-ACAGCAGAGATAGACA,5
SRA-ACAGCAGAACCACTGT,0
SRA-ACAGCAGAGCCACATA,5
SRA-ACAGCAGAACATTGGC,6
SRA-ACAGCAGACAGATCTG,6
SRA-ACAGCAGACATCAAGT,6
SRA-ACAGCAGACGCTGATC,6
SRA-AACGTGATAAGACGGA,8
SRA-AACGTGATAAGGTACA,8
SRA-AACGTGATACACAGAA,10
SRA-AACGTGATACAGCAGA,8
SRA-AACGTGATAAACATCG,3
SRA-AACGTGATACCTCCAA,8
SRA-AACGTGATACGCTCGA,6
SRA-AACGTGATACGTATCA,6
SRA-AACGTGATACTATGCA,6
SRA-AACGTGATAGAGTCAA,6
SRA-AACGTGATAGATCGCA,3
SRA-AACGTGATAGCAGGAA,2
SRA-AACGTGATAGTCACTA,0
SRA-AACGTGATATCCTGTA,2
SRA-AACGTGATATTGAGGA,7
SRA-AACGTGATATGCCTAA,3
SRA-AACGTGATCAACCACA,10
SRA-AACGTGATGACTAGTA,10
SRA-AACGTGATCAATGGAA,7
SRA-AACGTGATCACTTCGA,7
SRA-AACGTGATCAGCGTTA,7
SRA-AACGTGATCATACCAA,4
SRA-AACGTGATCCAGTTCA,0
SRA-AACGTGATCCGAAGTA,7
SRA-AACGTGATCCGTGAGA,8
SRA-AACGTGATCCTCCTGA,7
SRA-AACGTGATAGTGGTCA,3
SRA-AACGTGATCGAACTTA,7
SRA-AACGTGATCGCATACA,0
SRA-AACGTGATCTCAATGA,0
SRA-AACGTGATCTGAGCCA,7
SRA-AACGTGATCTGGCATA,2
SRA-AACGTGATGAATCTGA,9
SRA-AACGTGATCAAGACTA,4
SRA-AACGTGATGAGCTGAA,4
SRA-AACGTGATGATAGACA,0
SRA-AACGTGATACCACTGT,3
SRA-AACGTGATGCCACATA,0
SRA-AACGTGATACATTGGC,3
SRA-AACGTGATCAGATCTG,3
SRA-ACCTCCAAAACGTGAT,3
SRA-ACCTCCAAACAAGCTA,6
SRA-ACCTCCAACTGTAGCC,6
SRA-ACCTCCAAAGTACAAG,3
SRA-ACCTCCAAAACAACCA,3
SRA-ACCTCCAAAACCGAGA,3
SRA-ACCTCCAAAACGCTTA,2
SRA-ACCTCCAAAAGACGGA,3
SRA-ACCTCCAAAAGGTACA,3
SRA-ACCTCCAAACACAGAA,3
SRA-ACCTCCAAACAGCAGA,3
SRA-ACCTCCAAAAACATCG,8
SRA-ACCTCCAAACCTCCAA,6
SRA-ACCTCCAAACGCTCGA,2
SRA-ACCTCCAAACGTATCA,6
SRA-ACCTCCAAACTATGCA,2
SRA-ACCTCCAAAGAGTCAA,2
SRA-ACCTCCAAAGATCGCA,6
SRA-ACCTCCAAAGCAGGAA,10
SRA-ACCTCCAAAGTCACTA,2
SRA-ACCTCCAAATCCTGTA,6
SRA-ACCTCCAAATTGAGGA,6
SRA-ACCTCCAAATGCCTAA,8
SRA-ACCTCCAACAACCACA,2
SRA-ACCTCCAAGACTAGTA,2
SRA-ACCTCCAACAATGGAA,2
SRA-ACCTCCAACACTTCGA,7
SRA-ACCTCCAACAGCGTTA,1
SRA-ACCTCCAACATACCAA,1
SRA-ACCTCCAACCAGTTCA,1
SRA-ACCTCCAACCGAAGTA,8
SRA-ACCTCCAACCGTGAGA,8
SRA-ACCTCCAACCTCCTGA,6
SRA-ACCTCCAAAGTGGTCA,8
SRA-ACCTCCAACGAACTTA,6
SRA-ACCTCCAACGACTGGA,2
SRA-ACCTCCAACGCATACA,4
SRA-ACCTCCAACTCAATGA,4
SRA-ACCTCCAACTGAGCCA,4
SRA-ACCTCCAACTGGCATA,4
SRA-ACCTCCAAGAATCTGA,0
SRA-ACCTCCAACAAGACTA,8
SRA-ACCTCCAAGAGCTGAA,8
SRA-ACCTCCAAGATAGACA,5
SRA-ACCTCCAAACCACTGT,3
SRA-ACCTCCAAGCCACATA,5
SRA-ACCTCCAAACATTGGC,3
SRA-ACCTCCAACAGATCTG,3
SRA-ACCTCCAACATCAAGT,6
SRA-ACCTCCAACGCTGATC,6
SRA-ACGCTCGAAACGTGAT,8
SRA-ACGCTCGAACAAGCTA,6
SRA-ACGCTCGACTGTAGCC,6
SRA-ACGCTCGAAGTACAAG,2
SRA-ACGCTCGAAACAACCA,3
SRA-ACGCTCGAAACCGAGA,3
SRA-ACGCTCGAAACGCTTA,3
SRA-ACGCTCGAAAGACGGA,3
SRA-ACGCTCGAAAGGTACA,9
SRA-ACGCTCGAACACAGAA,3
SRA-ACGCTCGAACAGCAGA,3
SRA-ACGCTCGAAAACATCG,8
SRA-ACGCTCGAACCTCCAA,3
SRA-ACGCTCGAACGCTCGA,6
SRA-ACGCTCGAACGTATCA,6
SRA-ACGCTCGAACTATGCA,3
SRA-ACGCTCGAAGAGTCAA,2
SRA-ACGCTCGAAGATCGCA,3
SRA-ACGCTCGAAGCAGGAA,2
SRA-ACGCTCGAAGTCACTA,2
SRA-ACGCTCGAATCCTGTA,3
SRA-ACGCTCGAATTGAGGA,6
SRA-ACGCTCGAATGCCTAA,8
SRA-ACGCTCGACAACCACA,4
SRA-ACGCTCGAGACTAGTA,2
SRA-ACGCTCGACAATGGAA,2
SRA-ACGCTCGACACTTCGA,7
SRA-ACGCTCGACAGCGTTA,1
SRA-ACGCTCGACATACCAA,1
SRA-ACGCTCGACCAGTTCA,2
SRA-ACGCTCGACCGAAGTA,8
SRA-ACGCTCGACCGTGAGA,2
SRA-ACGCTCGACCTCCTGA,6
SRA-ACGCTCGAAGTGGTCA,8
SRA-ACGCTCGACGAACTTA,6
SRA-ACGCTCGACGACTGGA,4
SRA-ACGCTCGACGCATACA,4
SRA-ACGCTCGACTCAATGA,4
SRA-ACGCTCGACTGAGCCA,4
SRA-ACGCTCGACTGGCATA,4
SRA-ACGCTCGAGAATCTGA,8
SRA-ACGCTCGACAAGACTA,8
SRA-ACGCTCGAGAGCTGAA,0
SRA-ACGCTCGAGATAGACA,8
SRA-ACGCTCGAACCACTGT,3
SRA-ACGCTCGAGCCACATA,5
SRA-ACGCTCGAACATTGGC,3
SRA-ACGCTCGACAGATCTG,3
SRA-ACGCTCGACATCAAGT,6
SRA-ACGCTCGACGCTGATC,6
SRA-ACGTATCAAACGTGAT,0
SRA-ACGTATCAACAAGCTA,9
SRA-ACGTATCACTGTAGCC,6
SRA-ACGTATCAAGTACAAG,9
SRA-ACGTATCAAACAACCA,3
SRA-ACGTATCAAACCGAGA,3
SRA-ACGTATCAAACGCTTA,9
SRA-ACGTATCAAAGACGGA,9
SRA-ACGTATCAAAGGTACA,9
SRA-ACGTATCAACACAGAA,4
SRA-ACGTATCAACAGCAGA,6
SRA-ACGTATCAAAACATCG,8
SRA-ACGTATCAACCTCCAA,3
SRA-ACGTATCAACGCTCGA,3
SRA-ACGTATCAACGTATCA,2
SRA-ACGTATCAACTATGCA,3
SRA-ACGTATCAAGAGTCAA,2
SRA-ACGTATCAAGATCGCA,3
SRA-ACGTATCAAGCAGGAA,2
SRA-ACGTATCAAGTCACTA,2
SRA-ACGTATCAATCCTGTA,6
SRA-ACGTATCAATTGAGGA,6
SRA-ACGTATCAATGCCTAA,0
SRA-ACGTATCACAACCACA,6
SRA-ACGTATCAGACTAGTA,2
SRA-ACGTATCACAATGGAA,2
SRA-ACGTATCACACTTCGA,7
SRA-ACGTATCACAGCGTTA,1
SRA-ACGTATCACATACCAA,1
SRA-ACGTATCACCAGTTCA,8
SRA-ACGTATCACCGAAGTA,8
SRA-ACGTATCACCGTGAGA,2
SRA-ACGTATCACCTCCTGA,4
SRA-ACGTATCAAGTGGTCA,3
SRA-ACGTATCACGAACTTA,4
SRA-ACGTATCACGACTGGA,4
SRA-ACGTATCACGCATACA,4
SRA-ACGTATCACTCAATGA,4
SRA-ACGTATCACTGAGCCA,4
SRA-ACGTATCACTGGCATA,2
SRA-ACGTATCAGAATCTGA,8
SRA-ACGTATCACAAGACTA,8
SRA-ACGTATCAGAGCTGAA,0
SRA-ACGTATCAGATAGACA,5
SRA-ACGTATCAACCACTGT,3
SRA-ACGTATCAGCCACATA,5
SRA-ACGTATCAACATTGGC,9
SRA-ACGTATCACAGATCTG,6
SRA-ACGTATCACATCAAGT,6
SRA-ACGTATCACGCTGATC,6
SRA-ACTATGCAAACGTGAT,0
SRA-ACTATGCAACAAGCTA,0
SRA-ACTATGCACTGTAGCC,2
SRA-ACTATGCAAGTACAAG,3
SRA-ACTATGCAAACAACCA,9
SRA-ACTATGCAAACCGAGA,6
SRA-ACTATGCAAACGCTTA,3
SRA-ACTATGCAAAGACGGA,9
SRA-ACTATGCAAAGGTACA,3
SRA-ACTATGCAACACAGAA,4
SRA-ACTATGCAACAGCAGA,3
SRA-ACTATGCAAAACATCG,8
SRA-ACTATGCAACCTCCAA,9
SRA-ACTATGCAACGCTCGA,3
SRA-ACTATGCAACGTATCA,3
SRA-ACTATGCAACTATGCA,6
SRA-ACTATGCAAGAGTCAA,3
SRA-ACTATGCAAGATCGCA,3
SRA-ACTATGCAAGCAGGAA,3
SRA-ACTATGCAAGTCACTA,6
SRA-ACTATGCAATCCTGTA,9
SRA-ACTATGCAATTGAGGA,4
SRA-ACTATGCAATGCCTAA,3
SRA-ACTATGCACAACCACA,2
SRA-ACTATGCAGACTAGTA,2
SRA-ACTATGCACAATGGAA,2
SRA-ACTATGCACACTTCGA,2
SRA-ACTATGCACAGCGTTA,1
SRA-ACTATGCACATACCAA,2
SRA-ACTATGCACCAGTTCA,6
SRA-ACTATGCACCGAAGTA,6
SRA-ACTATGCACCGTGAGA,4
SRA-ACTATGCACCTCCTGA,4
SRA-ACTATGCAAGTGGTCA,3
SRA-ACTATGCACGAACTTA,4
SRA-ACTATGCACGACTGGA,4
SRA-ACTATGCACGCATACA,4
SRA-ACTATGCACTCAATGA,4
SRA-ACTATGCACTGAGCCA,2
SRA-ACTATGCACTGGCATA,8
SRA-ACTATGCAGAATCTGA,8
SRA-ACTATGCAGAGCTGAA,0
SRA-ACTATGCAGATAGACA,4
SRA-ACTATGCAACCACTGT,3
SRA-ACTATGCAGCCACATA,5
SRA-ACTATGCAACATTGGC,6
SRA-ACTATGCACAGATCTG,6
SRA-ACTATGCACATCAAGT,0
SRA-ACTATGCACGCTGATC,8
SRA-AGAGTCAAAACGTGAT,2
SRA-AGAGTCAAACAAGCTA,0
SRA-AGAGTCAACTGTAGCC,2
SRA-AGAGTCAAAGTACAAG,2
SRA-AGAGTCAAAACAACCA,10
SRA-AGAGTCAAAACCGAGA,3
SRA-AGAGTCAAAACGCTTA,3
SRA-AGAGTCAAAAGACGGA,9
SRA-AGAGTCAAAAGGTACA,3
SRA-AGAGTCAAACACAGAA,9
SRA-AGAGTCAAACAGCAGA,9
SRA-AGAGTCAAAAACATCG,3
SRA-AGAGTCAAACCTCCAA,6
SRA-AGAGTCAAACGCTCGA,2
SRA-AGAGTCAAACGTATCA,3
SRA-AGAGTCAAACTATGCA,3
SRA-AGAGTCAAAGAGTCAA,3
SRA-AGAGTCAAAGATCGCA,3
SRA-AGAGTCAAAGCAGGAA,4
SRA-AGAGTCAAAGTCACTA,4
SRA-AGAGTCAAATCCTGTA,4
SRA-AGAGTCAAATTGAGGA,4
SRA-AGAGTCAAATGCCTAA,3
SRA-AGAGTCAACAACCACA,4
SRA-AGAGTCAAGACTAGTA,2
SRA-AGAGTCAACAATGGAA,1
SRA-AGAGTCAACACTTCGA,0
SRA-AGAGTCAACAGCGTTA,9
SRA-AGAGTCAACATACCAA,6
SRA-AGAGTCAACCAGTTCA,6
SRA-AGAGTCAACCGAAGTA,9
SRA-AGAGTCAACCGTGAGA,4
SRA-AGAGTCAACCTCCTGA,4
SRA-AGAGTCAAAGTGGTCA,3
SRA-AGAGTCAACGAACTTA,2
SRA-AGAGTCAACGACTGGA,2
SRA-AGAGTCAACGCATACA,4
SRA-AGAGTCAACTCAATGA,4
SRA-AGAGTCAACTGAGCCA,5
SRA-AGAGTCAACTGGCATA,8
SRA-AGAGTCAAGAGCTGAA,8
SRA-AGAGTCAAGATAGACA,9
SRA-AGAGTCAAACCACTGT,3
SRA-AGAGTCAAGCCACATA,5
SRA-AGAGTCAAACATTGGC,6
SRA-AGAGTCAACAGATCTG,6
SRA-AGAGTCAACATCAAGT,6
SRA-AGAGTCAACGCTGATC,0
SRA-AGATCGCAAACGTGAT,3
SRA-AGATCGCAACAAGCTA,2
SRA-AGATCGCACTGTAGCC,3
SRA-AGATCGCAAGTACAAG,12
SRA-AGATCGCAAACAACCA,3
SRA-AGATCGCAAACCGAGA,9
SRA-AGATCGCAAACGCTTA,9
SRA-AGATCGCAAAGACGGA,4
SRA-AGATCGCAAAGGTACA,9
SRA-AGATCGCAACACAGAA,6
SRA-AGATCGCAACAGCAGA,3
SRA-AGATCGCAAAACATCG,3
SRA-AGATCGCAACCTCCAA,6
SRA-AGATCGCAACGCTCGA,6
SRA-AGATCGCAACGTATCA,6
SRA-AGATCGCAACTATGCA,2
SRA-AGATCGCAAGAGTCAA,3
SRA-AGATCGCAAGATCGCA,4
SRA-AGATCGCAAGCAGGAA,4
SRA-AGATCGCAAGTCACTA,4
SRA-AGATCGCAATCCTGTA,2
SRA-AGATCGCAATTGAGGA,3
SRA-AGATCGCAATGCCTAA,3
SRA-AGATCGCACAACCACA,3
SRA-AGATCGCAGACTAGTA,4
SRA-AGATCGCACAATGGAA,4
SRA-AGATCGCACACTTCGA,2
SRA-AGATCGCACAGCGTTA,2
SRA-AGATCGCACATACCAA,4
SRA-AGATCGCACCAGTTCA,3
SRA-AGATCGCACCGAAGTA,4
SRA-AGATCGCACCGTGAGA,4
SRA-AGATCGCACCTCCTGA,4
SRA-AGATCGCAAGTGGTCA,4
SRA-AGATCGCACGAACTTA,4
SRA-AGATCGCACGACTGGA,2
SRA-AGATCGCACGCATACA,2
SRA-AGATCGCACTCAATGA,6
SRA-AGATCGCACTGAGCCA,8
SRA-AGATCGCACTGGCATA,4
SRA-AGATCGCAGAGCTGAA,8
SRA-AGATCGCAGATAGACA,0
SRA-AGATCGCAACCACTGT,5
SRA-AGATCGCAGCCACATA,5
SRA-AGATCGCAACATTGGC,5
SRA-AGATCGCACAGATCTG,5
SRA-AGATCGCACATCAAGT,3
SRA-AGATCGCACGCTGATC,0
SRA-AGCAGGAAAACGTGAT,3
SRA-AGCAGGAAACAAGCTA,2
SRA-AGCAGGAACTGTAGCC,2
SRA-AGCAGGAAAGTACAAG,6
SRA-AGCAGGAAAACAACCA,9
SRA-AGCAGGAAAACCGAGA,6
SRA-AGCAGGAAAACGCTTA,6
SRA-AGCAGGAAAAGACGGA,6
SRA-AGCAGGAAAAGGTACA,6
SRA-AGCAGGAAACACAGAA,2
SRA-AGCAGGAAACAGCAGA,10
SRA-AGCAGGAAAAACATCG,3
SRA-AGCAGGAAACCTCCAA,6
SRA-AGCAGGAAACGCTCGA,2
SRA-AGCAGGAAACGTATCA,4
SRA-AGCAGGAAACTATGCA,6
SRA-AGCAGGAAAGAGTCAA,3
SRA-AGCAGGAAAGATCGCA,4
SRA-AGCAGGAAAGCAGGAA,3
SRA-AGCAGGAAAGTCACTA,3
SRA-AGCAGGAAATCCTGTA,4
SRA-AGCAGGAAATTGAGGA,3
SRA-AGCAGGAAATGCCTAA,3
SRA-AGCAGGAACAACCACA,3
SRA-AGCAGGAAGACTAGTA,2
SRA-AGCAGGAACAATGGAA,4
SRA-AGCAGGAACACTTCGA,0
SRA-AGCAGGAACAGCGTTA,4
SRA-AGCAGGAACATACCAA,0
SRA-AGCAGGAACCAGTTCA,4
SRA-AGCAGGAACCGAAGTA,6
SRA-AGCAGGAACCGTGAGA,4
SRA-AGCAGGAACCTCCTGA,9
SRA-AGCAGGAAAGTGGTCA,5
SRA-AGCAGGAACGAACTTA,0
SRA-AGCAGGAACGACTGGA,9
SRA-AGCAGGAACGCATACA,0
SRA-AGCAGGAACTCAATGA,0
SRA-AGCAGGAACTGAGCCA,0
SRA-AGCAGGAAGAGCTGAA,4
SRA-AGCAGGAAGATAGACA,4
SRA-AGCAGGAAACCACTGT,5
SRA-AGCAGGAAGCCACATA,1
SRA-AGCAGGAAACATTGGC,5
SRA-AGCAGGAACAGATCTG,5
SRA-AGCAGGAACATCAAGT,5
SRA-AGCAGGAACGCTGATC,2
SRA-AGTCACTAAACGTGAT,3
SRA-AGTCACTAACAAGCTA,2
SRA-AGTCACTACTGTAGCC,9
SRA-AGTCACTAAGTACAAG,2
SRA-AGTCACTAAACAACCA,6
SRA-AGTCACTAAACCGAGA,6
SRA-AGTCACTAAACGCTTA,6
SRA-AGTCACTAAAGACGGA,6
SRA-AGTCACTAAAGGTACA,10
SRA-AGTCACTAACACAGAA,6
SRA-AGTCACTAACAGCAGA,6
SRA-AGTCACTAAAACATCG,3
SRA-AGTCACTAACCTCCAA,9
SRA-AGTCACTAACGCTCGA,6
SRA-AGTCACTAACGTATCA,9
SRA-AGTCACTAACTATGCA,6
SRA-AGTCACTAAGAGTCAA,9
SRA-AGTCACTAAGATCGCA,4
SRA-AGTCACTAAGCAGGAA,3
SRA-AGTCACTAAGTCACTA,3
SRA-AGTCACTAATCCTGTA,2
SRA-AGTCACTAATTGAGGA,2
SRA-AGTCACTAATGCCTAA,5
SRA-AGTCACTACAACCACA,7
SRA-AGTCACTAGACTAGTA,2
SRA-AGTCACTACAATGGAA,4
SRA-AGTCACTACACTTCGA,4
SRA-AGTCACTACAGCGTTA,4
SRA-AGTCACTACATACCAA,0
SRA-AGTCACTACCAGTTCA,0
SRA-AGTCACTACCGAAGTA,0
SRA-AGTCACTACCGTGAGA,0
SRA-AGTCACTACCTCCTGA,0
SRA-AGTCACTAAGTGGTCA,5
SRA-AGTCACTACGAACTTA,0
SRA-AGTCACTACGACTGGA,2
SRA-AGTCACTACGCATACA,0
SRA-AGTCACTAGATAGACA,4
SRA-AGTCACTAACCACTGT,1
SRA-AGTCACTAGCCACATA,4
SRA-AGTCACTAACATTGGC,0
SRA-AGTCACTACAGATCTG,1
SRA-AGTCACTACATCAAGT,5
SRA-AGTCACTACGCTGATC,5
SRA-ATCCTGTAAACGTGAT,3
SRA-ATCCTGTAACAAGCTA,2
SRA-ATCCTGTACTGTAGCC,6
SRA-ATCCTGTAAGTACAAG,10
SRA-ATCCTGTAAACAACCA,2
SRA-ATCCTGTAAACCGAGA,6
SRA-ATCCTGTAAACGCTTA,9
SRA-ATCCTGTAAAGACGGA,6
SRA-ATCCTGTAAAGGTACA,2
SRA-ATCCTGTAACACAGAA,9
SRA-ATCCTGTAACAGCAGA,9
SRA-ATCCTGTAAAACATCG,3
SRA-ATCCTGTAACCTCCAA,2
SRA-ATCCTGTAACGCTCGA,2
SRA-ATCCTGTAACGTATCA,4
SRA-ATCCTGTAACTATGCA,4
SRA-ATCCTGTAAGAGTCAA,4
SRA-ATCCTGTAAGATCGCA,4
SRA-ATCCTGTAAGCAGGAA,3
SRA-ATCCTGTAAGTCACTA,2
SRA-ATCCTGTAATCCTGTA,2
SRA-ATCCTGTAATTGAGGA,2
SRA-ATCCTGTAATGCCTAA,5
SRA-ATCCTGTACAACCACA,9
SRA-ATCCTGTAGACTAGTA,9
SRA-ATCCTGTACAATGGAA,4
SRA-ATCCTGTACACTTCGA,9
SRA-ATCCTGTACAGCGTTA,8
SRA-ATCCTGTACATACCAA,0
SRA-ATCCTGTACCAGTTCA,0
SRA-ATCCTGTACCGAAGTA,0
SRA-ATCCTGTACCGTGAGA,0
SRA-ATCCTGTAAGTGGTCA,1
SRA-ATCCTGTAGATAGACA,4
SRA-ATCCTGTAACCACTGT,1
SRA-ATCCTGTAGCCACATA,0
SRA-ATCCTGTAACATTGGC,1
SRA-ATCCTGTACAGATCTG,10
SRA-ATCCTGTACATCAAGT,1
SRA-ATCCTGTACGCTGATC,5
SRA-ATTGAGGAAACGTGAT,3
SRA-ATTGAGGAACAAGCTA,2
SRA-ATTGAGGACTGTAGCC,2
SRA-ATTGAGGAAGTACAAG,3
SRA-ATTGAGGAAACAACCA,0
SRA-ATTGAGGAAACCGAGA,4
SRA-ATTGAGGAAACGCTTA,4
SRA-ATTGAGGAAAGACGGA,4
SRA-ATTGAGGAAAGGTACA,4
SRA-ATTGAGGAACACAGAA,4
SRA-ATTGAGGAACAGCAGA,2
SRA-ATTGAGGAAAACATCG,3
SRA-ATTGAGGAACCTCCAA,9
SRA-ATTGAGGAACGCTCGA,9
SRA-ATTGAGGAACGTATCA,2
SRA-ATTGAGGAACTATGCA,9
SRA-ATTGAGGAAGAGTCAA,4
SRA-ATTGAGGAAGATCGCA,9
SRA-ATTGAGGAAGCAGGAA,3
SRA-ATTGAGGAAGTCACTA,9
SRA-ATTGAGGAATCCTGTA,1
SRA-ATTGAGGAATTGAGGA,2
SRA-ATTGAGGAATGCCTAA,5
SRA-ATTGAGGACAACCACA,9
SRA-ATTGAGGAGACTAGTA,4
SRA-ATTGAGGACAATGGAA,9
SRA-ATTGAGGACACTTCGA,8
SRA-ATTGAGGACAGCGTTA,8
SRA-ATTGAGGACATACCAA,0
SRA-ATTGAGGAAGTGGTCA,1
SRA-ATTGAGGAGAGCTGAA,0
SRA-ATTGAGGAGATAGACA,9
SRA-ATTGAGGAACCACTGT,1
SRA-ATTGAGGAGCCACATA,4
SRA-ATTGAGGAACATTGGC,1
SRA-ATTGAGGACAGATCTG,1
SRA-ATTGAGGACATCAAGT,5
SRA-ATTGAGGACGCTGATC,5
SRA-AAACATCGAACGTGAT,3
SRA-AAACATCGAAGACGGA,4
SRA-AAACATCGAAGGTACA,8
SRA-AAACATCGACACAGAA,6
SRA-AAACATCGACAGCAGA,0
SRA-AAACATCGAAACATCG,3
SRA-AAACATCGACCTCCAA,0
SRA-AAACATCGACGCTCGA,6
SRA-AAACATCGACGTATCA,6
SRA-AAACATCGACTATGCA,2
SRA-AAACATCGAGAGTCAA,6
SRA-AAACATCGAGATCGCA,6
SRA-AAACATCGAGCAGGAA,2
SRA-AAACATCGAGTCACTA,4
SRA-AAACATCGATCCTGTA,9
SRA-AAACATCGATTGAGGA,2
SRA-AAACATCGATGCCTAA,3
SRA-AAACATCGCAACCACA,10
SRA-AAACATCGGACTAGTA,6
SRA-AAACATCGCAATGGAA,0
SRA-AAACATCGCACTTCGA,10
SRA-AAACATCGCAGCGTTA,9
SRA-AAACATCGCATACCAA,8
SRA-AAACATCGCCAGTTCA,7
SRA-AAACATCGCCGAAGTA,7
SRA-AAACATCGCCGTGAGA,7
SRA-AAACATCGCCTCCTGA,7
SRA-AAACATCGAGTGGTCA,4
SRA-AAACATCGCGAACTTA,7
SRA-AAACATCGCGACTGGA,0
SRA-AAACATCGCGCATACA,0
SRA-AAACATCGCTCAATGA,2
SRA-AAACATCGCTGAGCCA,2
SRA-AAACATCGCTGGCATA,6
SRA-AAACATCGGAATCTGA,4
SRA-AAACATCGCAAGACTA,4
SRA-AAACATCGGAGCTGAA,0
SRA-AAACATCGGATAGACA,0
SRA-AAACATCGACCACTGT,3
SRA-AAACATCGGCCACATA,0
SRA-AAACATCGACATTGGC,3
SRA-AAACATCGCAGATCTG,0
SRA-CAACCACAAACGTGAT,3
SRA-CAACCACAACAAGCTA,2
SRA-CAACCACACTGTAGCC,2
SRA-CAACCACAAGTACAAG,0
SRA-CAACCACAAACAACCA,2
SRA-CAACCACAAACCGAGA,3
SRA-CAACCACAAACGCTTA,3
SRA-CAACCACAAAGACGGA,4
SRA-CAACCACAAAGGTACA,3
SRA-CAACCACAACACAGAA,3
SRA-CAACCACAACAGCAGA,2
SRA-CAACCACAAAACATCG,3
SRA-CAACCACAACCTCCAA,9
SRA-CAACCACAACGCTCGA,2
SRA-CAACCACAACGTATCA,2
SRA-CAACCACAACTATGCA,7
SRA-CAACCACAAGAGTCAA,4
SRA-CAACCACAAGATCGCA,4
SRA-CAACCACAAGCAGGAA,4
SRA-CAACCACAAGTCACTA,4
SRA-CAACCACAATCCTGTA,1
SRA-CAACCACAATTGAGGA,9
SRA-CAACCACAATGCCTAA,3
SRA-CAACCACACAACCACA,2
SRA-CAACCACAGACTAGTA,8
SRA-CAACCACACAATGGAA,8
SRA-CAACCACACACTTCGA,0
SRA-CAACCACACAGCGTTA,9
SRA-CAACCACACATACCAA,0
SRA-CAACCACACCAGTTCA,8
SRA-CAACCACACCGAAGTA,0
SRA-CAACCACACCGTGAGA,0
SRA-CAACCACACCTCCTGA,0
SRA-CAACCACAAGTGGTCA,5
SRA-CAACCACACGAACTTA,0
SRA-CAACCACACGACTGGA,0
SRA-CAACCACACGCATACA,0
SRA-CAACCACACTCAATGA,0
SRA-CAACCACACTGAGCCA,5
SRA-CAACCACACTGGCATA,0
SRA-CAACCACAGAATCTGA,0
SRA-CAACCACACAAGACTA,0
SRA-CAACCACAGAGCTGAA,0
SRA-CAACCACAGATAGACA,0
SRA-CAACCACAACCACTGT,5
SRA-CAACCACAGCCACATA,5
SRA-CAACCACAACATTGGC,5
SRA-CAACCACACAGATCTG,5
SRA-CAACCACACATCAAGT,5
SRA-CAACCACACGCTGATC,6
SRA-GACTAGTAAACGTGAT,0
SRA-GACTAGTAACAAGCTA,2
SRA-GACTAGTACTGTAGCC,0
SRA-GACTAGTAAGTACAAG,10
SRA-GACTAGTAAACAACCA,2
SRA-GACTAGTAAACCGAGA,2
SRA-GACTAGTAAACGCTTA,3
SRA-GACTAGTAAAGACGGA,2
SRA-GACTAGTAAAGGTACA,3
SRA-GACTAGTAACACAGAA,0
SRA-GACTAGTAACAGCAGA,1
SRA-GACTAGTAAAACATCG,3
SRA-GACTAGTAACCTCCAA,5
SRA-GACTAGTAACGCTCGA,2
SRA-GACTAGTAACGTATCA,12
SRA-GACTAGTAACTATGCA,2
SRA-GACTAGTAAGAGTCAA,4
SRA-GACTAGTAAGATCGCA,4
SRA-GACTAGTAAGCAGGAA,9
SRA-GACTAGTAAGTCACTA,4
SRA-GACTAGTAATCCTGTA,1
SRA-GACTAGTAATTGAGGA,2
SRA-GACTAGTAATGCCTAA,3
SRA-GACTAGTACAACCACA,6
SRA-GACTAGTAGACTAGTA,1
SRA-GACTAGTACAATGGAA,1
SRA-GACTAGTACACTTCGA,0
SRA-GACTAGTACAGCGTTA,1
SRA-GACTAGTACATACCAA,1
SRA-GACTAGTACCAGTTCA,1
SRA-GACTAGTACCGAAGTA,10
SRA-GACTAGTACCGTGAGA,2
SRA-GACTAGTACCTCCTGA,9
SRA-GACTAGTAAGTGGTCA,3
SRA-GACTAGTACGAACTTA,1
SRA-GACTAGTACGACTGGA,6
SRA-GACTAGTACGCATACA,10
SRA-GACTAGTACTCAATGA,2
SRA-GACTAGTACTGAGCCA,1
SRA-GACTAGTACTGGCATA,1
SRA-GACTAGTAGAATCTGA,1
SRA-GACTAGTACAAGACTA,1
SRA-GACTAGTAGAGCTGAA,1
SRA-GACTAGTAGATAGACA,4
SRA-GACTAGTAACCACTGT,2
SRA-GACTAGTAGCCACATA,5
SRA-GACTAGTAACATTGGC,5
SRA-GACTAGTACAGATCTG,6
SRA-GACTAGTACATCAAGT,6
SRA-GACTAGTACGCTGATC,3
SRA-CAATGGAAAACGTGAT,0
SRA-CAATGGAAACAAGCTA,9
SRA-CAATGGAACTGTAGCC,4
SRA-CAATGGAAAGTACAAG,4
SRA-CAATGGAAAACAACCA,0
SRA-CAATGGAAAACCGAGA,0
SRA-CAATGGAAAACGCTTA,2
SRA-CAATGGAAAAGACGGA,1
SRA-CAATGGAAAAGGTACA,1
SRA-CAATGGAAACACAGAA,5
SRA-CAATGGAAACAGCAGA,10
SRA-CAATGGAAAAACATCG,0
SRA-CAATGGAAACCTCCAA,2
SRA-CAATGGAAACGCTCGA,9
SRA-CAATGGAAACGTATCA,2
SRA-CAATGGAAACTATGCA,2
SRA-CAATGGAAAGAGTCAA,4
SRA-CAATGGAAAGATCGCA,2
SRA-CAATGGAAAGCAGGAA,2
SRA-CAATGGAAAGTCACTA,4
SRA-CAATGGAAATCCTGTA,2
SRA-CAATGGAAATTGAGGA,1
SRA-CAATGGAAATGCCTAA,0
SRA-CAATGGAACAACCACA,1
SRA-CAATGGAAGACTAGTA,1
SRA-CAATGGAACAATGGAA,1
SRA-CAATGGAACACTTCGA,1
SRA-CAATGGAACAGCGTTA,1
SRA-CAATGGAACATACCAA,1
SRA-CAATGGAACCAGTTCA,1
SRA-CAATGGAACCGAAGTA,1
SRA-CAATGGAACCGTGAGA,1
SRA-CAATGGAACCTCCTGA,1
SRA-CAATGGAAAGTGGTCA,12
SRA-CAATGGAACGAACTTA,1
SRA-CAATGGAACGACTGGA,1
SRA-CAATGGAACGCATACA,1
SRA-CAATGGAACTCAATGA,1
SRA-CAATGGAACTGAGCCA,1
SRA-CAATGGAACTGGCATA,1
SRA-CAATGGAAGAATCTGA,1
SRA-CAATGGAACAAGACTA,1
SRA-CAATGGAAGAGCTGAA,1
SRA-CAATGGAAGATAGACA,4
SRA-CAATGGAAACCACTGT,3
SRA-CAATGGAAGCCACATA,5
SRA-CAATGGAAACATTGGC,2
SRA-CAATGGAACAGATCTG,2
SRA-CAATGGAACATCAAGT,2
SRA-CAATGGAACGCTGATC,9
SRA-CACTTCGAAACGTGAT,0
SRA-CACTTCGAACAAGCTA,9
SRA-CACTTCGACTGTAGCC,4
SRA-CACTTCGAAGTACAAG,0
SRA-CACTTCGAAACAACCA,0
SRA-CACTTCGAAACCGAGA,8
SRA-CACTTCGAAACGCTTA,2
SRA-CACTTCGAAAGACGGA,5
SRA-CACTTCGAAAGGTACA,2
SRA-CACTTCGAACACAGAA,1
SRA-CACTTCGAACAGCAGA,1
SRA-CACTTCGAAAACATCG,0
SRA-CACTTCGAACCTCCAA,2
SRA-CACTTCGAACGCTCGA,9
SRA-CACTTCGAACGTATCA,5
SRA-CACTTCGAACTATGCA,2
SRA-CACTTCGAAGAGTCAA,2
SRA-CACTTCGAAGATCGCA,2
SRA-CACTTCGAAGCAGGAA,1
SRA-CACTTCGAAGTCACTA,2
SRA-CACTTCGAATCCTGTA,1
SRA-CACTTCGAATTGAGGA,1
SRA-CACTTCGAATGCCTAA,0
SRA-CACTTCGACAACCACA,1
SRA-CACTTCGAGACTAGTA,1
SRA-CACTTCGACAATGGAA,1
SRA-CACTTCGACACTTCGA,1
SRA-CACTTCGACAGCGTTA,1
SRA-CACTTCGACATACCAA,1
SRA-CACTTCGACCAGTTCA,1
SRA-CACTTCGACCGAAGTA,1
SRA-CACTTCGACCGTGAGA,1
SRA-CACTTCGACCTCCTGA,1
SRA-CACTTCGAAGTGGTCA,3
SRA-CACTTCGACGAACTTA,1
SRA-CACTTCGACGACTGGA,1
SRA-CACTTCGACGCATACA,1
SRA-CACTTCGACTCAATGA,1
SRA-CACTTCGACTGAGCCA,1
SRA-CACTTCGACTGGCATA,1
SRA-CACTTCGAGAATCTGA,1
SRA-CACTTCGACAAGACTA,1
SRA-CACTTCGAGAGCTGAA,5
SRA-CACTTCGAGATAGACA,1
SRA-CACTTCGAACCACTGT,10
SRA-CACTTCGAGCCACATA,5
SRA-CACTTCGAACATTGGC,3
SRA-CACTTCGACAGATCTG,3
SRA-CACTTCGACATCAAGT,3
SRA-CACTTCGACGCTGATC,4
SRA-CAGCGTTAAACGTGAT,0
SRA-CAGCGTTAACAAGCTA,8
SRA-CAGCGTTACTGTAGCC,8
SRA-CAGCGTTAAGTACAAG,8
SRA-CAGCGTTAAACAACCA,0
SRA-CAGCGTTAAACCGAGA,8
SRA-CAGCGTTAAACGCTTA,8
SRA-CAGCGTTAAAGACGGA,9
SRA-CAGCGTTAAAGGTACA,3
SRA-CAGCGTTAACACAGAA,1
SRA-CAGCGTTAACAGCAGA,1
SRA-CAGCGTTAAAACATCG,8
SRA-CAGCGTTAACCTCCAA,4
SRA-CAGCGTTAACGCTCGA,4
SRA-CAGCGTTAACGTATCA,2
SRA-CAGCGTTAACTATGCA,9
SRA-CAGCGTTAAGAGTCAA,2
SRA-CAGCGTTAAGATCGCA,1
SRA-CAGCGTTAAGCAGGAA,1
SRA-CAGCGTTAAGTCACTA,1
SRA-CAGCGTTAATCCTGTA,1
SRA-CAGCGTTAATTGAGGA,1
SRA-CAGCGTTAATGCCTAA,3
SRA-CAGCGTTACAACCACA,1
SRA-CAGCGTTAGACTAGTA,1
SRA-CAGCGTTACAATGGAA,1
SRA-CAGCGTTACACTTCGA,1
SRA-CAGCGTTACAGCGTTA,1
SRA-CAGCGTTACATACCAA,1
SRA-CAGCGTTACCAGTTCA,1
SRA-CAGCGTTACCGAAGTA,1
SRA-CAGCGTTACCGTGAGA,1
SRA-CAGCGTTACCTCCTGA,1
SRA-CAGCGTTAAGTGGTCA,3
SRA-CAGCGTTACGAACTTA,1
SRA-CAGCGTTACGACTGGA,1
SRA-CAGCGTTACGCATACA,1
SRA-CAGCGTTACTCAATGA,1
SRA-CAGCGTTACTGAGCCA,1
SRA-CAGCGTTACTGGCATA,1
SRA-CAGCGTTAGAATCTGA,1
SRA-CAGCGTTACAAGACTA,1
SRA-CAGCGTTAGAGCTGAA,1
SRA-CAGCGTTAGATAGACA,4
SRA-CAGCGTTAACCACTGT,9
SRA-CAGCGTTAGCCACATA,5
SRA-CAGCGTTAACATTGGC,2
SRA-CAGCGTTACAGATCTG,0
SRA-CAGCGTTACATCAAGT,8
SRA-CAGCGTTACGCTGATC,8
SRA-CATACCAAAACGTGAT,3
SRA-CATACCAAACAAGCTA,1
SRA-CATACCAACTGTAGCC,1
SRA-CATACCAAAGTACAAG,1
SRA-CATACCAAAACAACCA,1
SRA-CATACCAAAACCGAGA,8
SRA-CATACCAAAACGCTTA,8
SRA-CATACCAAAAGACGGA,0
SRA-CATACCAAAAGGTACA,8
SRA-CATACCAAACACAGAA,8
SRA-CATACCAAACAGCAGA,8
SRA-CATACCAAAAACATCG,8
SRA-CATACCAAACCTCCAA,0
SRA-CATACCAAACGCTCGA,4
SRA-CATACCAAACGTATCA,4
SRA-CATACCAAACTATGCA,2
SRA-CATACCAAAGAGTCAA,1
SRA-CATACCAAAGATCGCA,1
SRA-CATACCAAAGCAGGAA,1
SRA-CATACCAAAGTCACTA,1
SRA-CATACCAAATCCTGTA,1
SRA-CATACCAAATTGAGGA,1
SRA-CATACCAAATGCCTAA,0
SRA-CATACCAACAACCACA,1
SRA-CATACCAAGACTAGTA,1
SRA-CATACCAACAATGGAA,1
SRA-CATACCAACACTTCGA,1
SRA-CATACCAACAGCGTTA,1
SRA-CATACCAACATACCAA,1
SRA-CATACCAACCAGTTCA,1
SRA-CATACCAACCGAAGTA,1
SRA-CATACCAACCGTGAGA,1
SRA-CATACCAACCTCCTGA,1
SRA-CATACCAAAGTGGTCA,8
SRA-CATACCAACGAACTTA,1
SRA-CATACCAACGACTGGA,1
SRA-CATACCAACGCATACA,1
SRA-CATACCAACTCAATGA,1
SRA-CATACCAACTGAGCCA,1
SRA-CATACCAACTGGCATA,1
SRA-CATACCAAGAATCTGA,1
SRA-CATACCAACAAGACTA,1
SRA-CATACCAAGAGCTGAA,1
SRA-CATACCAAGATAGACA,5
SRA-CATACCAAACCACTGT,0
SRA-CATACCAAGCCACATA,5
SRA-CATACCAAACATTGGC,1
SRA-CATACCAACAGATCTG,1
SRA-CATACCAACATCAAGT,1
SRA-CATACCAACGCTGATC,1
SRA-CCAGTTCAAACGTGAT,0
SRA-CCAGTTCAACAAGCTA,1
SRA-CCAGTTCACTGTAGCC,1
SRA-CCAGTTCAAGTACAAG,1
SRA-CCAGTTCAAACAACCA,1
SRA-CCAGTTCAAACCGAGA,1
SRA-CCAGTTCAAACGCTTA,8
SRA-CCAGTTCAAAGACGGA,8
SRA-CCAGTTCAAAGGTACA,8
SRA-CCAGTTCAACACAGAA,8
SRA-CCAGTTCAACAGCAGA,8
SRA-CCAGTTCAAAACATCG,8
SRA-CCAGTTCAACCTCCAA,8
SRA-CCAGTTCAACGCTCGA,10
SRA-CCAGTTCAACGTATCA,3
SRA-CCAGTTCAACTATGCA,1
SRA-CCAGTTCAAGAGTCAA,1
SRA-CCAGTTCAAGATCGCA,1
SRA-CCAGTTCAAGCAGGAA,1
SRA-CCAGTTCAAGTCACTA,1
SRA-CCAGTTCAATCCTGTA,1
SRA-CCAGTTCAATTGAGGA,1
SRA-CCAGTTCAATGCCTAA,1
SRA-CCAGTTCACAACCACA,1
SRA-CCAGTTCAGACTAGTA,1
SRA-CCAGTTCACAATGGAA,1
SRA-CCAGTTCACACTTCGA,1
SRA-CCAGTTCACAGCGTTA,1
SRA-CCAGTTCACATACCAA,1
SRA-CCAGTTCACCAGTTCA,1
SRA-CCAGTTCACCGAAGTA,1
SRA-CCAGTTCACCGTGAGA,1
SRA-CCAGTTCACCTCCTGA,1
SRA-CCAGTTCAAGTGGTCA,1
SRA-CCAGTTCACGAACTTA,1
SRA-CCAGTTCACGACTGGA,1
SRA-CCAGTTCACGCATACA,1
SRA-CCAGTTCACTCAATGA,1
SRA-CCAGTTCACTGAGCCA,1
SRA-CCAGTTCACTGGCATA,1
SRA-CCAGTTCAGAATCTGA,1
SRA-CCAGTTCACAAGACTA,5
SRA-CCAGTTCAGAGCTGAA,5
SRA-CCAGTTCAGATAGACA,5
SRA-CCAGTTCAACCACTGT,1
SRA-CCAGTTCAGCCACATA,1
SRA-CCAGTTCAACATTGGC,1
SRA-CCAGTTCACAGATCTG,1
SRA-CCAGTTCACATCAAGT,1
SRA-CCAGTTCACGCTGATC,1
SRA-CCGAAGTAAACGTGAT,1
SRA-CCGAAGTAACAAGCTA,1
SRA-CCGAAGTACTGTAGCC,1
SRA-CCGAAGTAAGTACAAG,1
SRA-CCGAAGTAAACAACCA,1
SRA-CCGAAGTAAACCGAGA,1
SRA-CCGAAGTAAACGCTTA,1
SRA-CCGAAGTAAAGACGGA,0
SRA-CCGAAGTAAAGGTACA,8
SRA-CCGAAGTAACACAGAA,8
SRA-CCGAAGTAACAGCAGA,8
SRA-CCGAAGTAAAACATCG,1
SRA-CCGAAGTAACCTCCAA,8
SRA-CCGAAGTAACGCTCGA,2
SRA-CCGAAGTAACGTATCA,2
SRA-CCGAAGTAACTATGCA,1
SRA-CCGAAGTAAGAGTCAA,1
SRA-CCGAAGTAAGATCGCA,1
SRA-CCGAAGTAAGCAGGAA,1
SRA-CCGAAGTAAGTCACTA,5
SRA-CCGAAGTAATCCTGTA,5
SRA-CCGAAGTAATTGAGGA,5
SRA-CCGAAGTAATGCCTAA,1
SRA-CCGAAGTACAACCACA,5
SRA-CCGAAGTAGACTAGTA,5
SRA-CCGAAGTACAATGGAA,5
SRA-CCGAAGTACACTTCGA,5
SRA-CCGAAGTACAGCGTTA,5
SRA-CCGAAGTACATACCAA,1
SRA-CCGAAGTACCAGTTCA,1
SRA-CCGAAGTACCGAAGTA,1
SRA-CCGAAGTACCGTGAGA,1
SRA-CCGAAGTACCTCCTGA,1
SRA-CCGAAGTAAGTGGTCA,1
SRA-CCGAAGTACGAACTTA,5
SRA-CCGAAGTACGACTGGA,1
SRA-CCGAAGTACGCATACA,1
SRA-CCGAAGTACTCAATGA,5
SRA-CCGAAGTACTGAGCCA,1
SRA-CCGAAGTACTGGCATA,5
SRA-CCGAAGTAGAATCTGA,5
SRA-CCGAAGTACAAGACTA,5
SRA-CCGAAGTAGAGCTGAA,5
SRA-CCGAAGTAGATAGACA,4
SRA-CCGAAGTAACCACTGT,1
SRA-CCGAAGTAGCCACATA,5
SRA-CCGAAGTAACATTGGC,1
SRA-CCGAAGTACAGATCTG,1
SRA-CCGAAGTACATCAAGT,1
SRA-CCGAAGTACGCTGATC,1
SRA-CCGTGAGAAACGTGAT,1
SRA-CCGTGAGAACAAGCTA,1
SRA-CCGTGAGACTGTAGCC,1
SRA-CCGTGAGAAGTACAAG,1
SRA-CCGTGAGAAACAACCA,1
SRA-CCGTGAGAAACCGAGA,1
SRA-CCGTGAGAAACGCTTA,1
SRA-CCGTGAGAAAGACGGA,1
SRA-CCGTGAGAAAGGTACA,8
SRA-CCGTGAGAACACAGAA,8
SRA-CCGTGAGAACAGCAGA,8
SRA-CCGTGAGAAAACATCG,1
SRA-CCGTGAGAACCTCCAA,8
SRA-CCGTGAGAACGCTCGA,0
SRA-CCGTGAGAACGTATCA,1
SRA-CCGTGAGAACTATGCA,1
SRA-CCGTGAGAAGAGTCAA,1
SRA-CCGTGAGAAGATCGCA,1
SRA-CCGTGAGAAGCAGGAA,5
SRA-CCGTGAGAAGTCACTA,5
SRA-CCGTGAGAATCCTGTA,5
SRA-CCGTGAGAATTGAGGA,5
SRA-CCGTGAGAATGCCTAA,1
SRA-CCGTGAGACAACCACA,5
SRA-CCGTGAGAGACTAGTA,5
SRA-CCGTGAGACAATGGAA,0
SRA-CCGTGAGACACTTCGA,5
SRA-CCGTGAGACAGCGTTA,5
SRA-CCGTGAGACATACCAA,5
SRA-CCGTGAGACCAGTTCA,5
SRA-CCGTGAGACCGAAGTA,5
SRA-CCGTGAGACCGTGAGA,5
SRA-CCGTGAGACCTCCTGA,5
SRA-CCGTGAGAAGTGGTCA,1
SRA-CCGTGAGACGAACTTA,5
SRA-CCGTGAGACGACTGGA,5
SRA-CCGTGAGACGCATACA,5
SRA-CCGTGAGACTCAATGA,5
SRA-CCGTGAGACTGAGCCA,5
SRA-CCGTGAGACTGGCATA,5
SRA-CCGTGAGAGAATCTGA,5
SRA-CCGTGAGACAAGACTA,4
SRA-CCGTGAGAACCACTGT,1
SRA-CCGTGAGAGCCACATA,5
SRA-CCGTGAGAACATTGGC,1
SRA-CCGTGAGACAGATCTG,1
SRA-CCGTGAGACATCAAGT,1
SRA-CCGTGAGACGCTGATC,1
SRA-CCTCCTGAAACGTGAT,1
SRA-CCTCCTGAACAAGCTA,1
SRA-CCTCCTGACTGTAGCC,1
SRA-CCTCCTGAAGTACAAG,1
SRA-CCTCCTGAAACAACCA,1
SRA-CCTCCTGAAACCGAGA,1
SRA-CCTCCTGAAACGCTTA,1
SRA-CCTCCTGAAAGACGGA,11
SRA-CCTCCTGAAAGGTACA,1
SRA-CCTCCTGAAAACATCG,11
SRA-CCTCCTGAACCTCCAA,8
SRA-CCTCCTGAACGCTCGA,0
SRA-CCTCCTGAACGTATCA,3
SRA-CCTCCTGAACTATGCA,1
SRA-CCTCCTGAAGAGTCAA,1
SRA-CCTCCTGAAGATCGCA,1
SRA-CCTCCTGAAGCAGGAA,1
SRA-CCTCCTGAAGTCACTA,1
SRA-CCTCCTGAATCCTGTA,5
SRA-CCTCCTGAATTGAGGA,5
SRA-CCTCCTGAATGCCTAA,1
SRA-CCTCCTGACAACCACA,5
SRA-CCTCCTGACATACCAA,0
SRA-CCTCCTGACCAGTTCA,2
SRA-CCTCCTGACCGAAGTA,3
SRA-CCTCCTGACCGTGAGA,5
SRA-CCTCCTGACCTCCTGA,5
SRA-CCTCCTGAAGTGGTCA,1
SRA-CCTCCTGACGAACTTA,5
SRA-CCTCCTGACGACTGGA,5
SRA-CCTCCTGACGCATACA,0
SRA-CCTCCTGACTCAATGA,2
SRA-CCTCCTGACTGAGCCA,8
SRA-CCTCCTGACTGGCATA,8
SRA-CCTCCTGAACCACTGT,1
SRA-CCTCCTGAGCCACATA,5
SRA-CCTCCTGAACATTGGC,1
SRA-CCTCCTGACAGATCTG,1
SRA-CCTCCTGACATCAAGT,1
SRA-CCTCCTGACGCTGATC,1
SRA-ATGCCTAAAAGACGGA,3
SRA-ATGCCTAAAAGGTACA,8
SRA-ATGCCTAAACACAGAA,8
SRA-ATGCCTAAACAGCAGA,7
SRA-ATGCCTAAAAACATCG,3
SRA-ATGCCTAAACCTCCAA,2
SRA-ATGCCTAAACGCTCGA,6
SRA-ATGCCTAAACGTATCA,0
SRA-ATGCCTAAACTATGCA,0
SRA-ATGCCTAAAGAGTCAA,0
SRA-ATGCCTAAAGATCGCA,10
SRA-ATGCCTAAAGCAGGAA,4
SRA-ATGCCTAAAGTCACTA,4
SRA-ATGCCTAAATCCTGTA,4
SRA-ATGCCTAAATTGAGGA,9
SRA-ATGCCTAAATGCCTAA,3
SRA-ATGCCTAACAACCACA,2
SRA-ATGCCTAAGACTAGTA,8
SRA-ATGCCTAACAATGGAA,0
SRA-ATGCCTAACACTTCGA,2
SRA-ATGCCTAACATACCAA,0
SRA-ATGCCTAACCAGTTCA,7
SRA-ATGCCTAACCGAAGTA,7
SRA-ATGCCTAACCGTGAGA,7
SRA-ATGCCTAACCTCCTGA,7
SRA-ATGCCTAAAGTGGTCA,3
SRA-ATGCCTAACGAACTTA,7
SRA-ATGCCTAACGACTGGA,0
SRA-ATGCCTAACGCATACA,9
SRA-ATGCCTAACTCAATGA,10
SRA-ATGCCTAACTGAGCCA,6
SRA-ATGCCTAACTGGCATA,4
SRA-ATGCCTAAGAATCTGA,4
SRA-ATGCCTAACAAGACTA,4
SRA-ATGCCTAAGAGCTGAA,0
SRA-ATGCCTAAGATAGACA,0
SRA-ATGCCTAAACCACTGT,3
SRA-ATGCCTAAGCCACATA,0
SRA-ATGCCTAAACATTGGC,3
SRA-CGAACTTAAACGTGAT,11
SRA-CGAACTTAACAAGCTA,1
SRA-CGAACTTACTGTAGCC,1
SRA-CGAACTTAAGTACAAG,1
SRA-CGAACTTAAACAACCA,1
SRA-CGAACTTAAACCGAGA,1
SRA-CGAACTTAAACGCTTA,11
SRA-CGAACTTAAAGACGGA,5
SRA-CGAACTTAAAGGTACA,11
SRA-CGAACTTAACACAGAA,11
SRA-CGAACTTAAAACATCG,1
SRA-CGAACTTAACCTCCAA,8
SRA-CGAACTTAACGCTCGA,0
SRA-CGAACTTAACGTATCA,8
SRA-CGAACTTAACTATGCA,1
SRA-CGAACTTAAGAGTCAA,1
SRA-CGAACTTAAGATCGCA,1
SRA-CGAACTTAAGCAGGAA,1
SRA-CGAACTTAAGTCACTA,1
SRA-CGAACTTAATCCTGTA,1
SRA-CGAACTTAATTGAGGA,5
SRA-CGAACTTAATGCCTAA,11
SRA-CGAACTTACAACCACA,5
SRA-CGAACTTAGACTAGTA,5
SRA-CGAACTTACATACCAA,1
SRA-CGAACTTACCAGTTCA,10
SRA-CGAACTTACCGAAGTA,2
SRA-CGAACTTACCGTGAGA,2
SRA-CGAACTTACCTCCTGA,2
SRA-CGAACTTAAGTGGTCA,1
SRA-CGAACTTACGAACTTA,10
SRA-CGAACTTACGACTGGA,8
SRA-CGAACTTAACCACTGT,1
SRA-CGAACTTAGCCACATA,0
SRA-CGAACTTAACATTGGC,1
SRA-CGAACTTACAGATCTG,1
SRA-CGAACTTACATCAAGT,1
SRA-CGAACTTACGCTGATC,1
SRA-CGACTGGAAACGTGAT,11
SRA-CGACTGGAACAAGCTA,1
SRA-CGACTGGACTGTAGCC,1
SRA-CGACTGGAAGTACAAG,1
SRA-CGACTGGAAACAACCA,1
SRA-CGACTGGAAACCGAGA,11
SRA-CGACTGGAAACGCTTA,5
SRA-CGACTGGAAAGACGGA,5
SRA-CGACTGGAAAGGTACA,1
SRA-CGACTGGAACACAGAA,5
SRA-CGACTGGAAAACATCG,11
SRA-CGACTGGAACGCTCGA,8
SRA-CGACTGGAACGTATCA,8
SRA-CGACTGGAACTATGCA,1
SRA-CGACTGGAAGAGTCAA,1
SRA-CGACTGGAAGATCGCA,1
SRA-CGACTGGAAGCAGGAA,1
SRA-CGACTGGAAGTCACTA,1
SRA-CGACTGGAATCCTGTA,1
SRA-CGACTGGAATTGAGGA,1
SRA-CGACTGGAATGCCTAA,11
SRA-CGACTGGACAACCACA,1
SRA-CGACTGGAGACTAGTA,5
SRA-CGACTGGACAATGGAA,5
SRA-CGACTGGACATACCAA,0
SRA-CGACTGGACCAGTTCA,3
SRA-CGACTGGACCGAAGTA,3
SRA-CGACTGGACCGTGAGA,2
SRA-CGACTGGACCTCCTGA,2
SRA-CGACTGGAAGTGGTCA,1
SRA-CGACTGGACGAACTTA,2
SRA-CGACTGGACGACTGGA,3
SRA-CGACTGGACGCATACA,0
SRA-CGACTGGAACCACTGT,1
SRA-CGACTGGAGCCACATA,8
SRA-CGACTGGAACATTGGC,1
SRA-CGACTGGACAGATCTG,1
SRA-CGACTGGACATCAAGT,1
SRA-CGACTGGACGCTGATC,1
SRA-CGCATACAAACGTGAT,11
SRA-CGCATACAACAAGCTA,1
SRA-CGCATACACTGTAGCC,1
SRA-CGCATACAAGTACAAG,1
SRA-CGCATACAAACAACCA,5
SRA-CGCATACAAACCGAGA,5
SRA-CGCATACAAACGCTTA,5
SRA-CGCATACAAAGACGGA,5
SRA-CGCATACAAAGGTACA,5
SRA-CGCATACAACACAGAA,11
SRA-CGCATACAAAACATCG,11
SRA-CGCATACAACGCTCGA,8
SRA-CGCATACAACGTATCA,8
SRA-CGCATACAACTATGCA,8
SRA-CGCATACAAGAGTCAA,8
SRA-CGCATACAAGATCGCA,1
SRA-CGCATACAAGCAGGAA,1
SRA-CGCATACAAGTCACTA,1
SRA-CGCATACAATCCTGTA,1
SRA-CGCATACAATTGAGGA,1
SRA-CGCATACAATGCCTAA,11
SRA-CGCATACACAACCACA,1
SRA-CGCATACAGACTAGTA,1
SRA-CGCATACACAATGGAA,5
SRA-CGCATACACACTTCGA,0
SRA-CGCATACACAGCGTTA,5
SRA-CGCATACACATACCAA,1
SRA-CGCATACACCAGTTCA,5
SRA-CGCATACACCGAAGTA,5
SRA-CGCATACACCGTGAGA,5
SRA-CGCATACACCTCCTGA,3
SRA-CGCATACAAGTGGTCA,1
SRA-CGCATACACGAACTTA,6
SRA-CGCATACACGACTGGA,10
SRA-CGCATACACGCATACA,9
SRA-CGCATACACTCAATGA,4
SRA-CGCATACAACCACTGT,1
SRA-CGCATACAGCCACATA,8
SRA-CGCATACAACATTGGC,1
SRA-CGCATACACAGATCTG,1
SRA-CGCATACACATCAAGT,1
SRA-CGCATACACGCTGATC,1
SRA-CTCAATGAAACGTGAT,11
SRA-CTCAATGAACAAGCTA,1
SRA-CTCAATGACTGTAGCC,1
SRA-CTCAATGAAGTACAAG,5
SRA-CTCAATGAAACAACCA,5
SRA-CTCAATGAAACCGAGA,5
SRA-CTCAATGAAACGCTTA,5
SRA-CTCAATGAAAGACGGA,5
SRA-CTCAATGAAAGGTACA,5
SRA-CTCAATGAACACAGAA,5
SRA-CTCAATGAAAACATCG,11
SRA-CTCAATGAACGTATCA,0
SRA-CTCAATGAACTATGCA,8
SRA-CTCAATGAAGAGTCAA,0
SRA-CTCAATGAAGATCGCA,1
SRA-CTCAATGAAGCAGGAA,1
SRA-CTCAATGAAGTCACTA,1
SRA-CTCAATGAATCCTGTA,1
SRA-CTCAATGAATTGAGGA,1
SRA-CTCAATGAATGCCTAA,11
SRA-CTCAATGACAACCACA,1
SRA-CTCAATGAGACTAGTA,1
SRA-CTCAATGACAATGGAA,5
SRA-CTCAATGACACTTCGA,5
SRA-CTCAATGACAGCGTTA,1
SRA-CTCAATGACATACCAA,1
SRA-CTCAATGACCAGTTCA,1
SRA-CTCAATGACCGAAGTA,1
SRA-CTCAATGACCGTGAGA,1
SRA-CTCAATGACCTCCTGA,5
SRA-CTCAATGAAGTGGTCA,1
SRA-CTCAATGACGAACTTA,5
SRA-CTCAATGACGACTGGA,5
SRA-CTCAATGACGCATACA,5
SRA-CTCAATGACTCAATGA,0
SRA-CTCAATGACTGAGCCA,8
SRA-CTCAATGACTGGCATA,8
SRA-CTCAATGAGAATCTGA,8
SRA-CTCAATGACAAGACTA,0
SRA-CTCAATGAGAGCTGAA,8
SRA-CTCAATGAGATAGACA,0
SRA-CTCAATGAACCACTGT,1
SRA-CTCAATGAGCCACATA,8
SRA-CTCAATGAACATTGGC,1
SRA-CTCAATGACAGATCTG,1
SRA-CTCAATGACATCAAGT,1
SRA-CTCAATGACGCTGATC,1
SRA-CTGAGCCAAACGTGAT,11
SRA-CTGAGCCAACAAGCTA,5
SRA-CTGAGCCACTGTAGCC,5
SRA-CTGAGCCAAGTACAAG,5
SRA-CTGAGCCAAACAACCA,5
SRA-CTGAGCCAAACCGAGA,0
SRA-CTGAGCCAAACGCTTA,5
SRA-CTGAGCCAAAGACGGA,5
SRA-CTGAGCCAAAGGTACA,0
SRA-CTGAGCCAACACAGAA,8
SRA-CTGAGCCAAAACATCG,11
SRA-CTGAGCCAACGTATCA,8
SRA-CTGAGCCAACTATGCA,8
SRA-CTGAGCCAAGAGTCAA,0
SRA-CTGAGCCAAGATCGCA,1
SRA-CTGAGCCAAGCAGGAA,1
SRA-CTGAGCCAAGTCACTA,1
SRA-CTGAGCCAATCCTGTA,1
SRA-CTGAGCCAATTGAGGA,1
SRA-CTGAGCCAATGCCTAA,11
SRA-CTGAGCCACAACCACA,1
SRA-CTGAGCCAGACTAGTA,1
SRA-CTGAGCCACAATGGAA,5
SRA-CTGAGCCACACTTCGA,5
SRA-CTGAGCCACAGCGTTA,1
SRA-CTGAGCCACATACCAA,1
SRA-CTGAGCCACCAGTTCA,1
SRA-CTGAGCCACCGAAGTA,1
SRA-CTGAGCCACCGTGAGA,1
SRA-CTGAGCCACCTCCTGA,1
SRA-CTGAGCCAAGTGGTCA,11
SRA-CTGAGCCACGAACTTA,1
SRA-CTGAGCCACGACTGGA,5
SRA-CTGAGCCACGCATACA,5
SRA-CTGAGCCACTCAATGA,0
SRA-CTGAGCCACTGAGCCA,8
SRA-CTGAGCCACTGGCATA,8
SRA-CTGAGCCAGAATCTGA,8
SRA-CTGAGCCACAAGACTA,0
SRA-CTGAGCCAGATAGACA,0
SRA-CTGAGCCAACCACTGT,1
SRA-CTGAGCCAGCCACATA,8
SRA-CTGAGCCAACATTGGC,1
SRA-CTGAGCCACAGATCTG,1
SRA-CTGAGCCACATCAAGT,1
SRA-CTGAGCCACGCTGATC,1
SRA-CTGGCATAAACGTGAT,11
SRA-CTGGCATAACAAGCTA,5
SRA-CTGGCATACTGTAGCC,1
SRA-CTGGCATAAGTACAAG,0
SRA-CTGGCATAAACAACCA,0
SRA-CTGGCATAAACCGAGA,5
SRA-CTGGCATAAACGCTTA,5
SRA-CTGGCATAAAGACGGA,5
SRA-CTGGCATAAAGGTACA,8
SRA-CTGGCATAAAACATCG,11
SRA-CTGGCATAACGTATCA,8
SRA-CTGGCATAACTATGCA,8
SRA-CTGGCATAAGAGTCAA,8
SRA-CTGGCATAAGATCGCA,8
SRA-CTGGCATAAGCAGGAA,1
SRA-CTGGCATAAGTCACTA,1
SRA-CTGGCATAATCCTGTA,1
SRA-CTGGCATAATTGAGGA,1
SRA-CTGGCATAATGCCTAA,5
SRA-CTGGCATACAACCACA,1
SRA-CTGGCATAGACTAGTA,1
SRA-CTGGCATACAATGGAA,5
SRA-CTGGCATACACTTCGA,5
SRA-CTGGCATACAGCGTTA,1
SRA-CTGGCATACATACCAA,1
SRA-CTGGCATACCAGTTCA,1
SRA-CTGGCATACCGAAGTA,1
SRA-CTGGCATACCGTGAGA,1
SRA-CTGGCATACCTCCTGA,1
SRA-CTGGCATAAGTGGTCA,5
SRA-CTGGCATACGAACTTA,1
SRA-CTGGCATACGACTGGA,5
SRA-CTGGCATACGCATACA,0
SRA-CTGGCATACTCAATGA,8
SRA-CTGGCATACTGAGCCA,8
SRA-CTGGCATACTGGCATA,8
SRA-CTGGCATACAAGACTA,0
SRA-CTGGCATAGAGCTGAA,0
SRA-CTGGCATAGATAGACA,8
SRA-CTGGCATAACCACTGT,5
SRA-CTGGCATAGCCACATA,0
SRA-CTGGCATAACATTGGC,5
SRA-CTGGCATACAGATCTG,5
SRA-CTGGCATACATCAAGT,5
SRA-CTGGCATACGCTGATC,5
SRA-GAATCTGAAACGTGAT,11
SRA-GAATCTGAAACAACCA,5
SRA-GAATCTGAAACCGAGA,5
SRA-GAATCTGAAACGCTTA,5
SRA-GAATCTGAAAGACGGA,11
SRA-GAATCTGAAAGGTACA,0
SRA-GAATCTGAAAACATCG,11
SRA-GAATCTGAACGTATCA,8
SRA-GAATCTGAACTATGCA,8
SRA-GAATCTGAAGAGTCAA,8
SRA-GAATCTGAAGATCGCA,8
SRA-GAATCTGAAGCAGGAA,8
SRA-GAATCTGAAGTCACTA,1
SRA-GAATCTGAATCCTGTA,1
SRA-GAATCTGAATTGAGGA,1
SRA-GAATCTGAATGCCTAA,5
SRA-GAATCTGACAACCACA,1
SRA-GAATCTGAGACTAGTA,1
SRA-GAATCTGACAATGGAA,1
SRA-GAATCTGACACTTCGA,5
SRA-GAATCTGACAGCGTTA,1
SRA-GAATCTGACATACCAA,1
SRA-GAATCTGACCAGTTCA,1
SRA-GAATCTGACCGAAGTA,5
SRA-GAATCTGACCGTGAGA,2
SRA-GAATCTGACCTCCTGA,0
SRA-GAATCTGAAGTGGTCA,5
SRA-GAATCTGACGAACTTA,2
SRA-GAATCTGACGACTGGA,0
SRA-GAATCTGACGCATACA,8
SRA-GAATCTGACTCAATGA,8
SRA-GAATCTGACTGAGCCA,8
SRA-GAATCTGACTGGCATA,8
SRA-GAATCTGAGAATCTGA,0
SRA-GAATCTGACAAGACTA,8
SRA-GAATCTGAGAGCTGAA,8
SRA-GAATCTGAGATAGACA,8
SRA-GAATCTGAACCACTGT,5
SRA-GAATCTGAGCCACATA,0
SRA-GAATCTGAACATTGGC,5
SRA-GAATCTGACAGATCTG,5
SRA-GAATCTGACATCAAGT,0
SRA-GAATCTGACGCTGATC,5
SRA-CAAGACTAAACGTGAT,11
SRA-CAAGACTAAGTACAAG,5
SRA-CAAGACTAAACAACCA,5
SRA-CAAGACTAAACCGAGA,5
SRA-CAAGACTAAACGCTTA,5
SRA-CAAGACTAAAGACGGA,0
SRA-CAAGACTAAAGGTACA,0
SRA-CAAGACTAAAACATCG,11
SRA-CAAGACTAACGCTCGA,8
SRA-CAAGACTAACGTATCA,8
SRA-CAAGACTAACTATGCA,8
SRA-CAAGACTAAGAGTCAA,8
SRA-CAAGACTAAGATCGCA,8
SRA-CAAGACTAAGCAGGAA,0
SRA-CAAGACTAAGTCACTA,1
SRA-CAAGACTAATCCTGTA,1
SRA-CAAGACTAATTGAGGA,1
SRA-CAAGACTAATGCCTAA,5
SRA-CAAGACTACAACCACA,1
SRA-CAAGACTAGACTAGTA,1
SRA-CAAGACTACAATGGAA,1
SRA-CAAGACTACACTTCGA,5
SRA-CAAGACTACAGCGTTA,5
SRA-CAAGACTACATACCAA,1
SRA-CAAGACTACCAGTTCA,5
SRA-CAAGACTACCGAAGTA,1
SRA-CAAGACTACCGTGAGA,5
SRA-CAAGACTACCTCCTGA,5
SRA-CAAGACTAAGTGGTCA,5
SRA-CAAGACTACGAACTTA,5
SRA-CAAGACTACGACTGGA,5
SRA-CAAGACTACGCATACA,5
SRA-CAAGACTACTCAATGA,5
SRA-CAAGACTACTGAGCCA,8
SRA-CAAGACTACTGGCATA,8
SRA-CAAGACTAGAATCTGA,0
SRA-CAAGACTACAAGACTA,0
SRA-CAAGACTAGAGCTGAA,8
SRA-CAAGACTAGATAGACA,0
SRA-CAAGACTAACCACTGT,5
SRA-CAAGACTAGCCACATA,8
SRA-CAAGACTAACATTGGC,0
SRA-GAGCTGAAAACGTGAT,11
SRA-GAGCTGAAAGTACAAG,5
SRA-GAGCTGAAAACAACCA,5
SRA-GAGCTGAAAACCGAGA,11
SRA-GAGCTGAAAACGCTTA,6
SRA-GAGCTGAAAAGACGGA,0
SRA-GAGCTGAAACAGCAGA,8
SRA-GAGCTGAAAAACATCG,11
SRA-GAGCTGAAACCTCCAA,8
SRA-GAGCTGAAACGCTCGA,8
SRA-GAGCTGAAACGTATCA,8
SRA-GAGCTGAAACTATGCA,8
SRA-GAGCTGAAAGAGTCAA,8
SRA-GAGCTGAAAGATCGCA,0
SRA-GAGCTGAAAGCAGGAA,1
SRA-GAGCTGAAAGTCACTA,1
SRA-GAGCTGAAATCCTGTA,1
SRA-GAGCTGAAATTGAGGA,1
SRA-GAGCTGAAATGCCTAA,5
SRA-GAGCTGAACAACCACA,1
SRA-GAGCTGAAGACTAGTA,1
SRA-GAGCTGAACAATGGAA,1
SRA-GAGCTGAACACTTCGA,5
SRA-GAGCTGAACAGCGTTA,5
SRA-GAGCTGAACATACCAA,5
SRA-GAGCTGAACCAGTTCA,5
SRA-GAGCTGAACCGAAGTA,5
SRA-GAGCTGAACCGTGAGA,5
SRA-GAGCTGAACCTCCTGA,5
SRA-GAGCTGAAAGTGGTCA,5
SRA-GAGCTGAACGAACTTA,5
SRA-GAGCTGAACGACTGGA,0
SRA-GAGCTGAACGCATACA,5
SRA-GAGCTGAACTCAATGA,5
SRA-GAGCTGAACTGAGCCA,5
SRA-GAGCTGAACTGGCATA,8
SRA-GAGCTGAAGAATCTGA,0
SRA-GAGCTGAACAAGACTA,0
SRA-GAGCTGAAGAGCTGAA,8
SRA-GAGCTGAAGATAGACA,0
SRA-GAGCTGAAACCACTGT,5
SRA-GAGCTGAAGCCACATA,8
SRA-GAGCTGAAACATTGGC,5
SRA-GATAGACAAACGTGAT,11
SRA-GATAGACACTGTAGCC,0
SRA-GATAGACAAGTACAAG,5
SRA-GATAGACAAACAACCA,11
SRA-GATAGACAAACCGAGA,0
SRA-GATAGACAAACGCTTA,1
SRA-GATAGACAAAGACGGA,5
SRA-GATAGACAACAGCAGA,8
SRA-GATAGACAAAACATCG,11
SRA-GATAGACAACCTCCAA,8
SRA-GATAGACAACGCTCGA,8
SRA-GATAGACAACGTATCA,8
SRA-GATAGACAACTATGCA,8
SRA-GATAGACAAGAGTCAA,8
SRA-GATAGACAAGATCGCA,1
SRA-GATAGACAAGCAGGAA,1
SRA-GATAGACAAGTCACTA,1
SRA-GATAGACAATCCTGTA,1
SRA-GATAGACAATTGAGGA,1
SRA-GATAGACAATGCCTAA,11
SRA-GATAGACACAACCACA,1
SRA-GATAGACAGACTAGTA,1
SRA-GATAGACACAATGGAA,5
SRA-GATAGACACACTTCGA,5
SRA-GATAGACACCAGTTCA,1
SRA-GATAGACACCGAAGTA,5
SRA-GATAGACACCGTGAGA,8
SRA-GATAGACAAGTGGTCA,5
SRA-GATAGACACGCATACA,8
SRA-GATAGACACTCAATGA,5
SRA-GATAGACACTGAGCCA,5
SRA-GATAGACACTGGCATA,5
SRA-GATAGACAGAATCTGA,8
SRA-GATAGACACAAGACTA,8
SRA-GATAGACAGAGCTGAA,0
SRA-GATAGACAGATAGACA,8
SRA-GATAGACAACCACTGT,5
SRA-GATAGACAGCCACATA,0
SRA-GATAGACAACATTGGC,0
SRA-AGTGGTCAAAGGTACA,8
SRA-AGTGGTCAACACAGAA,8
SRA-AGTGGTCAACAGCAGA,8
SRA-AGTGGTCAACCTCCAA,10
SRA-AGTGGTCAACGCTCGA,6
SRA-AGTGGTCAACGTATCA,8
SRA-AGTGGTCAACTATGCA,8
SRA-AGTGGTCAAGAGTCAA,8
SRA-AGTGGTCAAGATCGCA,0
SRA-AGTGGTCAAGCAGGAA,8
SRA-AGTGGTCAAGTCACTA,10
SRA-AGTGGTCAATCCTGTA,2
SRA-AGTGGTCAATTGAGGA,6
SRA-AGTGGTCAATGCCTAA,3
SRA-AGTGGTCACAACCACA,6
SRA-AGTGGTCAGACTAGTA,6
SRA-AGTGGTCACAATGGAA,2
SRA-AGTGGTCACACTTCGA,4
SRA-AGTGGTCACAGCGTTA,2
SRA-AGTGGTCACATACCAA,2
SRA-AGTGGTCACCAGTTCA,7
SRA-AGTGGTCACCGAAGTA,7
SRA-AGTGGTCACCGTGAGA,7
SRA-AGTGGTCACCTCCTGA,7
SRA-AGTGGTCAAGTGGTCA,3
SRA-AGTGGTCACGAACTTA,0
SRA-AGTGGTCACGACTGGA,8
SRA-AGTGGTCACGCATACA,1
SRA-AGTGGTCACTCAATGA,6
SRA-AGTGGTCACTGAGCCA,2
SRA-AGTGGTCACTGGCATA,4
SRA-AGTGGTCAGAATCTGA,4
SRA-AGTGGTCACAAGACTA,8
SRA-AGTGGTCAGAGCTGAA,0
SRA-AGTGGTCAGATAGACA,0
SRA-AGTGGTCAACCACTGT,0
SRA-AGTGGTCAGCCACATA,1
SRA-GCCACATAAACGTGAT,3
SRA-GCCACATACTGTAGCC,5
SRA-GCCACATAAGTACAAG,5
SRA-GCCACATAAACAACCA,5
SRA-GCCACATAAACCGAGA,11
SRA-GCCACATAAACGCTTA,8
SRA-GCCACATAACACAGAA,8
SRA-GCCACATAACAGCAGA,8
SRA-GCCACATAAAACATCG,1
SRA-GCCACATAACCTCCAA,8
SRA-GCCACATAACGCTCGA,0
SRA-GCCACATAACGTATCA,1
SRA-GCCACATAACTATGCA,1
SRA-GCCACATAAGAGTCAA,1
SRA-GCCACATAAGATCGCA,1
SRA-GCCACATAAGCAGGAA,1
SRA-GCCACATAAGTCACTA,1
SRA-GCCACATAATCCTGTA,1
SRA-GCCACATAATTGAGGA,1
SRA-GCCACATAATGCCTAA,11
SRA-GCCACATACAACCACA,1
SRA-GCCACATAGACTAGTA,1
SRA-GCCACATACAATGGAA,5
SRA-GCCACATACACTTCGA,8
SRA-GCCACATAAGTGGTCA,11
SRA-GCCACATACTCAATGA,5
SRA-GCCACATACTGAGCCA,5
SRA-GCCACATACTGGCATA,5
SRA-GCCACATAGAATCTGA,8
SRA-GCCACATACAAGACTA,8
SRA-GCCACATAGAGCTGAA,0
SRA-GCCACATAGATAGACA,0
SRA-GCCACATAACCACTGT,5
SRA-GCCACATAGCCACATA,10
SRA-GCCACATAACATTGGC,5
SRA-GCCACATACAGATCTG,5
SRA-ACCACTGTAAGGTACA,3
SRA-ACCACTGTACACAGAA,8
SRA-ACCACTGTACAGCAGA,8
SRA-ACCACTGTACCTCCAA,0
SRA-ACCACTGTACGCTCGA,6
SRA-ACCACTGTACGTATCA,2
SRA-ACCACTGTACTATGCA,8
SRA-ACCACTGTAGAGTCAA,8
SRA-ACCACTGTAGATCGCA,8
SRA-ACCACTGTAGCAGGAA,0
SRA-ACCACTGTAGTCACTA,0
SRA-ACCACTGTATCCTGTA,9
SRA-ACCACTGTATTGAGGA,4
SRA-ACCACTGTCAACCACA,6
SRA-ACCACTGTGACTAGTA,4
SRA-ACCACTGTCAATGGAA,4
SRA-ACCACTGTCACTTCGA,4
SRA-ACCACTGTCAGCGTTA,2
SRA-ACCACTGTCATACCAA,7
SRA-ACCACTGTCCAGTTCA,7
SRA-ACCACTGTCCGAAGTA,7
SRA-ACCACTGTCCGTGAGA,7
SRA-ACCACTGTCCTCCTGA,7
SRA-ACCACTGTCGAACTTA,2
SRA-ACCACTGTCGACTGGA,1
SRA-ACCACTGTCGCATACA,1
SRA-ACCACTGTCTCAATGA,6
SRA-ACCACTGTCTGAGCCA,4
SRA-ACCACTGTCTGGCATA,4
SRA-ACCACTGTGAATCTGA,9
SRA-ACCACTGTCAAGACTA,0
SRA-ACCACTGTGAGCTGAA,0
SRA-ACCACTGTGATAGACA,5
SRA-ACCACTGTGCCACATA,1
SRA-ACATTGGCAAGGTACA,3
SRA-ACATTGGCACACAGAA,2
SRA-ACATTGGCACAGCAGA,8
SRA-ACATTGGCACCTCCAA,3
SRA-ACATTGGCACGCTCGA,0
SRA-ACATTGGCACGTATCA,6
SRA-ACATTGGCACTATGCA,2
SRA-ACATTGGCAGAGTCAA,0
SRA-ACATTGGCAGATCGCA,8
SRA-ACATTGGCAGCAGGAA,0
SRA-ACATTGGCAGTCACTA,2
SRA-ACATTGGCATCCTGTA,0
SRA-ACATTGGCATTGAGGA,2
SRA-ACATTGGCCAACCACA,6
SRA-ACATTGGCGACTAGTA,2
SRA-ACATTGGCCAATGGAA,4
SRA-ACATTGGCCACTTCGA,6
SRA-ACATTGGCCAGCGTTA,6
SRA-ACATTGGCCATACCAA,2
SRA-ACATTGGCCCAGTTCA,2
SRA-ACATTGGCCCGAAGTA,7
SRA-ACATTGGCCCGTGAGA,2
SRA-ACATTGGCCCTCCTGA,10
SRA-ACATTGGCCGAACTTA,1
SRA-ACATTGGCCGACTGGA,1
SRA-ACATTGGCCGCATACA,6
SRA-ACATTGGCCTCAATGA,9
SRA-ACATTGGCCTGAGCCA,4
SRA-ACATTGGCCTGGCATA,2
SRA-ACATTGGCGAATCTGA,8
SRA-ACATTGGCCAAGACTA,8
SRA-ACATTGGCGAGCTGAA,5
SRA-ACATTGGCGATAGACA,1
SRA-ACATTGGCGCCACATA,1
SRA-CAGATCTGAAGACGGA,3
SRA-CAGATCTGAAGGTACA,3
SRA-CAGATCTGACACAGAA,0
SRA-CAGATCTGACAGCAGA,5
SRA-CAGATCTGACCTCCAA,2
SRA-CAGATCTGACGCTCGA,6
SRA-CAGATCTGACGTATCA,2
SRA-CAGATCTGACTATGCA,6
SRA-CAGATCTGAGAGTCAA,6
SRA-CAGATCTGAGATCGCA,8
SRA-CAGATCTGAGCAGGAA,0
SRA-CAGATCTGAGTCACTA,0
SRA-CAGATCTGATCCTGTA,8
SRA-CAGATCTGATTGAGGA,0
SRA-CAGATCTGCAACCACA,2
SRA-CAGATCTGGACTAGTA,6
SRA-CAGATCTGCAATGGAA,2
SRA-CAGATCTGCACTTCGA,2
SRA-CAGATCTGCAGCGTTA,6
SRA-CAGATCTGCATACCAA,6
SRA-CAGATCTGCCAGTTCA,6
SRA-CAGATCTGCCGAAGTA,2
SRA-CAGATCTGCCGTGAGA,2
SRA-CAGATCTGCCTCCTGA,2
SRA-CAGATCTGCGAACTTA,1
SRA-CAGATCTGCGACTGGA,1
SRA-CAGATCTGCGCATACA,6
SRA-CAGATCTGCTCAATGA,4
SRA-CAGATCTGCTGAGCCA,4
SRA-CAGATCTGCTGGCATA,2
SRA-CAGATCTGGAATCTGA,8
SRA-CAGATCTGCAAGACTA,12
SRA-CAGATCTGGAGCTGAA,1
SRA-CAGATCTGGATAGACA,1
SRA-CAGATCTGGCCACATA,1
SRA-CATCAAGTAAGACGGA,3
SRA-CATCAAGTACACAGAA,3
SRA-CATCAAGTACAGCAGA,8
SRA-CATCAAGTACCTCCAA,2
SRA-CATCAAGTACGCTCGA,6
SRA-CATCAAGTACGTATCA,2
SRA-CATCAAGTACTATGCA,2
SRA-CATCAAGTAGAGTCAA,6
SRA-CATCAAGTAGATCGCA,6
SRA-CATCAAGTAGCAGGAA,2
SRA-CATCAAGTAGTCACTA,2
SRA-CATCAAGTATCCTGTA,8
SRA-CATCAAGTATTGAGGA,7
SRA-CATCAAGTCAACCACA,7
SRA-CATCAAGTGACTAGTA,7
SRA-CATCAAGTCAATGGAA,0
SRA-CATCAAGTCACTTCGA,4
SRA-CATCAAGTCAGCGTTA,4
SRA-CATCAAGTCATACCAA,4
SRA-CATCAAGTCCAGTTCA,1
SRA-CATCAAGTCCGAAGTA,2
SRA-CATCAAGTCCGTGAGA,10
SRA-CATCAAGTCCTCCTGA,2
SRA-CATCAAGTCGAACTTA,1
SRA-CATCAAGTCGACTGGA,6
SRA-CATCAAGTCGCATACA,6
SRA-CATCAAGTCTCAATGA,4
SRA-CATCAAGTCTGAGCCA,2
SRA-CATCAAGTCTGGCATA,8
SRA-CATCAAGTGAATCTGA,8
SRA-CATCAAGTCAAGACTA,0
SRA-CATCAAGTGAGCTGAA,1
SRA-CATCAAGTGATAGACA,1
SRA-CATCAAGTGCCACATA,1
SRA-CGCTGATCAAGACGGA,3
SRA-CGCTGATCACACAGAA,3
SRA-CGCTGATCACAGCAGA,0
SRA-CGCTGATCACCTCCAA,2
SRA-CGCTGATCACGCTCGA,6
SRA-CGCTGATCACGTATCA,6
SRA-CGCTGATCACTATGCA,6
SRA-CGCTGATCAGAGTCAA,2
SRA-CGCTGATCAGATCGCA,6
SRA-CGCTGATCAGCAGGAA,6
SRA-CGCTGATCAGTCACTA,2
SRA-CGCTGATCATCCTGTA,2
SRA-CGCTGATCATTGAGGA,10
SRA-CGCTGATCCAACCACA,2
SRA-CGCTGATCGACTAGTA,7
SRA-CGCTGATCCAATGGAA,7
SRA-CGCTGATCCACTTCGA,2
SRA-CGCTGATCCAGCGTTA,4
SRA-CGCTGATCCATACCAA,2
SRA-CGCTGATCCCAGTTCA,2
SRA-CGCTGATCCCGAAGTA,2
SRA-CGCTGATCCCGTGAGA,2
SRA-CGCTGATCCCTCCTGA,2
SRA-CGCTGATCCGAACTTA,1
SRA-CGCTGATCCGACTGGA,2
SRA-CGCTGATCCGCATACA,9
SRA-CGCTGATCCTCAATGA,4
SRA-CGCTGATCCTGAGCCA,9
SRA-CGCTGATCCTGGCATA,8
SRA-CGCTGATCGAATCTGA,0
SRA-CGCTGATCCAAGACTA,0
SRA-CGCTGATCGAGCTGAA,1
SRA-CGCTGATCGATAGACA,1
SRA-CGCTGATCGCCACATA,5
Mux4-ACAAGCTAACAAGCTA,4
Mux4-ACAAGCTACTGTAGCC,2
Mux4-ACAAGCTAAGTACAAG,2
Mux4-ACAAGCTAAACAACCA,0
Mux4-ACAAGCTAAACCGAGA,6
Mux4-ACAAGCTAAACGCTTA,9
Mux4-ACAAGCTAAAGACGGA,6
Mux4-ACAAGCTAAAGGTACA,6
Mux4-ACAAGCTAACACAGAA,9
Mux4-ACAAGCTAACAGCAGA,4
Mux4-ACAAGCTAAAACATCG,1
Mux4-ACAAGCTAACCTCCAA,6
Mux4-ACAAGCTAACGCTCGA,6
Mux4-ACAAGCTAACGTATCA,6
Mux4-ACAAGCTAACTATGCA,6
Mux4-ACAAGCTAAGAGTCAA,6
Mux4-ACAAGCTAAGATCGCA,6
Mux4-ACAAGCTAAGCAGGAA,6
Mux4-ACAAGCTAAGTCACTA,6
Mux4-ACAAGCTAATCCTGTA,6
Mux4-ACAAGCTAATTGAGGA,6
Mux4-ACAAGCTAATGCCTAA,5
Mux4-ACAAGCTACAACCACA,6
Mux4-ACAAGCTAGACTAGTA,3
Mux4-ACAAGCTACAATGGAA,3
Mux4-ACAAGCTACACTTCGA,3
Mux4-ACAAGCTACAGCGTTA,3
Mux4-ACAAGCTACATACCAA,3
Mux4-ACAAGCTACCAGTTCA,3
Mux4-ACAAGCTACCGAAGTA,6
Mux4-ACAAGCTACCGTGAGA,6
Mux4-ACAAGCTACCTCCTGA,6
Mux4-ACAAGCTAAGTGGTCA,1
Mux4-ACAAGCTACGAACTTA,6
Mux4-ACAAGCTACGACTGGA,6
Mux4-ACAAGCTACGCATACA,3
Mux4-ACAAGCTACTCAATGA,3
Mux4-ACAAGCTACTGAGCCA,3
Mux4-ACAAGCTACTGGCATA,3
Mux4-ACAAGCTAGAATCTGA,3
Mux4-ACAAGCTACAAGACTA,3
Mux4-ACAAGCTAGAGCTGAA,3
Mux4-ACAAGCTAGATAGACA,3
Mux4-ACAAGCTAACCACTGT,1
Mux4-ACAAGCTAGCCACATA,3
Mux4-ACAAGCTAACATTGGC,1
Mux4-ACAAGCTACAGATCTG,1
Mux4-ACAAGCTACATCAAGT,4
Mux4-ACAAGCTACGCTGATC,0
Mux4-CTGTAGCCAACGTGAT,1
Mux4-CTGTAGCCACAAGCTA,2
Mux4-CTGTAGCCCTGTAGCC,9
Mux4-CTGTAGCCAGTACAAG,9
Mux4-CTGTAGCCAACAACCA,6
Mux4-CTGTAGCCAACCGAGA,6
Mux4-CTGTAGCCAACGCTTA,6
Mux4-CTGTAGCCAAGACGGA,6
Mux4-CTGTAGCCAAGGTACA,6
Mux4-CTGTAGCCACACAGAA,4
Mux4-CTGTAGCCACAGCAGA,6
Mux4-CTGTAGCCAAACATCG,1
Mux4-CTGTAGCCACCTCCAA,6
Mux4-CTGTAGCCACGCTCGA,6
Mux4-CTGTAGCCACGTATCA,6
Mux4-CTGTAGCCACTATGCA,6
Mux4-CTGTAGCCAGAGTCAA,6
Mux4-CTGTAGCCAGATCGCA,6
Mux4-CTGTAGCCAGCAGGAA,6
Mux4-CTGTAGCCAGTCACTA,6
Mux4-CTGTAGCCATCCTGTA,6
Mux4-CTGTAGCCATTGAGGA,3
Mux4-CTGTAGCCATGCCTAA,1
Mux4-CTGTAGCCCAACCACA,3
Mux4-CTGTAGCCGACTAGTA,3
Mux4-CTGTAGCCCAATGGAA,4
Mux4-CTGTAGCCCACTTCGA,3
Mux4-CTGTAGCCCAGCGTTA,3
Mux4-CTGTAGCCCATACCAA,3
Mux4-CTGTAGCCCCAGTTCA,3
Mux4-CTGTAGCCCCGAAGTA,3
Mux4-CTGTAGCCCCGTGAGA,6
Mux4-CTGTAGCCCCTCCTGA,6
Mux4-CTGTAGCCAGTGGTCA,1
Mux4-CTGTAGCCCGAACTTA,6
Mux4-CTGTAGCCCGACTGGA,6
Mux4-CTGTAGCCCGCATACA,3
Mux4-CTGTAGCCCTCAATGA,3
Mux4-CTGTAGCCCTGAGCCA,3
Mux4-CTGTAGCCCTGGCATA,3
Mux4-CTGTAGCCGAATCTGA,3
Mux4-CTGTAGCCCAAGACTA,3
Mux4-CTGTAGCCGAGCTGAA,3
Mux4-CTGTAGCCGATAGACA,3
Mux4-CTGTAGCCACCACTGT,1
Mux4-CTGTAGCCGCCACATA,3
Mux4-CTGTAGCCACATTGGC,1
Mux4-CTGTAGCCCAGATCTG,1
Mux4-CTGTAGCCCATCAAGT,1
Mux4-CTGTAGCCCGCTGATC,1
Mux4-AGTACAAGAACGTGAT,1
Mux4-AGTACAAGACAAGCTA,4
Mux4-AGTACAAGCTGTAGCC,9
Mux4-AGTACAAGAGTACAAG,4
Mux4-AGTACAAGAACAACCA,2
Mux4-AGTACAAGAACCGAGA,4
Mux4-AGTACAAGAACGCTTA,4
Mux4-AGTACAAGAAGACGGA,6
Mux4-AGTACAAGAAGGTACA,4
Mux4-AGTACAAGACACAGAA,9
Mux4-AGTACAAGACAGCAGA,6
Mux4-AGTACAAGAAACATCG,1
Mux4-AGTACAAGACCTCCAA,6
Mux4-AGTACAAGACGCTCGA,2
Mux4-AGTACAAGACGTATCA,9
Mux4-AGTACAAGACTATGCA,6
Mux4-AGTACAAGAGAGTCAA,6
Mux4-AGTACAAGAGATCGCA,6
Mux4-AGTACAAGAGCAGGAA,6
Mux4-AGTACAAGAGTCACTA,6
Mux4-AGTACAAGATCCTGTA,6
Mux4-AGTACAAGATTGAGGA,3
Mux4-AGTACAAGATGCCTAA,1
Mux4-AGTACAAGCAACCACA,3
Mux4-AGTACAAGGACTAGTA,3
Mux4-AGTACAAGCAATGGAA,4
Mux4-AGTACAAGCACTTCGA,3
Mux4-AGTACAAGCAGCGTTA,3
Mux4-AGTACAAGCATACCAA,3
Mux4-AGTACAAGCCAGTTCA,3
Mux4-AGTACAAGCCGAAGTA,3
Mux4-AGTACAAGCCGTGAGA,3
Mux4-AGTACAAGCCTCCTGA,6
Mux4-AGTACAAGAGTGGTCA,1
Mux4-AGTACAAGCGAACTTA,6
Mux4-AGTACAAGCGACTGGA,6
Mux4-AGTACAAGCGCATACA,3
Mux4-AGTACAAGCTCAATGA,3
Mux4-AGTACAAGCTGAGCCA,3
Mux4-AGTACAAGCTGGCATA,3
Mux4-AGTACAAGGAATCTGA,3
Mux4-AGTACAAGCAAGACTA,3
Mux4-AGTACAAGGAGCTGAA,3
Mux4-AGTACAAGGATAGACA,3
Mux4-AGTACAAGACCACTGT,1
Mux4-AGTACAAGGCCACATA,3
Mux4-AGTACAAGACATTGGC,1
Mux4-AGTACAAGCAGATCTG,1
Mux4-AGTACAAGCATCAAGT,4
Mux4-AGTACAAGCGCTGATC,4
Mux4-AACAACCAAACGTGAT,1
Mux4-AACAACCAACAAGCTA,4
Mux4-AACAACCACTGTAGCC,4
Mux4-AACAACCAAGTACAAG,4
Mux4-AACAACCAAACAACCA,0
Mux4-AACAACCAAACCGAGA,2
Mux4-AACAACCAAACGCTTA,4
Mux4-AACAACCAAAGACGGA,6
Mux4-AACAACCAAAGGTACA,6
Mux4-AACAACCAACACAGAA,6
Mux4-AACAACCAACAGCAGA,6
Mux4-AACAACCAAAACATCG,1
Mux4-AACAACCAACCTCCAA,6
Mux4-AACAACCAACGCTCGA,0
Mux4-AACAACCAACGTATCA,0
Mux4-AACAACCAACTATGCA,0
Mux4-AACAACCAAGAGTCAA,0
Mux4-AACAACCAAGATCGCA,9
Mux4-AACAACCAAGCAGGAA,0
Mux4-AACAACCAAGTCACTA,0
Mux4-AACAACCAATCCTGTA,0
Mux4-AACAACCAATTGAGGA,3
Mux4-AACAACCAATGCCTAA,1
Mux4-AACAACCACAACCACA,9
Mux4-AACAACCAGACTAGTA,3
Mux4-AACAACCACAATGGAA,3
Mux4-AACAACCACACTTCGA,3
Mux4-AACAACCACAGCGTTA,3
Mux4-AACAACCACATACCAA,3
Mux4-AACAACCACCAGTTCA,3
Mux4-AACAACCACCGAAGTA,3
Mux4-AACAACCACCGTGAGA,3
Mux4-AACAACCACCTCCTGA,3
Mux4-AACAACCAAGTGGTCA,1
Mux4-AACAACCACGAACTTA,3
Mux4-AACAACCACGACTGGA,3
Mux4-AACAACCACGCATACA,3
Mux4-AACAACCACTGAGCCA,3
Mux4-AACAACCACTGGCATA,3
Mux4-AACAACCAGAATCTGA,3
Mux4-AACAACCACAAGACTA,3
Mux4-AACAACCAGAGCTGAA,3
Mux4-AACAACCAGATAGACA,3
Mux4-AACAACCAACCACTGT,1
Mux4-AACAACCAGCCACATA,3
Mux4-AACAACCAACATTGGC,1
Mux4-AACAACCACAGATCTG,1
Mux4-AACAACCACATCAAGT,4
Mux4-AACAACCACGCTGATC,4
Mux4-AACCGAGAAACGTGAT,1
Mux4-AACCGAGAACAAGCTA,4
Mux4-AACCGAGACTGTAGCC,4
Mux4-AACCGAGAAGTACAAG,4
Mux4-AACCGAGAAACAACCA,0
Mux4-AACCGAGAAACCGAGA,3
Mux4-AACCGAGAAACGCTTA,6
Mux4-AACCGAGAAAGACGGA,2
Mux4-AACCGAGAAAGGTACA,2
Mux4-AACCGAGAACACAGAA,6
Mux4-AACCGAGAACAGCAGA,2
Mux4-AACCGAGAAAACATCG,1
Mux4-AACCGAGAACCTCCAA,6
Mux4-AACCGAGAACGCTCGA,6
Mux4-AACCGAGAACGTATCA,6
Mux4-AACCGAGAACTATGCA,9
Mux4-AACCGAGAAGAGTCAA,2
Mux4-AACCGAGAAGATCGCA,0
Mux4-AACCGAGAAGCAGGAA,0
Mux4-AACCGAGAAGTCACTA,0
Mux4-AACCGAGAATCCTGTA,0
Mux4-AACCGAGAATTGAGGA,0
Mux4-AACCGAGAATGCCTAA,1
Mux4-AACCGAGACAACCACA,0
Mux4-AACCGAGAGACTAGTA,0
Mux4-AACCGAGACAATGGAA,3
Mux4-AACCGAGACACTTCGA,3
Mux4-AACCGAGACAGCGTTA,3
Mux4-AACCGAGACATACCAA,3
Mux4-AACCGAGACCAGTTCA,3
Mux4-AACCGAGACCGAAGTA,3
Mux4-AACCGAGACCGTGAGA,3
Mux4-AACCGAGACCTCCTGA,3
Mux4-AACCGAGAAGTGGTCA,1
Mux4-AACCGAGACGAACTTA,3
Mux4-AACCGAGACGACTGGA,6
Mux4-AACCGAGACGCATACA,3
Mux4-AACCGAGACTGAGCCA,2
Mux4-AACCGAGACTGGCATA,3
Mux4-AACCGAGAGAATCTGA,3
Mux4-AACCGAGACAAGACTA,3
Mux4-AACCGAGAGAGCTGAA,3
Mux4-AACCGAGAGATAGACA,3
Mux4-AACCGAGAACCACTGT,1
Mux4-AACCGAGAGCCACATA,3
Mux4-AACCGAGAACATTGGC,1
Mux4-AACCGAGACAGATCTG,1
Mux4-AACCGAGACATCAAGT,1
Mux4-AACCGAGACGCTGATC,4
Mux4-AACGCTTAAACGTGAT,1
Mux4-AACGCTTAACAAGCTA,4
Mux4-AACGCTTACTGTAGCC,4
Mux4-AACGCTTAAGTACAAG,4
Mux4-AACGCTTAAACAACCA,0
Mux4-AACGCTTAAACCGAGA,9
Mux4-AACGCTTAAACGCTTA,2
Mux4-AACGCTTAAAGACGGA,3
Mux4-AACGCTTAAAGGTACA,6
Mux4-AACGCTTAACACAGAA,2
Mux4-AACGCTTAACAGCAGA,3
Mux4-AACGCTTAAAACATCG,1
Mux4-AACGCTTAACCTCCAA,4
Mux4-AACGCTTAACGCTCGA,4
Mux4-AACGCTTAACGTATCA,2
Mux4-AACGCTTAACTATGCA,9
Mux4-AACGCTTAAGAGTCAA,0
Mux4-AACGCTTAAGATCGCA,0
Mux4-AACGCTTAAGCAGGAA,0
Mux4-AACGCTTAAGTCACTA,0
Mux4-AACGCTTAATCCTGTA,0
Mux4-AACGCTTAATTGAGGA,0
Mux4-AACGCTTAATGCCTAA,1
Mux4-AACGCTTACAACCACA,0
Mux4-AACGCTTAGACTAGTA,0
Mux4-AACGCTTACAATGGAA,0
Mux4-AACGCTTACACTTCGA,3
Mux4-AACGCTTACAGCGTTA,3
Mux4-AACGCTTACATACCAA,3
Mux4-AACGCTTACCAGTTCA,3
Mux4-AACGCTTACCGAAGTA,3
Mux4-AACGCTTACCGTGAGA,3
Mux4-AACGCTTACCTCCTGA,3
Mux4-AACGCTTAAGTGGTCA,11
Mux4-AACGCTTACGAACTTA,3
Mux4-AACGCTTACGACTGGA,3
Mux4-AACGCTTACGCATACA,3
Mux4-AACGCTTACTGGCATA,3
Mux4-AACGCTTAGAATCTGA,3
Mux4-AACGCTTACAAGACTA,3
Mux4-AACGCTTAGAGCTGAA,3
Mux4-AACGCTTAGATAGACA,3
Mux4-AACGCTTAACCACTGT,1
Mux4-AACGCTTAGCCACATA,3
Mux4-AACGCTTAACATTGGC,1
Mux4-AACGCTTACAGATCTG,1
Mux4-AACGCTTACATCAAGT,1
Mux4-AACGCTTACGCTGATC,4
Mux4-AAGACGGAAACGTGAT,1
Mux4-AAGACGGAACAAGCTA,1
Mux4-AAGACGGACTGTAGCC,4
Mux4-AAGACGGAAGTACAAG,4
Mux4-AAGACGGAAACAACCA,0
Mux4-AAGACGGAAACCGAGA,2
Mux4-AAGACGGAAACGCTTA,3
Mux4-AAGACGGAAAGACGGA,3
Mux4-AAGACGGAAAGGTACA,3
Mux4-AAGACGGAACACAGAA,6
Mux4-AAGACGGAACAGCAGA,4
Mux4-AAGACGGAAAACATCG,1
Mux4-AAGACGGAACCTCCAA,4
Mux4-AAGACGGAACGCTCGA,4
Mux4-AAGACGGAACGTATCA,4
Mux4-AAGACGGAACTATGCA,9
Mux4-AAGACGGAAGAGTCAA,0
Mux4-AAGACGGAAGATCGCA,0
Mux4-AAGACGGAAGCAGGAA,0
Mux4-AAGACGGAATCCTGTA,0
Mux4-AAGACGGAATTGAGGA,0
Mux4-AAGACGGAATGCCTAA,1
Mux4-AAGACGGACAACCACA,0
Mux4-AAGACGGAGACTAGTA,8
Mux4-AAGACGGACAATGGAA,0
Mux4-AAGACGGACACTTCGA,0
Mux4-AAGACGGACAGCGTTA,3
Mux4-AAGACGGACATACCAA,3
Mux4-AAGACGGACCAGTTCA,3
Mux4-AAGACGGACCGAAGTA,3
Mux4-AAGACGGACCGTGAGA,3
Mux4-AAGACGGACCTCCTGA,3
Mux4-AAGACGGAAGTGGTCA,1
Mux4-AAGACGGACGAACTTA,3
Mux4-AAGACGGACTCAATGA,9
Mux4-AAGACGGACTGAGCCA,3
Mux4-AAGACGGACTGGCATA,3
Mux4-AAGACGGAGAATCTGA,3
Mux4-AAGACGGACAAGACTA,3
Mux4-AAGACGGAGAGCTGAA,3
Mux4-AAGACGGAGATAGACA,3
Mux4-AAGACGGAACCACTGT,1
Mux4-AAGACGGAGCCACATA,3
Mux4-AAGACGGAACATTGGC,1
Mux4-AAGACGGACAGATCTG,1
Mux4-AAGACGGACATCAAGT,1
Mux4-AAGACGGACGCTGATC,4
Mux4-AAGGTACAAACGTGAT,1
Mux4-AAGGTACAACAAGCTA,4
Mux4-AAGGTACACTGTAGCC,4
Mux4-AAGGTACAAGTACAAG,4
Mux4-AAGGTACAAACAACCA,0
Mux4-AAGGTACAAACCGAGA,2
Mux4-AAGGTACAAACGCTTA,3
Mux4-AAGGTACAAAGACGGA,9
Mux4-AAGGTACAAAGGTACA,10
Mux4-AAGGTACAACACAGAA,2
Mux4-AAGGTACAACAGCAGA,6
Mux4-AAGGTACAAAACATCG,1
Mux4-AAGGTACAACCTCCAA,6
Mux4-AAGGTACAACGCTCGA,2
Mux4-AAGGTACAACGTATCA,9
Mux4-AAGGTACAACTATGCA,2
Mux4-AAGGTACAAGAGTCAA,8
Mux4-AAGGTACAAGATCGCA,0
Mux4-AAGGTACAAGCAGGAA,0
Mux4-AAGGTACAAGTCACTA,0
Mux4-AAGGTACAATCCTGTA,0
Mux4-AAGGTACAATTGAGGA,0
Mux4-AAGGTACAATGCCTAA,1
Mux4-AAGGTACACAACCACA,3
Mux4-AAGGTACAGACTAGTA,7
Mux4-AAGGTACACAATGGAA,9
Mux4-AAGGTACACACTTCGA,3
Mux4-AAGGTACACAGCGTTA,3
Mux4-AAGGTACACATACCAA,3
Mux4-AAGGTACACCAGTTCA,0
Mux4-AAGGTACACCGAAGTA,3
Mux4-AAGGTACACCGTGAGA,3
Mux4-AAGGTACACCTCCTGA,3
Mux4-AAGGTACAAGTGGTCA,1
Mux4-AAGGTACACGAACTTA,3
Mux4-AAGGTACACTGAGCCA,3
Mux4-AAGGTACACTGGCATA,3
Mux4-AAGGTACAGAATCTGA,3
Mux4-AAGGTACACAAGACTA,3
Mux4-AAGGTACAGAGCTGAA,3
Mux4-AAGGTACAGATAGACA,3
Mux4-AAGGTACAACCACTGT,1
Mux4-AAGGTACAACATTGGC,1
Mux4-AAGGTACACAGATCTG,1
Mux4-AAGGTACACATCAAGT,4
Mux4-AAGGTACACGCTGATC,4
Mux4-ACACAGAAAACGTGAT,1
Mux4-ACACAGAAACAAGCTA,4
Mux4-ACACAGAACTGTAGCC,4
Mux4-ACACAGAAAGTACAAG,4
Mux4-ACACAGAAAACAACCA,2
Mux4-ACACAGAAAACCGAGA,2
Mux4-ACACAGAAAACGCTTA,9
Mux4-ACACAGAAAAGACGGA,3
Mux4-ACACAGAAAAGGTACA,3
Mux4-ACACAGAAACACAGAA,2
Mux4-ACACAGAAACAGCAGA,6
Mux4-ACACAGAAAAACATCG,1
Mux4-ACACAGAAACCTCCAA,2
Mux4-ACACAGAAACGCTCGA,10
Mux4-ACACAGAAACGTATCA,2
Mux4-ACACAGAAACTATGCA,9
Mux4-ACACAGAAAGAGTCAA,8
Mux4-ACACAGAAAGATCGCA,0
Mux4-ACACAGAAAGCAGGAA,0
Mux4-ACACAGAAAGTCACTA,0
Mux4-ACACAGAAATCCTGTA,0
Mux4-ACACAGAAATTGAGGA,0
Mux4-ACACAGAAATGCCTAA,1
Mux4-ACACAGAACAACCACA,0
Mux4-ACACAGAAGACTAGTA,8
Mux4-ACACAGAACAATGGAA,0
Mux4-ACACAGAACACTTCGA,10
Mux4-ACACAGAACAGCGTTA,3
Mux4-ACACAGAACATACCAA,3
Mux4-ACACAGAACCAGTTCA,3
Mux4-ACACAGAACCGAAGTA,3
Mux4-ACACAGAACCGTGAGA,3
Mux4-ACACAGAAAGTGGTCA,1
Mux4-ACACAGAAACCACTGT,1
Mux4-ACACAGAAACATTGGC,1
Mux4-ACACAGAACAGATCTG,1
Mux4-ACACAGAACATCAAGT,1
Mux4-ACACAGAACGCTGATC,4
Mux4-ACAGCAGAAACGTGAT,1
Mux4-ACAGCAGAACAAGCTA,4
Mux4-ACAGCAGACTGTAGCC,4
Mux4-ACAGCAGAAGTACAAG,4
Mux4-ACAGCAGAAACAACCA,3
Mux4-ACAGCAGAAACCGAGA,10
Mux4-ACAGCAGAAACGCTTA,2
Mux4-ACAGCAGAAAGACGGA,2
Mux4-ACAGCAGAAAGGTACA,2
Mux4-ACAGCAGAACACAGAA,2
Mux4-ACAGCAGAACAGCAGA,2
Mux4-ACAGCAGAAAACATCG,1
Mux4-ACAGCAGAACCTCCAA,0
Mux4-ACAGCAGAACGCTCGA,2
Mux4-ACAGCAGAAGCAGGAA,8
Mux4-ACAGCAGAAGTCACTA,0
Mux4-ACAGCAGAATCCTGTA,0
Mux4-ACAGCAGAATTGAGGA,0
Mux4-ACAGCAGAATGCCTAA,1
Mux4-ACAGCAGACAACCACA,0
Mux4-ACAGCAGAGACTAGTA,0
Mux4-ACAGCAGACAATGGAA,0
Mux4-ACAGCAGACACTTCGA,2
Mux4-ACAGCAGACAGCGTTA,2
Mux4-ACAGCAGACATACCAA,7
Mux4-ACAGCAGACCGAAGTA,3
Mux4-ACAGCAGAAGTGGTCA,1
Mux4-ACAGCAGAACCACTGT,1
Mux4-ACAGCAGAACATTGGC,1
Mux4-ACAGCAGACAGATCTG,1
Mux4-ACAGCAGACATCAAGT,1
Mux4-ACAGCAGACGCTGATC,4
Mux4-AACGTGATAACGTGAT,5
Mux4-AACGTGATACAAGCTA,5
Mux4-AACGTGATCTGTAGCC,8
Mux4-AACGTGATAGTACAAG,0
Mux4-AACGTGATAACAACCA,0
Mux4-AACGTGATAACCGAGA,5
Mux4-AACGTGATAACGCTTA,5
Mux4-AACGTGATAAGACGGA,5
Mux4-AACGTGATAAGGTACA,2
Mux4-AACGTGATACACAGAA,0
Mux4-AACGTGATACAGCAGA,1
Mux4-AACGTGATAAACATCG,5
Mux4-AACGTGATACCTCCAA,0
Mux4-AACGTGATACGCTCGA,4
Mux4-AACGTGATACGTATCA,2
Mux4-AACGTGATACTATGCA,0
Mux4-AACGTGATAGAGTCAA,0
Mux4-AACGTGATAGATCGCA,5
Mux4-AACGTGATAGCAGGAA,5
Mux4-AACGTGATAGTCACTA,6
Mux4-AACGTGATATCCTGTA,5
Mux4-AACGTGATATTGAGGA,6
Mux4-AACGTGATATGCCTAA,5
Mux4-AACGTGATCAACCACA,6
Mux4-AACGTGATGACTAGTA,6
Mux4-AACGTGATCAATGGAA,6
Mux4-AACGTGATCACTTCGA,6
Mux4-AACGTGATCAGCGTTA,6
Mux4-AACGTGATCATACCAA,4
Mux4-AACGTGATCCAGTTCA,9
Mux4-AACGTGATCCGAAGTA,4
Mux4-AACGTGATCCGTGAGA,4
Mux4-AACGTGATCCTCCTGA,4
Mux4-AACGTGATAGTGGTCA,1
Mux4-AACGTGATCGAACTTA,4
Mux4-AACGTGATCGACTGGA,4
Mux4-AACGTGATCGCATACA,4
Mux4-AACGTGATCTCAATGA,4
Mux4-AACGTGATCTGAGCCA,4
Mux4-AACGTGATCTGGCATA,4
Mux4-AACGTGATGAATCTGA,9
Mux4-AACGTGATCAAGACTA,9
Mux4-AACGTGATGAGCTGAA,9
Mux4-AACGTGATGATAGACA,9
Mux4-AACGTGATACCACTGT,0
Mux4-AACGTGATGCCACATA,9
Mux4-AACGTGATACATTGGC,5
Mux4-AACGTGATCAGATCTG,0
Mux4-AACGTGATCATCAAGT,1
Mux4-AACGTGATCGCTGATC,0
Mux4-ACCTCCAAAACGTGAT,1
Mux4-ACCTCCAAACAAGCTA,9
Mux4-ACCTCCAACTGTAGCC,4
Mux4-ACCTCCAAAGTACAAG,9
Mux4-ACCTCCAAAACAACCA,0
Mux4-ACCTCCAAAACCGAGA,9
Mux4-ACCTCCAAAACGCTTA,7
Mux4-ACCTCCAAAAGACGGA,2
Mux4-ACCTCCAAAAGGTACA,10
Mux4-ACCTCCAAACACAGAA,7
Mux4-ACCTCCAAAAACATCG,1
Mux4-ACCTCCAAATTGAGGA,8
Mux4-ACCTCCAAATGCCTAA,1
Mux4-ACCTCCAACAACCACA,0
Mux4-ACCTCCAAGACTAGTA,0
Mux4-ACCTCCAACAATGGAA,0
Mux4-ACCTCCAACACTTCGA,0
Mux4-ACCTCCAACATACCAA,3
Mux4-ACCTCCAACCAGTTCA,2
Mux4-ACCTCCAAAGTGGTCA,1
Mux4-ACCTCCAAACCACTGT,1
Mux4-ACCTCCAAACATTGGC,1
Mux4-ACCTCCAACAGATCTG,1
Mux4-ACCTCCAACATCAAGT,1
Mux4-ACCTCCAACGCTGATC,4
Mux4-ACGCTCGAAACGTGAT,1
Mux4-ACGCTCGAACAAGCTA,4
Mux4-ACGCTCGACTGTAGCC,4
Mux4-ACGCTCGAAGTACAAG,2
Mux4-ACGCTCGAAACAACCA,8
Mux4-ACGCTCGAAACCGAGA,2
Mux4-ACGCTCGAAACGCTTA,2
Mux4-ACGCTCGAAAGACGGA,9
Mux4-ACGCTCGAAAGGTACA,2
Mux4-ACGCTCGAACACAGAA,2
Mux4-ACGCTCGAAAACATCG,1
Mux4-ACGCTCGAACGCTCGA,2
Mux4-ACGCTCGAACGTATCA,2
Mux4-ACGCTCGAACTATGCA,8
Mux4-ACGCTCGAAGAGTCAA,8
Mux4-ACGCTCGAATGCCTAA,1
Mux4-ACGCTCGAGACTAGTA,2
Mux4-ACGCTCGACAATGGAA,0
Mux4-ACGCTCGACACTTCGA,0
Mux4-ACGCTCGACAGCGTTA,3
Mux4-ACGCTCGACATACCAA,3
Mux4-ACGCTCGAAGTGGTCA,1
Mux4-ACGCTCGAACCACTGT,1
Mux4-ACGCTCGAACATTGGC,1
Mux4-ACGCTCGACAGATCTG,1
Mux4-ACGCTCGACATCAAGT,1
Mux4-ACGCTCGACGCTGATC,4
Mux4-ACGTATCAAACGTGAT,1
Mux4-ACGTATCAACAAGCTA,4
Mux4-ACGTATCACTGTAGCC,4
Mux4-ACGTATCAAGTACAAG,4
Mux4-ACGTATCAAACAACCA,4
Mux4-ACGTATCAAACCGAGA,2
Mux4-ACGTATCAAACGCTTA,4
Mux4-ACGTATCAAAGACGGA,4
Mux4-ACGTATCAAAGGTACA,10
Mux4-ACGTATCAACACAGAA,0
Mux4-ACGTATCAACAGCAGA,2
Mux4-ACGTATCAAAACATCG,1
Mux4-ACGTATCAACGCTCGA,0
Mux4-ACGTATCAACGTATCA,8
Mux4-ACGTATCAACTATGCA,2
Mux4-ACGTATCAAGAGTCAA,2
Mux4-ACGTATCAAGATCGCA,10
Mux4-ACGTATCAAGCAGGAA,0
Mux4-ACGTATCAATGCCTAA,1
Mux4-ACGTATCACACTTCGA,0
Mux4-ACGTATCACAGCGTTA,0
Mux4-ACGTATCACATACCAA,2
Mux4-ACGTATCAAGTGGTCA,1
Mux4-ACGTATCAACCACTGT,1
Mux4-ACGTATCAACATTGGC,1
Mux4-ACGTATCACAGATCTG,1
Mux4-ACGTATCACATCAAGT,4
Mux4-ACGTATCACGCTGATC,4
Mux4-ACTATGCAAACGTGAT,1
Mux4-ACTATGCAACAAGCTA,1
Mux4-ACTATGCACTGTAGCC,4
Mux4-ACTATGCAAGTACAAG,4
Mux4-ACTATGCAAACAACCA,4
Mux4-ACTATGCAAACGCTTA,4
Mux4-ACTATGCAAAGACGGA,4
Mux4-ACTATGCAAAGGTACA,4
Mux4-ACTATGCAACACAGAA,4
Mux4-ACTATGCAACAGCAGA,9
Mux4-ACTATGCAAAACATCG,1
Mux4-ACTATGCAACCTCCAA,2
Mux4-ACTATGCAACGCTCGA,2
Mux4-ACTATGCAACGTATCA,2
Mux4-ACTATGCAACTATGCA,0
Mux4-ACTATGCAAGAGTCAA,0
Mux4-ACTATGCAAGCAGGAA,10
Mux4-ACTATGCAAGTCACTA,10
Mux4-ACTATGCAATCCTGTA,10
Mux4-ACTATGCAATTGAGGA,10
Mux4-ACTATGCAATGCCTAA,1
Mux4-ACTATGCACAACCACA,10
Mux4-ACTATGCAGACTAGTA,10
Mux4-ACTATGCACAATGGAA,2
Mux4-ACTATGCACAGCGTTA,10
Mux4-ACTATGCACATACCAA,8
Mux4-ACTATGCACCAGTTCA,2
Mux4-ACTATGCAAGTGGTCA,1
Mux4-ACTATGCAACCACTGT,1
Mux4-ACTATGCAACATTGGC,1
Mux4-ACTATGCACAGATCTG,1
Mux4-ACTATGCACATCAAGT,1
Mux4-ACTATGCACGCTGATC,0
Mux4-AGAGTCAAAACGTGAT,1
Mux4-AGAGTCAAACAAGCTA,4
Mux4-AGAGTCAACTGTAGCC,3
Mux4-AGAGTCAAAGTACAAG,0
Mux4-AGAGTCAAAACCGAGA,4
Mux4-AGAGTCAAAACGCTTA,4
Mux4-AGAGTCAAAAGACGGA,3
Mux4-AGAGTCAAAAGGTACA,4
Mux4-AGAGTCAAACACAGAA,0
Mux4-AGAGTCAAACAGCAGA,9
Mux4-AGAGTCAAAAACATCG,1
Mux4-AGAGTCAAACCTCCAA,9
Mux4-AGAGTCAAACGCTCGA,2
Mux4-AGAGTCAAAGATCGCA,10
Mux4-AGAGTCAAAGCAGGAA,10
Mux4-AGAGTCAAAGTCACTA,10
Mux4-AGAGTCAAATCCTGTA,10
Mux4-AGAGTCAAATTGAGGA,10
Mux4-AGAGTCAAATGCCTAA,1
Mux4-AGAGTCAACAACCACA,10
Mux4-AGAGTCAAGACTAGTA,10
Mux4-AGAGTCAACAATGGAA,10
Mux4-AGAGTCAACACTTCGA,10
Mux4-AGAGTCAACATACCAA,10
Mux4-AGAGTCAACCAGTTCA,2
Mux4-AGAGTCAACCGAAGTA,3
Mux4-AGAGTCAAAGTGGTCA,1
Mux4-AGAGTCAAACCACTGT,1
Mux4-AGAGTCAAACATTGGC,1
Mux4-AGAGTCAACAGATCTG,4
Mux4-AGAGTCAACATCAAGT,1
Mux4-AGAGTCAACGCTGATC,4
Mux4-AGATCGCAAACGTGAT,1
Mux4-AGATCGCAACAAGCTA,1
Mux4-AGATCGCACTGTAGCC,5
Mux4-AGATCGCAAACAACCA,4
Mux4-AGATCGCAAACCGAGA,4
Mux4-AGATCGCAAACGCTTA,4
Mux4-AGATCGCAAAGACGGA,4
Mux4-AGATCGCAAAGGTACA,4
Mux4-AGATCGCAACAGCAGA,2
Mux4-AGATCGCAAAACATCG,1
Mux4-AGATCGCAACCTCCAA,2
Mux4-AGATCGCAACGCTCGA,7
Mux4-AGATCGCAACGTATCA,10
Mux4-AGATCGCAACTATGCA,2
Mux4-AGATCGCAAGAGTCAA,2
Mux4-AGATCGCAAGATCGCA,10
Mux4-AGATCGCAAGCAGGAA,10
Mux4-AGATCGCAAGTCACTA,10
Mux4-AGATCGCAATCCTGTA,7
Mux4-AGATCGCAATTGAGGA,10
Mux4-AGATCGCAATGCCTAA,1
Mux4-AGATCGCACAACCACA,10
Mux4-AGATCGCAGACTAGTA,10
Mux4-AGATCGCACAATGGAA,10
Mux4-AGATCGCACACTTCGA,10
Mux4-AGATCGCACAGCGTTA,10
Mux4-AGATCGCACATACCAA,2
Mux4-AGATCGCACCAGTTCA,2
Mux4-AGATCGCACCGAAGTA,2
Mux4-AGATCGCACCGTGAGA,2
Mux4-AGATCGCAAGTGGTCA,1
Mux4-AGATCGCAACCACTGT,1
Mux4-AGATCGCAACATTGGC,1
Mux4-AGATCGCACAGATCTG,1
Mux4-AGATCGCACATCAAGT,1
Mux4-AGATCGCACGCTGATC,1
Mux4-AGCAGGAAAACGTGAT,1
Mux4-AGCAGGAAACAAGCTA,4
Mux4-AGCAGGAACTGTAGCC,4
Mux4-AGCAGGAAAACAACCA,0
Mux4-AGCAGGAAAACCGAGA,9
Mux4-AGCAGGAAAACGCTTA,9
Mux4-AGCAGGAAAAGACGGA,4
Mux4-AGCAGGAAAAGGTACA,4
Mux4-AGCAGGAAACACAGAA,4
Mux4-AGCAGGAAAAACATCG,1
Mux4-AGCAGGAAACCTCCAA,7
Mux4-AGCAGGAAACGCTCGA,7
Mux4-AGCAGGAAACGTATCA,7
Mux4-AGCAGGAAACTATGCA,10
Mux4-AGCAGGAAAGAGTCAA,10
Mux4-AGCAGGAAAGATCGCA,10
Mux4-AGCAGGAAAGCAGGAA,10
Mux4-AGCAGGAAAGTCACTA,10
Mux4-AGCAGGAAATCCTGTA,10
Mux4-AGCAGGAAATTGAGGA,10
Mux4-AGCAGGAAATGCCTAA,1
Mux4-AGCAGGAAGACTAGTA,2
Mux4-AGCAGGAACAATGGAA,2
Mux4-AGCAGGAACACTTCGA,10
Mux4-AGCAGGAACAGCGTTA,10
Mux4-AGCAGGAACATACCAA,3
Mux4-AGCAGGAACCAGTTCA,10
Mux4-AGCAGGAACCGAAGTA,3
Mux4-AGCAGGAACCGTGAGA,2
Mux4-AGCAGGAACCTCCTGA,2
Mux4-AGCAGGAAAGTGGTCA,1
Mux4-AGCAGGAAACCACTGT,1
Mux4-AGCAGGAAACATTGGC,4
Mux4-AGCAGGAACAGATCTG,1
Mux4-AGCAGGAACATCAAGT,1
Mux4-AGCAGGAACGCTGATC,4
Mux4-AGTCACTAAACGTGAT,1
Mux4-AGTCACTAACAAGCTA,4
Mux4-AGTCACTAAACAACCA,0
Mux4-AGTCACTAAACCGAGA,0
Mux4-AGTCACTAAACGCTTA,4
Mux4-AGTCACTAAAGACGGA,4
Mux4-AGTCACTAAAGGTACA,4
Mux4-AGTCACTAACAGCAGA,2
Mux4-AGTCACTAAAACATCG,1
Mux4-AGTCACTAACCTCCAA,2
Mux4-AGTCACTAACTATGCA,2
Mux4-AGTCACTAAGAGTCAA,10
Mux4-AGTCACTAAGATCGCA,10
Mux4-AGTCACTAAGCAGGAA,10
Mux4-AGTCACTAATGCCTAA,1
Mux4-AGTCACTACAACCACA,10
Mux4-AGTCACTAGACTAGTA,10
Mux4-AGTCACTACAATGGAA,10
Mux4-AGTCACTACACTTCGA,10
Mux4-AGTCACTACAGCGTTA,10
Mux4-AGTCACTACATACCAA,10
Mux4-AGTCACTACCAGTTCA,10
Mux4-AGTCACTACCGTGAGA,2
Mux4-AGTCACTACCTCCTGA,2
Mux4-AGTCACTAAGTGGTCA,1
Mux4-AGTCACTAACCACTGT,1
Mux4-AGTCACTAACATTGGC,1
Mux4-AGTCACTACAGATCTG,1
Mux4-AGTCACTACATCAAGT,4
Mux4-AGTCACTACGCTGATC,4
Mux4-ATCCTGTAAACGTGAT,1
Mux4-ATCCTGTAACAAGCTA,4
Mux4-ATCCTGTAAACAACCA,0
Mux4-ATCCTGTAAACCGAGA,0
Mux4-ATCCTGTAAACGCTTA,10
Mux4-ATCCTGTAAAGACGGA,2
Mux4-ATCCTGTAAAACATCG,1
Mux4-ATCCTGTAACGTATCA,2
Mux4-ATCCTGTAACTATGCA,10
Mux4-ATCCTGTAAGAGTCAA,10
Mux4-ATCCTGTAAGATCGCA,10
Mux4-ATCCTGTAAGCAGGAA,10
Mux4-ATCCTGTAAGTCACTA,10
Mux4-ATCCTGTAATTGAGGA,10
Mux4-ATCCTGTAATGCCTAA,1
Mux4-ATCCTGTACAACCACA,10
Mux4-ATCCTGTAGACTAGTA,10
Mux4-ATCCTGTACAATGGAA,10
Mux4-ATCCTGTACACTTCGA,10
Mux4-ATCCTGTACAGCGTTA,10
Mux4-ATCCTGTACATACCAA,10
Mux4-ATCCTGTACCAGTTCA,10
Mux4-ATCCTGTACCTCCTGA,2
Mux4-ATCCTGTAAGTGGTCA,1
Mux4-ATCCTGTACGAACTTA,2
Mux4-ATCCTGTAACCACTGT,1
Mux4-ATCCTGTAACATTGGC,4
Mux4-ATCCTGTACAGATCTG,4
Mux4-ATCCTGTACATCAAGT,4
Mux4-ATCCTGTACGCTGATC,4
Mux4-ATTGAGGAAACGTGAT,1
Mux4-ATTGAGGAACAAGCTA,4
Mux4-ATTGAGGAAACAACCA,0
Mux4-ATTGAGGAAACCGAGA,4
Mux4-ATTGAGGAAACGCTTA,9
Mux4-ATTGAGGAAAGACGGA,1
Mux4-ATTGAGGAAAGGTACA,10
Mux4-ATTGAGGAACAGCAGA,10
Mux4-ATTGAGGAAAACATCG,1
Mux4-ATTGAGGAACCTCCAA,10
Mux4-ATTGAGGAACGCTCGA,10
Mux4-ATTGAGGAACGTATCA,0
Mux4-ATTGAGGAACTATGCA,2
Mux4-ATTGAGGAAGAGTCAA,10
Mux4-ATTGAGGAAGATCGCA,10
Mux4-ATTGAGGAAGCAGGAA,10
Mux4-ATTGAGGAAGTCACTA,10
Mux4-ATTGAGGAATCCTGTA,10
Mux4-ATTGAGGAATTGAGGA,10
Mux4-ATTGAGGAATGCCTAA,1
Mux4-ATTGAGGACAACCACA,10
Mux4-ATTGAGGAGACTAGTA,10
Mux4-ATTGAGGACAATGGAA,10
Mux4-ATTGAGGACACTTCGA,10
Mux4-ATTGAGGACAGCGTTA,10
Mux4-ATTGAGGACATACCAA,10
Mux4-ATTGAGGACCAGTTCA,10
Mux4-ATTGAGGAAGTGGTCA,1
Mux4-ATTGAGGACGAACTTA,2
Mux4-ATTGAGGACGACTGGA,2
Mux4-ATTGAGGAACCACTGT,4
Mux4-ATTGAGGAACATTGGC,4
Mux4-ATTGAGGACAGATCTG,4
Mux4-ATTGAGGACATCAAGT,4
Mux4-ATTGAGGACGCTGATC,4
Mux4-AAACATCGAACGTGAT,5
Mux4-AAACATCGACAAGCTA,1
Mux4-AAACATCGCTGTAGCC,9
Mux4-AAACATCGAGTACAAG,0
Mux4-AAACATCGAACAACCA,0
Mux4-AAACATCGAACCGAGA,0
Mux4-AAACATCGAACGCTTA,5
Mux4-AAACATCGAAGACGGA,4
Mux4-AAACATCGAAGGTACA,9
Mux4-AAACATCGACACAGAA,1
Mux4-AAACATCGACAGCAGA,0
Mux4-AAACATCGAAACATCG,5
Mux4-AAACATCGACCTCCAA,0
Mux4-AAACATCGACGCTCGA,0
Mux4-AAACATCGACGTATCA,3
Mux4-AAACATCGACTATGCA,6
Mux4-AAACATCGAGAGTCAA,6
Mux4-AAACATCGAGATCGCA,6
Mux4-AAACATCGAGCAGGAA,6
Mux4-AAACATCGAGTCACTA,6
Mux4-AAACATCGATCCTGTA,6
Mux4-AAACATCGATTGAGGA,6
Mux4-AAACATCGATGCCTAA,1
Mux4-AAACATCGCAACCACA,6
Mux4-AAACATCGGACTAGTA,6
Mux4-AAACATCGCAATGGAA,6
Mux4-AAACATCGCACTTCGA,6
Mux4-AAACATCGCAGCGTTA,6
Mux4-AAACATCGCATACCAA,6
Mux4-AAACATCGCCAGTTCA,6
Mux4-AAACATCGCCGAAGTA,6
Mux4-AAACATCGCCGTGAGA,9
Mux4-AAACATCGCCTCCTGA,9
Mux4-AAACATCGAGTGGTCA,1
Mux4-AAACATCGCGAACTTA,9
Mux4-AAACATCGCGACTGGA,4
Mux4-AAACATCGCGCATACA,4
Mux4-AAACATCGCTCAATGA,4
Mux4-AAACATCGCTGAGCCA,4
Mux4-AAACATCGCTGGCATA,4
Mux4-AAACATCGGAATCTGA,9
Mux4-AAACATCGCAAGACTA,9
Mux4-AAACATCGGAGCTGAA,9
Mux4-AAACATCGGATAGACA,9
Mux4-AAACATCGACCACTGT,5
Mux4-AAACATCGGCCACATA,9
Mux4-AAACATCGACATTGGC,1
Mux4-AAACATCGCAGATCTG,1
Mux4-AAACATCGCATCAAGT,1
Mux4-AAACATCGCGCTGATC,0
Mux4-CAACCACAAACGTGAT,5
Mux4-CAACCACAACAAGCTA,4
Mux4-CAACCACAAACAACCA,4
Mux4-CAACCACAAACCGAGA,1
Mux4-CAACCACAAACGCTTA,4
Mux4-CAACCACAAAGACGGA,10
Mux4-CAACCACAAAGGTACA,2
Mux4-CAACCACAACAGCAGA,10
Mux4-CAACCACAAAACATCG,5
Mux4-CAACCACAACCTCCAA,2
Mux4-CAACCACAACGCTCGA,10
Mux4-CAACCACAACGTATCA,10
Mux4-CAACCACAACTATGCA,10
Mux4-CAACCACAAGAGTCAA,10
Mux4-CAACCACAAGATCGCA,10
Mux4-CAACCACAAGCAGGAA,10
Mux4-CAACCACAAGTCACTA,10
Mux4-CAACCACAATCCTGTA,10
Mux4-CAACCACAATTGAGGA,10
Mux4-CAACCACAATGCCTAA,5
Mux4-CAACCACACAACCACA,10
Mux4-CAACCACAGACTAGTA,10
Mux4-CAACCACACAATGGAA,10
Mux4-CAACCACACACTTCGA,10
Mux4-CAACCACACAGCGTTA,10
Mux4-CAACCACACATACCAA,10
Mux4-CAACCACACCAGTTCA,10
Mux4-CAACCACAAGTGGTCA,1
Mux4-CAACCACACGACTGGA,2
Mux4-CAACCACACGCATACA,2
Mux4-CAACCACAACCACTGT,4
Mux4-CAACCACAACATTGGC,4
Mux4-CAACCACACAGATCTG,4
Mux4-CAACCACACATCAAGT,4
Mux4-GACTAGTAAACGTGAT,5
Mux4-GACTAGTAACAAGCTA,4
Mux4-GACTAGTAAACAACCA,4
Mux4-GACTAGTAAACCGAGA,0
Mux4-GACTAGTAAACGCTTA,9
Mux4-GACTAGTAAAGACGGA,0
Mux4-GACTAGTAAAGGTACA,2
Mux4-GACTAGTAACACAGAA,10
Mux4-GACTAGTAACAGCAGA,2
Mux4-GACTAGTAAAACATCG,5
Mux4-GACTAGTAACCTCCAA,10
Mux4-GACTAGTAACGCTCGA,9
Mux4-GACTAGTAACGTATCA,8
Mux4-GACTAGTAACTATGCA,10
Mux4-GACTAGTAAGAGTCAA,10
Mux4-GACTAGTAAGATCGCA,10
Mux4-GACTAGTAAGCAGGAA,10
Mux4-GACTAGTAAGTCACTA,10
Mux4-GACTAGTAATCCTGTA,10
Mux4-GACTAGTAATTGAGGA,10
Mux4-GACTAGTAATGCCTAA,5
Mux4-GACTAGTACAACCACA,10
Mux4-GACTAGTAGACTAGTA,10
Mux4-GACTAGTACAATGGAA,10
Mux4-GACTAGTACACTTCGA,10
Mux4-GACTAGTACAGCGTTA,10
Mux4-GACTAGTACATACCAA,10
Mux4-GACTAGTAAGTGGTCA,4
Mux4-GACTAGTACGCATACA,7
Mux4-GACTAGTACTCAATGA,2
Mux4-GACTAGTAACCACTGT,4
Mux4-GACTAGTAACATTGGC,4
Mux4-GACTAGTACAGATCTG,4
Mux4-GACTAGTACATCAAGT,4
Mux4-GACTAGTACGCTGATC,4
Mux4-CAATGGAAAACGTGAT,5
Mux4-CAATGGAAACAAGCTA,4
Mux4-CAATGGAAAACAACCA,4
Mux4-CAATGGAAAACCGAGA,9
Mux4-CAATGGAAAACGCTTA,0
Mux4-CAATGGAAAAGACGGA,0
Mux4-CAATGGAAAAGGTACA,5
Mux4-CAATGGAAACACAGAA,9
Mux4-CAATGGAAACAGCAGA,2
Mux4-CAATGGAAAAACATCG,5
Mux4-CAATGGAAACCTCCAA,9
Mux4-CAATGGAAACTATGCA,0
Mux4-CAATGGAAAGAGTCAA,0
Mux4-CAATGGAAAGATCGCA,0
Mux4-CAATGGAAAGCAGGAA,0
Mux4-CAATGGAAAGTCACTA,10
Mux4-CAATGGAAATCCTGTA,7
Mux4-CAATGGAAATTGAGGA,10
Mux4-CAATGGAAATGCCTAA,5
Mux4-CAATGGAACAACCACA,10
Mux4-CAATGGAAGACTAGTA,7
Mux4-CAATGGAACAATGGAA,7
Mux4-CAATGGAACACTTCGA,7
Mux4-CAATGGAACCAGTTCA,7
Mux4-CAATGGAACCGAAGTA,7
Mux4-CAATGGAACCGTGAGA,7
Mux4-CAATGGAACCTCCTGA,7
Mux4-CAATGGAAAGTGGTCA,5
Mux4-CAATGGAACTCAATGA,7
Mux4-CAATGGAACTGAGCCA,2
Mux4-CAATGGAAACCACTGT,4
Mux4-CAATGGAAACATTGGC,4
Mux4-CAATGGAACAGATCTG,4
Mux4-CAATGGAACATCAAGT,4
Mux4-CAATGGAACGCTGATC,4
Mux4-CACTTCGAAACGTGAT,5
Mux4-CACTTCGAACAAGCTA,4
Mux4-CACTTCGAAACAACCA,4
Mux4-CACTTCGAAACCGAGA,3
Mux4-CACTTCGAAACGCTTA,9
Mux4-CACTTCGAAAGACGGA,2
Mux4-CACTTCGAAAGGTACA,0
Mux4-CACTTCGAACACAGAA,2
Mux4-CACTTCGAACAGCAGA,10
Mux4-CACTTCGAAAACATCG,5
Mux4-CACTTCGAACCTCCAA,0
Mux4-CACTTCGAACGCTCGA,0
Mux4-CACTTCGAACTATGCA,0
Mux4-CACTTCGAAGAGTCAA,0
Mux4-CACTTCGAAGTCACTA,7
Mux4-CACTTCGAATCCTGTA,7
Mux4-CACTTCGAATTGAGGA,7
Mux4-CACTTCGAATGCCTAA,4
Mux4-CACTTCGACAACCACA,7
Mux4-CACTTCGAGACTAGTA,7
Mux4-CACTTCGACAATGGAA,7
Mux4-CACTTCGACACTTCGA,7
Mux4-CACTTCGACAGCGTTA,7
Mux4-CACTTCGACATACCAA,7
Mux4-CACTTCGACCAGTTCA,7
Mux4-CACTTCGACCGAAGTA,7
Mux4-CACTTCGACCGTGAGA,7
Mux4-CACTTCGACCTCCTGA,7
Mux4-CACTTCGAAGTGGTCA,4
Mux4-CACTTCGACGAACTTA,7
Mux4-CACTTCGACGACTGGA,7
Mux4-CACTTCGACGCATACA,7
Mux4-CACTTCGACTGAGCCA,10
Mux4-CACTTCGAACCACTGT,4
Mux4-CACTTCGAACATTGGC,4
Mux4-CACTTCGACAGATCTG,4
Mux4-CACTTCGACATCAAGT,4
Mux4-CACTTCGACGCTGATC,4
Mux4-CAGCGTTAAACGTGAT,5
Mux4-CAGCGTTAACAAGCTA,4
Mux4-CAGCGTTAAACAACCA,4
Mux4-CAGCGTTAAACCGAGA,2
Mux4-CAGCGTTAAACGCTTA,2
Mux4-CAGCGTTAAAGACGGA,4
Mux4-CAGCGTTAAAGGTACA,2
Mux4-CAGCGTTAACACAGAA,2
Mux4-CAGCGTTAACAGCAGA,2
Mux4-CAGCGTTAAAACATCG,5
Mux4-CAGCGTTAACCTCCAA,2
Mux4-CAGCGTTAACGCTCGA,0
Mux4-CAGCGTTAACTATGCA,0
Mux4-CAGCGTTAAGAGTCAA,7
Mux4-CAGCGTTAAGATCGCA,0
Mux4-CAGCGTTAAGCAGGAA,7
Mux4-CAGCGTTAAGTCACTA,7
Mux4-CAGCGTTAATCCTGTA,7
Mux4-CAGCGTTAATTGAGGA,7
Mux4-CAGCGTTAATGCCTAA,4
Mux4-CAGCGTTACAACCACA,7
Mux4-CAGCGTTAGACTAGTA,7
Mux4-CAGCGTTACAATGGAA,7
Mux4-CAGCGTTACACTTCGA,7
Mux4-CAGCGTTACAGCGTTA,7
Mux4-CAGCGTTACATACCAA,7
Mux4-CAGCGTTACCAGTTCA,7
Mux4-CAGCGTTACCGAAGTA,7
Mux4-CAGCGTTACCGTGAGA,7
Mux4-CAGCGTTACCTCCTGA,7
Mux4-CAGCGTTAAGTGGTCA,4
Mux4-CAGCGTTACGAACTTA,7
Mux4-CAGCGTTACGACTGGA,7
Mux4-CAGCGTTACGCATACA,7
Mux4-CAGCGTTACTCAATGA,7
Mux4-CAGCGTTACTGAGCCA,2
Mux4-CAGCGTTACTGGCATA,2
Mux4-CAGCGTTAACCACTGT,4
Mux4-CAGCGTTAACATTGGC,4
Mux4-CAGCGTTACAGATCTG,4
Mux4-CAGCGTTACATCAAGT,4
Mux4-CAGCGTTACGCTGATC,4
Mux4-CATACCAAAACGTGAT,5
Mux4-CATACCAAACAAGCTA,4
Mux4-CATACCAAAACCGAGA,4
Mux4-CATACCAAAACGCTTA,3
Mux4-CATACCAAAAGACGGA,2
Mux4-CATACCAAAAGGTACA,2
Mux4-CATACCAAACACAGAA,2
Mux4-CATACCAAACAGCAGA,2
Mux4-CATACCAAAAACATCG,5
Mux4-CATACCAAACCTCCAA,2
Mux4-CATACCAAACGCTCGA,2
Mux4-CATACCAAACGTATCA,8
Mux4-CATACCAAACTATGCA,0
Mux4-CATACCAAAGAGTCAA,7
Mux4-CATACCAAAGATCGCA,7
Mux4-CATACCAAAGCAGGAA,7
Mux4-CATACCAAAGTCACTA,7
Mux4-CATACCAAATCCTGTA,7
Mux4-CATACCAAATTGAGGA,7
Mux4-CATACCAAATGCCTAA,5
Mux4-CATACCAACAACCACA,7
Mux4-CATACCAAGACTAGTA,7
Mux4-CATACCAACAATGGAA,7
Mux4-CATACCAACACTTCGA,7
Mux4-CATACCAACAGCGTTA,7
Mux4-CATACCAACATACCAA,7
Mux4-CATACCAACCAGTTCA,7
Mux4-CATACCAACCGAAGTA,7
Mux4-CATACCAACCGTGAGA,7
Mux4-CATACCAACCTCCTGA,7
Mux4-CATACCAAAGTGGTCA,4
Mux4-CATACCAACGAACTTA,7
Mux4-CATACCAACGACTGGA,7
Mux4-CATACCAACGCATACA,7
Mux4-CATACCAACTCAATGA,7
Mux4-CATACCAACTGAGCCA,7
Mux4-CATACCAACTGGCATA,2
Mux4-CATACCAAACCACTGT,4
Mux4-CATACCAAACATTGGC,4
Mux4-CATACCAACAGATCTG,4
Mux4-CATACCAACATCAAGT,4
Mux4-CATACCAACGCTGATC,4
Mux4-CCAGTTCAAACGTGAT,5
Mux4-CCAGTTCAACAAGCTA,4
Mux4-CCAGTTCAAACCGAGA,8
Mux4-CCAGTTCAAACGCTTA,3
Mux4-CCAGTTCAAAGACGGA,2
Mux4-CCAGTTCAAAGGTACA,2
Mux4-CCAGTTCAACACAGAA,2
Mux4-CCAGTTCAACAGCAGA,2
Mux4-CCAGTTCAAAACATCG,5
Mux4-CCAGTTCAACCTCCAA,2
Mux4-CCAGTTCAACGCTCGA,3
Mux4-CCAGTTCAACGTATCA,0
Mux4-CCAGTTCAACTATGCA,10
Mux4-CCAGTTCAAGAGTCAA,7
Mux4-CCAGTTCAAGATCGCA,7
Mux4-CCAGTTCAAGCAGGAA,7
Mux4-CCAGTTCAAGTCACTA,7
Mux4-CCAGTTCAATCCTGTA,7
Mux4-CCAGTTCAATTGAGGA,7
Mux4-CCAGTTCAATGCCTAA,5
Mux4-CCAGTTCACAACCACA,7
Mux4-CCAGTTCAGACTAGTA,7
Mux4-CCAGTTCACAATGGAA,7
Mux4-CCAGTTCACACTTCGA,7
Mux4-CCAGTTCACAGCGTTA,7
Mux4-CCAGTTCACATACCAA,7
Mux4-CCAGTTCACCAGTTCA,7
Mux4-CCAGTTCACCGAAGTA,7
Mux4-CCAGTTCACCGTGAGA,7
Mux4-CCAGTTCACCTCCTGA,7
Mux4-CCAGTTCAAGTGGTCA,4
Mux4-CCAGTTCACGAACTTA,7
Mux4-CCAGTTCACGACTGGA,7
Mux4-CCAGTTCACGCATACA,7
Mux4-CCAGTTCACTCAATGA,7
Mux4-CCAGTTCACTGAGCCA,7
Mux4-CCAGTTCACTGGCATA,7
Mux4-CCAGTTCAGAATCTGA,2
Mux4-CCAGTTCAACCACTGT,4
Mux4-CCAGTTCAACATTGGC,4
Mux4-CCAGTTCACAGATCTG,4
Mux4-CCAGTTCACATCAAGT,4
Mux4-CCAGTTCACGCTGATC,4
Mux4-CCGAAGTAAACGTGAT,5
Mux4-CCGAAGTAACAAGCTA,4
Mux4-CCGAAGTACTGTAGCC,4
Mux4-CCGAAGTAAACCGAGA,8
Mux4-CCGAAGTAAACGCTTA,2
Mux4-CCGAAGTAAAGACGGA,3
Mux4-CCGAAGTAAAGGTACA,2
Mux4-CCGAAGTAACACAGAA,2
Mux4-CCGAAGTAACAGCAGA,2
Mux4-CCGAAGTAAAACATCG,5
Mux4-CCGAAGTAACCTCCAA,2
Mux4-CCGAAGTAACGCTCGA,2
Mux4-CCGAAGTAACGTATCA,2
Mux4-CCGAAGTAACTATGCA,2
Mux4-CCGAAGTAAGAGTCAA,7
Mux4-CCGAAGTAAGATCGCA,7
Mux4-CCGAAGTAAGCAGGAA,7
Mux4-CCGAAGTAAGTCACTA,7
Mux4-CCGAAGTAATCCTGTA,7
Mux4-CCGAAGTAATTGAGGA,7
Mux4-CCGAAGTAATGCCTAA,5
Mux4-CCGAAGTACAACCACA,7
Mux4-CCGAAGTAGACTAGTA,7
Mux4-CCGAAGTACAATGGAA,7
Mux4-CCGAAGTACAGCGTTA,7
Mux4-CCGAAGTACATACCAA,7
Mux4-CCGAAGTACCAGTTCA,7
Mux4-CCGAAGTACCGAAGTA,7
Mux4-CCGAAGTACCGTGAGA,7
Mux4-CCGAAGTACCTCCTGA,7
Mux4-CCGAAGTAAGTGGTCA,4
Mux4-CCGAAGTACGAACTTA,7
Mux4-CCGAAGTACGACTGGA,7
Mux4-CCGAAGTACGCATACA,7
Mux4-CCGAAGTACTCAATGA,7
Mux4-CCGAAGTACTGAGCCA,7
Mux4-CCGAAGTACTGGCATA,7
Mux4-CCGAAGTAGAATCTGA,7
Mux4-CCGAAGTAACCACTGT,4
Mux4-CCGAAGTAACATTGGC,4
Mux4-CCGAAGTACAGATCTG,4
Mux4-CCGAAGTACATCAAGT,4
Mux4-CCGAAGTACGCTGATC,4
Mux4-CCGTGAGAAACGTGAT,5
Mux4-CCGTGAGAACAAGCTA,4
Mux4-CCGTGAGACTGTAGCC,4
Mux4-CCGTGAGAAACAACCA,4
Mux4-CCGTGAGAAACCGAGA,4
Mux4-CCGTGAGAAACGCTTA,0
Mux4-CCGTGAGAAAGACGGA,2
Mux4-CCGTGAGAAAGGTACA,2
Mux4-CCGTGAGAACACAGAA,2
Mux4-CCGTGAGAACAGCAGA,2
Mux4-CCGTGAGAAAACATCG,5
Mux4-CCGTGAGAACCTCCAA,2
Mux4-CCGTGAGAACGCTCGA,2
Mux4-CCGTGAGAACGTATCA,2
Mux4-CCGTGAGAACTATGCA,7
Mux4-CCGTGAGAAGAGTCAA,7
Mux4-CCGTGAGAAGATCGCA,7
Mux4-CCGTGAGAAGCAGGAA,7
Mux4-CCGTGAGAAGTCACTA,7
Mux4-CCGTGAGAATCCTGTA,7
Mux4-CCGTGAGAATTGAGGA,7
Mux4-CCGTGAGAATGCCTAA,5
Mux4-CCGTGAGACAACCACA,7
Mux4-CCGTGAGAGACTAGTA,7
Mux4-CCGTGAGACAATGGAA,7
Mux4-CCGTGAGACACTTCGA,7
Mux4-CCGTGAGACAGCGTTA,7
Mux4-CCGTGAGACCAGTTCA,7
Mux4-CCGTGAGACCGTGAGA,7
Mux4-CCGTGAGACCTCCTGA,7
Mux4-CCGTGAGAAGTGGTCA,4
Mux4-CCGTGAGACGAACTTA,7
Mux4-CCGTGAGACGACTGGA,7
Mux4-CCGTGAGACGCATACA,7
Mux4-CCGTGAGACTCAATGA,7
Mux4-CCGTGAGACTGAGCCA,7
Mux4-CCGTGAGACTGGCATA,7
Mux4-CCGTGAGAGAATCTGA,7
Mux4-CCGTGAGACAAGACTA,7
Mux4-CCGTGAGAACCACTGT,4
Mux4-CCGTGAGAACATTGGC,4
Mux4-CCGTGAGACAGATCTG,4
Mux4-CCGTGAGACATCAAGT,4
Mux4-CCGTGAGACGCTGATC,4
Mux4-CCTCCTGAACAAGCTA,4
Mux4-CCTCCTGACTGTAGCC,4
Mux4-CCTCCTGAAACAACCA,4
Mux4-CCTCCTGAAACCGAGA,4
Mux4-CCTCCTGAAACGCTTA,8
Mux4-CCTCCTGAAAGACGGA,2
Mux4-CCTCCTGAAAGGTACA,3
Mux4-CCTCCTGAACACAGAA,2
Mux4-CCTCCTGAACAGCAGA,2
Mux4-CCTCCTGAAAACATCG,5
Mux4-CCTCCTGAACCTCCAA,2
Mux4-CCTCCTGAACGCTCGA,6
Mux4-CCTCCTGAACGTATCA,7
Mux4-CCTCCTGAACTATGCA,7
Mux4-CCTCCTGAAGAGTCAA,7
Mux4-CCTCCTGAAGATCGCA,7
Mux4-CCTCCTGAAGCAGGAA,7
Mux4-CCTCCTGAAGTCACTA,7
Mux4-CCTCCTGAATCCTGTA,7
Mux4-CCTCCTGAATTGAGGA,7
Mux4-CCTCCTGAATGCCTAA,5
Mux4-CCTCCTGACAACCACA,7
Mux4-CCTCCTGAGACTAGTA,7
Mux4-CCTCCTGACACTTCGA,7
Mux4-CCTCCTGACAGCGTTA,7
Mux4-CCTCCTGACATACCAA,7
Mux4-CCTCCTGACCAGTTCA,7
Mux4-CCTCCTGAAGTGGTCA,5
Mux4-CCTCCTGACGAACTTA,7
Mux4-CCTCCTGACGACTGGA,7
Mux4-CCTCCTGACGCATACA,7
Mux4-CCTCCTGACTCAATGA,7
Mux4-CCTCCTGACTGAGCCA,7
Mux4-CCTCCTGACTGGCATA,7
Mux4-CCTCCTGAGAATCTGA,7
Mux4-CCTCCTGACAAGACTA,7
Mux4-CCTCCTGAACCACTGT,4
Mux4-CCTCCTGAACATTGGC,4
Mux4-CCTCCTGACAGATCTG,4
Mux4-CCTCCTGACATCAAGT,4
Mux4-CCTCCTGACGCTGATC,4
Mux4-ATGCCTAAAACGTGAT,5
Mux4-ATGCCTAAACAAGCTA,4
Mux4-ATGCCTAACTGTAGCC,4
Mux4-ATGCCTAAAGTACAAG,4
Mux4-ATGCCTAAAACAACCA,0
Mux4-ATGCCTAAAACCGAGA,9
Mux4-ATGCCTAAAACGCTTA,5
Mux4-ATGCCTAAAAGACGGA,5
Mux4-ATGCCTAAAAGGTACA,4
Mux4-ATGCCTAAACACAGAA,0
Mux4-ATGCCTAAACAGCAGA,0
Mux4-ATGCCTAAAAACATCG,5
Mux4-ATGCCTAAACCTCCAA,3
Mux4-ATGCCTAAACGCTCGA,3
Mux4-ATGCCTAAACGTATCA,6
Mux4-ATGCCTAAACTATGCA,6
Mux4-ATGCCTAAAGAGTCAA,6
Mux4-ATGCCTAAAGATCGCA,6
Mux4-ATGCCTAAAGCAGGAA,6
Mux4-ATGCCTAAAGTCACTA,6
Mux4-ATGCCTAAATCCTGTA,6
Mux4-ATGCCTAAATTGAGGA,6
Mux4-ATGCCTAAATGCCTAA,5
Mux4-ATGCCTAACAACCACA,6
Mux4-ATGCCTAAGACTAGTA,6
Mux4-ATGCCTAACAATGGAA,6
Mux4-ATGCCTAACACTTCGA,6
Mux4-ATGCCTAACAGCGTTA,6
Mux4-ATGCCTAACATACCAA,6
Mux4-ATGCCTAACCAGTTCA,6
Mux4-ATGCCTAACCGAAGTA,6
Mux4-ATGCCTAACCGTGAGA,6
Mux4-ATGCCTAACCTCCTGA,3
Mux4-ATGCCTAAAGTGGTCA,1
Mux4-ATGCCTAACGAACTTA,9
Mux4-ATGCCTAACGACTGGA,9
Mux4-ATGCCTAACGCATACA,9
Mux4-ATGCCTAACTCAATGA,4
Mux4-ATGCCTAACTGAGCCA,4
Mux4-ATGCCTAACTGGCATA,9
Mux4-ATGCCTAAGAATCTGA,9
Mux4-ATGCCTAACAAGACTA,9
Mux4-ATGCCTAAGAGCTGAA,9
Mux4-ATGCCTAAGATAGACA,9
Mux4-ATGCCTAAGCCACATA,9
Mux4-ATGCCTAAACATTGGC,0
Mux4-ATGCCTAACAGATCTG,5
Mux4-ATGCCTAACATCAAGT,1
Mux4-ATGCCTAACGCTGATC,0
Mux4-CGAACTTAACAAGCTA,4
Mux4-CGAACTTACTGTAGCC,4
Mux4-CGAACTTAAGTACAAG,4
Mux4-CGAACTTAAACAACCA,4
Mux4-CGAACTTAAACCGAGA,4
Mux4-CGAACTTAAACGCTTA,0
Mux4-CGAACTTAAAGACGGA,0
Mux4-CGAACTTAAAGGTACA,3
Mux4-CGAACTTAACACAGAA,2
Mux4-CGAACTTAACAGCAGA,2
Mux4-CGAACTTAAAACATCG,1
Mux4-CGAACTTAACCTCCAA,2
Mux4-CGAACTTAACGCTCGA,6
Mux4-CGAACTTAACGTATCA,7
Mux4-CGAACTTAACTATGCA,7
Mux4-CGAACTTAAGAGTCAA,7
Mux4-CGAACTTAAGATCGCA,7
Mux4-CGAACTTAAGCAGGAA,7
Mux4-CGAACTTAAGTCACTA,7
Mux4-CGAACTTAATCCTGTA,7
Mux4-CGAACTTAATTGAGGA,7
Mux4-CGAACTTAATGCCTAA,5
Mux4-CGAACTTACAACCACA,7
Mux4-CGAACTTAGACTAGTA,7
Mux4-CGAACTTACAATGGAA,7
Mux4-CGAACTTACACTTCGA,7
Mux4-CGAACTTACAGCGTTA,7
Mux4-CGAACTTACCGAAGTA,7
Mux4-CGAACTTACCGTGAGA,7
Mux4-CGAACTTAAGTGGTCA,1
Mux4-CGAACTTACGCATACA,7
Mux4-CGAACTTACTCAATGA,7
Mux4-CGAACTTACTGAGCCA,7
Mux4-CGAACTTACTGGCATA,7
Mux4-CGAACTTAGAATCTGA,7
Mux4-CGAACTTACAAGACTA,2
Mux4-CGAACTTAGAGCTGAA,3
Mux4-CGAACTTAACCACTGT,4
Mux4-CGAACTTAACATTGGC,4
Mux4-CGAACTTACAGATCTG,4
Mux4-CGAACTTACATCAAGT,4
Mux4-CGAACTTACGCTGATC,4
Mux4-CGACTGGAACAAGCTA,4
Mux4-CGACTGGACTGTAGCC,4
Mux4-CGACTGGAAGTACAAG,4
Mux4-CGACTGGAAACCGAGA,4
Mux4-CGACTGGAAAGACGGA,0
Mux4-CGACTGGAAAGGTACA,4
Mux4-CGACTGGAACACAGAA,2
Mux4-CGACTGGAACAGCAGA,2
Mux4-CGACTGGAAAACATCG,1
Mux4-CGACTGGAACCTCCAA,2
Mux4-CGACTGGAACGCTCGA,2
Mux4-CGACTGGAACGTATCA,7
Mux4-CGACTGGAACTATGCA,7
Mux4-CGACTGGAAGAGTCAA,7
Mux4-CGACTGGAAGATCGCA,7
Mux4-CGACTGGAAGCAGGAA,7
Mux4-CGACTGGAAGTCACTA,7
Mux4-CGACTGGAATCCTGTA,7
Mux4-CGACTGGAATTGAGGA,7
Mux4-CGACTGGAATGCCTAA,5
Mux4-CGACTGGACAACCACA,7
Mux4-CGACTGGAGACTAGTA,7
Mux4-CGACTGGACAATGGAA,7
Mux4-CGACTGGACACTTCGA,7
Mux4-CGACTGGACAGCGTTA,7
Mux4-CGACTGGACATACCAA,7
Mux4-CGACTGGACCAGTTCA,7
Mux4-CGACTGGACCGAAGTA,7
Mux4-CGACTGGACCGTGAGA,7
Mux4-CGACTGGAAGTGGTCA,1
Mux4-CGACTGGACGCATACA,7
Mux4-CGACTGGACTCAATGA,7
Mux4-CGACTGGACTGAGCCA,7
Mux4-CGACTGGACTGGCATA,7
Mux4-CGACTGGAGAATCTGA,7
Mux4-CGACTGGACAAGACTA,2
Mux4-CGACTGGAGAGCTGAA,3
Mux4-CGACTGGAGATAGACA,7
Mux4-CGACTGGAACCACTGT,4
Mux4-CGACTGGAGCCACATA,2
Mux4-CGACTGGAACATTGGC,4
Mux4-CGACTGGACAGATCTG,4
Mux4-CGACTGGACATCAAGT,4
Mux4-CGACTGGACGCTGATC,4
Mux4-CGCATACAACAAGCTA,4
Mux4-CGCATACACTGTAGCC,4
Mux4-CGCATACAAGTACAAG,4
Mux4-CGCATACAAACCGAGA,4
Mux4-CGCATACAAAGACGGA,8
Mux4-CGCATACAAAGGTACA,2
Mux4-CGCATACAACACAGAA,4
Mux4-CGCATACAACAGCAGA,2
Mux4-CGCATACAAAACATCG,5
Mux4-CGCATACAACCTCCAA,2
Mux4-CGCATACAACGCTCGA,2
Mux4-CGCATACAACGTATCA,7
Mux4-CGCATACAACTATGCA,7
Mux4-CGCATACAAGAGTCAA,7
Mux4-CGCATACAAGATCGCA,7
Mux4-CGCATACAAGCAGGAA,7
Mux4-CGCATACAAGTCACTA,7
Mux4-CGCATACAATCCTGTA,7
Mux4-CGCATACAATTGAGGA,7
Mux4-CGCATACAATGCCTAA,5
Mux4-CGCATACACAACCACA,7
Mux4-CGCATACAGACTAGTA,7
Mux4-CGCATACACAATGGAA,7
Mux4-CGCATACACACTTCGA,7
Mux4-CGCATACACAGCGTTA,7
Mux4-CGCATACACATACCAA,7
Mux4-CGCATACACCAGTTCA,7
Mux4-CGCATACACCGAAGTA,7
Mux4-CGCATACACCGTGAGA,2
Mux4-CGCATACACCTCCTGA,2
Mux4-CGCATACAAGTGGTCA,1
Mux4-CGCATACACGAACTTA,2
Mux4-CGCATACACGACTGGA,7
Mux4-CGCATACACGCATACA,7
Mux4-CGCATACACTCAATGA,7
Mux4-CGCATACACTGAGCCA,8
Mux4-CGCATACACTGGCATA,10
Mux4-CGCATACAGAATCTGA,7
Mux4-CGCATACACAAGACTA,7
Mux4-CGCATACAGAGCTGAA,7
Mux4-CGCATACAGATAGACA,3
Mux4-CGCATACAACCACTGT,0
Mux4-CGCATACAGCCACATA,2
Mux4-CGCATACAACATTGGC,1
Mux4-CGCATACACAGATCTG,4
Mux4-CGCATACACATCAAGT,4
Mux4-CGCATACACGCTGATC,4
Mux4-CTCAATGAACAAGCTA,4
Mux4-CTCAATGACTGTAGCC,4
Mux4-CTCAATGAAGTACAAG,4
Mux4-CTCAATGAAACAACCA,4
Mux4-CTCAATGAAACCGAGA,4
Mux4-CTCAATGAAACGCTTA,0
Mux4-CTCAATGAAAGACGGA,9
Mux4-CTCAATGAAAGGTACA,2
Mux4-CTCAATGAACACAGAA,2
Mux4-CTCAATGAACAGCAGA,4
Mux4-CTCAATGAACCTCCAA,2
Mux4-CTCAATGAACGCTCGA,2
Mux4-CTCAATGAACGTATCA,2
Mux4-CTCAATGAACTATGCA,2
Mux4-CTCAATGAAGAGTCAA,2
Mux4-CTCAATGAAGATCGCA,7
Mux4-CTCAATGAAGCAGGAA,2
Mux4-CTCAATGAAGTCACTA,7
Mux4-CTCAATGAATCCTGTA,7
Mux4-CTCAATGAATTGAGGA,7
Mux4-CTCAATGAATGCCTAA,5
Mux4-CTCAATGACAACCACA,7
Mux4-CTCAATGAGACTAGTA,7
Mux4-CTCAATGACAATGGAA,7
Mux4-CTCAATGACACTTCGA,7
Mux4-CTCAATGACAGCGTTA,7
Mux4-CTCAATGACATACCAA,7
Mux4-CTCAATGACCAGTTCA,7
Mux4-CTCAATGACCGAAGTA,7
Mux4-CTCAATGACCGTGAGA,7
Mux4-CTCAATGACCTCCTGA,7
Mux4-CTCAATGAAGTGGTCA,5
Mux4-CTCAATGACGAACTTA,2
Mux4-CTCAATGACGACTGGA,2
Mux4-CTCAATGACGCATACA,7
Mux4-CTCAATGACTCAATGA,7
Mux4-CTCAATGACTGAGCCA,8
Mux4-CTCAATGACTGGCATA,8
Mux4-CTCAATGAGAATCTGA,7
Mux4-CTCAATGACAAGACTA,2
Mux4-CTCAATGAGAGCTGAA,2
Mux4-CTCAATGAGATAGACA,2
Mux4-CTCAATGAACCACTGT,5
Mux4-CTCAATGAGCCACATA,2
Mux4-CTCAATGAACATTGGC,5
Mux4-CTCAATGACAGATCTG,5
Mux4-CTCAATGACATCAAGT,5
Mux4-CTCAATGACGCTGATC,4
Mux4-CTGAGCCAACAAGCTA,4
Mux4-CTGAGCCACTGTAGCC,4
Mux4-CTGAGCCAAGTACAAG,4
Mux4-CTGAGCCAAACAACCA,4
Mux4-CTGAGCCAAACCGAGA,4
Mux4-CTGAGCCAAACGCTTA,9
Mux4-CTGAGCCAAAGACGGA,4
Mux4-CTGAGCCAAAGGTACA,9
Mux4-CTGAGCCAACACAGAA,9
Mux4-CTGAGCCAACAGCAGA,3
Mux4-CTGAGCCAACCTCCAA,2
Mux4-CTGAGCCAACGCTCGA,2
Mux4-CTGAGCCAACGTATCA,2
Mux4-CTGAGCCAACTATGCA,7
Mux4-CTGAGCCAAGAGTCAA,7
Mux4-CTGAGCCAAGATCGCA,7
Mux4-CTGAGCCAAGCAGGAA,7
Mux4-CTGAGCCAAGTCACTA,7
Mux4-CTGAGCCAATCCTGTA,7
Mux4-CTGAGCCAATTGAGGA,7
Mux4-CTGAGCCAATGCCTAA,5
Mux4-CTGAGCCACAACCACA,7
Mux4-CTGAGCCAGACTAGTA,7
Mux4-CTGAGCCACAATGGAA,7
Mux4-CTGAGCCACACTTCGA,7
Mux4-CTGAGCCACAGCGTTA,7
Mux4-CTGAGCCACATACCAA,7
Mux4-CTGAGCCACCAGTTCA,7
Mux4-CTGAGCCACCGAAGTA,7
Mux4-CTGAGCCACCGTGAGA,7
Mux4-CTGAGCCACCTCCTGA,7
Mux4-CTGAGCCAAGTGGTCA,1
Mux4-CTGAGCCACGAACTTA,7
Mux4-CTGAGCCACGACTGGA,2
Mux4-CTGAGCCACGCATACA,2
Mux4-CTGAGCCACTCAATGA,7
Mux4-CTGAGCCACTGAGCCA,2
Mux4-CTGAGCCACTGGCATA,2
Mux4-CTGAGCCAGAATCTGA,2
Mux4-CTGAGCCACAAGACTA,2
Mux4-CTGAGCCAGAGCTGAA,2
Mux4-CTGAGCCAGATAGACA,2
Mux4-CTGAGCCAACCACTGT,5
Mux4-CTGAGCCAGCCACATA,2
Mux4-CTGAGCCAACATTGGC,5
Mux4-CTGAGCCACAGATCTG,5
Mux4-CTGAGCCACATCAAGT,5
Mux4-CTGAGCCACGCTGATC,4
Mux4-CTGGCATAACAAGCTA,4
Mux4-CTGGCATACTGTAGCC,4
Mux4-CTGGCATAAGTACAAG,4
Mux4-CTGGCATAAACAACCA,4
Mux4-CTGGCATAAACCGAGA,4
Mux4-CTGGCATAAACGCTTA,4
Mux4-CTGGCATAAAGACGGA,2
Mux4-CTGGCATAAAGGTACA,9
Mux4-CTGGCATAACACAGAA,2
Mux4-CTGGCATAACAGCAGA,2
Mux4-CTGGCATAACCTCCAA,2
Mux4-CTGGCATAACGCTCGA,8
Mux4-CTGGCATAACGTATCA,2
Mux4-CTGGCATAACTATGCA,7
Mux4-CTGGCATAAGAGTCAA,7
Mux4-CTGGCATAAGATCGCA,7
Mux4-CTGGCATAAGCAGGAA,7
Mux4-CTGGCATAAGTCACTA,7
Mux4-CTGGCATAATCCTGTA,7
Mux4-CTGGCATAATTGAGGA,7
Mux4-CTGGCATAATGCCTAA,5
Mux4-CTGGCATACAACCACA,2
Mux4-CTGGCATAGACTAGTA,2
Mux4-CTGGCATACAATGGAA,7
Mux4-CTGGCATACACTTCGA,7
Mux4-CTGGCATACAGCGTTA,7
Mux4-CTGGCATACATACCAA,7
Mux4-CTGGCATACCAGTTCA,7
Mux4-CTGGCATACCGAAGTA,7
Mux4-CTGGCATACCGTGAGA,7
Mux4-CTGGCATACCTCCTGA,7
Mux4-CTGGCATAAGTGGTCA,1
Mux4-CTGGCATACGAACTTA,7
Mux4-CTGGCATACGACTGGA,7
Mux4-CTGGCATACGCATACA,7
Mux4-CTGGCATACTCAATGA,2
Mux4-CTGGCATACTGAGCCA,2
Mux4-CTGGCATACTGGCATA,2
Mux4-CTGGCATAGAATCTGA,2
Mux4-CTGGCATACAAGACTA,2
Mux4-CTGGCATAGAGCTGAA,2
Mux4-CTGGCATAGATAGACA,2
Mux4-CTGGCATAACCACTGT,1
Mux4-CTGGCATAGCCACATA,2
Mux4-CTGGCATAACATTGGC,5
Mux4-CTGGCATACAGATCTG,1
Mux4-CTGGCATACATCAAGT,1
Mux4-CTGGCATACGCTGATC,4
Mux4-GAATCTGAACAAGCTA,4
Mux4-GAATCTGACTGTAGCC,4
Mux4-GAATCTGAAGTACAAG,4
Mux4-GAATCTGAAACAACCA,4
Mux4-GAATCTGAAACCGAGA,9
Mux4-GAATCTGAAACGCTTA,4
Mux4-GAATCTGAAAGACGGA,2
Mux4-GAATCTGAAAGGTACA,2
Mux4-GAATCTGAACACAGAA,4
Mux4-GAATCTGAACAGCAGA,2
Mux4-GAATCTGAACCTCCAA,2
Mux4-GAATCTGAACGCTCGA,8
Mux4-GAATCTGAACGTATCA,2
Mux4-GAATCTGAACTATGCA,7
Mux4-GAATCTGAAGAGTCAA,7
Mux4-GAATCTGAAGATCGCA,7
Mux4-GAATCTGAAGCAGGAA,7
Mux4-GAATCTGAAGTCACTA,7
Mux4-GAATCTGAATCCTGTA,7
Mux4-GAATCTGAATTGAGGA,2
Mux4-GAATCTGAATGCCTAA,1
Mux4-GAATCTGACAACCACA,2
Mux4-GAATCTGAGACTAGTA,2
Mux4-GAATCTGACAATGGAA,2
Mux4-GAATCTGACACTTCGA,7
Mux4-GAATCTGACAGCGTTA,7
Mux4-GAATCTGACATACCAA,7
Mux4-GAATCTGACCAGTTCA,7
Mux4-GAATCTGACCGAAGTA,7
Mux4-GAATCTGACCGTGAGA,7
Mux4-GAATCTGACCTCCTGA,7
Mux4-GAATCTGAAGTGGTCA,1
Mux4-GAATCTGACGAACTTA,7
Mux4-GAATCTGACGACTGGA,7
Mux4-GAATCTGACGCATACA,2
Mux4-GAATCTGACTCAATGA,2
Mux4-GAATCTGACTGAGCCA,3
Mux4-GAATCTGACTGGCATA,2
Mux4-GAATCTGAGAATCTGA,2
Mux4-GAATCTGACAAGACTA,2
Mux4-GAATCTGAGAGCTGAA,3
Mux4-GAATCTGAGATAGACA,3
Mux4-GAATCTGAACCACTGT,5
Mux4-GAATCTGAGCCACATA,2
Mux4-GAATCTGAACATTGGC,1
Mux4-GAATCTGACAGATCTG,1
Mux4-GAATCTGACATCAAGT,1
Mux4-GAATCTGACGCTGATC,1
Mux4-CAAGACTAACAAGCTA,4
Mux4-CAAGACTACTGTAGCC,4
Mux4-CAAGACTAAGTACAAG,4
Mux4-CAAGACTAAACAACCA,4
Mux4-CAAGACTAAACCGAGA,4
Mux4-CAAGACTAAACGCTTA,4
Mux4-CAAGACTAAAGACGGA,2
Mux4-CAAGACTAAAGGTACA,2
Mux4-CAAGACTAACACAGAA,2
Mux4-CAAGACTAACAGCAGA,2
Mux4-CAAGACTAACCTCCAA,2
Mux4-CAAGACTAACGCTCGA,8
Mux4-CAAGACTAACGTATCA,2
Mux4-CAAGACTAACTATGCA,7
Mux4-CAAGACTAAGAGTCAA,7
Mux4-CAAGACTAAGATCGCA,7
Mux4-CAAGACTAAGCAGGAA,7
Mux4-CAAGACTAAGTCACTA,7
Mux4-CAAGACTAATCCTGTA,7
Mux4-CAAGACTAATTGAGGA,2
Mux4-CAAGACTAATGCCTAA,1
Mux4-CAAGACTACAACCACA,2
Mux4-CAAGACTAGACTAGTA,3
Mux4-CAAGACTACAATGGAA,2
Mux4-CAAGACTACACTTCGA,2
Mux4-CAAGACTACAGCGTTA,7
Mux4-CAAGACTACATACCAA,7
Mux4-CAAGACTACCAGTTCA,7
Mux4-CAAGACTACCGAAGTA,7
Mux4-CAAGACTACCGTGAGA,7
Mux4-CAAGACTACCTCCTGA,2
Mux4-CAAGACTAAGTGGTCA,1
Mux4-CAAGACTACGAACTTA,2
Mux4-CAAGACTACGACTGGA,2
Mux4-CAAGACTACGCATACA,2
Mux4-CAAGACTACTCAATGA,2
Mux4-CAAGACTACTGAGCCA,2
Mux4-CAAGACTACTGGCATA,2
Mux4-CAAGACTACAAGACTA,3
Mux4-CAAGACTAGAGCTGAA,3
Mux4-CAAGACTAGATAGACA,0
Mux4-CAAGACTAACCACTGT,1
Mux4-CAAGACTAGCCACATA,8
Mux4-CAAGACTAACATTGGC,1
Mux4-CAAGACTACAGATCTG,1
Mux4-CAAGACTACATCAAGT,1
Mux4-CAAGACTACGCTGATC,1
Mux4-GAGCTGAAACAAGCTA,1
Mux4-GAGCTGAACTGTAGCC,4
Mux4-GAGCTGAAAGTACAAG,4
Mux4-GAGCTGAAAACAACCA,4
Mux4-GAGCTGAAAACCGAGA,4
Mux4-GAGCTGAAAACGCTTA,4
Mux4-GAGCTGAAAAGACGGA,4
Mux4-GAGCTGAAAAGGTACA,2
Mux4-GAGCTGAAACACAGAA,2
Mux4-GAGCTGAAACAGCAGA,6
Mux4-GAGCTGAAACCTCCAA,6
Mux4-GAGCTGAAACGCTCGA,8
Mux4-GAGCTGAAACGTATCA,8
Mux4-GAGCTGAAACTATGCA,8
Mux4-GAGCTGAAAGAGTCAA,7
Mux4-GAGCTGAAAGATCGCA,7
Mux4-GAGCTGAAAGCAGGAA,7
Mux4-GAGCTGAAAGTCACTA,7
Mux4-GAGCTGAAATCCTGTA,7
Mux4-GAGCTGAAATTGAGGA,2
Mux4-GAGCTGAAATGCCTAA,1
Mux4-GAGCTGAACAACCACA,2
Mux4-GAGCTGAAGACTAGTA,2
Mux4-GAGCTGAACAATGGAA,2
Mux4-GAGCTGAACACTTCGA,2
Mux4-GAGCTGAACAGCGTTA,2
Mux4-GAGCTGAACATACCAA,2
Mux4-GAGCTGAACCAGTTCA,7
Mux4-GAGCTGAACCGAAGTA,2
Mux4-GAGCTGAACCGTGAGA,2
Mux4-GAGCTGAACCTCCTGA,2
Mux4-GAGCTGAAAGTGGTCA,1
Mux4-GAGCTGAACGAACTTA,2
Mux4-GAGCTGAACGACTGGA,2
Mux4-GAGCTGAACGCATACA,2
Mux4-GAGCTGAACTCAATGA,2
Mux4-GAGCTGAACTGAGCCA,7
Mux4-GAGCTGAACTGGCATA,7
Mux4-GAGCTGAAGAATCTGA,3
Mux4-GAGCTGAACAAGACTA,3
Mux4-GAGCTGAAGAGCTGAA,3
Mux4-GAGCTGAAGATAGACA,8
Mux4-GAGCTGAAACCACTGT,1
Mux4-GAGCTGAAGCCACATA,3
Mux4-GAGCTGAAACATTGGC,1
Mux4-GAGCTGAACAGATCTG,1
Mux4-GAGCTGAACATCAAGT,1
Mux4-GAGCTGAACGCTGATC,1
Mux4-GATAGACAACAAGCTA,4
Mux4-GATAGACACTGTAGCC,4
Mux4-GATAGACAAGTACAAG,4
Mux4-GATAGACAAACAACCA,4
Mux4-GATAGACAAACCGAGA,4
Mux4-GATAGACAAACGCTTA,4
Mux4-GATAGACAAAGACGGA,4
Mux4-GATAGACAAAGGTACA,4
Mux4-GATAGACAACACAGAA,4
Mux4-GATAGACAACAGCAGA,2
Mux4-GATAGACAAAACATCG,0
Mux4-GATAGACAACCTCCAA,2
Mux4-GATAGACAACGCTCGA,2
Mux4-GATAGACAACGTATCA,8
Mux4-GATAGACAACTATGCA,2
Mux4-GATAGACAAGAGTCAA,2
Mux4-GATAGACAAGATCGCA,2
Mux4-GATAGACAAGCAGGAA,2
Mux4-GATAGACAAGTCACTA,2
Mux4-GATAGACAATCCTGTA,2
Mux4-GATAGACAATTGAGGA,2
Mux4-GATAGACAATGCCTAA,1
Mux4-GATAGACACAACCACA,2
Mux4-GATAGACAGACTAGTA,2
Mux4-GATAGACACAATGGAA,2
Mux4-GATAGACACACTTCGA,2
Mux4-GATAGACACAGCGTTA,2
Mux4-GATAGACACATACCAA,2
Mux4-GATAGACACCAGTTCA,2
Mux4-GATAGACACCGAAGTA,2
Mux4-GATAGACACCGTGAGA,2
Mux4-GATAGACACCTCCTGA,2
Mux4-GATAGACAAGTGGTCA,1
Mux4-GATAGACACGAACTTA,2
Mux4-GATAGACACGACTGGA,2
Mux4-GATAGACACGCATACA,2
Mux4-GATAGACACTCAATGA,3
Mux4-GATAGACACTGAGCCA,3
Mux4-GATAGACACTGGCATA,2
Mux4-GATAGACAGAATCTGA,2
Mux4-GATAGACAGAGCTGAA,2
Mux4-GATAGACAGATAGACA,3
Mux4-GATAGACAACCACTGT,1
Mux4-GATAGACAGCCACATA,3
Mux4-GATAGACAACATTGGC,1
Mux4-GATAGACACAGATCTG,0
Mux4-GATAGACACATCAAGT,1
Mux4-GATAGACACGCTGATC,1
Mux4-AGTGGTCAAACGTGAT,5
Mux4-AGTGGTCAACAAGCTA,4
Mux4-AGTGGTCACTGTAGCC,9
Mux4-AGTGGTCAAGTACAAG,4
Mux4-AGTGGTCAAACAACCA,0
Mux4-AGTGGTCAAACCGAGA,5
Mux4-AGTGGTCAAACGCTTA,5
Mux4-AGTGGTCAAAGACGGA,2
Mux4-AGTGGTCAAAGGTACA,4
Mux4-AGTGGTCAACACAGAA,3
Mux4-AGTGGTCAACAGCAGA,3
Mux4-AGTGGTCAAAACATCG,5
Mux4-AGTGGTCAACCTCCAA,6
Mux4-AGTGGTCAACGCTCGA,6
Mux4-AGTGGTCAACGTATCA,6
Mux4-AGTGGTCAACTATGCA,6
Mux4-AGTGGTCAAGAGTCAA,6
Mux4-AGTGGTCAAGATCGCA,6
Mux4-AGTGGTCAAGCAGGAA,6
Mux4-AGTGGTCAAGTCACTA,6
Mux4-AGTGGTCAATCCTGTA,6
Mux4-AGTGGTCAATTGAGGA,6
Mux4-AGTGGTCAATGCCTAA,5
Mux4-AGTGGTCACAACCACA,6
Mux4-AGTGGTCAGACTAGTA,6
Mux4-AGTGGTCACAATGGAA,6
Mux4-AGTGGTCACACTTCGA,6
Mux4-AGTGGTCACAGCGTTA,6
Mux4-AGTGGTCACATACCAA,6
Mux4-AGTGGTCACCAGTTCA,6
Mux4-AGTGGTCACCGAAGTA,6
Mux4-AGTGGTCACCGTGAGA,6
Mux4-AGTGGTCACCTCCTGA,6
Mux4-AGTGGTCAAGTGGTCA,1
Mux4-AGTGGTCACGAACTTA,3
Mux4-AGTGGTCACGACTGGA,3
Mux4-AGTGGTCACGCATACA,3
Mux4-AGTGGTCACTCAATGA,9
Mux4-AGTGGTCACTGAGCCA,9
Mux4-AGTGGTCACTGGCATA,9
Mux4-AGTGGTCAGAATCTGA,9
Mux4-AGTGGTCACAAGACTA,9
Mux4-AGTGGTCAGAGCTGAA,9
Mux4-AGTGGTCAGATAGACA,9
Mux4-AGTGGTCAACCACTGT,0
Mux4-AGTGGTCAGCCACATA,9
Mux4-AGTGGTCAACATTGGC,1
Mux4-AGTGGTCACAGATCTG,1
Mux4-AGTGGTCACATCAAGT,1
Mux4-AGTGGTCACGCTGATC,0
Mux4-GCCACATAACAAGCTA,0
Mux4-GCCACATACTGTAGCC,4
Mux4-GCCACATAAGTACAAG,4
Mux4-GCCACATAAACAACCA,4
Mux4-GCCACATAAACCGAGA,4
Mux4-GCCACATAAACGCTTA,4
Mux4-GCCACATAAAGACGGA,4
Mux4-GCCACATAAAGGTACA,4
Mux4-GCCACATAACACAGAA,4
Mux4-GCCACATAACAGCAGA,4
Mux4-GCCACATAACCTCCAA,2
Mux4-GCCACATAACGCTCGA,2
Mux4-GCCACATAACGTATCA,2
Mux4-GCCACATAACTATGCA,2
Mux4-GCCACATAAGAGTCAA,2
Mux4-GCCACATAAGATCGCA,2
Mux4-GCCACATAAGCAGGAA,2
Mux4-GCCACATAAGTCACTA,2
Mux4-GCCACATAATCCTGTA,2
Mux4-GCCACATAATTGAGGA,2
Mux4-GCCACATAATGCCTAA,5
Mux4-GCCACATACAACCACA,2
Mux4-GCCACATAGACTAGTA,2
Mux4-GCCACATACAATGGAA,2
Mux4-GCCACATACACTTCGA,2
Mux4-GCCACATACAGCGTTA,2
Mux4-GCCACATACATACCAA,2
Mux4-GCCACATACCAGTTCA,2
Mux4-GCCACATACCGAAGTA,2
Mux4-GCCACATACCGTGAGA,2
Mux4-GCCACATACCTCCTGA,2
Mux4-GCCACATAAGTGGTCA,1
Mux4-GCCACATACGAACTTA,2
Mux4-GCCACATACGACTGGA,2
Mux4-GCCACATACGCATACA,3
Mux4-GCCACATACTCAATGA,3
Mux4-GCCACATACTGAGCCA,3
Mux4-GCCACATACTGGCATA,3
Mux4-GCCACATAGAATCTGA,3
Mux4-GCCACATACAAGACTA,3
Mux4-GCCACATAGAGCTGAA,3
Mux4-GCCACATAGATAGACA,3
Mux4-GCCACATAACCACTGT,0
Mux4-GCCACATAGCCACATA,3
Mux4-GCCACATAACATTGGC,0
Mux4-GCCACATACAGATCTG,0
Mux4-GCCACATACATCAAGT,8
Mux4-GCCACATACGCTGATC,0
Mux4-ACCACTGTAACGTGAT,5
Mux4-ACCACTGTACAAGCTA,4
Mux4-ACCACTGTCTGTAGCC,4
Mux4-ACCACTGTAGTACAAG,4
Mux4-ACCACTGTAACAACCA,4
Mux4-ACCACTGTAACCGAGA,6
Mux4-ACCACTGTAACGCTTA,6
Mux4-ACCACTGTAAGACGGA,3
Mux4-ACCACTGTAAGGTACA,3
Mux4-ACCACTGTACACAGAA,3
Mux4-ACCACTGTACAGCAGA,6
Mux4-ACCACTGTAAACATCG,5
Mux4-ACCACTGTACCTCCAA,3
Mux4-ACCACTGTACGCTCGA,6
Mux4-ACCACTGTACGTATCA,6
Mux4-ACCACTGTACTATGCA,6
Mux4-ACCACTGTAGAGTCAA,6
Mux4-ACCACTGTAGATCGCA,6
Mux4-ACCACTGTAGCAGGAA,6
Mux4-ACCACTGTAGTCACTA,6
Mux4-ACCACTGTATCCTGTA,6
Mux4-ACCACTGTATTGAGGA,6
Mux4-ACCACTGTATGCCTAA,1
Mux4-ACCACTGTCAACCACA,6
Mux4-ACCACTGTGACTAGTA,6
Mux4-ACCACTGTCAATGGAA,6
Mux4-ACCACTGTCACTTCGA,6
Mux4-ACCACTGTCAGCGTTA,6
Mux4-ACCACTGTCATACCAA,6
Mux4-ACCACTGTCCAGTTCA,6
Mux4-ACCACTGTCCGAAGTA,6
Mux4-ACCACTGTCCGTGAGA,6
Mux4-ACCACTGTCCTCCTGA,6
Mux4-ACCACTGTAGTGGTCA,5
Mux4-ACCACTGTCGAACTTA,6
Mux4-ACCACTGTCGACTGGA,3
Mux4-ACCACTGTCGCATACA,3
Mux4-ACCACTGTCTCAATGA,3
Mux4-ACCACTGTCTGAGCCA,9
Mux4-ACCACTGTCTGGCATA,9
Mux4-ACCACTGTGAATCTGA,9
Mux4-ACCACTGTCAAGACTA,9
Mux4-ACCACTGTGAGCTGAA,9
Mux4-ACCACTGTGATAGACA,9
Mux4-ACCACTGTACCACTGT,0
Mux4-ACCACTGTGCCACATA,9
Mux4-ACCACTGTACATTGGC,1
Mux4-ACCACTGTCAGATCTG,1
Mux4-ACCACTGTCATCAAGT,5
Mux4-ACCACTGTCGCTGATC,4
Mux4-ACATTGGCAACGTGAT,1
Mux4-ACATTGGCACAAGCTA,4
Mux4-ACATTGGCCTGTAGCC,4
Mux4-ACATTGGCAGTACAAG,9
Mux4-ACATTGGCAACAACCA,4
Mux4-ACATTGGCAACCGAGA,6
Mux4-ACATTGGCAACGCTTA,4
Mux4-ACATTGGCAAGACGGA,4
Mux4-ACATTGGCAAGGTACA,2
Mux4-ACATTGGCACACAGAA,6
Mux4-ACATTGGCACAGCAGA,6
Mux4-ACATTGGCAAACATCG,1
Mux4-ACATTGGCACCTCCAA,6
Mux4-ACATTGGCACGCTCGA,6
Mux4-ACATTGGCACGTATCA,6
Mux4-ACATTGGCACTATGCA,6
Mux4-ACATTGGCAGAGTCAA,6
Mux4-ACATTGGCAGATCGCA,6
Mux4-ACATTGGCAGCAGGAA,6
Mux4-ACATTGGCAGTCACTA,6
Mux4-ACATTGGCATCCTGTA,6
Mux4-ACATTGGCATTGAGGA,6
Mux4-ACATTGGCATGCCTAA,1
Mux4-ACATTGGCCAACCACA,6
Mux4-ACATTGGCGACTAGTA,6
Mux4-ACATTGGCCAATGGAA,6
Mux4-ACATTGGCCACTTCGA,6
Mux4-ACATTGGCCAGCGTTA,6
Mux4-ACATTGGCCATACCAA,6
Mux4-ACATTGGCCCAGTTCA,6
Mux4-ACATTGGCCCGAAGTA,6
Mux4-ACATTGGCCCGTGAGA,6
Mux4-ACATTGGCCCTCCTGA,6
Mux4-ACATTGGCAGTGGTCA,5
Mux4-ACATTGGCCGAACTTA,6
Mux4-ACATTGGCCGACTGGA,3
Mux4-ACATTGGCCGCATACA,3
Mux4-ACATTGGCCTCAATGA,3
Mux4-ACATTGGCCTGAGCCA,9
Mux4-ACATTGGCCTGGCATA,9
Mux4-ACATTGGCGAATCTGA,9
Mux4-ACATTGGCCAAGACTA,9
Mux4-ACATTGGCGAGCTGAA,3
Mux4-ACATTGGCGATAGACA,3
Mux4-ACATTGGCACCACTGT,0
Mux4-ACATTGGCGCCACATA,3
Mux4-ACATTGGCACATTGGC,1
Mux4-ACATTGGCCAGATCTG,5
Mux4-ACATTGGCCATCAAGT,1
Mux4-ACATTGGCCGCTGATC,4
Mux4-CAGATCTGAACGTGAT,1
Mux4-CAGATCTGACAAGCTA,4
Mux4-CAGATCTGCTGTAGCC,4
Mux4-CAGATCTGAGTACAAG,4
Mux4-CAGATCTGAACAACCA,2
Mux4-CAGATCTGAACCGAGA,3
Mux4-CAGATCTGAACGCTTA,3
Mux4-CAGATCTGAAGACGGA,3
Mux4-CAGATCTGAAGGTACA,2
Mux4-CAGATCTGACACAGAA,4
Mux4-CAGATCTGACAGCAGA,6
Mux4-CAGATCTGAAACATCG,1
Mux4-CAGATCTGACCTCCAA,4
Mux4-CAGATCTGACGCTCGA,6
Mux4-CAGATCTGACGTATCA,6
Mux4-CAGATCTGACTATGCA,6
Mux4-CAGATCTGAGAGTCAA,6
Mux4-CAGATCTGAGATCGCA,6
Mux4-CAGATCTGAGCAGGAA,6
Mux4-CAGATCTGAGTCACTA,6
Mux4-CAGATCTGATCCTGTA,6
Mux4-CAGATCTGATTGAGGA,6
Mux4-CAGATCTGATGCCTAA,1
Mux4-CAGATCTGCAACCACA,6
Mux4-CAGATCTGGACTAGTA,6
Mux4-CAGATCTGCAATGGAA,6
Mux4-CAGATCTGCACTTCGA,6
Mux4-CAGATCTGCAGCGTTA,6
Mux4-CAGATCTGCATACCAA,6
Mux4-CAGATCTGCCAGTTCA,6
Mux4-CAGATCTGCCGAAGTA,6
Mux4-CAGATCTGCCGTGAGA,6
Mux4-CAGATCTGCCTCCTGA,6
Mux4-CAGATCTGAGTGGTCA,1
Mux4-CAGATCTGCGAACTTA,6
Mux4-CAGATCTGCGACTGGA,6
Mux4-CAGATCTGCGCATACA,3
Mux4-CAGATCTGCTCAATGA,3
Mux4-CAGATCTGCTGAGCCA,9
Mux4-CAGATCTGCTGGCATA,9
Mux4-CAGATCTGGAATCTGA,9
Mux4-CAGATCTGCAAGACTA,9
Mux4-CAGATCTGGAGCTGAA,9
Mux4-CAGATCTGGATAGACA,9
Mux4-CAGATCTGACCACTGT,1
Mux4-CAGATCTGGCCACATA,3
Mux4-CAGATCTGACATTGGC,1
Mux4-CAGATCTGCAGATCTG,1
Mux4-CAGATCTGCATCAAGT,1
Mux4-CAGATCTGCGCTGATC,5
Mux4-CATCAAGTAACGTGAT,1
Mux4-CATCAAGTACAAGCTA,4
Mux4-CATCAAGTCTGTAGCC,2
Mux4-CATCAAGTAGTACAAG,9
Mux4-CATCAAGTAACAACCA,9
Mux4-CATCAAGTAACCGAGA,3
Mux4-CATCAAGTAACGCTTA,3
Mux4-CATCAAGTAAGACGGA,3
Mux4-CATCAAGTAAGGTACA,4
Mux4-CATCAAGTACACAGAA,4
Mux4-CATCAAGTACAGCAGA,4
Mux4-CATCAAGTAAACATCG,1
Mux4-CATCAAGTACCTCCAA,4
Mux4-CATCAAGTACGCTCGA,4
Mux4-CATCAAGTACGTATCA,6
Mux4-CATCAAGTACTATGCA,6
Mux4-CATCAAGTAGAGTCAA,6
Mux4-CATCAAGTAGATCGCA,6
Mux4-CATCAAGTAGCAGGAA,6
Mux4-CATCAAGTAGTCACTA,6
Mux4-CATCAAGTATCCTGTA,6
Mux4-CATCAAGTATTGAGGA,6
Mux4-CATCAAGTATGCCTAA,1
Mux4-CATCAAGTCAACCACA,6
Mux4-CATCAAGTGACTAGTA,6
Mux4-CATCAAGTCAATGGAA,6
Mux4-CATCAAGTCACTTCGA,6
Mux4-CATCAAGTCAGCGTTA,6
Mux4-CATCAAGTCATACCAA,6
Mux4-CATCAAGTCCAGTTCA,6
Mux4-CATCAAGTCCGAAGTA,6
Mux4-CATCAAGTCCGTGAGA,6
Mux4-CATCAAGTCCTCCTGA,6
Mux4-CATCAAGTAGTGGTCA,1
Mux4-CATCAAGTCGAACTTA,6
Mux4-CATCAAGTCGACTGGA,6
Mux4-CATCAAGTCGCATACA,3
Mux4-CATCAAGTCTCAATGA,3
Mux4-CATCAAGTCTGAGCCA,9
Mux4-CATCAAGTCTGGCATA,9
Mux4-CATCAAGTGAATCTGA,9
Mux4-CATCAAGTCAAGACTA,9
Mux4-CATCAAGTGAGCTGAA,3
Mux4-CATCAAGTGATAGACA,3
Mux4-CATCAAGTACCACTGT,1
Mux4-CATCAAGTGCCACATA,3
Mux4-CATCAAGTACATTGGC,1
Mux4-CATCAAGTCAGATCTG,1
Mux4-CATCAAGTCATCAAGT,1
Mux4-CATCAAGTCGCTGATC,4
Mux4-CGCTGATCAACGTGAT,1
Mux4-CGCTGATCACAAGCTA,2
Mux4-CGCTGATCCTGTAGCC,4
Mux4-CGCTGATCAGTACAAG,4
Mux4-CGCTGATCAACAACCA,9
Mux4-CGCTGATCAACCGAGA,2
Mux4-CGCTGATCAACGCTTA,6
Mux4-CGCTGATCAAGACGGA,2
Mux4-CGCTGATCAAGGTACA,4
Mux4-CGCTGATCACACAGAA,4
Mux4-CGCTGATCACAGCAGA,9
Mux4-CGCTGATCAAACATCG,1
Mux4-CGCTGATCACCTCCAA,4
Mux4-CGCTGATCACGCTCGA,6
Mux4-CGCTGATCACGTATCA,6
Mux4-CGCTGATCACTATGCA,6
Mux4-CGCTGATCAGAGTCAA,6
Mux4-CGCTGATCAGATCGCA,6
Mux4-CGCTGATCAGCAGGAA,6
Mux4-CGCTGATCAGTCACTA,6
Mux4-CGCTGATCATCCTGTA,6
Mux4-CGCTGATCATTGAGGA,6
Mux4-CGCTGATCATGCCTAA,1
Mux4-CGCTGATCCAACCACA,6
Mux4-CGCTGATCGACTAGTA,6
Mux4-CGCTGATCCAATGGAA,6
Mux4-CGCTGATCCACTTCGA,6
Mux4-CGCTGATCCAGCGTTA,6
Mux4-CGCTGATCCATACCAA,6
Mux4-CGCTGATCCCAGTTCA,6
Mux4-CGCTGATCCCGAAGTA,6
Mux4-CGCTGATCCCGTGAGA,6
Mux4-CGCTGATCCCTCCTGA,6
Mux4-CGCTGATCAGTGGTCA,1
Mux4-CGCTGATCCGAACTTA,6
Mux4-CGCTGATCCGACTGGA,6
Mux4-CGCTGATCCGCATACA,3
Mux4-CGCTGATCCTCAATGA,3
Mux4-CGCTGATCCTGAGCCA,3
Mux4-CGCTGATCCTGGCATA,9
Mux4-CGCTGATCGAATCTGA,9
Mux4-CGCTGATCCAAGACTA,3
Mux4-CGCTGATCGAGCTGAA,3
Mux4-CGCTGATCGATAGACA,3
Mux4-CGCTGATCACCACTGT,1
Mux4-CGCTGATCGCCACATA,3
Mux4-CGCTGATCACATTGGC,1
Mux4-CGCTGATCCAGATCTG,1
Mux4-CGCTGATCCATCAAGT,1
Mux4-CGCTGATCCGCTGATC,1
spatial-atac-AACGTGATAAACATCG,10
spatial-atac-AACGTGATATGCCTAA,0
spatial-atac-AACGTGATAGTGGTCA,0
spatial-atac-AACGTGATACCACTGT,8
spatial-atac-AACGTGATACATTGGC,8
spatial-atac-AACGTGATCAGATCTG,0
spatial-atac-AACGTGATCATCAAGT,0
spatial-atac-AACGTGATCGCTGATC,0
spatial-atac-AACGTGATACAAGCTA,0
spatial-atac-AACGTGATCTGTAGCC,0
spatial-atac-AACGTGATAGTACAAG,0
spatial-atac-AACGTGATAACAACCA,1
spatial-atac-AACGTGATAACCGAGA,5
spatial-atac-AACGTGATAACGCTTA,0
spatial-atac-AACGTGATAAGACGGA,1
spatial-atac-AACGTGATAAGGTACA,5
spatial-atac-AACGTGATACACAGAA,0
spatial-atac-AACGTGATACAGCAGA,0
spatial-atac-AACGTGATACCTCCAA,0
spatial-atac-AACGTGATACGCTCGA,0
spatial-atac-AACGTGATACGTATCA,8
spatial-atac-AACGTGATACTATGCA,0
spatial-atac-AACGTGATAGAGTCAA,0
spatial-atac-AACGTGATAGATCGCA,8
spatial-atac-AACGTGATAGCAGGAA,0
spatial-atac-AACGTGATAGTCACTA,0
spatial-atac-AACGTGATATCCTGTA,0
spatial-atac-AACGTGATATTGAGGA,8
spatial-atac-AACGTGATCAACCACA,0
spatial-atac-AACGTGATGACTAGTA,3
spatial-atac-AACGTGATCAATGGAA,3
spatial-atac-AACGTGATCACTTCGA,3
spatial-atac-AACGTGATCAGCGTTA,3
spatial-atac-AACGTGATCATACCAA,0
spatial-atac-AACGTGATCCAGTTCA,4
spatial-atac-AACGTGATCCGAAGTA,9
spatial-atac-AACGTGATCCGTGAGA,0
spatial-atac-AACGTGATCCTCCTGA,0
spatial-atac-AACGTGATCGAACTTA,1
spatial-atac-AACGTGATCGACTGGA,1
spatial-atac-AACGTGATCGCATACA,1
spatial-atac-AACGTGATCTCAATGA,1
spatial-atac-AACGTGATCTGAGCCA,0
spatial-atac-AACGTGATCTGGCATA,1
spatial-atac-AACGTGATGAATCTGA,1
spatial-atac-AACGTGATCAAGACTA,5
spatial-atac-AACGTGATGAGCTGAA,5
spatial-atac-AACGTGATGATAGACA,5
spatial-atac-AACGTGATGCCACATA,1
spatial-atac-AAACATCGAACGTGAT,0
spatial-atac-AAACATCGAAACATCG,3
spatial-atac-AAACATCGATGCCTAA,2
spatial-atac-AAACATCGAGTGGTCA,8
spatial-atac-AAACATCGACCACTGT,8
spatial-atac-AAACATCGACATTGGC,8
spatial-atac-AAACATCGCAGATCTG,0
spatial-atac-AAACATCGCATCAAGT,0
spatial-atac-AAACATCGCGCTGATC,0
spatial-atac-AAACATCGACAAGCTA,0
spatial-atac-AAACATCGCTGTAGCC,1
spatial-atac-AAACATCGAGTACAAG,1
spatial-atac-AAACATCGAACAACCA,5
spatial-atac-AAACATCGAACCGAGA,5
spatial-atac-AAACATCGAACGCTTA,5
spatial-atac-AAACATCGAAGACGGA,5
spatial-atac-AAACATCGAAGGTACA,5
spatial-atac-AAACATCGACACAGAA,0
spatial-atac-AAACATCGACAGCAGA,0
spatial-atac-AAACATCGACCTCCAA,0
spatial-atac-AAACATCGACGCTCGA,0
spatial-atac-AAACATCGACGTATCA,0
spatial-atac-AAACATCGACTATGCA,0
spatial-atac-AAACATCGAGAGTCAA,8
spatial-atac-AAACATCGAGATCGCA,8
spatial-atac-AAACATCGAGCAGGAA,8
spatial-atac-AAACATCGAGTCACTA,8
spatial-atac-AAACATCGATCCTGTA,0
spatial-atac-AAACATCGATTGAGGA,1
spatial-atac-AAACATCGCAACCACA,0
spatial-atac-AAACATCGGACTAGTA,3
spatial-atac-AAACATCGCAATGGAA,3
spatial-atac-AAACATCGCACTTCGA,9
spatial-atac-AAACATCGCAGCGTTA,0
spatial-atac-AAACATCGCATACCAA,0
spatial-atac-AAACATCGCCAGTTCA,0
spatial-atac-AAACATCGCCGAAGTA,0
spatial-atac-AAACATCGCCGTGAGA,8
spatial-atac-AAACATCGCCTCCTGA,8
spatial-atac-AAACATCGCGAACTTA,0
spatial-atac-AAACATCGCGACTGGA,1
spatial-atac-AAACATCGCGCATACA,1
spatial-atac-AAACATCGCTCAATGA,1
spatial-atac-AAACATCGCTGAGCCA,1
spatial-atac-AAACATCGCTGGCATA,1
spatial-atac-AAACATCGGAATCTGA,1
spatial-atac-AAACATCGCAAGACTA,5
spatial-atac-AAACATCGGAGCTGAA,5
spatial-atac-AAACATCGGATAGACA,5
spatial-atac-AAACATCGGCCACATA,1
spatial-atac-ATGCCTAAAACGTGAT,3
spatial-atac-ATGCCTAAAAACATCG,9
spatial-atac-ATGCCTAAATGCCTAA,0
spatial-atac-ATGCCTAAAGTGGTCA,8
spatial-atac-ATGCCTAAACCACTGT,0
spatial-atac-ATGCCTAAACATTGGC,0
spatial-atac-ATGCCTAACAGATCTG,0
spatial-atac-ATGCCTAACATCAAGT,0
spatial-atac-ATGCCTAACGCTGATC,0
spatial-atac-ATGCCTAAACAAGCTA,0
spatial-atac-ATGCCTAACTGTAGCC,1
spatial-atac-ATGCCTAAAGTACAAG,5
spatial-atac-ATGCCTAAAACAACCA,5
spatial-atac-ATGCCTAAAACCGAGA,5
spatial-atac-ATGCCTAAAACGCTTA,0
spatial-atac-ATGCCTAAAAGACGGA,2
spatial-atac-ATGCCTAAAAGGTACA,0
spatial-atac-ATGCCTAAACACAGAA,5
spatial-atac-ATGCCTAAACAGCAGA,1
spatial-atac-ATGCCTAAACCTCCAA,0
spatial-atac-ATGCCTAAACGCTCGA,0
spatial-atac-ATGCCTAAACGTATCA,0
spatial-atac-ATGCCTAAACTATGCA,0
spatial-atac-ATGCCTAAAGAGTCAA,0
spatial-atac-ATGCCTAAAGATCGCA,8
spatial-atac-ATGCCTAAAGCAGGAA,0
spatial-atac-ATGCCTAAAGTCACTA,0
spatial-atac-ATGCCTAAATCCTGTA,0
spatial-atac-ATGCCTAAATTGAGGA,2
spatial-atac-ATGCCTAACAACCACA,3
spatial-atac-ATGCCTAAGACTAGTA,3
spatial-atac-ATGCCTAACAATGGAA,9
spatial-atac-ATGCCTAACACTTCGA,0
spatial-atac-ATGCCTAACAGCGTTA,6
spatial-atac-ATGCCTAACATACCAA,0
spatial-atac-ATGCCTAACCAGTTCA,2
spatial-atac-ATGCCTAACCGAAGTA,8
spatial-atac-ATGCCTAACCGTGAGA,0
spatial-atac-ATGCCTAACCTCCTGA,8
spatial-atac-ATGCCTAACGAACTTA,8
spatial-atac-ATGCCTAACGACTGGA,1
spatial-atac-ATGCCTAACGCATACA,1
spatial-atac-ATGCCTAACTCAATGA,1
spatial-atac-ATGCCTAACTGAGCCA,1
spatial-atac-ATGCCTAACTGGCATA,1
spatial-atac-ATGCCTAAGAATCTGA,1
spatial-atac-ATGCCTAACAAGACTA,1
spatial-atac-ATGCCTAAGAGCTGAA,5
spatial-atac-ATGCCTAAGATAGACA,1
spatial-atac-ATGCCTAAGCCACATA,5
spatial-atac-AGTGGTCAAACGTGAT,3
spatial-atac-AGTGGTCAAAACATCG,9
spatial-atac-AGTGGTCAATGCCTAA,0
spatial-atac-AGTGGTCAAGTGGTCA,8
spatial-atac-AGTGGTCAACCACTGT,0
spatial-atac-AGTGGTCAACATTGGC,1
spatial-atac-AGTGGTCACAGATCTG,2
spatial-atac-AGTGGTCACATCAAGT,0
spatial-atac-AGTGGTCACGCTGATC,1
spatial-atac-AGTGGTCAACAAGCTA,8
spatial-atac-AGTGGTCACTGTAGCC,1
spatial-atac-AGTGGTCAAGTACAAG,5
spatial-atac-AGTGGTCAAACAACCA,0
spatial-atac-AGTGGTCAAACCGAGA,5
spatial-atac-AGTGGTCAAACGCTTA,0
spatial-atac-AGTGGTCAAAGACGGA,5
spatial-atac-AGTGGTCAAAGGTACA,0
spatial-atac-AGTGGTCAACACAGAA,5
spatial-atac-AGTGGTCAACAGCAGA,0
spatial-atac-AGTGGTCAACCTCCAA,0
spatial-atac-AGTGGTCAACGCTCGA,0
spatial-atac-AGTGGTCAACGTATCA,0
spatial-atac-AGTGGTCAACTATGCA,0
spatial-atac-AGTGGTCAAGAGTCAA,0
spatial-atac-AGTGGTCAAGATCGCA,8
spatial-atac-AGTGGTCAAGCAGGAA,0
spatial-atac-AGTGGTCAAGTCACTA,0
spatial-atac-AGTGGTCAATCCTGTA,9
spatial-atac-AGTGGTCAATTGAGGA,3
spatial-atac-AGTGGTCACAACCACA,9
spatial-atac-AGTGGTCAGACTAGTA,2
spatial-atac-AGTGGTCACAATGGAA,0
spatial-atac-AGTGGTCACACTTCGA,0
spatial-atac-AGTGGTCACAGCGTTA,0
spatial-atac-AGTGGTCACATACCAA,0
spatial-atac-AGTGGTCACCAGTTCA,0
spatial-atac-AGTGGTCACCGAAGTA,0
spatial-atac-AGTGGTCACCGTGAGA,10
spatial-atac-AGTGGTCACCTCCTGA,0
spatial-atac-AGTGGTCACGAACTTA,0
spatial-atac-AGTGGTCACGACTGGA,0
spatial-atac-AGTGGTCACGCATACA,8
spatial-atac-AGTGGTCACTCAATGA,1
spatial-atac-AGTGGTCACTGAGCCA,1
spatial-atac-AGTGGTCACTGGCATA,1
spatial-atac-AGTGGTCAGAATCTGA,1
spatial-atac-AGTGGTCACAAGACTA,1
spatial-atac-AGTGGTCAGAGCTGAA,5
spatial-atac-AGTGGTCAGATAGACA,5
spatial-atac-AGTGGTCAGCCACATA,5
spatial-atac-ACCACTGTAACGTGAT,9
spatial-atac-ACCACTGTAAACATCG,0
spatial-atac-ACCACTGTATGCCTAA,8
spatial-atac-ACCACTGTAGTGGTCA,0
spatial-atac-ACCACTGTACCACTGT,0
spatial-atac-ACCACTGTACATTGGC,0
spatial-atac-ACCACTGTCAGATCTG,0
spatial-atac-ACCACTGTCATCAAGT,0
spatial-atac-ACCACTGTCGCTGATC,0
spatial-atac-ACCACTGTACAAGCTA,1
spatial-atac-ACCACTGTCTGTAGCC,1
spatial-atac-ACCACTGTAGTACAAG,0
spatial-atac-ACCACTGTAACAACCA,5
spatial-atac-ACCACTGTAACCGAGA,5
spatial-atac-ACCACTGTAACGCTTA,5
spatial-atac-ACCACTGTAAGACGGA,5
spatial-atac-ACCACTGTAAGGTACA,0
spatial-atac-ACCACTGTACACAGAA,0
spatial-atac-ACCACTGTACAGCAGA,0
spatial-atac-ACCACTGTACCTCCAA,0
spatial-atac-ACCACTGTACGCTCGA,0
spatial-atac-ACCACTGTACGTATCA,0
spatial-atac-ACCACTGTACTATGCA,0
spatial-atac-ACCACTGTAGAGTCAA,8
spatial-atac-ACCACTGTAGATCGCA,8
spatial-atac-ACCACTGTAGCAGGAA,0
spatial-atac-ACCACTGTAGTCACTA,2
spatial-atac-ACCACTGTATCCTGTA,4
spatial-atac-ACCACTGTATTGAGGA,2
spatial-atac-ACCACTGTCAACCACA,0
spatial-atac-ACCACTGTGACTAGTA,0
spatial-atac-ACCACTGTCAATGGAA,0
spatial-atac-ACCACTGTCACTTCGA,0
spatial-atac-ACCACTGTCAGCGTTA,0
spatial-atac-ACCACTGTCATACCAA,0
spatial-atac-ACCACTGTCCAGTTCA,0
spatial-atac-ACCACTGTCCGAAGTA,0
spatial-atac-ACCACTGTCCGTGAGA,0
spatial-atac-ACCACTGTCCTCCTGA,0
spatial-atac-ACCACTGTCGAACTTA,0
spatial-atac-ACCACTGTCGACTGGA,0
spatial-atac-ACCACTGTCGCATACA,8
spatial-atac-ACCACTGTCTCAATGA,1
spatial-atac-ACCACTGTCTGAGCCA,1
spatial-atac-ACCACTGTCTGGCATA,1
spatial-atac-ACCACTGTGAATCTGA,1
spatial-atac-ACCACTGTCAAGACTA,1
spatial-atac-ACCACTGTGAGCTGAA,5
spatial-atac-ACCACTGTGATAGACA,5
spatial-atac-ACCACTGTGCCACATA,5
spatial-atac-ACATTGGCAACGTGAT,0
spatial-atac-ACATTGGCAAACATCG,8
spatial-atac-ACATTGGCATGCCTAA,8
spatial-atac-ACATTGGCAGTGGTCA,8
spatial-atac-ACATTGGCACCACTGT,0
spatial-atac-ACATTGGCACATTGGC,0
spatial-atac-ACATTGGCCAGATCTG,0
spatial-atac-ACATTGGCCATCAAGT,0
spatial-atac-ACATTGGCCGCTGATC,1
spatial-atac-ACATTGGCACAAGCTA,1
spatial-atac-ACATTGGCCTGTAGCC,0
spatial-atac-ACATTGGCAGTACAAG,0
spatial-atac-ACATTGGCAACAACCA,5
spatial-atac-ACATTGGCAACCGAGA,5
spatial-atac-ACATTGGCAACGCTTA,5
spatial-atac-ACATTGGCAAGACGGA,0
spatial-atac-ACATTGGCAAGGTACA,0
spatial-atac-ACATTGGCACACAGAA,0
spatial-atac-ACATTGGCACAGCAGA,1
spatial-atac-ACATTGGCACCTCCAA,0
spatial-atac-ACATTGGCACGCTCGA,0
spatial-atac-ACATTGGCACGTATCA,0
spatial-atac-ACATTGGCACTATGCA,0
spatial-atac-ACATTGGCAGAGTCAA,0
spatial-atac-ACATTGGCAGATCGCA,2
spatial-atac-ACATTGGCAGCAGGAA,4
spatial-atac-ACATTGGCAGTCACTA,2
spatial-atac-ACATTGGCATCCTGTA,3
spatial-atac-ACATTGGCATTGAGGA,3
spatial-atac-ACATTGGCCAACCACA,0
spatial-atac-ACATTGGCGACTAGTA,0
spatial-atac-ACATTGGCCAATGGAA,0
spatial-atac-ACATTGGCCACTTCGA,0
spatial-atac-ACATTGGCCAGCGTTA,0
spatial-atac-ACATTGGCCATACCAA,0
spatial-atac-ACATTGGCCCAGTTCA,0
spatial-atac-ACATTGGCCCGAAGTA,0
spatial-atac-ACATTGGCCCGTGAGA,0
spatial-atac-ACATTGGCCCTCCTGA,8
spatial-atac-ACATTGGCCGAACTTA,0
spatial-atac-ACATTGGCCGACTGGA,0
spatial-atac-ACATTGGCCGCATACA,8
spatial-atac-ACATTGGCCTCAATGA,0
spatial-atac-ACATTGGCCTGAGCCA,1
spatial-atac-ACATTGGCCTGGCATA,1
spatial-atac-ACATTGGCGAATCTGA,1
spatial-atac-ACATTGGCCAAGACTA,1
spatial-atac-ACATTGGCGAGCTGAA,1
spatial-atac-ACATTGGCGATAGACA,5
spatial-atac-ACATTGGCGCCACATA,5
spatial-atac-CAGATCTGAACGTGAT,8
spatial-atac-CAGATCTGAAACATCG,0
spatial-atac-CAGATCTGATGCCTAA,0
spatial-atac-CAGATCTGAGTGGTCA,0
spatial-atac-CAGATCTGACCACTGT,0
spatial-atac-CAGATCTGACATTGGC,0
spatial-atac-CAGATCTGCAGATCTG,8
spatial-atac-CAGATCTGCATCAAGT,1
spatial-atac-CAGATCTGCGCTGATC,0
spatial-atac-CAGATCTGACAAGCTA,0
spatial-atac-CAGATCTGCTGTAGCC,2
spatial-atac-CAGATCTGAGTACAAG,5
spatial-atac-CAGATCTGAACAACCA,5
spatial-atac-CAGATCTGAACCGAGA,5
spatial-atac-CAGATCTGAACGCTTA,5
spatial-atac-CAGATCTGAAGACGGA,0
spatial-atac-CAGATCTGAAGGTACA,0
spatial-atac-CAGATCTGACACAGAA,0
spatial-atac-CAGATCTGACAGCAGA,0
spatial-atac-CAGATCTGACCTCCAA,0
spatial-atac-CAGATCTGACGCTCGA,0
spatial-atac-CAGATCTGACGTATCA,0
spatial-atac-CAGATCTGACTATGCA,0
spatial-atac-CAGATCTGAGAGTCAA,0
spatial-atac-CAGATCTGAGATCGCA,8
spatial-atac-CAGATCTGAGCAGGAA,9
spatial-atac-CAGATCTGAGTCACTA,9
spatial-atac-CAGATCTGATCCTGTA,0
spatial-atac-CAGATCTGATTGAGGA,3
spatial-atac-CAGATCTGCAACCACA,0
spatial-atac-CAGATCTGGACTAGTA,0
spatial-atac-CAGATCTGCAATGGAA,0
spatial-atac-CAGATCTGCACTTCGA,0
spatial-atac-CAGATCTGCAGCGTTA,4
spatial-atac-CAGATCTGCATACCAA,9
spatial-atac-CAGATCTGCCAGTTCA,0
spatial-atac-CAGATCTGCCGAAGTA,0
spatial-atac-CAGATCTGCCGTGAGA,8
spatial-atac-CAGATCTGCCTCCTGA,0
spatial-atac-CAGATCTGCGAACTTA,8
spatial-atac-CAGATCTGCGACTGGA,0
spatial-atac-CAGATCTGCGCATACA,8
spatial-atac-CAGATCTGCTCAATGA,0
spatial-atac-CAGATCTGCTGAGCCA,0
spatial-atac-CAGATCTGCTGGCATA,1
spatial-atac-CAGATCTGGAATCTGA,1
spatial-atac-CAGATCTGCAAGACTA,1
spatial-atac-CAGATCTGGAGCTGAA,1
spatial-atac-CAGATCTGGATAGACA,5
spatial-atac-CAGATCTGGCCACATA,5
spatial-atac-CATCAAGTAACGTGAT,8
spatial-atac-CATCAAGTAAACATCG,0
spatial-atac-CATCAAGTATGCCTAA,0
spatial-atac-CATCAAGTAGTGGTCA,1
spatial-atac-CATCAAGTACCACTGT,0
spatial-atac-CATCAAGTACATTGGC,8
spatial-atac-CATCAAGTCAGATCTG,1
spatial-atac-CATCAAGTCATCAAGT,1
spatial-atac-CATCAAGTCGCTGATC,0
spatial-atac-CATCAAGTACAAGCTA,0
spatial-atac-CATCAAGTCTGTAGCC,5
spatial-atac-CATCAAGTAGTACAAG,5
spatial-atac-CATCAAGTAACAACCA,5
spatial-atac-CATCAAGTAACCGAGA,5
spatial-atac-CATCAAGTAACGCTTA,1
spatial-atac-CATCAAGTAAGACGGA,0
spatial-atac-CATCAAGTAAGGTACA,0
spatial-atac-CATCAAGTACACAGAA,0
spatial-atac-CATCAAGTACAGCAGA,0
spatial-atac-CATCAAGTACCTCCAA,0
spatial-atac-CATCAAGTACGCTCGA,0
spatial-atac-CATCAAGTACGTATCA,10
spatial-atac-CATCAAGTACTATGCA,9
spatial-atac-CATCAAGTAGAGTCAA,9
spatial-atac-CATCAAGTAGATCGCA,8
spatial-atac-CATCAAGTAGCAGGAA,9
spatial-atac-CATCAAGTAGTCACTA,10
spatial-atac-CATCAAGTATCCTGTA,3
spatial-atac-CATCAAGTATTGAGGA,3
spatial-atac-CATCAAGTCAACCACA,3
spatial-atac-CATCAAGTGACTAGTA,9
spatial-atac-CATCAAGTCAATGGAA,9
spatial-atac-CATCAAGTCACTTCGA,9
spatial-atac-CATCAAGTCAGCGTTA,6
spatial-atac-CATCAAGTCATACCAA,9
spatial-atac-CATCAAGTCCAGTTCA,0
spatial-atac-CATCAAGTCCGAAGTA,0
spatial-atac-CATCAAGTCCGTGAGA,8
spatial-atac-CATCAAGTCCTCCTGA,0
spatial-atac-CATCAAGTCGAACTTA,0
spatial-atac-CATCAAGTCGACTGGA,0
spatial-atac-CATCAAGTCGCATACA,8
spatial-atac-CATCAAGTCTCAATGA,0
spatial-atac-CATCAAGTCTGAGCCA,0
spatial-atac-CATCAAGTCTGGCATA,0
spatial-atac-CATCAAGTGAATCTGA,0
spatial-atac-CATCAAGTCAAGACTA,1
spatial-atac-CATCAAGTGAGCTGAA,1
spatial-atac-CATCAAGTGATAGACA,5
spatial-atac-CATCAAGTGCCACATA,5
spatial-atac-CGCTGATCAACGTGAT,5
spatial-atac-CGCTGATCAAACATCG,1
spatial-atac-CGCTGATCATGCCTAA,0
spatial-atac-CGCTGATCAGTGGTCA,1
spatial-atac-CGCTGATCACCACTGT,0
spatial-atac-CGCTGATCACATTGGC,1
spatial-atac-CGCTGATCCAGATCTG,1
spatial-atac-CGCTGATCCATCAAGT,0
spatial-atac-CGCTGATCCGCTGATC,0
spatial-atac-CGCTGATCACAAGCTA,1
spatial-atac-CGCTGATCCTGTAGCC,5
spatial-atac-CGCTGATCAGTACAAG,5
spatial-atac-CGCTGATCAACAACCA,5
spatial-atac-CGCTGATCAACCGAGA,5
spatial-atac-CGCTGATCAACGCTTA,11
spatial-atac-CGCTGATCAAGACGGA,0
spatial-atac-CGCTGATCAAGGTACA,0
spatial-atac-CGCTGATCACACAGAA,0
spatial-atac-CGCTGATCACAGCAGA,0
spatial-atac-CGCTGATCACCTCCAA,0
spatial-atac-CGCTGATCACGCTCGA,0
spatial-atac-CGCTGATCACGTATCA,4
spatial-atac-CGCTGATCACTATGCA,6
spatial-atac-CGCTGATCAGAGTCAA,9
spatial-atac-CGCTGATCAGATCGCA,8
spatial-atac-CGCTGATCAGCAGGAA,9
spatial-atac-CGCTGATCAGTCACTA,2
spatial-atac-CGCTGATCATCCTGTA,3
spatial-atac-CGCTGATCATTGAGGA,3
spatial-atac-CGCTGATCCAACCACA,3
spatial-atac-CGCTGATCGACTAGTA,6
spatial-atac-CGCTGATCCAATGGAA,9
spatial-atac-CGCTGATCCACTTCGA,9
spatial-atac-CGCTGATCCAGCGTTA,7
spatial-atac-CGCTGATCCATACCAA,9
spatial-atac-CGCTGATCCCAGTTCA,0
spatial-atac-CGCTGATCCCGAAGTA,0
spatial-atac-CGCTGATCCCGTGAGA,0
spatial-atac-CGCTGATCCCTCCTGA,0
spatial-atac-CGCTGATCCGAACTTA,0
spatial-atac-CGCTGATCCGACTGGA,0
spatial-atac-CGCTGATCCGCATACA,8
spatial-atac-CGCTGATCCTCAATGA,0
spatial-atac-CGCTGATCCTGAGCCA,0
spatial-atac-CGCTGATCCTGGCATA,8
spatial-atac-CGCTGATCGAATCTGA,0
spatial-atac-CGCTGATCCAAGACTA,1
spatial-atac-CGCTGATCGAGCTGAA,1
spatial-atac-CGCTGATCGATAGACA,5
spatial-atac-CGCTGATCGCCACATA,5
spatial-atac-ACAAGCTAAACGTGAT,1
spatial-atac-ACAAGCTAAAACATCG,1
spatial-atac-ACAAGCTAATGCCTAA,0
spatial-atac-ACAAGCTAAGTGGTCA,1
spatial-atac-ACAAGCTAACCACTGT,0
spatial-atac-ACAAGCTAACATTGGC,0
spatial-atac-ACAAGCTACAGATCTG,0
spatial-atac-ACAAGCTACATCAAGT,0
spatial-atac-ACAAGCTACGCTGATC,1
spatial-atac-ACAAGCTAACAAGCTA,5
spatial-atac-ACAAGCTACTGTAGCC,5
spatial-atac-ACAAGCTAAGTACAAG,5
spatial-atac-ACAAGCTAAACAACCA,5
spatial-atac-ACAAGCTAAACCGAGA,1
spatial-atac-ACAAGCTAAACGCTTA,0
spatial-atac-ACAAGCTAAAGACGGA,0
spatial-atac-ACAAGCTAAAGGTACA,0
spatial-atac-ACAAGCTAACACAGAA,0
spatial-atac-ACAAGCTAACAGCAGA,0
spatial-atac-ACAAGCTAACCTCCAA,0
spatial-atac-ACAAGCTAACGCTCGA,0
spatial-atac-ACAAGCTAACGTATCA,2
spatial-atac-ACAAGCTAACTATGCA,9
spatial-atac-ACAAGCTAAGAGTCAA,3
spatial-atac-ACAAGCTAAGATCGCA,8
spatial-atac-ACAAGCTAAGCAGGAA,0
spatial-atac-ACAAGCTAAGTCACTA,0
spatial-atac-ACAAGCTAATCCTGTA,3
spatial-atac-ACAAGCTAATTGAGGA,0
spatial-atac-ACAAGCTACAACCACA,0
spatial-atac-ACAAGCTAGACTAGTA,0
spatial-atac-ACAAGCTACAATGGAA,9
spatial-atac-ACAAGCTACACTTCGA,2
spatial-atac-ACAAGCTACAGCGTTA,2
spatial-atac-ACAAGCTACATACCAA,9
spatial-atac-ACAAGCTACCAGTTCA,0
spatial-atac-ACAAGCTACCGAAGTA,0
spatial-atac-ACAAGCTACCGTGAGA,0
spatial-atac-ACAAGCTACCTCCTGA,0
spatial-atac-ACAAGCTACGAACTTA,0
spatial-atac-ACAAGCTACGACTGGA,0
spatial-atac-ACAAGCTACGCATACA,0
spatial-atac-ACAAGCTACTCAATGA,0
spatial-atac-ACAAGCTACTGAGCCA,0
spatial-atac-ACAAGCTACTGGCATA,0
spatial-atac-ACAAGCTAGAATCTGA,8
spatial-atac-ACAAGCTACAAGACTA,8
spatial-atac-ACAAGCTAGAGCTGAA,1
spatial-atac-ACAAGCTAGATAGACA,5
spatial-atac-ACAAGCTAGCCACATA,5
spatial-atac-CTGTAGCCAACGTGAT,0
spatial-atac-CTGTAGCCAAACATCG,1
spatial-atac-CTGTAGCCATGCCTAA,0
spatial-atac-CTGTAGCCAGTGGTCA,1
spatial-atac-CTGTAGCCACCACTGT,6
spatial-atac-CTGTAGCCACATTGGC,0
spatial-atac-CTGTAGCCCAGATCTG,0
spatial-atac-CTGTAGCCCATCAAGT,1
spatial-atac-CTGTAGCCCGCTGATC,1
spatial-atac-CTGTAGCCACAAGCTA,5
spatial-atac-CTGTAGCCCTGTAGCC,5
spatial-atac-CTGTAGCCAGTACAAG,5
spatial-atac-CTGTAGCCAACAACCA,1
spatial-atac-CTGTAGCCAACCGAGA,0
spatial-atac-CTGTAGCCAACGCTTA,0
spatial-atac-CTGTAGCCAAGACGGA,1
spatial-atac-CTGTAGCCAAGGTACA,0
spatial-atac-CTGTAGCCACACAGAA,0
spatial-atac-CTGTAGCCACAGCAGA,0
spatial-atac-CTGTAGCCACCTCCAA,0
spatial-atac-CTGTAGCCACGCTCGA,0
spatial-atac-CTGTAGCCACGTATCA,4
spatial-atac-CTGTAGCCACTATGCA,9
spatial-atac-CTGTAGCCAGAGTCAA,0
spatial-atac-CTGTAGCCAGATCGCA,8
spatial-atac-CTGTAGCCAGCAGGAA,9
spatial-atac-CTGTAGCCAGTCACTA,3
spatial-atac-CTGTAGCCATCCTGTA,3
spatial-atac-CTGTAGCCATTGAGGA,0
spatial-atac-CTGTAGCCCAACCACA,0
spatial-atac-CTGTAGCCGACTAGTA,2
spatial-atac-CTGTAGCCCAATGGAA,0
spatial-atac-CTGTAGCCCACTTCGA,0
spatial-atac-CTGTAGCCCAGCGTTA,2
spatial-atac-CTGTAGCCCATACCAA,2
spatial-atac-CTGTAGCCCCAGTTCA,2
spatial-atac-CTGTAGCCCCGAAGTA,6
spatial-atac-CTGTAGCCCCGTGAGA,0
spatial-atac-CTGTAGCCCCTCCTGA,0
spatial-atac-CTGTAGCCCGAACTTA,4
spatial-atac-CTGTAGCCCGACTGGA,0
spatial-atac-CTGTAGCCCGCATACA,0
spatial-atac-CTGTAGCCCTCAATGA,0
spatial-atac-CTGTAGCCCTGAGCCA,0
spatial-atac-CTGTAGCCCTGGCATA,8
spatial-atac-CTGTAGCCGAATCTGA,0
spatial-atac-CTGTAGCCCAAGACTA,8
spatial-atac-CTGTAGCCGAGCTGAA,9
spatial-atac-CTGTAGCCGATAGACA,0
spatial-atac-CTGTAGCCGCCACATA,5
spatial-atac-AGTACAAGAACGTGAT,1
spatial-atac-AGTACAAGAAACATCG,0
spatial-atac-AGTACAAGATGCCTAA,0
spatial-atac-AGTACAAGAGTGGTCA,1
spatial-atac-AGTACAAGACCACTGT,1
spatial-atac-AGTACAAGACATTGGC,1
spatial-atac-AGTACAAGCAGATCTG,1
spatial-atac-AGTACAAGCATCAAGT,1
spatial-atac-AGTACAAGCGCTGATC,5
spatial-atac-AGTACAAGACAAGCTA,5
spatial-atac-AGTACAAGCTGTAGCC,5
spatial-atac-AGTACAAGAGTACAAG,1
spatial-atac-AGTACAAGAACAACCA,0
spatial-atac-AGTACAAGAACCGAGA,1
spatial-atac-AGTACAAGAACGCTTA,0
spatial-atac-AGTACAAGAAGACGGA,0
spatial-atac-AGTACAAGAAGGTACA,0
spatial-atac-AGTACAAGACACAGAA,1
spatial-atac-AGTACAAGACAGCAGA,0
spatial-atac-AGTACAAGACCTCCAA,0
spatial-atac-AGTACAAGACGCTCGA,9
spatial-atac-AGTACAAGACGTATCA,9
spatial-atac-AGTACAAGACTATGCA,10
spatial-atac-AGTACAAGAGAGTCAA,9
spatial-atac-AGTACAAGAGATCGCA,8
spatial-atac-AGTACAAGAGCAGGAA,3
spatial-atac-AGTACAAGAGTCACTA,3
spatial-atac-AGTACAAGATCCTGTA,3
spatial-atac-AGTACAAGATTGAGGA,3
spatial-atac-AGTACAAGCAACCACA,3
spatial-atac-AGTACAAGGACTAGTA,3
spatial-atac-AGTACAAGCAATGGAA,0
spatial-atac-AGTACAAGCACTTCGA,0
spatial-atac-AGTACAAGCAGCGTTA,0
spatial-atac-AGTACAAGCATACCAA,4
spatial-atac-AGTACAAGCCAGTTCA,2
spatial-atac-AGTACAAGCCGAAGTA,2
spatial-atac-AGTACAAGCCGTGAGA,10
spatial-atac-AGTACAAGCCTCCTGA,0
spatial-atac-AGTACAAGCGAACTTA,4
spatial-atac-AGTACAAGCGACTGGA,6
spatial-atac-AGTACAAGCGCATACA,8
spatial-atac-AGTACAAGCTCAATGA,0
spatial-atac-AGTACAAGCTGAGCCA,0
spatial-atac-AGTACAAGCTGGCATA,8
spatial-atac-AGTACAAGGAATCTGA,8
spatial-atac-AGTACAAGCAAGACTA,8
spatial-atac-AGTACAAGGAGCTGAA,8
spatial-atac-AGTACAAGGATAGACA,0
spatial-atac-AGTACAAGGCCACATA,5
spatial-atac-AACAACCAAACGTGAT,0
spatial-atac-AACAACCAAAACATCG,5
spatial-atac-AACAACCAATGCCTAA,0
spatial-atac-AACAACCAAGTGGTCA,1
spatial-atac-AACAACCAACCACTGT,1
spatial-atac-AACAACCAACATTGGC,5
spatial-atac-AACAACCACAGATCTG,5
spatial-atac-AACAACCACATCAAGT,5
spatial-atac-AACAACCACGCTGATC,5
spatial-atac-AACAACCAACAAGCTA,1
spatial-atac-AACAACCACTGTAGCC,1
spatial-atac-AACAACCAAGTACAAG,5
spatial-atac-AACAACCAAACAACCA,0
spatial-atac-AACAACCAAACCGAGA,0
spatial-atac-AACAACCAAACGCTTA,0
spatial-atac-AACAACCAAAGACGGA,0
spatial-atac-AACAACCAAAGGTACA,1
spatial-atac-AACAACCAACACAGAA,0
spatial-atac-AACAACCAACAGCAGA,0
spatial-atac-AACAACCAACCTCCAA,0
spatial-atac-AACAACCAACGCTCGA,2
spatial-atac-AACAACCAACGTATCA,9
spatial-atac-AACAACCAACTATGCA,0
spatial-atac-AACAACCAAGAGTCAA,9
spatial-atac-AACAACCAAGATCGCA,8
spatial-atac-AACAACCAAGCAGGAA,3
spatial-atac-AACAACCAAGTCACTA,3
spatial-atac-AACAACCAATCCTGTA,3
spatial-atac-AACAACCAATTGAGGA,3
spatial-atac-AACAACCACAACCACA,3
spatial-atac-AACAACCAGACTAGTA,3
spatial-atac-AACAACCACAATGGAA,0
spatial-atac-AACAACCACACTTCGA,0
spatial-atac-AACAACCACAGCGTTA,6
spatial-atac-AACAACCACATACCAA,2
spatial-atac-AACAACCACCAGTTCA,0
spatial-atac-AACAACCACCGAAGTA,0
spatial-atac-AACAACCACCGTGAGA,0
spatial-atac-AACAACCACCTCCTGA,0
spatial-atac-AACAACCACGAACTTA,6
spatial-atac-AACAACCACGACTGGA,6
spatial-atac-AACAACCACGCATACA,6
spatial-atac-AACAACCACTCAATGA,0
spatial-atac-AACAACCACTGAGCCA,0
spatial-atac-AACAACCACTGGCATA,0
spatial-atac-AACAACCAGAATCTGA,0
spatial-atac-AACAACCACAAGACTA,0
spatial-atac-AACAACCAGAGCTGAA,8
spatial-atac-AACAACCAGATAGACA,0
spatial-atac-AACAACCAGCCACATA,1
spatial-atac-AACCGAGAAACGTGAT,5
spatial-atac-AACCGAGAAAACATCG,5
spatial-atac-AACCGAGAATGCCTAA,5
spatial-atac-AACCGAGAAGTGGTCA,1
spatial-atac-AACCGAGAACCACTGT,1
spatial-atac-AACCGAGAACATTGGC,1
spatial-atac-AACCGAGACAGATCTG,5
spatial-atac-AACCGAGACATCAAGT,5
spatial-atac-AACCGAGACGCTGATC,5
spatial-atac-AACCGAGAACAAGCTA,5
spatial-atac-AACCGAGACTGTAGCC,1
spatial-atac-AACCGAGAAGTACAAG,1
spatial-atac-AACCGAGAAACAACCA,1
spatial-atac-AACCGAGAAACCGAGA,1
spatial-atac-AACCGAGAAACGCTTA,1
spatial-atac-AACCGAGAAAGACGGA,0
spatial-atac-AACCGAGAAAGGTACA,1
spatial-atac-AACCGAGAACACAGAA,0
spatial-atac-AACCGAGAACAGCAGA,0
spatial-atac-AACCGAGAACCTCCAA,0
spatial-atac-AACCGAGAACGCTCGA,0
spatial-atac-AACCGAGAACGTATCA,9
spatial-atac-AACCGAGAACTATGCA,0
spatial-atac-AACCGAGAAGAGTCAA,0
spatial-atac-AACCGAGAAGATCGCA,8
spatial-atac-AACCGAGAAGCAGGAA,3
spatial-atac-AACCGAGACAACCACA,3
spatial-atac-AACCGAGAGACTAGTA,3
spatial-atac-AACCGAGACAATGGAA,0
spatial-atac-AACCGAGACACTTCGA,2
spatial-atac-AACCGAGACAGCGTTA,3
spatial-atac-AACCGAGACATACCAA,0
spatial-atac-AACCGAGACCAGTTCA,0
spatial-atac-AACCGAGACCGAAGTA,0
spatial-atac-AACCGAGACCGTGAGA,9
spatial-atac-AACCGAGACCTCCTGA,7
spatial-atac-AACCGAGACGAACTTA,9
spatial-atac-AACCGAGACGACTGGA,6
spatial-atac-AACCGAGACGCATACA,6
spatial-atac-AACCGAGACTCAATGA,4
spatial-atac-AACCGAGACTGAGCCA,4
spatial-atac-AACCGAGACTGGCATA,4
spatial-atac-AACCGAGAGAATCTGA,9
spatial-atac-AACCGAGACAAGACTA,0
spatial-atac-AACCGAGAGAGCTGAA,8
spatial-atac-AACCGAGAGATAGACA,0
spatial-atac-AACCGAGAGCCACATA,5
spatial-atac-AACGCTTAAACGTGAT,5
spatial-atac-AACGCTTAAAACATCG,5
spatial-atac-AACGCTTAATGCCTAA,5
spatial-atac-AACGCTTAAGTGGTCA,1
spatial-atac-AACGCTTAACCACTGT,5
spatial-atac-AACGCTTAACATTGGC,1
spatial-atac-AACGCTTACAGATCTG,1
spatial-atac-AACGCTTACATCAAGT,1
spatial-atac-AACGCTTACGCTGATC,5
spatial-atac-AACGCTTAACAAGCTA,5
spatial-atac-AACGCTTACTGTAGCC,1
spatial-atac-AACGCTTAAGTACAAG,1
spatial-atac-AACGCTTAAACAACCA,0
spatial-atac-AACGCTTAAACCGAGA,0
spatial-atac-AACGCTTAAACGCTTA,0
spatial-atac-AACGCTTAAAGACGGA,0
spatial-atac-AACGCTTAAAGGTACA,1
spatial-atac-AACGCTTAACACAGAA,0
spatial-atac-AACGCTTAACAGCAGA,0
spatial-atac-AACGCTTAACCTCCAA,9
spatial-atac-AACGCTTAACGCTCGA,9
spatial-atac-AACGCTTAACGTATCA,0
spatial-atac-AACGCTTAACTATGCA,0
spatial-atac-AACGCTTAAGAGTCAA,3
spatial-atac-AACGCTTAAGATCGCA,3
spatial-atac-AACGCTTACAACCACA,3
spatial-atac-AACGCTTAGACTAGTA,3
spatial-atac-AACGCTTACAATGGAA,0
spatial-atac-AACGCTTACACTTCGA,0
spatial-atac-AACGCTTACAGCGTTA,6
spatial-atac-AACGCTTACATACCAA,9
spatial-atac-AACGCTTACCAGTTCA,6
spatial-atac-AACGCTTACCGAAGTA,6
spatial-atac-AACGCTTACCGTGAGA,2
spatial-atac-AACGCTTACCTCCTGA,6
spatial-atac-AACGCTTACGAACTTA,0
spatial-atac-AACGCTTACGACTGGA,0
spatial-atac-AACGCTTACGCATACA,6
spatial-atac-AACGCTTACTCAATGA,2
spatial-atac-AACGCTTACTGAGCCA,4
spatial-atac-AACGCTTACTGGCATA,0
spatial-atac-AACGCTTAGAATCTGA,9
spatial-atac-AACGCTTACAAGACTA,0
spatial-atac-AACGCTTAGAGCTGAA,8
spatial-atac-AACGCTTAGATAGACA,1
spatial-atac-AACGCTTAGCCACATA,5
spatial-atac-AAGACGGAAACGTGAT,5
spatial-atac-AAGACGGAAAACATCG,5
spatial-atac-AAGACGGAATGCCTAA,5
spatial-atac-AAGACGGAAGTGGTCA,1
spatial-atac-AAGACGGAACCACTGT,0
spatial-atac-AAGACGGAACATTGGC,3
spatial-atac-AAGACGGACAGATCTG,1
spatial-atac-AAGACGGACATCAAGT,5
spatial-atac-AAGACGGACGCTGATC,1
spatial-atac-AAGACGGAACAAGCTA,5
spatial-atac-AAGACGGACTGTAGCC,1
spatial-atac-AAGACGGAAGTACAAG,1
spatial-atac-AAGACGGAAACAACCA,1
spatial-atac-AAGACGGAAACCGAGA,0
spatial-atac-AAGACGGAAACGCTTA,0
spatial-atac-AAGACGGAAAGACGGA,0
spatial-atac-AAGACGGAAAGGTACA,0
spatial-atac-AAGACGGAACACAGAA,0
spatial-atac-AAGACGGAACAGCAGA,3
spatial-atac-AAGACGGAACCTCCAA,9
spatial-atac-AAGACGGAACGCTCGA,0
spatial-atac-AAGACGGAACGTATCA,0
spatial-atac-AAGACGGAACTATGCA,9
spatial-atac-AAGACGGAAGAGTCAA,3
spatial-atac-AAGACGGAAGATCGCA,2
spatial-atac-AAGACGGAGACTAGTA,3
spatial-atac-AAGACGGACAATGGAA,3
spatial-atac-AAGACGGACACTTCGA,0
spatial-atac-AAGACGGACAGCGTTA,0
spatial-atac-AAGACGGACATACCAA,6
spatial-atac-AAGACGGACCAGTTCA,6
spatial-atac-AAGACGGACCGAAGTA,6
spatial-atac-AAGACGGACCGTGAGA,0
spatial-atac-AAGACGGACCTCCTGA,0
spatial-atac-AAGACGGACGAACTTA,0
spatial-atac-AAGACGGACGACTGGA,2
spatial-atac-AAGACGGACGCATACA,2
spatial-atac-AAGACGGACTCAATGA,6
spatial-atac-AAGACGGACTGAGCCA,6
spatial-atac-AAGACGGACTGGCATA,4
spatial-atac-AAGACGGAGAATCTGA,4
spatial-atac-AAGACGGACAAGACTA,4
spatial-atac-AAGACGGAGAGCTGAA,0
spatial-atac-AAGACGGAGATAGACA,0
spatial-atac-AAGACGGAGCCACATA,5
spatial-atac-AAGGTACAAACGTGAT,5
spatial-atac-AAGGTACAAAACATCG,5
spatial-atac-AAGGTACAATGCCTAA,5
spatial-atac-AAGGTACAAGTGGTCA,1
spatial-atac-AAGGTACAACCACTGT,5
spatial-atac-AAGGTACAACATTGGC,5
spatial-atac-AAGGTACACAGATCTG,0
spatial-atac-AAGGTACACATCAAGT,1
spatial-atac-AAGGTACACGCTGATC,1
spatial-atac-AAGGTACAACAAGCTA,1
spatial-atac-AAGGTACACTGTAGCC,1
spatial-atac-AAGGTACAAGTACAAG,1
spatial-atac-AAGGTACAAACAACCA,0
spatial-atac-AAGGTACAAACCGAGA,0
spatial-atac-AAGGTACAAACGCTTA,0
spatial-atac-AAGGTACAAAGACGGA,0
spatial-atac-AAGGTACAAAGGTACA,0
spatial-atac-AAGGTACAACACAGAA,0
spatial-atac-AAGGTACAACAGCAGA,0
spatial-atac-AAGGTACAACCTCCAA,9
spatial-atac-AAGGTACAACGCTCGA,0
spatial-atac-AAGGTACAACGTATCA,9
spatial-atac-AAGGTACAACTATGCA,3
spatial-atac-AAGGTACAAGAGTCAA,3
spatial-atac-AAGGTACACAATGGAA,3
spatial-atac-AAGGTACACACTTCGA,3
spatial-atac-AAGGTACACAGCGTTA,2
spatial-atac-AAGGTACACATACCAA,0
spatial-atac-AAGGTACACCAGTTCA,6
spatial-atac-AAGGTACACCGAAGTA,6
spatial-atac-AAGGTACACCGTGAGA,6
spatial-atac-AAGGTACACCTCCTGA,6
spatial-atac-AAGGTACACGAACTTA,0
spatial-atac-AAGGTACACGACTGGA,0
spatial-atac-AAGGTACACGCATACA,6
spatial-atac-AAGGTACACTCAATGA,6
spatial-atac-AAGGTACACTGAGCCA,4
spatial-atac-AAGGTACACTGGCATA,4
spatial-atac-AAGGTACAGAATCTGA,4
spatial-atac-AAGGTACACAAGACTA,4
spatial-atac-AAGGTACAGAGCTGAA,4
spatial-atac-AAGGTACAGATAGACA,0
spatial-atac-AAGGTACAGCCACATA,5
spatial-atac-ACACAGAAAACGTGAT,5
spatial-atac-ACACAGAAAAACATCG,5
spatial-atac-ACACAGAAATGCCTAA,5
spatial-atac-ACACAGAAAGTGGTCA,5
spatial-atac-ACACAGAAACCACTGT,5
spatial-atac-ACACAGAAACATTGGC,5
spatial-atac-ACACAGAACAGATCTG,5
spatial-atac-ACACAGAACATCAAGT,5
spatial-atac-ACACAGAACGCTGATC,1
spatial-atac-ACACAGAAACAAGCTA,1
spatial-atac-ACACAGAACTGTAGCC,1
spatial-atac-ACACAGAAAGTACAAG,0
spatial-atac-ACACAGAAAACAACCA,0
spatial-atac-ACACAGAAAACCGAGA,0
spatial-atac-ACACAGAAAACGCTTA,0
spatial-atac-ACACAGAAAAGACGGA,0
spatial-atac-ACACAGAAAAGGTACA,1
spatial-atac-ACACAGAAACACAGAA,0
spatial-atac-ACACAGAAACAGCAGA,0
spatial-atac-ACACAGAAACCTCCAA,9
spatial-atac-ACACAGAAACGCTCGA,9
spatial-atac-ACACAGAAACGTATCA,3
spatial-atac-ACACAGAAACTATGCA,3
spatial-atac-ACACAGAAAGAGTCAA,3
spatial-atac-ACACAGAACACTTCGA,3
spatial-atac-ACACAGAACAGCGTTA,3
spatial-atac-ACACAGAACATACCAA,6
spatial-atac-ACACAGAACCAGTTCA,6
spatial-atac-ACACAGAACCGAAGTA,2
spatial-atac-ACACAGAACCGTGAGA,6
spatial-atac-ACACAGAACCTCCTGA,6
spatial-atac-ACACAGAACGAACTTA,0
spatial-atac-ACACAGAACGACTGGA,0
spatial-atac-ACACAGAACGCATACA,6
spatial-atac-ACACAGAACTCAATGA,6
spatial-atac-ACACAGAACTGAGCCA,2
spatial-atac-ACACAGAACTGGCATA,4
spatial-atac-ACACAGAAGAATCTGA,4
spatial-atac-ACACAGAACAAGACTA,4
spatial-atac-ACACAGAAGAGCTGAA,4
spatial-atac-ACACAGAAGATAGACA,0
spatial-atac-ACACAGAAGCCACATA,5
spatial-atac-ACAGCAGAAACGTGAT,5
spatial-atac-ACAGCAGAAAACATCG,5
spatial-atac-ACAGCAGAATGCCTAA,5
spatial-atac-ACAGCAGAAGTGGTCA,5
spatial-atac-ACAGCAGAACCACTGT,5
spatial-atac-ACAGCAGAACATTGGC,5
spatial-atac-ACAGCAGACAGATCTG,5
spatial-atac-ACAGCAGACATCAAGT,1
spatial-atac-ACAGCAGACGCTGATC,1
spatial-atac-ACAGCAGAACAAGCTA,5
spatial-atac-ACAGCAGACTGTAGCC,1
spatial-atac-ACAGCAGAAGTACAAG,1
spatial-atac-ACAGCAGAAACAACCA,0
spatial-atac-ACAGCAGAAACCGAGA,0
spatial-atac-ACAGCAGAAACGCTTA,0
spatial-atac-ACAGCAGAAAGACGGA,0
spatial-atac-ACAGCAGAAAGGTACA,1
spatial-atac-ACAGCAGAACACAGAA,1
spatial-atac-ACAGCAGAACAGCAGA,0
spatial-atac-ACAGCAGAACCTCCAA,4
spatial-atac-ACAGCAGAACGCTCGA,9
spatial-atac-ACAGCAGAACGTATCA,3
spatial-atac-ACAGCAGAACTATGCA,3
spatial-atac-ACAGCAGAAGAGTCAA,3
spatial-atac-ACAGCAGACACTTCGA,3
spatial-atac-ACAGCAGACAGCGTTA,3
spatial-atac-ACAGCAGACATACCAA,3
spatial-atac-ACAGCAGACCAGTTCA,3
spatial-atac-ACAGCAGACCGAAGTA,3
spatial-atac-ACAGCAGACCGTGAGA,6
spatial-atac-ACAGCAGACCTCCTGA,0
spatial-atac-ACAGCAGACGAACTTA,0
spatial-atac-ACAGCAGACGACTGGA,0
spatial-atac-ACAGCAGACGCATACA,6
spatial-atac-ACAGCAGACTCAATGA,6
spatial-atac-ACAGCAGACTGAGCCA,6
spatial-atac-ACAGCAGACTGGCATA,4
spatial-atac-ACAGCAGAGAATCTGA,4
spatial-atac-ACAGCAGACAAGACTA,4
spatial-atac-ACAGCAGAGAGCTGAA,4
spatial-atac-ACAGCAGAGATAGACA,0
spatial-atac-ACAGCAGAGCCACATA,8
spatial-atac-ACCTCCAAAACGTGAT,5
spatial-atac-ACCTCCAAAAACATCG,0
spatial-atac-ACCTCCAAATGCCTAA,5
spatial-atac-ACCTCCAAAGTGGTCA,5
spatial-atac-ACCTCCAAACCACTGT,9
spatial-atac-ACCTCCAAACATTGGC,0
spatial-atac-ACCTCCAACAGATCTG,0
spatial-atac-ACCTCCAACATCAAGT,0
spatial-atac-ACCTCCAACGCTGATC,1
spatial-atac-ACCTCCAAACAAGCTA,0
spatial-atac-ACCTCCAACTGTAGCC,1
spatial-atac-ACCTCCAAAGTACAAG,1
spatial-atac-ACCTCCAAAACAACCA,0
spatial-atac-ACCTCCAAAACCGAGA,0
spatial-atac-ACCTCCAAAACGCTTA,0
spatial-atac-ACCTCCAAAAGACGGA,0
spatial-atac-ACCTCCAAAAGGTACA,0
spatial-atac-ACCTCCAAACACAGAA,0
spatial-atac-ACCTCCAAACAGCAGA,0
spatial-atac-ACCTCCAAACCTCCAA,9
spatial-atac-ACCTCCAAACGCTCGA,0
spatial-atac-ACCTCCAAACGTATCA,3
spatial-atac-ACCTCCAAACTATGCA,2
spatial-atac-ACCTCCAAAGAGTCAA,3
spatial-atac-ACCTCCAAAGATCGCA,8
spatial-atac-ACCTCCAAAGCAGGAA,3
spatial-atac-ACCTCCAAAGTCACTA,3
spatial-atac-ACCTCCAAATCCTGTA,3
spatial-atac-ACCTCCAAATTGAGGA,3
spatial-atac-ACCTCCAACAGCGTTA,7
spatial-atac-ACCTCCAACATACCAA,3
spatial-atac-ACCTCCAACCAGTTCA,3
spatial-atac-ACCTCCAACCGAAGTA,6
spatial-atac-ACCTCCAACCGTGAGA,6
spatial-atac-ACCTCCAACCTCCTGA,6
spatial-atac-ACCTCCAACGAACTTA,0
spatial-atac-ACCTCCAACGACTGGA,0
spatial-atac-ACCTCCAACGCATACA,8
spatial-atac-ACCTCCAACTCAATGA,6
spatial-atac-ACCTCCAACTGAGCCA,6
spatial-atac-ACCTCCAACTGGCATA,4
spatial-atac-ACCTCCAAGAATCTGA,4
spatial-atac-ACCTCCAACAAGACTA,4
spatial-atac-ACCTCCAAGAGCTGAA,4
spatial-atac-ACCTCCAAGATAGACA,0
spatial-atac-ACCTCCAAGCCACATA,8
spatial-atac-ACGCTCGAAACGTGAT,5
spatial-atac-ACGCTCGAAAACATCG,5
spatial-atac-ACGCTCGAATGCCTAA,0
spatial-atac-ACGCTCGAAGTGGTCA,1
spatial-atac-ACGCTCGAACCACTGT,0
spatial-atac-ACGCTCGAACATTGGC,5
spatial-atac-ACGCTCGACAGATCTG,5
spatial-atac-ACGCTCGACATCAAGT,5
spatial-atac-ACGCTCGACGCTGATC,5
spatial-atac-ACGCTCGAACAAGCTA,1
spatial-atac-ACGCTCGACTGTAGCC,5
spatial-atac-ACGCTCGAAGTACAAG,5
spatial-atac-ACGCTCGAAACAACCA,0
spatial-atac-ACGCTCGAAACCGAGA,1
spatial-atac-ACGCTCGAAACGCTTA,0
spatial-atac-ACGCTCGAAAGACGGA,0
spatial-atac-ACGCTCGAAAGGTACA,0
spatial-atac-ACGCTCGAACACAGAA,0
spatial-atac-ACGCTCGAACAGCAGA,0
spatial-atac-ACGCTCGAACCTCCAA,0
spatial-atac-ACGCTCGAACGCTCGA,3
spatial-atac-ACGCTCGAACGTATCA,3
spatial-atac-ACGCTCGAACTATGCA,3
spatial-atac-ACGCTCGAAGAGTCAA,3
spatial-atac-ACGCTCGAAGATCGCA,3
spatial-atac-ACGCTCGAAGCAGGAA,3
spatial-atac-ACGCTCGAAGTCACTA,3
spatial-atac-ACGCTCGAATCCTGTA,3
spatial-atac-ACGCTCGAATTGAGGA,3
spatial-atac-ACGCTCGACAACCACA,3
spatial-atac-ACGCTCGAGACTAGTA,3
spatial-atac-ACGCTCGACAGCGTTA,3
spatial-atac-ACGCTCGACATACCAA,3
spatial-atac-ACGCTCGACCAGTTCA,2
spatial-atac-ACGCTCGACCGAAGTA,0
spatial-atac-ACGCTCGACCGTGAGA,6
spatial-atac-ACGCTCGACCTCCTGA,6
spatial-atac-ACGCTCGACGAACTTA,0
spatial-atac-ACGCTCGACGACTGGA,0
spatial-atac-ACGCTCGACGCATACA,8
spatial-atac-ACGCTCGACTCAATGA,6
spatial-atac-ACGCTCGACTGAGCCA,1
spatial-atac-ACGCTCGACTGGCATA,2
spatial-atac-ACGCTCGAGAATCTGA,4
spatial-atac-ACGCTCGACAAGACTA,4
spatial-atac-ACGCTCGAGAGCTGAA,4
spatial-atac-ACGCTCGAGATAGACA,4
spatial-atac-ACGCTCGAGCCACATA,4
spatial-atac-ACGTATCAAACGTGAT,5
spatial-atac-ACGTATCAAAACATCG,5
spatial-atac-ACGTATCAATGCCTAA,0
spatial-atac-ACGTATCAAGTGGTCA,0
spatial-atac-ACGTATCAACCACTGT,5
spatial-atac-ACGTATCAACATTGGC,5
spatial-atac-ACGTATCACAGATCTG,5
spatial-atac-ACGTATCACATCAAGT,5
spatial-atac-ACGTATCACGCTGATC,5
spatial-atac-ACGTATCAACAAGCTA,5
spatial-atac-ACGTATCACTGTAGCC,5
spatial-atac-ACGTATCAAGTACAAG,5
spatial-atac-ACGTATCAAACAACCA,0
spatial-atac-ACGTATCAAACCGAGA,1
spatial-atac-ACGTATCAAACGCTTA,1
spatial-atac-ACGTATCAAAGACGGA,0
spatial-atac-ACGTATCAAAGGTACA,0
spatial-atac-ACGTATCAACACAGAA,0
spatial-atac-ACGTATCAACAGCAGA,8
spatial-atac-ACGTATCAACCTCCAA,0
spatial-atac-ACGTATCAACGCTCGA,0
spatial-atac-ACGTATCAACGTATCA,7
spatial-atac-ACGTATCAACTATGCA,3
spatial-atac-ACGTATCAAGAGTCAA,3
spatial-atac-ACGTATCAAGATCGCA,3
spatial-atac-ACGTATCAAGCAGGAA,3
spatial-atac-ACGTATCAAGTCACTA,0
spatial-atac-ACGTATCAATCCTGTA,0
spatial-atac-ACGTATCAATTGAGGA,0
spatial-atac-ACGTATCACAACCACA,3
spatial-atac-ACGTATCAGACTAGTA,3
spatial-atac-ACGTATCACAGCGTTA,2
spatial-atac-ACGTATCACATACCAA,3
spatial-atac-ACGTATCACCAGTTCA,0
spatial-atac-ACGTATCACCGAAGTA,0
spatial-atac-ACGTATCACCGTGAGA,0
spatial-atac-ACGTATCACCTCCTGA,2
spatial-atac-ACGTATCACGAACTTA,0
spatial-atac-ACGTATCACGACTGGA,0
spatial-atac-ACGTATCACGCATACA,7
spatial-atac-ACGTATCACTCAATGA,0
spatial-atac-ACGTATCACTGAGCCA,6
spatial-atac-ACGTATCACTGGCATA,9
spatial-atac-ACGTATCAGAATCTGA,4
spatial-atac-ACGTATCACAAGACTA,4
spatial-atac-ACGTATCAGAGCTGAA,4
spatial-atac-ACGTATCAGATAGACA,4
spatial-atac-ACGTATCAGCCACATA,0
spatial-atac-ACTATGCAAACGTGAT,5
spatial-atac-ACTATGCAAAACATCG,5
spatial-atac-ACTATGCAATGCCTAA,0
spatial-atac-ACTATGCAAGTGGTCA,0
spatial-atac-ACTATGCAACCACTGT,0
spatial-atac-ACTATGCAACATTGGC,1
spatial-atac-ACTATGCACAGATCTG,0
spatial-atac-ACTATGCACATCAAGT,0
spatial-atac-ACTATGCACGCTGATC,5
spatial-atac-ACTATGCAACAAGCTA,5
spatial-atac-ACTATGCACTGTAGCC,5
spatial-atac-ACTATGCAAGTACAAG,5
spatial-atac-ACTATGCAAACAACCA,0
spatial-atac-ACTATGCAAACCGAGA,1
spatial-atac-ACTATGCAAACGCTTA,1
spatial-atac-ACTATGCAAAGACGGA,0
spatial-atac-ACTATGCAAAGGTACA,0
spatial-atac-ACTATGCAACACAGAA,0
spatial-atac-ACTATGCAACAGCAGA,0
spatial-atac-ACTATGCAACCTCCAA,0
spatial-atac-ACTATGCAACGCTCGA,0
spatial-atac-ACTATGCAACGTATCA,3
spatial-atac-ACTATGCAACTATGCA,3
spatial-atac-ACTATGCAAGAGTCAA,3
spatial-atac-ACTATGCAAGATCGCA,8
spatial-atac-ACTATGCAAGCAGGAA,6
spatial-atac-ACTATGCAAGTCACTA,0
spatial-atac-ACTATGCAATCCTGTA,0
spatial-atac-ACTATGCAATTGAGGA,0
spatial-atac-ACTATGCACAACCACA,3
spatial-atac-ACTATGCAGACTAGTA,3
spatial-atac-ACTATGCACAGCGTTA,0
spatial-atac-ACTATGCACATACCAA,3
spatial-atac-ACTATGCACCAGTTCA,0
spatial-atac-ACTATGCACCGAAGTA,2
spatial-atac-ACTATGCACCGTGAGA,3
spatial-atac-ACTATGCACCTCCTGA,2
spatial-atac-ACTATGCACGAACTTA,2
spatial-atac-ACTATGCACGACTGGA,7
spatial-atac-ACTATGCACGCATACA,8
spatial-atac-ACTATGCACTCAATGA,0
spatial-atac-ACTATGCACTGAGCCA,6
spatial-atac-ACTATGCACTGGCATA,9
spatial-atac-ACTATGCAGAATCTGA,4
spatial-atac-ACTATGCACAAGACTA,4
spatial-atac-ACTATGCAGAGCTGAA,4
spatial-atac-ACTATGCAGATAGACA,4
spatial-atac-ACTATGCAGCCACATA,0
spatial-atac-AGAGTCAAAACGTGAT,5
spatial-atac-AGAGTCAAAAACATCG,0
spatial-atac-AGAGTCAAATGCCTAA,0
spatial-atac-AGAGTCAAAGTGGTCA,0
spatial-atac-AGAGTCAAACCACTGT,0
spatial-atac-AGAGTCAAACATTGGC,1
spatial-atac-AGAGTCAACAGATCTG,11
spatial-atac-AGAGTCAACATCAAGT,0
spatial-atac-AGAGTCAACGCTGATC,5
spatial-atac-AGAGTCAAACAAGCTA,5
spatial-atac-AGAGTCAACTGTAGCC,5
spatial-atac-AGAGTCAAAGTACAAG,0
spatial-atac-AGAGTCAAAACAACCA,0
spatial-atac-AGAGTCAAAACCGAGA,1
spatial-atac-AGAGTCAAAACGCTTA,1
spatial-atac-AGAGTCAAAAGACGGA,0
spatial-atac-AGAGTCAAAAGGTACA,1
spatial-atac-AGAGTCAAACACAGAA,0
spatial-atac-AGAGTCAAACAGCAGA,0
spatial-atac-AGAGTCAAACCTCCAA,0
spatial-atac-AGAGTCAAACGCTCGA,3
spatial-atac-AGAGTCAAACGTATCA,3
spatial-atac-AGAGTCAAACTATGCA,3
spatial-atac-AGAGTCAAAGAGTCAA,3
spatial-atac-AGAGTCAAAGATCGCA,1
spatial-atac-AGAGTCAAAGCAGGAA,4
spatial-atac-AGAGTCAAAGTCACTA,2
spatial-atac-AGAGTCAAATCCTGTA,0
spatial-atac-AGAGTCAAATTGAGGA,0
spatial-atac-AGAGTCAACAACCACA,3
spatial-atac-AGAGTCAAGACTAGTA,3
spatial-atac-AGAGTCAACAGCGTTA,3
spatial-atac-AGAGTCAACATACCAA,3
spatial-atac-AGAGTCAACCAGTTCA,0
spatial-atac-AGAGTCAACCGAAGTA,0
spatial-atac-AGAGTCAACCGTGAGA,0
spatial-atac-AGAGTCAACCTCCTGA,2
spatial-atac-AGAGTCAACGAACTTA,2
spatial-atac-AGAGTCAACGACTGGA,7
spatial-atac-AGAGTCAACGCATACA,0
spatial-atac-AGAGTCAACTCAATGA,0
spatial-atac-AGAGTCAACTGAGCCA,0
spatial-atac-AGAGTCAACTGGCATA,2
spatial-atac-AGAGTCAAGAATCTGA,4
spatial-atac-AGAGTCAACAAGACTA,4
spatial-atac-AGAGTCAAGAGCTGAA,4
spatial-atac-AGAGTCAAGATAGACA,4
spatial-atac-AGAGTCAAGCCACATA,0
spatial-atac-AGATCGCAAACGTGAT,5
spatial-atac-AGATCGCAAAACATCG,0
spatial-atac-AGATCGCAATGCCTAA,0
spatial-atac-AGATCGCAAGTGGTCA,1
spatial-atac-AGATCGCAACCACTGT,1
spatial-atac-AGATCGCAACATTGGC,1
spatial-atac-AGATCGCACAGATCTG,5
spatial-atac-AGATCGCACATCAAGT,0
spatial-atac-AGATCGCACGCTGATC,0
spatial-atac-AGATCGCAACAAGCTA,5
spatial-atac-AGATCGCACTGTAGCC,5
spatial-atac-AGATCGCAAGTACAAG,0
spatial-atac-AGATCGCAAACAACCA,0
spatial-atac-AGATCGCAAACCGAGA,1
spatial-atac-AGATCGCAAACGCTTA,0
spatial-atac-AGATCGCAAAGACGGA,0
spatial-atac-AGATCGCAAAGGTACA,0
spatial-atac-AGATCGCAACACAGAA,0
spatial-atac-AGATCGCAACAGCAGA,0
spatial-atac-AGATCGCAACCTCCAA,3
spatial-atac-AGATCGCAACGCTCGA,3
spatial-atac-AGATCGCAACGTATCA,3
spatial-atac-AGATCGCAACTATGCA,3
spatial-atac-AGATCGCAAGAGTCAA,3
spatial-atac-AGATCGCAAGATCGCA,8
spatial-atac-AGATCGCAAGCAGGAA,10
spatial-atac-AGATCGCAAGTCACTA,0
spatial-atac-AGATCGCAATCCTGTA,3
spatial-atac-AGATCGCAATTGAGGA,0
spatial-atac-AGATCGCACAACCACA,3
spatial-atac-AGATCGCAGACTAGTA,3
spatial-atac-AGATCGCACAATGGAA,3
spatial-atac-AGATCGCACACTTCGA,3
spatial-atac-AGATCGCACAGCGTTA,3
spatial-atac-AGATCGCACATACCAA,3
spatial-atac-AGATCGCACCAGTTCA,0
spatial-atac-AGATCGCACCGAAGTA,6
spatial-atac-AGATCGCACCGTGAGA,0
spatial-atac-AGATCGCACCTCCTGA,6
spatial-atac-AGATCGCACGAACTTA,6
spatial-atac-AGATCGCACGACTGGA,2
spatial-atac-AGATCGCACGCATACA,7
spatial-atac-AGATCGCACTCAATGA,0
spatial-atac-AGATCGCACTGAGCCA,1
spatial-atac-AGATCGCACTGGCATA,2
spatial-atac-AGATCGCAGAATCTGA,4
spatial-atac-AGATCGCACAAGACTA,4
spatial-atac-AGATCGCAGAGCTGAA,4
spatial-atac-AGATCGCAGATAGACA,2
spatial-atac-AGATCGCAGCCACATA,1
spatial-atac-AGCAGGAAAACGTGAT,11
spatial-atac-AGCAGGAAAAACATCG,0
spatial-atac-AGCAGGAAATGCCTAA,8
spatial-atac-AGCAGGAAAGTGGTCA,0
spatial-atac-AGCAGGAAACCACTGT,0
spatial-atac-AGCAGGAAACATTGGC,5
spatial-atac-AGCAGGAACAGATCTG,5
spatial-atac-AGCAGGAACATCAAGT,0
spatial-atac-AGCAGGAACGCTGATC,5
spatial-atac-AGCAGGAAACAAGCTA,5
spatial-atac-AGCAGGAACTGTAGCC,5
spatial-atac-AGCAGGAAAGTACAAG,0
spatial-atac-AGCAGGAAAACAACCA,0
spatial-atac-AGCAGGAAAACCGAGA,1
spatial-atac-AGCAGGAAAACGCTTA,2
spatial-atac-AGCAGGAAAAGACGGA,2
spatial-atac-AGCAGGAAAAGGTACA,8
spatial-atac-AGCAGGAAACACAGAA,0
spatial-atac-AGCAGGAAACAGCAGA,0
spatial-atac-AGCAGGAAACCTCCAA,3
spatial-atac-AGCAGGAAACGCTCGA,3
spatial-atac-AGCAGGAAACGTATCA,3
spatial-atac-AGCAGGAAACTATGCA,2
spatial-atac-AGCAGGAAAGAGTCAA,0
spatial-atac-AGCAGGAAAGATCGCA,2
spatial-atac-AGCAGGAAAGCAGGAA,2
spatial-atac-AGCAGGAAAGTCACTA,3
spatial-atac-AGCAGGAAATCCTGTA,6
spatial-atac-AGCAGGAAATTGAGGA,3
spatial-atac-AGCAGGAACAACCACA,2
spatial-atac-AGCAGGAAGACTAGTA,3
spatial-atac-AGCAGGAACAATGGAA,3
spatial-atac-AGCAGGAACACTTCGA,3
spatial-atac-AGCAGGAACAGCGTTA,3
spatial-atac-AGCAGGAACATACCAA,6
spatial-atac-AGCAGGAACCAGTTCA,6
spatial-atac-AGCAGGAACCGAAGTA,6
spatial-atac-AGCAGGAACCGTGAGA,6
spatial-atac-AGCAGGAACCTCCTGA,6
spatial-atac-AGCAGGAACGAACTTA,6
spatial-atac-AGCAGGAACGACTGGA,2
spatial-atac-AGCAGGAACGCATACA,7
spatial-atac-AGCAGGAACTCAATGA,7
spatial-atac-AGCAGGAACTGAGCCA,4
spatial-atac-AGCAGGAACTGGCATA,9
spatial-atac-AGCAGGAAGAATCTGA,2
spatial-atac-AGCAGGAACAAGACTA,4
spatial-atac-AGCAGGAAGAGCTGAA,4
spatial-atac-AGCAGGAAGATAGACA,4
spatial-atac-AGCAGGAAGCCACATA,1
spatial-atac-AGTCACTAAACGTGAT,9
spatial-atac-AGTCACTAAAACATCG,0
spatial-atac-AGTCACTAATGCCTAA,8
spatial-atac-AGTCACTAAGTGGTCA,0
spatial-atac-AGTCACTAACCACTGT,8
spatial-atac-AGTCACTAACATTGGC,5
spatial-atac-AGTCACTACAGATCTG,0
spatial-atac-AGTCACTACATCAAGT,0
spatial-atac-AGTCACTACGCTGATC,5
spatial-atac-AGTCACTAACAAGCTA,5
spatial-atac-AGTCACTACTGTAGCC,5
spatial-atac-AGTCACTAAGTACAAG,0
spatial-atac-AGTCACTAAACAACCA,0
spatial-atac-AGTCACTAAACCGAGA,1
spatial-atac-AGTCACTAAACGCTTA,0
spatial-atac-AGTCACTAAAGACGGA,0
spatial-atac-AGTCACTAAAGGTACA,8
spatial-atac-AGTCACTAACACAGAA,0
spatial-atac-AGTCACTAACAGCAGA,3
spatial-atac-AGTCACTAACCTCCAA,3
spatial-atac-AGTCACTAACGCTCGA,3
spatial-atac-AGTCACTAACGTATCA,3
spatial-atac-AGTCACTAACTATGCA,3
spatial-atac-AGTCACTAAGAGTCAA,0
spatial-atac-AGTCACTAAGATCGCA,2
spatial-atac-AGTCACTAAGCAGGAA,3
spatial-atac-AGTCACTAAGTCACTA,3
spatial-atac-AGTCACTAATCCTGTA,3
spatial-atac-AGTCACTAATTGAGGA,3
spatial-atac-AGTCACTACAACCACA,3
spatial-atac-AGTCACTAGACTAGTA,3
spatial-atac-AGTCACTACAATGGAA,10
spatial-atac-AGTCACTACACTTCGA,0
spatial-atac-AGTCACTACAGCGTTA,3
spatial-atac-AGTCACTACATACCAA,6
spatial-atac-AGTCACTACCAGTTCA,6
spatial-atac-AGTCACTACCGAAGTA,6
spatial-atac-AGTCACTACCGTGAGA,0
spatial-atac-AGTCACTACCTCCTGA,0
spatial-atac-AGTCACTACGAACTTA,6
spatial-atac-AGTCACTACGACTGGA,2
spatial-atac-AGTCACTACGCATACA,7
spatial-atac-AGTCACTACTCAATGA,7
spatial-atac-AGTCACTACTGAGCCA,2
spatial-atac-AGTCACTACTGGCATA,4
spatial-atac-AGTCACTAGAATCTGA,2
spatial-atac-AGTCACTACAAGACTA,4
spatial-atac-AGTCACTAGAGCTGAA,4
spatial-atac-AGTCACTAGATAGACA,4
spatial-atac-AGTCACTAGCCACATA,1
spatial-atac-ATCCTGTAAAACATCG,0
spatial-atac-ATCCTGTAATGCCTAA,0
spatial-atac-ATCCTGTAAGTGGTCA,1
spatial-atac-ATCCTGTAACCACTGT,5
spatial-atac-ATCCTGTAACATTGGC,1
spatial-atac-ATCCTGTACAGATCTG,0
spatial-atac-ATCCTGTACATCAAGT,0
spatial-atac-ATCCTGTACGCTGATC,5
spatial-atac-ATCCTGTAACAAGCTA,5
spatial-atac-ATCCTGTACTGTAGCC,5
spatial-atac-ATCCTGTAAGTACAAG,0
spatial-atac-ATCCTGTAAACAACCA,0
spatial-atac-ATCCTGTAAACCGAGA,1
spatial-atac-ATCCTGTAAACGCTTA,1
spatial-atac-ATCCTGTAAAGACGGA,0
spatial-atac-ATCCTGTAAAGGTACA,0
spatial-atac-ATCCTGTAACACAGAA,3
spatial-atac-ATCCTGTAACAGCAGA,3
spatial-atac-ATCCTGTAACCTCCAA,3
spatial-atac-ATCCTGTAACGCTCGA,4
spatial-atac-ATCCTGTAACGTATCA,3
spatial-atac-ATCCTGTAACTATGCA,2
spatial-atac-ATCCTGTAAGAGTCAA,3
spatial-atac-ATCCTGTAAGATCGCA,2
spatial-atac-ATCCTGTAAGCAGGAA,3
spatial-atac-ATCCTGTAAGTCACTA,3
spatial-atac-ATCCTGTAATCCTGTA,3
spatial-atac-ATCCTGTAATTGAGGA,3
spatial-atac-ATCCTGTACAACCACA,3
spatial-atac-ATCCTGTAGACTAGTA,10
spatial-atac-ATCCTGTACAATGGAA,1
spatial-atac-ATCCTGTACACTTCGA,1
spatial-atac-ATCCTGTACAGCGTTA,3
spatial-atac-ATCCTGTACATACCAA,6
spatial-atac-ATCCTGTACCAGTTCA,2
spatial-atac-ATCCTGTACCGAAGTA,2
spatial-atac-ATCCTGTACCGTGAGA,0
spatial-atac-ATCCTGTACCTCCTGA,9
spatial-atac-ATCCTGTACGAACTTA,0
spatial-atac-ATCCTGTACGACTGGA,2
spatial-atac-ATCCTGTACGCATACA,2
spatial-atac-ATCCTGTACTCAATGA,7
spatial-atac-ATCCTGTACTGAGCCA,10
spatial-atac-ATCCTGTACTGGCATA,1
spatial-atac-ATCCTGTAGAATCTGA,1
spatial-atac-ATCCTGTACAAGACTA,4
spatial-atac-ATCCTGTAGAGCTGAA,4
spatial-atac-ATCCTGTAGATAGACA,4
spatial-atac-ATCCTGTAGCCACATA,5
spatial-atac-ATTGAGGAATGCCTAA,0
spatial-atac-ATTGAGGAAGTGGTCA,8
spatial-atac-ATTGAGGAACCACTGT,9
spatial-atac-ATTGAGGAACATTGGC,5
spatial-atac-ATTGAGGACAGATCTG,0
spatial-atac-ATTGAGGACATCAAGT,0
spatial-atac-ATTGAGGACGCTGATC,5
spatial-atac-ATTGAGGAACAAGCTA,5
spatial-atac-ATTGAGGACTGTAGCC,0
spatial-atac-ATTGAGGAAGTACAAG,5
spatial-atac-ATTGAGGAAACAACCA,1
spatial-atac-ATTGAGGAAACCGAGA,1
spatial-atac-ATTGAGGAAACGCTTA,8
spatial-atac-ATTGAGGAAAGACGGA,0
spatial-atac-ATTGAGGAACACAGAA,3
spatial-atac-ATTGAGGAACAGCAGA,3
spatial-atac-ATTGAGGAACCTCCAA,0
spatial-atac-ATTGAGGAACGCTCGA,0
spatial-atac-ATTGAGGAACGTATCA,0
spatial-atac-ATTGAGGAACTATGCA,3
spatial-atac-ATTGAGGAAGAGTCAA,3
spatial-atac-ATTGAGGAAGATCGCA,3
spatial-atac-ATTGAGGAAGCAGGAA,3
spatial-atac-ATTGAGGAAGTCACTA,3
spatial-atac-ATTGAGGAATCCTGTA,3
spatial-atac-ATTGAGGAATTGAGGA,2
spatial-atac-ATTGAGGACAACCACA,3
spatial-atac-ATTGAGGAGACTAGTA,3
spatial-atac-ATTGAGGACAATGGAA,3
spatial-atac-ATTGAGGACACTTCGA,3
spatial-atac-ATTGAGGACAGCGTTA,3
spatial-atac-ATTGAGGACATACCAA,3
spatial-atac-ATTGAGGACCAGTTCA,0
spatial-atac-ATTGAGGACCGAAGTA,6
spatial-atac-ATTGAGGACCGTGAGA,2
spatial-atac-ATTGAGGACCTCCTGA,2
spatial-atac-ATTGAGGACGAACTTA,9
spatial-atac-ATTGAGGACGACTGGA,0
spatial-atac-ATTGAGGACGCATACA,0
spatial-atac-ATTGAGGACTCAATGA,2
spatial-atac-ATTGAGGACTGAGCCA,2
spatial-atac-ATTGAGGACTGGCATA,1
spatial-atac-ATTGAGGAGAATCTGA,1
spatial-atac-ATTGAGGACAAGACTA,4
spatial-atac-ATTGAGGAGAGCTGAA,4
spatial-atac-ATTGAGGAGATAGACA,9
spatial-atac-ATTGAGGAGCCACATA,5
spatial-atac-CAACCACAACCACTGT,3
spatial-atac-CAACCACAACATTGGC,11
spatial-atac-CAACCACACAGATCTG,5
spatial-atac-CAACCACACATCAAGT,0
spatial-atac-CAACCACACGCTGATC,5
spatial-atac-CAACCACAACAAGCTA,0
spatial-atac-CAACCACACTGTAGCC,0
spatial-atac-CAACCACAAGTACAAG,11
spatial-atac-CAACCACAAACAACCA,1
spatial-atac-CAACCACAAACCGAGA,0
spatial-atac-CAACCACAACACAGAA,3
spatial-atac-CAACCACAACAGCAGA,3
spatial-atac-CAACCACAACCTCCAA,3
spatial-atac-CAACCACAACGCTCGA,3
spatial-atac-CAACCACAACGTATCA,3
spatial-atac-CAACCACAACTATGCA,3
spatial-atac-CAACCACAAGAGTCAA,3
spatial-atac-CAACCACAAGATCGCA,3
spatial-atac-CAACCACAAGCAGGAA,3
spatial-atac-CAACCACAAGTCACTA,3
spatial-atac-CAACCACAATCCTGTA,0
spatial-atac-CAACCACAATTGAGGA,0
spatial-atac-CAACCACACAACCACA,0
spatial-atac-CAACCACAGACTAGTA,0
spatial-atac-CAACCACACAATGGAA,10
spatial-atac-CAACCACACACTTCGA,3
spatial-atac-CAACCACACAGCGTTA,3
spatial-atac-CAACCACACATACCAA,3
spatial-atac-CAACCACACCAGTTCA,0
spatial-atac-CAACCACACCGAAGTA,6
spatial-atac-CAACCACACCGTGAGA,6
spatial-atac-CAACCACACCTCCTGA,6
spatial-atac-CAACCACACGAACTTA,6
spatial-atac-CAACCACACGACTGGA,0
spatial-atac-CAACCACACGCATACA,0
spatial-atac-CAACCACACTCAATGA,0
spatial-atac-CAACCACACTGAGCCA,2
spatial-atac-CAACCACACTGGCATA,1
spatial-atac-CAACCACAGAATCTGA,1
spatial-atac-CAACCACACAAGACTA,4
spatial-atac-CAACCACAGAGCTGAA,4
spatial-atac-CAACCACAGATAGACA,4
spatial-atac-CAACCACAGCCACATA,5
spatial-atac-GACTAGTACAGATCTG,1
spatial-atac-GACTAGTACATCAAGT,5
spatial-atac-GACTAGTACGCTGATC,11
spatial-atac-GACTAGTAACAAGCTA,0
spatial-atac-GACTAGTACTGTAGCC,11
spatial-atac-GACTAGTAAGTACAAG,11
spatial-atac-GACTAGTAACAGCAGA,3
spatial-atac-GACTAGTAACCTCCAA,3
spatial-atac-GACTAGTAACGCTCGA,3
spatial-atac-GACTAGTAACGTATCA,3
spatial-atac-GACTAGTAACTATGCA,3
spatial-atac-GACTAGTAAGAGTCAA,3
spatial-atac-GACTAGTAAGATCGCA,4
spatial-atac-GACTAGTAAGCAGGAA,0
spatial-atac-GACTAGTAAGTCACTA,2
spatial-atac-GACTAGTAATCCTGTA,2
spatial-atac-GACTAGTAATTGAGGA,0
spatial-atac-GACTAGTACAACCACA,0
spatial-atac-GACTAGTAGACTAGTA,0
spatial-atac-GACTAGTACAATGGAA,0
spatial-atac-GACTAGTACACTTCGA,0
spatial-atac-GACTAGTACAGCGTTA,0
spatial-atac-GACTAGTACATACCAA,0
spatial-atac-GACTAGTACCAGTTCA,0
spatial-atac-GACTAGTACCGAAGTA,6
spatial-atac-GACTAGTACCGTGAGA,2
spatial-atac-GACTAGTACCTCCTGA,2
spatial-atac-GACTAGTACGAACTTA,2
spatial-atac-GACTAGTACGACTGGA,0
spatial-atac-GACTAGTACGCATACA,2
spatial-atac-GACTAGTACTCAATGA,2
spatial-atac-GACTAGTACTGAGCCA,2
spatial-atac-GACTAGTACTGGCATA,0
spatial-atac-GACTAGTAGAATCTGA,1
spatial-atac-GACTAGTACAAGACTA,4
spatial-atac-GACTAGTAGAGCTGAA,4
spatial-atac-GACTAGTAGATAGACA,4
spatial-atac-GACTAGTAGCCACATA,5
spatial-atac-CAATGGAAACCTCCAA,2
spatial-atac-CAATGGAAACGCTCGA,3
spatial-atac-CAATGGAAACGTATCA,2
spatial-atac-CAATGGAAACTATGCA,2
spatial-atac-CAATGGAAAGAGTCAA,0
spatial-atac-CAATGGAAAGATCGCA,8
spatial-atac-CAATGGAAAGCAGGAA,2
spatial-atac-CAATGGAAAGTCACTA,2
spatial-atac-CAATGGAAATCCTGTA,10
spatial-atac-CAATGGAAATTGAGGA,7
spatial-atac-CAATGGAACAACCACA,7
spatial-atac-CAATGGAAGACTAGTA,7
spatial-atac-CAATGGAACAATGGAA,2
spatial-atac-CAATGGAACACTTCGA,2
spatial-atac-CAATGGAACAGCGTTA,6
spatial-atac-CAATGGAACATACCAA,9
spatial-atac-CAATGGAACCAGTTCA,6
spatial-atac-CAATGGAACCGAAGTA,6
spatial-atac-CAATGGAACCGTGAGA,2
spatial-atac-CAATGGAACCTCCTGA,0
spatial-atac-CAATGGAACGAACTTA,0
spatial-atac-CAATGGAACGACTGGA,2
spatial-atac-CAATGGAACGCATACA,2
spatial-atac-CAATGGAACTCAATGA,10
spatial-atac-CAATGGAACTGAGCCA,9
spatial-atac-CAATGGAACTGGCATA,2
spatial-atac-CAATGGAAGAATCTGA,1
spatial-atac-CAATGGAACAAGACTA,4
spatial-atac-CAATGGAAGAGCTGAA,4
spatial-atac-CAATGGAAGATAGACA,4
spatial-atac-CAATGGAAGCCACATA,1
spatial-atac-CACTTCGAAGTACAAG,3
spatial-atac-CACTTCGAAACAACCA,3
spatial-atac-CACTTCGAAACCGAGA,3
spatial-atac-CACTTCGAAACGCTTA,3
spatial-atac-CACTTCGAAAGACGGA,3
spatial-atac-CACTTCGAACGCTCGA,2
spatial-atac-CACTTCGAACGTATCA,10
spatial-atac-CACTTCGAACTATGCA,0
spatial-atac-CACTTCGAAGAGTCAA,2
spatial-atac-CACTTCGAAGATCGCA,1
spatial-atac-CACTTCGAAGCAGGAA,7
spatial-atac-CACTTCGAAGTCACTA,7
spatial-atac-CACTTCGAATCCTGTA,7
spatial-atac-CACTTCGAATTGAGGA,7
spatial-atac-CACTTCGACAACCACA,7
spatial-atac-CACTTCGAGACTAGTA,7
spatial-atac-CACTTCGACAATGGAA,7
spatial-atac-CACTTCGACACTTCGA,7
spatial-atac-CACTTCGACAGCGTTA,10
spatial-atac-CACTTCGACATACCAA,0
spatial-atac-CACTTCGACCAGTTCA,2
spatial-atac-CACTTCGACCGAAGTA,2
spatial-atac-CACTTCGACCGTGAGA,2
spatial-atac-CACTTCGACCTCCTGA,2
spatial-atac-CACTTCGACGAACTTA,10
spatial-atac-CACTTCGACGACTGGA,2
spatial-atac-CACTTCGACGCATACA,2
spatial-atac-CACTTCGACTCAATGA,9
spatial-atac-CACTTCGACTGAGCCA,2
spatial-atac-CACTTCGACTGGCATA,2
spatial-atac-CACTTCGAGAATCTGA,2
spatial-atac-CACTTCGACAAGACTA,4
spatial-atac-CACTTCGAGAGCTGAA,4
spatial-atac-CACTTCGAGATAGACA,4
spatial-atac-CACTTCGAGCCACATA,1
spatial-atac-CAGCGTTAACAAGCTA,3
spatial-atac-CAGCGTTACTGTAGCC,3
spatial-atac-CAGCGTTAAGTACAAG,3
spatial-atac-CAGCGTTAAACAACCA,0
spatial-atac-CAGCGTTAAACCGAGA,0
spatial-atac-CAGCGTTAAACGCTTA,0
spatial-atac-CAGCGTTAAAGACGGA,3
spatial-atac-CAGCGTTAAAGGTACA,3
spatial-atac-CAGCGTTAACGCTCGA,0
spatial-atac-CAGCGTTAACGTATCA,0
spatial-atac-CAGCGTTAACTATGCA,2
spatial-atac-CAGCGTTAAGAGTCAA,10
spatial-atac-CAGCGTTAAGATCGCA,7
spatial-atac-CAGCGTTAAGCAGGAA,7
spatial-atac-CAGCGTTAAGTCACTA,7
spatial-atac-CAGCGTTAATCCTGTA,7
spatial-atac-CAGCGTTAATTGAGGA,7
spatial-atac-CAGCGTTACAACCACA,7
spatial-atac-CAGCGTTAGACTAGTA,7
spatial-atac-CAGCGTTACAATGGAA,7
spatial-atac-CAGCGTTACACTTCGA,7
spatial-atac-CAGCGTTACAGCGTTA,7
spatial-atac-CAGCGTTACATACCAA,7
spatial-atac-CAGCGTTACCAGTTCA,0
spatial-atac-CAGCGTTACCGAAGTA,2
spatial-atac-CAGCGTTACCGTGAGA,2
spatial-atac-CAGCGTTACCTCCTGA,10
spatial-atac-CAGCGTTACGAACTTA,2
spatial-atac-CAGCGTTACGACTGGA,10
spatial-atac-CAGCGTTACGCATACA,2
spatial-atac-CAGCGTTACTCAATGA,2
spatial-atac-CAGCGTTACTGAGCCA,2
spatial-atac-CAGCGTTACTGGCATA,2
spatial-atac-CAGCGTTAGAATCTGA,2
spatial-atac-CAGCGTTACAAGACTA,4
spatial-atac-CAGCGTTAGAGCTGAA,4
spatial-atac-CAGCGTTAGATAGACA,4
spatial-atac-CAGCGTTAGCCACATA,5
spatial-atac-CATACCAACGCTGATC,3
spatial-atac-CATACCAAACAAGCTA,3
spatial-atac-CATACCAACTGTAGCC,2
spatial-atac-CATACCAAAGTACAAG,0
spatial-atac-CATACCAAAACAACCA,0
spatial-atac-CATACCAAAACCGAGA,0
spatial-atac-CATACCAAAACGCTTA,0
spatial-atac-CATACCAAAAGACGGA,0
spatial-atac-CATACCAAAAGGTACA,3
spatial-atac-CATACCAAACACAGAA,3
spatial-atac-CATACCAAACGCTCGA,0
spatial-atac-CATACCAAACGTATCA,0
spatial-atac-CATACCAAACTATGCA,2
spatial-atac-CATACCAAAGAGTCAA,7
spatial-atac-CATACCAAAGATCGCA,8
spatial-atac-CATACCAAAGCAGGAA,7
spatial-atac-CATACCAAAGTCACTA,7
spatial-atac-CATACCAAATCCTGTA,7
spatial-atac-CATACCAAATTGAGGA,7
spatial-atac-CATACCAACAACCACA,7
spatial-atac-CATACCAAGACTAGTA,7
spatial-atac-CATACCAACAATGGAA,7
spatial-atac-CATACCAACACTTCGA,7
spatial-atac-CATACCAACAGCGTTA,7
spatial-atac-CATACCAACATACCAA,7
spatial-atac-CATACCAACCAGTTCA,2
spatial-atac-CATACCAACCGAAGTA,2
spatial-atac-CATACCAACCGTGAGA,2
spatial-atac-CATACCAACCTCCTGA,2
spatial-atac-CATACCAACGAACTTA,2
spatial-atac-CATACCAACGACTGGA,0
spatial-atac-CATACCAACGCATACA,0
spatial-atac-CATACCAACTCAATGA,2
spatial-atac-CATACCAACTGAGCCA,2
spatial-atac-CATACCAACTGGCATA,10
spatial-atac-CATACCAAGAATCTGA,4
spatial-atac-CATACCAACAAGACTA,4
spatial-atac-CATACCAAGAGCTGAA,4
spatial-atac-CATACCAAGATAGACA,1
spatial-atac-CATACCAAGCCACATA,5
spatial-atac-CCAGTTCACATCAAGT,3
spatial-atac-CCAGTTCACGCTGATC,0
spatial-atac-CCAGTTCAACAAGCTA,0
spatial-atac-CCAGTTCACTGTAGCC,3
spatial-atac-CCAGTTCAAGTACAAG,0
spatial-atac-CCAGTTCAAACAACCA,3
spatial-atac-CCAGTTCAAACCGAGA,3
spatial-atac-CCAGTTCAAACGCTTA,0
spatial-atac-CCAGTTCAAAGACGGA,0
spatial-atac-CCAGTTCAAAGGTACA,3
spatial-atac-CCAGTTCAACACAGAA,3
spatial-atac-CCAGTTCAACAGCAGA,0
spatial-atac-CCAGTTCAACGCTCGA,0
spatial-atac-CCAGTTCAACGTATCA,2
spatial-atac-CCAGTTCAACTATGCA,7
spatial-atac-CCAGTTCAAGAGTCAA,7
spatial-atac-CCAGTTCAAGATCGCA,8
spatial-atac-CCAGTTCAAGCAGGAA,7
spatial-atac-CCAGTTCAAGTCACTA,7
spatial-atac-CCAGTTCAATCCTGTA,7
spatial-atac-CCAGTTCAATTGAGGA,7
spatial-atac-CCAGTTCACAACCACA,7
spatial-atac-CCAGTTCAGACTAGTA,7
spatial-atac-CCAGTTCACAATGGAA,7
spatial-atac-CCAGTTCACACTTCGA,7
spatial-atac-CCAGTTCACAGCGTTA,7
spatial-atac-CCAGTTCACATACCAA,7
spatial-atac-CCAGTTCACCAGTTCA,2
spatial-atac-CCAGTTCACCGAAGTA,2
spatial-atac-CCAGTTCACCGTGAGA,2
spatial-atac-CCAGTTCACCTCCTGA,2
spatial-atac-CCAGTTCACGAACTTA,2
spatial-atac-CCAGTTCACGACTGGA,9
spatial-atac-CCAGTTCACGCATACA,0
spatial-atac-CCAGTTCACTCAATGA,2
spatial-atac-CCAGTTCACTGAGCCA,2
spatial-atac-CCAGTTCACTGGCATA,2
spatial-atac-CCAGTTCAGAATCTGA,2
spatial-atac-CCAGTTCACAAGACTA,4
spatial-atac-CCAGTTCAGAGCTGAA,4
spatial-atac-CCAGTTCAGATAGACA,1
spatial-atac-CCAGTTCAGCCACATA,5
spatial-atac-CCGAAGTACAGATCTG,3
spatial-atac-CCGAAGTACATCAAGT,0
spatial-atac-CCGAAGTACGCTGATC,2
spatial-atac-CCGAAGTAACAAGCTA,0
spatial-atac-CCGAAGTACTGTAGCC,0
spatial-atac-CCGAAGTAAGTACAAG,0
spatial-atac-CCGAAGTAAACAACCA,3
spatial-atac-CCGAAGTAAACCGAGA,0
spatial-atac-CCGAAGTAAACGCTTA,0
spatial-atac-CCGAAGTAAAGACGGA,3
spatial-atac-CCGAAGTAAAGGTACA,3
spatial-atac-CCGAAGTAACACAGAA,10
spatial-atac-CCGAAGTAACAGCAGA,0
spatial-atac-CCGAAGTAACGCTCGA,8
spatial-atac-CCGAAGTAACGTATCA,10
spatial-atac-CCGAAGTAACTATGCA,7
spatial-atac-CCGAAGTAAGAGTCAA,7
spatial-atac-CCGAAGTAAGATCGCA,8
spatial-atac-CCGAAGTAAGCAGGAA,7
spatial-atac-CCGAAGTAAGTCACTA,7
spatial-atac-CCGAAGTAATCCTGTA,7
spatial-atac-CCGAAGTAATTGAGGA,7
spatial-atac-CCGAAGTACAACCACA,7
spatial-atac-CCGAAGTAGACTAGTA,7
spatial-atac-CCGAAGTACAATGGAA,7
spatial-atac-CCGAAGTACACTTCGA,7
spatial-atac-CCGAAGTACAGCGTTA,7
spatial-atac-CCGAAGTACATACCAA,7
spatial-atac-CCGAAGTACCAGTTCA,7
spatial-atac-CCGAAGTACCGAAGTA,2
spatial-atac-CCGAAGTACCGTGAGA,2
spatial-atac-CCGAAGTACCTCCTGA,2
spatial-atac-CCGAAGTACGAACTTA,0
spatial-atac-CCGAAGTACGACTGGA,0
spatial-atac-CCGAAGTACGCATACA,0
spatial-atac-CCGAAGTACTCAATGA,2
spatial-atac-CCGAAGTACTGAGCCA,2
spatial-atac-CCGAAGTACTGGCATA,2
spatial-atac-CCGAAGTAGAATCTGA,4
spatial-atac-CCGAAGTACAAGACTA,4
spatial-atac-CCGAAGTAGAGCTGAA,4
spatial-atac-CCGAAGTAGATAGACA,5
spatial-atac-CCGAAGTAGCCACATA,5
spatial-atac-CCGTGAGACAGATCTG,3
spatial-atac-CCGTGAGACATCAAGT,0
spatial-atac-CCGTGAGACGCTGATC,9
spatial-atac-CCGTGAGAACAAGCTA,0
spatial-atac-CCGTGAGACTGTAGCC,0
spatial-atac-CCGTGAGAAGTACAAG,0
spatial-atac-CCGTGAGAAACAACCA,0
spatial-atac-CCGTGAGAAACCGAGA,3
spatial-atac-CCGTGAGAAACGCTTA,3
spatial-atac-CCGTGAGAAAGACGGA,3
spatial-atac-CCGTGAGAAAGGTACA,3
spatial-atac-CCGTGAGAACACAGAA,8
spatial-atac-CCGTGAGAACAGCAGA,8
spatial-atac-CCGTGAGAACCTCCAA,8
spatial-atac-CCGTGAGAACGCTCGA,0
spatial-atac-CCGTGAGAACGTATCA,0
spatial-atac-CCGTGAGAACTATGCA,7
spatial-atac-CCGTGAGAAGAGTCAA,7
spatial-atac-CCGTGAGAAGATCGCA,7
spatial-atac-CCGTGAGAAGCAGGAA,7
spatial-atac-CCGTGAGAAGTCACTA,7
spatial-atac-CCGTGAGAATCCTGTA,7
spatial-atac-CCGTGAGAATTGAGGA,7
spatial-atac-CCGTGAGACAACCACA,7
spatial-atac-CCGTGAGAGACTAGTA,7
spatial-atac-CCGTGAGACAATGGAA,7
spatial-atac-CCGTGAGACACTTCGA,7
spatial-atac-CCGTGAGACAGCGTTA,7
spatial-atac-CCGTGAGACATACCAA,7
spatial-atac-CCGTGAGACCAGTTCA,7
spatial-atac-CCGTGAGACCGAAGTA,7
spatial-atac-CCGTGAGACCGTGAGA,2
spatial-atac-CCGTGAGACCTCCTGA,2
spatial-atac-CCGTGAGACGAACTTA,2
spatial-atac-CCGTGAGACGACTGGA,9
spatial-atac-CCGTGAGACGCATACA,2
spatial-atac-CCGTGAGACTCAATGA,10
spatial-atac-CCGTGAGACTGAGCCA,4
spatial-atac-CCGTGAGACTGGCATA,2
spatial-atac-CCGTGAGAGAATCTGA,4
spatial-atac-CCGTGAGACAAGACTA,4
spatial-atac-CCGTGAGAGAGCTGAA,4
spatial-atac-CCGTGAGAGATAGACA,4
spatial-atac-CCGTGAGAGCCACATA,5
spatial-atac-CCTCCTGACAGATCTG,3
spatial-atac-CCTCCTGACATCAAGT,0
spatial-atac-CCTCCTGACGCTGATC,0
spatial-atac-CCTCCTGAACAAGCTA,0
spatial-atac-CCTCCTGACTGTAGCC,0
spatial-atac-CCTCCTGAAGTACAAG,3
spatial-atac-CCTCCTGAAACAACCA,3
spatial-atac-CCTCCTGAAACCGAGA,3
spatial-atac-CCTCCTGAAACGCTTA,3
spatial-atac-CCTCCTGAAAGACGGA,3
spatial-atac-CCTCCTGAAAGGTACA,8
spatial-atac-CCTCCTGAACACAGAA,0
spatial-atac-CCTCCTGAACAGCAGA,8
spatial-atac-CCTCCTGAACCTCCAA,0
spatial-atac-CCTCCTGAACGCTCGA,0
spatial-atac-CCTCCTGAACGTATCA,0
spatial-atac-CCTCCTGAACTATGCA,0
spatial-atac-CCTCCTGAAGAGTCAA,7
spatial-atac-CCTCCTGAAGATCGCA,7
spatial-atac-CCTCCTGAAGCAGGAA,7
spatial-atac-CCTCCTGAAGTCACTA,7
spatial-atac-CCTCCTGAATCCTGTA,7
spatial-atac-CCTCCTGAATTGAGGA,7
spatial-atac-CCTCCTGACAACCACA,7
spatial-atac-CCTCCTGAGACTAGTA,7
spatial-atac-CCTCCTGACAATGGAA,7
spatial-atac-CCTCCTGACACTTCGA,7
spatial-atac-CCTCCTGACAGCGTTA,7
spatial-atac-CCTCCTGACATACCAA,7
spatial-atac-CCTCCTGACCAGTTCA,7
spatial-atac-CCTCCTGACCGAAGTA,7
spatial-atac-CCTCCTGACCGTGAGA,0
spatial-atac-CCTCCTGACCTCCTGA,2
spatial-atac-CCTCCTGACGAACTTA,2
spatial-atac-CCTCCTGACGACTGGA,2
spatial-atac-CCTCCTGACGCATACA,2
spatial-atac-CCTCCTGACTCAATGA,0
spatial-atac-CCTCCTGACTGAGCCA,2
spatial-atac-CCTCCTGACTGGCATA,4
spatial-atac-CCTCCTGAGAATCTGA,4
spatial-atac-CCTCCTGACAAGACTA,4
spatial-atac-CCTCCTGAGAGCTGAA,1
spatial-atac-CCTCCTGAGATAGACA,5
spatial-atac-CCTCCTGAGCCACATA,5
spatial-atac-CGAACTTAACATTGGC,3
spatial-atac-CGAACTTACAGATCTG,2
spatial-atac-CGAACTTACATCAAGT,0
spatial-atac-CGAACTTACGCTGATC,0
spatial-atac-CGAACTTAACAAGCTA,0
spatial-atac-CGAACTTACTGTAGCC,3
spatial-atac-CGAACTTAAGTACAAG,3
spatial-atac-CGAACTTAAACAACCA,3
spatial-atac-CGAACTTAAAGACGGA,2
spatial-atac-CGAACTTAAAGGTACA,0
spatial-atac-CGAACTTAACACAGAA,8
spatial-atac-CGAACTTAACAGCAGA,8
spatial-atac-CGAACTTAACCTCCAA,0
spatial-atac-CGAACTTAACGCTCGA,0
spatial-atac-CGAACTTAACGTATCA,2
spatial-atac-CGAACTTAACTATGCA,2
spatial-atac-CGAACTTAAGAGTCAA,2
spatial-atac-CGAACTTAAGATCGCA,7
spatial-atac-CGAACTTAAGCAGGAA,7
spatial-atac-CGAACTTAAGTCACTA,7
spatial-atac-CGAACTTAATCCTGTA,7
spatial-atac-CGAACTTAATTGAGGA,7
spatial-atac-CGAACTTACAACCACA,7
spatial-atac-CGAACTTAGACTAGTA,7
spatial-atac-CGAACTTACAATGGAA,7
spatial-atac-CGAACTTACACTTCGA,7
spatial-atac-CGAACTTACAGCGTTA,7
spatial-atac-CGAACTTACATACCAA,7
spatial-atac-CGAACTTACCAGTTCA,7
spatial-atac-CGAACTTACCGAAGTA,7
spatial-atac-CGAACTTACCGTGAGA,0
spatial-atac-CGAACTTACCTCCTGA,2
spatial-atac-CGAACTTACGAACTTA,2
spatial-atac-CGAACTTACGACTGGA,2
spatial-atac-CGAACTTACGCATACA,9
spatial-atac-CGAACTTACTCAATGA,9
spatial-atac-CGAACTTACTGAGCCA,9
spatial-atac-CGAACTTACTGGCATA,4
spatial-atac-CGAACTTAGAATCTGA,4
spatial-atac-CGAACTTACAAGACTA,4
spatial-atac-CGAACTTAGAGCTGAA,4
spatial-atac-CGAACTTAGATAGACA,5
spatial-atac-CGAACTTAGCCACATA,5
spatial-atac-CGACTGGAACCACTGT,0
spatial-atac-CGACTGGAACATTGGC,2
spatial-atac-CGACTGGACAGATCTG,0
spatial-atac-CGACTGGACATCAAGT,0
spatial-atac-CGACTGGACGCTGATC,10
spatial-atac-CGACTGGAACAAGCTA,3
spatial-atac-CGACTGGACTGTAGCC,3
spatial-atac-CGACTGGAAACCGAGA,0
spatial-atac-CGACTGGAAAGGTACA,2
spatial-atac-CGACTGGAACACAGAA,8
spatial-atac-CGACTGGAACAGCAGA,8
spatial-atac-CGACTGGAACCTCCAA,0
spatial-atac-CGACTGGAACGCTCGA,0
spatial-atac-CGACTGGAACGTATCA,2
spatial-atac-CGACTGGAACTATGCA,0
spatial-atac-CGACTGGAAGAGTCAA,2
spatial-atac-CGACTGGAAGATCGCA,2
spatial-atac-CGACTGGAAGCAGGAA,7
spatial-atac-CGACTGGAAGTCACTA,7
spatial-atac-CGACTGGAATCCTGTA,7
spatial-atac-CGACTGGAATTGAGGA,7
spatial-atac-CGACTGGACAACCACA,7
spatial-atac-CGACTGGAGACTAGTA,7
spatial-atac-CGACTGGACAATGGAA,7
spatial-atac-CGACTGGACACTTCGA,7
spatial-atac-CGACTGGACAGCGTTA,7
spatial-atac-CGACTGGACATACCAA,7
spatial-atac-CGACTGGACCAGTTCA,7
spatial-atac-CGACTGGACCGAAGTA,2
spatial-atac-CGACTGGACCGTGAGA,0
spatial-atac-CGACTGGACCTCCTGA,10
spatial-atac-CGACTGGACGAACTTA,2
spatial-atac-CGACTGGACGACTGGA,2
spatial-atac-CGACTGGACGCATACA,2
spatial-atac-CGACTGGACTCAATGA,0
spatial-atac-CGACTGGACTGAGCCA,2
spatial-atac-CGACTGGACTGGCATA,4
spatial-atac-CGACTGGAGAATCTGA,4
spatial-atac-CGACTGGACAAGACTA,4
spatial-atac-CGACTGGAGAGCTGAA,4
spatial-atac-CGACTGGAGATAGACA,5
spatial-atac-CGACTGGAGCCACATA,5
spatial-atac-CGCATACAAGTGGTCA,2
spatial-atac-CGCATACAACCACTGT,2
spatial-atac-CGCATACAACATTGGC,9
spatial-atac-CGCATACACAGATCTG,2
spatial-atac-CGCATACACATCAAGT,0
spatial-atac-CGCATACACGCTGATC,2
spatial-atac-CGCATACAACAAGCTA,10
spatial-atac-CGCATACACTGTAGCC,0
spatial-atac-CGCATACAAGTACAAG,0
spatial-atac-CGCATACAAACAACCA,0
spatial-atac-CGCATACAAACCGAGA,0
spatial-atac-CGCATACAACACAGAA,2
spatial-atac-CGCATACAACAGCAGA,0
spatial-atac-CGCATACAACCTCCAA,0
spatial-atac-CGCATACAACGCTCGA,2
spatial-atac-CGCATACAACGTATCA,2
spatial-atac-CGCATACAACTATGCA,0
spatial-atac-CGCATACAAGAGTCAA,2
spatial-atac-CGCATACAAGATCGCA,2
spatial-atac-CGCATACAAGCAGGAA,2
spatial-atac-CGCATACAAGTCACTA,2
spatial-atac-CGCATACAATCCTGTA,7
spatial-atac-CGCATACAATTGAGGA,7
spatial-atac-CGCATACACAACCACA,7
spatial-atac-CGCATACAGACTAGTA,7
spatial-atac-CGCATACACAATGGAA,7
spatial-atac-CGCATACACACTTCGA,7
spatial-atac-CGCATACACAGCGTTA,7
spatial-atac-CGCATACACATACCAA,10
spatial-atac-CGCATACACCAGTTCA,10
spatial-atac-CGCATACACCGAAGTA,2
spatial-atac-CGCATACACCGTGAGA,2
spatial-atac-CGCATACACCTCCTGA,10
spatial-atac-CGCATACACGAACTTA,10
spatial-atac-CGCATACACGACTGGA,2
spatial-atac-CGCATACACGCATACA,4
spatial-atac-CGCATACACTCAATGA,4
spatial-atac-CGCATACACTGAGCCA,4
spatial-atac-CGCATACACTGGCATA,4
spatial-atac-CGCATACAGAATCTGA,4
spatial-atac-CGCATACACAAGACTA,4
spatial-atac-CGCATACAGAGCTGAA,1
spatial-atac-CGCATACAGATAGACA,5
spatial-atac-CGCATACAGCCACATA,5
spatial-atac-CTCAATGAATGCCTAA,0
spatial-atac-CTCAATGAAGTGGTCA,2
spatial-atac-CTCAATGAACCACTGT,0
spatial-atac-CTCAATGAACATTGGC,2
spatial-atac-CTCAATGACATCAAGT,2
spatial-atac-CTCAATGAACACAGAA,2
spatial-atac-CTCAATGAACAGCAGA,2
spatial-atac-CTCAATGAACCTCCAA,2
spatial-atac-CTCAATGAACGCTCGA,2
spatial-atac-CTCAATGAACGTATCA,2
spatial-atac-CTCAATGAACTATGCA,9
spatial-atac-CTCAATGAAGAGTCAA,2
spatial-atac-CTCAATGAAGATCGCA,8
spatial-atac-CTCAATGAAGCAGGAA,2
spatial-atac-CTCAATGAAGTCACTA,0
spatial-atac-CTCAATGAATCCTGTA,2
spatial-atac-CTCAATGAATTGAGGA,10
spatial-atac-CTCAATGACAACCACA,7
spatial-atac-CTCAATGAGACTAGTA,7
spatial-atac-CTCAATGACAATGGAA,2
spatial-atac-CTCAATGACACTTCGA,10
spatial-atac-CTCAATGACAGCGTTA,2
spatial-atac-CTCAATGACATACCAA,2
spatial-atac-CTCAATGACCAGTTCA,10
spatial-atac-CTCAATGACCGAAGTA,2
spatial-atac-CTCAATGACCGTGAGA,2
spatial-atac-CTCAATGACCTCCTGA,0
spatial-atac-CTCAATGACGAACTTA,0
spatial-atac-CTCAATGACGACTGGA,2
spatial-atac-CTCAATGACGCATACA,0
spatial-atac-CTCAATGACTCAATGA,4
spatial-atac-CTCAATGACTGAGCCA,4
spatial-atac-CTCAATGACTGGCATA,4
spatial-atac-CTCAATGAGAATCTGA,4
spatial-atac-CTCAATGACAAGACTA,4
spatial-atac-CTCAATGAGAGCTGAA,5
spatial-atac-CTCAATGAGATAGACA,5
spatial-atac-CTCAATGAGCCACATA,5
spatial-atac-CTGAGCCAATGCCTAA,10
spatial-atac-CTGAGCCAAGTGGTCA,2
spatial-atac-CTGAGCCAACCACTGT,0
spatial-atac-CTGAGCCAAGTACAAG,3
spatial-atac-CTGAGCCAAACAACCA,3
spatial-atac-CTGAGCCAAACCGAGA,3
spatial-atac-CTGAGCCAAACGCTTA,3
spatial-atac-CTGAGCCAAAGACGGA,3
spatial-atac-CTGAGCCAAAGGTACA,3
spatial-atac-CTGAGCCAACACAGAA,3
spatial-atac-CTGAGCCAACAGCAGA,3
spatial-atac-CTGAGCCAACCTCCAA,3
spatial-atac-CTGAGCCAACGCTCGA,3
spatial-atac-CTGAGCCAACGTATCA,2
spatial-atac-CTGAGCCAACTATGCA,2
spatial-atac-CTGAGCCAAGAGTCAA,2
spatial-atac-CTGAGCCAAGATCGCA,8
spatial-atac-CTGAGCCAAGCAGGAA,2
spatial-atac-CTGAGCCAAGTCACTA,2
spatial-atac-CTGAGCCAATCCTGTA,0
spatial-atac-CTGAGCCAATTGAGGA,2
spatial-atac-CTGAGCCACAACCACA,2
spatial-atac-CTGAGCCAGACTAGTA,2
spatial-atac-CTGAGCCACAATGGAA,2
spatial-atac-CTGAGCCACACTTCGA,10
spatial-atac-CTGAGCCACAGCGTTA,2
spatial-atac-CTGAGCCACATACCAA,2
spatial-atac-CTGAGCCACCAGTTCA,10
spatial-atac-CTGAGCCACCGAAGTA,2
spatial-atac-CTGAGCCACCGTGAGA,2
spatial-atac-CTGAGCCACCTCCTGA,9
spatial-atac-CTGAGCCACGAACTTA,10
spatial-atac-CTGAGCCACGACTGGA,1
spatial-atac-CTGAGCCACGCATACA,1
spatial-atac-CTGAGCCACTCAATGA,4
spatial-atac-CTGAGCCACTGAGCCA,4
spatial-atac-CTGAGCCACTGGCATA,4
spatial-atac-CTGAGCCAGAATCTGA,4
spatial-atac-CTGAGCCACAAGACTA,4
spatial-atac-CTGAGCCAGAGCTGAA,4
spatial-atac-CTGAGCCAGATAGACA,5
spatial-atac-CTGAGCCAGCCACATA,5
spatial-atac-CTGGCATAAGTGGTCA,0
spatial-atac-CTGGCATACTGTAGCC,3
spatial-atac-CTGGCATAAGTACAAG,3
spatial-atac-CTGGCATAAACAACCA,0
spatial-atac-CTGGCATAAACCGAGA,0
spatial-atac-CTGGCATAAACGCTTA,0
spatial-atac-CTGGCATAAAGACGGA,0
spatial-atac-CTGGCATAAAGGTACA,6
spatial-atac-CTGGCATAACACAGAA,3
spatial-atac-CTGGCATAACAGCAGA,2
spatial-atac-CTGGCATAACCTCCAA,2
spatial-atac-CTGGCATAACGCTCGA,3
spatial-atac-CTGGCATAACGTATCA,3
spatial-atac-CTGGCATAACTATGCA,3
spatial-atac-CTGGCATAAGAGTCAA,2
spatial-atac-CTGGCATAAGATCGCA,2
spatial-atac-CTGGCATAAGCAGGAA,2
spatial-atac-CTGGCATAAGTCACTA,2
spatial-atac-CTGGCATAATCCTGTA,2
spatial-atac-CTGGCATAATTGAGGA,0
spatial-atac-CTGGCATACAACCACA,2
spatial-atac-CTGGCATAGACTAGTA,2
spatial-atac-CTGGCATACAATGGAA,2
spatial-atac-CTGGCATACACTTCGA,2
spatial-atac-CTGGCATACAGCGTTA,10
spatial-atac-CTGGCATACATACCAA,2
spatial-atac-CTGGCATACCAGTTCA,10
spatial-atac-CTGGCATACCGAAGTA,2
spatial-atac-CTGGCATACCGTGAGA,2
spatial-atac-CTGGCATACCTCCTGA,0
spatial-atac-CTGGCATACGAACTTA,2
spatial-atac-CTGGCATACGACTGGA,0
spatial-atac-CTGGCATACGCATACA,2
spatial-atac-CTGGCATACTCAATGA,4
spatial-atac-CTGGCATACTGAGCCA,4
spatial-atac-CTGGCATACTGGCATA,4
spatial-atac-CTGGCATAGAATCTGA,4
spatial-atac-CTGGCATACAAGACTA,1
spatial-atac-CTGGCATAGAGCTGAA,5
spatial-atac-CTGGCATAGATAGACA,5
spatial-atac-CTGGCATAGCCACATA,5
spatial-atac-GAATCTGACTGTAGCC,3
spatial-atac-GAATCTGAAGTACAAG,0
spatial-atac-GAATCTGAAACAACCA,3
spatial-atac-GAATCTGAAACCGAGA,6
spatial-atac-GAATCTGAAACGCTTA,0
spatial-atac-GAATCTGAAAGACGGA,2
spatial-atac-GAATCTGAAAGGTACA,3
spatial-atac-GAATCTGAACACAGAA,9
spatial-atac-GAATCTGAACAGCAGA,9
spatial-atac-GAATCTGAACCTCCAA,10
spatial-atac-GAATCTGAACGCTCGA,2
spatial-atac-GAATCTGAACGTATCA,9
spatial-atac-GAATCTGAACTATGCA,2
spatial-atac-GAATCTGAAGAGTCAA,2
spatial-atac-GAATCTGAAGATCGCA,2
spatial-atac-GAATCTGAAGCAGGAA,2
spatial-atac-GAATCTGAAGTCACTA,2
spatial-atac-GAATCTGAATCCTGTA,2
spatial-atac-GAATCTGAATTGAGGA,0
spatial-atac-GAATCTGACAACCACA,2
spatial-atac-GAATCTGAGACTAGTA,10
spatial-atac-GAATCTGACAATGGAA,2
spatial-atac-GAATCTGACACTTCGA,2
spatial-atac-GAATCTGACAGCGTTA,2
spatial-atac-GAATCTGACATACCAA,2
spatial-atac-GAATCTGACCAGTTCA,2
spatial-atac-GAATCTGACCGAAGTA,0
spatial-atac-GAATCTGACCGTGAGA,0
spatial-atac-GAATCTGACCTCCTGA,5
spatial-atac-GAATCTGACGAACTTA,0
spatial-atac-GAATCTGACGACTGGA,0
spatial-atac-GAATCTGACGCATACA,4
spatial-atac-GAATCTGACTCAATGA,4
spatial-atac-GAATCTGACTGAGCCA,4
spatial-atac-GAATCTGACTGGCATA,4
spatial-atac-GAATCTGAGAATCTGA,4
spatial-atac-GAATCTGACAAGACTA,1
spatial-atac-GAATCTGAGAGCTGAA,5
spatial-atac-GAATCTGAGATAGACA,1
spatial-atac-GAATCTGAGCCACATA,1
spatial-atac-CAAGACTAACCACTGT,3
spatial-atac-CAAGACTAACATTGGC,3
spatial-atac-CAAGACTACAGATCTG,6
spatial-atac-CAAGACTACATCAAGT,3
spatial-atac-CAAGACTACGCTGATC,3
spatial-atac-CAAGACTACTGTAGCC,3
spatial-atac-CAAGACTAAGTACAAG,3
spatial-atac-CAAGACTAAACAACCA,2
spatial-atac-CAAGACTAAACCGAGA,3
spatial-atac-CAAGACTAAACGCTTA,2
spatial-atac-CAAGACTAAAGACGGA,3
spatial-atac-CAAGACTAAAGGTACA,2
spatial-atac-CAAGACTAACACAGAA,2
spatial-atac-CAAGACTAACAGCAGA,2
spatial-atac-CAAGACTAACCTCCAA,9
spatial-atac-CAAGACTAACGCTCGA,2
spatial-atac-CAAGACTAACGTATCA,2
spatial-atac-CAAGACTAACTATGCA,2
spatial-atac-CAAGACTAAGAGTCAA,2
spatial-atac-CAAGACTAAGATCGCA,2
spatial-atac-CAAGACTAAGCAGGAA,2
spatial-atac-CAAGACTAAGTCACTA,2
spatial-atac-CAAGACTAATCCTGTA,2
spatial-atac-CAAGACTAATTGAGGA,2
spatial-atac-CAAGACTACAACCACA,2
spatial-atac-CAAGACTAGACTAGTA,2
spatial-atac-CAAGACTACAATGGAA,2
spatial-atac-CAAGACTACACTTCGA,10
spatial-atac-CAAGACTACAGCGTTA,2
spatial-atac-CAAGACTACATACCAA,10
spatial-atac-CAAGACTACCAGTTCA,0
spatial-atac-CAAGACTACCGAAGTA,0
spatial-atac-CAAGACTACCGTGAGA,0
spatial-atac-CAAGACTACCTCCTGA,0
spatial-atac-CAAGACTACGAACTTA,0
spatial-atac-CAAGACTACGACTGGA,4
spatial-atac-CAAGACTACGCATACA,4
spatial-atac-CAAGACTACTCAATGA,4
spatial-atac-CAAGACTACTGAGCCA,4
spatial-atac-CAAGACTACTGGCATA,4
spatial-atac-CAAGACTAGAATCTGA,5
spatial-atac-CAAGACTACAAGACTA,5
spatial-atac-CAAGACTAGAGCTGAA,5
spatial-atac-CAAGACTAGATAGACA,0
spatial-atac-CAAGACTAGCCACATA,1
spatial-atac-GAGCTGAAAGTGGTCA,3
spatial-atac-GAGCTGAAACCACTGT,3
spatial-atac-GAGCTGAAACATTGGC,2
spatial-atac-GAGCTGAACAGATCTG,0
spatial-atac-GAGCTGAACATCAAGT,6
spatial-atac-GAGCTGAACGCTGATC,6
spatial-atac-GAGCTGAAACAAGCTA,3
spatial-atac-GAGCTGAACTGTAGCC,3
spatial-atac-GAGCTGAAAGTACAAG,3
spatial-atac-GAGCTGAAAACAACCA,3
spatial-atac-GAGCTGAAAACCGAGA,3
spatial-atac-GAGCTGAAAACGCTTA,2
spatial-atac-GAGCTGAAAAGACGGA,2
spatial-atac-GAGCTGAAAAGGTACA,2
spatial-atac-GAGCTGAAACACAGAA,2
spatial-atac-GAGCTGAAACAGCAGA,2
spatial-atac-GAGCTGAAACCTCCAA,2
spatial-atac-GAGCTGAAACGCTCGA,2
spatial-atac-GAGCTGAAACGTATCA,2
spatial-atac-GAGCTGAAACTATGCA,2
spatial-atac-GAGCTGAAAGAGTCAA,2
spatial-atac-GAGCTGAAAGATCGCA,2
spatial-atac-GAGCTGAAAGCAGGAA,2
spatial-atac-GAGCTGAAAGTCACTA,2
spatial-atac-GAGCTGAAATCCTGTA,2
spatial-atac-GAGCTGAAATTGAGGA,2
spatial-atac-GAGCTGAACAACCACA,2
spatial-atac-GAGCTGAAGACTAGTA,2
spatial-atac-GAGCTGAACAATGGAA,2
spatial-atac-GAGCTGAACACTTCGA,1
spatial-atac-GAGCTGAACAGCGTTA,6
spatial-atac-GAGCTGAACATACCAA,0
spatial-atac-GAGCTGAACCAGTTCA,0
spatial-atac-GAGCTGAACCGAAGTA,0
spatial-atac-GAGCTGAACCGTGAGA,0
spatial-atac-GAGCTGAACCTCCTGA,0
spatial-atac-GAGCTGAACGAACTTA,0
spatial-atac-GAGCTGAACGACTGGA,4
spatial-atac-GAGCTGAACGCATACA,4
spatial-atac-GAGCTGAACTCAATGA,4
spatial-atac-GAGCTGAACTGAGCCA,4
spatial-atac-GAGCTGAACTGGCATA,5
spatial-atac-GAGCTGAAGAATCTGA,5
spatial-atac-GAGCTGAACAAGACTA,5
spatial-atac-GAGCTGAAGAGCTGAA,5
spatial-atac-GAGCTGAAGATAGACA,1
spatial-atac-GAGCTGAAGCCACATA,1
spatial-atac-GATAGACAATGCCTAA,3
spatial-atac-GATAGACAAGTGGTCA,6
spatial-atac-GATAGACAACCACTGT,0
spatial-atac-GATAGACAACATTGGC,0
spatial-atac-GATAGACACAGATCTG,0
spatial-atac-GATAGACACATCAAGT,10
spatial-atac-GATAGACACGCTGATC,0
spatial-atac-GATAGACAACAAGCTA,2
spatial-atac-GATAGACACTGTAGCC,3
spatial-atac-GATAGACAAGTACAAG,3
spatial-atac-GATAGACAAACAACCA,6
spatial-atac-GATAGACAAACCGAGA,2
spatial-atac-GATAGACAAACGCTTA,2
spatial-atac-GATAGACAAAGACGGA,2
spatial-atac-GATAGACAAAGGTACA,2
spatial-atac-GATAGACAACACAGAA,2
spatial-atac-GATAGACAACAGCAGA,2
spatial-atac-GATAGACAACCTCCAA,2
spatial-atac-GATAGACAACGCTCGA,2
spatial-atac-GATAGACAACGTATCA,2
spatial-atac-GATAGACAACTATGCA,2
spatial-atac-GATAGACAAGAGTCAA,2
spatial-atac-GATAGACAAGATCGCA,2
spatial-atac-GATAGACAAGCAGGAA,2
spatial-atac-GATAGACAAGTCACTA,2
spatial-atac-GATAGACAATCCTGTA,2
spatial-atac-GATAGACAATTGAGGA,10
spatial-atac-GATAGACACAACCACA,2
spatial-atac-GATAGACAGACTAGTA,0
spatial-atac-GATAGACACAATGGAA,0
spatial-atac-GATAGACACACTTCGA,0
spatial-atac-GATAGACACAGCGTTA,10
spatial-atac-GATAGACACATACCAA,7
spatial-atac-GATAGACACCAGTTCA,7
spatial-atac-GATAGACACCGAAGTA,0
spatial-atac-GATAGACACCGTGAGA,0
spatial-atac-GATAGACACCTCCTGA,0
spatial-atac-GATAGACACGAACTTA,0
spatial-atac-GATAGACACGACTGGA,9
spatial-atac-GATAGACACGCATACA,4
spatial-atac-GATAGACACTCAATGA,4
spatial-atac-GATAGACACTGAGCCA,4
spatial-atac-GATAGACACTGGCATA,1
spatial-atac-GATAGACAGAATCTGA,1
spatial-atac-GATAGACACAAGACTA,1
spatial-atac-GATAGACAGAGCTGAA,1
spatial-atac-GATAGACAGATAGACA,1
spatial-atac-GATAGACAGCCACATA,1
spatial-atac-GCCACATAATGCCTAA,0
spatial-atac-GCCACATAAGTGGTCA,0
spatial-atac-GCCACATAACCACTGT,0
spatial-atac-GCCACATAACATTGGC,0
spatial-atac-GCCACATACAGATCTG,0
spatial-atac-GCCACATACATCAAGT,0
spatial-atac-GCCACATACGCTGATC,0
spatial-atac-GCCACATAACAAGCTA,2
spatial-atac-GCCACATACTGTAGCC,2
spatial-atac-GCCACATAAGTACAAG,2
spatial-atac-GCCACATAAACAACCA,2
spatial-atac-GCCACATAAACCGAGA,2
spatial-atac-GCCACATAAACGCTTA,2
spatial-atac-GCCACATAAAGACGGA,2
spatial-atac-GCCACATAAAGGTACA,0
spatial-atac-GCCACATAACACAGAA,2
spatial-atac-GCCACATAACAGCAGA,2
spatial-atac-GCCACATAACCTCCAA,2
spatial-atac-GCCACATAACGCTCGA,0
spatial-atac-GCCACATAACGTATCA,2
spatial-atac-GCCACATAACTATGCA,2
spatial-atac-GCCACATAAGAGTCAA,0
spatial-atac-GCCACATAAGATCGCA,8
spatial-atac-GCCACATAAGCAGGAA,0
spatial-atac-GCCACATAAGTCACTA,0
spatial-atac-GCCACATAATCCTGTA,0
spatial-atac-GCCACATAATTGAGGA,0
spatial-atac-GCCACATACAACCACA,2
spatial-atac-GCCACATAGACTAGTA,0
spatial-atac-GCCACATACAATGGAA,10
spatial-atac-GCCACATACACTTCGA,2
spatial-atac-GCCACATACAGCGTTA,7
spatial-atac-GCCACATACATACCAA,7
spatial-atac-GCCACATACCAGTTCA,7
spatial-atac-GCCACATACCGAAGTA,0
spatial-atac-GCCACATACCGTGAGA,0
spatial-atac-GCCACATACCTCCTGA,0
spatial-atac-GCCACATACGAACTTA,0
spatial-atac-GCCACATACGACTGGA,0
spatial-atac-GCCACATACGCATACA,0
spatial-atac-GCCACATACTCAATGA,0
spatial-atac-GCCACATACTGAGCCA,1
spatial-atac-GCCACATACTGGCATA,1
spatial-atac-GCCACATAGAATCTGA,1
spatial-atac-GCCACATACAAGACTA,1
spatial-atac-GCCACATAGAGCTGAA,1
spatial-atac-GCCACATAGATAGACA,1
spatial-atac-GCCACATAGCCACATA,1
