,cluster
mult-CTAAGGTCAACGTGAT,0
mult-CTAAGGTCACAAGCTA,0
mult-CTAAGGTCTTGCTGGA,0
mult-CTAAGGTCCTGTAGCC,0
mult-CTAAGGTCAGTACAAG,0
mult-CTAAGGTCAACAACCA,0
mult-CTAAGGTCAACCGAGA,0
mult-CTAAGGTCAACGCTTA,0
mult-CTAAGGTCAAGACGGA,0
mult-CTAAGGTCAAGGTACA,0
mult-CTAAGGTCACACAGAA,0
mult-CTAAGGTCACAGCAGA,0
mult-CTAAGGTCAAACATCG,0
mult-CTAAGGTCACCTCCAA,0
mult-CTAAGGTCACGCTCGA,0
mult-CTAAGGTCACGTATCA,0
mult-CTAAGGTCACTATGCA,0
mult-CTAAGGTCAGAGTCAA,0
mult-CTAAGGTCAGATCGCA,0
mult-CTAAGGTCAGCAGGAA,0
mult-CTAAGGTCAGTCACTA,0
mult-CTAAGGTCATCCTGTA,0
mult-CTAAGGTCATTGAGGA,0
mult-CTAAGGTCATGCCTAA,0
mult-CTAAGGTCCAACCACA,0
mult-CTAAGGTCGACTAGTA,0
mult-CTAAGGTCCAATGGAA,0
mult-CTAAGGTCCACTTCGA,0
mult-CTAAGGTCCAGCGTTA,0
mult-CTAAGGTCCATACCAA,0
mult-CTAAGGTCCCAGTTCA,0
mult-CTAAGGTCCCGAAGTA,0
mult-CTAAGGTCCCGTGAGA,0
mult-CTAAGGTCCCTCCTGA,0
mult-CTAAGGTCAGTGGTCA,0
mult-CTAAGGTCCGAACTTA,0
mult-CTAAGGTCCGACTGGA,0
mult-CTAAGGTCCGCATACA,0
mult-CTAAGGTCCTCAATGA,0
mult-CTAAGGTCCTGAGCCA,4
mult-CTAAGGTCCTGGCATA,0
mult-CTAAGGTCGAATCTGA,0
mult-CTAAGGTCCAAGACTA,0
mult-CTAAGGTCGAGCTGAA,0
mult-CTAAGGTCGATAGACA,3
mult-CTAAGGTCACCACTGT,0
mult-CTAAGGTCGCCACATA,3
mult-CTAAGGTCGCGAGTAA,3
mult-CTAAGGTCGCTAACGA,3
mult-CTAAGGTCGCTCGGTA,3
mult-CTAAGGTCGGAGAACA,3
mult-CTAAGGTCGGTGCGAA,3
mult-CTAAGGTCGTACGCAA,3
mult-CTAAGGTCGTCGTAGA,3
mult-CTAAGGTCGTCTGTCA,3
mult-CTAAGGTCGTGTTCTA,3
mult-CTAAGGTCACATTGGC,0
mult-CTAAGGTCTAGGATGA,3
mult-CTAAGGTCTATCAGCA,3
mult-CTAAGGTCTCCGTCTA,3
mult-CTAAGGTCTCTTCACA,3
mult-CTAAGGTCTGAAGAGA,3
mult-CTAAGGTCTGGAACAA,3
mult-CTAAGGTCTGGCTTCA,3
mult-CTAAGGTCTGGTGGTA,3
mult-CTAAGGTCTTCACGCA,3
mult-CTAAGGTCAACTCACC,3
mult-CTAAGGTCCAGATCTG,0
mult-CTAAGGTCAAGAGATC,3
mult-CTAAGGTCAAGGACAC,3
mult-CTAAGGTCAATCCGTC,0
mult-CTAAGGTCAATGTTGC,0
mult-CTAAGGTCACACGACC,0
mult-CTAAGGTCACAGATTC,0
mult-CTAAGGTCAGATGTAC,0
mult-CTAAGGTCAGCACCTC,0
mult-CTAAGGTCAGCCATGC,0
mult-CTAAGGTCAGGCTAAC,0
mult-CTAAGGTCCATCAAGT,0
mult-CTAAGGTCATAGCGAC,0
mult-CTAAGGTCATCATTCC,0
mult-CTAAGGTCATTGGCTC,0
mult-CTAAGGTCCAAGGAGC,0
mult-CTAAGGTCCACCTTAC,0
mult-CTAAGGTCCCATCCTC,0
mult-CTAAGGTCCCGACAAC,0
mult-CTAAGGTCCCTAATCC,0
mult-CTAAGGTCCCTCTATC,0
mult-CTAAGGTCCGACACAC,2
mult-CTAAGGTCCGCTGATC,0
mult-CTAAGGTCCGGATTGC,2
mult-CTAAGGTCCTAAGGTC,2
mult-CTAAGGTCGAACAGGC,2
mult-CTAAGGTCGACAGTGC,2
mult-CTAAGGTCGAGTTAGC,2
mult-CTAAGGTCGATGAATC,2
mult-CTAAGGTCGCCAAGAC,0
mult-CTAAGGTCCGGAAGAA,0
mult-CTAAGGTCGTGACAAG,0
mult-CTAAGGTCGAACCAGA,0
mult-CGGATTGCAACGTGAT,0
mult-CGGATTGCACAAGCTA,0
mult-CGGATTGCTTGCTGGA,0
mult-CGGATTGCCTGTAGCC,0
mult-CGGATTGCAGTACAAG,0
mult-CGGATTGCAACAACCA,0
mult-CGGATTGCAACCGAGA,0
mult-CGGATTGCAACGCTTA,0
mult-CGGATTGCAAGACGGA,0
mult-CGGATTGCAAGGTACA,0
mult-CGGATTGCACACAGAA,0
mult-CGGATTGCACAGCAGA,0
mult-CGGATTGCAAACATCG,0
mult-CGGATTGCACCTCCAA,0
mult-CGGATTGCACGCTCGA,0
mult-CGGATTGCACGTATCA,6
mult-CGGATTGCACTATGCA,0
mult-CGGATTGCAGAGTCAA,0
mult-CGGATTGCAGATCGCA,0
mult-CGGATTGCAGCAGGAA,0
mult-CGGATTGCAGTCACTA,0
mult-CGGATTGCATCCTGTA,0
mult-CGGATTGCATTGAGGA,0
mult-CGGATTGCATGCCTAA,0
mult-CGGATTGCCAACCACA,0
mult-CGGATTGCGACTAGTA,0
mult-CGGATTGCCAATGGAA,0
mult-CGGATTGCCACTTCGA,0
mult-CGGATTGCCAGCGTTA,0
mult-CGGATTGCCATACCAA,7
mult-CGGATTGCCCAGTTCA,0
mult-CGGATTGCCCGAAGTA,0
mult-CGGATTGCCCGTGAGA,0
mult-CGGATTGCCCTCCTGA,0
mult-CGGATTGCAGTGGTCA,0
mult-CGGATTGCCGAACTTA,0
mult-CGGATTGCCGACTGGA,0
mult-CGGATTGCCGCATACA,0
mult-CGGATTGCCTCAATGA,0
mult-CGGATTGCCTGAGCCA,3
mult-CGGATTGCCTGGCATA,3
mult-CGGATTGCGAATCTGA,3
mult-CGGATTGCCAAGACTA,3
mult-CGGATTGCGAGCTGAA,3
mult-CGGATTGCGATAGACA,3
mult-CGGATTGCACCACTGT,0
mult-CGGATTGCGCCACATA,3
mult-CGGATTGCGCGAGTAA,3
mult-CGGATTGCGCTAACGA,3
mult-CGGATTGCGCTCGGTA,3
mult-CGGATTGCGGAGAACA,3
mult-CGGATTGCGGTGCGAA,3
mult-CGGATTGCGTACGCAA,3
mult-CGGATTGCGTCGTAGA,3
mult-CGGATTGCGTCTGTCA,3
mult-CGGATTGCGTGTTCTA,3
mult-CGGATTGCACATTGGC,0
mult-CGGATTGCTAGGATGA,3
mult-CGGATTGCTATCAGCA,3
mult-CGGATTGCTCCGTCTA,3
mult-CGGATTGCTCTTCACA,3
mult-CGGATTGCTGAAGAGA,3
mult-CGGATTGCTGGAACAA,3
mult-CGGATTGCTGGCTTCA,3
mult-CGGATTGCTGGTGGTA,3
mult-CGGATTGCTTCACGCA,3
mult-CGGATTGCAACTCACC,3
mult-CGGATTGCCAGATCTG,0
mult-CGGATTGCAAGAGATC,3
mult-CGGATTGCAAGGACAC,0
mult-CGGATTGCAATCCGTC,0
mult-CGGATTGCAATGTTGC,0
mult-CGGATTGCACACGACC,0
mult-CGGATTGCACAGATTC,0
mult-CGGATTGCAGATGTAC,0
mult-CGGATTGCAGCACCTC,0
mult-CGGATTGCAGCCATGC,0
mult-CGGATTGCAGGCTAAC,0
mult-CGGATTGCCATCAAGT,0
mult-CGGATTGCATAGCGAC,0
mult-CGGATTGCATCATTCC,0
mult-CGGATTGCATTGGCTC,0
mult-CGGATTGCCAAGGAGC,0
mult-CGGATTGCCACCTTAC,0
mult-CGGATTGCCCATCCTC,0
mult-CGGATTGCCCGACAAC,0
mult-CGGATTGCCCTAATCC,0
mult-CGGATTGCCCTCTATC,0
mult-CGGATTGCCGACACAC,8
mult-CGGATTGCCGCTGATC,0
mult-CGGATTGCCGGATTGC,2
mult-CGGATTGCCTAAGGTC,2
mult-CGGATTGCGAACAGGC,2
mult-CGGATTGCGACAGTGC,2
mult-CGGATTGCGAGTTAGC,2
mult-CGGATTGCGATGAATC,2
mult-CGGATTGCGCCAAGAC,0
mult-CGGATTGCCGGAAGAA,0
mult-CGGATTGCGTGACAAG,0
mult-CGGATTGCGAACCAGA,0
mult-CGACACACAACGTGAT,0
mult-CGACACACACAAGCTA,0
mult-CGACACACTTGCTGGA,0
mult-CGACACACCTGTAGCC,0
mult-CGACACACAGTACAAG,0
mult-CGACACACAACAACCA,0
mult-CGACACACAACCGAGA,0
mult-CGACACACAACGCTTA,0
mult-CGACACACAAGACGGA,0
mult-CGACACACAAGGTACA,0
mult-CGACACACACACAGAA,0
mult-CGACACACACAGCAGA,0
mult-CGACACACAAACATCG,0
mult-CGACACACACCTCCAA,0
mult-CGACACACACGCTCGA,0
mult-CGACACACACGTATCA,0
mult-CGACACACACTATGCA,0
mult-CGACACACAGAGTCAA,0
mult-CGACACACAGATCGCA,0
mult-CGACACACAGCAGGAA,0
mult-CGACACACAGTCACTA,0
mult-CGACACACATCCTGTA,0
mult-CGACACACATTGAGGA,0
mult-CGACACACATGCCTAA,0
mult-CGACACACCAACCACA,0
mult-CGACACACGACTAGTA,0
mult-CGACACACCAATGGAA,0
mult-CGACACACCACTTCGA,0
mult-CGACACACCAGCGTTA,0
mult-CGACACACCATACCAA,0
mult-CGACACACCCAGTTCA,0
mult-CGACACACCCGAAGTA,0
mult-CGACACACCCGTGAGA,0
mult-CGACACACCCTCCTGA,0
mult-CGACACACAGTGGTCA,0
mult-CGACACACCGAACTTA,0
mult-CGACACACCGACTGGA,0
mult-CGACACACCGCATACA,0
mult-CGACACACCTCAATGA,3
mult-CGACACACCTGAGCCA,3
mult-CGACACACCTGGCATA,3
mult-CGACACACGAATCTGA,3
mult-CGACACACCAAGACTA,3
mult-CGACACACGAGCTGAA,3
mult-CGACACACGATAGACA,3
mult-CGACACACACCACTGT,0
mult-CGACACACGCCACATA,3
mult-CGACACACGCGAGTAA,3
mult-CGACACACGCTAACGA,3
mult-CGACACACGCTCGGTA,3
mult-CGACACACGGAGAACA,3
mult-CGACACACGGTGCGAA,3
mult-CGACACACGTACGCAA,3
mult-CGACACACGTCGTAGA,3
mult-CGACACACGTCTGTCA,3
mult-CGACACACGTGTTCTA,3
mult-CGACACACACATTGGC,0
mult-CGACACACTAGGATGA,3
mult-CGACACACTATCAGCA,3
mult-CGACACACTCCGTCTA,3
mult-CGACACACTCTTCACA,3
mult-CGACACACTGAAGAGA,3
mult-CGACACACTGGAACAA,3
mult-CGACACACTGGCTTCA,3
mult-CGACACACTGGTGGTA,3
mult-CGACACACTTCACGCA,3
mult-CGACACACAACTCACC,3
mult-CGACACACCAGATCTG,0
mult-CGACACACAAGAGATC,3
mult-CGACACACAAGGACAC,3
mult-CGACACACAATCCGTC,0
mult-CGACACACAATGTTGC,0
mult-CGACACACACACGACC,2
mult-CGACACACACAGATTC,0
mult-CGACACACAGATGTAC,0
mult-CGACACACAGCACCTC,0
mult-CGACACACAGCCATGC,0
mult-CGACACACAGGCTAAC,0
mult-CGACACACCATCAAGT,0
mult-CGACACACATAGCGAC,0
mult-CGACACACATCATTCC,0
mult-CGACACACATTGGCTC,0
mult-CGACACACCAAGGAGC,0
mult-CGACACACCACCTTAC,0
mult-CGACACACCCATCCTC,0
mult-CGACACACCCGACAAC,0
mult-CGACACACCCTAATCC,0
mult-CGACACACCCTCTATC,0
mult-CGACACACCGACACAC,0
mult-CGACACACCGCTGATC,0
mult-CGACACACCGGATTGC,2
mult-CGACACACCTAAGGTC,9
mult-CGACACACGAACAGGC,2
mult-CGACACACGACAGTGC,2
mult-CGACACACGAGTTAGC,2
mult-CGACACACGATGAATC,2
mult-CGACACACGCCAAGAC,7
mult-CGACACACCGGAAGAA,0
mult-CGACACACGTGACAAG,0
mult-CGACACACGAACCAGA,0
mult-CCTCTATCAACGTGAT,0
mult-CCTCTATCACAAGCTA,0
mult-CCTCTATCTTGCTGGA,0
mult-CCTCTATCCTGTAGCC,0
mult-CCTCTATCAGTACAAG,0
mult-CCTCTATCAACAACCA,0
mult-CCTCTATCAACCGAGA,0
mult-CCTCTATCAACGCTTA,0
mult-CCTCTATCAAGACGGA,0
mult-CCTCTATCAAGGTACA,0
mult-CCTCTATCACACAGAA,0
mult-CCTCTATCACAGCAGA,0
mult-CCTCTATCAAACATCG,0
mult-CCTCTATCACCTCCAA,0
mult-CCTCTATCACGCTCGA,0
mult-CCTCTATCACGTATCA,0
mult-CCTCTATCACTATGCA,0
mult-CCTCTATCAGAGTCAA,0
mult-CCTCTATCAGATCGCA,0
mult-CCTCTATCAGCAGGAA,0
mult-CCTCTATCAGTCACTA,0
mult-CCTCTATCATCCTGTA,0
mult-CCTCTATCATTGAGGA,0
mult-CCTCTATCATGCCTAA,0
mult-CCTCTATCCAACCACA,0
mult-CCTCTATCGACTAGTA,0
mult-CCTCTATCCAATGGAA,0
mult-CCTCTATCCACTTCGA,0
mult-CCTCTATCCAGCGTTA,0
mult-CCTCTATCCATACCAA,0
mult-CCTCTATCCCAGTTCA,0
mult-CCTCTATCCCGAAGTA,0
mult-CCTCTATCCCGTGAGA,0
mult-CCTCTATCCCTCCTGA,0
mult-CCTCTATCAGTGGTCA,0
mult-CCTCTATCCGAACTTA,0
mult-CCTCTATCCGACTGGA,3
mult-CCTCTATCCGCATACA,3
mult-CCTCTATCCTCAATGA,3
mult-CCTCTATCCTGAGCCA,3
mult-CCTCTATCCTGGCATA,3
mult-CCTCTATCGAATCTGA,3
mult-CCTCTATCCAAGACTA,3
mult-CCTCTATCGAGCTGAA,3
mult-CCTCTATCGATAGACA,3
mult-CCTCTATCACCACTGT,0
mult-CCTCTATCGCCACATA,3
mult-CCTCTATCGCGAGTAA,3
mult-CCTCTATCGCTAACGA,3
mult-CCTCTATCGCTCGGTA,3
mult-CCTCTATCGGAGAACA,3
mult-CCTCTATCGGTGCGAA,3
mult-CCTCTATCGTACGCAA,3
mult-CCTCTATCGTCGTAGA,3
mult-CCTCTATCGTCTGTCA,3
mult-CCTCTATCGTGTTCTA,3
mult-CCTCTATCACATTGGC,0
mult-CCTCTATCTAGGATGA,3
mult-CCTCTATCTATCAGCA,3
mult-CCTCTATCTCCGTCTA,3
mult-CCTCTATCTCTTCACA,3
mult-CCTCTATCTGAAGAGA,3
mult-CCTCTATCTGGAACAA,3
mult-CCTCTATCTGGCTTCA,3
mult-CCTCTATCTGGTGGTA,3
mult-CCTCTATCTTCACGCA,3
mult-CCTCTATCAACTCACC,3
mult-CCTCTATCCAGATCTG,0
mult-CCTCTATCAAGAGATC,3
mult-CCTCTATCAAGGACAC,3
mult-CCTCTATCAATCCGTC,0
mult-CCTCTATCAATGTTGC,0
mult-CCTCTATCACACGACC,0
mult-CCTCTATCACAGATTC,0
mult-CCTCTATCAGATGTAC,0
mult-CCTCTATCAGCACCTC,0
mult-CCTCTATCAGCCATGC,0
mult-CCTCTATCAGGCTAAC,0
mult-CCTCTATCCATCAAGT,0
mult-CCTCTATCATAGCGAC,0
mult-CCTCTATCATCATTCC,0
mult-CCTCTATCATTGGCTC,0
mult-CCTCTATCCAAGGAGC,0
mult-CCTCTATCCACCTTAC,0
mult-CCTCTATCCCATCCTC,0
mult-CCTCTATCCCGACAAC,0
mult-CCTCTATCCCTAATCC,0
mult-CCTCTATCCCTCTATC,0
mult-CCTCTATCCGACACAC,4
mult-CCTCTATCCGCTGATC,0
mult-CCTCTATCCGGATTGC,2
mult-CCTCTATCCTAAGGTC,2
mult-CCTCTATCGAACAGGC,2
mult-CCTCTATCGACAGTGC,2
mult-CCTCTATCGAGTTAGC,2
mult-CCTCTATCGATGAATC,2
mult-CCTCTATCGCCAAGAC,2
mult-CCTCTATCCGGAAGAA,0
mult-CCTCTATCGTGACAAG,0
mult-CCTCTATCGAACCAGA,0
mult-CCTAATCCAACGTGAT,0
mult-CCTAATCCACAAGCTA,0
mult-CCTAATCCTTGCTGGA,0
mult-CCTAATCCCTGTAGCC,0
mult-CCTAATCCAGTACAAG,0
mult-CCTAATCCAACAACCA,0
mult-CCTAATCCAACCGAGA,0
mult-CCTAATCCAACGCTTA,0
mult-CCTAATCCAAGACGGA,0
mult-CCTAATCCAAGGTACA,0
mult-CCTAATCCACACAGAA,0
mult-CCTAATCCACAGCAGA,0
mult-CCTAATCCAAACATCG,7
mult-CCTAATCCACCTCCAA,0
mult-CCTAATCCACGCTCGA,0
mult-CCTAATCCACGTATCA,0
mult-CCTAATCCACTATGCA,0
mult-CCTAATCCAGAGTCAA,0
mult-CCTAATCCAGATCGCA,0
mult-CCTAATCCAGCAGGAA,0
mult-CCTAATCCAGTCACTA,0
mult-CCTAATCCATCCTGTA,0
mult-CCTAATCCATTGAGGA,0
mult-CCTAATCCATGCCTAA,0
mult-CCTAATCCCAACCACA,0
mult-CCTAATCCGACTAGTA,0
mult-CCTAATCCCAATGGAA,0
mult-CCTAATCCCACTTCGA,0
mult-CCTAATCCCAGCGTTA,0
mult-CCTAATCCCATACCAA,0
mult-CCTAATCCCCAGTTCA,0
mult-CCTAATCCCCGAAGTA,0
mult-CCTAATCCCCGTGAGA,0
mult-CCTAATCCCCTCCTGA,0
mult-CCTAATCCAGTGGTCA,7
mult-CCTAATCCCGAACTTA,0
mult-CCTAATCCCGACTGGA,3
mult-CCTAATCCCGCATACA,3
mult-CCTAATCCCTCAATGA,3
mult-CCTAATCCCTGAGCCA,3
mult-CCTAATCCCTGGCATA,3
mult-CCTAATCCGAATCTGA,3
mult-CCTAATCCCAAGACTA,3
mult-CCTAATCCGAGCTGAA,3
mult-CCTAATCCGATAGACA,3
mult-CCTAATCCACCACTGT,0
mult-CCTAATCCGCCACATA,3
mult-CCTAATCCGCGAGTAA,3
mult-CCTAATCCGCTAACGA,3
mult-CCTAATCCGCTCGGTA,3
mult-CCTAATCCGGAGAACA,3
mult-CCTAATCCGGTGCGAA,3
mult-CCTAATCCGTACGCAA,3
mult-CCTAATCCGTCGTAGA,3
mult-CCTAATCCGTCTGTCA,3
mult-CCTAATCCGTGTTCTA,3
mult-CCTAATCCACATTGGC,0
mult-CCTAATCCTAGGATGA,3
mult-CCTAATCCTATCAGCA,3
mult-CCTAATCCTCCGTCTA,3
mult-CCTAATCCTCTTCACA,3
mult-CCTAATCCTGAAGAGA,3
mult-CCTAATCCTGGAACAA,3
mult-CCTAATCCTGGCTTCA,3
mult-CCTAATCCTGGTGGTA,3
mult-CCTAATCCTTCACGCA,3
mult-CCTAATCCAACTCACC,3
mult-CCTAATCCCAGATCTG,0
mult-CCTAATCCAAGAGATC,3
mult-CCTAATCCAAGGACAC,3
mult-CCTAATCCAATCCGTC,3
mult-CCTAATCCAATGTTGC,0
mult-CCTAATCCACACGACC,0
mult-CCTAATCCACAGATTC,0
mult-CCTAATCCAGATGTAC,0
mult-CCTAATCCAGCACCTC,0
mult-CCTAATCCAGCCATGC,0
mult-CCTAATCCAGGCTAAC,0
mult-CCTAATCCCATCAAGT,0
mult-CCTAATCCATAGCGAC,0
mult-CCTAATCCATCATTCC,0
mult-CCTAATCCATTGGCTC,0
mult-CCTAATCCCAAGGAGC,0
mult-CCTAATCCCACCTTAC,0
mult-CCTAATCCCCATCCTC,0
mult-CCTAATCCCCGACAAC,0
mult-CCTAATCCCCTAATCC,0
mult-CCTAATCCCCTCTATC,0
mult-CCTAATCCCGACACAC,0
mult-CCTAATCCCGCTGATC,0
mult-CCTAATCCCGGATTGC,2
mult-CCTAATCCCTAAGGTC,2
mult-CCTAATCCGAACAGGC,2
mult-CCTAATCCGACAGTGC,2
mult-CCTAATCCGAGTTAGC,2
mult-CCTAATCCGATGAATC,2
mult-CCTAATCCGCCAAGAC,0
mult-CCTAATCCCGGAAGAA,0
mult-CCTAATCCGTGACAAG,0
mult-CCTAATCCGAACCAGA,0
mult-CCGACAACAACGTGAT,0
mult-CCGACAACACAAGCTA,0
mult-CCGACAACTTGCTGGA,0
mult-CCGACAACCTGTAGCC,0
mult-CCGACAACAGTACAAG,0
mult-CCGACAACAACAACCA,0
mult-CCGACAACAACCGAGA,0
mult-CCGACAACAACGCTTA,7
mult-CCGACAACAAGACGGA,0
mult-CCGACAACAAGGTACA,0
mult-CCGACAACACACAGAA,0
mult-CCGACAACACAGCAGA,0
mult-CCGACAACAAACATCG,0
mult-CCGACAACACCTCCAA,0
mult-CCGACAACACGCTCGA,0
mult-CCGACAACACGTATCA,0
mult-CCGACAACACTATGCA,0
mult-CCGACAACAGAGTCAA,0
mult-CCGACAACAGATCGCA,0
mult-CCGACAACAGCAGGAA,0
mult-CCGACAACAGTCACTA,0
mult-CCGACAACATCCTGTA,0
mult-CCGACAACATTGAGGA,0
mult-CCGACAACATGCCTAA,0
mult-CCGACAACCAACCACA,0
mult-CCGACAACGACTAGTA,0
mult-CCGACAACCAATGGAA,0
mult-CCGACAACCACTTCGA,0
mult-CCGACAACCAGCGTTA,0
mult-CCGACAACCATACCAA,0
mult-CCGACAACCCAGTTCA,0
mult-CCGACAACCCGAAGTA,0
mult-CCGACAACCCGTGAGA,0
mult-CCGACAACCCTCCTGA,0
mult-CCGACAACAGTGGTCA,0
mult-CCGACAACCGAACTTA,3
mult-CCGACAACCGACTGGA,3
mult-CCGACAACCGCATACA,3
mult-CCGACAACCTCAATGA,3
mult-CCGACAACCTGAGCCA,3
mult-CCGACAACCTGGCATA,3
mult-CCGACAACGAATCTGA,3
mult-CCGACAACCAAGACTA,3
mult-CCGACAACGAGCTGAA,3
mult-CCGACAACGATAGACA,3
mult-CCGACAACACCACTGT,0
mult-CCGACAACGCCACATA,3
mult-CCGACAACGCGAGTAA,3
mult-CCGACAACGCTAACGA,3
mult-CCGACAACGCTCGGTA,1
mult-CCGACAACGGAGAACA,3
mult-CCGACAACGGTGCGAA,1
mult-CCGACAACGTACGCAA,1
mult-CCGACAACGTCGTAGA,1
mult-CCGACAACGTCTGTCA,1
mult-CCGACAACGTGTTCTA,3
mult-CCGACAACACATTGGC,0
mult-CCGACAACTAGGATGA,3
mult-CCGACAACTATCAGCA,3
mult-CCGACAACTCCGTCTA,3
mult-CCGACAACTCTTCACA,3
mult-CCGACAACTGAAGAGA,3
mult-CCGACAACTGGAACAA,3
mult-CCGACAACTGGCTTCA,3
mult-CCGACAACTGGTGGTA,3
mult-CCGACAACTTCACGCA,3
mult-CCGACAACAACTCACC,3
mult-CCGACAACCAGATCTG,0
mult-CCGACAACAAGAGATC,3
mult-CCGACAACAAGGACAC,3
mult-CCGACAACAATCCGTC,3
mult-CCGACAACAATGTTGC,3
mult-CCGACAACACACGACC,0
mult-CCGACAACACAGATTC,0
mult-CCGACAACAGATGTAC,0
mult-CCGACAACAGCACCTC,0
mult-CCGACAACAGCCATGC,0
mult-CCGACAACAGGCTAAC,0
mult-CCGACAACCATCAAGT,0
mult-CCGACAACATAGCGAC,0
mult-CCGACAACATCATTCC,0
mult-CCGACAACATTGGCTC,0
mult-CCGACAACCAAGGAGC,0
mult-CCGACAACCACCTTAC,0
mult-CCGACAACCCATCCTC,0
mult-CCGACAACCCGACAAC,0
mult-CCGACAACCCTAATCC,0
mult-CCGACAACCCTCTATC,0
mult-CCGACAACCGACACAC,4
mult-CCGACAACCGCTGATC,0
mult-CCGACAACCGGATTGC,2
mult-CCGACAACCTAAGGTC,2
mult-CCGACAACGAACAGGC,2
mult-CCGACAACGACAGTGC,2
mult-CCGACAACGAGTTAGC,2
mult-CCGACAACGATGAATC,2
mult-CCGACAACGCCAAGAC,0
mult-CCGACAACCGGAAGAA,0
mult-CCGACAACGTGACAAG,0
mult-CCGACAACGAACCAGA,0
mult-CCATCCTCAACGTGAT,0
mult-CCATCCTCACAAGCTA,0
mult-CCATCCTCTTGCTGGA,0
mult-CCATCCTCCTGTAGCC,0
mult-CCATCCTCAGTACAAG,0
mult-CCATCCTCAACAACCA,0
mult-CCATCCTCAACCGAGA,0
mult-CCATCCTCAACGCTTA,0
mult-CCATCCTCAAGACGGA,0
mult-CCATCCTCAAGGTACA,0
mult-CCATCCTCACACAGAA,0
mult-CCATCCTCACAGCAGA,0
mult-CCATCCTCAAACATCG,0
mult-CCATCCTCACCTCCAA,0
mult-CCATCCTCACGCTCGA,0
mult-CCATCCTCACGTATCA,0
mult-CCATCCTCACTATGCA,0
mult-CCATCCTCAGAGTCAA,0
mult-CCATCCTCAGATCGCA,0
mult-CCATCCTCAGCAGGAA,0
mult-CCATCCTCAGTCACTA,0
mult-CCATCCTCATCCTGTA,0
mult-CCATCCTCATTGAGGA,0
mult-CCATCCTCATGCCTAA,0
mult-CCATCCTCCAACCACA,0
mult-CCATCCTCGACTAGTA,0
mult-CCATCCTCCAATGGAA,0
mult-CCATCCTCCACTTCGA,0
mult-CCATCCTCCAGCGTTA,0
mult-CCATCCTCCATACCAA,0
mult-CCATCCTCCCAGTTCA,0
mult-CCATCCTCCCGAAGTA,0
mult-CCATCCTCCCGTGAGA,3
mult-CCATCCTCCCTCCTGA,3
mult-CCATCCTCAGTGGTCA,4
mult-CCATCCTCCGAACTTA,3
mult-CCATCCTCCGACTGGA,3
mult-CCATCCTCCGCATACA,3
mult-CCATCCTCCTCAATGA,3
mult-CCATCCTCCTGAGCCA,3
mult-CCATCCTCCTGGCATA,3
mult-CCATCCTCGAATCTGA,3
mult-CCATCCTCCAAGACTA,3
mult-CCATCCTCGAGCTGAA,3
mult-CCATCCTCGATAGACA,3
mult-CCATCCTCACCACTGT,0
mult-CCATCCTCGCCACATA,1
mult-CCATCCTCGCGAGTAA,1
mult-CCATCCTCGCTAACGA,1
mult-CCATCCTCGCTCGGTA,1
mult-CCATCCTCGGAGAACA,1
mult-CCATCCTCGGTGCGAA,1
mult-CCATCCTCGTACGCAA,1
mult-CCATCCTCGTCGTAGA,1
mult-CCATCCTCGTCTGTCA,1
mult-CCATCCTCGTGTTCTA,3
mult-CCATCCTCACATTGGC,0
mult-CCATCCTCTAGGATGA,3
mult-CCATCCTCTATCAGCA,3
mult-CCATCCTCTCCGTCTA,3
mult-CCATCCTCTCTTCACA,3
mult-CCATCCTCTGAAGAGA,3
mult-CCATCCTCTGGAACAA,3
mult-CCATCCTCTGGCTTCA,3
mult-CCATCCTCTGGTGGTA,3
mult-CCATCCTCTTCACGCA,3
mult-CCATCCTCAACTCACC,3
mult-CCATCCTCCAGATCTG,0
mult-CCATCCTCAAGAGATC,3
mult-CCATCCTCAAGGACAC,3
mult-CCATCCTCAATCCGTC,3
mult-CCATCCTCAATGTTGC,3
mult-CCATCCTCACACGACC,0
mult-CCATCCTCACAGATTC,3
mult-CCATCCTCAGATGTAC,0
mult-CCATCCTCAGCACCTC,0
mult-CCATCCTCAGCCATGC,0
mult-CCATCCTCAGGCTAAC,0
mult-CCATCCTCCATCAAGT,0
mult-CCATCCTCATAGCGAC,0
mult-CCATCCTCATCATTCC,0
mult-CCATCCTCATTGGCTC,0
mult-CCATCCTCCAAGGAGC,0
mult-CCATCCTCCACCTTAC,0
mult-CCATCCTCCCATCCTC,0
mult-CCATCCTCCCGACAAC,0
mult-CCATCCTCCCTAATCC,0
mult-CCATCCTCCCTCTATC,0
mult-CCATCCTCCGACACAC,2
mult-CCATCCTCCGCTGATC,0
mult-CCATCCTCCGGATTGC,2
mult-CCATCCTCCTAAGGTC,2
mult-CCATCCTCGAACAGGC,2
mult-CCATCCTCGACAGTGC,2
mult-CCATCCTCGAGTTAGC,2
mult-CCATCCTCGATGAATC,2
mult-CCATCCTCGCCAAGAC,2
mult-CCATCCTCCGGAAGAA,0
mult-CCATCCTCGTGACAAG,0
mult-CCATCCTCGAACCAGA,0
mult-CACCTTACAACGTGAT,0
mult-CACCTTACACAAGCTA,0
mult-CACCTTACTTGCTGGA,0
mult-CACCTTACCTGTAGCC,0
mult-CACCTTACAGTACAAG,0
mult-CACCTTACAACAACCA,0
mult-CACCTTACAACCGAGA,0
mult-CACCTTACAACGCTTA,0
mult-CACCTTACAAGACGGA,0
mult-CACCTTACAAGGTACA,0
mult-CACCTTACACACAGAA,0
mult-CACCTTACACAGCAGA,0
mult-CACCTTACAAACATCG,0
mult-CACCTTACACCTCCAA,0
mult-CACCTTACACGCTCGA,0
mult-CACCTTACACGTATCA,0
mult-CACCTTACACTATGCA,0
mult-CACCTTACAGAGTCAA,0
mult-CACCTTACAGATCGCA,0
mult-CACCTTACAGCAGGAA,0
mult-CACCTTACAGTCACTA,0
mult-CACCTTACATCCTGTA,0
mult-CACCTTACATTGAGGA,0
mult-CACCTTACATGCCTAA,0
mult-CACCTTACCAACCACA,0
mult-CACCTTACGACTAGTA,0
mult-CACCTTACCAATGGAA,0
mult-CACCTTACCACTTCGA,0
mult-CACCTTACCAGCGTTA,0
mult-CACCTTACCATACCAA,0
mult-CACCTTACCCAGTTCA,0
mult-CACCTTACCCGAAGTA,0
mult-CACCTTACCCGTGAGA,3
mult-CACCTTACCCTCCTGA,3
mult-CACCTTACAGTGGTCA,0
mult-CACCTTACCGAACTTA,3
mult-CACCTTACCGACTGGA,3
mult-CACCTTACCGCATACA,3
mult-CACCTTACCTCAATGA,3
mult-CACCTTACCTGAGCCA,3
mult-CACCTTACCTGGCATA,3
mult-CACCTTACGAATCTGA,3
mult-CACCTTACCAAGACTA,3
mult-CACCTTACGAGCTGAA,3
mult-CACCTTACGATAGACA,1
mult-CACCTTACACCACTGT,0
mult-CACCTTACGCCACATA,1
mult-CACCTTACGCGAGTAA,1
mult-CACCTTACGCTAACGA,1
mult-CACCTTACGCTCGGTA,1
mult-CACCTTACGGAGAACA,1
mult-CACCTTACGGTGCGAA,1
mult-CACCTTACGTACGCAA,1
mult-CACCTTACGTCGTAGA,1
mult-CACCTTACGTCTGTCA,1
mult-CACCTTACGTGTTCTA,1
mult-CACCTTACACATTGGC,0
mult-CACCTTACTAGGATGA,1
mult-CACCTTACTATCAGCA,1
mult-CACCTTACTCCGTCTA,5
mult-CACCTTACTCTTCACA,3
mult-CACCTTACTGAAGAGA,3
mult-CACCTTACTGGAACAA,3
mult-CACCTTACTGGCTTCA,3
mult-CACCTTACTGGTGGTA,3
mult-CACCTTACTTCACGCA,3
mult-CACCTTACAACTCACC,3
mult-CACCTTACCAGATCTG,0
mult-CACCTTACAAGAGATC,3
mult-CACCTTACAAGGACAC,3
mult-CACCTTACAATCCGTC,3
mult-CACCTTACAATGTTGC,3
mult-CACCTTACACACGACC,3
mult-CACCTTACACAGATTC,0
mult-CACCTTACAGATGTAC,0
mult-CACCTTACAGCACCTC,0
mult-CACCTTACAGCCATGC,0
mult-CACCTTACAGGCTAAC,0
mult-CACCTTACCATCAAGT,0
mult-CACCTTACATAGCGAC,0
mult-CACCTTACATCATTCC,0
mult-CACCTTACATTGGCTC,0
mult-CACCTTACCAAGGAGC,0
mult-CACCTTACCACCTTAC,0
mult-CACCTTACCCATCCTC,0
mult-CACCTTACCCGACAAC,0
mult-CACCTTACCCTAATCC,0
mult-CACCTTACCCTCTATC,2
mult-CACCTTACCGACACAC,2
mult-CACCTTACCGCTGATC,0
mult-CACCTTACCGGATTGC,2
mult-CACCTTACCTAAGGTC,2
mult-CACCTTACGAACAGGC,2
mult-CACCTTACGACAGTGC,2
mult-CACCTTACGAGTTAGC,2
mult-CACCTTACGATGAATC,2
mult-CACCTTACGCCAAGAC,2
mult-CACCTTACCGGAAGAA,0
mult-CACCTTACGTGACAAG,7
mult-CACCTTACGAACCAGA,0
mult-CAAGGAGCAACGTGAT,0
mult-CAAGGAGCACAAGCTA,0
mult-CAAGGAGCTTGCTGGA,0
mult-CAAGGAGCCTGTAGCC,0
mult-CAAGGAGCAGTACAAG,0
mult-CAAGGAGCAACAACCA,0
mult-CAAGGAGCAACCGAGA,0
mult-CAAGGAGCAACGCTTA,0
mult-CAAGGAGCAAGACGGA,0
mult-CAAGGAGCAAGGTACA,0
mult-CAAGGAGCACACAGAA,0
mult-CAAGGAGCACAGCAGA,0
mult-CAAGGAGCAAACATCG,0
mult-CAAGGAGCACCTCCAA,4
mult-CAAGGAGCACGCTCGA,0
mult-CAAGGAGCACGTATCA,0
mult-CAAGGAGCACTATGCA,0
mult-CAAGGAGCAGAGTCAA,0
mult-CAAGGAGCAGATCGCA,0
mult-CAAGGAGCAGCAGGAA,0
mult-CAAGGAGCAGTCACTA,0
mult-CAAGGAGCATCCTGTA,0
mult-CAAGGAGCATTGAGGA,0
mult-CAAGGAGCATGCCTAA,0
mult-CAAGGAGCCAACCACA,0
mult-CAAGGAGCGACTAGTA,0
mult-CAAGGAGCCAATGGAA,0
mult-CAAGGAGCCACTTCGA,0
mult-CAAGGAGCCAGCGTTA,0
mult-CAAGGAGCCATACCAA,0
mult-CAAGGAGCCCAGTTCA,0
mult-CAAGGAGCCCGAAGTA,3
mult-CAAGGAGCCCGTGAGA,3
mult-CAAGGAGCCCTCCTGA,3
mult-CAAGGAGCAGTGGTCA,0
mult-CAAGGAGCCGAACTTA,3
mult-CAAGGAGCCGACTGGA,3
mult-CAAGGAGCCGCATACA,3
mult-CAAGGAGCCTCAATGA,3
mult-CAAGGAGCCTGAGCCA,3
mult-CAAGGAGCCTGGCATA,3
mult-CAAGGAGCGAATCTGA,1
mult-CAAGGAGCCAAGACTA,3
mult-CAAGGAGCGAGCTGAA,1
mult-CAAGGAGCGATAGACA,1
mult-CAAGGAGCACCACTGT,0
mult-CAAGGAGCGCCACATA,1
mult-CAAGGAGCGCGAGTAA,1
mult-CAAGGAGCGCTAACGA,1
mult-CAAGGAGCGCTCGGTA,1
mult-CAAGGAGCGGAGAACA,1
mult-CAAGGAGCGGTGCGAA,1
mult-CAAGGAGCGTACGCAA,3
mult-CAAGGAGCGTCGTAGA,1
mult-CAAGGAGCGTCTGTCA,1
mult-CAAGGAGCGTGTTCTA,1
mult-CAAGGAGCACATTGGC,0
mult-CAAGGAGCTAGGATGA,1
mult-CAAGGAGCTATCAGCA,1
mult-CAAGGAGCTCCGTCTA,1
mult-CAAGGAGCTCTTCACA,1
mult-CAAGGAGCTGAAGAGA,5
mult-CAAGGAGCTGGAACAA,3
mult-CAAGGAGCTGGCTTCA,3
mult-CAAGGAGCTGGTGGTA,3
mult-CAAGGAGCTTCACGCA,3
mult-CAAGGAGCAACTCACC,3
mult-CAAGGAGCCAGATCTG,0
mult-CAAGGAGCAAGAGATC,3
mult-CAAGGAGCAAGGACAC,3
mult-CAAGGAGCAATCCGTC,3
mult-CAAGGAGCAATGTTGC,3
mult-CAAGGAGCACACGACC,3
mult-CAAGGAGCACAGATTC,2
mult-CAAGGAGCAGATGTAC,0
mult-CAAGGAGCAGCACCTC,0
mult-CAAGGAGCAGCCATGC,0
mult-CAAGGAGCAGGCTAAC,0
mult-CAAGGAGCCATCAAGT,0
mult-CAAGGAGCATAGCGAC,0
mult-CAAGGAGCATCATTCC,0
mult-CAAGGAGCATTGGCTC,0
mult-CAAGGAGCCAAGGAGC,0
mult-CAAGGAGCCACCTTAC,0
mult-CAAGGAGCCCATCCTC,0
mult-CAAGGAGCCCGACAAC,0
mult-CAAGGAGCCCTAATCC,0
mult-CAAGGAGCCCTCTATC,8
mult-CAAGGAGCCGACACAC,7
mult-CAAGGAGCCGCTGATC,0
mult-CAAGGAGCCGGATTGC,2
mult-CAAGGAGCCTAAGGTC,2
mult-CAAGGAGCGAACAGGC,6
mult-CAAGGAGCGACAGTGC,2
mult-CAAGGAGCGAGTTAGC,2
mult-CAAGGAGCGATGAATC,4
mult-CAAGGAGCGCCAAGAC,0
mult-CAAGGAGCCGGAAGAA,0
mult-CAAGGAGCGTGACAAG,0
mult-CAAGGAGCGAACCAGA,0
mult-ATTGGCTCAACGTGAT,0
mult-ATTGGCTCACAAGCTA,0
mult-ATTGGCTCTTGCTGGA,0
mult-ATTGGCTCCTGTAGCC,0
mult-ATTGGCTCAGTACAAG,0
mult-ATTGGCTCAACAACCA,0
mult-ATTGGCTCAACCGAGA,0
mult-ATTGGCTCAACGCTTA,0
mult-ATTGGCTCAAGACGGA,0
mult-ATTGGCTCAAGGTACA,0
mult-ATTGGCTCACACAGAA,0
mult-ATTGGCTCACAGCAGA,0
mult-ATTGGCTCAAACATCG,0
mult-ATTGGCTCACCTCCAA,0
mult-ATTGGCTCACGCTCGA,0
mult-ATTGGCTCACGTATCA,0
mult-ATTGGCTCACTATGCA,0
mult-ATTGGCTCAGAGTCAA,0
mult-ATTGGCTCAGATCGCA,0
mult-ATTGGCTCAGCAGGAA,0
mult-ATTGGCTCAGTCACTA,0
mult-ATTGGCTCATCCTGTA,0
mult-ATTGGCTCATTGAGGA,0
mult-ATTGGCTCATGCCTAA,0
mult-ATTGGCTCCAACCACA,0
mult-ATTGGCTCGACTAGTA,0
mult-ATTGGCTCCAATGGAA,0
mult-ATTGGCTCCACTTCGA,0
mult-ATTGGCTCCAGCGTTA,0
mult-ATTGGCTCCATACCAA,0
mult-ATTGGCTCCCAGTTCA,3
mult-ATTGGCTCCCGAAGTA,3
mult-ATTGGCTCCCGTGAGA,3
mult-ATTGGCTCCCTCCTGA,3
mult-ATTGGCTCAGTGGTCA,0
mult-ATTGGCTCCGAACTTA,3
mult-ATTGGCTCCGACTGGA,3
mult-ATTGGCTCCGCATACA,3
mult-ATTGGCTCCTCAATGA,1
mult-ATTGGCTCCTGAGCCA,3
mult-ATTGGCTCCTGGCATA,1
mult-ATTGGCTCGAATCTGA,1
mult-ATTGGCTCCAAGACTA,1
mult-ATTGGCTCGAGCTGAA,1
mult-ATTGGCTCGATAGACA,1
mult-ATTGGCTCACCACTGT,0
mult-ATTGGCTCGCCACATA,1
mult-ATTGGCTCGCGAGTAA,1
mult-ATTGGCTCGCTAACGA,1
mult-ATTGGCTCGCTCGGTA,1
mult-ATTGGCTCGGAGAACA,1
mult-ATTGGCTCGGTGCGAA,1
mult-ATTGGCTCGTACGCAA,1
mult-ATTGGCTCGTCGTAGA,1
mult-ATTGGCTCGTCTGTCA,3
mult-ATTGGCTCGTGTTCTA,1
mult-ATTGGCTCACATTGGC,0
mult-ATTGGCTCTAGGATGA,1
mult-ATTGGCTCTATCAGCA,1
mult-ATTGGCTCTCCGTCTA,1
mult-ATTGGCTCTCTTCACA,1
mult-ATTGGCTCTGAAGAGA,1
mult-ATTGGCTCTGGAACAA,5
mult-ATTGGCTCTGGCTTCA,3
mult-ATTGGCTCTGGTGGTA,3
mult-ATTGGCTCTTCACGCA,3
mult-ATTGGCTCAACTCACC,3
mult-ATTGGCTCCAGATCTG,0
mult-ATTGGCTCAAGAGATC,3
mult-ATTGGCTCAAGGACAC,3
mult-ATTGGCTCAATCCGTC,3
mult-ATTGGCTCAATGTTGC,3
mult-ATTGGCTCACACGACC,3
mult-ATTGGCTCACAGATTC,3
mult-ATTGGCTCAGATGTAC,3
mult-ATTGGCTCAGCACCTC,0
mult-ATTGGCTCAGCCATGC,0
mult-ATTGGCTCAGGCTAAC,0
mult-ATTGGCTCCATCAAGT,0
mult-ATTGGCTCATAGCGAC,0
mult-ATTGGCTCATCATTCC,0
mult-ATTGGCTCATTGGCTC,0
mult-ATTGGCTCCAAGGAGC,0
mult-ATTGGCTCCACCTTAC,0
mult-ATTGGCTCCCATCCTC,0
mult-ATTGGCTCCCGACAAC,0
mult-ATTGGCTCCCTAATCC,0
mult-ATTGGCTCCCTCTATC,0
mult-ATTGGCTCCGACACAC,2
mult-ATTGGCTCCGCTGATC,0
mult-ATTGGCTCCGGATTGC,2
mult-ATTGGCTCCTAAGGTC,2
mult-ATTGGCTCGAACAGGC,2
mult-ATTGGCTCGACAGTGC,2
mult-ATTGGCTCGAGTTAGC,2
mult-ATTGGCTCGATGAATC,2
mult-ATTGGCTCGCCAAGAC,0
mult-ATTGGCTCCGGAAGAA,0
mult-ATTGGCTCGTGACAAG,0
mult-ATTGGCTCGAACCAGA,0
mult-ATCATTCCAACGTGAT,0
mult-ATCATTCCACAAGCTA,0
mult-ATCATTCCTTGCTGGA,0
mult-ATCATTCCCTGTAGCC,0
mult-ATCATTCCAGTACAAG,0
mult-ATCATTCCAACAACCA,0
mult-ATCATTCCAACCGAGA,0
mult-ATCATTCCAACGCTTA,0
mult-ATCATTCCAAGACGGA,0
mult-ATCATTCCAAGGTACA,0
mult-ATCATTCCACACAGAA,0
mult-ATCATTCCACAGCAGA,0
mult-ATCATTCCAAACATCG,0
mult-ATCATTCCACCTCCAA,0
mult-ATCATTCCACGCTCGA,0
mult-ATCATTCCACGTATCA,0
mult-ATCATTCCACTATGCA,0
mult-ATCATTCCAGAGTCAA,0
mult-ATCATTCCAGATCGCA,0
mult-ATCATTCCAGCAGGAA,0
mult-ATCATTCCAGTCACTA,0
mult-ATCATTCCATCCTGTA,0
mult-ATCATTCCATTGAGGA,2
mult-ATCATTCCATGCCTAA,0
mult-ATCATTCCCAACCACA,0
mult-ATCATTCCGACTAGTA,0
mult-ATCATTCCCAATGGAA,0
mult-ATCATTCCCACTTCGA,0
mult-ATCATTCCCAGCGTTA,3
mult-ATCATTCCCATACCAA,3
mult-ATCATTCCCCAGTTCA,3
mult-ATCATTCCCCGAAGTA,3
mult-ATCATTCCCCGTGAGA,3
mult-ATCATTCCCCTCCTGA,3
mult-ATCATTCCAGTGGTCA,0
mult-ATCATTCCCGAACTTA,3
mult-ATCATTCCCGACTGGA,3
mult-ATCATTCCCGCATACA,1
mult-ATCATTCCCTCAATGA,1
mult-ATCATTCCCTGAGCCA,3
mult-ATCATTCCCTGGCATA,1
mult-ATCATTCCGAATCTGA,1
mult-ATCATTCCCAAGACTA,1
mult-ATCATTCCGAGCTGAA,1
mult-ATCATTCCGATAGACA,1
mult-ATCATTCCACCACTGT,0
mult-ATCATTCCGCCACATA,1
mult-ATCATTCCGCGAGTAA,1
mult-ATCATTCCGCTAACGA,1
mult-ATCATTCCGCTCGGTA,3
mult-ATCATTCCGGAGAACA,3
mult-ATCATTCCGGTGCGAA,3
mult-ATCATTCCGTACGCAA,1
mult-ATCATTCCGTCGTAGA,3
mult-ATCATTCCGTCTGTCA,3
mult-ATCATTCCGTGTTCTA,1
mult-ATCATTCCACATTGGC,0
mult-ATCATTCCTAGGATGA,1
mult-ATCATTCCTATCAGCA,1
mult-ATCATTCCTCCGTCTA,1
mult-ATCATTCCTCTTCACA,1
mult-ATCATTCCTGAAGAGA,1
mult-ATCATTCCTGGAACAA,1
mult-ATCATTCCTGGCTTCA,5
mult-ATCATTCCTGGTGGTA,3
mult-ATCATTCCTTCACGCA,3
mult-ATCATTCCAACTCACC,3
mult-ATCATTCCCAGATCTG,0
mult-ATCATTCCAAGAGATC,3
mult-ATCATTCCAAGGACAC,3
mult-ATCATTCCAATCCGTC,3
mult-ATCATTCCAATGTTGC,3
mult-ATCATTCCACACGACC,3
mult-ATCATTCCACAGATTC,3
mult-ATCATTCCAGATGTAC,3
mult-ATCATTCCAGCACCTC,3
mult-ATCATTCCAGCCATGC,0
mult-ATCATTCCAGGCTAAC,0
mult-ATCATTCCCATCAAGT,0
mult-ATCATTCCATAGCGAC,0
mult-ATCATTCCATCATTCC,0
mult-ATCATTCCATTGGCTC,0
mult-ATCATTCCCAAGGAGC,0
mult-ATCATTCCCACCTTAC,0
mult-ATCATTCCCCATCCTC,0
mult-ATCATTCCCCGACAAC,0
mult-ATCATTCCCCTAATCC,0
mult-ATCATTCCCCTCTATC,0
mult-ATCATTCCCGACACAC,2
mult-ATCATTCCCGCTGATC,0
mult-ATCATTCCCGGATTGC,2
mult-ATCATTCCCTAAGGTC,2
mult-ATCATTCCGAACAGGC,2
mult-ATCATTCCGACAGTGC,2
mult-ATCATTCCGAGTTAGC,2
mult-ATCATTCCGATGAATC,2
mult-ATCATTCCGCCAAGAC,2
mult-ATCATTCCCGGAAGAA,0
mult-ATCATTCCGTGACAAG,0
mult-ATCATTCCGAACCAGA,0
mult-ATAGCGACAACGTGAT,0
mult-ATAGCGACACAAGCTA,0
mult-ATAGCGACTTGCTGGA,0
mult-ATAGCGACCTGTAGCC,0
mult-ATAGCGACAGTACAAG,0
mult-ATAGCGACAACAACCA,0
mult-ATAGCGACAACCGAGA,0
mult-ATAGCGACAACGCTTA,0
mult-ATAGCGACAAGACGGA,0
mult-ATAGCGACAAGGTACA,0
mult-ATAGCGACACACAGAA,0
mult-ATAGCGACACAGCAGA,0
mult-ATAGCGACAAACATCG,0
mult-ATAGCGACACCTCCAA,0
mult-ATAGCGACACGCTCGA,0
mult-ATAGCGACACGTATCA,0
mult-ATAGCGACACTATGCA,0
mult-ATAGCGACAGAGTCAA,0
mult-ATAGCGACAGATCGCA,0
mult-ATAGCGACAGCAGGAA,0
mult-ATAGCGACAGTCACTA,0
mult-ATAGCGACATCCTGTA,3
mult-ATAGCGACATTGAGGA,0
mult-ATAGCGACATGCCTAA,0
mult-ATAGCGACCAACCACA,0
mult-ATAGCGACGACTAGTA,0
mult-ATAGCGACCAATGGAA,0
mult-ATAGCGACCACTTCGA,3
mult-ATAGCGACCAGCGTTA,3
mult-ATAGCGACCATACCAA,3
mult-ATAGCGACCCAGTTCA,3
mult-ATAGCGACCCGAAGTA,3
mult-ATAGCGACCCGTGAGA,3
mult-ATAGCGACCCTCCTGA,3
mult-ATAGCGACAGTGGTCA,0
mult-ATAGCGACCGAACTTA,1
mult-ATAGCGACCGACTGGA,3
mult-ATAGCGACCGCATACA,1
mult-ATAGCGACCTCAATGA,1
mult-ATAGCGACCTGAGCCA,1
mult-ATAGCGACCTGGCATA,1
mult-ATAGCGACGAATCTGA,3
mult-ATAGCGACCAAGACTA,1
mult-ATAGCGACGAGCTGAA,1
mult-ATAGCGACGATAGACA,1
mult-ATAGCGACACCACTGT,0
mult-ATAGCGACGCCACATA,1
mult-ATAGCGACGCGAGTAA,1
mult-ATAGCGACGCTAACGA,1
mult-ATAGCGACGCTCGGTA,1
mult-ATAGCGACGGAGAACA,1
mult-ATAGCGACGGTGCGAA,1
mult-ATAGCGACGTACGCAA,1
mult-ATAGCGACGTCGTAGA,1
mult-ATAGCGACGTCTGTCA,3
mult-ATAGCGACGTGTTCTA,1
mult-ATAGCGACACATTGGC,0
mult-ATAGCGACTAGGATGA,1
mult-ATAGCGACTATCAGCA,1
mult-ATAGCGACTCCGTCTA,1
mult-ATAGCGACTCTTCACA,1
mult-ATAGCGACTGAAGAGA,3
mult-ATAGCGACTGGAACAA,1
mult-ATAGCGACTGGCTTCA,1
mult-ATAGCGACTGGTGGTA,5
mult-ATAGCGACTTCACGCA,3
mult-ATAGCGACAACTCACC,3
mult-ATAGCGACCAGATCTG,0
mult-ATAGCGACAAGAGATC,3
mult-ATAGCGACAAGGACAC,3
mult-ATAGCGACAATCCGTC,3
mult-ATAGCGACAATGTTGC,3
mult-ATAGCGACACACGACC,3
mult-ATAGCGACACAGATTC,3
mult-ATAGCGACAGATGTAC,3
mult-ATAGCGACAGCACCTC,3
mult-ATAGCGACAGCCATGC,3
mult-ATAGCGACAGGCTAAC,3
mult-ATAGCGACCATCAAGT,0
mult-ATAGCGACATAGCGAC,2
mult-ATAGCGACATCATTCC,0
mult-ATAGCGACATTGGCTC,0
mult-ATAGCGACCAAGGAGC,0
mult-ATAGCGACCACCTTAC,0
mult-ATAGCGACCCATCCTC,0
mult-ATAGCGACCCGACAAC,0
mult-ATAGCGACCCTAATCC,0
mult-ATAGCGACCCTCTATC,2
mult-ATAGCGACCGACACAC,2
mult-ATAGCGACCGCTGATC,0
mult-ATAGCGACCGGATTGC,2
mult-ATAGCGACCTAAGGTC,2
mult-ATAGCGACGAACAGGC,2
mult-ATAGCGACGACAGTGC,2
mult-ATAGCGACGAGTTAGC,2
mult-ATAGCGACGATGAATC,2
mult-ATAGCGACGCCAAGAC,0
mult-ATAGCGACCGGAAGAA,0
mult-ATAGCGACGTGACAAG,0
mult-ATAGCGACGAACCAGA,0
mult-AGGCTAACAACGTGAT,0
mult-AGGCTAACACAAGCTA,0
mult-AGGCTAACTTGCTGGA,0
mult-AGGCTAACCTGTAGCC,0
mult-AGGCTAACAGTACAAG,0
mult-AGGCTAACAACAACCA,0
mult-AGGCTAACAACCGAGA,0
mult-AGGCTAACAACGCTTA,0
mult-AGGCTAACAAGACGGA,0
mult-AGGCTAACAAGGTACA,0
mult-AGGCTAACACACAGAA,0
mult-AGGCTAACACAGCAGA,0
mult-AGGCTAACAAACATCG,0
mult-AGGCTAACACCTCCAA,0
mult-AGGCTAACACGCTCGA,0
mult-AGGCTAACACGTATCA,0
mult-AGGCTAACACTATGCA,0
mult-AGGCTAACAGAGTCAA,0
mult-AGGCTAACAGATCGCA,0
mult-AGGCTAACAGCAGGAA,0
mult-AGGCTAACAGTCACTA,0
mult-AGGCTAACATCCTGTA,0
mult-AGGCTAACATTGAGGA,0
mult-AGGCTAACATGCCTAA,0
mult-AGGCTAACCAACCACA,0
mult-AGGCTAACGACTAGTA,0
mult-AGGCTAACCAATGGAA,0
mult-AGGCTAACCACTTCGA,3
mult-AGGCTAACCAGCGTTA,3
mult-AGGCTAACCATACCAA,3
mult-AGGCTAACCCAGTTCA,3
mult-AGGCTAACCCGAAGTA,3
mult-AGGCTAACCCGTGAGA,3
mult-AGGCTAACCCTCCTGA,3
mult-AGGCTAACAGTGGTCA,0
mult-AGGCTAACCGAACTTA,3
mult-AGGCTAACCGACTGGA,1
mult-AGGCTAACCGCATACA,1
mult-AGGCTAACCTCAATGA,1
mult-AGGCTAACCTGAGCCA,1
mult-AGGCTAACCTGGCATA,1
mult-AGGCTAACGAATCTGA,3
mult-AGGCTAACCAAGACTA,1
mult-AGGCTAACGAGCTGAA,1
mult-AGGCTAACGATAGACA,1
mult-AGGCTAACACCACTGT,0
mult-AGGCTAACGCCACATA,1
mult-AGGCTAACGCGAGTAA,1
mult-AGGCTAACGCTAACGA,1
mult-AGGCTAACGCTCGGTA,1
mult-AGGCTAACGGAGAACA,1
mult-AGGCTAACGGTGCGAA,1
mult-AGGCTAACGTACGCAA,1
mult-AGGCTAACGTCGTAGA,1
mult-AGGCTAACGTCTGTCA,1
mult-AGGCTAACGTGTTCTA,1
mult-AGGCTAACACATTGGC,0
mult-AGGCTAACTAGGATGA,1
mult-AGGCTAACTATCAGCA,1
mult-AGGCTAACTCCGTCTA,1
mult-AGGCTAACTCTTCACA,1
mult-AGGCTAACTGAAGAGA,1
mult-AGGCTAACTGGAACAA,1
mult-AGGCTAACTGGCTTCA,1
mult-AGGCTAACTGGTGGTA,5
mult-AGGCTAACTTCACGCA,5
mult-AGGCTAACAACTCACC,3
mult-AGGCTAACCAGATCTG,0
mult-AGGCTAACAAGAGATC,3
mult-AGGCTAACAAGGACAC,3
mult-AGGCTAACAATCCGTC,3
mult-AGGCTAACAATGTTGC,3
mult-AGGCTAACACACGACC,3
mult-AGGCTAACACAGATTC,3
mult-AGGCTAACAGATGTAC,3
mult-AGGCTAACAGCACCTC,3
mult-AGGCTAACAGCCATGC,3
mult-AGGCTAACAGGCTAAC,3
mult-AGGCTAACCATCAAGT,0
mult-AGGCTAACATAGCGAC,3
mult-AGGCTAACATCATTCC,0
mult-AGGCTAACATTGGCTC,0
mult-AGGCTAACCAAGGAGC,0
mult-AGGCTAACCACCTTAC,0
mult-AGGCTAACCCATCCTC,0
mult-AGGCTAACCCGACAAC,0
mult-AGGCTAACCCTAATCC,0
mult-AGGCTAACCCTCTATC,2
mult-AGGCTAACCGACACAC,2
mult-AGGCTAACCGCTGATC,0
mult-AGGCTAACCGGATTGC,2
mult-AGGCTAACCTAAGGTC,2
mult-AGGCTAACGAACAGGC,2
mult-AGGCTAACGACAGTGC,2
mult-AGGCTAACGAGTTAGC,2
mult-AGGCTAACGATGAATC,2
mult-AGGCTAACGCCAAGAC,2
mult-AGGCTAACCGGAAGAA,4
mult-AGGCTAACGTGACAAG,0
mult-AGGCTAACGAACCAGA,0
mult-AGCCATGCAACGTGAT,0
mult-AGCCATGCACAAGCTA,0
mult-AGCCATGCTTGCTGGA,0
mult-AGCCATGCCTGTAGCC,0
mult-AGCCATGCAGTACAAG,0
mult-AGCCATGCAACAACCA,0
mult-AGCCATGCAACCGAGA,0
mult-AGCCATGCAACGCTTA,0
mult-AGCCATGCAAGACGGA,0
mult-AGCCATGCAAGGTACA,0
mult-AGCCATGCACACAGAA,0
mult-AGCCATGCACAGCAGA,0
mult-AGCCATGCAAACATCG,0
mult-AGCCATGCACCTCCAA,0
mult-AGCCATGCACGCTCGA,0
mult-AGCCATGCACGTATCA,0
mult-AGCCATGCACTATGCA,0
mult-AGCCATGCAGAGTCAA,0
mult-AGCCATGCAGATCGCA,0
mult-AGCCATGCAGCAGGAA,0
mult-AGCCATGCAGTCACTA,0
mult-AGCCATGCATCCTGTA,0
mult-AGCCATGCATTGAGGA,0
mult-AGCCATGCATGCCTAA,0
mult-AGCCATGCCAACCACA,0
mult-AGCCATGCGACTAGTA,0
mult-AGCCATGCCAATGGAA,3
mult-AGCCATGCCACTTCGA,3
mult-AGCCATGCCAGCGTTA,3
mult-AGCCATGCCATACCAA,3
mult-AGCCATGCCCAGTTCA,3
mult-AGCCATGCCCGAAGTA,3
mult-AGCCATGCCCGTGAGA,3
mult-AGCCATGCCCTCCTGA,1
mult-AGCCATGCAGTGGTCA,0
mult-AGCCATGCCGAACTTA,1
mult-AGCCATGCCGACTGGA,1
mult-AGCCATGCCGCATACA,3
mult-AGCCATGCCTCAATGA,1
mult-AGCCATGCCTGAGCCA,1
mult-AGCCATGCCTGGCATA,1
mult-AGCCATGCGAATCTGA,3
mult-AGCCATGCCAAGACTA,1
mult-AGCCATGCGAGCTGAA,1
mult-AGCCATGCGATAGACA,1
mult-AGCCATGCACCACTGT,0
mult-AGCCATGCGCCACATA,1
mult-AGCCATGCGCGAGTAA,1
mult-AGCCATGCGCTAACGA,1
mult-AGCCATGCGCTCGGTA,3
mult-AGCCATGCGGAGAACA,3
mult-AGCCATGCGGTGCGAA,1
mult-AGCCATGCGTACGCAA,1
mult-AGCCATGCGTCGTAGA,1
mult-AGCCATGCGTCTGTCA,1
mult-AGCCATGCGTGTTCTA,3
mult-AGCCATGCACATTGGC,0
mult-AGCCATGCTAGGATGA,1
mult-AGCCATGCTATCAGCA,1
mult-AGCCATGCTCCGTCTA,1
mult-AGCCATGCTCTTCACA,3
mult-AGCCATGCTGAAGAGA,1
mult-AGCCATGCTGGAACAA,1
mult-AGCCATGCTGGCTTCA,1
mult-AGCCATGCTGGTGGTA,1
mult-AGCCATGCTTCACGCA,5
mult-AGCCATGCAACTCACC,5
mult-AGCCATGCCAGATCTG,0
mult-AGCCATGCAAGAGATC,5
mult-AGCCATGCAAGGACAC,3
mult-AGCCATGCAATCCGTC,3
mult-AGCCATGCAATGTTGC,3
mult-AGCCATGCACACGACC,3
mult-AGCCATGCACAGATTC,3
mult-AGCCATGCAGATGTAC,3
mult-AGCCATGCAGCACCTC,3
mult-AGCCATGCAGCCATGC,3
mult-AGCCATGCAGGCTAAC,3
mult-AGCCATGCCATCAAGT,0
mult-AGCCATGCATAGCGAC,3
mult-AGCCATGCATCATTCC,3
mult-AGCCATGCATTGGCTC,3
mult-AGCCATGCCAAGGAGC,0
mult-AGCCATGCCACCTTAC,0
mult-AGCCATGCCCATCCTC,0
mult-AGCCATGCCCGACAAC,0
mult-AGCCATGCCCTAATCC,0
mult-AGCCATGCCCTCTATC,4
mult-AGCCATGCCGACACAC,2
mult-AGCCATGCCGCTGATC,0
mult-AGCCATGCCGGATTGC,2
mult-AGCCATGCCTAAGGTC,2
mult-AGCCATGCGAACAGGC,6
mult-AGCCATGCGACAGTGC,2
mult-AGCCATGCGAGTTAGC,2
mult-AGCCATGCGATGAATC,2
mult-AGCCATGCGCCAAGAC,2
mult-AGCCATGCCGGAAGAA,2
mult-AGCCATGCGTGACAAG,4
mult-AGCCATGCGAACCAGA,4
mult-AGCACCTCAACGTGAT,0
mult-AGCACCTCACAAGCTA,0
mult-AGCACCTCTTGCTGGA,2
mult-AGCACCTCCTGTAGCC,0
mult-AGCACCTCAGTACAAG,0
mult-AGCACCTCAACAACCA,0
mult-AGCACCTCAACCGAGA,0
mult-AGCACCTCAACGCTTA,0
mult-AGCACCTCAAGACGGA,0
mult-AGCACCTCAAGGTACA,0
mult-AGCACCTCACACAGAA,0
mult-AGCACCTCACAGCAGA,0
mult-AGCACCTCAAACATCG,0
mult-AGCACCTCACCTCCAA,0
mult-AGCACCTCACGCTCGA,0
mult-AGCACCTCACGTATCA,0
mult-AGCACCTCACTATGCA,0
mult-AGCACCTCAGAGTCAA,0
mult-AGCACCTCAGATCGCA,0
mult-AGCACCTCAGCAGGAA,0
mult-AGCACCTCAGTCACTA,0
mult-AGCACCTCATCCTGTA,0
mult-AGCACCTCATTGAGGA,0
mult-AGCACCTCATGCCTAA,0
mult-AGCACCTCCAACCACA,0
mult-AGCACCTCGACTAGTA,3
mult-AGCACCTCCAATGGAA,3
mult-AGCACCTCCACTTCGA,3
mult-AGCACCTCCAGCGTTA,3
mult-AGCACCTCCATACCAA,3
mult-AGCACCTCCCAGTTCA,1
mult-AGCACCTCCCGAAGTA,3
mult-AGCACCTCCCGTGAGA,3
mult-AGCACCTCCCTCCTGA,1
mult-AGCACCTCAGTGGTCA,0
mult-AGCACCTCCGAACTTA,1
mult-AGCACCTCCGACTGGA,1
mult-AGCACCTCCGCATACA,1
mult-AGCACCTCCTCAATGA,1
mult-AGCACCTCCTGAGCCA,1
mult-AGCACCTCCTGGCATA,3
mult-AGCACCTCGAATCTGA,1
mult-AGCACCTCCAAGACTA,1
mult-AGCACCTCGAGCTGAA,1
mult-AGCACCTCGATAGACA,1
mult-AGCACCTCACCACTGT,0
mult-AGCACCTCGCCACATA,1
mult-AGCACCTCGCGAGTAA,1
mult-AGCACCTCGCTAACGA,1
mult-AGCACCTCGCTCGGTA,1
mult-AGCACCTCGGAGAACA,1
mult-AGCACCTCGGTGCGAA,1
mult-AGCACCTCGTACGCAA,1
mult-AGCACCTCGTCGTAGA,1
mult-AGCACCTCGTCTGTCA,1
mult-AGCACCTCGTGTTCTA,3
mult-AGCACCTCACATTGGC,0
mult-AGCACCTCTAGGATGA,1
mult-AGCACCTCTATCAGCA,1
mult-AGCACCTCTCCGTCTA,1
mult-AGCACCTCTCTTCACA,3
mult-AGCACCTCTGAAGAGA,1
mult-AGCACCTCTGGAACAA,1
mult-AGCACCTCTGGCTTCA,1
mult-AGCACCTCTGGTGGTA,1
mult-AGCACCTCTTCACGCA,5
mult-AGCACCTCAACTCACC,5
mult-AGCACCTCCAGATCTG,0
mult-AGCACCTCAAGAGATC,5
mult-AGCACCTCAAGGACAC,3
mult-AGCACCTCAATCCGTC,3
mult-AGCACCTCAATGTTGC,3
mult-AGCACCTCACACGACC,3
mult-AGCACCTCACAGATTC,3
mult-AGCACCTCAGATGTAC,3
mult-AGCACCTCAGCACCTC,3
mult-AGCACCTCAGCCATGC,3
mult-AGCACCTCAGGCTAAC,3
mult-AGCACCTCCATCAAGT,0
mult-AGCACCTCATAGCGAC,3
mult-AGCACCTCATCATTCC,3
mult-AGCACCTCATTGGCTC,3
mult-AGCACCTCCAAGGAGC,3
mult-AGCACCTCCACCTTAC,0
mult-AGCACCTCCCATCCTC,0
mult-AGCACCTCCCGACAAC,2
mult-AGCACCTCCCTAATCC,0
mult-AGCACCTCCCTCTATC,4
mult-AGCACCTCCGACACAC,4
mult-AGCACCTCCGCTGATC,0
mult-AGCACCTCCGGATTGC,2
mult-AGCACCTCCTAAGGTC,2
mult-AGCACCTCGAACAGGC,6
mult-AGCACCTCGACAGTGC,2
mult-AGCACCTCGAGTTAGC,2
mult-AGCACCTCGATGAATC,2
mult-AGCACCTCGCCAAGAC,2
mult-AGCACCTCCGGAAGAA,2
mult-AGCACCTCGTGACAAG,4
mult-AGCACCTCGAACCAGA,0
mult-AGATGTACAACGTGAT,0
mult-AGATGTACACAAGCTA,0
mult-AGATGTACTTGCTGGA,0
mult-AGATGTACCTGTAGCC,0
mult-AGATGTACAGTACAAG,0
mult-AGATGTACAACAACCA,0
mult-AGATGTACAACCGAGA,0
mult-AGATGTACAACGCTTA,0
mult-AGATGTACAAGACGGA,0
mult-AGATGTACAAGGTACA,0
mult-AGATGTACACACAGAA,0
mult-AGATGTACACAGCAGA,0
mult-AGATGTACAAACATCG,0
mult-AGATGTACACCTCCAA,0
mult-AGATGTACACGCTCGA,0
mult-AGATGTACACGTATCA,0
mult-AGATGTACACTATGCA,0
mult-AGATGTACAGAGTCAA,0
mult-AGATGTACAGATCGCA,0
mult-AGATGTACAGCAGGAA,0
mult-AGATGTACAGTCACTA,0
mult-AGATGTACATCCTGTA,0
mult-AGATGTACATTGAGGA,3
mult-AGATGTACATGCCTAA,0
mult-AGATGTACCAACCACA,3
mult-AGATGTACGACTAGTA,3
mult-AGATGTACCAATGGAA,3
mult-AGATGTACCACTTCGA,3
mult-AGATGTACCAGCGTTA,3
mult-AGATGTACCATACCAA,1
mult-AGATGTACCCAGTTCA,1
mult-AGATGTACCCGAAGTA,1
mult-AGATGTACCCGTGAGA,1
mult-AGATGTACCCTCCTGA,1
mult-AGATGTACAGTGGTCA,0
mult-AGATGTACCGAACTTA,1
mult-AGATGTACCGACTGGA,1
mult-AGATGTACCGCATACA,1
mult-AGATGTACCTCAATGA,1
mult-AGATGTACCTGAGCCA,1
mult-AGATGTACCTGGCATA,1
mult-AGATGTACGAATCTGA,1
mult-AGATGTACCAAGACTA,1
mult-AGATGTACGAGCTGAA,1
mult-AGATGTACGATAGACA,3
mult-AGATGTACACCACTGT,0
mult-AGATGTACGCCACATA,1
mult-AGATGTACGCGAGTAA,1
mult-AGATGTACGCTAACGA,1
mult-AGATGTACGCTCGGTA,2
mult-AGATGTACGGAGAACA,1
mult-AGATGTACGGTGCGAA,1
mult-AGATGTACGTACGCAA,1
mult-AGATGTACGTCGTAGA,1
mult-AGATGTACGTCTGTCA,1
mult-AGATGTACGTGTTCTA,1
mult-AGATGTACACATTGGC,0
mult-AGATGTACTAGGATGA,1
mult-AGATGTACTATCAGCA,1
mult-AGATGTACTCCGTCTA,1
mult-AGATGTACTCTTCACA,3
mult-AGATGTACTGAAGAGA,1
mult-AGATGTACTGGAACAA,1
mult-AGATGTACTGGCTTCA,1
mult-AGATGTACTGGTGGTA,1
mult-AGATGTACTTCACGCA,1
mult-AGATGTACAACTCACC,5
mult-AGATGTACCAGATCTG,0
mult-AGATGTACAAGAGATC,5
mult-AGATGTACAAGGACAC,5
mult-AGATGTACAATCCGTC,3
mult-AGATGTACAATGTTGC,3
mult-AGATGTACACACGACC,3
mult-AGATGTACACAGATTC,3
mult-AGATGTACAGATGTAC,3
mult-AGATGTACAGCACCTC,3
mult-AGATGTACAGCCATGC,3
mult-AGATGTACAGGCTAAC,3
mult-AGATGTACCATCAAGT,0
mult-AGATGTACATAGCGAC,3
mult-AGATGTACATCATTCC,3
mult-AGATGTACATTGGCTC,3
mult-AGATGTACCAAGGAGC,3
mult-AGATGTACCACCTTAC,3
mult-AGATGTACCCATCCTC,4
mult-AGATGTACCCGACAAC,0
mult-AGATGTACCCTAATCC,0
mult-AGATGTACCCTCTATC,4
mult-AGATGTACCGACACAC,4
mult-AGATGTACCGCTGATC,0
mult-AGATGTACCGGATTGC,2
mult-AGATGTACCTAAGGTC,2
mult-AGATGTACGAACAGGC,6
mult-AGATGTACGACAGTGC,2
mult-AGATGTACGAGTTAGC,2
mult-AGATGTACGATGAATC,2
mult-AGATGTACGCCAAGAC,4
mult-AGATGTACCGGAAGAA,0
mult-AGATGTACGTGACAAG,2
mult-AGATGTACGAACCAGA,2
mult-ACAGATTCAACGTGAT,0
mult-ACAGATTCACAAGCTA,0
mult-ACAGATTCTTGCTGGA,3
mult-ACAGATTCCTGTAGCC,0
mult-ACAGATTCAGTACAAG,0
mult-ACAGATTCAACAACCA,0
mult-ACAGATTCAACCGAGA,0
mult-ACAGATTCAACGCTTA,0
mult-ACAGATTCAAGACGGA,0
mult-ACAGATTCAAGGTACA,0
mult-ACAGATTCACACAGAA,0
mult-ACAGATTCACAGCAGA,0
mult-ACAGATTCAAACATCG,0
mult-ACAGATTCACCTCCAA,0
mult-ACAGATTCACGCTCGA,0
mult-ACAGATTCACGTATCA,0
mult-ACAGATTCACTATGCA,0
mult-ACAGATTCAGAGTCAA,0
mult-ACAGATTCAGATCGCA,0
mult-ACAGATTCAGCAGGAA,0
mult-ACAGATTCAGTCACTA,0
mult-ACAGATTCATCCTGTA,0
mult-ACAGATTCATTGAGGA,3
mult-ACAGATTCATGCCTAA,0
mult-ACAGATTCCAACCACA,3
mult-ACAGATTCGACTAGTA,3
mult-ACAGATTCCAATGGAA,3
mult-ACAGATTCCACTTCGA,3
mult-ACAGATTCCAGCGTTA,3
mult-ACAGATTCCATACCAA,1
mult-ACAGATTCCCAGTTCA,1
mult-ACAGATTCCCGAAGTA,1
mult-ACAGATTCCCGTGAGA,1
mult-ACAGATTCCCTCCTGA,1
mult-ACAGATTCAGTGGTCA,0
mult-ACAGATTCCGAACTTA,1
mult-ACAGATTCCGACTGGA,1
mult-ACAGATTCCGCATACA,1
mult-ACAGATTCCTCAATGA,1
mult-ACAGATTCCTGAGCCA,1
mult-ACAGATTCCTGGCATA,1
mult-ACAGATTCGAATCTGA,1
mult-ACAGATTCCAAGACTA,1
mult-ACAGATTCGAGCTGAA,1
mult-ACAGATTCGATAGACA,1
mult-ACAGATTCACCACTGT,0
mult-ACAGATTCGCCACATA,1
mult-ACAGATTCGCGAGTAA,1
mult-ACAGATTCGCTAACGA,1
mult-ACAGATTCGCTCGGTA,3
mult-ACAGATTCGGAGAACA,1
mult-ACAGATTCGGTGCGAA,1
mult-ACAGATTCGTACGCAA,1
mult-ACAGATTCGTCGTAGA,1
mult-ACAGATTCGTCTGTCA,3
mult-ACAGATTCGTGTTCTA,3
mult-ACAGATTCACATTGGC,0
mult-ACAGATTCTAGGATGA,3
mult-ACAGATTCTATCAGCA,3
mult-ACAGATTCTCCGTCTA,3
mult-ACAGATTCTCTTCACA,1
mult-ACAGATTCTGAAGAGA,1
mult-ACAGATTCTGGAACAA,1
mult-ACAGATTCTGGCTTCA,1
mult-ACAGATTCTGGTGGTA,1
mult-ACAGATTCTTCACGCA,1
mult-ACAGATTCAACTCACC,5
mult-ACAGATTCCAGATCTG,0
mult-ACAGATTCAAGAGATC,5
mult-ACAGATTCAAGGACAC,5
mult-ACAGATTCAATCCGTC,5
mult-ACAGATTCAATGTTGC,3
mult-ACAGATTCACACGACC,3
mult-ACAGATTCACAGATTC,3
mult-ACAGATTCAGATGTAC,3
mult-ACAGATTCAGCACCTC,3
mult-ACAGATTCAGCCATGC,3
mult-ACAGATTCAGGCTAAC,3
mult-ACAGATTCCATCAAGT,0
mult-ACAGATTCATAGCGAC,3
mult-ACAGATTCATCATTCC,3
mult-ACAGATTCATTGGCTC,3
mult-ACAGATTCCAAGGAGC,3
mult-ACAGATTCCACCTTAC,3
mult-ACAGATTCCCATCCTC,3
mult-ACAGATTCCCGACAAC,0
mult-ACAGATTCCCTAATCC,4
mult-ACAGATTCCCTCTATC,4
mult-ACAGATTCCGACACAC,2
mult-ACAGATTCCGCTGATC,0
mult-ACAGATTCCGGATTGC,2
mult-ACAGATTCCTAAGGTC,2
mult-ACAGATTCGAACAGGC,6
mult-ACAGATTCGACAGTGC,2
mult-ACAGATTCGAGTTAGC,2
mult-ACAGATTCGATGAATC,2
mult-ACAGATTCGCCAAGAC,0
mult-ACAGATTCCGGAAGAA,0
mult-ACAGATTCGTGACAAG,0
mult-ACAGATTCGAACCAGA,2
mult-ACACGACCAACGTGAT,0
mult-ACACGACCACAAGCTA,0
mult-ACACGACCTTGCTGGA,3
mult-ACACGACCCTGTAGCC,0
mult-ACACGACCAGTACAAG,0
mult-ACACGACCAACAACCA,0
mult-ACACGACCAACCGAGA,0
mult-ACACGACCAACGCTTA,0
mult-ACACGACCAAGACGGA,0
mult-ACACGACCAAGGTACA,0
mult-ACACGACCACACAGAA,0
mult-ACACGACCACAGCAGA,0
mult-ACACGACCAAACATCG,0
mult-ACACGACCACCTCCAA,0
mult-ACACGACCACGCTCGA,0
mult-ACACGACCACGTATCA,0
mult-ACACGACCACTATGCA,0
mult-ACACGACCAGAGTCAA,0
mult-ACACGACCAGATCGCA,0
mult-ACACGACCAGCAGGAA,0
mult-ACACGACCAGTCACTA,0
mult-ACACGACCATCCTGTA,0
mult-ACACGACCATTGAGGA,3
mult-ACACGACCATGCCTAA,0
mult-ACACGACCCAACCACA,3
mult-ACACGACCGACTAGTA,3
mult-ACACGACCCAATGGAA,3
mult-ACACGACCCACTTCGA,3
mult-ACACGACCCAGCGTTA,1
mult-ACACGACCCATACCAA,1
mult-ACACGACCCCAGTTCA,1
mult-ACACGACCCCGAAGTA,1
mult-ACACGACCCCGTGAGA,1
mult-ACACGACCCCTCCTGA,1
mult-ACACGACCAGTGGTCA,0
mult-ACACGACCCGAACTTA,1
mult-ACACGACCCGACTGGA,1
mult-ACACGACCCGCATACA,3
mult-ACACGACCCTCAATGA,1
mult-ACACGACCCTGAGCCA,1
mult-ACACGACCCTGGCATA,1
mult-ACACGACCGAATCTGA,1
mult-ACACGACCCAAGACTA,1
mult-ACACGACCGAGCTGAA,1
mult-ACACGACCGATAGACA,1
mult-ACACGACCACCACTGT,0
mult-ACACGACCGCCACATA,1
mult-ACACGACCGCGAGTAA,1
mult-ACACGACCGCTAACGA,1
mult-ACACGACCGCTCGGTA,3
mult-ACACGACCGGAGAACA,1
mult-ACACGACCGGTGCGAA,1
mult-ACACGACCGTACGCAA,1
mult-ACACGACCGTCGTAGA,1
mult-ACACGACCGTCTGTCA,1
mult-ACACGACCGTGTTCTA,1
mult-ACACGACCACATTGGC,0
mult-ACACGACCTAGGATGA,3
mult-ACACGACCTATCAGCA,3
mult-ACACGACCTCCGTCTA,1
mult-ACACGACCTCTTCACA,1
mult-ACACGACCTGAAGAGA,1
mult-ACACGACCTGGAACAA,1
mult-ACACGACCTGGCTTCA,1
mult-ACACGACCTGGTGGTA,1
mult-ACACGACCTTCACGCA,1
mult-ACACGACCAACTCACC,1
mult-ACACGACCCAGATCTG,0
mult-ACACGACCAAGAGATC,5
mult-ACACGACCAAGGACAC,5
mult-ACACGACCAATCCGTC,5
mult-ACACGACCAATGTTGC,5
mult-ACACGACCACACGACC,3
mult-ACACGACCACAGATTC,3
mult-ACACGACCAGATGTAC,3
mult-ACACGACCAGCACCTC,3
mult-ACACGACCAGCCATGC,3
mult-ACACGACCAGGCTAAC,3
mult-ACACGACCCATCAAGT,0
mult-ACACGACCATAGCGAC,3
mult-ACACGACCATCATTCC,3
mult-ACACGACCATTGGCTC,3
mult-ACACGACCCAAGGAGC,3
mult-ACACGACCCACCTTAC,3
mult-ACACGACCCCATCCTC,3
mult-ACACGACCCCGACAAC,3
mult-ACACGACCCCTAATCC,3
mult-ACACGACCCCTCTATC,8
mult-ACACGACCCGACACAC,2
mult-ACACGACCCGCTGATC,0
mult-ACACGACCCGGATTGC,2
mult-ACACGACCCTAAGGTC,6
mult-ACACGACCGAACAGGC,6
mult-ACACGACCGACAGTGC,6
mult-ACACGACCGAGTTAGC,2
mult-ACACGACCGATGAATC,2
mult-ACACGACCGCCAAGAC,4
mult-ACACGACCCGGAAGAA,4
mult-ACACGACCGTGACAAG,3
mult-ACACGACCGAACCAGA,3
mult-AATGTTGCAACGTGAT,0
mult-AATGTTGCACAAGCTA,0
mult-AATGTTGCTTGCTGGA,3
mult-AATGTTGCCTGTAGCC,0
mult-AATGTTGCAGTACAAG,0
mult-AATGTTGCAACAACCA,0
mult-AATGTTGCAACCGAGA,0
mult-AATGTTGCAACGCTTA,0
mult-AATGTTGCAAGACGGA,0
mult-AATGTTGCAAGGTACA,0
mult-AATGTTGCACACAGAA,0
mult-AATGTTGCACAGCAGA,0
mult-AATGTTGCAAACATCG,0
mult-AATGTTGCACCTCCAA,0
mult-AATGTTGCACGCTCGA,0
mult-AATGTTGCACGTATCA,0
mult-AATGTTGCACTATGCA,0
mult-AATGTTGCAGAGTCAA,0
mult-AATGTTGCAGATCGCA,0
mult-AATGTTGCAGCAGGAA,0
mult-AATGTTGCAGTCACTA,0
mult-AATGTTGCATCCTGTA,0
mult-AATGTTGCATTGAGGA,3
mult-AATGTTGCATGCCTAA,0
mult-AATGTTGCCAACCACA,3
mult-AATGTTGCGACTAGTA,3
mult-AATGTTGCCAATGGAA,3
mult-AATGTTGCCACTTCGA,3
mult-AATGTTGCCAGCGTTA,1
mult-AATGTTGCCATACCAA,1
mult-AATGTTGCCCAGTTCA,1
mult-AATGTTGCCCGAAGTA,1
mult-AATGTTGCCCGTGAGA,3
mult-AATGTTGCCCTCCTGA,1
mult-AATGTTGCAGTGGTCA,0
mult-AATGTTGCCGAACTTA,1
mult-AATGTTGCCGACTGGA,1
mult-AATGTTGCCGCATACA,1
mult-AATGTTGCCTCAATGA,1
mult-AATGTTGCCTGAGCCA,1
mult-AATGTTGCCTGGCATA,1
mult-AATGTTGCGAATCTGA,1
mult-AATGTTGCCAAGACTA,1
mult-AATGTTGCGAGCTGAA,1
mult-AATGTTGCGATAGACA,1
mult-AATGTTGCACCACTGT,0
mult-AATGTTGCGCCACATA,1
mult-AATGTTGCGCGAGTAA,1
mult-AATGTTGCGCTAACGA,1
mult-AATGTTGCGCTCGGTA,3
mult-AATGTTGCGGAGAACA,3
mult-AATGTTGCGGTGCGAA,1
mult-AATGTTGCGTACGCAA,1
mult-AATGTTGCGTCGTAGA,1
mult-AATGTTGCGTCTGTCA,1
mult-AATGTTGCGTGTTCTA,1
mult-AATGTTGCACATTGGC,0
mult-AATGTTGCTAGGATGA,1
mult-AATGTTGCTATCAGCA,3
mult-AATGTTGCTCCGTCTA,1
mult-AATGTTGCTCTTCACA,3
mult-AATGTTGCTGAAGAGA,1
mult-AATGTTGCTGGAACAA,1
mult-AATGTTGCTGGCTTCA,1
mult-AATGTTGCTGGTGGTA,1
mult-AATGTTGCTTCACGCA,1
mult-AATGTTGCAACTCACC,1
mult-AATGTTGCCAGATCTG,0
mult-AATGTTGCAAGAGATC,5
mult-AATGTTGCAAGGACAC,5
mult-AATGTTGCAATCCGTC,5
mult-AATGTTGCAATGTTGC,5
mult-AATGTTGCACACGACC,3
mult-AATGTTGCACAGATTC,3
mult-AATGTTGCAGATGTAC,3
mult-AATGTTGCAGCACCTC,3
mult-AATGTTGCAGCCATGC,3
mult-AATGTTGCAGGCTAAC,3
mult-AATGTTGCCATCAAGT,0
mult-AATGTTGCATAGCGAC,3
mult-AATGTTGCATCATTCC,3
mult-AATGTTGCATTGGCTC,3
mult-AATGTTGCCAAGGAGC,3
mult-AATGTTGCCACCTTAC,3
mult-AATGTTGCCCATCCTC,3
mult-AATGTTGCCCGACAAC,3
mult-AATGTTGCCCTAATCC,3
mult-AATGTTGCCCTCTATC,8
mult-AATGTTGCCGACACAC,8
mult-AATGTTGCCGCTGATC,0
mult-AATGTTGCCGGATTGC,2
mult-AATGTTGCCTAAGGTC,6
mult-AATGTTGCGAACAGGC,6
mult-AATGTTGCGACAGTGC,6
mult-AATGTTGCGAGTTAGC,2
mult-AATGTTGCGATGAATC,8
mult-AATGTTGCGCCAAGAC,2
mult-AATGTTGCCGGAAGAA,2
mult-AATGTTGCGTGACAAG,3
mult-AATGTTGCGAACCAGA,3
mult-AATCCGTCAACGTGAT,0
mult-AATCCGTCACAAGCTA,0
mult-AATCCGTCTTGCTGGA,3
mult-AATCCGTCCTGTAGCC,0
mult-AATCCGTCAGTACAAG,0
mult-AATCCGTCAACAACCA,0
mult-AATCCGTCAACCGAGA,0
mult-AATCCGTCAACGCTTA,0
mult-AATCCGTCAAGACGGA,0
mult-AATCCGTCAAGGTACA,0
mult-AATCCGTCACACAGAA,0
mult-AATCCGTCACAGCAGA,0
mult-AATCCGTCAAACATCG,0
mult-AATCCGTCACCTCCAA,0
mult-AATCCGTCACGCTCGA,0
mult-AATCCGTCACGTATCA,0
mult-AATCCGTCACTATGCA,0
mult-AATCCGTCAGAGTCAA,0
mult-AATCCGTCAGATCGCA,0
mult-AATCCGTCAGCAGGAA,0
mult-AATCCGTCAGTCACTA,0
mult-AATCCGTCATCCTGTA,3
mult-AATCCGTCATTGAGGA,3
mult-AATCCGTCATGCCTAA,0
mult-AATCCGTCCAACCACA,3
mult-AATCCGTCGACTAGTA,3
mult-AATCCGTCCAATGGAA,1
mult-AATCCGTCCACTTCGA,1
mult-AATCCGTCCAGCGTTA,1
mult-AATCCGTCCATACCAA,1
mult-AATCCGTCCCAGTTCA,1
mult-AATCCGTCCCGAAGTA,1
mult-AATCCGTCCCGTGAGA,1
mult-AATCCGTCCCTCCTGA,1
mult-AATCCGTCAGTGGTCA,0
mult-AATCCGTCCGAACTTA,1
mult-AATCCGTCCGACTGGA,1
mult-AATCCGTCCGCATACA,3
mult-AATCCGTCCTCAATGA,1
mult-AATCCGTCCTGAGCCA,1
mult-AATCCGTCCTGGCATA,1
mult-AATCCGTCGAATCTGA,1
mult-AATCCGTCCAAGACTA,1
mult-AATCCGTCGAGCTGAA,3
mult-AATCCGTCGATAGACA,1
mult-AATCCGTCACCACTGT,0
mult-AATCCGTCGCCACATA,1
mult-AATCCGTCGCGAGTAA,1
mult-AATCCGTCGCTAACGA,1
mult-AATCCGTCGCTCGGTA,1
mult-AATCCGTCGGAGAACA,1
mult-AATCCGTCGGTGCGAA,1
mult-AATCCGTCGTACGCAA,1
mult-AATCCGTCGTCGTAGA,1
mult-AATCCGTCGTCTGTCA,1
mult-AATCCGTCGTGTTCTA,1
mult-AATCCGTCACATTGGC,0
mult-AATCCGTCTAGGATGA,3
mult-AATCCGTCTATCAGCA,1
mult-AATCCGTCTCCGTCTA,1
mult-AATCCGTCTCTTCACA,1
mult-AATCCGTCTGAAGAGA,3
mult-AATCCGTCTGGAACAA,1
mult-AATCCGTCTGGCTTCA,1
mult-AATCCGTCTGGTGGTA,1
mult-AATCCGTCTTCACGCA,1
mult-AATCCGTCAACTCACC,1
mult-AATCCGTCCAGATCTG,0
mult-AATCCGTCAAGAGATC,1
mult-AATCCGTCAAGGACAC,5
mult-AATCCGTCAATCCGTC,5
mult-AATCCGTCAATGTTGC,5
mult-AATCCGTCACACGACC,5
mult-AATCCGTCACAGATTC,5
mult-AATCCGTCAGATGTAC,3
mult-AATCCGTCAGCACCTC,3
mult-AATCCGTCAGCCATGC,3
mult-AATCCGTCAGGCTAAC,3
mult-AATCCGTCCATCAAGT,0
mult-AATCCGTCATAGCGAC,3
mult-AATCCGTCATCATTCC,3
mult-AATCCGTCATTGGCTC,3
mult-AATCCGTCCAAGGAGC,3
mult-AATCCGTCCACCTTAC,3
mult-AATCCGTCCCATCCTC,3
mult-AATCCGTCCCGACAAC,3
mult-AATCCGTCCCTAATCC,3
mult-AATCCGTCCCTCTATC,3
mult-AATCCGTCCGACACAC,8
mult-AATCCGTCCGCTGATC,0
mult-AATCCGTCCGGATTGC,2
mult-AATCCGTCCTAAGGTC,2
mult-AATCCGTCGAACAGGC,6
mult-AATCCGTCGACAGTGC,2
mult-AATCCGTCGAGTTAGC,2
mult-AATCCGTCGATGAATC,2
mult-AATCCGTCGCCAAGAC,3
mult-AATCCGTCCGGAAGAA,3
mult-AATCCGTCGTGACAAG,3
mult-AATCCGTCGAACCAGA,3
mult-GAACCAGAAACGTGAT,0
mult-GAACCAGAACAAGCTA,0
mult-GAACCAGATTGCTGGA,0
mult-GAACCAGACTGTAGCC,0
mult-GAACCAGAAGTACAAG,0
mult-GAACCAGAAACAACCA,0
mult-GAACCAGAAACCGAGA,0
mult-GAACCAGAAACGCTTA,0
mult-GAACCAGAAAGACGGA,0
mult-GAACCAGAAAGGTACA,0
mult-GAACCAGAACACAGAA,0
mult-GAACCAGAACAGCAGA,0
mult-GAACCAGAAAACATCG,0
mult-GAACCAGAACCTCCAA,0
mult-GAACCAGAACGCTCGA,0
mult-GAACCAGAACGTATCA,0
mult-GAACCAGAACTATGCA,0
mult-GAACCAGAAGAGTCAA,0
mult-GAACCAGAAGATCGCA,0
mult-GAACCAGAAGCAGGAA,0
mult-GAACCAGAAGTCACTA,0
mult-GAACCAGAATCCTGTA,0
mult-GAACCAGAATTGAGGA,0
mult-GAACCAGAATGCCTAA,7
mult-GAACCAGACAACCACA,0
mult-GAACCAGAGACTAGTA,0
mult-GAACCAGACAATGGAA,0
mult-GAACCAGACACTTCGA,0
mult-GAACCAGACAGCGTTA,3
mult-GAACCAGACATACCAA,0
mult-GAACCAGACCAGTTCA,0
mult-GAACCAGACCGAAGTA,0
mult-GAACCAGACCGTGAGA,4
mult-GAACCAGACCTCCTGA,0
mult-GAACCAGAAGTGGTCA,0
mult-GAACCAGACGAACTTA,0
mult-GAACCAGACGACTGGA,0
mult-GAACCAGACGCATACA,0
mult-GAACCAGACTCAATGA,0
mult-GAACCAGACTGAGCCA,0
mult-GAACCAGACTGGCATA,0
mult-GAACCAGAGAATCTGA,0
mult-GAACCAGACAAGACTA,0
mult-GAACCAGAGAGCTGAA,0
mult-GAACCAGAGATAGACA,0
mult-GAACCAGAACCACTGT,0
mult-GAACCAGAGCCACATA,0
mult-GAACCAGAGCGAGTAA,0
mult-GAACCAGAGCTAACGA,0
mult-GAACCAGAGCTCGGTA,0
mult-GAACCAGAGGAGAACA,0
mult-GAACCAGAGGTGCGAA,0
mult-GAACCAGAGTACGCAA,0
mult-GAACCAGAGTCGTAGA,0
mult-GAACCAGAGTCTGTCA,0
mult-GAACCAGAGTGTTCTA,0
mult-GAACCAGAACATTGGC,0
mult-GAACCAGATAGGATGA,0
mult-GAACCAGATATCAGCA,0
mult-GAACCAGATCCGTCTA,0
mult-GAACCAGATCTTCACA,0
mult-GAACCAGATGAAGAGA,0
mult-GAACCAGATGGAACAA,0
mult-GAACCAGATGGCTTCA,0
mult-GAACCAGATGGTGGTA,0
mult-GAACCAGATTCACGCA,0
mult-GAACCAGAAACTCACC,0
mult-GAACCAGACAGATCTG,0
mult-GAACCAGAAAGAGATC,0
mult-GAACCAGAAAGGACAC,0
mult-GAACCAGAAATCCGTC,0
mult-GAACCAGAAATGTTGC,0
mult-GAACCAGAACACGACC,0
mult-GAACCAGAACAGATTC,0
mult-GAACCAGAAGATGTAC,0
mult-GAACCAGAAGCACCTC,0
mult-GAACCAGAAGCCATGC,0
mult-GAACCAGAAGGCTAAC,0
mult-GAACCAGACATCAAGT,0
mult-GAACCAGAATAGCGAC,0
mult-GAACCAGAATCATTCC,8
mult-GAACCAGAATTGGCTC,0
mult-GAACCAGACAAGGAGC,0
mult-GAACCAGACACCTTAC,0
mult-GAACCAGACCATCCTC,0
mult-GAACCAGACCGACAAC,0
mult-GAACCAGACCTAATCC,0
mult-GAACCAGACCTCTATC,4
mult-GAACCAGACGACACAC,2
mult-GAACCAGACGCTGATC,0
mult-GAACCAGACGGATTGC,2
mult-GAACCAGACTAAGGTC,2
mult-GAACCAGAGAACAGGC,2
mult-GAACCAGAGACAGTGC,2
mult-GAACCAGAGAGTTAGC,2
mult-GAACCAGAGATGAATC,2
mult-GAACCAGAGCCAAGAC,0
mult-GAACCAGACGGAAGAA,0
mult-GAACCAGAGTGACAAG,0
mult-GAACCAGAGAACCAGA,0
mult-AAGGACACAACGTGAT,0
mult-AAGGACACACAAGCTA,0
mult-AAGGACACTTGCTGGA,3
mult-AAGGACACCTGTAGCC,0
mult-AAGGACACAGTACAAG,0
mult-AAGGACACAACAACCA,0
mult-AAGGACACAACCGAGA,0
mult-AAGGACACAACGCTTA,0
mult-AAGGACACAAGACGGA,0
mult-AAGGACACAAGGTACA,0
mult-AAGGACACACACAGAA,0
mult-AAGGACACACAGCAGA,0
mult-AAGGACACAAACATCG,0
mult-AAGGACACACCTCCAA,0
mult-AAGGACACACGCTCGA,0
mult-AAGGACACACGTATCA,0
mult-AAGGACACACTATGCA,0
mult-AAGGACACAGAGTCAA,0
mult-AAGGACACAGATCGCA,3
mult-AAGGACACAGCAGGAA,0
mult-AAGGACACAGTCACTA,3
mult-AAGGACACATCCTGTA,3
mult-AAGGACACATTGAGGA,3
mult-AAGGACACATGCCTAA,0
mult-AAGGACACCAACCACA,3
mult-AAGGACACGACTAGTA,3
mult-AAGGACACCAATGGAA,1
mult-AAGGACACCACTTCGA,1
mult-AAGGACACCAGCGTTA,1
mult-AAGGACACCATACCAA,1
mult-AAGGACACCCAGTTCA,1
mult-AAGGACACCCGAAGTA,1
mult-AAGGACACCCGTGAGA,1
mult-AAGGACACCCTCCTGA,1
mult-AAGGACACAGTGGTCA,0
mult-AAGGACACCGAACTTA,1
mult-AAGGACACCGACTGGA,1
mult-AAGGACACCGCATACA,1
mult-AAGGACACCTCAATGA,1
mult-AAGGACACCTGAGCCA,1
mult-AAGGACACCTGGCATA,1
mult-AAGGACACGAATCTGA,1
mult-AAGGACACCAAGACTA,1
mult-AAGGACACGAGCTGAA,1
mult-AAGGACACGATAGACA,1
mult-AAGGACACACCACTGT,0
mult-AAGGACACGCCACATA,1
mult-AAGGACACGCGAGTAA,1
mult-AAGGACACGCTAACGA,1
mult-AAGGACACGCTCGGTA,1
mult-AAGGACACGGAGAACA,1
mult-AAGGACACGGTGCGAA,1
mult-AAGGACACGTACGCAA,1
mult-AAGGACACGTCGTAGA,1
mult-AAGGACACGTCTGTCA,1
mult-AAGGACACGTGTTCTA,1
mult-AAGGACACACATTGGC,0
mult-AAGGACACTAGGATGA,1
mult-AAGGACACTATCAGCA,1
mult-AAGGACACTCCGTCTA,1
mult-AAGGACACTCTTCACA,1
mult-AAGGACACTGAAGAGA,1
mult-AAGGACACTGGAACAA,1
mult-AAGGACACTGGCTTCA,1
mult-AAGGACACTGGTGGTA,1
mult-AAGGACACTTCACGCA,1
mult-AAGGACACAACTCACC,1
mult-AAGGACACCAGATCTG,0
mult-AAGGACACAAGAGATC,1
mult-AAGGACACAAGGACAC,5
mult-AAGGACACAATCCGTC,5
mult-AAGGACACAATGTTGC,5
mult-AAGGACACACACGACC,5
mult-AAGGACACACAGATTC,5
mult-AAGGACACAGATGTAC,3
mult-AAGGACACAGCACCTC,3
mult-AAGGACACAGCCATGC,3
mult-AAGGACACAGGCTAAC,3
mult-AAGGACACCATCAAGT,0
mult-AAGGACACATAGCGAC,3
mult-AAGGACACATCATTCC,3
mult-AAGGACACATTGGCTC,3
mult-AAGGACACCAAGGAGC,3
mult-AAGGACACCACCTTAC,3
mult-AAGGACACCCATCCTC,3
mult-AAGGACACCCGACAAC,3
mult-AAGGACACCCTAATCC,3
mult-AAGGACACCCTCTATC,3
mult-AAGGACACCGACACAC,2
mult-AAGGACACCGCTGATC,0
mult-AAGGACACCGGATTGC,2
mult-AAGGACACCTAAGGTC,2
mult-AAGGACACGAACAGGC,6
mult-AAGGACACGACAGTGC,2
mult-AAGGACACGAGTTAGC,2
mult-AAGGACACGATGAATC,2
mult-AAGGACACGCCAAGAC,3
mult-AAGGACACCGGAAGAA,3
mult-AAGGACACGTGACAAG,3
mult-AAGGACACGAACCAGA,3
mult-AAGAGATCAACGTGAT,0
mult-AAGAGATCACAAGCTA,0
mult-AAGAGATCTTGCTGGA,3
mult-AAGAGATCCTGTAGCC,0
mult-AAGAGATCAGTACAAG,0
mult-AAGAGATCAACAACCA,0
mult-AAGAGATCAACCGAGA,0
mult-AAGAGATCAACGCTTA,0
mult-AAGAGATCAAGACGGA,0
mult-AAGAGATCAAGGTACA,0
mult-AAGAGATCACACAGAA,0
mult-AAGAGATCACAGCAGA,0
mult-AAGAGATCAAACATCG,0
mult-AAGAGATCACCTCCAA,0
mult-AAGAGATCACGCTCGA,0
mult-AAGAGATCACGTATCA,0
mult-AAGAGATCACTATGCA,0
mult-AAGAGATCAGAGTCAA,0
mult-AAGAGATCAGATCGCA,0
mult-AAGAGATCAGCAGGAA,3
mult-AAGAGATCAGTCACTA,3
mult-AAGAGATCATCCTGTA,3
mult-AAGAGATCATTGAGGA,3
mult-AAGAGATCATGCCTAA,0
mult-AAGAGATCCAACCACA,1
mult-AAGAGATCGACTAGTA,1
mult-AAGAGATCCAATGGAA,1
mult-AAGAGATCCACTTCGA,1
mult-AAGAGATCCAGCGTTA,1
mult-AAGAGATCCATACCAA,1
mult-AAGAGATCCCAGTTCA,1
mult-AAGAGATCCCGAAGTA,1
mult-AAGAGATCCCGTGAGA,1
mult-AAGAGATCCCTCCTGA,1
mult-AAGAGATCAGTGGTCA,0
mult-AAGAGATCCGAACTTA,1
mult-AAGAGATCCGACTGGA,1
mult-AAGAGATCCGCATACA,1
mult-AAGAGATCCTCAATGA,1
mult-AAGAGATCCTGAGCCA,1
mult-AAGAGATCCTGGCATA,1
mult-AAGAGATCGAATCTGA,1
mult-AAGAGATCCAAGACTA,1
mult-AAGAGATCGAGCTGAA,1
mult-AAGAGATCGATAGACA,1
mult-AAGAGATCACCACTGT,0
mult-AAGAGATCGCCACATA,1
mult-AAGAGATCGCGAGTAA,1
mult-AAGAGATCGCTAACGA,1
mult-AAGAGATCGCTCGGTA,1
mult-AAGAGATCGGAGAACA,1
mult-AAGAGATCGGTGCGAA,1
mult-AAGAGATCGTACGCAA,1
mult-AAGAGATCGTCGTAGA,1
mult-AAGAGATCGTCTGTCA,1
mult-AAGAGATCGTGTTCTA,1
mult-AAGAGATCACATTGGC,0
mult-AAGAGATCTAGGATGA,1
mult-AAGAGATCTATCAGCA,1
mult-AAGAGATCTCCGTCTA,1
mult-AAGAGATCTCTTCACA,1
mult-AAGAGATCTGAAGAGA,1
mult-AAGAGATCTGGAACAA,1
mult-AAGAGATCTGGCTTCA,1
mult-AAGAGATCTGGTGGTA,1
mult-AAGAGATCTTCACGCA,1
mult-AAGAGATCAACTCACC,1
mult-AAGAGATCCAGATCTG,0
mult-AAGAGATCAAGAGATC,1
mult-AAGAGATCAAGGACAC,1
mult-AAGAGATCAATCCGTC,5
mult-AAGAGATCAATGTTGC,5
mult-AAGAGATCACACGACC,5
mult-AAGAGATCACAGATTC,5
mult-AAGAGATCAGATGTAC,5
mult-AAGAGATCAGCACCTC,3
mult-AAGAGATCAGCCATGC,3
mult-AAGAGATCAGGCTAAC,3
mult-AAGAGATCCATCAAGT,0
mult-AAGAGATCATAGCGAC,3
mult-AAGAGATCATCATTCC,3
mult-AAGAGATCATTGGCTC,3
mult-AAGAGATCCAAGGAGC,3
mult-AAGAGATCCACCTTAC,3
mult-AAGAGATCCCATCCTC,3
mult-AAGAGATCCCGACAAC,3
mult-AAGAGATCCCTAATCC,3
mult-AAGAGATCCCTCTATC,3
mult-AAGAGATCCGACACAC,3
mult-AAGAGATCCGCTGATC,0
mult-AAGAGATCCGGATTGC,3
mult-AAGAGATCCTAAGGTC,3
mult-AAGAGATCGAACAGGC,3
mult-AAGAGATCGACAGTGC,3
mult-AAGAGATCGAGTTAGC,2
mult-AAGAGATCGATGAATC,3
mult-AAGAGATCGCCAAGAC,3
mult-AAGAGATCCGGAAGAA,3
mult-AAGAGATCGTGACAAG,3
mult-AAGAGATCGAACCAGA,3
mult-AACTCACCAACGTGAT,0
mult-AACTCACCACAAGCTA,0
mult-AACTCACCTTGCTGGA,3
mult-AACTCACCCTGTAGCC,0
mult-AACTCACCAGTACAAG,0
mult-AACTCACCAACAACCA,0
mult-AACTCACCAACCGAGA,0
mult-AACTCACCAACGCTTA,0
mult-AACTCACCAAGACGGA,0
mult-AACTCACCAAGGTACA,0
mult-AACTCACCACACAGAA,0
mult-AACTCACCACAGCAGA,0
mult-AACTCACCAAACATCG,0
mult-AACTCACCACCTCCAA,0
mult-AACTCACCACGCTCGA,0
mult-AACTCACCACGTATCA,0
mult-AACTCACCACTATGCA,0
mult-AACTCACCAGAGTCAA,0
mult-AACTCACCAGATCGCA,0
mult-AACTCACCAGCAGGAA,3
mult-AACTCACCAGTCACTA,3
mult-AACTCACCATCCTGTA,3
mult-AACTCACCATTGAGGA,3
mult-AACTCACCATGCCTAA,0
mult-AACTCACCCAACCACA,1
mult-AACTCACCGACTAGTA,1
mult-AACTCACCCAATGGAA,1
mult-AACTCACCCACTTCGA,1
mult-AACTCACCCAGCGTTA,1
mult-AACTCACCCATACCAA,1
mult-AACTCACCCCAGTTCA,1
mult-AACTCACCCCGAAGTA,1
mult-AACTCACCCCGTGAGA,1
mult-AACTCACCCCTCCTGA,1
mult-AACTCACCAGTGGTCA,0
mult-AACTCACCCGAACTTA,1
mult-AACTCACCCGACTGGA,1
mult-AACTCACCCGCATACA,1
mult-AACTCACCCTCAATGA,1
mult-AACTCACCCTGAGCCA,1
mult-AACTCACCCTGGCATA,1
mult-AACTCACCGAATCTGA,1
mult-AACTCACCCAAGACTA,1
mult-AACTCACCGAGCTGAA,1
mult-AACTCACCGATAGACA,1
mult-AACTCACCACCACTGT,0
mult-AACTCACCGCCACATA,1
mult-AACTCACCGCGAGTAA,1
mult-AACTCACCGCTAACGA,1
mult-AACTCACCGCTCGGTA,2
mult-AACTCACCGGAGAACA,1
mult-AACTCACCGGTGCGAA,1
mult-AACTCACCGTACGCAA,1
mult-AACTCACCGTCGTAGA,1
mult-AACTCACCGTCTGTCA,1
mult-AACTCACCGTGTTCTA,1
mult-AACTCACCACATTGGC,0
mult-AACTCACCTAGGATGA,1
mult-AACTCACCTATCAGCA,1
mult-AACTCACCTCCGTCTA,1
mult-AACTCACCTCTTCACA,1
mult-AACTCACCTGAAGAGA,1
mult-AACTCACCTGGAACAA,1
mult-AACTCACCTGGCTTCA,1
mult-AACTCACCTGGTGGTA,1
mult-AACTCACCTTCACGCA,1
mult-AACTCACCAACTCACC,1
mult-AACTCACCCAGATCTG,0
mult-AACTCACCAAGAGATC,1
mult-AACTCACCAAGGACAC,1
mult-AACTCACCAATCCGTC,5
mult-AACTCACCAATGTTGC,5
mult-AACTCACCACACGACC,5
mult-AACTCACCACAGATTC,5
mult-AACTCACCAGATGTAC,5
mult-AACTCACCAGCACCTC,5
mult-AACTCACCAGCCATGC,3
mult-AACTCACCAGGCTAAC,3
mult-AACTCACCCATCAAGT,0
mult-AACTCACCATAGCGAC,3
mult-AACTCACCATCATTCC,3
mult-AACTCACCATTGGCTC,3
mult-AACTCACCCAAGGAGC,3
mult-AACTCACCCACCTTAC,3
mult-AACTCACCCCATCCTC,3
mult-AACTCACCCCGACAAC,3
mult-AACTCACCCCTAATCC,3
mult-AACTCACCCCTCTATC,3
mult-AACTCACCCGACACAC,3
mult-AACTCACCCGCTGATC,0
mult-AACTCACCCGGATTGC,3
mult-AACTCACCCTAAGGTC,3
mult-AACTCACCGAACAGGC,3
mult-AACTCACCGACAGTGC,3
mult-AACTCACCGAGTTAGC,3
mult-AACTCACCGATGAATC,3
mult-AACTCACCGCCAAGAC,3
mult-AACTCACCCGGAAGAA,3
mult-AACTCACCGTGACAAG,3
mult-AACTCACCGAACCAGA,3
mult-TTCACGCAAACGTGAT,0
mult-TTCACGCAACAAGCTA,0
mult-TTCACGCATTGCTGGA,3
mult-TTCACGCACTGTAGCC,0
mult-TTCACGCAAGTACAAG,0
mult-TTCACGCAAACAACCA,0
mult-TTCACGCAAACCGAGA,0
mult-TTCACGCAAACGCTTA,0
mult-TTCACGCAAAGACGGA,0
mult-TTCACGCAAAGGTACA,0
mult-TTCACGCAACACAGAA,0
mult-TTCACGCAACAGCAGA,0
mult-TTCACGCAAAACATCG,0
mult-TTCACGCAACCTCCAA,0
mult-TTCACGCAACGCTCGA,0
mult-TTCACGCAACGTATCA,0
mult-TTCACGCAACTATGCA,0
mult-TTCACGCAAGAGTCAA,0
mult-TTCACGCAAGATCGCA,3
mult-TTCACGCAAGCAGGAA,3
mult-TTCACGCAAGTCACTA,3
mult-TTCACGCAATCCTGTA,3
mult-TTCACGCAATTGAGGA,1
mult-TTCACGCAATGCCTAA,0
mult-TTCACGCACAACCACA,1
mult-TTCACGCAGACTAGTA,1
mult-TTCACGCACAATGGAA,1
mult-TTCACGCACACTTCGA,1
mult-TTCACGCACAGCGTTA,1
mult-TTCACGCACATACCAA,1
mult-TTCACGCACCAGTTCA,1
mult-TTCACGCACCGAAGTA,1
mult-TTCACGCACCGTGAGA,1
mult-TTCACGCACCTCCTGA,1
mult-TTCACGCAAGTGGTCA,0
mult-TTCACGCACGAACTTA,1
mult-TTCACGCACGACTGGA,1
mult-TTCACGCACGCATACA,1
mult-TTCACGCACTCAATGA,1
mult-TTCACGCACTGAGCCA,3
mult-TTCACGCACTGGCATA,1
mult-TTCACGCAGAATCTGA,1
mult-TTCACGCACAAGACTA,3
mult-TTCACGCAGAGCTGAA,1
mult-TTCACGCAGATAGACA,1
mult-TTCACGCAACCACTGT,0
mult-TTCACGCAGCCACATA,1
mult-TTCACGCAGCGAGTAA,1
mult-TTCACGCAGCTAACGA,1
mult-TTCACGCAGCTCGGTA,3
mult-TTCACGCAGGAGAACA,1
mult-TTCACGCAGGTGCGAA,3
mult-TTCACGCAGTACGCAA,1
mult-TTCACGCAGTCGTAGA,1
mult-TTCACGCAGTCTGTCA,1
mult-TTCACGCAGTGTTCTA,3
mult-TTCACGCAACATTGGC,0
mult-TTCACGCATAGGATGA,3
mult-TTCACGCATATCAGCA,1
mult-TTCACGCATCCGTCTA,1
mult-TTCACGCATCTTCACA,1
mult-TTCACGCATGAAGAGA,1
mult-TTCACGCATGGAACAA,1
mult-TTCACGCATGGCTTCA,1
mult-TTCACGCATGGTGGTA,1
mult-TTCACGCATTCACGCA,1
mult-TTCACGCAAACTCACC,1
mult-TTCACGCACAGATCTG,0
mult-TTCACGCAAAGAGATC,1
mult-TTCACGCAAAGGACAC,1
mult-TTCACGCAAATCCGTC,5
mult-TTCACGCAAATGTTGC,5
mult-TTCACGCAACACGACC,5
mult-TTCACGCAACAGATTC,5
mult-TTCACGCAAGATGTAC,5
mult-TTCACGCAAGCACCTC,5
mult-TTCACGCAAGCCATGC,3
mult-TTCACGCAAGGCTAAC,3
mult-TTCACGCACATCAAGT,0
mult-TTCACGCAATAGCGAC,3
mult-TTCACGCAATCATTCC,3
mult-TTCACGCAATTGGCTC,3
mult-TTCACGCACAAGGAGC,3
mult-TTCACGCACACCTTAC,3
mult-TTCACGCACCATCCTC,3
mult-TTCACGCACCGACAAC,3
mult-TTCACGCACCTAATCC,3
mult-TTCACGCACCTCTATC,3
mult-TTCACGCACGACACAC,3
mult-TTCACGCACGCTGATC,0
mult-TTCACGCACGGATTGC,3
mult-TTCACGCACTAAGGTC,3
mult-TTCACGCAGAACAGGC,3
mult-TTCACGCAGACAGTGC,3
mult-TTCACGCAGAGTTAGC,3
mult-TTCACGCAGATGAATC,3
mult-TTCACGCAGCCAAGAC,3
mult-TTCACGCACGGAAGAA,3
mult-TTCACGCAGTGACAAG,3
mult-TTCACGCAGAACCAGA,3
mult-TGGTGGTAAACGTGAT,0
mult-TGGTGGTAACAAGCTA,0
mult-TGGTGGTATTGCTGGA,3
mult-TGGTGGTACTGTAGCC,0
mult-TGGTGGTAAGTACAAG,0
mult-TGGTGGTAAACAACCA,0
mult-TGGTGGTAAACCGAGA,0
mult-TGGTGGTAAACGCTTA,0
mult-TGGTGGTAAAGACGGA,0
mult-TGGTGGTAAAGGTACA,0
mult-TGGTGGTAACACAGAA,0
mult-TGGTGGTAACAGCAGA,0
mult-TGGTGGTAAAACATCG,0
mult-TGGTGGTAACCTCCAA,0
mult-TGGTGGTAACGCTCGA,0
mult-TGGTGGTAACGTATCA,0
mult-TGGTGGTAACTATGCA,0
mult-TGGTGGTAAGAGTCAA,3
mult-TGGTGGTAAGATCGCA,3
mult-TGGTGGTAAGCAGGAA,3
mult-TGGTGGTAAGTCACTA,3
mult-TGGTGGTAATCCTGTA,1
mult-TGGTGGTAATTGAGGA,1
mult-TGGTGGTAATGCCTAA,0
mult-TGGTGGTACAACCACA,1
mult-TGGTGGTAGACTAGTA,1
mult-TGGTGGTACAATGGAA,1
mult-TGGTGGTACACTTCGA,1
mult-TGGTGGTACAGCGTTA,1
mult-TGGTGGTACATACCAA,1
mult-TGGTGGTACCAGTTCA,1
mult-TGGTGGTACCGAAGTA,1
mult-TGGTGGTACCGTGAGA,1
mult-TGGTGGTACCTCCTGA,1
mult-TGGTGGTAAGTGGTCA,0
mult-TGGTGGTACGAACTTA,1
mult-TGGTGGTACGACTGGA,1
mult-TGGTGGTACGCATACA,1
mult-TGGTGGTACTCAATGA,1
mult-TGGTGGTACTGAGCCA,1
mult-TGGTGGTACTGGCATA,1
mult-TGGTGGTAGAATCTGA,1
mult-TGGTGGTACAAGACTA,1
mult-TGGTGGTAGAGCTGAA,1
mult-TGGTGGTAGATAGACA,1
mult-TGGTGGTAACCACTGT,0
mult-TGGTGGTAGCCACATA,1
mult-TGGTGGTAGCGAGTAA,1
mult-TGGTGGTAGCTAACGA,1
mult-TGGTGGTAGCTCGGTA,1
mult-TGGTGGTAGGAGAACA,1
mult-TGGTGGTAGGTGCGAA,3
mult-TGGTGGTAGTACGCAA,1
mult-TGGTGGTAGTCGTAGA,1
mult-TGGTGGTAGTCTGTCA,1
mult-TGGTGGTAGTGTTCTA,3
mult-TGGTGGTAACATTGGC,0
mult-TGGTGGTATAGGATGA,1
mult-TGGTGGTATATCAGCA,1
mult-TGGTGGTATCCGTCTA,3
mult-TGGTGGTATCTTCACA,3
mult-TGGTGGTATGAAGAGA,1
mult-TGGTGGTATGGAACAA,1
mult-TGGTGGTATGGCTTCA,1
mult-TGGTGGTATGGTGGTA,1
mult-TGGTGGTATTCACGCA,1
mult-TGGTGGTAAACTCACC,1
mult-TGGTGGTACAGATCTG,0
mult-TGGTGGTAAAGAGATC,1
mult-TGGTGGTAAAGGACAC,1
mult-TGGTGGTAAATCCGTC,5
mult-TGGTGGTAAATGTTGC,5
mult-TGGTGGTAACACGACC,5
mult-TGGTGGTAACAGATTC,5
mult-TGGTGGTAAGATGTAC,5
mult-TGGTGGTAAGCACCTC,5
mult-TGGTGGTAAGCCATGC,3
mult-TGGTGGTAAGGCTAAC,3
mult-TGGTGGTACATCAAGT,0
mult-TGGTGGTAATAGCGAC,3
mult-TGGTGGTAATCATTCC,3
mult-TGGTGGTAATTGGCTC,3
mult-TGGTGGTACAAGGAGC,3
mult-TGGTGGTACACCTTAC,3
mult-TGGTGGTACCATCCTC,3
mult-TGGTGGTACCGACAAC,3
mult-TGGTGGTACCTAATCC,3
mult-TGGTGGTACCTCTATC,3
mult-TGGTGGTACGACACAC,3
mult-TGGTGGTACGCTGATC,0
mult-TGGTGGTACGGATTGC,3
mult-TGGTGGTACTAAGGTC,3
mult-TGGTGGTAGAACAGGC,3
mult-TGGTGGTAGACAGTGC,3
mult-TGGTGGTAGAGTTAGC,3
mult-TGGTGGTAGATGAATC,3
mult-TGGTGGTAGCCAAGAC,3
mult-TGGTGGTACGGAAGAA,3
mult-TGGTGGTAGTGACAAG,3
mult-TGGTGGTAGAACCAGA,3
mult-TGGCTTCAAACGTGAT,0
mult-TGGCTTCAACAAGCTA,0
mult-TGGCTTCATTGCTGGA,3
mult-TGGCTTCACTGTAGCC,0
mult-TGGCTTCAAGTACAAG,0
mult-TGGCTTCAAACAACCA,0
mult-TGGCTTCAAACCGAGA,0
mult-TGGCTTCAAACGCTTA,0
mult-TGGCTTCAAAGACGGA,0
mult-TGGCTTCAAAGGTACA,0
mult-TGGCTTCAACACAGAA,0
mult-TGGCTTCAACAGCAGA,0
mult-TGGCTTCAAAACATCG,0
mult-TGGCTTCAACCTCCAA,0
mult-TGGCTTCAACGCTCGA,0
mult-TGGCTTCAACGTATCA,0
mult-TGGCTTCAACTATGCA,0
mult-TGGCTTCAAGAGTCAA,0
mult-TGGCTTCAAGATCGCA,3
mult-TGGCTTCAAGCAGGAA,3
mult-TGGCTTCAAGTCACTA,3
mult-TGGCTTCAATCCTGTA,1
mult-TGGCTTCAATTGAGGA,1
mult-TGGCTTCAATGCCTAA,0
mult-TGGCTTCACAACCACA,1
mult-TGGCTTCAGACTAGTA,1
mult-TGGCTTCACAATGGAA,1
mult-TGGCTTCACACTTCGA,1
mult-TGGCTTCACAGCGTTA,1
mult-TGGCTTCACATACCAA,1
mult-TGGCTTCACCAGTTCA,1
mult-TGGCTTCACCGAAGTA,1
mult-TGGCTTCACCGTGAGA,1
mult-TGGCTTCACCTCCTGA,1
mult-TGGCTTCAAGTGGTCA,0
mult-TGGCTTCACGAACTTA,1
mult-TGGCTTCACGACTGGA,1
mult-TGGCTTCACGCATACA,1
mult-TGGCTTCACTCAATGA,1
mult-TGGCTTCACTGAGCCA,1
mult-TGGCTTCACTGGCATA,1
mult-TGGCTTCAGAATCTGA,1
mult-TGGCTTCACAAGACTA,1
mult-TGGCTTCAGAGCTGAA,1
mult-TGGCTTCAGATAGACA,1
mult-TGGCTTCAACCACTGT,0
mult-TGGCTTCAGCCACATA,1
mult-TGGCTTCAGCGAGTAA,1
mult-TGGCTTCAGCTAACGA,1
mult-TGGCTTCAGCTCGGTA,1
mult-TGGCTTCAGGAGAACA,1
mult-TGGCTTCAGGTGCGAA,1
mult-TGGCTTCAGTACGCAA,1
mult-TGGCTTCAGTCGTAGA,1
mult-TGGCTTCAGTCTGTCA,1
mult-TGGCTTCAGTGTTCTA,1
mult-TGGCTTCAACATTGGC,0
mult-TGGCTTCATAGGATGA,1
mult-TGGCTTCATATCAGCA,1
mult-TGGCTTCATCCGTCTA,1
mult-TGGCTTCATCTTCACA,1
mult-TGGCTTCATGAAGAGA,1
mult-TGGCTTCATGGAACAA,1
mult-TGGCTTCATGGCTTCA,1
mult-TGGCTTCATGGTGGTA,1
mult-TGGCTTCATTCACGCA,1
mult-TGGCTTCAAACTCACC,1
mult-TGGCTTCACAGATCTG,0
mult-TGGCTTCAAAGAGATC,1
mult-TGGCTTCAAAGGACAC,1
mult-TGGCTTCAAATCCGTC,5
mult-TGGCTTCAAATGTTGC,5
mult-TGGCTTCAACACGACC,5
mult-TGGCTTCAACAGATTC,5
mult-TGGCTTCAAGATGTAC,5
mult-TGGCTTCAAGCACCTC,5
mult-TGGCTTCAAGCCATGC,5
mult-TGGCTTCAAGGCTAAC,3
mult-TGGCTTCACATCAAGT,0
mult-TGGCTTCAATAGCGAC,3
mult-TGGCTTCAATCATTCC,3
mult-TGGCTTCAATTGGCTC,3
mult-TGGCTTCACAAGGAGC,3
mult-TGGCTTCACACCTTAC,3
mult-TGGCTTCACCATCCTC,3
mult-TGGCTTCACCGACAAC,3
mult-TGGCTTCACCTAATCC,3
mult-TGGCTTCACCTCTATC,3
mult-TGGCTTCACGACACAC,3
mult-TGGCTTCACGCTGATC,0
mult-TGGCTTCACGGATTGC,3
mult-TGGCTTCACTAAGGTC,3
mult-TGGCTTCAGAACAGGC,3
mult-TGGCTTCAGACAGTGC,3
mult-TGGCTTCAGAGTTAGC,3
mult-TGGCTTCAGATGAATC,3
mult-TGGCTTCAGCCAAGAC,3
mult-TGGCTTCACGGAAGAA,3
mult-TGGCTTCAGTGACAAG,3
mult-TGGCTTCAGAACCAGA,3
mult-TGGAACAAAACGTGAT,0
mult-TGGAACAAACAAGCTA,0
mult-TGGAACAATTGCTGGA,3
mult-TGGAACAACTGTAGCC,0
mult-TGGAACAAAGTACAAG,0
mult-TGGAACAAAACAACCA,2
mult-TGGAACAAAACCGAGA,0
mult-TGGAACAAAACGCTTA,0
mult-TGGAACAAAAGACGGA,0
mult-TGGAACAAAAGGTACA,0
mult-TGGAACAAACACAGAA,0
mult-TGGAACAAACAGCAGA,0
mult-TGGAACAAAAACATCG,0
mult-TGGAACAAACCTCCAA,0
mult-TGGAACAAACGCTCGA,0
mult-TGGAACAAACGTATCA,0
mult-TGGAACAAACTATGCA,0
mult-TGGAACAAAGAGTCAA,0
mult-TGGAACAAAGATCGCA,3
mult-TGGAACAAAGCAGGAA,3
mult-TGGAACAAAGTCACTA,1
mult-TGGAACAAATCCTGTA,1
mult-TGGAACAAATTGAGGA,1
mult-TGGAACAAATGCCTAA,0
mult-TGGAACAACAACCACA,1
mult-TGGAACAAGACTAGTA,1
mult-TGGAACAACAATGGAA,7
mult-TGGAACAACACTTCGA,1
mult-TGGAACAACAGCGTTA,1
mult-TGGAACAACATACCAA,1
mult-TGGAACAACCAGTTCA,1
mult-TGGAACAACCGAAGTA,1
mult-TGGAACAACCGTGAGA,1
mult-TGGAACAACCTCCTGA,1
mult-TGGAACAAAGTGGTCA,0
mult-TGGAACAACGAACTTA,1
mult-TGGAACAACGACTGGA,1
mult-TGGAACAACGCATACA,1
mult-TGGAACAACTCAATGA,1
mult-TGGAACAACTGAGCCA,1
mult-TGGAACAACTGGCATA,1
mult-TGGAACAAGAATCTGA,1
mult-TGGAACAACAAGACTA,1
mult-TGGAACAAGAGCTGAA,1
mult-TGGAACAAGATAGACA,1
mult-TGGAACAAACCACTGT,0
mult-TGGAACAAGCCACATA,1
mult-TGGAACAAGCGAGTAA,1
mult-TGGAACAAGCTAACGA,1
mult-TGGAACAAGCTCGGTA,3
mult-TGGAACAAGGAGAACA,1
mult-TGGAACAAGGTGCGAA,3
mult-TGGAACAAGTACGCAA,1
mult-TGGAACAAGTCGTAGA,1
mult-TGGAACAAGTCTGTCA,1
mult-TGGAACAAGTGTTCTA,1
mult-TGGAACAAACATTGGC,0
mult-TGGAACAATAGGATGA,1
mult-TGGAACAATATCAGCA,1
mult-TGGAACAATCCGTCTA,1
mult-TGGAACAATCTTCACA,1
mult-TGGAACAATGAAGAGA,1
mult-TGGAACAATGGAACAA,1
mult-TGGAACAATGGCTTCA,1
mult-TGGAACAATGGTGGTA,1
mult-TGGAACAATTCACGCA,1
mult-TGGAACAAAACTCACC,1
mult-TGGAACAACAGATCTG,0
mult-TGGAACAAAAGAGATC,1
mult-TGGAACAAAAGGACAC,1
mult-TGGAACAAAATCCGTC,5
mult-TGGAACAAAATGTTGC,5
mult-TGGAACAAACACGACC,5
mult-TGGAACAAACAGATTC,5
mult-TGGAACAAAGATGTAC,5
mult-TGGAACAAAGCACCTC,5
mult-TGGAACAAAGCCATGC,5
mult-TGGAACAAAGGCTAAC,3
mult-TGGAACAACATCAAGT,0
mult-TGGAACAAATAGCGAC,3
mult-TGGAACAAATCATTCC,3
mult-TGGAACAAATTGGCTC,3
mult-TGGAACAACAAGGAGC,3
mult-TGGAACAACACCTTAC,3
mult-TGGAACAACCATCCTC,3
mult-TGGAACAACCGACAAC,3
mult-TGGAACAACCTAATCC,3
mult-TGGAACAACCTCTATC,3
mult-TGGAACAACGACACAC,3
mult-TGGAACAACGCTGATC,0
mult-TGGAACAACGGATTGC,3
mult-TGGAACAACTAAGGTC,3
mult-TGGAACAAGAACAGGC,3
mult-TGGAACAAGACAGTGC,3
mult-TGGAACAAGAGTTAGC,3
mult-TGGAACAAGATGAATC,3
mult-TGGAACAAGCCAAGAC,3
mult-TGGAACAACGGAAGAA,3
mult-TGGAACAAGTGACAAG,3
mult-TGGAACAAGAACCAGA,3
mult-TGAAGAGAAACGTGAT,0
mult-TGAAGAGAACAAGCTA,0
mult-TGAAGAGATTGCTGGA,3
mult-TGAAGAGACTGTAGCC,0
mult-TGAAGAGAAGTACAAG,0
mult-TGAAGAGAAACAACCA,0
mult-TGAAGAGAAACCGAGA,0
mult-TGAAGAGAAACGCTTA,0
mult-TGAAGAGAAAGACGGA,0
mult-TGAAGAGAAAGGTACA,0
mult-TGAAGAGAACACAGAA,0
mult-TGAAGAGAACAGCAGA,0
mult-TGAAGAGAAAACATCG,0
mult-TGAAGAGAACCTCCAA,0
mult-TGAAGAGAACGCTCGA,0
mult-TGAAGAGAACGTATCA,0
mult-TGAAGAGAACTATGCA,0
mult-TGAAGAGAAGAGTCAA,3
mult-TGAAGAGAAGATCGCA,3
mult-TGAAGAGAAGCAGGAA,3
mult-TGAAGAGAAGTCACTA,1
mult-TGAAGAGAATCCTGTA,1
mult-TGAAGAGAATTGAGGA,1
mult-TGAAGAGAATGCCTAA,0
mult-TGAAGAGACAACCACA,1
mult-TGAAGAGAGACTAGTA,1
mult-TGAAGAGACAATGGAA,1
mult-TGAAGAGACACTTCGA,1
mult-TGAAGAGACAGCGTTA,1
mult-TGAAGAGACATACCAA,1
mult-TGAAGAGACCAGTTCA,1
mult-TGAAGAGACCGAAGTA,1
mult-TGAAGAGACCGTGAGA,1
mult-TGAAGAGACCTCCTGA,1
mult-TGAAGAGAAGTGGTCA,0
mult-TGAAGAGACGAACTTA,1
mult-TGAAGAGACGACTGGA,1
mult-TGAAGAGACGCATACA,1
mult-TGAAGAGACTCAATGA,1
mult-TGAAGAGACTGAGCCA,1
mult-TGAAGAGACTGGCATA,1
mult-TGAAGAGAGAATCTGA,1
mult-TGAAGAGACAAGACTA,1
mult-TGAAGAGAGAGCTGAA,1
mult-TGAAGAGAGATAGACA,1
mult-TGAAGAGAACCACTGT,0
mult-TGAAGAGAGCCACATA,1
mult-TGAAGAGAGCGAGTAA,1
mult-TGAAGAGAGCTAACGA,1
mult-TGAAGAGAGCTCGGTA,1
mult-TGAAGAGAGGAGAACA,1
mult-TGAAGAGAGGTGCGAA,1
mult-TGAAGAGAGTACGCAA,1
mult-TGAAGAGAGTCGTAGA,1
mult-TGAAGAGAGTCTGTCA,1
mult-TGAAGAGAGTGTTCTA,1
mult-TGAAGAGAACATTGGC,0
mult-TGAAGAGATAGGATGA,1
mult-TGAAGAGATATCAGCA,1
mult-TGAAGAGATCCGTCTA,1
mult-TGAAGAGATCTTCACA,1
mult-TGAAGAGATGAAGAGA,3
mult-TGAAGAGATGGAACAA,1
mult-TGAAGAGATGGCTTCA,3
mult-TGAAGAGATGGTGGTA,3
mult-TGAAGAGATTCACGCA,1
mult-TGAAGAGAAACTCACC,1
mult-TGAAGAGACAGATCTG,0
mult-TGAAGAGAAAGAGATC,1
mult-TGAAGAGAAAGGACAC,1
mult-TGAAGAGAAATCCGTC,5
mult-TGAAGAGAAATGTTGC,5
mult-TGAAGAGAACACGACC,5
mult-TGAAGAGAACAGATTC,5
mult-TGAAGAGAAGATGTAC,5
mult-TGAAGAGAAGCACCTC,5
mult-TGAAGAGAAGCCATGC,2
mult-TGAAGAGAAGGCTAAC,4
mult-TGAAGAGACATCAAGT,0
mult-TGAAGAGAATAGCGAC,3
mult-TGAAGAGAATCATTCC,3
mult-TGAAGAGAATTGGCTC,3
mult-TGAAGAGACAAGGAGC,3
mult-TGAAGAGACACCTTAC,3
mult-TGAAGAGACCATCCTC,3
mult-TGAAGAGACCGACAAC,3
mult-TGAAGAGACCTAATCC,3
mult-TGAAGAGACCTCTATC,3
mult-TGAAGAGACGACACAC,3
mult-TGAAGAGACGCTGATC,0
mult-TGAAGAGACGGATTGC,3
mult-TGAAGAGACTAAGGTC,3
mult-TGAAGAGAGAACAGGC,3
mult-TGAAGAGAGACAGTGC,3
mult-TGAAGAGAGAGTTAGC,3
mult-TGAAGAGAGATGAATC,3
mult-TGAAGAGAGCCAAGAC,3
mult-TGAAGAGACGGAAGAA,3
mult-TGAAGAGAGTGACAAG,3
mult-TGAAGAGAGAACCAGA,3
mult-TCTTCACAAACGTGAT,0
mult-TCTTCACAACAAGCTA,0
mult-TCTTCACATTGCTGGA,3
mult-TCTTCACACTGTAGCC,0
mult-TCTTCACAAGTACAAG,0
mult-TCTTCACAAACAACCA,0
mult-TCTTCACAAACCGAGA,0
mult-TCTTCACAAACGCTTA,0
mult-TCTTCACAAAGACGGA,0
mult-TCTTCACAAAGGTACA,0
mult-TCTTCACAACACAGAA,0
mult-TCTTCACAACAGCAGA,0
mult-TCTTCACAAAACATCG,0
mult-TCTTCACAACCTCCAA,0
mult-TCTTCACAACGCTCGA,0
mult-TCTTCACAACGTATCA,0
mult-TCTTCACAACTATGCA,0
mult-TCTTCACAAGAGTCAA,3
mult-TCTTCACAAGATCGCA,3
mult-TCTTCACAAGCAGGAA,1
mult-TCTTCACAAGTCACTA,1
mult-TCTTCACAATCCTGTA,1
mult-TCTTCACAATTGAGGA,1
mult-TCTTCACAATGCCTAA,0
mult-TCTTCACACAACCACA,1
mult-TCTTCACAGACTAGTA,1
mult-TCTTCACACAATGGAA,1
mult-TCTTCACACACTTCGA,1
mult-TCTTCACACAGCGTTA,1
mult-TCTTCACACATACCAA,1
mult-TCTTCACACCAGTTCA,1
mult-TCTTCACACCGAAGTA,1
mult-TCTTCACACCGTGAGA,1
mult-TCTTCACACCTCCTGA,1
mult-TCTTCACAAGTGGTCA,0
mult-TCTTCACACGAACTTA,1
mult-TCTTCACACGACTGGA,1
mult-TCTTCACACGCATACA,1
mult-TCTTCACACTCAATGA,1
mult-TCTTCACACTGAGCCA,1
mult-TCTTCACACTGGCATA,1
mult-TCTTCACAGAATCTGA,1
mult-TCTTCACACAAGACTA,1
mult-TCTTCACAGAGCTGAA,1
mult-TCTTCACAGATAGACA,1
mult-TCTTCACAACCACTGT,0
mult-TCTTCACAGCCACATA,1
mult-TCTTCACAGCGAGTAA,1
mult-TCTTCACAGCTAACGA,1
mult-TCTTCACAGCTCGGTA,1
mult-TCTTCACAGGAGAACA,1
mult-TCTTCACAGGTGCGAA,1
mult-TCTTCACAGTACGCAA,1
mult-TCTTCACAGTCGTAGA,1
mult-TCTTCACAGTCTGTCA,1
mult-TCTTCACAGTGTTCTA,1
mult-TCTTCACAACATTGGC,0
mult-TCTTCACATAGGATGA,1
mult-TCTTCACATATCAGCA,3
mult-TCTTCACATCCGTCTA,3
mult-TCTTCACATCTTCACA,1
mult-TCTTCACATGAAGAGA,1
mult-TCTTCACATGGAACAA,1
mult-TCTTCACATGGCTTCA,3
mult-TCTTCACATGGTGGTA,3
mult-TCTTCACATTCACGCA,1
mult-TCTTCACAAACTCACC,1
mult-TCTTCACACAGATCTG,7
mult-TCTTCACAAAGAGATC,1
mult-TCTTCACAAAGGACAC,1
mult-TCTTCACAAATCCGTC,5
mult-TCTTCACAAATGTTGC,5
mult-TCTTCACAACACGACC,5
mult-TCTTCACAACAGATTC,5
mult-TCTTCACAAGATGTAC,5
mult-TCTTCACAAGCACCTC,5
mult-TCTTCACAAGCCATGC,2
mult-TCTTCACAAGGCTAAC,2
mult-TCTTCACACATCAAGT,0
mult-TCTTCACAATAGCGAC,4
mult-TCTTCACAATCATTCC,3
mult-TCTTCACAATTGGCTC,3
mult-TCTTCACACAAGGAGC,3
mult-TCTTCACACACCTTAC,3
mult-TCTTCACACCATCCTC,3
mult-TCTTCACACCGACAAC,3
mult-TCTTCACACCTAATCC,3
mult-TCTTCACACCTCTATC,3
mult-TCTTCACACGACACAC,3
mult-TCTTCACACGCTGATC,0
mult-TCTTCACACGGATTGC,3
mult-TCTTCACACTAAGGTC,3
mult-TCTTCACAGAACAGGC,3
mult-TCTTCACAGACAGTGC,3
mult-TCTTCACAGAGTTAGC,3
mult-TCTTCACAGATGAATC,3
mult-TCTTCACAGCCAAGAC,3
mult-TCTTCACACGGAAGAA,3
mult-TCTTCACAGTGACAAG,3
mult-TCTTCACAGAACCAGA,3
mult-TCCGTCTAAACGTGAT,0
mult-TCCGTCTAACAAGCTA,0
mult-TCCGTCTATTGCTGGA,3
mult-TCCGTCTACTGTAGCC,0
mult-TCCGTCTAAGTACAAG,0
mult-TCCGTCTAAACAACCA,0
mult-TCCGTCTAAACCGAGA,0
mult-TCCGTCTAAACGCTTA,0
mult-TCCGTCTAAAGACGGA,0
mult-TCCGTCTAAAGGTACA,0
mult-TCCGTCTAACACAGAA,0
mult-TCCGTCTAACAGCAGA,0
mult-TCCGTCTAAAACATCG,0
mult-TCCGTCTAACCTCCAA,0
mult-TCCGTCTAACGCTCGA,0
mult-TCCGTCTAACGTATCA,0
mult-TCCGTCTAACTATGCA,0
mult-TCCGTCTAAGAGTCAA,3
mult-TCCGTCTAAGATCGCA,3
mult-TCCGTCTAAGCAGGAA,1
mult-TCCGTCTAAGTCACTA,1
mult-TCCGTCTAATCCTGTA,1
mult-TCCGTCTAATTGAGGA,1
mult-TCCGTCTAATGCCTAA,0
mult-TCCGTCTACAACCACA,1
mult-TCCGTCTAGACTAGTA,1
mult-TCCGTCTACAATGGAA,4
mult-TCCGTCTACACTTCGA,1
mult-TCCGTCTACAGCGTTA,1
mult-TCCGTCTACATACCAA,1
mult-TCCGTCTACCAGTTCA,1
mult-TCCGTCTACCGAAGTA,1
mult-TCCGTCTACCGTGAGA,1
mult-TCCGTCTACCTCCTGA,1
mult-TCCGTCTAAGTGGTCA,0
mult-TCCGTCTACGAACTTA,1
mult-TCCGTCTACGACTGGA,1
mult-TCCGTCTACGCATACA,1
mult-TCCGTCTACTCAATGA,1
mult-TCCGTCTACTGAGCCA,1
mult-TCCGTCTACTGGCATA,1
mult-TCCGTCTAGAATCTGA,1
mult-TCCGTCTACAAGACTA,1
mult-TCCGTCTAGAGCTGAA,1
mult-TCCGTCTAGATAGACA,1
mult-TCCGTCTAACCACTGT,0
mult-TCCGTCTAGCCACATA,1
mult-TCCGTCTAGCGAGTAA,1
mult-TCCGTCTAGCTAACGA,1
mult-TCCGTCTAGCTCGGTA,1
mult-TCCGTCTAGGAGAACA,1
mult-TCCGTCTAGGTGCGAA,1
mult-TCCGTCTAGTACGCAA,1
mult-TCCGTCTAGTCGTAGA,1
mult-TCCGTCTAGTCTGTCA,1
mult-TCCGTCTAGTGTTCTA,1
mult-TCCGTCTAACATTGGC,0
mult-TCCGTCTATAGGATGA,1
mult-TCCGTCTATATCAGCA,3
mult-TCCGTCTATCCGTCTA,3
mult-TCCGTCTATCTTCACA,1
mult-TCCGTCTATGAAGAGA,1
mult-TCCGTCTATGGAACAA,1
mult-TCCGTCTATGGCTTCA,1
mult-TCCGTCTATGGTGGTA,1
mult-TCCGTCTATTCACGCA,1
mult-TCCGTCTAAACTCACC,1
mult-TCCGTCTACAGATCTG,0
mult-TCCGTCTAAAGAGATC,1
mult-TCCGTCTAAAGGACAC,5
mult-TCCGTCTAAATCCGTC,5
mult-TCCGTCTAAATGTTGC,5
mult-TCCGTCTAACACGACC,5
mult-TCCGTCTAACAGATTC,5
mult-TCCGTCTAAGATGTAC,1
mult-TCCGTCTAAGCACCTC,2
mult-TCCGTCTAAGCCATGC,2
mult-TCCGTCTAAGGCTAAC,2
mult-TCCGTCTACATCAAGT,0
mult-TCCGTCTAATAGCGAC,2
mult-TCCGTCTAATCATTCC,3
mult-TCCGTCTAATTGGCTC,3
mult-TCCGTCTACAAGGAGC,3
mult-TCCGTCTACACCTTAC,3
mult-TCCGTCTACCATCCTC,3
mult-TCCGTCTACCGACAAC,3
mult-TCCGTCTACCTAATCC,3
mult-TCCGTCTACCTCTATC,3
mult-TCCGTCTACGACACAC,3
mult-TCCGTCTACGCTGATC,0
mult-TCCGTCTACGGATTGC,3
mult-TCCGTCTACTAAGGTC,3
mult-TCCGTCTAGAACAGGC,3
mult-TCCGTCTAGACAGTGC,3
mult-TCCGTCTAGAGTTAGC,3
mult-TCCGTCTAGATGAATC,3
mult-TCCGTCTAGCCAAGAC,3
mult-TCCGTCTACGGAAGAA,3
mult-TCCGTCTAGTGACAAG,3
mult-TCCGTCTAGAACCAGA,3
mult-GTGACAAGAACGTGAT,0
mult-GTGACAAGACAAGCTA,0
mult-GTGACAAGTTGCTGGA,0
mult-GTGACAAGCTGTAGCC,0
mult-GTGACAAGAGTACAAG,0
mult-GTGACAAGAACAACCA,0
mult-GTGACAAGAACCGAGA,0
mult-GTGACAAGAACGCTTA,0
mult-GTGACAAGAAGACGGA,0
mult-GTGACAAGAAGGTACA,0
mult-GTGACAAGACACAGAA,0
mult-GTGACAAGACAGCAGA,0
mult-GTGACAAGAAACATCG,0
mult-GTGACAAGACCTCCAA,0
mult-GTGACAAGACGCTCGA,0
mult-GTGACAAGACGTATCA,0
mult-GTGACAAGACTATGCA,0
mult-GTGACAAGAGAGTCAA,0
mult-GTGACAAGAGATCGCA,0
mult-GTGACAAGAGCAGGAA,0
mult-GTGACAAGAGTCACTA,0
mult-GTGACAAGATCCTGTA,0
mult-GTGACAAGATTGAGGA,0
mult-GTGACAAGATGCCTAA,0
mult-GTGACAAGCAACCACA,0
mult-GTGACAAGGACTAGTA,0
mult-GTGACAAGCAATGGAA,0
mult-GTGACAAGCACTTCGA,0
mult-GTGACAAGCAGCGTTA,0
mult-GTGACAAGCATACCAA,0
mult-GTGACAAGCCAGTTCA,0
mult-GTGACAAGCCGAAGTA,0
mult-GTGACAAGCCGTGAGA,0
mult-GTGACAAGCCTCCTGA,0
mult-GTGACAAGAGTGGTCA,0
mult-GTGACAAGCGAACTTA,0
mult-GTGACAAGCGACTGGA,0
mult-GTGACAAGCGCATACA,0
mult-GTGACAAGCTCAATGA,0
mult-GTGACAAGCTGAGCCA,0
mult-GTGACAAGCTGGCATA,0
mult-GTGACAAGGAATCTGA,0
mult-GTGACAAGCAAGACTA,0
mult-GTGACAAGGAGCTGAA,0
mult-GTGACAAGGATAGACA,0
mult-GTGACAAGACCACTGT,0
mult-GTGACAAGGCCACATA,0
mult-GTGACAAGGCGAGTAA,0
mult-GTGACAAGGCTAACGA,0
mult-GTGACAAGGCTCGGTA,0
mult-GTGACAAGGGAGAACA,0
mult-GTGACAAGGGTGCGAA,0
mult-GTGACAAGGTACGCAA,0
mult-GTGACAAGGTCGTAGA,0
mult-GTGACAAGGTCTGTCA,0
mult-GTGACAAGGTGTTCTA,0
mult-GTGACAAGACATTGGC,0
mult-GTGACAAGTAGGATGA,0
mult-GTGACAAGTATCAGCA,0
mult-GTGACAAGTCCGTCTA,0
mult-GTGACAAGTCTTCACA,0
mult-GTGACAAGTGAAGAGA,0
mult-GTGACAAGTGGAACAA,0
mult-GTGACAAGTGGCTTCA,0
mult-GTGACAAGTGGTGGTA,0
mult-GTGACAAGTTCACGCA,0
mult-GTGACAAGAACTCACC,0
mult-GTGACAAGCAGATCTG,0
mult-GTGACAAGAAGAGATC,0
mult-GTGACAAGAAGGACAC,0
mult-GTGACAAGAATCCGTC,0
mult-GTGACAAGAATGTTGC,0
mult-GTGACAAGACACGACC,0
mult-GTGACAAGACAGATTC,0
mult-GTGACAAGAGATGTAC,0
mult-GTGACAAGAGCACCTC,0
mult-GTGACAAGAGCCATGC,0
mult-GTGACAAGAGGCTAAC,0
mult-GTGACAAGCATCAAGT,0
mult-GTGACAAGATAGCGAC,0
mult-GTGACAAGATCATTCC,0
mult-GTGACAAGATTGGCTC,0
mult-GTGACAAGCAAGGAGC,0
mult-GTGACAAGCACCTTAC,0
mult-GTGACAAGCCATCCTC,4
mult-GTGACAAGCCGACAAC,0
mult-GTGACAAGCCTAATCC,0
mult-GTGACAAGCCTCTATC,0
mult-GTGACAAGCGACACAC,2
mult-GTGACAAGCGCTGATC,0
mult-GTGACAAGCGGATTGC,2
mult-GTGACAAGCTAAGGTC,2
mult-GTGACAAGGAACAGGC,2
mult-GTGACAAGGACAGTGC,2
mult-GTGACAAGGAGTTAGC,2
mult-GTGACAAGGATGAATC,2
mult-GTGACAAGGCCAAGAC,0
mult-GTGACAAGCGGAAGAA,0
mult-GTGACAAGGTGACAAG,0
mult-GTGACAAGGAACCAGA,0
mult-TATCAGCAAACGTGAT,0
mult-TATCAGCAACAAGCTA,0
mult-TATCAGCATTGCTGGA,3
mult-TATCAGCACTGTAGCC,0
mult-TATCAGCAAGTACAAG,0
mult-TATCAGCAAACAACCA,0
mult-TATCAGCAAACCGAGA,0
mult-TATCAGCAAACGCTTA,0
mult-TATCAGCAAAGACGGA,0
mult-TATCAGCAAAGGTACA,0
mult-TATCAGCAACACAGAA,0
mult-TATCAGCAACAGCAGA,0
mult-TATCAGCAAAACATCG,0
mult-TATCAGCAACCTCCAA,0
mult-TATCAGCAACGCTCGA,0
mult-TATCAGCAACGTATCA,0
mult-TATCAGCAACTATGCA,3
mult-TATCAGCAAGAGTCAA,3
mult-TATCAGCAAGATCGCA,7
mult-TATCAGCAAGCAGGAA,1
mult-TATCAGCAAGTCACTA,1
mult-TATCAGCAATCCTGTA,1
mult-TATCAGCAATTGAGGA,1
mult-TATCAGCAATGCCTAA,0
mult-TATCAGCACAACCACA,1
mult-TATCAGCAGACTAGTA,1
mult-TATCAGCACAATGGAA,1
mult-TATCAGCACACTTCGA,1
mult-TATCAGCACAGCGTTA,1
mult-TATCAGCACATACCAA,1
mult-TATCAGCACCAGTTCA,1
mult-TATCAGCACCGAAGTA,1
mult-TATCAGCACCGTGAGA,1
mult-TATCAGCACCTCCTGA,1
mult-TATCAGCAAGTGGTCA,4
mult-TATCAGCACGAACTTA,1
mult-TATCAGCACGACTGGA,1
mult-TATCAGCACGCATACA,1
mult-TATCAGCACTCAATGA,1
mult-TATCAGCACTGAGCCA,1
mult-TATCAGCACTGGCATA,1
mult-TATCAGCAGAATCTGA,1
mult-TATCAGCACAAGACTA,1
mult-TATCAGCAGAGCTGAA,1
mult-TATCAGCAGATAGACA,1
mult-TATCAGCAACCACTGT,0
mult-TATCAGCAGCCACATA,1
mult-TATCAGCAGCGAGTAA,1
mult-TATCAGCAGCTAACGA,4
mult-TATCAGCAGCTCGGTA,1
mult-TATCAGCAGGAGAACA,1
mult-TATCAGCAGGTGCGAA,1
mult-TATCAGCAGTACGCAA,3
mult-TATCAGCAGTCGTAGA,3
mult-TATCAGCAGTCTGTCA,1
mult-TATCAGCAGTGTTCTA,3
mult-TATCAGCAACATTGGC,0
mult-TATCAGCATAGGATGA,1
mult-TATCAGCATATCAGCA,3
mult-TATCAGCATCCGTCTA,8
mult-TATCAGCATCTTCACA,3
mult-TATCAGCATGAAGAGA,1
mult-TATCAGCATGGAACAA,1
mult-TATCAGCATGGCTTCA,1
mult-TATCAGCATGGTGGTA,1
mult-TATCAGCATTCACGCA,1
mult-TATCAGCAAACTCACC,1
mult-TATCAGCACAGATCTG,0
mult-TATCAGCAAAGAGATC,1
mult-TATCAGCAAAGGACAC,5
mult-TATCAGCAAATCCGTC,5
mult-TATCAGCAAATGTTGC,5
mult-TATCAGCAACACGACC,5
mult-TATCAGCAACAGATTC,5
mult-TATCAGCAAGATGTAC,2
mult-TATCAGCAAGCACCTC,2
mult-TATCAGCAAGCCATGC,2
mult-TATCAGCAAGGCTAAC,2
mult-TATCAGCACATCAAGT,0
mult-TATCAGCAATAGCGAC,2
mult-TATCAGCAATCATTCC,2
mult-TATCAGCAATTGGCTC,3
mult-TATCAGCACAAGGAGC,3
mult-TATCAGCACACCTTAC,3
mult-TATCAGCACCATCCTC,3
mult-TATCAGCACCGACAAC,3
mult-TATCAGCACCTAATCC,3
mult-TATCAGCACCTCTATC,3
mult-TATCAGCACGACACAC,3
mult-TATCAGCACGCTGATC,0
mult-TATCAGCACGGATTGC,3
mult-TATCAGCACTAAGGTC,3
mult-TATCAGCAGAACAGGC,3
mult-TATCAGCAGACAGTGC,3
mult-TATCAGCAGAGTTAGC,3
mult-TATCAGCAGATGAATC,3
mult-TATCAGCAGCCAAGAC,3
mult-TATCAGCACGGAAGAA,3
mult-TATCAGCAGTGACAAG,3
mult-TATCAGCAGAACCAGA,3
mult-TAGGATGAAACGTGAT,0
mult-TAGGATGAACAAGCTA,0
mult-TAGGATGATTGCTGGA,3
mult-TAGGATGACTGTAGCC,0
mult-TAGGATGAAGTACAAG,0
mult-TAGGATGAAACAACCA,0
mult-TAGGATGAAACCGAGA,0
mult-TAGGATGAAACGCTTA,0
mult-TAGGATGAAAGACGGA,0
mult-TAGGATGAAAGGTACA,0
mult-TAGGATGAACACAGAA,0
mult-TAGGATGAACAGCAGA,0
mult-TAGGATGAAAACATCG,0
mult-TAGGATGAACCTCCAA,0
mult-TAGGATGAACGCTCGA,0
mult-TAGGATGAACGTATCA,0
mult-TAGGATGAACTATGCA,3
mult-TAGGATGAAGAGTCAA,3
mult-TAGGATGAAGATCGCA,3
mult-TAGGATGAAGCAGGAA,1
mult-TAGGATGAAGTCACTA,1
mult-TAGGATGAATCCTGTA,1
mult-TAGGATGAATTGAGGA,1
mult-TAGGATGAATGCCTAA,0
mult-TAGGATGACAACCACA,1
mult-TAGGATGAGACTAGTA,1
mult-TAGGATGACAATGGAA,1
mult-TAGGATGACACTTCGA,1
mult-TAGGATGACAGCGTTA,1
mult-TAGGATGACATACCAA,1
mult-TAGGATGACCAGTTCA,1
mult-TAGGATGACCGAAGTA,1
mult-TAGGATGACCGTGAGA,1
mult-TAGGATGACCTCCTGA,1
mult-TAGGATGAAGTGGTCA,0
mult-TAGGATGACGAACTTA,1
mult-TAGGATGACGACTGGA,1
mult-TAGGATGACGCATACA,1
mult-TAGGATGACTCAATGA,1
mult-TAGGATGACTGAGCCA,1
mult-TAGGATGACTGGCATA,1
mult-TAGGATGAGAATCTGA,1
mult-TAGGATGACAAGACTA,1
mult-TAGGATGAGAGCTGAA,1
mult-TAGGATGAGATAGACA,1
mult-TAGGATGAACCACTGT,0
mult-TAGGATGAGCCACATA,1
mult-TAGGATGAGCGAGTAA,1
mult-TAGGATGAGCTAACGA,1
mult-TAGGATGAGCTCGGTA,1
mult-TAGGATGAGGAGAACA,1
mult-TAGGATGAGGTGCGAA,1
mult-TAGGATGAGTACGCAA,3
mult-TAGGATGAGTCGTAGA,3
mult-TAGGATGAGTCTGTCA,3
mult-TAGGATGAGTGTTCTA,1
mult-TAGGATGAACATTGGC,0
mult-TAGGATGATAGGATGA,1
mult-TAGGATGATATCAGCA,1
mult-TAGGATGATCCGTCTA,1
mult-TAGGATGATCTTCACA,1
mult-TAGGATGATGAAGAGA,1
mult-TAGGATGATGGAACAA,1
mult-TAGGATGATGGCTTCA,1
mult-TAGGATGATGGTGGTA,1
mult-TAGGATGATTCACGCA,1
mult-TAGGATGAAACTCACC,1
mult-TAGGATGACAGATCTG,0
mult-TAGGATGAAAGAGATC,4
mult-TAGGATGAAAGGACAC,5
mult-TAGGATGAAATCCGTC,5
mult-TAGGATGAAATGTTGC,5
mult-TAGGATGAACACGACC,5
mult-TAGGATGAACAGATTC,2
mult-TAGGATGAAGATGTAC,2
mult-TAGGATGAAGCACCTC,2
mult-TAGGATGAAGCCATGC,2
mult-TAGGATGAAGGCTAAC,2
mult-TAGGATGACATCAAGT,0
mult-TAGGATGAATAGCGAC,2
mult-TAGGATGAATCATTCC,2
mult-TAGGATGAATTGGCTC,3
mult-TAGGATGACAAGGAGC,3
mult-TAGGATGACACCTTAC,3
mult-TAGGATGACCATCCTC,3
mult-TAGGATGACCGACAAC,3
mult-TAGGATGACCTAATCC,3
mult-TAGGATGACCTCTATC,3
mult-TAGGATGACGACACAC,3
mult-TAGGATGACGCTGATC,0
mult-TAGGATGACGGATTGC,3
mult-TAGGATGACTAAGGTC,3
mult-TAGGATGAGAACAGGC,3
mult-TAGGATGAGACAGTGC,3
mult-TAGGATGAGAGTTAGC,3
mult-TAGGATGAGATGAATC,3
mult-TAGGATGAGCCAAGAC,3
mult-TAGGATGACGGAAGAA,3
mult-TAGGATGAGTGACAAG,3
mult-TAGGATGAGAACCAGA,3
mult-GTGTTCTAAACGTGAT,0
mult-GTGTTCTAACAAGCTA,0
mult-GTGTTCTATTGCTGGA,3
mult-GTGTTCTACTGTAGCC,0
mult-GTGTTCTAAGTACAAG,0
mult-GTGTTCTAAACAACCA,0
mult-GTGTTCTAAACCGAGA,0
mult-GTGTTCTAAACGCTTA,0
mult-GTGTTCTAAAGACGGA,0
mult-GTGTTCTAAAGGTACA,0
mult-GTGTTCTAACACAGAA,0
mult-GTGTTCTAACAGCAGA,0
mult-GTGTTCTAAAACATCG,0
mult-GTGTTCTAACCTCCAA,0
mult-GTGTTCTAACGCTCGA,0
mult-GTGTTCTAACGTATCA,0
mult-GTGTTCTAACTATGCA,3
mult-GTGTTCTAAGAGTCAA,3
mult-GTGTTCTAAGATCGCA,1
mult-GTGTTCTAAGCAGGAA,1
mult-GTGTTCTAAGTCACTA,1
mult-GTGTTCTAATCCTGTA,1
mult-GTGTTCTAATTGAGGA,1
mult-GTGTTCTAATGCCTAA,0
mult-GTGTTCTACAACCACA,1
mult-GTGTTCTAGACTAGTA,1
mult-GTGTTCTACAATGGAA,1
mult-GTGTTCTACACTTCGA,1
mult-GTGTTCTACAGCGTTA,1
mult-GTGTTCTACATACCAA,1
mult-GTGTTCTACCAGTTCA,1
mult-GTGTTCTACCGAAGTA,1
mult-GTGTTCTACCGTGAGA,1
mult-GTGTTCTACCTCCTGA,1
mult-GTGTTCTAAGTGGTCA,0
mult-GTGTTCTACGAACTTA,1
mult-GTGTTCTACGACTGGA,1
mult-GTGTTCTACGCATACA,11
mult-GTGTTCTACTCAATGA,1
mult-GTGTTCTACTGAGCCA,1
mult-GTGTTCTACTGGCATA,1
mult-GTGTTCTAGAATCTGA,1
mult-GTGTTCTACAAGACTA,1
mult-GTGTTCTAGAGCTGAA,1
mult-GTGTTCTAGATAGACA,1
mult-GTGTTCTAACCACTGT,0
mult-GTGTTCTAGCCACATA,1
mult-GTGTTCTAGCGAGTAA,1
mult-GTGTTCTAGCTAACGA,1
mult-GTGTTCTAGCTCGGTA,1
mult-GTGTTCTAGGAGAACA,1
mult-GTGTTCTAGGTGCGAA,1
mult-GTGTTCTAGTACGCAA,1
mult-GTGTTCTAGTCGTAGA,1
mult-GTGTTCTAGTCTGTCA,1
mult-GTGTTCTAGTGTTCTA,1
mult-GTGTTCTAACATTGGC,0
mult-GTGTTCTATAGGATGA,1
mult-GTGTTCTATATCAGCA,1
mult-GTGTTCTATCCGTCTA,1
mult-GTGTTCTATCTTCACA,1
mult-GTGTTCTATGAAGAGA,1
mult-GTGTTCTATGGAACAA,1
mult-GTGTTCTATGGCTTCA,1
mult-GTGTTCTATGGTGGTA,1
mult-GTGTTCTATTCACGCA,1
mult-GTGTTCTAAACTCACC,1
mult-GTGTTCTACAGATCTG,0
mult-GTGTTCTAAAGAGATC,5
mult-GTGTTCTAAAGGACAC,5
mult-GTGTTCTAAATCCGTC,5
mult-GTGTTCTAAATGTTGC,5
mult-GTGTTCTAACACGACC,5
mult-GTGTTCTAACAGATTC,4
mult-GTGTTCTAAGATGTAC,2
mult-GTGTTCTAAGCACCTC,2
mult-GTGTTCTAAGCCATGC,2
mult-GTGTTCTAAGGCTAAC,2
mult-GTGTTCTACATCAAGT,0
mult-GTGTTCTAATAGCGAC,1
mult-GTGTTCTAATCATTCC,2
mult-GTGTTCTAATTGGCTC,4
mult-GTGTTCTACAAGGAGC,3
mult-GTGTTCTACACCTTAC,3
mult-GTGTTCTACCATCCTC,3
mult-GTGTTCTACCGACAAC,3
mult-GTGTTCTACCTAATCC,3
mult-GTGTTCTACCTCTATC,3
mult-GTGTTCTACGACACAC,3
mult-GTGTTCTACGCTGATC,0
mult-GTGTTCTACGGATTGC,3
mult-GTGTTCTACTAAGGTC,3
mult-GTGTTCTAGAACAGGC,3
mult-GTGTTCTAGACAGTGC,3
mult-GTGTTCTAGAGTTAGC,3
mult-GTGTTCTAGATGAATC,3
mult-GTGTTCTAGCCAAGAC,3
mult-GTGTTCTACGGAAGAA,3
mult-GTGTTCTAGTGACAAG,3
mult-GTGTTCTAGAACCAGA,3
mult-GTCTGTCAAACGTGAT,0
mult-GTCTGTCAACAAGCTA,0
mult-GTCTGTCATTGCTGGA,3
mult-GTCTGTCACTGTAGCC,0
mult-GTCTGTCAAGTACAAG,0
mult-GTCTGTCAAACAACCA,0
mult-GTCTGTCAAACCGAGA,0
mult-GTCTGTCAAACGCTTA,0
mult-GTCTGTCAAAGACGGA,0
mult-GTCTGTCAAAGGTACA,0
mult-GTCTGTCAACACAGAA,0
mult-GTCTGTCAACAGCAGA,0
mult-GTCTGTCAAAACATCG,0
mult-GTCTGTCAACCTCCAA,0
mult-GTCTGTCAACGCTCGA,0
mult-GTCTGTCAACGTATCA,0
mult-GTCTGTCAACTATGCA,3
mult-GTCTGTCAAGAGTCAA,3
mult-GTCTGTCAAGATCGCA,3
mult-GTCTGTCAAGCAGGAA,1
mult-GTCTGTCAAGTCACTA,1
mult-GTCTGTCAATCCTGTA,1
mult-GTCTGTCAATTGAGGA,1
mult-GTCTGTCAATGCCTAA,0
mult-GTCTGTCACAACCACA,1
mult-GTCTGTCAGACTAGTA,1
mult-GTCTGTCACAATGGAA,1
mult-GTCTGTCACACTTCGA,1
mult-GTCTGTCACAGCGTTA,1
mult-GTCTGTCACATACCAA,1
mult-GTCTGTCACCAGTTCA,1
mult-GTCTGTCACCGAAGTA,1
mult-GTCTGTCACCGTGAGA,3
mult-GTCTGTCACCTCCTGA,1
mult-GTCTGTCAAGTGGTCA,0
mult-GTCTGTCACGAACTTA,1
mult-GTCTGTCACGACTGGA,1
mult-GTCTGTCACGCATACA,1
mult-GTCTGTCACTCAATGA,1
mult-GTCTGTCACTGAGCCA,1
mult-GTCTGTCACTGGCATA,1
mult-GTCTGTCAGAATCTGA,1
mult-GTCTGTCACAAGACTA,1
mult-GTCTGTCAGAGCTGAA,1
mult-GTCTGTCAGATAGACA,1
mult-GTCTGTCAACCACTGT,0
mult-GTCTGTCAGCCACATA,1
mult-GTCTGTCAGCGAGTAA,1
mult-GTCTGTCAGCTAACGA,1
mult-GTCTGTCAGCTCGGTA,1
mult-GTCTGTCAGGAGAACA,1
mult-GTCTGTCAGGTGCGAA,1
mult-GTCTGTCAGTACGCAA,1
mult-GTCTGTCAGTCGTAGA,1
mult-GTCTGTCAGTCTGTCA,1
mult-GTCTGTCAGTGTTCTA,1
mult-GTCTGTCAACATTGGC,0
mult-GTCTGTCATAGGATGA,1
mult-GTCTGTCATATCAGCA,1
mult-GTCTGTCATCCGTCTA,1
mult-GTCTGTCATCTTCACA,1
mult-GTCTGTCATGAAGAGA,1
mult-GTCTGTCATGGAACAA,1
mult-GTCTGTCATGGCTTCA,1
mult-GTCTGTCATGGTGGTA,4
mult-GTCTGTCATTCACGCA,1
mult-GTCTGTCAAACTCACC,1
mult-GTCTGTCACAGATCTG,0
mult-GTCTGTCAAAGAGATC,1
mult-GTCTGTCAAAGGACAC,5
mult-GTCTGTCAAATCCGTC,5
mult-GTCTGTCAAATGTTGC,5
mult-GTCTGTCAACACGACC,5
mult-GTCTGTCAACAGATTC,2
mult-GTCTGTCAAGATGTAC,4
mult-GTCTGTCAAGCACCTC,2
mult-GTCTGTCAAGCCATGC,2
mult-GTCTGTCAAGGCTAAC,2
mult-GTCTGTCACATCAAGT,0
mult-GTCTGTCAATAGCGAC,2
mult-GTCTGTCAATCATTCC,2
mult-GTCTGTCAATTGGCTC,2
mult-GTCTGTCACAAGGAGC,3
mult-GTCTGTCACACCTTAC,3
mult-GTCTGTCACCATCCTC,3
mult-GTCTGTCACCGACAAC,3
mult-GTCTGTCACCTAATCC,3
mult-GTCTGTCACCTCTATC,3
mult-GTCTGTCACGACACAC,3
mult-GTCTGTCACGCTGATC,0
mult-GTCTGTCACGGATTGC,3
mult-GTCTGTCACTAAGGTC,3
mult-GTCTGTCAGAACAGGC,3
mult-GTCTGTCAGACAGTGC,3
mult-GTCTGTCAGAGTTAGC,3
mult-GTCTGTCAGATGAATC,3
mult-GTCTGTCAGCCAAGAC,3
mult-GTCTGTCACGGAAGAA,3
mult-GTCTGTCAGTGACAAG,3
mult-GTCTGTCAGAACCAGA,3
mult-GTCGTAGAAACGTGAT,0
mult-GTCGTAGAACAAGCTA,0
mult-GTCGTAGATTGCTGGA,2
mult-GTCGTAGACTGTAGCC,0
mult-GTCGTAGAAGTACAAG,0
mult-GTCGTAGAAACAACCA,0
mult-GTCGTAGAAACCGAGA,0
mult-GTCGTAGAAACGCTTA,0
mult-GTCGTAGAAAGACGGA,0
mult-GTCGTAGAAAGGTACA,0
mult-GTCGTAGAACACAGAA,0
mult-GTCGTAGAACAGCAGA,0
mult-GTCGTAGAAAACATCG,0
mult-GTCGTAGAACCTCCAA,0
mult-GTCGTAGAACGCTCGA,0
mult-GTCGTAGAACGTATCA,0
mult-GTCGTAGAACTATGCA,4
mult-GTCGTAGAAGAGTCAA,3
mult-GTCGTAGAAGATCGCA,1
mult-GTCGTAGAAGCAGGAA,1
mult-GTCGTAGAAGTCACTA,1
mult-GTCGTAGAATCCTGTA,1
mult-GTCGTAGAATTGAGGA,1
mult-GTCGTAGAATGCCTAA,0
mult-GTCGTAGACAACCACA,1
mult-GTCGTAGAGACTAGTA,1
mult-GTCGTAGACAATGGAA,1
mult-GTCGTAGACACTTCGA,1
mult-GTCGTAGACAGCGTTA,1
mult-GTCGTAGACATACCAA,1
mult-GTCGTAGACCAGTTCA,1
mult-GTCGTAGACCGAAGTA,1
mult-GTCGTAGACCGTGAGA,1
mult-GTCGTAGACCTCCTGA,1
mult-GTCGTAGAAGTGGTCA,0
mult-GTCGTAGACGAACTTA,1
mult-GTCGTAGACGACTGGA,1
mult-GTCGTAGACGCATACA,1
mult-GTCGTAGACTCAATGA,1
mult-GTCGTAGACTGAGCCA,1
mult-GTCGTAGACTGGCATA,1
mult-GTCGTAGAGAATCTGA,1
mult-GTCGTAGACAAGACTA,1
mult-GTCGTAGAGAGCTGAA,1
mult-GTCGTAGAGATAGACA,1
mult-GTCGTAGAACCACTGT,0
mult-GTCGTAGAGCCACATA,1
mult-GTCGTAGAGCGAGTAA,1
mult-GTCGTAGAGCTAACGA,1
mult-GTCGTAGAGCTCGGTA,1
mult-GTCGTAGAGGAGAACA,1
mult-GTCGTAGAGGTGCGAA,1
mult-GTCGTAGAGTACGCAA,1
mult-GTCGTAGAGTCGTAGA,1
mult-GTCGTAGAGTCTGTCA,1
mult-GTCGTAGAGTGTTCTA,1
mult-GTCGTAGAACATTGGC,0
mult-GTCGTAGATAGGATGA,1
mult-GTCGTAGATATCAGCA,1
mult-GTCGTAGATCCGTCTA,1
mult-GTCGTAGATCTTCACA,1
mult-GTCGTAGATGAAGAGA,1
mult-GTCGTAGATGGAACAA,1
mult-GTCGTAGATGGCTTCA,1
mult-GTCGTAGATGGTGGTA,1
mult-GTCGTAGATTCACGCA,1
mult-GTCGTAGAAACTCACC,1
mult-GTCGTAGACAGATCTG,0
mult-GTCGTAGAAAGAGATC,1
mult-GTCGTAGAAAGGACAC,5
mult-GTCGTAGAAATCCGTC,5
mult-GTCGTAGAAATGTTGC,5
mult-GTCGTAGAACACGACC,5
mult-GTCGTAGAACAGATTC,2
mult-GTCGTAGAAGATGTAC,2
mult-GTCGTAGAAGCACCTC,2
mult-GTCGTAGAAGCCATGC,2
mult-GTCGTAGAAGGCTAAC,2
mult-GTCGTAGACATCAAGT,0
mult-GTCGTAGAATAGCGAC,2
mult-GTCGTAGAATCATTCC,2
mult-GTCGTAGAATTGGCTC,2
mult-GTCGTAGACAAGGAGC,1
mult-GTCGTAGACACCTTAC,2
mult-GTCGTAGACCATCCTC,2
mult-GTCGTAGACCGACAAC,8
mult-GTCGTAGACCTAATCC,8
mult-GTCGTAGACCTCTATC,2
mult-GTCGTAGACGACACAC,3
mult-GTCGTAGACGCTGATC,0
mult-GTCGTAGACGGATTGC,3
mult-GTCGTAGACTAAGGTC,3
mult-GTCGTAGAGAACAGGC,1
mult-GTCGTAGAGACAGTGC,3
mult-GTCGTAGAGAGTTAGC,3
mult-GTCGTAGAGATGAATC,3
mult-GTCGTAGAGCCAAGAC,8
mult-GTCGTAGACGGAAGAA,4
mult-GTCGTAGAGTGACAAG,2
mult-GTCGTAGAGAACCAGA,2
mult-GTACGCAAAACGTGAT,0
mult-GTACGCAAACAAGCTA,0
mult-GTACGCAATTGCTGGA,8
mult-GTACGCAACTGTAGCC,0
mult-GTACGCAAAGTACAAG,0
mult-GTACGCAAAACAACCA,0
mult-GTACGCAAAACCGAGA,0
mult-GTACGCAAAACGCTTA,0
mult-GTACGCAAAAGACGGA,0
mult-GTACGCAAAAGGTACA,0
mult-GTACGCAAACACAGAA,0
mult-GTACGCAAACAGCAGA,0
mult-GTACGCAAAAACATCG,0
mult-GTACGCAAACCTCCAA,0
mult-GTACGCAAACGCTCGA,0
mult-GTACGCAAACGTATCA,0
mult-GTACGCAAACTATGCA,11
mult-GTACGCAAAGAGTCAA,2
mult-GTACGCAAAGATCGCA,1
mult-GTACGCAAAGCAGGAA,1
mult-GTACGCAAAGTCACTA,1
mult-GTACGCAAATCCTGTA,1
mult-GTACGCAAATTGAGGA,1
mult-GTACGCAAATGCCTAA,0
mult-GTACGCAACAACCACA,1
mult-GTACGCAAGACTAGTA,1
mult-GTACGCAACAATGGAA,1
mult-GTACGCAACACTTCGA,1
mult-GTACGCAACAGCGTTA,1
mult-GTACGCAACATACCAA,1
mult-GTACGCAACCAGTTCA,1
mult-GTACGCAACCGAAGTA,1
mult-GTACGCAACCGTGAGA,1
mult-GTACGCAACCTCCTGA,1
mult-GTACGCAAAGTGGTCA,0
mult-GTACGCAACGAACTTA,1
mult-GTACGCAACGACTGGA,1
mult-GTACGCAACGCATACA,1
mult-GTACGCAACTCAATGA,1
mult-GTACGCAACTGAGCCA,1
mult-GTACGCAACTGGCATA,1
mult-GTACGCAAGAATCTGA,1
mult-GTACGCAACAAGACTA,1
mult-GTACGCAAGAGCTGAA,1
mult-GTACGCAAGATAGACA,1
mult-GTACGCAAACCACTGT,0
mult-GTACGCAAGCCACATA,1
mult-GTACGCAAGCGAGTAA,1
mult-GTACGCAAGCTAACGA,1
mult-GTACGCAAGCTCGGTA,1
mult-GTACGCAAGGAGAACA,3
mult-GTACGCAAGGTGCGAA,1
mult-GTACGCAAGTACGCAA,1
mult-GTACGCAAGTCGTAGA,1
mult-GTACGCAAGTCTGTCA,1
mult-GTACGCAAGTGTTCTA,1
mult-GTACGCAAACATTGGC,0
mult-GTACGCAATAGGATGA,1
mult-GTACGCAATATCAGCA,1
mult-GTACGCAATCCGTCTA,1
mult-GTACGCAATCTTCACA,1
mult-GTACGCAATGAAGAGA,1
mult-GTACGCAATGGAACAA,1
mult-GTACGCAATGGCTTCA,1
mult-GTACGCAATGGTGGTA,1
mult-GTACGCAATTCACGCA,1
mult-GTACGCAAAACTCACC,1
mult-GTACGCAACAGATCTG,0
mult-GTACGCAAAAGAGATC,1
mult-GTACGCAAAAGGACAC,5
mult-GTACGCAAAATCCGTC,5
mult-GTACGCAAAATGTTGC,5
mult-GTACGCAAACACGACC,2
mult-GTACGCAAACAGATTC,7
mult-GTACGCAAAGATGTAC,2
mult-GTACGCAAAGCACCTC,2
mult-GTACGCAAAGCCATGC,2
mult-GTACGCAAAGGCTAAC,7
mult-GTACGCAACATCAAGT,0
mult-GTACGCAAATAGCGAC,2
mult-GTACGCAAATCATTCC,8
mult-GTACGCAAATTGGCTC,2
mult-GTACGCAACAAGGAGC,2
mult-GTACGCAACACCTTAC,2
mult-GTACGCAACCATCCTC,2
mult-GTACGCAACCGACAAC,2
mult-GTACGCAACCTAATCC,8
mult-GTACGCAACCTCTATC,2
mult-GTACGCAACGACACAC,3
mult-GTACGCAACGCTGATC,0
mult-GTACGCAACGGATTGC,2
mult-GTACGCAACTAAGGTC,2
mult-GTACGCAAGAACAGGC,2
mult-GTACGCAAGACAGTGC,2
mult-GTACGCAAGAGTTAGC,2
mult-GTACGCAAGATGAATC,2
mult-GTACGCAAGCCAAGAC,2
mult-GTACGCAACGGAAGAA,8
mult-GTACGCAAGTGACAAG,4
mult-GTACGCAAGAACCAGA,4
mult-GGTGCGAAAACGTGAT,0
mult-GGTGCGAAACAAGCTA,0
mult-GGTGCGAATTGCTGGA,2
mult-GGTGCGAACTGTAGCC,0
mult-GGTGCGAAAGTACAAG,0
mult-GGTGCGAAAACAACCA,0
mult-GGTGCGAAAACCGAGA,0
mult-GGTGCGAAAACGCTTA,0
mult-GGTGCGAAAAGACGGA,0
mult-GGTGCGAAAAGGTACA,0
mult-GGTGCGAAACACAGAA,0
mult-GGTGCGAAACAGCAGA,0
mult-GGTGCGAAAAACATCG,0
mult-GGTGCGAAACCTCCAA,0
mult-GGTGCGAAACGCTCGA,0
mult-GGTGCGAAACGTATCA,0
mult-GGTGCGAAACTATGCA,0
mult-GGTGCGAAAGAGTCAA,3
mult-GGTGCGAAAGATCGCA,1
mult-GGTGCGAAAGCAGGAA,1
mult-GGTGCGAAAGTCACTA,1
mult-GGTGCGAAATCCTGTA,1
mult-GGTGCGAAATTGAGGA,1
mult-GGTGCGAAATGCCTAA,0
mult-GGTGCGAACAACCACA,1
mult-GGTGCGAAGACTAGTA,1
mult-GGTGCGAACAATGGAA,1
mult-GGTGCGAACACTTCGA,1
mult-GGTGCGAACAGCGTTA,1
mult-GGTGCGAACATACCAA,1
mult-GGTGCGAACCAGTTCA,1
mult-GGTGCGAACCGAAGTA,1
mult-GGTGCGAACCGTGAGA,1
mult-GGTGCGAACCTCCTGA,1
mult-GGTGCGAAAGTGGTCA,8
mult-GGTGCGAACGAACTTA,1
mult-GGTGCGAACGACTGGA,1
mult-GGTGCGAACGCATACA,1
mult-GGTGCGAACTCAATGA,1
mult-GGTGCGAACTGAGCCA,1
mult-GGTGCGAACTGGCATA,1
mult-GGTGCGAAGAATCTGA,1
mult-GGTGCGAACAAGACTA,1
mult-GGTGCGAAGAGCTGAA,4
mult-GGTGCGAAGATAGACA,1
mult-GGTGCGAAACCACTGT,0
mult-GGTGCGAAGCCACATA,1
mult-GGTGCGAAGCGAGTAA,1
mult-GGTGCGAAGCTAACGA,1
mult-GGTGCGAAGCTCGGTA,1
mult-GGTGCGAAGGAGAACA,1
mult-GGTGCGAAGGTGCGAA,3
mult-GGTGCGAAGTACGCAA,1
mult-GGTGCGAAGTCGTAGA,1
mult-GGTGCGAAGTCTGTCA,1
mult-GGTGCGAAGTGTTCTA,1
mult-GGTGCGAAACATTGGC,0
mult-GGTGCGAATAGGATGA,3
mult-GGTGCGAATATCAGCA,1
mult-GGTGCGAATCCGTCTA,1
mult-GGTGCGAATCTTCACA,1
mult-GGTGCGAATGAAGAGA,1
mult-GGTGCGAATGGAACAA,1
mult-GGTGCGAATGGCTTCA,1
mult-GGTGCGAATGGTGGTA,1
mult-GGTGCGAATTCACGCA,1
mult-GGTGCGAAAACTCACC,1
mult-GGTGCGAACAGATCTG,0
mult-GGTGCGAAAAGAGATC,1
mult-GGTGCGAAAAGGACAC,5
mult-GGTGCGAAAATCCGTC,5
mult-GGTGCGAAAATGTTGC,5
mult-GGTGCGAAACACGACC,2
mult-GGTGCGAAACAGATTC,2
mult-GGTGCGAAAGATGTAC,2
mult-GGTGCGAAAGCACCTC,2
mult-GGTGCGAAAGCCATGC,2
mult-GGTGCGAAAGGCTAAC,8
mult-GGTGCGAACATCAAGT,0
mult-GGTGCGAAATAGCGAC,2
mult-GGTGCGAAATCATTCC,2
mult-GGTGCGAAATTGGCTC,2
mult-GGTGCGAACAAGGAGC,8
mult-GGTGCGAACACCTTAC,2
mult-GGTGCGAACCATCCTC,2
mult-GGTGCGAACCGACAAC,2
mult-GGTGCGAACCTAATCC,0
mult-GGTGCGAACCTCTATC,2
mult-GGTGCGAACGACACAC,2
mult-GGTGCGAACGCTGATC,4
mult-GGTGCGAACGGATTGC,2
mult-GGTGCGAACTAAGGTC,2
mult-GGTGCGAAGAACAGGC,2
mult-GGTGCGAAGACAGTGC,2
mult-GGTGCGAAGAGTTAGC,8
mult-GGTGCGAAGATGAATC,8
mult-GGTGCGAAGCCAAGAC,4
mult-GGTGCGAACGGAAGAA,4
mult-GGTGCGAAGTGACAAG,8
mult-GGTGCGAAGAACCAGA,8
mult-GGAGAACAAACGTGAT,0
mult-GGAGAACAACAAGCTA,0
mult-GGAGAACATTGCTGGA,2
mult-GGAGAACACTGTAGCC,0
mult-GGAGAACAAGTACAAG,0
mult-GGAGAACAAACAACCA,0
mult-GGAGAACAAACCGAGA,0
mult-GGAGAACAAACGCTTA,0
mult-GGAGAACAAAGACGGA,0
mult-GGAGAACAAAGGTACA,0
mult-GGAGAACAACACAGAA,0
mult-GGAGAACAACAGCAGA,0
mult-GGAGAACAAAACATCG,0
mult-GGAGAACAACCTCCAA,0
mult-GGAGAACAACGCTCGA,0
mult-GGAGAACAACGTATCA,0
mult-GGAGAACAACTATGCA,0
mult-GGAGAACAAGAGTCAA,2
mult-GGAGAACAAGATCGCA,3
mult-GGAGAACAAGCAGGAA,1
mult-GGAGAACAAGTCACTA,1
mult-GGAGAACAATCCTGTA,1
mult-GGAGAACAATTGAGGA,1
mult-GGAGAACAATGCCTAA,0
mult-GGAGAACACAACCACA,1
mult-GGAGAACAGACTAGTA,1
mult-GGAGAACACAATGGAA,1
mult-GGAGAACACACTTCGA,1
mult-GGAGAACACAGCGTTA,1
mult-GGAGAACACATACCAA,1
mult-GGAGAACACCAGTTCA,1
mult-GGAGAACACCGAAGTA,1
mult-GGAGAACACCGTGAGA,1
mult-GGAGAACACCTCCTGA,1
mult-GGAGAACAAGTGGTCA,0
mult-GGAGAACACGAACTTA,1
mult-GGAGAACACGACTGGA,1
mult-GGAGAACACGCATACA,1
mult-GGAGAACACTCAATGA,1
mult-GGAGAACACTGAGCCA,1
mult-GGAGAACACTGGCATA,1
mult-GGAGAACAGAATCTGA,1
mult-GGAGAACACAAGACTA,1
mult-GGAGAACAGAGCTGAA,1
mult-GGAGAACAGATAGACA,1
mult-GGAGAACAACCACTGT,0
mult-GGAGAACAGCCACATA,1
mult-GGAGAACAGCGAGTAA,1
mult-GGAGAACAGCTAACGA,1
mult-GGAGAACAGCTCGGTA,1
mult-GGAGAACAGGAGAACA,1
mult-GGAGAACAGGTGCGAA,1
mult-GGAGAACAGTACGCAA,1
mult-GGAGAACAGTCGTAGA,1
mult-GGAGAACAGTCTGTCA,1
mult-GGAGAACAGTGTTCTA,1
mult-GGAGAACAACATTGGC,0
mult-GGAGAACATAGGATGA,1
mult-GGAGAACATATCAGCA,1
mult-GGAGAACATCCGTCTA,1
mult-GGAGAACATCTTCACA,1
mult-GGAGAACATGAAGAGA,1
mult-GGAGAACATGGAACAA,1
mult-GGAGAACATGGCTTCA,1
mult-GGAGAACATGGTGGTA,1
mult-GGAGAACATTCACGCA,1
mult-GGAGAACAAACTCACC,1
mult-GGAGAACACAGATCTG,0
mult-GGAGAACAAAGAGATC,5
mult-GGAGAACAAAGGACAC,5
mult-GGAGAACAAATCCGTC,5
mult-GGAGAACAAATGTTGC,5
mult-GGAGAACAACACGACC,2
mult-GGAGAACAACAGATTC,2
mult-GGAGAACAAGATGTAC,2
mult-GGAGAACAAGCACCTC,2
mult-GGAGAACAAGCCATGC,2
mult-GGAGAACAAGGCTAAC,2
mult-GGAGAACACATCAAGT,0
mult-GGAGAACAATAGCGAC,2
mult-GGAGAACAATCATTCC,2
mult-GGAGAACAATTGGCTC,2
mult-GGAGAACACAAGGAGC,8
mult-GGAGAACACACCTTAC,2
mult-GGAGAACACCATCCTC,0
mult-GGAGAACACCGACAAC,8
mult-GGAGAACACCTAATCC,2
mult-GGAGAACACCTCTATC,2
mult-GGAGAACACGACACAC,8
mult-GGAGAACACGCTGATC,0
mult-GGAGAACACGGATTGC,0
mult-GGAGAACACTAAGGTC,4
mult-GGAGAACAGAACAGGC,2
mult-GGAGAACAGACAGTGC,2
mult-GGAGAACAGAGTTAGC,2
mult-GGAGAACAGATGAATC,4
mult-GGAGAACAGCCAAGAC,7
mult-GGAGAACACGGAAGAA,8
mult-GGAGAACAGTGACAAG,2
mult-GGAGAACAGAACCAGA,2
mult-GCTCGGTAAACGTGAT,0
mult-GCTCGGTAACAAGCTA,0
mult-GCTCGGTATTGCTGGA,2
mult-GCTCGGTACTGTAGCC,0
mult-GCTCGGTAAGTACAAG,0
mult-GCTCGGTAAACAACCA,0
mult-GCTCGGTAAACCGAGA,0
mult-GCTCGGTAAACGCTTA,0
mult-GCTCGGTAAAGACGGA,0
mult-GCTCGGTAAAGGTACA,0
mult-GCTCGGTAACACAGAA,0
mult-GCTCGGTAACAGCAGA,0
mult-GCTCGGTAAAACATCG,0
mult-GCTCGGTAACCTCCAA,0
mult-GCTCGGTAACGCTCGA,0
mult-GCTCGGTAACGTATCA,0
mult-GCTCGGTAACTATGCA,3
mult-GCTCGGTAAGAGTCAA,4
mult-GCTCGGTAAGATCGCA,1
mult-GCTCGGTAAGCAGGAA,1
mult-GCTCGGTAAGTCACTA,1
mult-GCTCGGTAATCCTGTA,1
mult-GCTCGGTAATTGAGGA,1
mult-GCTCGGTAATGCCTAA,0
mult-GCTCGGTACAACCACA,1
mult-GCTCGGTAGACTAGTA,1
mult-GCTCGGTACAATGGAA,1
mult-GCTCGGTACACTTCGA,1
mult-GCTCGGTACAGCGTTA,1
mult-GCTCGGTACATACCAA,1
mult-GCTCGGTACCAGTTCA,1
mult-GCTCGGTACCGAAGTA,1
mult-GCTCGGTACCGTGAGA,1
mult-GCTCGGTACCTCCTGA,1
mult-GCTCGGTAAGTGGTCA,0
mult-GCTCGGTACGAACTTA,1
mult-GCTCGGTACGACTGGA,1
mult-GCTCGGTACGCATACA,3
mult-GCTCGGTACTCAATGA,1
mult-GCTCGGTACTGAGCCA,1
mult-GCTCGGTACTGGCATA,1
mult-GCTCGGTAGAATCTGA,1
mult-GCTCGGTACAAGACTA,1
mult-GCTCGGTAGAGCTGAA,1
mult-GCTCGGTAGATAGACA,1
mult-GCTCGGTAACCACTGT,0
mult-GCTCGGTAGCCACATA,1
mult-GCTCGGTAGCGAGTAA,1
mult-GCTCGGTAGCTAACGA,1
mult-GCTCGGTAGCTCGGTA,1
mult-GCTCGGTAGGAGAACA,1
mult-GCTCGGTAGGTGCGAA,1
mult-GCTCGGTAGTACGCAA,1
mult-GCTCGGTAGTCGTAGA,1
mult-GCTCGGTAGTCTGTCA,1
mult-GCTCGGTAGTGTTCTA,1
mult-GCTCGGTAACATTGGC,0
mult-GCTCGGTATAGGATGA,1
mult-GCTCGGTATATCAGCA,1
mult-GCTCGGTATCCGTCTA,1
mult-GCTCGGTATCTTCACA,1
mult-GCTCGGTATGAAGAGA,1
mult-GCTCGGTATGGAACAA,1
mult-GCTCGGTATGGCTTCA,1
mult-GCTCGGTATGGTGGTA,1
mult-GCTCGGTATTCACGCA,1
mult-GCTCGGTAAACTCACC,1
mult-GCTCGGTACAGATCTG,0
mult-GCTCGGTAAAGAGATC,5
mult-GCTCGGTAAAGGACAC,5
mult-GCTCGGTAAATCCGTC,5
mult-GCTCGGTAAATGTTGC,5
mult-GCTCGGTAACACGACC,2
mult-GCTCGGTAACAGATTC,2
mult-GCTCGGTAAGATGTAC,4
mult-GCTCGGTAAGCACCTC,2
mult-GCTCGGTAAGCCATGC,2
mult-GCTCGGTAAGGCTAAC,8
mult-GCTCGGTACATCAAGT,0
mult-GCTCGGTAATAGCGAC,2
mult-GCTCGGTAATCATTCC,1
mult-GCTCGGTAATTGGCTC,8
mult-GCTCGGTACAAGGAGC,4
mult-GCTCGGTACACCTTAC,2
mult-GCTCGGTACCATCCTC,4
mult-GCTCGGTACCGACAAC,2
mult-GCTCGGTACCTAATCC,4
mult-GCTCGGTACCTCTATC,4
mult-GCTCGGTACGACACAC,4
mult-GCTCGGTACGCTGATC,0
mult-GCTCGGTACGGATTGC,4
mult-GCTCGGTACTAAGGTC,2
mult-GCTCGGTAGAACAGGC,2
mult-GCTCGGTAGACAGTGC,2
mult-GCTCGGTAGAGTTAGC,2
mult-GCTCGGTAGATGAATC,2
mult-GCTCGGTAGCCAAGAC,8
mult-GCTCGGTACGGAAGAA,4
mult-GCTCGGTAGTGACAAG,2
mult-GCTCGGTAGAACCAGA,2
mult-GCTAACGAAACGTGAT,0
mult-GCTAACGAACAAGCTA,0
mult-GCTAACGATTGCTGGA,2
mult-GCTAACGACTGTAGCC,0
mult-GCTAACGAAGTACAAG,0
mult-GCTAACGAAACAACCA,0
mult-GCTAACGAAACCGAGA,0
mult-GCTAACGAAACGCTTA,0
mult-GCTAACGAAAGACGGA,0
mult-GCTAACGAAAGGTACA,0
mult-GCTAACGAACACAGAA,0
mult-GCTAACGAACAGCAGA,0
mult-GCTAACGAAAACATCG,0
mult-GCTAACGAACCTCCAA,0
mult-GCTAACGAACGCTCGA,0
mult-GCTAACGAACGTATCA,0
mult-GCTAACGAACTATGCA,3
mult-GCTAACGAAGAGTCAA,4
mult-GCTAACGAAGATCGCA,3
mult-GCTAACGAAGCAGGAA,1
mult-GCTAACGAAGTCACTA,1
mult-GCTAACGAATCCTGTA,1
mult-GCTAACGAATTGAGGA,1
mult-GCTAACGAATGCCTAA,0
mult-GCTAACGACAACCACA,1
mult-GCTAACGAGACTAGTA,1
mult-GCTAACGACAATGGAA,1
mult-GCTAACGACACTTCGA,1
mult-GCTAACGACAGCGTTA,1
mult-GCTAACGACATACCAA,1
mult-GCTAACGACCAGTTCA,1
mult-GCTAACGACCGAAGTA,1
mult-GCTAACGACCGTGAGA,1
mult-GCTAACGACCTCCTGA,1
mult-GCTAACGAAGTGGTCA,0
mult-GCTAACGACGAACTTA,1
mult-GCTAACGACGACTGGA,1
mult-GCTAACGACGCATACA,1
mult-GCTAACGACTCAATGA,1
mult-GCTAACGACTGAGCCA,1
mult-GCTAACGACTGGCATA,1
mult-GCTAACGAGAATCTGA,1
mult-GCTAACGACAAGACTA,1
mult-GCTAACGAGAGCTGAA,1
mult-GCTAACGAGATAGACA,1
mult-GCTAACGAACCACTGT,0
mult-GCTAACGAGCCACATA,1
mult-GCTAACGAGCGAGTAA,1
mult-GCTAACGAGCTAACGA,1
mult-GCTAACGAGCTCGGTA,1
mult-GCTAACGAGGAGAACA,1
mult-GCTAACGAGGTGCGAA,1
mult-GCTAACGAGTACGCAA,1
mult-GCTAACGAGTCGTAGA,1
mult-GCTAACGAGTCTGTCA,1
mult-GCTAACGAGTGTTCTA,1
mult-GCTAACGAACATTGGC,0
mult-GCTAACGATAGGATGA,3
mult-GCTAACGATATCAGCA,1
mult-GCTAACGATCCGTCTA,1
mult-GCTAACGATCTTCACA,3
mult-GCTAACGATGAAGAGA,1
mult-GCTAACGATGGAACAA,1
mult-GCTAACGATGGCTTCA,1
mult-GCTAACGATGGTGGTA,1
mult-GCTAACGATTCACGCA,1
mult-GCTAACGAAACTCACC,1
mult-GCTAACGACAGATCTG,0
mult-GCTAACGAAAGAGATC,5
mult-GCTAACGAAAGGACAC,5
mult-GCTAACGAAATCCGTC,5
mult-GCTAACGAAATGTTGC,2
mult-GCTAACGAACACGACC,2
mult-GCTAACGAACAGATTC,2
mult-GCTAACGAAGATGTAC,2
mult-GCTAACGAAGCACCTC,7
mult-GCTAACGAAGCCATGC,2
mult-GCTAACGAAGGCTAAC,2
mult-GCTAACGACATCAAGT,0
mult-GCTAACGAATAGCGAC,1
mult-GCTAACGAATCATTCC,2
mult-GCTAACGAATTGGCTC,2
mult-GCTAACGACAAGGAGC,2
mult-GCTAACGACACCTTAC,2
mult-GCTAACGACCATCCTC,2
mult-GCTAACGACCGACAAC,2
mult-GCTAACGACCTAATCC,2
mult-GCTAACGACCTCTATC,2
mult-GCTAACGACGACACAC,4
mult-GCTAACGACGCTGATC,0
mult-GCTAACGACGGATTGC,4
mult-GCTAACGACTAAGGTC,2
mult-GCTAACGAGAACAGGC,2
mult-GCTAACGAGACAGTGC,2
mult-GCTAACGAGAGTTAGC,5
mult-GCTAACGAGATGAATC,2
mult-GCTAACGAGCCAAGAC,2
mult-GCTAACGACGGAAGAA,8
mult-GCTAACGAGTGACAAG,8
mult-GCTAACGAGAACCAGA,8
mult-CGGAAGAAAACGTGAT,0
mult-CGGAAGAAACAAGCTA,0
mult-CGGAAGAATTGCTGGA,0
mult-CGGAAGAACTGTAGCC,0
mult-CGGAAGAAAGTACAAG,0
mult-CGGAAGAAAACAACCA,0
mult-CGGAAGAAAACCGAGA,0
mult-CGGAAGAAAACGCTTA,0
mult-CGGAAGAAAAGACGGA,4
mult-CGGAAGAAAAGGTACA,0
mult-CGGAAGAAACACAGAA,0
mult-CGGAAGAAACAGCAGA,0
mult-CGGAAGAAAAACATCG,0
mult-CGGAAGAAACCTCCAA,0
mult-CGGAAGAAACGCTCGA,0
mult-CGGAAGAAACGTATCA,0
mult-CGGAAGAAACTATGCA,0
mult-CGGAAGAAAGAGTCAA,0
mult-CGGAAGAAAGATCGCA,0
mult-CGGAAGAAAGCAGGAA,0
mult-CGGAAGAAAGTCACTA,0
mult-CGGAAGAAATCCTGTA,0
mult-CGGAAGAAATTGAGGA,4
mult-CGGAAGAAATGCCTAA,0
mult-CGGAAGAACAACCACA,0
mult-CGGAAGAAGACTAGTA,0
mult-CGGAAGAACAATGGAA,0
mult-CGGAAGAACACTTCGA,0
mult-CGGAAGAACAGCGTTA,0
mult-CGGAAGAACATACCAA,0
mult-CGGAAGAACCAGTTCA,0
mult-CGGAAGAACCGAAGTA,0
mult-CGGAAGAACCGTGAGA,0
mult-CGGAAGAACCTCCTGA,0
mult-CGGAAGAAAGTGGTCA,0
mult-CGGAAGAACGAACTTA,0
mult-CGGAAGAACGACTGGA,0
mult-CGGAAGAACGCATACA,0
mult-CGGAAGAACTCAATGA,0
mult-CGGAAGAACTGAGCCA,0
mult-CGGAAGAACTGGCATA,0
mult-CGGAAGAAGAATCTGA,0
mult-CGGAAGAACAAGACTA,0
mult-CGGAAGAAGAGCTGAA,0
mult-CGGAAGAAGATAGACA,0
mult-CGGAAGAAACCACTGT,0
mult-CGGAAGAAGCCACATA,0
mult-CGGAAGAAGCGAGTAA,0
mult-CGGAAGAAGCTAACGA,0
mult-CGGAAGAAGCTCGGTA,0
mult-CGGAAGAAGGAGAACA,0
mult-CGGAAGAAGGTGCGAA,0
mult-CGGAAGAAGTACGCAA,0
mult-CGGAAGAAGTCGTAGA,0
mult-CGGAAGAAGTCTGTCA,0
mult-CGGAAGAAGTGTTCTA,0
mult-CGGAAGAAACATTGGC,0
mult-CGGAAGAATAGGATGA,0
mult-CGGAAGAATATCAGCA,0
mult-CGGAAGAATCCGTCTA,0
mult-CGGAAGAATCTTCACA,0
mult-CGGAAGAATGAAGAGA,0
mult-CGGAAGAATGGAACAA,0
mult-CGGAAGAATGGCTTCA,0
mult-CGGAAGAATGGTGGTA,3
mult-CGGAAGAATTCACGCA,3
mult-CGGAAGAAAACTCACC,0
mult-CGGAAGAACAGATCTG,0
mult-CGGAAGAAAAGAGATC,3
mult-CGGAAGAAAAGGACAC,0
mult-CGGAAGAAAATCCGTC,0
mult-CGGAAGAAAATGTTGC,0
mult-CGGAAGAAACACGACC,0
mult-CGGAAGAAACAGATTC,0
mult-CGGAAGAAAGATGTAC,0
mult-CGGAAGAAAGCACCTC,0
mult-CGGAAGAAAGCCATGC,0
mult-CGGAAGAAAGGCTAAC,0
mult-CGGAAGAACATCAAGT,0
mult-CGGAAGAAATAGCGAC,0
mult-CGGAAGAAATCATTCC,0
mult-CGGAAGAAATTGGCTC,0
mult-CGGAAGAACAAGGAGC,0
mult-CGGAAGAACACCTTAC,0
mult-CGGAAGAACCATCCTC,0
mult-CGGAAGAACCGACAAC,0
mult-CGGAAGAACCTAATCC,0
mult-CGGAAGAACCTCTATC,0
mult-CGGAAGAACGACACAC,2
mult-CGGAAGAACGCTGATC,0
mult-CGGAAGAACGGATTGC,2
mult-CGGAAGAACTAAGGTC,2
mult-CGGAAGAAGAACAGGC,2
mult-CGGAAGAAGACAGTGC,2
mult-CGGAAGAAGAGTTAGC,2
mult-CGGAAGAAGATGAATC,2
mult-CGGAAGAAGCCAAGAC,0
mult-CGGAAGAACGGAAGAA,0
mult-CGGAAGAAGTGACAAG,0
mult-CGGAAGAAGAACCAGA,0
mult-GCGAGTAAAACGTGAT,0
mult-GCGAGTAAACAAGCTA,0
mult-GCGAGTAATTGCTGGA,2
mult-GCGAGTAACTGTAGCC,0
mult-GCGAGTAAAGTACAAG,0
mult-GCGAGTAAAACAACCA,0
mult-GCGAGTAAAACCGAGA,0
mult-GCGAGTAAAACGCTTA,0
mult-GCGAGTAAAAGACGGA,0
mult-GCGAGTAAAAGGTACA,0
mult-GCGAGTAAACACAGAA,0
mult-GCGAGTAAACAGCAGA,0
mult-GCGAGTAAAAACATCG,0
mult-GCGAGTAAACCTCCAA,0
mult-GCGAGTAAACGCTCGA,0
mult-GCGAGTAAACGTATCA,0
mult-GCGAGTAAACTATGCA,4
mult-GCGAGTAAAGAGTCAA,2
mult-GCGAGTAAAGATCGCA,2
mult-GCGAGTAAAGCAGGAA,2
mult-GCGAGTAAAGTCACTA,1
mult-GCGAGTAAATCCTGTA,1
mult-GCGAGTAAATTGAGGA,1
mult-GCGAGTAAATGCCTAA,0
mult-GCGAGTAACAACCACA,1
mult-GCGAGTAAGACTAGTA,1
mult-GCGAGTAACAATGGAA,1
mult-GCGAGTAACACTTCGA,1
mult-GCGAGTAACAGCGTTA,1
mult-GCGAGTAACATACCAA,1
mult-GCGAGTAACCAGTTCA,1
mult-GCGAGTAACCGAAGTA,1
mult-GCGAGTAACCGTGAGA,1
mult-GCGAGTAACCTCCTGA,1
mult-GCGAGTAAAGTGGTCA,0
mult-GCGAGTAACGAACTTA,1
mult-GCGAGTAACGACTGGA,1
mult-GCGAGTAACGCATACA,1
mult-GCGAGTAACTCAATGA,1
mult-GCGAGTAACTGAGCCA,1
mult-GCGAGTAACTGGCATA,1
mult-GCGAGTAAGAATCTGA,1
mult-GCGAGTAACAAGACTA,1
mult-GCGAGTAAGAGCTGAA,1
mult-GCGAGTAAGATAGACA,1
mult-GCGAGTAAACCACTGT,0
mult-GCGAGTAAGCCACATA,1
mult-GCGAGTAAGCGAGTAA,3
mult-GCGAGTAAGCTAACGA,1
mult-GCGAGTAAGCTCGGTA,1
mult-GCGAGTAAGGAGAACA,1
mult-GCGAGTAAGGTGCGAA,1
mult-GCGAGTAAGTACGCAA,1
mult-GCGAGTAAGTCGTAGA,1
mult-GCGAGTAAGTCTGTCA,1
mult-GCGAGTAAGTGTTCTA,1
mult-GCGAGTAAACATTGGC,0
mult-GCGAGTAATAGGATGA,1
mult-GCGAGTAATATCAGCA,1
mult-GCGAGTAATCCGTCTA,3
mult-GCGAGTAATCTTCACA,1
mult-GCGAGTAATGAAGAGA,1
mult-GCGAGTAATGGAACAA,1
mult-GCGAGTAATGGCTTCA,1
mult-GCGAGTAATGGTGGTA,1
mult-GCGAGTAATTCACGCA,1
mult-GCGAGTAAAACTCACC,1
mult-GCGAGTAACAGATCTG,0
mult-GCGAGTAAAAGAGATC,5
mult-GCGAGTAAAAGGACAC,5
mult-GCGAGTAAAATCCGTC,5
mult-GCGAGTAAAATGTTGC,2
mult-GCGAGTAAACACGACC,2
mult-GCGAGTAAACAGATTC,2
mult-GCGAGTAAAGATGTAC,2
mult-GCGAGTAAAGCACCTC,2
mult-GCGAGTAAAGCCATGC,2
mult-GCGAGTAAAGGCTAAC,2
mult-GCGAGTAACATCAAGT,0
mult-GCGAGTAAATAGCGAC,2
mult-GCGAGTAAATCATTCC,4
mult-GCGAGTAAATTGGCTC,2
mult-GCGAGTAACAAGGAGC,2
mult-GCGAGTAACACCTTAC,2
mult-GCGAGTAACCATCCTC,4
mult-GCGAGTAACCGACAAC,2
mult-GCGAGTAACCTAATCC,2
mult-GCGAGTAACCTCTATC,8
mult-GCGAGTAACGACACAC,4
mult-GCGAGTAACGCTGATC,0
mult-GCGAGTAACGGATTGC,2
mult-GCGAGTAACTAAGGTC,2
mult-GCGAGTAAGAACAGGC,8
mult-GCGAGTAAGACAGTGC,5
mult-GCGAGTAAGAGTTAGC,2
mult-GCGAGTAAGATGAATC,2
mult-GCGAGTAAGCCAAGAC,0
mult-GCGAGTAACGGAAGAA,2
mult-GCGAGTAAGTGACAAG,7
mult-GCGAGTAAGAACCAGA,2
mult-GCCACATAAACGTGAT,0
mult-GCCACATAACAAGCTA,0
mult-GCCACATATTGCTGGA,2
mult-GCCACATACTGTAGCC,0
mult-GCCACATAAGTACAAG,0
mult-GCCACATAAACAACCA,0
mult-GCCACATAAACCGAGA,0
mult-GCCACATAAACGCTTA,0
mult-GCCACATAAAGACGGA,0
mult-GCCACATAAAGGTACA,0
mult-GCCACATAACACAGAA,0
mult-GCCACATAACAGCAGA,0
mult-GCCACATAAAACATCG,0
mult-GCCACATAACCTCCAA,0
mult-GCCACATAACGCTCGA,0
mult-GCCACATAACGTATCA,0
mult-GCCACATAACTATGCA,4
mult-GCCACATAAGAGTCAA,3
mult-GCCACATAAGATCGCA,3
mult-GCCACATAAGCAGGAA,1
mult-GCCACATAAGTCACTA,1
mult-GCCACATAATCCTGTA,1
mult-GCCACATAATTGAGGA,1
mult-GCCACATAATGCCTAA,0
mult-GCCACATACAACCACA,1
mult-GCCACATAGACTAGTA,1
mult-GCCACATACAATGGAA,1
mult-GCCACATACACTTCGA,1
mult-GCCACATACAGCGTTA,1
mult-GCCACATACATACCAA,1
mult-GCCACATACCAGTTCA,1
mult-GCCACATACCGAAGTA,1
mult-GCCACATACCGTGAGA,1
mult-GCCACATACCTCCTGA,1
mult-GCCACATAAGTGGTCA,4
mult-GCCACATACGAACTTA,1
mult-GCCACATACGACTGGA,1
mult-GCCACATACGCATACA,1
mult-GCCACATACTCAATGA,1
mult-GCCACATACTGAGCCA,1
mult-GCCACATACTGGCATA,1
mult-GCCACATAGAATCTGA,1
mult-GCCACATACAAGACTA,1
mult-GCCACATAGAGCTGAA,1
mult-GCCACATAGATAGACA,1
mult-GCCACATAACCACTGT,0
mult-GCCACATAGCCACATA,1
mult-GCCACATAGCGAGTAA,1
mult-GCCACATAGCTAACGA,1
mult-GCCACATAGCTCGGTA,1
mult-GCCACATAGGAGAACA,1
mult-GCCACATAGGTGCGAA,1
mult-GCCACATAGTACGCAA,1
mult-GCCACATAGTCGTAGA,1
mult-GCCACATAGTCTGTCA,1
mult-GCCACATAGTGTTCTA,1
mult-GCCACATAACATTGGC,4
mult-GCCACATATAGGATGA,1
mult-GCCACATATATCAGCA,1
mult-GCCACATATCCGTCTA,1
mult-GCCACATATCTTCACA,3
mult-GCCACATATGAAGAGA,1
mult-GCCACATATGGAACAA,1
mult-GCCACATATGGCTTCA,1
mult-GCCACATATGGTGGTA,1
mult-GCCACATATTCACGCA,1
mult-GCCACATAAACTCACC,1
mult-GCCACATACAGATCTG,0
mult-GCCACATAAAGAGATC,5
mult-GCCACATAAAGGACAC,5
mult-GCCACATAAATCCGTC,5
mult-GCCACATAAATGTTGC,2
mult-GCCACATAACACGACC,2
mult-GCCACATAACAGATTC,2
mult-GCCACATAAGATGTAC,4
mult-GCCACATAAGCACCTC,2
mult-GCCACATAAGCCATGC,2
mult-GCCACATAAGGCTAAC,2
mult-GCCACATACATCAAGT,0
mult-GCCACATAATAGCGAC,2
mult-GCCACATAATCATTCC,2
mult-GCCACATAATTGGCTC,0
mult-GCCACATACAAGGAGC,2
mult-GCCACATACACCTTAC,2
mult-GCCACATACCATCCTC,2
mult-GCCACATACCGACAAC,2
mult-GCCACATACCTAATCC,2
mult-GCCACATACCTCTATC,4
mult-GCCACATACGACACAC,2
mult-GCCACATACGCTGATC,0
mult-GCCACATACGGATTGC,4
mult-GCCACATACTAAGGTC,2
mult-GCCACATAGAACAGGC,2
mult-GCCACATAGACAGTGC,2
mult-GCCACATAGAGTTAGC,2
mult-GCCACATAGATGAATC,2
mult-GCCACATAGCCAAGAC,2
mult-GCCACATACGGAAGAA,0
mult-GCCACATAGTGACAAG,2
mult-GCCACATAGAACCAGA,2
mult-GATAGACAAACGTGAT,0
mult-GATAGACAACAAGCTA,0
mult-GATAGACATTGCTGGA,2
mult-GATAGACACTGTAGCC,0
mult-GATAGACAAGTACAAG,0
mult-GATAGACAAACAACCA,0
mult-GATAGACAAACCGAGA,0
mult-GATAGACAAACGCTTA,0
mult-GATAGACAAAGACGGA,0
mult-GATAGACAAAGGTACA,0
mult-GATAGACAACACAGAA,0
mult-GATAGACAACAGCAGA,0
mult-GATAGACAAAACATCG,0
mult-GATAGACAACCTCCAA,0
mult-GATAGACAACGCTCGA,0
mult-GATAGACAACGTATCA,0
mult-GATAGACAACTATGCA,0
mult-GATAGACAAGAGTCAA,4
mult-GATAGACAAGATCGCA,2
mult-GATAGACAAGCAGGAA,3
mult-GATAGACAAGTCACTA,1
mult-GATAGACAATCCTGTA,1
mult-GATAGACAATTGAGGA,1
mult-GATAGACAATGCCTAA,0
mult-GATAGACACAACCACA,1
mult-GATAGACAGACTAGTA,1
mult-GATAGACACAATGGAA,1
mult-GATAGACACACTTCGA,1
mult-GATAGACACAGCGTTA,1
mult-GATAGACACATACCAA,1
mult-GATAGACACCAGTTCA,1
mult-GATAGACACCGAAGTA,1
mult-GATAGACACCGTGAGA,1
mult-GATAGACACCTCCTGA,1
mult-GATAGACAAGTGGTCA,0
mult-GATAGACACGAACTTA,1
mult-GATAGACACGACTGGA,1
mult-GATAGACACGCATACA,1
mult-GATAGACACTCAATGA,1
mult-GATAGACACTGAGCCA,1
mult-GATAGACACTGGCATA,1
mult-GATAGACAGAATCTGA,1
mult-GATAGACACAAGACTA,1
mult-GATAGACAGAGCTGAA,1
mult-GATAGACAGATAGACA,1
mult-GATAGACAACCACTGT,0
mult-GATAGACAGCCACATA,1
mult-GATAGACAGCGAGTAA,1
mult-GATAGACAGCTAACGA,1
mult-GATAGACAGCTCGGTA,1
mult-GATAGACAGGAGAACA,1
mult-GATAGACAGGTGCGAA,1
mult-GATAGACAGTACGCAA,1
mult-GATAGACAGTCGTAGA,1
mult-GATAGACAGTCTGTCA,1
mult-GATAGACAGTGTTCTA,1
mult-GATAGACAACATTGGC,0
mult-GATAGACATAGGATGA,1
mult-GATAGACATATCAGCA,1
mult-GATAGACATCCGTCTA,1
mult-GATAGACATCTTCACA,1
mult-GATAGACATGAAGAGA,1
mult-GATAGACATGGAACAA,1
mult-GATAGACATGGCTTCA,1
mult-GATAGACATGGTGGTA,1
mult-GATAGACATTCACGCA,1
mult-GATAGACAAACTCACC,1
mult-GATAGACACAGATCTG,0
mult-GATAGACAAAGAGATC,5
mult-GATAGACAAAGGACAC,5
mult-GATAGACAAATCCGTC,5
mult-GATAGACAAATGTTGC,2
mult-GATAGACAACACGACC,2
mult-GATAGACAACAGATTC,2
mult-GATAGACAAGATGTAC,1
mult-GATAGACAAGCACCTC,2
mult-GATAGACAAGCCATGC,8
mult-GATAGACAAGGCTAAC,2
mult-GATAGACACATCAAGT,0
mult-GATAGACAATAGCGAC,2
mult-GATAGACAATCATTCC,2
mult-GATAGACAATTGGCTC,2
mult-GATAGACACAAGGAGC,2
mult-GATAGACACACCTTAC,2
mult-GATAGACACCATCCTC,2
mult-GATAGACACCGACAAC,2
mult-GATAGACACCTAATCC,2
mult-GATAGACACCTCTATC,2
mult-GATAGACACGACACAC,4
mult-GATAGACACGCTGATC,0
mult-GATAGACACGGATTGC,2
mult-GATAGACACTAAGGTC,2
mult-GATAGACAGAACAGGC,2
mult-GATAGACAGACAGTGC,2
mult-GATAGACAGAGTTAGC,2
mult-GATAGACAGATGAATC,2
mult-GATAGACAGCCAAGAC,4
mult-GATAGACACGGAAGAA,2
mult-GATAGACAGTGACAAG,8
mult-GATAGACAGAACCAGA,2
mult-GAGCTGAAAACGTGAT,0
mult-GAGCTGAAACAAGCTA,0
mult-GAGCTGAATTGCTGGA,8
mult-GAGCTGAACTGTAGCC,0
mult-GAGCTGAAAGTACAAG,0
mult-GAGCTGAAAACAACCA,0
mult-GAGCTGAAAACCGAGA,0
mult-GAGCTGAAAACGCTTA,0
mult-GAGCTGAAAAGACGGA,0
mult-GAGCTGAAAAGGTACA,0
mult-GAGCTGAAACACAGAA,0
mult-GAGCTGAAACAGCAGA,0
mult-GAGCTGAAAAACATCG,0
mult-GAGCTGAAACCTCCAA,0
mult-GAGCTGAAACGCTCGA,0
mult-GAGCTGAAACGTATCA,0
mult-GAGCTGAAACTATGCA,0
mult-GAGCTGAAAGAGTCAA,0
mult-GAGCTGAAAGATCGCA,2
mult-GAGCTGAAAGCAGGAA,1
mult-GAGCTGAAAGTCACTA,1
mult-GAGCTGAAATCCTGTA,1
mult-GAGCTGAAATTGAGGA,1
mult-GAGCTGAAATGCCTAA,0
mult-GAGCTGAACAACCACA,1
mult-GAGCTGAAGACTAGTA,1
mult-GAGCTGAACAATGGAA,1
mult-GAGCTGAACACTTCGA,1
mult-GAGCTGAACAGCGTTA,1
mult-GAGCTGAACATACCAA,1
mult-GAGCTGAACCAGTTCA,1
mult-GAGCTGAACCGAAGTA,1
mult-GAGCTGAACCGTGAGA,1
mult-GAGCTGAACCTCCTGA,1
mult-GAGCTGAAAGTGGTCA,0
mult-GAGCTGAACGAACTTA,1
mult-GAGCTGAACGACTGGA,1
mult-GAGCTGAACGCATACA,1
mult-GAGCTGAACTCAATGA,1
mult-GAGCTGAACTGAGCCA,1
mult-GAGCTGAACTGGCATA,1
mult-GAGCTGAAGAATCTGA,1
mult-GAGCTGAACAAGACTA,1
mult-GAGCTGAAGAGCTGAA,1
mult-GAGCTGAAGATAGACA,1
mult-GAGCTGAAACCACTGT,0
mult-GAGCTGAAGCCACATA,1
mult-GAGCTGAAGCGAGTAA,1
mult-GAGCTGAAGCTAACGA,1
mult-GAGCTGAAGCTCGGTA,1
mult-GAGCTGAAGGAGAACA,1
mult-GAGCTGAAGGTGCGAA,1
mult-GAGCTGAAGTACGCAA,1
mult-GAGCTGAAGTCGTAGA,1
mult-GAGCTGAAGTCTGTCA,1
mult-GAGCTGAAGTGTTCTA,1
mult-GAGCTGAAACATTGGC,0
mult-GAGCTGAATAGGATGA,1
mult-GAGCTGAATATCAGCA,3
mult-GAGCTGAATCCGTCTA,3
mult-GAGCTGAATCTTCACA,1
mult-GAGCTGAATGAAGAGA,1
mult-GAGCTGAATGGAACAA,1
mult-GAGCTGAATGGCTTCA,1
mult-GAGCTGAATGGTGGTA,1
mult-GAGCTGAATTCACGCA,1
mult-GAGCTGAAAACTCACC,1
mult-GAGCTGAACAGATCTG,0
mult-GAGCTGAAAAGAGATC,5
mult-GAGCTGAAAAGGACAC,5
mult-GAGCTGAAAATCCGTC,5
mult-GAGCTGAAAATGTTGC,2
mult-GAGCTGAAACACGACC,2
mult-GAGCTGAAACAGATTC,2
mult-GAGCTGAAAGATGTAC,2
mult-GAGCTGAAAGCACCTC,8
mult-GAGCTGAAAGCCATGC,2
mult-GAGCTGAAAGGCTAAC,2
mult-GAGCTGAACATCAAGT,0
mult-GAGCTGAAATAGCGAC,2
mult-GAGCTGAAATCATTCC,2
mult-GAGCTGAAATTGGCTC,2
mult-GAGCTGAACAAGGAGC,2
mult-GAGCTGAACACCTTAC,2
mult-GAGCTGAACCATCCTC,2
mult-GAGCTGAACCGACAAC,2
mult-GAGCTGAACCTAATCC,2
mult-GAGCTGAACCTCTATC,2
mult-GAGCTGAACGACACAC,0
mult-GAGCTGAACGCTGATC,0
mult-GAGCTGAACGGATTGC,0
mult-GAGCTGAACTAAGGTC,0
mult-GAGCTGAAGAACAGGC,2
mult-GAGCTGAAGACAGTGC,2
mult-GAGCTGAAGAGTTAGC,2
mult-GAGCTGAAGATGAATC,2
mult-GAGCTGAAGCCAAGAC,2
mult-GAGCTGAACGGAAGAA,2
mult-GAGCTGAAGTGACAAG,2
mult-GAGCTGAAGAACCAGA,2
mult-CAAGACTAAACGTGAT,0
mult-CAAGACTAACAAGCTA,0
mult-CAAGACTATTGCTGGA,2
mult-CAAGACTACTGTAGCC,0
mult-CAAGACTAAGTACAAG,0
mult-CAAGACTAAACAACCA,0
mult-CAAGACTAAACCGAGA,0
mult-CAAGACTAAACGCTTA,0
mult-CAAGACTAAAGACGGA,0
mult-CAAGACTAAAGGTACA,0
mult-CAAGACTAACACAGAA,0
mult-CAAGACTAACAGCAGA,0
mult-CAAGACTAAAACATCG,0
mult-CAAGACTAACCTCCAA,0
mult-CAAGACTAACGCTCGA,0
mult-CAAGACTAACGTATCA,0
mult-CAAGACTAACTATGCA,0
mult-CAAGACTAAGAGTCAA,0
mult-CAAGACTAAGATCGCA,7
mult-CAAGACTAAGCAGGAA,1
mult-CAAGACTAAGTCACTA,1
mult-CAAGACTAATCCTGTA,1
mult-CAAGACTAATTGAGGA,1
mult-CAAGACTAATGCCTAA,0
mult-CAAGACTACAACCACA,1
mult-CAAGACTAGACTAGTA,1
mult-CAAGACTACAATGGAA,1
mult-CAAGACTACACTTCGA,1
mult-CAAGACTACAGCGTTA,1
mult-CAAGACTACATACCAA,1
mult-CAAGACTACCAGTTCA,1
mult-CAAGACTACCGAAGTA,1
mult-CAAGACTACCGTGAGA,1
mult-CAAGACTACCTCCTGA,1
mult-CAAGACTAAGTGGTCA,0
mult-CAAGACTACGAACTTA,1
mult-CAAGACTACGACTGGA,1
mult-CAAGACTACGCATACA,1
mult-CAAGACTACTCAATGA,1
mult-CAAGACTACTGAGCCA,1
mult-CAAGACTACTGGCATA,1
mult-CAAGACTAGAATCTGA,1
mult-CAAGACTACAAGACTA,1
mult-CAAGACTAGAGCTGAA,1
mult-CAAGACTAGATAGACA,1
mult-CAAGACTAACCACTGT,0
mult-CAAGACTAGCCACATA,1
mult-CAAGACTAGCGAGTAA,1
mult-CAAGACTAGCTAACGA,1
mult-CAAGACTAGCTCGGTA,1
mult-CAAGACTAGGAGAACA,1
mult-CAAGACTAGGTGCGAA,1
mult-CAAGACTAGTACGCAA,1
mult-CAAGACTAGTCGTAGA,1
mult-CAAGACTAGTCTGTCA,1
mult-CAAGACTAGTGTTCTA,1
mult-CAAGACTAACATTGGC,0
mult-CAAGACTATAGGATGA,1
mult-CAAGACTATATCAGCA,3
mult-CAAGACTATCCGTCTA,3
mult-CAAGACTATCTTCACA,1
mult-CAAGACTATGAAGAGA,1
mult-CAAGACTATGGAACAA,1
mult-CAAGACTATGGCTTCA,1
mult-CAAGACTATGGTGGTA,3
mult-CAAGACTATTCACGCA,3
mult-CAAGACTAAACTCACC,1
mult-CAAGACTACAGATCTG,0
mult-CAAGACTAAAGAGATC,5
mult-CAAGACTAAAGGACAC,5
mult-CAAGACTAAATCCGTC,5
mult-CAAGACTAAATGTTGC,2
mult-CAAGACTAACACGACC,2
mult-CAAGACTAACAGATTC,2
mult-CAAGACTAAGATGTAC,2
mult-CAAGACTAAGCACCTC,4
mult-CAAGACTAAGCCATGC,2
mult-CAAGACTAAGGCTAAC,2
mult-CAAGACTACATCAAGT,0
mult-CAAGACTAATAGCGAC,1
mult-CAAGACTAATCATTCC,2
mult-CAAGACTAATTGGCTC,2
mult-CAAGACTACAAGGAGC,4
mult-CAAGACTACACCTTAC,2
mult-CAAGACTACCATCCTC,2
mult-CAAGACTACCGACAAC,2
mult-CAAGACTACCTAATCC,2
mult-CAAGACTACCTCTATC,2
mult-CAAGACTACGACACAC,0
mult-CAAGACTACGCTGATC,0
mult-CAAGACTACGGATTGC,0
mult-CAAGACTACTAAGGTC,4
mult-CAAGACTAGAACAGGC,2
mult-CAAGACTAGACAGTGC,2
mult-CAAGACTAGAGTTAGC,2
mult-CAAGACTAGATGAATC,0
mult-CAAGACTAGCCAAGAC,0
mult-CAAGACTACGGAAGAA,2
mult-CAAGACTAGTGACAAG,2
mult-CAAGACTAGAACCAGA,8
mult-GAATCTGAAACGTGAT,0
mult-GAATCTGAACAAGCTA,0
mult-GAATCTGATTGCTGGA,8
mult-GAATCTGACTGTAGCC,4
mult-GAATCTGAAGTACAAG,0
mult-GAATCTGAAACAACCA,0
mult-GAATCTGAAACCGAGA,0
mult-GAATCTGAAACGCTTA,0
mult-GAATCTGAAAGACGGA,0
mult-GAATCTGAAAGGTACA,0
mult-GAATCTGAACACAGAA,0
mult-GAATCTGAACAGCAGA,0
mult-GAATCTGAAAACATCG,0
mult-GAATCTGAACCTCCAA,0
mult-GAATCTGAACGCTCGA,0
mult-GAATCTGAACGTATCA,0
mult-GAATCTGAACTATGCA,0
mult-GAATCTGAAGAGTCAA,0
mult-GAATCTGAAGATCGCA,3
mult-GAATCTGAAGCAGGAA,0
mult-GAATCTGAAGTCACTA,1
mult-GAATCTGAATCCTGTA,1
mult-GAATCTGAATTGAGGA,1
mult-GAATCTGAATGCCTAA,0
mult-GAATCTGACAACCACA,1
mult-GAATCTGAGACTAGTA,1
mult-GAATCTGACAATGGAA,1
mult-GAATCTGACACTTCGA,1
mult-GAATCTGACAGCGTTA,1
mult-GAATCTGACATACCAA,1
mult-GAATCTGACCAGTTCA,1
mult-GAATCTGACCGAAGTA,1
mult-GAATCTGACCGTGAGA,1
mult-GAATCTGACCTCCTGA,1
mult-GAATCTGAAGTGGTCA,0
mult-GAATCTGACGAACTTA,1
mult-GAATCTGACGACTGGA,1
mult-GAATCTGACGCATACA,1
mult-GAATCTGACTCAATGA,1
mult-GAATCTGACTGAGCCA,1
mult-GAATCTGACTGGCATA,1
mult-GAATCTGAGAATCTGA,1
mult-GAATCTGACAAGACTA,1
mult-GAATCTGAGAGCTGAA,1
mult-GAATCTGAGATAGACA,1
mult-GAATCTGAACCACTGT,0
mult-GAATCTGAGCCACATA,1
mult-GAATCTGAGCGAGTAA,1
mult-GAATCTGAGCTAACGA,1
mult-GAATCTGAGCTCGGTA,1
mult-GAATCTGAGGAGAACA,1
mult-GAATCTGAGGTGCGAA,1
mult-GAATCTGAGTACGCAA,1
mult-GAATCTGAGTCGTAGA,1
mult-GAATCTGAGTCTGTCA,1
mult-GAATCTGAGTGTTCTA,1
mult-GAATCTGAACATTGGC,0
mult-GAATCTGATAGGATGA,1
mult-GAATCTGATATCAGCA,1
mult-GAATCTGATCCGTCTA,1
mult-GAATCTGATCTTCACA,1
mult-GAATCTGATGAAGAGA,1
mult-GAATCTGATGGAACAA,1
mult-GAATCTGATGGCTTCA,1
mult-GAATCTGATGGTGGTA,1
mult-GAATCTGATTCACGCA,1
mult-GAATCTGAAACTCACC,1
mult-GAATCTGACAGATCTG,0
mult-GAATCTGAAAGAGATC,5
mult-GAATCTGAAAGGACAC,5
mult-GAATCTGAAATCCGTC,5
mult-GAATCTGAAATGTTGC,2
mult-GAATCTGAACACGACC,2
mult-GAATCTGAACAGATTC,2
mult-GAATCTGAAGATGTAC,2
mult-GAATCTGAAGCACCTC,2
mult-GAATCTGAAGCCATGC,2
mult-GAATCTGAAGGCTAAC,2
mult-GAATCTGACATCAAGT,0
mult-GAATCTGAATAGCGAC,2
mult-GAATCTGAATCATTCC,2
mult-GAATCTGAATTGGCTC,2
mult-GAATCTGACAAGGAGC,2
mult-GAATCTGACACCTTAC,2
mult-GAATCTGACCATCCTC,2
mult-GAATCTGACCGACAAC,2
mult-GAATCTGACCTAATCC,2
mult-GAATCTGACCTCTATC,2
mult-GAATCTGACGACACAC,0
mult-GAATCTGACGCTGATC,0
mult-GAATCTGACGGATTGC,0
mult-GAATCTGACTAAGGTC,2
mult-GAATCTGAGAACAGGC,2
mult-GAATCTGAGACAGTGC,6
mult-GAATCTGAGAGTTAGC,2
mult-GAATCTGAGATGAATC,2
mult-GAATCTGAGCCAAGAC,8
mult-GAATCTGACGGAAGAA,2
mult-GAATCTGAGTGACAAG,8
mult-GAATCTGAGAACCAGA,8
mult-CTGGCATAAACGTGAT,0
mult-CTGGCATAACAAGCTA,0
mult-CTGGCATATTGCTGGA,2
mult-CTGGCATACTGTAGCC,0
mult-CTGGCATAAGTACAAG,0
mult-CTGGCATAAACAACCA,0
mult-CTGGCATAAACCGAGA,0
mult-CTGGCATAAACGCTTA,0
mult-CTGGCATAAAGACGGA,0
mult-CTGGCATAAAGGTACA,0
mult-CTGGCATAACACAGAA,0
mult-CTGGCATAACAGCAGA,0
mult-CTGGCATAAAACATCG,0
mult-CTGGCATAACCTCCAA,0
mult-CTGGCATAACGCTCGA,0
mult-CTGGCATAACGTATCA,0
mult-CTGGCATAACTATGCA,0
mult-CTGGCATAAGAGTCAA,0
mult-CTGGCATAAGATCGCA,0
mult-CTGGCATAAGCAGGAA,0
mult-CTGGCATAAGTCACTA,0
mult-CTGGCATAATCCTGTA,1
mult-CTGGCATAATTGAGGA,1
mult-CTGGCATAATGCCTAA,0
mult-CTGGCATACAACCACA,1
mult-CTGGCATAGACTAGTA,1
mult-CTGGCATACAATGGAA,1
mult-CTGGCATACACTTCGA,1
mult-CTGGCATACAGCGTTA,1
mult-CTGGCATACATACCAA,1
mult-CTGGCATACCAGTTCA,1
mult-CTGGCATACCGAAGTA,1
mult-CTGGCATACCGTGAGA,1
mult-CTGGCATACCTCCTGA,1
mult-CTGGCATAAGTGGTCA,0
mult-CTGGCATACGAACTTA,1
mult-CTGGCATACGACTGGA,1
mult-CTGGCATACGCATACA,1
mult-CTGGCATACTCAATGA,1
mult-CTGGCATACTGAGCCA,1
mult-CTGGCATACTGGCATA,1
mult-CTGGCATAGAATCTGA,1
mult-CTGGCATACAAGACTA,1
mult-CTGGCATAGAGCTGAA,1
mult-CTGGCATAGATAGACA,1
mult-CTGGCATAACCACTGT,0
mult-CTGGCATAGCCACATA,1
mult-CTGGCATAGCGAGTAA,1
mult-CTGGCATAGCTAACGA,1
mult-CTGGCATAGCTCGGTA,1
mult-CTGGCATAGGAGAACA,1
mult-CTGGCATAGGTGCGAA,1
mult-CTGGCATAGTACGCAA,1
mult-CTGGCATAGTCGTAGA,1
mult-CTGGCATAGTCTGTCA,1
mult-CTGGCATAGTGTTCTA,1
mult-CTGGCATAACATTGGC,0
mult-CTGGCATATAGGATGA,1
mult-CTGGCATATATCAGCA,1
mult-CTGGCATATCCGTCTA,1
mult-CTGGCATATCTTCACA,1
mult-CTGGCATATGAAGAGA,1
mult-CTGGCATATGGAACAA,1
mult-CTGGCATATGGCTTCA,1
mult-CTGGCATATGGTGGTA,1
mult-CTGGCATATTCACGCA,1
mult-CTGGCATAAACTCACC,1
mult-CTGGCATACAGATCTG,0
mult-CTGGCATAAAGAGATC,5
mult-CTGGCATAAAGGACAC,5
mult-CTGGCATAAATCCGTC,5
mult-CTGGCATAAATGTTGC,2
mult-CTGGCATAACACGACC,2
mult-CTGGCATAACAGATTC,2
mult-CTGGCATAAGATGTAC,2
mult-CTGGCATAAGCACCTC,2
mult-CTGGCATAAGCCATGC,2
mult-CTGGCATAAGGCTAAC,2
mult-CTGGCATACATCAAGT,0
mult-CTGGCATAATAGCGAC,2
mult-CTGGCATAATCATTCC,2
mult-CTGGCATAATTGGCTC,7
mult-CTGGCATACAAGGAGC,2
mult-CTGGCATACACCTTAC,2
mult-CTGGCATACCATCCTC,2
mult-CTGGCATACCGACAAC,2
mult-CTGGCATACCTAATCC,4
mult-CTGGCATACCTCTATC,2
mult-CTGGCATACGACACAC,4
mult-CTGGCATACGCTGATC,0
mult-CTGGCATACGGATTGC,8
mult-CTGGCATACTAAGGTC,2
mult-CTGGCATAGAACAGGC,6
mult-CTGGCATAGACAGTGC,6
mult-CTGGCATAGAGTTAGC,2
mult-CTGGCATAGATGAATC,2
mult-CTGGCATAGCCAAGAC,2
mult-CTGGCATACGGAAGAA,4
mult-CTGGCATAGTGACAAG,2
mult-CTGGCATAGAACCAGA,2
mult-CTGAGCCAAACGTGAT,0
mult-CTGAGCCAACAAGCTA,0
mult-CTGAGCCATTGCTGGA,2
mult-CTGAGCCACTGTAGCC,0
mult-CTGAGCCAAGTACAAG,0
mult-CTGAGCCAAACAACCA,0
mult-CTGAGCCAAACCGAGA,0
mult-CTGAGCCAAACGCTTA,0
mult-CTGAGCCAAAGACGGA,0
mult-CTGAGCCAAAGGTACA,0
mult-CTGAGCCAACACAGAA,0
mult-CTGAGCCAACAGCAGA,0
mult-CTGAGCCAAAACATCG,0
mult-CTGAGCCAACCTCCAA,0
mult-CTGAGCCAACGCTCGA,0
mult-CTGAGCCAACGTATCA,0
mult-CTGAGCCAACTATGCA,0
mult-CTGAGCCAAGAGTCAA,0
mult-CTGAGCCAAGATCGCA,0
mult-CTGAGCCAAGCAGGAA,3
mult-CTGAGCCAAGTCACTA,3
mult-CTGAGCCAATCCTGTA,0
mult-CTGAGCCAATTGAGGA,1
mult-CTGAGCCAATGCCTAA,0
mult-CTGAGCCACAACCACA,1
mult-CTGAGCCAGACTAGTA,1
mult-CTGAGCCACAATGGAA,1
mult-CTGAGCCACACTTCGA,1
mult-CTGAGCCACAGCGTTA,1
mult-CTGAGCCACATACCAA,1
mult-CTGAGCCACCAGTTCA,1
mult-CTGAGCCACCGAAGTA,1
mult-CTGAGCCACCGTGAGA,1
mult-CTGAGCCACCTCCTGA,1
mult-CTGAGCCAAGTGGTCA,0
mult-CTGAGCCACGAACTTA,1
mult-CTGAGCCACGACTGGA,1
mult-CTGAGCCACGCATACA,1
mult-CTGAGCCACTCAATGA,1
mult-CTGAGCCACTGAGCCA,1
mult-CTGAGCCACTGGCATA,1
mult-CTGAGCCAGAATCTGA,1
mult-CTGAGCCACAAGACTA,1
mult-CTGAGCCAGAGCTGAA,1
mult-CTGAGCCAGATAGACA,1
mult-CTGAGCCAACCACTGT,0
mult-CTGAGCCAGCCACATA,1
mult-CTGAGCCAGCGAGTAA,1
mult-CTGAGCCAGCTAACGA,1
mult-CTGAGCCAGCTCGGTA,1
mult-CTGAGCCAGGAGAACA,1
mult-CTGAGCCAGGTGCGAA,1
mult-CTGAGCCAGTACGCAA,1
mult-CTGAGCCAGTCGTAGA,3
mult-CTGAGCCAGTCTGTCA,3
mult-CTGAGCCAGTGTTCTA,1
mult-CTGAGCCAACATTGGC,7
mult-CTGAGCCATAGGATGA,1
mult-CTGAGCCATATCAGCA,1
mult-CTGAGCCATCCGTCTA,1
mult-CTGAGCCATCTTCACA,1
mult-CTGAGCCATGAAGAGA,1
mult-CTGAGCCATGGAACAA,1
mult-CTGAGCCATGGCTTCA,1
mult-CTGAGCCATGGTGGTA,1
mult-CTGAGCCATTCACGCA,1
mult-CTGAGCCAAACTCACC,1
mult-CTGAGCCACAGATCTG,0
mult-CTGAGCCAAAGAGATC,5
mult-CTGAGCCAAAGGACAC,5
mult-CTGAGCCAAATCCGTC,5
mult-CTGAGCCAAATGTTGC,2
mult-CTGAGCCAACACGACC,2
mult-CTGAGCCAACAGATTC,2
mult-CTGAGCCAAGATGTAC,2
mult-CTGAGCCAAGCACCTC,2
mult-CTGAGCCAAGCCATGC,0
mult-CTGAGCCAAGGCTAAC,2
mult-CTGAGCCACATCAAGT,0
mult-CTGAGCCAATAGCGAC,4
mult-CTGAGCCAATCATTCC,2
mult-CTGAGCCAATTGGCTC,2
mult-CTGAGCCACAAGGAGC,2
mult-CTGAGCCACACCTTAC,2
mult-CTGAGCCACCATCCTC,2
mult-CTGAGCCACCGACAAC,2
mult-CTGAGCCACCTAATCC,2
mult-CTGAGCCACCTCTATC,2
mult-CTGAGCCACGACACAC,2
mult-CTGAGCCACGCTGATC,0
mult-CTGAGCCACGGATTGC,8
mult-CTGAGCCACTAAGGTC,2
mult-CTGAGCCAGAACAGGC,2
mult-CTGAGCCAGACAGTGC,6
mult-CTGAGCCAGAGTTAGC,2
mult-CTGAGCCAGATGAATC,2
mult-CTGAGCCAGCCAAGAC,2
mult-CTGAGCCACGGAAGAA,4
mult-CTGAGCCAGTGACAAG,8
mult-CTGAGCCAGAACCAGA,8
mult-CTCAATGAAACGTGAT,0
mult-CTCAATGAACAAGCTA,0
mult-CTCAATGATTGCTGGA,2
mult-CTCAATGACTGTAGCC,4
mult-CTCAATGAAGTACAAG,0
mult-CTCAATGAAACAACCA,0
mult-CTCAATGAAACCGAGA,0
mult-CTCAATGAAACGCTTA,0
mult-CTCAATGAAAGACGGA,0
mult-CTCAATGAAAGGTACA,0
mult-CTCAATGAACACAGAA,0
mult-CTCAATGAACAGCAGA,0
mult-CTCAATGAAAACATCG,0
mult-CTCAATGAACCTCCAA,0
mult-CTCAATGAACGCTCGA,0
mult-CTCAATGAACGTATCA,0
mult-CTCAATGAACTATGCA,0
mult-CTCAATGAAGAGTCAA,0
mult-CTCAATGAAGATCGCA,0
mult-CTCAATGAAGCAGGAA,0
mult-CTCAATGAAGTCACTA,0
mult-CTCAATGAATCCTGTA,3
mult-CTCAATGAATTGAGGA,1
mult-CTCAATGAATGCCTAA,0
mult-CTCAATGACAACCACA,1
mult-CTCAATGAGACTAGTA,1
mult-CTCAATGACAATGGAA,1
mult-CTCAATGACACTTCGA,1
mult-CTCAATGACAGCGTTA,1
mult-CTCAATGACATACCAA,1
mult-CTCAATGACCAGTTCA,1
mult-CTCAATGACCGAAGTA,1
mult-CTCAATGACCGTGAGA,1
mult-CTCAATGACCTCCTGA,1
mult-CTCAATGAAGTGGTCA,0
mult-CTCAATGACGAACTTA,1
mult-CTCAATGACGACTGGA,1
mult-CTCAATGACGCATACA,1
mult-CTCAATGACTCAATGA,1
mult-CTCAATGACTGAGCCA,1
mult-CTCAATGACTGGCATA,1
mult-CTCAATGAGAATCTGA,1
mult-CTCAATGACAAGACTA,1
mult-CTCAATGAGAGCTGAA,1
mult-CTCAATGAGATAGACA,1
mult-CTCAATGAACCACTGT,0
mult-CTCAATGAGCCACATA,1
mult-CTCAATGAGCGAGTAA,1
mult-CTCAATGAGCTAACGA,1
mult-CTCAATGAGCTCGGTA,1
mult-CTCAATGAGGAGAACA,1
mult-CTCAATGAGGTGCGAA,1
mult-CTCAATGAGTACGCAA,1
mult-CTCAATGAGTCGTAGA,1
mult-CTCAATGAGTCTGTCA,1
mult-CTCAATGAGTGTTCTA,1
mult-CTCAATGAACATTGGC,0
mult-CTCAATGATAGGATGA,1
mult-CTCAATGATATCAGCA,1
mult-CTCAATGATCCGTCTA,1
mult-CTCAATGATCTTCACA,1
mult-CTCAATGATGAAGAGA,1
mult-CTCAATGATGGAACAA,1
mult-CTCAATGATGGCTTCA,1
mult-CTCAATGATGGTGGTA,1
mult-CTCAATGATTCACGCA,1
mult-CTCAATGAAACTCACC,5
mult-CTCAATGACAGATCTG,0
mult-CTCAATGAAAGAGATC,5
mult-CTCAATGAAAGGACAC,5
mult-CTCAATGAAATCCGTC,5
mult-CTCAATGAAATGTTGC,2
mult-CTCAATGAACACGACC,2
mult-CTCAATGAACAGATTC,2
mult-CTCAATGAAGATGTAC,2
mult-CTCAATGAAGCACCTC,2
mult-CTCAATGAAGCCATGC,2
mult-CTCAATGAAGGCTAAC,2
mult-CTCAATGACATCAAGT,0
mult-CTCAATGAATAGCGAC,2
mult-CTCAATGAATCATTCC,2
mult-CTCAATGAATTGGCTC,2
mult-CTCAATGACAAGGAGC,8
mult-CTCAATGACACCTTAC,2
mult-CTCAATGACCATCCTC,2
mult-CTCAATGACCGACAAC,4
mult-CTCAATGACCTAATCC,2
mult-CTCAATGACCTCTATC,2
mult-CTCAATGACGACACAC,8
mult-CTCAATGACGCTGATC,0
mult-CTCAATGACGGATTGC,8
mult-CTCAATGACTAAGGTC,8
mult-CTCAATGAGAACAGGC,2
mult-CTCAATGAGACAGTGC,6
mult-CTCAATGAGAGTTAGC,2
mult-CTCAATGAGATGAATC,2
mult-CTCAATGAGCCAAGAC,2
mult-CTCAATGACGGAAGAA,2
mult-CTCAATGAGTGACAAG,2
mult-CTCAATGAGAACCAGA,2
mult-CGCATACAAACGTGAT,0
mult-CGCATACAACAAGCTA,0
mult-CGCATACATTGCTGGA,2
mult-CGCATACACTGTAGCC,0
mult-CGCATACAAGTACAAG,0
mult-CGCATACAAACAACCA,0
mult-CGCATACAAACCGAGA,0
mult-CGCATACAAACGCTTA,0
mult-CGCATACAAAGACGGA,0
mult-CGCATACAAAGGTACA,0
mult-CGCATACAACACAGAA,0
mult-CGCATACAACAGCAGA,0
mult-CGCATACAAAACATCG,0
mult-CGCATACAACCTCCAA,0
mult-CGCATACAACGCTCGA,0
mult-CGCATACAACGTATCA,0
mult-CGCATACAACTATGCA,0
mult-CGCATACAAGAGTCAA,0
mult-CGCATACAAGATCGCA,0
mult-CGCATACAAGCAGGAA,0
mult-CGCATACAAGTCACTA,0
mult-CGCATACAATCCTGTA,0
mult-CGCATACAATTGAGGA,1
mult-CGCATACAATGCCTAA,0
mult-CGCATACACAACCACA,1
mult-CGCATACAGACTAGTA,1
mult-CGCATACACAATGGAA,1
mult-CGCATACACACTTCGA,1
mult-CGCATACACAGCGTTA,1
mult-CGCATACACATACCAA,1
mult-CGCATACACCAGTTCA,1
mult-CGCATACACCGAAGTA,1
mult-CGCATACACCGTGAGA,1
mult-CGCATACACCTCCTGA,1
mult-CGCATACAAGTGGTCA,0
mult-CGCATACACGAACTTA,1
mult-CGCATACACGACTGGA,1
mult-CGCATACACGCATACA,1
mult-CGCATACACTCAATGA,1
mult-CGCATACACTGAGCCA,1
mult-CGCATACACTGGCATA,1
mult-CGCATACAGAATCTGA,1
mult-CGCATACACAAGACTA,1
mult-CGCATACAGAGCTGAA,1
mult-CGCATACAGATAGACA,1
mult-CGCATACAACCACTGT,0
mult-CGCATACAGCCACATA,1
mult-CGCATACAGCGAGTAA,1
mult-CGCATACAGCTAACGA,1
mult-CGCATACAGCTCGGTA,1
mult-CGCATACAGGAGAACA,1
mult-CGCATACAGGTGCGAA,1
mult-CGCATACAGTACGCAA,1
mult-CGCATACAGTCGTAGA,1
mult-CGCATACAGTCTGTCA,1
mult-CGCATACAGTGTTCTA,1
mult-CGCATACAACATTGGC,0
mult-CGCATACATAGGATGA,1
mult-CGCATACATATCAGCA,3
mult-CGCATACATCCGTCTA,1
mult-CGCATACATCTTCACA,1
mult-CGCATACATGAAGAGA,1
mult-CGCATACATGGAACAA,1
mult-CGCATACATGGCTTCA,1
mult-CGCATACATGGTGGTA,1
mult-CGCATACATTCACGCA,1
mult-CGCATACAAACTCACC,5
mult-CGCATACACAGATCTG,0
mult-CGCATACAAAGAGATC,5
mult-CGCATACAAAGGACAC,5
mult-CGCATACAAATCCGTC,5
mult-CGCATACAAATGTTGC,2
mult-CGCATACAACACGACC,2
mult-CGCATACAACAGATTC,2
mult-CGCATACAAGATGTAC,2
mult-CGCATACAAGCACCTC,2
mult-CGCATACAAGCCATGC,4
mult-CGCATACAAGGCTAAC,2
mult-CGCATACACATCAAGT,0
mult-CGCATACAATAGCGAC,2
mult-CGCATACAATCATTCC,2
mult-CGCATACAATTGGCTC,2
mult-CGCATACACAAGGAGC,2
mult-CGCATACACACCTTAC,2
mult-CGCATACACCATCCTC,2
mult-CGCATACACCGACAAC,2
mult-CGCATACACCTAATCC,8
mult-CGCATACACCTCTATC,2
mult-CGCATACACGACACAC,2
mult-CGCATACACGCTGATC,0
mult-CGCATACACGGATTGC,8
mult-CGCATACACTAAGGTC,8
mult-CGCATACAGAACAGGC,8
mult-CGCATACAGACAGTGC,2
mult-CGCATACAGAGTTAGC,2
mult-CGCATACAGATGAATC,2
mult-CGCATACAGCCAAGAC,2
mult-CGCATACACGGAAGAA,7
mult-CGCATACAGTGACAAG,4
mult-CGCATACAGAACCAGA,4
mult-GCCAAGACAACGTGAT,0
mult-GCCAAGACACAAGCTA,0
mult-GCCAAGACTTGCTGGA,0
mult-GCCAAGACCTGTAGCC,0
mult-GCCAAGACAGTACAAG,0
mult-GCCAAGACAACAACCA,0
mult-GCCAAGACAACCGAGA,0
mult-GCCAAGACAACGCTTA,0
mult-GCCAAGACAAGACGGA,0
mult-GCCAAGACAAGGTACA,0
mult-GCCAAGACACACAGAA,0
mult-GCCAAGACACAGCAGA,0
mult-GCCAAGACAAACATCG,0
mult-GCCAAGACACCTCCAA,0
mult-GCCAAGACACGCTCGA,0
mult-GCCAAGACACGTATCA,0
mult-GCCAAGACACTATGCA,0
mult-GCCAAGACAGAGTCAA,0
mult-GCCAAGACAGATCGCA,0
mult-GCCAAGACAGCAGGAA,0
mult-GCCAAGACAGTCACTA,0
mult-GCCAAGACATCCTGTA,0
mult-GCCAAGACATTGAGGA,0
mult-GCCAAGACATGCCTAA,0
mult-GCCAAGACCAACCACA,0
mult-GCCAAGACGACTAGTA,0
mult-GCCAAGACCAATGGAA,0
mult-GCCAAGACCACTTCGA,0
mult-GCCAAGACCAGCGTTA,0
mult-GCCAAGACCATACCAA,0
mult-GCCAAGACCCAGTTCA,0
mult-GCCAAGACCCGAAGTA,0
mult-GCCAAGACCCGTGAGA,0
mult-GCCAAGACCCTCCTGA,0
mult-GCCAAGACAGTGGTCA,0
mult-GCCAAGACCGAACTTA,0
mult-GCCAAGACCGACTGGA,0
mult-GCCAAGACCGCATACA,0
mult-GCCAAGACCTCAATGA,0
mult-GCCAAGACCTGAGCCA,0
mult-GCCAAGACCTGGCATA,0
mult-GCCAAGACGAATCTGA,0
mult-GCCAAGACCAAGACTA,0
mult-GCCAAGACGAGCTGAA,0
mult-GCCAAGACGATAGACA,0
mult-GCCAAGACACCACTGT,0
mult-GCCAAGACGCCACATA,0
mult-GCCAAGACGCGAGTAA,0
mult-GCCAAGACGCTAACGA,0
mult-GCCAAGACGCTCGGTA,0
mult-GCCAAGACGGAGAACA,0
mult-GCCAAGACGGTGCGAA,0
mult-GCCAAGACGTACGCAA,0
mult-GCCAAGACGTCGTAGA,0
mult-GCCAAGACGTCTGTCA,0
mult-GCCAAGACGTGTTCTA,0
mult-GCCAAGACACATTGGC,0
mult-GCCAAGACTAGGATGA,0
mult-GCCAAGACTATCAGCA,0
mult-GCCAAGACTCCGTCTA,0
mult-GCCAAGACTCTTCACA,0
mult-GCCAAGACTGAAGAGA,0
mult-GCCAAGACTGGAACAA,3
mult-GCCAAGACTGGCTTCA,3
mult-GCCAAGACTGGTGGTA,3
mult-GCCAAGACTTCACGCA,3
mult-GCCAAGACAACTCACC,3
mult-GCCAAGACCAGATCTG,0
mult-GCCAAGACAAGAGATC,0
mult-GCCAAGACAAGGACAC,0
mult-GCCAAGACAATCCGTC,0
mult-GCCAAGACAATGTTGC,0
mult-GCCAAGACACACGACC,0
mult-GCCAAGACACAGATTC,0
mult-GCCAAGACAGATGTAC,0
mult-GCCAAGACAGCACCTC,0
mult-GCCAAGACAGCCATGC,0
mult-GCCAAGACAGGCTAAC,0
mult-GCCAAGACCATCAAGT,0
mult-GCCAAGACATAGCGAC,0
mult-GCCAAGACATCATTCC,0
mult-GCCAAGACATTGGCTC,0
mult-GCCAAGACCAAGGAGC,0
mult-GCCAAGACCACCTTAC,0
mult-GCCAAGACCCATCCTC,0
mult-GCCAAGACCCGACAAC,0
mult-GCCAAGACCCTAATCC,0
mult-GCCAAGACCCTCTATC,0
mult-GCCAAGACCGACACAC,2
mult-GCCAAGACCGCTGATC,0
mult-GCCAAGACCGGATTGC,2
mult-GCCAAGACCTAAGGTC,2
mult-GCCAAGACGAACAGGC,2
mult-GCCAAGACGACAGTGC,2
mult-GCCAAGACGAGTTAGC,2
mult-GCCAAGACGATGAATC,2
mult-GCCAAGACGCCAAGAC,0
mult-GCCAAGACCGGAAGAA,0
mult-GCCAAGACGTGACAAG,0
mult-GCCAAGACGAACCAGA,0
mult-CGACTGGAAACGTGAT,0
mult-CGACTGGAACAAGCTA,0
mult-CGACTGGATTGCTGGA,2
mult-CGACTGGACTGTAGCC,0
mult-CGACTGGAAGTACAAG,0
mult-CGACTGGAAACAACCA,0
mult-CGACTGGAAACCGAGA,0
mult-CGACTGGAAACGCTTA,0
mult-CGACTGGAAAGACGGA,0
mult-CGACTGGAAAGGTACA,0
mult-CGACTGGAACACAGAA,0
mult-CGACTGGAACAGCAGA,0
mult-CGACTGGAAAACATCG,0
mult-CGACTGGAACCTCCAA,0
mult-CGACTGGAACGCTCGA,0
mult-CGACTGGAACGTATCA,0
mult-CGACTGGAACTATGCA,0
mult-CGACTGGAAGAGTCAA,0
mult-CGACTGGAAGATCGCA,0
mult-CGACTGGAAGCAGGAA,0
mult-CGACTGGAAGTCACTA,0
mult-CGACTGGAATCCTGTA,3
mult-CGACTGGAATTGAGGA,3
mult-CGACTGGAATGCCTAA,0
mult-CGACTGGACAACCACA,1
mult-CGACTGGAGACTAGTA,1
mult-CGACTGGACAATGGAA,1
mult-CGACTGGACACTTCGA,1
mult-CGACTGGACAGCGTTA,1
mult-CGACTGGACATACCAA,1
mult-CGACTGGACCAGTTCA,1
mult-CGACTGGACCGAAGTA,1
mult-CGACTGGACCGTGAGA,1
mult-CGACTGGACCTCCTGA,1
mult-CGACTGGAAGTGGTCA,0
mult-CGACTGGACGAACTTA,1
mult-CGACTGGACGACTGGA,1
mult-CGACTGGACGCATACA,1
mult-CGACTGGACTCAATGA,1
mult-CGACTGGACTGAGCCA,1
mult-CGACTGGACTGGCATA,1
mult-CGACTGGAGAATCTGA,1
mult-CGACTGGACAAGACTA,1
mult-CGACTGGAGAGCTGAA,1
mult-CGACTGGAGATAGACA,1
mult-CGACTGGAACCACTGT,0
mult-CGACTGGAGCCACATA,1
mult-CGACTGGAGCGAGTAA,1
mult-CGACTGGAGCTAACGA,1
mult-CGACTGGAGCTCGGTA,1
mult-CGACTGGAGGAGAACA,1
mult-CGACTGGAGGTGCGAA,1
mult-CGACTGGAGTACGCAA,1
mult-CGACTGGAGTCGTAGA,3
mult-CGACTGGAGTCTGTCA,1
mult-CGACTGGAGTGTTCTA,1
mult-CGACTGGAACATTGGC,0
mult-CGACTGGATAGGATGA,1
mult-CGACTGGATATCAGCA,1
mult-CGACTGGATCCGTCTA,1
mult-CGACTGGATCTTCACA,3
mult-CGACTGGATGAAGAGA,1
mult-CGACTGGATGGAACAA,1
mult-CGACTGGATGGCTTCA,1
mult-CGACTGGATGGTGGTA,1
mult-CGACTGGATTCACGCA,1
mult-CGACTGGAAACTCACC,5
mult-CGACTGGACAGATCTG,7
mult-CGACTGGAAAGAGATC,5
mult-CGACTGGAAAGGACAC,5
mult-CGACTGGAAATCCGTC,5
mult-CGACTGGAAATGTTGC,5
mult-CGACTGGAACACGACC,2
mult-CGACTGGAACAGATTC,2
mult-CGACTGGAAGATGTAC,0
mult-CGACTGGAAGCACCTC,2
mult-CGACTGGAAGCCATGC,2
mult-CGACTGGAAGGCTAAC,8
mult-CGACTGGACATCAAGT,0
mult-CGACTGGAATAGCGAC,8
mult-CGACTGGAATCATTCC,7
mult-CGACTGGAATTGGCTC,2
mult-CGACTGGACAAGGAGC,2
mult-CGACTGGACACCTTAC,2
mult-CGACTGGACCATCCTC,2
mult-CGACTGGACCGACAAC,2
mult-CGACTGGACCTAATCC,2
mult-CGACTGGACCTCTATC,2
mult-CGACTGGACGACACAC,2
mult-CGACTGGACGCTGATC,0
mult-CGACTGGACGGATTGC,2
mult-CGACTGGACTAAGGTC,2
mult-CGACTGGAGAACAGGC,2
mult-CGACTGGAGACAGTGC,2
mult-CGACTGGAGAGTTAGC,2
mult-CGACTGGAGATGAATC,0
mult-CGACTGGAGCCAAGAC,2
mult-CGACTGGACGGAAGAA,2
mult-CGACTGGAGTGACAAG,2
mult-CGACTGGAGAACCAGA,2
mult-CGAACTTAAACGTGAT,0
mult-CGAACTTAACAAGCTA,0
mult-CGAACTTATTGCTGGA,2
mult-CGAACTTACTGTAGCC,0
mult-CGAACTTAAGTACAAG,0
mult-CGAACTTAAACAACCA,0
mult-CGAACTTAAACCGAGA,0
mult-CGAACTTAAACGCTTA,0
mult-CGAACTTAAAGACGGA,0
mult-CGAACTTAAAGGTACA,0
mult-CGAACTTAACACAGAA,0
mult-CGAACTTAACAGCAGA,0
mult-CGAACTTAAAACATCG,0
mult-CGAACTTAACCTCCAA,0
mult-CGAACTTAACGCTCGA,0
mult-CGAACTTAACGTATCA,0
mult-CGAACTTAACTATGCA,0
mult-CGAACTTAAGAGTCAA,0
mult-CGAACTTAAGATCGCA,0
mult-CGAACTTAAGCAGGAA,0
mult-CGAACTTAAGTCACTA,0
mult-CGAACTTAATCCTGTA,0
mult-CGAACTTAATTGAGGA,0
mult-CGAACTTAATGCCTAA,0
mult-CGAACTTACAACCACA,1
mult-CGAACTTAGACTAGTA,1
mult-CGAACTTACAATGGAA,1
mult-CGAACTTACACTTCGA,1
mult-CGAACTTACAGCGTTA,1
mult-CGAACTTACATACCAA,1
mult-CGAACTTACCAGTTCA,1
mult-CGAACTTACCGAAGTA,1
mult-CGAACTTACCGTGAGA,1
mult-CGAACTTACCTCCTGA,1
mult-CGAACTTAAGTGGTCA,0
mult-CGAACTTACGAACTTA,1
mult-CGAACTTACGACTGGA,1
mult-CGAACTTACGCATACA,1
mult-CGAACTTACTCAATGA,1
mult-CGAACTTACTGAGCCA,1
mult-CGAACTTACTGGCATA,1
mult-CGAACTTAGAATCTGA,1
mult-CGAACTTACAAGACTA,1
mult-CGAACTTAGAGCTGAA,1
mult-CGAACTTAGATAGACA,1
mult-CGAACTTAACCACTGT,0
mult-CGAACTTAGCCACATA,1
mult-CGAACTTAGCGAGTAA,1
mult-CGAACTTAGCTAACGA,1
mult-CGAACTTAGCTCGGTA,1
mult-CGAACTTAGGAGAACA,1
mult-CGAACTTAGGTGCGAA,1
mult-CGAACTTAGTACGCAA,1
mult-CGAACTTAGTCGTAGA,1
mult-CGAACTTAGTCTGTCA,1
mult-CGAACTTAGTGTTCTA,1
mult-CGAACTTAACATTGGC,0
mult-CGAACTTATAGGATGA,1
mult-CGAACTTATATCAGCA,1
mult-CGAACTTATCCGTCTA,1
mult-CGAACTTATCTTCACA,1
mult-CGAACTTATGAAGAGA,1
mult-CGAACTTATGGAACAA,1
mult-CGAACTTATGGCTTCA,1
mult-CGAACTTATGGTGGTA,1
mult-CGAACTTATTCACGCA,1
mult-CGAACTTAAACTCACC,5
mult-CGAACTTACAGATCTG,0
mult-CGAACTTAAAGAGATC,5
mult-CGAACTTAAAGGACAC,5
mult-CGAACTTAAATCCGTC,5
mult-CGAACTTAAATGTTGC,5
mult-CGAACTTAACACGACC,2
mult-CGAACTTAACAGATTC,2
mult-CGAACTTAAGATGTAC,2
mult-CGAACTTAAGCACCTC,2
mult-CGAACTTAAGCCATGC,2
mult-CGAACTTAAGGCTAAC,2
mult-CGAACTTACATCAAGT,0
mult-CGAACTTAATAGCGAC,2
mult-CGAACTTAATCATTCC,8
mult-CGAACTTAATTGGCTC,2
mult-CGAACTTACAAGGAGC,2
mult-CGAACTTACACCTTAC,2
mult-CGAACTTACCATCCTC,2
mult-CGAACTTACCGACAAC,8
mult-CGAACTTACCTAATCC,2
mult-CGAACTTACCTCTATC,2
mult-CGAACTTACGACACAC,2
mult-CGAACTTACGCTGATC,0
mult-CGAACTTACGGATTGC,2
mult-CGAACTTACTAAGGTC,2
mult-CGAACTTAGAACAGGC,2
mult-CGAACTTAGACAGTGC,6
mult-CGAACTTAGAGTTAGC,2
mult-CGAACTTAGATGAATC,2
mult-CGAACTTAGCCAAGAC,2
mult-CGAACTTACGGAAGAA,2
mult-CGAACTTAGTGACAAG,2
mult-CGAACTTAGAACCAGA,2
mult-CCTCCTGAAACGTGAT,0
mult-CCTCCTGAACAAGCTA,0
mult-CCTCCTGATTGCTGGA,2
mult-CCTCCTGACTGTAGCC,0
mult-CCTCCTGAAGTACAAG,0
mult-CCTCCTGAAACAACCA,0
mult-CCTCCTGAAACCGAGA,0
mult-CCTCCTGAAACGCTTA,0
mult-CCTCCTGAAAGACGGA,0
mult-CCTCCTGAAAGGTACA,0
mult-CCTCCTGAACACAGAA,0
mult-CCTCCTGAACAGCAGA,0
mult-CCTCCTGAAAACATCG,0
mult-CCTCCTGAACCTCCAA,0
mult-CCTCCTGAACGCTCGA,0
mult-CCTCCTGAACGTATCA,0
mult-CCTCCTGAACTATGCA,0
mult-CCTCCTGAAGAGTCAA,0
mult-CCTCCTGAAGATCGCA,0
mult-CCTCCTGAAGCAGGAA,0
mult-CCTCCTGAAGTCACTA,0
mult-CCTCCTGAATCCTGTA,0
mult-CCTCCTGAATTGAGGA,0
mult-CCTCCTGAATGCCTAA,0
mult-CCTCCTGACAACCACA,0
mult-CCTCCTGAGACTAGTA,1
mult-CCTCCTGACAATGGAA,1
mult-CCTCCTGACACTTCGA,1
mult-CCTCCTGACAGCGTTA,1
mult-CCTCCTGACATACCAA,1
mult-CCTCCTGACCAGTTCA,1
mult-CCTCCTGACCGAAGTA,1
mult-CCTCCTGACCGTGAGA,1
mult-CCTCCTGACCTCCTGA,1
mult-CCTCCTGAAGTGGTCA,0
mult-CCTCCTGACGAACTTA,1
mult-CCTCCTGACGACTGGA,1
mult-CCTCCTGACGCATACA,1
mult-CCTCCTGACTCAATGA,1
mult-CCTCCTGACTGAGCCA,1
mult-CCTCCTGACTGGCATA,1
mult-CCTCCTGAGAATCTGA,1
mult-CCTCCTGACAAGACTA,1
mult-CCTCCTGAGAGCTGAA,1
mult-CCTCCTGAGATAGACA,1
mult-CCTCCTGAACCACTGT,0
mult-CCTCCTGAGCCACATA,1
mult-CCTCCTGAGCGAGTAA,1
mult-CCTCCTGAGCTAACGA,1
mult-CCTCCTGAGCTCGGTA,1
mult-CCTCCTGAGGAGAACA,1
mult-CCTCCTGAGGTGCGAA,1
mult-CCTCCTGAGTACGCAA,1
mult-CCTCCTGAGTCGTAGA,1
mult-CCTCCTGAGTCTGTCA,1
mult-CCTCCTGAGTGTTCTA,1
mult-CCTCCTGAACATTGGC,0
mult-CCTCCTGATAGGATGA,1
mult-CCTCCTGATATCAGCA,4
mult-CCTCCTGATCCGTCTA,1
mult-CCTCCTGATCTTCACA,4
mult-CCTCCTGATGAAGAGA,1
mult-CCTCCTGATGGAACAA,1
mult-CCTCCTGATGGCTTCA,1
mult-CCTCCTGATGGTGGTA,1
mult-CCTCCTGATTCACGCA,1
mult-CCTCCTGAAACTCACC,5
mult-CCTCCTGACAGATCTG,0
mult-CCTCCTGAAAGAGATC,5
mult-CCTCCTGAAAGGACAC,5
mult-CCTCCTGAAATCCGTC,5
mult-CCTCCTGAAATGTTGC,5
mult-CCTCCTGAACACGACC,2
mult-CCTCCTGAACAGATTC,2
mult-CCTCCTGAAGATGTAC,4
mult-CCTCCTGAAGCACCTC,2
mult-CCTCCTGAAGCCATGC,2
mult-CCTCCTGAAGGCTAAC,2
mult-CCTCCTGACATCAAGT,0
mult-CCTCCTGAATAGCGAC,2
mult-CCTCCTGAATCATTCC,4
mult-CCTCCTGAATTGGCTC,2
mult-CCTCCTGACAAGGAGC,2
mult-CCTCCTGACACCTTAC,2
mult-CCTCCTGACCATCCTC,2
mult-CCTCCTGACCGACAAC,2
mult-CCTCCTGACCTAATCC,2
mult-CCTCCTGACCTCTATC,2
mult-CCTCCTGACGACACAC,2
mult-CCTCCTGACGCTGATC,0
mult-CCTCCTGACGGATTGC,2
mult-CCTCCTGACTAAGGTC,2
mult-CCTCCTGAGAACAGGC,2
mult-CCTCCTGAGACAGTGC,6
mult-CCTCCTGAGAGTTAGC,2
mult-CCTCCTGAGATGAATC,2
mult-CCTCCTGAGCCAAGAC,8
mult-CCTCCTGACGGAAGAA,2
mult-CCTCCTGAGTGACAAG,2
mult-CCTCCTGAGAACCAGA,2
mult-CCGTGAGAAACGTGAT,0
mult-CCGTGAGAACAAGCTA,0
mult-CCGTGAGATTGCTGGA,2
mult-CCGTGAGACTGTAGCC,0
mult-CCGTGAGAAGTACAAG,0
mult-CCGTGAGAAACAACCA,0
mult-CCGTGAGAAACCGAGA,0
mult-CCGTGAGAAACGCTTA,0
mult-CCGTGAGAAAGACGGA,0
mult-CCGTGAGAAAGGTACA,0
mult-CCGTGAGAACACAGAA,0
mult-CCGTGAGAACAGCAGA,0
mult-CCGTGAGAAAACATCG,0
mult-CCGTGAGAACCTCCAA,0
mult-CCGTGAGAACGCTCGA,0
mult-CCGTGAGAACGTATCA,0
mult-CCGTGAGAACTATGCA,0
mult-CCGTGAGAAGAGTCAA,0
mult-CCGTGAGAAGATCGCA,0
mult-CCGTGAGAAGCAGGAA,0
mult-CCGTGAGAAGTCACTA,0
mult-CCGTGAGAATCCTGTA,0
mult-CCGTGAGAATTGAGGA,0
mult-CCGTGAGAATGCCTAA,0
mult-CCGTGAGACAACCACA,0
mult-CCGTGAGAGACTAGTA,1
mult-CCGTGAGACAATGGAA,1
mult-CCGTGAGACACTTCGA,1
mult-CCGTGAGACAGCGTTA,1
mult-CCGTGAGACATACCAA,1
mult-CCGTGAGACCAGTTCA,1
mult-CCGTGAGACCGAAGTA,1
mult-CCGTGAGACCGTGAGA,1
mult-CCGTGAGACCTCCTGA,1
mult-CCGTGAGAAGTGGTCA,4
mult-CCGTGAGACGAACTTA,1
mult-CCGTGAGACGACTGGA,1
mult-CCGTGAGACGCATACA,1
mult-CCGTGAGACTCAATGA,1
mult-CCGTGAGACTGAGCCA,1
mult-CCGTGAGACTGGCATA,1
mult-CCGTGAGAGAATCTGA,1
mult-CCGTGAGACAAGACTA,1
mult-CCGTGAGAGAGCTGAA,1
mult-CCGTGAGAGATAGACA,1
mult-CCGTGAGAACCACTGT,0
mult-CCGTGAGAGCCACATA,1
mult-CCGTGAGAGCGAGTAA,1
mult-CCGTGAGAGCTAACGA,1
mult-CCGTGAGAGCTCGGTA,1
mult-CCGTGAGAGGAGAACA,1
mult-CCGTGAGAGGTGCGAA,1
mult-CCGTGAGAGTACGCAA,1
mult-CCGTGAGAGTCGTAGA,1
mult-CCGTGAGAGTCTGTCA,1
mult-CCGTGAGAGTGTTCTA,1
mult-CCGTGAGAACATTGGC,0
mult-CCGTGAGATAGGATGA,1
mult-CCGTGAGATATCAGCA,1
mult-CCGTGAGATCCGTCTA,1
mult-CCGTGAGATCTTCACA,4
mult-CCGTGAGATGAAGAGA,1
mult-CCGTGAGATGGAACAA,1
mult-CCGTGAGATGGCTTCA,1
mult-CCGTGAGATGGTGGTA,1
mult-CCGTGAGATTCACGCA,1
mult-CCGTGAGAAACTCACC,1
mult-CCGTGAGACAGATCTG,0
mult-CCGTGAGAAAGAGATC,5
mult-CCGTGAGAAAGGACAC,5
mult-CCGTGAGAAATCCGTC,5
mult-CCGTGAGAAATGTTGC,2
mult-CCGTGAGAACACGACC,2
mult-CCGTGAGAACAGATTC,2
mult-CCGTGAGAAGATGTAC,2
mult-CCGTGAGAAGCACCTC,2
mult-CCGTGAGAAGCCATGC,7
mult-CCGTGAGAAGGCTAAC,2
mult-CCGTGAGACATCAAGT,0
mult-CCGTGAGAATAGCGAC,4
mult-CCGTGAGAATCATTCC,4
mult-CCGTGAGAATTGGCTC,2
mult-CCGTGAGACAAGGAGC,2
mult-CCGTGAGACACCTTAC,8
mult-CCGTGAGACCATCCTC,2
mult-CCGTGAGACCGACAAC,2
mult-CCGTGAGACCTAATCC,2
mult-CCGTGAGACCTCTATC,2
mult-CCGTGAGACGACACAC,2
mult-CCGTGAGACGCTGATC,0
mult-CCGTGAGACGGATTGC,2
mult-CCGTGAGACTAAGGTC,9
mult-CCGTGAGAGAACAGGC,2
mult-CCGTGAGAGACAGTGC,6
mult-CCGTGAGAGAGTTAGC,2
mult-CCGTGAGAGATGAATC,2
mult-CCGTGAGAGCCAAGAC,2
mult-CCGTGAGACGGAAGAA,2
mult-CCGTGAGAGTGACAAG,2
mult-CCGTGAGAGAACCAGA,2
mult-CCGAAGTAAACGTGAT,0
mult-CCGAAGTAACAAGCTA,0
mult-CCGAAGTATTGCTGGA,2
mult-CCGAAGTACTGTAGCC,0
mult-CCGAAGTAAGTACAAG,0
mult-CCGAAGTAAACAACCA,0
mult-CCGAAGTAAACCGAGA,0
mult-CCGAAGTAAACGCTTA,0
mult-CCGAAGTAAAGACGGA,0
mult-CCGAAGTAAAGGTACA,0
mult-CCGAAGTAACACAGAA,0
mult-CCGAAGTAACAGCAGA,0
mult-CCGAAGTAAAACATCG,0
mult-CCGAAGTAACCTCCAA,0
mult-CCGAAGTAACGCTCGA,0
mult-CCGAAGTAACGTATCA,0
mult-CCGAAGTAACTATGCA,0
mult-CCGAAGTAAGAGTCAA,0
mult-CCGAAGTAAGATCGCA,0
mult-CCGAAGTAAGCAGGAA,0
mult-CCGAAGTAAGTCACTA,0
mult-CCGAAGTAATCCTGTA,0
mult-CCGAAGTAATTGAGGA,0
mult-CCGAAGTAATGCCTAA,0
mult-CCGAAGTACAACCACA,0
mult-CCGAAGTAGACTAGTA,2
mult-CCGAAGTACAATGGAA,1
mult-CCGAAGTACACTTCGA,1
mult-CCGAAGTACAGCGTTA,1
mult-CCGAAGTACATACCAA,1
mult-CCGAAGTACCAGTTCA,1
mult-CCGAAGTACCGAAGTA,1
mult-CCGAAGTACCGTGAGA,1
mult-CCGAAGTACCTCCTGA,1
mult-CCGAAGTAAGTGGTCA,0
mult-CCGAAGTACGAACTTA,1
mult-CCGAAGTACGACTGGA,1
mult-CCGAAGTACGCATACA,1
mult-CCGAAGTACTCAATGA,1
mult-CCGAAGTACTGAGCCA,1
mult-CCGAAGTACTGGCATA,1
mult-CCGAAGTAGAATCTGA,1
mult-CCGAAGTACAAGACTA,1
mult-CCGAAGTAGAGCTGAA,1
mult-CCGAAGTAGATAGACA,1
mult-CCGAAGTAACCACTGT,0
mult-CCGAAGTAGCCACATA,1
mult-CCGAAGTAGCGAGTAA,1
mult-CCGAAGTAGCTAACGA,1
mult-CCGAAGTAGCTCGGTA,1
mult-CCGAAGTAGGAGAACA,1
mult-CCGAAGTAGGTGCGAA,1
mult-CCGAAGTAGTACGCAA,1
mult-CCGAAGTAGTCGTAGA,1
mult-CCGAAGTAGTCTGTCA,1
mult-CCGAAGTAGTGTTCTA,1
mult-CCGAAGTAACATTGGC,0
mult-CCGAAGTATAGGATGA,1
mult-CCGAAGTATATCAGCA,1
mult-CCGAAGTATCCGTCTA,1
mult-CCGAAGTATCTTCACA,1
mult-CCGAAGTATGAAGAGA,1
mult-CCGAAGTATGGAACAA,1
mult-CCGAAGTATGGCTTCA,1
mult-CCGAAGTATGGTGGTA,1
mult-CCGAAGTATTCACGCA,1
mult-CCGAAGTAAACTCACC,1
mult-CCGAAGTACAGATCTG,0
mult-CCGAAGTAAAGAGATC,1
mult-CCGAAGTAAAGGACAC,1
mult-CCGAAGTAAATCCGTC,1
mult-CCGAAGTAAATGTTGC,1
mult-CCGAAGTAACACGACC,5
mult-CCGAAGTAACAGATTC,2
mult-CCGAAGTAAGATGTAC,2
mult-CCGAAGTAAGCACCTC,2
mult-CCGAAGTAAGCCATGC,2
mult-CCGAAGTAAGGCTAAC,4
mult-CCGAAGTACATCAAGT,0
mult-CCGAAGTAATAGCGAC,2
mult-CCGAAGTAATCATTCC,0
mult-CCGAAGTAATTGGCTC,0
mult-CCGAAGTACAAGGAGC,2
mult-CCGAAGTACACCTTAC,2
mult-CCGAAGTACCATCCTC,4
mult-CCGAAGTACCGACAAC,2
mult-CCGAAGTACCTAATCC,7
mult-CCGAAGTACCTCTATC,2
mult-CCGAAGTACGACACAC,2
mult-CCGAAGTACGCTGATC,0
mult-CCGAAGTACGGATTGC,2
mult-CCGAAGTACTAAGGTC,9
mult-CCGAAGTAGAACAGGC,9
mult-CCGAAGTAGACAGTGC,2
mult-CCGAAGTAGAGTTAGC,2
mult-CCGAAGTAGATGAATC,2
mult-CCGAAGTAGCCAAGAC,7
mult-CCGAAGTACGGAAGAA,2
mult-CCGAAGTAGTGACAAG,4
mult-CCGAAGTAGAACCAGA,4
mult-CCAGTTCAAACGTGAT,0
mult-CCAGTTCAACAAGCTA,0
mult-CCAGTTCATTGCTGGA,2
mult-CCAGTTCACTGTAGCC,0
mult-CCAGTTCAAGTACAAG,0
mult-CCAGTTCAAACAACCA,7
mult-CCAGTTCAAACCGAGA,0
mult-CCAGTTCAAACGCTTA,0
mult-CCAGTTCAAAGACGGA,0
mult-CCAGTTCAAAGGTACA,0
mult-CCAGTTCAACACAGAA,0
mult-CCAGTTCAACAGCAGA,0
mult-CCAGTTCAAAACATCG,0
mult-CCAGTTCAACCTCCAA,0
mult-CCAGTTCAACGCTCGA,0
mult-CCAGTTCAACGTATCA,0
mult-CCAGTTCAACTATGCA,0
mult-CCAGTTCAAGAGTCAA,0
mult-CCAGTTCAAGATCGCA,0
mult-CCAGTTCAAGCAGGAA,0
mult-CCAGTTCAAGTCACTA,0
mult-CCAGTTCAATCCTGTA,0
mult-CCAGTTCAATTGAGGA,0
mult-CCAGTTCAATGCCTAA,0
mult-CCAGTTCACAACCACA,0
mult-CCAGTTCAGACTAGTA,3
mult-CCAGTTCACAATGGAA,1
mult-CCAGTTCACACTTCGA,1
mult-CCAGTTCACAGCGTTA,1
mult-CCAGTTCACATACCAA,1
mult-CCAGTTCACCAGTTCA,1
mult-CCAGTTCACCGAAGTA,1
mult-CCAGTTCACCGTGAGA,1
mult-CCAGTTCACCTCCTGA,1
mult-CCAGTTCAAGTGGTCA,0
mult-CCAGTTCACGAACTTA,1
mult-CCAGTTCACGACTGGA,1
mult-CCAGTTCACGCATACA,1
mult-CCAGTTCACTCAATGA,1
mult-CCAGTTCACTGAGCCA,1
mult-CCAGTTCACTGGCATA,1
mult-CCAGTTCAGAATCTGA,1
mult-CCAGTTCACAAGACTA,1
mult-CCAGTTCAGAGCTGAA,1
mult-CCAGTTCAGATAGACA,1
mult-CCAGTTCAACCACTGT,0
mult-CCAGTTCAGCCACATA,1
mult-CCAGTTCAGCGAGTAA,1
mult-CCAGTTCAGCTAACGA,1
mult-CCAGTTCAGCTCGGTA,1
mult-CCAGTTCAGGAGAACA,1
mult-CCAGTTCAGGTGCGAA,1
mult-CCAGTTCAGTACGCAA,1
mult-CCAGTTCAGTCGTAGA,1
mult-CCAGTTCAGTCTGTCA,1
mult-CCAGTTCAGTGTTCTA,1
mult-CCAGTTCAACATTGGC,0
mult-CCAGTTCATAGGATGA,1
mult-CCAGTTCATATCAGCA,1
mult-CCAGTTCATCCGTCTA,1
mult-CCAGTTCATCTTCACA,1
mult-CCAGTTCATGAAGAGA,4
mult-CCAGTTCATGGAACAA,3
mult-CCAGTTCATGGCTTCA,1
mult-CCAGTTCATGGTGGTA,1
mult-CCAGTTCATTCACGCA,1
mult-CCAGTTCAAACTCACC,1
mult-CCAGTTCACAGATCTG,0
mult-CCAGTTCAAAGAGATC,1
mult-CCAGTTCAAAGGACAC,1
mult-CCAGTTCAAATCCGTC,1
mult-CCAGTTCAAATGTTGC,1
mult-CCAGTTCAACACGACC,1
mult-CCAGTTCAACAGATTC,1
mult-CCAGTTCAAGATGTAC,2
mult-CCAGTTCAAGCACCTC,2
mult-CCAGTTCAAGCCATGC,8
mult-CCAGTTCAAGGCTAAC,8
mult-CCAGTTCACATCAAGT,0
mult-CCAGTTCAATAGCGAC,2
mult-CCAGTTCAATCATTCC,2
mult-CCAGTTCAATTGGCTC,2
mult-CCAGTTCACAAGGAGC,0
mult-CCAGTTCACACCTTAC,8
mult-CCAGTTCACCATCCTC,2
mult-CCAGTTCACCGACAAC,2
mult-CCAGTTCACCTAATCC,8
mult-CCAGTTCACCTCTATC,2
mult-CCAGTTCACGACACAC,2
mult-CCAGTTCACGCTGATC,0
mult-CCAGTTCACGGATTGC,9
mult-CCAGTTCACTAAGGTC,9
mult-CCAGTTCAGAACAGGC,9
mult-CCAGTTCAGACAGTGC,9
mult-CCAGTTCAGAGTTAGC,2
mult-CCAGTTCAGATGAATC,2
mult-CCAGTTCAGCCAAGAC,2
mult-CCAGTTCACGGAAGAA,8
mult-CCAGTTCAGTGACAAG,2
mult-CCAGTTCAGAACCAGA,2
mult-CATACCAAAACGTGAT,0
mult-CATACCAAACAAGCTA,0
mult-CATACCAATTGCTGGA,2
mult-CATACCAACTGTAGCC,0
mult-CATACCAAAGTACAAG,0
mult-CATACCAAAACAACCA,0
mult-CATACCAAAACCGAGA,0
mult-CATACCAAAACGCTTA,0
mult-CATACCAAAAGACGGA,0
mult-CATACCAAAAGGTACA,0
mult-CATACCAAACACAGAA,0
mult-CATACCAAACAGCAGA,0
mult-CATACCAAAAACATCG,0
mult-CATACCAAACCTCCAA,0
mult-CATACCAAACGCTCGA,0
mult-CATACCAAACGTATCA,0
mult-CATACCAAACTATGCA,0
mult-CATACCAAAGAGTCAA,0
mult-CATACCAAAGATCGCA,0
mult-CATACCAAAGCAGGAA,0
mult-CATACCAAAGTCACTA,4
mult-CATACCAAATCCTGTA,0
mult-CATACCAAATTGAGGA,0
mult-CATACCAAATGCCTAA,0
mult-CATACCAACAACCACA,0
mult-CATACCAAGACTAGTA,0
mult-CATACCAACAATGGAA,4
mult-CATACCAACACTTCGA,1
mult-CATACCAACAGCGTTA,1
mult-CATACCAACATACCAA,1
mult-CATACCAACCAGTTCA,1
mult-CATACCAACCGAAGTA,1
mult-CATACCAACCGTGAGA,1
mult-CATACCAACCTCCTGA,1
mult-CATACCAAAGTGGTCA,0
mult-CATACCAACGAACTTA,1
mult-CATACCAACGACTGGA,1
mult-CATACCAACGCATACA,1
mult-CATACCAACTCAATGA,1
mult-CATACCAACTGAGCCA,1
mult-CATACCAACTGGCATA,1
mult-CATACCAAGAATCTGA,1
mult-CATACCAACAAGACTA,1
mult-CATACCAAGAGCTGAA,2
mult-CATACCAAGATAGACA,1
mult-CATACCAAACCACTGT,0
mult-CATACCAAGCCACATA,1
mult-CATACCAAGCGAGTAA,1
mult-CATACCAAGCTAACGA,1
mult-CATACCAAGCTCGGTA,1
mult-CATACCAAGGAGAACA,1
mult-CATACCAAGGTGCGAA,1
mult-CATACCAAGTACGCAA,1
mult-CATACCAAGTCGTAGA,1
mult-CATACCAAGTCTGTCA,1
mult-CATACCAAGTGTTCTA,1
mult-CATACCAAACATTGGC,0
mult-CATACCAATAGGATGA,1
mult-CATACCAATATCAGCA,1
mult-CATACCAATCCGTCTA,1
mult-CATACCAATCTTCACA,1
mult-CATACCAATGAAGAGA,4
mult-CATACCAATGGAACAA,1
mult-CATACCAATGGCTTCA,1
mult-CATACCAATGGTGGTA,1
mult-CATACCAATTCACGCA,1
mult-CATACCAAAACTCACC,1
mult-CATACCAACAGATCTG,0
mult-CATACCAAAAGAGATC,1
mult-CATACCAAAAGGACAC,1
mult-CATACCAAAATCCGTC,1
mult-CATACCAAAATGTTGC,1
mult-CATACCAAACACGACC,1
mult-CATACCAAACAGATTC,1
mult-CATACCAAAGATGTAC,2
mult-CATACCAAAGCACCTC,2
mult-CATACCAAAGCCATGC,4
mult-CATACCAAAGGCTAAC,2
mult-CATACCAACATCAAGT,0
mult-CATACCAAATAGCGAC,8
mult-CATACCAAATCATTCC,2
mult-CATACCAAATTGGCTC,2
mult-CATACCAACAAGGAGC,2
mult-CATACCAACACCTTAC,8
mult-CATACCAACCATCCTC,8
mult-CATACCAACCGACAAC,2
mult-CATACCAACCTAATCC,2
mult-CATACCAACCTCTATC,2
mult-CATACCAACGACACAC,2
mult-CATACCAACGCTGATC,0
mult-CATACCAACGGATTGC,9
mult-CATACCAACTAAGGTC,9
mult-CATACCAAGAACAGGC,9
mult-CATACCAAGACAGTGC,9
mult-CATACCAAGAGTTAGC,2
mult-CATACCAAGATGAATC,2
mult-CATACCAAGCCAAGAC,2
mult-CATACCAACGGAAGAA,2
mult-CATACCAAGTGACAAG,8
mult-CATACCAAGAACCAGA,2
mult-CAGCGTTAAACGTGAT,10
mult-CAGCGTTAACAAGCTA,0
mult-CAGCGTTATTGCTGGA,7
mult-CAGCGTTACTGTAGCC,0
mult-CAGCGTTAAGTACAAG,0
mult-CAGCGTTAAACAACCA,0
mult-CAGCGTTAAACCGAGA,0
mult-CAGCGTTAAACGCTTA,0
mult-CAGCGTTAAAGACGGA,0
mult-CAGCGTTAAAGGTACA,0
mult-CAGCGTTAACACAGAA,0
mult-CAGCGTTAACAGCAGA,0
mult-CAGCGTTAAAACATCG,10
mult-CAGCGTTAACCTCCAA,0
mult-CAGCGTTAACGCTCGA,0
mult-CAGCGTTAACGTATCA,0
mult-CAGCGTTAACTATGCA,0
mult-CAGCGTTAAGAGTCAA,0
mult-CAGCGTTAAGATCGCA,0
mult-CAGCGTTAAGCAGGAA,0
mult-CAGCGTTAAGTCACTA,0
mult-CAGCGTTAATCCTGTA,0
mult-CAGCGTTAATTGAGGA,0
mult-CAGCGTTAATGCCTAA,0
mult-CAGCGTTACAACCACA,0
mult-CAGCGTTAGACTAGTA,0
mult-CAGCGTTACAATGGAA,0
mult-CAGCGTTACACTTCGA,1
mult-CAGCGTTACAGCGTTA,1
mult-CAGCGTTACATACCAA,7
mult-CAGCGTTACCAGTTCA,1
mult-CAGCGTTACCGAAGTA,1
mult-CAGCGTTACCGTGAGA,1
mult-CAGCGTTACCTCCTGA,1
mult-CAGCGTTAAGTGGTCA,0
mult-CAGCGTTACGAACTTA,1
mult-CAGCGTTACGACTGGA,1
mult-CAGCGTTACGCATACA,1
mult-CAGCGTTACTCAATGA,1
mult-CAGCGTTACTGAGCCA,1
mult-CAGCGTTACTGGCATA,1
mult-CAGCGTTAGAATCTGA,1
mult-CAGCGTTACAAGACTA,1
mult-CAGCGTTAGAGCTGAA,7
mult-CAGCGTTAGATAGACA,1
mult-CAGCGTTAACCACTGT,0
mult-CAGCGTTAGCCACATA,1
mult-CAGCGTTAGCGAGTAA,1
mult-CAGCGTTAGCTAACGA,1
mult-CAGCGTTAGCTCGGTA,4
mult-CAGCGTTAGGAGAACA,4
mult-CAGCGTTAGGTGCGAA,7
mult-CAGCGTTAGTACGCAA,1
mult-CAGCGTTAGTCGTAGA,1
mult-CAGCGTTAGTCTGTCA,1
mult-CAGCGTTAGTGTTCTA,1
mult-CAGCGTTAACATTGGC,0
mult-CAGCGTTATAGGATGA,1
mult-CAGCGTTATATCAGCA,1
mult-CAGCGTTATCCGTCTA,1
mult-CAGCGTTATCTTCACA,1
mult-CAGCGTTATGAAGAGA,1
mult-CAGCGTTATGGAACAA,1
mult-CAGCGTTATGGCTTCA,1
mult-CAGCGTTATGGTGGTA,1
mult-CAGCGTTATTCACGCA,1
mult-CAGCGTTAAACTCACC,1
mult-CAGCGTTACAGATCTG,0
mult-CAGCGTTAAAGAGATC,1
mult-CAGCGTTAAAGGACAC,1
mult-CAGCGTTAAATCCGTC,1
mult-CAGCGTTAAATGTTGC,1
mult-CAGCGTTAACACGACC,1
mult-CAGCGTTAACAGATTC,1
mult-CAGCGTTAAGATGTAC,2
mult-CAGCGTTAAGCACCTC,2
mult-CAGCGTTAAGCCATGC,1
mult-CAGCGTTAAGGCTAAC,2
mult-CAGCGTTACATCAAGT,0
mult-CAGCGTTAATAGCGAC,4
mult-CAGCGTTAATCATTCC,2
mult-CAGCGTTAATTGGCTC,4
mult-CAGCGTTACAAGGAGC,8
mult-CAGCGTTACACCTTAC,8
mult-CAGCGTTACCATCCTC,4
mult-CAGCGTTACCGACAAC,2
mult-CAGCGTTACCTAATCC,1
mult-CAGCGTTACCTCTATC,2
mult-CAGCGTTACGACACAC,2
mult-CAGCGTTACGCTGATC,0
mult-CAGCGTTACGGATTGC,9
mult-CAGCGTTACTAAGGTC,9
mult-CAGCGTTAGAACAGGC,9
mult-CAGCGTTAGACAGTGC,9
mult-CAGCGTTAGAGTTAGC,9
mult-CAGCGTTAGATGAATC,2
mult-CAGCGTTAGCCAAGAC,2
mult-CAGCGTTACGGAAGAA,2
mult-CAGCGTTAGTGACAAG,2
mult-CAGCGTTAGAACCAGA,2
mult-CACTTCGAAACGTGAT,10
mult-CACTTCGAACAAGCTA,0
mult-CACTTCGATTGCTGGA,2
mult-CACTTCGACTGTAGCC,0
mult-CACTTCGAAGTACAAG,0
mult-CACTTCGAAACAACCA,0
mult-CACTTCGAAACCGAGA,0
mult-CACTTCGAAACGCTTA,0
mult-CACTTCGAAAGACGGA,0
mult-CACTTCGAAAGGTACA,0
mult-CACTTCGAACACAGAA,0
mult-CACTTCGAACAGCAGA,0
mult-CACTTCGAAAACATCG,10
mult-CACTTCGAACCTCCAA,4
mult-CACTTCGAACGCTCGA,0
mult-CACTTCGAACGTATCA,0
mult-CACTTCGAACTATGCA,0
mult-CACTTCGAAGAGTCAA,0
mult-CACTTCGAAGATCGCA,0
mult-CACTTCGAAGCAGGAA,2
mult-CACTTCGAAGTCACTA,2
mult-CACTTCGAATCCTGTA,0
mult-CACTTCGAATTGAGGA,0
mult-CACTTCGAATGCCTAA,0
mult-CACTTCGACAACCACA,0
mult-CACTTCGAGACTAGTA,0
mult-CACTTCGACAATGGAA,0
mult-CACTTCGACACTTCGA,0
mult-CACTTCGACAGCGTTA,4
mult-CACTTCGACATACCAA,1
mult-CACTTCGACCAGTTCA,1
mult-CACTTCGACCGAAGTA,1
mult-CACTTCGACCGTGAGA,1
mult-CACTTCGACCTCCTGA,1
mult-CACTTCGAAGTGGTCA,0
mult-CACTTCGACGAACTTA,1
mult-CACTTCGACGACTGGA,1
mult-CACTTCGACGCATACA,1
mult-CACTTCGACTCAATGA,1
mult-CACTTCGACTGAGCCA,1
mult-CACTTCGACTGGCATA,1
mult-CACTTCGAGAATCTGA,1
mult-CACTTCGACAAGACTA,1
mult-CACTTCGAGAGCTGAA,1
mult-CACTTCGAGATAGACA,4
mult-CACTTCGAACCACTGT,0
mult-CACTTCGAGCCACATA,1
mult-CACTTCGAGCGAGTAA,1
mult-CACTTCGAGCTAACGA,4
mult-CACTTCGAGCTCGGTA,1
mult-CACTTCGAGGAGAACA,1
mult-CACTTCGAGGTGCGAA,1
mult-CACTTCGAGTACGCAA,1
mult-CACTTCGAGTCGTAGA,1
mult-CACTTCGAGTCTGTCA,1
mult-CACTTCGAGTGTTCTA,1
mult-CACTTCGAACATTGGC,0
mult-CACTTCGATAGGATGA,1
mult-CACTTCGATATCAGCA,1
mult-CACTTCGATCCGTCTA,1
mult-CACTTCGATCTTCACA,1
mult-CACTTCGATGAAGAGA,1
mult-CACTTCGATGGAACAA,1
mult-CACTTCGATGGCTTCA,1
mult-CACTTCGATGGTGGTA,1
mult-CACTTCGATTCACGCA,1
mult-CACTTCGAAACTCACC,1
mult-CACTTCGACAGATCTG,0
mult-CACTTCGAAAGAGATC,1
mult-CACTTCGAAAGGACAC,1
mult-CACTTCGAAATCCGTC,1
mult-CACTTCGAAATGTTGC,1
mult-CACTTCGAACACGACC,1
mult-CACTTCGAACAGATTC,1
mult-CACTTCGAAGATGTAC,2
mult-CACTTCGAAGCACCTC,2
mult-CACTTCGAAGCCATGC,2
mult-CACTTCGAAGGCTAAC,8
mult-CACTTCGACATCAAGT,0
mult-CACTTCGAATAGCGAC,4
mult-CACTTCGAATCATTCC,2
mult-CACTTCGAATTGGCTC,2
mult-CACTTCGACAAGGAGC,2
mult-CACTTCGACACCTTAC,2
mult-CACTTCGACCATCCTC,2
mult-CACTTCGACCGACAAC,2
mult-CACTTCGACCTAATCC,4
mult-CACTTCGACCTCTATC,2
mult-CACTTCGACGACACAC,2
mult-CACTTCGACGCTGATC,0
mult-CACTTCGACGGATTGC,9
mult-CACTTCGACTAAGGTC,9
mult-CACTTCGAGAACAGGC,9
mult-CACTTCGAGACAGTGC,9
mult-CACTTCGAGAGTTAGC,2
mult-CACTTCGAGATGAATC,2
mult-CACTTCGAGCCAAGAC,2
mult-CACTTCGACGGAAGAA,1
mult-CACTTCGAGTGACAAG,4
mult-CACTTCGAGAACCAGA,8
mult-CAATGGAAAACGTGAT,10
mult-CAATGGAAACAAGCTA,0
mult-CAATGGAATTGCTGGA,4
mult-CAATGGAACTGTAGCC,0
mult-CAATGGAAAGTACAAG,0
mult-CAATGGAAAACAACCA,0
mult-CAATGGAAAACCGAGA,0
mult-CAATGGAAAACGCTTA,0
mult-CAATGGAAAAGACGGA,0
mult-CAATGGAAAAGGTACA,0
mult-CAATGGAAACACAGAA,0
mult-CAATGGAAACAGCAGA,0
mult-CAATGGAAAAACATCG,10
mult-CAATGGAAACCTCCAA,0
mult-CAATGGAAACGCTCGA,7
mult-CAATGGAAACGTATCA,0
mult-CAATGGAAACTATGCA,0
mult-CAATGGAAAGAGTCAA,0
mult-CAATGGAAAGATCGCA,0
mult-CAATGGAAAGCAGGAA,0
mult-CAATGGAAAGTCACTA,0
mult-CAATGGAAATCCTGTA,0
mult-CAATGGAAATTGAGGA,0
mult-CAATGGAAATGCCTAA,10
mult-CAATGGAACAACCACA,0
mult-CAATGGAAGACTAGTA,0
mult-CAATGGAACAATGGAA,0
mult-CAATGGAACACTTCGA,0
mult-CAATGGAACAGCGTTA,3
mult-CAATGGAACATACCAA,1
mult-CAATGGAACCAGTTCA,1
mult-CAATGGAACCGAAGTA,1
mult-CAATGGAACCGTGAGA,1
mult-CAATGGAACCTCCTGA,1
mult-CAATGGAAAGTGGTCA,2
mult-CAATGGAACGAACTTA,1
mult-CAATGGAACGACTGGA,1
mult-CAATGGAACGCATACA,1
mult-CAATGGAACTCAATGA,1
mult-CAATGGAACTGAGCCA,1
mult-CAATGGAACTGGCATA,1
mult-CAATGGAAGAATCTGA,1
mult-CAATGGAACAAGACTA,1
mult-CAATGGAAGAGCTGAA,1
mult-CAATGGAAGATAGACA,1
mult-CAATGGAAACCACTGT,0
mult-CAATGGAAGCCACATA,1
mult-CAATGGAAGCGAGTAA,1
mult-CAATGGAAGCTAACGA,1
mult-CAATGGAAGCTCGGTA,1
mult-CAATGGAAGGAGAACA,1
mult-CAATGGAAGGTGCGAA,1
mult-CAATGGAAGTACGCAA,1
mult-CAATGGAAGTCGTAGA,1
mult-CAATGGAAGTCTGTCA,1
mult-CAATGGAAGTGTTCTA,1
mult-CAATGGAAACATTGGC,0
mult-CAATGGAATAGGATGA,1
mult-CAATGGAATATCAGCA,1
mult-CAATGGAATCCGTCTA,8
mult-CAATGGAATCTTCACA,1
mult-CAATGGAATGAAGAGA,1
mult-CAATGGAATGGAACAA,1
mult-CAATGGAATGGCTTCA,1
mult-CAATGGAATGGTGGTA,1
mult-CAATGGAATTCACGCA,1
mult-CAATGGAAAACTCACC,1
mult-CAATGGAACAGATCTG,0
mult-CAATGGAAAAGAGATC,1
mult-CAATGGAAAAGGACAC,1
mult-CAATGGAAAATCCGTC,1
mult-CAATGGAAAATGTTGC,1
mult-CAATGGAAACACGACC,1
mult-CAATGGAAACAGATTC,1
mult-CAATGGAAAGATGTAC,1
mult-CAATGGAAAGCACCTC,2
mult-CAATGGAAAGCCATGC,2
mult-CAATGGAAAGGCTAAC,8
mult-CAATGGAACATCAAGT,8
mult-CAATGGAAATAGCGAC,8
mult-CAATGGAAATCATTCC,2
mult-CAATGGAAATTGGCTC,8
mult-CAATGGAACAAGGAGC,8
mult-CAATGGAACACCTTAC,2
mult-CAATGGAACCATCCTC,2
mult-CAATGGAACCGACAAC,2
mult-CAATGGAACCTAATCC,4
mult-CAATGGAACCTCTATC,2
mult-CAATGGAACGACACAC,2
mult-CAATGGAACGCTGATC,0
mult-CAATGGAACGGATTGC,2
mult-CAATGGAACTAAGGTC,2
mult-CAATGGAAGAACAGGC,9
mult-CAATGGAAGACAGTGC,9
mult-CAATGGAAGAGTTAGC,2
mult-CAATGGAAGATGAATC,2
mult-CAATGGAAGCCAAGAC,2
mult-CAATGGAACGGAAGAA,8
mult-CAATGGAAGTGACAAG,2
mult-CAATGGAAGAACCAGA,2
mult-GATGAATCAACGTGAT,0
mult-GATGAATCACAAGCTA,0
mult-GATGAATCTTGCTGGA,0
mult-GATGAATCCTGTAGCC,0
mult-GATGAATCAGTACAAG,0
mult-GATGAATCAACAACCA,0
mult-GATGAATCAACCGAGA,0
mult-GATGAATCAACGCTTA,0
mult-GATGAATCAAGACGGA,0
mult-GATGAATCAAGGTACA,0
mult-GATGAATCACACAGAA,0
mult-GATGAATCACAGCAGA,0
mult-GATGAATCAAACATCG,0
mult-GATGAATCACCTCCAA,0
mult-GATGAATCACGCTCGA,0
mult-GATGAATCACGTATCA,0
mult-GATGAATCACTATGCA,0
mult-GATGAATCAGAGTCAA,0
mult-GATGAATCAGATCGCA,0
mult-GATGAATCAGCAGGAA,0
mult-GATGAATCAGTCACTA,0
mult-GATGAATCATCCTGTA,0
mult-GATGAATCATTGAGGA,0
mult-GATGAATCATGCCTAA,0
mult-GATGAATCCAACCACA,0
mult-GATGAATCGACTAGTA,0
mult-GATGAATCCAATGGAA,0
mult-GATGAATCCACTTCGA,0
mult-GATGAATCCAGCGTTA,0
mult-GATGAATCCATACCAA,0
mult-GATGAATCCCAGTTCA,0
mult-GATGAATCCCGAAGTA,0
mult-GATGAATCCCGTGAGA,0
mult-GATGAATCCCTCCTGA,0
mult-GATGAATCAGTGGTCA,0
mult-GATGAATCCGAACTTA,0
mult-GATGAATCCGACTGGA,0
mult-GATGAATCCGCATACA,0
mult-GATGAATCCTCAATGA,0
mult-GATGAATCCTGAGCCA,0
mult-GATGAATCCTGGCATA,0
mult-GATGAATCGAATCTGA,0
mult-GATGAATCCAAGACTA,0
mult-GATGAATCGAGCTGAA,0
mult-GATGAATCGATAGACA,0
mult-GATGAATCACCACTGT,0
mult-GATGAATCGCCACATA,0
mult-GATGAATCGCGAGTAA,3
mult-GATGAATCGCTAACGA,0
mult-GATGAATCGCTCGGTA,0
mult-GATGAATCGGAGAACA,0
mult-GATGAATCGGTGCGAA,0
mult-GATGAATCGTACGCAA,4
mult-GATGAATCGTCGTAGA,0
mult-GATGAATCGTCTGTCA,0
mult-GATGAATCGTGTTCTA,0
mult-GATGAATCACATTGGC,0
mult-GATGAATCTAGGATGA,0
mult-GATGAATCTATCAGCA,0
mult-GATGAATCTCCGTCTA,0
mult-GATGAATCTCTTCACA,0
mult-GATGAATCTGAAGAGA,3
mult-GATGAATCTGGAACAA,3
mult-GATGAATCTGGCTTCA,3
mult-GATGAATCTGGTGGTA,3
mult-GATGAATCTTCACGCA,3
mult-GATGAATCAACTCACC,3
mult-GATGAATCCAGATCTG,0
mult-GATGAATCAAGAGATC,3
mult-GATGAATCAAGGACAC,0
mult-GATGAATCAATCCGTC,0
mult-GATGAATCAATGTTGC,0
mult-GATGAATCACACGACC,0
mult-GATGAATCACAGATTC,0
mult-GATGAATCAGATGTAC,0
mult-GATGAATCAGCACCTC,0
mult-GATGAATCAGCCATGC,0
mult-GATGAATCAGGCTAAC,0
mult-GATGAATCCATCAAGT,0
mult-GATGAATCATAGCGAC,0
mult-GATGAATCATCATTCC,0
mult-GATGAATCATTGGCTC,0
mult-GATGAATCCAAGGAGC,0
mult-GATGAATCCACCTTAC,0
mult-GATGAATCCCATCCTC,0
mult-GATGAATCCCGACAAC,0
mult-GATGAATCCCTAATCC,0
mult-GATGAATCCCTCTATC,0
mult-GATGAATCCGACACAC,0
mult-GATGAATCCGCTGATC,0
mult-GATGAATCCGGATTGC,2
mult-GATGAATCCTAAGGTC,2
mult-GATGAATCGAACAGGC,2
mult-GATGAATCGACAGTGC,2
mult-GATGAATCGAGTTAGC,2
mult-GATGAATCGATGAATC,2
mult-GATGAATCGCCAAGAC,0
mult-GATGAATCCGGAAGAA,0
mult-GATGAATCGTGACAAG,0
mult-GATGAATCGAACCAGA,0
mult-GACTAGTAAACGTGAT,10
mult-GACTAGTAACAAGCTA,0
mult-GACTAGTATTGCTGGA,2
mult-GACTAGTACTGTAGCC,0
mult-GACTAGTAAGTACAAG,0
mult-GACTAGTAAACAACCA,0
mult-GACTAGTAAACCGAGA,0
mult-GACTAGTAAACGCTTA,0
mult-GACTAGTAAAGACGGA,0
mult-GACTAGTAAAGGTACA,0
mult-GACTAGTAACACAGAA,0
mult-GACTAGTAACAGCAGA,0
mult-GACTAGTAAAACATCG,10
mult-GACTAGTAACCTCCAA,0
mult-GACTAGTAACGCTCGA,0
mult-GACTAGTAACGTATCA,0
mult-GACTAGTAACTATGCA,0
mult-GACTAGTAAGAGTCAA,0
mult-GACTAGTAAGATCGCA,0
mult-GACTAGTAAGCAGGAA,0
mult-GACTAGTAAGTCACTA,0
mult-GACTAGTAATCCTGTA,0
mult-GACTAGTAATTGAGGA,0
mult-GACTAGTAATGCCTAA,10
mult-GACTAGTACAACCACA,0
mult-GACTAGTAGACTAGTA,0
mult-GACTAGTACAATGGAA,0
mult-GACTAGTACACTTCGA,0
mult-GACTAGTACAGCGTTA,3
mult-GACTAGTACATACCAA,1
mult-GACTAGTACCAGTTCA,1
mult-GACTAGTACCGAAGTA,1
mult-GACTAGTACCGTGAGA,1
mult-GACTAGTACCTCCTGA,1
mult-GACTAGTAAGTGGTCA,0
mult-GACTAGTACGAACTTA,1
mult-GACTAGTACGACTGGA,1
mult-GACTAGTACGCATACA,1
mult-GACTAGTACTCAATGA,1
mult-GACTAGTACTGAGCCA,1
mult-GACTAGTACTGGCATA,1
mult-GACTAGTAGAATCTGA,1
mult-GACTAGTACAAGACTA,1
mult-GACTAGTAGAGCTGAA,1
mult-GACTAGTAGATAGACA,1
mult-GACTAGTAACCACTGT,0
mult-GACTAGTAGCCACATA,1
mult-GACTAGTAGCGAGTAA,1
mult-GACTAGTAGCTAACGA,1
mult-GACTAGTAGCTCGGTA,1
mult-GACTAGTAGGAGAACA,1
mult-GACTAGTAGGTGCGAA,1
mult-GACTAGTAGTACGCAA,1
mult-GACTAGTAGTCGTAGA,1
mult-GACTAGTAGTCTGTCA,1
mult-GACTAGTAGTGTTCTA,1
mult-GACTAGTAACATTGGC,0
mult-GACTAGTATAGGATGA,1
mult-GACTAGTATATCAGCA,1
mult-GACTAGTATCCGTCTA,1
mult-GACTAGTATCTTCACA,1
mult-GACTAGTATGAAGAGA,1
mult-GACTAGTATGGAACAA,1
mult-GACTAGTATGGCTTCA,1
mult-GACTAGTATGGTGGTA,1
mult-GACTAGTATTCACGCA,1
mult-GACTAGTAAACTCACC,1
mult-GACTAGTACAGATCTG,0
mult-GACTAGTAAAGAGATC,1
mult-GACTAGTAAAGGACAC,1
mult-GACTAGTAAATCCGTC,1
mult-GACTAGTAAATGTTGC,1
mult-GACTAGTAACACGACC,1
mult-GACTAGTAACAGATTC,1
mult-GACTAGTAAGATGTAC,1
mult-GACTAGTAAGCACCTC,2
mult-GACTAGTAAGCCATGC,2
mult-GACTAGTAAGGCTAAC,2
mult-GACTAGTACATCAAGT,0
mult-GACTAGTAATAGCGAC,2
mult-GACTAGTAATCATTCC,2
mult-GACTAGTAATTGGCTC,2
mult-GACTAGTACAAGGAGC,2
mult-GACTAGTACACCTTAC,8
mult-GACTAGTACCATCCTC,4
mult-GACTAGTACCGACAAC,2
mult-GACTAGTACCTAATCC,4
mult-GACTAGTACCTCTATC,4
mult-GACTAGTACGACACAC,2
mult-GACTAGTACGCTGATC,0
mult-GACTAGTACGGATTGC,2
mult-GACTAGTACTAAGGTC,2
mult-GACTAGTAGAACAGGC,9
mult-GACTAGTAGACAGTGC,9
mult-GACTAGTAGAGTTAGC,2
mult-GACTAGTAGATGAATC,2
mult-GACTAGTAGCCAAGAC,8
mult-GACTAGTACGGAAGAA,2
mult-GACTAGTAGTGACAAG,4
mult-GACTAGTAGAACCAGA,7
mult-CAACCACAAACGTGAT,10
mult-CAACCACAACAAGCTA,0
mult-CAACCACATTGCTGGA,7
mult-CAACCACACTGTAGCC,0
mult-CAACCACAAGTACAAG,0
mult-CAACCACAAACAACCA,0
mult-CAACCACAAACCGAGA,0
mult-CAACCACAAACGCTTA,0
mult-CAACCACAAAGACGGA,0
mult-CAACCACAAAGGTACA,0
mult-CAACCACAACACAGAA,0
mult-CAACCACAACAGCAGA,0
mult-CAACCACAAAACATCG,10
mult-CAACCACAACCTCCAA,0
mult-CAACCACAACGCTCGA,0
mult-CAACCACAACGTATCA,0
mult-CAACCACAACTATGCA,0
mult-CAACCACAAGAGTCAA,0
mult-CAACCACAAGATCGCA,0
mult-CAACCACAAGCAGGAA,0
mult-CAACCACAAGTCACTA,0
mult-CAACCACAATCCTGTA,0
mult-CAACCACAATTGAGGA,0
mult-CAACCACAATGCCTAA,10
mult-CAACCACACAACCACA,0
mult-CAACCACAGACTAGTA,0
mult-CAACCACACAATGGAA,0
mult-CAACCACACACTTCGA,0
mult-CAACCACACAGCGTTA,0
mult-CAACCACACATACCAA,1
mult-CAACCACACCAGTTCA,1
mult-CAACCACACCGAAGTA,1
mult-CAACCACACCGTGAGA,1
mult-CAACCACACCTCCTGA,1
mult-CAACCACAAGTGGTCA,10
mult-CAACCACACGAACTTA,1
mult-CAACCACACGACTGGA,1
mult-CAACCACACGCATACA,1
mult-CAACCACACTCAATGA,1
mult-CAACCACACTGAGCCA,1
mult-CAACCACACTGGCATA,1
mult-CAACCACAGAATCTGA,1
mult-CAACCACACAAGACTA,1
mult-CAACCACAGAGCTGAA,1
mult-CAACCACAGATAGACA,1
mult-CAACCACAACCACTGT,0
mult-CAACCACAGCCACATA,1
mult-CAACCACAGCGAGTAA,1
mult-CAACCACAGCTAACGA,1
mult-CAACCACAGCTCGGTA,1
mult-CAACCACAGGAGAACA,1
mult-CAACCACAGGTGCGAA,1
mult-CAACCACAGTACGCAA,1
mult-CAACCACAGTCGTAGA,1
mult-CAACCACAGTCTGTCA,1
mult-CAACCACAGTGTTCTA,1
mult-CAACCACAACATTGGC,0
mult-CAACCACATAGGATGA,1
mult-CAACCACATATCAGCA,1
mult-CAACCACATCCGTCTA,1
mult-CAACCACATCTTCACA,1
mult-CAACCACATGAAGAGA,1
mult-CAACCACATGGAACAA,1
mult-CAACCACATGGCTTCA,1
mult-CAACCACATGGTGGTA,1
mult-CAACCACATTCACGCA,1
mult-CAACCACAAACTCACC,1
mult-CAACCACACAGATCTG,0
mult-CAACCACAAAGAGATC,1
mult-CAACCACAAAGGACAC,1
mult-CAACCACAAATCCGTC,1
mult-CAACCACAAATGTTGC,1
mult-CAACCACAACACGACC,1
mult-CAACCACAACAGATTC,1
mult-CAACCACAAGATGTAC,1
mult-CAACCACAAGCACCTC,1
mult-CAACCACAAGCCATGC,2
mult-CAACCACAAGGCTAAC,2
mult-CAACCACACATCAAGT,0
mult-CAACCACAATAGCGAC,7
mult-CAACCACAATCATTCC,2
mult-CAACCACAATTGGCTC,2
mult-CAACCACACAAGGAGC,2
mult-CAACCACACACCTTAC,2
mult-CAACCACACCATCCTC,2
mult-CAACCACACCGACAAC,2
mult-CAACCACACCTAATCC,2
mult-CAACCACACCTCTATC,2
mult-CAACCACACGACACAC,2
mult-CAACCACACGCTGATC,0
mult-CAACCACACGGATTGC,2
mult-CAACCACACTAAGGTC,2
mult-CAACCACAGAACAGGC,2
mult-CAACCACAGACAGTGC,2
mult-CAACCACAGAGTTAGC,2
mult-CAACCACAGATGAATC,2
mult-CAACCACAGCCAAGAC,2
mult-CAACCACACGGAAGAA,2
mult-CAACCACAGTGACAAG,4
mult-CAACCACAGAACCAGA,2
mult-ATTGAGGAAACGTGAT,10
mult-ATTGAGGAACAAGCTA,0
mult-ATTGAGGATTGCTGGA,2
mult-ATTGAGGACTGTAGCC,0
mult-ATTGAGGAAGTACAAG,4
mult-ATTGAGGAAACAACCA,4
mult-ATTGAGGAAACCGAGA,4
mult-ATTGAGGAAACGCTTA,0
mult-ATTGAGGAAAGACGGA,0
mult-ATTGAGGAAAGGTACA,0
mult-ATTGAGGAACACAGAA,0
mult-ATTGAGGAACAGCAGA,0
mult-ATTGAGGAAAACATCG,10
mult-ATTGAGGAACCTCCAA,0
mult-ATTGAGGAACGCTCGA,0
mult-ATTGAGGAACGTATCA,0
mult-ATTGAGGAACTATGCA,0
mult-ATTGAGGAAGAGTCAA,0
mult-ATTGAGGAAGATCGCA,0
mult-ATTGAGGAAGCAGGAA,4
mult-ATTGAGGAAGTCACTA,0
mult-ATTGAGGAATCCTGTA,0
mult-ATTGAGGAATTGAGGA,0
mult-ATTGAGGAATGCCTAA,10
mult-ATTGAGGACAACCACA,0
mult-ATTGAGGAGACTAGTA,0
mult-ATTGAGGACAATGGAA,0
mult-ATTGAGGACACTTCGA,0
mult-ATTGAGGACAGCGTTA,0
mult-ATTGAGGACATACCAA,1
mult-ATTGAGGACCAGTTCA,1
mult-ATTGAGGACCGAAGTA,1
mult-ATTGAGGACCGTGAGA,1
mult-ATTGAGGACCTCCTGA,1
mult-ATTGAGGAAGTGGTCA,10
mult-ATTGAGGACGAACTTA,1
mult-ATTGAGGACGACTGGA,1
mult-ATTGAGGACGCATACA,1
mult-ATTGAGGACTCAATGA,1
mult-ATTGAGGACTGAGCCA,1
mult-ATTGAGGACTGGCATA,1
mult-ATTGAGGAGAATCTGA,1
mult-ATTGAGGACAAGACTA,1
mult-ATTGAGGAGAGCTGAA,1
mult-ATTGAGGAGATAGACA,1
mult-ATTGAGGAACCACTGT,10
mult-ATTGAGGAGCCACATA,1
mult-ATTGAGGAGCGAGTAA,1
mult-ATTGAGGAGCTAACGA,1
mult-ATTGAGGAGCTCGGTA,1
mult-ATTGAGGAGGAGAACA,1
mult-ATTGAGGAGGTGCGAA,1
mult-ATTGAGGAGTACGCAA,1
mult-ATTGAGGAGTCGTAGA,1
mult-ATTGAGGAGTCTGTCA,1
mult-ATTGAGGAGTGTTCTA,1
mult-ATTGAGGAACATTGGC,0
mult-ATTGAGGATAGGATGA,1
mult-ATTGAGGATATCAGCA,1
mult-ATTGAGGATCCGTCTA,1
mult-ATTGAGGATCTTCACA,1
mult-ATTGAGGATGAAGAGA,1
mult-ATTGAGGATGGAACAA,1
mult-ATTGAGGATGGCTTCA,1
mult-ATTGAGGATGGTGGTA,1
mult-ATTGAGGATTCACGCA,1
mult-ATTGAGGAAACTCACC,1
mult-ATTGAGGACAGATCTG,0
mult-ATTGAGGAAAGAGATC,1
mult-ATTGAGGAAAGGACAC,1
mult-ATTGAGGAAATCCGTC,1
mult-ATTGAGGAAATGTTGC,1
mult-ATTGAGGAACACGACC,1
mult-ATTGAGGAACAGATTC,1
mult-ATTGAGGAAGATGTAC,1
mult-ATTGAGGAAGCACCTC,1
mult-ATTGAGGAAGCCATGC,4
mult-ATTGAGGAAGGCTAAC,4
mult-ATTGAGGACATCAAGT,0
mult-ATTGAGGAATAGCGAC,2
mult-ATTGAGGAATCATTCC,2
mult-ATTGAGGAATTGGCTC,8
mult-ATTGAGGACAAGGAGC,2
mult-ATTGAGGACACCTTAC,2
mult-ATTGAGGACCATCCTC,4
mult-ATTGAGGACCGACAAC,2
mult-ATTGAGGACCTAATCC,2
mult-ATTGAGGACCTCTATC,2
mult-ATTGAGGACGACACAC,2
mult-ATTGAGGACGCTGATC,0
mult-ATTGAGGACGGATTGC,2
mult-ATTGAGGACTAAGGTC,2
mult-ATTGAGGAGAACAGGC,2
mult-ATTGAGGAGACAGTGC,9
mult-ATTGAGGAGAGTTAGC,2
mult-ATTGAGGAGATGAATC,2
mult-ATTGAGGAGCCAAGAC,4
mult-ATTGAGGACGGAAGAA,0
mult-ATTGAGGAGTGACAAG,2
mult-ATTGAGGAGAACCAGA,2
mult-ATCCTGTAAACGTGAT,10
mult-ATCCTGTAACAAGCTA,7
mult-ATCCTGTATTGCTGGA,2
mult-ATCCTGTACTGTAGCC,0
mult-ATCCTGTAAGTACAAG,0
mult-ATCCTGTAAACAACCA,0
mult-ATCCTGTAAACCGAGA,0
mult-ATCCTGTAAACGCTTA,0
mult-ATCCTGTAAAGACGGA,0
mult-ATCCTGTAAAGGTACA,0
mult-ATCCTGTAACACAGAA,0
mult-ATCCTGTAACAGCAGA,0
mult-ATCCTGTAAAACATCG,10
mult-ATCCTGTAACCTCCAA,0
mult-ATCCTGTAACGCTCGA,0
mult-ATCCTGTAACGTATCA,0
mult-ATCCTGTAACTATGCA,0
mult-ATCCTGTAAGAGTCAA,0
mult-ATCCTGTAAGATCGCA,0
mult-ATCCTGTAAGCAGGAA,0
mult-ATCCTGTAAGTCACTA,0
mult-ATCCTGTAATCCTGTA,0
mult-ATCCTGTAATTGAGGA,0
mult-ATCCTGTAATGCCTAA,10
mult-ATCCTGTACAACCACA,0
mult-ATCCTGTAGACTAGTA,0
mult-ATCCTGTACAATGGAA,0
mult-ATCCTGTACACTTCGA,0
mult-ATCCTGTACAGCGTTA,0
mult-ATCCTGTACATACCAA,0
mult-ATCCTGTACCAGTTCA,1
mult-ATCCTGTACCGAAGTA,1
mult-ATCCTGTACCGTGAGA,1
mult-ATCCTGTACCTCCTGA,1
mult-ATCCTGTAAGTGGTCA,10
mult-ATCCTGTACGAACTTA,1
mult-ATCCTGTACGACTGGA,1
mult-ATCCTGTACGCATACA,1
mult-ATCCTGTACTCAATGA,1
mult-ATCCTGTACTGAGCCA,1
mult-ATCCTGTACTGGCATA,1
mult-ATCCTGTAGAATCTGA,1
mult-ATCCTGTACAAGACTA,1
mult-ATCCTGTAGAGCTGAA,1
mult-ATCCTGTAGATAGACA,1
mult-ATCCTGTAACCACTGT,0
mult-ATCCTGTAGCCACATA,1
mult-ATCCTGTAGCGAGTAA,1
mult-ATCCTGTAGCTAACGA,7
mult-ATCCTGTAGCTCGGTA,1
mult-ATCCTGTAGGAGAACA,1
mult-ATCCTGTAGGTGCGAA,1
mult-ATCCTGTAGTACGCAA,1
mult-ATCCTGTAGTCGTAGA,1
mult-ATCCTGTAGTCTGTCA,1
mult-ATCCTGTAGTGTTCTA,1
mult-ATCCTGTAACATTGGC,0
mult-ATCCTGTATAGGATGA,1
mult-ATCCTGTATATCAGCA,1
mult-ATCCTGTATCCGTCTA,1
mult-ATCCTGTATCTTCACA,1
mult-ATCCTGTATGAAGAGA,1
mult-ATCCTGTATGGAACAA,1
mult-ATCCTGTATGGCTTCA,1
mult-ATCCTGTATGGTGGTA,1
mult-ATCCTGTATTCACGCA,1
mult-ATCCTGTAAACTCACC,1
mult-ATCCTGTACAGATCTG,0
mult-ATCCTGTAAAGAGATC,1
mult-ATCCTGTAAAGGACAC,1
mult-ATCCTGTAAATCCGTC,1
mult-ATCCTGTAAATGTTGC,1
mult-ATCCTGTAACACGACC,1
mult-ATCCTGTAACAGATTC,1
mult-ATCCTGTAAGATGTAC,1
mult-ATCCTGTAAGCACCTC,1
mult-ATCCTGTAAGCCATGC,1
mult-ATCCTGTAAGGCTAAC,2
mult-ATCCTGTACATCAAGT,0
mult-ATCCTGTAATAGCGAC,2
mult-ATCCTGTAATCATTCC,2
mult-ATCCTGTAATTGGCTC,2
mult-ATCCTGTACAAGGAGC,2
mult-ATCCTGTACACCTTAC,8
mult-ATCCTGTACCATCCTC,0
mult-ATCCTGTACCGACAAC,0
mult-ATCCTGTACCTAATCC,2
mult-ATCCTGTACCTCTATC,2
mult-ATCCTGTACGACACAC,2
mult-ATCCTGTACGCTGATC,0
mult-ATCCTGTACGGATTGC,2
mult-ATCCTGTACTAAGGTC,2
mult-ATCCTGTAGAACAGGC,2
mult-ATCCTGTAGACAGTGC,5
mult-ATCCTGTAGAGTTAGC,2
mult-ATCCTGTAGATGAATC,2
mult-ATCCTGTAGCCAAGAC,2
mult-ATCCTGTACGGAAGAA,0
mult-ATCCTGTAGTGACAAG,4
mult-ATCCTGTAGAACCAGA,2
mult-AGTCACTAACAAGCTA,0
mult-AGTCACTATTGCTGGA,2
mult-AGTCACTACTGTAGCC,0
mult-AGTCACTAAGTACAAG,2
mult-AGTCACTAAACAACCA,0
mult-AGTCACTAAACCGAGA,0
mult-AGTCACTAAACGCTTA,0
mult-AGTCACTAAAGACGGA,0
mult-AGTCACTAAAGGTACA,0
mult-AGTCACTAACACAGAA,0
mult-AGTCACTAACAGCAGA,0
mult-AGTCACTAAAACATCG,10
mult-AGTCACTAACCTCCAA,0
mult-AGTCACTAACGCTCGA,8
mult-AGTCACTAACGTATCA,0
mult-AGTCACTAACTATGCA,0
mult-AGTCACTAAGAGTCAA,0
mult-AGTCACTAAGATCGCA,0
mult-AGTCACTAAGCAGGAA,0
mult-AGTCACTAAGTCACTA,0
mult-AGTCACTAATCCTGTA,0
mult-AGTCACTAATTGAGGA,0
mult-AGTCACTAATGCCTAA,10
mult-AGTCACTACAACCACA,0
mult-AGTCACTAGACTAGTA,0
mult-AGTCACTACAATGGAA,0
mult-AGTCACTACACTTCGA,0
mult-AGTCACTACAGCGTTA,0
mult-AGTCACTACATACCAA,0
mult-AGTCACTACCAGTTCA,1
mult-AGTCACTACCGAAGTA,1
mult-AGTCACTACCGTGAGA,1
mult-AGTCACTACCTCCTGA,1
mult-AGTCACTAAGTGGTCA,7
mult-AGTCACTACGAACTTA,1
mult-AGTCACTACGACTGGA,1
mult-AGTCACTACGCATACA,1
mult-AGTCACTACTCAATGA,1
mult-AGTCACTACTGAGCCA,1
mult-AGTCACTACTGGCATA,1
mult-AGTCACTAGAATCTGA,1
mult-AGTCACTACAAGACTA,1
mult-AGTCACTAGAGCTGAA,1
mult-AGTCACTAGATAGACA,1
mult-AGTCACTAACCACTGT,10
mult-AGTCACTAGCCACATA,1
mult-AGTCACTAGCGAGTAA,1
mult-AGTCACTAGCTAACGA,1
mult-AGTCACTAGCTCGGTA,1
mult-AGTCACTAGGAGAACA,1
mult-AGTCACTAGGTGCGAA,1
mult-AGTCACTAGTACGCAA,1
mult-AGTCACTAGTCGTAGA,1
mult-AGTCACTAGTCTGTCA,1
mult-AGTCACTAGTGTTCTA,1
mult-AGTCACTAACATTGGC,0
mult-AGTCACTATAGGATGA,1
mult-AGTCACTATATCAGCA,1
mult-AGTCACTATCCGTCTA,1
mult-AGTCACTATCTTCACA,1
mult-AGTCACTATGAAGAGA,1
mult-AGTCACTATGGAACAA,1
mult-AGTCACTATGGCTTCA,1
mult-AGTCACTATGGTGGTA,1
mult-AGTCACTATTCACGCA,1
mult-AGTCACTAAACTCACC,1
mult-AGTCACTACAGATCTG,2
mult-AGTCACTAAAGAGATC,1
mult-AGTCACTAAAGGACAC,1
mult-AGTCACTAAATCCGTC,1
mult-AGTCACTAAATGTTGC,1
mult-AGTCACTAACACGACC,1
mult-AGTCACTAACAGATTC,1
mult-AGTCACTAAGATGTAC,1
mult-AGTCACTAAGCACCTC,1
mult-AGTCACTAAGCCATGC,1
mult-AGTCACTAAGGCTAAC,4
mult-AGTCACTACATCAAGT,0
mult-AGTCACTAATAGCGAC,2
mult-AGTCACTAATCATTCC,2
mult-AGTCACTAATTGGCTC,4
mult-AGTCACTACAAGGAGC,2
mult-AGTCACTACACCTTAC,4
mult-AGTCACTACCATCCTC,2
mult-AGTCACTACCGACAAC,2
mult-AGTCACTACCTAATCC,4
mult-AGTCACTACCTCTATC,0
mult-AGTCACTACGACACAC,2
mult-AGTCACTACGCTGATC,0
mult-AGTCACTACGGATTGC,2
mult-AGTCACTACTAAGGTC,2
mult-AGTCACTAGAACAGGC,2
mult-AGTCACTAGACAGTGC,2
mult-AGTCACTAGAGTTAGC,2
mult-AGTCACTAGATGAATC,2
mult-AGTCACTAGCCAAGAC,2
mult-AGTCACTACGGAAGAA,2
mult-AGTCACTAGTGACAAG,2
mult-AGTCACTAGAACCAGA,0
mult-AGCAGGAAACAAGCTA,0
mult-AGCAGGAATTGCTGGA,2
mult-AGCAGGAACTGTAGCC,0
mult-AGCAGGAAAGTACAAG,0
mult-AGCAGGAAAACAACCA,0
mult-AGCAGGAAAACCGAGA,0
mult-AGCAGGAAAACGCTTA,0
mult-AGCAGGAAAAGACGGA,0
mult-AGCAGGAAAAGGTACA,0
mult-AGCAGGAAACACAGAA,0
mult-AGCAGGAAACAGCAGA,0
mult-AGCAGGAAACCTCCAA,0
mult-AGCAGGAAACGCTCGA,0
mult-AGCAGGAAACGTATCA,0
mult-AGCAGGAAACTATGCA,0
mult-AGCAGGAAAGAGTCAA,0
mult-AGCAGGAAAGATCGCA,0
mult-AGCAGGAAAGCAGGAA,0
mult-AGCAGGAAAGTCACTA,0
mult-AGCAGGAAATCCTGTA,0
mult-AGCAGGAAATTGAGGA,0
mult-AGCAGGAAATGCCTAA,10
mult-AGCAGGAACAACCACA,0
mult-AGCAGGAAGACTAGTA,0
mult-AGCAGGAACAATGGAA,0
mult-AGCAGGAACACTTCGA,0
mult-AGCAGGAACAGCGTTA,0
mult-AGCAGGAACATACCAA,0
mult-AGCAGGAACCAGTTCA,1
mult-AGCAGGAACCGAAGTA,1
mult-AGCAGGAACCGTGAGA,1
mult-AGCAGGAACCTCCTGA,1
mult-AGCAGGAAAGTGGTCA,10
mult-AGCAGGAACGAACTTA,1
mult-AGCAGGAACGACTGGA,1
mult-AGCAGGAACGCATACA,1
mult-AGCAGGAACTCAATGA,1
mult-AGCAGGAACTGAGCCA,1
mult-AGCAGGAACTGGCATA,1
mult-AGCAGGAAGAATCTGA,1
mult-AGCAGGAACAAGACTA,1
mult-AGCAGGAAGAGCTGAA,1
mult-AGCAGGAAGATAGACA,1
mult-AGCAGGAAACCACTGT,10
mult-AGCAGGAAGCCACATA,1
mult-AGCAGGAAGCGAGTAA,1
mult-AGCAGGAAGCTAACGA,1
mult-AGCAGGAAGCTCGGTA,1
mult-AGCAGGAAGGAGAACA,1
mult-AGCAGGAAGGTGCGAA,1
mult-AGCAGGAAGTACGCAA,1
mult-AGCAGGAAGTCGTAGA,1
mult-AGCAGGAAGTCTGTCA,1
mult-AGCAGGAAGTGTTCTA,1
mult-AGCAGGAAACATTGGC,2
mult-AGCAGGAATAGGATGA,1
mult-AGCAGGAATATCAGCA,1
mult-AGCAGGAATCCGTCTA,1
mult-AGCAGGAATCTTCACA,1
mult-AGCAGGAATGAAGAGA,1
mult-AGCAGGAATGGAACAA,1
mult-AGCAGGAATGGCTTCA,1
mult-AGCAGGAATGGTGGTA,1
mult-AGCAGGAATTCACGCA,1
mult-AGCAGGAAAACTCACC,4
mult-AGCAGGAACAGATCTG,0
mult-AGCAGGAAAAGAGATC,1
mult-AGCAGGAAAAGGACAC,1
mult-AGCAGGAAAATCCGTC,1
mult-AGCAGGAAAATGTTGC,1
mult-AGCAGGAAACACGACC,1
mult-AGCAGGAAACAGATTC,1
mult-AGCAGGAAAGATGTAC,1
mult-AGCAGGAAAGCACCTC,1
mult-AGCAGGAAAGCCATGC,1
mult-AGCAGGAAAGGCTAAC,4
mult-AGCAGGAACATCAAGT,2
mult-AGCAGGAAATAGCGAC,8
mult-AGCAGGAAATCATTCC,2
mult-AGCAGGAAATTGGCTC,2
mult-AGCAGGAACAAGGAGC,7
mult-AGCAGGAACACCTTAC,2
mult-AGCAGGAACCATCCTC,2
mult-AGCAGGAACCGACAAC,2
mult-AGCAGGAACCTAATCC,4
mult-AGCAGGAACCTCTATC,4
mult-AGCAGGAACGACACAC,2
mult-AGCAGGAACGCTGATC,0
mult-AGCAGGAACGGATTGC,2
mult-AGCAGGAACTAAGGTC,2
mult-AGCAGGAAGAACAGGC,2
mult-AGCAGGAAGACAGTGC,2
mult-AGCAGGAAGAGTTAGC,2
mult-AGCAGGAAGATGAATC,2
mult-AGCAGGAAGCCAAGAC,2
mult-AGCAGGAACGGAAGAA,2
mult-AGCAGGAAGTGACAAG,2
mult-AGCAGGAAGAACCAGA,2
mult-AGATCGCAACAAGCTA,4
mult-AGATCGCATTGCTGGA,2
mult-AGATCGCACTGTAGCC,4
mult-AGATCGCAAGTACAAG,0
mult-AGATCGCAAACAACCA,0
mult-AGATCGCAAACCGAGA,0
mult-AGATCGCAAACGCTTA,0
mult-AGATCGCAAAGACGGA,4
mult-AGATCGCAAAGGTACA,0
mult-AGATCGCAACACAGAA,0
mult-AGATCGCAACAGCAGA,0
mult-AGATCGCAACCTCCAA,0
mult-AGATCGCAACGCTCGA,0
mult-AGATCGCAACGTATCA,0
mult-AGATCGCAACTATGCA,0
mult-AGATCGCAAGAGTCAA,0
mult-AGATCGCAAGATCGCA,0
mult-AGATCGCAAGCAGGAA,0
mult-AGATCGCAAGTCACTA,0
mult-AGATCGCAATCCTGTA,0
mult-AGATCGCAATTGAGGA,0
mult-AGATCGCAATGCCTAA,10
mult-AGATCGCACAACCACA,0
mult-AGATCGCAGACTAGTA,0
mult-AGATCGCACAATGGAA,0
mult-AGATCGCACACTTCGA,0
mult-AGATCGCACAGCGTTA,0
mult-AGATCGCACATACCAA,0
mult-AGATCGCACCAGTTCA,3
mult-AGATCGCACCGAAGTA,1
mult-AGATCGCACCGTGAGA,1
mult-AGATCGCACCTCCTGA,1
mult-AGATCGCAAGTGGTCA,7
mult-AGATCGCACGAACTTA,1
mult-AGATCGCACGACTGGA,1
mult-AGATCGCACGCATACA,1
mult-AGATCGCACTCAATGA,1
mult-AGATCGCACTGAGCCA,1
mult-AGATCGCACTGGCATA,1
mult-AGATCGCAGAATCTGA,1
mult-AGATCGCACAAGACTA,1
mult-AGATCGCAGAGCTGAA,1
mult-AGATCGCAGATAGACA,1
mult-AGATCGCAACCACTGT,10
mult-AGATCGCAGCCACATA,1
mult-AGATCGCAGCGAGTAA,1
mult-AGATCGCAGCTAACGA,1
mult-AGATCGCAGCTCGGTA,1
mult-AGATCGCAGGAGAACA,1
mult-AGATCGCAGGTGCGAA,1
mult-AGATCGCAGTACGCAA,1
mult-AGATCGCAGTCGTAGA,1
mult-AGATCGCAGTCTGTCA,1
mult-AGATCGCAGTGTTCTA,1
mult-AGATCGCAACATTGGC,10
mult-AGATCGCATAGGATGA,1
mult-AGATCGCATATCAGCA,3
mult-AGATCGCATCCGTCTA,3
mult-AGATCGCATCTTCACA,1
mult-AGATCGCATGAAGAGA,1
mult-AGATCGCATGGAACAA,1
mult-AGATCGCATGGCTTCA,1
mult-AGATCGCATGGTGGTA,1
mult-AGATCGCATTCACGCA,1
mult-AGATCGCAAACTCACC,1
mult-AGATCGCACAGATCTG,2
mult-AGATCGCAAAGAGATC,1
mult-AGATCGCAAAGGACAC,1
mult-AGATCGCAAATCCGTC,1
mult-AGATCGCAAATGTTGC,1
mult-AGATCGCAACACGACC,1
mult-AGATCGCAACAGATTC,1
mult-AGATCGCAAGATGTAC,1
mult-AGATCGCAAGCACCTC,1
mult-AGATCGCAAGCCATGC,4
mult-AGATCGCAAGGCTAAC,7
mult-AGATCGCACATCAAGT,2
mult-AGATCGCAATAGCGAC,2
mult-AGATCGCAATCATTCC,2
mult-AGATCGCAATTGGCTC,8
mult-AGATCGCACAAGGAGC,2
mult-AGATCGCACACCTTAC,2
mult-AGATCGCACCATCCTC,3
mult-AGATCGCACCGACAAC,8
mult-AGATCGCACCTAATCC,4
mult-AGATCGCACCTCTATC,2
mult-AGATCGCACGACACAC,4
mult-AGATCGCACGCTGATC,4
mult-AGATCGCACGGATTGC,2
mult-AGATCGCACTAAGGTC,2
mult-AGATCGCAGAACAGGC,2
mult-AGATCGCAGACAGTGC,2
mult-AGATCGCAGAGTTAGC,2
mult-AGATCGCAGATGAATC,2
mult-AGATCGCAGCCAAGAC,2
mult-AGATCGCACGGAAGAA,2
mult-AGATCGCAGTGACAAG,0
mult-AGATCGCAGAACCAGA,0
mult-AGAGTCAAACAAGCTA,4
mult-AGAGTCAATTGCTGGA,2
mult-AGAGTCAACTGTAGCC,4
mult-AGAGTCAAAGTACAAG,4
mult-AGAGTCAAAACAACCA,0
mult-AGAGTCAAAACCGAGA,0
mult-AGAGTCAAAACGCTTA,0
mult-AGAGTCAAAAGACGGA,0
mult-AGAGTCAAAAGGTACA,0
mult-AGAGTCAAACACAGAA,0
mult-AGAGTCAAACAGCAGA,0
mult-AGAGTCAAACCTCCAA,0
mult-AGAGTCAAACGCTCGA,0
mult-AGAGTCAAACGTATCA,0
mult-AGAGTCAAACTATGCA,0
mult-AGAGTCAAAGAGTCAA,0
mult-AGAGTCAAAGATCGCA,0
mult-AGAGTCAAAGCAGGAA,0
mult-AGAGTCAAAGTCACTA,0
mult-AGAGTCAAATCCTGTA,0
mult-AGAGTCAAATTGAGGA,0
mult-AGAGTCAACAACCACA,0
mult-AGAGTCAAGACTAGTA,0
mult-AGAGTCAACAATGGAA,2
mult-AGAGTCAACACTTCGA,0
mult-AGAGTCAACAGCGTTA,0
mult-AGAGTCAACATACCAA,0
mult-AGAGTCAACCAGTTCA,4
mult-AGAGTCAACCGAAGTA,1
mult-AGAGTCAACCGTGAGA,1
mult-AGAGTCAACCTCCTGA,1
mult-AGAGTCAAAGTGGTCA,10
mult-AGAGTCAACGAACTTA,1
mult-AGAGTCAACGACTGGA,1
mult-AGAGTCAACGCATACA,1
mult-AGAGTCAACTCAATGA,1
mult-AGAGTCAACTGAGCCA,1
mult-AGAGTCAACTGGCATA,1
mult-AGAGTCAAGAATCTGA,1
mult-AGAGTCAACAAGACTA,1
mult-AGAGTCAAGAGCTGAA,1
mult-AGAGTCAAGATAGACA,1
mult-AGAGTCAAACCACTGT,10
mult-AGAGTCAAGCCACATA,1
mult-AGAGTCAAGCGAGTAA,1
mult-AGAGTCAAGCTAACGA,1
mult-AGAGTCAAGCTCGGTA,1
mult-AGAGTCAAGGAGAACA,1
mult-AGAGTCAAGGTGCGAA,1
mult-AGAGTCAAGTACGCAA,1
mult-AGAGTCAAGTCGTAGA,1
mult-AGAGTCAAGTCTGTCA,1
mult-AGAGTCAAGTGTTCTA,3
mult-AGAGTCAAACATTGGC,10
mult-AGAGTCAATAGGATGA,3
mult-AGAGTCAATATCAGCA,3
mult-AGAGTCAATCCGTCTA,3
mult-AGAGTCAATCTTCACA,1
mult-AGAGTCAATGAAGAGA,1
mult-AGAGTCAATGGAACAA,1
mult-AGAGTCAATGGCTTCA,1
mult-AGAGTCAATGGTGGTA,1
mult-AGAGTCAATTCACGCA,1
mult-AGAGTCAAAACTCACC,1
mult-AGAGTCAACAGATCTG,10
mult-AGAGTCAAAAGAGATC,1
mult-AGAGTCAAAAGGACAC,1
mult-AGAGTCAAAATCCGTC,1
mult-AGAGTCAAAATGTTGC,1
mult-AGAGTCAAACACGACC,1
mult-AGAGTCAAACAGATTC,1
mult-AGAGTCAAAGATGTAC,1
mult-AGAGTCAAAGCACCTC,1
mult-AGAGTCAAAGCCATGC,1
mult-AGAGTCAAAGGCTAAC,1
mult-AGAGTCAACATCAAGT,2
mult-AGAGTCAAATAGCGAC,4
mult-AGAGTCAAATCATTCC,7
mult-AGAGTCAAATTGGCTC,0
mult-AGAGTCAACAAGGAGC,2
mult-AGAGTCAACACCTTAC,4
mult-AGAGTCAACCATCCTC,4
mult-AGAGTCAACCGACAAC,8
mult-AGAGTCAACCTAATCC,8
mult-AGAGTCAACCTCTATC,2
mult-AGAGTCAACGACACAC,2
mult-AGAGTCAACGCTGATC,2
mult-AGAGTCAACGGATTGC,2
mult-AGAGTCAACTAAGGTC,2
mult-AGAGTCAAGAACAGGC,2
mult-AGAGTCAAGACAGTGC,2
mult-AGAGTCAAGAGTTAGC,2
mult-AGAGTCAAGATGAATC,2
mult-AGAGTCAAGCCAAGAC,2
mult-AGAGTCAACGGAAGAA,2
mult-AGAGTCAAGTGACAAG,2
mult-AGAGTCAAGAACCAGA,4
mult-ACTATGCAACAAGCTA,4
mult-ACTATGCATTGCTGGA,4
mult-ACTATGCACTGTAGCC,4
mult-ACTATGCAAGTACAAG,4
mult-ACTATGCAAACAACCA,0
mult-ACTATGCAAACCGAGA,0
mult-ACTATGCAAACGCTTA,0
mult-ACTATGCAAAGACGGA,0
mult-ACTATGCAAAGGTACA,0
mult-ACTATGCAACACAGAA,0
mult-ACTATGCAACAGCAGA,0
mult-ACTATGCAACCTCCAA,0
mult-ACTATGCAACGCTCGA,0
mult-ACTATGCAACGTATCA,0
mult-ACTATGCAACTATGCA,0
mult-ACTATGCAAGAGTCAA,0
mult-ACTATGCAAGATCGCA,4
mult-ACTATGCAAGCAGGAA,0
mult-ACTATGCAAGTCACTA,0
mult-ACTATGCAATCCTGTA,0
mult-ACTATGCAATTGAGGA,0
mult-ACTATGCACAACCACA,0
mult-ACTATGCAGACTAGTA,0
mult-ACTATGCACAATGGAA,0
mult-ACTATGCACACTTCGA,0
mult-ACTATGCACAGCGTTA,0
mult-ACTATGCACATACCAA,0
mult-ACTATGCACCAGTTCA,0
mult-ACTATGCACCGAAGTA,3
mult-ACTATGCACCGTGAGA,0
mult-ACTATGCACCTCCTGA,1
mult-ACTATGCACGAACTTA,1
mult-ACTATGCACGACTGGA,1
mult-ACTATGCACGCATACA,1
mult-ACTATGCACTCAATGA,1
mult-ACTATGCACTGAGCCA,1
mult-ACTATGCACTGGCATA,1
mult-ACTATGCAGAATCTGA,1
mult-ACTATGCACAAGACTA,1
mult-ACTATGCAGAGCTGAA,1
mult-ACTATGCAGATAGACA,1
mult-ACTATGCAACCACTGT,10
mult-ACTATGCAGCCACATA,1
mult-ACTATGCAGCGAGTAA,1
mult-ACTATGCAGCTAACGA,1
mult-ACTATGCAGCTCGGTA,1
mult-ACTATGCAGGAGAACA,1
mult-ACTATGCAGGTGCGAA,1
mult-ACTATGCAGTACGCAA,1
mult-ACTATGCAGTCGTAGA,1
mult-ACTATGCAGTCTGTCA,1
mult-ACTATGCAGTGTTCTA,3
mult-ACTATGCAACATTGGC,10
mult-ACTATGCATAGGATGA,3
mult-ACTATGCATATCAGCA,3
mult-ACTATGCATCCGTCTA,3
mult-ACTATGCATCTTCACA,3
mult-ACTATGCATGAAGAGA,1
mult-ACTATGCATGGAACAA,1
mult-ACTATGCATGGCTTCA,1
mult-ACTATGCATGGTGGTA,1
mult-ACTATGCATTCACGCA,1
mult-ACTATGCAAACTCACC,1
mult-ACTATGCACAGATCTG,10
mult-ACTATGCAAAGAGATC,1
mult-ACTATGCAAAGGACAC,1
mult-ACTATGCAAATCCGTC,1
mult-ACTATGCAAATGTTGC,1
mult-ACTATGCAACACGACC,1
mult-ACTATGCAACAGATTC,1
mult-ACTATGCAAGATGTAC,1
mult-ACTATGCAAGCACCTC,1
mult-ACTATGCAAGCCATGC,1
mult-ACTATGCAAGGCTAAC,1
mult-ACTATGCACATCAAGT,2
mult-ACTATGCAATAGCGAC,2
mult-ACTATGCAATCATTCC,2
mult-ACTATGCAATTGGCTC,4
mult-ACTATGCACAAGGAGC,4
mult-ACTATGCACACCTTAC,2
mult-ACTATGCACCATCCTC,2
mult-ACTATGCACCGACAAC,2
mult-ACTATGCACCTAATCC,2
mult-ACTATGCACCTCTATC,2
mult-ACTATGCACGACACAC,2
mult-ACTATGCACGCTGATC,2
mult-ACTATGCACGGATTGC,2
mult-ACTATGCACTAAGGTC,2
mult-ACTATGCAGAACAGGC,2
mult-ACTATGCAGACAGTGC,2
mult-ACTATGCAGAGTTAGC,2
mult-ACTATGCAGATGAATC,2
mult-ACTATGCAGCCAAGAC,2
mult-ACTATGCACGGAAGAA,2
mult-ACTATGCAGTGACAAG,4
mult-ACTATGCAGAACCAGA,2
mult-ACGTATCAACAAGCTA,2
mult-ACGTATCATTGCTGGA,2
mult-ACGTATCACTGTAGCC,2
mult-ACGTATCAAGTACAAG,2
mult-ACGTATCAAACAACCA,4
mult-ACGTATCAAACCGAGA,0
mult-ACGTATCAAACGCTTA,0
mult-ACGTATCAAAGACGGA,0
mult-ACGTATCAAAGGTACA,0
mult-ACGTATCAACACAGAA,0
mult-ACGTATCAACAGCAGA,0
mult-ACGTATCAACCTCCAA,0
mult-ACGTATCAACGCTCGA,0
mult-ACGTATCAACGTATCA,0
mult-ACGTATCAACTATGCA,0
mult-ACGTATCAAGAGTCAA,0
mult-ACGTATCAAGATCGCA,4
mult-ACGTATCAAGCAGGAA,4
mult-ACGTATCAAGTCACTA,4
mult-ACGTATCAATCCTGTA,7
mult-ACGTATCAATTGAGGA,0
mult-ACGTATCACAACCACA,0
mult-ACGTATCAGACTAGTA,0
mult-ACGTATCACAATGGAA,0
mult-ACGTATCACACTTCGA,0
mult-ACGTATCACAGCGTTA,0
mult-ACGTATCACATACCAA,0
mult-ACGTATCACCAGTTCA,0
mult-ACGTATCACCGAAGTA,3
mult-ACGTATCACCGTGAGA,0
mult-ACGTATCACCTCCTGA,1
mult-ACGTATCACGAACTTA,1
mult-ACGTATCACGACTGGA,1
mult-ACGTATCACGCATACA,1
mult-ACGTATCACTCAATGA,1
mult-ACGTATCACTGAGCCA,1
mult-ACGTATCACTGGCATA,1
mult-ACGTATCAGAATCTGA,1
mult-ACGTATCACAAGACTA,1
mult-ACGTATCAGAGCTGAA,1
mult-ACGTATCAGATAGACA,1
mult-ACGTATCAGCCACATA,1
mult-ACGTATCAGCGAGTAA,1
mult-ACGTATCAGCTAACGA,1
mult-ACGTATCAGCTCGGTA,1
mult-ACGTATCAGGAGAACA,1
mult-ACGTATCAGGTGCGAA,1
mult-ACGTATCAGTACGCAA,1
mult-ACGTATCAGTCGTAGA,1
mult-ACGTATCAGTCTGTCA,3
mult-ACGTATCAGTGTTCTA,3
mult-ACGTATCAACATTGGC,10
mult-ACGTATCATAGGATGA,3
mult-ACGTATCATATCAGCA,3
mult-ACGTATCATCCGTCTA,3
mult-ACGTATCATCTTCACA,3
mult-ACGTATCATGAAGAGA,1
mult-ACGTATCATGGAACAA,1
mult-ACGTATCATGGCTTCA,1
mult-ACGTATCATGGTGGTA,1
mult-ACGTATCATTCACGCA,1
mult-ACGTATCAAACTCACC,1
mult-ACGTATCACAGATCTG,2
mult-ACGTATCAAAGAGATC,1
mult-ACGTATCAAAGGACAC,1
mult-ACGTATCAAATCCGTC,1
mult-ACGTATCAAATGTTGC,1
mult-ACGTATCAACACGACC,1
mult-ACGTATCAACAGATTC,1
mult-ACGTATCAAGATGTAC,1
mult-ACGTATCAAGCACCTC,1
mult-ACGTATCAAGCCATGC,1
mult-ACGTATCAAGGCTAAC,1
mult-ACGTATCACATCAAGT,2
mult-ACGTATCAATAGCGAC,2
mult-ACGTATCAATCATTCC,2
mult-ACGTATCAATTGGCTC,4
mult-ACGTATCACAAGGAGC,2
mult-ACGTATCACACCTTAC,2
mult-ACGTATCACCATCCTC,4
mult-ACGTATCACCGACAAC,2
mult-ACGTATCACCTAATCC,2
mult-ACGTATCACCTCTATC,2
mult-ACGTATCACGACACAC,2
mult-ACGTATCACGCTGATC,2
mult-ACGTATCACGGATTGC,2
mult-ACGTATCACTAAGGTC,2
mult-ACGTATCAGAACAGGC,2
mult-ACGTATCAGACAGTGC,2
mult-ACGTATCAGAGTTAGC,2
mult-ACGTATCAGATGAATC,2
mult-ACGTATCAGCCAAGAC,2
mult-ACGTATCACGGAAGAA,2
mult-ACGTATCAGTGACAAG,4
mult-ACGTATCAGAACCAGA,2
mult-GAGTTAGCAACGTGAT,0
mult-GAGTTAGCACAAGCTA,0
mult-GAGTTAGCTTGCTGGA,0
mult-GAGTTAGCCTGTAGCC,0
mult-GAGTTAGCAGTACAAG,0
mult-GAGTTAGCAACAACCA,0
mult-GAGTTAGCAACCGAGA,0
mult-GAGTTAGCAACGCTTA,0
mult-GAGTTAGCAAGACGGA,0
mult-GAGTTAGCAAGGTACA,0
mult-GAGTTAGCACACAGAA,0
mult-GAGTTAGCACAGCAGA,0
mult-GAGTTAGCAAACATCG,0
mult-GAGTTAGCACCTCCAA,0
mult-GAGTTAGCACGCTCGA,0
mult-GAGTTAGCACGTATCA,0
mult-GAGTTAGCACTATGCA,0
mult-GAGTTAGCAGAGTCAA,0
mult-GAGTTAGCAGATCGCA,0
mult-GAGTTAGCAGCAGGAA,0
mult-GAGTTAGCAGTCACTA,0
mult-GAGTTAGCATCCTGTA,0
mult-GAGTTAGCATTGAGGA,0
mult-GAGTTAGCATGCCTAA,0
mult-GAGTTAGCCAACCACA,0
mult-GAGTTAGCGACTAGTA,0
mult-GAGTTAGCCAATGGAA,0
mult-GAGTTAGCCACTTCGA,0
mult-GAGTTAGCCAGCGTTA,0
mult-GAGTTAGCCATACCAA,0
mult-GAGTTAGCCCAGTTCA,0
mult-GAGTTAGCCCGAAGTA,0
mult-GAGTTAGCCCGTGAGA,0
mult-GAGTTAGCCCTCCTGA,0
mult-GAGTTAGCAGTGGTCA,0
mult-GAGTTAGCCGAACTTA,0
mult-GAGTTAGCCGACTGGA,0
mult-GAGTTAGCCGCATACA,0
mult-GAGTTAGCCTCAATGA,0
mult-GAGTTAGCCTGAGCCA,0
mult-GAGTTAGCCTGGCATA,0
mult-GAGTTAGCGAATCTGA,0
mult-GAGTTAGCCAAGACTA,0
mult-GAGTTAGCGAGCTGAA,0
mult-GAGTTAGCGATAGACA,0
mult-GAGTTAGCACCACTGT,0
mult-GAGTTAGCGCCACATA,0
mult-GAGTTAGCGCGAGTAA,0
mult-GAGTTAGCGCTAACGA,0
mult-GAGTTAGCGCTCGGTA,3
mult-GAGTTAGCGGAGAACA,0
mult-GAGTTAGCGGTGCGAA,3
mult-GAGTTAGCGTACGCAA,3
mult-GAGTTAGCGTCGTAGA,3
mult-GAGTTAGCGTCTGTCA,3
mult-GAGTTAGCGTGTTCTA,3
mult-GAGTTAGCACATTGGC,0
mult-GAGTTAGCTAGGATGA,3
mult-GAGTTAGCTATCAGCA,3
mult-GAGTTAGCTCCGTCTA,3
mult-GAGTTAGCTCTTCACA,3
mult-GAGTTAGCTGAAGAGA,3
mult-GAGTTAGCTGGAACAA,3
mult-GAGTTAGCTGGCTTCA,3
mult-GAGTTAGCTGGTGGTA,3
mult-GAGTTAGCTTCACGCA,3
mult-GAGTTAGCAACTCACC,3
mult-GAGTTAGCCAGATCTG,0
mult-GAGTTAGCAAGAGATC,3
mult-GAGTTAGCAAGGACAC,0
mult-GAGTTAGCAATCCGTC,0
mult-GAGTTAGCAATGTTGC,0
mult-GAGTTAGCACACGACC,0
mult-GAGTTAGCACAGATTC,0
mult-GAGTTAGCAGATGTAC,0
mult-GAGTTAGCAGCACCTC,0
mult-GAGTTAGCAGCCATGC,0
mult-GAGTTAGCAGGCTAAC,0
mult-GAGTTAGCCATCAAGT,0
mult-GAGTTAGCATAGCGAC,0
mult-GAGTTAGCATCATTCC,0
mult-GAGTTAGCATTGGCTC,0
mult-GAGTTAGCCAAGGAGC,0
mult-GAGTTAGCCACCTTAC,0
mult-GAGTTAGCCCATCCTC,0
mult-GAGTTAGCCCGACAAC,0
mult-GAGTTAGCCCTAATCC,0
mult-GAGTTAGCCCTCTATC,0
mult-GAGTTAGCCGACACAC,2
mult-GAGTTAGCCGCTGATC,0
mult-GAGTTAGCCGGATTGC,2
mult-GAGTTAGCCTAAGGTC,2
mult-GAGTTAGCGAACAGGC,2
mult-GAGTTAGCGACAGTGC,2
mult-GAGTTAGCGAGTTAGC,2
mult-GAGTTAGCGATGAATC,2
mult-GAGTTAGCGCCAAGAC,0
mult-GAGTTAGCCGGAAGAA,0
mult-GAGTTAGCGTGACAAG,0
mult-GAGTTAGCGAACCAGA,0
mult-ACGCTCGAACAAGCTA,2
mult-ACGCTCGATTGCTGGA,2
mult-ACGCTCGACTGTAGCC,2
mult-ACGCTCGAAGTACAAG,2
mult-ACGCTCGAAACAACCA,2
mult-ACGCTCGAAACCGAGA,0
mult-ACGCTCGAAACGCTTA,0
mult-ACGCTCGAAAGACGGA,0
mult-ACGCTCGAAAGGTACA,0
mult-ACGCTCGAACACAGAA,0
mult-ACGCTCGAACAGCAGA,0
mult-ACGCTCGAACCTCCAA,0
mult-ACGCTCGAACGCTCGA,0
mult-ACGCTCGAACGTATCA,4
mult-ACGCTCGAACTATGCA,4
mult-ACGCTCGAAGAGTCAA,0
mult-ACGCTCGAAGATCGCA,4
mult-ACGCTCGAAGCAGGAA,4
mult-ACGCTCGAAGTCACTA,4
mult-ACGCTCGAATCCTGTA,0
mult-ACGCTCGAATTGAGGA,0
mult-ACGCTCGACAACCACA,0
mult-ACGCTCGAGACTAGTA,0
mult-ACGCTCGACAATGGAA,0
mult-ACGCTCGACACTTCGA,0
mult-ACGCTCGACAGCGTTA,0
mult-ACGCTCGACATACCAA,0
mult-ACGCTCGACCAGTTCA,0
mult-ACGCTCGACCGAAGTA,0
mult-ACGCTCGACCGTGAGA,0
mult-ACGCTCGACCTCCTGA,0
mult-ACGCTCGACGAACTTA,0
mult-ACGCTCGACGACTGGA,1
mult-ACGCTCGACGCATACA,1
mult-ACGCTCGACTCAATGA,1
mult-ACGCTCGACTGAGCCA,1
mult-ACGCTCGACTGGCATA,1
mult-ACGCTCGAGAATCTGA,1
mult-ACGCTCGACAAGACTA,1
mult-ACGCTCGAGAGCTGAA,1
mult-ACGCTCGAGATAGACA,1
mult-ACGCTCGAGCCACATA,1
mult-ACGCTCGAGCGAGTAA,1
mult-ACGCTCGAGCTAACGA,1
mult-ACGCTCGAGCTCGGTA,1
mult-ACGCTCGAGGAGAACA,1
mult-ACGCTCGAGGTGCGAA,1
mult-ACGCTCGAGTACGCAA,1
mult-ACGCTCGAGTCGTAGA,1
mult-ACGCTCGAGTCTGTCA,3
mult-ACGCTCGAGTGTTCTA,3
mult-ACGCTCGAACATTGGC,2
mult-ACGCTCGATAGGATGA,3
mult-ACGCTCGATATCAGCA,3
mult-ACGCTCGATCCGTCTA,3
mult-ACGCTCGATCTTCACA,3
mult-ACGCTCGATGAAGAGA,1
mult-ACGCTCGATGGAACAA,1
mult-ACGCTCGATGGCTTCA,1
mult-ACGCTCGATGGTGGTA,1
mult-ACGCTCGATTCACGCA,1
mult-ACGCTCGAAACTCACC,1
mult-ACGCTCGACAGATCTG,2
mult-ACGCTCGAAAGAGATC,1
mult-ACGCTCGAAAGGACAC,1
mult-ACGCTCGAAATCCGTC,1
mult-ACGCTCGAAATGTTGC,1
mult-ACGCTCGAACACGACC,1
mult-ACGCTCGAACAGATTC,4
mult-ACGCTCGAAGATGTAC,1
mult-ACGCTCGAAGCACCTC,4
mult-ACGCTCGAAGCCATGC,1
mult-ACGCTCGAAGGCTAAC,1
mult-ACGCTCGACATCAAGT,2
mult-ACGCTCGAATAGCGAC,4
mult-ACGCTCGAATCATTCC,4
mult-ACGCTCGAATTGGCTC,1
mult-ACGCTCGACAAGGAGC,2
mult-ACGCTCGACACCTTAC,2
mult-ACGCTCGACCATCCTC,11
mult-ACGCTCGACCGACAAC,2
mult-ACGCTCGACCTAATCC,4
mult-ACGCTCGACCTCTATC,2
mult-ACGCTCGACGACACAC,2
mult-ACGCTCGACGCTGATC,2
mult-ACGCTCGACGGATTGC,2
mult-ACGCTCGACTAAGGTC,2
mult-ACGCTCGAGAACAGGC,2
mult-ACGCTCGAGACAGTGC,2
mult-ACGCTCGAGAGTTAGC,2
mult-ACGCTCGAGATGAATC,2
mult-ACGCTCGAGCCAAGAC,2
mult-ACGCTCGACGGAAGAA,8
mult-ACGCTCGAGTGACAAG,2
mult-ACGCTCGAGAACCAGA,4
mult-ACCTCCAAACAAGCTA,2
mult-ACCTCCAATTGCTGGA,8
mult-ACCTCCAACTGTAGCC,2
mult-ACCTCCAAAGTACAAG,4
mult-ACCTCCAAAACAACCA,4
mult-ACCTCCAAAACCGAGA,0
mult-ACCTCCAAAACGCTTA,0
mult-ACCTCCAAAAGACGGA,0
mult-ACCTCCAAAAGGTACA,0
mult-ACCTCCAAACACAGAA,0
mult-ACCTCCAAACAGCAGA,0
mult-ACCTCCAAACCTCCAA,0
mult-ACCTCCAAACGCTCGA,4
mult-ACCTCCAAACGTATCA,8
mult-ACCTCCAAACTATGCA,4
mult-ACCTCCAAAGAGTCAA,3
mult-ACCTCCAAAGATCGCA,0
mult-ACCTCCAAAGCAGGAA,0
mult-ACCTCCAAAGTCACTA,4
mult-ACCTCCAAATCCTGTA,0
mult-ACCTCCAAATTGAGGA,0
mult-ACCTCCAACAACCACA,0
mult-ACCTCCAAGACTAGTA,0
mult-ACCTCCAACAATGGAA,0
mult-ACCTCCAACACTTCGA,0
mult-ACCTCCAACAGCGTTA,0
mult-ACCTCCAACATACCAA,0
mult-ACCTCCAACCAGTTCA,0
mult-ACCTCCAACCGAAGTA,0
mult-ACCTCCAACCGTGAGA,0
mult-ACCTCCAACCTCCTGA,0
mult-ACCTCCAACGAACTTA,0
mult-ACCTCCAACGACTGGA,1
mult-ACCTCCAACGCATACA,1
mult-ACCTCCAACTCAATGA,1
mult-ACCTCCAACTGAGCCA,1
mult-ACCTCCAACTGGCATA,1
mult-ACCTCCAAGAATCTGA,1
mult-ACCTCCAACAAGACTA,1
mult-ACCTCCAAGAGCTGAA,1
mult-ACCTCCAAGATAGACA,1
mult-ACCTCCAAGCCACATA,1
mult-ACCTCCAAGCGAGTAA,1
mult-ACCTCCAAGCTAACGA,1
mult-ACCTCCAAGCTCGGTA,1
mult-ACCTCCAAGGAGAACA,1
mult-ACCTCCAAGGTGCGAA,1
mult-ACCTCCAAGTACGCAA,1
mult-ACCTCCAAGTCGTAGA,1
mult-ACCTCCAAGTCTGTCA,3
mult-ACCTCCAAGTGTTCTA,3
mult-ACCTCCAATAGGATGA,3
mult-ACCTCCAATATCAGCA,3
mult-ACCTCCAATCCGTCTA,3
mult-ACCTCCAATCTTCACA,3
mult-ACCTCCAATGAAGAGA,1
mult-ACCTCCAATGGAACAA,1
mult-ACCTCCAATGGCTTCA,1
mult-ACCTCCAATGGTGGTA,1
mult-ACCTCCAATTCACGCA,1
mult-ACCTCCAAAACTCACC,1
mult-ACCTCCAACAGATCTG,2
mult-ACCTCCAAAAGAGATC,1
mult-ACCTCCAAAAGGACAC,1
mult-ACCTCCAAAATCCGTC,1
mult-ACCTCCAAAATGTTGC,1
mult-ACCTCCAAACACGACC,1
mult-ACCTCCAAACAGATTC,1
mult-ACCTCCAAAGATGTAC,1
mult-ACCTCCAAAGCACCTC,1
mult-ACCTCCAAAGCCATGC,1
mult-ACCTCCAAAGGCTAAC,2
mult-ACCTCCAACATCAAGT,2
mult-ACCTCCAAATAGCGAC,1
mult-ACCTCCAAATCATTCC,1
mult-ACCTCCAAATTGGCTC,1
mult-ACCTCCAACAAGGAGC,2
mult-ACCTCCAACACCTTAC,2
mult-ACCTCCAACCATCCTC,2
mult-ACCTCCAACCGACAAC,2
mult-ACCTCCAACCTAATCC,2
mult-ACCTCCAACCTCTATC,2
mult-ACCTCCAACGACACAC,2
mult-ACCTCCAACGCTGATC,2
mult-ACCTCCAACGGATTGC,2
mult-ACCTCCAACTAAGGTC,2
mult-ACCTCCAAGAACAGGC,2
mult-ACCTCCAAGACAGTGC,2
mult-ACCTCCAAGAGTTAGC,2
mult-ACCTCCAAGATGAATC,2
mult-ACCTCCAAGCCAAGAC,2
mult-ACCTCCAACGGAAGAA,2
mult-ACCTCCAAGTGACAAG,8
mult-ACCTCCAAGAACCAGA,0
mult-ACAGCAGAACAAGCTA,2
mult-ACAGCAGATTGCTGGA,2
mult-ACAGCAGACTGTAGCC,2
mult-ACAGCAGAAGTACAAG,7
mult-ACAGCAGAAACAACCA,2
mult-ACAGCAGAAACCGAGA,0
mult-ACAGCAGAAACGCTTA,0
mult-ACAGCAGAAAGACGGA,0
mult-ACAGCAGAAAGGTACA,0
mult-ACAGCAGAACACAGAA,0
mult-ACAGCAGAACAGCAGA,0
mult-ACAGCAGAACCTCCAA,0
mult-ACAGCAGAACGCTCGA,0
mult-ACAGCAGAACGTATCA,0
mult-ACAGCAGAACTATGCA,4
mult-ACAGCAGAAGAGTCAA,4
mult-ACAGCAGAAGATCGCA,0
mult-ACAGCAGAAGCAGGAA,0
mult-ACAGCAGAAGTCACTA,0
mult-ACAGCAGAATCCTGTA,0
mult-ACAGCAGAATTGAGGA,0
mult-ACAGCAGACAACCACA,0
mult-ACAGCAGAGACTAGTA,0
mult-ACAGCAGACAATGGAA,0
mult-ACAGCAGACACTTCGA,0
mult-ACAGCAGACAGCGTTA,0
mult-ACAGCAGACATACCAA,0
mult-ACAGCAGACCAGTTCA,0
mult-ACAGCAGACCGAAGTA,8
mult-ACAGCAGACCGTGAGA,0
mult-ACAGCAGACCTCCTGA,0
mult-ACAGCAGACGAACTTA,0
mult-ACAGCAGACGACTGGA,4
mult-ACAGCAGACGCATACA,1
mult-ACAGCAGACTCAATGA,1
mult-ACAGCAGACTGAGCCA,1
mult-ACAGCAGACTGGCATA,1
mult-ACAGCAGAGAATCTGA,1
mult-ACAGCAGACAAGACTA,1
mult-ACAGCAGAGAGCTGAA,1
mult-ACAGCAGAGATAGACA,1
mult-ACAGCAGAGCCACATA,1
mult-ACAGCAGAGCGAGTAA,1
mult-ACAGCAGAGCTAACGA,1
mult-ACAGCAGAGCTCGGTA,1
mult-ACAGCAGAGGAGAACA,1
mult-ACAGCAGAGGTGCGAA,1
mult-ACAGCAGAGTACGCAA,1
mult-ACAGCAGAGTCGTAGA,3
mult-ACAGCAGAGTCTGTCA,3
mult-ACAGCAGAGTGTTCTA,3
mult-ACAGCAGATAGGATGA,3
mult-ACAGCAGATATCAGCA,3
mult-ACAGCAGATCCGTCTA,3
mult-ACAGCAGATCTTCACA,3
mult-ACAGCAGATGAAGAGA,1
mult-ACAGCAGATGGAACAA,1
mult-ACAGCAGATGGCTTCA,1
mult-ACAGCAGATGGTGGTA,1
mult-ACAGCAGATTCACGCA,1
mult-ACAGCAGAAACTCACC,1
mult-ACAGCAGAAAGAGATC,1
mult-ACAGCAGAAAGGACAC,1
mult-ACAGCAGAAATCCGTC,1
mult-ACAGCAGAAATGTTGC,1
mult-ACAGCAGAACACGACC,1
mult-ACAGCAGAACAGATTC,1
mult-ACAGCAGAAGATGTAC,1
mult-ACAGCAGAAGCACCTC,1
mult-ACAGCAGAAGCCATGC,1
mult-ACAGCAGAAGGCTAAC,1
mult-ACAGCAGACATCAAGT,2
mult-ACAGCAGAATAGCGAC,1
mult-ACAGCAGAATCATTCC,2
mult-ACAGCAGAATTGGCTC,2
mult-ACAGCAGACAAGGAGC,2
mult-ACAGCAGACACCTTAC,2
mult-ACAGCAGACCATCCTC,2
mult-ACAGCAGACCGACAAC,4
mult-ACAGCAGACCTAATCC,2
mult-ACAGCAGACCTCTATC,2
mult-ACAGCAGACGACACAC,2
mult-ACAGCAGACGCTGATC,2
mult-ACAGCAGACGGATTGC,2
mult-ACAGCAGACTAAGGTC,2
mult-ACAGCAGAGAACAGGC,2
mult-ACAGCAGAGACAGTGC,2
mult-ACAGCAGAGAGTTAGC,1
mult-ACAGCAGAGATGAATC,2
mult-ACAGCAGAGCCAAGAC,2
mult-ACAGCAGACGGAAGAA,2
mult-ACAGCAGAGTGACAAG,2
mult-ACAGCAGAGAACCAGA,2
mult-ACACAGAAACAAGCTA,2
mult-ACACAGAATTGCTGGA,8
mult-ACACAGAACTGTAGCC,2
mult-ACACAGAAAGTACAAG,2
mult-ACACAGAAAACAACCA,2
mult-ACACAGAAAACCGAGA,0
mult-ACACAGAAAACGCTTA,0
mult-ACACAGAAAAGACGGA,0
mult-ACACAGAAAAGGTACA,0
mult-ACACAGAAACACAGAA,0
mult-ACACAGAAACAGCAGA,0
mult-ACACAGAAACCTCCAA,0
mult-ACACAGAAACGCTCGA,0
mult-ACACAGAAACGTATCA,0
mult-ACACAGAAACTATGCA,0
mult-ACACAGAAAGAGTCAA,8
mult-ACACAGAAAGATCGCA,0
mult-ACACAGAAAGCAGGAA,4
mult-ACACAGAAAGTCACTA,0
mult-ACACAGAAATCCTGTA,4
mult-ACACAGAAATTGAGGA,0
mult-ACACAGAACAACCACA,0
mult-ACACAGAAGACTAGTA,0
mult-ACACAGAACAATGGAA,0
mult-ACACAGAACACTTCGA,0
mult-ACACAGAACAGCGTTA,0
mult-ACACAGAACATACCAA,0
mult-ACACAGAACCAGTTCA,0
mult-ACACAGAACCGAAGTA,0
mult-ACACAGAACCGTGAGA,0
mult-ACACAGAACCTCCTGA,0
mult-ACACAGAACGAACTTA,0
mult-ACACAGAACGACTGGA,4
mult-ACACAGAACGCATACA,4
mult-ACACAGAACTCAATGA,1
mult-ACACAGAACTGAGCCA,1
mult-ACACAGAACTGGCATA,1
mult-ACACAGAAGAATCTGA,1
mult-ACACAGAACAAGACTA,1
mult-ACACAGAAGAGCTGAA,1
mult-ACACAGAAGATAGACA,1
mult-ACACAGAAGCCACATA,1
mult-ACACAGAAGCGAGTAA,1
mult-ACACAGAAGCTAACGA,1
mult-ACACAGAAGCTCGGTA,1
mult-ACACAGAAGGAGAACA,1
mult-ACACAGAAGGTGCGAA,1
mult-ACACAGAAGTACGCAA,1
mult-ACACAGAAGTCGTAGA,3
mult-ACACAGAAGTCTGTCA,3
mult-ACACAGAAGTGTTCTA,3
mult-ACACAGAATAGGATGA,3
mult-ACACAGAATATCAGCA,3
mult-ACACAGAATCCGTCTA,3
mult-ACACAGAATCTTCACA,3
mult-ACACAGAATGAAGAGA,1
mult-ACACAGAATGGAACAA,1
mult-ACACAGAATGGCTTCA,1
mult-ACACAGAATGGTGGTA,1
mult-ACACAGAATTCACGCA,1
mult-ACACAGAAAACTCACC,1
mult-ACACAGAAAAGAGATC,1
mult-ACACAGAAAAGGACAC,1
mult-ACACAGAAAATCCGTC,1
mult-ACACAGAAAATGTTGC,1
mult-ACACAGAAACACGACC,1
mult-ACACAGAAACAGATTC,1
mult-ACACAGAAAGATGTAC,1
mult-ACACAGAAAGCACCTC,1
mult-ACACAGAAAGCCATGC,1
mult-ACACAGAAAGGCTAAC,1
mult-ACACAGAACATCAAGT,2
mult-ACACAGAAATAGCGAC,1
mult-ACACAGAAATCATTCC,1
mult-ACACAGAAATTGGCTC,2
mult-ACACAGAACAAGGAGC,2
mult-ACACAGAACACCTTAC,2
mult-ACACAGAACCATCCTC,2
mult-ACACAGAACCGACAAC,2
mult-ACACAGAACCTAATCC,2
mult-ACACAGAACCTCTATC,2
mult-ACACAGAACGACACAC,4
mult-ACACAGAACGCTGATC,2
mult-ACACAGAACGGATTGC,2
mult-ACACAGAACTAAGGTC,2
mult-ACACAGAAGAACAGGC,2
mult-ACACAGAAGACAGTGC,6
mult-ACACAGAAGAGTTAGC,2
mult-ACACAGAAGATGAATC,2
mult-ACACAGAAGCCAAGAC,2
mult-ACACAGAACGGAAGAA,2
mult-ACACAGAAGTGACAAG,2
mult-ACACAGAAGAACCAGA,2
mult-AAGGTACAACAAGCTA,2
mult-AAGGTACATTGCTGGA,2
mult-AAGGTACACTGTAGCC,2
mult-AAGGTACAAGTACAAG,2
mult-AAGGTACAAACAACCA,4
mult-AAGGTACAAACCGAGA,0
mult-AAGGTACAAACGCTTA,4
mult-AAGGTACAAAGACGGA,0
mult-AAGGTACAAAGGTACA,0
mult-AAGGTACAACACAGAA,0
mult-AAGGTACAACAGCAGA,0
mult-AAGGTACAACCTCCAA,0
mult-AAGGTACAACGCTCGA,0
mult-AAGGTACAACGTATCA,4
mult-AAGGTACAACTATGCA,0
mult-AAGGTACAAGAGTCAA,0
mult-AAGGTACAAGATCGCA,0
mult-AAGGTACAAGCAGGAA,0
mult-AAGGTACAAGTCACTA,0
mult-AAGGTACAATCCTGTA,0
mult-AAGGTACAATTGAGGA,4
mult-AAGGTACACAACCACA,0
mult-AAGGTACAGACTAGTA,0
mult-AAGGTACACAATGGAA,0
mult-AAGGTACACACTTCGA,0
mult-AAGGTACACAGCGTTA,0
mult-AAGGTACACATACCAA,0
mult-AAGGTACACCAGTTCA,7
mult-AAGGTACACCGAAGTA,0
mult-AAGGTACACCGTGAGA,0
mult-AAGGTACACCTCCTGA,0
mult-AAGGTACACGAACTTA,0
mult-AAGGTACACGACTGGA,7
mult-AAGGTACACGCATACA,4
mult-AAGGTACACTCAATGA,4
mult-AAGGTACACTGAGCCA,1
mult-AAGGTACACTGGCATA,1
mult-AAGGTACAGAATCTGA,1
mult-AAGGTACACAAGACTA,1
mult-AAGGTACAGAGCTGAA,1
mult-AAGGTACAGATAGACA,1
mult-AAGGTACAGCCACATA,1
mult-AAGGTACAGCGAGTAA,1
mult-AAGGTACAGCTAACGA,1
mult-AAGGTACAGCTCGGTA,1
mult-AAGGTACAGGAGAACA,1
mult-AAGGTACAGGTGCGAA,1
mult-AAGGTACAGTACGCAA,1
mult-AAGGTACAGTCGTAGA,2
mult-AAGGTACAGTCTGTCA,3
mult-AAGGTACAGTGTTCTA,3
mult-AAGGTACATAGGATGA,3
mult-AAGGTACATATCAGCA,3
mult-AAGGTACATCCGTCTA,1
mult-AAGGTACATCTTCACA,1
mult-AAGGTACATGAAGAGA,1
mult-AAGGTACATGGAACAA,1
mult-AAGGTACATGGCTTCA,1
mult-AAGGTACATGGTGGTA,1
mult-AAGGTACATTCACGCA,1
mult-AAGGTACAAACTCACC,1
mult-AAGGTACAAAGAGATC,1
mult-AAGGTACAAAGGACAC,1
mult-AAGGTACAAATCCGTC,1
mult-AAGGTACAAATGTTGC,1
mult-AAGGTACAACACGACC,1
mult-AAGGTACAACAGATTC,1
mult-AAGGTACAAGATGTAC,1
mult-AAGGTACAAGCACCTC,1
mult-AAGGTACAAGCCATGC,1
mult-AAGGTACAAGGCTAAC,1
mult-AAGGTACACATCAAGT,2
mult-AAGGTACAATAGCGAC,1
mult-AAGGTACAATCATTCC,1
mult-AAGGTACAATTGGCTC,2
mult-AAGGTACACAAGGAGC,2
mult-AAGGTACACACCTTAC,8
mult-AAGGTACACCATCCTC,4
mult-AAGGTACACCGACAAC,2
mult-AAGGTACACCTAATCC,8
mult-AAGGTACACCTCTATC,1
mult-AAGGTACACGACACAC,8
mult-AAGGTACACGCTGATC,2
mult-AAGGTACACGGATTGC,2
mult-AAGGTACACTAAGGTC,2
mult-AAGGTACAGAACAGGC,2
mult-AAGGTACAGACAGTGC,2
mult-AAGGTACAGAGTTAGC,2
mult-AAGGTACAGATGAATC,2
mult-AAGGTACAGCCAAGAC,4
mult-AAGGTACACGGAAGAA,2
mult-AAGGTACAGTGACAAG,2
mult-AAGGTACAGAACCAGA,8
mult-AAGACGGAACAAGCTA,2
mult-AAGACGGATTGCTGGA,2
mult-AAGACGGACTGTAGCC,2
mult-AAGACGGAAGTACAAG,2
mult-AAGACGGAAACAACCA,2
mult-AAGACGGAAACCGAGA,4
mult-AAGACGGAAACGCTTA,4
mult-AAGACGGAAAGACGGA,0
mult-AAGACGGAAAGGTACA,0
mult-AAGACGGAACACAGAA,0
mult-AAGACGGAACAGCAGA,0
mult-AAGACGGAACCTCCAA,0
mult-AAGACGGAACGCTCGA,0
mult-AAGACGGAACGTATCA,0
mult-AAGACGGAACTATGCA,0
mult-AAGACGGAAGAGTCAA,8
mult-AAGACGGAAGATCGCA,0
mult-AAGACGGAAGCAGGAA,0
mult-AAGACGGAAGTCACTA,0
mult-AAGACGGAATCCTGTA,7
mult-AAGACGGAATTGAGGA,4
mult-AAGACGGACAACCACA,0
mult-AAGACGGAGACTAGTA,4
mult-AAGACGGACAATGGAA,0
mult-AAGACGGACACTTCGA,0
mult-AAGACGGACAGCGTTA,0
mult-AAGACGGACATACCAA,0
mult-AAGACGGACCAGTTCA,0
mult-AAGACGGACCGAAGTA,0
mult-AAGACGGACCGTGAGA,7
mult-AAGACGGACCTCCTGA,0
mult-AAGACGGACGAACTTA,0
mult-AAGACGGACGACTGGA,0
mult-AAGACGGACGCATACA,0
mult-AAGACGGACTCAATGA,4
mult-AAGACGGACTGAGCCA,1
mult-AAGACGGACTGGCATA,1
mult-AAGACGGAGAATCTGA,1
mult-AAGACGGACAAGACTA,1
mult-AAGACGGAGAGCTGAA,1
mult-AAGACGGAGATAGACA,1
mult-AAGACGGAGCCACATA,1
mult-AAGACGGAGCGAGTAA,1
mult-AAGACGGAGCTAACGA,1
mult-AAGACGGAGCTCGGTA,1
mult-AAGACGGAGGAGAACA,1
mult-AAGACGGAGGTGCGAA,1
mult-AAGACGGAGTACGCAA,1
mult-AAGACGGAGTCGTAGA,1
mult-AAGACGGAGTCTGTCA,1
mult-AAGACGGAGTGTTCTA,1
mult-AAGACGGATAGGATGA,3
mult-AAGACGGATATCAGCA,1
mult-AAGACGGATCCGTCTA,1
mult-AAGACGGATCTTCACA,1
mult-AAGACGGATGAAGAGA,1
mult-AAGACGGATGGAACAA,1
mult-AAGACGGATGGCTTCA,1
mult-AAGACGGATGGTGGTA,1
mult-AAGACGGATTCACGCA,1
mult-AAGACGGAAACTCACC,1
mult-AAGACGGAAAGAGATC,1
mult-AAGACGGAAAGGACAC,1
mult-AAGACGGAAATCCGTC,1
mult-AAGACGGAAATGTTGC,1
mult-AAGACGGAACACGACC,1
mult-AAGACGGAACAGATTC,1
mult-AAGACGGAAGATGTAC,1
mult-AAGACGGAAGCACCTC,1
mult-AAGACGGAAGCCATGC,1
mult-AAGACGGAAGGCTAAC,1
mult-AAGACGGAATAGCGAC,1
mult-AAGACGGAATCATTCC,1
mult-AAGACGGAATTGGCTC,1
mult-AAGACGGACAAGGAGC,2
mult-AAGACGGACACCTTAC,2
mult-AAGACGGACCATCCTC,2
mult-AAGACGGACCGACAAC,2
mult-AAGACGGACCTAATCC,2
mult-AAGACGGACCTCTATC,2
mult-AAGACGGACGACACAC,2
mult-AAGACGGACGCTGATC,2
mult-AAGACGGACGGATTGC,2
mult-AAGACGGACTAAGGTC,2
mult-AAGACGGAGAACAGGC,2
mult-AAGACGGAGACAGTGC,2
mult-AAGACGGAGAGTTAGC,2
mult-AAGACGGAGATGAATC,2
mult-AAGACGGAGCCAAGAC,2
mult-AAGACGGACGGAAGAA,2
mult-AAGACGGAGTGACAAG,2
mult-AAGACGGAGAACCAGA,2
mult-AACGCTTAACAAGCTA,2
mult-AACGCTTATTGCTGGA,8
mult-AACGCTTACTGTAGCC,2
mult-AACGCTTAAGTACAAG,2
mult-AACGCTTAAACAACCA,4
mult-AACGCTTAAACCGAGA,4
mult-AACGCTTAAACGCTTA,4
mult-AACGCTTAAAGACGGA,0
mult-AACGCTTAAAGGTACA,0
mult-AACGCTTAACACAGAA,0
mult-AACGCTTAACAGCAGA,0
mult-AACGCTTAACCTCCAA,0
mult-AACGCTTAACGCTCGA,0
mult-AACGCTTAACGTATCA,0
mult-AACGCTTAACTATGCA,0
mult-AACGCTTAAGAGTCAA,0
mult-AACGCTTAAGATCGCA,0
mult-AACGCTTAAGCAGGAA,0
mult-AACGCTTAAGTCACTA,0
mult-AACGCTTAATCCTGTA,0
mult-AACGCTTAATTGAGGA,4
mult-AACGCTTACAACCACA,4
mult-AACGCTTAGACTAGTA,4
mult-AACGCTTACAATGGAA,4
mult-AACGCTTACACTTCGA,3
mult-AACGCTTACAGCGTTA,0
mult-AACGCTTACATACCAA,4
mult-AACGCTTACCAGTTCA,0
mult-AACGCTTACCGAAGTA,0
mult-AACGCTTACCGTGAGA,0
mult-AACGCTTACCTCCTGA,0
mult-AACGCTTACGAACTTA,0
mult-AACGCTTACGACTGGA,0
mult-AACGCTTACGCATACA,3
mult-AACGCTTACTCAATGA,4
mult-AACGCTTACTGAGCCA,4
mult-AACGCTTACTGGCATA,4
mult-AACGCTTAGAATCTGA,4
mult-AACGCTTACAAGACTA,1
mult-AACGCTTAGAGCTGAA,1
mult-AACGCTTAGATAGACA,1
mult-AACGCTTAGCCACATA,1
mult-AACGCTTAGCGAGTAA,1
mult-AACGCTTAGCTAACGA,1
mult-AACGCTTAGCTCGGTA,1
mult-AACGCTTAGGAGAACA,1
mult-AACGCTTAGGTGCGAA,0
mult-AACGCTTAGTACGCAA,4
mult-AACGCTTAGTCGTAGA,1
mult-AACGCTTAGTCTGTCA,4
mult-AACGCTTAGTGTTCTA,1
mult-AACGCTTATAGGATGA,1
mult-AACGCTTATATCAGCA,1
mult-AACGCTTATCCGTCTA,1
mult-AACGCTTATCTTCACA,1
mult-AACGCTTATGAAGAGA,1
mult-AACGCTTATGGAACAA,1
mult-AACGCTTATGGCTTCA,1
mult-AACGCTTATGGTGGTA,1
mult-AACGCTTATTCACGCA,1
mult-AACGCTTAAACTCACC,1
mult-AACGCTTAAAGAGATC,1
mult-AACGCTTAAAGGACAC,1
mult-AACGCTTAAATCCGTC,1
mult-AACGCTTAAATGTTGC,1
mult-AACGCTTAACACGACC,1
mult-AACGCTTAACAGATTC,1
mult-AACGCTTAAGATGTAC,1
mult-AACGCTTAAGCACCTC,1
mult-AACGCTTAAGCCATGC,1
mult-AACGCTTAAGGCTAAC,1
mult-AACGCTTAATAGCGAC,1
mult-AACGCTTAATCATTCC,1
mult-AACGCTTAATTGGCTC,1
mult-AACGCTTACAAGGAGC,4
mult-AACGCTTACACCTTAC,0
mult-AACGCTTACCATCCTC,2
mult-AACGCTTACCGACAAC,2
mult-AACGCTTACCTAATCC,2
mult-AACGCTTACCTCTATC,2
mult-AACGCTTACGACACAC,8
mult-AACGCTTACGGATTGC,8
mult-AACGCTTACTAAGGTC,2
mult-AACGCTTAGAACAGGC,6
mult-AACGCTTAGACAGTGC,6
mult-AACGCTTAGAGTTAGC,2
mult-AACGCTTAGATGAATC,4
mult-AACGCTTAGCCAAGAC,2
mult-AACGCTTACGGAAGAA,2
mult-AACGCTTAGTGACAAG,2
mult-AACGCTTAGAACCAGA,2
mult-AACCGAGAACAAGCTA,2
mult-AACCGAGATTGCTGGA,2
mult-AACCGAGACTGTAGCC,2
mult-AACCGAGAAGTACAAG,2
mult-AACCGAGAAACAACCA,2
mult-AACCGAGAAACCGAGA,2
mult-AACCGAGAAACGCTTA,4
mult-AACCGAGAAAGACGGA,7
mult-AACCGAGAAAGGTACA,0
mult-AACCGAGAACACAGAA,0
mult-AACCGAGAACAGCAGA,0
mult-AACCGAGAACCTCCAA,0
mult-AACCGAGAACGCTCGA,0
mult-AACCGAGAACGTATCA,0
mult-AACCGAGAACTATGCA,0
mult-AACCGAGAAGAGTCAA,0
mult-AACCGAGAAGATCGCA,0
mult-AACCGAGAAGCAGGAA,0
mult-AACCGAGAAGTCACTA,0
mult-AACCGAGAATCCTGTA,0
mult-AACCGAGAATTGAGGA,4
mult-AACCGAGACAACCACA,7
mult-AACCGAGAGACTAGTA,0
mult-AACCGAGACAATGGAA,4
mult-AACCGAGACACTTCGA,4
mult-AACCGAGACAGCGTTA,0
mult-AACCGAGACATACCAA,4
mult-AACCGAGACCAGTTCA,7
mult-AACCGAGACCGAAGTA,0
mult-AACCGAGACCGTGAGA,0
mult-AACCGAGACCTCCTGA,0
mult-AACCGAGACGAACTTA,0
mult-AACCGAGACGACTGGA,0
mult-AACCGAGACGCATACA,3
mult-AACCGAGACTCAATGA,0
mult-AACCGAGACTGAGCCA,0
mult-AACCGAGACTGGCATA,4
mult-AACCGAGAGAATCTGA,2
mult-AACCGAGACAAGACTA,3
mult-AACCGAGAGAGCTGAA,1
mult-AACCGAGAGATAGACA,1
mult-AACCGAGAGCCACATA,1
mult-AACCGAGAGCGAGTAA,1
mult-AACCGAGAGCTAACGA,1
mult-AACCGAGAGCTCGGTA,1
mult-AACCGAGAGGAGAACA,1
mult-AACCGAGAGGTGCGAA,1
mult-AACCGAGAGTACGCAA,2
mult-AACCGAGAGTCGTAGA,1
mult-AACCGAGAGTCTGTCA,1
mult-AACCGAGAGTGTTCTA,1
mult-AACCGAGATAGGATGA,1
mult-AACCGAGATATCAGCA,1
mult-AACCGAGATCCGTCTA,1
mult-AACCGAGATCTTCACA,1
mult-AACCGAGATGAAGAGA,1
mult-AACCGAGATGGAACAA,1
mult-AACCGAGATGGCTTCA,1
mult-AACCGAGATGGTGGTA,1
mult-AACCGAGATTCACGCA,1
mult-AACCGAGAAACTCACC,1
mult-AACCGAGAAAGAGATC,1
mult-AACCGAGAAAGGACAC,1
mult-AACCGAGAAATCCGTC,1
mult-AACCGAGAAATGTTGC,1
mult-AACCGAGAACACGACC,1
mult-AACCGAGAACAGATTC,1
mult-AACCGAGAAGATGTAC,1
mult-AACCGAGAAGCACCTC,1
mult-AACCGAGAAGCCATGC,1
mult-AACCGAGAAGGCTAAC,1
mult-AACCGAGAATAGCGAC,1
mult-AACCGAGAATCATTCC,1
mult-AACCGAGAATTGGCTC,1
mult-AACCGAGACAAGGAGC,2
mult-AACCGAGACACCTTAC,2
mult-AACCGAGACCATCCTC,2
mult-AACCGAGACCGACAAC,2
mult-AACCGAGACCTAATCC,1
mult-AACCGAGACCTCTATC,4
mult-AACCGAGACGACACAC,8
mult-AACCGAGACGGATTGC,2
mult-AACCGAGACTAAGGTC,2
mult-AACCGAGAGAACAGGC,2
mult-AACCGAGAGACAGTGC,6
mult-AACCGAGAGAGTTAGC,2
mult-AACCGAGAGATGAATC,2
mult-AACCGAGAGCCAAGAC,4
mult-AACCGAGACGGAAGAA,2
mult-AACCGAGAGTGACAAG,2
mult-AACCGAGAGAACCAGA,4
mult-AACAACCATTGCTGGA,2
mult-AACAACCACTGTAGCC,2
mult-AACAACCAAGTACAAG,2
mult-AACAACCAAACAACCA,2
mult-AACAACCAAACCGAGA,2
mult-AACAACCAAACGCTTA,2
mult-AACAACCAAAGACGGA,2
mult-AACAACCAAAGGTACA,7
mult-AACAACCAACACAGAA,0
mult-AACAACCAACAGCAGA,0
mult-AACAACCAACCTCCAA,0
mult-AACAACCAACGCTCGA,0
mult-AACAACCAACGTATCA,0
mult-AACAACCAACTATGCA,0
mult-AACAACCAAGAGTCAA,0
mult-AACAACCAAGATCGCA,0
mult-AACAACCAAGCAGGAA,0
mult-AACAACCAAGTCACTA,0
mult-AACAACCAATCCTGTA,0
mult-AACAACCAATTGAGGA,0
mult-AACAACCACAACCACA,0
mult-AACAACCAGACTAGTA,4
mult-AACAACCACAATGGAA,4
mult-AACAACCACACTTCGA,0
mult-AACAACCACAGCGTTA,4
mult-AACAACCACATACCAA,0
mult-AACAACCACCAGTTCA,4
mult-AACAACCACCGAAGTA,0
mult-AACAACCACCGTGAGA,0
mult-AACAACCACCTCCTGA,0
mult-AACAACCACGAACTTA,0
mult-AACAACCACGACTGGA,0
mult-AACAACCACGCATACA,8
mult-AACAACCACTCAATGA,0
mult-AACAACCACTGAGCCA,0
mult-AACAACCACTGGCATA,0
mult-AACAACCAGAATCTGA,4
mult-AACAACCACAAGACTA,2
mult-AACAACCAGAGCTGAA,1
mult-AACAACCAGATAGACA,1
mult-AACAACCAGCCACATA,1
mult-AACAACCAGCGAGTAA,1
mult-AACAACCAGCTAACGA,1
mult-AACAACCAGCTCGGTA,1
mult-AACAACCAGGAGAACA,1
mult-AACAACCAGGTGCGAA,1
mult-AACAACCAGTACGCAA,1
mult-AACAACCAGTCGTAGA,1
mult-AACAACCAGTCTGTCA,1
mult-AACAACCAGTGTTCTA,1
mult-AACAACCATAGGATGA,1
mult-AACAACCATATCAGCA,1
mult-AACAACCATCCGTCTA,1
mult-AACAACCATCTTCACA,1
mult-AACAACCATGAAGAGA,1
mult-AACAACCATGGAACAA,1
mult-AACAACCATGGCTTCA,1
mult-AACAACCATGGTGGTA,1
mult-AACAACCATTCACGCA,1
mult-AACAACCAAACTCACC,1
mult-AACAACCAAAGAGATC,1
mult-AACAACCAAAGGACAC,1
mult-AACAACCAAATCCGTC,1
mult-AACAACCAAATGTTGC,1
mult-AACAACCAACACGACC,1
mult-AACAACCAACAGATTC,1
mult-AACAACCAAGATGTAC,1
mult-AACAACCAAGCACCTC,1
mult-AACAACCAAGCCATGC,1
mult-AACAACCAAGGCTAAC,1
mult-AACAACCAATAGCGAC,1
mult-AACAACCAATCATTCC,1
mult-AACAACCAATTGGCTC,1
mult-AACAACCACAAGGAGC,0
mult-AACAACCACACCTTAC,0
mult-AACAACCACCATCCTC,0
mult-AACAACCACCGACAAC,2
mult-AACAACCACCTAATCC,1
mult-AACAACCACCTCTATC,2
mult-AACAACCACGACACAC,8
mult-AACAACCACGGATTGC,2
mult-AACAACCACTAAGGTC,2
mult-AACAACCAGAACAGGC,2
mult-AACAACCAGACAGTGC,2
mult-AACAACCAGAGTTAGC,2
mult-AACAACCAGATGAATC,7
mult-AACAACCAGCCAAGAC,2
mult-AACAACCACGGAAGAA,8
mult-AACAACCAGTGACAAG,2
mult-AACAACCAGAACCAGA,2
mult-AGTACAAGTTGCTGGA,8
mult-AGTACAAGCTGTAGCC,2
mult-AGTACAAGAGTACAAG,2
mult-AGTACAAGAACAACCA,2
mult-AGTACAAGAACCGAGA,2
mult-AGTACAAGAACGCTTA,2
mult-AGTACAAGAAGACGGA,2
mult-AGTACAAGAAGGTACA,0
mult-AGTACAAGACACAGAA,0
mult-AGTACAAGACAGCAGA,4
mult-AGTACAAGACCTCCAA,0
mult-AGTACAAGACGCTCGA,0
mult-AGTACAAGACGTATCA,0
mult-AGTACAAGACTATGCA,0
mult-AGTACAAGAGAGTCAA,0
mult-AGTACAAGAGATCGCA,0
mult-AGTACAAGAGCAGGAA,0
mult-AGTACAAGAGTCACTA,0
mult-AGTACAAGATCCTGTA,0
mult-AGTACAAGATTGAGGA,0
mult-AGTACAAGCAACCACA,0
mult-AGTACAAGGACTAGTA,0
mult-AGTACAAGCAATGGAA,0
mult-AGTACAAGCACTTCGA,4
mult-AGTACAAGCAGCGTTA,0
mult-AGTACAAGCATACCAA,3
mult-AGTACAAGCCAGTTCA,0
mult-AGTACAAGCCGAAGTA,2
mult-AGTACAAGCCGTGAGA,0
mult-AGTACAAGCCTCCTGA,0
mult-AGTACAAGCGAACTTA,0
mult-AGTACAAGCGACTGGA,0
mult-AGTACAAGCGCATACA,0
mult-AGTACAAGCTCAATGA,0
mult-AGTACAAGCTGAGCCA,0
mult-AGTACAAGCTGGCATA,4
mult-AGTACAAGGAATCTGA,4
mult-AGTACAAGCAAGACTA,0
mult-AGTACAAGGAGCTGAA,0
mult-AGTACAAGGATAGACA,1
mult-AGTACAAGGCCACATA,1
mult-AGTACAAGGCGAGTAA,1
mult-AGTACAAGGCTAACGA,1
mult-AGTACAAGGCTCGGTA,1
mult-AGTACAAGGGAGAACA,1
mult-AGTACAAGGGTGCGAA,1
mult-AGTACAAGGTACGCAA,1
mult-AGTACAAGGTCGTAGA,1
mult-AGTACAAGGTCTGTCA,1
mult-AGTACAAGGTGTTCTA,1
mult-AGTACAAGTAGGATGA,1
mult-AGTACAAGTATCAGCA,1
mult-AGTACAAGTCCGTCTA,1
mult-AGTACAAGTCTTCACA,1
mult-AGTACAAGTGAAGAGA,1
mult-AGTACAAGTGGAACAA,1
mult-AGTACAAGTGGCTTCA,1
mult-AGTACAAGTGGTGGTA,1
mult-AGTACAAGTTCACGCA,1
mult-AGTACAAGAACTCACC,1
mult-AGTACAAGAAGAGATC,1
mult-AGTACAAGAAGGACAC,1
mult-AGTACAAGAATCCGTC,1
mult-AGTACAAGAATGTTGC,1
mult-AGTACAAGACACGACC,1
mult-AGTACAAGACAGATTC,1
mult-AGTACAAGAGATGTAC,4
mult-AGTACAAGAGCACCTC,1
mult-AGTACAAGAGCCATGC,1
mult-AGTACAAGAGGCTAAC,1
mult-AGTACAAGATAGCGAC,1
mult-AGTACAAGATCATTCC,1
mult-AGTACAAGATTGGCTC,1
mult-AGTACAAGCAAGGAGC,0
mult-AGTACAAGCACCTTAC,0
mult-AGTACAAGCCATCCTC,2
mult-AGTACAAGCCGACAAC,4
mult-AGTACAAGCCTAATCC,2
mult-AGTACAAGCCTCTATC,2
mult-AGTACAAGCGACACAC,2
mult-AGTACAAGCGGATTGC,8
mult-AGTACAAGCTAAGGTC,2
mult-AGTACAAGGAACAGGC,2
mult-AGTACAAGGACAGTGC,2
mult-AGTACAAGGAGTTAGC,2
mult-AGTACAAGGATGAATC,2
mult-AGTACAAGGCCAAGAC,2
mult-AGTACAAGCGGAAGAA,2
mult-AGTACAAGGTGACAAG,2
mult-AGTACAAGGAACCAGA,2
mult-GACAGTGCAACGTGAT,0
mult-GACAGTGCACAAGCTA,0
mult-GACAGTGCTTGCTGGA,0
mult-GACAGTGCCTGTAGCC,0
mult-GACAGTGCAGTACAAG,0
mult-GACAGTGCAACAACCA,0
mult-GACAGTGCAACCGAGA,0
mult-GACAGTGCAACGCTTA,0
mult-GACAGTGCAAGACGGA,0
mult-GACAGTGCAAGGTACA,0
mult-GACAGTGCACACAGAA,0
mult-GACAGTGCACAGCAGA,0
mult-GACAGTGCAAACATCG,0
mult-GACAGTGCACCTCCAA,0
mult-GACAGTGCACGCTCGA,0
mult-GACAGTGCACGTATCA,0
mult-GACAGTGCACTATGCA,0
mult-GACAGTGCAGAGTCAA,0
mult-GACAGTGCAGATCGCA,0
mult-GACAGTGCAGCAGGAA,0
mult-GACAGTGCAGTCACTA,0
mult-GACAGTGCATCCTGTA,0
mult-GACAGTGCATTGAGGA,0
mult-GACAGTGCATGCCTAA,0
mult-GACAGTGCCAACCACA,0
mult-GACAGTGCGACTAGTA,0
mult-GACAGTGCCAATGGAA,0
mult-GACAGTGCCACTTCGA,0
mult-GACAGTGCCAGCGTTA,0
mult-GACAGTGCCATACCAA,0
mult-GACAGTGCCCAGTTCA,0
mult-GACAGTGCCCGAAGTA,0
mult-GACAGTGCCCGTGAGA,0
mult-GACAGTGCCCTCCTGA,0
mult-GACAGTGCAGTGGTCA,0
mult-GACAGTGCCGAACTTA,0
mult-GACAGTGCCGACTGGA,0
mult-GACAGTGCCGCATACA,0
mult-GACAGTGCCTCAATGA,0
mult-GACAGTGCCTGAGCCA,0
mult-GACAGTGCCTGGCATA,0
mult-GACAGTGCGAATCTGA,0
mult-GACAGTGCCAAGACTA,0
mult-GACAGTGCGAGCTGAA,0
mult-GACAGTGCGATAGACA,0
mult-GACAGTGCACCACTGT,0
mult-GACAGTGCGCCACATA,0
mult-GACAGTGCGCGAGTAA,0
mult-GACAGTGCGCTAACGA,3
mult-GACAGTGCGCTCGGTA,3
mult-GACAGTGCGGAGAACA,3
mult-GACAGTGCGGTGCGAA,3
mult-GACAGTGCGTACGCAA,3
mult-GACAGTGCGTCGTAGA,3
mult-GACAGTGCGTCTGTCA,3
mult-GACAGTGCGTGTTCTA,3
mult-GACAGTGCACATTGGC,0
mult-GACAGTGCTAGGATGA,3
mult-GACAGTGCTATCAGCA,3
mult-GACAGTGCTCCGTCTA,3
mult-GACAGTGCTCTTCACA,3
mult-GACAGTGCTGAAGAGA,3
mult-GACAGTGCTGGAACAA,3
mult-GACAGTGCTGGCTTCA,3
mult-GACAGTGCTGGTGGTA,3
mult-GACAGTGCTTCACGCA,3
mult-GACAGTGCAACTCACC,3
mult-GACAGTGCCAGATCTG,0
mult-GACAGTGCAAGAGATC,3
mult-GACAGTGCAAGGACAC,3
mult-GACAGTGCAATCCGTC,0
mult-GACAGTGCAATGTTGC,0
mult-GACAGTGCACACGACC,0
mult-GACAGTGCACAGATTC,0
mult-GACAGTGCAGATGTAC,0
mult-GACAGTGCAGCACCTC,0
mult-GACAGTGCAGCCATGC,0
mult-GACAGTGCAGGCTAAC,0
mult-GACAGTGCCATCAAGT,0
mult-GACAGTGCATAGCGAC,0
mult-GACAGTGCATCATTCC,0
mult-GACAGTGCATTGGCTC,0
mult-GACAGTGCCAAGGAGC,0
mult-GACAGTGCCACCTTAC,0
mult-GACAGTGCCCATCCTC,0
mult-GACAGTGCCCGACAAC,0
mult-GACAGTGCCCTAATCC,0
mult-GACAGTGCCCTCTATC,0
mult-GACAGTGCCGACACAC,2
mult-GACAGTGCCGCTGATC,0
mult-GACAGTGCCGGATTGC,2
mult-GACAGTGCCTAAGGTC,2
mult-GACAGTGCGAACAGGC,2
mult-GACAGTGCGACAGTGC,2
mult-GACAGTGCGAGTTAGC,2
mult-GACAGTGCGATGAATC,4
mult-GACAGTGCGCCAAGAC,0
mult-GACAGTGCCGGAAGAA,0
mult-GACAGTGCGTGACAAG,0
mult-GACAGTGCGAACCAGA,0
mult-CTGTAGCCTTGCTGGA,8
mult-CTGTAGCCAGTACAAG,2
mult-CTGTAGCCAACAACCA,2
mult-CTGTAGCCAACCGAGA,2
mult-CTGTAGCCAACGCTTA,2
mult-CTGTAGCCAAGACGGA,2
mult-CTGTAGCCAAGGTACA,2
mult-CTGTAGCCACACAGAA,4
mult-CTGTAGCCACAGCAGA,7
mult-CTGTAGCCACCTCCAA,0
mult-CTGTAGCCACGCTCGA,0
mult-CTGTAGCCACGTATCA,0
mult-CTGTAGCCACTATGCA,0
mult-CTGTAGCCAGAGTCAA,0
mult-CTGTAGCCAGATCGCA,0
mult-CTGTAGCCAGCAGGAA,0
mult-CTGTAGCCAGTCACTA,0
mult-CTGTAGCCATCCTGTA,0
mult-CTGTAGCCATTGAGGA,0
mult-CTGTAGCCCAACCACA,0
mult-CTGTAGCCGACTAGTA,0
mult-CTGTAGCCCAATGGAA,0
mult-CTGTAGCCCACTTCGA,0
mult-CTGTAGCCCAGCGTTA,0
mult-CTGTAGCCCATACCAA,0
mult-CTGTAGCCCCAGTTCA,0
mult-CTGTAGCCCCGAAGTA,0
mult-CTGTAGCCCCGTGAGA,4
mult-CTGTAGCCCCTCCTGA,3
mult-CTGTAGCCCGAACTTA,0
mult-CTGTAGCCCGACTGGA,0
mult-CTGTAGCCCGCATACA,0
mult-CTGTAGCCCTCAATGA,2
mult-CTGTAGCCCTGAGCCA,0
mult-CTGTAGCCCTGGCATA,0
mult-CTGTAGCCGAATCTGA,4
mult-CTGTAGCCCAAGACTA,4
mult-CTGTAGCCGAGCTGAA,4
mult-CTGTAGCCGATAGACA,1
mult-CTGTAGCCGCCACATA,1
mult-CTGTAGCCGCGAGTAA,1
mult-CTGTAGCCGCTAACGA,1
mult-CTGTAGCCGCTCGGTA,1
mult-CTGTAGCCGGAGAACA,1
mult-CTGTAGCCGGTGCGAA,1
mult-CTGTAGCCGTACGCAA,1
mult-CTGTAGCCGTCGTAGA,1
mult-CTGTAGCCGTCTGTCA,1
mult-CTGTAGCCGTGTTCTA,1
mult-CTGTAGCCTAGGATGA,1
mult-CTGTAGCCTATCAGCA,1
mult-CTGTAGCCTCCGTCTA,1
mult-CTGTAGCCTCTTCACA,1
mult-CTGTAGCCTGAAGAGA,1
mult-CTGTAGCCTGGAACAA,1
mult-CTGTAGCCTGGCTTCA,1
mult-CTGTAGCCTGGTGGTA,1
mult-CTGTAGCCTTCACGCA,1
mult-CTGTAGCCAACTCACC,1
mult-CTGTAGCCAAGAGATC,1
mult-CTGTAGCCAAGGACAC,1
mult-CTGTAGCCAATCCGTC,1
mult-CTGTAGCCAATGTTGC,1
mult-CTGTAGCCACACGACC,1
mult-CTGTAGCCACAGATTC,1
mult-CTGTAGCCAGATGTAC,1
mult-CTGTAGCCAGCACCTC,1
mult-CTGTAGCCAGCCATGC,1
mult-CTGTAGCCAGGCTAAC,1
mult-CTGTAGCCATAGCGAC,1
mult-CTGTAGCCATCATTCC,1
mult-CTGTAGCCATTGGCTC,1
mult-CTGTAGCCCAAGGAGC,1
mult-CTGTAGCCCACCTTAC,8
mult-CTGTAGCCCCATCCTC,1
mult-CTGTAGCCCCGACAAC,2
mult-CTGTAGCCCCTAATCC,2
mult-CTGTAGCCCCTCTATC,2
mult-CTGTAGCCCGACACAC,2
mult-CTGTAGCCCGGATTGC,2
mult-CTGTAGCCCTAAGGTC,2
mult-CTGTAGCCGAACAGGC,2
mult-CTGTAGCCGACAGTGC,2
mult-CTGTAGCCGAGTTAGC,2
mult-CTGTAGCCGATGAATC,2
mult-CTGTAGCCGCCAAGAC,2
mult-CTGTAGCCCGGAAGAA,2
mult-CTGTAGCCGTGACAAG,2
mult-CTGTAGCCGAACCAGA,2
mult-ACAAGCTATTGCTGGA,2
mult-ACAAGCTAAACAACCA,2
mult-ACAAGCTAAACCGAGA,2
mult-ACAAGCTAAACGCTTA,2
mult-ACAAGCTAAAGACGGA,2
mult-ACAAGCTAAAGGTACA,2
mult-ACAAGCTAACACAGAA,2
mult-ACAAGCTAACAGCAGA,2
mult-ACAAGCTAACCTCCAA,0
mult-ACAAGCTAACGCTCGA,0
mult-ACAAGCTAACGTATCA,0
mult-ACAAGCTAACTATGCA,0
mult-ACAAGCTAAGAGTCAA,0
mult-ACAAGCTAAGATCGCA,0
mult-ACAAGCTAAGCAGGAA,0
mult-ACAAGCTAAGTCACTA,0
mult-ACAAGCTAATCCTGTA,0
mult-ACAAGCTAATTGAGGA,0
mult-ACAAGCTACAACCACA,0
mult-ACAAGCTAGACTAGTA,0
mult-ACAAGCTACAATGGAA,0
mult-ACAAGCTACACTTCGA,0
mult-ACAAGCTACAGCGTTA,0
mult-ACAAGCTACATACCAA,0
mult-ACAAGCTACCAGTTCA,0
mult-ACAAGCTACCGAAGTA,4
mult-ACAAGCTACCGTGAGA,0
mult-ACAAGCTACCTCCTGA,0
mult-ACAAGCTACGAACTTA,0
mult-ACAAGCTACGACTGGA,0
mult-ACAAGCTACGCATACA,3
mult-ACAAGCTACTCAATGA,0
mult-ACAAGCTACTGAGCCA,4
mult-ACAAGCTACTGGCATA,0
mult-ACAAGCTAGAATCTGA,0
mult-ACAAGCTACAAGACTA,7
mult-ACAAGCTAGAGCTGAA,0
mult-ACAAGCTAGATAGACA,1
mult-ACAAGCTAGCCACATA,1
mult-ACAAGCTAGCGAGTAA,1
mult-ACAAGCTAGCTAACGA,1
mult-ACAAGCTAGCTCGGTA,1
mult-ACAAGCTAGGAGAACA,1
mult-ACAAGCTAGGTGCGAA,1
mult-ACAAGCTAGTACGCAA,1
mult-ACAAGCTAGTCGTAGA,1
mult-ACAAGCTAGTCTGTCA,1
mult-ACAAGCTAGTGTTCTA,1
mult-ACAAGCTATAGGATGA,1
mult-ACAAGCTATATCAGCA,1
mult-ACAAGCTATCCGTCTA,1
mult-ACAAGCTATCTTCACA,1
mult-ACAAGCTATGAAGAGA,1
mult-ACAAGCTATGGAACAA,1
mult-ACAAGCTATGGCTTCA,1
mult-ACAAGCTATGGTGGTA,1
mult-ACAAGCTATTCACGCA,1
mult-ACAAGCTAAACTCACC,1
mult-ACAAGCTAAAGAGATC,1
mult-ACAAGCTAAAGGACAC,1
mult-ACAAGCTAAATCCGTC,1
mult-ACAAGCTAAATGTTGC,1
mult-ACAAGCTAACACGACC,1
mult-ACAAGCTAACAGATTC,1
mult-ACAAGCTAAGATGTAC,1
mult-ACAAGCTAAGCACCTC,1
mult-ACAAGCTAAGCCATGC,1
mult-ACAAGCTAAGGCTAAC,1
mult-ACAAGCTAATAGCGAC,1
mult-ACAAGCTAATCATTCC,1
mult-ACAAGCTAATTGGCTC,1
mult-ACAAGCTACAAGGAGC,1
mult-ACAAGCTACACCTTAC,8
mult-ACAAGCTACCATCCTC,1
mult-ACAAGCTACCGACAAC,2
mult-ACAAGCTACCTAATCC,2
mult-ACAAGCTACCTCTATC,2
mult-ACAAGCTACGACACAC,2
mult-ACAAGCTACGGATTGC,2
mult-ACAAGCTACTAAGGTC,2
mult-ACAAGCTAGAACAGGC,2
mult-ACAAGCTAGACAGTGC,2
mult-ACAAGCTAGAGTTAGC,2
mult-ACAAGCTAGATGAATC,2
mult-ACAAGCTAGCCAAGAC,2
mult-ACAAGCTACGGAAGAA,2
mult-ACAAGCTAGTGACAAG,2
mult-ACAAGCTAGAACCAGA,2
mult-CGCTGATCTTGCTGGA,7
mult-CGCTGATCAACCGAGA,2
mult-CGCTGATCAACGCTTA,2
mult-CGCTGATCAAGACGGA,2
mult-CGCTGATCAAGGTACA,2
mult-CGCTGATCACACAGAA,2
mult-CGCTGATCACAGCAGA,2
mult-CGCTGATCACCTCCAA,7
mult-CGCTGATCACGCTCGA,4
mult-CGCTGATCACGTATCA,0
mult-CGCTGATCACTATGCA,0
mult-CGCTGATCAGAGTCAA,0
mult-CGCTGATCAGATCGCA,0
mult-CGCTGATCAGCAGGAA,0
mult-CGCTGATCAGTCACTA,0
mult-CGCTGATCATCCTGTA,0
mult-CGCTGATCATTGAGGA,0
mult-CGCTGATCCAACCACA,0
mult-CGCTGATCGACTAGTA,0
mult-CGCTGATCCAATGGAA,0
mult-CGCTGATCCACTTCGA,0
mult-CGCTGATCCAGCGTTA,0
mult-CGCTGATCCATACCAA,0
mult-CGCTGATCCCAGTTCA,0
mult-CGCTGATCCCGAAGTA,0
mult-CGCTGATCCCGTGAGA,0
mult-CGCTGATCCCTCCTGA,0
mult-CGCTGATCCGAACTTA,0
mult-CGCTGATCCGACTGGA,0
mult-CGCTGATCCGCATACA,0
mult-CGCTGATCCTCAATGA,0
mult-CGCTGATCCTGAGCCA,0
mult-CGCTGATCCTGGCATA,0
mult-CGCTGATCGAATCTGA,0
mult-CGCTGATCCAAGACTA,0
mult-CGCTGATCGAGCTGAA,4
mult-CGCTGATCGATAGACA,0
mult-CGCTGATCGCCACATA,1
mult-CGCTGATCGCGAGTAA,1
mult-CGCTGATCGCTAACGA,1
mult-CGCTGATCGCTCGGTA,1
mult-CGCTGATCGGAGAACA,1
mult-CGCTGATCGGTGCGAA,1
mult-CGCTGATCGTACGCAA,1
mult-CGCTGATCGTCGTAGA,1
mult-CGCTGATCGTCTGTCA,1
mult-CGCTGATCGTGTTCTA,1
mult-CGCTGATCTAGGATGA,1
mult-CGCTGATCTATCAGCA,1
mult-CGCTGATCTCCGTCTA,1
mult-CGCTGATCTCTTCACA,1
mult-CGCTGATCTGAAGAGA,1
mult-CGCTGATCTGGAACAA,1
mult-CGCTGATCTGGCTTCA,1
mult-CGCTGATCTGGTGGTA,1
mult-CGCTGATCTTCACGCA,1
mult-CGCTGATCAACTCACC,1
mult-CGCTGATCAAGAGATC,1
mult-CGCTGATCAAGGACAC,1
mult-CGCTGATCAATCCGTC,1
mult-CGCTGATCAATGTTGC,1
mult-CGCTGATCACACGACC,1
mult-CGCTGATCACAGATTC,1
mult-CGCTGATCAGATGTAC,1
mult-CGCTGATCAGCACCTC,1
mult-CGCTGATCAGCCATGC,1
mult-CGCTGATCAGGCTAAC,1
mult-CGCTGATCATAGCGAC,1
mult-CGCTGATCATCATTCC,0
mult-CGCTGATCATTGGCTC,2
mult-CGCTGATCCAAGGAGC,0
mult-CGCTGATCCACCTTAC,0
mult-CGCTGATCCCATCCTC,2
mult-CGCTGATCCCGACAAC,2
mult-CGCTGATCCCTAATCC,2
mult-CGCTGATCCCTCTATC,2
mult-CGCTGATCCGACACAC,2
mult-CGCTGATCCGGATTGC,2
mult-CGCTGATCCTAAGGTC,2
mult-CGCTGATCGAACAGGC,2
mult-CGCTGATCGACAGTGC,2
mult-CGCTGATCGAGTTAGC,2
mult-CGCTGATCGATGAATC,2
mult-CGCTGATCGCCAAGAC,2
mult-CGCTGATCCGGAAGAA,2
mult-CGCTGATCGTGACAAG,8
mult-CGCTGATCGAACCAGA,2
mult-CATCAAGTTTGCTGGA,2
mult-CATCAAGTAACGCTTA,2
mult-CATCAAGTAAGACGGA,2
mult-CATCAAGTAAGGTACA,2
mult-CATCAAGTACACAGAA,2
mult-CATCAAGTACAGCAGA,2
mult-CATCAAGTACCTCCAA,2
mult-CATCAAGTACGCTCGA,2
mult-CATCAAGTACGTATCA,0
mult-CATCAAGTACTATGCA,0
mult-CATCAAGTAGAGTCAA,0
mult-CATCAAGTAGATCGCA,0
mult-CATCAAGTAGCAGGAA,4
mult-CATCAAGTAGTCACTA,4
mult-CATCAAGTATCCTGTA,0
mult-CATCAAGTATTGAGGA,0
mult-CATCAAGTCAACCACA,0
mult-CATCAAGTGACTAGTA,0
mult-CATCAAGTCAATGGAA,0
mult-CATCAAGTCACTTCGA,0
mult-CATCAAGTCAGCGTTA,0
mult-CATCAAGTCATACCAA,0
mult-CATCAAGTCCAGTTCA,0
mult-CATCAAGTCCGAAGTA,0
mult-CATCAAGTCCGTGAGA,0
mult-CATCAAGTCCTCCTGA,8
mult-CATCAAGTCGAACTTA,4
mult-CATCAAGTCGACTGGA,0
mult-CATCAAGTCGCATACA,0
mult-CATCAAGTCTCAATGA,0
mult-CATCAAGTCTGAGCCA,0
mult-CATCAAGTCTGGCATA,0
mult-CATCAAGTGAATCTGA,0
mult-CATCAAGTCAAGACTA,0
mult-CATCAAGTGAGCTGAA,4
mult-CATCAAGTGATAGACA,4
mult-CATCAAGTGCCACATA,3
mult-CATCAAGTGCGAGTAA,3
mult-CATCAAGTGCTAACGA,1
mult-CATCAAGTGCTCGGTA,1
mult-CATCAAGTGGAGAACA,1
mult-CATCAAGTGGTGCGAA,1
mult-CATCAAGTGTACGCAA,1
mult-CATCAAGTGTCGTAGA,1
mult-CATCAAGTGTCTGTCA,1
mult-CATCAAGTGTGTTCTA,1
mult-CATCAAGTTAGGATGA,1
mult-CATCAAGTTATCAGCA,1
mult-CATCAAGTTCCGTCTA,1
mult-CATCAAGTTCTTCACA,1
mult-CATCAAGTTGAAGAGA,1
mult-CATCAAGTTGGAACAA,1
mult-CATCAAGTTGGCTTCA,1
mult-CATCAAGTTGGTGGTA,1
mult-CATCAAGTTTCACGCA,1
mult-CATCAAGTAACTCACC,1
mult-CATCAAGTAAGAGATC,1
mult-CATCAAGTAAGGACAC,1
mult-CATCAAGTAATCCGTC,1
mult-CATCAAGTAATGTTGC,1
mult-CATCAAGTACACGACC,1
mult-CATCAAGTACAGATTC,1
mult-CATCAAGTAGATGTAC,1
mult-CATCAAGTAGCACCTC,1
mult-CATCAAGTAGCCATGC,1
mult-CATCAAGTAGGCTAAC,0
mult-CATCAAGTATAGCGAC,1
mult-CATCAAGTATCATTCC,7
mult-CATCAAGTATTGGCTC,4
mult-CATCAAGTCAAGGAGC,0
mult-CATCAAGTCACCTTAC,2
mult-CATCAAGTCCATCCTC,2
mult-CATCAAGTCCGACAAC,4
mult-CATCAAGTCCTAATCC,1
mult-CATCAAGTCCTCTATC,4
mult-CATCAAGTCGACACAC,2
mult-CATCAAGTCGGATTGC,2
mult-CATCAAGTCTAAGGTC,2
mult-CATCAAGTGAACAGGC,2
mult-CATCAAGTGACAGTGC,2
mult-CATCAAGTGAGTTAGC,2
mult-CATCAAGTGATGAATC,6
mult-CATCAAGTGCCAAGAC,2
mult-CATCAAGTCGGAAGAA,2
mult-CATCAAGTGTGACAAG,2
mult-CATCAAGTGAACCAGA,7
mult-CAGATCTGTTGCTGGA,2
mult-CAGATCTGAAGACGGA,2
mult-CAGATCTGAAGGTACA,2
mult-CAGATCTGACACAGAA,2
mult-CAGATCTGACAGCAGA,2
mult-CAGATCTGACCTCCAA,2
mult-CAGATCTGACGCTCGA,9
mult-CAGATCTGACGTATCA,2
mult-CAGATCTGACTATGCA,4
mult-CAGATCTGAGAGTCAA,0
mult-CAGATCTGAGATCGCA,0
mult-CAGATCTGAGCAGGAA,0
mult-CAGATCTGAGTCACTA,4
mult-CAGATCTGATCCTGTA,4
mult-CAGATCTGATTGAGGA,0
mult-CAGATCTGCAACCACA,0
mult-CAGATCTGGACTAGTA,0
mult-CAGATCTGCAATGGAA,0
mult-CAGATCTGCACTTCGA,0
mult-CAGATCTGCAGCGTTA,0
mult-CAGATCTGCATACCAA,0
mult-CAGATCTGCCAGTTCA,0
mult-CAGATCTGCCGAAGTA,0
mult-CAGATCTGCCGTGAGA,0
mult-CAGATCTGCCTCCTGA,4
mult-CAGATCTGCGAACTTA,0
mult-CAGATCTGCGACTGGA,0
mult-CAGATCTGCGCATACA,3
mult-CAGATCTGCTCAATGA,0
mult-CAGATCTGCTGAGCCA,0
mult-CAGATCTGCTGGCATA,0
mult-CAGATCTGGAATCTGA,0
mult-CAGATCTGCAAGACTA,0
mult-CAGATCTGGAGCTGAA,0
mult-CAGATCTGGATAGACA,0
mult-CAGATCTGGCCACATA,3
mult-CAGATCTGGCGAGTAA,1
mult-CAGATCTGGCTAACGA,1
mult-CAGATCTGGCTCGGTA,1
mult-CAGATCTGGGAGAACA,1
mult-CAGATCTGGGTGCGAA,4
mult-CAGATCTGGTACGCAA,1
mult-CAGATCTGGTCGTAGA,1
mult-CAGATCTGGTCTGTCA,1
mult-CAGATCTGGTGTTCTA,1
mult-CAGATCTGTAGGATGA,1
mult-CAGATCTGTATCAGCA,1
mult-CAGATCTGTCCGTCTA,1
mult-CAGATCTGTCTTCACA,1
mult-CAGATCTGTGAAGAGA,1
mult-CAGATCTGTGGAACAA,1
mult-CAGATCTGTGGCTTCA,1
mult-CAGATCTGTGGTGGTA,1
mult-CAGATCTGTTCACGCA,1
mult-CAGATCTGAACTCACC,1
mult-CAGATCTGAAGAGATC,1
mult-CAGATCTGAAGGACAC,1
mult-CAGATCTGAATCCGTC,1
mult-CAGATCTGAATGTTGC,1
mult-CAGATCTGACACGACC,1
mult-CAGATCTGACAGATTC,1
mult-CAGATCTGAGATGTAC,1
mult-CAGATCTGAGCACCTC,1
mult-CAGATCTGAGCCATGC,1
mult-CAGATCTGAGGCTAAC,1
mult-CAGATCTGATAGCGAC,4
mult-CAGATCTGATCATTCC,2
mult-CAGATCTGATTGGCTC,4
mult-CAGATCTGCAAGGAGC,2
mult-CAGATCTGCACCTTAC,4
mult-CAGATCTGCCATCCTC,4
mult-CAGATCTGCCGACAAC,2
mult-CAGATCTGCCTAATCC,1
mult-CAGATCTGCCTCTATC,2
mult-CAGATCTGCGACACAC,2
mult-CAGATCTGCGGATTGC,2
mult-CAGATCTGCTAAGGTC,2
mult-CAGATCTGGAACAGGC,6
mult-CAGATCTGGACAGTGC,6
mult-CAGATCTGGAGTTAGC,6
mult-CAGATCTGGATGAATC,2
mult-CAGATCTGGCCAAGAC,2
mult-CAGATCTGCGGAAGAA,2
mult-CAGATCTGGTGACAAG,2
mult-CAGATCTGGAACCAGA,8
mult-ACATTGGCTTGCTGGA,2
mult-ACATTGGCAAGGTACA,2
mult-ACATTGGCACACAGAA,2
mult-ACATTGGCACAGCAGA,2
mult-ACATTGGCACCTCCAA,2
mult-ACATTGGCACGCTCGA,2
mult-ACATTGGCACGTATCA,2
mult-ACATTGGCACTATGCA,2
mult-ACATTGGCAGAGTCAA,2
mult-ACATTGGCAGATCGCA,2
mult-ACATTGGCAGCAGGAA,2
mult-ACATTGGCAGTCACTA,7
mult-ACATTGGCATCCTGTA,4
mult-ACATTGGCATTGAGGA,2
mult-ACATTGGCCAACCACA,0
mult-ACATTGGCGACTAGTA,0
mult-ACATTGGCCAATGGAA,0
mult-ACATTGGCCACTTCGA,0
mult-ACATTGGCCAGCGTTA,0
mult-ACATTGGCCATACCAA,0
mult-ACATTGGCCCAGTTCA,0
mult-ACATTGGCCCGAAGTA,0
mult-ACATTGGCCCGTGAGA,0
mult-ACATTGGCCCTCCTGA,0
mult-ACATTGGCCGAACTTA,0
mult-ACATTGGCCGACTGGA,0
mult-ACATTGGCCGCATACA,0
mult-ACATTGGCCTCAATGA,0
mult-ACATTGGCCTGAGCCA,0
mult-ACATTGGCCTGGCATA,0
mult-ACATTGGCGAATCTGA,0
mult-ACATTGGCCAAGACTA,0
mult-ACATTGGCGAGCTGAA,8
mult-ACATTGGCGATAGACA,8
mult-ACATTGGCGCCACATA,2
mult-ACATTGGCGCGAGTAA,1
mult-ACATTGGCGCTAACGA,1
mult-ACATTGGCGCTCGGTA,1
mult-ACATTGGCGGAGAACA,1
mult-ACATTGGCGGTGCGAA,1
mult-ACATTGGCGTACGCAA,1
mult-ACATTGGCGTCGTAGA,1
mult-ACATTGGCGTCTGTCA,1
mult-ACATTGGCGTGTTCTA,1
mult-ACATTGGCTAGGATGA,1
mult-ACATTGGCTATCAGCA,1
mult-ACATTGGCTCCGTCTA,1
mult-ACATTGGCTCTTCACA,1
mult-ACATTGGCTGAAGAGA,1
mult-ACATTGGCTGGAACAA,1
mult-ACATTGGCTGGCTTCA,1
mult-ACATTGGCTGGTGGTA,1
mult-ACATTGGCTTCACGCA,1
mult-ACATTGGCAACTCACC,1
mult-ACATTGGCAAGAGATC,1
mult-ACATTGGCAAGGACAC,1
mult-ACATTGGCAATCCGTC,1
mult-ACATTGGCAATGTTGC,1
mult-ACATTGGCACACGACC,1
mult-ACATTGGCACAGATTC,1
mult-ACATTGGCAGATGTAC,1
mult-ACATTGGCAGCACCTC,1
mult-ACATTGGCAGCCATGC,1
mult-ACATTGGCAGGCTAAC,1
mult-ACATTGGCATAGCGAC,2
mult-ACATTGGCATCATTCC,4
mult-ACATTGGCATTGGCTC,2
mult-ACATTGGCCAAGGAGC,4
mult-ACATTGGCCACCTTAC,4
mult-ACATTGGCCCATCCTC,1
mult-ACATTGGCCCGACAAC,2
mult-ACATTGGCCCTAATCC,2
mult-ACATTGGCCCTCTATC,2
mult-ACATTGGCCGACACAC,6
mult-ACATTGGCCGGATTGC,6
mult-ACATTGGCCTAAGGTC,6
mult-ACATTGGCGAACAGGC,9
mult-ACATTGGCGACAGTGC,6
mult-ACATTGGCGAGTTAGC,6
mult-ACATTGGCGATGAATC,6
mult-ACATTGGCGCCAAGAC,6
mult-ACATTGGCCGGAAGAA,2
mult-ACATTGGCGTGACAAG,4
mult-ACATTGGCGAACCAGA,4
mult-ACCACTGTTTGCTGGA,2
mult-ACCACTGTACACAGAA,2
mult-ACCACTGTACAGCAGA,2
mult-ACCACTGTACCTCCAA,2
mult-ACCACTGTACGCTCGA,3
mult-ACCACTGTACGTATCA,3
mult-ACCACTGTACTATGCA,3
mult-ACCACTGTAGAGTCAA,2
mult-ACCACTGTAGATCGCA,2
mult-ACCACTGTAGCAGGAA,2
mult-ACCACTGTAGTCACTA,2
mult-ACCACTGTATCCTGTA,8
mult-ACCACTGTATTGAGGA,2
mult-ACCACTGTCAACCACA,2
mult-ACCACTGTGACTAGTA,2
mult-ACCACTGTCAATGGAA,0
mult-ACCACTGTCACTTCGA,0
mult-ACCACTGTCAGCGTTA,0
mult-ACCACTGTCATACCAA,0
mult-ACCACTGTCCAGTTCA,0
mult-ACCACTGTCCGAAGTA,0
mult-ACCACTGTCCGTGAGA,0
mult-ACCACTGTCCTCCTGA,0
mult-ACCACTGTCGAACTTA,0
mult-ACCACTGTCGACTGGA,0
mult-ACCACTGTCGCATACA,0
mult-ACCACTGTCTCAATGA,4
mult-ACCACTGTCTGAGCCA,0
mult-ACCACTGTCTGGCATA,0
mult-ACCACTGTGAATCTGA,0
mult-ACCACTGTCAAGACTA,0
mult-ACCACTGTGAGCTGAA,4
mult-ACCACTGTGATAGACA,4
mult-ACCACTGTGCCACATA,4
mult-ACCACTGTGCGAGTAA,2
mult-ACCACTGTGCTAACGA,1
mult-ACCACTGTGCTCGGTA,1
mult-ACCACTGTGGAGAACA,1
mult-ACCACTGTGGTGCGAA,1
mult-ACCACTGTGTACGCAA,1
mult-ACCACTGTGTCGTAGA,1
mult-ACCACTGTGTCTGTCA,1
mult-ACCACTGTGTGTTCTA,1
mult-ACCACTGTTAGGATGA,1
mult-ACCACTGTTATCAGCA,1
mult-ACCACTGTTCCGTCTA,1
mult-ACCACTGTTCTTCACA,1
mult-ACCACTGTTGAAGAGA,1
mult-ACCACTGTTGGAACAA,1
mult-ACCACTGTTGGCTTCA,1
mult-ACCACTGTTGGTGGTA,1
mult-ACCACTGTTTCACGCA,1
mult-ACCACTGTAACTCACC,1
mult-ACCACTGTAAGAGATC,1
mult-ACCACTGTAAGGACAC,1
mult-ACCACTGTAATCCGTC,1
mult-ACCACTGTAATGTTGC,1
mult-ACCACTGTACACGACC,1
mult-ACCACTGTACAGATTC,1
mult-ACCACTGTAGATGTAC,1
mult-ACCACTGTAGCACCTC,1
mult-ACCACTGTAGCCATGC,1
mult-ACCACTGTAGGCTAAC,1
mult-ACCACTGTATAGCGAC,1
mult-ACCACTGTATCATTCC,2
mult-ACCACTGTATTGGCTC,0
mult-ACCACTGTCAAGGAGC,1
mult-ACCACTGTCACCTTAC,1
mult-ACCACTGTCCATCCTC,1
mult-ACCACTGTCCGACAAC,1
mult-ACCACTGTCCTAATCC,2
mult-ACCACTGTCCTCTATC,2
mult-ACCACTGTCGACACAC,2
mult-ACCACTGTCGGATTGC,6
mult-ACCACTGTCTAAGGTC,6
mult-ACCACTGTGAACAGGC,6
mult-ACCACTGTGACAGTGC,6
mult-ACCACTGTGAGTTAGC,6
mult-ACCACTGTGATGAATC,6
mult-ACCACTGTGCCAAGAC,6
mult-ACCACTGTCGGAAGAA,2
mult-ACCACTGTGTGACAAG,2
mult-ACCACTGTGAACCAGA,2
mult-AGTGGTCATTGCTGGA,2
mult-AGTGGTCAACAGCAGA,3
mult-AGTGGTCAACCTCCAA,2
mult-AGTGGTCAACGCTCGA,2
mult-AGTGGTCAACGTATCA,3
mult-AGTGGTCAACTATGCA,3
mult-AGTGGTCAAGAGTCAA,3
mult-AGTGGTCAAGATCGCA,3
mult-AGTGGTCAAGCAGGAA,2
mult-AGTGGTCAAGTCACTA,2
mult-AGTGGTCAATCCTGTA,2
mult-AGTGGTCAATTGAGGA,2
mult-AGTGGTCACAACCACA,4
mult-AGTGGTCAGACTAGTA,2
mult-AGTGGTCACAATGGAA,0
mult-AGTGGTCACACTTCGA,0
mult-AGTGGTCACAGCGTTA,0
mult-AGTGGTCACATACCAA,0
mult-AGTGGTCACCAGTTCA,0
mult-AGTGGTCACCGAAGTA,0
mult-AGTGGTCACCGTGAGA,0
mult-AGTGGTCACCTCCTGA,0
mult-AGTGGTCACGAACTTA,0
mult-AGTGGTCACGACTGGA,0
mult-AGTGGTCACGCATACA,0
mult-AGTGGTCACTCAATGA,0
mult-AGTGGTCACTGAGCCA,0
mult-AGTGGTCACTGGCATA,0
mult-AGTGGTCAGAATCTGA,0
mult-AGTGGTCACAAGACTA,4
mult-AGTGGTCAGAGCTGAA,4
mult-AGTGGTCAGATAGACA,4
mult-AGTGGTCAGCCACATA,2
mult-AGTGGTCAGCGAGTAA,3
mult-AGTGGTCAGCTAACGA,2
mult-AGTGGTCAGCTCGGTA,1
mult-AGTGGTCAGGAGAACA,1
mult-AGTGGTCAGGTGCGAA,1
mult-AGTGGTCAGTACGCAA,1
mult-AGTGGTCAGTCGTAGA,1
mult-AGTGGTCAGTCTGTCA,1
mult-AGTGGTCAGTGTTCTA,2
mult-AGTGGTCATAGGATGA,1
mult-AGTGGTCATATCAGCA,1
mult-AGTGGTCATCCGTCTA,1
mult-AGTGGTCATCTTCACA,1
mult-AGTGGTCATGAAGAGA,1
mult-AGTGGTCATGGAACAA,1
mult-AGTGGTCATGGCTTCA,1
mult-AGTGGTCATGGTGGTA,1
mult-AGTGGTCATTCACGCA,1
mult-AGTGGTCAAACTCACC,1
mult-AGTGGTCAAAGAGATC,1
mult-AGTGGTCAAAGGACAC,1
mult-AGTGGTCAAATCCGTC,1
mult-AGTGGTCAAATGTTGC,1
mult-AGTGGTCAACACGACC,1
mult-AGTGGTCAACAGATTC,1
mult-AGTGGTCAAGATGTAC,1
mult-AGTGGTCAAGCACCTC,1
mult-AGTGGTCAAGCCATGC,1
mult-AGTGGTCAAGGCTAAC,1
mult-AGTGGTCAATAGCGAC,1
mult-AGTGGTCAATCATTCC,1
mult-AGTGGTCAATTGGCTC,4
mult-AGTGGTCACAAGGAGC,1
mult-AGTGGTCACACCTTAC,1
mult-AGTGGTCACCATCCTC,1
mult-AGTGGTCACCGACAAC,1
mult-AGTGGTCACCTAATCC,2
mult-AGTGGTCACCTCTATC,2
mult-AGTGGTCACGACACAC,2
mult-AGTGGTCACGGATTGC,6
mult-AGTGGTCACTAAGGTC,6
mult-AGTGGTCAGAACAGGC,6
mult-AGTGGTCAGACAGTGC,6
mult-AGTGGTCAGAGTTAGC,6
mult-AGTGGTCAGATGAATC,6
mult-AGTGGTCAGCCAAGAC,2
mult-AGTGGTCACGGAAGAA,2
mult-AGTGGTCAGTGACAAG,2
mult-AGTGGTCAGAACCAGA,8
mult-ATGCCTAATTGCTGGA,2
mult-ATGCCTAAACGCTCGA,2
mult-ATGCCTAAACGTATCA,3
mult-ATGCCTAAACTATGCA,3
mult-ATGCCTAAAGAGTCAA,3
mult-ATGCCTAAAGATCGCA,3
mult-ATGCCTAAAGCAGGAA,2
mult-ATGCCTAAAGTCACTA,2
mult-ATGCCTAAATCCTGTA,2
mult-ATGCCTAAATTGAGGA,3
mult-ATGCCTAACAACCACA,2
mult-ATGCCTAAGACTAGTA,2
mult-ATGCCTAACAATGGAA,0
mult-ATGCCTAACACTTCGA,0
mult-ATGCCTAACAGCGTTA,0
mult-ATGCCTAACATACCAA,0
mult-ATGCCTAACCAGTTCA,0
mult-ATGCCTAACCGAAGTA,0
mult-ATGCCTAACCGTGAGA,0
mult-ATGCCTAACCTCCTGA,0
mult-ATGCCTAACGAACTTA,0
mult-ATGCCTAACGACTGGA,0
mult-ATGCCTAACGCATACA,0
mult-ATGCCTAACTCAATGA,0
mult-ATGCCTAACTGAGCCA,0
mult-ATGCCTAACTGGCATA,0
mult-ATGCCTAAGAATCTGA,4
mult-ATGCCTAACAAGACTA,4
mult-ATGCCTAAGAGCTGAA,4
mult-ATGCCTAAGATAGACA,2
mult-ATGCCTAAGCCACATA,0
mult-ATGCCTAAGCGAGTAA,4
mult-ATGCCTAAGCTAACGA,1
mult-ATGCCTAAGCTCGGTA,1
mult-ATGCCTAAGGAGAACA,1
mult-ATGCCTAAGGTGCGAA,1
mult-ATGCCTAAGTACGCAA,1
mult-ATGCCTAAGTCGTAGA,1
mult-ATGCCTAAGTCTGTCA,1
mult-ATGCCTAAGTGTTCTA,1
mult-ATGCCTAATAGGATGA,1
mult-ATGCCTAATATCAGCA,1
mult-ATGCCTAATCCGTCTA,1
mult-ATGCCTAATCTTCACA,1
mult-ATGCCTAATGAAGAGA,1
mult-ATGCCTAATGGAACAA,1
mult-ATGCCTAATGGCTTCA,1
mult-ATGCCTAATGGTGGTA,1
mult-ATGCCTAATTCACGCA,1
mult-ATGCCTAAAACTCACC,1
mult-ATGCCTAAAAGAGATC,1
mult-ATGCCTAAAAGGACAC,1
mult-ATGCCTAAAATCCGTC,1
mult-ATGCCTAAAATGTTGC,1
mult-ATGCCTAAACACGACC,1
mult-ATGCCTAAACAGATTC,1
mult-ATGCCTAAAGATGTAC,1
mult-ATGCCTAAAGCACCTC,1
mult-ATGCCTAAAGCCATGC,1
mult-ATGCCTAAAGGCTAAC,1
mult-ATGCCTAAATAGCGAC,1
mult-ATGCCTAAATCATTCC,1
mult-ATGCCTAAATTGGCTC,1
mult-ATGCCTAACAAGGAGC,1
mult-ATGCCTAACACCTTAC,1
mult-ATGCCTAACCATCCTC,1
mult-ATGCCTAACCGACAAC,1
mult-ATGCCTAACCTAATCC,4
mult-ATGCCTAACCTCTATC,2
mult-ATGCCTAACGACACAC,2
mult-ATGCCTAACGGATTGC,6
mult-ATGCCTAACTAAGGTC,6
mult-ATGCCTAAGAACAGGC,6
mult-ATGCCTAAGACAGTGC,6
mult-ATGCCTAAGAGTTAGC,6
mult-ATGCCTAAGATGAATC,6
mult-ATGCCTAAGCCAAGAC,6
mult-ATGCCTAACGGAAGAA,2
mult-ATGCCTAAGTGACAAG,2
mult-ATGCCTAAGAACCAGA,2
mult-AAACATCGTTGCTGGA,2
mult-AAACATCGACGTATCA,3
mult-AAACATCGACTATGCA,3
mult-AAACATCGAGAGTCAA,3
mult-AAACATCGAGATCGCA,3
mult-AAACATCGAGCAGGAA,5
mult-AAACATCGAGTCACTA,8
mult-AAACATCGATCCTGTA,3
mult-AAACATCGATTGAGGA,3
mult-AAACATCGCAACCACA,2
mult-AAACATCGGACTAGTA,2
mult-AAACATCGCAATGGAA,8
mult-AAACATCGCACTTCGA,2
mult-AAACATCGCAGCGTTA,0
mult-AAACATCGCATACCAA,0
mult-AAACATCGCCAGTTCA,0
mult-AAACATCGCCGAAGTA,0
mult-AAACATCGCCGTGAGA,0
mult-AAACATCGCCTCCTGA,0
mult-AAACATCGCGAACTTA,0
mult-AAACATCGCGACTGGA,0
mult-AAACATCGCGCATACA,0
mult-AAACATCGCTCAATGA,0
mult-AAACATCGCTGAGCCA,4
mult-AAACATCGCTGGCATA,4
mult-AAACATCGGAATCTGA,4
mult-AAACATCGCAAGACTA,4
mult-AAACATCGGAGCTGAA,4
mult-AAACATCGGATAGACA,2
mult-AAACATCGGCCACATA,2
mult-AAACATCGGCGAGTAA,2
mult-AAACATCGGCTAACGA,3
mult-AAACATCGGCTCGGTA,1
mult-AAACATCGGGAGAACA,1
mult-AAACATCGGGTGCGAA,1
mult-AAACATCGGTACGCAA,1
mult-AAACATCGGTCGTAGA,1
mult-AAACATCGGTCTGTCA,1
mult-AAACATCGGTGTTCTA,1
mult-AAACATCGTAGGATGA,1
mult-AAACATCGTATCAGCA,1
mult-AAACATCGTCCGTCTA,1
mult-AAACATCGTCTTCACA,1
mult-AAACATCGTGAAGAGA,1
mult-AAACATCGTGGAACAA,1
mult-AAACATCGTGGCTTCA,1
mult-AAACATCGTGGTGGTA,1
mult-AAACATCGTTCACGCA,1
mult-AAACATCGAACTCACC,1
mult-AAACATCGAAGAGATC,1
mult-AAACATCGAAGGACAC,1
mult-AAACATCGAATCCGTC,1
mult-AAACATCGAATGTTGC,1
mult-AAACATCGACACGACC,1
mult-AAACATCGACAGATTC,1
mult-AAACATCGAGATGTAC,1
mult-AAACATCGAGCACCTC,1
mult-AAACATCGAGCCATGC,1
mult-AAACATCGAGGCTAAC,1
mult-AAACATCGATAGCGAC,4
mult-AAACATCGATCATTCC,2
mult-AAACATCGATTGGCTC,1
mult-AAACATCGCAAGGAGC,1
mult-AAACATCGCACCTTAC,1
mult-AAACATCGCCATCCTC,1
mult-AAACATCGCCGACAAC,1
mult-AAACATCGCCTAATCC,2
mult-AAACATCGCCTCTATC,7
mult-AAACATCGCGACACAC,2
mult-AAACATCGCGGATTGC,6
mult-AAACATCGCTAAGGTC,6
mult-AAACATCGGAACAGGC,6
mult-AAACATCGGACAGTGC,6
mult-AAACATCGGAGTTAGC,6
mult-AAACATCGGATGAATC,6
mult-AAACATCGGCCAAGAC,6
mult-AAACATCGCGGAAGAA,2
mult-AAACATCGGTGACAAG,2
mult-AAACATCGGAACCAGA,2
mult-GAACAGGCAACGTGAT,0
mult-GAACAGGCACAAGCTA,0
mult-GAACAGGCTTGCTGGA,0
mult-GAACAGGCCTGTAGCC,0
mult-GAACAGGCAGTACAAG,0
mult-GAACAGGCAACAACCA,0
mult-GAACAGGCAACCGAGA,0
mult-GAACAGGCAACGCTTA,0
mult-GAACAGGCAAGACGGA,0
mult-GAACAGGCAAGGTACA,0
mult-GAACAGGCACACAGAA,0
mult-GAACAGGCACAGCAGA,0
mult-GAACAGGCAAACATCG,0
mult-GAACAGGCACCTCCAA,0
mult-GAACAGGCACGCTCGA,0
mult-GAACAGGCACGTATCA,0
mult-GAACAGGCACTATGCA,0
mult-GAACAGGCAGAGTCAA,0
mult-GAACAGGCAGATCGCA,0
mult-GAACAGGCAGCAGGAA,0
mult-GAACAGGCAGTCACTA,0
mult-GAACAGGCATCCTGTA,0
mult-GAACAGGCATTGAGGA,0
mult-GAACAGGCATGCCTAA,0
mult-GAACAGGCCAACCACA,0
mult-GAACAGGCGACTAGTA,0
mult-GAACAGGCCAATGGAA,0
mult-GAACAGGCCACTTCGA,0
mult-GAACAGGCCAGCGTTA,0
mult-GAACAGGCCATACCAA,0
mult-GAACAGGCCCAGTTCA,0
mult-GAACAGGCCCGAAGTA,0
mult-GAACAGGCCCGTGAGA,0
mult-GAACAGGCCCTCCTGA,0
mult-GAACAGGCAGTGGTCA,0
mult-GAACAGGCCGAACTTA,0
mult-GAACAGGCCGACTGGA,0
mult-GAACAGGCCGCATACA,0
mult-GAACAGGCCTCAATGA,0
mult-GAACAGGCCTGAGCCA,0
mult-GAACAGGCCTGGCATA,0
mult-GAACAGGCGAATCTGA,0
mult-GAACAGGCCAAGACTA,0
mult-GAACAGGCGAGCTGAA,0
mult-GAACAGGCGATAGACA,3
mult-GAACAGGCACCACTGT,0
mult-GAACAGGCGCCACATA,0
mult-GAACAGGCGCGAGTAA,3
mult-GAACAGGCGCTAACGA,3
mult-GAACAGGCGCTCGGTA,3
mult-GAACAGGCGGAGAACA,3
mult-GAACAGGCGGTGCGAA,3
mult-GAACAGGCGTACGCAA,3
mult-GAACAGGCGTCGTAGA,3
mult-GAACAGGCGTCTGTCA,3
mult-GAACAGGCGTGTTCTA,3
mult-GAACAGGCACATTGGC,0
mult-GAACAGGCTAGGATGA,3
mult-GAACAGGCTATCAGCA,3
mult-GAACAGGCTCCGTCTA,3
mult-GAACAGGCTCTTCACA,3
mult-GAACAGGCTGAAGAGA,3
mult-GAACAGGCTGGAACAA,3
mult-GAACAGGCTGGCTTCA,3
mult-GAACAGGCTGGTGGTA,3
mult-GAACAGGCTTCACGCA,3
mult-GAACAGGCAACTCACC,3
mult-GAACAGGCCAGATCTG,0
mult-GAACAGGCAAGAGATC,3
mult-GAACAGGCAAGGACAC,3
mult-GAACAGGCAATCCGTC,0
mult-GAACAGGCAATGTTGC,0
mult-GAACAGGCACACGACC,0
mult-GAACAGGCACAGATTC,0
mult-GAACAGGCAGATGTAC,0
mult-GAACAGGCAGCACCTC,0
mult-GAACAGGCAGCCATGC,0
mult-GAACAGGCAGGCTAAC,0
mult-GAACAGGCCATCAAGT,0
mult-GAACAGGCATAGCGAC,0
mult-GAACAGGCATCATTCC,0
mult-GAACAGGCATTGGCTC,0
mult-GAACAGGCCAAGGAGC,0
mult-GAACAGGCCACCTTAC,0
mult-GAACAGGCCCATCCTC,4
mult-GAACAGGCCCGACAAC,0
mult-GAACAGGCCCTAATCC,0
mult-GAACAGGCCCTCTATC,0
mult-GAACAGGCCGACACAC,2
mult-GAACAGGCCGCTGATC,0
mult-GAACAGGCCGGATTGC,7
mult-GAACAGGCCTAAGGTC,2
mult-GAACAGGCGAACAGGC,2
mult-GAACAGGCGACAGTGC,2
mult-GAACAGGCGAGTTAGC,2
mult-GAACAGGCGATGAATC,0
mult-GAACAGGCGCCAAGAC,0
mult-GAACAGGCCGGAAGAA,0
mult-GAACAGGCGTGACAAG,0
mult-GAACAGGCGAACCAGA,0
rna-CTAAGGTCACAAGCTA,0
rna-CTAAGGTCTTGCTGGA,6
rna-CTAAGGTCCTGTAGCC,0
rna-CTAAGGTCAGTACAAG,0
rna-CTAAGGTCAACAACCA,0
rna-CTAAGGTCAACCGAGA,0
rna-CTAAGGTCAACGCTTA,0
rna-CTAAGGTCAAGACGGA,0
rna-CTAAGGTCAAGGTACA,0
rna-CTAAGGTCACACAGAA,0
rna-CTAAGGTCACAGCAGA,0
rna-CTAAGGTCACCTCCAA,0
rna-CTAAGGTCACGCTCGA,0
rna-CTAAGGTCACGTATCA,0
rna-CTAAGGTCACTATGCA,0
rna-CTAAGGTCAGAGTCAA,0
rna-CTAAGGTCAGATCGCA,0
rna-CTAAGGTCAGCAGGAA,0
rna-CTAAGGTCAGTCACTA,0
rna-CTAAGGTCATCCTGTA,0
rna-CTAAGGTCATTGAGGA,0
rna-CTAAGGTCCAACCACA,0
rna-CTAAGGTCGACTAGTA,0
rna-CTAAGGTCCAATGGAA,0
rna-CTAAGGTCCACTTCGA,0
rna-CTAAGGTCCAGCGTTA,0
rna-CTAAGGTCCATACCAA,0
rna-CTAAGGTCCCAGTTCA,0
rna-CTAAGGTCCCGAAGTA,0
rna-CTAAGGTCCCGTGAGA,0
rna-CTAAGGTCCCTCCTGA,0
rna-CTAAGGTCCGAACTTA,0
rna-CTAAGGTCCGACTGGA,0
rna-CTAAGGTCCGCATACA,0
rna-CTAAGGTCCTCAATGA,0
rna-CTAAGGTCCTGAGCCA,0
rna-CTAAGGTCCTGGCATA,0
rna-CTAAGGTCGAATCTGA,0
rna-CTAAGGTCCAAGACTA,0
rna-CTAAGGTCGAGCTGAA,0
rna-CTAAGGTCGATAGACA,0
rna-CTAAGGTCGCCACATA,0
rna-CTAAGGTCGCGAGTAA,0
rna-CTAAGGTCGCTAACGA,0
rna-CTAAGGTCGCTCGGTA,0
rna-CTAAGGTCGGAGAACA,0
rna-CTAAGGTCGGTGCGAA,0
rna-CTAAGGTCGTACGCAA,0
rna-CTAAGGTCGTCGTAGA,0
rna-CTAAGGTCGTCTGTCA,0
rna-CTAAGGTCGTGTTCTA,0
rna-CTAAGGTCACATTGGC,0
rna-CTAAGGTCTAGGATGA,0
rna-CTAAGGTCTATCAGCA,0
rna-CTAAGGTCTCCGTCTA,0
rna-CTAAGGTCTCTTCACA,0
rna-CTAAGGTCTGAAGAGA,0
rna-CTAAGGTCTGGAACAA,0
rna-CTAAGGTCTGGCTTCA,0
rna-CTAAGGTCTGGTGGTA,0
rna-CTAAGGTCTTCACGCA,0
rna-CTAAGGTCAACTCACC,0
rna-CTAAGGTCCAGATCTG,0
rna-CTAAGGTCAAGAGATC,0
rna-CTAAGGTCAAGGACAC,0
rna-CTAAGGTCAATCCGTC,0
rna-CTAAGGTCAATGTTGC,0
rna-CTAAGGTCACACGACC,0
rna-CTAAGGTCACAGATTC,0
rna-CTAAGGTCAGATGTAC,0
rna-CTAAGGTCAGCACCTC,0
rna-CTAAGGTCAGCCATGC,0
rna-CTAAGGTCAGGCTAAC,0
rna-CTAAGGTCCATCAAGT,0
rna-CTAAGGTCATAGCGAC,0
rna-CTAAGGTCATCATTCC,0
rna-CTAAGGTCATTGGCTC,0
rna-CTAAGGTCCAAGGAGC,0
rna-CTAAGGTCCACCTTAC,0
rna-CTAAGGTCCCATCCTC,0
rna-CTAAGGTCCCGACAAC,0
rna-CTAAGGTCCCTAATCC,0
rna-CTAAGGTCCCTCTATC,0
rna-CTAAGGTCCGACACAC,0
rna-CTAAGGTCCGCTGATC,0
rna-CTAAGGTCCGGATTGC,0
rna-CTAAGGTCCTAAGGTC,0
rna-CTAAGGTCGAACAGGC,6
rna-CTAAGGTCGACAGTGC,6
rna-CTAAGGTCGAGTTAGC,2
rna-CTAAGGTCGATGAATC,2
rna-CTAAGGTCGCCAAGAC,0
rna-CTAAGGTCCGGAAGAA,0
rna-CTAAGGTCGTGACAAG,0
rna-CTAAGGTCGAACCAGA,0
rna-CGGATTGCACAAGCTA,0
rna-CGGATTGCTTGCTGGA,0
rna-CGGATTGCCTGTAGCC,0
rna-CGGATTGCAGTACAAG,0
rna-CGGATTGCAACAACCA,0
rna-CGGATTGCAACCGAGA,0
rna-CGGATTGCAACGCTTA,0
rna-CGGATTGCAAGACGGA,0
rna-CGGATTGCAAGGTACA,0
rna-CGGATTGCACACAGAA,0
rna-CGGATTGCACAGCAGA,0
rna-CGGATTGCACCTCCAA,0
rna-CGGATTGCACGCTCGA,0
rna-CGGATTGCACGTATCA,0
rna-CGGATTGCACTATGCA,0
rna-CGGATTGCAGAGTCAA,0
rna-CGGATTGCAGATCGCA,0
rna-CGGATTGCAGCAGGAA,0
rna-CGGATTGCAGTCACTA,0
rna-CGGATTGCATCCTGTA,0
rna-CGGATTGCATTGAGGA,0
rna-CGGATTGCCAACCACA,0
rna-CGGATTGCGACTAGTA,0
rna-CGGATTGCCAATGGAA,0
rna-CGGATTGCCACTTCGA,0
rna-CGGATTGCCAGCGTTA,0
rna-CGGATTGCCATACCAA,0
rna-CGGATTGCCCAGTTCA,0
rna-CGGATTGCCCGAAGTA,0
rna-CGGATTGCCCGTGAGA,0
rna-CGGATTGCCCTCCTGA,0
rna-CGGATTGCCGAACTTA,0
rna-CGGATTGCCGACTGGA,0
rna-CGGATTGCCGCATACA,0
rna-CGGATTGCCTCAATGA,0
rna-CGGATTGCCTGAGCCA,0
rna-CGGATTGCCTGGCATA,0
rna-CGGATTGCGAATCTGA,0
rna-CGGATTGCCAAGACTA,0
rna-CGGATTGCGAGCTGAA,10
rna-CGGATTGCGATAGACA,0
rna-CGGATTGCACCACTGT,7
rna-CGGATTGCGCCACATA,0
rna-CGGATTGCGCGAGTAA,0
rna-CGGATTGCGCTAACGA,0
rna-CGGATTGCGCTCGGTA,3
rna-CGGATTGCGGAGAACA,0
rna-CGGATTGCGGTGCGAA,0
rna-CGGATTGCGTACGCAA,0
rna-CGGATTGCGTCGTAGA,0
rna-CGGATTGCGTCTGTCA,0
rna-CGGATTGCGTGTTCTA,0
rna-CGGATTGCACATTGGC,0
rna-CGGATTGCTAGGATGA,0
rna-CGGATTGCTATCAGCA,0
rna-CGGATTGCTCCGTCTA,0
rna-CGGATTGCTCTTCACA,0
rna-CGGATTGCTGAAGAGA,0
rna-CGGATTGCTGGAACAA,0
rna-CGGATTGCTGGCTTCA,3
rna-CGGATTGCTGGTGGTA,0
rna-CGGATTGCTTCACGCA,3
rna-CGGATTGCAACTCACC,0
rna-CGGATTGCCAGATCTG,0
rna-CGGATTGCAAGAGATC,0
rna-CGGATTGCAAGGACAC,3
rna-CGGATTGCAATCCGTC,0
rna-CGGATTGCAATGTTGC,0
rna-CGGATTGCACACGACC,0
rna-CGGATTGCACAGATTC,0
rna-CGGATTGCAGATGTAC,0
rna-CGGATTGCAGCACCTC,0
rna-CGGATTGCAGCCATGC,0
rna-CGGATTGCAGGCTAAC,10
rna-CGGATTGCCATCAAGT,0
rna-CGGATTGCATAGCGAC,0
rna-CGGATTGCATCATTCC,0
rna-CGGATTGCATTGGCTC,0
rna-CGGATTGCCAAGGAGC,0
rna-CGGATTGCCACCTTAC,0
rna-CGGATTGCCCATCCTC,0
rna-CGGATTGCCCGACAAC,0
rna-CGGATTGCCCTAATCC,0
rna-CGGATTGCCCTCTATC,10
rna-CGGATTGCCGACACAC,0
rna-CGGATTGCCGCTGATC,0
rna-CGGATTGCCGGATTGC,0
rna-CGGATTGCCTAAGGTC,0
rna-CGGATTGCGAACAGGC,2
rna-CGGATTGCGACAGTGC,2
rna-CGGATTGCGAGTTAGC,2
rna-CGGATTGCGATGAATC,0
rna-CGGATTGCGCCAAGAC,0
rna-CGGATTGCCGGAAGAA,0
rna-CGGATTGCGTGACAAG,0
rna-CGGATTGCGAACCAGA,0
rna-CGACACACACAAGCTA,0
rna-CGACACACTTGCTGGA,0
rna-CGACACACCTGTAGCC,0
rna-CGACACACAGTACAAG,0
rna-CGACACACAACAACCA,0
rna-CGACACACAACCGAGA,0
rna-CGACACACAACGCTTA,0
rna-CGACACACAAGACGGA,0
rna-CGACACACAAGGTACA,0
rna-CGACACACACACAGAA,0
rna-CGACACACACAGCAGA,0
rna-CGACACACACCTCCAA,0
rna-CGACACACACGCTCGA,0
rna-CGACACACACGTATCA,0
rna-CGACACACACTATGCA,0
rna-CGACACACAGAGTCAA,7
rna-CGACACACAGATCGCA,0
rna-CGACACACAGCAGGAA,0
rna-CGACACACAGTCACTA,0
rna-CGACACACATCCTGTA,0
rna-CGACACACATTGAGGA,0
rna-CGACACACCAACCACA,0
rna-CGACACACGACTAGTA,0
rna-CGACACACCAATGGAA,0
rna-CGACACACCACTTCGA,0
rna-CGACACACCAGCGTTA,0
rna-CGACACACCATACCAA,0
rna-CGACACACCCAGTTCA,0
rna-CGACACACCCGAAGTA,0
rna-CGACACACCCGTGAGA,0
rna-CGACACACCCTCCTGA,0
rna-CGACACACAGTGGTCA,7
rna-CGACACACCGAACTTA,0
rna-CGACACACCGACTGGA,0
rna-CGACACACCGCATACA,0
rna-CGACACACCTCAATGA,0
rna-CGACACACCTGAGCCA,0
rna-CGACACACCTGGCATA,0
rna-CGACACACGAATCTGA,0
rna-CGACACACCAAGACTA,0
rna-CGACACACGAGCTGAA,0
rna-CGACACACGATAGACA,0
rna-CGACACACACCACTGT,7
rna-CGACACACGCCACATA,0
rna-CGACACACGCGAGTAA,0
rna-CGACACACGCTAACGA,0
rna-CGACACACGCTCGGTA,0
rna-CGACACACGGAGAACA,0
rna-CGACACACGGTGCGAA,0
rna-CGACACACGTACGCAA,0
rna-CGACACACGTCGTAGA,0
rna-CGACACACGTCTGTCA,0
rna-CGACACACGTGTTCTA,0
rna-CGACACACACATTGGC,0
rna-CGACACACTAGGATGA,0
rna-CGACACACTATCAGCA,0
rna-CGACACACTCCGTCTA,0
rna-CGACACACTCTTCACA,0
rna-CGACACACTGAAGAGA,0
rna-CGACACACTGGAACAA,0
rna-CGACACACTGGCTTCA,0
rna-CGACACACTGGTGGTA,0
rna-CGACACACTTCACGCA,0
rna-CGACACACAACTCACC,3
rna-CGACACACCAGATCTG,0
rna-CGACACACAAGAGATC,3
rna-CGACACACAAGGACAC,3
rna-CGACACACAATCCGTC,3
rna-CGACACACAATGTTGC,0
rna-CGACACACACACGACC,0
rna-CGACACACACAGATTC,0
rna-CGACACACAGATGTAC,0
rna-CGACACACAGCACCTC,0
rna-CGACACACAGCCATGC,0
rna-CGACACACAGGCTAAC,0
rna-CGACACACCATCAAGT,0
rna-CGACACACATAGCGAC,0
rna-CGACACACATCATTCC,0
rna-CGACACACATTGGCTC,0
rna-CGACACACCAAGGAGC,0
rna-CGACACACCACCTTAC,0
rna-CGACACACCCATCCTC,0
rna-CGACACACCCGACAAC,0
rna-CGACACACCCTAATCC,0
rna-CGACACACCCTCTATC,0
rna-CGACACACCGACACAC,0
rna-CGACACACCGCTGATC,0
rna-CGACACACCGGATTGC,0
rna-CGACACACCTAAGGTC,2
rna-CGACACACGAACAGGC,2
rna-CGACACACGACAGTGC,2
rna-CGACACACGAGTTAGC,2
rna-CGACACACGATGAATC,2
rna-CGACACACGCCAAGAC,0
rna-CGACACACCGGAAGAA,0
rna-CGACACACGTGACAAG,0
rna-CGACACACGAACCAGA,0
rna-CCTCTATCACAAGCTA,0
rna-CCTCTATCTTGCTGGA,0
rna-CCTCTATCCTGTAGCC,0
rna-CCTCTATCAGTACAAG,0
rna-CCTCTATCAACAACCA,0
rna-CCTCTATCAACCGAGA,0
rna-CCTCTATCAACGCTTA,0
rna-CCTCTATCAAGACGGA,0
rna-CCTCTATCAAGGTACA,0
rna-CCTCTATCACACAGAA,0
rna-CCTCTATCACAGCAGA,0
rna-CCTCTATCACCTCCAA,0
rna-CCTCTATCACGCTCGA,0
rna-CCTCTATCACGTATCA,0
rna-CCTCTATCACTATGCA,0
rna-CCTCTATCAGAGTCAA,0
rna-CCTCTATCAGATCGCA,0
rna-CCTCTATCAGCAGGAA,7
rna-CCTCTATCAGTCACTA,0
rna-CCTCTATCATCCTGTA,0
rna-CCTCTATCATTGAGGA,0
rna-CCTCTATCCAACCACA,0
rna-CCTCTATCGACTAGTA,0
rna-CCTCTATCCAATGGAA,0
rna-CCTCTATCCACTTCGA,0
rna-CCTCTATCCAGCGTTA,0
rna-CCTCTATCCATACCAA,0
rna-CCTCTATCCCAGTTCA,0
rna-CCTCTATCCCGAAGTA,0
rna-CCTCTATCCCGTGAGA,0
rna-CCTCTATCCCTCCTGA,0
rna-CCTCTATCAGTGGTCA,7
rna-CCTCTATCCGAACTTA,0
rna-CCTCTATCCGACTGGA,0
rna-CCTCTATCCGCATACA,0
rna-CCTCTATCCTCAATGA,0
rna-CCTCTATCCTGAGCCA,0
rna-CCTCTATCCTGGCATA,0
rna-CCTCTATCGAATCTGA,0
rna-CCTCTATCCAAGACTA,0
rna-CCTCTATCGAGCTGAA,0
rna-CCTCTATCGATAGACA,0
rna-CCTCTATCACCACTGT,7
rna-CCTCTATCGCCACATA,0
rna-CCTCTATCGCGAGTAA,0
rna-CCTCTATCGCTAACGA,0
rna-CCTCTATCGCTCGGTA,0
rna-CCTCTATCGGAGAACA,0
rna-CCTCTATCGGTGCGAA,0
rna-CCTCTATCGTACGCAA,0
rna-CCTCTATCGTCGTAGA,0
rna-CCTCTATCGTCTGTCA,0
rna-CCTCTATCGTGTTCTA,0
rna-CCTCTATCACATTGGC,0
rna-CCTCTATCTAGGATGA,0
rna-CCTCTATCTATCAGCA,0
rna-CCTCTATCTCCGTCTA,3
rna-CCTCTATCTCTTCACA,3
rna-CCTCTATCTGAAGAGA,3
rna-CCTCTATCTGGAACAA,3
rna-CCTCTATCTGGCTTCA,3
rna-CCTCTATCTGGTGGTA,3
rna-CCTCTATCTTCACGCA,3
rna-CCTCTATCAACTCACC,3
rna-CCTCTATCCAGATCTG,0
rna-CCTCTATCAAGAGATC,3
rna-CCTCTATCAAGGACAC,3
rna-CCTCTATCAATCCGTC,3
rna-CCTCTATCAATGTTGC,0
rna-CCTCTATCACACGACC,0
rna-CCTCTATCACAGATTC,0
rna-CCTCTATCAGATGTAC,0
rna-CCTCTATCAGCACCTC,0
rna-CCTCTATCAGCCATGC,0
rna-CCTCTATCAGGCTAAC,0
rna-CCTCTATCCATCAAGT,0
rna-CCTCTATCATAGCGAC,0
rna-CCTCTATCATCATTCC,0
rna-CCTCTATCATTGGCTC,0
rna-CCTCTATCCAAGGAGC,0
rna-CCTCTATCCACCTTAC,0
rna-CCTCTATCCCATCCTC,0
rna-CCTCTATCCCGACAAC,0
rna-CCTCTATCCCTAATCC,0
rna-CCTCTATCCCTCTATC,0
rna-CCTCTATCCGACACAC,0
rna-CCTCTATCCGCTGATC,0
rna-CCTCTATCCGGATTGC,0
rna-CCTCTATCCTAAGGTC,0
rna-CCTCTATCGAACAGGC,0
rna-CCTCTATCGACAGTGC,2
rna-CCTCTATCGAGTTAGC,9
rna-CCTCTATCGATGAATC,9
rna-CCTCTATCGCCAAGAC,0
rna-CCTCTATCCGGAAGAA,10
rna-CCTCTATCGTGACAAG,0
rna-CCTCTATCGAACCAGA,0
rna-CCTAATCCACAAGCTA,0
rna-CCTAATCCTTGCTGGA,0
rna-CCTAATCCCTGTAGCC,0
rna-CCTAATCCAGTACAAG,0
rna-CCTAATCCAACAACCA,0
rna-CCTAATCCAACCGAGA,0
rna-CCTAATCCAACGCTTA,0
rna-CCTAATCCAAGACGGA,0
rna-CCTAATCCAAGGTACA,0
rna-CCTAATCCACACAGAA,0
rna-CCTAATCCACAGCAGA,0
rna-CCTAATCCACCTCCAA,0
rna-CCTAATCCACGCTCGA,0
rna-CCTAATCCACGTATCA,0
rna-CCTAATCCACTATGCA,0
rna-CCTAATCCAGAGTCAA,0
rna-CCTAATCCAGATCGCA,0
rna-CCTAATCCAGCAGGAA,0
rna-CCTAATCCAGTCACTA,0
rna-CCTAATCCATCCTGTA,0
rna-CCTAATCCATTGAGGA,0
rna-CCTAATCCATGCCTAA,7
rna-CCTAATCCCAACCACA,0
rna-CCTAATCCGACTAGTA,0
rna-CCTAATCCCAATGGAA,0
rna-CCTAATCCCACTTCGA,0
rna-CCTAATCCCAGCGTTA,0
rna-CCTAATCCCATACCAA,0
rna-CCTAATCCCCAGTTCA,0
rna-CCTAATCCCCGAAGTA,0
rna-CCTAATCCCCGTGAGA,0
rna-CCTAATCCCCTCCTGA,0
rna-CCTAATCCAGTGGTCA,7
rna-CCTAATCCCGAACTTA,0
rna-CCTAATCCCGACTGGA,0
rna-CCTAATCCCGCATACA,0
rna-CCTAATCCCTCAATGA,0
rna-CCTAATCCCTGAGCCA,0
rna-CCTAATCCCTGGCATA,0
rna-CCTAATCCGAATCTGA,0
rna-CCTAATCCCAAGACTA,0
rna-CCTAATCCGAGCTGAA,0
rna-CCTAATCCGATAGACA,0
rna-CCTAATCCACCACTGT,7
rna-CCTAATCCGCCACATA,0
rna-CCTAATCCGCGAGTAA,0
rna-CCTAATCCGCTAACGA,0
rna-CCTAATCCGCTCGGTA,0
rna-CCTAATCCGGAGAACA,0
rna-CCTAATCCGGTGCGAA,0
rna-CCTAATCCGTACGCAA,3
rna-CCTAATCCGTCGTAGA,3
rna-CCTAATCCGTCTGTCA,3
rna-CCTAATCCGTGTTCTA,3
rna-CCTAATCCACATTGGC,0
rna-CCTAATCCTAGGATGA,3
rna-CCTAATCCTATCAGCA,3
rna-CCTAATCCTCCGTCTA,3
rna-CCTAATCCTCTTCACA,3
rna-CCTAATCCTGAAGAGA,3
rna-CCTAATCCTGGAACAA,3
rna-CCTAATCCTGGCTTCA,3
rna-CCTAATCCTGGTGGTA,3
rna-CCTAATCCTTCACGCA,3
rna-CCTAATCCAACTCACC,3
rna-CCTAATCCCAGATCTG,0
rna-CCTAATCCAAGAGATC,3
rna-CCTAATCCAAGGACAC,3
rna-CCTAATCCAATCCGTC,3
rna-CCTAATCCAATGTTGC,3
rna-CCTAATCCACACGACC,0
rna-CCTAATCCACAGATTC,0
rna-CCTAATCCAGATGTAC,0
rna-CCTAATCCAGCACCTC,0
rna-CCTAATCCAGCCATGC,0
rna-CCTAATCCAGGCTAAC,0
rna-CCTAATCCCATCAAGT,0
rna-CCTAATCCATAGCGAC,0
rna-CCTAATCCATCATTCC,0
rna-CCTAATCCATTGGCTC,0
rna-CCTAATCCCAAGGAGC,0
rna-CCTAATCCCACCTTAC,0
rna-CCTAATCCCCATCCTC,0
rna-CCTAATCCCCGACAAC,0
rna-CCTAATCCCCTAATCC,0
rna-CCTAATCCCCTCTATC,0
rna-CCTAATCCCGACACAC,0
rna-CCTAATCCCGCTGATC,0
rna-CCTAATCCCGGATTGC,0
rna-CCTAATCCCTAAGGTC,0
rna-CCTAATCCGAACAGGC,2
rna-CCTAATCCGACAGTGC,2
rna-CCTAATCCGAGTTAGC,2
rna-CCTAATCCGATGAATC,2
rna-CCTAATCCGCCAAGAC,0
rna-CCTAATCCCGGAAGAA,0
rna-CCTAATCCGTGACAAG,0
rna-CCTAATCCGAACCAGA,0
rna-CCGACAACACAAGCTA,0
rna-CCGACAACTTGCTGGA,0
rna-CCGACAACCTGTAGCC,0
rna-CCGACAACAGTACAAG,0
rna-CCGACAACAACAACCA,0
rna-CCGACAACAACCGAGA,0
rna-CCGACAACAACGCTTA,0
rna-CCGACAACAAGACGGA,0
rna-CCGACAACAAGGTACA,0
rna-CCGACAACACACAGAA,0
rna-CCGACAACACAGCAGA,0
rna-CCGACAACACCTCCAA,0
rna-CCGACAACACGCTCGA,0
rna-CCGACAACACGTATCA,0
rna-CCGACAACACTATGCA,0
rna-CCGACAACAGAGTCAA,0
rna-CCGACAACAGATCGCA,0
rna-CCGACAACAGCAGGAA,0
rna-CCGACAACAGTCACTA,0
rna-CCGACAACATCCTGTA,0
rna-CCGACAACATTGAGGA,0
rna-CCGACAACATGCCTAA,7
rna-CCGACAACCAACCACA,0
rna-CCGACAACGACTAGTA,0
rna-CCGACAACCAATGGAA,0
rna-CCGACAACCACTTCGA,0
rna-CCGACAACCAGCGTTA,0
rna-CCGACAACCATACCAA,0
rna-CCGACAACCCAGTTCA,0
rna-CCGACAACCCGAAGTA,0
rna-CCGACAACCCGTGAGA,0
rna-CCGACAACCCTCCTGA,0
rna-CCGACAACAGTGGTCA,7
rna-CCGACAACCGAACTTA,0
rna-CCGACAACCGACTGGA,0
rna-CCGACAACCGCATACA,0
rna-CCGACAACCTCAATGA,0
rna-CCGACAACCTGAGCCA,0
rna-CCGACAACCTGGCATA,0
rna-CCGACAACGAATCTGA,0
rna-CCGACAACCAAGACTA,0
rna-CCGACAACGAGCTGAA,0
rna-CCGACAACGATAGACA,0
rna-CCGACAACACCACTGT,0
rna-CCGACAACGCCACATA,0
rna-CCGACAACGCGAGTAA,0
rna-CCGACAACGCTAACGA,3
rna-CCGACAACGCTCGGTA,3
rna-CCGACAACGGAGAACA,3
rna-CCGACAACGGTGCGAA,3
rna-CCGACAACGTACGCAA,3
rna-CCGACAACGTCGTAGA,3
rna-CCGACAACGTCTGTCA,3
rna-CCGACAACGTGTTCTA,3
rna-CCGACAACACATTGGC,0
rna-CCGACAACTAGGATGA,3
rna-CCGACAACTATCAGCA,3
rna-CCGACAACTCCGTCTA,3
rna-CCGACAACTCTTCACA,3
rna-CCGACAACTGAAGAGA,3
rna-CCGACAACTGGAACAA,3
rna-CCGACAACTGGCTTCA,3
rna-CCGACAACTGGTGGTA,3
rna-CCGACAACTTCACGCA,3
rna-CCGACAACAACTCACC,3
rna-CCGACAACCAGATCTG,0
rna-CCGACAACAAGAGATC,3
rna-CCGACAACAAGGACAC,3
rna-CCGACAACAATCCGTC,3
rna-CCGACAACAATGTTGC,3
rna-CCGACAACACACGACC,0
rna-CCGACAACACAGATTC,0
rna-CCGACAACAGATGTAC,0
rna-CCGACAACAGCACCTC,0
rna-CCGACAACAGCCATGC,0
rna-CCGACAACAGGCTAAC,0
rna-CCGACAACCATCAAGT,0
rna-CCGACAACATAGCGAC,0
rna-CCGACAACATCATTCC,0
rna-CCGACAACATTGGCTC,0
rna-CCGACAACCAAGGAGC,0
rna-CCGACAACCACCTTAC,0
rna-CCGACAACCCATCCTC,0
rna-CCGACAACCCGACAAC,0
rna-CCGACAACCCTAATCC,0
rna-CCGACAACCCTCTATC,0
rna-CCGACAACCGACACAC,0
rna-CCGACAACCGCTGATC,0
rna-CCGACAACCGGATTGC,0
rna-CCGACAACCTAAGGTC,0
rna-CCGACAACGAACAGGC,9
rna-CCGACAACGACAGTGC,2
rna-CCGACAACGAGTTAGC,2
rna-CCGACAACGATGAATC,2
rna-CCGACAACGCCAAGAC,0
rna-CCGACAACCGGAAGAA,0
rna-CCGACAACGTGACAAG,0
rna-CCGACAACGAACCAGA,0
rna-CCATCCTCACAAGCTA,0
rna-CCATCCTCTTGCTGGA,0
rna-CCATCCTCCTGTAGCC,0
rna-CCATCCTCAGTACAAG,0
rna-CCATCCTCAACAACCA,0
rna-CCATCCTCAACCGAGA,0
rna-CCATCCTCAACGCTTA,0
rna-CCATCCTCAAGACGGA,0
rna-CCATCCTCAAGGTACA,0
rna-CCATCCTCACACAGAA,0
rna-CCATCCTCACAGCAGA,0
rna-CCATCCTCACCTCCAA,0
rna-CCATCCTCACGCTCGA,0
rna-CCATCCTCACGTATCA,0
rna-CCATCCTCACTATGCA,0
rna-CCATCCTCAGAGTCAA,0
rna-CCATCCTCAGATCGCA,0
rna-CCATCCTCAGCAGGAA,0
rna-CCATCCTCAGTCACTA,0
rna-CCATCCTCATCCTGTA,0
rna-CCATCCTCATTGAGGA,0
rna-CCATCCTCATGCCTAA,0
rna-CCATCCTCCAACCACA,0
rna-CCATCCTCGACTAGTA,0
rna-CCATCCTCCAATGGAA,0
rna-CCATCCTCCACTTCGA,0
rna-CCATCCTCCAGCGTTA,0
rna-CCATCCTCCATACCAA,0
rna-CCATCCTCCCAGTTCA,0
rna-CCATCCTCCCGAAGTA,0
rna-CCATCCTCCCGTGAGA,0
rna-CCATCCTCCCTCCTGA,0
rna-CCATCCTCAGTGGTCA,0
rna-CCATCCTCCGAACTTA,0
rna-CCATCCTCCGACTGGA,0
rna-CCATCCTCCGCATACA,0
rna-CCATCCTCCTCAATGA,0
rna-CCATCCTCCTGAGCCA,0
rna-CCATCCTCCTGGCATA,0
rna-CCATCCTCGAATCTGA,0
rna-CCATCCTCCAAGACTA,0
rna-CCATCCTCGAGCTGAA,0
rna-CCATCCTCGATAGACA,3
rna-CCATCCTCACCACTGT,0
rna-CCATCCTCGCCACATA,0
rna-CCATCCTCGCGAGTAA,3
rna-CCATCCTCGCTAACGA,3
rna-CCATCCTCGCTCGGTA,3
rna-CCATCCTCGGAGAACA,3
rna-CCATCCTCGGTGCGAA,3
rna-CCATCCTCGTACGCAA,3
rna-CCATCCTCGTCGTAGA,3
rna-CCATCCTCGTCTGTCA,3
rna-CCATCCTCGTGTTCTA,3
rna-CCATCCTCACATTGGC,0
rna-CCATCCTCTAGGATGA,3
rna-CCATCCTCTATCAGCA,3
rna-CCATCCTCTCCGTCTA,3
rna-CCATCCTCTCTTCACA,3
rna-CCATCCTCTGAAGAGA,3
rna-CCATCCTCTGGAACAA,3
rna-CCATCCTCTGGCTTCA,3
rna-CCATCCTCTGGTGGTA,3
rna-CCATCCTCTTCACGCA,3
rna-CCATCCTCAACTCACC,3
rna-CCATCCTCCAGATCTG,0
rna-CCATCCTCAAGAGATC,3
rna-CCATCCTCAAGGACAC,3
rna-CCATCCTCAATCCGTC,3
rna-CCATCCTCAATGTTGC,3
rna-CCATCCTCACACGACC,0
rna-CCATCCTCACAGATTC,0
rna-CCATCCTCAGATGTAC,0
rna-CCATCCTCAGCACCTC,0
rna-CCATCCTCAGCCATGC,0
rna-CCATCCTCAGGCTAAC,0
rna-CCATCCTCCATCAAGT,0
rna-CCATCCTCATAGCGAC,0
rna-CCATCCTCATCATTCC,0
rna-CCATCCTCATTGGCTC,0
rna-CCATCCTCCAAGGAGC,0
rna-CCATCCTCCACCTTAC,0
rna-CCATCCTCCCATCCTC,0
rna-CCATCCTCCCGACAAC,0
rna-CCATCCTCCCTAATCC,0
rna-CCATCCTCCCTCTATC,0
rna-CCATCCTCCGACACAC,0
rna-CCATCCTCCGCTGATC,0
rna-CCATCCTCCGGATTGC,0
rna-CCATCCTCCTAAGGTC,0
rna-CCATCCTCGAACAGGC,0
rna-CCATCCTCGACAGTGC,2
rna-CCATCCTCGAGTTAGC,2
rna-CCATCCTCGATGAATC,2
rna-CCATCCTCGCCAAGAC,2
rna-CCATCCTCCGGAAGAA,0
rna-CCATCCTCGTGACAAG,0
rna-CCATCCTCGAACCAGA,0
rna-CACCTTACACAAGCTA,0
rna-CACCTTACTTGCTGGA,0
rna-CACCTTACCTGTAGCC,0
rna-CACCTTACAGTACAAG,0
rna-CACCTTACAACAACCA,0
rna-CACCTTACAACCGAGA,0
rna-CACCTTACAACGCTTA,0
rna-CACCTTACAAGACGGA,0
rna-CACCTTACAAGGTACA,0
rna-CACCTTACACACAGAA,0
rna-CACCTTACACAGCAGA,0
rna-CACCTTACACCTCCAA,0
rna-CACCTTACACGCTCGA,0
rna-CACCTTACACGTATCA,0
rna-CACCTTACACTATGCA,0
rna-CACCTTACAGAGTCAA,0
rna-CACCTTACAGATCGCA,0
rna-CACCTTACAGCAGGAA,0
rna-CACCTTACAGTCACTA,0
rna-CACCTTACATCCTGTA,0
rna-CACCTTACATTGAGGA,0
rna-CACCTTACATGCCTAA,0
rna-CACCTTACCAACCACA,0
rna-CACCTTACGACTAGTA,0
rna-CACCTTACCAATGGAA,0
rna-CACCTTACCACTTCGA,0
rna-CACCTTACCAGCGTTA,0
rna-CACCTTACCATACCAA,0
rna-CACCTTACCCAGTTCA,0
rna-CACCTTACCCGAAGTA,0
rna-CACCTTACCCGTGAGA,0
rna-CACCTTACCCTCCTGA,0
rna-CACCTTACAGTGGTCA,0
rna-CACCTTACCGAACTTA,0
rna-CACCTTACCGACTGGA,0
rna-CACCTTACCGCATACA,0
rna-CACCTTACCTCAATGA,0
rna-CACCTTACCTGAGCCA,0
rna-CACCTTACCTGGCATA,0
rna-CACCTTACGAATCTGA,0
rna-CACCTTACCAAGACTA,0
rna-CACCTTACGAGCTGAA,0
rna-CACCTTACGATAGACA,0
rna-CACCTTACACCACTGT,0
rna-CACCTTACGCCACATA,3
rna-CACCTTACGCGAGTAA,3
rna-CACCTTACGCTAACGA,3
rna-CACCTTACGCTCGGTA,3
rna-CACCTTACGGAGAACA,3
rna-CACCTTACGGTGCGAA,3
rna-CACCTTACGTACGCAA,3
rna-CACCTTACGTCGTAGA,3
rna-CACCTTACGTCTGTCA,3
rna-CACCTTACGTGTTCTA,3
rna-CACCTTACACATTGGC,0
rna-CACCTTACTAGGATGA,3
rna-CACCTTACTATCAGCA,3
rna-CACCTTACTCCGTCTA,3
rna-CACCTTACTCTTCACA,3
rna-CACCTTACTGAAGAGA,3
rna-CACCTTACTGGAACAA,3
rna-CACCTTACTGGCTTCA,3
rna-CACCTTACTGGTGGTA,3
rna-CACCTTACTTCACGCA,3
rna-CACCTTACAACTCACC,3
rna-CACCTTACCAGATCTG,0
rna-CACCTTACAAGAGATC,3
rna-CACCTTACAAGGACAC,3
rna-CACCTTACAATCCGTC,3
rna-CACCTTACAATGTTGC,3
rna-CACCTTACACACGACC,3
rna-CACCTTACACAGATTC,0
rna-CACCTTACAGATGTAC,0
rna-CACCTTACAGCACCTC,0
rna-CACCTTACAGCCATGC,0
rna-CACCTTACAGGCTAAC,0
rna-CACCTTACCATCAAGT,0
rna-CACCTTACATAGCGAC,0
rna-CACCTTACATCATTCC,0
rna-CACCTTACATTGGCTC,0
rna-CACCTTACCAAGGAGC,0
rna-CACCTTACCACCTTAC,0
rna-CACCTTACCCATCCTC,0
rna-CACCTTACCCGACAAC,0
rna-CACCTTACCCTAATCC,0
rna-CACCTTACCCTCTATC,0
rna-CACCTTACCGACACAC,0
rna-CACCTTACCGCTGATC,0
rna-CACCTTACCGGATTGC,0
rna-CACCTTACCTAAGGTC,0
rna-CACCTTACGAACAGGC,0
rna-CACCTTACGACAGTGC,7
rna-CACCTTACGAGTTAGC,2
rna-CACCTTACGATGAATC,2
rna-CACCTTACGCCAAGAC,2
rna-CACCTTACCGGAAGAA,7
rna-CACCTTACGTGACAAG,0
rna-CACCTTACGAACCAGA,0
rna-CAAGGAGCACAAGCTA,0
rna-CAAGGAGCTTGCTGGA,2
rna-CAAGGAGCCTGTAGCC,0
rna-CAAGGAGCAGTACAAG,0
rna-CAAGGAGCAACAACCA,0
rna-CAAGGAGCAACCGAGA,0
rna-CAAGGAGCAACGCTTA,0
rna-CAAGGAGCAAGACGGA,0
rna-CAAGGAGCAAGGTACA,0
rna-CAAGGAGCACACAGAA,0
rna-CAAGGAGCACAGCAGA,0
rna-CAAGGAGCAAACATCG,0
rna-CAAGGAGCACCTCCAA,0
rna-CAAGGAGCACGCTCGA,0
rna-CAAGGAGCACGTATCA,0
rna-CAAGGAGCACTATGCA,0
rna-CAAGGAGCAGAGTCAA,0
rna-CAAGGAGCAGATCGCA,0
rna-CAAGGAGCAGCAGGAA,0
rna-CAAGGAGCAGTCACTA,0
rna-CAAGGAGCATCCTGTA,0
rna-CAAGGAGCATTGAGGA,0
rna-CAAGGAGCATGCCTAA,0
rna-CAAGGAGCCAACCACA,0
rna-CAAGGAGCGACTAGTA,0
rna-CAAGGAGCCAATGGAA,0
rna-CAAGGAGCCACTTCGA,0
rna-CAAGGAGCCAGCGTTA,0
rna-CAAGGAGCCATACCAA,0
rna-CAAGGAGCCCAGTTCA,0
rna-CAAGGAGCCCGAAGTA,0
rna-CAAGGAGCCCGTGAGA,0
rna-CAAGGAGCCCTCCTGA,0
rna-CAAGGAGCAGTGGTCA,0
rna-CAAGGAGCCGAACTTA,0
rna-CAAGGAGCCGACTGGA,0
rna-CAAGGAGCCGCATACA,0
rna-CAAGGAGCCTCAATGA,0
rna-CAAGGAGCCTGAGCCA,0
rna-CAAGGAGCCTGGCATA,0
rna-CAAGGAGCGAATCTGA,0
rna-CAAGGAGCCAAGACTA,0
rna-CAAGGAGCGAGCTGAA,0
rna-CAAGGAGCGATAGACA,3
rna-CAAGGAGCACCACTGT,0
rna-CAAGGAGCGCCACATA,3
rna-CAAGGAGCGCGAGTAA,3
rna-CAAGGAGCGCTAACGA,3
rna-CAAGGAGCGCTCGGTA,3
rna-CAAGGAGCGGAGAACA,3
rna-CAAGGAGCGGTGCGAA,3
rna-CAAGGAGCGTACGCAA,3
rna-CAAGGAGCGTCGTAGA,3
rna-CAAGGAGCGTCTGTCA,3
rna-CAAGGAGCGTGTTCTA,3
rna-CAAGGAGCACATTGGC,0
rna-CAAGGAGCTAGGATGA,3
rna-CAAGGAGCTATCAGCA,3
rna-CAAGGAGCTCCGTCTA,3
rna-CAAGGAGCTCTTCACA,3
rna-CAAGGAGCTGAAGAGA,3
rna-CAAGGAGCTGGAACAA,3
rna-CAAGGAGCTGGCTTCA,3
rna-CAAGGAGCTGGTGGTA,3
rna-CAAGGAGCTTCACGCA,3
rna-CAAGGAGCAACTCACC,3
rna-CAAGGAGCCAGATCTG,0
rna-CAAGGAGCAAGAGATC,3
rna-CAAGGAGCAAGGACAC,3
rna-CAAGGAGCAATCCGTC,3
rna-CAAGGAGCAATGTTGC,3
rna-CAAGGAGCACACGACC,3
rna-CAAGGAGCACAGATTC,0
rna-CAAGGAGCAGATGTAC,0
rna-CAAGGAGCAGCACCTC,0
rna-CAAGGAGCAGCCATGC,0
rna-CAAGGAGCAGGCTAAC,0
rna-CAAGGAGCCATCAAGT,0
rna-CAAGGAGCATAGCGAC,0
rna-CAAGGAGCATCATTCC,0
rna-CAAGGAGCATTGGCTC,0
rna-CAAGGAGCCAAGGAGC,0
rna-CAAGGAGCCACCTTAC,0
rna-CAAGGAGCCCATCCTC,0
rna-CAAGGAGCCCGACAAC,0
rna-CAAGGAGCCCTAATCC,0
rna-CAAGGAGCCCTCTATC,0
rna-CAAGGAGCCGACACAC,0
rna-CAAGGAGCCGCTGATC,0
rna-CAAGGAGCCGGATTGC,0
rna-CAAGGAGCCTAAGGTC,0
rna-CAAGGAGCGAACAGGC,0
rna-CAAGGAGCGACAGTGC,0
rna-CAAGGAGCGAGTTAGC,9
rna-CAAGGAGCGATGAATC,2
rna-CAAGGAGCGCCAAGAC,2
rna-CAAGGAGCCGGAAGAA,2
rna-CAAGGAGCGTGACAAG,0
rna-CAAGGAGCGAACCAGA,2
rna-ATTGGCTCACAAGCTA,0
rna-ATTGGCTCTTGCTGGA,2
rna-ATTGGCTCCTGTAGCC,0
rna-ATTGGCTCAGTACAAG,0
rna-ATTGGCTCAACAACCA,0
rna-ATTGGCTCAACCGAGA,0
rna-ATTGGCTCAACGCTTA,0
rna-ATTGGCTCAAGACGGA,0
rna-ATTGGCTCAAGGTACA,0
rna-ATTGGCTCACACAGAA,0
rna-ATTGGCTCACAGCAGA,0
rna-ATTGGCTCAAACATCG,2
rna-ATTGGCTCACCTCCAA,0
rna-ATTGGCTCACGCTCGA,0
rna-ATTGGCTCACGTATCA,0
rna-ATTGGCTCACTATGCA,0
rna-ATTGGCTCAGAGTCAA,0
rna-ATTGGCTCAGATCGCA,0
rna-ATTGGCTCAGCAGGAA,0
rna-ATTGGCTCAGTCACTA,0
rna-ATTGGCTCATCCTGTA,0
rna-ATTGGCTCATTGAGGA,0
rna-ATTGGCTCATGCCTAA,0
rna-ATTGGCTCCAACCACA,0
rna-ATTGGCTCGACTAGTA,0
rna-ATTGGCTCCAATGGAA,0
rna-ATTGGCTCCACTTCGA,0
rna-ATTGGCTCCAGCGTTA,0
rna-ATTGGCTCCATACCAA,0
rna-ATTGGCTCCCAGTTCA,0
rna-ATTGGCTCCCGAAGTA,0
rna-ATTGGCTCCCGTGAGA,0
rna-ATTGGCTCCCTCCTGA,0
rna-ATTGGCTCAGTGGTCA,0
rna-ATTGGCTCCGAACTTA,0
rna-ATTGGCTCCGACTGGA,0
rna-ATTGGCTCCGCATACA,0
rna-ATTGGCTCCTCAATGA,0
rna-ATTGGCTCCTGAGCCA,0
rna-ATTGGCTCCTGGCATA,0
rna-ATTGGCTCGAATCTGA,0
rna-ATTGGCTCCAAGACTA,0
rna-ATTGGCTCGAGCTGAA,3
rna-ATTGGCTCGATAGACA,3
rna-ATTGGCTCACCACTGT,0
rna-ATTGGCTCGCCACATA,3
rna-ATTGGCTCGCGAGTAA,3
rna-ATTGGCTCGCTAACGA,3
rna-ATTGGCTCGCTCGGTA,3
rna-ATTGGCTCGGAGAACA,3
rna-ATTGGCTCGGTGCGAA,3
rna-ATTGGCTCGTACGCAA,3
rna-ATTGGCTCGTCGTAGA,3
rna-ATTGGCTCGTCTGTCA,3
rna-ATTGGCTCGTGTTCTA,3
rna-ATTGGCTCACATTGGC,0
rna-ATTGGCTCTAGGATGA,3
rna-ATTGGCTCTATCAGCA,3
rna-ATTGGCTCTCCGTCTA,3
rna-ATTGGCTCTCTTCACA,3
rna-ATTGGCTCTGAAGAGA,3
rna-ATTGGCTCTGGAACAA,3
rna-ATTGGCTCTGGCTTCA,3
rna-ATTGGCTCTGGTGGTA,3
rna-ATTGGCTCTTCACGCA,3
rna-ATTGGCTCAACTCACC,3
rna-ATTGGCTCCAGATCTG,0
rna-ATTGGCTCAAGAGATC,3
rna-ATTGGCTCAAGGACAC,3
rna-ATTGGCTCAATCCGTC,3
rna-ATTGGCTCAATGTTGC,3
rna-ATTGGCTCACACGACC,3
rna-ATTGGCTCACAGATTC,2
rna-ATTGGCTCAGATGTAC,0
rna-ATTGGCTCAGCACCTC,0
rna-ATTGGCTCAGCCATGC,0
rna-ATTGGCTCAGGCTAAC,0
rna-ATTGGCTCCATCAAGT,0
rna-ATTGGCTCATAGCGAC,0
rna-ATTGGCTCATCATTCC,0
rna-ATTGGCTCATTGGCTC,0
rna-ATTGGCTCCAAGGAGC,0
rna-ATTGGCTCCACCTTAC,0
rna-ATTGGCTCCCATCCTC,0
rna-ATTGGCTCCCGACAAC,0
rna-ATTGGCTCCCTAATCC,0
rna-ATTGGCTCCCTCTATC,0
rna-ATTGGCTCCGACACAC,0
rna-ATTGGCTCCGCTGATC,0
rna-ATTGGCTCCGGATTGC,0
rna-ATTGGCTCCTAAGGTC,0
rna-ATTGGCTCGAACAGGC,0
rna-ATTGGCTCGACAGTGC,3
rna-ATTGGCTCGAGTTAGC,2
rna-ATTGGCTCGATGAATC,6
rna-ATTGGCTCGCCAAGAC,2
rna-ATTGGCTCCGGAAGAA,0
rna-ATTGGCTCGTGACAAG,0
rna-ATTGGCTCGAACCAGA,0
rna-ATCATTCCACAAGCTA,0
rna-ATCATTCCTTGCTGGA,0
rna-ATCATTCCCTGTAGCC,0
rna-ATCATTCCAGTACAAG,0
rna-ATCATTCCAACAACCA,0
rna-ATCATTCCAACCGAGA,0
rna-ATCATTCCAACGCTTA,9
rna-ATCATTCCAAGACGGA,0
rna-ATCATTCCAAGGTACA,0
rna-ATCATTCCACACAGAA,0
rna-ATCATTCCACAGCAGA,0
rna-ATCATTCCAAACATCG,10
rna-ATCATTCCACCTCCAA,0
rna-ATCATTCCACGCTCGA,0
rna-ATCATTCCACGTATCA,0
rna-ATCATTCCACTATGCA,0
rna-ATCATTCCAGAGTCAA,0
rna-ATCATTCCAGATCGCA,0
rna-ATCATTCCAGCAGGAA,0
rna-ATCATTCCAGTCACTA,0
rna-ATCATTCCATCCTGTA,0
rna-ATCATTCCATTGAGGA,0
rna-ATCATTCCATGCCTAA,0
rna-ATCATTCCCAACCACA,0
rna-ATCATTCCGACTAGTA,0
rna-ATCATTCCCAATGGAA,0
rna-ATCATTCCCACTTCGA,0
rna-ATCATTCCCAGCGTTA,0
rna-ATCATTCCCATACCAA,0
rna-ATCATTCCCCAGTTCA,0
rna-ATCATTCCCCGAAGTA,0
rna-ATCATTCCCCGTGAGA,0
rna-ATCATTCCCCTCCTGA,0
rna-ATCATTCCAGTGGTCA,0
rna-ATCATTCCCGAACTTA,0
rna-ATCATTCCCGACTGGA,0
rna-ATCATTCCCGCATACA,0
rna-ATCATTCCCTCAATGA,0
rna-ATCATTCCCTGAGCCA,0
rna-ATCATTCCCTGGCATA,0
rna-ATCATTCCGAATCTGA,3
rna-ATCATTCCCAAGACTA,3
rna-ATCATTCCGAGCTGAA,3
rna-ATCATTCCGATAGACA,3
rna-ATCATTCCACCACTGT,0
rna-ATCATTCCGCCACATA,3
rna-ATCATTCCGCGAGTAA,3
rna-ATCATTCCGCTAACGA,3
rna-ATCATTCCGCTCGGTA,3
rna-ATCATTCCGGAGAACA,3
rna-ATCATTCCGGTGCGAA,3
rna-ATCATTCCGTACGCAA,3
rna-ATCATTCCGTCGTAGA,3
rna-ATCATTCCGTCTGTCA,3
rna-ATCATTCCGTGTTCTA,3
rna-ATCATTCCACATTGGC,0
rna-ATCATTCCTAGGATGA,3
rna-ATCATTCCTATCAGCA,3
rna-ATCATTCCTCCGTCTA,3
rna-ATCATTCCTCTTCACA,3
rna-ATCATTCCTGAAGAGA,3
rna-ATCATTCCTGGAACAA,3
rna-ATCATTCCTGGCTTCA,3
rna-ATCATTCCTGGTGGTA,3
rna-ATCATTCCTTCACGCA,3
rna-ATCATTCCAACTCACC,3
rna-ATCATTCCCAGATCTG,0
rna-ATCATTCCAAGAGATC,3
rna-ATCATTCCAAGGACAC,3
rna-ATCATTCCAATCCGTC,3
rna-ATCATTCCAATGTTGC,3
rna-ATCATTCCACACGACC,3
rna-ATCATTCCACAGATTC,2
rna-ATCATTCCAGATGTAC,0
rna-ATCATTCCAGCACCTC,0
rna-ATCATTCCAGCCATGC,0
rna-ATCATTCCAGGCTAAC,0
rna-ATCATTCCCATCAAGT,0
rna-ATCATTCCATAGCGAC,0
rna-ATCATTCCATCATTCC,0
rna-ATCATTCCATTGGCTC,0
rna-ATCATTCCCAAGGAGC,0
rna-ATCATTCCCACCTTAC,0
rna-ATCATTCCCCATCCTC,0
rna-ATCATTCCCCGACAAC,0
rna-ATCATTCCCCTAATCC,0
rna-ATCATTCCCCTCTATC,0
rna-ATCATTCCCGACACAC,0
rna-ATCATTCCCGCTGATC,0
rna-ATCATTCCCGGATTGC,0
rna-ATCATTCCCTAAGGTC,0
rna-ATCATTCCGAACAGGC,0
rna-ATCATTCCGACAGTGC,0
rna-ATCATTCCGAGTTAGC,2
rna-ATCATTCCGATGAATC,2
rna-ATCATTCCGCCAAGAC,2
rna-ATCATTCCCGGAAGAA,0
rna-ATCATTCCGTGACAAG,0
rna-ATCATTCCGAACCAGA,7
rna-ATAGCGACAACGTGAT,2
rna-ATAGCGACACAAGCTA,0
rna-ATAGCGACTTGCTGGA,0
rna-ATAGCGACCTGTAGCC,0
rna-ATAGCGACAGTACAAG,0
rna-ATAGCGACAACAACCA,0
rna-ATAGCGACAACCGAGA,0
rna-ATAGCGACAACGCTTA,0
rna-ATAGCGACAAGACGGA,0
rna-ATAGCGACAAGGTACA,0
rna-ATAGCGACACACAGAA,0
rna-ATAGCGACACAGCAGA,0
rna-ATAGCGACAAACATCG,2
rna-ATAGCGACACCTCCAA,0
rna-ATAGCGACACGCTCGA,0
rna-ATAGCGACACGTATCA,0
rna-ATAGCGACACTATGCA,0
rna-ATAGCGACAGAGTCAA,0
rna-ATAGCGACAGATCGCA,0
rna-ATAGCGACAGCAGGAA,7
rna-ATAGCGACAGTCACTA,0
rna-ATAGCGACATCCTGTA,0
rna-ATAGCGACATTGAGGA,0
rna-ATAGCGACATGCCTAA,0
rna-ATAGCGACCAACCACA,0
rna-ATAGCGACGACTAGTA,0
rna-ATAGCGACCAATGGAA,0
rna-ATAGCGACCACTTCGA,0
rna-ATAGCGACCAGCGTTA,0
rna-ATAGCGACCATACCAA,0
rna-ATAGCGACCCAGTTCA,0
rna-ATAGCGACCCGAAGTA,0
rna-ATAGCGACCCGTGAGA,0
rna-ATAGCGACCCTCCTGA,0
rna-ATAGCGACAGTGGTCA,0
rna-ATAGCGACCGAACTTA,0
rna-ATAGCGACCGACTGGA,3
rna-ATAGCGACCGCATACA,0
rna-ATAGCGACCTCAATGA,3
rna-ATAGCGACCTGAGCCA,0
rna-ATAGCGACCTGGCATA,3
rna-ATAGCGACGAATCTGA,3
rna-ATAGCGACCAAGACTA,3
rna-ATAGCGACGAGCTGAA,3
rna-ATAGCGACGATAGACA,3
rna-ATAGCGACACCACTGT,0
rna-ATAGCGACGCCACATA,3
rna-ATAGCGACGCGAGTAA,3
rna-ATAGCGACGCTAACGA,3
rna-ATAGCGACGCTCGGTA,3
rna-ATAGCGACGGAGAACA,3
rna-ATAGCGACGGTGCGAA,3
rna-ATAGCGACGTACGCAA,1
rna-ATAGCGACGTCGTAGA,3
rna-ATAGCGACGTCTGTCA,1
rna-ATAGCGACGTGTTCTA,3
rna-ATAGCGACACATTGGC,0
rna-ATAGCGACTAGGATGA,3
rna-ATAGCGACTATCAGCA,5
rna-ATAGCGACTCCGTCTA,3
rna-ATAGCGACTCTTCACA,3
rna-ATAGCGACTGAAGAGA,3
rna-ATAGCGACTGGAACAA,3
rna-ATAGCGACTGGCTTCA,3
rna-ATAGCGACTGGTGGTA,3
rna-ATAGCGACTTCACGCA,3
rna-ATAGCGACAACTCACC,3
rna-ATAGCGACCAGATCTG,0
rna-ATAGCGACAAGAGATC,3
rna-ATAGCGACAAGGACAC,3
rna-ATAGCGACAATCCGTC,3
rna-ATAGCGACAATGTTGC,3
rna-ATAGCGACACACGACC,3
rna-ATAGCGACACAGATTC,3
rna-ATAGCGACAGATGTAC,3
rna-ATAGCGACAGCACCTC,0
rna-ATAGCGACAGCCATGC,0
rna-ATAGCGACAGGCTAAC,0
rna-ATAGCGACCATCAAGT,0
rna-ATAGCGACATAGCGAC,0
rna-ATAGCGACATCATTCC,0
rna-ATAGCGACATTGGCTC,0
rna-ATAGCGACCAAGGAGC,0
rna-ATAGCGACCACCTTAC,0
rna-ATAGCGACCCATCCTC,0
rna-ATAGCGACCCGACAAC,0
rna-ATAGCGACCCTAATCC,0
rna-ATAGCGACCCTCTATC,0
rna-ATAGCGACCGACACAC,0
rna-ATAGCGACCGCTGATC,0
rna-ATAGCGACCGGATTGC,0
rna-ATAGCGACCTAAGGTC,0
rna-ATAGCGACGAACAGGC,2
rna-ATAGCGACGACAGTGC,2
rna-ATAGCGACGAGTTAGC,9
rna-ATAGCGACGATGAATC,2
rna-ATAGCGACGCCAAGAC,2
rna-ATAGCGACCGGAAGAA,2
rna-ATAGCGACGTGACAAG,2
rna-ATAGCGACGAACCAGA,0
rna-AGGCTAACAACGTGAT,0
rna-AGGCTAACACAAGCTA,0
rna-AGGCTAACTTGCTGGA,10
rna-AGGCTAACCTGTAGCC,0
rna-AGGCTAACAGTACAAG,0
rna-AGGCTAACAACAACCA,0
rna-AGGCTAACAACCGAGA,0
rna-AGGCTAACAACGCTTA,0
rna-AGGCTAACAAGACGGA,0
rna-AGGCTAACAAGGTACA,0
rna-AGGCTAACACACAGAA,0
rna-AGGCTAACACAGCAGA,0
rna-AGGCTAACAAACATCG,0
rna-AGGCTAACACCTCCAA,0
rna-AGGCTAACACGCTCGA,0
rna-AGGCTAACACGTATCA,0
rna-AGGCTAACACTATGCA,0
rna-AGGCTAACAGAGTCAA,0
rna-AGGCTAACAGATCGCA,0
rna-AGGCTAACAGCAGGAA,0
rna-AGGCTAACAGTCACTA,0
rna-AGGCTAACATCCTGTA,0
rna-AGGCTAACATTGAGGA,0
rna-AGGCTAACATGCCTAA,0
rna-AGGCTAACCAACCACA,0
rna-AGGCTAACGACTAGTA,0
rna-AGGCTAACCAATGGAA,0
rna-AGGCTAACCACTTCGA,0
rna-AGGCTAACCAGCGTTA,0
rna-AGGCTAACCATACCAA,0
rna-AGGCTAACCCAGTTCA,0
rna-AGGCTAACCCGAAGTA,0
rna-AGGCTAACCCGTGAGA,0
rna-AGGCTAACCCTCCTGA,0
rna-AGGCTAACAGTGGTCA,0
rna-AGGCTAACCGAACTTA,0
rna-AGGCTAACCGACTGGA,3
rna-AGGCTAACCGCATACA,3
rna-AGGCTAACCTCAATGA,3
rna-AGGCTAACCTGAGCCA,3
rna-AGGCTAACCTGGCATA,3
rna-AGGCTAACGAATCTGA,3
rna-AGGCTAACCAAGACTA,3
rna-AGGCTAACGAGCTGAA,3
rna-AGGCTAACGATAGACA,3
rna-AGGCTAACACCACTGT,0
rna-AGGCTAACGCCACATA,3
rna-AGGCTAACGCGAGTAA,3
rna-AGGCTAACGCTAACGA,3
rna-AGGCTAACGCTCGGTA,3
rna-AGGCTAACGGAGAACA,1
rna-AGGCTAACGGTGCGAA,1
rna-AGGCTAACGTACGCAA,1
rna-AGGCTAACGTCGTAGA,1
rna-AGGCTAACGTCTGTCA,1
rna-AGGCTAACGTGTTCTA,1
rna-AGGCTAACACATTGGC,0
rna-AGGCTAACTAGGATGA,1
rna-AGGCTAACTATCAGCA,1
rna-AGGCTAACTCCGTCTA,1
rna-AGGCTAACTCTTCACA,3
rna-AGGCTAACTGAAGAGA,3
rna-AGGCTAACTGGAACAA,3
rna-AGGCTAACTGGCTTCA,3
rna-AGGCTAACTGGTGGTA,3
rna-AGGCTAACTTCACGCA,3
rna-AGGCTAACAACTCACC,3
rna-AGGCTAACCAGATCTG,0
rna-AGGCTAACAAGAGATC,3
rna-AGGCTAACAAGGACAC,3
rna-AGGCTAACAATCCGTC,3
rna-AGGCTAACAATGTTGC,3
rna-AGGCTAACACACGACC,3
rna-AGGCTAACACAGATTC,3
rna-AGGCTAACAGATGTAC,3
rna-AGGCTAACAGCACCTC,3
rna-AGGCTAACAGCCATGC,0
rna-AGGCTAACAGGCTAAC,0
rna-AGGCTAACCATCAAGT,0
rna-AGGCTAACATAGCGAC,0
rna-AGGCTAACATCATTCC,0
rna-AGGCTAACATTGGCTC,0
rna-AGGCTAACCAAGGAGC,0
rna-AGGCTAACCACCTTAC,0
rna-AGGCTAACCCATCCTC,0
rna-AGGCTAACCCGACAAC,0
rna-AGGCTAACCCTAATCC,0
rna-AGGCTAACCCTCTATC,0
rna-AGGCTAACCGACACAC,0
rna-AGGCTAACCGCTGATC,0
rna-AGGCTAACCGGATTGC,0
rna-AGGCTAACCTAAGGTC,0
rna-AGGCTAACGAACAGGC,2
rna-AGGCTAACGACAGTGC,2
rna-AGGCTAACGAGTTAGC,2
rna-AGGCTAACGATGAATC,2
rna-AGGCTAACGCCAAGAC,2
rna-AGGCTAACCGGAAGAA,2
rna-AGGCTAACGTGACAAG,0
rna-AGGCTAACGAACCAGA,0
rna-AGCCATGCAACGTGAT,0
rna-AGCCATGCACAAGCTA,0
rna-AGCCATGCTTGCTGGA,0
rna-AGCCATGCCTGTAGCC,0
rna-AGCCATGCAGTACAAG,0
rna-AGCCATGCAACAACCA,0
rna-AGCCATGCAACCGAGA,0
rna-AGCCATGCAACGCTTA,0
rna-AGCCATGCAAGACGGA,0
rna-AGCCATGCAAGGTACA,0
rna-AGCCATGCACACAGAA,0
rna-AGCCATGCACAGCAGA,0
rna-AGCCATGCAAACATCG,0
rna-AGCCATGCACCTCCAA,0
rna-AGCCATGCACGCTCGA,0
rna-AGCCATGCACGTATCA,0
rna-AGCCATGCACTATGCA,0
rna-AGCCATGCAGAGTCAA,0
rna-AGCCATGCAGATCGCA,0
rna-AGCCATGCAGCAGGAA,0
rna-AGCCATGCAGTCACTA,0
rna-AGCCATGCATCCTGTA,0
rna-AGCCATGCATTGAGGA,0
rna-AGCCATGCATGCCTAA,0
rna-AGCCATGCCAACCACA,0
rna-AGCCATGCGACTAGTA,0
rna-AGCCATGCCAATGGAA,0
rna-AGCCATGCCACTTCGA,0
rna-AGCCATGCCAGCGTTA,0
rna-AGCCATGCCATACCAA,0
rna-AGCCATGCCCAGTTCA,0
rna-AGCCATGCCCGAAGTA,0
rna-AGCCATGCCCGTGAGA,3
rna-AGCCATGCCCTCCTGA,0
rna-AGCCATGCAGTGGTCA,0
rna-AGCCATGCCGAACTTA,0
rna-AGCCATGCCGACTGGA,3
rna-AGCCATGCCGCATACA,3
rna-AGCCATGCCTCAATGA,3
rna-AGCCATGCCTGAGCCA,3
rna-AGCCATGCCTGGCATA,3
rna-AGCCATGCGAATCTGA,3
rna-AGCCATGCCAAGACTA,3
rna-AGCCATGCGAGCTGAA,3
rna-AGCCATGCGATAGACA,3
rna-AGCCATGCACCACTGT,7
rna-AGCCATGCGCCACATA,3
rna-AGCCATGCGCGAGTAA,3
rna-AGCCATGCGCTAACGA,1
rna-AGCCATGCGCTCGGTA,1
rna-AGCCATGCGGAGAACA,1
rna-AGCCATGCGGTGCGAA,1
rna-AGCCATGCGTACGCAA,1
rna-AGCCATGCGTCGTAGA,1
rna-AGCCATGCGTCTGTCA,1
rna-AGCCATGCGTGTTCTA,6
rna-AGCCATGCACATTGGC,0
rna-AGCCATGCTAGGATGA,1
rna-AGCCATGCTATCAGCA,1
rna-AGCCATGCTCCGTCTA,1
rna-AGCCATGCTCTTCACA,1
rna-AGCCATGCTGAAGAGA,1
rna-AGCCATGCTGGAACAA,5
rna-AGCCATGCTGGCTTCA,3
rna-AGCCATGCTGGTGGTA,3
rna-AGCCATGCTTCACGCA,3
rna-AGCCATGCAACTCACC,3
rna-AGCCATGCCAGATCTG,0
rna-AGCCATGCAAGAGATC,3
rna-AGCCATGCAAGGACAC,3
rna-AGCCATGCAATCCGTC,3
rna-AGCCATGCAATGTTGC,3
rna-AGCCATGCACACGACC,3
rna-AGCCATGCACAGATTC,3
rna-AGCCATGCAGATGTAC,3
rna-AGCCATGCAGCACCTC,3
rna-AGCCATGCAGCCATGC,0
rna-AGCCATGCAGGCTAAC,0
rna-AGCCATGCCATCAAGT,0
rna-AGCCATGCATAGCGAC,0
rna-AGCCATGCATCATTCC,0
rna-AGCCATGCATTGGCTC,0
rna-AGCCATGCCAAGGAGC,0
rna-AGCCATGCCACCTTAC,7
rna-AGCCATGCCCATCCTC,0
rna-AGCCATGCCCGACAAC,0
rna-AGCCATGCCCTAATCC,0
rna-AGCCATGCCCTCTATC,0
rna-AGCCATGCCGACACAC,0
rna-AGCCATGCCGCTGATC,0
rna-AGCCATGCCGGATTGC,0
rna-AGCCATGCCTAAGGTC,0
rna-AGCCATGCGAACAGGC,7
rna-AGCCATGCGACAGTGC,9
rna-AGCCATGCGAGTTAGC,2
rna-AGCCATGCGATGAATC,2
rna-AGCCATGCGCCAAGAC,6
rna-AGCCATGCCGGAAGAA,6
rna-AGCCATGCGTGACAAG,0
rna-AGCCATGCGAACCAGA,0
rna-AGCACCTCAACGTGAT,0
rna-AGCACCTCACAAGCTA,0
rna-AGCACCTCTTGCTGGA,0
rna-AGCACCTCCTGTAGCC,0
rna-AGCACCTCAGTACAAG,0
rna-AGCACCTCAACAACCA,0
rna-AGCACCTCAACCGAGA,0
rna-AGCACCTCAACGCTTA,0
rna-AGCACCTCAAGACGGA,0
rna-AGCACCTCAAGGTACA,0
rna-AGCACCTCACACAGAA,0
rna-AGCACCTCACAGCAGA,0
rna-AGCACCTCAAACATCG,0
rna-AGCACCTCACCTCCAA,0
rna-AGCACCTCACGCTCGA,0
rna-AGCACCTCACGTATCA,0
rna-AGCACCTCACTATGCA,3
rna-AGCACCTCAGAGTCAA,0
rna-AGCACCTCAGATCGCA,0
rna-AGCACCTCAGCAGGAA,0
rna-AGCACCTCAGTCACTA,0
rna-AGCACCTCATCCTGTA,0
rna-AGCACCTCATTGAGGA,0
rna-AGCACCTCATGCCTAA,0
rna-AGCACCTCCAACCACA,0
rna-AGCACCTCGACTAGTA,0
rna-AGCACCTCCAATGGAA,0
rna-AGCACCTCCACTTCGA,0
rna-AGCACCTCCAGCGTTA,0
rna-AGCACCTCCATACCAA,0
rna-AGCACCTCCCAGTTCA,0
rna-AGCACCTCCCGAAGTA,0
rna-AGCACCTCCCGTGAGA,0
rna-AGCACCTCCCTCCTGA,3
rna-AGCACCTCAGTGGTCA,0
rna-AGCACCTCCGAACTTA,3
rna-AGCACCTCCGACTGGA,3
rna-AGCACCTCCGCATACA,3
rna-AGCACCTCCTCAATGA,3
rna-AGCACCTCCTGAGCCA,3
rna-AGCACCTCCTGGCATA,3
rna-AGCACCTCGAATCTGA,3
rna-AGCACCTCCAAGACTA,3
rna-AGCACCTCGAGCTGAA,3
rna-AGCACCTCGATAGACA,3
rna-AGCACCTCACCACTGT,0
rna-AGCACCTCGCCACATA,3
rna-AGCACCTCGCGAGTAA,1
rna-AGCACCTCGCTAACGA,1
rna-AGCACCTCGCTCGGTA,1
rna-AGCACCTCGGAGAACA,1
rna-AGCACCTCGGTGCGAA,1
rna-AGCACCTCGTACGCAA,1
rna-AGCACCTCGTCGTAGA,1
rna-AGCACCTCGTCTGTCA,1
rna-AGCACCTCGTGTTCTA,1
rna-AGCACCTCACATTGGC,0
rna-AGCACCTCTAGGATGA,1
rna-AGCACCTCTATCAGCA,1
rna-AGCACCTCTCCGTCTA,1
rna-AGCACCTCTCTTCACA,1
rna-AGCACCTCTGAAGAGA,1
rna-AGCACCTCTGGAACAA,1
rna-AGCACCTCTGGCTTCA,1
rna-AGCACCTCTGGTGGTA,5
rna-AGCACCTCTTCACGCA,5
rna-AGCACCTCAACTCACC,3
rna-AGCACCTCCAGATCTG,0
rna-AGCACCTCAAGAGATC,3
rna-AGCACCTCAAGGACAC,3
rna-AGCACCTCAATCCGTC,3
rna-AGCACCTCAATGTTGC,3
rna-AGCACCTCACACGACC,3
rna-AGCACCTCACAGATTC,3
rna-AGCACCTCAGATGTAC,3
rna-AGCACCTCAGCACCTC,3
rna-AGCACCTCAGCCATGC,3
rna-AGCACCTCAGGCTAAC,0
rna-AGCACCTCCATCAAGT,0
rna-AGCACCTCATAGCGAC,0
rna-AGCACCTCATCATTCC,0
rna-AGCACCTCATTGGCTC,0
rna-AGCACCTCCAAGGAGC,0
rna-AGCACCTCCACCTTAC,0
rna-AGCACCTCCCATCCTC,0
rna-AGCACCTCCCGACAAC,0
rna-AGCACCTCCCTAATCC,0
rna-AGCACCTCCCTCTATC,0
rna-AGCACCTCCGACACAC,0
rna-AGCACCTCCGCTGATC,0
rna-AGCACCTCCGGATTGC,0
rna-AGCACCTCCTAAGGTC,0
rna-AGCACCTCGAACAGGC,0
rna-AGCACCTCGACAGTGC,9
rna-AGCACCTCGAGTTAGC,2
rna-AGCACCTCGATGAATC,2
rna-AGCACCTCGCCAAGAC,2
rna-AGCACCTCCGGAAGAA,2
rna-AGCACCTCGTGACAAG,2
rna-AGCACCTCGAACCAGA,0
rna-AGATGTACAACGTGAT,0
rna-AGATGTACACAAGCTA,0
rna-AGATGTACTTGCTGGA,2
rna-AGATGTACCTGTAGCC,0
rna-AGATGTACAGTACAAG,0
rna-AGATGTACAACAACCA,0
rna-AGATGTACAACCGAGA,0
rna-AGATGTACAACGCTTA,2
rna-AGATGTACAAGACGGA,0
rna-AGATGTACAAGGTACA,0
rna-AGATGTACACACAGAA,0
rna-AGATGTACACAGCAGA,0
rna-AGATGTACAAACATCG,0
rna-AGATGTACACCTCCAA,0
rna-AGATGTACACGCTCGA,0
rna-AGATGTACACGTATCA,0
rna-AGATGTACACTATGCA,0
rna-AGATGTACAGAGTCAA,0
rna-AGATGTACAGATCGCA,0
rna-AGATGTACAGCAGGAA,0
rna-AGATGTACAGTCACTA,0
rna-AGATGTACATCCTGTA,0
rna-AGATGTACATTGAGGA,0
rna-AGATGTACATGCCTAA,0
rna-AGATGTACCAACCACA,0
rna-AGATGTACGACTAGTA,0
rna-AGATGTACCAATGGAA,0
rna-AGATGTACCACTTCGA,0
rna-AGATGTACCAGCGTTA,0
rna-AGATGTACCATACCAA,0
rna-AGATGTACCCAGTTCA,0
rna-AGATGTACCCGAAGTA,0
rna-AGATGTACCCGTGAGA,3
rna-AGATGTACCCTCCTGA,0
rna-AGATGTACAGTGGTCA,2
rna-AGATGTACCGAACTTA,3
rna-AGATGTACCGACTGGA,3
rna-AGATGTACCGCATACA,3
rna-AGATGTACCTCAATGA,3
rna-AGATGTACCTGAGCCA,3
rna-AGATGTACCTGGCATA,3
rna-AGATGTACGAATCTGA,3
rna-AGATGTACCAAGACTA,3
rna-AGATGTACGAGCTGAA,3
rna-AGATGTACGATAGACA,1
rna-AGATGTACACCACTGT,0
rna-AGATGTACGCCACATA,1
rna-AGATGTACGCGAGTAA,1
rna-AGATGTACGCTAACGA,1
rna-AGATGTACGCTCGGTA,3
rna-AGATGTACGGAGAACA,1
rna-AGATGTACGGTGCGAA,1
rna-AGATGTACGTACGCAA,1
rna-AGATGTACGTCGTAGA,1
rna-AGATGTACGTCTGTCA,3
rna-AGATGTACGTGTTCTA,1
rna-AGATGTACACATTGGC,0
rna-AGATGTACTAGGATGA,1
rna-AGATGTACTATCAGCA,1
rna-AGATGTACTCCGTCTA,3
rna-AGATGTACTCTTCACA,1
rna-AGATGTACTGAAGAGA,1
rna-AGATGTACTGGAACAA,1
rna-AGATGTACTGGCTTCA,1
rna-AGATGTACTGGTGGTA,1
rna-AGATGTACTTCACGCA,1
rna-AGATGTACAACTCACC,3
rna-AGATGTACCAGATCTG,0
rna-AGATGTACAAGAGATC,3
rna-AGATGTACAAGGACAC,3
rna-AGATGTACAATCCGTC,3
rna-AGATGTACAATGTTGC,3
rna-AGATGTACACACGACC,3
rna-AGATGTACACAGATTC,3
rna-AGATGTACAGATGTAC,3
rna-AGATGTACAGCACCTC,3
rna-AGATGTACAGCCATGC,3
rna-AGATGTACAGGCTAAC,3
rna-AGATGTACCATCAAGT,0
rna-AGATGTACATAGCGAC,3
rna-AGATGTACATCATTCC,0
rna-AGATGTACATTGGCTC,0
rna-AGATGTACCAAGGAGC,0
rna-AGATGTACCACCTTAC,0
rna-AGATGTACCCATCCTC,0
rna-AGATGTACCCGACAAC,0
rna-AGATGTACCCTAATCC,0
rna-AGATGTACCCTCTATC,0
rna-AGATGTACCGACACAC,0
rna-AGATGTACCGCTGATC,0
rna-AGATGTACCGGATTGC,0
rna-AGATGTACCTAAGGTC,0
rna-AGATGTACGAACAGGC,0
rna-AGATGTACGACAGTGC,2
rna-AGATGTACGAGTTAGC,2
rna-AGATGTACGATGAATC,2
rna-AGATGTACGCCAAGAC,2
rna-AGATGTACCGGAAGAA,2
rna-AGATGTACGTGACAAG,2
rna-AGATGTACGAACCAGA,6
rna-ACAGATTCAACGTGAT,0
rna-ACAGATTCACAAGCTA,0
rna-ACAGATTCTTGCTGGA,2
rna-ACAGATTCCTGTAGCC,0
rna-ACAGATTCAGTACAAG,0
rna-ACAGATTCAACAACCA,0
rna-ACAGATTCAACCGAGA,0
rna-ACAGATTCAACGCTTA,0
rna-ACAGATTCAAGACGGA,9
rna-ACAGATTCAAGGTACA,7
rna-ACAGATTCACACAGAA,0
rna-ACAGATTCACAGCAGA,0
rna-ACAGATTCAAACATCG,0
rna-ACAGATTCACCTCCAA,0
rna-ACAGATTCACGCTCGA,0
rna-ACAGATTCACGTATCA,0
rna-ACAGATTCACTATGCA,0
rna-ACAGATTCAGAGTCAA,0
rna-ACAGATTCAGATCGCA,0
rna-ACAGATTCAGCAGGAA,0
rna-ACAGATTCAGTCACTA,0
rna-ACAGATTCATCCTGTA,0
rna-ACAGATTCATTGAGGA,0
rna-ACAGATTCATGCCTAA,0
rna-ACAGATTCCAACCACA,0
rna-ACAGATTCGACTAGTA,0
rna-ACAGATTCCAATGGAA,0
rna-ACAGATTCCACTTCGA,0
rna-ACAGATTCCAGCGTTA,0
rna-ACAGATTCCATACCAA,0
rna-ACAGATTCCCAGTTCA,3
rna-ACAGATTCCCGAAGTA,0
rna-ACAGATTCCCGTGAGA,3
rna-ACAGATTCCCTCCTGA,3
rna-ACAGATTCAGTGGTCA,0
rna-ACAGATTCCGAACTTA,3
rna-ACAGATTCCGACTGGA,3
rna-ACAGATTCCGCATACA,3
rna-ACAGATTCCTCAATGA,3
rna-ACAGATTCCTGAGCCA,3
rna-ACAGATTCCTGGCATA,3
rna-ACAGATTCGAATCTGA,3
rna-ACAGATTCCAAGACTA,3
rna-ACAGATTCGAGCTGAA,1
rna-ACAGATTCGATAGACA,1
rna-ACAGATTCACCACTGT,0
rna-ACAGATTCGCCACATA,1
rna-ACAGATTCGCGAGTAA,1
rna-ACAGATTCGCTAACGA,6
rna-ACAGATTCGCTCGGTA,1
rna-ACAGATTCGGAGAACA,1
rna-ACAGATTCGGTGCGAA,1
rna-ACAGATTCGTACGCAA,1
rna-ACAGATTCGTCGTAGA,2
rna-ACAGATTCGTCTGTCA,3
rna-ACAGATTCGTGTTCTA,1
rna-ACAGATTCACATTGGC,0
rna-ACAGATTCTAGGATGA,1
rna-ACAGATTCTATCAGCA,1
rna-ACAGATTCTCCGTCTA,1
rna-ACAGATTCTCTTCACA,3
rna-ACAGATTCTGAAGAGA,1
rna-ACAGATTCTGGAACAA,1
rna-ACAGATTCTGGCTTCA,1
rna-ACAGATTCTGGTGGTA,1
rna-ACAGATTCTTCACGCA,1
rna-ACAGATTCAACTCACC,1
rna-ACAGATTCCAGATCTG,0
rna-ACAGATTCAAGAGATC,5
rna-ACAGATTCAAGGACAC,3
rna-ACAGATTCAATCCGTC,3
rna-ACAGATTCAATGTTGC,3
rna-ACAGATTCACACGACC,3
rna-ACAGATTCACAGATTC,3
rna-ACAGATTCAGATGTAC,3
rna-ACAGATTCAGCACCTC,3
rna-ACAGATTCAGCCATGC,3
rna-ACAGATTCAGGCTAAC,3
rna-ACAGATTCCATCAAGT,0
rna-ACAGATTCATAGCGAC,3
rna-ACAGATTCATCATTCC,3
rna-ACAGATTCATTGGCTC,3
rna-ACAGATTCCAAGGAGC,3
rna-ACAGATTCCACCTTAC,0
rna-ACAGATTCCCATCCTC,0
rna-ACAGATTCCCGACAAC,0
rna-ACAGATTCCCTAATCC,0
rna-ACAGATTCCCTCTATC,0
rna-ACAGATTCCGACACAC,0
rna-ACAGATTCCGCTGATC,0
rna-ACAGATTCCGGATTGC,0
rna-ACAGATTCCTAAGGTC,0
rna-ACAGATTCGAACAGGC,2
rna-ACAGATTCGACAGTGC,2
rna-ACAGATTCGAGTTAGC,2
rna-ACAGATTCGATGAATC,2
rna-ACAGATTCGCCAAGAC,2
rna-ACAGATTCCGGAAGAA,2
rna-ACAGATTCGTGACAAG,2
rna-ACAGATTCGAACCAGA,2
rna-ACACGACCAACGTGAT,0
rna-ACACGACCACAAGCTA,0
rna-ACACGACCTTGCTGGA,2
rna-ACACGACCCTGTAGCC,0
rna-ACACGACCAGTACAAG,7
rna-ACACGACCAACAACCA,0
rna-ACACGACCAACCGAGA,0
rna-ACACGACCAACGCTTA,0
rna-ACACGACCAAGACGGA,0
rna-ACACGACCAAGGTACA,7
rna-ACACGACCACACAGAA,0
rna-ACACGACCACAGCAGA,0
rna-ACACGACCAAACATCG,0
rna-ACACGACCACCTCCAA,0
rna-ACACGACCACGCTCGA,0
rna-ACACGACCACGTATCA,0
rna-ACACGACCACTATGCA,0
rna-ACACGACCAGAGTCAA,0
rna-ACACGACCAGATCGCA,0
rna-ACACGACCAGCAGGAA,0
rna-ACACGACCAGTCACTA,0
rna-ACACGACCATCCTGTA,0
rna-ACACGACCATTGAGGA,0
rna-ACACGACCATGCCTAA,0
rna-ACACGACCCAACCACA,0
rna-ACACGACCGACTAGTA,0
rna-ACACGACCCAATGGAA,0
rna-ACACGACCCACTTCGA,0
rna-ACACGACCCAGCGTTA,0
rna-ACACGACCCATACCAA,0
rna-ACACGACCCCAGTTCA,0
rna-ACACGACCCCGAAGTA,3
rna-ACACGACCCCGTGAGA,3
rna-ACACGACCCCTCCTGA,3
rna-ACACGACCAGTGGTCA,0
rna-ACACGACCCGAACTTA,3
rna-ACACGACCCGACTGGA,3
rna-ACACGACCCGCATACA,3
rna-ACACGACCCTCAATGA,3
rna-ACACGACCCTGAGCCA,3
rna-ACACGACCCTGGCATA,3
rna-ACACGACCGAATCTGA,1
rna-ACACGACCCAAGACTA,3
rna-ACACGACCGAGCTGAA,1
rna-ACACGACCGATAGACA,1
rna-ACACGACCACCACTGT,0
rna-ACACGACCGCCACATA,1
rna-ACACGACCGCGAGTAA,1
rna-ACACGACCGCTAACGA,1
rna-ACACGACCGCTCGGTA,1
rna-ACACGACCGGAGAACA,1
rna-ACACGACCGGTGCGAA,1
rna-ACACGACCGTACGCAA,1
rna-ACACGACCGTCGTAGA,1
rna-ACACGACCGTCTGTCA,9
rna-ACACGACCGTGTTCTA,1
rna-ACACGACCACATTGGC,0
rna-ACACGACCTAGGATGA,1
rna-ACACGACCTATCAGCA,1
rna-ACACGACCTCCGTCTA,1
rna-ACACGACCTCTTCACA,1
rna-ACACGACCTGAAGAGA,1
rna-ACACGACCTGGAACAA,1
rna-ACACGACCTGGCTTCA,1
rna-ACACGACCTGGTGGTA,1
rna-ACACGACCTTCACGCA,1
rna-ACACGACCAACTCACC,1
rna-ACACGACCCAGATCTG,0
rna-ACACGACCAAGAGATC,5
rna-ACACGACCAAGGACAC,5
rna-ACACGACCAATCCGTC,3
rna-ACACGACCAATGTTGC,3
rna-ACACGACCACACGACC,3
rna-ACACGACCACAGATTC,3
rna-ACACGACCAGATGTAC,3
rna-ACACGACCAGCACCTC,3
rna-ACACGACCAGCCATGC,3
rna-ACACGACCAGGCTAAC,3
rna-ACACGACCCATCAAGT,0
rna-ACACGACCATAGCGAC,3
rna-ACACGACCATCATTCC,3
rna-ACACGACCATTGGCTC,3
rna-ACACGACCCAAGGAGC,3
rna-ACACGACCCACCTTAC,3
rna-ACACGACCCCATCCTC,0
rna-ACACGACCCCGACAAC,0
rna-ACACGACCCCTAATCC,0
rna-ACACGACCCCTCTATC,0
rna-ACACGACCCGACACAC,0
rna-ACACGACCCGCTGATC,0
rna-ACACGACCCGGATTGC,0
rna-ACACGACCCTAAGGTC,6
rna-ACACGACCGAACAGGC,2
rna-ACACGACCGACAGTGC,2
rna-ACACGACCGAGTTAGC,2
rna-ACACGACCGATGAATC,2
rna-ACACGACCGCCAAGAC,2
rna-ACACGACCCGGAAGAA,2
rna-ACACGACCGTGACAAG,2
rna-ACACGACCGAACCAGA,2
rna-AATGTTGCAACGTGAT,0
rna-AATGTTGCACAAGCTA,0
rna-AATGTTGCTTGCTGGA,6
rna-AATGTTGCCTGTAGCC,0
rna-AATGTTGCAGTACAAG,0
rna-AATGTTGCAACAACCA,0
rna-AATGTTGCAACCGAGA,0
rna-AATGTTGCAACGCTTA,2
rna-AATGTTGCAAGACGGA,0
rna-AATGTTGCAAGGTACA,0
rna-AATGTTGCACACAGAA,0
rna-AATGTTGCACAGCAGA,0
rna-AATGTTGCAAACATCG,0
rna-AATGTTGCACCTCCAA,0
rna-AATGTTGCACGCTCGA,0
rna-AATGTTGCACGTATCA,0
rna-AATGTTGCACTATGCA,0
rna-AATGTTGCAGAGTCAA,0
rna-AATGTTGCAGATCGCA,0
rna-AATGTTGCAGCAGGAA,0
rna-AATGTTGCAGTCACTA,0
rna-AATGTTGCATCCTGTA,0
rna-AATGTTGCATTGAGGA,0
rna-AATGTTGCATGCCTAA,0
rna-AATGTTGCCAACCACA,0
rna-AATGTTGCGACTAGTA,0
rna-AATGTTGCCAATGGAA,0
rna-AATGTTGCCACTTCGA,0
rna-AATGTTGCCAGCGTTA,0
rna-AATGTTGCCATACCAA,0
rna-AATGTTGCCCAGTTCA,3
rna-AATGTTGCCCGAAGTA,3
rna-AATGTTGCCCGTGAGA,3
rna-AATGTTGCCCTCCTGA,3
rna-AATGTTGCAGTGGTCA,0
rna-AATGTTGCCGAACTTA,3
rna-AATGTTGCCGACTGGA,3
rna-AATGTTGCCGCATACA,3
rna-AATGTTGCCTCAATGA,3
rna-AATGTTGCCTGAGCCA,3
rna-AATGTTGCCTGGCATA,1
rna-AATGTTGCGAATCTGA,1
rna-AATGTTGCCAAGACTA,1
rna-AATGTTGCGAGCTGAA,1
rna-AATGTTGCGATAGACA,3
rna-AATGTTGCACCACTGT,0
rna-AATGTTGCGCCACATA,3
rna-AATGTTGCGCGAGTAA,1
rna-AATGTTGCGCTAACGA,6
rna-AATGTTGCGCTCGGTA,1
rna-AATGTTGCGGAGAACA,1
rna-AATGTTGCGGTGCGAA,1
rna-AATGTTGCGTACGCAA,1
rna-AATGTTGCGTCGTAGA,1
rna-AATGTTGCGTCTGTCA,1
rna-AATGTTGCGTGTTCTA,1
rna-AATGTTGCACATTGGC,0
rna-AATGTTGCTAGGATGA,1
rna-AATGTTGCTATCAGCA,1
rna-AATGTTGCTCCGTCTA,1
rna-AATGTTGCTCTTCACA,1
rna-AATGTTGCTGAAGAGA,1
rna-AATGTTGCTGGAACAA,1
rna-AATGTTGCTGGCTTCA,1
rna-AATGTTGCTGGTGGTA,1
rna-AATGTTGCTTCACGCA,1
rna-AATGTTGCAACTCACC,1
rna-AATGTTGCCAGATCTG,0
rna-AATGTTGCAAGAGATC,1
rna-AATGTTGCAAGGACAC,5
rna-AATGTTGCAATCCGTC,5
rna-AATGTTGCAATGTTGC,3
rna-AATGTTGCACACGACC,3
rna-AATGTTGCACAGATTC,3
rna-AATGTTGCAGATGTAC,3
rna-AATGTTGCAGCACCTC,3
rna-AATGTTGCAGCCATGC,3
rna-AATGTTGCAGGCTAAC,3
rna-AATGTTGCCATCAAGT,0
rna-AATGTTGCATAGCGAC,3
rna-AATGTTGCATCATTCC,3
rna-AATGTTGCATTGGCTC,3
rna-AATGTTGCCAAGGAGC,3
rna-AATGTTGCCACCTTAC,3
rna-AATGTTGCCCATCCTC,2
rna-AATGTTGCCCGACAAC,0
rna-AATGTTGCCCTAATCC,0
rna-AATGTTGCCCTCTATC,0
rna-AATGTTGCCGACACAC,0
rna-AATGTTGCCGCTGATC,0
rna-AATGTTGCCGGATTGC,10
rna-AATGTTGCCTAAGGTC,7
rna-AATGTTGCGAACAGGC,6
rna-AATGTTGCGACAGTGC,2
rna-AATGTTGCGAGTTAGC,2
rna-AATGTTGCGATGAATC,2
rna-AATGTTGCGCCAAGAC,2
rna-AATGTTGCCGGAAGAA,2
rna-AATGTTGCGTGACAAG,2
rna-AATGTTGCGAACCAGA,2
rna-AATCCGTCAACGTGAT,0
rna-AATCCGTCACAAGCTA,0
rna-AATCCGTCTTGCTGGA,2
rna-AATCCGTCCTGTAGCC,0
rna-AATCCGTCAGTACAAG,0
rna-AATCCGTCAACAACCA,0
rna-AATCCGTCAACCGAGA,7
rna-AATCCGTCAACGCTTA,2
rna-AATCCGTCAAGACGGA,0
rna-AATCCGTCAAGGTACA,0
rna-AATCCGTCACACAGAA,0
rna-AATCCGTCACAGCAGA,0
rna-AATCCGTCAAACATCG,0
rna-AATCCGTCACCTCCAA,0
rna-AATCCGTCACGCTCGA,0
rna-AATCCGTCACGTATCA,0
rna-AATCCGTCACTATGCA,0
rna-AATCCGTCAGAGTCAA,0
rna-AATCCGTCAGATCGCA,0
rna-AATCCGTCAGCAGGAA,0
rna-AATCCGTCAGTCACTA,0
rna-AATCCGTCATCCTGTA,0
rna-AATCCGTCATTGAGGA,0
rna-AATCCGTCATGCCTAA,0
rna-AATCCGTCCAACCACA,0
rna-AATCCGTCGACTAGTA,0
rna-AATCCGTCCAATGGAA,0
rna-AATCCGTCCACTTCGA,3
rna-AATCCGTCCAGCGTTA,3
rna-AATCCGTCCATACCAA,0
rna-AATCCGTCCCAGTTCA,3
rna-AATCCGTCCCGAAGTA,3
rna-AATCCGTCCCGTGAGA,3
rna-AATCCGTCCCTCCTGA,3
rna-AATCCGTCAGTGGTCA,0
rna-AATCCGTCCGAACTTA,3
rna-AATCCGTCCGACTGGA,3
rna-AATCCGTCCGCATACA,3
rna-AATCCGTCCTCAATGA,3
rna-AATCCGTCCTGAGCCA,1
rna-AATCCGTCCTGGCATA,3
rna-AATCCGTCGAATCTGA,1
rna-AATCCGTCCAAGACTA,1
rna-AATCCGTCGAGCTGAA,1
rna-AATCCGTCGATAGACA,1
rna-AATCCGTCACCACTGT,0
rna-AATCCGTCGCCACATA,1
rna-AATCCGTCGCGAGTAA,1
rna-AATCCGTCGCTAACGA,1
rna-AATCCGTCGCTCGGTA,1
rna-AATCCGTCGGAGAACA,1
rna-AATCCGTCGGTGCGAA,1
rna-AATCCGTCGTACGCAA,3
rna-AATCCGTCGTCGTAGA,1
rna-AATCCGTCGTCTGTCA,1
rna-AATCCGTCGTGTTCTA,1
rna-AATCCGTCACATTGGC,0
rna-AATCCGTCTAGGATGA,1
rna-AATCCGTCTATCAGCA,1
rna-AATCCGTCTCCGTCTA,1
rna-AATCCGTCTCTTCACA,1
rna-AATCCGTCTGAAGAGA,1
rna-AATCCGTCTGGAACAA,1
rna-AATCCGTCTGGCTTCA,1
rna-AATCCGTCTGGTGGTA,1
rna-AATCCGTCTTCACGCA,1
rna-AATCCGTCAACTCACC,1
rna-AATCCGTCCAGATCTG,0
rna-AATCCGTCAAGAGATC,1
rna-AATCCGTCAAGGACAC,1
rna-AATCCGTCAATCCGTC,5
rna-AATCCGTCAATGTTGC,5
rna-AATCCGTCACACGACC,3
rna-AATCCGTCACAGATTC,3
rna-AATCCGTCAGATGTAC,3
rna-AATCCGTCAGCACCTC,3
rna-AATCCGTCAGCCATGC,3
rna-AATCCGTCAGGCTAAC,3
rna-AATCCGTCCATCAAGT,0
rna-AATCCGTCATAGCGAC,3
rna-AATCCGTCATCATTCC,3
rna-AATCCGTCATTGGCTC,3
rna-AATCCGTCCAAGGAGC,3
rna-AATCCGTCCACCTTAC,3
rna-AATCCGTCCCATCCTC,3
rna-AATCCGTCCCGACAAC,3
rna-AATCCGTCCCTAATCC,0
rna-AATCCGTCCCTCTATC,0
rna-AATCCGTCCGACACAC,10
rna-AATCCGTCCGCTGATC,0
rna-AATCCGTCCGGATTGC,7
rna-AATCCGTCCTAAGGTC,2
rna-AATCCGTCGAACAGGC,2
rna-AATCCGTCGACAGTGC,2
rna-AATCCGTCGAGTTAGC,6
rna-AATCCGTCGATGAATC,6
rna-AATCCGTCGCCAAGAC,6
rna-AATCCGTCCGGAAGAA,2
rna-AATCCGTCGTGACAAG,2
rna-AATCCGTCGAACCAGA,6
rna-GAACCAGATTGCTGGA,0
rna-GAACCAGAAGTACAAG,9
rna-GAACCAGAAACAACCA,10
rna-GAACCAGAAACCGAGA,0
rna-GAACCAGAAACGCTTA,0
rna-GAACCAGAAAGACGGA,0
rna-GAACCAGAAAGGTACA,0
rna-GAACCAGAACACAGAA,0
rna-GAACCAGAACAGCAGA,0
rna-GAACCAGAACCTCCAA,0
rna-GAACCAGAACGCTCGA,0
rna-GAACCAGAACGTATCA,0
rna-GAACCAGAACTATGCA,0
rna-GAACCAGAAGAGTCAA,0
rna-GAACCAGAAGATCGCA,0
rna-GAACCAGAAGCAGGAA,0
rna-GAACCAGAAGTCACTA,0
rna-GAACCAGAATCCTGTA,0
rna-GAACCAGAATTGAGGA,0
rna-GAACCAGACAACCACA,0
rna-GAACCAGAGACTAGTA,0
rna-GAACCAGACAATGGAA,0
rna-GAACCAGACACTTCGA,0
rna-GAACCAGACAGCGTTA,0
rna-GAACCAGACATACCAA,0
rna-GAACCAGACCAGTTCA,0
rna-GAACCAGACCGAAGTA,0
rna-GAACCAGACCGTGAGA,0
rna-GAACCAGACCTCCTGA,0
rna-GAACCAGACGAACTTA,0
rna-GAACCAGACGACTGGA,0
rna-GAACCAGACGCATACA,0
rna-GAACCAGACTCAATGA,0
rna-GAACCAGACTGAGCCA,0
rna-GAACCAGACTGGCATA,0
rna-GAACCAGAGAATCTGA,0
rna-GAACCAGACAAGACTA,0
rna-GAACCAGAGAGCTGAA,0
rna-GAACCAGAGATAGACA,0
rna-GAACCAGAGCCACATA,0
rna-GAACCAGAGCGAGTAA,0
rna-GAACCAGAGCTAACGA,0
rna-GAACCAGAGCTCGGTA,0
rna-GAACCAGAGGAGAACA,7
rna-GAACCAGAGGTGCGAA,0
rna-GAACCAGAGTACGCAA,0
rna-GAACCAGAGTCGTAGA,0
rna-GAACCAGAGTCTGTCA,2
rna-GAACCAGAGTGTTCTA,0
rna-GAACCAGATAGGATGA,0
rna-GAACCAGATATCAGCA,0
rna-GAACCAGATCCGTCTA,0
rna-GAACCAGATCTTCACA,0
rna-GAACCAGATGAAGAGA,0
rna-GAACCAGATGGAACAA,0
rna-GAACCAGATGGCTTCA,0
rna-GAACCAGATGGTGGTA,0
rna-GAACCAGATTCACGCA,0
rna-GAACCAGAAACTCACC,0
rna-GAACCAGAAAGAGATC,0
rna-GAACCAGAAAGGACAC,0
rna-GAACCAGAAATCCGTC,0
rna-GAACCAGAAATGTTGC,0
rna-GAACCAGAACACGACC,0
rna-GAACCAGAACAGATTC,0
rna-GAACCAGAAGATGTAC,0
rna-GAACCAGAAGCACCTC,0
rna-GAACCAGAAGCCATGC,2
rna-GAACCAGAAGGCTAAC,0
rna-GAACCAGAATAGCGAC,0
rna-GAACCAGAATCATTCC,0
rna-GAACCAGAATTGGCTC,0
rna-GAACCAGACAAGGAGC,0
rna-GAACCAGACACCTTAC,0
rna-GAACCAGACCATCCTC,0
rna-GAACCAGACCGACAAC,0
rna-GAACCAGACCTAATCC,0
rna-GAACCAGACCTCTATC,0
rna-GAACCAGACGACACAC,0
rna-GAACCAGACGGATTGC,2
rna-GAACCAGACTAAGGTC,2
rna-GAACCAGAGAACAGGC,2
rna-GAACCAGAGACAGTGC,2
rna-GAACCAGAGAGTTAGC,2
rna-GAACCAGAGATGAATC,2
rna-GAACCAGAGCCAAGAC,2
rna-GAACCAGACGGAAGAA,2
rna-GAACCAGAGTGACAAG,2
rna-GAACCAGAGAACCAGA,0
rna-AAGGACACAACGTGAT,0
rna-AAGGACACACAAGCTA,0
rna-AAGGACACTTGCTGGA,2
rna-AAGGACACCTGTAGCC,0
rna-AAGGACACAGTACAAG,0
rna-AAGGACACAACAACCA,0
rna-AAGGACACAACCGAGA,11
rna-AAGGACACAACGCTTA,0
rna-AAGGACACAAGACGGA,0
rna-AAGGACACAAGGTACA,0
rna-AAGGACACACACAGAA,0
rna-AAGGACACACAGCAGA,0
rna-AAGGACACAAACATCG,0
rna-AAGGACACACCTCCAA,0
rna-AAGGACACACGCTCGA,0
rna-AAGGACACACGTATCA,0
rna-AAGGACACACTATGCA,0
rna-AAGGACACAGAGTCAA,0
rna-AAGGACACAGATCGCA,0
rna-AAGGACACAGCAGGAA,0
rna-AAGGACACAGTCACTA,0
rna-AAGGACACATCCTGTA,0
rna-AAGGACACATTGAGGA,0
rna-AAGGACACATGCCTAA,0
rna-AAGGACACCAACCACA,0
rna-AAGGACACGACTAGTA,0
rna-AAGGACACCAATGGAA,0
rna-AAGGACACCACTTCGA,0
rna-AAGGACACCAGCGTTA,0
rna-AAGGACACCATACCAA,3
rna-AAGGACACCCAGTTCA,3
rna-AAGGACACCCGAAGTA,3
rna-AAGGACACCCGTGAGA,3
rna-AAGGACACCCTCCTGA,3
rna-AAGGACACAGTGGTCA,0
rna-AAGGACACCGAACTTA,3
rna-AAGGACACCGACTGGA,3
rna-AAGGACACCGCATACA,3
rna-AAGGACACCTCAATGA,1
rna-AAGGACACCTGAGCCA,1
rna-AAGGACACCTGGCATA,1
rna-AAGGACACGAATCTGA,1
rna-AAGGACACCAAGACTA,1
rna-AAGGACACGAGCTGAA,3
rna-AAGGACACGATAGACA,1
rna-AAGGACACACCACTGT,0
rna-AAGGACACGCCACATA,1
rna-AAGGACACGCGAGTAA,1
rna-AAGGACACGCTAACGA,1
rna-AAGGACACGCTCGGTA,1
rna-AAGGACACGGAGAACA,1
rna-AAGGACACGGTGCGAA,1
rna-AAGGACACGTACGCAA,3
rna-AAGGACACGTCGTAGA,1
rna-AAGGACACGTCTGTCA,1
rna-AAGGACACGTGTTCTA,1
rna-AAGGACACACATTGGC,0
rna-AAGGACACTAGGATGA,1
rna-AAGGACACTATCAGCA,1
rna-AAGGACACTCCGTCTA,1
rna-AAGGACACTCTTCACA,1
rna-AAGGACACTGAAGAGA,1
rna-AAGGACACTGGAACAA,1
rna-AAGGACACTGGCTTCA,1
rna-AAGGACACTGGTGGTA,3
rna-AAGGACACTTCACGCA,1
rna-AAGGACACAACTCACC,1
rna-AAGGACACCAGATCTG,0
rna-AAGGACACAAGAGATC,1
rna-AAGGACACAAGGACAC,1
rna-AAGGACACAATCCGTC,5
rna-AAGGACACAATGTTGC,5
rna-AAGGACACACACGACC,5
rna-AAGGACACACAGATTC,3
rna-AAGGACACAGATGTAC,3
rna-AAGGACACAGCACCTC,3
rna-AAGGACACAGCCATGC,3
rna-AAGGACACAGGCTAAC,3
rna-AAGGACACCATCAAGT,0
rna-AAGGACACATAGCGAC,3
rna-AAGGACACATCATTCC,3
rna-AAGGACACATTGGCTC,3
rna-AAGGACACCAAGGAGC,3
rna-AAGGACACCACCTTAC,3
rna-AAGGACACCCATCCTC,3
rna-AAGGACACCCGACAAC,3
rna-AAGGACACCCTAATCC,3
rna-AAGGACACCCTCTATC,3
rna-AAGGACACCGACACAC,10
rna-AAGGACACCGCTGATC,0
rna-AAGGACACCGGATTGC,10
rna-AAGGACACCTAAGGTC,2
rna-AAGGACACGAACAGGC,6
rna-AAGGACACGACAGTGC,2
rna-AAGGACACGAGTTAGC,6
rna-AAGGACACGATGAATC,6
rna-AAGGACACGCCAAGAC,6
rna-AAGGACACCGGAAGAA,2
rna-AAGGACACGTGACAAG,6
rna-AAGGACACGAACCAGA,9
rna-AAGAGATCAACGTGAT,0
rna-AAGAGATCACAAGCTA,0
rna-AAGAGATCTTGCTGGA,2
rna-AAGAGATCCTGTAGCC,0
rna-AAGAGATCAGTACAAG,7
rna-AAGAGATCAACAACCA,0
rna-AAGAGATCAACCGAGA,0
rna-AAGAGATCAACGCTTA,0
rna-AAGAGATCAAGACGGA,0
rna-AAGAGATCAAGGTACA,0
rna-AAGAGATCACACAGAA,0
rna-AAGAGATCACAGCAGA,0
rna-AAGAGATCAAACATCG,0
rna-AAGAGATCACCTCCAA,0
rna-AAGAGATCACGCTCGA,0
rna-AAGAGATCACGTATCA,0
rna-AAGAGATCACTATGCA,0
rna-AAGAGATCAGAGTCAA,0
rna-AAGAGATCAGATCGCA,0
rna-AAGAGATCAGCAGGAA,0
rna-AAGAGATCAGTCACTA,0
rna-AAGAGATCATCCTGTA,0
rna-AAGAGATCATTGAGGA,0
rna-AAGAGATCATGCCTAA,0
rna-AAGAGATCCAACCACA,0
rna-AAGAGATCGACTAGTA,0
rna-AAGAGATCCAATGGAA,0
rna-AAGAGATCCACTTCGA,0
rna-AAGAGATCCAGCGTTA,0
rna-AAGAGATCCATACCAA,3
rna-AAGAGATCCCAGTTCA,3
rna-AAGAGATCCCGAAGTA,3
rna-AAGAGATCCCGTGAGA,3
rna-AAGAGATCCCTCCTGA,3
rna-AAGAGATCAGTGGTCA,0
rna-AAGAGATCCGAACTTA,3
rna-AAGAGATCCGACTGGA,3
rna-AAGAGATCCGCATACA,1
rna-AAGAGATCCTCAATGA,1
rna-AAGAGATCCTGAGCCA,1
rna-AAGAGATCCTGGCATA,3
rna-AAGAGATCGAATCTGA,1
rna-AAGAGATCCAAGACTA,3
rna-AAGAGATCGAGCTGAA,3
rna-AAGAGATCGATAGACA,1
rna-AAGAGATCACCACTGT,0
rna-AAGAGATCGCCACATA,1
rna-AAGAGATCGCGAGTAA,1
rna-AAGAGATCGCTAACGA,1
rna-AAGAGATCGCTCGGTA,3
rna-AAGAGATCGGAGAACA,1
rna-AAGAGATCGGTGCGAA,1
rna-AAGAGATCGTACGCAA,1
rna-AAGAGATCGTCGTAGA,1
rna-AAGAGATCGTCTGTCA,1
rna-AAGAGATCGTGTTCTA,1
rna-AAGAGATCACATTGGC,0
rna-AAGAGATCTAGGATGA,1
rna-AAGAGATCTATCAGCA,1
rna-AAGAGATCTCCGTCTA,1
rna-AAGAGATCTCTTCACA,1
rna-AAGAGATCTGAAGAGA,3
rna-AAGAGATCTGGAACAA,3
rna-AAGAGATCTGGCTTCA,3
rna-AAGAGATCTGGTGGTA,1
rna-AAGAGATCTTCACGCA,3
rna-AAGAGATCAACTCACC,1
rna-AAGAGATCCAGATCTG,0
rna-AAGAGATCAAGAGATC,1
rna-AAGAGATCAAGGACAC,1
rna-AAGAGATCAATCCGTC,1
rna-AAGAGATCAATGTTGC,5
rna-AAGAGATCACACGACC,5
rna-AAGAGATCACAGATTC,3
rna-AAGAGATCAGATGTAC,3
rna-AAGAGATCAGCACCTC,3
rna-AAGAGATCAGCCATGC,3
rna-AAGAGATCAGGCTAAC,3
rna-AAGAGATCCATCAAGT,0
rna-AAGAGATCATAGCGAC,3
rna-AAGAGATCATCATTCC,3
rna-AAGAGATCATTGGCTC,3
rna-AAGAGATCCAAGGAGC,3
rna-AAGAGATCCACCTTAC,3
rna-AAGAGATCCCATCCTC,3
rna-AAGAGATCCCGACAAC,3
rna-AAGAGATCCCTAATCC,3
rna-AAGAGATCCCTCTATC,3
rna-AAGAGATCCGACACAC,2
rna-AAGAGATCCGCTGATC,0
rna-AAGAGATCCGGATTGC,2
rna-AAGAGATCCTAAGGTC,2
rna-AAGAGATCGAACAGGC,2
rna-AAGAGATCGACAGTGC,6
rna-AAGAGATCGAGTTAGC,6
rna-AAGAGATCGATGAATC,6
rna-AAGAGATCGCCAAGAC,6
rna-AAGAGATCCGGAAGAA,6
rna-AAGAGATCGTGACAAG,2
rna-AAGAGATCGAACCAGA,2
rna-AACTCACCAACGTGAT,0
rna-AACTCACCACAAGCTA,0
rna-AACTCACCTTGCTGGA,2
rna-AACTCACCCTGTAGCC,0
rna-AACTCACCAGTACAAG,0
rna-AACTCACCAACAACCA,0
rna-AACTCACCAACCGAGA,0
rna-AACTCACCAACGCTTA,0
rna-AACTCACCAAGACGGA,0
rna-AACTCACCAAGGTACA,0
rna-AACTCACCACACAGAA,0
rna-AACTCACCACAGCAGA,0
rna-AACTCACCAAACATCG,0
rna-AACTCACCACCTCCAA,0
rna-AACTCACCACGCTCGA,0
rna-AACTCACCACGTATCA,0
rna-AACTCACCACTATGCA,0
rna-AACTCACCAGAGTCAA,0
rna-AACTCACCAGATCGCA,0
rna-AACTCACCAGCAGGAA,0
rna-AACTCACCAGTCACTA,0
rna-AACTCACCATCCTGTA,0
rna-AACTCACCATTGAGGA,0
rna-AACTCACCATGCCTAA,0
rna-AACTCACCCAACCACA,0
rna-AACTCACCGACTAGTA,0
rna-AACTCACCCAATGGAA,0
rna-AACTCACCCACTTCGA,0
rna-AACTCACCCAGCGTTA,3
rna-AACTCACCCATACCAA,3
rna-AACTCACCCCAGTTCA,3
rna-AACTCACCCCGAAGTA,3
rna-AACTCACCCCGTGAGA,3
rna-AACTCACCCCTCCTGA,1
rna-AACTCACCAGTGGTCA,0
rna-AACTCACCCGAACTTA,1
rna-AACTCACCCGACTGGA,1
rna-AACTCACCCGCATACA,1
rna-AACTCACCCTCAATGA,1
rna-AACTCACCCTGAGCCA,1
rna-AACTCACCCTGGCATA,3
rna-AACTCACCGAATCTGA,3
rna-AACTCACCCAAGACTA,1
rna-AACTCACCGAGCTGAA,1
rna-AACTCACCGATAGACA,1
rna-AACTCACCACCACTGT,0
rna-AACTCACCGCCACATA,1
rna-AACTCACCGCGAGTAA,1
rna-AACTCACCGCTAACGA,1
rna-AACTCACCGCTCGGTA,3
rna-AACTCACCGGAGAACA,1
rna-AACTCACCGGTGCGAA,1
rna-AACTCACCGTACGCAA,3
rna-AACTCACCGTCGTAGA,1
rna-AACTCACCGTCTGTCA,1
rna-AACTCACCGTGTTCTA,1
rna-AACTCACCACATTGGC,0
rna-AACTCACCTAGGATGA,1
rna-AACTCACCTATCAGCA,1
rna-AACTCACCTCCGTCTA,3
rna-AACTCACCTCTTCACA,3
rna-AACTCACCTGAAGAGA,3
rna-AACTCACCTGGAACAA,3
rna-AACTCACCTGGCTTCA,3
rna-AACTCACCTGGTGGTA,1
rna-AACTCACCTTCACGCA,1
rna-AACTCACCAACTCACC,1
rna-AACTCACCCAGATCTG,0
rna-AACTCACCAAGAGATC,1
rna-AACTCACCAAGGACAC,1
rna-AACTCACCAATCCGTC,1
rna-AACTCACCAATGTTGC,5
rna-AACTCACCACACGACC,5
rna-AACTCACCACAGATTC,5
rna-AACTCACCAGATGTAC,5
rna-AACTCACCAGCACCTC,3
rna-AACTCACCAGCCATGC,3
rna-AACTCACCAGGCTAAC,3
rna-AACTCACCCATCAAGT,0
rna-AACTCACCATAGCGAC,3
rna-AACTCACCATCATTCC,3
rna-AACTCACCATTGGCTC,3
rna-AACTCACCCAAGGAGC,3
rna-AACTCACCCACCTTAC,3
rna-AACTCACCCCATCCTC,3
rna-AACTCACCCCGACAAC,3
rna-AACTCACCCCTAATCC,3
rna-AACTCACCCCTCTATC,3
rna-AACTCACCCGACACAC,3
rna-AACTCACCCGCTGATC,0
rna-AACTCACCCGGATTGC,2
rna-AACTCACCCTAAGGTC,2
rna-AACTCACCGAACAGGC,2
rna-AACTCACCGACAGTGC,2
rna-AACTCACCGAGTTAGC,6
rna-AACTCACCGATGAATC,6
rna-AACTCACCGCCAAGAC,6
rna-AACTCACCCGGAAGAA,6
rna-AACTCACCGTGACAAG,6
rna-AACTCACCGAACCAGA,6
rna-TTCACGCAAACGTGAT,0
rna-TTCACGCAACAAGCTA,0
rna-TTCACGCATTGCTGGA,2
rna-TTCACGCACTGTAGCC,0
rna-TTCACGCAAGTACAAG,0
rna-TTCACGCAAACAACCA,0
rna-TTCACGCAAACCGAGA,0
rna-TTCACGCAAACGCTTA,0
rna-TTCACGCAAAGACGGA,0
rna-TTCACGCAAAGGTACA,0
rna-TTCACGCAACACAGAA,0
rna-TTCACGCAACAGCAGA,0
rna-TTCACGCAAAACATCG,0
rna-TTCACGCAACCTCCAA,6
rna-TTCACGCAACGCTCGA,0
rna-TTCACGCAACGTATCA,0
rna-TTCACGCAACTATGCA,0
rna-TTCACGCAAGAGTCAA,0
rna-TTCACGCAAGATCGCA,0
rna-TTCACGCAAGCAGGAA,0
rna-TTCACGCAAGTCACTA,0
rna-TTCACGCAATCCTGTA,0
rna-TTCACGCAATTGAGGA,0
rna-TTCACGCAATGCCTAA,0
rna-TTCACGCACAACCACA,0
rna-TTCACGCAGACTAGTA,0
rna-TTCACGCACAATGGAA,0
rna-TTCACGCACACTTCGA,0
rna-TTCACGCACAGCGTTA,3
rna-TTCACGCACATACCAA,3
rna-TTCACGCACCAGTTCA,3
rna-TTCACGCACCGAAGTA,3
rna-TTCACGCACCGTGAGA,3
rna-TTCACGCACCTCCTGA,1
rna-TTCACGCAAGTGGTCA,0
rna-TTCACGCACGAACTTA,1
rna-TTCACGCACGACTGGA,1
rna-TTCACGCACGCATACA,1
rna-TTCACGCACTCAATGA,1
rna-TTCACGCACTGAGCCA,7
rna-TTCACGCACTGGCATA,1
rna-TTCACGCAGAATCTGA,1
rna-TTCACGCACAAGACTA,1
rna-TTCACGCAGAGCTGAA,1
rna-TTCACGCAGATAGACA,1
rna-TTCACGCAACCACTGT,0
rna-TTCACGCAGCCACATA,1
rna-TTCACGCAGCGAGTAA,1
rna-TTCACGCAGCTAACGA,1
rna-TTCACGCAGCTCGGTA,1
rna-TTCACGCAGGAGAACA,1
rna-TTCACGCAGGTGCGAA,1
rna-TTCACGCAGTACGCAA,1
rna-TTCACGCAGTCGTAGA,1
rna-TTCACGCAGTCTGTCA,1
rna-TTCACGCAGTGTTCTA,1
rna-TTCACGCAACATTGGC,0
rna-TTCACGCATAGGATGA,1
rna-TTCACGCATATCAGCA,1
rna-TTCACGCATCCGTCTA,1
rna-TTCACGCATCTTCACA,1
rna-TTCACGCATGAAGAGA,3
rna-TTCACGCATGGAACAA,3
rna-TTCACGCATGGCTTCA,3
rna-TTCACGCATGGTGGTA,3
rna-TTCACGCATTCACGCA,1
rna-TTCACGCAAACTCACC,1
rna-TTCACGCACAGATCTG,0
rna-TTCACGCAAAGAGATC,1
rna-TTCACGCAAAGGACAC,1
rna-TTCACGCAAATCCGTC,1
rna-TTCACGCAAATGTTGC,1
rna-TTCACGCAACACGACC,5
rna-TTCACGCAACAGATTC,5
rna-TTCACGCAAGATGTAC,5
rna-TTCACGCAAGCACCTC,5
rna-TTCACGCAAGCCATGC,3
rna-TTCACGCAAGGCTAAC,3
rna-TTCACGCACATCAAGT,0
rna-TTCACGCAATAGCGAC,3
rna-TTCACGCAATCATTCC,3
rna-TTCACGCAATTGGCTC,3
rna-TTCACGCACAAGGAGC,3
rna-TTCACGCACACCTTAC,3
rna-TTCACGCACCATCCTC,3
rna-TTCACGCACCGACAAC,3
rna-TTCACGCACCTAATCC,3
rna-TTCACGCACCTCTATC,3
rna-TTCACGCACGACACAC,3
rna-TTCACGCACGCTGATC,0
rna-TTCACGCACGGATTGC,3
rna-TTCACGCACTAAGGTC,3
rna-TTCACGCAGAACAGGC,2
rna-TTCACGCAGACAGTGC,6
rna-TTCACGCAGAGTTAGC,6
rna-TTCACGCAGATGAATC,6
rna-TTCACGCAGCCAAGAC,6
rna-TTCACGCACGGAAGAA,6
rna-TTCACGCAGTGACAAG,6
rna-TTCACGCAGAACCAGA,6
rna-TGGTGGTAAACGTGAT,0
rna-TGGTGGTAACAAGCTA,0
rna-TGGTGGTATTGCTGGA,2
rna-TGGTGGTACTGTAGCC,0
rna-TGGTGGTAAGTACAAG,3
rna-TGGTGGTAAACAACCA,0
rna-TGGTGGTAAACCGAGA,0
rna-TGGTGGTAAACGCTTA,0
rna-TGGTGGTAAAGACGGA,0
rna-TGGTGGTAAAGGTACA,0
rna-TGGTGGTAACACAGAA,0
rna-TGGTGGTAACAGCAGA,0
rna-TGGTGGTAAAACATCG,0
rna-TGGTGGTAACCTCCAA,0
rna-TGGTGGTAACGCTCGA,0
rna-TGGTGGTAACGTATCA,0
rna-TGGTGGTAACTATGCA,0
rna-TGGTGGTAAGAGTCAA,0
rna-TGGTGGTAAGATCGCA,0
rna-TGGTGGTAAGCAGGAA,0
rna-TGGTGGTAAGTCACTA,0
rna-TGGTGGTAATCCTGTA,0
rna-TGGTGGTAATTGAGGA,0
rna-TGGTGGTAATGCCTAA,0
rna-TGGTGGTACAACCACA,0
rna-TGGTGGTAGACTAGTA,0
rna-TGGTGGTACAATGGAA,0
rna-TGGTGGTACACTTCGA,3
rna-TGGTGGTACAGCGTTA,3
rna-TGGTGGTACATACCAA,3
rna-TGGTGGTACCAGTTCA,3
rna-TGGTGGTACCGAAGTA,3
rna-TGGTGGTACCGTGAGA,1
rna-TGGTGGTACCTCCTGA,1
rna-TGGTGGTAAGTGGTCA,0
rna-TGGTGGTACGAACTTA,1
rna-TGGTGGTACGACTGGA,1
rna-TGGTGGTACGCATACA,1
rna-TGGTGGTACTCAATGA,1
rna-TGGTGGTACTGAGCCA,1
rna-TGGTGGTACTGGCATA,1
rna-TGGTGGTAGAATCTGA,1
rna-TGGTGGTACAAGACTA,1
rna-TGGTGGTAGAGCTGAA,1
rna-TGGTGGTAGATAGACA,1
rna-TGGTGGTAACCACTGT,0
rna-TGGTGGTAGCCACATA,1
rna-TGGTGGTAGCGAGTAA,1
rna-TGGTGGTAGCTAACGA,1
rna-TGGTGGTAGCTCGGTA,1
rna-TGGTGGTAGGAGAACA,1
rna-TGGTGGTAGGTGCGAA,1
rna-TGGTGGTAGTACGCAA,1
rna-TGGTGGTAGTCGTAGA,1
rna-TGGTGGTAGTCTGTCA,1
rna-TGGTGGTAGTGTTCTA,1
rna-TGGTGGTAACATTGGC,0
rna-TGGTGGTATAGGATGA,1
rna-TGGTGGTATATCAGCA,1
rna-TGGTGGTATCCGTCTA,3
rna-TGGTGGTATCTTCACA,3
rna-TGGTGGTATGAAGAGA,1
rna-TGGTGGTATGGAACAA,1
rna-TGGTGGTATGGCTTCA,1
rna-TGGTGGTATGGTGGTA,3
rna-TGGTGGTATTCACGCA,1
rna-TGGTGGTAAACTCACC,1
rna-TGGTGGTACAGATCTG,0
rna-TGGTGGTAAAGAGATC,1
rna-TGGTGGTAAAGGACAC,1
rna-TGGTGGTAAATCCGTC,1
rna-TGGTGGTAAATGTTGC,1
rna-TGGTGGTAACACGACC,5
rna-TGGTGGTAACAGATTC,5
rna-TGGTGGTAAGATGTAC,5
rna-TGGTGGTAAGCACCTC,5
rna-TGGTGGTAAGCCATGC,3
rna-TGGTGGTAAGGCTAAC,3
rna-TGGTGGTACATCAAGT,0
rna-TGGTGGTAATAGCGAC,3
rna-TGGTGGTAATCATTCC,3
rna-TGGTGGTAATTGGCTC,3
rna-TGGTGGTACAAGGAGC,3
rna-TGGTGGTACACCTTAC,3
rna-TGGTGGTACCATCCTC,3
rna-TGGTGGTACCGACAAC,3
rna-TGGTGGTACCTAATCC,3
rna-TGGTGGTACCTCTATC,3
rna-TGGTGGTACGACACAC,3
rna-TGGTGGTACGCTGATC,0
rna-TGGTGGTACGGATTGC,3
rna-TGGTGGTACTAAGGTC,3
rna-TGGTGGTAGAACAGGC,2
rna-TGGTGGTAGACAGTGC,2
rna-TGGTGGTAGAGTTAGC,6
rna-TGGTGGTAGATGAATC,6
rna-TGGTGGTAGCCAAGAC,6
rna-TGGTGGTACGGAAGAA,6
rna-TGGTGGTAGTGACAAG,6
rna-TGGTGGTAGAACCAGA,6
rna-TGGCTTCAAACGTGAT,0
rna-TGGCTTCAACAAGCTA,0
rna-TGGCTTCATTGCTGGA,3
rna-TGGCTTCACTGTAGCC,0
rna-TGGCTTCAAGTACAAG,2
rna-TGGCTTCAAACAACCA,0
rna-TGGCTTCAAACCGAGA,0
rna-TGGCTTCAAACGCTTA,0
rna-TGGCTTCAAAGACGGA,0
rna-TGGCTTCAAAGGTACA,0
rna-TGGCTTCAACACAGAA,0
rna-TGGCTTCAACAGCAGA,0
rna-TGGCTTCAAAACATCG,0
rna-TGGCTTCAACCTCCAA,0
rna-TGGCTTCAACGCTCGA,0
rna-TGGCTTCAACGTATCA,0
rna-TGGCTTCAACTATGCA,0
rna-TGGCTTCAAGAGTCAA,0
rna-TGGCTTCAAGATCGCA,0
rna-TGGCTTCAAGCAGGAA,0
rna-TGGCTTCAAGTCACTA,0
rna-TGGCTTCAATCCTGTA,0
rna-TGGCTTCAATTGAGGA,0
rna-TGGCTTCAATGCCTAA,0
rna-TGGCTTCACAACCACA,0
rna-TGGCTTCAGACTAGTA,3
rna-TGGCTTCACAATGGAA,3
rna-TGGCTTCACACTTCGA,3
rna-TGGCTTCACAGCGTTA,3
rna-TGGCTTCACATACCAA,3
rna-TGGCTTCACCAGTTCA,3
rna-TGGCTTCACCGAAGTA,1
rna-TGGCTTCACCGTGAGA,1
rna-TGGCTTCACCTCCTGA,1
rna-TGGCTTCAAGTGGTCA,7
rna-TGGCTTCACGAACTTA,1
rna-TGGCTTCACGACTGGA,1
rna-TGGCTTCACGCATACA,1
rna-TGGCTTCACTCAATGA,1
rna-TGGCTTCACTGAGCCA,1
rna-TGGCTTCACTGGCATA,1
rna-TGGCTTCAGAATCTGA,3
rna-TGGCTTCACAAGACTA,1
rna-TGGCTTCAGAGCTGAA,1
rna-TGGCTTCAGATAGACA,1
rna-TGGCTTCAACCACTGT,0
rna-TGGCTTCAGCCACATA,1
rna-TGGCTTCAGCGAGTAA,1
rna-TGGCTTCAGCTAACGA,1
rna-TGGCTTCAGCTCGGTA,1
rna-TGGCTTCAGGAGAACA,3
rna-TGGCTTCAGGTGCGAA,1
rna-TGGCTTCAGTACGCAA,1
rna-TGGCTTCAGTCGTAGA,1
rna-TGGCTTCAGTCTGTCA,1
rna-TGGCTTCAGTGTTCTA,1
rna-TGGCTTCAACATTGGC,0
rna-TGGCTTCATAGGATGA,1
rna-TGGCTTCATATCAGCA,1
rna-TGGCTTCATCCGTCTA,1
rna-TGGCTTCATCTTCACA,1
rna-TGGCTTCATGAAGAGA,1
rna-TGGCTTCATGGAACAA,1
rna-TGGCTTCATGGCTTCA,1
rna-TGGCTTCATGGTGGTA,1
rna-TGGCTTCATTCACGCA,1
rna-TGGCTTCAAACTCACC,1
rna-TGGCTTCACAGATCTG,0
rna-TGGCTTCAAAGAGATC,1
rna-TGGCTTCAAAGGACAC,1
rna-TGGCTTCAAATCCGTC,1
rna-TGGCTTCAAATGTTGC,9
rna-TGGCTTCAACACGACC,5
rna-TGGCTTCAACAGATTC,5
rna-TGGCTTCAAGATGTAC,5
rna-TGGCTTCAAGCACCTC,5
rna-TGGCTTCAAGCCATGC,5
rna-TGGCTTCAAGGCTAAC,5
rna-TGGCTTCACATCAAGT,0
rna-TGGCTTCAATAGCGAC,3
rna-TGGCTTCAATCATTCC,3
rna-TGGCTTCAATTGGCTC,3
rna-TGGCTTCACAAGGAGC,3
rna-TGGCTTCACACCTTAC,3
rna-TGGCTTCACCATCCTC,3
rna-TGGCTTCACCGACAAC,3
rna-TGGCTTCACCTAATCC,3
rna-TGGCTTCACCTCTATC,3
rna-TGGCTTCACGACACAC,3
rna-TGGCTTCACGCTGATC,0
rna-TGGCTTCACGGATTGC,3
rna-TGGCTTCACTAAGGTC,3
rna-TGGCTTCAGAACAGGC,3
rna-TGGCTTCAGACAGTGC,2
rna-TGGCTTCAGAGTTAGC,2
rna-TGGCTTCAGATGAATC,2
rna-TGGCTTCAGCCAAGAC,6
rna-TGGCTTCACGGAAGAA,6
rna-TGGCTTCAGTGACAAG,6
rna-TGGCTTCAGAACCAGA,2
rna-TGGAACAAAACGTGAT,0
rna-TGGAACAAACAAGCTA,0
rna-TGGAACAATTGCTGGA,3
rna-TGGAACAACTGTAGCC,0
rna-TGGAACAAAGTACAAG,2
rna-TGGAACAAAACAACCA,0
rna-TGGAACAAAACCGAGA,0
rna-TGGAACAAAACGCTTA,0
rna-TGGAACAAAAGACGGA,0
rna-TGGAACAAAAGGTACA,0
rna-TGGAACAAACACAGAA,0
rna-TGGAACAAACAGCAGA,0
rna-TGGAACAAAAACATCG,0
rna-TGGAACAAACCTCCAA,0
rna-TGGAACAAACGCTCGA,0
rna-TGGAACAAACGTATCA,0
rna-TGGAACAAACTATGCA,0
rna-TGGAACAAAGAGTCAA,0
rna-TGGAACAAAGATCGCA,0
rna-TGGAACAAAGCAGGAA,0
rna-TGGAACAAAGTCACTA,0
rna-TGGAACAAATCCTGTA,0
rna-TGGAACAAATTGAGGA,0
rna-TGGAACAAATGCCTAA,0
rna-TGGAACAACAACCACA,3
rna-TGGAACAAGACTAGTA,3
rna-TGGAACAACAATGGAA,3
rna-TGGAACAACACTTCGA,3
rna-TGGAACAACAGCGTTA,3
rna-TGGAACAACATACCAA,3
rna-TGGAACAACCAGTTCA,1
rna-TGGAACAACCGAAGTA,1
rna-TGGAACAACCGTGAGA,1
rna-TGGAACAACCTCCTGA,1
rna-TGGAACAAAGTGGTCA,0
rna-TGGAACAACGAACTTA,1
rna-TGGAACAACGACTGGA,1
rna-TGGAACAACGCATACA,1
rna-TGGAACAACTCAATGA,1
rna-TGGAACAACTGAGCCA,1
rna-TGGAACAACTGGCATA,1
rna-TGGAACAAGAATCTGA,1
rna-TGGAACAACAAGACTA,1
rna-TGGAACAAGAGCTGAA,1
rna-TGGAACAAGATAGACA,1
rna-TGGAACAAACCACTGT,0
rna-TGGAACAAGCCACATA,3
rna-TGGAACAAGCGAGTAA,3
rna-TGGAACAAGCTAACGA,1
rna-TGGAACAAGCTCGGTA,1
rna-TGGAACAAGGAGAACA,1
rna-TGGAACAAGGTGCGAA,1
rna-TGGAACAAGTACGCAA,1
rna-TGGAACAAGTCGTAGA,1
rna-TGGAACAAGTCTGTCA,1
rna-TGGAACAAGTGTTCTA,1
rna-TGGAACAAACATTGGC,0
rna-TGGAACAATAGGATGA,1
rna-TGGAACAATATCAGCA,1
rna-TGGAACAATCCGTCTA,1
rna-TGGAACAATCTTCACA,1
rna-TGGAACAATGAAGAGA,1
rna-TGGAACAATGGAACAA,1
rna-TGGAACAATGGCTTCA,1
rna-TGGAACAATGGTGGTA,1
rna-TGGAACAATTCACGCA,3
rna-TGGAACAAAACTCACC,1
rna-TGGAACAACAGATCTG,0
rna-TGGAACAAAAGAGATC,1
rna-TGGAACAAAAGGACAC,1
rna-TGGAACAAAATCCGTC,1
rna-TGGAACAAAATGTTGC,1
rna-TGGAACAAACACGACC,1
rna-TGGAACAAACAGATTC,5
rna-TGGAACAAAGATGTAC,5
rna-TGGAACAAAGCACCTC,5
rna-TGGAACAAAGCCATGC,5
rna-TGGAACAAAGGCTAAC,5
rna-TGGAACAACATCAAGT,0
rna-TGGAACAAATAGCGAC,3
rna-TGGAACAAATCATTCC,3
rna-TGGAACAAATTGGCTC,3
rna-TGGAACAACAAGGAGC,3
rna-TGGAACAACACCTTAC,3
rna-TGGAACAACCATCCTC,3
rna-TGGAACAACCGACAAC,3
rna-TGGAACAACCTAATCC,3
rna-TGGAACAACCTCTATC,3
rna-TGGAACAACGACACAC,3
rna-TGGAACAACGCTGATC,0
rna-TGGAACAACGGATTGC,3
rna-TGGAACAACTAAGGTC,3
rna-TGGAACAAGAACAGGC,3
rna-TGGAACAAGACAGTGC,3
rna-TGGAACAAGAGTTAGC,3
rna-TGGAACAAGATGAATC,3
rna-TGGAACAAGCCAAGAC,3
rna-TGGAACAACGGAAGAA,3
rna-TGGAACAAGTGACAAG,3
rna-TGGAACAAGAACCAGA,3
rna-TGAAGAGAAACGTGAT,0
rna-TGAAGAGAACAAGCTA,0
rna-TGAAGAGATTGCTGGA,3
rna-TGAAGAGACTGTAGCC,0
rna-TGAAGAGAAGTACAAG,0
rna-TGAAGAGAAACAACCA,0
rna-TGAAGAGAAACCGAGA,0
rna-TGAAGAGAAACGCTTA,3
rna-TGAAGAGAAAGACGGA,11
rna-TGAAGAGAAAGGTACA,0
rna-TGAAGAGAACACAGAA,0
rna-TGAAGAGAACAGCAGA,0
rna-TGAAGAGAAAACATCG,0
rna-TGAAGAGAACCTCCAA,0
rna-TGAAGAGAACGCTCGA,0
rna-TGAAGAGAACGTATCA,0
rna-TGAAGAGAACTATGCA,0
rna-TGAAGAGAAGAGTCAA,0
rna-TGAAGAGAAGATCGCA,0
rna-TGAAGAGAAGCAGGAA,0
rna-TGAAGAGAAGTCACTA,0
rna-TGAAGAGAATCCTGTA,0
rna-TGAAGAGAATTGAGGA,0
rna-TGAAGAGAATGCCTAA,0
rna-TGAAGAGACAACCACA,3
rna-TGAAGAGAGACTAGTA,3
rna-TGAAGAGACAATGGAA,3
rna-TGAAGAGACACTTCGA,3
rna-TGAAGAGACAGCGTTA,3
rna-TGAAGAGACATACCAA,1
rna-TGAAGAGACCAGTTCA,1
rna-TGAAGAGACCGAAGTA,1
rna-TGAAGAGACCGTGAGA,1
rna-TGAAGAGACCTCCTGA,1
rna-TGAAGAGAAGTGGTCA,0
rna-TGAAGAGACGAACTTA,1
rna-TGAAGAGACGACTGGA,1
rna-TGAAGAGACGCATACA,1
rna-TGAAGAGACTCAATGA,1
rna-TGAAGAGACTGAGCCA,1
rna-TGAAGAGACTGGCATA,1
rna-TGAAGAGAGAATCTGA,1
rna-TGAAGAGACAAGACTA,1
rna-TGAAGAGAGAGCTGAA,1
rna-TGAAGAGAGATAGACA,1
rna-TGAAGAGAACCACTGT,0
rna-TGAAGAGAGCCACATA,1
rna-TGAAGAGAGCGAGTAA,1
rna-TGAAGAGAGCTAACGA,1
rna-TGAAGAGAGCTCGGTA,1
rna-TGAAGAGAGGAGAACA,3
rna-TGAAGAGAGGTGCGAA,1
rna-TGAAGAGAGTACGCAA,1
rna-TGAAGAGAGTCGTAGA,1
rna-TGAAGAGAGTCTGTCA,1
rna-TGAAGAGAGTGTTCTA,1
rna-TGAAGAGAACATTGGC,0
rna-TGAAGAGATAGGATGA,1
rna-TGAAGAGATATCAGCA,1
rna-TGAAGAGATCCGTCTA,1
rna-TGAAGAGATCTTCACA,1
rna-TGAAGAGATGAAGAGA,1
rna-TGAAGAGATGGAACAA,11
rna-TGAAGAGATGGCTTCA,1
rna-TGAAGAGATGGTGGTA,1
rna-TGAAGAGATTCACGCA,3
rna-TGAAGAGAAACTCACC,1
rna-TGAAGAGACAGATCTG,0
rna-TGAAGAGAAAGAGATC,1
rna-TGAAGAGAAAGGACAC,1
rna-TGAAGAGAAATCCGTC,1
rna-TGAAGAGAAATGTTGC,1
rna-TGAAGAGAACACGACC,1
rna-TGAAGAGAACAGATTC,5
rna-TGAAGAGAAGATGTAC,5
rna-TGAAGAGAAGCACCTC,5
rna-TGAAGAGAAGCCATGC,5
rna-TGAAGAGAAGGCTAAC,5
rna-TGAAGAGACATCAAGT,0
rna-TGAAGAGAATAGCGAC,5
rna-TGAAGAGAATCATTCC,5
rna-TGAAGAGAATTGGCTC,3
rna-TGAAGAGACAAGGAGC,3
rna-TGAAGAGACACCTTAC,3
rna-TGAAGAGACCATCCTC,3
rna-TGAAGAGACCGACAAC,3
rna-TGAAGAGACCTAATCC,3
rna-TGAAGAGACCTCTATC,3
rna-TGAAGAGACGACACAC,3
rna-TGAAGAGACGCTGATC,0
rna-TGAAGAGACGGATTGC,3
rna-TGAAGAGACTAAGGTC,3
rna-TGAAGAGAGAACAGGC,3
rna-TGAAGAGAGACAGTGC,3
rna-TGAAGAGAGAGTTAGC,3
rna-TGAAGAGAGATGAATC,3
rna-TGAAGAGAGCCAAGAC,3
rna-TGAAGAGACGGAAGAA,3
rna-TGAAGAGAGTGACAAG,3
rna-TGAAGAGAGAACCAGA,3
rna-TCTTCACAAACGTGAT,0
rna-TCTTCACAACAAGCTA,0
rna-TCTTCACATTGCTGGA,3
rna-TCTTCACACTGTAGCC,0
rna-TCTTCACAAGTACAAG,0
rna-TCTTCACAAACAACCA,9
rna-TCTTCACAAACCGAGA,0
rna-TCTTCACAAACGCTTA,0
rna-TCTTCACAAAGACGGA,0
rna-TCTTCACAAAGGTACA,0
rna-TCTTCACAACACAGAA,0
rna-TCTTCACAACAGCAGA,0
rna-TCTTCACAAAACATCG,0
rna-TCTTCACAACCTCCAA,0
rna-TCTTCACAACGCTCGA,0
rna-TCTTCACAACGTATCA,0
rna-TCTTCACAACTATGCA,0
rna-TCTTCACAAGAGTCAA,0
rna-TCTTCACAAGATCGCA,0
rna-TCTTCACAAGCAGGAA,0
rna-TCTTCACAAGTCACTA,0
rna-TCTTCACAATCCTGTA,0
rna-TCTTCACAATTGAGGA,3
rna-TCTTCACAATGCCTAA,0
rna-TCTTCACACAACCACA,3
rna-TCTTCACAGACTAGTA,3
rna-TCTTCACACAATGGAA,3
rna-TCTTCACACACTTCGA,3
rna-TCTTCACACAGCGTTA,1
rna-TCTTCACACATACCAA,3
rna-TCTTCACACCAGTTCA,1
rna-TCTTCACACCGAAGTA,1
rna-TCTTCACACCGTGAGA,1
rna-TCTTCACACCTCCTGA,1
rna-TCTTCACAAGTGGTCA,0
rna-TCTTCACACGAACTTA,1
rna-TCTTCACACGACTGGA,1
rna-TCTTCACACGCATACA,1
rna-TCTTCACACTCAATGA,1
rna-TCTTCACACTGAGCCA,1
rna-TCTTCACACTGGCATA,1
rna-TCTTCACAGAATCTGA,1
rna-TCTTCACACAAGACTA,3
rna-TCTTCACAGAGCTGAA,1
rna-TCTTCACAGATAGACA,1
rna-TCTTCACAACCACTGT,0
rna-TCTTCACAGCCACATA,1
rna-TCTTCACAGCGAGTAA,1
rna-TCTTCACAGCTAACGA,1
rna-TCTTCACAGCTCGGTA,1
rna-TCTTCACAGGAGAACA,1
rna-TCTTCACAGGTGCGAA,1
rna-TCTTCACAGTACGCAA,1
rna-TCTTCACAGTCGTAGA,1
rna-TCTTCACAGTCTGTCA,1
rna-TCTTCACAGTGTTCTA,1
rna-TCTTCACAACATTGGC,0
rna-TCTTCACATAGGATGA,1
rna-TCTTCACATATCAGCA,1
rna-TCTTCACATCCGTCTA,1
rna-TCTTCACATCTTCACA,1
rna-TCTTCACATGAAGAGA,3
rna-TCTTCACATGGAACAA,6
rna-TCTTCACATGGCTTCA,1
rna-TCTTCACATGGTGGTA,1
rna-TCTTCACATTCACGCA,1
rna-TCTTCACAAACTCACC,1
rna-TCTTCACACAGATCTG,0
rna-TCTTCACAAAGAGATC,1
rna-TCTTCACAAAGGACAC,1
rna-TCTTCACAAATCCGTC,1
rna-TCTTCACAAATGTTGC,1
rna-TCTTCACAACACGACC,5
rna-TCTTCACAACAGATTC,1
rna-TCTTCACAAGATGTAC,5
rna-TCTTCACAAGCACCTC,5
rna-TCTTCACAAGCCATGC,5
rna-TCTTCACAAGGCTAAC,5
rna-TCTTCACACATCAAGT,0
rna-TCTTCACAATAGCGAC,5
rna-TCTTCACAATCATTCC,5
rna-TCTTCACAATTGGCTC,3
rna-TCTTCACACAAGGAGC,3
rna-TCTTCACACACCTTAC,3
rna-TCTTCACACCATCCTC,3
rna-TCTTCACACCGACAAC,3
rna-TCTTCACACCTAATCC,3
rna-TCTTCACACCTCTATC,3
rna-TCTTCACACGACACAC,3
rna-TCTTCACACGCTGATC,0
rna-TCTTCACACGGATTGC,3
rna-TCTTCACACTAAGGTC,3
rna-TCTTCACAGAACAGGC,3
rna-TCTTCACAGACAGTGC,3
rna-TCTTCACAGAGTTAGC,3
rna-TCTTCACAGATGAATC,3
rna-TCTTCACAGCCAAGAC,3
rna-TCTTCACACGGAAGAA,3
rna-TCTTCACAGTGACAAG,3
rna-TCTTCACAGAACCAGA,3
rna-TCCGTCTAAACGTGAT,0
rna-TCCGTCTAACAAGCTA,0
rna-TCCGTCTATTGCTGGA,3
rna-TCCGTCTACTGTAGCC,0
rna-TCCGTCTAAGTACAAG,0
rna-TCCGTCTAAACAACCA,0
rna-TCCGTCTAAACCGAGA,0
rna-TCCGTCTAAACGCTTA,0
rna-TCCGTCTAAAGACGGA,3
rna-TCCGTCTAAAGGTACA,0
rna-TCCGTCTAACACAGAA,0
rna-TCCGTCTAACAGCAGA,0
rna-TCCGTCTAAAACATCG,0
rna-TCCGTCTAACCTCCAA,0
rna-TCCGTCTAACGCTCGA,0
rna-TCCGTCTAACGTATCA,0
rna-TCCGTCTAACTATGCA,0
rna-TCCGTCTAAGAGTCAA,0
rna-TCCGTCTAAGATCGCA,0
rna-TCCGTCTAAGCAGGAA,0
rna-TCCGTCTAAGTCACTA,0
rna-TCCGTCTAATCCTGTA,0
rna-TCCGTCTAATTGAGGA,3
rna-TCCGTCTAATGCCTAA,0
rna-TCCGTCTACAACCACA,3
rna-TCCGTCTAGACTAGTA,3
rna-TCCGTCTACAATGGAA,3
rna-TCCGTCTACACTTCGA,1
rna-TCCGTCTACAGCGTTA,1
rna-TCCGTCTACATACCAA,1
rna-TCCGTCTACCAGTTCA,1
rna-TCCGTCTACCGAAGTA,1
rna-TCCGTCTACCGTGAGA,1
rna-TCCGTCTACCTCCTGA,1
rna-TCCGTCTAAGTGGTCA,0
rna-TCCGTCTACGAACTTA,1
rna-TCCGTCTACGACTGGA,1
rna-TCCGTCTACGCATACA,1
rna-TCCGTCTACTCAATGA,1
rna-TCCGTCTACTGAGCCA,3
rna-TCCGTCTACTGGCATA,3
rna-TCCGTCTAGAATCTGA,1
rna-TCCGTCTACAAGACTA,3
rna-TCCGTCTAGAGCTGAA,1
rna-TCCGTCTAGATAGACA,1
rna-TCCGTCTAACCACTGT,0
rna-TCCGTCTAGCCACATA,1
rna-TCCGTCTAGCGAGTAA,1
rna-TCCGTCTAGCTAACGA,1
rna-TCCGTCTAGCTCGGTA,3
rna-TCCGTCTAGGAGAACA,1
rna-TCCGTCTAGGTGCGAA,1
rna-TCCGTCTAGTACGCAA,6
rna-TCCGTCTAGTCGTAGA,1
rna-TCCGTCTAGTCTGTCA,1
rna-TCCGTCTAGTGTTCTA,1
rna-TCCGTCTAACATTGGC,0
rna-TCCGTCTATAGGATGA,1
rna-TCCGTCTATATCAGCA,1
rna-TCCGTCTATCCGTCTA,1
rna-TCCGTCTATCTTCACA,3
rna-TCCGTCTATGAAGAGA,1
rna-TCCGTCTATGGAACAA,1
rna-TCCGTCTATGGCTTCA,3
rna-TCCGTCTATGGTGGTA,3
rna-TCCGTCTATTCACGCA,1
rna-TCCGTCTAAACTCACC,1
rna-TCCGTCTACAGATCTG,0
rna-TCCGTCTAAAGAGATC,1
rna-TCCGTCTAAAGGACAC,1
rna-TCCGTCTAAATCCGTC,1
rna-TCCGTCTAAATGTTGC,1
rna-TCCGTCTAACACGACC,7
rna-TCCGTCTAACAGATTC,1
rna-TCCGTCTAAGATGTAC,5
rna-TCCGTCTAAGCACCTC,5
rna-TCCGTCTAAGCCATGC,5
rna-TCCGTCTAAGGCTAAC,5
rna-TCCGTCTACATCAAGT,0
rna-TCCGTCTAATAGCGAC,5
rna-TCCGTCTAATCATTCC,5
rna-TCCGTCTAATTGGCTC,3
rna-TCCGTCTACAAGGAGC,3
rna-TCCGTCTACACCTTAC,3
rna-TCCGTCTACCATCCTC,3
rna-TCCGTCTACCGACAAC,3
rna-TCCGTCTACCTAATCC,3
rna-TCCGTCTACCTCTATC,3
rna-TCCGTCTACGACACAC,3
rna-TCCGTCTACGCTGATC,0
rna-TCCGTCTACGGATTGC,3
rna-TCCGTCTACTAAGGTC,3
rna-TCCGTCTAGAACAGGC,3
rna-TCCGTCTAGACAGTGC,3
rna-TCCGTCTAGAGTTAGC,3
rna-TCCGTCTAGATGAATC,3
rna-TCCGTCTAGCCAAGAC,3
rna-TCCGTCTACGGAAGAA,3
rna-TCCGTCTAGTGACAAG,3
rna-TCCGTCTAGAACCAGA,3
rna-GTGACAAGTTGCTGGA,0
rna-GTGACAAGCTGTAGCC,0
rna-GTGACAAGAGTACAAG,10
rna-GTGACAAGAACAACCA,0
rna-GTGACAAGAACCGAGA,6
rna-GTGACAAGAACGCTTA,0
rna-GTGACAAGAAGACGGA,0
rna-GTGACAAGAAGGTACA,0
rna-GTGACAAGACACAGAA,0
rna-GTGACAAGACAGCAGA,0
rna-GTGACAAGACCTCCAA,0
rna-GTGACAAGACGCTCGA,0
rna-GTGACAAGACGTATCA,0
rna-GTGACAAGACTATGCA,0
rna-GTGACAAGAGAGTCAA,0
rna-GTGACAAGAGATCGCA,0
rna-GTGACAAGAGCAGGAA,0
rna-GTGACAAGAGTCACTA,0
rna-GTGACAAGATCCTGTA,0
rna-GTGACAAGATTGAGGA,0
rna-GTGACAAGCAACCACA,0
rna-GTGACAAGGACTAGTA,0
rna-GTGACAAGCAATGGAA,0
rna-GTGACAAGCACTTCGA,0
rna-GTGACAAGCAGCGTTA,0
rna-GTGACAAGCATACCAA,0
rna-GTGACAAGCCAGTTCA,0
rna-GTGACAAGCCGAAGTA,0
rna-GTGACAAGCCGTGAGA,0
rna-GTGACAAGCCTCCTGA,0
rna-GTGACAAGCGAACTTA,0
rna-GTGACAAGCGACTGGA,0
rna-GTGACAAGCGCATACA,0
rna-GTGACAAGCTCAATGA,0
rna-GTGACAAGCTGAGCCA,0
rna-GTGACAAGCTGGCATA,0
rna-GTGACAAGGAATCTGA,0
rna-GTGACAAGCAAGACTA,0
rna-GTGACAAGGAGCTGAA,0
rna-GTGACAAGGATAGACA,0
rna-GTGACAAGGCCACATA,0
rna-GTGACAAGGCGAGTAA,0
rna-GTGACAAGGCTAACGA,0
rna-GTGACAAGGCTCGGTA,0
rna-GTGACAAGGGAGAACA,0
rna-GTGACAAGGGTGCGAA,0
rna-GTGACAAGGTACGCAA,0
rna-GTGACAAGGTCGTAGA,0
rna-GTGACAAGGTCTGTCA,0
rna-GTGACAAGGTGTTCTA,0
rna-GTGACAAGTAGGATGA,0
rna-GTGACAAGTATCAGCA,0
rna-GTGACAAGTCCGTCTA,0
rna-GTGACAAGTCTTCACA,0
rna-GTGACAAGTGAAGAGA,0
rna-GTGACAAGTGGAACAA,0
rna-GTGACAAGTGGCTTCA,0
rna-GTGACAAGTGGTGGTA,0
rna-GTGACAAGTTCACGCA,0
rna-GTGACAAGAACTCACC,0
rna-GTGACAAGAAGAGATC,0
rna-GTGACAAGAAGGACAC,0
rna-GTGACAAGAATCCGTC,0
rna-GTGACAAGAATGTTGC,0
rna-GTGACAAGACACGACC,0
rna-GTGACAAGACAGATTC,0
rna-GTGACAAGAGATGTAC,0
rna-GTGACAAGAGCACCTC,0
rna-GTGACAAGAGCCATGC,0
rna-GTGACAAGAGGCTAAC,0
rna-GTGACAAGATAGCGAC,0
rna-GTGACAAGATCATTCC,0
rna-GTGACAAGATTGGCTC,0
rna-GTGACAAGCAAGGAGC,0
rna-GTGACAAGCACCTTAC,0
rna-GTGACAAGCCATCCTC,0
rna-GTGACAAGCCGACAAC,0
rna-GTGACAAGCCTAATCC,0
rna-GTGACAAGCCTCTATC,0
rna-GTGACAAGCGACACAC,0
rna-GTGACAAGCGGATTGC,0
rna-GTGACAAGCTAAGGTC,11
rna-GTGACAAGGAACAGGC,2
rna-GTGACAAGGACAGTGC,2
rna-GTGACAAGGAGTTAGC,6
rna-GTGACAAGGATGAATC,2
rna-GTGACAAGGCCAAGAC,2
rna-GTGACAAGCGGAAGAA,2
rna-GTGACAAGGTGACAAG,0
rna-GTGACAAGGAACCAGA,0
rna-TATCAGCAAACGTGAT,0
rna-TATCAGCAACAAGCTA,0
rna-TATCAGCATTGCTGGA,3
rna-TATCAGCACTGTAGCC,0
rna-TATCAGCAAGTACAAG,0
rna-TATCAGCAAACAACCA,7
rna-TATCAGCAAACCGAGA,0
rna-TATCAGCAAACGCTTA,9
rna-TATCAGCAAAGACGGA,0
rna-TATCAGCAAAGGTACA,0
rna-TATCAGCAACACAGAA,0
rna-TATCAGCAACAGCAGA,0
rna-TATCAGCAAAACATCG,0
rna-TATCAGCAACCTCCAA,0
rna-TATCAGCAACGCTCGA,0
rna-TATCAGCAACGTATCA,0
rna-TATCAGCAACTATGCA,0
rna-TATCAGCAAGAGTCAA,0
rna-TATCAGCAAGATCGCA,0
rna-TATCAGCAAGCAGGAA,0
rna-TATCAGCAAGTCACTA,0
rna-TATCAGCAATCCTGTA,0
rna-TATCAGCAATTGAGGA,3
rna-TATCAGCAATGCCTAA,0
rna-TATCAGCACAACCACA,3
rna-TATCAGCAGACTAGTA,3
rna-TATCAGCACAATGGAA,3
rna-TATCAGCACACTTCGA,1
rna-TATCAGCACAGCGTTA,1
rna-TATCAGCACATACCAA,1
rna-TATCAGCACCAGTTCA,1
rna-TATCAGCACCGAAGTA,1
rna-TATCAGCACCGTGAGA,1
rna-TATCAGCACCTCCTGA,1
rna-TATCAGCAAGTGGTCA,0
rna-TATCAGCACGAACTTA,1
rna-TATCAGCACGACTGGA,1
rna-TATCAGCACGCATACA,1
rna-TATCAGCACTCAATGA,1
rna-TATCAGCACTGAGCCA,1
rna-TATCAGCACTGGCATA,1
rna-TATCAGCAGAATCTGA,1
rna-TATCAGCACAAGACTA,1
rna-TATCAGCAGAGCTGAA,3
rna-TATCAGCAGATAGACA,1
rna-TATCAGCAACCACTGT,0
rna-TATCAGCAGCCACATA,1
rna-TATCAGCAGCGAGTAA,1
rna-TATCAGCAGCTAACGA,1
rna-TATCAGCAGCTCGGTA,1
rna-TATCAGCAGGAGAACA,1
rna-TATCAGCAGGTGCGAA,1
rna-TATCAGCAGTACGCAA,3
rna-TATCAGCAGTCGTAGA,1
rna-TATCAGCAGTCTGTCA,1
rna-TATCAGCAGTGTTCTA,1
rna-TATCAGCAACATTGGC,0
rna-TATCAGCATAGGATGA,1
rna-TATCAGCATATCAGCA,1
rna-TATCAGCATCCGTCTA,1
rna-TATCAGCATCTTCACA,1
rna-TATCAGCATGAAGAGA,1
rna-TATCAGCATGGAACAA,1
rna-TATCAGCATGGCTTCA,3
rna-TATCAGCATGGTGGTA,1
rna-TATCAGCATTCACGCA,1
rna-TATCAGCAAACTCACC,1
rna-TATCAGCACAGATCTG,0
rna-TATCAGCAAAGAGATC,1
rna-TATCAGCAAAGGACAC,1
rna-TATCAGCAAATCCGTC,1
rna-TATCAGCAAATGTTGC,1
rna-TATCAGCAACACGACC,1
rna-TATCAGCAACAGATTC,1
rna-TATCAGCAAGATGTAC,5
rna-TATCAGCAAGCACCTC,5
rna-TATCAGCAAGCCATGC,5
rna-TATCAGCAAGGCTAAC,5
rna-TATCAGCACATCAAGT,0
rna-TATCAGCAATAGCGAC,5
rna-TATCAGCAATCATTCC,5
rna-TATCAGCAATTGGCTC,5
rna-TATCAGCACAAGGAGC,3
rna-TATCAGCACACCTTAC,3
rna-TATCAGCACCATCCTC,3
rna-TATCAGCACCGACAAC,3
rna-TATCAGCACCTAATCC,3
rna-TATCAGCACCTCTATC,3
rna-TATCAGCACGACACAC,3
rna-TATCAGCACGCTGATC,0
rna-TATCAGCACGGATTGC,3
rna-TATCAGCACTAAGGTC,3
rna-TATCAGCAGAACAGGC,3
rna-TATCAGCAGACAGTGC,3
rna-TATCAGCAGAGTTAGC,3
rna-TATCAGCAGATGAATC,3
rna-TATCAGCAGCCAAGAC,3
rna-TATCAGCACGGAAGAA,3
rna-TATCAGCAGTGACAAG,3
rna-TATCAGCAGAACCAGA,3
rna-TAGGATGAAACGTGAT,0
rna-TAGGATGAACAAGCTA,0
rna-TAGGATGATTGCTGGA,3
rna-TAGGATGACTGTAGCC,0
rna-TAGGATGAAGTACAAG,0
rna-TAGGATGAAACAACCA,0
rna-TAGGATGAAACCGAGA,0
rna-TAGGATGAAACGCTTA,0
rna-TAGGATGAAAGACGGA,0
rna-TAGGATGAAAGGTACA,0
rna-TAGGATGAACACAGAA,0
rna-TAGGATGAACAGCAGA,0
rna-TAGGATGAAAACATCG,0
rna-TAGGATGAACCTCCAA,0
rna-TAGGATGAACGCTCGA,0
rna-TAGGATGAACGTATCA,0
rna-TAGGATGAACTATGCA,0
rna-TAGGATGAAGAGTCAA,0
rna-TAGGATGAAGATCGCA,0
rna-TAGGATGAAGCAGGAA,0
rna-TAGGATGAAGTCACTA,0
rna-TAGGATGAATCCTGTA,0
rna-TAGGATGAATTGAGGA,3
rna-TAGGATGAATGCCTAA,0
rna-TAGGATGACAACCACA,3
rna-TAGGATGAGACTAGTA,3
rna-TAGGATGACAATGGAA,1
rna-TAGGATGACACTTCGA,1
rna-TAGGATGACAGCGTTA,1
rna-TAGGATGACATACCAA,1
rna-TAGGATGACCAGTTCA,1
rna-TAGGATGACCGAAGTA,1
rna-TAGGATGACCGTGAGA,1
rna-TAGGATGACCTCCTGA,1
rna-TAGGATGAAGTGGTCA,0
rna-TAGGATGACGAACTTA,1
rna-TAGGATGACGACTGGA,1
rna-TAGGATGACGCATACA,1
rna-TAGGATGACTCAATGA,1
rna-TAGGATGACTGAGCCA,1
rna-TAGGATGACTGGCATA,7
rna-TAGGATGAGAATCTGA,1
rna-TAGGATGACAAGACTA,1
rna-TAGGATGAGAGCTGAA,1
rna-TAGGATGAGATAGACA,1
rna-TAGGATGAACCACTGT,0
rna-TAGGATGAGCCACATA,1
rna-TAGGATGAGCGAGTAA,1
rna-TAGGATGAGCTAACGA,1
rna-TAGGATGAGCTCGGTA,3
rna-TAGGATGAGGAGAACA,1
rna-TAGGATGAGGTGCGAA,1
rna-TAGGATGAGTACGCAA,3
rna-TAGGATGAGTCGTAGA,3
rna-TAGGATGAGTCTGTCA,1
rna-TAGGATGAGTGTTCTA,1
rna-TAGGATGAACATTGGC,0
rna-TAGGATGATAGGATGA,1
rna-TAGGATGATATCAGCA,1
rna-TAGGATGATCCGTCTA,1
rna-TAGGATGATCTTCACA,1
rna-TAGGATGATGAAGAGA,1
rna-TAGGATGATGGAACAA,1
rna-TAGGATGATGGCTTCA,1
rna-TAGGATGATGGTGGTA,1
rna-TAGGATGATTCACGCA,1
rna-TAGGATGAAACTCACC,1
rna-TAGGATGACAGATCTG,0
rna-TAGGATGAAAGAGATC,1
rna-TAGGATGAAAGGACAC,1
rna-TAGGATGAAATCCGTC,9
rna-TAGGATGAAATGTTGC,11
rna-TAGGATGAACACGACC,1
rna-TAGGATGAACAGATTC,1
rna-TAGGATGAAGATGTAC,5
rna-TAGGATGAAGCACCTC,5
rna-TAGGATGAAGCCATGC,5
rna-TAGGATGAAGGCTAAC,5
rna-TAGGATGACATCAAGT,0
rna-TAGGATGAATAGCGAC,5
rna-TAGGATGAATCATTCC,5
rna-TAGGATGAATTGGCTC,3
rna-TAGGATGACAAGGAGC,3
rna-TAGGATGACACCTTAC,3
rna-TAGGATGACCATCCTC,3
rna-TAGGATGACCGACAAC,3
rna-TAGGATGACCTAATCC,3
rna-TAGGATGACCTCTATC,3
rna-TAGGATGACGACACAC,3
rna-TAGGATGACGCTGATC,0
rna-TAGGATGACGGATTGC,3
rna-TAGGATGACTAAGGTC,3
rna-TAGGATGAGAACAGGC,3
rna-TAGGATGAGACAGTGC,3
rna-TAGGATGAGAGTTAGC,3
rna-TAGGATGAGATGAATC,3
rna-TAGGATGAGCCAAGAC,3
rna-TAGGATGACGGAAGAA,3
rna-TAGGATGAGTGACAAG,3
rna-TAGGATGAGAACCAGA,3
rna-GTGTTCTAAACGTGAT,0
rna-GTGTTCTAACAAGCTA,0
rna-GTGTTCTATTGCTGGA,3
rna-GTGTTCTACTGTAGCC,0
rna-GTGTTCTAAGTACAAG,0
rna-GTGTTCTAAACAACCA,0
rna-GTGTTCTAAACCGAGA,0
rna-GTGTTCTAAACGCTTA,0
rna-GTGTTCTAAAGACGGA,0
rna-GTGTTCTAAAGGTACA,0
rna-GTGTTCTAACACAGAA,3
rna-GTGTTCTAACAGCAGA,0
rna-GTGTTCTAAAACATCG,0
rna-GTGTTCTAACCTCCAA,0
rna-GTGTTCTAACGCTCGA,0
rna-GTGTTCTAACGTATCA,0
rna-GTGTTCTAACTATGCA,0
rna-GTGTTCTAAGAGTCAA,0
rna-GTGTTCTAAGATCGCA,0
rna-GTGTTCTAAGCAGGAA,0
rna-GTGTTCTAAGTCACTA,0
rna-GTGTTCTAATCCTGTA,0
rna-GTGTTCTAATTGAGGA,3
rna-GTGTTCTAATGCCTAA,0
rna-GTGTTCTACAACCACA,3
rna-GTGTTCTAGACTAGTA,3
rna-GTGTTCTACAATGGAA,1
rna-GTGTTCTACACTTCGA,1
rna-GTGTTCTACAGCGTTA,1
rna-GTGTTCTACATACCAA,1
rna-GTGTTCTACCAGTTCA,1
rna-GTGTTCTACCGAAGTA,1
rna-GTGTTCTACCGTGAGA,1
rna-GTGTTCTACCTCCTGA,1
rna-GTGTTCTAAGTGGTCA,0
rna-GTGTTCTACGAACTTA,1
rna-GTGTTCTACGACTGGA,1
rna-GTGTTCTACGCATACA,1
rna-GTGTTCTACTCAATGA,1
rna-GTGTTCTACTGAGCCA,1
rna-GTGTTCTACTGGCATA,1
rna-GTGTTCTAGAATCTGA,1
rna-GTGTTCTACAAGACTA,1
rna-GTGTTCTAGAGCTGAA,1
rna-GTGTTCTAGATAGACA,1
rna-GTGTTCTAACCACTGT,0
rna-GTGTTCTAGCCACATA,1
rna-GTGTTCTAGCGAGTAA,1
rna-GTGTTCTAGCTAACGA,1
rna-GTGTTCTAGCTCGGTA,3
rna-GTGTTCTAGGAGAACA,1
rna-GTGTTCTAGGTGCGAA,1
rna-GTGTTCTAGTACGCAA,3
rna-GTGTTCTAGTCGTAGA,3
rna-GTGTTCTAGTCTGTCA,1
rna-GTGTTCTAGTGTTCTA,1
rna-GTGTTCTAACATTGGC,0
rna-GTGTTCTATAGGATGA,1
rna-GTGTTCTATATCAGCA,1
rna-GTGTTCTATCCGTCTA,1
rna-GTGTTCTATCTTCACA,1
rna-GTGTTCTATGAAGAGA,1
rna-GTGTTCTATGGAACAA,1
rna-GTGTTCTATGGCTTCA,1
rna-GTGTTCTATGGTGGTA,1
rna-GTGTTCTATTCACGCA,3
rna-GTGTTCTAAACTCACC,1
rna-GTGTTCTACAGATCTG,0
rna-GTGTTCTAAAGAGATC,3
rna-GTGTTCTAAAGGACAC,3
rna-GTGTTCTAAATCCGTC,1
rna-GTGTTCTAAATGTTGC,1
rna-GTGTTCTAACACGACC,1
rna-GTGTTCTAACAGATTC,1
rna-GTGTTCTAAGATGTAC,5
rna-GTGTTCTAAGCACCTC,5
rna-GTGTTCTAAGCCATGC,5
rna-GTGTTCTAAGGCTAAC,5
rna-GTGTTCTACATCAAGT,0
rna-GTGTTCTAATAGCGAC,5
rna-GTGTTCTAATCATTCC,5
rna-GTGTTCTAATTGGCTC,5
rna-GTGTTCTACAAGGAGC,2
rna-GTGTTCTACACCTTAC,3
rna-GTGTTCTACCATCCTC,3
rna-GTGTTCTACCGACAAC,3
rna-GTGTTCTACCTAATCC,3
rna-GTGTTCTACCTCTATC,3
rna-GTGTTCTACGACACAC,3
rna-GTGTTCTACGCTGATC,0
rna-GTGTTCTACGGATTGC,3
rna-GTGTTCTACTAAGGTC,3
rna-GTGTTCTAGAACAGGC,3
rna-GTGTTCTAGACAGTGC,3
rna-GTGTTCTAGAGTTAGC,3
rna-GTGTTCTAGATGAATC,3
rna-GTGTTCTAGCCAAGAC,3
rna-GTGTTCTACGGAAGAA,3
rna-GTGTTCTAGTGACAAG,3
rna-GTGTTCTAGAACCAGA,3
rna-GTCTGTCAAACGTGAT,7
rna-GTCTGTCAACAAGCTA,11
rna-GTCTGTCATTGCTGGA,3
rna-GTCTGTCACTGTAGCC,0
rna-GTCTGTCAAGTACAAG,0
rna-GTCTGTCAAACAACCA,0
rna-GTCTGTCAAACCGAGA,0
rna-GTCTGTCAAACGCTTA,0
rna-GTCTGTCAAAGACGGA,6
rna-GTCTGTCAAAGGTACA,0
rna-GTCTGTCAACACAGAA,0
rna-GTCTGTCAACAGCAGA,0
rna-GTCTGTCAAAACATCG,0
rna-GTCTGTCAACCTCCAA,0
rna-GTCTGTCAACGCTCGA,0
rna-GTCTGTCAACGTATCA,0
rna-GTCTGTCAACTATGCA,0
rna-GTCTGTCAAGAGTCAA,0
rna-GTCTGTCAAGATCGCA,0
rna-GTCTGTCAAGCAGGAA,0
rna-GTCTGTCAAGTCACTA,0
rna-GTCTGTCAATCCTGTA,3
rna-GTCTGTCAATTGAGGA,3
rna-GTCTGTCAATGCCTAA,0
rna-GTCTGTCACAACCACA,3
rna-GTCTGTCAGACTAGTA,3
rna-GTCTGTCACAATGGAA,1
rna-GTCTGTCACACTTCGA,1
rna-GTCTGTCACAGCGTTA,1
rna-GTCTGTCACATACCAA,1
rna-GTCTGTCACCAGTTCA,1
rna-GTCTGTCACCGAAGTA,1
rna-GTCTGTCACCGTGAGA,1
rna-GTCTGTCACCTCCTGA,1
rna-GTCTGTCAAGTGGTCA,0
rna-GTCTGTCACGAACTTA,1
rna-GTCTGTCACGACTGGA,1
rna-GTCTGTCACGCATACA,1
rna-GTCTGTCACTCAATGA,1
rna-GTCTGTCACTGAGCCA,1
rna-GTCTGTCACTGGCATA,1
rna-GTCTGTCAGAATCTGA,1
rna-GTCTGTCACAAGACTA,1
rna-GTCTGTCAGAGCTGAA,1
rna-GTCTGTCAGATAGACA,1
rna-GTCTGTCAACCACTGT,0
rna-GTCTGTCAGCCACATA,1
rna-GTCTGTCAGCGAGTAA,1
rna-GTCTGTCAGCTAACGA,1
rna-GTCTGTCAGCTCGGTA,1
rna-GTCTGTCAGGAGAACA,1
rna-GTCTGTCAGGTGCGAA,1
rna-GTCTGTCAGTACGCAA,1
rna-GTCTGTCAGTCGTAGA,1
rna-GTCTGTCAGTCTGTCA,1
rna-GTCTGTCAGTGTTCTA,1
rna-GTCTGTCAACATTGGC,0
rna-GTCTGTCATAGGATGA,1
rna-GTCTGTCATATCAGCA,3
rna-GTCTGTCATCCGTCTA,3
rna-GTCTGTCATCTTCACA,1
rna-GTCTGTCATGAAGAGA,1
rna-GTCTGTCATGGAACAA,3
rna-GTCTGTCATGGCTTCA,3
rna-GTCTGTCATGGTGGTA,3
rna-GTCTGTCATTCACGCA,1
rna-GTCTGTCAAACTCACC,1
rna-GTCTGTCACAGATCTG,0
rna-GTCTGTCAAAGAGATC,1
rna-GTCTGTCAAAGGACAC,1
rna-GTCTGTCAAATCCGTC,1
rna-GTCTGTCAAATGTTGC,1
rna-GTCTGTCAACACGACC,1
rna-GTCTGTCAACAGATTC,1
rna-GTCTGTCAAGATGTAC,5
rna-GTCTGTCAAGCACCTC,5
rna-GTCTGTCAAGCCATGC,5
rna-GTCTGTCAAGGCTAAC,5
rna-GTCTGTCACATCAAGT,0
rna-GTCTGTCAATAGCGAC,5
rna-GTCTGTCAATCATTCC,2
rna-GTCTGTCAATTGGCTC,2
rna-GTCTGTCACAAGGAGC,7
rna-GTCTGTCACACCTTAC,3
rna-GTCTGTCACCATCCTC,3
rna-GTCTGTCACCGACAAC,3
rna-GTCTGTCACCTAATCC,3
rna-GTCTGTCACCTCTATC,3
rna-GTCTGTCACGACACAC,3
rna-GTCTGTCACGCTGATC,0
rna-GTCTGTCACGGATTGC,3
rna-GTCTGTCACTAAGGTC,3
rna-GTCTGTCAGAACAGGC,3
rna-GTCTGTCAGACAGTGC,3
rna-GTCTGTCAGAGTTAGC,3
rna-GTCTGTCAGATGAATC,3
rna-GTCTGTCAGCCAAGAC,3
rna-GTCTGTCACGGAAGAA,3
rna-GTCTGTCAGTGACAAG,3
rna-GTCTGTCAGAACCAGA,3
rna-GTCGTAGAAACGTGAT,0
rna-GTCGTAGAACAAGCTA,0
rna-GTCGTAGATTGCTGGA,3
rna-GTCGTAGACTGTAGCC,0
rna-GTCGTAGAAGTACAAG,0
rna-GTCGTAGAAACAACCA,0
rna-GTCGTAGAAACCGAGA,0
rna-GTCGTAGAAACGCTTA,0
rna-GTCGTAGAAAGACGGA,0
rna-GTCGTAGAAAGGTACA,0
rna-GTCGTAGAACACAGAA,0
rna-GTCGTAGAACAGCAGA,0
rna-GTCGTAGAAAACATCG,0
rna-GTCGTAGAACCTCCAA,0
rna-GTCGTAGAACGCTCGA,0
rna-GTCGTAGAACGTATCA,0
rna-GTCGTAGAACTATGCA,0
rna-GTCGTAGAAGAGTCAA,0
rna-GTCGTAGAAGATCGCA,0
rna-GTCGTAGAAGCAGGAA,0
rna-GTCGTAGAAGTCACTA,0
rna-GTCGTAGAATCCTGTA,3
rna-GTCGTAGAATTGAGGA,3
rna-GTCGTAGAATGCCTAA,0
rna-GTCGTAGACAACCACA,3
rna-GTCGTAGAGACTAGTA,3
rna-GTCGTAGACAATGGAA,1
rna-GTCGTAGACACTTCGA,1
rna-GTCGTAGACAGCGTTA,1
rna-GTCGTAGACATACCAA,1
rna-GTCGTAGACCAGTTCA,1
rna-GTCGTAGACCGAAGTA,1
rna-GTCGTAGACCGTGAGA,1
rna-GTCGTAGACCTCCTGA,1
rna-GTCGTAGAAGTGGTCA,0
rna-GTCGTAGACGAACTTA,1
rna-GTCGTAGACGACTGGA,1
rna-GTCGTAGACGCATACA,1
rna-GTCGTAGACTCAATGA,1
rna-GTCGTAGACTGAGCCA,1
rna-GTCGTAGACTGGCATA,1
rna-GTCGTAGAGAATCTGA,1
rna-GTCGTAGACAAGACTA,1
rna-GTCGTAGAGAGCTGAA,1
rna-GTCGTAGAGATAGACA,1
rna-GTCGTAGAACCACTGT,0
rna-GTCGTAGAGCCACATA,1
rna-GTCGTAGAGCGAGTAA,1
rna-GTCGTAGAGCTAACGA,1
rna-GTCGTAGAGCTCGGTA,1
rna-GTCGTAGAGGAGAACA,1
rna-GTCGTAGAGGTGCGAA,1
rna-GTCGTAGAGTACGCAA,1
rna-GTCGTAGAGTCGTAGA,1
rna-GTCGTAGAGTCTGTCA,1
rna-GTCGTAGAGTGTTCTA,1
rna-GTCGTAGAACATTGGC,0
rna-GTCGTAGATAGGATGA,1
rna-GTCGTAGATATCAGCA,1
rna-GTCGTAGATCCGTCTA,1
rna-GTCGTAGATCTTCACA,1
rna-GTCGTAGATGAAGAGA,3
rna-GTCGTAGATGGAACAA,3
rna-GTCGTAGATGGCTTCA,3
rna-GTCGTAGATGGTGGTA,1
rna-GTCGTAGATTCACGCA,1
rna-GTCGTAGAAACTCACC,1
rna-GTCGTAGACAGATCTG,0
rna-GTCGTAGAAAGAGATC,1
rna-GTCGTAGAAAGGACAC,1
rna-GTCGTAGAAATCCGTC,1
rna-GTCGTAGAAATGTTGC,1
rna-GTCGTAGAACACGACC,1
rna-GTCGTAGAACAGATTC,1
rna-GTCGTAGAAGATGTAC,5
rna-GTCGTAGAAGCACCTC,5
rna-GTCGTAGAAGCCATGC,5
rna-GTCGTAGAAGGCTAAC,5
rna-GTCGTAGACATCAAGT,0
rna-GTCGTAGAATAGCGAC,5
rna-GTCGTAGAATCATTCC,2
rna-GTCGTAGAATTGGCTC,2
rna-GTCGTAGACAAGGAGC,2
rna-GTCGTAGACACCTTAC,2
rna-GTCGTAGACCATCCTC,3
rna-GTCGTAGACCGACAAC,3
rna-GTCGTAGACCTAATCC,3
rna-GTCGTAGACCTCTATC,3
rna-GTCGTAGACGACACAC,3
rna-GTCGTAGACGCTGATC,7
rna-GTCGTAGACGGATTGC,3
rna-GTCGTAGACTAAGGTC,3
rna-GTCGTAGAGAACAGGC,3
rna-GTCGTAGAGACAGTGC,3
rna-GTCGTAGAGAGTTAGC,3
rna-GTCGTAGAGATGAATC,3
rna-GTCGTAGAGCCAAGAC,3
rna-GTCGTAGACGGAAGAA,3
rna-GTCGTAGAGTGACAAG,3
rna-GTCGTAGAGAACCAGA,3
rna-GTACGCAAAACGTGAT,0
rna-GTACGCAAACAAGCTA,0
rna-GTACGCAATTGCTGGA,3
rna-GTACGCAACTGTAGCC,0
rna-GTACGCAAAGTACAAG,0
rna-GTACGCAAAACAACCA,0
rna-GTACGCAAAACCGAGA,0
rna-GTACGCAAAACGCTTA,0
rna-GTACGCAAAAGACGGA,0
rna-GTACGCAAAAGGTACA,0
rna-GTACGCAAACACAGAA,0
rna-GTACGCAAACAGCAGA,0
rna-GTACGCAAAAACATCG,0
rna-GTACGCAAACCTCCAA,0
rna-GTACGCAAACGCTCGA,0
rna-GTACGCAAACGTATCA,0
rna-GTACGCAAACTATGCA,0
rna-GTACGCAAAGAGTCAA,0
rna-GTACGCAAAGATCGCA,0
rna-GTACGCAAAGCAGGAA,0
rna-GTACGCAAAGTCACTA,3
rna-GTACGCAAATCCTGTA,3
rna-GTACGCAAATTGAGGA,3
rna-GTACGCAAATGCCTAA,0
rna-GTACGCAACAACCACA,3
rna-GTACGCAAGACTAGTA,1
rna-GTACGCAACAATGGAA,1
rna-GTACGCAACACTTCGA,1
rna-GTACGCAACAGCGTTA,1
rna-GTACGCAACATACCAA,1
rna-GTACGCAACCAGTTCA,1
rna-GTACGCAACCGAAGTA,1
rna-GTACGCAACCGTGAGA,1
rna-GTACGCAACCTCCTGA,1
rna-GTACGCAAAGTGGTCA,0
rna-GTACGCAACGAACTTA,1
rna-GTACGCAACGACTGGA,1
rna-GTACGCAACGCATACA,1
rna-GTACGCAACTCAATGA,1
rna-GTACGCAACTGAGCCA,1
rna-GTACGCAACTGGCATA,1
rna-GTACGCAAGAATCTGA,1
rna-GTACGCAACAAGACTA,1
rna-GTACGCAAGAGCTGAA,1
rna-GTACGCAAGATAGACA,1
rna-GTACGCAAACCACTGT,0
rna-GTACGCAAGCCACATA,1
rna-GTACGCAAGCGAGTAA,1
rna-GTACGCAAGCTAACGA,1
rna-GTACGCAAGCTCGGTA,1
rna-GTACGCAAGGAGAACA,1
rna-GTACGCAAGGTGCGAA,1
rna-GTACGCAAGTACGCAA,1
rna-GTACGCAAGTCGTAGA,1
rna-GTACGCAAGTCTGTCA,1
rna-GTACGCAAGTGTTCTA,1
rna-GTACGCAAACATTGGC,0
rna-GTACGCAATAGGATGA,1
rna-GTACGCAATATCAGCA,1
rna-GTACGCAATCCGTCTA,1
rna-GTACGCAATCTTCACA,1
rna-GTACGCAATGAAGAGA,3
rna-GTACGCAATGGAACAA,3
rna-GTACGCAATGGCTTCA,3
rna-GTACGCAATGGTGGTA,1
rna-GTACGCAATTCACGCA,1
rna-GTACGCAAAACTCACC,1
rna-GTACGCAACAGATCTG,0
rna-GTACGCAAAAGAGATC,1
rna-GTACGCAAAAGGACAC,1
rna-GTACGCAAAATCCGTC,1
rna-GTACGCAAAATGTTGC,1
rna-GTACGCAAACACGACC,1
rna-GTACGCAAACAGATTC,1
rna-GTACGCAAAGATGTAC,5
rna-GTACGCAAAGCACCTC,5
rna-GTACGCAAAGCCATGC,5
rna-GTACGCAAAGGCTAAC,5
rna-GTACGCAACATCAAGT,0
rna-GTACGCAAATAGCGAC,10
rna-GTACGCAAATCATTCC,2
rna-GTACGCAAATTGGCTC,2
rna-GTACGCAACAAGGAGC,2
rna-GTACGCAACACCTTAC,2
rna-GTACGCAACCATCCTC,2
rna-GTACGCAACCGACAAC,3
rna-GTACGCAACCTAATCC,3
rna-GTACGCAACCTCTATC,3
rna-GTACGCAACGACACAC,3
rna-GTACGCAACGCTGATC,0
rna-GTACGCAACGGATTGC,3
rna-GTACGCAACTAAGGTC,3
rna-GTACGCAAGAACAGGC,3
rna-GTACGCAAGACAGTGC,3
rna-GTACGCAAGAGTTAGC,3
rna-GTACGCAAGATGAATC,3
rna-GTACGCAAGCCAAGAC,3
rna-GTACGCAACGGAAGAA,3
rna-GTACGCAAGTGACAAG,3
rna-GTACGCAAGAACCAGA,3
rna-GGTGCGAAAACGTGAT,0
rna-GGTGCGAAACAAGCTA,0
rna-GGTGCGAATTGCTGGA,3
rna-GGTGCGAACTGTAGCC,0
rna-GGTGCGAAAGTACAAG,0
rna-GGTGCGAAAACAACCA,0
rna-GGTGCGAAAACCGAGA,0
rna-GGTGCGAAAACGCTTA,0
rna-GGTGCGAAAAGACGGA,0
rna-GGTGCGAAAAGGTACA,0
rna-GGTGCGAAACACAGAA,0
rna-GGTGCGAAACAGCAGA,0
rna-GGTGCGAAAAACATCG,0
rna-GGTGCGAAACCTCCAA,0
rna-GGTGCGAAACGCTCGA,0
rna-GGTGCGAAACGTATCA,0
rna-GGTGCGAAACTATGCA,0
rna-GGTGCGAAAGAGTCAA,3
rna-GGTGCGAAAGATCGCA,0
rna-GGTGCGAAAGCAGGAA,0
rna-GGTGCGAAAGTCACTA,3
rna-GGTGCGAAATCCTGTA,2
rna-GGTGCGAAATTGAGGA,3
rna-GGTGCGAAATGCCTAA,0
rna-GGTGCGAACAACCACA,1
rna-GGTGCGAAGACTAGTA,1
rna-GGTGCGAACAATGGAA,1
rna-GGTGCGAACACTTCGA,1
rna-GGTGCGAACAGCGTTA,1
rna-GGTGCGAACATACCAA,1
rna-GGTGCGAACCAGTTCA,1
rna-GGTGCGAACCGAAGTA,1
rna-GGTGCGAACCGTGAGA,1
rna-GGTGCGAACCTCCTGA,6
rna-GGTGCGAAAGTGGTCA,0
rna-GGTGCGAACGAACTTA,1
rna-GGTGCGAACGACTGGA,1
rna-GGTGCGAACGCATACA,1
rna-GGTGCGAACTCAATGA,1
rna-GGTGCGAACTGAGCCA,7
rna-GGTGCGAACTGGCATA,2
rna-GGTGCGAAGAATCTGA,1
rna-GGTGCGAACAAGACTA,1
rna-GGTGCGAAGAGCTGAA,1
rna-GGTGCGAAGATAGACA,1
rna-GGTGCGAAACCACTGT,0
rna-GGTGCGAAGCCACATA,1
rna-GGTGCGAAGCGAGTAA,1
rna-GGTGCGAAGCTAACGA,1
rna-GGTGCGAAGCTCGGTA,1
rna-GGTGCGAAGGAGAACA,1
rna-GGTGCGAAGGTGCGAA,1
rna-GGTGCGAAGTACGCAA,1
rna-GGTGCGAAGTCGTAGA,1
rna-GGTGCGAAGTCTGTCA,1
rna-GGTGCGAAGTGTTCTA,1
rna-GGTGCGAAACATTGGC,0
rna-GGTGCGAATAGGATGA,3
rna-GGTGCGAATATCAGCA,3
rna-GGTGCGAATCCGTCTA,1
rna-GGTGCGAATCTTCACA,1
rna-GGTGCGAATGAAGAGA,1
rna-GGTGCGAATGGAACAA,1
rna-GGTGCGAATGGCTTCA,1
rna-GGTGCGAATGGTGGTA,1
rna-GGTGCGAATTCACGCA,1
rna-GGTGCGAAAACTCACC,1
rna-GGTGCGAACAGATCTG,0
rna-GGTGCGAAAAGAGATC,1
rna-GGTGCGAAAAGGACAC,3
rna-GGTGCGAAAATCCGTC,1
rna-GGTGCGAAAATGTTGC,1
rna-GGTGCGAAACACGACC,1
rna-GGTGCGAAACAGATTC,1
rna-GGTGCGAAAGATGTAC,5
rna-GGTGCGAAAGCACCTC,5
rna-GGTGCGAAAGCCATGC,5
rna-GGTGCGAAAGGCTAAC,5
rna-GGTGCGAACATCAAGT,0
rna-GGTGCGAAATAGCGAC,5
rna-GGTGCGAAATCATTCC,2
rna-GGTGCGAAATTGGCTC,7
rna-GGTGCGAACAAGGAGC,2
rna-GGTGCGAACACCTTAC,2
rna-GGTGCGAACCATCCTC,2
rna-GGTGCGAACCGACAAC,2
rna-GGTGCGAACCTAATCC,3
rna-GGTGCGAACCTCTATC,3
rna-GGTGCGAACGACACAC,3
rna-GGTGCGAACGCTGATC,0
rna-GGTGCGAACGGATTGC,3
rna-GGTGCGAACTAAGGTC,3
rna-GGTGCGAAGAACAGGC,3
rna-GGTGCGAAGACAGTGC,3
rna-GGTGCGAAGAGTTAGC,3
rna-GGTGCGAAGATGAATC,3
rna-GGTGCGAAGCCAAGAC,3
rna-GGTGCGAACGGAAGAA,3
rna-GGTGCGAAGTGACAAG,3
rna-GGTGCGAAGAACCAGA,3
rna-GGAGAACAAACGTGAT,0
rna-GGAGAACAACAAGCTA,0
rna-GGAGAACATTGCTGGA,3
rna-GGAGAACACTGTAGCC,0
rna-GGAGAACAAGTACAAG,0
rna-GGAGAACAAACAACCA,0
rna-GGAGAACAAACCGAGA,0
rna-GGAGAACAAACGCTTA,6
rna-GGAGAACAAAGACGGA,0
rna-GGAGAACAAAGGTACA,0
rna-GGAGAACAACACAGAA,0
rna-GGAGAACAACAGCAGA,0
rna-GGAGAACAAAACATCG,0
rna-GGAGAACAACCTCCAA,0
rna-GGAGAACAACGCTCGA,0
rna-GGAGAACAACGTATCA,0
rna-GGAGAACAACTATGCA,0
rna-GGAGAACAAGAGTCAA,0
rna-GGAGAACAAGATCGCA,6
rna-GGAGAACAAGCAGGAA,0
rna-GGAGAACAAGTCACTA,3
rna-GGAGAACAATCCTGTA,3
rna-GGAGAACAATTGAGGA,3
rna-GGAGAACAATGCCTAA,0
rna-GGAGAACACAACCACA,1
rna-GGAGAACAGACTAGTA,1
rna-GGAGAACACAATGGAA,1
rna-GGAGAACACACTTCGA,1
rna-GGAGAACACAGCGTTA,1
rna-GGAGAACACATACCAA,1
rna-GGAGAACACCAGTTCA,1
rna-GGAGAACACCGAAGTA,1
rna-GGAGAACACCGTGAGA,1
rna-GGAGAACACCTCCTGA,1
rna-GGAGAACAAGTGGTCA,0
rna-GGAGAACACGAACTTA,1
rna-GGAGAACACGACTGGA,1
rna-GGAGAACACGCATACA,1
rna-GGAGAACACTCAATGA,1
rna-GGAGAACACTGAGCCA,1
rna-GGAGAACACTGGCATA,7
rna-GGAGAACAGAATCTGA,1
rna-GGAGAACACAAGACTA,1
rna-GGAGAACAGAGCTGAA,1
rna-GGAGAACAGATAGACA,1
rna-GGAGAACAACCACTGT,0
rna-GGAGAACAGCCACATA,1
rna-GGAGAACAGCGAGTAA,1
rna-GGAGAACAGCTAACGA,1
rna-GGAGAACAGCTCGGTA,1
rna-GGAGAACAGGAGAACA,1
rna-GGAGAACAGGTGCGAA,1
rna-GGAGAACAGTACGCAA,1
rna-GGAGAACAGTCGTAGA,1
rna-GGAGAACAGTCTGTCA,1
rna-GGAGAACAGTGTTCTA,3
rna-GGAGAACAACATTGGC,0
rna-GGAGAACATAGGATGA,3
rna-GGAGAACATATCAGCA,3
rna-GGAGAACATCCGTCTA,1
rna-GGAGAACATCTTCACA,1
rna-GGAGAACATGAAGAGA,1
rna-GGAGAACATGGAACAA,1
rna-GGAGAACATGGCTTCA,1
rna-GGAGAACATGGTGGTA,1
rna-GGAGAACATTCACGCA,1
rna-GGAGAACAAACTCACC,1
rna-GGAGAACACAGATCTG,0
rna-GGAGAACAAAGAGATC,3
rna-GGAGAACAAAGGACAC,5
rna-GGAGAACAAATCCGTC,1
rna-GGAGAACAAATGTTGC,11
rna-GGAGAACAACACGACC,1
rna-GGAGAACAACAGATTC,5
rna-GGAGAACAAGATGTAC,5
rna-GGAGAACAAGCACCTC,5
rna-GGAGAACAAGCCATGC,5
rna-GGAGAACAAGGCTAAC,5
rna-GGAGAACACATCAAGT,0
rna-GGAGAACAATAGCGAC,2
rna-GGAGAACAATCATTCC,2
rna-GGAGAACAATTGGCTC,2
rna-GGAGAACACAAGGAGC,2
rna-GGAGAACACACCTTAC,2
rna-GGAGAACACCATCCTC,7
rna-GGAGAACACCGACAAC,2
rna-GGAGAACACCTAATCC,3
rna-GGAGAACACCTCTATC,3
rna-GGAGAACACGACACAC,3
rna-GGAGAACACGCTGATC,7
rna-GGAGAACACGGATTGC,2
rna-GGAGAACACTAAGGTC,3
rna-GGAGAACAGAACAGGC,3
rna-GGAGAACAGACAGTGC,3
rna-GGAGAACAGAGTTAGC,3
rna-GGAGAACAGATGAATC,3
rna-GGAGAACAGCCAAGAC,2
rna-GGAGAACACGGAAGAA,3
rna-GGAGAACAGTGACAAG,3
rna-GGAGAACAGAACCAGA,2
rna-GCTCGGTAAACGTGAT,0
rna-GCTCGGTAACAAGCTA,0
rna-GCTCGGTATTGCTGGA,2
rna-GCTCGGTACTGTAGCC,0
rna-GCTCGGTAAGTACAAG,0
rna-GCTCGGTAAACAACCA,0
rna-GCTCGGTAAACCGAGA,0
rna-GCTCGGTAAACGCTTA,0
rna-GCTCGGTAAAGACGGA,0
rna-GCTCGGTAAAGGTACA,0
rna-GCTCGGTAACACAGAA,0
rna-GCTCGGTAACAGCAGA,0
rna-GCTCGGTAAAACATCG,0
rna-GCTCGGTAACCTCCAA,0
rna-GCTCGGTAACGCTCGA,0
rna-GCTCGGTAACGTATCA,0
rna-GCTCGGTAACTATGCA,0
rna-GCTCGGTAAGAGTCAA,0
rna-GCTCGGTAAGATCGCA,0
rna-GCTCGGTAAGCAGGAA,7
rna-GCTCGGTAAGTCACTA,3
rna-GCTCGGTAATCCTGTA,3
rna-GCTCGGTAATTGAGGA,3
rna-GCTCGGTAATGCCTAA,6
rna-GCTCGGTACAACCACA,1
rna-GCTCGGTAGACTAGTA,1
rna-GCTCGGTACAATGGAA,1
rna-GCTCGGTACACTTCGA,1
rna-GCTCGGTACAGCGTTA,1
rna-GCTCGGTACATACCAA,1
rna-GCTCGGTACCAGTTCA,1
rna-GCTCGGTACCGAAGTA,1
rna-GCTCGGTACCGTGAGA,1
rna-GCTCGGTACCTCCTGA,1
rna-GCTCGGTAAGTGGTCA,6
rna-GCTCGGTACGAACTTA,1
rna-GCTCGGTACGACTGGA,1
rna-GCTCGGTACGCATACA,1
rna-GCTCGGTACTCAATGA,1
rna-GCTCGGTACTGAGCCA,1
rna-GCTCGGTACTGGCATA,1
rna-GCTCGGTAGAATCTGA,1
rna-GCTCGGTACAAGACTA,1
rna-GCTCGGTAGAGCTGAA,1
rna-GCTCGGTAGATAGACA,1
rna-GCTCGGTAACCACTGT,0
rna-GCTCGGTAGCCACATA,1
rna-GCTCGGTAGCGAGTAA,1
rna-GCTCGGTAGCTAACGA,1
rna-GCTCGGTAGCTCGGTA,1
rna-GCTCGGTAGGAGAACA,1
rna-GCTCGGTAGGTGCGAA,1
rna-GCTCGGTAGTACGCAA,1
rna-GCTCGGTAGTCGTAGA,1
rna-GCTCGGTAGTCTGTCA,1
rna-GCTCGGTAGTGTTCTA,1
rna-GCTCGGTAACATTGGC,0
rna-GCTCGGTATAGGATGA,1
rna-GCTCGGTATATCAGCA,1
rna-GCTCGGTATCCGTCTA,1
rna-GCTCGGTATCTTCACA,1
rna-GCTCGGTATGAAGAGA,1
rna-GCTCGGTATGGAACAA,1
rna-GCTCGGTATGGCTTCA,1
rna-GCTCGGTATGGTGGTA,1
rna-GCTCGGTATTCACGCA,1
rna-GCTCGGTAAACTCACC,1
rna-GCTCGGTACAGATCTG,0
rna-GCTCGGTAAAGAGATC,1
rna-GCTCGGTAAAGGACAC,5
rna-GCTCGGTAAATCCGTC,1
rna-GCTCGGTAAATGTTGC,1
rna-GCTCGGTAACACGACC,1
rna-GCTCGGTAACAGATTC,5
rna-GCTCGGTAAGATGTAC,5
rna-GCTCGGTAAGCACCTC,5
rna-GCTCGGTAAGCCATGC,5
rna-GCTCGGTAAGGCTAAC,5
rna-GCTCGGTACATCAAGT,2
rna-GCTCGGTAATAGCGAC,2
rna-GCTCGGTAATCATTCC,2
rna-GCTCGGTAATTGGCTC,2
rna-GCTCGGTACAAGGAGC,2
rna-GCTCGGTACACCTTAC,2
rna-GCTCGGTACCATCCTC,2
rna-GCTCGGTACCGACAAC,2
rna-GCTCGGTACCTAATCC,2
rna-GCTCGGTACCTCTATC,2
rna-GCTCGGTACGACACAC,2
rna-GCTCGGTACGCTGATC,0
rna-GCTCGGTACGGATTGC,2
rna-GCTCGGTACTAAGGTC,2
rna-GCTCGGTAGAACAGGC,2
rna-GCTCGGTAGACAGTGC,2
rna-GCTCGGTAGAGTTAGC,2
rna-GCTCGGTAGATGAATC,2
rna-GCTCGGTAGCCAAGAC,2
rna-GCTCGGTACGGAAGAA,2
rna-GCTCGGTAGTGACAAG,2
rna-GCTCGGTAGAACCAGA,2
rna-GCTAACGAAACGTGAT,0
rna-GCTAACGAACAAGCTA,2
rna-GCTAACGATTGCTGGA,2
rna-GCTAACGACTGTAGCC,0
rna-GCTAACGAAGTACAAG,0
rna-GCTAACGAAACAACCA,0
rna-GCTAACGAAACCGAGA,0
rna-GCTAACGAAACGCTTA,0
rna-GCTAACGAAAGACGGA,0
rna-GCTAACGAAAGGTACA,0
rna-GCTAACGAACACAGAA,0
rna-GCTAACGAACAGCAGA,0
rna-GCTAACGAAAACATCG,6
rna-GCTAACGAACCTCCAA,0
rna-GCTAACGAACGCTCGA,0
rna-GCTAACGAACGTATCA,0
rna-GCTAACGAACTATGCA,0
rna-GCTAACGAAGAGTCAA,0
rna-GCTAACGAAGATCGCA,0
rna-GCTAACGAAGCAGGAA,0
rna-GCTAACGAAGTCACTA,3
rna-GCTAACGAATCCTGTA,3
rna-GCTAACGAATTGAGGA,3
rna-GCTAACGAATGCCTAA,0
rna-GCTAACGACAACCACA,1
rna-GCTAACGAGACTAGTA,1
rna-GCTAACGACAATGGAA,1
rna-GCTAACGACACTTCGA,1
rna-GCTAACGACAGCGTTA,1
rna-GCTAACGACATACCAA,1
rna-GCTAACGACCAGTTCA,1
rna-GCTAACGACCGAAGTA,1
rna-GCTAACGACCGTGAGA,1
rna-GCTAACGACCTCCTGA,1
rna-GCTAACGAAGTGGTCA,2
rna-GCTAACGACGAACTTA,1
rna-GCTAACGACGACTGGA,1
rna-GCTAACGACGCATACA,1
rna-GCTAACGACTCAATGA,1
rna-GCTAACGACTGAGCCA,1
rna-GCTAACGACTGGCATA,1
rna-GCTAACGAGAATCTGA,1
rna-GCTAACGACAAGACTA,1
rna-GCTAACGAGAGCTGAA,1
rna-GCTAACGAGATAGACA,5
rna-GCTAACGAACCACTGT,0
rna-GCTAACGAGCCACATA,1
rna-GCTAACGAGCGAGTAA,1
rna-GCTAACGAGCTAACGA,1
rna-GCTAACGAGCTCGGTA,1
rna-GCTAACGAGGAGAACA,1
rna-GCTAACGAGGTGCGAA,1
rna-GCTAACGAGTACGCAA,1
rna-GCTAACGAGTCGTAGA,1
rna-GCTAACGAGTCTGTCA,1
rna-GCTAACGAGTGTTCTA,1
rna-GCTAACGAACATTGGC,0
rna-GCTAACGATAGGATGA,1
rna-GCTAACGATATCAGCA,1
rna-GCTAACGATCCGTCTA,7
rna-GCTAACGATCTTCACA,1
rna-GCTAACGATGAAGAGA,1
rna-GCTAACGATGGAACAA,1
rna-GCTAACGATGGCTTCA,1
rna-GCTAACGATGGTGGTA,1
rna-GCTAACGATTCACGCA,1
rna-GCTAACGAAACTCACC,1
rna-GCTAACGACAGATCTG,0
rna-GCTAACGAAAGAGATC,1
rna-GCTAACGAAAGGACAC,1
rna-GCTAACGAAATCCGTC,1
rna-GCTAACGAAATGTTGC,1
rna-GCTAACGAACACGACC,1
rna-GCTAACGAACAGATTC,5
rna-GCTAACGAAGATGTAC,5
rna-GCTAACGAAGCACCTC,5
rna-GCTAACGAAGCCATGC,5
rna-GCTAACGAAGGCTAAC,2
rna-GCTAACGACATCAAGT,2
rna-GCTAACGAATAGCGAC,2
rna-GCTAACGAATCATTCC,2
rna-GCTAACGAATTGGCTC,2
rna-GCTAACGACAAGGAGC,2
rna-GCTAACGACACCTTAC,2
rna-GCTAACGACCATCCTC,2
rna-GCTAACGACCGACAAC,2
rna-GCTAACGACCTAATCC,2
rna-GCTAACGACCTCTATC,2
rna-GCTAACGACGACACAC,2
rna-GCTAACGACGCTGATC,0
rna-GCTAACGACGGATTGC,2
rna-GCTAACGACTAAGGTC,7
rna-GCTAACGAGAACAGGC,2
rna-GCTAACGAGACAGTGC,2
rna-GCTAACGAGAGTTAGC,9
rna-GCTAACGAGATGAATC,2
rna-GCTAACGAGCCAAGAC,2
rna-GCTAACGACGGAAGAA,2
rna-GCTAACGAGTGACAAG,2
rna-GCTAACGAGAACCAGA,2
rna-CGGAAGAAACAAGCTA,0
rna-CGGAAGAATTGCTGGA,0
rna-CGGAAGAACTGTAGCC,0
rna-CGGAAGAAAGTACAAG,0
rna-CGGAAGAAAACAACCA,0
rna-CGGAAGAAAACCGAGA,9
rna-CGGAAGAAAACGCTTA,0
rna-CGGAAGAAAAGACGGA,0
rna-CGGAAGAAAAGGTACA,0
rna-CGGAAGAAACACAGAA,0
rna-CGGAAGAAACAGCAGA,0
rna-CGGAAGAAACCTCCAA,0
rna-CGGAAGAAACGCTCGA,0
rna-CGGAAGAAACGTATCA,0
rna-CGGAAGAAACTATGCA,0
rna-CGGAAGAAAGAGTCAA,0
rna-CGGAAGAAAGATCGCA,0
rna-CGGAAGAAAGCAGGAA,0
rna-CGGAAGAAAGTCACTA,0
rna-CGGAAGAAATCCTGTA,0
rna-CGGAAGAAATTGAGGA,6
rna-CGGAAGAACAACCACA,0
rna-CGGAAGAAGACTAGTA,0
rna-CGGAAGAACAATGGAA,0
rna-CGGAAGAACACTTCGA,0
rna-CGGAAGAACAGCGTTA,0
rna-CGGAAGAACATACCAA,0
rna-CGGAAGAACCAGTTCA,0
rna-CGGAAGAACCGAAGTA,0
rna-CGGAAGAACCGTGAGA,0
rna-CGGAAGAACCTCCTGA,0
rna-CGGAAGAACGAACTTA,0
rna-CGGAAGAACGACTGGA,0
rna-CGGAAGAACGCATACA,0
rna-CGGAAGAACTCAATGA,0
rna-CGGAAGAACTGAGCCA,0
rna-CGGAAGAACTGGCATA,0
rna-CGGAAGAAGAATCTGA,0
rna-CGGAAGAACAAGACTA,0
rna-CGGAAGAAGAGCTGAA,0
rna-CGGAAGAAGATAGACA,0
rna-CGGAAGAAGCCACATA,0
rna-CGGAAGAAGCGAGTAA,0
rna-CGGAAGAAGCTAACGA,0
rna-CGGAAGAAGCTCGGTA,0
rna-CGGAAGAAGGAGAACA,0
rna-CGGAAGAAGGTGCGAA,0
rna-CGGAAGAAGTACGCAA,0
rna-CGGAAGAAGTCGTAGA,0
rna-CGGAAGAAGTCTGTCA,0
rna-CGGAAGAAGTGTTCTA,0
rna-CGGAAGAATAGGATGA,0
rna-CGGAAGAATATCAGCA,0
rna-CGGAAGAATCCGTCTA,0
rna-CGGAAGAATCTTCACA,0
rna-CGGAAGAATGAAGAGA,0
rna-CGGAAGAATGGAACAA,0
rna-CGGAAGAATGGCTTCA,0
rna-CGGAAGAATGGTGGTA,0
rna-CGGAAGAATTCACGCA,0
rna-CGGAAGAAAACTCACC,0
rna-CGGAAGAAAAGAGATC,0
rna-CGGAAGAAAAGGACAC,0
rna-CGGAAGAAAATCCGTC,0
rna-CGGAAGAAAATGTTGC,0
rna-CGGAAGAAACACGACC,0
rna-CGGAAGAAACAGATTC,0
rna-CGGAAGAAAGATGTAC,0
rna-CGGAAGAAAGCACCTC,0
rna-CGGAAGAAAGCCATGC,0
rna-CGGAAGAAAGGCTAAC,0
rna-CGGAAGAAATAGCGAC,0
rna-CGGAAGAAATCATTCC,0
rna-CGGAAGAAATTGGCTC,0
rna-CGGAAGAACAAGGAGC,0
rna-CGGAAGAACACCTTAC,0
rna-CGGAAGAACCATCCTC,0
rna-CGGAAGAACCGACAAC,0
rna-CGGAAGAACCTAATCC,0
rna-CGGAAGAACCTCTATC,0
rna-CGGAAGAACGACACAC,0
rna-CGGAAGAACGGATTGC,0
rna-CGGAAGAACTAAGGTC,2
rna-CGGAAGAAGAACAGGC,2
rna-CGGAAGAAGACAGTGC,2
rna-CGGAAGAAGAGTTAGC,6
rna-CGGAAGAAGATGAATC,6
rna-CGGAAGAAGCCAAGAC,7
rna-CGGAAGAACGGAAGAA,0
rna-CGGAAGAAGTGACAAG,0
rna-CGGAAGAAGAACCAGA,0
rna-GCGAGTAAAACGTGAT,0
rna-GCGAGTAAACAAGCTA,0
rna-GCGAGTAATTGCTGGA,2
rna-GCGAGTAACTGTAGCC,0
rna-GCGAGTAAAGTACAAG,0
rna-GCGAGTAAAACAACCA,0
rna-GCGAGTAAAACCGAGA,6
rna-GCGAGTAAAACGCTTA,0
rna-GCGAGTAAAAGACGGA,0
rna-GCGAGTAAAAGGTACA,0
rna-GCGAGTAAACACAGAA,0
rna-GCGAGTAAACAGCAGA,0
rna-GCGAGTAAAAACATCG,0
rna-GCGAGTAAACCTCCAA,0
rna-GCGAGTAAACGCTCGA,0
rna-GCGAGTAAACGTATCA,0
rna-GCGAGTAAACTATGCA,0
rna-GCGAGTAAAGAGTCAA,0
rna-GCGAGTAAAGATCGCA,0
rna-GCGAGTAAAGCAGGAA,2
rna-GCGAGTAAAGTCACTA,3
rna-GCGAGTAAATCCTGTA,3
rna-GCGAGTAAATTGAGGA,1
rna-GCGAGTAAATGCCTAA,0
rna-GCGAGTAACAACCACA,1
rna-GCGAGTAAGACTAGTA,1
rna-GCGAGTAACAATGGAA,1
rna-GCGAGTAACACTTCGA,1
rna-GCGAGTAACAGCGTTA,1
rna-GCGAGTAACATACCAA,1
rna-GCGAGTAACCAGTTCA,1
rna-GCGAGTAACCGAAGTA,1
rna-GCGAGTAACCGTGAGA,1
rna-GCGAGTAACCTCCTGA,1
rna-GCGAGTAAAGTGGTCA,0
rna-GCGAGTAACGAACTTA,1
rna-GCGAGTAACGACTGGA,1
rna-GCGAGTAACGCATACA,1
rna-GCGAGTAACTCAATGA,1
rna-GCGAGTAACTGAGCCA,1
rna-GCGAGTAACTGGCATA,1
rna-GCGAGTAAGAATCTGA,1
rna-GCGAGTAACAAGACTA,1
rna-GCGAGTAAGAGCTGAA,1
rna-GCGAGTAAGATAGACA,1
rna-GCGAGTAAACCACTGT,0
rna-GCGAGTAAGCCACATA,1
rna-GCGAGTAAGCGAGTAA,1
rna-GCGAGTAAGCTAACGA,1
rna-GCGAGTAAGCTCGGTA,1
rna-GCGAGTAAGGAGAACA,1
rna-GCGAGTAAGGTGCGAA,1
rna-GCGAGTAAGTACGCAA,1
rna-GCGAGTAAGTCGTAGA,1
rna-GCGAGTAAGTCTGTCA,3
rna-GCGAGTAAGTGTTCTA,1
rna-GCGAGTAAACATTGGC,0
rna-GCGAGTAATAGGATGA,1
rna-GCGAGTAATATCAGCA,1
rna-GCGAGTAATCCGTCTA,1
rna-GCGAGTAATCTTCACA,3
rna-GCGAGTAATGAAGAGA,1
rna-GCGAGTAATGGAACAA,1
rna-GCGAGTAATGGCTTCA,1
rna-GCGAGTAATGGTGGTA,1
rna-GCGAGTAATTCACGCA,1
rna-GCGAGTAAAACTCACC,1
rna-GCGAGTAACAGATCTG,0
rna-GCGAGTAAAAGAGATC,1
rna-GCGAGTAAAAGGACAC,1
rna-GCGAGTAAAATCCGTC,1
rna-GCGAGTAAAATGTTGC,1
rna-GCGAGTAAACACGACC,1
rna-GCGAGTAAACAGATTC,5
rna-GCGAGTAAAGATGTAC,5
rna-GCGAGTAAAGCACCTC,5
rna-GCGAGTAAAGCCATGC,5
rna-GCGAGTAAAGGCTAAC,2
rna-GCGAGTAACATCAAGT,0
rna-GCGAGTAAATAGCGAC,2
rna-GCGAGTAAATCATTCC,2
rna-GCGAGTAAATTGGCTC,2
rna-GCGAGTAACAAGGAGC,2
rna-GCGAGTAACACCTTAC,2
rna-GCGAGTAACCATCCTC,0
rna-GCGAGTAACCGACAAC,2
rna-GCGAGTAACCTAATCC,2
rna-GCGAGTAACCTCTATC,11
rna-GCGAGTAACGACACAC,2
rna-GCGAGTAACGCTGATC,0
rna-GCGAGTAACGGATTGC,2
rna-GCGAGTAACTAAGGTC,2
rna-GCGAGTAAGAACAGGC,2
rna-GCGAGTAAGACAGTGC,2
rna-GCGAGTAAGAGTTAGC,2
rna-GCGAGTAAGATGAATC,2
rna-GCGAGTAAGCCAAGAC,2
rna-GCGAGTAACGGAAGAA,2
rna-GCGAGTAAGTGACAAG,2
rna-GCGAGTAAGAACCAGA,2
rna-GCCACATAAACGTGAT,0
rna-GCCACATAACAAGCTA,0
rna-GCCACATATTGCTGGA,2
rna-GCCACATACTGTAGCC,0
rna-GCCACATAAGTACAAG,0
rna-GCCACATAAACAACCA,0
rna-GCCACATAAACCGAGA,0
rna-GCCACATAAACGCTTA,2
rna-GCCACATAAAGACGGA,0
rna-GCCACATAAAGGTACA,0
rna-GCCACATAACACAGAA,0
rna-GCCACATAACAGCAGA,0
rna-GCCACATAAAACATCG,0
rna-GCCACATAACCTCCAA,0
rna-GCCACATAACGCTCGA,0
rna-GCCACATAACGTATCA,0
rna-GCCACATAACTATGCA,0
rna-GCCACATAAGAGTCAA,3
rna-GCCACATAAGATCGCA,11
rna-GCCACATAAGCAGGAA,0
rna-GCCACATAAGTCACTA,3
rna-GCCACATAATCCTGTA,3
rna-GCCACATAATTGAGGA,3
rna-GCCACATAATGCCTAA,0
rna-GCCACATACAACCACA,1
rna-GCCACATAGACTAGTA,1
rna-GCCACATACAATGGAA,1
rna-GCCACATACACTTCGA,1
rna-GCCACATACAGCGTTA,1
rna-GCCACATACATACCAA,1
rna-GCCACATACCAGTTCA,1
rna-GCCACATACCGAAGTA,1
rna-GCCACATACCGTGAGA,1
rna-GCCACATACCTCCTGA,1
rna-GCCACATAAGTGGTCA,0
rna-GCCACATACGAACTTA,1
rna-GCCACATACGACTGGA,1
rna-GCCACATACGCATACA,1
rna-GCCACATACTCAATGA,1
rna-GCCACATACTGAGCCA,1
rna-GCCACATACTGGCATA,1
rna-GCCACATAGAATCTGA,1
rna-GCCACATACAAGACTA,1
rna-GCCACATAGAGCTGAA,1
rna-GCCACATAGATAGACA,1
rna-GCCACATAACCACTGT,0
rna-GCCACATAGCCACATA,1
rna-GCCACATAGCGAGTAA,1
rna-GCCACATAGCTAACGA,1
rna-GCCACATAGCTCGGTA,1
rna-GCCACATAGGAGAACA,1
rna-GCCACATAGGTGCGAA,1
rna-GCCACATAGTACGCAA,1
rna-GCCACATAGTCGTAGA,1
rna-GCCACATAGTCTGTCA,1
rna-GCCACATAGTGTTCTA,3
rna-GCCACATAACATTGGC,0
rna-GCCACATATAGGATGA,1
rna-GCCACATATATCAGCA,1
rna-GCCACATATCCGTCTA,1
rna-GCCACATATCTTCACA,1
rna-GCCACATATGAAGAGA,1
rna-GCCACATATGGAACAA,1
rna-GCCACATATGGCTTCA,1
rna-GCCACATATGGTGGTA,1
rna-GCCACATATTCACGCA,3
rna-GCCACATAAACTCACC,1
rna-GCCACATACAGATCTG,0
rna-GCCACATAAAGAGATC,1
rna-GCCACATAAAGGACAC,1
rna-GCCACATAAATCCGTC,1
rna-GCCACATAAATGTTGC,1
rna-GCCACATAACACGACC,1
rna-GCCACATAACAGATTC,5
rna-GCCACATAAGATGTAC,5
rna-GCCACATAAGCACCTC,5
rna-GCCACATAAGCCATGC,2
rna-GCCACATAAGGCTAAC,2
rna-GCCACATACATCAAGT,0
rna-GCCACATAATAGCGAC,2
rna-GCCACATAATCATTCC,2
rna-GCCACATAATTGGCTC,2
rna-GCCACATACAAGGAGC,2
rna-GCCACATACACCTTAC,2
rna-GCCACATACCATCCTC,2
rna-GCCACATACCGACAAC,2
rna-GCCACATACCTAATCC,2
rna-GCCACATACCTCTATC,2
rna-GCCACATACGACACAC,2
rna-GCCACATACGCTGATC,0
rna-GCCACATACGGATTGC,2
rna-GCCACATACTAAGGTC,2
rna-GCCACATAGAACAGGC,2
rna-GCCACATAGACAGTGC,2
rna-GCCACATAGAGTTAGC,9
rna-GCCACATAGATGAATC,2
rna-GCCACATAGCCAAGAC,2
rna-GCCACATACGGAAGAA,2
rna-GCCACATAGTGACAAG,2
rna-GCCACATAGAACCAGA,2
rna-GATAGACAAACGTGAT,0
rna-GATAGACAACAAGCTA,0
rna-GATAGACATTGCTGGA,2
rna-GATAGACACTGTAGCC,0
rna-GATAGACAAGTACAAG,0
rna-GATAGACAAACAACCA,0
rna-GATAGACAAACCGAGA,0
rna-GATAGACAAACGCTTA,0
rna-GATAGACAAAGACGGA,0
rna-GATAGACAAAGGTACA,0
rna-GATAGACAACACAGAA,0
rna-GATAGACAACAGCAGA,0
rna-GATAGACAAAACATCG,0
rna-GATAGACAACCTCCAA,0
rna-GATAGACAACGCTCGA,0
rna-GATAGACAACGTATCA,0
rna-GATAGACAACTATGCA,0
rna-GATAGACAAGAGTCAA,0
rna-GATAGACAAGATCGCA,0
rna-GATAGACAAGCAGGAA,0
rna-GATAGACAAGTCACTA,3
rna-GATAGACAATCCTGTA,2
rna-GATAGACAATTGAGGA,3
rna-GATAGACAATGCCTAA,0
rna-GATAGACACAACCACA,1
rna-GATAGACAGACTAGTA,1
rna-GATAGACACAATGGAA,1
rna-GATAGACACACTTCGA,1
rna-GATAGACACAGCGTTA,1
rna-GATAGACACATACCAA,1
rna-GATAGACACCAGTTCA,1
rna-GATAGACACCGAAGTA,1
rna-GATAGACACCGTGAGA,11
rna-GATAGACACCTCCTGA,1
rna-GATAGACAAGTGGTCA,0
rna-GATAGACACGAACTTA,3
rna-GATAGACACGACTGGA,1
rna-GATAGACACGCATACA,1
rna-GATAGACACTCAATGA,1
rna-GATAGACACTGAGCCA,1
rna-GATAGACACTGGCATA,1
rna-GATAGACAGAATCTGA,1
rna-GATAGACACAAGACTA,1
rna-GATAGACAGAGCTGAA,1
rna-GATAGACAGATAGACA,1
rna-GATAGACAACCACTGT,0
rna-GATAGACAGCCACATA,1
rna-GATAGACAGCGAGTAA,1
rna-GATAGACAGCTAACGA,1
rna-GATAGACAGCTCGGTA,1
rna-GATAGACAGGAGAACA,1
rna-GATAGACAGGTGCGAA,1
rna-GATAGACAGTACGCAA,1
rna-GATAGACAGTCGTAGA,1
rna-GATAGACAGTCTGTCA,1
rna-GATAGACAGTGTTCTA,1
rna-GATAGACAACATTGGC,0
rna-GATAGACATAGGATGA,1
rna-GATAGACATATCAGCA,1
rna-GATAGACATCCGTCTA,1
rna-GATAGACATCTTCACA,1
rna-GATAGACATGAAGAGA,1
rna-GATAGACATGGAACAA,1
rna-GATAGACATGGCTTCA,1
rna-GATAGACATGGTGGTA,1
rna-GATAGACATTCACGCA,3
rna-GATAGACAAACTCACC,1
rna-GATAGACACAGATCTG,0
rna-GATAGACAAAGAGATC,1
rna-GATAGACAAAGGACAC,1
rna-GATAGACAAATCCGTC,1
rna-GATAGACAAATGTTGC,1
rna-GATAGACAACACGACC,1
rna-GATAGACAACAGATTC,5
rna-GATAGACAAGATGTAC,5
rna-GATAGACAAGCACCTC,5
rna-GATAGACAAGCCATGC,2
rna-GATAGACAAGGCTAAC,2
rna-GATAGACACATCAAGT,0
rna-GATAGACAATAGCGAC,2
rna-GATAGACAATCATTCC,2
rna-GATAGACAATTGGCTC,2
rna-GATAGACACAAGGAGC,2
rna-GATAGACACACCTTAC,2
rna-GATAGACACCATCCTC,2
rna-GATAGACACCGACAAC,2
rna-GATAGACACCTAATCC,6
rna-GATAGACACCTCTATC,2
rna-GATAGACACGACACAC,2
rna-GATAGACACGCTGATC,0
rna-GATAGACACGGATTGC,7
rna-GATAGACACTAAGGTC,2
rna-GATAGACAGAACAGGC,2
rna-GATAGACAGACAGTGC,2
rna-GATAGACAGAGTTAGC,2
rna-GATAGACAGATGAATC,2
rna-GATAGACAGCCAAGAC,2
rna-GATAGACACGGAAGAA,2
rna-GATAGACAGTGACAAG,2
rna-GATAGACAGAACCAGA,2
rna-GAGCTGAAAACGTGAT,2
rna-GAGCTGAAACAAGCTA,0
rna-GAGCTGAATTGCTGGA,2
rna-GAGCTGAACTGTAGCC,0
rna-GAGCTGAAAGTACAAG,0
rna-GAGCTGAAAACAACCA,0
rna-GAGCTGAAAACCGAGA,0
rna-GAGCTGAAAACGCTTA,0
rna-GAGCTGAAAAGACGGA,0
rna-GAGCTGAAAAGGTACA,0
rna-GAGCTGAAACACAGAA,0
rna-GAGCTGAAACAGCAGA,0
rna-GAGCTGAAAAACATCG,0
rna-GAGCTGAAACCTCCAA,0
rna-GAGCTGAAACGCTCGA,0
rna-GAGCTGAAACGTATCA,0
rna-GAGCTGAAACTATGCA,0
rna-GAGCTGAAAGAGTCAA,0
rna-GAGCTGAAAGATCGCA,0
rna-GAGCTGAAAGCAGGAA,0
rna-GAGCTGAAAGTCACTA,0
rna-GAGCTGAAATCCTGTA,2
rna-GAGCTGAAATTGAGGA,3
rna-GAGCTGAAATGCCTAA,0
rna-GAGCTGAACAACCACA,1
rna-GAGCTGAAGACTAGTA,1
rna-GAGCTGAACAATGGAA,11
rna-GAGCTGAACACTTCGA,1
rna-GAGCTGAACAGCGTTA,1
rna-GAGCTGAACATACCAA,1
rna-GAGCTGAACCAGTTCA,1
rna-GAGCTGAACCGAAGTA,1
rna-GAGCTGAACCGTGAGA,1
rna-GAGCTGAACCTCCTGA,1
rna-GAGCTGAAAGTGGTCA,0
rna-GAGCTGAACGAACTTA,1
rna-GAGCTGAACGACTGGA,1
rna-GAGCTGAACGCATACA,1
rna-GAGCTGAACTCAATGA,1
rna-GAGCTGAACTGAGCCA,1
rna-GAGCTGAACTGGCATA,1
rna-GAGCTGAAGAATCTGA,1
rna-GAGCTGAACAAGACTA,1
rna-GAGCTGAAGAGCTGAA,1
rna-GAGCTGAAGATAGACA,1
rna-GAGCTGAAACCACTGT,0
rna-GAGCTGAAGCCACATA,1
rna-GAGCTGAAGCGAGTAA,1
rna-GAGCTGAAGCTAACGA,1
rna-GAGCTGAAGCTCGGTA,1
rna-GAGCTGAAGGAGAACA,1
rna-GAGCTGAAGGTGCGAA,1
rna-GAGCTGAAGTACGCAA,1
rna-GAGCTGAAGTCGTAGA,1
rna-GAGCTGAAGTCTGTCA,1
rna-GAGCTGAAGTGTTCTA,1
rna-GAGCTGAAACATTGGC,0
rna-GAGCTGAATAGGATGA,1
rna-GAGCTGAATATCAGCA,1
rna-GAGCTGAATCCGTCTA,1
rna-GAGCTGAATCTTCACA,1
rna-GAGCTGAATGAAGAGA,1
rna-GAGCTGAATGGAACAA,1
rna-GAGCTGAATGGCTTCA,1
rna-GAGCTGAATGGTGGTA,1
rna-GAGCTGAATTCACGCA,1
rna-GAGCTGAAAACTCACC,1
rna-GAGCTGAACAGATCTG,0
rna-GAGCTGAAAAGAGATC,1
rna-GAGCTGAAAAGGACAC,1
rna-GAGCTGAAAATCCGTC,1
rna-GAGCTGAAAATGTTGC,1
rna-GAGCTGAAACACGACC,1
rna-GAGCTGAAACAGATTC,5
rna-GAGCTGAAAGATGTAC,5
rna-GAGCTGAAAGCACCTC,5
rna-GAGCTGAAAGCCATGC,2
rna-GAGCTGAAAGGCTAAC,2
rna-GAGCTGAACATCAAGT,0
rna-GAGCTGAAATAGCGAC,2
rna-GAGCTGAAATCATTCC,2
rna-GAGCTGAAATTGGCTC,2
rna-GAGCTGAACAAGGAGC,2
rna-GAGCTGAACACCTTAC,2
rna-GAGCTGAACCATCCTC,2
rna-GAGCTGAACCGACAAC,2
rna-GAGCTGAACCTAATCC,2
rna-GAGCTGAACCTCTATC,2
rna-GAGCTGAACGACACAC,2
rna-GAGCTGAACGCTGATC,0
rna-GAGCTGAACGGATTGC,2
rna-GAGCTGAACTAAGGTC,2
rna-GAGCTGAAGAACAGGC,2
rna-GAGCTGAAGACAGTGC,2
rna-GAGCTGAAGAGTTAGC,2
rna-GAGCTGAAGATGAATC,2
rna-GAGCTGAAGCCAAGAC,2
rna-GAGCTGAACGGAAGAA,2
rna-GAGCTGAAGTGACAAG,2
rna-GAGCTGAAGAACCAGA,2
rna-CAAGACTAAACGTGAT,0
rna-CAAGACTAACAAGCTA,9
rna-CAAGACTATTGCTGGA,2
rna-CAAGACTACTGTAGCC,0
rna-CAAGACTAAGTACAAG,0
rna-CAAGACTAAACAACCA,7
rna-CAAGACTAAACCGAGA,0
rna-CAAGACTAAACGCTTA,0
rna-CAAGACTAAAGACGGA,0
rna-CAAGACTAAAGGTACA,0
rna-CAAGACTAACACAGAA,0
rna-CAAGACTAACAGCAGA,0
rna-CAAGACTAAAACATCG,10
rna-CAAGACTAACCTCCAA,0
rna-CAAGACTAACGCTCGA,7
rna-CAAGACTAACGTATCA,0
rna-CAAGACTAACTATGCA,0
rna-CAAGACTAAGAGTCAA,10
rna-CAAGACTAAGATCGCA,0
rna-CAAGACTAAGCAGGAA,0
rna-CAAGACTAAGTCACTA,10
rna-CAAGACTAATCCTGTA,10
rna-CAAGACTAATTGAGGA,5
rna-CAAGACTAATGCCTAA,0
rna-CAAGACTACAACCACA,6
rna-CAAGACTAGACTAGTA,9
rna-CAAGACTACAATGGAA,11
rna-CAAGACTACACTTCGA,11
rna-CAAGACTACAGCGTTA,1
rna-CAAGACTACATACCAA,1
rna-CAAGACTACCAGTTCA,1
rna-CAAGACTACCGAAGTA,1
rna-CAAGACTACCGTGAGA,1
rna-CAAGACTACCTCCTGA,1
rna-CAAGACTAAGTGGTCA,2
rna-CAAGACTACGAACTTA,1
rna-CAAGACTACGACTGGA,1
rna-CAAGACTACGCATACA,1
rna-CAAGACTACTCAATGA,1
rna-CAAGACTACTGAGCCA,1
rna-CAAGACTACTGGCATA,1
rna-CAAGACTAGAATCTGA,1
rna-CAAGACTACAAGACTA,1
rna-CAAGACTAGAGCTGAA,1
rna-CAAGACTAGATAGACA,1
rna-CAAGACTAACCACTGT,0
rna-CAAGACTAGCCACATA,1
rna-CAAGACTAGCGAGTAA,1
rna-CAAGACTAGCTAACGA,1
rna-CAAGACTAGCTCGGTA,1
rna-CAAGACTAGGAGAACA,1
rna-CAAGACTAGGTGCGAA,1
rna-CAAGACTAGTACGCAA,1
rna-CAAGACTAGTCGTAGA,1
rna-CAAGACTAGTCTGTCA,1
rna-CAAGACTAGTGTTCTA,1
rna-CAAGACTAACATTGGC,7
rna-CAAGACTATAGGATGA,1
rna-CAAGACTATATCAGCA,1
rna-CAAGACTATCCGTCTA,1
rna-CAAGACTATCTTCACA,7
rna-CAAGACTATGAAGAGA,5
rna-CAAGACTATGGAACAA,1
rna-CAAGACTATGGCTTCA,1
rna-CAAGACTATGGTGGTA,1
rna-CAAGACTATTCACGCA,1
rna-CAAGACTAAACTCACC,1
rna-CAAGACTACAGATCTG,7
rna-CAAGACTAAAGAGATC,1
rna-CAAGACTAAAGGACAC,1
rna-CAAGACTAAATCCGTC,1
rna-CAAGACTAAATGTTGC,1
rna-CAAGACTAACACGACC,1
rna-CAAGACTAACAGATTC,5
rna-CAAGACTAAGATGTAC,5
rna-CAAGACTAAGCACCTC,10
rna-CAAGACTAAGCCATGC,2
rna-CAAGACTAAGGCTAAC,9
rna-CAAGACTACATCAAGT,0
rna-CAAGACTAATAGCGAC,2
rna-CAAGACTAATCATTCC,2
rna-CAAGACTAATTGGCTC,2
rna-CAAGACTACAAGGAGC,4
rna-CAAGACTACACCTTAC,2
rna-CAAGACTACCATCCTC,2
rna-CAAGACTACCGACAAC,2
rna-CAAGACTACCTAATCC,9
rna-CAAGACTACCTCTATC,2
rna-CAAGACTACGACACAC,2
rna-CAAGACTACGCTGATC,0
rna-CAAGACTACGGATTGC,2
rna-CAAGACTACTAAGGTC,10
rna-CAAGACTAGAACAGGC,10
rna-CAAGACTAGACAGTGC,2
rna-CAAGACTAGAGTTAGC,9
rna-CAAGACTAGATGAATC,9
rna-CAAGACTAGCCAAGAC,2
rna-CAAGACTACGGAAGAA,2
rna-CAAGACTAGTGACAAG,2
rna-CAAGACTAGAACCAGA,10
rna-GAATCTGAAACGTGAT,0
rna-GAATCTGAACAAGCTA,0
rna-GAATCTGATTGCTGGA,2
rna-GAATCTGACTGTAGCC,0
rna-GAATCTGAAGTACAAG,0
rna-GAATCTGAAACAACCA,0
rna-GAATCTGAAACCGAGA,0
rna-GAATCTGAAACGCTTA,0
rna-GAATCTGAAAGACGGA,0
rna-GAATCTGAAAGGTACA,0
rna-GAATCTGAACACAGAA,0
rna-GAATCTGAACAGCAGA,0
rna-GAATCTGAAAACATCG,0
rna-GAATCTGAACCTCCAA,0
rna-GAATCTGAACGCTCGA,0
rna-GAATCTGAACGTATCA,0
rna-GAATCTGAACTATGCA,0
rna-GAATCTGAAGAGTCAA,0
rna-GAATCTGAAGATCGCA,0
rna-GAATCTGAAGCAGGAA,0
rna-GAATCTGAAGTCACTA,0
rna-GAATCTGAATCCTGTA,2
rna-GAATCTGAATTGAGGA,6
rna-GAATCTGAATGCCTAA,0
rna-GAATCTGACAACCACA,6
rna-GAATCTGAGACTAGTA,6
rna-GAATCTGACAATGGAA,6
rna-GAATCTGACACTTCGA,1
rna-GAATCTGACAGCGTTA,1
rna-GAATCTGACATACCAA,1
rna-GAATCTGACCAGTTCA,1
rna-GAATCTGACCGAAGTA,1
rna-GAATCTGACCGTGAGA,1
rna-GAATCTGACCTCCTGA,1
rna-GAATCTGAAGTGGTCA,0
rna-GAATCTGACGAACTTA,1
rna-GAATCTGACGACTGGA,1
rna-GAATCTGACGCATACA,1
rna-GAATCTGACTCAATGA,1
rna-GAATCTGACTGAGCCA,1
rna-GAATCTGACTGGCATA,1
rna-GAATCTGAGAATCTGA,1
rna-GAATCTGACAAGACTA,1
rna-GAATCTGAGAGCTGAA,1
rna-GAATCTGAGATAGACA,1
rna-GAATCTGAACCACTGT,0
rna-GAATCTGAGCCACATA,1
rna-GAATCTGAGCGAGTAA,1
rna-GAATCTGAGCTAACGA,1
rna-GAATCTGAGCTCGGTA,1
rna-GAATCTGAGGAGAACA,1
rna-GAATCTGAGGTGCGAA,1
rna-GAATCTGAGTACGCAA,1
rna-GAATCTGAGTCGTAGA,1
rna-GAATCTGAGTCTGTCA,1
rna-GAATCTGAGTGTTCTA,1
rna-GAATCTGAACATTGGC,0
rna-GAATCTGATAGGATGA,1
rna-GAATCTGATATCAGCA,1
rna-GAATCTGATCCGTCTA,1
rna-GAATCTGATCTTCACA,1
rna-GAATCTGATGAAGAGA,1
rna-GAATCTGATGGAACAA,1
rna-GAATCTGATGGCTTCA,3
rna-GAATCTGATGGTGGTA,1
rna-GAATCTGATTCACGCA,1
rna-GAATCTGAAACTCACC,1
rna-GAATCTGACAGATCTG,0
rna-GAATCTGAAAGAGATC,9
rna-GAATCTGAAAGGACAC,1
rna-GAATCTGAAATCCGTC,1
rna-GAATCTGAAATGTTGC,1
rna-GAATCTGAACACGACC,1
rna-GAATCTGAACAGATTC,5
rna-GAATCTGAAGATGTAC,5
rna-GAATCTGAAGCACCTC,5
rna-GAATCTGAAGCCATGC,2
rna-GAATCTGAAGGCTAAC,2
rna-GAATCTGACATCAAGT,0
rna-GAATCTGAATAGCGAC,2
rna-GAATCTGAATCATTCC,2
rna-GAATCTGAATTGGCTC,2
rna-GAATCTGACAAGGAGC,2
rna-GAATCTGACACCTTAC,1
rna-GAATCTGACCATCCTC,2
rna-GAATCTGACCGACAAC,2
rna-GAATCTGACCTAATCC,2
rna-GAATCTGACCTCTATC,2
rna-GAATCTGACGACACAC,2
rna-GAATCTGACGCTGATC,0
rna-GAATCTGACGGATTGC,2
rna-GAATCTGACTAAGGTC,2
rna-GAATCTGAGAACAGGC,2
rna-GAATCTGAGACAGTGC,9
rna-GAATCTGAGAGTTAGC,2
rna-GAATCTGAGATGAATC,2
rna-GAATCTGAGCCAAGAC,2
rna-GAATCTGACGGAAGAA,2
rna-GAATCTGAGTGACAAG,2
rna-GAATCTGAGAACCAGA,2
rna-CTGGCATAAACGTGAT,0
rna-CTGGCATAACAAGCTA,0
rna-CTGGCATATTGCTGGA,2
rna-CTGGCATACTGTAGCC,0
rna-CTGGCATAAGTACAAG,11
rna-CTGGCATAAACAACCA,0
rna-CTGGCATAAACCGAGA,0
rna-CTGGCATAAACGCTTA,0
rna-CTGGCATAAAGACGGA,0
rna-CTGGCATAAAGGTACA,0
rna-CTGGCATAACACAGAA,0
rna-CTGGCATAACAGCAGA,0
rna-CTGGCATAAAACATCG,0
rna-CTGGCATAACCTCCAA,0
rna-CTGGCATAACGCTCGA,0
rna-CTGGCATAACGTATCA,0
rna-CTGGCATAACTATGCA,0
rna-CTGGCATAAGAGTCAA,0
rna-CTGGCATAAGATCGCA,0
rna-CTGGCATAAGCAGGAA,0
rna-CTGGCATAAGTCACTA,0
rna-CTGGCATAATCCTGTA,2
rna-CTGGCATAATTGAGGA,6
rna-CTGGCATAATGCCTAA,0
rna-CTGGCATACAACCACA,6
rna-CTGGCATAGACTAGTA,6
rna-CTGGCATACAATGGAA,6
rna-CTGGCATACACTTCGA,1
rna-CTGGCATACAGCGTTA,1
rna-CTGGCATACATACCAA,1
rna-CTGGCATACCAGTTCA,1
rna-CTGGCATACCGAAGTA,1
rna-CTGGCATACCGTGAGA,1
rna-CTGGCATACCTCCTGA,1
rna-CTGGCATAAGTGGTCA,0
rna-CTGGCATACGAACTTA,1
rna-CTGGCATACGACTGGA,1
rna-CTGGCATACGCATACA,1
rna-CTGGCATACTCAATGA,1
rna-CTGGCATACTGAGCCA,1
rna-CTGGCATACTGGCATA,1
rna-CTGGCATAGAATCTGA,1
rna-CTGGCATACAAGACTA,1
rna-CTGGCATAGAGCTGAA,1
rna-CTGGCATAGATAGACA,1
rna-CTGGCATAACCACTGT,0
rna-CTGGCATAGCCACATA,1
rna-CTGGCATAGCGAGTAA,1
rna-CTGGCATAGCTAACGA,1
rna-CTGGCATAGCTCGGTA,1
rna-CTGGCATAGGAGAACA,1
rna-CTGGCATAGGTGCGAA,1
rna-CTGGCATAGTACGCAA,1
rna-CTGGCATAGTCGTAGA,1
rna-CTGGCATAGTCTGTCA,1
rna-CTGGCATAGTGTTCTA,1
rna-CTGGCATAACATTGGC,0
rna-CTGGCATATAGGATGA,1
rna-CTGGCATATATCAGCA,7
rna-CTGGCATATCCGTCTA,1
rna-CTGGCATATCTTCACA,1
rna-CTGGCATATGAAGAGA,1
rna-CTGGCATATGGAACAA,1
rna-CTGGCATATGGCTTCA,1
rna-CTGGCATATGGTGGTA,1
rna-CTGGCATATTCACGCA,1
rna-CTGGCATAAACTCACC,1
rna-CTGGCATACAGATCTG,0
rna-CTGGCATAAAGAGATC,1
rna-CTGGCATAAAGGACAC,1
rna-CTGGCATAAATCCGTC,1
rna-CTGGCATAAATGTTGC,1
rna-CTGGCATAACACGACC,1
rna-CTGGCATAACAGATTC,5
rna-CTGGCATAAGATGTAC,5
rna-CTGGCATAAGCACCTC,5
rna-CTGGCATAAGCCATGC,2
rna-CTGGCATAAGGCTAAC,0
rna-CTGGCATACATCAAGT,0
rna-CTGGCATAATAGCGAC,2
rna-CTGGCATAATCATTCC,2
rna-CTGGCATAATTGGCTC,2
rna-CTGGCATACAAGGAGC,2
rna-CTGGCATACACCTTAC,2
rna-CTGGCATACCATCCTC,2
rna-CTGGCATACCGACAAC,10
rna-CTGGCATACCTAATCC,2
rna-CTGGCATACCTCTATC,2
rna-CTGGCATACGACACAC,2
rna-CTGGCATACGCTGATC,0
rna-CTGGCATACGGATTGC,2
rna-CTGGCATACTAAGGTC,2
rna-CTGGCATAGAACAGGC,2
rna-CTGGCATAGACAGTGC,2
rna-CTGGCATAGAGTTAGC,2
rna-CTGGCATAGATGAATC,2
rna-CTGGCATAGCCAAGAC,2
rna-CTGGCATACGGAAGAA,2
rna-CTGGCATAGTGACAAG,2
rna-CTGGCATAGAACCAGA,2
rna-CTGAGCCAAACGTGAT,0
rna-CTGAGCCAACAAGCTA,0
rna-CTGAGCCATTGCTGGA,2
rna-CTGAGCCACTGTAGCC,0
rna-CTGAGCCAAGTACAAG,0
rna-CTGAGCCAAACAACCA,0
rna-CTGAGCCAAACCGAGA,0
rna-CTGAGCCAAACGCTTA,0
rna-CTGAGCCAAAGACGGA,0
rna-CTGAGCCAAAGGTACA,0
rna-CTGAGCCAACACAGAA,0
rna-CTGAGCCAACAGCAGA,0
rna-CTGAGCCAAAACATCG,0
rna-CTGAGCCAACCTCCAA,0
rna-CTGAGCCAACGCTCGA,0
rna-CTGAGCCAACGTATCA,0
rna-CTGAGCCAACTATGCA,0
rna-CTGAGCCAAGAGTCAA,0
rna-CTGAGCCAAGATCGCA,0
rna-CTGAGCCAAGCAGGAA,0
rna-CTGAGCCAAGTCACTA,0
rna-CTGAGCCAATCCTGTA,0
rna-CTGAGCCAATTGAGGA,2
rna-CTGAGCCAATGCCTAA,0
rna-CTGAGCCACAACCACA,3
rna-CTGAGCCAGACTAGTA,3
rna-CTGAGCCACAATGGAA,6
rna-CTGAGCCACACTTCGA,7
rna-CTGAGCCACAGCGTTA,1
rna-CTGAGCCACATACCAA,1
rna-CTGAGCCACCAGTTCA,1
rna-CTGAGCCACCGAAGTA,1
rna-CTGAGCCACCGTGAGA,1
rna-CTGAGCCACCTCCTGA,1
rna-CTGAGCCAAGTGGTCA,10
rna-CTGAGCCACGAACTTA,1
rna-CTGAGCCACGACTGGA,1
rna-CTGAGCCACGCATACA,1
rna-CTGAGCCACTCAATGA,1
rna-CTGAGCCACTGAGCCA,1
rna-CTGAGCCACTGGCATA,1
rna-CTGAGCCAGAATCTGA,1
rna-CTGAGCCACAAGACTA,1
rna-CTGAGCCAGAGCTGAA,1
rna-CTGAGCCAGATAGACA,1
rna-CTGAGCCAACCACTGT,0
rna-CTGAGCCAGCCACATA,1
rna-CTGAGCCAGCGAGTAA,1
rna-CTGAGCCAGCTAACGA,1
rna-CTGAGCCAGCTCGGTA,1
rna-CTGAGCCAGGAGAACA,1
rna-CTGAGCCAGGTGCGAA,1
rna-CTGAGCCAGTACGCAA,1
rna-CTGAGCCAGTCGTAGA,1
rna-CTGAGCCAGTCTGTCA,7
rna-CTGAGCCAGTGTTCTA,1
rna-CTGAGCCAACATTGGC,0
rna-CTGAGCCATAGGATGA,1
rna-CTGAGCCATATCAGCA,1
rna-CTGAGCCATCCGTCTA,1
rna-CTGAGCCATCTTCACA,1
rna-CTGAGCCATGAAGAGA,1
rna-CTGAGCCATGGAACAA,1
rna-CTGAGCCATGGCTTCA,1
rna-CTGAGCCATGGTGGTA,1
rna-CTGAGCCATTCACGCA,1
rna-CTGAGCCAAACTCACC,1
rna-CTGAGCCACAGATCTG,0
rna-CTGAGCCAAAGAGATC,1
rna-CTGAGCCAAAGGACAC,1
rna-CTGAGCCAAATCCGTC,1
rna-CTGAGCCAAATGTTGC,1
rna-CTGAGCCAACACGACC,5
rna-CTGAGCCAACAGATTC,5
rna-CTGAGCCAAGATGTAC,5
rna-CTGAGCCAAGCACCTC,2
rna-CTGAGCCAAGCCATGC,2
rna-CTGAGCCAAGGCTAAC,2
rna-CTGAGCCACATCAAGT,0
rna-CTGAGCCAATAGCGAC,2
rna-CTGAGCCAATCATTCC,2
rna-CTGAGCCAATTGGCTC,2
rna-CTGAGCCACAAGGAGC,2
rna-CTGAGCCACACCTTAC,10
rna-CTGAGCCACCATCCTC,9
rna-CTGAGCCACCGACAAC,2
rna-CTGAGCCACCTAATCC,2
rna-CTGAGCCACCTCTATC,2
rna-CTGAGCCACGACACAC,2
rna-CTGAGCCACGCTGATC,0
rna-CTGAGCCACGGATTGC,2
rna-CTGAGCCACTAAGGTC,2
rna-CTGAGCCAGAACAGGC,2
rna-CTGAGCCAGACAGTGC,2
rna-CTGAGCCAGAGTTAGC,2
rna-CTGAGCCAGATGAATC,2
rna-CTGAGCCAGCCAAGAC,2
rna-CTGAGCCACGGAAGAA,2
rna-CTGAGCCAGTGACAAG,2
rna-CTGAGCCAGAACCAGA,2
rna-CTCAATGAAACGTGAT,0
rna-CTCAATGAACAAGCTA,0
rna-CTCAATGATTGCTGGA,2
rna-CTCAATGACTGTAGCC,0
rna-CTCAATGAAGTACAAG,0
rna-CTCAATGAAACAACCA,0
rna-CTCAATGAAACCGAGA,0
rna-CTCAATGAAACGCTTA,0
rna-CTCAATGAAAGACGGA,0
rna-CTCAATGAAAGGTACA,0
rna-CTCAATGAACACAGAA,7
rna-CTCAATGAACAGCAGA,0
rna-CTCAATGAAAACATCG,0
rna-CTCAATGAACCTCCAA,0
rna-CTCAATGAACGCTCGA,0
rna-CTCAATGAACGTATCA,0
rna-CTCAATGAACTATGCA,0
rna-CTCAATGAAGAGTCAA,0
rna-CTCAATGAAGATCGCA,0
rna-CTCAATGAAGCAGGAA,0
rna-CTCAATGAAGTCACTA,0
rna-CTCAATGAATCCTGTA,0
rna-CTCAATGAATTGAGGA,3
rna-CTCAATGAATGCCTAA,0
rna-CTCAATGACAACCACA,2
rna-CTCAATGAGACTAGTA,7
rna-CTCAATGACAATGGAA,11
rna-CTCAATGACACTTCGA,1
rna-CTCAATGACAGCGTTA,1
rna-CTCAATGACATACCAA,1
rna-CTCAATGACCAGTTCA,1
rna-CTCAATGACCGAAGTA,1
rna-CTCAATGACCGTGAGA,1
rna-CTCAATGACCTCCTGA,1
rna-CTCAATGAAGTGGTCA,0
rna-CTCAATGACGAACTTA,1
rna-CTCAATGACGACTGGA,1
rna-CTCAATGACGCATACA,1
rna-CTCAATGACTCAATGA,1
rna-CTCAATGACTGAGCCA,1
rna-CTCAATGACTGGCATA,1
rna-CTCAATGAGAATCTGA,1
rna-CTCAATGACAAGACTA,1
rna-CTCAATGAGAGCTGAA,1
rna-CTCAATGAGATAGACA,1
rna-CTCAATGAACCACTGT,0
rna-CTCAATGAGCCACATA,1
rna-CTCAATGAGCGAGTAA,1
rna-CTCAATGAGCTAACGA,1
rna-CTCAATGAGCTCGGTA,1
rna-CTCAATGAGGAGAACA,1
rna-CTCAATGAGGTGCGAA,1
rna-CTCAATGAGTACGCAA,1
rna-CTCAATGAGTCGTAGA,1
rna-CTCAATGAGTCTGTCA,1
rna-CTCAATGAGTGTTCTA,1
rna-CTCAATGAACATTGGC,0
rna-CTCAATGATAGGATGA,1
rna-CTCAATGATATCAGCA,1
rna-CTCAATGATCCGTCTA,1
rna-CTCAATGATCTTCACA,1
rna-CTCAATGATGAAGAGA,1
rna-CTCAATGATGGAACAA,1
rna-CTCAATGATGGCTTCA,3
rna-CTCAATGATGGTGGTA,1
rna-CTCAATGATTCACGCA,1
rna-CTCAATGAAACTCACC,1
rna-CTCAATGACAGATCTG,0
rna-CTCAATGAAAGAGATC,1
rna-CTCAATGAAAGGACAC,1
rna-CTCAATGAAATCCGTC,1
rna-CTCAATGAAATGTTGC,1
rna-CTCAATGAACACGACC,1
rna-CTCAATGAACAGATTC,5
rna-CTCAATGAAGATGTAC,5
rna-CTCAATGAAGCACCTC,5
rna-CTCAATGAAGCCATGC,2
rna-CTCAATGAAGGCTAAC,2
rna-CTCAATGACATCAAGT,0
rna-CTCAATGAATAGCGAC,2
rna-CTCAATGAATCATTCC,2
rna-CTCAATGAATTGGCTC,2
rna-CTCAATGACAAGGAGC,2
rna-CTCAATGACACCTTAC,2
rna-CTCAATGACCATCCTC,2
rna-CTCAATGACCGACAAC,0
rna-CTCAATGACCTAATCC,2
rna-CTCAATGACCTCTATC,2
rna-CTCAATGACGACACAC,2
rna-CTCAATGACGCTGATC,0
rna-CTCAATGACGGATTGC,9
rna-CTCAATGACTAAGGTC,2
rna-CTCAATGAGAACAGGC,2
rna-CTCAATGAGACAGTGC,2
rna-CTCAATGAGAGTTAGC,2
rna-CTCAATGAGATGAATC,2
rna-CTCAATGAGCCAAGAC,2
rna-CTCAATGACGGAAGAA,2
rna-CTCAATGAGTGACAAG,2
rna-CTCAATGAGAACCAGA,2
rna-CGCATACAAACGTGAT,0
rna-CGCATACAACAAGCTA,0
rna-CGCATACATTGCTGGA,2
rna-CGCATACACTGTAGCC,0
rna-CGCATACAAGTACAAG,0
rna-CGCATACAAACAACCA,0
rna-CGCATACAAACCGAGA,0
rna-CGCATACAAACGCTTA,0
rna-CGCATACAAAGACGGA,0
rna-CGCATACAAAGGTACA,0
rna-CGCATACAACACAGAA,0
rna-CGCATACAACAGCAGA,0
rna-CGCATACAAAACATCG,0
rna-CGCATACAACCTCCAA,0
rna-CGCATACAACGCTCGA,0
rna-CGCATACAACGTATCA,0
rna-CGCATACAACTATGCA,0
rna-CGCATACAAGAGTCAA,0
rna-CGCATACAAGATCGCA,0
rna-CGCATACAAGCAGGAA,10
rna-CGCATACAAGTCACTA,0
rna-CGCATACAATCCTGTA,0
rna-CGCATACAATTGAGGA,0
rna-CGCATACAATGCCTAA,0
rna-CGCATACACAACCACA,9
rna-CGCATACAGACTAGTA,2
rna-CGCATACACAATGGAA,0
rna-CGCATACACACTTCGA,1
rna-CGCATACACAGCGTTA,1
rna-CGCATACACATACCAA,1
rna-CGCATACACCAGTTCA,1
rna-CGCATACACCGAAGTA,1
rna-CGCATACACCGTGAGA,1
rna-CGCATACACCTCCTGA,1
rna-CGCATACAAGTGGTCA,0
rna-CGCATACACGAACTTA,1
rna-CGCATACACGACTGGA,6
rna-CGCATACACGCATACA,1
rna-CGCATACACTCAATGA,1
rna-CGCATACACTGAGCCA,1
rna-CGCATACACTGGCATA,1
rna-CGCATACAGAATCTGA,1
rna-CGCATACACAAGACTA,1
rna-CGCATACAGAGCTGAA,1
rna-CGCATACAGATAGACA,1
rna-CGCATACAACCACTGT,0
rna-CGCATACAGCCACATA,1
rna-CGCATACAGCGAGTAA,1
rna-CGCATACAGCTAACGA,1
rna-CGCATACAGCTCGGTA,1
rna-CGCATACAGGAGAACA,1
rna-CGCATACAGGTGCGAA,1
rna-CGCATACAGTACGCAA,1
rna-CGCATACAGTCGTAGA,1
rna-CGCATACAGTCTGTCA,1
rna-CGCATACAGTGTTCTA,1
rna-CGCATACAACATTGGC,0
rna-CGCATACATAGGATGA,1
rna-CGCATACATATCAGCA,1
rna-CGCATACATCCGTCTA,1
rna-CGCATACATCTTCACA,1
rna-CGCATACATGAAGAGA,1
rna-CGCATACATGGAACAA,1
rna-CGCATACATGGCTTCA,1
rna-CGCATACATGGTGGTA,1
rna-CGCATACATTCACGCA,1
rna-CGCATACAAACTCACC,1
rna-CGCATACACAGATCTG,0
rna-CGCATACAAAGAGATC,1
rna-CGCATACAAAGGACAC,1
rna-CGCATACAAATCCGTC,1
rna-CGCATACAAATGTTGC,1
rna-CGCATACAACACGACC,5
rna-CGCATACAACAGATTC,5
rna-CGCATACAAGATGTAC,5
rna-CGCATACAAGCACCTC,5
rna-CGCATACAAGCCATGC,2
rna-CGCATACAAGGCTAAC,2
rna-CGCATACACATCAAGT,0
rna-CGCATACAATAGCGAC,2
rna-CGCATACAATCATTCC,2
rna-CGCATACAATTGGCTC,2
rna-CGCATACACAAGGAGC,2
rna-CGCATACACACCTTAC,2
rna-CGCATACACCATCCTC,2
rna-CGCATACACCGACAAC,2
rna-CGCATACACCTAATCC,2
rna-CGCATACACCTCTATC,2
rna-CGCATACACGACACAC,2
rna-CGCATACACGCTGATC,0
rna-CGCATACACGGATTGC,2
rna-CGCATACACTAAGGTC,9
rna-CGCATACAGAACAGGC,9
rna-CGCATACAGACAGTGC,0
rna-CGCATACAGAGTTAGC,2
rna-CGCATACAGATGAATC,2
rna-CGCATACAGCCAAGAC,9
rna-CGCATACACGGAAGAA,6
rna-CGCATACAGTGACAAG,6
rna-CGCATACAGAACCAGA,6
rna-GCCAAGACACAAGCTA,0
rna-GCCAAGACTTGCTGGA,0
rna-GCCAAGACCTGTAGCC,0
rna-GCCAAGACAGTACAAG,0
rna-GCCAAGACAACAACCA,0
rna-GCCAAGACAACCGAGA,0
rna-GCCAAGACAACGCTTA,0
rna-GCCAAGACAAGACGGA,0
rna-GCCAAGACAAGGTACA,0
rna-GCCAAGACACACAGAA,0
rna-GCCAAGACACAGCAGA,0
rna-GCCAAGACACCTCCAA,0
rna-GCCAAGACACGCTCGA,0
rna-GCCAAGACACGTATCA,0
rna-GCCAAGACACTATGCA,0
rna-GCCAAGACAGAGTCAA,0
rna-GCCAAGACAGATCGCA,0
rna-GCCAAGACAGCAGGAA,0
rna-GCCAAGACAGTCACTA,0
rna-GCCAAGACATCCTGTA,0
rna-GCCAAGACATTGAGGA,6
rna-GCCAAGACCAACCACA,0
rna-GCCAAGACGACTAGTA,0
rna-GCCAAGACCAATGGAA,0
rna-GCCAAGACCACTTCGA,0
rna-GCCAAGACCAGCGTTA,0
rna-GCCAAGACCATACCAA,0
rna-GCCAAGACCCAGTTCA,0
rna-GCCAAGACCCGAAGTA,0
rna-GCCAAGACCCGTGAGA,0
rna-GCCAAGACCCTCCTGA,0
rna-GCCAAGACCGAACTTA,0
rna-GCCAAGACCGACTGGA,0
rna-GCCAAGACCGCATACA,0
rna-GCCAAGACCTCAATGA,0
rna-GCCAAGACCTGAGCCA,0
rna-GCCAAGACCTGGCATA,0
rna-GCCAAGACGAATCTGA,0
rna-GCCAAGACCAAGACTA,0
rna-GCCAAGACGAGCTGAA,0
rna-GCCAAGACGATAGACA,0
rna-GCCAAGACGCCACATA,0
rna-GCCAAGACGCGAGTAA,0
rna-GCCAAGACGCTAACGA,0
rna-GCCAAGACGCTCGGTA,0
rna-GCCAAGACGGAGAACA,0
rna-GCCAAGACGGTGCGAA,0
rna-GCCAAGACGTACGCAA,0
rna-GCCAAGACGTCGTAGA,0
rna-GCCAAGACGTCTGTCA,0
rna-GCCAAGACGTGTTCTA,0
rna-GCCAAGACTAGGATGA,0
rna-GCCAAGACTATCAGCA,0
rna-GCCAAGACTCCGTCTA,0
rna-GCCAAGACTCTTCACA,0
rna-GCCAAGACTGAAGAGA,0
rna-GCCAAGACTGGAACAA,0
rna-GCCAAGACTGGCTTCA,0
rna-GCCAAGACTGGTGGTA,0
rna-GCCAAGACTTCACGCA,0
rna-GCCAAGACAACTCACC,0
rna-GCCAAGACAAGAGATC,3
rna-GCCAAGACAAGGACAC,0
rna-GCCAAGACAATCCGTC,0
rna-GCCAAGACAATGTTGC,0
rna-GCCAAGACACACGACC,0
rna-GCCAAGACACAGATTC,0
rna-GCCAAGACAGATGTAC,0
rna-GCCAAGACAGCACCTC,0
rna-GCCAAGACAGCCATGC,0
rna-GCCAAGACAGGCTAAC,0
rna-GCCAAGACATAGCGAC,0
rna-GCCAAGACATCATTCC,0
rna-GCCAAGACATTGGCTC,0
rna-GCCAAGACCAAGGAGC,0
rna-GCCAAGACCACCTTAC,0
rna-GCCAAGACCCATCCTC,0
rna-GCCAAGACCCGACAAC,0
rna-GCCAAGACCCTAATCC,0
rna-GCCAAGACCCTCTATC,0
rna-GCCAAGACCGACACAC,0
rna-GCCAAGACCGCTGATC,2
rna-GCCAAGACCGGATTGC,0
rna-GCCAAGACCTAAGGTC,2
rna-GCCAAGACGAACAGGC,2
rna-GCCAAGACGACAGTGC,2
rna-GCCAAGACGAGTTAGC,6
rna-GCCAAGACGATGAATC,2
rna-GCCAAGACGCCAAGAC,2
rna-GCCAAGACCGGAAGAA,0
rna-GCCAAGACGTGACAAG,0
rna-GCCAAGACGAACCAGA,0
rna-CGACTGGAAACGTGAT,0
rna-CGACTGGAACAAGCTA,0
rna-CGACTGGATTGCTGGA,2
rna-CGACTGGACTGTAGCC,0
rna-CGACTGGAAGTACAAG,0
rna-CGACTGGAAACAACCA,0
rna-CGACTGGAAACCGAGA,0
rna-CGACTGGAAACGCTTA,0
rna-CGACTGGAAAGACGGA,0
rna-CGACTGGAAAGGTACA,0
rna-CGACTGGAACACAGAA,0
rna-CGACTGGAACAGCAGA,0
rna-CGACTGGAAAACATCG,0
rna-CGACTGGAACCTCCAA,0
rna-CGACTGGAACGCTCGA,0
rna-CGACTGGAACGTATCA,0
rna-CGACTGGAACTATGCA,0
rna-CGACTGGAAGAGTCAA,0
rna-CGACTGGAAGATCGCA,0
rna-CGACTGGAAGCAGGAA,0
rna-CGACTGGAAGTCACTA,0
rna-CGACTGGAATCCTGTA,0
rna-CGACTGGAATTGAGGA,0
rna-CGACTGGAATGCCTAA,0
rna-CGACTGGACAACCACA,0
rna-CGACTGGAGACTAGTA,0
rna-CGACTGGACAATGGAA,2
rna-CGACTGGACACTTCGA,1
rna-CGACTGGACAGCGTTA,1
rna-CGACTGGACATACCAA,1
rna-CGACTGGACCAGTTCA,1
rna-CGACTGGACCGAAGTA,1
rna-CGACTGGACCGTGAGA,1
rna-CGACTGGACCTCCTGA,1
rna-CGACTGGAAGTGGTCA,0
rna-CGACTGGACGAACTTA,1
rna-CGACTGGACGACTGGA,1
rna-CGACTGGACGCATACA,1
rna-CGACTGGACTCAATGA,1
rna-CGACTGGACTGAGCCA,1
rna-CGACTGGACTGGCATA,1
rna-CGACTGGAGAATCTGA,1
rna-CGACTGGACAAGACTA,1
rna-CGACTGGAGAGCTGAA,1
rna-CGACTGGAGATAGACA,1
rna-CGACTGGAACCACTGT,0
rna-CGACTGGAGCCACATA,1
rna-CGACTGGAGCGAGTAA,1
rna-CGACTGGAGCTAACGA,1
rna-CGACTGGAGCTCGGTA,1
rna-CGACTGGAGGAGAACA,1
rna-CGACTGGAGGTGCGAA,1
rna-CGACTGGAGTACGCAA,1
rna-CGACTGGAGTCGTAGA,1
rna-CGACTGGAGTCTGTCA,1
rna-CGACTGGAGTGTTCTA,1
rna-CGACTGGAACATTGGC,0
rna-CGACTGGATAGGATGA,1
rna-CGACTGGATATCAGCA,1
rna-CGACTGGATCCGTCTA,1
rna-CGACTGGATCTTCACA,1
rna-CGACTGGATGAAGAGA,1
rna-CGACTGGATGGAACAA,1
rna-CGACTGGATGGCTTCA,1
rna-CGACTGGATGGTGGTA,1
rna-CGACTGGATTCACGCA,1
rna-CGACTGGAAACTCACC,1
rna-CGACTGGACAGATCTG,0
rna-CGACTGGAAAGAGATC,1
rna-CGACTGGAAAGGACAC,1
rna-CGACTGGAAATCCGTC,1
rna-CGACTGGAAATGTTGC,1
rna-CGACTGGAACACGACC,1
rna-CGACTGGAACAGATTC,5
rna-CGACTGGAAGATGTAC,5
rna-CGACTGGAAGCACCTC,5
rna-CGACTGGAAGCCATGC,2
rna-CGACTGGAAGGCTAAC,2
rna-CGACTGGACATCAAGT,0
rna-CGACTGGAATAGCGAC,2
rna-CGACTGGAATCATTCC,7
rna-CGACTGGAATTGGCTC,2
rna-CGACTGGACAAGGAGC,2
rna-CGACTGGACACCTTAC,2
rna-CGACTGGACCATCCTC,2
rna-CGACTGGACCGACAAC,2
rna-CGACTGGACCTAATCC,2
rna-CGACTGGACCTCTATC,2
rna-CGACTGGACGACACAC,2
rna-CGACTGGACGCTGATC,0
rna-CGACTGGACGGATTGC,2
rna-CGACTGGACTAAGGTC,2
rna-CGACTGGAGAACAGGC,2
rna-CGACTGGAGACAGTGC,2
rna-CGACTGGAGAGTTAGC,2
rna-CGACTGGAGATGAATC,2
rna-CGACTGGAGCCAAGAC,6
rna-CGACTGGACGGAAGAA,6
rna-CGACTGGAGTGACAAG,6
rna-CGACTGGAGAACCAGA,2
rna-CGAACTTAAACGTGAT,0
rna-CGAACTTAACAAGCTA,0
rna-CGAACTTATTGCTGGA,2
rna-CGAACTTACTGTAGCC,0
rna-CGAACTTAAGTACAAG,0
rna-CGAACTTAAACAACCA,0
rna-CGAACTTAAACCGAGA,0
rna-CGAACTTAAACGCTTA,0
rna-CGAACTTAAAGACGGA,0
rna-CGAACTTAAAGGTACA,0
rna-CGAACTTAACACAGAA,0
rna-CGAACTTAACAGCAGA,0
rna-CGAACTTAAAACATCG,0
rna-CGAACTTAACCTCCAA,0
rna-CGAACTTAACGCTCGA,0
rna-CGAACTTAACGTATCA,0
rna-CGAACTTAACTATGCA,0
rna-CGAACTTAAGAGTCAA,0
rna-CGAACTTAAGATCGCA,0
rna-CGAACTTAAGCAGGAA,0
rna-CGAACTTAAGTCACTA,0
rna-CGAACTTAATCCTGTA,0
rna-CGAACTTAATTGAGGA,0
rna-CGAACTTAATGCCTAA,0
rna-CGAACTTACAACCACA,7
rna-CGAACTTAGACTAGTA,6
rna-CGAACTTACAATGGAA,2
rna-CGAACTTACACTTCGA,6
rna-CGAACTTACAGCGTTA,6
rna-CGAACTTACATACCAA,1
rna-CGAACTTACCAGTTCA,1
rna-CGAACTTACCGAAGTA,1
rna-CGAACTTACCGTGAGA,1
rna-CGAACTTACCTCCTGA,1
rna-CGAACTTAAGTGGTCA,0
rna-CGAACTTACGAACTTA,1
rna-CGAACTTACGACTGGA,1
rna-CGAACTTACGCATACA,1
rna-CGAACTTACTCAATGA,1
rna-CGAACTTACTGAGCCA,1
rna-CGAACTTACTGGCATA,1
rna-CGAACTTAGAATCTGA,1
rna-CGAACTTACAAGACTA,1
rna-CGAACTTAGAGCTGAA,6
rna-CGAACTTAGATAGACA,1
rna-CGAACTTAACCACTGT,0
rna-CGAACTTAGCCACATA,1
rna-CGAACTTAGCGAGTAA,1
rna-CGAACTTAGCTAACGA,1
rna-CGAACTTAGCTCGGTA,1
rna-CGAACTTAGGAGAACA,1
rna-CGAACTTAGGTGCGAA,1
rna-CGAACTTAGTACGCAA,1
rna-CGAACTTAGTCGTAGA,1
rna-CGAACTTAGTCTGTCA,1
rna-CGAACTTAGTGTTCTA,1
rna-CGAACTTAACATTGGC,0
rna-CGAACTTATAGGATGA,1
rna-CGAACTTATATCAGCA,3
rna-CGAACTTATCCGTCTA,1
rna-CGAACTTATCTTCACA,1
rna-CGAACTTATGAAGAGA,1
rna-CGAACTTATGGAACAA,1
rna-CGAACTTATGGCTTCA,1
rna-CGAACTTATGGTGGTA,1
rna-CGAACTTATTCACGCA,1
rna-CGAACTTAAACTCACC,1
rna-CGAACTTACAGATCTG,0
rna-CGAACTTAAAGAGATC,1
rna-CGAACTTAAAGGACAC,1
rna-CGAACTTAAATCCGTC,1
rna-CGAACTTAAATGTTGC,1
rna-CGAACTTAACACGACC,1
rna-CGAACTTAACAGATTC,5
rna-CGAACTTAAGATGTAC,5
rna-CGAACTTAAGCACCTC,5
rna-CGAACTTAAGCCATGC,2
rna-CGAACTTAAGGCTAAC,2
rna-CGAACTTACATCAAGT,0
rna-CGAACTTAATAGCGAC,1
rna-CGAACTTAATCATTCC,2
rna-CGAACTTAATTGGCTC,2
rna-CGAACTTACAAGGAGC,2
rna-CGAACTTACACCTTAC,2
rna-CGAACTTACCATCCTC,9
rna-CGAACTTACCGACAAC,7
rna-CGAACTTACCTAATCC,2
rna-CGAACTTACCTCTATC,7
rna-CGAACTTACGACACAC,2
rna-CGAACTTACGCTGATC,0
rna-CGAACTTACGGATTGC,2
rna-CGAACTTACTAAGGTC,9
rna-CGAACTTAGAACAGGC,2
rna-CGAACTTAGACAGTGC,2
rna-CGAACTTAGAGTTAGC,11
rna-CGAACTTAGATGAATC,11
rna-CGAACTTAGCCAAGAC,6
rna-CGAACTTACGGAAGAA,6
rna-CGAACTTAGTGACAAG,6
rna-CGAACTTAGAACCAGA,2
rna-CCTCCTGAAACGTGAT,0
rna-CCTCCTGAACAAGCTA,0
rna-CCTCCTGATTGCTGGA,2
rna-CCTCCTGACTGTAGCC,0
rna-CCTCCTGAAGTACAAG,0
rna-CCTCCTGAAACAACCA,0
rna-CCTCCTGAAACCGAGA,0
rna-CCTCCTGAAACGCTTA,0
rna-CCTCCTGAAAGACGGA,0
rna-CCTCCTGAAAGGTACA,0
rna-CCTCCTGAACACAGAA,0
rna-CCTCCTGAACAGCAGA,0
rna-CCTCCTGAAAACATCG,0
rna-CCTCCTGAACCTCCAA,0
rna-CCTCCTGAACGCTCGA,0
rna-CCTCCTGAACGTATCA,0
rna-CCTCCTGAACTATGCA,0
rna-CCTCCTGAAGAGTCAA,0
rna-CCTCCTGAAGATCGCA,0
rna-CCTCCTGAAGCAGGAA,0
rna-CCTCCTGAAGTCACTA,0
rna-CCTCCTGAATCCTGTA,0
rna-CCTCCTGAATTGAGGA,0
rna-CCTCCTGAATGCCTAA,0
rna-CCTCCTGACAACCACA,0
rna-CCTCCTGAGACTAGTA,7
rna-CCTCCTGACAATGGAA,2
rna-CCTCCTGACACTTCGA,1
rna-CCTCCTGACAGCGTTA,7
rna-CCTCCTGACATACCAA,1
rna-CCTCCTGACCAGTTCA,1
rna-CCTCCTGACCGAAGTA,1
rna-CCTCCTGACCGTGAGA,1
rna-CCTCCTGACCTCCTGA,1
rna-CCTCCTGAAGTGGTCA,0
rna-CCTCCTGACGAACTTA,1
rna-CCTCCTGACGACTGGA,1
rna-CCTCCTGACGCATACA,1
rna-CCTCCTGACTCAATGA,1
rna-CCTCCTGACTGAGCCA,1
rna-CCTCCTGACTGGCATA,1
rna-CCTCCTGAGAATCTGA,1
rna-CCTCCTGACAAGACTA,6
rna-CCTCCTGAGAGCTGAA,1
rna-CCTCCTGAGATAGACA,1
rna-CCTCCTGAACCACTGT,0
rna-CCTCCTGAGCCACATA,1
rna-CCTCCTGAGCGAGTAA,1
rna-CCTCCTGAGCTAACGA,1
rna-CCTCCTGAGCTCGGTA,1
rna-CCTCCTGAGGAGAACA,1
rna-CCTCCTGAGGTGCGAA,1
rna-CCTCCTGAGTACGCAA,1
rna-CCTCCTGAGTCGTAGA,1
rna-CCTCCTGAGTCTGTCA,1
rna-CCTCCTGAGTGTTCTA,1
rna-CCTCCTGAACATTGGC,0
rna-CCTCCTGATAGGATGA,1
rna-CCTCCTGATATCAGCA,1
rna-CCTCCTGATCCGTCTA,1
rna-CCTCCTGATCTTCACA,1
rna-CCTCCTGATGAAGAGA,1
rna-CCTCCTGATGGAACAA,1
rna-CCTCCTGATGGCTTCA,1
rna-CCTCCTGATGGTGGTA,1
rna-CCTCCTGATTCACGCA,1
rna-CCTCCTGAAACTCACC,1
rna-CCTCCTGACAGATCTG,0
rna-CCTCCTGAAAGAGATC,1
rna-CCTCCTGAAAGGACAC,1
rna-CCTCCTGAAATCCGTC,1
rna-CCTCCTGAAATGTTGC,1
rna-CCTCCTGAACACGACC,1
rna-CCTCCTGAACAGATTC,5
rna-CCTCCTGAAGATGTAC,5
rna-CCTCCTGAAGCACCTC,5
rna-CCTCCTGAAGCCATGC,5
rna-CCTCCTGAAGGCTAAC,2
rna-CCTCCTGACATCAAGT,0
rna-CCTCCTGAATAGCGAC,2
rna-CCTCCTGAATCATTCC,2
rna-CCTCCTGAATTGGCTC,2
rna-CCTCCTGACAAGGAGC,2
rna-CCTCCTGACACCTTAC,9
rna-CCTCCTGACCATCCTC,2
rna-CCTCCTGACCGACAAC,2
rna-CCTCCTGACCTAATCC,2
rna-CCTCCTGACCTCTATC,2
rna-CCTCCTGACGACACAC,2
rna-CCTCCTGACGCTGATC,0
rna-CCTCCTGACGGATTGC,2
rna-CCTCCTGACTAAGGTC,2
rna-CCTCCTGAGAACAGGC,2
rna-CCTCCTGAGACAGTGC,2
rna-CCTCCTGAGAGTTAGC,11
rna-CCTCCTGAGATGAATC,2
rna-CCTCCTGAGCCAAGAC,6
rna-CCTCCTGACGGAAGAA,6
rna-CCTCCTGAGTGACAAG,6
rna-CCTCCTGAGAACCAGA,2
rna-CCGTGAGAAACGTGAT,0
rna-CCGTGAGAACAAGCTA,2
rna-CCGTGAGATTGCTGGA,2
rna-CCGTGAGACTGTAGCC,0
rna-CCGTGAGAAGTACAAG,0
rna-CCGTGAGAAACAACCA,0
rna-CCGTGAGAAACCGAGA,0
rna-CCGTGAGAAACGCTTA,0
rna-CCGTGAGAAAGACGGA,0
rna-CCGTGAGAAAGGTACA,0
rna-CCGTGAGAACACAGAA,0
rna-CCGTGAGAACAGCAGA,0
rna-CCGTGAGAAAACATCG,0
rna-CCGTGAGAACCTCCAA,0
rna-CCGTGAGAACGCTCGA,0
rna-CCGTGAGAACGTATCA,0
rna-CCGTGAGAACTATGCA,0
rna-CCGTGAGAAGAGTCAA,0
rna-CCGTGAGAAGATCGCA,10
rna-CCGTGAGAAGCAGGAA,0
rna-CCGTGAGAAGTCACTA,0
rna-CCGTGAGAATCCTGTA,0
rna-CCGTGAGAATTGAGGA,0
rna-CCGTGAGAATGCCTAA,0
rna-CCGTGAGACAACCACA,0
rna-CCGTGAGAGACTAGTA,0
rna-CCGTGAGACAATGGAA,10
rna-CCGTGAGACACTTCGA,5
rna-CCGTGAGACAGCGTTA,1
rna-CCGTGAGACATACCAA,1
rna-CCGTGAGACCAGTTCA,1
rna-CCGTGAGACCGAAGTA,1
rna-CCGTGAGACCGTGAGA,1
rna-CCGTGAGACCTCCTGA,1
rna-CCGTGAGAAGTGGTCA,0
rna-CCGTGAGACGAACTTA,1
rna-CCGTGAGACGACTGGA,1
rna-CCGTGAGACGCATACA,1
rna-CCGTGAGACTCAATGA,1
rna-CCGTGAGACTGAGCCA,1
rna-CCGTGAGACTGGCATA,1
rna-CCGTGAGAGAATCTGA,1
rna-CCGTGAGACAAGACTA,1
rna-CCGTGAGAGAGCTGAA,1
rna-CCGTGAGAGATAGACA,1
rna-CCGTGAGAACCACTGT,0
rna-CCGTGAGAGCCACATA,1
rna-CCGTGAGAGCGAGTAA,1
rna-CCGTGAGAGCTAACGA,1
rna-CCGTGAGAGCTCGGTA,1
rna-CCGTGAGAGGAGAACA,1
rna-CCGTGAGAGGTGCGAA,1
rna-CCGTGAGAGTACGCAA,1
rna-CCGTGAGAGTCGTAGA,1
rna-CCGTGAGAGTCTGTCA,1
rna-CCGTGAGAGTGTTCTA,1
rna-CCGTGAGAACATTGGC,0
rna-CCGTGAGATAGGATGA,1
rna-CCGTGAGATATCAGCA,1
rna-CCGTGAGATCCGTCTA,1
rna-CCGTGAGATCTTCACA,1
rna-CCGTGAGATGAAGAGA,1
rna-CCGTGAGATGGAACAA,6
rna-CCGTGAGATGGCTTCA,1
rna-CCGTGAGATGGTGGTA,1
rna-CCGTGAGATTCACGCA,1
rna-CCGTGAGAAACTCACC,1
rna-CCGTGAGACAGATCTG,0
rna-CCGTGAGAAAGAGATC,1
rna-CCGTGAGAAAGGACAC,1
rna-CCGTGAGAAATCCGTC,1
rna-CCGTGAGAAATGTTGC,1
rna-CCGTGAGAACACGACC,5
rna-CCGTGAGAACAGATTC,5
rna-CCGTGAGAAGATGTAC,5
rna-CCGTGAGAAGCACCTC,5
rna-CCGTGAGAAGCCATGC,5
rna-CCGTGAGAAGGCTAAC,2
rna-CCGTGAGACATCAAGT,0
rna-CCGTGAGAATAGCGAC,2
rna-CCGTGAGAATCATTCC,2
rna-CCGTGAGAATTGGCTC,2
rna-CCGTGAGACAAGGAGC,2
rna-CCGTGAGACACCTTAC,2
rna-CCGTGAGACCATCCTC,2
rna-CCGTGAGACCGACAAC,2
rna-CCGTGAGACCTAATCC,2
rna-CCGTGAGACCTCTATC,2
rna-CCGTGAGACGACACAC,7
rna-CCGTGAGACGCTGATC,0
rna-CCGTGAGACGGATTGC,8
rna-CCGTGAGACTAAGGTC,2
rna-CCGTGAGAGAACAGGC,2
rna-CCGTGAGAGACAGTGC,2
rna-CCGTGAGAGAGTTAGC,2
rna-CCGTGAGAGATGAATC,7
rna-CCGTGAGAGCCAAGAC,2
rna-CCGTGAGACGGAAGAA,2
rna-CCGTGAGAGTGACAAG,2
rna-CCGTGAGAGAACCAGA,2
rna-CCGAAGTAAACGTGAT,0
rna-CCGAAGTAACAAGCTA,2
rna-CCGAAGTATTGCTGGA,2
rna-CCGAAGTACTGTAGCC,0
rna-CCGAAGTAAGTACAAG,0
rna-CCGAAGTAAACAACCA,0
rna-CCGAAGTAAACCGAGA,0
rna-CCGAAGTAAACGCTTA,0
rna-CCGAAGTAAAGACGGA,0
rna-CCGAAGTAAAGGTACA,0
rna-CCGAAGTAACACAGAA,0
rna-CCGAAGTAACAGCAGA,0
rna-CCGAAGTAAAACATCG,10
rna-CCGAAGTAACCTCCAA,0
rna-CCGAAGTAACGCTCGA,0
rna-CCGAAGTAACGTATCA,0
rna-CCGAAGTAACTATGCA,0
rna-CCGAAGTAAGAGTCAA,0
rna-CCGAAGTAAGATCGCA,0
rna-CCGAAGTAAGCAGGAA,0
rna-CCGAAGTAAGTCACTA,0
rna-CCGAAGTAATCCTGTA,0
rna-CCGAAGTAATTGAGGA,0
rna-CCGAAGTAATGCCTAA,0
rna-CCGAAGTACAACCACA,0
rna-CCGAAGTAGACTAGTA,0
rna-CCGAAGTACAATGGAA,2
rna-CCGAAGTACACTTCGA,2
rna-CCGAAGTACAGCGTTA,1
rna-CCGAAGTACATACCAA,1
rna-CCGAAGTACCAGTTCA,1
rna-CCGAAGTACCGAAGTA,1
rna-CCGAAGTACCGTGAGA,1
rna-CCGAAGTACCTCCTGA,1
rna-CCGAAGTAAGTGGTCA,7
rna-CCGAAGTACGAACTTA,1
rna-CCGAAGTACGACTGGA,1
rna-CCGAAGTACGCATACA,1
rna-CCGAAGTACTCAATGA,1
rna-CCGAAGTACTGAGCCA,1
rna-CCGAAGTACTGGCATA,1
rna-CCGAAGTAGAATCTGA,1
rna-CCGAAGTACAAGACTA,1
rna-CCGAAGTAGAGCTGAA,1
rna-CCGAAGTAGATAGACA,1
rna-CCGAAGTAACCACTGT,0
rna-CCGAAGTAGCCACATA,1
rna-CCGAAGTAGCGAGTAA,1
rna-CCGAAGTAGCTAACGA,1
rna-CCGAAGTAGCTCGGTA,1
rna-CCGAAGTAGGAGAACA,1
rna-CCGAAGTAGGTGCGAA,1
rna-CCGAAGTAGTACGCAA,1
rna-CCGAAGTAGTCGTAGA,1
rna-CCGAAGTAGTCTGTCA,1
rna-CCGAAGTAGTGTTCTA,1
rna-CCGAAGTAACATTGGC,0
rna-CCGAAGTATAGGATGA,1
rna-CCGAAGTATATCAGCA,1
rna-CCGAAGTATCCGTCTA,1
rna-CCGAAGTATCTTCACA,1
rna-CCGAAGTATGAAGAGA,1
rna-CCGAAGTATGGAACAA,1
rna-CCGAAGTATGGCTTCA,1
rna-CCGAAGTATGGTGGTA,1
rna-CCGAAGTATTCACGCA,1
rna-CCGAAGTAAACTCACC,1
rna-CCGAAGTACAGATCTG,0
rna-CCGAAGTAAAGAGATC,1
rna-CCGAAGTAAAGGACAC,1
rna-CCGAAGTAAATCCGTC,1
rna-CCGAAGTAAATGTTGC,1
rna-CCGAAGTAACACGACC,5
rna-CCGAAGTAACAGATTC,5
rna-CCGAAGTAAGATGTAC,5
rna-CCGAAGTAAGCACCTC,5
rna-CCGAAGTAAGCCATGC,5
rna-CCGAAGTAAGGCTAAC,2
rna-CCGAAGTACATCAAGT,0
rna-CCGAAGTAATAGCGAC,2
rna-CCGAAGTAATCATTCC,6
rna-CCGAAGTAATTGGCTC,2
rna-CCGAAGTACAAGGAGC,2
rna-CCGAAGTACACCTTAC,7
rna-CCGAAGTACCATCCTC,9
rna-CCGAAGTACCGACAAC,2
rna-CCGAAGTACCTAATCC,2
rna-CCGAAGTACCTCTATC,2
rna-CCGAAGTACGACACAC,7
rna-CCGAAGTACGCTGATC,7
rna-CCGAAGTACGGATTGC,8
rna-CCGAAGTACTAAGGTC,8
rna-CCGAAGTAGAACAGGC,8
rna-CCGAAGTAGACAGTGC,8
rna-CCGAAGTAGAGTTAGC,9
rna-CCGAAGTAGATGAATC,2
rna-CCGAAGTAGCCAAGAC,2
rna-CCGAAGTACGGAAGAA,2
rna-CCGAAGTAGTGACAAG,2
rna-CCGAAGTAGAACCAGA,2
rna-CCAGTTCAAACGTGAT,0
rna-CCAGTTCAACAAGCTA,0
rna-CCAGTTCATTGCTGGA,2
rna-CCAGTTCACTGTAGCC,0
rna-CCAGTTCAAGTACAAG,0
rna-CCAGTTCAAACAACCA,0
rna-CCAGTTCAAACCGAGA,0
rna-CCAGTTCAAACGCTTA,0
rna-CCAGTTCAAAGACGGA,0
rna-CCAGTTCAAAGGTACA,0
rna-CCAGTTCAACACAGAA,0
rna-CCAGTTCAACAGCAGA,0
rna-CCAGTTCAAAACATCG,0
rna-CCAGTTCAACCTCCAA,0
rna-CCAGTTCAACGCTCGA,0
rna-CCAGTTCAACGTATCA,0
rna-CCAGTTCAACTATGCA,0
rna-CCAGTTCAAGAGTCAA,0
rna-CCAGTTCAAGATCGCA,7
rna-CCAGTTCAAGCAGGAA,0
rna-CCAGTTCAAGTCACTA,0
rna-CCAGTTCAATCCTGTA,0
rna-CCAGTTCAATTGAGGA,0
rna-CCAGTTCAATGCCTAA,0
rna-CCAGTTCACAACCACA,0
rna-CCAGTTCAGACTAGTA,0
rna-CCAGTTCACAATGGAA,0
rna-CCAGTTCACACTTCGA,0
rna-CCAGTTCACAGCGTTA,7
rna-CCAGTTCACATACCAA,7
rna-CCAGTTCACCAGTTCA,1
rna-CCAGTTCACCGAAGTA,1
rna-CCAGTTCACCGTGAGA,1
rna-CCAGTTCACCTCCTGA,1
rna-CCAGTTCAAGTGGTCA,0
rna-CCAGTTCACGAACTTA,1
rna-CCAGTTCACGACTGGA,1
rna-CCAGTTCACGCATACA,1
rna-CCAGTTCACTCAATGA,1
rna-CCAGTTCACTGAGCCA,1
rna-CCAGTTCACTGGCATA,1
rna-CCAGTTCAGAATCTGA,1
rna-CCAGTTCACAAGACTA,1
rna-CCAGTTCAGAGCTGAA,1
rna-CCAGTTCAGATAGACA,1
rna-CCAGTTCAACCACTGT,0
rna-CCAGTTCAGCCACATA,1
rna-CCAGTTCAGCGAGTAA,1
rna-CCAGTTCAGCTAACGA,1
rna-CCAGTTCAGCTCGGTA,1
rna-CCAGTTCAGGAGAACA,1
rna-CCAGTTCAGGTGCGAA,1
rna-CCAGTTCAGTACGCAA,1
rna-CCAGTTCAGTCGTAGA,1
rna-CCAGTTCAGTCTGTCA,1
rna-CCAGTTCAGTGTTCTA,1
rna-CCAGTTCAACATTGGC,0
rna-CCAGTTCATAGGATGA,1
rna-CCAGTTCATATCAGCA,1
rna-CCAGTTCATCCGTCTA,1
rna-CCAGTTCATCTTCACA,1
rna-CCAGTTCATGAAGAGA,1
rna-CCAGTTCATGGAACAA,1
rna-CCAGTTCATGGCTTCA,1
rna-CCAGTTCATGGTGGTA,1
rna-CCAGTTCATTCACGCA,3
rna-CCAGTTCAAACTCACC,1
rna-CCAGTTCACAGATCTG,0
rna-CCAGTTCAAAGAGATC,1
rna-CCAGTTCAAAGGACAC,1
rna-CCAGTTCAAATCCGTC,1
rna-CCAGTTCAAATGTTGC,1
rna-CCAGTTCAACACGACC,5
rna-CCAGTTCAACAGATTC,5
rna-CCAGTTCAAGATGTAC,5
rna-CCAGTTCAAGCACCTC,5
rna-CCAGTTCAAGCCATGC,2
rna-CCAGTTCAAGGCTAAC,2
rna-CCAGTTCACATCAAGT,0
rna-CCAGTTCAATAGCGAC,2
rna-CCAGTTCAATCATTCC,2
rna-CCAGTTCAATTGGCTC,10
rna-CCAGTTCACAAGGAGC,2
rna-CCAGTTCACACCTTAC,9
rna-CCAGTTCACCATCCTC,2
rna-CCAGTTCACCGACAAC,2
rna-CCAGTTCACCTAATCC,6
rna-CCAGTTCACCTCTATC,7
rna-CCAGTTCACGACACAC,8
rna-CCAGTTCACGCTGATC,0
rna-CCAGTTCACGGATTGC,8
rna-CCAGTTCACTAAGGTC,8
rna-CCAGTTCAGAACAGGC,8
rna-CCAGTTCAGACAGTGC,8
rna-CCAGTTCAGAGTTAGC,8
rna-CCAGTTCAGATGAATC,9
rna-CCAGTTCAGCCAAGAC,2
rna-CCAGTTCACGGAAGAA,2
rna-CCAGTTCAGTGACAAG,2
rna-CCAGTTCAGAACCAGA,2
rna-CATACCAAAACGTGAT,2
rna-CATACCAAACAAGCTA,0
rna-CATACCAATTGCTGGA,2
rna-CATACCAACTGTAGCC,0
rna-CATACCAAAGTACAAG,0
rna-CATACCAAAACAACCA,0
rna-CATACCAAAACCGAGA,0
rna-CATACCAAAACGCTTA,0
rna-CATACCAAAAGACGGA,0
rna-CATACCAAAAGGTACA,0
rna-CATACCAAACACAGAA,0
rna-CATACCAAACAGCAGA,0
rna-CATACCAAAAACATCG,2
rna-CATACCAAACCTCCAA,0
rna-CATACCAAACGCTCGA,0
rna-CATACCAAACGTATCA,0
rna-CATACCAAACTATGCA,0
rna-CATACCAAAGAGTCAA,0
rna-CATACCAAAGATCGCA,0
rna-CATACCAAAGCAGGAA,0
rna-CATACCAAAGTCACTA,0
rna-CATACCAAATCCTGTA,0
rna-CATACCAAATTGAGGA,0
rna-CATACCAAATGCCTAA,0
rna-CATACCAACAACCACA,0
rna-CATACCAAGACTAGTA,0
rna-CATACCAACAATGGAA,0
rna-CATACCAACACTTCGA,0
rna-CATACCAACAGCGTTA,0
rna-CATACCAACATACCAA,9
rna-CATACCAACCAGTTCA,1
rna-CATACCAACCGAAGTA,1
rna-CATACCAACCGTGAGA,1
rna-CATACCAACCTCCTGA,1
rna-CATACCAAAGTGGTCA,0
rna-CATACCAACGAACTTA,1
rna-CATACCAACGACTGGA,1
rna-CATACCAACGCATACA,1
rna-CATACCAACTCAATGA,1
rna-CATACCAACTGAGCCA,1
rna-CATACCAACTGGCATA,1
rna-CATACCAAGAATCTGA,1
rna-CATACCAACAAGACTA,1
rna-CATACCAAGAGCTGAA,1
rna-CATACCAAGATAGACA,1
rna-CATACCAAACCACTGT,0
rna-CATACCAAGCCACATA,1
rna-CATACCAAGCGAGTAA,1
rna-CATACCAAGCTAACGA,1
rna-CATACCAAGCTCGGTA,1
rna-CATACCAAGGAGAACA,1
rna-CATACCAAGGTGCGAA,1
rna-CATACCAAGTACGCAA,1
rna-CATACCAAGTCGTAGA,1
rna-CATACCAAGTCTGTCA,1
rna-CATACCAAGTGTTCTA,1
rna-CATACCAAACATTGGC,0
rna-CATACCAATAGGATGA,1
rna-CATACCAATATCAGCA,1
rna-CATACCAATCCGTCTA,1
rna-CATACCAATCTTCACA,1
rna-CATACCAATGAAGAGA,1
rna-CATACCAATGGAACAA,1
rna-CATACCAATGGCTTCA,1
rna-CATACCAATGGTGGTA,1
rna-CATACCAATTCACGCA,1
rna-CATACCAAAACTCACC,11
rna-CATACCAACAGATCTG,0
rna-CATACCAAAAGAGATC,1
rna-CATACCAAAAGGACAC,6
rna-CATACCAAAATCCGTC,9
rna-CATACCAAAATGTTGC,1
rna-CATACCAAACACGACC,5
rna-CATACCAAACAGATTC,5
rna-CATACCAAAGATGTAC,5
rna-CATACCAAAGCACCTC,5
rna-CATACCAAAGCCATGC,5
rna-CATACCAAAGGCTAAC,6
rna-CATACCAACATCAAGT,7
rna-CATACCAAATAGCGAC,2
rna-CATACCAAATCATTCC,2
rna-CATACCAAATTGGCTC,2
rna-CATACCAACAAGGAGC,2
rna-CATACCAACACCTTAC,2
rna-CATACCAACCATCCTC,2
rna-CATACCAACCGACAAC,0
rna-CATACCAACCTAATCC,2
rna-CATACCAACCTCTATC,0
rna-CATACCAACGACACAC,8
rna-CATACCAACGCTGATC,0
rna-CATACCAACGGATTGC,8
rna-CATACCAACTAAGGTC,8
rna-CATACCAAGAACAGGC,8
rna-CATACCAAGACAGTGC,8
rna-CATACCAAGAGTTAGC,8
rna-CATACCAAGATGAATC,2
rna-CATACCAAGCCAAGAC,2
rna-CATACCAACGGAAGAA,2
rna-CATACCAAGTGACAAG,2
rna-CATACCAAGAACCAGA,2
rna-CAGCGTTAAACGTGAT,4
rna-CAGCGTTAACAAGCTA,7
rna-CAGCGTTATTGCTGGA,2
rna-CAGCGTTACTGTAGCC,7
rna-CAGCGTTAAGTACAAG,0
rna-CAGCGTTAAACAACCA,0
rna-CAGCGTTAAACCGAGA,0
rna-CAGCGTTAAACGCTTA,0
rna-CAGCGTTAAAGACGGA,0
rna-CAGCGTTAAAGGTACA,0
rna-CAGCGTTAACACAGAA,0
rna-CAGCGTTAACAGCAGA,0
rna-CAGCGTTAAAACATCG,4
rna-CAGCGTTAACCTCCAA,0
rna-CAGCGTTAACGCTCGA,0
rna-CAGCGTTAACGTATCA,0
rna-CAGCGTTAACTATGCA,0
rna-CAGCGTTAAGAGTCAA,0
rna-CAGCGTTAAGATCGCA,0
rna-CAGCGTTAAGCAGGAA,0
rna-CAGCGTTAAGTCACTA,0
rna-CAGCGTTAATCCTGTA,0
rna-CAGCGTTAATTGAGGA,0
rna-CAGCGTTAATGCCTAA,4
rna-CAGCGTTACAACCACA,0
rna-CAGCGTTAGACTAGTA,0
rna-CAGCGTTACAATGGAA,0
rna-CAGCGTTACACTTCGA,0
rna-CAGCGTTACAGCGTTA,10
rna-CAGCGTTACATACCAA,3
rna-CAGCGTTACCAGTTCA,1
rna-CAGCGTTACCGAAGTA,11
rna-CAGCGTTACCGTGAGA,1
rna-CAGCGTTACCTCCTGA,1
rna-CAGCGTTAAGTGGTCA,0
rna-CAGCGTTACGAACTTA,1
rna-CAGCGTTACGACTGGA,1
rna-CAGCGTTACGCATACA,1
rna-CAGCGTTACTCAATGA,1
rna-CAGCGTTACTGAGCCA,1
rna-CAGCGTTACTGGCATA,1
rna-CAGCGTTAGAATCTGA,7
rna-CAGCGTTACAAGACTA,1
rna-CAGCGTTAGAGCTGAA,1
rna-CAGCGTTAGATAGACA,1
rna-CAGCGTTAACCACTGT,0
rna-CAGCGTTAGCCACATA,1
rna-CAGCGTTAGCGAGTAA,1
rna-CAGCGTTAGCTAACGA,1
rna-CAGCGTTAGCTCGGTA,1
rna-CAGCGTTAGGAGAACA,1
rna-CAGCGTTAGGTGCGAA,1
rna-CAGCGTTAGTACGCAA,1
rna-CAGCGTTAGTCGTAGA,1
rna-CAGCGTTAGTCTGTCA,1
rna-CAGCGTTAGTGTTCTA,9
rna-CAGCGTTAACATTGGC,0
rna-CAGCGTTATAGGATGA,1
rna-CAGCGTTATATCAGCA,1
rna-CAGCGTTATCCGTCTA,1
rna-CAGCGTTATCTTCACA,1
rna-CAGCGTTATGAAGAGA,1
rna-CAGCGTTATGGAACAA,1
rna-CAGCGTTATGGCTTCA,1
rna-CAGCGTTATGGTGGTA,1
rna-CAGCGTTATTCACGCA,3
rna-CAGCGTTAAACTCACC,1
rna-CAGCGTTACAGATCTG,0
rna-CAGCGTTAAAGAGATC,1
rna-CAGCGTTAAAGGACAC,9
rna-CAGCGTTAAATCCGTC,6
rna-CAGCGTTAAATGTTGC,1
rna-CAGCGTTAACACGACC,1
rna-CAGCGTTAACAGATTC,5
rna-CAGCGTTAAGATGTAC,5
rna-CAGCGTTAAGCACCTC,5
rna-CAGCGTTAAGCCATGC,5
rna-CAGCGTTAAGGCTAAC,2
rna-CAGCGTTACATCAAGT,0
rna-CAGCGTTAATAGCGAC,2
rna-CAGCGTTAATCATTCC,2
rna-CAGCGTTAATTGGCTC,2
rna-CAGCGTTACAAGGAGC,2
rna-CAGCGTTACACCTTAC,2
rna-CAGCGTTACCATCCTC,2
rna-CAGCGTTACCGACAAC,2
rna-CAGCGTTACCTAATCC,2
rna-CAGCGTTACCTCTATC,2
rna-CAGCGTTACGACACAC,2
rna-CAGCGTTACGCTGATC,0
rna-CAGCGTTACGGATTGC,8
rna-CAGCGTTACTAAGGTC,8
rna-CAGCGTTAGAACAGGC,8
rna-CAGCGTTAGACAGTGC,8
rna-CAGCGTTAGAGTTAGC,8
rna-CAGCGTTAGATGAATC,2
rna-CAGCGTTAGCCAAGAC,2
rna-CAGCGTTACGGAAGAA,2
rna-CAGCGTTAGTGACAAG,2
rna-CAGCGTTAGAACCAGA,2
rna-CACTTCGAACAAGCTA,10
rna-CACTTCGATTGCTGGA,2
rna-CACTTCGACTGTAGCC,0
rna-CACTTCGAAGTACAAG,0
rna-CACTTCGAAACAACCA,0
rna-CACTTCGAAACCGAGA,0
rna-CACTTCGAAACGCTTA,0
rna-CACTTCGAAAGACGGA,0
rna-CACTTCGAAAGGTACA,0
rna-CACTTCGAACACAGAA,0
rna-CACTTCGAACAGCAGA,0
rna-CACTTCGAAAACATCG,10
rna-CACTTCGAACCTCCAA,0
rna-CACTTCGAACGCTCGA,0
rna-CACTTCGAACGTATCA,0
rna-CACTTCGAACTATGCA,0
rna-CACTTCGAAGAGTCAA,0
rna-CACTTCGAAGATCGCA,0
rna-CACTTCGAAGCAGGAA,0
rna-CACTTCGAAGTCACTA,0
rna-CACTTCGAATCCTGTA,0
rna-CACTTCGAATTGAGGA,0
rna-CACTTCGAATGCCTAA,2
rna-CACTTCGACAACCACA,0
rna-CACTTCGAGACTAGTA,0
rna-CACTTCGACAATGGAA,0
rna-CACTTCGACACTTCGA,0
rna-CACTTCGACAGCGTTA,0
rna-CACTTCGACATACCAA,0
rna-CACTTCGACCAGTTCA,11
rna-CACTTCGACCGAAGTA,1
rna-CACTTCGACCGTGAGA,1
rna-CACTTCGACCTCCTGA,1
rna-CACTTCGAAGTGGTCA,10
rna-CACTTCGACGAACTTA,1
rna-CACTTCGACGACTGGA,1
rna-CACTTCGACGCATACA,1
rna-CACTTCGACTCAATGA,1
rna-CACTTCGACTGAGCCA,1
rna-CACTTCGACTGGCATA,1
rna-CACTTCGAGAATCTGA,1
rna-CACTTCGACAAGACTA,1
rna-CACTTCGAGAGCTGAA,1
rna-CACTTCGAGATAGACA,1
rna-CACTTCGAACCACTGT,4
rna-CACTTCGAGCCACATA,1
rna-CACTTCGAGCGAGTAA,1
rna-CACTTCGAGCTAACGA,1
rna-CACTTCGAGCTCGGTA,11
rna-CACTTCGAGGAGAACA,1
rna-CACTTCGAGGTGCGAA,1
rna-CACTTCGAGTACGCAA,1
rna-CACTTCGAGTCGTAGA,1
rna-CACTTCGAGTCTGTCA,1
rna-CACTTCGAGTGTTCTA,1
rna-CACTTCGAACATTGGC,0
rna-CACTTCGATAGGATGA,1
rna-CACTTCGATATCAGCA,1
rna-CACTTCGATCCGTCTA,1
rna-CACTTCGATCTTCACA,1
rna-CACTTCGATGAAGAGA,1
rna-CACTTCGATGGAACAA,1
rna-CACTTCGATGGCTTCA,1
rna-CACTTCGATGGTGGTA,1
rna-CACTTCGATTCACGCA,1
rna-CACTTCGAAACTCACC,1
rna-CACTTCGACAGATCTG,0
rna-CACTTCGAAAGAGATC,1
rna-CACTTCGAAAGGACAC,1
rna-CACTTCGAAATCCGTC,11
rna-CACTTCGAAATGTTGC,2
rna-CACTTCGAACACGACC,2
rna-CACTTCGAACAGATTC,5
rna-CACTTCGAAGATGTAC,5
rna-CACTTCGAAGCACCTC,5
rna-CACTTCGAAGCCATGC,5
rna-CACTTCGAAGGCTAAC,2
rna-CACTTCGACATCAAGT,0
rna-CACTTCGAATAGCGAC,2
rna-CACTTCGAATCATTCC,2
rna-CACTTCGAATTGGCTC,2
rna-CACTTCGACAAGGAGC,2
rna-CACTTCGACACCTTAC,2
rna-CACTTCGACCATCCTC,2
rna-CACTTCGACCGACAAC,2
rna-CACTTCGACCTAATCC,2
rna-CACTTCGACCTCTATC,2
rna-CACTTCGACGACACAC,7
rna-CACTTCGACGCTGATC,10
rna-CACTTCGACGGATTGC,2
rna-CACTTCGACTAAGGTC,2
rna-CACTTCGAGAACAGGC,8
rna-CACTTCGAGACAGTGC,8
rna-CACTTCGAGAGTTAGC,2
rna-CACTTCGAGATGAATC,9
rna-CACTTCGAGCCAAGAC,2
rna-CACTTCGACGGAAGAA,2
rna-CACTTCGAGTGACAAG,2
rna-CACTTCGAGAACCAGA,2
rna-CAATGGAAACAAGCTA,0
rna-CAATGGAATTGCTGGA,2
rna-CAATGGAACTGTAGCC,0
rna-CAATGGAAAGTACAAG,0
rna-CAATGGAAAACAACCA,0
rna-CAATGGAAAACCGAGA,0
rna-CAATGGAAAACGCTTA,0
rna-CAATGGAAAAGACGGA,0
rna-CAATGGAAAAGGTACA,0
rna-CAATGGAAACACAGAA,0
rna-CAATGGAAACAGCAGA,0
rna-CAATGGAAAAACATCG,4
rna-CAATGGAAACCTCCAA,0
rna-CAATGGAAACGCTCGA,0
rna-CAATGGAAACGTATCA,0
rna-CAATGGAAACTATGCA,0
rna-CAATGGAAAGAGTCAA,0
rna-CAATGGAAAGATCGCA,0
rna-CAATGGAAAGCAGGAA,0
rna-CAATGGAAAGTCACTA,0
rna-CAATGGAAATCCTGTA,0
rna-CAATGGAAATTGAGGA,0
rna-CAATGGAAATGCCTAA,4
rna-CAATGGAACAACCACA,0
rna-CAATGGAAGACTAGTA,0
rna-CAATGGAACAATGGAA,0
rna-CAATGGAACACTTCGA,0
rna-CAATGGAACAGCGTTA,0
rna-CAATGGAACATACCAA,0
rna-CAATGGAACCAGTTCA,0
rna-CAATGGAACCGAAGTA,7
rna-CAATGGAACCGTGAGA,1
rna-CAATGGAACCTCCTGA,1
rna-CAATGGAAAGTGGTCA,4
rna-CAATGGAACGAACTTA,1
rna-CAATGGAACGACTGGA,1
rna-CAATGGAACGCATACA,1
rna-CAATGGAACTCAATGA,1
rna-CAATGGAACTGAGCCA,1
rna-CAATGGAACTGGCATA,1
rna-CAATGGAAGAATCTGA,1
rna-CAATGGAACAAGACTA,1
rna-CAATGGAAGAGCTGAA,1
rna-CAATGGAAGATAGACA,1
rna-CAATGGAAACCACTGT,0
rna-CAATGGAAGCCACATA,1
rna-CAATGGAAGCGAGTAA,1
rna-CAATGGAAGCTAACGA,1
rna-CAATGGAAGCTCGGTA,1
rna-CAATGGAAGGAGAACA,1
rna-CAATGGAAGGTGCGAA,1
rna-CAATGGAAGTACGCAA,1
rna-CAATGGAAGTCGTAGA,1
rna-CAATGGAAGTCTGTCA,1
rna-CAATGGAAGTGTTCTA,1
rna-CAATGGAAACATTGGC,4
rna-CAATGGAATAGGATGA,1
rna-CAATGGAATATCAGCA,1
rna-CAATGGAATCCGTCTA,1
rna-CAATGGAATCTTCACA,1
rna-CAATGGAATGAAGAGA,1
rna-CAATGGAATGGAACAA,1
rna-CAATGGAATGGCTTCA,6
rna-CAATGGAATGGTGGTA,1
rna-CAATGGAATTCACGCA,1
rna-CAATGGAAAACTCACC,1
rna-CAATGGAACAGATCTG,0
rna-CAATGGAAAAGAGATC,1
rna-CAATGGAAAAGGACAC,1
rna-CAATGGAAAATCCGTC,9
rna-CAATGGAAAATGTTGC,1
rna-CAATGGAAACACGACC,1
rna-CAATGGAAACAGATTC,1
rna-CAATGGAAAGATGTAC,5
rna-CAATGGAAAGCACCTC,2
rna-CAATGGAAAGCCATGC,1
rna-CAATGGAAAGGCTAAC,1
rna-CAATGGAACATCAAGT,0
rna-CAATGGAAATAGCGAC,2
rna-CAATGGAAATCATTCC,2
rna-CAATGGAAATTGGCTC,2
rna-CAATGGAACAAGGAGC,2
rna-CAATGGAACACCTTAC,2
rna-CAATGGAACCATCCTC,2
rna-CAATGGAACCGACAAC,2
rna-CAATGGAACCTAATCC,2
rna-CAATGGAACCTCTATC,2
rna-CAATGGAACGACACAC,2
rna-CAATGGAACGCTGATC,10
rna-CAATGGAACGGATTGC,2
rna-CAATGGAACTAAGGTC,8
rna-CAATGGAAGAACAGGC,2
rna-CAATGGAAGACAGTGC,2
rna-CAATGGAAGAGTTAGC,2
rna-CAATGGAAGATGAATC,2
rna-CAATGGAAGCCAAGAC,2
rna-CAATGGAACGGAAGAA,2
rna-CAATGGAAGTGACAAG,2
rna-CAATGGAAGAACCAGA,2
rna-GATGAATCACAAGCTA,0
rna-GATGAATCTTGCTGGA,0
rna-GATGAATCCTGTAGCC,0
rna-GATGAATCAGTACAAG,0
rna-GATGAATCAACAACCA,0
rna-GATGAATCAACCGAGA,0
rna-GATGAATCAACGCTTA,0
rna-GATGAATCAAGACGGA,0
rna-GATGAATCAAGGTACA,0
rna-GATGAATCACACAGAA,0
rna-GATGAATCACAGCAGA,0
rna-GATGAATCACCTCCAA,0
rna-GATGAATCACGCTCGA,0
rna-GATGAATCACGTATCA,0
rna-GATGAATCACTATGCA,0
rna-GATGAATCAGAGTCAA,0
rna-GATGAATCAGATCGCA,0
rna-GATGAATCAGCAGGAA,0
rna-GATGAATCAGTCACTA,0
rna-GATGAATCATCCTGTA,0
rna-GATGAATCATTGAGGA,0
rna-GATGAATCCAACCACA,0
rna-GATGAATCGACTAGTA,0
rna-GATGAATCCAATGGAA,0
rna-GATGAATCCACTTCGA,0
rna-GATGAATCCAGCGTTA,0
rna-GATGAATCCATACCAA,0
rna-GATGAATCCCAGTTCA,0
rna-GATGAATCCCGAAGTA,0
rna-GATGAATCCCGTGAGA,0
rna-GATGAATCCCTCCTGA,0
rna-GATGAATCCGAACTTA,0
rna-GATGAATCCGACTGGA,0
rna-GATGAATCCGCATACA,0
rna-GATGAATCCTCAATGA,0
rna-GATGAATCCTGAGCCA,0
rna-GATGAATCCTGGCATA,0
rna-GATGAATCGAATCTGA,0
rna-GATGAATCCAAGACTA,0
rna-GATGAATCGAGCTGAA,0
rna-GATGAATCGATAGACA,0
rna-GATGAATCGCCACATA,0
rna-GATGAATCGCGAGTAA,0
rna-GATGAATCGCTAACGA,0
rna-GATGAATCGCTCGGTA,0
rna-GATGAATCGGAGAACA,0
rna-GATGAATCGGTGCGAA,0
rna-GATGAATCGTACGCAA,0
rna-GATGAATCGTCGTAGA,0
rna-GATGAATCGTCTGTCA,0
rna-GATGAATCGTGTTCTA,0
rna-GATGAATCTAGGATGA,0
rna-GATGAATCTATCAGCA,0
rna-GATGAATCTCCGTCTA,0
rna-GATGAATCTCTTCACA,0
rna-GATGAATCTGAAGAGA,0
rna-GATGAATCTGGAACAA,0
rna-GATGAATCTGGCTTCA,0
rna-GATGAATCTGGTGGTA,0
rna-GATGAATCTTCACGCA,0
rna-GATGAATCAACTCACC,3
rna-GATGAATCAAGAGATC,0
rna-GATGAATCAAGGACAC,0
rna-GATGAATCAATCCGTC,0
rna-GATGAATCAATGTTGC,0
rna-GATGAATCACACGACC,0
rna-GATGAATCACAGATTC,0
rna-GATGAATCAGATGTAC,0
rna-GATGAATCAGCACCTC,0
rna-GATGAATCAGCCATGC,0
rna-GATGAATCAGGCTAAC,0
rna-GATGAATCATAGCGAC,0
rna-GATGAATCATCATTCC,0
rna-GATGAATCATTGGCTC,0
rna-GATGAATCCAAGGAGC,0
rna-GATGAATCCACCTTAC,0
rna-GATGAATCCCATCCTC,0
rna-GATGAATCCCGACAAC,0
rna-GATGAATCCCTAATCC,0
rna-GATGAATCCCTCTATC,0
rna-GATGAATCCGACACAC,0
rna-GATGAATCCGCTGATC,2
rna-GATGAATCCGGATTGC,0
rna-GATGAATCCTAAGGTC,2
rna-GATGAATCGAACAGGC,2
rna-GATGAATCGACAGTGC,2
rna-GATGAATCGAGTTAGC,2
rna-GATGAATCGATGAATC,2
rna-GATGAATCGCCAAGAC,0
rna-GATGAATCCGGAAGAA,0
rna-GATGAATCGTGACAAG,0
rna-GATGAATCGAACCAGA,0
rna-GACTAGTAACAAGCTA,2
rna-GACTAGTATTGCTGGA,2
rna-GACTAGTACTGTAGCC,2
rna-GACTAGTAAGTACAAG,0
rna-GACTAGTAAACAACCA,0
rna-GACTAGTAAACCGAGA,0
rna-GACTAGTAAACGCTTA,0
rna-GACTAGTAAAGACGGA,0
rna-GACTAGTAAAGGTACA,0
rna-GACTAGTAACACAGAA,0
rna-GACTAGTAACAGCAGA,0
rna-GACTAGTAACCTCCAA,0
rna-GACTAGTAACGCTCGA,0
rna-GACTAGTAACGTATCA,11
rna-GACTAGTAACTATGCA,0
rna-GACTAGTAAGAGTCAA,0
rna-GACTAGTAAGATCGCA,0
rna-GACTAGTAAGCAGGAA,0
rna-GACTAGTAAGTCACTA,0
rna-GACTAGTAATCCTGTA,0
rna-GACTAGTAATTGAGGA,0
rna-GACTAGTAATGCCTAA,4
rna-GACTAGTACAACCACA,0
rna-GACTAGTAGACTAGTA,0
rna-GACTAGTACAATGGAA,0
rna-GACTAGTACACTTCGA,0
rna-GACTAGTACAGCGTTA,0
rna-GACTAGTACATACCAA,10
rna-GACTAGTACCAGTTCA,0
rna-GACTAGTACCGAAGTA,2
rna-GACTAGTACCGTGAGA,1
rna-GACTAGTACCTCCTGA,1
rna-GACTAGTAAGTGGTCA,4
rna-GACTAGTACGAACTTA,1
rna-GACTAGTACGACTGGA,1
rna-GACTAGTACGCATACA,1
rna-GACTAGTACTCAATGA,1
rna-GACTAGTACTGAGCCA,1
rna-GACTAGTACTGGCATA,1
rna-GACTAGTAGAATCTGA,1
rna-GACTAGTACAAGACTA,1
rna-GACTAGTAGAGCTGAA,1
rna-GACTAGTAGATAGACA,1
rna-GACTAGTAACCACTGT,4
rna-GACTAGTAGCCACATA,1
rna-GACTAGTAGCGAGTAA,1
rna-GACTAGTAGCTAACGA,1
rna-GACTAGTAGCTCGGTA,1
rna-GACTAGTAGGAGAACA,6
rna-GACTAGTAGGTGCGAA,1
rna-GACTAGTAGTACGCAA,1
rna-GACTAGTAGTCGTAGA,1
rna-GACTAGTAGTCTGTCA,1
rna-GACTAGTAGTGTTCTA,1
rna-GACTAGTAACATTGGC,4
rna-GACTAGTATAGGATGA,1
rna-GACTAGTATATCAGCA,1
rna-GACTAGTATCCGTCTA,1
rna-GACTAGTATCTTCACA,1
rna-GACTAGTATGAAGAGA,1
rna-GACTAGTATGGAACAA,1
rna-GACTAGTATGGCTTCA,1
rna-GACTAGTATGGTGGTA,11
rna-GACTAGTATTCACGCA,1
rna-GACTAGTAAACTCACC,1
rna-GACTAGTACAGATCTG,0
rna-GACTAGTAAAGAGATC,1
rna-GACTAGTAAAGGACAC,1
rna-GACTAGTAAATCCGTC,7
rna-GACTAGTAAATGTTGC,1
rna-GACTAGTAACACGACC,11
rna-GACTAGTAACAGATTC,1
rna-GACTAGTAAGATGTAC,1
rna-GACTAGTAAGCACCTC,1
rna-GACTAGTAAGCCATGC,1
rna-GACTAGTAAGGCTAAC,5
rna-GACTAGTACATCAAGT,10
rna-GACTAGTAATAGCGAC,1
rna-GACTAGTAATCATTCC,2
rna-GACTAGTAATTGGCTC,2
rna-GACTAGTACAAGGAGC,2
rna-GACTAGTACACCTTAC,2
rna-GACTAGTACCATCCTC,6
rna-GACTAGTACCGACAAC,1
rna-GACTAGTACCTAATCC,2
rna-GACTAGTACCTCTATC,7
rna-GACTAGTACGACACAC,2
rna-GACTAGTACGCTGATC,2
rna-GACTAGTACGGATTGC,2
rna-GACTAGTACTAAGGTC,2
rna-GACTAGTAGAACAGGC,2
rna-GACTAGTAGACAGTGC,9
rna-GACTAGTAGAGTTAGC,2
rna-GACTAGTAGATGAATC,2
rna-GACTAGTAGCCAAGAC,2
rna-GACTAGTACGGAAGAA,9
rna-GACTAGTAGTGACAAG,2
rna-GACTAGTAGAACCAGA,2
rna-CAACCACAACAAGCTA,2
rna-CAACCACATTGCTGGA,2
rna-CAACCACACTGTAGCC,7
rna-CAACCACAAGTACAAG,0
rna-CAACCACAAACAACCA,0
rna-CAACCACAAACCGAGA,0
rna-CAACCACAAACGCTTA,0
rna-CAACCACAAAGACGGA,0
rna-CAACCACAAAGGTACA,0
rna-CAACCACAACACAGAA,0
rna-CAACCACAACAGCAGA,0
rna-CAACCACAACCTCCAA,0
rna-CAACCACAACGCTCGA,0
rna-CAACCACAACGTATCA,0
rna-CAACCACAACTATGCA,0
rna-CAACCACAAGAGTCAA,0
rna-CAACCACAAGATCGCA,0
rna-CAACCACAAGCAGGAA,0
rna-CAACCACAAGTCACTA,0
rna-CAACCACAATCCTGTA,0
rna-CAACCACAATTGAGGA,0
rna-CAACCACAATGCCTAA,4
rna-CAACCACACAACCACA,0
rna-CAACCACAGACTAGTA,0
rna-CAACCACACAATGGAA,0
rna-CAACCACACACTTCGA,0
rna-CAACCACACAGCGTTA,0
rna-CAACCACACATACCAA,0
rna-CAACCACACCAGTTCA,0
rna-CAACCACACCGAAGTA,0
rna-CAACCACACCGTGAGA,3
rna-CAACCACACCTCCTGA,1
rna-CAACCACAAGTGGTCA,4
rna-CAACCACACGAACTTA,1
rna-CAACCACACGACTGGA,1
rna-CAACCACACGCATACA,1
rna-CAACCACACTCAATGA,1
rna-CAACCACACTGAGCCA,1
rna-CAACCACACTGGCATA,1
rna-CAACCACAGAATCTGA,1
rna-CAACCACACAAGACTA,1
rna-CAACCACAGAGCTGAA,1
rna-CAACCACAGATAGACA,1
rna-CAACCACAACCACTGT,4
rna-CAACCACAGCCACATA,1
rna-CAACCACAGCGAGTAA,1
rna-CAACCACAGCTAACGA,1
rna-CAACCACAGCTCGGTA,1
rna-CAACCACAGGAGAACA,1
rna-CAACCACAGGTGCGAA,1
rna-CAACCACAGTACGCAA,1
rna-CAACCACAGTCGTAGA,1
rna-CAACCACAGTCTGTCA,1
rna-CAACCACAGTGTTCTA,7
rna-CAACCACAACATTGGC,0
rna-CAACCACATAGGATGA,1
rna-CAACCACATATCAGCA,1
rna-CAACCACATCCGTCTA,1
rna-CAACCACATCTTCACA,1
rna-CAACCACATGAAGAGA,1
rna-CAACCACATGGAACAA,1
rna-CAACCACATGGCTTCA,1
rna-CAACCACATGGTGGTA,1
rna-CAACCACATTCACGCA,1
rna-CAACCACAAACTCACC,1
rna-CAACCACACAGATCTG,0
rna-CAACCACAAAGAGATC,1
rna-CAACCACAAAGGACAC,1
rna-CAACCACAAATCCGTC,1
rna-CAACCACAAATGTTGC,1
rna-CAACCACAACACGACC,1
rna-CAACCACAACAGATTC,11
rna-CAACCACAAGATGTAC,1
rna-CAACCACAAGCACCTC,1
rna-CAACCACAAGCCATGC,1
rna-CAACCACAAGGCTAAC,1
rna-CAACCACACATCAAGT,0
rna-CAACCACAATAGCGAC,1
rna-CAACCACAATCATTCC,1
rna-CAACCACAATTGGCTC,2
rna-CAACCACACAAGGAGC,1
rna-CAACCACACACCTTAC,1
rna-CAACCACACCATCCTC,1
rna-CAACCACACCGACAAC,2
rna-CAACCACACCTAATCC,2
rna-CAACCACACCTCTATC,2
rna-CAACCACACGACACAC,2
rna-CAACCACACGCTGATC,0
rna-CAACCACACGGATTGC,2
rna-CAACCACACTAAGGTC,2
rna-CAACCACAGAACAGGC,2
rna-CAACCACAGACAGTGC,10
rna-CAACCACAGAGTTAGC,2
rna-CAACCACAGATGAATC,2
rna-CAACCACAGCCAAGAC,2
rna-CAACCACACGGAAGAA,2
rna-CAACCACAGTGACAAG,2
rna-CAACCACAGAACCAGA,2
rna-ATTGAGGAACAAGCTA,10
rna-ATTGAGGATTGCTGGA,2
rna-ATTGAGGACTGTAGCC,0
rna-ATTGAGGAAGTACAAG,0
rna-ATTGAGGAAACAACCA,7
rna-ATTGAGGAAACCGAGA,0
rna-ATTGAGGAAACGCTTA,0
rna-ATTGAGGAAAGACGGA,0
rna-ATTGAGGAAAGGTACA,0
rna-ATTGAGGAACACAGAA,0
rna-ATTGAGGAACAGCAGA,0
rna-ATTGAGGAACCTCCAA,0
rna-ATTGAGGAACGCTCGA,0
rna-ATTGAGGAACGTATCA,0
rna-ATTGAGGAACTATGCA,0
rna-ATTGAGGAAGAGTCAA,0
rna-ATTGAGGAAGATCGCA,0
rna-ATTGAGGAAGCAGGAA,0
rna-ATTGAGGAAGTCACTA,0
rna-ATTGAGGAATCCTGTA,0
rna-ATTGAGGAATTGAGGA,0
rna-ATTGAGGACAACCACA,0
rna-ATTGAGGAGACTAGTA,0
rna-ATTGAGGACAATGGAA,0
rna-ATTGAGGACACTTCGA,0
rna-ATTGAGGACAGCGTTA,0
rna-ATTGAGGACATACCAA,10
rna-ATTGAGGACCAGTTCA,6
rna-ATTGAGGACCGAAGTA,10
rna-ATTGAGGACCGTGAGA,2
rna-ATTGAGGACCTCCTGA,3
rna-ATTGAGGAAGTGGTCA,4
rna-ATTGAGGACGAACTTA,1
rna-ATTGAGGACGACTGGA,1
rna-ATTGAGGACGCATACA,1
rna-ATTGAGGACTCAATGA,1
rna-ATTGAGGACTGAGCCA,1
rna-ATTGAGGACTGGCATA,1
rna-ATTGAGGAGAATCTGA,1
rna-ATTGAGGACAAGACTA,1
rna-ATTGAGGAGAGCTGAA,1
rna-ATTGAGGAGATAGACA,1
rna-ATTGAGGAACCACTGT,4
rna-ATTGAGGAGCCACATA,1
rna-ATTGAGGAGCGAGTAA,1
rna-ATTGAGGAGCTAACGA,1
rna-ATTGAGGAGCTCGGTA,1
rna-ATTGAGGAGGAGAACA,1
rna-ATTGAGGAGGTGCGAA,1
rna-ATTGAGGAGTACGCAA,1
rna-ATTGAGGAGTCGTAGA,1
rna-ATTGAGGAGTCTGTCA,1
rna-ATTGAGGAGTGTTCTA,1
rna-ATTGAGGAACATTGGC,4
rna-ATTGAGGATAGGATGA,1
rna-ATTGAGGATATCAGCA,1
rna-ATTGAGGATCCGTCTA,1
rna-ATTGAGGATCTTCACA,1
rna-ATTGAGGATGAAGAGA,1
rna-ATTGAGGATGGAACAA,1
rna-ATTGAGGATGGCTTCA,1
rna-ATTGAGGATGGTGGTA,1
rna-ATTGAGGATTCACGCA,1
rna-ATTGAGGAAACTCACC,1
rna-ATTGAGGACAGATCTG,4
rna-ATTGAGGAAAGAGATC,1
rna-ATTGAGGAAAGGACAC,1
rna-ATTGAGGAAATCCGTC,1
rna-ATTGAGGAAATGTTGC,1
rna-ATTGAGGAACACGACC,1
rna-ATTGAGGAACAGATTC,1
rna-ATTGAGGAAGATGTAC,1
rna-ATTGAGGAAGCACCTC,1
rna-ATTGAGGAAGCCATGC,1
rna-ATTGAGGAAGGCTAAC,1
rna-ATTGAGGACATCAAGT,0
rna-ATTGAGGAATAGCGAC,1
rna-ATTGAGGAATCATTCC,1
rna-ATTGAGGAATTGGCTC,1
rna-ATTGAGGACAAGGAGC,2
rna-ATTGAGGACACCTTAC,2
rna-ATTGAGGACCATCCTC,2
rna-ATTGAGGACCGACAAC,2
rna-ATTGAGGACCTAATCC,2
rna-ATTGAGGACCTCTATC,2
rna-ATTGAGGACGACACAC,2
rna-ATTGAGGACGCTGATC,0
rna-ATTGAGGACGGATTGC,2
rna-ATTGAGGACTAAGGTC,10
rna-ATTGAGGAGAACAGGC,2
rna-ATTGAGGAGACAGTGC,2
rna-ATTGAGGAGAGTTAGC,2
rna-ATTGAGGAGATGAATC,2
rna-ATTGAGGAGCCAAGAC,2
rna-ATTGAGGACGGAAGAA,2
rna-ATTGAGGAGTGACAAG,2
rna-ATTGAGGAGAACCAGA,2
rna-ATCCTGTAACAAGCTA,0
rna-ATCCTGTATTGCTGGA,2
rna-ATCCTGTACTGTAGCC,9
rna-ATCCTGTAAGTACAAG,10
rna-ATCCTGTAAACAACCA,7
rna-ATCCTGTAAACCGAGA,0
rna-ATCCTGTAAACGCTTA,0
rna-ATCCTGTAAAGACGGA,0
rna-ATCCTGTAAAGGTACA,0
rna-ATCCTGTAACACAGAA,0
rna-ATCCTGTAACAGCAGA,0
rna-ATCCTGTAACCTCCAA,0
rna-ATCCTGTAACGCTCGA,0
rna-ATCCTGTAACGTATCA,0
rna-ATCCTGTAACTATGCA,0
rna-ATCCTGTAAGAGTCAA,0
rna-ATCCTGTAAGATCGCA,0
rna-ATCCTGTAAGCAGGAA,0
rna-ATCCTGTAAGTCACTA,0
rna-ATCCTGTAATCCTGTA,0
rna-ATCCTGTAATTGAGGA,0
rna-ATCCTGTACAACCACA,0
rna-ATCCTGTAGACTAGTA,0
rna-ATCCTGTACAATGGAA,0
rna-ATCCTGTACACTTCGA,0
rna-ATCCTGTACAGCGTTA,0
rna-ATCCTGTACATACCAA,10
rna-ATCCTGTACCAGTTCA,6
rna-ATCCTGTACCGAAGTA,7
rna-ATCCTGTACCGTGAGA,2
rna-ATCCTGTACCTCCTGA,2
rna-ATCCTGTAAGTGGTCA,4
rna-ATCCTGTACGAACTTA,3
rna-ATCCTGTACGACTGGA,7
rna-ATCCTGTACGCATACA,1
rna-ATCCTGTACTCAATGA,1
rna-ATCCTGTACTGAGCCA,1
rna-ATCCTGTACTGGCATA,1
rna-ATCCTGTAGAATCTGA,1
rna-ATCCTGTACAAGACTA,1
rna-ATCCTGTAGAGCTGAA,1
rna-ATCCTGTAGATAGACA,1
rna-ATCCTGTAACCACTGT,4
rna-ATCCTGTAGCCACATA,1
rna-ATCCTGTAGCGAGTAA,1
rna-ATCCTGTAGCTAACGA,1
rna-ATCCTGTAGCTCGGTA,1
rna-ATCCTGTAGGAGAACA,1
rna-ATCCTGTAGGTGCGAA,1
rna-ATCCTGTAGTACGCAA,1
rna-ATCCTGTAGTCGTAGA,1
rna-ATCCTGTAGTCTGTCA,1
rna-ATCCTGTAGTGTTCTA,1
rna-ATCCTGTAACATTGGC,4
rna-ATCCTGTATAGGATGA,1
rna-ATCCTGTATATCAGCA,1
rna-ATCCTGTATCCGTCTA,1
rna-ATCCTGTATCTTCACA,1
rna-ATCCTGTATGAAGAGA,1
rna-ATCCTGTATGGAACAA,1
rna-ATCCTGTATGGCTTCA,1
rna-ATCCTGTATGGTGGTA,1
rna-ATCCTGTATTCACGCA,1
rna-ATCCTGTAAACTCACC,1
rna-ATCCTGTACAGATCTG,0
rna-ATCCTGTAAAGAGATC,1
rna-ATCCTGTAAAGGACAC,1
rna-ATCCTGTAAATCCGTC,1
rna-ATCCTGTAAATGTTGC,1
rna-ATCCTGTAACACGACC,1
rna-ATCCTGTAACAGATTC,1
rna-ATCCTGTAAGATGTAC,1
rna-ATCCTGTAAGCACCTC,1
rna-ATCCTGTAAGCCATGC,1
rna-ATCCTGTAAGGCTAAC,7
rna-ATCCTGTACATCAAGT,4
rna-ATCCTGTAATAGCGAC,1
rna-ATCCTGTAATCATTCC,1
rna-ATCCTGTAATTGGCTC,1
rna-ATCCTGTACAAGGAGC,2
rna-ATCCTGTACACCTTAC,2
rna-ATCCTGTACCATCCTC,2
rna-ATCCTGTACCGACAAC,2
rna-ATCCTGTACCTAATCC,7
rna-ATCCTGTACCTCTATC,9
rna-ATCCTGTACGACACAC,2
rna-ATCCTGTACGCTGATC,2
rna-ATCCTGTACGGATTGC,7
rna-ATCCTGTACTAAGGTC,2
rna-ATCCTGTAGAACAGGC,2
rna-ATCCTGTAGACAGTGC,9
rna-ATCCTGTAGAGTTAGC,2
rna-ATCCTGTAGATGAATC,2
rna-ATCCTGTAGCCAAGAC,2
rna-ATCCTGTACGGAAGAA,2
rna-ATCCTGTAGTGACAAG,2
rna-ATCCTGTAGAACCAGA,2
rna-AGTCACTAACAAGCTA,4
rna-AGTCACTATTGCTGGA,2
rna-AGTCACTACTGTAGCC,4
rna-AGTCACTAAGTACAAG,4
rna-AGTCACTAAACAACCA,7
rna-AGTCACTAAACCGAGA,4
rna-AGTCACTAAACGCTTA,0
rna-AGTCACTAAAGACGGA,0
rna-AGTCACTAAAGGTACA,0
rna-AGTCACTAACACAGAA,0
rna-AGTCACTAACAGCAGA,0
rna-AGTCACTAACCTCCAA,0
rna-AGTCACTAACGCTCGA,0
rna-AGTCACTAACGTATCA,0
rna-AGTCACTAACTATGCA,0
rna-AGTCACTAAGAGTCAA,10
rna-AGTCACTAAGATCGCA,0
rna-AGTCACTAAGCAGGAA,0
rna-AGTCACTAAGTCACTA,0
rna-AGTCACTAATCCTGTA,0
rna-AGTCACTAATTGAGGA,0
rna-AGTCACTACAACCACA,0
rna-AGTCACTAGACTAGTA,0
rna-AGTCACTACAATGGAA,0
rna-AGTCACTACACTTCGA,6
rna-AGTCACTACAGCGTTA,11
rna-AGTCACTACATACCAA,6
rna-AGTCACTACCAGTTCA,0
rna-AGTCACTACCGAAGTA,0
rna-AGTCACTACCGTGAGA,8
rna-AGTCACTACCTCCTGA,10
rna-AGTCACTACGAACTTA,7
rna-AGTCACTACGACTGGA,2
rna-AGTCACTACGCATACA,1
rna-AGTCACTACTCAATGA,1
rna-AGTCACTACTGAGCCA,1
rna-AGTCACTACTGGCATA,1
rna-AGTCACTAGAATCTGA,1
rna-AGTCACTACAAGACTA,1
rna-AGTCACTAGAGCTGAA,1
rna-AGTCACTAGATAGACA,1
rna-AGTCACTAACCACTGT,4
rna-AGTCACTAGCCACATA,1
rna-AGTCACTAGCGAGTAA,1
rna-AGTCACTAGCTAACGA,1
rna-AGTCACTAGCTCGGTA,1
rna-AGTCACTAGGAGAACA,1
rna-AGTCACTAGGTGCGAA,1
rna-AGTCACTAGTACGCAA,1
rna-AGTCACTAGTCGTAGA,1
rna-AGTCACTAGTCTGTCA,1
rna-AGTCACTAGTGTTCTA,1
rna-AGTCACTAACATTGGC,4
rna-AGTCACTATAGGATGA,1
rna-AGTCACTATATCAGCA,1
rna-AGTCACTATCCGTCTA,1
rna-AGTCACTATCTTCACA,1
rna-AGTCACTATGAAGAGA,1
rna-AGTCACTATGGAACAA,1
rna-AGTCACTATGGCTTCA,1
rna-AGTCACTATGGTGGTA,1
rna-AGTCACTATTCACGCA,1
rna-AGTCACTAAACTCACC,1
rna-AGTCACTACAGATCTG,4
rna-AGTCACTAAAGAGATC,1
rna-AGTCACTAAAGGACAC,1
rna-AGTCACTAAATCCGTC,1
rna-AGTCACTAAATGTTGC,1
rna-AGTCACTAACACGACC,1
rna-AGTCACTAACAGATTC,1
rna-AGTCACTAAGATGTAC,9
rna-AGTCACTAAGCACCTC,1
rna-AGTCACTAAGCCATGC,1
rna-AGTCACTAAGGCTAAC,1
rna-AGTCACTACATCAAGT,0
rna-AGTCACTAATAGCGAC,1
rna-AGTCACTAATCATTCC,1
rna-AGTCACTAATTGGCTC,1
rna-AGTCACTACAAGGAGC,2
rna-AGTCACTACACCTTAC,2
rna-AGTCACTACCATCCTC,2
rna-AGTCACTACCGACAAC,2
rna-AGTCACTACCTAATCC,2
rna-AGTCACTACCTCTATC,2
rna-AGTCACTACGACACAC,2
rna-AGTCACTACGCTGATC,4
rna-AGTCACTACGGATTGC,2
rna-AGTCACTACTAAGGTC,2
rna-AGTCACTAGAACAGGC,11
rna-AGTCACTAGACAGTGC,2
rna-AGTCACTAGAGTTAGC,2
rna-AGTCACTAGATGAATC,2
rna-AGTCACTAGCCAAGAC,2
rna-AGTCACTACGGAAGAA,2
rna-AGTCACTAGTGACAAG,2
rna-AGTCACTAGAACCAGA,2
rna-AGCAGGAAACAAGCTA,4
rna-AGCAGGAATTGCTGGA,2
rna-AGCAGGAACTGTAGCC,4
rna-AGCAGGAAAGTACAAG,4
rna-AGCAGGAAAACAACCA,2
rna-AGCAGGAAAACCGAGA,2
rna-AGCAGGAAAACGCTTA,0
rna-AGCAGGAAAAGACGGA,0
rna-AGCAGGAAAAGGTACA,10
rna-AGCAGGAAACACAGAA,0
rna-AGCAGGAAACAGCAGA,0
rna-AGCAGGAAACCTCCAA,0
rna-AGCAGGAAACGCTCGA,0
rna-AGCAGGAAACGTATCA,0
rna-AGCAGGAAACTATGCA,0
rna-AGCAGGAAAGAGTCAA,0
rna-AGCAGGAAAGATCGCA,7
rna-AGCAGGAAAGCAGGAA,10
rna-AGCAGGAAAGTCACTA,0
rna-AGCAGGAAATCCTGTA,0
rna-AGCAGGAAATTGAGGA,0
rna-AGCAGGAACAACCACA,0
rna-AGCAGGAAGACTAGTA,0
rna-AGCAGGAACAATGGAA,6
rna-AGCAGGAACACTTCGA,9
rna-AGCAGGAACAGCGTTA,6
rna-AGCAGGAACATACCAA,6
rna-AGCAGGAACCAGTTCA,0
rna-AGCAGGAACCGAAGTA,0
rna-AGCAGGAACCGTGAGA,7
rna-AGCAGGAACCTCCTGA,0
rna-AGCAGGAACGAACTTA,7
rna-AGCAGGAACGACTGGA,3
rna-AGCAGGAACGCATACA,1
rna-AGCAGGAACTCAATGA,1
rna-AGCAGGAACTGAGCCA,1
rna-AGCAGGAACTGGCATA,1
rna-AGCAGGAAGAATCTGA,1
rna-AGCAGGAACAAGACTA,1
rna-AGCAGGAAGAGCTGAA,1
rna-AGCAGGAAGATAGACA,1
rna-AGCAGGAAACCACTGT,4
rna-AGCAGGAAGCCACATA,1
rna-AGCAGGAAGCGAGTAA,1
rna-AGCAGGAAGCTAACGA,1
rna-AGCAGGAAGCTCGGTA,1
rna-AGCAGGAAGGAGAACA,1
rna-AGCAGGAAGGTGCGAA,1
rna-AGCAGGAAGTACGCAA,1
rna-AGCAGGAAGTCGTAGA,1
rna-AGCAGGAAGTCTGTCA,1
rna-AGCAGGAAGTGTTCTA,1
rna-AGCAGGAAACATTGGC,4
rna-AGCAGGAATAGGATGA,1
rna-AGCAGGAATATCAGCA,1
rna-AGCAGGAATCCGTCTA,1
rna-AGCAGGAATCTTCACA,1
rna-AGCAGGAATGAAGAGA,1
rna-AGCAGGAATGGAACAA,1
rna-AGCAGGAATGGCTTCA,1
rna-AGCAGGAATGGTGGTA,1
rna-AGCAGGAATTCACGCA,1
rna-AGCAGGAAAACTCACC,1
rna-AGCAGGAACAGATCTG,4
rna-AGCAGGAAAAGAGATC,1
rna-AGCAGGAAAAGGACAC,1
rna-AGCAGGAAAATCCGTC,1
rna-AGCAGGAAAATGTTGC,1
rna-AGCAGGAAACACGACC,1
rna-AGCAGGAAACAGATTC,1
rna-AGCAGGAAAGATGTAC,1
rna-AGCAGGAAAGCACCTC,1
rna-AGCAGGAAAGCCATGC,1
rna-AGCAGGAAAGGCTAAC,1
rna-AGCAGGAACATCAAGT,4
rna-AGCAGGAAATAGCGAC,1
rna-AGCAGGAAATCATTCC,1
rna-AGCAGGAAATTGGCTC,2
rna-AGCAGGAACAAGGAGC,2
rna-AGCAGGAACACCTTAC,2
rna-AGCAGGAACCATCCTC,2
rna-AGCAGGAACCGACAAC,2
rna-AGCAGGAACCTAATCC,6
rna-AGCAGGAACCTCTATC,2
rna-AGCAGGAACGACACAC,9
rna-AGCAGGAACGCTGATC,0
rna-AGCAGGAACGGATTGC,2
rna-AGCAGGAACTAAGGTC,9
rna-AGCAGGAAGAACAGGC,2
rna-AGCAGGAAGACAGTGC,2
rna-AGCAGGAAGAGTTAGC,2
rna-AGCAGGAAGATGAATC,9
rna-AGCAGGAAGCCAAGAC,2
rna-AGCAGGAACGGAAGAA,2
rna-AGCAGGAAGTGACAAG,2
rna-AGCAGGAAGAACCAGA,2
rna-AGATCGCAACAAGCTA,10
rna-AGATCGCATTGCTGGA,2
rna-AGATCGCACTGTAGCC,4
rna-AGATCGCAAGTACAAG,7
rna-AGATCGCAAACAACCA,7
rna-AGATCGCAAACCGAGA,2
rna-AGATCGCAAACGCTTA,0
rna-AGATCGCAAAGACGGA,0
rna-AGATCGCAAAGGTACA,0
rna-AGATCGCAACACAGAA,0
rna-AGATCGCAACAGCAGA,0
rna-AGATCGCAACCTCCAA,0
rna-AGATCGCAACGCTCGA,0
rna-AGATCGCAACGTATCA,0
rna-AGATCGCAACTATGCA,0
rna-AGATCGCAAGAGTCAA,0
rna-AGATCGCAAGATCGCA,0
rna-AGATCGCAAGCAGGAA,0
rna-AGATCGCAAGTCACTA,0
rna-AGATCGCAATCCTGTA,0
rna-AGATCGCAATTGAGGA,0
rna-AGATCGCACAACCACA,0
rna-AGATCGCAGACTAGTA,7
rna-AGATCGCACAATGGAA,6
rna-AGATCGCACACTTCGA,2
rna-AGATCGCACAGCGTTA,2
rna-AGATCGCACATACCAA,0
rna-AGATCGCACCAGTTCA,0
rna-AGATCGCACCGAAGTA,0
rna-AGATCGCACCGTGAGA,0
rna-AGATCGCACCTCCTGA,0
rna-AGATCGCACGAACTTA,0
rna-AGATCGCACGACTGGA,7
rna-AGATCGCACGCATACA,1
rna-AGATCGCACTCAATGA,1
rna-AGATCGCACTGAGCCA,1
rna-AGATCGCACTGGCATA,1
rna-AGATCGCAGAATCTGA,9
rna-AGATCGCACAAGACTA,1
rna-AGATCGCAGAGCTGAA,1
rna-AGATCGCAGATAGACA,1
rna-AGATCGCAGCCACATA,1
rna-AGATCGCAGCGAGTAA,1
rna-AGATCGCAGCTAACGA,1
rna-AGATCGCAGCTCGGTA,1
rna-AGATCGCAGGAGAACA,1
rna-AGATCGCAGGTGCGAA,1
rna-AGATCGCAGTACGCAA,1
rna-AGATCGCAGTCGTAGA,1
rna-AGATCGCAGTCTGTCA,1
rna-AGATCGCAGTGTTCTA,1
rna-AGATCGCAACATTGGC,4
rna-AGATCGCATAGGATGA,1
rna-AGATCGCATATCAGCA,1
rna-AGATCGCATCCGTCTA,1
rna-AGATCGCATCTTCACA,1
rna-AGATCGCATGAAGAGA,1
rna-AGATCGCATGGAACAA,1
rna-AGATCGCATGGCTTCA,1
rna-AGATCGCATGGTGGTA,1
rna-AGATCGCATTCACGCA,1
rna-AGATCGCAAACTCACC,1
rna-AGATCGCACAGATCTG,4
rna-AGATCGCAAAGAGATC,1
rna-AGATCGCAAAGGACAC,1
rna-AGATCGCAAATCCGTC,1
rna-AGATCGCAAATGTTGC,1
rna-AGATCGCAACACGACC,1
rna-AGATCGCAACAGATTC,1
rna-AGATCGCAAGATGTAC,1
rna-AGATCGCAAGCACCTC,1
rna-AGATCGCAAGCCATGC,1
rna-AGATCGCAAGGCTAAC,1
rna-AGATCGCACATCAAGT,4
rna-AGATCGCAATAGCGAC,5
rna-AGATCGCAATCATTCC,1
rna-AGATCGCAATTGGCTC,1
rna-AGATCGCACAAGGAGC,11
rna-AGATCGCACACCTTAC,2
rna-AGATCGCACCATCCTC,2
rna-AGATCGCACCGACAAC,2
rna-AGATCGCACCTAATCC,2
rna-AGATCGCACCTCTATC,7
rna-AGATCGCACGACACAC,2
rna-AGATCGCACGCTGATC,4
rna-AGATCGCACGGATTGC,9
rna-AGATCGCACTAAGGTC,6
rna-AGATCGCAGAACAGGC,2
rna-AGATCGCAGACAGTGC,9
rna-AGATCGCAGAGTTAGC,2
rna-AGATCGCAGATGAATC,2
rna-AGATCGCAGCCAAGAC,9
rna-AGATCGCACGGAAGAA,2
rna-AGATCGCAGTGACAAG,2
rna-AGATCGCAGAACCAGA,2
rna-AGAGTCAAACAAGCTA,0
rna-AGAGTCAATTGCTGGA,2
rna-AGAGTCAACTGTAGCC,4
rna-AGAGTCAAAGTACAAG,4
rna-AGAGTCAAAACAACCA,4
rna-AGAGTCAAAACCGAGA,2
rna-AGAGTCAAAACGCTTA,0
rna-AGAGTCAAAAGACGGA,0
rna-AGAGTCAAAAGGTACA,0
rna-AGAGTCAAACACAGAA,0
rna-AGAGTCAAACAGCAGA,0
rna-AGAGTCAAACCTCCAA,0
rna-AGAGTCAAACGCTCGA,0
rna-AGAGTCAAACGTATCA,0
rna-AGAGTCAAACTATGCA,0
rna-AGAGTCAAAGAGTCAA,0
rna-AGAGTCAAAGATCGCA,0
rna-AGAGTCAAAGCAGGAA,0
rna-AGAGTCAAAGTCACTA,0
rna-AGAGTCAAATCCTGTA,0
rna-AGAGTCAAATTGAGGA,0
rna-AGAGTCAACAACCACA,0
rna-AGAGTCAAGACTAGTA,0
rna-AGAGTCAACAATGGAA,6
rna-AGAGTCAACACTTCGA,6
rna-AGAGTCAACAGCGTTA,0
rna-AGAGTCAACATACCAA,0
rna-AGAGTCAACCAGTTCA,0
rna-AGAGTCAACCGAAGTA,0
rna-AGAGTCAACCGTGAGA,0
rna-AGAGTCAACCTCCTGA,0
rna-AGAGTCAACGAACTTA,0
rna-AGAGTCAACGACTGGA,0
rna-AGAGTCAACGCATACA,1
rna-AGAGTCAACTCAATGA,1
rna-AGAGTCAACTGAGCCA,1
rna-AGAGTCAACTGGCATA,1
rna-AGAGTCAAGAATCTGA,1
rna-AGAGTCAACAAGACTA,1
rna-AGAGTCAAGAGCTGAA,1
rna-AGAGTCAAGATAGACA,1
rna-AGAGTCAAGCCACATA,1
rna-AGAGTCAAGCGAGTAA,1
rna-AGAGTCAAGCTAACGA,1
rna-AGAGTCAAGCTCGGTA,1
rna-AGAGTCAAGGAGAACA,1
rna-AGAGTCAAGGTGCGAA,1
rna-AGAGTCAAGTACGCAA,1
rna-AGAGTCAAGTCGTAGA,1
rna-AGAGTCAAGTCTGTCA,1
rna-AGAGTCAAGTGTTCTA,1
rna-AGAGTCAAACATTGGC,4
rna-AGAGTCAATAGGATGA,1
rna-AGAGTCAATATCAGCA,1
rna-AGAGTCAATCCGTCTA,1
rna-AGAGTCAATCTTCACA,1
rna-AGAGTCAATGAAGAGA,1
rna-AGAGTCAATGGAACAA,1
rna-AGAGTCAATGGCTTCA,1
rna-AGAGTCAATGGTGGTA,1
rna-AGAGTCAATTCACGCA,1
rna-AGAGTCAAAACTCACC,1
rna-AGAGTCAACAGATCTG,4
rna-AGAGTCAAAAGAGATC,1
rna-AGAGTCAAAAGGACAC,1
rna-AGAGTCAAAATCCGTC,1
rna-AGAGTCAAAATGTTGC,1
rna-AGAGTCAAACACGACC,1
rna-AGAGTCAAACAGATTC,1
rna-AGAGTCAAAGATGTAC,1
rna-AGAGTCAAAGCACCTC,1
rna-AGAGTCAAAGCCATGC,1
rna-AGAGTCAAAGGCTAAC,1
rna-AGAGTCAACATCAAGT,4
rna-AGAGTCAAATAGCGAC,9
rna-AGAGTCAAATCATTCC,1
rna-AGAGTCAAATTGGCTC,1
rna-AGAGTCAACAAGGAGC,1
rna-AGAGTCAACACCTTAC,1
rna-AGAGTCAACCATCCTC,7
rna-AGAGTCAACCGACAAC,2
rna-AGAGTCAACCTAATCC,6
rna-AGAGTCAACCTCTATC,2
rna-AGAGTCAACGACACAC,7
rna-AGAGTCAACGCTGATC,4
rna-AGAGTCAACGGATTGC,6
rna-AGAGTCAACTAAGGTC,6
rna-AGAGTCAAGAACAGGC,2
rna-AGAGTCAAGACAGTGC,2
rna-AGAGTCAAGAGTTAGC,2
rna-AGAGTCAAGATGAATC,2
rna-AGAGTCAAGCCAAGAC,6
rna-AGAGTCAACGGAAGAA,2
rna-AGAGTCAAGTGACAAG,2
rna-AGAGTCAAGAACCAGA,2
rna-ACTATGCAACAAGCTA,4
rna-ACTATGCATTGCTGGA,2
rna-ACTATGCACTGTAGCC,0
rna-ACTATGCAAGTACAAG,4
rna-ACTATGCAAACAACCA,4
rna-ACTATGCAAACCGAGA,0
rna-ACTATGCAAACGCTTA,0
rna-ACTATGCAAAGACGGA,0
rna-ACTATGCAAAGGTACA,0
rna-ACTATGCAACACAGAA,0
rna-ACTATGCAACAGCAGA,0
rna-ACTATGCAACCTCCAA,0
rna-ACTATGCAACGCTCGA,0
rna-ACTATGCAACGTATCA,0
rna-ACTATGCAACTATGCA,0
rna-ACTATGCAAGAGTCAA,0
rna-ACTATGCAAGATCGCA,0
rna-ACTATGCAAGCAGGAA,0
rna-ACTATGCAAGTCACTA,0
rna-ACTATGCAATCCTGTA,0
rna-ACTATGCAATTGAGGA,0
rna-ACTATGCACAACCACA,0
rna-ACTATGCAGACTAGTA,0
rna-ACTATGCACAATGGAA,0
rna-ACTATGCACACTTCGA,0
rna-ACTATGCACAGCGTTA,0
rna-ACTATGCACATACCAA,11
rna-ACTATGCACCAGTTCA,0
rna-ACTATGCACCGAAGTA,0
rna-ACTATGCACCGTGAGA,7
rna-ACTATGCACCTCCTGA,1
rna-ACTATGCACGAACTTA,0
rna-ACTATGCACGACTGGA,0
rna-ACTATGCACGCATACA,3
rna-ACTATGCACTCAATGA,2
rna-ACTATGCACTGAGCCA,1
rna-ACTATGCACTGGCATA,1
rna-ACTATGCAGAATCTGA,1
rna-ACTATGCACAAGACTA,11
rna-ACTATGCAGAGCTGAA,6
rna-ACTATGCAGATAGACA,6
rna-ACTATGCAGCCACATA,1
rna-ACTATGCAGCGAGTAA,1
rna-ACTATGCAGCTAACGA,1
rna-ACTATGCAGCTCGGTA,1
rna-ACTATGCAGGAGAACA,1
rna-ACTATGCAGGTGCGAA,1
rna-ACTATGCAGTACGCAA,1
rna-ACTATGCAGTCGTAGA,1
rna-ACTATGCAGTCTGTCA,1
rna-ACTATGCAGTGTTCTA,1
rna-ACTATGCATAGGATGA,1
rna-ACTATGCATATCAGCA,1
rna-ACTATGCATCCGTCTA,1
rna-ACTATGCATCTTCACA,1
rna-ACTATGCATGAAGAGA,1
rna-ACTATGCATGGAACAA,1
rna-ACTATGCATGGCTTCA,1
rna-ACTATGCATGGTGGTA,1
rna-ACTATGCATTCACGCA,1
rna-ACTATGCAAACTCACC,9
rna-ACTATGCACAGATCTG,4
rna-ACTATGCAAAGAGATC,1
rna-ACTATGCAAAGGACAC,1
rna-ACTATGCAAATCCGTC,1
rna-ACTATGCAAATGTTGC,1
rna-ACTATGCAACACGACC,1
rna-ACTATGCAACAGATTC,1
rna-ACTATGCAAGATGTAC,1
rna-ACTATGCAAGCACCTC,1
rna-ACTATGCAAGCCATGC,1
rna-ACTATGCAAGGCTAAC,1
rna-ACTATGCACATCAAGT,4
rna-ACTATGCAATAGCGAC,1
rna-ACTATGCAATCATTCC,2
rna-ACTATGCAATTGGCTC,1
rna-ACTATGCACAAGGAGC,1
rna-ACTATGCACACCTTAC,1
rna-ACTATGCACCATCCTC,2
rna-ACTATGCACCGACAAC,2
rna-ACTATGCACCTAATCC,2
rna-ACTATGCACCTCTATC,2
rna-ACTATGCACGACACAC,2
rna-ACTATGCACGCTGATC,4
rna-ACTATGCACGGATTGC,2
rna-ACTATGCACTAAGGTC,2
rna-ACTATGCAGAACAGGC,9
rna-ACTATGCAGACAGTGC,2
rna-ACTATGCAGAGTTAGC,2
rna-ACTATGCAGATGAATC,2
rna-ACTATGCAGCCAAGAC,6
rna-ACTATGCACGGAAGAA,2
rna-ACTATGCAGTGACAAG,2
rna-ACTATGCAGAACCAGA,2
rna-ACGTATCAACAAGCTA,4
rna-ACGTATCATTGCTGGA,9
rna-ACGTATCACTGTAGCC,4
rna-ACGTATCAAGTACAAG,0
rna-ACGTATCAAACAACCA,4
rna-ACGTATCAAACCGAGA,0
rna-ACGTATCAAACGCTTA,0
rna-ACGTATCAAAGACGGA,0
rna-ACGTATCAAAGGTACA,0
rna-ACGTATCAACACAGAA,0
rna-ACGTATCAACAGCAGA,0
rna-ACGTATCAACCTCCAA,0
rna-ACGTATCAACGCTCGA,0
rna-ACGTATCAACGTATCA,0
rna-ACGTATCAACTATGCA,0
rna-ACGTATCAAGAGTCAA,0
rna-ACGTATCAAGATCGCA,0
rna-ACGTATCAAGCAGGAA,0
rna-ACGTATCAAGTCACTA,0
rna-ACGTATCAATCCTGTA,0
rna-ACGTATCAATTGAGGA,0
rna-ACGTATCACAACCACA,0
rna-ACGTATCAGACTAGTA,2
rna-ACGTATCACAATGGAA,9
rna-ACGTATCACACTTCGA,7
rna-ACGTATCACAGCGTTA,0
rna-ACGTATCACATACCAA,0
rna-ACGTATCACCAGTTCA,0
rna-ACGTATCACCGAAGTA,0
rna-ACGTATCACCGTGAGA,0
rna-ACGTATCACCTCCTGA,1
rna-ACGTATCACGAACTTA,0
rna-ACGTATCACGACTGGA,0
rna-ACGTATCACGCATACA,0
rna-ACGTATCACTCAATGA,7
rna-ACGTATCACTGAGCCA,1
rna-ACGTATCACTGGCATA,1
rna-ACGTATCAGAATCTGA,1
rna-ACGTATCACAAGACTA,1
rna-ACGTATCAGAGCTGAA,1
rna-ACGTATCAGATAGACA,1
rna-ACGTATCAGCCACATA,1
rna-ACGTATCAGCGAGTAA,1
rna-ACGTATCAGCTAACGA,1
rna-ACGTATCAGCTCGGTA,1
rna-ACGTATCAGGAGAACA,1
rna-ACGTATCAGGTGCGAA,1
rna-ACGTATCAGTACGCAA,1
rna-ACGTATCAGTCGTAGA,1
rna-ACGTATCAGTCTGTCA,1
rna-ACGTATCAGTGTTCTA,1
rna-ACGTATCATAGGATGA,1
rna-ACGTATCATATCAGCA,1
rna-ACGTATCATCCGTCTA,1
rna-ACGTATCATCTTCACA,1
rna-ACGTATCATGAAGAGA,1
rna-ACGTATCATGGAACAA,1
rna-ACGTATCATGGCTTCA,1
rna-ACGTATCATGGTGGTA,11
rna-ACGTATCATTCACGCA,1
rna-ACGTATCAAACTCACC,1
rna-ACGTATCAAAGAGATC,2
rna-ACGTATCAAAGGACAC,11
rna-ACGTATCAAATCCGTC,1
rna-ACGTATCAAATGTTGC,1
rna-ACGTATCAACACGACC,1
rna-ACGTATCAACAGATTC,1
rna-ACGTATCAAGATGTAC,1
rna-ACGTATCAAGCACCTC,1
rna-ACGTATCAAGCCATGC,1
rna-ACGTATCAAGGCTAAC,1
rna-ACGTATCACATCAAGT,4
rna-ACGTATCAATAGCGAC,1
rna-ACGTATCAATCATTCC,9
rna-ACGTATCAATTGGCTC,1
rna-ACGTATCACAAGGAGC,1
rna-ACGTATCACACCTTAC,2
rna-ACGTATCACCATCCTC,9
rna-ACGTATCACCGACAAC,2
rna-ACGTATCACCTAATCC,2
rna-ACGTATCACCTCTATC,2
rna-ACGTATCACGACACAC,2
rna-ACGTATCACGCTGATC,4
rna-ACGTATCACGGATTGC,2
rna-ACGTATCACTAAGGTC,2
rna-ACGTATCAGAACAGGC,2
rna-ACGTATCAGACAGTGC,2
rna-ACGTATCAGAGTTAGC,2
rna-ACGTATCAGATGAATC,2
rna-ACGTATCAGCCAAGAC,2
rna-ACGTATCACGGAAGAA,6
rna-ACGTATCAGTGACAAG,2
rna-ACGTATCAGAACCAGA,2
rna-GAGTTAGCACAAGCTA,2
rna-GAGTTAGCTTGCTGGA,0
rna-GAGTTAGCCTGTAGCC,0
rna-GAGTTAGCAGTACAAG,0
rna-GAGTTAGCAACAACCA,0
rna-GAGTTAGCAACCGAGA,0
rna-GAGTTAGCAACGCTTA,0
rna-GAGTTAGCAAGACGGA,0
rna-GAGTTAGCAAGGTACA,0
rna-GAGTTAGCACACAGAA,0
rna-GAGTTAGCACAGCAGA,0
rna-GAGTTAGCACCTCCAA,0
rna-GAGTTAGCACGCTCGA,0
rna-GAGTTAGCACGTATCA,0
rna-GAGTTAGCACTATGCA,0
rna-GAGTTAGCAGAGTCAA,0
rna-GAGTTAGCAGATCGCA,0
rna-GAGTTAGCAGCAGGAA,0
rna-GAGTTAGCAGTCACTA,0
rna-GAGTTAGCATCCTGTA,0
rna-GAGTTAGCATTGAGGA,0
rna-GAGTTAGCCAACCACA,0
rna-GAGTTAGCGACTAGTA,0
rna-GAGTTAGCCAATGGAA,0
rna-GAGTTAGCCACTTCGA,0
rna-GAGTTAGCCAGCGTTA,0
rna-GAGTTAGCCATACCAA,0
rna-GAGTTAGCCCAGTTCA,0
rna-GAGTTAGCCCGAAGTA,0
rna-GAGTTAGCCCGTGAGA,0
rna-GAGTTAGCCCTCCTGA,0
rna-GAGTTAGCCGAACTTA,0
rna-GAGTTAGCCGACTGGA,0
rna-GAGTTAGCCGCATACA,0
rna-GAGTTAGCCTCAATGA,0
rna-GAGTTAGCCTGAGCCA,0
rna-GAGTTAGCCTGGCATA,0
rna-GAGTTAGCGAATCTGA,0
rna-GAGTTAGCCAAGACTA,0
rna-GAGTTAGCGAGCTGAA,0
rna-GAGTTAGCGATAGACA,0
rna-GAGTTAGCGCCACATA,0
rna-GAGTTAGCGCGAGTAA,0
rna-GAGTTAGCGCTAACGA,0
rna-GAGTTAGCGCTCGGTA,0
rna-GAGTTAGCGGAGAACA,0
rna-GAGTTAGCGGTGCGAA,0
rna-GAGTTAGCGTACGCAA,0
rna-GAGTTAGCGTCGTAGA,0
rna-GAGTTAGCGTCTGTCA,0
rna-GAGTTAGCGTGTTCTA,0
rna-GAGTTAGCTAGGATGA,0
rna-GAGTTAGCTATCAGCA,0
rna-GAGTTAGCTCCGTCTA,0
rna-GAGTTAGCTCTTCACA,0
rna-GAGTTAGCTGAAGAGA,0
rna-GAGTTAGCTGGAACAA,0
rna-GAGTTAGCTGGCTTCA,0
rna-GAGTTAGCTGGTGGTA,0
rna-GAGTTAGCTTCACGCA,0
rna-GAGTTAGCAACTCACC,0
rna-GAGTTAGCAAGAGATC,0
rna-GAGTTAGCAAGGACAC,0
rna-GAGTTAGCAATCCGTC,0
rna-GAGTTAGCAATGTTGC,0
rna-GAGTTAGCACACGACC,6
rna-GAGTTAGCACAGATTC,0
rna-GAGTTAGCAGATGTAC,0
rna-GAGTTAGCAGCACCTC,0
rna-GAGTTAGCAGCCATGC,0
rna-GAGTTAGCAGGCTAAC,0
rna-GAGTTAGCCATCAAGT,2
rna-GAGTTAGCATAGCGAC,0
rna-GAGTTAGCATCATTCC,6
rna-GAGTTAGCATTGGCTC,0
rna-GAGTTAGCCAAGGAGC,0
rna-GAGTTAGCCACCTTAC,0
rna-GAGTTAGCCCATCCTC,0
rna-GAGTTAGCCCGACAAC,0
rna-GAGTTAGCCCTAATCC,0
rna-GAGTTAGCCCTCTATC,0
rna-GAGTTAGCCGACACAC,0
rna-GAGTTAGCCGCTGATC,2
rna-GAGTTAGCCGGATTGC,0
rna-GAGTTAGCCTAAGGTC,2
rna-GAGTTAGCGAACAGGC,2
rna-GAGTTAGCGACAGTGC,2
rna-GAGTTAGCGAGTTAGC,2
rna-GAGTTAGCGATGAATC,6
rna-GAGTTAGCGCCAAGAC,0
rna-GAGTTAGCCGGAAGAA,0
rna-GAGTTAGCGTGACAAG,0
rna-GAGTTAGCGAACCAGA,0
rna-ACGCTCGAACAAGCTA,4
rna-ACGCTCGATTGCTGGA,2
rna-ACGCTCGACTGTAGCC,4
rna-ACGCTCGAAGTACAAG,4
rna-ACGCTCGAAACAACCA,4
rna-ACGCTCGAAACCGAGA,0
rna-ACGCTCGAAACGCTTA,0
rna-ACGCTCGAAAGACGGA,0
rna-ACGCTCGAAAGGTACA,0
rna-ACGCTCGAACACAGAA,9
rna-ACGCTCGAACAGCAGA,0
rna-ACGCTCGAACCTCCAA,0
rna-ACGCTCGAACGCTCGA,0
rna-ACGCTCGAACGTATCA,0
rna-ACGCTCGAACTATGCA,0
rna-ACGCTCGAAGAGTCAA,0
rna-ACGCTCGAAGATCGCA,0
rna-ACGCTCGAAGCAGGAA,0
rna-ACGCTCGAAGTCACTA,7
rna-ACGCTCGAATCCTGTA,0
rna-ACGCTCGAATTGAGGA,0
rna-ACGCTCGACAACCACA,0
rna-ACGCTCGAGACTAGTA,0
rna-ACGCTCGACAATGGAA,10
rna-ACGCTCGACACTTCGA,7
rna-ACGCTCGACAGCGTTA,0
rna-ACGCTCGACATACCAA,0
rna-ACGCTCGACCAGTTCA,0
rna-ACGCTCGACCGAAGTA,0
rna-ACGCTCGACCGTGAGA,0
rna-ACGCTCGACCTCCTGA,7
rna-ACGCTCGACGAACTTA,2
rna-ACGCTCGACGACTGGA,0
rna-ACGCTCGACGCATACA,0
rna-ACGCTCGACTCAATGA,0
rna-ACGCTCGACTGAGCCA,1
rna-ACGCTCGACTGGCATA,1
rna-ACGCTCGAGAATCTGA,1
rna-ACGCTCGACAAGACTA,1
rna-ACGCTCGAGAGCTGAA,9
rna-ACGCTCGAGATAGACA,1
rna-ACGCTCGAGCCACATA,1
rna-ACGCTCGAGCGAGTAA,1
rna-ACGCTCGAGCTAACGA,1
rna-ACGCTCGAGCTCGGTA,1
rna-ACGCTCGAGGAGAACA,1
rna-ACGCTCGAGGTGCGAA,1
rna-ACGCTCGAGTACGCAA,1
rna-ACGCTCGAGTCGTAGA,1
rna-ACGCTCGAGTCTGTCA,1
rna-ACGCTCGAGTGTTCTA,1
rna-ACGCTCGATAGGATGA,1
rna-ACGCTCGATATCAGCA,1
rna-ACGCTCGATCCGTCTA,1
rna-ACGCTCGATCTTCACA,1
rna-ACGCTCGATGAAGAGA,1
rna-ACGCTCGATGGAACAA,1
rna-ACGCTCGATGGCTTCA,1
rna-ACGCTCGATGGTGGTA,1
rna-ACGCTCGATTCACGCA,1
rna-ACGCTCGAAACTCACC,7
rna-ACGCTCGAAAGAGATC,1
rna-ACGCTCGAAAGGACAC,1
rna-ACGCTCGAAATCCGTC,6
rna-ACGCTCGAAATGTTGC,1
rna-ACGCTCGAACACGACC,1
rna-ACGCTCGAACAGATTC,1
rna-ACGCTCGAAGATGTAC,1
rna-ACGCTCGAAGCACCTC,1
rna-ACGCTCGAAGCCATGC,1
rna-ACGCTCGAAGGCTAAC,1
rna-ACGCTCGACATCAAGT,4
rna-ACGCTCGAATAGCGAC,1
rna-ACGCTCGAATCATTCC,1
rna-ACGCTCGAATTGGCTC,1
rna-ACGCTCGACAAGGAGC,1
rna-ACGCTCGACACCTTAC,1
rna-ACGCTCGACCATCCTC,1
rna-ACGCTCGACCGACAAC,2
rna-ACGCTCGACCTAATCC,2
rna-ACGCTCGACCTCTATC,7
rna-ACGCTCGACGACACAC,2
rna-ACGCTCGACGCTGATC,4
rna-ACGCTCGACGGATTGC,2
rna-ACGCTCGACTAAGGTC,2
rna-ACGCTCGAGAACAGGC,2
rna-ACGCTCGAGACAGTGC,2
rna-ACGCTCGAGAGTTAGC,2
rna-ACGCTCGAGATGAATC,5
rna-ACGCTCGAGCCAAGAC,2
rna-ACGCTCGACGGAAGAA,2
rna-ACGCTCGAGTGACAAG,2
rna-ACGCTCGAGAACCAGA,2
rna-ACCTCCAAACAAGCTA,4
rna-ACCTCCAATTGCTGGA,2
rna-ACCTCCAACTGTAGCC,4
rna-ACCTCCAAAGTACAAG,4
rna-ACCTCCAAAACAACCA,4
rna-ACCTCCAAAACCGAGA,4
rna-ACCTCCAAAACGCTTA,0
rna-ACCTCCAAAAGACGGA,0
rna-ACCTCCAAAAGGTACA,0
rna-ACCTCCAAACACAGAA,7
rna-ACCTCCAAACAGCAGA,0
rna-ACCTCCAAACCTCCAA,0
rna-ACCTCCAAACGCTCGA,0
rna-ACCTCCAAACGTATCA,0
rna-ACCTCCAAACTATGCA,0
rna-ACCTCCAAAGAGTCAA,0
rna-ACCTCCAAAGATCGCA,9
rna-ACCTCCAAAGCAGGAA,0
rna-ACCTCCAAAGTCACTA,0
rna-ACCTCCAAATCCTGTA,0
rna-ACCTCCAAATTGAGGA,0
rna-ACCTCCAACAACCACA,0
rna-ACCTCCAAGACTAGTA,9
rna-ACCTCCAACAATGGAA,2
rna-ACCTCCAACACTTCGA,0
rna-ACCTCCAACAGCGTTA,0
rna-ACCTCCAACATACCAA,0
rna-ACCTCCAACCAGTTCA,0
rna-ACCTCCAACCGAAGTA,0
rna-ACCTCCAACCGTGAGA,0
rna-ACCTCCAACCTCCTGA,0
rna-ACCTCCAACGAACTTA,0
rna-ACCTCCAACGACTGGA,0
rna-ACCTCCAACGCATACA,0
rna-ACCTCCAACTCAATGA,0
rna-ACCTCCAACTGAGCCA,2
rna-ACCTCCAACTGGCATA,1
rna-ACCTCCAAGAATCTGA,2
rna-ACCTCCAACAAGACTA,1
rna-ACCTCCAAGAGCTGAA,1
rna-ACCTCCAAGATAGACA,1
rna-ACCTCCAAGCCACATA,1
rna-ACCTCCAAGCGAGTAA,1
rna-ACCTCCAAGCTAACGA,1
rna-ACCTCCAAGCTCGGTA,1
rna-ACCTCCAAGGAGAACA,1
rna-ACCTCCAAGGTGCGAA,1
rna-ACCTCCAAGTACGCAA,1
rna-ACCTCCAAGTCGTAGA,1
rna-ACCTCCAAGTCTGTCA,1
rna-ACCTCCAAGTGTTCTA,1
rna-ACCTCCAATAGGATGA,1
rna-ACCTCCAATATCAGCA,1
rna-ACCTCCAATCCGTCTA,1
rna-ACCTCCAATCTTCACA,2
rna-ACCTCCAATGAAGAGA,1
rna-ACCTCCAATGGAACAA,3
rna-ACCTCCAATGGCTTCA,3
rna-ACCTCCAATGGTGGTA,3
rna-ACCTCCAATTCACGCA,3
rna-ACCTCCAAAACTCACC,3
rna-ACCTCCAAAAGAGATC,1
rna-ACCTCCAAAAGGACAC,1
rna-ACCTCCAAAATCCGTC,1
rna-ACCTCCAAAATGTTGC,1
rna-ACCTCCAAACACGACC,1
rna-ACCTCCAAACAGATTC,1
rna-ACCTCCAAAGATGTAC,1
rna-ACCTCCAAAGCACCTC,1
rna-ACCTCCAAAGCCATGC,1
rna-ACCTCCAAAGGCTAAC,1
rna-ACCTCCAAATAGCGAC,1
rna-ACCTCCAAATCATTCC,1
rna-ACCTCCAAATTGGCTC,1
rna-ACCTCCAACAAGGAGC,1
rna-ACCTCCAACACCTTAC,1
rna-ACCTCCAACCATCCTC,1
rna-ACCTCCAACCGACAAC,2
rna-ACCTCCAACCTAATCC,2
rna-ACCTCCAACCTCTATC,2
rna-ACCTCCAACGACACAC,2
rna-ACCTCCAACGCTGATC,4
rna-ACCTCCAACGGATTGC,2
rna-ACCTCCAACTAAGGTC,7
rna-ACCTCCAAGAACAGGC,2
rna-ACCTCCAAGACAGTGC,2
rna-ACCTCCAAGAGTTAGC,11
rna-ACCTCCAAGATGAATC,2
rna-ACCTCCAAGCCAAGAC,2
rna-ACCTCCAACGGAAGAA,2
rna-ACCTCCAAGTGACAAG,6
rna-ACCTCCAAGAACCAGA,2
rna-ACAGCAGAACAAGCTA,4
rna-ACAGCAGATTGCTGGA,2
rna-ACAGCAGACTGTAGCC,4
rna-ACAGCAGAAGTACAAG,4
rna-ACAGCAGAAACAACCA,4
rna-ACAGCAGAAACCGAGA,0
rna-ACAGCAGAAACGCTTA,0
rna-ACAGCAGAAAGACGGA,0
rna-ACAGCAGAAAGGTACA,0
rna-ACAGCAGAACACAGAA,0
rna-ACAGCAGAACAGCAGA,0
rna-ACAGCAGAACCTCCAA,9
rna-ACAGCAGAACGCTCGA,0
rna-ACAGCAGAACGTATCA,0
rna-ACAGCAGAACTATGCA,0
rna-ACAGCAGAAGAGTCAA,0
rna-ACAGCAGAAGATCGCA,0
rna-ACAGCAGAAGCAGGAA,7
rna-ACAGCAGAAGTCACTA,0
rna-ACAGCAGAATCCTGTA,0
rna-ACAGCAGAATTGAGGA,0
rna-ACAGCAGACAACCACA,2
rna-ACAGCAGAGACTAGTA,0
rna-ACAGCAGACAATGGAA,2
rna-ACAGCAGACACTTCGA,10
rna-ACAGCAGACAGCGTTA,0
rna-ACAGCAGACATACCAA,0
rna-ACAGCAGACCAGTTCA,0
rna-ACAGCAGACCGAAGTA,0
rna-ACAGCAGACCGTGAGA,0
rna-ACAGCAGACCTCCTGA,0
rna-ACAGCAGACGAACTTA,0
rna-ACAGCAGACGACTGGA,0
rna-ACAGCAGACGCATACA,2
rna-ACAGCAGACTCAATGA,6
rna-ACAGCAGACTGAGCCA,2
rna-ACAGCAGACTGGCATA,2
rna-ACAGCAGAGAATCTGA,6
rna-ACAGCAGACAAGACTA,1
rna-ACAGCAGAGAGCTGAA,1
rna-ACAGCAGAGATAGACA,1
rna-ACAGCAGAGCCACATA,1
rna-ACAGCAGAGCGAGTAA,1
rna-ACAGCAGAGCTAACGA,1
rna-ACAGCAGAGCTCGGTA,1
rna-ACAGCAGAGGAGAACA,1
rna-ACAGCAGAGGTGCGAA,1
rna-ACAGCAGAGTACGCAA,1
rna-ACAGCAGAGTCGTAGA,1
rna-ACAGCAGAGTCTGTCA,1
rna-ACAGCAGAGTGTTCTA,1
rna-ACAGCAGATAGGATGA,1
rna-ACAGCAGATATCAGCA,1
rna-ACAGCAGATCCGTCTA,1
rna-ACAGCAGATCTTCACA,1
rna-ACAGCAGATGAAGAGA,3
rna-ACAGCAGATGGAACAA,3
rna-ACAGCAGATGGCTTCA,3
rna-ACAGCAGATGGTGGTA,3
rna-ACAGCAGATTCACGCA,3
rna-ACAGCAGAAACTCACC,3
rna-ACAGCAGAAAGAGATC,1
rna-ACAGCAGAAAGGACAC,1
rna-ACAGCAGAAATCCGTC,1
rna-ACAGCAGAAATGTTGC,1
rna-ACAGCAGAACACGACC,1
rna-ACAGCAGAACAGATTC,1
rna-ACAGCAGAAGATGTAC,10
rna-ACAGCAGAAGCACCTC,1
rna-ACAGCAGAAGCCATGC,1
rna-ACAGCAGAAGGCTAAC,1
rna-ACAGCAGAATAGCGAC,1
rna-ACAGCAGAATCATTCC,10
rna-ACAGCAGAATTGGCTC,1
rna-ACAGCAGACAAGGAGC,1
rna-ACAGCAGACACCTTAC,7
rna-ACAGCAGACCATCCTC,1
rna-ACAGCAGACCGACAAC,7
rna-ACAGCAGACCTAATCC,6
rna-ACAGCAGACCTCTATC,7
rna-ACAGCAGACGACACAC,2
rna-ACAGCAGACGGATTGC,2
rna-ACAGCAGACTAAGGTC,7
rna-ACAGCAGAGAACAGGC,2
rna-ACAGCAGAGACAGTGC,7
rna-ACAGCAGAGAGTTAGC,7
rna-ACAGCAGAGATGAATC,2
rna-ACAGCAGAGCCAAGAC,2
rna-ACAGCAGACGGAAGAA,2
rna-ACAGCAGAGTGACAAG,2
rna-ACAGCAGAGAACCAGA,2
rna-ACACAGAATTGCTGGA,2
rna-ACACAGAACTGTAGCC,4
rna-ACACAGAAAGTACAAG,4
rna-ACACAGAAAACAACCA,4
rna-ACACAGAAAACCGAGA,4
rna-ACACAGAAAACGCTTA,0
rna-ACACAGAAAAGACGGA,0
rna-ACACAGAAAAGGTACA,0
rna-ACACAGAAACACAGAA,0
rna-ACACAGAAACAGCAGA,0
rna-ACACAGAAACCTCCAA,0
rna-ACACAGAAACGCTCGA,0
rna-ACACAGAAACGTATCA,0
rna-ACACAGAAACTATGCA,0
rna-ACACAGAAAGAGTCAA,0
rna-ACACAGAAAGATCGCA,0
rna-ACACAGAAAGCAGGAA,11
rna-ACACAGAAAGTCACTA,3
rna-ACACAGAAATCCTGTA,0
rna-ACACAGAAATTGAGGA,0
rna-ACACAGAACAACCACA,9
rna-ACACAGAAGACTAGTA,7
rna-ACACAGAACAATGGAA,7
rna-ACACAGAACACTTCGA,0
rna-ACACAGAACAGCGTTA,0
rna-ACACAGAACATACCAA,0
rna-ACACAGAACCAGTTCA,0
rna-ACACAGAACCGAAGTA,0
rna-ACACAGAACCGTGAGA,0
rna-ACACAGAACCTCCTGA,0
rna-ACACAGAACGAACTTA,0
rna-ACACAGAACGACTGGA,0
rna-ACACAGAACGCATACA,9
rna-ACACAGAACTCAATGA,2
rna-ACACAGAACTGAGCCA,2
rna-ACACAGAACTGGCATA,6
rna-ACACAGAAGAATCTGA,2
rna-ACACAGAACAAGACTA,1
rna-ACACAGAAGAGCTGAA,1
rna-ACACAGAAGATAGACA,1
rna-ACACAGAAGCCACATA,1
rna-ACACAGAAGCGAGTAA,1
rna-ACACAGAAGCTAACGA,1
rna-ACACAGAAGCTCGGTA,1
rna-ACACAGAAGGAGAACA,1
rna-ACACAGAAGGTGCGAA,1
rna-ACACAGAAGTACGCAA,1
rna-ACACAGAAGTCGTAGA,1
rna-ACACAGAAGTCTGTCA,1
rna-ACACAGAAGTGTTCTA,1
rna-ACACAGAATAGGATGA,1
rna-ACACAGAATATCAGCA,1
rna-ACACAGAATCCGTCTA,1
rna-ACACAGAATCTTCACA,1
rna-ACACAGAATGAAGAGA,3
rna-ACACAGAATGGAACAA,3
rna-ACACAGAATGGCTTCA,3
rna-ACACAGAATGGTGGTA,3
rna-ACACAGAATTCACGCA,3
rna-ACACAGAAAACTCACC,3
rna-ACACAGAAAAGAGATC,1
rna-ACACAGAAAAGGACAC,1
rna-ACACAGAAAATCCGTC,1
rna-ACACAGAAAATGTTGC,7
rna-ACACAGAAACACGACC,1
rna-ACACAGAAACAGATTC,1
rna-ACACAGAAAGATGTAC,9
rna-ACACAGAAAGCACCTC,9
rna-ACACAGAAAGCCATGC,1
rna-ACACAGAAAGGCTAAC,1
rna-ACACAGAAATAGCGAC,1
rna-ACACAGAAATCATTCC,1
rna-ACACAGAAATTGGCTC,1
rna-ACACAGAACAAGGAGC,10
rna-ACACAGAACACCTTAC,1
rna-ACACAGAACCATCCTC,1
rna-ACACAGAACCGACAAC,9
rna-ACACAGAACCTAATCC,9
rna-ACACAGAACCTCTATC,9
rna-ACACAGAACGACACAC,2
rna-ACACAGAACGGATTGC,2
rna-ACACAGAACTAAGGTC,2
rna-ACACAGAAGAACAGGC,2
rna-ACACAGAAGACAGTGC,2
rna-ACACAGAAGAGTTAGC,9
rna-ACACAGAAGATGAATC,10
rna-ACACAGAAGCCAAGAC,2
rna-ACACAGAACGGAAGAA,2
rna-ACACAGAAGTGACAAG,2
rna-ACACAGAAGAACCAGA,2
rna-AAGGTACATTGCTGGA,6
rna-AAGGTACAAGTACAAG,4
rna-AAGGTACAAACAACCA,4
rna-AAGGTACAAACCGAGA,4
rna-AAGGTACAAACGCTTA,4
rna-AAGGTACAAAGACGGA,7
rna-AAGGTACAAAGGTACA,0
rna-AAGGTACAACACAGAA,0
rna-AAGGTACAACAGCAGA,0
rna-AAGGTACAACCTCCAA,0
rna-AAGGTACAACGCTCGA,0
rna-AAGGTACAACGTATCA,0
rna-AAGGTACAACTATGCA,0
rna-AAGGTACAAGAGTCAA,0
rna-AAGGTACAAGATCGCA,0
rna-AAGGTACAAGCAGGAA,0
rna-AAGGTACAAGTCACTA,0
rna-AAGGTACAATCCTGTA,0
rna-AAGGTACAATTGAGGA,0
rna-AAGGTACACAACCACA,10
rna-AAGGTACAGACTAGTA,7
rna-AAGGTACACAATGGAA,6
rna-AAGGTACACACTTCGA,0
rna-AAGGTACACAGCGTTA,0
rna-AAGGTACACATACCAA,0
rna-AAGGTACACCAGTTCA,0
rna-AAGGTACACCGAAGTA,0
rna-AAGGTACACCGTGAGA,0
rna-AAGGTACACCTCCTGA,0
rna-AAGGTACACGAACTTA,0
rna-AAGGTACACGACTGGA,0
rna-AAGGTACACGCATACA,0
rna-AAGGTACACTCAATGA,0
rna-AAGGTACACTGAGCCA,0
rna-AAGGTACACTGGCATA,0
rna-AAGGTACAGAATCTGA,0
rna-AAGGTACACAAGACTA,1
rna-AAGGTACAGAGCTGAA,1
rna-AAGGTACAGATAGACA,1
rna-AAGGTACAGCCACATA,1
rna-AAGGTACAGCGAGTAA,1
rna-AAGGTACAGCTAACGA,1
rna-AAGGTACAGCTCGGTA,1
rna-AAGGTACAGGAGAACA,1
rna-AAGGTACAGGTGCGAA,1
rna-AAGGTACAGTACGCAA,1
rna-AAGGTACAGTCGTAGA,1
rna-AAGGTACAGTCTGTCA,1
rna-AAGGTACAGTGTTCTA,1
rna-AAGGTACATAGGATGA,1
rna-AAGGTACATATCAGCA,1
rna-AAGGTACATCCGTCTA,1
rna-AAGGTACATCTTCACA,1
rna-AAGGTACATGAAGAGA,3
rna-AAGGTACATGGAACAA,3
rna-AAGGTACATGGCTTCA,3
rna-AAGGTACATGGTGGTA,3
rna-AAGGTACATTCACGCA,3
rna-AAGGTACAAACTCACC,3
rna-AAGGTACAAAGAGATC,1
rna-AAGGTACAAAGGACAC,1
rna-AAGGTACAAATCCGTC,1
rna-AAGGTACAAATGTTGC,1
rna-AAGGTACAACACGACC,1
rna-AAGGTACAACAGATTC,1
rna-AAGGTACAAGATGTAC,1
rna-AAGGTACAAGCACCTC,1
rna-AAGGTACAAGCCATGC,7
rna-AAGGTACAAGGCTAAC,1
rna-AAGGTACAATAGCGAC,1
rna-AAGGTACAATCATTCC,10
rna-AAGGTACAATTGGCTC,1
rna-AAGGTACACAAGGAGC,1
rna-AAGGTACACACCTTAC,1
rna-AAGGTACACCATCCTC,1
rna-AAGGTACACCGACAAC,1
rna-AAGGTACACCTAATCC,2
rna-AAGGTACACCTCTATC,9
rna-AAGGTACACGACACAC,9
rna-AAGGTACACGGATTGC,2
rna-AAGGTACACTAAGGTC,2
rna-AAGGTACAGAACAGGC,2
rna-AAGGTACAGACAGTGC,9
rna-AAGGTACAGAGTTAGC,2
rna-AAGGTACAGATGAATC,2
rna-AAGGTACAGCCAAGAC,9
rna-AAGGTACACGGAAGAA,6
rna-AAGGTACAGTGACAAG,2
rna-AAGGTACAGAACCAGA,2
rna-AAGACGGATTGCTGGA,2
rna-AAGACGGAAACAACCA,4
rna-AAGACGGAAACCGAGA,4
rna-AAGACGGAAACGCTTA,4
rna-AAGACGGAAAGACGGA,2
rna-AAGACGGAAAGGTACA,4
rna-AAGACGGAACACAGAA,0
rna-AAGACGGAACAGCAGA,0
rna-AAGACGGAACCTCCAA,0
rna-AAGACGGAACGCTCGA,0
rna-AAGACGGAACGTATCA,0
rna-AAGACGGAACTATGCA,0
rna-AAGACGGAAGAGTCAA,6
rna-AAGACGGAAGATCGCA,0
rna-AAGACGGAAGCAGGAA,0
rna-AAGACGGAAGTCACTA,0
rna-AAGACGGAATCCTGTA,0
rna-AAGACGGAATTGAGGA,2
rna-AAGACGGACAACCACA,2
rna-AAGACGGAGACTAGTA,0
rna-AAGACGGACAATGGAA,7
rna-AAGACGGACACTTCGA,0
rna-AAGACGGACAGCGTTA,0
rna-AAGACGGACATACCAA,0
rna-AAGACGGACCAGTTCA,0
rna-AAGACGGACCGAAGTA,0
rna-AAGACGGACCGTGAGA,0
rna-AAGACGGACCTCCTGA,0
rna-AAGACGGACGAACTTA,0
rna-AAGACGGACGACTGGA,0
rna-AAGACGGACGCATACA,7
rna-AAGACGGACTCAATGA,1
rna-AAGACGGACTGAGCCA,7
rna-AAGACGGACTGGCATA,7
rna-AAGACGGAGAATCTGA,0
rna-AAGACGGACAAGACTA,1
rna-AAGACGGAGAGCTGAA,1
rna-AAGACGGAGATAGACA,1
rna-AAGACGGAGCCACATA,1
rna-AAGACGGAGCGAGTAA,1
rna-AAGACGGAGCTAACGA,1
rna-AAGACGGAGCTCGGTA,1
rna-AAGACGGAGGAGAACA,1
rna-AAGACGGAGGTGCGAA,1
rna-AAGACGGAGTACGCAA,1
rna-AAGACGGAGTCGTAGA,1
rna-AAGACGGAGTCTGTCA,1
rna-AAGACGGAGTGTTCTA,1
rna-AAGACGGATAGGATGA,1
rna-AAGACGGATATCAGCA,7
rna-AAGACGGATCCGTCTA,1
rna-AAGACGGATCTTCACA,3
rna-AAGACGGATGAAGAGA,3
rna-AAGACGGATGGAACAA,3
rna-AAGACGGATGGCTTCA,3
rna-AAGACGGATGGTGGTA,3
rna-AAGACGGATTCACGCA,3
rna-AAGACGGAAACTCACC,3
rna-AAGACGGAAAGAGATC,1
rna-AAGACGGAAAGGACAC,1
rna-AAGACGGAAATCCGTC,1
rna-AAGACGGAAATGTTGC,1
rna-AAGACGGAACACGACC,1
rna-AAGACGGAACAGATTC,1
rna-AAGACGGAAGATGTAC,1
rna-AAGACGGAAGCACCTC,1
rna-AAGACGGAAGCCATGC,1
rna-AAGACGGAAGGCTAAC,1
rna-AAGACGGAATAGCGAC,1
rna-AAGACGGAATCATTCC,1
rna-AAGACGGAATTGGCTC,1
rna-AAGACGGACAAGGAGC,1
rna-AAGACGGACACCTTAC,1
rna-AAGACGGACCATCCTC,1
rna-AAGACGGACCGACAAC,11
rna-AAGACGGACCTAATCC,2
rna-AAGACGGACCTCTATC,2
rna-AAGACGGACGACACAC,2
rna-AAGACGGACGGATTGC,2
rna-AAGACGGACTAAGGTC,2
rna-AAGACGGAGAACAGGC,2
rna-AAGACGGAGACAGTGC,2
rna-AAGACGGAGAGTTAGC,9
rna-AAGACGGAGATGAATC,2
rna-AAGACGGAGCCAAGAC,2
rna-AAGACGGACGGAAGAA,2
rna-AAGACGGAGTGACAAG,2
rna-AAGACGGAGAACCAGA,2
rna-AACGCTTATTGCTGGA,2
rna-AACGCTTAAACAACCA,4
rna-AACGCTTAAACCGAGA,4
rna-AACGCTTAAACGCTTA,4
rna-AACGCTTAAAGACGGA,2
rna-AACGCTTAAAGGTACA,4
rna-AACGCTTAACACAGAA,7
rna-AACGCTTAACAGCAGA,0
rna-AACGCTTAACCTCCAA,0
rna-AACGCTTAACGCTCGA,0
rna-AACGCTTAACGTATCA,0
rna-AACGCTTAACTATGCA,0
rna-AACGCTTAAGAGTCAA,0
rna-AACGCTTAAGATCGCA,0
rna-AACGCTTAAGCAGGAA,0
rna-AACGCTTAAGTCACTA,0
rna-AACGCTTAATCCTGTA,0
rna-AACGCTTAATTGAGGA,2
rna-AACGCTTACAACCACA,0
rna-AACGCTTAGACTAGTA,2
rna-AACGCTTACAATGGAA,4
rna-AACGCTTACACTTCGA,0
rna-AACGCTTACAGCGTTA,0
rna-AACGCTTACATACCAA,0
rna-AACGCTTACCAGTTCA,0
rna-AACGCTTACCGAAGTA,0
rna-AACGCTTACCGTGAGA,10
rna-AACGCTTACCTCCTGA,0
rna-AACGCTTACGAACTTA,0
rna-AACGCTTACGACTGGA,0
rna-AACGCTTACGCATACA,0
rna-AACGCTTACTCAATGA,0
rna-AACGCTTACTGAGCCA,0
rna-AACGCTTACTGGCATA,0
rna-AACGCTTAGAATCTGA,0
rna-AACGCTTACAAGACTA,2
rna-AACGCTTAGAGCTGAA,1
rna-AACGCTTAGATAGACA,1
rna-AACGCTTAGCCACATA,1
rna-AACGCTTAGCGAGTAA,10
rna-AACGCTTAGCTAACGA,1
rna-AACGCTTAGCTCGGTA,1
rna-AACGCTTAGGAGAACA,1
rna-AACGCTTAGGTGCGAA,1
rna-AACGCTTAGTACGCAA,1
rna-AACGCTTAGTCGTAGA,7
rna-AACGCTTAGTCTGTCA,1
rna-AACGCTTAGTGTTCTA,1
rna-AACGCTTATAGGATGA,1
rna-AACGCTTATATCAGCA,7
rna-AACGCTTATCCGTCTA,1
rna-AACGCTTATCTTCACA,3
rna-AACGCTTATGAAGAGA,3
rna-AACGCTTATGGAACAA,3
rna-AACGCTTATGGCTTCA,3
rna-AACGCTTATGGTGGTA,3
rna-AACGCTTATTCACGCA,3
rna-AACGCTTAAACTCACC,3
rna-AACGCTTAAAGAGATC,1
rna-AACGCTTAAAGGACAC,1
rna-AACGCTTAAATCCGTC,1
rna-AACGCTTAAATGTTGC,1
rna-AACGCTTAACACGACC,1
rna-AACGCTTAACAGATTC,1
rna-AACGCTTAAGATGTAC,1
rna-AACGCTTAAGCACCTC,1
rna-AACGCTTAAGCCATGC,1
rna-AACGCTTAAGGCTAAC,1
rna-AACGCTTAATAGCGAC,1
rna-AACGCTTAATCATTCC,1
rna-AACGCTTAATTGGCTC,1
rna-AACGCTTACAAGGAGC,1
rna-AACGCTTACACCTTAC,1
rna-AACGCTTACCATCCTC,1
rna-AACGCTTACCGACAAC,1
rna-AACGCTTACCTAATCC,1
rna-AACGCTTACCTCTATC,2
rna-AACGCTTACGACACAC,9
rna-AACGCTTACGGATTGC,2
rna-AACGCTTACTAAGGTC,2
rna-AACGCTTAGAACAGGC,2
rna-AACGCTTAGACAGTGC,2
rna-AACGCTTAGAGTTAGC,2
rna-AACGCTTAGATGAATC,2
rna-AACGCTTAGCCAAGAC,2
rna-AACGCTTACGGAAGAA,2
rna-AACGCTTAGTGACAAG,2
rna-AACGCTTAGAACCAGA,2
rna-AACCGAGATTGCTGGA,2
rna-AACCGAGAAACCGAGA,4
rna-AACCGAGAAACGCTTA,4
rna-AACCGAGAAAGACGGA,2
rna-AACCGAGAAAGGTACA,2
rna-AACCGAGAACACAGAA,2
rna-AACCGAGAACAGCAGA,0
rna-AACCGAGAACCTCCAA,0
rna-AACCGAGAACGCTCGA,0
rna-AACCGAGAACGTATCA,0
rna-AACCGAGAACTATGCA,0
rna-AACCGAGAAGAGTCAA,0
rna-AACCGAGAAGATCGCA,0
rna-AACCGAGAAGCAGGAA,0
rna-AACCGAGAAGTCACTA,0
rna-AACCGAGAATCCTGTA,0
rna-AACCGAGAATTGAGGA,10
rna-AACCGAGACAACCACA,0
rna-AACCGAGAGACTAGTA,0
rna-AACCGAGACAATGGAA,4
rna-AACCGAGACACTTCGA,0
rna-AACCGAGACAGCGTTA,0
rna-AACCGAGACATACCAA,0
rna-AACCGAGACCAGTTCA,0
rna-AACCGAGACCGAAGTA,0
rna-AACCGAGACCGTGAGA,0
rna-AACCGAGACCTCCTGA,0
rna-AACCGAGACGAACTTA,0
rna-AACCGAGACGACTGGA,0
rna-AACCGAGACGCATACA,2
rna-AACCGAGACTCAATGA,2
rna-AACCGAGACTGAGCCA,2
rna-AACCGAGACTGGCATA,2
rna-AACCGAGAGAATCTGA,7
rna-AACCGAGACAAGACTA,0
rna-AACCGAGAGAGCTGAA,0
rna-AACCGAGAGATAGACA,1
rna-AACCGAGAGCCACATA,1
rna-AACCGAGAGCGAGTAA,1
rna-AACCGAGAGCTAACGA,1
rna-AACCGAGAGCTCGGTA,1
rna-AACCGAGAGGAGAACA,1
rna-AACCGAGAGGTGCGAA,1
rna-AACCGAGAGTACGCAA,1
rna-AACCGAGAGTCGTAGA,1
rna-AACCGAGAGTCTGTCA,1
rna-AACCGAGAGTGTTCTA,1
rna-AACCGAGATAGGATGA,1
rna-AACCGAGATATCAGCA,1
rna-AACCGAGATCCGTCTA,1
rna-AACCGAGATCTTCACA,3
rna-AACCGAGATGAAGAGA,3
rna-AACCGAGATGGAACAA,3
rna-AACCGAGATGGCTTCA,3
rna-AACCGAGATGGTGGTA,3
rna-AACCGAGATTCACGCA,3
rna-AACCGAGAAACTCACC,1
rna-AACCGAGAAAGAGATC,1
rna-AACCGAGAAAGGACAC,1
rna-AACCGAGAAATCCGTC,1
rna-AACCGAGAAATGTTGC,1
rna-AACCGAGAACACGACC,1
rna-AACCGAGAACAGATTC,1
rna-AACCGAGAAGATGTAC,1
rna-AACCGAGAAGCACCTC,1
rna-AACCGAGAAGCCATGC,1
rna-AACCGAGAAGGCTAAC,1
rna-AACCGAGAATAGCGAC,1
rna-AACCGAGAATCATTCC,1
rna-AACCGAGAATTGGCTC,1
rna-AACCGAGACAAGGAGC,1
rna-AACCGAGACACCTTAC,1
rna-AACCGAGACCATCCTC,1
rna-AACCGAGACCGACAAC,1
rna-AACCGAGACCTAATCC,2
rna-AACCGAGACCTCTATC,7
rna-AACCGAGACGACACAC,2
rna-AACCGAGACGGATTGC,7
rna-AACCGAGACTAAGGTC,2
rna-AACCGAGAGAACAGGC,2
rna-AACCGAGAGACAGTGC,2
rna-AACCGAGAGAGTTAGC,2
rna-AACCGAGAGATGAATC,2
rna-AACCGAGAGCCAAGAC,2
rna-AACCGAGACGGAAGAA,2
rna-AACCGAGAGTGACAAG,2
rna-AACCGAGAGAACCAGA,2
rna-AACAACCATTGCTGGA,2
rna-AACAACCAAACGCTTA,2
rna-AACAACCAAAGACGGA,2
rna-AACAACCAAAGGTACA,9
rna-AACAACCAACACAGAA,2
rna-AACAACCAACAGCAGA,2
rna-AACAACCAACCTCCAA,0
rna-AACAACCAACGCTCGA,0
rna-AACAACCAACGTATCA,0
rna-AACAACCAACTATGCA,0
rna-AACAACCAAGAGTCAA,0
rna-AACAACCAAGATCGCA,0
rna-AACAACCAAGCAGGAA,0
rna-AACAACCAAGTCACTA,0
rna-AACAACCAATCCTGTA,0
rna-AACAACCAATTGAGGA,0
rna-AACAACCACAACCACA,0
rna-AACAACCAGACTAGTA,0
rna-AACAACCACAATGGAA,0
rna-AACAACCACACTTCGA,0
rna-AACAACCACAGCGTTA,0
rna-AACAACCACATACCAA,0
rna-AACAACCACCAGTTCA,0
rna-AACAACCACCGAAGTA,0
rna-AACAACCACCGTGAGA,0
rna-AACAACCACCTCCTGA,3
rna-AACAACCACGAACTTA,0
rna-AACAACCACGACTGGA,0
rna-AACAACCACGCATACA,0
rna-AACAACCACTCAATGA,6
rna-AACAACCACTGAGCCA,2
rna-AACAACCACTGGCATA,2
rna-AACAACCAGAATCTGA,2
rna-AACAACCACAAGACTA,2
rna-AACAACCAGAGCTGAA,0
rna-AACAACCAGATAGACA,0
rna-AACAACCAGCCACATA,1
rna-AACAACCAGCGAGTAA,1
rna-AACAACCAGCTAACGA,1
rna-AACAACCAGCTCGGTA,1
rna-AACAACCAGGAGAACA,1
rna-AACAACCAGGTGCGAA,1
rna-AACAACCAGTACGCAA,1
rna-AACAACCAGTCGTAGA,1
rna-AACAACCAGTCTGTCA,1
rna-AACAACCAGTGTTCTA,1
rna-AACAACCATAGGATGA,1
rna-AACAACCATATCAGCA,11
rna-AACAACCATCCGTCTA,3
rna-AACAACCATCTTCACA,3
rna-AACAACCATGAAGAGA,3
rna-AACAACCATGGAACAA,3
rna-AACAACCATGGCTTCA,3
rna-AACAACCATGGTGGTA,3
rna-AACAACCATTCACGCA,1
rna-AACAACCAAACTCACC,1
rna-AACAACCAAAGAGATC,1
rna-AACAACCAAAGGACAC,1
rna-AACAACCAAATCCGTC,1
rna-AACAACCAAATGTTGC,1
rna-AACAACCAACACGACC,1
rna-AACAACCAACAGATTC,1
rna-AACAACCAAGATGTAC,1
rna-AACAACCAAGCACCTC,1
rna-AACAACCAAGCCATGC,1
rna-AACAACCAAGGCTAAC,1
rna-AACAACCAATAGCGAC,1
rna-AACAACCAATCATTCC,1
rna-AACAACCAATTGGCTC,1
rna-AACAACCACAAGGAGC,1
rna-AACAACCACACCTTAC,1
rna-AACAACCACCATCCTC,1
rna-AACAACCACCGACAAC,1
rna-AACAACCACCTAATCC,1
rna-AACAACCACCTCTATC,11
rna-AACAACCACGACACAC,2
rna-AACAACCACGGATTGC,2
rna-AACAACCACTAAGGTC,2
rna-AACAACCAGAACAGGC,2
rna-AACAACCAGACAGTGC,2
rna-AACAACCAGAGTTAGC,2
rna-AACAACCAGATGAATC,2
rna-AACAACCAGCCAAGAC,2
rna-AACAACCACGGAAGAA,2
rna-AACAACCAGTGACAAG,2
rna-AACAACCAGAACCAGA,2
rna-AGTACAAGTTGCTGGA,2
rna-AGTACAAGAAGACGGA,2
rna-AGTACAAGAAGGTACA,2
rna-AGTACAAGACACAGAA,2
rna-AGTACAAGACAGCAGA,2
rna-AGTACAAGACCTCCAA,0
rna-AGTACAAGACGCTCGA,0
rna-AGTACAAGACGTATCA,0
rna-AGTACAAGACTATGCA,0
rna-AGTACAAGAGAGTCAA,0
rna-AGTACAAGAGATCGCA,0
rna-AGTACAAGAGCAGGAA,0
rna-AGTACAAGAGTCACTA,0
rna-AGTACAAGATCCTGTA,0
rna-AGTACAAGATTGAGGA,0
rna-AGTACAAGCAACCACA,0
rna-AGTACAAGGACTAGTA,0
rna-AGTACAAGCAATGGAA,0
rna-AGTACAAGCACTTCGA,0
rna-AGTACAAGCAGCGTTA,0
rna-AGTACAAGCATACCAA,10
rna-AGTACAAGCCAGTTCA,0
rna-AGTACAAGCCGAAGTA,0
rna-AGTACAAGCCGTGAGA,0
rna-AGTACAAGCCTCCTGA,0
rna-AGTACAAGCGAACTTA,2
rna-AGTACAAGCGACTGGA,2
rna-AGTACAAGCGCATACA,7
rna-AGTACAAGCTCAATGA,9
rna-AGTACAAGCTGAGCCA,2
rna-AGTACAAGCTGGCATA,2
rna-AGTACAAGGAATCTGA,7
rna-AGTACAAGCAAGACTA,7
rna-AGTACAAGGAGCTGAA,0
rna-AGTACAAGGATAGACA,0
rna-AGTACAAGGCCACATA,0
rna-AGTACAAGGCGAGTAA,1
rna-AGTACAAGGCTAACGA,2
rna-AGTACAAGGCTCGGTA,1
rna-AGTACAAGGGAGAACA,1
rna-AGTACAAGGGTGCGAA,1
rna-AGTACAAGGTACGCAA,11
rna-AGTACAAGGTCGTAGA,1
rna-AGTACAAGGTCTGTCA,1
rna-AGTACAAGGTGTTCTA,1
rna-AGTACAAGTAGGATGA,1
rna-AGTACAAGTATCAGCA,1
rna-AGTACAAGTCCGTCTA,1
rna-AGTACAAGTCTTCACA,1
rna-AGTACAAGTGAAGAGA,3
rna-AGTACAAGTGGAACAA,3
rna-AGTACAAGTGGCTTCA,3
rna-AGTACAAGTGGTGGTA,1
rna-AGTACAAGTTCACGCA,1
rna-AGTACAAGAACTCACC,1
rna-AGTACAAGAAGAGATC,1
rna-AGTACAAGAAGGACAC,1
rna-AGTACAAGAATCCGTC,1
rna-AGTACAAGAATGTTGC,1
rna-AGTACAAGACACGACC,1
rna-AGTACAAGACAGATTC,1
rna-AGTACAAGAGATGTAC,1
rna-AGTACAAGAGCACCTC,1
rna-AGTACAAGAGCCATGC,1
rna-AGTACAAGAGGCTAAC,6
rna-AGTACAAGATAGCGAC,1
rna-AGTACAAGATCATTCC,1
rna-AGTACAAGATTGGCTC,1
rna-AGTACAAGCAAGGAGC,1
rna-AGTACAAGCACCTTAC,1
rna-AGTACAAGCCATCCTC,1
rna-AGTACAAGCCGACAAC,1
rna-AGTACAAGCCTAATCC,9
rna-AGTACAAGCCTCTATC,1
rna-AGTACAAGCGACACAC,11
rna-AGTACAAGCGGATTGC,2
rna-AGTACAAGCTAAGGTC,2
rna-AGTACAAGGAACAGGC,9
rna-AGTACAAGGACAGTGC,7
rna-AGTACAAGGAGTTAGC,2
rna-AGTACAAGGATGAATC,2
rna-AGTACAAGGCCAAGAC,2
rna-AGTACAAGCGGAAGAA,2
rna-AGTACAAGGTGACAAG,2
rna-AGTACAAGGAACCAGA,6
rna-GACAGTGCACAAGCTA,2
rna-GACAGTGCTTGCTGGA,0
rna-GACAGTGCCTGTAGCC,0
rna-GACAGTGCAGTACAAG,0
rna-GACAGTGCAACAACCA,0
rna-GACAGTGCAACCGAGA,0
rna-GACAGTGCAACGCTTA,0
rna-GACAGTGCAAGACGGA,0
rna-GACAGTGCAAGGTACA,0
rna-GACAGTGCACACAGAA,0
rna-GACAGTGCACAGCAGA,0
rna-GACAGTGCACCTCCAA,0
rna-GACAGTGCACGCTCGA,0
rna-GACAGTGCACGTATCA,0
rna-GACAGTGCACTATGCA,0
rna-GACAGTGCAGAGTCAA,0
rna-GACAGTGCAGATCGCA,0
rna-GACAGTGCAGCAGGAA,0
rna-GACAGTGCAGTCACTA,0
rna-GACAGTGCATCCTGTA,0
rna-GACAGTGCATTGAGGA,0
rna-GACAGTGCCAACCACA,0
rna-GACAGTGCGACTAGTA,0
rna-GACAGTGCCAATGGAA,0
rna-GACAGTGCCACTTCGA,0
rna-GACAGTGCCAGCGTTA,0
rna-GACAGTGCCATACCAA,0
rna-GACAGTGCCCAGTTCA,10
rna-GACAGTGCCCGAAGTA,6
rna-GACAGTGCCCGTGAGA,0
rna-GACAGTGCCCTCCTGA,0
rna-GACAGTGCCGAACTTA,0
rna-GACAGTGCCGACTGGA,0
rna-GACAGTGCCGCATACA,0
rna-GACAGTGCCTCAATGA,0
rna-GACAGTGCCTGAGCCA,0
rna-GACAGTGCCTGGCATA,0
rna-GACAGTGCGAATCTGA,0
rna-GACAGTGCCAAGACTA,0
rna-GACAGTGCGAGCTGAA,0
rna-GACAGTGCGATAGACA,0
rna-GACAGTGCGCCACATA,0
rna-GACAGTGCGCGAGTAA,0
rna-GACAGTGCGCTAACGA,0
rna-GACAGTGCGCTCGGTA,0
rna-GACAGTGCGGAGAACA,0
rna-GACAGTGCGGTGCGAA,0
rna-GACAGTGCGTACGCAA,0
rna-GACAGTGCGTCGTAGA,0
rna-GACAGTGCGTCTGTCA,0
rna-GACAGTGCGTGTTCTA,0
rna-GACAGTGCTAGGATGA,0
rna-GACAGTGCTATCAGCA,0
rna-GACAGTGCTCCGTCTA,0
rna-GACAGTGCTCTTCACA,0
rna-GACAGTGCTGAAGAGA,0
rna-GACAGTGCTGGAACAA,0
rna-GACAGTGCTGGCTTCA,0
rna-GACAGTGCTGGTGGTA,0
rna-GACAGTGCTTCACGCA,0
rna-GACAGTGCAACTCACC,0
rna-GACAGTGCCAGATCTG,2
rna-GACAGTGCAAGAGATC,0
rna-GACAGTGCAAGGACAC,0
rna-GACAGTGCAATCCGTC,0
rna-GACAGTGCAATGTTGC,0
rna-GACAGTGCACACGACC,0
rna-GACAGTGCACAGATTC,0
rna-GACAGTGCAGATGTAC,0
rna-GACAGTGCAGCACCTC,0
rna-GACAGTGCAGCCATGC,0
rna-GACAGTGCAGGCTAAC,0
rna-GACAGTGCCATCAAGT,2
rna-GACAGTGCATAGCGAC,0
rna-GACAGTGCATCATTCC,0
rna-GACAGTGCATTGGCTC,0
rna-GACAGTGCCAAGGAGC,0
rna-GACAGTGCCACCTTAC,0
rna-GACAGTGCCCATCCTC,0
rna-GACAGTGCCCGACAAC,0
rna-GACAGTGCCCTAATCC,0
rna-GACAGTGCCCTCTATC,0
rna-GACAGTGCCGACACAC,0
rna-GACAGTGCCGCTGATC,0
rna-GACAGTGCCGGATTGC,0
rna-GACAGTGCCTAAGGTC,2
rna-GACAGTGCGAACAGGC,9
rna-GACAGTGCGACAGTGC,2
rna-GACAGTGCGAGTTAGC,2
rna-GACAGTGCGATGAATC,2
rna-GACAGTGCGCCAAGAC,0
rna-GACAGTGCCGGAAGAA,0
rna-GACAGTGCGTGACAAG,0
rna-GACAGTGCGAACCAGA,0
rna-CTGTAGCCTTGCTGGA,2
rna-CTGTAGCCAAGACGGA,2
rna-CTGTAGCCAAGGTACA,2
rna-CTGTAGCCACACAGAA,9
rna-CTGTAGCCACAGCAGA,2
rna-CTGTAGCCACCTCCAA,7
rna-CTGTAGCCACGCTCGA,0
rna-CTGTAGCCACGTATCA,0
rna-CTGTAGCCACTATGCA,0
rna-CTGTAGCCAGAGTCAA,0
rna-CTGTAGCCAGATCGCA,0
rna-CTGTAGCCAGCAGGAA,0
rna-CTGTAGCCAGTCACTA,0
rna-CTGTAGCCATCCTGTA,0
rna-CTGTAGCCATTGAGGA,0
rna-CTGTAGCCCAACCACA,0
rna-CTGTAGCCGACTAGTA,0
rna-CTGTAGCCCAATGGAA,0
rna-CTGTAGCCCACTTCGA,0
rna-CTGTAGCCCAGCGTTA,0
rna-CTGTAGCCCATACCAA,0
rna-CTGTAGCCCCAGTTCA,0
rna-CTGTAGCCCCGAAGTA,9
rna-CTGTAGCCCCGTGAGA,0
rna-CTGTAGCCCCTCCTGA,7
rna-CTGTAGCCCGAACTTA,10
rna-CTGTAGCCCGACTGGA,0
rna-CTGTAGCCCGCATACA,0
rna-CTGTAGCCCTCAATGA,0
rna-CTGTAGCCCTGAGCCA,0
rna-CTGTAGCCCTGGCATA,0
rna-CTGTAGCCGAATCTGA,0
rna-CTGTAGCCCAAGACTA,0
rna-CTGTAGCCGAGCTGAA,3
rna-CTGTAGCCGATAGACA,0
rna-CTGTAGCCGCCACATA,7
rna-CTGTAGCCGCGAGTAA,6
rna-CTGTAGCCGCTAACGA,2
rna-CTGTAGCCGCTCGGTA,11
rna-CTGTAGCCGGAGAACA,1
rna-CTGTAGCCGGTGCGAA,1
rna-CTGTAGCCGTACGCAA,1
rna-CTGTAGCCGTCGTAGA,1
rna-CTGTAGCCGTCTGTCA,1
rna-CTGTAGCCGTGTTCTA,1
rna-CTGTAGCCTAGGATGA,1
rna-CTGTAGCCTATCAGCA,1
rna-CTGTAGCCTCCGTCTA,2
rna-CTGTAGCCTCTTCACA,1
rna-CTGTAGCCTGAAGAGA,1
rna-CTGTAGCCTGGAACAA,1
rna-CTGTAGCCTGGCTTCA,1
rna-CTGTAGCCTGGTGGTA,1
rna-CTGTAGCCTTCACGCA,1
rna-CTGTAGCCAACTCACC,1
rna-CTGTAGCCAAGAGATC,1
rna-CTGTAGCCAAGGACAC,1
rna-CTGTAGCCAATCCGTC,1
rna-CTGTAGCCAATGTTGC,1
rna-CTGTAGCCACACGACC,1
rna-CTGTAGCCACAGATTC,1
rna-CTGTAGCCAGATGTAC,1
rna-CTGTAGCCAGCACCTC,1
rna-CTGTAGCCAGCCATGC,1
rna-CTGTAGCCAGGCTAAC,1
rna-CTGTAGCCATAGCGAC,1
rna-CTGTAGCCATCATTCC,1
rna-CTGTAGCCATTGGCTC,1
rna-CTGTAGCCCAAGGAGC,1
rna-CTGTAGCCCACCTTAC,1
rna-CTGTAGCCCCATCCTC,1
rna-CTGTAGCCCCGACAAC,11
rna-CTGTAGCCCCTAATCC,1
rna-CTGTAGCCCCTCTATC,1
rna-CTGTAGCCCGACACAC,1
rna-CTGTAGCCCGGATTGC,2
rna-CTGTAGCCCTAAGGTC,6
rna-CTGTAGCCGAACAGGC,2
rna-CTGTAGCCGACAGTGC,2
rna-CTGTAGCCGAGTTAGC,7
rna-CTGTAGCCGATGAATC,9
rna-CTGTAGCCGCCAAGAC,2
rna-CTGTAGCCCGGAAGAA,2
rna-CTGTAGCCGTGACAAG,2
rna-CTGTAGCCGAACCAGA,2
rna-ACAAGCTATTGCTGGA,2
rna-ACAAGCTAAAGGTACA,2
rna-ACAAGCTAACACAGAA,2
rna-ACAAGCTAACAGCAGA,2
rna-ACAAGCTAACCTCCAA,2
rna-ACAAGCTAACGCTCGA,7
rna-ACAAGCTAACGTATCA,0
rna-ACAAGCTAACTATGCA,0
rna-ACAAGCTAAGAGTCAA,0
rna-ACAAGCTAAGATCGCA,0
rna-ACAAGCTAAGCAGGAA,0
rna-ACAAGCTAAGTCACTA,0
rna-ACAAGCTAATCCTGTA,0
rna-ACAAGCTAATTGAGGA,0
rna-ACAAGCTACAACCACA,0
rna-ACAAGCTAGACTAGTA,0
rna-ACAAGCTACAATGGAA,0
rna-ACAAGCTACACTTCGA,0
rna-ACAAGCTACAGCGTTA,11
rna-ACAAGCTACATACCAA,7
rna-ACAAGCTACCAGTTCA,0
rna-ACAAGCTACCGAAGTA,0
rna-ACAAGCTACCGTGAGA,0
rna-ACAAGCTACCTCCTGA,7
rna-ACAAGCTACGAACTTA,0
rna-ACAAGCTACGACTGGA,9
rna-ACAAGCTACGCATACA,0
rna-ACAAGCTACTCAATGA,0
rna-ACAAGCTACTGAGCCA,0
rna-ACAAGCTACTGGCATA,0
rna-ACAAGCTAGAATCTGA,0
rna-ACAAGCTACAAGACTA,0
rna-ACAAGCTAGAGCTGAA,0
rna-ACAAGCTAGATAGACA,0
rna-ACAAGCTAGCCACATA,0
rna-ACAAGCTAGCGAGTAA,7
rna-ACAAGCTAGCTAACGA,7
rna-ACAAGCTAGCTCGGTA,7
rna-ACAAGCTAGGAGAACA,10
rna-ACAAGCTAGGTGCGAA,1
rna-ACAAGCTAGTACGCAA,1
rna-ACAAGCTAGTCGTAGA,1
rna-ACAAGCTAGTCTGTCA,1
rna-ACAAGCTAGTGTTCTA,1
rna-ACAAGCTATAGGATGA,1
rna-ACAAGCTATATCAGCA,1
rna-ACAAGCTATCCGTCTA,1
rna-ACAAGCTATCTTCACA,1
rna-ACAAGCTATGAAGAGA,1
rna-ACAAGCTATGGAACAA,1
rna-ACAAGCTATGGCTTCA,1
rna-ACAAGCTATGGTGGTA,1
rna-ACAAGCTATTCACGCA,1
rna-ACAAGCTAAACTCACC,1
rna-ACAAGCTAAAGAGATC,1
rna-ACAAGCTAAAGGACAC,1
rna-ACAAGCTAAATCCGTC,1
rna-ACAAGCTAAATGTTGC,1
rna-ACAAGCTAACACGACC,1
rna-ACAAGCTAACAGATTC,1
rna-ACAAGCTAAGATGTAC,1
rna-ACAAGCTAAGCACCTC,1
rna-ACAAGCTAAGCCATGC,1
rna-ACAAGCTAAGGCTAAC,1
rna-ACAAGCTAATAGCGAC,1
rna-ACAAGCTAATCATTCC,1
rna-ACAAGCTAATTGGCTC,1
rna-ACAAGCTACAAGGAGC,1
rna-ACAAGCTACACCTTAC,1
rna-ACAAGCTACCATCCTC,1
rna-ACAAGCTACCGACAAC,1
rna-ACAAGCTACCTAATCC,1
rna-ACAAGCTACCTCTATC,2
rna-ACAAGCTACGACACAC,2
rna-ACAAGCTACGGATTGC,9
rna-ACAAGCTACTAAGGTC,2
rna-ACAAGCTAGAACAGGC,9
rna-ACAAGCTAGACAGTGC,6
rna-ACAAGCTAGAGTTAGC,6
rna-ACAAGCTAGATGAATC,6
rna-ACAAGCTAGCCAAGAC,2
rna-ACAAGCTACGGAAGAA,2
rna-ACAAGCTAGTGACAAG,2
rna-ACAAGCTAGAACCAGA,2
rna-CGCTGATCTTGCTGGA,2
rna-CGCTGATCAAGGTACA,2
rna-CGCTGATCACACAGAA,2
rna-CGCTGATCACAGCAGA,2
rna-CGCTGATCACCTCCAA,2
rna-CGCTGATCACGCTCGA,2
rna-CGCTGATCACGTATCA,0
rna-CGCTGATCACTATGCA,0
rna-CGCTGATCAGAGTCAA,0
rna-CGCTGATCAGATCGCA,0
rna-CGCTGATCAGCAGGAA,0
rna-CGCTGATCAGTCACTA,0
rna-CGCTGATCATCCTGTA,0
rna-CGCTGATCATTGAGGA,0
rna-CGCTGATCCAACCACA,0
rna-CGCTGATCGACTAGTA,0
rna-CGCTGATCCAATGGAA,0
rna-CGCTGATCCACTTCGA,0
rna-CGCTGATCCAGCGTTA,0
rna-CGCTGATCCATACCAA,0
rna-CGCTGATCCCAGTTCA,0
rna-CGCTGATCCCGAAGTA,0
rna-CGCTGATCCCGTGAGA,0
rna-CGCTGATCCCTCCTGA,2
rna-CGCTGATCCGAACTTA,2
rna-CGCTGATCCGACTGGA,2
rna-CGCTGATCCGCATACA,6
rna-CGCTGATCCTCAATGA,0
rna-CGCTGATCCTGAGCCA,0
rna-CGCTGATCCTGGCATA,0
rna-CGCTGATCGAATCTGA,0
rna-CGCTGATCCAAGACTA,0
rna-CGCTGATCGAGCTGAA,0
rna-CGCTGATCGATAGACA,0
rna-CGCTGATCGCCACATA,0
rna-CGCTGATCGCGAGTAA,10
rna-CGCTGATCGCTAACGA,0
rna-CGCTGATCGCTCGGTA,2
rna-CGCTGATCGGAGAACA,2
rna-CGCTGATCGGTGCGAA,1
rna-CGCTGATCGTACGCAA,1
rna-CGCTGATCGTCGTAGA,1
rna-CGCTGATCGTCTGTCA,1
rna-CGCTGATCGTGTTCTA,1
rna-CGCTGATCTAGGATGA,1
rna-CGCTGATCTATCAGCA,1
rna-CGCTGATCTCCGTCTA,1
rna-CGCTGATCTCTTCACA,1
rna-CGCTGATCTGAAGAGA,1
rna-CGCTGATCTGGAACAA,1
rna-CGCTGATCTGGCTTCA,1
rna-CGCTGATCTGGTGGTA,1
rna-CGCTGATCTTCACGCA,1
rna-CGCTGATCAACTCACC,1
rna-CGCTGATCAAGAGATC,1
rna-CGCTGATCAAGGACAC,1
rna-CGCTGATCAATCCGTC,1
rna-CGCTGATCAATGTTGC,1
rna-CGCTGATCACACGACC,1
rna-CGCTGATCACAGATTC,1
rna-CGCTGATCAGATGTAC,1
rna-CGCTGATCAGCACCTC,1
rna-CGCTGATCAGCCATGC,1
rna-CGCTGATCAGGCTAAC,1
rna-CGCTGATCATAGCGAC,1
rna-CGCTGATCATCATTCC,1
rna-CGCTGATCATTGGCTC,1
rna-CGCTGATCCAAGGAGC,1
rna-CGCTGATCCACCTTAC,1
rna-CGCTGATCCCATCCTC,1
rna-CGCTGATCCCGACAAC,1
rna-CGCTGATCCCTAATCC,1
rna-CGCTGATCCCTCTATC,2
rna-CGCTGATCCGACACAC,9
rna-CGCTGATCCGGATTGC,2
rna-CGCTGATCCTAAGGTC,2
rna-CGCTGATCGAACAGGC,9
rna-CGCTGATCGACAGTGC,1
rna-CGCTGATCGAGTTAGC,9
rna-CGCTGATCGATGAATC,9
rna-CGCTGATCGCCAAGAC,2
rna-CGCTGATCCGGAAGAA,2
rna-CGCTGATCGTGACAAG,2
rna-CGCTGATCGAACCAGA,2
rna-CATCAAGTTTGCTGGA,2
rna-CATCAAGTACACAGAA,2
rna-CATCAAGTACAGCAGA,7
rna-CATCAAGTACCTCCAA,2
rna-CATCAAGTACGCTCGA,2
rna-CATCAAGTACGTATCA,7
rna-CATCAAGTACTATGCA,0
rna-CATCAAGTAGAGTCAA,0
rna-CATCAAGTAGATCGCA,0
rna-CATCAAGTAGCAGGAA,0
rna-CATCAAGTAGTCACTA,0
rna-CATCAAGTATCCTGTA,0
rna-CATCAAGTATTGAGGA,0
rna-CATCAAGTCAACCACA,0
rna-CATCAAGTGACTAGTA,0
rna-CATCAAGTCAATGGAA,0
rna-CATCAAGTCACTTCGA,0
rna-CATCAAGTCAGCGTTA,0
rna-CATCAAGTCATACCAA,7
rna-CATCAAGTCCAGTTCA,0
rna-CATCAAGTCCGAAGTA,0
rna-CATCAAGTCCGTGAGA,0
rna-CATCAAGTCCTCCTGA,7
rna-CATCAAGTCGAACTTA,1
rna-CATCAAGTCGACTGGA,2
rna-CATCAAGTCGCATACA,7
rna-CATCAAGTCTCAATGA,2
rna-CATCAAGTCTGAGCCA,10
rna-CATCAAGTCTGGCATA,0
rna-CATCAAGTGAATCTGA,0
rna-CATCAAGTCAAGACTA,0
rna-CATCAAGTGAGCTGAA,0
rna-CATCAAGTGATAGACA,0
rna-CATCAAGTGCCACATA,3
rna-CATCAAGTGCGAGTAA,2
rna-CATCAAGTGCTAACGA,2
rna-CATCAAGTGCTCGGTA,0
rna-CATCAAGTGGAGAACA,0
rna-CATCAAGTGGTGCGAA,0
rna-CATCAAGTGTACGCAA,1
rna-CATCAAGTGTCGTAGA,1
rna-CATCAAGTGTCTGTCA,1
rna-CATCAAGTGTGTTCTA,1
rna-CATCAAGTTAGGATGA,1
rna-CATCAAGTTATCAGCA,1
rna-CATCAAGTTCCGTCTA,1
rna-CATCAAGTTCTTCACA,1
rna-CATCAAGTTGAAGAGA,1
rna-CATCAAGTTGGAACAA,1
rna-CATCAAGTTGGCTTCA,1
rna-CATCAAGTTGGTGGTA,1
rna-CATCAAGTTTCACGCA,1
rna-CATCAAGTAACTCACC,1
rna-CATCAAGTAAGAGATC,1
rna-CATCAAGTAAGGACAC,1
rna-CATCAAGTAATCCGTC,1
rna-CATCAAGTAATGTTGC,1
rna-CATCAAGTACACGACC,1
rna-CATCAAGTACAGATTC,1
rna-CATCAAGTAGATGTAC,1
rna-CATCAAGTAGCACCTC,1
rna-CATCAAGTAGCCATGC,1
rna-CATCAAGTAGGCTAAC,1
rna-CATCAAGTATAGCGAC,1
rna-CATCAAGTATCATTCC,1
rna-CATCAAGTATTGGCTC,1
rna-CATCAAGTCAAGGAGC,1
rna-CATCAAGTCACCTTAC,1
rna-CATCAAGTCCATCCTC,1
rna-CATCAAGTCCGACAAC,1
rna-CATCAAGTCCTAATCC,2
rna-CATCAAGTCCTCTATC,2
rna-CATCAAGTCGACACAC,7
rna-CATCAAGTCGGATTGC,2
rna-CATCAAGTCTAAGGTC,9
rna-CATCAAGTGAACAGGC,2
rna-CATCAAGTGACAGTGC,7
rna-CATCAAGTGAGTTAGC,2
rna-CATCAAGTGATGAATC,2
rna-CATCAAGTGCCAAGAC,2
rna-CATCAAGTCGGAAGAA,2
rna-CATCAAGTGTGACAAG,2
rna-CATCAAGTGAACCAGA,2
rna-CAGATCTGTTGCTGGA,2
rna-CAGATCTGACAGCAGA,2
rna-CAGATCTGACCTCCAA,2
rna-CAGATCTGACGCTCGA,2
rna-CAGATCTGACGTATCA,2
rna-CAGATCTGACTATGCA,2
rna-CAGATCTGAGAGTCAA,7
rna-CAGATCTGAGATCGCA,2
rna-CAGATCTGAGCAGGAA,0
rna-CAGATCTGAGTCACTA,0
rna-CAGATCTGATCCTGTA,0
rna-CAGATCTGATTGAGGA,0
rna-CAGATCTGCAACCACA,0
rna-CAGATCTGGACTAGTA,0
rna-CAGATCTGCAATGGAA,0
rna-CAGATCTGCACTTCGA,0
rna-CAGATCTGCAGCGTTA,0
rna-CAGATCTGCATACCAA,0
rna-CAGATCTGCCAGTTCA,0
rna-CAGATCTGCCGAAGTA,0
rna-CAGATCTGCCGTGAGA,0
rna-CAGATCTGCCTCCTGA,0
rna-CAGATCTGCGAACTTA,10
rna-CAGATCTGCGACTGGA,7
rna-CAGATCTGCGCATACA,10
rna-CAGATCTGCTCAATGA,2
rna-CAGATCTGCTGAGCCA,2
rna-CAGATCTGCTGGCATA,2
rna-CAGATCTGGAATCTGA,0
rna-CAGATCTGCAAGACTA,0
rna-CAGATCTGGAGCTGAA,0
rna-CAGATCTGGATAGACA,0
rna-CAGATCTGGCCACATA,3
rna-CAGATCTGGCGAGTAA,3
rna-CAGATCTGGCTAACGA,0
rna-CAGATCTGGCTCGGTA,7
rna-CAGATCTGGGAGAACA,0
rna-CAGATCTGGGTGCGAA,0
rna-CAGATCTGGTACGCAA,0
rna-CAGATCTGGTCGTAGA,1
rna-CAGATCTGGTCTGTCA,1
rna-CAGATCTGGTGTTCTA,11
rna-CAGATCTGTAGGATGA,1
rna-CAGATCTGTATCAGCA,1
rna-CAGATCTGTCCGTCTA,1
rna-CAGATCTGTCTTCACA,9
rna-CAGATCTGTGAAGAGA,1
rna-CAGATCTGTGGAACAA,1
rna-CAGATCTGTGGCTTCA,1
rna-CAGATCTGTGGTGGTA,6
rna-CAGATCTGTTCACGCA,6
rna-CAGATCTGAACTCACC,11
rna-CAGATCTGAAGAGATC,1
rna-CAGATCTGAAGGACAC,1
rna-CAGATCTGAATCCGTC,1
rna-CAGATCTGAATGTTGC,1
rna-CAGATCTGACACGACC,1
rna-CAGATCTGACAGATTC,1
rna-CAGATCTGAGATGTAC,1
rna-CAGATCTGAGCACCTC,1
rna-CAGATCTGAGCCATGC,1
rna-CAGATCTGAGGCTAAC,1
rna-CAGATCTGATAGCGAC,1
rna-CAGATCTGATCATTCC,1
rna-CAGATCTGATTGGCTC,1
rna-CAGATCTGCAAGGAGC,1
rna-CAGATCTGCACCTTAC,1
rna-CAGATCTGCCATCCTC,1
rna-CAGATCTGCCGACAAC,1
rna-CAGATCTGCCTAATCC,7
rna-CAGATCTGCCTCTATC,7
rna-CAGATCTGCGACACAC,2
rna-CAGATCTGCGGATTGC,9
rna-CAGATCTGCTAAGGTC,9
rna-CAGATCTGGAACAGGC,11
rna-CAGATCTGGACAGTGC,7
rna-CAGATCTGGAGTTAGC,7
rna-CAGATCTGGATGAATC,6
rna-CAGATCTGGCCAAGAC,6
rna-CAGATCTGCGGAAGAA,2
rna-CAGATCTGGTGACAAG,2
rna-CAGATCTGGAACCAGA,2
rna-ACATTGGCTTGCTGGA,6
rna-ACATTGGCACCTCCAA,2
rna-ACATTGGCACGCTCGA,7
rna-ACATTGGCACGTATCA,2
rna-ACATTGGCACTATGCA,2
rna-ACATTGGCAGAGTCAA,2
rna-ACATTGGCAGATCGCA,2
rna-ACATTGGCAGCAGGAA,2
rna-ACATTGGCAGTCACTA,0
rna-ACATTGGCATCCTGTA,7
rna-ACATTGGCATTGAGGA,0
rna-ACATTGGCCAACCACA,0
rna-ACATTGGCGACTAGTA,0
rna-ACATTGGCCAATGGAA,0
rna-ACATTGGCCACTTCGA,0
rna-ACATTGGCCAGCGTTA,0
rna-ACATTGGCCATACCAA,0
rna-ACATTGGCCCAGTTCA,0
rna-ACATTGGCCCGAAGTA,0
rna-ACATTGGCCCGTGAGA,0
rna-ACATTGGCCCTCCTGA,0
rna-ACATTGGCCGAACTTA,0
rna-ACATTGGCCGACTGGA,3
rna-ACATTGGCCGCATACA,7
rna-ACATTGGCCTCAATGA,0
rna-ACATTGGCCTGAGCCA,2
rna-ACATTGGCCTGGCATA,9
rna-ACATTGGCGAATCTGA,6
rna-ACATTGGCCAAGACTA,11
rna-ACATTGGCGAGCTGAA,0
rna-ACATTGGCGATAGACA,7
rna-ACATTGGCGCCACATA,3
rna-ACATTGGCGCGAGTAA,0
rna-ACATTGGCGCTAACGA,3
rna-ACATTGGCGCTCGGTA,0
rna-ACATTGGCGGAGAACA,0
rna-ACATTGGCGGTGCGAA,7
rna-ACATTGGCGTACGCAA,2
rna-ACATTGGCGTCGTAGA,11
rna-ACATTGGCGTCTGTCA,1
rna-ACATTGGCGTGTTCTA,1
rna-ACATTGGCTAGGATGA,1
rna-ACATTGGCTATCAGCA,1
rna-ACATTGGCTCCGTCTA,1
rna-ACATTGGCTCTTCACA,1
rna-ACATTGGCTGAAGAGA,1
rna-ACATTGGCTGGAACAA,1
rna-ACATTGGCTGGCTTCA,1
rna-ACATTGGCTGGTGGTA,1
rna-ACATTGGCTTCACGCA,7
rna-ACATTGGCAACTCACC,6
rna-ACATTGGCAAGAGATC,1
rna-ACATTGGCAAGGACAC,1
rna-ACATTGGCAATCCGTC,1
rna-ACATTGGCAATGTTGC,1
rna-ACATTGGCACACGACC,1
rna-ACATTGGCACAGATTC,1
rna-ACATTGGCAGATGTAC,1
rna-ACATTGGCAGCACCTC,1
rna-ACATTGGCAGCCATGC,1
rna-ACATTGGCAGGCTAAC,1
rna-ACATTGGCATAGCGAC,1
rna-ACATTGGCATCATTCC,1
rna-ACATTGGCATTGGCTC,1
rna-ACATTGGCCAAGGAGC,1
rna-ACATTGGCCACCTTAC,1
rna-ACATTGGCCCATCCTC,1
rna-ACATTGGCCCGACAAC,1
rna-ACATTGGCCCTAATCC,2
rna-ACATTGGCCCTCTATC,2
rna-ACATTGGCCGACACAC,2
rna-ACATTGGCCGGATTGC,9
rna-ACATTGGCCTAAGGTC,6
rna-ACATTGGCGAACAGGC,6
rna-ACATTGGCGACAGTGC,6
rna-ACATTGGCGAGTTAGC,9
rna-ACATTGGCGATGAATC,6
rna-ACATTGGCGCCAAGAC,6
rna-ACATTGGCCGGAAGAA,2
rna-ACATTGGCGTGACAAG,6
rna-ACATTGGCGAACCAGA,6
rna-ACCACTGTTTGCTGGA,6
rna-ACCACTGTACGCTCGA,2
rna-ACCACTGTACGTATCA,2
rna-ACCACTGTACTATGCA,2
rna-ACCACTGTAGAGTCAA,2
rna-ACCACTGTAGATCGCA,2
rna-ACCACTGTAGCAGGAA,2
rna-ACCACTGTAGTCACTA,9
rna-ACCACTGTATCCTGTA,2
rna-ACCACTGTATTGAGGA,0
rna-ACCACTGTCAACCACA,0
rna-ACCACTGTGACTAGTA,0
rna-ACCACTGTCAATGGAA,0
rna-ACCACTGTCACTTCGA,0
rna-ACCACTGTCAGCGTTA,0
rna-ACCACTGTCATACCAA,0
rna-ACCACTGTCCAGTTCA,0
rna-ACCACTGTCCGAAGTA,0
rna-ACCACTGTCCGTGAGA,0
rna-ACCACTGTCCTCCTGA,0
rna-ACCACTGTCGAACTTA,0
rna-ACCACTGTCGACTGGA,0
rna-ACCACTGTCGCATACA,7
rna-ACCACTGTCTCAATGA,0
rna-ACCACTGTCTGAGCCA,9
rna-ACCACTGTCTGGCATA,0
rna-ACCACTGTGAATCTGA,0
rna-ACCACTGTCAAGACTA,0
rna-ACCACTGTGAGCTGAA,0
rna-ACCACTGTGATAGACA,2
rna-ACCACTGTGCCACATA,7
rna-ACCACTGTGCGAGTAA,3
rna-ACCACTGTGCTAACGA,0
rna-ACCACTGTGCTCGGTA,0
rna-ACCACTGTGGAGAACA,0
rna-ACCACTGTGGTGCGAA,0
rna-ACCACTGTGTACGCAA,2
rna-ACCACTGTGTCGTAGA,6
rna-ACCACTGTGTCTGTCA,9
rna-ACCACTGTGTGTTCTA,1
rna-ACCACTGTTAGGATGA,1
rna-ACCACTGTTATCAGCA,1
rna-ACCACTGTTCCGTCTA,1
rna-ACCACTGTTCTTCACA,1
rna-ACCACTGTTGAAGAGA,1
rna-ACCACTGTTGGAACAA,1
rna-ACCACTGTTGGCTTCA,1
rna-ACCACTGTTGGTGGTA,1
rna-ACCACTGTTTCACGCA,1
rna-ACCACTGTAACTCACC,1
rna-ACCACTGTAAGAGATC,1
rna-ACCACTGTAAGGACAC,1
rna-ACCACTGTAATCCGTC,1
rna-ACCACTGTAATGTTGC,1
rna-ACCACTGTACACGACC,1
rna-ACCACTGTACAGATTC,1
rna-ACCACTGTAGATGTAC,2
rna-ACCACTGTAGCACCTC,1
rna-ACCACTGTAGCCATGC,1
rna-ACCACTGTAGGCTAAC,1
rna-ACCACTGTATAGCGAC,1
rna-ACCACTGTATCATTCC,1
rna-ACCACTGTATTGGCTC,1
rna-ACCACTGTCAAGGAGC,1
rna-ACCACTGTCACCTTAC,1
rna-ACCACTGTCCATCCTC,1
rna-ACCACTGTCCGACAAC,1
rna-ACCACTGTCCTAATCC,2
rna-ACCACTGTCCTCTATC,2
rna-ACCACTGTCGACACAC,7
rna-ACCACTGTCGGATTGC,2
rna-ACCACTGTCTAAGGTC,2
rna-ACCACTGTGAACAGGC,6
rna-ACCACTGTGACAGTGC,6
rna-ACCACTGTGAGTTAGC,10
rna-ACCACTGTGATGAATC,6
rna-ACCACTGTGCCAAGAC,6
rna-ACCACTGTCGGAAGAA,6
rna-ACCACTGTGTGACAAG,6
rna-ACCACTGTGAACCAGA,6
rna-AGTGGTCATTGCTGGA,6
rna-AGTGGTCAACGCTCGA,10
rna-AGTGGTCAACGTATCA,2
rna-AGTGGTCAACTATGCA,2
rna-AGTGGTCAAGAGTCAA,2
rna-AGTGGTCAAGATCGCA,2
rna-AGTGGTCAAGCAGGAA,2
rna-AGTGGTCAAGTCACTA,2
rna-AGTGGTCAATCCTGTA,2
rna-AGTGGTCAATTGAGGA,10
rna-AGTGGTCACAACCACA,11
rna-AGTGGTCAGACTAGTA,2
rna-AGTGGTCACAATGGAA,2
rna-AGTGGTCACACTTCGA,0
rna-AGTGGTCACAGCGTTA,0
rna-AGTGGTCACATACCAA,0
rna-AGTGGTCACCAGTTCA,10
rna-AGTGGTCACCGAAGTA,0
rna-AGTGGTCACCGTGAGA,0
rna-AGTGGTCACCTCCTGA,0
rna-AGTGGTCACGAACTTA,0
rna-AGTGGTCACGACTGGA,0
rna-AGTGGTCACGCATACA,0
rna-AGTGGTCACTCAATGA,0
rna-AGTGGTCACTGAGCCA,2
rna-AGTGGTCACTGGCATA,0
rna-AGTGGTCAGAATCTGA,7
rna-AGTGGTCACAAGACTA,0
rna-AGTGGTCAGAGCTGAA,1
rna-AGTGGTCAGATAGACA,0
rna-AGTGGTCAGCCACATA,7
rna-AGTGGTCAGCGAGTAA,0
rna-AGTGGTCAGCTAACGA,10
rna-AGTGGTCAGCTCGGTA,3
rna-AGTGGTCAGGAGAACA,10
rna-AGTGGTCAGGTGCGAA,7
rna-AGTGGTCAGTACGCAA,9
rna-AGTGGTCAGTCGTAGA,2
rna-AGTGGTCAGTCTGTCA,7
rna-AGTGGTCAGTGTTCTA,1
rna-AGTGGTCATAGGATGA,1
rna-AGTGGTCATATCAGCA,1
rna-AGTGGTCATCCGTCTA,1
rna-AGTGGTCATCTTCACA,1
rna-AGTGGTCATGAAGAGA,1
rna-AGTGGTCATGGAACAA,1
rna-AGTGGTCATGGCTTCA,1
rna-AGTGGTCATGGTGGTA,1
rna-AGTGGTCATTCACGCA,1
rna-AGTGGTCAAACTCACC,1
rna-AGTGGTCAAAGAGATC,1
rna-AGTGGTCAAAGGACAC,1
rna-AGTGGTCAAATCCGTC,1
rna-AGTGGTCAAATGTTGC,1
rna-AGTGGTCAACACGACC,1
rna-AGTGGTCAACAGATTC,1
rna-AGTGGTCAAGATGTAC,1
rna-AGTGGTCAAGCACCTC,2
rna-AGTGGTCAAGCCATGC,6
rna-AGTGGTCAAGGCTAAC,1
rna-AGTGGTCAATAGCGAC,1
rna-AGTGGTCAATCATTCC,1
rna-AGTGGTCAATTGGCTC,1
rna-AGTGGTCACAAGGAGC,1
rna-AGTGGTCACACCTTAC,1
rna-AGTGGTCACCATCCTC,1
rna-AGTGGTCACCGACAAC,1
rna-AGTGGTCACCTAATCC,1
rna-AGTGGTCACCTCTATC,2
rna-AGTGGTCACGACACAC,10
rna-AGTGGTCACGGATTGC,2
rna-AGTGGTCACTAAGGTC,7
rna-AGTGGTCAGAACAGGC,6
rna-AGTGGTCAGACAGTGC,6
rna-AGTGGTCAGAGTTAGC,6
rna-AGTGGTCAGATGAATC,6
rna-AGTGGTCAGCCAAGAC,6
rna-AGTGGTCACGGAAGAA,6
rna-AGTGGTCAGTGACAAG,6
rna-AGTGGTCAGAACCAGA,6
rna-ATGCCTAATTGCTGGA,6
rna-ATGCCTAAACGTATCA,2
rna-ATGCCTAAACTATGCA,2
rna-ATGCCTAAAGAGTCAA,2
rna-ATGCCTAAAGATCGCA,2
rna-ATGCCTAAAGCAGGAA,2
rna-ATGCCTAAAGTCACTA,2
rna-ATGCCTAAATCCTGTA,2
rna-ATGCCTAAATTGAGGA,2
rna-ATGCCTAACAACCACA,9
rna-ATGCCTAAGACTAGTA,2
rna-ATGCCTAACAATGGAA,2
rna-ATGCCTAACACTTCGA,2
rna-ATGCCTAACAGCGTTA,2
rna-ATGCCTAACATACCAA,2
rna-ATGCCTAACCAGTTCA,2
rna-ATGCCTAACCGAAGTA,2
rna-ATGCCTAACCGTGAGA,0
rna-ATGCCTAACCTCCTGA,0
rna-ATGCCTAACGAACTTA,0
rna-ATGCCTAACGACTGGA,0
rna-ATGCCTAACGCATACA,0
rna-ATGCCTAACTCAATGA,0
rna-ATGCCTAACTGAGCCA,0
rna-ATGCCTAACTGGCATA,0
rna-ATGCCTAAGAATCTGA,7
rna-ATGCCTAACAAGACTA,3
rna-ATGCCTAAGAGCTGAA,0
rna-ATGCCTAAGATAGACA,0
rna-ATGCCTAAGCCACATA,9
rna-ATGCCTAAGCGAGTAA,0
rna-ATGCCTAAGCTAACGA,7
rna-ATGCCTAAGCTCGGTA,10
rna-ATGCCTAAGGAGAACA,7
rna-ATGCCTAAGGTGCGAA,0
rna-ATGCCTAAGTACGCAA,10
rna-ATGCCTAAGTCGTAGA,10
rna-ATGCCTAAGTCTGTCA,2
rna-ATGCCTAAGTGTTCTA,1
rna-ATGCCTAATAGGATGA,1
rna-ATGCCTAATATCAGCA,1
rna-ATGCCTAATCCGTCTA,1
rna-ATGCCTAATCTTCACA,1
rna-ATGCCTAATGAAGAGA,1
rna-ATGCCTAATGGAACAA,1
rna-ATGCCTAATGGCTTCA,1
rna-ATGCCTAATGGTGGTA,6
rna-ATGCCTAATTCACGCA,1
rna-ATGCCTAAAACTCACC,1
rna-ATGCCTAAAAGAGATC,1
rna-ATGCCTAAAAGGACAC,1
rna-ATGCCTAAAATCCGTC,1
rna-ATGCCTAAAATGTTGC,1
rna-ATGCCTAAACACGACC,1
rna-ATGCCTAAACAGATTC,1
rna-ATGCCTAAAGATGTAC,6
rna-ATGCCTAAAGCACCTC,2
rna-ATGCCTAAAGCCATGC,1
rna-ATGCCTAAAGGCTAAC,1
rna-ATGCCTAAATAGCGAC,1
rna-ATGCCTAAATCATTCC,1
rna-ATGCCTAAATTGGCTC,1
rna-ATGCCTAACAAGGAGC,1
rna-ATGCCTAACACCTTAC,1
rna-ATGCCTAACCATCCTC,1
rna-ATGCCTAACCGACAAC,1
rna-ATGCCTAACCTAATCC,1
rna-ATGCCTAACCTCTATC,2
rna-ATGCCTAACGACACAC,9
rna-ATGCCTAACGGATTGC,2
rna-ATGCCTAACTAAGGTC,2
rna-ATGCCTAAGAACAGGC,6
rna-ATGCCTAAGACAGTGC,6
rna-ATGCCTAAGAGTTAGC,6
rna-ATGCCTAAGATGAATC,6
rna-ATGCCTAAGCCAAGAC,6
rna-ATGCCTAACGGAAGAA,6
rna-ATGCCTAAGTGACAAG,6
rna-ATGCCTAAGAACCAGA,6
rna-AAACATCGTTGCTGGA,6
rna-AAACATCGAGAGTCAA,2
rna-AAACATCGAGATCGCA,2
rna-AAACATCGAGCAGGAA,2
rna-AAACATCGAGTCACTA,2
rna-AAACATCGATCCTGTA,2
rna-AAACATCGATTGAGGA,9
rna-AAACATCGCAACCACA,2
rna-AAACATCGGACTAGTA,2
rna-AAACATCGCAATGGAA,2
rna-AAACATCGCACTTCGA,2
rna-AAACATCGCAGCGTTA,2
rna-AAACATCGCATACCAA,2
rna-AAACATCGCCAGTTCA,2
rna-AAACATCGCCGAAGTA,6
rna-AAACATCGCCGTGAGA,0
rna-AAACATCGCCTCCTGA,0
rna-AAACATCGCGAACTTA,0
rna-AAACATCGCGACTGGA,0
rna-AAACATCGCGCATACA,0
rna-AAACATCGCTCAATGA,0
rna-AAACATCGCTGAGCCA,0
rna-AAACATCGCTGGCATA,0
rna-AAACATCGGAATCTGA,2
rna-AAACATCGCAAGACTA,2
rna-AAACATCGGAGCTGAA,0
rna-AAACATCGGATAGACA,10
rna-AAACATCGGCCACATA,3
rna-AAACATCGGCGAGTAA,0
rna-AAACATCGGCTAACGA,6
rna-AAACATCGGCTCGGTA,6
rna-AAACATCGGGAGAACA,0
rna-AAACATCGGGTGCGAA,10
rna-AAACATCGGTACGCAA,2
rna-AAACATCGGTCGTAGA,6
rna-AAACATCGGTCTGTCA,10
rna-AAACATCGGTGTTCTA,10
rna-AAACATCGTAGGATGA,1
rna-AAACATCGTATCAGCA,1
rna-AAACATCGTCCGTCTA,1
rna-AAACATCGTCTTCACA,1
rna-AAACATCGTGAAGAGA,1
rna-AAACATCGTGGAACAA,1
rna-AAACATCGTGGCTTCA,6
rna-AAACATCGTGGTGGTA,6
rna-AAACATCGTTCACGCA,10
rna-AAACATCGAACTCACC,9
rna-AAACATCGAAGAGATC,1
rna-AAACATCGAAGGACAC,1
rna-AAACATCGAATCCGTC,1
rna-AAACATCGAATGTTGC,1
rna-AAACATCGACACGACC,1
rna-AAACATCGACAGATTC,1
rna-AAACATCGAGATGTAC,6
rna-AAACATCGAGCACCTC,1
rna-AAACATCGAGCCATGC,6
rna-AAACATCGAGGCTAAC,1
rna-AAACATCGATAGCGAC,1
rna-AAACATCGATCATTCC,1
rna-AAACATCGATTGGCTC,1
rna-AAACATCGCAAGGAGC,1
rna-AAACATCGCACCTTAC,1
rna-AAACATCGCCATCCTC,1
rna-AAACATCGCCGACAAC,1
rna-AAACATCGCCTAATCC,1
rna-AAACATCGCCTCTATC,6
rna-AAACATCGCGACACAC,6
rna-AAACATCGCGGATTGC,10
rna-AAACATCGCTAAGGTC,2
rna-AAACATCGGAACAGGC,6
rna-AAACATCGGACAGTGC,6
rna-AAACATCGGAGTTAGC,2
rna-AAACATCGGATGAATC,6
rna-AAACATCGGCCAAGAC,6
rna-AAACATCGCGGAAGAA,6
rna-AAACATCGGTGACAAG,6
rna-AAACATCGGAACCAGA,6
rna-GAACAGGCACAAGCTA,0
rna-GAACAGGCTTGCTGGA,0
rna-GAACAGGCCTGTAGCC,0
rna-GAACAGGCAGTACAAG,0
rna-GAACAGGCAACAACCA,0
rna-GAACAGGCAACCGAGA,0
rna-GAACAGGCAACGCTTA,0
rna-GAACAGGCAAGACGGA,0
rna-GAACAGGCAAGGTACA,0
rna-GAACAGGCACACAGAA,0
rna-GAACAGGCACAGCAGA,0
rna-GAACAGGCACCTCCAA,0
rna-GAACAGGCACGCTCGA,0
rna-GAACAGGCACGTATCA,0
rna-GAACAGGCACTATGCA,0
rna-GAACAGGCAGAGTCAA,0
rna-GAACAGGCAGATCGCA,0
rna-GAACAGGCAGCAGGAA,0
rna-GAACAGGCAGTCACTA,0
rna-GAACAGGCATCCTGTA,0
rna-GAACAGGCATTGAGGA,0
rna-GAACAGGCCAACCACA,0
rna-GAACAGGCGACTAGTA,0
rna-GAACAGGCCAATGGAA,0
rna-GAACAGGCCACTTCGA,0
rna-GAACAGGCCAGCGTTA,0
rna-GAACAGGCCATACCAA,0
rna-GAACAGGCCCAGTTCA,0
rna-GAACAGGCCCGAAGTA,0
rna-GAACAGGCCCGTGAGA,0
rna-GAACAGGCCCTCCTGA,0
rna-GAACAGGCCGAACTTA,0
rna-GAACAGGCCGACTGGA,0
rna-GAACAGGCCGCATACA,0
rna-GAACAGGCCTCAATGA,0
rna-GAACAGGCCTGAGCCA,0
rna-GAACAGGCCTGGCATA,0
rna-GAACAGGCGAATCTGA,0
rna-GAACAGGCCAAGACTA,0
rna-GAACAGGCGAGCTGAA,0
rna-GAACAGGCGATAGACA,0
rna-GAACAGGCGCCACATA,0
rna-GAACAGGCGCGAGTAA,0
rna-GAACAGGCGCTAACGA,0
rna-GAACAGGCGCTCGGTA,0
rna-GAACAGGCGGAGAACA,0
rna-GAACAGGCGGTGCGAA,0
rna-GAACAGGCGTACGCAA,0
rna-GAACAGGCGTCGTAGA,0
rna-GAACAGGCGTCTGTCA,0
rna-GAACAGGCGTGTTCTA,0
rna-GAACAGGCTAGGATGA,0
rna-GAACAGGCTATCAGCA,0
rna-GAACAGGCTCCGTCTA,0
rna-GAACAGGCTCTTCACA,0
rna-GAACAGGCTGAAGAGA,0
rna-GAACAGGCTGGAACAA,0
rna-GAACAGGCTGGCTTCA,0
rna-GAACAGGCTGGTGGTA,0
rna-GAACAGGCTTCACGCA,0
rna-GAACAGGCAACTCACC,0
rna-GAACAGGCCAGATCTG,2
rna-GAACAGGCAAGAGATC,0
rna-GAACAGGCAAGGACAC,0
rna-GAACAGGCAATCCGTC,0
rna-GAACAGGCAATGTTGC,0
rna-GAACAGGCACACGACC,0
rna-GAACAGGCACAGATTC,0
rna-GAACAGGCAGATGTAC,0
rna-GAACAGGCAGCACCTC,0
rna-GAACAGGCAGCCATGC,0
rna-GAACAGGCAGGCTAAC,0
rna-GAACAGGCCATCAAGT,7
rna-GAACAGGCATAGCGAC,0
rna-GAACAGGCATCATTCC,0
rna-GAACAGGCATTGGCTC,0
rna-GAACAGGCCAAGGAGC,0
rna-GAACAGGCCACCTTAC,0
rna-GAACAGGCCCATCCTC,0
rna-GAACAGGCCCGACAAC,0
rna-GAACAGGCCCTAATCC,0
rna-GAACAGGCCCTCTATC,0
rna-GAACAGGCCGACACAC,0
rna-GAACAGGCCGCTGATC,0
rna-GAACAGGCCGGATTGC,0
rna-GAACAGGCCTAAGGTC,9
rna-GAACAGGCGAACAGGC,6
rna-GAACAGGCGACAGTGC,6
rna-GAACAGGCGAGTTAGC,2
rna-GAACAGGCGATGAATC,2
rna-GAACAGGCGCCAAGAC,0
rna-GAACAGGCCGGAAGAA,0
rna-GAACAGGCGTGACAAG,0
rna-GAACAGGCGAACCAGA,0
