,cluster
rna+H3K27me3-CTAAGGTCAACGTGAT,5
rna+H3K27me3-CTAAGGTCACAAGCTA,1
rna+H3K27me3-CTAAGGTCTTGCTGGA,1
rna+H3K27me3-CTAAGGTCCTGTAGCC,10
rna+H3K27me3-CTAAGGTCAGTACAAG,5
rna+H3K27me3-CTAAGGTCAACAACCA,1
rna+H3K27me3-CTAAGGTCAACCGAGA,8
rna+H3K27me3-CTAAGGTCAACGCTTA,1
rna+H3K27me3-CTAAGGTCAAGACGGA,1
rna+H3K27me3-CTAAGGTCAAGGTACA,1
rna+H3K27me3-CTAAGGTCACACAGAA,5
rna+H3K27me3-CTAAGGTCACAGCAGA,1
rna+H3K27me3-CTAAGGTCAAACATCG,11
rna+H3K27me3-CTAAGGTCACCTCCAA,2
rna+H3K27me3-CTAAGGTCACGCTCGA,2
rna+H3K27me3-CTAAGGTCACGTATCA,9
rna+H3K27me3-CTAAGGTCACTATGCA,1
rna+H3K27me3-CTAAGGTCAGAGTCAA,11
rna+H3K27me3-CTAAGGTCAGATCGCA,1
rna+H3K27me3-CTAAGGTCAGCAGGAA,2
rna+H3K27me3-CTAAGGTCAGTCACTA,1
rna+H3K27me3-CTAAGGTCATCCTGTA,1
rna+H3K27me3-CTAAGGTCATTGAGGA,5
rna+H3K27me3-CTAAGGTCATGCCTAA,5
rna+H3K27me3-CTAAGGTCCAACCACA,5
rna+H3K27me3-CTAAGGTCGACTAGTA,1
rna+H3K27me3-CTAAGGTCCAATGGAA,1
rna+H3K27me3-CTAAGGTCCACTTCGA,1
rna+H3K27me3-CTAAGGTCCAGCGTTA,1
rna+H3K27me3-CTAAGGTCCATACCAA,0
rna+H3K27me3-CTAAGGTCCCAGTTCA,1
rna+H3K27me3-CTAAGGTCCCGAAGTA,1
rna+H3K27me3-CTAAGGTCCCGTGAGA,1
rna+H3K27me3-CTAAGGTCCCTCCTGA,3
rna+H3K27me3-CTAAGGTCAGTGGTCA,6
rna+H3K27me3-CTAAGGTCCGAACTTA,5
rna+H3K27me3-CTAAGGTCCGACTGGA,5
rna+H3K27me3-CTAAGGTCCGCATACA,1
rna+H3K27me3-CTAAGGTCCTCAATGA,7
rna+H3K27me3-CTAAGGTCCTGAGCCA,11
rna+H3K27me3-CTAAGGTCCTGGCATA,7
rna+H3K27me3-CTAAGGTCGAATCTGA,1
rna+H3K27me3-CTAAGGTCCAAGACTA,2
rna+H3K27me3-CTAAGGTCGAGCTGAA,1
rna+H3K27me3-CTAAGGTCGATAGACA,4
rna+H3K27me3-CTAAGGTCACCACTGT,3
rna+H3K27me3-CTAAGGTCGCCACATA,2
rna+H3K27me3-CTAAGGTCGCGAGTAA,2
rna+H3K27me3-CTAAGGTCGCTAACGA,2
rna+H3K27me3-CTAAGGTCGCTCGGTA,4
rna+H3K27me3-CTAAGGTCGGAGAACA,2
rna+H3K27me3-CTAAGGTCGGTGCGAA,1
rna+H3K27me3-CTAAGGTCGTACGCAA,2
rna+H3K27me3-CTAAGGTCGTCGTAGA,2
rna+H3K27me3-CTAAGGTCGTCTGTCA,2
rna+H3K27me3-CTAAGGTCGTGTTCTA,3
rna+H3K27me3-CTAAGGTCACATTGGC,1
rna+H3K27me3-CTAAGGTCTAGGATGA,2
rna+H3K27me3-CTAAGGTCTATCAGCA,2
rna+H3K27me3-CTAAGGTCTCCGTCTA,14
rna+H3K27me3-CTAAGGTCTCTTCACA,2
rna+H3K27me3-CTAAGGTCTGAAGAGA,2
rna+H3K27me3-CTAAGGTCTGGAACAA,2
rna+H3K27me3-CTAAGGTCTGGCTTCA,2
rna+H3K27me3-CTAAGGTCTGGTGGTA,2
rna+H3K27me3-CTAAGGTCTTCACGCA,6
rna+H3K27me3-CTAAGGTCAACTCACC,2
rna+H3K27me3-CTAAGGTCCAGATCTG,1
rna+H3K27me3-CTAAGGTCAAGAGATC,2
rna+H3K27me3-CTAAGGTCAAGGACAC,2
rna+H3K27me3-CTAAGGTCAATCCGTC,10
rna+H3K27me3-CTAAGGTCAATGTTGC,10
rna+H3K27me3-CTAAGGTCACACGACC,5
rna+H3K27me3-CTAAGGTCACAGATTC,1
rna+H3K27me3-CTAAGGTCAGATGTAC,2
rna+H3K27me3-CTAAGGTCAGCACCTC,2
rna+H3K27me3-CTAAGGTCAGCCATGC,2
rna+H3K27me3-CTAAGGTCAGGCTAAC,1
rna+H3K27me3-CTAAGGTCCATCAAGT,1
rna+H3K27me3-CTAAGGTCATAGCGAC,10
rna+H3K27me3-CTAAGGTCATCATTCC,1
rna+H3K27me3-CTAAGGTCATTGGCTC,1
rna+H3K27me3-CTAAGGTCCAAGGAGC,12
rna+H3K27me3-CTAAGGTCCACCTTAC,1
rna+H3K27me3-CTAAGGTCCCATCCTC,5
rna+H3K27me3-CTAAGGTCCCGACAAC,4
rna+H3K27me3-CTAAGGTCCCTAATCC,9
rna+H3K27me3-CTAAGGTCCCTCTATC,7
rna+H3K27me3-CTAAGGTCCGACACAC,3
rna+H3K27me3-CTAAGGTCCGCTGATC,1
rna+H3K27me3-CTAAGGTCCGGATTGC,6
rna+H3K27me3-CTAAGGTCCTAAGGTC,3
rna+H3K27me3-CTAAGGTCGAACAGGC,3
rna+H3K27me3-CTAAGGTCGACAGTGC,1
rna+H3K27me3-CTAAGGTCGAGTTAGC,1
rna+H3K27me3-CTAAGGTCGATGAATC,1
rna+H3K27me3-CTAAGGTCGCCAAGAC,1
rna+H3K27me3-CTAAGGTCCGGAAGAA,1
rna+H3K27me3-CTAAGGTCGTGACAAG,2
rna+H3K27me3-CTAAGGTCGAACCAGA,6
rna+H3K27me3-CGGATTGCAACGTGAT,6
rna+H3K27me3-CGGATTGCACAAGCTA,13
rna+H3K27me3-CGGATTGCTTGCTGGA,13
rna+H3K27me3-CGGATTGCCTGTAGCC,3
rna+H3K27me3-CGGATTGCAGTACAAG,12
rna+H3K27me3-CGGATTGCAACAACCA,10
rna+H3K27me3-CGGATTGCAACCGAGA,1
rna+H3K27me3-CGGATTGCAACGCTTA,10
rna+H3K27me3-CGGATTGCAAGACGGA,1
rna+H3K27me3-CGGATTGCAAGGTACA,2
rna+H3K27me3-CGGATTGCACACAGAA,5
rna+H3K27me3-CGGATTGCACAGCAGA,1
rna+H3K27me3-CGGATTGCAAACATCG,0
rna+H3K27me3-CGGATTGCACCTCCAA,1
rna+H3K27me3-CGGATTGCACGCTCGA,1
rna+H3K27me3-CGGATTGCACGTATCA,1
rna+H3K27me3-CGGATTGCACTATGCA,1
rna+H3K27me3-CGGATTGCAGAGTCAA,1
rna+H3K27me3-CGGATTGCAGATCGCA,1
rna+H3K27me3-CGGATTGCAGCAGGAA,1
rna+H3K27me3-CGGATTGCAGTCACTA,9
rna+H3K27me3-CGGATTGCATCCTGTA,13
rna+H3K27me3-CGGATTGCATTGAGGA,3
rna+H3K27me3-CGGATTGCATGCCTAA,5
rna+H3K27me3-CGGATTGCCAACCACA,4
rna+H3K27me3-CGGATTGCGACTAGTA,3
rna+H3K27me3-CGGATTGCCAATGGAA,5
rna+H3K27me3-CGGATTGCCACTTCGA,1
rna+H3K27me3-CGGATTGCCAGCGTTA,1
rna+H3K27me3-CGGATTGCCATACCAA,5
rna+H3K27me3-CGGATTGCCCAGTTCA,2
rna+H3K27me3-CGGATTGCCCGAAGTA,5
rna+H3K27me3-CGGATTGCCCGTGAGA,8
rna+H3K27me3-CGGATTGCCCTCCTGA,1
rna+H3K27me3-CGGATTGCAGTGGTCA,5
rna+H3K27me3-CGGATTGCCGAACTTA,6
rna+H3K27me3-CGGATTGCCGACTGGA,13
rna+H3K27me3-CGGATTGCCGCATACA,2
rna+H3K27me3-CGGATTGCCTCAATGA,1
rna+H3K27me3-CGGATTGCCTGAGCCA,12
rna+H3K27me3-CGGATTGCCTGGCATA,4
rna+H3K27me3-CGGATTGCGAATCTGA,2
rna+H3K27me3-CGGATTGCCAAGACTA,1
rna+H3K27me3-CGGATTGCGAGCTGAA,2
rna+H3K27me3-CGGATTGCGATAGACA,1
rna+H3K27me3-CGGATTGCACCACTGT,1
rna+H3K27me3-CGGATTGCGCCACATA,2
rna+H3K27me3-CGGATTGCGCGAGTAA,2
rna+H3K27me3-CGGATTGCGCTAACGA,2
rna+H3K27me3-CGGATTGCGCTCGGTA,2
rna+H3K27me3-CGGATTGCGGAGAACA,2
rna+H3K27me3-CGGATTGCGGTGCGAA,2
rna+H3K27me3-CGGATTGCGTACGCAA,5
rna+H3K27me3-CGGATTGCGTCGTAGA,2
rna+H3K27me3-CGGATTGCGTCTGTCA,2
rna+H3K27me3-CGGATTGCGTGTTCTA,2
rna+H3K27me3-CGGATTGCACATTGGC,1
rna+H3K27me3-CGGATTGCTAGGATGA,13
rna+H3K27me3-CGGATTGCTATCAGCA,9
rna+H3K27me3-CGGATTGCTCCGTCTA,2
rna+H3K27me3-CGGATTGCTCTTCACA,5
rna+H3K27me3-CGGATTGCTGAAGAGA,2
rna+H3K27me3-CGGATTGCTGGAACAA,4
rna+H3K27me3-CGGATTGCTGGCTTCA,2
rna+H3K27me3-CGGATTGCTGGTGGTA,2
rna+H3K27me3-CGGATTGCTTCACGCA,13
rna+H3K27me3-CGGATTGCAACTCACC,2
rna+H3K27me3-CGGATTGCCAGATCTG,1
rna+H3K27me3-CGGATTGCAAGAGATC,2
rna+H3K27me3-CGGATTGCAAGGACAC,2
rna+H3K27me3-CGGATTGCAATCCGTC,4
rna+H3K27me3-CGGATTGCAATGTTGC,3
rna+H3K27me3-CGGATTGCACACGACC,2
rna+H3K27me3-CGGATTGCACAGATTC,6
rna+H3K27me3-CGGATTGCAGATGTAC,2
rna+H3K27me3-CGGATTGCAGCACCTC,2
rna+H3K27me3-CGGATTGCAGCCATGC,2
rna+H3K27me3-CGGATTGCAGGCTAAC,5
rna+H3K27me3-CGGATTGCCATCAAGT,1
rna+H3K27me3-CGGATTGCATAGCGAC,1
rna+H3K27me3-CGGATTGCATCATTCC,1
rna+H3K27me3-CGGATTGCATTGGCTC,1
rna+H3K27me3-CGGATTGCCAAGGAGC,1
rna+H3K27me3-CGGATTGCCACCTTAC,1
rna+H3K27me3-CGGATTGCCCATCCTC,9
rna+H3K27me3-CGGATTGCCCGACAAC,4
rna+H3K27me3-CGGATTGCCCTAATCC,6
rna+H3K27me3-CGGATTGCCCTCTATC,3
rna+H3K27me3-CGGATTGCCGACACAC,3
rna+H3K27me3-CGGATTGCCGCTGATC,1
rna+H3K27me3-CGGATTGCCGGATTGC,6
rna+H3K27me3-CGGATTGCCTAAGGTC,3
rna+H3K27me3-CGGATTGCGAACAGGC,3
rna+H3K27me3-CGGATTGCGACAGTGC,1
rna+H3K27me3-CGGATTGCGAGTTAGC,2
rna+H3K27me3-CGGATTGCGATGAATC,1
rna+H3K27me3-CGGATTGCGCCAAGAC,5
rna+H3K27me3-CGGATTGCCGGAAGAA,1
rna+H3K27me3-CGGATTGCGTGACAAG,3
rna+H3K27me3-CGGATTGCGAACCAGA,5
rna+H3K27me3-CGACACACAACGTGAT,4
rna+H3K27me3-CGACACACACAAGCTA,1
rna+H3K27me3-CGACACACTTGCTGGA,5
rna+H3K27me3-CGACACACCTGTAGCC,6
rna+H3K27me3-CGACACACAGTACAAG,5
rna+H3K27me3-CGACACACAACAACCA,5
rna+H3K27me3-CGACACACAACCGAGA,1
rna+H3K27me3-CGACACACAACGCTTA,6
rna+H3K27me3-CGACACACAAGACGGA,1
rna+H3K27me3-CGACACACAAGGTACA,2
rna+H3K27me3-CGACACACACACAGAA,1
rna+H3K27me3-CGACACACACAGCAGA,7
rna+H3K27me3-CGACACACAAACATCG,0
rna+H3K27me3-CGACACACACCTCCAA,1
rna+H3K27me3-CGACACACACGCTCGA,2
rna+H3K27me3-CGACACACACGTATCA,3
rna+H3K27me3-CGACACACACTATGCA,1
rna+H3K27me3-CGACACACAGAGTCAA,5
rna+H3K27me3-CGACACACAGATCGCA,2
rna+H3K27me3-CGACACACAGCAGGAA,1
rna+H3K27me3-CGACACACAGTCACTA,8
rna+H3K27me3-CGACACACATCCTGTA,13
rna+H3K27me3-CGACACACATTGAGGA,3
rna+H3K27me3-CGACACACATGCCTAA,3
rna+H3K27me3-CGACACACCAACCACA,2
rna+H3K27me3-CGACACACGACTAGTA,5
rna+H3K27me3-CGACACACCAATGGAA,5
rna+H3K27me3-CGACACACCACTTCGA,13
rna+H3K27me3-CGACACACCAGCGTTA,5
rna+H3K27me3-CGACACACCATACCAA,2
rna+H3K27me3-CGACACACCCAGTTCA,2
rna+H3K27me3-CGACACACCCGAAGTA,5
rna+H3K27me3-CGACACACCCGTGAGA,2
rna+H3K27me3-CGACACACCCTCCTGA,2
rna+H3K27me3-CGACACACAGTGGTCA,2
rna+H3K27me3-CGACACACCGAACTTA,5
rna+H3K27me3-CGACACACCGACTGGA,1
rna+H3K27me3-CGACACACCGCATACA,3
rna+H3K27me3-CGACACACCTCAATGA,2
rna+H3K27me3-CGACACACCTGAGCCA,5
rna+H3K27me3-CGACACACCTGGCATA,2
rna+H3K27me3-CGACACACGAATCTGA,2
rna+H3K27me3-CGACACACCAAGACTA,11
rna+H3K27me3-CGACACACGAGCTGAA,7
rna+H3K27me3-CGACACACGATAGACA,2
rna+H3K27me3-CGACACACACCACTGT,5
rna+H3K27me3-CGACACACGCCACATA,3
rna+H3K27me3-CGACACACGCGAGTAA,2
rna+H3K27me3-CGACACACGCTAACGA,2
rna+H3K27me3-CGACACACGCTCGGTA,2
rna+H3K27me3-CGACACACGGAGAACA,9
rna+H3K27me3-CGACACACGGTGCGAA,2
rna+H3K27me3-CGACACACGTACGCAA,1
rna+H3K27me3-CGACACACGTCGTAGA,4
rna+H3K27me3-CGACACACGTCTGTCA,2
rna+H3K27me3-CGACACACGTGTTCTA,13
rna+H3K27me3-CGACACACACATTGGC,1
rna+H3K27me3-CGACACACTAGGATGA,2
rna+H3K27me3-CGACACACTATCAGCA,4
rna+H3K27me3-CGACACACTCCGTCTA,2
rna+H3K27me3-CGACACACTCTTCACA,2
rna+H3K27me3-CGACACACTGAAGAGA,9
rna+H3K27me3-CGACACACTGGAACAA,2
rna+H3K27me3-CGACACACTGGCTTCA,2
rna+H3K27me3-CGACACACTGGTGGTA,2
rna+H3K27me3-CGACACACTTCACGCA,11
rna+H3K27me3-CGACACACAACTCACC,2
rna+H3K27me3-CGACACACCAGATCTG,2
rna+H3K27me3-CGACACACAAGAGATC,2
rna+H3K27me3-CGACACACAAGGACAC,2
rna+H3K27me3-CGACACACAATCCGTC,13
rna+H3K27me3-CGACACACAATGTTGC,11
rna+H3K27me3-CGACACACACACGACC,12
rna+H3K27me3-CGACACACACAGATTC,8
rna+H3K27me3-CGACACACAGATGTAC,1
rna+H3K27me3-CGACACACAGCACCTC,3
rna+H3K27me3-CGACACACAGCCATGC,2
rna+H3K27me3-CGACACACAGGCTAAC,1
rna+H3K27me3-CGACACACCATCAAGT,1
rna+H3K27me3-CGACACACATAGCGAC,1
rna+H3K27me3-CGACACACATCATTCC,1
rna+H3K27me3-CGACACACATTGGCTC,1
rna+H3K27me3-CGACACACCAAGGAGC,1
rna+H3K27me3-CGACACACCACCTTAC,1
rna+H3K27me3-CGACACACCCATCCTC,6
rna+H3K27me3-CGACACACCCGACAAC,3
rna+H3K27me3-CGACACACCCTAATCC,3
rna+H3K27me3-CGACACACCCTCTATC,3
rna+H3K27me3-CGACACACCGACACAC,3
rna+H3K27me3-CGACACACCGCTGATC,5
rna+H3K27me3-CGACACACCGGATTGC,6
rna+H3K27me3-CGACACACCTAAGGTC,6
rna+H3K27me3-CGACACACGAACAGGC,6
rna+H3K27me3-CGACACACGACAGTGC,3
rna+H3K27me3-CGACACACGAGTTAGC,1
rna+H3K27me3-CGACACACGATGAATC,1
rna+H3K27me3-CGACACACGCCAAGAC,1
rna+H3K27me3-CGACACACCGGAAGAA,2
rna+H3K27me3-CGACACACGTGACAAG,1
rna+H3K27me3-CGACACACGAACCAGA,1
rna+H3K27me3-CCTCTATCAACGTGAT,3
rna+H3K27me3-CCTCTATCACAAGCTA,1
rna+H3K27me3-CCTCTATCTTGCTGGA,1
rna+H3K27me3-CCTCTATCCTGTAGCC,1
rna+H3K27me3-CCTCTATCAGTACAAG,3
rna+H3K27me3-CCTCTATCAACAACCA,1
rna+H3K27me3-CCTCTATCAACCGAGA,3
rna+H3K27me3-CCTCTATCAACGCTTA,2
rna+H3K27me3-CCTCTATCAAGACGGA,1
rna+H3K27me3-CCTCTATCAAGGTACA,11
rna+H3K27me3-CCTCTATCACACAGAA,5
rna+H3K27me3-CCTCTATCACAGCAGA,1
rna+H3K27me3-CCTCTATCAAACATCG,6
rna+H3K27me3-CCTCTATCACCTCCAA,1
rna+H3K27me3-CCTCTATCACGCTCGA,1
rna+H3K27me3-CCTCTATCACGTATCA,1
rna+H3K27me3-CCTCTATCACTATGCA,3
rna+H3K27me3-CCTCTATCAGAGTCAA,10
rna+H3K27me3-CCTCTATCAGATCGCA,8
rna+H3K27me3-CCTCTATCAGCAGGAA,1
rna+H3K27me3-CCTCTATCAGTCACTA,5
rna+H3K27me3-CCTCTATCATCCTGTA,5
rna+H3K27me3-CCTCTATCATTGAGGA,3
rna+H3K27me3-CCTCTATCATGCCTAA,7
rna+H3K27me3-CCTCTATCCAACCACA,1
rna+H3K27me3-CCTCTATCGACTAGTA,5
rna+H3K27me3-CCTCTATCCAATGGAA,7
rna+H3K27me3-CCTCTATCCACTTCGA,1
rna+H3K27me3-CCTCTATCCAGCGTTA,1
rna+H3K27me3-CCTCTATCCATACCAA,2
rna+H3K27me3-CCTCTATCCCAGTTCA,2
rna+H3K27me3-CCTCTATCCCGAAGTA,2
rna+H3K27me3-CCTCTATCCCGTGAGA,5
rna+H3K27me3-CCTCTATCCCTCCTGA,1
rna+H3K27me3-CCTCTATCAGTGGTCA,10
rna+H3K27me3-CCTCTATCCGAACTTA,3
rna+H3K27me3-CCTCTATCCGACTGGA,9
rna+H3K27me3-CCTCTATCCGCATACA,5
rna+H3K27me3-CCTCTATCCTCAATGA,1
rna+H3K27me3-CCTCTATCCTGAGCCA,2
rna+H3K27me3-CCTCTATCCTGGCATA,2
rna+H3K27me3-CCTCTATCGAATCTGA,5
rna+H3K27me3-CCTCTATCCAAGACTA,5
rna+H3K27me3-CCTCTATCGAGCTGAA,3
rna+H3K27me3-CCTCTATCGATAGACA,2
rna+H3K27me3-CCTCTATCACCACTGT,1
rna+H3K27me3-CCTCTATCGCCACATA,12
rna+H3K27me3-CCTCTATCGCGAGTAA,2
rna+H3K27me3-CCTCTATCGCTAACGA,2
rna+H3K27me3-CCTCTATCGCTCGGTA,10
rna+H3K27me3-CCTCTATCGGAGAACA,2
rna+H3K27me3-CCTCTATCGGTGCGAA,1
rna+H3K27me3-CCTCTATCGTACGCAA,2
rna+H3K27me3-CCTCTATCGTCGTAGA,3
rna+H3K27me3-CCTCTATCGTCTGTCA,2
rna+H3K27me3-CCTCTATCGTGTTCTA,2
rna+H3K27me3-CCTCTATCACATTGGC,1
rna+H3K27me3-CCTCTATCTAGGATGA,2
rna+H3K27me3-CCTCTATCTATCAGCA,2
rna+H3K27me3-CCTCTATCTCCGTCTA,2
rna+H3K27me3-CCTCTATCTCTTCACA,5
rna+H3K27me3-CCTCTATCTGAAGAGA,2
rna+H3K27me3-CCTCTATCTGGAACAA,2
rna+H3K27me3-CCTCTATCTGGCTTCA,2
rna+H3K27me3-CCTCTATCTGGTGGTA,2
rna+H3K27me3-CCTCTATCTTCACGCA,2
rna+H3K27me3-CCTCTATCAACTCACC,2
rna+H3K27me3-CCTCTATCCAGATCTG,1
rna+H3K27me3-CCTCTATCAAGAGATC,2
rna+H3K27me3-CCTCTATCAAGGACAC,2
rna+H3K27me3-CCTCTATCAATCCGTC,2
rna+H3K27me3-CCTCTATCAATGTTGC,5
rna+H3K27me3-CCTCTATCACACGACC,13
rna+H3K27me3-CCTCTATCACAGATTC,1
rna+H3K27me3-CCTCTATCAGATGTAC,9
rna+H3K27me3-CCTCTATCAGCACCTC,1
rna+H3K27me3-CCTCTATCAGCCATGC,1
rna+H3K27me3-CCTCTATCAGGCTAAC,5
rna+H3K27me3-CCTCTATCCATCAAGT,12
rna+H3K27me3-CCTCTATCATAGCGAC,1
rna+H3K27me3-CCTCTATCATCATTCC,1
rna+H3K27me3-CCTCTATCATTGGCTC,1
rna+H3K27me3-CCTCTATCCAAGGAGC,1
rna+H3K27me3-CCTCTATCCACCTTAC,1
rna+H3K27me3-CCTCTATCCCATCCTC,3
rna+H3K27me3-CCTCTATCCCGACAAC,9
rna+H3K27me3-CCTCTATCCCTAATCC,6
rna+H3K27me3-CCTCTATCCCTCTATC,3
rna+H3K27me3-CCTCTATCCGACACAC,3
rna+H3K27me3-CCTCTATCCGCTGATC,3
rna+H3K27me3-CCTCTATCCGGATTGC,6
rna+H3K27me3-CCTCTATCCTAAGGTC,6
rna+H3K27me3-CCTCTATCGAACAGGC,6
rna+H3K27me3-CCTCTATCGACAGTGC,9
rna+H3K27me3-CCTCTATCGAGTTAGC,1
rna+H3K27me3-CCTCTATCGATGAATC,2
rna+H3K27me3-CCTCTATCGCCAAGAC,1
rna+H3K27me3-CCTCTATCCGGAAGAA,1
rna+H3K27me3-CCTCTATCGTGACAAG,11
rna+H3K27me3-CCTCTATCGAACCAGA,1
rna+H3K27me3-CCTAATCCAACGTGAT,5
rna+H3K27me3-CCTAATCCACAAGCTA,5
rna+H3K27me3-CCTAATCCTTGCTGGA,2
rna+H3K27me3-CCTAATCCCTGTAGCC,3
rna+H3K27me3-CCTAATCCAGTACAAG,10
rna+H3K27me3-CCTAATCCAACAACCA,1
rna+H3K27me3-CCTAATCCAACCGAGA,2
rna+H3K27me3-CCTAATCCAACGCTTA,3
rna+H3K27me3-CCTAATCCAAGACGGA,1
rna+H3K27me3-CCTAATCCAAGGTACA,1
rna+H3K27me3-CCTAATCCACACAGAA,2
rna+H3K27me3-CCTAATCCACAGCAGA,5
rna+H3K27me3-CCTAATCCAAACATCG,10
rna+H3K27me3-CCTAATCCACCTCCAA,1
rna+H3K27me3-CCTAATCCACGCTCGA,1
rna+H3K27me3-CCTAATCCACGTATCA,3
rna+H3K27me3-CCTAATCCACTATGCA,1
rna+H3K27me3-CCTAATCCAGAGTCAA,1
rna+H3K27me3-CCTAATCCAGATCGCA,4
rna+H3K27me3-CCTAATCCAGCAGGAA,1
rna+H3K27me3-CCTAATCCAGTCACTA,3
rna+H3K27me3-CCTAATCCATCCTGTA,3
rna+H3K27me3-CCTAATCCATTGAGGA,1
rna+H3K27me3-CCTAATCCATGCCTAA,8
rna+H3K27me3-CCTAATCCCAACCACA,2
rna+H3K27me3-CCTAATCCGACTAGTA,3
rna+H3K27me3-CCTAATCCCAATGGAA,5
rna+H3K27me3-CCTAATCCCACTTCGA,3
rna+H3K27me3-CCTAATCCCAGCGTTA,3
rna+H3K27me3-CCTAATCCCATACCAA,7
rna+H3K27me3-CCTAATCCCCAGTTCA,5
rna+H3K27me3-CCTAATCCCCGAAGTA,2
rna+H3K27me3-CCTAATCCCCGTGAGA,2
rna+H3K27me3-CCTAATCCCCTCCTGA,4
rna+H3K27me3-CCTAATCCAGTGGTCA,1
rna+H3K27me3-CCTAATCCCGAACTTA,1
rna+H3K27me3-CCTAATCCCGACTGGA,5
rna+H3K27me3-CCTAATCCCGCATACA,1
rna+H3K27me3-CCTAATCCCTCAATGA,3
rna+H3K27me3-CCTAATCCCTGAGCCA,5
rna+H3K27me3-CCTAATCCCTGGCATA,5
rna+H3K27me3-CCTAATCCGAATCTGA,10
rna+H3K27me3-CCTAATCCCAAGACTA,3
rna+H3K27me3-CCTAATCCGAGCTGAA,4
rna+H3K27me3-CCTAATCCGATAGACA,4
rna+H3K27me3-CCTAATCCACCACTGT,1
rna+H3K27me3-CCTAATCCGCCACATA,2
rna+H3K27me3-CCTAATCCGCGAGTAA,2
rna+H3K27me3-CCTAATCCGCTAACGA,2
rna+H3K27me3-CCTAATCCGCTCGGTA,2
rna+H3K27me3-CCTAATCCGGAGAACA,3
rna+H3K27me3-CCTAATCCGGTGCGAA,2
rna+H3K27me3-CCTAATCCGTACGCAA,2
rna+H3K27me3-CCTAATCCGTCGTAGA,2
rna+H3K27me3-CCTAATCCGTCTGTCA,2
rna+H3K27me3-CCTAATCCGTGTTCTA,7
rna+H3K27me3-CCTAATCCACATTGGC,1
rna+H3K27me3-CCTAATCCTAGGATGA,7
rna+H3K27me3-CCTAATCCTATCAGCA,2
rna+H3K27me3-CCTAATCCTCCGTCTA,2
rna+H3K27me3-CCTAATCCTCTTCACA,12
rna+H3K27me3-CCTAATCCTGAAGAGA,2
rna+H3K27me3-CCTAATCCTGGAACAA,2
rna+H3K27me3-CCTAATCCTGGCTTCA,2
rna+H3K27me3-CCTAATCCTGGTGGTA,5
rna+H3K27me3-CCTAATCCTTCACGCA,8
rna+H3K27me3-CCTAATCCAACTCACC,5
rna+H3K27me3-CCTAATCCCAGATCTG,1
rna+H3K27me3-CCTAATCCAAGAGATC,2
rna+H3K27me3-CCTAATCCAAGGACAC,2
rna+H3K27me3-CCTAATCCAATCCGTC,3
rna+H3K27me3-CCTAATCCAATGTTGC,2
rna+H3K27me3-CCTAATCCACACGACC,3
rna+H3K27me3-CCTAATCCACAGATTC,2
rna+H3K27me3-CCTAATCCAGATGTAC,5
rna+H3K27me3-CCTAATCCAGCACCTC,11
rna+H3K27me3-CCTAATCCAGCCATGC,1
rna+H3K27me3-CCTAATCCAGGCTAAC,1
rna+H3K27me3-CCTAATCCCATCAAGT,1
rna+H3K27me3-CCTAATCCATAGCGAC,2
rna+H3K27me3-CCTAATCCATCATTCC,1
rna+H3K27me3-CCTAATCCATTGGCTC,4
rna+H3K27me3-CCTAATCCCAAGGAGC,2
rna+H3K27me3-CCTAATCCCACCTTAC,3
rna+H3K27me3-CCTAATCCCCATCCTC,5
rna+H3K27me3-CCTAATCCCCGACAAC,6
rna+H3K27me3-CCTAATCCCCTAATCC,6
rna+H3K27me3-CCTAATCCCCTCTATC,3
rna+H3K27me3-CCTAATCCCGACACAC,3
rna+H3K27me3-CCTAATCCCGCTGATC,12
rna+H3K27me3-CCTAATCCCGGATTGC,6
rna+H3K27me3-CCTAATCCCTAAGGTC,3
rna+H3K27me3-CCTAATCCGAACAGGC,6
rna+H3K27me3-CCTAATCCGACAGTGC,3
rna+H3K27me3-CCTAATCCGAGTTAGC,1
rna+H3K27me3-CCTAATCCGATGAATC,1
rna+H3K27me3-CCTAATCCGCCAAGAC,11
rna+H3K27me3-CCTAATCCCGGAAGAA,2
rna+H3K27me3-CCTAATCCGTGACAAG,1
rna+H3K27me3-CCTAATCCGAACCAGA,5
rna+H3K27me3-CCGACAACAACGTGAT,3
rna+H3K27me3-CCGACAACACAAGCTA,1
rna+H3K27me3-CCGACAACTTGCTGGA,5
rna+H3K27me3-CCGACAACCTGTAGCC,1
rna+H3K27me3-CCGACAACAGTACAAG,1
rna+H3K27me3-CCGACAACAACAACCA,1
rna+H3K27me3-CCGACAACAACCGAGA,1
rna+H3K27me3-CCGACAACAACGCTTA,5
rna+H3K27me3-CCGACAACAAGACGGA,1
rna+H3K27me3-CCGACAACAAGGTACA,5
rna+H3K27me3-CCGACAACACACAGAA,1
rna+H3K27me3-CCGACAACACAGCAGA,1
rna+H3K27me3-CCGACAACAAACATCG,12
rna+H3K27me3-CCGACAACACCTCCAA,1
rna+H3K27me3-CCGACAACACGCTCGA,1
rna+H3K27me3-CCGACAACACGTATCA,1
rna+H3K27me3-CCGACAACACTATGCA,1
rna+H3K27me3-CCGACAACAGAGTCAA,2
rna+H3K27me3-CCGACAACAGATCGCA,1
rna+H3K27me3-CCGACAACAGCAGGAA,5
rna+H3K27me3-CCGACAACAGTCACTA,3
rna+H3K27me3-CCGACAACATCCTGTA,12
rna+H3K27me3-CCGACAACATTGAGGA,5
rna+H3K27me3-CCGACAACATGCCTAA,1
rna+H3K27me3-CCGACAACCAACCACA,3
rna+H3K27me3-CCGACAACGACTAGTA,2
rna+H3K27me3-CCGACAACCAATGGAA,2
rna+H3K27me3-CCGACAACCACTTCGA,1
rna+H3K27me3-CCGACAACCAGCGTTA,7
rna+H3K27me3-CCGACAACCATACCAA,4
rna+H3K27me3-CCGACAACCCAGTTCA,2
rna+H3K27me3-CCGACAACCCGAAGTA,1
rna+H3K27me3-CCGACAACCCGTGAGA,2
rna+H3K27me3-CCGACAACCCTCCTGA,2
rna+H3K27me3-CCGACAACAGTGGTCA,1
rna+H3K27me3-CCGACAACCGAACTTA,2
rna+H3K27me3-CCGACAACCGACTGGA,2
rna+H3K27me3-CCGACAACCGCATACA,5
rna+H3K27me3-CCGACAACCTCAATGA,2
rna+H3K27me3-CCGACAACCTGAGCCA,5
rna+H3K27me3-CCGACAACCTGGCATA,1
rna+H3K27me3-CCGACAACGAATCTGA,8
rna+H3K27me3-CCGACAACCAAGACTA,2
rna+H3K27me3-CCGACAACGAGCTGAA,1
rna+H3K27me3-CCGACAACGATAGACA,2
rna+H3K27me3-CCGACAACACCACTGT,1
rna+H3K27me3-CCGACAACGCCACATA,4
rna+H3K27me3-CCGACAACGCGAGTAA,2
rna+H3K27me3-CCGACAACGCTAACGA,2
rna+H3K27me3-CCGACAACGCTCGGTA,2
rna+H3K27me3-CCGACAACGGAGAACA,2
rna+H3K27me3-CCGACAACGGTGCGAA,2
rna+H3K27me3-CCGACAACGTACGCAA,2
rna+H3K27me3-CCGACAACGTCGTAGA,2
rna+H3K27me3-CCGACAACGTCTGTCA,2
rna+H3K27me3-CCGACAACGTGTTCTA,2
rna+H3K27me3-CCGACAACACATTGGC,5
rna+H3K27me3-CCGACAACTAGGATGA,2
rna+H3K27me3-CCGACAACTATCAGCA,1
rna+H3K27me3-CCGACAACTCCGTCTA,6
rna+H3K27me3-CCGACAACTCTTCACA,2
rna+H3K27me3-CCGACAACTGAAGAGA,5
rna+H3K27me3-CCGACAACTGGAACAA,2
rna+H3K27me3-CCGACAACTGGCTTCA,2
rna+H3K27me3-CCGACAACTGGTGGTA,1
rna+H3K27me3-CCGACAACTTCACGCA,2
rna+H3K27me3-CCGACAACAACTCACC,2
rna+H3K27me3-CCGACAACCAGATCTG,1
rna+H3K27me3-CCGACAACAAGAGATC,2
rna+H3K27me3-CCGACAACAAGGACAC,2
rna+H3K27me3-CCGACAACAATCCGTC,2
rna+H3K27me3-CCGACAACAATGTTGC,12
rna+H3K27me3-CCGACAACACACGACC,3
rna+H3K27me3-CCGACAACACAGATTC,2
rna+H3K27me3-CCGACAACAGATGTAC,5
rna+H3K27me3-CCGACAACAGCACCTC,1
rna+H3K27me3-CCGACAACAGCCATGC,2
rna+H3K27me3-CCGACAACAGGCTAAC,1
rna+H3K27me3-CCGACAACCATCAAGT,13
rna+H3K27me3-CCGACAACATAGCGAC,2
rna+H3K27me3-CCGACAACATCATTCC,1
rna+H3K27me3-CCGACAACATTGGCTC,1
rna+H3K27me3-CCGACAACCAAGGAGC,1
rna+H3K27me3-CCGACAACCACCTTAC,1
rna+H3K27me3-CCGACAACCCATCCTC,4
rna+H3K27me3-CCGACAACCCGACAAC,9
rna+H3K27me3-CCGACAACCCTAATCC,3
rna+H3K27me3-CCGACAACCCTCTATC,6
rna+H3K27me3-CCGACAACCGACACAC,3
rna+H3K27me3-CCGACAACCGCTGATC,1
rna+H3K27me3-CCGACAACCGGATTGC,3
rna+H3K27me3-CCGACAACCTAAGGTC,6
rna+H3K27me3-CCGACAACGAACAGGC,5
rna+H3K27me3-CCGACAACGACAGTGC,6
rna+H3K27me3-CCGACAACGAGTTAGC,2
rna+H3K27me3-CCGACAACGATGAATC,1
rna+H3K27me3-CCGACAACGCCAAGAC,5
rna+H3K27me3-CCGACAACCGGAAGAA,1
rna+H3K27me3-CCGACAACGTGACAAG,1
rna+H3K27me3-CCGACAACGAACCAGA,1
rna+H3K27me3-CCATCCTCAACGTGAT,8
rna+H3K27me3-CCATCCTCACAAGCTA,2
rna+H3K27me3-CCATCCTCTTGCTGGA,5
rna+H3K27me3-CCATCCTCCTGTAGCC,6
rna+H3K27me3-CCATCCTCAGTACAAG,1
rna+H3K27me3-CCATCCTCAACAACCA,1
rna+H3K27me3-CCATCCTCAACCGAGA,5
rna+H3K27me3-CCATCCTCAACGCTTA,2
rna+H3K27me3-CCATCCTCAAGACGGA,1
rna+H3K27me3-CCATCCTCAAGGTACA,2
rna+H3K27me3-CCATCCTCACACAGAA,1
rna+H3K27me3-CCATCCTCACAGCAGA,1
rna+H3K27me3-CCATCCTCAAACATCG,1
rna+H3K27me3-CCATCCTCACCTCCAA,3
rna+H3K27me3-CCATCCTCACGCTCGA,2
rna+H3K27me3-CCATCCTCACGTATCA,2
rna+H3K27me3-CCATCCTCACTATGCA,11
rna+H3K27me3-CCATCCTCAGAGTCAA,3
rna+H3K27me3-CCATCCTCAGATCGCA,1
rna+H3K27me3-CCATCCTCAGCAGGAA,8
rna+H3K27me3-CCATCCTCAGTCACTA,7
rna+H3K27me3-CCATCCTCATCCTGTA,1
rna+H3K27me3-CCATCCTCATTGAGGA,1
rna+H3K27me3-CCATCCTCATGCCTAA,3
rna+H3K27me3-CCATCCTCCAACCACA,2
rna+H3K27me3-CCATCCTCGACTAGTA,1
rna+H3K27me3-CCATCCTCCAATGGAA,3
rna+H3K27me3-CCATCCTCCACTTCGA,1
rna+H3K27me3-CCATCCTCCAGCGTTA,7
rna+H3K27me3-CCATCCTCCATACCAA,2
rna+H3K27me3-CCATCCTCCCAGTTCA,2
rna+H3K27me3-CCATCCTCCCGAAGTA,1
rna+H3K27me3-CCATCCTCCCGTGAGA,10
rna+H3K27me3-CCATCCTCCCTCCTGA,1
rna+H3K27me3-CCATCCTCAGTGGTCA,1
rna+H3K27me3-CCATCCTCCGAACTTA,2
rna+H3K27me3-CCATCCTCCGACTGGA,2
rna+H3K27me3-CCATCCTCCGCATACA,4
rna+H3K27me3-CCATCCTCCTCAATGA,2
rna+H3K27me3-CCATCCTCCTGAGCCA,2
rna+H3K27me3-CCATCCTCCTGGCATA,2
rna+H3K27me3-CCATCCTCGAATCTGA,2
rna+H3K27me3-CCATCCTCCAAGACTA,1
rna+H3K27me3-CCATCCTCGAGCTGAA,2
rna+H3K27me3-CCATCCTCGATAGACA,2
rna+H3K27me3-CCATCCTCACCACTGT,1
rna+H3K27me3-CCATCCTCGCCACATA,3
rna+H3K27me3-CCATCCTCGCGAGTAA,2
rna+H3K27me3-CCATCCTCGCTAACGA,2
rna+H3K27me3-CCATCCTCGCTCGGTA,2
rna+H3K27me3-CCATCCTCGGAGAACA,2
rna+H3K27me3-CCATCCTCGGTGCGAA,2
rna+H3K27me3-CCATCCTCGTACGCAA,4
rna+H3K27me3-CCATCCTCGTCGTAGA,2
rna+H3K27me3-CCATCCTCGTCTGTCA,4
rna+H3K27me3-CCATCCTCGTGTTCTA,2
rna+H3K27me3-CCATCCTCACATTGGC,1
rna+H3K27me3-CCATCCTCTAGGATGA,2
rna+H3K27me3-CCATCCTCTATCAGCA,2
rna+H3K27me3-CCATCCTCTCCGTCTA,5
rna+H3K27me3-CCATCCTCTCTTCACA,2
rna+H3K27me3-CCATCCTCTGAAGAGA,2
rna+H3K27me3-CCATCCTCTGGAACAA,2
rna+H3K27me3-CCATCCTCTGGCTTCA,4
rna+H3K27me3-CCATCCTCTGGTGGTA,4
rna+H3K27me3-CCATCCTCTTCACGCA,14
rna+H3K27me3-CCATCCTCAACTCACC,11
rna+H3K27me3-CCATCCTCCAGATCTG,1
rna+H3K27me3-CCATCCTCAAGAGATC,2
rna+H3K27me3-CCATCCTCAAGGACAC,2
rna+H3K27me3-CCATCCTCAATCCGTC,9
rna+H3K27me3-CCATCCTCAATGTTGC,2
rna+H3K27me3-CCATCCTCACACGACC,3
rna+H3K27me3-CCATCCTCACAGATTC,2
rna+H3K27me3-CCATCCTCAGATGTAC,7
rna+H3K27me3-CCATCCTCAGCACCTC,2
rna+H3K27me3-CCATCCTCAGCCATGC,8
rna+H3K27me3-CCATCCTCAGGCTAAC,10
rna+H3K27me3-CCATCCTCCATCAAGT,13
rna+H3K27me3-CCATCCTCATAGCGAC,1
rna+H3K27me3-CCATCCTCATCATTCC,2
rna+H3K27me3-CCATCCTCATTGGCTC,1
rna+H3K27me3-CCATCCTCCAAGGAGC,1
rna+H3K27me3-CCATCCTCCACCTTAC,1
rna+H3K27me3-CCATCCTCCCATCCTC,4
rna+H3K27me3-CCATCCTCCCGACAAC,8
rna+H3K27me3-CCATCCTCCCTAATCC,6
rna+H3K27me3-CCATCCTCCCTCTATC,6
rna+H3K27me3-CCATCCTCCGACACAC,5
rna+H3K27me3-CCATCCTCCGCTGATC,1
rna+H3K27me3-CCATCCTCCGGATTGC,6
rna+H3K27me3-CCATCCTCCTAAGGTC,6
rna+H3K27me3-CCATCCTCGAACAGGC,3
rna+H3K27me3-CCATCCTCGACAGTGC,1
rna+H3K27me3-CCATCCTCGAGTTAGC,1
rna+H3K27me3-CCATCCTCGATGAATC,5
rna+H3K27me3-CCATCCTCGCCAAGAC,1
rna+H3K27me3-CCATCCTCCGGAAGAA,1
rna+H3K27me3-CCATCCTCGTGACAAG,1
rna+H3K27me3-CCATCCTCGAACCAGA,1
rna+H3K27me3-CACCTTACAACGTGAT,1
rna+H3K27me3-CACCTTACACAAGCTA,4
rna+H3K27me3-CACCTTACTTGCTGGA,1
rna+H3K27me3-CACCTTACCTGTAGCC,1
rna+H3K27me3-CACCTTACAGTACAAG,1
rna+H3K27me3-CACCTTACAACAACCA,1
rna+H3K27me3-CACCTTACAACCGAGA,1
rna+H3K27me3-CACCTTACAACGCTTA,5
rna+H3K27me3-CACCTTACAAGACGGA,1
rna+H3K27me3-CACCTTACAAGGTACA,1
rna+H3K27me3-CACCTTACACACAGAA,1
rna+H3K27me3-CACCTTACACAGCAGA,1
rna+H3K27me3-CACCTTACAAACATCG,1
rna+H3K27me3-CACCTTACACCTCCAA,1
rna+H3K27me3-CACCTTACACGCTCGA,1
rna+H3K27me3-CACCTTACACGTATCA,2
rna+H3K27me3-CACCTTACACTATGCA,1
rna+H3K27me3-CACCTTACAGAGTCAA,4
rna+H3K27me3-CACCTTACAGATCGCA,11
rna+H3K27me3-CACCTTACAGCAGGAA,8
rna+H3K27me3-CACCTTACAGTCACTA,1
rna+H3K27me3-CACCTTACATCCTGTA,5
rna+H3K27me3-CACCTTACATTGAGGA,9
rna+H3K27me3-CACCTTACATGCCTAA,1
rna+H3K27me3-CACCTTACCAACCACA,2
rna+H3K27me3-CACCTTACGACTAGTA,1
rna+H3K27me3-CACCTTACCAATGGAA,6
rna+H3K27me3-CACCTTACCACTTCGA,5
rna+H3K27me3-CACCTTACCAGCGTTA,2
rna+H3K27me3-CACCTTACCATACCAA,1
rna+H3K27me3-CACCTTACCCAGTTCA,7
rna+H3K27me3-CACCTTACCCGAAGTA,6
rna+H3K27me3-CACCTTACCCGTGAGA,3
rna+H3K27me3-CACCTTACCCTCCTGA,10
rna+H3K27me3-CACCTTACAGTGGTCA,2
rna+H3K27me3-CACCTTACCGAACTTA,2
rna+H3K27me3-CACCTTACCGACTGGA,5
rna+H3K27me3-CACCTTACCGCATACA,4
rna+H3K27me3-CACCTTACCTCAATGA,2
rna+H3K27me3-CACCTTACCTGAGCCA,3
rna+H3K27me3-CACCTTACCTGGCATA,7
rna+H3K27me3-CACCTTACGAATCTGA,2
rna+H3K27me3-CACCTTACCAAGACTA,2
rna+H3K27me3-CACCTTACGAGCTGAA,1
rna+H3K27me3-CACCTTACGATAGACA,6
rna+H3K27me3-CACCTTACACCACTGT,1
rna+H3K27me3-CACCTTACGCCACATA,2
rna+H3K27me3-CACCTTACGCGAGTAA,14
rna+H3K27me3-CACCTTACGCTAACGA,2
rna+H3K27me3-CACCTTACGCTCGGTA,2
rna+H3K27me3-CACCTTACGGAGAACA,2
rna+H3K27me3-CACCTTACGGTGCGAA,5
rna+H3K27me3-CACCTTACGTACGCAA,2
rna+H3K27me3-CACCTTACGTCGTAGA,2
rna+H3K27me3-CACCTTACGTCTGTCA,9
rna+H3K27me3-CACCTTACGTGTTCTA,2
rna+H3K27me3-CACCTTACACATTGGC,4
rna+H3K27me3-CACCTTACTAGGATGA,3
rna+H3K27me3-CACCTTACTATCAGCA,3
rna+H3K27me3-CACCTTACTCCGTCTA,6
rna+H3K27me3-CACCTTACTCTTCACA,2
rna+H3K27me3-CACCTTACTGAAGAGA,2
rna+H3K27me3-CACCTTACTGGAACAA,2
rna+H3K27me3-CACCTTACTGGCTTCA,2
rna+H3K27me3-CACCTTACTGGTGGTA,2
rna+H3K27me3-CACCTTACTTCACGCA,2
rna+H3K27me3-CACCTTACAACTCACC,2
rna+H3K27me3-CACCTTACCAGATCTG,1
rna+H3K27me3-CACCTTACAAGAGATC,2
rna+H3K27me3-CACCTTACAAGGACAC,2
rna+H3K27me3-CACCTTACAATCCGTC,6
rna+H3K27me3-CACCTTACAATGTTGC,1
rna+H3K27me3-CACCTTACACACGACC,5
rna+H3K27me3-CACCTTACACAGATTC,2
rna+H3K27me3-CACCTTACAGATGTAC,9
rna+H3K27me3-CACCTTACAGCACCTC,4
rna+H3K27me3-CACCTTACAGCCATGC,1
rna+H3K27me3-CACCTTACAGGCTAAC,1
rna+H3K27me3-CACCTTACCATCAAGT,1
rna+H3K27me3-CACCTTACATAGCGAC,1
rna+H3K27me3-CACCTTACATCATTCC,1
rna+H3K27me3-CACCTTACATTGGCTC,1
rna+H3K27me3-CACCTTACCAAGGAGC,1
rna+H3K27me3-CACCTTACCACCTTAC,1
rna+H3K27me3-CACCTTACCCATCCTC,3
rna+H3K27me3-CACCTTACCCGACAAC,9
rna+H3K27me3-CACCTTACCCTAATCC,3
rna+H3K27me3-CACCTTACCCTCTATC,7
rna+H3K27me3-CACCTTACCGACACAC,6
rna+H3K27me3-CACCTTACCGCTGATC,1
rna+H3K27me3-CACCTTACCGGATTGC,6
rna+H3K27me3-CACCTTACCTAAGGTC,6
rna+H3K27me3-CACCTTACGAACAGGC,3
rna+H3K27me3-CACCTTACGACAGTGC,5
rna+H3K27me3-CACCTTACGAGTTAGC,1
rna+H3K27me3-CACCTTACGATGAATC,1
rna+H3K27me3-CACCTTACGCCAAGAC,1
rna+H3K27me3-CACCTTACCGGAAGAA,11
rna+H3K27me3-CACCTTACGTGACAAG,8
rna+H3K27me3-CACCTTACGAACCAGA,3
rna+H3K27me3-CAAGGAGCAACGTGAT,5
rna+H3K27me3-CAAGGAGCACAAGCTA,1
rna+H3K27me3-CAAGGAGCTTGCTGGA,7
rna+H3K27me3-CAAGGAGCCTGTAGCC,1
rna+H3K27me3-CAAGGAGCAGTACAAG,1
rna+H3K27me3-CAAGGAGCAACAACCA,2
rna+H3K27me3-CAAGGAGCAACCGAGA,1
rna+H3K27me3-CAAGGAGCAACGCTTA,1
rna+H3K27me3-CAAGGAGCAAGACGGA,1
rna+H3K27me3-CAAGGAGCAAGGTACA,7
rna+H3K27me3-CAAGGAGCACACAGAA,10
rna+H3K27me3-CAAGGAGCACAGCAGA,1
rna+H3K27me3-CAAGGAGCAAACATCG,1
rna+H3K27me3-CAAGGAGCACCTCCAA,1
rna+H3K27me3-CAAGGAGCACGCTCGA,2
rna+H3K27me3-CAAGGAGCACGTATCA,1
rna+H3K27me3-CAAGGAGCACTATGCA,4
rna+H3K27me3-CAAGGAGCAGAGTCAA,2
rna+H3K27me3-CAAGGAGCAGATCGCA,3
rna+H3K27me3-CAAGGAGCAGCAGGAA,4
rna+H3K27me3-CAAGGAGCAGTCACTA,4
rna+H3K27me3-CAAGGAGCATCCTGTA,11
rna+H3K27me3-CAAGGAGCATTGAGGA,2
rna+H3K27me3-CAAGGAGCATGCCTAA,0
rna+H3K27me3-CAAGGAGCCAACCACA,3
rna+H3K27me3-CAAGGAGCGACTAGTA,6
rna+H3K27me3-CAAGGAGCCAATGGAA,2
rna+H3K27me3-CAAGGAGCCACTTCGA,3
rna+H3K27me3-CAAGGAGCCAGCGTTA,1
rna+H3K27me3-CAAGGAGCCATACCAA,3
rna+H3K27me3-CAAGGAGCCCAGTTCA,2
rna+H3K27me3-CAAGGAGCCCGAAGTA,13
rna+H3K27me3-CAAGGAGCCCGTGAGA,2
rna+H3K27me3-CAAGGAGCCCTCCTGA,2
rna+H3K27me3-CAAGGAGCAGTGGTCA,6
rna+H3K27me3-CAAGGAGCCGAACTTA,2
rna+H3K27me3-CAAGGAGCCGACTGGA,5
rna+H3K27me3-CAAGGAGCCGCATACA,2
rna+H3K27me3-CAAGGAGCCTCAATGA,2
rna+H3K27me3-CAAGGAGCCTGAGCCA,2
rna+H3K27me3-CAAGGAGCCTGGCATA,4
rna+H3K27me3-CAAGGAGCGAATCTGA,2
rna+H3K27me3-CAAGGAGCCAAGACTA,2
rna+H3K27me3-CAAGGAGCGAGCTGAA,2
rna+H3K27me3-CAAGGAGCGATAGACA,2
rna+H3K27me3-CAAGGAGCACCACTGT,1
rna+H3K27me3-CAAGGAGCGCCACATA,4
rna+H3K27me3-CAAGGAGCGCGAGTAA,5
rna+H3K27me3-CAAGGAGCGCTAACGA,4
rna+H3K27me3-CAAGGAGCGCTCGGTA,3
rna+H3K27me3-CAAGGAGCGGAGAACA,6
rna+H3K27me3-CAAGGAGCGGTGCGAA,5
rna+H3K27me3-CAAGGAGCGTACGCAA,2
rna+H3K27me3-CAAGGAGCGTCGTAGA,4
rna+H3K27me3-CAAGGAGCGTCTGTCA,2
rna+H3K27me3-CAAGGAGCGTGTTCTA,4
rna+H3K27me3-CAAGGAGCACATTGGC,1
rna+H3K27me3-CAAGGAGCTAGGATGA,6
rna+H3K27me3-CAAGGAGCTATCAGCA,12
rna+H3K27me3-CAAGGAGCTCCGTCTA,4
rna+H3K27me3-CAAGGAGCTCTTCACA,3
rna+H3K27me3-CAAGGAGCTGAAGAGA,5
rna+H3K27me3-CAAGGAGCTGGAACAA,4
rna+H3K27me3-CAAGGAGCTGGCTTCA,2
rna+H3K27me3-CAAGGAGCTGGTGGTA,2
rna+H3K27me3-CAAGGAGCTTCACGCA,2
rna+H3K27me3-CAAGGAGCAACTCACC,2
rna+H3K27me3-CAAGGAGCCAGATCTG,5
rna+H3K27me3-CAAGGAGCAAGAGATC,2
rna+H3K27me3-CAAGGAGCAAGGACAC,2
rna+H3K27me3-CAAGGAGCAATCCGTC,1
rna+H3K27me3-CAAGGAGCAATGTTGC,1
rna+H3K27me3-CAAGGAGCACACGACC,12
rna+H3K27me3-CAAGGAGCACAGATTC,3
rna+H3K27me3-CAAGGAGCAGATGTAC,7
rna+H3K27me3-CAAGGAGCAGCACCTC,2
rna+H3K27me3-CAAGGAGCAGCCATGC,2
rna+H3K27me3-CAAGGAGCAGGCTAAC,1
rna+H3K27me3-CAAGGAGCCATCAAGT,2
rna+H3K27me3-CAAGGAGCATAGCGAC,1
rna+H3K27me3-CAAGGAGCATCATTCC,1
rna+H3K27me3-CAAGGAGCATTGGCTC,1
rna+H3K27me3-CAAGGAGCCAAGGAGC,1
rna+H3K27me3-CAAGGAGCCACCTTAC,2
rna+H3K27me3-CAAGGAGCCCATCCTC,1
rna+H3K27me3-CAAGGAGCCCGACAAC,6
rna+H3K27me3-CAAGGAGCCCTAATCC,3
rna+H3K27me3-CAAGGAGCCCTCTATC,3
rna+H3K27me3-CAAGGAGCCGACACAC,3
rna+H3K27me3-CAAGGAGCCGCTGATC,1
rna+H3K27me3-CAAGGAGCCGGATTGC,6
rna+H3K27me3-CAAGGAGCCTAAGGTC,6
rna+H3K27me3-CAAGGAGCGAACAGGC,7
rna+H3K27me3-CAAGGAGCGACAGTGC,5
rna+H3K27me3-CAAGGAGCGAGTTAGC,1
rna+H3K27me3-CAAGGAGCGATGAATC,1
rna+H3K27me3-CAAGGAGCGCCAAGAC,1
rna+H3K27me3-CAAGGAGCCGGAAGAA,1
rna+H3K27me3-CAAGGAGCGTGACAAG,1
rna+H3K27me3-CAAGGAGCGAACCAGA,1
rna+H3K27me3-ATTGGCTCAACGTGAT,1
rna+H3K27me3-ATTGGCTCACAAGCTA,9
rna+H3K27me3-ATTGGCTCTTGCTGGA,1
rna+H3K27me3-ATTGGCTCCTGTAGCC,3
rna+H3K27me3-ATTGGCTCAGTACAAG,1
rna+H3K27me3-ATTGGCTCAACAACCA,1
rna+H3K27me3-ATTGGCTCAACCGAGA,1
rna+H3K27me3-ATTGGCTCAACGCTTA,1
rna+H3K27me3-ATTGGCTCAAGACGGA,1
rna+H3K27me3-ATTGGCTCAAGGTACA,1
rna+H3K27me3-ATTGGCTCACACAGAA,3
rna+H3K27me3-ATTGGCTCACAGCAGA,1
rna+H3K27me3-ATTGGCTCAAACATCG,1
rna+H3K27me3-ATTGGCTCACCTCCAA,5
rna+H3K27me3-ATTGGCTCACGCTCGA,5
rna+H3K27me3-ATTGGCTCACGTATCA,1
rna+H3K27me3-ATTGGCTCACTATGCA,4
rna+H3K27me3-ATTGGCTCAGAGTCAA,2
rna+H3K27me3-ATTGGCTCAGATCGCA,2
rna+H3K27me3-ATTGGCTCAGCAGGAA,5
rna+H3K27me3-ATTGGCTCAGTCACTA,3
rna+H3K27me3-ATTGGCTCATCCTGTA,1
rna+H3K27me3-ATTGGCTCATTGAGGA,2
rna+H3K27me3-ATTGGCTCATGCCTAA,1
rna+H3K27me3-ATTGGCTCCAACCACA,1
rna+H3K27me3-ATTGGCTCGACTAGTA,2
rna+H3K27me3-ATTGGCTCCAATGGAA,9
rna+H3K27me3-ATTGGCTCCACTTCGA,1
rna+H3K27me3-ATTGGCTCCAGCGTTA,2
rna+H3K27me3-ATTGGCTCCATACCAA,3
rna+H3K27me3-ATTGGCTCCCAGTTCA,2
rna+H3K27me3-ATTGGCTCCCGAAGTA,1
rna+H3K27me3-ATTGGCTCCCGTGAGA,2
rna+H3K27me3-ATTGGCTCCCTCCTGA,1
rna+H3K27me3-ATTGGCTCAGTGGTCA,1
rna+H3K27me3-ATTGGCTCCGAACTTA,1
rna+H3K27me3-ATTGGCTCCGACTGGA,2
rna+H3K27me3-ATTGGCTCCGCATACA,2
rna+H3K27me3-ATTGGCTCCTCAATGA,4
rna+H3K27me3-ATTGGCTCCTGAGCCA,14
rna+H3K27me3-ATTGGCTCCTGGCATA,5
rna+H3K27me3-ATTGGCTCGAATCTGA,2
rna+H3K27me3-ATTGGCTCCAAGACTA,4
rna+H3K27me3-ATTGGCTCGAGCTGAA,5
rna+H3K27me3-ATTGGCTCGATAGACA,7
rna+H3K27me3-ATTGGCTCACCACTGT,1
rna+H3K27me3-ATTGGCTCGCCACATA,2
rna+H3K27me3-ATTGGCTCGCGAGTAA,6
rna+H3K27me3-ATTGGCTCGCTAACGA,2
rna+H3K27me3-ATTGGCTCGCTCGGTA,1
rna+H3K27me3-ATTGGCTCGGAGAACA,2
rna+H3K27me3-ATTGGCTCGGTGCGAA,5
rna+H3K27me3-ATTGGCTCGTACGCAA,4
rna+H3K27me3-ATTGGCTCGTCGTAGA,3
rna+H3K27me3-ATTGGCTCGTCTGTCA,4
rna+H3K27me3-ATTGGCTCGTGTTCTA,4
rna+H3K27me3-ATTGGCTCACATTGGC,5
rna+H3K27me3-ATTGGCTCTAGGATGA,4
rna+H3K27me3-ATTGGCTCTATCAGCA,6
rna+H3K27me3-ATTGGCTCTCCGTCTA,3
rna+H3K27me3-ATTGGCTCTCTTCACA,9
rna+H3K27me3-ATTGGCTCTGAAGAGA,6
rna+H3K27me3-ATTGGCTCTGGAACAA,6
rna+H3K27me3-ATTGGCTCTGGCTTCA,2
rna+H3K27me3-ATTGGCTCTGGTGGTA,14
rna+H3K27me3-ATTGGCTCTTCACGCA,2
rna+H3K27me3-ATTGGCTCAACTCACC,2
rna+H3K27me3-ATTGGCTCCAGATCTG,1
rna+H3K27me3-ATTGGCTCAAGAGATC,5
rna+H3K27me3-ATTGGCTCAAGGACAC,5
rna+H3K27me3-ATTGGCTCAATCCGTC,2
rna+H3K27me3-ATTGGCTCAATGTTGC,2
rna+H3K27me3-ATTGGCTCACACGACC,2
rna+H3K27me3-ATTGGCTCACAGATTC,10
rna+H3K27me3-ATTGGCTCAGATGTAC,1
rna+H3K27me3-ATTGGCTCAGCACCTC,1
rna+H3K27me3-ATTGGCTCAGCCATGC,10
rna+H3K27me3-ATTGGCTCAGGCTAAC,11
rna+H3K27me3-ATTGGCTCCATCAAGT,1
rna+H3K27me3-ATTGGCTCATAGCGAC,3
rna+H3K27me3-ATTGGCTCATCATTCC,9
rna+H3K27me3-ATTGGCTCATTGGCTC,7
rna+H3K27me3-ATTGGCTCCAAGGAGC,1
rna+H3K27me3-ATTGGCTCCACCTTAC,1
rna+H3K27me3-ATTGGCTCCCATCCTC,5
rna+H3K27me3-ATTGGCTCCCGACAAC,7
rna+H3K27me3-ATTGGCTCCCTAATCC,3
rna+H3K27me3-ATTGGCTCCCTCTATC,6
rna+H3K27me3-ATTGGCTCCGACACAC,3
rna+H3K27me3-ATTGGCTCCGCTGATC,1
rna+H3K27me3-ATTGGCTCCGGATTGC,6
rna+H3K27me3-ATTGGCTCCTAAGGTC,3
rna+H3K27me3-ATTGGCTCGAACAGGC,3
rna+H3K27me3-ATTGGCTCGACAGTGC,9
rna+H3K27me3-ATTGGCTCGAGTTAGC,1
rna+H3K27me3-ATTGGCTCGATGAATC,1
rna+H3K27me3-ATTGGCTCGCCAAGAC,1
rna+H3K27me3-ATTGGCTCCGGAAGAA,1
rna+H3K27me3-ATTGGCTCGTGACAAG,1
rna+H3K27me3-ATTGGCTCGAACCAGA,5
rna+H3K27me3-ATCATTCCAACGTGAT,1
rna+H3K27me3-ATCATTCCACAAGCTA,1
rna+H3K27me3-ATCATTCCTTGCTGGA,12
rna+H3K27me3-ATCATTCCCTGTAGCC,1
rna+H3K27me3-ATCATTCCAGTACAAG,1
rna+H3K27me3-ATCATTCCAACAACCA,1
rna+H3K27me3-ATCATTCCAACCGAGA,1
rna+H3K27me3-ATCATTCCAACGCTTA,1
rna+H3K27me3-ATCATTCCAAGACGGA,2
rna+H3K27me3-ATCATTCCAAGGTACA,1
rna+H3K27me3-ATCATTCCACACAGAA,2
rna+H3K27me3-ATCATTCCACAGCAGA,6
rna+H3K27me3-ATCATTCCAAACATCG,1
rna+H3K27me3-ATCATTCCACCTCCAA,1
rna+H3K27me3-ATCATTCCACGCTCGA,2
rna+H3K27me3-ATCATTCCACGTATCA,1
rna+H3K27me3-ATCATTCCACTATGCA,4
rna+H3K27me3-ATCATTCCAGAGTCAA,2
rna+H3K27me3-ATCATTCCAGATCGCA,2
rna+H3K27me3-ATCATTCCAGCAGGAA,5
rna+H3K27me3-ATCATTCCAGTCACTA,2
rna+H3K27me3-ATCATTCCATCCTGTA,1
rna+H3K27me3-ATCATTCCATTGAGGA,1
rna+H3K27me3-ATCATTCCATGCCTAA,1
rna+H3K27me3-ATCATTCCCAACCACA,2
rna+H3K27me3-ATCATTCCGACTAGTA,2
rna+H3K27me3-ATCATTCCCAATGGAA,2
rna+H3K27me3-ATCATTCCCACTTCGA,2
rna+H3K27me3-ATCATTCCCAGCGTTA,3
rna+H3K27me3-ATCATTCCCATACCAA,1
rna+H3K27me3-ATCATTCCCCAGTTCA,2
rna+H3K27me3-ATCATTCCCCGAAGTA,2
rna+H3K27me3-ATCATTCCCCGTGAGA,2
rna+H3K27me3-ATCATTCCCCTCCTGA,2
rna+H3K27me3-ATCATTCCAGTGGTCA,3
rna+H3K27me3-ATCATTCCCGAACTTA,2
rna+H3K27me3-ATCATTCCCGACTGGA,2
rna+H3K27me3-ATCATTCCCGCATACA,2
rna+H3K27me3-ATCATTCCCTCAATGA,10
rna+H3K27me3-ATCATTCCCTGAGCCA,2
rna+H3K27me3-ATCATTCCCTGGCATA,2
rna+H3K27me3-ATCATTCCGAATCTGA,2
rna+H3K27me3-ATCATTCCCAAGACTA,1
rna+H3K27me3-ATCATTCCGAGCTGAA,2
rna+H3K27me3-ATCATTCCGATAGACA,2
rna+H3K27me3-ATCATTCCACCACTGT,5
rna+H3K27me3-ATCATTCCGCCACATA,4
rna+H3K27me3-ATCATTCCGCGAGTAA,2
rna+H3K27me3-ATCATTCCGCTAACGA,6
rna+H3K27me3-ATCATTCCGCTCGGTA,3
rna+H3K27me3-ATCATTCCGGAGAACA,5
rna+H3K27me3-ATCATTCCGGTGCGAA,8
rna+H3K27me3-ATCATTCCGTACGCAA,7
rna+H3K27me3-ATCATTCCGTCGTAGA,9
rna+H3K27me3-ATCATTCCGTCTGTCA,4
rna+H3K27me3-ATCATTCCGTGTTCTA,6
rna+H3K27me3-ATCATTCCACATTGGC,1
rna+H3K27me3-ATCATTCCTAGGATGA,4
rna+H3K27me3-ATCATTCCTATCAGCA,4
rna+H3K27me3-ATCATTCCTCCGTCTA,4
rna+H3K27me3-ATCATTCCTCTTCACA,4
rna+H3K27me3-ATCATTCCTGAAGAGA,5
rna+H3K27me3-ATCATTCCTGGAACAA,4
rna+H3K27me3-ATCATTCCTGGCTTCA,9
rna+H3K27me3-ATCATTCCTGGTGGTA,4
rna+H3K27me3-ATCATTCCTTCACGCA,2
rna+H3K27me3-ATCATTCCAACTCACC,2
rna+H3K27me3-ATCATTCCCAGATCTG,1
rna+H3K27me3-ATCATTCCAAGAGATC,2
rna+H3K27me3-ATCATTCCAAGGACAC,3
rna+H3K27me3-ATCATTCCAATCCGTC,6
rna+H3K27me3-ATCATTCCAATGTTGC,11
rna+H3K27me3-ATCATTCCACACGACC,10
rna+H3K27me3-ATCATTCCACAGATTC,6
rna+H3K27me3-ATCATTCCAGATGTAC,10
rna+H3K27me3-ATCATTCCAGCACCTC,3
rna+H3K27me3-ATCATTCCAGCCATGC,5
rna+H3K27me3-ATCATTCCAGGCTAAC,1
rna+H3K27me3-ATCATTCCCATCAAGT,1
rna+H3K27me3-ATCATTCCATAGCGAC,1
rna+H3K27me3-ATCATTCCATCATTCC,1
rna+H3K27me3-ATCATTCCATTGGCTC,2
rna+H3K27me3-ATCATTCCCAAGGAGC,1
rna+H3K27me3-ATCATTCCCACCTTAC,3
rna+H3K27me3-ATCATTCCCCATCCTC,3
rna+H3K27me3-ATCATTCCCCGACAAC,9
rna+H3K27me3-ATCATTCCCCTAATCC,6
rna+H3K27me3-ATCATTCCCCTCTATC,2
rna+H3K27me3-ATCATTCCCGACACAC,9
rna+H3K27me3-ATCATTCCCGCTGATC,1
rna+H3K27me3-ATCATTCCCGGATTGC,3
rna+H3K27me3-ATCATTCCCTAAGGTC,6
rna+H3K27me3-ATCATTCCGAACAGGC,3
rna+H3K27me3-ATCATTCCGACAGTGC,1
rna+H3K27me3-ATCATTCCGAGTTAGC,1
rna+H3K27me3-ATCATTCCGATGAATC,2
rna+H3K27me3-ATCATTCCGCCAAGAC,1
rna+H3K27me3-ATCATTCCCGGAAGAA,5
rna+H3K27me3-ATCATTCCGTGACAAG,1
rna+H3K27me3-ATCATTCCGAACCAGA,1
rna+H3K27me3-ATAGCGACAACGTGAT,10
rna+H3K27me3-ATAGCGACACAAGCTA,1
rna+H3K27me3-ATAGCGACTTGCTGGA,4
rna+H3K27me3-ATAGCGACCTGTAGCC,3
rna+H3K27me3-ATAGCGACAGTACAAG,1
rna+H3K27me3-ATAGCGACAACAACCA,1
rna+H3K27me3-ATAGCGACAACCGAGA,1
rna+H3K27me3-ATAGCGACAACGCTTA,1
rna+H3K27me3-ATAGCGACAAGACGGA,2
rna+H3K27me3-ATAGCGACAAGGTACA,1
rna+H3K27me3-ATAGCGACACACAGAA,2
rna+H3K27me3-ATAGCGACACAGCAGA,1
rna+H3K27me3-ATAGCGACAAACATCG,2
rna+H3K27me3-ATAGCGACACCTCCAA,3
rna+H3K27me3-ATAGCGACACGCTCGA,1
rna+H3K27me3-ATAGCGACACGTATCA,7
rna+H3K27me3-ATAGCGACACTATGCA,1
rna+H3K27me3-ATAGCGACAGAGTCAA,1
rna+H3K27me3-ATAGCGACAGATCGCA,3
rna+H3K27me3-ATAGCGACAGCAGGAA,5
rna+H3K27me3-ATAGCGACAGTCACTA,2
rna+H3K27me3-ATAGCGACATCCTGTA,4
rna+H3K27me3-ATAGCGACATTGAGGA,2
rna+H3K27me3-ATAGCGACATGCCTAA,1
rna+H3K27me3-ATAGCGACCAACCACA,6
rna+H3K27me3-ATAGCGACGACTAGTA,10
rna+H3K27me3-ATAGCGACCAATGGAA,2
rna+H3K27me3-ATAGCGACCACTTCGA,2
rna+H3K27me3-ATAGCGACCAGCGTTA,2
rna+H3K27me3-ATAGCGACCATACCAA,2
rna+H3K27me3-ATAGCGACCCAGTTCA,2
rna+H3K27me3-ATAGCGACCCGAAGTA,2
rna+H3K27me3-ATAGCGACCCGTGAGA,1
rna+H3K27me3-ATAGCGACCCTCCTGA,5
rna+H3K27me3-ATAGCGACAGTGGTCA,5
rna+H3K27me3-ATAGCGACCGAACTTA,3
rna+H3K27me3-ATAGCGACCGACTGGA,5
rna+H3K27me3-ATAGCGACCGCATACA,2
rna+H3K27me3-ATAGCGACCTCAATGA,5
rna+H3K27me3-ATAGCGACCTGAGCCA,5
rna+H3K27me3-ATAGCGACCTGGCATA,2
rna+H3K27me3-ATAGCGACGAATCTGA,5
rna+H3K27me3-ATAGCGACCAAGACTA,2
rna+H3K27me3-ATAGCGACGAGCTGAA,10
rna+H3K27me3-ATAGCGACGATAGACA,13
rna+H3K27me3-ATAGCGACACCACTGT,1
rna+H3K27me3-ATAGCGACGCCACATA,8
rna+H3K27me3-ATAGCGACGCGAGTAA,10
rna+H3K27me3-ATAGCGACGCTAACGA,6
rna+H3K27me3-ATAGCGACGCTCGGTA,4
rna+H3K27me3-ATAGCGACGGAGAACA,7
rna+H3K27me3-ATAGCGACGGTGCGAA,3
rna+H3K27me3-ATAGCGACGTACGCAA,4
rna+H3K27me3-ATAGCGACGTCGTAGA,4
rna+H3K27me3-ATAGCGACGTCTGTCA,4
rna+H3K27me3-ATAGCGACGTGTTCTA,6
rna+H3K27me3-ATAGCGACACATTGGC,13
rna+H3K27me3-ATAGCGACTAGGATGA,4
rna+H3K27me3-ATAGCGACTATCAGCA,6
rna+H3K27me3-ATAGCGACTCCGTCTA,4
rna+H3K27me3-ATAGCGACTCTTCACA,6
rna+H3K27me3-ATAGCGACTGAAGAGA,6
rna+H3K27me3-ATAGCGACTGGAACAA,5
rna+H3K27me3-ATAGCGACTGGCTTCA,5
rna+H3K27me3-ATAGCGACTGGTGGTA,11
rna+H3K27me3-ATAGCGACTTCACGCA,2
rna+H3K27me3-ATAGCGACAACTCACC,2
rna+H3K27me3-ATAGCGACCAGATCTG,10
rna+H3K27me3-ATAGCGACAAGAGATC,2
rna+H3K27me3-ATAGCGACAAGGACAC,2
rna+H3K27me3-ATAGCGACAATCCGTC,7
rna+H3K27me3-ATAGCGACAATGTTGC,2
rna+H3K27me3-ATAGCGACACACGACC,2
rna+H3K27me3-ATAGCGACACAGATTC,1
rna+H3K27me3-ATAGCGACAGATGTAC,2
rna+H3K27me3-ATAGCGACAGCACCTC,5
rna+H3K27me3-ATAGCGACAGCCATGC,1
rna+H3K27me3-ATAGCGACAGGCTAAC,1
rna+H3K27me3-ATAGCGACCATCAAGT,4
rna+H3K27me3-ATAGCGACATAGCGAC,1
rna+H3K27me3-ATAGCGACATCATTCC,1
rna+H3K27me3-ATAGCGACATTGGCTC,1
rna+H3K27me3-ATAGCGACCAAGGAGC,1
rna+H3K27me3-ATAGCGACCACCTTAC,2
rna+H3K27me3-ATAGCGACCCATCCTC,3
rna+H3K27me3-ATAGCGACCCGACAAC,3
rna+H3K27me3-ATAGCGACCCTAATCC,3
rna+H3K27me3-ATAGCGACCCTCTATC,9
rna+H3K27me3-ATAGCGACCGACACAC,6
rna+H3K27me3-ATAGCGACCGCTGATC,2
rna+H3K27me3-ATAGCGACCGGATTGC,9
rna+H3K27me3-ATAGCGACCTAAGGTC,6
rna+H3K27me3-ATAGCGACGAACAGGC,4
rna+H3K27me3-ATAGCGACGACAGTGC,7
rna+H3K27me3-ATAGCGACGAGTTAGC,1
rna+H3K27me3-ATAGCGACGATGAATC,1
rna+H3K27me3-ATAGCGACGCCAAGAC,1
rna+H3K27me3-ATAGCGACCGGAAGAA,1
rna+H3K27me3-ATAGCGACGTGACAAG,5
rna+H3K27me3-ATAGCGACGAACCAGA,5
rna+H3K27me3-AGGCTAACAACGTGAT,2
rna+H3K27me3-AGGCTAACACAAGCTA,1
rna+H3K27me3-AGGCTAACTTGCTGGA,5
rna+H3K27me3-AGGCTAACCTGTAGCC,1
rna+H3K27me3-AGGCTAACAGTACAAG,8
rna+H3K27me3-AGGCTAACAACAACCA,1
rna+H3K27me3-AGGCTAACAACCGAGA,9
rna+H3K27me3-AGGCTAACAACGCTTA,1
rna+H3K27me3-AGGCTAACAAGACGGA,1
rna+H3K27me3-AGGCTAACAAGGTACA,1
rna+H3K27me3-AGGCTAACACACAGAA,13
rna+H3K27me3-AGGCTAACACAGCAGA,5
rna+H3K27me3-AGGCTAACAAACATCG,5
rna+H3K27me3-AGGCTAACACCTCCAA,2
rna+H3K27me3-AGGCTAACACGCTCGA,2
rna+H3K27me3-AGGCTAACACGTATCA,5
rna+H3K27me3-AGGCTAACACTATGCA,5
rna+H3K27me3-AGGCTAACAGAGTCAA,4
rna+H3K27me3-AGGCTAACAGATCGCA,9
rna+H3K27me3-AGGCTAACAGCAGGAA,13
rna+H3K27me3-AGGCTAACAGTCACTA,1
rna+H3K27me3-AGGCTAACATCCTGTA,13
rna+H3K27me3-AGGCTAACATTGAGGA,2
rna+H3K27me3-AGGCTAACATGCCTAA,2
rna+H3K27me3-AGGCTAACCAACCACA,1
rna+H3K27me3-AGGCTAACGACTAGTA,1
rna+H3K27me3-AGGCTAACCAATGGAA,2
rna+H3K27me3-AGGCTAACCACTTCGA,4
rna+H3K27me3-AGGCTAACCAGCGTTA,1
rna+H3K27me3-AGGCTAACCATACCAA,2
rna+H3K27me3-AGGCTAACCCAGTTCA,2
rna+H3K27me3-AGGCTAACCCGAAGTA,2
rna+H3K27me3-AGGCTAACCCGTGAGA,2
rna+H3K27me3-AGGCTAACCCTCCTGA,2
rna+H3K27me3-AGGCTAACAGTGGTCA,1
rna+H3K27me3-AGGCTAACCGAACTTA,2
rna+H3K27me3-AGGCTAACCGACTGGA,2
rna+H3K27me3-AGGCTAACCGCATACA,2
rna+H3K27me3-AGGCTAACCTCAATGA,2
rna+H3K27me3-AGGCTAACCTGAGCCA,2
rna+H3K27me3-AGGCTAACCTGGCATA,4
rna+H3K27me3-AGGCTAACGAATCTGA,2
rna+H3K27me3-AGGCTAACCAAGACTA,4
rna+H3K27me3-AGGCTAACGAGCTGAA,6
rna+H3K27me3-AGGCTAACGATAGACA,4
rna+H3K27me3-AGGCTAACACCACTGT,5
rna+H3K27me3-AGGCTAACGCCACATA,6
rna+H3K27me3-AGGCTAACGCGAGTAA,4
rna+H3K27me3-AGGCTAACGCTAACGA,4
rna+H3K27me3-AGGCTAACGCTCGGTA,4
rna+H3K27me3-AGGCTAACGGAGAACA,4
rna+H3K27me3-AGGCTAACGGTGCGAA,4
rna+H3K27me3-AGGCTAACGTACGCAA,6
rna+H3K27me3-AGGCTAACGTCGTAGA,4
rna+H3K27me3-AGGCTAACGTCTGTCA,5
rna+H3K27me3-AGGCTAACGTGTTCTA,4
rna+H3K27me3-AGGCTAACACATTGGC,7
rna+H3K27me3-AGGCTAACTAGGATGA,6
rna+H3K27me3-AGGCTAACTATCAGCA,4
rna+H3K27me3-AGGCTAACTCCGTCTA,4
rna+H3K27me3-AGGCTAACTCTTCACA,4
rna+H3K27me3-AGGCTAACTGAAGAGA,9
rna+H3K27me3-AGGCTAACTGGAACAA,6
rna+H3K27me3-AGGCTAACTGGCTTCA,3
rna+H3K27me3-AGGCTAACTGGTGGTA,2
rna+H3K27me3-AGGCTAACTTCACGCA,2
rna+H3K27me3-AGGCTAACAACTCACC,3
rna+H3K27me3-AGGCTAACCAGATCTG,1
rna+H3K27me3-AGGCTAACAAGAGATC,6
rna+H3K27me3-AGGCTAACAAGGACAC,2
rna+H3K27me3-AGGCTAACAATCCGTC,2
rna+H3K27me3-AGGCTAACAATGTTGC,2
rna+H3K27me3-AGGCTAACACACGACC,11
rna+H3K27me3-AGGCTAACACAGATTC,2
rna+H3K27me3-AGGCTAACAGATGTAC,1
rna+H3K27me3-AGGCTAACAGCACCTC,1
rna+H3K27me3-AGGCTAACAGCCATGC,2
rna+H3K27me3-AGGCTAACAGGCTAAC,2
rna+H3K27me3-AGGCTAACCATCAAGT,1
rna+H3K27me3-AGGCTAACATAGCGAC,10
rna+H3K27me3-AGGCTAACATCATTCC,1
rna+H3K27me3-AGGCTAACATTGGCTC,1
rna+H3K27me3-AGGCTAACCAAGGAGC,1
rna+H3K27me3-AGGCTAACCACCTTAC,1
rna+H3K27me3-AGGCTAACCCATCCTC,5
rna+H3K27me3-AGGCTAACCCGACAAC,10
rna+H3K27me3-AGGCTAACCCTAATCC,9
rna+H3K27me3-AGGCTAACCCTCTATC,3
rna+H3K27me3-AGGCTAACCGACACAC,3
rna+H3K27me3-AGGCTAACCGCTGATC,1
rna+H3K27me3-AGGCTAACCGGATTGC,5
rna+H3K27me3-AGGCTAACCTAAGGTC,5
rna+H3K27me3-AGGCTAACGAACAGGC,5
rna+H3K27me3-AGGCTAACGACAGTGC,3
rna+H3K27me3-AGGCTAACGAGTTAGC,1
rna+H3K27me3-AGGCTAACGATGAATC,9
rna+H3K27me3-AGGCTAACGCCAAGAC,1
rna+H3K27me3-AGGCTAACCGGAAGAA,1
rna+H3K27me3-AGGCTAACGTGACAAG,1
rna+H3K27me3-AGGCTAACGAACCAGA,2
rna+H3K27me3-AGCCATGCAACGTGAT,1
rna+H3K27me3-AGCCATGCACAAGCTA,1
rna+H3K27me3-AGCCATGCTTGCTGGA,1
rna+H3K27me3-AGCCATGCCTGTAGCC,1
rna+H3K27me3-AGCCATGCAGTACAAG,1
rna+H3K27me3-AGCCATGCAACAACCA,1
rna+H3K27me3-AGCCATGCAACCGAGA,1
rna+H3K27me3-AGCCATGCAACGCTTA,4
rna+H3K27me3-AGCCATGCAAGACGGA,3
rna+H3K27me3-AGCCATGCAAGGTACA,1
rna+H3K27me3-AGCCATGCACACAGAA,2
rna+H3K27me3-AGCCATGCACAGCAGA,2
rna+H3K27me3-AGCCATGCAAACATCG,2
rna+H3K27me3-AGCCATGCACCTCCAA,13
rna+H3K27me3-AGCCATGCACGCTCGA,4
rna+H3K27me3-AGCCATGCACGTATCA,3
rna+H3K27me3-AGCCATGCACTATGCA,5
rna+H3K27me3-AGCCATGCAGAGTCAA,2
rna+H3K27me3-AGCCATGCAGATCGCA,2
rna+H3K27me3-AGCCATGCAGCAGGAA,2
rna+H3K27me3-AGCCATGCAGTCACTA,11
rna+H3K27me3-AGCCATGCATCCTGTA,2
rna+H3K27me3-AGCCATGCATTGAGGA,2
rna+H3K27me3-AGCCATGCATGCCTAA,5
rna+H3K27me3-AGCCATGCCAACCACA,2
rna+H3K27me3-AGCCATGCGACTAGTA,2
rna+H3K27me3-AGCCATGCCAATGGAA,1
rna+H3K27me3-AGCCATGCCACTTCGA,2
rna+H3K27me3-AGCCATGCCAGCGTTA,9
rna+H3K27me3-AGCCATGCCATACCAA,5
rna+H3K27me3-AGCCATGCCCAGTTCA,4
rna+H3K27me3-AGCCATGCCCGAAGTA,2
rna+H3K27me3-AGCCATGCCCGTGAGA,2
rna+H3K27me3-AGCCATGCCCTCCTGA,2
rna+H3K27me3-AGCCATGCAGTGGTCA,2
rna+H3K27me3-AGCCATGCCGAACTTA,2
rna+H3K27me3-AGCCATGCCGACTGGA,13
rna+H3K27me3-AGCCATGCCGCATACA,2
rna+H3K27me3-AGCCATGCCTCAATGA,2
rna+H3K27me3-AGCCATGCCTGAGCCA,2
rna+H3K27me3-AGCCATGCCTGGCATA,2
rna+H3K27me3-AGCCATGCGAATCTGA,4
rna+H3K27me3-AGCCATGCCAAGACTA,3
rna+H3K27me3-AGCCATGCGAGCTGAA,4
rna+H3K27me3-AGCCATGCGATAGACA,4
rna+H3K27me3-AGCCATGCACCACTGT,5
rna+H3K27me3-AGCCATGCGCCACATA,4
rna+H3K27me3-AGCCATGCGCGAGTAA,4
rna+H3K27me3-AGCCATGCGCTAACGA,4
rna+H3K27me3-AGCCATGCGCTCGGTA,4
rna+H3K27me3-AGCCATGCGGAGAACA,3
rna+H3K27me3-AGCCATGCGGTGCGAA,4
rna+H3K27me3-AGCCATGCGTACGCAA,4
rna+H3K27me3-AGCCATGCGTCGTAGA,4
rna+H3K27me3-AGCCATGCGTCTGTCA,4
rna+H3K27me3-AGCCATGCGTGTTCTA,6
rna+H3K27me3-AGCCATGCACATTGGC,1
rna+H3K27me3-AGCCATGCTAGGATGA,6
rna+H3K27me3-AGCCATGCTATCAGCA,4
rna+H3K27me3-AGCCATGCTCCGTCTA,6
rna+H3K27me3-AGCCATGCTCTTCACA,6
rna+H3K27me3-AGCCATGCTGAAGAGA,4
rna+H3K27me3-AGCCATGCTGGAACAA,4
rna+H3K27me3-AGCCATGCTGGCTTCA,9
rna+H3K27me3-AGCCATGCTGGTGGTA,4
rna+H3K27me3-AGCCATGCTTCACGCA,12
rna+H3K27me3-AGCCATGCAACTCACC,3
rna+H3K27me3-AGCCATGCCAGATCTG,1
rna+H3K27me3-AGCCATGCAAGAGATC,2
rna+H3K27me3-AGCCATGCAAGGACAC,2
rna+H3K27me3-AGCCATGCAATCCGTC,1
rna+H3K27me3-AGCCATGCAATGTTGC,4
rna+H3K27me3-AGCCATGCACACGACC,2
rna+H3K27me3-AGCCATGCACAGATTC,2
rna+H3K27me3-AGCCATGCAGATGTAC,7
rna+H3K27me3-AGCCATGCAGCACCTC,3
rna+H3K27me3-AGCCATGCAGCCATGC,10
rna+H3K27me3-AGCCATGCAGGCTAAC,1
rna+H3K27me3-AGCCATGCCATCAAGT,1
rna+H3K27me3-AGCCATGCATAGCGAC,2
rna+H3K27me3-AGCCATGCATCATTCC,2
rna+H3K27me3-AGCCATGCATTGGCTC,1
rna+H3K27me3-AGCCATGCCAAGGAGC,1
rna+H3K27me3-AGCCATGCCACCTTAC,1
rna+H3K27me3-AGCCATGCCCATCCTC,3
rna+H3K27me3-AGCCATGCCCGACAAC,6
rna+H3K27me3-AGCCATGCCCTAATCC,5
rna+H3K27me3-AGCCATGCCCTCTATC,3
rna+H3K27me3-AGCCATGCCGACACAC,3
rna+H3K27me3-AGCCATGCCGCTGATC,1
rna+H3K27me3-AGCCATGCCGGATTGC,6
rna+H3K27me3-AGCCATGCCTAAGGTC,11
rna+H3K27me3-AGCCATGCGAACAGGC,6
rna+H3K27me3-AGCCATGCGACAGTGC,6
rna+H3K27me3-AGCCATGCGAGTTAGC,1
rna+H3K27me3-AGCCATGCGATGAATC,3
rna+H3K27me3-AGCCATGCGCCAAGAC,7
rna+H3K27me3-AGCCATGCCGGAAGAA,1
rna+H3K27me3-AGCCATGCGTGACAAG,1
rna+H3K27me3-AGCCATGCGAACCAGA,7
rna+H3K27me3-AGCACCTCAACGTGAT,3
rna+H3K27me3-AGCACCTCACAAGCTA,1
rna+H3K27me3-AGCACCTCTTGCTGGA,1
rna+H3K27me3-AGCACCTCCTGTAGCC,13
rna+H3K27me3-AGCACCTCAGTACAAG,1
rna+H3K27me3-AGCACCTCAACAACCA,2
rna+H3K27me3-AGCACCTCAACCGAGA,4
rna+H3K27me3-AGCACCTCAACGCTTA,1
rna+H3K27me3-AGCACCTCAAGACGGA,1
rna+H3K27me3-AGCACCTCAAGGTACA,5
rna+H3K27me3-AGCACCTCACACAGAA,3
rna+H3K27me3-AGCACCTCACAGCAGA,7
rna+H3K27me3-AGCACCTCAAACATCG,1
rna+H3K27me3-AGCACCTCACCTCCAA,1
rna+H3K27me3-AGCACCTCACGCTCGA,7
rna+H3K27me3-AGCACCTCACGTATCA,2
rna+H3K27me3-AGCACCTCACTATGCA,2
rna+H3K27me3-AGCACCTCAGAGTCAA,2
rna+H3K27me3-AGCACCTCAGATCGCA,1
rna+H3K27me3-AGCACCTCAGCAGGAA,3
rna+H3K27me3-AGCACCTCAGTCACTA,2
rna+H3K27me3-AGCACCTCATCCTGTA,3
rna+H3K27me3-AGCACCTCATTGAGGA,2
rna+H3K27me3-AGCACCTCATGCCTAA,1
rna+H3K27me3-AGCACCTCCAACCACA,2
rna+H3K27me3-AGCACCTCGACTAGTA,7
rna+H3K27me3-AGCACCTCCAATGGAA,2
rna+H3K27me3-AGCACCTCCACTTCGA,2
rna+H3K27me3-AGCACCTCCAGCGTTA,2
rna+H3K27me3-AGCACCTCCATACCAA,2
rna+H3K27me3-AGCACCTCCCAGTTCA,8
rna+H3K27me3-AGCACCTCCCGAAGTA,5
rna+H3K27me3-AGCACCTCCCGTGAGA,2
rna+H3K27me3-AGCACCTCCCTCCTGA,1
rna+H3K27me3-AGCACCTCAGTGGTCA,2
rna+H3K27me3-AGCACCTCCGAACTTA,1
rna+H3K27me3-AGCACCTCCGACTGGA,2
rna+H3K27me3-AGCACCTCCGCATACA,4
rna+H3K27me3-AGCACCTCCTCAATGA,2
rna+H3K27me3-AGCACCTCCTGAGCCA,2
rna+H3K27me3-AGCACCTCCTGGCATA,4
rna+H3K27me3-AGCACCTCGAATCTGA,5
rna+H3K27me3-AGCACCTCCAAGACTA,4
rna+H3K27me3-AGCACCTCGAGCTGAA,4
rna+H3K27me3-AGCACCTCGATAGACA,4
rna+H3K27me3-AGCACCTCACCACTGT,3
rna+H3K27me3-AGCACCTCGCCACATA,4
rna+H3K27me3-AGCACCTCGCGAGTAA,4
rna+H3K27me3-AGCACCTCGCTAACGA,4
rna+H3K27me3-AGCACCTCGCTCGGTA,6
rna+H3K27me3-AGCACCTCGGAGAACA,4
rna+H3K27me3-AGCACCTCGGTGCGAA,4
rna+H3K27me3-AGCACCTCGTACGCAA,4
rna+H3K27me3-AGCACCTCGTCGTAGA,6
rna+H3K27me3-AGCACCTCGTCTGTCA,6
rna+H3K27me3-AGCACCTCGTGTTCTA,6
rna+H3K27me3-AGCACCTCACATTGGC,1
rna+H3K27me3-AGCACCTCTAGGATGA,4
rna+H3K27me3-AGCACCTCTATCAGCA,4
rna+H3K27me3-AGCACCTCTCCGTCTA,6
rna+H3K27me3-AGCACCTCTCTTCACA,11
rna+H3K27me3-AGCACCTCTGAAGAGA,4
rna+H3K27me3-AGCACCTCTGGAACAA,4
rna+H3K27me3-AGCACCTCTGGCTTCA,4
rna+H3K27me3-AGCACCTCTGGTGGTA,12
rna+H3K27me3-AGCACCTCTTCACGCA,4
rna+H3K27me3-AGCACCTCAACTCACC,2
rna+H3K27me3-AGCACCTCCAGATCTG,1
rna+H3K27me3-AGCACCTCAAGAGATC,4
rna+H3K27me3-AGCACCTCAAGGACAC,2
rna+H3K27me3-AGCACCTCAATCCGTC,2
rna+H3K27me3-AGCACCTCAATGTTGC,2
rna+H3K27me3-AGCACCTCACACGACC,1
rna+H3K27me3-AGCACCTCACAGATTC,2
rna+H3K27me3-AGCACCTCAGATGTAC,1
rna+H3K27me3-AGCACCTCAGCACCTC,8
rna+H3K27me3-AGCACCTCAGCCATGC,1
rna+H3K27me3-AGCACCTCAGGCTAAC,2
rna+H3K27me3-AGCACCTCCATCAAGT,1
rna+H3K27me3-AGCACCTCATAGCGAC,7
rna+H3K27me3-AGCACCTCATCATTCC,2
rna+H3K27me3-AGCACCTCATTGGCTC,5
rna+H3K27me3-AGCACCTCCAAGGAGC,12
rna+H3K27me3-AGCACCTCCACCTTAC,1
rna+H3K27me3-AGCACCTCCCATCCTC,3
rna+H3K27me3-AGCACCTCCCGACAAC,6
rna+H3K27me3-AGCACCTCCCTAATCC,5
rna+H3K27me3-AGCACCTCCCTCTATC,3
rna+H3K27me3-AGCACCTCCGACACAC,6
rna+H3K27me3-AGCACCTCCGCTGATC,5
rna+H3K27me3-AGCACCTCCGGATTGC,6
rna+H3K27me3-AGCACCTCCTAAGGTC,3
rna+H3K27me3-AGCACCTCGAACAGGC,3
rna+H3K27me3-AGCACCTCGACAGTGC,3
rna+H3K27me3-AGCACCTCGAGTTAGC,5
rna+H3K27me3-AGCACCTCGATGAATC,1
rna+H3K27me3-AGCACCTCGCCAAGAC,3
rna+H3K27me3-AGCACCTCCGGAAGAA,1
rna+H3K27me3-AGCACCTCGTGACAAG,1
rna+H3K27me3-AGCACCTCGAACCAGA,2
rna+H3K27me3-AGATGTACAACGTGAT,13
rna+H3K27me3-AGATGTACACAAGCTA,1
rna+H3K27me3-AGATGTACTTGCTGGA,7
rna+H3K27me3-AGATGTACCTGTAGCC,10
rna+H3K27me3-AGATGTACAGTACAAG,1
rna+H3K27me3-AGATGTACAACAACCA,1
rna+H3K27me3-AGATGTACAACCGAGA,2
rna+H3K27me3-AGATGTACAACGCTTA,10
rna+H3K27me3-AGATGTACAAGACGGA,5
rna+H3K27me3-AGATGTACAAGGTACA,2
rna+H3K27me3-AGATGTACACACAGAA,6
rna+H3K27me3-AGATGTACACAGCAGA,9
rna+H3K27me3-AGATGTACAAACATCG,10
rna+H3K27me3-AGATGTACACCTCCAA,2
rna+H3K27me3-AGATGTACACGCTCGA,1
rna+H3K27me3-AGATGTACACGTATCA,2
rna+H3K27me3-AGATGTACACTATGCA,2
rna+H3K27me3-AGATGTACAGAGTCAA,1
rna+H3K27me3-AGATGTACAGATCGCA,2
rna+H3K27me3-AGATGTACAGCAGGAA,2
rna+H3K27me3-AGATGTACAGTCACTA,6
rna+H3K27me3-AGATGTACATCCTGTA,2
rna+H3K27me3-AGATGTACATTGAGGA,2
rna+H3K27me3-AGATGTACATGCCTAA,3
rna+H3K27me3-AGATGTACCAACCACA,0
rna+H3K27me3-AGATGTACGACTAGTA,6
rna+H3K27me3-AGATGTACCAATGGAA,10
rna+H3K27me3-AGATGTACCACTTCGA,1
rna+H3K27me3-AGATGTACCAGCGTTA,2
rna+H3K27me3-AGATGTACCATACCAA,9
rna+H3K27me3-AGATGTACCCAGTTCA,2
rna+H3K27me3-AGATGTACCCGAAGTA,2
rna+H3K27me3-AGATGTACCCGTGAGA,2
rna+H3K27me3-AGATGTACCCTCCTGA,2
rna+H3K27me3-AGATGTACAGTGGTCA,7
rna+H3K27me3-AGATGTACCGAACTTA,10
rna+H3K27me3-AGATGTACCGACTGGA,2
rna+H3K27me3-AGATGTACCGCATACA,4
rna+H3K27me3-AGATGTACCTCAATGA,4
rna+H3K27me3-AGATGTACCTGAGCCA,6
rna+H3K27me3-AGATGTACCTGGCATA,4
rna+H3K27me3-AGATGTACGAATCTGA,4
rna+H3K27me3-AGATGTACCAAGACTA,4
rna+H3K27me3-AGATGTACGAGCTGAA,4
rna+H3K27me3-AGATGTACGATAGACA,4
rna+H3K27me3-AGATGTACACCACTGT,1
rna+H3K27me3-AGATGTACGCCACATA,5
rna+H3K27me3-AGATGTACGCGAGTAA,5
rna+H3K27me3-AGATGTACGCTAACGA,4
rna+H3K27me3-AGATGTACGCTCGGTA,4
rna+H3K27me3-AGATGTACGGAGAACA,4
rna+H3K27me3-AGATGTACGGTGCGAA,4
rna+H3K27me3-AGATGTACGTACGCAA,3
rna+H3K27me3-AGATGTACGTCGTAGA,6
rna+H3K27me3-AGATGTACGTCTGTCA,4
rna+H3K27me3-AGATGTACGTGTTCTA,4
rna+H3K27me3-AGATGTACACATTGGC,1
rna+H3K27me3-AGATGTACTAGGATGA,4
rna+H3K27me3-AGATGTACTATCAGCA,4
rna+H3K27me3-AGATGTACTCCGTCTA,6
rna+H3K27me3-AGATGTACTCTTCACA,3
rna+H3K27me3-AGATGTACTGAAGAGA,4
rna+H3K27me3-AGATGTACTGGAACAA,6
rna+H3K27me3-AGATGTACTGGCTTCA,4
rna+H3K27me3-AGATGTACTGGTGGTA,4
rna+H3K27me3-AGATGTACTTCACGCA,5
rna+H3K27me3-AGATGTACAACTCACC,2
rna+H3K27me3-AGATGTACCAGATCTG,1
rna+H3K27me3-AGATGTACAAGAGATC,10
rna+H3K27me3-AGATGTACAAGGACAC,2
rna+H3K27me3-AGATGTACAATCCGTC,7
rna+H3K27me3-AGATGTACAATGTTGC,2
rna+H3K27me3-AGATGTACACACGACC,2
rna+H3K27me3-AGATGTACACAGATTC,2
rna+H3K27me3-AGATGTACAGATGTAC,5
rna+H3K27me3-AGATGTACAGCACCTC,5
rna+H3K27me3-AGATGTACAGCCATGC,10
rna+H3K27me3-AGATGTACAGGCTAAC,7
rna+H3K27me3-AGATGTACCATCAAGT,1
rna+H3K27me3-AGATGTACATAGCGAC,1
rna+H3K27me3-AGATGTACATCATTCC,1
rna+H3K27me3-AGATGTACATTGGCTC,1
rna+H3K27me3-AGATGTACCAAGGAGC,1
rna+H3K27me3-AGATGTACCACCTTAC,10
rna+H3K27me3-AGATGTACCCATCCTC,2
rna+H3K27me3-AGATGTACCCGACAAC,3
rna+H3K27me3-AGATGTACCCTAATCC,6
rna+H3K27me3-AGATGTACCCTCTATC,5
rna+H3K27me3-AGATGTACCGACACAC,3
rna+H3K27me3-AGATGTACCGCTGATC,2
rna+H3K27me3-AGATGTACCGGATTGC,6
rna+H3K27me3-AGATGTACCTAAGGTC,3
rna+H3K27me3-AGATGTACGAACAGGC,5
rna+H3K27me3-AGATGTACGACAGTGC,1
rna+H3K27me3-AGATGTACGAGTTAGC,6
rna+H3K27me3-AGATGTACGATGAATC,1
rna+H3K27me3-AGATGTACGCCAAGAC,1
rna+H3K27me3-AGATGTACCGGAAGAA,1
rna+H3K27me3-AGATGTACGTGACAAG,1
rna+H3K27me3-AGATGTACGAACCAGA,1
rna+H3K27me3-ACAGATTCAACGTGAT,1
rna+H3K27me3-ACAGATTCACAAGCTA,1
rna+H3K27me3-ACAGATTCTTGCTGGA,1
rna+H3K27me3-ACAGATTCCTGTAGCC,1
rna+H3K27me3-ACAGATTCAGTACAAG,7
rna+H3K27me3-ACAGATTCAACAACCA,3
rna+H3K27me3-ACAGATTCAACCGAGA,5
rna+H3K27me3-ACAGATTCAACGCTTA,1
rna+H3K27me3-ACAGATTCAAGACGGA,1
rna+H3K27me3-ACAGATTCAAGGTACA,1
rna+H3K27me3-ACAGATTCACACAGAA,6
rna+H3K27me3-ACAGATTCACAGCAGA,1
rna+H3K27me3-ACAGATTCAAACATCG,1
rna+H3K27me3-ACAGATTCACCTCCAA,2
rna+H3K27me3-ACAGATTCACGCTCGA,2
rna+H3K27me3-ACAGATTCACGTATCA,2
rna+H3K27me3-ACAGATTCACTATGCA,2
rna+H3K27me3-ACAGATTCAGAGTCAA,2
rna+H3K27me3-ACAGATTCAGATCGCA,5
rna+H3K27me3-ACAGATTCAGCAGGAA,2
rna+H3K27me3-ACAGATTCAGTCACTA,2
rna+H3K27me3-ACAGATTCATCCTGTA,1
rna+H3K27me3-ACAGATTCATTGAGGA,1
rna+H3K27me3-ACAGATTCATGCCTAA,1
rna+H3K27me3-ACAGATTCCAACCACA,2
rna+H3K27me3-ACAGATTCGACTAGTA,1
rna+H3K27me3-ACAGATTCCAATGGAA,2
rna+H3K27me3-ACAGATTCCACTTCGA,2
rna+H3K27me3-ACAGATTCCAGCGTTA,2
rna+H3K27me3-ACAGATTCCATACCAA,9
rna+H3K27me3-ACAGATTCCCAGTTCA,2
rna+H3K27me3-ACAGATTCCCGAAGTA,7
rna+H3K27me3-ACAGATTCCCGTGAGA,3
rna+H3K27me3-ACAGATTCCCTCCTGA,4
rna+H3K27me3-ACAGATTCAGTGGTCA,3
rna+H3K27me3-ACAGATTCCGAACTTA,4
rna+H3K27me3-ACAGATTCCGACTGGA,6
rna+H3K27me3-ACAGATTCCGCATACA,4
rna+H3K27me3-ACAGATTCCTCAATGA,4
rna+H3K27me3-ACAGATTCCTGAGCCA,6
rna+H3K27me3-ACAGATTCCTGGCATA,9
rna+H3K27me3-ACAGATTCGAATCTGA,4
rna+H3K27me3-ACAGATTCCAAGACTA,4
rna+H3K27me3-ACAGATTCGAGCTGAA,4
rna+H3K27me3-ACAGATTCGATAGACA,4
rna+H3K27me3-ACAGATTCACCACTGT,3
rna+H3K27me3-ACAGATTCGCCACATA,4
rna+H3K27me3-ACAGATTCGCGAGTAA,4
rna+H3K27me3-ACAGATTCGCTAACGA,4
rna+H3K27me3-ACAGATTCGCTCGGTA,9
rna+H3K27me3-ACAGATTCGGAGAACA,3
rna+H3K27me3-ACAGATTCGGTGCGAA,3
rna+H3K27me3-ACAGATTCGTACGCAA,4
rna+H3K27me3-ACAGATTCGTCGTAGA,4
rna+H3K27me3-ACAGATTCGTCTGTCA,4
rna+H3K27me3-ACAGATTCGTGTTCTA,4
rna+H3K27me3-ACAGATTCACATTGGC,1
rna+H3K27me3-ACAGATTCTAGGATGA,4
rna+H3K27me3-ACAGATTCTATCAGCA,6
rna+H3K27me3-ACAGATTCTCCGTCTA,4
rna+H3K27me3-ACAGATTCTCTTCACA,4
rna+H3K27me3-ACAGATTCTGAAGAGA,4
rna+H3K27me3-ACAGATTCTGGAACAA,6
rna+H3K27me3-ACAGATTCTGGCTTCA,4
rna+H3K27me3-ACAGATTCTGGTGGTA,5
rna+H3K27me3-ACAGATTCTTCACGCA,6
rna+H3K27me3-ACAGATTCAACTCACC,6
rna+H3K27me3-ACAGATTCCAGATCTG,3
rna+H3K27me3-ACAGATTCAAGAGATC,5
rna+H3K27me3-ACAGATTCAAGGACAC,3
rna+H3K27me3-ACAGATTCAATCCGTC,2
rna+H3K27me3-ACAGATTCAATGTTGC,7
rna+H3K27me3-ACAGATTCACACGACC,9
rna+H3K27me3-ACAGATTCACAGATTC,7
rna+H3K27me3-ACAGATTCAGATGTAC,3
rna+H3K27me3-ACAGATTCAGCACCTC,1
rna+H3K27me3-ACAGATTCAGCCATGC,1
rna+H3K27me3-ACAGATTCAGGCTAAC,1
rna+H3K27me3-ACAGATTCCATCAAGT,1
rna+H3K27me3-ACAGATTCATAGCGAC,2
rna+H3K27me3-ACAGATTCATCATTCC,5
rna+H3K27me3-ACAGATTCATTGGCTC,1
rna+H3K27me3-ACAGATTCCAAGGAGC,1
rna+H3K27me3-ACAGATTCCACCTTAC,10
rna+H3K27me3-ACAGATTCCCATCCTC,2
rna+H3K27me3-ACAGATTCCCGACAAC,5
rna+H3K27me3-ACAGATTCCCTAATCC,6
rna+H3K27me3-ACAGATTCCCTCTATC,3
rna+H3K27me3-ACAGATTCCGACACAC,3
rna+H3K27me3-ACAGATTCCGCTGATC,1
rna+H3K27me3-ACAGATTCCGGATTGC,6
rna+H3K27me3-ACAGATTCCTAAGGTC,6
rna+H3K27me3-ACAGATTCGAACAGGC,13
rna+H3K27me3-ACAGATTCGACAGTGC,3
rna+H3K27me3-ACAGATTCGAGTTAGC,1
rna+H3K27me3-ACAGATTCGATGAATC,2
rna+H3K27me3-ACAGATTCGCCAAGAC,1
rna+H3K27me3-ACAGATTCCGGAAGAA,1
rna+H3K27me3-ACAGATTCGTGACAAG,2
rna+H3K27me3-ACAGATTCGAACCAGA,5
rna+H3K27me3-ACACGACCAACGTGAT,1
rna+H3K27me3-ACACGACCACAAGCTA,1
rna+H3K27me3-ACACGACCTTGCTGGA,11
rna+H3K27me3-ACACGACCCTGTAGCC,1
rna+H3K27me3-ACACGACCAGTACAAG,3
rna+H3K27me3-ACACGACCAACAACCA,1
rna+H3K27me3-ACACGACCAACCGAGA,3
rna+H3K27me3-ACACGACCAACGCTTA,5
rna+H3K27me3-ACACGACCAAGACGGA,1
rna+H3K27me3-ACACGACCAAGGTACA,1
rna+H3K27me3-ACACGACCACACAGAA,2
rna+H3K27me3-ACACGACCACAGCAGA,2
rna+H3K27me3-ACACGACCAAACATCG,5
rna+H3K27me3-ACACGACCACCTCCAA,3
rna+H3K27me3-ACACGACCACGCTCGA,2
rna+H3K27me3-ACACGACCACGTATCA,1
rna+H3K27me3-ACACGACCACTATGCA,2
rna+H3K27me3-ACACGACCAGAGTCAA,2
rna+H3K27me3-ACACGACCAGATCGCA,1
rna+H3K27me3-ACACGACCAGCAGGAA,11
rna+H3K27me3-ACACGACCAGTCACTA,2
rna+H3K27me3-ACACGACCATCCTGTA,5
rna+H3K27me3-ACACGACCATTGAGGA,2
rna+H3K27me3-ACACGACCATGCCTAA,1
rna+H3K27me3-ACACGACCCAACCACA,2
rna+H3K27me3-ACACGACCGACTAGTA,4
rna+H3K27me3-ACACGACCCAATGGAA,2
rna+H3K27me3-ACACGACCCACTTCGA,3
rna+H3K27me3-ACACGACCCAGCGTTA,2
rna+H3K27me3-ACACGACCCATACCAA,1
rna+H3K27me3-ACACGACCCCAGTTCA,8
rna+H3K27me3-ACACGACCCCGAAGTA,2
rna+H3K27me3-ACACGACCCCGTGAGA,1
rna+H3K27me3-ACACGACCCCTCCTGA,4
rna+H3K27me3-ACACGACCAGTGGTCA,2
rna+H3K27me3-ACACGACCCGAACTTA,6
rna+H3K27me3-ACACGACCCGACTGGA,4
rna+H3K27me3-ACACGACCCGCATACA,4
rna+H3K27me3-ACACGACCCTCAATGA,4
rna+H3K27me3-ACACGACCCTGAGCCA,4
rna+H3K27me3-ACACGACCCTGGCATA,4
rna+H3K27me3-ACACGACCGAATCTGA,4
rna+H3K27me3-ACACGACCCAAGACTA,4
rna+H3K27me3-ACACGACCGAGCTGAA,4
rna+H3K27me3-ACACGACCGATAGACA,4
rna+H3K27me3-ACACGACCACCACTGT,1
rna+H3K27me3-ACACGACCGCCACATA,4
rna+H3K27me3-ACACGACCGCGAGTAA,4
rna+H3K27me3-ACACGACCGCTAACGA,4
rna+H3K27me3-ACACGACCGCTCGGTA,4
rna+H3K27me3-ACACGACCGGAGAACA,6
rna+H3K27me3-ACACGACCGGTGCGAA,6
rna+H3K27me3-ACACGACCGTACGCAA,6
rna+H3K27me3-ACACGACCGTCGTAGA,6
rna+H3K27me3-ACACGACCGTCTGTCA,4
rna+H3K27me3-ACACGACCGTGTTCTA,6
rna+H3K27me3-ACACGACCACATTGGC,1
rna+H3K27me3-ACACGACCTAGGATGA,6
rna+H3K27me3-ACACGACCTATCAGCA,6
rna+H3K27me3-ACACGACCTCCGTCTA,9
rna+H3K27me3-ACACGACCTCTTCACA,4
rna+H3K27me3-ACACGACCTGAAGAGA,4
rna+H3K27me3-ACACGACCTGGAACAA,4
rna+H3K27me3-ACACGACCTGGCTTCA,14
rna+H3K27me3-ACACGACCTGGTGGTA,4
rna+H3K27me3-ACACGACCTTCACGCA,9
rna+H3K27me3-ACACGACCAACTCACC,4
rna+H3K27me3-ACACGACCCAGATCTG,1
rna+H3K27me3-ACACGACCAAGAGATC,5
rna+H3K27me3-ACACGACCAAGGACAC,2
rna+H3K27me3-ACACGACCAATCCGTC,7
rna+H3K27me3-ACACGACCAATGTTGC,4
rna+H3K27me3-ACACGACCACACGACC,3
rna+H3K27me3-ACACGACCACAGATTC,5
rna+H3K27me3-ACACGACCAGATGTAC,7
rna+H3K27me3-ACACGACCAGCACCTC,9
rna+H3K27me3-ACACGACCAGCCATGC,11
rna+H3K27me3-ACACGACCAGGCTAAC,1
rna+H3K27me3-ACACGACCCATCAAGT,1
rna+H3K27me3-ACACGACCATAGCGAC,2
rna+H3K27me3-ACACGACCATCATTCC,1
rna+H3K27me3-ACACGACCATTGGCTC,12
rna+H3K27me3-ACACGACCCAAGGAGC,1
rna+H3K27me3-ACACGACCCACCTTAC,8
rna+H3K27me3-ACACGACCCCATCCTC,5
rna+H3K27me3-ACACGACCCCGACAAC,5
rna+H3K27me3-ACACGACCCCTAATCC,6
rna+H3K27me3-ACACGACCCCTCTATC,6
rna+H3K27me3-ACACGACCCGACACAC,3
rna+H3K27me3-ACACGACCCGCTGATC,1
rna+H3K27me3-ACACGACCCGGATTGC,6
rna+H3K27me3-ACACGACCCTAAGGTC,3
rna+H3K27me3-ACACGACCGAACAGGC,3
rna+H3K27me3-ACACGACCGACAGTGC,3
rna+H3K27me3-ACACGACCGAGTTAGC,3
rna+H3K27me3-ACACGACCGATGAATC,1
rna+H3K27me3-ACACGACCGCCAAGAC,1
rna+H3K27me3-ACACGACCCGGAAGAA,1
rna+H3K27me3-ACACGACCGTGACAAG,1
rna+H3K27me3-ACACGACCGAACCAGA,2
rna+H3K27me3-AATGTTGCAACGTGAT,7
rna+H3K27me3-AATGTTGCACAAGCTA,1
rna+H3K27me3-AATGTTGCTTGCTGGA,3
rna+H3K27me3-AATGTTGCCTGTAGCC,1
rna+H3K27me3-AATGTTGCAGTACAAG,5
rna+H3K27me3-AATGTTGCAACAACCA,2
rna+H3K27me3-AATGTTGCAACCGAGA,1
rna+H3K27me3-AATGTTGCAACGCTTA,1
rna+H3K27me3-AATGTTGCAAGACGGA,2
rna+H3K27me3-AATGTTGCAAGGTACA,6
rna+H3K27me3-AATGTTGCACACAGAA,2
rna+H3K27me3-AATGTTGCACAGCAGA,2
rna+H3K27me3-AATGTTGCAAACATCG,1
rna+H3K27me3-AATGTTGCACCTCCAA,1
rna+H3K27me3-AATGTTGCACGCTCGA,2
rna+H3K27me3-AATGTTGCACGTATCA,8
rna+H3K27me3-AATGTTGCACTATGCA,2
rna+H3K27me3-AATGTTGCAGAGTCAA,3
rna+H3K27me3-AATGTTGCAGATCGCA,1
rna+H3K27me3-AATGTTGCAGCAGGAA,2
rna+H3K27me3-AATGTTGCAGTCACTA,2
rna+H3K27me3-AATGTTGCATCCTGTA,9
rna+H3K27me3-AATGTTGCATTGAGGA,1
rna+H3K27me3-AATGTTGCATGCCTAA,1
rna+H3K27me3-AATGTTGCCAACCACA,2
rna+H3K27me3-AATGTTGCGACTAGTA,2
rna+H3K27me3-AATGTTGCCAATGGAA,2
rna+H3K27me3-AATGTTGCCACTTCGA,13
rna+H3K27me3-AATGTTGCCAGCGTTA,3
rna+H3K27me3-AATGTTGCCATACCAA,5
rna+H3K27me3-AATGTTGCCCAGTTCA,5
rna+H3K27me3-AATGTTGCCCGAAGTA,4
rna+H3K27me3-AATGTTGCCCGTGAGA,4
rna+H3K27me3-AATGTTGCCCTCCTGA,4
rna+H3K27me3-AATGTTGCAGTGGTCA,6
rna+H3K27me3-AATGTTGCCGAACTTA,4
rna+H3K27me3-AATGTTGCCGACTGGA,4
rna+H3K27me3-AATGTTGCCGCATACA,6
rna+H3K27me3-AATGTTGCCTCAATGA,4
rna+H3K27me3-AATGTTGCCTGAGCCA,4
rna+H3K27me3-AATGTTGCCTGGCATA,3
rna+H3K27me3-AATGTTGCGAATCTGA,4
rna+H3K27me3-AATGTTGCCAAGACTA,6
rna+H3K27me3-AATGTTGCGAGCTGAA,4
rna+H3K27me3-AATGTTGCGATAGACA,6
rna+H3K27me3-AATGTTGCACCACTGT,1
rna+H3K27me3-AATGTTGCGCCACATA,6
rna+H3K27me3-AATGTTGCGCGAGTAA,7
rna+H3K27me3-AATGTTGCGCTAACGA,6
rna+H3K27me3-AATGTTGCGCTCGGTA,6
rna+H3K27me3-AATGTTGCGGAGAACA,6
rna+H3K27me3-AATGTTGCGGTGCGAA,6
rna+H3K27me3-AATGTTGCGTACGCAA,6
rna+H3K27me3-AATGTTGCGTCGTAGA,6
rna+H3K27me3-AATGTTGCGTCTGTCA,4
rna+H3K27me3-AATGTTGCGTGTTCTA,9
rna+H3K27me3-AATGTTGCACATTGGC,13
rna+H3K27me3-AATGTTGCTAGGATGA,4
rna+H3K27me3-AATGTTGCTATCAGCA,4
rna+H3K27me3-AATGTTGCTCCGTCTA,4
rna+H3K27me3-AATGTTGCTCTTCACA,6
rna+H3K27me3-AATGTTGCTGAAGAGA,6
rna+H3K27me3-AATGTTGCTGGAACAA,4
rna+H3K27me3-AATGTTGCTGGCTTCA,4
rna+H3K27me3-AATGTTGCTGGTGGTA,4
rna+H3K27me3-AATGTTGCTTCACGCA,4
rna+H3K27me3-AATGTTGCAACTCACC,6
rna+H3K27me3-AATGTTGCCAGATCTG,1
rna+H3K27me3-AATGTTGCAAGAGATC,4
rna+H3K27me3-AATGTTGCAAGGACAC,3
rna+H3K27me3-AATGTTGCAATCCGTC,9
rna+H3K27me3-AATGTTGCAATGTTGC,9
rna+H3K27me3-AATGTTGCACACGACC,11
rna+H3K27me3-AATGTTGCACAGATTC,4
rna+H3K27me3-AATGTTGCAGATGTAC,5
rna+H3K27me3-AATGTTGCAGCACCTC,3
rna+H3K27me3-AATGTTGCAGCCATGC,2
rna+H3K27me3-AATGTTGCAGGCTAAC,2
rna+H3K27me3-AATGTTGCCATCAAGT,1
rna+H3K27me3-AATGTTGCATAGCGAC,2
rna+H3K27me3-AATGTTGCATCATTCC,1
rna+H3K27me3-AATGTTGCATTGGCTC,11
rna+H3K27me3-AATGTTGCCAAGGAGC,1
rna+H3K27me3-AATGTTGCCACCTTAC,7
rna+H3K27me3-AATGTTGCCCATCCTC,5
rna+H3K27me3-AATGTTGCCCGACAAC,3
rna+H3K27me3-AATGTTGCCCTAATCC,3
rna+H3K27me3-AATGTTGCCCTCTATC,3
rna+H3K27me3-AATGTTGCCGACACAC,3
rna+H3K27me3-AATGTTGCCGCTGATC,3
rna+H3K27me3-AATGTTGCCGGATTGC,3
rna+H3K27me3-AATGTTGCCTAAGGTC,3
rna+H3K27me3-AATGTTGCGAACAGGC,6
rna+H3K27me3-AATGTTGCGACAGTGC,6
rna+H3K27me3-AATGTTGCGAGTTAGC,6
rna+H3K27me3-AATGTTGCGATGAATC,5
rna+H3K27me3-AATGTTGCGCCAAGAC,3
rna+H3K27me3-AATGTTGCCGGAAGAA,1
rna+H3K27me3-AATGTTGCGTGACAAG,1
rna+H3K27me3-AATGTTGCGAACCAGA,2
rna+H3K27me3-AATCCGTCAACGTGAT,1
rna+H3K27me3-AATCCGTCACAAGCTA,5
rna+H3K27me3-AATCCGTCTTGCTGGA,1
rna+H3K27me3-AATCCGTCCTGTAGCC,1
rna+H3K27me3-AATCCGTCAGTACAAG,4
rna+H3K27me3-AATCCGTCAACAACCA,1
rna+H3K27me3-AATCCGTCAACCGAGA,5
rna+H3K27me3-AATCCGTCAACGCTTA,2
rna+H3K27me3-AATCCGTCAAGACGGA,5
rna+H3K27me3-AATCCGTCAAGGTACA,5
rna+H3K27me3-AATCCGTCACACAGAA,2
rna+H3K27me3-AATCCGTCACAGCAGA,2
rna+H3K27me3-AATCCGTCAAACATCG,1
rna+H3K27me3-AATCCGTCACCTCCAA,1
rna+H3K27me3-AATCCGTCACGCTCGA,2
rna+H3K27me3-AATCCGTCACGTATCA,4
rna+H3K27me3-AATCCGTCACTATGCA,3
rna+H3K27me3-AATCCGTCAGAGTCAA,10
rna+H3K27me3-AATCCGTCAGATCGCA,2
rna+H3K27me3-AATCCGTCAGCAGGAA,2
rna+H3K27me3-AATCCGTCAGTCACTA,2
rna+H3K27me3-AATCCGTCATCCTGTA,2
rna+H3K27me3-AATCCGTCATTGAGGA,2
rna+H3K27me3-AATCCGTCATGCCTAA,1
rna+H3K27me3-AATCCGTCCAACCACA,4
rna+H3K27me3-AATCCGTCGACTAGTA,2
rna+H3K27me3-AATCCGTCCAATGGAA,5
rna+H3K27me3-AATCCGTCCACTTCGA,9
rna+H3K27me3-AATCCGTCCAGCGTTA,7
rna+H3K27me3-AATCCGTCCATACCAA,6
rna+H3K27me3-AATCCGTCCCAGTTCA,4
rna+H3K27me3-AATCCGTCCCGAAGTA,6
rna+H3K27me3-AATCCGTCCCGTGAGA,4
rna+H3K27me3-AATCCGTCCCTCCTGA,4
rna+H3K27me3-AATCCGTCAGTGGTCA,13
rna+H3K27me3-AATCCGTCCGAACTTA,4
rna+H3K27me3-AATCCGTCCGACTGGA,3
rna+H3K27me3-AATCCGTCCGCATACA,4
rna+H3K27me3-AATCCGTCCTCAATGA,4
rna+H3K27me3-AATCCGTCCTGAGCCA,9
rna+H3K27me3-AATCCGTCCTGGCATA,3
rna+H3K27me3-AATCCGTCGAATCTGA,6
rna+H3K27me3-AATCCGTCCAAGACTA,6
rna+H3K27me3-AATCCGTCGAGCTGAA,6
rna+H3K27me3-AATCCGTCGATAGACA,0
rna+H3K27me3-AATCCGTCACCACTGT,1
rna+H3K27me3-AATCCGTCGCCACATA,0
rna+H3K27me3-AATCCGTCGCGAGTAA,7
rna+H3K27me3-AATCCGTCGCTAACGA,0
rna+H3K27me3-AATCCGTCGCTCGGTA,8
rna+H3K27me3-AATCCGTCGGAGAACA,0
rna+H3K27me3-AATCCGTCGGTGCGAA,0
rna+H3K27me3-AATCCGTCGTACGCAA,0
rna+H3K27me3-AATCCGTCGTCGTAGA,0
rna+H3K27me3-AATCCGTCGTCTGTCA,6
rna+H3K27me3-AATCCGTCGTGTTCTA,6
rna+H3K27me3-AATCCGTCACATTGGC,1
rna+H3K27me3-AATCCGTCTAGGATGA,6
rna+H3K27me3-AATCCGTCTATCAGCA,6
rna+H3K27me3-AATCCGTCTCCGTCTA,6
rna+H3K27me3-AATCCGTCTCTTCACA,6
rna+H3K27me3-AATCCGTCTGAAGAGA,4
rna+H3K27me3-AATCCGTCTGGAACAA,4
rna+H3K27me3-AATCCGTCTGGCTTCA,4
rna+H3K27me3-AATCCGTCTGGTGGTA,11
rna+H3K27me3-AATCCGTCTTCACGCA,4
rna+H3K27me3-AATCCGTCAACTCACC,3
rna+H3K27me3-AATCCGTCCAGATCTG,2
rna+H3K27me3-AATCCGTCAAGAGATC,4
rna+H3K27me3-AATCCGTCAAGGACAC,5
rna+H3K27me3-AATCCGTCAATCCGTC,4
rna+H3K27me3-AATCCGTCAATGTTGC,5
rna+H3K27me3-AATCCGTCACACGACC,2
rna+H3K27me3-AATCCGTCACAGATTC,2
rna+H3K27me3-AATCCGTCAGATGTAC,6
rna+H3K27me3-AATCCGTCAGCACCTC,5
rna+H3K27me3-AATCCGTCAGCCATGC,7
rna+H3K27me3-AATCCGTCAGGCTAAC,3
rna+H3K27me3-AATCCGTCCATCAAGT,1
rna+H3K27me3-AATCCGTCATAGCGAC,2
rna+H3K27me3-AATCCGTCATCATTCC,2
rna+H3K27me3-AATCCGTCATTGGCTC,1
rna+H3K27me3-AATCCGTCCAAGGAGC,1
rna+H3K27me3-AATCCGTCCACCTTAC,5
rna+H3K27me3-AATCCGTCCCATCCTC,6
rna+H3K27me3-AATCCGTCCCGACAAC,6
rna+H3K27me3-AATCCGTCCCTAATCC,6
rna+H3K27me3-AATCCGTCCCTCTATC,3
rna+H3K27me3-AATCCGTCCGACACAC,3
rna+H3K27me3-AATCCGTCCGCTGATC,2
rna+H3K27me3-AATCCGTCCGGATTGC,3
rna+H3K27me3-AATCCGTCCTAAGGTC,6
rna+H3K27me3-AATCCGTCGAACAGGC,3
rna+H3K27me3-AATCCGTCGACAGTGC,6
rna+H3K27me3-AATCCGTCGAGTTAGC,13
rna+H3K27me3-AATCCGTCGATGAATC,6
rna+H3K27me3-AATCCGTCGCCAAGAC,1
rna+H3K27me3-AATCCGTCCGGAAGAA,1
rna+H3K27me3-AATCCGTCGTGACAAG,1
rna+H3K27me3-AATCCGTCGAACCAGA,1
rna+H3K27me3-GAACCAGAACAAGCTA,12
rna+H3K27me3-GAACCAGATTGCTGGA,2
rna+H3K27me3-GAACCAGACTGTAGCC,3
rna+H3K27me3-GAACCAGAAGTACAAG,6
rna+H3K27me3-GAACCAGAAACAACCA,9
rna+H3K27me3-GAACCAGAAACCGAGA,1
rna+H3K27me3-GAACCAGAAACGCTTA,6
rna+H3K27me3-GAACCAGAAAGACGGA,3
rna+H3K27me3-GAACCAGAAAGGTACA,1
rna+H3K27me3-GAACCAGAACACAGAA,7
rna+H3K27me3-GAACCAGAACAGCAGA,1
rna+H3K27me3-GAACCAGAACCTCCAA,1
rna+H3K27me3-GAACCAGAACGCTCGA,1
rna+H3K27me3-GAACCAGAACGTATCA,2
rna+H3K27me3-GAACCAGAACTATGCA,1
rna+H3K27me3-GAACCAGAAGAGTCAA,1
rna+H3K27me3-GAACCAGAAGATCGCA,7
rna+H3K27me3-GAACCAGAAGCAGGAA,5
rna+H3K27me3-GAACCAGAAGTCACTA,10
rna+H3K27me3-GAACCAGAATCCTGTA,1
rna+H3K27me3-GAACCAGAATTGAGGA,1
rna+H3K27me3-GAACCAGACAACCACA,1
rna+H3K27me3-GAACCAGAGACTAGTA,1
rna+H3K27me3-GAACCAGACAATGGAA,1
rna+H3K27me3-GAACCAGACACTTCGA,1
rna+H3K27me3-GAACCAGACAGCGTTA,7
rna+H3K27me3-GAACCAGACATACCAA,1
rna+H3K27me3-GAACCAGACCAGTTCA,3
rna+H3K27me3-GAACCAGACCGAAGTA,1
rna+H3K27me3-GAACCAGACCGTGAGA,1
rna+H3K27me3-GAACCAGACCTCCTGA,1
rna+H3K27me3-GAACCAGACGAACTTA,1
rna+H3K27me3-GAACCAGACGACTGGA,4
rna+H3K27me3-GAACCAGACGCATACA,7
rna+H3K27me3-GAACCAGACTCAATGA,1
rna+H3K27me3-GAACCAGACTGAGCCA,9
rna+H3K27me3-GAACCAGACTGGCATA,7
rna+H3K27me3-GAACCAGAGAATCTGA,5
rna+H3K27me3-GAACCAGACAAGACTA,1
rna+H3K27me3-GAACCAGAGAGCTGAA,13
rna+H3K27me3-GAACCAGAGATAGACA,1
rna+H3K27me3-GAACCAGAGCCACATA,2
rna+H3K27me3-GAACCAGAGCGAGTAA,5
rna+H3K27me3-GAACCAGAGCTAACGA,5
rna+H3K27me3-GAACCAGAGCTCGGTA,10
rna+H3K27me3-GAACCAGAGGAGAACA,4
rna+H3K27me3-GAACCAGAGGTGCGAA,3
rna+H3K27me3-GAACCAGAGTACGCAA,4
rna+H3K27me3-GAACCAGAGTCGTAGA,1
rna+H3K27me3-GAACCAGAGTCTGTCA,6
rna+H3K27me3-GAACCAGAGTGTTCTA,2
rna+H3K27me3-GAACCAGATAGGATGA,13
rna+H3K27me3-GAACCAGATATCAGCA,5
rna+H3K27me3-GAACCAGATCCGTCTA,2
rna+H3K27me3-GAACCAGATCTTCACA,1
rna+H3K27me3-GAACCAGATGAAGAGA,2
rna+H3K27me3-GAACCAGATGGAACAA,2
rna+H3K27me3-GAACCAGATGGCTTCA,2
rna+H3K27me3-GAACCAGATGGTGGTA,2
rna+H3K27me3-GAACCAGATTCACGCA,1
rna+H3K27me3-GAACCAGAAACTCACC,5
rna+H3K27me3-GAACCAGACAGATCTG,3
rna+H3K27me3-GAACCAGAAAGAGATC,1
rna+H3K27me3-GAACCAGAAAGGACAC,4
rna+H3K27me3-GAACCAGAAATCCGTC,2
rna+H3K27me3-GAACCAGAAATGTTGC,2
rna+H3K27me3-GAACCAGAACACGACC,12
rna+H3K27me3-GAACCAGAACAGATTC,1
rna+H3K27me3-GAACCAGAAGATGTAC,6
rna+H3K27me3-GAACCAGAAGCACCTC,1
rna+H3K27me3-GAACCAGAAGCCATGC,2
rna+H3K27me3-GAACCAGAAGGCTAAC,5
rna+H3K27me3-GAACCAGACATCAAGT,5
rna+H3K27me3-GAACCAGAATAGCGAC,1
rna+H3K27me3-GAACCAGAATCATTCC,2
rna+H3K27me3-GAACCAGAATTGGCTC,1
rna+H3K27me3-GAACCAGACAAGGAGC,1
rna+H3K27me3-GAACCAGACACCTTAC,1
rna+H3K27me3-GAACCAGACCATCCTC,1
rna+H3K27me3-GAACCAGACCGACAAC,3
rna+H3K27me3-GAACCAGACCTAATCC,5
rna+H3K27me3-GAACCAGACCTCTATC,6
rna+H3K27me3-GAACCAGACGACACAC,6
rna+H3K27me3-GAACCAGACGCTGATC,1
rna+H3K27me3-GAACCAGACGGATTGC,0
rna+H3K27me3-GAACCAGACTAAGGTC,3
rna+H3K27me3-GAACCAGAGAACAGGC,5
rna+H3K27me3-GAACCAGAGACAGTGC,1
rna+H3K27me3-GAACCAGAGAGTTAGC,1
rna+H3K27me3-GAACCAGAGATGAATC,8
rna+H3K27me3-GAACCAGAGCCAAGAC,2
rna+H3K27me3-GAACCAGACGGAAGAA,1
rna+H3K27me3-GAACCAGAGTGACAAG,2
rna+H3K27me3-GAACCAGAGAACCAGA,4
rna+H3K27me3-AAGGACACAACGTGAT,7
rna+H3K27me3-AAGGACACACAAGCTA,1
rna+H3K27me3-AAGGACACTTGCTGGA,3
rna+H3K27me3-AAGGACACCTGTAGCC,2
rna+H3K27me3-AAGGACACAGTACAAG,3
rna+H3K27me3-AAGGACACAACAACCA,3
rna+H3K27me3-AAGGACACAACCGAGA,10
rna+H3K27me3-AAGGACACAACGCTTA,2
rna+H3K27me3-AAGGACACAAGACGGA,1
rna+H3K27me3-AAGGACACAAGGTACA,2
rna+H3K27me3-AAGGACACACACAGAA,2
rna+H3K27me3-AAGGACACACAGCAGA,2
rna+H3K27me3-AAGGACACAAACATCG,1
rna+H3K27me3-AAGGACACACCTCCAA,1
rna+H3K27me3-AAGGACACACGCTCGA,4
rna+H3K27me3-AAGGACACACGTATCA,3
rna+H3K27me3-AAGGACACACTATGCA,2
rna+H3K27me3-AAGGACACAGAGTCAA,2
rna+H3K27me3-AAGGACACAGATCGCA,5
rna+H3K27me3-AAGGACACAGCAGGAA,2
rna+H3K27me3-AAGGACACAGTCACTA,7
rna+H3K27me3-AAGGACACATCCTGTA,8
rna+H3K27me3-AAGGACACATTGAGGA,5
rna+H3K27me3-AAGGACACATGCCTAA,1
rna+H3K27me3-AAGGACACCAACCACA,2
rna+H3K27me3-AAGGACACGACTAGTA,2
rna+H3K27me3-AAGGACACCAATGGAA,2
rna+H3K27me3-AAGGACACCACTTCGA,4
rna+H3K27me3-AAGGACACCAGCGTTA,9
rna+H3K27me3-AAGGACACCATACCAA,4
rna+H3K27me3-AAGGACACCCAGTTCA,5
rna+H3K27me3-AAGGACACCCGAAGTA,4
rna+H3K27me3-AAGGACACCCGTGAGA,5
rna+H3K27me3-AAGGACACCCTCCTGA,7
rna+H3K27me3-AAGGACACAGTGGTCA,1
rna+H3K27me3-AAGGACACCGAACTTA,4
rna+H3K27me3-AAGGACACCGACTGGA,4
rna+H3K27me3-AAGGACACCGCATACA,5
rna+H3K27me3-AAGGACACCTCAATGA,0
rna+H3K27me3-AAGGACACCTGAGCCA,0
rna+H3K27me3-AAGGACACCTGGCATA,0
rna+H3K27me3-AAGGACACGAATCTGA,0
rna+H3K27me3-AAGGACACCAAGACTA,0
rna+H3K27me3-AAGGACACGAGCTGAA,0
rna+H3K27me3-AAGGACACGATAGACA,0
rna+H3K27me3-AAGGACACACCACTGT,3
rna+H3K27me3-AAGGACACGCCACATA,0
rna+H3K27me3-AAGGACACGCGAGTAA,0
rna+H3K27me3-AAGGACACGCTAACGA,0
rna+H3K27me3-AAGGACACGCTCGGTA,0
rna+H3K27me3-AAGGACACGGAGAACA,8
rna+H3K27me3-AAGGACACGGTGCGAA,0
rna+H3K27me3-AAGGACACGTACGCAA,0
rna+H3K27me3-AAGGACACGTCGTAGA,0
rna+H3K27me3-AAGGACACGTCTGTCA,0
rna+H3K27me3-AAGGACACGTGTTCTA,6
rna+H3K27me3-AAGGACACACATTGGC,1
rna+H3K27me3-AAGGACACTAGGATGA,6
rna+H3K27me3-AAGGACACTATCAGCA,6
rna+H3K27me3-AAGGACACTCCGTCTA,6
rna+H3K27me3-AAGGACACTCTTCACA,6
rna+H3K27me3-AAGGACACTGAAGAGA,6
rna+H3K27me3-AAGGACACTGGAACAA,6
rna+H3K27me3-AAGGACACTGGCTTCA,4
rna+H3K27me3-AAGGACACTGGTGGTA,4
rna+H3K27me3-AAGGACACTTCACGCA,3
rna+H3K27me3-AAGGACACAACTCACC,4
rna+H3K27me3-AAGGACACCAGATCTG,4
rna+H3K27me3-AAGGACACAAGAGATC,9
rna+H3K27me3-AAGGACACAAGGACAC,9
rna+H3K27me3-AAGGACACAATCCGTC,4
rna+H3K27me3-AAGGACACAATGTTGC,4
rna+H3K27me3-AAGGACACACACGACC,6
rna+H3K27me3-AAGGACACACAGATTC,2
rna+H3K27me3-AAGGACACAGATGTAC,2
rna+H3K27me3-AAGGACACAGCACCTC,10
rna+H3K27me3-AAGGACACAGCCATGC,7
rna+H3K27me3-AAGGACACAGGCTAAC,1
rna+H3K27me3-AAGGACACCATCAAGT,1
rna+H3K27me3-AAGGACACATAGCGAC,1
rna+H3K27me3-AAGGACACATCATTCC,1
rna+H3K27me3-AAGGACACATTGGCTC,1
rna+H3K27me3-AAGGACACCAAGGAGC,1
rna+H3K27me3-AAGGACACCACCTTAC,12
rna+H3K27me3-AAGGACACCCATCCTC,3
rna+H3K27me3-AAGGACACCCGACAAC,7
rna+H3K27me3-AAGGACACCCTAATCC,6
rna+H3K27me3-AAGGACACCCTCTATC,6
rna+H3K27me3-AAGGACACCGACACAC,3
rna+H3K27me3-AAGGACACCGCTGATC,7
rna+H3K27me3-AAGGACACCGGATTGC,3
rna+H3K27me3-AAGGACACCTAAGGTC,3
rna+H3K27me3-AAGGACACGAACAGGC,10
rna+H3K27me3-AAGGACACGACAGTGC,6
rna+H3K27me3-AAGGACACGAGTTAGC,5
rna+H3K27me3-AAGGACACGATGAATC,10
rna+H3K27me3-AAGGACACGCCAAGAC,3
rna+H3K27me3-AAGGACACCGGAAGAA,1
rna+H3K27me3-AAGGACACGTGACAAG,1
rna+H3K27me3-AAGGACACGAACCAGA,2
rna+H3K27me3-AAGAGATCAACGTGAT,1
rna+H3K27me3-AAGAGATCACAAGCTA,1
rna+H3K27me3-AAGAGATCTTGCTGGA,2
rna+H3K27me3-AAGAGATCCTGTAGCC,6
rna+H3K27me3-AAGAGATCAGTACAAG,12
rna+H3K27me3-AAGAGATCAACAACCA,2
rna+H3K27me3-AAGAGATCAACCGAGA,2
rna+H3K27me3-AAGAGATCAACGCTTA,3
rna+H3K27me3-AAGAGATCAAGACGGA,2
rna+H3K27me3-AAGAGATCAAGGTACA,10
rna+H3K27me3-AAGAGATCACACAGAA,1
rna+H3K27me3-AAGAGATCACAGCAGA,2
rna+H3K27me3-AAGAGATCAAACATCG,1
rna+H3K27me3-AAGAGATCACCTCCAA,5
rna+H3K27me3-AAGAGATCACGCTCGA,2
rna+H3K27me3-AAGAGATCACGTATCA,3
rna+H3K27me3-AAGAGATCACTATGCA,2
rna+H3K27me3-AAGAGATCAGAGTCAA,2
rna+H3K27me3-AAGAGATCAGATCGCA,2
rna+H3K27me3-AAGAGATCAGCAGGAA,2
rna+H3K27me3-AAGAGATCAGTCACTA,4
rna+H3K27me3-AAGAGATCATCCTGTA,2
rna+H3K27me3-AAGAGATCATTGAGGA,2
rna+H3K27me3-AAGAGATCATGCCTAA,1
rna+H3K27me3-AAGAGATCCAACCACA,3
rna+H3K27me3-AAGAGATCGACTAGTA,12
rna+H3K27me3-AAGAGATCCAATGGAA,13
rna+H3K27me3-AAGAGATCCACTTCGA,8
rna+H3K27me3-AAGAGATCCAGCGTTA,3
rna+H3K27me3-AAGAGATCCATACCAA,4
rna+H3K27me3-AAGAGATCCCAGTTCA,6
rna+H3K27me3-AAGAGATCCCGAAGTA,0
rna+H3K27me3-AAGAGATCCCGTGAGA,4
rna+H3K27me3-AAGAGATCCCTCCTGA,4
rna+H3K27me3-AAGAGATCAGTGGTCA,1
rna+H3K27me3-AAGAGATCCGAACTTA,11
rna+H3K27me3-AAGAGATCCGACTGGA,5
rna+H3K27me3-AAGAGATCCGCATACA,0
rna+H3K27me3-AAGAGATCCTCAATGA,0
rna+H3K27me3-AAGAGATCCTGAGCCA,0
rna+H3K27me3-AAGAGATCCTGGCATA,3
rna+H3K27me3-AAGAGATCGAATCTGA,0
rna+H3K27me3-AAGAGATCCAAGACTA,3
rna+H3K27me3-AAGAGATCGAGCTGAA,0
rna+H3K27me3-AAGAGATCGATAGACA,0
rna+H3K27me3-AAGAGATCACCACTGT,1
rna+H3K27me3-AAGAGATCGCCACATA,4
rna+H3K27me3-AAGAGATCGCGAGTAA,0
rna+H3K27me3-AAGAGATCGCTAACGA,11
rna+H3K27me3-AAGAGATCGCTCGGTA,6
rna+H3K27me3-AAGAGATCGGAGAACA,12
rna+H3K27me3-AAGAGATCGGTGCGAA,6
rna+H3K27me3-AAGAGATCGTACGCAA,0
rna+H3K27me3-AAGAGATCGTCGTAGA,0
rna+H3K27me3-AAGAGATCGTCTGTCA,14
rna+H3K27me3-AAGAGATCGTGTTCTA,5
rna+H3K27me3-AAGAGATCACATTGGC,1
rna+H3K27me3-AAGAGATCTAGGATGA,6
rna+H3K27me3-AAGAGATCTATCAGCA,6
rna+H3K27me3-AAGAGATCTCCGTCTA,6
rna+H3K27me3-AAGAGATCTCTTCACA,6
rna+H3K27me3-AAGAGATCTGAAGAGA,6
rna+H3K27me3-AAGAGATCTGGAACAA,6
rna+H3K27me3-AAGAGATCTGGCTTCA,7
rna+H3K27me3-AAGAGATCTGGTGGTA,4
rna+H3K27me3-AAGAGATCTTCACGCA,6
rna+H3K27me3-AAGAGATCAACTCACC,4
rna+H3K27me3-AAGAGATCCAGATCTG,4
rna+H3K27me3-AAGAGATCAAGAGATC,4
rna+H3K27me3-AAGAGATCAAGGACAC,4
rna+H3K27me3-AAGAGATCAATCCGTC,9
rna+H3K27me3-AAGAGATCAATGTTGC,4
rna+H3K27me3-AAGAGATCACACGACC,6
rna+H3K27me3-AAGAGATCACAGATTC,4
rna+H3K27me3-AAGAGATCAGATGTAC,2
rna+H3K27me3-AAGAGATCAGCACCTC,2
rna+H3K27me3-AAGAGATCAGCCATGC,2
rna+H3K27me3-AAGAGATCAGGCTAAC,6
rna+H3K27me3-AAGAGATCCATCAAGT,2
rna+H3K27me3-AAGAGATCATAGCGAC,6
rna+H3K27me3-AAGAGATCATCATTCC,1
rna+H3K27me3-AAGAGATCATTGGCTC,8
rna+H3K27me3-AAGAGATCCAAGGAGC,1
rna+H3K27me3-AAGAGATCCACCTTAC,7
rna+H3K27me3-AAGAGATCCCATCCTC,6
rna+H3K27me3-AAGAGATCCCGACAAC,5
rna+H3K27me3-AAGAGATCCCTAATCC,3
rna+H3K27me3-AAGAGATCCCTCTATC,3
rna+H3K27me3-AAGAGATCCGACACAC,3
rna+H3K27me3-AAGAGATCCGCTGATC,3
rna+H3K27me3-AAGAGATCCGGATTGC,3
rna+H3K27me3-AAGAGATCCTAAGGTC,3
rna+H3K27me3-AAGAGATCGAACAGGC,5
rna+H3K27me3-AAGAGATCGACAGTGC,5
rna+H3K27me3-AAGAGATCGAGTTAGC,6
rna+H3K27me3-AAGAGATCGATGAATC,6
rna+H3K27me3-AAGAGATCGCCAAGAC,5
rna+H3K27me3-AAGAGATCCGGAAGAA,1
rna+H3K27me3-AAGAGATCGTGACAAG,10
rna+H3K27me3-AAGAGATCGAACCAGA,7
rna+H3K27me3-AACTCACCAACGTGAT,1
rna+H3K27me3-AACTCACCACAAGCTA,1
rna+H3K27me3-AACTCACCTTGCTGGA,5
rna+H3K27me3-AACTCACCCTGTAGCC,1
rna+H3K27me3-AACTCACCAGTACAAG,1
rna+H3K27me3-AACTCACCAACAACCA,5
rna+H3K27me3-AACTCACCAACCGAGA,1
rna+H3K27me3-AACTCACCAACGCTTA,2
rna+H3K27me3-AACTCACCAAGACGGA,2
rna+H3K27me3-AACTCACCAAGGTACA,1
rna+H3K27me3-AACTCACCACACAGAA,2
rna+H3K27me3-AACTCACCACAGCAGA,2
rna+H3K27me3-AACTCACCAAACATCG,1
rna+H3K27me3-AACTCACCACCTCCAA,2
rna+H3K27me3-AACTCACCACGCTCGA,4
rna+H3K27me3-AACTCACCACGTATCA,2
rna+H3K27me3-AACTCACCACTATGCA,11
rna+H3K27me3-AACTCACCAGAGTCAA,12
rna+H3K27me3-AACTCACCAGATCGCA,2
rna+H3K27me3-AACTCACCAGCAGGAA,5
rna+H3K27me3-AACTCACCAGTCACTA,2
rna+H3K27me3-AACTCACCATCCTGTA,2
rna+H3K27me3-AACTCACCATTGAGGA,2
rna+H3K27me3-AACTCACCATGCCTAA,1
rna+H3K27me3-AACTCACCCAACCACA,10
rna+H3K27me3-AACTCACCGACTAGTA,4
rna+H3K27me3-AACTCACCCAATGGAA,3
rna+H3K27me3-AACTCACCCACTTCGA,4
rna+H3K27me3-AACTCACCCAGCGTTA,4
rna+H3K27me3-AACTCACCCATACCAA,7
rna+H3K27me3-AACTCACCCCAGTTCA,4
rna+H3K27me3-AACTCACCCCGAAGTA,0
rna+H3K27me3-AACTCACCCCGTGAGA,0
rna+H3K27me3-AACTCACCCCTCCTGA,0
rna+H3K27me3-AACTCACCAGTGGTCA,13
rna+H3K27me3-AACTCACCCGAACTTA,5
rna+H3K27me3-AACTCACCCGACTGGA,0
rna+H3K27me3-AACTCACCCGCATACA,0
rna+H3K27me3-AACTCACCCTCAATGA,0
rna+H3K27me3-AACTCACCCTGAGCCA,0
rna+H3K27me3-AACTCACCCTGGCATA,0
rna+H3K27me3-AACTCACCGAATCTGA,7
rna+H3K27me3-AACTCACCCAAGACTA,0
rna+H3K27me3-AACTCACCGAGCTGAA,0
rna+H3K27me3-AACTCACCGATAGACA,0
rna+H3K27me3-AACTCACCACCACTGT,1
rna+H3K27me3-AACTCACCGCCACATA,0
rna+H3K27me3-AACTCACCGCGAGTAA,0
rna+H3K27me3-AACTCACCGCTAACGA,0
rna+H3K27me3-AACTCACCGCTCGGTA,4
rna+H3K27me3-AACTCACCGGAGAACA,9
rna+H3K27me3-AACTCACCGGTGCGAA,6
rna+H3K27me3-AACTCACCGTACGCAA,0
rna+H3K27me3-AACTCACCGTCGTAGA,5
rna+H3K27me3-AACTCACCGTCTGTCA,4
rna+H3K27me3-AACTCACCGTGTTCTA,0
rna+H3K27me3-AACTCACCACATTGGC,5
rna+H3K27me3-AACTCACCTAGGATGA,0
rna+H3K27me3-AACTCACCTATCAGCA,3
rna+H3K27me3-AACTCACCTCCGTCTA,6
rna+H3K27me3-AACTCACCTCTTCACA,6
rna+H3K27me3-AACTCACCTGAAGAGA,6
rna+H3K27me3-AACTCACCTGGAACAA,6
rna+H3K27me3-AACTCACCTGGCTTCA,6
rna+H3K27me3-AACTCACCTGGTGGTA,6
rna+H3K27me3-AACTCACCTTCACGCA,4
rna+H3K27me3-AACTCACCAACTCACC,6
rna+H3K27me3-AACTCACCCAGATCTG,3
rna+H3K27me3-AACTCACCAAGAGATC,4
rna+H3K27me3-AACTCACCAAGGACAC,4
rna+H3K27me3-AACTCACCAATCCGTC,4
rna+H3K27me3-AACTCACCAATGTTGC,6
rna+H3K27me3-AACTCACCACACGACC,4
rna+H3K27me3-AACTCACCACAGATTC,4
rna+H3K27me3-AACTCACCAGATGTAC,4
rna+H3K27me3-AACTCACCAGCACCTC,7
rna+H3K27me3-AACTCACCAGCCATGC,2
rna+H3K27me3-AACTCACCAGGCTAAC,6
rna+H3K27me3-AACTCACCCATCAAGT,3
rna+H3K27me3-AACTCACCATAGCGAC,10
rna+H3K27me3-AACTCACCATCATTCC,1
rna+H3K27me3-AACTCACCATTGGCTC,7
rna+H3K27me3-AACTCACCCAAGGAGC,3
rna+H3K27me3-AACTCACCCACCTTAC,6
rna+H3K27me3-AACTCACCCCATCCTC,6
rna+H3K27me3-AACTCACCCCGACAAC,6
rna+H3K27me3-AACTCACCCCTAATCC,6
rna+H3K27me3-AACTCACCCCTCTATC,6
rna+H3K27me3-AACTCACCCGACACAC,3
rna+H3K27me3-AACTCACCCGCTGATC,2
rna+H3K27me3-AACTCACCCGGATTGC,3
rna+H3K27me3-AACTCACCCTAAGGTC,3
rna+H3K27me3-AACTCACCGAACAGGC,3
rna+H3K27me3-AACTCACCGACAGTGC,6
rna+H3K27me3-AACTCACCGAGTTAGC,3
rna+H3K27me3-AACTCACCGATGAATC,5
rna+H3K27me3-AACTCACCGCCAAGAC,4
rna+H3K27me3-AACTCACCCGGAAGAA,5
rna+H3K27me3-AACTCACCGTGACAAG,2
rna+H3K27me3-AACTCACCGAACCAGA,13
rna+H3K27me3-TTCACGCAAACGTGAT,1
rna+H3K27me3-TTCACGCAACAAGCTA,3
rna+H3K27me3-TTCACGCATTGCTGGA,1
rna+H3K27me3-TTCACGCACTGTAGCC,1
rna+H3K27me3-TTCACGCAAGTACAAG,1
rna+H3K27me3-TTCACGCAAACAACCA,1
rna+H3K27me3-TTCACGCAAACCGAGA,7
rna+H3K27me3-TTCACGCAAACGCTTA,2
rna+H3K27me3-TTCACGCAAAGACGGA,2
rna+H3K27me3-TTCACGCAAAGGTACA,2
rna+H3K27me3-TTCACGCAACACAGAA,3
rna+H3K27me3-TTCACGCAACAGCAGA,2
rna+H3K27me3-TTCACGCAAAACATCG,1
rna+H3K27me3-TTCACGCAACCTCCAA,3
rna+H3K27me3-TTCACGCAACGCTCGA,2
rna+H3K27me3-TTCACGCAACGTATCA,7
rna+H3K27me3-TTCACGCAACTATGCA,12
rna+H3K27me3-TTCACGCAAGAGTCAA,2
rna+H3K27me3-TTCACGCAAGATCGCA,2
rna+H3K27me3-TTCACGCAAGCAGGAA,1
rna+H3K27me3-TTCACGCAAGTCACTA,4
rna+H3K27me3-TTCACGCAATCCTGTA,7
rna+H3K27me3-TTCACGCAATTGAGGA,9
rna+H3K27me3-TTCACGCAATGCCTAA,1
rna+H3K27me3-TTCACGCACAACCACA,5
rna+H3K27me3-TTCACGCAGACTAGTA,2
rna+H3K27me3-TTCACGCACAATGGAA,4
rna+H3K27me3-TTCACGCACACTTCGA,4
rna+H3K27me3-TTCACGCACAGCGTTA,4
rna+H3K27me3-TTCACGCACATACCAA,6
rna+H3K27me3-TTCACGCACCAGTTCA,6
rna+H3K27me3-TTCACGCACCGAAGTA,0
rna+H3K27me3-TTCACGCACCGTGAGA,0
rna+H3K27me3-TTCACGCACCTCCTGA,0
rna+H3K27me3-TTCACGCAAGTGGTCA,1
rna+H3K27me3-TTCACGCACGAACTTA,5
rna+H3K27me3-TTCACGCACGACTGGA,5
rna+H3K27me3-TTCACGCACGCATACA,0
rna+H3K27me3-TTCACGCACTCAATGA,0
rna+H3K27me3-TTCACGCACTGAGCCA,7
rna+H3K27me3-TTCACGCACTGGCATA,8
rna+H3K27me3-TTCACGCAGAATCTGA,7
rna+H3K27me3-TTCACGCACAAGACTA,6
rna+H3K27me3-TTCACGCAGAGCTGAA,0
rna+H3K27me3-TTCACGCAGATAGACA,0
rna+H3K27me3-TTCACGCAACCACTGT,1
rna+H3K27me3-TTCACGCAGCCACATA,0
rna+H3K27me3-TTCACGCAGCGAGTAA,0
rna+H3K27me3-TTCACGCAGCTAACGA,14
rna+H3K27me3-TTCACGCAGCTCGGTA,0
rna+H3K27me3-TTCACGCAGGAGAACA,11
rna+H3K27me3-TTCACGCAGGTGCGAA,14
rna+H3K27me3-TTCACGCAGTACGCAA,0
rna+H3K27me3-TTCACGCAGTCGTAGA,4
rna+H3K27me3-TTCACGCAGTCTGTCA,12
rna+H3K27me3-TTCACGCAGTGTTCTA,4
rna+H3K27me3-TTCACGCAACATTGGC,4
rna+H3K27me3-TTCACGCATAGGATGA,4
rna+H3K27me3-TTCACGCATATCAGCA,9
rna+H3K27me3-TTCACGCATCCGTCTA,0
rna+H3K27me3-TTCACGCATCTTCACA,0
rna+H3K27me3-TTCACGCATGAAGAGA,0
rna+H3K27me3-TTCACGCATGGAACAA,6
rna+H3K27me3-TTCACGCATGGCTTCA,6
rna+H3K27me3-TTCACGCATGGTGGTA,6
rna+H3K27me3-TTCACGCATTCACGCA,4
rna+H3K27me3-TTCACGCAAACTCACC,4
rna+H3K27me3-TTCACGCACAGATCTG,1
rna+H3K27me3-TTCACGCAAAGAGATC,3
rna+H3K27me3-TTCACGCAAAGGACAC,4
rna+H3K27me3-TTCACGCAAATCCGTC,4
rna+H3K27me3-TTCACGCAAATGTTGC,4
rna+H3K27me3-TTCACGCAACACGACC,6
rna+H3K27me3-TTCACGCAACAGATTC,4
rna+H3K27me3-TTCACGCAAGATGTAC,4
rna+H3K27me3-TTCACGCAAGCACCTC,4
rna+H3K27me3-TTCACGCAAGCCATGC,6
rna+H3K27me3-TTCACGCAAGGCTAAC,6
rna+H3K27me3-TTCACGCACATCAAGT,1
rna+H3K27me3-TTCACGCAATAGCGAC,1
rna+H3K27me3-TTCACGCAATCATTCC,1
rna+H3K27me3-TTCACGCAATTGGCTC,1
rna+H3K27me3-TTCACGCACAAGGAGC,2
rna+H3K27me3-TTCACGCACACCTTAC,6
rna+H3K27me3-TTCACGCACCATCCTC,6
rna+H3K27me3-TTCACGCACCGACAAC,6
rna+H3K27me3-TTCACGCACCTAATCC,6
rna+H3K27me3-TTCACGCACCTCTATC,3
rna+H3K27me3-TTCACGCACGACACAC,6
rna+H3K27me3-TTCACGCACGCTGATC,4
rna+H3K27me3-TTCACGCACGGATTGC,3
rna+H3K27me3-TTCACGCACTAAGGTC,3
rna+H3K27me3-TTCACGCAGAACAGGC,3
rna+H3K27me3-TTCACGCAGACAGTGC,6
rna+H3K27me3-TTCACGCAGAGTTAGC,3
rna+H3K27me3-TTCACGCAGATGAATC,6
rna+H3K27me3-TTCACGCAGCCAAGAC,1
rna+H3K27me3-TTCACGCACGGAAGAA,7
rna+H3K27me3-TTCACGCAGTGACAAG,10
rna+H3K27me3-TTCACGCAGAACCAGA,10
rna+H3K27me3-TGGTGGTAAACGTGAT,1
rna+H3K27me3-TGGTGGTAACAAGCTA,4
rna+H3K27me3-TGGTGGTATTGCTGGA,4
rna+H3K27me3-TGGTGGTACTGTAGCC,2
rna+H3K27me3-TGGTGGTAAGTACAAG,5
rna+H3K27me3-TGGTGGTAAACAACCA,2
rna+H3K27me3-TGGTGGTAAACCGAGA,5
rna+H3K27me3-TGGTGGTAAACGCTTA,13
rna+H3K27me3-TGGTGGTAAAGACGGA,1
rna+H3K27me3-TGGTGGTAAAGGTACA,1
rna+H3K27me3-TGGTGGTAACACAGAA,2
rna+H3K27me3-TGGTGGTAACAGCAGA,3
rna+H3K27me3-TGGTGGTAAAACATCG,1
rna+H3K27me3-TGGTGGTAACCTCCAA,1
rna+H3K27me3-TGGTGGTAACGCTCGA,2
rna+H3K27me3-TGGTGGTAACGTATCA,2
rna+H3K27me3-TGGTGGTAACTATGCA,2
rna+H3K27me3-TGGTGGTAAGAGTCAA,5
rna+H3K27me3-TGGTGGTAAGATCGCA,2
rna+H3K27me3-TGGTGGTAAGCAGGAA,2
rna+H3K27me3-TGGTGGTAAGTCACTA,2
rna+H3K27me3-TGGTGGTAATCCTGTA,4
rna+H3K27me3-TGGTGGTAATTGAGGA,5
rna+H3K27me3-TGGTGGTAATGCCTAA,1
rna+H3K27me3-TGGTGGTACAACCACA,6
rna+H3K27me3-TGGTGGTAGACTAGTA,4
rna+H3K27me3-TGGTGGTACAATGGAA,4
rna+H3K27me3-TGGTGGTACACTTCGA,4
rna+H3K27me3-TGGTGGTACAGCGTTA,5
rna+H3K27me3-TGGTGGTACATACCAA,0
rna+H3K27me3-TGGTGGTACCAGTTCA,4
rna+H3K27me3-TGGTGGTACCGAAGTA,0
rna+H3K27me3-TGGTGGTACCGTGAGA,4
rna+H3K27me3-TGGTGGTACCTCCTGA,0
rna+H3K27me3-TGGTGGTAAGTGGTCA,7
rna+H3K27me3-TGGTGGTACGAACTTA,4
rna+H3K27me3-TGGTGGTACGACTGGA,8
rna+H3K27me3-TGGTGGTACGCATACA,0
rna+H3K27me3-TGGTGGTACTCAATGA,10
rna+H3K27me3-TGGTGGTACTGAGCCA,0
rna+H3K27me3-TGGTGGTACTGGCATA,0
rna+H3K27me3-TGGTGGTAGAATCTGA,3
rna+H3K27me3-TGGTGGTACAAGACTA,0
rna+H3K27me3-TGGTGGTAGAGCTGAA,6
rna+H3K27me3-TGGTGGTAGATAGACA,0
rna+H3K27me3-TGGTGGTAACCACTGT,1
rna+H3K27me3-TGGTGGTAGCCACATA,0
rna+H3K27me3-TGGTGGTAGCGAGTAA,4
rna+H3K27me3-TGGTGGTAGCTAACGA,10
rna+H3K27me3-TGGTGGTAGCTCGGTA,0
rna+H3K27me3-TGGTGGTAGGAGAACA,0
rna+H3K27me3-TGGTGGTAGGTGCGAA,0
rna+H3K27me3-TGGTGGTAGTACGCAA,5
rna+H3K27me3-TGGTGGTAGTCGTAGA,0
rna+H3K27me3-TGGTGGTAGTCTGTCA,0
rna+H3K27me3-TGGTGGTAGTGTTCTA,6
rna+H3K27me3-TGGTGGTAACATTGGC,8
rna+H3K27me3-TGGTGGTATAGGATGA,4
rna+H3K27me3-TGGTGGTATATCAGCA,4
rna+H3K27me3-TGGTGGTATCCGTCTA,5
rna+H3K27me3-TGGTGGTATCTTCACA,0
rna+H3K27me3-TGGTGGTATGAAGAGA,9
rna+H3K27me3-TGGTGGTATGGAACAA,6
rna+H3K27me3-TGGTGGTATGGCTTCA,14
rna+H3K27me3-TGGTGGTATGGTGGTA,6
rna+H3K27me3-TGGTGGTATTCACGCA,6
rna+H3K27me3-TGGTGGTAAACTCACC,5
rna+H3K27me3-TGGTGGTACAGATCTG,9
rna+H3K27me3-TGGTGGTAAAGAGATC,9
rna+H3K27me3-TGGTGGTAAAGGACAC,4
rna+H3K27me3-TGGTGGTAAATCCGTC,6
rna+H3K27me3-TGGTGGTAAATGTTGC,4
rna+H3K27me3-TGGTGGTAACACGACC,4
rna+H3K27me3-TGGTGGTAACAGATTC,4
rna+H3K27me3-TGGTGGTAAGATGTAC,3
rna+H3K27me3-TGGTGGTAAGCACCTC,3
rna+H3K27me3-TGGTGGTAAGCCATGC,4
rna+H3K27me3-TGGTGGTAAGGCTAAC,9
rna+H3K27me3-TGGTGGTACATCAAGT,1
rna+H3K27me3-TGGTGGTAATAGCGAC,3
rna+H3K27me3-TGGTGGTAATCATTCC,10
rna+H3K27me3-TGGTGGTAATTGGCTC,1
rna+H3K27me3-TGGTGGTACAAGGAGC,2
rna+H3K27me3-TGGTGGTACACCTTAC,6
rna+H3K27me3-TGGTGGTACCATCCTC,11
rna+H3K27me3-TGGTGGTACCGACAAC,3
rna+H3K27me3-TGGTGGTACCTAATCC,3
rna+H3K27me3-TGGTGGTACCTCTATC,3
rna+H3K27me3-TGGTGGTACGACACAC,6
rna+H3K27me3-TGGTGGTACGCTGATC,7
rna+H3K27me3-TGGTGGTACGGATTGC,3
rna+H3K27me3-TGGTGGTACTAAGGTC,14
rna+H3K27me3-TGGTGGTAGAACAGGC,3
rna+H3K27me3-TGGTGGTAGACAGTGC,3
rna+H3K27me3-TGGTGGTAGAGTTAGC,3
rna+H3K27me3-TGGTGGTAGATGAATC,6
rna+H3K27me3-TGGTGGTAGCCAAGAC,0
rna+H3K27me3-TGGTGGTACGGAAGAA,5
rna+H3K27me3-TGGTGGTAGTGACAAG,1
rna+H3K27me3-TGGTGGTAGAACCAGA,2
rna+H3K27me3-TGGCTTCAAACGTGAT,1
rna+H3K27me3-TGGCTTCAACAAGCTA,5
rna+H3K27me3-TGGCTTCATTGCTGGA,5
rna+H3K27me3-TGGCTTCACTGTAGCC,13
rna+H3K27me3-TGGCTTCAAGTACAAG,1
rna+H3K27me3-TGGCTTCAAACAACCA,5
rna+H3K27me3-TGGCTTCAAACCGAGA,5
rna+H3K27me3-TGGCTTCAAACGCTTA,1
rna+H3K27me3-TGGCTTCAAAGACGGA,1
rna+H3K27me3-TGGCTTCAAAGGTACA,2
rna+H3K27me3-TGGCTTCAACACAGAA,1
rna+H3K27me3-TGGCTTCAACAGCAGA,5
rna+H3K27me3-TGGCTTCAAAACATCG,1
rna+H3K27me3-TGGCTTCAACCTCCAA,2
rna+H3K27me3-TGGCTTCAACGCTCGA,2
rna+H3K27me3-TGGCTTCAACGTATCA,2
rna+H3K27me3-TGGCTTCAACTATGCA,2
rna+H3K27me3-TGGCTTCAAGAGTCAA,10
rna+H3K27me3-TGGCTTCAAGATCGCA,2
rna+H3K27me3-TGGCTTCAAGCAGGAA,4
rna+H3K27me3-TGGCTTCAAGTCACTA,9
rna+H3K27me3-TGGCTTCAATCCTGTA,2
rna+H3K27me3-TGGCTTCAATTGAGGA,4
rna+H3K27me3-TGGCTTCAATGCCTAA,1
rna+H3K27me3-TGGCTTCACAACCACA,6
rna+H3K27me3-TGGCTTCAGACTAGTA,5
rna+H3K27me3-TGGCTTCACAATGGAA,4
rna+H3K27me3-TGGCTTCACACTTCGA,4
rna+H3K27me3-TGGCTTCACAGCGTTA,0
rna+H3K27me3-TGGCTTCACATACCAA,12
rna+H3K27me3-TGGCTTCACCAGTTCA,0
rna+H3K27me3-TGGCTTCACCGAAGTA,0
rna+H3K27me3-TGGCTTCACCGTGAGA,0
rna+H3K27me3-TGGCTTCACCTCCTGA,5
rna+H3K27me3-TGGCTTCAAGTGGTCA,1
rna+H3K27me3-TGGCTTCACGAACTTA,3
rna+H3K27me3-TGGCTTCACGACTGGA,0
rna+H3K27me3-TGGCTTCACGCATACA,0
rna+H3K27me3-TGGCTTCACTCAATGA,7
rna+H3K27me3-TGGCTTCACTGAGCCA,0
rna+H3K27me3-TGGCTTCACTGGCATA,0
rna+H3K27me3-TGGCTTCAGAATCTGA,0
rna+H3K27me3-TGGCTTCACAAGACTA,5
rna+H3K27me3-TGGCTTCAGAGCTGAA,4
rna+H3K27me3-TGGCTTCAGATAGACA,4
rna+H3K27me3-TGGCTTCAACCACTGT,1
rna+H3K27me3-TGGCTTCAGCCACATA,5
rna+H3K27me3-TGGCTTCAGCGAGTAA,0
rna+H3K27me3-TGGCTTCAGCTAACGA,0
rna+H3K27me3-TGGCTTCAGCTCGGTA,10
rna+H3K27me3-TGGCTTCAGGAGAACA,6
rna+H3K27me3-TGGCTTCAGGTGCGAA,0
rna+H3K27me3-TGGCTTCAGTACGCAA,8
rna+H3K27me3-TGGCTTCAGTCGTAGA,0
rna+H3K27me3-TGGCTTCAGTCTGTCA,0
rna+H3K27me3-TGGCTTCAGTGTTCTA,0
rna+H3K27me3-TGGCTTCAACATTGGC,3
rna+H3K27me3-TGGCTTCATAGGATGA,4
rna+H3K27me3-TGGCTTCATATCAGCA,0
rna+H3K27me3-TGGCTTCATCCGTCTA,4
rna+H3K27me3-TGGCTTCATCTTCACA,0
rna+H3K27me3-TGGCTTCATGAAGAGA,0
rna+H3K27me3-TGGCTTCATGGAACAA,0
rna+H3K27me3-TGGCTTCATGGCTTCA,0
rna+H3K27me3-TGGCTTCATGGTGGTA,6
rna+H3K27me3-TGGCTTCATTCACGCA,6
rna+H3K27me3-TGGCTTCAAACTCACC,6
rna+H3K27me3-TGGCTTCACAGATCTG,2
rna+H3K27me3-TGGCTTCAAAGAGATC,6
rna+H3K27me3-TGGCTTCAAAGGACAC,9
rna+H3K27me3-TGGCTTCAAATCCGTC,5
rna+H3K27me3-TGGCTTCAAATGTTGC,7
rna+H3K27me3-TGGCTTCAACACGACC,4
rna+H3K27me3-TGGCTTCAACAGATTC,4
rna+H3K27me3-TGGCTTCAAGATGTAC,4
rna+H3K27me3-TGGCTTCAAGCACCTC,4
rna+H3K27me3-TGGCTTCAAGCCATGC,5
rna+H3K27me3-TGGCTTCAAGGCTAAC,4
rna+H3K27me3-TGGCTTCACATCAAGT,7
rna+H3K27me3-TGGCTTCAATAGCGAC,4
rna+H3K27me3-TGGCTTCAATCATTCC,4
rna+H3K27me3-TGGCTTCAATTGGCTC,3
rna+H3K27me3-TGGCTTCACAAGGAGC,1
rna+H3K27me3-TGGCTTCACACCTTAC,1
rna+H3K27me3-TGGCTTCACCATCCTC,1
rna+H3K27me3-TGGCTTCACCGACAAC,12
rna+H3K27me3-TGGCTTCACCTAATCC,10
rna+H3K27me3-TGGCTTCACCTCTATC,5
rna+H3K27me3-TGGCTTCACGACACAC,6
rna+H3K27me3-TGGCTTCACGCTGATC,2
rna+H3K27me3-TGGCTTCACGGATTGC,3
rna+H3K27me3-TGGCTTCACTAAGGTC,6
rna+H3K27me3-TGGCTTCAGAACAGGC,3
rna+H3K27me3-TGGCTTCAGACAGTGC,6
rna+H3K27me3-TGGCTTCAGAGTTAGC,12
rna+H3K27me3-TGGCTTCAGATGAATC,1
rna+H3K27me3-TGGCTTCAGCCAAGAC,4
rna+H3K27me3-TGGCTTCACGGAAGAA,1
rna+H3K27me3-TGGCTTCAGTGACAAG,6
rna+H3K27me3-TGGCTTCAGAACCAGA,4
rna+H3K27me3-TGGAACAAAACGTGAT,1
rna+H3K27me3-TGGAACAAACAAGCTA,1
rna+H3K27me3-TGGAACAATTGCTGGA,4
rna+H3K27me3-TGGAACAACTGTAGCC,1
rna+H3K27me3-TGGAACAAAGTACAAG,11
rna+H3K27me3-TGGAACAAAACAACCA,10
rna+H3K27me3-TGGAACAAAACCGAGA,1
rna+H3K27me3-TGGAACAAAACGCTTA,13
rna+H3K27me3-TGGAACAAAAGACGGA,1
rna+H3K27me3-TGGAACAAAAGGTACA,1
rna+H3K27me3-TGGAACAAACACAGAA,2
rna+H3K27me3-TGGAACAAACAGCAGA,2
rna+H3K27me3-TGGAACAAAAACATCG,1
rna+H3K27me3-TGGAACAAACCTCCAA,1
rna+H3K27me3-TGGAACAAACGCTCGA,5
rna+H3K27me3-TGGAACAAACGTATCA,2
rna+H3K27me3-TGGAACAAACTATGCA,12
rna+H3K27me3-TGGAACAAAGAGTCAA,2
rna+H3K27me3-TGGAACAAAGATCGCA,4
rna+H3K27me3-TGGAACAAAGCAGGAA,9
rna+H3K27me3-TGGAACAAAGTCACTA,4
rna+H3K27me3-TGGAACAAATCCTGTA,2
rna+H3K27me3-TGGAACAAATTGAGGA,4
rna+H3K27me3-TGGAACAAATGCCTAA,1
rna+H3K27me3-TGGAACAACAACCACA,4
rna+H3K27me3-TGGAACAAGACTAGTA,4
rna+H3K27me3-TGGAACAACAATGGAA,0
rna+H3K27me3-TGGAACAACACTTCGA,5
rna+H3K27me3-TGGAACAACAGCGTTA,0
rna+H3K27me3-TGGAACAACATACCAA,0
rna+H3K27me3-TGGAACAACCAGTTCA,0
rna+H3K27me3-TGGAACAACCGAAGTA,0
rna+H3K27me3-TGGAACAACCGTGAGA,4
rna+H3K27me3-TGGAACAACCTCCTGA,0
rna+H3K27me3-TGGAACAAAGTGGTCA,1
rna+H3K27me3-TGGAACAACGAACTTA,0
rna+H3K27me3-TGGAACAACGACTGGA,0
rna+H3K27me3-TGGAACAACGCATACA,10
rna+H3K27me3-TGGAACAACTCAATGA,0
rna+H3K27me3-TGGAACAACTGAGCCA,0
rna+H3K27me3-TGGAACAACTGGCATA,0
rna+H3K27me3-TGGAACAAGAATCTGA,0
rna+H3K27me3-TGGAACAACAAGACTA,3
rna+H3K27me3-TGGAACAAGAGCTGAA,0
rna+H3K27me3-TGGAACAAGATAGACA,0
rna+H3K27me3-TGGAACAAACCACTGT,1
rna+H3K27me3-TGGAACAAGCCACATA,0
rna+H3K27me3-TGGAACAAGCGAGTAA,14
rna+H3K27me3-TGGAACAAGCTAACGA,3
rna+H3K27me3-TGGAACAAGCTCGGTA,4
rna+H3K27me3-TGGAACAAGGAGAACA,0
rna+H3K27me3-TGGAACAAGGTGCGAA,0
rna+H3K27me3-TGGAACAAGTACGCAA,4
rna+H3K27me3-TGGAACAAGTCGTAGA,0
rna+H3K27me3-TGGAACAAGTCTGTCA,0
rna+H3K27me3-TGGAACAAGTGTTCTA,0
rna+H3K27me3-TGGAACAAACATTGGC,1
rna+H3K27me3-TGGAACAATAGGATGA,0
rna+H3K27me3-TGGAACAATATCAGCA,4
rna+H3K27me3-TGGAACAATCCGTCTA,0
rna+H3K27me3-TGGAACAATCTTCACA,6
rna+H3K27me3-TGGAACAATGAAGAGA,0
rna+H3K27me3-TGGAACAATGGAACAA,0
rna+H3K27me3-TGGAACAATGGCTTCA,0
rna+H3K27me3-TGGAACAATGGTGGTA,0
rna+H3K27me3-TGGAACAATTCACGCA,6
rna+H3K27me3-TGGAACAAAACTCACC,6
rna+H3K27me3-TGGAACAACAGATCTG,1
rna+H3K27me3-TGGAACAAAAGAGATC,6
rna+H3K27me3-TGGAACAAAAGGACAC,6
rna+H3K27me3-TGGAACAAAATCCGTC,4
rna+H3K27me3-TGGAACAAAATGTTGC,9
rna+H3K27me3-TGGAACAAACACGACC,3
rna+H3K27me3-TGGAACAAACAGATTC,4
rna+H3K27me3-TGGAACAAAGATGTAC,4
rna+H3K27me3-TGGAACAAAGCACCTC,6
rna+H3K27me3-TGGAACAAAGCCATGC,4
rna+H3K27me3-TGGAACAAAGGCTAAC,4
rna+H3K27me3-TGGAACAACATCAAGT,3
rna+H3K27me3-TGGAACAAATAGCGAC,9
rna+H3K27me3-TGGAACAAATCATTCC,4
rna+H3K27me3-TGGAACAAATTGGCTC,4
rna+H3K27me3-TGGAACAACAAGGAGC,6
rna+H3K27me3-TGGAACAACACCTTAC,4
rna+H3K27me3-TGGAACAACCATCCTC,6
rna+H3K27me3-TGGAACAACCGACAAC,1
rna+H3K27me3-TGGAACAACCTAATCC,1
rna+H3K27me3-TGGAACAACCTCTATC,6
rna+H3K27me3-TGGAACAACGACACAC,3
rna+H3K27me3-TGGAACAACGCTGATC,5
rna+H3K27me3-TGGAACAACGGATTGC,3
rna+H3K27me3-TGGAACAACTAAGGTC,3
rna+H3K27me3-TGGAACAAGAACAGGC,6
rna+H3K27me3-TGGAACAAGACAGTGC,6
rna+H3K27me3-TGGAACAAGAGTTAGC,1
rna+H3K27me3-TGGAACAAGATGAATC,1
rna+H3K27me3-TGGAACAAGCCAAGAC,6
rna+H3K27me3-TGGAACAACGGAAGAA,6
rna+H3K27me3-TGGAACAAGTGACAAG,3
rna+H3K27me3-TGGAACAAGAACCAGA,4
rna+H3K27me3-TGAAGAGAAACGTGAT,1
rna+H3K27me3-TGAAGAGAACAAGCTA,1
rna+H3K27me3-TGAAGAGATTGCTGGA,4
rna+H3K27me3-TGAAGAGACTGTAGCC,3
rna+H3K27me3-TGAAGAGAAGTACAAG,3
rna+H3K27me3-TGAAGAGAAACAACCA,1
rna+H3K27me3-TGAAGAGAAACCGAGA,2
rna+H3K27me3-TGAAGAGAAACGCTTA,2
rna+H3K27me3-TGAAGAGAAAGACGGA,2
rna+H3K27me3-TGAAGAGAAAGGTACA,9
rna+H3K27me3-TGAAGAGAACACAGAA,2
rna+H3K27me3-TGAAGAGAACAGCAGA,3
rna+H3K27me3-TGAAGAGAAAACATCG,6
rna+H3K27me3-TGAAGAGAACCTCCAA,2
rna+H3K27me3-TGAAGAGAACGCTCGA,2
rna+H3K27me3-TGAAGAGAACGTATCA,3
rna+H3K27me3-TGAAGAGAACTATGCA,2
rna+H3K27me3-TGAAGAGAAGAGTCAA,2
rna+H3K27me3-TGAAGAGAAGATCGCA,6
rna+H3K27me3-TGAAGAGAAGCAGGAA,2
rna+H3K27me3-TGAAGAGAAGTCACTA,4
rna+H3K27me3-TGAAGAGAATCCTGTA,4
rna+H3K27me3-TGAAGAGAATTGAGGA,4
rna+H3K27me3-TGAAGAGAATGCCTAA,1
rna+H3K27me3-TGAAGAGACAACCACA,4
rna+H3K27me3-TGAAGAGAGACTAGTA,0
rna+H3K27me3-TGAAGAGACAATGGAA,0
rna+H3K27me3-TGAAGAGACACTTCGA,0
rna+H3K27me3-TGAAGAGACAGCGTTA,5
rna+H3K27me3-TGAAGAGACATACCAA,0
rna+H3K27me3-TGAAGAGACCAGTTCA,3
rna+H3K27me3-TGAAGAGACCGAAGTA,7
rna+H3K27me3-TGAAGAGACCGTGAGA,0
rna+H3K27me3-TGAAGAGACCTCCTGA,0
rna+H3K27me3-TGAAGAGAAGTGGTCA,1
rna+H3K27me3-TGAAGAGACGAACTTA,0
rna+H3K27me3-TGAAGAGACGACTGGA,0
rna+H3K27me3-TGAAGAGACGCATACA,11
rna+H3K27me3-TGAAGAGACTCAATGA,0
rna+H3K27me3-TGAAGAGACTGAGCCA,12
rna+H3K27me3-TGAAGAGACTGGCATA,0
rna+H3K27me3-TGAAGAGAGAATCTGA,6
rna+H3K27me3-TGAAGAGACAAGACTA,0
rna+H3K27me3-TGAAGAGAGAGCTGAA,0
rna+H3K27me3-TGAAGAGAGATAGACA,0
rna+H3K27me3-TGAAGAGAACCACTGT,3
rna+H3K27me3-TGAAGAGAGCCACATA,0
rna+H3K27me3-TGAAGAGAGCGAGTAA,0
rna+H3K27me3-TGAAGAGAGCTAACGA,4
rna+H3K27me3-TGAAGAGAGCTCGGTA,4
rna+H3K27me3-TGAAGAGAGGAGAACA,8
rna+H3K27me3-TGAAGAGAGGTGCGAA,0
rna+H3K27me3-TGAAGAGAGTACGCAA,4
rna+H3K27me3-TGAAGAGAGTCGTAGA,4
rna+H3K27me3-TGAAGAGAGTCTGTCA,0
rna+H3K27me3-TGAAGAGAGTGTTCTA,0
rna+H3K27me3-TGAAGAGAACATTGGC,2
rna+H3K27me3-TGAAGAGATAGGATGA,0
rna+H3K27me3-TGAAGAGATATCAGCA,0
rna+H3K27me3-TGAAGAGATCCGTCTA,0
rna+H3K27me3-TGAAGAGATCTTCACA,0
rna+H3K27me3-TGAAGAGATGAAGAGA,2
rna+H3K27me3-TGAAGAGATGGAACAA,0
rna+H3K27me3-TGAAGAGATGGCTTCA,0
rna+H3K27me3-TGAAGAGATGGTGGTA,0
rna+H3K27me3-TGAAGAGATTCACGCA,0
rna+H3K27me3-TGAAGAGAAACTCACC,6
rna+H3K27me3-TGAAGAGACAGATCTG,1
rna+H3K27me3-TGAAGAGAAAGAGATC,6
rna+H3K27me3-TGAAGAGAAAGGACAC,6
rna+H3K27me3-TGAAGAGAAATCCGTC,9
rna+H3K27me3-TGAAGAGAAATGTTGC,6
rna+H3K27me3-TGAAGAGAACACGACC,4
rna+H3K27me3-TGAAGAGAACAGATTC,6
rna+H3K27me3-TGAAGAGAAGATGTAC,4
rna+H3K27me3-TGAAGAGAAGCACCTC,9
rna+H3K27me3-TGAAGAGAAGCCATGC,9
rna+H3K27me3-TGAAGAGAAGGCTAAC,4
rna+H3K27me3-TGAAGAGACATCAAGT,2
rna+H3K27me3-TGAAGAGAATAGCGAC,4
rna+H3K27me3-TGAAGAGAATCATTCC,4
rna+H3K27me3-TGAAGAGAATTGGCTC,9
rna+H3K27me3-TGAAGAGACAAGGAGC,10
rna+H3K27me3-TGAAGAGACACCTTAC,4
rna+H3K27me3-TGAAGAGACCATCCTC,4
rna+H3K27me3-TGAAGAGACCGACAAC,10
rna+H3K27me3-TGAAGAGACCTAATCC,1
rna+H3K27me3-TGAAGAGACCTCTATC,4
rna+H3K27me3-TGAAGAGACGACACAC,6
rna+H3K27me3-TGAAGAGACGCTGATC,1
rna+H3K27me3-TGAAGAGACGGATTGC,3
rna+H3K27me3-TGAAGAGACTAAGGTC,3
rna+H3K27me3-TGAAGAGAGAACAGGC,6
rna+H3K27me3-TGAAGAGAGACAGTGC,12
rna+H3K27me3-TGAAGAGAGAGTTAGC,1
rna+H3K27me3-TGAAGAGAGATGAATC,6
rna+H3K27me3-TGAAGAGAGCCAAGAC,5
rna+H3K27me3-TGAAGAGACGGAAGAA,9
rna+H3K27me3-TGAAGAGAGTGACAAG,4
rna+H3K27me3-TGAAGAGAGAACCAGA,6
rna+H3K27me3-TCTTCACAAACGTGAT,4
rna+H3K27me3-TCTTCACAACAAGCTA,10
rna+H3K27me3-TCTTCACATTGCTGGA,4
rna+H3K27me3-TCTTCACACTGTAGCC,1
rna+H3K27me3-TCTTCACAAGTACAAG,12
rna+H3K27me3-TCTTCACAAACAACCA,1
rna+H3K27me3-TCTTCACAAACCGAGA,2
rna+H3K27me3-TCTTCACAAACGCTTA,3
rna+H3K27me3-TCTTCACAAAGACGGA,2
rna+H3K27me3-TCTTCACAAAGGTACA,1
rna+H3K27me3-TCTTCACAACACAGAA,2
rna+H3K27me3-TCTTCACAACAGCAGA,1
rna+H3K27me3-TCTTCACAAAACATCG,1
rna+H3K27me3-TCTTCACAACCTCCAA,2
rna+H3K27me3-TCTTCACAACGCTCGA,1
rna+H3K27me3-TCTTCACAACGTATCA,3
rna+H3K27me3-TCTTCACAACTATGCA,2
rna+H3K27me3-TCTTCACAAGAGTCAA,2
rna+H3K27me3-TCTTCACAAGATCGCA,2
rna+H3K27me3-TCTTCACAAGCAGGAA,4
rna+H3K27me3-TCTTCACAAGTCACTA,3
rna+H3K27me3-TCTTCACAATCCTGTA,4
rna+H3K27me3-TCTTCACAATTGAGGA,4
rna+H3K27me3-TCTTCACAATGCCTAA,1
rna+H3K27me3-TCTTCACACAACCACA,5
rna+H3K27me3-TCTTCACAGACTAGTA,5
rna+H3K27me3-TCTTCACACAATGGAA,0
rna+H3K27me3-TCTTCACACACTTCGA,0
rna+H3K27me3-TCTTCACACAGCGTTA,11
rna+H3K27me3-TCTTCACACATACCAA,0
rna+H3K27me3-TCTTCACACCAGTTCA,0
rna+H3K27me3-TCTTCACACCGAAGTA,0
rna+H3K27me3-TCTTCACACCGTGAGA,0
rna+H3K27me3-TCTTCACACCTCCTGA,5
rna+H3K27me3-TCTTCACAAGTGGTCA,3
rna+H3K27me3-TCTTCACACGAACTTA,4
rna+H3K27me3-TCTTCACACGACTGGA,0
rna+H3K27me3-TCTTCACACGCATACA,0
rna+H3K27me3-TCTTCACACTCAATGA,0
rna+H3K27me3-TCTTCACACTGAGCCA,0
rna+H3K27me3-TCTTCACACTGGCATA,0
rna+H3K27me3-TCTTCACAGAATCTGA,4
rna+H3K27me3-TCTTCACACAAGACTA,0
rna+H3K27me3-TCTTCACAGAGCTGAA,0
rna+H3K27me3-TCTTCACAGATAGACA,0
rna+H3K27me3-TCTTCACAACCACTGT,13
rna+H3K27me3-TCTTCACAGCCACATA,12
rna+H3K27me3-TCTTCACAGCGAGTAA,0
rna+H3K27me3-TCTTCACAGCTAACGA,3
rna+H3K27me3-TCTTCACAGCTCGGTA,0
rna+H3K27me3-TCTTCACAGGAGAACA,5
rna+H3K27me3-TCTTCACAGGTGCGAA,8
rna+H3K27me3-TCTTCACAGTACGCAA,0
rna+H3K27me3-TCTTCACAGTCGTAGA,3
rna+H3K27me3-TCTTCACAGTCTGTCA,0
rna+H3K27me3-TCTTCACAGTGTTCTA,4
rna+H3K27me3-TCTTCACAACATTGGC,3
rna+H3K27me3-TCTTCACATAGGATGA,4
rna+H3K27me3-TCTTCACATATCAGCA,0
rna+H3K27me3-TCTTCACATCCGTCTA,0
rna+H3K27me3-TCTTCACATCTTCACA,6
rna+H3K27me3-TCTTCACATGAAGAGA,8
rna+H3K27me3-TCTTCACATGGAACAA,0
rna+H3K27me3-TCTTCACATGGCTTCA,0
rna+H3K27me3-TCTTCACATGGTGGTA,0
rna+H3K27me3-TCTTCACATTCACGCA,13
rna+H3K27me3-TCTTCACAAACTCACC,6
rna+H3K27me3-TCTTCACACAGATCTG,2
rna+H3K27me3-TCTTCACAAAGAGATC,6
rna+H3K27me3-TCTTCACAAAGGACAC,6
rna+H3K27me3-TCTTCACAAATCCGTC,6
rna+H3K27me3-TCTTCACAAATGTTGC,4
rna+H3K27me3-TCTTCACAACACGACC,3
rna+H3K27me3-TCTTCACAACAGATTC,0
rna+H3K27me3-TCTTCACAAGATGTAC,4
rna+H3K27me3-TCTTCACAAGCACCTC,3
rna+H3K27me3-TCTTCACAAGCCATGC,4
rna+H3K27me3-TCTTCACAAGGCTAAC,4
rna+H3K27me3-TCTTCACACATCAAGT,3
rna+H3K27me3-TCTTCACAATAGCGAC,4
rna+H3K27me3-TCTTCACAATCATTCC,3
rna+H3K27me3-TCTTCACAATTGGCTC,5
rna+H3K27me3-TCTTCACACAAGGAGC,4
rna+H3K27me3-TCTTCACACACCTTAC,11
rna+H3K27me3-TCTTCACACCATCCTC,4
rna+H3K27me3-TCTTCACACCGACAAC,10
rna+H3K27me3-TCTTCACACCTAATCC,2
rna+H3K27me3-TCTTCACACCTCTATC,8
rna+H3K27me3-TCTTCACACGACACAC,3
rna+H3K27me3-TCTTCACACGCTGATC,4
rna+H3K27me3-TCTTCACACGGATTGC,4
rna+H3K27me3-TCTTCACACTAAGGTC,6
rna+H3K27me3-TCTTCACAGAACAGGC,3
rna+H3K27me3-TCTTCACAGACAGTGC,1
rna+H3K27me3-TCTTCACAGAGTTAGC,7
rna+H3K27me3-TCTTCACAGATGAATC,6
rna+H3K27me3-TCTTCACAGCCAAGAC,3
rna+H3K27me3-TCTTCACACGGAAGAA,4
rna+H3K27me3-TCTTCACAGTGACAAG,4
rna+H3K27me3-TCTTCACAGAACCAGA,4
rna+H3K27me3-TCCGTCTAAACGTGAT,1
rna+H3K27me3-TCCGTCTAACAAGCTA,9
rna+H3K27me3-TCCGTCTATTGCTGGA,4
rna+H3K27me3-TCCGTCTACTGTAGCC,9
rna+H3K27me3-TCCGTCTAAGTACAAG,9
rna+H3K27me3-TCCGTCTAAACAACCA,2
rna+H3K27me3-TCCGTCTAAACCGAGA,2
rna+H3K27me3-TCCGTCTAAACGCTTA,2
rna+H3K27me3-TCCGTCTAAAGACGGA,4
rna+H3K27me3-TCCGTCTAAAGGTACA,13
rna+H3K27me3-TCCGTCTAACACAGAA,2
rna+H3K27me3-TCCGTCTAACAGCAGA,2
rna+H3K27me3-TCCGTCTAAAACATCG,1
rna+H3K27me3-TCCGTCTAACCTCCAA,2
rna+H3K27me3-TCCGTCTAACGCTCGA,3
rna+H3K27me3-TCCGTCTAACGTATCA,13
rna+H3K27me3-TCCGTCTAACTATGCA,2
rna+H3K27me3-TCCGTCTAAGAGTCAA,7
rna+H3K27me3-TCCGTCTAAGATCGCA,4
rna+H3K27me3-TCCGTCTAAGCAGGAA,4
rna+H3K27me3-TCCGTCTAAGTCACTA,4
rna+H3K27me3-TCCGTCTAATCCTGTA,6
rna+H3K27me3-TCCGTCTAATTGAGGA,0
rna+H3K27me3-TCCGTCTAATGCCTAA,5
rna+H3K27me3-TCCGTCTACAACCACA,0
rna+H3K27me3-TCCGTCTAGACTAGTA,0
rna+H3K27me3-TCCGTCTACAATGGAA,0
rna+H3K27me3-TCCGTCTACACTTCGA,0
rna+H3K27me3-TCCGTCTACAGCGTTA,0
rna+H3K27me3-TCCGTCTACATACCAA,0
rna+H3K27me3-TCCGTCTACCAGTTCA,0
rna+H3K27me3-TCCGTCTACCGAAGTA,0
rna+H3K27me3-TCCGTCTACCGTGAGA,5
rna+H3K27me3-TCCGTCTACCTCCTGA,0
rna+H3K27me3-TCCGTCTAAGTGGTCA,13
rna+H3K27me3-TCCGTCTACGAACTTA,0
rna+H3K27me3-TCCGTCTACGACTGGA,0
rna+H3K27me3-TCCGTCTACGCATACA,0
rna+H3K27me3-TCCGTCTACTCAATGA,0
rna+H3K27me3-TCCGTCTACTGAGCCA,0
rna+H3K27me3-TCCGTCTACTGGCATA,0
rna+H3K27me3-TCCGTCTAGAATCTGA,8
rna+H3K27me3-TCCGTCTACAAGACTA,4
rna+H3K27me3-TCCGTCTAGAGCTGAA,0
rna+H3K27me3-TCCGTCTAGATAGACA,11
rna+H3K27me3-TCCGTCTAACCACTGT,3
rna+H3K27me3-TCCGTCTAGCCACATA,0
rna+H3K27me3-TCCGTCTAGCGAGTAA,12
rna+H3K27me3-TCCGTCTAGCTAACGA,0
rna+H3K27me3-TCCGTCTAGCTCGGTA,0
rna+H3K27me3-TCCGTCTAGGAGAACA,11
rna+H3K27me3-TCCGTCTAGGTGCGAA,0
rna+H3K27me3-TCCGTCTAGTACGCAA,0
rna+H3K27me3-TCCGTCTAGTCGTAGA,0
rna+H3K27me3-TCCGTCTAGTCTGTCA,0
rna+H3K27me3-TCCGTCTAGTGTTCTA,0
rna+H3K27me3-TCCGTCTAACATTGGC,1
rna+H3K27me3-TCCGTCTATAGGATGA,0
rna+H3K27me3-TCCGTCTATATCAGCA,0
rna+H3K27me3-TCCGTCTATCCGTCTA,0
rna+H3K27me3-TCCGTCTATCTTCACA,0
rna+H3K27me3-TCCGTCTATGAAGAGA,0
rna+H3K27me3-TCCGTCTATGGAACAA,5
rna+H3K27me3-TCCGTCTATGGCTTCA,12
rna+H3K27me3-TCCGTCTATGGTGGTA,7
rna+H3K27me3-TCCGTCTATTCACGCA,8
rna+H3K27me3-TCCGTCTAAACTCACC,6
rna+H3K27me3-TCCGTCTACAGATCTG,4
rna+H3K27me3-TCCGTCTAAAGAGATC,6
rna+H3K27me3-TCCGTCTAAAGGACAC,6
rna+H3K27me3-TCCGTCTAAATCCGTC,6
rna+H3K27me3-TCCGTCTAAATGTTGC,6
rna+H3K27me3-TCCGTCTAACACGACC,4
rna+H3K27me3-TCCGTCTAACAGATTC,3
rna+H3K27me3-TCCGTCTAAGATGTAC,6
rna+H3K27me3-TCCGTCTAAGCACCTC,6
rna+H3K27me3-TCCGTCTAAGCCATGC,9
rna+H3K27me3-TCCGTCTAAGGCTAAC,3
rna+H3K27me3-TCCGTCTACATCAAGT,2
rna+H3K27me3-TCCGTCTAATAGCGAC,9
rna+H3K27me3-TCCGTCTAATCATTCC,4
rna+H3K27me3-TCCGTCTAATTGGCTC,4
rna+H3K27me3-TCCGTCTACAAGGAGC,1
rna+H3K27me3-TCCGTCTACACCTTAC,4
rna+H3K27me3-TCCGTCTACCATCCTC,10
rna+H3K27me3-TCCGTCTACCGACAAC,9
rna+H3K27me3-TCCGTCTACCTAATCC,6
rna+H3K27me3-TCCGTCTACCTCTATC,4
rna+H3K27me3-TCCGTCTACGACACAC,5
rna+H3K27me3-TCCGTCTACGCTGATC,5
rna+H3K27me3-TCCGTCTACGGATTGC,4
rna+H3K27me3-TCCGTCTACTAAGGTC,4
rna+H3K27me3-TCCGTCTAGAACAGGC,4
rna+H3K27me3-TCCGTCTAGACAGTGC,1
rna+H3K27me3-TCCGTCTAGAGTTAGC,5
rna+H3K27me3-TCCGTCTAGATGAATC,4
rna+H3K27me3-TCCGTCTAGCCAAGAC,4
rna+H3K27me3-TCCGTCTACGGAAGAA,3
rna+H3K27me3-TCCGTCTAGTGACAAG,4
rna+H3K27me3-TCCGTCTAGAACCAGA,4
rna+H3K27me3-GTGACAAGACAAGCTA,3
rna+H3K27me3-GTGACAAGTTGCTGGA,3
rna+H3K27me3-GTGACAAGCTGTAGCC,5
rna+H3K27me3-GTGACAAGAGTACAAG,4
rna+H3K27me3-GTGACAAGAACAACCA,1
rna+H3K27me3-GTGACAAGAACCGAGA,1
rna+H3K27me3-GTGACAAGAACGCTTA,4
rna+H3K27me3-GTGACAAGAAGACGGA,2
rna+H3K27me3-GTGACAAGAAGGTACA,1
rna+H3K27me3-GTGACAAGACACAGAA,1
rna+H3K27me3-GTGACAAGACAGCAGA,1
rna+H3K27me3-GTGACAAGACCTCCAA,1
rna+H3K27me3-GTGACAAGACGCTCGA,1
rna+H3K27me3-GTGACAAGACGTATCA,5
rna+H3K27me3-GTGACAAGACTATGCA,1
rna+H3K27me3-GTGACAAGAGAGTCAA,1
rna+H3K27me3-GTGACAAGAGATCGCA,1
rna+H3K27me3-GTGACAAGAGCAGGAA,1
rna+H3K27me3-GTGACAAGAGTCACTA,1
rna+H3K27me3-GTGACAAGATCCTGTA,1
rna+H3K27me3-GTGACAAGATTGAGGA,1
rna+H3K27me3-GTGACAAGCAACCACA,4
rna+H3K27me3-GTGACAAGGACTAGTA,5
rna+H3K27me3-GTGACAAGCAATGGAA,1
rna+H3K27me3-GTGACAAGCACTTCGA,7
rna+H3K27me3-GTGACAAGCAGCGTTA,8
rna+H3K27me3-GTGACAAGCATACCAA,5
rna+H3K27me3-GTGACAAGCCAGTTCA,1
rna+H3K27me3-GTGACAAGCCGAAGTA,11
rna+H3K27me3-GTGACAAGCCGTGAGA,1
rna+H3K27me3-GTGACAAGCCTCCTGA,1
rna+H3K27me3-GTGACAAGCGAACTTA,1
rna+H3K27me3-GTGACAAGCGACTGGA,3
rna+H3K27me3-GTGACAAGCGCATACA,1
rna+H3K27me3-GTGACAAGCTCAATGA,2
rna+H3K27me3-GTGACAAGCTGAGCCA,12
rna+H3K27me3-GTGACAAGCTGGCATA,5
rna+H3K27me3-GTGACAAGGAATCTGA,3
rna+H3K27me3-GTGACAAGCAAGACTA,5
rna+H3K27me3-GTGACAAGGAGCTGAA,2
rna+H3K27me3-GTGACAAGGATAGACA,9
rna+H3K27me3-GTGACAAGGCCACATA,9
rna+H3K27me3-GTGACAAGGCGAGTAA,10
rna+H3K27me3-GTGACAAGGCTAACGA,4
rna+H3K27me3-GTGACAAGGCTCGGTA,4
rna+H3K27me3-GTGACAAGGGAGAACA,3
rna+H3K27me3-GTGACAAGGGTGCGAA,13
rna+H3K27me3-GTGACAAGGTACGCAA,5
rna+H3K27me3-GTGACAAGGTCGTAGA,3
rna+H3K27me3-GTGACAAGGTCTGTCA,5
rna+H3K27me3-GTGACAAGGTGTTCTA,10
rna+H3K27me3-GTGACAAGACATTGGC,5
rna+H3K27me3-GTGACAAGTAGGATGA,2
rna+H3K27me3-GTGACAAGTATCAGCA,14
rna+H3K27me3-GTGACAAGTCCGTCTA,3
rna+H3K27me3-GTGACAAGTCTTCACA,1
rna+H3K27me3-GTGACAAGTGAAGAGA,2
rna+H3K27me3-GTGACAAGTGGAACAA,2
rna+H3K27me3-GTGACAAGTGGCTTCA,2
rna+H3K27me3-GTGACAAGTGGTGGTA,12
rna+H3K27me3-GTGACAAGTTCACGCA,2
rna+H3K27me3-GTGACAAGAACTCACC,4
rna+H3K27me3-GTGACAAGCAGATCTG,13
rna+H3K27me3-GTGACAAGAAGAGATC,2
rna+H3K27me3-GTGACAAGAAGGACAC,2
rna+H3K27me3-GTGACAAGAATCCGTC,13
rna+H3K27me3-GTGACAAGAATGTTGC,10
rna+H3K27me3-GTGACAAGACACGACC,4
rna+H3K27me3-GTGACAAGACAGATTC,1
rna+H3K27me3-GTGACAAGAGATGTAC,6
rna+H3K27me3-GTGACAAGAGCACCTC,7
rna+H3K27me3-GTGACAAGAGCCATGC,2
rna+H3K27me3-GTGACAAGAGGCTAAC,13
rna+H3K27me3-GTGACAAGCATCAAGT,11
rna+H3K27me3-GTGACAAGATAGCGAC,1
rna+H3K27me3-GTGACAAGATCATTCC,1
rna+H3K27me3-GTGACAAGATTGGCTC,2
rna+H3K27me3-GTGACAAGCAAGGAGC,1
rna+H3K27me3-GTGACAAGCACCTTAC,1
rna+H3K27me3-GTGACAAGCCATCCTC,1
rna+H3K27me3-GTGACAAGCCGACAAC,6
rna+H3K27me3-GTGACAAGCCTAATCC,6
rna+H3K27me3-GTGACAAGCCTCTATC,6
rna+H3K27me3-GTGACAAGCGACACAC,6
rna+H3K27me3-GTGACAAGCGCTGATC,5
rna+H3K27me3-GTGACAAGCGGATTGC,9
rna+H3K27me3-GTGACAAGCTAAGGTC,7
rna+H3K27me3-GTGACAAGGAACAGGC,2
rna+H3K27me3-GTGACAAGGACAGTGC,1
rna+H3K27me3-GTGACAAGGAGTTAGC,1
rna+H3K27me3-GTGACAAGGATGAATC,1
rna+H3K27me3-GTGACAAGGCCAAGAC,1
rna+H3K27me3-GTGACAAGCGGAAGAA,6
rna+H3K27me3-GTGACAAGGTGACAAG,1
rna+H3K27me3-GTGACAAGGAACCAGA,1
rna+H3K27me3-TATCAGCAAACGTGAT,1
rna+H3K27me3-TATCAGCAACAAGCTA,2
rna+H3K27me3-TATCAGCATTGCTGGA,4
rna+H3K27me3-TATCAGCACTGTAGCC,2
rna+H3K27me3-TATCAGCAAGTACAAG,2
rna+H3K27me3-TATCAGCAAACAACCA,2
rna+H3K27me3-TATCAGCAAACCGAGA,2
rna+H3K27me3-TATCAGCAAACGCTTA,2
rna+H3K27me3-TATCAGCAAAGACGGA,2
rna+H3K27me3-TATCAGCAAAGGTACA,2
rna+H3K27me3-TATCAGCAACACAGAA,1
rna+H3K27me3-TATCAGCAACAGCAGA,2
rna+H3K27me3-TATCAGCAAAACATCG,1
rna+H3K27me3-TATCAGCAACCTCCAA,6
rna+H3K27me3-TATCAGCAACGCTCGA,3
rna+H3K27me3-TATCAGCAACGTATCA,5
rna+H3K27me3-TATCAGCAACTATGCA,5
rna+H3K27me3-TATCAGCAAGAGTCAA,4
rna+H3K27me3-TATCAGCAAGATCGCA,4
rna+H3K27me3-TATCAGCAAGCAGGAA,4
rna+H3K27me3-TATCAGCAAGTCACTA,4
rna+H3K27me3-TATCAGCAATCCTGTA,0
rna+H3K27me3-TATCAGCAATTGAGGA,0
rna+H3K27me3-TATCAGCAATGCCTAA,1
rna+H3K27me3-TATCAGCACAACCACA,0
rna+H3K27me3-TATCAGCAGACTAGTA,0
rna+H3K27me3-TATCAGCACAATGGAA,0
rna+H3K27me3-TATCAGCACACTTCGA,0
rna+H3K27me3-TATCAGCACAGCGTTA,0
rna+H3K27me3-TATCAGCACATACCAA,0
rna+H3K27me3-TATCAGCACCAGTTCA,10
rna+H3K27me3-TATCAGCACCGAAGTA,3
rna+H3K27me3-TATCAGCACCGTGAGA,0
rna+H3K27me3-TATCAGCACCTCCTGA,0
rna+H3K27me3-TATCAGCAAGTGGTCA,3
rna+H3K27me3-TATCAGCACGAACTTA,0
rna+H3K27me3-TATCAGCACGACTGGA,0
rna+H3K27me3-TATCAGCACGCATACA,0
rna+H3K27me3-TATCAGCACTCAATGA,0
rna+H3K27me3-TATCAGCACTGAGCCA,0
rna+H3K27me3-TATCAGCACTGGCATA,0
rna+H3K27me3-TATCAGCAGAATCTGA,0
rna+H3K27me3-TATCAGCACAAGACTA,0
rna+H3K27me3-TATCAGCAGAGCTGAA,0
rna+H3K27me3-TATCAGCAGATAGACA,0
rna+H3K27me3-TATCAGCAACCACTGT,2
rna+H3K27me3-TATCAGCAGCCACATA,0
rna+H3K27me3-TATCAGCAGCGAGTAA,0
rna+H3K27me3-TATCAGCAGCTAACGA,0
rna+H3K27me3-TATCAGCAGCTCGGTA,4
rna+H3K27me3-TATCAGCAGGAGAACA,0
rna+H3K27me3-TATCAGCAGGTGCGAA,0
rna+H3K27me3-TATCAGCAGTACGCAA,0
rna+H3K27me3-TATCAGCAGTCGTAGA,4
rna+H3K27me3-TATCAGCAGTCTGTCA,0
rna+H3K27me3-TATCAGCAGTGTTCTA,0
rna+H3K27me3-TATCAGCAACATTGGC,9
rna+H3K27me3-TATCAGCATAGGATGA,0
rna+H3K27me3-TATCAGCATATCAGCA,4
rna+H3K27me3-TATCAGCATCCGTCTA,0
rna+H3K27me3-TATCAGCATCTTCACA,7
rna+H3K27me3-TATCAGCATGAAGAGA,4
rna+H3K27me3-TATCAGCATGGAACAA,11
rna+H3K27me3-TATCAGCATGGCTTCA,0
rna+H3K27me3-TATCAGCATGGTGGTA,0
rna+H3K27me3-TATCAGCATTCACGCA,3
rna+H3K27me3-TATCAGCAAACTCACC,0
rna+H3K27me3-TATCAGCACAGATCTG,4
rna+H3K27me3-TATCAGCAAAGAGATC,6
rna+H3K27me3-TATCAGCAAAGGACAC,6
rna+H3K27me3-TATCAGCAAATCCGTC,6
rna+H3K27me3-TATCAGCAAATGTTGC,6
rna+H3K27me3-TATCAGCAACACGACC,6
rna+H3K27me3-TATCAGCAACAGATTC,4
rna+H3K27me3-TATCAGCAAGATGTAC,3
rna+H3K27me3-TATCAGCAAGCACCTC,9
rna+H3K27me3-TATCAGCAAGCCATGC,4
rna+H3K27me3-TATCAGCAAGGCTAAC,4
rna+H3K27me3-TATCAGCACATCAAGT,2
rna+H3K27me3-TATCAGCAATAGCGAC,9
rna+H3K27me3-TATCAGCAATCATTCC,6
rna+H3K27me3-TATCAGCAATTGGCTC,4
rna+H3K27me3-TATCAGCACAAGGAGC,3
rna+H3K27me3-TATCAGCACACCTTAC,3
rna+H3K27me3-TATCAGCACCATCCTC,6
rna+H3K27me3-TATCAGCACCGACAAC,4
rna+H3K27me3-TATCAGCACCTAATCC,4
rna+H3K27me3-TATCAGCACCTCTATC,5
rna+H3K27me3-TATCAGCACGACACAC,3
rna+H3K27me3-TATCAGCACGCTGATC,5
rna+H3K27me3-TATCAGCACGGATTGC,4
rna+H3K27me3-TATCAGCACTAAGGTC,4
rna+H3K27me3-TATCAGCAGAACAGGC,4
rna+H3K27me3-TATCAGCAGACAGTGC,4
rna+H3K27me3-TATCAGCAGAGTTAGC,4
rna+H3K27me3-TATCAGCAGATGAATC,4
rna+H3K27me3-TATCAGCAGCCAAGAC,5
rna+H3K27me3-TATCAGCACGGAAGAA,9
rna+H3K27me3-TATCAGCAGTGACAAG,6
rna+H3K27me3-TATCAGCAGAACCAGA,6
rna+H3K27me3-TAGGATGAAACGTGAT,1
rna+H3K27me3-TAGGATGAACAAGCTA,3
rna+H3K27me3-TAGGATGATTGCTGGA,10
rna+H3K27me3-TAGGATGACTGTAGCC,2
rna+H3K27me3-TAGGATGAAGTACAAG,2
rna+H3K27me3-TAGGATGAAACAACCA,2
rna+H3K27me3-TAGGATGAAACCGAGA,2
rna+H3K27me3-TAGGATGAAACGCTTA,2
rna+H3K27me3-TAGGATGAAAGACGGA,2
rna+H3K27me3-TAGGATGAAAGGTACA,13
rna+H3K27me3-TAGGATGAACACAGAA,2
rna+H3K27me3-TAGGATGAACAGCAGA,1
rna+H3K27me3-TAGGATGAAAACATCG,13
rna+H3K27me3-TAGGATGAACCTCCAA,2
rna+H3K27me3-TAGGATGAACGCTCGA,2
rna+H3K27me3-TAGGATGAACGTATCA,2
rna+H3K27me3-TAGGATGAACTATGCA,4
rna+H3K27me3-TAGGATGAAGAGTCAA,7
rna+H3K27me3-TAGGATGAAGATCGCA,6
rna+H3K27me3-TAGGATGAAGCAGGAA,9
rna+H3K27me3-TAGGATGAAGTCACTA,11
rna+H3K27me3-TAGGATGAATCCTGTA,0
rna+H3K27me3-TAGGATGAATTGAGGA,0
rna+H3K27me3-TAGGATGAATGCCTAA,1
rna+H3K27me3-TAGGATGACAACCACA,4
rna+H3K27me3-TAGGATGAGACTAGTA,0
rna+H3K27me3-TAGGATGACAATGGAA,0
rna+H3K27me3-TAGGATGACACTTCGA,0
rna+H3K27me3-TAGGATGACAGCGTTA,0
rna+H3K27me3-TAGGATGACATACCAA,0
rna+H3K27me3-TAGGATGACCAGTTCA,0
rna+H3K27me3-TAGGATGACCGAAGTA,0
rna+H3K27me3-TAGGATGACCGTGAGA,5
rna+H3K27me3-TAGGATGACCTCCTGA,0
rna+H3K27me3-TAGGATGAAGTGGTCA,7
rna+H3K27me3-TAGGATGACGAACTTA,3
rna+H3K27me3-TAGGATGACGACTGGA,0
rna+H3K27me3-TAGGATGACGCATACA,0
rna+H3K27me3-TAGGATGACTCAATGA,0
rna+H3K27me3-TAGGATGACTGAGCCA,7
rna+H3K27me3-TAGGATGACTGGCATA,5
rna+H3K27me3-TAGGATGAGAATCTGA,0
rna+H3K27me3-TAGGATGACAAGACTA,5
rna+H3K27me3-TAGGATGAGAGCTGAA,0
rna+H3K27me3-TAGGATGAGATAGACA,0
rna+H3K27me3-TAGGATGAACCACTGT,1
rna+H3K27me3-TAGGATGAGCCACATA,0
rna+H3K27me3-TAGGATGAGCGAGTAA,0
rna+H3K27me3-TAGGATGAGCTAACGA,12
rna+H3K27me3-TAGGATGAGCTCGGTA,0
rna+H3K27me3-TAGGATGAGGAGAACA,0
rna+H3K27me3-TAGGATGAGGTGCGAA,0
rna+H3K27me3-TAGGATGAGTACGCAA,12
rna+H3K27me3-TAGGATGAGTCGTAGA,0
rna+H3K27me3-TAGGATGAGTCTGTCA,0
rna+H3K27me3-TAGGATGAGTGTTCTA,0
rna+H3K27me3-TAGGATGAACATTGGC,5
rna+H3K27me3-TAGGATGATAGGATGA,0
rna+H3K27me3-TAGGATGATATCAGCA,0
rna+H3K27me3-TAGGATGATCCGTCTA,4
rna+H3K27me3-TAGGATGATCTTCACA,0
rna+H3K27me3-TAGGATGATGAAGAGA,0
rna+H3K27me3-TAGGATGATGGAACAA,0
rna+H3K27me3-TAGGATGATGGCTTCA,0
rna+H3K27me3-TAGGATGATGGTGGTA,0
rna+H3K27me3-TAGGATGATTCACGCA,12
rna+H3K27me3-TAGGATGAAACTCACC,7
rna+H3K27me3-TAGGATGACAGATCTG,1
rna+H3K27me3-TAGGATGAAAGAGATC,6
rna+H3K27me3-TAGGATGAAAGGACAC,6
rna+H3K27me3-TAGGATGAAATCCGTC,6
rna+H3K27me3-TAGGATGAAATGTTGC,6
rna+H3K27me3-TAGGATGAACACGACC,6
rna+H3K27me3-TAGGATGAACAGATTC,4
rna+H3K27me3-TAGGATGAAGATGTAC,6
rna+H3K27me3-TAGGATGAAGCACCTC,5
rna+H3K27me3-TAGGATGAAGCCATGC,4
rna+H3K27me3-TAGGATGAAGGCTAAC,7
rna+H3K27me3-TAGGATGACATCAAGT,2
rna+H3K27me3-TAGGATGAATAGCGAC,3
rna+H3K27me3-TAGGATGAATCATTCC,6
rna+H3K27me3-TAGGATGAATTGGCTC,4
rna+H3K27me3-TAGGATGACAAGGAGC,4
rna+H3K27me3-TAGGATGACACCTTAC,4
rna+H3K27me3-TAGGATGACCATCCTC,6
rna+H3K27me3-TAGGATGACCGACAAC,4
rna+H3K27me3-TAGGATGACCTAATCC,4
rna+H3K27me3-TAGGATGACCTCTATC,4
rna+H3K27me3-TAGGATGACGACACAC,4
rna+H3K27me3-TAGGATGACGCTGATC,1
rna+H3K27me3-TAGGATGACGGATTGC,9
rna+H3K27me3-TAGGATGACTAAGGTC,3
rna+H3K27me3-TAGGATGAGAACAGGC,4
rna+H3K27me3-TAGGATGAGACAGTGC,5
rna+H3K27me3-TAGGATGAGAGTTAGC,4
rna+H3K27me3-TAGGATGAGATGAATC,4
rna+H3K27me3-TAGGATGAGCCAAGAC,6
rna+H3K27me3-TAGGATGACGGAAGAA,4
rna+H3K27me3-TAGGATGAGTGACAAG,3
rna+H3K27me3-TAGGATGAGAACCAGA,4
rna+H3K27me3-GTGTTCTAAACGTGAT,1
rna+H3K27me3-GTGTTCTAACAAGCTA,1
rna+H3K27me3-GTGTTCTATTGCTGGA,4
rna+H3K27me3-GTGTTCTACTGTAGCC,1
rna+H3K27me3-GTGTTCTAAGTACAAG,5
rna+H3K27me3-GTGTTCTAAACAACCA,2
rna+H3K27me3-GTGTTCTAAACCGAGA,6
rna+H3K27me3-GTGTTCTAAACGCTTA,2
rna+H3K27me3-GTGTTCTAAAGACGGA,2
rna+H3K27me3-GTGTTCTAAAGGTACA,2
rna+H3K27me3-GTGTTCTAACACAGAA,2
rna+H3K27me3-GTGTTCTAACAGCAGA,2
rna+H3K27me3-GTGTTCTAAAACATCG,7
rna+H3K27me3-GTGTTCTAACCTCCAA,5
rna+H3K27me3-GTGTTCTAACGCTCGA,8
rna+H3K27me3-GTGTTCTAACGTATCA,2
rna+H3K27me3-GTGTTCTAACTATGCA,7
rna+H3K27me3-GTGTTCTAAGAGTCAA,7
rna+H3K27me3-GTGTTCTAAGATCGCA,4
rna+H3K27me3-GTGTTCTAAGCAGGAA,1
rna+H3K27me3-GTGTTCTAAGTCACTA,0
rna+H3K27me3-GTGTTCTAATCCTGTA,0
rna+H3K27me3-GTGTTCTAATTGAGGA,11
rna+H3K27me3-GTGTTCTAATGCCTAA,1
rna+H3K27me3-GTGTTCTACAACCACA,0
rna+H3K27me3-GTGTTCTAGACTAGTA,0
rna+H3K27me3-GTGTTCTACAATGGAA,0
rna+H3K27me3-GTGTTCTACACTTCGA,0
rna+H3K27me3-GTGTTCTACAGCGTTA,0
rna+H3K27me3-GTGTTCTACATACCAA,0
rna+H3K27me3-GTGTTCTACCAGTTCA,8
rna+H3K27me3-GTGTTCTACCGAAGTA,0
rna+H3K27me3-GTGTTCTACCGTGAGA,0
rna+H3K27me3-GTGTTCTACCTCCTGA,0
rna+H3K27me3-GTGTTCTAAGTGGTCA,5
rna+H3K27me3-GTGTTCTACGAACTTA,8
rna+H3K27me3-GTGTTCTACGACTGGA,0
rna+H3K27me3-GTGTTCTACGCATACA,3
rna+H3K27me3-GTGTTCTACTCAATGA,0
rna+H3K27me3-GTGTTCTACTGAGCCA,0
rna+H3K27me3-GTGTTCTACTGGCATA,6
rna+H3K27me3-GTGTTCTAGAATCTGA,7
rna+H3K27me3-GTGTTCTACAAGACTA,3
rna+H3K27me3-GTGTTCTAGAGCTGAA,0
rna+H3K27me3-GTGTTCTAGATAGACA,0
rna+H3K27me3-GTGTTCTAACCACTGT,10
rna+H3K27me3-GTGTTCTAGCCACATA,0
rna+H3K27me3-GTGTTCTAGCGAGTAA,0
rna+H3K27me3-GTGTTCTAGCTAACGA,0
rna+H3K27me3-GTGTTCTAGCTCGGTA,0
rna+H3K27me3-GTGTTCTAGGAGAACA,0
rna+H3K27me3-GTGTTCTAGGTGCGAA,0
rna+H3K27me3-GTGTTCTAGTACGCAA,4
rna+H3K27me3-GTGTTCTAGTCGTAGA,0
rna+H3K27me3-GTGTTCTAGTCTGTCA,14
rna+H3K27me3-GTGTTCTAGTGTTCTA,0
rna+H3K27me3-GTGTTCTAACATTGGC,3
rna+H3K27me3-GTGTTCTATAGGATGA,4
rna+H3K27me3-GTGTTCTATATCAGCA,6
rna+H3K27me3-GTGTTCTATCCGTCTA,0
rna+H3K27me3-GTGTTCTATCTTCACA,7
rna+H3K27me3-GTGTTCTATGAAGAGA,9
rna+H3K27me3-GTGTTCTATGGAACAA,0
rna+H3K27me3-GTGTTCTATGGCTTCA,0
rna+H3K27me3-GTGTTCTATGGTGGTA,0
rna+H3K27me3-GTGTTCTATTCACGCA,0
rna+H3K27me3-GTGTTCTAAACTCACC,14
rna+H3K27me3-GTGTTCTACAGATCTG,3
rna+H3K27me3-GTGTTCTAAAGAGATC,7
rna+H3K27me3-GTGTTCTAAAGGACAC,6
rna+H3K27me3-GTGTTCTAAATCCGTC,6
rna+H3K27me3-GTGTTCTAAATGTTGC,6
rna+H3K27me3-GTGTTCTAACACGACC,6
rna+H3K27me3-GTGTTCTAACAGATTC,6
rna+H3K27me3-GTGTTCTAAGATGTAC,4
rna+H3K27me3-GTGTTCTAAGCACCTC,4
rna+H3K27me3-GTGTTCTAAGCCATGC,4
rna+H3K27me3-GTGTTCTAAGGCTAAC,4
rna+H3K27me3-GTGTTCTACATCAAGT,4
rna+H3K27me3-GTGTTCTAATAGCGAC,6
rna+H3K27me3-GTGTTCTAATCATTCC,3
rna+H3K27me3-GTGTTCTAATTGGCTC,4
rna+H3K27me3-GTGTTCTACAAGGAGC,4
rna+H3K27me3-GTGTTCTACACCTTAC,6
rna+H3K27me3-GTGTTCTACCATCCTC,6
rna+H3K27me3-GTGTTCTACCGACAAC,3
rna+H3K27me3-GTGTTCTACCTAATCC,3
rna+H3K27me3-GTGTTCTACCTCTATC,9
rna+H3K27me3-GTGTTCTACGACACAC,3
rna+H3K27me3-GTGTTCTACGCTGATC,1
rna+H3K27me3-GTGTTCTACGGATTGC,4
rna+H3K27me3-GTGTTCTACTAAGGTC,6
rna+H3K27me3-GTGTTCTAGAACAGGC,5
rna+H3K27me3-GTGTTCTAGACAGTGC,4
rna+H3K27me3-GTGTTCTAGAGTTAGC,4
rna+H3K27me3-GTGTTCTAGATGAATC,4
rna+H3K27me3-GTGTTCTAGCCAAGAC,9
rna+H3K27me3-GTGTTCTACGGAAGAA,5
rna+H3K27me3-GTGTTCTAGTGACAAG,4
rna+H3K27me3-GTGTTCTAGAACCAGA,3
rna+H3K27me3-GTCTGTCAAACGTGAT,1
rna+H3K27me3-GTCTGTCAACAAGCTA,7
rna+H3K27me3-GTCTGTCATTGCTGGA,4
rna+H3K27me3-GTCTGTCACTGTAGCC,2
rna+H3K27me3-GTCTGTCAAGTACAAG,2
rna+H3K27me3-GTCTGTCAAACAACCA,2
rna+H3K27me3-GTCTGTCAAACCGAGA,2
rna+H3K27me3-GTCTGTCAAACGCTTA,14
rna+H3K27me3-GTCTGTCAAAGACGGA,1
rna+H3K27me3-GTCTGTCAAAGGTACA,5
rna+H3K27me3-GTCTGTCAACACAGAA,2
rna+H3K27me3-GTCTGTCAACAGCAGA,2
rna+H3K27me3-GTCTGTCAAAACATCG,1
rna+H3K27me3-GTCTGTCAACCTCCAA,2
rna+H3K27me3-GTCTGTCAACGCTCGA,2
rna+H3K27me3-GTCTGTCAACGTATCA,3
rna+H3K27me3-GTCTGTCAACTATGCA,9
rna+H3K27me3-GTCTGTCAAGAGTCAA,7
rna+H3K27me3-GTCTGTCAAGATCGCA,8
rna+H3K27me3-GTCTGTCAAGCAGGAA,0
rna+H3K27me3-GTCTGTCAAGTCACTA,0
rna+H3K27me3-GTCTGTCAATCCTGTA,0
rna+H3K27me3-GTCTGTCAATTGAGGA,0
rna+H3K27me3-GTCTGTCAATGCCTAA,5
rna+H3K27me3-GTCTGTCACAACCACA,0
rna+H3K27me3-GTCTGTCAGACTAGTA,10
rna+H3K27me3-GTCTGTCACAATGGAA,0
rna+H3K27me3-GTCTGTCACACTTCGA,5
rna+H3K27me3-GTCTGTCACAGCGTTA,0
rna+H3K27me3-GTCTGTCACATACCAA,0
rna+H3K27me3-GTCTGTCACCAGTTCA,0
rna+H3K27me3-GTCTGTCACCGAAGTA,0
rna+H3K27me3-GTCTGTCACCGTGAGA,0
rna+H3K27me3-GTCTGTCACCTCCTGA,0
rna+H3K27me3-GTCTGTCAAGTGGTCA,3
rna+H3K27me3-GTCTGTCACGAACTTA,0
rna+H3K27me3-GTCTGTCACGACTGGA,0
rna+H3K27me3-GTCTGTCACGCATACA,7
rna+H3K27me3-GTCTGTCACTCAATGA,0
rna+H3K27me3-GTCTGTCACTGAGCCA,0
rna+H3K27me3-GTCTGTCACTGGCATA,4
rna+H3K27me3-GTCTGTCAGAATCTGA,0
rna+H3K27me3-GTCTGTCACAAGACTA,0
rna+H3K27me3-GTCTGTCAGAGCTGAA,0
rna+H3K27me3-GTCTGTCAGATAGACA,0
rna+H3K27me3-GTCTGTCAACCACTGT,7
rna+H3K27me3-GTCTGTCAGCCACATA,0
rna+H3K27me3-GTCTGTCAGCGAGTAA,0
rna+H3K27me3-GTCTGTCAGCTAACGA,0
rna+H3K27me3-GTCTGTCAGCTCGGTA,0
rna+H3K27me3-GTCTGTCAGGAGAACA,0
rna+H3K27me3-GTCTGTCAGGTGCGAA,6
rna+H3K27me3-GTCTGTCAGTACGCAA,5
rna+H3K27me3-GTCTGTCAGTCGTAGA,0
rna+H3K27me3-GTCTGTCAGTCTGTCA,8
rna+H3K27me3-GTCTGTCAGTGTTCTA,0
rna+H3K27me3-GTCTGTCAACATTGGC,2
rna+H3K27me3-GTCTGTCATAGGATGA,0
rna+H3K27me3-GTCTGTCATATCAGCA,0
rna+H3K27me3-GTCTGTCATCCGTCTA,0
rna+H3K27me3-GTCTGTCATCTTCACA,0
rna+H3K27me3-GTCTGTCATGAAGAGA,0
rna+H3K27me3-GTCTGTCATGGAACAA,0
rna+H3K27me3-GTCTGTCATGGCTTCA,8
rna+H3K27me3-GTCTGTCATGGTGGTA,0
rna+H3K27me3-GTCTGTCATTCACGCA,0
rna+H3K27me3-GTCTGTCAAACTCACC,0
rna+H3K27me3-GTCTGTCACAGATCTG,4
rna+H3K27me3-GTCTGTCAAAGAGATC,0
rna+H3K27me3-GTCTGTCAAAGGACAC,6
rna+H3K27me3-GTCTGTCAAATCCGTC,5
rna+H3K27me3-GTCTGTCAAATGTTGC,6
rna+H3K27me3-GTCTGTCAACACGACC,6
rna+H3K27me3-GTCTGTCAACAGATTC,6
rna+H3K27me3-GTCTGTCAAGATGTAC,6
rna+H3K27me3-GTCTGTCAAGCACCTC,4
rna+H3K27me3-GTCTGTCAAGCCATGC,6
rna+H3K27me3-GTCTGTCAAGGCTAAC,4
rna+H3K27me3-GTCTGTCACATCAAGT,10
rna+H3K27me3-GTCTGTCAATAGCGAC,4
rna+H3K27me3-GTCTGTCAATCATTCC,3
rna+H3K27me3-GTCTGTCAATTGGCTC,4
rna+H3K27me3-GTCTGTCACAAGGAGC,4
rna+H3K27me3-GTCTGTCACACCTTAC,4
rna+H3K27me3-GTCTGTCACCATCCTC,4
rna+H3K27me3-GTCTGTCACCGACAAC,4
rna+H3K27me3-GTCTGTCACCTAATCC,4
rna+H3K27me3-GTCTGTCACCTCTATC,4
rna+H3K27me3-GTCTGTCACGACACAC,3
rna+H3K27me3-GTCTGTCACGCTGATC,2
rna+H3K27me3-GTCTGTCACGGATTGC,3
rna+H3K27me3-GTCTGTCACTAAGGTC,4
rna+H3K27me3-GTCTGTCAGAACAGGC,4
rna+H3K27me3-GTCTGTCAGACAGTGC,7
rna+H3K27me3-GTCTGTCAGAGTTAGC,4
rna+H3K27me3-GTCTGTCAGATGAATC,4
rna+H3K27me3-GTCTGTCAGCCAAGAC,3
rna+H3K27me3-GTCTGTCACGGAAGAA,9
rna+H3K27me3-GTCTGTCAGTGACAAG,4
rna+H3K27me3-GTCTGTCAGAACCAGA,4
rna+H3K27me3-GTCGTAGAAACGTGAT,1
rna+H3K27me3-GTCGTAGAACAAGCTA,3
rna+H3K27me3-GTCGTAGATTGCTGGA,4
rna+H3K27me3-GTCGTAGACTGTAGCC,1
rna+H3K27me3-GTCGTAGAAGTACAAG,1
rna+H3K27me3-GTCGTAGAAACAACCA,3
rna+H3K27me3-GTCGTAGAAACCGAGA,2
rna+H3K27me3-GTCGTAGAAACGCTTA,6
rna+H3K27me3-GTCGTAGAAAGACGGA,13
rna+H3K27me3-GTCGTAGAAAGGTACA,2
rna+H3K27me3-GTCGTAGAACACAGAA,9
rna+H3K27me3-GTCGTAGAACAGCAGA,2
rna+H3K27me3-GTCGTAGAAAACATCG,2
rna+H3K27me3-GTCGTAGAACCTCCAA,5
rna+H3K27me3-GTCGTAGAACGCTCGA,2
rna+H3K27me3-GTCGTAGAACGTATCA,5
rna+H3K27me3-GTCGTAGAACTATGCA,3
rna+H3K27me3-GTCGTAGAAGAGTCAA,4
rna+H3K27me3-GTCGTAGAAGATCGCA,4
rna+H3K27me3-GTCGTAGAAGCAGGAA,0
rna+H3K27me3-GTCGTAGAAGTCACTA,0
rna+H3K27me3-GTCGTAGAATCCTGTA,2
rna+H3K27me3-GTCGTAGAATTGAGGA,5
rna+H3K27me3-GTCGTAGAATGCCTAA,1
rna+H3K27me3-GTCGTAGACAACCACA,0
rna+H3K27me3-GTCGTAGAGACTAGTA,0
rna+H3K27me3-GTCGTAGACAATGGAA,0
rna+H3K27me3-GTCGTAGACACTTCGA,0
rna+H3K27me3-GTCGTAGACAGCGTTA,0
rna+H3K27me3-GTCGTAGACATACCAA,0
rna+H3K27me3-GTCGTAGACCAGTTCA,0
rna+H3K27me3-GTCGTAGACCGAAGTA,14
rna+H3K27me3-GTCGTAGACCGTGAGA,0
rna+H3K27me3-GTCGTAGACCTCCTGA,0
rna+H3K27me3-GTCGTAGAAGTGGTCA,3
rna+H3K27me3-GTCGTAGACGAACTTA,0
rna+H3K27me3-GTCGTAGACGACTGGA,14
rna+H3K27me3-GTCGTAGACGCATACA,5
rna+H3K27me3-GTCGTAGACTCAATGA,3
rna+H3K27me3-GTCGTAGACTGAGCCA,0
rna+H3K27me3-GTCGTAGACTGGCATA,0
rna+H3K27me3-GTCGTAGAGAATCTGA,0
rna+H3K27me3-GTCGTAGACAAGACTA,0
rna+H3K27me3-GTCGTAGAGAGCTGAA,12
rna+H3K27me3-GTCGTAGAGATAGACA,3
rna+H3K27me3-GTCGTAGAACCACTGT,1
rna+H3K27me3-GTCGTAGAGCCACATA,0
rna+H3K27me3-GTCGTAGAGCGAGTAA,0
rna+H3K27me3-GTCGTAGAGCTAACGA,0
rna+H3K27me3-GTCGTAGAGCTCGGTA,5
rna+H3K27me3-GTCGTAGAGGAGAACA,0
rna+H3K27me3-GTCGTAGAGGTGCGAA,0
rna+H3K27me3-GTCGTAGAGTACGCAA,7
rna+H3K27me3-GTCGTAGAGTCGTAGA,3
rna+H3K27me3-GTCGTAGAGTCTGTCA,3
rna+H3K27me3-GTCGTAGAGTGTTCTA,0
rna+H3K27me3-GTCGTAGAACATTGGC,2
rna+H3K27me3-GTCGTAGATAGGATGA,0
rna+H3K27me3-GTCGTAGATATCAGCA,4
rna+H3K27me3-GTCGTAGATCCGTCTA,0
rna+H3K27me3-GTCGTAGATCTTCACA,4
rna+H3K27me3-GTCGTAGATGAAGAGA,6
rna+H3K27me3-GTCGTAGATGGAACAA,5
rna+H3K27me3-GTCGTAGATGGCTTCA,0
rna+H3K27me3-GTCGTAGATGGTGGTA,0
rna+H3K27me3-GTCGTAGATTCACGCA,8
rna+H3K27me3-GTCGTAGAAACTCACC,14
rna+H3K27me3-GTCGTAGACAGATCTG,3
rna+H3K27me3-GTCGTAGAAAGAGATC,0
rna+H3K27me3-GTCGTAGAAAGGACAC,6
rna+H3K27me3-GTCGTAGAAATCCGTC,6
rna+H3K27me3-GTCGTAGAAATGTTGC,6
rna+H3K27me3-GTCGTAGAACACGACC,6
rna+H3K27me3-GTCGTAGAACAGATTC,6
rna+H3K27me3-GTCGTAGAAGATGTAC,6
rna+H3K27me3-GTCGTAGAAGCACCTC,6
rna+H3K27me3-GTCGTAGAAGCCATGC,6
rna+H3K27me3-GTCGTAGAAGGCTAAC,4
rna+H3K27me3-GTCGTAGACATCAAGT,1
rna+H3K27me3-GTCGTAGAATAGCGAC,4
rna+H3K27me3-GTCGTAGAATCATTCC,4
rna+H3K27me3-GTCGTAGAATTGGCTC,4
rna+H3K27me3-GTCGTAGACAAGGAGC,4
rna+H3K27me3-GTCGTAGACACCTTAC,4
rna+H3K27me3-GTCGTAGACCATCCTC,4
rna+H3K27me3-GTCGTAGACCGACAAC,3
rna+H3K27me3-GTCGTAGACCTAATCC,4
rna+H3K27me3-GTCGTAGACCTCTATC,3
rna+H3K27me3-GTCGTAGACGACACAC,5
rna+H3K27me3-GTCGTAGACGCTGATC,1
rna+H3K27me3-GTCGTAGACGGATTGC,4
rna+H3K27me3-GTCGTAGACTAAGGTC,6
rna+H3K27me3-GTCGTAGAGAACAGGC,4
rna+H3K27me3-GTCGTAGAGACAGTGC,4
rna+H3K27me3-GTCGTAGAGAGTTAGC,9
rna+H3K27me3-GTCGTAGAGATGAATC,4
rna+H3K27me3-GTCGTAGAGCCAAGAC,4
rna+H3K27me3-GTCGTAGACGGAAGAA,4
rna+H3K27me3-GTCGTAGAGTGACAAG,4
rna+H3K27me3-GTCGTAGAGAACCAGA,4
rna+H3K27me3-GTACGCAAAACGTGAT,10
rna+H3K27me3-GTACGCAAACAAGCTA,1
rna+H3K27me3-GTACGCAATTGCTGGA,4
rna+H3K27me3-GTACGCAACTGTAGCC,2
rna+H3K27me3-GTACGCAAAGTACAAG,2
rna+H3K27me3-GTACGCAAAACAACCA,2
rna+H3K27me3-GTACGCAAAACCGAGA,1
rna+H3K27me3-GTACGCAAAACGCTTA,2
rna+H3K27me3-GTACGCAAAAGACGGA,3
rna+H3K27me3-GTACGCAAAAGGTACA,6
rna+H3K27me3-GTACGCAAACACAGAA,2
rna+H3K27me3-GTACGCAAACAGCAGA,7
rna+H3K27me3-GTACGCAAAAACATCG,1
rna+H3K27me3-GTACGCAAACCTCCAA,7
rna+H3K27me3-GTACGCAAACGCTCGA,6
rna+H3K27me3-GTACGCAAACGTATCA,4
rna+H3K27me3-GTACGCAAACTATGCA,9
rna+H3K27me3-GTACGCAAAGAGTCAA,4
rna+H3K27me3-GTACGCAAAGATCGCA,6
rna+H3K27me3-GTACGCAAAGCAGGAA,0
rna+H3K27me3-GTACGCAAAGTCACTA,0
rna+H3K27me3-GTACGCAAATCCTGTA,0
rna+H3K27me3-GTACGCAAATTGAGGA,0
rna+H3K27me3-GTACGCAAATGCCTAA,3
rna+H3K27me3-GTACGCAACAACCACA,3
rna+H3K27me3-GTACGCAAGACTAGTA,0
rna+H3K27me3-GTACGCAACAATGGAA,0
rna+H3K27me3-GTACGCAACACTTCGA,0
rna+H3K27me3-GTACGCAACAGCGTTA,0
rna+H3K27me3-GTACGCAACATACCAA,0
rna+H3K27me3-GTACGCAACCAGTTCA,0
rna+H3K27me3-GTACGCAACCGAAGTA,0
rna+H3K27me3-GTACGCAACCGTGAGA,0
rna+H3K27me3-GTACGCAACCTCCTGA,0
rna+H3K27me3-GTACGCAAAGTGGTCA,12
rna+H3K27me3-GTACGCAACGAACTTA,0
rna+H3K27me3-GTACGCAACGACTGGA,5
rna+H3K27me3-GTACGCAACGCATACA,5
rna+H3K27me3-GTACGCAACTCAATGA,0
rna+H3K27me3-GTACGCAACTGAGCCA,0
rna+H3K27me3-GTACGCAACTGGCATA,0
rna+H3K27me3-GTACGCAAGAATCTGA,5
rna+H3K27me3-GTACGCAACAAGACTA,0
rna+H3K27me3-GTACGCAAGAGCTGAA,0
rna+H3K27me3-GTACGCAAGATAGACA,5
rna+H3K27me3-GTACGCAAACCACTGT,1
rna+H3K27me3-GTACGCAAGCCACATA,0
rna+H3K27me3-GTACGCAAGCGAGTAA,7
rna+H3K27me3-GTACGCAAGCTAACGA,0
rna+H3K27me3-GTACGCAAGCTCGGTA,12
rna+H3K27me3-GTACGCAAGGAGAACA,0
rna+H3K27me3-GTACGCAAGGTGCGAA,0
rna+H3K27me3-GTACGCAAGTACGCAA,0
rna+H3K27me3-GTACGCAAGTCGTAGA,0
rna+H3K27me3-GTACGCAAGTCTGTCA,0
rna+H3K27me3-GTACGCAAGTGTTCTA,0
rna+H3K27me3-GTACGCAAACATTGGC,10
rna+H3K27me3-GTACGCAATAGGATGA,0
rna+H3K27me3-GTACGCAATATCAGCA,0
rna+H3K27me3-GTACGCAATCCGTCTA,0
rna+H3K27me3-GTACGCAATCTTCACA,4
rna+H3K27me3-GTACGCAATGAAGAGA,4
rna+H3K27me3-GTACGCAATGGAACAA,6
rna+H3K27me3-GTACGCAATGGCTTCA,0
rna+H3K27me3-GTACGCAATGGTGGTA,0
rna+H3K27me3-GTACGCAATTCACGCA,12
rna+H3K27me3-GTACGCAAAACTCACC,0
rna+H3K27me3-GTACGCAACAGATCTG,3
rna+H3K27me3-GTACGCAAAAGAGATC,0
rna+H3K27me3-GTACGCAAAAGGACAC,6
rna+H3K27me3-GTACGCAAAATCCGTC,6
rna+H3K27me3-GTACGCAAAATGTTGC,6
rna+H3K27me3-GTACGCAAACACGACC,6
rna+H3K27me3-GTACGCAAACAGATTC,6
rna+H3K27me3-GTACGCAAAGATGTAC,5
rna+H3K27me3-GTACGCAAAGCACCTC,3
rna+H3K27me3-GTACGCAAAGCCATGC,4
rna+H3K27me3-GTACGCAAAGGCTAAC,6
rna+H3K27me3-GTACGCAACATCAAGT,4
rna+H3K27me3-GTACGCAAATAGCGAC,4
rna+H3K27me3-GTACGCAAATCATTCC,5
rna+H3K27me3-GTACGCAAATTGGCTC,3
rna+H3K27me3-GTACGCAACAAGGAGC,4
rna+H3K27me3-GTACGCAACACCTTAC,4
rna+H3K27me3-GTACGCAACCATCCTC,3
rna+H3K27me3-GTACGCAACCGACAAC,4
rna+H3K27me3-GTACGCAACCTAATCC,7
rna+H3K27me3-GTACGCAACCTCTATC,4
rna+H3K27me3-GTACGCAACGACACAC,4
rna+H3K27me3-GTACGCAACGCTGATC,5
rna+H3K27me3-GTACGCAACGGATTGC,4
rna+H3K27me3-GTACGCAACTAAGGTC,4
rna+H3K27me3-GTACGCAAGAACAGGC,4
rna+H3K27me3-GTACGCAAGACAGTGC,4
rna+H3K27me3-GTACGCAAGAGTTAGC,6
rna+H3K27me3-GTACGCAAGATGAATC,3
rna+H3K27me3-GTACGCAAGCCAAGAC,6
rna+H3K27me3-GTACGCAACGGAAGAA,4
rna+H3K27me3-GTACGCAAGTGACAAG,4
rna+H3K27me3-GTACGCAAGAACCAGA,9
rna+H3K27me3-GGTGCGAAAACGTGAT,1
rna+H3K27me3-GGTGCGAAACAAGCTA,10
rna+H3K27me3-GGTGCGAATTGCTGGA,5
rna+H3K27me3-GGTGCGAACTGTAGCC,11
rna+H3K27me3-GGTGCGAAAGTACAAG,1
rna+H3K27me3-GGTGCGAAAACAACCA,1
rna+H3K27me3-GGTGCGAAAACCGAGA,10
rna+H3K27me3-GGTGCGAAAACGCTTA,2
rna+H3K27me3-GGTGCGAAAAGACGGA,3
rna+H3K27me3-GGTGCGAAAAGGTACA,2
rna+H3K27me3-GGTGCGAAACACAGAA,3
rna+H3K27me3-GGTGCGAAACAGCAGA,2
rna+H3K27me3-GGTGCGAAAAACATCG,3
rna+H3K27me3-GGTGCGAAACCTCCAA,2
rna+H3K27me3-GGTGCGAAACGCTCGA,1
rna+H3K27me3-GGTGCGAAACGTATCA,4
rna+H3K27me3-GGTGCGAAACTATGCA,4
rna+H3K27me3-GGTGCGAAAGAGTCAA,4
rna+H3K27me3-GGTGCGAAAGATCGCA,0
rna+H3K27me3-GGTGCGAAAGCAGGAA,0
rna+H3K27me3-GGTGCGAAAGTCACTA,0
rna+H3K27me3-GGTGCGAAATCCTGTA,0
rna+H3K27me3-GGTGCGAAATTGAGGA,3
rna+H3K27me3-GGTGCGAAATGCCTAA,1
rna+H3K27me3-GGTGCGAACAACCACA,0
rna+H3K27me3-GGTGCGAAGACTAGTA,0
rna+H3K27me3-GGTGCGAACAATGGAA,0
rna+H3K27me3-GGTGCGAACACTTCGA,0
rna+H3K27me3-GGTGCGAACAGCGTTA,5
rna+H3K27me3-GGTGCGAACATACCAA,0
rna+H3K27me3-GGTGCGAACCAGTTCA,4
rna+H3K27me3-GGTGCGAACCGAAGTA,0
rna+H3K27me3-GGTGCGAACCGTGAGA,0
rna+H3K27me3-GGTGCGAACCTCCTGA,0
rna+H3K27me3-GGTGCGAAAGTGGTCA,3
rna+H3K27me3-GGTGCGAACGAACTTA,0
rna+H3K27me3-GGTGCGAACGACTGGA,0
rna+H3K27me3-GGTGCGAACGCATACA,0
rna+H3K27me3-GGTGCGAACTCAATGA,13
rna+H3K27me3-GGTGCGAACTGAGCCA,0
rna+H3K27me3-GGTGCGAACTGGCATA,0
rna+H3K27me3-GGTGCGAAGAATCTGA,0
rna+H3K27me3-GGTGCGAACAAGACTA,3
rna+H3K27me3-GGTGCGAAGAGCTGAA,5
rna+H3K27me3-GGTGCGAAGATAGACA,0
rna+H3K27me3-GGTGCGAAACCACTGT,1
rna+H3K27me3-GGTGCGAAGCCACATA,0
rna+H3K27me3-GGTGCGAAGCGAGTAA,0
rna+H3K27me3-GGTGCGAAGCTAACGA,0
rna+H3K27me3-GGTGCGAAGCTCGGTA,8
rna+H3K27me3-GGTGCGAAGGAGAACA,0
rna+H3K27me3-GGTGCGAAGGTGCGAA,11
rna+H3K27me3-GGTGCGAAGTACGCAA,0
rna+H3K27me3-GGTGCGAAGTCGTAGA,0
rna+H3K27me3-GGTGCGAAGTCTGTCA,0
rna+H3K27me3-GGTGCGAAGTGTTCTA,0
rna+H3K27me3-GGTGCGAAACATTGGC,3
rna+H3K27me3-GGTGCGAATAGGATGA,0
rna+H3K27me3-GGTGCGAATATCAGCA,5
rna+H3K27me3-GGTGCGAATCCGTCTA,0
rna+H3K27me3-GGTGCGAATCTTCACA,0
rna+H3K27me3-GGTGCGAATGAAGAGA,3
rna+H3K27me3-GGTGCGAATGGAACAA,0
rna+H3K27me3-GGTGCGAATGGCTTCA,3
rna+H3K27me3-GGTGCGAATGGTGGTA,0
rna+H3K27me3-GGTGCGAATTCACGCA,0
rna+H3K27me3-GGTGCGAAAACTCACC,10
rna+H3K27me3-GGTGCGAACAGATCTG,2
rna+H3K27me3-GGTGCGAAAAGAGATC,0
rna+H3K27me3-GGTGCGAAAAGGACAC,6
rna+H3K27me3-GGTGCGAAAATCCGTC,6
rna+H3K27me3-GGTGCGAAAATGTTGC,6
rna+H3K27me3-GGTGCGAAACACGACC,6
rna+H3K27me3-GGTGCGAAACAGATTC,6
rna+H3K27me3-GGTGCGAAAGATGTAC,7
rna+H3K27me3-GGTGCGAAAGCACCTC,6
rna+H3K27me3-GGTGCGAAAGCCATGC,4
rna+H3K27me3-GGTGCGAAAGGCTAAC,4
rna+H3K27me3-GGTGCGAACATCAAGT,11
rna+H3K27me3-GGTGCGAAATAGCGAC,4
rna+H3K27me3-GGTGCGAAATCATTCC,4
rna+H3K27me3-GGTGCGAAATTGGCTC,4
rna+H3K27me3-GGTGCGAACAAGGAGC,4
rna+H3K27me3-GGTGCGAACACCTTAC,4
rna+H3K27me3-GGTGCGAACCATCCTC,7
rna+H3K27me3-GGTGCGAACCGACAAC,4
rna+H3K27me3-GGTGCGAACCTAATCC,4
rna+H3K27me3-GGTGCGAACCTCTATC,9
rna+H3K27me3-GGTGCGAACGACACAC,10
rna+H3K27me3-GGTGCGAACGCTGATC,5
rna+H3K27me3-GGTGCGAACGGATTGC,4
rna+H3K27me3-GGTGCGAACTAAGGTC,4
rna+H3K27me3-GGTGCGAAGAACAGGC,4
rna+H3K27me3-GGTGCGAAGACAGTGC,4
rna+H3K27me3-GGTGCGAAGAGTTAGC,6
rna+H3K27me3-GGTGCGAAGATGAATC,4
rna+H3K27me3-GGTGCGAAGCCAAGAC,6
rna+H3K27me3-GGTGCGAACGGAAGAA,4
rna+H3K27me3-GGTGCGAAGTGACAAG,4
rna+H3K27me3-GGTGCGAAGAACCAGA,4
rna+H3K27me3-GGAGAACAAACGTGAT,10
rna+H3K27me3-GGAGAACAACAAGCTA,1
rna+H3K27me3-GGAGAACATTGCTGGA,5
rna+H3K27me3-GGAGAACACTGTAGCC,2
rna+H3K27me3-GGAGAACAAGTACAAG,2
rna+H3K27me3-GGAGAACAAACAACCA,2
rna+H3K27me3-GGAGAACAAACCGAGA,2
rna+H3K27me3-GGAGAACAAACGCTTA,2
rna+H3K27me3-GGAGAACAAAGACGGA,1
rna+H3K27me3-GGAGAACAAAGGTACA,1
rna+H3K27me3-GGAGAACAACACAGAA,2
rna+H3K27me3-GGAGAACAACAGCAGA,2
rna+H3K27me3-GGAGAACAAAACATCG,1
rna+H3K27me3-GGAGAACAACCTCCAA,12
rna+H3K27me3-GGAGAACAACGCTCGA,2
rna+H3K27me3-GGAGAACAACGTATCA,8
rna+H3K27me3-GGAGAACAACTATGCA,4
rna+H3K27me3-GGAGAACAAGAGTCAA,4
rna+H3K27me3-GGAGAACAAGATCGCA,7
rna+H3K27me3-GGAGAACAAGCAGGAA,0
rna+H3K27me3-GGAGAACAAGTCACTA,5
rna+H3K27me3-GGAGAACAATCCTGTA,3
rna+H3K27me3-GGAGAACAATTGAGGA,0
rna+H3K27me3-GGAGAACAATGCCTAA,5
rna+H3K27me3-GGAGAACACAACCACA,0
rna+H3K27me3-GGAGAACAGACTAGTA,0
rna+H3K27me3-GGAGAACACAATGGAA,0
rna+H3K27me3-GGAGAACACACTTCGA,0
rna+H3K27me3-GGAGAACACAGCGTTA,0
rna+H3K27me3-GGAGAACACATACCAA,0
rna+H3K27me3-GGAGAACACCAGTTCA,0
rna+H3K27me3-GGAGAACACCGAAGTA,0
rna+H3K27me3-GGAGAACACCGTGAGA,0
rna+H3K27me3-GGAGAACACCTCCTGA,0
rna+H3K27me3-GGAGAACAAGTGGTCA,3
rna+H3K27me3-GGAGAACACGAACTTA,0
rna+H3K27me3-GGAGAACACGACTGGA,0
rna+H3K27me3-GGAGAACACGCATACA,6
rna+H3K27me3-GGAGAACACTCAATGA,0
rna+H3K27me3-GGAGAACACTGAGCCA,0
rna+H3K27me3-GGAGAACACTGGCATA,14
rna+H3K27me3-GGAGAACAGAATCTGA,8
rna+H3K27me3-GGAGAACACAAGACTA,0
rna+H3K27me3-GGAGAACAGAGCTGAA,0
rna+H3K27me3-GGAGAACAGATAGACA,4
rna+H3K27me3-GGAGAACAACCACTGT,5
rna+H3K27me3-GGAGAACAGCCACATA,0
rna+H3K27me3-GGAGAACAGCGAGTAA,4
rna+H3K27me3-GGAGAACAGCTAACGA,11
rna+H3K27me3-GGAGAACAGCTCGGTA,0
rna+H3K27me3-GGAGAACAGGAGAACA,14
rna+H3K27me3-GGAGAACAGGTGCGAA,0
rna+H3K27me3-GGAGAACAGTACGCAA,0
rna+H3K27me3-GGAGAACAGTCGTAGA,0
rna+H3K27me3-GGAGAACAGTCTGTCA,0
rna+H3K27me3-GGAGAACAGTGTTCTA,14
rna+H3K27me3-GGAGAACAACATTGGC,1
rna+H3K27me3-GGAGAACATAGGATGA,0
rna+H3K27me3-GGAGAACATATCAGCA,0
rna+H3K27me3-GGAGAACATCCGTCTA,0
rna+H3K27me3-GGAGAACATCTTCACA,13
rna+H3K27me3-GGAGAACATGAAGAGA,0
rna+H3K27me3-GGAGAACATGGAACAA,0
rna+H3K27me3-GGAGAACATGGCTTCA,8
rna+H3K27me3-GGAGAACATGGTGGTA,0
rna+H3K27me3-GGAGAACATTCACGCA,0
rna+H3K27me3-GGAGAACAAACTCACC,12
rna+H3K27me3-GGAGAACACAGATCTG,1
rna+H3K27me3-GGAGAACAAAGAGATC,0
rna+H3K27me3-GGAGAACAAAGGACAC,6
rna+H3K27me3-GGAGAACAAATCCGTC,6
rna+H3K27me3-GGAGAACAAATGTTGC,6
rna+H3K27me3-GGAGAACAACACGACC,6
rna+H3K27me3-GGAGAACAACAGATTC,6
rna+H3K27me3-GGAGAACAAGATGTAC,12
rna+H3K27me3-GGAGAACAAGCACCTC,7
rna+H3K27me3-GGAGAACAAGCCATGC,3
rna+H3K27me3-GGAGAACAAGGCTAAC,7
rna+H3K27me3-GGAGAACACATCAAGT,12
rna+H3K27me3-GGAGAACAATAGCGAC,5
rna+H3K27me3-GGAGAACAATCATTCC,9
rna+H3K27me3-GGAGAACAATTGGCTC,4
rna+H3K27me3-GGAGAACACAAGGAGC,4
rna+H3K27me3-GGAGAACACACCTTAC,4
rna+H3K27me3-GGAGAACACCATCCTC,6
rna+H3K27me3-GGAGAACACCGACAAC,5
rna+H3K27me3-GGAGAACACCTAATCC,4
rna+H3K27me3-GGAGAACACCTCTATC,4
rna+H3K27me3-GGAGAACACGACACAC,4
rna+H3K27me3-GGAGAACACGCTGATC,4
rna+H3K27me3-GGAGAACACGGATTGC,9
rna+H3K27me3-GGAGAACACTAAGGTC,4
rna+H3K27me3-GGAGAACAGAACAGGC,5
rna+H3K27me3-GGAGAACAGACAGTGC,4
rna+H3K27me3-GGAGAACAGAGTTAGC,4
rna+H3K27me3-GGAGAACAGATGAATC,8
rna+H3K27me3-GGAGAACAGCCAAGAC,6
rna+H3K27me3-GGAGAACACGGAAGAA,5
rna+H3K27me3-GGAGAACAGTGACAAG,4
rna+H3K27me3-GGAGAACAGAACCAGA,3
rna+H3K27me3-GCTCGGTAAACGTGAT,1
rna+H3K27me3-GCTCGGTAACAAGCTA,1
rna+H3K27me3-GCTCGGTATTGCTGGA,6
rna+H3K27me3-GCTCGGTACTGTAGCC,2
rna+H3K27me3-GCTCGGTAAGTACAAG,5
rna+H3K27me3-GCTCGGTAAACAACCA,2
rna+H3K27me3-GCTCGGTAAACCGAGA,2
rna+H3K27me3-GCTCGGTAAACGCTTA,2
rna+H3K27me3-GCTCGGTAAAGACGGA,1
rna+H3K27me3-GCTCGGTAAAGGTACA,2
rna+H3K27me3-GCTCGGTAACACAGAA,4
rna+H3K27me3-GCTCGGTAACAGCAGA,1
rna+H3K27me3-GCTCGGTAAAACATCG,1
rna+H3K27me3-GCTCGGTAACCTCCAA,4
rna+H3K27me3-GCTCGGTAACGCTCGA,2
rna+H3K27me3-GCTCGGTAACGTATCA,10
rna+H3K27me3-GCTCGGTAACTATGCA,4
rna+H3K27me3-GCTCGGTAAGAGTCAA,9
rna+H3K27me3-GCTCGGTAAGATCGCA,11
rna+H3K27me3-GCTCGGTAAGCAGGAA,0
rna+H3K27me3-GCTCGGTAAGTCACTA,4
rna+H3K27me3-GCTCGGTAATCCTGTA,0
rna+H3K27me3-GCTCGGTAATTGAGGA,0
rna+H3K27me3-GCTCGGTAATGCCTAA,1
rna+H3K27me3-GCTCGGTACAACCACA,0
rna+H3K27me3-GCTCGGTAGACTAGTA,0
rna+H3K27me3-GCTCGGTACAATGGAA,5
rna+H3K27me3-GCTCGGTACACTTCGA,0
rna+H3K27me3-GCTCGGTACAGCGTTA,0
rna+H3K27me3-GCTCGGTACATACCAA,0
rna+H3K27me3-GCTCGGTACCAGTTCA,12
rna+H3K27me3-GCTCGGTACCGAAGTA,2
rna+H3K27me3-GCTCGGTACCGTGAGA,0
rna+H3K27me3-GCTCGGTACCTCCTGA,0
rna+H3K27me3-GCTCGGTAAGTGGTCA,1
rna+H3K27me3-GCTCGGTACGAACTTA,0
rna+H3K27me3-GCTCGGTACGACTGGA,0
rna+H3K27me3-GCTCGGTACGCATACA,8
rna+H3K27me3-GCTCGGTACTCAATGA,7
rna+H3K27me3-GCTCGGTACTGAGCCA,0
rna+H3K27me3-GCTCGGTACTGGCATA,0
rna+H3K27me3-GCTCGGTAGAATCTGA,5
rna+H3K27me3-GCTCGGTACAAGACTA,0
rna+H3K27me3-GCTCGGTAGAGCTGAA,0
rna+H3K27me3-GCTCGGTAGATAGACA,0
rna+H3K27me3-GCTCGGTAACCACTGT,11
rna+H3K27me3-GCTCGGTAGCCACATA,0
rna+H3K27me3-GCTCGGTAGCGAGTAA,8
rna+H3K27me3-GCTCGGTAGCTAACGA,0
rna+H3K27me3-GCTCGGTAGCTCGGTA,5
rna+H3K27me3-GCTCGGTAGGAGAACA,0
rna+H3K27me3-GCTCGGTAGGTGCGAA,0
rna+H3K27me3-GCTCGGTAGTACGCAA,0
rna+H3K27me3-GCTCGGTAGTCGTAGA,0
rna+H3K27me3-GCTCGGTAGTCTGTCA,0
rna+H3K27me3-GCTCGGTAGTGTTCTA,6
rna+H3K27me3-GCTCGGTAACATTGGC,1
rna+H3K27me3-GCTCGGTATAGGATGA,9
rna+H3K27me3-GCTCGGTATATCAGCA,0
rna+H3K27me3-GCTCGGTATCCGTCTA,0
rna+H3K27me3-GCTCGGTATCTTCACA,0
rna+H3K27me3-GCTCGGTATGAAGAGA,3
rna+H3K27me3-GCTCGGTATGGAACAA,5
rna+H3K27me3-GCTCGGTATGGCTTCA,6
rna+H3K27me3-GCTCGGTATGGTGGTA,0
rna+H3K27me3-GCTCGGTATTCACGCA,8
rna+H3K27me3-GCTCGGTAAACTCACC,0
rna+H3K27me3-GCTCGGTACAGATCTG,1
rna+H3K27me3-GCTCGGTAAAGAGATC,8
rna+H3K27me3-GCTCGGTAAAGGACAC,6
rna+H3K27me3-GCTCGGTAAATCCGTC,6
rna+H3K27me3-GCTCGGTAAATGTTGC,6
rna+H3K27me3-GCTCGGTAACACGACC,6
rna+H3K27me3-GCTCGGTAACAGATTC,12
rna+H3K27me3-GCTCGGTAAGATGTAC,10
rna+H3K27me3-GCTCGGTAAGCACCTC,7
rna+H3K27me3-GCTCGGTAAGCCATGC,7
rna+H3K27me3-GCTCGGTAAGGCTAAC,6
rna+H3K27me3-GCTCGGTACATCAAGT,1
rna+H3K27me3-GCTCGGTAATAGCGAC,6
rna+H3K27me3-GCTCGGTAATCATTCC,14
rna+H3K27me3-GCTCGGTAATTGGCTC,11
rna+H3K27me3-GCTCGGTACAAGGAGC,5
rna+H3K27me3-GCTCGGTACACCTTAC,7
rna+H3K27me3-GCTCGGTACCATCCTC,6
rna+H3K27me3-GCTCGGTACCGACAAC,7
rna+H3K27me3-GCTCGGTACCTAATCC,1
rna+H3K27me3-GCTCGGTACCTCTATC,7
rna+H3K27me3-GCTCGGTACGACACAC,6
rna+H3K27me3-GCTCGGTACGCTGATC,2
rna+H3K27me3-GCTCGGTACGGATTGC,1
rna+H3K27me3-GCTCGGTACTAAGGTC,10
rna+H3K27me3-GCTCGGTAGAACAGGC,2
rna+H3K27me3-GCTCGGTAGACAGTGC,3
rna+H3K27me3-GCTCGGTAGAGTTAGC,6
rna+H3K27me3-GCTCGGTAGATGAATC,7
rna+H3K27me3-GCTCGGTAGCCAAGAC,7
rna+H3K27me3-GCTCGGTACGGAAGAA,7
rna+H3K27me3-GCTCGGTAGTGACAAG,11
rna+H3K27me3-GCTCGGTAGAACCAGA,7
rna+H3K27me3-GCTAACGAAACGTGAT,1
rna+H3K27me3-GCTAACGAACAAGCTA,2
rna+H3K27me3-GCTAACGATTGCTGGA,4
rna+H3K27me3-GCTAACGACTGTAGCC,3
rna+H3K27me3-GCTAACGAAGTACAAG,2
rna+H3K27me3-GCTAACGAAACAACCA,2
rna+H3K27me3-GCTAACGAAACCGAGA,2
rna+H3K27me3-GCTAACGAAACGCTTA,1
rna+H3K27me3-GCTAACGAAAGACGGA,2
rna+H3K27me3-GCTAACGAAAGGTACA,11
rna+H3K27me3-GCTAACGAACACAGAA,9
rna+H3K27me3-GCTAACGAACAGCAGA,6
rna+H3K27me3-GCTAACGAAAACATCG,4
rna+H3K27me3-GCTAACGAACCTCCAA,2
rna+H3K27me3-GCTAACGAACGCTCGA,4
rna+H3K27me3-GCTAACGAACGTATCA,6
rna+H3K27me3-GCTAACGAACTATGCA,4
rna+H3K27me3-GCTAACGAAGAGTCAA,4
rna+H3K27me3-GCTAACGAAGATCGCA,4
rna+H3K27me3-GCTAACGAAGCAGGAA,4
rna+H3K27me3-GCTAACGAAGTCACTA,0
rna+H3K27me3-GCTAACGAATCCTGTA,0
rna+H3K27me3-GCTAACGAATTGAGGA,7
rna+H3K27me3-GCTAACGAATGCCTAA,2
rna+H3K27me3-GCTAACGACAACCACA,0
rna+H3K27me3-GCTAACGAGACTAGTA,3
rna+H3K27me3-GCTAACGACAATGGAA,0
rna+H3K27me3-GCTAACGACACTTCGA,5
rna+H3K27me3-GCTAACGACAGCGTTA,3
rna+H3K27me3-GCTAACGACATACCAA,4
rna+H3K27me3-GCTAACGACCAGTTCA,0
rna+H3K27me3-GCTAACGACCGAAGTA,5
rna+H3K27me3-GCTAACGACCGTGAGA,0
rna+H3K27me3-GCTAACGACCTCCTGA,3
rna+H3K27me3-GCTAACGAAGTGGTCA,4
rna+H3K27me3-GCTAACGACGAACTTA,5
rna+H3K27me3-GCTAACGACGACTGGA,0
rna+H3K27me3-GCTAACGACGCATACA,0
rna+H3K27me3-GCTAACGACTCAATGA,5
rna+H3K27me3-GCTAACGACTGAGCCA,0
rna+H3K27me3-GCTAACGACTGGCATA,4
rna+H3K27me3-GCTAACGAGAATCTGA,3
rna+H3K27me3-GCTAACGACAAGACTA,0
rna+H3K27me3-GCTAACGAGAGCTGAA,0
rna+H3K27me3-GCTAACGAGATAGACA,11
rna+H3K27me3-GCTAACGAACCACTGT,5
rna+H3K27me3-GCTAACGAGCCACATA,0
rna+H3K27me3-GCTAACGAGCGAGTAA,0
rna+H3K27me3-GCTAACGAGCTAACGA,0
rna+H3K27me3-GCTAACGAGCTCGGTA,3
rna+H3K27me3-GCTAACGAGGAGAACA,5
rna+H3K27me3-GCTAACGAGGTGCGAA,0
rna+H3K27me3-GCTAACGAGTACGCAA,0
rna+H3K27me3-GCTAACGAGTCGTAGA,3
rna+H3K27me3-GCTAACGAGTCTGTCA,0
rna+H3K27me3-GCTAACGAGTGTTCTA,0
rna+H3K27me3-GCTAACGAACATTGGC,1
rna+H3K27me3-GCTAACGATAGGATGA,0
rna+H3K27me3-GCTAACGATATCAGCA,0
rna+H3K27me3-GCTAACGATCCGTCTA,0
rna+H3K27me3-GCTAACGATCTTCACA,4
rna+H3K27me3-GCTAACGATGAAGAGA,0
rna+H3K27me3-GCTAACGATGGAACAA,0
rna+H3K27me3-GCTAACGATGGCTTCA,5
rna+H3K27me3-GCTAACGATGGTGGTA,0
rna+H3K27me3-GCTAACGATTCACGCA,0
rna+H3K27me3-GCTAACGAAACTCACC,0
rna+H3K27me3-GCTAACGACAGATCTG,10
rna+H3K27me3-GCTAACGAAAGAGATC,0
rna+H3K27me3-GCTAACGAAAGGACAC,6
rna+H3K27me3-GCTAACGAAATCCGTC,6
rna+H3K27me3-GCTAACGAAATGTTGC,6
rna+H3K27me3-GCTAACGAACACGACC,7
rna+H3K27me3-GCTAACGAACAGATTC,7
rna+H3K27me3-GCTAACGAAGATGTAC,7
rna+H3K27me3-GCTAACGAAGCACCTC,4
rna+H3K27me3-GCTAACGAAGCCATGC,7
rna+H3K27me3-GCTAACGAAGGCTAAC,6
rna+H3K27me3-GCTAACGACATCAAGT,1
rna+H3K27me3-GCTAACGAATAGCGAC,10
rna+H3K27me3-GCTAACGAATCATTCC,3
rna+H3K27me3-GCTAACGAATTGGCTC,12
rna+H3K27me3-GCTAACGACAAGGAGC,9
rna+H3K27me3-GCTAACGACACCTTAC,11
rna+H3K27me3-GCTAACGACCATCCTC,6
rna+H3K27me3-GCTAACGACCGACAAC,7
rna+H3K27me3-GCTAACGACCTAATCC,11
rna+H3K27me3-GCTAACGACCTCTATC,3
rna+H3K27me3-GCTAACGACGACACAC,1
rna+H3K27me3-GCTAACGACGCTGATC,5
rna+H3K27me3-GCTAACGACGGATTGC,1
rna+H3K27me3-GCTAACGACTAAGGTC,10
rna+H3K27me3-GCTAACGAGAACAGGC,1
rna+H3K27me3-GCTAACGAGACAGTGC,6
rna+H3K27me3-GCTAACGAGAGTTAGC,7
rna+H3K27me3-GCTAACGAGATGAATC,7
rna+H3K27me3-GCTAACGAGCCAAGAC,7
rna+H3K27me3-GCTAACGACGGAAGAA,6
rna+H3K27me3-GCTAACGAGTGACAAG,6
rna+H3K27me3-GCTAACGAGAACCAGA,6
rna+H3K27me3-CGGAAGAAACAAGCTA,6
rna+H3K27me3-CGGAAGAATTGCTGGA,1
rna+H3K27me3-CGGAAGAACTGTAGCC,10
rna+H3K27me3-CGGAAGAAAGTACAAG,1
rna+H3K27me3-CGGAAGAAAACAACCA,3
rna+H3K27me3-CGGAAGAAAACCGAGA,5
rna+H3K27me3-CGGAAGAAAACGCTTA,3
rna+H3K27me3-CGGAAGAAAAGACGGA,1
rna+H3K27me3-CGGAAGAAAAGGTACA,4
rna+H3K27me3-CGGAAGAAACACAGAA,1
rna+H3K27me3-CGGAAGAAACAGCAGA,1
rna+H3K27me3-CGGAAGAAACCTCCAA,10
rna+H3K27me3-CGGAAGAAACGCTCGA,2
rna+H3K27me3-CGGAAGAAACGTATCA,1
rna+H3K27me3-CGGAAGAAACTATGCA,5
rna+H3K27me3-CGGAAGAAAGAGTCAA,5
rna+H3K27me3-CGGAAGAAAGATCGCA,1
rna+H3K27me3-CGGAAGAAAGCAGGAA,1
rna+H3K27me3-CGGAAGAAAGTCACTA,1
rna+H3K27me3-CGGAAGAAATCCTGTA,5
rna+H3K27me3-CGGAAGAAATTGAGGA,1
rna+H3K27me3-CGGAAGAACAACCACA,2
rna+H3K27me3-CGGAAGAAGACTAGTA,5
rna+H3K27me3-CGGAAGAACAATGGAA,4
rna+H3K27me3-CGGAAGAACACTTCGA,7
rna+H3K27me3-CGGAAGAACAGCGTTA,1
rna+H3K27me3-CGGAAGAACATACCAA,1
rna+H3K27me3-CGGAAGAACCAGTTCA,3
rna+H3K27me3-CGGAAGAACCGAAGTA,3
rna+H3K27me3-CGGAAGAACCGTGAGA,10
rna+H3K27me3-CGGAAGAACCTCCTGA,1
rna+H3K27me3-CGGAAGAAAGTGGTCA,7
rna+H3K27me3-CGGAAGAACGAACTTA,11
rna+H3K27me3-CGGAAGAACGACTGGA,6
rna+H3K27me3-CGGAAGAACGCATACA,1
rna+H3K27me3-CGGAAGAACTCAATGA,7
rna+H3K27me3-CGGAAGAACTGAGCCA,3
rna+H3K27me3-CGGAAGAACTGGCATA,1
rna+H3K27me3-CGGAAGAAGAATCTGA,1
rna+H3K27me3-CGGAAGAACAAGACTA,1
rna+H3K27me3-CGGAAGAAGAGCTGAA,1
rna+H3K27me3-CGGAAGAAGATAGACA,3
rna+H3K27me3-CGGAAGAAACCACTGT,3
rna+H3K27me3-CGGAAGAAGCCACATA,6
rna+H3K27me3-CGGAAGAAGCGAGTAA,1
rna+H3K27me3-CGGAAGAAGCTAACGA,6
rna+H3K27me3-CGGAAGAAGCTCGGTA,2
rna+H3K27me3-CGGAAGAAGGAGAACA,5
rna+H3K27me3-CGGAAGAAGGTGCGAA,7
rna+H3K27me3-CGGAAGAAGTACGCAA,4
rna+H3K27me3-CGGAAGAAGTCGTAGA,5
rna+H3K27me3-CGGAAGAAGTCTGTCA,9
rna+H3K27me3-CGGAAGAAGTGTTCTA,2
rna+H3K27me3-CGGAAGAAACATTGGC,2
rna+H3K27me3-CGGAAGAATAGGATGA,5
rna+H3K27me3-CGGAAGAATATCAGCA,6
rna+H3K27me3-CGGAAGAATCCGTCTA,2
rna+H3K27me3-CGGAAGAATCTTCACA,2
rna+H3K27me3-CGGAAGAATGAAGAGA,2
rna+H3K27me3-CGGAAGAATGGAACAA,9
rna+H3K27me3-CGGAAGAATGGCTTCA,5
rna+H3K27me3-CGGAAGAATGGTGGTA,6
rna+H3K27me3-CGGAAGAATTCACGCA,2
rna+H3K27me3-CGGAAGAAAACTCACC,2
rna+H3K27me3-CGGAAGAACAGATCTG,6
rna+H3K27me3-CGGAAGAAAAGAGATC,5
rna+H3K27me3-CGGAAGAAAAGGACAC,3
rna+H3K27me3-CGGAAGAAAATCCGTC,1
rna+H3K27me3-CGGAAGAAAATGTTGC,2
rna+H3K27me3-CGGAAGAAACACGACC,12
rna+H3K27me3-CGGAAGAAACAGATTC,4
rna+H3K27me3-CGGAAGAAAGATGTAC,1
rna+H3K27me3-CGGAAGAAAGCACCTC,2
rna+H3K27me3-CGGAAGAAAGCCATGC,1
rna+H3K27me3-CGGAAGAAAGGCTAAC,3
rna+H3K27me3-CGGAAGAACATCAAGT,6
rna+H3K27me3-CGGAAGAAATAGCGAC,1
rna+H3K27me3-CGGAAGAAATCATTCC,2
rna+H3K27me3-CGGAAGAAATTGGCTC,1
rna+H3K27me3-CGGAAGAACAAGGAGC,1
rna+H3K27me3-CGGAAGAACACCTTAC,1
rna+H3K27me3-CGGAAGAACCATCCTC,9
rna+H3K27me3-CGGAAGAACCGACAAC,8
rna+H3K27me3-CGGAAGAACCTAATCC,9
rna+H3K27me3-CGGAAGAACCTCTATC,5
rna+H3K27me3-CGGAAGAACGACACAC,4
rna+H3K27me3-CGGAAGAACGCTGATC,6
rna+H3K27me3-CGGAAGAACGGATTGC,0
rna+H3K27me3-CGGAAGAACTAAGGTC,6
rna+H3K27me3-CGGAAGAAGAACAGGC,1
rna+H3K27me3-CGGAAGAAGACAGTGC,1
rna+H3K27me3-CGGAAGAAGAGTTAGC,1
rna+H3K27me3-CGGAAGAAGATGAATC,12
rna+H3K27me3-CGGAAGAAGCCAAGAC,2
rna+H3K27me3-CGGAAGAACGGAAGAA,7
rna+H3K27me3-CGGAAGAAGTGACAAG,5
rna+H3K27me3-CGGAAGAAGAACCAGA,1
rna+H3K27me3-GCGAGTAAAACGTGAT,4
rna+H3K27me3-GCGAGTAAACAAGCTA,2
rna+H3K27me3-GCGAGTAATTGCTGGA,7
rna+H3K27me3-GCGAGTAACTGTAGCC,2
rna+H3K27me3-GCGAGTAAAGTACAAG,2
rna+H3K27me3-GCGAGTAAAACAACCA,2
rna+H3K27me3-GCGAGTAAAACCGAGA,2
rna+H3K27me3-GCGAGTAAAACGCTTA,6
rna+H3K27me3-GCGAGTAAAAGACGGA,3
rna+H3K27me3-GCGAGTAAAAGGTACA,2
rna+H3K27me3-GCGAGTAAACACAGAA,2
rna+H3K27me3-GCGAGTAAACAGCAGA,2
rna+H3K27me3-GCGAGTAAAAACATCG,1
rna+H3K27me3-GCGAGTAAACCTCCAA,3
rna+H3K27me3-GCGAGTAAACGCTCGA,7
rna+H3K27me3-GCGAGTAAACGTATCA,9
rna+H3K27me3-GCGAGTAAACTATGCA,4
rna+H3K27me3-GCGAGTAAAGAGTCAA,5
rna+H3K27me3-GCGAGTAAAGATCGCA,4
rna+H3K27me3-GCGAGTAAAGCAGGAA,0
rna+H3K27me3-GCGAGTAAAGTCACTA,0
rna+H3K27me3-GCGAGTAAATCCTGTA,0
rna+H3K27me3-GCGAGTAAATTGAGGA,10
rna+H3K27me3-GCGAGTAAATGCCTAA,3
rna+H3K27me3-GCGAGTAACAACCACA,3
rna+H3K27me3-GCGAGTAAGACTAGTA,5
rna+H3K27me3-GCGAGTAACAATGGAA,3
rna+H3K27me3-GCGAGTAACACTTCGA,13
rna+H3K27me3-GCGAGTAACAGCGTTA,0
rna+H3K27me3-GCGAGTAACATACCAA,0
rna+H3K27me3-GCGAGTAACCAGTTCA,0
rna+H3K27me3-GCGAGTAACCGAAGTA,0
rna+H3K27me3-GCGAGTAACCGTGAGA,0
rna+H3K27me3-GCGAGTAACCTCCTGA,0
rna+H3K27me3-GCGAGTAAAGTGGTCA,11
rna+H3K27me3-GCGAGTAACGAACTTA,0
rna+H3K27me3-GCGAGTAACGACTGGA,0
rna+H3K27me3-GCGAGTAACGCATACA,0
rna+H3K27me3-GCGAGTAACTCAATGA,0
rna+H3K27me3-GCGAGTAACTGAGCCA,0
rna+H3K27me3-GCGAGTAACTGGCATA,6
rna+H3K27me3-GCGAGTAAGAATCTGA,0
rna+H3K27me3-GCGAGTAACAAGACTA,7
rna+H3K27me3-GCGAGTAAGAGCTGAA,0
rna+H3K27me3-GCGAGTAAGATAGACA,0
rna+H3K27me3-GCGAGTAAACCACTGT,5
rna+H3K27me3-GCGAGTAAGCCACATA,0
rna+H3K27me3-GCGAGTAAGCGAGTAA,0
rna+H3K27me3-GCGAGTAAGCTAACGA,0
rna+H3K27me3-GCGAGTAAGCTCGGTA,0
rna+H3K27me3-GCGAGTAAGGAGAACA,3
rna+H3K27me3-GCGAGTAAGGTGCGAA,0
rna+H3K27me3-GCGAGTAAGTACGCAA,0
rna+H3K27me3-GCGAGTAAGTCGTAGA,13
rna+H3K27me3-GCGAGTAAGTCTGTCA,0
rna+H3K27me3-GCGAGTAAGTGTTCTA,7
rna+H3K27me3-GCGAGTAAACATTGGC,1
rna+H3K27me3-GCGAGTAATAGGATGA,0
rna+H3K27me3-GCGAGTAATATCAGCA,0
rna+H3K27me3-GCGAGTAATCCGTCTA,0
rna+H3K27me3-GCGAGTAATCTTCACA,0
rna+H3K27me3-GCGAGTAATGAAGAGA,0
rna+H3K27me3-GCGAGTAATGGAACAA,7
rna+H3K27me3-GCGAGTAATGGCTTCA,0
rna+H3K27me3-GCGAGTAATGGTGGTA,0
rna+H3K27me3-GCGAGTAATTCACGCA,8
rna+H3K27me3-GCGAGTAAAACTCACC,6
rna+H3K27me3-GCGAGTAACAGATCTG,1
rna+H3K27me3-GCGAGTAAAAGAGATC,6
rna+H3K27me3-GCGAGTAAAAGGACAC,6
rna+H3K27me3-GCGAGTAAAATCCGTC,6
rna+H3K27me3-GCGAGTAAAATGTTGC,6
rna+H3K27me3-GCGAGTAAACACGACC,5
rna+H3K27me3-GCGAGTAAACAGATTC,7
rna+H3K27me3-GCGAGTAAAGATGTAC,8
rna+H3K27me3-GCGAGTAAAGCACCTC,3
rna+H3K27me3-GCGAGTAAAGCCATGC,6
rna+H3K27me3-GCGAGTAAAGGCTAAC,5
rna+H3K27me3-GCGAGTAACATCAAGT,1
rna+H3K27me3-GCGAGTAAATAGCGAC,7
rna+H3K27me3-GCGAGTAAATCATTCC,6
rna+H3K27me3-GCGAGTAAATTGGCTC,7
rna+H3K27me3-GCGAGTAACAAGGAGC,7
rna+H3K27me3-GCGAGTAACACCTTAC,12
rna+H3K27me3-GCGAGTAACCATCCTC,6
rna+H3K27me3-GCGAGTAACCGACAAC,7
rna+H3K27me3-GCGAGTAACCTAATCC,7
rna+H3K27me3-GCGAGTAACCTCTATC,3
rna+H3K27me3-GCGAGTAACGACACAC,9
rna+H3K27me3-GCGAGTAACGCTGATC,7
rna+H3K27me3-GCGAGTAACGGATTGC,8
rna+H3K27me3-GCGAGTAACTAAGGTC,1
rna+H3K27me3-GCGAGTAAGAACAGGC,1
rna+H3K27me3-GCGAGTAAGACAGTGC,3
rna+H3K27me3-GCGAGTAAGAGTTAGC,7
rna+H3K27me3-GCGAGTAAGATGAATC,7
rna+H3K27me3-GCGAGTAAGCCAAGAC,7
rna+H3K27me3-GCGAGTAACGGAAGAA,8
rna+H3K27me3-GCGAGTAAGTGACAAG,7
rna+H3K27me3-GCGAGTAAGAACCAGA,7
rna+H3K27me3-GCCACATAAACGTGAT,1
rna+H3K27me3-GCCACATAACAAGCTA,10
rna+H3K27me3-GCCACATATTGCTGGA,9
rna+H3K27me3-GCCACATACTGTAGCC,2
rna+H3K27me3-GCCACATAAGTACAAG,2
rna+H3K27me3-GCCACATAAACAACCA,2
rna+H3K27me3-GCCACATAAACCGAGA,2
rna+H3K27me3-GCCACATAAACGCTTA,2
rna+H3K27me3-GCCACATAAAGACGGA,2
rna+H3K27me3-GCCACATAAAGGTACA,9
rna+H3K27me3-GCCACATAACACAGAA,7
rna+H3K27me3-GCCACATAACAGCAGA,7
rna+H3K27me3-GCCACATAAAACATCG,2
rna+H3K27me3-GCCACATAACCTCCAA,2
rna+H3K27me3-GCCACATAACGCTCGA,8
rna+H3K27me3-GCCACATAACGTATCA,12
rna+H3K27me3-GCCACATAACTATGCA,4
rna+H3K27me3-GCCACATAAGAGTCAA,6
rna+H3K27me3-GCCACATAAGATCGCA,4
rna+H3K27me3-GCCACATAAGCAGGAA,0
rna+H3K27me3-GCCACATAAGTCACTA,0
rna+H3K27me3-GCCACATAATCCTGTA,0
rna+H3K27me3-GCCACATAATTGAGGA,0
rna+H3K27me3-GCCACATAATGCCTAA,1
rna+H3K27me3-GCCACATACAACCACA,13
rna+H3K27me3-GCCACATAGACTAGTA,3
rna+H3K27me3-GCCACATACAATGGAA,0
rna+H3K27me3-GCCACATACACTTCGA,6
rna+H3K27me3-GCCACATACAGCGTTA,0
rna+H3K27me3-GCCACATACATACCAA,0
rna+H3K27me3-GCCACATACCAGTTCA,12
rna+H3K27me3-GCCACATACCGAAGTA,0
rna+H3K27me3-GCCACATACCGTGAGA,0
rna+H3K27me3-GCCACATACCTCCTGA,8
rna+H3K27me3-GCCACATAAGTGGTCA,8
rna+H3K27me3-GCCACATACGAACTTA,0
rna+H3K27me3-GCCACATACGACTGGA,10
rna+H3K27me3-GCCACATACGCATACA,0
rna+H3K27me3-GCCACATACTCAATGA,12
rna+H3K27me3-GCCACATACTGAGCCA,0
rna+H3K27me3-GCCACATACTGGCATA,7
rna+H3K27me3-GCCACATAGAATCTGA,11
rna+H3K27me3-GCCACATACAAGACTA,0
rna+H3K27me3-GCCACATAGAGCTGAA,0
rna+H3K27me3-GCCACATAGATAGACA,5
rna+H3K27me3-GCCACATAACCACTGT,1
rna+H3K27me3-GCCACATAGCCACATA,0
rna+H3K27me3-GCCACATAGCGAGTAA,0
rna+H3K27me3-GCCACATAGCTAACGA,0
rna+H3K27me3-GCCACATAGCTCGGTA,0
rna+H3K27me3-GCCACATAGGAGAACA,0
rna+H3K27me3-GCCACATAGGTGCGAA,0
rna+H3K27me3-GCCACATAGTACGCAA,0
rna+H3K27me3-GCCACATAGTCGTAGA,0
rna+H3K27me3-GCCACATAGTCTGTCA,0
rna+H3K27me3-GCCACATAGTGTTCTA,0
rna+H3K27me3-GCCACATAACATTGGC,1
rna+H3K27me3-GCCACATATAGGATGA,0
rna+H3K27me3-GCCACATATATCAGCA,6
rna+H3K27me3-GCCACATATCCGTCTA,5
rna+H3K27me3-GCCACATATCTTCACA,5
rna+H3K27me3-GCCACATATGAAGAGA,6
rna+H3K27me3-GCCACATATGGAACAA,0
rna+H3K27me3-GCCACATATGGCTTCA,7
rna+H3K27me3-GCCACATATGGTGGTA,7
rna+H3K27me3-GCCACATATTCACGCA,0
rna+H3K27me3-GCCACATAAACTCACC,7
rna+H3K27me3-GCCACATACAGATCTG,4
rna+H3K27me3-GCCACATAAAGAGATC,6
rna+H3K27me3-GCCACATAAAGGACAC,6
rna+H3K27me3-GCCACATAAATCCGTC,6
rna+H3K27me3-GCCACATAAATGTTGC,3
rna+H3K27me3-GCCACATAACACGACC,8
rna+H3K27me3-GCCACATAACAGATTC,7
rna+H3K27me3-GCCACATAAGATGTAC,7
rna+H3K27me3-GCCACATAAGCACCTC,5
rna+H3K27me3-GCCACATAAGCCATGC,7
rna+H3K27me3-GCCACATAAGGCTAAC,7
rna+H3K27me3-GCCACATACATCAAGT,10
rna+H3K27me3-GCCACATAATAGCGAC,7
rna+H3K27me3-GCCACATAATCATTCC,6
rna+H3K27me3-GCCACATAATTGGCTC,8
rna+H3K27me3-GCCACATACAAGGAGC,10
rna+H3K27me3-GCCACATACACCTTAC,7
rna+H3K27me3-GCCACATACCATCCTC,7
rna+H3K27me3-GCCACATACCGACAAC,7
rna+H3K27me3-GCCACATACCTAATCC,12
rna+H3K27me3-GCCACATACCTCTATC,8
rna+H3K27me3-GCCACATACGACACAC,6
rna+H3K27me3-GCCACATACGCTGATC,3
rna+H3K27me3-GCCACATACGGATTGC,2
rna+H3K27me3-GCCACATACTAAGGTC,2
rna+H3K27me3-GCCACATAGAACAGGC,2
rna+H3K27me3-GCCACATAGACAGTGC,7
rna+H3K27me3-GCCACATAGAGTTAGC,5
rna+H3K27me3-GCCACATAGATGAATC,7
rna+H3K27me3-GCCACATAGCCAAGAC,11
rna+H3K27me3-GCCACATACGGAAGAA,1
rna+H3K27me3-GCCACATAGTGACAAG,14
rna+H3K27me3-GCCACATAGAACCAGA,6
rna+H3K27me3-GATAGACAAACGTGAT,1
rna+H3K27me3-GATAGACAACAAGCTA,13
rna+H3K27me3-GATAGACATTGCTGGA,1
rna+H3K27me3-GATAGACACTGTAGCC,2
rna+H3K27me3-GATAGACAAGTACAAG,2
rna+H3K27me3-GATAGACAAACAACCA,2
rna+H3K27me3-GATAGACAAACCGAGA,5
rna+H3K27me3-GATAGACAAACGCTTA,2
rna+H3K27me3-GATAGACAAAGACGGA,4
rna+H3K27me3-GATAGACAAAGGTACA,2
rna+H3K27me3-GATAGACAACACAGAA,4
rna+H3K27me3-GATAGACAACAGCAGA,1
rna+H3K27me3-GATAGACAAAACATCG,1
rna+H3K27me3-GATAGACAACCTCCAA,2
rna+H3K27me3-GATAGACAACGCTCGA,4
rna+H3K27me3-GATAGACAACGTATCA,5
rna+H3K27me3-GATAGACAACTATGCA,4
rna+H3K27me3-GATAGACAAGAGTCAA,6
rna+H3K27me3-GATAGACAAGATCGCA,5
rna+H3K27me3-GATAGACAAGCAGGAA,0
rna+H3K27me3-GATAGACAAGTCACTA,10
rna+H3K27me3-GATAGACAATCCTGTA,8
rna+H3K27me3-GATAGACAATTGAGGA,0
rna+H3K27me3-GATAGACAATGCCTAA,10
rna+H3K27me3-GATAGACACAACCACA,12
rna+H3K27me3-GATAGACAGACTAGTA,0
rna+H3K27me3-GATAGACACAATGGAA,5
rna+H3K27me3-GATAGACACACTTCGA,0
rna+H3K27me3-GATAGACACAGCGTTA,0
rna+H3K27me3-GATAGACACATACCAA,3
rna+H3K27me3-GATAGACACCAGTTCA,3
rna+H3K27me3-GATAGACACCGAAGTA,0
rna+H3K27me3-GATAGACACCGTGAGA,0
rna+H3K27me3-GATAGACACCTCCTGA,3
rna+H3K27me3-GATAGACAAGTGGTCA,3
rna+H3K27me3-GATAGACACGAACTTA,0
rna+H3K27me3-GATAGACACGACTGGA,0
rna+H3K27me3-GATAGACACGCATACA,12
rna+H3K27me3-GATAGACACTCAATGA,0
rna+H3K27me3-GATAGACACTGAGCCA,3
rna+H3K27me3-GATAGACACTGGCATA,0
rna+H3K27me3-GATAGACAGAATCTGA,0
rna+H3K27me3-GATAGACACAAGACTA,4
rna+H3K27me3-GATAGACAGAGCTGAA,5
rna+H3K27me3-GATAGACAGATAGACA,4
rna+H3K27me3-GATAGACAACCACTGT,5
rna+H3K27me3-GATAGACAGCCACATA,0
rna+H3K27me3-GATAGACAGCGAGTAA,12
rna+H3K27me3-GATAGACAGCTAACGA,0
rna+H3K27me3-GATAGACAGCTCGGTA,0
rna+H3K27me3-GATAGACAGGAGAACA,0
rna+H3K27me3-GATAGACAGGTGCGAA,3
rna+H3K27me3-GATAGACAGTACGCAA,0
rna+H3K27me3-GATAGACAGTCGTAGA,0
rna+H3K27me3-GATAGACAGTCTGTCA,0
rna+H3K27me3-GATAGACAGTGTTCTA,0
rna+H3K27me3-GATAGACAACATTGGC,1
rna+H3K27me3-GATAGACATAGGATGA,11
rna+H3K27me3-GATAGACATATCAGCA,0
rna+H3K27me3-GATAGACATCCGTCTA,3
rna+H3K27me3-GATAGACATCTTCACA,5
rna+H3K27me3-GATAGACATGAAGAGA,6
rna+H3K27me3-GATAGACATGGAACAA,4
rna+H3K27me3-GATAGACATGGCTTCA,4
rna+H3K27me3-GATAGACATGGTGGTA,7
rna+H3K27me3-GATAGACATTCACGCA,0
rna+H3K27me3-GATAGACAAACTCACC,0
rna+H3K27me3-GATAGACACAGATCTG,1
rna+H3K27me3-GATAGACAAAGAGATC,6
rna+H3K27me3-GATAGACAAAGGACAC,6
rna+H3K27me3-GATAGACAAATCCGTC,7
rna+H3K27me3-GATAGACAAATGTTGC,7
rna+H3K27me3-GATAGACAACACGACC,3
rna+H3K27me3-GATAGACAACAGATTC,7
rna+H3K27me3-GATAGACAAGATGTAC,7
rna+H3K27me3-GATAGACAAGCACCTC,9
rna+H3K27me3-GATAGACAAGCCATGC,9
rna+H3K27me3-GATAGACAAGGCTAAC,6
rna+H3K27me3-GATAGACACATCAAGT,5
rna+H3K27me3-GATAGACAATAGCGAC,7
rna+H3K27me3-GATAGACAATCATTCC,3
rna+H3K27me3-GATAGACAATTGGCTC,10
rna+H3K27me3-GATAGACACAAGGAGC,7
rna+H3K27me3-GATAGACACACCTTAC,7
rna+H3K27me3-GATAGACACCATCCTC,9
rna+H3K27me3-GATAGACACCGACAAC,7
rna+H3K27me3-GATAGACACCTAATCC,3
rna+H3K27me3-GATAGACACCTCTATC,6
rna+H3K27me3-GATAGACACGACACAC,6
rna+H3K27me3-GATAGACACGCTGATC,2
rna+H3K27me3-GATAGACACGGATTGC,10
rna+H3K27me3-GATAGACACTAAGGTC,4
rna+H3K27me3-GATAGACAGAACAGGC,7
rna+H3K27me3-GATAGACAGACAGTGC,3
rna+H3K27me3-GATAGACAGAGTTAGC,5
rna+H3K27me3-GATAGACAGATGAATC,8
rna+H3K27me3-GATAGACAGCCAAGAC,12
rna+H3K27me3-GATAGACACGGAAGAA,7
rna+H3K27me3-GATAGACAGTGACAAG,4
rna+H3K27me3-GATAGACAGAACCAGA,3
rna+H3K27me3-GAGCTGAAAACGTGAT,1
rna+H3K27me3-GAGCTGAAACAAGCTA,5
rna+H3K27me3-GAGCTGAATTGCTGGA,6
rna+H3K27me3-GAGCTGAACTGTAGCC,2
rna+H3K27me3-GAGCTGAAAGTACAAG,5
rna+H3K27me3-GAGCTGAAAACAACCA,1
rna+H3K27me3-GAGCTGAAAACCGAGA,2
rna+H3K27me3-GAGCTGAAAACGCTTA,12
rna+H3K27me3-GAGCTGAAAAGACGGA,7
rna+H3K27me3-GAGCTGAAAAGGTACA,3
rna+H3K27me3-GAGCTGAAACACAGAA,2
rna+H3K27me3-GAGCTGAAACAGCAGA,2
rna+H3K27me3-GAGCTGAAAAACATCG,9
rna+H3K27me3-GAGCTGAAACCTCCAA,13
rna+H3K27me3-GAGCTGAAACGCTCGA,4
rna+H3K27me3-GAGCTGAAACGTATCA,3
rna+H3K27me3-GAGCTGAAACTATGCA,4
rna+H3K27me3-GAGCTGAAAGAGTCAA,0
rna+H3K27me3-GAGCTGAAAGATCGCA,0
rna+H3K27me3-GAGCTGAAAGCAGGAA,5
rna+H3K27me3-GAGCTGAAAGTCACTA,0
rna+H3K27me3-GAGCTGAAATCCTGTA,0
rna+H3K27me3-GAGCTGAAATTGAGGA,0
rna+H3K27me3-GAGCTGAAATGCCTAA,1
rna+H3K27me3-GAGCTGAACAACCACA,0
rna+H3K27me3-GAGCTGAAGACTAGTA,0
rna+H3K27me3-GAGCTGAACAATGGAA,0
rna+H3K27me3-GAGCTGAACACTTCGA,7
rna+H3K27me3-GAGCTGAACAGCGTTA,0
rna+H3K27me3-GAGCTGAACATACCAA,0
rna+H3K27me3-GAGCTGAACCAGTTCA,0
rna+H3K27me3-GAGCTGAACCGAAGTA,0
rna+H3K27me3-GAGCTGAACCGTGAGA,0
rna+H3K27me3-GAGCTGAACCTCCTGA,0
rna+H3K27me3-GAGCTGAAAGTGGTCA,11
rna+H3K27me3-GAGCTGAACGAACTTA,0
rna+H3K27me3-GAGCTGAACGACTGGA,0
rna+H3K27me3-GAGCTGAACGCATACA,8
rna+H3K27me3-GAGCTGAACTCAATGA,0
rna+H3K27me3-GAGCTGAACTGAGCCA,14
rna+H3K27me3-GAGCTGAACTGGCATA,14
rna+H3K27me3-GAGCTGAAGAATCTGA,0
rna+H3K27me3-GAGCTGAACAAGACTA,3
rna+H3K27me3-GAGCTGAAGAGCTGAA,0
rna+H3K27me3-GAGCTGAAGATAGACA,0
rna+H3K27me3-GAGCTGAAACCACTGT,3
rna+H3K27me3-GAGCTGAAGCCACATA,0
rna+H3K27me3-GAGCTGAAGCGAGTAA,0
rna+H3K27me3-GAGCTGAAGCTAACGA,0
rna+H3K27me3-GAGCTGAAGCTCGGTA,0
rna+H3K27me3-GAGCTGAAGGAGAACA,6
rna+H3K27me3-GAGCTGAAGGTGCGAA,0
rna+H3K27me3-GAGCTGAAGTACGCAA,3
rna+H3K27me3-GAGCTGAAGTCGTAGA,7
rna+H3K27me3-GAGCTGAAGTCTGTCA,7
rna+H3K27me3-GAGCTGAAGTGTTCTA,4
rna+H3K27me3-GAGCTGAAACATTGGC,1
rna+H3K27me3-GAGCTGAATAGGATGA,6
rna+H3K27me3-GAGCTGAATATCAGCA,11
rna+H3K27me3-GAGCTGAATCCGTCTA,10
rna+H3K27me3-GAGCTGAATCTTCACA,0
rna+H3K27me3-GAGCTGAATGAAGAGA,6
rna+H3K27me3-GAGCTGAATGGAACAA,0
rna+H3K27me3-GAGCTGAATGGCTTCA,0
rna+H3K27me3-GAGCTGAATGGTGGTA,0
rna+H3K27me3-GAGCTGAATTCACGCA,8
rna+H3K27me3-GAGCTGAAAACTCACC,9
rna+H3K27me3-GAGCTGAACAGATCTG,7
rna+H3K27me3-GAGCTGAAAAGAGATC,6
rna+H3K27me3-GAGCTGAAAAGGACAC,6
rna+H3K27me3-GAGCTGAAAATCCGTC,6
rna+H3K27me3-GAGCTGAAAATGTTGC,8
rna+H3K27me3-GAGCTGAAACACGACC,7
rna+H3K27me3-GAGCTGAAACAGATTC,5
rna+H3K27me3-GAGCTGAAAGATGTAC,10
rna+H3K27me3-GAGCTGAAAGCACCTC,8
rna+H3K27me3-GAGCTGAAAGCCATGC,7
rna+H3K27me3-GAGCTGAAAGGCTAAC,7
rna+H3K27me3-GAGCTGAACATCAAGT,2
rna+H3K27me3-GAGCTGAAATAGCGAC,3
rna+H3K27me3-GAGCTGAAATCATTCC,7
rna+H3K27me3-GAGCTGAAATTGGCTC,8
rna+H3K27me3-GAGCTGAACAAGGAGC,5
rna+H3K27me3-GAGCTGAACACCTTAC,9
rna+H3K27me3-GAGCTGAACCATCCTC,3
rna+H3K27me3-GAGCTGAACCGACAAC,7
rna+H3K27me3-GAGCTGAACCTAATCC,7
rna+H3K27me3-GAGCTGAACCTCTATC,6
rna+H3K27me3-GAGCTGAACGACACAC,6
rna+H3K27me3-GAGCTGAACGCTGATC,3
rna+H3K27me3-GAGCTGAACGGATTGC,2
rna+H3K27me3-GAGCTGAACTAAGGTC,7
rna+H3K27me3-GAGCTGAAGAACAGGC,1
rna+H3K27me3-GAGCTGAAGACAGTGC,6
rna+H3K27me3-GAGCTGAAGAGTTAGC,7
rna+H3K27me3-GAGCTGAAGATGAATC,7
rna+H3K27me3-GAGCTGAAGCCAAGAC,12
rna+H3K27me3-GAGCTGAACGGAAGAA,7
rna+H3K27me3-GAGCTGAAGTGACAAG,3
rna+H3K27me3-GAGCTGAAGAACCAGA,5
rna+H3K27me3-CAAGACTAAACGTGAT,1
rna+H3K27me3-CAAGACTAACAAGCTA,1
rna+H3K27me3-CAAGACTATTGCTGGA,2
rna+H3K27me3-CAAGACTACTGTAGCC,10
rna+H3K27me3-CAAGACTAAGTACAAG,7
rna+H3K27me3-CAAGACTAAACAACCA,2
rna+H3K27me3-CAAGACTAAACCGAGA,2
rna+H3K27me3-CAAGACTAAACGCTTA,1
rna+H3K27me3-CAAGACTAAAGACGGA,2
rna+H3K27me3-CAAGACTAAAGGTACA,2
rna+H3K27me3-CAAGACTAACACAGAA,1
rna+H3K27me3-CAAGACTAACAGCAGA,1
rna+H3K27me3-CAAGACTAAAACATCG,2
rna+H3K27me3-CAAGACTAACCTCCAA,3
rna+H3K27me3-CAAGACTAACGCTCGA,3
rna+H3K27me3-CAAGACTAACGTATCA,4
rna+H3K27me3-CAAGACTAACTATGCA,4
rna+H3K27me3-CAAGACTAAGAGTCAA,0
rna+H3K27me3-CAAGACTAAGATCGCA,10
rna+H3K27me3-CAAGACTAAGCAGGAA,0
rna+H3K27me3-CAAGACTAAGTCACTA,7
rna+H3K27me3-CAAGACTAATCCTGTA,0
rna+H3K27me3-CAAGACTAATTGAGGA,0
rna+H3K27me3-CAAGACTAATGCCTAA,3
rna+H3K27me3-CAAGACTACAACCACA,4
rna+H3K27me3-CAAGACTAGACTAGTA,0
rna+H3K27me3-CAAGACTACAATGGAA,0
rna+H3K27me3-CAAGACTACACTTCGA,4
rna+H3K27me3-CAAGACTACAGCGTTA,0
rna+H3K27me3-CAAGACTACATACCAA,0
rna+H3K27me3-CAAGACTACCAGTTCA,0
rna+H3K27me3-CAAGACTACCGAAGTA,0
rna+H3K27me3-CAAGACTACCGTGAGA,0
rna+H3K27me3-CAAGACTACCTCCTGA,0
rna+H3K27me3-CAAGACTAAGTGGTCA,8
rna+H3K27me3-CAAGACTACGAACTTA,0
rna+H3K27me3-CAAGACTACGACTGGA,0
rna+H3K27me3-CAAGACTACGCATACA,0
rna+H3K27me3-CAAGACTACTCAATGA,12
rna+H3K27me3-CAAGACTACTGAGCCA,0
rna+H3K27me3-CAAGACTACTGGCATA,0
rna+H3K27me3-CAAGACTAGAATCTGA,7
rna+H3K27me3-CAAGACTACAAGACTA,0
rna+H3K27me3-CAAGACTAGAGCTGAA,0
rna+H3K27me3-CAAGACTAGATAGACA,0
rna+H3K27me3-CAAGACTAACCACTGT,2
rna+H3K27me3-CAAGACTAGCCACATA,5
rna+H3K27me3-CAAGACTAGCGAGTAA,0
rna+H3K27me3-CAAGACTAGCTAACGA,0
rna+H3K27me3-CAAGACTAGCTCGGTA,0
rna+H3K27me3-CAAGACTAGGAGAACA,0
rna+H3K27me3-CAAGACTAGGTGCGAA,0
rna+H3K27me3-CAAGACTAGTACGCAA,6
rna+H3K27me3-CAAGACTAGTCGTAGA,0
rna+H3K27me3-CAAGACTAGTCTGTCA,0
rna+H3K27me3-CAAGACTAGTGTTCTA,0
rna+H3K27me3-CAAGACTAACATTGGC,1
rna+H3K27me3-CAAGACTATAGGATGA,0
rna+H3K27me3-CAAGACTATATCAGCA,7
rna+H3K27me3-CAAGACTATCCGTCTA,8
rna+H3K27me3-CAAGACTATCTTCACA,0
rna+H3K27me3-CAAGACTATGAAGAGA,0
rna+H3K27me3-CAAGACTATGGAACAA,0
rna+H3K27me3-CAAGACTATGGCTTCA,0
rna+H3K27me3-CAAGACTATGGTGGTA,0
rna+H3K27me3-CAAGACTATTCACGCA,9
rna+H3K27me3-CAAGACTAAACTCACC,5
rna+H3K27me3-CAAGACTACAGATCTG,1
rna+H3K27me3-CAAGACTAAAGAGATC,6
rna+H3K27me3-CAAGACTAAAGGACAC,6
rna+H3K27me3-CAAGACTAAATCCGTC,7
rna+H3K27me3-CAAGACTAAATGTTGC,7
rna+H3K27me3-CAAGACTAACACGACC,10
rna+H3K27me3-CAAGACTAACAGATTC,8
rna+H3K27me3-CAAGACTAAGATGTAC,7
rna+H3K27me3-CAAGACTAAGCACCTC,9
rna+H3K27me3-CAAGACTAAGCCATGC,8
rna+H3K27me3-CAAGACTAAGGCTAAC,6
rna+H3K27me3-CAAGACTACATCAAGT,1
rna+H3K27me3-CAAGACTAATAGCGAC,10
rna+H3K27me3-CAAGACTAATCATTCC,6
rna+H3K27me3-CAAGACTAATTGGCTC,12
rna+H3K27me3-CAAGACTACAAGGAGC,3
rna+H3K27me3-CAAGACTACACCTTAC,12
rna+H3K27me3-CAAGACTACCATCCTC,3
rna+H3K27me3-CAAGACTACCGACAAC,4
rna+H3K27me3-CAAGACTACCTAATCC,6
rna+H3K27me3-CAAGACTACCTCTATC,6
rna+H3K27me3-CAAGACTACGACACAC,12
rna+H3K27me3-CAAGACTACGCTGATC,2
rna+H3K27me3-CAAGACTACGGATTGC,13
rna+H3K27me3-CAAGACTACTAAGGTC,10
rna+H3K27me3-CAAGACTAGAACAGGC,3
rna+H3K27me3-CAAGACTAGACAGTGC,7
rna+H3K27me3-CAAGACTAGAGTTAGC,9
rna+H3K27me3-CAAGACTAGATGAATC,8
rna+H3K27me3-CAAGACTAGCCAAGAC,10
rna+H3K27me3-CAAGACTACGGAAGAA,2
rna+H3K27me3-CAAGACTAGTGACAAG,3
rna+H3K27me3-CAAGACTAGAACCAGA,7
rna+H3K27me3-GAATCTGAAACGTGAT,1
rna+H3K27me3-GAATCTGAACAAGCTA,2
rna+H3K27me3-GAATCTGATTGCTGGA,7
rna+H3K27me3-GAATCTGACTGTAGCC,12
rna+H3K27me3-GAATCTGAAGTACAAG,5
rna+H3K27me3-GAATCTGAAACAACCA,2
rna+H3K27me3-GAATCTGAAACCGAGA,2
rna+H3K27me3-GAATCTGAAACGCTTA,2
rna+H3K27me3-GAATCTGAAAGACGGA,5
rna+H3K27me3-GAATCTGAAAGGTACA,2
rna+H3K27me3-GAATCTGAACACAGAA,1
rna+H3K27me3-GAATCTGAACAGCAGA,1
rna+H3K27me3-GAATCTGAAAACATCG,5
rna+H3K27me3-GAATCTGAACCTCCAA,5
rna+H3K27me3-GAATCTGAACGCTCGA,3
rna+H3K27me3-GAATCTGAACGTATCA,4
rna+H3K27me3-GAATCTGAACTATGCA,4
rna+H3K27me3-GAATCTGAAGAGTCAA,0
rna+H3K27me3-GAATCTGAAGATCGCA,0
rna+H3K27me3-GAATCTGAAGCAGGAA,13
rna+H3K27me3-GAATCTGAAGTCACTA,0
rna+H3K27me3-GAATCTGAATCCTGTA,8
rna+H3K27me3-GAATCTGAATTGAGGA,3
rna+H3K27me3-GAATCTGAATGCCTAA,1
rna+H3K27me3-GAATCTGACAACCACA,0
rna+H3K27me3-GAATCTGAGACTAGTA,0
rna+H3K27me3-GAATCTGACAATGGAA,0
rna+H3K27me3-GAATCTGACACTTCGA,0
rna+H3K27me3-GAATCTGACAGCGTTA,0
rna+H3K27me3-GAATCTGACATACCAA,5
rna+H3K27me3-GAATCTGACCAGTTCA,3
rna+H3K27me3-GAATCTGACCGAAGTA,0
rna+H3K27me3-GAATCTGACCGTGAGA,0
rna+H3K27me3-GAATCTGACCTCCTGA,5
rna+H3K27me3-GAATCTGAAGTGGTCA,6
rna+H3K27me3-GAATCTGACGAACTTA,5
rna+H3K27me3-GAATCTGACGACTGGA,0
rna+H3K27me3-GAATCTGACGCATACA,0
rna+H3K27me3-GAATCTGACTCAATGA,0
rna+H3K27me3-GAATCTGACTGAGCCA,7
rna+H3K27me3-GAATCTGACTGGCATA,5
rna+H3K27me3-GAATCTGAGAATCTGA,0
rna+H3K27me3-GAATCTGACAAGACTA,0
rna+H3K27me3-GAATCTGAGAGCTGAA,0
rna+H3K27me3-GAATCTGAGATAGACA,0
rna+H3K27me3-GAATCTGAACCACTGT,2
rna+H3K27me3-GAATCTGAGCCACATA,0
rna+H3K27me3-GAATCTGAGCGAGTAA,0
rna+H3K27me3-GAATCTGAGCTAACGA,0
rna+H3K27me3-GAATCTGAGCTCGGTA,0
rna+H3K27me3-GAATCTGAGGAGAACA,8
rna+H3K27me3-GAATCTGAGGTGCGAA,7
rna+H3K27me3-GAATCTGAGTACGCAA,0
rna+H3K27me3-GAATCTGAGTCGTAGA,0
rna+H3K27me3-GAATCTGAGTCTGTCA,0
rna+H3K27me3-GAATCTGAGTGTTCTA,0
rna+H3K27me3-GAATCTGAACATTGGC,1
rna+H3K27me3-GAATCTGATAGGATGA,7
rna+H3K27me3-GAATCTGATATCAGCA,4
rna+H3K27me3-GAATCTGATCCGTCTA,0
rna+H3K27me3-GAATCTGATCTTCACA,0
rna+H3K27me3-GAATCTGATGAAGAGA,0
rna+H3K27me3-GAATCTGATGGAACAA,0
rna+H3K27me3-GAATCTGATGGCTTCA,8
rna+H3K27me3-GAATCTGATGGTGGTA,0
rna+H3K27me3-GAATCTGATTCACGCA,7
rna+H3K27me3-GAATCTGAAACTCACC,0
rna+H3K27me3-GAATCTGACAGATCTG,1
rna+H3K27me3-GAATCTGAAAGAGATC,6
rna+H3K27me3-GAATCTGAAAGGACAC,7
rna+H3K27me3-GAATCTGAAATCCGTC,6
rna+H3K27me3-GAATCTGAAATGTTGC,7
rna+H3K27me3-GAATCTGAACACGACC,6
rna+H3K27me3-GAATCTGAACAGATTC,7
rna+H3K27me3-GAATCTGAAGATGTAC,3
rna+H3K27me3-GAATCTGAAGCACCTC,8
rna+H3K27me3-GAATCTGAAGCCATGC,7
rna+H3K27me3-GAATCTGAAGGCTAAC,5
rna+H3K27me3-GAATCTGACATCAAGT,5
rna+H3K27me3-GAATCTGAATAGCGAC,5
rna+H3K27me3-GAATCTGAATCATTCC,0
rna+H3K27me3-GAATCTGAATTGGCTC,3
rna+H3K27me3-GAATCTGACAAGGAGC,6
rna+H3K27me3-GAATCTGACACCTTAC,7
rna+H3K27me3-GAATCTGACCATCCTC,8
rna+H3K27me3-GAATCTGACCGACAAC,7
rna+H3K27me3-GAATCTGACCTAATCC,7
rna+H3K27me3-GAATCTGACCTCTATC,10
rna+H3K27me3-GAATCTGACGACACAC,1
rna+H3K27me3-GAATCTGACGCTGATC,1
rna+H3K27me3-GAATCTGACGGATTGC,7
rna+H3K27me3-GAATCTGACTAAGGTC,5
rna+H3K27me3-GAATCTGAGAACAGGC,11
rna+H3K27me3-GAATCTGAGACAGTGC,12
rna+H3K27me3-GAATCTGAGAGTTAGC,12
rna+H3K27me3-GAATCTGAGATGAATC,7
rna+H3K27me3-GAATCTGAGCCAAGAC,9
rna+H3K27me3-GAATCTGACGGAAGAA,3
rna+H3K27me3-GAATCTGAGTGACAAG,5
rna+H3K27me3-GAATCTGAGAACCAGA,7
rna+H3K27me3-CTGGCATAAACGTGAT,10
rna+H3K27me3-CTGGCATAACAAGCTA,2
rna+H3K27me3-CTGGCATATTGCTGGA,7
rna+H3K27me3-CTGGCATACTGTAGCC,2
rna+H3K27me3-CTGGCATAAGTACAAG,8
rna+H3K27me3-CTGGCATAAACAACCA,2
rna+H3K27me3-CTGGCATAAACCGAGA,2
rna+H3K27me3-CTGGCATAAACGCTTA,2
rna+H3K27me3-CTGGCATAAAGACGGA,2
rna+H3K27me3-CTGGCATAAAGGTACA,2
rna+H3K27me3-CTGGCATAACACAGAA,2
rna+H3K27me3-CTGGCATAACAGCAGA,3
rna+H3K27me3-CTGGCATAAAACATCG,1
rna+H3K27me3-CTGGCATAACCTCCAA,2
rna+H3K27me3-CTGGCATAACGCTCGA,13
rna+H3K27me3-CTGGCATAACGTATCA,2
rna+H3K27me3-CTGGCATAACTATGCA,10
rna+H3K27me3-CTGGCATAAGAGTCAA,3
rna+H3K27me3-CTGGCATAAGATCGCA,0
rna+H3K27me3-CTGGCATAAGCAGGAA,3
rna+H3K27me3-CTGGCATAAGTCACTA,0
rna+H3K27me3-CTGGCATAATCCTGTA,0
rna+H3K27me3-CTGGCATAATTGAGGA,0
rna+H3K27me3-CTGGCATAATGCCTAA,3
rna+H3K27me3-CTGGCATACAACCACA,0
rna+H3K27me3-CTGGCATAGACTAGTA,0
rna+H3K27me3-CTGGCATACAATGGAA,0
rna+H3K27me3-CTGGCATACACTTCGA,0
rna+H3K27me3-CTGGCATACAGCGTTA,0
rna+H3K27me3-CTGGCATACATACCAA,6
rna+H3K27me3-CTGGCATACCAGTTCA,14
rna+H3K27me3-CTGGCATACCGAAGTA,0
rna+H3K27me3-CTGGCATACCGTGAGA,0
rna+H3K27me3-CTGGCATACCTCCTGA,0
rna+H3K27me3-CTGGCATAAGTGGTCA,0
rna+H3K27me3-CTGGCATACGAACTTA,6
rna+H3K27me3-CTGGCATACGACTGGA,0
rna+H3K27me3-CTGGCATACGCATACA,0
rna+H3K27me3-CTGGCATACTCAATGA,0
rna+H3K27me3-CTGGCATACTGAGCCA,0
rna+H3K27me3-CTGGCATACTGGCATA,0
rna+H3K27me3-CTGGCATAGAATCTGA,0
rna+H3K27me3-CTGGCATACAAGACTA,0
rna+H3K27me3-CTGGCATAGAGCTGAA,3
rna+H3K27me3-CTGGCATAGATAGACA,0
rna+H3K27me3-CTGGCATAACCACTGT,1
rna+H3K27me3-CTGGCATAGCCACATA,0
rna+H3K27me3-CTGGCATAGCGAGTAA,0
rna+H3K27me3-CTGGCATAGCTAACGA,4
rna+H3K27me3-CTGGCATAGCTCGGTA,7
rna+H3K27me3-CTGGCATAGGAGAACA,0
rna+H3K27me3-CTGGCATAGGTGCGAA,7
rna+H3K27me3-CTGGCATAGTACGCAA,0
rna+H3K27me3-CTGGCATAGTCGTAGA,0
rna+H3K27me3-CTGGCATAGTCTGTCA,0
rna+H3K27me3-CTGGCATAGTGTTCTA,0
rna+H3K27me3-CTGGCATAACATTGGC,2
rna+H3K27me3-CTGGCATATAGGATGA,0
rna+H3K27me3-CTGGCATATATCAGCA,0
rna+H3K27me3-CTGGCATATCCGTCTA,4
rna+H3K27me3-CTGGCATATCTTCACA,3
rna+H3K27me3-CTGGCATATGAAGAGA,0
rna+H3K27me3-CTGGCATATGGAACAA,0
rna+H3K27me3-CTGGCATATGGCTTCA,6
rna+H3K27me3-CTGGCATATGGTGGTA,0
rna+H3K27me3-CTGGCATATTCACGCA,10
rna+H3K27me3-CTGGCATAAACTCACC,6
rna+H3K27me3-CTGGCATACAGATCTG,2
rna+H3K27me3-CTGGCATAAAGAGATC,6
rna+H3K27me3-CTGGCATAAAGGACAC,6
rna+H3K27me3-CTGGCATAAATCCGTC,7
rna+H3K27me3-CTGGCATAAATGTTGC,6
rna+H3K27me3-CTGGCATAACACGACC,8
rna+H3K27me3-CTGGCATAACAGATTC,8
rna+H3K27me3-CTGGCATAAGATGTAC,7
rna+H3K27me3-CTGGCATAAGCACCTC,6
rna+H3K27me3-CTGGCATAAGCCATGC,7
rna+H3K27me3-CTGGCATAAGGCTAAC,6
rna+H3K27me3-CTGGCATACATCAAGT,4
rna+H3K27me3-CTGGCATAATAGCGAC,7
rna+H3K27me3-CTGGCATAATCATTCC,8
rna+H3K27me3-CTGGCATAATTGGCTC,7
rna+H3K27me3-CTGGCATACAAGGAGC,7
rna+H3K27me3-CTGGCATACACCTTAC,7
rna+H3K27me3-CTGGCATACCATCCTC,13
rna+H3K27me3-CTGGCATACCGACAAC,6
rna+H3K27me3-CTGGCATACCTAATCC,7
rna+H3K27me3-CTGGCATACCTCTATC,7
rna+H3K27me3-CTGGCATACGACACAC,13
rna+H3K27me3-CTGGCATACGCTGATC,2
rna+H3K27me3-CTGGCATACGGATTGC,4
rna+H3K27me3-CTGGCATACTAAGGTC,3
rna+H3K27me3-CTGGCATAGAACAGGC,6
rna+H3K27me3-CTGGCATAGACAGTGC,1
rna+H3K27me3-CTGGCATAGAGTTAGC,0
rna+H3K27me3-CTGGCATAGATGAATC,8
rna+H3K27me3-CTGGCATAGCCAAGAC,1
rna+H3K27me3-CTGGCATACGGAAGAA,7
rna+H3K27me3-CTGGCATAGTGACAAG,6
rna+H3K27me3-CTGGCATAGAACCAGA,7
rna+H3K27me3-CTGAGCCAAACGTGAT,13
rna+H3K27me3-CTGAGCCAACAAGCTA,2
rna+H3K27me3-CTGAGCCATTGCTGGA,4
rna+H3K27me3-CTGAGCCACTGTAGCC,2
rna+H3K27me3-CTGAGCCAAGTACAAG,3
rna+H3K27me3-CTGAGCCAAACAACCA,2
rna+H3K27me3-CTGAGCCAAACCGAGA,1
rna+H3K27me3-CTGAGCCAAACGCTTA,1
rna+H3K27me3-CTGAGCCAAAGACGGA,1
rna+H3K27me3-CTGAGCCAAAGGTACA,9
rna+H3K27me3-CTGAGCCAACACAGAA,1
rna+H3K27me3-CTGAGCCAACAGCAGA,5
rna+H3K27me3-CTGAGCCAAAACATCG,1
rna+H3K27me3-CTGAGCCAACCTCCAA,3
rna+H3K27me3-CTGAGCCAACGCTCGA,10
rna+H3K27me3-CTGAGCCAACGTATCA,3
rna+H3K27me3-CTGAGCCAACTATGCA,5
rna+H3K27me3-CTGAGCCAAGAGTCAA,0
rna+H3K27me3-CTGAGCCAAGATCGCA,0
rna+H3K27me3-CTGAGCCAAGCAGGAA,0
rna+H3K27me3-CTGAGCCAAGTCACTA,10
rna+H3K27me3-CTGAGCCAATCCTGTA,4
rna+H3K27me3-CTGAGCCAATTGAGGA,0
rna+H3K27me3-CTGAGCCAATGCCTAA,1
rna+H3K27me3-CTGAGCCACAACCACA,0
rna+H3K27me3-CTGAGCCAGACTAGTA,12
rna+H3K27me3-CTGAGCCACAATGGAA,3
rna+H3K27me3-CTGAGCCACACTTCGA,4
rna+H3K27me3-CTGAGCCACAGCGTTA,5
rna+H3K27me3-CTGAGCCACATACCAA,0
rna+H3K27me3-CTGAGCCACCAGTTCA,5
rna+H3K27me3-CTGAGCCACCGAAGTA,0
rna+H3K27me3-CTGAGCCACCGTGAGA,0
rna+H3K27me3-CTGAGCCACCTCCTGA,10
rna+H3K27me3-CTGAGCCAAGTGGTCA,4
rna+H3K27me3-CTGAGCCACGAACTTA,0
rna+H3K27me3-CTGAGCCACGACTGGA,0
rna+H3K27me3-CTGAGCCACGCATACA,5
rna+H3K27me3-CTGAGCCACTCAATGA,4
rna+H3K27me3-CTGAGCCACTGAGCCA,0
rna+H3K27me3-CTGAGCCACTGGCATA,0
rna+H3K27me3-CTGAGCCAGAATCTGA,5
rna+H3K27me3-CTGAGCCACAAGACTA,3
rna+H3K27me3-CTGAGCCAGAGCTGAA,7
rna+H3K27me3-CTGAGCCAGATAGACA,0
rna+H3K27me3-CTGAGCCAACCACTGT,2
rna+H3K27me3-CTGAGCCAGCCACATA,0
rna+H3K27me3-CTGAGCCAGCGAGTAA,0
rna+H3K27me3-CTGAGCCAGCTAACGA,0
rna+H3K27me3-CTGAGCCAGCTCGGTA,0
rna+H3K27me3-CTGAGCCAGGAGAACA,0
rna+H3K27me3-CTGAGCCAGGTGCGAA,0
rna+H3K27me3-CTGAGCCAGTACGCAA,0
rna+H3K27me3-CTGAGCCAGTCGTAGA,5
rna+H3K27me3-CTGAGCCAGTCTGTCA,4
rna+H3K27me3-CTGAGCCAGTGTTCTA,0
rna+H3K27me3-CTGAGCCAACATTGGC,7
rna+H3K27me3-CTGAGCCATAGGATGA,0
rna+H3K27me3-CTGAGCCATATCAGCA,13
rna+H3K27me3-CTGAGCCATCCGTCTA,4
rna+H3K27me3-CTGAGCCATCTTCACA,7
rna+H3K27me3-CTGAGCCATGAAGAGA,4
rna+H3K27me3-CTGAGCCATGGAACAA,0
rna+H3K27me3-CTGAGCCATGGCTTCA,8
rna+H3K27me3-CTGAGCCATGGTGGTA,0
rna+H3K27me3-CTGAGCCATTCACGCA,6
rna+H3K27me3-CTGAGCCAAACTCACC,6
rna+H3K27me3-CTGAGCCACAGATCTG,6
rna+H3K27me3-CTGAGCCAAAGAGATC,6
rna+H3K27me3-CTGAGCCAAAGGACAC,6
rna+H3K27me3-CTGAGCCAAATCCGTC,6
rna+H3K27me3-CTGAGCCAAATGTTGC,6
rna+H3K27me3-CTGAGCCAACACGACC,3
rna+H3K27me3-CTGAGCCAACAGATTC,6
rna+H3K27me3-CTGAGCCAAGATGTAC,11
rna+H3K27me3-CTGAGCCAAGCACCTC,4
rna+H3K27me3-CTGAGCCAAGCCATGC,6
rna+H3K27me3-CTGAGCCAAGGCTAAC,12
rna+H3K27me3-CTGAGCCACATCAAGT,5
rna+H3K27me3-CTGAGCCAATAGCGAC,4
rna+H3K27me3-CTGAGCCAATCATTCC,10
rna+H3K27me3-CTGAGCCAATTGGCTC,3
rna+H3K27me3-CTGAGCCACAAGGAGC,8
rna+H3K27me3-CTGAGCCACACCTTAC,4
rna+H3K27me3-CTGAGCCACCATCCTC,4
rna+H3K27me3-CTGAGCCACCGACAAC,7
rna+H3K27me3-CTGAGCCACCTAATCC,3
rna+H3K27me3-CTGAGCCACCTCTATC,7
rna+H3K27me3-CTGAGCCACGACACAC,7
rna+H3K27me3-CTGAGCCACGCTGATC,2
rna+H3K27me3-CTGAGCCACGGATTGC,6
rna+H3K27me3-CTGAGCCACTAAGGTC,5
rna+H3K27me3-CTGAGCCAGAACAGGC,3
rna+H3K27me3-CTGAGCCAGACAGTGC,4
rna+H3K27me3-CTGAGCCAGAGTTAGC,3
rna+H3K27me3-CTGAGCCAGATGAATC,4
rna+H3K27me3-CTGAGCCAGCCAAGAC,4
rna+H3K27me3-CTGAGCCACGGAAGAA,4
rna+H3K27me3-CTGAGCCAGTGACAAG,9
rna+H3K27me3-CTGAGCCAGAACCAGA,4
rna+H3K27me3-CTCAATGAAACGTGAT,1
rna+H3K27me3-CTCAATGAACAAGCTA,2
rna+H3K27me3-CTCAATGATTGCTGGA,5
rna+H3K27me3-CTCAATGACTGTAGCC,2
rna+H3K27me3-CTCAATGAAGTACAAG,2
rna+H3K27me3-CTCAATGAAACAACCA,2
rna+H3K27me3-CTCAATGAAACCGAGA,1
rna+H3K27me3-CTCAATGAAACGCTTA,3
rna+H3K27me3-CTCAATGAAAGACGGA,12
rna+H3K27me3-CTCAATGAAAGGTACA,2
rna+H3K27me3-CTCAATGAACACAGAA,2
rna+H3K27me3-CTCAATGAACAGCAGA,2
rna+H3K27me3-CTCAATGAAAACATCG,1
rna+H3K27me3-CTCAATGAACCTCCAA,3
rna+H3K27me3-CTCAATGAACGCTCGA,7
rna+H3K27me3-CTCAATGAACGTATCA,3
rna+H3K27me3-CTCAATGAACTATGCA,5
rna+H3K27me3-CTCAATGAAGAGTCAA,7
rna+H3K27me3-CTCAATGAAGATCGCA,0
rna+H3K27me3-CTCAATGAAGCAGGAA,0
rna+H3K27me3-CTCAATGAAGTCACTA,5
rna+H3K27me3-CTCAATGAATCCTGTA,8
rna+H3K27me3-CTCAATGAATTGAGGA,0
rna+H3K27me3-CTCAATGAATGCCTAA,1
rna+H3K27me3-CTCAATGACAACCACA,0
rna+H3K27me3-CTCAATGAGACTAGTA,0
rna+H3K27me3-CTCAATGACAATGGAA,0
rna+H3K27me3-CTCAATGACACTTCGA,11
rna+H3K27me3-CTCAATGACAGCGTTA,0
rna+H3K27me3-CTCAATGACATACCAA,5
rna+H3K27me3-CTCAATGACCAGTTCA,0
rna+H3K27me3-CTCAATGACCGAAGTA,0
rna+H3K27me3-CTCAATGACCGTGAGA,0
rna+H3K27me3-CTCAATGACCTCCTGA,0
rna+H3K27me3-CTCAATGAAGTGGTCA,7
rna+H3K27me3-CTCAATGACGAACTTA,0
rna+H3K27me3-CTCAATGACGACTGGA,6
rna+H3K27me3-CTCAATGACGCATACA,0
rna+H3K27me3-CTCAATGACTCAATGA,4
rna+H3K27me3-CTCAATGACTGAGCCA,0
rna+H3K27me3-CTCAATGACTGGCATA,3
rna+H3K27me3-CTCAATGAGAATCTGA,0
rna+H3K27me3-CTCAATGACAAGACTA,4
rna+H3K27me3-CTCAATGAGAGCTGAA,0
rna+H3K27me3-CTCAATGAGATAGACA,0
rna+H3K27me3-CTCAATGAACCACTGT,1
rna+H3K27me3-CTCAATGAGCCACATA,0
rna+H3K27me3-CTCAATGAGCGAGTAA,0
rna+H3K27me3-CTCAATGAGCTAACGA,0
rna+H3K27me3-CTCAATGAGCTCGGTA,0
rna+H3K27me3-CTCAATGAGGAGAACA,13
rna+H3K27me3-CTCAATGAGGTGCGAA,0
rna+H3K27me3-CTCAATGAGTACGCAA,5
rna+H3K27me3-CTCAATGAGTCGTAGA,3
rna+H3K27me3-CTCAATGAGTCTGTCA,0
rna+H3K27me3-CTCAATGAGTGTTCTA,0
rna+H3K27me3-CTCAATGAACATTGGC,5
rna+H3K27me3-CTCAATGATAGGATGA,3
rna+H3K27me3-CTCAATGATATCAGCA,0
rna+H3K27me3-CTCAATGATCCGTCTA,0
rna+H3K27me3-CTCAATGATCTTCACA,3
rna+H3K27me3-CTCAATGATGAAGAGA,5
rna+H3K27me3-CTCAATGATGGAACAA,0
rna+H3K27me3-CTCAATGATGGCTTCA,6
rna+H3K27me3-CTCAATGATGGTGGTA,0
rna+H3K27me3-CTCAATGATTCACGCA,10
rna+H3K27me3-CTCAATGAAACTCACC,6
rna+H3K27me3-CTCAATGACAGATCTG,2
rna+H3K27me3-CTCAATGAAAGAGATC,6
rna+H3K27me3-CTCAATGAAAGGACAC,6
rna+H3K27me3-CTCAATGAAATCCGTC,6
rna+H3K27me3-CTCAATGAAATGTTGC,3
rna+H3K27me3-CTCAATGAACACGACC,7
rna+H3K27me3-CTCAATGAACAGATTC,9
rna+H3K27me3-CTCAATGAAGATGTAC,6
rna+H3K27me3-CTCAATGAAGCACCTC,3
rna+H3K27me3-CTCAATGAAGCCATGC,5
rna+H3K27me3-CTCAATGAAGGCTAAC,7
rna+H3K27me3-CTCAATGACATCAAGT,1
rna+H3K27me3-CTCAATGAATAGCGAC,9
rna+H3K27me3-CTCAATGAATCATTCC,4
rna+H3K27me3-CTCAATGAATTGGCTC,7
rna+H3K27me3-CTCAATGACAAGGAGC,5
rna+H3K27me3-CTCAATGACACCTTAC,12
rna+H3K27me3-CTCAATGACCATCCTC,4
rna+H3K27me3-CTCAATGACCGACAAC,4
rna+H3K27me3-CTCAATGACCTAATCC,6
rna+H3K27me3-CTCAATGACCTCTATC,11
rna+H3K27me3-CTCAATGACGACACAC,3
rna+H3K27me3-CTCAATGACGCTGATC,2
rna+H3K27me3-CTCAATGACGGATTGC,7
rna+H3K27me3-CTCAATGACTAAGGTC,3
rna+H3K27me3-CTCAATGAGAACAGGC,7
rna+H3K27me3-CTCAATGAGACAGTGC,8
rna+H3K27me3-CTCAATGAGAGTTAGC,2
rna+H3K27me3-CTCAATGAGATGAATC,11
rna+H3K27me3-CTCAATGAGCCAAGAC,6
rna+H3K27me3-CTCAATGACGGAAGAA,7
rna+H3K27me3-CTCAATGAGTGACAAG,3
rna+H3K27me3-CTCAATGAGAACCAGA,10
rna+H3K27me3-CGCATACAAACGTGAT,1
rna+H3K27me3-CGCATACAACAAGCTA,5
rna+H3K27me3-CGCATACATTGCTGGA,3
rna+H3K27me3-CGCATACACTGTAGCC,2
rna+H3K27me3-CGCATACAAGTACAAG,2
rna+H3K27me3-CGCATACAAACAACCA,5
rna+H3K27me3-CGCATACAAACCGAGA,11
rna+H3K27me3-CGCATACAAACGCTTA,2
rna+H3K27me3-CGCATACAAAGACGGA,2
rna+H3K27me3-CGCATACAAAGGTACA,2
rna+H3K27me3-CGCATACAACACAGAA,2
rna+H3K27me3-CGCATACAACAGCAGA,5
rna+H3K27me3-CGCATACAAAACATCG,1
rna+H3K27me3-CGCATACAACCTCCAA,2
rna+H3K27me3-CGCATACAACGCTCGA,7
rna+H3K27me3-CGCATACAACGTATCA,4
rna+H3K27me3-CGCATACAACTATGCA,3
rna+H3K27me3-CGCATACAAGAGTCAA,7
rna+H3K27me3-CGCATACAAGATCGCA,14
rna+H3K27me3-CGCATACAAGCAGGAA,0
rna+H3K27me3-CGCATACAAGTCACTA,0
rna+H3K27me3-CGCATACAATCCTGTA,14
rna+H3K27me3-CGCATACAATTGAGGA,0
rna+H3K27me3-CGCATACAATGCCTAA,12
rna+H3K27me3-CGCATACACAACCACA,0
rna+H3K27me3-CGCATACAGACTAGTA,0
rna+H3K27me3-CGCATACACAATGGAA,5
rna+H3K27me3-CGCATACACACTTCGA,0
rna+H3K27me3-CGCATACACAGCGTTA,0
rna+H3K27me3-CGCATACACATACCAA,0
rna+H3K27me3-CGCATACACCAGTTCA,5
rna+H3K27me3-CGCATACACCGAAGTA,0
rna+H3K27me3-CGCATACACCGTGAGA,0
rna+H3K27me3-CGCATACACCTCCTGA,0
rna+H3K27me3-CGCATACAAGTGGTCA,12
rna+H3K27me3-CGCATACACGAACTTA,0
rna+H3K27me3-CGCATACACGACTGGA,0
rna+H3K27me3-CGCATACACGCATACA,0
rna+H3K27me3-CGCATACACTCAATGA,12
rna+H3K27me3-CGCATACACTGAGCCA,0
rna+H3K27me3-CGCATACACTGGCATA,3
rna+H3K27me3-CGCATACAGAATCTGA,9
rna+H3K27me3-CGCATACACAAGACTA,4
rna+H3K27me3-CGCATACAGAGCTGAA,0
rna+H3K27me3-CGCATACAGATAGACA,13
rna+H3K27me3-CGCATACAACCACTGT,2
rna+H3K27me3-CGCATACAGCCACATA,10
rna+H3K27me3-CGCATACAGCGAGTAA,0
rna+H3K27me3-CGCATACAGCTAACGA,0
rna+H3K27me3-CGCATACAGCTCGGTA,0
rna+H3K27me3-CGCATACAGGAGAACA,0
rna+H3K27me3-CGCATACAGGTGCGAA,5
rna+H3K27me3-CGCATACAGTACGCAA,0
rna+H3K27me3-CGCATACAGTCGTAGA,0
rna+H3K27me3-CGCATACAGTCTGTCA,10
rna+H3K27me3-CGCATACAGTGTTCTA,0
rna+H3K27me3-CGCATACAACATTGGC,2
rna+H3K27me3-CGCATACATAGGATGA,0
rna+H3K27me3-CGCATACATATCAGCA,0
rna+H3K27me3-CGCATACATCCGTCTA,12
rna+H3K27me3-CGCATACATCTTCACA,11
rna+H3K27me3-CGCATACATGAAGAGA,0
rna+H3K27me3-CGCATACATGGAACAA,8
rna+H3K27me3-CGCATACATGGCTTCA,0
rna+H3K27me3-CGCATACATGGTGGTA,0
rna+H3K27me3-CGCATACATTCACGCA,0
rna+H3K27me3-CGCATACAAACTCACC,6
rna+H3K27me3-CGCATACACAGATCTG,1
rna+H3K27me3-CGCATACAAAGAGATC,6
rna+H3K27me3-CGCATACAAAGGACAC,6
rna+H3K27me3-CGCATACAAATCCGTC,6
rna+H3K27me3-CGCATACAAATGTTGC,9
rna+H3K27me3-CGCATACAACACGACC,6
rna+H3K27me3-CGCATACAACAGATTC,8
rna+H3K27me3-CGCATACAAGATGTAC,3
rna+H3K27me3-CGCATACAAGCACCTC,7
rna+H3K27me3-CGCATACAAGCCATGC,3
rna+H3K27me3-CGCATACAAGGCTAAC,11
rna+H3K27me3-CGCATACACATCAAGT,5
rna+H3K27me3-CGCATACAATAGCGAC,7
rna+H3K27me3-CGCATACAATCATTCC,4
rna+H3K27me3-CGCATACAATTGGCTC,6
rna+H3K27me3-CGCATACACAAGGAGC,12
rna+H3K27me3-CGCATACACACCTTAC,7
rna+H3K27me3-CGCATACACCATCCTC,9
rna+H3K27me3-CGCATACACCGACAAC,4
rna+H3K27me3-CGCATACACCTAATCC,3
rna+H3K27me3-CGCATACACCTCTATC,7
rna+H3K27me3-CGCATACACGACACAC,11
rna+H3K27me3-CGCATACACGCTGATC,9
rna+H3K27me3-CGCATACACGGATTGC,7
rna+H3K27me3-CGCATACACTAAGGTC,5
rna+H3K27me3-CGCATACAGAACAGGC,3
rna+H3K27me3-CGCATACAGACAGTGC,3
rna+H3K27me3-CGCATACAGAGTTAGC,5
rna+H3K27me3-CGCATACAGATGAATC,4
rna+H3K27me3-CGCATACAGCCAAGAC,7
rna+H3K27me3-CGCATACACGGAAGAA,3
rna+H3K27me3-CGCATACAGTGACAAG,3
rna+H3K27me3-CGCATACAGAACCAGA,14
rna+H3K27me3-GCCAAGACACAAGCTA,5
rna+H3K27me3-GCCAAGACTTGCTGGA,3
rna+H3K27me3-GCCAAGACCTGTAGCC,1
rna+H3K27me3-GCCAAGACAGTACAAG,5
rna+H3K27me3-GCCAAGACAACAACCA,1
rna+H3K27me3-GCCAAGACAACCGAGA,1
rna+H3K27me3-GCCAAGACAACGCTTA,3
rna+H3K27me3-GCCAAGACAAGACGGA,1
rna+H3K27me3-GCCAAGACAAGGTACA,1
rna+H3K27me3-GCCAAGACACACAGAA,13
rna+H3K27me3-GCCAAGACACAGCAGA,12
rna+H3K27me3-GCCAAGACACCTCCAA,2
rna+H3K27me3-GCCAAGACACGCTCGA,9
rna+H3K27me3-GCCAAGACACGTATCA,2
rna+H3K27me3-GCCAAGACACTATGCA,1
rna+H3K27me3-GCCAAGACAGAGTCAA,1
rna+H3K27me3-GCCAAGACAGATCGCA,1
rna+H3K27me3-GCCAAGACAGCAGGAA,5
rna+H3K27me3-GCCAAGACAGTCACTA,2
rna+H3K27me3-GCCAAGACATCCTGTA,3
rna+H3K27me3-GCCAAGACATTGAGGA,1
rna+H3K27me3-GCCAAGACATGCCTAA,2
rna+H3K27me3-GCCAAGACCAACCACA,5
rna+H3K27me3-GCCAAGACGACTAGTA,7
rna+H3K27me3-GCCAAGACCAATGGAA,11
rna+H3K27me3-GCCAAGACCACTTCGA,1
rna+H3K27me3-GCCAAGACCAGCGTTA,1
rna+H3K27me3-GCCAAGACCATACCAA,1
rna+H3K27me3-GCCAAGACCCAGTTCA,2
rna+H3K27me3-GCCAAGACCCGAAGTA,2
rna+H3K27me3-GCCAAGACCCGTGAGA,1
rna+H3K27me3-GCCAAGACCCTCCTGA,7
rna+H3K27me3-GCCAAGACAGTGGTCA,3
rna+H3K27me3-GCCAAGACCGAACTTA,5
rna+H3K27me3-GCCAAGACCGACTGGA,3
rna+H3K27me3-GCCAAGACCGCATACA,1
rna+H3K27me3-GCCAAGACCTCAATGA,1
rna+H3K27me3-GCCAAGACCTGAGCCA,4
rna+H3K27me3-GCCAAGACCTGGCATA,3
rna+H3K27me3-GCCAAGACGAATCTGA,14
rna+H3K27me3-GCCAAGACCAAGACTA,3
rna+H3K27me3-GCCAAGACGAGCTGAA,4
rna+H3K27me3-GCCAAGACGATAGACA,11
rna+H3K27me3-GCCAAGACACCACTGT,3
rna+H3K27me3-GCCAAGACGCCACATA,3
rna+H3K27me3-GCCAAGACGCGAGTAA,2
rna+H3K27me3-GCCAAGACGCTAACGA,4
rna+H3K27me3-GCCAAGACGCTCGGTA,1
rna+H3K27me3-GCCAAGACGGAGAACA,2
rna+H3K27me3-GCCAAGACGGTGCGAA,5
rna+H3K27me3-GCCAAGACGTACGCAA,8
rna+H3K27me3-GCCAAGACGTCGTAGA,5
rna+H3K27me3-GCCAAGACGTCTGTCA,4
rna+H3K27me3-GCCAAGACGTGTTCTA,14
rna+H3K27me3-GCCAAGACACATTGGC,13
rna+H3K27me3-GCCAAGACTAGGATGA,2
rna+H3K27me3-GCCAAGACTATCAGCA,1
rna+H3K27me3-GCCAAGACTCCGTCTA,9
rna+H3K27me3-GCCAAGACTCTTCACA,3
rna+H3K27me3-GCCAAGACTGAAGAGA,5
rna+H3K27me3-GCCAAGACTGGAACAA,2
rna+H3K27me3-GCCAAGACTGGCTTCA,2
rna+H3K27me3-GCCAAGACTGGTGGTA,13
rna+H3K27me3-GCCAAGACTTCACGCA,2
rna+H3K27me3-GCCAAGACAACTCACC,3
rna+H3K27me3-GCCAAGACCAGATCTG,4
rna+H3K27me3-GCCAAGACAAGAGATC,6
rna+H3K27me3-GCCAAGACAAGGACAC,2
rna+H3K27me3-GCCAAGACAATCCGTC,2
rna+H3K27me3-GCCAAGACAATGTTGC,1
rna+H3K27me3-GCCAAGACACACGACC,2
rna+H3K27me3-GCCAAGACACAGATTC,3
rna+H3K27me3-GCCAAGACAGATGTAC,11
rna+H3K27me3-GCCAAGACAGCACCTC,2
rna+H3K27me3-GCCAAGACAGCCATGC,2
rna+H3K27me3-GCCAAGACAGGCTAAC,2
rna+H3K27me3-GCCAAGACCATCAAGT,3
rna+H3K27me3-GCCAAGACATAGCGAC,1
rna+H3K27me3-GCCAAGACATCATTCC,11
rna+H3K27me3-GCCAAGACATTGGCTC,1
rna+H3K27me3-GCCAAGACCAAGGAGC,5
rna+H3K27me3-GCCAAGACCACCTTAC,1
rna+H3K27me3-GCCAAGACCCATCCTC,5
rna+H3K27me3-GCCAAGACCCGACAAC,3
rna+H3K27me3-GCCAAGACCCTAATCC,3
rna+H3K27me3-GCCAAGACCCTCTATC,3
rna+H3K27me3-GCCAAGACCGACACAC,3
rna+H3K27me3-GCCAAGACCGCTGATC,3
rna+H3K27me3-GCCAAGACCGGATTGC,6
rna+H3K27me3-GCCAAGACCTAAGGTC,13
rna+H3K27me3-GCCAAGACGAACAGGC,3
rna+H3K27me3-GCCAAGACGACAGTGC,1
rna+H3K27me3-GCCAAGACGAGTTAGC,1
rna+H3K27me3-GCCAAGACGATGAATC,1
rna+H3K27me3-GCCAAGACGCCAAGAC,3
rna+H3K27me3-GCCAAGACCGGAAGAA,1
rna+H3K27me3-GCCAAGACGTGACAAG,1
rna+H3K27me3-GCCAAGACGAACCAGA,1
rna+H3K27me3-CGACTGGAAACGTGAT,2
rna+H3K27me3-CGACTGGAACAAGCTA,4
rna+H3K27me3-CGACTGGATTGCTGGA,5
rna+H3K27me3-CGACTGGACTGTAGCC,2
rna+H3K27me3-CGACTGGAAGTACAAG,2
rna+H3K27me3-CGACTGGAAACAACCA,5
rna+H3K27me3-CGACTGGAAACCGAGA,1
rna+H3K27me3-CGACTGGAAACGCTTA,2
rna+H3K27me3-CGACTGGAAAGACGGA,2
rna+H3K27me3-CGACTGGAAAGGTACA,7
rna+H3K27me3-CGACTGGAACACAGAA,4
rna+H3K27me3-CGACTGGAACAGCAGA,10
rna+H3K27me3-CGACTGGAAAACATCG,2
rna+H3K27me3-CGACTGGAACCTCCAA,5
rna+H3K27me3-CGACTGGAACGCTCGA,2
rna+H3K27me3-CGACTGGAACGTATCA,2
rna+H3K27me3-CGACTGGAACTATGCA,3
rna+H3K27me3-CGACTGGAAGAGTCAA,0
rna+H3K27me3-CGACTGGAAGATCGCA,0
rna+H3K27me3-CGACTGGAAGCAGGAA,0
rna+H3K27me3-CGACTGGAAGTCACTA,5
rna+H3K27me3-CGACTGGAATCCTGTA,0
rna+H3K27me3-CGACTGGAATTGAGGA,0
rna+H3K27me3-CGACTGGAATGCCTAA,5
rna+H3K27me3-CGACTGGACAACCACA,0
rna+H3K27me3-CGACTGGAGACTAGTA,3
rna+H3K27me3-CGACTGGACAATGGAA,0
rna+H3K27me3-CGACTGGACACTTCGA,0
rna+H3K27me3-CGACTGGACAGCGTTA,0
rna+H3K27me3-CGACTGGACATACCAA,0
rna+H3K27me3-CGACTGGACCAGTTCA,0
rna+H3K27me3-CGACTGGACCGAAGTA,0
rna+H3K27me3-CGACTGGACCGTGAGA,12
rna+H3K27me3-CGACTGGACCTCCTGA,0
rna+H3K27me3-CGACTGGAAGTGGTCA,1
rna+H3K27me3-CGACTGGACGAACTTA,0
rna+H3K27me3-CGACTGGACGACTGGA,0
rna+H3K27me3-CGACTGGACGCATACA,3
rna+H3K27me3-CGACTGGACTCAATGA,0
rna+H3K27me3-CGACTGGACTGAGCCA,0
rna+H3K27me3-CGACTGGACTGGCATA,0
rna+H3K27me3-CGACTGGAGAATCTGA,0
rna+H3K27me3-CGACTGGACAAGACTA,0
rna+H3K27me3-CGACTGGAGAGCTGAA,0
rna+H3K27me3-CGACTGGAGATAGACA,0
rna+H3K27me3-CGACTGGAACCACTGT,8
rna+H3K27me3-CGACTGGAGCCACATA,0
rna+H3K27me3-CGACTGGAGCGAGTAA,0
rna+H3K27me3-CGACTGGAGCTAACGA,0
rna+H3K27me3-CGACTGGAGCTCGGTA,0
rna+H3K27me3-CGACTGGAGGAGAACA,0
rna+H3K27me3-CGACTGGAGGTGCGAA,0
rna+H3K27me3-CGACTGGAGTACGCAA,4
rna+H3K27me3-CGACTGGAGTCGTAGA,0
rna+H3K27me3-CGACTGGAGTCTGTCA,2
rna+H3K27me3-CGACTGGAGTGTTCTA,3
rna+H3K27me3-CGACTGGAACATTGGC,5
rna+H3K27me3-CGACTGGATAGGATGA,4
rna+H3K27me3-CGACTGGATATCAGCA,5
rna+H3K27me3-CGACTGGATCCGTCTA,0
rna+H3K27me3-CGACTGGATCTTCACA,0
rna+H3K27me3-CGACTGGATGAAGAGA,4
rna+H3K27me3-CGACTGGATGGAACAA,5
rna+H3K27me3-CGACTGGATGGCTTCA,0
rna+H3K27me3-CGACTGGATGGTGGTA,0
rna+H3K27me3-CGACTGGATTCACGCA,7
rna+H3K27me3-CGACTGGAAACTCACC,6
rna+H3K27me3-CGACTGGACAGATCTG,2
rna+H3K27me3-CGACTGGAAAGAGATC,6
rna+H3K27me3-CGACTGGAAAGGACAC,6
rna+H3K27me3-CGACTGGAAATCCGTC,7
rna+H3K27me3-CGACTGGAAATGTTGC,3
rna+H3K27me3-CGACTGGAACACGACC,11
rna+H3K27me3-CGACTGGAACAGATTC,6
rna+H3K27me3-CGACTGGAAGATGTAC,4
rna+H3K27me3-CGACTGGAAGCACCTC,7
rna+H3K27me3-CGACTGGAAGCCATGC,5
rna+H3K27me3-CGACTGGAAGGCTAAC,7
rna+H3K27me3-CGACTGGACATCAAGT,3
rna+H3K27me3-CGACTGGAATAGCGAC,5
rna+H3K27me3-CGACTGGAATCATTCC,7
rna+H3K27me3-CGACTGGAATTGGCTC,6
rna+H3K27me3-CGACTGGACAAGGAGC,6
rna+H3K27me3-CGACTGGACACCTTAC,3
rna+H3K27me3-CGACTGGACCATCCTC,11
rna+H3K27me3-CGACTGGACCGACAAC,7
rna+H3K27me3-CGACTGGACCTAATCC,8
rna+H3K27me3-CGACTGGACCTCTATC,4
rna+H3K27me3-CGACTGGACGACACAC,6
rna+H3K27me3-CGACTGGACGCTGATC,1
rna+H3K27me3-CGACTGGACGGATTGC,9
rna+H3K27me3-CGACTGGACTAAGGTC,7
rna+H3K27me3-CGACTGGAGAACAGGC,3
rna+H3K27me3-CGACTGGAGACAGTGC,7
rna+H3K27me3-CGACTGGAGAGTTAGC,3
rna+H3K27me3-CGACTGGAGATGAATC,6
rna+H3K27me3-CGACTGGAGCCAAGAC,6
rna+H3K27me3-CGACTGGACGGAAGAA,2
rna+H3K27me3-CGACTGGAGTGACAAG,7
rna+H3K27me3-CGACTGGAGAACCAGA,5
rna+H3K27me3-CGAACTTAAACGTGAT,3
rna+H3K27me3-CGAACTTAACAAGCTA,2
rna+H3K27me3-CGAACTTATTGCTGGA,3
rna+H3K27me3-CGAACTTACTGTAGCC,2
rna+H3K27me3-CGAACTTAAGTACAAG,2
rna+H3K27me3-CGAACTTAAACAACCA,1
rna+H3K27me3-CGAACTTAAACCGAGA,3
rna+H3K27me3-CGAACTTAAACGCTTA,5
rna+H3K27me3-CGAACTTAAAGACGGA,5
rna+H3K27me3-CGAACTTAAAGGTACA,2
rna+H3K27me3-CGAACTTAACACAGAA,10
rna+H3K27me3-CGAACTTAACAGCAGA,5
rna+H3K27me3-CGAACTTAAAACATCG,7
rna+H3K27me3-CGAACTTAACCTCCAA,2
rna+H3K27me3-CGAACTTAACGCTCGA,4
rna+H3K27me3-CGAACTTAACGTATCA,4
rna+H3K27me3-CGAACTTAACTATGCA,4
rna+H3K27me3-CGAACTTAAGAGTCAA,13
rna+H3K27me3-CGAACTTAAGATCGCA,0
rna+H3K27me3-CGAACTTAAGCAGGAA,0
rna+H3K27me3-CGAACTTAAGTCACTA,0
rna+H3K27me3-CGAACTTAATCCTGTA,0
rna+H3K27me3-CGAACTTAATTGAGGA,0
rna+H3K27me3-CGAACTTAATGCCTAA,5
rna+H3K27me3-CGAACTTACAACCACA,3
rna+H3K27me3-CGAACTTAGACTAGTA,0
rna+H3K27me3-CGAACTTACAATGGAA,0
rna+H3K27me3-CGAACTTACACTTCGA,0
rna+H3K27me3-CGAACTTACAGCGTTA,4
rna+H3K27me3-CGAACTTACATACCAA,0
rna+H3K27me3-CGAACTTACCAGTTCA,0
rna+H3K27me3-CGAACTTACCGAAGTA,0
rna+H3K27me3-CGAACTTACCGTGAGA,9
rna+H3K27me3-CGAACTTACCTCCTGA,0
rna+H3K27me3-CGAACTTAAGTGGTCA,7
rna+H3K27me3-CGAACTTACGAACTTA,0
rna+H3K27me3-CGAACTTACGACTGGA,0
rna+H3K27me3-CGAACTTACGCATACA,5
rna+H3K27me3-CGAACTTACTCAATGA,0
rna+H3K27me3-CGAACTTACTGAGCCA,0
rna+H3K27me3-CGAACTTACTGGCATA,7
rna+H3K27me3-CGAACTTAGAATCTGA,0
rna+H3K27me3-CGAACTTACAAGACTA,0
rna+H3K27me3-CGAACTTAGAGCTGAA,0
rna+H3K27me3-CGAACTTAGATAGACA,0
rna+H3K27me3-CGAACTTAACCACTGT,2
rna+H3K27me3-CGAACTTAGCCACATA,0
rna+H3K27me3-CGAACTTAGCGAGTAA,0
rna+H3K27me3-CGAACTTAGCTAACGA,4
rna+H3K27me3-CGAACTTAGCTCGGTA,0
rna+H3K27me3-CGAACTTAGGAGAACA,0
rna+H3K27me3-CGAACTTAGGTGCGAA,0
rna+H3K27me3-CGAACTTAGTACGCAA,0
rna+H3K27me3-CGAACTTAGTCGTAGA,4
rna+H3K27me3-CGAACTTAGTCTGTCA,0
rna+H3K27me3-CGAACTTAGTGTTCTA,0
rna+H3K27me3-CGAACTTAACATTGGC,1
rna+H3K27me3-CGAACTTATAGGATGA,0
rna+H3K27me3-CGAACTTATATCAGCA,9
rna+H3K27me3-CGAACTTATCCGTCTA,0
rna+H3K27me3-CGAACTTATCTTCACA,8
rna+H3K27me3-CGAACTTATGAAGAGA,0
rna+H3K27me3-CGAACTTATGGAACAA,0
rna+H3K27me3-CGAACTTATGGCTTCA,4
rna+H3K27me3-CGAACTTATGGTGGTA,0
rna+H3K27me3-CGAACTTATTCACGCA,6
rna+H3K27me3-CGAACTTAAACTCACC,6
rna+H3K27me3-CGAACTTACAGATCTG,1
rna+H3K27me3-CGAACTTAAAGAGATC,6
rna+H3K27me3-CGAACTTAAAGGACAC,6
rna+H3K27me3-CGAACTTAAATCCGTC,5
rna+H3K27me3-CGAACTTAAATGTTGC,3
rna+H3K27me3-CGAACTTAACACGACC,3
rna+H3K27me3-CGAACTTAACAGATTC,6
rna+H3K27me3-CGAACTTAAGATGTAC,10
rna+H3K27me3-CGAACTTAAGCACCTC,6
rna+H3K27me3-CGAACTTAAGCCATGC,9
rna+H3K27me3-CGAACTTAAGGCTAAC,5
rna+H3K27me3-CGAACTTACATCAAGT,3
rna+H3K27me3-CGAACTTAATAGCGAC,7
rna+H3K27me3-CGAACTTAATCATTCC,12
rna+H3K27me3-CGAACTTAATTGGCTC,4
rna+H3K27me3-CGAACTTACAAGGAGC,3
rna+H3K27me3-CGAACTTACACCTTAC,6
rna+H3K27me3-CGAACTTACCATCCTC,10
rna+H3K27me3-CGAACTTACCGACAAC,7
rna+H3K27me3-CGAACTTACCTAATCC,9
rna+H3K27me3-CGAACTTACCTCTATC,3
rna+H3K27me3-CGAACTTACGACACAC,12
rna+H3K27me3-CGAACTTACGCTGATC,4
rna+H3K27me3-CGAACTTACGGATTGC,6
rna+H3K27me3-CGAACTTACTAAGGTC,3
rna+H3K27me3-CGAACTTAGAACAGGC,9
rna+H3K27me3-CGAACTTAGACAGTGC,7
rna+H3K27me3-CGAACTTAGAGTTAGC,7
rna+H3K27me3-CGAACTTAGATGAATC,5
rna+H3K27me3-CGAACTTAGCCAAGAC,5
rna+H3K27me3-CGAACTTACGGAAGAA,4
rna+H3K27me3-CGAACTTAGTGACAAG,7
rna+H3K27me3-CGAACTTAGAACCAGA,3
rna+H3K27me3-CCTCCTGAAACGTGAT,13
rna+H3K27me3-CCTCCTGAACAAGCTA,2
rna+H3K27me3-CCTCCTGATTGCTGGA,7
rna+H3K27me3-CCTCCTGACTGTAGCC,9
rna+H3K27me3-CCTCCTGAAGTACAAG,5
rna+H3K27me3-CCTCCTGAAACAACCA,2
rna+H3K27me3-CCTCCTGAAACCGAGA,2
rna+H3K27me3-CCTCCTGAAACGCTTA,10
rna+H3K27me3-CCTCCTGAAAGACGGA,5
rna+H3K27me3-CCTCCTGAAAGGTACA,1
rna+H3K27me3-CCTCCTGAACACAGAA,2
rna+H3K27me3-CCTCCTGAACAGCAGA,3
rna+H3K27me3-CCTCCTGAAAACATCG,9
rna+H3K27me3-CCTCCTGAACCTCCAA,2
rna+H3K27me3-CCTCCTGAACGCTCGA,2
rna+H3K27me3-CCTCCTGAACGTATCA,4
rna+H3K27me3-CCTCCTGAACTATGCA,4
rna+H3K27me3-CCTCCTGAAGAGTCAA,1
rna+H3K27me3-CCTCCTGAAGATCGCA,0
rna+H3K27me3-CCTCCTGAAGCAGGAA,0
rna+H3K27me3-CCTCCTGAAGTCACTA,2
rna+H3K27me3-CCTCCTGAATCCTGTA,5
rna+H3K27me3-CCTCCTGAATTGAGGA,5
rna+H3K27me3-CCTCCTGAATGCCTAA,1
rna+H3K27me3-CCTCCTGACAACCACA,0
rna+H3K27me3-CCTCCTGAGACTAGTA,3
rna+H3K27me3-CCTCCTGACAATGGAA,3
rna+H3K27me3-CCTCCTGACACTTCGA,0
rna+H3K27me3-CCTCCTGACAGCGTTA,0
rna+H3K27me3-CCTCCTGACATACCAA,0
rna+H3K27me3-CCTCCTGACCAGTTCA,5
rna+H3K27me3-CCTCCTGACCGAAGTA,0
rna+H3K27me3-CCTCCTGACCGTGAGA,0
rna+H3K27me3-CCTCCTGACCTCCTGA,0
rna+H3K27me3-CCTCCTGAAGTGGTCA,11
rna+H3K27me3-CCTCCTGACGAACTTA,0
rna+H3K27me3-CCTCCTGACGACTGGA,11
rna+H3K27me3-CCTCCTGACGCATACA,0
rna+H3K27me3-CCTCCTGACTCAATGA,0
rna+H3K27me3-CCTCCTGACTGAGCCA,0
rna+H3K27me3-CCTCCTGACTGGCATA,3
rna+H3K27me3-CCTCCTGAGAATCTGA,0
rna+H3K27me3-CCTCCTGACAAGACTA,0
rna+H3K27me3-CCTCCTGAGAGCTGAA,0
rna+H3K27me3-CCTCCTGAGATAGACA,4
rna+H3K27me3-CCTCCTGAACCACTGT,3
rna+H3K27me3-CCTCCTGAGCCACATA,0
rna+H3K27me3-CCTCCTGAGCGAGTAA,0
rna+H3K27me3-CCTCCTGAGCTAACGA,0
rna+H3K27me3-CCTCCTGAGCTCGGTA,0
rna+H3K27me3-CCTCCTGAGGAGAACA,11
rna+H3K27me3-CCTCCTGAGGTGCGAA,0
rna+H3K27me3-CCTCCTGAGTACGCAA,0
rna+H3K27me3-CCTCCTGAGTCGTAGA,0
rna+H3K27me3-CCTCCTGAGTCTGTCA,0
rna+H3K27me3-CCTCCTGAGTGTTCTA,0
rna+H3K27me3-CCTCCTGAACATTGGC,3
rna+H3K27me3-CCTCCTGATAGGATGA,13
rna+H3K27me3-CCTCCTGATATCAGCA,10
rna+H3K27me3-CCTCCTGATCCGTCTA,0
rna+H3K27me3-CCTCCTGATCTTCACA,0
rna+H3K27me3-CCTCCTGATGAAGAGA,0
rna+H3K27me3-CCTCCTGATGGAACAA,0
rna+H3K27me3-CCTCCTGATGGCTTCA,4
rna+H3K27me3-CCTCCTGATGGTGGTA,14
rna+H3K27me3-CCTCCTGATTCACGCA,6
rna+H3K27me3-CCTCCTGAAACTCACC,6
rna+H3K27me3-CCTCCTGACAGATCTG,1
rna+H3K27me3-CCTCCTGAAAGAGATC,6
rna+H3K27me3-CCTCCTGAAAGGACAC,6
rna+H3K27me3-CCTCCTGAAATCCGTC,7
rna+H3K27me3-CCTCCTGAAATGTTGC,7
rna+H3K27me3-CCTCCTGAACACGACC,7
rna+H3K27me3-CCTCCTGAACAGATTC,3
rna+H3K27me3-CCTCCTGAAGATGTAC,7
rna+H3K27me3-CCTCCTGAAGCACCTC,8
rna+H3K27me3-CCTCCTGAAGCCATGC,8
rna+H3K27me3-CCTCCTGAAGGCTAAC,5
rna+H3K27me3-CCTCCTGACATCAAGT,2
rna+H3K27me3-CCTCCTGAATAGCGAC,3
rna+H3K27me3-CCTCCTGAATCATTCC,3
rna+H3K27me3-CCTCCTGAATTGGCTC,3
rna+H3K27me3-CCTCCTGACAAGGAGC,5
rna+H3K27me3-CCTCCTGACACCTTAC,2
rna+H3K27me3-CCTCCTGACCATCCTC,0
rna+H3K27me3-CCTCCTGACCGACAAC,6
rna+H3K27me3-CCTCCTGACCTAATCC,4
rna+H3K27me3-CCTCCTGACCTCTATC,4
rna+H3K27me3-CCTCCTGACGACACAC,3
rna+H3K27me3-CCTCCTGACGCTGATC,1
rna+H3K27me3-CCTCCTGACGGATTGC,4
rna+H3K27me3-CCTCCTGACTAAGGTC,7
rna+H3K27me3-CCTCCTGAGAACAGGC,7
rna+H3K27me3-CCTCCTGAGACAGTGC,3
rna+H3K27me3-CCTCCTGAGAGTTAGC,7
rna+H3K27me3-CCTCCTGAGATGAATC,4
rna+H3K27me3-CCTCCTGAGCCAAGAC,6
rna+H3K27me3-CCTCCTGACGGAAGAA,7
rna+H3K27me3-CCTCCTGAGTGACAAG,11
rna+H3K27me3-CCTCCTGAGAACCAGA,6
rna+H3K27me3-CCGTGAGAAACGTGAT,12
rna+H3K27me3-CCGTGAGAACAAGCTA,2
rna+H3K27me3-CCGTGAGATTGCTGGA,10
rna+H3K27me3-CCGTGAGACTGTAGCC,2
rna+H3K27me3-CCGTGAGAAGTACAAG,2
rna+H3K27me3-CCGTGAGAAACAACCA,2
rna+H3K27me3-CCGTGAGAAACCGAGA,2
rna+H3K27me3-CCGTGAGAAACGCTTA,2
rna+H3K27me3-CCGTGAGAAAGACGGA,2
rna+H3K27me3-CCGTGAGAAAGGTACA,1
rna+H3K27me3-CCGTGAGAACACAGAA,2
rna+H3K27me3-CCGTGAGAACAGCAGA,5
rna+H3K27me3-CCGTGAGAAAACATCG,7
rna+H3K27me3-CCGTGAGAACCTCCAA,2
rna+H3K27me3-CCGTGAGAACGCTCGA,2
rna+H3K27me3-CCGTGAGAACGTATCA,5
rna+H3K27me3-CCGTGAGAACTATGCA,6
rna+H3K27me3-CCGTGAGAAGAGTCAA,7
rna+H3K27me3-CCGTGAGAAGATCGCA,0
rna+H3K27me3-CCGTGAGAAGCAGGAA,0
rna+H3K27me3-CCGTGAGAAGTCACTA,9
rna+H3K27me3-CCGTGAGAATCCTGTA,0
rna+H3K27me3-CCGTGAGAATTGAGGA,0
rna+H3K27me3-CCGTGAGAATGCCTAA,1
rna+H3K27me3-CCGTGAGACAACCACA,0
rna+H3K27me3-CCGTGAGAGACTAGTA,0
rna+H3K27me3-CCGTGAGACAATGGAA,0
rna+H3K27me3-CCGTGAGACACTTCGA,0
rna+H3K27me3-CCGTGAGACAGCGTTA,0
rna+H3K27me3-CCGTGAGACATACCAA,0
rna+H3K27me3-CCGTGAGACCAGTTCA,6
rna+H3K27me3-CCGTGAGACCGAAGTA,0
rna+H3K27me3-CCGTGAGACCGTGAGA,0
rna+H3K27me3-CCGTGAGACCTCCTGA,0
rna+H3K27me3-CCGTGAGAAGTGGTCA,2
rna+H3K27me3-CCGTGAGACGAACTTA,0
rna+H3K27me3-CCGTGAGACGACTGGA,4
rna+H3K27me3-CCGTGAGACGCATACA,0
rna+H3K27me3-CCGTGAGACTCAATGA,6
rna+H3K27me3-CCGTGAGACTGAGCCA,8
rna+H3K27me3-CCGTGAGACTGGCATA,11
rna+H3K27me3-CCGTGAGAGAATCTGA,0
rna+H3K27me3-CCGTGAGACAAGACTA,0
rna+H3K27me3-CCGTGAGAGAGCTGAA,0
rna+H3K27me3-CCGTGAGAGATAGACA,12
rna+H3K27me3-CCGTGAGAACCACTGT,1
rna+H3K27me3-CCGTGAGAGCCACATA,10
rna+H3K27me3-CCGTGAGAGCGAGTAA,4
rna+H3K27me3-CCGTGAGAGCTAACGA,4
rna+H3K27me3-CCGTGAGAGCTCGGTA,0
rna+H3K27me3-CCGTGAGAGGAGAACA,0
rna+H3K27me3-CCGTGAGAGGTGCGAA,0
rna+H3K27me3-CCGTGAGAGTACGCAA,5
rna+H3K27me3-CCGTGAGAGTCGTAGA,0
rna+H3K27me3-CCGTGAGAGTCTGTCA,0
rna+H3K27me3-CCGTGAGAGTGTTCTA,0
rna+H3K27me3-CCGTGAGAACATTGGC,3
rna+H3K27me3-CCGTGAGATAGGATGA,0
rna+H3K27me3-CCGTGAGATATCAGCA,0
rna+H3K27me3-CCGTGAGATCCGTCTA,0
rna+H3K27me3-CCGTGAGATCTTCACA,0
rna+H3K27me3-CCGTGAGATGAAGAGA,7
rna+H3K27me3-CCGTGAGATGGAACAA,0
rna+H3K27me3-CCGTGAGATGGCTTCA,0
rna+H3K27me3-CCGTGAGATGGTGGTA,0
rna+H3K27me3-CCGTGAGATTCACGCA,6
rna+H3K27me3-CCGTGAGAAACTCACC,6
rna+H3K27me3-CCGTGAGACAGATCTG,10
rna+H3K27me3-CCGTGAGAAAGAGATC,6
rna+H3K27me3-CCGTGAGAAAGGACAC,6
rna+H3K27me3-CCGTGAGAAATCCGTC,7
rna+H3K27me3-CCGTGAGAAATGTTGC,3
rna+H3K27me3-CCGTGAGAACACGACC,7
rna+H3K27me3-CCGTGAGAACAGATTC,6
rna+H3K27me3-CCGTGAGAAGATGTAC,5
rna+H3K27me3-CCGTGAGAAGCACCTC,4
rna+H3K27me3-CCGTGAGAAGCCATGC,6
rna+H3K27me3-CCGTGAGAAGGCTAAC,6
rna+H3K27me3-CCGTGAGACATCAAGT,1
rna+H3K27me3-CCGTGAGAATAGCGAC,6
rna+H3K27me3-CCGTGAGAATCATTCC,7
rna+H3K27me3-CCGTGAGAATTGGCTC,8
rna+H3K27me3-CCGTGAGACAAGGAGC,1
rna+H3K27me3-CCGTGAGACACCTTAC,5
rna+H3K27me3-CCGTGAGACCATCCTC,8
rna+H3K27me3-CCGTGAGACCGACAAC,6
rna+H3K27me3-CCGTGAGACCTAATCC,12
rna+H3K27me3-CCGTGAGACCTCTATC,4
rna+H3K27me3-CCGTGAGACGACACAC,8
rna+H3K27me3-CCGTGAGACGCTGATC,5
rna+H3K27me3-CCGTGAGACGGATTGC,3
rna+H3K27me3-CCGTGAGACTAAGGTC,6
rna+H3K27me3-CCGTGAGAGAACAGGC,10
rna+H3K27me3-CCGTGAGAGACAGTGC,10
rna+H3K27me3-CCGTGAGAGAGTTAGC,6
rna+H3K27me3-CCGTGAGAGATGAATC,7
rna+H3K27me3-CCGTGAGAGCCAAGAC,10
rna+H3K27me3-CCGTGAGACGGAAGAA,7
rna+H3K27me3-CCGTGAGAGTGACAAG,0
rna+H3K27me3-CCGTGAGAGAACCAGA,6
rna+H3K27me3-CCGAAGTAAACGTGAT,2
rna+H3K27me3-CCGAAGTAACAAGCTA,2
rna+H3K27me3-CCGAAGTATTGCTGGA,3
rna+H3K27me3-CCGAAGTACTGTAGCC,2
rna+H3K27me3-CCGAAGTAAGTACAAG,2
rna+H3K27me3-CCGAAGTAAACAACCA,9
rna+H3K27me3-CCGAAGTAAACCGAGA,6
rna+H3K27me3-CCGAAGTAAACGCTTA,2
rna+H3K27me3-CCGAAGTAAAGACGGA,1
rna+H3K27me3-CCGAAGTAAAGGTACA,1
rna+H3K27me3-CCGAAGTAACACAGAA,2
rna+H3K27me3-CCGAAGTAACAGCAGA,2
rna+H3K27me3-CCGAAGTAAAACATCG,1
rna+H3K27me3-CCGAAGTAACCTCCAA,11
rna+H3K27me3-CCGAAGTAACGCTCGA,1
rna+H3K27me3-CCGAAGTAACGTATCA,4
rna+H3K27me3-CCGAAGTAACTATGCA,2
rna+H3K27me3-CCGAAGTAAGAGTCAA,4
rna+H3K27me3-CCGAAGTAAGATCGCA,0
rna+H3K27me3-CCGAAGTAAGCAGGAA,0
rna+H3K27me3-CCGAAGTAAGTCACTA,3
rna+H3K27me3-CCGAAGTAATCCTGTA,0
rna+H3K27me3-CCGAAGTAATTGAGGA,0
rna+H3K27me3-CCGAAGTAATGCCTAA,1
rna+H3K27me3-CCGAAGTACAACCACA,0
rna+H3K27me3-CCGAAGTAGACTAGTA,0
rna+H3K27me3-CCGAAGTACAATGGAA,8
rna+H3K27me3-CCGAAGTACACTTCGA,0
rna+H3K27me3-CCGAAGTACAGCGTTA,0
rna+H3K27me3-CCGAAGTACATACCAA,0
rna+H3K27me3-CCGAAGTACCAGTTCA,0
rna+H3K27me3-CCGAAGTACCGAAGTA,0
rna+H3K27me3-CCGAAGTACCGTGAGA,0
rna+H3K27me3-CCGAAGTACCTCCTGA,0
rna+H3K27me3-CCGAAGTAAGTGGTCA,1
rna+H3K27me3-CCGAAGTACGAACTTA,14
rna+H3K27me3-CCGAAGTACGACTGGA,6
rna+H3K27me3-CCGAAGTACGCATACA,0
rna+H3K27me3-CCGAAGTACTCAATGA,0
rna+H3K27me3-CCGAAGTACTGAGCCA,0
rna+H3K27me3-CCGAAGTACTGGCATA,0
rna+H3K27me3-CCGAAGTAGAATCTGA,0
rna+H3K27me3-CCGAAGTACAAGACTA,0
rna+H3K27me3-CCGAAGTAGAGCTGAA,5
rna+H3K27me3-CCGAAGTAGATAGACA,0
rna+H3K27me3-CCGAAGTAACCACTGT,2
rna+H3K27me3-CCGAAGTAGCCACATA,0
rna+H3K27me3-CCGAAGTAGCGAGTAA,0
rna+H3K27me3-CCGAAGTAGCTAACGA,5
rna+H3K27me3-CCGAAGTAGCTCGGTA,5
rna+H3K27me3-CCGAAGTAGGAGAACA,0
rna+H3K27me3-CCGAAGTAGGTGCGAA,0
rna+H3K27me3-CCGAAGTAGTACGCAA,0
rna+H3K27me3-CCGAAGTAGTCGTAGA,0
rna+H3K27me3-CCGAAGTAGTCTGTCA,3
rna+H3K27me3-CCGAAGTAGTGTTCTA,0
rna+H3K27me3-CCGAAGTAACATTGGC,1
rna+H3K27me3-CCGAAGTATAGGATGA,0
rna+H3K27me3-CCGAAGTATATCAGCA,0
rna+H3K27me3-CCGAAGTATCCGTCTA,0
rna+H3K27me3-CCGAAGTATCTTCACA,0
rna+H3K27me3-CCGAAGTATGAAGAGA,0
rna+H3K27me3-CCGAAGTATGGAACAA,7
rna+H3K27me3-CCGAAGTATGGCTTCA,0
rna+H3K27me3-CCGAAGTATGGTGGTA,3
rna+H3K27me3-CCGAAGTATTCACGCA,6
rna+H3K27me3-CCGAAGTAAACTCACC,6
rna+H3K27me3-CCGAAGTACAGATCTG,2
rna+H3K27me3-CCGAAGTAAAGAGATC,6
rna+H3K27me3-CCGAAGTAAAGGACAC,6
rna+H3K27me3-CCGAAGTAAATCCGTC,8
rna+H3K27me3-CCGAAGTAAATGTTGC,8
rna+H3K27me3-CCGAAGTAACACGACC,6
rna+H3K27me3-CCGAAGTAACAGATTC,3
rna+H3K27me3-CCGAAGTAAGATGTAC,7
rna+H3K27me3-CCGAAGTAAGCACCTC,8
rna+H3K27me3-CCGAAGTAAGCCATGC,4
rna+H3K27me3-CCGAAGTAAGGCTAAC,6
rna+H3K27me3-CCGAAGTACATCAAGT,5
rna+H3K27me3-CCGAAGTAATAGCGAC,4
rna+H3K27me3-CCGAAGTAATCATTCC,4
rna+H3K27me3-CCGAAGTAATTGGCTC,7
rna+H3K27me3-CCGAAGTACAAGGAGC,8
rna+H3K27me3-CCGAAGTACACCTTAC,4
rna+H3K27me3-CCGAAGTACCATCCTC,7
rna+H3K27me3-CCGAAGTACCGACAAC,7
rna+H3K27me3-CCGAAGTACCTAATCC,11
rna+H3K27me3-CCGAAGTACCTCTATC,11
rna+H3K27me3-CCGAAGTACGACACAC,6
rna+H3K27me3-CCGAAGTACGCTGATC,2
rna+H3K27me3-CCGAAGTACGGATTGC,7
rna+H3K27me3-CCGAAGTACTAAGGTC,3
rna+H3K27me3-CCGAAGTAGAACAGGC,6
rna+H3K27me3-CCGAAGTAGACAGTGC,6
rna+H3K27me3-CCGAAGTAGAGTTAGC,7
rna+H3K27me3-CCGAAGTAGATGAATC,12
rna+H3K27me3-CCGAAGTAGCCAAGAC,6
rna+H3K27me3-CCGAAGTACGGAAGAA,5
rna+H3K27me3-CCGAAGTAGTGACAAG,8
rna+H3K27me3-CCGAAGTAGAACCAGA,3
rna+H3K27me3-CCAGTTCAAACGTGAT,5
rna+H3K27me3-CCAGTTCAACAAGCTA,8
rna+H3K27me3-CCAGTTCATTGCTGGA,6
rna+H3K27me3-CCAGTTCACTGTAGCC,2
rna+H3K27me3-CCAGTTCAAGTACAAG,7
rna+H3K27me3-CCAGTTCAAACAACCA,6
rna+H3K27me3-CCAGTTCAAACCGAGA,6
rna+H3K27me3-CCAGTTCAAACGCTTA,10
rna+H3K27me3-CCAGTTCAAAGACGGA,2
rna+H3K27me3-CCAGTTCAAAGGTACA,1
rna+H3K27me3-CCAGTTCAACACAGAA,5
rna+H3K27me3-CCAGTTCAACAGCAGA,3
rna+H3K27me3-CCAGTTCAAAACATCG,1
rna+H3K27me3-CCAGTTCAACCTCCAA,3
rna+H3K27me3-CCAGTTCAACGCTCGA,5
rna+H3K27me3-CCAGTTCAACGTATCA,6
rna+H3K27me3-CCAGTTCAACTATGCA,4
rna+H3K27me3-CCAGTTCAAGAGTCAA,5
rna+H3K27me3-CCAGTTCAAGATCGCA,9
rna+H3K27me3-CCAGTTCAAGCAGGAA,5
rna+H3K27me3-CCAGTTCAAGTCACTA,0
rna+H3K27me3-CCAGTTCAATCCTGTA,0
rna+H3K27me3-CCAGTTCAATTGAGGA,0
rna+H3K27me3-CCAGTTCAATGCCTAA,4
rna+H3K27me3-CCAGTTCACAACCACA,0
rna+H3K27me3-CCAGTTCAGACTAGTA,0
rna+H3K27me3-CCAGTTCACAATGGAA,0
rna+H3K27me3-CCAGTTCACACTTCGA,0
rna+H3K27me3-CCAGTTCACAGCGTTA,5
rna+H3K27me3-CCAGTTCACATACCAA,0
rna+H3K27me3-CCAGTTCACCAGTTCA,7
rna+H3K27me3-CCAGTTCACCGAAGTA,0
rna+H3K27me3-CCAGTTCACCGTGAGA,0
rna+H3K27me3-CCAGTTCACCTCCTGA,0
rna+H3K27me3-CCAGTTCAAGTGGTCA,2
rna+H3K27me3-CCAGTTCACGAACTTA,5
rna+H3K27me3-CCAGTTCACGACTGGA,0
rna+H3K27me3-CCAGTTCACGCATACA,0
rna+H3K27me3-CCAGTTCACTCAATGA,0
rna+H3K27me3-CCAGTTCACTGAGCCA,14
rna+H3K27me3-CCAGTTCACTGGCATA,0
rna+H3K27me3-CCAGTTCAGAATCTGA,0
rna+H3K27me3-CCAGTTCACAAGACTA,0
rna+H3K27me3-CCAGTTCAGAGCTGAA,0
rna+H3K27me3-CCAGTTCAGATAGACA,0
rna+H3K27me3-CCAGTTCAACCACTGT,2
rna+H3K27me3-CCAGTTCAGCCACATA,0
rna+H3K27me3-CCAGTTCAGCGAGTAA,0
rna+H3K27me3-CCAGTTCAGCTAACGA,3
rna+H3K27me3-CCAGTTCAGCTCGGTA,0
rna+H3K27me3-CCAGTTCAGGAGAACA,0
rna+H3K27me3-CCAGTTCAGGTGCGAA,0
rna+H3K27me3-CCAGTTCAGTACGCAA,0
rna+H3K27me3-CCAGTTCAGTCGTAGA,0
rna+H3K27me3-CCAGTTCAGTCTGTCA,0
rna+H3K27me3-CCAGTTCAGTGTTCTA,0
rna+H3K27me3-CCAGTTCAACATTGGC,3
rna+H3K27me3-CCAGTTCATAGGATGA,0
rna+H3K27me3-CCAGTTCATATCAGCA,8
rna+H3K27me3-CCAGTTCATCCGTCTA,4
rna+H3K27me3-CCAGTTCATCTTCACA,0
rna+H3K27me3-CCAGTTCATGAAGAGA,0
rna+H3K27me3-CCAGTTCATGGAACAA,0
rna+H3K27me3-CCAGTTCATGGCTTCA,11
rna+H3K27me3-CCAGTTCATGGTGGTA,8
rna+H3K27me3-CCAGTTCATTCACGCA,6
rna+H3K27me3-CCAGTTCAAACTCACC,6
rna+H3K27me3-CCAGTTCACAGATCTG,5
rna+H3K27me3-CCAGTTCAAAGAGATC,6
rna+H3K27me3-CCAGTTCAAAGGACAC,6
rna+H3K27me3-CCAGTTCAAATCCGTC,7
rna+H3K27me3-CCAGTTCAAATGTTGC,7
rna+H3K27me3-CCAGTTCAACACGACC,8
rna+H3K27me3-CCAGTTCAACAGATTC,6
rna+H3K27me3-CCAGTTCAAGATGTAC,8
rna+H3K27me3-CCAGTTCAAGCACCTC,10
rna+H3K27me3-CCAGTTCAAGCCATGC,5
rna+H3K27me3-CCAGTTCAAGGCTAAC,9
rna+H3K27me3-CCAGTTCACATCAAGT,2
rna+H3K27me3-CCAGTTCAATAGCGAC,3
rna+H3K27me3-CCAGTTCAATCATTCC,3
rna+H3K27me3-CCAGTTCAATTGGCTC,8
rna+H3K27me3-CCAGTTCACAAGGAGC,10
rna+H3K27me3-CCAGTTCACACCTTAC,10
rna+H3K27me3-CCAGTTCACCATCCTC,7
rna+H3K27me3-CCAGTTCACCGACAAC,7
rna+H3K27me3-CCAGTTCACCTAATCC,3
rna+H3K27me3-CCAGTTCACCTCTATC,4
rna+H3K27me3-CCAGTTCACGACACAC,7
rna+H3K27me3-CCAGTTCACGCTGATC,3
rna+H3K27me3-CCAGTTCACGGATTGC,13
rna+H3K27me3-CCAGTTCACTAAGGTC,6
rna+H3K27me3-CCAGTTCAGAACAGGC,3
rna+H3K27me3-CCAGTTCAGACAGTGC,4
rna+H3K27me3-CCAGTTCAGAGTTAGC,7
rna+H3K27me3-CCAGTTCAGATGAATC,9
rna+H3K27me3-CCAGTTCAGCCAAGAC,8
rna+H3K27me3-CCAGTTCACGGAAGAA,7
rna+H3K27me3-CCAGTTCAGTGACAAG,13
rna+H3K27me3-CCAGTTCAGAACCAGA,6
rna+H3K27me3-CATACCAAAACGTGAT,12
rna+H3K27me3-CATACCAAACAAGCTA,5
rna+H3K27me3-CATACCAATTGCTGGA,6
rna+H3K27me3-CATACCAACTGTAGCC,2
rna+H3K27me3-CATACCAAAGTACAAG,2
rna+H3K27me3-CATACCAAAACAACCA,2
rna+H3K27me3-CATACCAAAACCGAGA,10
rna+H3K27me3-CATACCAAAACGCTTA,8
rna+H3K27me3-CATACCAAAAGACGGA,7
rna+H3K27me3-CATACCAAAAGGTACA,13
rna+H3K27me3-CATACCAAACACAGAA,5
rna+H3K27me3-CATACCAAACAGCAGA,2
rna+H3K27me3-CATACCAAAAACATCG,4
rna+H3K27me3-CATACCAAACCTCCAA,2
rna+H3K27me3-CATACCAAACGCTCGA,1
rna+H3K27me3-CATACCAAACGTATCA,3
rna+H3K27me3-CATACCAAACTATGCA,2
rna+H3K27me3-CATACCAAAGAGTCAA,4
rna+H3K27me3-CATACCAAAGATCGCA,5
rna+H3K27me3-CATACCAAAGCAGGAA,0
rna+H3K27me3-CATACCAAAGTCACTA,0
rna+H3K27me3-CATACCAAATCCTGTA,0
rna+H3K27me3-CATACCAAATTGAGGA,0
rna+H3K27me3-CATACCAAATGCCTAA,1
rna+H3K27me3-CATACCAACAACCACA,5
rna+H3K27me3-CATACCAAGACTAGTA,5
rna+H3K27me3-CATACCAACAATGGAA,6
rna+H3K27me3-CATACCAACACTTCGA,0
rna+H3K27me3-CATACCAACAGCGTTA,0
rna+H3K27me3-CATACCAACATACCAA,0
rna+H3K27me3-CATACCAACCAGTTCA,0
rna+H3K27me3-CATACCAACCGAAGTA,0
rna+H3K27me3-CATACCAACCGTGAGA,0
rna+H3K27me3-CATACCAACCTCCTGA,0
rna+H3K27me3-CATACCAAAGTGGTCA,12
rna+H3K27me3-CATACCAACGAACTTA,5
rna+H3K27me3-CATACCAACGACTGGA,8
rna+H3K27me3-CATACCAACGCATACA,0
rna+H3K27me3-CATACCAACTCAATGA,0
rna+H3K27me3-CATACCAACTGAGCCA,0
rna+H3K27me3-CATACCAACTGGCATA,0
rna+H3K27me3-CATACCAAGAATCTGA,4
rna+H3K27me3-CATACCAACAAGACTA,0
rna+H3K27me3-CATACCAAGAGCTGAA,5
rna+H3K27me3-CATACCAAGATAGACA,0
rna+H3K27me3-CATACCAAACCACTGT,1
rna+H3K27me3-CATACCAAGCCACATA,14
rna+H3K27me3-CATACCAAGCGAGTAA,0
rna+H3K27me3-CATACCAAGCTAACGA,0
rna+H3K27me3-CATACCAAGCTCGGTA,0
rna+H3K27me3-CATACCAAGGAGAACA,0
rna+H3K27me3-CATACCAAGGTGCGAA,0
rna+H3K27me3-CATACCAAGTACGCAA,0
rna+H3K27me3-CATACCAAGTCGTAGA,0
rna+H3K27me3-CATACCAAGTCTGTCA,0
rna+H3K27me3-CATACCAAGTGTTCTA,10
rna+H3K27me3-CATACCAAACATTGGC,1
rna+H3K27me3-CATACCAATAGGATGA,7
rna+H3K27me3-CATACCAATATCAGCA,0
rna+H3K27me3-CATACCAATCCGTCTA,5
rna+H3K27me3-CATACCAATCTTCACA,3
rna+H3K27me3-CATACCAATGAAGAGA,4
rna+H3K27me3-CATACCAATGGAACAA,5
rna+H3K27me3-CATACCAATGGCTTCA,14
rna+H3K27me3-CATACCAATGGTGGTA,3
rna+H3K27me3-CATACCAATTCACGCA,6
rna+H3K27me3-CATACCAAAACTCACC,6
rna+H3K27me3-CATACCAACAGATCTG,1
rna+H3K27me3-CATACCAAAAGAGATC,6
rna+H3K27me3-CATACCAAAAGGACAC,6
rna+H3K27me3-CATACCAAAATCCGTC,6
rna+H3K27me3-CATACCAAAATGTTGC,7
rna+H3K27me3-CATACCAAACACGACC,8
rna+H3K27me3-CATACCAAACAGATTC,9
rna+H3K27me3-CATACCAAAGATGTAC,6
rna+H3K27me3-CATACCAAAGCACCTC,3
rna+H3K27me3-CATACCAAAGCCATGC,7
rna+H3K27me3-CATACCAAAGGCTAAC,5
rna+H3K27me3-CATACCAACATCAAGT,1
rna+H3K27me3-CATACCAAATAGCGAC,3
rna+H3K27me3-CATACCAAATCATTCC,11
rna+H3K27me3-CATACCAAATTGGCTC,3
rna+H3K27me3-CATACCAACAAGGAGC,10
rna+H3K27me3-CATACCAACACCTTAC,3
rna+H3K27me3-CATACCAACCATCCTC,12
rna+H3K27me3-CATACCAACCGACAAC,5
rna+H3K27me3-CATACCAACCTAATCC,9
rna+H3K27me3-CATACCAACCTCTATC,8
rna+H3K27me3-CATACCAACGACACAC,4
rna+H3K27me3-CATACCAACGCTGATC,2
rna+H3K27me3-CATACCAACGGATTGC,4
rna+H3K27me3-CATACCAACTAAGGTC,4
rna+H3K27me3-CATACCAAGAACAGGC,6
rna+H3K27me3-CATACCAAGACAGTGC,4
rna+H3K27me3-CATACCAAGAGTTAGC,9
rna+H3K27me3-CATACCAAGATGAATC,9
rna+H3K27me3-CATACCAAGCCAAGAC,8
rna+H3K27me3-CATACCAACGGAAGAA,6
rna+H3K27me3-CATACCAAGTGACAAG,8
rna+H3K27me3-CATACCAAGAACCAGA,6
rna+H3K27me3-CAGCGTTAAACGTGAT,1
rna+H3K27me3-CAGCGTTAACAAGCTA,1
rna+H3K27me3-CAGCGTTATTGCTGGA,7
rna+H3K27me3-CAGCGTTACTGTAGCC,5
rna+H3K27me3-CAGCGTTAAGTACAAG,2
rna+H3K27me3-CAGCGTTAAACAACCA,13
rna+H3K27me3-CAGCGTTAAACCGAGA,8
rna+H3K27me3-CAGCGTTAAACGCTTA,2
rna+H3K27me3-CAGCGTTAAAGACGGA,5
rna+H3K27me3-CAGCGTTAAAGGTACA,2
rna+H3K27me3-CAGCGTTAACACAGAA,12
rna+H3K27me3-CAGCGTTAACAGCAGA,2
rna+H3K27me3-CAGCGTTAAAACATCG,11
rna+H3K27me3-CAGCGTTAACCTCCAA,6
rna+H3K27me3-CAGCGTTAACGCTCGA,2
rna+H3K27me3-CAGCGTTAACGTATCA,3
rna+H3K27me3-CAGCGTTAACTATGCA,1
rna+H3K27me3-CAGCGTTAAGAGTCAA,3
rna+H3K27me3-CAGCGTTAAGATCGCA,3
rna+H3K27me3-CAGCGTTAAGCAGGAA,5
rna+H3K27me3-CAGCGTTAAGTCACTA,0
rna+H3K27me3-CAGCGTTAATCCTGTA,0
rna+H3K27me3-CAGCGTTAATTGAGGA,5
rna+H3K27me3-CAGCGTTAATGCCTAA,2
rna+H3K27me3-CAGCGTTACAACCACA,12
rna+H3K27me3-CAGCGTTAGACTAGTA,13
rna+H3K27me3-CAGCGTTACAATGGAA,12
rna+H3K27me3-CAGCGTTACACTTCGA,0
rna+H3K27me3-CAGCGTTACAGCGTTA,3
rna+H3K27me3-CAGCGTTACATACCAA,0
rna+H3K27me3-CAGCGTTACCAGTTCA,0
rna+H3K27me3-CAGCGTTACCGAAGTA,0
rna+H3K27me3-CAGCGTTACCGTGAGA,7
rna+H3K27me3-CAGCGTTACCTCCTGA,0
rna+H3K27me3-CAGCGTTAAGTGGTCA,5
rna+H3K27me3-CAGCGTTACGAACTTA,7
rna+H3K27me3-CAGCGTTACGACTGGA,0
rna+H3K27me3-CAGCGTTACGCATACA,0
rna+H3K27me3-CAGCGTTACTCAATGA,0
rna+H3K27me3-CAGCGTTACTGAGCCA,0
rna+H3K27me3-CAGCGTTACTGGCATA,7
rna+H3K27me3-CAGCGTTAGAATCTGA,3
rna+H3K27me3-CAGCGTTACAAGACTA,8
rna+H3K27me3-CAGCGTTAGAGCTGAA,0
rna+H3K27me3-CAGCGTTAGATAGACA,0
rna+H3K27me3-CAGCGTTAACCACTGT,3
rna+H3K27me3-CAGCGTTAGCCACATA,0
rna+H3K27me3-CAGCGTTAGCGAGTAA,0
rna+H3K27me3-CAGCGTTAGCTAACGA,4
rna+H3K27me3-CAGCGTTAGCTCGGTA,0
rna+H3K27me3-CAGCGTTAGGAGAACA,0
rna+H3K27me3-CAGCGTTAGGTGCGAA,0
rna+H3K27me3-CAGCGTTAGTACGCAA,0
rna+H3K27me3-CAGCGTTAGTCGTAGA,7
rna+H3K27me3-CAGCGTTAGTCTGTCA,5
rna+H3K27me3-CAGCGTTAGTGTTCTA,14
rna+H3K27me3-CAGCGTTAACATTGGC,6
rna+H3K27me3-CAGCGTTATAGGATGA,0
rna+H3K27me3-CAGCGTTATATCAGCA,12
rna+H3K27me3-CAGCGTTATCCGTCTA,8
rna+H3K27me3-CAGCGTTATCTTCACA,7
rna+H3K27me3-CAGCGTTATGAAGAGA,6
rna+H3K27me3-CAGCGTTATGGAACAA,0
rna+H3K27me3-CAGCGTTATGGCTTCA,0
rna+H3K27me3-CAGCGTTATGGTGGTA,6
rna+H3K27me3-CAGCGTTATTCACGCA,6
rna+H3K27me3-CAGCGTTAAACTCACC,6
rna+H3K27me3-CAGCGTTACAGATCTG,2
rna+H3K27me3-CAGCGTTAAAGAGATC,6
rna+H3K27me3-CAGCGTTAAAGGACAC,6
rna+H3K27me3-CAGCGTTAAATCCGTC,6
rna+H3K27me3-CAGCGTTAAATGTTGC,6
rna+H3K27me3-CAGCGTTAACACGACC,7
rna+H3K27me3-CAGCGTTAACAGATTC,7
rna+H3K27me3-CAGCGTTAAGATGTAC,7
rna+H3K27me3-CAGCGTTAAGCACCTC,7
rna+H3K27me3-CAGCGTTAAGCCATGC,11
rna+H3K27me3-CAGCGTTAAGGCTAAC,8
rna+H3K27me3-CAGCGTTACATCAAGT,3
rna+H3K27me3-CAGCGTTAATAGCGAC,5
rna+H3K27me3-CAGCGTTAATCATTCC,12
rna+H3K27me3-CAGCGTTAATTGGCTC,10
rna+H3K27me3-CAGCGTTACAAGGAGC,5
rna+H3K27me3-CAGCGTTACACCTTAC,3
rna+H3K27me3-CAGCGTTACCATCCTC,3
rna+H3K27me3-CAGCGTTACCGACAAC,11
rna+H3K27me3-CAGCGTTACCTAATCC,7
rna+H3K27me3-CAGCGTTACCTCTATC,3
rna+H3K27me3-CAGCGTTACGACACAC,12
rna+H3K27me3-CAGCGTTACGCTGATC,10
rna+H3K27me3-CAGCGTTACGGATTGC,5
rna+H3K27me3-CAGCGTTACTAAGGTC,3
rna+H3K27me3-CAGCGTTAGAACAGGC,3
rna+H3K27me3-CAGCGTTAGACAGTGC,2
rna+H3K27me3-CAGCGTTAGAGTTAGC,10
rna+H3K27me3-CAGCGTTAGATGAATC,9
rna+H3K27me3-CAGCGTTAGCCAAGAC,4
rna+H3K27me3-CAGCGTTACGGAAGAA,11
rna+H3K27me3-CAGCGTTAGTGACAAG,4
rna+H3K27me3-CAGCGTTAGAACCAGA,3
rna+H3K27me3-CACTTCGAAACGTGAT,3
rna+H3K27me3-CACTTCGAACAAGCTA,2
rna+H3K27me3-CACTTCGATTGCTGGA,8
rna+H3K27me3-CACTTCGACTGTAGCC,2
rna+H3K27me3-CACTTCGAAGTACAAG,5
rna+H3K27me3-CACTTCGAAACAACCA,2
rna+H3K27me3-CACTTCGAAACCGAGA,1
rna+H3K27me3-CACTTCGAAACGCTTA,2
rna+H3K27me3-CACTTCGAAAGACGGA,5
rna+H3K27me3-CACTTCGAAAGGTACA,3
rna+H3K27me3-CACTTCGAACACAGAA,1
rna+H3K27me3-CACTTCGAACAGCAGA,1
rna+H3K27me3-CACTTCGAAAACATCG,3
rna+H3K27me3-CACTTCGAACCTCCAA,9
rna+H3K27me3-CACTTCGAACGCTCGA,2
rna+H3K27me3-CACTTCGAACGTATCA,3
rna+H3K27me3-CACTTCGAACTATGCA,5
rna+H3K27me3-CACTTCGAAGAGTCAA,2
rna+H3K27me3-CACTTCGAAGATCGCA,13
rna+H3K27me3-CACTTCGAAGCAGGAA,0
rna+H3K27me3-CACTTCGAAGTCACTA,0
rna+H3K27me3-CACTTCGAATCCTGTA,0
rna+H3K27me3-CACTTCGAATTGAGGA,0
rna+H3K27me3-CACTTCGAATGCCTAA,1
rna+H3K27me3-CACTTCGACAACCACA,0
rna+H3K27me3-CACTTCGAGACTAGTA,0
rna+H3K27me3-CACTTCGACAATGGAA,0
rna+H3K27me3-CACTTCGACACTTCGA,14
rna+H3K27me3-CACTTCGACAGCGTTA,0
rna+H3K27me3-CACTTCGACATACCAA,3
rna+H3K27me3-CACTTCGACCAGTTCA,13
rna+H3K27me3-CACTTCGACCGAAGTA,0
rna+H3K27me3-CACTTCGACCGTGAGA,0
rna+H3K27me3-CACTTCGACCTCCTGA,0
rna+H3K27me3-CACTTCGAAGTGGTCA,7
rna+H3K27me3-CACTTCGACGAACTTA,3
rna+H3K27me3-CACTTCGACGACTGGA,0
rna+H3K27me3-CACTTCGACGCATACA,5
rna+H3K27me3-CACTTCGACTCAATGA,0
rna+H3K27me3-CACTTCGACTGAGCCA,0
rna+H3K27me3-CACTTCGACTGGCATA,0
rna+H3K27me3-CACTTCGAGAATCTGA,0
rna+H3K27me3-CACTTCGACAAGACTA,0
rna+H3K27me3-CACTTCGAGAGCTGAA,0
rna+H3K27me3-CACTTCGAGATAGACA,0
rna+H3K27me3-CACTTCGAACCACTGT,1
rna+H3K27me3-CACTTCGAGCCACATA,0
rna+H3K27me3-CACTTCGAGCGAGTAA,0
rna+H3K27me3-CACTTCGAGCTAACGA,8
rna+H3K27me3-CACTTCGAGCTCGGTA,0
rna+H3K27me3-CACTTCGAGGAGAACA,0
rna+H3K27me3-CACTTCGAGGTGCGAA,0
rna+H3K27me3-CACTTCGAGTACGCAA,5
rna+H3K27me3-CACTTCGAGTCGTAGA,0
rna+H3K27me3-CACTTCGAGTCTGTCA,0
rna+H3K27me3-CACTTCGAGTGTTCTA,0
rna+H3K27me3-CACTTCGAACATTGGC,7
rna+H3K27me3-CACTTCGATAGGATGA,5
rna+H3K27me3-CACTTCGATATCAGCA,7
rna+H3K27me3-CACTTCGATCCGTCTA,0
rna+H3K27me3-CACTTCGATCTTCACA,8
rna+H3K27me3-CACTTCGATGAAGAGA,5
rna+H3K27me3-CACTTCGATGGAACAA,8
rna+H3K27me3-CACTTCGATGGCTTCA,0
rna+H3K27me3-CACTTCGATGGTGGTA,6
rna+H3K27me3-CACTTCGATTCACGCA,6
rna+H3K27me3-CACTTCGAAACTCACC,6
rna+H3K27me3-CACTTCGACAGATCTG,5
rna+H3K27me3-CACTTCGAAAGAGATC,6
rna+H3K27me3-CACTTCGAAAGGACAC,7
rna+H3K27me3-CACTTCGAAATCCGTC,8
rna+H3K27me3-CACTTCGAAATGTTGC,7
rna+H3K27me3-CACTTCGAACACGACC,6
rna+H3K27me3-CACTTCGAACAGATTC,7
rna+H3K27me3-CACTTCGAAGATGTAC,4
rna+H3K27me3-CACTTCGAAGCACCTC,7
rna+H3K27me3-CACTTCGAAGCCATGC,7
rna+H3K27me3-CACTTCGAAGGCTAAC,7
rna+H3K27me3-CACTTCGACATCAAGT,2
rna+H3K27me3-CACTTCGAATAGCGAC,7
rna+H3K27me3-CACTTCGAATCATTCC,6
rna+H3K27me3-CACTTCGAATTGGCTC,5
rna+H3K27me3-CACTTCGACAAGGAGC,11
rna+H3K27me3-CACTTCGACACCTTAC,6
rna+H3K27me3-CACTTCGACCATCCTC,8
rna+H3K27me3-CACTTCGACCGACAAC,6
rna+H3K27me3-CACTTCGACCTAATCC,8
rna+H3K27me3-CACTTCGACCTCTATC,3
rna+H3K27me3-CACTTCGACGACACAC,5
rna+H3K27me3-CACTTCGACGCTGATC,1
rna+H3K27me3-CACTTCGACGGATTGC,3
rna+H3K27me3-CACTTCGACTAAGGTC,5
rna+H3K27me3-CACTTCGAGAACAGGC,5
rna+H3K27me3-CACTTCGAGACAGTGC,4
rna+H3K27me3-CACTTCGAGAGTTAGC,10
rna+H3K27me3-CACTTCGAGATGAATC,7
rna+H3K27me3-CACTTCGAGCCAAGAC,10
rna+H3K27me3-CACTTCGACGGAAGAA,4
rna+H3K27me3-CACTTCGAGTGACAAG,8
rna+H3K27me3-CACTTCGAGAACCAGA,3
rna+H3K27me3-CAATGGAAAACGTGAT,7
rna+H3K27me3-CAATGGAAACAAGCTA,5
rna+H3K27me3-CAATGGAATTGCTGGA,3
rna+H3K27me3-CAATGGAACTGTAGCC,2
rna+H3K27me3-CAATGGAAAGTACAAG,2
rna+H3K27me3-CAATGGAAAACAACCA,2
rna+H3K27me3-CAATGGAAAACCGAGA,2
rna+H3K27me3-CAATGGAAAACGCTTA,1
rna+H3K27me3-CAATGGAAAAGACGGA,1
rna+H3K27me3-CAATGGAAAAGGTACA,4
rna+H3K27me3-CAATGGAAACACAGAA,2
rna+H3K27me3-CAATGGAAACAGCAGA,2
rna+H3K27me3-CAATGGAAAAACATCG,6
rna+H3K27me3-CAATGGAAACCTCCAA,5
rna+H3K27me3-CAATGGAAACGCTCGA,10
rna+H3K27me3-CAATGGAAACGTATCA,3
rna+H3K27me3-CAATGGAAACTATGCA,3
rna+H3K27me3-CAATGGAAAGAGTCAA,2
rna+H3K27me3-CAATGGAAAGATCGCA,5
rna+H3K27me3-CAATGGAAAGCAGGAA,8
rna+H3K27me3-CAATGGAAAGTCACTA,0
rna+H3K27me3-CAATGGAAATCCTGTA,8
rna+H3K27me3-CAATGGAAATTGAGGA,0
rna+H3K27me3-CAATGGAAATGCCTAA,6
rna+H3K27me3-CAATGGAACAACCACA,0
rna+H3K27me3-CAATGGAAGACTAGTA,0
rna+H3K27me3-CAATGGAACAATGGAA,0
rna+H3K27me3-CAATGGAACACTTCGA,0
rna+H3K27me3-CAATGGAACAGCGTTA,0
rna+H3K27me3-CAATGGAACATACCAA,3
rna+H3K27me3-CAATGGAACCAGTTCA,0
rna+H3K27me3-CAATGGAACCGAAGTA,0
rna+H3K27me3-CAATGGAACCGTGAGA,0
rna+H3K27me3-CAATGGAACCTCCTGA,0
rna+H3K27me3-CAATGGAAAGTGGTCA,2
rna+H3K27me3-CAATGGAACGAACTTA,0
rna+H3K27me3-CAATGGAACGACTGGA,0
rna+H3K27me3-CAATGGAACGCATACA,0
rna+H3K27me3-CAATGGAACTCAATGA,0
rna+H3K27me3-CAATGGAACTGAGCCA,9
rna+H3K27me3-CAATGGAACTGGCATA,0
rna+H3K27me3-CAATGGAAGAATCTGA,0
rna+H3K27me3-CAATGGAACAAGACTA,0
rna+H3K27me3-CAATGGAAGAGCTGAA,7
rna+H3K27me3-CAATGGAAGATAGACA,0
rna+H3K27me3-CAATGGAAACCACTGT,2
rna+H3K27me3-CAATGGAAGCCACATA,0
rna+H3K27me3-CAATGGAAGCGAGTAA,0
rna+H3K27me3-CAATGGAAGCTAACGA,0
rna+H3K27me3-CAATGGAAGCTCGGTA,0
rna+H3K27me3-CAATGGAAGGAGAACA,4
rna+H3K27me3-CAATGGAAGGTGCGAA,0
rna+H3K27me3-CAATGGAAGTACGCAA,0
rna+H3K27me3-CAATGGAAGTCGTAGA,0
rna+H3K27me3-CAATGGAAGTCTGTCA,0
rna+H3K27me3-CAATGGAAGTGTTCTA,0
rna+H3K27me3-CAATGGAAACATTGGC,10
rna+H3K27me3-CAATGGAATAGGATGA,0
rna+H3K27me3-CAATGGAATATCAGCA,0
rna+H3K27me3-CAATGGAATCCGTCTA,0
rna+H3K27me3-CAATGGAATCTTCACA,14
rna+H3K27me3-CAATGGAATGAAGAGA,7
rna+H3K27me3-CAATGGAATGGAACAA,12
rna+H3K27me3-CAATGGAATGGCTTCA,11
rna+H3K27me3-CAATGGAATGGTGGTA,6
rna+H3K27me3-CAATGGAATTCACGCA,6
rna+H3K27me3-CAATGGAAAACTCACC,6
rna+H3K27me3-CAATGGAACAGATCTG,5
rna+H3K27me3-CAATGGAAAAGAGATC,7
rna+H3K27me3-CAATGGAAAAGGACAC,8
rna+H3K27me3-CAATGGAAAATCCGTC,6
rna+H3K27me3-CAATGGAAAATGTTGC,6
rna+H3K27me3-CAATGGAAACACGACC,6
rna+H3K27me3-CAATGGAAACAGATTC,3
rna+H3K27me3-CAATGGAAAGATGTAC,6
rna+H3K27me3-CAATGGAAAGCACCTC,3
rna+H3K27me3-CAATGGAAAGCCATGC,9
rna+H3K27me3-CAATGGAAAGGCTAAC,8
rna+H3K27me3-CAATGGAACATCAAGT,14
rna+H3K27me3-CAATGGAAATAGCGAC,11
rna+H3K27me3-CAATGGAAATCATTCC,9
rna+H3K27me3-CAATGGAAATTGGCTC,7
rna+H3K27me3-CAATGGAACAAGGAGC,5
rna+H3K27me3-CAATGGAACACCTTAC,12
rna+H3K27me3-CAATGGAACCATCCTC,4
rna+H3K27me3-CAATGGAACCGACAAC,6
rna+H3K27me3-CAATGGAACCTAATCC,5
rna+H3K27me3-CAATGGAACCTCTATC,10
rna+H3K27me3-CAATGGAACGACACAC,3
rna+H3K27me3-CAATGGAACGCTGATC,1
rna+H3K27me3-CAATGGAACGGATTGC,4
rna+H3K27me3-CAATGGAACTAAGGTC,6
rna+H3K27me3-CAATGGAAGAACAGGC,6
rna+H3K27me3-CAATGGAAGACAGTGC,9
rna+H3K27me3-CAATGGAAGAGTTAGC,7
rna+H3K27me3-CAATGGAAGATGAATC,11
rna+H3K27me3-CAATGGAAGCCAAGAC,6
rna+H3K27me3-CAATGGAACGGAAGAA,9
rna+H3K27me3-CAATGGAAGTGACAAG,6
rna+H3K27me3-CAATGGAAGAACCAGA,7
rna+H3K27me3-GATGAATCACAAGCTA,1
rna+H3K27me3-GATGAATCTTGCTGGA,1
rna+H3K27me3-GATGAATCCTGTAGCC,3
rna+H3K27me3-GATGAATCAGTACAAG,1
rna+H3K27me3-GATGAATCAACAACCA,3
rna+H3K27me3-GATGAATCAACCGAGA,2
rna+H3K27me3-GATGAATCAACGCTTA,13
rna+H3K27me3-GATGAATCAAGACGGA,2
rna+H3K27me3-GATGAATCAAGGTACA,1
rna+H3K27me3-GATGAATCACACAGAA,1
rna+H3K27me3-GATGAATCACAGCAGA,11
rna+H3K27me3-GATGAATCACCTCCAA,1
rna+H3K27me3-GATGAATCACGCTCGA,2
rna+H3K27me3-GATGAATCACGTATCA,11
rna+H3K27me3-GATGAATCACTATGCA,2
rna+H3K27me3-GATGAATCAGAGTCAA,12
rna+H3K27me3-GATGAATCAGATCGCA,2
rna+H3K27me3-GATGAATCAGCAGGAA,1
rna+H3K27me3-GATGAATCAGTCACTA,1
rna+H3K27me3-GATGAATCATCCTGTA,1
rna+H3K27me3-GATGAATCATTGAGGA,2
rna+H3K27me3-GATGAATCATGCCTAA,10
rna+H3K27me3-GATGAATCCAACCACA,3
rna+H3K27me3-GATGAATCGACTAGTA,2
rna+H3K27me3-GATGAATCCAATGGAA,10
rna+H3K27me3-GATGAATCCACTTCGA,1
rna+H3K27me3-GATGAATCCAGCGTTA,5
rna+H3K27me3-GATGAATCCATACCAA,3
rna+H3K27me3-GATGAATCCCAGTTCA,1
rna+H3K27me3-GATGAATCCCGAAGTA,1
rna+H3K27me3-GATGAATCCCGTGAGA,2
rna+H3K27me3-GATGAATCCCTCCTGA,2
rna+H3K27me3-GATGAATCAGTGGTCA,3
rna+H3K27me3-GATGAATCCGAACTTA,6
rna+H3K27me3-GATGAATCCGACTGGA,7
rna+H3K27me3-GATGAATCCGCATACA,7
rna+H3K27me3-GATGAATCCTCAATGA,1
rna+H3K27me3-GATGAATCCTGAGCCA,1
rna+H3K27me3-GATGAATCCTGGCATA,1
rna+H3K27me3-GATGAATCGAATCTGA,1
rna+H3K27me3-GATGAATCCAAGACTA,1
rna+H3K27me3-GATGAATCGAGCTGAA,1
rna+H3K27me3-GATGAATCGATAGACA,8
rna+H3K27me3-GATGAATCACCACTGT,3
rna+H3K27me3-GATGAATCGCCACATA,1
rna+H3K27me3-GATGAATCGCGAGTAA,3
rna+H3K27me3-GATGAATCGCTAACGA,4
rna+H3K27me3-GATGAATCGCTCGGTA,3
rna+H3K27me3-GATGAATCGGAGAACA,4
rna+H3K27me3-GATGAATCGGTGCGAA,9
rna+H3K27me3-GATGAATCGTACGCAA,8
rna+H3K27me3-GATGAATCGTCGTAGA,1
rna+H3K27me3-GATGAATCGTCTGTCA,3
rna+H3K27me3-GATGAATCGTGTTCTA,2
rna+H3K27me3-GATGAATCACATTGGC,3
rna+H3K27me3-GATGAATCTAGGATGA,1
rna+H3K27me3-GATGAATCTATCAGCA,5
rna+H3K27me3-GATGAATCTCCGTCTA,1
rna+H3K27me3-GATGAATCTCTTCACA,2
rna+H3K27me3-GATGAATCTGAAGAGA,2
rna+H3K27me3-GATGAATCTGGAACAA,3
rna+H3K27me3-GATGAATCTGGCTTCA,5
rna+H3K27me3-GATGAATCTGGTGGTA,2
rna+H3K27me3-GATGAATCTTCACGCA,10
rna+H3K27me3-GATGAATCAACTCACC,2
rna+H3K27me3-GATGAATCCAGATCTG,3
rna+H3K27me3-GATGAATCAAGAGATC,11
rna+H3K27me3-GATGAATCAAGGACAC,2
rna+H3K27me3-GATGAATCAATCCGTC,12
rna+H3K27me3-GATGAATCAATGTTGC,2
rna+H3K27me3-GATGAATCACACGACC,12
rna+H3K27me3-GATGAATCACAGATTC,3
rna+H3K27me3-GATGAATCAGATGTAC,2
rna+H3K27me3-GATGAATCAGCACCTC,2
rna+H3K27me3-GATGAATCAGCCATGC,1
rna+H3K27me3-GATGAATCAGGCTAAC,1
rna+H3K27me3-GATGAATCCATCAAGT,5
rna+H3K27me3-GATGAATCATAGCGAC,3
rna+H3K27me3-GATGAATCATCATTCC,1
rna+H3K27me3-GATGAATCATTGGCTC,1
rna+H3K27me3-GATGAATCCAAGGAGC,1
rna+H3K27me3-GATGAATCCACCTTAC,11
rna+H3K27me3-GATGAATCCCATCCTC,3
rna+H3K27me3-GATGAATCCCGACAAC,3
rna+H3K27me3-GATGAATCCCTAATCC,3
rna+H3K27me3-GATGAATCCCTCTATC,3
rna+H3K27me3-GATGAATCCGACACAC,3
rna+H3K27me3-GATGAATCCGCTGATC,1
rna+H3K27me3-GATGAATCCGGATTGC,14
rna+H3K27me3-GATGAATCCTAAGGTC,1
rna+H3K27me3-GATGAATCGAACAGGC,3
rna+H3K27me3-GATGAATCGACAGTGC,1
rna+H3K27me3-GATGAATCGAGTTAGC,10
rna+H3K27me3-GATGAATCGATGAATC,1
rna+H3K27me3-GATGAATCGCCAAGAC,1
rna+H3K27me3-GATGAATCCGGAAGAA,1
rna+H3K27me3-GATGAATCGTGACAAG,10
rna+H3K27me3-GATGAATCGAACCAGA,1
rna+H3K27me3-GACTAGTAAACGTGAT,1
rna+H3K27me3-GACTAGTAACAAGCTA,12
rna+H3K27me3-GACTAGTATTGCTGGA,3
rna+H3K27me3-GACTAGTACTGTAGCC,9
rna+H3K27me3-GACTAGTAAGTACAAG,5
rna+H3K27me3-GACTAGTAAACAACCA,9
rna+H3K27me3-GACTAGTAAACCGAGA,2
rna+H3K27me3-GACTAGTAAACGCTTA,5
rna+H3K27me3-GACTAGTAAAGACGGA,3
rna+H3K27me3-GACTAGTAAAGGTACA,2
rna+H3K27me3-GACTAGTAACACAGAA,2
rna+H3K27me3-GACTAGTAACAGCAGA,1
rna+H3K27me3-GACTAGTAAAACATCG,1
rna+H3K27me3-GACTAGTAACCTCCAA,2
rna+H3K27me3-GACTAGTAACGCTCGA,10
rna+H3K27me3-GACTAGTAACGTATCA,3
rna+H3K27me3-GACTAGTAACTATGCA,3
rna+H3K27me3-GACTAGTAAGAGTCAA,5
rna+H3K27me3-GACTAGTAAGATCGCA,5
rna+H3K27me3-GACTAGTAAGCAGGAA,4
rna+H3K27me3-GACTAGTAAGTCACTA,3
rna+H3K27me3-GACTAGTAATCCTGTA,5
rna+H3K27me3-GACTAGTAATTGAGGA,0
rna+H3K27me3-GACTAGTAATGCCTAA,10
rna+H3K27me3-GACTAGTACAACCACA,0
rna+H3K27me3-GACTAGTAGACTAGTA,0
rna+H3K27me3-GACTAGTACAATGGAA,0
rna+H3K27me3-GACTAGTACACTTCGA,0
rna+H3K27me3-GACTAGTACAGCGTTA,14
rna+H3K27me3-GACTAGTACATACCAA,0
rna+H3K27me3-GACTAGTACCAGTTCA,0
rna+H3K27me3-GACTAGTACCGAAGTA,0
rna+H3K27me3-GACTAGTACCGTGAGA,0
rna+H3K27me3-GACTAGTACCTCCTGA,2
rna+H3K27me3-GACTAGTAAGTGGTCA,5
rna+H3K27me3-GACTAGTACGAACTTA,0
rna+H3K27me3-GACTAGTACGACTGGA,0
rna+H3K27me3-GACTAGTACGCATACA,0
rna+H3K27me3-GACTAGTACTCAATGA,0
rna+H3K27me3-GACTAGTACTGAGCCA,0
rna+H3K27me3-GACTAGTACTGGCATA,0
rna+H3K27me3-GACTAGTAGAATCTGA,0
rna+H3K27me3-GACTAGTACAAGACTA,0
rna+H3K27me3-GACTAGTAGAGCTGAA,12
rna+H3K27me3-GACTAGTAGATAGACA,0
rna+H3K27me3-GACTAGTAACCACTGT,2
rna+H3K27me3-GACTAGTAGCCACATA,0
rna+H3K27me3-GACTAGTAGCGAGTAA,0
rna+H3K27me3-GACTAGTAGCTAACGA,0
rna+H3K27me3-GACTAGTAGCTCGGTA,9
rna+H3K27me3-GACTAGTAGGAGAACA,0
rna+H3K27me3-GACTAGTAGGTGCGAA,5
rna+H3K27me3-GACTAGTAGTACGCAA,0
rna+H3K27me3-GACTAGTAGTCGTAGA,0
rna+H3K27me3-GACTAGTAGTCTGTCA,3
rna+H3K27me3-GACTAGTAGTGTTCTA,3
rna+H3K27me3-GACTAGTAACATTGGC,1
rna+H3K27me3-GACTAGTATAGGATGA,0
rna+H3K27me3-GACTAGTATATCAGCA,5
rna+H3K27me3-GACTAGTATCCGTCTA,5
rna+H3K27me3-GACTAGTATCTTCACA,0
rna+H3K27me3-GACTAGTATGAAGAGA,0
rna+H3K27me3-GACTAGTATGGAACAA,0
rna+H3K27me3-GACTAGTATGGCTTCA,8
rna+H3K27me3-GACTAGTATGGTGGTA,6
rna+H3K27me3-GACTAGTATTCACGCA,6
rna+H3K27me3-GACTAGTAAACTCACC,6
rna+H3K27me3-GACTAGTACAGATCTG,1
rna+H3K27me3-GACTAGTAAAGAGATC,14
rna+H3K27me3-GACTAGTAAAGGACAC,0
rna+H3K27me3-GACTAGTAAATCCGTC,3
rna+H3K27me3-GACTAGTAAATGTTGC,8
rna+H3K27me3-GACTAGTAACACGACC,7
rna+H3K27me3-GACTAGTAACAGATTC,8
rna+H3K27me3-GACTAGTAAGATGTAC,3
rna+H3K27me3-GACTAGTAAGCACCTC,7
rna+H3K27me3-GACTAGTAAGCCATGC,7
rna+H3K27me3-GACTAGTAAGGCTAAC,8
rna+H3K27me3-GACTAGTACATCAAGT,3
rna+H3K27me3-GACTAGTAATAGCGAC,7
rna+H3K27me3-GACTAGTAATCATTCC,5
rna+H3K27me3-GACTAGTAATTGGCTC,4
rna+H3K27me3-GACTAGTACAAGGAGC,8
rna+H3K27me3-GACTAGTACACCTTAC,6
rna+H3K27me3-GACTAGTACCATCCTC,12
rna+H3K27me3-GACTAGTACCGACAAC,5
rna+H3K27me3-GACTAGTACCTAATCC,8
rna+H3K27me3-GACTAGTACCTCTATC,8
rna+H3K27me3-GACTAGTACGACACAC,3
rna+H3K27me3-GACTAGTACGCTGATC,2
rna+H3K27me3-GACTAGTACGGATTGC,9
rna+H3K27me3-GACTAGTACTAAGGTC,7
rna+H3K27me3-GACTAGTAGAACAGGC,3
rna+H3K27me3-GACTAGTAGACAGTGC,3
rna+H3K27me3-GACTAGTAGAGTTAGC,4
rna+H3K27me3-GACTAGTAGATGAATC,7
rna+H3K27me3-GACTAGTAGCCAAGAC,6
rna+H3K27me3-GACTAGTACGGAAGAA,9
rna+H3K27me3-GACTAGTAGTGACAAG,6
rna+H3K27me3-GACTAGTAGAACCAGA,4
rna+H3K27me3-CAACCACAAACGTGAT,1
rna+H3K27me3-CAACCACAACAAGCTA,5
rna+H3K27me3-CAACCACATTGCTGGA,8
rna+H3K27me3-CAACCACACTGTAGCC,14
rna+H3K27me3-CAACCACAAGTACAAG,2
rna+H3K27me3-CAACCACAAACAACCA,2
rna+H3K27me3-CAACCACAAACCGAGA,2
rna+H3K27me3-CAACCACAAACGCTTA,2
rna+H3K27me3-CAACCACAAAGACGGA,2
rna+H3K27me3-CAACCACAAAGGTACA,7
rna+H3K27me3-CAACCACAACACAGAA,3
rna+H3K27me3-CAACCACAACAGCAGA,2
rna+H3K27me3-CAACCACAAAACATCG,5
rna+H3K27me3-CAACCACAACCTCCAA,5
rna+H3K27me3-CAACCACAACGCTCGA,5
rna+H3K27me3-CAACCACAACGTATCA,13
rna+H3K27me3-CAACCACAACTATGCA,2
rna+H3K27me3-CAACCACAAGAGTCAA,4
rna+H3K27me3-CAACCACAAGATCGCA,4
rna+H3K27me3-CAACCACAAGCAGGAA,3
rna+H3K27me3-CAACCACAAGTCACTA,0
rna+H3K27me3-CAACCACAATCCTGTA,0
rna+H3K27me3-CAACCACAATTGAGGA,0
rna+H3K27me3-CAACCACAATGCCTAA,1
rna+H3K27me3-CAACCACACAACCACA,0
rna+H3K27me3-CAACCACAGACTAGTA,3
rna+H3K27me3-CAACCACACAATGGAA,0
rna+H3K27me3-CAACCACACACTTCGA,0
rna+H3K27me3-CAACCACACAGCGTTA,0
rna+H3K27me3-CAACCACACATACCAA,0
rna+H3K27me3-CAACCACACCAGTTCA,0
rna+H3K27me3-CAACCACACCGAAGTA,0
rna+H3K27me3-CAACCACACCGTGAGA,0
rna+H3K27me3-CAACCACACCTCCTGA,0
rna+H3K27me3-CAACCACAAGTGGTCA,1
rna+H3K27me3-CAACCACACGAACTTA,0
rna+H3K27me3-CAACCACACGACTGGA,0
rna+H3K27me3-CAACCACACGCATACA,0
rna+H3K27me3-CAACCACACTCAATGA,0
rna+H3K27me3-CAACCACACTGAGCCA,0
rna+H3K27me3-CAACCACACTGGCATA,12
rna+H3K27me3-CAACCACAGAATCTGA,0
rna+H3K27me3-CAACCACACAAGACTA,4
rna+H3K27me3-CAACCACAGAGCTGAA,0
rna+H3K27me3-CAACCACAGATAGACA,0
rna+H3K27me3-CAACCACAACCACTGT,2
rna+H3K27me3-CAACCACAGCCACATA,0
rna+H3K27me3-CAACCACAGCGAGTAA,8
rna+H3K27me3-CAACCACAGCTAACGA,0
rna+H3K27me3-CAACCACAGCTCGGTA,0
rna+H3K27me3-CAACCACAGGAGAACA,8
rna+H3K27me3-CAACCACAGGTGCGAA,0
rna+H3K27me3-CAACCACAGTACGCAA,14
rna+H3K27me3-CAACCACAGTCGTAGA,4
rna+H3K27me3-CAACCACAGTCTGTCA,0
rna+H3K27me3-CAACCACAGTGTTCTA,0
rna+H3K27me3-CAACCACAACATTGGC,2
rna+H3K27me3-CAACCACATAGGATGA,7
rna+H3K27me3-CAACCACATATCAGCA,0
rna+H3K27me3-CAACCACATCCGTCTA,3
rna+H3K27me3-CAACCACATCTTCACA,3
rna+H3K27me3-CAACCACATGAAGAGA,11
rna+H3K27me3-CAACCACATGGAACAA,0
rna+H3K27me3-CAACCACATGGCTTCA,0
rna+H3K27me3-CAACCACATGGTGGTA,6
rna+H3K27me3-CAACCACATTCACGCA,6
rna+H3K27me3-CAACCACAAACTCACC,6
rna+H3K27me3-CAACCACACAGATCTG,9
rna+H3K27me3-CAACCACAAAGAGATC,4
rna+H3K27me3-CAACCACAAAGGACAC,0
rna+H3K27me3-CAACCACAAATCCGTC,3
rna+H3K27me3-CAACCACAAATGTTGC,8
rna+H3K27me3-CAACCACAACACGACC,8
rna+H3K27me3-CAACCACAACAGATTC,6
rna+H3K27me3-CAACCACAAGATGTAC,5
rna+H3K27me3-CAACCACAAGCACCTC,3
rna+H3K27me3-CAACCACAAGCCATGC,3
rna+H3K27me3-CAACCACAAGGCTAAC,4
rna+H3K27me3-CAACCACACATCAAGT,1
rna+H3K27me3-CAACCACAATAGCGAC,6
rna+H3K27me3-CAACCACAATCATTCC,7
rna+H3K27me3-CAACCACAATTGGCTC,9
rna+H3K27me3-CAACCACACAAGGAGC,11
rna+H3K27me3-CAACCACACACCTTAC,4
rna+H3K27me3-CAACCACACCATCCTC,5
rna+H3K27me3-CAACCACACCGACAAC,7
rna+H3K27me3-CAACCACACCTAATCC,12
rna+H3K27me3-CAACCACACCTCTATC,6
rna+H3K27me3-CAACCACACGACACAC,3
rna+H3K27me3-CAACCACACGCTGATC,2
rna+H3K27me3-CAACCACACGGATTGC,7
rna+H3K27me3-CAACCACACTAAGGTC,7
rna+H3K27me3-CAACCACAGAACAGGC,9
rna+H3K27me3-CAACCACAGACAGTGC,8
rna+H3K27me3-CAACCACAGAGTTAGC,10
rna+H3K27me3-CAACCACAGATGAATC,4
rna+H3K27me3-CAACCACAGCCAAGAC,4
rna+H3K27me3-CAACCACACGGAAGAA,7
rna+H3K27me3-CAACCACAGTGACAAG,7
rna+H3K27me3-CAACCACAGAACCAGA,7
rna+H3K27me3-ATTGAGGAAACGTGAT,1
rna+H3K27me3-ATTGAGGAACAAGCTA,2
rna+H3K27me3-ATTGAGGATTGCTGGA,11
rna+H3K27me3-ATTGAGGACTGTAGCC,4
rna+H3K27me3-ATTGAGGAAGTACAAG,7
rna+H3K27me3-ATTGAGGAAACAACCA,6
rna+H3K27me3-ATTGAGGAAACCGAGA,3
rna+H3K27me3-ATTGAGGAAACGCTTA,4
rna+H3K27me3-ATTGAGGAAAGACGGA,1
rna+H3K27me3-ATTGAGGAAAGGTACA,6
rna+H3K27me3-ATTGAGGAACACAGAA,2
rna+H3K27me3-ATTGAGGAACAGCAGA,1
rna+H3K27me3-ATTGAGGAAAACATCG,6
rna+H3K27me3-ATTGAGGAACCTCCAA,2
rna+H3K27me3-ATTGAGGAACGCTCGA,4
rna+H3K27me3-ATTGAGGAACGTATCA,2
rna+H3K27me3-ATTGAGGAACTATGCA,5
rna+H3K27me3-ATTGAGGAAGAGTCAA,6
rna+H3K27me3-ATTGAGGAAGATCGCA,5
rna+H3K27me3-ATTGAGGAAGCAGGAA,5
rna+H3K27me3-ATTGAGGAAGTCACTA,12
rna+H3K27me3-ATTGAGGAATCCTGTA,0
rna+H3K27me3-ATTGAGGAATTGAGGA,5
rna+H3K27me3-ATTGAGGAATGCCTAA,2
rna+H3K27me3-ATTGAGGACAACCACA,9
rna+H3K27me3-ATTGAGGAGACTAGTA,0
rna+H3K27me3-ATTGAGGACAATGGAA,6
rna+H3K27me3-ATTGAGGACACTTCGA,0
rna+H3K27me3-ATTGAGGACAGCGTTA,0
rna+H3K27me3-ATTGAGGACATACCAA,0
rna+H3K27me3-ATTGAGGACCAGTTCA,0
rna+H3K27me3-ATTGAGGACCGAAGTA,3
rna+H3K27me3-ATTGAGGACCGTGAGA,3
rna+H3K27me3-ATTGAGGACCTCCTGA,0
rna+H3K27me3-ATTGAGGAAGTGGTCA,1
rna+H3K27me3-ATTGAGGACGAACTTA,5
rna+H3K27me3-ATTGAGGACGACTGGA,0
rna+H3K27me3-ATTGAGGACGCATACA,0
rna+H3K27me3-ATTGAGGACTCAATGA,0
rna+H3K27me3-ATTGAGGACTGAGCCA,0
rna+H3K27me3-ATTGAGGACTGGCATA,0
rna+H3K27me3-ATTGAGGAGAATCTGA,0
rna+H3K27me3-ATTGAGGACAAGACTA,0
rna+H3K27me3-ATTGAGGAGAGCTGAA,0
rna+H3K27me3-ATTGAGGAGATAGACA,0
rna+H3K27me3-ATTGAGGAACCACTGT,12
rna+H3K27me3-ATTGAGGAGCCACATA,8
rna+H3K27me3-ATTGAGGAGCGAGTAA,0
rna+H3K27me3-ATTGAGGAGCTAACGA,0
rna+H3K27me3-ATTGAGGAGCTCGGTA,0
rna+H3K27me3-ATTGAGGAGGAGAACA,0
rna+H3K27me3-ATTGAGGAGGTGCGAA,0
rna+H3K27me3-ATTGAGGAGTACGCAA,0
rna+H3K27me3-ATTGAGGAGTCGTAGA,14
rna+H3K27me3-ATTGAGGAGTCTGTCA,0
rna+H3K27me3-ATTGAGGAGTGTTCTA,0
rna+H3K27me3-ATTGAGGAACATTGGC,5
rna+H3K27me3-ATTGAGGATAGGATGA,14
rna+H3K27me3-ATTGAGGATATCAGCA,5
rna+H3K27me3-ATTGAGGATCCGTCTA,3
rna+H3K27me3-ATTGAGGATCTTCACA,11
rna+H3K27me3-ATTGAGGATGAAGAGA,0
rna+H3K27me3-ATTGAGGATGGAACAA,0
rna+H3K27me3-ATTGAGGATGGCTTCA,0
rna+H3K27me3-ATTGAGGATGGTGGTA,7
rna+H3K27me3-ATTGAGGATTCACGCA,6
rna+H3K27me3-ATTGAGGAAACTCACC,6
rna+H3K27me3-ATTGAGGACAGATCTG,6
rna+H3K27me3-ATTGAGGAAAGAGATC,6
rna+H3K27me3-ATTGAGGAAAGGACAC,7
rna+H3K27me3-ATTGAGGAAATCCGTC,7
rna+H3K27me3-ATTGAGGAAATGTTGC,8
rna+H3K27me3-ATTGAGGAACACGACC,7
rna+H3K27me3-ATTGAGGAACAGATTC,0
rna+H3K27me3-ATTGAGGAAGATGTAC,5
rna+H3K27me3-ATTGAGGAAGCACCTC,6
rna+H3K27me3-ATTGAGGAAGCCATGC,4
rna+H3K27me3-ATTGAGGAAGGCTAAC,9
rna+H3K27me3-ATTGAGGACATCAAGT,2
rna+H3K27me3-ATTGAGGAATAGCGAC,7
rna+H3K27me3-ATTGAGGAATCATTCC,7
rna+H3K27me3-ATTGAGGAATTGGCTC,11
rna+H3K27me3-ATTGAGGACAAGGAGC,4
rna+H3K27me3-ATTGAGGACACCTTAC,7
rna+H3K27me3-ATTGAGGACCATCCTC,11
rna+H3K27me3-ATTGAGGACCGACAAC,7
rna+H3K27me3-ATTGAGGACCTAATCC,4
rna+H3K27me3-ATTGAGGACCTCTATC,3
rna+H3K27me3-ATTGAGGACGACACAC,4
rna+H3K27me3-ATTGAGGACGCTGATC,2
rna+H3K27me3-ATTGAGGACGGATTGC,4
rna+H3K27me3-ATTGAGGACTAAGGTC,9
rna+H3K27me3-ATTGAGGAGAACAGGC,4
rna+H3K27me3-ATTGAGGAGACAGTGC,9
rna+H3K27me3-ATTGAGGAGAGTTAGC,3
rna+H3K27me3-ATTGAGGAGATGAATC,4
rna+H3K27me3-ATTGAGGAGCCAAGAC,3
rna+H3K27me3-ATTGAGGACGGAAGAA,2
rna+H3K27me3-ATTGAGGAGTGACAAG,4
rna+H3K27me3-ATTGAGGAGAACCAGA,7
rna+H3K27me3-ATCCTGTAAACGTGAT,2
rna+H3K27me3-ATCCTGTAACAAGCTA,5
rna+H3K27me3-ATCCTGTATTGCTGGA,5
rna+H3K27me3-ATCCTGTACTGTAGCC,1
rna+H3K27me3-ATCCTGTAAGTACAAG,2
rna+H3K27me3-ATCCTGTAAACAACCA,7
rna+H3K27me3-ATCCTGTAAACCGAGA,3
rna+H3K27me3-ATCCTGTAAACGCTTA,3
rna+H3K27me3-ATCCTGTAAAGACGGA,3
rna+H3K27me3-ATCCTGTAAAGGTACA,5
rna+H3K27me3-ATCCTGTAACACAGAA,2
rna+H3K27me3-ATCCTGTAACAGCAGA,1
rna+H3K27me3-ATCCTGTAAAACATCG,1
rna+H3K27me3-ATCCTGTAACCTCCAA,1
rna+H3K27me3-ATCCTGTAACGCTCGA,5
rna+H3K27me3-ATCCTGTAACGTATCA,1
rna+H3K27me3-ATCCTGTAACTATGCA,1
rna+H3K27me3-ATCCTGTAAGAGTCAA,2
rna+H3K27me3-ATCCTGTAAGATCGCA,3
rna+H3K27me3-ATCCTGTAAGCAGGAA,5
rna+H3K27me3-ATCCTGTAAGTCACTA,0
rna+H3K27me3-ATCCTGTAATCCTGTA,0
rna+H3K27me3-ATCCTGTAATTGAGGA,7
rna+H3K27me3-ATCCTGTAATGCCTAA,1
rna+H3K27me3-ATCCTGTACAACCACA,13
rna+H3K27me3-ATCCTGTAGACTAGTA,3
rna+H3K27me3-ATCCTGTACAATGGAA,0
rna+H3K27me3-ATCCTGTACACTTCGA,5
rna+H3K27me3-ATCCTGTACAGCGTTA,0
rna+H3K27me3-ATCCTGTACATACCAA,0
rna+H3K27me3-ATCCTGTACCAGTTCA,0
rna+H3K27me3-ATCCTGTACCGAAGTA,5
rna+H3K27me3-ATCCTGTACCGTGAGA,0
rna+H3K27me3-ATCCTGTACCTCCTGA,0
rna+H3K27me3-ATCCTGTAAGTGGTCA,11
rna+H3K27me3-ATCCTGTACGAACTTA,0
rna+H3K27me3-ATCCTGTACGACTGGA,0
rna+H3K27me3-ATCCTGTACGCATACA,3
rna+H3K27me3-ATCCTGTACTCAATGA,11
rna+H3K27me3-ATCCTGTACTGAGCCA,0
rna+H3K27me3-ATCCTGTACTGGCATA,7
rna+H3K27me3-ATCCTGTAGAATCTGA,8
rna+H3K27me3-ATCCTGTACAAGACTA,14
rna+H3K27me3-ATCCTGTAGAGCTGAA,0
rna+H3K27me3-ATCCTGTAGATAGACA,0
rna+H3K27me3-ATCCTGTAACCACTGT,1
rna+H3K27me3-ATCCTGTAGCCACATA,0
rna+H3K27me3-ATCCTGTAGCGAGTAA,14
rna+H3K27me3-ATCCTGTAGCTAACGA,0
rna+H3K27me3-ATCCTGTAGCTCGGTA,8
rna+H3K27me3-ATCCTGTAGGAGAACA,0
rna+H3K27me3-ATCCTGTAGGTGCGAA,0
rna+H3K27me3-ATCCTGTAGTACGCAA,0
rna+H3K27me3-ATCCTGTAGTCGTAGA,0
rna+H3K27me3-ATCCTGTAGTCTGTCA,0
rna+H3K27me3-ATCCTGTAGTGTTCTA,0
rna+H3K27me3-ATCCTGTAACATTGGC,5
rna+H3K27me3-ATCCTGTATAGGATGA,0
rna+H3K27me3-ATCCTGTATATCAGCA,0
rna+H3K27me3-ATCCTGTATCCGTCTA,5
rna+H3K27me3-ATCCTGTATCTTCACA,8
rna+H3K27me3-ATCCTGTATGAAGAGA,0
rna+H3K27me3-ATCCTGTATGGAACAA,8
rna+H3K27me3-ATCCTGTATGGCTTCA,7
rna+H3K27me3-ATCCTGTATGGTGGTA,7
rna+H3K27me3-ATCCTGTATTCACGCA,7
rna+H3K27me3-ATCCTGTAAACTCACC,8
rna+H3K27me3-ATCCTGTACAGATCTG,1
rna+H3K27me3-ATCCTGTAAAGAGATC,8
rna+H3K27me3-ATCCTGTAAAGGACAC,10
rna+H3K27me3-ATCCTGTAAATCCGTC,7
rna+H3K27me3-ATCCTGTAAATGTTGC,7
rna+H3K27me3-ATCCTGTAACACGACC,14
rna+H3K27me3-ATCCTGTAACAGATTC,12
rna+H3K27me3-ATCCTGTAAGATGTAC,8
rna+H3K27me3-ATCCTGTAAGCACCTC,6
rna+H3K27me3-ATCCTGTAAGCCATGC,7
rna+H3K27me3-ATCCTGTAAGGCTAAC,9
rna+H3K27me3-ATCCTGTACATCAAGT,2
rna+H3K27me3-ATCCTGTAATAGCGAC,3
rna+H3K27me3-ATCCTGTAATCATTCC,3
rna+H3K27me3-ATCCTGTAATTGGCTC,3
rna+H3K27me3-ATCCTGTACAAGGAGC,6
rna+H3K27me3-ATCCTGTACACCTTAC,5
rna+H3K27me3-ATCCTGTACCATCCTC,5
rna+H3K27me3-ATCCTGTACCGACAAC,3
rna+H3K27me3-ATCCTGTACCTAATCC,12
rna+H3K27me3-ATCCTGTACCTCTATC,4
rna+H3K27me3-ATCCTGTACGACACAC,12
rna+H3K27me3-ATCCTGTACGCTGATC,2
rna+H3K27me3-ATCCTGTACGGATTGC,3
rna+H3K27me3-ATCCTGTACTAAGGTC,3
rna+H3K27me3-ATCCTGTAGAACAGGC,3
rna+H3K27me3-ATCCTGTAGACAGTGC,4
rna+H3K27me3-ATCCTGTAGAGTTAGC,4
rna+H3K27me3-ATCCTGTAGATGAATC,3
rna+H3K27me3-ATCCTGTAGCCAAGAC,10
rna+H3K27me3-ATCCTGTACGGAAGAA,5
rna+H3K27me3-ATCCTGTAGTGACAAG,12
rna+H3K27me3-ATCCTGTAGAACCAGA,7
rna+H3K27me3-AGTCACTAAACGTGAT,5
rna+H3K27me3-AGTCACTAACAAGCTA,2
rna+H3K27me3-AGTCACTATTGCTGGA,11
rna+H3K27me3-AGTCACTACTGTAGCC,0
rna+H3K27me3-AGTCACTAAGTACAAG,14
rna+H3K27me3-AGTCACTAAACAACCA,10
rna+H3K27me3-AGTCACTAAACCGAGA,2
rna+H3K27me3-AGTCACTAAACGCTTA,3
rna+H3K27me3-AGTCACTAAAGACGGA,2
rna+H3K27me3-AGTCACTAAAGGTACA,2
rna+H3K27me3-AGTCACTAACACAGAA,3
rna+H3K27me3-AGTCACTAACAGCAGA,5
rna+H3K27me3-AGTCACTAAAACATCG,5
rna+H3K27me3-AGTCACTAACCTCCAA,1
rna+H3K27me3-AGTCACTAACGCTCGA,5
rna+H3K27me3-AGTCACTAACGTATCA,1
rna+H3K27me3-AGTCACTAACTATGCA,6
rna+H3K27me3-AGTCACTAAGAGTCAA,13
rna+H3K27me3-AGTCACTAAGATCGCA,3
rna+H3K27me3-AGTCACTAAGCAGGAA,8
rna+H3K27me3-AGTCACTAAGTCACTA,0
rna+H3K27me3-AGTCACTAATCCTGTA,3
rna+H3K27me3-AGTCACTAATTGAGGA,0
rna+H3K27me3-AGTCACTAATGCCTAA,12
rna+H3K27me3-AGTCACTACAACCACA,0
rna+H3K27me3-AGTCACTAGACTAGTA,0
rna+H3K27me3-AGTCACTACAATGGAA,0
rna+H3K27me3-AGTCACTACACTTCGA,5
rna+H3K27me3-AGTCACTACAGCGTTA,0
rna+H3K27me3-AGTCACTACATACCAA,0
rna+H3K27me3-AGTCACTACCAGTTCA,0
rna+H3K27me3-AGTCACTACCGAAGTA,0
rna+H3K27me3-AGTCACTACCGTGAGA,0
rna+H3K27me3-AGTCACTACCTCCTGA,0
rna+H3K27me3-AGTCACTAAGTGGTCA,5
rna+H3K27me3-AGTCACTACGAACTTA,0
rna+H3K27me3-AGTCACTACGACTGGA,0
rna+H3K27me3-AGTCACTACGCATACA,0
rna+H3K27me3-AGTCACTACTCAATGA,0
rna+H3K27me3-AGTCACTACTGAGCCA,5
rna+H3K27me3-AGTCACTACTGGCATA,0
rna+H3K27me3-AGTCACTAGAATCTGA,0
rna+H3K27me3-AGTCACTACAAGACTA,7
rna+H3K27me3-AGTCACTAGAGCTGAA,5
rna+H3K27me3-AGTCACTAGATAGACA,14
rna+H3K27me3-AGTCACTAACCACTGT,1
rna+H3K27me3-AGTCACTAGCCACATA,0
rna+H3K27me3-AGTCACTAGCGAGTAA,0
rna+H3K27me3-AGTCACTAGCTAACGA,0
rna+H3K27me3-AGTCACTAGCTCGGTA,0
rna+H3K27me3-AGTCACTAGGAGAACA,7
rna+H3K27me3-AGTCACTAGGTGCGAA,0
rna+H3K27me3-AGTCACTAGTACGCAA,0
rna+H3K27me3-AGTCACTAGTCGTAGA,3
rna+H3K27me3-AGTCACTAGTCTGTCA,9
rna+H3K27me3-AGTCACTAGTGTTCTA,4
rna+H3K27me3-AGTCACTAACATTGGC,5
rna+H3K27me3-AGTCACTATAGGATGA,4
rna+H3K27me3-AGTCACTATATCAGCA,11
rna+H3K27me3-AGTCACTATCCGTCTA,0
rna+H3K27me3-AGTCACTATCTTCACA,0
rna+H3K27me3-AGTCACTATGAAGAGA,14
rna+H3K27me3-AGTCACTATGGAACAA,3
rna+H3K27me3-AGTCACTATGGCTTCA,0
rna+H3K27me3-AGTCACTATGGTGGTA,6
rna+H3K27me3-AGTCACTATTCACGCA,0
rna+H3K27me3-AGTCACTAAACTCACC,6
rna+H3K27me3-AGTCACTACAGATCTG,3
rna+H3K27me3-AGTCACTAAAGAGATC,7
rna+H3K27me3-AGTCACTAAAGGACAC,8
rna+H3K27me3-AGTCACTAAATCCGTC,8
rna+H3K27me3-AGTCACTAAATGTTGC,0
rna+H3K27me3-AGTCACTAACACGACC,7
rna+H3K27me3-AGTCACTAACAGATTC,3
rna+H3K27me3-AGTCACTAAGATGTAC,7
rna+H3K27me3-AGTCACTAAGCACCTC,6
rna+H3K27me3-AGTCACTAAGCCATGC,7
rna+H3K27me3-AGTCACTAAGGCTAAC,9
rna+H3K27me3-AGTCACTACATCAAGT,6
rna+H3K27me3-AGTCACTAATAGCGAC,4
rna+H3K27me3-AGTCACTAATCATTCC,9
rna+H3K27me3-AGTCACTAATTGGCTC,9
rna+H3K27me3-AGTCACTACAAGGAGC,4
rna+H3K27me3-AGTCACTACACCTTAC,7
rna+H3K27me3-AGTCACTACCATCCTC,3
rna+H3K27me3-AGTCACTACCGACAAC,4
rna+H3K27me3-AGTCACTACCTAATCC,6
rna+H3K27me3-AGTCACTACCTCTATC,4
rna+H3K27me3-AGTCACTACGACACAC,11
rna+H3K27me3-AGTCACTACGCTGATC,8
rna+H3K27me3-AGTCACTACGGATTGC,11
rna+H3K27me3-AGTCACTACTAAGGTC,4
rna+H3K27me3-AGTCACTAGAACAGGC,11
rna+H3K27me3-AGTCACTAGACAGTGC,7
rna+H3K27me3-AGTCACTAGAGTTAGC,6
rna+H3K27me3-AGTCACTAGATGAATC,7
rna+H3K27me3-AGTCACTAGCCAAGAC,4
rna+H3K27me3-AGTCACTACGGAAGAA,11
rna+H3K27me3-AGTCACTAGTGACAAG,7
rna+H3K27me3-AGTCACTAGAACCAGA,4
rna+H3K27me3-AGCAGGAAAACGTGAT,7
rna+H3K27me3-AGCAGGAAACAAGCTA,2
rna+H3K27me3-AGCAGGAATTGCTGGA,1
rna+H3K27me3-AGCAGGAACTGTAGCC,1
rna+H3K27me3-AGCAGGAAAGTACAAG,2
rna+H3K27me3-AGCAGGAAAACAACCA,2
rna+H3K27me3-AGCAGGAAAACCGAGA,2
rna+H3K27me3-AGCAGGAAAACGCTTA,5
rna+H3K27me3-AGCAGGAAAAGACGGA,10
rna+H3K27me3-AGCAGGAAAAGGTACA,2
rna+H3K27me3-AGCAGGAAACACAGAA,2
rna+H3K27me3-AGCAGGAAACAGCAGA,1
rna+H3K27me3-AGCAGGAAAAACATCG,13
rna+H3K27me3-AGCAGGAAACCTCCAA,1
rna+H3K27me3-AGCAGGAAACGCTCGA,10
rna+H3K27me3-AGCAGGAAACGTATCA,2
rna+H3K27me3-AGCAGGAAACTATGCA,2
rna+H3K27me3-AGCAGGAAAGAGTCAA,3
rna+H3K27me3-AGCAGGAAAGATCGCA,5
rna+H3K27me3-AGCAGGAAAGCAGGAA,8
rna+H3K27me3-AGCAGGAAAGTCACTA,0
rna+H3K27me3-AGCAGGAAATCCTGTA,0
rna+H3K27me3-AGCAGGAAATTGAGGA,3
rna+H3K27me3-AGCAGGAAATGCCTAA,6
rna+H3K27me3-AGCAGGAACAACCACA,0
rna+H3K27me3-AGCAGGAAGACTAGTA,0
rna+H3K27me3-AGCAGGAACAATGGAA,0
rna+H3K27me3-AGCAGGAACACTTCGA,0
rna+H3K27me3-AGCAGGAACAGCGTTA,0
rna+H3K27me3-AGCAGGAACATACCAA,0
rna+H3K27me3-AGCAGGAACCAGTTCA,0
rna+H3K27me3-AGCAGGAACCGAAGTA,0
rna+H3K27me3-AGCAGGAACCGTGAGA,0
rna+H3K27me3-AGCAGGAACCTCCTGA,0
rna+H3K27me3-AGCAGGAAAGTGGTCA,6
rna+H3K27me3-AGCAGGAACGAACTTA,0
rna+H3K27me3-AGCAGGAACGACTGGA,0
rna+H3K27me3-AGCAGGAACGCATACA,0
rna+H3K27me3-AGCAGGAACTCAATGA,0
rna+H3K27me3-AGCAGGAACTGAGCCA,0
rna+H3K27me3-AGCAGGAACTGGCATA,0
rna+H3K27me3-AGCAGGAAGAATCTGA,0
rna+H3K27me3-AGCAGGAACAAGACTA,12
rna+H3K27me3-AGCAGGAAGAGCTGAA,14
rna+H3K27me3-AGCAGGAAGATAGACA,12
rna+H3K27me3-AGCAGGAAACCACTGT,3
rna+H3K27me3-AGCAGGAAGCCACATA,0
rna+H3K27me3-AGCAGGAAGCGAGTAA,0
rna+H3K27me3-AGCAGGAAGCTAACGA,0
rna+H3K27me3-AGCAGGAAGCTCGGTA,0
rna+H3K27me3-AGCAGGAAGGAGAACA,0
rna+H3K27me3-AGCAGGAAGGTGCGAA,0
rna+H3K27me3-AGCAGGAAGTACGCAA,0
rna+H3K27me3-AGCAGGAAGTCGTAGA,0
rna+H3K27me3-AGCAGGAAGTCTGTCA,0
rna+H3K27me3-AGCAGGAAGTGTTCTA,0
rna+H3K27me3-AGCAGGAAACATTGGC,7
rna+H3K27me3-AGCAGGAATAGGATGA,12
rna+H3K27me3-AGCAGGAATATCAGCA,5
rna+H3K27me3-AGCAGGAATCCGTCTA,0
rna+H3K27me3-AGCAGGAATCTTCACA,12
rna+H3K27me3-AGCAGGAATGAAGAGA,0
rna+H3K27me3-AGCAGGAATGGAACAA,8
rna+H3K27me3-AGCAGGAATGGCTTCA,7
rna+H3K27me3-AGCAGGAATGGTGGTA,6
rna+H3K27me3-AGCAGGAATTCACGCA,8
rna+H3K27me3-AGCAGGAAAACTCACC,8
rna+H3K27me3-AGCAGGAACAGATCTG,2
rna+H3K27me3-AGCAGGAAAAGAGATC,8
rna+H3K27me3-AGCAGGAAAAGGACAC,0
rna+H3K27me3-AGCAGGAAAATCCGTC,8
rna+H3K27me3-AGCAGGAAAATGTTGC,0
rna+H3K27me3-AGCAGGAAACACGACC,8
rna+H3K27me3-AGCAGGAAACAGATTC,8
rna+H3K27me3-AGCAGGAAAGATGTAC,7
rna+H3K27me3-AGCAGGAAAGCACCTC,7
rna+H3K27me3-AGCAGGAAAGCCATGC,7
rna+H3K27me3-AGCAGGAAAGGCTAAC,4
rna+H3K27me3-AGCAGGAACATCAAGT,1
rna+H3K27me3-AGCAGGAAATAGCGAC,7
rna+H3K27me3-AGCAGGAAATCATTCC,5
rna+H3K27me3-AGCAGGAAATTGGCTC,3
rna+H3K27me3-AGCAGGAACAAGGAGC,5
rna+H3K27me3-AGCAGGAACACCTTAC,8
rna+H3K27me3-AGCAGGAACCATCCTC,4
rna+H3K27me3-AGCAGGAACCGACAAC,4
rna+H3K27me3-AGCAGGAACCTAATCC,3
rna+H3K27me3-AGCAGGAACCTCTATC,7
rna+H3K27me3-AGCAGGAACGACACAC,4
rna+H3K27me3-AGCAGGAACGCTGATC,11
rna+H3K27me3-AGCAGGAACGGATTGC,8
rna+H3K27me3-AGCAGGAACTAAGGTC,3
rna+H3K27me3-AGCAGGAAGAACAGGC,4
rna+H3K27me3-AGCAGGAAGACAGTGC,4
rna+H3K27me3-AGCAGGAAGAGTTAGC,7
rna+H3K27me3-AGCAGGAAGATGAATC,4
rna+H3K27me3-AGCAGGAAGCCAAGAC,3
rna+H3K27me3-AGCAGGAACGGAAGAA,8
rna+H3K27me3-AGCAGGAAGTGACAAG,11
rna+H3K27me3-AGCAGGAAGAACCAGA,6
rna+H3K27me3-AGATCGCAAACGTGAT,9
rna+H3K27me3-AGATCGCAACAAGCTA,5
rna+H3K27me3-AGATCGCATTGCTGGA,4
rna+H3K27me3-AGATCGCACTGTAGCC,9
rna+H3K27me3-AGATCGCAAGTACAAG,2
rna+H3K27me3-AGATCGCAAACAACCA,2
rna+H3K27me3-AGATCGCAAACCGAGA,5
rna+H3K27me3-AGATCGCAAACGCTTA,3
rna+H3K27me3-AGATCGCAAAGACGGA,2
rna+H3K27me3-AGATCGCAAAGGTACA,5
rna+H3K27me3-AGATCGCAACACAGAA,2
rna+H3K27me3-AGATCGCAACAGCAGA,2
rna+H3K27me3-AGATCGCAAAACATCG,12
rna+H3K27me3-AGATCGCAACCTCCAA,13
rna+H3K27me3-AGATCGCAACGCTCGA,5
rna+H3K27me3-AGATCGCAACGTATCA,1
rna+H3K27me3-AGATCGCAACTATGCA,3
rna+H3K27me3-AGATCGCAAGAGTCAA,12
rna+H3K27me3-AGATCGCAAGATCGCA,2
rna+H3K27me3-AGATCGCAAGCAGGAA,3
rna+H3K27me3-AGATCGCAAGTCACTA,0
rna+H3K27me3-AGATCGCAATCCTGTA,6
rna+H3K27me3-AGATCGCAATTGAGGA,0
rna+H3K27me3-AGATCGCAATGCCTAA,1
rna+H3K27me3-AGATCGCACAACCACA,0
rna+H3K27me3-AGATCGCAGACTAGTA,12
rna+H3K27me3-AGATCGCACAATGGAA,0
rna+H3K27me3-AGATCGCACACTTCGA,0
rna+H3K27me3-AGATCGCACAGCGTTA,0
rna+H3K27me3-AGATCGCACATACCAA,0
rna+H3K27me3-AGATCGCACCAGTTCA,0
rna+H3K27me3-AGATCGCACCGAAGTA,0
rna+H3K27me3-AGATCGCACCGTGAGA,0
rna+H3K27me3-AGATCGCACCTCCTGA,5
rna+H3K27me3-AGATCGCAAGTGGTCA,7
rna+H3K27me3-AGATCGCACGAACTTA,5
rna+H3K27me3-AGATCGCACGACTGGA,5
rna+H3K27me3-AGATCGCACGCATACA,0
rna+H3K27me3-AGATCGCACTCAATGA,5
rna+H3K27me3-AGATCGCACTGAGCCA,3
rna+H3K27me3-AGATCGCACTGGCATA,0
rna+H3K27me3-AGATCGCAGAATCTGA,5
rna+H3K27me3-AGATCGCACAAGACTA,0
rna+H3K27me3-AGATCGCAGAGCTGAA,0
rna+H3K27me3-AGATCGCAGATAGACA,5
rna+H3K27me3-AGATCGCAACCACTGT,1
rna+H3K27me3-AGATCGCAGCCACATA,5
rna+H3K27me3-AGATCGCAGCGAGTAA,0
rna+H3K27me3-AGATCGCAGCTAACGA,0
rna+H3K27me3-AGATCGCAGCTCGGTA,0
rna+H3K27me3-AGATCGCAGGAGAACA,12
rna+H3K27me3-AGATCGCAGGTGCGAA,0
rna+H3K27me3-AGATCGCAGTACGCAA,0
rna+H3K27me3-AGATCGCAGTCGTAGA,0
rna+H3K27me3-AGATCGCAGTCTGTCA,0
rna+H3K27me3-AGATCGCAGTGTTCTA,7
rna+H3K27me3-AGATCGCAACATTGGC,9
rna+H3K27me3-AGATCGCATAGGATGA,4
rna+H3K27me3-AGATCGCATATCAGCA,9
rna+H3K27me3-AGATCGCATCCGTCTA,4
rna+H3K27me3-AGATCGCATCTTCACA,4
rna+H3K27me3-AGATCGCATGAAGAGA,8
rna+H3K27me3-AGATCGCATGGAACAA,0
rna+H3K27me3-AGATCGCATGGCTTCA,0
rna+H3K27me3-AGATCGCATGGTGGTA,8
rna+H3K27me3-AGATCGCATTCACGCA,0
rna+H3K27me3-AGATCGCAAACTCACC,6
rna+H3K27me3-AGATCGCACAGATCTG,6
rna+H3K27me3-AGATCGCAAAGAGATC,7
rna+H3K27me3-AGATCGCAAAGGACAC,0
rna+H3K27me3-AGATCGCAAATCCGTC,8
rna+H3K27me3-AGATCGCAAATGTTGC,0
rna+H3K27me3-AGATCGCAACACGACC,8
rna+H3K27me3-AGATCGCAACAGATTC,8
rna+H3K27me3-AGATCGCAAGATGTAC,0
rna+H3K27me3-AGATCGCAAGCACCTC,3
rna+H3K27me3-AGATCGCAAGCCATGC,14
rna+H3K27me3-AGATCGCAAGGCTAAC,4
rna+H3K27me3-AGATCGCACATCAAGT,2
rna+H3K27me3-AGATCGCAATAGCGAC,8
rna+H3K27me3-AGATCGCAATCATTCC,7
rna+H3K27me3-AGATCGCAATTGGCTC,3
rna+H3K27me3-AGATCGCACAAGGAGC,11
rna+H3K27me3-AGATCGCACACCTTAC,6
rna+H3K27me3-AGATCGCACCATCCTC,3
rna+H3K27me3-AGATCGCACCGACAAC,6
rna+H3K27me3-AGATCGCACCTAATCC,11
rna+H3K27me3-AGATCGCACCTCTATC,5
rna+H3K27me3-AGATCGCACGACACAC,3
rna+H3K27me3-AGATCGCACGCTGATC,5
rna+H3K27me3-AGATCGCACGGATTGC,7
rna+H3K27me3-AGATCGCACTAAGGTC,10
rna+H3K27me3-AGATCGCAGAACAGGC,11
rna+H3K27me3-AGATCGCAGACAGTGC,4
rna+H3K27me3-AGATCGCAGAGTTAGC,11
rna+H3K27me3-AGATCGCAGATGAATC,4
rna+H3K27me3-AGATCGCAGCCAAGAC,6
rna+H3K27me3-AGATCGCACGGAAGAA,10
rna+H3K27me3-AGATCGCAGTGACAAG,8
rna+H3K27me3-AGATCGCAGAACCAGA,8
rna+H3K27me3-AGAGTCAAAACGTGAT,6
rna+H3K27me3-AGAGTCAAACAAGCTA,9
rna+H3K27me3-AGAGTCAATTGCTGGA,7
rna+H3K27me3-AGAGTCAACTGTAGCC,2
rna+H3K27me3-AGAGTCAAAGTACAAG,10
rna+H3K27me3-AGAGTCAAAACAACCA,3
rna+H3K27me3-AGAGTCAAAACCGAGA,12
rna+H3K27me3-AGAGTCAAAACGCTTA,8
rna+H3K27me3-AGAGTCAAAAGACGGA,2
rna+H3K27me3-AGAGTCAAAAGGTACA,2
rna+H3K27me3-AGAGTCAAACACAGAA,2
rna+H3K27me3-AGAGTCAAACAGCAGA,2
rna+H3K27me3-AGAGTCAAAAACATCG,1
rna+H3K27me3-AGAGTCAAACCTCCAA,2
rna+H3K27me3-AGAGTCAAACGCTCGA,3
rna+H3K27me3-AGAGTCAAACGTATCA,2
rna+H3K27me3-AGAGTCAAACTATGCA,2
rna+H3K27me3-AGAGTCAAAGAGTCAA,6
rna+H3K27me3-AGAGTCAAAGATCGCA,5
rna+H3K27me3-AGAGTCAAAGCAGGAA,11
rna+H3K27me3-AGAGTCAAAGTCACTA,5
rna+H3K27me3-AGAGTCAAATCCTGTA,0
rna+H3K27me3-AGAGTCAAATTGAGGA,0
rna+H3K27me3-AGAGTCAAATGCCTAA,1
rna+H3K27me3-AGAGTCAACAACCACA,5
rna+H3K27me3-AGAGTCAAGACTAGTA,0
rna+H3K27me3-AGAGTCAACAATGGAA,3
rna+H3K27me3-AGAGTCAACACTTCGA,0
rna+H3K27me3-AGAGTCAACAGCGTTA,0
rna+H3K27me3-AGAGTCAACATACCAA,8
rna+H3K27me3-AGAGTCAACCAGTTCA,0
rna+H3K27me3-AGAGTCAACCGAAGTA,0
rna+H3K27me3-AGAGTCAACCGTGAGA,10
rna+H3K27me3-AGAGTCAACCTCCTGA,14
rna+H3K27me3-AGAGTCAAAGTGGTCA,9
rna+H3K27me3-AGAGTCAACGAACTTA,0
rna+H3K27me3-AGAGTCAACGACTGGA,0
rna+H3K27me3-AGAGTCAACGCATACA,0
rna+H3K27me3-AGAGTCAACTCAATGA,3
rna+H3K27me3-AGAGTCAACTGAGCCA,0
rna+H3K27me3-AGAGTCAACTGGCATA,3
rna+H3K27me3-AGAGTCAAGAATCTGA,0
rna+H3K27me3-AGAGTCAACAAGACTA,5
rna+H3K27me3-AGAGTCAAGAGCTGAA,0
rna+H3K27me3-AGAGTCAAGATAGACA,5
rna+H3K27me3-AGAGTCAAACCACTGT,1
rna+H3K27me3-AGAGTCAAGCCACATA,0
rna+H3K27me3-AGAGTCAAGCGAGTAA,3
rna+H3K27me3-AGAGTCAAGCTAACGA,0
rna+H3K27me3-AGAGTCAAGCTCGGTA,0
rna+H3K27me3-AGAGTCAAGGAGAACA,0
rna+H3K27me3-AGAGTCAAGGTGCGAA,0
rna+H3K27me3-AGAGTCAAGTACGCAA,0
rna+H3K27me3-AGAGTCAAGTCGTAGA,0
rna+H3K27me3-AGAGTCAAGTCTGTCA,0
rna+H3K27me3-AGAGTCAAGTGTTCTA,5
rna+H3K27me3-AGAGTCAAACATTGGC,5
rna+H3K27me3-AGAGTCAATAGGATGA,4
rna+H3K27me3-AGAGTCAATATCAGCA,9
rna+H3K27me3-AGAGTCAATCCGTCTA,4
rna+H3K27me3-AGAGTCAATCTTCACA,4
rna+H3K27me3-AGAGTCAATGAAGAGA,5
rna+H3K27me3-AGAGTCAATGGAACAA,8
rna+H3K27me3-AGAGTCAATGGCTTCA,7
rna+H3K27me3-AGAGTCAATGGTGGTA,0
rna+H3K27me3-AGAGTCAATTCACGCA,7
rna+H3K27me3-AGAGTCAAAACTCACC,7
rna+H3K27me3-AGAGTCAACAGATCTG,6
rna+H3K27me3-AGAGTCAAAAGAGATC,7
rna+H3K27me3-AGAGTCAAAAGGACAC,0
rna+H3K27me3-AGAGTCAAAATCCGTC,8
rna+H3K27me3-AGAGTCAAAATGTTGC,7
rna+H3K27me3-AGAGTCAAACACGACC,0
rna+H3K27me3-AGAGTCAAACAGATTC,7
rna+H3K27me3-AGAGTCAAAGATGTAC,8
rna+H3K27me3-AGAGTCAAAGCACCTC,8
rna+H3K27me3-AGAGTCAAAGCCATGC,8
rna+H3K27me3-AGAGTCAAAGGCTAAC,7
rna+H3K27me3-AGAGTCAACATCAAGT,1
rna+H3K27me3-AGAGTCAAATAGCGAC,6
rna+H3K27me3-AGAGTCAAATCATTCC,7
rna+H3K27me3-AGAGTCAAATTGGCTC,6
rna+H3K27me3-AGAGTCAACAAGGAGC,12
rna+H3K27me3-AGAGTCAACACCTTAC,7
rna+H3K27me3-AGAGTCAACCATCCTC,4
rna+H3K27me3-AGAGTCAACCGACAAC,7
rna+H3K27me3-AGAGTCAACCTAATCC,3
rna+H3K27me3-AGAGTCAACCTCTATC,7
rna+H3K27me3-AGAGTCAACGACACAC,5
rna+H3K27me3-AGAGTCAACGCTGATC,7
rna+H3K27me3-AGAGTCAACGGATTGC,7
rna+H3K27me3-AGAGTCAACTAAGGTC,7
rna+H3K27me3-AGAGTCAAGAACAGGC,8
rna+H3K27me3-AGAGTCAAGACAGTGC,4
rna+H3K27me3-AGAGTCAAGAGTTAGC,4
rna+H3K27me3-AGAGTCAAGATGAATC,3
rna+H3K27me3-AGAGTCAAGCCAAGAC,12
rna+H3K27me3-AGAGTCAACGGAAGAA,4
rna+H3K27me3-AGAGTCAAGTGACAAG,2
rna+H3K27me3-AGAGTCAAGAACCAGA,6
rna+H3K27me3-ACTATGCAAACGTGAT,5
rna+H3K27me3-ACTATGCAACAAGCTA,1
rna+H3K27me3-ACTATGCATTGCTGGA,11
rna+H3K27me3-ACTATGCACTGTAGCC,1
rna+H3K27me3-ACTATGCAAGTACAAG,9
rna+H3K27me3-ACTATGCAAACAACCA,2
rna+H3K27me3-ACTATGCAAACCGAGA,7
rna+H3K27me3-ACTATGCAAACGCTTA,3
rna+H3K27me3-ACTATGCAAAGACGGA,11
rna+H3K27me3-ACTATGCAAAGGTACA,2
rna+H3K27me3-ACTATGCAACACAGAA,0
rna+H3K27me3-ACTATGCAACAGCAGA,0
rna+H3K27me3-ACTATGCAAAACATCG,1
rna+H3K27me3-ACTATGCAACCTCCAA,2
rna+H3K27me3-ACTATGCAACGCTCGA,2
rna+H3K27me3-ACTATGCAACGTATCA,1
rna+H3K27me3-ACTATGCAACTATGCA,2
rna+H3K27me3-ACTATGCAAGAGTCAA,5
rna+H3K27me3-ACTATGCAAGATCGCA,2
rna+H3K27me3-ACTATGCAAGCAGGAA,2
rna+H3K27me3-ACTATGCAAGTCACTA,0
rna+H3K27me3-ACTATGCAATCCTGTA,0
rna+H3K27me3-ACTATGCAATTGAGGA,0
rna+H3K27me3-ACTATGCAATGCCTAA,1
rna+H3K27me3-ACTATGCACAACCACA,4
rna+H3K27me3-ACTATGCAGACTAGTA,0
rna+H3K27me3-ACTATGCACAATGGAA,0
rna+H3K27me3-ACTATGCACACTTCGA,0
rna+H3K27me3-ACTATGCACAGCGTTA,6
rna+H3K27me3-ACTATGCACATACCAA,3
rna+H3K27me3-ACTATGCACCAGTTCA,0
rna+H3K27me3-ACTATGCACCGAAGTA,0
rna+H3K27me3-ACTATGCACCGTGAGA,0
rna+H3K27me3-ACTATGCACCTCCTGA,0
rna+H3K27me3-ACTATGCAAGTGGTCA,4
rna+H3K27me3-ACTATGCACGAACTTA,0
rna+H3K27me3-ACTATGCACGACTGGA,14
rna+H3K27me3-ACTATGCACGCATACA,0
rna+H3K27me3-ACTATGCACTCAATGA,0
rna+H3K27me3-ACTATGCACTGAGCCA,3
rna+H3K27me3-ACTATGCACTGGCATA,0
rna+H3K27me3-ACTATGCAGAATCTGA,0
rna+H3K27me3-ACTATGCACAAGACTA,0
rna+H3K27me3-ACTATGCAGAGCTGAA,0
rna+H3K27me3-ACTATGCAGATAGACA,0
rna+H3K27me3-ACTATGCAACCACTGT,13
rna+H3K27me3-ACTATGCAGCCACATA,12
rna+H3K27me3-ACTATGCAGCGAGTAA,0
rna+H3K27me3-ACTATGCAGCTAACGA,0
rna+H3K27me3-ACTATGCAGCTCGGTA,0
rna+H3K27me3-ACTATGCAGGAGAACA,0
rna+H3K27me3-ACTATGCAGGTGCGAA,0
rna+H3K27me3-ACTATGCAGTACGCAA,0
rna+H3K27me3-ACTATGCAGTCGTAGA,0
rna+H3K27me3-ACTATGCAGTCTGTCA,0
rna+H3K27me3-ACTATGCAGTGTTCTA,4
rna+H3K27me3-ACTATGCAACATTGGC,3
rna+H3K27me3-ACTATGCATAGGATGA,4
rna+H3K27me3-ACTATGCATATCAGCA,4
rna+H3K27me3-ACTATGCATCCGTCTA,9
rna+H3K27me3-ACTATGCATCTTCACA,4
rna+H3K27me3-ACTATGCATGAAGAGA,4
rna+H3K27me3-ACTATGCATGGAACAA,4
rna+H3K27me3-ACTATGCATGGCTTCA,8
rna+H3K27me3-ACTATGCATGGTGGTA,3
rna+H3K27me3-ACTATGCATTCACGCA,8
rna+H3K27me3-ACTATGCAAACTCACC,8
rna+H3K27me3-ACTATGCACAGATCTG,5
rna+H3K27me3-ACTATGCAAAGAGATC,11
rna+H3K27me3-ACTATGCAAAGGACAC,3
rna+H3K27me3-ACTATGCAAATCCGTC,8
rna+H3K27me3-ACTATGCAAATGTTGC,12
rna+H3K27me3-ACTATGCAACACGACC,0
rna+H3K27me3-ACTATGCAACAGATTC,11
rna+H3K27me3-ACTATGCAAGATGTAC,8
rna+H3K27me3-ACTATGCAAGCACCTC,8
rna+H3K27me3-ACTATGCAAGCCATGC,3
rna+H3K27me3-ACTATGCAAGGCTAAC,8
rna+H3K27me3-ACTATGCACATCAAGT,1
rna+H3K27me3-ACTATGCAATAGCGAC,10
rna+H3K27me3-ACTATGCAATCATTCC,5
rna+H3K27me3-ACTATGCAATTGGCTC,3
rna+H3K27me3-ACTATGCACAAGGAGC,9
rna+H3K27me3-ACTATGCACACCTTAC,3
rna+H3K27me3-ACTATGCACCATCCTC,9
rna+H3K27me3-ACTATGCACCGACAAC,14
rna+H3K27me3-ACTATGCACCTAATCC,9
rna+H3K27me3-ACTATGCACCTCTATC,4
rna+H3K27me3-ACTATGCACGACACAC,7
rna+H3K27me3-ACTATGCACGCTGATC,2
rna+H3K27me3-ACTATGCACGGATTGC,7
rna+H3K27me3-ACTATGCACTAAGGTC,4
rna+H3K27me3-ACTATGCAGAACAGGC,9
rna+H3K27me3-ACTATGCAGACAGTGC,4
rna+H3K27me3-ACTATGCAGAGTTAGC,8
rna+H3K27me3-ACTATGCAGATGAATC,4
rna+H3K27me3-ACTATGCAGCCAAGAC,6
rna+H3K27me3-ACTATGCACGGAAGAA,3
rna+H3K27me3-ACTATGCAGTGACAAG,4
rna+H3K27me3-ACTATGCAGAACCAGA,8
rna+H3K27me3-ACGTATCAAACGTGAT,5
rna+H3K27me3-ACGTATCAACAAGCTA,2
rna+H3K27me3-ACGTATCATTGCTGGA,4
rna+H3K27me3-ACGTATCACTGTAGCC,8
rna+H3K27me3-ACGTATCAAGTACAAG,2
rna+H3K27me3-ACGTATCAAACAACCA,1
rna+H3K27me3-ACGTATCAAACCGAGA,6
rna+H3K27me3-ACGTATCAAACGCTTA,9
rna+H3K27me3-ACGTATCAAAGACGGA,2
rna+H3K27me3-ACGTATCAAAGGTACA,1
rna+H3K27me3-ACGTATCAACACAGAA,3
rna+H3K27me3-ACGTATCAACAGCAGA,2
rna+H3K27me3-ACGTATCAAAACATCG,7
rna+H3K27me3-ACGTATCAACCTCCAA,1
rna+H3K27me3-ACGTATCAACGCTCGA,1
rna+H3K27me3-ACGTATCAACGTATCA,2
rna+H3K27me3-ACGTATCAACTATGCA,13
rna+H3K27me3-ACGTATCAAGAGTCAA,2
rna+H3K27me3-ACGTATCAAGATCGCA,2
rna+H3K27me3-ACGTATCAAGCAGGAA,2
rna+H3K27me3-ACGTATCAAGTCACTA,10
rna+H3K27me3-ACGTATCAATCCTGTA,0
rna+H3K27me3-ACGTATCAATTGAGGA,0
rna+H3K27me3-ACGTATCAATGCCTAA,3
rna+H3K27me3-ACGTATCACAACCACA,5
rna+H3K27me3-ACGTATCAGACTAGTA,0
rna+H3K27me3-ACGTATCACAATGGAA,0
rna+H3K27me3-ACGTATCACACTTCGA,3
rna+H3K27me3-ACGTATCACAGCGTTA,0
rna+H3K27me3-ACGTATCACATACCAA,0
rna+H3K27me3-ACGTATCACCAGTTCA,12
rna+H3K27me3-ACGTATCACCGAAGTA,0
rna+H3K27me3-ACGTATCACCGTGAGA,5
rna+H3K27me3-ACGTATCACCTCCTGA,0
rna+H3K27me3-ACGTATCAAGTGGTCA,7
rna+H3K27me3-ACGTATCACGAACTTA,0
rna+H3K27me3-ACGTATCACGACTGGA,0
rna+H3K27me3-ACGTATCACGCATACA,7
rna+H3K27me3-ACGTATCACTCAATGA,14
rna+H3K27me3-ACGTATCACTGAGCCA,0
rna+H3K27me3-ACGTATCACTGGCATA,0
rna+H3K27me3-ACGTATCAGAATCTGA,5
rna+H3K27me3-ACGTATCACAAGACTA,0
rna+H3K27me3-ACGTATCAGAGCTGAA,5
rna+H3K27me3-ACGTATCAGATAGACA,0
rna+H3K27me3-ACGTATCAACCACTGT,1
rna+H3K27me3-ACGTATCAGCCACATA,0
rna+H3K27me3-ACGTATCAGCGAGTAA,0
rna+H3K27me3-ACGTATCAGCTAACGA,0
rna+H3K27me3-ACGTATCAGCTCGGTA,0
rna+H3K27me3-ACGTATCAGGAGAACA,0
rna+H3K27me3-ACGTATCAGGTGCGAA,0
rna+H3K27me3-ACGTATCAGTACGCAA,0
rna+H3K27me3-ACGTATCAGTCGTAGA,0
rna+H3K27me3-ACGTATCAGTCTGTCA,0
rna+H3K27me3-ACGTATCAGTGTTCTA,4
rna+H3K27me3-ACGTATCAACATTGGC,5
rna+H3K27me3-ACGTATCATAGGATGA,4
rna+H3K27me3-ACGTATCATATCAGCA,4
rna+H3K27me3-ACGTATCATCCGTCTA,4
rna+H3K27me3-ACGTATCATCTTCACA,4
rna+H3K27me3-ACGTATCATGAAGAGA,9
rna+H3K27me3-ACGTATCATGGAACAA,5
rna+H3K27me3-ACGTATCATGGCTTCA,6
rna+H3K27me3-ACGTATCATGGTGGTA,8
rna+H3K27me3-ACGTATCATTCACGCA,10
rna+H3K27me3-ACGTATCAAACTCACC,7
rna+H3K27me3-ACGTATCACAGATCTG,7
rna+H3K27me3-ACGTATCAAAGAGATC,0
rna+H3K27me3-ACGTATCAAAGGACAC,8
rna+H3K27me3-ACGTATCAAATCCGTC,6
rna+H3K27me3-ACGTATCAAATGTTGC,8
rna+H3K27me3-ACGTATCAACACGACC,8
rna+H3K27me3-ACGTATCAACAGATTC,0
rna+H3K27me3-ACGTATCAAGATGTAC,8
rna+H3K27me3-ACGTATCAAGCACCTC,7
rna+H3K27me3-ACGTATCAAGCCATGC,8
rna+H3K27me3-ACGTATCAAGGCTAAC,8
rna+H3K27me3-ACGTATCACATCAAGT,2
rna+H3K27me3-ACGTATCAATAGCGAC,7
rna+H3K27me3-ACGTATCAATCATTCC,8
rna+H3K27me3-ACGTATCAATTGGCTC,7
rna+H3K27me3-ACGTATCACAAGGAGC,7
rna+H3K27me3-ACGTATCACACCTTAC,6
rna+H3K27me3-ACGTATCACCATCCTC,7
rna+H3K27me3-ACGTATCACCGACAAC,3
rna+H3K27me3-ACGTATCACCTAATCC,6
rna+H3K27me3-ACGTATCACCTCTATC,5
rna+H3K27me3-ACGTATCACGACACAC,4
rna+H3K27me3-ACGTATCACGCTGATC,5
rna+H3K27me3-ACGTATCACGGATTGC,4
rna+H3K27me3-ACGTATCACTAAGGTC,11
rna+H3K27me3-ACGTATCAGAACAGGC,4
rna+H3K27me3-ACGTATCAGACAGTGC,3
rna+H3K27me3-ACGTATCAGAGTTAGC,3
rna+H3K27me3-ACGTATCAGATGAATC,3
rna+H3K27me3-ACGTATCAGCCAAGAC,1
rna+H3K27me3-ACGTATCACGGAAGAA,3
rna+H3K27me3-ACGTATCAGTGACAAG,4
rna+H3K27me3-ACGTATCAGAACCAGA,5
rna+H3K27me3-GAGTTAGCAACGTGAT,2
rna+H3K27me3-GAGTTAGCACAAGCTA,1
rna+H3K27me3-GAGTTAGCTTGCTGGA,1
rna+H3K27me3-GAGTTAGCCTGTAGCC,1
rna+H3K27me3-GAGTTAGCAGTACAAG,1
rna+H3K27me3-GAGTTAGCAACAACCA,5
rna+H3K27me3-GAGTTAGCAACCGAGA,5
rna+H3K27me3-GAGTTAGCAACGCTTA,1
rna+H3K27me3-GAGTTAGCAAGACGGA,5
rna+H3K27me3-GAGTTAGCAAGGTACA,2
rna+H3K27me3-GAGTTAGCACACAGAA,7
rna+H3K27me3-GAGTTAGCACAGCAGA,1
rna+H3K27me3-GAGTTAGCAAACATCG,5
rna+H3K27me3-GAGTTAGCACCTCCAA,2
rna+H3K27me3-GAGTTAGCACGCTCGA,5
rna+H3K27me3-GAGTTAGCACGTATCA,4
rna+H3K27me3-GAGTTAGCACTATGCA,13
rna+H3K27me3-GAGTTAGCAGAGTCAA,1
rna+H3K27me3-GAGTTAGCAGATCGCA,10
rna+H3K27me3-GAGTTAGCAGCAGGAA,2
rna+H3K27me3-GAGTTAGCAGTCACTA,6
rna+H3K27me3-GAGTTAGCATCCTGTA,13
rna+H3K27me3-GAGTTAGCATTGAGGA,8
rna+H3K27me3-GAGTTAGCATGCCTAA,3
rna+H3K27me3-GAGTTAGCCAACCACA,2
rna+H3K27me3-GAGTTAGCGACTAGTA,2
rna+H3K27me3-GAGTTAGCCAATGGAA,12
rna+H3K27me3-GAGTTAGCCACTTCGA,10
rna+H3K27me3-GAGTTAGCCAGCGTTA,4
rna+H3K27me3-GAGTTAGCCATACCAA,5
rna+H3K27me3-GAGTTAGCCCAGTTCA,12
rna+H3K27me3-GAGTTAGCCCGAAGTA,2
rna+H3K27me3-GAGTTAGCCCGTGAGA,8
rna+H3K27me3-GAGTTAGCCCTCCTGA,1
rna+H3K27me3-GAGTTAGCAGTGGTCA,1
rna+H3K27me3-GAGTTAGCCGAACTTA,2
rna+H3K27me3-GAGTTAGCCGACTGGA,1
rna+H3K27me3-GAGTTAGCCGCATACA,2
rna+H3K27me3-GAGTTAGCCTCAATGA,2
rna+H3K27me3-GAGTTAGCCTGAGCCA,2
rna+H3K27me3-GAGTTAGCCTGGCATA,0
rna+H3K27me3-GAGTTAGCGAATCTGA,1
rna+H3K27me3-GAGTTAGCCAAGACTA,1
rna+H3K27me3-GAGTTAGCGAGCTGAA,7
rna+H3K27me3-GAGTTAGCGATAGACA,2
rna+H3K27me3-GAGTTAGCACCACTGT,3
rna+H3K27me3-GAGTTAGCGCCACATA,1
rna+H3K27me3-GAGTTAGCGCGAGTAA,3
rna+H3K27me3-GAGTTAGCGCTAACGA,2
rna+H3K27me3-GAGTTAGCGCTCGGTA,2
rna+H3K27me3-GAGTTAGCGGAGAACA,10
rna+H3K27me3-GAGTTAGCGGTGCGAA,8
rna+H3K27me3-GAGTTAGCGTACGCAA,2
rna+H3K27me3-GAGTTAGCGTCGTAGA,1
rna+H3K27me3-GAGTTAGCGTCTGTCA,3
rna+H3K27me3-GAGTTAGCGTGTTCTA,3
rna+H3K27me3-GAGTTAGCACATTGGC,3
rna+H3K27me3-GAGTTAGCTAGGATGA,6
rna+H3K27me3-GAGTTAGCTATCAGCA,2
rna+H3K27me3-GAGTTAGCTCCGTCTA,2
rna+H3K27me3-GAGTTAGCTCTTCACA,10
rna+H3K27me3-GAGTTAGCTGAAGAGA,2
rna+H3K27me3-GAGTTAGCTGGAACAA,2
rna+H3K27me3-GAGTTAGCTGGCTTCA,2
rna+H3K27me3-GAGTTAGCTGGTGGTA,5
rna+H3K27me3-GAGTTAGCTTCACGCA,1
rna+H3K27me3-GAGTTAGCAACTCACC,6
rna+H3K27me3-GAGTTAGCCAGATCTG,9
rna+H3K27me3-GAGTTAGCAAGAGATC,7
rna+H3K27me3-GAGTTAGCAAGGACAC,1
rna+H3K27me3-GAGTTAGCAATCCGTC,2
rna+H3K27me3-GAGTTAGCAATGTTGC,1
rna+H3K27me3-GAGTTAGCACACGACC,8
rna+H3K27me3-GAGTTAGCACAGATTC,2
rna+H3K27me3-GAGTTAGCAGATGTAC,5
rna+H3K27me3-GAGTTAGCAGCACCTC,2
rna+H3K27me3-GAGTTAGCAGCCATGC,2
rna+H3K27me3-GAGTTAGCAGGCTAAC,1
rna+H3K27me3-GAGTTAGCCATCAAGT,1
rna+H3K27me3-GAGTTAGCATAGCGAC,1
rna+H3K27me3-GAGTTAGCATCATTCC,1
rna+H3K27me3-GAGTTAGCATTGGCTC,1
rna+H3K27me3-GAGTTAGCCAAGGAGC,14
rna+H3K27me3-GAGTTAGCCACCTTAC,1
rna+H3K27me3-GAGTTAGCCCATCCTC,1
rna+H3K27me3-GAGTTAGCCCGACAAC,11
rna+H3K27me3-GAGTTAGCCCTAATCC,6
rna+H3K27me3-GAGTTAGCCCTCTATC,3
rna+H3K27me3-GAGTTAGCCGACACAC,3
rna+H3K27me3-GAGTTAGCCGCTGATC,10
rna+H3K27me3-GAGTTAGCCGGATTGC,3
rna+H3K27me3-GAGTTAGCCTAAGGTC,5
rna+H3K27me3-GAGTTAGCGAACAGGC,5
rna+H3K27me3-GAGTTAGCGACAGTGC,1
rna+H3K27me3-GAGTTAGCGAGTTAGC,1
rna+H3K27me3-GAGTTAGCGATGAATC,1
rna+H3K27me3-GAGTTAGCGCCAAGAC,13
rna+H3K27me3-GAGTTAGCCGGAAGAA,3
rna+H3K27me3-GAGTTAGCGTGACAAG,2
rna+H3K27me3-GAGTTAGCGAACCAGA,1
rna+H3K27me3-ACGCTCGAAACGTGAT,6
rna+H3K27me3-ACGCTCGAACAAGCTA,2
rna+H3K27me3-ACGCTCGATTGCTGGA,9
rna+H3K27me3-ACGCTCGACTGTAGCC,5
rna+H3K27me3-ACGCTCGAAGTACAAG,5
rna+H3K27me3-ACGCTCGAAACAACCA,4
rna+H3K27me3-ACGCTCGAAACCGAGA,3
rna+H3K27me3-ACGCTCGAAACGCTTA,1
rna+H3K27me3-ACGCTCGAAAGACGGA,5
rna+H3K27me3-ACGCTCGAAAGGTACA,1
rna+H3K27me3-ACGCTCGAACACAGAA,1
rna+H3K27me3-ACGCTCGAACAGCAGA,2
rna+H3K27me3-ACGCTCGAAAACATCG,6
rna+H3K27me3-ACGCTCGAACCTCCAA,3
rna+H3K27me3-ACGCTCGAACGCTCGA,2
rna+H3K27me3-ACGCTCGAACGTATCA,7
rna+H3K27me3-ACGCTCGAACTATGCA,2
rna+H3K27me3-ACGCTCGAAGAGTCAA,11
rna+H3K27me3-ACGCTCGAAGATCGCA,11
rna+H3K27me3-ACGCTCGAAGCAGGAA,7
rna+H3K27me3-ACGCTCGAAGTCACTA,6
rna+H3K27me3-ACGCTCGAATCCTGTA,5
rna+H3K27me3-ACGCTCGAATTGAGGA,5
rna+H3K27me3-ACGCTCGAATGCCTAA,7
rna+H3K27me3-ACGCTCGACAACCACA,7
rna+H3K27me3-ACGCTCGAGACTAGTA,0
rna+H3K27me3-ACGCTCGACAATGGAA,5
rna+H3K27me3-ACGCTCGACACTTCGA,0
rna+H3K27me3-ACGCTCGACAGCGTTA,0
rna+H3K27me3-ACGCTCGACATACCAA,0
rna+H3K27me3-ACGCTCGACCAGTTCA,0
rna+H3K27me3-ACGCTCGACCGAAGTA,0
rna+H3K27me3-ACGCTCGACCGTGAGA,0
rna+H3K27me3-ACGCTCGACCTCCTGA,0
rna+H3K27me3-ACGCTCGAAGTGGTCA,2
rna+H3K27me3-ACGCTCGACGAACTTA,0
rna+H3K27me3-ACGCTCGACGACTGGA,0
rna+H3K27me3-ACGCTCGACGCATACA,0
rna+H3K27me3-ACGCTCGACTCAATGA,8
rna+H3K27me3-ACGCTCGACTGAGCCA,0
rna+H3K27me3-ACGCTCGACTGGCATA,0
rna+H3K27me3-ACGCTCGAGAATCTGA,0
rna+H3K27me3-ACGCTCGACAAGACTA,10
rna+H3K27me3-ACGCTCGAGAGCTGAA,0
rna+H3K27me3-ACGCTCGAGATAGACA,0
rna+H3K27me3-ACGCTCGAACCACTGT,1
rna+H3K27me3-ACGCTCGAGCCACATA,3
rna+H3K27me3-ACGCTCGAGCGAGTAA,0
rna+H3K27me3-ACGCTCGAGCTAACGA,0
rna+H3K27me3-ACGCTCGAGCTCGGTA,6
rna+H3K27me3-ACGCTCGAGGAGAACA,0
rna+H3K27me3-ACGCTCGAGGTGCGAA,7
rna+H3K27me3-ACGCTCGAGTACGCAA,14
rna+H3K27me3-ACGCTCGAGTCGTAGA,0
rna+H3K27me3-ACGCTCGAGTCTGTCA,10
rna+H3K27me3-ACGCTCGAGTGTTCTA,4
rna+H3K27me3-ACGCTCGAACATTGGC,0
rna+H3K27me3-ACGCTCGATAGGATGA,4
rna+H3K27me3-ACGCTCGATATCAGCA,5
rna+H3K27me3-ACGCTCGATCCGTCTA,10
rna+H3K27me3-ACGCTCGATCTTCACA,6
rna+H3K27me3-ACGCTCGATGAAGAGA,4
rna+H3K27me3-ACGCTCGATGGAACAA,5
rna+H3K27me3-ACGCTCGATGGCTTCA,14
rna+H3K27me3-ACGCTCGATGGTGGTA,8
rna+H3K27me3-ACGCTCGATTCACGCA,8
rna+H3K27me3-ACGCTCGAAACTCACC,0
rna+H3K27me3-ACGCTCGACAGATCTG,4
rna+H3K27me3-ACGCTCGAAAGAGATC,11
rna+H3K27me3-ACGCTCGAAAGGACAC,6
rna+H3K27me3-ACGCTCGAAATCCGTC,0
rna+H3K27me3-ACGCTCGAAATGTTGC,8
rna+H3K27me3-ACGCTCGAACACGACC,8
rna+H3K27me3-ACGCTCGAACAGATTC,8
rna+H3K27me3-ACGCTCGAAGATGTAC,3
rna+H3K27me3-ACGCTCGAAGCACCTC,14
rna+H3K27me3-ACGCTCGAAGCCATGC,7
rna+H3K27me3-ACGCTCGAAGGCTAAC,8
rna+H3K27me3-ACGCTCGACATCAAGT,5
rna+H3K27me3-ACGCTCGAATAGCGAC,8
rna+H3K27me3-ACGCTCGAATCATTCC,8
rna+H3K27me3-ACGCTCGAATTGGCTC,3
rna+H3K27me3-ACGCTCGACAAGGAGC,3
rna+H3K27me3-ACGCTCGACACCTTAC,11
rna+H3K27me3-ACGCTCGACCATCCTC,8
rna+H3K27me3-ACGCTCGACCGACAAC,6
rna+H3K27me3-ACGCTCGACCTAATCC,8
rna+H3K27me3-ACGCTCGACCTCTATC,4
rna+H3K27me3-ACGCTCGACGACACAC,4
rna+H3K27me3-ACGCTCGACGCTGATC,2
rna+H3K27me3-ACGCTCGACGGATTGC,4
rna+H3K27me3-ACGCTCGACTAAGGTC,2
rna+H3K27me3-ACGCTCGAGAACAGGC,4
rna+H3K27me3-ACGCTCGAGACAGTGC,4
rna+H3K27me3-ACGCTCGAGAGTTAGC,9
rna+H3K27me3-ACGCTCGAGATGAATC,5
rna+H3K27me3-ACGCTCGAGCCAAGAC,7
rna+H3K27me3-ACGCTCGACGGAAGAA,4
rna+H3K27me3-ACGCTCGAGTGACAAG,3
rna+H3K27me3-ACGCTCGAGAACCAGA,3
rna+H3K27me3-ACCTCCAAAACGTGAT,6
rna+H3K27me3-ACCTCCAAACAAGCTA,3
rna+H3K27me3-ACCTCCAATTGCTGGA,8
rna+H3K27me3-ACCTCCAACTGTAGCC,1
rna+H3K27me3-ACCTCCAAAGTACAAG,10
rna+H3K27me3-ACCTCCAAAACAACCA,2
rna+H3K27me3-ACCTCCAAAACCGAGA,4
rna+H3K27me3-ACCTCCAAAACGCTTA,5
rna+H3K27me3-ACCTCCAAAAGACGGA,3
rna+H3K27me3-ACCTCCAAAAGGTACA,1
rna+H3K27me3-ACCTCCAAACACAGAA,3
rna+H3K27me3-ACCTCCAAACAGCAGA,2
rna+H3K27me3-ACCTCCAAAAACATCG,5
rna+H3K27me3-ACCTCCAAACCTCCAA,1
rna+H3K27me3-ACCTCCAAACGCTCGA,1
rna+H3K27me3-ACCTCCAAACGTATCA,4
rna+H3K27me3-ACCTCCAAACTATGCA,2
rna+H3K27me3-ACCTCCAAAGAGTCAA,5
rna+H3K27me3-ACCTCCAAAGATCGCA,3
rna+H3K27me3-ACCTCCAAAGCAGGAA,3
rna+H3K27me3-ACCTCCAAAGTCACTA,5
rna+H3K27me3-ACCTCCAAATCCTGTA,0
rna+H3K27me3-ACCTCCAAATTGAGGA,4
rna+H3K27me3-ACCTCCAAATGCCTAA,1
rna+H3K27me3-ACCTCCAACAACCACA,4
rna+H3K27me3-ACCTCCAAGACTAGTA,0
rna+H3K27me3-ACCTCCAACAATGGAA,5
rna+H3K27me3-ACCTCCAACACTTCGA,14
rna+H3K27me3-ACCTCCAACAGCGTTA,0
rna+H3K27me3-ACCTCCAACATACCAA,0
rna+H3K27me3-ACCTCCAACCAGTTCA,0
rna+H3K27me3-ACCTCCAACCGAAGTA,0
rna+H3K27me3-ACCTCCAACCGTGAGA,0
rna+H3K27me3-ACCTCCAACCTCCTGA,0
rna+H3K27me3-ACCTCCAAAGTGGTCA,2
rna+H3K27me3-ACCTCCAACGAACTTA,0
rna+H3K27me3-ACCTCCAACGACTGGA,0
rna+H3K27me3-ACCTCCAACGCATACA,5
rna+H3K27me3-ACCTCCAACTCAATGA,0
rna+H3K27me3-ACCTCCAACTGAGCCA,0
rna+H3K27me3-ACCTCCAACTGGCATA,0
rna+H3K27me3-ACCTCCAAGAATCTGA,3
rna+H3K27me3-ACCTCCAACAAGACTA,0
rna+H3K27me3-ACCTCCAAGAGCTGAA,0
rna+H3K27me3-ACCTCCAAGATAGACA,0
rna+H3K27me3-ACCTCCAAACCACTGT,1
rna+H3K27me3-ACCTCCAAGCCACATA,7
rna+H3K27me3-ACCTCCAAGCGAGTAA,0
rna+H3K27me3-ACCTCCAAGCTAACGA,11
rna+H3K27me3-ACCTCCAAGCTCGGTA,0
rna+H3K27me3-ACCTCCAAGGAGAACA,5
rna+H3K27me3-ACCTCCAAGGTGCGAA,8
rna+H3K27me3-ACCTCCAAGTACGCAA,9
rna+H3K27me3-ACCTCCAAGTCGTAGA,0
rna+H3K27me3-ACCTCCAAGTCTGTCA,4
rna+H3K27me3-ACCTCCAAGTGTTCTA,4
rna+H3K27me3-ACCTCCAAACATTGGC,1
rna+H3K27me3-ACCTCCAATAGGATGA,9
rna+H3K27me3-ACCTCCAATATCAGCA,6
rna+H3K27me3-ACCTCCAATCCGTCTA,4
rna+H3K27me3-ACCTCCAATCTTCACA,4
rna+H3K27me3-ACCTCCAATGAAGAGA,4
rna+H3K27me3-ACCTCCAATGGAACAA,0
rna+H3K27me3-ACCTCCAATGGCTTCA,8
rna+H3K27me3-ACCTCCAATGGTGGTA,8
rna+H3K27me3-ACCTCCAATTCACGCA,8
rna+H3K27me3-ACCTCCAAAACTCACC,0
rna+H3K27me3-ACCTCCAACAGATCTG,3
rna+H3K27me3-ACCTCCAAAAGAGATC,14
rna+H3K27me3-ACCTCCAAAAGGACAC,8
rna+H3K27me3-ACCTCCAAAATCCGTC,12
rna+H3K27me3-ACCTCCAAAATGTTGC,6
rna+H3K27me3-ACCTCCAAACACGACC,7
rna+H3K27me3-ACCTCCAAACAGATTC,8
rna+H3K27me3-ACCTCCAAAGATGTAC,0
rna+H3K27me3-ACCTCCAAAGCACCTC,0
rna+H3K27me3-ACCTCCAAAGCCATGC,0
rna+H3K27me3-ACCTCCAAAGGCTAAC,8
rna+H3K27me3-ACCTCCAACATCAAGT,9
rna+H3K27me3-ACCTCCAAATAGCGAC,8
rna+H3K27me3-ACCTCCAAATCATTCC,8
rna+H3K27me3-ACCTCCAAATTGGCTC,8
rna+H3K27me3-ACCTCCAACAAGGAGC,7
rna+H3K27me3-ACCTCCAACACCTTAC,5
rna+H3K27me3-ACCTCCAACCATCCTC,8
rna+H3K27me3-ACCTCCAACCGACAAC,6
rna+H3K27me3-ACCTCCAACCTAATCC,9
rna+H3K27me3-ACCTCCAACCTCTATC,5
rna+H3K27me3-ACCTCCAACGACACAC,3
rna+H3K27me3-ACCTCCAACGCTGATC,1
rna+H3K27me3-ACCTCCAACGGATTGC,3
rna+H3K27me3-ACCTCCAACTAAGGTC,4
rna+H3K27me3-ACCTCCAAGAACAGGC,12
rna+H3K27me3-ACCTCCAAGACAGTGC,12
rna+H3K27me3-ACCTCCAAGAGTTAGC,4
rna+H3K27me3-ACCTCCAAGATGAATC,4
rna+H3K27me3-ACCTCCAAGCCAAGAC,11
rna+H3K27me3-ACCTCCAACGGAAGAA,3
rna+H3K27me3-ACCTCCAAGTGACAAG,5
rna+H3K27me3-ACCTCCAAGAACCAGA,6
rna+H3K27me3-ACAGCAGAAACGTGAT,3
rna+H3K27me3-ACAGCAGAACAAGCTA,2
rna+H3K27me3-ACAGCAGATTGCTGGA,10
rna+H3K27me3-ACAGCAGACTGTAGCC,1
rna+H3K27me3-ACAGCAGAAGTACAAG,6
rna+H3K27me3-ACAGCAGAAACAACCA,11
rna+H3K27me3-ACAGCAGAAACCGAGA,7
rna+H3K27me3-ACAGCAGAAACGCTTA,8
rna+H3K27me3-ACAGCAGAAAGACGGA,3
rna+H3K27me3-ACAGCAGAAAGGTACA,3
rna+H3K27me3-ACAGCAGAACACAGAA,5
rna+H3K27me3-ACAGCAGAACAGCAGA,2
rna+H3K27me3-ACAGCAGAAAACATCG,10
rna+H3K27me3-ACAGCAGAACCTCCAA,1
rna+H3K27me3-ACAGCAGAACGCTCGA,3
rna+H3K27me3-ACAGCAGAACGTATCA,9
rna+H3K27me3-ACAGCAGAACTATGCA,2
rna+H3K27me3-ACAGCAGAAGAGTCAA,1
rna+H3K27me3-ACAGCAGAAGATCGCA,3
rna+H3K27me3-ACAGCAGAAGCAGGAA,2
rna+H3K27me3-ACAGCAGAAGTCACTA,4
rna+H3K27me3-ACAGCAGAATCCTGTA,1
rna+H3K27me3-ACAGCAGAATTGAGGA,5
rna+H3K27me3-ACAGCAGAATGCCTAA,1
rna+H3K27me3-ACAGCAGACAACCACA,0
rna+H3K27me3-ACAGCAGAGACTAGTA,0
rna+H3K27me3-ACAGCAGACAATGGAA,0
rna+H3K27me3-ACAGCAGACACTTCGA,0
rna+H3K27me3-ACAGCAGACAGCGTTA,0
rna+H3K27me3-ACAGCAGACATACCAA,0
rna+H3K27me3-ACAGCAGACCAGTTCA,0
rna+H3K27me3-ACAGCAGACCGAAGTA,0
rna+H3K27me3-ACAGCAGACCGTGAGA,6
rna+H3K27me3-ACAGCAGACCTCCTGA,0
rna+H3K27me3-ACAGCAGAAGTGGTCA,12
rna+H3K27me3-ACAGCAGACGAACTTA,0
rna+H3K27me3-ACAGCAGACGACTGGA,0
rna+H3K27me3-ACAGCAGACGCATACA,0
rna+H3K27me3-ACAGCAGACTCAATGA,0
rna+H3K27me3-ACAGCAGACTGAGCCA,0
rna+H3K27me3-ACAGCAGACTGGCATA,0
rna+H3K27me3-ACAGCAGAGAATCTGA,0
rna+H3K27me3-ACAGCAGACAAGACTA,5
rna+H3K27me3-ACAGCAGAGAGCTGAA,0
rna+H3K27me3-ACAGCAGAGATAGACA,0
rna+H3K27me3-ACAGCAGAACCACTGT,1
rna+H3K27me3-ACAGCAGAGCCACATA,0
rna+H3K27me3-ACAGCAGAGCGAGTAA,6
rna+H3K27me3-ACAGCAGAGCTAACGA,0
rna+H3K27me3-ACAGCAGAGCTCGGTA,4
rna+H3K27me3-ACAGCAGAGGAGAACA,0
rna+H3K27me3-ACAGCAGAGGTGCGAA,0
rna+H3K27me3-ACAGCAGAGTACGCAA,5
rna+H3K27me3-ACAGCAGAGTCGTAGA,7
rna+H3K27me3-ACAGCAGAGTCTGTCA,9
rna+H3K27me3-ACAGCAGAGTGTTCTA,4
rna+H3K27me3-ACAGCAGAACATTGGC,3
rna+H3K27me3-ACAGCAGATAGGATGA,4
rna+H3K27me3-ACAGCAGATATCAGCA,4
rna+H3K27me3-ACAGCAGATCCGTCTA,4
rna+H3K27me3-ACAGCAGATCTTCACA,7
rna+H3K27me3-ACAGCAGATGAAGAGA,0
rna+H3K27me3-ACAGCAGATGGAACAA,0
rna+H3K27me3-ACAGCAGATGGCTTCA,0
rna+H3K27me3-ACAGCAGATGGTGGTA,6
rna+H3K27me3-ACAGCAGATTCACGCA,7
rna+H3K27me3-ACAGCAGAAACTCACC,0
rna+H3K27me3-ACAGCAGACAGATCTG,1
rna+H3K27me3-ACAGCAGAAAGAGATC,8
rna+H3K27me3-ACAGCAGAAAGGACAC,8
rna+H3K27me3-ACAGCAGAAATCCGTC,7
rna+H3K27me3-ACAGCAGAAATGTTGC,7
rna+H3K27me3-ACAGCAGAACACGACC,8
rna+H3K27me3-ACAGCAGAACAGATTC,0
rna+H3K27me3-ACAGCAGAAGATGTAC,8
rna+H3K27me3-ACAGCAGAAGCACCTC,8
rna+H3K27me3-ACAGCAGAAGCCATGC,8
rna+H3K27me3-ACAGCAGAAGGCTAAC,8
rna+H3K27me3-ACAGCAGACATCAAGT,5
rna+H3K27me3-ACAGCAGAATAGCGAC,8
rna+H3K27me3-ACAGCAGAATCATTCC,8
rna+H3K27me3-ACAGCAGAATTGGCTC,8
rna+H3K27me3-ACAGCAGACAAGGAGC,0
rna+H3K27me3-ACAGCAGACACCTTAC,9
rna+H3K27me3-ACAGCAGACCATCCTC,7
rna+H3K27me3-ACAGCAGACCGACAAC,8
rna+H3K27me3-ACAGCAGACCTAATCC,7
rna+H3K27me3-ACAGCAGACCTCTATC,6
rna+H3K27me3-ACAGCAGACGACACAC,4
rna+H3K27me3-ACAGCAGACGCTGATC,6
rna+H3K27me3-ACAGCAGACGGATTGC,7
rna+H3K27me3-ACAGCAGACTAAGGTC,7
rna+H3K27me3-ACAGCAGAGAACAGGC,11
rna+H3K27me3-ACAGCAGAGACAGTGC,7
rna+H3K27me3-ACAGCAGAGAGTTAGC,11
rna+H3K27me3-ACAGCAGAGATGAATC,3
rna+H3K27me3-ACAGCAGAGCCAAGAC,3
rna+H3K27me3-ACAGCAGACGGAAGAA,6
rna+H3K27me3-ACAGCAGAGTGACAAG,9
rna+H3K27me3-ACAGCAGAGAACCAGA,8
rna+H3K27me3-ACACAGAAAACGTGAT,13
rna+H3K27me3-ACACAGAAACAAGCTA,1
rna+H3K27me3-ACACAGAATTGCTGGA,9
rna+H3K27me3-ACACAGAACTGTAGCC,5
rna+H3K27me3-ACACAGAAAGTACAAG,5
rna+H3K27me3-ACACAGAAAACAACCA,4
rna+H3K27me3-ACACAGAAAACCGAGA,6
rna+H3K27me3-ACACAGAAAACGCTTA,4
rna+H3K27me3-ACACAGAAAAGACGGA,5
rna+H3K27me3-ACACAGAAAAGGTACA,1
rna+H3K27me3-ACACAGAAACACAGAA,2
rna+H3K27me3-ACACAGAAACAGCAGA,2
rna+H3K27me3-ACACAGAAAAACATCG,11
rna+H3K27me3-ACACAGAAACCTCCAA,5
rna+H3K27me3-ACACAGAAACGCTCGA,2
rna+H3K27me3-ACACAGAAACGTATCA,1
rna+H3K27me3-ACACAGAAACTATGCA,2
rna+H3K27me3-ACACAGAAAGAGTCAA,3
rna+H3K27me3-ACACAGAAAGATCGCA,2
rna+H3K27me3-ACACAGAAAGCAGGAA,7
rna+H3K27me3-ACACAGAAAGTCACTA,6
rna+H3K27me3-ACACAGAAATCCTGTA,11
rna+H3K27me3-ACACAGAAATTGAGGA,0
rna+H3K27me3-ACACAGAAATGCCTAA,5
rna+H3K27me3-ACACAGAACAACCACA,4
rna+H3K27me3-ACACAGAAGACTAGTA,0
rna+H3K27me3-ACACAGAACAATGGAA,0
rna+H3K27me3-ACACAGAACACTTCGA,0
rna+H3K27me3-ACACAGAACAGCGTTA,0
rna+H3K27me3-ACACAGAACATACCAA,0
rna+H3K27me3-ACACAGAACCAGTTCA,3
rna+H3K27me3-ACACAGAACCGAAGTA,3
rna+H3K27me3-ACACAGAACCGTGAGA,0
rna+H3K27me3-ACACAGAACCTCCTGA,0
rna+H3K27me3-ACACAGAAAGTGGTCA,4
rna+H3K27me3-ACACAGAACGAACTTA,0
rna+H3K27me3-ACACAGAACGACTGGA,0
rna+H3K27me3-ACACAGAACGCATACA,0
rna+H3K27me3-ACACAGAACTCAATGA,0
rna+H3K27me3-ACACAGAACTGAGCCA,12
rna+H3K27me3-ACACAGAACTGGCATA,0
rna+H3K27me3-ACACAGAAGAATCTGA,0
rna+H3K27me3-ACACAGAACAAGACTA,0
rna+H3K27me3-ACACAGAAGAGCTGAA,0
rna+H3K27me3-ACACAGAAGATAGACA,0
rna+H3K27me3-ACACAGAAACCACTGT,1
rna+H3K27me3-ACACAGAAGCCACATA,0
rna+H3K27me3-ACACAGAAGCGAGTAA,5
rna+H3K27me3-ACACAGAAGCTAACGA,0
rna+H3K27me3-ACACAGAAGCTCGGTA,0
rna+H3K27me3-ACACAGAAGGAGAACA,0
rna+H3K27me3-ACACAGAAGGTGCGAA,0
rna+H3K27me3-ACACAGAAGTACGCAA,0
rna+H3K27me3-ACACAGAAGTCGTAGA,0
rna+H3K27me3-ACACAGAAGTCTGTCA,4
rna+H3K27me3-ACACAGAAGTGTTCTA,4
rna+H3K27me3-ACACAGAAACATTGGC,2
rna+H3K27me3-ACACAGAATAGGATGA,4
rna+H3K27me3-ACACAGAATATCAGCA,9
rna+H3K27me3-ACACAGAATCCGTCTA,5
rna+H3K27me3-ACACAGAATCTTCACA,14
rna+H3K27me3-ACACAGAATGAAGAGA,0
rna+H3K27me3-ACACAGAATGGAACAA,0
rna+H3K27me3-ACACAGAATGGCTTCA,14
rna+H3K27me3-ACACAGAATGGTGGTA,7
rna+H3K27me3-ACACAGAATTCACGCA,7
rna+H3K27me3-ACACAGAAAACTCACC,7
rna+H3K27me3-ACACAGAACAGATCTG,1
rna+H3K27me3-ACACAGAAAAGAGATC,0
rna+H3K27me3-ACACAGAAAAGGACAC,7
rna+H3K27me3-ACACAGAAAATCCGTC,0
rna+H3K27me3-ACACAGAAAATGTTGC,5
rna+H3K27me3-ACACAGAAACACGACC,7
rna+H3K27me3-ACACAGAAACAGATTC,0
rna+H3K27me3-ACACAGAAAGATGTAC,8
rna+H3K27me3-ACACAGAAAGCACCTC,8
rna+H3K27me3-ACACAGAAAGCCATGC,8
rna+H3K27me3-ACACAGAAAGGCTAAC,8
rna+H3K27me3-ACACAGAACATCAAGT,1
rna+H3K27me3-ACACAGAAATAGCGAC,8
rna+H3K27me3-ACACAGAAATCATTCC,8
rna+H3K27me3-ACACAGAAATTGGCTC,8
rna+H3K27me3-ACACAGAACAAGGAGC,7
rna+H3K27me3-ACACAGAACACCTTAC,6
rna+H3K27me3-ACACAGAACCATCCTC,8
rna+H3K27me3-ACACAGAACCGACAAC,4
rna+H3K27me3-ACACAGAACCTAATCC,7
rna+H3K27me3-ACACAGAACCTCTATC,4
rna+H3K27me3-ACACAGAACGACACAC,3
rna+H3K27me3-ACACAGAACGCTGATC,1
rna+H3K27me3-ACACAGAACGGATTGC,10
rna+H3K27me3-ACACAGAACTAAGGTC,3
rna+H3K27me3-ACACAGAAGAACAGGC,11
rna+H3K27me3-ACACAGAAGACAGTGC,3
rna+H3K27me3-ACACAGAAGAGTTAGC,8
rna+H3K27me3-ACACAGAAGATGAATC,9
rna+H3K27me3-ACACAGAAGCCAAGAC,7
rna+H3K27me3-ACACAGAACGGAAGAA,13
rna+H3K27me3-ACACAGAAGTGACAAG,3
rna+H3K27me3-ACACAGAAGAACCAGA,8
rna+H3K27me3-AAGGTACAAACGTGAT,3
rna+H3K27me3-AAGGTACAACAAGCTA,1
rna+H3K27me3-AAGGTACATTGCTGGA,7
rna+H3K27me3-AAGGTACACTGTAGCC,13
rna+H3K27me3-AAGGTACAAGTACAAG,5
rna+H3K27me3-AAGGTACAAACAACCA,6
rna+H3K27me3-AAGGTACAAACCGAGA,3
rna+H3K27me3-AAGGTACAAACGCTTA,2
rna+H3K27me3-AAGGTACAAAGACGGA,2
rna+H3K27me3-AAGGTACAAAGGTACA,5
rna+H3K27me3-AAGGTACAACACAGAA,1
rna+H3K27me3-AAGGTACAACAGCAGA,5
rna+H3K27me3-AAGGTACAAAACATCG,3
rna+H3K27me3-AAGGTACAACCTCCAA,3
rna+H3K27me3-AAGGTACAACGCTCGA,2
rna+H3K27me3-AAGGTACAACGTATCA,13
rna+H3K27me3-AAGGTACAACTATGCA,3
rna+H3K27me3-AAGGTACAAGAGTCAA,5
rna+H3K27me3-AAGGTACAAGATCGCA,5
rna+H3K27me3-AAGGTACAAGCAGGAA,5
rna+H3K27me3-AAGGTACAAGTCACTA,8
rna+H3K27me3-AAGGTACAATCCTGTA,0
rna+H3K27me3-AAGGTACAATTGAGGA,0
rna+H3K27me3-AAGGTACAATGCCTAA,6
rna+H3K27me3-AAGGTACACAACCACA,0
rna+H3K27me3-AAGGTACAGACTAGTA,0
rna+H3K27me3-AAGGTACACAATGGAA,6
rna+H3K27me3-AAGGTACACACTTCGA,0
rna+H3K27me3-AAGGTACACAGCGTTA,0
rna+H3K27me3-AAGGTACACATACCAA,5
rna+H3K27me3-AAGGTACACCAGTTCA,0
rna+H3K27me3-AAGGTACACCGAAGTA,5
rna+H3K27me3-AAGGTACACCGTGAGA,0
rna+H3K27me3-AAGGTACACCTCCTGA,0
rna+H3K27me3-AAGGTACAAGTGGTCA,7
rna+H3K27me3-AAGGTACACGAACTTA,0
rna+H3K27me3-AAGGTACACGACTGGA,0
rna+H3K27me3-AAGGTACACGCATACA,0
rna+H3K27me3-AAGGTACACTCAATGA,4
rna+H3K27me3-AAGGTACACTGAGCCA,0
rna+H3K27me3-AAGGTACACTGGCATA,0
rna+H3K27me3-AAGGTACAGAATCTGA,0
rna+H3K27me3-AAGGTACACAAGACTA,0
rna+H3K27me3-AAGGTACAGAGCTGAA,0
rna+H3K27me3-AAGGTACAGATAGACA,8
rna+H3K27me3-AAGGTACAACCACTGT,1
rna+H3K27me3-AAGGTACAGCCACATA,0
rna+H3K27me3-AAGGTACAGCGAGTAA,0
rna+H3K27me3-AAGGTACAGCTAACGA,0
rna+H3K27me3-AAGGTACAGCTCGGTA,0
rna+H3K27me3-AAGGTACAGGAGAACA,8
rna+H3K27me3-AAGGTACAGGTGCGAA,0
rna+H3K27me3-AAGGTACAGTACGCAA,0
rna+H3K27me3-AAGGTACAGTCGTAGA,0
rna+H3K27me3-AAGGTACAGTCTGTCA,6
rna+H3K27me3-AAGGTACAGTGTTCTA,9
rna+H3K27me3-AAGGTACAACATTGGC,5
rna+H3K27me3-AAGGTACATAGGATGA,5
rna+H3K27me3-AAGGTACATATCAGCA,0
rna+H3K27me3-AAGGTACATCCGTCTA,0
rna+H3K27me3-AAGGTACATCTTCACA,0
rna+H3K27me3-AAGGTACATGAAGAGA,0
rna+H3K27me3-AAGGTACATGGAACAA,8
rna+H3K27me3-AAGGTACATGGCTTCA,8
rna+H3K27me3-AAGGTACATGGTGGTA,7
rna+H3K27me3-AAGGTACATTCACGCA,8
rna+H3K27me3-AAGGTACAAACTCACC,9
rna+H3K27me3-AAGGTACACAGATCTG,1
rna+H3K27me3-AAGGTACAAAGAGATC,9
rna+H3K27me3-AAGGTACAAAGGACAC,7
rna+H3K27me3-AAGGTACAAATCCGTC,9
rna+H3K27me3-AAGGTACAAATGTTGC,8
rna+H3K27me3-AAGGTACAACACGACC,8
rna+H3K27me3-AAGGTACAACAGATTC,0
rna+H3K27me3-AAGGTACAAGATGTAC,0
rna+H3K27me3-AAGGTACAAGCACCTC,0
rna+H3K27me3-AAGGTACAAGCCATGC,8
rna+H3K27me3-AAGGTACAAGGCTAAC,8
rna+H3K27me3-AAGGTACACATCAAGT,1
rna+H3K27me3-AAGGTACAATAGCGAC,8
rna+H3K27me3-AAGGTACAATCATTCC,8
rna+H3K27me3-AAGGTACAATTGGCTC,8
rna+H3K27me3-AAGGTACACAAGGAGC,7
rna+H3K27me3-AAGGTACACACCTTAC,3
rna+H3K27me3-AAGGTACACCATCCTC,6
rna+H3K27me3-AAGGTACACCGACAAC,6
rna+H3K27me3-AAGGTACACCTAATCC,4
rna+H3K27me3-AAGGTACACCTCTATC,11
rna+H3K27me3-AAGGTACACGACACAC,7
rna+H3K27me3-AAGGTACACGCTGATC,1
rna+H3K27me3-AAGGTACACGGATTGC,11
rna+H3K27me3-AAGGTACACTAAGGTC,3
rna+H3K27me3-AAGGTACAGAACAGGC,8
rna+H3K27me3-AAGGTACAGACAGTGC,3
rna+H3K27me3-AAGGTACAGAGTTAGC,4
rna+H3K27me3-AAGGTACAGATGAATC,9
rna+H3K27me3-AAGGTACAGCCAAGAC,4
rna+H3K27me3-AAGGTACACGGAAGAA,3
rna+H3K27me3-AAGGTACAGTGACAAG,11
rna+H3K27me3-AAGGTACAGAACCAGA,3
rna+H3K27me3-AAGACGGAAACGTGAT,3
rna+H3K27me3-AAGACGGAACAAGCTA,12
rna+H3K27me3-AAGACGGATTGCTGGA,7
rna+H3K27me3-AAGACGGACTGTAGCC,1
rna+H3K27me3-AAGACGGAAGTACAAG,13
rna+H3K27me3-AAGACGGAAACAACCA,11
rna+H3K27me3-AAGACGGAAACCGAGA,5
rna+H3K27me3-AAGACGGAAACGCTTA,1
rna+H3K27me3-AAGACGGAAAGACGGA,2
rna+H3K27me3-AAGACGGAAAGGTACA,5
rna+H3K27me3-AAGACGGAACACAGAA,5
rna+H3K27me3-AAGACGGAACAGCAGA,4
rna+H3K27me3-AAGACGGAAAACATCG,6
rna+H3K27me3-AAGACGGAACCTCCAA,4
rna+H3K27me3-AAGACGGAACGCTCGA,9
rna+H3K27me3-AAGACGGAACGTATCA,1
rna+H3K27me3-AAGACGGAACTATGCA,2
rna+H3K27me3-AAGACGGAAGAGTCAA,6
rna+H3K27me3-AAGACGGAAGATCGCA,5
rna+H3K27me3-AAGACGGAAGCAGGAA,0
rna+H3K27me3-AAGACGGAAGTCACTA,3
rna+H3K27me3-AAGACGGAATCCTGTA,2
rna+H3K27me3-AAGACGGAATTGAGGA,3
rna+H3K27me3-AAGACGGAATGCCTAA,7
rna+H3K27me3-AAGACGGACAACCACA,0
rna+H3K27me3-AAGACGGAGACTAGTA,0
rna+H3K27me3-AAGACGGACAATGGAA,0
rna+H3K27me3-AAGACGGACACTTCGA,0
rna+H3K27me3-AAGACGGACAGCGTTA,7
rna+H3K27me3-AAGACGGACATACCAA,7
rna+H3K27me3-AAGACGGACCAGTTCA,5
rna+H3K27me3-AAGACGGACCGAAGTA,2
rna+H3K27me3-AAGACGGACCGTGAGA,0
rna+H3K27me3-AAGACGGACCTCCTGA,5
rna+H3K27me3-AAGACGGAAGTGGTCA,4
rna+H3K27me3-AAGACGGACGAACTTA,0
rna+H3K27me3-AAGACGGACGACTGGA,0
rna+H3K27me3-AAGACGGACGCATACA,0
rna+H3K27me3-AAGACGGACTCAATGA,0
rna+H3K27me3-AAGACGGACTGAGCCA,0
rna+H3K27me3-AAGACGGACTGGCATA,0
rna+H3K27me3-AAGACGGAGAATCTGA,0
rna+H3K27me3-AAGACGGACAAGACTA,0
rna+H3K27me3-AAGACGGAGAGCTGAA,0
rna+H3K27me3-AAGACGGAGATAGACA,8
rna+H3K27me3-AAGACGGAACCACTGT,6
rna+H3K27me3-AAGACGGAGCCACATA,0
rna+H3K27me3-AAGACGGAGCGAGTAA,0
rna+H3K27me3-AAGACGGAGCTAACGA,0
rna+H3K27me3-AAGACGGAGCTCGGTA,0
rna+H3K27me3-AAGACGGAGGAGAACA,0
rna+H3K27me3-AAGACGGAGGTGCGAA,0
rna+H3K27me3-AAGACGGAGTACGCAA,0
rna+H3K27me3-AAGACGGAGTCGTAGA,0
rna+H3K27me3-AAGACGGAGTCTGTCA,6
rna+H3K27me3-AAGACGGAGTGTTCTA,4
rna+H3K27me3-AAGACGGAACATTGGC,8
rna+H3K27me3-AAGACGGATAGGATGA,0
rna+H3K27me3-AAGACGGATATCAGCA,0
rna+H3K27me3-AAGACGGATCCGTCTA,0
rna+H3K27me3-AAGACGGATCTTCACA,0
rna+H3K27me3-AAGACGGATGAAGAGA,0
rna+H3K27me3-AAGACGGATGGAACAA,0
rna+H3K27me3-AAGACGGATGGCTTCA,0
rna+H3K27me3-AAGACGGATGGTGGTA,11
rna+H3K27me3-AAGACGGATTCACGCA,8
rna+H3K27me3-AAGACGGAAACTCACC,9
rna+H3K27me3-AAGACGGACAGATCTG,2
rna+H3K27me3-AAGACGGAAAGAGATC,0
rna+H3K27me3-AAGACGGAAAGGACAC,8
rna+H3K27me3-AAGACGGAAATCCGTC,11
rna+H3K27me3-AAGACGGAAATGTTGC,8
rna+H3K27me3-AAGACGGAACACGACC,3
rna+H3K27me3-AAGACGGAACAGATTC,8
rna+H3K27me3-AAGACGGAAGATGTAC,8
rna+H3K27me3-AAGACGGAAGCACCTC,8
rna+H3K27me3-AAGACGGAAGCCATGC,8
rna+H3K27me3-AAGACGGAAGGCTAAC,8
rna+H3K27me3-AAGACGGACATCAAGT,1
rna+H3K27me3-AAGACGGAATAGCGAC,8
rna+H3K27me3-AAGACGGAATCATTCC,8
rna+H3K27me3-AAGACGGAATTGGCTC,3
rna+H3K27me3-AAGACGGACAAGGAGC,10
rna+H3K27me3-AAGACGGACACCTTAC,6
rna+H3K27me3-AAGACGGACCATCCTC,4
rna+H3K27me3-AAGACGGACCGACAAC,5
rna+H3K27me3-AAGACGGACCTAATCC,4
rna+H3K27me3-AAGACGGACCTCTATC,8
rna+H3K27me3-AAGACGGACGACACAC,3
rna+H3K27me3-AAGACGGACGCTGATC,3
rna+H3K27me3-AAGACGGACGGATTGC,11
rna+H3K27me3-AAGACGGACTAAGGTC,4
rna+H3K27me3-AAGACGGAGAACAGGC,7
rna+H3K27me3-AAGACGGAGACAGTGC,3
rna+H3K27me3-AAGACGGAGAGTTAGC,3
rna+H3K27me3-AAGACGGAGATGAATC,3
rna+H3K27me3-AAGACGGAGCCAAGAC,4
rna+H3K27me3-AAGACGGACGGAAGAA,4
rna+H3K27me3-AAGACGGAGTGACAAG,5
rna+H3K27me3-AAGACGGAGAACCAGA,8
rna+H3K27me3-AACGCTTAAACGTGAT,3
rna+H3K27me3-AACGCTTAACAAGCTA,6
rna+H3K27me3-AACGCTTATTGCTGGA,4
rna+H3K27me3-AACGCTTACTGTAGCC,11
rna+H3K27me3-AACGCTTAAGTACAAG,6
rna+H3K27me3-AACGCTTAAACAACCA,9
rna+H3K27me3-AACGCTTAAACCGAGA,9
rna+H3K27me3-AACGCTTAAACGCTTA,5
rna+H3K27me3-AACGCTTAAAGACGGA,6
rna+H3K27me3-AACGCTTAAAGGTACA,2
rna+H3K27me3-AACGCTTAACACAGAA,5
rna+H3K27me3-AACGCTTAACAGCAGA,1
rna+H3K27me3-AACGCTTAAAACATCG,3
rna+H3K27me3-AACGCTTAACCTCCAA,1
rna+H3K27me3-AACGCTTAACGCTCGA,7
rna+H3K27me3-AACGCTTAACGTATCA,3
rna+H3K27me3-AACGCTTAACTATGCA,3
rna+H3K27me3-AACGCTTAAGAGTCAA,3
rna+H3K27me3-AACGCTTAAGATCGCA,7
rna+H3K27me3-AACGCTTAAGCAGGAA,3
rna+H3K27me3-AACGCTTAAGTCACTA,1
rna+H3K27me3-AACGCTTAATCCTGTA,10
rna+H3K27me3-AACGCTTAATTGAGGA,4
rna+H3K27me3-AACGCTTAATGCCTAA,3
rna+H3K27me3-AACGCTTACAACCACA,0
rna+H3K27me3-AACGCTTAGACTAGTA,0
rna+H3K27me3-AACGCTTACAATGGAA,0
rna+H3K27me3-AACGCTTACACTTCGA,5
rna+H3K27me3-AACGCTTACAGCGTTA,0
rna+H3K27me3-AACGCTTACATACCAA,0
rna+H3K27me3-AACGCTTACCAGTTCA,8
rna+H3K27me3-AACGCTTACCGAAGTA,0
rna+H3K27me3-AACGCTTACCGTGAGA,5
rna+H3K27me3-AACGCTTACCTCCTGA,3
rna+H3K27me3-AACGCTTAAGTGGTCA,2
rna+H3K27me3-AACGCTTACGAACTTA,4
rna+H3K27me3-AACGCTTACGACTGGA,0
rna+H3K27me3-AACGCTTACGCATACA,3
rna+H3K27me3-AACGCTTACTCAATGA,10
rna+H3K27me3-AACGCTTACTGAGCCA,12
rna+H3K27me3-AACGCTTACTGGCATA,0
rna+H3K27me3-AACGCTTAGAATCTGA,0
rna+H3K27me3-AACGCTTACAAGACTA,0
rna+H3K27me3-AACGCTTAGAGCTGAA,0
rna+H3K27me3-AACGCTTAGATAGACA,0
rna+H3K27me3-AACGCTTAACCACTGT,5
rna+H3K27me3-AACGCTTAGCCACATA,0
rna+H3K27me3-AACGCTTAGCGAGTAA,0
rna+H3K27me3-AACGCTTAGCTAACGA,0
rna+H3K27me3-AACGCTTAGCTCGGTA,0
rna+H3K27me3-AACGCTTAGGAGAACA,0
rna+H3K27me3-AACGCTTAGGTGCGAA,10
rna+H3K27me3-AACGCTTAGTACGCAA,3
rna+H3K27me3-AACGCTTAGTCGTAGA,0
rna+H3K27me3-AACGCTTAGTCTGTCA,0
rna+H3K27me3-AACGCTTAGTGTTCTA,0
rna+H3K27me3-AACGCTTAACATTGGC,10
rna+H3K27me3-AACGCTTATAGGATGA,0
rna+H3K27me3-AACGCTTATATCAGCA,0
rna+H3K27me3-AACGCTTATCCGTCTA,0
rna+H3K27me3-AACGCTTATCTTCACA,0
rna+H3K27me3-AACGCTTATGAAGAGA,7
rna+H3K27me3-AACGCTTATGGAACAA,7
rna+H3K27me3-AACGCTTATGGCTTCA,11
rna+H3K27me3-AACGCTTATGGTGGTA,0
rna+H3K27me3-AACGCTTATTCACGCA,8
rna+H3K27me3-AACGCTTAAACTCACC,0
rna+H3K27me3-AACGCTTACAGATCTG,1
rna+H3K27me3-AACGCTTAAAGAGATC,0
rna+H3K27me3-AACGCTTAAAGGACAC,3
rna+H3K27me3-AACGCTTAAATCCGTC,9
rna+H3K27me3-AACGCTTAAATGTTGC,8
rna+H3K27me3-AACGCTTAACACGACC,0
rna+H3K27me3-AACGCTTAACAGATTC,8
rna+H3K27me3-AACGCTTAAGATGTAC,0
rna+H3K27me3-AACGCTTAAGCACCTC,9
rna+H3K27me3-AACGCTTAAGCCATGC,7
rna+H3K27me3-AACGCTTAAGGCTAAC,8
rna+H3K27me3-AACGCTTACATCAAGT,1
rna+H3K27me3-AACGCTTAATAGCGAC,8
rna+H3K27me3-AACGCTTAATCATTCC,8
rna+H3K27me3-AACGCTTAATTGGCTC,8
rna+H3K27me3-AACGCTTACAAGGAGC,7
rna+H3K27me3-AACGCTTACACCTTAC,10
rna+H3K27me3-AACGCTTACCATCCTC,4
rna+H3K27me3-AACGCTTACCGACAAC,8
rna+H3K27me3-AACGCTTACCTAATCC,3
rna+H3K27me3-AACGCTTACCTCTATC,3
rna+H3K27me3-AACGCTTACGACACAC,3
rna+H3K27me3-AACGCTTACGCTGATC,1
rna+H3K27me3-AACGCTTACGGATTGC,4
rna+H3K27me3-AACGCTTACTAAGGTC,6
rna+H3K27me3-AACGCTTAGAACAGGC,3
rna+H3K27me3-AACGCTTAGACAGTGC,4
rna+H3K27me3-AACGCTTAGAGTTAGC,9
rna+H3K27me3-AACGCTTAGATGAATC,11
rna+H3K27me3-AACGCTTAGCCAAGAC,7
rna+H3K27me3-AACGCTTACGGAAGAA,9
rna+H3K27me3-AACGCTTAGTGACAAG,9
rna+H3K27me3-AACGCTTAGAACCAGA,13
rna+H3K27me3-AACCGAGAAACGTGAT,3
rna+H3K27me3-AACCGAGAACAAGCTA,5
rna+H3K27me3-AACCGAGATTGCTGGA,7
rna+H3K27me3-AACCGAGACTGTAGCC,1
rna+H3K27me3-AACCGAGAAGTACAAG,7
rna+H3K27me3-AACCGAGAAACAACCA,4
rna+H3K27me3-AACCGAGAAACCGAGA,5
rna+H3K27me3-AACCGAGAAACGCTTA,1
rna+H3K27me3-AACCGAGAAAGACGGA,2
rna+H3K27me3-AACCGAGAAAGGTACA,12
rna+H3K27me3-AACCGAGAACACAGAA,12
rna+H3K27me3-AACCGAGAACAGCAGA,2
rna+H3K27me3-AACCGAGAAAACATCG,3
rna+H3K27me3-AACCGAGAACCTCCAA,3
rna+H3K27me3-AACCGAGAACGCTCGA,5
rna+H3K27me3-AACCGAGAACGTATCA,14
rna+H3K27me3-AACCGAGAACTATGCA,3
rna+H3K27me3-AACCGAGAAGAGTCAA,5
rna+H3K27me3-AACCGAGAAGATCGCA,3
rna+H3K27me3-AACCGAGAAGCAGGAA,7
rna+H3K27me3-AACCGAGAAGTCACTA,8
rna+H3K27me3-AACCGAGAATCCTGTA,3
rna+H3K27me3-AACCGAGAATTGAGGA,8
rna+H3K27me3-AACCGAGAATGCCTAA,6
rna+H3K27me3-AACCGAGACAACCACA,3
rna+H3K27me3-AACCGAGAGACTAGTA,0
rna+H3K27me3-AACCGAGACAATGGAA,0
rna+H3K27me3-AACCGAGACACTTCGA,0
rna+H3K27me3-AACCGAGACAGCGTTA,0
rna+H3K27me3-AACCGAGACATACCAA,0
rna+H3K27me3-AACCGAGACCAGTTCA,7
rna+H3K27me3-AACCGAGACCGAAGTA,11
rna+H3K27me3-AACCGAGACCGTGAGA,7
rna+H3K27me3-AACCGAGACCTCCTGA,0
rna+H3K27me3-AACCGAGAAGTGGTCA,6
rna+H3K27me3-AACCGAGACGAACTTA,0
rna+H3K27me3-AACCGAGACGACTGGA,14
rna+H3K27me3-AACCGAGACGCATACA,0
rna+H3K27me3-AACCGAGACTCAATGA,0
rna+H3K27me3-AACCGAGACTGAGCCA,0
rna+H3K27me3-AACCGAGACTGGCATA,0
rna+H3K27me3-AACCGAGAGAATCTGA,0
rna+H3K27me3-AACCGAGACAAGACTA,0
rna+H3K27me3-AACCGAGAGAGCTGAA,0
rna+H3K27me3-AACCGAGAGATAGACA,0
rna+H3K27me3-AACCGAGAACCACTGT,6
rna+H3K27me3-AACCGAGAGCCACATA,0
rna+H3K27me3-AACCGAGAGCGAGTAA,0
rna+H3K27me3-AACCGAGAGCTAACGA,0
rna+H3K27me3-AACCGAGAGCTCGGTA,0
rna+H3K27me3-AACCGAGAGGAGAACA,3
rna+H3K27me3-AACCGAGAGGTGCGAA,0
rna+H3K27me3-AACCGAGAGTACGCAA,12
rna+H3K27me3-AACCGAGAGTCGTAGA,0
rna+H3K27me3-AACCGAGAGTCTGTCA,0
rna+H3K27me3-AACCGAGAGTGTTCTA,0
rna+H3K27me3-AACCGAGAACATTGGC,1
rna+H3K27me3-AACCGAGATAGGATGA,0
rna+H3K27me3-AACCGAGATATCAGCA,0
rna+H3K27me3-AACCGAGATCCGTCTA,0
rna+H3K27me3-AACCGAGATCTTCACA,0
rna+H3K27me3-AACCGAGATGAAGAGA,0
rna+H3K27me3-AACCGAGATGGAACAA,0
rna+H3K27me3-AACCGAGATGGCTTCA,10
rna+H3K27me3-AACCGAGATGGTGGTA,8
rna+H3K27me3-AACCGAGATTCACGCA,8
rna+H3K27me3-AACCGAGAAACTCACC,0
rna+H3K27me3-AACCGAGACAGATCTG,1
rna+H3K27me3-AACCGAGAAAGAGATC,0
rna+H3K27me3-AACCGAGAAAGGACAC,3
rna+H3K27me3-AACCGAGAAATCCGTC,8
rna+H3K27me3-AACCGAGAAATGTTGC,7
rna+H3K27me3-AACCGAGAACACGACC,8
rna+H3K27me3-AACCGAGAACAGATTC,8
rna+H3K27me3-AACCGAGAAGATGTAC,0
rna+H3K27me3-AACCGAGAAGCACCTC,3
rna+H3K27me3-AACCGAGAAGCCATGC,8
rna+H3K27me3-AACCGAGAAGGCTAAC,8
rna+H3K27me3-AACCGAGACATCAAGT,1
rna+H3K27me3-AACCGAGAATAGCGAC,8
rna+H3K27me3-AACCGAGAATCATTCC,8
rna+H3K27me3-AACCGAGAATTGGCTC,8
rna+H3K27me3-AACCGAGACAAGGAGC,8
rna+H3K27me3-AACCGAGACACCTTAC,7
rna+H3K27me3-AACCGAGACCATCCTC,3
rna+H3K27me3-AACCGAGACCGACAAC,12
rna+H3K27me3-AACCGAGACCTAATCC,7
rna+H3K27me3-AACCGAGACCTCTATC,7
rna+H3K27me3-AACCGAGACGACACAC,4
rna+H3K27me3-AACCGAGACGCTGATC,1
rna+H3K27me3-AACCGAGACGGATTGC,3
rna+H3K27me3-AACCGAGACTAAGGTC,3
rna+H3K27me3-AACCGAGAGAACAGGC,7
rna+H3K27me3-AACCGAGAGACAGTGC,7
rna+H3K27me3-AACCGAGAGAGTTAGC,7
rna+H3K27me3-AACCGAGAGATGAATC,5
rna+H3K27me3-AACCGAGAGCCAAGAC,14
rna+H3K27me3-AACCGAGACGGAAGAA,4
rna+H3K27me3-AACCGAGAGTGACAAG,11
rna+H3K27me3-AACCGAGAGAACCAGA,4
rna+H3K27me3-AACAACCAAACGTGAT,3
rna+H3K27me3-AACAACCAACAAGCTA,1
rna+H3K27me3-AACAACCATTGCTGGA,7
rna+H3K27me3-AACAACCACTGTAGCC,1
rna+H3K27me3-AACAACCAAGTACAAG,10
rna+H3K27me3-AACAACCAAACAACCA,9
rna+H3K27me3-AACAACCAAACCGAGA,3
rna+H3K27me3-AACAACCAAACGCTTA,11
rna+H3K27me3-AACAACCAAAGACGGA,2
rna+H3K27me3-AACAACCAAAGGTACA,2
rna+H3K27me3-AACAACCAACACAGAA,6
rna+H3K27me3-AACAACCAACAGCAGA,12
rna+H3K27me3-AACAACCAAAACATCG,3
rna+H3K27me3-AACAACCAACCTCCAA,5
rna+H3K27me3-AACAACCAACGCTCGA,2
rna+H3K27me3-AACAACCAACGTATCA,0
rna+H3K27me3-AACAACCAACTATGCA,2
rna+H3K27me3-AACAACCAAGAGTCAA,5
rna+H3K27me3-AACAACCAAGATCGCA,1
rna+H3K27me3-AACAACCAAGCAGGAA,6
rna+H3K27me3-AACAACCAAGTCACTA,1
rna+H3K27me3-AACAACCAATCCTGTA,5
rna+H3K27me3-AACAACCAATTGAGGA,9
rna+H3K27me3-AACAACCAATGCCTAA,5
rna+H3K27me3-AACAACCACAACCACA,0
rna+H3K27me3-AACAACCAGACTAGTA,0
rna+H3K27me3-AACAACCACAATGGAA,0
rna+H3K27me3-AACAACCACACTTCGA,0
rna+H3K27me3-AACAACCACAGCGTTA,0
rna+H3K27me3-AACAACCACATACCAA,0
rna+H3K27me3-AACAACCACCAGTTCA,3
rna+H3K27me3-AACAACCACCGAAGTA,3
rna+H3K27me3-AACAACCACCGTGAGA,0
rna+H3K27me3-AACAACCACCTCCTGA,0
rna+H3K27me3-AACAACCAAGTGGTCA,9
rna+H3K27me3-AACAACCACGAACTTA,0
rna+H3K27me3-AACAACCACGACTGGA,3
rna+H3K27me3-AACAACCACGCATACA,9
rna+H3K27me3-AACAACCACTCAATGA,13
rna+H3K27me3-AACAACCACTGAGCCA,0
rna+H3K27me3-AACAACCACTGGCATA,0
rna+H3K27me3-AACAACCAGAATCTGA,0
rna+H3K27me3-AACAACCACAAGACTA,3
rna+H3K27me3-AACAACCAGAGCTGAA,0
rna+H3K27me3-AACAACCAGATAGACA,0
rna+H3K27me3-AACAACCAACCACTGT,3
rna+H3K27me3-AACAACCAGCCACATA,0
rna+H3K27me3-AACAACCAGCGAGTAA,5
rna+H3K27me3-AACAACCAGCTAACGA,0
rna+H3K27me3-AACAACCAGCTCGGTA,0
rna+H3K27me3-AACAACCAGGAGAACA,0
rna+H3K27me3-AACAACCAGGTGCGAA,5
rna+H3K27me3-AACAACCAGTACGCAA,0
rna+H3K27me3-AACAACCAGTCGTAGA,0
rna+H3K27me3-AACAACCAGTCTGTCA,0
rna+H3K27me3-AACAACCAGTGTTCTA,13
rna+H3K27me3-AACAACCAACATTGGC,6
rna+H3K27me3-AACAACCATAGGATGA,0
rna+H3K27me3-AACAACCATATCAGCA,0
rna+H3K27me3-AACAACCATCCGTCTA,0
rna+H3K27me3-AACAACCATCTTCACA,0
rna+H3K27me3-AACAACCATGAAGAGA,0
rna+H3K27me3-AACAACCATGGAACAA,6
rna+H3K27me3-AACAACCATGGCTTCA,0
rna+H3K27me3-AACAACCATGGTGGTA,0
rna+H3K27me3-AACAACCATTCACGCA,8
rna+H3K27me3-AACAACCAAACTCACC,8
rna+H3K27me3-AACAACCACAGATCTG,1
rna+H3K27me3-AACAACCAAAGAGATC,0
rna+H3K27me3-AACAACCAAAGGACAC,0
rna+H3K27me3-AACAACCAAATCCGTC,8
rna+H3K27me3-AACAACCAAATGTTGC,8
rna+H3K27me3-AACAACCAACACGACC,0
rna+H3K27me3-AACAACCAACAGATTC,8
rna+H3K27me3-AACAACCAAGATGTAC,8
rna+H3K27me3-AACAACCAAGCACCTC,0
rna+H3K27me3-AACAACCAAGCCATGC,8
rna+H3K27me3-AACAACCAAGGCTAAC,8
rna+H3K27me3-AACAACCACATCAAGT,1
rna+H3K27me3-AACAACCAATAGCGAC,8
rna+H3K27me3-AACAACCAATCATTCC,8
rna+H3K27me3-AACAACCAATTGGCTC,8
rna+H3K27me3-AACAACCACAAGGAGC,9
rna+H3K27me3-AACAACCACACCTTAC,5
rna+H3K27me3-AACAACCACCATCCTC,7
rna+H3K27me3-AACAACCACCGACAAC,3
rna+H3K27me3-AACAACCACCTAATCC,7
rna+H3K27me3-AACAACCACCTCTATC,3
rna+H3K27me3-AACAACCACGACACAC,8
rna+H3K27me3-AACAACCACGCTGATC,1
rna+H3K27me3-AACAACCACGGATTGC,9
rna+H3K27me3-AACAACCACTAAGGTC,4
rna+H3K27me3-AACAACCAGAACAGGC,8
rna+H3K27me3-AACAACCAGACAGTGC,4
rna+H3K27me3-AACAACCAGAGTTAGC,5
rna+H3K27me3-AACAACCAGATGAATC,4
rna+H3K27me3-AACAACCAGCCAAGAC,3
rna+H3K27me3-AACAACCACGGAAGAA,2
rna+H3K27me3-AACAACCAGTGACAAG,7
rna+H3K27me3-AACAACCAGAACCAGA,8
rna+H3K27me3-AGTACAAGAACGTGAT,3
rna+H3K27me3-AGTACAAGACAAGCTA,1
rna+H3K27me3-AGTACAAGTTGCTGGA,4
rna+H3K27me3-AGTACAAGCTGTAGCC,2
rna+H3K27me3-AGTACAAGAGTACAAG,1
rna+H3K27me3-AGTACAAGAACAACCA,5
rna+H3K27me3-AGTACAAGAACCGAGA,8
rna+H3K27me3-AGTACAAGAACGCTTA,13
rna+H3K27me3-AGTACAAGAAGACGGA,3
rna+H3K27me3-AGTACAAGAAGGTACA,4
rna+H3K27me3-AGTACAAGACACAGAA,2
rna+H3K27me3-AGTACAAGACAGCAGA,2
rna+H3K27me3-AGTACAAGAAACATCG,3
rna+H3K27me3-AGTACAAGACCTCCAA,1
rna+H3K27me3-AGTACAAGACGCTCGA,2
rna+H3K27me3-AGTACAAGACGTATCA,2
rna+H3K27me3-AGTACAAGACTATGCA,1
rna+H3K27me3-AGTACAAGAGAGTCAA,4
rna+H3K27me3-AGTACAAGAGATCGCA,3
rna+H3K27me3-AGTACAAGAGCAGGAA,3
rna+H3K27me3-AGTACAAGAGTCACTA,2
rna+H3K27me3-AGTACAAGATCCTGTA,3
rna+H3K27me3-AGTACAAGATTGAGGA,12
rna+H3K27me3-AGTACAAGATGCCTAA,7
rna+H3K27me3-AGTACAAGCAACCACA,2
rna+H3K27me3-AGTACAAGGACTAGTA,5
rna+H3K27me3-AGTACAAGCAATGGAA,5
rna+H3K27me3-AGTACAAGCACTTCGA,5
rna+H3K27me3-AGTACAAGCAGCGTTA,0
rna+H3K27me3-AGTACAAGCATACCAA,1
rna+H3K27me3-AGTACAAGCCAGTTCA,0
rna+H3K27me3-AGTACAAGCCGAAGTA,12
rna+H3K27me3-AGTACAAGCCGTGAGA,0
rna+H3K27me3-AGTACAAGCCTCCTGA,0
rna+H3K27me3-AGTACAAGAGTGGTCA,3
rna+H3K27me3-AGTACAAGCGAACTTA,7
rna+H3K27me3-AGTACAAGCGACTGGA,10
rna+H3K27me3-AGTACAAGCGCATACA,0
rna+H3K27me3-AGTACAAGCTCAATGA,0
rna+H3K27me3-AGTACAAGCTGAGCCA,8
rna+H3K27me3-AGTACAAGCTGGCATA,0
rna+H3K27me3-AGTACAAGGAATCTGA,6
rna+H3K27me3-AGTACAAGCAAGACTA,12
rna+H3K27me3-AGTACAAGGAGCTGAA,0
rna+H3K27me3-AGTACAAGGATAGACA,0
rna+H3K27me3-AGTACAAGACCACTGT,5
rna+H3K27me3-AGTACAAGGCCACATA,0
rna+H3K27me3-AGTACAAGGCGAGTAA,0
rna+H3K27me3-AGTACAAGGCTAACGA,3
rna+H3K27me3-AGTACAAGGCTCGGTA,0
rna+H3K27me3-AGTACAAGGGAGAACA,0
rna+H3K27me3-AGTACAAGGGTGCGAA,0
rna+H3K27me3-AGTACAAGGTACGCAA,11
rna+H3K27me3-AGTACAAGGTCGTAGA,0
rna+H3K27me3-AGTACAAGGTCTGTCA,7
rna+H3K27me3-AGTACAAGGTGTTCTA,0
rna+H3K27me3-AGTACAAGACATTGGC,3
rna+H3K27me3-AGTACAAGTAGGATGA,12
rna+H3K27me3-AGTACAAGTATCAGCA,0
rna+H3K27me3-AGTACAAGTCCGTCTA,0
rna+H3K27me3-AGTACAAGTCTTCACA,0
rna+H3K27me3-AGTACAAGTGAAGAGA,4
rna+H3K27me3-AGTACAAGTGGAACAA,0
rna+H3K27me3-AGTACAAGTGGCTTCA,0
rna+H3K27me3-AGTACAAGTGGTGGTA,5
rna+H3K27me3-AGTACAAGTTCACGCA,8
rna+H3K27me3-AGTACAAGAACTCACC,8
rna+H3K27me3-AGTACAAGCAGATCTG,3
rna+H3K27me3-AGTACAAGAAGAGATC,0
rna+H3K27me3-AGTACAAGAAGGACAC,7
rna+H3K27me3-AGTACAAGAATCCGTC,6
rna+H3K27me3-AGTACAAGAATGTTGC,5
rna+H3K27me3-AGTACAAGACACGACC,4
rna+H3K27me3-AGTACAAGACAGATTC,0
rna+H3K27me3-AGTACAAGAGATGTAC,9
rna+H3K27me3-AGTACAAGAGCACCTC,7
rna+H3K27me3-AGTACAAGAGCCATGC,7
rna+H3K27me3-AGTACAAGAGGCTAAC,8
rna+H3K27me3-AGTACAAGCATCAAGT,1
rna+H3K27me3-AGTACAAGATAGCGAC,8
rna+H3K27me3-AGTACAAGATCATTCC,4
rna+H3K27me3-AGTACAAGATTGGCTC,8
rna+H3K27me3-AGTACAAGCAAGGAGC,7
rna+H3K27me3-AGTACAAGCACCTTAC,11
rna+H3K27me3-AGTACAAGCCATCCTC,7
rna+H3K27me3-AGTACAAGCCGACAAC,4
rna+H3K27me3-AGTACAAGCCTAATCC,7
rna+H3K27me3-AGTACAAGCCTCTATC,3
rna+H3K27me3-AGTACAAGCGACACAC,4
rna+H3K27me3-AGTACAAGCGCTGATC,1
rna+H3K27me3-AGTACAAGCGGATTGC,7
rna+H3K27me3-AGTACAAGCTAAGGTC,8
rna+H3K27me3-AGTACAAGGAACAGGC,4
rna+H3K27me3-AGTACAAGGACAGTGC,11
rna+H3K27me3-AGTACAAGGAGTTAGC,8
rna+H3K27me3-AGTACAAGGATGAATC,4
rna+H3K27me3-AGTACAAGGCCAAGAC,3
rna+H3K27me3-AGTACAAGCGGAAGAA,11
rna+H3K27me3-AGTACAAGGTGACAAG,7
rna+H3K27me3-AGTACAAGGAACCAGA,4
rna+H3K27me3-GACAGTGCAACGTGAT,3
rna+H3K27me3-GACAGTGCACAAGCTA,1
rna+H3K27me3-GACAGTGCTTGCTGGA,2
rna+H3K27me3-GACAGTGCCTGTAGCC,1
rna+H3K27me3-GACAGTGCAGTACAAG,1
rna+H3K27me3-GACAGTGCAACAACCA,2
rna+H3K27me3-GACAGTGCAACCGAGA,1
rna+H3K27me3-GACAGTGCAACGCTTA,1
rna+H3K27me3-GACAGTGCAAGACGGA,1
rna+H3K27me3-GACAGTGCAAGGTACA,2
rna+H3K27me3-GACAGTGCACACAGAA,4
rna+H3K27me3-GACAGTGCACAGCAGA,1
rna+H3K27me3-GACAGTGCAAACATCG,4
rna+H3K27me3-GACAGTGCACCTCCAA,1
rna+H3K27me3-GACAGTGCACGCTCGA,5
rna+H3K27me3-GACAGTGCACGTATCA,10
rna+H3K27me3-GACAGTGCACTATGCA,1
rna+H3K27me3-GACAGTGCAGAGTCAA,1
rna+H3K27me3-GACAGTGCAGATCGCA,4
rna+H3K27me3-GACAGTGCAGCAGGAA,6
rna+H3K27me3-GACAGTGCAGTCACTA,13
rna+H3K27me3-GACAGTGCATCCTGTA,1
rna+H3K27me3-GACAGTGCATTGAGGA,9
rna+H3K27me3-GACAGTGCATGCCTAA,3
rna+H3K27me3-GACAGTGCCAACCACA,1
rna+H3K27me3-GACAGTGCGACTAGTA,1
rna+H3K27me3-GACAGTGCCAATGGAA,5
rna+H3K27me3-GACAGTGCCACTTCGA,1
rna+H3K27me3-GACAGTGCCAGCGTTA,5
rna+H3K27me3-GACAGTGCCATACCAA,1
rna+H3K27me3-GACAGTGCCCAGTTCA,6
rna+H3K27me3-GACAGTGCCCGAAGTA,9
rna+H3K27me3-GACAGTGCCCGTGAGA,3
rna+H3K27me3-GACAGTGCCCTCCTGA,5
rna+H3K27me3-GACAGTGCAGTGGTCA,2
rna+H3K27me3-GACAGTGCCGAACTTA,2
rna+H3K27me3-GACAGTGCCGACTGGA,4
rna+H3K27me3-GACAGTGCCGCATACA,1
rna+H3K27me3-GACAGTGCCTCAATGA,4
rna+H3K27me3-GACAGTGCCTGAGCCA,5
rna+H3K27me3-GACAGTGCCTGGCATA,2
rna+H3K27me3-GACAGTGCGAATCTGA,5
rna+H3K27me3-GACAGTGCCAAGACTA,2
rna+H3K27me3-GACAGTGCGAGCTGAA,1
rna+H3K27me3-GACAGTGCGATAGACA,3
rna+H3K27me3-GACAGTGCACCACTGT,6
rna+H3K27me3-GACAGTGCGCCACATA,3
rna+H3K27me3-GACAGTGCGCGAGTAA,14
rna+H3K27me3-GACAGTGCGCTAACGA,5
rna+H3K27me3-GACAGTGCGCTCGGTA,3
rna+H3K27me3-GACAGTGCGGAGAACA,3
rna+H3K27me3-GACAGTGCGGTGCGAA,2
rna+H3K27me3-GACAGTGCGTACGCAA,3
rna+H3K27me3-GACAGTGCGTCGTAGA,1
rna+H3K27me3-GACAGTGCGTCTGTCA,1
rna+H3K27me3-GACAGTGCGTGTTCTA,2
rna+H3K27me3-GACAGTGCACATTGGC,5
rna+H3K27me3-GACAGTGCTAGGATGA,2
rna+H3K27me3-GACAGTGCTATCAGCA,2
rna+H3K27me3-GACAGTGCTCCGTCTA,3
rna+H3K27me3-GACAGTGCTCTTCACA,2
rna+H3K27me3-GACAGTGCTGAAGAGA,2
rna+H3K27me3-GACAGTGCTGGAACAA,2
rna+H3K27me3-GACAGTGCTGGCTTCA,2
rna+H3K27me3-GACAGTGCTGGTGGTA,2
rna+H3K27me3-GACAGTGCTTCACGCA,7
rna+H3K27me3-GACAGTGCAACTCACC,2
rna+H3K27me3-GACAGTGCCAGATCTG,6
rna+H3K27me3-GACAGTGCAAGAGATC,5
rna+H3K27me3-GACAGTGCAAGGACAC,3
rna+H3K27me3-GACAGTGCAATCCGTC,3
rna+H3K27me3-GACAGTGCAATGTTGC,7
rna+H3K27me3-GACAGTGCACACGACC,12
rna+H3K27me3-GACAGTGCACAGATTC,10
rna+H3K27me3-GACAGTGCAGATGTAC,4
rna+H3K27me3-GACAGTGCAGCACCTC,5
rna+H3K27me3-GACAGTGCAGCCATGC,1
rna+H3K27me3-GACAGTGCAGGCTAAC,1
rna+H3K27me3-GACAGTGCCATCAAGT,1
rna+H3K27me3-GACAGTGCATAGCGAC,1
rna+H3K27me3-GACAGTGCATCATTCC,1
rna+H3K27me3-GACAGTGCATTGGCTC,1
rna+H3K27me3-GACAGTGCCAAGGAGC,1
rna+H3K27me3-GACAGTGCCACCTTAC,1
rna+H3K27me3-GACAGTGCCCATCCTC,5
rna+H3K27me3-GACAGTGCCCGACAAC,3
rna+H3K27me3-GACAGTGCCCTAATCC,5
rna+H3K27me3-GACAGTGCCCTCTATC,5
rna+H3K27me3-GACAGTGCCGACACAC,3
rna+H3K27me3-GACAGTGCCGCTGATC,1
rna+H3K27me3-GACAGTGCCGGATTGC,3
rna+H3K27me3-GACAGTGCCTAAGGTC,3
rna+H3K27me3-GACAGTGCGAACAGGC,5
rna+H3K27me3-GACAGTGCGACAGTGC,1
rna+H3K27me3-GACAGTGCGAGTTAGC,5
rna+H3K27me3-GACAGTGCGATGAATC,3
rna+H3K27me3-GACAGTGCGCCAAGAC,1
rna+H3K27me3-GACAGTGCCGGAAGAA,1
rna+H3K27me3-GACAGTGCGTGACAAG,1
rna+H3K27me3-GACAGTGCGAACCAGA,3
rna+H3K27me3-CTGTAGCCAACGTGAT,11
rna+H3K27me3-CTGTAGCCACAAGCTA,13
rna+H3K27me3-CTGTAGCCTTGCTGGA,7
rna+H3K27me3-CTGTAGCCCTGTAGCC,3
rna+H3K27me3-CTGTAGCCAGTACAAG,9
rna+H3K27me3-CTGTAGCCAACAACCA,6
rna+H3K27me3-CTGTAGCCAACCGAGA,7
rna+H3K27me3-CTGTAGCCAACGCTTA,7
rna+H3K27me3-CTGTAGCCAAGACGGA,6
rna+H3K27me3-CTGTAGCCAAGGTACA,4
rna+H3K27me3-CTGTAGCCACACAGAA,3
rna+H3K27me3-CTGTAGCCACAGCAGA,11
rna+H3K27me3-CTGTAGCCAAACATCG,3
rna+H3K27me3-CTGTAGCCACCTCCAA,5
rna+H3K27me3-CTGTAGCCACGCTCGA,9
rna+H3K27me3-CTGTAGCCACGTATCA,5
rna+H3K27me3-CTGTAGCCACTATGCA,2
rna+H3K27me3-CTGTAGCCAGAGTCAA,3
rna+H3K27me3-CTGTAGCCAGATCGCA,5
rna+H3K27me3-CTGTAGCCAGCAGGAA,5
rna+H3K27me3-CTGTAGCCAGTCACTA,2
rna+H3K27me3-CTGTAGCCATCCTGTA,5
rna+H3K27me3-CTGTAGCCATTGAGGA,13
rna+H3K27me3-CTGTAGCCATGCCTAA,9
rna+H3K27me3-CTGTAGCCCAACCACA,12
rna+H3K27me3-CTGTAGCCGACTAGTA,4
rna+H3K27me3-CTGTAGCCCAATGGAA,8
rna+H3K27me3-CTGTAGCCCACTTCGA,0
rna+H3K27me3-CTGTAGCCCAGCGTTA,0
rna+H3K27me3-CTGTAGCCCATACCAA,4
rna+H3K27me3-CTGTAGCCCCAGTTCA,5
rna+H3K27me3-CTGTAGCCCCGAAGTA,0
rna+H3K27me3-CTGTAGCCCCGTGAGA,5
rna+H3K27me3-CTGTAGCCCCTCCTGA,0
rna+H3K27me3-CTGTAGCCAGTGGTCA,5
rna+H3K27me3-CTGTAGCCCGAACTTA,0
rna+H3K27me3-CTGTAGCCCGACTGGA,0
rna+H3K27me3-CTGTAGCCCGCATACA,0
rna+H3K27me3-CTGTAGCCCTCAATGA,8
rna+H3K27me3-CTGTAGCCCTGAGCCA,0
rna+H3K27me3-CTGTAGCCCTGGCATA,11
rna+H3K27me3-CTGTAGCCGAATCTGA,8
rna+H3K27me3-CTGTAGCCCAAGACTA,5
rna+H3K27me3-CTGTAGCCGAGCTGAA,3
rna+H3K27me3-CTGTAGCCGATAGACA,0
rna+H3K27me3-CTGTAGCCACCACTGT,9
rna+H3K27me3-CTGTAGCCGCCACATA,0
rna+H3K27me3-CTGTAGCCGCGAGTAA,8
rna+H3K27me3-CTGTAGCCGCTAACGA,0
rna+H3K27me3-CTGTAGCCGCTCGGTA,10
rna+H3K27me3-CTGTAGCCGGAGAACA,0
rna+H3K27me3-CTGTAGCCGGTGCGAA,0
rna+H3K27me3-CTGTAGCCGTACGCAA,0
rna+H3K27me3-CTGTAGCCGTCGTAGA,0
rna+H3K27me3-CTGTAGCCGTCTGTCA,0
rna+H3K27me3-CTGTAGCCGTGTTCTA,0
rna+H3K27me3-CTGTAGCCACATTGGC,3
rna+H3K27me3-CTGTAGCCTAGGATGA,0
rna+H3K27me3-CTGTAGCCTATCAGCA,0
rna+H3K27me3-CTGTAGCCTCCGTCTA,8
rna+H3K27me3-CTGTAGCCTCTTCACA,3
rna+H3K27me3-CTGTAGCCTGAAGAGA,10
rna+H3K27me3-CTGTAGCCTGGAACAA,0
rna+H3K27me3-CTGTAGCCTGGCTTCA,14
rna+H3K27me3-CTGTAGCCTGGTGGTA,0
rna+H3K27me3-CTGTAGCCTTCACGCA,7
rna+H3K27me3-CTGTAGCCAACTCACC,8
rna+H3K27me3-CTGTAGCCCAGATCTG,11
rna+H3K27me3-CTGTAGCCAAGAGATC,8
rna+H3K27me3-CTGTAGCCAAGGACAC,0
rna+H3K27me3-CTGTAGCCAATCCGTC,7
rna+H3K27me3-CTGTAGCCAATGTTGC,5
rna+H3K27me3-CTGTAGCCACACGACC,8
rna+H3K27me3-CTGTAGCCACAGATTC,7
rna+H3K27me3-CTGTAGCCAGATGTAC,9
rna+H3K27me3-CTGTAGCCAGCACCTC,0
rna+H3K27me3-CTGTAGCCAGCCATGC,8
rna+H3K27me3-CTGTAGCCAGGCTAAC,8
rna+H3K27me3-CTGTAGCCCATCAAGT,1
rna+H3K27me3-CTGTAGCCATAGCGAC,8
rna+H3K27me3-CTGTAGCCATCATTCC,4
rna+H3K27me3-CTGTAGCCATTGGCTC,7
rna+H3K27me3-CTGTAGCCCAAGGAGC,3
rna+H3K27me3-CTGTAGCCCACCTTAC,9
rna+H3K27me3-CTGTAGCCCCATCCTC,7
rna+H3K27me3-CTGTAGCCCCGACAAC,3
rna+H3K27me3-CTGTAGCCCCTAATCC,4
rna+H3K27me3-CTGTAGCCCCTCTATC,9
rna+H3K27me3-CTGTAGCCCGACACAC,6
rna+H3K27me3-CTGTAGCCCGCTGATC,1
rna+H3K27me3-CTGTAGCCCGGATTGC,4
rna+H3K27me3-CTGTAGCCCTAAGGTC,4
rna+H3K27me3-CTGTAGCCGAACAGGC,4
rna+H3K27me3-CTGTAGCCGACAGTGC,5
rna+H3K27me3-CTGTAGCCGAGTTAGC,2
rna+H3K27me3-CTGTAGCCGATGAATC,3
rna+H3K27me3-CTGTAGCCGCCAAGAC,7
rna+H3K27me3-CTGTAGCCCGGAAGAA,6
rna+H3K27me3-CTGTAGCCGTGACAAG,1
rna+H3K27me3-CTGTAGCCGAACCAGA,3
rna+H3K27me3-ACAAGCTAACAAGCTA,1
rna+H3K27me3-ACAAGCTATTGCTGGA,10
rna+H3K27me3-ACAAGCTACTGTAGCC,1
rna+H3K27me3-ACAAGCTAAGTACAAG,3
rna+H3K27me3-ACAAGCTAAACAACCA,1
rna+H3K27me3-ACAAGCTAAACCGAGA,0
rna+H3K27me3-ACAAGCTAAACGCTTA,7
rna+H3K27me3-ACAAGCTAAAGACGGA,1
rna+H3K27me3-ACAAGCTAAAGGTACA,4
rna+H3K27me3-ACAAGCTAACACAGAA,5
rna+H3K27me3-ACAAGCTAACAGCAGA,5
rna+H3K27me3-ACAAGCTAAAACATCG,3
rna+H3K27me3-ACAAGCTAACCTCCAA,5
rna+H3K27me3-ACAAGCTAACGCTCGA,4
rna+H3K27me3-ACAAGCTAACGTATCA,11
rna+H3K27me3-ACAAGCTAACTATGCA,7
rna+H3K27me3-ACAAGCTAAGAGTCAA,1
rna+H3K27me3-ACAAGCTAAGATCGCA,3
rna+H3K27me3-ACAAGCTAAGCAGGAA,14
rna+H3K27me3-ACAAGCTAAGTCACTA,7
rna+H3K27me3-ACAAGCTAATCCTGTA,3
rna+H3K27me3-ACAAGCTAATTGAGGA,4
rna+H3K27me3-ACAAGCTAATGCCTAA,3
rna+H3K27me3-ACAAGCTACAACCACA,7
rna+H3K27me3-ACAAGCTAGACTAGTA,1
rna+H3K27me3-ACAAGCTACAATGGAA,7
rna+H3K27me3-ACAAGCTACACTTCGA,12
rna+H3K27me3-ACAAGCTACAGCGTTA,0
rna+H3K27me3-ACAAGCTACATACCAA,3
rna+H3K27me3-ACAAGCTACCAGTTCA,0
rna+H3K27me3-ACAAGCTACCGAAGTA,0
rna+H3K27me3-ACAAGCTACCGTGAGA,0
rna+H3K27me3-ACAAGCTACCTCCTGA,0
rna+H3K27me3-ACAAGCTAAGTGGTCA,6
rna+H3K27me3-ACAAGCTACGAACTTA,0
rna+H3K27me3-ACAAGCTACGACTGGA,8
rna+H3K27me3-ACAAGCTACGCATACA,0
rna+H3K27me3-ACAAGCTACTCAATGA,0
rna+H3K27me3-ACAAGCTACTGAGCCA,0
rna+H3K27me3-ACAAGCTACTGGCATA,0
rna+H3K27me3-ACAAGCTAGAATCTGA,3
rna+H3K27me3-ACAAGCTACAAGACTA,7
rna+H3K27me3-ACAAGCTAGAGCTGAA,0
rna+H3K27me3-ACAAGCTAGATAGACA,0
rna+H3K27me3-ACAAGCTAACCACTGT,6
rna+H3K27me3-ACAAGCTAGCCACATA,0
rna+H3K27me3-ACAAGCTAGCGAGTAA,14
rna+H3K27me3-ACAAGCTAGCTAACGA,8
rna+H3K27me3-ACAAGCTAGCTCGGTA,0
rna+H3K27me3-ACAAGCTAGGAGAACA,0
rna+H3K27me3-ACAAGCTAGGTGCGAA,5
rna+H3K27me3-ACAAGCTAGTACGCAA,0
rna+H3K27me3-ACAAGCTAGTCGTAGA,0
rna+H3K27me3-ACAAGCTAGTCTGTCA,14
rna+H3K27me3-ACAAGCTAGTGTTCTA,7
rna+H3K27me3-ACAAGCTAACATTGGC,3
rna+H3K27me3-ACAAGCTATAGGATGA,7
rna+H3K27me3-ACAAGCTATATCAGCA,0
rna+H3K27me3-ACAAGCTATCCGTCTA,0
rna+H3K27me3-ACAAGCTATCTTCACA,0
rna+H3K27me3-ACAAGCTATGAAGAGA,0
rna+H3K27me3-ACAAGCTATGGAACAA,14
rna+H3K27me3-ACAAGCTATGGCTTCA,0
rna+H3K27me3-ACAAGCTATGGTGGTA,0
rna+H3K27me3-ACAAGCTATTCACGCA,7
rna+H3K27me3-ACAAGCTAAACTCACC,6
rna+H3K27me3-ACAAGCTACAGATCTG,3
rna+H3K27me3-ACAAGCTAAAGAGATC,0
rna+H3K27me3-ACAAGCTAAAGGACAC,6
rna+H3K27me3-ACAAGCTAAATCCGTC,8
rna+H3K27me3-ACAAGCTAAATGTTGC,4
rna+H3K27me3-ACAAGCTAACACGACC,5
rna+H3K27me3-ACAAGCTAACAGATTC,7
rna+H3K27me3-ACAAGCTAAGATGTAC,7
rna+H3K27me3-ACAAGCTAAGCACCTC,8
rna+H3K27me3-ACAAGCTAAGCCATGC,8
rna+H3K27me3-ACAAGCTAAGGCTAAC,8
rna+H3K27me3-ACAAGCTACATCAAGT,3
rna+H3K27me3-ACAAGCTAATAGCGAC,7
rna+H3K27me3-ACAAGCTAATCATTCC,3
rna+H3K27me3-ACAAGCTAATTGGCTC,7
rna+H3K27me3-ACAAGCTACAAGGAGC,4
rna+H3K27me3-ACAAGCTACACCTTAC,12
rna+H3K27me3-ACAAGCTACCATCCTC,4
rna+H3K27me3-ACAAGCTACCGACAAC,14
rna+H3K27me3-ACAAGCTACCTAATCC,7
rna+H3K27me3-ACAAGCTACCTCTATC,9
rna+H3K27me3-ACAAGCTACGACACAC,6
rna+H3K27me3-ACAAGCTACGCTGATC,1
rna+H3K27me3-ACAAGCTACGGATTGC,4
rna+H3K27me3-ACAAGCTACTAAGGTC,5
rna+H3K27me3-ACAAGCTAGAACAGGC,8
rna+H3K27me3-ACAAGCTAGACAGTGC,8
rna+H3K27me3-ACAAGCTAGAGTTAGC,8
rna+H3K27me3-ACAAGCTAGATGAATC,7
rna+H3K27me3-ACAAGCTAGCCAAGAC,7
rna+H3K27me3-ACAAGCTACGGAAGAA,8
rna+H3K27me3-ACAAGCTAGTGACAAG,4
rna+H3K27me3-ACAAGCTAGAACCAGA,3
rna+H3K27me3-CGCTGATCACAAGCTA,1
rna+H3K27me3-CGCTGATCTTGCTGGA,6
rna+H3K27me3-CGCTGATCCTGTAGCC,1
rna+H3K27me3-CGCTGATCAGTACAAG,1
rna+H3K27me3-CGCTGATCAACAACCA,2
rna+H3K27me3-CGCTGATCAACCGAGA,3
rna+H3K27me3-CGCTGATCAACGCTTA,9
rna+H3K27me3-CGCTGATCAAGACGGA,1
rna+H3K27me3-CGCTGATCAAGGTACA,10
rna+H3K27me3-CGCTGATCACACAGAA,5
rna+H3K27me3-CGCTGATCACAGCAGA,1
rna+H3K27me3-CGCTGATCACCTCCAA,1
rna+H3K27me3-CGCTGATCACGCTCGA,6
rna+H3K27me3-CGCTGATCACGTATCA,1
rna+H3K27me3-CGCTGATCACTATGCA,5
rna+H3K27me3-CGCTGATCAGAGTCAA,1
rna+H3K27me3-CGCTGATCAGATCGCA,1
rna+H3K27me3-CGCTGATCAGCAGGAA,4
rna+H3K27me3-CGCTGATCAGTCACTA,14
rna+H3K27me3-CGCTGATCATCCTGTA,1
rna+H3K27me3-CGCTGATCATTGAGGA,5
rna+H3K27me3-CGCTGATCATGCCTAA,3
rna+H3K27me3-CGCTGATCCAACCACA,12
rna+H3K27me3-CGCTGATCGACTAGTA,4
rna+H3K27me3-CGCTGATCCAATGGAA,10
rna+H3K27me3-CGCTGATCCACTTCGA,4
rna+H3K27me3-CGCTGATCCAGCGTTA,1
rna+H3K27me3-CGCTGATCCATACCAA,0
rna+H3K27me3-CGCTGATCCCAGTTCA,7
rna+H3K27me3-CGCTGATCCCGAAGTA,0
rna+H3K27me3-CGCTGATCCCGTGAGA,0
rna+H3K27me3-CGCTGATCCCTCCTGA,0
rna+H3K27me3-CGCTGATCAGTGGTCA,3
rna+H3K27me3-CGCTGATCCGAACTTA,7
rna+H3K27me3-CGCTGATCCGACTGGA,0
rna+H3K27me3-CGCTGATCCGCATACA,3
rna+H3K27me3-CGCTGATCCTCAATGA,0
rna+H3K27me3-CGCTGATCCTGAGCCA,0
rna+H3K27me3-CGCTGATCCTGGCATA,0
rna+H3K27me3-CGCTGATCGAATCTGA,0
rna+H3K27me3-CGCTGATCCAAGACTA,5
rna+H3K27me3-CGCTGATCGAGCTGAA,4
rna+H3K27me3-CGCTGATCGATAGACA,0
rna+H3K27me3-CGCTGATCACCACTGT,3
rna+H3K27me3-CGCTGATCGCCACATA,0
rna+H3K27me3-CGCTGATCGCGAGTAA,4
rna+H3K27me3-CGCTGATCGCTAACGA,0
rna+H3K27me3-CGCTGATCGCTCGGTA,0
rna+H3K27me3-CGCTGATCGGAGAACA,7
rna+H3K27me3-CGCTGATCGGTGCGAA,0
rna+H3K27me3-CGCTGATCGTACGCAA,0
rna+H3K27me3-CGCTGATCGTCGTAGA,0
rna+H3K27me3-CGCTGATCGTCTGTCA,0
rna+H3K27me3-CGCTGATCGTGTTCTA,0
rna+H3K27me3-CGCTGATCACATTGGC,7
rna+H3K27me3-CGCTGATCTAGGATGA,0
rna+H3K27me3-CGCTGATCTATCAGCA,0
rna+H3K27me3-CGCTGATCTCCGTCTA,0
rna+H3K27me3-CGCTGATCTCTTCACA,0
rna+H3K27me3-CGCTGATCTGAAGAGA,7
rna+H3K27me3-CGCTGATCTGGAACAA,0
rna+H3K27me3-CGCTGATCTGGCTTCA,11
rna+H3K27me3-CGCTGATCTGGTGGTA,8
rna+H3K27me3-CGCTGATCTTCACGCA,13
rna+H3K27me3-CGCTGATCAACTCACC,0
rna+H3K27me3-CGCTGATCCAGATCTG,1
rna+H3K27me3-CGCTGATCAAGAGATC,7
rna+H3K27me3-CGCTGATCAAGGACAC,9
rna+H3K27me3-CGCTGATCAATCCGTC,7
rna+H3K27me3-CGCTGATCAATGTTGC,11
rna+H3K27me3-CGCTGATCACACGACC,0
rna+H3K27me3-CGCTGATCACAGATTC,3
rna+H3K27me3-CGCTGATCAGATGTAC,8
rna+H3K27me3-CGCTGATCAGCACCTC,8
rna+H3K27me3-CGCTGATCAGCCATGC,8
rna+H3K27me3-CGCTGATCAGGCTAAC,8
rna+H3K27me3-CGCTGATCCATCAAGT,0
rna+H3K27me3-CGCTGATCATAGCGAC,8
rna+H3K27me3-CGCTGATCATCATTCC,9
rna+H3K27me3-CGCTGATCATTGGCTC,12
rna+H3K27me3-CGCTGATCCAAGGAGC,9
rna+H3K27me3-CGCTGATCCACCTTAC,4
rna+H3K27me3-CGCTGATCCCATCCTC,11
rna+H3K27me3-CGCTGATCCCGACAAC,10
rna+H3K27me3-CGCTGATCCCTAATCC,11
rna+H3K27me3-CGCTGATCCCTCTATC,4
rna+H3K27me3-CGCTGATCCGACACAC,11
rna+H3K27me3-CGCTGATCCGCTGATC,10
rna+H3K27me3-CGCTGATCCGGATTGC,8
rna+H3K27me3-CGCTGATCCTAAGGTC,5
rna+H3K27me3-CGCTGATCGAACAGGC,3
rna+H3K27me3-CGCTGATCGACAGTGC,3
rna+H3K27me3-CGCTGATCGAGTTAGC,7
rna+H3K27me3-CGCTGATCGATGAATC,4
rna+H3K27me3-CGCTGATCGCCAAGAC,9
rna+H3K27me3-CGCTGATCCGGAAGAA,4
rna+H3K27me3-CGCTGATCGTGACAAG,4
rna+H3K27me3-CGCTGATCGAACCAGA,8
rna+H3K27me3-CATCAAGTACAAGCTA,1
rna+H3K27me3-CATCAAGTTTGCTGGA,4
rna+H3K27me3-CATCAAGTCTGTAGCC,1
rna+H3K27me3-CATCAAGTAGTACAAG,1
rna+H3K27me3-CATCAAGTAACAACCA,1
rna+H3K27me3-CATCAAGTAACCGAGA,1
rna+H3K27me3-CATCAAGTAACGCTTA,1
rna+H3K27me3-CATCAAGTAAGACGGA,11
rna+H3K27me3-CATCAAGTAAGGTACA,0
rna+H3K27me3-CATCAAGTACACAGAA,5
rna+H3K27me3-CATCAAGTACAGCAGA,1
rna+H3K27me3-CATCAAGTACCTCCAA,2
rna+H3K27me3-CATCAAGTACGCTCGA,6
rna+H3K27me3-CATCAAGTACGTATCA,9
rna+H3K27me3-CATCAAGTACTATGCA,7
rna+H3K27me3-CATCAAGTAGAGTCAA,5
rna+H3K27me3-CATCAAGTAGATCGCA,12
rna+H3K27me3-CATCAAGTAGCAGGAA,5
rna+H3K27me3-CATCAAGTAGTCACTA,3
rna+H3K27me3-CATCAAGTATCCTGTA,4
rna+H3K27me3-CATCAAGTATTGAGGA,5
rna+H3K27me3-CATCAAGTATGCCTAA,5
rna+H3K27me3-CATCAAGTCAACCACA,4
rna+H3K27me3-CATCAAGTGACTAGTA,12
rna+H3K27me3-CATCAAGTCAATGGAA,2
rna+H3K27me3-CATCAAGTCACTTCGA,1
rna+H3K27me3-CATCAAGTCAGCGTTA,3
rna+H3K27me3-CATCAAGTCATACCAA,0
rna+H3K27me3-CATCAAGTCCAGTTCA,11
rna+H3K27me3-CATCAAGTCCGAAGTA,1
rna+H3K27me3-CATCAAGTCCGTGAGA,10
rna+H3K27me3-CATCAAGTCCTCCTGA,0
rna+H3K27me3-CATCAAGTAGTGGTCA,5
rna+H3K27me3-CATCAAGTCGAACTTA,0
rna+H3K27me3-CATCAAGTCGACTGGA,0
rna+H3K27me3-CATCAAGTCGCATACA,0
rna+H3K27me3-CATCAAGTCTCAATGA,0
rna+H3K27me3-CATCAAGTCTGAGCCA,0
rna+H3K27me3-CATCAAGTCTGGCATA,0
rna+H3K27me3-CATCAAGTGAATCTGA,4
rna+H3K27me3-CATCAAGTCAAGACTA,8
rna+H3K27me3-CATCAAGTGAGCTGAA,8
rna+H3K27me3-CATCAAGTGATAGACA,0
rna+H3K27me3-CATCAAGTACCACTGT,3
rna+H3K27me3-CATCAAGTGCCACATA,0
rna+H3K27me3-CATCAAGTGCGAGTAA,0
rna+H3K27me3-CATCAAGTGCTAACGA,0
rna+H3K27me3-CATCAAGTGCTCGGTA,7
rna+H3K27me3-CATCAAGTGGAGAACA,4
rna+H3K27me3-CATCAAGTGGTGCGAA,5
rna+H3K27me3-CATCAAGTGTACGCAA,10
rna+H3K27me3-CATCAAGTGTCGTAGA,0
rna+H3K27me3-CATCAAGTGTCTGTCA,0
rna+H3K27me3-CATCAAGTGTGTTCTA,0
rna+H3K27me3-CATCAAGTACATTGGC,6
rna+H3K27me3-CATCAAGTTAGGATGA,0
rna+H3K27me3-CATCAAGTTATCAGCA,0
rna+H3K27me3-CATCAAGTTCCGTCTA,0
rna+H3K27me3-CATCAAGTTCTTCACA,0
rna+H3K27me3-CATCAAGTTGAAGAGA,8
rna+H3K27me3-CATCAAGTTGGAACAA,8
rna+H3K27me3-CATCAAGTTGGCTTCA,0
rna+H3K27me3-CATCAAGTTGGTGGTA,0
rna+H3K27me3-CATCAAGTTTCACGCA,0
rna+H3K27me3-CATCAAGTAACTCACC,0
rna+H3K27me3-CATCAAGTCAGATCTG,3
rna+H3K27me3-CATCAAGTAAGAGATC,3
rna+H3K27me3-CATCAAGTAAGGACAC,7
rna+H3K27me3-CATCAAGTAATCCGTC,0
rna+H3K27me3-CATCAAGTAATGTTGC,7
rna+H3K27me3-CATCAAGTACACGACC,0
rna+H3K27me3-CATCAAGTACAGATTC,0
rna+H3K27me3-CATCAAGTAGATGTAC,11
rna+H3K27me3-CATCAAGTAGCACCTC,8
rna+H3K27me3-CATCAAGTAGCCATGC,8
rna+H3K27me3-CATCAAGTAGGCTAAC,3
rna+H3K27me3-CATCAAGTCATCAAGT,3
rna+H3K27me3-CATCAAGTATAGCGAC,3
rna+H3K27me3-CATCAAGTATCATTCC,3
rna+H3K27me3-CATCAAGTATTGGCTC,8
rna+H3K27me3-CATCAAGTCAAGGAGC,7
rna+H3K27me3-CATCAAGTCACCTTAC,4
rna+H3K27me3-CATCAAGTCCATCCTC,8
rna+H3K27me3-CATCAAGTCCGACAAC,11
rna+H3K27me3-CATCAAGTCCTAATCC,3
rna+H3K27me3-CATCAAGTCCTCTATC,4
rna+H3K27me3-CATCAAGTCGACACAC,4
rna+H3K27me3-CATCAAGTCGCTGATC,7
rna+H3K27me3-CATCAAGTCGGATTGC,5
rna+H3K27me3-CATCAAGTCTAAGGTC,9
rna+H3K27me3-CATCAAGTGAACAGGC,7
rna+H3K27me3-CATCAAGTGACAGTGC,1
rna+H3K27me3-CATCAAGTGAGTTAGC,7
rna+H3K27me3-CATCAAGTGATGAATC,7
rna+H3K27me3-CATCAAGTGCCAAGAC,5
rna+H3K27me3-CATCAAGTCGGAAGAA,8
rna+H3K27me3-CATCAAGTGTGACAAG,7
rna+H3K27me3-CATCAAGTGAACCAGA,11
rna+H3K27me3-CAGATCTGACAAGCTA,1
rna+H3K27me3-CAGATCTGTTGCTGGA,7
rna+H3K27me3-CAGATCTGCTGTAGCC,1
rna+H3K27me3-CAGATCTGAGTACAAG,1
rna+H3K27me3-CAGATCTGAACAACCA,1
rna+H3K27me3-CAGATCTGAACCGAGA,1
rna+H3K27me3-CAGATCTGAACGCTTA,1
rna+H3K27me3-CAGATCTGAAGACGGA,9
rna+H3K27me3-CAGATCTGAAGGTACA,5
rna+H3K27me3-CAGATCTGACACAGAA,9
rna+H3K27me3-CAGATCTGACAGCAGA,3
rna+H3K27me3-CAGATCTGACCTCCAA,1
rna+H3K27me3-CAGATCTGACGCTCGA,1
rna+H3K27me3-CAGATCTGACGTATCA,7
rna+H3K27me3-CAGATCTGACTATGCA,3
rna+H3K27me3-CAGATCTGAGAGTCAA,8
rna+H3K27me3-CAGATCTGAGATCGCA,3
rna+H3K27me3-CAGATCTGAGCAGGAA,0
rna+H3K27me3-CAGATCTGAGTCACTA,4
rna+H3K27me3-CAGATCTGATCCTGTA,12
rna+H3K27me3-CAGATCTGATTGAGGA,6
rna+H3K27me3-CAGATCTGCAACCACA,7
rna+H3K27me3-CAGATCTGGACTAGTA,7
rna+H3K27me3-CAGATCTGCAATGGAA,6
rna+H3K27me3-CAGATCTGCACTTCGA,6
rna+H3K27me3-CAGATCTGCAGCGTTA,3
rna+H3K27me3-CAGATCTGCATACCAA,8
rna+H3K27me3-CAGATCTGCCAGTTCA,11
rna+H3K27me3-CAGATCTGCCGAAGTA,0
rna+H3K27me3-CAGATCTGCCGTGAGA,7
rna+H3K27me3-CAGATCTGCCTCCTGA,4
rna+H3K27me3-CAGATCTGAGTGGTCA,4
rna+H3K27me3-CAGATCTGCGAACTTA,0
rna+H3K27me3-CAGATCTGCGACTGGA,0
rna+H3K27me3-CAGATCTGCGCATACA,0
rna+H3K27me3-CAGATCTGCTCAATGA,0
rna+H3K27me3-CAGATCTGCTGAGCCA,0
rna+H3K27me3-CAGATCTGCTGGCATA,7
rna+H3K27me3-CAGATCTGGAATCTGA,0
rna+H3K27me3-CAGATCTGCAAGACTA,12
rna+H3K27me3-CAGATCTGGAGCTGAA,0
rna+H3K27me3-CAGATCTGGATAGACA,7
rna+H3K27me3-CAGATCTGACCACTGT,3
rna+H3K27me3-CAGATCTGGCCACATA,0
rna+H3K27me3-CAGATCTGGCGAGTAA,7
rna+H3K27me3-CAGATCTGGCTAACGA,0
rna+H3K27me3-CAGATCTGGCTCGGTA,3
rna+H3K27me3-CAGATCTGGGAGAACA,7
rna+H3K27me3-CAGATCTGGGTGCGAA,0
rna+H3K27me3-CAGATCTGGTACGCAA,5
rna+H3K27me3-CAGATCTGGTCGTAGA,0
rna+H3K27me3-CAGATCTGGTCTGTCA,0
rna+H3K27me3-CAGATCTGGTGTTCTA,0
rna+H3K27me3-CAGATCTGACATTGGC,5
rna+H3K27me3-CAGATCTGTAGGATGA,0
rna+H3K27me3-CAGATCTGTATCAGCA,9
rna+H3K27me3-CAGATCTGTCCGTCTA,8
rna+H3K27me3-CAGATCTGTCTTCACA,0
rna+H3K27me3-CAGATCTGTGAAGAGA,5
rna+H3K27me3-CAGATCTGTGGAACAA,0
rna+H3K27me3-CAGATCTGTGGCTTCA,8
rna+H3K27me3-CAGATCTGTGGTGGTA,0
rna+H3K27me3-CAGATCTGTTCACGCA,8
rna+H3K27me3-CAGATCTGAACTCACC,0
rna+H3K27me3-CAGATCTGCAGATCTG,6
rna+H3K27me3-CAGATCTGAAGAGATC,8
rna+H3K27me3-CAGATCTGAAGGACAC,0
rna+H3K27me3-CAGATCTGAATCCGTC,0
rna+H3K27me3-CAGATCTGAATGTTGC,11
rna+H3K27me3-CAGATCTGACACGACC,8
rna+H3K27me3-CAGATCTGACAGATTC,7
rna+H3K27me3-CAGATCTGAGATGTAC,2
rna+H3K27me3-CAGATCTGAGCACCTC,7
rna+H3K27me3-CAGATCTGAGCCATGC,8
rna+H3K27me3-CAGATCTGAGGCTAAC,8
rna+H3K27me3-CAGATCTGCATCAAGT,3
rna+H3K27me3-CAGATCTGATAGCGAC,12
rna+H3K27me3-CAGATCTGATCATTCC,5
rna+H3K27me3-CAGATCTGATTGGCTC,7
rna+H3K27me3-CAGATCTGCAAGGAGC,3
rna+H3K27me3-CAGATCTGCACCTTAC,9
rna+H3K27me3-CAGATCTGCCATCCTC,3
rna+H3K27me3-CAGATCTGCCGACAAC,6
rna+H3K27me3-CAGATCTGCCTAATCC,7
rna+H3K27me3-CAGATCTGCCTCTATC,7
rna+H3K27me3-CAGATCTGCGACACAC,7
rna+H3K27me3-CAGATCTGCGCTGATC,5
rna+H3K27me3-CAGATCTGCGGATTGC,10
rna+H3K27me3-CAGATCTGCTAAGGTC,8
rna+H3K27me3-CAGATCTGGAACAGGC,7
rna+H3K27me3-CAGATCTGGACAGTGC,5
rna+H3K27me3-CAGATCTGGAGTTAGC,4
rna+H3K27me3-CAGATCTGGATGAATC,3
rna+H3K27me3-CAGATCTGGCCAAGAC,11
rna+H3K27me3-CAGATCTGCGGAAGAA,4
rna+H3K27me3-CAGATCTGGTGACAAG,3
rna+H3K27me3-CAGATCTGGAACCAGA,8
rna+H3K27me3-ACATTGGCACAAGCTA,2
rna+H3K27me3-ACATTGGCTTGCTGGA,0
rna+H3K27me3-ACATTGGCCTGTAGCC,2
rna+H3K27me3-ACATTGGCAGTACAAG,6
rna+H3K27me3-ACATTGGCAACAACCA,1
rna+H3K27me3-ACATTGGCAACCGAGA,1
rna+H3K27me3-ACATTGGCAACGCTTA,1
rna+H3K27me3-ACATTGGCAAGACGGA,2
rna+H3K27me3-ACATTGGCAAGGTACA,12
rna+H3K27me3-ACATTGGCACACAGAA,7
rna+H3K27me3-ACATTGGCACAGCAGA,2
rna+H3K27me3-ACATTGGCACCTCCAA,3
rna+H3K27me3-ACATTGGCACGCTCGA,4
rna+H3K27me3-ACATTGGCACGTATCA,3
rna+H3K27me3-ACATTGGCACTATGCA,2
rna+H3K27me3-ACATTGGCAGAGTCAA,3
rna+H3K27me3-ACATTGGCAGATCGCA,5
rna+H3K27me3-ACATTGGCAGCAGGAA,13
rna+H3K27me3-ACATTGGCAGTCACTA,1
rna+H3K27me3-ACATTGGCATCCTGTA,3
rna+H3K27me3-ACATTGGCATTGAGGA,3
rna+H3K27me3-ACATTGGCCAACCACA,4
rna+H3K27me3-ACATTGGCGACTAGTA,5
rna+H3K27me3-ACATTGGCCAATGGAA,1
rna+H3K27me3-ACATTGGCCACTTCGA,4
rna+H3K27me3-ACATTGGCCAGCGTTA,3
rna+H3K27me3-ACATTGGCCATACCAA,5
rna+H3K27me3-ACATTGGCCCAGTTCA,0
rna+H3K27me3-ACATTGGCCCGAAGTA,0
rna+H3K27me3-ACATTGGCCCGTGAGA,0
rna+H3K27me3-ACATTGGCCCTCCTGA,0
rna+H3K27me3-ACATTGGCCGAACTTA,6
rna+H3K27me3-ACATTGGCCGACTGGA,8
rna+H3K27me3-ACATTGGCCGCATACA,0
rna+H3K27me3-ACATTGGCCTCAATGA,0
rna+H3K27me3-ACATTGGCCTGAGCCA,3
rna+H3K27me3-ACATTGGCCTGGCATA,12
rna+H3K27me3-ACATTGGCGAATCTGA,0
rna+H3K27me3-ACATTGGCCAAGACTA,0
rna+H3K27me3-ACATTGGCGAGCTGAA,0
rna+H3K27me3-ACATTGGCGATAGACA,10
rna+H3K27me3-ACATTGGCACCACTGT,3
rna+H3K27me3-ACATTGGCGCCACATA,0
rna+H3K27me3-ACATTGGCGCGAGTAA,0
rna+H3K27me3-ACATTGGCGCTAACGA,0
rna+H3K27me3-ACATTGGCGCTCGGTA,0
rna+H3K27me3-ACATTGGCGGAGAACA,5
rna+H3K27me3-ACATTGGCGGTGCGAA,0
rna+H3K27me3-ACATTGGCGTACGCAA,0
rna+H3K27me3-ACATTGGCGTCGTAGA,7
rna+H3K27me3-ACATTGGCGTCTGTCA,0
rna+H3K27me3-ACATTGGCGTGTTCTA,8
rna+H3K27me3-ACATTGGCACATTGGC,3
rna+H3K27me3-ACATTGGCTAGGATGA,8
rna+H3K27me3-ACATTGGCTATCAGCA,0
rna+H3K27me3-ACATTGGCTCCGTCTA,0
rna+H3K27me3-ACATTGGCTCTTCACA,10
rna+H3K27me3-ACATTGGCTGAAGAGA,0
rna+H3K27me3-ACATTGGCTGGAACAA,0
rna+H3K27me3-ACATTGGCTGGCTTCA,7
rna+H3K27me3-ACATTGGCTGGTGGTA,0
rna+H3K27me3-ACATTGGCTTCACGCA,3
rna+H3K27me3-ACATTGGCAACTCACC,0
rna+H3K27me3-ACATTGGCCAGATCTG,3
rna+H3K27me3-ACATTGGCAAGAGATC,7
rna+H3K27me3-ACATTGGCAAGGACAC,5
rna+H3K27me3-ACATTGGCAATCCGTC,9
rna+H3K27me3-ACATTGGCAATGTTGC,8
rna+H3K27me3-ACATTGGCACACGACC,6
rna+H3K27me3-ACATTGGCACAGATTC,5
rna+H3K27me3-ACATTGGCAGATGTAC,8
rna+H3K27me3-ACATTGGCAGCACCTC,7
rna+H3K27me3-ACATTGGCAGCCATGC,8
rna+H3K27me3-ACATTGGCAGGCTAAC,7
rna+H3K27me3-ACATTGGCCATCAAGT,3
rna+H3K27me3-ACATTGGCATAGCGAC,0
rna+H3K27me3-ACATTGGCATCATTCC,4
rna+H3K27me3-ACATTGGCATTGGCTC,6
rna+H3K27me3-ACATTGGCCAAGGAGC,5
rna+H3K27me3-ACATTGGCCACCTTAC,11
rna+H3K27me3-ACATTGGCCCATCCTC,4
rna+H3K27me3-ACATTGGCCCGACAAC,7
rna+H3K27me3-ACATTGGCCCTAATCC,3
rna+H3K27me3-ACATTGGCCCTCTATC,3
rna+H3K27me3-ACATTGGCCGACACAC,7
rna+H3K27me3-ACATTGGCCGCTGATC,3
rna+H3K27me3-ACATTGGCCGGATTGC,3
rna+H3K27me3-ACATTGGCCTAAGGTC,5
rna+H3K27me3-ACATTGGCGAACAGGC,3
rna+H3K27me3-ACATTGGCGACAGTGC,6
rna+H3K27me3-ACATTGGCGAGTTAGC,5
rna+H3K27me3-ACATTGGCGATGAATC,4
rna+H3K27me3-ACATTGGCGCCAAGAC,4
rna+H3K27me3-ACATTGGCCGGAAGAA,3
rna+H3K27me3-ACATTGGCGTGACAAG,8
rna+H3K27me3-ACATTGGCGAACCAGA,14
rna+H3K27me3-ACCACTGTACAAGCTA,12
rna+H3K27me3-ACCACTGTTTGCTGGA,3
rna+H3K27me3-ACCACTGTCTGTAGCC,2
rna+H3K27me3-ACCACTGTAGTACAAG,14
rna+H3K27me3-ACCACTGTAACAACCA,1
rna+H3K27me3-ACCACTGTAACCGAGA,1
rna+H3K27me3-ACCACTGTAACGCTTA,1
rna+H3K27me3-ACCACTGTAAGACGGA,1
rna+H3K27me3-ACCACTGTAAGGTACA,1
rna+H3K27me3-ACCACTGTACACAGAA,1
rna+H3K27me3-ACCACTGTACAGCAGA,1
rna+H3K27me3-ACCACTGTACCTCCAA,3
rna+H3K27me3-ACCACTGTACGCTCGA,1
rna+H3K27me3-ACCACTGTACGTATCA,10
rna+H3K27me3-ACCACTGTACTATGCA,4
rna+H3K27me3-ACCACTGTAGAGTCAA,2
rna+H3K27me3-ACCACTGTAGATCGCA,8
rna+H3K27me3-ACCACTGTAGCAGGAA,5
rna+H3K27me3-ACCACTGTAGTCACTA,1
rna+H3K27me3-ACCACTGTATCCTGTA,2
rna+H3K27me3-ACCACTGTATTGAGGA,7
rna+H3K27me3-ACCACTGTCAACCACA,4
rna+H3K27me3-ACCACTGTGACTAGTA,3
rna+H3K27me3-ACCACTGTCAATGGAA,5
rna+H3K27me3-ACCACTGTCACTTCGA,6
rna+H3K27me3-ACCACTGTCAGCGTTA,1
rna+H3K27me3-ACCACTGTCATACCAA,2
rna+H3K27me3-ACCACTGTCCAGTTCA,4
rna+H3K27me3-ACCACTGTCCGAAGTA,0
rna+H3K27me3-ACCACTGTCCGTGAGA,0
rna+H3K27me3-ACCACTGTCCTCCTGA,0
rna+H3K27me3-ACCACTGTCGAACTTA,11
rna+H3K27me3-ACCACTGTCGACTGGA,0
rna+H3K27me3-ACCACTGTCGCATACA,8
rna+H3K27me3-ACCACTGTCTCAATGA,0
rna+H3K27me3-ACCACTGTCTGAGCCA,0
rna+H3K27me3-ACCACTGTCTGGCATA,0
rna+H3K27me3-ACCACTGTGAATCTGA,0
rna+H3K27me3-ACCACTGTCAAGACTA,0
rna+H3K27me3-ACCACTGTGAGCTGAA,0
rna+H3K27me3-ACCACTGTGATAGACA,0
rna+H3K27me3-ACCACTGTACCACTGT,4
rna+H3K27me3-ACCACTGTGCCACATA,0
rna+H3K27me3-ACCACTGTGCGAGTAA,0
rna+H3K27me3-ACCACTGTGCTAACGA,0
rna+H3K27me3-ACCACTGTGCTCGGTA,7
rna+H3K27me3-ACCACTGTGGAGAACA,0
rna+H3K27me3-ACCACTGTGGTGCGAA,9
rna+H3K27me3-ACCACTGTGTACGCAA,12
rna+H3K27me3-ACCACTGTGTCGTAGA,0
rna+H3K27me3-ACCACTGTGTCTGTCA,7
rna+H3K27me3-ACCACTGTGTGTTCTA,0
rna+H3K27me3-ACCACTGTACATTGGC,5
rna+H3K27me3-ACCACTGTTAGGATGA,7
rna+H3K27me3-ACCACTGTTATCAGCA,3
rna+H3K27me3-ACCACTGTTCCGTCTA,0
rna+H3K27me3-ACCACTGTTCTTCACA,9
rna+H3K27me3-ACCACTGTTGAAGAGA,8
rna+H3K27me3-ACCACTGTTGGAACAA,8
rna+H3K27me3-ACCACTGTTGGCTTCA,0
rna+H3K27me3-ACCACTGTTGGTGGTA,0
rna+H3K27me3-ACCACTGTTTCACGCA,0
rna+H3K27me3-ACCACTGTAACTCACC,0
rna+H3K27me3-ACCACTGTCAGATCTG,6
rna+H3K27me3-ACCACTGTAAGAGATC,8
rna+H3K27me3-ACCACTGTAAGGACAC,7
rna+H3K27me3-ACCACTGTAATCCGTC,8
rna+H3K27me3-ACCACTGTAATGTTGC,7
rna+H3K27me3-ACCACTGTACACGACC,6
rna+H3K27me3-ACCACTGTACAGATTC,8
rna+H3K27me3-ACCACTGTAGATGTAC,7
rna+H3K27me3-ACCACTGTAGCACCTC,7
rna+H3K27me3-ACCACTGTAGCCATGC,8
rna+H3K27me3-ACCACTGTAGGCTAAC,8
rna+H3K27me3-ACCACTGTCATCAAGT,3
rna+H3K27me3-ACCACTGTATAGCGAC,7
rna+H3K27me3-ACCACTGTATCATTCC,8
rna+H3K27me3-ACCACTGTATTGGCTC,8
rna+H3K27me3-ACCACTGTCAAGGAGC,10
rna+H3K27me3-ACCACTGTCACCTTAC,5
rna+H3K27me3-ACCACTGTCCATCCTC,4
rna+H3K27me3-ACCACTGTCCGACAAC,7
rna+H3K27me3-ACCACTGTCCTAATCC,7
rna+H3K27me3-ACCACTGTCCTCTATC,7
rna+H3K27me3-ACCACTGTCGACACAC,4
rna+H3K27me3-ACCACTGTCGCTGATC,3
rna+H3K27me3-ACCACTGTCGGATTGC,8
rna+H3K27me3-ACCACTGTCTAAGGTC,1
rna+H3K27me3-ACCACTGTGAACAGGC,7
rna+H3K27me3-ACCACTGTGACAGTGC,3
rna+H3K27me3-ACCACTGTGAGTTAGC,12
rna+H3K27me3-ACCACTGTGATGAATC,4
rna+H3K27me3-ACCACTGTGCCAAGAC,3
rna+H3K27me3-ACCACTGTCGGAAGAA,2
rna+H3K27me3-ACCACTGTGTGACAAG,0
rna+H3K27me3-ACCACTGTGAACCAGA,8
rna+H3K27me3-AGTGGTCAACAAGCTA,3
rna+H3K27me3-AGTGGTCATTGCTGGA,3
rna+H3K27me3-AGTGGTCACTGTAGCC,6
rna+H3K27me3-AGTGGTCAAGTACAAG,2
rna+H3K27me3-AGTGGTCAAACAACCA,7
rna+H3K27me3-AGTGGTCAAACCGAGA,2
rna+H3K27me3-AGTGGTCAAACGCTTA,1
rna+H3K27me3-AGTGGTCAAAGACGGA,1
rna+H3K27me3-AGTGGTCAAAGGTACA,1
rna+H3K27me3-AGTGGTCAACACAGAA,1
rna+H3K27me3-AGTGGTCAACAGCAGA,1
rna+H3K27me3-AGTGGTCAACCTCCAA,1
rna+H3K27me3-AGTGGTCAACGCTCGA,9
rna+H3K27me3-AGTGGTCAACGTATCA,4
rna+H3K27me3-AGTGGTCAACTATGCA,1
rna+H3K27me3-AGTGGTCAAGAGTCAA,8
rna+H3K27me3-AGTGGTCAAGATCGCA,2
rna+H3K27me3-AGTGGTCAAGCAGGAA,9
rna+H3K27me3-AGTGGTCAAGTCACTA,4
rna+H3K27me3-AGTGGTCAATCCTGTA,5
rna+H3K27me3-AGTGGTCAATTGAGGA,3
rna+H3K27me3-AGTGGTCACAACCACA,6
rna+H3K27me3-AGTGGTCAGACTAGTA,9
rna+H3K27me3-AGTGGTCACAATGGAA,12
rna+H3K27me3-AGTGGTCACACTTCGA,5
rna+H3K27me3-AGTGGTCACAGCGTTA,4
rna+H3K27me3-AGTGGTCACATACCAA,4
rna+H3K27me3-AGTGGTCACCAGTTCA,7
rna+H3K27me3-AGTGGTCACCGAAGTA,0
rna+H3K27me3-AGTGGTCACCGTGAGA,0
rna+H3K27me3-AGTGGTCACCTCCTGA,0
rna+H3K27me3-AGTGGTCACGAACTTA,0
rna+H3K27me3-AGTGGTCACGACTGGA,1
rna+H3K27me3-AGTGGTCACGCATACA,12
rna+H3K27me3-AGTGGTCACTCAATGA,0
rna+H3K27me3-AGTGGTCACTGAGCCA,0
rna+H3K27me3-AGTGGTCACTGGCATA,0
rna+H3K27me3-AGTGGTCAGAATCTGA,3
rna+H3K27me3-AGTGGTCACAAGACTA,0
rna+H3K27me3-AGTGGTCAGAGCTGAA,0
rna+H3K27me3-AGTGGTCAGATAGACA,0
rna+H3K27me3-AGTGGTCAACCACTGT,5
rna+H3K27me3-AGTGGTCAGCCACATA,0
rna+H3K27me3-AGTGGTCAGCGAGTAA,0
rna+H3K27me3-AGTGGTCAGCTAACGA,8
rna+H3K27me3-AGTGGTCAGCTCGGTA,0
rna+H3K27me3-AGTGGTCAGGAGAACA,0
rna+H3K27me3-AGTGGTCAGGTGCGAA,7
rna+H3K27me3-AGTGGTCAGTACGCAA,3
rna+H3K27me3-AGTGGTCAGTCGTAGA,0
rna+H3K27me3-AGTGGTCAGTCTGTCA,0
rna+H3K27me3-AGTGGTCAGTGTTCTA,8
rna+H3K27me3-AGTGGTCAACATTGGC,3
rna+H3K27me3-AGTGGTCATAGGATGA,0
rna+H3K27me3-AGTGGTCATATCAGCA,0
rna+H3K27me3-AGTGGTCATCCGTCTA,6
rna+H3K27me3-AGTGGTCATCTTCACA,0
rna+H3K27me3-AGTGGTCATGAAGAGA,0
rna+H3K27me3-AGTGGTCATGGAACAA,0
rna+H3K27me3-AGTGGTCATGGCTTCA,7
rna+H3K27me3-AGTGGTCATGGTGGTA,0
rna+H3K27me3-AGTGGTCATTCACGCA,13
rna+H3K27me3-AGTGGTCAAACTCACC,0
rna+H3K27me3-AGTGGTCACAGATCTG,7
rna+H3K27me3-AGTGGTCAAAGAGATC,11
rna+H3K27me3-AGTGGTCAAAGGACAC,4
rna+H3K27me3-AGTGGTCAAATCCGTC,7
rna+H3K27me3-AGTGGTCAAATGTTGC,3
rna+H3K27me3-AGTGGTCAACACGACC,4
rna+H3K27me3-AGTGGTCAACAGATTC,0
rna+H3K27me3-AGTGGTCAAGATGTAC,8
rna+H3K27me3-AGTGGTCAAGCACCTC,7
rna+H3K27me3-AGTGGTCAAGCCATGC,5
rna+H3K27me3-AGTGGTCAAGGCTAAC,7
rna+H3K27me3-AGTGGTCACATCAAGT,3
rna+H3K27me3-AGTGGTCAATAGCGAC,4
rna+H3K27me3-AGTGGTCAATCATTCC,4
rna+H3K27me3-AGTGGTCAATTGGCTC,14
rna+H3K27me3-AGTGGTCACAAGGAGC,7
rna+H3K27me3-AGTGGTCACACCTTAC,9
rna+H3K27me3-AGTGGTCACCATCCTC,4
rna+H3K27me3-AGTGGTCACCGACAAC,4
rna+H3K27me3-AGTGGTCACCTAATCC,8
rna+H3K27me3-AGTGGTCACCTCTATC,8
rna+H3K27me3-AGTGGTCACGACACAC,4
rna+H3K27me3-AGTGGTCACGCTGATC,6
rna+H3K27me3-AGTGGTCACGGATTGC,5
rna+H3K27me3-AGTGGTCACTAAGGTC,3
rna+H3K27me3-AGTGGTCAGAACAGGC,3
rna+H3K27me3-AGTGGTCAGACAGTGC,3
rna+H3K27me3-AGTGGTCAGAGTTAGC,8
rna+H3K27me3-AGTGGTCAGATGAATC,8
rna+H3K27me3-AGTGGTCAGCCAAGAC,7
rna+H3K27me3-AGTGGTCACGGAAGAA,5
rna+H3K27me3-AGTGGTCAGTGACAAG,5
rna+H3K27me3-AGTGGTCAGAACCAGA,8
rna+H3K27me3-ATGCCTAAACAAGCTA,3
rna+H3K27me3-ATGCCTAATTGCTGGA,10
rna+H3K27me3-ATGCCTAACTGTAGCC,3
rna+H3K27me3-ATGCCTAAAGTACAAG,3
rna+H3K27me3-ATGCCTAAAACAACCA,1
rna+H3K27me3-ATGCCTAAAACCGAGA,1
rna+H3K27me3-ATGCCTAAAACGCTTA,1
rna+H3K27me3-ATGCCTAAAAGACGGA,1
rna+H3K27me3-ATGCCTAAAAGGTACA,1
rna+H3K27me3-ATGCCTAAACACAGAA,1
rna+H3K27me3-ATGCCTAAACAGCAGA,1
rna+H3K27me3-ATGCCTAAACCTCCAA,10
rna+H3K27me3-ATGCCTAAACGCTCGA,1
rna+H3K27me3-ATGCCTAAACGTATCA,1
rna+H3K27me3-ATGCCTAAACTATGCA,1
rna+H3K27me3-ATGCCTAAAGAGTCAA,11
rna+H3K27me3-ATGCCTAAAGATCGCA,2
rna+H3K27me3-ATGCCTAAAGCAGGAA,11
rna+H3K27me3-ATGCCTAAAGTCACTA,2
rna+H3K27me3-ATGCCTAAATCCTGTA,6
rna+H3K27me3-ATGCCTAAATTGAGGA,3
rna+H3K27me3-ATGCCTAACAACCACA,6
rna+H3K27me3-ATGCCTAAGACTAGTA,7
rna+H3K27me3-ATGCCTAACAATGGAA,3
rna+H3K27me3-ATGCCTAACACTTCGA,5
rna+H3K27me3-ATGCCTAACAGCGTTA,5
rna+H3K27me3-ATGCCTAACATACCAA,7
rna+H3K27me3-ATGCCTAACCAGTTCA,0
rna+H3K27me3-ATGCCTAACCGAAGTA,7
rna+H3K27me3-ATGCCTAACCGTGAGA,0
rna+H3K27me3-ATGCCTAACCTCCTGA,0
rna+H3K27me3-ATGCCTAACGAACTTA,0
rna+H3K27me3-ATGCCTAACGACTGGA,10
rna+H3K27me3-ATGCCTAACGCATACA,0
rna+H3K27me3-ATGCCTAACTCAATGA,6
rna+H3K27me3-ATGCCTAACTGAGCCA,0
rna+H3K27me3-ATGCCTAACTGGCATA,10
rna+H3K27me3-ATGCCTAAGAATCTGA,0
rna+H3K27me3-ATGCCTAACAAGACTA,0
rna+H3K27me3-ATGCCTAAGAGCTGAA,0
rna+H3K27me3-ATGCCTAAGATAGACA,0
rna+H3K27me3-ATGCCTAAGCCACATA,7
rna+H3K27me3-ATGCCTAAGCGAGTAA,0
rna+H3K27me3-ATGCCTAAGCTAACGA,0
rna+H3K27me3-ATGCCTAAGCTCGGTA,6
rna+H3K27me3-ATGCCTAAGGAGAACA,9
rna+H3K27me3-ATGCCTAAGGTGCGAA,0
rna+H3K27me3-ATGCCTAAGTACGCAA,0
rna+H3K27me3-ATGCCTAAGTCGTAGA,6
rna+H3K27me3-ATGCCTAAGTCTGTCA,0
rna+H3K27me3-ATGCCTAAGTGTTCTA,0
rna+H3K27me3-ATGCCTAAACATTGGC,12
rna+H3K27me3-ATGCCTAATAGGATGA,0
rna+H3K27me3-ATGCCTAATATCAGCA,0
rna+H3K27me3-ATGCCTAATCCGTCTA,0
rna+H3K27me3-ATGCCTAATCTTCACA,0
rna+H3K27me3-ATGCCTAATGAAGAGA,12
rna+H3K27me3-ATGCCTAATGGAACAA,0
rna+H3K27me3-ATGCCTAATGGCTTCA,0
rna+H3K27me3-ATGCCTAATGGTGGTA,12
rna+H3K27me3-ATGCCTAATTCACGCA,8
rna+H3K27me3-ATGCCTAAAACTCACC,10
rna+H3K27me3-ATGCCTAACAGATCTG,3
rna+H3K27me3-ATGCCTAAAAGAGATC,0
rna+H3K27me3-ATGCCTAAAAGGACAC,5
rna+H3K27me3-ATGCCTAAAATCCGTC,3
rna+H3K27me3-ATGCCTAAAATGTTGC,5
rna+H3K27me3-ATGCCTAAACACGACC,7
rna+H3K27me3-ATGCCTAAACAGATTC,5
rna+H3K27me3-ATGCCTAAAGATGTAC,7
rna+H3K27me3-ATGCCTAAAGCACCTC,7
rna+H3K27me3-ATGCCTAAAGCCATGC,6
rna+H3K27me3-ATGCCTAAAGGCTAAC,3
rna+H3K27me3-ATGCCTAACATCAAGT,6
rna+H3K27me3-ATGCCTAAATAGCGAC,3
rna+H3K27me3-ATGCCTAAATCATTCC,7
rna+H3K27me3-ATGCCTAAATTGGCTC,4
rna+H3K27me3-ATGCCTAACAAGGAGC,4
rna+H3K27me3-ATGCCTAACACCTTAC,4
rna+H3K27me3-ATGCCTAACCATCCTC,12
rna+H3K27me3-ATGCCTAACCGACAAC,6
rna+H3K27me3-ATGCCTAACCTAATCC,11
rna+H3K27me3-ATGCCTAACCTCTATC,8
rna+H3K27me3-ATGCCTAACGACACAC,7
rna+H3K27me3-ATGCCTAACGCTGATC,3
rna+H3K27me3-ATGCCTAACGGATTGC,4
rna+H3K27me3-ATGCCTAACTAAGGTC,7
rna+H3K27me3-ATGCCTAAGAACAGGC,4
rna+H3K27me3-ATGCCTAAGACAGTGC,7
rna+H3K27me3-ATGCCTAAGAGTTAGC,3
rna+H3K27me3-ATGCCTAAGATGAATC,9
rna+H3K27me3-ATGCCTAAGCCAAGAC,10
rna+H3K27me3-ATGCCTAACGGAAGAA,7
rna+H3K27me3-ATGCCTAAGTGACAAG,7
rna+H3K27me3-ATGCCTAAGAACCAGA,6
rna+H3K27me3-AAACATCGACAAGCTA,1
rna+H3K27me3-AAACATCGTTGCTGGA,11
rna+H3K27me3-AAACATCGCTGTAGCC,12
rna+H3K27me3-AAACATCGAGTACAAG,9
rna+H3K27me3-AAACATCGAACAACCA,6
rna+H3K27me3-AAACATCGAACCGAGA,1
rna+H3K27me3-AAACATCGAACGCTTA,2
rna+H3K27me3-AAACATCGAAGACGGA,8
rna+H3K27me3-AAACATCGAAGGTACA,5
rna+H3K27me3-AAACATCGACACAGAA,1
rna+H3K27me3-AAACATCGACAGCAGA,1
rna+H3K27me3-AAACATCGACCTCCAA,1
rna+H3K27me3-AAACATCGACGCTCGA,1
rna+H3K27me3-AAACATCGACGTATCA,1
rna+H3K27me3-AAACATCGACTATGCA,1
rna+H3K27me3-AAACATCGAGAGTCAA,5
rna+H3K27me3-AAACATCGAGATCGCA,1
rna+H3K27me3-AAACATCGAGCAGGAA,1
rna+H3K27me3-AAACATCGAGTCACTA,5
rna+H3K27me3-AAACATCGATCCTGTA,12
rna+H3K27me3-AAACATCGATTGAGGA,4
rna+H3K27me3-AAACATCGCAACCACA,4
rna+H3K27me3-AAACATCGGACTAGTA,3
rna+H3K27me3-AAACATCGCAATGGAA,5
rna+H3K27me3-AAACATCGCACTTCGA,5
rna+H3K27me3-AAACATCGCAGCGTTA,1
rna+H3K27me3-AAACATCGCATACCAA,11
rna+H3K27me3-AAACATCGCCAGTTCA,7
rna+H3K27me3-AAACATCGCCGAAGTA,3
rna+H3K27me3-AAACATCGCCGTGAGA,0
rna+H3K27me3-AAACATCGCCTCCTGA,0
rna+H3K27me3-AAACATCGCGAACTTA,0
rna+H3K27me3-AAACATCGCGACTGGA,0
rna+H3K27me3-AAACATCGCGCATACA,5
rna+H3K27me3-AAACATCGCTCAATGA,0
rna+H3K27me3-AAACATCGCTGAGCCA,0
rna+H3K27me3-AAACATCGCTGGCATA,0
rna+H3K27me3-AAACATCGGAATCTGA,0
rna+H3K27me3-AAACATCGCAAGACTA,4
rna+H3K27me3-AAACATCGGAGCTGAA,5
rna+H3K27me3-AAACATCGGATAGACA,0
rna+H3K27me3-AAACATCGGCCACATA,0
rna+H3K27me3-AAACATCGGCGAGTAA,5
rna+H3K27me3-AAACATCGGCTAACGA,0
rna+H3K27me3-AAACATCGGCTCGGTA,0
rna+H3K27me3-AAACATCGGGAGAACA,11
rna+H3K27me3-AAACATCGGGTGCGAA,6
rna+H3K27me3-AAACATCGGTACGCAA,0
rna+H3K27me3-AAACATCGGTCGTAGA,0
rna+H3K27me3-AAACATCGGTCTGTCA,5
rna+H3K27me3-AAACATCGGTGTTCTA,0
rna+H3K27me3-AAACATCGACATTGGC,11
rna+H3K27me3-AAACATCGTAGGATGA,0
rna+H3K27me3-AAACATCGTATCAGCA,0
rna+H3K27me3-AAACATCGTCCGTCTA,0
rna+H3K27me3-AAACATCGTCTTCACA,0
rna+H3K27me3-AAACATCGTGAAGAGA,0
rna+H3K27me3-AAACATCGTGGAACAA,8
rna+H3K27me3-AAACATCGTGGCTTCA,0
rna+H3K27me3-AAACATCGTGGTGGTA,7
rna+H3K27me3-AAACATCGTTCACGCA,0
rna+H3K27me3-AAACATCGAACTCACC,8
rna+H3K27me3-AAACATCGCAGATCTG,3
rna+H3K27me3-AAACATCGAAGAGATC,0
rna+H3K27me3-AAACATCGAAGGACAC,4
rna+H3K27me3-AAACATCGAATCCGTC,7
rna+H3K27me3-AAACATCGAATGTTGC,5
rna+H3K27me3-AAACATCGACACGACC,7
rna+H3K27me3-AAACATCGACAGATTC,6
rna+H3K27me3-AAACATCGAGATGTAC,5
rna+H3K27me3-AAACATCGAGCACCTC,7
rna+H3K27me3-AAACATCGAGCCATGC,8
rna+H3K27me3-AAACATCGAGGCTAAC,7
rna+H3K27me3-AAACATCGCATCAAGT,3
rna+H3K27me3-AAACATCGATAGCGAC,9
rna+H3K27me3-AAACATCGATCATTCC,3
rna+H3K27me3-AAACATCGATTGGCTC,10
rna+H3K27me3-AAACATCGCAAGGAGC,7
rna+H3K27me3-AAACATCGCACCTTAC,6
rna+H3K27me3-AAACATCGCCATCCTC,7
rna+H3K27me3-AAACATCGCCGACAAC,9
rna+H3K27me3-AAACATCGCCTAATCC,7
rna+H3K27me3-AAACATCGCCTCTATC,8
rna+H3K27me3-AAACATCGCGACACAC,4
rna+H3K27me3-AAACATCGCGCTGATC,6
rna+H3K27me3-AAACATCGCGGATTGC,8
rna+H3K27me3-AAACATCGCTAAGGTC,4
rna+H3K27me3-AAACATCGGAACAGGC,8
rna+H3K27me3-AAACATCGGACAGTGC,4
rna+H3K27me3-AAACATCGGAGTTAGC,3
rna+H3K27me3-AAACATCGGATGAATC,3
rna+H3K27me3-AAACATCGGCCAAGAC,9
rna+H3K27me3-AAACATCGCGGAAGAA,3
rna+H3K27me3-AAACATCGGTGACAAG,13
rna+H3K27me3-AAACATCGGAACCAGA,4
rna+H3K27me3-GAACAGGCAACGTGAT,3
rna+H3K27me3-GAACAGGCACAAGCTA,3
rna+H3K27me3-GAACAGGCTTGCTGGA,8
rna+H3K27me3-GAACAGGCCTGTAGCC,1
rna+H3K27me3-GAACAGGCAGTACAAG,1
rna+H3K27me3-GAACAGGCAACAACCA,1
rna+H3K27me3-GAACAGGCAACCGAGA,5
rna+H3K27me3-GAACAGGCAACGCTTA,1
rna+H3K27me3-GAACAGGCAAGACGGA,1
rna+H3K27me3-GAACAGGCAAGGTACA,1
rna+H3K27me3-GAACAGGCACACAGAA,1
rna+H3K27me3-GAACAGGCACAGCAGA,1
rna+H3K27me3-GAACAGGCAAACATCG,6
rna+H3K27me3-GAACAGGCACCTCCAA,1
rna+H3K27me3-GAACAGGCACGCTCGA,10
rna+H3K27me3-GAACAGGCACGTATCA,1
rna+H3K27me3-GAACAGGCACTATGCA,1
rna+H3K27me3-GAACAGGCAGAGTCAA,1
rna+H3K27me3-GAACAGGCAGATCGCA,13
rna+H3K27me3-GAACAGGCAGCAGGAA,10
rna+H3K27me3-GAACAGGCAGTCACTA,1
rna+H3K27me3-GAACAGGCATCCTGTA,2
rna+H3K27me3-GAACAGGCATTGAGGA,12
rna+H3K27me3-GAACAGGCATGCCTAA,2
rna+H3K27me3-GAACAGGCCAACCACA,5
rna+H3K27me3-GAACAGGCGACTAGTA,1
rna+H3K27me3-GAACAGGCCAATGGAA,1
rna+H3K27me3-GAACAGGCCACTTCGA,3
rna+H3K27me3-GAACAGGCCAGCGTTA,2
rna+H3K27me3-GAACAGGCCATACCAA,3
rna+H3K27me3-GAACAGGCCCAGTTCA,2
rna+H3K27me3-GAACAGGCCCGAAGTA,1
rna+H3K27me3-GAACAGGCCCGTGAGA,11
rna+H3K27me3-GAACAGGCCCTCCTGA,5
rna+H3K27me3-GAACAGGCAGTGGTCA,9
rna+H3K27me3-GAACAGGCCGAACTTA,1
rna+H3K27me3-GAACAGGCCGACTGGA,3
rna+H3K27me3-GAACAGGCCGCATACA,1
rna+H3K27me3-GAACAGGCCTCAATGA,5
rna+H3K27me3-GAACAGGCCTGAGCCA,1
rna+H3K27me3-GAACAGGCCTGGCATA,1
rna+H3K27me3-GAACAGGCGAATCTGA,3
rna+H3K27me3-GAACAGGCCAAGACTA,1
rna+H3K27me3-GAACAGGCGAGCTGAA,1
rna+H3K27me3-GAACAGGCGATAGACA,3
rna+H3K27me3-GAACAGGCACCACTGT,1
rna+H3K27me3-GAACAGGCGCCACATA,3
rna+H3K27me3-GAACAGGCGCGAGTAA,2
rna+H3K27me3-GAACAGGCGCTAACGA,4
rna+H3K27me3-GAACAGGCGCTCGGTA,2
rna+H3K27me3-GAACAGGCGGAGAACA,1
rna+H3K27me3-GAACAGGCGGTGCGAA,7
rna+H3K27me3-GAACAGGCGTACGCAA,13
rna+H3K27me3-GAACAGGCGTCGTAGA,5
rna+H3K27me3-GAACAGGCGTCTGTCA,1
rna+H3K27me3-GAACAGGCGTGTTCTA,2
rna+H3K27me3-GAACAGGCACATTGGC,3
rna+H3K27me3-GAACAGGCTAGGATGA,2
rna+H3K27me3-GAACAGGCTATCAGCA,2
rna+H3K27me3-GAACAGGCTCCGTCTA,5
rna+H3K27me3-GAACAGGCTCTTCACA,2
rna+H3K27me3-GAACAGGCTGAAGAGA,2
rna+H3K27me3-GAACAGGCTGGAACAA,2
rna+H3K27me3-GAACAGGCTGGCTTCA,2
rna+H3K27me3-GAACAGGCTGGTGGTA,14
rna+H3K27me3-GAACAGGCTTCACGCA,2
rna+H3K27me3-GAACAGGCAACTCACC,2
rna+H3K27me3-GAACAGGCCAGATCTG,1
rna+H3K27me3-GAACAGGCAAGAGATC,2
rna+H3K27me3-GAACAGGCAAGGACAC,5
rna+H3K27me3-GAACAGGCAATCCGTC,1
rna+H3K27me3-GAACAGGCAATGTTGC,2
rna+H3K27me3-GAACAGGCACACGACC,1
rna+H3K27me3-GAACAGGCACAGATTC,4
rna+H3K27me3-GAACAGGCAGATGTAC,2
rna+H3K27me3-GAACAGGCAGCACCTC,1
rna+H3K27me3-GAACAGGCAGCCATGC,13
rna+H3K27me3-GAACAGGCAGGCTAAC,1
rna+H3K27me3-GAACAGGCCATCAAGT,1
rna+H3K27me3-GAACAGGCATAGCGAC,4
rna+H3K27me3-GAACAGGCATCATTCC,1
rna+H3K27me3-GAACAGGCATTGGCTC,6
rna+H3K27me3-GAACAGGCCAAGGAGC,1
rna+H3K27me3-GAACAGGCCACCTTAC,1
rna+H3K27me3-GAACAGGCCCATCCTC,3
rna+H3K27me3-GAACAGGCCCGACAAC,5
rna+H3K27me3-GAACAGGCCCTAATCC,3
rna+H3K27me3-GAACAGGCCCTCTATC,3
rna+H3K27me3-GAACAGGCCGACACAC,6
rna+H3K27me3-GAACAGGCCGCTGATC,2
rna+H3K27me3-GAACAGGCCGGATTGC,6
rna+H3K27me3-GAACAGGCCTAAGGTC,6
rna+H3K27me3-GAACAGGCGAACAGGC,7
rna+H3K27me3-GAACAGGCGACAGTGC,1
rna+H3K27me3-GAACAGGCGAGTTAGC,1
rna+H3K27me3-GAACAGGCGATGAATC,5
rna+H3K27me3-GAACAGGCGCCAAGAC,1
rna+H3K27me3-GAACAGGCCGGAAGAA,1
rna+H3K27me3-GAACAGGCGTGACAAG,5
rna+H3K27me3-GAACAGGCGAACCAGA,2
