,cluster
mult-CTAAGGTCAACGTGAT,6
mult-CTAAGGTCACAAGCTA,6
mult-CTAAGGTCTTGCTGGA,12
mult-CTAAGGTCCTGTAGCC,6
mult-CTAAGGTCAGTACAAG,6
mult-CTAAGGTCAACAACCA,6
mult-CTAAGGTCAACCGAGA,6
mult-CTAAGGTCAACGCTTA,6
mult-CTAAGGTCAAGACGGA,6
mult-CTAAGGTCAAGGTACA,6
mult-CTAAGGTCACACAGAA,6
mult-CTAAGGTCACAGCAGA,6
mult-CTAAGGTCAAACATCG,6
mult-CTAAGGTCACCTCCAA,6
mult-CTAAGGTCACGCTCGA,6
mult-CTAAGGTCACGTATCA,6
mult-CTAAGGTCACTATGCA,4
mult-CTAAGGTCAGAGTCAA,6
mult-CTAAGGTCAGATCGCA,12
mult-CTAAGGTCAGCAGGAA,12
mult-CTAAGGTCAGTCACTA,12
mult-CTAAGGTCATCCTGTA,12
mult-CTAAGGTCATTGAGGA,12
mult-CTAAGGTCATGCCTAA,6
mult-CTAAGGTCCAACCACA,12
mult-CTAAGGTCGACTAGTA,12
mult-CTAAGGTCCAATGGAA,12
mult-CTAAGGTCCACTTCGA,12
mult-CTAAGGTCCAGCGTTA,12
mult-CTAAGGTCCATACCAA,12
mult-CTAAGGTCCCAGTTCA,12
mult-CTAAGGTCCCGAAGTA,12
mult-CTAAGGTCCCGTGAGA,12
mult-CTAAGGTCCCTCCTGA,4
mult-CTAAGGTCAGTGGTCA,6
mult-CTAAGGTCCGAACTTA,12
mult-CTAAGGTCCGACTGGA,4
mult-CTAAGGTCCGCATACA,12
mult-CTAAGGTCCTCAATGA,12
mult-CTAAGGTCCTGAGCCA,12
mult-CTAAGGTCCTGGCATA,12
mult-CTAAGGTCGAATCTGA,12
mult-CTAAGGTCCAAGACTA,12
mult-CTAAGGTCGAGCTGAA,8
mult-CTAAGGTCGATAGACA,9
mult-CTAAGGTCACCACTGT,6
mult-CTAAGGTCGCCACATA,9
mult-CTAAGGTCGCGAGTAA,9
mult-CTAAGGTCGCTAACGA,9
mult-CTAAGGTCGCTCGGTA,9
mult-CTAAGGTCGGAGAACA,9
mult-CTAAGGTCGGTGCGAA,9
mult-CTAAGGTCGTACGCAA,9
mult-CTAAGGTCGTCGTAGA,9
mult-CTAAGGTCGTCTGTCA,9
mult-CTAAGGTCGTGTTCTA,9
mult-CTAAGGTCACATTGGC,6
mult-CTAAGGTCTAGGATGA,9
mult-CTAAGGTCTATCAGCA,9
mult-CTAAGGTCTCCGTCTA,9
mult-CTAAGGTCTCTTCACA,9
mult-CTAAGGTCTGAAGAGA,9
mult-CTAAGGTCTGGAACAA,9
mult-CTAAGGTCTGGCTTCA,9
mult-CTAAGGTCTGGTGGTA,9
mult-CTAAGGTCTTCACGCA,9
mult-CTAAGGTCAACTCACC,9
mult-CTAAGGTCCAGATCTG,6
mult-CTAAGGTCAAGAGATC,12
mult-CTAAGGTCAAGGACAC,12
mult-CTAAGGTCAATCCGTC,12
mult-CTAAGGTCAATGTTGC,5
mult-CTAAGGTCACACGACC,12
mult-CTAAGGTCACAGATTC,4
mult-CTAAGGTCAGATGTAC,12
mult-CTAAGGTCAGCACCTC,4
mult-CTAAGGTCAGCCATGC,5
mult-CTAAGGTCAGGCTAAC,5
mult-CTAAGGTCCATCAAGT,6
mult-CTAAGGTCATAGCGAC,5
mult-CTAAGGTCATCATTCC,5
mult-CTAAGGTCATTGGCTC,5
mult-CTAAGGTCCAAGGAGC,5
mult-CTAAGGTCCACCTTAC,5
mult-CTAAGGTCCCATCCTC,5
mult-CTAAGGTCCCGACAAC,12
mult-CTAAGGTCCCTAATCC,12
mult-CTAAGGTCCCTCTATC,12
mult-CTAAGGTCCGACACAC,5
mult-CTAAGGTCCGCTGATC,6
mult-CTAAGGTCCGGATTGC,10
mult-CTAAGGTCCTAAGGTC,10
mult-CTAAGGTCGAACAGGC,10
mult-CTAAGGTCGACAGTGC,10
mult-CTAAGGTCGAGTTAGC,10
mult-CTAAGGTCGATGAATC,8
mult-CTAAGGTCGCCAAGAC,12
mult-CTAAGGTCCGGAAGAA,12
mult-CTAAGGTCGTGACAAG,12
mult-CTAAGGTCGAACCAGA,12
mult-CGGATTGCAACGTGAT,6
mult-CGGATTGCACAAGCTA,6
mult-CGGATTGCTTGCTGGA,12
mult-CGGATTGCCTGTAGCC,6
mult-CGGATTGCAGTACAAG,6
mult-CGGATTGCAACAACCA,6
mult-CGGATTGCAACCGAGA,6
mult-CGGATTGCAACGCTTA,6
mult-CGGATTGCAAGACGGA,6
mult-CGGATTGCAAGGTACA,6
mult-CGGATTGCACACAGAA,6
mult-CGGATTGCACAGCAGA,6
mult-CGGATTGCAAACATCG,6
mult-CGGATTGCACCTCCAA,6
mult-CGGATTGCACGCTCGA,6
mult-CGGATTGCACGTATCA,4
mult-CGGATTGCACTATGCA,6
mult-CGGATTGCAGAGTCAA,12
mult-CGGATTGCAGATCGCA,12
mult-CGGATTGCAGCAGGAA,12
mult-CGGATTGCAGTCACTA,12
mult-CGGATTGCATCCTGTA,12
mult-CGGATTGCATTGAGGA,4
mult-CGGATTGCATGCCTAA,6
mult-CGGATTGCCAACCACA,4
mult-CGGATTGCGACTAGTA,4
mult-CGGATTGCCAATGGAA,12
mult-CGGATTGCCACTTCGA,12
mult-CGGATTGCCAGCGTTA,12
mult-CGGATTGCCATACCAA,8
mult-CGGATTGCCCAGTTCA,8
mult-CGGATTGCCCGAAGTA,12
mult-CGGATTGCCCGTGAGA,12
mult-CGGATTGCCCTCCTGA,12
mult-CGGATTGCAGTGGTCA,6
mult-CGGATTGCCGAACTTA,12
mult-CGGATTGCCGACTGGA,12
mult-CGGATTGCCGCATACA,4
mult-CGGATTGCCTCAATGA,12
mult-CGGATTGCCTGAGCCA,12
mult-CGGATTGCCTGGCATA,12
mult-CGGATTGCGAATCTGA,9
mult-CGGATTGCCAAGACTA,12
mult-CGGATTGCGAGCTGAA,4
mult-CGGATTGCGATAGACA,9
mult-CGGATTGCACCACTGT,6
mult-CGGATTGCGCCACATA,9
mult-CGGATTGCGCGAGTAA,9
mult-CGGATTGCGCTAACGA,9
mult-CGGATTGCGCTCGGTA,9
mult-CGGATTGCGGAGAACA,9
mult-CGGATTGCGGTGCGAA,9
mult-CGGATTGCGTACGCAA,9
mult-CGGATTGCGTCGTAGA,9
mult-CGGATTGCGTCTGTCA,9
mult-CGGATTGCGTGTTCTA,9
mult-CGGATTGCACATTGGC,6
mult-CGGATTGCTAGGATGA,9
mult-CGGATTGCTATCAGCA,9
mult-CGGATTGCTCCGTCTA,9
mult-CGGATTGCTCTTCACA,9
mult-CGGATTGCTGAAGAGA,9
mult-CGGATTGCTGGAACAA,9
mult-CGGATTGCTGGCTTCA,9
mult-CGGATTGCTGGTGGTA,9
mult-CGGATTGCTTCACGCA,9
mult-CGGATTGCAACTCACC,9
mult-CGGATTGCCAGATCTG,6
mult-CGGATTGCAAGAGATC,9
mult-CGGATTGCAAGGACAC,10
mult-CGGATTGCAATCCGTC,5
mult-CGGATTGCAATGTTGC,5
mult-CGGATTGCACACGACC,5
mult-CGGATTGCACAGATTC,12
mult-CGGATTGCAGATGTAC,5
mult-CGGATTGCAGCACCTC,4
mult-CGGATTGCAGCCATGC,4
mult-CGGATTGCAGGCTAAC,12
mult-CGGATTGCCATCAAGT,6
mult-CGGATTGCATAGCGAC,12
mult-CGGATTGCATCATTCC,5
mult-CGGATTGCATTGGCTC,5
mult-CGGATTGCCAAGGAGC,8
mult-CGGATTGCCACCTTAC,12
mult-CGGATTGCCCATCCTC,12
mult-CGGATTGCCCGACAAC,12
mult-CGGATTGCCCTAATCC,5
mult-CGGATTGCCCTCTATC,5
mult-CGGATTGCCGACACAC,5
mult-CGGATTGCCGCTGATC,6
mult-CGGATTGCCGGATTGC,10
mult-CGGATTGCCTAAGGTC,10
mult-CGGATTGCGAACAGGC,10
mult-CGGATTGCGACAGTGC,10
mult-CGGATTGCGAGTTAGC,10
mult-CGGATTGCGATGAATC,8
mult-CGGATTGCGCCAAGAC,5
mult-CGGATTGCCGGAAGAA,12
mult-CGGATTGCGTGACAAG,12
mult-CGGATTGCGAACCAGA,4
mult-CGACACACAACGTGAT,6
mult-CGACACACACAAGCTA,6
mult-CGACACACTTGCTGGA,4
mult-CGACACACCTGTAGCC,6
mult-CGACACACAGTACAAG,6
mult-CGACACACAACAACCA,6
mult-CGACACACAACCGAGA,6
mult-CGACACACAACGCTTA,6
mult-CGACACACAAGACGGA,6
mult-CGACACACAAGGTACA,6
mult-CGACACACACACAGAA,6
mult-CGACACACACAGCAGA,6
mult-CGACACACAAACATCG,6
mult-CGACACACACCTCCAA,6
mult-CGACACACACGCTCGA,4
mult-CGACACACACGTATCA,4
mult-CGACACACACTATGCA,4
mult-CGACACACAGAGTCAA,6
mult-CGACACACAGATCGCA,12
mult-CGACACACAGCAGGAA,12
mult-CGACACACAGTCACTA,12
mult-CGACACACATCCTGTA,12
mult-CGACACACATTGAGGA,12
mult-CGACACACATGCCTAA,6
mult-CGACACACCAACCACA,12
mult-CGACACACGACTAGTA,12
mult-CGACACACCAATGGAA,12
mult-CGACACACCACTTCGA,12
mult-CGACACACCAGCGTTA,12
mult-CGACACACCATACCAA,4
mult-CGACACACCCAGTTCA,8
mult-CGACACACCCGAAGTA,12
mult-CGACACACCCGTGAGA,12
mult-CGACACACCCTCCTGA,4
mult-CGACACACAGTGGTCA,6
mult-CGACACACCGAACTTA,12
mult-CGACACACCGACTGGA,12
mult-CGACACACCGCATACA,12
mult-CGACACACCTCAATGA,9
mult-CGACACACCTGAGCCA,9
mult-CGACACACCTGGCATA,9
mult-CGACACACGAATCTGA,9
mult-CGACACACCAAGACTA,9
mult-CGACACACGAGCTGAA,9
mult-CGACACACGATAGACA,9
mult-CGACACACACCACTGT,6
mult-CGACACACGCCACATA,9
mult-CGACACACGCGAGTAA,9
mult-CGACACACGCTAACGA,9
mult-CGACACACGCTCGGTA,9
mult-CGACACACGGAGAACA,9
mult-CGACACACGGTGCGAA,9
mult-CGACACACGTACGCAA,9
mult-CGACACACGTCGTAGA,9
mult-CGACACACGTCTGTCA,9
mult-CGACACACGTGTTCTA,9
mult-CGACACACACATTGGC,6
mult-CGACACACTAGGATGA,9
mult-CGACACACTATCAGCA,9
mult-CGACACACTCCGTCTA,9
mult-CGACACACTCTTCACA,9
mult-CGACACACTGAAGAGA,9
mult-CGACACACTGGAACAA,9
mult-CGACACACTGGCTTCA,9
mult-CGACACACTGGTGGTA,9
mult-CGACACACTTCACGCA,9
mult-CGACACACAACTCACC,9
mult-CGACACACCAGATCTG,6
mult-CGACACACAAGAGATC,9
mult-CGACACACAAGGACAC,9
mult-CGACACACAATCCGTC,12
mult-CGACACACAATGTTGC,4
mult-CGACACACACACGACC,4
mult-CGACACACACAGATTC,4
mult-CGACACACAGATGTAC,5
mult-CGACACACAGCACCTC,5
mult-CGACACACAGCCATGC,12
mult-CGACACACAGGCTAAC,4
mult-CGACACACCATCAAGT,6
mult-CGACACACATAGCGAC,5
mult-CGACACACATCATTCC,5
mult-CGACACACATTGGCTC,5
mult-CGACACACCAAGGAGC,12
mult-CGACACACCACCTTAC,12
mult-CGACACACCCATCCTC,5
mult-CGACACACCCGACAAC,12
mult-CGACACACCCTAATCC,12
mult-CGACACACCCTCTATC,12
mult-CGACACACCGACACAC,10
mult-CGACACACCGCTGATC,6
mult-CGACACACCGGATTGC,10
mult-CGACACACCTAAGGTC,10
mult-CGACACACGAACAGGC,10
mult-CGACACACGACAGTGC,10
mult-CGACACACGAGTTAGC,10
mult-CGACACACGATGAATC,5
mult-CGACACACGCCAAGAC,4
mult-CGACACACCGGAAGAA,12
mult-CGACACACGTGACAAG,12
mult-CGACACACGAACCAGA,12
mult-CCTCTATCAACGTGAT,4
mult-CCTCTATCACAAGCTA,6
mult-CCTCTATCTTGCTGGA,4
mult-CCTCTATCCTGTAGCC,6
mult-CCTCTATCAGTACAAG,6
mult-CCTCTATCAACAACCA,6
mult-CCTCTATCAACCGAGA,6
mult-CCTCTATCAACGCTTA,6
mult-CCTCTATCAAGACGGA,4
mult-CCTCTATCAAGGTACA,6
mult-CCTCTATCACACAGAA,6
mult-CCTCTATCACAGCAGA,6
mult-CCTCTATCAAACATCG,6
mult-CCTCTATCACCTCCAA,6
mult-CCTCTATCACGCTCGA,6
mult-CCTCTATCACGTATCA,6
mult-CCTCTATCACTATGCA,4
mult-CCTCTATCAGAGTCAA,12
mult-CCTCTATCAGATCGCA,8
mult-CCTCTATCAGCAGGAA,12
mult-CCTCTATCAGTCACTA,12
mult-CCTCTATCATCCTGTA,12
mult-CCTCTATCATTGAGGA,12
mult-CCTCTATCATGCCTAA,6
mult-CCTCTATCCAACCACA,12
mult-CCTCTATCGACTAGTA,12
mult-CCTCTATCCAATGGAA,12
mult-CCTCTATCCACTTCGA,12
mult-CCTCTATCCAGCGTTA,4
mult-CCTCTATCCATACCAA,12
mult-CCTCTATCCCAGTTCA,12
mult-CCTCTATCCCGAAGTA,12
mult-CCTCTATCCCGTGAGA,12
mult-CCTCTATCCCTCCTGA,12
mult-CCTCTATCAGTGGTCA,6
mult-CCTCTATCCGAACTTA,12
mult-CCTCTATCCGACTGGA,4
mult-CCTCTATCCGCATACA,9
mult-CCTCTATCCTCAATGA,9
mult-CCTCTATCCTGAGCCA,9
mult-CCTCTATCCTGGCATA,9
mult-CCTCTATCGAATCTGA,9
mult-CCTCTATCCAAGACTA,9
mult-CCTCTATCGAGCTGAA,9
mult-CCTCTATCGATAGACA,9
mult-CCTCTATCACCACTGT,6
mult-CCTCTATCGCCACATA,9
mult-CCTCTATCGCGAGTAA,9
mult-CCTCTATCGCTAACGA,9
mult-CCTCTATCGCTCGGTA,9
mult-CCTCTATCGGAGAACA,9
mult-CCTCTATCGGTGCGAA,9
mult-CCTCTATCGTACGCAA,9
mult-CCTCTATCGTCGTAGA,9
mult-CCTCTATCGTCTGTCA,9
mult-CCTCTATCGTGTTCTA,9
mult-CCTCTATCACATTGGC,6
mult-CCTCTATCTAGGATGA,9
mult-CCTCTATCTATCAGCA,9
mult-CCTCTATCTCCGTCTA,9
mult-CCTCTATCTCTTCACA,9
mult-CCTCTATCTGAAGAGA,9
mult-CCTCTATCTGGAACAA,9
mult-CCTCTATCTGGCTTCA,9
mult-CCTCTATCTGGTGGTA,9
mult-CCTCTATCTTCACGCA,9
mult-CCTCTATCAACTCACC,9
mult-CCTCTATCCAGATCTG,6
mult-CCTCTATCAAGAGATC,9
mult-CCTCTATCAAGGACAC,9
mult-CCTCTATCAATCCGTC,9
mult-CCTCTATCAATGTTGC,12
mult-CCTCTATCACACGACC,12
mult-CCTCTATCACAGATTC,4
mult-CCTCTATCAGATGTAC,5
mult-CCTCTATCAGCACCTC,5
mult-CCTCTATCAGCCATGC,5
mult-CCTCTATCAGGCTAAC,12
mult-CCTCTATCCATCAAGT,6
mult-CCTCTATCATAGCGAC,4
mult-CCTCTATCATCATTCC,5
mult-CCTCTATCATTGGCTC,12
mult-CCTCTATCCAAGGAGC,12
mult-CCTCTATCCACCTTAC,12
mult-CCTCTATCCCATCCTC,5
mult-CCTCTATCCCGACAAC,12
mult-CCTCTATCCCTAATCC,12
mult-CCTCTATCCCTCTATC,12
mult-CCTCTATCCGACACAC,8
mult-CCTCTATCCGCTGATC,6
mult-CCTCTATCCGGATTGC,10
mult-CCTCTATCCTAAGGTC,10
mult-CCTCTATCGAACAGGC,10
mult-CCTCTATCGACAGTGC,10
mult-CCTCTATCGAGTTAGC,10
mult-CCTCTATCGATGAATC,10
mult-CCTCTATCGCCAAGAC,4
mult-CCTCTATCCGGAAGAA,12
mult-CCTCTATCGTGACAAG,12
mult-CCTCTATCGAACCAGA,4
mult-CCTAATCCAACGTGAT,8
mult-CCTAATCCACAAGCTA,6
mult-CCTAATCCTTGCTGGA,12
mult-CCTAATCCCTGTAGCC,6
mult-CCTAATCCAGTACAAG,6
mult-CCTAATCCAACAACCA,6
mult-CCTAATCCAACCGAGA,6
mult-CCTAATCCAACGCTTA,6
mult-CCTAATCCAAGACGGA,6
mult-CCTAATCCAAGGTACA,6
mult-CCTAATCCACACAGAA,6
mult-CCTAATCCACAGCAGA,6
mult-CCTAATCCAAACATCG,8
mult-CCTAATCCACCTCCAA,6
mult-CCTAATCCACGCTCGA,6
mult-CCTAATCCACGTATCA,6
mult-CCTAATCCACTATGCA,12
mult-CCTAATCCAGAGTCAA,12
mult-CCTAATCCAGATCGCA,12
mult-CCTAATCCAGCAGGAA,12
mult-CCTAATCCAGTCACTA,12
mult-CCTAATCCATCCTGTA,12
mult-CCTAATCCATTGAGGA,12
mult-CCTAATCCATGCCTAA,6
mult-CCTAATCCCAACCACA,12
mult-CCTAATCCGACTAGTA,12
mult-CCTAATCCCAATGGAA,4
mult-CCTAATCCCACTTCGA,8
mult-CCTAATCCCAGCGTTA,12
mult-CCTAATCCCATACCAA,4
mult-CCTAATCCCCAGTTCA,12
mult-CCTAATCCCCGAAGTA,12
mult-CCTAATCCCCGTGAGA,12
mult-CCTAATCCCCTCCTGA,12
mult-CCTAATCCAGTGGTCA,6
mult-CCTAATCCCGAACTTA,12
mult-CCTAATCCCGACTGGA,4
mult-CCTAATCCCGCATACA,12
mult-CCTAATCCCTCAATGA,9
mult-CCTAATCCCTGAGCCA,9
mult-CCTAATCCCTGGCATA,9
mult-CCTAATCCGAATCTGA,9
mult-CCTAATCCCAAGACTA,9
mult-CCTAATCCGAGCTGAA,9
mult-CCTAATCCGATAGACA,9
mult-CCTAATCCACCACTGT,6
mult-CCTAATCCGCCACATA,9
mult-CCTAATCCGCGAGTAA,9
mult-CCTAATCCGCTAACGA,9
mult-CCTAATCCGCTCGGTA,9
mult-CCTAATCCGGAGAACA,9
mult-CCTAATCCGGTGCGAA,9
mult-CCTAATCCGTACGCAA,9
mult-CCTAATCCGTCGTAGA,9
mult-CCTAATCCGTCTGTCA,9
mult-CCTAATCCGTGTTCTA,9
mult-CCTAATCCACATTGGC,6
mult-CCTAATCCTAGGATGA,11
mult-CCTAATCCTATCAGCA,11
mult-CCTAATCCTCCGTCTA,11
mult-CCTAATCCTCTTCACA,11
mult-CCTAATCCTGAAGAGA,11
mult-CCTAATCCTGGAACAA,9
mult-CCTAATCCTGGCTTCA,9
mult-CCTAATCCTGGTGGTA,9
mult-CCTAATCCTTCACGCA,9
mult-CCTAATCCAACTCACC,9
mult-CCTAATCCCAGATCTG,6
mult-CCTAATCCAAGAGATC,9
mult-CCTAATCCAAGGACAC,9
mult-CCTAATCCAATCCGTC,9
mult-CCTAATCCAATGTTGC,12
mult-CCTAATCCACACGACC,12
mult-CCTAATCCACAGATTC,12
mult-CCTAATCCAGATGTAC,8
mult-CCTAATCCAGCACCTC,5
mult-CCTAATCCAGCCATGC,5
mult-CCTAATCCAGGCTAAC,5
mult-CCTAATCCCATCAAGT,6
mult-CCTAATCCATAGCGAC,5
mult-CCTAATCCATCATTCC,12
mult-CCTAATCCATTGGCTC,5
mult-CCTAATCCCAAGGAGC,12
mult-CCTAATCCCACCTTAC,4
mult-CCTAATCCCCATCCTC,4
mult-CCTAATCCCCGACAAC,5
mult-CCTAATCCCCTAATCC,5
mult-CCTAATCCCCTCTATC,5
mult-CCTAATCCCGACACAC,4
mult-CCTAATCCCGCTGATC,6
mult-CCTAATCCCGGATTGC,10
mult-CCTAATCCCTAAGGTC,10
mult-CCTAATCCGAACAGGC,10
mult-CCTAATCCGACAGTGC,10
mult-CCTAATCCGAGTTAGC,10
mult-CCTAATCCGATGAATC,10
mult-CCTAATCCGCCAAGAC,4
mult-CCTAATCCCGGAAGAA,12
mult-CCTAATCCGTGACAAG,4
mult-CCTAATCCGAACCAGA,12
mult-CCGACAACAACGTGAT,8
mult-CCGACAACACAAGCTA,6
mult-CCGACAACTTGCTGGA,12
mult-CCGACAACCTGTAGCC,6
mult-CCGACAACAGTACAAG,6
mult-CCGACAACAACAACCA,6
mult-CCGACAACAACCGAGA,6
mult-CCGACAACAACGCTTA,6
mult-CCGACAACAAGACGGA,6
mult-CCGACAACAAGGTACA,6
mult-CCGACAACACACAGAA,6
mult-CCGACAACACAGCAGA,6
mult-CCGACAACAAACATCG,6
mult-CCGACAACACCTCCAA,6
mult-CCGACAACACGCTCGA,6
mult-CCGACAACACGTATCA,8
mult-CCGACAACACTATGCA,12
mult-CCGACAACAGAGTCAA,12
mult-CCGACAACAGATCGCA,12
mult-CCGACAACAGCAGGAA,12
mult-CCGACAACAGTCACTA,12
mult-CCGACAACATCCTGTA,12
mult-CCGACAACATTGAGGA,12
mult-CCGACAACATGCCTAA,6
mult-CCGACAACCAACCACA,12
mult-CCGACAACGACTAGTA,12
mult-CCGACAACCAATGGAA,12
mult-CCGACAACCACTTCGA,12
mult-CCGACAACCAGCGTTA,12
mult-CCGACAACCATACCAA,12
mult-CCGACAACCCAGTTCA,12
mult-CCGACAACCCGAAGTA,12
mult-CCGACAACCCGTGAGA,8
mult-CCGACAACCCTCCTGA,4
mult-CCGACAACAGTGGTCA,6
mult-CCGACAACCGAACTTA,12
mult-CCGACAACCGACTGGA,9
mult-CCGACAACCGCATACA,9
mult-CCGACAACCTCAATGA,9
mult-CCGACAACCTGAGCCA,9
mult-CCGACAACCTGGCATA,9
mult-CCGACAACGAATCTGA,9
mult-CCGACAACCAAGACTA,9
mult-CCGACAACGAGCTGAA,9
mult-CCGACAACGATAGACA,9
mult-CCGACAACACCACTGT,6
mult-CCGACAACGCCACATA,11
mult-CCGACAACGCGAGTAA,11
mult-CCGACAACGCTAACGA,11
mult-CCGACAACGCTCGGTA,1
mult-CCGACAACGGAGAACA,1
mult-CCGACAACGGTGCGAA,1
mult-CCGACAACGTACGCAA,1
mult-CCGACAACGTCGTAGA,1
mult-CCGACAACGTCTGTCA,11
mult-CCGACAACGTGTTCTA,11
mult-CCGACAACACATTGGC,6
mult-CCGACAACTAGGATGA,11
mult-CCGACAACTATCAGCA,11
mult-CCGACAACTCCGTCTA,11
mult-CCGACAACTCTTCACA,11
mult-CCGACAACTGAAGAGA,11
mult-CCGACAACTGGAACAA,11
mult-CCGACAACTGGCTTCA,11
mult-CCGACAACTGGTGGTA,9
mult-CCGACAACTTCACGCA,9
mult-CCGACAACAACTCACC,9
mult-CCGACAACCAGATCTG,6
mult-CCGACAACAAGAGATC,9
mult-CCGACAACAAGGACAC,9
mult-CCGACAACAATCCGTC,10
mult-CCGACAACAATGTTGC,10
mult-CCGACAACACACGACC,12
mult-CCGACAACACAGATTC,12
mult-CCGACAACAGATGTAC,8
mult-CCGACAACAGCACCTC,4
mult-CCGACAACAGCCATGC,5
mult-CCGACAACAGGCTAAC,12
mult-CCGACAACCATCAAGT,6
mult-CCGACAACATAGCGAC,12
mult-CCGACAACATCATTCC,5
mult-CCGACAACATTGGCTC,12
mult-CCGACAACCAAGGAGC,5
mult-CCGACAACCACCTTAC,12
mult-CCGACAACCCATCCTC,4
mult-CCGACAACCCGACAAC,12
mult-CCGACAACCCTAATCC,5
mult-CCGACAACCCTCTATC,5
mult-CCGACAACCGACACAC,4
mult-CCGACAACCGCTGATC,6
mult-CCGACAACCGGATTGC,10
mult-CCGACAACCTAAGGTC,10
mult-CCGACAACGAACAGGC,10
mult-CCGACAACGACAGTGC,10
mult-CCGACAACGAGTTAGC,10
mult-CCGACAACGATGAATC,10
mult-CCGACAACGCCAAGAC,12
mult-CCGACAACCGGAAGAA,12
mult-CCGACAACGTGACAAG,12
mult-CCGACAACGAACCAGA,12
mult-CCATCCTCAACGTGAT,6
mult-CCATCCTCACAAGCTA,6
mult-CCATCCTCTTGCTGGA,5
mult-CCATCCTCCTGTAGCC,6
mult-CCATCCTCAGTACAAG,6
mult-CCATCCTCAACAACCA,6
mult-CCATCCTCAACCGAGA,6
mult-CCATCCTCAACGCTTA,6
mult-CCATCCTCAAGACGGA,6
mult-CCATCCTCAAGGTACA,6
mult-CCATCCTCACACAGAA,6
mult-CCATCCTCACAGCAGA,6
mult-CCATCCTCAAACATCG,6
mult-CCATCCTCACCTCCAA,6
mult-CCATCCTCACGCTCGA,4
mult-CCATCCTCACGTATCA,12
mult-CCATCCTCACTATGCA,12
mult-CCATCCTCAGAGTCAA,8
mult-CCATCCTCAGATCGCA,12
mult-CCATCCTCAGCAGGAA,12
mult-CCATCCTCAGTCACTA,12
mult-CCATCCTCATCCTGTA,12
mult-CCATCCTCATTGAGGA,12
mult-CCATCCTCATGCCTAA,6
mult-CCATCCTCCAACCACA,12
mult-CCATCCTCGACTAGTA,12
mult-CCATCCTCCAATGGAA,12
mult-CCATCCTCCACTTCGA,12
mult-CCATCCTCCAGCGTTA,12
mult-CCATCCTCCATACCAA,12
mult-CCATCCTCCCAGTTCA,12
mult-CCATCCTCCCGAAGTA,12
mult-CCATCCTCCCGTGAGA,12
mult-CCATCCTCCCTCCTGA,12
mult-CCATCCTCAGTGGTCA,6
mult-CCATCCTCCGAACTTA,9
mult-CCATCCTCCGACTGGA,9
mult-CCATCCTCCGCATACA,9
mult-CCATCCTCCTCAATGA,9
mult-CCATCCTCCTGAGCCA,9
mult-CCATCCTCCTGGCATA,9
mult-CCATCCTCGAATCTGA,9
mult-CCATCCTCCAAGACTA,9
mult-CCATCCTCGAGCTGAA,9
mult-CCATCCTCGATAGACA,9
mult-CCATCCTCACCACTGT,6
mult-CCATCCTCGCCACATA,11
mult-CCATCCTCGCGAGTAA,1
mult-CCATCCTCGCTAACGA,1
mult-CCATCCTCGCTCGGTA,1
mult-CCATCCTCGGAGAACA,1
mult-CCATCCTCGGTGCGAA,1
mult-CCATCCTCGTACGCAA,1
mult-CCATCCTCGTCGTAGA,1
mult-CCATCCTCGTCTGTCA,11
mult-CCATCCTCGTGTTCTA,11
mult-CCATCCTCACATTGGC,6
mult-CCATCCTCTAGGATGA,11
mult-CCATCCTCTATCAGCA,11
mult-CCATCCTCTCCGTCTA,11
mult-CCATCCTCTCTTCACA,11
mult-CCATCCTCTGAAGAGA,11
mult-CCATCCTCTGGAACAA,11
mult-CCATCCTCTGGCTTCA,11
mult-CCATCCTCTGGTGGTA,11
mult-CCATCCTCTTCACGCA,9
mult-CCATCCTCAACTCACC,9
mult-CCATCCTCCAGATCTG,6
mult-CCATCCTCAAGAGATC,9
mult-CCATCCTCAAGGACAC,9
mult-CCATCCTCAATCCGTC,9
mult-CCATCCTCAATGTTGC,12
mult-CCATCCTCACACGACC,12
mult-CCATCCTCACAGATTC,12
mult-CCATCCTCAGATGTAC,12
mult-CCATCCTCAGCACCTC,4
mult-CCATCCTCAGCCATGC,12
mult-CCATCCTCAGGCTAAC,5
mult-CCATCCTCCATCAAGT,6
mult-CCATCCTCATAGCGAC,5
mult-CCATCCTCATCATTCC,12
mult-CCATCCTCATTGGCTC,12
mult-CCATCCTCCAAGGAGC,12
mult-CCATCCTCCACCTTAC,5
mult-CCATCCTCCCATCCTC,12
mult-CCATCCTCCCGACAAC,12
mult-CCATCCTCCCTAATCC,12
mult-CCATCCTCCCTCTATC,12
mult-CCATCCTCCGACACAC,10
mult-CCATCCTCCGCTGATC,6
mult-CCATCCTCCGGATTGC,10
mult-CCATCCTCCTAAGGTC,10
mult-CCATCCTCGAACAGGC,10
mult-CCATCCTCGACAGTGC,10
mult-CCATCCTCGAGTTAGC,10
mult-CCATCCTCGATGAATC,10
mult-CCATCCTCGCCAAGAC,4
mult-CCATCCTCCGGAAGAA,12
mult-CCATCCTCGTGACAAG,12
mult-CCATCCTCGAACCAGA,5
mult-CACCTTACAACGTGAT,6
mult-CACCTTACACAAGCTA,6
mult-CACCTTACTTGCTGGA,4
mult-CACCTTACCTGTAGCC,6
mult-CACCTTACAGTACAAG,6
mult-CACCTTACAACAACCA,6
mult-CACCTTACAACCGAGA,6
mult-CACCTTACAACGCTTA,6
mult-CACCTTACAAGACGGA,6
mult-CACCTTACAAGGTACA,6
mult-CACCTTACACACAGAA,6
mult-CACCTTACACAGCAGA,6
mult-CACCTTACAAACATCG,6
mult-CACCTTACACCTCCAA,12
mult-CACCTTACACGCTCGA,8
mult-CACCTTACACGTATCA,12
mult-CACCTTACACTATGCA,12
mult-CACCTTACAGAGTCAA,12
mult-CACCTTACAGATCGCA,12
mult-CACCTTACAGCAGGAA,12
mult-CACCTTACAGTCACTA,12
mult-CACCTTACATCCTGTA,12
mult-CACCTTACATTGAGGA,12
mult-CACCTTACATGCCTAA,6
mult-CACCTTACCAACCACA,4
mult-CACCTTACGACTAGTA,12
mult-CACCTTACCAATGGAA,12
mult-CACCTTACCACTTCGA,12
mult-CACCTTACCAGCGTTA,12
mult-CACCTTACCATACCAA,12
mult-CACCTTACCCAGTTCA,12
mult-CACCTTACCCGAAGTA,12
mult-CACCTTACCCGTGAGA,12
mult-CACCTTACCCTCCTGA,9
mult-CACCTTACAGTGGTCA,6
mult-CACCTTACCGAACTTA,9
mult-CACCTTACCGACTGGA,9
mult-CACCTTACCGCATACA,9
mult-CACCTTACCTCAATGA,9
mult-CACCTTACCTGAGCCA,9
mult-CACCTTACCTGGCATA,9
mult-CACCTTACGAATCTGA,9
mult-CACCTTACCAAGACTA,9
mult-CACCTTACGAGCTGAA,1
mult-CACCTTACGATAGACA,1
mult-CACCTTACACCACTGT,6
mult-CACCTTACGCCACATA,1
mult-CACCTTACGCGAGTAA,7
mult-CACCTTACGCTAACGA,7
mult-CACCTTACGCTCGGTA,1
mult-CACCTTACGGAGAACA,7
mult-CACCTTACGGTGCGAA,7
mult-CACCTTACGTACGCAA,1
mult-CACCTTACGTCGTAGA,1
mult-CACCTTACGTCTGTCA,1
mult-CACCTTACGTGTTCTA,11
mult-CACCTTACACATTGGC,6
mult-CACCTTACTAGGATGA,11
mult-CACCTTACTATCAGCA,11
mult-CACCTTACTCCGTCTA,11
mult-CACCTTACTCTTCACA,11
mult-CACCTTACTGAAGAGA,11
mult-CACCTTACTGGAACAA,11
mult-CACCTTACTGGCTTCA,11
mult-CACCTTACTGGTGGTA,11
mult-CACCTTACTTCACGCA,9
mult-CACCTTACAACTCACC,9
mult-CACCTTACCAGATCTG,6
mult-CACCTTACAAGAGATC,11
mult-CACCTTACAAGGACAC,9
mult-CACCTTACAATCCGTC,9
mult-CACCTTACAATGTTGC,9
mult-CACCTTACACACGACC,12
mult-CACCTTACACAGATTC,12
mult-CACCTTACAGATGTAC,12
mult-CACCTTACAGCACCTC,12
mult-CACCTTACAGCCATGC,12
mult-CACCTTACAGGCTAAC,5
mult-CACCTTACCATCAAGT,6
mult-CACCTTACATAGCGAC,5
mult-CACCTTACATCATTCC,5
mult-CACCTTACATTGGCTC,12
mult-CACCTTACCAAGGAGC,5
mult-CACCTTACCACCTTAC,12
mult-CACCTTACCCATCCTC,5
mult-CACCTTACCCGACAAC,5
mult-CACCTTACCCTAATCC,12
mult-CACCTTACCCTCTATC,5
mult-CACCTTACCGACACAC,10
mult-CACCTTACCGCTGATC,6
mult-CACCTTACCGGATTGC,10
mult-CACCTTACCTAAGGTC,10
mult-CACCTTACGAACAGGC,10
mult-CACCTTACGACAGTGC,10
mult-CACCTTACGAGTTAGC,10
mult-CACCTTACGATGAATC,10
mult-CACCTTACGCCAAGAC,12
mult-CACCTTACCGGAAGAA,12
mult-CACCTTACGTGACAAG,5
mult-CACCTTACGAACCAGA,4
mult-CAAGGAGCAACGTGAT,6
mult-CAAGGAGCACAAGCTA,6
mult-CAAGGAGCTTGCTGGA,4
mult-CAAGGAGCCTGTAGCC,6
mult-CAAGGAGCAGTACAAG,6
mult-CAAGGAGCAACAACCA,6
mult-CAAGGAGCAACCGAGA,6
mult-CAAGGAGCAACGCTTA,6
mult-CAAGGAGCAAGACGGA,6
mult-CAAGGAGCAAGGTACA,6
mult-CAAGGAGCACACAGAA,6
mult-CAAGGAGCACAGCAGA,6
mult-CAAGGAGCAAACATCG,6
mult-CAAGGAGCACCTCCAA,6
mult-CAAGGAGCACGCTCGA,12
mult-CAAGGAGCACGTATCA,12
mult-CAAGGAGCACTATGCA,8
mult-CAAGGAGCAGAGTCAA,12
mult-CAAGGAGCAGATCGCA,12
mult-CAAGGAGCAGCAGGAA,12
mult-CAAGGAGCAGTCACTA,12
mult-CAAGGAGCATCCTGTA,12
mult-CAAGGAGCATTGAGGA,12
mult-CAAGGAGCATGCCTAA,6
mult-CAAGGAGCCAACCACA,12
mult-CAAGGAGCGACTAGTA,12
mult-CAAGGAGCCAATGGAA,12
mult-CAAGGAGCCACTTCGA,12
mult-CAAGGAGCCAGCGTTA,12
mult-CAAGGAGCCATACCAA,12
mult-CAAGGAGCCCAGTTCA,12
mult-CAAGGAGCCCGAAGTA,12
mult-CAAGGAGCCCGTGAGA,9
mult-CAAGGAGCCCTCCTGA,9
mult-CAAGGAGCAGTGGTCA,6
mult-CAAGGAGCCGAACTTA,9
mult-CAAGGAGCCGACTGGA,9
mult-CAAGGAGCCGCATACA,9
mult-CAAGGAGCCTCAATGA,9
mult-CAAGGAGCCTGAGCCA,1
mult-CAAGGAGCCTGGCATA,1
mult-CAAGGAGCGAATCTGA,1
mult-CAAGGAGCCAAGACTA,1
mult-CAAGGAGCGAGCTGAA,7
mult-CAAGGAGCGATAGACA,7
mult-CAAGGAGCACCACTGT,6
mult-CAAGGAGCGCCACATA,7
mult-CAAGGAGCGCGAGTAA,7
mult-CAAGGAGCGCTAACGA,7
mult-CAAGGAGCGCTCGGTA,7
mult-CAAGGAGCGGAGAACA,1
mult-CAAGGAGCGGTGCGAA,1
mult-CAAGGAGCGTACGCAA,1
mult-CAAGGAGCGTCGTAGA,1
mult-CAAGGAGCGTCTGTCA,1
mult-CAAGGAGCGTGTTCTA,1
mult-CAAGGAGCACATTGGC,6
mult-CAAGGAGCTAGGATGA,11
mult-CAAGGAGCTATCAGCA,11
mult-CAAGGAGCTCCGTCTA,11
mult-CAAGGAGCTCTTCACA,11
mult-CAAGGAGCTGAAGAGA,11
mult-CAAGGAGCTGGAACAA,11
mult-CAAGGAGCTGGCTTCA,11
mult-CAAGGAGCTGGTGGTA,11
mult-CAAGGAGCTTCACGCA,11
mult-CAAGGAGCAACTCACC,11
mult-CAAGGAGCCAGATCTG,6
mult-CAAGGAGCAAGAGATC,11
mult-CAAGGAGCAAGGACAC,9
mult-CAAGGAGCAATCCGTC,9
mult-CAAGGAGCAATGTTGC,9
mult-CAAGGAGCACACGACC,9
mult-CAAGGAGCACAGATTC,12
mult-CAAGGAGCAGATGTAC,12
mult-CAAGGAGCAGCACCTC,12
mult-CAAGGAGCAGCCATGC,12
mult-CAAGGAGCAGGCTAAC,12
mult-CAAGGAGCCATCAAGT,6
mult-CAAGGAGCATAGCGAC,5
mult-CAAGGAGCATCATTCC,5
mult-CAAGGAGCATTGGCTC,4
mult-CAAGGAGCCAAGGAGC,12
mult-CAAGGAGCCACCTTAC,5
mult-CAAGGAGCCCATCCTC,8
mult-CAAGGAGCCCGACAAC,5
mult-CAAGGAGCCCTAATCC,4
mult-CAAGGAGCCCTCTATC,4
mult-CAAGGAGCCGACACAC,10
mult-CAAGGAGCCGCTGATC,6
mult-CAAGGAGCCGGATTGC,10
mult-CAAGGAGCCTAAGGTC,10
mult-CAAGGAGCGAACAGGC,2
mult-CAAGGAGCGACAGTGC,10
mult-CAAGGAGCGAGTTAGC,10
mult-CAAGGAGCGATGAATC,10
mult-CAAGGAGCGCCAAGAC,4
mult-CAAGGAGCCGGAAGAA,12
mult-CAAGGAGCGTGACAAG,4
mult-CAAGGAGCGAACCAGA,4
mult-ATTGGCTCAACGTGAT,6
mult-ATTGGCTCACAAGCTA,6
mult-ATTGGCTCTTGCTGGA,8
mult-ATTGGCTCCTGTAGCC,6
mult-ATTGGCTCAGTACAAG,6
mult-ATTGGCTCAACAACCA,6
mult-ATTGGCTCAACCGAGA,6
mult-ATTGGCTCAACGCTTA,6
mult-ATTGGCTCAAGACGGA,6
mult-ATTGGCTCAAGGTACA,6
mult-ATTGGCTCACACAGAA,6
mult-ATTGGCTCACAGCAGA,6
mult-ATTGGCTCAAACATCG,4
mult-ATTGGCTCACCTCCAA,12
mult-ATTGGCTCACGCTCGA,12
mult-ATTGGCTCACGTATCA,12
mult-ATTGGCTCACTATGCA,12
mult-ATTGGCTCAGAGTCAA,4
mult-ATTGGCTCAGATCGCA,12
mult-ATTGGCTCAGCAGGAA,12
mult-ATTGGCTCAGTCACTA,12
mult-ATTGGCTCATCCTGTA,12
mult-ATTGGCTCATTGAGGA,12
mult-ATTGGCTCATGCCTAA,6
mult-ATTGGCTCCAACCACA,12
mult-ATTGGCTCGACTAGTA,12
mult-ATTGGCTCCAATGGAA,12
mult-ATTGGCTCCACTTCGA,12
mult-ATTGGCTCCAGCGTTA,12
mult-ATTGGCTCCATACCAA,12
mult-ATTGGCTCCCAGTTCA,12
mult-ATTGGCTCCCGAAGTA,9
mult-ATTGGCTCCCGTGAGA,9
mult-ATTGGCTCCCTCCTGA,9
mult-ATTGGCTCAGTGGTCA,6
mult-ATTGGCTCCGAACTTA,9
mult-ATTGGCTCCGACTGGA,9
mult-ATTGGCTCCGCATACA,9
mult-ATTGGCTCCTCAATGA,1
mult-ATTGGCTCCTGAGCCA,1
mult-ATTGGCTCCTGGCATA,1
mult-ATTGGCTCGAATCTGA,1
mult-ATTGGCTCCAAGACTA,1
mult-ATTGGCTCGAGCTGAA,7
mult-ATTGGCTCGATAGACA,7
mult-ATTGGCTCACCACTGT,6
mult-ATTGGCTCGCCACATA,7
mult-ATTGGCTCGCGAGTAA,7
mult-ATTGGCTCGCTAACGA,7
mult-ATTGGCTCGCTCGGTA,7
mult-ATTGGCTCGGAGAACA,7
mult-ATTGGCTCGGTGCGAA,7
mult-ATTGGCTCGTACGCAA,7
mult-ATTGGCTCGTCGTAGA,1
mult-ATTGGCTCGTCTGTCA,1
mult-ATTGGCTCGTGTTCTA,1
mult-ATTGGCTCACATTGGC,6
mult-ATTGGCTCTAGGATGA,7
mult-ATTGGCTCTATCAGCA,11
mult-ATTGGCTCTCCGTCTA,11
mult-ATTGGCTCTCTTCACA,11
mult-ATTGGCTCTGAAGAGA,11
mult-ATTGGCTCTGGAACAA,11
mult-ATTGGCTCTGGCTTCA,11
mult-ATTGGCTCTGGTGGTA,11
mult-ATTGGCTCTTCACGCA,11
mult-ATTGGCTCAACTCACC,11
mult-ATTGGCTCCAGATCTG,6
mult-ATTGGCTCAAGAGATC,9
mult-ATTGGCTCAAGGACAC,11
mult-ATTGGCTCAATCCGTC,9
mult-ATTGGCTCAATGTTGC,9
mult-ATTGGCTCACACGACC,9
mult-ATTGGCTCACAGATTC,9
mult-ATTGGCTCAGATGTAC,12
mult-ATTGGCTCAGCACCTC,12
mult-ATTGGCTCAGCCATGC,12
mult-ATTGGCTCAGGCTAAC,4
mult-ATTGGCTCCATCAAGT,6
mult-ATTGGCTCATAGCGAC,12
mult-ATTGGCTCATCATTCC,5
mult-ATTGGCTCATTGGCTC,12
mult-ATTGGCTCCAAGGAGC,5
mult-ATTGGCTCCACCTTAC,12
mult-ATTGGCTCCCATCCTC,12
mult-ATTGGCTCCCGACAAC,12
mult-ATTGGCTCCCTAATCC,12
mult-ATTGGCTCCCTCTATC,5
mult-ATTGGCTCCGACACAC,10
mult-ATTGGCTCCGCTGATC,6
mult-ATTGGCTCCGGATTGC,10
mult-ATTGGCTCCTAAGGTC,10
mult-ATTGGCTCGAACAGGC,10
mult-ATTGGCTCGACAGTGC,10
mult-ATTGGCTCGAGTTAGC,10
mult-ATTGGCTCGATGAATC,10
mult-ATTGGCTCGCCAAGAC,12
mult-ATTGGCTCCGGAAGAA,12
mult-ATTGGCTCGTGACAAG,12
mult-ATTGGCTCGAACCAGA,12
mult-ATCATTCCAACGTGAT,6
mult-ATCATTCCACAAGCTA,6
mult-ATCATTCCTTGCTGGA,12
mult-ATCATTCCCTGTAGCC,6
mult-ATCATTCCAGTACAAG,6
mult-ATCATTCCAACAACCA,6
mult-ATCATTCCAACCGAGA,6
mult-ATCATTCCAACGCTTA,6
mult-ATCATTCCAAGACGGA,6
mult-ATCATTCCAAGGTACA,6
mult-ATCATTCCACACAGAA,6
mult-ATCATTCCACAGCAGA,6
mult-ATCATTCCAAACATCG,6
mult-ATCATTCCACCTCCAA,12
mult-ATCATTCCACGCTCGA,12
mult-ATCATTCCACGTATCA,12
mult-ATCATTCCACTATGCA,8
mult-ATCATTCCAGAGTCAA,12
mult-ATCATTCCAGATCGCA,12
mult-ATCATTCCAGCAGGAA,12
mult-ATCATTCCAGTCACTA,12
mult-ATCATTCCATCCTGTA,4
mult-ATCATTCCATTGAGGA,4
mult-ATCATTCCATGCCTAA,6
mult-ATCATTCCCAACCACA,4
mult-ATCATTCCGACTAGTA,12
mult-ATCATTCCCAATGGAA,12
mult-ATCATTCCCACTTCGA,12
mult-ATCATTCCCAGCGTTA,12
mult-ATCATTCCCATACCAA,12
mult-ATCATTCCCCAGTTCA,9
mult-ATCATTCCCCGAAGTA,9
mult-ATCATTCCCCGTGAGA,9
mult-ATCATTCCCCTCCTGA,9
mult-ATCATTCCAGTGGTCA,6
mult-ATCATTCCCGAACTTA,9
mult-ATCATTCCCGACTGGA,9
mult-ATCATTCCCGCATACA,1
mult-ATCATTCCCTCAATGA,1
mult-ATCATTCCCTGAGCCA,1
mult-ATCATTCCCTGGCATA,1
mult-ATCATTCCGAATCTGA,1
mult-ATCATTCCCAAGACTA,7
mult-ATCATTCCGAGCTGAA,7
mult-ATCATTCCGATAGACA,7
mult-ATCATTCCACCACTGT,6
mult-ATCATTCCGCCACATA,7
mult-ATCATTCCGCGAGTAA,7
mult-ATCATTCCGCTAACGA,7
mult-ATCATTCCGCTCGGTA,1
mult-ATCATTCCGGAGAACA,1
mult-ATCATTCCGGTGCGAA,1
mult-ATCATTCCGTACGCAA,1
mult-ATCATTCCGTCGTAGA,1
mult-ATCATTCCGTCTGTCA,1
mult-ATCATTCCGTGTTCTA,7
mult-ATCATTCCACATTGGC,6
mult-ATCATTCCTAGGATGA,7
mult-ATCATTCCTATCAGCA,7
mult-ATCATTCCTCCGTCTA,7
mult-ATCATTCCTCTTCACA,11
mult-ATCATTCCTGAAGAGA,11
mult-ATCATTCCTGGAACAA,11
mult-ATCATTCCTGGCTTCA,11
mult-ATCATTCCTGGTGGTA,11
mult-ATCATTCCTTCACGCA,11
mult-ATCATTCCAACTCACC,11
mult-ATCATTCCCAGATCTG,6
mult-ATCATTCCAAGAGATC,11
mult-ATCATTCCAAGGACAC,11
mult-ATCATTCCAATCCGTC,9
mult-ATCATTCCAATGTTGC,9
mult-ATCATTCCACACGACC,9
mult-ATCATTCCACAGATTC,9
mult-ATCATTCCAGATGTAC,9
mult-ATCATTCCAGCACCTC,12
mult-ATCATTCCAGCCATGC,12
mult-ATCATTCCAGGCTAAC,12
mult-ATCATTCCCATCAAGT,6
mult-ATCATTCCATAGCGAC,12
mult-ATCATTCCATCATTCC,12
mult-ATCATTCCATTGGCTC,4
mult-ATCATTCCCAAGGAGC,12
mult-ATCATTCCCACCTTAC,5
mult-ATCATTCCCCATCCTC,12
mult-ATCATTCCCCGACAAC,12
mult-ATCATTCCCCTAATCC,12
mult-ATCATTCCCCTCTATC,12
mult-ATCATTCCCGACACAC,10
mult-ATCATTCCCGCTGATC,6
mult-ATCATTCCCGGATTGC,10
mult-ATCATTCCCTAAGGTC,10
mult-ATCATTCCGAACAGGC,2
mult-ATCATTCCGACAGTGC,10
mult-ATCATTCCGAGTTAGC,10
mult-ATCATTCCGATGAATC,10
mult-ATCATTCCGCCAAGAC,4
mult-ATCATTCCCGGAAGAA,8
mult-ATCATTCCGTGACAAG,12
mult-ATCATTCCGAACCAGA,12
mult-ATAGCGACAACGTGAT,6
mult-ATAGCGACACAAGCTA,6
mult-ATAGCGACTTGCTGGA,12
mult-ATAGCGACCTGTAGCC,6
mult-ATAGCGACAGTACAAG,6
mult-ATAGCGACAACAACCA,6
mult-ATAGCGACAACCGAGA,6
mult-ATAGCGACAACGCTTA,6
mult-ATAGCGACAAGACGGA,6
mult-ATAGCGACAAGGTACA,6
mult-ATAGCGACACACAGAA,12
mult-ATAGCGACACAGCAGA,12
mult-ATAGCGACAAACATCG,6
mult-ATAGCGACACCTCCAA,12
mult-ATAGCGACACGCTCGA,12
mult-ATAGCGACACGTATCA,12
mult-ATAGCGACACTATGCA,12
mult-ATAGCGACAGAGTCAA,12
mult-ATAGCGACAGATCGCA,12
mult-ATAGCGACAGCAGGAA,12
mult-ATAGCGACAGTCACTA,4
mult-ATAGCGACATCCTGTA,4
mult-ATAGCGACATTGAGGA,4
mult-ATAGCGACATGCCTAA,6
mult-ATAGCGACCAACCACA,4
mult-ATAGCGACGACTAGTA,4
mult-ATAGCGACCAATGGAA,12
mult-ATAGCGACCACTTCGA,12
mult-ATAGCGACCAGCGTTA,12
mult-ATAGCGACCATACCAA,9
mult-ATAGCGACCCAGTTCA,9
mult-ATAGCGACCCGAAGTA,9
mult-ATAGCGACCCGTGAGA,9
mult-ATAGCGACCCTCCTGA,9
mult-ATAGCGACAGTGGTCA,6
mult-ATAGCGACCGAACTTA,1
mult-ATAGCGACCGACTGGA,1
mult-ATAGCGACCGCATACA,1
mult-ATAGCGACCTCAATGA,1
mult-ATAGCGACCTGAGCCA,1
mult-ATAGCGACCTGGCATA,1
mult-ATAGCGACGAATCTGA,1
mult-ATAGCGACCAAGACTA,7
mult-ATAGCGACGAGCTGAA,7
mult-ATAGCGACGATAGACA,1
mult-ATAGCGACACCACTGT,6
mult-ATAGCGACGCCACATA,7
mult-ATAGCGACGCGAGTAA,7
mult-ATAGCGACGCTAACGA,1
mult-ATAGCGACGCTCGGTA,7
mult-ATAGCGACGGAGAACA,1
mult-ATAGCGACGGTGCGAA,7
mult-ATAGCGACGTACGCAA,7
mult-ATAGCGACGTCGTAGA,7
mult-ATAGCGACGTCTGTCA,7
mult-ATAGCGACGTGTTCTA,7
mult-ATAGCGACACATTGGC,6
mult-ATAGCGACTAGGATGA,7
mult-ATAGCGACTATCAGCA,7
mult-ATAGCGACTCCGTCTA,7
mult-ATAGCGACTCTTCACA,7
mult-ATAGCGACTGAAGAGA,11
mult-ATAGCGACTGGAACAA,11
mult-ATAGCGACTGGCTTCA,11
mult-ATAGCGACTGGTGGTA,11
mult-ATAGCGACTTCACGCA,11
mult-ATAGCGACAACTCACC,11
mult-ATAGCGACCAGATCTG,6
mult-ATAGCGACAAGAGATC,11
mult-ATAGCGACAAGGACAC,11
mult-ATAGCGACAATCCGTC,11
mult-ATAGCGACAATGTTGC,9
mult-ATAGCGACACACGACC,9
mult-ATAGCGACACAGATTC,9
mult-ATAGCGACAGATGTAC,9
mult-ATAGCGACAGCACCTC,9
mult-ATAGCGACAGCCATGC,12
mult-ATAGCGACAGGCTAAC,12
mult-ATAGCGACCATCAAGT,6
mult-ATAGCGACATAGCGAC,12
mult-ATAGCGACATCATTCC,12
mult-ATAGCGACATTGGCTC,12
mult-ATAGCGACCAAGGAGC,5
mult-ATAGCGACCACCTTAC,12
mult-ATAGCGACCCATCCTC,12
mult-ATAGCGACCCGACAAC,12
mult-ATAGCGACCCTAATCC,4
mult-ATAGCGACCCTCTATC,10
mult-ATAGCGACCGACACAC,10
mult-ATAGCGACCGCTGATC,6
mult-ATAGCGACCGGATTGC,10
mult-ATAGCGACCTAAGGTC,10
mult-ATAGCGACGAACAGGC,2
mult-ATAGCGACGACAGTGC,10
mult-ATAGCGACGAGTTAGC,10
mult-ATAGCGACGATGAATC,10
mult-ATAGCGACGCCAAGAC,10
mult-ATAGCGACCGGAAGAA,12
mult-ATAGCGACGTGACAAG,12
mult-ATAGCGACGAACCAGA,12
mult-AGGCTAACAACGTGAT,6
mult-AGGCTAACACAAGCTA,6
mult-AGGCTAACTTGCTGGA,12
mult-AGGCTAACCTGTAGCC,6
mult-AGGCTAACAGTACAAG,6
mult-AGGCTAACAACAACCA,6
mult-AGGCTAACAACCGAGA,6
mult-AGGCTAACAACGCTTA,6
mult-AGGCTAACAAGACGGA,6
mult-AGGCTAACAAGGTACA,6
mult-AGGCTAACACACAGAA,12
mult-AGGCTAACACAGCAGA,12
mult-AGGCTAACAAACATCG,6
mult-AGGCTAACACCTCCAA,12
mult-AGGCTAACACGCTCGA,12
mult-AGGCTAACACGTATCA,12
mult-AGGCTAACACTATGCA,12
mult-AGGCTAACAGAGTCAA,12
mult-AGGCTAACAGATCGCA,12
mult-AGGCTAACAGCAGGAA,12
mult-AGGCTAACAGTCACTA,12
mult-AGGCTAACATCCTGTA,12
mult-AGGCTAACATTGAGGA,12
mult-AGGCTAACATGCCTAA,6
mult-AGGCTAACCAACCACA,4
mult-AGGCTAACGACTAGTA,12
mult-AGGCTAACCAATGGAA,9
mult-AGGCTAACCACTTCGA,9
mult-AGGCTAACCAGCGTTA,9
mult-AGGCTAACCATACCAA,9
mult-AGGCTAACCCAGTTCA,9
mult-AGGCTAACCCGAAGTA,9
mult-AGGCTAACCCGTGAGA,9
mult-AGGCTAACCCTCCTGA,1
mult-AGGCTAACAGTGGTCA,6
mult-AGGCTAACCGAACTTA,1
mult-AGGCTAACCGACTGGA,1
mult-AGGCTAACCGCATACA,7
mult-AGGCTAACCTCAATGA,7
mult-AGGCTAACCTGAGCCA,1
mult-AGGCTAACCTGGCATA,1
mult-AGGCTAACGAATCTGA,1
mult-AGGCTAACCAAGACTA,7
mult-AGGCTAACGAGCTGAA,7
mult-AGGCTAACGATAGACA,7
mult-AGGCTAACACCACTGT,6
mult-AGGCTAACGCCACATA,7
mult-AGGCTAACGCGAGTAA,7
mult-AGGCTAACGCTAACGA,7
mult-AGGCTAACGCTCGGTA,7
mult-AGGCTAACGGAGAACA,7
mult-AGGCTAACGGTGCGAA,7
mult-AGGCTAACGTACGCAA,7
mult-AGGCTAACGTCGTAGA,7
mult-AGGCTAACGTCTGTCA,7
mult-AGGCTAACGTGTTCTA,7
mult-AGGCTAACACATTGGC,6
mult-AGGCTAACTAGGATGA,7
mult-AGGCTAACTATCAGCA,7
mult-AGGCTAACTCCGTCTA,7
mult-AGGCTAACTCTTCACA,7
mult-AGGCTAACTGAAGAGA,11
mult-AGGCTAACTGGAACAA,11
mult-AGGCTAACTGGCTTCA,11
mult-AGGCTAACTGGTGGTA,11
mult-AGGCTAACTTCACGCA,11
mult-AGGCTAACAACTCACC,11
mult-AGGCTAACCAGATCTG,6
mult-AGGCTAACAAGAGATC,11
mult-AGGCTAACAAGGACAC,11
mult-AGGCTAACAATCCGTC,9
mult-AGGCTAACAATGTTGC,9
mult-AGGCTAACACACGACC,9
mult-AGGCTAACACAGATTC,9
mult-AGGCTAACAGATGTAC,9
mult-AGGCTAACAGCACCTC,9
mult-AGGCTAACAGCCATGC,9
mult-AGGCTAACAGGCTAAC,9
mult-AGGCTAACCATCAAGT,4
mult-AGGCTAACATAGCGAC,12
mult-AGGCTAACATCATTCC,12
mult-AGGCTAACATTGGCTC,12
mult-AGGCTAACCAAGGAGC,12
mult-AGGCTAACCACCTTAC,5
mult-AGGCTAACCCATCCTC,12
mult-AGGCTAACCCGACAAC,12
mult-AGGCTAACCCTAATCC,8
mult-AGGCTAACCCTCTATC,10
mult-AGGCTAACCGACACAC,10
mult-AGGCTAACCGCTGATC,6
mult-AGGCTAACCGGATTGC,10
mult-AGGCTAACCTAAGGTC,10
mult-AGGCTAACGAACAGGC,2
mult-AGGCTAACGACAGTGC,10
mult-AGGCTAACGAGTTAGC,10
mult-AGGCTAACGATGAATC,10
mult-AGGCTAACGCCAAGAC,10
mult-AGGCTAACCGGAAGAA,10
mult-AGGCTAACGTGACAAG,12
mult-AGGCTAACGAACCAGA,12
mult-AGCCATGCAACGTGAT,6
mult-AGCCATGCACAAGCTA,6
mult-AGCCATGCTTGCTGGA,10
mult-AGCCATGCCTGTAGCC,6
mult-AGCCATGCAGTACAAG,8
mult-AGCCATGCAACAACCA,6
mult-AGCCATGCAACCGAGA,4
mult-AGCCATGCAACGCTTA,6
mult-AGCCATGCAAGACGGA,12
mult-AGCCATGCAAGGTACA,4
mult-AGCCATGCACACAGAA,12
mult-AGCCATGCACAGCAGA,4
mult-AGCCATGCAAACATCG,6
mult-AGCCATGCACCTCCAA,4
mult-AGCCATGCACGCTCGA,12
mult-AGCCATGCACGTATCA,12
mult-AGCCATGCACTATGCA,12
mult-AGCCATGCAGAGTCAA,12
mult-AGCCATGCAGATCGCA,12
mult-AGCCATGCAGCAGGAA,12
mult-AGCCATGCAGTCACTA,12
mult-AGCCATGCATCCTGTA,12
mult-AGCCATGCATTGAGGA,12
mult-AGCCATGCATGCCTAA,6
mult-AGCCATGCCAACCACA,12
mult-AGCCATGCGACTAGTA,4
mult-AGCCATGCCAATGGAA,9
mult-AGCCATGCCACTTCGA,9
mult-AGCCATGCCAGCGTTA,9
mult-AGCCATGCCATACCAA,9
mult-AGCCATGCCCAGTTCA,9
mult-AGCCATGCCCGAAGTA,9
mult-AGCCATGCCCGTGAGA,1
mult-AGCCATGCCCTCCTGA,1
mult-AGCCATGCAGTGGTCA,6
mult-AGCCATGCCGAACTTA,7
mult-AGCCATGCCGACTGGA,7
mult-AGCCATGCCGCATACA,1
mult-AGCCATGCCTCAATGA,1
mult-AGCCATGCCTGAGCCA,7
mult-AGCCATGCCTGGCATA,1
mult-AGCCATGCGAATCTGA,1
mult-AGCCATGCCAAGACTA,7
mult-AGCCATGCGAGCTGAA,7
mult-AGCCATGCGATAGACA,7
mult-AGCCATGCACCACTGT,6
mult-AGCCATGCGCCACATA,7
mult-AGCCATGCGCGAGTAA,7
mult-AGCCATGCGCTAACGA,7
mult-AGCCATGCGCTCGGTA,7
mult-AGCCATGCGGAGAACA,1
mult-AGCCATGCGGTGCGAA,7
mult-AGCCATGCGTACGCAA,7
mult-AGCCATGCGTCGTAGA,7
mult-AGCCATGCGTCTGTCA,7
mult-AGCCATGCGTGTTCTA,1
mult-AGCCATGCACATTGGC,6
mult-AGCCATGCTAGGATGA,7
mult-AGCCATGCTATCAGCA,7
mult-AGCCATGCTCCGTCTA,7
mult-AGCCATGCTCTTCACA,7
mult-AGCCATGCTGAAGAGA,7
mult-AGCCATGCTGGAACAA,11
mult-AGCCATGCTGGCTTCA,11
mult-AGCCATGCTGGTGGTA,11
mult-AGCCATGCTTCACGCA,11
mult-AGCCATGCAACTCACC,11
mult-AGCCATGCCAGATCTG,6
mult-AGCCATGCAAGAGATC,11
mult-AGCCATGCAAGGACAC,11
mult-AGCCATGCAATCCGTC,11
mult-AGCCATGCAATGTTGC,9
mult-AGCCATGCACACGACC,9
mult-AGCCATGCACAGATTC,9
mult-AGCCATGCAGATGTAC,9
mult-AGCCATGCAGCACCTC,9
mult-AGCCATGCAGCCATGC,9
mult-AGCCATGCAGGCTAAC,9
mult-AGCCATGCCATCAAGT,6
mult-AGCCATGCATAGCGAC,9
mult-AGCCATGCATCATTCC,9
mult-AGCCATGCATTGGCTC,12
mult-AGCCATGCCAAGGAGC,12
mult-AGCCATGCCACCTTAC,12
mult-AGCCATGCCCATCCTC,12
mult-AGCCATGCCCGACAAC,12
mult-AGCCATGCCCTAATCC,10
mult-AGCCATGCCCTCTATC,10
mult-AGCCATGCCGACACAC,10
mult-AGCCATGCCGCTGATC,6
mult-AGCCATGCCGGATTGC,10
mult-AGCCATGCCTAAGGTC,10
mult-AGCCATGCGAACAGGC,10
mult-AGCCATGCGACAGTGC,10
mult-AGCCATGCGAGTTAGC,10
mult-AGCCATGCGATGAATC,10
mult-AGCCATGCGCCAAGAC,4
mult-AGCCATGCCGGAAGAA,4
mult-AGCCATGCGTGACAAG,10
mult-AGCCATGCGAACCAGA,12
mult-AGCACCTCAACGTGAT,6
mult-AGCACCTCACAAGCTA,6
mult-AGCACCTCTTGCTGGA,12
mult-AGCACCTCCTGTAGCC,4
mult-AGCACCTCAGTACAAG,6
mult-AGCACCTCAACAACCA,6
mult-AGCACCTCAACCGAGA,6
mult-AGCACCTCAACGCTTA,6
mult-AGCACCTCAAGACGGA,12
mult-AGCACCTCAAGGTACA,12
mult-AGCACCTCACACAGAA,12
mult-AGCACCTCACAGCAGA,12
mult-AGCACCTCAAACATCG,6
mult-AGCACCTCACCTCCAA,4
mult-AGCACCTCACGCTCGA,12
mult-AGCACCTCACGTATCA,12
mult-AGCACCTCACTATGCA,12
mult-AGCACCTCAGAGTCAA,12
mult-AGCACCTCAGATCGCA,12
mult-AGCACCTCAGCAGGAA,12
mult-AGCACCTCAGTCACTA,12
mult-AGCACCTCATCCTGTA,12
mult-AGCACCTCATTGAGGA,12
mult-AGCACCTCATGCCTAA,6
mult-AGCACCTCCAACCACA,12
mult-AGCACCTCGACTAGTA,9
mult-AGCACCTCCAATGGAA,9
mult-AGCACCTCCACTTCGA,9
mult-AGCACCTCCAGCGTTA,9
mult-AGCACCTCCATACCAA,9
mult-AGCACCTCCCAGTTCA,9
mult-AGCACCTCCCGAAGTA,1
mult-AGCACCTCCCGTGAGA,1
mult-AGCACCTCCCTCCTGA,7
mult-AGCACCTCAGTGGTCA,6
mult-AGCACCTCCGAACTTA,1
mult-AGCACCTCCGACTGGA,7
mult-AGCACCTCCGCATACA,7
mult-AGCACCTCCTCAATGA,1
mult-AGCACCTCCTGAGCCA,1
mult-AGCACCTCCTGGCATA,1
mult-AGCACCTCGAATCTGA,7
mult-AGCACCTCCAAGACTA,7
mult-AGCACCTCGAGCTGAA,7
mult-AGCACCTCGATAGACA,7
mult-AGCACCTCACCACTGT,6
mult-AGCACCTCGCCACATA,7
mult-AGCACCTCGCGAGTAA,7
mult-AGCACCTCGCTAACGA,7
mult-AGCACCTCGCTCGGTA,7
mult-AGCACCTCGGAGAACA,7
mult-AGCACCTCGGTGCGAA,7
mult-AGCACCTCGTACGCAA,7
mult-AGCACCTCGTCGTAGA,7
mult-AGCACCTCGTCTGTCA,1
mult-AGCACCTCGTGTTCTA,1
mult-AGCACCTCACATTGGC,6
mult-AGCACCTCTAGGATGA,1
mult-AGCACCTCTATCAGCA,1
mult-AGCACCTCTCCGTCTA,1
mult-AGCACCTCTCTTCACA,1
mult-AGCACCTCTGAAGAGA,7
mult-AGCACCTCTGGAACAA,7
mult-AGCACCTCTGGCTTCA,11
mult-AGCACCTCTGGTGGTA,11
mult-AGCACCTCTTCACGCA,11
mult-AGCACCTCAACTCACC,11
mult-AGCACCTCCAGATCTG,6
mult-AGCACCTCAAGAGATC,11
mult-AGCACCTCAAGGACAC,11
mult-AGCACCTCAATCCGTC,11
mult-AGCACCTCAATGTTGC,11
mult-AGCACCTCACACGACC,9
mult-AGCACCTCACAGATTC,9
mult-AGCACCTCAGATGTAC,9
mult-AGCACCTCAGCACCTC,9
mult-AGCACCTCAGCCATGC,9
mult-AGCACCTCAGGCTAAC,9
mult-AGCACCTCCATCAAGT,4
mult-AGCACCTCATAGCGAC,9
mult-AGCACCTCATCATTCC,9
mult-AGCACCTCATTGGCTC,9
mult-AGCACCTCCAAGGAGC,10
mult-AGCACCTCCACCTTAC,9
mult-AGCACCTCCCATCCTC,12
mult-AGCACCTCCCGACAAC,12
mult-AGCACCTCCCTAATCC,10
mult-AGCACCTCCCTCTATC,10
mult-AGCACCTCCGACACAC,10
mult-AGCACCTCCGCTGATC,6
mult-AGCACCTCCGGATTGC,10
mult-AGCACCTCCTAAGGTC,10
mult-AGCACCTCGAACAGGC,2
mult-AGCACCTCGACAGTGC,10
mult-AGCACCTCGAGTTAGC,10
mult-AGCACCTCGATGAATC,10
mult-AGCACCTCGCCAAGAC,10
mult-AGCACCTCCGGAAGAA,10
mult-AGCACCTCGTGACAAG,4
mult-AGCACCTCGAACCAGA,12
mult-AGATGTACAACGTGAT,6
mult-AGATGTACACAAGCTA,6
mult-AGATGTACTTGCTGGA,10
mult-AGATGTACCTGTAGCC,6
mult-AGATGTACAGTACAAG,6
mult-AGATGTACAACAACCA,6
mult-AGATGTACAACCGAGA,6
mult-AGATGTACAACGCTTA,12
mult-AGATGTACAAGACGGA,12
mult-AGATGTACAAGGTACA,12
mult-AGATGTACACACAGAA,12
mult-AGATGTACACAGCAGA,12
mult-AGATGTACAAACATCG,6
mult-AGATGTACACCTCCAA,4
mult-AGATGTACACGCTCGA,4
mult-AGATGTACACGTATCA,12
mult-AGATGTACACTATGCA,12
mult-AGATGTACAGAGTCAA,12
mult-AGATGTACAGATCGCA,12
mult-AGATGTACAGCAGGAA,12
mult-AGATGTACAGTCACTA,12
mult-AGATGTACATCCTGTA,12
mult-AGATGTACATTGAGGA,12
mult-AGATGTACATGCCTAA,6
mult-AGATGTACCAACCACA,9
mult-AGATGTACGACTAGTA,9
mult-AGATGTACCAATGGAA,9
mult-AGATGTACCACTTCGA,9
mult-AGATGTACCAGCGTTA,9
mult-AGATGTACCATACCAA,9
mult-AGATGTACCCAGTTCA,1
mult-AGATGTACCCGAAGTA,1
mult-AGATGTACCCGTGAGA,7
mult-AGATGTACCCTCCTGA,7
mult-AGATGTACAGTGGTCA,6
mult-AGATGTACCGAACTTA,7
mult-AGATGTACCGACTGGA,7
mult-AGATGTACCGCATACA,7
mult-AGATGTACCTCAATGA,1
mult-AGATGTACCTGAGCCA,1
mult-AGATGTACCTGGCATA,7
mult-AGATGTACGAATCTGA,7
mult-AGATGTACCAAGACTA,7
mult-AGATGTACGAGCTGAA,7
mult-AGATGTACGATAGACA,7
mult-AGATGTACACCACTGT,6
mult-AGATGTACGCCACATA,7
mult-AGATGTACGCGAGTAA,7
mult-AGATGTACGCTAACGA,7
mult-AGATGTACGCTCGGTA,7
mult-AGATGTACGGAGAACA,7
mult-AGATGTACGGTGCGAA,7
mult-AGATGTACGTACGCAA,7
mult-AGATGTACGTCGTAGA,7
mult-AGATGTACGTCTGTCA,7
mult-AGATGTACGTGTTCTA,1
mult-AGATGTACACATTGGC,6
mult-AGATGTACTAGGATGA,1
mult-AGATGTACTATCAGCA,1
mult-AGATGTACTCCGTCTA,1
mult-AGATGTACTCTTCACA,1
mult-AGATGTACTGAAGAGA,7
mult-AGATGTACTGGAACAA,7
mult-AGATGTACTGGCTTCA,11
mult-AGATGTACTGGTGGTA,11
mult-AGATGTACTTCACGCA,11
mult-AGATGTACAACTCACC,11
mult-AGATGTACCAGATCTG,6
mult-AGATGTACAAGAGATC,11
mult-AGATGTACAAGGACAC,11
mult-AGATGTACAATCCGTC,11
mult-AGATGTACAATGTTGC,11
mult-AGATGTACACACGACC,11
mult-AGATGTACACAGATTC,9
mult-AGATGTACAGATGTAC,9
mult-AGATGTACAGCACCTC,9
mult-AGATGTACAGCCATGC,9
mult-AGATGTACAGGCTAAC,9
mult-AGATGTACCATCAAGT,6
mult-AGATGTACATAGCGAC,9
mult-AGATGTACATCATTCC,9
mult-AGATGTACATTGGCTC,9
mult-AGATGTACCAAGGAGC,9
mult-AGATGTACCACCTTAC,9
mult-AGATGTACCCATCCTC,9
mult-AGATGTACCCGACAAC,12
mult-AGATGTACCCTAATCC,12
mult-AGATGTACCCTCTATC,10
mult-AGATGTACCGACACAC,10
mult-AGATGTACCGCTGATC,6
mult-AGATGTACCGGATTGC,10
mult-AGATGTACCTAAGGTC,10
mult-AGATGTACGAACAGGC,2
mult-AGATGTACGACAGTGC,10
mult-AGATGTACGAGTTAGC,10
mult-AGATGTACGATGAATC,10
mult-AGATGTACGCCAAGAC,4
mult-AGATGTACCGGAAGAA,10
mult-AGATGTACGTGACAAG,10
mult-AGATGTACGAACCAGA,9
mult-ACAGATTCAACGTGAT,6
mult-ACAGATTCACAAGCTA,6
mult-ACAGATTCTTGCTGGA,9
mult-ACAGATTCCTGTAGCC,6
mult-ACAGATTCAGTACAAG,6
mult-ACAGATTCAACAACCA,4
mult-ACAGATTCAACCGAGA,6
mult-ACAGATTCAACGCTTA,6
mult-ACAGATTCAAGACGGA,12
mult-ACAGATTCAAGGTACA,12
mult-ACAGATTCACACAGAA,8
mult-ACAGATTCACAGCAGA,12
mult-ACAGATTCAAACATCG,6
mult-ACAGATTCACCTCCAA,12
mult-ACAGATTCACGCTCGA,12
mult-ACAGATTCACGTATCA,12
mult-ACAGATTCACTATGCA,8
mult-ACAGATTCAGAGTCAA,12
mult-ACAGATTCAGATCGCA,12
mult-ACAGATTCAGCAGGAA,12
mult-ACAGATTCAGTCACTA,12
mult-ACAGATTCATCCTGTA,12
mult-ACAGATTCATTGAGGA,12
mult-ACAGATTCATGCCTAA,6
mult-ACAGATTCCAACCACA,9
mult-ACAGATTCGACTAGTA,9
mult-ACAGATTCCAATGGAA,9
mult-ACAGATTCCACTTCGA,9
mult-ACAGATTCCAGCGTTA,9
mult-ACAGATTCCATACCAA,1
mult-ACAGATTCCCAGTTCA,1
mult-ACAGATTCCCGAAGTA,7
mult-ACAGATTCCCGTGAGA,7
mult-ACAGATTCCCTCCTGA,7
mult-ACAGATTCAGTGGTCA,6
mult-ACAGATTCCGAACTTA,7
mult-ACAGATTCCGACTGGA,7
mult-ACAGATTCCGCATACA,1
mult-ACAGATTCCTCAATGA,1
mult-ACAGATTCCTGAGCCA,1
mult-ACAGATTCCTGGCATA,1
mult-ACAGATTCGAATCTGA,1
mult-ACAGATTCCAAGACTA,7
mult-ACAGATTCGAGCTGAA,7
mult-ACAGATTCGATAGACA,7
mult-ACAGATTCACCACTGT,6
mult-ACAGATTCGCCACATA,7
mult-ACAGATTCGCGAGTAA,7
mult-ACAGATTCGCTAACGA,1
mult-ACAGATTCGCTCGGTA,1
mult-ACAGATTCGGAGAACA,7
mult-ACAGATTCGGTGCGAA,7
mult-ACAGATTCGTACGCAA,7
mult-ACAGATTCGTCGTAGA,7
mult-ACAGATTCGTCTGTCA,7
mult-ACAGATTCGTGTTCTA,1
mult-ACAGATTCACATTGGC,6
mult-ACAGATTCTAGGATGA,1
mult-ACAGATTCTATCAGCA,1
mult-ACAGATTCTCCGTCTA,1
mult-ACAGATTCTCTTCACA,1
mult-ACAGATTCTGAAGAGA,7
mult-ACAGATTCTGGAACAA,7
mult-ACAGATTCTGGCTTCA,7
mult-ACAGATTCTGGTGGTA,11
mult-ACAGATTCTTCACGCA,11
mult-ACAGATTCAACTCACC,11
mult-ACAGATTCCAGATCTG,6
mult-ACAGATTCAAGAGATC,11
mult-ACAGATTCAAGGACAC,11
mult-ACAGATTCAATCCGTC,11
mult-ACAGATTCAATGTTGC,11
mult-ACAGATTCACACGACC,11
mult-ACAGATTCACAGATTC,11
mult-ACAGATTCAGATGTAC,9
mult-ACAGATTCAGCACCTC,9
mult-ACAGATTCAGCCATGC,9
mult-ACAGATTCAGGCTAAC,9
mult-ACAGATTCCATCAAGT,6
mult-ACAGATTCATAGCGAC,9
mult-ACAGATTCATCATTCC,9
mult-ACAGATTCATTGGCTC,9
mult-ACAGATTCCAAGGAGC,9
mult-ACAGATTCCACCTTAC,9
mult-ACAGATTCCCATCCTC,9
mult-ACAGATTCCCGACAAC,4
mult-ACAGATTCCCTAATCC,10
mult-ACAGATTCCCTCTATC,12
mult-ACAGATTCCGACACAC,10
mult-ACAGATTCCGCTGATC,6
mult-ACAGATTCCGGATTGC,10
mult-ACAGATTCCTAAGGTC,10
mult-ACAGATTCGAACAGGC,2
mult-ACAGATTCGACAGTGC,10
mult-ACAGATTCGAGTTAGC,10
mult-ACAGATTCGATGAATC,10
mult-ACAGATTCGCCAAGAC,10
mult-ACAGATTCCGGAAGAA,10
mult-ACAGATTCGTGACAAG,12
mult-ACAGATTCGAACCAGA,9
mult-ACACGACCAACGTGAT,6
mult-ACACGACCACAAGCTA,6
mult-ACACGACCTTGCTGGA,9
mult-ACACGACCCTGTAGCC,6
mult-ACACGACCAGTACAAG,6
mult-ACACGACCAACAACCA,8
mult-ACACGACCAACCGAGA,6
mult-ACACGACCAACGCTTA,12
mult-ACACGACCAAGACGGA,12
mult-ACACGACCAAGGTACA,12
mult-ACACGACCACACAGAA,12
mult-ACACGACCACAGCAGA,12
mult-ACACGACCAAACATCG,6
mult-ACACGACCACCTCCAA,12
mult-ACACGACCACGCTCGA,12
mult-ACACGACCACGTATCA,12
mult-ACACGACCACTATGCA,12
mult-ACACGACCAGAGTCAA,12
mult-ACACGACCAGATCGCA,12
mult-ACACGACCAGCAGGAA,12
mult-ACACGACCAGTCACTA,12
mult-ACACGACCATCCTGTA,12
mult-ACACGACCATTGAGGA,12
mult-ACACGACCATGCCTAA,6
mult-ACACGACCCAACCACA,9
mult-ACACGACCGACTAGTA,9
mult-ACACGACCCAATGGAA,9
mult-ACACGACCCACTTCGA,1
mult-ACACGACCCAGCGTTA,1
mult-ACACGACCCATACCAA,1
mult-ACACGACCCCAGTTCA,7
mult-ACACGACCCCGAAGTA,7
mult-ACACGACCCCGTGAGA,1
mult-ACACGACCCCTCCTGA,7
mult-ACACGACCAGTGGTCA,6
mult-ACACGACCCGAACTTA,7
mult-ACACGACCCGACTGGA,7
mult-ACACGACCCGCATACA,1
mult-ACACGACCCTCAATGA,7
mult-ACACGACCCTGAGCCA,1
mult-ACACGACCCTGGCATA,7
mult-ACACGACCGAATCTGA,7
mult-ACACGACCCAAGACTA,7
mult-ACACGACCGAGCTGAA,7
mult-ACACGACCGATAGACA,7
mult-ACACGACCACCACTGT,6
mult-ACACGACCGCCACATA,7
mult-ACACGACCGCGAGTAA,1
mult-ACACGACCGCTAACGA,7
mult-ACACGACCGCTCGGTA,1
mult-ACACGACCGGAGAACA,7
mult-ACACGACCGGTGCGAA,7
mult-ACACGACCGTACGCAA,7
mult-ACACGACCGTCGTAGA,7
mult-ACACGACCGTCTGTCA,7
mult-ACACGACCGTGTTCTA,7
mult-ACACGACCACATTGGC,6
mult-ACACGACCTAGGATGA,1
mult-ACACGACCTATCAGCA,1
mult-ACACGACCTCCGTCTA,1
mult-ACACGACCTCTTCACA,1
mult-ACACGACCTGAAGAGA,7
mult-ACACGACCTGGAACAA,7
mult-ACACGACCTGGCTTCA,7
mult-ACACGACCTGGTGGTA,11
mult-ACACGACCTTCACGCA,11
mult-ACACGACCAACTCACC,11
mult-ACACGACCCAGATCTG,6
mult-ACACGACCAAGAGATC,11
mult-ACACGACCAAGGACAC,11
mult-ACACGACCAATCCGTC,11
mult-ACACGACCAATGTTGC,11
mult-ACACGACCACACGACC,11
mult-ACACGACCACAGATTC,11
mult-ACACGACCAGATGTAC,9
mult-ACACGACCAGCACCTC,9
mult-ACACGACCAGCCATGC,9
mult-ACACGACCAGGCTAAC,9
mult-ACACGACCCATCAAGT,6
mult-ACACGACCATAGCGAC,9
mult-ACACGACCATCATTCC,9
mult-ACACGACCATTGGCTC,9
mult-ACACGACCCAAGGAGC,9
mult-ACACGACCCACCTTAC,9
mult-ACACGACCCCATCCTC,9
mult-ACACGACCCCGACAAC,4
mult-ACACGACCCCTAATCC,10
mult-ACACGACCCCTCTATC,10
mult-ACACGACCCGACACAC,10
mult-ACACGACCCGCTGATC,6
mult-ACACGACCCGGATTGC,10
mult-ACACGACCCTAAGGTC,10
mult-ACACGACCGAACAGGC,2
mult-ACACGACCGACAGTGC,2
mult-ACACGACCGAGTTAGC,10
mult-ACACGACCGATGAATC,10
mult-ACACGACCGCCAAGAC,12
mult-ACACGACCCGGAAGAA,10
mult-ACACGACCGTGACAAG,9
mult-ACACGACCGAACCAGA,9
mult-AATGTTGCAACGTGAT,6
mult-AATGTTGCACAAGCTA,6
mult-AATGTTGCTTGCTGGA,9
mult-AATGTTGCCTGTAGCC,6
mult-AATGTTGCAGTACAAG,6
mult-AATGTTGCAACAACCA,6
mult-AATGTTGCAACCGAGA,6
mult-AATGTTGCAACGCTTA,8
mult-AATGTTGCAAGACGGA,12
mult-AATGTTGCAAGGTACA,12
mult-AATGTTGCACACAGAA,12
mult-AATGTTGCACAGCAGA,12
mult-AATGTTGCAAACATCG,6
mult-AATGTTGCACCTCCAA,12
mult-AATGTTGCACGCTCGA,12
mult-AATGTTGCACGTATCA,12
mult-AATGTTGCACTATGCA,12
mult-AATGTTGCAGAGTCAA,12
mult-AATGTTGCAGATCGCA,12
mult-AATGTTGCAGCAGGAA,12
mult-AATGTTGCAGTCACTA,12
mult-AATGTTGCATCCTGTA,12
mult-AATGTTGCATTGAGGA,12
mult-AATGTTGCATGCCTAA,6
mult-AATGTTGCCAACCACA,9
mult-AATGTTGCGACTAGTA,9
mult-AATGTTGCCAATGGAA,1
mult-AATGTTGCCACTTCGA,1
mult-AATGTTGCCAGCGTTA,7
mult-AATGTTGCCATACCAA,7
mult-AATGTTGCCCAGTTCA,7
mult-AATGTTGCCCGAAGTA,7
mult-AATGTTGCCCGTGAGA,7
mult-AATGTTGCCCTCCTGA,7
mult-AATGTTGCAGTGGTCA,6
mult-AATGTTGCCGAACTTA,7
mult-AATGTTGCCGACTGGA,7
mult-AATGTTGCCGCATACA,7
mult-AATGTTGCCTCAATGA,7
mult-AATGTTGCCTGAGCCA,1
mult-AATGTTGCCTGGCATA,7
mult-AATGTTGCGAATCTGA,7
mult-AATGTTGCCAAGACTA,7
mult-AATGTTGCGAGCTGAA,7
mult-AATGTTGCGATAGACA,7
mult-AATGTTGCACCACTGT,6
mult-AATGTTGCGCCACATA,1
mult-AATGTTGCGCGAGTAA,7
mult-AATGTTGCGCTAACGA,1
mult-AATGTTGCGCTCGGTA,1
mult-AATGTTGCGGAGAACA,7
mult-AATGTTGCGGTGCGAA,7
mult-AATGTTGCGTACGCAA,7
mult-AATGTTGCGTCGTAGA,7
mult-AATGTTGCGTCTGTCA,7
mult-AATGTTGCGTGTTCTA,7
mult-AATGTTGCACATTGGC,6
mult-AATGTTGCTAGGATGA,7
mult-AATGTTGCTATCAGCA,7
mult-AATGTTGCTCCGTCTA,1
mult-AATGTTGCTCTTCACA,1
mult-AATGTTGCTGAAGAGA,7
mult-AATGTTGCTGGAACAA,7
mult-AATGTTGCTGGCTTCA,7
mult-AATGTTGCTGGTGGTA,7
mult-AATGTTGCTTCACGCA,11
mult-AATGTTGCAACTCACC,11
mult-AATGTTGCCAGATCTG,8
mult-AATGTTGCAAGAGATC,11
mult-AATGTTGCAAGGACAC,11
mult-AATGTTGCAATCCGTC,11
mult-AATGTTGCAATGTTGC,11
mult-AATGTTGCACACGACC,11
mult-AATGTTGCACAGATTC,11
mult-AATGTTGCAGATGTAC,11
mult-AATGTTGCAGCACCTC,9
mult-AATGTTGCAGCCATGC,9
mult-AATGTTGCAGGCTAAC,9
mult-AATGTTGCCATCAAGT,6
mult-AATGTTGCATAGCGAC,9
mult-AATGTTGCATCATTCC,9
mult-AATGTTGCATTGGCTC,9
mult-AATGTTGCCAAGGAGC,9
mult-AATGTTGCCACCTTAC,9
mult-AATGTTGCCCATCCTC,9
mult-AATGTTGCCCGACAAC,9
mult-AATGTTGCCCTAATCC,9
mult-AATGTTGCCCTCTATC,10
mult-AATGTTGCCGACACAC,10
mult-AATGTTGCCGCTGATC,6
mult-AATGTTGCCGGATTGC,10
mult-AATGTTGCCTAAGGTC,10
mult-AATGTTGCGAACAGGC,2
mult-AATGTTGCGACAGTGC,2
mult-AATGTTGCGAGTTAGC,10
mult-AATGTTGCGATGAATC,10
mult-AATGTTGCGCCAAGAC,10
mult-AATGTTGCCGGAAGAA,10
mult-AATGTTGCGTGACAAG,9
mult-AATGTTGCGAACCAGA,9
mult-AATCCGTCAACGTGAT,6
mult-AATCCGTCACAAGCTA,4
mult-AATCCGTCTTGCTGGA,9
mult-AATCCGTCCTGTAGCC,6
mult-AATCCGTCAGTACAAG,6
mult-AATCCGTCAACAACCA,6
mult-AATCCGTCAACCGAGA,6
mult-AATCCGTCAACGCTTA,4
mult-AATCCGTCAAGACGGA,4
mult-AATCCGTCAAGGTACA,12
mult-AATCCGTCACACAGAA,12
mult-AATCCGTCACAGCAGA,12
mult-AATCCGTCAAACATCG,6
mult-AATCCGTCACCTCCAA,12
mult-AATCCGTCACGCTCGA,12
mult-AATCCGTCACGTATCA,12
mult-AATCCGTCACTATGCA,4
mult-AATCCGTCAGAGTCAA,12
mult-AATCCGTCAGATCGCA,12
mult-AATCCGTCAGCAGGAA,4
mult-AATCCGTCAGTCACTA,12
mult-AATCCGTCATCCTGTA,12
mult-AATCCGTCATTGAGGA,9
mult-AATCCGTCATGCCTAA,6
mult-AATCCGTCCAACCACA,9
mult-AATCCGTCGACTAGTA,1
mult-AATCCGTCCAATGGAA,1
mult-AATCCGTCCACTTCGA,7
mult-AATCCGTCCAGCGTTA,7
mult-AATCCGTCCATACCAA,7
mult-AATCCGTCCCAGTTCA,7
mult-AATCCGTCCCGAAGTA,7
mult-AATCCGTCCCGTGAGA,7
mult-AATCCGTCCCTCCTGA,7
mult-AATCCGTCAGTGGTCA,6
mult-AATCCGTCCGAACTTA,7
mult-AATCCGTCCGACTGGA,7
mult-AATCCGTCCGCATACA,1
mult-AATCCGTCCTCAATGA,7
mult-AATCCGTCCTGAGCCA,7
mult-AATCCGTCCTGGCATA,1
mult-AATCCGTCGAATCTGA,7
mult-AATCCGTCCAAGACTA,7
mult-AATCCGTCGAGCTGAA,7
mult-AATCCGTCGATAGACA,7
mult-AATCCGTCACCACTGT,6
mult-AATCCGTCGCCACATA,1
mult-AATCCGTCGCGAGTAA,7
mult-AATCCGTCGCTAACGA,7
mult-AATCCGTCGCTCGGTA,7
mult-AATCCGTCGGAGAACA,7
mult-AATCCGTCGGTGCGAA,7
mult-AATCCGTCGTACGCAA,7
mult-AATCCGTCGTCGTAGA,7
mult-AATCCGTCGTCTGTCA,7
mult-AATCCGTCGTGTTCTA,7
mult-AATCCGTCACATTGGC,6
mult-AATCCGTCTAGGATGA,1
mult-AATCCGTCTATCAGCA,7
mult-AATCCGTCTCCGTCTA,7
mult-AATCCGTCTCTTCACA,7
mult-AATCCGTCTGAAGAGA,1
mult-AATCCGTCTGGAACAA,7
mult-AATCCGTCTGGCTTCA,7
mult-AATCCGTCTGGTGGTA,7
mult-AATCCGTCTTCACGCA,11
mult-AATCCGTCAACTCACC,11
mult-AATCCGTCCAGATCTG,6
mult-AATCCGTCAAGAGATC,11
mult-AATCCGTCAAGGACAC,11
mult-AATCCGTCAATCCGTC,11
mult-AATCCGTCAATGTTGC,11
mult-AATCCGTCACACGACC,11
mult-AATCCGTCACAGATTC,11
mult-AATCCGTCAGATGTAC,11
mult-AATCCGTCAGCACCTC,11
mult-AATCCGTCAGCCATGC,9
mult-AATCCGTCAGGCTAAC,9
mult-AATCCGTCCATCAAGT,6
mult-AATCCGTCATAGCGAC,9
mult-AATCCGTCATCATTCC,9
mult-AATCCGTCATTGGCTC,9
mult-AATCCGTCCAAGGAGC,9
mult-AATCCGTCCACCTTAC,9
mult-AATCCGTCCCATCCTC,9
mult-AATCCGTCCCGACAAC,9
mult-AATCCGTCCCTAATCC,9
mult-AATCCGTCCCTCTATC,9
mult-AATCCGTCCGACACAC,10
mult-AATCCGTCCGCTGATC,6
mult-AATCCGTCCGGATTGC,10
mult-AATCCGTCCTAAGGTC,10
mult-AATCCGTCGAACAGGC,2
mult-AATCCGTCGACAGTGC,10
mult-AATCCGTCGAGTTAGC,10
mult-AATCCGTCGATGAATC,10
mult-AATCCGTCGCCAAGAC,10
mult-AATCCGTCCGGAAGAA,9
mult-AATCCGTCGTGACAAG,9
mult-AATCCGTCGAACCAGA,9
mult-GAACCAGAAACGTGAT,8
mult-GAACCAGAACAAGCTA,4
mult-GAACCAGATTGCTGGA,12
mult-GAACCAGACTGTAGCC,4
mult-GAACCAGAAGTACAAG,8
mult-GAACCAGAAACAACCA,8
mult-GAACCAGAAACCGAGA,4
mult-GAACCAGAAACGCTTA,6
mult-GAACCAGAAAGACGGA,6
mult-GAACCAGAAAGGTACA,6
mult-GAACCAGAACACAGAA,6
mult-GAACCAGAACAGCAGA,6
mult-GAACCAGAAAACATCG,8
mult-GAACCAGAACCTCCAA,6
mult-GAACCAGAACGCTCGA,6
mult-GAACCAGAACGTATCA,6
mult-GAACCAGAACTATGCA,6
mult-GAACCAGAAGAGTCAA,6
mult-GAACCAGAAGATCGCA,6
mult-GAACCAGAAGCAGGAA,6
mult-GAACCAGAAGTCACTA,6
mult-GAACCAGAATCCTGTA,6
mult-GAACCAGAATTGAGGA,6
mult-GAACCAGAATGCCTAA,8
mult-GAACCAGACAACCACA,6
mult-GAACCAGAGACTAGTA,4
mult-GAACCAGACAATGGAA,6
mult-GAACCAGACACTTCGA,8
mult-GAACCAGACAGCGTTA,4
mult-GAACCAGACATACCAA,4
mult-GAACCAGACCAGTTCA,12
mult-GAACCAGACCGAAGTA,8
mult-GAACCAGACCGTGAGA,4
mult-GAACCAGACCTCCTGA,12
mult-GAACCAGAAGTGGTCA,8
mult-GAACCAGACGAACTTA,12
mult-GAACCAGACGACTGGA,5
mult-GAACCAGACGCATACA,12
mult-GAACCAGACTCAATGA,12
mult-GAACCAGACTGAGCCA,8
mult-GAACCAGACTGGCATA,12
mult-GAACCAGAGAATCTGA,12
mult-GAACCAGACAAGACTA,12
mult-GAACCAGAGAGCTGAA,12
mult-GAACCAGAGATAGACA,12
mult-GAACCAGAACCACTGT,8
mult-GAACCAGAGCCACATA,12
mult-GAACCAGAGCGAGTAA,12
mult-GAACCAGAGCTAACGA,12
mult-GAACCAGAGCTCGGTA,12
mult-GAACCAGAGGAGAACA,12
mult-GAACCAGAGGTGCGAA,4
mult-GAACCAGAGTACGCAA,12
mult-GAACCAGAGTCGTAGA,12
mult-GAACCAGAGTCTGTCA,12
mult-GAACCAGAGTGTTCTA,8
mult-GAACCAGAACATTGGC,4
mult-GAACCAGATAGGATGA,12
mult-GAACCAGATATCAGCA,12
mult-GAACCAGATCCGTCTA,4
mult-GAACCAGATCTTCACA,4
mult-GAACCAGATGAAGAGA,5
mult-GAACCAGATGGAACAA,12
mult-GAACCAGATGGCTTCA,12
mult-GAACCAGATGGTGGTA,4
mult-GAACCAGATTCACGCA,12
mult-GAACCAGAAACTCACC,12
mult-GAACCAGACAGATCTG,8
mult-GAACCAGAAAGAGATC,12
mult-GAACCAGAAAGGACAC,12
mult-GAACCAGAAATCCGTC,12
mult-GAACCAGAAATGTTGC,12
mult-GAACCAGAACACGACC,4
mult-GAACCAGAACAGATTC,12
mult-GAACCAGAAGATGTAC,12
mult-GAACCAGAAGCACCTC,8
mult-GAACCAGAAGCCATGC,4
mult-GAACCAGAAGGCTAAC,6
mult-GAACCAGACATCAAGT,6
mult-GAACCAGAATAGCGAC,4
mult-GAACCAGAATCATTCC,6
mult-GAACCAGAATTGGCTC,6
mult-GAACCAGACAAGGAGC,6
mult-GAACCAGACACCTTAC,12
mult-GAACCAGACCATCCTC,8
mult-GAACCAGACCGACAAC,6
mult-GAACCAGACCTAATCC,12
mult-GAACCAGACCTCTATC,4
mult-GAACCAGACGACACAC,8
mult-GAACCAGACGCTGATC,8
mult-GAACCAGACGGATTGC,10
mult-GAACCAGACTAAGGTC,10
mult-GAACCAGAGAACAGGC,10
mult-GAACCAGAGACAGTGC,10
mult-GAACCAGAGAGTTAGC,10
mult-GAACCAGAGATGAATC,10
mult-GAACCAGAGCCAAGAC,12
mult-GAACCAGACGGAAGAA,4
mult-GAACCAGAGTGACAAG,12
mult-GAACCAGAGAACCAGA,12
mult-AAGGACACAACGTGAT,6
mult-AAGGACACACAAGCTA,6
mult-AAGGACACTTGCTGGA,9
mult-AAGGACACCTGTAGCC,6
mult-AAGGACACAGTACAAG,6
mult-AAGGACACAACAACCA,6
mult-AAGGACACAACCGAGA,8
mult-AAGGACACAACGCTTA,12
mult-AAGGACACAAGACGGA,12
mult-AAGGACACAAGGTACA,12
mult-AAGGACACACACAGAA,12
mult-AAGGACACACAGCAGA,12
mult-AAGGACACAAACATCG,6
mult-AAGGACACACCTCCAA,4
mult-AAGGACACACGCTCGA,12
mult-AAGGACACACGTATCA,4
mult-AAGGACACACTATGCA,12
mult-AAGGACACAGAGTCAA,8
mult-AAGGACACAGATCGCA,4
mult-AAGGACACAGCAGGAA,12
mult-AAGGACACAGTCACTA,12
mult-AAGGACACATCCTGTA,9
mult-AAGGACACATTGAGGA,9
mult-AAGGACACATGCCTAA,6
mult-AAGGACACCAACCACA,9
mult-AAGGACACGACTAGTA,1
mult-AAGGACACCAATGGAA,1
mult-AAGGACACCACTTCGA,7
mult-AAGGACACCAGCGTTA,7
mult-AAGGACACCATACCAA,7
mult-AAGGACACCCAGTTCA,7
mult-AAGGACACCCGAAGTA,1
mult-AAGGACACCCGTGAGA,7
mult-AAGGACACCCTCCTGA,7
mult-AAGGACACAGTGGTCA,6
mult-AAGGACACCGAACTTA,7
mult-AAGGACACCGACTGGA,7
mult-AAGGACACCGCATACA,7
mult-AAGGACACCTCAATGA,7
mult-AAGGACACCTGAGCCA,7
mult-AAGGACACCTGGCATA,7
mult-AAGGACACGAATCTGA,7
mult-AAGGACACCAAGACTA,7
mult-AAGGACACGAGCTGAA,7
mult-AAGGACACGATAGACA,7
mult-AAGGACACACCACTGT,6
mult-AAGGACACGCCACATA,7
mult-AAGGACACGCGAGTAA,7
mult-AAGGACACGCTAACGA,7
mult-AAGGACACGCTCGGTA,7
mult-AAGGACACGGAGAACA,7
mult-AAGGACACGGTGCGAA,7
mult-AAGGACACGTACGCAA,7
mult-AAGGACACGTCGTAGA,7
mult-AAGGACACGTCTGTCA,7
mult-AAGGACACGTGTTCTA,7
mult-AAGGACACACATTGGC,4
mult-AAGGACACTAGGATGA,7
mult-AAGGACACTATCAGCA,7
mult-AAGGACACTCCGTCTA,7
mult-AAGGACACTCTTCACA,7
mult-AAGGACACTGAAGAGA,7
mult-AAGGACACTGGAACAA,7
mult-AAGGACACTGGCTTCA,7
mult-AAGGACACTGGTGGTA,7
mult-AAGGACACTTCACGCA,7
mult-AAGGACACAACTCACC,11
mult-AAGGACACCAGATCTG,6
mult-AAGGACACAAGAGATC,11
mult-AAGGACACAAGGACAC,11
mult-AAGGACACAATCCGTC,11
mult-AAGGACACAATGTTGC,11
mult-AAGGACACACACGACC,11
mult-AAGGACACACAGATTC,11
mult-AAGGACACAGATGTAC,11
mult-AAGGACACAGCACCTC,11
mult-AAGGACACAGCCATGC,11
mult-AAGGACACAGGCTAAC,9
mult-AAGGACACCATCAAGT,12
mult-AAGGACACATAGCGAC,9
mult-AAGGACACATCATTCC,9
mult-AAGGACACATTGGCTC,9
mult-AAGGACACCAAGGAGC,9
mult-AAGGACACCACCTTAC,9
mult-AAGGACACCCATCCTC,9
mult-AAGGACACCCGACAAC,9
mult-AAGGACACCCTAATCC,9
mult-AAGGACACCCTCTATC,11
mult-AAGGACACCGACACAC,10
mult-AAGGACACCGCTGATC,12
mult-AAGGACACCGGATTGC,10
mult-AAGGACACCTAAGGTC,10
mult-AAGGACACGAACAGGC,10
mult-AAGGACACGACAGTGC,10
mult-AAGGACACGAGTTAGC,10
mult-AAGGACACGATGAATC,10
mult-AAGGACACGCCAAGAC,9
mult-AAGGACACCGGAAGAA,9
mult-AAGGACACGTGACAAG,9
mult-AAGGACACGAACCAGA,9
mult-AAGAGATCAACGTGAT,6
mult-AAGAGATCACAAGCTA,6
mult-AAGAGATCTTGCTGGA,9
mult-AAGAGATCCTGTAGCC,6
mult-AAGAGATCAGTACAAG,6
mult-AAGAGATCAACAACCA,12
mult-AAGAGATCAACCGAGA,12
mult-AAGAGATCAACGCTTA,12
mult-AAGAGATCAAGACGGA,12
mult-AAGAGATCAAGGTACA,12
mult-AAGAGATCACACAGAA,12
mult-AAGAGATCACAGCAGA,12
mult-AAGAGATCAAACATCG,6
mult-AAGAGATCACCTCCAA,12
mult-AAGAGATCACGCTCGA,12
mult-AAGAGATCACGTATCA,12
mult-AAGAGATCACTATGCA,12
mult-AAGAGATCAGAGTCAA,12
mult-AAGAGATCAGATCGCA,12
mult-AAGAGATCAGCAGGAA,12
mult-AAGAGATCAGTCACTA,9
mult-AAGAGATCATCCTGTA,9
mult-AAGAGATCATTGAGGA,9
mult-AAGAGATCATGCCTAA,6
mult-AAGAGATCCAACCACA,1
mult-AAGAGATCGACTAGTA,7
mult-AAGAGATCCAATGGAA,7
mult-AAGAGATCCACTTCGA,7
mult-AAGAGATCCAGCGTTA,1
mult-AAGAGATCCATACCAA,1
mult-AAGAGATCCCAGTTCA,7
mult-AAGAGATCCCGAAGTA,7
mult-AAGAGATCCCGTGAGA,7
mult-AAGAGATCCCTCCTGA,7
mult-AAGAGATCAGTGGTCA,6
mult-AAGAGATCCGAACTTA,7
mult-AAGAGATCCGACTGGA,7
mult-AAGAGATCCGCATACA,7
mult-AAGAGATCCTCAATGA,7
mult-AAGAGATCCTGAGCCA,7
mult-AAGAGATCCTGGCATA,7
mult-AAGAGATCGAATCTGA,7
mult-AAGAGATCCAAGACTA,1
mult-AAGAGATCGAGCTGAA,7
mult-AAGAGATCGATAGACA,7
mult-AAGAGATCACCACTGT,6
mult-AAGAGATCGCCACATA,1
mult-AAGAGATCGCGAGTAA,7
mult-AAGAGATCGCTAACGA,1
mult-AAGAGATCGCTCGGTA,7
mult-AAGAGATCGGAGAACA,7
mult-AAGAGATCGGTGCGAA,7
mult-AAGAGATCGTACGCAA,7
mult-AAGAGATCGTCGTAGA,7
mult-AAGAGATCGTCTGTCA,7
mult-AAGAGATCGTGTTCTA,7
mult-AAGAGATCACATTGGC,6
mult-AAGAGATCTAGGATGA,7
mult-AAGAGATCTATCAGCA,7
mult-AAGAGATCTCCGTCTA,7
mult-AAGAGATCTCTTCACA,7
mult-AAGAGATCTGAAGAGA,7
mult-AAGAGATCTGGAACAA,7
mult-AAGAGATCTGGCTTCA,7
mult-AAGAGATCTGGTGGTA,7
mult-AAGAGATCTTCACGCA,7
mult-AAGAGATCAACTCACC,7
mult-AAGAGATCCAGATCTG,12
mult-AAGAGATCAAGAGATC,11
mult-AAGAGATCAAGGACAC,11
mult-AAGAGATCAATCCGTC,11
mult-AAGAGATCAATGTTGC,11
mult-AAGAGATCACACGACC,11
mult-AAGAGATCACAGATTC,11
mult-AAGAGATCAGATGTAC,11
mult-AAGAGATCAGCACCTC,11
mult-AAGAGATCAGCCATGC,11
mult-AAGAGATCAGGCTAAC,11
mult-AAGAGATCCATCAAGT,12
mult-AAGAGATCATAGCGAC,9
mult-AAGAGATCATCATTCC,9
mult-AAGAGATCATTGGCTC,9
mult-AAGAGATCCAAGGAGC,9
mult-AAGAGATCCACCTTAC,9
mult-AAGAGATCCCATCCTC,9
mult-AAGAGATCCCGACAAC,9
mult-AAGAGATCCCTAATCC,9
mult-AAGAGATCCCTCTATC,9
mult-AAGAGATCCGACACAC,9
mult-AAGAGATCCGCTGATC,12
mult-AAGAGATCCGGATTGC,9
mult-AAGAGATCCTAAGGTC,10
mult-AAGAGATCGAACAGGC,11
mult-AAGAGATCGACAGTGC,10
mult-AAGAGATCGAGTTAGC,10
mult-AAGAGATCGATGAATC,10
mult-AAGAGATCGCCAAGAC,9
mult-AAGAGATCCGGAAGAA,9
mult-AAGAGATCGTGACAAG,9
mult-AAGAGATCGAACCAGA,9
mult-AACTCACCAACGTGAT,6
mult-AACTCACCACAAGCTA,6
mult-AACTCACCTTGCTGGA,9
mult-AACTCACCCTGTAGCC,6
mult-AACTCACCAGTACAAG,6
mult-AACTCACCAACAACCA,6
mult-AACTCACCAACCGAGA,8
mult-AACTCACCAACGCTTA,12
mult-AACTCACCAAGACGGA,4
mult-AACTCACCAAGGTACA,12
mult-AACTCACCACACAGAA,12
mult-AACTCACCACAGCAGA,12
mult-AACTCACCAAACATCG,6
mult-AACTCACCACCTCCAA,12
mult-AACTCACCACGCTCGA,12
mult-AACTCACCACGTATCA,12
mult-AACTCACCACTATGCA,12
mult-AACTCACCAGAGTCAA,12
mult-AACTCACCAGATCGCA,12
mult-AACTCACCAGCAGGAA,12
mult-AACTCACCAGTCACTA,9
mult-AACTCACCATCCTGTA,9
mult-AACTCACCATTGAGGA,9
mult-AACTCACCATGCCTAA,6
mult-AACTCACCCAACCACA,1
mult-AACTCACCGACTAGTA,1
mult-AACTCACCCAATGGAA,7
mult-AACTCACCCACTTCGA,7
mult-AACTCACCCAGCGTTA,1
mult-AACTCACCCATACCAA,1
mult-AACTCACCCCAGTTCA,7
mult-AACTCACCCCGAAGTA,7
mult-AACTCACCCCGTGAGA,7
mult-AACTCACCCCTCCTGA,7
mult-AACTCACCAGTGGTCA,6
mult-AACTCACCCGAACTTA,7
mult-AACTCACCCGACTGGA,7
mult-AACTCACCCGCATACA,7
mult-AACTCACCCTCAATGA,7
mult-AACTCACCCTGAGCCA,7
mult-AACTCACCCTGGCATA,7
mult-AACTCACCGAATCTGA,7
mult-AACTCACCCAAGACTA,7
mult-AACTCACCGAGCTGAA,7
mult-AACTCACCGATAGACA,1
mult-AACTCACCACCACTGT,6
mult-AACTCACCGCCACATA,7
mult-AACTCACCGCGAGTAA,1
mult-AACTCACCGCTAACGA,1
mult-AACTCACCGCTCGGTA,1
mult-AACTCACCGGAGAACA,7
mult-AACTCACCGGTGCGAA,1
mult-AACTCACCGTACGCAA,7
mult-AACTCACCGTCGTAGA,7
mult-AACTCACCGTCTGTCA,7
mult-AACTCACCGTGTTCTA,7
mult-AACTCACCACATTGGC,6
mult-AACTCACCTAGGATGA,7
mult-AACTCACCTATCAGCA,7
mult-AACTCACCTCCGTCTA,7
mult-AACTCACCTCTTCACA,7
mult-AACTCACCTGAAGAGA,7
mult-AACTCACCTGGAACAA,7
mult-AACTCACCTGGCTTCA,7
mult-AACTCACCTGGTGGTA,7
mult-AACTCACCTTCACGCA,7
mult-AACTCACCAACTCACC,7
mult-AACTCACCCAGATCTG,6
mult-AACTCACCAAGAGATC,11
mult-AACTCACCAAGGACAC,11
mult-AACTCACCAATCCGTC,11
mult-AACTCACCAATGTTGC,11
mult-AACTCACCACACGACC,11
mult-AACTCACCACAGATTC,11
mult-AACTCACCAGATGTAC,11
mult-AACTCACCAGCACCTC,11
mult-AACTCACCAGCCATGC,11
mult-AACTCACCAGGCTAAC,9
mult-AACTCACCCATCAAGT,4
mult-AACTCACCATAGCGAC,11
mult-AACTCACCATCATTCC,9
mult-AACTCACCATTGGCTC,9
mult-AACTCACCCAAGGAGC,9
mult-AACTCACCCACCTTAC,9
mult-AACTCACCCCATCCTC,9
mult-AACTCACCCCGACAAC,9
mult-AACTCACCCCTAATCC,9
mult-AACTCACCCCTCTATC,9
mult-AACTCACCCGACACAC,9
mult-AACTCACCCGCTGATC,8
mult-AACTCACCCGGATTGC,9
mult-AACTCACCCTAAGGTC,9
mult-AACTCACCGAACAGGC,9
mult-AACTCACCGACAGTGC,9
mult-AACTCACCGAGTTAGC,9
mult-AACTCACCGATGAATC,9
mult-AACTCACCGCCAAGAC,9
mult-AACTCACCCGGAAGAA,9
mult-AACTCACCGTGACAAG,9
mult-AACTCACCGAACCAGA,9
mult-TTCACGCAAACGTGAT,6
mult-TTCACGCAACAAGCTA,4
mult-TTCACGCATTGCTGGA,9
mult-TTCACGCACTGTAGCC,6
mult-TTCACGCAAGTACAAG,6
mult-TTCACGCAAACAACCA,6
mult-TTCACGCAAACCGAGA,12
mult-TTCACGCAAACGCTTA,12
mult-TTCACGCAAAGACGGA,8
mult-TTCACGCAAAGGTACA,12
mult-TTCACGCAACACAGAA,8
mult-TTCACGCAACAGCAGA,12
mult-TTCACGCAAAACATCG,6
mult-TTCACGCAACCTCCAA,12
mult-TTCACGCAACGCTCGA,12
mult-TTCACGCAACGTATCA,12
mult-TTCACGCAACTATGCA,12
mult-TTCACGCAAGAGTCAA,8
mult-TTCACGCAAGATCGCA,12
mult-TTCACGCAAGCAGGAA,9
mult-TTCACGCAAGTCACTA,9
mult-TTCACGCAATCCTGTA,9
mult-TTCACGCAATTGAGGA,1
mult-TTCACGCAATGCCTAA,6
mult-TTCACGCACAACCACA,7
mult-TTCACGCAGACTAGTA,7
mult-TTCACGCACAATGGAA,7
mult-TTCACGCACACTTCGA,7
mult-TTCACGCACAGCGTTA,7
mult-TTCACGCACATACCAA,1
mult-TTCACGCACCAGTTCA,1
mult-TTCACGCACCGAAGTA,1
mult-TTCACGCACCGTGAGA,7
mult-TTCACGCACCTCCTGA,7
mult-TTCACGCAAGTGGTCA,6
mult-TTCACGCACGAACTTA,7
mult-TTCACGCACGACTGGA,1
mult-TTCACGCACGCATACA,7
mult-TTCACGCACTCAATGA,7
mult-TTCACGCACTGAGCCA,7
mult-TTCACGCACTGGCATA,1
mult-TTCACGCAGAATCTGA,1
mult-TTCACGCACAAGACTA,7
mult-TTCACGCAGAGCTGAA,1
mult-TTCACGCAGATAGACA,7
mult-TTCACGCAACCACTGT,6
mult-TTCACGCAGCCACATA,7
mult-TTCACGCAGCGAGTAA,7
mult-TTCACGCAGCTAACGA,1
mult-TTCACGCAGCTCGGTA,1
mult-TTCACGCAGGAGAACA,1
mult-TTCACGCAGGTGCGAA,1
mult-TTCACGCAGTACGCAA,7
mult-TTCACGCAGTCGTAGA,7
mult-TTCACGCAGTCTGTCA,7
mult-TTCACGCAGTGTTCTA,1
mult-TTCACGCAACATTGGC,6
mult-TTCACGCATAGGATGA,7
mult-TTCACGCATATCAGCA,7
mult-TTCACGCATCCGTCTA,7
mult-TTCACGCATCTTCACA,7
mult-TTCACGCATGAAGAGA,7
mult-TTCACGCATGGAACAA,7
mult-TTCACGCATGGCTTCA,7
mult-TTCACGCATGGTGGTA,7
mult-TTCACGCATTCACGCA,7
mult-TTCACGCAAACTCACC,7
mult-TTCACGCACAGATCTG,8
mult-TTCACGCAAAGAGATC,11
mult-TTCACGCAAAGGACAC,11
mult-TTCACGCAAATCCGTC,11
mult-TTCACGCAAATGTTGC,11
mult-TTCACGCAACACGACC,11
mult-TTCACGCAACAGATTC,11
mult-TTCACGCAAGATGTAC,11
mult-TTCACGCAAGCACCTC,11
mult-TTCACGCAAGCCATGC,11
mult-TTCACGCAAGGCTAAC,11
mult-TTCACGCACATCAAGT,6
mult-TTCACGCAATAGCGAC,9
mult-TTCACGCAATCATTCC,9
mult-TTCACGCAATTGGCTC,9
mult-TTCACGCACAAGGAGC,9
mult-TTCACGCACACCTTAC,9
mult-TTCACGCACCATCCTC,9
mult-TTCACGCACCGACAAC,9
mult-TTCACGCACCTAATCC,9
mult-TTCACGCACCTCTATC,9
mult-TTCACGCACGACACAC,9
mult-TTCACGCACGCTGATC,4
mult-TTCACGCACGGATTGC,9
mult-TTCACGCACTAAGGTC,9
mult-TTCACGCAGAACAGGC,9
mult-TTCACGCAGACAGTGC,9
mult-TTCACGCAGAGTTAGC,9
mult-TTCACGCAGATGAATC,9
mult-TTCACGCAGCCAAGAC,9
mult-TTCACGCACGGAAGAA,9
mult-TTCACGCAGTGACAAG,9
mult-TTCACGCAGAACCAGA,9
mult-TGGTGGTAAACGTGAT,6
mult-TGGTGGTAACAAGCTA,6
mult-TGGTGGTATTGCTGGA,9
mult-TGGTGGTACTGTAGCC,6
mult-TGGTGGTAAGTACAAG,6
mult-TGGTGGTAAACAACCA,12
mult-TGGTGGTAAACCGAGA,12
mult-TGGTGGTAAACGCTTA,12
mult-TGGTGGTAAAGACGGA,12
mult-TGGTGGTAAAGGTACA,12
mult-TGGTGGTAACACAGAA,12
mult-TGGTGGTAACAGCAGA,12
mult-TGGTGGTAAAACATCG,6
mult-TGGTGGTAACCTCCAA,12
mult-TGGTGGTAACGCTCGA,12
mult-TGGTGGTAACGTATCA,12
mult-TGGTGGTAACTATGCA,12
mult-TGGTGGTAAGAGTCAA,4
mult-TGGTGGTAAGATCGCA,12
mult-TGGTGGTAAGCAGGAA,9
mult-TGGTGGTAAGTCACTA,9
mult-TGGTGGTAATCCTGTA,1
mult-TGGTGGTAATTGAGGA,1
mult-TGGTGGTAATGCCTAA,6
mult-TGGTGGTACAACCACA,7
mult-TGGTGGTAGACTAGTA,7
mult-TGGTGGTACAATGGAA,7
mult-TGGTGGTACACTTCGA,7
mult-TGGTGGTACAGCGTTA,7
mult-TGGTGGTACATACCAA,7
mult-TGGTGGTACCAGTTCA,1
mult-TGGTGGTACCGAAGTA,1
mult-TGGTGGTACCGTGAGA,1
mult-TGGTGGTACCTCCTGA,7
mult-TGGTGGTAAGTGGTCA,6
mult-TGGTGGTACGAACTTA,7
mult-TGGTGGTACGACTGGA,7
mult-TGGTGGTACGCATACA,7
mult-TGGTGGTACTCAATGA,7
mult-TGGTGGTACTGAGCCA,1
mult-TGGTGGTACTGGCATA,1
mult-TGGTGGTAGAATCTGA,1
mult-TGGTGGTACAAGACTA,7
mult-TGGTGGTAGAGCTGAA,7
mult-TGGTGGTAGATAGACA,7
mult-TGGTGGTAACCACTGT,6
mult-TGGTGGTAGCCACATA,7
mult-TGGTGGTAGCGAGTAA,7
mult-TGGTGGTAGCTAACGA,1
mult-TGGTGGTAGCTCGGTA,1
mult-TGGTGGTAGGAGAACA,1
mult-TGGTGGTAGGTGCGAA,1
mult-TGGTGGTAGTACGCAA,7
mult-TGGTGGTAGTCGTAGA,7
mult-TGGTGGTAGTCTGTCA,7
mult-TGGTGGTAGTGTTCTA,1
mult-TGGTGGTAACATTGGC,6
mult-TGGTGGTATAGGATGA,7
mult-TGGTGGTATATCAGCA,7
mult-TGGTGGTATCCGTCTA,1
mult-TGGTGGTATCTTCACA,1
mult-TGGTGGTATGAAGAGA,7
mult-TGGTGGTATGGAACAA,7
mult-TGGTGGTATGGCTTCA,7
mult-TGGTGGTATGGTGGTA,7
mult-TGGTGGTATTCACGCA,7
mult-TGGTGGTAAACTCACC,7
mult-TGGTGGTACAGATCTG,12
mult-TGGTGGTAAAGAGATC,11
mult-TGGTGGTAAAGGACAC,11
mult-TGGTGGTAAATCCGTC,11
mult-TGGTGGTAAATGTTGC,11
mult-TGGTGGTAACACGACC,11
mult-TGGTGGTAACAGATTC,11
mult-TGGTGGTAAGATGTAC,11
mult-TGGTGGTAAGCACCTC,11
mult-TGGTGGTAAGCCATGC,11
mult-TGGTGGTAAGGCTAAC,11
mult-TGGTGGTACATCAAGT,12
mult-TGGTGGTAATAGCGAC,9
mult-TGGTGGTAATCATTCC,9
mult-TGGTGGTAATTGGCTC,9
mult-TGGTGGTACAAGGAGC,9
mult-TGGTGGTACACCTTAC,9
mult-TGGTGGTACCATCCTC,9
mult-TGGTGGTACCGACAAC,9
mult-TGGTGGTACCTAATCC,9
mult-TGGTGGTACCTCTATC,9
mult-TGGTGGTACGACACAC,9
mult-TGGTGGTACGCTGATC,6
mult-TGGTGGTACGGATTGC,9
mult-TGGTGGTACTAAGGTC,9
mult-TGGTGGTAGAACAGGC,9
mult-TGGTGGTAGACAGTGC,9
mult-TGGTGGTAGAGTTAGC,9
mult-TGGTGGTAGATGAATC,9
mult-TGGTGGTAGCCAAGAC,9
mult-TGGTGGTACGGAAGAA,9
mult-TGGTGGTAGTGACAAG,9
mult-TGGTGGTAGAACCAGA,9
mult-TGGCTTCAAACGTGAT,6
mult-TGGCTTCAACAAGCTA,6
mult-TGGCTTCATTGCTGGA,9
mult-TGGCTTCACTGTAGCC,12
mult-TGGCTTCAAGTACAAG,12
mult-TGGCTTCAAACAACCA,12
mult-TGGCTTCAAACCGAGA,12
mult-TGGCTTCAAACGCTTA,12
mult-TGGCTTCAAAGACGGA,12
mult-TGGCTTCAAAGGTACA,12
mult-TGGCTTCAACACAGAA,12
mult-TGGCTTCAACAGCAGA,12
mult-TGGCTTCAAAACATCG,6
mult-TGGCTTCAACCTCCAA,12
mult-TGGCTTCAACGCTCGA,12
mult-TGGCTTCAACGTATCA,12
mult-TGGCTTCAACTATGCA,12
mult-TGGCTTCAAGAGTCAA,12
mult-TGGCTTCAAGATCGCA,9
mult-TGGCTTCAAGCAGGAA,9
mult-TGGCTTCAAGTCACTA,9
mult-TGGCTTCAATCCTGTA,1
mult-TGGCTTCAATTGAGGA,7
mult-TGGCTTCAATGCCTAA,6
mult-TGGCTTCACAACCACA,7
mult-TGGCTTCAGACTAGTA,7
mult-TGGCTTCACAATGGAA,7
mult-TGGCTTCACACTTCGA,7
mult-TGGCTTCACAGCGTTA,1
mult-TGGCTTCACATACCAA,1
mult-TGGCTTCACCAGTTCA,1
mult-TGGCTTCACCGAAGTA,1
mult-TGGCTTCACCGTGAGA,1
mult-TGGCTTCACCTCCTGA,1
mult-TGGCTTCAAGTGGTCA,6
mult-TGGCTTCACGAACTTA,1
mult-TGGCTTCACGACTGGA,7
mult-TGGCTTCACGCATACA,7
mult-TGGCTTCACTCAATGA,7
mult-TGGCTTCACTGAGCCA,7
mult-TGGCTTCACTGGCATA,1
mult-TGGCTTCAGAATCTGA,7
mult-TGGCTTCACAAGACTA,7
mult-TGGCTTCAGAGCTGAA,7
mult-TGGCTTCAGATAGACA,7
mult-TGGCTTCAACCACTGT,6
mult-TGGCTTCAGCCACATA,7
mult-TGGCTTCAGCGAGTAA,7
mult-TGGCTTCAGCTAACGA,7
mult-TGGCTTCAGCTCGGTA,7
mult-TGGCTTCAGGAGAACA,7
mult-TGGCTTCAGGTGCGAA,7
mult-TGGCTTCAGTACGCAA,7
mult-TGGCTTCAGTCGTAGA,7
mult-TGGCTTCAGTCTGTCA,7
mult-TGGCTTCAGTGTTCTA,7
mult-TGGCTTCAACATTGGC,6
mult-TGGCTTCATAGGATGA,7
mult-TGGCTTCATATCAGCA,7
mult-TGGCTTCATCCGTCTA,7
mult-TGGCTTCATCTTCACA,1
mult-TGGCTTCATGAAGAGA,7
mult-TGGCTTCATGGAACAA,7
mult-TGGCTTCATGGCTTCA,7
mult-TGGCTTCATGGTGGTA,7
mult-TGGCTTCATTCACGCA,7
mult-TGGCTTCAAACTCACC,7
mult-TGGCTTCACAGATCTG,6
mult-TGGCTTCAAAGAGATC,11
mult-TGGCTTCAAAGGACAC,11
mult-TGGCTTCAAATCCGTC,11
mult-TGGCTTCAAATGTTGC,11
mult-TGGCTTCAACACGACC,11
mult-TGGCTTCAACAGATTC,11
mult-TGGCTTCAAGATGTAC,11
mult-TGGCTTCAAGCACCTC,11
mult-TGGCTTCAAGCCATGC,11
mult-TGGCTTCAAGGCTAAC,11
mult-TGGCTTCACATCAAGT,6
mult-TGGCTTCAATAGCGAC,9
mult-TGGCTTCAATCATTCC,9
mult-TGGCTTCAATTGGCTC,9
mult-TGGCTTCACAAGGAGC,9
mult-TGGCTTCACACCTTAC,9
mult-TGGCTTCACCATCCTC,9
mult-TGGCTTCACCGACAAC,9
mult-TGGCTTCACCTAATCC,9
mult-TGGCTTCACCTCTATC,9
mult-TGGCTTCACGACACAC,9
mult-TGGCTTCACGCTGATC,6
mult-TGGCTTCACGGATTGC,9
mult-TGGCTTCACTAAGGTC,9
mult-TGGCTTCAGAACAGGC,9
mult-TGGCTTCAGACAGTGC,9
mult-TGGCTTCAGAGTTAGC,9
mult-TGGCTTCAGATGAATC,9
mult-TGGCTTCAGCCAAGAC,9
mult-TGGCTTCACGGAAGAA,9
mult-TGGCTTCAGTGACAAG,9
mult-TGGCTTCAGAACCAGA,9
mult-TGGAACAAAACGTGAT,6
mult-TGGAACAAACAAGCTA,12
mult-TGGAACAATTGCTGGA,9
mult-TGGAACAACTGTAGCC,12
mult-TGGAACAAAGTACAAG,6
mult-TGGAACAAAACAACCA,4
mult-TGGAACAAAACCGAGA,12
mult-TGGAACAAAACGCTTA,12
mult-TGGAACAAAAGACGGA,12
mult-TGGAACAAAAGGTACA,12
mult-TGGAACAAACACAGAA,12
mult-TGGAACAAACAGCAGA,12
mult-TGGAACAAAAACATCG,6
mult-TGGAACAAACCTCCAA,12
mult-TGGAACAAACGCTCGA,12
mult-TGGAACAAACGTATCA,12
mult-TGGAACAAACTATGCA,12
mult-TGGAACAAAGAGTCAA,12
mult-TGGAACAAAGATCGCA,9
mult-TGGAACAAAGCAGGAA,9
mult-TGGAACAAAGTCACTA,1
mult-TGGAACAAATCCTGTA,1
mult-TGGAACAAATTGAGGA,7
mult-TGGAACAAATGCCTAA,6
mult-TGGAACAACAACCACA,7
mult-TGGAACAAGACTAGTA,7
mult-TGGAACAACAATGGAA,1
mult-TGGAACAACACTTCGA,1
mult-TGGAACAACAGCGTTA,1
mult-TGGAACAACATACCAA,1
mult-TGGAACAACCAGTTCA,1
mult-TGGAACAACCGAAGTA,1
mult-TGGAACAACCGTGAGA,1
mult-TGGAACAACCTCCTGA,1
mult-TGGAACAAAGTGGTCA,6
mult-TGGAACAACGAACTTA,1
mult-TGGAACAACGACTGGA,7
mult-TGGAACAACGCATACA,7
mult-TGGAACAACTCAATGA,7
mult-TGGAACAACTGAGCCA,7
mult-TGGAACAACTGGCATA,7
mult-TGGAACAAGAATCTGA,7
mult-TGGAACAACAAGACTA,1
mult-TGGAACAAGAGCTGAA,7
mult-TGGAACAAGATAGACA,7
mult-TGGAACAAACCACTGT,6
mult-TGGAACAAGCCACATA,7
mult-TGGAACAAGCGAGTAA,7
mult-TGGAACAAGCTAACGA,7
mult-TGGAACAAGCTCGGTA,7
mult-TGGAACAAGGAGAACA,7
mult-TGGAACAAGGTGCGAA,1
mult-TGGAACAAGTACGCAA,1
mult-TGGAACAAGTCGTAGA,7
mult-TGGAACAAGTCTGTCA,7
mult-TGGAACAAGTGTTCTA,7
mult-TGGAACAAACATTGGC,6
mult-TGGAACAATAGGATGA,7
mult-TGGAACAATATCAGCA,7
mult-TGGAACAATCCGTCTA,1
mult-TGGAACAATCTTCACA,1
mult-TGGAACAATGAAGAGA,1
mult-TGGAACAATGGAACAA,7
mult-TGGAACAATGGCTTCA,7
mult-TGGAACAATGGTGGTA,7
mult-TGGAACAATTCACGCA,7
mult-TGGAACAAAACTCACC,7
mult-TGGAACAACAGATCTG,6
mult-TGGAACAAAAGAGATC,7
mult-TGGAACAAAAGGACAC,11
mult-TGGAACAAAATCCGTC,11
mult-TGGAACAAAATGTTGC,11
mult-TGGAACAAACACGACC,11
mult-TGGAACAAACAGATTC,11
mult-TGGAACAAAGATGTAC,11
mult-TGGAACAAAGCACCTC,11
mult-TGGAACAAAGCCATGC,11
mult-TGGAACAAAGGCTAAC,11
mult-TGGAACAACATCAAGT,6
mult-TGGAACAAATAGCGAC,9
mult-TGGAACAAATCATTCC,9
mult-TGGAACAAATTGGCTC,9
mult-TGGAACAACAAGGAGC,9
mult-TGGAACAACACCTTAC,9
mult-TGGAACAACCATCCTC,9
mult-TGGAACAACCGACAAC,9
mult-TGGAACAACCTAATCC,9
mult-TGGAACAACCTCTATC,9
mult-TGGAACAACGACACAC,9
mult-TGGAACAACGCTGATC,6
mult-TGGAACAACGGATTGC,9
mult-TGGAACAACTAAGGTC,9
mult-TGGAACAAGAACAGGC,9
mult-TGGAACAAGACAGTGC,9
mult-TGGAACAAGAGTTAGC,9
mult-TGGAACAAGATGAATC,9
mult-TGGAACAAGCCAAGAC,9
mult-TGGAACAACGGAAGAA,9
mult-TGGAACAAGTGACAAG,9
mult-TGGAACAAGAACCAGA,9
mult-TGAAGAGAAACGTGAT,6
mult-TGAAGAGAACAAGCTA,12
mult-TGAAGAGATTGCTGGA,9
mult-TGAAGAGACTGTAGCC,6
mult-TGAAGAGAAGTACAAG,6
mult-TGAAGAGAAACAACCA,6
mult-TGAAGAGAAACCGAGA,12
mult-TGAAGAGAAACGCTTA,12
mult-TGAAGAGAAAGACGGA,12
mult-TGAAGAGAAAGGTACA,12
mult-TGAAGAGAACACAGAA,12
mult-TGAAGAGAACAGCAGA,12
mult-TGAAGAGAAAACATCG,6
mult-TGAAGAGAACCTCCAA,12
mult-TGAAGAGAACGCTCGA,12
mult-TGAAGAGAACGTATCA,12
mult-TGAAGAGAACTATGCA,4
mult-TGAAGAGAAGAGTCAA,12
mult-TGAAGAGAAGATCGCA,9
mult-TGAAGAGAAGCAGGAA,9
mult-TGAAGAGAAGTCACTA,1
mult-TGAAGAGAATCCTGTA,7
mult-TGAAGAGAATTGAGGA,7
mult-TGAAGAGAATGCCTAA,6
mult-TGAAGAGACAACCACA,7
mult-TGAAGAGAGACTAGTA,7
mult-TGAAGAGACAATGGAA,1
mult-TGAAGAGACACTTCGA,7
mult-TGAAGAGACAGCGTTA,1
mult-TGAAGAGACATACCAA,1
mult-TGAAGAGACCAGTTCA,1
mult-TGAAGAGACCGAAGTA,1
mult-TGAAGAGACCGTGAGA,1
mult-TGAAGAGACCTCCTGA,1
mult-TGAAGAGAAGTGGTCA,6
mult-TGAAGAGACGAACTTA,1
mult-TGAAGAGACGACTGGA,7
mult-TGAAGAGACGCATACA,1
mult-TGAAGAGACTCAATGA,7
mult-TGAAGAGACTGAGCCA,7
mult-TGAAGAGACTGGCATA,7
mult-TGAAGAGAGAATCTGA,7
mult-TGAAGAGACAAGACTA,7
mult-TGAAGAGAGAGCTGAA,7
mult-TGAAGAGAGATAGACA,7
mult-TGAAGAGAACCACTGT,6
mult-TGAAGAGAGCCACATA,7
mult-TGAAGAGAGCGAGTAA,7
mult-TGAAGAGAGCTAACGA,7
mult-TGAAGAGAGCTCGGTA,7
mult-TGAAGAGAGGAGAACA,7
mult-TGAAGAGAGGTGCGAA,7
mult-TGAAGAGAGTACGCAA,7
mult-TGAAGAGAGTCGTAGA,7
mult-TGAAGAGAGTCTGTCA,7
mult-TGAAGAGAGTGTTCTA,7
mult-TGAAGAGAACATTGGC,6
mult-TGAAGAGATAGGATGA,7
mult-TGAAGAGATATCAGCA,1
mult-TGAAGAGATCCGTCTA,1
mult-TGAAGAGATCTTCACA,1
mult-TGAAGAGATGAAGAGA,1
mult-TGAAGAGATGGAACAA,1
mult-TGAAGAGATGGCTTCA,1
mult-TGAAGAGATGGTGGTA,7
mult-TGAAGAGATTCACGCA,7
mult-TGAAGAGAAACTCACC,7
mult-TGAAGAGACAGATCTG,12
mult-TGAAGAGAAAGAGATC,11
mult-TGAAGAGAAAGGACAC,11
mult-TGAAGAGAAATCCGTC,11
mult-TGAAGAGAAATGTTGC,11
mult-TGAAGAGAACACGACC,11
mult-TGAAGAGAACAGATTC,11
mult-TGAAGAGAAGATGTAC,11
mult-TGAAGAGAAGCACCTC,11
mult-TGAAGAGAAGCCATGC,11
mult-TGAAGAGAAGGCTAAC,10
mult-TGAAGAGACATCAAGT,6
mult-TGAAGAGAATAGCGAC,10
mult-TGAAGAGAATCATTCC,9
mult-TGAAGAGAATTGGCTC,9
mult-TGAAGAGACAAGGAGC,9
mult-TGAAGAGACACCTTAC,9
mult-TGAAGAGACCATCCTC,9
mult-TGAAGAGACCGACAAC,9
mult-TGAAGAGACCTAATCC,9
mult-TGAAGAGACCTCTATC,9
mult-TGAAGAGACGACACAC,9
mult-TGAAGAGACGCTGATC,6
mult-TGAAGAGACGGATTGC,9
mult-TGAAGAGACTAAGGTC,9
mult-TGAAGAGAGAACAGGC,9
mult-TGAAGAGAGACAGTGC,9
mult-TGAAGAGAGAGTTAGC,9
mult-TGAAGAGAGATGAATC,9
mult-TGAAGAGAGCCAAGAC,9
mult-TGAAGAGACGGAAGAA,9
mult-TGAAGAGAGTGACAAG,9
mult-TGAAGAGAGAACCAGA,9
mult-TCTTCACAAACGTGAT,6
mult-TCTTCACAACAAGCTA,5
mult-TCTTCACATTGCTGGA,9
mult-TCTTCACACTGTAGCC,6
mult-TCTTCACAAGTACAAG,6
mult-TCTTCACAAACAACCA,6
mult-TCTTCACAAACCGAGA,4
mult-TCTTCACAAACGCTTA,12
mult-TCTTCACAAAGACGGA,12
mult-TCTTCACAAAGGTACA,12
mult-TCTTCACAACACAGAA,12
mult-TCTTCACAACAGCAGA,12
mult-TCTTCACAAAACATCG,6
mult-TCTTCACAACCTCCAA,12
mult-TCTTCACAACGCTCGA,12
mult-TCTTCACAACGTATCA,12
mult-TCTTCACAACTATGCA,12
mult-TCTTCACAAGAGTCAA,9
mult-TCTTCACAAGATCGCA,9
mult-TCTTCACAAGCAGGAA,9
mult-TCTTCACAAGTCACTA,1
mult-TCTTCACAATCCTGTA,1
mult-TCTTCACAATTGAGGA,7
mult-TCTTCACAATGCCTAA,6
mult-TCTTCACACAACCACA,7
mult-TCTTCACAGACTAGTA,7
mult-TCTTCACACAATGGAA,1
mult-TCTTCACACACTTCGA,7
mult-TCTTCACACAGCGTTA,7
mult-TCTTCACACATACCAA,1
mult-TCTTCACACCAGTTCA,1
mult-TCTTCACACCGAAGTA,1
mult-TCTTCACACCGTGAGA,1
mult-TCTTCACACCTCCTGA,7
mult-TCTTCACAAGTGGTCA,6
mult-TCTTCACACGAACTTA,1
mult-TCTTCACACGACTGGA,7
mult-TCTTCACACGCATACA,7
mult-TCTTCACACTCAATGA,7
mult-TCTTCACACTGAGCCA,7
mult-TCTTCACACTGGCATA,7
mult-TCTTCACAGAATCTGA,7
mult-TCTTCACACAAGACTA,7
mult-TCTTCACAGAGCTGAA,7
mult-TCTTCACAGATAGACA,7
mult-TCTTCACAACCACTGT,6
mult-TCTTCACAGCCACATA,7
mult-TCTTCACAGCGAGTAA,7
mult-TCTTCACAGCTAACGA,7
mult-TCTTCACAGCTCGGTA,7
mult-TCTTCACAGGAGAACA,7
mult-TCTTCACAGGTGCGAA,7
mult-TCTTCACAGTACGCAA,7
mult-TCTTCACAGTCGTAGA,7
mult-TCTTCACAGTCTGTCA,7
mult-TCTTCACAGTGTTCTA,7
mult-TCTTCACAACATTGGC,4
mult-TCTTCACATAGGATGA,1
mult-TCTTCACATATCAGCA,1
mult-TCTTCACATCCGTCTA,1
mult-TCTTCACATCTTCACA,1
mult-TCTTCACATGAAGAGA,1
mult-TCTTCACATGGAACAA,1
mult-TCTTCACATGGCTTCA,7
mult-TCTTCACATGGTGGTA,7
mult-TCTTCACATTCACGCA,7
mult-TCTTCACAAACTCACC,7
mult-TCTTCACACAGATCTG,4
mult-TCTTCACAAAGAGATC,11
mult-TCTTCACAAAGGACAC,11
mult-TCTTCACAAATCCGTC,11
mult-TCTTCACAAATGTTGC,11
mult-TCTTCACAACACGACC,11
mult-TCTTCACAACAGATTC,11
mult-TCTTCACAAGATGTAC,11
mult-TCTTCACAAGCACCTC,3
mult-TCTTCACAAGCCATGC,3
mult-TCTTCACAAGGCTAAC,10
mult-TCTTCACACATCAAGT,12
mult-TCTTCACAATAGCGAC,10
mult-TCTTCACAATCATTCC,10
mult-TCTTCACAATTGGCTC,9
mult-TCTTCACACAAGGAGC,9
mult-TCTTCACACACCTTAC,9
mult-TCTTCACACCATCCTC,9
mult-TCTTCACACCGACAAC,9
mult-TCTTCACACCTAATCC,9
mult-TCTTCACACCTCTATC,9
mult-TCTTCACACGACACAC,9
mult-TCTTCACACGCTGATC,6
mult-TCTTCACACGGATTGC,9
mult-TCTTCACACTAAGGTC,9
mult-TCTTCACAGAACAGGC,9
mult-TCTTCACAGACAGTGC,9
mult-TCTTCACAGAGTTAGC,9
mult-TCTTCACAGATGAATC,9
mult-TCTTCACAGCCAAGAC,9
mult-TCTTCACACGGAAGAA,9
mult-TCTTCACAGTGACAAG,9
mult-TCTTCACAGAACCAGA,9
mult-TCCGTCTAAACGTGAT,6
mult-TCCGTCTAACAAGCTA,6
mult-TCCGTCTATTGCTGGA,9
mult-TCCGTCTACTGTAGCC,6
mult-TCCGTCTAAGTACAAG,6
mult-TCCGTCTAAACAACCA,6
mult-TCCGTCTAAACCGAGA,6
mult-TCCGTCTAAACGCTTA,4
mult-TCCGTCTAAAGACGGA,4
mult-TCCGTCTAAAGGTACA,12
mult-TCCGTCTAACACAGAA,12
mult-TCCGTCTAACAGCAGA,12
mult-TCCGTCTAAAACATCG,6
mult-TCCGTCTAACCTCCAA,12
mult-TCCGTCTAACGCTCGA,12
mult-TCCGTCTAACGTATCA,12
mult-TCCGTCTAACTATGCA,12
mult-TCCGTCTAAGAGTCAA,9
mult-TCCGTCTAAGATCGCA,9
mult-TCCGTCTAAGCAGGAA,1
mult-TCCGTCTAAGTCACTA,7
mult-TCCGTCTAATCCTGTA,7
mult-TCCGTCTAATTGAGGA,7
mult-TCCGTCTAATGCCTAA,6
mult-TCCGTCTACAACCACA,1
mult-TCCGTCTAGACTAGTA,7
mult-TCCGTCTACAATGGAA,7
mult-TCCGTCTACACTTCGA,7
mult-TCCGTCTACAGCGTTA,7
mult-TCCGTCTACATACCAA,1
mult-TCCGTCTACCAGTTCA,1
mult-TCCGTCTACCGAAGTA,7
mult-TCCGTCTACCGTGAGA,7
mult-TCCGTCTACCTCCTGA,7
mult-TCCGTCTAAGTGGTCA,6
mult-TCCGTCTACGAACTTA,7
mult-TCCGTCTACGACTGGA,7
mult-TCCGTCTACGCATACA,7
mult-TCCGTCTACTCAATGA,7
mult-TCCGTCTACTGAGCCA,7
mult-TCCGTCTACTGGCATA,7
mult-TCCGTCTAGAATCTGA,7
mult-TCCGTCTACAAGACTA,7
mult-TCCGTCTAGAGCTGAA,7
mult-TCCGTCTAGATAGACA,7
mult-TCCGTCTAACCACTGT,6
mult-TCCGTCTAGCCACATA,7
mult-TCCGTCTAGCGAGTAA,7
mult-TCCGTCTAGCTAACGA,7
mult-TCCGTCTAGCTCGGTA,7
mult-TCCGTCTAGGAGAACA,7
mult-TCCGTCTAGGTGCGAA,7
mult-TCCGTCTAGTACGCAA,7
mult-TCCGTCTAGTCGTAGA,7
mult-TCCGTCTAGTCTGTCA,7
mult-TCCGTCTAGTGTTCTA,7
mult-TCCGTCTAACATTGGC,6
mult-TCCGTCTATAGGATGA,7
mult-TCCGTCTATATCAGCA,1
mult-TCCGTCTATCCGTCTA,1
mult-TCCGTCTATCTTCACA,1
mult-TCCGTCTATGAAGAGA,1
mult-TCCGTCTATGGAACAA,7
mult-TCCGTCTATGGCTTCA,7
mult-TCCGTCTATGGTGGTA,7
mult-TCCGTCTATTCACGCA,7
mult-TCCGTCTAAACTCACC,7
mult-TCCGTCTACAGATCTG,12
mult-TCCGTCTAAAGAGATC,11
mult-TCCGTCTAAAGGACAC,11
mult-TCCGTCTAAATCCGTC,11
mult-TCCGTCTAAATGTTGC,11
mult-TCCGTCTAACACGACC,11
mult-TCCGTCTAACAGATTC,11
mult-TCCGTCTAAGATGTAC,3
mult-TCCGTCTAAGCACCTC,3
mult-TCCGTCTAAGCCATGC,3
mult-TCCGTCTAAGGCTAAC,3
mult-TCCGTCTACATCAAGT,12
mult-TCCGTCTAATAGCGAC,10
mult-TCCGTCTAATCATTCC,9
mult-TCCGTCTAATTGGCTC,9
mult-TCCGTCTACAAGGAGC,9
mult-TCCGTCTACACCTTAC,9
mult-TCCGTCTACCATCCTC,9
mult-TCCGTCTACCGACAAC,9
mult-TCCGTCTACCTAATCC,9
mult-TCCGTCTACCTCTATC,9
mult-TCCGTCTACGACACAC,9
mult-TCCGTCTACGCTGATC,8
mult-TCCGTCTACGGATTGC,9
mult-TCCGTCTACTAAGGTC,9
mult-TCCGTCTAGAACAGGC,9
mult-TCCGTCTAGACAGTGC,9
mult-TCCGTCTAGAGTTAGC,9
mult-TCCGTCTAGATGAATC,9
mult-TCCGTCTAGCCAAGAC,9
mult-TCCGTCTACGGAAGAA,9
mult-TCCGTCTAGTGACAAG,9
mult-TCCGTCTAGAACCAGA,9
mult-GTGACAAGAACGTGAT,8
mult-GTGACAAGACAAGCTA,4
mult-GTGACAAGTTGCTGGA,12
mult-GTGACAAGCTGTAGCC,6
mult-GTGACAAGAGTACAAG,4
mult-GTGACAAGAACAACCA,6
mult-GTGACAAGAACCGAGA,4
mult-GTGACAAGAACGCTTA,6
mult-GTGACAAGAAGACGGA,6
mult-GTGACAAGAAGGTACA,6
mult-GTGACAAGACACAGAA,6
mult-GTGACAAGACAGCAGA,6
mult-GTGACAAGAAACATCG,8
mult-GTGACAAGACCTCCAA,6
mult-GTGACAAGACGCTCGA,6
mult-GTGACAAGACGTATCA,6
mult-GTGACAAGACTATGCA,6
mult-GTGACAAGAGAGTCAA,6
mult-GTGACAAGAGATCGCA,6
mult-GTGACAAGAGCAGGAA,6
mult-GTGACAAGAGTCACTA,6
mult-GTGACAAGATCCTGTA,6
mult-GTGACAAGATTGAGGA,6
mult-GTGACAAGATGCCTAA,8
mult-GTGACAAGCAACCACA,4
mult-GTGACAAGGACTAGTA,6
mult-GTGACAAGCAATGGAA,6
mult-GTGACAAGCACTTCGA,6
mult-GTGACAAGCAGCGTTA,4
mult-GTGACAAGCATACCAA,4
mult-GTGACAAGCCAGTTCA,12
mult-GTGACAAGCCGAAGTA,12
mult-GTGACAAGCCGTGAGA,8
mult-GTGACAAGCCTCCTGA,12
mult-GTGACAAGAGTGGTCA,8
mult-GTGACAAGCGAACTTA,4
mult-GTGACAAGCGACTGGA,8
mult-GTGACAAGCGCATACA,12
mult-GTGACAAGCTCAATGA,8
mult-GTGACAAGCTGAGCCA,12
mult-GTGACAAGCTGGCATA,4
mult-GTGACAAGGAATCTGA,8
mult-GTGACAAGCAAGACTA,12
mult-GTGACAAGGAGCTGAA,12
mult-GTGACAAGGATAGACA,12
mult-GTGACAAGACCACTGT,6
mult-GTGACAAGGCCACATA,12
mult-GTGACAAGGCGAGTAA,4
mult-GTGACAAGGCTAACGA,12
mult-GTGACAAGGCTCGGTA,12
mult-GTGACAAGGGAGAACA,12
mult-GTGACAAGGGTGCGAA,12
mult-GTGACAAGGTACGCAA,12
mult-GTGACAAGGTCGTAGA,12
mult-GTGACAAGGTCTGTCA,12
mult-GTGACAAGGTGTTCTA,12
mult-GTGACAAGACATTGGC,4
mult-GTGACAAGTAGGATGA,12
mult-GTGACAAGTATCAGCA,12
mult-GTGACAAGTCCGTCTA,12
mult-GTGACAAGTCTTCACA,8
mult-GTGACAAGTGAAGAGA,12
mult-GTGACAAGTGGAACAA,12
mult-GTGACAAGTGGCTTCA,4
mult-GTGACAAGTGGTGGTA,12
mult-GTGACAAGTTCACGCA,4
mult-GTGACAAGAACTCACC,12
mult-GTGACAAGCAGATCTG,4
mult-GTGACAAGAAGAGATC,12
mult-GTGACAAGAAGGACAC,12
mult-GTGACAAGAATCCGTC,4
mult-GTGACAAGAATGTTGC,12
mult-GTGACAAGACACGACC,12
mult-GTGACAAGACAGATTC,12
mult-GTGACAAGAGATGTAC,12
mult-GTGACAAGAGCACCTC,12
mult-GTGACAAGAGCCATGC,4
mult-GTGACAAGAGGCTAAC,4
mult-GTGACAAGCATCAAGT,4
mult-GTGACAAGATAGCGAC,12
mult-GTGACAAGATCATTCC,12
mult-GTGACAAGATTGGCTC,6
mult-GTGACAAGCAAGGAGC,12
mult-GTGACAAGCACCTTAC,12
mult-GTGACAAGCCATCCTC,5
mult-GTGACAAGCCGACAAC,12
mult-GTGACAAGCCTAATCC,12
mult-GTGACAAGCCTCTATC,4
mult-GTGACAAGCGACACAC,8
mult-GTGACAAGCGCTGATC,8
mult-GTGACAAGCGGATTGC,10
mult-GTGACAAGCTAAGGTC,10
mult-GTGACAAGGAACAGGC,10
mult-GTGACAAGGACAGTGC,10
mult-GTGACAAGGAGTTAGC,10
mult-GTGACAAGGATGAATC,4
mult-GTGACAAGGCCAAGAC,4
mult-GTGACAAGCGGAAGAA,12
mult-GTGACAAGGTGACAAG,12
mult-GTGACAAGGAACCAGA,12
mult-TATCAGCAAACGTGAT,6
mult-TATCAGCAACAAGCTA,6
mult-TATCAGCATTGCTGGA,9
mult-TATCAGCACTGTAGCC,6
mult-TATCAGCAAGTACAAG,6
mult-TATCAGCAAACAACCA,6
mult-TATCAGCAAACCGAGA,6
mult-TATCAGCAAACGCTTA,4
mult-TATCAGCAAAGACGGA,12
mult-TATCAGCAAAGGTACA,12
mult-TATCAGCAACACAGAA,12
mult-TATCAGCAACAGCAGA,4
mult-TATCAGCAAAACATCG,6
mult-TATCAGCAACCTCCAA,12
mult-TATCAGCAACGCTCGA,12
mult-TATCAGCAACGTATCA,12
mult-TATCAGCAACTATGCA,9
mult-TATCAGCAAGAGTCAA,9
mult-TATCAGCAAGATCGCA,9
mult-TATCAGCAAGCAGGAA,1
mult-TATCAGCAAGTCACTA,7
mult-TATCAGCAATCCTGTA,7
mult-TATCAGCAATTGAGGA,1
mult-TATCAGCAATGCCTAA,4
mult-TATCAGCACAACCACA,7
mult-TATCAGCAGACTAGTA,7
mult-TATCAGCACAATGGAA,7
mult-TATCAGCACACTTCGA,7
mult-TATCAGCACAGCGTTA,7
mult-TATCAGCACATACCAA,7
mult-TATCAGCACCAGTTCA,7
mult-TATCAGCACCGAAGTA,1
mult-TATCAGCACCGTGAGA,1
mult-TATCAGCACCTCCTGA,7
mult-TATCAGCAAGTGGTCA,8
mult-TATCAGCACGAACTTA,7
mult-TATCAGCACGACTGGA,7
mult-TATCAGCACGCATACA,7
mult-TATCAGCACTCAATGA,7
mult-TATCAGCACTGAGCCA,7
mult-TATCAGCACTGGCATA,7
mult-TATCAGCAGAATCTGA,7
mult-TATCAGCACAAGACTA,7
mult-TATCAGCAGAGCTGAA,7
mult-TATCAGCAGATAGACA,1
mult-TATCAGCAACCACTGT,6
mult-TATCAGCAGCCACATA,7
mult-TATCAGCAGCGAGTAA,7
mult-TATCAGCAGCTAACGA,7
mult-TATCAGCAGCTCGGTA,7
mult-TATCAGCAGGAGAACA,7
mult-TATCAGCAGGTGCGAA,7
mult-TATCAGCAGTACGCAA,7
mult-TATCAGCAGTCGTAGA,7
mult-TATCAGCAGTCTGTCA,7
mult-TATCAGCAGTGTTCTA,7
mult-TATCAGCAACATTGGC,6
mult-TATCAGCATAGGATGA,7
mult-TATCAGCATATCAGCA,1
mult-TATCAGCATCCGTCTA,1
mult-TATCAGCATCTTCACA,1
mult-TATCAGCATGAAGAGA,7
mult-TATCAGCATGGAACAA,7
mult-TATCAGCATGGCTTCA,7
mult-TATCAGCATGGTGGTA,7
mult-TATCAGCATTCACGCA,7
mult-TATCAGCAAACTCACC,7
mult-TATCAGCACAGATCTG,6
mult-TATCAGCAAAGAGATC,11
mult-TATCAGCAAAGGACAC,11
mult-TATCAGCAAATCCGTC,11
mult-TATCAGCAAATGTTGC,11
mult-TATCAGCAACACGACC,11
mult-TATCAGCAACAGATTC,11
mult-TATCAGCAAGATGTAC,3
mult-TATCAGCAAGCACCTC,3
mult-TATCAGCAAGCCATGC,3
mult-TATCAGCAAGGCTAAC,3
mult-TATCAGCACATCAAGT,12
mult-TATCAGCAATAGCGAC,3
mult-TATCAGCAATCATTCC,9
mult-TATCAGCAATTGGCTC,9
mult-TATCAGCACAAGGAGC,9
mult-TATCAGCACACCTTAC,9
mult-TATCAGCACCATCCTC,9
mult-TATCAGCACCGACAAC,9
mult-TATCAGCACCTAATCC,9
mult-TATCAGCACCTCTATC,9
mult-TATCAGCACGACACAC,9
mult-TATCAGCACGCTGATC,6
mult-TATCAGCACGGATTGC,9
mult-TATCAGCACTAAGGTC,9
mult-TATCAGCAGAACAGGC,9
mult-TATCAGCAGACAGTGC,9
mult-TATCAGCAGAGTTAGC,9
mult-TATCAGCAGATGAATC,9
mult-TATCAGCAGCCAAGAC,9
mult-TATCAGCACGGAAGAA,9
mult-TATCAGCAGTGACAAG,9
mult-TATCAGCAGAACCAGA,9
mult-TAGGATGAAACGTGAT,6
mult-TAGGATGAACAAGCTA,6
mult-TAGGATGATTGCTGGA,9
mult-TAGGATGACTGTAGCC,6
mult-TAGGATGAAGTACAAG,6
mult-TAGGATGAAACAACCA,6
mult-TAGGATGAAACCGAGA,6
mult-TAGGATGAAACGCTTA,12
mult-TAGGATGAAAGACGGA,8
mult-TAGGATGAAAGGTACA,12
mult-TAGGATGAACACAGAA,12
mult-TAGGATGAACAGCAGA,12
mult-TAGGATGAAAACATCG,6
mult-TAGGATGAACCTCCAA,12
mult-TAGGATGAACGCTCGA,12
mult-TAGGATGAACGTATCA,12
mult-TAGGATGAACTATGCA,12
mult-TAGGATGAAGAGTCAA,9
mult-TAGGATGAAGATCGCA,9
mult-TAGGATGAAGCAGGAA,1
mult-TAGGATGAAGTCACTA,7
mult-TAGGATGAATCCTGTA,7
mult-TAGGATGAATTGAGGA,7
mult-TAGGATGAATGCCTAA,6
mult-TAGGATGACAACCACA,7
mult-TAGGATGAGACTAGTA,7
mult-TAGGATGACAATGGAA,7
mult-TAGGATGACACTTCGA,7
mult-TAGGATGACAGCGTTA,1
mult-TAGGATGACATACCAA,1
mult-TAGGATGACCAGTTCA,7
mult-TAGGATGACCGAAGTA,1
mult-TAGGATGACCGTGAGA,1
mult-TAGGATGACCTCCTGA,7
mult-TAGGATGAAGTGGTCA,6
mult-TAGGATGACGAACTTA,7
mult-TAGGATGACGACTGGA,7
mult-TAGGATGACGCATACA,7
mult-TAGGATGACTCAATGA,7
mult-TAGGATGACTGAGCCA,7
mult-TAGGATGACTGGCATA,7
mult-TAGGATGAGAATCTGA,7
mult-TAGGATGACAAGACTA,7
mult-TAGGATGAGAGCTGAA,7
mult-TAGGATGAGATAGACA,7
mult-TAGGATGAACCACTGT,6
mult-TAGGATGAGCCACATA,7
mult-TAGGATGAGCGAGTAA,7
mult-TAGGATGAGCTAACGA,7
mult-TAGGATGAGCTCGGTA,7
mult-TAGGATGAGGAGAACA,7
mult-TAGGATGAGGTGCGAA,7
mult-TAGGATGAGTACGCAA,1
mult-TAGGATGAGTCGTAGA,7
mult-TAGGATGAGTCTGTCA,7
mult-TAGGATGAGTGTTCTA,7
mult-TAGGATGAACATTGGC,6
mult-TAGGATGATAGGATGA,7
mult-TAGGATGATATCAGCA,7
mult-TAGGATGATCCGTCTA,7
mult-TAGGATGATCTTCACA,7
mult-TAGGATGATGAAGAGA,7
mult-TAGGATGATGGAACAA,7
mult-TAGGATGATGGCTTCA,7
mult-TAGGATGATGGTGGTA,7
mult-TAGGATGATTCACGCA,7
mult-TAGGATGAAACTCACC,7
mult-TAGGATGACAGATCTG,6
mult-TAGGATGAAAGAGATC,11
mult-TAGGATGAAAGGACAC,11
mult-TAGGATGAAATCCGTC,11
mult-TAGGATGAAATGTTGC,11
mult-TAGGATGAACACGACC,11
mult-TAGGATGAACAGATTC,11
mult-TAGGATGAAGATGTAC,3
mult-TAGGATGAAGCACCTC,3
mult-TAGGATGAAGCCATGC,3
mult-TAGGATGAAGGCTAAC,3
mult-TAGGATGACATCAAGT,6
mult-TAGGATGAATAGCGAC,3
mult-TAGGATGAATCATTCC,3
mult-TAGGATGAATTGGCTC,9
mult-TAGGATGACAAGGAGC,9
mult-TAGGATGACACCTTAC,9
mult-TAGGATGACCATCCTC,9
mult-TAGGATGACCGACAAC,9
mult-TAGGATGACCTAATCC,9
mult-TAGGATGACCTCTATC,9
mult-TAGGATGACGACACAC,9
mult-TAGGATGACGCTGATC,6
mult-TAGGATGACGGATTGC,9
mult-TAGGATGACTAAGGTC,9
mult-TAGGATGAGAACAGGC,9
mult-TAGGATGAGACAGTGC,9
mult-TAGGATGAGAGTTAGC,9
mult-TAGGATGAGATGAATC,9
mult-TAGGATGAGCCAAGAC,9
mult-TAGGATGACGGAAGAA,9
mult-TAGGATGAGTGACAAG,9
mult-TAGGATGAGAACCAGA,9
mult-GTGTTCTAAACGTGAT,6
mult-GTGTTCTAACAAGCTA,12
mult-GTGTTCTATTGCTGGA,9
mult-GTGTTCTACTGTAGCC,12
mult-GTGTTCTAAGTACAAG,12
mult-GTGTTCTAAACAACCA,12
mult-GTGTTCTAAACCGAGA,12
mult-GTGTTCTAAACGCTTA,12
mult-GTGTTCTAAAGACGGA,12
mult-GTGTTCTAAAGGTACA,12
mult-GTGTTCTAACACAGAA,12
mult-GTGTTCTAACAGCAGA,4
mult-GTGTTCTAAAACATCG,6
mult-GTGTTCTAACCTCCAA,8
mult-GTGTTCTAACGCTCGA,4
mult-GTGTTCTAACGTATCA,12
mult-GTGTTCTAACTATGCA,8
mult-GTGTTCTAAGAGTCAA,12
mult-GTGTTCTAAGATCGCA,9
mult-GTGTTCTAAGCAGGAA,1
mult-GTGTTCTAAGTCACTA,1
mult-GTGTTCTAATCCTGTA,7
mult-GTGTTCTAATTGAGGA,7
mult-GTGTTCTAATGCCTAA,6
mult-GTGTTCTACAACCACA,1
mult-GTGTTCTAGACTAGTA,7
mult-GTGTTCTACAATGGAA,7
mult-GTGTTCTACACTTCGA,7
mult-GTGTTCTACAGCGTTA,1
mult-GTGTTCTACATACCAA,1
mult-GTGTTCTACCAGTTCA,7
mult-GTGTTCTACCGAAGTA,7
mult-GTGTTCTACCGTGAGA,7
mult-GTGTTCTACCTCCTGA,7
mult-GTGTTCTAAGTGGTCA,6
mult-GTGTTCTACGAACTTA,7
mult-GTGTTCTACGACTGGA,7
mult-GTGTTCTACGCATACA,1
mult-GTGTTCTACTCAATGA,1
mult-GTGTTCTACTGAGCCA,7
mult-GTGTTCTACTGGCATA,7
mult-GTGTTCTAGAATCTGA,1
mult-GTGTTCTACAAGACTA,7
mult-GTGTTCTAGAGCTGAA,7
mult-GTGTTCTAGATAGACA,7
mult-GTGTTCTAACCACTGT,6
mult-GTGTTCTAGCCACATA,7
mult-GTGTTCTAGCGAGTAA,7
mult-GTGTTCTAGCTAACGA,7
mult-GTGTTCTAGCTCGGTA,7
mult-GTGTTCTAGGAGAACA,7
mult-GTGTTCTAGGTGCGAA,1
mult-GTGTTCTAGTACGCAA,7
mult-GTGTTCTAGTCGTAGA,7
mult-GTGTTCTAGTCTGTCA,7
mult-GTGTTCTAGTGTTCTA,7
mult-GTGTTCTAACATTGGC,6
mult-GTGTTCTATAGGATGA,7
mult-GTGTTCTATATCAGCA,7
mult-GTGTTCTATCCGTCTA,7
mult-GTGTTCTATCTTCACA,7
mult-GTGTTCTATGAAGAGA,7
mult-GTGTTCTATGGAACAA,7
mult-GTGTTCTATGGCTTCA,7
mult-GTGTTCTATGGTGGTA,7
mult-GTGTTCTATTCACGCA,7
mult-GTGTTCTAAACTCACC,7
mult-GTGTTCTACAGATCTG,6
mult-GTGTTCTAAAGAGATC,11
mult-GTGTTCTAAAGGACAC,11
mult-GTGTTCTAAATCCGTC,11
mult-GTGTTCTAAATGTTGC,11
mult-GTGTTCTAACACGACC,11
mult-GTGTTCTAACAGATTC,11
mult-GTGTTCTAAGATGTAC,3
mult-GTGTTCTAAGCACCTC,3
mult-GTGTTCTAAGCCATGC,3
mult-GTGTTCTAAGGCTAAC,3
mult-GTGTTCTACATCAAGT,12
mult-GTGTTCTAATAGCGAC,3
mult-GTGTTCTAATCATTCC,3
mult-GTGTTCTAATTGGCTC,3
mult-GTGTTCTACAAGGAGC,9
mult-GTGTTCTACACCTTAC,9
mult-GTGTTCTACCATCCTC,9
mult-GTGTTCTACCGACAAC,9
mult-GTGTTCTACCTAATCC,9
mult-GTGTTCTACCTCTATC,9
mult-GTGTTCTACGACACAC,9
mult-GTGTTCTACGCTGATC,4
mult-GTGTTCTACGGATTGC,9
mult-GTGTTCTACTAAGGTC,9
mult-GTGTTCTAGAACAGGC,9
mult-GTGTTCTAGACAGTGC,9
mult-GTGTTCTAGAGTTAGC,9
mult-GTGTTCTAGATGAATC,9
mult-GTGTTCTAGCCAAGAC,9
mult-GTGTTCTACGGAAGAA,9
mult-GTGTTCTAGTGACAAG,9
mult-GTGTTCTAGAACCAGA,9
mult-GTCTGTCAAACGTGAT,6
mult-GTCTGTCAACAAGCTA,12
mult-GTCTGTCATTGCTGGA,9
mult-GTCTGTCACTGTAGCC,12
mult-GTCTGTCAAGTACAAG,4
mult-GTCTGTCAAACAACCA,12
mult-GTCTGTCAAACCGAGA,12
mult-GTCTGTCAAACGCTTA,12
mult-GTCTGTCAAAGACGGA,12
mult-GTCTGTCAAAGGTACA,8
mult-GTCTGTCAACACAGAA,12
mult-GTCTGTCAACAGCAGA,8
mult-GTCTGTCAAAACATCG,6
mult-GTCTGTCAACCTCCAA,12
mult-GTCTGTCAACGCTCGA,12
mult-GTCTGTCAACGTATCA,12
mult-GTCTGTCAACTATGCA,9
mult-GTCTGTCAAGAGTCAA,9
mult-GTCTGTCAAGATCGCA,9
mult-GTCTGTCAAGCAGGAA,1
mult-GTCTGTCAAGTCACTA,7
mult-GTCTGTCAATCCTGTA,1
mult-GTCTGTCAATTGAGGA,7
mult-GTCTGTCAATGCCTAA,6
mult-GTCTGTCACAACCACA,7
mult-GTCTGTCAGACTAGTA,7
mult-GTCTGTCACAATGGAA,7
mult-GTCTGTCACACTTCGA,7
mult-GTCTGTCACAGCGTTA,1
mult-GTCTGTCACATACCAA,7
mult-GTCTGTCACCAGTTCA,1
mult-GTCTGTCACCGAAGTA,7
mult-GTCTGTCACCGTGAGA,7
mult-GTCTGTCACCTCCTGA,7
mult-GTCTGTCAAGTGGTCA,6
mult-GTCTGTCACGAACTTA,7
mult-GTCTGTCACGACTGGA,7
mult-GTCTGTCACGCATACA,1
mult-GTCTGTCACTCAATGA,1
mult-GTCTGTCACTGAGCCA,1
mult-GTCTGTCACTGGCATA,1
mult-GTCTGTCAGAATCTGA,7
mult-GTCTGTCACAAGACTA,7
mult-GTCTGTCAGAGCTGAA,7
mult-GTCTGTCAGATAGACA,7
mult-GTCTGTCAACCACTGT,6
mult-GTCTGTCAGCCACATA,7
mult-GTCTGTCAGCGAGTAA,7
mult-GTCTGTCAGCTAACGA,7
mult-GTCTGTCAGCTCGGTA,1
mult-GTCTGTCAGGAGAACA,7
mult-GTCTGTCAGGTGCGAA,7
mult-GTCTGTCAGTACGCAA,7
mult-GTCTGTCAGTCGTAGA,7
mult-GTCTGTCAGTCTGTCA,7
mult-GTCTGTCAGTGTTCTA,7
mult-GTCTGTCAACATTGGC,6
mult-GTCTGTCATAGGATGA,7
mult-GTCTGTCATATCAGCA,7
mult-GTCTGTCATCCGTCTA,7
mult-GTCTGTCATCTTCACA,7
mult-GTCTGTCATGAAGAGA,7
mult-GTCTGTCATGGAACAA,7
mult-GTCTGTCATGGCTTCA,7
mult-GTCTGTCATGGTGGTA,7
mult-GTCTGTCATTCACGCA,7
mult-GTCTGTCAAACTCACC,11
mult-GTCTGTCACAGATCTG,6
mult-GTCTGTCAAAGAGATC,11
mult-GTCTGTCAAAGGACAC,11
mult-GTCTGTCAAATCCGTC,11
mult-GTCTGTCAAATGTTGC,11
mult-GTCTGTCAACACGACC,11
mult-GTCTGTCAACAGATTC,11
mult-GTCTGTCAAGATGTAC,3
mult-GTCTGTCAAGCACCTC,3
mult-GTCTGTCAAGCCATGC,3
mult-GTCTGTCAAGGCTAAC,3
mult-GTCTGTCACATCAAGT,4
mult-GTCTGTCAATAGCGAC,3
mult-GTCTGTCAATCATTCC,3
mult-GTCTGTCAATTGGCTC,3
mult-GTCTGTCACAAGGAGC,4
mult-GTCTGTCACACCTTAC,9
mult-GTCTGTCACCATCCTC,9
mult-GTCTGTCACCGACAAC,9
mult-GTCTGTCACCTAATCC,9
mult-GTCTGTCACCTCTATC,9
mult-GTCTGTCACGACACAC,9
mult-GTCTGTCACGCTGATC,12
mult-GTCTGTCACGGATTGC,9
mult-GTCTGTCACTAAGGTC,9
mult-GTCTGTCAGAACAGGC,10
mult-GTCTGTCAGACAGTGC,9
mult-GTCTGTCAGAGTTAGC,10
mult-GTCTGTCAGATGAATC,9
mult-GTCTGTCAGCCAAGAC,9
mult-GTCTGTCACGGAAGAA,9
mult-GTCTGTCAGTGACAAG,9
mult-GTCTGTCAGAACCAGA,9
mult-GTCGTAGAAACGTGAT,6
mult-GTCGTAGAACAAGCTA,12
mult-GTCGTAGATTGCTGGA,10
mult-GTCGTAGACTGTAGCC,4
mult-GTCGTAGAAGTACAAG,12
mult-GTCGTAGAAACAACCA,4
mult-GTCGTAGAAACCGAGA,12
mult-GTCGTAGAAACGCTTA,12
mult-GTCGTAGAAAGACGGA,12
mult-GTCGTAGAAAGGTACA,12
mult-GTCGTAGAACACAGAA,12
mult-GTCGTAGAACAGCAGA,12
mult-GTCGTAGAAAACATCG,6
mult-GTCGTAGAACCTCCAA,12
mult-GTCGTAGAACGCTCGA,8
mult-GTCGTAGAACGTATCA,12
mult-GTCGTAGAACTATGCA,9
mult-GTCGTAGAAGAGTCAA,9
mult-GTCGTAGAAGATCGCA,1
mult-GTCGTAGAAGCAGGAA,1
mult-GTCGTAGAAGTCACTA,1
mult-GTCGTAGAATCCTGTA,7
mult-GTCGTAGAATTGAGGA,7
mult-GTCGTAGAATGCCTAA,6
mult-GTCGTAGACAACCACA,1
mult-GTCGTAGAGACTAGTA,7
mult-GTCGTAGACAATGGAA,7
mult-GTCGTAGACACTTCGA,7
mult-GTCGTAGACAGCGTTA,1
mult-GTCGTAGACATACCAA,1
mult-GTCGTAGACCAGTTCA,1
mult-GTCGTAGACCGAAGTA,7
mult-GTCGTAGACCGTGAGA,7
mult-GTCGTAGACCTCCTGA,7
mult-GTCGTAGAAGTGGTCA,6
mult-GTCGTAGACGAACTTA,7
mult-GTCGTAGACGACTGGA,7
mult-GTCGTAGACGCATACA,1
mult-GTCGTAGACTCAATGA,1
mult-GTCGTAGACTGAGCCA,1
mult-GTCGTAGACTGGCATA,1
mult-GTCGTAGAGAATCTGA,7
mult-GTCGTAGACAAGACTA,7
mult-GTCGTAGAGAGCTGAA,7
mult-GTCGTAGAGATAGACA,7
mult-GTCGTAGAACCACTGT,6
mult-GTCGTAGAGCCACATA,7
mult-GTCGTAGAGCGAGTAA,1
mult-GTCGTAGAGCTAACGA,7
mult-GTCGTAGAGCTCGGTA,7
mult-GTCGTAGAGGAGAACA,7
mult-GTCGTAGAGGTGCGAA,1
mult-GTCGTAGAGTACGCAA,7
mult-GTCGTAGAGTCGTAGA,7
mult-GTCGTAGAGTCTGTCA,7
mult-GTCGTAGAGTGTTCTA,7
mult-GTCGTAGAACATTGGC,6
mult-GTCGTAGATAGGATGA,7
mult-GTCGTAGATATCAGCA,1
mult-GTCGTAGATCCGTCTA,7
mult-GTCGTAGATCTTCACA,7
mult-GTCGTAGATGAAGAGA,7
mult-GTCGTAGATGGAACAA,7
mult-GTCGTAGATGGCTTCA,7
mult-GTCGTAGATGGTGGTA,7
mult-GTCGTAGATTCACGCA,7
mult-GTCGTAGAAACTCACC,11
mult-GTCGTAGACAGATCTG,0
mult-GTCGTAGAAAGAGATC,11
mult-GTCGTAGAAAGGACAC,11
mult-GTCGTAGAAATCCGTC,11
mult-GTCGTAGAAATGTTGC,11
mult-GTCGTAGAACACGACC,11
mult-GTCGTAGAACAGATTC,3
mult-GTCGTAGAAGATGTAC,3
mult-GTCGTAGAAGCACCTC,3
mult-GTCGTAGAAGCCATGC,3
mult-GTCGTAGAAGGCTAAC,3
mult-GTCGTAGACATCAAGT,6
mult-GTCGTAGAATAGCGAC,3
mult-GTCGTAGAATCATTCC,3
mult-GTCGTAGAATTGGCTC,3
mult-GTCGTAGACAAGGAGC,3
mult-GTCGTAGACACCTTAC,3
mult-GTCGTAGACCATCCTC,3
mult-GTCGTAGACCGACAAC,10
mult-GTCGTAGACCTAATCC,10
mult-GTCGTAGACCTCTATC,10
mult-GTCGTAGACGACACAC,10
mult-GTCGTAGACGCTGATC,12
mult-GTCGTAGACGGATTGC,9
mult-GTCGTAGACTAAGGTC,10
mult-GTCGTAGAGAACAGGC,10
mult-GTCGTAGAGACAGTGC,10
mult-GTCGTAGAGAGTTAGC,10
mult-GTCGTAGAGATGAATC,10
mult-GTCGTAGAGCCAAGAC,10
mult-GTCGTAGACGGAAGAA,10
mult-GTCGTAGAGTGACAAG,10
mult-GTCGTAGAGAACCAGA,9
mult-GTACGCAAAACGTGAT,6
mult-GTACGCAAACAAGCTA,12
mult-GTACGCAATTGCTGGA,3
mult-GTACGCAACTGTAGCC,12
mult-GTACGCAAAGTACAAG,4
mult-GTACGCAAAACAACCA,12
mult-GTACGCAAAACCGAGA,12
mult-GTACGCAAAACGCTTA,12
mult-GTACGCAAAAGACGGA,12
mult-GTACGCAAAAGGTACA,12
mult-GTACGCAAACACAGAA,12
mult-GTACGCAAACAGCAGA,12
mult-GTACGCAAAAACATCG,6
mult-GTACGCAAACCTCCAA,4
mult-GTACGCAAACGCTCGA,12
mult-GTACGCAAACGTATCA,12
mult-GTACGCAAACTATGCA,8
mult-GTACGCAAAGAGTCAA,9
mult-GTACGCAAAGATCGCA,9
mult-GTACGCAAAGCAGGAA,1
mult-GTACGCAAAGTCACTA,7
mult-GTACGCAAATCCTGTA,7
mult-GTACGCAAATTGAGGA,7
mult-GTACGCAAATGCCTAA,6
mult-GTACGCAACAACCACA,1
mult-GTACGCAAGACTAGTA,7
mult-GTACGCAACAATGGAA,7
mult-GTACGCAACACTTCGA,7
mult-GTACGCAACAGCGTTA,7
mult-GTACGCAACATACCAA,7
mult-GTACGCAACCAGTTCA,7
mult-GTACGCAACCGAAGTA,7
mult-GTACGCAACCGTGAGA,7
mult-GTACGCAACCTCCTGA,7
mult-GTACGCAAAGTGGTCA,6
mult-GTACGCAACGAACTTA,7
mult-GTACGCAACGACTGGA,7
mult-GTACGCAACGCATACA,7
mult-GTACGCAACTCAATGA,1
mult-GTACGCAACTGAGCCA,7
mult-GTACGCAACTGGCATA,7
mult-GTACGCAAGAATCTGA,7
mult-GTACGCAACAAGACTA,7
mult-GTACGCAAGAGCTGAA,7
mult-GTACGCAAGATAGACA,7
mult-GTACGCAAACCACTGT,6
mult-GTACGCAAGCCACATA,7
mult-GTACGCAAGCGAGTAA,7
mult-GTACGCAAGCTAACGA,1
mult-GTACGCAAGCTCGGTA,7
mult-GTACGCAAGGAGAACA,7
mult-GTACGCAAGGTGCGAA,7
mult-GTACGCAAGTACGCAA,7
mult-GTACGCAAGTCGTAGA,7
mult-GTACGCAAGTCTGTCA,7
mult-GTACGCAAGTGTTCTA,7
mult-GTACGCAAACATTGGC,6
mult-GTACGCAATAGGATGA,7
mult-GTACGCAATATCAGCA,7
mult-GTACGCAATCCGTCTA,7
mult-GTACGCAATCTTCACA,7
mult-GTACGCAATGAAGAGA,7
mult-GTACGCAATGGAACAA,7
mult-GTACGCAATGGCTTCA,7
mult-GTACGCAATGGTGGTA,7
mult-GTACGCAATTCACGCA,11
mult-GTACGCAAAACTCACC,11
mult-GTACGCAACAGATCTG,6
mult-GTACGCAAAAGAGATC,11
mult-GTACGCAAAAGGACAC,11
mult-GTACGCAAAATCCGTC,11
mult-GTACGCAAAATGTTGC,11
mult-GTACGCAAACACGACC,11
mult-GTACGCAAACAGATTC,3
mult-GTACGCAAAGATGTAC,3
mult-GTACGCAAAGCACCTC,3
mult-GTACGCAAAGCCATGC,3
mult-GTACGCAAAGGCTAAC,3
mult-GTACGCAACATCAAGT,4
mult-GTACGCAAATAGCGAC,3
mult-GTACGCAAATCATTCC,3
mult-GTACGCAAATTGGCTC,3
mult-GTACGCAACAAGGAGC,3
mult-GTACGCAACACCTTAC,3
mult-GTACGCAACCATCCTC,3
mult-GTACGCAACCGACAAC,10
mult-GTACGCAACCTAATCC,10
mult-GTACGCAACCTCTATC,10
mult-GTACGCAACGACACAC,10
mult-GTACGCAACGCTGATC,6
mult-GTACGCAACGGATTGC,12
mult-GTACGCAACTAAGGTC,9
mult-GTACGCAAGAACAGGC,10
mult-GTACGCAAGACAGTGC,10
mult-GTACGCAAGAGTTAGC,10
mult-GTACGCAAGATGAATC,11
mult-GTACGCAAGCCAAGAC,10
mult-GTACGCAACGGAAGAA,10
mult-GTACGCAAGTGACAAG,10
mult-GTACGCAAGAACCAGA,3
mult-GGTGCGAAAACGTGAT,6
mult-GGTGCGAAACAAGCTA,4
mult-GGTGCGAATTGCTGGA,3
mult-GGTGCGAACTGTAGCC,4
mult-GGTGCGAAAGTACAAG,12
mult-GGTGCGAAAACAACCA,12
mult-GGTGCGAAAACCGAGA,12
mult-GGTGCGAAAACGCTTA,12
mult-GGTGCGAAAAGACGGA,12
mult-GGTGCGAAAAGGTACA,4
mult-GGTGCGAAACACAGAA,12
mult-GGTGCGAAACAGCAGA,12
mult-GGTGCGAAAAACATCG,6
mult-GGTGCGAAACCTCCAA,12
mult-GGTGCGAAACGCTCGA,12
mult-GGTGCGAAACGTATCA,12
mult-GGTGCGAAACTATGCA,8
mult-GGTGCGAAAGAGTCAA,9
mult-GGTGCGAAAGATCGCA,9
mult-GGTGCGAAAGCAGGAA,7
mult-GGTGCGAAAGTCACTA,7
mult-GGTGCGAAATCCTGTA,7
mult-GGTGCGAAATTGAGGA,7
mult-GGTGCGAAATGCCTAA,6
mult-GGTGCGAACAACCACA,7
mult-GGTGCGAAGACTAGTA,1
mult-GGTGCGAACAATGGAA,1
mult-GGTGCGAACACTTCGA,7
mult-GGTGCGAACAGCGTTA,7
mult-GGTGCGAACATACCAA,7
mult-GGTGCGAACCAGTTCA,7
mult-GGTGCGAACCGAAGTA,7
mult-GGTGCGAACCGTGAGA,7
mult-GGTGCGAACCTCCTGA,7
mult-GGTGCGAAAGTGGTCA,6
mult-GGTGCGAACGAACTTA,7
mult-GGTGCGAACGACTGGA,7
mult-GGTGCGAACGCATACA,7
mult-GGTGCGAACTCAATGA,7
mult-GGTGCGAACTGAGCCA,7
mult-GGTGCGAACTGGCATA,1
mult-GGTGCGAAGAATCTGA,7
mult-GGTGCGAACAAGACTA,7
mult-GGTGCGAAGAGCTGAA,7
mult-GGTGCGAAGATAGACA,7
mult-GGTGCGAAACCACTGT,6
mult-GGTGCGAAGCCACATA,7
mult-GGTGCGAAGCGAGTAA,7
mult-GGTGCGAAGCTAACGA,7
mult-GGTGCGAAGCTCGGTA,7
mult-GGTGCGAAGGAGAACA,1
mult-GGTGCGAAGGTGCGAA,7
mult-GGTGCGAAGTACGCAA,7
mult-GGTGCGAAGTCGTAGA,7
mult-GGTGCGAAGTCTGTCA,7
mult-GGTGCGAAGTGTTCTA,7
mult-GGTGCGAAACATTGGC,6
mult-GGTGCGAATAGGATGA,1
mult-GGTGCGAATATCAGCA,1
mult-GGTGCGAATCCGTCTA,7
mult-GGTGCGAATCTTCACA,1
mult-GGTGCGAATGAAGAGA,1
mult-GGTGCGAATGGAACAA,1
mult-GGTGCGAATGGCTTCA,7
mult-GGTGCGAATGGTGGTA,7
mult-GGTGCGAATTCACGCA,11
mult-GGTGCGAAAACTCACC,11
mult-GGTGCGAACAGATCTG,8
mult-GGTGCGAAAAGAGATC,11
mult-GGTGCGAAAAGGACAC,11
mult-GGTGCGAAAATCCGTC,11
mult-GGTGCGAAAATGTTGC,11
mult-GGTGCGAAACACGACC,11
mult-GGTGCGAAACAGATTC,3
mult-GGTGCGAAAGATGTAC,3
mult-GGTGCGAAAGCACCTC,3
mult-GGTGCGAAAGCCATGC,3
mult-GGTGCGAAAGGCTAAC,3
mult-GGTGCGAACATCAAGT,4
mult-GGTGCGAAATAGCGAC,3
mult-GGTGCGAAATCATTCC,3
mult-GGTGCGAAATTGGCTC,3
mult-GGTGCGAACAAGGAGC,3
mult-GGTGCGAACACCTTAC,3
mult-GGTGCGAACCATCCTC,3
mult-GGTGCGAACCGACAAC,3
mult-GGTGCGAACCTAATCC,3
mult-GGTGCGAACCTCTATC,10
mult-GGTGCGAACGACACAC,10
mult-GGTGCGAACGCTGATC,4
mult-GGTGCGAACGGATTGC,10
mult-GGTGCGAACTAAGGTC,10
mult-GGTGCGAAGAACAGGC,10
mult-GGTGCGAAGACAGTGC,10
mult-GGTGCGAAGAGTTAGC,10
mult-GGTGCGAAGATGAATC,10
mult-GGTGCGAAGCCAAGAC,10
mult-GGTGCGAACGGAAGAA,10
mult-GGTGCGAAGTGACAAG,3
mult-GGTGCGAAGAACCAGA,3
mult-GGAGAACAAACGTGAT,6
mult-GGAGAACAACAAGCTA,4
mult-GGAGAACATTGCTGGA,3
mult-GGAGAACACTGTAGCC,6
mult-GGAGAACAAGTACAAG,12
mult-GGAGAACAAACAACCA,12
mult-GGAGAACAAACCGAGA,12
mult-GGAGAACAAACGCTTA,12
mult-GGAGAACAAAGACGGA,4
mult-GGAGAACAAAGGTACA,12
mult-GGAGAACAACACAGAA,12
mult-GGAGAACAACAGCAGA,12
mult-GGAGAACAAAACATCG,6
mult-GGAGAACAACCTCCAA,12
mult-GGAGAACAACGCTCGA,12
mult-GGAGAACAACGTATCA,4
mult-GGAGAACAACTATGCA,4
mult-GGAGAACAAGAGTCAA,4
mult-GGAGAACAAGATCGCA,4
mult-GGAGAACAAGCAGGAA,7
mult-GGAGAACAAGTCACTA,7
mult-GGAGAACAATCCTGTA,7
mult-GGAGAACAATTGAGGA,7
mult-GGAGAACAATGCCTAA,6
mult-GGAGAACACAACCACA,1
mult-GGAGAACAGACTAGTA,7
mult-GGAGAACACAATGGAA,7
mult-GGAGAACACACTTCGA,7
mult-GGAGAACACAGCGTTA,7
mult-GGAGAACACATACCAA,7
mult-GGAGAACACCAGTTCA,7
mult-GGAGAACACCGAAGTA,7
mult-GGAGAACACCGTGAGA,7
mult-GGAGAACACCTCCTGA,1
mult-GGAGAACAAGTGGTCA,6
mult-GGAGAACACGAACTTA,7
mult-GGAGAACACGACTGGA,7
mult-GGAGAACACGCATACA,7
mult-GGAGAACACTCAATGA,7
mult-GGAGAACACTGAGCCA,1
mult-GGAGAACACTGGCATA,7
mult-GGAGAACAGAATCTGA,7
mult-GGAGAACACAAGACTA,1
mult-GGAGAACAGAGCTGAA,7
mult-GGAGAACAGATAGACA,7
mult-GGAGAACAACCACTGT,6
mult-GGAGAACAGCCACATA,7
mult-GGAGAACAGCGAGTAA,7
mult-GGAGAACAGCTAACGA,7
mult-GGAGAACAGCTCGGTA,7
mult-GGAGAACAGGAGAACA,7
mult-GGAGAACAGGTGCGAA,7
mult-GGAGAACAGTACGCAA,7
mult-GGAGAACAGTCGTAGA,7
mult-GGAGAACAGTCTGTCA,7
mult-GGAGAACAGTGTTCTA,7
mult-GGAGAACAACATTGGC,6
mult-GGAGAACATAGGATGA,7
mult-GGAGAACATATCAGCA,7
mult-GGAGAACATCCGTCTA,7
mult-GGAGAACATCTTCACA,7
mult-GGAGAACATGAAGAGA,7
mult-GGAGAACATGGAACAA,7
mult-GGAGAACATGGCTTCA,7
mult-GGAGAACATGGTGGTA,7
mult-GGAGAACATTCACGCA,11
mult-GGAGAACAAACTCACC,11
mult-GGAGAACACAGATCTG,4
mult-GGAGAACAAAGAGATC,11
mult-GGAGAACAAAGGACAC,11
mult-GGAGAACAAATCCGTC,11
mult-GGAGAACAAATGTTGC,11
mult-GGAGAACAACACGACC,11
mult-GGAGAACAACAGATTC,3
mult-GGAGAACAAGATGTAC,3
mult-GGAGAACAAGCACCTC,3
mult-GGAGAACAAGCCATGC,3
mult-GGAGAACAAGGCTAAC,3
mult-GGAGAACACATCAAGT,12
mult-GGAGAACAATAGCGAC,3
mult-GGAGAACAATCATTCC,3
mult-GGAGAACAATTGGCTC,3
mult-GGAGAACACAAGGAGC,3
mult-GGAGAACACACCTTAC,3
mult-GGAGAACACCATCCTC,3
mult-GGAGAACACCGACAAC,3
mult-GGAGAACACCTAATCC,3
mult-GGAGAACACCTCTATC,10
mult-GGAGAACACGACACAC,10
mult-GGAGAACACGCTGATC,4
mult-GGAGAACACGGATTGC,10
mult-GGAGAACACTAAGGTC,10
mult-GGAGAACAGAACAGGC,10
mult-GGAGAACAGACAGTGC,10
mult-GGAGAACAGAGTTAGC,10
mult-GGAGAACAGATGAATC,10
mult-GGAGAACAGCCAAGAC,10
mult-GGAGAACACGGAAGAA,3
mult-GGAGAACAGTGACAAG,3
mult-GGAGAACAGAACCAGA,3
mult-GCTCGGTAAACGTGAT,6
mult-GCTCGGTAACAAGCTA,6
mult-GCTCGGTATTGCTGGA,3
mult-GCTCGGTACTGTAGCC,8
mult-GCTCGGTAAGTACAAG,12
mult-GCTCGGTAAACAACCA,12
mult-GCTCGGTAAACCGAGA,12
mult-GCTCGGTAAACGCTTA,12
mult-GCTCGGTAAAGACGGA,12
mult-GCTCGGTAAAGGTACA,12
mult-GCTCGGTAACACAGAA,12
mult-GCTCGGTAACAGCAGA,12
mult-GCTCGGTAAAACATCG,6
mult-GCTCGGTAACCTCCAA,0
mult-GCTCGGTAACGCTCGA,4
mult-GCTCGGTAACGTATCA,0
mult-GCTCGGTAACTATGCA,0
mult-GCTCGGTAAGAGTCAA,8
mult-GCTCGGTAAGATCGCA,4
mult-GCTCGGTAAGCAGGAA,7
mult-GCTCGGTAAGTCACTA,7
mult-GCTCGGTAATCCTGTA,7
mult-GCTCGGTAATTGAGGA,7
mult-GCTCGGTAATGCCTAA,6
mult-GCTCGGTACAACCACA,7
mult-GCTCGGTAGACTAGTA,7
mult-GCTCGGTACAATGGAA,7
mult-GCTCGGTACACTTCGA,7
mult-GCTCGGTACAGCGTTA,7
mult-GCTCGGTACATACCAA,7
mult-GCTCGGTACCAGTTCA,7
mult-GCTCGGTACCGAAGTA,7
mult-GCTCGGTACCGTGAGA,7
mult-GCTCGGTACCTCCTGA,7
mult-GCTCGGTAAGTGGTCA,6
mult-GCTCGGTACGAACTTA,7
mult-GCTCGGTACGACTGGA,7
mult-GCTCGGTACGCATACA,7
mult-GCTCGGTACTCAATGA,7
mult-GCTCGGTACTGAGCCA,7
mult-GCTCGGTACTGGCATA,1
mult-GCTCGGTAGAATCTGA,1
mult-GCTCGGTACAAGACTA,7
mult-GCTCGGTAGAGCTGAA,7
mult-GCTCGGTAGATAGACA,7
mult-GCTCGGTAACCACTGT,6
mult-GCTCGGTAGCCACATA,1
mult-GCTCGGTAGCGAGTAA,7
mult-GCTCGGTAGCTAACGA,7
mult-GCTCGGTAGCTCGGTA,7
mult-GCTCGGTAGGAGAACA,7
mult-GCTCGGTAGGTGCGAA,7
mult-GCTCGGTAGTACGCAA,7
mult-GCTCGGTAGTCGTAGA,7
mult-GCTCGGTAGTCTGTCA,7
mult-GCTCGGTAGTGTTCTA,7
mult-GCTCGGTAACATTGGC,4
mult-GCTCGGTATAGGATGA,7
mult-GCTCGGTATATCAGCA,7
mult-GCTCGGTATCCGTCTA,7
mult-GCTCGGTATCTTCACA,7
mult-GCTCGGTATGAAGAGA,7
mult-GCTCGGTATGGAACAA,7
mult-GCTCGGTATGGCTTCA,1
mult-GCTCGGTATGGTGGTA,7
mult-GCTCGGTATTCACGCA,7
mult-GCTCGGTAAACTCACC,11
mult-GCTCGGTACAGATCTG,4
mult-GCTCGGTAAAGAGATC,11
mult-GCTCGGTAAAGGACAC,11
mult-GCTCGGTAAATCCGTC,11
mult-GCTCGGTAAATGTTGC,11
mult-GCTCGGTAACACGACC,3
mult-GCTCGGTAACAGATTC,3
mult-GCTCGGTAAGATGTAC,3
mult-GCTCGGTAAGCACCTC,3
mult-GCTCGGTAAGCCATGC,3
mult-GCTCGGTAAGGCTAAC,4
mult-GCTCGGTACATCAAGT,4
mult-GCTCGGTAATAGCGAC,4
mult-GCTCGGTAATCATTCC,3
mult-GCTCGGTAATTGGCTC,4
mult-GCTCGGTACAAGGAGC,3
mult-GCTCGGTACACCTTAC,3
mult-GCTCGGTACCATCCTC,3
mult-GCTCGGTACCGACAAC,3
mult-GCTCGGTACCTAATCC,3
mult-GCTCGGTACCTCTATC,10
mult-GCTCGGTACGACACAC,10
mult-GCTCGGTACGCTGATC,4
mult-GCTCGGTACGGATTGC,10
mult-GCTCGGTACTAAGGTC,10
mult-GCTCGGTAGAACAGGC,10
mult-GCTCGGTAGACAGTGC,10
mult-GCTCGGTAGAGTTAGC,10
mult-GCTCGGTAGATGAATC,10
mult-GCTCGGTAGCCAAGAC,10
mult-GCTCGGTACGGAAGAA,3
mult-GCTCGGTAGTGACAAG,10
mult-GCTCGGTAGAACCAGA,3
mult-GCTAACGAAACGTGAT,6
mult-GCTAACGAACAAGCTA,4
mult-GCTAACGATTGCTGGA,3
mult-GCTAACGACTGTAGCC,8
mult-GCTAACGAAGTACAAG,12
mult-GCTAACGAAACAACCA,12
mult-GCTAACGAAACCGAGA,12
mult-GCTAACGAAACGCTTA,12
mult-GCTAACGAAAGACGGA,12
mult-GCTAACGAAAGGTACA,12
mult-GCTAACGAACACAGAA,12
mult-GCTAACGAACAGCAGA,4
mult-GCTAACGAAAACATCG,6
mult-GCTAACGAACCTCCAA,0
mult-GCTAACGAACGCTCGA,0
mult-GCTAACGAACGTATCA,0
mult-GCTAACGAACTATGCA,9
mult-GCTAACGAAGAGTCAA,9
mult-GCTAACGAAGATCGCA,4
mult-GCTAACGAAGCAGGAA,1
mult-GCTAACGAAGTCACTA,1
mult-GCTAACGAATCCTGTA,7
mult-GCTAACGAATTGAGGA,7
mult-GCTAACGAATGCCTAA,6
mult-GCTAACGACAACCACA,1
mult-GCTAACGAGACTAGTA,7
mult-GCTAACGACAATGGAA,7
mult-GCTAACGACACTTCGA,7
mult-GCTAACGACAGCGTTA,7
mult-GCTAACGACATACCAA,7
mult-GCTAACGACCAGTTCA,7
mult-GCTAACGACCGAAGTA,7
mult-GCTAACGACCGTGAGA,7
mult-GCTAACGACCTCCTGA,7
mult-GCTAACGAAGTGGTCA,6
mult-GCTAACGACGAACTTA,7
mult-GCTAACGACGACTGGA,7
mult-GCTAACGACGCATACA,7
mult-GCTAACGACTCAATGA,7
mult-GCTAACGACTGAGCCA,7
mult-GCTAACGACTGGCATA,7
mult-GCTAACGAGAATCTGA,7
mult-GCTAACGACAAGACTA,7
mult-GCTAACGAGAGCTGAA,7
mult-GCTAACGAGATAGACA,1
mult-GCTAACGAACCACTGT,8
mult-GCTAACGAGCCACATA,7
mult-GCTAACGAGCGAGTAA,7
mult-GCTAACGAGCTAACGA,7
mult-GCTAACGAGCTCGGTA,7
mult-GCTAACGAGGAGAACA,7
mult-GCTAACGAGGTGCGAA,1
mult-GCTAACGAGTACGCAA,1
mult-GCTAACGAGTCGTAGA,7
mult-GCTAACGAGTCTGTCA,7
mult-GCTAACGAGTGTTCTA,7
mult-GCTAACGAACATTGGC,4
mult-GCTAACGATAGGATGA,1
mult-GCTAACGATATCAGCA,7
mult-GCTAACGATCCGTCTA,7
mult-GCTAACGATCTTCACA,7
mult-GCTAACGATGAAGAGA,7
mult-GCTAACGATGGAACAA,7
mult-GCTAACGATGGCTTCA,7
mult-GCTAACGATGGTGGTA,7
mult-GCTAACGATTCACGCA,7
mult-GCTAACGAAACTCACC,11
mult-GCTAACGACAGATCTG,4
mult-GCTAACGAAAGAGATC,11
mult-GCTAACGAAAGGACAC,11
mult-GCTAACGAAATCCGTC,11
mult-GCTAACGAAATGTTGC,11
mult-GCTAACGAACACGACC,3
mult-GCTAACGAACAGATTC,3
mult-GCTAACGAAGATGTAC,3
mult-GCTAACGAAGCACCTC,3
mult-GCTAACGAAGCCATGC,3
mult-GCTAACGAAGGCTAAC,3
mult-GCTAACGACATCAAGT,4
mult-GCTAACGAATAGCGAC,3
mult-GCTAACGAATCATTCC,3
mult-GCTAACGAATTGGCTC,3
mult-GCTAACGACAAGGAGC,3
mult-GCTAACGACACCTTAC,3
mult-GCTAACGACCATCCTC,3
mult-GCTAACGACCGACAAC,3
mult-GCTAACGACCTAATCC,3
mult-GCTAACGACCTCTATC,10
mult-GCTAACGACGACACAC,4
mult-GCTAACGACGCTGATC,4
mult-GCTAACGACGGATTGC,10
mult-GCTAACGACTAAGGTC,10
mult-GCTAACGAGAACAGGC,10
mult-GCTAACGAGACAGTGC,10
mult-GCTAACGAGAGTTAGC,10
mult-GCTAACGAGATGAATC,12
mult-GCTAACGAGCCAAGAC,10
mult-GCTAACGACGGAAGAA,3
mult-GCTAACGAGTGACAAG,3
mult-GCTAACGAGAACCAGA,3
mult-CGGAAGAAAACGTGAT,6
mult-CGGAAGAAACAAGCTA,6
mult-CGGAAGAATTGCTGGA,12
mult-CGGAAGAACTGTAGCC,4
mult-CGGAAGAAAGTACAAG,6
mult-CGGAAGAAAACAACCA,4
mult-CGGAAGAAAACCGAGA,6
mult-CGGAAGAAAACGCTTA,6
mult-CGGAAGAAAAGACGGA,6
mult-CGGAAGAAAAGGTACA,6
mult-CGGAAGAAACACAGAA,6
mult-CGGAAGAAACAGCAGA,6
mult-CGGAAGAAAAACATCG,8
mult-CGGAAGAAACCTCCAA,6
mult-CGGAAGAAACGCTCGA,6
mult-CGGAAGAAACGTATCA,6
mult-CGGAAGAAACTATGCA,6
mult-CGGAAGAAAGAGTCAA,6
mult-CGGAAGAAAGATCGCA,6
mult-CGGAAGAAAGCAGGAA,12
mult-CGGAAGAAAGTCACTA,6
mult-CGGAAGAAATCCTGTA,6
mult-CGGAAGAAATTGAGGA,6
mult-CGGAAGAAATGCCTAA,8
mult-CGGAAGAACAACCACA,6
mult-CGGAAGAAGACTAGTA,6
mult-CGGAAGAACAATGGAA,6
mult-CGGAAGAACACTTCGA,12
mult-CGGAAGAACAGCGTTA,12
mult-CGGAAGAACATACCAA,12
mult-CGGAAGAACCAGTTCA,12
mult-CGGAAGAACCGAAGTA,12
mult-CGGAAGAACCGTGAGA,12
mult-CGGAAGAACCTCCTGA,8
mult-CGGAAGAAAGTGGTCA,6
mult-CGGAAGAACGAACTTA,12
mult-CGGAAGAACGACTGGA,8
mult-CGGAAGAACGCATACA,4
mult-CGGAAGAACTCAATGA,8
mult-CGGAAGAACTGAGCCA,4
mult-CGGAAGAACTGGCATA,12
mult-CGGAAGAAGAATCTGA,12
mult-CGGAAGAACAAGACTA,12
mult-CGGAAGAAGAGCTGAA,12
mult-CGGAAGAAGATAGACA,12
mult-CGGAAGAAACCACTGT,6
mult-CGGAAGAAGCCACATA,4
mult-CGGAAGAAGCGAGTAA,12
mult-CGGAAGAAGCTAACGA,12
mult-CGGAAGAAGCTCGGTA,12
mult-CGGAAGAAGGAGAACA,12
mult-CGGAAGAAGGTGCGAA,12
mult-CGGAAGAAGTACGCAA,4
mult-CGGAAGAAGTCGTAGA,12
mult-CGGAAGAAGTCTGTCA,12
mult-CGGAAGAAGTGTTCTA,12
mult-CGGAAGAAACATTGGC,6
mult-CGGAAGAATAGGATGA,12
mult-CGGAAGAATATCAGCA,8
mult-CGGAAGAATCCGTCTA,12
mult-CGGAAGAATCTTCACA,12
mult-CGGAAGAATGAAGAGA,12
mult-CGGAAGAATGGAACAA,12
mult-CGGAAGAATGGCTTCA,12
mult-CGGAAGAATGGTGGTA,12
mult-CGGAAGAATTCACGCA,12
mult-CGGAAGAAAACTCACC,12
mult-CGGAAGAACAGATCTG,6
mult-CGGAAGAAAAGAGATC,12
mult-CGGAAGAAAAGGACAC,12
mult-CGGAAGAAAATCCGTC,12
mult-CGGAAGAAAATGTTGC,12
mult-CGGAAGAAACACGACC,12
mult-CGGAAGAAACAGATTC,12
mult-CGGAAGAAAGATGTAC,4
mult-CGGAAGAAAGCACCTC,8
mult-CGGAAGAAAGCCATGC,8
mult-CGGAAGAAAGGCTAAC,12
mult-CGGAAGAACATCAAGT,8
mult-CGGAAGAAATAGCGAC,4
mult-CGGAAGAAATCATTCC,6
mult-CGGAAGAAATTGGCTC,6
mult-CGGAAGAACAAGGAGC,6
mult-CGGAAGAACACCTTAC,12
mult-CGGAAGAACCATCCTC,8
mult-CGGAAGAACCGACAAC,4
mult-CGGAAGAACCTAATCC,12
mult-CGGAAGAACCTCTATC,12
mult-CGGAAGAACGACACAC,8
mult-CGGAAGAACGCTGATC,6
mult-CGGAAGAACGGATTGC,10
mult-CGGAAGAACTAAGGTC,10
mult-CGGAAGAAGAACAGGC,10
mult-CGGAAGAAGACAGTGC,10
mult-CGGAAGAAGAGTTAGC,10
mult-CGGAAGAAGATGAATC,10
mult-CGGAAGAAGCCAAGAC,12
mult-CGGAAGAACGGAAGAA,12
mult-CGGAAGAAGTGACAAG,12
mult-CGGAAGAAGAACCAGA,4
mult-GCGAGTAAAACGTGAT,4
mult-GCGAGTAAACAAGCTA,8
mult-GCGAGTAATTGCTGGA,3
mult-GCGAGTAACTGTAGCC,12
mult-GCGAGTAAAGTACAAG,8
mult-GCGAGTAAAACAACCA,0
mult-GCGAGTAAAACCGAGA,12
mult-GCGAGTAAAACGCTTA,12
mult-GCGAGTAAAAGACGGA,12
mult-GCGAGTAAAAGGTACA,12
mult-GCGAGTAAACACAGAA,12
mult-GCGAGTAAACAGCAGA,0
mult-GCGAGTAAAAACATCG,6
mult-GCGAGTAAACCTCCAA,0
mult-GCGAGTAAACGCTCGA,0
mult-GCGAGTAAACGTATCA,4
mult-GCGAGTAAACTATGCA,0
mult-GCGAGTAAAGAGTCAA,4
mult-GCGAGTAAAGATCGCA,9
mult-GCGAGTAAAGCAGGAA,9
mult-GCGAGTAAAGTCACTA,1
mult-GCGAGTAAATCCTGTA,1
mult-GCGAGTAAATTGAGGA,7
mult-GCGAGTAAATGCCTAA,4
mult-GCGAGTAACAACCACA,7
mult-GCGAGTAAGACTAGTA,7
mult-GCGAGTAACAATGGAA,7
mult-GCGAGTAACACTTCGA,7
mult-GCGAGTAACAGCGTTA,7
mult-GCGAGTAACATACCAA,1
mult-GCGAGTAACCAGTTCA,1
mult-GCGAGTAACCGAAGTA,7
mult-GCGAGTAACCGTGAGA,1
mult-GCGAGTAACCTCCTGA,7
mult-GCGAGTAAAGTGGTCA,8
mult-GCGAGTAACGAACTTA,1
mult-GCGAGTAACGACTGGA,1
mult-GCGAGTAACGCATACA,7
mult-GCGAGTAACTCAATGA,7
mult-GCGAGTAACTGAGCCA,7
mult-GCGAGTAACTGGCATA,7
mult-GCGAGTAAGAATCTGA,7
mult-GCGAGTAACAAGACTA,7
mult-GCGAGTAAGAGCTGAA,7
mult-GCGAGTAAGATAGACA,7
mult-GCGAGTAAACCACTGT,0
mult-GCGAGTAAGCCACATA,7
mult-GCGAGTAAGCGAGTAA,7
mult-GCGAGTAAGCTAACGA,7
mult-GCGAGTAAGCTCGGTA,7
mult-GCGAGTAAGGAGAACA,7
mult-GCGAGTAAGGTGCGAA,7
mult-GCGAGTAAGTACGCAA,7
mult-GCGAGTAAGTCGTAGA,7
mult-GCGAGTAAGTCTGTCA,7
mult-GCGAGTAAGTGTTCTA,7
mult-GCGAGTAAACATTGGC,6
mult-GCGAGTAATAGGATGA,7
mult-GCGAGTAATATCAGCA,7
mult-GCGAGTAATCCGTCTA,7
mult-GCGAGTAATCTTCACA,7
mult-GCGAGTAATGAAGAGA,7
mult-GCGAGTAATGGAACAA,7
mult-GCGAGTAATGGCTTCA,7
mult-GCGAGTAATGGTGGTA,7
mult-GCGAGTAATTCACGCA,7
mult-GCGAGTAAAACTCACC,11
mult-GCGAGTAACAGATCTG,0
mult-GCGAGTAAAAGAGATC,11
mult-GCGAGTAAAAGGACAC,11
mult-GCGAGTAAAATCCGTC,11
mult-GCGAGTAAAATGTTGC,11
mult-GCGAGTAAACACGACC,3
mult-GCGAGTAAACAGATTC,3
mult-GCGAGTAAAGATGTAC,3
mult-GCGAGTAAAGCACCTC,3
mult-GCGAGTAAAGCCATGC,3
mult-GCGAGTAAAGGCTAAC,3
mult-GCGAGTAACATCAAGT,6
mult-GCGAGTAAATAGCGAC,3
mult-GCGAGTAAATCATTCC,3
mult-GCGAGTAAATTGGCTC,3
mult-GCGAGTAACAAGGAGC,3
mult-GCGAGTAACACCTTAC,3
mult-GCGAGTAACCATCCTC,3
mult-GCGAGTAACCGACAAC,3
mult-GCGAGTAACCTAATCC,3
mult-GCGAGTAACCTCTATC,3
mult-GCGAGTAACGACACAC,10
mult-GCGAGTAACGCTGATC,0
mult-GCGAGTAACGGATTGC,10
mult-GCGAGTAACTAAGGTC,10
mult-GCGAGTAAGAACAGGC,10
mult-GCGAGTAAGACAGTGC,10
mult-GCGAGTAAGAGTTAGC,10
mult-GCGAGTAAGATGAATC,10
mult-GCGAGTAAGCCAAGAC,10
mult-GCGAGTAACGGAAGAA,3
mult-GCGAGTAAGTGACAAG,3
mult-GCGAGTAAGAACCAGA,3
mult-GCCACATAAACGTGAT,8
mult-GCCACATAACAAGCTA,4
mult-GCCACATATTGCTGGA,3
mult-GCCACATACTGTAGCC,12
mult-GCCACATAAGTACAAG,0
mult-GCCACATAAACAACCA,12
mult-GCCACATAAACCGAGA,0
mult-GCCACATAAACGCTTA,4
mult-GCCACATAAAGACGGA,12
mult-GCCACATAAAGGTACA,12
mult-GCCACATAACACAGAA,12
mult-GCCACATAACAGCAGA,12
mult-GCCACATAAAACATCG,4
mult-GCCACATAACCTCCAA,0
mult-GCCACATAACGCTCGA,12
mult-GCCACATAACGTATCA,0
mult-GCCACATAACTATGCA,0
mult-GCCACATAAGAGTCAA,8
mult-GCCACATAAGATCGCA,9
mult-GCCACATAAGCAGGAA,9
mult-GCCACATAAGTCACTA,1
mult-GCCACATAATCCTGTA,1
mult-GCCACATAATTGAGGA,1
mult-GCCACATAATGCCTAA,6
mult-GCCACATACAACCACA,1
mult-GCCACATAGACTAGTA,7
mult-GCCACATACAATGGAA,1
mult-GCCACATACACTTCGA,7
mult-GCCACATACAGCGTTA,7
mult-GCCACATACATACCAA,1
mult-GCCACATACCAGTTCA,1
mult-GCCACATACCGAAGTA,1
mult-GCCACATACCGTGAGA,1
mult-GCCACATACCTCCTGA,7
mult-GCCACATAAGTGGTCA,8
mult-GCCACATACGAACTTA,1
mult-GCCACATACGACTGGA,1
mult-GCCACATACGCATACA,7
mult-GCCACATACTCAATGA,7
mult-GCCACATACTGAGCCA,1
mult-GCCACATACTGGCATA,7
mult-GCCACATAGAATCTGA,7
mult-GCCACATACAAGACTA,7
mult-GCCACATAGAGCTGAA,7
mult-GCCACATAGATAGACA,7
mult-GCCACATAACCACTGT,0
mult-GCCACATAGCCACATA,7
mult-GCCACATAGCGAGTAA,7
mult-GCCACATAGCTAACGA,7
mult-GCCACATAGCTCGGTA,7
mult-GCCACATAGGAGAACA,7
mult-GCCACATAGGTGCGAA,7
mult-GCCACATAGTACGCAA,7
mult-GCCACATAGTCGTAGA,7
mult-GCCACATAGTCTGTCA,7
mult-GCCACATAGTGTTCTA,7
mult-GCCACATAACATTGGC,0
mult-GCCACATATAGGATGA,7
mult-GCCACATATATCAGCA,7
mult-GCCACATATCCGTCTA,7
mult-GCCACATATCTTCACA,7
mult-GCCACATATGAAGAGA,7
mult-GCCACATATGGAACAA,7
mult-GCCACATATGGCTTCA,7
mult-GCCACATATGGTGGTA,7
mult-GCCACATATTCACGCA,11
mult-GCCACATAAACTCACC,11
mult-GCCACATACAGATCTG,6
mult-GCCACATAAAGAGATC,11
mult-GCCACATAAAGGACAC,11
mult-GCCACATAAATCCGTC,11
mult-GCCACATAAATGTTGC,11
mult-GCCACATAACACGACC,3
mult-GCCACATAACAGATTC,3
mult-GCCACATAAGATGTAC,3
mult-GCCACATAAGCACCTC,3
mult-GCCACATAAGCCATGC,3
mult-GCCACATAAGGCTAAC,3
mult-GCCACATACATCAAGT,0
mult-GCCACATAATAGCGAC,3
mult-GCCACATAATCATTCC,3
mult-GCCACATAATTGGCTC,3
mult-GCCACATACAAGGAGC,3
mult-GCCACATACACCTTAC,3
mult-GCCACATACCATCCTC,3
mult-GCCACATACCGACAAC,3
mult-GCCACATACCTAATCC,3
mult-GCCACATACCTCTATC,5
mult-GCCACATACGACACAC,5
mult-GCCACATACGCTGATC,0
mult-GCCACATACGGATTGC,5
mult-GCCACATACTAAGGTC,10
mult-GCCACATAGAACAGGC,10
mult-GCCACATAGACAGTGC,2
mult-GCCACATAGAGTTAGC,10
mult-GCCACATAGATGAATC,10
mult-GCCACATAGCCAAGAC,3
mult-GCCACATACGGAAGAA,3
mult-GCCACATAGTGACAAG,3
mult-GCCACATAGAACCAGA,3
mult-GATAGACAAACGTGAT,8
mult-GATAGACAACAAGCTA,0
mult-GATAGACATTGCTGGA,3
mult-GATAGACACTGTAGCC,12
mult-GATAGACAAGTACAAG,12
mult-GATAGACAAACAACCA,0
mult-GATAGACAAACCGAGA,12
mult-GATAGACAAACGCTTA,0
mult-GATAGACAAAGACGGA,4
mult-GATAGACAAAGGTACA,0
mult-GATAGACAACACAGAA,4
mult-GATAGACAACAGCAGA,12
mult-GATAGACAAAACATCG,8
mult-GATAGACAACCTCCAA,12
mult-GATAGACAACGCTCGA,0
mult-GATAGACAACGTATCA,12
mult-GATAGACAACTATGCA,12
mult-GATAGACAAGAGTCAA,8
mult-GATAGACAAGATCGCA,9
mult-GATAGACAAGCAGGAA,9
mult-GATAGACAAGTCACTA,4
mult-GATAGACAATCCTGTA,7
mult-GATAGACAATTGAGGA,7
mult-GATAGACAATGCCTAA,6
mult-GATAGACACAACCACA,1
mult-GATAGACAGACTAGTA,7
mult-GATAGACACAATGGAA,7
mult-GATAGACACACTTCGA,7
mult-GATAGACACAGCGTTA,1
mult-GATAGACACATACCAA,1
mult-GATAGACACCAGTTCA,1
mult-GATAGACACCGAAGTA,1
mult-GATAGACACCGTGAGA,7
mult-GATAGACACCTCCTGA,1
mult-GATAGACAAGTGGTCA,8
mult-GATAGACACGAACTTA,1
mult-GATAGACACGACTGGA,1
mult-GATAGACACGCATACA,1
mult-GATAGACACTCAATGA,7
mult-GATAGACACTGAGCCA,7
mult-GATAGACACTGGCATA,7
mult-GATAGACAGAATCTGA,7
mult-GATAGACACAAGACTA,7
mult-GATAGACAGAGCTGAA,7
mult-GATAGACAGATAGACA,7
mult-GATAGACAACCACTGT,0
mult-GATAGACAGCCACATA,7
mult-GATAGACAGCGAGTAA,1
mult-GATAGACAGCTAACGA,1
mult-GATAGACAGCTCGGTA,7
mult-GATAGACAGGAGAACA,7
mult-GATAGACAGGTGCGAA,7
mult-GATAGACAGTACGCAA,7
mult-GATAGACAGTCGTAGA,7
mult-GATAGACAGTCTGTCA,7
mult-GATAGACAGTGTTCTA,7
mult-GATAGACAACATTGGC,0
mult-GATAGACATAGGATGA,7
mult-GATAGACATATCAGCA,7
mult-GATAGACATCCGTCTA,7
mult-GATAGACATCTTCACA,7
mult-GATAGACATGAAGAGA,7
mult-GATAGACATGGAACAA,7
mult-GATAGACATGGCTTCA,7
mult-GATAGACATGGTGGTA,7
mult-GATAGACATTCACGCA,11
mult-GATAGACAAACTCACC,11
mult-GATAGACACAGATCTG,0
mult-GATAGACAAAGAGATC,11
mult-GATAGACAAAGGACAC,11
mult-GATAGACAAATCCGTC,11
mult-GATAGACAAATGTTGC,11
mult-GATAGACAACACGACC,3
mult-GATAGACAACAGATTC,3
mult-GATAGACAAGATGTAC,3
mult-GATAGACAAGCACCTC,3
mult-GATAGACAAGCCATGC,3
mult-GATAGACAAGGCTAAC,3
mult-GATAGACACATCAAGT,0
mult-GATAGACAATAGCGAC,3
mult-GATAGACAATCATTCC,3
mult-GATAGACAATTGGCTC,3
mult-GATAGACACAAGGAGC,3
mult-GATAGACACACCTTAC,3
mult-GATAGACACCATCCTC,3
mult-GATAGACACCGACAAC,3
mult-GATAGACACCTAATCC,3
mult-GATAGACACCTCTATC,5
mult-GATAGACACGACACAC,10
mult-GATAGACACGCTGATC,0
mult-GATAGACACGGATTGC,12
mult-GATAGACACTAAGGTC,10
mult-GATAGACAGAACAGGC,10
mult-GATAGACAGACAGTGC,10
mult-GATAGACAGAGTTAGC,10
mult-GATAGACAGATGAATC,10
mult-GATAGACAGCCAAGAC,10
mult-GATAGACACGGAAGAA,3
mult-GATAGACAGTGACAAG,3
mult-GATAGACAGAACCAGA,3
mult-GAGCTGAAAACGTGAT,8
mult-GAGCTGAAACAAGCTA,0
mult-GAGCTGAATTGCTGGA,3
mult-GAGCTGAACTGTAGCC,8
mult-GAGCTGAAAGTACAAG,0
mult-GAGCTGAAAACAACCA,12
mult-GAGCTGAAAACCGAGA,12
mult-GAGCTGAAAACGCTTA,12
mult-GAGCTGAAAAGACGGA,0
mult-GAGCTGAAAAGGTACA,12
mult-GAGCTGAAACACAGAA,0
mult-GAGCTGAAACAGCAGA,12
mult-GAGCTGAAAAACATCG,8
mult-GAGCTGAAACCTCCAA,0
mult-GAGCTGAAACGCTCGA,12
mult-GAGCTGAAACGTATCA,12
mult-GAGCTGAAACTATGCA,12
mult-GAGCTGAAAGAGTCAA,9
mult-GAGCTGAAAGATCGCA,9
mult-GAGCTGAAAGCAGGAA,9
mult-GAGCTGAAAGTCACTA,9
mult-GAGCTGAAATCCTGTA,4
mult-GAGCTGAAATTGAGGA,7
mult-GAGCTGAAATGCCTAA,8
mult-GAGCTGAACAACCACA,7
mult-GAGCTGAAGACTAGTA,1
mult-GAGCTGAACAATGGAA,7
mult-GAGCTGAACACTTCGA,7
mult-GAGCTGAACAGCGTTA,7
mult-GAGCTGAACATACCAA,1
mult-GAGCTGAACCAGTTCA,1
mult-GAGCTGAACCGAAGTA,1
mult-GAGCTGAACCGTGAGA,7
mult-GAGCTGAACCTCCTGA,7
mult-GAGCTGAAAGTGGTCA,8
mult-GAGCTGAACGAACTTA,1
mult-GAGCTGAACGACTGGA,1
mult-GAGCTGAACGCATACA,1
mult-GAGCTGAACTCAATGA,7
mult-GAGCTGAACTGAGCCA,7
mult-GAGCTGAACTGGCATA,7
mult-GAGCTGAAGAATCTGA,7
mult-GAGCTGAACAAGACTA,7
mult-GAGCTGAAGAGCTGAA,7
mult-GAGCTGAAGATAGACA,7
mult-GAGCTGAAACCACTGT,0
mult-GAGCTGAAGCCACATA,7
mult-GAGCTGAAGCGAGTAA,7
mult-GAGCTGAAGCTAACGA,7
mult-GAGCTGAAGCTCGGTA,7
mult-GAGCTGAAGGAGAACA,7
mult-GAGCTGAAGGTGCGAA,1
mult-GAGCTGAAGTACGCAA,7
mult-GAGCTGAAGTCGTAGA,7
mult-GAGCTGAAGTCTGTCA,7
mult-GAGCTGAAGTGTTCTA,7
mult-GAGCTGAAACATTGGC,0
mult-GAGCTGAATAGGATGA,7
mult-GAGCTGAATATCAGCA,7
mult-GAGCTGAATCCGTCTA,7
mult-GAGCTGAATCTTCACA,7
mult-GAGCTGAATGAAGAGA,7
mult-GAGCTGAATGGAACAA,7
mult-GAGCTGAATGGCTTCA,7
mult-GAGCTGAATGGTGGTA,7
mult-GAGCTGAATTCACGCA,11
mult-GAGCTGAAAACTCACC,11
mult-GAGCTGAACAGATCTG,0
mult-GAGCTGAAAAGAGATC,11
mult-GAGCTGAAAAGGACAC,11
mult-GAGCTGAAAATCCGTC,11
mult-GAGCTGAAAATGTTGC,11
mult-GAGCTGAAACACGACC,3
mult-GAGCTGAAACAGATTC,3
mult-GAGCTGAAAGATGTAC,3
mult-GAGCTGAAAGCACCTC,3
mult-GAGCTGAAAGCCATGC,3
mult-GAGCTGAAAGGCTAAC,3
mult-GAGCTGAACATCAAGT,0
mult-GAGCTGAAATAGCGAC,3
mult-GAGCTGAAATCATTCC,3
mult-GAGCTGAAATTGGCTC,3
mult-GAGCTGAACAAGGAGC,3
mult-GAGCTGAACACCTTAC,3
mult-GAGCTGAACCATCCTC,3
mult-GAGCTGAACCGACAAC,3
mult-GAGCTGAACCTAATCC,3
mult-GAGCTGAACCTCTATC,5
mult-GAGCTGAACGACACAC,10
mult-GAGCTGAACGCTGATC,0
mult-GAGCTGAACGGATTGC,10
mult-GAGCTGAACTAAGGTC,10
mult-GAGCTGAAGAACAGGC,10
mult-GAGCTGAAGACAGTGC,2
mult-GAGCTGAAGAGTTAGC,10
mult-GAGCTGAAGATGAATC,10
mult-GAGCTGAAGCCAAGAC,10
mult-GAGCTGAACGGAAGAA,3
mult-GAGCTGAAGTGACAAG,3
mult-GAGCTGAAGAACCAGA,3
mult-CAAGACTAAACGTGAT,4
mult-CAAGACTAACAAGCTA,0
mult-CAAGACTATTGCTGGA,10
mult-CAAGACTACTGTAGCC,0
mult-CAAGACTAAGTACAAG,12
mult-CAAGACTAAACAACCA,12
mult-CAAGACTAAACCGAGA,12
mult-CAAGACTAAACGCTTA,0
mult-CAAGACTAAAGACGGA,12
mult-CAAGACTAAAGGTACA,0
mult-CAAGACTAACACAGAA,12
mult-CAAGACTAACAGCAGA,0
mult-CAAGACTAAAACATCG,6
mult-CAAGACTAACCTCCAA,12
mult-CAAGACTAACGCTCGA,0
mult-CAAGACTAACGTATCA,12
mult-CAAGACTAACTATGCA,0
mult-CAAGACTAAGAGTCAA,12
mult-CAAGACTAAGATCGCA,12
mult-CAAGACTAAGCAGGAA,9
mult-CAAGACTAAGTCACTA,4
mult-CAAGACTAATCCTGTA,7
mult-CAAGACTAATTGAGGA,7
mult-CAAGACTAATGCCTAA,6
mult-CAAGACTACAACCACA,1
mult-CAAGACTAGACTAGTA,1
mult-CAAGACTACAATGGAA,7
mult-CAAGACTACACTTCGA,7
mult-CAAGACTACAGCGTTA,7
mult-CAAGACTACATACCAA,7
mult-CAAGACTACCAGTTCA,1
mult-CAAGACTACCGAAGTA,1
mult-CAAGACTACCGTGAGA,7
mult-CAAGACTACCTCCTGA,7
mult-CAAGACTAAGTGGTCA,8
mult-CAAGACTACGAACTTA,7
mult-CAAGACTACGACTGGA,1
mult-CAAGACTACGCATACA,7
mult-CAAGACTACTCAATGA,1
mult-CAAGACTACTGAGCCA,7
mult-CAAGACTACTGGCATA,7
mult-CAAGACTAGAATCTGA,7
mult-CAAGACTACAAGACTA,7
mult-CAAGACTAGAGCTGAA,7
mult-CAAGACTAGATAGACA,7
mult-CAAGACTAACCACTGT,8
mult-CAAGACTAGCCACATA,7
mult-CAAGACTAGCGAGTAA,7
mult-CAAGACTAGCTAACGA,7
mult-CAAGACTAGCTCGGTA,7
mult-CAAGACTAGGAGAACA,7
mult-CAAGACTAGGTGCGAA,1
mult-CAAGACTAGTACGCAA,7
mult-CAAGACTAGTCGTAGA,7
mult-CAAGACTAGTCTGTCA,7
mult-CAAGACTAGTGTTCTA,7
mult-CAAGACTAACATTGGC,0
mult-CAAGACTATAGGATGA,7
mult-CAAGACTATATCAGCA,7
mult-CAAGACTATCCGTCTA,7
mult-CAAGACTATCTTCACA,7
mult-CAAGACTATGAAGAGA,7
mult-CAAGACTATGGAACAA,7
mult-CAAGACTATGGCTTCA,1
mult-CAAGACTATGGTGGTA,7
mult-CAAGACTATTCACGCA,11
mult-CAAGACTAAACTCACC,11
mult-CAAGACTACAGATCTG,0
mult-CAAGACTAAAGAGATC,11
mult-CAAGACTAAAGGACAC,11
mult-CAAGACTAAATCCGTC,11
mult-CAAGACTAAATGTTGC,11
mult-CAAGACTAACACGACC,3
mult-CAAGACTAACAGATTC,3
mult-CAAGACTAAGATGTAC,3
mult-CAAGACTAAGCACCTC,3
mult-CAAGACTAAGCCATGC,3
mult-CAAGACTAAGGCTAAC,3
mult-CAAGACTACATCAAGT,4
mult-CAAGACTAATAGCGAC,3
mult-CAAGACTAATCATTCC,3
mult-CAAGACTAATTGGCTC,3
mult-CAAGACTACAAGGAGC,3
mult-CAAGACTACACCTTAC,3
mult-CAAGACTACCATCCTC,3
mult-CAAGACTACCGACAAC,3
mult-CAAGACTACCTAATCC,3
mult-CAAGACTACCTCTATC,3
mult-CAAGACTACGACACAC,5
mult-CAAGACTACGCTGATC,0
mult-CAAGACTACGGATTGC,12
mult-CAAGACTACTAAGGTC,10
mult-CAAGACTAGAACAGGC,10
mult-CAAGACTAGACAGTGC,10
mult-CAAGACTAGAGTTAGC,10
mult-CAAGACTAGATGAATC,10
mult-CAAGACTAGCCAAGAC,3
mult-CAAGACTACGGAAGAA,4
mult-CAAGACTAGTGACAAG,3
mult-CAAGACTAGAACCAGA,3
mult-GAATCTGAAACGTGAT,6
mult-GAATCTGAACAAGCTA,0
mult-GAATCTGATTGCTGGA,4
mult-GAATCTGACTGTAGCC,0
mult-GAATCTGAAGTACAAG,0
mult-GAATCTGAAACAACCA,0
mult-GAATCTGAAACCGAGA,0
mult-GAATCTGAAACGCTTA,12
mult-GAATCTGAAAGACGGA,0
mult-GAATCTGAAAGGTACA,12
mult-GAATCTGAACACAGAA,0
mult-GAATCTGAACAGCAGA,0
mult-GAATCTGAAAACATCG,6
mult-GAATCTGAACCTCCAA,0
mult-GAATCTGAACGCTCGA,12
mult-GAATCTGAACGTATCA,12
mult-GAATCTGAACTATGCA,12
mult-GAATCTGAAGAGTCAA,12
mult-GAATCTGAAGATCGCA,12
mult-GAATCTGAAGCAGGAA,9
mult-GAATCTGAAGTCACTA,9
mult-GAATCTGAATCCTGTA,4
mult-GAATCTGAATTGAGGA,1
mult-GAATCTGAATGCCTAA,6
mult-GAATCTGACAACCACA,7
mult-GAATCTGAGACTAGTA,7
mult-GAATCTGACAATGGAA,7
mult-GAATCTGACACTTCGA,7
mult-GAATCTGACAGCGTTA,7
mult-GAATCTGACATACCAA,7
mult-GAATCTGACCAGTTCA,7
mult-GAATCTGACCGAAGTA,1
mult-GAATCTGACCGTGAGA,7
mult-GAATCTGACCTCCTGA,7
mult-GAATCTGAAGTGGTCA,6
mult-GAATCTGACGAACTTA,1
mult-GAATCTGACGACTGGA,7
mult-GAATCTGACGCATACA,1
mult-GAATCTGACTCAATGA,7
mult-GAATCTGACTGAGCCA,7
mult-GAATCTGACTGGCATA,7
mult-GAATCTGAGAATCTGA,7
mult-GAATCTGACAAGACTA,7
mult-GAATCTGAGAGCTGAA,7
mult-GAATCTGAGATAGACA,7
mult-GAATCTGAACCACTGT,6
mult-GAATCTGAGCCACATA,7
mult-GAATCTGAGCGAGTAA,7
mult-GAATCTGAGCTAACGA,7
mult-GAATCTGAGCTCGGTA,7
mult-GAATCTGAGGAGAACA,7
mult-GAATCTGAGGTGCGAA,7
mult-GAATCTGAGTACGCAA,7
mult-GAATCTGAGTCGTAGA,7
mult-GAATCTGAGTCTGTCA,7
mult-GAATCTGAGTGTTCTA,7
mult-GAATCTGAACATTGGC,6
mult-GAATCTGATAGGATGA,7
mult-GAATCTGATATCAGCA,7
mult-GAATCTGATCCGTCTA,7
mult-GAATCTGATCTTCACA,7
mult-GAATCTGATGAAGAGA,7
mult-GAATCTGATGGAACAA,7
mult-GAATCTGATGGCTTCA,7
mult-GAATCTGATGGTGGTA,7
mult-GAATCTGATTCACGCA,11
mult-GAATCTGAAACTCACC,11
mult-GAATCTGACAGATCTG,6
mult-GAATCTGAAAGAGATC,11
mult-GAATCTGAAAGGACAC,11
mult-GAATCTGAAATCCGTC,11
mult-GAATCTGAAATGTTGC,11
mult-GAATCTGAACACGACC,3
mult-GAATCTGAACAGATTC,4
mult-GAATCTGAAGATGTAC,3
mult-GAATCTGAAGCACCTC,3
mult-GAATCTGAAGCCATGC,3
mult-GAATCTGAAGGCTAAC,3
mult-GAATCTGACATCAAGT,0
mult-GAATCTGAATAGCGAC,3
mult-GAATCTGAATCATTCC,3
mult-GAATCTGAATTGGCTC,3
mult-GAATCTGACAAGGAGC,3
mult-GAATCTGACACCTTAC,3
mult-GAATCTGACCATCCTC,3
mult-GAATCTGACCGACAAC,3
mult-GAATCTGACCTAATCC,3
mult-GAATCTGACCTCTATC,3
mult-GAATCTGACGACACAC,10
mult-GAATCTGACGCTGATC,0
mult-GAATCTGACGGATTGC,10
mult-GAATCTGACTAAGGTC,10
mult-GAATCTGAGAACAGGC,10
mult-GAATCTGAGACAGTGC,10
mult-GAATCTGAGAGTTAGC,10
mult-GAATCTGAGATGAATC,10
mult-GAATCTGAGCCAAGAC,3
mult-GAATCTGACGGAAGAA,3
mult-GAATCTGAGTGACAAG,3
mult-GAATCTGAGAACCAGA,3
mult-CTGGCATAAACGTGAT,6
mult-CTGGCATAACAAGCTA,0
mult-CTGGCATATTGCTGGA,9
mult-CTGGCATACTGTAGCC,0
mult-CTGGCATAAGTACAAG,0
mult-CTGGCATAAACAACCA,0
mult-CTGGCATAAACCGAGA,0
mult-CTGGCATAAACGCTTA,0
mult-CTGGCATAAAGACGGA,12
mult-CTGGCATAAAGGTACA,0
mult-CTGGCATAACACAGAA,0
mult-CTGGCATAACAGCAGA,0
mult-CTGGCATAAAACATCG,6
mult-CTGGCATAACCTCCAA,0
mult-CTGGCATAACGCTCGA,12
mult-CTGGCATAACGTATCA,12
mult-CTGGCATAACTATGCA,12
mult-CTGGCATAAGAGTCAA,12
mult-CTGGCATAAGATCGCA,12
mult-CTGGCATAAGCAGGAA,12
mult-CTGGCATAAGTCACTA,9
mult-CTGGCATAATCCTGTA,9
mult-CTGGCATAATTGAGGA,7
mult-CTGGCATAATGCCTAA,4
mult-CTGGCATACAACCACA,7
mult-CTGGCATAGACTAGTA,7
mult-CTGGCATACAATGGAA,7
mult-CTGGCATACACTTCGA,7
mult-CTGGCATACAGCGTTA,7
mult-CTGGCATACATACCAA,7
mult-CTGGCATACCAGTTCA,7
mult-CTGGCATACCGAAGTA,7
mult-CTGGCATACCGTGAGA,7
mult-CTGGCATACCTCCTGA,7
mult-CTGGCATAAGTGGTCA,6
mult-CTGGCATACGAACTTA,7
mult-CTGGCATACGACTGGA,1
mult-CTGGCATACGCATACA,7
mult-CTGGCATACTCAATGA,1
mult-CTGGCATACTGAGCCA,7
mult-CTGGCATACTGGCATA,7
mult-CTGGCATAGAATCTGA,7
mult-CTGGCATACAAGACTA,1
mult-CTGGCATAGAGCTGAA,7
mult-CTGGCATAGATAGACA,7
mult-CTGGCATAACCACTGT,6
mult-CTGGCATAGCCACATA,7
mult-CTGGCATAGCGAGTAA,7
mult-CTGGCATAGCTAACGA,7
mult-CTGGCATAGCTCGGTA,7
mult-CTGGCATAGGAGAACA,7
mult-CTGGCATAGGTGCGAA,7
mult-CTGGCATAGTACGCAA,7
mult-CTGGCATAGTCGTAGA,1
mult-CTGGCATAGTCTGTCA,7
mult-CTGGCATAGTGTTCTA,7
mult-CTGGCATAACATTGGC,6
mult-CTGGCATATAGGATGA,7
mult-CTGGCATATATCAGCA,7
mult-CTGGCATATCCGTCTA,1
mult-CTGGCATATCTTCACA,7
mult-CTGGCATATGAAGAGA,1
mult-CTGGCATATGGAACAA,7
mult-CTGGCATATGGCTTCA,7
mult-CTGGCATATGGTGGTA,7
mult-CTGGCATATTCACGCA,7
mult-CTGGCATAAACTCACC,11
mult-CTGGCATACAGATCTG,12
mult-CTGGCATAAAGAGATC,11
mult-CTGGCATAAAGGACAC,11
mult-CTGGCATAAATCCGTC,11
mult-CTGGCATAAATGTTGC,11
mult-CTGGCATAACACGACC,3
mult-CTGGCATAACAGATTC,3
mult-CTGGCATAAGATGTAC,3
mult-CTGGCATAAGCACCTC,3
mult-CTGGCATAAGCCATGC,3
mult-CTGGCATAAGGCTAAC,3
mult-CTGGCATACATCAAGT,8
mult-CTGGCATAATAGCGAC,3
mult-CTGGCATAATCATTCC,3
mult-CTGGCATAATTGGCTC,3
mult-CTGGCATACAAGGAGC,3
mult-CTGGCATACACCTTAC,3
mult-CTGGCATACCATCCTC,3
mult-CTGGCATACCGACAAC,3
mult-CTGGCATACCTAATCC,3
mult-CTGGCATACCTCTATC,3
mult-CTGGCATACGACACAC,3
mult-CTGGCATACGCTGATC,0
mult-CTGGCATACGGATTGC,10
mult-CTGGCATACTAAGGTC,10
mult-CTGGCATAGAACAGGC,10
mult-CTGGCATAGACAGTGC,2
mult-CTGGCATAGAGTTAGC,10
mult-CTGGCATAGATGAATC,10
mult-CTGGCATAGCCAAGAC,3
mult-CTGGCATACGGAAGAA,3
mult-CTGGCATAGTGACAAG,3
mult-CTGGCATAGAACCAGA,3
mult-CTGAGCCAAACGTGAT,6
mult-CTGAGCCAACAAGCTA,0
mult-CTGAGCCATTGCTGGA,3
mult-CTGAGCCACTGTAGCC,4
mult-CTGAGCCAAGTACAAG,0
mult-CTGAGCCAAACAACCA,0
mult-CTGAGCCAAACCGAGA,0
mult-CTGAGCCAAACGCTTA,0
mult-CTGAGCCAAAGACGGA,0
mult-CTGAGCCAAAGGTACA,0
mult-CTGAGCCAACACAGAA,0
mult-CTGAGCCAACAGCAGA,0
mult-CTGAGCCAAAACATCG,6
mult-CTGAGCCAACCTCCAA,12
mult-CTGAGCCAACGCTCGA,12
mult-CTGAGCCAACGTATCA,12
mult-CTGAGCCAACTATGCA,12
mult-CTGAGCCAAGAGTCAA,12
mult-CTGAGCCAAGATCGCA,12
mult-CTGAGCCAAGCAGGAA,9
mult-CTGAGCCAAGTCACTA,9
mult-CTGAGCCAATCCTGTA,9
mult-CTGAGCCAATTGAGGA,7
mult-CTGAGCCAATGCCTAA,6
mult-CTGAGCCACAACCACA,1
mult-CTGAGCCAGACTAGTA,7
mult-CTGAGCCACAATGGAA,7
mult-CTGAGCCACACTTCGA,1
mult-CTGAGCCACAGCGTTA,7
mult-CTGAGCCACATACCAA,7
mult-CTGAGCCACCAGTTCA,7
mult-CTGAGCCACCGAAGTA,7
mult-CTGAGCCACCGTGAGA,7
mult-CTGAGCCACCTCCTGA,7
mult-CTGAGCCAAGTGGTCA,6
mult-CTGAGCCACGAACTTA,1
mult-CTGAGCCACGACTGGA,7
mult-CTGAGCCACGCATACA,1
mult-CTGAGCCACTCAATGA,1
mult-CTGAGCCACTGAGCCA,1
mult-CTGAGCCACTGGCATA,7
mult-CTGAGCCAGAATCTGA,7
mult-CTGAGCCACAAGACTA,7
mult-CTGAGCCAGAGCTGAA,7
mult-CTGAGCCAGATAGACA,7
mult-CTGAGCCAACCACTGT,6
mult-CTGAGCCAGCCACATA,7
mult-CTGAGCCAGCGAGTAA,7
mult-CTGAGCCAGCTAACGA,7
mult-CTGAGCCAGCTCGGTA,7
mult-CTGAGCCAGGAGAACA,7
mult-CTGAGCCAGGTGCGAA,7
mult-CTGAGCCAGTACGCAA,7
mult-CTGAGCCAGTCGTAGA,1
mult-CTGAGCCAGTCTGTCA,1
mult-CTGAGCCAGTGTTCTA,7
mult-CTGAGCCAACATTGGC,6
mult-CTGAGCCATAGGATGA,7
mult-CTGAGCCATATCAGCA,7
mult-CTGAGCCATCCGTCTA,7
mult-CTGAGCCATCTTCACA,7
mult-CTGAGCCATGAAGAGA,7
mult-CTGAGCCATGGAACAA,7
mult-CTGAGCCATGGCTTCA,7
mult-CTGAGCCATGGTGGTA,7
mult-CTGAGCCATTCACGCA,11
mult-CTGAGCCAAACTCACC,11
mult-CTGAGCCACAGATCTG,8
mult-CTGAGCCAAAGAGATC,11
mult-CTGAGCCAAAGGACAC,11
mult-CTGAGCCAAATCCGTC,11
mult-CTGAGCCAAATGTTGC,11
mult-CTGAGCCAACACGACC,11
mult-CTGAGCCAACAGATTC,3
mult-CTGAGCCAAGATGTAC,3
mult-CTGAGCCAAGCACCTC,3
mult-CTGAGCCAAGCCATGC,3
mult-CTGAGCCAAGGCTAAC,3
mult-CTGAGCCACATCAAGT,4
mult-CTGAGCCAATAGCGAC,3
mult-CTGAGCCAATCATTCC,3
mult-CTGAGCCAATTGGCTC,3
mult-CTGAGCCACAAGGAGC,3
mult-CTGAGCCACACCTTAC,3
mult-CTGAGCCACCATCCTC,3
mult-CTGAGCCACCGACAAC,3
mult-CTGAGCCACCTAATCC,3
mult-CTGAGCCACCTCTATC,3
mult-CTGAGCCACGACACAC,3
mult-CTGAGCCACGCTGATC,0
mult-CTGAGCCACGGATTGC,10
mult-CTGAGCCACTAAGGTC,10
mult-CTGAGCCAGAACAGGC,10
mult-CTGAGCCAGACAGTGC,2
mult-CTGAGCCAGAGTTAGC,10
mult-CTGAGCCAGATGAATC,10
mult-CTGAGCCAGCCAAGAC,10
mult-CTGAGCCACGGAAGAA,3
mult-CTGAGCCAGTGACAAG,3
mult-CTGAGCCAGAACCAGA,4
mult-CTCAATGAAACGTGAT,6
mult-CTCAATGAACAAGCTA,0
mult-CTCAATGATTGCTGGA,3
mult-CTCAATGACTGTAGCC,0
mult-CTCAATGAAGTACAAG,0
mult-CTCAATGAAACAACCA,0
mult-CTCAATGAAACCGAGA,0
mult-CTCAATGAAACGCTTA,0
mult-CTCAATGAAAGACGGA,0
mult-CTCAATGAAAGGTACA,0
mult-CTCAATGAACACAGAA,0
mult-CTCAATGAACAGCAGA,0
mult-CTCAATGAAAACATCG,6
mult-CTCAATGAACCTCCAA,12
mult-CTCAATGAACGCTCGA,4
mult-CTCAATGAACGTATCA,0
mult-CTCAATGAACTATGCA,12
mult-CTCAATGAAGAGTCAA,12
mult-CTCAATGAAGATCGCA,12
mult-CTCAATGAAGCAGGAA,9
mult-CTCAATGAAGTCACTA,9
mult-CTCAATGAATCCTGTA,4
mult-CTCAATGAATTGAGGA,4
mult-CTCAATGAATGCCTAA,6
mult-CTCAATGACAACCACA,7
mult-CTCAATGAGACTAGTA,7
mult-CTCAATGACAATGGAA,7
mult-CTCAATGACACTTCGA,7
mult-CTCAATGACAGCGTTA,1
mult-CTCAATGACATACCAA,7
mult-CTCAATGACCAGTTCA,7
mult-CTCAATGACCGAAGTA,7
mult-CTCAATGACCGTGAGA,1
mult-CTCAATGACCTCCTGA,1
mult-CTCAATGAAGTGGTCA,6
mult-CTCAATGACGAACTTA,1
mult-CTCAATGACGACTGGA,1
mult-CTCAATGACGCATACA,7
mult-CTCAATGACTCAATGA,1
mult-CTCAATGACTGAGCCA,7
mult-CTCAATGACTGGCATA,7
mult-CTCAATGAGAATCTGA,7
mult-CTCAATGACAAGACTA,7
mult-CTCAATGAGAGCTGAA,7
mult-CTCAATGAGATAGACA,7
mult-CTCAATGAACCACTGT,4
mult-CTCAATGAGCCACATA,7
mult-CTCAATGAGCGAGTAA,7
mult-CTCAATGAGCTAACGA,7
mult-CTCAATGAGCTCGGTA,7
mult-CTCAATGAGGAGAACA,7
mult-CTCAATGAGGTGCGAA,1
mult-CTCAATGAGTACGCAA,7
mult-CTCAATGAGTCGTAGA,7
mult-CTCAATGAGTCTGTCA,7
mult-CTCAATGAGTGTTCTA,7
mult-CTCAATGAACATTGGC,8
mult-CTCAATGATAGGATGA,7
mult-CTCAATGATATCAGCA,7
mult-CTCAATGATCCGTCTA,7
mult-CTCAATGATCTTCACA,7
mult-CTCAATGATGAAGAGA,7
mult-CTCAATGATGGAACAA,7
mult-CTCAATGATGGCTTCA,7
mult-CTCAATGATGGTGGTA,7
mult-CTCAATGATTCACGCA,11
mult-CTCAATGAAACTCACC,11
mult-CTCAATGACAGATCTG,0
mult-CTCAATGAAAGAGATC,11
mult-CTCAATGAAAGGACAC,11
mult-CTCAATGAAATCCGTC,11
mult-CTCAATGAAATGTTGC,11
mult-CTCAATGAACACGACC,11
mult-CTCAATGAACAGATTC,3
mult-CTCAATGAAGATGTAC,3
mult-CTCAATGAAGCACCTC,3
mult-CTCAATGAAGCCATGC,3
mult-CTCAATGAAGGCTAAC,3
mult-CTCAATGACATCAAGT,4
mult-CTCAATGAATAGCGAC,3
mult-CTCAATGAATCATTCC,3
mult-CTCAATGAATTGGCTC,3
mult-CTCAATGACAAGGAGC,3
mult-CTCAATGACACCTTAC,3
mult-CTCAATGACCATCCTC,3
mult-CTCAATGACCGACAAC,3
mult-CTCAATGACCTAATCC,3
mult-CTCAATGACCTCTATC,3
mult-CTCAATGACGACACAC,3
mult-CTCAATGACGCTGATC,0
mult-CTCAATGACGGATTGC,10
mult-CTCAATGACTAAGGTC,10
mult-CTCAATGAGAACAGGC,10
mult-CTCAATGAGACAGTGC,2
mult-CTCAATGAGAGTTAGC,10
mult-CTCAATGAGATGAATC,10
mult-CTCAATGAGCCAAGAC,3
mult-CTCAATGACGGAAGAA,3
mult-CTCAATGAGTGACAAG,3
mult-CTCAATGAGAACCAGA,3
mult-CGCATACAAACGTGAT,6
mult-CGCATACAACAAGCTA,0
mult-CGCATACATTGCTGGA,3
mult-CGCATACACTGTAGCC,0
mult-CGCATACAAGTACAAG,0
mult-CGCATACAAACAACCA,0
mult-CGCATACAAACCGAGA,0
mult-CGCATACAAACGCTTA,0
mult-CGCATACAAAGACGGA,0
mult-CGCATACAAAGGTACA,12
mult-CGCATACAACACAGAA,0
mult-CGCATACAACAGCAGA,0
mult-CGCATACAAAACATCG,4
mult-CGCATACAACCTCCAA,0
mult-CGCATACAACGCTCGA,0
mult-CGCATACAACGTATCA,0
mult-CGCATACAACTATGCA,12
mult-CGCATACAAGAGTCAA,12
mult-CGCATACAAGATCGCA,4
mult-CGCATACAAGCAGGAA,8
mult-CGCATACAAGTCACTA,12
mult-CGCATACAATCCTGTA,8
mult-CGCATACAATTGAGGA,4
mult-CGCATACAATGCCTAA,4
mult-CGCATACACAACCACA,7
mult-CGCATACAGACTAGTA,7
mult-CGCATACACAATGGAA,7
mult-CGCATACACACTTCGA,7
mult-CGCATACACAGCGTTA,7
mult-CGCATACACATACCAA,7
mult-CGCATACACCAGTTCA,7
mult-CGCATACACCGAAGTA,7
mult-CGCATACACCGTGAGA,7
mult-CGCATACACCTCCTGA,7
mult-CGCATACAAGTGGTCA,6
mult-CGCATACACGAACTTA,1
mult-CGCATACACGACTGGA,7
mult-CGCATACACGCATACA,1
mult-CGCATACACTCAATGA,1
mult-CGCATACACTGAGCCA,7
mult-CGCATACACTGGCATA,7
mult-CGCATACAGAATCTGA,7
mult-CGCATACACAAGACTA,7
mult-CGCATACAGAGCTGAA,7
mult-CGCATACAGATAGACA,7
mult-CGCATACAACCACTGT,0
mult-CGCATACAGCCACATA,7
mult-CGCATACAGCGAGTAA,7
mult-CGCATACAGCTAACGA,7
mult-CGCATACAGCTCGGTA,7
mult-CGCATACAGGAGAACA,7
mult-CGCATACAGGTGCGAA,7
mult-CGCATACAGTACGCAA,1
mult-CGCATACAGTCGTAGA,7
mult-CGCATACAGTCTGTCA,7
mult-CGCATACAGTGTTCTA,7
mult-CGCATACAACATTGGC,0
mult-CGCATACATAGGATGA,7
mult-CGCATACATATCAGCA,7
mult-CGCATACATCCGTCTA,7
mult-CGCATACATCTTCACA,7
mult-CGCATACATGAAGAGA,7
mult-CGCATACATGGAACAA,7
mult-CGCATACATGGCTTCA,7
mult-CGCATACATGGTGGTA,7
mult-CGCATACATTCACGCA,11
mult-CGCATACAAACTCACC,11
mult-CGCATACACAGATCTG,8
mult-CGCATACAAAGAGATC,11
mult-CGCATACAAAGGACAC,11
mult-CGCATACAAATCCGTC,11
mult-CGCATACAAATGTTGC,11
mult-CGCATACAACACGACC,11
mult-CGCATACAACAGATTC,3
mult-CGCATACAAGATGTAC,3
mult-CGCATACAAGCACCTC,3
mult-CGCATACAAGCCATGC,3
mult-CGCATACAAGGCTAAC,3
mult-CGCATACACATCAAGT,0
mult-CGCATACAATAGCGAC,3
mult-CGCATACAATCATTCC,3
mult-CGCATACAATTGGCTC,3
mult-CGCATACACAAGGAGC,4
mult-CGCATACACACCTTAC,3
mult-CGCATACACCATCCTC,3
mult-CGCATACACCGACAAC,3
mult-CGCATACACCTAATCC,3
mult-CGCATACACCTCTATC,3
mult-CGCATACACGACACAC,3
mult-CGCATACACGCTGATC,0
mult-CGCATACACGGATTGC,3
mult-CGCATACACTAAGGTC,10
mult-CGCATACAGAACAGGC,10
mult-CGCATACAGACAGTGC,10
mult-CGCATACAGAGTTAGC,10
mult-CGCATACAGATGAATC,3
mult-CGCATACAGCCAAGAC,3
mult-CGCATACACGGAAGAA,3
mult-CGCATACAGTGACAAG,10
mult-CGCATACAGAACCAGA,3
mult-GCCAAGACAACGTGAT,8
mult-GCCAAGACACAAGCTA,6
mult-GCCAAGACTTGCTGGA,12
mult-GCCAAGACCTGTAGCC,6
mult-GCCAAGACAGTACAAG,6
mult-GCCAAGACAACAACCA,6
mult-GCCAAGACAACCGAGA,6
mult-GCCAAGACAACGCTTA,6
mult-GCCAAGACAAGACGGA,6
mult-GCCAAGACAAGGTACA,6
mult-GCCAAGACACACAGAA,6
mult-GCCAAGACACAGCAGA,6
mult-GCCAAGACAAACATCG,8
mult-GCCAAGACACCTCCAA,6
mult-GCCAAGACACGCTCGA,6
mult-GCCAAGACACGTATCA,6
mult-GCCAAGACACTATGCA,6
mult-GCCAAGACAGAGTCAA,6
mult-GCCAAGACAGATCGCA,12
mult-GCCAAGACAGCAGGAA,12
mult-GCCAAGACAGTCACTA,12
mult-GCCAAGACATCCTGTA,6
mult-GCCAAGACATTGAGGA,6
mult-GCCAAGACATGCCTAA,8
mult-GCCAAGACCAACCACA,6
mult-GCCAAGACGACTAGTA,12
mult-GCCAAGACCAATGGAA,12
mult-GCCAAGACCACTTCGA,8
mult-GCCAAGACCAGCGTTA,12
mult-GCCAAGACCATACCAA,12
mult-GCCAAGACCCAGTTCA,12
mult-GCCAAGACCCGAAGTA,12
mult-GCCAAGACCCGTGAGA,12
mult-GCCAAGACCCTCCTGA,12
mult-GCCAAGACAGTGGTCA,6
mult-GCCAAGACCGAACTTA,4
mult-GCCAAGACCGACTGGA,8
mult-GCCAAGACCGCATACA,8
mult-GCCAAGACCTCAATGA,4
mult-GCCAAGACCTGAGCCA,12
mult-GCCAAGACCTGGCATA,12
mult-GCCAAGACGAATCTGA,12
mult-GCCAAGACCAAGACTA,12
mult-GCCAAGACGAGCTGAA,12
mult-GCCAAGACGATAGACA,12
mult-GCCAAGACACCACTGT,6
mult-GCCAAGACGCCACATA,12
mult-GCCAAGACGCGAGTAA,12
mult-GCCAAGACGCTAACGA,12
mult-GCCAAGACGCTCGGTA,12
mult-GCCAAGACGGAGAACA,12
mult-GCCAAGACGGTGCGAA,12
mult-GCCAAGACGTACGCAA,12
mult-GCCAAGACGTCGTAGA,12
mult-GCCAAGACGTCTGTCA,12
mult-GCCAAGACGTGTTCTA,8
mult-GCCAAGACACATTGGC,6
mult-GCCAAGACTAGGATGA,4
mult-GCCAAGACTATCAGCA,8
mult-GCCAAGACTCCGTCTA,12
mult-GCCAAGACTCTTCACA,12
mult-GCCAAGACTGAAGAGA,12
mult-GCCAAGACTGGAACAA,12
mult-GCCAAGACTGGCTTCA,9
mult-GCCAAGACTGGTGGTA,9
mult-GCCAAGACTTCACGCA,12
mult-GCCAAGACAACTCACC,9
mult-GCCAAGACCAGATCTG,6
mult-GCCAAGACAAGAGATC,12
mult-GCCAAGACAAGGACAC,12
mult-GCCAAGACAATCCGTC,12
mult-GCCAAGACAATGTTGC,12
mult-GCCAAGACACACGACC,12
mult-GCCAAGACACAGATTC,12
mult-GCCAAGACAGATGTAC,12
mult-GCCAAGACAGCACCTC,12
mult-GCCAAGACAGCCATGC,12
mult-GCCAAGACAGGCTAAC,12
mult-GCCAAGACCATCAAGT,6
mult-GCCAAGACATAGCGAC,4
mult-GCCAAGACATCATTCC,8
mult-GCCAAGACATTGGCTC,4
mult-GCCAAGACCAAGGAGC,12
mult-GCCAAGACCACCTTAC,12
mult-GCCAAGACCCATCCTC,8
mult-GCCAAGACCCGACAAC,8
mult-GCCAAGACCCTAATCC,12
mult-GCCAAGACCCTCTATC,12
mult-GCCAAGACCGACACAC,8
mult-GCCAAGACCGCTGATC,6
mult-GCCAAGACCGGATTGC,10
mult-GCCAAGACCTAAGGTC,10
mult-GCCAAGACGAACAGGC,10
mult-GCCAAGACGACAGTGC,10
mult-GCCAAGACGAGTTAGC,10
mult-GCCAAGACGATGAATC,10
mult-GCCAAGACGCCAAGAC,12
mult-GCCAAGACCGGAAGAA,12
mult-GCCAAGACGTGACAAG,12
mult-GCCAAGACGAACCAGA,12
mult-CGACTGGAAACGTGAT,8
mult-CGACTGGAACAAGCTA,0
mult-CGACTGGATTGCTGGA,3
mult-CGACTGGACTGTAGCC,0
mult-CGACTGGAAGTACAAG,0
mult-CGACTGGAAACAACCA,0
mult-CGACTGGAAACCGAGA,0
mult-CGACTGGAAACGCTTA,0
mult-CGACTGGAAAGACGGA,0
mult-CGACTGGAAAGGTACA,0
mult-CGACTGGAACACAGAA,0
mult-CGACTGGAACAGCAGA,0
mult-CGACTGGAAAACATCG,0
mult-CGACTGGAACCTCCAA,0
mult-CGACTGGAACGCTCGA,0
mult-CGACTGGAACGTATCA,0
mult-CGACTGGAACTATGCA,0
mult-CGACTGGAAGAGTCAA,0
mult-CGACTGGAAGATCGCA,0
mult-CGACTGGAAGCAGGAA,0
mult-CGACTGGAAGTCACTA,4
mult-CGACTGGAATCCTGTA,4
mult-CGACTGGAATTGAGGA,4
mult-CGACTGGAATGCCTAA,4
mult-CGACTGGACAACCACA,7
mult-CGACTGGAGACTAGTA,7
mult-CGACTGGACAATGGAA,7
mult-CGACTGGACACTTCGA,7
mult-CGACTGGACAGCGTTA,7
mult-CGACTGGACATACCAA,7
mult-CGACTGGACCAGTTCA,7
mult-CGACTGGACCGAAGTA,7
mult-CGACTGGACCGTGAGA,7
mult-CGACTGGACCTCCTGA,7
mult-CGACTGGAAGTGGTCA,0
mult-CGACTGGACGAACTTA,7
mult-CGACTGGACGACTGGA,7
mult-CGACTGGACGCATACA,7
mult-CGACTGGACTCAATGA,7
mult-CGACTGGACTGAGCCA,7
mult-CGACTGGACTGGCATA,7
mult-CGACTGGAGAATCTGA,7
mult-CGACTGGACAAGACTA,7
mult-CGACTGGAGAGCTGAA,7
mult-CGACTGGAGATAGACA,7
mult-CGACTGGAACCACTGT,0
mult-CGACTGGAGCCACATA,7
mult-CGACTGGAGCGAGTAA,7
mult-CGACTGGAGCTAACGA,7
mult-CGACTGGAGCTCGGTA,7
mult-CGACTGGAGGAGAACA,7
mult-CGACTGGAGGTGCGAA,7
mult-CGACTGGAGTACGCAA,7
mult-CGACTGGAGTCGTAGA,1
mult-CGACTGGAGTCTGTCA,7
mult-CGACTGGAGTGTTCTA,7
mult-CGACTGGAACATTGGC,4
mult-CGACTGGATAGGATGA,7
mult-CGACTGGATATCAGCA,7
mult-CGACTGGATCCGTCTA,7
mult-CGACTGGATCTTCACA,7
mult-CGACTGGATGAAGAGA,7
mult-CGACTGGATGGAACAA,7
mult-CGACTGGATGGCTTCA,7
mult-CGACTGGATGGTGGTA,11
mult-CGACTGGATTCACGCA,11
mult-CGACTGGAAACTCACC,11
mult-CGACTGGACAGATCTG,0
mult-CGACTGGAAAGAGATC,11
mult-CGACTGGAAAGGACAC,11
mult-CGACTGGAAATCCGTC,11
mult-CGACTGGAAATGTTGC,11
mult-CGACTGGAACACGACC,11
mult-CGACTGGAACAGATTC,3
mult-CGACTGGAAGATGTAC,4
mult-CGACTGGAAGCACCTC,3
mult-CGACTGGAAGCCATGC,3
mult-CGACTGGAAGGCTAAC,3
mult-CGACTGGACATCAAGT,0
mult-CGACTGGAATAGCGAC,3
mult-CGACTGGAATCATTCC,3
mult-CGACTGGAATTGGCTC,3
mult-CGACTGGACAAGGAGC,3
mult-CGACTGGACACCTTAC,3
mult-CGACTGGACCATCCTC,3
mult-CGACTGGACCGACAAC,3
mult-CGACTGGACCTAATCC,3
mult-CGACTGGACCTCTATC,3
mult-CGACTGGACGACACAC,3
mult-CGACTGGACGCTGATC,0
mult-CGACTGGACGGATTGC,3
mult-CGACTGGACTAAGGTC,10
mult-CGACTGGAGAACAGGC,10
mult-CGACTGGAGACAGTGC,10
mult-CGACTGGAGAGTTAGC,10
mult-CGACTGGAGATGAATC,10
mult-CGACTGGAGCCAAGAC,3
mult-CGACTGGACGGAAGAA,10
mult-CGACTGGAGTGACAAG,3
mult-CGACTGGAGAACCAGA,3
mult-CGAACTTAAACGTGAT,8
mult-CGAACTTAACAAGCTA,0
mult-CGAACTTATTGCTGGA,3
mult-CGAACTTACTGTAGCC,0
mult-CGAACTTAAGTACAAG,0
mult-CGAACTTAAACAACCA,0
mult-CGAACTTAAACCGAGA,0
mult-CGAACTTAAACGCTTA,0
mult-CGAACTTAAAGACGGA,0
mult-CGAACTTAAAGGTACA,4
mult-CGAACTTAACACAGAA,0
mult-CGAACTTAACAGCAGA,4
mult-CGAACTTAAAACATCG,4
mult-CGAACTTAACCTCCAA,0
mult-CGAACTTAACGCTCGA,0
mult-CGAACTTAACGTATCA,0
mult-CGAACTTAACTATGCA,0
mult-CGAACTTAAGAGTCAA,0
mult-CGAACTTAAGATCGCA,0
mult-CGAACTTAAGCAGGAA,0
mult-CGAACTTAAGTCACTA,0
mult-CGAACTTAATCCTGTA,8
mult-CGAACTTAATTGAGGA,4
mult-CGAACTTAATGCCTAA,0
mult-CGAACTTACAACCACA,4
mult-CGAACTTAGACTAGTA,7
mult-CGAACTTACAATGGAA,7
mult-CGAACTTACACTTCGA,7
mult-CGAACTTACAGCGTTA,7
mult-CGAACTTACATACCAA,7
mult-CGAACTTACCAGTTCA,7
mult-CGAACTTACCGAAGTA,1
mult-CGAACTTACCGTGAGA,1
mult-CGAACTTACCTCCTGA,7
mult-CGAACTTAAGTGGTCA,0
mult-CGAACTTACGAACTTA,7
mult-CGAACTTACGACTGGA,7
mult-CGAACTTACGCATACA,1
mult-CGAACTTACTCAATGA,7
mult-CGAACTTACTGAGCCA,7
mult-CGAACTTACTGGCATA,7
mult-CGAACTTAGAATCTGA,7
mult-CGAACTTACAAGACTA,7
mult-CGAACTTAGAGCTGAA,7
mult-CGAACTTAGATAGACA,7
mult-CGAACTTAACCACTGT,0
mult-CGAACTTAGCCACATA,7
mult-CGAACTTAGCGAGTAA,7
mult-CGAACTTAGCTAACGA,7
mult-CGAACTTAGCTCGGTA,7
mult-CGAACTTAGGAGAACA,7
mult-CGAACTTAGGTGCGAA,7
mult-CGAACTTAGTACGCAA,7
mult-CGAACTTAGTCGTAGA,7
mult-CGAACTTAGTCTGTCA,7
mult-CGAACTTAGTGTTCTA,7
mult-CGAACTTAACATTGGC,0
mult-CGAACTTATAGGATGA,7
mult-CGAACTTATATCAGCA,7
mult-CGAACTTATCCGTCTA,7
mult-CGAACTTATCTTCACA,7
mult-CGAACTTATGAAGAGA,7
mult-CGAACTTATGGAACAA,7
mult-CGAACTTATGGCTTCA,7
mult-CGAACTTATGGTGGTA,11
mult-CGAACTTATTCACGCA,11
mult-CGAACTTAAACTCACC,11
mult-CGAACTTACAGATCTG,0
mult-CGAACTTAAAGAGATC,11
mult-CGAACTTAAAGGACAC,11
mult-CGAACTTAAATCCGTC,11
mult-CGAACTTAAATGTTGC,11
mult-CGAACTTAACACGACC,11
mult-CGAACTTAACAGATTC,3
mult-CGAACTTAAGATGTAC,3
mult-CGAACTTAAGCACCTC,3
mult-CGAACTTAAGCCATGC,3
mult-CGAACTTAAGGCTAAC,3
mult-CGAACTTACATCAAGT,0
mult-CGAACTTAATAGCGAC,3
mult-CGAACTTAATCATTCC,3
mult-CGAACTTAATTGGCTC,3
mult-CGAACTTACAAGGAGC,3
mult-CGAACTTACACCTTAC,3
mult-CGAACTTACCATCCTC,3
mult-CGAACTTACCGACAAC,3
mult-CGAACTTACCTAATCC,3
mult-CGAACTTACCTCTATC,3
mult-CGAACTTACGACACAC,3
mult-CGAACTTACGCTGATC,0
mult-CGAACTTACGGATTGC,3
mult-CGAACTTACTAAGGTC,10
mult-CGAACTTAGAACAGGC,10
mult-CGAACTTAGACAGTGC,2
mult-CGAACTTAGAGTTAGC,10
mult-CGAACTTAGATGAATC,3
mult-CGAACTTAGCCAAGAC,10
mult-CGAACTTACGGAAGAA,3
mult-CGAACTTAGTGACAAG,3
mult-CGAACTTAGAACCAGA,3
mult-CCTCCTGAAACGTGAT,8
mult-CCTCCTGAACAAGCTA,0
mult-CCTCCTGATTGCTGGA,3
mult-CCTCCTGACTGTAGCC,0
mult-CCTCCTGAAGTACAAG,0
mult-CCTCCTGAAACAACCA,0
mult-CCTCCTGAAACCGAGA,4
mult-CCTCCTGAAACGCTTA,0
mult-CCTCCTGAAAGACGGA,0
mult-CCTCCTGAAAGGTACA,0
mult-CCTCCTGAACACAGAA,0
mult-CCTCCTGAACAGCAGA,0
mult-CCTCCTGAAAACATCG,0
mult-CCTCCTGAACCTCCAA,0
mult-CCTCCTGAACGCTCGA,0
mult-CCTCCTGAACGTATCA,0
mult-CCTCCTGAACTATGCA,0
mult-CCTCCTGAAGAGTCAA,0
mult-CCTCCTGAAGATCGCA,0
mult-CCTCCTGAAGCAGGAA,0
mult-CCTCCTGAAGTCACTA,0
mult-CCTCCTGAATCCTGTA,0
mult-CCTCCTGAATTGAGGA,9
mult-CCTCCTGAATGCCTAA,0
mult-CCTCCTGACAACCACA,4
mult-CCTCCTGAGACTAGTA,7
mult-CCTCCTGACAATGGAA,7
mult-CCTCCTGACACTTCGA,7
mult-CCTCCTGACAGCGTTA,7
mult-CCTCCTGACATACCAA,7
mult-CCTCCTGACCAGTTCA,7
mult-CCTCCTGACCGAAGTA,1
mult-CCTCCTGACCGTGAGA,7
mult-CCTCCTGACCTCCTGA,1
mult-CCTCCTGAAGTGGTCA,0
mult-CCTCCTGACGAACTTA,7
mult-CCTCCTGACGACTGGA,7
mult-CCTCCTGACGCATACA,7
mult-CCTCCTGACTCAATGA,7
mult-CCTCCTGACTGAGCCA,7
mult-CCTCCTGACTGGCATA,7
mult-CCTCCTGAGAATCTGA,7
mult-CCTCCTGACAAGACTA,7
mult-CCTCCTGAGAGCTGAA,7
mult-CCTCCTGAGATAGACA,7
mult-CCTCCTGAACCACTGT,0
mult-CCTCCTGAGCCACATA,7
mult-CCTCCTGAGCGAGTAA,7
mult-CCTCCTGAGCTAACGA,7
mult-CCTCCTGAGCTCGGTA,7
mult-CCTCCTGAGGAGAACA,7
mult-CCTCCTGAGGTGCGAA,7
mult-CCTCCTGAGTACGCAA,7
mult-CCTCCTGAGTCGTAGA,7
mult-CCTCCTGAGTCTGTCA,7
mult-CCTCCTGAGTGTTCTA,7
mult-CCTCCTGAACATTGGC,0
mult-CCTCCTGATAGGATGA,7
mult-CCTCCTGATATCAGCA,7
mult-CCTCCTGATCCGTCTA,7
mult-CCTCCTGATCTTCACA,1
mult-CCTCCTGATGAAGAGA,7
mult-CCTCCTGATGGAACAA,7
mult-CCTCCTGATGGCTTCA,7
mult-CCTCCTGATGGTGGTA,11
mult-CCTCCTGATTCACGCA,11
mult-CCTCCTGAAACTCACC,11
mult-CCTCCTGACAGATCTG,0
mult-CCTCCTGAAAGAGATC,11
mult-CCTCCTGAAAGGACAC,11
mult-CCTCCTGAAATCCGTC,11
mult-CCTCCTGAAATGTTGC,11
mult-CCTCCTGAACACGACC,11
mult-CCTCCTGAACAGATTC,3
mult-CCTCCTGAAGATGTAC,3
mult-CCTCCTGAAGCACCTC,3
mult-CCTCCTGAAGCCATGC,3
mult-CCTCCTGAAGGCTAAC,3
mult-CCTCCTGACATCAAGT,0
mult-CCTCCTGAATAGCGAC,3
mult-CCTCCTGAATCATTCC,3
mult-CCTCCTGAATTGGCTC,3
mult-CCTCCTGACAAGGAGC,4
mult-CCTCCTGACACCTTAC,3
mult-CCTCCTGACCATCCTC,3
mult-CCTCCTGACCGACAAC,3
mult-CCTCCTGACCTAATCC,3
mult-CCTCCTGACCTCTATC,3
mult-CCTCCTGACGACACAC,3
mult-CCTCCTGACGCTGATC,0
mult-CCTCCTGACGGATTGC,3
mult-CCTCCTGACTAAGGTC,10
mult-CCTCCTGAGAACAGGC,10
mult-CCTCCTGAGACAGTGC,2
mult-CCTCCTGAGAGTTAGC,10
mult-CCTCCTGAGATGAATC,10
mult-CCTCCTGAGCCAAGAC,10
mult-CCTCCTGACGGAAGAA,3
mult-CCTCCTGAGTGACAAG,3
mult-CCTCCTGAGAACCAGA,4
mult-CCGTGAGAAACGTGAT,0
mult-CCGTGAGAACAAGCTA,0
mult-CCGTGAGATTGCTGGA,3
mult-CCGTGAGACTGTAGCC,0
mult-CCGTGAGAAGTACAAG,0
mult-CCGTGAGAAACAACCA,0
mult-CCGTGAGAAACCGAGA,0
mult-CCGTGAGAAACGCTTA,0
mult-CCGTGAGAAAGACGGA,0
mult-CCGTGAGAAAGGTACA,0
mult-CCGTGAGAACACAGAA,0
mult-CCGTGAGAACAGCAGA,0
mult-CCGTGAGAAAACATCG,0
mult-CCGTGAGAACCTCCAA,0
mult-CCGTGAGAACGCTCGA,0
mult-CCGTGAGAACGTATCA,0
mult-CCGTGAGAACTATGCA,0
mult-CCGTGAGAAGAGTCAA,0
mult-CCGTGAGAAGATCGCA,0
mult-CCGTGAGAAGCAGGAA,0
mult-CCGTGAGAAGTCACTA,0
mult-CCGTGAGAATCCTGTA,0
mult-CCGTGAGAATTGAGGA,4
mult-CCGTGAGAATGCCTAA,0
mult-CCGTGAGACAACCACA,9
mult-CCGTGAGAGACTAGTA,4
mult-CCGTGAGACAATGGAA,7
mult-CCGTGAGACACTTCGA,7
mult-CCGTGAGACAGCGTTA,7
mult-CCGTGAGACATACCAA,7
mult-CCGTGAGACCAGTTCA,7
mult-CCGTGAGACCGAAGTA,7
mult-CCGTGAGACCGTGAGA,1
mult-CCGTGAGACCTCCTGA,7
mult-CCGTGAGAAGTGGTCA,0
mult-CCGTGAGACGAACTTA,1
mult-CCGTGAGACGACTGGA,7
mult-CCGTGAGACGCATACA,7
mult-CCGTGAGACTCAATGA,7
mult-CCGTGAGACTGAGCCA,7
mult-CCGTGAGACTGGCATA,7
mult-CCGTGAGAGAATCTGA,7
mult-CCGTGAGACAAGACTA,7
mult-CCGTGAGAGAGCTGAA,7
mult-CCGTGAGAGATAGACA,7
mult-CCGTGAGAACCACTGT,0
mult-CCGTGAGAGCCACATA,7
mult-CCGTGAGAGCGAGTAA,7
mult-CCGTGAGAGCTAACGA,7
mult-CCGTGAGAGCTCGGTA,7
mult-CCGTGAGAGGAGAACA,7
mult-CCGTGAGAGGTGCGAA,7
mult-CCGTGAGAGTACGCAA,7
mult-CCGTGAGAGTCGTAGA,7
mult-CCGTGAGAGTCTGTCA,7
mult-CCGTGAGAGTGTTCTA,7
mult-CCGTGAGAACATTGGC,0
mult-CCGTGAGATAGGATGA,7
mult-CCGTGAGATATCAGCA,7
mult-CCGTGAGATCCGTCTA,7
mult-CCGTGAGATCTTCACA,7
mult-CCGTGAGATGAAGAGA,7
mult-CCGTGAGATGGAACAA,7
mult-CCGTGAGATGGCTTCA,7
mult-CCGTGAGATGGTGGTA,7
mult-CCGTGAGATTCACGCA,11
mult-CCGTGAGAAACTCACC,11
mult-CCGTGAGACAGATCTG,0
mult-CCGTGAGAAAGAGATC,11
mult-CCGTGAGAAAGGACAC,11
mult-CCGTGAGAAATCCGTC,11
mult-CCGTGAGAAATGTTGC,11
mult-CCGTGAGAACACGACC,11
mult-CCGTGAGAACAGATTC,3
mult-CCGTGAGAAGATGTAC,3
mult-CCGTGAGAAGCACCTC,3
mult-CCGTGAGAAGCCATGC,3
mult-CCGTGAGAAGGCTAAC,3
mult-CCGTGAGACATCAAGT,0
mult-CCGTGAGAATAGCGAC,3
mult-CCGTGAGAATCATTCC,3
mult-CCGTGAGAATTGGCTC,3
mult-CCGTGAGACAAGGAGC,3
mult-CCGTGAGACACCTTAC,3
mult-CCGTGAGACCATCCTC,3
mult-CCGTGAGACCGACAAC,3
mult-CCGTGAGACCTAATCC,3
mult-CCGTGAGACCTCTATC,3
mult-CCGTGAGACGACACAC,3
mult-CCGTGAGACGCTGATC,0
mult-CCGTGAGACGGATTGC,3
mult-CCGTGAGACTAAGGTC,10
mult-CCGTGAGAGAACAGGC,10
mult-CCGTGAGAGACAGTGC,2
mult-CCGTGAGAGAGTTAGC,10
mult-CCGTGAGAGATGAATC,10
mult-CCGTGAGAGCCAAGAC,10
mult-CCGTGAGACGGAAGAA,3
mult-CCGTGAGAGTGACAAG,3
mult-CCGTGAGAGAACCAGA,3
mult-CCGAAGTAAACGTGAT,0
mult-CCGAAGTAACAAGCTA,0
mult-CCGAAGTATTGCTGGA,3
mult-CCGAAGTACTGTAGCC,0
mult-CCGAAGTAAGTACAAG,0
mult-CCGAAGTAAACAACCA,0
mult-CCGAAGTAAACCGAGA,0
mult-CCGAAGTAAACGCTTA,0
mult-CCGAAGTAAAGACGGA,0
mult-CCGAAGTAAAGGTACA,0
mult-CCGAAGTAACACAGAA,0
mult-CCGAAGTAACAGCAGA,0
mult-CCGAAGTAAAACATCG,0
mult-CCGAAGTAACCTCCAA,0
mult-CCGAAGTAACGCTCGA,0
mult-CCGAAGTAACGTATCA,0
mult-CCGAAGTAACTATGCA,0
mult-CCGAAGTAAGAGTCAA,0
mult-CCGAAGTAAGATCGCA,0
mult-CCGAAGTAAGCAGGAA,0
mult-CCGAAGTAAGTCACTA,0
mult-CCGAAGTAATCCTGTA,12
mult-CCGAAGTAATTGAGGA,12
mult-CCGAAGTAATGCCTAA,0
mult-CCGAAGTACAACCACA,8
mult-CCGAAGTAGACTAGTA,4
mult-CCGAAGTACAATGGAA,7
mult-CCGAAGTACACTTCGA,7
mult-CCGAAGTACAGCGTTA,7
mult-CCGAAGTACATACCAA,7
mult-CCGAAGTACCAGTTCA,7
mult-CCGAAGTACCGAAGTA,7
mult-CCGAAGTACCGTGAGA,1
mult-CCGAAGTACCTCCTGA,7
mult-CCGAAGTAAGTGGTCA,0
mult-CCGAAGTACGAACTTA,7
mult-CCGAAGTACGACTGGA,7
mult-CCGAAGTACGCATACA,7
mult-CCGAAGTACTCAATGA,7
mult-CCGAAGTACTGAGCCA,7
mult-CCGAAGTACTGGCATA,7
mult-CCGAAGTAGAATCTGA,7
mult-CCGAAGTACAAGACTA,7
mult-CCGAAGTAGAGCTGAA,7
mult-CCGAAGTAGATAGACA,7
mult-CCGAAGTAACCACTGT,0
mult-CCGAAGTAGCCACATA,7
mult-CCGAAGTAGCGAGTAA,7
mult-CCGAAGTAGCTAACGA,7
mult-CCGAAGTAGCTCGGTA,7
mult-CCGAAGTAGGAGAACA,7
mult-CCGAAGTAGGTGCGAA,7
mult-CCGAAGTAGTACGCAA,7
mult-CCGAAGTAGTCGTAGA,7
mult-CCGAAGTAGTCTGTCA,7
mult-CCGAAGTAGTGTTCTA,7
mult-CCGAAGTAACATTGGC,0
mult-CCGAAGTATAGGATGA,7
mult-CCGAAGTATATCAGCA,7
mult-CCGAAGTATCCGTCTA,7
mult-CCGAAGTATCTTCACA,7
mult-CCGAAGTATGAAGAGA,7
mult-CCGAAGTATGGAACAA,7
mult-CCGAAGTATGGCTTCA,7
mult-CCGAAGTATGGTGGTA,7
mult-CCGAAGTATTCACGCA,11
mult-CCGAAGTAAACTCACC,11
mult-CCGAAGTACAGATCTG,0
mult-CCGAAGTAAAGAGATC,11
mult-CCGAAGTAAAGGACAC,11
mult-CCGAAGTAAATCCGTC,11
mult-CCGAAGTAAATGTTGC,11
mult-CCGAAGTAACACGACC,11
mult-CCGAAGTAACAGATTC,3
mult-CCGAAGTAAGATGTAC,3
mult-CCGAAGTAAGCACCTC,3
mult-CCGAAGTAAGCCATGC,3
mult-CCGAAGTAAGGCTAAC,3
mult-CCGAAGTACATCAAGT,0
mult-CCGAAGTAATAGCGAC,3
mult-CCGAAGTAATCATTCC,3
mult-CCGAAGTAATTGGCTC,3
mult-CCGAAGTACAAGGAGC,3
mult-CCGAAGTACACCTTAC,3
mult-CCGAAGTACCATCCTC,3
mult-CCGAAGTACCGACAAC,3
mult-CCGAAGTACCTAATCC,3
mult-CCGAAGTACCTCTATC,3
mult-CCGAAGTACGACACAC,3
mult-CCGAAGTACGCTGATC,0
mult-CCGAAGTACGGATTGC,3
mult-CCGAAGTACTAAGGTC,10
mult-CCGAAGTAGAACAGGC,10
mult-CCGAAGTAGACAGTGC,2
mult-CCGAAGTAGAGTTAGC,10
mult-CCGAAGTAGATGAATC,10
mult-CCGAAGTAGCCAAGAC,4
mult-CCGAAGTACGGAAGAA,3
mult-CCGAAGTAGTGACAAG,3
mult-CCGAAGTAGAACCAGA,3
mult-CCAGTTCAAACGTGAT,0
mult-CCAGTTCAACAAGCTA,0
mult-CCAGTTCATTGCTGGA,3
mult-CCAGTTCACTGTAGCC,0
mult-CCAGTTCAAGTACAAG,0
mult-CCAGTTCAAACAACCA,0
mult-CCAGTTCAAACCGAGA,0
mult-CCAGTTCAAACGCTTA,0
mult-CCAGTTCAAAGACGGA,0
mult-CCAGTTCAAAGGTACA,0
mult-CCAGTTCAACACAGAA,4
mult-CCAGTTCAACAGCAGA,0
mult-CCAGTTCAAAACATCG,0
mult-CCAGTTCAACCTCCAA,4
mult-CCAGTTCAACGCTCGA,0
mult-CCAGTTCAACGTATCA,0
mult-CCAGTTCAACTATGCA,0
mult-CCAGTTCAAGAGTCAA,8
mult-CCAGTTCAAGATCGCA,0
mult-CCAGTTCAAGCAGGAA,0
mult-CCAGTTCAAGTCACTA,0
mult-CCAGTTCAATCCTGTA,0
mult-CCAGTTCAATTGAGGA,4
mult-CCAGTTCAATGCCTAA,4
mult-CCAGTTCACAACCACA,4
mult-CCAGTTCAGACTAGTA,8
mult-CCAGTTCACAATGGAA,9
mult-CCAGTTCACACTTCGA,7
mult-CCAGTTCACAGCGTTA,7
mult-CCAGTTCACATACCAA,7
mult-CCAGTTCACCAGTTCA,7
mult-CCAGTTCACCGAAGTA,7
mult-CCAGTTCACCGTGAGA,7
mult-CCAGTTCACCTCCTGA,7
mult-CCAGTTCAAGTGGTCA,0
mult-CCAGTTCACGAACTTA,7
mult-CCAGTTCACGACTGGA,7
mult-CCAGTTCACGCATACA,7
mult-CCAGTTCACTCAATGA,7
mult-CCAGTTCACTGAGCCA,7
mult-CCAGTTCACTGGCATA,7
mult-CCAGTTCAGAATCTGA,7
mult-CCAGTTCACAAGACTA,7
mult-CCAGTTCAGAGCTGAA,7
mult-CCAGTTCAGATAGACA,7
mult-CCAGTTCAACCACTGT,0
mult-CCAGTTCAGCCACATA,7
mult-CCAGTTCAGCGAGTAA,7
mult-CCAGTTCAGCTAACGA,7
mult-CCAGTTCAGCTCGGTA,7
mult-CCAGTTCAGGAGAACA,7
mult-CCAGTTCAGGTGCGAA,1
mult-CCAGTTCAGTACGCAA,7
mult-CCAGTTCAGTCGTAGA,1
mult-CCAGTTCAGTCTGTCA,7
mult-CCAGTTCAGTGTTCTA,7
mult-CCAGTTCAACATTGGC,0
mult-CCAGTTCATAGGATGA,7
mult-CCAGTTCATATCAGCA,7
mult-CCAGTTCATCCGTCTA,7
mult-CCAGTTCATCTTCACA,7
mult-CCAGTTCATGAAGAGA,7
mult-CCAGTTCATGGAACAA,7
mult-CCAGTTCATGGCTTCA,7
mult-CCAGTTCATGGTGGTA,7
mult-CCAGTTCATTCACGCA,7
mult-CCAGTTCAAACTCACC,11
mult-CCAGTTCACAGATCTG,0
mult-CCAGTTCAAAGAGATC,11
mult-CCAGTTCAAAGGACAC,11
mult-CCAGTTCAAATCCGTC,11
mult-CCAGTTCAAATGTTGC,11
mult-CCAGTTCAACACGACC,7
mult-CCAGTTCAACAGATTC,4
mult-CCAGTTCAAGATGTAC,3
mult-CCAGTTCAAGCACCTC,3
mult-CCAGTTCAAGCCATGC,3
mult-CCAGTTCAAGGCTAAC,3
mult-CCAGTTCACATCAAGT,0
mult-CCAGTTCAATAGCGAC,3
mult-CCAGTTCAATCATTCC,3
mult-CCAGTTCAATTGGCTC,3
mult-CCAGTTCACAAGGAGC,3
mult-CCAGTTCACACCTTAC,3
mult-CCAGTTCACCATCCTC,3
mult-CCAGTTCACCGACAAC,3
mult-CCAGTTCACCTAATCC,3
mult-CCAGTTCACCTCTATC,3
mult-CCAGTTCACGACACAC,3
mult-CCAGTTCACGCTGATC,0
mult-CCAGTTCACGGATTGC,3
mult-CCAGTTCACTAAGGTC,10
mult-CCAGTTCAGAACAGGC,10
mult-CCAGTTCAGACAGTGC,10
mult-CCAGTTCAGAGTTAGC,10
mult-CCAGTTCAGATGAATC,10
mult-CCAGTTCAGCCAAGAC,3
mult-CCAGTTCACGGAAGAA,3
mult-CCAGTTCAGTGACAAG,3
mult-CCAGTTCAGAACCAGA,3
mult-CATACCAAAACGTGAT,0
mult-CATACCAAACAAGCTA,0
mult-CATACCAATTGCTGGA,3
mult-CATACCAACTGTAGCC,0
mult-CATACCAAAGTACAAG,0
mult-CATACCAAAACAACCA,0
mult-CATACCAAAACCGAGA,0
mult-CATACCAAAACGCTTA,0
mult-CATACCAAAAGACGGA,0
mult-CATACCAAAAGGTACA,0
mult-CATACCAAACACAGAA,0
mult-CATACCAAACAGCAGA,0
mult-CATACCAAAAACATCG,8
mult-CATACCAAACCTCCAA,0
mult-CATACCAAACGCTCGA,0
mult-CATACCAAACGTATCA,0
mult-CATACCAAACTATGCA,0
mult-CATACCAAAGAGTCAA,0
mult-CATACCAAAGATCGCA,0
mult-CATACCAAAGCAGGAA,0
mult-CATACCAAAGTCACTA,0
mult-CATACCAAATCCTGTA,4
mult-CATACCAAATTGAGGA,4
mult-CATACCAAATGCCTAA,0
mult-CATACCAACAACCACA,12
mult-CATACCAAGACTAGTA,4
mult-CATACCAACAATGGAA,4
mult-CATACCAACACTTCGA,4
mult-CATACCAACAGCGTTA,7
mult-CATACCAACATACCAA,7
mult-CATACCAACCAGTTCA,7
mult-CATACCAACCGAAGTA,7
mult-CATACCAACCGTGAGA,7
mult-CATACCAACCTCCTGA,7
mult-CATACCAAAGTGGTCA,0
mult-CATACCAACGAACTTA,1
mult-CATACCAACGACTGGA,7
mult-CATACCAACGCATACA,7
mult-CATACCAACTCAATGA,7
mult-CATACCAACTGAGCCA,7
mult-CATACCAACTGGCATA,7
mult-CATACCAAGAATCTGA,7
mult-CATACCAACAAGACTA,7
mult-CATACCAAGAGCTGAA,1
mult-CATACCAAGATAGACA,7
mult-CATACCAAACCACTGT,0
mult-CATACCAAGCCACATA,7
mult-CATACCAAGCGAGTAA,7
mult-CATACCAAGCTAACGA,7
mult-CATACCAAGCTCGGTA,7
mult-CATACCAAGGAGAACA,7
mult-CATACCAAGGTGCGAA,7
mult-CATACCAAGTACGCAA,1
mult-CATACCAAGTCGTAGA,7
mult-CATACCAAGTCTGTCA,7
mult-CATACCAAGTGTTCTA,1
mult-CATACCAAACATTGGC,0
mult-CATACCAATAGGATGA,7
mult-CATACCAATATCAGCA,7
mult-CATACCAATCCGTCTA,7
mult-CATACCAATCTTCACA,7
mult-CATACCAATGAAGAGA,7
mult-CATACCAATGGAACAA,7
mult-CATACCAATGGCTTCA,7
mult-CATACCAATGGTGGTA,7
mult-CATACCAATTCACGCA,7
mult-CATACCAAAACTCACC,7
mult-CATACCAACAGATCTG,0
mult-CATACCAAAAGAGATC,7
mult-CATACCAAAAGGACAC,7
mult-CATACCAAAATCCGTC,7
mult-CATACCAAAATGTTGC,11
mult-CATACCAAACACGACC,7
mult-CATACCAAACAGATTC,7
mult-CATACCAAAGATGTAC,3
mult-CATACCAAAGCACCTC,3
mult-CATACCAAAGCCATGC,3
mult-CATACCAAAGGCTAAC,3
mult-CATACCAACATCAAGT,0
mult-CATACCAAATAGCGAC,4
mult-CATACCAAATCATTCC,3
mult-CATACCAAATTGGCTC,3
mult-CATACCAACAAGGAGC,3
mult-CATACCAACACCTTAC,3
mult-CATACCAACCATCCTC,3
mult-CATACCAACCGACAAC,3
mult-CATACCAACCTAATCC,3
mult-CATACCAACCTCTATC,3
mult-CATACCAACGACACAC,3
mult-CATACCAACGCTGATC,0
mult-CATACCAACGGATTGC,4
mult-CATACCAACTAAGGTC,10
mult-CATACCAAGAACAGGC,10
mult-CATACCAAGACAGTGC,2
mult-CATACCAAGAGTTAGC,10
mult-CATACCAAGATGAATC,10
mult-CATACCAAGCCAAGAC,3
mult-CATACCAACGGAAGAA,3
mult-CATACCAAGTGACAAG,3
mult-CATACCAAGAACCAGA,3
mult-CAGCGTTAAACGTGAT,4
mult-CAGCGTTAACAAGCTA,0
mult-CAGCGTTATTGCTGGA,3
mult-CAGCGTTACTGTAGCC,0
mult-CAGCGTTAAGTACAAG,0
mult-CAGCGTTAAACAACCA,0
mult-CAGCGTTAAACCGAGA,0
mult-CAGCGTTAAACGCTTA,0
mult-CAGCGTTAAAGACGGA,0
mult-CAGCGTTAAAGGTACA,0
mult-CAGCGTTAACACAGAA,0
mult-CAGCGTTAACAGCAGA,0
mult-CAGCGTTAAAACATCG,0
mult-CAGCGTTAACCTCCAA,8
mult-CAGCGTTAACGCTCGA,0
mult-CAGCGTTAACGTATCA,0
mult-CAGCGTTAACTATGCA,0
mult-CAGCGTTAAGAGTCAA,0
mult-CAGCGTTAAGATCGCA,0
mult-CAGCGTTAAGCAGGAA,0
mult-CAGCGTTAAGTCACTA,0
mult-CAGCGTTAATCCTGTA,0
mult-CAGCGTTAATTGAGGA,0
mult-CAGCGTTAATGCCTAA,8
mult-CAGCGTTACAACCACA,0
mult-CAGCGTTAGACTAGTA,0
mult-CAGCGTTACAATGGAA,4
mult-CAGCGTTACACTTCGA,9
mult-CAGCGTTACAGCGTTA,7
mult-CAGCGTTACATACCAA,7
mult-CAGCGTTACCAGTTCA,7
mult-CAGCGTTACCGAAGTA,7
mult-CAGCGTTACCGTGAGA,7
mult-CAGCGTTACCTCCTGA,7
mult-CAGCGTTAAGTGGTCA,0
mult-CAGCGTTACGAACTTA,7
mult-CAGCGTTACGACTGGA,7
mult-CAGCGTTACGCATACA,7
mult-CAGCGTTACTCAATGA,1
mult-CAGCGTTACTGAGCCA,1
mult-CAGCGTTACTGGCATA,7
mult-CAGCGTTAGAATCTGA,7
mult-CAGCGTTACAAGACTA,7
mult-CAGCGTTAGAGCTGAA,1
mult-CAGCGTTAGATAGACA,7
mult-CAGCGTTAACCACTGT,0
mult-CAGCGTTAGCCACATA,1
mult-CAGCGTTAGCGAGTAA,7
mult-CAGCGTTAGCTAACGA,7
mult-CAGCGTTAGCTCGGTA,1
mult-CAGCGTTAGGAGAACA,1
mult-CAGCGTTAGGTGCGAA,7
mult-CAGCGTTAGTACGCAA,7
mult-CAGCGTTAGTCGTAGA,1
mult-CAGCGTTAGTCTGTCA,7
mult-CAGCGTTAGTGTTCTA,7
mult-CAGCGTTAACATTGGC,0
mult-CAGCGTTATAGGATGA,7
mult-CAGCGTTATATCAGCA,7
mult-CAGCGTTATCCGTCTA,7
mult-CAGCGTTATCTTCACA,7
mult-CAGCGTTATGAAGAGA,7
mult-CAGCGTTATGGAACAA,7
mult-CAGCGTTATGGCTTCA,7
mult-CAGCGTTATGGTGGTA,7
mult-CAGCGTTATTCACGCA,7
mult-CAGCGTTAAACTCACC,7
mult-CAGCGTTACAGATCTG,0
mult-CAGCGTTAAAGAGATC,7
mult-CAGCGTTAAAGGACAC,7
mult-CAGCGTTAAATCCGTC,7
mult-CAGCGTTAAATGTTGC,7
mult-CAGCGTTAACACGACC,7
mult-CAGCGTTAACAGATTC,7
mult-CAGCGTTAAGATGTAC,3
mult-CAGCGTTAAGCACCTC,3
mult-CAGCGTTAAGCCATGC,3
mult-CAGCGTTAAGGCTAAC,3
mult-CAGCGTTACATCAAGT,0
mult-CAGCGTTAATAGCGAC,3
mult-CAGCGTTAATCATTCC,3
mult-CAGCGTTAATTGGCTC,3
mult-CAGCGTTACAAGGAGC,3
mult-CAGCGTTACACCTTAC,3
mult-CAGCGTTACCATCCTC,3
mult-CAGCGTTACCGACAAC,3
mult-CAGCGTTACCTAATCC,3
mult-CAGCGTTACCTCTATC,3
mult-CAGCGTTACGACACAC,10
mult-CAGCGTTACGCTGATC,0
mult-CAGCGTTACGGATTGC,3
mult-CAGCGTTACTAAGGTC,10
mult-CAGCGTTAGAACAGGC,10
mult-CAGCGTTAGACAGTGC,10
mult-CAGCGTTAGAGTTAGC,10
mult-CAGCGTTAGATGAATC,10
mult-CAGCGTTAGCCAAGAC,3
mult-CAGCGTTACGGAAGAA,3
mult-CAGCGTTAGTGACAAG,3
mult-CAGCGTTAGAACCAGA,3
mult-CACTTCGAAACGTGAT,0
mult-CACTTCGAACAAGCTA,0
mult-CACTTCGATTGCTGGA,3
mult-CACTTCGACTGTAGCC,0
mult-CACTTCGAAGTACAAG,0
mult-CACTTCGAAACAACCA,0
mult-CACTTCGAAACCGAGA,0
mult-CACTTCGAAACGCTTA,0
mult-CACTTCGAAAGACGGA,0
mult-CACTTCGAAAGGTACA,0
mult-CACTTCGAACACAGAA,0
mult-CACTTCGAACAGCAGA,0
mult-CACTTCGAAAACATCG,8
mult-CACTTCGAACCTCCAA,0
mult-CACTTCGAACGCTCGA,0
mult-CACTTCGAACGTATCA,0
mult-CACTTCGAACTATGCA,0
mult-CACTTCGAAGAGTCAA,0
mult-CACTTCGAAGATCGCA,0
mult-CACTTCGAAGCAGGAA,0
mult-CACTTCGAAGTCACTA,0
mult-CACTTCGAATCCTGTA,0
mult-CACTTCGAATTGAGGA,0
mult-CACTTCGAATGCCTAA,0
mult-CACTTCGACAACCACA,4
mult-CACTTCGAGACTAGTA,0
mult-CACTTCGACAATGGAA,0
mult-CACTTCGACACTTCGA,4
mult-CACTTCGACAGCGTTA,1
mult-CACTTCGACATACCAA,7
mult-CACTTCGACCAGTTCA,7
mult-CACTTCGACCGAAGTA,7
mult-CACTTCGACCGTGAGA,7
mult-CACTTCGACCTCCTGA,7
mult-CACTTCGAAGTGGTCA,0
mult-CACTTCGACGAACTTA,7
mult-CACTTCGACGACTGGA,7
mult-CACTTCGACGCATACA,7
mult-CACTTCGACTCAATGA,7
mult-CACTTCGACTGAGCCA,7
mult-CACTTCGACTGGCATA,7
mult-CACTTCGAGAATCTGA,7
mult-CACTTCGACAAGACTA,7
mult-CACTTCGAGAGCTGAA,7
mult-CACTTCGAGATAGACA,1
mult-CACTTCGAACCACTGT,0
mult-CACTTCGAGCCACATA,7
mult-CACTTCGAGCGAGTAA,7
mult-CACTTCGAGCTAACGA,7
mult-CACTTCGAGCTCGGTA,7
mult-CACTTCGAGGAGAACA,7
mult-CACTTCGAGGTGCGAA,7
mult-CACTTCGAGTACGCAA,7
mult-CACTTCGAGTCGTAGA,7
mult-CACTTCGAGTCTGTCA,7
mult-CACTTCGAGTGTTCTA,7
mult-CACTTCGAACATTGGC,0
mult-CACTTCGATAGGATGA,7
mult-CACTTCGATATCAGCA,7
mult-CACTTCGATCCGTCTA,7
mult-CACTTCGATCTTCACA,7
mult-CACTTCGATGAAGAGA,7
mult-CACTTCGATGGAACAA,7
mult-CACTTCGATGGCTTCA,7
mult-CACTTCGATGGTGGTA,7
mult-CACTTCGATTCACGCA,7
mult-CACTTCGAAACTCACC,7
mult-CACTTCGACAGATCTG,0
mult-CACTTCGAAAGAGATC,7
mult-CACTTCGAAAGGACAC,7
mult-CACTTCGAAATCCGTC,7
mult-CACTTCGAAATGTTGC,7
mult-CACTTCGAACACGACC,11
mult-CACTTCGAACAGATTC,7
mult-CACTTCGAAGATGTAC,7
mult-CACTTCGAAGCACCTC,3
mult-CACTTCGAAGCCATGC,3
mult-CACTTCGAAGGCTAAC,3
mult-CACTTCGACATCAAGT,0
mult-CACTTCGAATAGCGAC,3
mult-CACTTCGAATCATTCC,4
mult-CACTTCGAATTGGCTC,4
mult-CACTTCGACAAGGAGC,3
mult-CACTTCGACACCTTAC,3
mult-CACTTCGACCATCCTC,3
mult-CACTTCGACCGACAAC,3
mult-CACTTCGACCTAATCC,3
mult-CACTTCGACCTCTATC,3
mult-CACTTCGACGACACAC,3
mult-CACTTCGACGCTGATC,0
mult-CACTTCGACGGATTGC,10
mult-CACTTCGACTAAGGTC,10
mult-CACTTCGAGAACAGGC,10
mult-CACTTCGAGACAGTGC,10
mult-CACTTCGAGAGTTAGC,10
mult-CACTTCGAGATGAATC,3
mult-CACTTCGAGCCAAGAC,3
mult-CACTTCGACGGAAGAA,3
mult-CACTTCGAGTGACAAG,3
mult-CACTTCGAGAACCAGA,4
mult-CAATGGAAAACGTGAT,8
mult-CAATGGAAACAAGCTA,0
mult-CAATGGAATTGCTGGA,3
mult-CAATGGAACTGTAGCC,0
mult-CAATGGAAAGTACAAG,0
mult-CAATGGAAAACAACCA,0
mult-CAATGGAAAACCGAGA,0
mult-CAATGGAAAACGCTTA,0
mult-CAATGGAAAAGACGGA,0
mult-CAATGGAAAAGGTACA,0
mult-CAATGGAAACACAGAA,0
mult-CAATGGAAACAGCAGA,0
mult-CAATGGAAAAACATCG,0
mult-CAATGGAAACCTCCAA,0
mult-CAATGGAAACGCTCGA,0
mult-CAATGGAAACGTATCA,0
mult-CAATGGAAACTATGCA,0
mult-CAATGGAAAGAGTCAA,0
mult-CAATGGAAAGATCGCA,0
mult-CAATGGAAAGCAGGAA,0
mult-CAATGGAAAGTCACTA,0
mult-CAATGGAAATCCTGTA,0
mult-CAATGGAAATTGAGGA,0
mult-CAATGGAAATGCCTAA,8
mult-CAATGGAACAACCACA,0
mult-CAATGGAAGACTAGTA,0
mult-CAATGGAACAATGGAA,4
mult-CAATGGAACACTTCGA,9
mult-CAATGGAACAGCGTTA,4
mult-CAATGGAACATACCAA,1
mult-CAATGGAACCAGTTCA,7
mult-CAATGGAACCGAAGTA,1
mult-CAATGGAACCGTGAGA,7
mult-CAATGGAACCTCCTGA,7
mult-CAATGGAAAGTGGTCA,0
mult-CAATGGAACGAACTTA,7
mult-CAATGGAACGACTGGA,7
mult-CAATGGAACGCATACA,7
mult-CAATGGAACTCAATGA,7
mult-CAATGGAACTGAGCCA,7
mult-CAATGGAACTGGCATA,7
mult-CAATGGAAGAATCTGA,7
mult-CAATGGAACAAGACTA,7
mult-CAATGGAAGAGCTGAA,7
mult-CAATGGAAGATAGACA,7
mult-CAATGGAAACCACTGT,0
mult-CAATGGAAGCCACATA,7
mult-CAATGGAAGCGAGTAA,7
mult-CAATGGAAGCTAACGA,7
mult-CAATGGAAGCTCGGTA,7
mult-CAATGGAAGGAGAACA,7
mult-CAATGGAAGGTGCGAA,7
mult-CAATGGAAGTACGCAA,7
mult-CAATGGAAGTCGTAGA,7
mult-CAATGGAAGTCTGTCA,7
mult-CAATGGAAGTGTTCTA,7
mult-CAATGGAAACATTGGC,0
mult-CAATGGAATAGGATGA,7
mult-CAATGGAATATCAGCA,7
mult-CAATGGAATCCGTCTA,7
mult-CAATGGAATCTTCACA,7
mult-CAATGGAATGAAGAGA,7
mult-CAATGGAATGGAACAA,7
mult-CAATGGAATGGCTTCA,7
mult-CAATGGAATGGTGGTA,7
mult-CAATGGAATTCACGCA,7
mult-CAATGGAAAACTCACC,7
mult-CAATGGAACAGATCTG,0
mult-CAATGGAAAAGAGATC,7
mult-CAATGGAAAAGGACAC,7
mult-CAATGGAAAATCCGTC,7
mult-CAATGGAAAATGTTGC,7
mult-CAATGGAAACACGACC,7
mult-CAATGGAAACAGATTC,7
mult-CAATGGAAAGATGTAC,7
mult-CAATGGAAAGCACCTC,3
mult-CAATGGAAAGCCATGC,3
mult-CAATGGAAAGGCTAAC,3
mult-CAATGGAACATCAAGT,0
mult-CAATGGAAATAGCGAC,10
mult-CAATGGAAATCATTCC,4
mult-CAATGGAAATTGGCTC,4
mult-CAATGGAACAAGGAGC,8
mult-CAATGGAACACCTTAC,3
mult-CAATGGAACCATCCTC,3
mult-CAATGGAACCGACAAC,3
mult-CAATGGAACCTAATCC,4
mult-CAATGGAACCTCTATC,3
mult-CAATGGAACGACACAC,10
mult-CAATGGAACGCTGATC,0
mult-CAATGGAACGGATTGC,10
mult-CAATGGAACTAAGGTC,10
mult-CAATGGAAGAACAGGC,10
mult-CAATGGAAGACAGTGC,10
mult-CAATGGAAGAGTTAGC,10
mult-CAATGGAAGATGAATC,3
mult-CAATGGAAGCCAAGAC,3
mult-CAATGGAACGGAAGAA,3
mult-CAATGGAAGTGACAAG,3
mult-CAATGGAAGAACCAGA,3
mult-GATGAATCAACGTGAT,6
mult-GATGAATCACAAGCTA,6
mult-GATGAATCTTGCTGGA,12
mult-GATGAATCCTGTAGCC,6
mult-GATGAATCAGTACAAG,6
mult-GATGAATCAACAACCA,6
mult-GATGAATCAACCGAGA,6
mult-GATGAATCAACGCTTA,6
mult-GATGAATCAAGACGGA,6
mult-GATGAATCAAGGTACA,6
mult-GATGAATCACACAGAA,6
mult-GATGAATCACAGCAGA,6
mult-GATGAATCAAACATCG,8
mult-GATGAATCACCTCCAA,6
mult-GATGAATCACGCTCGA,6
mult-GATGAATCACGTATCA,6
mult-GATGAATCACTATGCA,6
mult-GATGAATCAGAGTCAA,12
mult-GATGAATCAGATCGCA,6
mult-GATGAATCAGCAGGAA,12
mult-GATGAATCAGTCACTA,12
mult-GATGAATCATCCTGTA,6
mult-GATGAATCATTGAGGA,6
mult-GATGAATCATGCCTAA,4
mult-GATGAATCCAACCACA,12
mult-GATGAATCGACTAGTA,8
mult-GATGAATCCAATGGAA,12
mult-GATGAATCCACTTCGA,12
mult-GATGAATCCAGCGTTA,12
mult-GATGAATCCATACCAA,12
mult-GATGAATCCCAGTTCA,12
mult-GATGAATCCCGAAGTA,4
mult-GATGAATCCCGTGAGA,4
mult-GATGAATCCCTCCTGA,12
mult-GATGAATCAGTGGTCA,8
mult-GATGAATCCGAACTTA,8
mult-GATGAATCCGACTGGA,8
mult-GATGAATCCGCATACA,12
mult-GATGAATCCTCAATGA,12
mult-GATGAATCCTGAGCCA,12
mult-GATGAATCCTGGCATA,12
mult-GATGAATCGAATCTGA,12
mult-GATGAATCCAAGACTA,12
mult-GATGAATCGAGCTGAA,12
mult-GATGAATCGATAGACA,12
mult-GATGAATCACCACTGT,6
mult-GATGAATCGCCACATA,12
mult-GATGAATCGCGAGTAA,12
mult-GATGAATCGCTAACGA,12
mult-GATGAATCGCTCGGTA,12
mult-GATGAATCGGAGAACA,12
mult-GATGAATCGGTGCGAA,12
mult-GATGAATCGTACGCAA,12
mult-GATGAATCGTCGTAGA,8
mult-GATGAATCGTCTGTCA,8
mult-GATGAATCGTGTTCTA,4
mult-GATGAATCACATTGGC,6
mult-GATGAATCTAGGATGA,12
mult-GATGAATCTATCAGCA,12
mult-GATGAATCTCCGTCTA,12
mult-GATGAATCTCTTCACA,12
mult-GATGAATCTGAAGAGA,12
mult-GATGAATCTGGAACAA,12
mult-GATGAATCTGGCTTCA,9
mult-GATGAATCTGGTGGTA,9
mult-GATGAATCTTCACGCA,9
mult-GATGAATCAACTCACC,12
mult-GATGAATCCAGATCTG,6
mult-GATGAATCAAGAGATC,12
mult-GATGAATCAAGGACAC,12
mult-GATGAATCAATCCGTC,12
mult-GATGAATCAATGTTGC,12
mult-GATGAATCACACGACC,12
mult-GATGAATCACAGATTC,12
mult-GATGAATCAGATGTAC,4
mult-GATGAATCAGCACCTC,12
mult-GATGAATCAGCCATGC,12
mult-GATGAATCAGGCTAAC,12
mult-GATGAATCCATCAAGT,6
mult-GATGAATCATAGCGAC,12
mult-GATGAATCATCATTCC,4
mult-GATGAATCATTGGCTC,12
mult-GATGAATCCAAGGAGC,12
mult-GATGAATCCACCTTAC,5
mult-GATGAATCCCATCCTC,4
mult-GATGAATCCCGACAAC,12
mult-GATGAATCCCTAATCC,12
mult-GATGAATCCCTCTATC,12
mult-GATGAATCCGACACAC,8
mult-GATGAATCCGCTGATC,6
mult-GATGAATCCGGATTGC,10
mult-GATGAATCCTAAGGTC,10
mult-GATGAATCGAACAGGC,10
mult-GATGAATCGACAGTGC,10
mult-GATGAATCGAGTTAGC,10
mult-GATGAATCGATGAATC,4
mult-GATGAATCGCCAAGAC,12
mult-GATGAATCCGGAAGAA,12
mult-GATGAATCGTGACAAG,12
mult-GATGAATCGAACCAGA,12
mult-GACTAGTAAACGTGAT,8
mult-GACTAGTAACAAGCTA,0
mult-GACTAGTATTGCTGGA,3
mult-GACTAGTACTGTAGCC,0
mult-GACTAGTAAGTACAAG,0
mult-GACTAGTAAACAACCA,0
mult-GACTAGTAAACCGAGA,0
mult-GACTAGTAAACGCTTA,0
mult-GACTAGTAAAGACGGA,0
mult-GACTAGTAAAGGTACA,0
mult-GACTAGTAACACAGAA,0
mult-GACTAGTAACAGCAGA,0
mult-GACTAGTAAAACATCG,8
mult-GACTAGTAACCTCCAA,0
mult-GACTAGTAACGCTCGA,0
mult-GACTAGTAACGTATCA,0
mult-GACTAGTAACTATGCA,0
mult-GACTAGTAAGAGTCAA,0
mult-GACTAGTAAGATCGCA,0
mult-GACTAGTAAGCAGGAA,0
mult-GACTAGTAAGTCACTA,0
mult-GACTAGTAATCCTGTA,0
mult-GACTAGTAATTGAGGA,4
mult-GACTAGTAATGCCTAA,0
mult-GACTAGTACAACCACA,0
mult-GACTAGTAGACTAGTA,0
mult-GACTAGTACAATGGAA,4
mult-GACTAGTACACTTCGA,4
mult-GACTAGTACAGCGTTA,9
mult-GACTAGTACATACCAA,7
mult-GACTAGTACCAGTTCA,1
mult-GACTAGTACCGAAGTA,7
mult-GACTAGTACCGTGAGA,7
mult-GACTAGTACCTCCTGA,7
mult-GACTAGTAAGTGGTCA,0
mult-GACTAGTACGAACTTA,7
mult-GACTAGTACGACTGGA,7
mult-GACTAGTACGCATACA,7
mult-GACTAGTACTCAATGA,7
mult-GACTAGTACTGAGCCA,7
mult-GACTAGTACTGGCATA,7
mult-GACTAGTAGAATCTGA,7
mult-GACTAGTACAAGACTA,7
mult-GACTAGTAGAGCTGAA,1
mult-GACTAGTAGATAGACA,1
mult-GACTAGTAACCACTGT,0
mult-GACTAGTAGCCACATA,7
mult-GACTAGTAGCGAGTAA,7
mult-GACTAGTAGCTAACGA,7
mult-GACTAGTAGCTCGGTA,7
mult-GACTAGTAGGAGAACA,7
mult-GACTAGTAGGTGCGAA,7
mult-GACTAGTAGTACGCAA,7
mult-GACTAGTAGTCGTAGA,7
mult-GACTAGTAGTCTGTCA,7
mult-GACTAGTAGTGTTCTA,7
mult-GACTAGTAACATTGGC,0
mult-GACTAGTATAGGATGA,7
mult-GACTAGTATATCAGCA,7
mult-GACTAGTATCCGTCTA,7
mult-GACTAGTATCTTCACA,7
mult-GACTAGTATGAAGAGA,7
mult-GACTAGTATGGAACAA,7
mult-GACTAGTATGGCTTCA,7
mult-GACTAGTATGGTGGTA,7
mult-GACTAGTATTCACGCA,7
mult-GACTAGTAAACTCACC,7
mult-GACTAGTACAGATCTG,0
mult-GACTAGTAAAGAGATC,7
mult-GACTAGTAAAGGACAC,7
mult-GACTAGTAAATCCGTC,7
mult-GACTAGTAAATGTTGC,7
mult-GACTAGTAACACGACC,7
mult-GACTAGTAACAGATTC,7
mult-GACTAGTAAGATGTAC,7
mult-GACTAGTAAGCACCTC,2
mult-GACTAGTAAGCCATGC,9
mult-GACTAGTAAGGCTAAC,10
mult-GACTAGTACATCAAGT,0
mult-GACTAGTAATAGCGAC,4
mult-GACTAGTAATCATTCC,10
mult-GACTAGTAATTGGCTC,8
mult-GACTAGTACAAGGAGC,4
mult-GACTAGTACACCTTAC,3
mult-GACTAGTACCATCCTC,3
mult-GACTAGTACCGACAAC,3
mult-GACTAGTACCTAATCC,3
mult-GACTAGTACCTCTATC,3
mult-GACTAGTACGACACAC,10
mult-GACTAGTACGCTGATC,0
mult-GACTAGTACGGATTGC,10
mult-GACTAGTACTAAGGTC,10
mult-GACTAGTAGAACAGGC,10
mult-GACTAGTAGACAGTGC,10
mult-GACTAGTAGAGTTAGC,10
mult-GACTAGTAGATGAATC,3
mult-GACTAGTAGCCAAGAC,3
mult-GACTAGTACGGAAGAA,3
mult-GACTAGTAGTGACAAG,3
mult-GACTAGTAGAACCAGA,3
mult-CAACCACAAACGTGAT,8
mult-CAACCACAACAAGCTA,0
mult-CAACCACATTGCTGGA,10
mult-CAACCACACTGTAGCC,0
mult-CAACCACAAGTACAAG,0
mult-CAACCACAAACAACCA,0
mult-CAACCACAAACCGAGA,0
mult-CAACCACAAACGCTTA,0
mult-CAACCACAAAGACGGA,0
mult-CAACCACAAAGGTACA,0
mult-CAACCACAACACAGAA,0
mult-CAACCACAACAGCAGA,0
mult-CAACCACAAAACATCG,2
mult-CAACCACAACCTCCAA,0
mult-CAACCACAACGCTCGA,0
mult-CAACCACAACGTATCA,0
mult-CAACCACAACTATGCA,0
mult-CAACCACAAGAGTCAA,0
mult-CAACCACAAGATCGCA,0
mult-CAACCACAAGCAGGAA,0
mult-CAACCACAAGTCACTA,0
mult-CAACCACAATCCTGTA,0
mult-CAACCACAATTGAGGA,0
mult-CAACCACAATGCCTAA,8
mult-CAACCACACAACCACA,0
mult-CAACCACAGACTAGTA,0
mult-CAACCACACAATGGAA,0
mult-CAACCACACACTTCGA,0
mult-CAACCACACAGCGTTA,4
mult-CAACCACACATACCAA,1
mult-CAACCACACCAGTTCA,7
mult-CAACCACACCGAAGTA,1
mult-CAACCACACCGTGAGA,7
mult-CAACCACACCTCCTGA,1
mult-CAACCACAAGTGGTCA,8
mult-CAACCACACGAACTTA,7
mult-CAACCACACGACTGGA,7
mult-CAACCACACGCATACA,7
mult-CAACCACACTCAATGA,7
mult-CAACCACACTGAGCCA,7
mult-CAACCACACTGGCATA,7
mult-CAACCACAGAATCTGA,7
mult-CAACCACACAAGACTA,7
mult-CAACCACAGAGCTGAA,7
mult-CAACCACAGATAGACA,7
mult-CAACCACAACCACTGT,0
mult-CAACCACAGCCACATA,7
mult-CAACCACAGCGAGTAA,7
mult-CAACCACAGCTAACGA,7
mult-CAACCACAGCTCGGTA,7
mult-CAACCACAGGAGAACA,7
mult-CAACCACAGGTGCGAA,7
mult-CAACCACAGTACGCAA,7
mult-CAACCACAGTCGTAGA,7
mult-CAACCACAGTCTGTCA,7
mult-CAACCACAGTGTTCTA,7
mult-CAACCACAACATTGGC,0
mult-CAACCACATAGGATGA,7
mult-CAACCACATATCAGCA,7
mult-CAACCACATCCGTCTA,7
mult-CAACCACATCTTCACA,7
mult-CAACCACATGAAGAGA,7
mult-CAACCACATGGAACAA,7
mult-CAACCACATGGCTTCA,7
mult-CAACCACATGGTGGTA,7
mult-CAACCACATTCACGCA,7
mult-CAACCACAAACTCACC,7
mult-CAACCACACAGATCTG,0
mult-CAACCACAAAGAGATC,7
mult-CAACCACAAAGGACAC,7
mult-CAACCACAAATCCGTC,7
mult-CAACCACAAATGTTGC,7
mult-CAACCACAACACGACC,7
mult-CAACCACAACAGATTC,7
mult-CAACCACAAGATGTAC,7
mult-CAACCACAAGCACCTC,7
mult-CAACCACAAGCCATGC,3
mult-CAACCACAAGGCTAAC,3
mult-CAACCACACATCAAGT,0
mult-CAACCACAATAGCGAC,3
mult-CAACCACAATCATTCC,3
mult-CAACCACAATTGGCTC,3
mult-CAACCACACAAGGAGC,3
mult-CAACCACACACCTTAC,3
mult-CAACCACACCATCCTC,3
mult-CAACCACACCGACAAC,3
mult-CAACCACACCTAATCC,3
mult-CAACCACACCTCTATC,3
mult-CAACCACACGACACAC,3
mult-CAACCACACGCTGATC,0
mult-CAACCACACGGATTGC,10
mult-CAACCACACTAAGGTC,10
mult-CAACCACAGAACAGGC,10
mult-CAACCACAGACAGTGC,10
mult-CAACCACAGAGTTAGC,10
mult-CAACCACAGATGAATC,3
mult-CAACCACAGCCAAGAC,3
mult-CAACCACACGGAAGAA,3
mult-CAACCACAGTGACAAG,3
mult-CAACCACAGAACCAGA,3
mult-ATTGAGGAAACGTGAT,2
mult-ATTGAGGAACAAGCTA,0
mult-ATTGAGGATTGCTGGA,3
mult-ATTGAGGACTGTAGCC,0
mult-ATTGAGGAAGTACAAG,0
mult-ATTGAGGAAACAACCA,0
mult-ATTGAGGAAACCGAGA,0
mult-ATTGAGGAAACGCTTA,0
mult-ATTGAGGAAAGACGGA,0
mult-ATTGAGGAAAGGTACA,0
mult-ATTGAGGAACACAGAA,0
mult-ATTGAGGAACAGCAGA,0
mult-ATTGAGGAAAACATCG,8
mult-ATTGAGGAACCTCCAA,0
mult-ATTGAGGAACGCTCGA,0
mult-ATTGAGGAACGTATCA,0
mult-ATTGAGGAACTATGCA,0
mult-ATTGAGGAAGAGTCAA,0
mult-ATTGAGGAAGATCGCA,0
mult-ATTGAGGAAGCAGGAA,0
mult-ATTGAGGAAGTCACTA,0
mult-ATTGAGGAATCCTGTA,0
mult-ATTGAGGAATTGAGGA,0
mult-ATTGAGGAATGCCTAA,8
mult-ATTGAGGACAACCACA,4
mult-ATTGAGGAGACTAGTA,0
mult-ATTGAGGACAATGGAA,0
mult-ATTGAGGACACTTCGA,4
mult-ATTGAGGACAGCGTTA,4
mult-ATTGAGGACATACCAA,4
mult-ATTGAGGACCAGTTCA,1
mult-ATTGAGGACCGAAGTA,7
mult-ATTGAGGACCGTGAGA,1
mult-ATTGAGGACCTCCTGA,7
mult-ATTGAGGAAGTGGTCA,8
mult-ATTGAGGACGAACTTA,7
mult-ATTGAGGACGACTGGA,7
mult-ATTGAGGACGCATACA,7
mult-ATTGAGGACTCAATGA,7
mult-ATTGAGGACTGAGCCA,7
mult-ATTGAGGACTGGCATA,7
mult-ATTGAGGAGAATCTGA,7
mult-ATTGAGGACAAGACTA,7
mult-ATTGAGGAGAGCTGAA,7
mult-ATTGAGGAGATAGACA,7
mult-ATTGAGGAACCACTGT,4
mult-ATTGAGGAGCCACATA,7
mult-ATTGAGGAGCGAGTAA,7
mult-ATTGAGGAGCTAACGA,7
mult-ATTGAGGAGCTCGGTA,7
mult-ATTGAGGAGGAGAACA,7
mult-ATTGAGGAGGTGCGAA,7
mult-ATTGAGGAGTACGCAA,7
mult-ATTGAGGAGTCGTAGA,7
mult-ATTGAGGAGTCTGTCA,7
mult-ATTGAGGAGTGTTCTA,7
mult-ATTGAGGAACATTGGC,0
mult-ATTGAGGATAGGATGA,7
mult-ATTGAGGATATCAGCA,7
mult-ATTGAGGATCCGTCTA,7
mult-ATTGAGGATCTTCACA,7
mult-ATTGAGGATGAAGAGA,7
mult-ATTGAGGATGGAACAA,7
mult-ATTGAGGATGGCTTCA,7
mult-ATTGAGGATGGTGGTA,7
mult-ATTGAGGATTCACGCA,7
mult-ATTGAGGAAACTCACC,7
mult-ATTGAGGACAGATCTG,0
mult-ATTGAGGAAAGAGATC,7
mult-ATTGAGGAAAGGACAC,7
mult-ATTGAGGAAATCCGTC,7
mult-ATTGAGGAAATGTTGC,7
mult-ATTGAGGAACACGACC,7
mult-ATTGAGGAACAGATTC,7
mult-ATTGAGGAAGATGTAC,7
mult-ATTGAGGAAGCACCTC,7
mult-ATTGAGGAAGCCATGC,7
mult-ATTGAGGAAGGCTAAC,4
mult-ATTGAGGACATCAAGT,0
mult-ATTGAGGAATAGCGAC,3
mult-ATTGAGGAATCATTCC,3
mult-ATTGAGGAATTGGCTC,3
mult-ATTGAGGACAAGGAGC,3
mult-ATTGAGGACACCTTAC,3
mult-ATTGAGGACCATCCTC,3
mult-ATTGAGGACCGACAAC,3
mult-ATTGAGGACCTAATCC,3
mult-ATTGAGGACCTCTATC,3
mult-ATTGAGGACGACACAC,3
mult-ATTGAGGACGCTGATC,0
mult-ATTGAGGACGGATTGC,10
mult-ATTGAGGACTAAGGTC,10
mult-ATTGAGGAGAACAGGC,10
mult-ATTGAGGAGACAGTGC,10
mult-ATTGAGGAGAGTTAGC,10
mult-ATTGAGGAGATGAATC,4
mult-ATTGAGGAGCCAAGAC,3
mult-ATTGAGGACGGAAGAA,3
mult-ATTGAGGAGTGACAAG,3
mult-ATTGAGGAGAACCAGA,3
mult-ATCCTGTAAACGTGAT,4
mult-ATCCTGTAACAAGCTA,0
mult-ATCCTGTATTGCTGGA,3
mult-ATCCTGTACTGTAGCC,0
mult-ATCCTGTAAGTACAAG,0
mult-ATCCTGTAAACAACCA,0
mult-ATCCTGTAAACCGAGA,0
mult-ATCCTGTAAACGCTTA,0
mult-ATCCTGTAAAGACGGA,0
mult-ATCCTGTAAAGGTACA,0
mult-ATCCTGTAACACAGAA,0
mult-ATCCTGTAACAGCAGA,0
mult-ATCCTGTAAAACATCG,2
mult-ATCCTGTAACCTCCAA,0
mult-ATCCTGTAACGCTCGA,0
mult-ATCCTGTAACGTATCA,0
mult-ATCCTGTAACTATGCA,0
mult-ATCCTGTAAGAGTCAA,0
mult-ATCCTGTAAGATCGCA,0
mult-ATCCTGTAAGCAGGAA,0
mult-ATCCTGTAAGTCACTA,0
mult-ATCCTGTAATCCTGTA,0
mult-ATCCTGTAATTGAGGA,0
mult-ATCCTGTAATGCCTAA,8
mult-ATCCTGTACAACCACA,4
mult-ATCCTGTAGACTAGTA,4
mult-ATCCTGTACAATGGAA,0
mult-ATCCTGTACACTTCGA,0
mult-ATCCTGTACAGCGTTA,4
mult-ATCCTGTACATACCAA,9
mult-ATCCTGTACCAGTTCA,1
mult-ATCCTGTACCGAAGTA,1
mult-ATCCTGTACCGTGAGA,7
mult-ATCCTGTACCTCCTGA,7
mult-ATCCTGTAAGTGGTCA,8
mult-ATCCTGTACGAACTTA,7
mult-ATCCTGTACGACTGGA,7
mult-ATCCTGTACGCATACA,7
mult-ATCCTGTACTCAATGA,7
mult-ATCCTGTACTGAGCCA,7
mult-ATCCTGTACTGGCATA,7
mult-ATCCTGTAGAATCTGA,7
mult-ATCCTGTACAAGACTA,7
mult-ATCCTGTAGAGCTGAA,7
mult-ATCCTGTAGATAGACA,7
mult-ATCCTGTAACCACTGT,8
mult-ATCCTGTAGCCACATA,7
mult-ATCCTGTAGCGAGTAA,7
mult-ATCCTGTAGCTAACGA,7
mult-ATCCTGTAGCTCGGTA,7
mult-ATCCTGTAGGAGAACA,7
mult-ATCCTGTAGGTGCGAA,7
mult-ATCCTGTAGTACGCAA,7
mult-ATCCTGTAGTCGTAGA,7
mult-ATCCTGTAGTCTGTCA,7
mult-ATCCTGTAGTGTTCTA,7
mult-ATCCTGTAACATTGGC,4
mult-ATCCTGTATAGGATGA,7
mult-ATCCTGTATATCAGCA,7
mult-ATCCTGTATCCGTCTA,7
mult-ATCCTGTATCTTCACA,7
mult-ATCCTGTATGAAGAGA,7
mult-ATCCTGTATGGAACAA,7
mult-ATCCTGTATGGCTTCA,7
mult-ATCCTGTATGGTGGTA,7
mult-ATCCTGTATTCACGCA,7
mult-ATCCTGTAAACTCACC,7
mult-ATCCTGTACAGATCTG,0
mult-ATCCTGTAAAGAGATC,7
mult-ATCCTGTAAAGGACAC,7
mult-ATCCTGTAAATCCGTC,7
mult-ATCCTGTAAATGTTGC,7
mult-ATCCTGTAACACGACC,7
mult-ATCCTGTAACAGATTC,7
mult-ATCCTGTAAGATGTAC,7
mult-ATCCTGTAAGCACCTC,7
mult-ATCCTGTAAGCCATGC,7
mult-ATCCTGTAAGGCTAAC,4
mult-ATCCTGTACATCAAGT,0
mult-ATCCTGTAATAGCGAC,3
mult-ATCCTGTAATCATTCC,3
mult-ATCCTGTAATTGGCTC,3
mult-ATCCTGTACAAGGAGC,3
mult-ATCCTGTACACCTTAC,3
mult-ATCCTGTACCATCCTC,3
mult-ATCCTGTACCGACAAC,3
mult-ATCCTGTACCTAATCC,3
mult-ATCCTGTACCTCTATC,3
mult-ATCCTGTACGACACAC,3
mult-ATCCTGTACGCTGATC,0
mult-ATCCTGTACGGATTGC,10
mult-ATCCTGTACTAAGGTC,10
mult-ATCCTGTAGAACAGGC,10
mult-ATCCTGTAGACAGTGC,10
mult-ATCCTGTAGAGTTAGC,10
mult-ATCCTGTAGATGAATC,10
mult-ATCCTGTAGCCAAGAC,3
mult-ATCCTGTACGGAAGAA,3
mult-ATCCTGTAGTGACAAG,3
mult-ATCCTGTAGAACCAGA,3
mult-AGTCACTAACAAGCTA,0
mult-AGTCACTATTGCTGGA,4
mult-AGTCACTACTGTAGCC,4
mult-AGTCACTAAGTACAAG,4
mult-AGTCACTAAACAACCA,0
mult-AGTCACTAAACCGAGA,0
mult-AGTCACTAAACGCTTA,0
mult-AGTCACTAAAGACGGA,0
mult-AGTCACTAAAGGTACA,0
mult-AGTCACTAACACAGAA,0
mult-AGTCACTAACAGCAGA,0
mult-AGTCACTAAAACATCG,2
mult-AGTCACTAACCTCCAA,0
mult-AGTCACTAACGCTCGA,0
mult-AGTCACTAACGTATCA,0
mult-AGTCACTAACTATGCA,0
mult-AGTCACTAAGAGTCAA,0
mult-AGTCACTAAGATCGCA,0
mult-AGTCACTAAGCAGGAA,0
mult-AGTCACTAAGTCACTA,0
mult-AGTCACTAATCCTGTA,0
mult-AGTCACTAATTGAGGA,0
mult-AGTCACTAATGCCTAA,2
mult-AGTCACTACAACCACA,0
mult-AGTCACTAGACTAGTA,0
mult-AGTCACTACAATGGAA,4
mult-AGTCACTACACTTCGA,0
mult-AGTCACTACAGCGTTA,0
mult-AGTCACTACATACCAA,9
mult-AGTCACTACCAGTTCA,9
mult-AGTCACTACCGAAGTA,1
mult-AGTCACTACCGTGAGA,7
mult-AGTCACTACCTCCTGA,7
mult-AGTCACTAAGTGGTCA,8
mult-AGTCACTACGAACTTA,7
mult-AGTCACTACGACTGGA,7
mult-AGTCACTACGCATACA,7
mult-AGTCACTACTCAATGA,7
mult-AGTCACTACTGAGCCA,7
mult-AGTCACTACTGGCATA,7
mult-AGTCACTAGAATCTGA,7
mult-AGTCACTACAAGACTA,7
mult-AGTCACTAGAGCTGAA,7
mult-AGTCACTAGATAGACA,7
mult-AGTCACTAACCACTGT,2
mult-AGTCACTAGCCACATA,7
mult-AGTCACTAGCGAGTAA,7
mult-AGTCACTAGCTAACGA,7
mult-AGTCACTAGCTCGGTA,7
mult-AGTCACTAGGAGAACA,7
mult-AGTCACTAGGTGCGAA,7
mult-AGTCACTAGTACGCAA,7
mult-AGTCACTAGTCGTAGA,7
mult-AGTCACTAGTCTGTCA,7
mult-AGTCACTAGTGTTCTA,7
mult-AGTCACTAACATTGGC,8
mult-AGTCACTATAGGATGA,7
mult-AGTCACTATATCAGCA,7
mult-AGTCACTATCCGTCTA,7
mult-AGTCACTATCTTCACA,7
mult-AGTCACTATGAAGAGA,7
mult-AGTCACTATGGAACAA,7
mult-AGTCACTATGGCTTCA,7
mult-AGTCACTATGGTGGTA,7
mult-AGTCACTATTCACGCA,7
mult-AGTCACTAAACTCACC,7
mult-AGTCACTACAGATCTG,0
mult-AGTCACTAAAGAGATC,7
mult-AGTCACTAAAGGACAC,7
mult-AGTCACTAAATCCGTC,7
mult-AGTCACTAAATGTTGC,7
mult-AGTCACTAACACGACC,7
mult-AGTCACTAACAGATTC,7
mult-AGTCACTAAGATGTAC,7
mult-AGTCACTAAGCACCTC,7
mult-AGTCACTAAGCCATGC,7
mult-AGTCACTAAGGCTAAC,1
mult-AGTCACTACATCAAGT,0
mult-AGTCACTAATAGCGAC,3
mult-AGTCACTAATCATTCC,3
mult-AGTCACTAATTGGCTC,3
mult-AGTCACTACAAGGAGC,3
mult-AGTCACTACACCTTAC,3
mult-AGTCACTACCATCCTC,3
mult-AGTCACTACCGACAAC,3
mult-AGTCACTACCTAATCC,3
mult-AGTCACTACCTCTATC,4
mult-AGTCACTACGACACAC,3
mult-AGTCACTACGCTGATC,0
mult-AGTCACTACGGATTGC,10
mult-AGTCACTACTAAGGTC,10
mult-AGTCACTAGAACAGGC,10
mult-AGTCACTAGACAGTGC,10
mult-AGTCACTAGAGTTAGC,10
mult-AGTCACTAGATGAATC,3
mult-AGTCACTAGCCAAGAC,3
mult-AGTCACTACGGAAGAA,3
mult-AGTCACTAGTGACAAG,10
mult-AGTCACTAGAACCAGA,4
mult-AGCAGGAAACAAGCTA,0
mult-AGCAGGAATTGCTGGA,9
mult-AGCAGGAACTGTAGCC,0
mult-AGCAGGAAAGTACAAG,0
mult-AGCAGGAAAACAACCA,0
mult-AGCAGGAAAACCGAGA,0
mult-AGCAGGAAAACGCTTA,0
mult-AGCAGGAAAAGACGGA,0
mult-AGCAGGAAAAGGTACA,0
mult-AGCAGGAAACACAGAA,0
mult-AGCAGGAAACAGCAGA,0
mult-AGCAGGAAACCTCCAA,0
mult-AGCAGGAAACGCTCGA,0
mult-AGCAGGAAACGTATCA,0
mult-AGCAGGAAACTATGCA,0
mult-AGCAGGAAAGAGTCAA,4
mult-AGCAGGAAAGATCGCA,0
mult-AGCAGGAAAGCAGGAA,0
mult-AGCAGGAAAGTCACTA,0
mult-AGCAGGAAATCCTGTA,0
mult-AGCAGGAAATTGAGGA,0
mult-AGCAGGAAATGCCTAA,2
mult-AGCAGGAACAACCACA,4
mult-AGCAGGAAGACTAGTA,0
mult-AGCAGGAACAATGGAA,4
mult-AGCAGGAACACTTCGA,0
mult-AGCAGGAACAGCGTTA,0
mult-AGCAGGAACATACCAA,8
mult-AGCAGGAACCAGTTCA,4
mult-AGCAGGAACCGAAGTA,1
mult-AGCAGGAACCGTGAGA,1
mult-AGCAGGAACCTCCTGA,7
mult-AGCAGGAAAGTGGTCA,8
mult-AGCAGGAACGAACTTA,7
mult-AGCAGGAACGACTGGA,7
mult-AGCAGGAACGCATACA,7
mult-AGCAGGAACTCAATGA,7
mult-AGCAGGAACTGAGCCA,7
mult-AGCAGGAACTGGCATA,7
mult-AGCAGGAAGAATCTGA,7
mult-AGCAGGAACAAGACTA,7
mult-AGCAGGAAGAGCTGAA,7
mult-AGCAGGAAGATAGACA,7
mult-AGCAGGAAACCACTGT,8
mult-AGCAGGAAGCCACATA,7
mult-AGCAGGAAGCGAGTAA,7
mult-AGCAGGAAGCTAACGA,7
mult-AGCAGGAAGCTCGGTA,7
mult-AGCAGGAAGGAGAACA,7
mult-AGCAGGAAGGTGCGAA,7
mult-AGCAGGAAGTACGCAA,7
mult-AGCAGGAAGTCGTAGA,7
mult-AGCAGGAAGTCTGTCA,7
mult-AGCAGGAAGTGTTCTA,7
mult-AGCAGGAAACATTGGC,8
mult-AGCAGGAATAGGATGA,7
mult-AGCAGGAATATCAGCA,7
mult-AGCAGGAATCCGTCTA,7
mult-AGCAGGAATCTTCACA,7
mult-AGCAGGAATGAAGAGA,7
mult-AGCAGGAATGGAACAA,7
mult-AGCAGGAATGGCTTCA,7
mult-AGCAGGAATGGTGGTA,7
mult-AGCAGGAATTCACGCA,7
mult-AGCAGGAAAACTCACC,7
mult-AGCAGGAACAGATCTG,8
mult-AGCAGGAAAAGAGATC,7
mult-AGCAGGAAAAGGACAC,7
mult-AGCAGGAAAATCCGTC,7
mult-AGCAGGAAAATGTTGC,7
mult-AGCAGGAAACACGACC,7
mult-AGCAGGAAACAGATTC,7
mult-AGCAGGAAAGATGTAC,7
mult-AGCAGGAAAGCACCTC,7
mult-AGCAGGAAAGCCATGC,7
mult-AGCAGGAAAGGCTAAC,7
mult-AGCAGGAACATCAAGT,0
mult-AGCAGGAAATAGCGAC,9
mult-AGCAGGAAATCATTCC,3
mult-AGCAGGAAATTGGCTC,3
mult-AGCAGGAACAAGGAGC,3
mult-AGCAGGAACACCTTAC,3
mult-AGCAGGAACCATCCTC,3
mult-AGCAGGAACCGACAAC,3
mult-AGCAGGAACCTAATCC,3
mult-AGCAGGAACCTCTATC,3
mult-AGCAGGAACGACACAC,3
mult-AGCAGGAACGCTGATC,0
mult-AGCAGGAACGGATTGC,10
mult-AGCAGGAACTAAGGTC,10
mult-AGCAGGAAGAACAGGC,10
mult-AGCAGGAAGACAGTGC,10
mult-AGCAGGAAGAGTTAGC,2
mult-AGCAGGAAGATGAATC,3
mult-AGCAGGAAGCCAAGAC,3
mult-AGCAGGAACGGAAGAA,10
mult-AGCAGGAAGTGACAAG,4
mult-AGCAGGAAGAACCAGA,4
mult-AGATCGCAACAAGCTA,0
mult-AGATCGCATTGCTGGA,4
mult-AGATCGCACTGTAGCC,0
mult-AGATCGCAAGTACAAG,0
mult-AGATCGCAAACAACCA,0
mult-AGATCGCAAACCGAGA,0
mult-AGATCGCAAACGCTTA,0
mult-AGATCGCAAAGACGGA,0
mult-AGATCGCAAAGGTACA,4
mult-AGATCGCAACACAGAA,4
mult-AGATCGCAACAGCAGA,0
mult-AGATCGCAACCTCCAA,0
mult-AGATCGCAACGCTCGA,0
mult-AGATCGCAACGTATCA,0
mult-AGATCGCAACTATGCA,0
mult-AGATCGCAAGAGTCAA,0
mult-AGATCGCAAGATCGCA,0
mult-AGATCGCAAGCAGGAA,0
mult-AGATCGCAAGTCACTA,0
mult-AGATCGCAATCCTGTA,0
mult-AGATCGCAATTGAGGA,0
mult-AGATCGCAATGCCTAA,2
mult-AGATCGCACAACCACA,0
mult-AGATCGCAGACTAGTA,0
mult-AGATCGCACAATGGAA,0
mult-AGATCGCACACTTCGA,0
mult-AGATCGCACAGCGTTA,0
mult-AGATCGCACATACCAA,8
mult-AGATCGCACCAGTTCA,4
mult-AGATCGCACCGAAGTA,4
mult-AGATCGCACCGTGAGA,7
mult-AGATCGCACCTCCTGA,7
mult-AGATCGCAAGTGGTCA,8
mult-AGATCGCACGAACTTA,7
mult-AGATCGCACGACTGGA,7
mult-AGATCGCACGCATACA,7
mult-AGATCGCACTCAATGA,7
mult-AGATCGCACTGAGCCA,7
mult-AGATCGCACTGGCATA,7
mult-AGATCGCAGAATCTGA,7
mult-AGATCGCACAAGACTA,7
mult-AGATCGCAGAGCTGAA,7
mult-AGATCGCAGATAGACA,7
mult-AGATCGCAACCACTGT,8
mult-AGATCGCAGCCACATA,7
mult-AGATCGCAGCGAGTAA,7
mult-AGATCGCAGCTAACGA,7
mult-AGATCGCAGCTCGGTA,7
mult-AGATCGCAGGAGAACA,7
mult-AGATCGCAGGTGCGAA,7
mult-AGATCGCAGTACGCAA,7
mult-AGATCGCAGTCGTAGA,7
mult-AGATCGCAGTCTGTCA,7
mult-AGATCGCAGTGTTCTA,7
mult-AGATCGCAACATTGGC,8
mult-AGATCGCATAGGATGA,7
mult-AGATCGCATATCAGCA,1
mult-AGATCGCATCCGTCTA,1
mult-AGATCGCATCTTCACA,7
mult-AGATCGCATGAAGAGA,7
mult-AGATCGCATGGAACAA,7
mult-AGATCGCATGGCTTCA,7
mult-AGATCGCATGGTGGTA,7
mult-AGATCGCATTCACGCA,7
mult-AGATCGCAAACTCACC,7
mult-AGATCGCACAGATCTG,8
mult-AGATCGCAAAGAGATC,7
mult-AGATCGCAAAGGACAC,7
mult-AGATCGCAAATCCGTC,7
mult-AGATCGCAAATGTTGC,7
mult-AGATCGCAACACGACC,7
mult-AGATCGCAACAGATTC,7
mult-AGATCGCAAGATGTAC,7
mult-AGATCGCAAGCACCTC,7
mult-AGATCGCAAGCCATGC,7
mult-AGATCGCAAGGCTAAC,7
mult-AGATCGCACATCAAGT,8
mult-AGATCGCAATAGCGAC,3
mult-AGATCGCAATCATTCC,3
mult-AGATCGCAATTGGCTC,3
mult-AGATCGCACAAGGAGC,3
mult-AGATCGCACACCTTAC,3
mult-AGATCGCACCATCCTC,3
mult-AGATCGCACCGACAAC,3
mult-AGATCGCACCTAATCC,3
mult-AGATCGCACCTCTATC,3
mult-AGATCGCACGACACAC,10
mult-AGATCGCACGCTGATC,0
mult-AGATCGCACGGATTGC,3
mult-AGATCGCACTAAGGTC,10
mult-AGATCGCAGAACAGGC,10
mult-AGATCGCAGACAGTGC,10
mult-AGATCGCAGAGTTAGC,10
mult-AGATCGCAGATGAATC,3
mult-AGATCGCAGCCAAGAC,3
mult-AGATCGCACGGAAGAA,3
mult-AGATCGCAGTGACAAG,3
mult-AGATCGCAGAACCAGA,3
mult-AGAGTCAAACAAGCTA,8
mult-AGAGTCAATTGCTGGA,3
mult-AGAGTCAACTGTAGCC,0
mult-AGAGTCAAAGTACAAG,0
mult-AGAGTCAAAACAACCA,0
mult-AGAGTCAAAACCGAGA,0
mult-AGAGTCAAAACGCTTA,4
mult-AGAGTCAAAAGACGGA,0
mult-AGAGTCAAAAGGTACA,4
mult-AGAGTCAAACACAGAA,0
mult-AGAGTCAAACAGCAGA,0
mult-AGAGTCAAACCTCCAA,0
mult-AGAGTCAAACGCTCGA,0
mult-AGAGTCAAACGTATCA,0
mult-AGAGTCAAACTATGCA,0
mult-AGAGTCAAAGAGTCAA,0
mult-AGAGTCAAAGATCGCA,0
mult-AGAGTCAAAGCAGGAA,6
mult-AGAGTCAAAGTCACTA,0
mult-AGAGTCAAATCCTGTA,0
mult-AGAGTCAAATTGAGGA,0
mult-AGAGTCAACAACCACA,4
mult-AGAGTCAAGACTAGTA,0
mult-AGAGTCAACAATGGAA,8
mult-AGAGTCAACACTTCGA,0
mult-AGAGTCAACAGCGTTA,0
mult-AGAGTCAACATACCAA,0
mult-AGAGTCAACCAGTTCA,8
mult-AGAGTCAACCGAAGTA,4
mult-AGAGTCAACCGTGAGA,7
mult-AGAGTCAACCTCCTGA,7
mult-AGAGTCAAAGTGGTCA,2
mult-AGAGTCAACGAACTTA,7
mult-AGAGTCAACGACTGGA,7
mult-AGAGTCAACGCATACA,1
mult-AGAGTCAACTCAATGA,7
mult-AGAGTCAACTGAGCCA,7
mult-AGAGTCAACTGGCATA,7
mult-AGAGTCAAGAATCTGA,7
mult-AGAGTCAACAAGACTA,7
mult-AGAGTCAAGAGCTGAA,7
mult-AGAGTCAAGATAGACA,7
mult-AGAGTCAAACCACTGT,8
mult-AGAGTCAAGCCACATA,7
mult-AGAGTCAAGCGAGTAA,1
mult-AGAGTCAAGCTAACGA,7
mult-AGAGTCAAGCTCGGTA,7
mult-AGAGTCAAGGAGAACA,7
mult-AGAGTCAAGGTGCGAA,7
mult-AGAGTCAAGTACGCAA,7
mult-AGAGTCAAGTCGTAGA,7
mult-AGAGTCAAGTCTGTCA,7
mult-AGAGTCAAGTGTTCTA,1
mult-AGAGTCAAACATTGGC,2
mult-AGAGTCAATAGGATGA,9
mult-AGAGTCAATATCAGCA,9
mult-AGAGTCAATCCGTCTA,1
mult-AGAGTCAATCTTCACA,1
mult-AGAGTCAATGAAGAGA,7
mult-AGAGTCAATGGAACAA,7
mult-AGAGTCAATGGCTTCA,7
mult-AGAGTCAATGGTGGTA,7
mult-AGAGTCAATTCACGCA,7
mult-AGAGTCAAAACTCACC,7
mult-AGAGTCAACAGATCTG,10
mult-AGAGTCAAAAGAGATC,7
mult-AGAGTCAAAAGGACAC,7
mult-AGAGTCAAAATCCGTC,7
mult-AGAGTCAAAATGTTGC,7
mult-AGAGTCAAACACGACC,7
mult-AGAGTCAAACAGATTC,7
mult-AGAGTCAAAGATGTAC,7
mult-AGAGTCAAAGCACCTC,7
mult-AGAGTCAAAGCCATGC,7
mult-AGAGTCAAAGGCTAAC,7
mult-AGAGTCAACATCAAGT,0
mult-AGAGTCAAATAGCGAC,3
mult-AGAGTCAAATCATTCC,4
mult-AGAGTCAAATTGGCTC,3
mult-AGAGTCAACAAGGAGC,3
mult-AGAGTCAACACCTTAC,3
mult-AGAGTCAACCATCCTC,3
mult-AGAGTCAACCGACAAC,3
mult-AGAGTCAACCTAATCC,3
mult-AGAGTCAACCTCTATC,3
mult-AGAGTCAACGACACAC,3
mult-AGAGTCAACGCTGATC,8
mult-AGAGTCAACGGATTGC,10
mult-AGAGTCAACTAAGGTC,3
mult-AGAGTCAAGAACAGGC,10
mult-AGAGTCAAGACAGTGC,10
mult-AGAGTCAAGAGTTAGC,10
mult-AGAGTCAAGATGAATC,10
mult-AGAGTCAAGCCAAGAC,3
mult-AGAGTCAACGGAAGAA,3
mult-AGAGTCAAGTGACAAG,3
mult-AGAGTCAAGAACCAGA,3
mult-ACTATGCAACAAGCTA,8
mult-ACTATGCATTGCTGGA,3
mult-ACTATGCACTGTAGCC,0
mult-ACTATGCAAGTACAAG,0
mult-ACTATGCAAACAACCA,0
mult-ACTATGCAAACCGAGA,0
mult-ACTATGCAAACGCTTA,4
mult-ACTATGCAAAGACGGA,8
mult-ACTATGCAAAGGTACA,0
mult-ACTATGCAACACAGAA,0
mult-ACTATGCAACAGCAGA,0
mult-ACTATGCAACCTCCAA,0
mult-ACTATGCAACGCTCGA,0
mult-ACTATGCAACGTATCA,0
mult-ACTATGCAACTATGCA,0
mult-ACTATGCAAGAGTCAA,0
mult-ACTATGCAAGATCGCA,0
mult-ACTATGCAAGCAGGAA,0
mult-ACTATGCAAGTCACTA,0
mult-ACTATGCAATCCTGTA,0
mult-ACTATGCAATTGAGGA,0
mult-ACTATGCACAACCACA,0
mult-ACTATGCAGACTAGTA,0
mult-ACTATGCACAATGGAA,0
mult-ACTATGCACACTTCGA,0
mult-ACTATGCACAGCGTTA,0
mult-ACTATGCACATACCAA,4
mult-ACTATGCACCAGTTCA,8
mult-ACTATGCACCGAAGTA,4
mult-ACTATGCACCGTGAGA,4
mult-ACTATGCACCTCCTGA,7
mult-ACTATGCACGAACTTA,7
mult-ACTATGCACGACTGGA,7
mult-ACTATGCACGCATACA,7
mult-ACTATGCACTCAATGA,1
mult-ACTATGCACTGAGCCA,7
mult-ACTATGCACTGGCATA,7
mult-ACTATGCAGAATCTGA,1
mult-ACTATGCACAAGACTA,7
mult-ACTATGCAGAGCTGAA,7
mult-ACTATGCAGATAGACA,7
mult-ACTATGCAACCACTGT,2
mult-ACTATGCAGCCACATA,7
mult-ACTATGCAGCGAGTAA,7
mult-ACTATGCAGCTAACGA,7
mult-ACTATGCAGCTCGGTA,7
mult-ACTATGCAGGAGAACA,7
mult-ACTATGCAGGTGCGAA,7
mult-ACTATGCAGTACGCAA,7
mult-ACTATGCAGTCGTAGA,7
mult-ACTATGCAGTCTGTCA,7
mult-ACTATGCAGTGTTCTA,9
mult-ACTATGCAACATTGGC,2
mult-ACTATGCATAGGATGA,9
mult-ACTATGCATATCAGCA,9
mult-ACTATGCATCCGTCTA,9
mult-ACTATGCATCTTCACA,1
mult-ACTATGCATGAAGAGA,7
mult-ACTATGCATGGAACAA,7
mult-ACTATGCATGGCTTCA,7
mult-ACTATGCATGGTGGTA,7
mult-ACTATGCATTCACGCA,7
mult-ACTATGCAAACTCACC,7
mult-ACTATGCACAGATCTG,2
mult-ACTATGCAAAGAGATC,7
mult-ACTATGCAAAGGACAC,7
mult-ACTATGCAAATCCGTC,7
mult-ACTATGCAAATGTTGC,7
mult-ACTATGCAACACGACC,7
mult-ACTATGCAACAGATTC,7
mult-ACTATGCAAGATGTAC,7
mult-ACTATGCAAGCACCTC,7
mult-ACTATGCAAGCCATGC,7
mult-ACTATGCAAGGCTAAC,7
mult-ACTATGCACATCAAGT,8
mult-ACTATGCAATAGCGAC,7
mult-ACTATGCAATCATTCC,3
mult-ACTATGCAATTGGCTC,3
mult-ACTATGCACAAGGAGC,3
mult-ACTATGCACACCTTAC,3
mult-ACTATGCACCATCCTC,3
mult-ACTATGCACCGACAAC,3
mult-ACTATGCACCTAATCC,3
mult-ACTATGCACCTCTATC,3
mult-ACTATGCACGACACAC,3
mult-ACTATGCACGCTGATC,8
mult-ACTATGCACGGATTGC,4
mult-ACTATGCACTAAGGTC,4
mult-ACTATGCAGAACAGGC,10
mult-ACTATGCAGACAGTGC,10
mult-ACTATGCAGAGTTAGC,10
mult-ACTATGCAGATGAATC,10
mult-ACTATGCAGCCAAGAC,4
mult-ACTATGCACGGAAGAA,3
mult-ACTATGCAGTGACAAG,3
mult-ACTATGCAGAACCAGA,3
mult-ACGTATCAACAAGCTA,2
mult-ACGTATCATTGCTGGA,3
mult-ACGTATCACTGTAGCC,8
mult-ACGTATCAAGTACAAG,8
mult-ACGTATCAAACAACCA,0
mult-ACGTATCAAACCGAGA,0
mult-ACGTATCAAACGCTTA,4
mult-ACGTATCAAAGACGGA,4
mult-ACGTATCAAAGGTACA,0
mult-ACGTATCAACACAGAA,0
mult-ACGTATCAACAGCAGA,0
mult-ACGTATCAACCTCCAA,0
mult-ACGTATCAACGCTCGA,0
mult-ACGTATCAACGTATCA,0
mult-ACGTATCAACTATGCA,0
mult-ACGTATCAAGAGTCAA,0
mult-ACGTATCAAGATCGCA,0
mult-ACGTATCAAGCAGGAA,0
mult-ACGTATCAAGTCACTA,0
mult-ACGTATCAATCCTGTA,0
mult-ACGTATCAATTGAGGA,0
mult-ACGTATCACAACCACA,0
mult-ACGTATCAGACTAGTA,0
mult-ACGTATCACAATGGAA,8
mult-ACGTATCACACTTCGA,4
mult-ACGTATCACAGCGTTA,0
mult-ACGTATCACATACCAA,0
mult-ACGTATCACCAGTTCA,4
mult-ACGTATCACCGAAGTA,8
mult-ACGTATCACCGTGAGA,4
mult-ACGTATCACCTCCTGA,4
mult-ACGTATCACGAACTTA,7
mult-ACGTATCACGACTGGA,7
mult-ACGTATCACGCATACA,7
mult-ACGTATCACTCAATGA,7
mult-ACGTATCACTGAGCCA,7
mult-ACGTATCACTGGCATA,7
mult-ACGTATCAGAATCTGA,7
mult-ACGTATCACAAGACTA,7
mult-ACGTATCAGAGCTGAA,7
mult-ACGTATCAGATAGACA,7
mult-ACGTATCAGCCACATA,7
mult-ACGTATCAGCGAGTAA,7
mult-ACGTATCAGCTAACGA,7
mult-ACGTATCAGCTCGGTA,7
mult-ACGTATCAGGAGAACA,7
mult-ACGTATCAGGTGCGAA,7
mult-ACGTATCAGTACGCAA,7
mult-ACGTATCAGTCGTAGA,7
mult-ACGTATCAGTCTGTCA,9
mult-ACGTATCAGTGTTCTA,9
mult-ACGTATCAACATTGGC,2
mult-ACGTATCATAGGATGA,9
mult-ACGTATCATATCAGCA,9
mult-ACGTATCATCCGTCTA,9
mult-ACGTATCATCTTCACA,9
mult-ACGTATCATGAAGAGA,7
mult-ACGTATCATGGAACAA,7
mult-ACGTATCATGGCTTCA,7
mult-ACGTATCATGGTGGTA,7
mult-ACGTATCATTCACGCA,7
mult-ACGTATCAAACTCACC,7
mult-ACGTATCACAGATCTG,2
mult-ACGTATCAAAGAGATC,7
mult-ACGTATCAAAGGACAC,7
mult-ACGTATCAAATCCGTC,7
mult-ACGTATCAAATGTTGC,7
mult-ACGTATCAACACGACC,7
mult-ACGTATCAACAGATTC,7
mult-ACGTATCAAGATGTAC,7
mult-ACGTATCAAGCACCTC,7
mult-ACGTATCAAGCCATGC,7
mult-ACGTATCAAGGCTAAC,7
mult-ACGTATCACATCAAGT,2
mult-ACGTATCAATAGCGAC,7
mult-ACGTATCAATCATTCC,3
mult-ACGTATCAATTGGCTC,3
mult-ACGTATCACAAGGAGC,3
mult-ACGTATCACACCTTAC,3
mult-ACGTATCACCATCCTC,3
mult-ACGTATCACCGACAAC,3
mult-ACGTATCACCTAATCC,3
mult-ACGTATCACCTCTATC,4
mult-ACGTATCACGACACAC,3
mult-ACGTATCACGCTGATC,2
mult-ACGTATCACGGATTGC,10
mult-ACGTATCACTAAGGTC,10
mult-ACGTATCAGAACAGGC,10
mult-ACGTATCAGACAGTGC,10
mult-ACGTATCAGAGTTAGC,10
mult-ACGTATCAGATGAATC,10
mult-ACGTATCAGCCAAGAC,3
mult-ACGTATCACGGAAGAA,3
mult-ACGTATCAGTGACAAG,3
mult-ACGTATCAGAACCAGA,3
mult-GAGTTAGCAACGTGAT,8
mult-GAGTTAGCACAAGCTA,6
mult-GAGTTAGCTTGCTGGA,12
mult-GAGTTAGCCTGTAGCC,6
mult-GAGTTAGCAGTACAAG,6
mult-GAGTTAGCAACAACCA,6
mult-GAGTTAGCAACCGAGA,6
mult-GAGTTAGCAACGCTTA,6
mult-GAGTTAGCAAGACGGA,6
mult-GAGTTAGCAAGGTACA,6
mult-GAGTTAGCACACAGAA,6
mult-GAGTTAGCACAGCAGA,6
mult-GAGTTAGCAAACATCG,6
mult-GAGTTAGCACCTCCAA,6
mult-GAGTTAGCACGCTCGA,6
mult-GAGTTAGCACGTATCA,6
mult-GAGTTAGCACTATGCA,6
mult-GAGTTAGCAGAGTCAA,12
mult-GAGTTAGCAGATCGCA,8
mult-GAGTTAGCAGCAGGAA,12
mult-GAGTTAGCAGTCACTA,6
mult-GAGTTAGCATCCTGTA,4
mult-GAGTTAGCATTGAGGA,4
mult-GAGTTAGCATGCCTAA,8
mult-GAGTTAGCCAACCACA,4
mult-GAGTTAGCGACTAGTA,4
mult-GAGTTAGCCAATGGAA,12
mult-GAGTTAGCCACTTCGA,12
mult-GAGTTAGCCAGCGTTA,12
mult-GAGTTAGCCATACCAA,12
mult-GAGTTAGCCCAGTTCA,12
mult-GAGTTAGCCCGAAGTA,12
mult-GAGTTAGCCCGTGAGA,12
mult-GAGTTAGCCCTCCTGA,12
mult-GAGTTAGCAGTGGTCA,6
mult-GAGTTAGCCGAACTTA,12
mult-GAGTTAGCCGACTGGA,12
mult-GAGTTAGCCGCATACA,12
mult-GAGTTAGCCTCAATGA,12
mult-GAGTTAGCCTGAGCCA,12
mult-GAGTTAGCCTGGCATA,12
mult-GAGTTAGCGAATCTGA,12
mult-GAGTTAGCCAAGACTA,12
mult-GAGTTAGCGAGCTGAA,12
mult-GAGTTAGCGATAGACA,12
mult-GAGTTAGCACCACTGT,6
mult-GAGTTAGCGCCACATA,12
mult-GAGTTAGCGCGAGTAA,12
mult-GAGTTAGCGCTAACGA,12
mult-GAGTTAGCGCTCGGTA,12
mult-GAGTTAGCGGAGAACA,12
mult-GAGTTAGCGGTGCGAA,12
mult-GAGTTAGCGTACGCAA,12
mult-GAGTTAGCGTCGTAGA,9
mult-GAGTTAGCGTCTGTCA,9
mult-GAGTTAGCGTGTTCTA,9
mult-GAGTTAGCACATTGGC,6
mult-GAGTTAGCTAGGATGA,12
mult-GAGTTAGCTATCAGCA,12
mult-GAGTTAGCTCCGTCTA,12
mult-GAGTTAGCTCTTCACA,12
mult-GAGTTAGCTGAAGAGA,9
mult-GAGTTAGCTGGAACAA,9
mult-GAGTTAGCTGGCTTCA,9
mult-GAGTTAGCTGGTGGTA,9
mult-GAGTTAGCTTCACGCA,9
mult-GAGTTAGCAACTCACC,12
mult-GAGTTAGCCAGATCTG,6
mult-GAGTTAGCAAGAGATC,12
mult-GAGTTAGCAAGGACAC,12
mult-GAGTTAGCAATCCGTC,12
mult-GAGTTAGCAATGTTGC,12
mult-GAGTTAGCACACGACC,12
mult-GAGTTAGCACAGATTC,12
mult-GAGTTAGCAGATGTAC,12
mult-GAGTTAGCAGCACCTC,12
mult-GAGTTAGCAGCCATGC,12
mult-GAGTTAGCAGGCTAAC,5
mult-GAGTTAGCCATCAAGT,6
mult-GAGTTAGCATAGCGAC,4
mult-GAGTTAGCATCATTCC,12
mult-GAGTTAGCATTGGCTC,5
mult-GAGTTAGCCAAGGAGC,5
mult-GAGTTAGCCACCTTAC,5
mult-GAGTTAGCCCATCCTC,5
mult-GAGTTAGCCCGACAAC,12
mult-GAGTTAGCCCTAATCC,12
mult-GAGTTAGCCCTCTATC,12
mult-GAGTTAGCCGACACAC,8
mult-GAGTTAGCCGCTGATC,6
mult-GAGTTAGCCGGATTGC,10
mult-GAGTTAGCCTAAGGTC,10
mult-GAGTTAGCGAACAGGC,10
mult-GAGTTAGCGACAGTGC,10
mult-GAGTTAGCGAGTTAGC,10
mult-GAGTTAGCGATGAATC,4
mult-GAGTTAGCGCCAAGAC,12
mult-GAGTTAGCCGGAAGAA,12
mult-GAGTTAGCGTGACAAG,12
mult-GAGTTAGCGAACCAGA,12
mult-ACGCTCGAACAAGCTA,2
mult-ACGCTCGATTGCTGGA,3
mult-ACGCTCGACTGTAGCC,8
mult-ACGCTCGAAGTACAAG,8
mult-ACGCTCGAAACAACCA,4
mult-ACGCTCGAAACCGAGA,0
mult-ACGCTCGAAACGCTTA,0
mult-ACGCTCGAAAGACGGA,0
mult-ACGCTCGAAAGGTACA,0
mult-ACGCTCGAACACAGAA,0
mult-ACGCTCGAACAGCAGA,0
mult-ACGCTCGAACCTCCAA,0
mult-ACGCTCGAACGCTCGA,0
mult-ACGCTCGAACGTATCA,0
mult-ACGCTCGAACTATGCA,0
mult-ACGCTCGAAGAGTCAA,0
mult-ACGCTCGAAGATCGCA,0
mult-ACGCTCGAAGCAGGAA,0
mult-ACGCTCGAAGTCACTA,0
mult-ACGCTCGAATCCTGTA,0
mult-ACGCTCGAATTGAGGA,0
mult-ACGCTCGACAACCACA,0
mult-ACGCTCGAGACTAGTA,0
mult-ACGCTCGACAATGGAA,0
mult-ACGCTCGACACTTCGA,0
mult-ACGCTCGACAGCGTTA,0
mult-ACGCTCGACATACCAA,4
mult-ACGCTCGACCAGTTCA,12
mult-ACGCTCGACCGAAGTA,4
mult-ACGCTCGACCGTGAGA,4
mult-ACGCTCGACCTCCTGA,4
mult-ACGCTCGACGAACTTA,4
mult-ACGCTCGACGACTGGA,7
mult-ACGCTCGACGCATACA,7
mult-ACGCTCGACTCAATGA,7
mult-ACGCTCGACTGAGCCA,7
mult-ACGCTCGACTGGCATA,7
mult-ACGCTCGAGAATCTGA,7
mult-ACGCTCGACAAGACTA,7
mult-ACGCTCGAGAGCTGAA,7
mult-ACGCTCGAGATAGACA,7
mult-ACGCTCGAGCCACATA,7
mult-ACGCTCGAGCGAGTAA,7
mult-ACGCTCGAGCTAACGA,7
mult-ACGCTCGAGCTCGGTA,7
mult-ACGCTCGAGGAGAACA,7
mult-ACGCTCGAGGTGCGAA,7
mult-ACGCTCGAGTACGCAA,7
mult-ACGCTCGAGTCGTAGA,7
mult-ACGCTCGAGTCTGTCA,9
mult-ACGCTCGAGTGTTCTA,9
mult-ACGCTCGAACATTGGC,2
mult-ACGCTCGATAGGATGA,9
mult-ACGCTCGATATCAGCA,9
mult-ACGCTCGATCCGTCTA,9
mult-ACGCTCGATCTTCACA,9
mult-ACGCTCGATGAAGAGA,7
mult-ACGCTCGATGGAACAA,7
mult-ACGCTCGATGGCTTCA,7
mult-ACGCTCGATGGTGGTA,7
mult-ACGCTCGATTCACGCA,7
mult-ACGCTCGAAACTCACC,7
mult-ACGCTCGACAGATCTG,2
mult-ACGCTCGAAAGAGATC,7
mult-ACGCTCGAAAGGACAC,7
mult-ACGCTCGAAATCCGTC,7
mult-ACGCTCGAAATGTTGC,7
mult-ACGCTCGAACACGACC,7
mult-ACGCTCGAACAGATTC,7
mult-ACGCTCGAAGATGTAC,7
mult-ACGCTCGAAGCACCTC,7
mult-ACGCTCGAAGCCATGC,7
mult-ACGCTCGAAGGCTAAC,7
mult-ACGCTCGACATCAAGT,2
mult-ACGCTCGAATAGCGAC,7
mult-ACGCTCGAATCATTCC,4
mult-ACGCTCGAATTGGCTC,3
mult-ACGCTCGACAAGGAGC,3
mult-ACGCTCGACACCTTAC,3
mult-ACGCTCGACCATCCTC,3
mult-ACGCTCGACCGACAAC,4
mult-ACGCTCGACCTAATCC,4
mult-ACGCTCGACCTCTATC,4
mult-ACGCTCGACGACACAC,3
mult-ACGCTCGACGCTGATC,2
mult-ACGCTCGACGGATTGC,3
mult-ACGCTCGACTAAGGTC,10
mult-ACGCTCGAGAACAGGC,10
mult-ACGCTCGAGACAGTGC,10
mult-ACGCTCGAGAGTTAGC,10
mult-ACGCTCGAGATGAATC,10
mult-ACGCTCGAGCCAAGAC,10
mult-ACGCTCGACGGAAGAA,3
mult-ACGCTCGAGTGACAAG,3
mult-ACGCTCGAGAACCAGA,3
mult-ACCTCCAAACAAGCTA,8
mult-ACCTCCAATTGCTGGA,3
mult-ACCTCCAACTGTAGCC,8
mult-ACCTCCAAAGTACAAG,8
mult-ACCTCCAAAACAACCA,0
mult-ACCTCCAAAACCGAGA,0
mult-ACCTCCAAAACGCTTA,4
mult-ACCTCCAAAAGACGGA,0
mult-ACCTCCAAAAGGTACA,0
mult-ACCTCCAAACACAGAA,0
mult-ACCTCCAAACAGCAGA,0
mult-ACCTCCAAACCTCCAA,0
mult-ACCTCCAAACGCTCGA,0
mult-ACCTCCAAACGTATCA,0
mult-ACCTCCAAACTATGCA,0
mult-ACCTCCAAAGAGTCAA,0
mult-ACCTCCAAAGATCGCA,0
mult-ACCTCCAAAGCAGGAA,0
mult-ACCTCCAAAGTCACTA,0
mult-ACCTCCAAATCCTGTA,0
mult-ACCTCCAAATTGAGGA,0
mult-ACCTCCAACAACCACA,0
mult-ACCTCCAAGACTAGTA,0
mult-ACCTCCAACAATGGAA,0
mult-ACCTCCAACACTTCGA,0
mult-ACCTCCAACAGCGTTA,0
mult-ACCTCCAACATACCAA,0
mult-ACCTCCAACCAGTTCA,0
mult-ACCTCCAACCGAAGTA,0
mult-ACCTCCAACCGTGAGA,4
mult-ACCTCCAACCTCCTGA,4
mult-ACCTCCAACGAACTTA,4
mult-ACCTCCAACGACTGGA,4
mult-ACCTCCAACGCATACA,7
mult-ACCTCCAACTCAATGA,7
mult-ACCTCCAACTGAGCCA,7
mult-ACCTCCAACTGGCATA,7
mult-ACCTCCAAGAATCTGA,7
mult-ACCTCCAACAAGACTA,7
mult-ACCTCCAAGAGCTGAA,7
mult-ACCTCCAAGATAGACA,7
mult-ACCTCCAAGCCACATA,7
mult-ACCTCCAAGCGAGTAA,7
mult-ACCTCCAAGCTAACGA,7
mult-ACCTCCAAGCTCGGTA,7
mult-ACCTCCAAGGAGAACA,7
mult-ACCTCCAAGGTGCGAA,7
mult-ACCTCCAAGTACGCAA,7
mult-ACCTCCAAGTCGTAGA,1
mult-ACCTCCAAGTCTGTCA,9
mult-ACCTCCAAGTGTTCTA,9
mult-ACCTCCAATAGGATGA,9
mult-ACCTCCAATATCAGCA,9
mult-ACCTCCAATCCGTCTA,9
mult-ACCTCCAATCTTCACA,1
mult-ACCTCCAATGAAGAGA,7
mult-ACCTCCAATGGAACAA,7
mult-ACCTCCAATGGCTTCA,7
mult-ACCTCCAATGGTGGTA,7
mult-ACCTCCAATTCACGCA,7
mult-ACCTCCAAAACTCACC,7
mult-ACCTCCAACAGATCTG,2
mult-ACCTCCAAAAGAGATC,7
mult-ACCTCCAAAAGGACAC,7
mult-ACCTCCAAAATCCGTC,7
mult-ACCTCCAAAATGTTGC,7
mult-ACCTCCAAACACGACC,7
mult-ACCTCCAAACAGATTC,7
mult-ACCTCCAAAGATGTAC,7
mult-ACCTCCAAAGCACCTC,7
mult-ACCTCCAAAGCCATGC,7
mult-ACCTCCAAAGGCTAAC,7
mult-ACCTCCAACATCAAGT,2
mult-ACCTCCAAATAGCGAC,7
mult-ACCTCCAAATCATTCC,7
mult-ACCTCCAAATTGGCTC,3
mult-ACCTCCAACAAGGAGC,3
mult-ACCTCCAACACCTTAC,10
mult-ACCTCCAACCATCCTC,4
mult-ACCTCCAACCGACAAC,4
mult-ACCTCCAACCTAATCC,4
mult-ACCTCCAACCTCTATC,4
mult-ACCTCCAACGACACAC,3
mult-ACCTCCAACGCTGATC,2
mult-ACCTCCAACGGATTGC,4
mult-ACCTCCAACTAAGGTC,2
mult-ACCTCCAAGAACAGGC,2
mult-ACCTCCAAGACAGTGC,10
mult-ACCTCCAAGAGTTAGC,2
mult-ACCTCCAAGATGAATC,10
mult-ACCTCCAAGCCAAGAC,3
mult-ACCTCCAACGGAAGAA,3
mult-ACCTCCAAGTGACAAG,3
mult-ACCTCCAAGAACCAGA,10
mult-ACAGCAGAACAAGCTA,8
mult-ACAGCAGATTGCTGGA,3
mult-ACAGCAGACTGTAGCC,8
mult-ACAGCAGAAGTACAAG,8
mult-ACAGCAGAAACAACCA,0
mult-ACAGCAGAAACCGAGA,0
mult-ACAGCAGAAACGCTTA,0
mult-ACAGCAGAAAGACGGA,0
mult-ACAGCAGAAAGGTACA,0
mult-ACAGCAGAACACAGAA,0
mult-ACAGCAGAACAGCAGA,0
mult-ACAGCAGAACCTCCAA,0
mult-ACAGCAGAACGCTCGA,0
mult-ACAGCAGAACGTATCA,0
mult-ACAGCAGAACTATGCA,0
mult-ACAGCAGAAGAGTCAA,0
mult-ACAGCAGAAGATCGCA,0
mult-ACAGCAGAAGCAGGAA,0
mult-ACAGCAGAAGTCACTA,4
mult-ACAGCAGAATCCTGTA,0
mult-ACAGCAGAATTGAGGA,0
mult-ACAGCAGACAACCACA,0
mult-ACAGCAGAGACTAGTA,0
mult-ACAGCAGACAATGGAA,0
mult-ACAGCAGACACTTCGA,0
mult-ACAGCAGACAGCGTTA,0
mult-ACAGCAGACATACCAA,0
mult-ACAGCAGACCAGTTCA,0
mult-ACAGCAGACCGAAGTA,0
mult-ACAGCAGACCGTGAGA,0
mult-ACAGCAGACCTCCTGA,4
mult-ACAGCAGACGAACTTA,4
mult-ACAGCAGACGACTGGA,4
mult-ACAGCAGACGCATACA,4
mult-ACAGCAGACTCAATGA,7
mult-ACAGCAGACTGAGCCA,1
mult-ACAGCAGACTGGCATA,7
mult-ACAGCAGAGAATCTGA,7
mult-ACAGCAGACAAGACTA,7
mult-ACAGCAGAGAGCTGAA,7
mult-ACAGCAGAGATAGACA,7
mult-ACAGCAGAGCCACATA,7
mult-ACAGCAGAGCGAGTAA,7
mult-ACAGCAGAGCTAACGA,7
mult-ACAGCAGAGCTCGGTA,7
mult-ACAGCAGAGGAGAACA,7
mult-ACAGCAGAGGTGCGAA,7
mult-ACAGCAGAGTACGCAA,7
mult-ACAGCAGAGTCGTAGA,1
mult-ACAGCAGAGTCTGTCA,9
mult-ACAGCAGAGTGTTCTA,9
mult-ACAGCAGATAGGATGA,9
mult-ACAGCAGATATCAGCA,9
mult-ACAGCAGATCCGTCTA,9
mult-ACAGCAGATCTTCACA,1
mult-ACAGCAGATGAAGAGA,7
mult-ACAGCAGATGGAACAA,7
mult-ACAGCAGATGGCTTCA,7
mult-ACAGCAGATGGTGGTA,7
mult-ACAGCAGATTCACGCA,7
mult-ACAGCAGAAACTCACC,7
mult-ACAGCAGAAAGAGATC,7
mult-ACAGCAGAAAGGACAC,7
mult-ACAGCAGAAATCCGTC,7
mult-ACAGCAGAAATGTTGC,7
mult-ACAGCAGAACACGACC,7
mult-ACAGCAGAACAGATTC,7
mult-ACAGCAGAAGATGTAC,7
mult-ACAGCAGAAGCACCTC,7
mult-ACAGCAGAAGCCATGC,7
mult-ACAGCAGAAGGCTAAC,7
mult-ACAGCAGACATCAAGT,2
mult-ACAGCAGAATAGCGAC,7
mult-ACAGCAGAATCATTCC,7
mult-ACAGCAGAATTGGCTC,7
mult-ACAGCAGACAAGGAGC,3
mult-ACAGCAGACACCTTAC,3
mult-ACAGCAGACCATCCTC,10
mult-ACAGCAGACCGACAAC,4
mult-ACAGCAGACCTAATCC,12
mult-ACAGCAGACCTCTATC,3
mult-ACAGCAGACGACACAC,3
mult-ACAGCAGACGCTGATC,2
mult-ACAGCAGACGGATTGC,3
mult-ACAGCAGACTAAGGTC,10
mult-ACAGCAGAGAACAGGC,2
mult-ACAGCAGAGACAGTGC,10
mult-ACAGCAGAGAGTTAGC,10
mult-ACAGCAGAGATGAATC,10
mult-ACAGCAGAGCCAAGAC,3
mult-ACAGCAGACGGAAGAA,3
mult-ACAGCAGAGTGACAAG,3
mult-ACAGCAGAGAACCAGA,3
mult-ACACAGAAACAAGCTA,10
mult-ACACAGAATTGCTGGA,3
mult-ACACAGAACTGTAGCC,2
mult-ACACAGAAAGTACAAG,8
mult-ACACAGAAAACAACCA,0
mult-ACACAGAAAACCGAGA,0
mult-ACACAGAAAACGCTTA,0
mult-ACACAGAAAAGACGGA,0
mult-ACACAGAAAAGGTACA,0
mult-ACACAGAAACACAGAA,0
mult-ACACAGAAACAGCAGA,0
mult-ACACAGAAACCTCCAA,0
mult-ACACAGAAACGCTCGA,0
mult-ACACAGAAACGTATCA,0
mult-ACACAGAAACTATGCA,0
mult-ACACAGAAAGAGTCAA,0
mult-ACACAGAAAGATCGCA,0
mult-ACACAGAAAGCAGGAA,0
mult-ACACAGAAAGTCACTA,0
mult-ACACAGAAATCCTGTA,0
mult-ACACAGAAATTGAGGA,6
mult-ACACAGAACAACCACA,0
mult-ACACAGAAGACTAGTA,0
mult-ACACAGAACAATGGAA,0
mult-ACACAGAACACTTCGA,0
mult-ACACAGAACAGCGTTA,0
mult-ACACAGAACATACCAA,0
mult-ACACAGAACCAGTTCA,0
mult-ACACAGAACCGAAGTA,0
mult-ACACAGAACCGTGAGA,4
mult-ACACAGAACCTCCTGA,4
mult-ACACAGAACGAACTTA,4
mult-ACACAGAACGACTGGA,4
mult-ACACAGAACGCATACA,7
mult-ACACAGAACTCAATGA,7
mult-ACACAGAACTGAGCCA,7
mult-ACACAGAACTGGCATA,7
mult-ACACAGAAGAATCTGA,7
mult-ACACAGAACAAGACTA,7
mult-ACACAGAAGAGCTGAA,7
mult-ACACAGAAGATAGACA,7
mult-ACACAGAAGCCACATA,7
mult-ACACAGAAGCGAGTAA,7
mult-ACACAGAAGCTAACGA,7
mult-ACACAGAAGCTCGGTA,7
mult-ACACAGAAGGAGAACA,7
mult-ACACAGAAGGTGCGAA,7
mult-ACACAGAAGTACGCAA,7
mult-ACACAGAAGTCGTAGA,1
mult-ACACAGAAGTCTGTCA,9
mult-ACACAGAAGTGTTCTA,9
mult-ACACAGAATAGGATGA,9
mult-ACACAGAATATCAGCA,9
mult-ACACAGAATCCGTCTA,1
mult-ACACAGAATCTTCACA,7
mult-ACACAGAATGAAGAGA,7
mult-ACACAGAATGGAACAA,7
mult-ACACAGAATGGCTTCA,7
mult-ACACAGAATGGTGGTA,7
mult-ACACAGAATTCACGCA,7
mult-ACACAGAAAACTCACC,7
mult-ACACAGAAAAGAGATC,7
mult-ACACAGAAAAGGACAC,7
mult-ACACAGAAAATCCGTC,7
mult-ACACAGAAAATGTTGC,7
mult-ACACAGAAACACGACC,7
mult-ACACAGAAACAGATTC,7
mult-ACACAGAAAGATGTAC,7
mult-ACACAGAAAGCACCTC,7
mult-ACACAGAAAGCCATGC,7
mult-ACACAGAAAGGCTAAC,7
mult-ACACAGAACATCAAGT,2
mult-ACACAGAAATAGCGAC,7
mult-ACACAGAAATCATTCC,7
mult-ACACAGAAATTGGCTC,7
mult-ACACAGAACAAGGAGC,3
mult-ACACAGAACACCTTAC,3
mult-ACACAGAACCATCCTC,3
mult-ACACAGAACCGACAAC,12
mult-ACACAGAACCTAATCC,12
mult-ACACAGAACCTCTATC,10
mult-ACACAGAACGACACAC,3
mult-ACACAGAACGCTGATC,2
mult-ACACAGAACGGATTGC,10
mult-ACACAGAACTAAGGTC,3
mult-ACACAGAAGAACAGGC,4
mult-ACACAGAAGACAGTGC,2
mult-ACACAGAAGAGTTAGC,10
mult-ACACAGAAGATGAATC,10
mult-ACACAGAAGCCAAGAC,3
mult-ACACAGAACGGAAGAA,3
mult-ACACAGAAGTGACAAG,4
mult-ACACAGAAGAACCAGA,3
mult-AAGGTACAACAAGCTA,8
mult-AAGGTACATTGCTGGA,3
mult-AAGGTACACTGTAGCC,8
mult-AAGGTACAAGTACAAG,8
mult-AAGGTACAAACAACCA,8
mult-AAGGTACAAACCGAGA,0
mult-AAGGTACAAACGCTTA,0
mult-AAGGTACAAAGACGGA,0
mult-AAGGTACAAAGGTACA,0
mult-AAGGTACAACACAGAA,0
mult-AAGGTACAACAGCAGA,0
mult-AAGGTACAACCTCCAA,0
mult-AAGGTACAACGCTCGA,0
mult-AAGGTACAACGTATCA,0
mult-AAGGTACAACTATGCA,0
mult-AAGGTACAAGAGTCAA,0
mult-AAGGTACAAGATCGCA,0
mult-AAGGTACAAGCAGGAA,0
mult-AAGGTACAAGTCACTA,0
mult-AAGGTACAATCCTGTA,4
mult-AAGGTACAATTGAGGA,0
mult-AAGGTACACAACCACA,0
mult-AAGGTACAGACTAGTA,0
mult-AAGGTACACAATGGAA,0
mult-AAGGTACACACTTCGA,0
mult-AAGGTACACAGCGTTA,0
mult-AAGGTACACATACCAA,0
mult-AAGGTACACCAGTTCA,0
mult-AAGGTACACCGAAGTA,0
mult-AAGGTACACCGTGAGA,0
mult-AAGGTACACCTCCTGA,4
mult-AAGGTACACGAACTTA,4
mult-AAGGTACACGACTGGA,4
mult-AAGGTACACGCATACA,4
mult-AAGGTACACTCAATGA,7
mult-AAGGTACACTGAGCCA,7
mult-AAGGTACACTGGCATA,7
mult-AAGGTACAGAATCTGA,7
mult-AAGGTACACAAGACTA,7
mult-AAGGTACAGAGCTGAA,7
mult-AAGGTACAGATAGACA,7
mult-AAGGTACAGCCACATA,7
mult-AAGGTACAGCGAGTAA,7
mult-AAGGTACAGCTAACGA,7
mult-AAGGTACAGCTCGGTA,7
mult-AAGGTACAGGAGAACA,7
mult-AAGGTACAGGTGCGAA,7
mult-AAGGTACAGTACGCAA,1
mult-AAGGTACAGTCGTAGA,7
mult-AAGGTACAGTCTGTCA,9
mult-AAGGTACAGTGTTCTA,9
mult-AAGGTACATAGGATGA,9
mult-AAGGTACATATCAGCA,1
mult-AAGGTACATCCGTCTA,7
mult-AAGGTACATCTTCACA,7
mult-AAGGTACATGAAGAGA,7
mult-AAGGTACATGGAACAA,7
mult-AAGGTACATGGCTTCA,7
mult-AAGGTACATGGTGGTA,7
mult-AAGGTACATTCACGCA,7
mult-AAGGTACAAACTCACC,7
mult-AAGGTACAAAGAGATC,7
mult-AAGGTACAAAGGACAC,7
mult-AAGGTACAAATCCGTC,7
mult-AAGGTACAAATGTTGC,7
mult-AAGGTACAACACGACC,7
mult-AAGGTACAACAGATTC,7
mult-AAGGTACAAGATGTAC,7
mult-AAGGTACAAGCACCTC,7
mult-AAGGTACAAGCCATGC,7
mult-AAGGTACAAGGCTAAC,7
mult-AAGGTACACATCAAGT,2
mult-AAGGTACAATAGCGAC,7
mult-AAGGTACAATCATTCC,7
mult-AAGGTACAATTGGCTC,7
mult-AAGGTACACAAGGAGC,3
mult-AAGGTACACACCTTAC,3
mult-AAGGTACACCATCCTC,3
mult-AAGGTACACCGACAAC,3
mult-AAGGTACACCTAATCC,4
mult-AAGGTACACCTCTATC,3
mult-AAGGTACACGACACAC,10
mult-AAGGTACACGCTGATC,2
mult-AAGGTACACGGATTGC,3
mult-AAGGTACACTAAGGTC,3
mult-AAGGTACAGAACAGGC,2
mult-AAGGTACAGACAGTGC,10
mult-AAGGTACAGAGTTAGC,10
mult-AAGGTACAGATGAATC,10
mult-AAGGTACAGCCAAGAC,4
mult-AAGGTACACGGAAGAA,3
mult-AAGGTACAGTGACAAG,3
mult-AAGGTACAGAACCAGA,3
mult-AAGACGGAACAAGCTA,2
mult-AAGACGGATTGCTGGA,3
mult-AAGACGGACTGTAGCC,2
mult-AAGACGGAAGTACAAG,8
mult-AAGACGGAAACAACCA,0
mult-AAGACGGAAACCGAGA,0
mult-AAGACGGAAACGCTTA,0
mult-AAGACGGAAAGACGGA,0
mult-AAGACGGAAAGGTACA,0
mult-AAGACGGAACACAGAA,0
mult-AAGACGGAACAGCAGA,0
mult-AAGACGGAACCTCCAA,0
mult-AAGACGGAACGCTCGA,0
mult-AAGACGGAACGTATCA,0
mult-AAGACGGAACTATGCA,0
mult-AAGACGGAAGAGTCAA,0
mult-AAGACGGAAGATCGCA,0
mult-AAGACGGAAGCAGGAA,0
mult-AAGACGGAAGTCACTA,0
mult-AAGACGGAATCCTGTA,0
mult-AAGACGGAATTGAGGA,0
mult-AAGACGGACAACCACA,0
mult-AAGACGGAGACTAGTA,0
mult-AAGACGGACAATGGAA,0
mult-AAGACGGACACTTCGA,0
mult-AAGACGGACAGCGTTA,0
mult-AAGACGGACATACCAA,0
mult-AAGACGGACCAGTTCA,0
mult-AAGACGGACCGAAGTA,0
mult-AAGACGGACCGTGAGA,4
mult-AAGACGGACCTCCTGA,4
mult-AAGACGGACGAACTTA,8
mult-AAGACGGACGACTGGA,4
mult-AAGACGGACGCATACA,8
mult-AAGACGGACTCAATGA,4
mult-AAGACGGACTGAGCCA,4
mult-AAGACGGACTGGCATA,4
mult-AAGACGGAGAATCTGA,7
mult-AAGACGGACAAGACTA,7
mult-AAGACGGAGAGCTGAA,7
mult-AAGACGGAGATAGACA,7
mult-AAGACGGAGCCACATA,7
mult-AAGACGGAGCGAGTAA,7
mult-AAGACGGAGCTAACGA,7
mult-AAGACGGAGCTCGGTA,7
mult-AAGACGGAGGAGAACA,1
mult-AAGACGGAGGTGCGAA,7
mult-AAGACGGAGTACGCAA,1
mult-AAGACGGAGTCGTAGA,1
mult-AAGACGGAGTCTGTCA,1
mult-AAGACGGAGTGTTCTA,1
mult-AAGACGGATAGGATGA,1
mult-AAGACGGATATCAGCA,7
mult-AAGACGGATCCGTCTA,7
mult-AAGACGGATCTTCACA,7
mult-AAGACGGATGAAGAGA,7
mult-AAGACGGATGGAACAA,7
mult-AAGACGGATGGCTTCA,7
mult-AAGACGGATGGTGGTA,7
mult-AAGACGGATTCACGCA,7
mult-AAGACGGAAACTCACC,7
mult-AAGACGGAAAGAGATC,7
mult-AAGACGGAAAGGACAC,7
mult-AAGACGGAAATCCGTC,7
mult-AAGACGGAAATGTTGC,7
mult-AAGACGGAACACGACC,7
mult-AAGACGGAACAGATTC,7
mult-AAGACGGAAGATGTAC,7
mult-AAGACGGAAGCACCTC,7
mult-AAGACGGAAGCCATGC,7
mult-AAGACGGAAGGCTAAC,7
mult-AAGACGGAATAGCGAC,7
mult-AAGACGGAATCATTCC,7
mult-AAGACGGAATTGGCTC,7
mult-AAGACGGACAAGGAGC,7
mult-AAGACGGACACCTTAC,3
mult-AAGACGGACCATCCTC,3
mult-AAGACGGACCGACAAC,3
mult-AAGACGGACCTAATCC,3
mult-AAGACGGACCTCTATC,3
mult-AAGACGGACGACACAC,3
mult-AAGACGGACGCTGATC,2
mult-AAGACGGACGGATTGC,3
mult-AAGACGGACTAAGGTC,3
mult-AAGACGGAGAACAGGC,10
mult-AAGACGGAGACAGTGC,10
mult-AAGACGGAGAGTTAGC,10
mult-AAGACGGAGATGAATC,10
mult-AAGACGGAGCCAAGAC,10
mult-AAGACGGACGGAAGAA,3
mult-AAGACGGAGTGACAAG,3
mult-AAGACGGAGAACCAGA,3
mult-AACGCTTAACAAGCTA,2
mult-AACGCTTATTGCTGGA,3
mult-AACGCTTACTGTAGCC,8
mult-AACGCTTAAGTACAAG,8
mult-AACGCTTAAACAACCA,8
mult-AACGCTTAAACCGAGA,0
mult-AACGCTTAAACGCTTA,0
mult-AACGCTTAAAGACGGA,0
mult-AACGCTTAAAGGTACA,0
mult-AACGCTTAACACAGAA,0
mult-AACGCTTAACAGCAGA,0
mult-AACGCTTAACCTCCAA,0
mult-AACGCTTAACGCTCGA,0
mult-AACGCTTAACGTATCA,0
mult-AACGCTTAACTATGCA,0
mult-AACGCTTAAGAGTCAA,0
mult-AACGCTTAAGATCGCA,0
mult-AACGCTTAAGCAGGAA,0
mult-AACGCTTAAGTCACTA,0
mult-AACGCTTAATCCTGTA,0
mult-AACGCTTAATTGAGGA,0
mult-AACGCTTACAACCACA,0
mult-AACGCTTAGACTAGTA,0
mult-AACGCTTACAATGGAA,0
mult-AACGCTTACACTTCGA,0
mult-AACGCTTACAGCGTTA,0
mult-AACGCTTACATACCAA,4
mult-AACGCTTACCAGTTCA,0
mult-AACGCTTACCGAAGTA,12
mult-AACGCTTACCGTGAGA,0
mult-AACGCTTACCTCCTGA,4
mult-AACGCTTACGAACTTA,4
mult-AACGCTTACGACTGGA,8
mult-AACGCTTACGCATACA,8
mult-AACGCTTACTCAATGA,4
mult-AACGCTTACTGAGCCA,4
mult-AACGCTTACTGGCATA,4
mult-AACGCTTAGAATCTGA,8
mult-AACGCTTACAAGACTA,7
mult-AACGCTTAGAGCTGAA,7
mult-AACGCTTAGATAGACA,7
mult-AACGCTTAGCCACATA,7
mult-AACGCTTAGCGAGTAA,7
mult-AACGCTTAGCTAACGA,7
mult-AACGCTTAGCTCGGTA,7
mult-AACGCTTAGGAGAACA,1
mult-AACGCTTAGGTGCGAA,1
mult-AACGCTTAGTACGCAA,1
mult-AACGCTTAGTCGTAGA,1
mult-AACGCTTAGTCTGTCA,7
mult-AACGCTTAGTGTTCTA,7
mult-AACGCTTATAGGATGA,7
mult-AACGCTTATATCAGCA,7
mult-AACGCTTATCCGTCTA,7
mult-AACGCTTATCTTCACA,7
mult-AACGCTTATGAAGAGA,7
mult-AACGCTTATGGAACAA,7
mult-AACGCTTATGGCTTCA,7
mult-AACGCTTATGGTGGTA,7
mult-AACGCTTATTCACGCA,7
mult-AACGCTTAAACTCACC,7
mult-AACGCTTAAAGAGATC,7
mult-AACGCTTAAAGGACAC,7
mult-AACGCTTAAATCCGTC,7
mult-AACGCTTAAATGTTGC,7
mult-AACGCTTAACACGACC,7
mult-AACGCTTAACAGATTC,7
mult-AACGCTTAAGATGTAC,7
mult-AACGCTTAAGCACCTC,7
mult-AACGCTTAAGCCATGC,7
mult-AACGCTTAAGGCTAAC,7
mult-AACGCTTAATAGCGAC,7
mult-AACGCTTAATCATTCC,7
mult-AACGCTTAATTGGCTC,7
mult-AACGCTTACAAGGAGC,7
mult-AACGCTTACACCTTAC,3
mult-AACGCTTACCATCCTC,3
mult-AACGCTTACCGACAAC,3
mult-AACGCTTACCTAATCC,3
mult-AACGCTTACCTCTATC,3
mult-AACGCTTACGACACAC,3
mult-AACGCTTACGGATTGC,3
mult-AACGCTTACTAAGGTC,10
mult-AACGCTTAGAACAGGC,2
mult-AACGCTTAGACAGTGC,2
mult-AACGCTTAGAGTTAGC,10
mult-AACGCTTAGATGAATC,10
mult-AACGCTTAGCCAAGAC,10
mult-AACGCTTACGGAAGAA,3
mult-AACGCTTAGTGACAAG,3
mult-AACGCTTAGAACCAGA,3
mult-AACCGAGAACAAGCTA,2
mult-AACCGAGATTGCTGGA,3
mult-AACCGAGACTGTAGCC,2
mult-AACCGAGAAGTACAAG,8
mult-AACCGAGAAACAACCA,2
mult-AACCGAGAAACCGAGA,4
mult-AACCGAGAAACGCTTA,8
mult-AACCGAGAAAGACGGA,0
mult-AACCGAGAAAGGTACA,0
mult-AACCGAGAACACAGAA,0
mult-AACCGAGAACAGCAGA,0
mult-AACCGAGAACCTCCAA,0
mult-AACCGAGAACGCTCGA,0
mult-AACCGAGAACGTATCA,0
mult-AACCGAGAACTATGCA,0
mult-AACCGAGAAGAGTCAA,0
mult-AACCGAGAAGATCGCA,0
mult-AACCGAGAAGCAGGAA,0
mult-AACCGAGAAGTCACTA,0
mult-AACCGAGAATCCTGTA,0
mult-AACCGAGAATTGAGGA,0
mult-AACCGAGACAACCACA,0
mult-AACCGAGAGACTAGTA,0
mult-AACCGAGACAATGGAA,0
mult-AACCGAGACACTTCGA,0
mult-AACCGAGACAGCGTTA,0
mult-AACCGAGACATACCAA,6
mult-AACCGAGACCAGTTCA,4
mult-AACCGAGACCGAAGTA,4
mult-AACCGAGACCGTGAGA,12
mult-AACCGAGACCTCCTGA,4
mult-AACCGAGACGAACTTA,8
mult-AACCGAGACGACTGGA,8
mult-AACCGAGACGCATACA,4
mult-AACCGAGACTCAATGA,0
mult-AACCGAGACTGAGCCA,4
mult-AACCGAGACTGGCATA,8
mult-AACCGAGAGAATCTGA,4
mult-AACCGAGACAAGACTA,7
mult-AACCGAGAGAGCTGAA,7
mult-AACCGAGAGATAGACA,7
mult-AACCGAGAGCCACATA,7
mult-AACCGAGAGCGAGTAA,7
mult-AACCGAGAGCTAACGA,7
mult-AACCGAGAGCTCGGTA,7
mult-AACCGAGAGGAGAACA,7
mult-AACCGAGAGGTGCGAA,1
mult-AACCGAGAGTACGCAA,1
mult-AACCGAGAGTCGTAGA,7
mult-AACCGAGAGTCTGTCA,7
mult-AACCGAGAGTGTTCTA,7
mult-AACCGAGATAGGATGA,7
mult-AACCGAGATATCAGCA,7
mult-AACCGAGATCCGTCTA,7
mult-AACCGAGATCTTCACA,7
mult-AACCGAGATGAAGAGA,7
mult-AACCGAGATGGAACAA,7
mult-AACCGAGATGGCTTCA,7
mult-AACCGAGATGGTGGTA,7
mult-AACCGAGATTCACGCA,7
mult-AACCGAGAAACTCACC,7
mult-AACCGAGAAAGAGATC,7
mult-AACCGAGAAAGGACAC,7
mult-AACCGAGAAATCCGTC,7
mult-AACCGAGAAATGTTGC,7
mult-AACCGAGAACACGACC,7
mult-AACCGAGAACAGATTC,7
mult-AACCGAGAAGATGTAC,7
mult-AACCGAGAAGCACCTC,7
mult-AACCGAGAAGCCATGC,7
mult-AACCGAGAAGGCTAAC,7
mult-AACCGAGAATAGCGAC,7
mult-AACCGAGAATCATTCC,7
mult-AACCGAGAATTGGCTC,7
mult-AACCGAGACAAGGAGC,7
mult-AACCGAGACACCTTAC,3
mult-AACCGAGACCATCCTC,3
mult-AACCGAGACCGACAAC,3
mult-AACCGAGACCTAATCC,3
mult-AACCGAGACCTCTATC,3
mult-AACCGAGACGACACAC,3
mult-AACCGAGACGGATTGC,10
mult-AACCGAGACTAAGGTC,10
mult-AACCGAGAGAACAGGC,10
mult-AACCGAGAGACAGTGC,10
mult-AACCGAGAGAGTTAGC,10
mult-AACCGAGAGATGAATC,10
mult-AACCGAGAGCCAAGAC,10
mult-AACCGAGACGGAAGAA,4
mult-AACCGAGAGTGACAAG,3
mult-AACCGAGAGAACCAGA,3
mult-AACAACCATTGCTGGA,3
mult-AACAACCACTGTAGCC,2
mult-AACAACCAAGTACAAG,2
mult-AACAACCAAACAACCA,8
mult-AACAACCAAACCGAGA,8
mult-AACAACCAAACGCTTA,8
mult-AACAACCAAAGACGGA,8
mult-AACAACCAAAGGTACA,8
mult-AACAACCAACACAGAA,0
mult-AACAACCAACAGCAGA,0
mult-AACAACCAACCTCCAA,0
mult-AACAACCAACGCTCGA,0
mult-AACAACCAACGTATCA,0
mult-AACAACCAACTATGCA,0
mult-AACAACCAAGAGTCAA,0
mult-AACAACCAAGATCGCA,0
mult-AACAACCAAGCAGGAA,0
mult-AACAACCAAGTCACTA,0
mult-AACAACCAATCCTGTA,0
mult-AACAACCAATTGAGGA,0
mult-AACAACCACAACCACA,0
mult-AACAACCAGACTAGTA,0
mult-AACAACCACAATGGAA,0
mult-AACAACCACACTTCGA,0
mult-AACAACCACAGCGTTA,0
mult-AACAACCACATACCAA,6
mult-AACAACCACCAGTTCA,6
mult-AACAACCACCGAAGTA,12
mult-AACAACCACCGTGAGA,12
mult-AACAACCACCTCCTGA,8
mult-AACAACCACGAACTTA,8
mult-AACAACCACGACTGGA,8
mult-AACAACCACGCATACA,6
mult-AACAACCACTCAATGA,4
mult-AACAACCACTGAGCCA,8
mult-AACAACCACTGGCATA,4
mult-AACAACCAGAATCTGA,8
mult-AACAACCACAAGACTA,4
mult-AACAACCAGAGCTGAA,7
mult-AACAACCAGATAGACA,7
mult-AACAACCAGCCACATA,7
mult-AACAACCAGCGAGTAA,7
mult-AACAACCAGCTAACGA,7
mult-AACAACCAGCTCGGTA,7
mult-AACAACCAGGAGAACA,7
mult-AACAACCAGGTGCGAA,7
mult-AACAACCAGTACGCAA,7
mult-AACAACCAGTCGTAGA,7
mult-AACAACCAGTCTGTCA,7
mult-AACAACCAGTGTTCTA,7
mult-AACAACCATAGGATGA,7
mult-AACAACCATATCAGCA,7
mult-AACAACCATCCGTCTA,7
mult-AACAACCATCTTCACA,7
mult-AACAACCATGAAGAGA,7
mult-AACAACCATGGAACAA,7
mult-AACAACCATGGCTTCA,7
mult-AACAACCATGGTGGTA,7
mult-AACAACCATTCACGCA,7
mult-AACAACCAAACTCACC,7
mult-AACAACCAAAGAGATC,7
mult-AACAACCAAAGGACAC,7
mult-AACAACCAAATCCGTC,7
mult-AACAACCAAATGTTGC,7
mult-AACAACCAACACGACC,7
mult-AACAACCAACAGATTC,7
mult-AACAACCAAGATGTAC,7
mult-AACAACCAAGCACCTC,7
mult-AACAACCAAGCCATGC,7
mult-AACAACCAAGGCTAAC,7
mult-AACAACCAATAGCGAC,7
mult-AACAACCAATCATTCC,7
mult-AACAACCAATTGGCTC,7
mult-AACAACCACAAGGAGC,7
mult-AACAACCACACCTTAC,4
mult-AACAACCACCATCCTC,3
mult-AACAACCACCGACAAC,3
mult-AACAACCACCTAATCC,3
mult-AACAACCACCTCTATC,3
mult-AACAACCACGACACAC,3
mult-AACAACCACGGATTGC,10
mult-AACAACCACTAAGGTC,10
mult-AACAACCAGAACAGGC,10
mult-AACAACCAGACAGTGC,10
mult-AACAACCAGAGTTAGC,10
mult-AACAACCAGATGAATC,10
mult-AACAACCAGCCAAGAC,10
mult-AACAACCACGGAAGAA,3
mult-AACAACCAGTGACAAG,3
mult-AACAACCAGAACCAGA,3
mult-AGTACAAGTTGCTGGA,3
mult-AGTACAAGCTGTAGCC,2
mult-AGTACAAGAGTACAAG,8
mult-AGTACAAGAACAACCA,8
mult-AGTACAAGAACCGAGA,2
mult-AGTACAAGAACGCTTA,8
mult-AGTACAAGAAGACGGA,8
mult-AGTACAAGAAGGTACA,8
mult-AGTACAAGACACAGAA,0
mult-AGTACAAGACAGCAGA,0
mult-AGTACAAGACCTCCAA,0
mult-AGTACAAGACGCTCGA,0
mult-AGTACAAGACGTATCA,0
mult-AGTACAAGACTATGCA,0
mult-AGTACAAGAGAGTCAA,0
mult-AGTACAAGAGATCGCA,0
mult-AGTACAAGAGCAGGAA,0
mult-AGTACAAGAGTCACTA,0
mult-AGTACAAGATCCTGTA,0
mult-AGTACAAGATTGAGGA,0
mult-AGTACAAGCAACCACA,0
mult-AGTACAAGGACTAGTA,0
mult-AGTACAAGCAATGGAA,0
mult-AGTACAAGCACTTCGA,0
mult-AGTACAAGCAGCGTTA,0
mult-AGTACAAGCATACCAA,6
mult-AGTACAAGCCAGTTCA,4
mult-AGTACAAGCCGAAGTA,0
mult-AGTACAAGCCGTGAGA,8
mult-AGTACAAGCCTCCTGA,0
mult-AGTACAAGCGAACTTA,4
mult-AGTACAAGCGACTGGA,6
mult-AGTACAAGCGCATACA,4
mult-AGTACAAGCTCAATGA,4
mult-AGTACAAGCTGAGCCA,4
mult-AGTACAAGCTGGCATA,4
mult-AGTACAAGGAATCTGA,8
mult-AGTACAAGCAAGACTA,8
mult-AGTACAAGGAGCTGAA,4
mult-AGTACAAGGATAGACA,7
mult-AGTACAAGGCCACATA,7
mult-AGTACAAGGCGAGTAA,7
mult-AGTACAAGGCTAACGA,7
mult-AGTACAAGGCTCGGTA,7
mult-AGTACAAGGGAGAACA,7
mult-AGTACAAGGGTGCGAA,7
mult-AGTACAAGGTACGCAA,7
mult-AGTACAAGGTCGTAGA,7
mult-AGTACAAGGTCTGTCA,7
mult-AGTACAAGGTGTTCTA,7
mult-AGTACAAGTAGGATGA,7
mult-AGTACAAGTATCAGCA,7
mult-AGTACAAGTCCGTCTA,7
mult-AGTACAAGTCTTCACA,7
mult-AGTACAAGTGAAGAGA,7
mult-AGTACAAGTGGAACAA,7
mult-AGTACAAGTGGCTTCA,7
mult-AGTACAAGTGGTGGTA,7
mult-AGTACAAGTTCACGCA,7
mult-AGTACAAGAACTCACC,7
mult-AGTACAAGAAGAGATC,7
mult-AGTACAAGAAGGACAC,7
mult-AGTACAAGAATCCGTC,7
mult-AGTACAAGAATGTTGC,7
mult-AGTACAAGACACGACC,7
mult-AGTACAAGACAGATTC,7
mult-AGTACAAGAGATGTAC,7
mult-AGTACAAGAGCACCTC,7
mult-AGTACAAGAGCCATGC,7
mult-AGTACAAGAGGCTAAC,7
mult-AGTACAAGATAGCGAC,7
mult-AGTACAAGATCATTCC,7
mult-AGTACAAGATTGGCTC,7
mult-AGTACAAGCAAGGAGC,7
mult-AGTACAAGCACCTTAC,4
mult-AGTACAAGCCATCCTC,3
mult-AGTACAAGCCGACAAC,3
mult-AGTACAAGCCTAATCC,3
mult-AGTACAAGCCTCTATC,4
mult-AGTACAAGCGACACAC,3
mult-AGTACAAGCGGATTGC,10
mult-AGTACAAGCTAAGGTC,10
mult-AGTACAAGGAACAGGC,10
mult-AGTACAAGGACAGTGC,10
mult-AGTACAAGGAGTTAGC,10
mult-AGTACAAGGATGAATC,10
mult-AGTACAAGGCCAAGAC,3
mult-AGTACAAGCGGAAGAA,3
mult-AGTACAAGGTGACAAG,3
mult-AGTACAAGGAACCAGA,3
mult-GACAGTGCAACGTGAT,6
mult-GACAGTGCACAAGCTA,6
mult-GACAGTGCTTGCTGGA,12
mult-GACAGTGCCTGTAGCC,6
mult-GACAGTGCAGTACAAG,6
mult-GACAGTGCAACAACCA,6
mult-GACAGTGCAACCGAGA,6
mult-GACAGTGCAACGCTTA,6
mult-GACAGTGCAAGACGGA,6
mult-GACAGTGCAAGGTACA,6
mult-GACAGTGCACACAGAA,6
mult-GACAGTGCACAGCAGA,6
mult-GACAGTGCAAACATCG,8
mult-GACAGTGCACCTCCAA,6
mult-GACAGTGCACGCTCGA,6
mult-GACAGTGCACGTATCA,6
mult-GACAGTGCACTATGCA,6
mult-GACAGTGCAGAGTCAA,6
mult-GACAGTGCAGATCGCA,12
mult-GACAGTGCAGCAGGAA,12
mult-GACAGTGCAGTCACTA,12
mult-GACAGTGCATCCTGTA,12
mult-GACAGTGCATTGAGGA,12
mult-GACAGTGCATGCCTAA,6
mult-GACAGTGCCAACCACA,8
mult-GACAGTGCGACTAGTA,12
mult-GACAGTGCCAATGGAA,12
mult-GACAGTGCCACTTCGA,12
mult-GACAGTGCCAGCGTTA,12
mult-GACAGTGCCATACCAA,12
mult-GACAGTGCCCAGTTCA,12
mult-GACAGTGCCCGAAGTA,12
mult-GACAGTGCCCGTGAGA,12
mult-GACAGTGCCCTCCTGA,12
mult-GACAGTGCAGTGGTCA,8
mult-GACAGTGCCGAACTTA,12
mult-GACAGTGCCGACTGGA,12
mult-GACAGTGCCGCATACA,12
mult-GACAGTGCCTCAATGA,12
mult-GACAGTGCCTGAGCCA,12
mult-GACAGTGCCTGGCATA,4
mult-GACAGTGCGAATCTGA,12
mult-GACAGTGCCAAGACTA,12
mult-GACAGTGCGAGCTGAA,12
mult-GACAGTGCGATAGACA,12
mult-GACAGTGCACCACTGT,6
mult-GACAGTGCGCCACATA,12
mult-GACAGTGCGCGAGTAA,12
mult-GACAGTGCGCTAACGA,12
mult-GACAGTGCGCTCGGTA,12
mult-GACAGTGCGGAGAACA,12
mult-GACAGTGCGGTGCGAA,9
mult-GACAGTGCGTACGCAA,9
mult-GACAGTGCGTCGTAGA,9
mult-GACAGTGCGTCTGTCA,9
mult-GACAGTGCGTGTTCTA,9
mult-GACAGTGCACATTGGC,6
mult-GACAGTGCTAGGATGA,9
mult-GACAGTGCTATCAGCA,9
mult-GACAGTGCTCCGTCTA,9
mult-GACAGTGCTCTTCACA,9
mult-GACAGTGCTGAAGAGA,9
mult-GACAGTGCTGGAACAA,9
mult-GACAGTGCTGGCTTCA,9
mult-GACAGTGCTGGTGGTA,9
mult-GACAGTGCTTCACGCA,9
mult-GACAGTGCAACTCACC,9
mult-GACAGTGCCAGATCTG,6
mult-GACAGTGCAAGAGATC,8
mult-GACAGTGCAAGGACAC,12
mult-GACAGTGCAATCCGTC,4
mult-GACAGTGCAATGTTGC,12
mult-GACAGTGCACACGACC,12
mult-GACAGTGCACAGATTC,12
mult-GACAGTGCAGATGTAC,12
mult-GACAGTGCAGCACCTC,4
mult-GACAGTGCAGCCATGC,12
mult-GACAGTGCAGGCTAAC,4
mult-GACAGTGCCATCAAGT,6
mult-GACAGTGCATAGCGAC,12
mult-GACAGTGCATCATTCC,5
mult-GACAGTGCATTGGCTC,5
mult-GACAGTGCCAAGGAGC,5
mult-GACAGTGCCACCTTAC,5
mult-GACAGTGCCCATCCTC,5
mult-GACAGTGCCCGACAAC,12
mult-GACAGTGCCCTAATCC,5
mult-GACAGTGCCCTCTATC,12
mult-GACAGTGCCGACACAC,8
mult-GACAGTGCCGCTGATC,6
mult-GACAGTGCCGGATTGC,10
mult-GACAGTGCCTAAGGTC,10
mult-GACAGTGCGAACAGGC,10
mult-GACAGTGCGACAGTGC,10
mult-GACAGTGCGAGTTAGC,10
mult-GACAGTGCGATGAATC,4
mult-GACAGTGCGCCAAGAC,4
mult-GACAGTGCCGGAAGAA,4
mult-GACAGTGCGTGACAAG,12
mult-GACAGTGCGAACCAGA,4
mult-CTGTAGCCTTGCTGGA,3
mult-CTGTAGCCAGTACAAG,8
mult-CTGTAGCCAACAACCA,2
mult-CTGTAGCCAACCGAGA,8
mult-CTGTAGCCAACGCTTA,8
mult-CTGTAGCCAAGACGGA,2
mult-CTGTAGCCAAGGTACA,8
mult-CTGTAGCCACACAGAA,8
mult-CTGTAGCCACAGCAGA,8
mult-CTGTAGCCACCTCCAA,4
mult-CTGTAGCCACGCTCGA,0
mult-CTGTAGCCACGTATCA,0
mult-CTGTAGCCACTATGCA,0
mult-CTGTAGCCAGAGTCAA,0
mult-CTGTAGCCAGATCGCA,0
mult-CTGTAGCCAGCAGGAA,0
mult-CTGTAGCCAGTCACTA,0
mult-CTGTAGCCATCCTGTA,0
mult-CTGTAGCCATTGAGGA,0
mult-CTGTAGCCCAACCACA,0
mult-CTGTAGCCGACTAGTA,0
mult-CTGTAGCCCAATGGAA,0
mult-CTGTAGCCCACTTCGA,0
mult-CTGTAGCCCAGCGTTA,0
mult-CTGTAGCCCATACCAA,8
mult-CTGTAGCCCCAGTTCA,8
mult-CTGTAGCCCCGAAGTA,4
mult-CTGTAGCCCCGTGAGA,0
mult-CTGTAGCCCCTCCTGA,0
mult-CTGTAGCCCGAACTTA,0
mult-CTGTAGCCCGACTGGA,0
mult-CTGTAGCCCGCATACA,0
mult-CTGTAGCCCTCAATGA,8
mult-CTGTAGCCCTGAGCCA,4
mult-CTGTAGCCCTGGCATA,4
mult-CTGTAGCCGAATCTGA,6
mult-CTGTAGCCCAAGACTA,4
mult-CTGTAGCCGAGCTGAA,4
mult-CTGTAGCCGATAGACA,7
mult-CTGTAGCCGCCACATA,7
mult-CTGTAGCCGCGAGTAA,7
mult-CTGTAGCCGCTAACGA,7
mult-CTGTAGCCGCTCGGTA,7
mult-CTGTAGCCGGAGAACA,7
mult-CTGTAGCCGGTGCGAA,7
mult-CTGTAGCCGTACGCAA,7
mult-CTGTAGCCGTCGTAGA,7
mult-CTGTAGCCGTCTGTCA,7
mult-CTGTAGCCGTGTTCTA,7
mult-CTGTAGCCTAGGATGA,7
mult-CTGTAGCCTATCAGCA,7
mult-CTGTAGCCTCCGTCTA,7
mult-CTGTAGCCTCTTCACA,7
mult-CTGTAGCCTGAAGAGA,7
mult-CTGTAGCCTGGAACAA,7
mult-CTGTAGCCTGGCTTCA,7
mult-CTGTAGCCTGGTGGTA,7
mult-CTGTAGCCTTCACGCA,7
mult-CTGTAGCCAACTCACC,7
mult-CTGTAGCCAAGAGATC,7
mult-CTGTAGCCAAGGACAC,7
mult-CTGTAGCCAATCCGTC,7
mult-CTGTAGCCAATGTTGC,7
mult-CTGTAGCCACACGACC,7
mult-CTGTAGCCACAGATTC,7
mult-CTGTAGCCAGATGTAC,7
mult-CTGTAGCCAGCACCTC,7
mult-CTGTAGCCAGCCATGC,7
mult-CTGTAGCCAGGCTAAC,7
mult-CTGTAGCCATAGCGAC,7
mult-CTGTAGCCATCATTCC,7
mult-CTGTAGCCATTGGCTC,7
mult-CTGTAGCCCAAGGAGC,7
mult-CTGTAGCCCACCTTAC,4
mult-CTGTAGCCCCATCCTC,3
mult-CTGTAGCCCCGACAAC,3
mult-CTGTAGCCCCTAATCC,3
mult-CTGTAGCCCCTCTATC,3
mult-CTGTAGCCCGACACAC,4
mult-CTGTAGCCCGGATTGC,3
mult-CTGTAGCCCTAAGGTC,10
mult-CTGTAGCCGAACAGGC,10
mult-CTGTAGCCGACAGTGC,10
mult-CTGTAGCCGAGTTAGC,10
mult-CTGTAGCCGATGAATC,10
mult-CTGTAGCCGCCAAGAC,4
mult-CTGTAGCCCGGAAGAA,3
mult-CTGTAGCCGTGACAAG,3
mult-CTGTAGCCGAACCAGA,3
mult-ACAAGCTATTGCTGGA,4
mult-ACAAGCTAAACAACCA,2
mult-ACAAGCTAAACCGAGA,2
mult-ACAAGCTAAACGCTTA,2
mult-ACAAGCTAAAGACGGA,8
mult-ACAAGCTAAAGGTACA,8
mult-ACAAGCTAACACAGAA,8
mult-ACAAGCTAACAGCAGA,8
mult-ACAAGCTAACCTCCAA,8
mult-ACAAGCTAACGCTCGA,0
mult-ACAAGCTAACGTATCA,0
mult-ACAAGCTAACTATGCA,0
mult-ACAAGCTAAGAGTCAA,0
mult-ACAAGCTAAGATCGCA,0
mult-ACAAGCTAAGCAGGAA,0
mult-ACAAGCTAAGTCACTA,0
mult-ACAAGCTAATCCTGTA,0
mult-ACAAGCTAATTGAGGA,0
mult-ACAAGCTACAACCACA,0
mult-ACAAGCTAGACTAGTA,0
mult-ACAAGCTACAATGGAA,0
mult-ACAAGCTACACTTCGA,0
mult-ACAAGCTACAGCGTTA,0
mult-ACAAGCTACATACCAA,0
mult-ACAAGCTACCAGTTCA,4
mult-ACAAGCTACCGAAGTA,0
mult-ACAAGCTACCGTGAGA,0
mult-ACAAGCTACCTCCTGA,0
mult-ACAAGCTACGAACTTA,0
mult-ACAAGCTACGACTGGA,0
mult-ACAAGCTACGCATACA,0
mult-ACAAGCTACTCAATGA,0
mult-ACAAGCTACTGAGCCA,4
mult-ACAAGCTACTGGCATA,6
mult-ACAAGCTAGAATCTGA,8
mult-ACAAGCTACAAGACTA,4
mult-ACAAGCTAGAGCTGAA,4
mult-ACAAGCTAGATAGACA,4
mult-ACAAGCTAGCCACATA,7
mult-ACAAGCTAGCGAGTAA,7
mult-ACAAGCTAGCTAACGA,7
mult-ACAAGCTAGCTCGGTA,7
mult-ACAAGCTAGGAGAACA,7
mult-ACAAGCTAGGTGCGAA,7
mult-ACAAGCTAGTACGCAA,7
mult-ACAAGCTAGTCGTAGA,7
mult-ACAAGCTAGTCTGTCA,7
mult-ACAAGCTAGTGTTCTA,7
mult-ACAAGCTATAGGATGA,7
mult-ACAAGCTATATCAGCA,7
mult-ACAAGCTATCCGTCTA,7
mult-ACAAGCTATCTTCACA,7
mult-ACAAGCTATGAAGAGA,7
mult-ACAAGCTATGGAACAA,7
mult-ACAAGCTATGGCTTCA,7
mult-ACAAGCTATGGTGGTA,7
mult-ACAAGCTATTCACGCA,7
mult-ACAAGCTAAACTCACC,7
mult-ACAAGCTAAAGAGATC,7
mult-ACAAGCTAAAGGACAC,7
mult-ACAAGCTAAATCCGTC,7
mult-ACAAGCTAAATGTTGC,7
mult-ACAAGCTAACACGACC,7
mult-ACAAGCTAACAGATTC,7
mult-ACAAGCTAAGATGTAC,7
mult-ACAAGCTAAGCACCTC,7
mult-ACAAGCTAAGCCATGC,7
mult-ACAAGCTAAGGCTAAC,7
mult-ACAAGCTAATAGCGAC,7
mult-ACAAGCTAATCATTCC,7
mult-ACAAGCTAATTGGCTC,7
mult-ACAAGCTACAAGGAGC,7
mult-ACAAGCTACACCTTAC,7
mult-ACAAGCTACCATCCTC,4
mult-ACAAGCTACCGACAAC,3
mult-ACAAGCTACCTAATCC,3
mult-ACAAGCTACCTCTATC,3
mult-ACAAGCTACGACACAC,3
mult-ACAAGCTACGGATTGC,3
mult-ACAAGCTACTAAGGTC,10
mult-ACAAGCTAGAACAGGC,10
mult-ACAAGCTAGACAGTGC,2
mult-ACAAGCTAGAGTTAGC,2
mult-ACAAGCTAGATGAATC,10
mult-ACAAGCTAGCCAAGAC,10
mult-ACAAGCTACGGAAGAA,4
mult-ACAAGCTAGTGACAAG,4
mult-ACAAGCTAGAACCAGA,3
mult-CGCTGATCTTGCTGGA,4
mult-CGCTGATCAACCGAGA,2
mult-CGCTGATCAACGCTTA,2
mult-CGCTGATCAAGACGGA,2
mult-CGCTGATCAAGGTACA,8
mult-CGCTGATCACACAGAA,2
mult-CGCTGATCACAGCAGA,8
mult-CGCTGATCACCTCCAA,8
mult-CGCTGATCACGCTCGA,4
mult-CGCTGATCACGTATCA,0
mult-CGCTGATCACTATGCA,8
mult-CGCTGATCAGAGTCAA,0
mult-CGCTGATCAGATCGCA,0
mult-CGCTGATCAGCAGGAA,0
mult-CGCTGATCAGTCACTA,0
mult-CGCTGATCATCCTGTA,0
mult-CGCTGATCATTGAGGA,0
mult-CGCTGATCCAACCACA,0
mult-CGCTGATCGACTAGTA,0
mult-CGCTGATCCAATGGAA,0
mult-CGCTGATCCACTTCGA,0
mult-CGCTGATCCAGCGTTA,0
mult-CGCTGATCCATACCAA,0
mult-CGCTGATCCCAGTTCA,0
mult-CGCTGATCCCGAAGTA,0
mult-CGCTGATCCCGTGAGA,4
mult-CGCTGATCCCTCCTGA,0
mult-CGCTGATCCGAACTTA,0
mult-CGCTGATCCGACTGGA,0
mult-CGCTGATCCGCATACA,3
mult-CGCTGATCCTCAATGA,4
mult-CGCTGATCCTGAGCCA,4
mult-CGCTGATCCTGGCATA,8
mult-CGCTGATCGAATCTGA,4
mult-CGCTGATCCAAGACTA,3
mult-CGCTGATCGAGCTGAA,3
mult-CGCTGATCGATAGACA,4
mult-CGCTGATCGCCACATA,7
mult-CGCTGATCGCGAGTAA,7
mult-CGCTGATCGCTAACGA,7
mult-CGCTGATCGCTCGGTA,7
mult-CGCTGATCGGAGAACA,7
mult-CGCTGATCGGTGCGAA,7
mult-CGCTGATCGTACGCAA,7
mult-CGCTGATCGTCGTAGA,7
mult-CGCTGATCGTCTGTCA,7
mult-CGCTGATCGTGTTCTA,7
mult-CGCTGATCTAGGATGA,7
mult-CGCTGATCTATCAGCA,7
mult-CGCTGATCTCCGTCTA,7
mult-CGCTGATCTCTTCACA,7
mult-CGCTGATCTGAAGAGA,7
mult-CGCTGATCTGGAACAA,7
mult-CGCTGATCTGGCTTCA,7
mult-CGCTGATCTGGTGGTA,7
mult-CGCTGATCTTCACGCA,7
mult-CGCTGATCAACTCACC,7
mult-CGCTGATCAAGAGATC,7
mult-CGCTGATCAAGGACAC,7
mult-CGCTGATCAATCCGTC,7
mult-CGCTGATCAATGTTGC,7
mult-CGCTGATCACACGACC,7
mult-CGCTGATCACAGATTC,7
mult-CGCTGATCAGATGTAC,7
mult-CGCTGATCAGCACCTC,7
mult-CGCTGATCAGCCATGC,7
mult-CGCTGATCAGGCTAAC,7
mult-CGCTGATCATAGCGAC,7
mult-CGCTGATCATCATTCC,7
mult-CGCTGATCATTGGCTC,7
mult-CGCTGATCCAAGGAGC,7
mult-CGCTGATCCACCTTAC,4
mult-CGCTGATCCCATCCTC,3
mult-CGCTGATCCCGACAAC,3
mult-CGCTGATCCCTAATCC,3
mult-CGCTGATCCCTCTATC,3
mult-CGCTGATCCGACACAC,3
mult-CGCTGATCCGGATTGC,10
mult-CGCTGATCCTAAGGTC,10
mult-CGCTGATCGAACAGGC,2
mult-CGCTGATCGACAGTGC,2
mult-CGCTGATCGAGTTAGC,2
mult-CGCTGATCGATGAATC,10
mult-CGCTGATCGCCAAGAC,10
mult-CGCTGATCCGGAAGAA,4
mult-CGCTGATCGTGACAAG,4
mult-CGCTGATCGAACCAGA,4
mult-CATCAAGTTTGCTGGA,4
mult-CATCAAGTAACGCTTA,2
mult-CATCAAGTAAGACGGA,8
mult-CATCAAGTAAGGTACA,8
mult-CATCAAGTACACAGAA,8
mult-CATCAAGTACAGCAGA,2
mult-CATCAAGTACCTCCAA,8
mult-CATCAAGTACGCTCGA,0
mult-CATCAAGTACGTATCA,8
mult-CATCAAGTACTATGCA,0
mult-CATCAAGTAGAGTCAA,8
mult-CATCAAGTAGATCGCA,0
mult-CATCAAGTAGCAGGAA,0
mult-CATCAAGTAGTCACTA,0
mult-CATCAAGTATCCTGTA,0
mult-CATCAAGTATTGAGGA,0
mult-CATCAAGTCAACCACA,0
mult-CATCAAGTGACTAGTA,0
mult-CATCAAGTCAATGGAA,0
mult-CATCAAGTCACTTCGA,0
mult-CATCAAGTCAGCGTTA,0
mult-CATCAAGTCATACCAA,0
mult-CATCAAGTCCAGTTCA,0
mult-CATCAAGTCCGAAGTA,0
mult-CATCAAGTCCGTGAGA,8
mult-CATCAAGTCCTCCTGA,0
mult-CATCAAGTCGAACTTA,0
mult-CATCAAGTCGACTGGA,0
mult-CATCAAGTCGCATACA,0
mult-CATCAAGTCTCAATGA,3
mult-CATCAAGTCTGAGCCA,4
mult-CATCAAGTCTGGCATA,3
mult-CATCAAGTGAATCTGA,3
mult-CATCAAGTCAAGACTA,3
mult-CATCAAGTGAGCTGAA,3
mult-CATCAAGTGATAGACA,9
mult-CATCAAGTGCCACATA,4
mult-CATCAAGTGCGAGTAA,7
mult-CATCAAGTGCTAACGA,7
mult-CATCAAGTGCTCGGTA,7
mult-CATCAAGTGGAGAACA,7
mult-CATCAAGTGGTGCGAA,7
mult-CATCAAGTGTACGCAA,7
mult-CATCAAGTGTCGTAGA,7
mult-CATCAAGTGTCTGTCA,7
mult-CATCAAGTGTGTTCTA,7
mult-CATCAAGTTAGGATGA,7
mult-CATCAAGTTATCAGCA,7
mult-CATCAAGTTCCGTCTA,7
mult-CATCAAGTTCTTCACA,7
mult-CATCAAGTTGAAGAGA,7
mult-CATCAAGTTGGAACAA,7
mult-CATCAAGTTGGCTTCA,7
mult-CATCAAGTTGGTGGTA,7
mult-CATCAAGTTTCACGCA,7
mult-CATCAAGTAACTCACC,7
mult-CATCAAGTAAGAGATC,7
mult-CATCAAGTAAGGACAC,7
mult-CATCAAGTAATCCGTC,7
mult-CATCAAGTAATGTTGC,7
mult-CATCAAGTACACGACC,7
mult-CATCAAGTACAGATTC,7
mult-CATCAAGTAGATGTAC,7
mult-CATCAAGTAGCACCTC,7
mult-CATCAAGTAGCCATGC,7
mult-CATCAAGTAGGCTAAC,7
mult-CATCAAGTATAGCGAC,7
mult-CATCAAGTATCATTCC,7
mult-CATCAAGTATTGGCTC,7
mult-CATCAAGTCAAGGAGC,7
mult-CATCAAGTCACCTTAC,7
mult-CATCAAGTCCATCCTC,3
mult-CATCAAGTCCGACAAC,3
mult-CATCAAGTCCTAATCC,3
mult-CATCAAGTCCTCTATC,3
mult-CATCAAGTCGACACAC,10
mult-CATCAAGTCGGATTGC,2
mult-CATCAAGTCTAAGGTC,2
mult-CATCAAGTGAACAGGC,2
mult-CATCAAGTGACAGTGC,2
mult-CATCAAGTGAGTTAGC,10
mult-CATCAAGTGATGAATC,10
mult-CATCAAGTGCCAAGAC,8
mult-CATCAAGTCGGAAGAA,4
mult-CATCAAGTGTGACAAG,4
mult-CATCAAGTGAACCAGA,4
mult-CAGATCTGTTGCTGGA,4
mult-CAGATCTGAAGACGGA,2
mult-CAGATCTGAAGGTACA,8
mult-CAGATCTGACACAGAA,8
mult-CAGATCTGACAGCAGA,8
mult-CAGATCTGACCTCCAA,2
mult-CAGATCTGACGCTCGA,8
mult-CAGATCTGACGTATCA,8
mult-CAGATCTGACTATGCA,8
mult-CAGATCTGAGAGTCAA,8
mult-CAGATCTGAGATCGCA,8
mult-CAGATCTGAGCAGGAA,8
mult-CAGATCTGAGTCACTA,8
mult-CAGATCTGATCCTGTA,8
mult-CAGATCTGATTGAGGA,4
mult-CAGATCTGCAACCACA,0
mult-CAGATCTGGACTAGTA,0
mult-CAGATCTGCAATGGAA,0
mult-CAGATCTGCACTTCGA,0
mult-CAGATCTGCAGCGTTA,0
mult-CAGATCTGCATACCAA,0
mult-CAGATCTGCCAGTTCA,0
mult-CAGATCTGCCGAAGTA,0
mult-CAGATCTGCCGTGAGA,0
mult-CAGATCTGCCTCCTGA,0
mult-CAGATCTGCGAACTTA,0
mult-CAGATCTGCGACTGGA,0
mult-CAGATCTGCGCATACA,0
mult-CAGATCTGCTCAATGA,0
mult-CAGATCTGCTGAGCCA,4
mult-CAGATCTGCTGGCATA,9
mult-CAGATCTGGAATCTGA,3
mult-CAGATCTGCAAGACTA,3
mult-CAGATCTGGAGCTGAA,3
mult-CAGATCTGGATAGACA,8
mult-CAGATCTGGCCACATA,4
mult-CAGATCTGGCGAGTAA,7
mult-CAGATCTGGCTAACGA,7
mult-CAGATCTGGCTCGGTA,7
mult-CAGATCTGGGAGAACA,7
mult-CAGATCTGGGTGCGAA,7
mult-CAGATCTGGTACGCAA,7
mult-CAGATCTGGTCGTAGA,7
mult-CAGATCTGGTCTGTCA,7
mult-CAGATCTGGTGTTCTA,7
mult-CAGATCTGTAGGATGA,7
mult-CAGATCTGTATCAGCA,7
mult-CAGATCTGTCCGTCTA,7
mult-CAGATCTGTCTTCACA,7
mult-CAGATCTGTGAAGAGA,7
mult-CAGATCTGTGGAACAA,7
mult-CAGATCTGTGGCTTCA,7
mult-CAGATCTGTGGTGGTA,7
mult-CAGATCTGTTCACGCA,7
mult-CAGATCTGAACTCACC,7
mult-CAGATCTGAAGAGATC,7
mult-CAGATCTGAAGGACAC,7
mult-CAGATCTGAATCCGTC,7
mult-CAGATCTGAATGTTGC,7
mult-CAGATCTGACACGACC,7
mult-CAGATCTGACAGATTC,7
mult-CAGATCTGAGATGTAC,7
mult-CAGATCTGAGCACCTC,7
mult-CAGATCTGAGCCATGC,7
mult-CAGATCTGAGGCTAAC,7
mult-CAGATCTGATAGCGAC,7
mult-CAGATCTGATCATTCC,7
mult-CAGATCTGATTGGCTC,7
mult-CAGATCTGCAAGGAGC,7
mult-CAGATCTGCACCTTAC,7
mult-CAGATCTGCCATCCTC,3
mult-CAGATCTGCCGACAAC,3
mult-CAGATCTGCCTAATCC,3
mult-CAGATCTGCCTCTATC,3
mult-CAGATCTGCGACACAC,3
mult-CAGATCTGCGGATTGC,10
mult-CAGATCTGCTAAGGTC,2
mult-CAGATCTGGAACAGGC,2
mult-CAGATCTGGACAGTGC,2
mult-CAGATCTGGAGTTAGC,2
mult-CAGATCTGGATGAATC,10
mult-CAGATCTGGCCAAGAC,10
mult-CAGATCTGCGGAAGAA,8
mult-CAGATCTGGTGACAAG,4
mult-CAGATCTGGAACCAGA,4
mult-ACATTGGCTTGCTGGA,4
mult-ACATTGGCAAGGTACA,8
mult-ACATTGGCACACAGAA,2
mult-ACATTGGCACAGCAGA,8
mult-ACATTGGCACCTCCAA,8
mult-ACATTGGCACGCTCGA,8
mult-ACATTGGCACGTATCA,8
mult-ACATTGGCACTATGCA,8
mult-ACATTGGCAGAGTCAA,8
mult-ACATTGGCAGATCGCA,2
mult-ACATTGGCAGCAGGAA,8
mult-ACATTGGCAGTCACTA,8
mult-ACATTGGCATCCTGTA,0
mult-ACATTGGCATTGAGGA,4
mult-ACATTGGCCAACCACA,0
mult-ACATTGGCGACTAGTA,0
mult-ACATTGGCCAATGGAA,0
mult-ACATTGGCCACTTCGA,0
mult-ACATTGGCCAGCGTTA,0
mult-ACATTGGCCATACCAA,0
mult-ACATTGGCCCAGTTCA,0
mult-ACATTGGCCCGAAGTA,0
mult-ACATTGGCCCGTGAGA,0
mult-ACATTGGCCCTCCTGA,0
mult-ACATTGGCCGAACTTA,0
mult-ACATTGGCCGACTGGA,4
mult-ACATTGGCCGCATACA,8
mult-ACATTGGCCTCAATGA,0
mult-ACATTGGCCTGAGCCA,8
mult-ACATTGGCCTGGCATA,3
mult-ACATTGGCGAATCTGA,9
mult-ACATTGGCCAAGACTA,3
mult-ACATTGGCGAGCTGAA,3
mult-ACATTGGCGATAGACA,3
mult-ACATTGGCGCCACATA,4
mult-ACATTGGCGCGAGTAA,7
mult-ACATTGGCGCTAACGA,7
mult-ACATTGGCGCTCGGTA,7
mult-ACATTGGCGGAGAACA,7
mult-ACATTGGCGGTGCGAA,7
mult-ACATTGGCGTACGCAA,7
mult-ACATTGGCGTCGTAGA,7
mult-ACATTGGCGTCTGTCA,7
mult-ACATTGGCGTGTTCTA,7
mult-ACATTGGCTAGGATGA,7
mult-ACATTGGCTATCAGCA,1
mult-ACATTGGCTCCGTCTA,7
mult-ACATTGGCTCTTCACA,7
mult-ACATTGGCTGAAGAGA,7
mult-ACATTGGCTGGAACAA,7
mult-ACATTGGCTGGCTTCA,7
mult-ACATTGGCTGGTGGTA,7
mult-ACATTGGCTTCACGCA,7
mult-ACATTGGCAACTCACC,7
mult-ACATTGGCAAGAGATC,7
mult-ACATTGGCAAGGACAC,7
mult-ACATTGGCAATCCGTC,7
mult-ACATTGGCAATGTTGC,7
mult-ACATTGGCACACGACC,7
mult-ACATTGGCACAGATTC,7
mult-ACATTGGCAGATGTAC,7
mult-ACATTGGCAGCACCTC,7
mult-ACATTGGCAGCCATGC,7
mult-ACATTGGCAGGCTAAC,7
mult-ACATTGGCATAGCGAC,7
mult-ACATTGGCATCATTCC,7
mult-ACATTGGCATTGGCTC,7
mult-ACATTGGCCAAGGAGC,7
mult-ACATTGGCCACCTTAC,7
mult-ACATTGGCCCATCCTC,7
mult-ACATTGGCCCGACAAC,3
mult-ACATTGGCCCTAATCC,3
mult-ACATTGGCCCTCTATC,3
mult-ACATTGGCCGACACAC,10
mult-ACATTGGCCGGATTGC,2
mult-ACATTGGCCTAAGGTC,2
mult-ACATTGGCGAACAGGC,2
mult-ACATTGGCGACAGTGC,2
mult-ACATTGGCGAGTTAGC,2
mult-ACATTGGCGATGAATC,2
mult-ACATTGGCGCCAAGAC,10
mult-ACATTGGCCGGAAGAA,10
mult-ACATTGGCGTGACAAG,4
mult-ACATTGGCGAACCAGA,4
mult-ACCACTGTTTGCTGGA,4
mult-ACCACTGTACACAGAA,2
mult-ACCACTGTACAGCAGA,2
mult-ACCACTGTACCTCCAA,2
mult-ACCACTGTACGCTCGA,2
mult-ACCACTGTACGTATCA,2
mult-ACCACTGTACTATGCA,8
mult-ACCACTGTAGAGTCAA,2
mult-ACCACTGTAGATCGCA,8
mult-ACCACTGTAGCAGGAA,8
mult-ACCACTGTAGTCACTA,2
mult-ACCACTGTATCCTGTA,8
mult-ACCACTGTATTGAGGA,8
mult-ACCACTGTCAACCACA,8
mult-ACCACTGTGACTAGTA,0
mult-ACCACTGTCAATGGAA,0
mult-ACCACTGTCACTTCGA,0
mult-ACCACTGTCAGCGTTA,0
mult-ACCACTGTCATACCAA,0
mult-ACCACTGTCCAGTTCA,0
mult-ACCACTGTCCGAAGTA,0
mult-ACCACTGTCCGTGAGA,0
mult-ACCACTGTCCTCCTGA,0
mult-ACCACTGTCGAACTTA,0
mult-ACCACTGTCGACTGGA,0
mult-ACCACTGTCGCATACA,8
mult-ACCACTGTCTCAATGA,0
mult-ACCACTGTCTGAGCCA,4
mult-ACCACTGTCTGGCATA,3
mult-ACCACTGTGAATCTGA,3
mult-ACCACTGTCAAGACTA,3
mult-ACCACTGTGAGCTGAA,3
mult-ACCACTGTGATAGACA,9
mult-ACCACTGTGCCACATA,4
mult-ACCACTGTGCGAGTAA,7
mult-ACCACTGTGCTAACGA,7
mult-ACCACTGTGCTCGGTA,7
mult-ACCACTGTGGAGAACA,7
mult-ACCACTGTGGTGCGAA,7
mult-ACCACTGTGTACGCAA,7
mult-ACCACTGTGTCGTAGA,7
mult-ACCACTGTGTCTGTCA,7
mult-ACCACTGTGTGTTCTA,7
mult-ACCACTGTTAGGATGA,1
mult-ACCACTGTTATCAGCA,1
mult-ACCACTGTTCCGTCTA,7
mult-ACCACTGTTCTTCACA,7
mult-ACCACTGTTGAAGAGA,7
mult-ACCACTGTTGGAACAA,7
mult-ACCACTGTTGGCTTCA,7
mult-ACCACTGTTGGTGGTA,7
mult-ACCACTGTTTCACGCA,7
mult-ACCACTGTAACTCACC,7
mult-ACCACTGTAAGAGATC,7
mult-ACCACTGTAAGGACAC,7
mult-ACCACTGTAATCCGTC,7
mult-ACCACTGTAATGTTGC,7
mult-ACCACTGTACACGACC,7
mult-ACCACTGTACAGATTC,7
mult-ACCACTGTAGATGTAC,7
mult-ACCACTGTAGCACCTC,7
mult-ACCACTGTAGCCATGC,7
mult-ACCACTGTAGGCTAAC,7
mult-ACCACTGTATAGCGAC,7
mult-ACCACTGTATCATTCC,7
mult-ACCACTGTATTGGCTC,7
mult-ACCACTGTCAAGGAGC,7
mult-ACCACTGTCACCTTAC,7
mult-ACCACTGTCCATCCTC,7
mult-ACCACTGTCCGACAAC,7
mult-ACCACTGTCCTAATCC,3
mult-ACCACTGTCCTCTATC,3
mult-ACCACTGTCGACACAC,2
mult-ACCACTGTCGGATTGC,2
mult-ACCACTGTCTAAGGTC,2
mult-ACCACTGTGAACAGGC,2
mult-ACCACTGTGACAGTGC,2
mult-ACCACTGTGAGTTAGC,2
mult-ACCACTGTGATGAATC,2
mult-ACCACTGTGCCAAGAC,2
mult-ACCACTGTCGGAAGAA,10
mult-ACCACTGTGTGACAAG,10
mult-ACCACTGTGAACCAGA,3
mult-AGTGGTCATTGCTGGA,3
mult-AGTGGTCAACAGCAGA,2
mult-AGTGGTCAACCTCCAA,2
mult-AGTGGTCAACGCTCGA,2
mult-AGTGGTCAACGTATCA,8
mult-AGTGGTCAACTATGCA,8
mult-AGTGGTCAAGAGTCAA,8
mult-AGTGGTCAAGATCGCA,8
mult-AGTGGTCAAGCAGGAA,8
mult-AGTGGTCAAGTCACTA,8
mult-AGTGGTCAATCCTGTA,8
mult-AGTGGTCAATTGAGGA,8
mult-AGTGGTCACAACCACA,8
mult-AGTGGTCAGACTAGTA,4
mult-AGTGGTCACAATGGAA,0
mult-AGTGGTCACACTTCGA,0
mult-AGTGGTCACAGCGTTA,0
mult-AGTGGTCACATACCAA,0
mult-AGTGGTCACCAGTTCA,0
mult-AGTGGTCACCGAAGTA,0
mult-AGTGGTCACCGTGAGA,0
mult-AGTGGTCACCTCCTGA,0
mult-AGTGGTCACGAACTTA,0
mult-AGTGGTCACGACTGGA,0
mult-AGTGGTCACGCATACA,0
mult-AGTGGTCACTCAATGA,0
mult-AGTGGTCACTGAGCCA,12
mult-AGTGGTCACTGGCATA,3
mult-AGTGGTCAGAATCTGA,3
mult-AGTGGTCACAAGACTA,4
mult-AGTGGTCAGAGCTGAA,3
mult-AGTGGTCAGATAGACA,3
mult-AGTGGTCAGCCACATA,9
mult-AGTGGTCAGCGAGTAA,4
mult-AGTGGTCAGCTAACGA,7
mult-AGTGGTCAGCTCGGTA,7
mult-AGTGGTCAGGAGAACA,7
mult-AGTGGTCAGGTGCGAA,7
mult-AGTGGTCAGTACGCAA,7
mult-AGTGGTCAGTCGTAGA,7
mult-AGTGGTCAGTCTGTCA,7
mult-AGTGGTCAGTGTTCTA,1
mult-AGTGGTCATAGGATGA,7
mult-AGTGGTCATATCAGCA,7
mult-AGTGGTCATCCGTCTA,7
mult-AGTGGTCATCTTCACA,7
mult-AGTGGTCATGAAGAGA,7
mult-AGTGGTCATGGAACAA,7
mult-AGTGGTCATGGCTTCA,7
mult-AGTGGTCATGGTGGTA,7
mult-AGTGGTCATTCACGCA,7
mult-AGTGGTCAAACTCACC,7
mult-AGTGGTCAAAGAGATC,7
mult-AGTGGTCAAAGGACAC,7
mult-AGTGGTCAAATCCGTC,7
mult-AGTGGTCAAATGTTGC,7
mult-AGTGGTCAACACGACC,7
mult-AGTGGTCAACAGATTC,7
mult-AGTGGTCAAGATGTAC,7
mult-AGTGGTCAAGCACCTC,7
mult-AGTGGTCAAGCCATGC,7
mult-AGTGGTCAAGGCTAAC,7
mult-AGTGGTCAATAGCGAC,7
mult-AGTGGTCAATCATTCC,7
mult-AGTGGTCAATTGGCTC,7
mult-AGTGGTCACAAGGAGC,7
mult-AGTGGTCACACCTTAC,7
mult-AGTGGTCACCATCCTC,7
mult-AGTGGTCACCGACAAC,7
mult-AGTGGTCACCTAATCC,3
mult-AGTGGTCACCTCTATC,3
mult-AGTGGTCACGACACAC,10
mult-AGTGGTCACGGATTGC,2
mult-AGTGGTCACTAAGGTC,2
mult-AGTGGTCAGAACAGGC,2
mult-AGTGGTCAGACAGTGC,2
mult-AGTGGTCAGAGTTAGC,2
mult-AGTGGTCAGATGAATC,2
mult-AGTGGTCAGCCAAGAC,2
mult-AGTGGTCACGGAAGAA,2
mult-AGTGGTCAGTGACAAG,10
mult-AGTGGTCAGAACCAGA,3
mult-ATGCCTAATTGCTGGA,3
mult-ATGCCTAAACGCTCGA,2
mult-ATGCCTAAACGTATCA,8
mult-ATGCCTAAACTATGCA,8
mult-ATGCCTAAAGAGTCAA,8
mult-ATGCCTAAAGATCGCA,8
mult-ATGCCTAAAGCAGGAA,8
mult-ATGCCTAAAGTCACTA,8
mult-ATGCCTAAATCCTGTA,8
mult-ATGCCTAAATTGAGGA,8
mult-ATGCCTAACAACCACA,8
mult-ATGCCTAAGACTAGTA,4
mult-ATGCCTAACAATGGAA,8
mult-ATGCCTAACACTTCGA,0
mult-ATGCCTAACAGCGTTA,0
mult-ATGCCTAACATACCAA,0
mult-ATGCCTAACCAGTTCA,0
mult-ATGCCTAACCGAAGTA,0
mult-ATGCCTAACCGTGAGA,0
mult-ATGCCTAACCTCCTGA,0
mult-ATGCCTAACGAACTTA,0
mult-ATGCCTAACGACTGGA,12
mult-ATGCCTAACGCATACA,0
mult-ATGCCTAACTCAATGA,12
mult-ATGCCTAACTGAGCCA,0
mult-ATGCCTAACTGGCATA,0
mult-ATGCCTAAGAATCTGA,4
mult-ATGCCTAACAAGACTA,10
mult-ATGCCTAAGAGCTGAA,4
mult-ATGCCTAAGATAGACA,9
mult-ATGCCTAAGCCACATA,9
mult-ATGCCTAAGCGAGTAA,9
mult-ATGCCTAAGCTAACGA,7
mult-ATGCCTAAGCTCGGTA,7
mult-ATGCCTAAGGAGAACA,7
mult-ATGCCTAAGGTGCGAA,7
mult-ATGCCTAAGTACGCAA,7
mult-ATGCCTAAGTCGTAGA,7
mult-ATGCCTAAGTCTGTCA,7
mult-ATGCCTAAGTGTTCTA,7
mult-ATGCCTAATAGGATGA,7
mult-ATGCCTAATATCAGCA,7
mult-ATGCCTAATCCGTCTA,7
mult-ATGCCTAATCTTCACA,7
mult-ATGCCTAATGAAGAGA,7
mult-ATGCCTAATGGAACAA,7
mult-ATGCCTAATGGCTTCA,7
mult-ATGCCTAATGGTGGTA,7
mult-ATGCCTAATTCACGCA,7
mult-ATGCCTAAAACTCACC,7
mult-ATGCCTAAAAGAGATC,7
mult-ATGCCTAAAAGGACAC,7
mult-ATGCCTAAAATCCGTC,7
mult-ATGCCTAAAATGTTGC,7
mult-ATGCCTAAACACGACC,7
mult-ATGCCTAAACAGATTC,7
mult-ATGCCTAAAGATGTAC,7
mult-ATGCCTAAAGCACCTC,7
mult-ATGCCTAAAGCCATGC,7
mult-ATGCCTAAAGGCTAAC,7
mult-ATGCCTAAATAGCGAC,7
mult-ATGCCTAAATCATTCC,7
mult-ATGCCTAAATTGGCTC,7
mult-ATGCCTAACAAGGAGC,7
mult-ATGCCTAACACCTTAC,7
mult-ATGCCTAACCATCCTC,7
mult-ATGCCTAACCGACAAC,7
mult-ATGCCTAACCTAATCC,4
mult-ATGCCTAACCTCTATC,4
mult-ATGCCTAACGACACAC,2
mult-ATGCCTAACGGATTGC,2
mult-ATGCCTAACTAAGGTC,2
mult-ATGCCTAAGAACAGGC,2
mult-ATGCCTAAGACAGTGC,2
mult-ATGCCTAAGAGTTAGC,2
mult-ATGCCTAAGATGAATC,2
mult-ATGCCTAAGCCAAGAC,2
mult-ATGCCTAACGGAAGAA,2
mult-ATGCCTAAGTGACAAG,2
mult-ATGCCTAAGAACCAGA,3
mult-AAACATCGTTGCTGGA,2
mult-AAACATCGACGTATCA,8
mult-AAACATCGACTATGCA,8
mult-AAACATCGAGAGTCAA,8
mult-AAACATCGAGATCGCA,8
mult-AAACATCGAGCAGGAA,8
mult-AAACATCGAGTCACTA,8
mult-AAACATCGATCCTGTA,2
mult-AAACATCGATTGAGGA,8
mult-AAACATCGCAACCACA,8
mult-AAACATCGGACTAGTA,8
mult-AAACATCGCAATGGAA,8
mult-AAACATCGCACTTCGA,8
mult-AAACATCGCAGCGTTA,0
mult-AAACATCGCATACCAA,0
mult-AAACATCGCCAGTTCA,0
mult-AAACATCGCCGAAGTA,0
mult-AAACATCGCCGTGAGA,0
mult-AAACATCGCCTCCTGA,0
mult-AAACATCGCGAACTTA,0
mult-AAACATCGCGACTGGA,0
mult-AAACATCGCGCATACA,12
mult-AAACATCGCTCAATGA,12
mult-AAACATCGCTGAGCCA,0
mult-AAACATCGCTGGCATA,4
mult-AAACATCGGAATCTGA,4
mult-AAACATCGCAAGACTA,4
mult-AAACATCGGAGCTGAA,4
mult-AAACATCGGATAGACA,4
mult-AAACATCGGCCACATA,9
mult-AAACATCGGCGAGTAA,4
mult-AAACATCGGCTAACGA,7
mult-AAACATCGGCTCGGTA,7
mult-AAACATCGGGAGAACA,7
mult-AAACATCGGGTGCGAA,7
mult-AAACATCGGTACGCAA,7
mult-AAACATCGGTCGTAGA,7
mult-AAACATCGGTCTGTCA,1
mult-AAACATCGGTGTTCTA,7
mult-AAACATCGTAGGATGA,7
mult-AAACATCGTATCAGCA,7
mult-AAACATCGTCCGTCTA,7
mult-AAACATCGTCTTCACA,7
mult-AAACATCGTGAAGAGA,7
mult-AAACATCGTGGAACAA,7
mult-AAACATCGTGGCTTCA,7
mult-AAACATCGTGGTGGTA,7
mult-AAACATCGTTCACGCA,7
mult-AAACATCGAACTCACC,7
mult-AAACATCGAAGAGATC,7
mult-AAACATCGAAGGACAC,7
mult-AAACATCGAATCCGTC,7
mult-AAACATCGAATGTTGC,7
mult-AAACATCGACACGACC,7
mult-AAACATCGACAGATTC,7
mult-AAACATCGAGATGTAC,7
mult-AAACATCGAGCACCTC,7
mult-AAACATCGAGCCATGC,1
mult-AAACATCGAGGCTAAC,7
mult-AAACATCGATAGCGAC,4
mult-AAACATCGATCATTCC,7
mult-AAACATCGATTGGCTC,7
mult-AAACATCGCAAGGAGC,7
mult-AAACATCGCACCTTAC,7
mult-AAACATCGCCATCCTC,7
mult-AAACATCGCCGACAAC,7
mult-AAACATCGCCTAATCC,4
mult-AAACATCGCCTCTATC,8
mult-AAACATCGCGACACAC,8
mult-AAACATCGCGGATTGC,2
mult-AAACATCGCTAAGGTC,2
mult-AAACATCGGAACAGGC,2
mult-AAACATCGGACAGTGC,2
mult-AAACATCGGAGTTAGC,2
mult-AAACATCGGATGAATC,2
mult-AAACATCGGCCAAGAC,2
mult-AAACATCGCGGAAGAA,2
mult-AAACATCGGTGACAAG,2
mult-AAACATCGGAACCAGA,10
mult-GAACAGGCAACGTGAT,6
mult-GAACAGGCACAAGCTA,6
mult-GAACAGGCTTGCTGGA,8
mult-GAACAGGCCTGTAGCC,6
mult-GAACAGGCAGTACAAG,6
mult-GAACAGGCAACAACCA,6
mult-GAACAGGCAACCGAGA,6
mult-GAACAGGCAACGCTTA,6
mult-GAACAGGCAAGACGGA,6
mult-GAACAGGCAAGGTACA,6
mult-GAACAGGCACACAGAA,4
mult-GAACAGGCACAGCAGA,6
mult-GAACAGGCAAACATCG,6
mult-GAACAGGCACCTCCAA,6
mult-GAACAGGCACGCTCGA,6
mult-GAACAGGCACGTATCA,6
mult-GAACAGGCACTATGCA,6
mult-GAACAGGCAGAGTCAA,6
mult-GAACAGGCAGATCGCA,12
mult-GAACAGGCAGCAGGAA,6
mult-GAACAGGCAGTCACTA,12
mult-GAACAGGCATCCTGTA,12
mult-GAACAGGCATTGAGGA,4
mult-GAACAGGCATGCCTAA,8
mult-GAACAGGCCAACCACA,12
mult-GAACAGGCGACTAGTA,12
mult-GAACAGGCCAATGGAA,12
mult-GAACAGGCCACTTCGA,12
mult-GAACAGGCCAGCGTTA,12
mult-GAACAGGCCATACCAA,12
mult-GAACAGGCCCAGTTCA,12
mult-GAACAGGCCCGAAGTA,12
mult-GAACAGGCCCGTGAGA,4
mult-GAACAGGCCCTCCTGA,12
mult-GAACAGGCAGTGGTCA,6
mult-GAACAGGCCGAACTTA,12
mult-GAACAGGCCGACTGGA,12
mult-GAACAGGCCGCATACA,12
mult-GAACAGGCCTCAATGA,12
mult-GAACAGGCCTGAGCCA,12
mult-GAACAGGCCTGGCATA,12
mult-GAACAGGCGAATCTGA,4
mult-GAACAGGCCAAGACTA,12
mult-GAACAGGCGAGCTGAA,12
mult-GAACAGGCGATAGACA,8
mult-GAACAGGCACCACTGT,6
mult-GAACAGGCGCCACATA,12
mult-GAACAGGCGCGAGTAA,12
mult-GAACAGGCGCTAACGA,12
mult-GAACAGGCGCTCGGTA,12
mult-GAACAGGCGGAGAACA,9
mult-GAACAGGCGGTGCGAA,9
mult-GAACAGGCGTACGCAA,9
mult-GAACAGGCGTCGTAGA,9
mult-GAACAGGCGTCTGTCA,9
mult-GAACAGGCGTGTTCTA,9
mult-GAACAGGCACATTGGC,6
mult-GAACAGGCTAGGATGA,9
mult-GAACAGGCTATCAGCA,9
mult-GAACAGGCTCCGTCTA,9
mult-GAACAGGCTCTTCACA,9
mult-GAACAGGCTGAAGAGA,9
mult-GAACAGGCTGGAACAA,9
mult-GAACAGGCTGGCTTCA,9
mult-GAACAGGCTGGTGGTA,9
mult-GAACAGGCTTCACGCA,9
mult-GAACAGGCAACTCACC,9
mult-GAACAGGCCAGATCTG,6
mult-GAACAGGCAAGAGATC,12
mult-GAACAGGCAAGGACAC,12
mult-GAACAGGCAATCCGTC,12
mult-GAACAGGCAATGTTGC,12
mult-GAACAGGCACACGACC,5
mult-GAACAGGCACAGATTC,12
mult-GAACAGGCAGATGTAC,8
mult-GAACAGGCAGCACCTC,12
mult-GAACAGGCAGCCATGC,5
mult-GAACAGGCAGGCTAAC,5
mult-GAACAGGCCATCAAGT,6
mult-GAACAGGCATAGCGAC,5
mult-GAACAGGCATCATTCC,5
mult-GAACAGGCATTGGCTC,5
mult-GAACAGGCCAAGGAGC,5
mult-GAACAGGCCACCTTAC,5
mult-GAACAGGCCCATCCTC,5
mult-GAACAGGCCCGACAAC,5
mult-GAACAGGCCCTAATCC,12
mult-GAACAGGCCCTCTATC,5
mult-GAACAGGCCGACACAC,5
mult-GAACAGGCCGCTGATC,6
mult-GAACAGGCCGGATTGC,10
mult-GAACAGGCCTAAGGTC,10
mult-GAACAGGCGAACAGGC,10
mult-GAACAGGCGACAGTGC,10
mult-GAACAGGCGAGTTAGC,10
mult-GAACAGGCGATGAATC,8
mult-GAACAGGCGCCAAGAC,12
mult-GAACAGGCCGGAAGAA,12
mult-GAACAGGCGTGACAAG,4
mult-GAACAGGCGAACCAGA,4
atac-AACGTGATAAACATCG,5
atac-AACGTGATATGCCTAA,5
atac-AACGTGATAGTGGTCA,5
atac-AACGTGATACCACTGT,5
atac-AACGTGATACATTGGC,5
atac-AACGTGATCAGATCTG,5
atac-AACGTGATCATCAAGT,5
atac-AACGTGATCGCTGATC,5
atac-AACGTGATACAAGCTA,5
atac-AACGTGATCTGTAGCC,5
atac-AACGTGATAGTACAAG,5
atac-AACGTGATAACAACCA,5
atac-AACGTGATAACCGAGA,5
atac-AACGTGATAACGCTTA,5
atac-AACGTGATAAGACGGA,5
atac-AACGTGATAAGGTACA,5
atac-AACGTGATACACAGAA,5
atac-AACGTGATACAGCAGA,5
atac-AACGTGATACCTCCAA,5
atac-AACGTGATACGCTCGA,5
atac-AACGTGATACGTATCA,5
atac-AACGTGATACTATGCA,5
atac-AACGTGATAGAGTCAA,5
atac-AACGTGATAGATCGCA,5
atac-AACGTGATAGCAGGAA,8
atac-AACGTGATAGTCACTA,8
atac-AACGTGATATCCTGTA,4
atac-AACGTGATATTGAGGA,4
atac-AACGTGATCAACCACA,4
atac-AACGTGATGACTAGTA,8
atac-AACGTGATCAATGGAA,5
atac-AACGTGATCACTTCGA,5
atac-AACGTGATCAGCGTTA,5
atac-AACGTGATCATACCAA,5
atac-AACGTGATCCAGTTCA,5
atac-AACGTGATCCGAAGTA,5
atac-AACGTGATCCGTGAGA,5
atac-AACGTGATCCTCCTGA,5
atac-AACGTGATCGAACTTA,5
atac-AACGTGATCGACTGGA,5
atac-AACGTGATCGCATACA,8
atac-AACGTGATCTCAATGA,4
atac-AACGTGATCTGAGCCA,6
atac-AACGTGATCTGGCATA,8
atac-AACGTGATGAATCTGA,4
atac-AACGTGATCAAGACTA,12
atac-AACGTGATGAGCTGAA,12
atac-AACGTGATGATAGACA,12
atac-AACGTGATGCCACATA,12
atac-AAACATCGAACGTGAT,5
atac-AAACATCGAAACATCG,5
atac-AAACATCGATGCCTAA,5
atac-AAACATCGAGTGGTCA,5
atac-AAACATCGACCACTGT,5
atac-AAACATCGACATTGGC,5
atac-AAACATCGCAGATCTG,5
atac-AAACATCGCATCAAGT,5
atac-AAACATCGCGCTGATC,5
atac-AAACATCGACAAGCTA,5
atac-AAACATCGCTGTAGCC,5
atac-AAACATCGAGTACAAG,5
atac-AAACATCGAACAACCA,5
atac-AAACATCGAACCGAGA,5
atac-AAACATCGAACGCTTA,5
atac-AAACATCGAAGACGGA,5
atac-AAACATCGAAGGTACA,5
atac-AAACATCGACACAGAA,5
atac-AAACATCGACAGCAGA,5
atac-AAACATCGACCTCCAA,5
atac-AAACATCGACGCTCGA,5
atac-AAACATCGACGTATCA,5
atac-AAACATCGACTATGCA,5
atac-AAACATCGAGAGTCAA,5
atac-AAACATCGAGATCGCA,5
atac-AAACATCGAGCAGGAA,5
atac-AAACATCGAGTCACTA,8
atac-AAACATCGATCCTGTA,8
atac-AAACATCGATTGAGGA,4
atac-AAACATCGCAACCACA,8
atac-AAACATCGGACTAGTA,5
atac-AAACATCGCAATGGAA,5
atac-AAACATCGCACTTCGA,5
atac-AAACATCGCAGCGTTA,5
atac-AAACATCGCATACCAA,5
atac-AAACATCGCCAGTTCA,5
atac-AAACATCGCCGAAGTA,5
atac-AAACATCGCCGTGAGA,5
atac-AAACATCGCCTCCTGA,5
atac-AAACATCGCGAACTTA,5
atac-AAACATCGCGACTGGA,5
atac-AAACATCGCGCATACA,4
atac-AAACATCGCTCAATGA,6
atac-AAACATCGCTGAGCCA,4
atac-AAACATCGCTGGCATA,8
atac-AAACATCGGAATCTGA,12
atac-AAACATCGCAAGACTA,12
atac-AAACATCGGAGCTGAA,12
atac-AAACATCGGATAGACA,12
atac-AAACATCGGCCACATA,4
atac-ATGCCTAAAACGTGAT,5
atac-ATGCCTAAAAACATCG,5
atac-ATGCCTAAATGCCTAA,5
atac-ATGCCTAAAGTGGTCA,5
atac-ATGCCTAAACCACTGT,5
atac-ATGCCTAAACATTGGC,5
atac-ATGCCTAACAGATCTG,5
atac-ATGCCTAACATCAAGT,5
atac-ATGCCTAACGCTGATC,5
atac-ATGCCTAAACAAGCTA,5
atac-ATGCCTAACTGTAGCC,5
atac-ATGCCTAAAGTACAAG,5
atac-ATGCCTAAAACAACCA,5
atac-ATGCCTAAAACCGAGA,5
atac-ATGCCTAAAACGCTTA,5
atac-ATGCCTAAAAGACGGA,5
atac-ATGCCTAAAAGGTACA,5
atac-ATGCCTAAACACAGAA,5
atac-ATGCCTAAACAGCAGA,5
atac-ATGCCTAAACCTCCAA,5
atac-ATGCCTAAACGCTCGA,5
atac-ATGCCTAAACGTATCA,5
atac-ATGCCTAAACTATGCA,5
atac-ATGCCTAAAGAGTCAA,5
atac-ATGCCTAAAGATCGCA,5
atac-ATGCCTAAAGCAGGAA,5
atac-ATGCCTAAAGTCACTA,5
atac-ATGCCTAAATCCTGTA,4
atac-ATGCCTAAATTGAGGA,4
atac-ATGCCTAACAACCACA,5
atac-ATGCCTAAGACTAGTA,5
atac-ATGCCTAACAATGGAA,5
atac-ATGCCTAACACTTCGA,5
atac-ATGCCTAACAGCGTTA,5
atac-ATGCCTAACATACCAA,5
atac-ATGCCTAACCAGTTCA,5
atac-ATGCCTAACCGAAGTA,5
atac-ATGCCTAACCGTGAGA,5
atac-ATGCCTAACCTCCTGA,5
atac-ATGCCTAACGAACTTA,5
atac-ATGCCTAACGACTGGA,5
atac-ATGCCTAACGCATACA,8
atac-ATGCCTAACTCAATGA,8
atac-ATGCCTAACTGAGCCA,4
atac-ATGCCTAACTGGCATA,4
atac-ATGCCTAAGAATCTGA,12
atac-ATGCCTAACAAGACTA,12
atac-ATGCCTAAGAGCTGAA,12
atac-ATGCCTAAGATAGACA,12
atac-ATGCCTAAGCCACATA,12
atac-AGTGGTCAAACGTGAT,5
atac-AGTGGTCAAAACATCG,5
atac-AGTGGTCAATGCCTAA,5
atac-AGTGGTCAAGTGGTCA,5
atac-AGTGGTCAACCACTGT,5
atac-AGTGGTCAACATTGGC,5
atac-AGTGGTCACAGATCTG,5
atac-AGTGGTCACATCAAGT,5
atac-AGTGGTCACGCTGATC,5
atac-AGTGGTCAACAAGCTA,5
atac-AGTGGTCACTGTAGCC,5
atac-AGTGGTCAAGTACAAG,5
atac-AGTGGTCAAACAACCA,5
atac-AGTGGTCAAACCGAGA,5
atac-AGTGGTCAAACGCTTA,5
atac-AGTGGTCAAAGACGGA,5
atac-AGTGGTCAAAGGTACA,5
atac-AGTGGTCAACACAGAA,5
atac-AGTGGTCAACAGCAGA,5
atac-AGTGGTCAACCTCCAA,5
atac-AGTGGTCAACGCTCGA,5
atac-AGTGGTCAACGTATCA,5
atac-AGTGGTCAACTATGCA,5
atac-AGTGGTCAAGAGTCAA,5
atac-AGTGGTCAAGATCGCA,5
atac-AGTGGTCAAGCAGGAA,4
atac-AGTGGTCAAGTCACTA,5
atac-AGTGGTCAATCCTGTA,5
atac-AGTGGTCAATTGAGGA,5
atac-AGTGGTCACAACCACA,4
atac-AGTGGTCAGACTAGTA,5
atac-AGTGGTCACAATGGAA,5
atac-AGTGGTCACACTTCGA,5
atac-AGTGGTCACAGCGTTA,5
atac-AGTGGTCACATACCAA,5
atac-AGTGGTCACCAGTTCA,5
atac-AGTGGTCACCGAAGTA,5
atac-AGTGGTCACCGTGAGA,5
atac-AGTGGTCACCTCCTGA,5
atac-AGTGGTCACGAACTTA,5
atac-AGTGGTCACGACTGGA,12
atac-AGTGGTCACGCATACA,8
atac-AGTGGTCACTCAATGA,12
atac-AGTGGTCACTGAGCCA,4
atac-AGTGGTCACTGGCATA,12
atac-AGTGGTCAGAATCTGA,12
atac-AGTGGTCACAAGACTA,12
atac-AGTGGTCAGAGCTGAA,12
atac-AGTGGTCAGATAGACA,4
atac-AGTGGTCAGCCACATA,4
atac-ACCACTGTAACGTGAT,5
atac-ACCACTGTAAACATCG,5
atac-ACCACTGTATGCCTAA,5
atac-ACCACTGTAGTGGTCA,5
atac-ACCACTGTACCACTGT,5
atac-ACCACTGTACATTGGC,5
atac-ACCACTGTCAGATCTG,5
atac-ACCACTGTCATCAAGT,5
atac-ACCACTGTCGCTGATC,5
atac-ACCACTGTACAAGCTA,5
atac-ACCACTGTCTGTAGCC,5
atac-ACCACTGTAGTACAAG,5
atac-ACCACTGTAACAACCA,5
atac-ACCACTGTAACCGAGA,5
atac-ACCACTGTAACGCTTA,5
atac-ACCACTGTAAGACGGA,5
atac-ACCACTGTAAGGTACA,5
atac-ACCACTGTACACAGAA,5
atac-ACCACTGTACAGCAGA,5
atac-ACCACTGTACCTCCAA,5
atac-ACCACTGTACGCTCGA,5
atac-ACCACTGTACGTATCA,5
atac-ACCACTGTACTATGCA,5
atac-ACCACTGTAGAGTCAA,5
atac-ACCACTGTAGATCGCA,5
atac-ACCACTGTAGCAGGAA,5
atac-ACCACTGTAGTCACTA,5
atac-ACCACTGTATCCTGTA,5
atac-ACCACTGTATTGAGGA,5
atac-ACCACTGTCAACCACA,5
atac-ACCACTGTGACTAGTA,5
atac-ACCACTGTCAATGGAA,5
atac-ACCACTGTCACTTCGA,5
atac-ACCACTGTCAGCGTTA,5
atac-ACCACTGTCATACCAA,5
atac-ACCACTGTCCAGTTCA,5
atac-ACCACTGTCCGAAGTA,5
atac-ACCACTGTCCGTGAGA,5
atac-ACCACTGTCCTCCTGA,5
atac-ACCACTGTCGAACTTA,5
atac-ACCACTGTCGACTGGA,8
atac-ACCACTGTCGCATACA,8
atac-ACCACTGTCTCAATGA,8
atac-ACCACTGTCTGAGCCA,12
atac-ACCACTGTCTGGCATA,12
atac-ACCACTGTGAATCTGA,12
atac-ACCACTGTCAAGACTA,12
atac-ACCACTGTGAGCTGAA,12
atac-ACCACTGTGATAGACA,12
atac-ACCACTGTGCCACATA,4
atac-ACATTGGCAACGTGAT,5
atac-ACATTGGCAAACATCG,5
atac-ACATTGGCATGCCTAA,5
atac-ACATTGGCAGTGGTCA,5
atac-ACATTGGCACCACTGT,5
atac-ACATTGGCACATTGGC,4
atac-ACATTGGCCAGATCTG,4
atac-ACATTGGCCATCAAGT,5
atac-ACATTGGCCGCTGATC,5
atac-ACATTGGCACAAGCTA,6
atac-ACATTGGCCTGTAGCC,6
atac-ACATTGGCAGTACAAG,4
atac-ACATTGGCAACAACCA,12
atac-ACATTGGCAACCGAGA,5
atac-ACATTGGCAACGCTTA,5
atac-ACATTGGCAAGACGGA,4
atac-ACATTGGCAAGGTACA,5
atac-ACATTGGCACACAGAA,5
atac-ACATTGGCACAGCAGA,5
atac-ACATTGGCACCTCCAA,5
atac-ACATTGGCACGCTCGA,5
atac-ACATTGGCACGTATCA,5
atac-ACATTGGCACTATGCA,5
atac-ACATTGGCAGAGTCAA,5
atac-ACATTGGCAGATCGCA,5
atac-ACATTGGCAGCAGGAA,5
atac-ACATTGGCAGTCACTA,5
atac-ACATTGGCATCCTGTA,5
atac-ACATTGGCATTGAGGA,5
atac-ACATTGGCCAACCACA,5
atac-ACATTGGCGACTAGTA,5
atac-ACATTGGCCAATGGAA,5
atac-ACATTGGCCACTTCGA,5
atac-ACATTGGCCAGCGTTA,5
atac-ACATTGGCCATACCAA,5
atac-ACATTGGCCCAGTTCA,5
atac-ACATTGGCCCGAAGTA,5
atac-ACATTGGCCCGTGAGA,5
atac-ACATTGGCCCTCCTGA,5
atac-ACATTGGCCGAACTTA,4
atac-ACATTGGCCGACTGGA,8
atac-ACATTGGCCGCATACA,8
atac-ACATTGGCCTCAATGA,8
atac-ACATTGGCCTGAGCCA,12
atac-ACATTGGCCTGGCATA,12
atac-ACATTGGCGAATCTGA,12
atac-ACATTGGCCAAGACTA,12
atac-ACATTGGCGAGCTGAA,12
atac-ACATTGGCGATAGACA,4
atac-ACATTGGCGCCACATA,4
atac-CAGATCTGAACGTGAT,5
atac-CAGATCTGAAACATCG,5
atac-CAGATCTGATGCCTAA,5
atac-CAGATCTGAGTGGTCA,5
atac-CAGATCTGACCACTGT,12
atac-CAGATCTGACATTGGC,12
atac-CAGATCTGCAGATCTG,5
atac-CAGATCTGCATCAAGT,5
atac-CAGATCTGCGCTGATC,5
atac-CAGATCTGACAAGCTA,8
atac-CAGATCTGCTGTAGCC,6
atac-CAGATCTGAGTACAAG,4
atac-CAGATCTGAACAACCA,4
atac-CAGATCTGAACCGAGA,5
atac-CAGATCTGAACGCTTA,12
atac-CAGATCTGAAGACGGA,5
atac-CAGATCTGAAGGTACA,5
atac-CAGATCTGACACAGAA,5
atac-CAGATCTGACAGCAGA,5
atac-CAGATCTGACCTCCAA,5
atac-CAGATCTGACGCTCGA,5
atac-CAGATCTGACGTATCA,5
atac-CAGATCTGACTATGCA,5
atac-CAGATCTGAGAGTCAA,5
atac-CAGATCTGAGATCGCA,5
atac-CAGATCTGAGCAGGAA,5
atac-CAGATCTGAGTCACTA,5
atac-CAGATCTGATCCTGTA,5
atac-CAGATCTGATTGAGGA,5
atac-CAGATCTGCAACCACA,5
atac-CAGATCTGGACTAGTA,5
atac-CAGATCTGCAATGGAA,5
atac-CAGATCTGCACTTCGA,5
atac-CAGATCTGCAGCGTTA,5
atac-CAGATCTGCATACCAA,5
atac-CAGATCTGCCAGTTCA,12
atac-CAGATCTGCCGAAGTA,4
atac-CAGATCTGCCGTGAGA,12
atac-CAGATCTGCCTCCTGA,4
atac-CAGATCTGCGAACTTA,12
atac-CAGATCTGCGACTGGA,12
atac-CAGATCTGCGCATACA,12
atac-CAGATCTGCTCAATGA,12
atac-CAGATCTGCTGAGCCA,12
atac-CAGATCTGCTGGCATA,12
atac-CAGATCTGGAATCTGA,12
atac-CAGATCTGCAAGACTA,12
atac-CAGATCTGGAGCTGAA,12
atac-CAGATCTGGATAGACA,12
atac-CAGATCTGGCCACATA,12
atac-CATCAAGTAACGTGAT,5
atac-CATCAAGTAAACATCG,5
atac-CATCAAGTATGCCTAA,5
atac-CATCAAGTAGTGGTCA,5
atac-CATCAAGTACCACTGT,4
atac-CATCAAGTACATTGGC,5
atac-CATCAAGTCAGATCTG,5
atac-CATCAAGTCATCAAGT,5
atac-CATCAAGTCGCTGATC,5
atac-CATCAAGTACAAGCTA,5
atac-CATCAAGTCTGTAGCC,5
atac-CATCAAGTAGTACAAG,8
atac-CATCAAGTAACAACCA,12
atac-CATCAAGTAACCGAGA,4
atac-CATCAAGTAACGCTTA,5
atac-CATCAAGTAAGACGGA,5
atac-CATCAAGTAAGGTACA,5
atac-CATCAAGTACACAGAA,5
atac-CATCAAGTACAGCAGA,5
atac-CATCAAGTACCTCCAA,5
atac-CATCAAGTACGCTCGA,5
atac-CATCAAGTACGTATCA,5
atac-CATCAAGTACTATGCA,5
atac-CATCAAGTAGAGTCAA,5
atac-CATCAAGTAGATCGCA,5
atac-CATCAAGTAGCAGGAA,5
atac-CATCAAGTAGTCACTA,5
atac-CATCAAGTATCCTGTA,5
atac-CATCAAGTATTGAGGA,5
atac-CATCAAGTCAACCACA,5
atac-CATCAAGTGACTAGTA,5
atac-CATCAAGTCAATGGAA,5
atac-CATCAAGTCACTTCGA,5
atac-CATCAAGTCAGCGTTA,5
atac-CATCAAGTCATACCAA,5
atac-CATCAAGTCCAGTTCA,4
atac-CATCAAGTCCGAAGTA,4
atac-CATCAAGTCCGTGAGA,4
atac-CATCAAGTCCTCCTGA,8
atac-CATCAAGTCGAACTTA,12
atac-CATCAAGTCGACTGGA,12
atac-CATCAAGTCGCATACA,12
atac-CATCAAGTCTCAATGA,4
atac-CATCAAGTCTGAGCCA,8
atac-CATCAAGTCTGGCATA,8
atac-CATCAAGTGAATCTGA,12
atac-CATCAAGTCAAGACTA,12
atac-CATCAAGTGAGCTGAA,12
atac-CATCAAGTGATAGACA,12
atac-CATCAAGTGCCACATA,12
atac-CGCTGATCAACGTGAT,5
atac-CGCTGATCAAACATCG,5
atac-CGCTGATCATGCCTAA,5
atac-CGCTGATCAGTGGTCA,5
atac-CGCTGATCACCACTGT,5
atac-CGCTGATCACATTGGC,5
atac-CGCTGATCCAGATCTG,5
atac-CGCTGATCCATCAAGT,4
atac-CGCTGATCCGCTGATC,5
atac-CGCTGATCACAAGCTA,4
atac-CGCTGATCCTGTAGCC,5
atac-CGCTGATCAGTACAAG,4
atac-CGCTGATCAACAACCA,12
atac-CGCTGATCAACCGAGA,5
atac-CGCTGATCAACGCTTA,5
atac-CGCTGATCAAGACGGA,5
atac-CGCTGATCAAGGTACA,5
atac-CGCTGATCACACAGAA,5
atac-CGCTGATCACAGCAGA,5
atac-CGCTGATCACCTCCAA,5
atac-CGCTGATCACGCTCGA,5
atac-CGCTGATCACGTATCA,5
atac-CGCTGATCACTATGCA,5
atac-CGCTGATCAGAGTCAA,5
atac-CGCTGATCAGATCGCA,5
atac-CGCTGATCAGCAGGAA,5
atac-CGCTGATCAGTCACTA,5
atac-CGCTGATCATCCTGTA,5
atac-CGCTGATCATTGAGGA,5
atac-CGCTGATCCAACCACA,5
atac-CGCTGATCGACTAGTA,5
atac-CGCTGATCCAATGGAA,5
atac-CGCTGATCCACTTCGA,5
atac-CGCTGATCCAGCGTTA,5
atac-CGCTGATCCATACCAA,4
atac-CGCTGATCCCAGTTCA,12
atac-CGCTGATCCCGAAGTA,4
atac-CGCTGATCCCGTGAGA,12
atac-CGCTGATCCCTCCTGA,4
atac-CGCTGATCCGAACTTA,12
atac-CGCTGATCCGACTGGA,12
atac-CGCTGATCCGCATACA,8
atac-CGCTGATCCTCAATGA,12
atac-CGCTGATCCTGAGCCA,4
atac-CGCTGATCCTGGCATA,12
atac-CGCTGATCGAATCTGA,12
atac-CGCTGATCCAAGACTA,12
atac-CGCTGATCGAGCTGAA,12
atac-CGCTGATCGATAGACA,4
atac-CGCTGATCGCCACATA,12
atac-ACAAGCTAAACGTGAT,5
atac-ACAAGCTAAAACATCG,5
atac-ACAAGCTAATGCCTAA,5
atac-ACAAGCTAAGTGGTCA,5
atac-ACAAGCTAACCACTGT,5
atac-ACAAGCTAACATTGGC,5
atac-ACAAGCTACAGATCTG,5
atac-ACAAGCTACATCAAGT,5
atac-ACAAGCTACGCTGATC,5
atac-ACAAGCTAACAAGCTA,12
atac-ACAAGCTACTGTAGCC,4
atac-ACAAGCTAAGTACAAG,12
atac-ACAAGCTAAACAACCA,5
atac-ACAAGCTAAACCGAGA,5
atac-ACAAGCTAAACGCTTA,5
atac-ACAAGCTAAAGACGGA,6
atac-ACAAGCTAAAGGTACA,5
atac-ACAAGCTAACACAGAA,5
atac-ACAAGCTAACAGCAGA,5
atac-ACAAGCTAACCTCCAA,5
atac-ACAAGCTAACGCTCGA,5
atac-ACAAGCTAACGTATCA,5
atac-ACAAGCTAACTATGCA,5
atac-ACAAGCTAAGAGTCAA,5
atac-ACAAGCTAAGATCGCA,5
atac-ACAAGCTAAGCAGGAA,5
atac-ACAAGCTAAGTCACTA,10
atac-ACAAGCTAATCCTGTA,5
atac-ACAAGCTAATTGAGGA,5
atac-ACAAGCTACAACCACA,5
atac-ACAAGCTAGACTAGTA,5
atac-ACAAGCTACAATGGAA,5
atac-ACAAGCTACACTTCGA,5
atac-ACAAGCTACAGCGTTA,5
atac-ACAAGCTACATACCAA,12
atac-ACAAGCTACCAGTTCA,4
atac-ACAAGCTACCGAAGTA,8
atac-ACAAGCTACCGTGAGA,12
atac-ACAAGCTACCTCCTGA,12
atac-ACAAGCTACGAACTTA,4
atac-ACAAGCTACGACTGGA,4
atac-ACAAGCTACGCATACA,8
atac-ACAAGCTACTCAATGA,8
atac-ACAAGCTACTGAGCCA,4
atac-ACAAGCTACTGGCATA,12
atac-ACAAGCTAGAATCTGA,12
atac-ACAAGCTACAAGACTA,12
atac-ACAAGCTAGAGCTGAA,5
atac-ACAAGCTAGATAGACA,5
atac-ACAAGCTAGCCACATA,5
atac-CTGTAGCCAACGTGAT,5
atac-CTGTAGCCAAACATCG,5
atac-CTGTAGCCATGCCTAA,5
atac-CTGTAGCCAGTGGTCA,5
atac-CTGTAGCCACCACTGT,5
atac-CTGTAGCCACATTGGC,5
atac-CTGTAGCCCAGATCTG,5
atac-CTGTAGCCCATCAAGT,5
atac-CTGTAGCCCGCTGATC,8
atac-CTGTAGCCACAAGCTA,8
atac-CTGTAGCCCTGTAGCC,4
atac-CTGTAGCCAGTACAAG,5
atac-CTGTAGCCAACAACCA,5
atac-CTGTAGCCAACCGAGA,4
atac-CTGTAGCCAACGCTTA,5
atac-CTGTAGCCAAGACGGA,6
atac-CTGTAGCCAAGGTACA,6
atac-CTGTAGCCACACAGAA,5
atac-CTGTAGCCACAGCAGA,5
atac-CTGTAGCCACCTCCAA,5
atac-CTGTAGCCACGCTCGA,5
atac-CTGTAGCCACGTATCA,5
atac-CTGTAGCCACTATGCA,5
atac-CTGTAGCCAGAGTCAA,5
atac-CTGTAGCCAGATCGCA,5
atac-CTGTAGCCAGCAGGAA,5
atac-CTGTAGCCAGTCACTA,10
atac-CTGTAGCCATCCTGTA,5
atac-CTGTAGCCATTGAGGA,5
atac-CTGTAGCCCAACCACA,5
atac-CTGTAGCCGACTAGTA,5
atac-CTGTAGCCCAATGGAA,5
atac-CTGTAGCCCACTTCGA,5
atac-CTGTAGCCCAGCGTTA,12
atac-CTGTAGCCCATACCAA,5
atac-CTGTAGCCCCAGTTCA,12
atac-CTGTAGCCCCGAAGTA,12
atac-CTGTAGCCCCGTGAGA,12
atac-CTGTAGCCCCTCCTGA,12
atac-CTGTAGCCCGAACTTA,4
atac-CTGTAGCCCGACTGGA,8
atac-CTGTAGCCCGCATACA,8
atac-CTGTAGCCCTCAATGA,12
atac-CTGTAGCCCTGAGCCA,12
atac-CTGTAGCCCTGGCATA,12
atac-CTGTAGCCGAATCTGA,5
atac-CTGTAGCCCAAGACTA,5
atac-CTGTAGCCGAGCTGAA,5
atac-CTGTAGCCGATAGACA,5
atac-CTGTAGCCGCCACATA,5
atac-AGTACAAGAACGTGAT,5
atac-AGTACAAGAAACATCG,5
atac-AGTACAAGATGCCTAA,5
atac-AGTACAAGAGTGGTCA,5
atac-AGTACAAGACCACTGT,5
atac-AGTACAAGACATTGGC,5
atac-AGTACAAGCAGATCTG,5
atac-AGTACAAGCATCAAGT,5
atac-AGTACAAGCGCTGATC,5
atac-AGTACAAGACAAGCTA,8
atac-AGTACAAGCTGTAGCC,8
atac-AGTACAAGAGTACAAG,8
atac-AGTACAAGAACAACCA,12
atac-AGTACAAGAACCGAGA,0
atac-AGTACAAGAACGCTTA,8
atac-AGTACAAGAAGACGGA,0
atac-AGTACAAGAAGGTACA,6
atac-AGTACAAGACACAGAA,12
atac-AGTACAAGACAGCAGA,5
atac-AGTACAAGACCTCCAA,5
atac-AGTACAAGACGCTCGA,5
atac-AGTACAAGACGTATCA,5
atac-AGTACAAGACTATGCA,5
atac-AGTACAAGAGAGTCAA,5
atac-AGTACAAGAGATCGCA,8
atac-AGTACAAGAGCAGGAA,5
atac-AGTACAAGAGTCACTA,5
atac-AGTACAAGATCCTGTA,4
atac-AGTACAAGATTGAGGA,5
atac-AGTACAAGCAACCACA,5
atac-AGTACAAGGACTAGTA,5
atac-AGTACAAGCAATGGAA,5
atac-AGTACAAGCACTTCGA,5
atac-AGTACAAGCAGCGTTA,5
atac-AGTACAAGCATACCAA,8
atac-AGTACAAGCCAGTTCA,5
atac-AGTACAAGCCGAAGTA,12
atac-AGTACAAGCCGTGAGA,4
atac-AGTACAAGCCTCCTGA,12
atac-AGTACAAGCGAACTTA,12
atac-AGTACAAGCGACTGGA,4
atac-AGTACAAGCGCATACA,4
atac-AGTACAAGCTCAATGA,12
atac-AGTACAAGCTGAGCCA,5
atac-AGTACAAGCTGGCATA,5
atac-AGTACAAGGAATCTGA,5
atac-AGTACAAGCAAGACTA,5
atac-AGTACAAGGAGCTGAA,5
atac-AGTACAAGGATAGACA,5
atac-AGTACAAGGCCACATA,5
atac-AACAACCAAACGTGAT,5
atac-AACAACCAAAACATCG,5
atac-AACAACCAATGCCTAA,5
atac-AACAACCAAGTGGTCA,5
atac-AACAACCAACCACTGT,5
atac-AACAACCAACATTGGC,5
atac-AACAACCACAGATCTG,5
atac-AACAACCACATCAAGT,5
atac-AACAACCACGCTGATC,8
atac-AACAACCAACAAGCTA,8
atac-AACAACCACTGTAGCC,8
atac-AACAACCAAGTACAAG,4
atac-AACAACCAAACAACCA,12
atac-AACAACCAAACCGAGA,0
atac-AACAACCAAACGCTTA,0
atac-AACAACCAAAGACGGA,6
atac-AACAACCAAAGGTACA,6
atac-AACAACCAACACAGAA,12
atac-AACAACCAACAGCAGA,12
atac-AACAACCAACCTCCAA,5
atac-AACAACCAACGCTCGA,5
atac-AACAACCAACGTATCA,5
atac-AACAACCAACTATGCA,5
atac-AACAACCAAGAGTCAA,5
atac-AACAACCAAGATCGCA,8
atac-AACAACCAAGCAGGAA,5
atac-AACAACCAAGTCACTA,5
atac-AACAACCAATCCTGTA,12
atac-AACAACCAATTGAGGA,5
atac-AACAACCACAACCACA,5
atac-AACAACCAGACTAGTA,5
atac-AACAACCACAATGGAA,5
atac-AACAACCACACTTCGA,5
atac-AACAACCACAGCGTTA,5
atac-AACAACCACATACCAA,5
atac-AACAACCACCAGTTCA,12
atac-AACAACCACCGAAGTA,12
atac-AACAACCACCGTGAGA,12
atac-AACAACCACCTCCTGA,12
atac-AACAACCACGAACTTA,12
atac-AACAACCACGACTGGA,4
atac-AACAACCACGCATACA,8
atac-AACAACCACTCAATGA,12
atac-AACAACCACTGAGCCA,5
atac-AACAACCACTGGCATA,5
atac-AACAACCAGAATCTGA,5
atac-AACAACCACAAGACTA,5
atac-AACAACCAGAGCTGAA,5
atac-AACAACCAGATAGACA,5
atac-AACAACCAGCCACATA,5
atac-AACCGAGAAACGTGAT,5
atac-AACCGAGAAAACATCG,5
atac-AACCGAGAATGCCTAA,5
atac-AACCGAGAAGTGGTCA,5
atac-AACCGAGAACCACTGT,5
atac-AACCGAGAACATTGGC,5
atac-AACCGAGACAGATCTG,5
atac-AACCGAGACATCAAGT,4
atac-AACCGAGACGCTGATC,5
atac-AACCGAGAACAAGCTA,8
atac-AACCGAGACTGTAGCC,8
atac-AACCGAGAAGTACAAG,8
atac-AACCGAGAAACAACCA,0
atac-AACCGAGAAACCGAGA,0
atac-AACCGAGAAACGCTTA,5
atac-AACCGAGAAAGACGGA,6
atac-AACCGAGAAAGGTACA,4
atac-AACCGAGAACACAGAA,4
atac-AACCGAGAACAGCAGA,5
atac-AACCGAGAACCTCCAA,5
atac-AACCGAGAACGCTCGA,5
atac-AACCGAGAACGTATCA,5
atac-AACCGAGAACTATGCA,5
atac-AACCGAGAAGAGTCAA,5
atac-AACCGAGAAGATCGCA,5
atac-AACCGAGAAGCAGGAA,5
atac-AACCGAGAAGTCACTA,12
atac-AACCGAGAATCCTGTA,5
atac-AACCGAGAATTGAGGA,5
atac-AACCGAGACAACCACA,5
atac-AACCGAGAGACTAGTA,5
atac-AACCGAGACAATGGAA,5
atac-AACCGAGACACTTCGA,5
atac-AACCGAGACAGCGTTA,5
atac-AACCGAGACATACCAA,5
atac-AACCGAGACCAGTTCA,5
atac-AACCGAGACCGAAGTA,12
atac-AACCGAGACCGTGAGA,5
atac-AACCGAGACCTCCTGA,12
atac-AACCGAGACGAACTTA,4
atac-AACCGAGACGACTGGA,4
atac-AACCGAGACGCATACA,8
atac-AACCGAGACTCAATGA,12
atac-AACCGAGACTGAGCCA,5
atac-AACCGAGACTGGCATA,5
atac-AACCGAGAGAATCTGA,5
atac-AACCGAGACAAGACTA,5
atac-AACCGAGAGAGCTGAA,5
atac-AACCGAGAGATAGACA,5
atac-AACCGAGAGCCACATA,5
atac-AACGCTTAAACGTGAT,5
atac-AACGCTTAAAACATCG,5
atac-AACGCTTAATGCCTAA,4
atac-AACGCTTAAGTGGTCA,5
atac-AACGCTTAACCACTGT,5
atac-AACGCTTAACATTGGC,5
atac-AACGCTTACAGATCTG,5
atac-AACGCTTACATCAAGT,5
atac-AACGCTTACGCTGATC,4
atac-AACGCTTAACAAGCTA,8
atac-AACGCTTACTGTAGCC,8
atac-AACGCTTAAGTACAAG,4
atac-AACGCTTAAACAACCA,12
atac-AACGCTTAAACCGAGA,4
atac-AACGCTTAAACGCTTA,4
atac-AACGCTTAAAGACGGA,8
atac-AACGCTTAAAGGTACA,6
atac-AACGCTTAACACAGAA,6
atac-AACGCTTAACAGCAGA,8
atac-AACGCTTAACCTCCAA,5
atac-AACGCTTAACGCTCGA,5
atac-AACGCTTAACGTATCA,5
atac-AACGCTTAACTATGCA,5
atac-AACGCTTAAGAGTCAA,5
atac-AACGCTTAAGATCGCA,5
atac-AACGCTTAAGCAGGAA,5
atac-AACGCTTAAGTCACTA,5
atac-AACGCTTAATCCTGTA,5
atac-AACGCTTAATTGAGGA,5
atac-AACGCTTACAACCACA,5
atac-AACGCTTAGACTAGTA,5
atac-AACGCTTACAATGGAA,5
atac-AACGCTTACACTTCGA,5
atac-AACGCTTACAGCGTTA,5
atac-AACGCTTACATACCAA,5
atac-AACGCTTACCAGTTCA,5
atac-AACGCTTACCGAAGTA,5
atac-AACGCTTACCGTGAGA,12
atac-AACGCTTACCTCCTGA,4
atac-AACGCTTACGAACTTA,4
atac-AACGCTTACGACTGGA,8
atac-AACGCTTACGCATACA,8
atac-AACGCTTACTCAATGA,12
atac-AACGCTTACTGAGCCA,12
atac-AACGCTTACTGGCATA,5
atac-AACGCTTAGAATCTGA,5
atac-AACGCTTACAAGACTA,5
atac-AACGCTTAGAGCTGAA,5
atac-AACGCTTAGATAGACA,5
atac-AACGCTTAGCCACATA,5
atac-AAGACGGAAACGTGAT,5
atac-AAGACGGAAAACATCG,5
atac-AAGACGGAATGCCTAA,5
atac-AAGACGGAAGTGGTCA,5
atac-AAGACGGAACCACTGT,5
atac-AAGACGGAACATTGGC,5
atac-AAGACGGACAGATCTG,5
atac-AAGACGGACATCAAGT,5
atac-AAGACGGACGCTGATC,5
atac-AAGACGGAACAAGCTA,4
atac-AAGACGGACTGTAGCC,5
atac-AAGACGGAAGTACAAG,6
atac-AAGACGGAAACAACCA,4
atac-AAGACGGAAACCGAGA,12
atac-AAGACGGAAACGCTTA,12
atac-AAGACGGAAAGACGGA,6
atac-AAGACGGAAAGGTACA,4
atac-AAGACGGAACACAGAA,6
atac-AAGACGGAACAGCAGA,5
atac-AAGACGGAACCTCCAA,5
atac-AAGACGGAACGCTCGA,5
atac-AAGACGGAACGTATCA,5
atac-AAGACGGAACTATGCA,5
atac-AAGACGGAAGAGTCAA,5
atac-AAGACGGAAGATCGCA,5
atac-AAGACGGAAGCAGGAA,5
atac-AAGACGGAAGTCACTA,5
atac-AAGACGGAATCCTGTA,5
atac-AAGACGGAATTGAGGA,5
atac-AAGACGGACAACCACA,5
atac-AAGACGGAGACTAGTA,5
atac-AAGACGGACAATGGAA,5
atac-AAGACGGACACTTCGA,5
atac-AAGACGGACAGCGTTA,5
atac-AAGACGGACATACCAA,5
atac-AAGACGGACCAGTTCA,5
atac-AAGACGGACCGAAGTA,5
atac-AAGACGGACCGTGAGA,5
atac-AAGACGGACCTCCTGA,0
atac-AAGACGGACGAACTTA,4
atac-AAGACGGACGACTGGA,12
atac-AAGACGGACGCATACA,8
atac-AAGACGGACTCAATGA,12
atac-AAGACGGACTGAGCCA,12
atac-AAGACGGACTGGCATA,12
atac-AAGACGGAGAATCTGA,5
atac-AAGACGGACAAGACTA,5
atac-AAGACGGAGAGCTGAA,5
atac-AAGACGGAGATAGACA,5
atac-AAGACGGAGCCACATA,5
atac-AAGGTACAAACGTGAT,5
atac-AAGGTACAAAACATCG,5
atac-AAGGTACAATGCCTAA,5
atac-AAGGTACAAGTGGTCA,5
atac-AAGGTACAACCACTGT,5
atac-AAGGTACAACATTGGC,5
atac-AAGGTACACAGATCTG,5
atac-AAGGTACACATCAAGT,5
atac-AAGGTACACGCTGATC,5
atac-AAGGTACAACAAGCTA,4
atac-AAGGTACACTGTAGCC,8
atac-AAGGTACAAGTACAAG,5
atac-AAGGTACAAACAACCA,12
atac-AAGGTACAAACCGAGA,12
atac-AAGGTACAAACGCTTA,6
atac-AAGGTACAAAGACGGA,6
atac-AAGGTACAAAGGTACA,6
atac-AAGGTACAACACAGAA,5
atac-AAGGTACAACAGCAGA,5
atac-AAGGTACAACCTCCAA,5
atac-AAGGTACAACGCTCGA,5
atac-AAGGTACAACGTATCA,5
atac-AAGGTACAACTATGCA,5
atac-AAGGTACAAGAGTCAA,5
atac-AAGGTACAAGATCGCA,5
atac-AAGGTACAAGCAGGAA,5
atac-AAGGTACAAGTCACTA,5
atac-AAGGTACAATCCTGTA,5
atac-AAGGTACAATTGAGGA,5
atac-AAGGTACACAACCACA,5
atac-AAGGTACAGACTAGTA,5
atac-AAGGTACACAATGGAA,5
atac-AAGGTACACACTTCGA,5
atac-AAGGTACACAGCGTTA,5
atac-AAGGTACACATACCAA,5
atac-AAGGTACACCAGTTCA,5
atac-AAGGTACACCGAAGTA,5
atac-AAGGTACACCGTGAGA,5
atac-AAGGTACACCTCCTGA,5
atac-AAGGTACACGAACTTA,12
atac-AAGGTACACGACTGGA,4
atac-AAGGTACACGCATACA,12
atac-AAGGTACACTCAATGA,12
atac-AAGGTACACTGAGCCA,12
atac-AAGGTACACTGGCATA,4
atac-AAGGTACAGAATCTGA,5
atac-AAGGTACACAAGACTA,5
atac-AAGGTACAGAGCTGAA,12
atac-AAGGTACAGATAGACA,12
atac-AAGGTACAGCCACATA,12
atac-ACACAGAAAACGTGAT,5
atac-ACACAGAAAAACATCG,5
atac-ACACAGAAATGCCTAA,5
atac-ACACAGAAAGTGGTCA,5
atac-ACACAGAAACCACTGT,5
atac-ACACAGAAACATTGGC,5
atac-ACACAGAACAGATCTG,5
atac-ACACAGAACATCAAGT,5
atac-ACACAGAACGCTGATC,5
atac-ACACAGAAACAAGCTA,5
atac-ACACAGAACTGTAGCC,8
atac-ACACAGAAAGTACAAG,12
atac-ACACAGAAAACAACCA,12
atac-ACACAGAAAACCGAGA,12
atac-ACACAGAAAACGCTTA,12
atac-ACACAGAAAAGACGGA,6
atac-ACACAGAAAAGGTACA,5
atac-ACACAGAAACACAGAA,5
atac-ACACAGAAACAGCAGA,5
atac-ACACAGAAACCTCCAA,5
atac-ACACAGAAACGCTCGA,5
atac-ACACAGAAACGTATCA,5
atac-ACACAGAAACTATGCA,5
atac-ACACAGAAAGAGTCAA,5
atac-ACACAGAAAGATCGCA,5
atac-ACACAGAAAGCAGGAA,5
atac-ACACAGAAAGTCACTA,5
atac-ACACAGAAATCCTGTA,5
atac-ACACAGAAATTGAGGA,5
atac-ACACAGAACAACCACA,5
atac-ACACAGAAGACTAGTA,5
atac-ACACAGAACAATGGAA,5
atac-ACACAGAACACTTCGA,5
atac-ACACAGAACAGCGTTA,5
atac-ACACAGAACATACCAA,5
atac-ACACAGAACCAGTTCA,5
atac-ACACAGAACCGAAGTA,5
atac-ACACAGAACCGTGAGA,5
atac-ACACAGAACCTCCTGA,5
atac-ACACAGAACGAACTTA,5
atac-ACACAGAACGACTGGA,12
atac-ACACAGAACGCATACA,0
atac-ACACAGAACTCAATGA,12
atac-ACACAGAACTGAGCCA,12
atac-ACACAGAACTGGCATA,5
atac-ACACAGAAGAATCTGA,5
atac-ACACAGAACAAGACTA,4
atac-ACACAGAAGAGCTGAA,12
atac-ACACAGAAGATAGACA,4
atac-ACACAGAAGCCACATA,0
atac-ACAGCAGAAACGTGAT,5
atac-ACAGCAGAAAACATCG,5
atac-ACAGCAGAATGCCTAA,5
atac-ACAGCAGAAGTGGTCA,5
atac-ACAGCAGAACCACTGT,5
atac-ACAGCAGAACATTGGC,5
atac-ACAGCAGACAGATCTG,5
atac-ACAGCAGACATCAAGT,5
atac-ACAGCAGACGCTGATC,5
atac-ACAGCAGAACAAGCTA,5
atac-ACAGCAGACTGTAGCC,4
atac-ACAGCAGAAGTACAAG,4
atac-ACAGCAGAAACAACCA,12
atac-ACAGCAGAAACCGAGA,12
atac-ACAGCAGAAACGCTTA,12
atac-ACAGCAGAAAGACGGA,8
atac-ACAGCAGAAAGGTACA,5
atac-ACAGCAGAACACAGAA,5
atac-ACAGCAGAACAGCAGA,5
atac-ACAGCAGAACCTCCAA,5
atac-ACAGCAGAACGCTCGA,5
atac-ACAGCAGAACGTATCA,5
atac-ACAGCAGAACTATGCA,5
atac-ACAGCAGAAGAGTCAA,5
atac-ACAGCAGAAGATCGCA,5
atac-ACAGCAGAAGCAGGAA,5
atac-ACAGCAGAAGTCACTA,5
atac-ACAGCAGAATCCTGTA,5
atac-ACAGCAGAATTGAGGA,5
atac-ACAGCAGACAACCACA,5
atac-ACAGCAGAGACTAGTA,5
atac-ACAGCAGACAATGGAA,5
atac-ACAGCAGACACTTCGA,5
atac-ACAGCAGACAGCGTTA,5
atac-ACAGCAGACATACCAA,5
atac-ACAGCAGACCAGTTCA,5
atac-ACAGCAGACCGAAGTA,5
atac-ACAGCAGACCGTGAGA,5
atac-ACAGCAGACCTCCTGA,5
atac-ACAGCAGACGAACTTA,5
atac-ACAGCAGACGACTGGA,5
atac-ACAGCAGACGCATACA,8
atac-ACAGCAGACTCAATGA,12
atac-ACAGCAGACTGAGCCA,12
atac-ACAGCAGACTGGCATA,12
atac-ACAGCAGAGAATCTGA,5
atac-ACAGCAGACAAGACTA,12
atac-ACAGCAGAGAGCTGAA,4
atac-ACAGCAGAGATAGACA,12
atac-ACAGCAGAGCCACATA,4
atac-ACCTCCAAAACGTGAT,5
atac-ACCTCCAAAAACATCG,5
atac-ACCTCCAAATGCCTAA,5
atac-ACCTCCAAAGTGGTCA,5
atac-ACCTCCAAACCACTGT,5
atac-ACCTCCAAACATTGGC,5
atac-ACCTCCAACAGATCTG,5
atac-ACCTCCAACATCAAGT,5
atac-ACCTCCAACGCTGATC,5
atac-ACCTCCAAACAAGCTA,5
atac-ACCTCCAACTGTAGCC,5
atac-ACCTCCAAAGTACAAG,5
atac-ACCTCCAAAACAACCA,12
atac-ACCTCCAAAACCGAGA,12
atac-ACCTCCAAAACGCTTA,12
atac-ACCTCCAAAAGACGGA,5
atac-ACCTCCAAAAGGTACA,5
atac-ACCTCCAAACACAGAA,5
atac-ACCTCCAAACAGCAGA,5
atac-ACCTCCAAACCTCCAA,5
atac-ACCTCCAAACGCTCGA,5
atac-ACCTCCAAACGTATCA,5
atac-ACCTCCAAACTATGCA,5
atac-ACCTCCAAAGAGTCAA,5
atac-ACCTCCAAAGATCGCA,5
atac-ACCTCCAAAGCAGGAA,5
atac-ACCTCCAAAGTCACTA,5
atac-ACCTCCAAATCCTGTA,5
atac-ACCTCCAAATTGAGGA,5
atac-ACCTCCAACAACCACA,5
atac-ACCTCCAAGACTAGTA,5
atac-ACCTCCAACAATGGAA,5
atac-ACCTCCAACACTTCGA,5
atac-ACCTCCAACAGCGTTA,5
atac-ACCTCCAACATACCAA,5
atac-ACCTCCAACCAGTTCA,5
atac-ACCTCCAACCGAAGTA,5
atac-ACCTCCAACCGTGAGA,5
atac-ACCTCCAACCTCCTGA,5
atac-ACCTCCAACGAACTTA,12
atac-ACCTCCAACGACTGGA,12
atac-ACCTCCAACGCATACA,8
atac-ACCTCCAACTCAATGA,12
atac-ACCTCCAACTGAGCCA,12
atac-ACCTCCAACTGGCATA,5
atac-ACCTCCAAGAATCTGA,12
atac-ACCTCCAACAAGACTA,4
atac-ACCTCCAAGAGCTGAA,12
atac-ACCTCCAAGATAGACA,4
atac-ACCTCCAAGCCACATA,12
atac-ACGCTCGAAACGTGAT,5
atac-ACGCTCGAAAACATCG,5
atac-ACGCTCGAATGCCTAA,5
atac-ACGCTCGAAGTGGTCA,5
atac-ACGCTCGAACCACTGT,5
atac-ACGCTCGAACATTGGC,5
atac-ACGCTCGACAGATCTG,5
atac-ACGCTCGACATCAAGT,5
atac-ACGCTCGACGCTGATC,5
atac-ACGCTCGAACAAGCTA,8
atac-ACGCTCGACTGTAGCC,5
atac-ACGCTCGAAGTACAAG,12
atac-ACGCTCGAAACAACCA,12
atac-ACGCTCGAAACCGAGA,12
atac-ACGCTCGAAACGCTTA,5
atac-ACGCTCGAAAGACGGA,12
atac-ACGCTCGAAAGGTACA,5
atac-ACGCTCGAACACAGAA,5
atac-ACGCTCGAACAGCAGA,5
atac-ACGCTCGAACCTCCAA,5
atac-ACGCTCGAACGCTCGA,5
atac-ACGCTCGAACGTATCA,5
atac-ACGCTCGAACTATGCA,5
atac-ACGCTCGAAGAGTCAA,5
atac-ACGCTCGAAGATCGCA,5
atac-ACGCTCGAAGCAGGAA,5
atac-ACGCTCGAAGTCACTA,5
atac-ACGCTCGAATCCTGTA,5
atac-ACGCTCGAATTGAGGA,5
atac-ACGCTCGACAACCACA,5
atac-ACGCTCGAGACTAGTA,5
atac-ACGCTCGACAATGGAA,5
atac-ACGCTCGACACTTCGA,5
atac-ACGCTCGACAGCGTTA,5
atac-ACGCTCGACATACCAA,5
atac-ACGCTCGACCAGTTCA,5
atac-ACGCTCGACCGAAGTA,5
atac-ACGCTCGACCGTGAGA,5
atac-ACGCTCGACCTCCTGA,5
atac-ACGCTCGACGAACTTA,9
atac-ACGCTCGACGACTGGA,9
atac-ACGCTCGACGCATACA,9
atac-ACGCTCGACTCAATGA,12
atac-ACGCTCGACTGAGCCA,12
atac-ACGCTCGACTGGCATA,12
atac-ACGCTCGAGAATCTGA,4
atac-ACGCTCGACAAGACTA,12
atac-ACGCTCGAGAGCTGAA,12
atac-ACGCTCGAGATAGACA,4
atac-ACGCTCGAGCCACATA,4
atac-ACGTATCAAACGTGAT,5
atac-ACGTATCAAAACATCG,5
atac-ACGTATCAATGCCTAA,5
atac-ACGTATCAAGTGGTCA,5
atac-ACGTATCAACCACTGT,5
atac-ACGTATCAACATTGGC,5
atac-ACGTATCACAGATCTG,5
atac-ACGTATCACATCAAGT,5
atac-ACGTATCACGCTGATC,5
atac-ACGTATCAACAAGCTA,5
atac-ACGTATCACTGTAGCC,5
atac-ACGTATCAAGTACAAG,5
atac-ACGTATCAAACAACCA,12
atac-ACGTATCAAACCGAGA,12
atac-ACGTATCAAACGCTTA,12
atac-ACGTATCAAAGACGGA,5
atac-ACGTATCAAAGGTACA,12
atac-ACGTATCAACACAGAA,5
atac-ACGTATCAACAGCAGA,5
atac-ACGTATCAACCTCCAA,5
atac-ACGTATCAACGCTCGA,5
atac-ACGTATCAACGTATCA,5
atac-ACGTATCAACTATGCA,5
atac-ACGTATCAAGAGTCAA,5
atac-ACGTATCAAGATCGCA,5
atac-ACGTATCAAGCAGGAA,5
atac-ACGTATCAAGTCACTA,5
atac-ACGTATCAATCCTGTA,5
atac-ACGTATCAATTGAGGA,5
atac-ACGTATCACAACCACA,5
atac-ACGTATCAGACTAGTA,5
atac-ACGTATCACAATGGAA,5
atac-ACGTATCACACTTCGA,5
atac-ACGTATCACAGCGTTA,12
atac-ACGTATCACATACCAA,12
atac-ACGTATCACCAGTTCA,9
atac-ACGTATCACCGAAGTA,5
atac-ACGTATCACCGTGAGA,9
atac-ACGTATCACCTCCTGA,9
atac-ACGTATCACGAACTTA,9
atac-ACGTATCACGACTGGA,9
atac-ACGTATCACGCATACA,9
atac-ACGTATCACTCAATGA,12
atac-ACGTATCACTGAGCCA,12
atac-ACGTATCACTGGCATA,12
atac-ACGTATCAGAATCTGA,5
atac-ACGTATCACAAGACTA,4
atac-ACGTATCAGAGCTGAA,4
atac-ACGTATCAGATAGACA,12
atac-ACGTATCAGCCACATA,4
atac-ACTATGCAAACGTGAT,5
atac-ACTATGCAAAACATCG,5
atac-ACTATGCAATGCCTAA,5
atac-ACTATGCAAGTGGTCA,5
atac-ACTATGCAACCACTGT,5
atac-ACTATGCAACATTGGC,5
atac-ACTATGCACAGATCTG,5
atac-ACTATGCACATCAAGT,5
atac-ACTATGCACGCTGATC,5
atac-ACTATGCAACAAGCTA,5
atac-ACTATGCACTGTAGCC,5
atac-ACTATGCAAGTACAAG,5
atac-ACTATGCAAACAACCA,5
atac-ACTATGCAAACCGAGA,12
atac-ACTATGCAAACGCTTA,12
atac-ACTATGCAAAGACGGA,12
atac-ACTATGCAAAGGTACA,5
atac-ACTATGCAACACAGAA,8
atac-ACTATGCAACAGCAGA,5
atac-ACTATGCAACCTCCAA,5
atac-ACTATGCAACGCTCGA,5
atac-ACTATGCAACGTATCA,5
atac-ACTATGCAACTATGCA,5
atac-ACTATGCAAGAGTCAA,5
atac-ACTATGCAAGATCGCA,5
atac-ACTATGCAAGCAGGAA,5
atac-ACTATGCAAGTCACTA,5
atac-ACTATGCAATCCTGTA,5
atac-ACTATGCAATTGAGGA,5
atac-ACTATGCACAACCACA,5
atac-ACTATGCAGACTAGTA,5
atac-ACTATGCACAATGGAA,5
atac-ACTATGCACACTTCGA,9
atac-ACTATGCACAGCGTTA,12
atac-ACTATGCACATACCAA,9
atac-ACTATGCACCAGTTCA,9
atac-ACTATGCACCGAAGTA,9
atac-ACTATGCACCGTGAGA,9
atac-ACTATGCACCTCCTGA,9
atac-ACTATGCACGAACTTA,9
atac-ACTATGCACGACTGGA,9
atac-ACTATGCACGCATACA,9
atac-ACTATGCACTCAATGA,9
atac-ACTATGCACTGAGCCA,10
atac-ACTATGCACTGGCATA,10
atac-ACTATGCAGAATCTGA,5
atac-ACTATGCACAAGACTA,5
atac-ACTATGCAGAGCTGAA,4
atac-ACTATGCAGATAGACA,0
atac-ACTATGCAGCCACATA,4
atac-AGAGTCAAAACGTGAT,5
atac-AGAGTCAAAAACATCG,5
atac-AGAGTCAAATGCCTAA,5
atac-AGAGTCAAAGTGGTCA,5
atac-AGAGTCAAACCACTGT,5
atac-AGAGTCAAACATTGGC,5
atac-AGAGTCAACAGATCTG,5
atac-AGAGTCAACATCAAGT,5
atac-AGAGTCAACGCTGATC,5
atac-AGAGTCAAACAAGCTA,5
atac-AGAGTCAACTGTAGCC,5
atac-AGAGTCAAAGTACAAG,5
atac-AGAGTCAAAACAACCA,12
atac-AGAGTCAAAACCGAGA,12
atac-AGAGTCAAAACGCTTA,12
atac-AGAGTCAAAAGACGGA,12
atac-AGAGTCAAAAGGTACA,5
atac-AGAGTCAAACACAGAA,4
atac-AGAGTCAAACAGCAGA,4
atac-AGAGTCAAACCTCCAA,5
atac-AGAGTCAAACGCTCGA,5
atac-AGAGTCAAACGTATCA,5
atac-AGAGTCAAACTATGCA,5
atac-AGAGTCAAAGAGTCAA,5
atac-AGAGTCAAAGATCGCA,5
atac-AGAGTCAAAGCAGGAA,5
atac-AGAGTCAAAGTCACTA,5
atac-AGAGTCAAATCCTGTA,5
atac-AGAGTCAAATTGAGGA,5
atac-AGAGTCAACAACCACA,5
atac-AGAGTCAAGACTAGTA,9
atac-AGAGTCAACAATGGAA,9
atac-AGAGTCAACACTTCGA,9
atac-AGAGTCAACAGCGTTA,9
atac-AGAGTCAACATACCAA,9
atac-AGAGTCAACCAGTTCA,9
atac-AGAGTCAACCGAAGTA,9
atac-AGAGTCAACCGTGAGA,9
atac-AGAGTCAACCTCCTGA,9
atac-AGAGTCAACGAACTTA,9
atac-AGAGTCAACGACTGGA,9
atac-AGAGTCAACGCATACA,9
atac-AGAGTCAACTCAATGA,9
atac-AGAGTCAACTGAGCCA,9
atac-AGAGTCAACTGGCATA,9
atac-AGAGTCAAGAATCTGA,10
atac-AGAGTCAACAAGACTA,8
atac-AGAGTCAAGAGCTGAA,4
atac-AGAGTCAAGATAGACA,4
atac-AGAGTCAAGCCACATA,8
atac-AGATCGCAAACGTGAT,5
atac-AGATCGCAAAACATCG,5
atac-AGATCGCAATGCCTAA,5
atac-AGATCGCAAGTGGTCA,5
atac-AGATCGCAACCACTGT,5
atac-AGATCGCAACATTGGC,5
atac-AGATCGCACAGATCTG,5
atac-AGATCGCACATCAAGT,5
atac-AGATCGCACGCTGATC,5
atac-AGATCGCAACAAGCTA,5
atac-AGATCGCACTGTAGCC,5
atac-AGATCGCAAGTACAAG,12
atac-AGATCGCAAACAACCA,5
atac-AGATCGCAAACCGAGA,12
atac-AGATCGCAAACGCTTA,8
atac-AGATCGCAAAGACGGA,12
atac-AGATCGCAAAGGTACA,5
atac-AGATCGCAACACAGAA,5
atac-AGATCGCAACAGCAGA,5
atac-AGATCGCAACCTCCAA,5
atac-AGATCGCAACGCTCGA,5
atac-AGATCGCAACGTATCA,5
atac-AGATCGCAACTATGCA,5
atac-AGATCGCAAGAGTCAA,5
atac-AGATCGCAAGATCGCA,5
atac-AGATCGCAAGCAGGAA,5
atac-AGATCGCAAGTCACTA,5
atac-AGATCGCAATCCTGTA,5
atac-AGATCGCAATTGAGGA,9
atac-AGATCGCACAACCACA,10
atac-AGATCGCAGACTAGTA,9
atac-AGATCGCACAATGGAA,9
atac-AGATCGCACACTTCGA,9
atac-AGATCGCACAGCGTTA,9
atac-AGATCGCACATACCAA,9
atac-AGATCGCACCAGTTCA,9
atac-AGATCGCACCGAAGTA,9
atac-AGATCGCACCGTGAGA,9
atac-AGATCGCACCTCCTGA,9
atac-AGATCGCACGAACTTA,9
atac-AGATCGCACGACTGGA,9
atac-AGATCGCACGCATACA,9
atac-AGATCGCACTCAATGA,9
atac-AGATCGCACTGAGCCA,9
atac-AGATCGCACTGGCATA,10
atac-AGATCGCAGAATCTGA,9
atac-AGATCGCACAAGACTA,10
atac-AGATCGCAGAGCTGAA,9
atac-AGATCGCAGATAGACA,8
atac-AGATCGCAGCCACATA,4
atac-AGCAGGAAAACGTGAT,5
atac-AGCAGGAAAAACATCG,5
atac-AGCAGGAAATGCCTAA,5
atac-AGCAGGAAAGTGGTCA,5
atac-AGCAGGAAACCACTGT,5
atac-AGCAGGAAACATTGGC,5
atac-AGCAGGAACAGATCTG,5
atac-AGCAGGAACATCAAGT,5
atac-AGCAGGAACGCTGATC,5
atac-AGCAGGAAACAAGCTA,5
atac-AGCAGGAACTGTAGCC,12
atac-AGCAGGAAAGTACAAG,5
atac-AGCAGGAAAACAACCA,5
atac-AGCAGGAAAACCGAGA,5
atac-AGCAGGAAAACGCTTA,4
atac-AGCAGGAAAAGACGGA,5
atac-AGCAGGAAAAGGTACA,4
atac-AGCAGGAAACACAGAA,5
atac-AGCAGGAAACAGCAGA,5
atac-AGCAGGAAACCTCCAA,5
atac-AGCAGGAAACGCTCGA,5
atac-AGCAGGAAACGTATCA,5
atac-AGCAGGAAACTATGCA,5
atac-AGCAGGAAAGAGTCAA,5
atac-AGCAGGAAAGATCGCA,5
atac-AGCAGGAAAGCAGGAA,5
atac-AGCAGGAAAGTCACTA,9
atac-AGCAGGAAATCCTGTA,9
atac-AGCAGGAAATTGAGGA,9
atac-AGCAGGAACAACCACA,9
atac-AGCAGGAAGACTAGTA,9
atac-AGCAGGAACAATGGAA,9
atac-AGCAGGAACACTTCGA,9
atac-AGCAGGAACAGCGTTA,9
atac-AGCAGGAACATACCAA,9
atac-AGCAGGAACCAGTTCA,9
atac-AGCAGGAACCGAAGTA,11
atac-AGCAGGAACCGTGAGA,11
atac-AGCAGGAACCTCCTGA,11
atac-AGCAGGAACGAACTTA,11
atac-AGCAGGAACGACTGGA,11
atac-AGCAGGAACGCATACA,9
atac-AGCAGGAACTCAATGA,9
atac-AGCAGGAACTGAGCCA,9
atac-AGCAGGAACTGGCATA,9
atac-AGCAGGAAGAATCTGA,9
atac-AGCAGGAACAAGACTA,9
atac-AGCAGGAAGAGCTGAA,9
atac-AGCAGGAAGATAGACA,10
atac-AGCAGGAAGCCACATA,10
atac-AGTCACTAAACGTGAT,5
atac-AGTCACTAAAACATCG,5
atac-AGTCACTAATGCCTAA,5
atac-AGTCACTAAGTGGTCA,5
atac-AGTCACTAACCACTGT,5
atac-AGTCACTAACATTGGC,5
atac-AGTCACTACAGATCTG,5
atac-AGTCACTACATCAAGT,5
atac-AGTCACTACGCTGATC,5
atac-AGTCACTAACAAGCTA,5
atac-AGTCACTACTGTAGCC,5
atac-AGTCACTAAGTACAAG,5
atac-AGTCACTAAACAACCA,5
atac-AGTCACTAAACCGAGA,5
atac-AGTCACTAAACGCTTA,5
atac-AGTCACTAAAGACGGA,12
atac-AGTCACTAAAGGTACA,5
atac-AGTCACTAACACAGAA,5
atac-AGTCACTAACAGCAGA,5
atac-AGTCACTAACCTCCAA,5
atac-AGTCACTAACGCTCGA,5
atac-AGTCACTAACGTATCA,9
atac-AGTCACTAACTATGCA,5
atac-AGTCACTAAGAGTCAA,5
atac-AGTCACTAAGATCGCA,9
atac-AGTCACTAAGCAGGAA,9
atac-AGTCACTAAGTCACTA,9
atac-AGTCACTAATCCTGTA,9
atac-AGTCACTAATTGAGGA,9
atac-AGTCACTACAACCACA,9
atac-AGTCACTAGACTAGTA,9
atac-AGTCACTACAATGGAA,9
atac-AGTCACTACACTTCGA,9
atac-AGTCACTACAGCGTTA,9
atac-AGTCACTACATACCAA,9
atac-AGTCACTACCAGTTCA,11
atac-AGTCACTACCGAAGTA,11
atac-AGTCACTACCGTGAGA,11
atac-AGTCACTACCTCCTGA,11
atac-AGTCACTACGAACTTA,11
atac-AGTCACTACGACTGGA,11
atac-AGTCACTACGCATACA,11
atac-AGTCACTACTCAATGA,11
atac-AGTCACTACTGAGCCA,9
atac-AGTCACTACTGGCATA,9
atac-AGTCACTAGAATCTGA,9
atac-AGTCACTACAAGACTA,9
atac-AGTCACTAGAGCTGAA,9
atac-AGTCACTAGATAGACA,9
atac-AGTCACTAGCCACATA,9
atac-ATCCTGTAAACGTGAT,5
atac-ATCCTGTAAAACATCG,5
atac-ATCCTGTAATGCCTAA,5
atac-ATCCTGTAAGTGGTCA,5
atac-ATCCTGTAACCACTGT,5
atac-ATCCTGTAACATTGGC,5
atac-ATCCTGTACAGATCTG,5
atac-ATCCTGTACATCAAGT,5
atac-ATCCTGTACGCTGATC,5
atac-ATCCTGTAACAAGCTA,5
atac-ATCCTGTACTGTAGCC,5
atac-ATCCTGTAAGTACAAG,5
atac-ATCCTGTAAACAACCA,5
atac-ATCCTGTAAACCGAGA,5
atac-ATCCTGTAAACGCTTA,5
atac-ATCCTGTAAAGACGGA,5
atac-ATCCTGTAAAGGTACA,5
atac-ATCCTGTAACACAGAA,5
atac-ATCCTGTAACAGCAGA,9
atac-ATCCTGTAACCTCCAA,9
atac-ATCCTGTAACGCTCGA,9
atac-ATCCTGTAACGTATCA,9
atac-ATCCTGTAACTATGCA,9
atac-ATCCTGTAAGAGTCAA,9
atac-ATCCTGTAAGATCGCA,9
atac-ATCCTGTAAGCAGGAA,9
atac-ATCCTGTAAGTCACTA,9
atac-ATCCTGTAATCCTGTA,9
atac-ATCCTGTAATTGAGGA,9
atac-ATCCTGTACAACCACA,9
atac-ATCCTGTAGACTAGTA,9
atac-ATCCTGTACAATGGAA,9
atac-ATCCTGTACACTTCGA,9
atac-ATCCTGTACAGCGTTA,9
atac-ATCCTGTACATACCAA,11
atac-ATCCTGTACCAGTTCA,11
atac-ATCCTGTACCGAAGTA,11
atac-ATCCTGTACCGTGAGA,11
atac-ATCCTGTACCTCCTGA,11
atac-ATCCTGTACGAACTTA,11
atac-ATCCTGTACGACTGGA,11
atac-ATCCTGTACGCATACA,11
atac-ATCCTGTACTCAATGA,11
atac-ATCCTGTACTGAGCCA,11
atac-ATCCTGTACTGGCATA,9
atac-ATCCTGTAGAATCTGA,9
atac-ATCCTGTACAAGACTA,9
atac-ATCCTGTAGAGCTGAA,9
atac-ATCCTGTAGATAGACA,9
atac-ATCCTGTAGCCACATA,9
atac-ATTGAGGAAACGTGAT,5
atac-ATTGAGGAAAACATCG,5
atac-ATTGAGGAATGCCTAA,5
atac-ATTGAGGAAGTGGTCA,5
atac-ATTGAGGAACCACTGT,5
atac-ATTGAGGAACATTGGC,5
atac-ATTGAGGACAGATCTG,5
atac-ATTGAGGACATCAAGT,5
atac-ATTGAGGACGCTGATC,5
atac-ATTGAGGAACAAGCTA,5
atac-ATTGAGGACTGTAGCC,5
atac-ATTGAGGAAGTACAAG,5
atac-ATTGAGGAAACAACCA,5
atac-ATTGAGGAAACCGAGA,5
atac-ATTGAGGAAACGCTTA,9
atac-ATTGAGGAAAGACGGA,9
atac-ATTGAGGAAAGGTACA,9
atac-ATTGAGGAACACAGAA,9
atac-ATTGAGGAACAGCAGA,9
atac-ATTGAGGAACCTCCAA,9
atac-ATTGAGGAACGCTCGA,9
atac-ATTGAGGAACGTATCA,9
atac-ATTGAGGAACTATGCA,9
atac-ATTGAGGAAGAGTCAA,11
atac-ATTGAGGAAGATCGCA,9
atac-ATTGAGGAAGCAGGAA,9
atac-ATTGAGGAAGTCACTA,9
atac-ATTGAGGAATCCTGTA,9
atac-ATTGAGGAATTGAGGA,9
atac-ATTGAGGACAACCACA,1
atac-ATTGAGGAGACTAGTA,11
atac-ATTGAGGACAATGGAA,11
atac-ATTGAGGACACTTCGA,11
atac-ATTGAGGACAGCGTTA,11
atac-ATTGAGGACATACCAA,11
atac-ATTGAGGACCAGTTCA,11
atac-ATTGAGGACCGAAGTA,11
atac-ATTGAGGACCGTGAGA,11
atac-ATTGAGGACCTCCTGA,11
atac-ATTGAGGACGAACTTA,11
atac-ATTGAGGACGACTGGA,11
atac-ATTGAGGACGCATACA,11
atac-ATTGAGGACTCAATGA,11
atac-ATTGAGGACTGAGCCA,11
atac-ATTGAGGACTGGCATA,11
atac-ATTGAGGAGAATCTGA,11
atac-ATTGAGGACAAGACTA,9
atac-ATTGAGGAGAGCTGAA,9
atac-ATTGAGGAGATAGACA,9
atac-ATTGAGGAGCCACATA,9
atac-CAACCACAAACGTGAT,5
atac-CAACCACAAAACATCG,5
atac-CAACCACAATGCCTAA,5
atac-CAACCACAAGTGGTCA,5
atac-CAACCACAACCACTGT,5
atac-CAACCACAACATTGGC,5
atac-CAACCACACAGATCTG,5
atac-CAACCACACATCAAGT,5
atac-CAACCACACGCTGATC,5
atac-CAACCACAACAAGCTA,5
atac-CAACCACACTGTAGCC,5
atac-CAACCACAAGTACAAG,5
atac-CAACCACAAACAACCA,5
atac-CAACCACAAACCGAGA,5
atac-CAACCACAAACGCTTA,12
atac-CAACCACAAAGACGGA,12
atac-CAACCACAAAGGTACA,10
atac-CAACCACAACACAGAA,12
atac-CAACCACAACAGCAGA,9
atac-CAACCACAACCTCCAA,9
atac-CAACCACAACGCTCGA,9
atac-CAACCACAACGTATCA,9
atac-CAACCACAACTATGCA,9
atac-CAACCACAAGAGTCAA,11
atac-CAACCACAAGATCGCA,9
atac-CAACCACAAGCAGGAA,9
atac-CAACCACAAGTCACTA,9
atac-CAACCACAATCCTGTA,1
atac-CAACCACAATTGAGGA,1
atac-CAACCACACAACCACA,1
atac-CAACCACAGACTAGTA,1
atac-CAACCACACAATGGAA,1
atac-CAACCACACACTTCGA,1
atac-CAACCACACAGCGTTA,11
atac-CAACCACACATACCAA,11
atac-CAACCACACCAGTTCA,11
atac-CAACCACACCGAAGTA,11
atac-CAACCACACCGTGAGA,11
atac-CAACCACACCTCCTGA,11
atac-CAACCACACGAACTTA,11
atac-CAACCACACGACTGGA,11
atac-CAACCACACGCATACA,11
atac-CAACCACACTCAATGA,11
atac-CAACCACACTGAGCCA,11
atac-CAACCACACTGGCATA,11
atac-CAACCACAGAATCTGA,11
atac-CAACCACACAAGACTA,11
atac-CAACCACAGAGCTGAA,9
atac-CAACCACAGATAGACA,9
atac-CAACCACAGCCACATA,9
atac-GACTAGTAAACGTGAT,5
atac-GACTAGTAAAACATCG,5
atac-GACTAGTAATGCCTAA,5
atac-GACTAGTAAGTGGTCA,5
atac-GACTAGTAACCACTGT,5
atac-GACTAGTAACATTGGC,5
atac-GACTAGTACAGATCTG,5
atac-GACTAGTACATCAAGT,5
atac-GACTAGTACGCTGATC,5
atac-GACTAGTAACAAGCTA,5
atac-GACTAGTACTGTAGCC,12
atac-GACTAGTAAGTACAAG,12
atac-GACTAGTAAACAACCA,5
atac-GACTAGTAAACCGAGA,10
atac-GACTAGTAAACGCTTA,9
atac-GACTAGTAAAGACGGA,12
atac-GACTAGTAAAGGTACA,9
atac-GACTAGTAACACAGAA,9
atac-GACTAGTAACAGCAGA,9
atac-GACTAGTAACCTCCAA,9
atac-GACTAGTAACGCTCGA,9
atac-GACTAGTAACGTATCA,9
atac-GACTAGTAACTATGCA,9
atac-GACTAGTAAGAGTCAA,11
atac-GACTAGTAAGATCGCA,9
atac-GACTAGTAAGCAGGAA,1
atac-GACTAGTAAGTCACTA,1
atac-GACTAGTAATCCTGTA,1
atac-GACTAGTAATTGAGGA,1
atac-GACTAGTACAACCACA,1
atac-GACTAGTAGACTAGTA,1
atac-GACTAGTACAATGGAA,1
atac-GACTAGTACACTTCGA,1
atac-GACTAGTACAGCGTTA,1
atac-GACTAGTACATACCAA,11
atac-GACTAGTACCAGTTCA,11
atac-GACTAGTACCGAAGTA,11
atac-GACTAGTACCGTGAGA,11
atac-GACTAGTACCTCCTGA,11
atac-GACTAGTACGAACTTA,11
atac-GACTAGTACGACTGGA,11
atac-GACTAGTACGCATACA,11
atac-GACTAGTACTCAATGA,11
atac-GACTAGTACTGAGCCA,11
atac-GACTAGTACTGGCATA,11
atac-GACTAGTAGAATCTGA,11
atac-GACTAGTACAAGACTA,11
atac-GACTAGTAGAGCTGAA,11
atac-GACTAGTAGATAGACA,11
atac-GACTAGTAGCCACATA,9
atac-CAATGGAAAACGTGAT,4
atac-CAATGGAAAAACATCG,5
atac-CAATGGAAATGCCTAA,5
atac-CAATGGAAAGTGGTCA,5
atac-CAATGGAAACCACTGT,8
atac-CAATGGAAACATTGGC,5
atac-CAATGGAACAGATCTG,8
atac-CAATGGAACATCAAGT,5
atac-CAATGGAACGCTGATC,5
atac-CAATGGAAACAAGCTA,5
atac-CAATGGAACTGTAGCC,12
atac-CAATGGAAAGTACAAG,10
atac-CAATGGAAAACAACCA,10
atac-CAATGGAAAACCGAGA,12
atac-CAATGGAAAACGCTTA,9
atac-CAATGGAAAAGACGGA,9
atac-CAATGGAAAAGGTACA,9
atac-CAATGGAAACACAGAA,9
atac-CAATGGAAACAGCAGA,9
atac-CAATGGAAACCTCCAA,9
atac-CAATGGAAACGCTCGA,1
atac-CAATGGAAACGTATCA,9
atac-CAATGGAAACTATGCA,11
atac-CAATGGAAAGAGTCAA,11
atac-CAATGGAAAGATCGCA,1
atac-CAATGGAAAGCAGGAA,1
atac-CAATGGAAAGTCACTA,1
atac-CAATGGAAATCCTGTA,1
atac-CAATGGAAATTGAGGA,1
atac-CAATGGAACAACCACA,1
atac-CAATGGAAGACTAGTA,1
atac-CAATGGAACAATGGAA,1
atac-CAATGGAACACTTCGA,1
atac-CAATGGAACAGCGTTA,1
atac-CAATGGAACATACCAA,1
atac-CAATGGAACCAGTTCA,1
atac-CAATGGAACCGAAGTA,11
atac-CAATGGAACCGTGAGA,11
atac-CAATGGAACCTCCTGA,11
atac-CAATGGAACGAACTTA,11
atac-CAATGGAACGACTGGA,11
atac-CAATGGAACGCATACA,11
atac-CAATGGAACTCAATGA,11
atac-CAATGGAACTGAGCCA,11
atac-CAATGGAACTGGCATA,11
atac-CAATGGAAGAATCTGA,11
atac-CAATGGAACAAGACTA,11
atac-CAATGGAAGAGCTGAA,11
atac-CAATGGAAGATAGACA,11
atac-CAATGGAAGCCACATA,11
atac-CACTTCGAAACGTGAT,12
atac-CACTTCGAAAACATCG,5
atac-CACTTCGAATGCCTAA,5
atac-CACTTCGAAGTGGTCA,8
atac-CACTTCGAACCACTGT,8
atac-CACTTCGAACATTGGC,8
atac-CACTTCGACAGATCTG,12
atac-CACTTCGACATCAAGT,12
atac-CACTTCGACGCTGATC,5
atac-CACTTCGAACAAGCTA,4
atac-CACTTCGACTGTAGCC,10
atac-CACTTCGAAGTACAAG,9
atac-CACTTCGAAACAACCA,9
atac-CACTTCGAAACCGAGA,9
atac-CACTTCGAAACGCTTA,9
atac-CACTTCGAAAGACGGA,9
atac-CACTTCGAAAGGTACA,9
atac-CACTTCGAACACAGAA,9
atac-CACTTCGAACAGCAGA,9
atac-CACTTCGAACCTCCAA,1
atac-CACTTCGAACGCTCGA,1
atac-CACTTCGAACGTATCA,1
atac-CACTTCGAACTATGCA,1
atac-CACTTCGAAGAGTCAA,1
atac-CACTTCGAAGATCGCA,1
atac-CACTTCGAAGCAGGAA,1
atac-CACTTCGAAGTCACTA,1
atac-CACTTCGAATCCTGTA,1
atac-CACTTCGAATTGAGGA,1
atac-CACTTCGACAACCACA,1
atac-CACTTCGAGACTAGTA,1
atac-CACTTCGACAATGGAA,1
atac-CACTTCGACACTTCGA,1
atac-CACTTCGACAGCGTTA,11
atac-CACTTCGACATACCAA,1
atac-CACTTCGACCAGTTCA,1
atac-CACTTCGACCGAAGTA,1
atac-CACTTCGACCGTGAGA,1
atac-CACTTCGACCTCCTGA,1
atac-CACTTCGACGAACTTA,11
atac-CACTTCGACGACTGGA,11
atac-CACTTCGACGCATACA,11
atac-CACTTCGACTCAATGA,11
atac-CACTTCGACTGAGCCA,11
atac-CACTTCGACTGGCATA,11
atac-CACTTCGAGAATCTGA,11
atac-CACTTCGACAAGACTA,11
atac-CACTTCGAGAGCTGAA,11
atac-CACTTCGAGATAGACA,11
atac-CACTTCGAGCCACATA,11
atac-CAGCGTTAAACGTGAT,8
atac-CAGCGTTAAAACATCG,4
atac-CAGCGTTAATGCCTAA,8
atac-CAGCGTTAAGTGGTCA,8
atac-CAGCGTTAACCACTGT,8
atac-CAGCGTTAACATTGGC,8
atac-CAGCGTTACAGATCTG,8
atac-CAGCGTTACATCAAGT,4
atac-CAGCGTTACGCTGATC,12
atac-CAGCGTTAACAAGCTA,12
atac-CAGCGTTACTGTAGCC,9
atac-CAGCGTTAAGTACAAG,9
atac-CAGCGTTAAACAACCA,9
atac-CAGCGTTAAACCGAGA,9
atac-CAGCGTTAAACGCTTA,9
atac-CAGCGTTAAAGACGGA,9
atac-CAGCGTTAAAGGTACA,9
atac-CAGCGTTAACACAGAA,1
atac-CAGCGTTAACAGCAGA,9
atac-CAGCGTTAACCTCCAA,9
atac-CAGCGTTAACGCTCGA,1
atac-CAGCGTTAACGTATCA,1
atac-CAGCGTTAACTATGCA,1
atac-CAGCGTTAAGAGTCAA,1
atac-CAGCGTTAAGATCGCA,1
atac-CAGCGTTAAGCAGGAA,1
atac-CAGCGTTAAGTCACTA,1
atac-CAGCGTTAATCCTGTA,1
atac-CAGCGTTAATTGAGGA,1
atac-CAGCGTTACAACCACA,1
atac-CAGCGTTAGACTAGTA,1
atac-CAGCGTTACAATGGAA,1
atac-CAGCGTTACACTTCGA,1
atac-CAGCGTTACAGCGTTA,1
atac-CAGCGTTACATACCAA,1
atac-CAGCGTTACCAGTTCA,1
atac-CAGCGTTACCGAAGTA,1
atac-CAGCGTTACCGTGAGA,1
atac-CAGCGTTACCTCCTGA,1
atac-CAGCGTTACGAACTTA,1
atac-CAGCGTTACGACTGGA,11
atac-CAGCGTTACGCATACA,11
atac-CAGCGTTACTCAATGA,11
atac-CAGCGTTACTGAGCCA,11
atac-CAGCGTTACTGGCATA,11
atac-CAGCGTTAGAATCTGA,11
atac-CAGCGTTACAAGACTA,11
atac-CAGCGTTAGAGCTGAA,11
atac-CAGCGTTAGATAGACA,11
atac-CAGCGTTAGCCACATA,11
atac-CATACCAAAACGTGAT,4
atac-CATACCAAAAACATCG,8
atac-CATACCAAATGCCTAA,8
atac-CATACCAAAGTGGTCA,8
atac-CATACCAAACCACTGT,4
atac-CATACCAAACATTGGC,8
atac-CATACCAACAGATCTG,8
atac-CATACCAACATCAAGT,8
atac-CATACCAACGCTGATC,10
atac-CATACCAAACAAGCTA,3
atac-CATACCAACTGTAGCC,9
atac-CATACCAAAGTACAAG,9
atac-CATACCAAAACAACCA,9
atac-CATACCAAAACCGAGA,9
atac-CATACCAAAACGCTTA,9
atac-CATACCAAAAGACGGA,9
atac-CATACCAAAAGGTACA,9
atac-CATACCAAACACAGAA,1
atac-CATACCAAACAGCAGA,1
atac-CATACCAAACCTCCAA,2
atac-CATACCAAACGCTCGA,1
atac-CATACCAAACGTATCA,1
atac-CATACCAAACTATGCA,1
atac-CATACCAAAGAGTCAA,1
atac-CATACCAAAGATCGCA,1
atac-CATACCAAAGCAGGAA,1
atac-CATACCAAAGTCACTA,1
atac-CATACCAAATCCTGTA,1
atac-CATACCAAATTGAGGA,1
atac-CATACCAACAACCACA,1
atac-CATACCAAGACTAGTA,1
atac-CATACCAACAATGGAA,1
atac-CATACCAACACTTCGA,1
atac-CATACCAACAGCGTTA,1
atac-CATACCAACATACCAA,1
atac-CATACCAACCAGTTCA,1
atac-CATACCAACCGAAGTA,1
atac-CATACCAACCGTGAGA,1
atac-CATACCAACCTCCTGA,1
atac-CATACCAACGAACTTA,1
atac-CATACCAACGACTGGA,11
atac-CATACCAACGCATACA,11
atac-CATACCAACTCAATGA,11
atac-CATACCAACTGAGCCA,11
atac-CATACCAACTGGCATA,11
atac-CATACCAAGAATCTGA,11
atac-CATACCAACAAGACTA,11
atac-CATACCAAGAGCTGAA,11
atac-CATACCAAGATAGACA,11
atac-CATACCAAGCCACATA,11
atac-CCAGTTCAAACGTGAT,8
atac-CCAGTTCAAAACATCG,4
atac-CCAGTTCAATGCCTAA,8
atac-CCAGTTCAAGTGGTCA,8
atac-CCAGTTCAACCACTGT,8
atac-CCAGTTCAACATTGGC,8
atac-CCAGTTCACAGATCTG,8
atac-CCAGTTCACATCAAGT,8
atac-CCAGTTCACGCTGATC,8
atac-CCAGTTCAACAAGCTA,3
atac-CCAGTTCACTGTAGCC,9
atac-CCAGTTCAAGTACAAG,9
atac-CCAGTTCAAACAACCA,9
atac-CCAGTTCAAACCGAGA,9
atac-CCAGTTCAAACGCTTA,9
atac-CCAGTTCAAAGACGGA,1
atac-CCAGTTCAAAGGTACA,1
atac-CCAGTTCAACACAGAA,1
atac-CCAGTTCAACAGCAGA,1
atac-CCAGTTCAACCTCCAA,1
atac-CCAGTTCAACGCTCGA,1
atac-CCAGTTCAACGTATCA,1
atac-CCAGTTCAACTATGCA,1
atac-CCAGTTCAAGAGTCAA,1
atac-CCAGTTCAAGATCGCA,1
atac-CCAGTTCAAGCAGGAA,1
atac-CCAGTTCAAGTCACTA,1
atac-CCAGTTCAATCCTGTA,1
atac-CCAGTTCAATTGAGGA,1
atac-CCAGTTCACAACCACA,1
atac-CCAGTTCAGACTAGTA,1
atac-CCAGTTCACAATGGAA,1
atac-CCAGTTCACACTTCGA,1
atac-CCAGTTCACAGCGTTA,1
atac-CCAGTTCACATACCAA,1
atac-CCAGTTCACCAGTTCA,1
atac-CCAGTTCACCGAAGTA,1
atac-CCAGTTCACCGTGAGA,1
atac-CCAGTTCACCTCCTGA,1
atac-CCAGTTCACGAACTTA,1
atac-CCAGTTCACGACTGGA,1
atac-CCAGTTCACGCATACA,11
atac-CCAGTTCACTCAATGA,11
atac-CCAGTTCACTGAGCCA,11
atac-CCAGTTCACTGGCATA,11
atac-CCAGTTCAGAATCTGA,11
atac-CCAGTTCACAAGACTA,11
atac-CCAGTTCAGAGCTGAA,11
atac-CCAGTTCAGATAGACA,2
atac-CCAGTTCAGCCACATA,11
atac-CCGAAGTAAACGTGAT,8
atac-CCGAAGTAAAACATCG,8
atac-CCGAAGTAATGCCTAA,8
atac-CCGAAGTAAGTGGTCA,8
atac-CCGAAGTAACCACTGT,4
atac-CCGAAGTAACATTGGC,8
atac-CCGAAGTACAGATCTG,8
atac-CCGAAGTACATCAAGT,9
atac-CCGAAGTACGCTGATC,9
atac-CCGAAGTAACAAGCTA,9
atac-CCGAAGTACTGTAGCC,9
atac-CCGAAGTAAGTACAAG,1
atac-CCGAAGTAAACAACCA,1
atac-CCGAAGTAAACCGAGA,1
atac-CCGAAGTAAACGCTTA,1
atac-CCGAAGTAAAGACGGA,1
atac-CCGAAGTAAAGGTACA,1
atac-CCGAAGTAACACAGAA,1
atac-CCGAAGTAACAGCAGA,1
atac-CCGAAGTAACCTCCAA,1
atac-CCGAAGTAACGCTCGA,1
atac-CCGAAGTAACGTATCA,1
atac-CCGAAGTAACTATGCA,1
atac-CCGAAGTAAGAGTCAA,1
atac-CCGAAGTAAGATCGCA,1
atac-CCGAAGTAAGCAGGAA,1
atac-CCGAAGTAAGTCACTA,1
atac-CCGAAGTAATCCTGTA,1
atac-CCGAAGTAATTGAGGA,1
atac-CCGAAGTACAACCACA,2
atac-CCGAAGTAGACTAGTA,2
atac-CCGAAGTACAATGGAA,2
atac-CCGAAGTACACTTCGA,2
atac-CCGAAGTACAGCGTTA,1
atac-CCGAAGTACATACCAA,1
atac-CCGAAGTACCAGTTCA,1
atac-CCGAAGTACCGAAGTA,1
atac-CCGAAGTACCGTGAGA,1
atac-CCGAAGTACCTCCTGA,1
atac-CCGAAGTACGAACTTA,1
atac-CCGAAGTACGACTGGA,1
atac-CCGAAGTACGCATACA,1
atac-CCGAAGTACTCAATGA,11
atac-CCGAAGTACTGAGCCA,11
atac-CCGAAGTACTGGCATA,11
atac-CCGAAGTAGAATCTGA,11
atac-CCGAAGTACAAGACTA,11
atac-CCGAAGTAGAGCTGAA,11
atac-CCGAAGTAGATAGACA,11
atac-CCGAAGTAGCCACATA,2
atac-CCGTGAGAAACGTGAT,8
atac-CCGTGAGAAAACATCG,8
atac-CCGTGAGAATGCCTAA,8
atac-CCGTGAGAAGTGGTCA,8
atac-CCGTGAGAACCACTGT,8
atac-CCGTGAGAACATTGGC,8
atac-CCGTGAGACAGATCTG,8
atac-CCGTGAGACATCAAGT,9
atac-CCGTGAGACGCTGATC,9
atac-CCGTGAGAACAAGCTA,9
atac-CCGTGAGACTGTAGCC,1
atac-CCGTGAGAAGTACAAG,1
atac-CCGTGAGAAACAACCA,1
atac-CCGTGAGAAACCGAGA,1
atac-CCGTGAGAAACGCTTA,1
atac-CCGTGAGAAAGACGGA,1
atac-CCGTGAGAAAGGTACA,1
atac-CCGTGAGAACACAGAA,1
atac-CCGTGAGAACAGCAGA,1
atac-CCGTGAGAACCTCCAA,1
atac-CCGTGAGAACGCTCGA,1
atac-CCGTGAGAACGTATCA,1
atac-CCGTGAGAACTATGCA,1
atac-CCGTGAGAAGAGTCAA,1
atac-CCGTGAGAAGATCGCA,1
atac-CCGTGAGAAGCAGGAA,1
atac-CCGTGAGAAGTCACTA,1
atac-CCGTGAGAATCCTGTA,1
atac-CCGTGAGAATTGAGGA,2
atac-CCGTGAGACAACCACA,2
atac-CCGTGAGAGACTAGTA,2
atac-CCGTGAGACAATGGAA,2
atac-CCGTGAGACACTTCGA,2
atac-CCGTGAGACAGCGTTA,2
atac-CCGTGAGACATACCAA,2
atac-CCGTGAGACCAGTTCA,2
atac-CCGTGAGACCGAAGTA,2
atac-CCGTGAGACCGTGAGA,1
atac-CCGTGAGACCTCCTGA,1
atac-CCGTGAGACGAACTTA,1
atac-CCGTGAGACGACTGGA,1
atac-CCGTGAGACGCATACA,1
atac-CCGTGAGACTCAATGA,11
atac-CCGTGAGACTGAGCCA,11
atac-CCGTGAGACTGGCATA,11
atac-CCGTGAGAGAATCTGA,11
atac-CCGTGAGACAAGACTA,11
atac-CCGTGAGAGAGCTGAA,11
atac-CCGTGAGAGATAGACA,2
atac-CCGTGAGAGCCACATA,2
atac-CCTCCTGAAACGTGAT,8
atac-CCTCCTGAAAACATCG,8
atac-CCTCCTGAATGCCTAA,8
atac-CCTCCTGAAGTGGTCA,8
atac-CCTCCTGAACCACTGT,8
atac-CCTCCTGAACATTGGC,8
atac-CCTCCTGACAGATCTG,9
atac-CCTCCTGACATCAAGT,9
atac-CCTCCTGACGCTGATC,9
atac-CCTCCTGAACAAGCTA,1
atac-CCTCCTGACTGTAGCC,1
atac-CCTCCTGAAGTACAAG,1
atac-CCTCCTGAAACAACCA,7
atac-CCTCCTGAAACCGAGA,1
atac-CCTCCTGAAACGCTTA,1
atac-CCTCCTGAAAGACGGA,1
atac-CCTCCTGAAAGGTACA,7
atac-CCTCCTGAACACAGAA,1
atac-CCTCCTGAACAGCAGA,1
atac-CCTCCTGAACCTCCAA,1
atac-CCTCCTGAACGCTCGA,1
atac-CCTCCTGAACGTATCA,1
atac-CCTCCTGAACTATGCA,1
atac-CCTCCTGAAGAGTCAA,1
atac-CCTCCTGAAGATCGCA,1
atac-CCTCCTGAAGCAGGAA,2
atac-CCTCCTGAAGTCACTA,1
atac-CCTCCTGAATCCTGTA,1
atac-CCTCCTGAATTGAGGA,2
atac-CCTCCTGACAACCACA,2
atac-CCTCCTGAGACTAGTA,2
atac-CCTCCTGACAATGGAA,2
atac-CCTCCTGACACTTCGA,2
atac-CCTCCTGACAGCGTTA,2
atac-CCTCCTGACATACCAA,2
atac-CCTCCTGACCAGTTCA,2
atac-CCTCCTGACCGAAGTA,2
atac-CCTCCTGACCGTGAGA,2
atac-CCTCCTGACCTCCTGA,1
atac-CCTCCTGACGAACTTA,1
atac-CCTCCTGACGACTGGA,1
atac-CCTCCTGACGCATACA,1
atac-CCTCCTGACTCAATGA,11
atac-CCTCCTGACTGAGCCA,11
atac-CCTCCTGACTGGCATA,11
atac-CCTCCTGAGAATCTGA,11
atac-CCTCCTGACAAGACTA,11
atac-CCTCCTGAGAGCTGAA,11
atac-CCTCCTGAGATAGACA,11
atac-CCTCCTGAGCCACATA,2
atac-CGAACTTAAACGTGAT,8
atac-CGAACTTAAAACATCG,8
atac-CGAACTTAATGCCTAA,8
atac-CGAACTTAAGTGGTCA,8
atac-CGAACTTAACCACTGT,8
atac-CGAACTTAACATTGGC,8
atac-CGAACTTACAGATCTG,1
atac-CGAACTTACATCAAGT,1
atac-CGAACTTACGCTGATC,1
atac-CGAACTTAACAAGCTA,1
atac-CGAACTTACTGTAGCC,1
atac-CGAACTTAAGTACAAG,1
atac-CGAACTTAAACAACCA,1
atac-CGAACTTAAACCGAGA,7
atac-CGAACTTAAACGCTTA,7
atac-CGAACTTAAAGACGGA,7
atac-CGAACTTAAAGGTACA,7
atac-CGAACTTAACACAGAA,7
atac-CGAACTTAACAGCAGA,1
atac-CGAACTTAACCTCCAA,1
atac-CGAACTTAACGCTCGA,1
atac-CGAACTTAACGTATCA,1
atac-CGAACTTAACTATGCA,2
atac-CGAACTTAAGAGTCAA,2
atac-CGAACTTAAGATCGCA,1
atac-CGAACTTAAGCAGGAA,1
atac-CGAACTTAAGTCACTA,2
atac-CGAACTTAATCCTGTA,2
atac-CGAACTTAATTGAGGA,2
atac-CGAACTTACAACCACA,2
atac-CGAACTTAGACTAGTA,2
atac-CGAACTTACAATGGAA,2
atac-CGAACTTACACTTCGA,2
atac-CGAACTTACAGCGTTA,2
atac-CGAACTTACATACCAA,2
atac-CGAACTTACCAGTTCA,2
atac-CGAACTTACCGAAGTA,2
atac-CGAACTTACCGTGAGA,2
atac-CGAACTTACCTCCTGA,2
atac-CGAACTTACGAACTTA,2
atac-CGAACTTACGACTGGA,1
atac-CGAACTTACGCATACA,1
atac-CGAACTTACTCAATGA,1
atac-CGAACTTACTGAGCCA,11
atac-CGAACTTACTGGCATA,11
atac-CGAACTTAGAATCTGA,11
atac-CGAACTTACAAGACTA,11
atac-CGAACTTAGAGCTGAA,11
atac-CGAACTTAGATAGACA,2
atac-CGAACTTAGCCACATA,2
atac-CGACTGGAAACGTGAT,8
atac-CGACTGGAAAACATCG,8
atac-CGACTGGAATGCCTAA,8
atac-CGACTGGAAGTGGTCA,8
atac-CGACTGGAACCACTGT,8
atac-CGACTGGAACATTGGC,1
atac-CGACTGGACAGATCTG,1
atac-CGACTGGACATCAAGT,1
atac-CGACTGGACGCTGATC,1
atac-CGACTGGAACAAGCTA,1
atac-CGACTGGACTGTAGCC,1
atac-CGACTGGAAGTACAAG,7
atac-CGACTGGAAACAACCA,7
atac-CGACTGGAAACCGAGA,7
atac-CGACTGGAAACGCTTA,7
atac-CGACTGGAAAGACGGA,7
atac-CGACTGGAAAGGTACA,7
atac-CGACTGGAACACAGAA,7
atac-CGACTGGAACAGCAGA,1
atac-CGACTGGAACCTCCAA,1
atac-CGACTGGAACGCTCGA,1
atac-CGACTGGAACGTATCA,1
atac-CGACTGGAACTATGCA,2
atac-CGACTGGAAGAGTCAA,2
atac-CGACTGGAAGATCGCA,1
atac-CGACTGGAAGCAGGAA,2
atac-CGACTGGAAGTCACTA,2
atac-CGACTGGAATCCTGTA,2
atac-CGACTGGAATTGAGGA,2
atac-CGACTGGACAACCACA,2
atac-CGACTGGAGACTAGTA,2
atac-CGACTGGACAATGGAA,2
atac-CGACTGGACACTTCGA,2
atac-CGACTGGACAGCGTTA,2
atac-CGACTGGACATACCAA,2
atac-CGACTGGACCAGTTCA,2
atac-CGACTGGACCGAAGTA,2
atac-CGACTGGACCGTGAGA,2
atac-CGACTGGACCTCCTGA,2
atac-CGACTGGACGAACTTA,2
atac-CGACTGGACGACTGGA,2
atac-CGACTGGACGCATACA,1
atac-CGACTGGACTCAATGA,1
atac-CGACTGGACTGAGCCA,1
atac-CGACTGGACTGGCATA,11
atac-CGACTGGAGAATCTGA,11
atac-CGACTGGACAAGACTA,11
atac-CGACTGGAGAGCTGAA,2
atac-CGACTGGAGATAGACA,2
atac-CGACTGGAGCCACATA,2
atac-CGCATACAAACGTGAT,8
atac-CGCATACAAAACATCG,8
atac-CGCATACAATGCCTAA,8
atac-CGCATACAAGTGGTCA,8
atac-CGCATACAACCACTGT,1
atac-CGCATACAACATTGGC,1
atac-CGCATACACAGATCTG,1
atac-CGCATACACATCAAGT,1
atac-CGCATACACGCTGATC,1
atac-CGCATACAACAAGCTA,1
atac-CGCATACACTGTAGCC,1
atac-CGCATACAAGTACAAG,7
atac-CGCATACAAACAACCA,7
atac-CGCATACAAACCGAGA,1
atac-CGCATACAAACGCTTA,7
atac-CGCATACAAAGACGGA,7
atac-CGCATACAAAGGTACA,7
atac-CGCATACAACACAGAA,7
atac-CGCATACAACAGCAGA,7
atac-CGCATACAACCTCCAA,1
atac-CGCATACAACGCTCGA,1
atac-CGCATACAACGTATCA,2
atac-CGCATACAACTATGCA,2
atac-CGCATACAAGAGTCAA,2
atac-CGCATACAAGATCGCA,1
atac-CGCATACAAGCAGGAA,2
atac-CGCATACAAGTCACTA,2
atac-CGCATACAATCCTGTA,2
atac-CGCATACAATTGAGGA,2
atac-CGCATACACAACCACA,2
atac-CGCATACAGACTAGTA,2
atac-CGCATACACAATGGAA,2
atac-CGCATACACACTTCGA,2
atac-CGCATACACAGCGTTA,2
atac-CGCATACACATACCAA,2
atac-CGCATACACCAGTTCA,2
atac-CGCATACACCGAAGTA,2
atac-CGCATACACCGTGAGA,2
atac-CGCATACACCTCCTGA,2
atac-CGCATACACGAACTTA,2
atac-CGCATACACGACTGGA,2
atac-CGCATACACGCATACA,1
atac-CGCATACACTCAATGA,1
atac-CGCATACACTGAGCCA,11
atac-CGCATACACTGGCATA,11
atac-CGCATACAGAATCTGA,11
atac-CGCATACACAAGACTA,11
atac-CGCATACAGAGCTGAA,2
atac-CGCATACAGATAGACA,2
atac-CGCATACAGCCACATA,2
atac-CTCAATGAAACGTGAT,8
atac-CTCAATGAAAACATCG,8
atac-CTCAATGAATGCCTAA,8
atac-CTCAATGAAGTGGTCA,1
atac-CTCAATGAACCACTGT,1
atac-CTCAATGAACATTGGC,1
atac-CTCAATGACAGATCTG,1
atac-CTCAATGACATCAAGT,1
atac-CTCAATGACGCTGATC,1
atac-CTCAATGAACAAGCTA,1
atac-CTCAATGACTGTAGCC,7
atac-CTCAATGAAGTACAAG,7
atac-CTCAATGAAACAACCA,7
atac-CTCAATGAAACCGAGA,7
atac-CTCAATGAAACGCTTA,1
atac-CTCAATGAAAGACGGA,7
atac-CTCAATGAAAGGTACA,1
atac-CTCAATGAACACAGAA,7
atac-CTCAATGAACAGCAGA,1
atac-CTCAATGAACCTCCAA,1
atac-CTCAATGAACGCTCGA,1
atac-CTCAATGAACGTATCA,1
atac-CTCAATGAACTATGCA,2
atac-CTCAATGAAGAGTCAA,2
atac-CTCAATGAAGATCGCA,1
atac-CTCAATGAAGCAGGAA,2
atac-CTCAATGAAGTCACTA,2
atac-CTCAATGAATCCTGTA,2
atac-CTCAATGAATTGAGGA,2
atac-CTCAATGACAACCACA,2
atac-CTCAATGAGACTAGTA,2
atac-CTCAATGACAATGGAA,2
atac-CTCAATGACACTTCGA,2
atac-CTCAATGACAGCGTTA,2
atac-CTCAATGACATACCAA,2
atac-CTCAATGACCAGTTCA,2
atac-CTCAATGACCGAAGTA,2
atac-CTCAATGACCGTGAGA,2
atac-CTCAATGACCTCCTGA,2
atac-CTCAATGACGAACTTA,2
atac-CTCAATGACGACTGGA,2
atac-CTCAATGACGCATACA,1
atac-CTCAATGACTCAATGA,1
atac-CTCAATGACTGAGCCA,1
atac-CTCAATGACTGGCATA,11
atac-CTCAATGAGAATCTGA,11
atac-CTCAATGACAAGACTA,11
atac-CTCAATGAGAGCTGAA,11
atac-CTCAATGAGATAGACA,2
atac-CTCAATGAGCCACATA,2
atac-CTGAGCCAAACGTGAT,8
atac-CTGAGCCAAAACATCG,8
atac-CTGAGCCAATGCCTAA,1
atac-CTGAGCCAAGTGGTCA,1
atac-CTGAGCCAACCACTGT,1
atac-CTGAGCCAACATTGGC,1
atac-CTGAGCCACAGATCTG,1
atac-CTGAGCCACATCAAGT,1
atac-CTGAGCCACGCTGATC,1
atac-CTGAGCCAACAAGCTA,1
atac-CTGAGCCACTGTAGCC,1
atac-CTGAGCCAAGTACAAG,1
atac-CTGAGCCAAACAACCA,7
atac-CTGAGCCAAACCGAGA,1
atac-CTGAGCCAAACGCTTA,1
atac-CTGAGCCAAAGACGGA,1
atac-CTGAGCCAAAGGTACA,7
atac-CTGAGCCAACACAGAA,7
atac-CTGAGCCAACAGCAGA,1
atac-CTGAGCCAACCTCCAA,1
atac-CTGAGCCAACGCTCGA,1
atac-CTGAGCCAACGTATCA,1
atac-CTGAGCCAACTATGCA,2
atac-CTGAGCCAAGAGTCAA,2
atac-CTGAGCCAAGATCGCA,1
atac-CTGAGCCAAGCAGGAA,2
atac-CTGAGCCAAGTCACTA,2
atac-CTGAGCCAATCCTGTA,2
atac-CTGAGCCAATTGAGGA,2
atac-CTGAGCCACAACCACA,2
atac-CTGAGCCAGACTAGTA,2
atac-CTGAGCCACAATGGAA,2
atac-CTGAGCCACACTTCGA,2
atac-CTGAGCCACAGCGTTA,2
atac-CTGAGCCACATACCAA,2
atac-CTGAGCCACCAGTTCA,2
atac-CTGAGCCACCGAAGTA,2
atac-CTGAGCCACCGTGAGA,2
atac-CTGAGCCACCTCCTGA,2
atac-CTGAGCCACGAACTTA,2
atac-CTGAGCCACGACTGGA,2
atac-CTGAGCCACGCATACA,1
atac-CTGAGCCACTCAATGA,1
atac-CTGAGCCACTGAGCCA,11
atac-CTGAGCCACTGGCATA,11
atac-CTGAGCCAGAATCTGA,11
atac-CTGAGCCACAAGACTA,11
atac-CTGAGCCAGAGCTGAA,11
atac-CTGAGCCAGATAGACA,2
atac-CTGAGCCAGCCACATA,2
atac-CTGGCATAAACGTGAT,1
atac-CTGGCATAAAACATCG,1
atac-CTGGCATAATGCCTAA,1
atac-CTGGCATAAGTGGTCA,1
atac-CTGGCATAACCACTGT,1
atac-CTGGCATAACATTGGC,1
atac-CTGGCATACAGATCTG,1
atac-CTGGCATACATCAAGT,1
atac-CTGGCATACGCTGATC,1
atac-CTGGCATAACAAGCTA,1
atac-CTGGCATACTGTAGCC,1
atac-CTGGCATAAGTACAAG,7
atac-CTGGCATAAACAACCA,7
atac-CTGGCATAAACCGAGA,1
atac-CTGGCATAAACGCTTA,1
atac-CTGGCATAAAGACGGA,1
atac-CTGGCATAAAGGTACA,1
atac-CTGGCATAACACAGAA,1
atac-CTGGCATAACAGCAGA,1
atac-CTGGCATAACCTCCAA,1
atac-CTGGCATAACGCTCGA,1
atac-CTGGCATAACGTATCA,1
atac-CTGGCATAACTATGCA,1
atac-CTGGCATAAGAGTCAA,1
atac-CTGGCATAAGATCGCA,1
atac-CTGGCATAAGCAGGAA,2
atac-CTGGCATAAGTCACTA,1
atac-CTGGCATAATCCTGTA,2
atac-CTGGCATAATTGAGGA,2
atac-CTGGCATACAACCACA,2
atac-CTGGCATAGACTAGTA,2
atac-CTGGCATACAATGGAA,2
atac-CTGGCATACACTTCGA,2
atac-CTGGCATACAGCGTTA,2
atac-CTGGCATACATACCAA,2
atac-CTGGCATACCAGTTCA,2
atac-CTGGCATACCGAAGTA,2
atac-CTGGCATACCGTGAGA,2
atac-CTGGCATACCTCCTGA,2
atac-CTGGCATACGAACTTA,2
atac-CTGGCATACGACTGGA,2
atac-CTGGCATACGCATACA,1
atac-CTGGCATACTCAATGA,1
atac-CTGGCATACTGAGCCA,11
atac-CTGGCATACTGGCATA,11
atac-CTGGCATAGAATCTGA,11
atac-CTGGCATACAAGACTA,11
atac-CTGGCATAGAGCTGAA,2
atac-CTGGCATAGATAGACA,2
atac-CTGGCATAGCCACATA,2
atac-GAATCTGAAACGTGAT,1
atac-GAATCTGAAAACATCG,1
atac-GAATCTGAATGCCTAA,1
atac-GAATCTGAAGTGGTCA,1
atac-GAATCTGAACCACTGT,1
atac-GAATCTGAACATTGGC,1
atac-GAATCTGACAGATCTG,1
atac-GAATCTGACATCAAGT,1
atac-GAATCTGACGCTGATC,1
atac-GAATCTGAACAAGCTA,1
atac-GAATCTGACTGTAGCC,1
atac-GAATCTGAAGTACAAG,1
atac-GAATCTGAAACAACCA,1
atac-GAATCTGAAACCGAGA,1
atac-GAATCTGAAACGCTTA,1
atac-GAATCTGAAAGACGGA,1
atac-GAATCTGAAAGGTACA,1
atac-GAATCTGAACACAGAA,1
atac-GAATCTGAACAGCAGA,1
atac-GAATCTGAACCTCCAA,1
atac-GAATCTGAACGCTCGA,1
atac-GAATCTGAACGTATCA,1
atac-GAATCTGAACTATGCA,1
atac-GAATCTGAAGAGTCAA,1
atac-GAATCTGAAGATCGCA,1
atac-GAATCTGAAGCAGGAA,1
atac-GAATCTGAAGTCACTA,2
atac-GAATCTGAATCCTGTA,2
atac-GAATCTGAATTGAGGA,2
atac-GAATCTGACAACCACA,1
atac-GAATCTGAGACTAGTA,1
atac-GAATCTGACAATGGAA,2
atac-GAATCTGACACTTCGA,2
atac-GAATCTGACAGCGTTA,2
atac-GAATCTGACATACCAA,2
atac-GAATCTGACCAGTTCA,2
atac-GAATCTGACCGAAGTA,2
atac-GAATCTGACCGTGAGA,2
atac-GAATCTGACCTCCTGA,2
atac-GAATCTGACGAACTTA,2
atac-GAATCTGACGACTGGA,2
atac-GAATCTGACGCATACA,2
atac-GAATCTGACTCAATGA,1
atac-GAATCTGACTGAGCCA,11
atac-GAATCTGACTGGCATA,11
atac-GAATCTGAGAATCTGA,11
atac-GAATCTGACAAGACTA,11
atac-GAATCTGAGAGCTGAA,11
atac-GAATCTGAGATAGACA,2
atac-GAATCTGAGCCACATA,2
atac-CAAGACTAAACGTGAT,1
atac-CAAGACTAAAACATCG,1
atac-CAAGACTAATGCCTAA,1
atac-CAAGACTAAGTGGTCA,1
atac-CAAGACTAACCACTGT,1
atac-CAAGACTAACATTGGC,1
atac-CAAGACTACAGATCTG,1
atac-CAAGACTACATCAAGT,1
atac-CAAGACTACGCTGATC,1
atac-CAAGACTAACAAGCTA,1
atac-CAAGACTACTGTAGCC,1
atac-CAAGACTAAGTACAAG,1
atac-CAAGACTAAACAACCA,1
atac-CAAGACTAAACCGAGA,1
atac-CAAGACTAAACGCTTA,1
atac-CAAGACTAAAGACGGA,1
atac-CAAGACTAAAGGTACA,1
atac-CAAGACTAACACAGAA,1
atac-CAAGACTAACAGCAGA,1
atac-CAAGACTAACCTCCAA,1
atac-CAAGACTAACGCTCGA,1
atac-CAAGACTAACGTATCA,1
atac-CAAGACTAACTATGCA,1
atac-CAAGACTAAGAGTCAA,1
atac-CAAGACTAAGATCGCA,1
atac-CAAGACTAAGCAGGAA,1
atac-CAAGACTAAGTCACTA,2
atac-CAAGACTAATCCTGTA,1
atac-CAAGACTAATTGAGGA,1
atac-CAAGACTACAACCACA,1
atac-CAAGACTAGACTAGTA,1
atac-CAAGACTACAATGGAA,1
atac-CAAGACTACACTTCGA,1
atac-CAAGACTACAGCGTTA,2
atac-CAAGACTACATACCAA,2
atac-CAAGACTACCAGTTCA,2
atac-CAAGACTACCGAAGTA,2
atac-CAAGACTACCGTGAGA,2
atac-CAAGACTACCTCCTGA,2
atac-CAAGACTACGAACTTA,2
atac-CAAGACTACGACTGGA,2
atac-CAAGACTACGCATACA,1
atac-CAAGACTACTCAATGA,1
atac-CAAGACTACTGAGCCA,11
atac-CAAGACTACTGGCATA,11
atac-CAAGACTAGAATCTGA,11
atac-CAAGACTACAAGACTA,11
atac-CAAGACTAGAGCTGAA,11
atac-CAAGACTAGATAGACA,2
atac-CAAGACTAGCCACATA,2
atac-GAGCTGAAAACGTGAT,1
atac-GAGCTGAAAAACATCG,1
atac-GAGCTGAAATGCCTAA,1
atac-GAGCTGAAAGTGGTCA,1
atac-GAGCTGAAACCACTGT,1
atac-GAGCTGAAACATTGGC,1
atac-GAGCTGAACAGATCTG,1
atac-GAGCTGAACATCAAGT,1
atac-GAGCTGAACGCTGATC,1
atac-GAGCTGAAACAAGCTA,1
atac-GAGCTGAACTGTAGCC,1
atac-GAGCTGAAAGTACAAG,1
atac-GAGCTGAAAACAACCA,1
atac-GAGCTGAAAACCGAGA,1
atac-GAGCTGAAAACGCTTA,1
atac-GAGCTGAAAAGACGGA,1
atac-GAGCTGAAAAGGTACA,1
atac-GAGCTGAAACACAGAA,1
atac-GAGCTGAAACAGCAGA,1
atac-GAGCTGAAACCTCCAA,1
atac-GAGCTGAAACGCTCGA,1
atac-GAGCTGAAACGTATCA,1
atac-GAGCTGAAACTATGCA,1
atac-GAGCTGAAAGAGTCAA,1
atac-GAGCTGAAAGATCGCA,1
atac-GAGCTGAAAGCAGGAA,1
atac-GAGCTGAAAGTCACTA,1
atac-GAGCTGAAATCCTGTA,1
atac-GAGCTGAAATTGAGGA,1
atac-GAGCTGAACAACCACA,1
atac-GAGCTGAAGACTAGTA,1
atac-GAGCTGAACAATGGAA,1
atac-GAGCTGAACACTTCGA,1
atac-GAGCTGAACAGCGTTA,1
atac-GAGCTGAACATACCAA,2
atac-GAGCTGAACCAGTTCA,2
atac-GAGCTGAACCGAAGTA,2
atac-GAGCTGAACCGTGAGA,2
atac-GAGCTGAACCTCCTGA,2
atac-GAGCTGAACGAACTTA,2
atac-GAGCTGAACGACTGGA,1
atac-GAGCTGAACGCATACA,1
atac-GAGCTGAACTCAATGA,1
atac-GAGCTGAACTGAGCCA,11
atac-GAGCTGAACTGGCATA,11
atac-GAGCTGAAGAATCTGA,11
atac-GAGCTGAACAAGACTA,11
atac-GAGCTGAAGAGCTGAA,11
atac-GAGCTGAAGATAGACA,2
atac-GAGCTGAAGCCACATA,2
atac-GATAGACAAACGTGAT,1
atac-GATAGACAAAACATCG,1
atac-GATAGACAATGCCTAA,1
atac-GATAGACAAGTGGTCA,1
atac-GATAGACAACCACTGT,1
atac-GATAGACAACATTGGC,1
atac-GATAGACACAGATCTG,1
atac-GATAGACACATCAAGT,1
atac-GATAGACACGCTGATC,1
atac-GATAGACAACAAGCTA,1
atac-GATAGACACTGTAGCC,1
atac-GATAGACAAGTACAAG,1
atac-GATAGACAAACAACCA,1
atac-GATAGACAAACCGAGA,1
atac-GATAGACAAACGCTTA,1
atac-GATAGACAAAGACGGA,1
atac-GATAGACAAAGGTACA,1
atac-GATAGACAACACAGAA,1
atac-GATAGACAACAGCAGA,1
atac-GATAGACAACCTCCAA,1
atac-GATAGACAACGCTCGA,1
atac-GATAGACAACGTATCA,1
atac-GATAGACAACTATGCA,1
atac-GATAGACAAGAGTCAA,1
atac-GATAGACAAGATCGCA,1
atac-GATAGACAAGCAGGAA,1
atac-GATAGACAAGTCACTA,1
atac-GATAGACAATCCTGTA,1
atac-GATAGACAATTGAGGA,1
atac-GATAGACACAACCACA,1
atac-GATAGACAGACTAGTA,1
atac-GATAGACACAATGGAA,1
atac-GATAGACACACTTCGA,1
atac-GATAGACACAGCGTTA,1
atac-GATAGACACATACCAA,2
atac-GATAGACACCAGTTCA,2
atac-GATAGACACCGAAGTA,2
atac-GATAGACACCGTGAGA,2
atac-GATAGACACCTCCTGA,2
atac-GATAGACACGAACTTA,2
atac-GATAGACACGACTGGA,1
atac-GATAGACACGCATACA,1
atac-GATAGACACTCAATGA,1
atac-GATAGACACTGAGCCA,11
atac-GATAGACACTGGCATA,11
atac-GATAGACAGAATCTGA,11
atac-GATAGACACAAGACTA,11
atac-GATAGACAGAGCTGAA,11
atac-GATAGACAGATAGACA,2
atac-GATAGACAGCCACATA,2
atac-GCCACATAAACGTGAT,1
atac-GCCACATAAAACATCG,1
atac-GCCACATAATGCCTAA,1
atac-GCCACATAAGTGGTCA,1
atac-GCCACATAACCACTGT,1
atac-GCCACATAACATTGGC,1
atac-GCCACATACAGATCTG,1
atac-GCCACATACATCAAGT,1
atac-GCCACATACGCTGATC,1
atac-GCCACATAACAAGCTA,1
atac-GCCACATACTGTAGCC,1
atac-GCCACATAAGTACAAG,7
atac-GCCACATAAACAACCA,1
atac-GCCACATAAACCGAGA,1
atac-GCCACATAAACGCTTA,1
atac-GCCACATAAAGACGGA,1
atac-GCCACATAAAGGTACA,1
atac-GCCACATAACACAGAA,1
atac-GCCACATAACAGCAGA,7
atac-GCCACATAACCTCCAA,1
atac-GCCACATAACGCTCGA,1
atac-GCCACATAACGTATCA,1
atac-GCCACATAACTATGCA,1
atac-GCCACATAAGAGTCAA,1
atac-GCCACATAAGATCGCA,1
atac-GCCACATAAGCAGGAA,1
atac-GCCACATAAGTCACTA,1
atac-GCCACATAATCCTGTA,1
atac-GCCACATAATTGAGGA,1
atac-GCCACATACAACCACA,1
atac-GCCACATAGACTAGTA,1
atac-GCCACATACAATGGAA,1
atac-GCCACATACACTTCGA,1
atac-GCCACATACAGCGTTA,1
atac-GCCACATACATACCAA,2
atac-GCCACATACCAGTTCA,2
atac-GCCACATACCGAAGTA,2
atac-GCCACATACCGTGAGA,2
atac-GCCACATACCTCCTGA,2
atac-GCCACATACGAACTTA,2
atac-GCCACATACGACTGGA,1
atac-GCCACATACGCATACA,1
atac-GCCACATACTCAATGA,1
atac-GCCACATACTGAGCCA,11
atac-GCCACATACTGGCATA,11
atac-GCCACATAGAATCTGA,11
atac-GCCACATACAAGACTA,11
atac-GCCACATAGAGCTGAA,2
atac-GCCACATAGATAGACA,11
atac-GCCACATAGCCACATA,2
