,cluster
E13_5-S1#AACCTGCGAATTAAGA-1,9
E13_5-S1#AACCTGCGACGGAGGC-1,9
E13_5-S1#AACCTGCGATCATATT-1,9
E13_5-S1#AACCTGCGCCGAGAAT-1,9
E13_5-S1#AACCTGCGCTGATGGT-1,9
E13_5-S1#AACCTGCGGATCTTAC-1,9
E13_5-S1#AACCTGCGGCCGCAAC-1,9
E13_5-S1#AACCTGCGGCGTTGGA-1,9
E13_5-S1#AACCTGCGTAGATCTA-1,9
E13_5-S1#AACCTGCGTGAGTCTG-1,9
E13_5-S1#AACCTGCGTGCCGGCA-1,9
E13_5-S1#AACCTGCGTGCGGACC-1,9
E13_5-S1#AACCTGCGTTACCGAG-1,9
E13_5-S1#AACCTGCGTTATTCAT-1,9
E13_5-S1#AAGAAGCTAATTAAGA-1,0
E13_5-S1#AAGAAGCTACGGAGGC-1,0
E13_5-S1#AAGAAGCTACTCAATA-1,1
E13_5-S1#AAGAAGCTAGAGCTAT-1,0
E13_5-S1#AAGAAGCTCCGAGAAT-1,0
E13_5-S1#AAGAAGCTCTAAGAGA-1,1
E13_5-S1#AAGAAGCTCTGATGGT-1,0
E13_5-S1#AAGAAGCTGATCTTAC-1,0
E13_5-S1#AAGAAGCTGCCGCAAC-1,0
E13_5-S1#AAGAAGCTGCGTTGGA-1,0
E13_5-S1#AAGAAGCTTAGATCTA-1,0
E13_5-S1#AAGAAGCTTCCTACCA-1,0
E13_5-S1#AAGAAGCTTGAGTCTG-1,0
E13_5-S1#AAGAAGCTTGCCGGCA-1,0
E13_5-S1#AAGAAGCTTGCGGACC-1,0
E13_5-S1#AAGAAGCTTTATTCAT-1,0
E13_5-S1#AAGAAGCTTTGACTTC-1,1
E13_5-S1#AATTAAGAAACCTGCG-1,9
E13_5-S1#AATTAAGAAAGAAGCT-1,9
E13_5-S1#AATTAAGAAATTAAGA-1,0
E13_5-S1#AATTAAGAACCGCCAA-1,1
E13_5-S1#AATTAAGAACGGAGGC-1,0
E13_5-S1#AATTAAGAACTATGCA-1,0
E13_5-S1#AATTAAGAACTCAATA-1,0
E13_5-S1#AATTAAGAACTTAACC-1,1
E13_5-S1#AATTAAGAAGAACGTC-1,10
E13_5-S1#AATTAAGAAGAGAAGG-1,7
E13_5-S1#AATTAAGAAGAGCTAT-1,1
E13_5-S1#AATTAAGAATCATATT-1,0
E13_5-S1#AATTAAGACAACCGCT-1,3
E13_5-S1#AATTAAGACATACTCC-1,7
E13_5-S1#AATTAAGACCAGTTCC-1,1
E13_5-S1#AATTAAGACCGAGAAT-1,0
E13_5-S1#AATTAAGACCGATTCC-1,9
E13_5-S1#AATTAAGACGACGCGA-1,7
E13_5-S1#AATTAAGACTAAGAGA-1,1
E13_5-S1#AATTAAGACTGATGGT-1,0
E13_5-S1#AATTAAGACTTGCGCC-1,10
E13_5-S1#AATTAAGAGAAGATCG-1,7
E13_5-S1#AATTAAGAGACCTTGA-1,3
E13_5-S1#AATTAAGAGATACGGA-1,7
E13_5-S1#AATTAAGAGATCTTAC-1,0
E13_5-S1#AATTAAGAGCAGGTCC-1,10
E13_5-S1#AATTAAGAGCCATTCT-1,10
E13_5-S1#AATTAAGAGCCGCAAC-1,0
E13_5-S1#AATTAAGAGCGTTGGA-1,0
E13_5-S1#AATTAAGAGCTAACTT-1,7
E13_5-S1#AATTAAGAGGTACTGC-1,10
E13_5-S1#AATTAAGAGGTATGCT-1,7
E13_5-S1#AATTAAGATAGAATTA-1,1
E13_5-S1#AATTAAGATAGAGTAA-1,3
E13_5-S1#AATTAAGATAGATCTA-1,0
E13_5-S1#AATTAAGATCCGGCCT-1,7
E13_5-S1#AATTAAGATCCTACCA-1,0
E13_5-S1#AATTAAGATCGGCCTT-1,10
E13_5-S1#AATTAAGATCTGATAC-1,7
E13_5-S1#AATTAAGATGAGTCTG-1,0
E13_5-S1#AATTAAGATGCCGGCA-1,0
E13_5-S1#AATTAAGATGCGGACC-1,0
E13_5-S1#AATTAAGATGGTCAGC-1,7
E13_5-S1#AATTAAGATTATCCGG-1,7
E13_5-S1#AATTAAGATTATTCAT-1,0
E13_5-S1#AATTAAGATTGACTTC-1,1
E13_5-S1#ACCGCCAAAACCTGCG-1,1
E13_5-S1#ACCGCCAAAAGAAGCT-1,11
E13_5-S1#ACCGCCAAAATTAAGA-1,1
E13_5-S1#ACCGCCAAACGGAGGC-1,1
E13_5-S1#ACCGCCAAACTCAATA-1,10
E13_5-S1#ACCGCCAAAGAGAAGG-1,11
E13_5-S1#ACCGCCAAAGAGCTAT-1,10
E13_5-S1#ACCGCCAACATACTCC-1,1
E13_5-S1#ACCGCCAACCGAGAAT-1,0
E13_5-S1#ACCGCCAACTAAGAGA-1,10
E13_5-S1#ACCGCCAACTGATGGT-1,1
E13_5-S1#ACCGCCAAGAAGATCG-1,11
E13_5-S1#ACCGCCAAGATCTTAC-1,1
E13_5-S1#ACCGCCAAGCCATTCT-1,1
E13_5-S1#ACCGCCAAGCCGCAAC-1,1
E13_5-S1#ACCGCCAAGCGTTGGA-1,10
E13_5-S1#ACCGCCAAGCTAACTT-1,1
E13_5-S1#ACCGCCAAGGTACTGC-1,9
E13_5-S1#ACCGCCAAGGTATGCT-1,1
E13_5-S1#ACCGCCAATAGAATTA-1,1
E13_5-S1#ACCGCCAATAGATCTA-1,1
E13_5-S1#ACCGCCAATCCGGCCT-1,11
E13_5-S1#ACCGCCAATCCTACCA-1,10
E13_5-S1#ACCGCCAATCTGATAC-1,11
E13_5-S1#ACCGCCAATGAGTCTG-1,1
E13_5-S1#ACCGCCAATGCCGGCA-1,1
E13_5-S1#ACCGCCAATGCGGACC-1,1
E13_5-S1#ACCGCCAATTACCGAG-1,9
E13_5-S1#ACCGCCAATTATCCGG-1,11
E13_5-S1#ACCGCCAATTATTCAT-1,1
E13_5-S1#ACCGCCAATTGACTTC-1,1
E13_5-S1#ACGGAGGCAACCTGCG-1,9
E13_5-S1#ACGGAGGCAAGAAGCT-1,7
E13_5-S1#ACGGAGGCAATTAAGA-1,0
E13_5-S1#ACGGAGGCACCGCCAA-1,1
E13_5-S1#ACGGAGGCACGGAGGC-1,0
E13_5-S1#ACGGAGGCACTATGCA-1,7
E13_5-S1#ACGGAGGCACTCAATA-1,1
E13_5-S1#ACGGAGGCACTTAACC-1,10
E13_5-S1#ACGGAGGCAGAACGTC-1,10
E13_5-S1#ACGGAGGCAGAGAAGG-1,7
E13_5-S1#ACGGAGGCAGAGCTAT-1,1
E13_5-S1#ACGGAGGCATCATATT-1,7
E13_5-S1#ACGGAGGCCAACCGCT-1,4
E13_5-S1#ACGGAGGCCATACTCC-1,7
E13_5-S1#ACGGAGGCCCAGTTCC-1,1
E13_5-S1#ACGGAGGCCCGAGAAT-1,0
E13_5-S1#ACGGAGGCCCGATTCC-1,9
E13_5-S1#ACGGAGGCCGACGCGA-1,12
E13_5-S1#ACGGAGGCCTAAGAGA-1,1
E13_5-S1#ACGGAGGCCTGATGGT-1,0
E13_5-S1#ACGGAGGCCTTGCGCC-1,3
E13_5-S1#ACGGAGGCGAAGATCG-1,7
E13_5-S1#ACGGAGGCGACCTTGA-1,3
E13_5-S1#ACGGAGGCGATACGGA-1,7
E13_5-S1#ACGGAGGCGATCTTAC-1,1
E13_5-S1#ACGGAGGCGCAGGTCC-1,10
E13_5-S1#ACGGAGGCGCCATTCT-1,10
E13_5-S1#ACGGAGGCGCCGCAAC-1,0
E13_5-S1#ACGGAGGCGCGTTGGA-1,0
E13_5-S1#ACGGAGGCGCTAACTT-1,7
E13_5-S1#ACGGAGGCGGTACTGC-1,3
E13_5-S1#ACGGAGGCGGTATGCT-1,7
E13_5-S1#ACGGAGGCTAGAATTA-1,3
E13_5-S1#ACGGAGGCTAGAGTAA-1,3
E13_5-S1#ACGGAGGCTAGATCTA-1,0
E13_5-S1#ACGGAGGCTCCGGCCT-1,7
E13_5-S1#ACGGAGGCTCCTACCA-1,1
E13_5-S1#ACGGAGGCTCGGCCTT-1,10
E13_5-S1#ACGGAGGCTCTGATAC-1,7
E13_5-S1#ACGGAGGCTGAGTCTG-1,0
E13_5-S1#ACGGAGGCTGCCGGCA-1,0
E13_5-S1#ACGGAGGCTGCGGACC-1,0
E13_5-S1#ACGGAGGCTGGTCAGC-1,12
E13_5-S1#ACGGAGGCTTACCGAG-1,0
E13_5-S1#ACGGAGGCTTATCCGG-1,7
E13_5-S1#ACGGAGGCTTATTCAT-1,0
E13_5-S1#ACGGAGGCTTGACTTC-1,1
E13_5-S1#ACTATGCAAAGAAGCT-1,9
E13_5-S1#ACTATGCAAATTAAGA-1,0
E13_5-S1#ACTATGCAACGGAGGC-1,0
E13_5-S1#ACTATGCAACTATGCA-1,0
E13_5-S1#ACTATGCAACTCAATA-1,0
E13_5-S1#ACTATGCAAGAACGTC-1,1
E13_5-S1#ACTATGCAAGAGAAGG-1,9
E13_5-S1#ACTATGCAAGAGCTAT-1,0
E13_5-S1#ACTATGCAATCATATT-1,0
E13_5-S1#ACTATGCACAACCGCT-1,9
E13_5-S1#ACTATGCACATACTCC-1,9
E13_5-S1#ACTATGCACCGAGAAT-1,0
E13_5-S1#ACTATGCACGACGCGA-1,0
E13_5-S1#ACTATGCACTAAGAGA-1,0
E13_5-S1#ACTATGCACTGATGGT-1,0
E13_5-S1#ACTATGCACTTGCGCC-1,1
E13_5-S1#ACTATGCAGAAGATCG-1,9
E13_5-S1#ACTATGCAGACCTTGA-1,1
E13_5-S1#ACTATGCAGATACGGA-1,0
E13_5-S1#ACTATGCAGATCTTAC-1,0
E13_5-S1#ACTATGCAGCAGGTCC-1,1
E13_5-S1#ACTATGCAGCCATTCT-1,0
E13_5-S1#ACTATGCAGCCGCAAC-1,0
E13_5-S1#ACTATGCAGCGTTGGA-1,0
E13_5-S1#ACTATGCAGGTACTGC-1,1
E13_5-S1#ACTATGCATAGAATTA-1,0
E13_5-S1#ACTATGCATAGAGTAA-1,1
E13_5-S1#ACTATGCATAGATCTA-1,0
E13_5-S1#ACTATGCATCCGGCCT-1,9
E13_5-S1#ACTATGCATCCTACCA-1,0
E13_5-S1#ACTATGCATCGGCCTT-1,1
E13_5-S1#ACTATGCATCTGATAC-1,9
E13_5-S1#ACTATGCATGAGTCTG-1,0
E13_5-S1#ACTATGCATGCCGGCA-1,0
E13_5-S1#ACTATGCATGCGGACC-1,0
E13_5-S1#ACTATGCATGGTCAGC-1,0
E13_5-S1#ACTATGCATTATCCGG-1,7
E13_5-S1#ACTATGCATTATTCAT-1,0
E13_5-S1#ACTATGCATTGACTTC-1,0
E13_5-S1#ACTCAATAAACCTGCG-1,9
E13_5-S1#ACTCAATAAAGAAGCT-1,7
E13_5-S1#ACTCAATAAATTAAGA-1,0
E13_5-S1#ACTCAATAACCGCCAA-1,1
E13_5-S1#ACTCAATAACGGAGGC-1,0
E13_5-S1#ACTCAATAACTATGCA-1,7
E13_5-S1#ACTCAATAACTCAATA-1,0
E13_5-S1#ACTCAATAACTTAACC-1,1
E13_5-S1#ACTCAATAAGAGAAGG-1,7
E13_5-S1#ACTCAATAAGAGCTAT-1,1
E13_5-S1#ACTCAATAATCATATT-1,7
E13_5-S1#ACTCAATACAACCGCT-1,1
E13_5-S1#ACTCAATACATACTCC-1,0
E13_5-S1#ACTCAATACCAGTTCC-1,1
E13_5-S1#ACTCAATACCGAGAAT-1,0
E13_5-S1#ACTCAATACGACGCGA-1,7
E13_5-S1#ACTCAATACTAAGAGA-1,1
E13_5-S1#ACTCAATACTGATGGT-1,0
E13_5-S1#ACTCAATAGAAGATCG-1,7
E13_5-S1#ACTCAATAGACCTTGA-1,10
E13_5-S1#ACTCAATAGATACGGA-1,7
E13_5-S1#ACTCAATAGATCTTAC-1,0
E13_5-S1#ACTCAATAGCCATTCT-1,1
E13_5-S1#ACTCAATAGCCGCAAC-1,0
E13_5-S1#ACTCAATAGCGTTGGA-1,0
E13_5-S1#ACTCAATAGCTAACTT-1,0
E13_5-S1#ACTCAATAGGTATGCT-1,7
E13_5-S1#ACTCAATATAGAGTAA-1,1
E13_5-S1#ACTCAATATAGATCTA-1,0
E13_5-S1#ACTCAATATCCGGCCT-1,7
E13_5-S1#ACTCAATATCCTACCA-1,0
E13_5-S1#ACTCAATATCTGATAC-1,7
E13_5-S1#ACTCAATATGAGTCTG-1,0
E13_5-S1#ACTCAATATGCCGGCA-1,0
E13_5-S1#ACTCAATATGCGGACC-1,0
E13_5-S1#ACTCAATATGGTCAGC-1,7
E13_5-S1#ACTCAATATTACCGAG-1,1
E13_5-S1#ACTCAATATTATCCGG-1,7
E13_5-S1#ACTCAATATTATTCAT-1,0
E13_5-S1#ACTCAATATTGACTTC-1,1
E13_5-S1#ACTTAACCAACCTGCG-1,1
E13_5-S1#ACTTAACCAAGAAGCT-1,11
E13_5-S1#ACTTAACCAATTAAGA-1,1
E13_5-S1#ACTTAACCACGGAGGC-1,1
E13_5-S1#ACTTAACCACTATGCA-1,1
E13_5-S1#ACTTAACCACTCAATA-1,1
E13_5-S1#ACTTAACCAGAACGTC-1,9
E13_5-S1#ACTTAACCAGAGAAGG-1,11
E13_5-S1#ACTTAACCAGAGCTAT-1,7
E13_5-S1#ACTTAACCCATACTCC-1,7
E13_5-S1#ACTTAACCCCGAGAAT-1,1
E13_5-S1#ACTTAACCCGACGCGA-1,1
E13_5-S1#ACTTAACCCTAAGAGA-1,1
E13_5-S1#ACTTAACCCTGATGGT-1,1
E13_5-S1#ACTTAACCCTTGCGCC-1,1
E13_5-S1#ACTTAACCGAAGATCG-1,11
E13_5-S1#ACTTAACCGATACGGA-1,1
E13_5-S1#ACTTAACCGATCTTAC-1,1
E13_5-S1#ACTTAACCGCCATTCT-1,1
E13_5-S1#ACTTAACCGCCGCAAC-1,1
E13_5-S1#ACTTAACCGCGTTGGA-1,1
E13_5-S1#ACTTAACCGCTAACTT-1,1
E13_5-S1#ACTTAACCGGTACTGC-1,0
E13_5-S1#ACTTAACCGGTATGCT-1,1
E13_5-S1#ACTTAACCTAGAATTA-1,1
E13_5-S1#ACTTAACCTAGATCTA-1,1
E13_5-S1#ACTTAACCTCCGGCCT-1,11
E13_5-S1#ACTTAACCTCCTACCA-1,1
E13_5-S1#ACTTAACCTCTGATAC-1,11
E13_5-S1#ACTTAACCTGAGTCTG-1,1
E13_5-S1#ACTTAACCTGCCGGCA-1,1
E13_5-S1#ACTTAACCTGCGGACC-1,1
E13_5-S1#ACTTAACCTTACCGAG-1,1
E13_5-S1#ACTTAACCTTATCCGG-1,7
E13_5-S1#ACTTAACCTTATTCAT-1,1
E13_5-S1#ACTTAACCTTGACTTC-1,1
E13_5-S1#AGAACGTCAACCTGCG-1,9
E13_5-S1#AGAACGTCAAGAAGCT-1,11
E13_5-S1#AGAACGTCACGGAGGC-1,8
E13_5-S1#AGAACGTCACTATGCA-1,1
E13_5-S1#AGAACGTCACTCAATA-1,0
E13_5-S1#AGAACGTCAGAACGTC-1,0
E13_5-S1#AGAACGTCAGAGAAGG-1,11
E13_5-S1#AGAACGTCAGAGCTAT-1,0
E13_5-S1#AGAACGTCATCATATT-1,1
E13_5-S1#AGAACGTCCATACTCC-1,7
E13_5-S1#AGAACGTCCCGAGAAT-1,1
E13_5-S1#AGAACGTCCGACGCGA-1,1
E13_5-S1#AGAACGTCCTAAGAGA-1,0
E13_5-S1#AGAACGTCCTGATGGT-1,1
E13_5-S1#AGAACGTCCTTGCGCC-1,1
E13_5-S1#AGAACGTCGAAGATCG-1,11
E13_5-S1#AGAACGTCGACCTTGA-1,9
E13_5-S1#AGAACGTCGATACGGA-1,1
E13_5-S1#AGAACGTCGATCTTAC-1,0
E13_5-S1#AGAACGTCGCAGGTCC-1,0
E13_5-S1#AGAACGTCGCCATTCT-1,1
E13_5-S1#AGAACGTCGCCGCAAC-1,1
E13_5-S1#AGAACGTCGCGTTGGA-1,1
E13_5-S1#AGAACGTCGCTAACTT-1,7
E13_5-S1#AGAACGTCGGTACTGC-1,1
E13_5-S1#AGAACGTCGGTATGCT-1,7
E13_5-S1#AGAACGTCTAGAATTA-1,0
E13_5-S1#AGAACGTCTAGAGTAA-1,1
E13_5-S1#AGAACGTCTCCGGCCT-1,11
E13_5-S1#AGAACGTCTCCTACCA-1,0
E13_5-S1#AGAACGTCTCGGCCTT-1,0
E13_5-S1#AGAACGTCTCTGATAC-1,11
E13_5-S1#AGAACGTCTGAGTCTG-1,1
E13_5-S1#AGAACGTCTGCCGGCA-1,1
E13_5-S1#AGAACGTCTGCGGACC-1,1
E13_5-S1#AGAACGTCTGGTCAGC-1,1
E13_5-S1#AGAACGTCTTACCGAG-1,1
E13_5-S1#AGAACGTCTTATCCGG-1,7
E13_5-S1#AGAACGTCTTATTCAT-1,1
E13_5-S1#AGAACGTCTTGACTTC-1,0
E13_5-S1#AGAGAAGGAATTAAGA-1,0
E13_5-S1#AGAGAAGGACGGAGGC-1,0
E13_5-S1#AGAGAAGGACTATGCA-1,9
E13_5-S1#AGAGAAGGACTCAATA-1,0
E13_5-S1#AGAGAAGGAGAGCTAT-1,9
E13_5-S1#AGAGAAGGATCATATT-1,7
E13_5-S1#AGAGAAGGCCGAGAAT-1,0
E13_5-S1#AGAGAAGGCTAAGAGA-1,9
E13_5-S1#AGAGAAGGCTGATGGT-1,0
E13_5-S1#AGAGAAGGGATCTTAC-1,0
E13_5-S1#AGAGAAGGGCCGCAAC-1,0
E13_5-S1#AGAGAAGGGCGTTGGA-1,0
E13_5-S1#AGAGAAGGTAGATCTA-1,0
E13_5-S1#AGAGAAGGTCCTACCA-1,0
E13_5-S1#AGAGAAGGTGAGTCTG-1,0
E13_5-S1#AGAGAAGGTGCCGGCA-1,0
E13_5-S1#AGAGAAGGTGCGGACC-1,0
E13_5-S1#AGAGAAGGTGGTCAGC-1,9
E13_5-S1#AGAGAAGGTTACCGAG-1,7
E13_5-S1#AGAGAAGGTTATTCAT-1,0
E13_5-S1#AGAGCTATAACCTGCG-1,9
E13_5-S1#AGAGCTATAAGAAGCT-1,11
E13_5-S1#AGAGCTATAATTAAGA-1,1
E13_5-S1#AGAGCTATACGGAGGC-1,1
E13_5-S1#AGAGCTATACTATGCA-1,7
E13_5-S1#AGAGCTATACTCAATA-1,1
E13_5-S1#AGAGCTATACTTAACC-1,1
E13_5-S1#AGAGCTATAGAGAAGG-1,7
E13_5-S1#AGAGCTATAGAGCTAT-1,1
E13_5-S1#AGAGCTATATCATATT-1,7
E13_5-S1#AGAGCTATCAACCGCT-1,1
E13_5-S1#AGAGCTATCATACTCC-1,7
E13_5-S1#AGAGCTATCCAGTTCC-1,1
E13_5-S1#AGAGCTATCCGAGAAT-1,0
E13_5-S1#AGAGCTATCGACGCGA-1,7
E13_5-S1#AGAGCTATCTAAGAGA-1,0
E13_5-S1#AGAGCTATCTGATGGT-1,0
E13_5-S1#AGAGCTATGAAGATCG-1,11
E13_5-S1#AGAGCTATGACCTTGA-1,1
E13_5-S1#AGAGCTATGATACGGA-1,7
E13_5-S1#AGAGCTATGATCTTAC-1,0
E13_5-S1#AGAGCTATGCAGGTCC-1,1
E13_5-S1#AGAGCTATGCCATTCT-1,1
E13_5-S1#AGAGCTATGCCGCAAC-1,0
E13_5-S1#AGAGCTATGCGTTGGA-1,0
E13_5-S1#AGAGCTATGCTAACTT-1,7
E13_5-S1#AGAGCTATGGTACTGC-1,1
E13_5-S1#AGAGCTATGGTATGCT-1,7
E13_5-S1#AGAGCTATTAGAATTA-1,1
E13_5-S1#AGAGCTATTAGAGTAA-1,1
E13_5-S1#AGAGCTATTAGATCTA-1,1
E13_5-S1#AGAGCTATTCCGGCCT-1,11
E13_5-S1#AGAGCTATTCCTACCA-1,0
E13_5-S1#AGAGCTATTCTGATAC-1,11
E13_5-S1#AGAGCTATTGAGTCTG-1,0
E13_5-S1#AGAGCTATTGCCGGCA-1,1
E13_5-S1#AGAGCTATTGCGGACC-1,1
E13_5-S1#AGAGCTATTGGTCAGC-1,7
E13_5-S1#AGAGCTATTTACCGAG-1,1
E13_5-S1#AGAGCTATTTATCCGG-1,7
E13_5-S1#AGAGCTATTTATTCAT-1,1
E13_5-S1#AGAGCTATTTGACTTC-1,1
E13_5-S1#ATAAGGAGAACCTGCG-1,9
E13_5-S1#ATAAGGAGAAGAAGCT-1,11
E13_5-S1#ATAAGGAGAGAGAAGG-1,11
E13_5-S1#ATAAGGAGCATACTCC-1,4
E13_5-S1#ATAAGGAGCCGAGAAT-1,1
E13_5-S1#ATAAGGAGCTGATGGT-1,1
E13_5-S1#ATAAGGAGGAAGATCG-1,11
E13_5-S1#ATAAGGAGGATCTTAC-1,1
E13_5-S1#ATAAGGAGGCCGCAAC-1,9
E13_5-S1#ATAAGGAGGCGTTGGA-1,1
E13_5-S1#ATAAGGAGGCTAACTT-1,9
E13_5-S1#ATAAGGAGGGTATGCT-1,9
E13_5-S1#ATAAGGAGTCCGGCCT-1,11
E13_5-S1#ATAAGGAGTCCTACCA-1,1
E13_5-S1#ATAAGGAGTGAGTCTG-1,9
E13_5-S1#ATAAGGAGTGCGGACC-1,9
E13_5-S1#ATCATATTAAGAAGCT-1,9
E13_5-S1#ATCATATTAATTAAGA-1,0
E13_5-S1#ATCATATTACGGAGGC-1,7
E13_5-S1#ATCATATTACTATGCA-1,0
E13_5-S1#ATCATATTACTCAATA-1,0
E13_5-S1#ATCATATTACTTAACC-1,1
E13_5-S1#ATCATATTAGAACGTC-1,1
E13_5-S1#ATCATATTAGAGAAGG-1,7
E13_5-S1#ATCATATTAGAGCTAT-1,0
E13_5-S1#ATCATATTATCATATT-1,0
E13_5-S1#ATCATATTCAACCGCT-1,1
E13_5-S1#ATCATATTCATACTCC-1,7
E13_5-S1#ATCATATTCCAGTTCC-1,9
E13_5-S1#ATCATATTCCGAGAAT-1,0
E13_5-S1#ATCATATTCGACGCGA-1,0
E13_5-S1#ATCATATTCTAAGAGA-1,0
E13_5-S1#ATCATATTCTGATGGT-1,0
E13_5-S1#ATCATATTCTTGCGCC-1,1
E13_5-S1#ATCATATTGAAGATCG-1,9
E13_5-S1#ATCATATTGACCTTGA-1,1
E13_5-S1#ATCATATTGATACGGA-1,0
E13_5-S1#ATCATATTGATCTTAC-1,0
E13_5-S1#ATCATATTGCAGGTCC-1,10
E13_5-S1#ATCATATTGCCATTCT-1,1
E13_5-S1#ATCATATTGCCGCAAC-1,0
E13_5-S1#ATCATATTGCGTTGGA-1,0
E13_5-S1#ATCATATTGCTAACTT-1,9
E13_5-S1#ATCATATTGGTACTGC-1,1
E13_5-S1#ATCATATTGGTATGCT-1,9
E13_5-S1#ATCATATTTAGAATTA-1,1
E13_5-S1#ATCATATTTAGAGTAA-1,3
E13_5-S1#ATCATATTTAGATCTA-1,0
E13_5-S1#ATCATATTTCCGGCCT-1,9
E13_5-S1#ATCATATTTCCTACCA-1,0
E13_5-S1#ATCATATTTCGGCCTT-1,1
E13_5-S1#ATCATATTTCTGATAC-1,7
E13_5-S1#ATCATATTTGAGTCTG-1,0
E13_5-S1#ATCATATTTGCCGGCA-1,0
E13_5-S1#ATCATATTTGCGGACC-1,0
E13_5-S1#ATCATATTTGGTCAGC-1,0
E13_5-S1#ATCATATTTTATCCGG-1,7
E13_5-S1#ATCATATTTTATTCAT-1,0
E13_5-S1#ATCATATTTTGACTTC-1,1
E13_5-S1#CAACCGCTAACCTGCG-1,9
E13_5-S1#CAACCGCTAAGAAGCT-1,11
E13_5-S1#CAACCGCTAATTAAGA-1,1
E13_5-S1#CAACCGCTACGGAGGC-1,1
E13_5-S1#CAACCGCTACTATGCA-1,1
E13_5-S1#CAACCGCTACTCAATA-1,1
E13_5-S1#CAACCGCTAGAACGTC-1,1
E13_5-S1#CAACCGCTAGAGAAGG-1,11
E13_5-S1#CAACCGCTAGAGCTAT-1,1
E13_5-S1#CAACCGCTCATACTCC-1,7
E13_5-S1#CAACCGCTCCGAGAAT-1,1
E13_5-S1#CAACCGCTCGACGCGA-1,1
E13_5-S1#CAACCGCTCTAAGAGA-1,1
E13_5-S1#CAACCGCTCTGATGGT-1,1
E13_5-S1#CAACCGCTCTTGCGCC-1,9
E13_5-S1#CAACCGCTGAAGATCG-1,11
E13_5-S1#CAACCGCTGATACGGA-1,1
E13_5-S1#CAACCGCTGATCTTAC-1,1
E13_5-S1#CAACCGCTGCCATTCT-1,1
E13_5-S1#CAACCGCTGCCGCAAC-1,1
E13_5-S1#CAACCGCTGCGTTGGA-1,1
E13_5-S1#CAACCGCTGCTAACTT-1,1
E13_5-S1#CAACCGCTGGTACTGC-1,1
E13_5-S1#CAACCGCTGGTATGCT-1,1
E13_5-S1#CAACCGCTTAGAATTA-1,1
E13_5-S1#CAACCGCTTAGATCTA-1,1
E13_5-S1#CAACCGCTTCCGGCCT-1,11
E13_5-S1#CAACCGCTTCCTACCA-1,1
E13_5-S1#CAACCGCTTCGGCCTT-1,9
E13_5-S1#CAACCGCTTCTGATAC-1,11
E13_5-S1#CAACCGCTTGAGTCTG-1,1
E13_5-S1#CAACCGCTTGCCGGCA-1,1
E13_5-S1#CAACCGCTTGCGGACC-1,1
E13_5-S1#CAACCGCTTGGTCAGC-1,1
E13_5-S1#CAACCGCTTTATCCGG-1,7
E13_5-S1#CAACCGCTTTATTCAT-1,1
E13_5-S1#CAACCGCTTTGACTTC-1,1
E13_5-S1#CATACTCCAATTAAGA-1,0
E13_5-S1#CATACTCCACGGAGGC-1,0
E13_5-S1#CATACTCCACTCAATA-1,9
E13_5-S1#CATACTCCATCATATT-1,7
E13_5-S1#CATACTCCCCGAGAAT-1,0
E13_5-S1#CATACTCCCTAAGAGA-1,9
E13_5-S1#CATACTCCCTGATGGT-1,0
E13_5-S1#CATACTCCGATCTTAC-1,0
E13_5-S1#CATACTCCGCCGCAAC-1,0
E13_5-S1#CATACTCCGCGTTGGA-1,0
E13_5-S1#CATACTCCTAGATCTA-1,0
E13_5-S1#CATACTCCTCCTACCA-1,1
E13_5-S1#CATACTCCTGAGTCTG-1,0
E13_5-S1#CATACTCCTGCCGGCA-1,7
E13_5-S1#CATACTCCTGCGGACC-1,0
E13_5-S1#CATACTCCTGGTCAGC-1,9
E13_5-S1#CATACTCCTTACCGAG-1,0
E13_5-S1#CATACTCCTTATTCAT-1,0
E13_5-S1#CCAGTTCCAACCTGCG-1,1
E13_5-S1#CCAGTTCCAAGAAGCT-1,11
E13_5-S1#CCAGTTCCAATTAAGA-1,1
E13_5-S1#CCAGTTCCACGGAGGC-1,0
E13_5-S1#CCAGTTCCACTCAATA-1,10
E13_5-S1#CCAGTTCCAGAGAAGG-1,11
E13_5-S1#CCAGTTCCAGAGCTAT-1,1
E13_5-S1#CCAGTTCCCATACTCC-1,7
E13_5-S1#CCAGTTCCCCGAGAAT-1,0
E13_5-S1#CCAGTTCCCGACGCGA-1,9
E13_5-S1#CCAGTTCCCTAAGAGA-1,1
E13_5-S1#CCAGTTCCCTGATGGT-1,0
E13_5-S1#CCAGTTCCCTTGCGCC-1,9
E13_5-S1#CCAGTTCCGAAGATCG-1,11
E13_5-S1#CCAGTTCCGATACGGA-1,9
E13_5-S1#CCAGTTCCGATCTTAC-1,1
E13_5-S1#CCAGTTCCGCCATTCT-1,1
E13_5-S1#CCAGTTCCGCCGCAAC-1,0
E13_5-S1#CCAGTTCCGCGTTGGA-1,10
E13_5-S1#CCAGTTCCGCTAACTT-1,1
E13_5-S1#CCAGTTCCGGTACTGC-1,1
E13_5-S1#CCAGTTCCGGTATGCT-1,1
E13_5-S1#CCAGTTCCTAGAATTA-1,1
E13_5-S1#CCAGTTCCTAGATCTA-1,1
E13_5-S1#CCAGTTCCTCCGGCCT-1,11
E13_5-S1#CCAGTTCCTCCTACCA-1,10
E13_5-S1#CCAGTTCCTCTGATAC-1,11
E13_5-S1#CCAGTTCCTGAGTCTG-1,1
E13_5-S1#CCAGTTCCTGCCGGCA-1,1
E13_5-S1#CCAGTTCCTGCGGACC-1,1
E13_5-S1#CCAGTTCCTTACCGAG-1,1
E13_5-S1#CCAGTTCCTTATCCGG-1,7
E13_5-S1#CCAGTTCCTTATTCAT-1,1
E13_5-S1#CCAGTTCCTTGACTTC-1,1
E13_5-S1#CCGAGAATAACCTGCG-1,9
E13_5-S1#CCGAGAATAAGAAGCT-1,7
E13_5-S1#CCGAGAATAATTAAGA-1,0
E13_5-S1#CCGAGAATACCGCCAA-1,7
E13_5-S1#CCGAGAATACGGAGGC-1,0
E13_5-S1#CCGAGAATACTATGCA-1,0
E13_5-S1#CCGAGAATACTCAATA-1,1
E13_5-S1#CCGAGAATACTTAACC-1,1
E13_5-S1#CCGAGAATAGAACGTC-1,3
E13_5-S1#CCGAGAATAGAGAAGG-1,0
E13_5-S1#CCGAGAATAGAGCTAT-1,1
E13_5-S1#CCGAGAATATCATATT-1,0
E13_5-S1#CCGAGAATCAACCGCT-1,10
E13_5-S1#CCGAGAATCATACTCC-1,0
E13_5-S1#CCGAGAATCCAGTTCC-1,1
E13_5-S1#CCGAGAATCCGAGAAT-1,0
E13_5-S1#CCGAGAATCCGATTCC-1,9
E13_5-S1#CCGAGAATCGACGCGA-1,0
E13_5-S1#CCGAGAATCTAAGAGA-1,1
E13_5-S1#CCGAGAATCTGATGGT-1,0
E13_5-S1#CCGAGAATCTTGCGCC-1,3
E13_5-S1#CCGAGAATGAAGATCG-1,7
E13_5-S1#CCGAGAATGACCTTGA-1,3
E13_5-S1#CCGAGAATGATACGGA-1,7
E13_5-S1#CCGAGAATGATCTTAC-1,0
E13_5-S1#CCGAGAATGCAGGTCC-1,10
E13_5-S1#CCGAGAATGCCATTCT-1,10
E13_5-S1#CCGAGAATGCCGCAAC-1,0
E13_5-S1#CCGAGAATGCGTTGGA-1,0
E13_5-S1#CCGAGAATGCTAACTT-1,0
E13_5-S1#CCGAGAATGGTACTGC-1,3
E13_5-S1#CCGAGAATGGTATGCT-1,0
E13_5-S1#CCGAGAATTAGAATTA-1,10
E13_5-S1#CCGAGAATTAGAGTAA-1,10
E13_5-S1#CCGAGAATTAGATCTA-1,0
E13_5-S1#CCGAGAATTCCGGCCT-1,7
E13_5-S1#CCGAGAATTCCTACCA-1,0
E13_5-S1#CCGAGAATTCGGCCTT-1,10
E13_5-S1#CCGAGAATTCTGATAC-1,7
E13_5-S1#CCGAGAATTGAGTCTG-1,0
E13_5-S1#CCGAGAATTGCCGGCA-1,0
E13_5-S1#CCGAGAATTGCGGACC-1,0
E13_5-S1#CCGAGAATTGGTCAGC-1,0
E13_5-S1#CCGAGAATTTACCGAG-1,0
E13_5-S1#CCGAGAATTTATCCGG-1,7
E13_5-S1#CCGAGAATTTATTCAT-1,0
E13_5-S1#CCGAGAATTTGACTTC-1,1
E13_5-S1#CCGATTCCAACCTGCG-1,1
E13_5-S1#CCGATTCCAAGAAGCT-1,11
E13_5-S1#CCGATTCCAATTAAGA-1,1
E13_5-S1#CCGATTCCACGGAGGC-1,1
E13_5-S1#CCGATTCCACTCAATA-1,10
E13_5-S1#CCGATTCCAGAGAAGG-1,4
E13_5-S1#CCGATTCCAGAGCTAT-1,10
E13_5-S1#CCGATTCCCATACTCC-1,1
E13_5-S1#CCGATTCCCCGAGAAT-1,1
E13_5-S1#CCGATTCCCTAAGAGA-1,10
E13_5-S1#CCGATTCCCTGATGGT-1,1
E13_5-S1#CCGATTCCGAAGATCG-1,11
E13_5-S1#CCGATTCCGATCTTAC-1,10
E13_5-S1#CCGATTCCGCCATTCT-1,1
E13_5-S1#CCGATTCCGCCGCAAC-1,1
E13_5-S1#CCGATTCCGCGTTGGA-1,10
E13_5-S1#CCGATTCCGCTAACTT-1,1
E13_5-S1#CCGATTCCGGTATGCT-1,1
E13_5-S1#CCGATTCCTAGAATTA-1,9
E13_5-S1#CCGATTCCTAGATCTA-1,1
E13_5-S1#CCGATTCCTCCGGCCT-1,11
E13_5-S1#CCGATTCCTCCTACCA-1,10
E13_5-S1#CCGATTCCTGAGTCTG-1,1
E13_5-S1#CCGATTCCTGCCGGCA-1,9
E13_5-S1#CCGATTCCTGCGGACC-1,1
E13_5-S1#CCGATTCCTTATTCAT-1,1
E13_5-S1#CCGATTCCTTGACTTC-1,1
E13_5-S1#CGAACGCCAACCTGCG-1,9
E13_5-S1#CGAACGCCAAGAAGCT-1,11
E13_5-S1#CGAACGCCACGGAGGC-1,7
E13_5-S1#CGAACGCCACTCAATA-1,1
E13_5-S1#CGAACGCCAGAGAAGG-1,11
E13_5-S1#CGAACGCCCATACTCC-1,9
E13_5-S1#CGAACGCCCCGAGAAT-1,1
E13_5-S1#CGAACGCCCTAAGAGA-1,1
E13_5-S1#CGAACGCCCTGATGGT-1,1
E13_5-S1#CGAACGCCGAAGATCG-1,11
E13_5-S1#CGAACGCCGATCTTAC-1,1
E13_5-S1#CGAACGCCGCCGCAAC-1,1
E13_5-S1#CGAACGCCGCGTTGGA-1,1
E13_5-S1#CGAACGCCGCTAACTT-1,1
E13_5-S1#CGAACGCCGGTATGCT-1,1
E13_5-S1#CGAACGCCTCCGGCCT-1,11
E13_5-S1#CGAACGCCTCCTACCA-1,1
E13_5-S1#CGAACGCCTCTGATAC-1,11
E13_5-S1#CGAACGCCTGAGTCTG-1,0
E13_5-S1#CGAACGCCTGCGGACC-1,1
E13_5-S1#CGACGCGAAAGAAGCT-1,9
E13_5-S1#CGACGCGAAATTAAGA-1,0
E13_5-S1#CGACGCGAACGGAGGC-1,0
E13_5-S1#CGACGCGAACTATGCA-1,0
E13_5-S1#CGACGCGAACTCAATA-1,0
E13_5-S1#CGACGCGAAGAACGTC-1,1
E13_5-S1#CGACGCGAAGAGAAGG-1,9
E13_5-S1#CGACGCGAAGAGCTAT-1,0
E13_5-S1#CGACGCGAATCATATT-1,0
E13_5-S1#CGACGCGACATACTCC-1,9
E13_5-S1#CGACGCGACCGAGAAT-1,0
E13_5-S1#CGACGCGACGACGCGA-1,0
E13_5-S1#CGACGCGACTAAGAGA-1,0
E13_5-S1#CGACGCGACTGATGGT-1,0
E13_5-S1#CGACGCGACTTGCGCC-1,1
E13_5-S1#CGACGCGAGAAGATCG-1,9
E13_5-S1#CGACGCGAGACCTTGA-1,9
E13_5-S1#CGACGCGAGATACGGA-1,0
E13_5-S1#CGACGCGAGATCTTAC-1,0
E13_5-S1#CGACGCGAGCAGGTCC-1,1
E13_5-S1#CGACGCGAGCCATTCT-1,0
E13_5-S1#CGACGCGAGCCGCAAC-1,0
E13_5-S1#CGACGCGAGCGTTGGA-1,0
E13_5-S1#CGACGCGAGGTACTGC-1,1
E13_5-S1#CGACGCGATAGAATTA-1,0
E13_5-S1#CGACGCGATAGAGTAA-1,1
E13_5-S1#CGACGCGATAGATCTA-1,0
E13_5-S1#CGACGCGATCCGGCCT-1,9
E13_5-S1#CGACGCGATCCTACCA-1,0
E13_5-S1#CGACGCGATCGGCCTT-1,1
E13_5-S1#CGACGCGATCTGATAC-1,7
E13_5-S1#CGACGCGATGAGTCTG-1,0
E13_5-S1#CGACGCGATGCCGGCA-1,0
E13_5-S1#CGACGCGATGCGGACC-1,0
E13_5-S1#CGACGCGATGGTCAGC-1,7
E13_5-S1#CGACGCGATTATCCGG-1,0
E13_5-S1#CGACGCGATTATTCAT-1,0
E13_5-S1#CGACGCGATTGACTTC-1,0
E13_5-S1#CTAAGAGAAACCTGCG-1,9
E13_5-S1#CTAAGAGAAAGAAGCT-1,11
E13_5-S1#CTAAGAGAAATTAAGA-1,1
E13_5-S1#CTAAGAGAACGGAGGC-1,0
E13_5-S1#CTAAGAGAACTATGCA-1,7
E13_5-S1#CTAAGAGAACTCAATA-1,1
E13_5-S1#CTAAGAGAACTTAACC-1,1
E13_5-S1#CTAAGAGAAGAGAAGG-1,7
E13_5-S1#CTAAGAGAAGAGCTAT-1,1
E13_5-S1#CTAAGAGAATCATATT-1,7
E13_5-S1#CTAAGAGACAACCGCT-1,1
E13_5-S1#CTAAGAGACATACTCC-1,7
E13_5-S1#CTAAGAGACCAGTTCC-1,1
E13_5-S1#CTAAGAGACCGAGAAT-1,0
E13_5-S1#CTAAGAGACGACGCGA-1,7
E13_5-S1#CTAAGAGACTAAGAGA-1,1
E13_5-S1#CTAAGAGACTGATGGT-1,0
E13_5-S1#CTAAGAGAGAAGATCG-1,11
E13_5-S1#CTAAGAGAGACCTTGA-1,1
E13_5-S1#CTAAGAGAGATACGGA-1,7
E13_5-S1#CTAAGAGAGATCTTAC-1,0
E13_5-S1#CTAAGAGAGCCATTCT-1,1
E13_5-S1#CTAAGAGAGCCGCAAC-1,0
E13_5-S1#CTAAGAGAGCGTTGGA-1,0
E13_5-S1#CTAAGAGAGCTAACTT-1,7
E13_5-S1#CTAAGAGAGGTATGCT-1,7
E13_5-S1#CTAAGAGATAGAATTA-1,1
E13_5-S1#CTAAGAGATAGAGTAA-1,1
E13_5-S1#CTAAGAGATAGATCTA-1,0
E13_5-S1#CTAAGAGATCCGGCCT-1,11
E13_5-S1#CTAAGAGATCCTACCA-1,0
E13_5-S1#CTAAGAGATCTGATAC-1,7
E13_5-S1#CTAAGAGATGAGTCTG-1,0
E13_5-S1#CTAAGAGATGCCGGCA-1,0
E13_5-S1#CTAAGAGATGCGGACC-1,0
E13_5-S1#CTAAGAGATGGTCAGC-1,7
E13_5-S1#CTAAGAGATTACCGAG-1,7
E13_5-S1#CTAAGAGATTATCCGG-1,7
E13_5-S1#CTAAGAGATTATTCAT-1,1
E13_5-S1#CTAAGAGATTGACTTC-1,1
E13_5-S1#CTGATGGTAACCTGCG-1,9
E13_5-S1#CTGATGGTAAGAAGCT-1,7
E13_5-S1#CTGATGGTAATTAAGA-1,0
E13_5-S1#CTGATGGTACCGCCAA-1,1
E13_5-S1#CTGATGGTACGGAGGC-1,1
E13_5-S1#CTGATGGTACTATGCA-1,0
E13_5-S1#CTGATGGTACTCAATA-1,1
E13_5-S1#CTGATGGTACTTAACC-1,1
E13_5-S1#CTGATGGTAGAACGTC-1,10
E13_5-S1#CTGATGGTAGAGAAGG-1,0
E13_5-S1#CTGATGGTAGAGCTAT-1,1
E13_5-S1#CTGATGGTATCATATT-1,0
E13_5-S1#CTGATGGTCAACCGCT-1,10
E13_5-S1#CTGATGGTCATACTCC-1,0
E13_5-S1#CTGATGGTCCAGTTCC-1,1
E13_5-S1#CTGATGGTCCGAGAAT-1,0
E13_5-S1#CTGATGGTCCGATTCC-1,9
E13_5-S1#CTGATGGTCGACGCGA-1,0
E13_5-S1#CTGATGGTCTAAGAGA-1,1
E13_5-S1#CTGATGGTCTGATGGT-1,0
E13_5-S1#CTGATGGTCTTGCGCC-1,3
E13_5-S1#CTGATGGTGAAGATCG-1,7
E13_5-S1#CTGATGGTGACCTTGA-1,10
E13_5-S1#CTGATGGTGATACGGA-1,7
E13_5-S1#CTGATGGTGATCTTAC-1,0
E13_5-S1#CTGATGGTGCAGGTCC-1,10
E13_5-S1#CTGATGGTGCCATTCT-1,10
E13_5-S1#CTGATGGTGCCGCAAC-1,0
E13_5-S1#CTGATGGTGCGTTGGA-1,1
E13_5-S1#CTGATGGTGCTAACTT-1,0
E13_5-S1#CTGATGGTGGTACTGC-1,3
E13_5-S1#CTGATGGTGGTATGCT-1,0
E13_5-S1#CTGATGGTTAGAATTA-1,10
E13_5-S1#CTGATGGTTAGAGTAA-1,10
E13_5-S1#CTGATGGTTAGATCTA-1,0
E13_5-S1#CTGATGGTTCCGGCCT-1,0
E13_5-S1#CTGATGGTTCCTACCA-1,1
E13_5-S1#CTGATGGTTCGGCCTT-1,10
E13_5-S1#CTGATGGTTCTGATAC-1,7
E13_5-S1#CTGATGGTTGAGTCTG-1,0
E13_5-S1#CTGATGGTTGCCGGCA-1,0
E13_5-S1#CTGATGGTTGCGGACC-1,1
E13_5-S1#CTGATGGTTGGTCAGC-1,0
E13_5-S1#CTGATGGTTTACCGAG-1,0
E13_5-S1#CTGATGGTTTATCCGG-1,0
E13_5-S1#CTGATGGTTTATTCAT-1,0
E13_5-S1#CTGATGGTTTGACTTC-1,1
E13_5-S1#CTTGCGCCAACCTGCG-1,9
E13_5-S1#CTTGCGCCAAGAAGCT-1,11
E13_5-S1#CTTGCGCCAATTAAGA-1,1
E13_5-S1#CTTGCGCCACTATGCA-1,1
E13_5-S1#CTTGCGCCACTCAATA-1,1
E13_5-S1#CTTGCGCCAGAACGTC-1,1
E13_5-S1#CTTGCGCCAGAGAAGG-1,11
E13_5-S1#CTTGCGCCAGAGCTAT-1,1
E13_5-S1#CTTGCGCCATCATATT-1,1
E13_5-S1#CTTGCGCCCAACCGCT-1,9
E13_5-S1#CTTGCGCCCATACTCC-1,7
E13_5-S1#CTTGCGCCCCGAGAAT-1,10
E13_5-S1#CTTGCGCCCGACGCGA-1,1
E13_5-S1#CTTGCGCCCTAAGAGA-1,0
E13_5-S1#CTTGCGCCCTGATGGT-1,1
E13_5-S1#CTTGCGCCCTTGCGCC-1,1
E13_5-S1#CTTGCGCCGAAGATCG-1,11
E13_5-S1#CTTGCGCCGACCTTGA-1,1
E13_5-S1#CTTGCGCCGATACGGA-1,1
E13_5-S1#CTTGCGCCGATCTTAC-1,1
E13_5-S1#CTTGCGCCGCAGGTCC-1,0
E13_5-S1#CTTGCGCCGCCATTCT-1,0
E13_5-S1#CTTGCGCCGCCGCAAC-1,10
E13_5-S1#CTTGCGCCGCGTTGGA-1,0
E13_5-S1#CTTGCGCCGCTAACTT-1,7
E13_5-S1#CTTGCGCCGGTACTGC-1,1
E13_5-S1#CTTGCGCCGGTATGCT-1,7
E13_5-S1#CTTGCGCCTAGAATTA-1,0
E13_5-S1#CTTGCGCCTAGAGTAA-1,7
E13_5-S1#CTTGCGCCTCCGGCCT-1,11
E13_5-S1#CTTGCGCCTCCTACCA-1,0
E13_5-S1#CTTGCGCCTCGGCCTT-1,1
E13_5-S1#CTTGCGCCTCTGATAC-1,11
E13_5-S1#CTTGCGCCTGAGTCTG-1,1
E13_5-S1#CTTGCGCCTGCCGGCA-1,1
E13_5-S1#CTTGCGCCTGCGGACC-1,1
E13_5-S1#CTTGCGCCTGGTCAGC-1,1
E13_5-S1#CTTGCGCCTTACCGAG-1,10
E13_5-S1#CTTGCGCCTTATCCGG-1,7
E13_5-S1#CTTGCGCCTTATTCAT-1,1
E13_5-S1#CTTGCGCCTTGACTTC-1,1
E13_5-S1#GAAGATCGAATTAAGA-1,0
E13_5-S1#GAAGATCGACGGAGGC-1,0
E13_5-S1#GAAGATCGACTCAATA-1,0
E13_5-S1#GAAGATCGAGAGCTAT-1,0
E13_5-S1#GAAGATCGCCGAGAAT-1,0
E13_5-S1#GAAGATCGCGACGCGA-1,9
E13_5-S1#GAAGATCGCTAAGAGA-1,0
E13_5-S1#GAAGATCGCTGATGGT-1,0
E13_5-S1#GAAGATCGGATACGGA-1,9
E13_5-S1#GAAGATCGGATCTTAC-1,0
E13_5-S1#GAAGATCGGCCATTCT-1,9
E13_5-S1#GAAGATCGGCCGCAAC-1,0
E13_5-S1#GAAGATCGGCGTTGGA-1,0
E13_5-S1#GAAGATCGTAGATCTA-1,0
E13_5-S1#GAAGATCGTCCTACCA-1,0
E13_5-S1#GAAGATCGTGAGTCTG-1,0
E13_5-S1#GAAGATCGTGCGGACC-1,0
E13_5-S1#GAAGATCGTTATTCAT-1,0
E13_5-S1#GAAGATCGTTGACTTC-1,0
E13_5-S1#GACCTTGAAACCTGCG-1,9
E13_5-S1#GACCTTGAAAGAAGCT-1,11
E13_5-S1#GACCTTGAACGGAGGC-1,1
E13_5-S1#GACCTTGAACTATGCA-1,1
E13_5-S1#GACCTTGAACTCAATA-1,0
E13_5-S1#GACCTTGAAGAACGTC-1,1
E13_5-S1#GACCTTGAAGAGAAGG-1,11
E13_5-S1#GACCTTGAAGAGCTAT-1,7
E13_5-S1#GACCTTGAATCATATT-1,1
E13_5-S1#GACCTTGACATACTCC-1,11
E13_5-S1#GACCTTGACCGAGAAT-1,1
E13_5-S1#GACCTTGACGACGCGA-1,1
E13_5-S1#GACCTTGACTAAGAGA-1,0
E13_5-S1#GACCTTGACTGATGGT-1,1
E13_5-S1#GACCTTGACTTGCGCC-1,1
E13_5-S1#GACCTTGAGAAGATCG-1,11
E13_5-S1#GACCTTGAGATACGGA-1,1
E13_5-S1#GACCTTGAGATCTTAC-1,1
E13_5-S1#GACCTTGAGCAGGTCC-1,9
E13_5-S1#GACCTTGAGCCATTCT-1,1
E13_5-S1#GACCTTGAGCCGCAAC-1,1
E13_5-S1#GACCTTGAGCGTTGGA-1,1
E13_5-S1#GACCTTGAGCTAACTT-1,7
E13_5-S1#GACCTTGAGGTACTGC-1,1
E13_5-S1#GACCTTGAGGTATGCT-1,7
E13_5-S1#GACCTTGATAGAATTA-1,1
E13_5-S1#GACCTTGATAGAGTAA-1,9
E13_5-S1#GACCTTGATCCGGCCT-1,11
E13_5-S1#GACCTTGATCCTACCA-1,0
E13_5-S1#GACCTTGATCGGCCTT-1,1
E13_5-S1#GACCTTGATCTGATAC-1,11
E13_5-S1#GACCTTGATGAGTCTG-1,1
E13_5-S1#GACCTTGATGCGGACC-1,1
E13_5-S1#GACCTTGATGGTCAGC-1,1
E13_5-S1#GACCTTGATTATCCGG-1,7
E13_5-S1#GACCTTGATTGACTTC-1,0
E13_5-S1#GATACGGAAAGAAGCT-1,9
E13_5-S1#GATACGGAAATTAAGA-1,0
E13_5-S1#GATACGGAACGGAGGC-1,0
E13_5-S1#GATACGGAACTATGCA-1,7
E13_5-S1#GATACGGAACTCAATA-1,0
E13_5-S1#GATACGGAAGAACGTC-1,1
E13_5-S1#GATACGGAAGAGCTAT-1,0
E13_5-S1#GATACGGACCGAGAAT-1,0
E13_5-S1#GATACGGACGACGCGA-1,0
E13_5-S1#GATACGGACTAAGAGA-1,0
E13_5-S1#GATACGGACTGATGGT-1,0
E13_5-S1#GATACGGACTTGCGCC-1,1
E13_5-S1#GATACGGAGATACGGA-1,0
E13_5-S1#GATACGGAGATCTTAC-1,0
E13_5-S1#GATACGGAGCAGGTCC-1,9
E13_5-S1#GATACGGAGCCATTCT-1,0
E13_5-S1#GATACGGAGCCGCAAC-1,0
E13_5-S1#GATACGGAGCGTTGGA-1,0
E13_5-S1#GATACGGAGGTACTGC-1,0
E13_5-S1#GATACGGATAGAATTA-1,1
E13_5-S1#GATACGGATAGAGTAA-1,9
E13_5-S1#GATACGGATAGATCTA-1,0
E13_5-S1#GATACGGATCCGGCCT-1,9
E13_5-S1#GATACGGATCCTACCA-1,0
E13_5-S1#GATACGGATCGGCCTT-1,1
E13_5-S1#GATACGGATCTGATAC-1,9
E13_5-S1#GATACGGATGAGTCTG-1,0
E13_5-S1#GATACGGATGCCGGCA-1,7
E13_5-S1#GATACGGATGCGGACC-1,0
E13_5-S1#GATACGGATGGTCAGC-1,7
E13_5-S1#GATACGGATTATCCGG-1,7
E13_5-S1#GATACGGATTATTCAT-1,0
E13_5-S1#GATACGGATTGACTTC-1,0
E13_5-S1#GATCTTACAACCTGCG-1,9
E13_5-S1#GATCTTACAAGAAGCT-1,7
E13_5-S1#GATCTTACAATTAAGA-1,0
E13_5-S1#GATCTTACACCGCCAA-1,9
E13_5-S1#GATCTTACACGGAGGC-1,1
E13_5-S1#GATCTTACACTATGCA-1,0
E13_5-S1#GATCTTACACTCAATA-1,1
E13_5-S1#GATCTTACACTTAACC-1,1
E13_5-S1#GATCTTACAGAACGTC-1,10
E13_5-S1#GATCTTACAGAGAAGG-1,0
E13_5-S1#GATCTTACAGAGCTAT-1,1
E13_5-S1#GATCTTACATCATATT-1,0
E13_5-S1#GATCTTACCAACCGCT-1,10
E13_5-S1#GATCTTACCATACTCC-1,0
E13_5-S1#GATCTTACCCAGTTCC-1,1
E13_5-S1#GATCTTACCCGAGAAT-1,0
E13_5-S1#GATCTTACCGACGCGA-1,0
E13_5-S1#GATCTTACCTAAGAGA-1,1
E13_5-S1#GATCTTACCTGATGGT-1,0
E13_5-S1#GATCTTACCTTGCGCC-1,10
E13_5-S1#GATCTTACGAAGATCG-1,7
E13_5-S1#GATCTTACGACCTTGA-1,10
E13_5-S1#GATCTTACGATACGGA-1,0
E13_5-S1#GATCTTACGATCTTAC-1,0
E13_5-S1#GATCTTACGCCATTCT-1,10
E13_5-S1#GATCTTACGCCGCAAC-1,0
E13_5-S1#GATCTTACGCGTTGGA-1,0
E13_5-S1#GATCTTACGCTAACTT-1,0
E13_5-S1#GATCTTACGGTACTGC-1,3
E13_5-S1#GATCTTACGGTATGCT-1,0
E13_5-S1#GATCTTACTAGAATTA-1,10
E13_5-S1#GATCTTACTAGAGTAA-1,10
E13_5-S1#GATCTTACTAGATCTA-1,0
E13_5-S1#GATCTTACTCCGGCCT-1,0
E13_5-S1#GATCTTACTCCTACCA-1,1
E13_5-S1#GATCTTACTCGGCCTT-1,1
E13_5-S1#GATCTTACTCTGATAC-1,7
E13_5-S1#GATCTTACTGAGTCTG-1,0
E13_5-S1#GATCTTACTGCCGGCA-1,0
E13_5-S1#GATCTTACTGCGGACC-1,1
E13_5-S1#GATCTTACTGGTCAGC-1,0
E13_5-S1#GATCTTACTTACCGAG-1,0
E13_5-S1#GATCTTACTTATCCGG-1,0
E13_5-S1#GATCTTACTTATTCAT-1,0
E13_5-S1#GATCTTACTTGACTTC-1,1
E13_5-S1#GCAGGTCCAACCTGCG-1,9
E13_5-S1#GCAGGTCCAAGAAGCT-1,11
E13_5-S1#GCAGGTCCACTATGCA-1,1
E13_5-S1#GCAGGTCCACTCAATA-1,0
E13_5-S1#GCAGGTCCAGAACGTC-1,1
E13_5-S1#GCAGGTCCAGAGAAGG-1,11
E13_5-S1#GCAGGTCCAGAGCTAT-1,0
E13_5-S1#GCAGGTCCATCATATT-1,1
E13_5-S1#GCAGGTCCCATACTCC-1,7
E13_5-S1#GCAGGTCCCCGAGAAT-1,1
E13_5-S1#GCAGGTCCCGACGCGA-1,1
E13_5-S1#GCAGGTCCCTAAGAGA-1,0
E13_5-S1#GCAGGTCCCTGATGGT-1,1
E13_5-S1#GCAGGTCCCTTGCGCC-1,1
E13_5-S1#GCAGGTCCGAAGATCG-1,11
E13_5-S1#GCAGGTCCGATACGGA-1,1
E13_5-S1#GCAGGTCCGATCTTAC-1,1
E13_5-S1#GCAGGTCCGCAGGTCC-1,1
E13_5-S1#GCAGGTCCGCCATTCT-1,1
E13_5-S1#GCAGGTCCGCCGCAAC-1,1
E13_5-S1#GCAGGTCCGCGTTGGA-1,1
E13_5-S1#GCAGGTCCGCTAACTT-1,7
E13_5-S1#GCAGGTCCGGTACTGC-1,0
E13_5-S1#GCAGGTCCGGTATGCT-1,7
E13_5-S1#GCAGGTCCTAGAATTA-1,1
E13_5-S1#GCAGGTCCTAGAGTAA-1,1
E13_5-S1#GCAGGTCCTCCGGCCT-1,11
E13_5-S1#GCAGGTCCTCCTACCA-1,0
E13_5-S1#GCAGGTCCTCGGCCTT-1,0
E13_5-S1#GCAGGTCCTCTGATAC-1,11
E13_5-S1#GCAGGTCCTGAGTCTG-1,1
E13_5-S1#GCAGGTCCTGCCGGCA-1,1
E13_5-S1#GCAGGTCCTGGTCAGC-1,1
E13_5-S1#GCAGGTCCTTACCGAG-1,1
E13_5-S1#GCAGGTCCTTATCCGG-1,13
E13_5-S1#GCAGGTCCTTGACTTC-1,1
E13_5-S1#GCCATTCTAACCTGCG-1,9
E13_5-S1#GCCATTCTAAGAAGCT-1,11
E13_5-S1#GCCATTCTAATTAAGA-1,1
E13_5-S1#GCCATTCTACGGAGGC-1,1
E13_5-S1#GCCATTCTACTATGCA-1,7
E13_5-S1#GCCATTCTACTCAATA-1,1
E13_5-S1#GCCATTCTACTTAACC-1,1
E13_5-S1#GCCATTCTAGAACGTC-1,1
E13_5-S1#GCCATTCTAGAGAAGG-1,11
E13_5-S1#GCCATTCTAGAGCTAT-1,1
E13_5-S1#GCCATTCTATCATATT-1,1
E13_5-S1#GCCATTCTCAACCGCT-1,1
E13_5-S1#GCCATTCTCATACTCC-1,7
E13_5-S1#GCCATTCTCCGAGAAT-1,0
E13_5-S1#GCCATTCTCGACGCGA-1,7
E13_5-S1#GCCATTCTCTAAGAGA-1,1
E13_5-S1#GCCATTCTCTGATGGT-1,0
E13_5-S1#GCCATTCTCTTGCGCC-1,1
E13_5-S1#GCCATTCTGAAGATCG-1,11
E13_5-S1#GCCATTCTGACCTTGA-1,1
E13_5-S1#GCCATTCTGATACGGA-1,7
E13_5-S1#GCCATTCTGATCTTAC-1,1
E13_5-S1#GCCATTCTGCAGGTCC-1,1
E13_5-S1#GCCATTCTGCCATTCT-1,1
E13_5-S1#GCCATTCTGCCGCAAC-1,1
E13_5-S1#GCCATTCTGCGTTGGA-1,1
E13_5-S1#GCCATTCTGCTAACTT-1,7
E13_5-S1#GCCATTCTGGTACTGC-1,1
E13_5-S1#GCCATTCTGGTATGCT-1,7
E13_5-S1#GCCATTCTTAGAATTA-1,1
E13_5-S1#GCCATTCTTAGAGTAA-1,1
E13_5-S1#GCCATTCTTAGATCTA-1,1
E13_5-S1#GCCATTCTTCCGGCCT-1,11
E13_5-S1#GCCATTCTTCCTACCA-1,1
E13_5-S1#GCCATTCTTCGGCCTT-1,1
E13_5-S1#GCCATTCTTCTGATAC-1,11
E13_5-S1#GCCATTCTTGAGTCTG-1,1
E13_5-S1#GCCATTCTTGCCGGCA-1,1
E13_5-S1#GCCATTCTTGCGGACC-1,1
E13_5-S1#GCCATTCTTGGTCAGC-1,7
E13_5-S1#GCCATTCTTTACCGAG-1,1
E13_5-S1#GCCATTCTTTATCCGG-1,7
E13_5-S1#GCCATTCTTTATTCAT-1,1
E13_5-S1#GCCATTCTTTGACTTC-1,1
E13_5-S1#GCCGCAACAACCTGCG-1,9
E13_5-S1#GCCGCAACAAGAAGCT-1,7
E13_5-S1#GCCGCAACAATTAAGA-1,0
E13_5-S1#GCCGCAACACCGCCAA-1,1
E13_5-S1#GCCGCAACACGGAGGC-1,0
E13_5-S1#GCCGCAACACTATGCA-1,7
E13_5-S1#GCCGCAACACTCAATA-1,1
E13_5-S1#GCCGCAACACTTAACC-1,10
E13_5-S1#GCCGCAACAGAACGTC-1,10
E13_5-S1#GCCGCAACAGAGAAGG-1,0
E13_5-S1#GCCGCAACAGAGCTAT-1,1
E13_5-S1#GCCGCAACATCATATT-1,0
E13_5-S1#GCCGCAACCAACCGCT-1,10
E13_5-S1#GCCGCAACCATACTCC-1,0
E13_5-S1#GCCGCAACCCAGTTCC-1,1
E13_5-S1#GCCGCAACCCGAGAAT-1,0
E13_5-S1#GCCGCAACCCGATTCC-1,9
E13_5-S1#GCCGCAACCGACGCGA-1,12
E13_5-S1#GCCGCAACCTAAGAGA-1,1
E13_5-S1#GCCGCAACCTGATGGT-1,0
E13_5-S1#GCCGCAACCTTGCGCC-1,3
E13_5-S1#GCCGCAACGAAGATCG-1,7
E13_5-S1#GCCGCAACGACCTTGA-1,3
E13_5-S1#GCCGCAACGATACGGA-1,12
E13_5-S1#GCCGCAACGATCTTAC-1,0
E13_5-S1#GCCGCAACGCAGGTCC-1,10
E13_5-S1#GCCGCAACGCCATTCT-1,10
E13_5-S1#GCCGCAACGCCGCAAC-1,0
E13_5-S1#GCCGCAACGCGTTGGA-1,0
E13_5-S1#GCCGCAACGCTAACTT-1,0
E13_5-S1#GCCGCAACGGTACTGC-1,10
E13_5-S1#GCCGCAACGGTATGCT-1,7
E13_5-S1#GCCGCAACTAGAATTA-1,3
E13_5-S1#GCCGCAACTAGAGTAA-1,3
E13_5-S1#GCCGCAACTAGATCTA-1,0
E13_5-S1#GCCGCAACTCCGGCCT-1,7
E13_5-S1#GCCGCAACTCCTACCA-1,0
E13_5-S1#GCCGCAACTCGGCCTT-1,3
E13_5-S1#GCCGCAACTCTGATAC-1,7
E13_5-S1#GCCGCAACTGAGTCTG-1,0
E13_5-S1#GCCGCAACTGCCGGCA-1,0
E13_5-S1#GCCGCAACTGCGGACC-1,0
E13_5-S1#GCCGCAACTGGTCAGC-1,12
E13_5-S1#GCCGCAACTTACCGAG-1,0
E13_5-S1#GCCGCAACTTATCCGG-1,7
E13_5-S1#GCCGCAACTTATTCAT-1,0
E13_5-S1#GCCGCAACTTGACTTC-1,1
E13_5-S1#GCGTTGGAAACCTGCG-1,9
E13_5-S1#GCGTTGGAAAGAAGCT-1,7
E13_5-S1#GCGTTGGAAATTAAGA-1,0
E13_5-S1#GCGTTGGAACCGCCAA-1,9
E13_5-S1#GCGTTGGAACGGAGGC-1,0
E13_5-S1#GCGTTGGAACTATGCA-1,7
E13_5-S1#GCGTTGGAACTCAATA-1,1
E13_5-S1#GCGTTGGAACTTAACC-1,1
E13_5-S1#GCGTTGGAAGAACGTC-1,1
E13_5-S1#GCGTTGGAAGAGAAGG-1,0
E13_5-S1#GCGTTGGAAGAGCTAT-1,1
E13_5-S1#GCGTTGGAATCATATT-1,0
E13_5-S1#GCGTTGGACAACCGCT-1,10
E13_5-S1#GCGTTGGACATACTCC-1,0
E13_5-S1#GCGTTGGACCAGTTCC-1,1
E13_5-S1#GCGTTGGACCGAGAAT-1,0
E13_5-S1#GCGTTGGACGACGCGA-1,7
E13_5-S1#GCGTTGGACTAAGAGA-1,1
E13_5-S1#GCGTTGGACTGATGGT-1,0
E13_5-S1#GCGTTGGACTTGCGCC-1,1
E13_5-S1#GCGTTGGAGAAGATCG-1,9
E13_5-S1#GCGTTGGAGACCTTGA-1,10
E13_5-S1#GCGTTGGAGATACGGA-1,0
E13_5-S1#GCGTTGGAGATCTTAC-1,0
E13_5-S1#GCGTTGGAGCCATTCT-1,1
E13_5-S1#GCGTTGGAGCCGCAAC-1,0
E13_5-S1#GCGTTGGAGCGTTGGA-1,0
E13_5-S1#GCGTTGGAGCTAACTT-1,0
E13_5-S1#GCGTTGGAGGTACTGC-1,1
E13_5-S1#GCGTTGGAGGTATGCT-1,0
E13_5-S1#GCGTTGGATAGAATTA-1,1
E13_5-S1#GCGTTGGATAGAGTAA-1,10
E13_5-S1#GCGTTGGATAGATCTA-1,0
E13_5-S1#GCGTTGGATCCGGCCT-1,7
E13_5-S1#GCGTTGGATCCTACCA-1,0
E13_5-S1#GCGTTGGATCTGATAC-1,7
E13_5-S1#GCGTTGGATGAGTCTG-1,0
E13_5-S1#GCGTTGGATGCCGGCA-1,0
E13_5-S1#GCGTTGGATGCGGACC-1,0
E13_5-S1#GCGTTGGATGGTCAGC-1,7
E13_5-S1#GCGTTGGATTACCGAG-1,0
E13_5-S1#GCGTTGGATTATCCGG-1,0
E13_5-S1#GCGTTGGATTATTCAT-1,0
E13_5-S1#GCGTTGGATTGACTTC-1,1
E13_5-S1#GCTAACTTAATTAAGA-1,0
E13_5-S1#GCTAACTTACGGAGGC-1,0
E13_5-S1#GCTAACTTATCATATT-1,9
E13_5-S1#GCTAACTTCCGAGAAT-1,0
E13_5-S1#GCTAACTTCTGATGGT-1,0
E13_5-S1#GCTAACTTGATCTTAC-1,0
E13_5-S1#GCTAACTTGCCGCAAC-1,0
E13_5-S1#GCTAACTTGCGTTGGA-1,0
E13_5-S1#GCTAACTTTAGATCTA-1,0
E13_5-S1#GCTAACTTTCCTACCA-1,9
E13_5-S1#GCTAACTTTGAGTCTG-1,0
E13_5-S1#GCTAACTTTGCCGGCA-1,7
E13_5-S1#GCTAACTTTGCGGACC-1,0
E13_5-S1#GCTAACTTTGGTCAGC-1,9
E13_5-S1#GCTAACTTTTACCGAG-1,7
E13_5-S1#GCTAACTTTTATTCAT-1,0
E13_5-S1#GGCTGAGCAACCTGCG-1,1
E13_5-S1#GGCTGAGCAAGAAGCT-1,11
E13_5-S1#GGCTGAGCAATTAAGA-1,9
E13_5-S1#GGCTGAGCACGGAGGC-1,0
E13_5-S1#GGCTGAGCACTCAATA-1,10
E13_5-S1#GGCTGAGCAGAGAAGG-1,11
E13_5-S1#GGCTGAGCAGAGCTAT-1,1
E13_5-S1#GGCTGAGCCATACTCC-1,1
E13_5-S1#GGCTGAGCCCGAGAAT-1,0
E13_5-S1#GGCTGAGCCTAAGAGA-1,10
E13_5-S1#GGCTGAGCCTGATGGT-1,1
E13_5-S1#GGCTGAGCGAAGATCG-1,6
E13_5-S1#GGCTGAGCGATCTTAC-1,1
E13_5-S1#GGCTGAGCGCCATTCT-1,9
E13_5-S1#GGCTGAGCGCCGCAAC-1,1
E13_5-S1#GGCTGAGCGCGTTGGA-1,10
E13_5-S1#GGCTGAGCGCTAACTT-1,1
E13_5-S1#GGCTGAGCGGTATGCT-1,1
E13_5-S1#GGCTGAGCTAGATCTA-1,1
E13_5-S1#GGCTGAGCTCCGGCCT-1,11
E13_5-S1#GGCTGAGCTCCTACCA-1,10
E13_5-S1#GGCTGAGCTCTGATAC-1,11
E13_5-S1#GGCTGAGCTGAGTCTG-1,1
E13_5-S1#GGCTGAGCTGCGGACC-1,0
E13_5-S1#GGCTGAGCTTATTCAT-1,9
E13_5-S1#GGCTGAGCTTGACTTC-1,1
E13_5-S1#GGTACTGCAACCTGCG-1,9
E13_5-S1#GGTACTGCAAGAAGCT-1,11
E13_5-S1#GGTACTGCAATTAAGA-1,1
E13_5-S1#GGTACTGCACGGAGGC-1,1
E13_5-S1#GGTACTGCACTATGCA-1,1
E13_5-S1#GGTACTGCACTCAATA-1,1
E13_5-S1#GGTACTGCAGAACGTC-1,1
E13_5-S1#GGTACTGCAGAGAAGG-1,11
E13_5-S1#GGTACTGCAGAGCTAT-1,0
E13_5-S1#GGTACTGCATCATATT-1,1
E13_5-S1#GGTACTGCCAACCGCT-1,9
E13_5-S1#GGTACTGCCATACTCC-1,7
E13_5-S1#GGTACTGCCCGAGAAT-1,1
E13_5-S1#GGTACTGCCGACGCGA-1,8
E13_5-S1#GGTACTGCCTAAGAGA-1,7
E13_5-S1#GGTACTGCCTGATGGT-1,1
E13_5-S1#GGTACTGCCTTGCGCC-1,1
E13_5-S1#GGTACTGCGAAGATCG-1,11
E13_5-S1#GGTACTGCGACCTTGA-1,1
E13_5-S1#GGTACTGCGATACGGA-1,1
E13_5-S1#GGTACTGCGATCTTAC-1,1
E13_5-S1#GGTACTGCGCAGGTCC-1,1
E13_5-S1#GGTACTGCGCCATTCT-1,1
E13_5-S1#GGTACTGCGCCGCAAC-1,10
E13_5-S1#GGTACTGCGCGTTGGA-1,1
E13_5-S1#GGTACTGCGCTAACTT-1,7
E13_5-S1#GGTACTGCGGTACTGC-1,1
E13_5-S1#GGTACTGCGGTATGCT-1,7
E13_5-S1#GGTACTGCTAGAATTA-1,1
E13_5-S1#GGTACTGCTAGAGTAA-1,1
E13_5-S1#GGTACTGCTAGATCTA-1,1
E13_5-S1#GGTACTGCTCCGGCCT-1,11
E13_5-S1#GGTACTGCTCCTACCA-1,0
E13_5-S1#GGTACTGCTCGGCCTT-1,1
E13_5-S1#GGTACTGCTCTGATAC-1,11
E13_5-S1#GGTACTGCTGAGTCTG-1,1
E13_5-S1#GGTACTGCTGCCGGCA-1,1
E13_5-S1#GGTACTGCTGCGGACC-1,1
E13_5-S1#GGTACTGCTGGTCAGC-1,1
E13_5-S1#GGTACTGCTTACCGAG-1,1
E13_5-S1#GGTACTGCTTATCCGG-1,7
E13_5-S1#GGTACTGCTTATTCAT-1,1
E13_5-S1#GGTACTGCTTGACTTC-1,1
E13_5-S1#GGTATGCTAATTAAGA-1,0
E13_5-S1#GGTATGCTACGGAGGC-1,0
E13_5-S1#GGTATGCTATCATATT-1,9
E13_5-S1#GGTATGCTCCGAGAAT-1,0
E13_5-S1#GGTATGCTCTGATGGT-1,0
E13_5-S1#GGTATGCTGATCTTAC-1,0
E13_5-S1#GGTATGCTGCCGCAAC-1,0
E13_5-S1#GGTATGCTGCGTTGGA-1,9
E13_5-S1#GGTATGCTTAGATCTA-1,0
E13_5-S1#GGTATGCTTCCTACCA-1,9
E13_5-S1#GGTATGCTTGAGTCTG-1,7
E13_5-S1#GGTATGCTTGCCGGCA-1,9
E13_5-S1#GGTATGCTTGCGGACC-1,7
E13_5-S1#GGTATGCTTTACCGAG-1,9
E13_5-S1#GGTATGCTTTATTCAT-1,7
E13_5-S1#TAGAATTAAACCTGCG-1,9
E13_5-S1#TAGAATTAAAGAAGCT-1,11
E13_5-S1#TAGAATTAAATTAAGA-1,1
E13_5-S1#TAGAATTAACGGAGGC-1,1
E13_5-S1#TAGAATTAACTATGCA-1,7
E13_5-S1#TAGAATTAACTCAATA-1,1
E13_5-S1#TAGAATTAAGAACGTC-1,1
E13_5-S1#TAGAATTAAGAGAAGG-1,7
E13_5-S1#TAGAATTAAGAGCTAT-1,1
E13_5-S1#TAGAATTAATCATATT-1,1
E13_5-S1#TAGAATTACAACCGCT-1,0
E13_5-S1#TAGAATTACATACTCC-1,7
E13_5-S1#TAGAATTACCGAGAAT-1,0
E13_5-S1#TAGAATTACGACGCGA-1,0
E13_5-S1#TAGAATTACTAAGAGA-1,1
E13_5-S1#TAGAATTACTGATGGT-1,1
E13_5-S1#TAGAATTACTTGCGCC-1,1
E13_5-S1#TAGAATTAGAAGATCG-1,11
E13_5-S1#TAGAATTAGACCTTGA-1,1
E13_5-S1#TAGAATTAGATACGGA-1,7
E13_5-S1#TAGAATTAGATCTTAC-1,1
E13_5-S1#TAGAATTAGCAGGTCC-1,1
E13_5-S1#TAGAATTAGCCATTCT-1,1
E13_5-S1#TAGAATTAGCCGCAAC-1,1
E13_5-S1#TAGAATTAGCGTTGGA-1,1
E13_5-S1#TAGAATTAGCTAACTT-1,7
E13_5-S1#TAGAATTAGGTACTGC-1,1
E13_5-S1#TAGAATTAGGTATGCT-1,7
E13_5-S1#TAGAATTATAGAATTA-1,1
E13_5-S1#TAGAATTATAGAGTAA-1,1
E13_5-S1#TAGAATTATAGATCTA-1,1
E13_5-S1#TAGAATTATCCGGCCT-1,11
E13_5-S1#TAGAATTATCCTACCA-1,1
E13_5-S1#TAGAATTATCGGCCTT-1,1
E13_5-S1#TAGAATTATCTGATAC-1,11
E13_5-S1#TAGAATTATGAGTCTG-1,1
E13_5-S1#TAGAATTATGCCGGCA-1,1
E13_5-S1#TAGAATTATGCGGACC-1,1
E13_5-S1#TAGAATTATGGTCAGC-1,1
E13_5-S1#TAGAATTATTACCGAG-1,1
E13_5-S1#TAGAATTATTATCCGG-1,7
E13_5-S1#TAGAATTATTATTCAT-1,1
E13_5-S1#TAGAATTATTGACTTC-1,7
E13_5-S1#TAGAGTAAAACCTGCG-1,9
E13_5-S1#TAGAGTAAAAGAAGCT-1,11
E13_5-S1#TAGAGTAAACTATGCA-1,1
E13_5-S1#TAGAGTAAACTCAATA-1,0
E13_5-S1#TAGAGTAAAGAACGTC-1,1
E13_5-S1#TAGAGTAAAGAGAAGG-1,11
E13_5-S1#TAGAGTAAAGAGCTAT-1,0
E13_5-S1#TAGAGTAAATCATATT-1,1
E13_5-S1#TAGAGTAACATACTCC-1,7
E13_5-S1#TAGAGTAACCGAGAAT-1,1
E13_5-S1#TAGAGTAACGACGCGA-1,1
E13_5-S1#TAGAGTAACTAAGAGA-1,0
E13_5-S1#TAGAGTAACTGATGGT-1,1
E13_5-S1#TAGAGTAACTTGCGCC-1,1
E13_5-S1#TAGAGTAAGAAGATCG-1,11
E13_5-S1#TAGAGTAAGATACGGA-1,1
E13_5-S1#TAGAGTAAGATCTTAC-1,1
E13_5-S1#TAGAGTAAGCAGGTCC-1,1
E13_5-S1#TAGAGTAAGCCATTCT-1,1
E13_5-S1#TAGAGTAAGCCGCAAC-1,1
E13_5-S1#TAGAGTAAGCGTTGGA-1,1
E13_5-S1#TAGAGTAAGCTAACTT-1,7
E13_5-S1#TAGAGTAAGGTACTGC-1,1
E13_5-S1#TAGAGTAAGGTATGCT-1,7
E13_5-S1#TAGAGTAATAGAATTA-1,1
E13_5-S1#TAGAGTAATAGAGTAA-1,9
E13_5-S1#TAGAGTAATCCGGCCT-1,11
E13_5-S1#TAGAGTAATCCTACCA-1,0
E13_5-S1#TAGAGTAATCGGCCTT-1,1
E13_5-S1#TAGAGTAATCTGATAC-1,11
E13_5-S1#TAGAGTAATGAGTCTG-1,1
E13_5-S1#TAGAGTAATGCGGACC-1,0
E13_5-S1#TAGAGTAATGGTCAGC-1,1
E13_5-S1#TAGAGTAATTACCGAG-1,1
E13_5-S1#TAGAGTAATTATCCGG-1,7
E13_5-S1#TAGAGTAATTGACTTC-1,1
E13_5-S1#TAGATCTAAACCTGCG-1,9
E13_5-S1#TAGATCTAAAGAAGCT-1,9
E13_5-S1#TAGATCTAAATTAAGA-1,0
E13_5-S1#TAGATCTAACCGCCAA-1,1
E13_5-S1#TAGATCTAACGGAGGC-1,0
E13_5-S1#TAGATCTAACTATGCA-1,7
E13_5-S1#TAGATCTAACTCAATA-1,1
E13_5-S1#TAGATCTAACTTAACC-1,1
E13_5-S1#TAGATCTAAGAACGTC-1,10
E13_5-S1#TAGATCTAAGAGAAGG-1,7
E13_5-S1#TAGATCTAAGAGCTAT-1,1
E13_5-S1#TAGATCTAATCATATT-1,7
E13_5-S1#TAGATCTACAACCGCT-1,3
E13_5-S1#TAGATCTACATACTCC-1,7
E13_5-S1#TAGATCTACCAGTTCC-1,1
E13_5-S1#TAGATCTACCGAGAAT-1,0
E13_5-S1#TAGATCTACCGATTCC-1,9
E13_5-S1#TAGATCTACGACGCGA-1,7
E13_5-S1#TAGATCTACTAAGAGA-1,1
E13_5-S1#TAGATCTACTGATGGT-1,0
E13_5-S1#TAGATCTACTTGCGCC-1,3
E13_5-S1#TAGATCTAGAAGATCG-1,7
E13_5-S1#TAGATCTAGACCTTGA-1,3
E13_5-S1#TAGATCTAGATACGGA-1,7
E13_5-S1#TAGATCTAGATCTTAC-1,0
E13_5-S1#TAGATCTAGCAGGTCC-1,3
E13_5-S1#TAGATCTAGCCATTCT-1,10
E13_5-S1#TAGATCTAGCCGCAAC-1,0
E13_5-S1#TAGATCTAGCGTTGGA-1,0
E13_5-S1#TAGATCTAGCTAACTT-1,7
E13_5-S1#TAGATCTAGGTACTGC-1,3
E13_5-S1#TAGATCTAGGTATGCT-1,7
E13_5-S1#TAGATCTATAGAATTA-1,10
E13_5-S1#TAGATCTATAGAGTAA-1,3
E13_5-S1#TAGATCTATAGATCTA-1,0
E13_5-S1#TAGATCTATCCGGCCT-1,9
E13_5-S1#TAGATCTATCCTACCA-1,0
E13_5-S1#TAGATCTATCGGCCTT-1,3
E13_5-S1#TAGATCTATCTGATAC-1,12
E13_5-S1#TAGATCTATGAGTCTG-1,0
E13_5-S1#TAGATCTATGCCGGCA-1,0
E13_5-S1#TAGATCTATGCGGACC-1,0
E13_5-S1#TAGATCTATGGTCAGC-1,12
E13_5-S1#TAGATCTATTACCGAG-1,0
E13_5-S1#TAGATCTATTATCCGG-1,7
E13_5-S1#TAGATCTATTATTCAT-1,0
E13_5-S1#TAGATCTATTGACTTC-1,1
E13_5-S1#TCCGGCCTAATTAAGA-1,0
E13_5-S1#TCCGGCCTACGGAGGC-1,0
E13_5-S1#TCCGGCCTACTCAATA-1,0
E13_5-S1#TCCGGCCTAGAGCTAT-1,9
E13_5-S1#TCCGGCCTATCATATT-1,9
E13_5-S1#TCCGGCCTCCGAGAAT-1,0
E13_5-S1#TCCGGCCTCTAAGAGA-1,1
E13_5-S1#TCCGGCCTCTGATGGT-1,0
E13_5-S1#TCCGGCCTGATCTTAC-1,0
E13_5-S1#TCCGGCCTGCCGCAAC-1,0
E13_5-S1#TCCGGCCTGCGTTGGA-1,0
E13_5-S1#TCCGGCCTTAGATCTA-1,0
E13_5-S1#TCCGGCCTTCCTACCA-1,0
E13_5-S1#TCCGGCCTTGAGTCTG-1,0
E13_5-S1#TCCGGCCTTGCCGGCA-1,7
E13_5-S1#TCCGGCCTTGCGGACC-1,0
E13_5-S1#TCCGGCCTTTACCGAG-1,7
E13_5-S1#TCCGGCCTTTATTCAT-1,0
E13_5-S1#TCCGGCCTTTGACTTC-1,9
E13_5-S1#TCCTACCAAACCTGCG-1,9
E13_5-S1#TCCTACCAAAGAAGCT-1,7
E13_5-S1#TCCTACCAAATTAAGA-1,0
E13_5-S1#TCCTACCAACCGCCAA-1,9
E13_5-S1#TCCTACCAACGGAGGC-1,0
E13_5-S1#TCCTACCAACTATGCA-1,7
E13_5-S1#TCCTACCAACTCAATA-1,1
E13_5-S1#TCCTACCAACTTAACC-1,1
E13_5-S1#TCCTACCAAGAGAAGG-1,0
E13_5-S1#TCCTACCAAGAGCTAT-1,1
E13_5-S1#TCCTACCAATCATATT-1,0
E13_5-S1#TCCTACCACAACCGCT-1,10
E13_5-S1#TCCTACCACATACTCC-1,0
E13_5-S1#TCCTACCACCAGTTCC-1,1
E13_5-S1#TCCTACCACCGAGAAT-1,0
E13_5-S1#TCCTACCACGACGCGA-1,7
E13_5-S1#TCCTACCACTAAGAGA-1,1
E13_5-S1#TCCTACCACTGATGGT-1,0
E13_5-S1#TCCTACCAGAAGATCG-1,7
E13_5-S1#TCCTACCAGACCTTGA-1,10
E13_5-S1#TCCTACCAGATACGGA-1,0
E13_5-S1#TCCTACCAGATCTTAC-1,0
E13_5-S1#TCCTACCAGCCATTCT-1,1
E13_5-S1#TCCTACCAGCCGCAAC-1,0
E13_5-S1#TCCTACCAGCGTTGGA-1,1
E13_5-S1#TCCTACCAGCTAACTT-1,0
E13_5-S1#TCCTACCAGGTATGCT-1,7
E13_5-S1#TCCTACCATAGAATTA-1,1
E13_5-S1#TCCTACCATAGAGTAA-1,1
E13_5-S1#TCCTACCATAGATCTA-1,1
E13_5-S1#TCCTACCATCCGGCCT-1,7
E13_5-S1#TCCTACCATCCTACCA-1,1
E13_5-S1#TCCTACCATCTGATAC-1,7
E13_5-S1#TCCTACCATGAGTCTG-1,0
E13_5-S1#TCCTACCATGCCGGCA-1,0
E13_5-S1#TCCTACCATGCGGACC-1,0
E13_5-S1#TCCTACCATGGTCAGC-1,7
E13_5-S1#TCCTACCATTACCGAG-1,0
E13_5-S1#TCCTACCATTATCCGG-1,7
E13_5-S1#TCCTACCATTATTCAT-1,0
E13_5-S1#TCCTACCATTGACTTC-1,1
E13_5-S1#TCGGCCTTAACCTGCG-1,9
E13_5-S1#TCGGCCTTAAGAAGCT-1,11
E13_5-S1#TCGGCCTTACTATGCA-1,1
E13_5-S1#TCGGCCTTACTCAATA-1,0
E13_5-S1#TCGGCCTTAGAACGTC-1,1
E13_5-S1#TCGGCCTTAGAGAAGG-1,11
E13_5-S1#TCGGCCTTAGAGCTAT-1,0
E13_5-S1#TCGGCCTTATCATATT-1,1
E13_5-S1#TCGGCCTTCATACTCC-1,7
E13_5-S1#TCGGCCTTCCGAGAAT-1,10
E13_5-S1#TCGGCCTTCGACGCGA-1,1
E13_5-S1#TCGGCCTTCTAAGAGA-1,0
E13_5-S1#TCGGCCTTCTGATGGT-1,10
E13_5-S1#TCGGCCTTCTTGCGCC-1,1
E13_5-S1#TCGGCCTTGAAGATCG-1,11
E13_5-S1#TCGGCCTTGACCTTGA-1,9
E13_5-S1#TCGGCCTTGATACGGA-1,1
E13_5-S1#TCGGCCTTGATCTTAC-1,1
E13_5-S1#TCGGCCTTGCAGGTCC-1,0
E13_5-S1#TCGGCCTTGCCATTCT-1,1
E13_5-S1#TCGGCCTTGCCGCAAC-1,10
E13_5-S1#TCGGCCTTGCGTTGGA-1,0
E13_5-S1#TCGGCCTTGCTAACTT-1,7
E13_5-S1#TCGGCCTTGGTACTGC-1,1
E13_5-S1#TCGGCCTTGGTATGCT-1,7
E13_5-S1#TCGGCCTTTAGAATTA-1,1
E13_5-S1#TCGGCCTTTAGAGTAA-1,1
E13_5-S1#TCGGCCTTTCCGGCCT-1,11
E13_5-S1#TCGGCCTTTCCTACCA-1,0
E13_5-S1#TCGGCCTTTCGGCCTT-1,7
E13_5-S1#TCGGCCTTTCTGATAC-1,11
E13_5-S1#TCGGCCTTTGAGTCTG-1,1
E13_5-S1#TCGGCCTTTGCCGGCA-1,1
E13_5-S1#TCGGCCTTTGCGGACC-1,1
E13_5-S1#TCGGCCTTTGGTCAGC-1,1
E13_5-S1#TCGGCCTTTTACCGAG-1,1
E13_5-S1#TCGGCCTTTTATCCGG-1,13
E13_5-S1#TCGGCCTTTTATTCAT-1,1
E13_5-S1#TCGGCCTTTTGACTTC-1,0
E13_5-S1#TCTGATACAATTAAGA-1,0
E13_5-S1#TCTGATACACGGAGGC-1,0
E13_5-S1#TCTGATACACTATGCA-1,9
E13_5-S1#TCTGATACACTCAATA-1,0
E13_5-S1#TCTGATACAGAGCTAT-1,0
E13_5-S1#TCTGATACCCGAGAAT-1,0
E13_5-S1#TCTGATACCGACGCGA-1,9
E13_5-S1#TCTGATACCTAAGAGA-1,0
E13_5-S1#TCTGATACCTGATGGT-1,0
E13_5-S1#TCTGATACCTTGCGCC-1,9
E13_5-S1#TCTGATACGATACGGA-1,9
E13_5-S1#TCTGATACGATCTTAC-1,0
E13_5-S1#TCTGATACGCCATTCT-1,1
E13_5-S1#TCTGATACGCCGCAAC-1,0
E13_5-S1#TCTGATACGCGTTGGA-1,0
E13_5-S1#TCTGATACGGTACTGC-1,7
E13_5-S1#TCTGATACTAGAATTA-1,1
E13_5-S1#TCTGATACTAGATCTA-1,0
E13_5-S1#TCTGATACTCCTACCA-1,0
E13_5-S1#TCTGATACTGAGTCTG-1,0
E13_5-S1#TCTGATACTGCGGACC-1,0
E13_5-S1#TCTGATACTTATCCGG-1,9
E13_5-S1#TCTGATACTTATTCAT-1,0
E13_5-S1#TCTGATACTTGACTTC-1,0
E13_5-S1#TGAGTCTGAACCTGCG-1,9
E13_5-S1#TGAGTCTGAAGAAGCT-1,12
E13_5-S1#TGAGTCTGAATTAAGA-1,0
E13_5-S1#TGAGTCTGACCGCCAA-1,1
E13_5-S1#TGAGTCTGACGGAGGC-1,0
E13_5-S1#TGAGTCTGACTATGCA-1,7
E13_5-S1#TGAGTCTGACTCAATA-1,1
E13_5-S1#TGAGTCTGACTTAACC-1,10
E13_5-S1#TGAGTCTGAGAACGTC-1,10
E13_5-S1#TGAGTCTGAGAGAAGG-1,7
E13_5-S1#TGAGTCTGAGAGCTAT-1,1
E13_5-S1#TGAGTCTGATCATATT-1,0
E13_5-S1#TGAGTCTGCAACCGCT-1,3
E13_5-S1#TGAGTCTGCATACTCC-1,0
E13_5-S1#TGAGTCTGCCAGTTCC-1,1
E13_5-S1#TGAGTCTGCCGAGAAT-1,0
E13_5-S1#TGAGTCTGCCGATTCC-1,9
E13_5-S1#TGAGTCTGCGACGCGA-1,7
E13_5-S1#TGAGTCTGCTAAGAGA-1,1
E13_5-S1#TGAGTCTGCTGATGGT-1,0
E13_5-S1#TGAGTCTGCTTGCGCC-1,3
E13_5-S1#TGAGTCTGGAAGATCG-1,12
E13_5-S1#TGAGTCTGGACCTTGA-1,3
E13_5-S1#TGAGTCTGGATACGGA-1,7
E13_5-S1#TGAGTCTGGATCTTAC-1,0
E13_5-S1#TGAGTCTGGCAGGTCC-1,10
E13_5-S1#TGAGTCTGGCCATTCT-1,10
E13_5-S1#TGAGTCTGGCCGCAAC-1,0
E13_5-S1#TGAGTCTGGCGTTGGA-1,0
E13_5-S1#TGAGTCTGGCTAACTT-1,0
E13_5-S1#TGAGTCTGGGTACTGC-1,10
E13_5-S1#TGAGTCTGGGTATGCT-1,7
E13_5-S1#TGAGTCTGTAGAATTA-1,10
E13_5-S1#TGAGTCTGTAGAGTAA-1,3
E13_5-S1#TGAGTCTGTAGATCTA-1,0
E13_5-S1#TGAGTCTGTCCGGCCT-1,7
E13_5-S1#TGAGTCTGTCCTACCA-1,1
E13_5-S1#TGAGTCTGTCGGCCTT-1,10
E13_5-S1#TGAGTCTGTCTGATAC-1,7
E13_5-S1#TGAGTCTGTGAGTCTG-1,0
E13_5-S1#TGAGTCTGTGCCGGCA-1,0
E13_5-S1#TGAGTCTGTGCGGACC-1,0
E13_5-S1#TGAGTCTGTGGTCAGC-1,12
E13_5-S1#TGAGTCTGTTACCGAG-1,0
E13_5-S1#TGAGTCTGTTATCCGG-1,12
E13_5-S1#TGAGTCTGTTATTCAT-1,0
E13_5-S1#TGAGTCTGTTGACTTC-1,1
E13_5-S1#TGCCGGCAAACCTGCG-1,9
E13_5-S1#TGCCGGCAAAGAAGCT-1,9
E13_5-S1#TGCCGGCAAATTAAGA-1,0
E13_5-S1#TGCCGGCAACCGCCAA-1,9
E13_5-S1#TGCCGGCAACGGAGGC-1,0
E13_5-S1#TGCCGGCAACTATGCA-1,0
E13_5-S1#TGCCGGCAACTCAATA-1,0
E13_5-S1#TGCCGGCAACTTAACC-1,1
E13_5-S1#TGCCGGCAAGAACGTC-1,1
E13_5-S1#TGCCGGCAAGAGAAGG-1,7
E13_5-S1#TGCCGGCAAGAGCTAT-1,1
E13_5-S1#TGCCGGCAATCATATT-1,0
E13_5-S1#TGCCGGCACAACCGCT-1,1
E13_5-S1#TGCCGGCACATACTCC-1,7
E13_5-S1#TGCCGGCACCAGTTCC-1,1
E13_5-S1#TGCCGGCACCGAGAAT-1,0
E13_5-S1#TGCCGGCACGACGCGA-1,7
E13_5-S1#TGCCGGCACTAAGAGA-1,0
E13_5-S1#TGCCGGCACTGATGGT-1,0
E13_5-S1#TGCCGGCACTTGCGCC-1,1
E13_5-S1#TGCCGGCAGAAGATCG-1,7
E13_5-S1#TGCCGGCAGACCTTGA-1,10
E13_5-S1#TGCCGGCAGATACGGA-1,0
E13_5-S1#TGCCGGCAGATCTTAC-1,0
E13_5-S1#TGCCGGCAGCAGGTCC-1,10
E13_5-S1#TGCCGGCAGCCATTCT-1,1
E13_5-S1#TGCCGGCAGCCGCAAC-1,0
E13_5-S1#TGCCGGCAGCGTTGGA-1,0
E13_5-S1#TGCCGGCAGCTAACTT-1,7
E13_5-S1#TGCCGGCAGGTACTGC-1,10
E13_5-S1#TGCCGGCAGGTATGCT-1,7
E13_5-S1#TGCCGGCATAGAATTA-1,1
E13_5-S1#TGCCGGCATAGAGTAA-1,10
E13_5-S1#TGCCGGCATAGATCTA-1,0
E13_5-S1#TGCCGGCATCCGGCCT-1,9
E13_5-S1#TGCCGGCATCCTACCA-1,0
E13_5-S1#TGCCGGCATCGGCCTT-1,10
E13_5-S1#TGCCGGCATCTGATAC-1,7
E13_5-S1#TGCCGGCATGAGTCTG-1,0
E13_5-S1#TGCCGGCATGCCGGCA-1,0
E13_5-S1#TGCCGGCATGCGGACC-1,0
E13_5-S1#TGCCGGCATGGTCAGC-1,0
E13_5-S1#TGCCGGCATTATCCGG-1,0
E13_5-S1#TGCCGGCATTATTCAT-1,0
E13_5-S1#TGCCGGCATTGACTTC-1,1
E13_5-S1#TGCGGACCAACCTGCG-1,9
E13_5-S1#TGCGGACCAAGAAGCT-1,7
E13_5-S1#TGCGGACCAATTAAGA-1,0
E13_5-S1#TGCGGACCACCGCCAA-1,1
E13_5-S1#TGCGGACCACGGAGGC-1,0
E13_5-S1#TGCGGACCACTATGCA-1,7
E13_5-S1#TGCGGACCACTCAATA-1,1
E13_5-S1#TGCGGACCACTTAACC-1,10
E13_5-S1#TGCGGACCAGAACGTC-1,3
E13_5-S1#TGCGGACCAGAGAAGG-1,7
E13_5-S1#TGCGGACCAGAGCTAT-1,1
E13_5-S1#TGCGGACCATCATATT-1,0
E13_5-S1#TGCGGACCCAACCGCT-1,4
E13_5-S1#TGCGGACCCATACTCC-1,0
E13_5-S1#TGCGGACCCCAGTTCC-1,1
E13_5-S1#TGCGGACCCCGAGAAT-1,0
E13_5-S1#TGCGGACCCCGATTCC-1,9
E13_5-S1#TGCGGACCCGACGCGA-1,12
E13_5-S1#TGCGGACCCTAAGAGA-1,1
E13_5-S1#TGCGGACCCTGATGGT-1,0
E13_5-S1#TGCGGACCCTTGCGCC-1,3
E13_5-S1#TGCGGACCGAAGATCG-1,12
E13_5-S1#TGCGGACCGACCTTGA-1,3
E13_5-S1#TGCGGACCGATACGGA-1,7
E13_5-S1#TGCGGACCGATCTTAC-1,0
E13_5-S1#TGCGGACCGCAGGTCC-1,10
E13_5-S1#TGCGGACCGCCATTCT-1,10
E13_5-S1#TGCGGACCGCCGCAAC-1,0
E13_5-S1#TGCGGACCGCGTTGGA-1,0
E13_5-S1#TGCGGACCGCTAACTT-1,7
E13_5-S1#TGCGGACCGGTACTGC-1,3
E13_5-S1#TGCGGACCGGTATGCT-1,7
E13_5-S1#TGCGGACCTAGAATTA-1,10
E13_5-S1#TGCGGACCTAGAGTAA-1,3
E13_5-S1#TGCGGACCTAGATCTA-1,0
E13_5-S1#TGCGGACCTCCGGCCT-1,7
E13_5-S1#TGCGGACCTCCTACCA-1,0
E13_5-S1#TGCGGACCTCGGCCTT-1,10
E13_5-S1#TGCGGACCTCTGATAC-1,7
E13_5-S1#TGCGGACCTGAGTCTG-1,0
E13_5-S1#TGCGGACCTGCCGGCA-1,0
E13_5-S1#TGCGGACCTGCGGACC-1,0
E13_5-S1#TGCGGACCTGGTCAGC-1,12
E13_5-S1#TGCGGACCTTACCGAG-1,0
E13_5-S1#TGCGGACCTTATCCGG-1,7
E13_5-S1#TGCGGACCTTATTCAT-1,0
E13_5-S1#TGCGGACCTTGACTTC-1,1
E13_5-S1#TGGTCAGCAAGAAGCT-1,9
E13_5-S1#TGGTCAGCAATTAAGA-1,0
E13_5-S1#TGGTCAGCACGGAGGC-1,0
E13_5-S1#TGGTCAGCACTATGCA-1,0
E13_5-S1#TGGTCAGCACTCAATA-1,0
E13_5-S1#TGGTCAGCACTTAACC-1,9
E13_5-S1#TGGTCAGCAGAACGTC-1,1
E13_5-S1#TGGTCAGCAGAGAAGG-1,9
E13_5-S1#TGGTCAGCAGAGCTAT-1,0
E13_5-S1#TGGTCAGCATCATATT-1,0
E13_5-S1#TGGTCAGCCAACCGCT-1,1
E13_5-S1#TGGTCAGCCATACTCC-1,7
E13_5-S1#TGGTCAGCCCGAGAAT-1,0
E13_5-S1#TGGTCAGCCGACGCGA-1,0
E13_5-S1#TGGTCAGCCTAAGAGA-1,0
E13_5-S1#TGGTCAGCCTGATGGT-1,0
E13_5-S1#TGGTCAGCCTTGCGCC-1,1
E13_5-S1#TGGTCAGCGAAGATCG-1,11
E13_5-S1#TGGTCAGCGACCTTGA-1,1
E13_5-S1#TGGTCAGCGATACGGA-1,0
E13_5-S1#TGGTCAGCGATCTTAC-1,0
E13_5-S1#TGGTCAGCGCAGGTCC-1,1
E13_5-S1#TGGTCAGCGCCATTCT-1,1
E13_5-S1#TGGTCAGCGCCGCAAC-1,0
E13_5-S1#TGGTCAGCGCGTTGGA-1,0
E13_5-S1#TGGTCAGCGCTAACTT-1,9
E13_5-S1#TGGTCAGCGGTACTGC-1,1
E13_5-S1#TGGTCAGCTAGAATTA-1,0
E13_5-S1#TGGTCAGCTAGAGTAA-1,1
E13_5-S1#TGGTCAGCTAGATCTA-1,0
E13_5-S1#TGGTCAGCTCCGGCCT-1,9
E13_5-S1#TGGTCAGCTCCTACCA-1,0
E13_5-S1#TGGTCAGCTCGGCCTT-1,1
E13_5-S1#TGGTCAGCTCTGATAC-1,7
E13_5-S1#TGGTCAGCTGAGTCTG-1,0
E13_5-S1#TGGTCAGCTGCCGGCA-1,0
E13_5-S1#TGGTCAGCTGCGGACC-1,0
E13_5-S1#TGGTCAGCTGGTCAGC-1,0
E13_5-S1#TGGTCAGCTTATCCGG-1,7
E13_5-S1#TGGTCAGCTTATTCAT-1,0
E13_5-S1#TGGTCAGCTTGACTTC-1,0
E13_5-S1#TTACCGAGAACCTGCG-1,9
E13_5-S1#TTACCGAGAAGAAGCT-1,9
E13_5-S1#TTACCGAGAATTAAGA-1,0
E13_5-S1#TTACCGAGACCGCCAA-1,9
E13_5-S1#TTACCGAGACGGAGGC-1,0
E13_5-S1#TTACCGAGACTATGCA-1,0
E13_5-S1#TTACCGAGACTCAATA-1,0
E13_5-S1#TTACCGAGACTTAACC-1,1
E13_5-S1#TTACCGAGAGAACGTC-1,10
E13_5-S1#TTACCGAGAGAGAAGG-1,7
E13_5-S1#TTACCGAGAGAGCTAT-1,1
E13_5-S1#TTACCGAGATCATATT-1,0
E13_5-S1#TTACCGAGCAACCGCT-1,1
E13_5-S1#TTACCGAGCATACTCC-1,7
E13_5-S1#TTACCGAGCCAGTTCC-1,9
E13_5-S1#TTACCGAGCCGAGAAT-1,0
E13_5-S1#TTACCGAGCGACGCGA-1,0
E13_5-S1#TTACCGAGCTAAGAGA-1,0
E13_5-S1#TTACCGAGCTGATGGT-1,0
E13_5-S1#TTACCGAGCTTGCGCC-1,10
E13_5-S1#TTACCGAGGAAGATCG-1,7
E13_5-S1#TTACCGAGGACCTTGA-1,10
E13_5-S1#TTACCGAGGATACGGA-1,0
E13_5-S1#TTACCGAGGATCTTAC-1,0
E13_5-S1#TTACCGAGGCAGGTCC-1,10
E13_5-S1#TTACCGAGGCCATTCT-1,1
E13_5-S1#TTACCGAGGCCGCAAC-1,0
E13_5-S1#TTACCGAGGCGTTGGA-1,0
E13_5-S1#TTACCGAGGCTAACTT-1,7
E13_5-S1#TTACCGAGGGTACTGC-1,1
E13_5-S1#TTACCGAGGGTATGCT-1,9
E13_5-S1#TTACCGAGTAGAATTA-1,1
E13_5-S1#TTACCGAGTAGAGTAA-1,3
E13_5-S1#TTACCGAGTAGATCTA-1,0
E13_5-S1#TTACCGAGTCCGGCCT-1,9
E13_5-S1#TTACCGAGTCCTACCA-1,0
E13_5-S1#TTACCGAGTCGGCCTT-1,10
E13_5-S1#TTACCGAGTCTGATAC-1,7
E13_5-S1#TTACCGAGTGAGTCTG-1,0
E13_5-S1#TTACCGAGTGCCGGCA-1,0
E13_5-S1#TTACCGAGTGCGGACC-1,0
E13_5-S1#TTACCGAGTGGTCAGC-1,7
E13_5-S1#TTACCGAGTTATCCGG-1,0
E13_5-S1#TTACCGAGTTATTCAT-1,0
E13_5-S1#TTACCGAGTTGACTTC-1,1
E13_5-S1#TTATCCGGAATTAAGA-1,0
E13_5-S1#TTATCCGGACGGAGGC-1,0
E13_5-S1#TTATCCGGACTATGCA-1,7
E13_5-S1#TTATCCGGACTCAATA-1,0
E13_5-S1#TTATCCGGAGAACGTC-1,9
E13_5-S1#TTATCCGGAGAGCTAT-1,0
E13_5-S1#TTATCCGGCCGAGAAT-1,0
E13_5-S1#TTATCCGGCGACGCGA-1,7
E13_5-S1#TTATCCGGCTAAGAGA-1,0
E13_5-S1#TTATCCGGCTGATGGT-1,0
E13_5-S1#TTATCCGGCTTGCGCC-1,1
E13_5-S1#TTATCCGGGATACGGA-1,7
E13_5-S1#TTATCCGGGATCTTAC-1,0
E13_5-S1#TTATCCGGGCCATTCT-1,1
E13_5-S1#TTATCCGGGCCGCAAC-1,0
E13_5-S1#TTATCCGGGCGTTGGA-1,0
E13_5-S1#TTATCCGGGGTACTGC-1,0
E13_5-S1#TTATCCGGTAGAATTA-1,0
E13_5-S1#TTATCCGGTAGATCTA-1,0
E13_5-S1#TTATCCGGTCCTACCA-1,0
E13_5-S1#TTATCCGGTCGGCCTT-1,9
E13_5-S1#TTATCCGGTCTGATAC-1,9
E13_5-S1#TTATCCGGTGAGTCTG-1,0
E13_5-S1#TTATCCGGTGCCGGCA-1,0
E13_5-S1#TTATCCGGTGCGGACC-1,0
E13_5-S1#TTATCCGGTGGTCAGC-1,9
E13_5-S1#TTATCCGGTTATCCGG-1,7
E13_5-S1#TTATCCGGTTATTCAT-1,0
E13_5-S1#TTATCCGGTTGACTTC-1,0
E13_5-S1#TTATTCATAACCTGCG-1,9
E13_5-S1#TTATTCATAAGAAGCT-1,7
E13_5-S1#TTATTCATAATTAAGA-1,0
E13_5-S1#TTATTCATACCGCCAA-1,9
E13_5-S1#TTATTCATACGGAGGC-1,0
E13_5-S1#TTATTCATACTATGCA-1,0
E13_5-S1#TTATTCATACTCAATA-1,1
E13_5-S1#TTATTCATACTTAACC-1,1
E13_5-S1#TTATTCATAGAACGTC-1,10
E13_5-S1#TTATTCATAGAGAAGG-1,7
E13_5-S1#TTATTCATAGAGCTAT-1,1
E13_5-S1#TTATTCATATCATATT-1,0
E13_5-S1#TTATTCATCAACCGCT-1,3
E13_5-S1#TTATTCATCATACTCC-1,7
E13_5-S1#TTATTCATCCAGTTCC-1,1
E13_5-S1#TTATTCATCCGAGAAT-1,0
E13_5-S1#TTATTCATCCGATTCC-1,9
E13_5-S1#TTATTCATCGACGCGA-1,7
E13_5-S1#TTATTCATCTAAGAGA-1,0
E13_5-S1#TTATTCATCTGATGGT-1,0
E13_5-S1#TTATTCATCTTGCGCC-1,10
E13_5-S1#TTATTCATGAAGATCG-1,7
E13_5-S1#TTATTCATGACCTTGA-1,10
E13_5-S1#TTATTCATGATACGGA-1,0
E13_5-S1#TTATTCATGATCTTAC-1,0
E13_5-S1#TTATTCATGCAGGTCC-1,3
E13_5-S1#TTATTCATGCCATTCT-1,10
E13_5-S1#TTATTCATGCCGCAAC-1,0
E13_5-S1#TTATTCATGCGTTGGA-1,0
E13_5-S1#TTATTCATGCTAACTT-1,7
E13_5-S1#TTATTCATGGTACTGC-1,10
E13_5-S1#TTATTCATGGTATGCT-1,7
E13_5-S1#TTATTCATTAGAATTA-1,10
E13_5-S1#TTATTCATTAGAGTAA-1,10
E13_5-S1#TTATTCATTAGATCTA-1,0
E13_5-S1#TTATTCATTCCGGCCT-1,7
E13_5-S1#TTATTCATTCCTACCA-1,0
E13_5-S1#TTATTCATTCGGCCTT-1,10
E13_5-S1#TTATTCATTCTGATAC-1,7
E13_5-S1#TTATTCATTGAGTCTG-1,0
E13_5-S1#TTATTCATTGCCGGCA-1,0
E13_5-S1#TTATTCATTGCGGACC-1,0
E13_5-S1#TTATTCATTGGTCAGC-1,0
E13_5-S1#TTATTCATTTATCCGG-1,7
E13_5-S1#TTATTCATTTATTCAT-1,0
E13_5-S1#TTATTCATTTGACTTC-1,1
E13_5-S1#TTGACTTCAACCTGCG-1,9
E13_5-S1#TTGACTTCAAGAAGCT-1,11
E13_5-S1#TTGACTTCAATTAAGA-1,0
E13_5-S1#TTGACTTCACGGAGGC-1,0
E13_5-S1#TTGACTTCACTATGCA-1,7
E13_5-S1#TTGACTTCACTCAATA-1,1
E13_5-S1#TTGACTTCACTTAACC-1,1
E13_5-S1#TTGACTTCAGAACGTC-1,1
E13_5-S1#TTGACTTCAGAGAAGG-1,11
E13_5-S1#TTGACTTCAGAGCTAT-1,1
E13_5-S1#TTGACTTCATCATATT-1,7
E13_5-S1#TTGACTTCCAACCGCT-1,1
E13_5-S1#TTGACTTCCATACTCC-1,7
E13_5-S1#TTGACTTCCCGAGAAT-1,0
E13_5-S1#TTGACTTCCGACGCGA-1,7
E13_5-S1#TTGACTTCCTAAGAGA-1,1
E13_5-S1#TTGACTTCCTGATGGT-1,0
E13_5-S1#TTGACTTCCTTGCGCC-1,1
E13_5-S1#TTGACTTCGAAGATCG-1,11
E13_5-S1#TTGACTTCGACCTTGA-1,1
E13_5-S1#TTGACTTCGATACGGA-1,7
E13_5-S1#TTGACTTCGATCTTAC-1,0
E13_5-S1#TTGACTTCGCAGGTCC-1,1
E13_5-S1#TTGACTTCGCCATTCT-1,1
E13_5-S1#TTGACTTCGCCGCAAC-1,0
E13_5-S1#TTGACTTCGCGTTGGA-1,0
E13_5-S1#TTGACTTCGCTAACTT-1,7
E13_5-S1#TTGACTTCGGTACTGC-1,1
E13_5-S1#TTGACTTCGGTATGCT-1,7
E13_5-S1#TTGACTTCTAGAATTA-1,0
E13_5-S1#TTGACTTCTAGAGTAA-1,1
E13_5-S1#TTGACTTCTAGATCTA-1,0
E13_5-S1#TTGACTTCTCCGGCCT-1,11
E13_5-S1#TTGACTTCTCCTACCA-1,1
E13_5-S1#TTGACTTCTCGGCCTT-1,1
E13_5-S1#TTGACTTCTCTGATAC-1,11
E13_5-S1#TTGACTTCTGAGTCTG-1,0
E13_5-S1#TTGACTTCTGCCGGCA-1,7
E13_5-S1#TTGACTTCTGCGGACC-1,0
E13_5-S1#TTGACTTCTGGTCAGC-1,7
E13_5-S1#TTGACTTCTTACCGAG-1,7
E13_5-S1#TTGACTTCTTATCCGG-1,7
E13_5-S1#TTGACTTCTTATTCAT-1,0
E13_5-S1#TTGACTTCTTGACTTC-1,1
E15_5-S1#AACCTGCGACTCAATA-1,8
E15_5-S1#AACCTGCGAGAACGTC-1,6
E15_5-S1#AACCTGCGAGAGCTAT-1,3
E15_5-S1#AACCTGCGCCGAGAAT-1,8
E15_5-S1#AACCTGCGCTAAGAGA-1,8
E15_5-S1#AACCTGCGCTGATGGT-1,8
E15_5-S1#AACCTGCGCTTGCGCC-1,8
E15_5-S1#AACCTGCGGATCTTAC-1,8
E15_5-S1#AACCTGCGGCAGGTCC-1,6
E15_5-S1#AACCTGCGGCCATTCT-1,8
E15_5-S1#AACCTGCGGCGTTGGA-1,8
E15_5-S1#AACCTGCGGGTACTGC-1,8
E15_5-S1#AACCTGCGTAGAATTA-1,8
E15_5-S1#AACCTGCGTCCTACCA-1,8
E15_5-S1#AACCTGCGTCGGCCTT-1,6
E15_5-S1#AACCTGCGTTGACTTC-1,8
E15_5-S1#AAGAAGCTAATTAAGA-1,2
E15_5-S1#AAGAAGCTACCGCCAA-1,6
E15_5-S1#AAGAAGCTACGGAGGC-1,2
E15_5-S1#AAGAAGCTACTCAATA-1,3
E15_5-S1#AAGAAGCTACTTAACC-1,6
E15_5-S1#AAGAAGCTAGAACGTC-1,2
E15_5-S1#AAGAAGCTAGAGCTAT-1,3
E15_5-S1#AAGAAGCTATAAGGAG-1,12
E15_5-S1#AAGAAGCTATCATATT-1,8
E15_5-S1#AAGAAGCTCAACCGCT-1,4
E15_5-S1#AAGAAGCTCCAGTTCC-1,6
E15_5-S1#AAGAAGCTCCGAGAAT-1,3
E15_5-S1#AAGAAGCTCCGATTCC-1,6
E15_5-S1#AAGAAGCTCGAACGCC-1,12
E15_5-S1#AAGAAGCTCTAAGAGA-1,3
E15_5-S1#AAGAAGCTCTGATGGT-1,3
E15_5-S1#AAGAAGCTCTTGCGCC-1,2
E15_5-S1#AAGAAGCTGACCTTGA-1,4
E15_5-S1#AAGAAGCTGATCTTAC-1,2
E15_5-S1#AAGAAGCTGCAGGTCC-1,3
E15_5-S1#AAGAAGCTGCCATTCT-1,3
E15_5-S1#AAGAAGCTGCCGCAAC-1,2
E15_5-S1#AAGAAGCTGCGTTGGA-1,3
E15_5-S1#AAGAAGCTGGCTGAGC-1,12
E15_5-S1#AAGAAGCTGGTACTGC-1,2
E15_5-S1#AAGAAGCTTAGAATTA-1,3
E15_5-S1#AAGAAGCTTAGAGTAA-1,3
E15_5-S1#AAGAAGCTTAGATCTA-1,2
E15_5-S1#AAGAAGCTTCCTACCA-1,3
E15_5-S1#AAGAAGCTTCGGCCTT-1,3
E15_5-S1#AAGAAGCTTGAGTCTG-1,2
E15_5-S1#AAGAAGCTTGCCGGCA-1,4
E15_5-S1#AAGAAGCTTGCGGACC-1,2
E15_5-S1#AAGAAGCTTGGTCAGC-1,8
E15_5-S1#AAGAAGCTTTACCGAG-1,8
E15_5-S1#AAGAAGCTTTATTCAT-1,3
E15_5-S1#AAGAAGCTTTGACTTC-1,3
E15_5-S1#AATTAAGAAAGAAGCT-1,2
E15_5-S1#AATTAAGAAATTAAGA-1,2
E15_5-S1#AATTAAGAACCGCCAA-1,13
E15_5-S1#AATTAAGAACGGAGGC-1,5
E15_5-S1#AATTAAGAACTATGCA-1,2
E15_5-S1#AATTAAGAACTCAATA-1,3
E15_5-S1#AATTAAGAACTTAACC-1,6
E15_5-S1#AATTAAGAAGAACGTC-1,3
E15_5-S1#AATTAAGAAGAGAAGG-1,8
E15_5-S1#AATTAAGAAGAGCTAT-1,3
E15_5-S1#AATTAAGAATAAGGAG-1,13
E15_5-S1#AATTAAGAATCATATT-1,2
E15_5-S1#AATTAAGACAACCGCT-1,6
E15_5-S1#AATTAAGACATACTCC-1,4
E15_5-S1#AATTAAGACCAGTTCC-1,6
E15_5-S1#AATTAAGACCGAGAAT-1,5
E15_5-S1#AATTAAGACCGATTCC-1,13
E15_5-S1#AATTAAGACGAACGCC-1,13
E15_5-S1#AATTAAGACGACGCGA-1,2
E15_5-S1#AATTAAGACTAAGAGA-1,3
E15_5-S1#AATTAAGACTGATGGT-1,5
E15_5-S1#AATTAAGACTTGCGCC-1,3
E15_5-S1#AATTAAGAGAAGATCG-1,2
E15_5-S1#AATTAAGAGACCTTGA-1,4
E15_5-S1#AATTAAGAGATACGGA-1,2
E15_5-S1#AATTAAGAGATCTTAC-1,5
E15_5-S1#AATTAAGAGCAGGTCC-1,3
E15_5-S1#AATTAAGAGCCATTCT-1,2
E15_5-S1#AATTAAGAGCCGCAAC-1,5
E15_5-S1#AATTAAGAGCGTTGGA-1,5
E15_5-S1#AATTAAGAGCTAACTT-1,8
E15_5-S1#AATTAAGAGGCTGAGC-1,13
E15_5-S1#AATTAAGAGGTACTGC-1,3
E15_5-S1#AATTAAGAGGTATGCT-1,8
E15_5-S1#AATTAAGATAGAATTA-1,3
E15_5-S1#AATTAAGATAGAGTAA-1,4
E15_5-S1#AATTAAGATAGATCTA-1,5
E15_5-S1#AATTAAGATCCGGCCT-1,3
E15_5-S1#AATTAAGATCCTACCA-1,2
E15_5-S1#AATTAAGATCGGCCTT-1,3
E15_5-S1#AATTAAGATCTGATAC-1,2
E15_5-S1#AATTAAGATGAGTCTG-1,5
E15_5-S1#AATTAAGATGCCGGCA-1,5
E15_5-S1#AATTAAGATGCGGACC-1,5
E15_5-S1#AATTAAGATGGTCAGC-1,5
E15_5-S1#AATTAAGATTACCGAG-1,5
E15_5-S1#AATTAAGATTATCCGG-1,2
E15_5-S1#AATTAAGATTATTCAT-1,5
E15_5-S1#AATTAAGATTGACTTC-1,2
E15_5-S1#ACCGCCAAAATTAAGA-1,3
E15_5-S1#ACCGCCAAACGGAGGC-1,3
E15_5-S1#ACCGCCAAACTATGCA-1,4
E15_5-S1#ACCGCCAAACTCAATA-1,4
E15_5-S1#ACCGCCAAAGAACGTC-1,6
E15_5-S1#ACCGCCAAAGAGCTAT-1,4
E15_5-S1#ACCGCCAAATCATATT-1,4
E15_5-S1#ACCGCCAACAACCGCT-1,12
E15_5-S1#ACCGCCAACCGAGAAT-1,5
E15_5-S1#ACCGCCAACGACGCGA-1,4
E15_5-S1#ACCGCCAACTAAGAGA-1,4
E15_5-S1#ACCGCCAACTGATGGT-1,5
E15_5-S1#ACCGCCAACTTGCGCC-1,4
E15_5-S1#ACCGCCAAGACCTTGA-1,12
E15_5-S1#ACCGCCAAGATACGGA-1,8
E15_5-S1#ACCGCCAAGATCTTAC-1,2
E15_5-S1#ACCGCCAAGCAGGTCC-1,6
E15_5-S1#ACCGCCAAGCCATTCT-1,4
E15_5-S1#ACCGCCAAGCCGCAAC-1,5
E15_5-S1#ACCGCCAAGCGTTGGA-1,2
E15_5-S1#ACCGCCAAGGTACTGC-1,4
E15_5-S1#ACCGCCAATAGAATTA-1,4
E15_5-S1#ACCGCCAATAGAGTAA-1,6
E15_5-S1#ACCGCCAATAGATCTA-1,3
E15_5-S1#ACCGCCAATCCTACCA-1,3
E15_5-S1#ACCGCCAATCGGCCTT-1,6
E15_5-S1#ACCGCCAATGAGTCTG-1,5
E15_5-S1#ACCGCCAATGCGGACC-1,2
E15_5-S1#ACCGCCAATGGTCAGC-1,4
E15_5-S1#ACCGCCAATTACCGAG-1,4
E15_5-S1#ACCGCCAATTGACTTC-1,4
E15_5-S1#ACGGAGGCAACCTGCG-1,8
E15_5-S1#ACGGAGGCAAGAAGCT-1,2
E15_5-S1#ACGGAGGCAATTAAGA-1,2
E15_5-S1#ACGGAGGCACCGCCAA-1,6
E15_5-S1#ACGGAGGCACGGAGGC-1,2
E15_5-S1#ACGGAGGCACTATGCA-1,2
E15_5-S1#ACGGAGGCACTCAATA-1,2
E15_5-S1#ACGGAGGCACTTAACC-1,6
E15_5-S1#ACGGAGGCAGAACGTC-1,2
E15_5-S1#ACGGAGGCAGAGAAGG-1,3
E15_5-S1#ACGGAGGCAGAGCTAT-1,2
E15_5-S1#ACGGAGGCATAAGGAG-1,13
E15_5-S1#ACGGAGGCATCATATT-1,2
E15_5-S1#ACGGAGGCCAACCGCT-1,4
E15_5-S1#ACGGAGGCCATACTCC-1,4
E15_5-S1#ACGGAGGCCCAGTTCC-1,6
E15_5-S1#ACGGAGGCCCGAGAAT-1,5
E15_5-S1#ACGGAGGCCCGATTCC-1,13
E15_5-S1#ACGGAGGCCGAACGCC-1,13
E15_5-S1#ACGGAGGCCGACGCGA-1,2
E15_5-S1#ACGGAGGCCTAAGAGA-1,2
E15_5-S1#ACGGAGGCCTGATGGT-1,5
E15_5-S1#ACGGAGGCCTTGCGCC-1,2
E15_5-S1#ACGGAGGCGAAGATCG-1,2
E15_5-S1#ACGGAGGCGACCTTGA-1,4
E15_5-S1#ACGGAGGCGATACGGA-1,2
E15_5-S1#ACGGAGGCGATCTTAC-1,5
E15_5-S1#ACGGAGGCGCAGGTCC-1,3
E15_5-S1#ACGGAGGCGCCATTCT-1,2
E15_5-S1#ACGGAGGCGCCGCAAC-1,5
E15_5-S1#ACGGAGGCGCGTTGGA-1,5
E15_5-S1#ACGGAGGCGCTAACTT-1,8
E15_5-S1#ACGGAGGCGGCTGAGC-1,13
E15_5-S1#ACGGAGGCGGTACTGC-1,2
E15_5-S1#ACGGAGGCGGTATGCT-1,8
E15_5-S1#ACGGAGGCTAGAATTA-1,2
E15_5-S1#ACGGAGGCTAGAGTAA-1,4
E15_5-S1#ACGGAGGCTAGATCTA-1,5
E15_5-S1#ACGGAGGCTCCGGCCT-1,2
E15_5-S1#ACGGAGGCTCCTACCA-1,5
E15_5-S1#ACGGAGGCTCGGCCTT-1,3
E15_5-S1#ACGGAGGCTCTGATAC-1,2
E15_5-S1#ACGGAGGCTGAGTCTG-1,5
E15_5-S1#ACGGAGGCTGCCGGCA-1,5
E15_5-S1#ACGGAGGCTGCGGACC-1,5
E15_5-S1#ACGGAGGCTGGTCAGC-1,2
E15_5-S1#ACGGAGGCTTACCGAG-1,2
E15_5-S1#ACGGAGGCTTATCCGG-1,2
E15_5-S1#ACGGAGGCTTATTCAT-1,5
E15_5-S1#ACGGAGGCTTGACTTC-1,2
E15_5-S1#ACTATGCAAAGAAGCT-1,11
E15_5-S1#ACTATGCAAATTAAGA-1,3
E15_5-S1#ACTATGCAACCGCCAA-1,6
E15_5-S1#ACTATGCAACGGAGGC-1,2
E15_5-S1#ACTATGCAACTATGCA-1,4
E15_5-S1#ACTATGCAACTCAATA-1,3
E15_5-S1#ACTATGCAACTTAACC-1,4
E15_5-S1#ACTATGCAAGAACGTC-1,4
E15_5-S1#ACTATGCAAGAGCTAT-1,3
E15_5-S1#ACTATGCAATAAGGAG-1,10
E15_5-S1#ACTATGCAATCATATT-1,3
E15_5-S1#ACTATGCACAACCGCT-1,4
E15_5-S1#ACTATGCACCAGTTCC-1,4
E15_5-S1#ACTATGCACCGAGAAT-1,2
E15_5-S1#ACTATGCACCGATTCC-1,13
E15_5-S1#ACTATGCACGAACGCC-1,13
E15_5-S1#ACTATGCACGACGCGA-1,4
E15_5-S1#ACTATGCACTAAGAGA-1,3
E15_5-S1#ACTATGCACTGATGGT-1,3
E15_5-S1#ACTATGCACTTGCGCC-1,3
E15_5-S1#ACTATGCAGAAGATCG-1,11
E15_5-S1#ACTATGCAGACCTTGA-1,4
E15_5-S1#ACTATGCAGATACGGA-1,4
E15_5-S1#ACTATGCAGATCTTAC-1,3
E15_5-S1#ACTATGCAGCAGGTCC-1,4
E15_5-S1#ACTATGCAGCCATTCT-1,3
E15_5-S1#ACTATGCAGCCGCAAC-1,2
E15_5-S1#ACTATGCAGCGTTGGA-1,3
E15_5-S1#ACTATGCAGGCTGAGC-1,13
E15_5-S1#ACTATGCAGGTACTGC-1,3
E15_5-S1#ACTATGCATAGAATTA-1,3
E15_5-S1#ACTATGCATAGAGTAA-1,4
E15_5-S1#ACTATGCATAGATCTA-1,2
E15_5-S1#ACTATGCATCCTACCA-1,3
E15_5-S1#ACTATGCATCGGCCTT-1,4
E15_5-S1#ACTATGCATCTGATAC-1,8
E15_5-S1#ACTATGCATGAGTCTG-1,2
E15_5-S1#ACTATGCATGCCGGCA-1,3
E15_5-S1#ACTATGCATGCGGACC-1,2
E15_5-S1#ACTATGCATGGTCAGC-1,4
E15_5-S1#ACTATGCATTACCGAG-1,3
E15_5-S1#ACTATGCATTATCCGG-1,8
E15_5-S1#ACTATGCATTATTCAT-1,3
E15_5-S1#ACTATGCATTGACTTC-1,2
E15_5-S1#ACTCAATAAACCTGCG-1,8
E15_5-S1#ACTCAATAAATTAAGA-1,4
E15_5-S1#ACTCAATAACCGCCAA-1,6
E15_5-S1#ACTCAATAACGGAGGC-1,2
E15_5-S1#ACTCAATAACTATGCA-1,2
E15_5-S1#ACTCAATAACTCAATA-1,2
E15_5-S1#ACTCAATAACTTAACC-1,6
E15_5-S1#ACTCAATAAGAACGTC-1,4
E15_5-S1#ACTCAATAAGAGCTAT-1,2
E15_5-S1#ACTCAATAATAAGGAG-1,13
E15_5-S1#ACTCAATAATCATATT-1,2
E15_5-S1#ACTCAATACAACCGCT-1,6
E15_5-S1#ACTCAATACATACTCC-1,3
E15_5-S1#ACTCAATACCAGTTCC-1,6
E15_5-S1#ACTCAATACCGAGAAT-1,5
E15_5-S1#ACTCAATACCGATTCC-1,6
E15_5-S1#ACTCAATACGAACGCC-1,13
E15_5-S1#ACTCAATACGACGCGA-1,2
E15_5-S1#ACTCAATACTAAGAGA-1,2
E15_5-S1#ACTCAATACTGATGGT-1,5
E15_5-S1#ACTCAATACTTGCGCC-1,3
E15_5-S1#ACTCAATAGACCTTGA-1,6
E15_5-S1#ACTCAATAGATACGGA-1,2
E15_5-S1#ACTCAATAGATCTTAC-1,5
E15_5-S1#ACTCAATAGCAGGTCC-1,6
E15_5-S1#ACTCAATAGCCATTCT-1,2
E15_5-S1#ACTCAATAGCCGCAAC-1,5
E15_5-S1#ACTCAATAGCGTTGGA-1,2
E15_5-S1#ACTCAATAGCTAACTT-1,3
E15_5-S1#ACTCAATAGGCTGAGC-1,12
E15_5-S1#ACTCAATAGGTACTGC-1,2
E15_5-S1#ACTCAATAGGTATGCT-1,3
E15_5-S1#ACTCAATATAGAATTA-1,2
E15_5-S1#ACTCAATATAGAGTAA-1,6
E15_5-S1#ACTCAATATAGATCTA-1,3
E15_5-S1#ACTCAATATCCTACCA-1,2
E15_5-S1#ACTCAATATCGGCCTT-1,6
E15_5-S1#ACTCAATATCTGATAC-1,8
E15_5-S1#ACTCAATATGAGTCTG-1,5
E15_5-S1#ACTCAATATGCCGGCA-1,3
E15_5-S1#ACTCAATATGCGGACC-1,5
E15_5-S1#ACTCAATATGGTCAGC-1,2
E15_5-S1#ACTCAATATTACCGAG-1,2
E15_5-S1#ACTCAATATTATCCGG-1,2
E15_5-S1#ACTCAATATTATTCAT-1,4
E15_5-S1#ACTCAATATTGACTTC-1,2
E15_5-S1#ACTTAACCAAGAAGCT-1,8
E15_5-S1#ACTTAACCACGGAGGC-1,3
E15_5-S1#ACTTAACCACTATGCA-1,4
E15_5-S1#ACTTAACCACTCAATA-1,4
E15_5-S1#ACTTAACCACTTAACC-1,12
E15_5-S1#ACTTAACCAGAACGTC-1,3
E15_5-S1#ACTTAACCAGAGAAGG-1,8
E15_5-S1#ACTTAACCAGAGCTAT-1,6
E15_5-S1#ACTTAACCATCATATT-1,8
E15_5-S1#ACTTAACCCAACCGCT-1,12
E15_5-S1#ACTTAACCCCGAGAAT-1,5
E15_5-S1#ACTTAACCCGACGCGA-1,3
E15_5-S1#ACTTAACCCTAAGAGA-1,4
E15_5-S1#ACTTAACCCTGATGGT-1,5
E15_5-S1#ACTTAACCCTTGCGCC-1,4
E15_5-S1#ACTTAACCGAAGATCG-1,8
E15_5-S1#ACTTAACCGACCTTGA-1,12
E15_5-S1#ACTTAACCGATACGGA-1,3
E15_5-S1#ACTTAACCGATCTTAC-1,5
E15_5-S1#ACTTAACCGCAGGTCC-1,6
E15_5-S1#ACTTAACCGCCATTCT-1,4
E15_5-S1#ACTTAACCGCCGCAAC-1,5
E15_5-S1#ACTTAACCGCGTTGGA-1,2
E15_5-S1#ACTTAACCGGTACTGC-1,4
E15_5-S1#ACTTAACCTAGAATTA-1,4
E15_5-S1#ACTTAACCTAGAGTAA-1,12
E15_5-S1#ACTTAACCTAGATCTA-1,3
E15_5-S1#ACTTAACCTCCGGCCT-1,8
E15_5-S1#ACTTAACCTCCTACCA-1,3
E15_5-S1#ACTTAACCTCGGCCTT-1,6
E15_5-S1#ACTTAACCTCTGATAC-1,3
E15_5-S1#ACTTAACCTGAGTCTG-1,5
E15_5-S1#ACTTAACCTGCCGGCA-1,3
E15_5-S1#ACTTAACCTGCGGACC-1,2
E15_5-S1#ACTTAACCTTACCGAG-1,3
E15_5-S1#ACTTAACCTTATCCGG-1,3
E15_5-S1#ACTTAACCTTGACTTC-1,4
E15_5-S1#AGAACGTCAACCTGCG-1,8
E15_5-S1#AGAACGTCAATTAAGA-1,5
E15_5-S1#AGAACGTCACCGCCAA-1,6
E15_5-S1#AGAACGTCACGGAGGC-1,5
E15_5-S1#AGAACGTCACTATGCA-1,2
E15_5-S1#AGAACGTCACTCAATA-1,4
E15_5-S1#AGAACGTCACTTAACC-1,6
E15_5-S1#AGAACGTCAGAACGTC-1,4
E15_5-S1#AGAACGTCAGAGCTAT-1,4
E15_5-S1#AGAACGTCATCATATT-1,2
E15_5-S1#AGAACGTCCAACCGCT-1,6
E15_5-S1#AGAACGTCCCAGTTCC-1,6
E15_5-S1#AGAACGTCCCGAGAAT-1,5
E15_5-S1#AGAACGTCCCGATTCC-1,6
E15_5-S1#AGAACGTCCGACGCGA-1,3
E15_5-S1#AGAACGTCCTAAGAGA-1,4
E15_5-S1#AGAACGTCCTGATGGT-1,5
E15_5-S1#AGAACGTCCTTGCGCC-1,4
E15_5-S1#AGAACGTCGACCTTGA-1,6
E15_5-S1#AGAACGTCGATACGGA-1,3
E15_5-S1#AGAACGTCGATCTTAC-1,2
E15_5-S1#AGAACGTCGCAGGTCC-1,6
E15_5-S1#AGAACGTCGCCATTCT-1,4
E15_5-S1#AGAACGTCGCCGCAAC-1,5
E15_5-S1#AGAACGTCGCGTTGGA-1,3
E15_5-S1#AGAACGTCGCTAACTT-1,3
E15_5-S1#AGAACGTCGGTACTGC-1,4
E15_5-S1#AGAACGTCGGTATGCT-1,3
E15_5-S1#AGAACGTCTAGAATTA-1,4
E15_5-S1#AGAACGTCTAGAGTAA-1,6
E15_5-S1#AGAACGTCTAGATCTA-1,5
E15_5-S1#AGAACGTCTCCTACCA-1,3
E15_5-S1#AGAACGTCTCGGCCTT-1,4
E15_5-S1#AGAACGTCTCTGATAC-1,8
E15_5-S1#AGAACGTCTGAGTCTG-1,5
E15_5-S1#AGAACGTCTGCCGGCA-1,5
E15_5-S1#AGAACGTCTGCGGACC-1,5
E15_5-S1#AGAACGTCTGGTCAGC-1,2
E15_5-S1#AGAACGTCTTACCGAG-1,5
E15_5-S1#AGAACGTCTTATTCAT-1,5
E15_5-S1#AGAACGTCTTGACTTC-1,4
E15_5-S1#AGAGAAGGAATTAAGA-1,4
E15_5-S1#AGAGAAGGACCGCCAA-1,12
E15_5-S1#AGAGAAGGACGGAGGC-1,3
E15_5-S1#AGAGAAGGACTCAATA-1,2
E15_5-S1#AGAGAAGGACTTAACC-1,12
E15_5-S1#AGAGAAGGAGAACGTC-1,2
E15_5-S1#AGAGAAGGAGAGCTAT-1,3
E15_5-S1#AGAGAAGGATAAGGAG-1,12
E15_5-S1#AGAGAAGGCAACCGCT-1,6
E15_5-S1#AGAGAAGGCCAGTTCC-1,12
E15_5-S1#AGAGAAGGCCGAGAAT-1,2
E15_5-S1#AGAGAAGGCCGATTCC-1,12
E15_5-S1#AGAGAAGGCGAACGCC-1,12
E15_5-S1#AGAGAAGGCTAAGAGA-1,2
E15_5-S1#AGAGAAGGCTGATGGT-1,2
E15_5-S1#AGAGAAGGCTTGCGCC-1,2
E15_5-S1#AGAGAAGGGACCTTGA-1,6
E15_5-S1#AGAGAAGGGATCTTAC-1,2
E15_5-S1#AGAGAAGGGCAGGTCC-1,4
E15_5-S1#AGAGAAGGGCCATTCT-1,2
E15_5-S1#AGAGAAGGGCCGCAAC-1,2
E15_5-S1#AGAGAAGGGCGTTGGA-1,2
E15_5-S1#AGAGAAGGGGCTGAGC-1,12
E15_5-S1#AGAGAAGGGGTACTGC-1,2
E15_5-S1#AGAGAAGGTAGAATTA-1,2
E15_5-S1#AGAGAAGGTAGAGTAA-1,6
E15_5-S1#AGAGAAGGTAGATCTA-1,4
E15_5-S1#AGAGAAGGTCCTACCA-1,2
E15_5-S1#AGAGAAGGTCGGCCTT-1,4
E15_5-S1#AGAGAAGGTGAGTCTG-1,2
E15_5-S1#AGAGAAGGTGCCGGCA-1,8
E15_5-S1#AGAGAAGGTGCGGACC-1,2
E15_5-S1#AGAGAAGGTTATTCAT-1,8
E15_5-S1#AGAGAAGGTTGACTTC-1,2
E15_5-S1#AGAGCTATAACCTGCG-1,8
E15_5-S1#AGAGCTATAATTAAGA-1,3
E15_5-S1#AGAGCTATACCGCCAA-1,6
E15_5-S1#AGAGCTATACGGAGGC-1,3
E15_5-S1#AGAGCTATACTATGCA-1,2
E15_5-S1#AGAGCTATACTCAATA-1,2
E15_5-S1#AGAGCTATACTTAACC-1,6
E15_5-S1#AGAGCTATAGAACGTC-1,4
E15_5-S1#AGAGCTATAGAGCTAT-1,2
E15_5-S1#AGAGCTATATAAGGAG-1,12
E15_5-S1#AGAGCTATATCATATT-1,5
E15_5-S1#AGAGCTATCAACCGCT-1,6
E15_5-S1#AGAGCTATCCAGTTCC-1,6
E15_5-S1#AGAGCTATCCGAGAAT-1,5
E15_5-S1#AGAGCTATCCGATTCC-1,6
E15_5-S1#AGAGCTATCGAACGCC-1,12
E15_5-S1#AGAGCTATCGACGCGA-1,2
E15_5-S1#AGAGCTATCTAAGAGA-1,2
E15_5-S1#AGAGCTATCTGATGGT-1,5
E15_5-S1#AGAGCTATCTTGCGCC-1,3
E15_5-S1#AGAGCTATGACCTTGA-1,6
E15_5-S1#AGAGCTATGATACGGA-1,2
E15_5-S1#AGAGCTATGATCTTAC-1,5
E15_5-S1#AGAGCTATGCAGGTCC-1,6
E15_5-S1#AGAGCTATGCCATTCT-1,2
E15_5-S1#AGAGCTATGCCGCAAC-1,5
E15_5-S1#AGAGCTATGCGTTGGA-1,2
E15_5-S1#AGAGCTATGCTAACTT-1,8
E15_5-S1#AGAGCTATGGCTGAGC-1,6
E15_5-S1#AGAGCTATGGTACTGC-1,3
E15_5-S1#AGAGCTATGGTATGCT-1,3
E15_5-S1#AGAGCTATTAGAATTA-1,3
E15_5-S1#AGAGCTATTAGAGTAA-1,6
E15_5-S1#AGAGCTATTAGATCTA-1,3
E15_5-S1#AGAGCTATTCCTACCA-1,2
E15_5-S1#AGAGCTATTCGGCCTT-1,6
E15_5-S1#AGAGCTATTGAGTCTG-1,5
E15_5-S1#AGAGCTATTGCCGGCA-1,2
E15_5-S1#AGAGCTATTGCGGACC-1,2
E15_5-S1#AGAGCTATTGGTCAGC-1,2
E15_5-S1#AGAGCTATTTACCGAG-1,2
E15_5-S1#AGAGCTATTTATCCGG-1,8
E15_5-S1#AGAGCTATTTATTCAT-1,3
E15_5-S1#AGAGCTATTTGACTTC-1,2
E15_5-S1#ATAAGGAGAATTAAGA-1,8
E15_5-S1#ATAAGGAGACGGAGGC-1,8
E15_5-S1#ATAAGGAGACTCAATA-1,8
E15_5-S1#ATAAGGAGAGAACGTC-1,6
E15_5-S1#ATAAGGAGAGAGCTAT-1,6
E15_5-S1#ATAAGGAGCCGAGAAT-1,8
E15_5-S1#ATAAGGAGCTAAGAGA-1,8
E15_5-S1#ATAAGGAGCTGATGGT-1,8
E15_5-S1#ATAAGGAGCTTGCGCC-1,11
E15_5-S1#ATAAGGAGGATCTTAC-1,8
E15_5-S1#ATAAGGAGGCAGGTCC-1,6
E15_5-S1#ATAAGGAGGCCATTCT-1,8
E15_5-S1#ATAAGGAGGCCGCAAC-1,8
E15_5-S1#ATAAGGAGGCGTTGGA-1,8
E15_5-S1#ATAAGGAGGGTACTGC-1,8
E15_5-S1#ATAAGGAGTAGAATTA-1,8
E15_5-S1#ATAAGGAGTAGATCTA-1,8
E15_5-S1#ATAAGGAGTCCTACCA-1,8
E15_5-S1#ATAAGGAGTCGGCCTT-1,6
E15_5-S1#ATAAGGAGTGAGTCTG-1,8
E15_5-S1#ATAAGGAGTGCCGGCA-1,8
E15_5-S1#ATAAGGAGTGCGGACC-1,8
E15_5-S1#ATAAGGAGTTATTCAT-1,8
E15_5-S1#ATAAGGAGTTGACTTC-1,8
E15_5-S1#ATCATATTAAGAAGCT-1,8
E15_5-S1#ATCATATTAATTAAGA-1,3
E15_5-S1#ATCATATTACCGCCAA-1,13
E15_5-S1#ATCATATTACGGAGGC-1,3
E15_5-S1#ATCATATTACTATGCA-1,4
E15_5-S1#ATCATATTACTCAATA-1,3
E15_5-S1#ATCATATTACTTAACC-1,4
E15_5-S1#ATCATATTAGAACGTC-1,4
E15_5-S1#ATCATATTAGAGCTAT-1,3
E15_5-S1#ATCATATTATAAGGAG-1,13
E15_5-S1#ATCATATTATCATATT-1,4
E15_5-S1#ATCATATTCAACCGCT-1,4
E15_5-S1#ATCATATTCCAGTTCC-1,6
E15_5-S1#ATCATATTCCGAGAAT-1,3
E15_5-S1#ATCATATTCCGATTCC-1,13
E15_5-S1#ATCATATTCGAACGCC-1,13
E15_5-S1#ATCATATTCGACGCGA-1,4
E15_5-S1#ATCATATTCTAAGAGA-1,3
E15_5-S1#ATCATATTCTGATGGT-1,2
E15_5-S1#ATCATATTCTTGCGCC-1,3
E15_5-S1#ATCATATTGAAGATCG-1,11
E15_5-S1#ATCATATTGACCTTGA-1,4
E15_5-S1#ATCATATTGATACGGA-1,4
E15_5-S1#ATCATATTGATCTTAC-1,3
E15_5-S1#ATCATATTGCAGGTCC-1,6
E15_5-S1#ATCATATTGCCATTCT-1,3
E15_5-S1#ATCATATTGCCGCAAC-1,2
E15_5-S1#ATCATATTGCGTTGGA-1,3
E15_5-S1#ATCATATTGGCTGAGC-1,13
E15_5-S1#ATCATATTGGTACTGC-1,4
E15_5-S1#ATCATATTTAGAATTA-1,3
E15_5-S1#ATCATATTTAGAGTAA-1,4
E15_5-S1#ATCATATTTAGATCTA-1,3
E15_5-S1#ATCATATTTCCGGCCT-1,8
E15_5-S1#ATCATATTTCCTACCA-1,3
E15_5-S1#ATCATATTTCGGCCTT-1,11
E15_5-S1#ATCATATTTCTGATAC-1,8
E15_5-S1#ATCATATTTGAGTCTG-1,3
E15_5-S1#ATCATATTTGCCGGCA-1,3
E15_5-S1#ATCATATTTGCGGACC-1,3
E15_5-S1#ATCATATTTGGTCAGC-1,4
E15_5-S1#ATCATATTTTACCGAG-1,3
E15_5-S1#ATCATATTTTATCCGG-1,8
E15_5-S1#ATCATATTTTATTCAT-1,2
E15_5-S1#ATCATATTTTGACTTC-1,3
E15_5-S1#CAACCGCTAAGAAGCT-1,3
E15_5-S1#CAACCGCTACGGAGGC-1,2
E15_5-S1#CAACCGCTACTCAATA-1,3
E15_5-S1#CAACCGCTACTTAACC-1,12
E15_5-S1#CAACCGCTAGAACGTC-1,3
E15_5-S1#CAACCGCTAGAGAAGG-1,8
E15_5-S1#CAACCGCTAGAGCTAT-1,4
E15_5-S1#CAACCGCTCAACCGCT-1,12
E15_5-S1#CAACCGCTCATACTCC-1,8
E15_5-S1#CAACCGCTCCGAGAAT-1,5
E15_5-S1#CAACCGCTCGACGCGA-1,3
E15_5-S1#CAACCGCTCTAAGAGA-1,4
E15_5-S1#CAACCGCTCTGATGGT-1,5
E15_5-S1#CAACCGCTCTTGCGCC-1,6
E15_5-S1#CAACCGCTGAAGATCG-1,3
E15_5-S1#CAACCGCTGACCTTGA-1,6
E15_5-S1#CAACCGCTGATACGGA-1,3
E15_5-S1#CAACCGCTGATCTTAC-1,5
E15_5-S1#CAACCGCTGCAGGTCC-1,6
E15_5-S1#CAACCGCTGCCATTCT-1,4
E15_5-S1#CAACCGCTGCCGCAAC-1,5
E15_5-S1#CAACCGCTGCGTTGGA-1,2
E15_5-S1#CAACCGCTGCTAACTT-1,8
E15_5-S1#CAACCGCTGGTACTGC-1,4
E15_5-S1#CAACCGCTTAGAATTA-1,4
E15_5-S1#CAACCGCTTAGAGTAA-1,6
E15_5-S1#CAACCGCTTCCGGCCT-1,8
E15_5-S1#CAACCGCTTCCTACCA-1,2
E15_5-S1#CAACCGCTTCGGCCTT-1,4
E15_5-S1#CAACCGCTTCTGATAC-1,4
E15_5-S1#CAACCGCTTGAGTCTG-1,5
E15_5-S1#CAACCGCTTGCGGACC-1,5
E15_5-S1#CAACCGCTTTACCGAG-1,3
E15_5-S1#CAACCGCTTTATCCGG-1,3
E15_5-S1#CAACCGCTTTGACTTC-1,4
E15_5-S1#CATACTCCAATTAAGA-1,8
E15_5-S1#CATACTCCACCGCCAA-1,12
E15_5-S1#CATACTCCACGGAGGC-1,4
E15_5-S1#CATACTCCACTCAATA-1,2
E15_5-S1#CATACTCCACTTAACC-1,12
E15_5-S1#CATACTCCAGAACGTC-1,3
E15_5-S1#CATACTCCAGAGCTAT-1,3
E15_5-S1#CATACTCCCAACCGCT-1,12
E15_5-S1#CATACTCCCCAGTTCC-1,12
E15_5-S1#CATACTCCCCGAGAAT-1,2
E15_5-S1#CATACTCCCCGATTCC-1,12
E15_5-S1#CATACTCCCTAAGAGA-1,3
E15_5-S1#CATACTCCCTGATGGT-1,2
E15_5-S1#CATACTCCCTTGCGCC-1,2
E15_5-S1#CATACTCCGACCTTGA-1,6
E15_5-S1#CATACTCCGATCTTAC-1,2
E15_5-S1#CATACTCCGCAGGTCC-1,6
E15_5-S1#CATACTCCGCCATTCT-1,3
E15_5-S1#CATACTCCGCCGCAAC-1,2
E15_5-S1#CATACTCCGCGTTGGA-1,2
E15_5-S1#CATACTCCGGCTGAGC-1,12
E15_5-S1#CATACTCCGGTACTGC-1,2
E15_5-S1#CATACTCCTAGAATTA-1,2
E15_5-S1#CATACTCCTAGAGTAA-1,6
E15_5-S1#CATACTCCTAGATCTA-1,8
E15_5-S1#CATACTCCTCCTACCA-1,2
E15_5-S1#CATACTCCTCGGCCTT-1,4
E15_5-S1#CATACTCCTGAGTCTG-1,3
E15_5-S1#CATACTCCTGCGGACC-1,4
E15_5-S1#CATACTCCTTGACTTC-1,3
E15_5-S1#CCAGTTCCAAGAAGCT-1,8
E15_5-S1#CCAGTTCCACGGAGGC-1,3
E15_5-S1#CCAGTTCCACTATGCA-1,3
E15_5-S1#CCAGTTCCACTCAATA-1,4
E15_5-S1#CCAGTTCCAGAACGTC-1,4
E15_5-S1#CCAGTTCCAGAGCTAT-1,4
E15_5-S1#CCAGTTCCATCATATT-1,4
E15_5-S1#CCAGTTCCCAACCGCT-1,12
E15_5-S1#CCAGTTCCCCGAGAAT-1,5
E15_5-S1#CCAGTTCCCGACGCGA-1,3
E15_5-S1#CCAGTTCCCTAAGAGA-1,4
E15_5-S1#CCAGTTCCCTGATGGT-1,5
E15_5-S1#CCAGTTCCCTTGCGCC-1,4
E15_5-S1#CCAGTTCCGAAGATCG-1,8
E15_5-S1#CCAGTTCCGACCTTGA-1,12
E15_5-S1#CCAGTTCCGATACGGA-1,3
E15_5-S1#CCAGTTCCGATCTTAC-1,5
E15_5-S1#CCAGTTCCGCAGGTCC-1,6
E15_5-S1#CCAGTTCCGCCATTCT-1,4
E15_5-S1#CCAGTTCCGCCGCAAC-1,5
E15_5-S1#CCAGTTCCGCGTTGGA-1,2
E15_5-S1#CCAGTTCCGGTACTGC-1,4
E15_5-S1#CCAGTTCCTAGAATTA-1,4
E15_5-S1#CCAGTTCCTAGAGTAA-1,6
E15_5-S1#CCAGTTCCTAGATCTA-1,3
E15_5-S1#CCAGTTCCTCCTACCA-1,3
E15_5-S1#CCAGTTCCTCGGCCTT-1,6
E15_5-S1#CCAGTTCCTGAGTCTG-1,5
E15_5-S1#CCAGTTCCTGCGGACC-1,2
E15_5-S1#CCAGTTCCTTACCGAG-1,4
E15_5-S1#CCAGTTCCTTATCCGG-1,3
E15_5-S1#CCAGTTCCTTGACTTC-1,4
E15_5-S1#CCGAGAATAACCTGCG-1,8
E15_5-S1#CCGAGAATAATTAAGA-1,2
E15_5-S1#CCGAGAATACCGCCAA-1,6
E15_5-S1#CCGAGAATACGGAGGC-1,5
E15_5-S1#CCGAGAATACTATGCA-1,2
E15_5-S1#CCGAGAATACTCAATA-1,2
E15_5-S1#CCGAGAATACTTAACC-1,6
E15_5-S1#CCGAGAATAGAACGTC-1,2
E15_5-S1#CCGAGAATAGAGAAGG-1,3
E15_5-S1#CCGAGAATAGAGCTAT-1,5
E15_5-S1#CCGAGAATATAAGGAG-1,13
E15_5-S1#CCGAGAATATCATATT-1,2
E15_5-S1#CCGAGAATCAACCGCT-1,6
E15_5-S1#CCGAGAATCATACTCC-1,3
E15_5-S1#CCGAGAATCCAGTTCC-1,6
E15_5-S1#CCGAGAATCCGAGAAT-1,2
E15_5-S1#CCGAGAATCCGATTCC-1,6
E15_5-S1#CCGAGAATCGAACGCC-1,13
E15_5-S1#CCGAGAATCGACGCGA-1,5
E15_5-S1#CCGAGAATCTAAGAGA-1,2
E15_5-S1#CCGAGAATCTGATGGT-1,5
E15_5-S1#CCGAGAATCTTGCGCC-1,2
E15_5-S1#CCGAGAATGACCTTGA-1,6
E15_5-S1#CCGAGAATGATACGGA-1,2
E15_5-S1#CCGAGAATGATCTTAC-1,5
E15_5-S1#CCGAGAATGCAGGTCC-1,4
E15_5-S1#CCGAGAATGCCATTCT-1,2
E15_5-S1#CCGAGAATGCCGCAAC-1,5
E15_5-S1#CCGAGAATGCGTTGGA-1,5
E15_5-S1#CCGAGAATGCTAACTT-1,3
E15_5-S1#CCGAGAATGGCTGAGC-1,13
E15_5-S1#CCGAGAATGGTACTGC-1,2
E15_5-S1#CCGAGAATGGTATGCT-1,3
E15_5-S1#CCGAGAATTAGAATTA-1,2
E15_5-S1#CCGAGAATTAGAGTAA-1,6
E15_5-S1#CCGAGAATTAGATCTA-1,5
E15_5-S1#CCGAGAATTCCGGCCT-1,8
E15_5-S1#CCGAGAATTCCTACCA-1,5
E15_5-S1#CCGAGAATTCGGCCTT-1,4
E15_5-S1#CCGAGAATTCTGATAC-1,2
E15_5-S1#CCGAGAATTGAGTCTG-1,5
E15_5-S1#CCGAGAATTGCCGGCA-1,2
E15_5-S1#CCGAGAATTGCGGACC-1,5
E15_5-S1#CCGAGAATTGGTCAGC-1,2
E15_5-S1#CCGAGAATTTACCGAG-1,5
E15_5-S1#CCGAGAATTTATCCGG-1,2
E15_5-S1#CCGAGAATTTATTCAT-1,2
E15_5-S1#CCGAGAATTTGACTTC-1,5
E15_5-S1#CCGATTCCAATTAAGA-1,3
E15_5-S1#CCGATTCCACGGAGGC-1,2
E15_5-S1#CCGATTCCACTATGCA-1,8
E15_5-S1#CCGATTCCACTCAATA-1,4
E15_5-S1#CCGATTCCAGAACGTC-1,4
E15_5-S1#CCGATTCCAGAGCTAT-1,4
E15_5-S1#CCGATTCCATCATATT-1,8
E15_5-S1#CCGATTCCCCGAGAAT-1,2
E15_5-S1#CCGATTCCCGACGCGA-1,8
E15_5-S1#CCGATTCCCTAAGAGA-1,4
E15_5-S1#CCGATTCCCTGATGGT-1,2
E15_5-S1#CCGATTCCCTTGCGCC-1,4
E15_5-S1#CCGATTCCGACCTTGA-1,6
E15_5-S1#CCGATTCCGATCTTAC-1,2
E15_5-S1#CCGATTCCGCAGGTCC-1,6
E15_5-S1#CCGATTCCGCCATTCT-1,4
E15_5-S1#CCGATTCCGCCGCAAC-1,5
E15_5-S1#CCGATTCCGCGTTGGA-1,3
E15_5-S1#CCGATTCCGGTACTGC-1,4
E15_5-S1#CCGATTCCTAGAATTA-1,4
E15_5-S1#CCGATTCCTAGAGTAA-1,6
E15_5-S1#CCGATTCCTAGATCTA-1,3
E15_5-S1#CCGATTCCTCCTACCA-1,3
E15_5-S1#CCGATTCCTCGGCCTT-1,6
E15_5-S1#CCGATTCCTGAGTCTG-1,5
E15_5-S1#CCGATTCCTGCGGACC-1,2
E15_5-S1#CCGATTCCTGGTCAGC-1,8
E15_5-S1#CCGATTCCTTGACTTC-1,4
E15_5-S1#CGAACGCCAATTAAGA-1,3
E15_5-S1#CGAACGCCACGGAGGC-1,8
E15_5-S1#CGAACGCCACTCAATA-1,4
E15_5-S1#CGAACGCCAGAACGTC-1,6
E15_5-S1#CGAACGCCAGAGCTAT-1,6
E15_5-S1#CGAACGCCCCGAGAAT-1,2
E15_5-S1#CGAACGCCCTAAGAGA-1,4
E15_5-S1#CGAACGCCCTGATGGT-1,2
E15_5-S1#CGAACGCCCTTGCGCC-1,6
E15_5-S1#CGAACGCCGATCTTAC-1,3
E15_5-S1#CGAACGCCGCAGGTCC-1,6
E15_5-S1#CGAACGCCGCCATTCT-1,8
E15_5-S1#CGAACGCCGCCGCAAC-1,5
E15_5-S1#CGAACGCCGCGTTGGA-1,3
E15_5-S1#CGAACGCCGGTACTGC-1,8
E15_5-S1#CGAACGCCTAGAATTA-1,8
E15_5-S1#CGAACGCCTAGAGTAA-1,6
E15_5-S1#CGAACGCCTAGATCTA-1,3
E15_5-S1#CGAACGCCTCCTACCA-1,4
E15_5-S1#CGAACGCCTCGGCCTT-1,6
E15_5-S1#CGAACGCCTGAGTCTG-1,2
E15_5-S1#CGAACGCCTGCCGGCA-1,8
E15_5-S1#CGAACGCCTGCGGACC-1,2
E15_5-S1#CGAACGCCTTATTCAT-1,8
E15_5-S1#CGAACGCCTTGACTTC-1,4
E15_5-S1#CGACGCGAAATTAAGA-1,3
E15_5-S1#CGACGCGAACCGCCAA-1,13
E15_5-S1#CGACGCGAACGGAGGC-1,3
E15_5-S1#CGACGCGAACTATGCA-1,4
E15_5-S1#CGACGCGAACTCAATA-1,3
E15_5-S1#CGACGCGAACTTAACC-1,4
E15_5-S1#CGACGCGAAGAACGTC-1,3
E15_5-S1#CGACGCGAAGAGCTAT-1,3
E15_5-S1#CGACGCGAATAAGGAG-1,13
E15_5-S1#CGACGCGAATCATATT-1,3
E15_5-S1#CGACGCGACAACCGCT-1,4
E15_5-S1#CGACGCGACCAGTTCC-1,6
E15_5-S1#CGACGCGACCGAGAAT-1,8
E15_5-S1#CGACGCGACCGATTCC-1,13
E15_5-S1#CGACGCGACGAACGCC-1,13
E15_5-S1#CGACGCGACGACGCGA-1,4
E15_5-S1#CGACGCGACTAAGAGA-1,3
E15_5-S1#CGACGCGACTGATGGT-1,8
E15_5-S1#CGACGCGACTTGCGCC-1,3
E15_5-S1#CGACGCGAGACCTTGA-1,4
E15_5-S1#CGACGCGAGATACGGA-1,4
E15_5-S1#CGACGCGAGATCTTAC-1,3
E15_5-S1#CGACGCGAGCAGGTCC-1,4
E15_5-S1#CGACGCGAGCCATTCT-1,3
E15_5-S1#CGACGCGAGCCGCAAC-1,3
E15_5-S1#CGACGCGAGCGTTGGA-1,3
E15_5-S1#CGACGCGAGGCTGAGC-1,13
E15_5-S1#CGACGCGAGGTACTGC-1,3
E15_5-S1#CGACGCGATAGAATTA-1,3
E15_5-S1#CGACGCGATAGAGTAA-1,4
E15_5-S1#CGACGCGATAGATCTA-1,3
E15_5-S1#CGACGCGATCCTACCA-1,3
E15_5-S1#CGACGCGATCGGCCTT-1,3
E15_5-S1#CGACGCGATCTGATAC-1,8
E15_5-S1#CGACGCGATGAGTCTG-1,2
E15_5-S1#CGACGCGATGCCGGCA-1,3
E15_5-S1#CGACGCGATGCGGACC-1,3
E15_5-S1#CGACGCGATGGTCAGC-1,4
E15_5-S1#CGACGCGATTACCGAG-1,3
E15_5-S1#CGACGCGATTATCCGG-1,8
E15_5-S1#CGACGCGATTATTCAT-1,3
E15_5-S1#CGACGCGATTGACTTC-1,3
E15_5-S1#CTAAGAGAAACCTGCG-1,8
E15_5-S1#CTAAGAGAAATTAAGA-1,4
E15_5-S1#CTAAGAGAACCGCCAA-1,6
E15_5-S1#CTAAGAGAACGGAGGC-1,2
E15_5-S1#CTAAGAGAACTATGCA-1,2
E15_5-S1#CTAAGAGAACTCAATA-1,2
E15_5-S1#CTAAGAGAACTTAACC-1,6
E15_5-S1#CTAAGAGAAGAACGTC-1,6
E15_5-S1#CTAAGAGAAGAGCTAT-1,2
E15_5-S1#CTAAGAGAATAAGGAG-1,13
E15_5-S1#CTAAGAGAATCATATT-1,2
E15_5-S1#CTAAGAGACAACCGCT-1,6
E15_5-S1#CTAAGAGACATACTCC-1,8
E15_5-S1#CTAAGAGACCAGTTCC-1,6
E15_5-S1#CTAAGAGACCGAGAAT-1,5
E15_5-S1#CTAAGAGACCGATTCC-1,6
E15_5-S1#CTAAGAGACGAACGCC-1,12
E15_5-S1#CTAAGAGACGACGCGA-1,2
E15_5-S1#CTAAGAGACTAAGAGA-1,2
E15_5-S1#CTAAGAGACTGATGGT-1,5
E15_5-S1#CTAAGAGACTTGCGCC-1,3
E15_5-S1#CTAAGAGAGACCTTGA-1,6
E15_5-S1#CTAAGAGAGATACGGA-1,2
E15_5-S1#CTAAGAGAGATCTTAC-1,5
E15_5-S1#CTAAGAGAGCAGGTCC-1,6
E15_5-S1#CTAAGAGAGCCATTCT-1,2
E15_5-S1#CTAAGAGAGCCGCAAC-1,5
E15_5-S1#CTAAGAGAGCGTTGGA-1,2
E15_5-S1#CTAAGAGAGCTAACTT-1,3
E15_5-S1#CTAAGAGAGGCTGAGC-1,6
E15_5-S1#CTAAGAGAGGTACTGC-1,3
E15_5-S1#CTAAGAGAGGTATGCT-1,4
E15_5-S1#CTAAGAGATAGAATTA-1,2
E15_5-S1#CTAAGAGATAGAGTAA-1,6
E15_5-S1#CTAAGAGATAGATCTA-1,3
E15_5-S1#CTAAGAGATCCTACCA-1,2
E15_5-S1#CTAAGAGATCGGCCTT-1,6
E15_5-S1#CTAAGAGATGAGTCTG-1,5
E15_5-S1#CTAAGAGATGCCGGCA-1,3
E15_5-S1#CTAAGAGATGCGGACC-1,5
E15_5-S1#CTAAGAGATGGTCAGC-1,2
E15_5-S1#CTAAGAGATTACCGAG-1,2
E15_5-S1#CTAAGAGATTATCCGG-1,8
E15_5-S1#CTAAGAGATTATTCAT-1,3
E15_5-S1#CTAAGAGATTGACTTC-1,2
E15_5-S1#CTGATGGTAACCTGCG-1,8
E15_5-S1#CTGATGGTAATTAAGA-1,5
E15_5-S1#CTGATGGTACCGCCAA-1,6
E15_5-S1#CTGATGGTACGGAGGC-1,5
E15_5-S1#CTGATGGTACTATGCA-1,2
E15_5-S1#CTGATGGTACTCAATA-1,5
E15_5-S1#CTGATGGTACTTAACC-1,6
E15_5-S1#CTGATGGTAGAACGTC-1,2
E15_5-S1#CTGATGGTAGAGAAGG-1,8
E15_5-S1#CTGATGGTAGAGCTAT-1,5
E15_5-S1#CTGATGGTATAAGGAG-1,13
E15_5-S1#CTGATGGTATCATATT-1,2
E15_5-S1#CTGATGGTCAACCGCT-1,6
E15_5-S1#CTGATGGTCATACTCC-1,3
E15_5-S1#CTGATGGTCCAGTTCC-1,6
E15_5-S1#CTGATGGTCCGAGAAT-1,5
E15_5-S1#CTGATGGTCCGATTCC-1,6
E15_5-S1#CTGATGGTCGAACGCC-1,13
E15_5-S1#CTGATGGTCGACGCGA-1,2
E15_5-S1#CTGATGGTCTAAGAGA-1,5
E15_5-S1#CTGATGGTCTGATGGT-1,5
E15_5-S1#CTGATGGTCTTGCGCC-1,2
E15_5-S1#CTGATGGTGACCTTGA-1,6
E15_5-S1#CTGATGGTGATACGGA-1,2
E15_5-S1#CTGATGGTGATCTTAC-1,5
E15_5-S1#CTGATGGTGCAGGTCC-1,6
E15_5-S1#CTGATGGTGCCATTCT-1,2
E15_5-S1#CTGATGGTGCCGCAAC-1,5
E15_5-S1#CTGATGGTGCGTTGGA-1,5
E15_5-S1#CTGATGGTGCTAACTT-1,3
E15_5-S1#CTGATGGTGGCTGAGC-1,13
E15_5-S1#CTGATGGTGGTACTGC-1,2
E15_5-S1#CTGATGGTGGTATGCT-1,3
E15_5-S1#CTGATGGTTAGAATTA-1,2
E15_5-S1#CTGATGGTTAGAGTAA-1,6
E15_5-S1#CTGATGGTTAGATCTA-1,5
E15_5-S1#CTGATGGTTCCTACCA-1,5
E15_5-S1#CTGATGGTTCGGCCTT-1,4
E15_5-S1#CTGATGGTTCTGATAC-1,2
E15_5-S1#CTGATGGTTGAGTCTG-1,5
E15_5-S1#CTGATGGTTGCCGGCA-1,5
E15_5-S1#CTGATGGTTGCGGACC-1,5
E15_5-S1#CTGATGGTTGGTCAGC-1,2
E15_5-S1#CTGATGGTTTACCGAG-1,2
E15_5-S1#CTGATGGTTTATCCGG-1,2
E15_5-S1#CTGATGGTTTATTCAT-1,2
E15_5-S1#CTGATGGTTTGACTTC-1,5
E15_5-S1#CTTGCGCCAACCTGCG-1,8
E15_5-S1#CTTGCGCCAATTAAGA-1,5
E15_5-S1#CTTGCGCCACCGCCAA-1,6
E15_5-S1#CTTGCGCCACGGAGGC-1,5
E15_5-S1#CTTGCGCCACTATGCA-1,2
E15_5-S1#CTTGCGCCACTCAATA-1,4
E15_5-S1#CTTGCGCCACTTAACC-1,6
E15_5-S1#CTTGCGCCAGAACGTC-1,4
E15_5-S1#CTTGCGCCAGAGCTAT-1,4
E15_5-S1#CTTGCGCCATCATATT-1,5
E15_5-S1#CTTGCGCCCAACCGCT-1,6
E15_5-S1#CTTGCGCCCCAGTTCC-1,6
E15_5-S1#CTTGCGCCCCGAGAAT-1,5
E15_5-S1#CTTGCGCCCCGATTCC-1,6
E15_5-S1#CTTGCGCCCGACGCGA-1,2
E15_5-S1#CTTGCGCCCTAAGAGA-1,4
E15_5-S1#CTTGCGCCCTGATGGT-1,5
E15_5-S1#CTTGCGCCCTTGCGCC-1,4
E15_5-S1#CTTGCGCCGACCTTGA-1,6
E15_5-S1#CTTGCGCCGATACGGA-1,3
E15_5-S1#CTTGCGCCGATCTTAC-1,5
E15_5-S1#CTTGCGCCGCAGGTCC-1,6
E15_5-S1#CTTGCGCCGCCATTCT-1,3
E15_5-S1#CTTGCGCCGCCGCAAC-1,5
E15_5-S1#CTTGCGCCGCGTTGGA-1,3
E15_5-S1#CTTGCGCCGGCTGAGC-1,12
E15_5-S1#CTTGCGCCGGTACTGC-1,4
E15_5-S1#CTTGCGCCGGTATGCT-1,3
E15_5-S1#CTTGCGCCTAGAATTA-1,4
E15_5-S1#CTTGCGCCTAGAGTAA-1,6
E15_5-S1#CTTGCGCCTAGATCTA-1,5
E15_5-S1#CTTGCGCCTCCTACCA-1,3
E15_5-S1#CTTGCGCCTCGGCCTT-1,4
E15_5-S1#CTTGCGCCTGAGTCTG-1,5
E15_5-S1#CTTGCGCCTGCCGGCA-1,5
E15_5-S1#CTTGCGCCTGCGGACC-1,5
E15_5-S1#CTTGCGCCTGGTCAGC-1,2
E15_5-S1#CTTGCGCCTTACCGAG-1,5
E15_5-S1#CTTGCGCCTTATTCAT-1,5
E15_5-S1#CTTGCGCCTTGACTTC-1,3
E15_5-S1#GAAGATCGAATTAAGA-1,2
E15_5-S1#GAAGATCGACCGCCAA-1,6
E15_5-S1#GAAGATCGACGGAGGC-1,2
E15_5-S1#GAAGATCGACTTAACC-1,4
E15_5-S1#GAAGATCGAGAACGTC-1,3
E15_5-S1#GAAGATCGATAAGGAG-1,12
E15_5-S1#GAAGATCGATCATATT-1,8
E15_5-S1#GAAGATCGCAACCGCT-1,4
E15_5-S1#GAAGATCGCCAGTTCC-1,6
E15_5-S1#GAAGATCGCCGAGAAT-1,3
E15_5-S1#GAAGATCGCCGATTCC-1,6
E15_5-S1#GAAGATCGCGAACGCC-1,12
E15_5-S1#GAAGATCGCTGATGGT-1,2
E15_5-S1#GAAGATCGCTTGCGCC-1,2
E15_5-S1#GAAGATCGGACCTTGA-1,3
E15_5-S1#GAAGATCGGCAGGTCC-1,3
E15_5-S1#GAAGATCGGCCATTCT-1,3
E15_5-S1#GAAGATCGGCCGCAAC-1,3
E15_5-S1#GAAGATCGGGCTGAGC-1,12
E15_5-S1#GAAGATCGGGTACTGC-1,3
E15_5-S1#GAAGATCGTAGAATTA-1,3
E15_5-S1#GAAGATCGTAGAGTAA-1,3
E15_5-S1#GAAGATCGTAGATCTA-1,2
E15_5-S1#GAAGATCGTCGGCCTT-1,3
E15_5-S1#GAAGATCGTGAGTCTG-1,3
E15_5-S1#GAAGATCGTGCCGGCA-1,3
E15_5-S1#GAAGATCGTGCGGACC-1,3
E15_5-S1#GAAGATCGTGGTCAGC-1,8
E15_5-S1#GAAGATCGTTACCGAG-1,4
E15_5-S1#GAAGATCGTTATTCAT-1,2
E15_5-S1#GAAGATCGTTGACTTC-1,3
E15_5-S1#GACCTTGAAAGAAGCT-1,3
E15_5-S1#GACCTTGAACGGAGGC-1,2
E15_5-S1#GACCTTGAACTATGCA-1,3
E15_5-S1#GACCTTGAACTCAATA-1,3
E15_5-S1#GACCTTGAACTTAACC-1,12
E15_5-S1#GACCTTGAAGAACGTC-1,4
E15_5-S1#GACCTTGAAGAGAAGG-1,8
E15_5-S1#GACCTTGAAGAGCTAT-1,4
E15_5-S1#GACCTTGACAACCGCT-1,12
E15_5-S1#GACCTTGACATACTCC-1,8
E15_5-S1#GACCTTGACCAGTTCC-1,12
E15_5-S1#GACCTTGACCGAGAAT-1,5
E15_5-S1#GACCTTGACGACGCGA-1,3
E15_5-S1#GACCTTGACTAAGAGA-1,4
E15_5-S1#GACCTTGACTGATGGT-1,5
E15_5-S1#GACCTTGACTTGCGCC-1,3
E15_5-S1#GACCTTGAGAAGATCG-1,3
E15_5-S1#GACCTTGAGACCTTGA-1,6
E15_5-S1#GACCTTGAGATACGGA-1,3
E15_5-S1#GACCTTGAGATCTTAC-1,5
E15_5-S1#GACCTTGAGCAGGTCC-1,6
E15_5-S1#GACCTTGAGCCATTCT-1,4
E15_5-S1#GACCTTGAGCCGCAAC-1,5
E15_5-S1#GACCTTGAGCGTTGGA-1,2
E15_5-S1#GACCTTGAGCTAACTT-1,8
E15_5-S1#GACCTTGAGGTACTGC-1,4
E15_5-S1#GACCTTGAGGTATGCT-1,8
E15_5-S1#GACCTTGATAGAATTA-1,4
E15_5-S1#GACCTTGATAGAGTAA-1,6
E15_5-S1#GACCTTGATCCTACCA-1,2
E15_5-S1#GACCTTGATCGGCCTT-1,6
E15_5-S1#GACCTTGATCTGATAC-1,3
E15_5-S1#GACCTTGATGAGTCTG-1,5
E15_5-S1#GACCTTGATGCGGACC-1,5
E15_5-S1#GACCTTGATTATCCGG-1,3
E15_5-S1#GACCTTGATTGACTTC-1,4
E15_5-S1#GATACGGAAATTAAGA-1,3
E15_5-S1#GATACGGAACCGCCAA-1,6
E15_5-S1#GATACGGAACTATGCA-1,6
E15_5-S1#GATACGGAACTCAATA-1,3
E15_5-S1#GATACGGAACTTAACC-1,4
E15_5-S1#GATACGGAAGAACGTC-1,2
E15_5-S1#GATACGGAAGAGCTAT-1,2
E15_5-S1#GATACGGAATAAGGAG-1,13
E15_5-S1#GATACGGAATCATATT-1,3
E15_5-S1#GATACGGACAACCGCT-1,6
E15_5-S1#GATACGGACCAGTTCC-1,4
E15_5-S1#GATACGGACCGATTCC-1,13
E15_5-S1#GATACGGACGAACGCC-1,13
E15_5-S1#GATACGGACGACGCGA-1,4
E15_5-S1#GATACGGACTAAGAGA-1,3
E15_5-S1#GATACGGACTTGCGCC-1,2
E15_5-S1#GATACGGAGACCTTGA-1,4
E15_5-S1#GATACGGAGATACGGA-1,8
E15_5-S1#GATACGGAGCAGGTCC-1,3
E15_5-S1#GATACGGAGCCATTCT-1,2
E15_5-S1#GATACGGAGCGTTGGA-1,3
E15_5-S1#GATACGGAGGCTGAGC-1,13
E15_5-S1#GATACGGAGGTACTGC-1,2
E15_5-S1#GATACGGATAGAATTA-1,2
E15_5-S1#GATACGGATAGAGTAA-1,4
E15_5-S1#GATACGGATCCTACCA-1,3
E15_5-S1#GATACGGATCGGCCTT-1,3
E15_5-S1#GATACGGATGCCGGCA-1,3
E15_5-S1#GATACGGATGGTCAGC-1,4
E15_5-S1#GATACGGATTACCGAG-1,3
E15_5-S1#GATACGGATTATCCGG-1,8
E15_5-S1#GATACGGATTATTCAT-1,3
E15_5-S1#GATACGGATTGACTTC-1,2
E15_5-S1#GATCTTACAACCTGCG-1,8
E15_5-S1#GATCTTACAATTAAGA-1,5
E15_5-S1#GATCTTACACCGCCAA-1,6
E15_5-S1#GATCTTACACGGAGGC-1,5
E15_5-S1#GATCTTACACTATGCA-1,5
E15_5-S1#GATCTTACACTCAATA-1,5
E15_5-S1#GATCTTACACTTAACC-1,6
E15_5-S1#GATCTTACAGAACGTC-1,2
E15_5-S1#GATCTTACAGAGAAGG-1,3
E15_5-S1#GATCTTACAGAGCTAT-1,5
E15_5-S1#GATCTTACATAAGGAG-1,13
E15_5-S1#GATCTTACATCATATT-1,5
E15_5-S1#GATCTTACCAACCGCT-1,6
E15_5-S1#GATCTTACCATACTCC-1,3
E15_5-S1#GATCTTACCCAGTTCC-1,4
E15_5-S1#GATCTTACCCGAGAAT-1,5
E15_5-S1#GATCTTACCCGATTCC-1,6
E15_5-S1#GATCTTACCGAACGCC-1,13
E15_5-S1#GATCTTACCGACGCGA-1,5
E15_5-S1#GATCTTACCTAAGAGA-1,2
E15_5-S1#GATCTTACCTGATGGT-1,5
E15_5-S1#GATCTTACCTTGCGCC-1,5
E15_5-S1#GATCTTACGACCTTGA-1,6
E15_5-S1#GATCTTACGATACGGA-1,2
E15_5-S1#GATCTTACGATCTTAC-1,5
E15_5-S1#GATCTTACGCAGGTCC-1,6
E15_5-S1#GATCTTACGCCATTCT-1,5
E15_5-S1#GATCTTACGCCGCAAC-1,5
E15_5-S1#GATCTTACGCGTTGGA-1,5
E15_5-S1#GATCTTACGCTAACTT-1,3
E15_5-S1#GATCTTACGGCTGAGC-1,1
E15_5-S1#GATCTTACGGTACTGC-1,5
E15_5-S1#GATCTTACGGTATGCT-1,3
E15_5-S1#GATCTTACTAGAATTA-1,5
E15_5-S1#GATCTTACTAGAGTAA-1,6
E15_5-S1#GATCTTACTAGATCTA-1,5
E15_5-S1#GATCTTACTCCTACCA-1,5
E15_5-S1#GATCTTACTCGGCCTT-1,4
E15_5-S1#GATCTTACTCTGATAC-1,8
E15_5-S1#GATCTTACTGAGTCTG-1,5
E15_5-S1#GATCTTACTGCCGGCA-1,2
E15_5-S1#GATCTTACTGCGGACC-1,5
E15_5-S1#GATCTTACTGGTCAGC-1,5
E15_5-S1#GATCTTACTTACCGAG-1,5
E15_5-S1#GATCTTACTTATCCGG-1,2
E15_5-S1#GATCTTACTTATTCAT-1,5
E15_5-S1#GATCTTACTTGACTTC-1,2
E15_5-S1#GCAGGTCCAACCTGCG-1,8
E15_5-S1#GCAGGTCCAATTAAGA-1,2
E15_5-S1#GCAGGTCCACCGCCAA-1,6
E15_5-S1#GCAGGTCCACGGAGGC-1,5
E15_5-S1#GCAGGTCCACTATGCA-1,3
E15_5-S1#GCAGGTCCACTCAATA-1,3
E15_5-S1#GCAGGTCCACTTAACC-1,12
E15_5-S1#GCAGGTCCAGAACGTC-1,4
E15_5-S1#GCAGGTCCAGAGCTAT-1,4
E15_5-S1#GCAGGTCCCAACCGCT-1,6
E15_5-S1#GCAGGTCCCCAGTTCC-1,12
E15_5-S1#GCAGGTCCCCGAGAAT-1,5
E15_5-S1#GCAGGTCCCGACGCGA-1,3
E15_5-S1#GCAGGTCCCTAAGAGA-1,4
E15_5-S1#GCAGGTCCCTGATGGT-1,5
E15_5-S1#GCAGGTCCCTTGCGCC-1,4
E15_5-S1#GCAGGTCCGAAGATCG-1,8
E15_5-S1#GCAGGTCCGACCTTGA-1,6
E15_5-S1#GCAGGTCCGATACGGA-1,3
E15_5-S1#GCAGGTCCGATCTTAC-1,5
E15_5-S1#GCAGGTCCGCAGGTCC-1,4
E15_5-S1#GCAGGTCCGCCATTCT-1,4
E15_5-S1#GCAGGTCCGCCGCAAC-1,5
E15_5-S1#GCAGGTCCGCGTTGGA-1,2
E15_5-S1#GCAGGTCCGGTACTGC-1,4
E15_5-S1#GCAGGTCCGGTATGCT-1,4
E15_5-S1#GCAGGTCCTAGAATTA-1,4
E15_5-S1#GCAGGTCCTAGAGTAA-1,4
E15_5-S1#GCAGGTCCTAGATCTA-1,5
E15_5-S1#GCAGGTCCTCCTACCA-1,3
E15_5-S1#GCAGGTCCTCGGCCTT-1,4
E15_5-S1#GCAGGTCCTCTGATAC-1,8
E15_5-S1#GCAGGTCCTGAGTCTG-1,5
E15_5-S1#GCAGGTCCTGCCGGCA-1,8
E15_5-S1#GCAGGTCCTGCGGACC-1,5
E15_5-S1#GCAGGTCCTTATCCGG-1,4
E15_5-S1#GCAGGTCCTTATTCAT-1,8
E15_5-S1#GCAGGTCCTTGACTTC-1,4
E15_5-S1#GCCATTCTAACCTGCG-1,8
E15_5-S1#GCCATTCTAATTAAGA-1,2
E15_5-S1#GCCATTCTACCGCCAA-1,6
E15_5-S1#GCCATTCTACGGAGGC-1,2
E15_5-S1#GCCATTCTACTATGCA-1,2
E15_5-S1#GCCATTCTACTCAATA-1,2
E15_5-S1#GCCATTCTACTTAACC-1,6
E15_5-S1#GCCATTCTAGAACGTC-1,4
E15_5-S1#GCCATTCTAGAGCTAT-1,2
E15_5-S1#GCCATTCTATAAGGAG-1,8
E15_5-S1#GCCATTCTATCATATT-1,5
E15_5-S1#GCCATTCTCAACCGCT-1,6
E15_5-S1#GCCATTCTCCAGTTCC-1,6
E15_5-S1#GCCATTCTCCGAGAAT-1,2
E15_5-S1#GCCATTCTCCGATTCC-1,6
E15_5-S1#GCCATTCTCGAACGCC-1,12
E15_5-S1#GCCATTCTCGACGCGA-1,2
E15_5-S1#GCCATTCTCTAAGAGA-1,2
E15_5-S1#GCCATTCTCTGATGGT-1,2
E15_5-S1#GCCATTCTCTTGCGCC-1,4
E15_5-S1#GCCATTCTGACCTTGA-1,6
E15_5-S1#GCCATTCTGATACGGA-1,2
E15_5-S1#GCCATTCTGATCTTAC-1,2
E15_5-S1#GCCATTCTGCAGGTCC-1,6
E15_5-S1#GCCATTCTGCCATTCT-1,3
E15_5-S1#GCCATTCTGCCGCAAC-1,2
E15_5-S1#GCCATTCTGCGTTGGA-1,2
E15_5-S1#GCCATTCTGCTAACTT-1,3
E15_5-S1#GCCATTCTGGCTGAGC-1,12
E15_5-S1#GCCATTCTGGTACTGC-1,4
E15_5-S1#GCCATTCTGGTATGCT-1,3
E15_5-S1#GCCATTCTTAGAATTA-1,3
E15_5-S1#GCCATTCTTAGAGTAA-1,6
E15_5-S1#GCCATTCTTAGATCTA-1,2
E15_5-S1#GCCATTCTTCCTACCA-1,2
E15_5-S1#GCCATTCTTCGGCCTT-1,6
E15_5-S1#GCCATTCTTGAGTCTG-1,2
E15_5-S1#GCCATTCTTGCCGGCA-1,5
E15_5-S1#GCCATTCTTGCGGACC-1,2
E15_5-S1#GCCATTCTTGGTCAGC-1,2
E15_5-S1#GCCATTCTTTACCGAG-1,5
E15_5-S1#GCCATTCTTTATCCGG-1,8
E15_5-S1#GCCATTCTTTATTCAT-1,2
E15_5-S1#GCCATTCTTTGACTTC-1,2
E15_5-S1#GCCGCAACAACCTGCG-1,8
E15_5-S1#GCCGCAACAAGAAGCT-1,8
E15_5-S1#GCCGCAACAATTAAGA-1,2
E15_5-S1#GCCGCAACACCGCCAA-1,6
E15_5-S1#GCCGCAACACGGAGGC-1,2
E15_5-S1#GCCGCAACACTATGCA-1,3
E15_5-S1#GCCGCAACACTCAATA-1,5
E15_5-S1#GCCGCAACACTTAACC-1,6
E15_5-S1#GCCGCAACAGAACGTC-1,2
E15_5-S1#GCCGCAACAGAGAAGG-1,8
E15_5-S1#GCCGCAACAGAGCTAT-1,5
E15_5-S1#GCCGCAACATAAGGAG-1,9
E15_5-S1#GCCGCAACATCATATT-1,2
E15_5-S1#GCCGCAACCAACCGCT-1,12
E15_5-S1#GCCGCAACCATACTCC-1,3
E15_5-S1#GCCGCAACCCAGTTCC-1,6
E15_5-S1#GCCGCAACCCGAGAAT-1,5
E15_5-S1#GCCGCAACCCGATTCC-1,6
E15_5-S1#GCCGCAACCGAACGCC-1,13
E15_5-S1#GCCGCAACCGACGCGA-1,2
E15_5-S1#GCCGCAACCTAAGAGA-1,5
E15_5-S1#GCCGCAACCTGATGGT-1,5
E15_5-S1#GCCGCAACCTTGCGCC-1,2
E15_5-S1#GCCGCAACGACCTTGA-1,6
E15_5-S1#GCCGCAACGATACGGA-1,2
E15_5-S1#GCCGCAACGATCTTAC-1,5
E15_5-S1#GCCGCAACGCAGGTCC-1,4
E15_5-S1#GCCGCAACGCCATTCT-1,5
E15_5-S1#GCCGCAACGCCGCAAC-1,5
E15_5-S1#GCCGCAACGCGTTGGA-1,5
E15_5-S1#GCCGCAACGCTAACTT-1,3
E15_5-S1#GCCGCAACGGCTGAGC-1,13
E15_5-S1#GCCGCAACGGTACTGC-1,2
E15_5-S1#GCCGCAACGGTATGCT-1,4
E15_5-S1#GCCGCAACTAGAATTA-1,2
E15_5-S1#GCCGCAACTAGAGTAA-1,6
E15_5-S1#GCCGCAACTAGATCTA-1,5
E15_5-S1#GCCGCAACTCCGGCCT-1,8
E15_5-S1#GCCGCAACTCCTACCA-1,2
E15_5-S1#GCCGCAACTCGGCCTT-1,3
E15_5-S1#GCCGCAACTGAGTCTG-1,5
E15_5-S1#GCCGCAACTGCCGGCA-1,2
E15_5-S1#GCCGCAACTGCGGACC-1,5
E15_5-S1#GCCGCAACTGGTCAGC-1,2
E15_5-S1#GCCGCAACTTACCGAG-1,2
E15_5-S1#GCCGCAACTTATCCGG-1,2
E15_5-S1#GCCGCAACTTATTCAT-1,2
E15_5-S1#GCCGCAACTTGACTTC-1,5
E15_5-S1#GCGTTGGAAACCTGCG-1,8
E15_5-S1#GCGTTGGAAATTAAGA-1,2
E15_5-S1#GCGTTGGAACCGCCAA-1,6
E15_5-S1#GCGTTGGAACGGAGGC-1,5
E15_5-S1#GCGTTGGAACTATGCA-1,2
E15_5-S1#GCGTTGGAACTCAATA-1,5
E15_5-S1#GCGTTGGAACTTAACC-1,4
E15_5-S1#GCGTTGGAAGAACGTC-1,2
E15_5-S1#GCGTTGGAAGAGCTAT-1,5
E15_5-S1#GCGTTGGAATAAGGAG-1,13
E15_5-S1#GCGTTGGAATCATATT-1,5
E15_5-S1#GCGTTGGACAACCGCT-1,6
E15_5-S1#GCGTTGGACATACTCC-1,3
E15_5-S1#GCGTTGGACCAGTTCC-1,4
E15_5-S1#GCGTTGGACCGAGAAT-1,5
E15_5-S1#GCGTTGGACCGATTCC-1,6
E15_5-S1#GCGTTGGACGAACGCC-1,13
E15_5-S1#GCGTTGGACGACGCGA-1,2
E15_5-S1#GCGTTGGACTAAGAGA-1,2
E15_5-S1#GCGTTGGACTGATGGT-1,5
E15_5-S1#GCGTTGGACTTGCGCC-1,2
E15_5-S1#GCGTTGGAGACCTTGA-1,6
E15_5-S1#GCGTTGGAGATACGGA-1,2
E15_5-S1#GCGTTGGAGATCTTAC-1,5
E15_5-S1#GCGTTGGAGCAGGTCC-1,4
E15_5-S1#GCGTTGGAGCCATTCT-1,2
E15_5-S1#GCGTTGGAGCCGCAAC-1,5
E15_5-S1#GCGTTGGAGCGTTGGA-1,2
E15_5-S1#GCGTTGGAGCTAACTT-1,3
E15_5-S1#GCGTTGGAGGCTGAGC-1,13
E15_5-S1#GCGTTGGAGGTACTGC-1,5
E15_5-S1#GCGTTGGAGGTATGCT-1,3
E15_5-S1#GCGTTGGATAGAATTA-1,2
E15_5-S1#GCGTTGGATAGAGTAA-1,4
E15_5-S1#GCGTTGGATAGATCTA-1,5
E15_5-S1#GCGTTGGATCCTACCA-1,5
E15_5-S1#GCGTTGGATCGGCCTT-1,4
E15_5-S1#GCGTTGGATCTGATAC-1,8
E15_5-S1#GCGTTGGATGAGTCTG-1,5
E15_5-S1#GCGTTGGATGCCGGCA-1,2
E15_5-S1#GCGTTGGATGCGGACC-1,5
E15_5-S1#GCGTTGGATGGTCAGC-1,5
E15_5-S1#GCGTTGGATTACCGAG-1,2
E15_5-S1#GCGTTGGATTATCCGG-1,2
E15_5-S1#GCGTTGGATTATTCAT-1,2
E15_5-S1#GCGTTGGATTGACTTC-1,2
E15_5-S1#GCTAACTTACCGCCAA-1,12
E15_5-S1#GCTAACTTACGGAGGC-1,8
E15_5-S1#GCTAACTTACTCAATA-1,2
E15_5-S1#GCTAACTTACTTAACC-1,12
E15_5-S1#GCTAACTTAGAACGTC-1,4
E15_5-S1#GCTAACTTAGAGCTAT-1,3
E15_5-S1#GCTAACTTCAACCGCT-1,12
E15_5-S1#GCTAACTTCCAGTTCC-1,12
E15_5-S1#GCTAACTTCCGAGAAT-1,4
E15_5-S1#GCTAACTTCTAAGAGA-1,2
E15_5-S1#GCTAACTTCTGATGGT-1,3
E15_5-S1#GCTAACTTCTTGCGCC-1,4
E15_5-S1#GCTAACTTGACCTTGA-1,12
E15_5-S1#GCTAACTTGATCTTAC-1,2
E15_5-S1#GCTAACTTGCAGGTCC-1,6
E15_5-S1#GCTAACTTGCCATTCT-1,3
E15_5-S1#GCTAACTTGCCGCAAC-1,4
E15_5-S1#GCTAACTTGCGTTGGA-1,2
E15_5-S1#GCTAACTTGGTACTGC-1,3
E15_5-S1#GCTAACTTTAGAATTA-1,2
E15_5-S1#GCTAACTTTAGAGTAA-1,6
E15_5-S1#GCTAACTTTCCTACCA-1,2
E15_5-S1#GCTAACTTTCGGCCTT-1,4
E15_5-S1#GCTAACTTTGAGTCTG-1,4
E15_5-S1#GCTAACTTTGCGGACC-1,8
E15_5-S1#GCTAACTTTTGACTTC-1,3
E15_5-S1#GGCTGAGCAATTAAGA-1,3
E15_5-S1#GGCTGAGCACGGAGGC-1,3
E15_5-S1#GGCTGAGCACTCAATA-1,4
E15_5-S1#GGCTGAGCAGAACGTC-1,6
E15_5-S1#GGCTGAGCAGAGCTAT-1,4
E15_5-S1#GGCTGAGCCCGAGAAT-1,2
E15_5-S1#GGCTGAGCCTAAGAGA-1,4
E15_5-S1#GGCTGAGCCTGATGGT-1,2
E15_5-S1#GGCTGAGCCTTGCGCC-1,4
E15_5-S1#GGCTGAGCGACCTTGA-1,6
E15_5-S1#GGCTGAGCGATCTTAC-1,2
E15_5-S1#GGCTGAGCGCAGGTCC-1,6
E15_5-S1#GGCTGAGCGCCATTCT-1,4
E15_5-S1#GGCTGAGCGCCGCAAC-1,5
E15_5-S1#GGCTGAGCGCGTTGGA-1,3
E15_5-S1#GGCTGAGCGGTACTGC-1,6
E15_5-S1#GGCTGAGCTAGAATTA-1,4
E15_5-S1#GGCTGAGCTAGAGTAA-1,6
E15_5-S1#GGCTGAGCTAGATCTA-1,3
E15_5-S1#GGCTGAGCTCCTACCA-1,4
E15_5-S1#GGCTGAGCTCGGCCTT-1,6
E15_5-S1#GGCTGAGCTGAGTCTG-1,2
E15_5-S1#GGCTGAGCTGCGGACC-1,5
E15_5-S1#GGCTGAGCTTATTCAT-1,3
E15_5-S1#GGCTGAGCTTGACTTC-1,4
E15_5-S1#GGTACTGCAACCTGCG-1,3
E15_5-S1#GGTACTGCAATTAAGA-1,2
E15_5-S1#GGTACTGCACCGCCAA-1,6
E15_5-S1#GGTACTGCACGGAGGC-1,5
E15_5-S1#GGTACTGCACTATGCA-1,2
E15_5-S1#GGTACTGCACTCAATA-1,4
E15_5-S1#GGTACTGCACTTAACC-1,6
E15_5-S1#GGTACTGCAGAACGTC-1,4
E15_5-S1#GGTACTGCAGAGCTAT-1,4
E15_5-S1#GGTACTGCATCATATT-1,5
E15_5-S1#GGTACTGCCAACCGCT-1,6
E15_5-S1#GGTACTGCCCAGTTCC-1,6
E15_5-S1#GGTACTGCCCGAGAAT-1,2
E15_5-S1#GGTACTGCCCGATTCC-1,12
E15_5-S1#GGTACTGCCGAACGCC-1,12
E15_5-S1#GGTACTGCCGACGCGA-1,2
E15_5-S1#GGTACTGCCTAAGAGA-1,4
E15_5-S1#GGTACTGCCTGATGGT-1,2
E15_5-S1#GGTACTGCCTTGCGCC-1,4
E15_5-S1#GGTACTGCGACCTTGA-1,6
E15_5-S1#GGTACTGCGATCTTAC-1,2
E15_5-S1#GGTACTGCGCAGGTCC-1,4
E15_5-S1#GGTACTGCGCCATTCT-1,4
E15_5-S1#GGTACTGCGCCGCAAC-1,5
E15_5-S1#GGTACTGCGCGTTGGA-1,2
E15_5-S1#GGTACTGCGGCTGAGC-1,12
E15_5-S1#GGTACTGCGGTACTGC-1,4
E15_5-S1#GGTACTGCGGTATGCT-1,2
E15_5-S1#GGTACTGCTAGAATTA-1,4
E15_5-S1#GGTACTGCTAGAGTAA-1,6
E15_5-S1#GGTACTGCTAGATCTA-1,5
E15_5-S1#GGTACTGCTCCTACCA-1,4
E15_5-S1#GGTACTGCTCGGCCTT-1,4
E15_5-S1#GGTACTGCTGAGTCTG-1,5
E15_5-S1#GGTACTGCTGCCGGCA-1,2
E15_5-S1#GGTACTGCTGCGGACC-1,5
E15_5-S1#GGTACTGCTGGTCAGC-1,2
E15_5-S1#GGTACTGCTTACCGAG-1,5
E15_5-S1#GGTACTGCTTATTCAT-1,5
E15_5-S1#GGTACTGCTTGACTTC-1,3
E15_5-S1#GGTATGCTACTCAATA-1,4
E15_5-S1#GGTATGCTACTTAACC-1,12
E15_5-S1#GGTATGCTAGAACGTC-1,4
E15_5-S1#GGTATGCTAGAGCTAT-1,3
E15_5-S1#GGTATGCTCAACCGCT-1,12
E15_5-S1#GGTATGCTCCGAGAAT-1,4
E15_5-S1#GGTATGCTCTAAGAGA-1,4
E15_5-S1#GGTATGCTCTGATGGT-1,4
E15_5-S1#GGTATGCTCTTGCGCC-1,4
E15_5-S1#GGTATGCTGACCTTGA-1,12
E15_5-S1#GGTATGCTGATCTTAC-1,4
E15_5-S1#GGTATGCTGCAGGTCC-1,6
E15_5-S1#GGTATGCTGCCATTCT-1,4
E15_5-S1#GGTATGCTGCCGCAAC-1,8
E15_5-S1#GGTATGCTGCGTTGGA-1,4
E15_5-S1#GGTATGCTGGTACTGC-1,4
E15_5-S1#GGTATGCTTAGAATTA-1,4
E15_5-S1#GGTATGCTTAGAGTAA-1,6
E15_5-S1#GGTATGCTTCCTACCA-1,4
E15_5-S1#GGTATGCTTCGGCCTT-1,6
E15_5-S1#GGTATGCTTGAGTCTG-1,8
E15_5-S1#GGTATGCTTTGACTTC-1,4
E15_5-S1#TAGAATTAAACCTGCG-1,3
E15_5-S1#TAGAATTAAATTAAGA-1,5
E15_5-S1#TAGAATTAACCGCCAA-1,12
E15_5-S1#TAGAATTAACGGAGGC-1,2
E15_5-S1#TAGAATTAACTATGCA-1,2
E15_5-S1#TAGAATTAACTCAATA-1,2
E15_5-S1#TAGAATTAACTTAACC-1,6
E15_5-S1#TAGAATTAAGAACGTC-1,4
E15_5-S1#TAGAATTAAGAGCTAT-1,3
E15_5-S1#TAGAATTAATCATATT-1,5
E15_5-S1#TAGAATTACAACCGCT-1,6
E15_5-S1#TAGAATTACCAGTTCC-1,6
E15_5-S1#TAGAATTACCGAGAAT-1,2
E15_5-S1#TAGAATTACCGATTCC-1,12
E15_5-S1#TAGAATTACGAACGCC-1,12
E15_5-S1#TAGAATTACGACGCGA-1,2
E15_5-S1#TAGAATTACTAAGAGA-1,2
E15_5-S1#TAGAATTACTGATGGT-1,2
E15_5-S1#TAGAATTACTTGCGCC-1,4
E15_5-S1#TAGAATTAGACCTTGA-1,6
E15_5-S1#TAGAATTAGATACGGA-1,2
E15_5-S1#TAGAATTAGATCTTAC-1,2
E15_5-S1#TAGAATTAGCAGGTCC-1,6
E15_5-S1#TAGAATTAGCCATTCT-1,3
E15_5-S1#TAGAATTAGCCGCAAC-1,2
E15_5-S1#TAGAATTAGCGTTGGA-1,3
E15_5-S1#TAGAATTAGCTAACTT-1,3
E15_5-S1#TAGAATTAGGCTGAGC-1,12
E15_5-S1#TAGAATTAGGTACTGC-1,4
E15_5-S1#TAGAATTAGGTATGCT-1,3
E15_5-S1#TAGAATTATAGAATTA-1,4
E15_5-S1#TAGAATTATAGAGTAA-1,6
E15_5-S1#TAGAATTATAGATCTA-1,2
E15_5-S1#TAGAATTATCCTACCA-1,2
E15_5-S1#TAGAATTATCGGCCTT-1,6
E15_5-S1#TAGAATTATGAGTCTG-1,2
E15_5-S1#TAGAATTATGCCGGCA-1,5
E15_5-S1#TAGAATTATGCGGACC-1,2
E15_5-S1#TAGAATTATGGTCAGC-1,5
E15_5-S1#TAGAATTATTACCGAG-1,2
E15_5-S1#TAGAATTATTATTCAT-1,2
E15_5-S1#TAGAATTATTGACTTC-1,3
E15_5-S1#TAGAGTAAAATTAAGA-1,8
E15_5-S1#TAGAGTAAACCGCCAA-1,12
E15_5-S1#TAGAGTAAACGGAGGC-1,2
E15_5-S1#TAGAGTAAACTATGCA-1,3
E15_5-S1#TAGAGTAAACTCAATA-1,3
E15_5-S1#TAGAGTAAACTTAACC-1,12
E15_5-S1#TAGAGTAAAGAACGTC-1,6
E15_5-S1#TAGAGTAAAGAGCTAT-1,4
E15_5-S1#TAGAGTAACAACCGCT-1,12
E15_5-S1#TAGAGTAACATACTCC-1,8
E15_5-S1#TAGAGTAACCAGTTCC-1,12
E15_5-S1#TAGAGTAACCGAGAAT-1,5
E15_5-S1#TAGAGTAACGACGCGA-1,2
E15_5-S1#TAGAGTAACTAAGAGA-1,4
E15_5-S1#TAGAGTAACTGATGGT-1,5
E15_5-S1#TAGAGTAACTTGCGCC-1,4
E15_5-S1#TAGAGTAAGAAGATCG-1,4
E15_5-S1#TAGAGTAAGACCTTGA-1,12
E15_5-S1#TAGAGTAAGATACGGA-1,3
E15_5-S1#TAGAGTAAGATCTTAC-1,5
E15_5-S1#TAGAGTAAGCAGGTCC-1,6
E15_5-S1#TAGAGTAAGCCATTCT-1,4
E15_5-S1#TAGAGTAAGCCGCAAC-1,5
E15_5-S1#TAGAGTAAGCGTTGGA-1,2
E15_5-S1#TAGAGTAAGCTAACTT-1,3
E15_5-S1#TAGAGTAAGGTACTGC-1,4
E15_5-S1#TAGAGTAAGGTATGCT-1,8
E15_5-S1#TAGAGTAATAGAATTA-1,4
E15_5-S1#TAGAGTAATAGAGTAA-1,6
E15_5-S1#TAGAGTAATAGATCTA-1,2
E15_5-S1#TAGAGTAATCCTACCA-1,2
E15_5-S1#TAGAGTAATCGGCCTT-1,4
E15_5-S1#TAGAGTAATCTGATAC-1,3
E15_5-S1#TAGAGTAATGAGTCTG-1,5
E15_5-S1#TAGAGTAATGCGGACC-1,2
E15_5-S1#TAGAGTAATTATCCGG-1,3
E15_5-S1#TAGAGTAATTGACTTC-1,4
E15_5-S1#TAGATCTAAACCTGCG-1,8
E15_5-S1#TAGATCTAAAGAAGCT-1,2
E15_5-S1#TAGATCTAAATTAAGA-1,5
E15_5-S1#TAGATCTAACCGCCAA-1,13
E15_5-S1#TAGATCTAACGGAGGC-1,5
E15_5-S1#TAGATCTAACTATGCA-1,2
E15_5-S1#TAGATCTAACTCAATA-1,2
E15_5-S1#TAGATCTAACTTAACC-1,6
E15_5-S1#TAGATCTAAGAACGTC-1,2
E15_5-S1#TAGATCTAAGAGAAGG-1,3
E15_5-S1#TAGATCTAAGAGCTAT-1,2
E15_5-S1#TAGATCTAATAAGGAG-1,13
E15_5-S1#TAGATCTAATCATATT-1,2
E15_5-S1#TAGATCTACAACCGCT-1,6
E15_5-S1#TAGATCTACATACTCC-1,4
E15_5-S1#TAGATCTACCAGTTCC-1,6
E15_5-S1#TAGATCTACCGAGAAT-1,5
E15_5-S1#TAGATCTACCGATTCC-1,13
E15_5-S1#TAGATCTACGAACGCC-1,13
E15_5-S1#TAGATCTACGACGCGA-1,2
E15_5-S1#TAGATCTACTAAGAGA-1,2
E15_5-S1#TAGATCTACTGATGGT-1,5
E15_5-S1#TAGATCTACTTGCGCC-1,2
E15_5-S1#TAGATCTAGAAGATCG-1,2
E15_5-S1#TAGATCTAGACCTTGA-1,4
E15_5-S1#TAGATCTAGATACGGA-1,2
E15_5-S1#TAGATCTAGATCTTAC-1,5
E15_5-S1#TAGATCTAGCAGGTCC-1,4
E15_5-S1#TAGATCTAGCCATTCT-1,2
E15_5-S1#TAGATCTAGCCGCAAC-1,5
E15_5-S1#TAGATCTAGCGTTGGA-1,5
E15_5-S1#TAGATCTAGCTAACTT-1,4
E15_5-S1#TAGATCTAGGCTGAGC-1,13
E15_5-S1#TAGATCTAGGTACTGC-1,2
E15_5-S1#TAGATCTAGGTATGCT-1,8
E15_5-S1#TAGATCTATAGAATTA-1,2
E15_5-S1#TAGATCTATAGAGTAA-1,4
E15_5-S1#TAGATCTATAGATCTA-1,2
E15_5-S1#TAGATCTATCCGGCCT-1,2
E15_5-S1#TAGATCTATCCTACCA-1,5
E15_5-S1#TAGATCTATCGGCCTT-1,2
E15_5-S1#TAGATCTATCTGATAC-1,2
E15_5-S1#TAGATCTATGAGTCTG-1,5
E15_5-S1#TAGATCTATGCCGGCA-1,5
E15_5-S1#TAGATCTATGCGGACC-1,5
E15_5-S1#TAGATCTATGGTCAGC-1,2
E15_5-S1#TAGATCTATTACCGAG-1,2
E15_5-S1#TAGATCTATTATCCGG-1,2
E15_5-S1#TAGATCTATTATTCAT-1,5
E15_5-S1#TAGATCTATTGACTTC-1,2
E15_5-S1#TCCGGCCTAATTAAGA-1,4
E15_5-S1#TCCGGCCTACCGCCAA-1,6
E15_5-S1#TCCGGCCTACGGAGGC-1,2
E15_5-S1#TCCGGCCTACTCAATA-1,3
E15_5-S1#TCCGGCCTACTTAACC-1,6
E15_5-S1#TCCGGCCTAGAACGTC-1,3
E15_5-S1#TCCGGCCTAGAGCTAT-1,3
E15_5-S1#TCCGGCCTATAAGGAG-1,12
E15_5-S1#TCCGGCCTCAACCGCT-1,6
E15_5-S1#TCCGGCCTCCAGTTCC-1,6
E15_5-S1#TCCGGCCTCCGAGAAT-1,2
E15_5-S1#TCCGGCCTCCGATTCC-1,12
E15_5-S1#TCCGGCCTCGAACGCC-1,12
E15_5-S1#TCCGGCCTCTAAGAGA-1,3
E15_5-S1#TCCGGCCTCTGATGGT-1,2
E15_5-S1#TCCGGCCTCTTGCGCC-1,2
E15_5-S1#TCCGGCCTGACCTTGA-1,4
E15_5-S1#TCCGGCCTGATCTTAC-1,2
E15_5-S1#TCCGGCCTGCAGGTCC-1,4
E15_5-S1#TCCGGCCTGCCATTCT-1,2
E15_5-S1#TCCGGCCTGCCGCAAC-1,2
E15_5-S1#TCCGGCCTGCGTTGGA-1,2
E15_5-S1#TCCGGCCTGGCTGAGC-1,12
E15_5-S1#TCCGGCCTGGTACTGC-1,2
E15_5-S1#TCCGGCCTTAGAATTA-1,2
E15_5-S1#TCCGGCCTTAGAGTAA-1,4
E15_5-S1#TCCGGCCTTAGATCTA-1,2
E15_5-S1#TCCGGCCTTCCTACCA-1,3
E15_5-S1#TCCGGCCTTCGGCCTT-1,2
E15_5-S1#TCCGGCCTTGAGTCTG-1,2
E15_5-S1#TCCGGCCTTGCCGGCA-1,4
E15_5-S1#TCCGGCCTTGCGGACC-1,2
E15_5-S1#TCCGGCCTTTACCGAG-1,8
E15_5-S1#TCCGGCCTTTATTCAT-1,4
E15_5-S1#TCCGGCCTTTGACTTC-1,2
E15_5-S1#TCCTACCAAACCTGCG-1,8
E15_5-S1#TCCTACCAAATTAAGA-1,3
E15_5-S1#TCCTACCAACCGCCAA-1,6
E15_5-S1#TCCTACCAACGGAGGC-1,5
E15_5-S1#TCCTACCAACTATGCA-1,2
E15_5-S1#TCCTACCAACTCAATA-1,2
E15_5-S1#TCCTACCAACTTAACC-1,6
E15_5-S1#TCCTACCAAGAACGTC-1,3
E15_5-S1#TCCTACCAAGAGCTAT-1,2
E15_5-S1#TCCTACCAATAAGGAG-1,13
E15_5-S1#TCCTACCAATCATATT-1,2
E15_5-S1#TCCTACCACAACCGCT-1,6
E15_5-S1#TCCTACCACATACTCC-1,3
E15_5-S1#TCCTACCACCAGTTCC-1,6
E15_5-S1#TCCTACCACCGAGAAT-1,5
E15_5-S1#TCCTACCACCGATTCC-1,6
E15_5-S1#TCCTACCACGAACGCC-1,13
E15_5-S1#TCCTACCACGACGCGA-1,2
E15_5-S1#TCCTACCACTAAGAGA-1,2
E15_5-S1#TCCTACCACTGATGGT-1,2
E15_5-S1#TCCTACCACTTGCGCC-1,2
E15_5-S1#TCCTACCAGACCTTGA-1,6
E15_5-S1#TCCTACCAGATACGGA-1,2
E15_5-S1#TCCTACCAGATCTTAC-1,2
E15_5-S1#TCCTACCAGCAGGTCC-1,4
E15_5-S1#TCCTACCAGCCATTCT-1,2
E15_5-S1#TCCTACCAGCCGCAAC-1,5
E15_5-S1#TCCTACCAGCGTTGGA-1,2
E15_5-S1#TCCTACCAGCTAACTT-1,3
E15_5-S1#TCCTACCAGGCTGAGC-1,13
E15_5-S1#TCCTACCAGGTACTGC-1,2
E15_5-S1#TCCTACCAGGTATGCT-1,3
E15_5-S1#TCCTACCATAGAATTA-1,5
E15_5-S1#TCCTACCATAGAGTAA-1,4
E15_5-S1#TCCTACCATAGATCTA-1,2
E15_5-S1#TCCTACCATCCTACCA-1,2
E15_5-S1#TCCTACCATCGGCCTT-1,4
E15_5-S1#TCCTACCATCTGATAC-1,8
E15_5-S1#TCCTACCATGAGTCTG-1,5
E15_5-S1#TCCTACCATGCCGGCA-1,2
E15_5-S1#TCCTACCATGCGGACC-1,5
E15_5-S1#TCCTACCATGGTCAGC-1,2
E15_5-S1#TCCTACCATTACCGAG-1,2
E15_5-S1#TCCTACCATTATCCGG-1,2
E15_5-S1#TCCTACCATTATTCAT-1,3
E15_5-S1#TCCTACCATTGACTTC-1,2
E15_5-S1#TCGGCCTTAACCTGCG-1,8
E15_5-S1#TCGGCCTTAATTAAGA-1,5
E15_5-S1#TCGGCCTTACCGCCAA-1,6
E15_5-S1#TCGGCCTTACGGAGGC-1,5
E15_5-S1#TCGGCCTTACTATGCA-1,3
E15_5-S1#TCGGCCTTACTCAATA-1,4
E15_5-S1#TCGGCCTTACTTAACC-1,6
E15_5-S1#TCGGCCTTAGAACGTC-1,4
E15_5-S1#TCGGCCTTAGAGCTAT-1,4
E15_5-S1#TCGGCCTTCAACCGCT-1,6
E15_5-S1#TCGGCCTTCCAGTTCC-1,6
E15_5-S1#TCGGCCTTCCGAGAAT-1,5
E15_5-S1#TCGGCCTTCCGATTCC-1,6
E15_5-S1#TCGGCCTTCGACGCGA-1,3
E15_5-S1#TCGGCCTTCTAAGAGA-1,4
E15_5-S1#TCGGCCTTCTGATGGT-1,5
E15_5-S1#TCGGCCTTCTTGCGCC-1,4
E15_5-S1#TCGGCCTTGACCTTGA-1,6
E15_5-S1#TCGGCCTTGATACGGA-1,3
E15_5-S1#TCGGCCTTGATCTTAC-1,5
E15_5-S1#TCGGCCTTGCAGGTCC-1,4
E15_5-S1#TCGGCCTTGCCATTCT-1,4
E15_5-S1#TCGGCCTTGCCGCAAC-1,5
E15_5-S1#TCGGCCTTGCGTTGGA-1,2
E15_5-S1#TCGGCCTTGGTACTGC-1,4
E15_5-S1#TCGGCCTTGGTATGCT-1,8
E15_5-S1#TCGGCCTTTAGAATTA-1,4
E15_5-S1#TCGGCCTTTAGAGTAA-1,6
E15_5-S1#TCGGCCTTTAGATCTA-1,5
E15_5-S1#TCGGCCTTTCCTACCA-1,3
E15_5-S1#TCGGCCTTTCGGCCTT-1,4
E15_5-S1#TCGGCCTTTCTGATAC-1,8
E15_5-S1#TCGGCCTTTGAGTCTG-1,5
E15_5-S1#TCGGCCTTTGCCGGCA-1,2
E15_5-S1#TCGGCCTTTGCGGACC-1,5
E15_5-S1#TCGGCCTTTTACCGAG-1,8
E15_5-S1#TCGGCCTTTTATCCGG-1,3
E15_5-S1#TCGGCCTTTTATTCAT-1,5
E15_5-S1#TCGGCCTTTTGACTTC-1,4
E15_5-S1#TCTGATACAATTAAGA-1,2
E15_5-S1#TCTGATACACCGCCAA-1,6
E15_5-S1#TCTGATACACGGAGGC-1,3
E15_5-S1#TCTGATACACTATGCA-1,6
E15_5-S1#TCTGATACACTCAATA-1,3
E15_5-S1#TCTGATACACTTAACC-1,4
E15_5-S1#TCTGATACAGAACGTC-1,2
E15_5-S1#TCTGATACAGAGCTAT-1,3
E15_5-S1#TCTGATACATAAGGAG-1,12
E15_5-S1#TCTGATACATCATATT-1,4
E15_5-S1#TCTGATACCAACCGCT-1,4
E15_5-S1#TCTGATACCCAGTTCC-1,6
E15_5-S1#TCTGATACCCGATTCC-1,6
E15_5-S1#TCTGATACCGAACGCC-1,12
E15_5-S1#TCTGATACCGACGCGA-1,8
E15_5-S1#TCTGATACCTAAGAGA-1,3
E15_5-S1#TCTGATACCTTGCGCC-1,2
E15_5-S1#TCTGATACGACCTTGA-1,3
E15_5-S1#TCTGATACGCAGGTCC-1,3
E15_5-S1#TCTGATACGCCATTCT-1,3
E15_5-S1#TCTGATACGGCTGAGC-1,6
E15_5-S1#TCTGATACGGTACTGC-1,2
E15_5-S1#TCTGATACTAGAATTA-1,2
E15_5-S1#TCTGATACTAGAGTAA-1,3
E15_5-S1#TCTGATACTAGATCTA-1,3
E15_5-S1#TCTGATACTCCTACCA-1,3
E15_5-S1#TCTGATACTCGGCCTT-1,2
E15_5-S1#TCTGATACTGAGTCTG-1,8
E15_5-S1#TCTGATACTGCCGGCA-1,3
E15_5-S1#TCTGATACTGCGGACC-1,3
E15_5-S1#TCTGATACTGGTCAGC-1,4
E15_5-S1#TCTGATACTTACCGAG-1,2
E15_5-S1#TCTGATACTTATTCAT-1,2
E15_5-S1#TCTGATACTTGACTTC-1,3
E15_5-S1#TGAGTCTGAACCTGCG-1,6
E15_5-S1#TGAGTCTGAAGAAGCT-1,8
E15_5-S1#TGAGTCTGAATTAAGA-1,2
E15_5-S1#TGAGTCTGACCGCCAA-1,6
E15_5-S1#TGAGTCTGACGGAGGC-1,5
E15_5-S1#TGAGTCTGACTATGCA-1,3
E15_5-S1#TGAGTCTGACTCAATA-1,2
E15_5-S1#TGAGTCTGACTTAACC-1,6
E15_5-S1#TGAGTCTGAGAACGTC-1,3
E15_5-S1#TGAGTCTGAGAGAAGG-1,8
E15_5-S1#TGAGTCTGAGAGCTAT-1,2
E15_5-S1#TGAGTCTGATAAGGAG-1,13
E15_5-S1#TGAGTCTGATCATATT-1,3
E15_5-S1#TGAGTCTGCAACCGCT-1,6
E15_5-S1#TGAGTCTGCATACTCC-1,3
E15_5-S1#TGAGTCTGCCAGTTCC-1,6
E15_5-S1#TGAGTCTGCCGAGAAT-1,5
E15_5-S1#TGAGTCTGCCGATTCC-1,6
E15_5-S1#TGAGTCTGCGAACGCC-1,13
E15_5-S1#TGAGTCTGCGACGCGA-1,2
E15_5-S1#TGAGTCTGCTAAGAGA-1,2
E15_5-S1#TGAGTCTGCTGATGGT-1,5
E15_5-S1#TGAGTCTGCTTGCGCC-1,2
E15_5-S1#TGAGTCTGGACCTTGA-1,6
E15_5-S1#TGAGTCTGGATACGGA-1,2
E15_5-S1#TGAGTCTGGATCTTAC-1,5
E15_5-S1#TGAGTCTGGCAGGTCC-1,4
E15_5-S1#TGAGTCTGGCCATTCT-1,2
E15_5-S1#TGAGTCTGGCCGCAAC-1,5
E15_5-S1#TGAGTCTGGCGTTGGA-1,5
E15_5-S1#TGAGTCTGGCTAACTT-1,4
E15_5-S1#TGAGTCTGGGCTGAGC-1,13
E15_5-S1#TGAGTCTGGGTACTGC-1,2
E15_5-S1#TGAGTCTGGGTATGCT-1,4
E15_5-S1#TGAGTCTGTAGAATTA-1,2
E15_5-S1#TGAGTCTGTAGAGTAA-1,6
E15_5-S1#TGAGTCTGTAGATCTA-1,2
E15_5-S1#TGAGTCTGTCCGGCCT-1,8
E15_5-S1#TGAGTCTGTCCTACCA-1,2
E15_5-S1#TGAGTCTGTCGGCCTT-1,3
E15_5-S1#TGAGTCTGTCTGATAC-1,3
E15_5-S1#TGAGTCTGTGAGTCTG-1,5
E15_5-S1#TGAGTCTGTGCCGGCA-1,2
E15_5-S1#TGAGTCTGTGCGGACC-1,5
E15_5-S1#TGAGTCTGTGGTCAGC-1,3
E15_5-S1#TGAGTCTGTTACCGAG-1,2
E15_5-S1#TGAGTCTGTTATCCGG-1,2
E15_5-S1#TGAGTCTGTTATTCAT-1,2
E15_5-S1#TGAGTCTGTTGACTTC-1,5
E15_5-S1#TGCCGGCAAAGAAGCT-1,8
E15_5-S1#TGCCGGCAAATTAAGA-1,2
E15_5-S1#TGCCGGCAACCGCCAA-1,13
E15_5-S1#TGCCGGCAACGGAGGC-1,2
E15_5-S1#TGCCGGCAACTATGCA-1,2
E15_5-S1#TGCCGGCAACTCAATA-1,3
E15_5-S1#TGCCGGCAACTTAACC-1,6
E15_5-S1#TGCCGGCAAGAACGTC-1,4
E15_5-S1#TGCCGGCAAGAGAAGG-1,8
E15_5-S1#TGCCGGCAAGAGCTAT-1,2
E15_5-S1#TGCCGGCAATAAGGAG-1,13
E15_5-S1#TGCCGGCAATCATATT-1,2
E15_5-S1#TGCCGGCACAACCGCT-1,6
E15_5-S1#TGCCGGCACATACTCC-1,8
E15_5-S1#TGCCGGCACCAGTTCC-1,6
E15_5-S1#TGCCGGCACCGAGAAT-1,5
E15_5-S1#TGCCGGCACCGATTCC-1,13
E15_5-S1#TGCCGGCACGAACGCC-1,13
E15_5-S1#TGCCGGCACGACGCGA-1,2
E15_5-S1#TGCCGGCACTAAGAGA-1,4
E15_5-S1#TGCCGGCACTGATGGT-1,5
E15_5-S1#TGCCGGCACTTGCGCC-1,3
E15_5-S1#TGCCGGCAGAAGATCG-1,8
E15_5-S1#TGCCGGCAGACCTTGA-1,4
E15_5-S1#TGCCGGCAGATACGGA-1,2
E15_5-S1#TGCCGGCAGATCTTAC-1,2
E15_5-S1#TGCCGGCAGCAGGTCC-1,8
E15_5-S1#TGCCGGCAGCCATTCT-1,2
E15_5-S1#TGCCGGCAGCCGCAAC-1,5
E15_5-S1#TGCCGGCAGCGTTGGA-1,2
E15_5-S1#TGCCGGCAGGCTGAGC-1,13
E15_5-S1#TGCCGGCAGGTACTGC-1,3
E15_5-S1#TGCCGGCATAGAATTA-1,3
E15_5-S1#TGCCGGCATAGAGTAA-1,4
E15_5-S1#TGCCGGCATAGATCTA-1,2
E15_5-S1#TGCCGGCATCCGGCCT-1,8
E15_5-S1#TGCCGGCATCCTACCA-1,3
E15_5-S1#TGCCGGCATCGGCCTT-1,4
E15_5-S1#TGCCGGCATCTGATAC-1,8
E15_5-S1#TGCCGGCATGAGTCTG-1,2
E15_5-S1#TGCCGGCATGCCGGCA-1,2
E15_5-S1#TGCCGGCATGCGGACC-1,2
E15_5-S1#TGCCGGCATGGTCAGC-1,2
E15_5-S1#TGCCGGCATTACCGAG-1,2
E15_5-S1#TGCCGGCATTATCCGG-1,2
E15_5-S1#TGCCGGCATTATTCAT-1,5
E15_5-S1#TGCCGGCATTGACTTC-1,2
E15_5-S1#TGCGGACCAACCTGCG-1,8
E15_5-S1#TGCGGACCAAGAAGCT-1,8
E15_5-S1#TGCGGACCAATTAAGA-1,5
E15_5-S1#TGCGGACCACCGCCAA-1,6
E15_5-S1#TGCGGACCACGGAGGC-1,5
E15_5-S1#TGCGGACCACTATGCA-1,3
E15_5-S1#TGCGGACCACTCAATA-1,2
E15_5-S1#TGCGGACCACTTAACC-1,4
E15_5-S1#TGCGGACCAGAACGTC-1,2
E15_5-S1#TGCGGACCAGAGAAGG-1,8
E15_5-S1#TGCGGACCAGAGCTAT-1,2
E15_5-S1#TGCGGACCATAAGGAG-1,13
E15_5-S1#TGCGGACCATCATATT-1,2
E15_5-S1#TGCGGACCCAACCGCT-1,6
E15_5-S1#TGCGGACCCATACTCC-1,8
E15_5-S1#TGCGGACCCCAGTTCC-1,6
E15_5-S1#TGCGGACCCCGAGAAT-1,5
E15_5-S1#TGCGGACCCCGATTCC-1,6
E15_5-S1#TGCGGACCCGAACGCC-1,13
E15_5-S1#TGCGGACCCGACGCGA-1,2
E15_5-S1#TGCGGACCCTAAGAGA-1,2
E15_5-S1#TGCGGACCCTGATGGT-1,5
E15_5-S1#TGCGGACCCTTGCGCC-1,2
E15_5-S1#TGCGGACCGAAGATCG-1,2
E15_5-S1#TGCGGACCGACCTTGA-1,6
E15_5-S1#TGCGGACCGATACGGA-1,2
E15_5-S1#TGCGGACCGATCTTAC-1,5
E15_5-S1#TGCGGACCGCAGGTCC-1,4
E15_5-S1#TGCGGACCGCCATTCT-1,2
E15_5-S1#TGCGGACCGCCGCAAC-1,5
E15_5-S1#TGCGGACCGCGTTGGA-1,5
E15_5-S1#TGCGGACCGCTAACTT-1,11
E15_5-S1#TGCGGACCGGCTGAGC-1,13
E15_5-S1#TGCGGACCGGTACTGC-1,2
E15_5-S1#TGCGGACCGGTATGCT-1,6
E15_5-S1#TGCGGACCTAGAATTA-1,2
E15_5-S1#TGCGGACCTAGAGTAA-1,4
E15_5-S1#TGCGGACCTAGATCTA-1,5
E15_5-S1#TGCGGACCTCCGGCCT-1,8
E15_5-S1#TGCGGACCTCCTACCA-1,5
E15_5-S1#TGCGGACCTCGGCCTT-1,3
E15_5-S1#TGCGGACCTGAGTCTG-1,5
E15_5-S1#TGCGGACCTGCCGGCA-1,2
E15_5-S1#TGCGGACCTGCGGACC-1,5
E15_5-S1#TGCGGACCTGGTCAGC-1,2
E15_5-S1#TGCGGACCTTACCGAG-1,2
E15_5-S1#TGCGGACCTTATCCGG-1,2
E15_5-S1#TGCGGACCTTATTCAT-1,5
E15_5-S1#TGCGGACCTTGACTTC-1,2
E15_5-S1#TGGTCAGCAAGAAGCT-1,8
E15_5-S1#TGGTCAGCAATTAAGA-1,3
E15_5-S1#TGGTCAGCACCGCCAA-1,13
E15_5-S1#TGGTCAGCACGGAGGC-1,5
E15_5-S1#TGGTCAGCACTATGCA-1,4
E15_5-S1#TGGTCAGCACTCAATA-1,3
E15_5-S1#TGGTCAGCACTTAACC-1,4
E15_5-S1#TGGTCAGCAGAACGTC-1,4
E15_5-S1#TGGTCAGCAGAGCTAT-1,3
E15_5-S1#TGGTCAGCATAAGGAG-1,13
E15_5-S1#TGGTCAGCATCATATT-1,4
E15_5-S1#TGGTCAGCCAACCGCT-1,4
E15_5-S1#TGGTCAGCCCAGTTCC-1,6
E15_5-S1#TGGTCAGCCCGAGAAT-1,2
E15_5-S1#TGGTCAGCCCGATTCC-1,13
E15_5-S1#TGGTCAGCCGAACGCC-1,13
E15_5-S1#TGGTCAGCCGACGCGA-1,4
E15_5-S1#TGGTCAGCCTAAGAGA-1,3
E15_5-S1#TGGTCAGCCTGATGGT-1,3
E15_5-S1#TGGTCAGCCTTGCGCC-1,3
E15_5-S1#TGGTCAGCGAAGATCG-1,11
E15_5-S1#TGGTCAGCGACCTTGA-1,4
E15_5-S1#TGGTCAGCGATACGGA-1,4
E15_5-S1#TGGTCAGCGATCTTAC-1,3
E15_5-S1#TGGTCAGCGCAGGTCC-1,6
E15_5-S1#TGGTCAGCGCCATTCT-1,3
E15_5-S1#TGGTCAGCGCCGCAAC-1,2
E15_5-S1#TGGTCAGCGCGTTGGA-1,3
E15_5-S1#TGGTCAGCGGCTGAGC-1,13
E15_5-S1#TGGTCAGCGGTACTGC-1,4
E15_5-S1#TGGTCAGCTAGAATTA-1,4
E15_5-S1#TGGTCAGCTAGAGTAA-1,4
E15_5-S1#TGGTCAGCTAGATCTA-1,3
E15_5-S1#TGGTCAGCTCCTACCA-1,3
E15_5-S1#TGGTCAGCTCGGCCTT-1,6
E15_5-S1#TGGTCAGCTCTGATAC-1,8
E15_5-S1#TGGTCAGCTGAGTCTG-1,2
E15_5-S1#TGGTCAGCTGCCGGCA-1,3
E15_5-S1#TGGTCAGCTGCGGACC-1,2
E15_5-S1#TGGTCAGCTGGTCAGC-1,4
E15_5-S1#TGGTCAGCTTACCGAG-1,3
E15_5-S1#TGGTCAGCTTATCCGG-1,4
E15_5-S1#TGGTCAGCTTATTCAT-1,3
E15_5-S1#TGGTCAGCTTGACTTC-1,3
E15_5-S1#TTACCGAGAAGAAGCT-1,8
E15_5-S1#TTACCGAGAATTAAGA-1,2
E15_5-S1#TTACCGAGACCGCCAA-1,13
E15_5-S1#TTACCGAGACGGAGGC-1,3
E15_5-S1#TTACCGAGACTATGCA-1,3
E15_5-S1#TTACCGAGACTCAATA-1,3
E15_5-S1#TTACCGAGACTTAACC-1,6
E15_5-S1#TTACCGAGAGAACGTC-1,8
E15_5-S1#TTACCGAGAGAGAAGG-1,11
E15_5-S1#TTACCGAGAGAGCTAT-1,3
E15_5-S1#TTACCGAGATAAGGAG-1,13
E15_5-S1#TTACCGAGATCATATT-1,4
E15_5-S1#TTACCGAGCAACCGCT-1,4
E15_5-S1#TTACCGAGCCAGTTCC-1,6
E15_5-S1#TTACCGAGCCGAGAAT-1,2
E15_5-S1#TTACCGAGCCGATTCC-1,13
E15_5-S1#TTACCGAGCGAACGCC-1,13
E15_5-S1#TTACCGAGCGACGCGA-1,3
E15_5-S1#TTACCGAGCTAAGAGA-1,3
E15_5-S1#TTACCGAGCTGATGGT-1,2
E15_5-S1#TTACCGAGCTTGCGCC-1,3
E15_5-S1#TTACCGAGGAAGATCG-1,8
E15_5-S1#TTACCGAGGACCTTGA-1,4
E15_5-S1#TTACCGAGGATACGGA-1,3
E15_5-S1#TTACCGAGGATCTTAC-1,2
E15_5-S1#TTACCGAGGCAGGTCC-1,4
E15_5-S1#TTACCGAGGCCATTCT-1,3
E15_5-S1#TTACCGAGGCCGCAAC-1,2
E15_5-S1#TTACCGAGGCGTTGGA-1,3
E15_5-S1#TTACCGAGGGCTGAGC-1,13
E15_5-S1#TTACCGAGGGTACTGC-1,3
E15_5-S1#TTACCGAGTAGAATTA-1,3
E15_5-S1#TTACCGAGTAGAGTAA-1,4
E15_5-S1#TTACCGAGTAGATCTA-1,3
E15_5-S1#TTACCGAGTCCGGCCT-1,8
E15_5-S1#TTACCGAGTCCTACCA-1,3
E15_5-S1#TTACCGAGTCGGCCTT-1,8
E15_5-S1#TTACCGAGTCTGATAC-1,8
E15_5-S1#TTACCGAGTGAGTCTG-1,3
E15_5-S1#TTACCGAGTGCCGGCA-1,2
E15_5-S1#TTACCGAGTGCGGACC-1,3
E15_5-S1#TTACCGAGTGGTCAGC-1,4
E15_5-S1#TTACCGAGTTACCGAG-1,3
E15_5-S1#TTACCGAGTTATCCGG-1,3
E15_5-S1#TTACCGAGTTATTCAT-1,2
E15_5-S1#TTACCGAGTTGACTTC-1,3
E15_5-S1#TTATCCGGAATTAAGA-1,3
E15_5-S1#TTATCCGGACCGCCAA-1,6
E15_5-S1#TTATCCGGACGGAGGC-1,3
E15_5-S1#TTATCCGGACTATGCA-1,6
E15_5-S1#TTATCCGGACTCAATA-1,3
E15_5-S1#TTATCCGGACTTAACC-1,4
E15_5-S1#TTATCCGGAGAACGTC-1,2
E15_5-S1#TTATCCGGAGAGCTAT-1,2
E15_5-S1#TTATCCGGATAAGGAG-1,13
E15_5-S1#TTATCCGGATCATATT-1,4
E15_5-S1#TTATCCGGCAACCGCT-1,4
E15_5-S1#TTATCCGGCCAGTTCC-1,6
E15_5-S1#TTATCCGGCCGATTCC-1,6
E15_5-S1#TTATCCGGCGAACGCC-1,13
E15_5-S1#TTATCCGGCGACGCGA-1,6
E15_5-S1#TTATCCGGCTAAGAGA-1,3
E15_5-S1#TTATCCGGCTTGCGCC-1,2
E15_5-S1#TTATCCGGGACCTTGA-1,4
E15_5-S1#TTATCCGGGATACGGA-1,8
E15_5-S1#TTATCCGGGCAGGTCC-1,3
E15_5-S1#TTATCCGGGCCATTCT-1,2
E15_5-S1#TTATCCGGGGCTGAGC-1,13
E15_5-S1#TTATCCGGGGTACTGC-1,2
E15_5-S1#TTATCCGGTAGAATTA-1,2
E15_5-S1#TTATCCGGTAGAGTAA-1,3
E15_5-S1#TTATCCGGTAGATCTA-1,3
E15_5-S1#TTATCCGGTCCTACCA-1,3
E15_5-S1#TTATCCGGTCGGCCTT-1,2
E15_5-S1#TTATCCGGTGCCGGCA-1,3
E15_5-S1#TTATCCGGTGGTCAGC-1,4
E15_5-S1#TTATCCGGTTACCGAG-1,2
E15_5-S1#TTATCCGGTTATTCAT-1,3
E15_5-S1#TTATCCGGTTGACTTC-1,2
E15_5-S1#TTATTCATAAGAAGCT-1,8
E15_5-S1#TTATTCATAATTAAGA-1,5
E15_5-S1#TTATTCATACCGCCAA-1,13
E15_5-S1#TTATTCATACGGAGGC-1,5
E15_5-S1#TTATTCATACTATGCA-1,2
E15_5-S1#TTATTCATACTCAATA-1,3
E15_5-S1#TTATTCATACTTAACC-1,6
E15_5-S1#TTATTCATAGAACGTC-1,3
E15_5-S1#TTATTCATAGAGAAGG-1,8
E15_5-S1#TTATTCATAGAGCTAT-1,3
E15_5-S1#TTATTCATATAAGGAG-1,13
E15_5-S1#TTATTCATATCATATT-1,2
E15_5-S1#TTATTCATCAACCGCT-1,6
E15_5-S1#TTATTCATCATACTCC-1,8
E15_5-S1#TTATTCATCCAGTTCC-1,13
E15_5-S1#TTATTCATCCGAGAAT-1,5
E15_5-S1#TTATTCATCCGATTCC-1,13
E15_5-S1#TTATTCATCGAACGCC-1,13
E15_5-S1#TTATTCATCGACGCGA-1,2
E15_5-S1#TTATTCATCTAAGAGA-1,3
E15_5-S1#TTATTCATCTGATGGT-1,5
E15_5-S1#TTATTCATCTTGCGCC-1,8
E15_5-S1#TTATTCATGAAGATCG-1,8
E15_5-S1#TTATTCATGACCTTGA-1,4
E15_5-S1#TTATTCATGATACGGA-1,2
E15_5-S1#TTATTCATGATCTTAC-1,5
E15_5-S1#TTATTCATGCAGGTCC-1,4
E15_5-S1#TTATTCATGCCATTCT-1,2
E15_5-S1#TTATTCATGCCGCAAC-1,5
E15_5-S1#TTATTCATGCGTTGGA-1,5
E15_5-S1#TTATTCATGCTAACTT-1,8
E15_5-S1#TTATTCATGGCTGAGC-1,13
E15_5-S1#TTATTCATGGTACTGC-1,3
E15_5-S1#TTATTCATTAGAATTA-1,3
E15_5-S1#TTATTCATTAGAGTAA-1,4
E15_5-S1#TTATTCATTAGATCTA-1,5
E15_5-S1#TTATTCATTCCGGCCT-1,8
E15_5-S1#TTATTCATTCCTACCA-1,2
E15_5-S1#TTATTCATTCGGCCTT-1,4
E15_5-S1#TTATTCATTCTGATAC-1,3
E15_5-S1#TTATTCATTGAGTCTG-1,5
E15_5-S1#TTATTCATTGCCGGCA-1,5
E15_5-S1#TTATTCATTGCGGACC-1,5
E15_5-S1#TTATTCATTGGTCAGC-1,2
E15_5-S1#TTATTCATTTACCGAG-1,5
E15_5-S1#TTATTCATTTATCCGG-1,2
E15_5-S1#TTATTCATTTATTCAT-1,2
E15_5-S1#TTATTCATTTGACTTC-1,2
E15_5-S1#TTGACTTCAACCTGCG-1,8
E15_5-S1#TTGACTTCAATTAAGA-1,2
E15_5-S1#TTGACTTCACCGCCAA-1,6
E15_5-S1#TTGACTTCACGGAGGC-1,2
E15_5-S1#TTGACTTCACTATGCA-1,2
E15_5-S1#TTGACTTCACTCAATA-1,2
E15_5-S1#TTGACTTCACTTAACC-1,6
E15_5-S1#TTGACTTCAGAACGTC-1,6
E15_5-S1#TTGACTTCAGAGCTAT-1,2
E15_5-S1#TTGACTTCATAAGGAG-1,12
E15_5-S1#TTGACTTCATCATATT-1,5
E15_5-S1#TTGACTTCCAACCGCT-1,6
E15_5-S1#TTGACTTCCCAGTTCC-1,6
E15_5-S1#TTGACTTCCCGAGAAT-1,5
E15_5-S1#TTGACTTCCCGATTCC-1,6
E15_5-S1#TTGACTTCCGAACGCC-1,12
E15_5-S1#TTGACTTCCGACGCGA-1,2
E15_5-S1#TTGACTTCCTAAGAGA-1,2
E15_5-S1#TTGACTTCCTGATGGT-1,5
E15_5-S1#TTGACTTCCTTGCGCC-1,4
E15_5-S1#TTGACTTCGACCTTGA-1,6
E15_5-S1#TTGACTTCGATACGGA-1,2
E15_5-S1#TTGACTTCGATCTTAC-1,2
E15_5-S1#TTGACTTCGCAGGTCC-1,6
E15_5-S1#TTGACTTCGCCATTCT-1,3
E15_5-S1#TTGACTTCGCCGCAAC-1,5
E15_5-S1#TTGACTTCGCGTTGGA-1,2
E15_5-S1#TTGACTTCGCTAACTT-1,3
E15_5-S1#TTGACTTCGGCTGAGC-1,12
E15_5-S1#TTGACTTCGGTACTGC-1,3
E15_5-S1#TTGACTTCGGTATGCT-1,3
E15_5-S1#TTGACTTCTAGAATTA-1,3
E15_5-S1#TTGACTTCTAGAGTAA-1,6
E15_5-S1#TTGACTTCTAGATCTA-1,3
E15_5-S1#TTGACTTCTCCTACCA-1,2
E15_5-S1#TTGACTTCTCGGCCTT-1,6
E15_5-S1#TTGACTTCTGAGTCTG-1,2
E15_5-S1#TTGACTTCTGCCGGCA-1,5
E15_5-S1#TTGACTTCTGCGGACC-1,2
E15_5-S1#TTGACTTCTGGTCAGC-1,5
E15_5-S1#TTGACTTCTTACCGAG-1,5
E15_5-S1#TTGACTTCTTATCCGG-1,8
E15_5-S1#TTGACTTCTTATTCAT-1,2
E15_5-S1#TTGACTTCTTGACTTC-1,3
